// FusionSpace mark logo, 240 x 240, RGB565 on Void (0x0863). Generated by tools/build/kit_targets.py.
#pragma once
#include <stdint.h>
#ifndef PROGMEM
#define PROGMEM
#endif
#define FS_LOGO_TFT_240X240_ROUND_W 240
#define FS_LOGO_TFT_240X240_ROUND_H 240

const uint16_t fs_logo_tft_240x240_round_rgb565[57600] PROGMEM = {
  0x0863, 0x0863, 0x0863, 0x0863, 0x0863, 0x0863, 0x0863, 0x0863, 0x0863, 0x0863, 0x0863, 0x0863,
  0x0863, 0x0863, 0x0863, 0x0863, 0x0863, 0x0863, 0x0863, 0x0863, 0x0863, 0x0863, 0x0863, 0x0863,
  0x0863, 0x0863, 0x0863, 0x0863, 0x0863, 0x0863, 0x0863, 0x0863, 0x0863, 0x0863, 0x0863, 0x0863,
  0x0863, 0x0863, 0x0863, 0x0863, 0x0863, 0x0863, 0x0863, 0x0863, 0x0863, 0x0863, 0x0863, 0x0863,
  0x0863, 0x0863, 0x0863, 0x0863, 0x0863, 0x0863, 0x0863, 0x0863, 0x0863, 0x0863, 0x0863, 0x0863,
  0x0863, 0x0863, 0x0863, 0x0863, 0x0863, 0x0863, 0x0863, 0x0863, 0x0863, 0x0863, 0x0863, 0x0863,
  0x0863, 0x0863, 0x0863, 0x0863, 0x0863, 0x0863, 0x0863, 0x0863, 0x0863, 0x0863, 0x0863, 0x0863,
  0x0863, 0x0863, 0x0863, 0x0863, 0x0863, 0x0863, 0x0863, 0x0863, 0x0863, 0x0863, 0x0863, 0x0863,
  0x0863, 0x0863, 0x0863, 0x0863, 0x0863, 0x0863, 0x0863, 0x0863, 0x0863, 0x0863, 0x0863, 0x0863,
  0x0863, 0x0863, 0x0863, 0x0863, 0x0863, 0x0863, 0x0863, 0x0863, 0x0863, 0x0863, 0x0863, 0x0863,
  0x0863, 0x0863, 0x0863, 0x0863, 0x0863, 0x0863, 0x0863, 0x0863, 0x0863, 0x0863, 0x0863, 0x0863,
  0x0863, 0x0863, 0x0863, 0x0863, 0x0863, 0x0863, 0x0863, 0x0863, 0x0863, 0x0863, 0x0863, 0x0863,
  0x0863, 0x0863, 0x0863, 0x0863, 0x0863, 0x0863, 0x0863, 0x0863, 0x0863, 0x0863, 0x0863, 0x0863,
  0x0863, 0x0863, 0x0863, 0x0863, 0x0863, 0x0863, 0x0863, 0x0863, 0x0863, 0x0863, 0x0863, 0x0863,
  0x0863, 0x0863, 0x0863, 0x0863, 0x0863, 0x0863, 0x0863, 0x0863, 0x0863, 0x0863, 0x0863, 0x0863,
  0x0863, 0x0863, 0x0863, 0x0863, 0x0863, 0x0863, 0x0863, 0x0863, 0x0863, 0x0863, 0x0863, 0x0863,
  0x0863, 0x0863, 0x0863, 0x0863, 0x0863, 0x0863, 0x0863, 0x0863, 0x0863, 0x0863, 0x0863, 0x0863,
  0x0863, 0x0863, 0x0863, 0x0863, 0x0863, 0x0863, 0x0863, 0x0863, 0x0863, 0x0863, 0x0863, 0x0863,
  0x0863, 0x0863, 0x0863, 0x0863, 0x0863, 0x0863, 0x0863, 0x0863, 0x0863, 0x0863, 0x0863, 0x0863,
  0x0863, 0x0863, 0x0863, 0x0863, 0x0863, 0x0863, 0x0863, 0x0863, 0x0863, 0x0863, 0x0863, 0x0863,
  0x0863, 0x0863, 0x0863, 0x0863, 0x0863, 0x0863, 0x0863, 0x0863, 0x0863, 0x0863, 0x0863, 0x0863,
  0x0863, 0x0863, 0x0863, 0x0863, 0x0863, 0x0863, 0x0863, 0x0863, 0x0863, 0x0863, 0x0863, 0x0863,
  0x0863, 0x0863, 0x0863, 0x0863, 0x0863, 0x0863, 0x0863, 0x0863, 0x0863, 0x0863, 0x0863, 0x0863,
  0x0863, 0x0863, 0x0863, 0x0863, 0x0863, 0x0863, 0x0863, 0x0863, 0x0863, 0x0863, 0x0863, 0x0863,
  0x0863, 0x0863, 0x0863, 0x0863, 0x0863, 0x0863, 0x0863, 0x0863, 0x0863, 0x0863, 0x0863, 0x0863,
  0x0863, 0x0863, 0x0863, 0x0863, 0x0863, 0x0863, 0x0863, 0x0863, 0x0863, 0x0863, 0x0863, 0x0863,
  0x0863, 0x0863, 0x0863, 0x0863, 0x0863, 0x0863, 0x0863, 0x0863, 0x0863, 0x0863, 0x0863, 0x0863,
  0x0863, 0x0863, 0x0863, 0x0863, 0x0863, 0x0863, 0x0863, 0x0863, 0x0863, 0x0863, 0x0863, 0x0863,
  0x0863, 0x0863, 0x0863, 0x0863, 0x0863, 0x0863, 0x0863, 0x0863, 0x0863, 0x0863, 0x0863, 0x0863,
  0x0863, 0x0863, 0x0863, 0x0863, 0x0863, 0x0863, 0x0863, 0x0863, 0x0863, 0x0863, 0x0863, 0x0863,
  0x0863, 0x0863, 0x0863, 0x0863, 0x0863, 0x0863, 0x0863, 0x0863, 0x0863, 0x0863, 0x0863, 0x0863,
  0x0863, 0x0863, 0x0863, 0x0863, 0x0863, 0x0863, 0x0863, 0x0863, 0x0863, 0x0863, 0x0863, 0x0863,
  0x0863, 0x0863, 0x0863, 0x0863, 0x0863, 0x0863, 0x0863, 0x0863, 0x0863, 0x0863, 0x0863, 0x0863,
  0x0863, 0x0863, 0x0863, 0x0863, 0x0863, 0x0863, 0x0863, 0x0863, 0x0863, 0x0863, 0x0863, 0x0863,
  0x0863, 0x0863, 0x0863, 0x0863, 0x0863, 0x0863, 0x0863, 0x0863, 0x0863, 0x0863, 0x0863, 0x0863,
  0x0863, 0x0863, 0x0863, 0x0863, 0x0863, 0x0863, 0x0863, 0x0863, 0x0863, 0x0863, 0x0863, 0x0863,
  0x0863, 0x0863, 0x0863, 0x0863, 0x0863, 0x0863, 0x0863, 0x0863, 0x0863, 0x0863, 0x0863, 0x0863,
  0x0863, 0x0863, 0x0863, 0x0863, 0x0863, 0x0863, 0x0863, 0x0863, 0x0863, 0x0863, 0x0863, 0x0863,
  0x0863, 0x0863, 0x0863, 0x0863, 0x0863, 0x0863, 0x0863, 0x0863, 0x0863, 0x0863, 0x0863, 0x0863,
  0x0863, 0x0863, 0x0863, 0x0863, 0x0863, 0x0863, 0x0863, 0x0863, 0x0863, 0x0863, 0x0863, 0x0863,
  0x0863, 0x0863, 0x0863, 0x0863, 0x0863, 0x0863, 0x0863, 0x0863, 0x0863, 0x0863, 0x0863, 0x0863,
  0x0863, 0x0863, 0x0863, 0x0863, 0x0863, 0x0863, 0x0863, 0x0863, 0x0863, 0x0863, 0x0863, 0x0863,
  0x0863, 0x0863, 0x0863, 0x0863, 0x0863, 0x0863, 0x0863, 0x0863, 0x0863, 0x0863, 0x0863, 0x0863,
  0x0863, 0x0863, 0x0863, 0x0863, 0x0863, 0x0863, 0x0863, 0x0863, 0x0863, 0x0863, 0x0863, 0x0863,
  0x0863, 0x0863, 0x0863, 0x0863, 0x0863, 0x0863, 0x0863, 0x0863, 0x0863, 0x0863, 0x0863, 0x0863,
  0x0863, 0x0863, 0x0863, 0x0863, 0x0863, 0x0863, 0x0863, 0x0863, 0x0863, 0x0863, 0x0863, 0x0863,
  0x0863, 0x0863, 0x0863, 0x0863, 0x0863, 0x0863, 0x0863, 0x0863, 0x0863, 0x0863, 0x0863, 0x0863,
  0x0863, 0x0863, 0x0863, 0x0863, 0x0863, 0x0863, 0x0863, 0x0863, 0x0863, 0x0863, 0x0863, 0x0863,
  0x0863, 0x0863, 0x0863, 0x0863, 0x0863, 0x0863, 0x0863, 0x0863, 0x0863, 0x0863, 0x0863, 0x0863,
  0x0863, 0x0863, 0x0863, 0x0863, 0x0863, 0x0863, 0x0863, 0x0863, 0x0863, 0x0863, 0x0863, 0x0863,
  0x0863, 0x0863, 0x0863, 0x0863, 0x0863, 0x0863, 0x0863, 0x0863, 0x0863, 0x0863, 0x0863, 0x0863,
  0x0863, 0x0863, 0x0863, 0x0863, 0x0863, 0x0863, 0x0863, 0x0863, 0x0863, 0x0863, 0x0863, 0x0863,
  0x0863, 0x0863, 0x0863, 0x0863, 0x0863, 0x0863, 0x0863, 0x0863, 0x0863, 0x0863, 0x0863, 0x0863,
  0x0863, 0x0863, 0x0863, 0x0863, 0x0863, 0x0863, 0x0863, 0x0863, 0x0863, 0x0863, 0x0863, 0x0863,
  0x0863, 0x0863, 0x0863, 0x0863, 0x0863, 0x0863, 0x0863, 0x0863, 0x0863, 0x0863, 0x0863, 0x0863,
  0x0863, 0x0863, 0x0863, 0x0863, 0x0863, 0x0863, 0x0863, 0x0863, 0x0863, 0x0863, 0x0863, 0x0863,
  0x0863, 0x0863, 0x0863, 0x0863, 0x0863, 0x0863, 0x0863, 0x0863, 0x0863, 0x0863, 0x0863, 0x0863,
  0x0863, 0x0863, 0x0863, 0x0863, 0x0863, 0x0863, 0x0863, 0x0863, 0x0863, 0x0863, 0x0863, 0x0863,
  0x0863, 0x0863, 0x0863, 0x0863, 0x0863, 0x0863, 0x0863, 0x0863, 0x0863, 0x0863, 0x0863, 0x0863,
  0x0863, 0x0863, 0x0863, 0x0863, 0x0863, 0x0863, 0x0863, 0x0863, 0x0863, 0x0863, 0x0863, 0x0863,
  0x0863, 0x0863, 0x0863, 0x0863, 0x0863, 0x0863, 0x0863, 0x0863, 0x0863, 0x0863, 0x0863, 0x0863,
  0x0863, 0x0863, 0x0863, 0x0863, 0x0863, 0x0863, 0x0863, 0x0863, 0x0863, 0x0863, 0x0863, 0x0863,
  0x0863, 0x0863, 0x0863, 0x0863, 0x0863, 0x0863, 0x0863, 0x0863, 0x0863, 0x0863, 0x0863, 0x0863,
  0x0863, 0x0863, 0x0863, 0x0863, 0x0863, 0x0863, 0x0863, 0x0863, 0x0863, 0x0863, 0x0863, 0x0863,
  0x0863, 0x0863, 0x0863, 0x0863, 0x0863, 0x0863, 0x0863, 0x0863, 0x0863, 0x0863, 0x0863, 0x0863,
  0x0863, 0x0863, 0x0863, 0x0863, 0x0863, 0x0863, 0x0863, 0x0863, 0x0863, 0x0863, 0x0863, 0x0863,
  0x0863, 0x0863, 0x0863, 0x0863, 0x0863, 0x0863, 0x0863, 0x0863, 0x0863, 0x0863, 0x0863, 0x0863,
  0x0863, 0x0863, 0x0863, 0x0863, 0x0863, 0x0863, 0x0863, 0x0863, 0x0863, 0x0863, 0x0863, 0x0863,
  0x0863, 0x0863, 0x0863, 0x0863, 0x0863, 0x0863, 0x0863, 0x0863, 0x0863, 0x0863, 0x0863, 0x0863,
  0x0863, 0x0863, 0x0863, 0x0863, 0x0863, 0x0863, 0x0863, 0x0863, 0x0863, 0x0863, 0x0863, 0x0863,
  0x0863, 0x0863, 0x0863, 0x0863, 0x0863, 0x0863, 0x0863, 0x0863, 0x0863, 0x0863, 0x0863, 0x0863,
  0x0863, 0x0863, 0x0863, 0x0863, 0x0863, 0x0863, 0x0863, 0x0863, 0x0863, 0x0863, 0x0863, 0x0863,
  0x0863, 0x0863, 0x0863, 0x0863, 0x0863, 0x0863, 0x0863, 0x0863, 0x0863, 0x0863, 0x0863, 0x0863,
  0x0863, 0x0863, 0x0863, 0x0863, 0x0863, 0x0863, 0x0863, 0x0863, 0x0863, 0x0863, 0x0863, 0x0863,
  0x0863, 0x0863, 0x0863, 0x0863, 0x0863, 0x0863, 0x0863, 0x0863, 0x0863, 0x0863, 0x0863, 0x0863,
  0x0863, 0x0863, 0x0863, 0x0863, 0x0863, 0x0863, 0x0863, 0x0863, 0x0863, 0x0863, 0x0863, 0x0863,
  0x0863, 0x0863, 0x0863, 0x0863, 0x0863, 0x0863, 0x0863, 0x0863, 0x0863, 0x0863, 0x0863, 0x0863,
  0x0863, 0x0863, 0x0863, 0x0863, 0x0863, 0x0863, 0x0863, 0x0863, 0x0863, 0x0863, 0x0863, 0x0863,
  0x0863, 0x0863, 0x0863, 0x0863, 0x0863, 0x0863, 0x0863, 0x0863, 0x0863, 0x0863, 0x0863, 0x0863,
  0x0863, 0x0863, 0x0863, 0x0863, 0x0863, 0x0863, 0x0863, 0x0863, 0x0863, 0x0863, 0x0863, 0x0863,
  0x0863, 0x0863, 0x0863, 0x0863, 0x0863, 0x0863, 0x0863, 0x0863, 0x0863, 0x0863, 0x0863, 0x0863,
  0x0863, 0x0863, 0x0863, 0x0863, 0x0863, 0x0863, 0x0863, 0x0863, 0x0863, 0x0863, 0x0863, 0x0863,
  0x0863, 0x0863, 0x0863, 0x0863, 0x0863, 0x0863, 0x0863, 0x0863, 0x0863, 0x0863, 0x0863, 0x0863,
  0x0863, 0x0863, 0x0863, 0x0863, 0x0863, 0x0863, 0x0863, 0x0863, 0x0863, 0x0863, 0x0863, 0x0863,
  0x0863, 0x0863, 0x0863, 0x0863, 0x0863, 0x0863, 0x0863, 0x0863, 0x0863, 0x0863, 0x0863, 0x0863,
  0x0863, 0x0863, 0x0863, 0x0863, 0x0863, 0x0863, 0x0863, 0x0863, 0x0863, 0x0863, 0x0863, 0x0863,
  0x0863, 0x0863, 0x0863, 0x0863, 0x0863, 0x0863, 0x0863, 0x0863, 0x0863, 0x0863, 0x0863, 0x0863,
  0x0863, 0x0863, 0x0863, 0x0863, 0x0863, 0x0863, 0x0863, 0x0863, 0x0863, 0x0863, 0x0863, 0x0863,
  0x0863, 0x0863, 0x0863, 0x0863, 0x0863, 0x0863, 0x0863, 0x0863, 0x0863, 0x0863, 0x0863, 0x0863,
  0x0863, 0x0863, 0x0863, 0x0863, 0x0863, 0x0863, 0x0863, 0x0863, 0x0863, 0x0863, 0x0863, 0x0863,
  0x0863, 0x0863, 0x0863, 0x0863, 0x0863, 0x0863, 0x0863, 0x0863, 0x0863, 0x0863, 0x0863, 0x0863,
  0x0863, 0x0863, 0x0863, 0x0863, 0x0863, 0x0863, 0x0863, 0x0863, 0x0863, 0x0863, 0x0863, 0x0863,
  0x0863, 0x0863, 0x0863, 0x0863, 0x0863, 0x0863, 0x0863, 0x0863, 0x0863, 0x0863, 0x0863, 0x0863,
  0x0863, 0x0863, 0x0863, 0x0863, 0x0863, 0x0863, 0x0863, 0x0863, 0x0863, 0x0863, 0x0863, 0x0863,
  0x0863, 0x0863, 0x0863, 0x0863, 0x0863, 0x0863, 0x0863, 0x0863, 0x0863, 0x0863, 0x0863, 0x0863,
  0x0863, 0x0863, 0x0863, 0x0863, 0x0863, 0x0863, 0x0863, 0x0863, 0x0863, 0x0863, 0x0863, 0x0863,
  0x0863, 0x0863, 0x0863, 0x0863, 0x0863, 0x0863, 0x0863, 0x0863, 0x0863, 0x0863, 0x0863, 0x0863,
  0x0863, 0x0863, 0x0863, 0x0863, 0x0863, 0x0863, 0x0863, 0x0863, 0x0863, 0x0863, 0x0863, 0x0863,
  0x0863, 0x0863, 0x0863, 0x0863, 0x0863, 0x0863, 0x0863, 0x0863, 0x0863, 0x0863, 0x0863, 0x0863,
  0x0863, 0x0863, 0x0863, 0x0863, 0x0863, 0x0863, 0x0863, 0x0863, 0x0863, 0x0863, 0x0863, 0x0863,
  0x0863, 0x0863, 0x0863, 0x0863, 0x0863, 0x0863, 0x0863, 0x0863, 0x0863, 0x0863, 0x0863, 0x0863,
  0x0863, 0x0863, 0x0863, 0x0863, 0x0863, 0x0863, 0x0863, 0x0863, 0x0863, 0x0863, 0x0863, 0x0863,
  0x0863, 0x0863, 0x0863, 0x0863, 0x0863, 0x0863, 0x0863, 0x0863, 0x0863, 0x0863, 0x0863, 0x0863,
  0x0863, 0x0863, 0x0863, 0x0863, 0x0863, 0x0863, 0x0863, 0x0863, 0x0863, 0x0863, 0x0863, 0x0863,
  0x0863, 0x0863, 0x0863, 0x0863, 0x0863, 0x0863, 0x0863, 0x0863, 0x0863, 0x0863, 0x0863, 0x0863,
  0x0863, 0x0863, 0x0863, 0x0863, 0x0863, 0x0863, 0x0863, 0x0863, 0x0863, 0x0863, 0x0863, 0x0863,
  0x0863, 0x0863, 0x0863, 0x0863, 0x0863, 0x0863, 0x0863, 0x0863, 0x0863, 0x0863, 0x0863, 0x0863,
  0x0863, 0x0863, 0x0863, 0x0863, 0x0863, 0x0863, 0x0863, 0x0863, 0x0863, 0x0863, 0x0863, 0x0863,
  0x0863, 0x0863, 0x0863, 0x0863, 0x0863, 0x0863, 0x0863, 0x0863, 0x0863, 0x0863, 0x0863, 0x0863,
  0x0863, 0x0863, 0x0863, 0x0863, 0x0863, 0x0863, 0x0863, 0x0863, 0x0863, 0x0863, 0x0863, 0x0863,
  0x0863, 0x0863, 0x0863, 0x0863, 0x0863, 0x0863, 0x0863, 0x0863, 0x0863, 0x0863, 0x0863, 0x0863,
  0x0863, 0x0863, 0x0863, 0x0863, 0x0863, 0x0863, 0x0863, 0x0863, 0x0863, 0x0863, 0x0863, 0x0863,
  0x0863, 0x0863, 0x0863, 0x0863, 0x0863, 0x0863, 0x0863, 0x0863, 0x0863, 0x0863, 0x0863, 0x0863,
  0x0863, 0x0863, 0x0863, 0x0863, 0x0863, 0x0863, 0x0863, 0x0863, 0x0863, 0x0863, 0x0863, 0x0863,
  0x0863, 0x0863, 0x0863, 0x0863, 0x0863, 0x0863, 0x0863, 0x0863, 0x0863, 0x0863, 0x0863, 0x0863,
  0x0863, 0x0863, 0x0863, 0x0863, 0x0863, 0x0863, 0x0863, 0x0863, 0x0863, 0x0863, 0x0863, 0x0863,
  0x0863, 0x0863, 0x0863, 0x0863, 0x0863, 0x0863, 0x0863, 0x0863, 0x0863, 0x0863, 0x0863, 0x0863,
  0x0863, 0x0863, 0x0863, 0x0863, 0x0863, 0x0863, 0x0863, 0x0863, 0x0863, 0x0863, 0x0863, 0x0863,
  0x0863, 0x0863, 0x0863, 0x0863, 0x0863, 0x0863, 0x0863, 0x0863, 0x0863, 0x0863, 0x0863, 0x0863,
  0x0863, 0x0863, 0x0863, 0x0863, 0x0863, 0x0863, 0x0863, 0x0863, 0x0863, 0x0863, 0x0863, 0x0863,
  0x0863, 0x0863, 0x0863, 0x0863, 0x0863, 0x0863, 0x0863, 0x0863, 0x0863, 0x0863, 0x0863, 0x0863,
  0x0863, 0x0863, 0x0863, 0x0863, 0x0863, 0x0863, 0x0863, 0x0863, 0x0863, 0x0863, 0x0863, 0x0863,
  0x0863, 0x0863, 0x0863, 0x0863, 0x0863, 0x0863, 0x0863, 0x0863, 0x0863, 0x0863, 0x0863, 0x0863,
  0x0863, 0x0863, 0x0863, 0x0863, 0x0863, 0x0863, 0x0863, 0x0863, 0x0863, 0x0863, 0x0863, 0x0863,
  0x0863, 0x0863, 0x0863, 0x0863, 0x0863, 0x0863, 0x0863, 0x0863, 0x0863, 0x0863, 0x0863, 0x0863,
  0x0863, 0x0863, 0x0863, 0x0863, 0x0863, 0x0863, 0x0863, 0x0863, 0x0863, 0x0863, 0x0863, 0x0863,
  0x0863, 0x0863, 0x0863, 0x0863, 0x0863, 0x0863, 0x0863, 0x0863, 0x0863, 0x0863, 0x0863, 0x0863,
  0x0863, 0x0863, 0x0863, 0x0863, 0x0863, 0x0863, 0x0863, 0x0863, 0x0863, 0x0863, 0x0863, 0x0863,
  0x0863, 0x0863, 0x0863, 0x0863, 0x0863, 0x0863, 0x0863, 0x0863, 0x0863, 0x0863, 0x0863, 0x0863,
  0x0863, 0x0863, 0x0863, 0x0863, 0x0863, 0x0863, 0x0863, 0x0863, 0x0863, 0x0863, 0x0863, 0x0863,
  0x0863, 0x0863, 0x0863, 0x0863, 0x0863, 0x0863, 0x0863, 0x0863, 0x0863, 0x0863, 0x0863, 0x0863,
  0x0863, 0x0863, 0x0863, 0x0863, 0x0863, 0x0863, 0x0863, 0x0863, 0x0863, 0x0863, 0x0863, 0x0863,
  0x0863, 0x0863, 0x0863, 0x0863, 0x0863, 0x0863, 0x0863, 0x0863, 0x0863, 0x0863, 0x0863, 0x0863,
  0x0863, 0x0863, 0x0863, 0x0863, 0x0863, 0x0863, 0x0863, 0x0863, 0x0863, 0x0863, 0x0863, 0x0863,
  0x0863, 0x0863, 0x0863, 0x0863, 0x0863, 0x0863, 0x0863, 0x0863, 0x0863, 0x0863, 0x0863, 0x0863,
  0x0863, 0x0863, 0x0863, 0x0863, 0x0863, 0x0863, 0x0863, 0x0863, 0x0863, 0x0863, 0x0863, 0x0863,
  0x0863, 0x0863, 0x0863, 0x0863, 0x0863, 0x0863, 0x0863, 0x0863, 0x0863, 0x0863, 0x0863, 0x0863,
  0x0863, 0x0863, 0x0863, 0x0863, 0x0863, 0x0863, 0x0863, 0x0863, 0x0863, 0x0863, 0x0863, 0x0863,
  0x0863, 0x0863, 0x0863, 0x0863, 0x0863, 0x0863, 0x0863, 0x0863, 0x0863, 0x0863, 0x0863, 0x0863,
  0x0863, 0x0863, 0x0863, 0x0863, 0x0863, 0x0863, 0x0863, 0x0863, 0x0863, 0x0863, 0x0863, 0x0863,
  0x0863, 0x0863, 0x0863, 0x0863, 0x0863, 0x0863, 0x0863, 0x0863, 0x0863, 0x0863, 0x0863, 0x0863,
  0x0863, 0x0863, 0x0863, 0x0863, 0x0863, 0x0863, 0x0863, 0x0863, 0x0863, 0x0863, 0x0863, 0x0863,
  0x0863, 0x0863, 0x0863, 0x0863, 0x0863, 0x0863, 0x0863, 0x0863, 0x0863, 0x0863, 0x0863, 0x0863,
  0x0863, 0x0863, 0x0863, 0x0863, 0x0863, 0x0863, 0x0863, 0x0863, 0x0863, 0x0863, 0x0863, 0x0863,
  0x0863, 0x0863, 0x0863, 0x0863, 0x0863, 0x0863, 0x0863, 0x0863, 0x0863, 0x0863, 0x0863, 0x0863,
  0x0863, 0x0863, 0x0863, 0x0863, 0x0863, 0x0863, 0x0863, 0x0863, 0x0863, 0x0863, 0x0863, 0x0863,
  0x0863, 0x0863, 0x0863, 0x0863, 0x0863, 0x0863, 0x0863, 0x0863, 0x0863, 0x0863, 0x0863, 0x0863,
  0x0863, 0x0863, 0x0863, 0x0863, 0x0863, 0x0863, 0x0863, 0x0863, 0x0863, 0x0863, 0x0863, 0x0863,
  0x0863, 0x0863, 0x0863, 0x0863, 0x0863, 0x0863, 0x0863, 0x0863, 0x0863, 0x0863, 0x0863, 0x0863,
  0x0863, 0x0863, 0x0863, 0x0863, 0x0863, 0x0863, 0x0863, 0x0863, 0x0863, 0x0863, 0x0863, 0x0863,
  0x0863, 0x0863, 0x0863, 0x0863, 0x0863, 0x0863, 0x0863, 0x0863, 0x0863, 0x0863, 0x0863, 0x0863,
  0x0863, 0x0863, 0x0863, 0x0863, 0x0863, 0x0863, 0x0863, 0x0863, 0x0863, 0x0863, 0x0863, 0x0863,
  0x0863, 0x0863, 0x0863, 0x0863, 0x0863, 0x0863, 0x0863, 0x0863, 0x0863, 0x0863, 0x0863, 0x0863,
  0x0863, 0x0863, 0x0863, 0x0863, 0x0863, 0x0863, 0x0863, 0x0863, 0x0863, 0x0863, 0x0863, 0x0863,
  0x0863, 0x0863, 0x0863, 0x0863, 0x0863, 0x0863, 0x0863, 0x0863, 0x0863, 0x0863, 0x0863, 0x0863,
  0x0863, 0x0863, 0x0863, 0x0863, 0x0863, 0x0863, 0x0863, 0x0863, 0x0863, 0x0863, 0x0863, 0x0863,
  0x0863, 0x0863, 0x0863, 0x0863, 0x0863, 0x0863, 0x0863, 0x0863, 0x0863, 0x0863, 0x0863, 0x0863,
  0x0863, 0x0863, 0x0863, 0x0863, 0x0863, 0x0863, 0x0863, 0x0863, 0x0863, 0x0863, 0x0863, 0x0863,
  0x0863, 0x0863, 0x0863, 0x0863, 0x0863, 0x0863, 0x0863, 0x0863, 0x0863, 0x0863, 0x0863, 0x0863,
  0x0863, 0x0863, 0x0863, 0x0863, 0x0863, 0x0863, 0x0863, 0x0863, 0x0863, 0x0863, 0x0863, 0x0863,
  0x0863, 0x0863, 0x0863, 0x0863, 0x0863, 0x0863, 0x0863, 0x0863, 0x0863, 0x0863, 0x0863, 0x0863,
  0x0863, 0x0863, 0x0863, 0x0863, 0x0863, 0x0863, 0x0863, 0x0863, 0x0863, 0x0863, 0x0863, 0x0863,
  0x0863, 0x0863, 0x0863, 0x0863, 0x0863, 0x0863, 0x0863, 0x0863, 0x0863, 0x0863, 0x0863, 0x0863,
  0x0863, 0x0863, 0x0863, 0x0863, 0x0863, 0x0863, 0x0863, 0x0863, 0x0863, 0x0863, 0x0863, 0x0863,
  0x0863, 0x0863, 0x0863, 0x0863, 0x0863, 0x0863, 0x0863, 0x0863, 0x0863, 0x0863, 0x0863, 0x0863,
  0x0863, 0x0863, 0x0863, 0x0863, 0x0863, 0x0863, 0x0863, 0x0863, 0x0863, 0x0863, 0x0863, 0x0863,
  0x0863, 0x0863, 0x0863, 0x0863, 0x0863, 0x0863, 0x0863, 0x0863, 0x0863, 0x0863, 0x0863, 0x0863,
  0x0863, 0x0863, 0x0863, 0x0863, 0x0863, 0x0863, 0x0863, 0x0863, 0x0863, 0x0863, 0x0863, 0x0863,
  0x0863, 0x0863, 0x0863, 0x0863, 0x0863, 0x0863, 0x0863, 0x0863, 0x0863, 0x0863, 0x0863, 0x0863,
  0x0863, 0x0863, 0x0863, 0x0863, 0x0863, 0x0863, 0x0863, 0x0863, 0x0863, 0x0863, 0x0863, 0x0863,
  0x0863, 0x0863, 0x0863, 0x0863, 0x0863, 0x0863, 0x0863, 0x0863, 0x0863, 0x0863, 0x0863, 0x0863,
  0x0863, 0x0863, 0x0863, 0x0863, 0x0863, 0x0863, 0x0863, 0x0863, 0x0863, 0x0863, 0x0863, 0x0863,
  0x0863, 0x0863, 0x0863, 0x0863, 0x0863, 0x0863, 0x0863, 0x0863, 0x0863, 0x0863, 0x0863, 0x0863,
  0x0863, 0x0863, 0x0863, 0x0863, 0x0863, 0x0863, 0x0863, 0x0863, 0x0863, 0x0863, 0x0863, 0x0863,
  0x0863, 0x0863, 0x0863, 0x0863, 0x0863, 0x0863, 0x0863, 0x0863, 0x0863, 0x0863, 0x0863, 0x0863,
  0x0863, 0x0863, 0x0863, 0x0863, 0x0863, 0x0863, 0x0863, 0x0863, 0x0863, 0x0863, 0x0863, 0x0863,
  0x0863, 0x0863, 0x0863, 0x0863, 0x0863, 0x0863, 0x0863, 0x0863, 0x0863, 0x0863, 0x0863, 0x0863,
  0x0863, 0x0863, 0x0863, 0x0863, 0x0863, 0x0863, 0x0863, 0x0863, 0x0863, 0x0863, 0x0863, 0x0863,
  0x0863, 0x0863, 0x0863, 0x0863, 0x0863, 0x0863, 0x0863, 0x0863, 0x0863, 0x0863, 0x0863, 0x0863,
  0x0863, 0x0863, 0x0863, 0x0863, 0x0863, 0x0863, 0x0863, 0x0863, 0x0863, 0x0863, 0x0863, 0x0863,
  0x0863, 0x0863, 0x0863, 0x0863, 0x0863, 0x0863, 0x0863, 0x0863, 0x0863, 0x0863, 0x0863, 0x0863,
  0x0863, 0x0863, 0x0863, 0x0863, 0x0863, 0x0863, 0x0863, 0x0863, 0x0863, 0x0863, 0x0863, 0x0863,
  0x0863, 0x0863, 0x0863, 0x0863, 0x0863, 0x0863, 0x0863, 0x0863, 0x0863, 0x0863, 0x0863, 0x0863,
  0x0863, 0x0863, 0x0863, 0x0863, 0x0863, 0x0863, 0x0863, 0x0863, 0x0863, 0x0863, 0x0863, 0x0863,
  0x0863, 0x0863, 0x0863, 0x0863, 0x0863, 0x0863, 0x0863, 0x0863, 0x0863, 0x0863, 0x0863, 0x0863,
  0x0863, 0x0863, 0x0863, 0x0863, 0x0863, 0x0863, 0x0863, 0x0863, 0x0863, 0x0863, 0x0863, 0x0863,
  0x0863, 0x0863, 0x0863, 0x0863, 0x0863, 0x0863, 0x0863, 0x0863, 0x0863, 0x0863, 0x0863, 0x0863,
  0x0863, 0x0863, 0x0863, 0x0863, 0x0863, 0x0863, 0x0863, 0x0863, 0x0863, 0x0863, 0x0863, 0x0863,
  0x0863, 0x0863, 0x0863, 0x0863, 0x0863, 0x0863, 0x0863, 0x0863, 0x0863, 0x0863, 0x0863, 0x0863,
  0x0863, 0x0863, 0x0863, 0x0863, 0x0863, 0x0863, 0x0863, 0x0863, 0x0863, 0x0863, 0x0863, 0x0863,
  0x0863, 0x0863, 0x0863, 0x0863, 0x0863, 0x0863, 0x0863, 0x0863, 0x0863, 0x0863, 0x0863, 0x0863,
  0x0863, 0x0863, 0x0863, 0x0863, 0x0863, 0x0863, 0x0863, 0x0863, 0x0863, 0x0863, 0x0863, 0x0863,
  0x0863, 0x0863, 0x0863, 0x0863, 0x0863, 0x0863, 0x0863, 0x0863, 0x0863, 0x0863, 0x0863, 0x0863,
  0x0863, 0x0863, 0x0863, 0x0863, 0x0863, 0x0863, 0x0863, 0x0863, 0x0863, 0x0863, 0x0863, 0x0863,
  0x0863, 0x0863, 0x0863, 0x0863, 0x0863, 0x0863, 0x0863, 0x0863, 0x0863, 0x0863, 0x0863, 0x0863,
  0x0863, 0x0863, 0x0863, 0x0863, 0x0863, 0x0863, 0x0863, 0x0863, 0x0863, 0x0863, 0x0863, 0x0863,
  0x0863, 0x0863, 0x0863, 0x0863, 0x0863, 0x0863, 0x0863, 0x0863, 0x0863, 0x0863, 0x0863, 0x0863,
  0x0863, 0x0863, 0x0863, 0x0863, 0x0863, 0x0863, 0x0863, 0x0863, 0x0863, 0x0863, 0x0863, 0x0863,
  0x0863, 0x0863, 0x0863, 0x0863, 0x0863, 0x0863, 0x0863, 0x0863, 0x0863, 0x0863, 0x0863, 0x0863,
  0x0863, 0x0863, 0x0863, 0x0863, 0x0863, 0x0863, 0x0863, 0x0863, 0x0863, 0x0863, 0x0863, 0x0863,
  0x0863, 0x0863, 0x0863, 0x0863, 0x0863, 0x0863, 0x0863, 0x0863, 0x0863, 0x0863, 0x0863, 0x0863,
  0x0863, 0x0863, 0x0863, 0x0863, 0x0863, 0x0863, 0x0863, 0x0863, 0x0863, 0x0863, 0x0863, 0x0863,
  0x0863, 0x0863, 0x0863, 0x0863, 0x0863, 0x0863, 0x0863, 0x0863, 0x0863, 0x0863, 0x0863, 0x0863,
  0x0863, 0x0863, 0x0863, 0x0863, 0x0863, 0x0863, 0x0863, 0x0863, 0x0863, 0x0863, 0x0863, 0x0863,
  0x0863, 0x0863, 0x0863, 0x0863, 0x0863, 0x0863, 0x0863, 0x0863, 0x0863, 0x0863, 0x0863, 0x0863,
  0x0863, 0x0863, 0x0863, 0x0863, 0x0863, 0x0863, 0x0863, 0x0863, 0x0863, 0x0863, 0x0863, 0x0863,
  0x0863, 0x0863, 0x0863, 0x0863, 0x0863, 0x0863, 0x0863, 0x0863, 0x0863, 0x0863, 0x0863, 0x0863,
  0x0863, 0x0863, 0x0863, 0x0863, 0x0863, 0x0863, 0x0863, 0x0863, 0x0863, 0x0863, 0x0863, 0x0863,
  0x0863, 0x0863, 0x0863, 0x0863, 0x0863, 0x0863, 0x0863, 0x0863, 0x0863, 0x0863, 0x0863, 0x0863,
  0x0863, 0x0863, 0x0863, 0x0863, 0x0863, 0x0863, 0x0863, 0x0863, 0x0863, 0x0863, 0x0863, 0x0863,
  0x0863, 0x0863, 0x0863, 0x0863, 0x0863, 0x0863, 0x0863, 0x0863, 0x0863, 0x0863, 0x0863, 0x0863,
  0x0863, 0x0863, 0x0863, 0x0863, 0x0863, 0x0863, 0x0863, 0x0863, 0x0863, 0x0863, 0x0863, 0x0863,
  0x0863, 0x0863, 0x0863, 0x0863, 0x0863, 0x0863, 0x0863, 0x0863, 0x0863, 0x0863, 0x0863, 0x0863,
  0x0863, 0x0863, 0x0863, 0x0863, 0x0863, 0x0863, 0x0863, 0x0863, 0x0863, 0x0863, 0x0863, 0x0863,
  0x0863, 0x0863, 0x0863, 0x0863, 0x0863, 0x0863, 0x0863, 0x0863, 0x0863, 0x0863, 0x0863, 0x0863,
  0x0863, 0x0863, 0x0863, 0x0863, 0x0863, 0x0863, 0x0863, 0x0863, 0x0863, 0x0863, 0x0863, 0x0863,
  0x0863, 0x0863, 0x0863, 0x0863, 0x0863, 0x0863, 0x0863, 0x0863, 0x0863, 0x0863, 0x0863, 0x0863,
  0x0863, 0x0863, 0x0863, 0x0863, 0x0863, 0x0863, 0x0863, 0x0863, 0x0863, 0x0863, 0x0863, 0x0863,
  0x0863, 0x0863, 0x0863, 0x0863, 0x0863, 0x0863, 0x0863, 0x0863, 0x0863, 0x0863, 0x0863, 0x0863,
  0x0863, 0x0863, 0x0863, 0x0863, 0x0863, 0x0863, 0x0863, 0x0863, 0x0863, 0x0863, 0x0863, 0x0863,
  0x0863, 0x0863, 0x0863, 0x0863, 0x0863, 0x0863, 0x0863, 0x0863, 0x0863, 0x0863, 0x0863, 0x0863,
  0x0863, 0x0863, 0x0863, 0x0863, 0x0863, 0x0863, 0x0863, 0x0863, 0x0863, 0x0863, 0x0863, 0x0863,
  0x0863, 0x0863, 0x0863, 0x0863, 0x0863, 0x0863, 0x0863, 0x0863, 0x0863, 0x0863, 0x0863, 0x0863,
  0x0863, 0x0863, 0x0863, 0x0863, 0x0863, 0x0863, 0x0863, 0x0863, 0x0863, 0x0863, 0x0863, 0x0863,
  0x0863, 0x0863, 0x0863, 0x0863, 0x0863, 0x0863, 0x0863, 0x0863, 0x0863, 0x0863, 0x0863, 0x0863,
  0x0863, 0x0863, 0x0863, 0x0863, 0x0863, 0x0863, 0x0863, 0x0863, 0x0863, 0x0863, 0x0863, 0x0863,
  0x0863, 0x0863, 0x0863, 0x0863, 0x0863, 0x0863, 0x0863, 0x0863, 0x0863, 0x0863, 0x0863, 0x0863,
  0x0863, 0x0863, 0x0863, 0x0863, 0x0863, 0x0863, 0x0863, 0x0863, 0x0863, 0x0863, 0x0863, 0x0863,
  0x0863, 0x0863, 0x0863, 0x0863, 0x0863, 0x0863, 0x0863, 0x0863, 0x0863, 0x0863, 0x0863, 0x0863,
  0x0863, 0x0863, 0x0863, 0x0863, 0x0863, 0x0863, 0x0863, 0x0863, 0x0863, 0x0863, 0x0863, 0x0863,
  0x0863, 0x0863, 0x0863, 0x0863, 0x0863, 0x0863, 0x0863, 0x0863, 0x0863, 0x0863, 0x0863, 0x0863,
  0x0863, 0x0863, 0x0863, 0x0863, 0x0863, 0x0863, 0x0863, 0x0863, 0x0863, 0x0863, 0x0863, 0x0863,
  0x0863, 0x0863, 0x0863, 0x0863, 0x0863, 0x0863, 0x0863, 0x0863, 0x0863, 0x0863, 0x0863, 0x0863,
  0x0863, 0x0863, 0x0863, 0x0863, 0x0863, 0x0863, 0x0863, 0x0863, 0x0863, 0x0863, 0x0863, 0x0863,
  0x0863, 0x0863, 0x0863, 0x0863, 0x0863, 0x0863, 0x0863, 0x0863, 0x0863, 0x0863, 0x0863, 0x0863,
  0x0863, 0x0863, 0x0863, 0x0863, 0x0863, 0x0863, 0x0863, 0x0863, 0x0863, 0x0863, 0x0863, 0x0863,
  0x0863, 0x0863, 0x0863, 0x0863, 0x0863, 0x0863, 0x0863, 0x0863, 0x0863, 0x0863, 0x0863, 0x0863,
  0x0863, 0x0863, 0x0863, 0x0863, 0x0863, 0x0863, 0x0863, 0x0863, 0x0863, 0x0863, 0x0863, 0x0863,
  0x0863, 0x0863, 0x0863, 0x0863, 0x0863, 0x0863, 0x0863, 0x0863, 0x0863, 0x0863, 0x0863, 0x0863,
  0x0863, 0x0863, 0x0863, 0x0863, 0x0863, 0x0863, 0x0863, 0x0863, 0x0863, 0x0863, 0x0863, 0x0863,
  0x0863, 0x0863, 0x0863, 0x0863, 0x0863, 0x0863, 0x0863, 0x0863, 0x0863, 0x0863, 0x0863, 0x0863,
  0x0863, 0x0863, 0x0863, 0x0863, 0x0863, 0x0863, 0x0863, 0x0863, 0x0863, 0x0863, 0x0863, 0x0863,
  0x0863, 0x0863, 0x0863, 0x0863, 0x0863, 0x0863, 0x0863, 0x0863, 0x0863, 0x0863, 0x0863, 0x0863,
  0x0863, 0x0863, 0x0863, 0x0863, 0x0863, 0x0863, 0x0863, 0x0863, 0x0863, 0x0863, 0x0863, 0x0863,
  0x0863, 0x0863, 0x0863, 0x0863, 0x0863, 0x0863, 0x0863, 0x0863, 0x0863, 0x0863, 0x0863, 0x0863,
  0x0863, 0x0863, 0x0863, 0x0863, 0x0863, 0x0863, 0x0863, 0x0863, 0x0863, 0x0863, 0x0863, 0x0863,
  0x0863, 0x0863, 0x0863, 0x0863, 0x0863, 0x0863, 0x0863, 0x0863, 0x0863, 0x0863, 0x0863, 0x0863,
  0x0863, 0x0863, 0x0863, 0x0863, 0x0863, 0x0863, 0x0863, 0x0863, 0x0863, 0x0863, 0x0863, 0x0863,
  0x0863, 0x0863, 0x0863, 0x0863, 0x0863, 0x0863, 0x0863, 0x0863, 0x0863, 0x0863, 0x0863, 0x0863,
  0x0863, 0x0863, 0x0863, 0x0863, 0x0863, 0x0863, 0x0863, 0x0863, 0x0863, 0x0863, 0x0863, 0x0863,
  0x0863, 0x0863, 0x0863, 0x0863, 0x0863, 0x0863, 0x0863, 0x0863, 0x0863, 0x0863, 0x0863, 0x0863,
  0x0863, 0x0863, 0x0863, 0x0863, 0x0863, 0x0863, 0x0863, 0x0863, 0x0863, 0x0863, 0x0863, 0x0863,
  0x0863, 0x0863, 0x0863, 0x0863, 0x0863, 0x0863, 0x0863, 0x0863, 0x0863, 0x0863, 0x0863, 0x0863,
  0x0863, 0x0863, 0x0863, 0x0863, 0x0863, 0x0863, 0x0863, 0x0863, 0x0863, 0x0863, 0x0863, 0x0863,
  0x0863, 0x0863, 0x0863, 0x0863, 0x0863, 0x0863, 0x0863, 0x0863, 0x0863, 0x0863, 0x0863, 0x0863,
  0x0863, 0x0863, 0x0863, 0x0863, 0x0863, 0x0863, 0x0863, 0x0863, 0x0863, 0x0863, 0x0863, 0x0863,
  0x0863, 0x0863, 0x0863, 0x0863, 0x0863, 0x0863, 0x0863, 0x0863, 0x0863, 0x0863, 0x0863, 0x0863,
  0x0863, 0x0863, 0x0863, 0x0863, 0x0863, 0x0863, 0x0863, 0x0863, 0x0863, 0x0863, 0x0863, 0x0863,
  0x0863, 0x0863, 0x0863, 0x0863, 0x0863, 0x0863, 0x0863, 0x0863, 0x0863, 0x0863, 0x0863, 0x0863,
  0x0863, 0x0863, 0x0863, 0x0863, 0x0863, 0x0863, 0x0863, 0x0863, 0x0863, 0x0863, 0x0863, 0x0863,
  0x0863, 0x0863, 0x0863, 0x0863, 0x0863, 0x0863, 0x0863, 0x0863, 0x0863, 0x0863, 0x0863, 0x0863,
  0x0863, 0x0863, 0x0863, 0x0863, 0x0863, 0x0863, 0x0863, 0x0863, 0x0863, 0x0863, 0x0863, 0x0863,
  0x0863, 0x0863, 0x0863, 0x0863, 0x0863, 0x0863, 0x0863, 0x0863, 0x0863, 0x0863, 0x0863, 0x0863,
  0x0863, 0x0863, 0x0863, 0x0863, 0x0863, 0x0863, 0x0863, 0x0863, 0x0863, 0x0863, 0x0863, 0x0863,
  0x0863, 0x0863, 0x0863, 0x0863, 0x0863, 0x0863, 0x0863, 0x0863, 0x0863, 0x0863, 0x0863, 0x0863,
  0x0863, 0x0863, 0x0863, 0x0863, 0x0863, 0x0863, 0x0863, 0x0863, 0x0863, 0x0863, 0x0863, 0x0863,
  0x0863, 0x0863, 0x0863, 0x0863, 0x0863, 0x0863, 0x0863, 0x0863, 0x0863, 0x0863, 0x0863, 0x0863,
  0x0863, 0x0863, 0x0863, 0x0863, 0x0863, 0x0863, 0x0863, 0x0863, 0x0863, 0x0863, 0x0863, 0x0863,
  0x0863, 0x0863, 0x0863, 0x0863, 0x0863, 0x0863, 0x0863, 0x0863, 0x0863, 0x0863, 0x0863, 0x0863,
  0x0863, 0x0863, 0x0863, 0x0863, 0x0863, 0x0863, 0x0863, 0x0863, 0x0863, 0x0863, 0x0863, 0x0863,
  0x0863, 0x0863, 0x0863, 0x0863, 0x0863, 0x0863, 0x0863, 0x0863, 0x0863, 0x0863, 0x0863, 0x0863,
  0x0863, 0x0863, 0x0863, 0x0863, 0x0863, 0x0863, 0x0863, 0x0863, 0x0863, 0x0863, 0x0863, 0x0863,
  0x0863, 0x0863, 0x0863, 0x0863, 0x0863, 0x0863, 0x0863, 0x0863, 0x0863, 0x0863, 0x0863, 0x0863,
  0x0863, 0x0863, 0x0863, 0x0863, 0x0863, 0x0863, 0x0863, 0x0863, 0x0863, 0x0863, 0x0863, 0x0863,
  0x0863, 0x0863, 0x0863, 0x0863, 0x0863, 0x0863, 0x0863, 0x0863, 0x0863, 0x0863, 0x0863, 0x0863,
  0x0863, 0x0863, 0x0863, 0x0863, 0x0863, 0x0863, 0x0863, 0x0863, 0x0863, 0x0863, 0x0863, 0x0863,
  0x0863, 0x0863, 0x0863, 0x0863, 0x0863, 0x0863, 0x0863, 0x0863, 0x0863, 0x0863, 0x0863, 0x0863,
  0x0863, 0x0863, 0x0863, 0x0863, 0x0863, 0x0863, 0x0863, 0x0863, 0x0863, 0x0863, 0x0863, 0x0863,
  0x0863, 0x0863, 0x0863, 0x0863, 0x0863, 0x0863, 0x0863, 0x0863, 0x0863, 0x0863, 0x0863, 0x0863,
  0x0863, 0x0863, 0x0863, 0x0863, 0x0863, 0x0863, 0x0863, 0x0863, 0x0863, 0x0863, 0x0863, 0x0863,
  0x0863, 0x0863, 0x0863, 0x0863, 0x0863, 0x0863, 0x0863, 0x0863, 0x0863, 0x0863, 0x0863, 0x0863,
  0x0863, 0x0863, 0x0863, 0x0863, 0x0863, 0x0863, 0x0863, 0x0863, 0x0863, 0x0863, 0x0863, 0x0863,
  0x0863, 0x0863, 0x0863, 0x0863, 0x0863, 0x0863, 0x0863, 0x0863, 0x0863, 0x0863, 0x0863, 0x0863,
  0x0863, 0x0863, 0x0863, 0x0863, 0x0863, 0x0863, 0x0863, 0x0863, 0x0863, 0x0863, 0x0863, 0x0863,
  0x0863, 0x0863, 0x0863, 0x0863, 0x0863, 0x0863, 0x0863, 0x0863, 0x0863, 0x0863, 0x0863, 0x0863,
  0x0863, 0x0863, 0x0863, 0x0863, 0x0863, 0x0863, 0x0863, 0x0863, 0x0863, 0x0863, 0x0863, 0x0863,
  0x0863, 0x0863, 0x0863, 0x0863, 0x0863, 0x0863, 0x0863, 0x0863, 0x0863, 0x0863, 0x0863, 0x0863,
  0x0863, 0x0863, 0x0863, 0x0863, 0x0863, 0x0863, 0x0863, 0x0863, 0x0863, 0x0863, 0x0863, 0x0863,
  0x0863, 0x0863, 0x0863, 0x0863, 0x0863, 0x0863, 0x0863, 0x0863, 0x0863, 0x0863, 0x0863, 0x0863,
  0x0863, 0x0863, 0x0863, 0x0863, 0x0863, 0x0863, 0x0863, 0x0863, 0x0863, 0x0863, 0x0863, 0x0863,
  0x0863, 0x0863, 0x0863, 0x0863, 0x0863, 0x0863, 0x0863, 0x0863, 0x0863, 0x0863, 0x0863, 0x0863,
  0x0863, 0x0863, 0x0863, 0x0863, 0x0863, 0x0863, 0x0863, 0x0863, 0x0863, 0x0863, 0x0863, 0x0863,
  0x0863, 0x0863, 0x0863, 0x0863, 0x0863, 0x0863, 0x0863, 0x0863, 0x0863, 0x0863, 0x0863, 0x0863,
  0x0863, 0x0863, 0x0863, 0x0863, 0x0863, 0x0863, 0x0863, 0x0863, 0x0863, 0x0863, 0x0863, 0x0863,
  0x0863, 0x0863, 0x0863, 0x0863, 0x0863, 0x0863, 0x0863, 0x0863, 0x0863, 0x0863, 0x0863, 0x0863,
  0x0863, 0x0863, 0x0863, 0x0863, 0x0863, 0x0863, 0x0863, 0x0863, 0x0863, 0x0863, 0x0863, 0x0863,
  0x0863, 0x0863, 0x0863, 0x0863, 0x0863, 0x0863, 0x0863, 0x0863, 0x0863, 0x0863, 0x0863, 0x0863,
  0x0863, 0x0863, 0x0863, 0x0863, 0x0863, 0x0863, 0x0863, 0x0863, 0x0863, 0x0863, 0x0863, 0x0863,
  0x0863, 0x0863, 0x0863, 0x0863, 0x0863, 0x0863, 0x0863, 0x0863, 0x0863, 0x0863, 0x0863, 0x0863,
  0x0863, 0x0863, 0x0863, 0x0863, 0x0863, 0x0863, 0x0863, 0x0863, 0x0863, 0x0863, 0x0863, 0x0863,
  0x0863, 0x0863, 0x0863, 0x0863, 0x0863, 0x0863, 0x0863, 0x0863, 0x0863, 0x0863, 0x0863, 0x0863,
  0x0863, 0x0863, 0x0863, 0x0863, 0x0863, 0x0863, 0x0863, 0x0863, 0x0863, 0x0863, 0x0863, 0x0863,
  0x0863, 0x0863, 0x0863, 0x0863, 0x0863, 0x0863, 0x0863, 0x0863, 0x0863, 0x0863, 0x0863, 0x0863,
  0x0863, 0x0863, 0x0863, 0x0863, 0x0863, 0x0863, 0x0863, 0x0863, 0x0863, 0x0863, 0x0863, 0x0863,
  0x0863, 0x0863, 0x0863, 0x0863, 0x0863, 0x0863, 0x0863, 0x0863, 0x0863, 0x0863, 0x0863, 0x0863,
  0x0863, 0x0863, 0x0863, 0x0863, 0x0863, 0x0863, 0x0863, 0x0863, 0x0863, 0x0863, 0x0863, 0x0863,
  0x0863, 0x0863, 0x0863, 0x0863, 0x0863, 0x0863, 0x0863, 0x0863, 0x0863, 0x0863, 0x0863, 0x0863,
  0x0863, 0x0863, 0x0863, 0x0863, 0x0863, 0x0863, 0x0863, 0x0863, 0x0863, 0x0863, 0x0863, 0x0863,
  0x0863, 0x0863, 0x0863, 0x0863, 0x0863, 0x0863, 0x0863, 0x0863, 0x0863, 0x0863, 0x0863, 0x0863,
  0x0863, 0x0863, 0x0863, 0x0863, 0x0863, 0x0863, 0x0863, 0x0863, 0x0863, 0x0863, 0x0863, 0x0863,
  0x0863, 0x0863, 0x0863, 0x0863, 0x0863, 0x0863, 0x0863, 0x0863, 0x0863, 0x0863, 0x0863, 0x0863,
  0x0863, 0x0863, 0x0863, 0x0863, 0x0863, 0x0863, 0x0863, 0x0863, 0x0863, 0x0863, 0x0863, 0x0863,
  0x0863, 0x0863, 0x0863, 0x0863, 0x0863, 0x0863, 0x0863, 0x0863, 0x0863, 0x0863, 0x0863, 0x0863,
  0x0863, 0x0863, 0x0863, 0x0863, 0x0863, 0x0863, 0x0863, 0x0863, 0x0863, 0x0863, 0x0863, 0x0863,
  0x0863, 0x0863, 0x0863, 0x0863, 0x0863, 0x0863, 0x0863, 0x0863, 0x0863, 0x0863, 0x0863, 0x0863,
  0x0863, 0x0863, 0x0863, 0x0863, 0x0863, 0x0863, 0x0863, 0x0863, 0x0863, 0x0863, 0x0863, 0x0863,
  0x0863, 0x0863, 0x0863, 0x0863, 0x0863, 0x0863, 0x0863, 0x0863, 0x0863, 0x0863, 0x0863, 0x0863,
  0x0863, 0x0863, 0x0863, 0x0863, 0x0863, 0x0863, 0x0863, 0x0863, 0x0863, 0x0863, 0x0863, 0x0863,
  0x0863, 0x0863, 0x0863, 0x0863, 0x0863, 0x0863, 0x0863, 0x0863, 0x0863, 0x0863, 0x0863, 0x0863,
  0x0863, 0x0863, 0x0863, 0x0863, 0x0863, 0x0863, 0x0863, 0x0863, 0x0863, 0x0863, 0x0863, 0x0863,
  0x0863, 0x0863, 0x0863, 0x0863, 0x0863, 0x0863, 0x0863, 0x0863, 0x0863, 0x0863, 0x0863, 0x0863,
  0x0863, 0x0863, 0x0863, 0x0863, 0x0863, 0x0863, 0x0863, 0x0863, 0x0863, 0x0863, 0x0863, 0x0863,
  0x0863, 0x0863, 0x0863, 0x0863, 0x0863, 0x0863, 0x0863, 0x0863, 0x0863, 0x0863, 0x0863, 0x0863,
  0x0863, 0x0863, 0x0863, 0x0863, 0x0863, 0x0863, 0x0863, 0x0863, 0x0863, 0x0863, 0x0863, 0x0863,
  0x0863, 0x0863, 0x0863, 0x0863, 0x0863, 0x0863, 0x0863, 0x0863, 0x0863, 0x0863, 0x0863, 0x0863,
  0x0863, 0x0863, 0x0863, 0x0863, 0x0863, 0x0863, 0x0863, 0x0863, 0x0863, 0x0863, 0x0863, 0x0863,
  0x0863, 0x0863, 0x0863, 0x0863, 0x0863, 0x0863, 0x0863, 0x0863, 0x0863, 0x0863, 0x0863, 0x0863,
  0x0863, 0x0863, 0x0863, 0x0863, 0x0863, 0x0863, 0x0863, 0x0863, 0x0863, 0x0863, 0x0863, 0x0863,
  0x0863, 0x0863, 0x0863, 0x0863, 0x0863, 0x0863, 0x0863, 0x0863, 0x0863, 0x0863, 0x0863, 0x0863,
  0x0863, 0x0863, 0x0863, 0x0863, 0x0863, 0x0863, 0x0863, 0x0863, 0x0863, 0x0863, 0x0863, 0x0863,
  0x0863, 0x0863, 0x0863, 0x0863, 0x0863, 0x0863, 0x0863, 0x0863, 0x0863, 0x0863, 0x0863, 0x0863,
  0x0863, 0x0863, 0x0863, 0x0863, 0x0863, 0x0863, 0x0863, 0x0863, 0x0863, 0x0863, 0x0863, 0x0863,
  0x0863, 0x0863, 0x0863, 0x0863, 0x0863, 0x0863, 0x0863, 0x0863, 0x0863, 0x0863, 0x0863, 0x0863,
  0x0863, 0x0863, 0x0863, 0x0863, 0x0863, 0x0863, 0x0863, 0x0863, 0x0863, 0x0863, 0x0863, 0x0863,
  0x0863, 0x0863, 0x0863, 0x0863, 0x0863, 0x0863, 0x0863, 0x0863, 0x0863, 0x0863, 0x0863, 0x0863,
  0x0863, 0x0863, 0x0863, 0x0863, 0x0863, 0x0863, 0x0863, 0x0863, 0x0863, 0x0863, 0x0863, 0x0863,
  0x0863, 0x0863, 0x0863, 0x0863, 0x0863, 0x0863, 0x0863, 0x0863, 0x0863, 0x0863, 0x0863, 0x0863,
  0x0863, 0x0863, 0x0863, 0x0863, 0x0863, 0x0863, 0x0863, 0x0863, 0x0863, 0x0863, 0x0863, 0x0863,
  0x0863, 0x0863, 0x0863, 0x0863, 0x0863, 0x0863, 0x0863, 0x0863, 0x0863, 0x0863, 0x0863, 0x0863,
  0x0863, 0x0863, 0x0863, 0x0863, 0x0863, 0x0863, 0x0863, 0x0863, 0x0863, 0x0863, 0x0863, 0x0863,
  0x0863, 0x0863, 0x0863, 0x0863, 0x0863, 0x0863, 0x0863, 0x0863, 0x0863, 0x0863, 0x0863, 0x0863,
  0x0863, 0x0863, 0x0863, 0x0863, 0x0863, 0x0863, 0x0863, 0x0863, 0x0863, 0x0863, 0x0863, 0x0863,
  0x0863, 0x0863, 0x0863, 0x0863, 0x0863, 0x0863, 0x0863, 0x0863, 0x0863, 0x0863, 0x0863, 0x0863,
  0x0863, 0x0863, 0x0863, 0x0863, 0x0863, 0x0863, 0x0863, 0x0863, 0x0863, 0x0863, 0x0863, 0x0863,
  0x0863, 0x0863, 0x0863, 0x0863, 0x0863, 0x0863, 0x0863, 0x0863, 0x0863, 0x0863, 0x0863, 0x0863,
  0x0863, 0x0863, 0x0863, 0x0863, 0x0863, 0x0863, 0x0863, 0x0863, 0x0863, 0x0863, 0x0863, 0x0863,
  0x0863, 0x0863, 0x0863, 0x0863, 0x0863, 0x0863, 0x0863, 0x0863, 0x0863, 0x0863, 0x0863, 0x0863,
  0x0863, 0x0863, 0x0863, 0x0863, 0x0863, 0x0863, 0x0863, 0x0863, 0x0863, 0x0863, 0x0863, 0x0863,
  0x0863, 0x0863, 0x0863, 0x0863, 0x0863, 0x0863, 0x0863, 0x0863, 0x0863, 0x0863, 0x0863, 0x0863,
  0x0863, 0x0863, 0x0863, 0x0863, 0x0863, 0x0863, 0x0863, 0x0863, 0x0863, 0x0863, 0x0863, 0x0863,
  0x0863, 0x0863, 0x0863, 0x0863, 0x0863, 0x0863, 0x0863, 0x0863, 0x0863, 0x0863, 0x0863, 0x0863,
  0x0863, 0x0863, 0x0863, 0x0863, 0x0863, 0x0863, 0x0863, 0x0863, 0x0863, 0x0863, 0x0863, 0x0863,
  0x0863, 0x0863, 0x0863, 0x0863, 0x0863, 0x0863, 0x0863, 0x0863, 0x0863, 0x0863, 0x0863, 0x0863,
  0x0863, 0x0863, 0x0863, 0x0863, 0x0863, 0x0863, 0x0863, 0x0863, 0x0863, 0x0863, 0x0863, 0x0863,
  0x0863, 0x0863, 0x0863, 0x0863, 0x0863, 0x0863, 0x0863, 0x0863, 0x0863, 0x0863, 0x0863, 0x0863,
  0x0863, 0x0863, 0x0863, 0x0863, 0x0863, 0x0863, 0x0863, 0x0863, 0x0863, 0x0863, 0x0863, 0x0863,
  0x0863, 0x0863, 0x0863, 0x0863, 0x0863, 0x0863, 0x0863, 0x0863, 0x0863, 0x0863, 0x0863, 0x0863,
  0x0863, 0x0863, 0x0863, 0x0863, 0x0863, 0x0863, 0x0863, 0x0863, 0x0863, 0x0863, 0x0863, 0x0863,
  0x0863, 0x0863, 0x0863, 0x0863, 0x0863, 0x0863, 0x0863, 0x0863, 0x0863, 0x0863, 0x0863, 0x0863,
  0x0863, 0x0863, 0x0863, 0x0863, 0x0863, 0x0863, 0x0863, 0x0863, 0x0863, 0x0863, 0x0863, 0x0863,
  0x0863, 0x0863, 0x0863, 0x0863, 0x0863, 0x0863, 0x0863, 0x0863, 0x0863, 0x0863, 0x0863, 0x0863,
  0x0863, 0x0863, 0x0863, 0x0863, 0x0863, 0x0863, 0x0863, 0x0863, 0x0863, 0x0863, 0x0863, 0x0863,
  0x0863, 0x0863, 0x0863, 0x0863, 0x0863, 0x0863, 0x0863, 0x0863, 0x0863, 0x0863, 0x0863, 0x0863,
  0x0863, 0x0863, 0x0863, 0x0863, 0x0863, 0x0863, 0x0863, 0x0863, 0x0863, 0x0863, 0x0863, 0x0863,
  0x0863, 0x0863, 0x0863, 0x0863, 0x0863, 0x0863, 0x0863, 0x0863, 0x0863, 0x0863, 0x0863, 0x0863,
  0x0863, 0x0863, 0x0863, 0x0863, 0x0863, 0x0863, 0x0863, 0x0863, 0x0863, 0x0863, 0x0863, 0x0863,
  0x0863, 0x0863, 0x0863, 0x0863, 0x0863, 0x0863, 0x0863, 0x0863, 0x0863, 0x0863, 0x0863, 0x0863,
  0x0863, 0x0863, 0x0863, 0x0863, 0x0863, 0x0863, 0x0863, 0x0863, 0x0863, 0x0863, 0x0863, 0x0863,
  0x0863, 0x0863, 0x0863, 0x0863, 0x0863, 0x0863, 0x0863, 0x0863, 0x0863, 0x0863, 0x0863, 0x0863,
  0x0863, 0x0863, 0x0863, 0x0863, 0x0863, 0x0863, 0x0863, 0x0863, 0x0863, 0x0863, 0x0863, 0x0863,
  0x0863, 0x0863, 0x0863, 0x0863, 0x0863, 0x0863, 0x0863, 0x0863, 0x0863, 0x0863, 0x0863, 0x0863,
  0x0863, 0x0863, 0x0863, 0x0863, 0x0863, 0x0863, 0x0863, 0x0863, 0x0863, 0x0863, 0x0863, 0x0863,
  0x0863, 0x0863, 0x0863, 0x0863, 0x0863, 0x0863, 0x0863, 0x0863, 0x0863, 0x0863, 0x0863, 0x0863,
  0x0863, 0x0863, 0x0863, 0x0863, 0x0863, 0x0863, 0x0863, 0x0863, 0x0863, 0x0863, 0x0863, 0x0863,
  0x0863, 0x0863, 0x0863, 0x0863, 0x0863, 0x0863, 0x0863, 0x0863, 0x0863, 0x0863, 0x0863, 0x0863,
  0x0863, 0x0863, 0x0863, 0x0863, 0x0863, 0x0863, 0x0863, 0x0863, 0x0863, 0x0863, 0x0863, 0x0863,
  0x0863, 0x0863, 0x0863, 0x0863, 0x0863, 0x0863, 0x0863, 0x0863, 0x0863, 0x0863, 0x0863, 0x0863,
  0x0863, 0x0863, 0x0863, 0x0863, 0x0863, 0x0863, 0x0863, 0x0863, 0x0863, 0x0863, 0x0863, 0x0863,
  0x0863, 0x0863, 0x0863, 0x0863, 0x0863, 0x0863, 0x0863, 0x0863, 0x0863, 0x0863, 0x0863, 0x0863,
  0x0863, 0x0863, 0x0863, 0x0863, 0x0863, 0x0863, 0x0863, 0x0863, 0x0863, 0x0863, 0x0863, 0x0863,
  0x0863, 0x0863, 0x0863, 0x0863, 0x0863, 0x0863, 0x0863, 0x0863, 0x0863, 0x0863, 0x0863, 0x0863,
  0x0863, 0x0863, 0x0863, 0x0863, 0x0863, 0x0863, 0x0863, 0x0863, 0x0863, 0x0863, 0x0863, 0x0863,
  0x0863, 0x0863, 0x0863, 0x0863, 0x0863, 0x0863, 0x0863, 0x0863, 0x0863, 0x0863, 0x0863, 0x0863,
  0x0863, 0x0863, 0x0863, 0x0863, 0x0863, 0x0863, 0x0863, 0x0863, 0x0863, 0x0863, 0x0863, 0x0863,
  0x0863, 0x0863, 0x0863, 0x0863, 0x0863, 0x0863, 0x0863, 0x0863, 0x0863, 0x0863, 0x0863, 0x0863,
  0x0863, 0x0863, 0x0863, 0x0863, 0x0863, 0x0863, 0x0863, 0x0863, 0x0863, 0x0863, 0x0863, 0x0863,
  0x0863, 0x0863, 0x0863, 0x0863, 0x0863, 0x0863, 0x0863, 0x0863, 0x0863, 0x0863, 0x0863, 0x0863,
  0x0863, 0x0863, 0x0863, 0x0863, 0x0863, 0x0863, 0x0863, 0x0863, 0x0863, 0x0863, 0x0863, 0x0863,
  0x0863, 0x0863, 0x0863, 0x0863, 0x0863, 0x0863, 0x0863, 0x0863, 0x0863, 0x0863, 0x0863, 0x0863,
  0x0863, 0x0863, 0x0863, 0x0863, 0x0863, 0x0863, 0x0863, 0x0863, 0x0863, 0x0863, 0x0863, 0x0863,
  0x0863, 0x0863, 0x0863, 0x0863, 0x0863, 0x0863, 0x0863, 0x0863, 0x0863, 0x0863, 0x0863, 0x0863,
  0x0863, 0x0863, 0x0863, 0x0863, 0x0863, 0x0863, 0x0863, 0x0863, 0x0863, 0x0863, 0x0863, 0x0863,
  0x0863, 0x0863, 0x0863, 0x0863, 0x0863, 0x0863, 0x0863, 0x0863, 0x0863, 0x0863, 0x0863, 0x0863,
  0x0863, 0x0863, 0x0863, 0x0863, 0x0863, 0x0863, 0x0863, 0x0863, 0x0863, 0x0863, 0x0863, 0x0863,
  0x0863, 0x0863, 0x0863, 0x0863, 0x0863, 0x0863, 0x0863, 0x0863, 0x0863, 0x0863, 0x0863, 0x0863,
  0x0863, 0x0863, 0x0863, 0x0863, 0x0863, 0x0863, 0x0863, 0x0863, 0x0863, 0x0863, 0x0863, 0x0863,
  0x0863, 0x0863, 0x0863, 0x0863, 0x0863, 0x0863, 0x0863, 0x0863, 0x0863, 0x0863, 0x0863, 0x0863,
  0x0863, 0x0863, 0x0863, 0x0863, 0x0863, 0x0863, 0x0863, 0x0863, 0x0863, 0x0863, 0x0863, 0x0863,
  0x0863, 0x0863, 0x0863, 0x0863, 0x0863, 0x0863, 0x0863, 0x0863, 0x0863, 0x0863, 0x0863, 0x0863,
  0x0863, 0x0863, 0x0863, 0x0863, 0x0863, 0x0863, 0x0863, 0x0863, 0x0863, 0x0863, 0x0863, 0x0863,
  0x0863, 0x0863, 0x0863, 0x0863, 0x0863, 0x0863, 0x0863, 0x0863, 0x0863, 0x0863, 0x0863, 0x0863,
  0x0863, 0x0863, 0x0863, 0x0863, 0x0863, 0x0863, 0x0863, 0x0863, 0x0863, 0x0863, 0x0863, 0x0863,
  0x0863, 0x0863, 0x0863, 0x0863, 0x0863, 0x0863, 0x0863, 0x0863, 0x0863, 0x0863, 0x0863, 0x0863,
  0x0863, 0x0863, 0x0863, 0x0863, 0x0863, 0x0863, 0x0863, 0x0863, 0x0863, 0x0863, 0x0863, 0x0863,
  0x0863, 0x0863, 0x0863, 0x0863, 0x0863, 0x0863, 0x0863, 0x0863, 0x0863, 0x0863, 0x0863, 0x0863,
  0x0863, 0x0863, 0x0863, 0x0863, 0x0863, 0x0863, 0x0863, 0x0863, 0x0863, 0x0863, 0x0863, 0x0863,
  0x0863, 0x0863, 0x0863, 0x0863, 0x0863, 0x0863, 0x0863, 0x0863, 0x0863, 0x0863, 0x0863, 0x0863,
  0x0863, 0x0863, 0x0863, 0x0863, 0x0863, 0x0863, 0x0863, 0x0863, 0x0863, 0x0863, 0x0863, 0x0863,
  0x0863, 0x0863, 0x0863, 0x0863, 0x0863, 0x0863, 0x0863, 0x0863, 0x0863, 0x0863, 0x0863, 0x0863,
  0x0863, 0x0863, 0x0863, 0x0863, 0x0863, 0x0863, 0x0863, 0x0863, 0x0863, 0x0863, 0x0863, 0x0863,
  0x0863, 0x0863, 0x0863, 0x0863, 0x0863, 0x0863, 0x0863, 0x0863, 0x0863, 0x0863, 0x0863, 0x0863,
  0x0863, 0x0863, 0x0863, 0x0863, 0x0863, 0x0863, 0x0863, 0x0863, 0x0863, 0x0863, 0x0863, 0x0863,
  0x0863, 0x0863, 0x0863, 0x0863, 0x0863, 0x0863, 0x0863, 0x0863, 0x0863, 0x0863, 0x0863, 0x0863,
  0x0863, 0x0863, 0x0863, 0x0863, 0x0863, 0x0863, 0x0863, 0x0863, 0x0863, 0x0863, 0x0863, 0x0863,
  0x0863, 0x0863, 0x0863, 0x0863, 0x0863, 0x0863, 0x0863, 0x0863, 0x0863, 0x0863, 0x0863, 0x0863,
  0x0863, 0x0863, 0x0863, 0x0863, 0x0863, 0x0863, 0x0863, 0x0863, 0x0863, 0x0863, 0x0863, 0x0863,
  0x0863, 0x0863, 0x0863, 0x0863, 0x0863, 0x0863, 0x0863, 0x0863, 0x0863, 0x0863, 0x0863, 0x0863,
  0x0863, 0x0863, 0x0863, 0x0863, 0x0863, 0x0863, 0x0863, 0x0863, 0x0863, 0x0863, 0x0863, 0x0863,
  0x0863, 0x0863, 0x0863, 0x0863, 0x0863, 0x0863, 0x0863, 0x0863, 0x0863, 0x0863, 0x0863, 0x0863,
  0x0863, 0x0863, 0x0863, 0x0863, 0x0863, 0x0863, 0x0863, 0x0863, 0x0863, 0x0863, 0x0863, 0x0863,
  0x0863, 0x0863, 0x0863, 0x0863, 0x0863, 0x0863, 0x0863, 0x0863, 0x0863, 0x0863, 0x0863, 0x0863,
  0x0863, 0x0863, 0x0863, 0x0863, 0x0863, 0x0863, 0x0863, 0x0863, 0x0863, 0x0863, 0x0863, 0x0863,
  0x0863, 0x0863, 0x0863, 0x0863, 0x0863, 0x0863, 0x0863, 0x0863, 0x0863, 0x0863, 0x0863, 0x0863,
  0x0863, 0x0863, 0x0863, 0x0863, 0x0863, 0x0863, 0x0863, 0x0863, 0x0863, 0x0863, 0x0863, 0x0863,
  0x0863, 0x0863, 0x0863, 0x0863, 0x0863, 0x0863, 0x0863, 0x0863, 0x0863, 0x0863, 0x0863, 0x0863,
  0x0863, 0x0863, 0x0863, 0x0863, 0x0863, 0x0863, 0x0863, 0x0863, 0x0863, 0x0863, 0x0863, 0x0863,
  0x0863, 0x0863, 0x0863, 0x0863, 0x0863, 0x0863, 0x0863, 0x0863, 0x0863, 0x0863, 0x0863, 0x0863,
  0x0863, 0x0863, 0x0863, 0x0863, 0x0863, 0x0863, 0x0863, 0x0863, 0x0863, 0x0863, 0x0863, 0x0863,
  0x0863, 0x0863, 0x0863, 0x0863, 0x0863, 0x0863, 0x0863, 0x0863, 0x0863, 0x0863, 0x0863, 0x0863,
  0x0863, 0x0863, 0x0863, 0x0863, 0x0863, 0x0863, 0x0863, 0x0863, 0x0863, 0x0863, 0x0863, 0x0863,
  0x0863, 0x0863, 0x0863, 0x0863, 0x0863, 0x0863, 0x0863, 0x0863, 0x0863, 0x0863, 0x0863, 0x0863,
  0x0863, 0x0863, 0x0863, 0x0863, 0x0863, 0x0863, 0x0863, 0x0863, 0x0863, 0x0863, 0x0863, 0x0863,
  0x0863, 0x0863, 0x0863, 0x0863, 0x0863, 0x0863, 0x0863, 0x0863, 0x0863, 0x0863, 0x0863, 0x0863,
  0x0863, 0x0863, 0x0863, 0x0863, 0x0863, 0x0863, 0x0863, 0x0863, 0x0863, 0x0863, 0x0863, 0x0863,
  0x0863, 0x0863, 0x0863, 0x0863, 0x0863, 0x0863, 0x0863, 0x0863, 0x0863, 0x0863, 0x0863, 0x0863,
  0x0863, 0x0863, 0x0863, 0x0863, 0x0863, 0x0863, 0x0863, 0x0863, 0x0863, 0x0863, 0x0863, 0x0863,
  0x0863, 0x0863, 0x0863, 0x0863, 0x0863, 0x0863, 0x0863, 0x0863, 0x0863, 0x0863, 0x0863, 0x0863,
  0x0863, 0x0863, 0x0863, 0x0863, 0x0863, 0x0863, 0x0863, 0x0863, 0x0863, 0x0863, 0x0863, 0x0863,
  0x0863, 0x0863, 0x0863, 0x0863, 0x0863, 0x0863, 0x0863, 0x0863, 0x0863, 0x0863, 0x0863, 0x0863,
  0x0863, 0x0863, 0x0863, 0x0863, 0x0863, 0x0863, 0x0863, 0x0863, 0x0863, 0x0863, 0x0863, 0x0863,
  0x0863, 0x0863, 0x0863, 0x0863, 0x0863, 0x0863, 0x0863, 0x0863, 0x0863, 0x0863, 0x0863, 0x0863,
  0x0863, 0x0863, 0x0863, 0x0863, 0x0863, 0x0863, 0x0863, 0x0863, 0x0863, 0x0863, 0x0863, 0x0863,
  0x0863, 0x0863, 0x0863, 0x0863, 0x0863, 0x0863, 0x0863, 0x0863, 0x0863, 0x0863, 0x0863, 0x0863,
  0x0863, 0x0863, 0x0863, 0x0863, 0x0863, 0x0863, 0x0863, 0x0863, 0x0863, 0x0863, 0x0863, 0x0863,
  0x0863, 0x0863, 0x0863, 0x0863, 0x0863, 0x0863, 0x0863, 0x0863, 0x0863, 0x0863, 0x0863, 0x0863,
  0x0863, 0x0863, 0x0863, 0x0863, 0x0863, 0x0863, 0x0863, 0x0863, 0x0863, 0x0863, 0x0863, 0x0863,
  0x0863, 0x0863, 0x0863, 0x0863, 0x0863, 0x0863, 0x0863, 0x0863, 0x0863, 0x0863, 0x0863, 0x0863,
  0x0863, 0x0863, 0x0863, 0x0863, 0x0863, 0x0863, 0x0863, 0x0863, 0x0863, 0x0863, 0x0863, 0x0863,
  0x0863, 0x0863, 0x0863, 0x0863, 0x0863, 0x0863, 0x0863, 0x0863, 0x0863, 0x0863, 0x0863, 0x0863,
  0x0863, 0x0863, 0x0863, 0x0863, 0x0863, 0x0863, 0x0863, 0x0863, 0x0863, 0x0863, 0x0863, 0x0863,
  0x0863, 0x0863, 0x0863, 0x0863, 0x0863, 0x0863, 0x0863, 0x0863, 0x0863, 0x0863, 0x0863, 0x0863,
  0x0863, 0x0863, 0x0863, 0x0863, 0x0863, 0x0863, 0x0863, 0x0863, 0x0863, 0x0863, 0x0863, 0x0863,
  0x0863, 0x0863, 0x0863, 0x0863, 0x0863, 0x0863, 0x0863, 0x0863, 0x0863, 0x0863, 0x0863, 0x0863,
  0x0863, 0x0863, 0x0863, 0x0863, 0x0863, 0x0863, 0x0863, 0x0863, 0x0863, 0x0863, 0x0863, 0x0863,
  0x0863, 0x0863, 0x0863, 0x0863, 0x0863, 0x0863, 0x0863, 0x0863, 0x0863, 0x0863, 0x0863, 0x0863,
  0x0863, 0x0863, 0x0863, 0x0863, 0x0863, 0x0863, 0x0863, 0x0863, 0x0863, 0x0863, 0x0863, 0x0863,
  0x0863, 0x0863, 0x0863, 0x0863, 0x0863, 0x0863, 0x0863, 0x0863, 0x0863, 0x0863, 0x0863, 0x0863,
  0x0863, 0x0863, 0x0863, 0x0863, 0x0863, 0x0863, 0x0863, 0x0863, 0x0863, 0x0863, 0x0863, 0x0863,
  0x0863, 0x0863, 0x0863, 0x0863, 0x0863, 0x0863, 0x0863, 0x0863, 0x0863, 0x0863, 0x0863, 0x0863,
  0x0863, 0x0863, 0x0863, 0x0863, 0x0863, 0x0863, 0x0863, 0x0863, 0x0863, 0x0863, 0x0863, 0x0863,
  0x0863, 0x0863, 0x0863, 0x0863, 0x0863, 0x0863, 0x0863, 0x0863, 0x0863, 0x0863, 0x0863, 0x0863,
  0x0863, 0x0863, 0x0863, 0x0863, 0x0863, 0x0863, 0x0863, 0x0863, 0x0863, 0x0863, 0x0863, 0x0863,
  0x0863, 0x0863, 0x0863, 0x0863, 0x0863, 0x0863, 0x0863, 0x0863, 0x0863, 0x0863, 0x0863, 0x0863,
  0x0863, 0x0863, 0x0863, 0x0863, 0x0863, 0x0863, 0x0863, 0x0863, 0x0863, 0x0863, 0x0863, 0x0863,
  0x0863, 0x0863, 0x0863, 0x0863, 0x0863, 0x0863, 0x0863, 0x0863, 0x0863, 0x0863, 0x0863, 0x0863,
  0x0863, 0x0863, 0x0863, 0x0863, 0x0863, 0x0863, 0x0863, 0x0863, 0x0863, 0x0863, 0x0863, 0x0863,
  0x0863, 0x0863, 0x0863, 0x0863, 0x0863, 0x0863, 0x0863, 0x0863, 0x0863, 0x0863, 0x0863, 0x0863,
  0x0863, 0x0863, 0x0863, 0x0863, 0x0863, 0x0863, 0x0863, 0x0863, 0x0863, 0x0863, 0x0863, 0x0863,
  0x0863, 0x0863, 0x0863, 0x0863, 0x0863, 0x0863, 0x0863, 0x0863, 0x0863, 0x0863, 0x0863, 0x0863,
  0x0863, 0x0863, 0x0863, 0x0863, 0x0863, 0x0863, 0x0863, 0x0863, 0x0863, 0x0863, 0x0863, 0x0863,
  0x0863, 0x0863, 0x0863, 0x0863, 0x0863, 0x0863, 0x0863, 0x0863, 0x0863, 0x0863, 0x0863, 0x0863,
  0x0863, 0x0863, 0x0863, 0x0863, 0x0863, 0x0863, 0x0863, 0x0863, 0x0863, 0x0863, 0x0863, 0x0863,
  0x0863, 0x0863, 0x0863, 0x0863, 0x0863, 0x0863, 0x0863, 0x0863, 0x0863, 0x0863, 0x0863, 0x0863,
  0x0863, 0x0863, 0x0863, 0x0863, 0x0863, 0x0863, 0x0863, 0x0863, 0x0863, 0x0863, 0x0863, 0x0863,
  0x0863, 0x0863, 0x0863, 0x0863, 0x0863, 0x0863, 0x0863, 0x0863, 0x0863, 0x0863, 0x0863, 0x0863,
  0x0863, 0x0863, 0x0863, 0x0863, 0x0863, 0x0863, 0x0863, 0x0863, 0x0863, 0x0863, 0x0863, 0x0863,
  0x0863, 0x0863, 0x0863, 0x0863, 0x0863, 0x0863, 0x0863, 0x0863, 0x0863, 0x0863, 0x0863, 0x0863,
  0x0863, 0x0863, 0x0863, 0x0863, 0x0863, 0x0863, 0x0863, 0x0863, 0x0863, 0x0863, 0x0863, 0x0863,
  0x0863, 0x0863, 0x0863, 0x0863, 0x0863, 0x0863, 0x0863, 0x0863, 0x0863, 0x0863, 0x0863, 0x0863,
  0x0863, 0x0863, 0x0863, 0x0863, 0x0863, 0x0863, 0x0863, 0x0863, 0x0863, 0x0863, 0x0863, 0x0863,
  0x0863, 0x0863, 0x0863, 0x0863, 0x0863, 0x0863, 0x0863, 0x0863, 0x0863, 0x0863, 0x0863, 0x0863,
  0x0863, 0x0863, 0x0863, 0x0863, 0x0863, 0x0863, 0x0863, 0x0863, 0x0863, 0x0863, 0x0863, 0x0863,
  0x0863, 0x0863, 0x0863, 0x0863, 0x0863, 0x0863, 0x0863, 0x0863, 0x0863, 0x0863, 0x0863, 0x0863,
  0x0863, 0x0863, 0x0863, 0x0863, 0x0863, 0x0863, 0x0863, 0x0863, 0x0863, 0x0863, 0x0863, 0x0863,
  0x0863, 0x0863, 0x0863, 0x0863, 0x0863, 0x0863, 0x0863, 0x0863, 0x0863, 0x0863, 0x0863, 0x0863,
  0x0863, 0x0863, 0x0863, 0x0863, 0x0863, 0x0863, 0x0863, 0x0863, 0x0863, 0x0863, 0x0863, 0x0863,
  0x0863, 0x0863, 0x0863, 0x0863, 0x0863, 0x0863, 0x0863, 0x0863, 0x0863, 0x0863, 0x0863, 0x0863,
  0x0863, 0x0863, 0x0863, 0x0863, 0x0863, 0x0863, 0x0863, 0x0863, 0x0863, 0x0863, 0x0863, 0x0863,
  0x0863, 0x0863, 0x0863, 0x0863, 0x0863, 0x0863, 0x0863, 0x0863, 0x0863, 0x0863, 0x0863, 0x0863,
  0x0863, 0x0863, 0x0863, 0x0863, 0x0863, 0x0863, 0x0863, 0x0863, 0x0863, 0x0863, 0x0863, 0x0863,
  0x0863, 0x0863, 0x0863, 0x0863, 0x0863, 0x0863, 0x0863, 0x0863, 0x0863, 0x0863, 0x0863, 0x0863,
  0x0863, 0x0863, 0x0863, 0x0863, 0x0863, 0x0863, 0x0863, 0x0863, 0x0863, 0x0863, 0x0863, 0x0863,
  0x0863, 0x0863, 0x0863, 0x0863, 0x0863, 0x0863, 0x0863, 0x0863, 0x0863, 0x0863, 0x0863, 0x0863,
  0x0863, 0x0863, 0x0863, 0x0863, 0x0863, 0x0863, 0x0863, 0x0863, 0x0863, 0x0863, 0x0863, 0x0863,
  0x0863, 0x0863, 0x0863, 0x0863, 0x0863, 0x0863, 0x0863, 0x0863, 0x0863, 0x0863, 0x0863, 0x0863,
  0x0863, 0x0863, 0x0863, 0x0863, 0x0863, 0x0863, 0x0863, 0x0863, 0x0863, 0x0863, 0x0863, 0x0863,
  0x0863, 0x0863, 0x0863, 0x0863, 0x0863, 0x0863, 0x0863, 0x0863, 0x0863, 0x0863, 0x0863, 0x0863,
  0x0863, 0x0863, 0x0863, 0x0863, 0x0863, 0x0863, 0x0863, 0x0863, 0x0863, 0x0863, 0x0863, 0x0863,
  0x0863, 0x0863, 0x0863, 0x0863, 0x0863, 0x0863, 0x0863, 0x0863, 0x0863, 0x0863, 0x0863, 0x0863,
  0x0863, 0x0863, 0x0863, 0x0863, 0x0863, 0x0863, 0x0863, 0x0863, 0x0863, 0x0863, 0x0863, 0x0863,
  0x0863, 0x0863, 0x0863, 0x0863, 0x0863, 0x0863, 0x0863, 0x0863, 0x0863, 0x0863, 0x0863, 0x0863,
  0x0863, 0x0863, 0x0863, 0x0863, 0x0863, 0x0863, 0x0863, 0x0863, 0x0863, 0x0863, 0x0863, 0x0863,
  0x0863, 0x0863, 0x0863, 0x0863, 0x0863, 0x0863, 0x0863, 0x0863, 0x0863, 0x0863, 0x0863, 0x0863,
  0x0863, 0x0863, 0x0863, 0x0863, 0x0863, 0x0863, 0x0863, 0x0863, 0x0863, 0x0863, 0x0863, 0x0863,
  0x0863, 0x0863, 0x0863, 0x0863, 0x0863, 0x0863, 0x0863, 0x0863, 0x0863, 0x0863, 0x0863, 0x0863,
  0x0863, 0x0863, 0x0863, 0x0863, 0x0863, 0x0863, 0x0863, 0x0863, 0x0863, 0x0863, 0x0863, 0x0863,
  0x0863, 0x0863, 0x0863, 0x0863, 0x0863, 0x0863, 0x0863, 0x0863, 0x0863, 0x0863, 0x0863, 0x0863,
  0x0863, 0x0863, 0x0863, 0x0863, 0x0863, 0x0863, 0x0863, 0x0863, 0x0863, 0x0863, 0x0863, 0x0863,
  0x0863, 0x0863, 0x0863, 0x0863, 0x0863, 0x0863, 0x0863, 0x0863, 0x0863, 0x0863, 0x0863, 0x0863,
  0x0863, 0x0863, 0x0863, 0x0863, 0x0863, 0x0863, 0x0863, 0x0863, 0x0863, 0x0863, 0x0863, 0x0863,
  0x0863, 0x0863, 0x0863, 0x0863, 0x0863, 0x0863, 0x0863, 0x0863, 0x0863, 0x0863, 0x0863, 0x0863,
  0x0863, 0x0863, 0x0863, 0x0863, 0x0863, 0x0863, 0x0863, 0x0863, 0x0863, 0x0863, 0x0863, 0x0863,
  0x0863, 0x0863, 0x0863, 0x0863, 0x0863, 0x0863, 0x0863, 0x0863, 0x0863, 0x0863, 0x0863, 0x0863,
  0x0863, 0x0863, 0x0863, 0x0863, 0x0863, 0x0863, 0x0863, 0x0863, 0x0863, 0x0863, 0x0863, 0x0863,
  0x0863, 0x0863, 0x0863, 0x0863, 0x0863, 0x0863, 0x0863, 0x0863, 0x0863, 0x0863, 0x0863, 0x0863,
  0x0863, 0x0863, 0x0863, 0x0863, 0x0863, 0x0863, 0x0863, 0x0863, 0x0863, 0x0863, 0x0863, 0x0863,
  0x0863, 0x0863, 0x0863, 0x0863, 0x0863, 0x0863, 0x0863, 0x0863, 0x0863, 0x0863, 0x0863, 0x0863,
  0x0863, 0x0863, 0x0863, 0x0863, 0x0863, 0x0863, 0x0863, 0x0863, 0x0863, 0x0863, 0x0863, 0x0863,
  0x0863, 0x0863, 0x0863, 0x0863, 0x0863, 0x0863, 0x0863, 0x0863, 0x0863, 0x0863, 0x0863, 0x0863,
  0x0863, 0x0863, 0x0863, 0x0863, 0x0863, 0x0863, 0x0863, 0x0863, 0x0863, 0x0863, 0x0863, 0x0863,
  0x0863, 0x0863, 0x0863, 0x0863, 0x0863, 0x0863, 0x0863, 0x0863, 0x0863, 0x0863, 0x0863, 0x0863,
  0x0863, 0x0863, 0x0863, 0x0863, 0x0863, 0x0863, 0x0863, 0x0863, 0x0863, 0x0863, 0x0863, 0x0863,
  0x0863, 0x0863, 0x0863, 0x0863, 0x0863, 0x0863, 0x0863, 0x0863, 0x0863, 0x0863, 0x0863, 0x0863,
  0x0863, 0x0863, 0x0863, 0x0863, 0x0863, 0x0863, 0x0863, 0x0863, 0x0863, 0x0863, 0x0863, 0x0863,
  0x0863, 0x0863, 0x0863, 0x0863, 0x0863, 0x0863, 0x0863, 0x0863, 0x0863, 0x0863, 0x0863, 0x0863,
  0x0863, 0x0863, 0x0863, 0x0863, 0x0863, 0x0863, 0x0863, 0x0863, 0x0863, 0x0863, 0x0863, 0x0863,
  0x0863, 0x0863, 0x0863, 0x0863, 0x0863, 0x0863, 0x0863, 0x0863, 0x0863, 0x0863, 0x0863, 0x0863,
  0x0863, 0x0863, 0x0863, 0x0863, 0x0863, 0x0863, 0x0863, 0x0863, 0x0863, 0x0863, 0x0863, 0x0863,
  0x0863, 0x0863, 0x0863, 0x0863, 0x0863, 0x0863, 0x0863, 0x0863, 0x0863, 0x0863, 0x0863, 0x0863,
  0x0863, 0x0863, 0x0863, 0x0863, 0x0863, 0x0863, 0x0863, 0x0863, 0x0863, 0x0863, 0x0863, 0x0863,
  0x0863, 0x0863, 0x0863, 0x0863, 0x0863, 0x0863, 0x0863, 0x0863, 0x0863, 0x0863, 0x0863, 0x0863,
  0x0863, 0x0863, 0x0863, 0x0863, 0x0863, 0x0863, 0x0863, 0x0863, 0x0863, 0x0863, 0x0863, 0x0863,
  0x0863, 0x0863, 0x0863, 0x0863, 0x0863, 0x0863, 0x0863, 0x0863, 0x0863, 0x0863, 0x0863, 0x0863,
  0x0863, 0x0863, 0x0863, 0x0863, 0x0863, 0x0863, 0x0863, 0x0863, 0x0863, 0x0863, 0x0863, 0x0863,
  0x0863, 0x0863, 0x0863, 0x0863, 0x0863, 0x0863, 0x0863, 0x0863, 0x0863, 0x0863, 0x0863, 0x0863,
  0x0863, 0x0863, 0x0863, 0x0863, 0x0863, 0x0863, 0x0863, 0x0863, 0x0863, 0x0863, 0x0863, 0x0863,
  0x0863, 0x0863, 0x0863, 0x0863, 0x0863, 0x0863, 0x0863, 0x0863, 0x0863, 0x0863, 0x0863, 0x0863,
  0x0863, 0x0863, 0x0863, 0x0863, 0x0863, 0x0863, 0x0863, 0x0863, 0x0863, 0x0863, 0x0863, 0x0863,
  0x0863, 0x0863, 0x0863, 0x0863, 0x0863, 0x0863, 0x0863, 0x0863, 0x0863, 0x0863, 0x0863, 0x0863,
  0x0863, 0x0863, 0x0863, 0x0863, 0x0863, 0x0863, 0x0863, 0x0863, 0x0863, 0x0863, 0x0863, 0x0863,
  0x0863, 0x0863, 0x0863, 0x0863, 0x0863, 0x0863, 0x0863, 0x0863, 0x0863, 0x0863, 0x0863, 0x0863,
  0x0863, 0x0863, 0x0863, 0x0863, 0x0863, 0x0863, 0x0863, 0x0863, 0x0863, 0x0863, 0x0863, 0x0863,
  0x0863, 0x0863, 0x0863, 0x0863, 0x0863, 0x0863, 0x0863, 0x0863, 0x0863, 0x0863, 0x0863, 0x0863,
  0x0863, 0x0863, 0x0863, 0x0863, 0x0863, 0x0863, 0x0863, 0x0863, 0x0863, 0x0863, 0x0863, 0x0863,
  0x0863, 0x0863, 0x0863, 0x0863, 0x0863, 0x0863, 0x0863, 0x0863, 0x0863, 0x0863, 0x0863, 0x0863,
  0x0863, 0x0863, 0x0863, 0x0863, 0x0863, 0x0863, 0x0863, 0x0863, 0x0863, 0x0863, 0x0863, 0x0863,
  0x0863, 0x0863, 0x0863, 0x0863, 0x0863, 0x0863, 0x0863, 0x0863, 0x0863, 0x0863, 0x0863, 0x0863,
  0x0863, 0x0863, 0x0863, 0x0863, 0x0863, 0x0863, 0x0863, 0x0863, 0x0863, 0x0863, 0x0863, 0x0863,
  0x0863, 0x0863, 0x0863, 0x0863, 0x0863, 0x0863, 0x0863, 0x0863, 0x0863, 0x0863, 0x0863, 0x0863,
  0x0863, 0x0863, 0x0863, 0x0863, 0x0863, 0x0863, 0x0863, 0x0863, 0x0863, 0x0863, 0x0863, 0x0863,
  0x0863, 0x0863, 0x0863, 0x0863, 0x0863, 0x0863, 0x0863, 0x0863, 0x0863, 0x0863, 0x0863, 0x0863,
  0x0863, 0x0863, 0x0863, 0x0863, 0x0863, 0x0863, 0x0863, 0x0863, 0x0863, 0x0863, 0x0863, 0x0863,
  0x0863, 0x0863, 0x0863, 0x0863, 0x0863, 0x0863, 0x0863, 0x0863, 0x0863, 0x0863, 0x0863, 0x0863,
  0x0863, 0x0863, 0x0863, 0x0863, 0x0863, 0x0863, 0x0863, 0x0863, 0x0863, 0x0863, 0x0863, 0x0863,
  0x0863, 0x0863, 0x0863, 0x0863, 0x0863, 0x0863, 0x0863, 0x0863, 0x0863, 0x0863, 0x0863, 0x0863,
  0x0863, 0x0863, 0x0863, 0x0863, 0x0863, 0x0863, 0x0863, 0x0863, 0x0863, 0x0863, 0x0863, 0x0863,
  0x0863, 0x0863, 0x0863, 0x0863, 0x0863, 0x0863, 0x0863, 0x0863, 0x0863, 0x0863, 0x0863, 0x0863,
  0x0863, 0x0863, 0x0863, 0x0863, 0x0863, 0x0863, 0x0863, 0x0863, 0x0863, 0x0863, 0x0863, 0x0863,
  0x0863, 0x0863, 0x0863, 0x0863, 0x0863, 0x0863, 0x0863, 0x0863, 0x0863, 0x0863, 0x0863, 0x0863,
  0x0863, 0x0863, 0x0863, 0x0863, 0x0863, 0x0863, 0x0863, 0x0863, 0x0863, 0x0863, 0x0863, 0x0863,
  0x0863, 0x0863, 0x0863, 0x0863, 0x0863, 0x0863, 0x0863, 0x0863, 0x0863, 0x0863, 0x0863, 0x0863,
  0x0863, 0x0863, 0x0863, 0x0863, 0x0863, 0x0863, 0x0863, 0x0863, 0x0863, 0x0863, 0x0863, 0x0863,
  0x0863, 0x0863, 0x0863, 0x0863, 0x0863, 0x0863, 0x0863, 0x0863, 0x0863, 0x0863, 0x0863, 0x0863,
  0x0863, 0x0863, 0x0863, 0x0863, 0x0863, 0x0863, 0x0863, 0x0863, 0x0863, 0x0863, 0x0863, 0x0863,
  0x0863, 0x0863, 0x0863, 0x0863, 0x0863, 0x0863, 0x0863, 0x0863, 0x0863, 0x0863, 0x0863, 0x0863,
  0x0863, 0x0863, 0x0863, 0x0863, 0x0863, 0x0863, 0x0863, 0x0863, 0x0863, 0x0863, 0x0863, 0x0863,
  0x0863, 0x0863, 0x0863, 0x0863, 0x0863, 0x0863, 0x0863, 0x0863, 0x0863, 0x0863, 0x0863, 0x0863,
  0x0863, 0x0863, 0x0863, 0x0863, 0x0863, 0x0863, 0x0863, 0x0863, 0x0863, 0x0863, 0x0863, 0x0863,
  0x0863, 0x0863, 0x0863, 0x0863, 0x0863, 0x0863, 0x0863, 0x0863, 0x0863, 0x0863, 0x0863, 0x0863,
  0x0863, 0x0863, 0x0863, 0x0863, 0x0863, 0x0863, 0x0863, 0x0863, 0x0863, 0x0863, 0x0863, 0x0863,
  0x0863, 0x0863, 0x0863, 0x0863, 0x0863, 0x0863, 0x0863, 0x0863, 0x0863, 0x0863, 0x0863, 0x0863,
  0x0863, 0x0863, 0x0863, 0x0863, 0x0863, 0x0863, 0x0863, 0x0863, 0x0863, 0x0863, 0x0863, 0x0863,
  0x0863, 0x0863, 0x0863, 0x0863, 0x0863, 0x0863, 0x0863, 0x0863, 0x0863, 0x0863, 0x0863, 0x0863,
  0x0863, 0x0863, 0x0863, 0x0863, 0x0863, 0x0863, 0x0863, 0x0863, 0x0863, 0x0863, 0x0863, 0x0863,
  0x0863, 0x0863, 0x0863, 0x0863, 0x0863, 0x0863, 0x0863, 0x0863, 0x0863, 0x0863, 0x0863, 0x0863,
  0x0863, 0x0863, 0x0863, 0x0863, 0x0863, 0x0863, 0x0863, 0x0863, 0x0863, 0x0863, 0x0863, 0x0863,
  0x0863, 0x0863, 0x0863, 0x0863, 0x0863, 0x0863, 0x0863, 0x0863, 0x0863, 0x0863, 0x0863, 0x0863,
  0x0863, 0x0863, 0x0863, 0x0863, 0x0863, 0x0863, 0x0863, 0x0863, 0x0863, 0x0863, 0x0863, 0x0863,
  0x0863, 0x0863, 0x0863, 0x0863, 0x0863, 0x0863, 0x0863, 0x0863, 0x0863, 0x0863, 0x0863, 0x0863,
  0x0863, 0x0863, 0x0863, 0x0863, 0x0863, 0x0863, 0x0863, 0x0863, 0x0863, 0x0863, 0x0863, 0x0863,
  0x0863, 0x0863, 0x0863, 0x0863, 0x0863, 0x0863, 0x0863, 0x0863, 0x0863, 0x0863, 0x0863, 0x0863,
  0x0863, 0x0863, 0x0863, 0x0863, 0x0863, 0x0863, 0x0863, 0x0863, 0x0863, 0x0863, 0x0863, 0x0863,
  0x0863, 0x0863, 0x0863, 0x0863, 0x0863, 0x0863, 0x0863, 0x0863, 0x0863, 0x0863, 0x0863, 0x0863,
  0x0863, 0x0863, 0x0863, 0x0863, 0x0863, 0x0863, 0x0863, 0x0863, 0x0863, 0x0863, 0x0863, 0x0863,
  0x0863, 0x0863, 0x0863, 0x0863, 0x0863, 0x0863, 0x0863, 0x0863, 0x0863, 0x0863, 0x0863, 0x0863,
  0x0863, 0x0863, 0x0863, 0x0863, 0x0863, 0x0863, 0x0863, 0x0863, 0x0863, 0x0863, 0x0863, 0x0863,
  0x0863, 0x0863, 0x0863, 0x0863, 0x0863, 0x0863, 0x0863, 0x0863, 0x0863, 0x0863, 0x0863, 0x0863,
  0x0863, 0x0863, 0x0863, 0x0863, 0x0863, 0x0863, 0x0863, 0x0863, 0x0863, 0x0863, 0x0863, 0x0863,
  0x0863, 0x0863, 0x0863, 0x0863, 0x0863, 0x0863, 0x0863, 0x0863, 0x0863, 0x0863, 0x0863, 0x0863,
  0x0863, 0x0863, 0x0863, 0x0863, 0x0863, 0x0863, 0x0863, 0x0863, 0x0863, 0x0863, 0x0863, 0x0863,
  0x0863, 0x0863, 0x0863, 0x0863, 0x0863, 0x0863, 0x0863, 0x0863, 0x0863, 0x0863, 0x0863, 0x0863,
  0x0863, 0x0863, 0x0863, 0x0863, 0x0863, 0x0863, 0x0863, 0x0863, 0x0863, 0x0863, 0x0863, 0x0863,
  0x0863, 0x0863, 0x0863, 0x0863, 0x0863, 0x0863, 0x0863, 0x0863, 0x0863, 0x0863, 0x0863, 0x0863,
  0x0863, 0x0863, 0x0863, 0x0863, 0x0863, 0x0863, 0x0863, 0x0863, 0x0863, 0x0863, 0x0863, 0x0863,
  0x0863, 0x0863, 0x0863, 0x0863, 0x0863, 0x0863, 0x0863, 0x0863, 0x0863, 0x0863, 0x0863, 0x0863,
  0x0863, 0x0863, 0x0863, 0x0863, 0x0863, 0x0863, 0x0863, 0x0863, 0x0863, 0x0863, 0x0863, 0x0863,
  0x0863, 0x0863, 0x0863, 0x0863, 0x0863, 0x0863, 0x0863, 0x0863, 0x0863, 0x0863, 0x0863, 0x0863,
  0x0863, 0x0863, 0x0863, 0x0863, 0x0863, 0x0863, 0x0863, 0x0863, 0x0863, 0x0863, 0x0863, 0x0863,
  0x0863, 0x0863, 0x0863, 0x0863, 0x0863, 0x0863, 0x0863, 0x0863, 0x0863, 0x0863, 0x0863, 0x0863,
  0x0863, 0x0863, 0x0863, 0x0863, 0x0863, 0x0863, 0x0863, 0x0863, 0x0863, 0x0863, 0x0863, 0x0863,
  0x0863, 0x0863, 0x0863, 0x0863, 0x0863, 0x0863, 0x0863, 0x0863, 0x0863, 0x0863, 0x0863, 0x0863,
  0x0863, 0x0863, 0x0863, 0x0863, 0x0863, 0x0863, 0x0863, 0x0863, 0x0863, 0x0863, 0x0863, 0x0863,
  0x0863, 0x0863, 0x0863, 0x0863, 0x0863, 0x0863, 0x0863, 0x0863, 0x0863, 0x0863, 0x0863, 0x0863,
  0x0863, 0x0863, 0x0863, 0x0863, 0x0863, 0x0863, 0x0863, 0x0863, 0x0863, 0x0863, 0x0863, 0x0863,
  0x0863, 0x0863, 0x0863, 0x0863, 0x0863, 0x0863, 0x0863, 0x0863, 0x0863, 0x0863, 0x0863, 0x0863,
  0x0863, 0x0863, 0x0863, 0x0863, 0x0863, 0x0863, 0x0863, 0x0863, 0x0863, 0x0863, 0x0863, 0x0863,
  0x0863, 0x0863, 0x0863, 0x0863, 0x0863, 0x0863, 0x0863, 0x0863, 0x0863, 0x0863, 0x0863, 0x0863,
  0x0863, 0x0863, 0x0863, 0x0863, 0x0863, 0x0863, 0x0863, 0x0863, 0x0863, 0x0863, 0x0863, 0x0863,
  0x0863, 0x0863, 0x0863, 0x0863, 0x0863, 0x0863, 0x0863, 0x0863, 0x0863, 0x0863, 0x0863, 0x0863,
  0x0863, 0x0863, 0x0863, 0x0863, 0x0863, 0x0863, 0x0863, 0x0863, 0x0863, 0x0863, 0x0863, 0x0863,
  0x0863, 0x0863, 0x0863, 0x0863, 0x0863, 0x0863, 0x0863, 0x0863, 0x0863, 0x0863, 0x0863, 0x0863,
  0x0863, 0x0863, 0x0863, 0x0863, 0x0863, 0x0863, 0x0863, 0x0863, 0x0863, 0x0863, 0x0863, 0x0863,
  0x0863, 0x0863, 0x0863, 0x0863, 0x0863, 0x0863, 0x0863, 0x0863, 0x0863, 0x0863, 0x0863, 0x0863,
  0x0863, 0x0863, 0x0863, 0x0863, 0x0863, 0x0863, 0x0863, 0x0863, 0x0863, 0x0863, 0x0863, 0x0863,
  0x0863, 0x0863, 0x0863, 0x0863, 0x0863, 0x0863, 0x0863, 0x0863, 0x0863, 0x0863, 0x0863, 0x0863,
  0x0863, 0x0863, 0x0863, 0x0863, 0x0863, 0x0863, 0x0863, 0x0863, 0x0863, 0x0863, 0x0863, 0x0863,
  0x0863, 0x0863, 0x0863, 0x0863, 0x0863, 0x0863, 0x0863, 0x0863, 0x0863, 0x0863, 0x0863, 0x0863,
  0x0863, 0x0863, 0x0863, 0x0863, 0x0863, 0x0863, 0x0863, 0x0863, 0x0863, 0x0863, 0x0863, 0x0863,
  0x0863, 0x0863, 0x0863, 0x0863, 0x0863, 0x0863, 0x0863, 0x0863, 0x0863, 0x0863, 0x0863, 0x0863,
  0x0863, 0x0863, 0x0863, 0x0863, 0x0863, 0x0863, 0x0863, 0x0863, 0x0863, 0x0863, 0x0863, 0x0863,
  0x0863, 0x0863, 0x0863, 0x0863, 0x0863, 0x0863, 0x0863, 0x0863, 0x0863, 0x0863, 0x0863, 0x0863,
  0x0863, 0x0863, 0x0863, 0x0863, 0x0863, 0x0863, 0x0863, 0x0863, 0x0863, 0x0863, 0x0863, 0x0863,
  0x0863, 0x0863, 0x0863, 0x0863, 0x0863, 0x0863, 0x0863, 0x0863, 0x0863, 0x0863, 0x0863, 0x0863,
  0x0863, 0x0863, 0x0863, 0x0863, 0x0863, 0x0863, 0x0863, 0x0863, 0x0863, 0x0863, 0x0863, 0x0863,
  0x0863, 0x0863, 0x0863, 0x0863, 0x0863, 0x0863, 0x0863, 0x0863, 0x0863, 0x0863, 0x0863, 0x0863,
  0x0863, 0x0863, 0x0863, 0x0863, 0x0863, 0x0863, 0x0863, 0x0863, 0x0863, 0x0863, 0x0863, 0x0863,
  0x0863, 0x0863, 0x0863, 0x0863, 0x0863, 0x0863, 0x0863, 0x0863, 0x0863, 0x0863, 0x0863, 0x0863,
  0x0863, 0x0863, 0x0863, 0x0863, 0x0863, 0x0863, 0x0863, 0x0863, 0x0863, 0x0863, 0x0863, 0x0863,
  0x0863, 0x0863, 0x0863, 0x0863, 0x0863, 0x0863, 0x0863, 0x0863, 0x0863, 0x0863, 0x0863, 0x0863,
  0x0863, 0x0863, 0x0863, 0x0863, 0x0863, 0x0863, 0x0863, 0x0863, 0x0863, 0x0863, 0x0863, 0x0863,
  0x0863, 0x0863, 0x0863, 0x0863, 0x0863, 0x0863, 0x0863, 0x0863, 0x0863, 0x0863, 0x0863, 0x0863,
  0x0863, 0x0863, 0x0863, 0x0863, 0x0863, 0x0863, 0x0863, 0x0863, 0x0863, 0x0863, 0x0863, 0x0863,
  0x0863, 0x0863, 0x0863, 0x0863, 0x0863, 0x0863, 0x0863, 0x0863, 0x0863, 0x0863, 0x0863, 0x0863,
  0x0863, 0x0863, 0x0863, 0x0863, 0x0863, 0x0863, 0x0863, 0x0863, 0x0863, 0x0863, 0x0863, 0x0863,
  0x0863, 0x0863, 0x0863, 0x0863, 0x0863, 0x0863, 0x0863, 0x0863, 0x0863, 0x0863, 0x0863, 0x0863,
  0x0863, 0x0863, 0x0863, 0x0863, 0x0863, 0x0863, 0x0863, 0x0863, 0x0863, 0x0863, 0x0863, 0x0863,
  0x0863, 0x0863, 0x0863, 0x0863, 0x0863, 0x0863, 0x0863, 0x0863, 0x0863, 0x0863, 0x0863, 0x0863,
  0x0863, 0x0863, 0x0863, 0x0863, 0x0863, 0x0863, 0x0863, 0x0863, 0x0863, 0x0863, 0x0863, 0x0863,
  0x0863, 0x0863, 0x0863, 0x0863, 0x0863, 0x0863, 0x0863, 0x0863, 0x0863, 0x0863, 0x0863, 0x0863,
  0x0863, 0x0863, 0x0863, 0x0863, 0x0863, 0x0863, 0x0863, 0x0863, 0x0863, 0x0863, 0x0863, 0x0863,
  0x0863, 0x0863, 0x0863, 0x0863, 0x0863, 0x0863, 0x0863, 0x0863, 0x0863, 0x0863, 0x0863, 0x0863,
  0x0863, 0x0863, 0x0863, 0x0863, 0x0863, 0x0863, 0x0863, 0x0863, 0x0863, 0x0863, 0x0863, 0x0863,
  0x0863, 0x0863, 0x0863, 0x0863, 0x0863, 0x0863, 0x0863, 0x0863, 0x0863, 0x0863, 0x0863, 0x0863,
  0x0863, 0x0863, 0x0863, 0x0863, 0x0863, 0x0863, 0x0863, 0x0863, 0x0863, 0x0863, 0x0863, 0x0863,
  0x0863, 0x0863, 0x0863, 0x0863, 0x0863, 0x0863, 0x0863, 0x0863, 0x0863, 0x0863, 0x0863, 0x0863,
  0x0863, 0x0863, 0x0863, 0x0863, 0x0863, 0x0863, 0x0863, 0x0863, 0x0863, 0x0863, 0x0863, 0x0863,
  0x0863, 0x0863, 0x0863, 0x0863, 0x0863, 0x0863, 0x0863, 0x0863, 0x0863, 0x0863, 0x0863, 0x0863,
  0x0863, 0x0863, 0x0863, 0x0863, 0x0863, 0x0863, 0x0863, 0x0863, 0x0863, 0x0863, 0x0863, 0x0863,
  0x0863, 0x0863, 0x0863, 0x0863, 0x0863, 0x0863, 0x0863, 0x0863, 0x0863, 0x0863, 0x0863, 0x0863,
  0x0863, 0x0863, 0x0863, 0x0863, 0x0863, 0x0863, 0x0863, 0x0863, 0x0863, 0x0863, 0x0863, 0x0863,
  0x0863, 0x0863, 0x0863, 0x0863, 0x0863, 0x0863, 0x0863, 0x0863, 0x0863, 0x0863, 0x0863, 0x0863,
  0x0863, 0x0863, 0x0863, 0x0863, 0x0863, 0x0863, 0x0863, 0x0863, 0x0863, 0x0863, 0x0863, 0x0863,
  0x0863, 0x0863, 0x0863, 0x0863, 0x0863, 0x0863, 0x0863, 0x0863, 0x0863, 0x0863, 0x0863, 0x0863,
  0x0863, 0x0863, 0x0863, 0x0863, 0x0863, 0x0863, 0x0863, 0x0863, 0x0863, 0x0863, 0x0863, 0x0863,
  0x0863, 0x0863, 0x0863, 0x0863, 0x0863, 0x0863, 0x0863, 0x0863, 0x0863, 0x0863, 0x0863, 0x0863,
  0x0863, 0x0863, 0x0863, 0x0863, 0x0863, 0x0863, 0x0863, 0x0863, 0x0863, 0x0863, 0x0863, 0x0863,
  0x0863, 0x0863, 0x0863, 0x0863, 0x0863, 0x0863, 0x0863, 0x0863, 0x0863, 0x0863, 0x0863, 0x0863,
  0x0863, 0x0863, 0x0863, 0x0863, 0x0863, 0x0863, 0x0863, 0x0863, 0x0863, 0x0863, 0x0863, 0x0863,
  0x0863, 0x0863, 0x0863, 0x0863, 0x0863, 0x0863, 0x0863, 0x0863, 0x0863, 0x0863, 0x0863, 0x0863,
  0x0863, 0x0863, 0x0863, 0x0863, 0x0863, 0x0863, 0x0863, 0x0863, 0x0863, 0x0863, 0x0863, 0x0863,
  0x0863, 0x0863, 0x0863, 0x0863, 0x0863, 0x0863, 0x0863, 0x0863, 0x0863, 0x0863, 0x0863, 0x0863,
  0x0863, 0x0863, 0x0863, 0x0863, 0x0863, 0x0863, 0x0863, 0x0863, 0x0863, 0x0863, 0x0863, 0x0863,
  0x0863, 0x0863, 0x0863, 0x0863, 0x0863, 0x0863, 0x0863, 0x0863, 0x0863, 0x0863, 0x0863, 0x0863,
  0x0863, 0x0863, 0x0863, 0x0863, 0x0863, 0x0863, 0x0863, 0x0863, 0x0863, 0x0863, 0x0863, 0x0863,
  0x0863, 0x0863, 0x0863, 0x0863, 0x0863, 0x0863, 0x0863, 0x0863, 0x0863, 0x0863, 0x0863, 0x0863,
  0x0863, 0x0863, 0x0863, 0x0863, 0x0863, 0x0863, 0x0863, 0x0863, 0x0863, 0x0863, 0x0863, 0x0863,
  0x0863, 0x0863, 0x0863, 0x0863, 0x0863, 0x0863, 0x0863, 0x0863, 0x0863, 0x0863, 0x0863, 0x0863,
  0x0863, 0x0863, 0x0863, 0x0863, 0x0863, 0x0863, 0x0863, 0x0863, 0x0863, 0x0863, 0x0863, 0x0863,
  0x0863, 0x0863, 0x0863, 0x0863, 0x0863, 0x0863, 0x0863, 0x0863, 0x0863, 0x0863, 0x0863, 0x0863,
  0x0863, 0x0863, 0x0863, 0x0863, 0x0863, 0x0863, 0x0863, 0x0863, 0x0863, 0x0863, 0x0863, 0x0863,
  0x0863, 0x0863, 0x0863, 0x0863, 0x0863, 0x0863, 0x0863, 0x0863, 0x0863, 0x0863, 0x0863, 0x0863,
  0x0863, 0x0863, 0x0863, 0x0863, 0x0863, 0x0863, 0x0863, 0x0863, 0x0863, 0x0863, 0x0863, 0x0863,
  0x0863, 0x0863, 0x0863, 0x0863, 0x0863, 0x0863, 0x0863, 0x0863, 0x0863, 0x0863, 0x0863, 0x0863,
  0x0863, 0x0863, 0x0863, 0x0863, 0x0863, 0x0863, 0x0863, 0x0863, 0x0863, 0x0863, 0x0863, 0x0863,
  0x0863, 0x0863, 0x0863, 0x0863, 0x0863, 0x0863, 0x0863, 0x0863, 0x0863, 0x0863, 0x0863, 0x0863,
  0x0863, 0x0863, 0x0863, 0x0863, 0x0863, 0x0863, 0x0863, 0x0863, 0x0863, 0x0863, 0x0863, 0x0863,
  0x0863, 0x0863, 0x0863, 0x0863, 0x0863, 0x0863, 0x0863, 0x0863, 0x0863, 0x0863, 0x0863, 0x0863,
  0x0863, 0x0863, 0x0863, 0x0863, 0x0863, 0x0863, 0x0863, 0x0863, 0x0863, 0x0863, 0x0863, 0x0863,
  0x0863, 0x0863, 0x0863, 0x0863, 0x0863, 0x0863, 0x0863, 0x0863, 0x0863, 0x0863, 0x0863, 0x0863,
  0x0863, 0x0863, 0x0863, 0x0863, 0x0863, 0x0863, 0x0863, 0x0863, 0x0863, 0x0863, 0x0863, 0x0863,
  0x0863, 0x0863, 0x0863, 0x0863, 0x0863, 0x0863, 0x0863, 0x0863, 0x0863, 0x0863, 0x0863, 0x0863,
  0x0863, 0x0863, 0x0863, 0x0863, 0x0863, 0x0863, 0x0863, 0x0863, 0x0863, 0x0863, 0x0863, 0x0863,
  0x0863, 0x0863, 0x0863, 0x0863, 0x0863, 0x0863, 0x0863, 0x0863, 0x0863, 0x0863, 0x0863, 0x0863,
  0x0863, 0x0863, 0x0863, 0x0863, 0x0863, 0x0863, 0x0863, 0x0863, 0x0863, 0x0863, 0x0863, 0x0863,
  0x0863, 0x0863, 0x0863, 0x0863, 0x0863, 0x0863, 0x0863, 0x0863, 0x0863, 0x0863, 0x0863, 0x0863,
  0x0863, 0x0863, 0x0863, 0x0863, 0x0863, 0x0863, 0x0863, 0x0863, 0x0863, 0x0863, 0x0863, 0x0863,
  0x0863, 0x0863, 0x0863, 0x0863, 0x0863, 0x0863, 0x0863, 0x0863, 0x0863, 0x0863, 0x0863, 0x0863,
  0x0863, 0x0863, 0x0863, 0x0863, 0x0863, 0x0863, 0x0863, 0x0863, 0x0863, 0x0863, 0x0863, 0x0863,
  0x0863, 0x0863, 0x0863, 0x0863, 0x0863, 0x0863, 0x0863, 0x0863, 0x0863, 0x0863, 0x0863, 0x0863,
  0x0863, 0x0863, 0x0863, 0x0863, 0x0863, 0x0863, 0x0863, 0x0863, 0x0863, 0x0863, 0x0863, 0x0863,
  0x0863, 0x0863, 0x0863, 0x0863, 0x0863, 0x0863, 0x0863, 0x0863, 0x0863, 0x0863, 0x0863, 0x0863,
  0x0863, 0x0863, 0x0863, 0x0863, 0x0863, 0x0863, 0x0863, 0x0863, 0x0863, 0x0863, 0x0863, 0x0863,
  0x0863, 0x0863, 0x0863, 0x0863, 0x0863, 0x0863, 0x0863, 0x0863, 0x0863, 0x0863, 0x0863, 0x0863,
  0x0863, 0x0863, 0x0863, 0x0863, 0x0863, 0x0863, 0x0863, 0x0863, 0x0863, 0x0863, 0x0863, 0x0863,
  0x0863, 0x0863, 0x0863, 0x0863, 0x0863, 0x0863, 0x0863, 0x0863, 0x0863, 0x0863, 0x0863, 0x0863,
  0x0863, 0x0863, 0x0863, 0x0863, 0x0863, 0x0863, 0x0863, 0x0863, 0x0863, 0x0863, 0x0863, 0x0863,
  0x0863, 0x0863, 0x0863, 0x0863, 0x0863, 0x0863, 0x0863, 0x0863, 0x0863, 0x0863, 0x0863, 0x0863,
  0x0863, 0x0863, 0x0863, 0x0863, 0x0863, 0x0863, 0x0863, 0x0863, 0x0863, 0x0863, 0x0863, 0x0863,
  0x0863, 0x0863, 0x0863, 0x0863, 0x0863, 0x0863, 0x0863, 0x0863, 0x0863, 0x0863, 0x0863, 0x0863,
  0x0863, 0x0863, 0x0863, 0x0863, 0x0863, 0x0863, 0x0863, 0x0863, 0x0863, 0x0863, 0x0863, 0x0863,
  0x0863, 0x0863, 0x0863, 0x0863, 0x0863, 0x0863, 0x0863, 0x0863, 0x0863, 0x0863, 0x0863, 0x0863,
  0x0863, 0x0863, 0x0863, 0x0863, 0x0863, 0x0863, 0x0863, 0x0863, 0x0863, 0x0863, 0x0863, 0x0863,
  0x0863, 0x0863, 0x0863, 0x0863, 0x0863, 0x0863, 0x0863, 0x0863, 0x0863, 0x0863, 0x0863, 0x0863,
  0x0863, 0x0863, 0x0863, 0x0863, 0x0863, 0x0863, 0x0863, 0x0863, 0x0863, 0x0863, 0x0863, 0x0863,
  0x0863, 0x0863, 0x0863, 0x0863, 0x0863, 0x0863, 0x0863, 0x0863, 0x0863, 0x0863, 0x0863, 0x0863,
  0x0863, 0x0863, 0x0863, 0x0863, 0x0863, 0x0863, 0x0863, 0x0863, 0x0863, 0x0863, 0x0863, 0x0863,
  0x0863, 0x0863, 0x0863, 0x0863, 0x0863, 0x0863, 0x0863, 0x0863, 0x0863, 0x0863, 0x0863, 0x0863,
  0x0863, 0x0863, 0x0863, 0x0863, 0x0863, 0x0863, 0x0863, 0x0863, 0x0863, 0x0863, 0x0863, 0x0863,
  0x0863, 0x0863, 0x0863, 0x0863, 0x0863, 0x0863, 0x0863, 0x0863, 0x0863, 0x0863, 0x0863, 0x0863,
  0x0863, 0x0863, 0x0863, 0x0863, 0x0863, 0x0863, 0x0863, 0x0863, 0x0863, 0x0863, 0x0863, 0x0863,
  0x0863, 0x0863, 0x0863, 0x0863, 0x0863, 0x0863, 0x0863, 0x0863, 0x0863, 0x0863, 0x0863, 0x0863,
  0x0863, 0x0863, 0x0863, 0x0863, 0x0863, 0x0863, 0x0863, 0x0863, 0x0863, 0x0863, 0x0863, 0x0863,
  0x0863, 0x0863, 0x0863, 0x0863, 0x0863, 0x0863, 0x0863, 0x0863, 0x0863, 0x0863, 0x0863, 0x0863,
  0x0863, 0x0863, 0x0863, 0x0863, 0x0863, 0x0863, 0x0863, 0x0863, 0x0863, 0x0863, 0x0863, 0x0863,
  0x0863, 0x0863, 0x0863, 0x0863, 0x0863, 0x0863, 0x0863, 0x0863, 0x0863, 0x0863, 0x0863, 0x0863,
  0x0863, 0x0863, 0x0863, 0x0863, 0x0863, 0x0863, 0x0863, 0x0863, 0x0863, 0x0863, 0x0863, 0x0863,
  0x0863, 0x0863, 0x0863, 0x0863, 0x0863, 0x0863, 0x0863, 0x0863, 0x0863, 0x0863, 0x0863, 0x0863,
  0x0863, 0x0863, 0x0863, 0x0863, 0x0863, 0x0863, 0x0863, 0x0863, 0x0863, 0x0863, 0x0863, 0x0863,
  0x0863, 0x0863, 0x0863, 0x0863, 0x0863, 0x0863, 0x0863, 0x0863, 0x0863, 0x0863, 0x0863, 0x0863,
  0x0863, 0x0863, 0x0863, 0x0863, 0x0863, 0x0863, 0x0863, 0x0863, 0x0863, 0x0863, 0x0863, 0x0863,
  0x0863, 0x0863, 0x0863, 0x0863, 0x0863, 0x0863, 0x0863, 0x0863, 0x0863, 0x0863, 0x0863, 0x0863,
  0x0863, 0x0863, 0x0863, 0x0863, 0x0863, 0x0863, 0x0863, 0x0863, 0x0863, 0x0863, 0x0863, 0x0863,
  0x0863, 0x0863, 0x0863, 0x0863, 0x0863, 0x0863, 0x0863, 0x0863, 0x0863, 0x0863, 0x0863, 0x0863,
  0x0863, 0x0863, 0x0863, 0x0863, 0x0863, 0x0863, 0x0863, 0x0863, 0x0863, 0x0863, 0x0863, 0x0863,
  0x0863, 0x0863, 0x0863, 0x0863, 0x0863, 0x0863, 0x0863, 0x0863, 0x0863, 0x0863, 0x0863, 0x0863,
  0x0863, 0x0863, 0x0863, 0x0863, 0x0863, 0x0863, 0x0863, 0x0863, 0x0863, 0x0863, 0x0863, 0x0863,
  0x0863, 0x0863, 0x0863, 0x0863, 0x0863, 0x0863, 0x0863, 0x0863, 0x0863, 0x0863, 0x0863, 0x0863,
  0x0863, 0x0863, 0x0863, 0x0863, 0x0863, 0x0863, 0x0863, 0x0863, 0x0863, 0x0863, 0x0863, 0x0863,
  0x0863, 0x0863, 0x0863, 0x0863, 0x0863, 0x0863, 0x0863, 0x0863, 0x0863, 0x0863, 0x0863, 0x0863,
  0x0863, 0x0863, 0x0863, 0x0863, 0x0863, 0x0863, 0x0863, 0x0863, 0x0863, 0x0863, 0x0863, 0x0863,
  0x0863, 0x0863, 0x0863, 0x0863, 0x0863, 0x0863, 0x0863, 0x0863, 0x0863, 0x0863, 0x0863, 0x0863,
  0x0863, 0x0863, 0x0863, 0x0863, 0x0863, 0x0863, 0x0863, 0x0863, 0x0863, 0x0863, 0x0863, 0x0863,
  0x0863, 0x0863, 0x0863, 0x0863, 0x0863, 0x0863, 0x0863, 0x0863, 0x0863, 0x0863, 0x0863, 0x0863,
  0x0863, 0x0863, 0x0863, 0x0863, 0x0863, 0x0863, 0x0863, 0x0863, 0x0863, 0x0863, 0x0863, 0x0863,
  0x0863, 0x0863, 0x0863, 0x0863, 0x0863, 0x0863, 0x0863, 0x0863, 0x0863, 0x0863, 0x0863, 0x0863,
  0x0863, 0x0863, 0x0863, 0x0863, 0x0863, 0x0863, 0x0863, 0x0863, 0x0863, 0x0863, 0x0863, 0x0863,
  0x0863, 0x0863, 0x0863, 0x0863, 0x0863, 0x0863, 0x0863, 0x0863, 0x0863, 0x0863, 0x0863, 0x0863,
  0x0863, 0x0863, 0x0863, 0x0863, 0x0863, 0x0863, 0x0863, 0x0863, 0x0863, 0x0863, 0x0863, 0x0863,
  0x0863, 0x0863, 0x0863, 0x0863, 0x0863, 0x0863, 0x0863, 0x0863, 0x0863, 0x0863, 0x0863, 0x0863,
  0x0863, 0x0863, 0x0863, 0x0863, 0x0863, 0x0863, 0x0863, 0x0863, 0x0863, 0x0863, 0x0863, 0x0863,
  0x0863, 0x0863, 0x0863, 0x0863, 0x0863, 0x0863, 0x0863, 0x0863, 0x0863, 0x0863, 0x0863, 0x0863,
  0x0863, 0x0863, 0x0863, 0x0863, 0x0863, 0x0863, 0x0863, 0x0863, 0x0863, 0x0863, 0x0863, 0x0863,
  0x0863, 0x0863, 0x0863, 0x0863, 0x0863, 0x0863, 0x0863, 0x0863, 0x0863, 0x0863, 0x0863, 0x0863,
  0x0863, 0x0863, 0x0863, 0x0863, 0x0863, 0x0863, 0x0863, 0x0863, 0x0863, 0x0863, 0x0863, 0x0863,
  0x0863, 0x0863, 0x0863, 0x0863, 0x0863, 0x0863, 0x0863, 0x0863, 0x0863, 0x0863, 0x0863, 0x0863,
  0x0863, 0x0863, 0x0863, 0x0863, 0x0863, 0x0863, 0x0863, 0x0863, 0x0863, 0x0863, 0x0863, 0x0863,
  0x0863, 0x0863, 0x0863, 0x0863, 0x0863, 0x0863, 0x0863, 0x0863, 0x0863, 0x0863, 0x0863, 0x0863,
  0x0863, 0x0863, 0x0863, 0x0863, 0x0863, 0x0863, 0x0863, 0x0863, 0x0863, 0x0863, 0x0863, 0x0863,
  0x0863, 0x0863, 0x0863, 0x0863, 0x0863, 0x0863, 0x0863, 0x0863, 0x0863, 0x0863, 0x0863, 0x0863,
  0x0863, 0x0863, 0x0863, 0x0863, 0x0863, 0x0863, 0x0863, 0x0863, 0x0863, 0x0863, 0x0863, 0x0863,
  0x0863, 0x0863, 0x0863, 0x0863, 0x0863, 0x0863, 0x0863, 0x0863, 0x0863, 0x0863, 0x0863, 0x0863,
  0x0863, 0x0863, 0x0863, 0x0863, 0x0863, 0x0863, 0x0863, 0x0863, 0x0863, 0x0863, 0x0863, 0x0863,
  0x0863, 0x0863, 0x0863, 0x0863, 0x0863, 0x0863, 0x0863, 0x0863, 0x0863, 0x0863, 0x0863, 0x0863,
  0x0863, 0x0863, 0x0863, 0x0863, 0x0863, 0x0863, 0x0863, 0x0863, 0x0863, 0x0863, 0x0863, 0x0863,
  0x0863, 0x0863, 0x0863, 0x0863, 0x0863, 0x0863, 0x0863, 0x0863, 0x0863, 0x0863, 0x0863, 0x0863,
  0x0863, 0x0863, 0x0863, 0x0863, 0x0863, 0x0863, 0x0863, 0x0863, 0x0863, 0x0863, 0x0863, 0x0863,
  0x0863, 0x0863, 0x0863, 0x0863, 0x0863, 0x0863, 0x0863, 0x0863, 0x0863, 0x0863, 0x0863, 0x0863,
  0x0863, 0x0863, 0x0863, 0x0863, 0x0863, 0x0863, 0x0863, 0x0863, 0x0863, 0x0863, 0x0863, 0x0863,
  0x0863, 0x0863, 0x0863, 0x0863, 0x0863, 0x0863, 0x0863, 0x0863, 0x0863, 0x0863, 0x0863, 0x0863,
  0x0863, 0x0863, 0x0863, 0x0863, 0x0863, 0x0863, 0x0863, 0x0863, 0x0863, 0x0863, 0x0863, 0x0863,
  0x0863, 0x0863, 0x0863, 0x0863, 0x0863, 0x0863, 0x0863, 0x0863, 0x0863, 0x0863, 0x0863, 0x0863,
  0x0863, 0x0863, 0x0863, 0x0863, 0x0863, 0x0863, 0x0863, 0x0863, 0x0863, 0x0863, 0x0863, 0x0863,
  0x0863, 0x0863, 0x0863, 0x0863, 0x0863, 0x0863, 0x0863, 0x0863, 0x0863, 0x0863, 0x0863, 0x0863,
  0x0863, 0x0863, 0x0863, 0x0863, 0x0863, 0x0863, 0x0863, 0x0863, 0x0863, 0x0863, 0x0863, 0x0863,
  0x0863, 0x0863, 0x0863, 0x0863, 0x0863, 0x0863, 0x0863, 0x0863, 0x0863, 0x0863, 0x0863, 0x0863,
  0x0863, 0x0863, 0x0863, 0x0863, 0x0863, 0x0863, 0x0863, 0x0863, 0x0863, 0x0863, 0x0863, 0x0863,
  0x0863, 0x0863, 0x0863, 0x0863, 0x0863, 0x0863, 0x0863, 0x0863, 0x0863, 0x0863, 0x0863, 0x0863,
  0x0863, 0x0863, 0x0863, 0x0863, 0x0863, 0x0863, 0x0863, 0x0863, 0x0863, 0x0863, 0x0863, 0x0863,
  0x0863, 0x0863, 0x0863, 0x0863, 0x0863, 0x0863, 0x0863, 0x0863, 0x0863, 0x0863, 0x0863, 0x0863,
  0x0863, 0x0863, 0x0863, 0x0863, 0x0863, 0x0863, 0x0863, 0x0863, 0x0863, 0x0863, 0x0863, 0x0863,
  0x0863, 0x0863, 0x0863, 0x0863, 0x0863, 0x0863, 0x0863, 0x0863, 0x0863, 0x0863, 0x0863, 0x0863,
  0x0863, 0x0863, 0x0863, 0x0863, 0x0863, 0x0863, 0x0863, 0x0863, 0x0863, 0x0863, 0x0863, 0x0863,
  0x0863, 0x0863, 0x0863, 0x0863, 0x0863, 0x0863, 0x0863, 0x0863, 0x0863, 0x0863, 0x0863, 0x0863,
  0x0863, 0x0863, 0x0863, 0x0863, 0x0863, 0x0863, 0x0863, 0x0863, 0x0863, 0x0863, 0x0863, 0x0863,
  0x0863, 0x0863, 0x0863, 0x0863, 0x0863, 0x0863, 0x0863, 0x0863, 0x0863, 0x0863, 0x0863, 0x0863,
  0x0863, 0x0863, 0x0863, 0x0863, 0x0863, 0x0863, 0x0863, 0x0863, 0x0863, 0x0863, 0x0863, 0x0863,
  0x0863, 0x0863, 0x0863, 0x0863, 0x0863, 0x0863, 0x0863, 0x0863, 0x0863, 0x0863, 0x0863, 0x0863,
  0x0863, 0x0863, 0x0863, 0x0863, 0x0863, 0x0863, 0x0863, 0x0863, 0x0863, 0x0863, 0x0863, 0x0863,
  0x0863, 0x0863, 0x0863, 0x0863, 0x0863, 0x0863, 0x0863, 0x0863, 0x0863, 0x0863, 0x0863, 0x0863,
  0x0863, 0x0863, 0x0863, 0x0863, 0x0863, 0x0863, 0x0863, 0x0863, 0x0863, 0x0863, 0x0863, 0x0863,
  0x0863, 0x0863, 0x0863, 0x0863, 0x0863, 0x0863, 0x0863, 0x0863, 0x0863, 0x0863, 0x0863, 0x0863,
  0x0863, 0x0863, 0x0863, 0x0863, 0x0863, 0x0863, 0x0863, 0x0863, 0x0863, 0x0863, 0x0863, 0x0863,
  0x0863, 0x0863, 0x0863, 0x0863, 0x0863, 0x0863, 0x0863, 0x0863, 0x0863, 0x0863, 0x0863, 0x0863,
  0x0863, 0x0863, 0x0863, 0x0863, 0x0863, 0x0863, 0x0863, 0x0863, 0x0863, 0x0863, 0x0863, 0x0863,
  0x0863, 0x0863, 0x0863, 0x0863, 0x0863, 0x0863, 0x0863, 0x0863, 0x0863, 0x0863, 0x0863, 0x0863,
  0x0863, 0x0863, 0x0863, 0x0863, 0x0863, 0x0863, 0x0863, 0x0863, 0x0863, 0x0863, 0x0863, 0x0863,
  0x0863, 0x0863, 0x0863, 0x0863, 0x0863, 0x0863, 0x0863, 0x0863, 0x0863, 0x0863, 0x0863, 0x0863,
  0x0863, 0x0863, 0x0863, 0x0863, 0x0863, 0x0863, 0x0863, 0x0863, 0x0863, 0x0863, 0x0863, 0x0863,
  0x0863, 0x0863, 0x0863, 0x0863, 0x0863, 0x0863, 0x0863, 0x0863, 0x0863, 0x0863, 0x0863, 0x0863,
  0x0863, 0x0863, 0x0863, 0x0863, 0x0863, 0x0863, 0x0863, 0x0863, 0x0863, 0x0863, 0x0863, 0x0863,
  0x0863, 0x0863, 0x0863, 0x0863, 0x0863, 0x0863, 0x0863, 0x0863, 0x0863, 0x0863, 0x0863, 0x0863,
  0x0863, 0x0863, 0x0863, 0x0863, 0x0863, 0x0863, 0x0863, 0x0863, 0x0863, 0x0863, 0x0863, 0x0863,
  0x0863, 0x0863, 0x0863, 0x0863, 0x0863, 0x0863, 0x0863, 0x0863, 0x0863, 0x0863, 0x0863, 0x0863,
  0x0863, 0x0863, 0x0863, 0x0863, 0x0863, 0x0863, 0x0863, 0x0863, 0x0863, 0x0863, 0x0863, 0x0863,
  0x0863, 0x0863, 0x0863, 0x0863, 0x0863, 0x0863, 0x0863, 0x0863, 0x0863, 0x0863, 0x0863, 0x0863,
  0x0863, 0x0863, 0x0863, 0x0863, 0x0863, 0x0863, 0x0863, 0x0863, 0x0863, 0x0863, 0x0863, 0x0863,
  0x0863, 0x0863, 0x0863, 0x0863, 0x0863, 0x0863, 0x0863, 0x0863, 0x0863, 0x0863, 0x0863, 0x0863,
  0x0863, 0x0863, 0x0863, 0x0863, 0x0863, 0x0863, 0x0863, 0x0863, 0x0863, 0x0863, 0x0863, 0x0863,
  0x0863, 0x0863, 0x0863, 0x0863, 0x0863, 0x0863, 0x0863, 0x0863, 0x0863, 0x0863, 0x0863, 0x0863,
  0x0863, 0x0863, 0x0863, 0x0863, 0x0863, 0x0863, 0x0863, 0x0863, 0x0863, 0x0863, 0x0863, 0x0863,
  0x0863, 0x0863, 0x0863, 0x0863, 0x0863, 0x0863, 0x0863, 0x0863, 0x0863, 0x0863, 0x0863, 0x0863,
  0x0863, 0x0863, 0x0863, 0x0863, 0x0863, 0x0863, 0x0863, 0x0863, 0x0863, 0x0863, 0x0863, 0x0863,
  0x0863, 0x0863, 0x0863, 0x0863, 0x0863, 0x0863, 0x0863, 0x0863, 0x0863, 0x0863, 0x0863, 0x0863,
  0x0863, 0x0863, 0x0863, 0x0863, 0x0863, 0x0863, 0x0863, 0x0863, 0x0863, 0x0863, 0x0863, 0x0863,
  0x0863, 0x0863, 0x0863, 0x0863, 0x0863, 0x0863, 0x0863, 0x0863, 0x0863, 0x0863, 0x0863, 0x0863,
  0x0863, 0x0863, 0x0863, 0x0863, 0x0863, 0x0863, 0x0863, 0x0863, 0x0863, 0x0863, 0x0863, 0x0863,
  0x0863, 0x0863, 0x0863, 0x0863, 0x0863, 0x0863, 0x0863, 0x0863, 0x0863, 0x0863, 0x0863, 0x0863,
  0x0863, 0x0863, 0x0863, 0x0863, 0x0863, 0x0863, 0x0863, 0x0863, 0x0863, 0x0863, 0x0863, 0x0863,
  0x0863, 0x0863, 0x0863, 0x0863, 0x0863, 0x0863, 0x0863, 0x0863, 0x0863, 0x0863, 0x0863, 0x0863,
  0x0863, 0x0863, 0x0863, 0x0863, 0x0863, 0x0863, 0x0863, 0x0863, 0x0863, 0x0863, 0x0863, 0x0863,
  0x0863, 0x0863, 0x0863, 0x0863, 0x0863, 0x0863, 0x0863, 0x0863, 0x0863, 0x0863, 0x0863, 0x0863,
  0x0863, 0x0863, 0x0863, 0x0863, 0x0863, 0x0863, 0x0863, 0x0863, 0x0863, 0x0863, 0x0863, 0x0863,
  0x0863, 0x0863, 0x0863, 0x0863, 0x0863, 0x0863, 0x0863, 0x0863, 0x0863, 0x0863, 0x0863, 0x0863,
  0x0863, 0x0863, 0x0863, 0x0863, 0x0863, 0x0863, 0x0863, 0x0863, 0x0863, 0x0863, 0x0863, 0x0863,
  0x0863, 0x0863, 0x0863, 0x0863, 0x0863, 0x0863, 0x0863, 0x0863, 0x0863, 0x0863, 0x0863, 0x0863,
  0x0863, 0x0863, 0x0863, 0x0863, 0x0863, 0x0863, 0x0863, 0x0863, 0x0863, 0x0863, 0x0863, 0x0863,
  0x0863, 0x0863, 0x0863, 0x0863, 0x0863, 0x0863, 0x0863, 0x0863, 0x0863, 0x0863, 0x0863, 0x0863,
  0x0863, 0x0863, 0x0863, 0x0863, 0x0863, 0x0863, 0x0863, 0x0863, 0x0863, 0x0863, 0x0863, 0x0863,
  0x0863, 0x0863, 0x0863, 0x0863, 0x0863, 0x0863, 0x0863, 0x0863, 0x0863, 0x0863, 0x0863, 0x0863,
  0x0863, 0x0863, 0x0863, 0x0863, 0x0863, 0x0863, 0x0863, 0x0863, 0x0863, 0x0863, 0x0863, 0x0863,
  0x0863, 0x0863, 0x0863, 0x0863, 0x0863, 0x0863, 0x0863, 0x0863, 0x0863, 0x0863, 0x0863, 0x0863,
  0x0863, 0x0863, 0x0863, 0x0863, 0x0863, 0x0863, 0x0863, 0x0863, 0x0863, 0x0863, 0x0863, 0x0863,
  0x0863, 0x0863, 0x0863, 0x0863, 0x0863, 0x0863, 0x0863, 0x0863, 0x0863, 0x0863, 0x0863, 0x0863,
  0x0863, 0x0863, 0x0863, 0x0863, 0x0863, 0x0863, 0x0863, 0x0863, 0x0863, 0x0863, 0x0863, 0x0863,
  0x0863, 0x0863, 0x0863, 0x0863, 0x0863, 0x0863, 0x0863, 0x0863, 0x0863, 0x0863, 0x0863, 0x0863,
  0x0863, 0x0863, 0x0863, 0x0863, 0x0863, 0x0863, 0x0863, 0x0863, 0x0863, 0x0863, 0x0863, 0x0863,
  0x0863, 0x0863, 0x0863, 0x0863, 0x0863, 0x0863, 0x0863, 0x0863, 0x0863, 0x0863, 0x0863, 0x0863,
  0x0863, 0x0863, 0x0863, 0x0863, 0x0863, 0x0863, 0x0863, 0x0863, 0x0863, 0x0863, 0x0863, 0x0863,
  0x0863, 0x0863, 0x0863, 0x0863, 0x0863, 0x0863, 0x0863, 0x0863, 0x0863, 0x0863, 0x0863, 0x0863,
  0x0863, 0x0863, 0x0863, 0x0863, 0x0863, 0x0863, 0x0863, 0x0863, 0x0863, 0x0863, 0x0863, 0x0863,
  0x0863, 0x0863, 0x0863, 0x0863, 0x0863, 0x0863, 0x0863, 0x0863, 0x0863, 0x0863, 0x0863, 0x0863,
  0x0863, 0x0863, 0x0863, 0x0863, 0x0863, 0x0863, 0x0863, 0x0863, 0x0863, 0x0863, 0x0863, 0x0863,
  0x0863, 0x0863, 0x0863, 0x0863, 0x0863, 0x0863, 0x0863, 0x0863, 0x0863, 0x0863, 0x0863, 0x0863,
  0x0863, 0x0863, 0x0863, 0x0863, 0x0863, 0x0863, 0x0863, 0x0863, 0x0863, 0x0863, 0x0863, 0x0863,
  0x0863, 0x0863, 0x0863, 0x0863, 0x0863, 0x0863, 0x0863, 0x0863, 0x0863, 0x0863, 0x0863, 0x0863,
  0x0863, 0x0863, 0x0863, 0x0863, 0x0863, 0x0863, 0x0863, 0x0863, 0x0863, 0x0863, 0x0863, 0x0863,
  0x0863, 0x0863, 0x0863, 0x0863, 0x0863, 0x0863, 0x0863, 0x0863, 0x0863, 0x0863, 0x0863, 0x0863,
  0x0863, 0x0863, 0x0863, 0x0863, 0x0863, 0x0863, 0x0863, 0x0863, 0x0863, 0x0863, 0x0863, 0x0863,
  0x0863, 0x0863, 0x0863, 0x0863, 0x0863, 0x0863, 0x0863, 0x0863, 0x0863, 0x0863, 0x0863, 0x0863,
  0x0863, 0x0863, 0x0863, 0x0863, 0x0863, 0x0863, 0x0863, 0x0863, 0x0863, 0x0863, 0x0863, 0x0863,
  0x0863, 0x0863, 0x0863, 0x0863, 0x0863, 0x0863, 0x0863, 0x0863, 0x0863, 0x0863, 0x0863, 0x0863,
  0x0863, 0x0863, 0x0863, 0x0863, 0x0863, 0x0863, 0x0863, 0x0863, 0x0863, 0x0863, 0x0863, 0x0863,
  0x0863, 0x0863, 0x0863, 0x0863, 0x0863, 0x0863, 0x0863, 0x0863, 0x0863, 0x0863, 0x0863, 0x0863,
  0x0863, 0x0863, 0x0863, 0x0863, 0x0863, 0x0863, 0x0863, 0x0863, 0x0863, 0x0863, 0x0863, 0x0863,
  0x0863, 0x0863, 0x0863, 0x0863, 0x0863, 0x0863, 0x0863, 0x0863, 0x0863, 0x0863, 0x0863, 0x0863,
  0x0863, 0x0863, 0x0863, 0x0863, 0x0863, 0x0863, 0x0863, 0x0863, 0x0863, 0x0863, 0x0863, 0x0863,
  0x0863, 0x0863, 0x0863, 0x0863, 0x0863, 0x0863, 0x0863, 0x0863, 0x0863, 0x0863, 0x0863, 0x0863,
  0x0863, 0x0863, 0x0863, 0x0863, 0x0863, 0x0863, 0x0863, 0x0863, 0x0863, 0x0863, 0x0863, 0x0863,
  0x0863, 0x0863, 0x0863, 0x0863, 0x0863, 0x0863, 0x0863, 0x0863, 0x0863, 0x0863, 0x0863, 0x0863,
  0x0863, 0x0863, 0x0863, 0x0863, 0x0863, 0x0863, 0x0863, 0x0863, 0x0863, 0x0863, 0x0863, 0x0863,
  0x0863, 0x0863, 0x0863, 0x0863, 0x0863, 0x0863, 0x0863, 0x0863, 0x0863, 0x0863, 0x0863, 0x0863,
  0x0863, 0x0863, 0x0863, 0x0863, 0x0863, 0x0863, 0x0863, 0x0863, 0x0863, 0x0863, 0x0863, 0x0863,
  0x0863, 0x0863, 0x0863, 0x0863, 0x0863, 0x0863, 0x0863, 0x0863, 0x0863, 0x0863, 0x0863, 0x0863,
  0x0863, 0x0863, 0x0863, 0x0863, 0x0863, 0x0863, 0x0863, 0x0863, 0x0863, 0x0863, 0x0863, 0x0863,
  0x0863, 0x0863, 0x0863, 0x0863, 0x0863, 0x0863, 0x0863, 0x0863, 0x0863, 0x0863, 0x0863, 0x0863,
  0x0863, 0x0863, 0x0863, 0x0863, 0x0863, 0x0863, 0x0863, 0x0863, 0x0863, 0x0863, 0x0863, 0x0863,
  0x0863, 0x0863, 0x0863, 0x0863, 0x0863, 0x0863, 0x0863, 0x0863, 0x0863, 0x0863, 0x0863, 0x0863,
  0x0863, 0x0863, 0x0863, 0x0863, 0x0863, 0x0863, 0x0863, 0x0863, 0x0863, 0x0863, 0x0863, 0x0863,
  0x0863, 0x0863, 0x0863, 0x0863, 0x0863, 0x0863, 0x0863, 0x0863, 0x0863, 0x0863, 0x0863, 0x0863,
  0x0863, 0x0863, 0x0863, 0x0863, 0x0863, 0x0863, 0x0863, 0x0863, 0x0863, 0x0863, 0x0863, 0x0863,
  0x0863, 0x0863, 0x0863, 0x0863, 0x0863, 0x0863, 0x0863, 0x0863, 0x0863, 0x0863, 0x0863, 0x0863,
  0x0863, 0x0863, 0x0863, 0x0863, 0x0863, 0x0863, 0x0863, 0x0863, 0x0863, 0x0863, 0x0863, 0x0863,
  0x0863, 0x0863, 0x0863, 0x0863, 0x0863, 0x0863, 0x0863, 0x0863, 0x0863, 0x0863, 0x0863, 0x0863,
  0x0863, 0x0863, 0x0863, 0x0863, 0x0863, 0x0863, 0x0863, 0x0863, 0x0863, 0x0863, 0x0863, 0x0863,
  0x0863, 0x0863, 0x0863, 0x0863, 0x0863, 0x0863, 0x0863, 0x0863, 0x0863, 0x0863, 0x0863, 0x0863,
  0x0863, 0x0863, 0x0863, 0x0863, 0x0863, 0x0863, 0x0863, 0x0863, 0x0863, 0x0863, 0x0863, 0x0863,
  0x0863, 0x0863, 0x0863, 0x0863, 0x0863, 0x0863, 0x0863, 0x0863, 0x0863, 0x0863, 0x0863, 0x0863,
  0x0863, 0x0863, 0x0863, 0x0863, 0x0863, 0x0863, 0x0863, 0x0863, 0x0863, 0x0863, 0x0863, 0x0863,
  0x0863, 0x0863, 0x0863, 0x0863, 0x0863, 0x0863, 0x0863, 0x0863, 0x0863, 0x0863, 0x0863, 0x0863,
  0x0863, 0x0863, 0x0863, 0x0863, 0x0863, 0x0863, 0x0863, 0x0863, 0x0863, 0x0863, 0x0863, 0x0863,
  0x0863, 0x0863, 0x0863, 0x0863, 0x0863, 0x0863, 0x0863, 0x0863, 0x0863, 0x0863, 0x0863, 0x0863,
  0x0863, 0x0863, 0x0863, 0x0863, 0x0863, 0x0863, 0x0863, 0x0863, 0x0863, 0x0863, 0x0863, 0x0863,
  0x0863, 0x0863, 0x0863, 0x0863, 0x0863, 0x0863, 0x0863, 0x0863, 0x0863, 0x0863, 0x0863, 0x0863,
  0x0863, 0x0863, 0x0863, 0x0863, 0x0863, 0x0863, 0x0863, 0x0863, 0x0863, 0x0863, 0x0863, 0x0863,
  0x0863, 0x0863, 0x0863, 0x0863, 0x0863, 0x0863, 0x0863, 0x0863, 0x0863, 0x0863, 0x0863, 0x0863,
  0x0863, 0x0863, 0x0863, 0x0863, 0x0863, 0x0863, 0x0863, 0x0883, 0x0883, 0x0883, 0x0883, 0x0863,
  0x0863, 0x0863, 0x0863, 0x0863, 0x0863, 0x0863, 0x0863, 0x0863, 0x0863, 0x0863, 0x0863, 0x0863,
  0x0863, 0x0863, 0x0863, 0x0863, 0x0863, 0x0863, 0x0863, 0x0863, 0x0863, 0x0863, 0x0863, 0x0863,
  0x0863, 0x0863, 0x0863, 0x0863, 0x0863, 0x0863, 0x0863, 0x0863, 0x0863, 0x0863, 0x0863, 0x0863,
  0x0863, 0x0863, 0x0863, 0x0863, 0x0863, 0x0863, 0x0863, 0x0863, 0x0863, 0x0863, 0x0863, 0x0863,
  0x0863, 0x0863, 0x0863, 0x0863, 0x0863, 0x0863, 0x0863, 0x0863, 0x0863, 0x0863, 0x0863, 0x0863,
  0x0863, 0x0863, 0x0863, 0x0863, 0x0863, 0x0863, 0x0863, 0x0863, 0x0863, 0x0863, 0x0863, 0x0863,
  0x0863, 0x0863, 0x0863, 0x0863, 0x0863, 0x0863, 0x0863, 0x0863, 0x0863, 0x0863, 0x0863, 0x0863,
  0x0863, 0x0863, 0x0863, 0x0863, 0x0863, 0x0863, 0x0863, 0x0863, 0x0863, 0x0863, 0x0863, 0x0863,
  0x0863, 0x0863, 0x0863, 0x0863, 0x0863, 0x0863, 0x0863, 0x0863, 0x0863, 0x0863, 0x0863, 0x0863,
  0x0863, 0x0863, 0x0863, 0x0863, 0x0863, 0x0863, 0x0863, 0x0863, 0x0863, 0x0863, 0x0863, 0x0863,
  0x0863, 0x0863, 0x0863, 0x0863, 0x0863, 0x0863, 0x0863, 0x0863, 0x0863, 0x0863, 0x0863, 0x0863,
  0x0863, 0x0863, 0x0863, 0x0863, 0x0863, 0x0863, 0x0863, 0x0863, 0x0863, 0x0863, 0x0863, 0x0863,
  0x0863, 0x0863, 0x0863, 0x0863, 0x0863, 0x0863, 0x0863, 0x0863, 0x0863, 0x0863, 0x0863, 0x0863,
  0x0863, 0x0863, 0x0863, 0x0863, 0x0863, 0x0863, 0x0863, 0x0863, 0x0863, 0x0863, 0x0863, 0x0863,
  0x0863, 0x0863, 0x0863, 0x0863, 0x0863, 0x0863, 0x0863, 0x0863, 0x0863, 0x0863, 0x0863, 0x0863,
  0x0863, 0x0863, 0x0863, 0x0863, 0x0863, 0x0863, 0x0863, 0x0863, 0x0863, 0x0863, 0x0863, 0x0863,
  0x0863, 0x0863, 0x0863, 0x0863, 0x0863, 0x0863, 0x0863, 0x0863, 0x0863, 0x0863, 0x0863, 0x0863,
  0x0863, 0x0863, 0x0863, 0x0863, 0x0863, 0x0863, 0x0863, 0x0863, 0x0863, 0x0863, 0x0863, 0x0863,
  0x0863, 0x0863, 0x0863, 0x0863, 0x0863, 0x0863, 0x0863, 0x0863, 0x0863, 0x0863, 0x0863, 0x0863,
  0x0863, 0x0863, 0x0863, 0x0863, 0x0883, 0x0883, 0x0883, 0x0862, 0x0042, 0x0021, 0x0042, 0x0863,
  0x0884, 0x10A4, 0x0863, 0x0863, 0x0863, 0x0863, 0x0863, 0x0863, 0x0863, 0x0863, 0x0863, 0x0863,
  0x0863, 0x0863, 0x0863, 0x0863, 0x0863, 0x0863, 0x0863, 0x0863, 0x0863, 0x0863, 0x0863, 0x0863,
  0x0863, 0x0863, 0x0863, 0x0863, 0x0863, 0x0863, 0x0863, 0x0863, 0x0863, 0x0863, 0x0863, 0x0863,
  0x0863, 0x0863, 0x0863, 0x0863, 0x0863, 0x0863, 0x0863, 0x0863, 0x0863, 0x0863, 0x0863, 0x0863,
  0x0863, 0x0863, 0x0863, 0x0863, 0x0863, 0x0863, 0x0863, 0x0863, 0x0863, 0x0863, 0x0863, 0x0863,
  0x0863, 0x0863, 0x0863, 0x0863, 0x0863, 0x0863, 0x0863, 0x0863, 0x0863, 0x0863, 0x0863, 0x0863,
  0x0863, 0x0863, 0x0863, 0x0863, 0x0863, 0x0863, 0x0863, 0x0863, 0x0863, 0x0863, 0x0863, 0x0863,
  0x0863, 0x0863, 0x0863, 0x0863, 0x0863, 0x0863, 0x0863, 0x0863, 0x0863, 0x0863, 0x0863, 0x0863,
  0x0863, 0x0863, 0x0863, 0x0863, 0x0863, 0x0863, 0x0863, 0x0863, 0x0863, 0x0863, 0x0863, 0x0863,
  0x0863, 0x0863, 0x0863, 0x0863, 0x0863, 0x0863, 0x0863, 0x0863, 0x0863, 0x0863, 0x0863, 0x0863,
  0x0863, 0x0863, 0x0863, 0x0863, 0x0863, 0x0863, 0x0863, 0x0863, 0x0863, 0x0863, 0x0863, 0x0863,
  0x0863, 0x0863, 0x0863, 0x0863, 0x0863, 0x0863, 0x0863, 0x0863, 0x0863, 0x0863, 0x0863, 0x0863,
  0x0863, 0x0863, 0x0863, 0x0863, 0x0863, 0x0863, 0x0863, 0x0863, 0x0863, 0x0863, 0x0863, 0x0863,
  0x0863, 0x0863, 0x0863, 0x0863, 0x0863, 0x0863, 0x0863, 0x0863, 0x0863, 0x0863, 0x0863, 0x0863,
  0x0863, 0x0863, 0x0863, 0x0863, 0x0863, 0x0863, 0x0863, 0x0863, 0x0863, 0x0863, 0x0863, 0x0863,
  0x0863, 0x0863, 0x0863, 0x0863, 0x0863, 0x0863, 0x0863, 0x0863, 0x0863, 0x0863, 0x0863, 0x0863,
  0x0863, 0x0863, 0x0863, 0x0863, 0x0863, 0x0863, 0x0863, 0x0863, 0x0863, 0x0863, 0x0863, 0x0863,
  0x0863, 0x0863, 0x0863, 0x0863, 0x0863, 0x0863, 0x0863, 0x0863, 0x0863, 0x0863, 0x0863, 0x0863,
  0x0863, 0x0863, 0x0863, 0x0863, 0x0863, 0x0863, 0x0863, 0x0863, 0x0863, 0x0863, 0x0863, 0x0863,
  0x0863, 0x0883, 0x0883, 0x0863, 0x0042, 0x0021, 0x0842, 0x10C6, 0x298A, 0x4270, 0x5315, 0x63B8,
  0x6BFA, 0x743C, 0x42B2, 0x0042, 0x0883, 0x0863, 0x0863, 0x0863, 0x0863, 0x0863, 0x0863, 0x0863,
  0x0863, 0x0863, 0x0863, 0x0863, 0x0863, 0x0863, 0x0863, 0x0863, 0x0863, 0x0863, 0x0863, 0x0863,
  0x0863, 0x0863, 0x0863, 0x0863, 0x0863, 0x0863, 0x0863, 0x0863, 0x0863, 0x0863, 0x0863, 0x0863,
  0x0863, 0x0863, 0x0863, 0x0863, 0x0863, 0x0863, 0x0863, 0x0863, 0x0863, 0x0863, 0x0863, 0x0863,
  0x0863, 0x0863, 0x0863, 0x0863, 0x0863, 0x0863, 0x0863, 0x0863, 0x0863, 0x0863, 0x0863, 0x0863,
  0x0863, 0x0863, 0x0863, 0x0863, 0x0863, 0x0863, 0x0863, 0x0863, 0x0863, 0x0863, 0x0863, 0x0863,
  0x0863, 0x0863, 0x0863, 0x0863, 0x0863, 0x0863, 0x0863, 0x0863, 0x0863, 0x0863, 0x0863, 0x0863,
  0x0863, 0x0863, 0x0863, 0x0863, 0x0863, 0x0863, 0x0863, 0x0863, 0x0863, 0x0863, 0x0863, 0x0863,
  0x0863, 0x0863, 0x0863, 0x0863, 0x0863, 0x0863, 0x0863, 0x0863, 0x0863, 0x0863, 0x0863, 0x0863,
  0x0863, 0x0863, 0x0863, 0x0863, 0x0863, 0x0863, 0x0863, 0x0863, 0x0863, 0x0863, 0x0863, 0x0863,
  0x0863, 0x0863, 0x0863, 0x0863, 0x0863, 0x0863, 0x0863, 0x0863, 0x0863, 0x0863, 0x0863, 0x0863,
  0x0863, 0x0863, 0x0863, 0x0863, 0x0863, 0x0863, 0x0863, 0x0863, 0x0863, 0x0863, 0x0863, 0x0863,
  0x0863, 0x0863, 0x0863, 0x0863, 0x0863, 0x0863, 0x0863, 0x0863, 0x0863, 0x0863, 0x0863, 0x0863,
  0x0863, 0x0863, 0x0863, 0x0863, 0x0863, 0x0863, 0x0863, 0x0863, 0x0863, 0x0863, 0x0863, 0x0863,
  0x0863, 0x0863, 0x0863, 0x0863, 0x0863, 0x0863, 0x0863, 0x0863, 0x0863, 0x0863, 0x0863, 0x0863,
  0x0863, 0x0863, 0x0863, 0x0863, 0x0863, 0x0863, 0x0863, 0x0863, 0x0863, 0x0863, 0x0863, 0x0863,
  0x0863, 0x0863, 0x0863, 0x0863, 0x0863, 0x0863, 0x0863, 0x0863, 0x0863, 0x0863, 0x0863, 0x0863,
  0x0863, 0x0863, 0x0863, 0x0863, 0x0863, 0x0863, 0x0863, 0x0863, 0x0863, 0x0863, 0x0863, 0x0863,
  0x0863, 0x0863, 0x0863, 0x0863, 0x0863, 0x0863, 0x0863, 0x0863, 0x0863, 0x0863, 0x0883, 0x0883,
  0x0863, 0x0042, 0x0021, 0x0884, 0x2149, 0x4270, 0x6377, 0x743C, 0x849F, 0x84BF, 0x84BF, 0x7C9F,
  0x7C7E, 0x84BF, 0x5B77, 0x0042, 0x0883, 0x0863, 0x0863, 0x0863, 0x0863, 0x0863, 0x0863, 0x0863,
  0x0863, 0x0863, 0x0863, 0x0863, 0x0863, 0x0863, 0x0863, 0x0863, 0x0863, 0x0863, 0x0863, 0x0863,
  0x0863, 0x0863, 0x0863, 0x0863, 0x0863, 0x0863, 0x0863, 0x0863, 0x0863, 0x0863, 0x0863, 0x0863,
  0x0863, 0x0863, 0x0863, 0x0863, 0x0863, 0x0863, 0x0863, 0x0863, 0x0863, 0x0863, 0x0863, 0x0863,
  0x0863, 0x0863, 0x0863, 0x0863, 0x0863, 0x0863, 0x0863, 0x0863, 0x0863, 0x0863, 0x0863, 0x0863,
  0x0863, 0x0863, 0x0863, 0x0863, 0x0863, 0x0863, 0x0863, 0x0863, 0x0863, 0x0863, 0x0863, 0x0863,
  0x0863, 0x0863, 0x0863, 0x0863, 0x0863, 0x0863, 0x0863, 0x0863, 0x0863, 0x0863, 0x0863, 0x0863,
  0x0863, 0x0863, 0x0863, 0x0863, 0x0863, 0x0863, 0x0863, 0x0863, 0x0863, 0x0863, 0x0863, 0x0863,
  0x0863, 0x0863, 0x0863, 0x0863, 0x0863, 0x0863, 0x0863, 0x0863, 0x0863, 0x0863, 0x0863, 0x0863,
  0x0863, 0x0863, 0x0863, 0x0863, 0x0863, 0x0863, 0x0863, 0x0863, 0x0863, 0x0863, 0x0863, 0x0863,
  0x0863, 0x0863, 0x0863, 0x0863, 0x0863, 0x0863, 0x0863, 0x0863, 0x0863, 0x0863, 0x0863, 0x0863,
  0x0863, 0x0863, 0x0863, 0x0863, 0x0863, 0x0863, 0x0863, 0x0863, 0x0863, 0x0863, 0x0863, 0x0863,
  0x0863, 0x0863, 0x0863, 0x0863, 0x0863, 0x0863, 0x0863, 0x0863, 0x0863, 0x0863, 0x0863, 0x0863,
  0x0863, 0x0863, 0x0863, 0x0863, 0x0863, 0x0863, 0x0863, 0x0863, 0x0863, 0x0863, 0x0863, 0x0863,
  0x0863, 0x0863, 0x0863, 0x0863, 0x0863, 0x0863, 0x0863, 0x0863, 0x0863, 0x0863, 0x0863, 0x0863,
  0x0863, 0x0863, 0x0863, 0x0863, 0x0863, 0x0863, 0x0863, 0x0863, 0x0863, 0x0863, 0x0863, 0x0863,
  0x0863, 0x0863, 0x0863, 0x0863, 0x0863, 0x0863, 0x0863, 0x0863, 0x0863, 0x0863, 0x0863, 0x0863,
  0x0863, 0x0863, 0x0863, 0x0863, 0x0863, 0x0863, 0x0863, 0x0863, 0x0863, 0x0863, 0x0863, 0x0863,
  0x0863, 0x0863, 0x0863, 0x0863, 0x0863, 0x0863, 0x0863, 0x0883, 0x0883, 0x0863, 0x0042, 0x0021,
  0x0884, 0x296A, 0x4AB2, 0x73FA, 0x847E, 0x84BF, 0x849F, 0x7C7E, 0x7C5D, 0x7C5D, 0x7C5D, 0x7C7E,
  0x745D, 0x7CBF, 0x5335, 0x0042, 0x0883, 0x0863, 0x0863, 0x0863, 0x0863, 0x0863, 0x0863, 0x0863,
  0x0863, 0x0863, 0x0863, 0x0863, 0x0863, 0x0863, 0x0863, 0x0863, 0x0863, 0x0863, 0x0863, 0x0863,
  0x0863, 0x0863, 0x0863, 0x0863, 0x0863, 0x0863, 0x0863, 0x0863, 0x0863, 0x0863, 0x0863, 0x0863,
  0x0863, 0x0863, 0x0863, 0x0863, 0x0863, 0x0863, 0x0863, 0x0863, 0x0863, 0x0863, 0x0863, 0x0863,
  0x0863, 0x0863, 0x0863, 0x0863, 0x0863, 0x0863, 0x0863, 0x0863, 0x0863, 0x0863, 0x0863, 0x0863,
  0x0863, 0x0863, 0x0863, 0x0863, 0x0863, 0x0863, 0x0863, 0x0863, 0x0863, 0x0863, 0x0863, 0x0863,
  0x0863, 0x0863, 0x0863, 0x0863, 0x0863, 0x0863, 0x0863, 0x0863, 0x0863, 0x0863, 0x0863, 0x0863,
  0x0863, 0x0863, 0x0863, 0x0863, 0x0863, 0x0863, 0x0863, 0x0863, 0x0863, 0x0863, 0x0863, 0x0863,
  0x0863, 0x0863, 0x0863, 0x0863, 0x0863, 0x0863, 0x0863, 0x0863, 0x0863, 0x0863, 0x0863, 0x0863,
  0x0863, 0x0863, 0x0863, 0x0863, 0x0863, 0x0863, 0x0863, 0x0863, 0x0863, 0x0863, 0x0863, 0x0863,
  0x0863, 0x0863, 0x0863, 0x0863, 0x0863, 0x0863, 0x0863, 0x0863, 0x0863, 0x0863, 0x0863, 0x0863,
  0x0863, 0x0863, 0x0863, 0x0863, 0x0863, 0x0863, 0x0863, 0x0863, 0x0863, 0x0863, 0x0863, 0x0863,
  0x0863, 0x0863, 0x0863, 0x0863, 0x0863, 0x0863, 0x0863, 0x0863, 0x0863, 0x0863, 0x0863, 0x0863,
  0x0863, 0x0863, 0x0863, 0x0863, 0x0863, 0x0863, 0x0863, 0x0863, 0x0863, 0x0863, 0x0863, 0x0863,
  0x0863, 0x0863, 0x0863, 0x0863, 0x0863, 0x0863, 0x0863, 0x0863, 0x0863, 0x0863, 0x0863, 0x0863,
  0x0863, 0x0863, 0x0863, 0x0863, 0x0863, 0x0863, 0x0863, 0x0863, 0x0863, 0x0863, 0x0863, 0x0863,
  0x0863, 0x0863, 0x0863, 0x0863, 0x0863, 0x0863, 0x0863, 0x0863, 0x0863, 0x0863, 0x0863, 0x0863,
  0x0863, 0x0863, 0x0863, 0x0863, 0x0863, 0x0863, 0x0863, 0x0863, 0x0863, 0x0863, 0x0863, 0x0863,
  0x0863, 0x0863, 0x0863, 0x0863, 0x0863, 0x0883, 0x0883, 0x0862, 0x0021, 0x0863, 0x2148, 0x4AB1,
  0x73F9, 0x849E, 0x8CBF, 0x849E, 0x7C5D, 0x7C5D, 0x7C5D, 0x7C7D, 0x7C7E, 0x7C7E, 0x7C7E, 0x7C7E,
  0x745E, 0x7CBF, 0x4AB3, 0x0021, 0x0883, 0x0863, 0x0863, 0x0863, 0x0863, 0x0863, 0x0863, 0x0863,
  0x0863, 0x0863, 0x0863, 0x0863, 0x0863, 0x0863, 0x0863, 0x0863, 0x0863, 0x0863, 0x0863, 0x0863,
  0x0863, 0x0863, 0x0863, 0x0863, 0x0863, 0x0863, 0x0863, 0x0863, 0x0863, 0x0863, 0x0863, 0x0863,
  0x0863, 0x0863, 0x0863, 0x0863, 0x0863, 0x0863, 0x0863, 0x0863, 0x0863, 0x0863, 0x0863, 0x0863,
  0x0863, 0x0863, 0x0863, 0x0863, 0x0863, 0x0863, 0x0863, 0x0863, 0x0863, 0x0863, 0x0863, 0x0863,
  0x0863, 0x0863, 0x0863, 0x0863, 0x0863, 0x0863, 0x0863, 0x0863, 0x0863, 0x0863, 0x0863, 0x0863,
  0x0863, 0x0863, 0x0863, 0x0863, 0x0863, 0x0863, 0x0863, 0x0863, 0x0863, 0x0863, 0x0863, 0x0863,
  0x0863, 0x0863, 0x0863, 0x0863, 0x0863, 0x0863, 0x0863, 0x0863, 0x0863, 0x0863, 0x0863, 0x0863,
  0x0863, 0x0863, 0x0863, 0x0863, 0x0863, 0x0863, 0x0863, 0x0863, 0x0863, 0x0863, 0x0863, 0x0863,
  0x0863, 0x0863, 0x0863, 0x0863, 0x0863, 0x0863, 0x0863, 0x0863, 0x0863, 0x0863, 0x0863, 0x0863,
  0x0863, 0x0863, 0x0863, 0x0863, 0x0863, 0x0863, 0x0863, 0x0863, 0x0863, 0x0863, 0x0863, 0x0863,
  0x0863, 0x0863, 0x0863, 0x0863, 0x0863, 0x0863, 0x0863, 0x0863, 0x0863, 0x0863, 0x0863, 0x0863,
  0x0863, 0x0863, 0x0863, 0x0863, 0x0863, 0x0863, 0x0863, 0x0863, 0x0863, 0x0863, 0x0863, 0x0863,
  0x0863, 0x0863, 0x0863, 0x0863, 0x0863, 0x0863, 0x0863, 0x0863, 0x0863, 0x0863, 0x0863, 0x0863,
  0x0863, 0x0863, 0x0863, 0x0863, 0x0863, 0x0863, 0x0863, 0x0863, 0x0863, 0x0863, 0x0863, 0x0863,
  0x0863, 0x0863, 0x0863, 0x0863, 0x0863, 0x0863, 0x0863, 0x0863, 0x0863, 0x0863, 0x0863, 0x0863,
  0x0863, 0x0863, 0x0863, 0x0863, 0x0863, 0x0863, 0x0863, 0x0863, 0x0863, 0x0863, 0x0863, 0x0863,
  0x0863, 0x0863, 0x0863, 0x0863, 0x0863, 0x0863, 0x0863, 0x0863, 0x0863, 0x0863, 0x0863, 0x0863,
  0x0863, 0x0863, 0x0883, 0x0883, 0x0863, 0x0042, 0x0042, 0x18E6, 0x422E, 0x6B98, 0x847D, 0x8CBE,
  0x849E, 0x845D, 0x7C5D, 0x7C5D, 0x7C7D, 0x7C7D, 0x7C7D, 0x7C7D, 0x7C7E, 0x7C7E, 0x7C7E, 0x7C7E,
  0x745E, 0x7CBF, 0x3A0E, 0x0021, 0x0883, 0x0863, 0x0863, 0x0863, 0x0863, 0x0863, 0x0863, 0x0863,
  0x0863, 0x0863, 0x0863, 0x0863, 0x0863, 0x0863, 0x0863, 0x0863, 0x0863, 0x0863, 0x0863, 0x0863,
  0x0863, 0x0863, 0x0863, 0x0863, 0x0863, 0x0863, 0x0863, 0x0863, 0x0863, 0x0863, 0x0863, 0x0863,
  0x0863, 0x0863, 0x0863, 0x0863, 0x0863, 0x0863, 0x0863, 0x0863, 0x0863, 0x0863, 0x0863, 0x0863,
  0x0863, 0x0863, 0x0863, 0x0863, 0x0863, 0x0863, 0x0863, 0x0863, 0x0863, 0x0863, 0x0863, 0x0863,
  0x0863, 0x0863, 0x0863, 0x0863, 0x0863, 0x0863, 0x0863, 0x0863, 0x0863, 0x0863, 0x0863, 0x0863,
  0x0863, 0x0863, 0x0863, 0x0863, 0x0863, 0x0863, 0x0863, 0x0863, 0x0863, 0x0863, 0x0863, 0x0863,
  0x0863, 0x0863, 0x0863, 0x0863, 0x0863, 0x0863, 0x0863, 0x0863, 0x0863, 0x0863, 0x0863, 0x0863,
  0x0863, 0x0863, 0x0863, 0x0863, 0x0863, 0x0863, 0x0863, 0x0863, 0x0863, 0x0863, 0x0863, 0x0863,
  0x0863, 0x0863, 0x0863, 0x0863, 0x0863, 0x0863, 0x0863, 0x0863, 0x0863, 0x0863, 0x0863, 0x0863,
  0x0863, 0x0863, 0x0863, 0x0863, 0x0863, 0x0863, 0x0863, 0x0863, 0x0863, 0x0863, 0x0863, 0x0863,
  0x0863, 0x0863, 0x0863, 0x0863, 0x0863, 0x0863, 0x0863, 0x0863, 0x0863, 0x0863, 0x0863, 0x0863,
  0x0863, 0x0863, 0x0863, 0x0863, 0x0863, 0x0863, 0x0863, 0x0863, 0x0863, 0x0863, 0x0863, 0x0863,
  0x0863, 0x0863, 0x0863, 0x0863, 0x0863, 0x0863, 0x0863, 0x0863, 0x0863, 0x0863, 0x0863, 0x0863,
  0x0863, 0x0863, 0x0863, 0x0863, 0x0863, 0x0863, 0x0863, 0x0863, 0x0863, 0x0863, 0x0863, 0x0863,
  0x0863, 0x0863, 0x0863, 0x0863, 0x0863, 0x0863, 0x0863, 0x0863, 0x0863, 0x0863, 0x0863, 0x0863,
  0x0863, 0x0863, 0x0863, 0x0863, 0x0863, 0x0863, 0x0863, 0x0863, 0x0863, 0x0863, 0x0863, 0x0863,
  0x0863, 0x0863, 0x0863, 0x0863, 0x0863, 0x0863, 0x0863, 0x0863, 0x0863, 0x0863, 0x0863, 0x0863,
  0x0883, 0x0883, 0x0863, 0x0021, 0x0863, 0x298A, 0x5B14, 0x843B, 0x8CBE, 0x8C9E, 0x845C, 0x845C,
  0x845D, 0x847D, 0x847D, 0x7C7D, 0x7C7D, 0x7C7D, 0x7C7D, 0x7C7D, 0x7C7E, 0x7C7E, 0x7C7E, 0x7C7E,
  0x747E, 0x7C9F, 0x2169, 0x0042, 0x0883, 0x0863, 0x0863, 0x0863, 0x0863, 0x0863, 0x0863, 0x0863,
  0x0863, 0x0863, 0x0863, 0x0863, 0x0863, 0x0863, 0x0863, 0x0863, 0x0863, 0x0863, 0x0863, 0x0863,
  0x0863, 0x0863, 0x0863, 0x0863, 0x0863, 0x0863, 0x0863, 0x0863, 0x0863, 0x0863, 0x0863, 0x0863,
  0x0863, 0x0863, 0x0863, 0x0863, 0x0863, 0x0863, 0x0863, 0x0863, 0x0863, 0x0863, 0x0863, 0x0863,
  0x0863, 0x0863, 0x0863, 0x0863, 0x0863, 0x0863, 0x0863, 0x0863, 0x0863, 0x0863, 0x0863, 0x0863,
  0x0863, 0x0863, 0x0863, 0x0863, 0x0863, 0x0863, 0x0863, 0x0863, 0x0863, 0x0863, 0x0863, 0x0863,
  0x0863, 0x0863, 0x0863, 0x0863, 0x0863, 0x0863, 0x0863, 0x0863, 0x0863, 0x0863, 0x0863, 0x0863,
  0x0863, 0x0863, 0x0863, 0x0863, 0x0863, 0x0863, 0x0863, 0x0863, 0x0863, 0x0863, 0x0863, 0x0863,
  0x0863, 0x0863, 0x0863, 0x0863, 0x0863, 0x0863, 0x0863, 0x0863, 0x0863, 0x0863, 0x0863, 0x0863,
  0x0863, 0x0863, 0x0863, 0x0863, 0x0863, 0x0863, 0x0863, 0x0863, 0x0863, 0x0863, 0x0863, 0x0863,
  0x0863, 0x0863, 0x0863, 0x0863, 0x0863, 0x0863, 0x0863, 0x0863, 0x0863, 0x0863, 0x0863, 0x0863,
  0x0863, 0x0863, 0x0863, 0x0863, 0x0863, 0x0863, 0x0863, 0x0863, 0x0863, 0x0863, 0x0863, 0x0863,
  0x0863, 0x0863, 0x0863, 0x0863, 0x0863, 0x0863, 0x0863, 0x0863, 0x0863, 0x0863, 0x0863, 0x0863,
  0x0863, 0x0863, 0x0863, 0x0863, 0x0863, 0x0863, 0x0863, 0x0863, 0x0863, 0x0863, 0x0863, 0x0863,
  0x0863, 0x0863, 0x0863, 0x0863, 0x0863, 0x0863, 0x0863, 0x0863, 0x0863, 0x0863, 0x0863, 0x0863,
  0x0863, 0x0863, 0x0863, 0x0863, 0x0863, 0x0863, 0x0863, 0x0863, 0x0863, 0x0863, 0x0863, 0x0863,
  0x0863, 0x0863, 0x0863, 0x0863, 0x0863, 0x0863, 0x0863, 0x0863, 0x0863, 0x0863, 0x0863, 0x0863,
  0x0863, 0x0863, 0x0863, 0x0863, 0x0863, 0x0863, 0x0863, 0x0863, 0x0863, 0x0863, 0x0883, 0x0883,
  0x0042, 0x0021, 0x18C5, 0x422E, 0x73B8, 0x8C9D, 0x8C9E, 0x847D, 0x845C, 0x845C, 0x845D, 0x847D,
  0x847D, 0x847D, 0x847D, 0x7C7D, 0x7C7D, 0x7C7D, 0x7C7D, 0x7C7D, 0x7C7E, 0x7C7E, 0x7C7E, 0x7C7E,
  0x7C7E, 0x743C, 0x10C5, 0x0863, 0x0883, 0x0863, 0x0863, 0x0863, 0x0863, 0x0863, 0x0863, 0x0863,
  0x0863, 0x0863, 0x0863, 0x0863, 0x0863, 0x0863, 0x0863, 0x0863, 0x0863, 0x0863, 0x0863, 0x0863,
  0x0863, 0x0863, 0x0863, 0x0863, 0x0863, 0x0863, 0x0863, 0x0863, 0x0863, 0x0863, 0x0863, 0x0863,
  0x0863, 0x0863, 0x0863, 0x0863, 0x0863, 0x0863, 0x0863, 0x0863, 0x0863, 0x0863, 0x0863, 0x0863,
  0x0863, 0x0863, 0x0863, 0x0863, 0x0863, 0x0863, 0x0863, 0x0863, 0x0863, 0x0863, 0x0863, 0x0863,
  0x0863, 0x0863, 0x0863, 0x0863, 0x0863, 0x0863, 0x0863, 0x0863, 0x0863, 0x0863, 0x0863, 0x0863,
  0x0863, 0x0863, 0x0863, 0x0863, 0x0863, 0x0863, 0x0863, 0x0863, 0x0863, 0x0863, 0x0863, 0x0863,
  0x0863, 0x0863, 0x0863, 0x0863, 0x0863, 0x0863, 0x0863, 0x0863, 0x0863, 0x0863, 0x0863, 0x0863,
  0x0863, 0x0863, 0x0863, 0x0863, 0x0863, 0x0863, 0x0863, 0x0863, 0x0863, 0x0863, 0x0863, 0x0863,
  0x0863, 0x0863, 0x0863, 0x0863, 0x0863, 0x0863, 0x0863, 0x0863, 0x0863, 0x0863, 0x0863, 0x0863,
  0x0863, 0x0863, 0x0863, 0x0863, 0x0863, 0x0863, 0x0863, 0x0863, 0x0863, 0x0863, 0x0863, 0x0863,
  0x0863, 0x0863, 0x0863, 0x0863, 0x0863, 0x0863, 0x0863, 0x0863, 0x0863, 0x0863, 0x0863, 0x0863,
  0x0863, 0x0863, 0x0863, 0x0863, 0x0863, 0x0863, 0x0863, 0x0863, 0x0863, 0x0863, 0x0863, 0x0863,
  0x0863, 0x0863, 0x0863, 0x0863, 0x0863, 0x0863, 0x0863, 0x0863, 0x0863, 0x0863, 0x0863, 0x0863,
  0x0863, 0x0863, 0x0863, 0x0863, 0x0863, 0x0863, 0x0863, 0x0863, 0x0863, 0x0863, 0x0863, 0x0863,
  0x0863, 0x0863, 0x0863, 0x0863, 0x0863, 0x0863, 0x0863, 0x0863, 0x0863, 0x0863, 0x0863, 0x0863,
  0x0863, 0x0863, 0x0863, 0x0863, 0x0863, 0x0863, 0x0863, 0x0863, 0x0863, 0x0863, 0x0863, 0x0863,
  0x0863, 0x0863, 0x0863, 0x0863, 0x0863, 0x0863, 0x0863, 0x0863, 0x0883, 0x0863, 0x0042, 0x0042,
  0x2148, 0x5AD2, 0x843B, 0x94BE, 0x8C7D, 0x845C, 0x845C, 0x845C, 0x845C, 0x845C, 0x845D, 0x847D,
  0x847D, 0x847D, 0x847D, 0x7C7D, 0x7C7D, 0x7C7D, 0x7C7D, 0x7C7D, 0x7C7E, 0x7C7E, 0x7C7E, 0x7C5E,
  0x7C9F, 0x5B77, 0x0042, 0x0883, 0x0863, 0x0863, 0x0863, 0x0863, 0x0863, 0x0863, 0x0863, 0x0863,
  0x0863, 0x0863, 0x0863, 0x0863, 0x0863, 0x0863, 0x0863, 0x0863, 0x0863, 0x0863, 0x0863, 0x0863,
  0x0863, 0x0863, 0x0863, 0x0863, 0x0863, 0x0863, 0x0863, 0x0863, 0x0863, 0x0863, 0x0863, 0x0863,
  0x0863, 0x0863, 0x0863, 0x0863, 0x0863, 0x0863, 0x0863, 0x0863, 0x0863, 0x0863, 0x0863, 0x0863,
  0x0863, 0x0863, 0x0863, 0x0863, 0x0863, 0x0863, 0x0863, 0x0863, 0x0863, 0x0863, 0x0863, 0x0863,
  0x0863, 0x0863, 0x0863, 0x0863, 0x0863, 0x0863, 0x0863, 0x0863, 0x0863, 0x0863, 0x0863, 0x0863,
  0x0863, 0x0863, 0x0863, 0x0863, 0x0863, 0x0863, 0x0863, 0x0863, 0x0863, 0x0863, 0x0863, 0x0863,
  0x0863, 0x0863, 0x0863, 0x0863, 0x0863, 0x0863, 0x0863, 0x0863, 0x0863, 0x0863, 0x0863, 0x0863,
  0x0863, 0x0863, 0x0863, 0x0863, 0x0863, 0x0863, 0x0863, 0x0863, 0x0863, 0x0863, 0x0863, 0x0863,
  0x0863, 0x0863, 0x0863, 0x0863, 0x0863, 0x0863, 0x0863, 0x0863, 0x0863, 0x0863, 0x0863, 0x0863,
  0x0863, 0x0863, 0x0863, 0x0863, 0x0863, 0x0863, 0x0863, 0x0863, 0x0863, 0x0863, 0x0863, 0x0863,
  0x0863, 0x0863, 0x0863, 0x0863, 0x0863, 0x0863, 0x0863, 0x0863, 0x0863, 0x0863, 0x0863, 0x0863,
  0x0863, 0x0863, 0x0863, 0x0863, 0x0863, 0x0863, 0x0863, 0x0863, 0x0863, 0x0863, 0x0863, 0x0863,
  0x0863, 0x0863, 0x0863, 0x0863, 0x0863, 0x0863, 0x0863, 0x0863, 0x0863, 0x0863, 0x0863, 0x0863,
  0x0863, 0x0863, 0x0863, 0x0863, 0x0863, 0x0863, 0x0863, 0x0863, 0x0863, 0x0863, 0x0863, 0x0863,
  0x0863, 0x0863, 0x0863, 0x0863, 0x0863, 0x0863, 0x0863, 0x0863, 0x0863, 0x0863, 0x0863, 0x0863,
  0x0863, 0x0863, 0x0863, 0x0863, 0x0863, 0x0863, 0x0863, 0x0863, 0x0863, 0x0863, 0x0863, 0x0863,
  0x0863, 0x0863, 0x0863, 0x0863, 0x0863, 0x0883, 0x0883, 0x0863, 0x0021, 0x0863, 0x31AB, 0x6B55,
  0x8C7C, 0x949D, 0x8C7C, 0x845B, 0x845C, 0x8C5C, 0x845C, 0x845C, 0x845C, 0x845C, 0x845D, 0x847D,
  0x847D, 0x847D, 0x847D, 0x7C7D, 0x7C7D, 0x7C7D, 0x7C7D, 0x7C7D, 0x7C7E, 0x7C7E, 0x7C7E, 0x745D,
  0x84BF, 0x4271, 0x0021, 0x0883, 0x0863, 0x0863, 0x0863, 0x0863, 0x0863, 0x0863, 0x0863, 0x0863,
  0x0863, 0x0863, 0x0863, 0x0863, 0x0863, 0x0863, 0x0863, 0x0863, 0x0863, 0x0863, 0x0863, 0x0863,
  0x0863, 0x0863, 0x0863, 0x0863, 0x0863, 0x0863, 0x0863, 0x0863, 0x0863, 0x0863, 0x0863, 0x0863,
  0x0863, 0x0863, 0x0863, 0x0863, 0x0863, 0x0863, 0x0863, 0x0863, 0x0863, 0x0863, 0x0863, 0x0863,
  0x0863, 0x0863, 0x0863, 0x0863, 0x0863, 0x0863, 0x0863, 0x0863, 0x0863, 0x0863, 0x0863, 0x0863,
  0x0863, 0x0863, 0x0863, 0x0863, 0x0863, 0x0863, 0x0863, 0x0863, 0x0863, 0x0863, 0x0863, 0x0863,
  0x0863, 0x0863, 0x0863, 0x0863, 0x0863, 0x0863, 0x0863, 0x0863, 0x0863, 0x0863, 0x0863, 0x0863,
  0x0863, 0x0863, 0x0863, 0x0863, 0x0863, 0x0863, 0x0863, 0x0863, 0x0863, 0x0863, 0x0863, 0x0863,
  0x0863, 0x0863, 0x0863, 0x0863, 0x0863, 0x0863, 0x0863, 0x0863, 0x0863, 0x0863, 0x0863, 0x0863,
  0x0863, 0x0863, 0x0863, 0x0863, 0x0863, 0x0863, 0x0863, 0x0863, 0x0863, 0x0863, 0x0863, 0x0863,
  0x0863, 0x0863, 0x0863, 0x0863, 0x0863, 0x0863, 0x0863, 0x0863, 0x0863, 0x0863, 0x0863, 0x0863,
  0x0863, 0x0863, 0x0863, 0x0863, 0x0863, 0x0863, 0x0863, 0x0863, 0x0863, 0x0863, 0x0863, 0x0863,
  0x0863, 0x0863, 0x0863, 0x0863, 0x0863, 0x0863, 0x0863, 0x0863, 0x0863, 0x0863, 0x0863, 0x0863,
  0x0863, 0x0863, 0x0863, 0x0863, 0x0863, 0x0863, 0x0863, 0x0863, 0x0863, 0x0863, 0x0863, 0x0863,
  0x0863, 0x0863, 0x0863, 0x0863, 0x0863, 0x0863, 0x0863, 0x0863, 0x0863, 0x0863, 0x0863, 0x0863,
  0x0863, 0x0863, 0x0863, 0x0863, 0x0863, 0x0863, 0x0863, 0x0863, 0x0863, 0x0863, 0x0863, 0x0863,
  0x0863, 0x0863, 0x0863, 0x0863, 0x0863, 0x0863, 0x0863, 0x0863, 0x0863, 0x0863, 0x0863, 0x0863,
  0x0863, 0x0863, 0x0863, 0x0883, 0x0883, 0x0863, 0x0021, 0x10A4, 0x3A0D, 0x73B7, 0x949D, 0x949D,
  0x8C5B, 0x8C5B, 0x8C5C, 0x8C5C, 0x8C5C, 0x8C5C, 0x845C, 0x845C, 0x845C, 0x845C, 0x845D, 0x847D,
  0x847D, 0x847D, 0x847D, 0x7C7D, 0x7C7D, 0x7C7D, 0x7C7D, 0x7C7D, 0x7C7E, 0x7C7E, 0x7C7E, 0x7C7E,
  0x7C9F, 0x2169, 0x0042, 0x0883, 0x0863, 0x0863, 0x0863, 0x0863, 0x0863, 0x0863, 0x0863, 0x0863,
  0x0863, 0x0863, 0x0863, 0x0863, 0x0863, 0x0863, 0x0863, 0x0863, 0x0863, 0x0863, 0x0863, 0x0863,
  0x0863, 0x0863, 0x0863, 0x0863, 0x0863, 0x0863, 0x0863, 0x0863, 0x0863, 0x0863, 0x0863, 0x0863,
  0x0863, 0x0863, 0x0863, 0x0863, 0x0863, 0x0863, 0x0863, 0x0863, 0x0863, 0x0863, 0x0863, 0x0863,
  0x0863, 0x0863, 0x0863, 0x0863, 0x0863, 0x0863, 0x0863, 0x0863, 0x0863, 0x0863, 0x0863, 0x0863,
  0x0863, 0x0863, 0x0863, 0x0863, 0x0863, 0x0863, 0x0863, 0x0863, 0x0863, 0x0863, 0x0863, 0x0863,
  0x0863, 0x0863, 0x0863, 0x0863, 0x0863, 0x0863, 0x0863, 0x0863, 0x0863, 0x0863, 0x0863, 0x0863,
  0x0863, 0x0863, 0x0863, 0x0863, 0x0863, 0x0863, 0x0863, 0x0863, 0x0863, 0x0863, 0x0863, 0x0863,
  0x0863, 0x0863, 0x0863, 0x0863, 0x0863, 0x0863, 0x0863, 0x0863, 0x0863, 0x0863, 0x0863, 0x0863,
  0x0863, 0x0863, 0x0863, 0x0863, 0x0863, 0x0863, 0x0863, 0x0863, 0x0863, 0x0863, 0x0863, 0x0863,
  0x0863, 0x0863, 0x0863, 0x0863, 0x0863, 0x0863, 0x0863, 0x0863, 0x0863, 0x0863, 0x0863, 0x0863,
  0x0863, 0x0863, 0x0863, 0x0863, 0x0863, 0x0863, 0x0863, 0x0863, 0x0863, 0x0863, 0x0863, 0x0863,
  0x0863, 0x0863, 0x0863, 0x0863, 0x0863, 0x0863, 0x0863, 0x0863, 0x0863, 0x0863, 0x0863, 0x0863,
  0x0863, 0x0863, 0x0863, 0x0863, 0x0863, 0x0863, 0x0863, 0x0863, 0x0863, 0x0863, 0x0863, 0x0863,
  0x0863, 0x0863, 0x0863, 0x0863, 0x0863, 0x0863, 0x0863, 0x0863, 0x0863, 0x0863, 0x0863, 0x0863,
  0x0863, 0x0863, 0x0863, 0x0863, 0x0863, 0x0863, 0x0863, 0x0863, 0x0863, 0x0863, 0x0863, 0x0863,
  0x0863, 0x0863, 0x0863, 0x0863, 0x0863, 0x0863, 0x0863, 0x0863, 0x0863, 0x0863, 0x0863, 0x0863,
  0x0863, 0x0883, 0x0883, 0x0062, 0x0021, 0x10C5, 0x4A4E, 0x83F8, 0x9C9D, 0x947C, 0x8C5B, 0x8C5B,
  0x8C5C, 0x8C5C, 0x8C5C, 0x8C5C, 0x8C5C, 0x8C5C, 0x845C, 0x845C, 0x845C, 0x845C, 0x845D, 0x847D,
  0x847D, 0x847D, 0x847D, 0x7C7D, 0x7C7D, 0x7C7D, 0x7C7D, 0x7C7D, 0x7C7E, 0x7C7E, 0x7C7E, 0x7C9F,
  0x6BFB, 0x0884, 0x0863, 0x0863, 0x0863, 0x0863, 0x0863, 0x0863, 0x0863, 0x0863, 0x0863, 0x0863,
  0x0863, 0x0863, 0x0863, 0x0863, 0x0863, 0x0863, 0x0863, 0x0863, 0x0863, 0x0863, 0x0863, 0x0863,
  0x0863, 0x0863, 0x0863, 0x0863, 0x0863, 0x0863, 0x0863, 0x0863, 0x0863, 0x0863, 0x0863, 0x0863,
  0x0863, 0x0863, 0x0863, 0x0863, 0x0863, 0x0863, 0x0863, 0x0863, 0x0863, 0x0863, 0x0863, 0x0863,
  0x0863, 0x0863, 0x0863, 0x0863, 0x0863, 0x0863, 0x0863, 0x0863, 0x0863, 0x0863, 0x0863, 0x0863,
  0x0863, 0x0863, 0x0863, 0x0863, 0x0863, 0x0863, 0x0863, 0x0863, 0x0863, 0x0863, 0x0863, 0x0863,
  0x0863, 0x0863, 0x0863, 0x0863, 0x0863, 0x0863, 0x0863, 0x0863, 0x0863, 0x0863, 0x0863, 0x0863,
  0x0863, 0x0863, 0x0863, 0x0863, 0x0863, 0x0863, 0x0863, 0x0863, 0x0863, 0x0863, 0x0863, 0x0863,
  0x0863, 0x0863, 0x0863, 0x0863, 0x0863, 0x0863, 0x0863, 0x0863, 0x0863, 0x0863, 0x0863, 0x0863,
  0x0863, 0x0863, 0x0863, 0x0863, 0x0863, 0x0863, 0x0863, 0x0863, 0x0863, 0x0863, 0x0863, 0x0863,
  0x0863, 0x0863, 0x0863, 0x0863, 0x0863, 0x0863, 0x0863, 0x0863, 0x0863, 0x0863, 0x0863, 0x0863,
  0x0863, 0x0863, 0x0863, 0x0863, 0x0863, 0x0863, 0x0863, 0x0863, 0x0863, 0x0863, 0x0863, 0x0863,
  0x0863, 0x0863, 0x0863, 0x0863, 0x0863, 0x0863, 0x0863, 0x0863, 0x0863, 0x0863, 0x0863, 0x0863,
  0x0863, 0x0863, 0x0863, 0x0863, 0x0863, 0x0863, 0x0863, 0x0863, 0x0863, 0x0863, 0x0863, 0x0863,
  0x0863, 0x0863, 0x0863, 0x0863, 0x0863, 0x0863, 0x0863, 0x0863, 0x0863, 0x0863, 0x0863, 0x0863,
  0x0863, 0x0863, 0x0863, 0x0863, 0x0863, 0x0863, 0x0863, 0x0863, 0x0863, 0x0863, 0x0863, 0x0863,
  0x0863, 0x0863, 0x0863, 0x0863, 0x0863, 0x0863, 0x0863, 0x0863, 0x0863, 0x0863, 0x0863, 0x0883,
  0x0883, 0x0062, 0x0021, 0x18E6, 0x5290, 0x8C19, 0x9C9D, 0x947C, 0x8C5B, 0x8C5B, 0x8C5B, 0x8C5B,
  0x8C5C, 0x8C5C, 0x8C5C, 0x8C5C, 0x8C5C, 0x8C5C, 0x845C, 0x845C, 0x845C, 0x845C, 0x845D, 0x847D,
  0x847D, 0x847D, 0x847D, 0x7C7D, 0x7C7D, 0x7C7D, 0x7C7D, 0x7C7D, 0x7C7E, 0x7C7E, 0x7C5D, 0x84BF,
  0x4AF4, 0x0021, 0x0883, 0x0863, 0x0863, 0x0863, 0x0863, 0x0863, 0x0863, 0x0863, 0x0863, 0x0863,
  0x0863, 0x0863, 0x0863, 0x0863, 0x0863, 0x0863, 0x0863, 0x0863, 0x0863, 0x0863, 0x0863, 0x0863,
  0x0863, 0x0863, 0x0863, 0x0863, 0x0863, 0x0863, 0x0863, 0x0863, 0x0863, 0x0863, 0x0863, 0x0863,
  0x0863, 0x0863, 0x0863, 0x0863, 0x0863, 0x0863, 0x0863, 0x0863, 0x0863, 0x0863, 0x0863, 0x0863,
  0x0863, 0x0863, 0x0863, 0x0863, 0x0863, 0x0863, 0x0863, 0x0863, 0x0863, 0x0863, 0x0863, 0x0863,
  0x0863, 0x0863, 0x0863, 0x0863, 0x0863, 0x0863, 0x0863, 0x0863, 0x0863, 0x0863, 0x0863, 0x0863,
  0x0863, 0x0863, 0x0863, 0x0863, 0x0863, 0x0863, 0x0863, 0x0863, 0x0863, 0x0863, 0x0863, 0x0863,
  0x0863, 0x0863, 0x0863, 0x0863, 0x0863, 0x0863, 0x0863, 0x0863, 0x0863, 0x0863, 0x0863, 0x0863,
  0x0863, 0x0863, 0x0863, 0x0863, 0x0863, 0x0863, 0x0863, 0x0863, 0x0863, 0x0863, 0x0863, 0x0863,
  0x0863, 0x0863, 0x0863, 0x0863, 0x0863, 0x0863, 0x0863, 0x0863, 0x0863, 0x0863, 0x0863, 0x0863,
  0x0863, 0x0863, 0x0863, 0x0863, 0x0863, 0x0863, 0x0863, 0x0863, 0x0863, 0x0863, 0x0863, 0x0863,
  0x0863, 0x0863, 0x0863, 0x0863, 0x0863, 0x0863, 0x0863, 0x0863, 0x0863, 0x0863, 0x0863, 0x0863,
  0x0863, 0x0863, 0x0863, 0x0863, 0x0863, 0x0863, 0x0863, 0x0863, 0x0863, 0x0863, 0x0863, 0x0863,
  0x0863, 0x0863, 0x0863, 0x0863, 0x0863, 0x0863, 0x0863, 0x0863, 0x0863, 0x0863, 0x0863, 0x0863,
  0x0863, 0x0863, 0x0863, 0x0863, 0x0863, 0x0863, 0x0863, 0x0863, 0x0863, 0x0863, 0x0863, 0x0863,
  0x0863, 0x0863, 0x0863, 0x0863, 0x0863, 0x0863, 0x0863, 0x0863, 0x0863, 0x0863, 0x0863, 0x0863,
  0x0863, 0x0863, 0x0863, 0x0863, 0x0863, 0x0863, 0x0863, 0x0863, 0x0863, 0x0883, 0x0883, 0x0042,
  0x0022, 0x18E6, 0x5AB0, 0x8C3A, 0x9C9C, 0x947B, 0x8C5B, 0x8C5B, 0x8C5B, 0x8C5B, 0x8C5B, 0x8C5B,
  0x8C5C, 0x8C5C, 0x8C5C, 0x8C5C, 0x8C5C, 0x8C5C, 0x845C, 0x845C, 0x845C, 0x845C, 0x845D, 0x847D,
  0x847D, 0x847D, 0x847D, 0x7C7D, 0x7C7D, 0x7C7D, 0x7C7D, 0x7C7D, 0x7C7E, 0x7C7E, 0x7C7D, 0x7C9F,
  0x29AB, 0x0042, 0x0883, 0x0863, 0x0863, 0x0863, 0x0863, 0x0863, 0x0863, 0x0863, 0x0863, 0x0863,
  0x0863, 0x0863, 0x0863, 0x0863, 0x0863, 0x0863, 0x0863, 0x0863, 0x0863, 0x0863, 0x0863, 0x0863,
  0x0863, 0x0863, 0x0863, 0x0863, 0x0863, 0x0863, 0x0863, 0x0863, 0x0863, 0x0863, 0x0863, 0x0863,
  0x0863, 0x0863, 0x0863, 0x0863, 0x0863, 0x0863, 0x0863, 0x0863, 0x0863, 0x0863, 0x0863, 0x0863,
  0x0863, 0x0863, 0x0863, 0x0863, 0x0863, 0x0863, 0x0863, 0x0863, 0x0863, 0x0863, 0x0863, 0x0863,
  0x0863, 0x0863, 0x0863, 0x0863, 0x0863, 0x0863, 0x0863, 0x0863, 0x0863, 0x0863, 0x0863, 0x0863,
  0x0863, 0x0863, 0x0863, 0x0863, 0x0863, 0x0863, 0x0863, 0x0863, 0x0863, 0x0863, 0x0863, 0x0863,
  0x0863, 0x0863, 0x0863, 0x0863, 0x0863, 0x0863, 0x0863, 0x0863, 0x0863, 0x0863, 0x0863, 0x0863,
  0x0863, 0x0863, 0x0863, 0x0863, 0x0863, 0x0863, 0x0863, 0x0863, 0x0863, 0x0863, 0x0863, 0x0863,
  0x0863, 0x0863, 0x0863, 0x0863, 0x0863, 0x0863, 0x0863, 0x0863, 0x0863, 0x0863, 0x0863, 0x0863,
  0x0863, 0x0863, 0x0863, 0x0863, 0x0863, 0x0863, 0x0863, 0x0863, 0x0863, 0x0863, 0x0863, 0x0863,
  0x0863, 0x0863, 0x0863, 0x0863, 0x0863, 0x0863, 0x0863, 0x0863, 0x0863, 0x0863, 0x0863, 0x0863,
  0x0863, 0x0863, 0x0863, 0x0863, 0x0863, 0x0863, 0x0863, 0x0863, 0x0863, 0x0863, 0x0863, 0x0863,
  0x0863, 0x0863, 0x0863, 0x0863, 0x0863, 0x0863, 0x0863, 0x0863, 0x0863, 0x0863, 0x0863, 0x0863,
  0x0863, 0x0863, 0x0863, 0x0863, 0x0863, 0x0863, 0x0863, 0x0863, 0x0863, 0x0863, 0x0863, 0x0863,
  0x0863, 0x0863, 0x0863, 0x0863, 0x0863, 0x0863, 0x0863, 0x0863, 0x0863, 0x0863, 0x0863, 0x0863,
  0x0863, 0x0863, 0x0863, 0x0863, 0x0863, 0x0863, 0x0863, 0x0883, 0x0883, 0x0042, 0x0022, 0x18E6,
  0x5AB1, 0x943A, 0x9C9C, 0x945B, 0x945A, 0x945B, 0x945B, 0x945B, 0x8C5B, 0x8C5B, 0x8C5B, 0x8C5B,
  0x8C5C, 0x8C5C, 0x8C5C, 0x8C5C, 0x8C5C, 0x8C5C, 0x845C, 0x845C, 0x845C, 0x845C, 0x845D, 0x847D,
  0x847D, 0x847D, 0x847D, 0x7C7D, 0x7C7D, 0x7C7D, 0x7C7D, 0x7C7D, 0x7C7E, 0x7C7D, 0x7C9E, 0x6C1B,
  0x10A4, 0x0863, 0x0863, 0x0863, 0x0863, 0x0863, 0x0863, 0x0863, 0x0863, 0x0863, 0x0863, 0x0863,
  0x0863, 0x0863, 0x0863, 0x0863, 0x0863, 0x0863, 0x0863, 0x0863, 0x0863, 0x0863, 0x0863, 0x0863,
  0x0863, 0x0863, 0x0863, 0x0863, 0x0863, 0x0863, 0x0863, 0x0863, 0x0863, 0x0863, 0x0863, 0x0863,
  0x0863, 0x0863, 0x0863, 0x0863, 0x0863, 0x0863, 0x0863, 0x0863, 0x0863, 0x0863, 0x0863, 0x0863,
  0x0863, 0x0863, 0x0863, 0x0863, 0x0863, 0x0863, 0x0863, 0x0863, 0x0863, 0x0863, 0x0863, 0x0863,
  0x0863, 0x0863, 0x0863, 0x0863, 0x0863, 0x0863, 0x0863, 0x0863, 0x0863, 0x0863, 0x0863, 0x0863,
  0x0863, 0x0863, 0x0863, 0x0863, 0x0863, 0x0863, 0x0863, 0x0863, 0x0863, 0x0863, 0x0863, 0x0863,
  0x0863, 0x0863, 0x0863, 0x0863, 0x0863, 0x0863, 0x0863, 0x0863, 0x0863, 0x0863, 0x0863, 0x0863,
  0x0863, 0x0863, 0x0863, 0x0863, 0x0863, 0x0863, 0x0863, 0x0863, 0x0863, 0x0863, 0x0863, 0x0863,
  0x0863, 0x0863, 0x0863, 0x0863, 0x0863, 0x0863, 0x0863, 0x0863, 0x0863, 0x0863, 0x0863, 0x0863,
  0x0863, 0x0863, 0x0863, 0x0863, 0x0863, 0x0863, 0x0863, 0x0863, 0x0863, 0x0863, 0x0863, 0x0863,
  0x0863, 0x0863, 0x0863, 0x0863, 0x0863, 0x0863, 0x0863, 0x0863, 0x0863, 0x0863, 0x0863, 0x0863,
  0x0863, 0x0863, 0x0863, 0x0863, 0x0863, 0x0863, 0x0863, 0x0863, 0x0863, 0x0863, 0x0863, 0x0863,
  0x0863, 0x0863, 0x0863, 0x0863, 0x0863, 0x0863, 0x0863, 0x0863, 0x0863, 0x0863, 0x0863, 0x0863,
  0x0863, 0x0863, 0x0863, 0x0863, 0x0863, 0x0863, 0x0863, 0x0863, 0x0863, 0x0863, 0x0863, 0x0863,
  0x0863, 0x0863, 0x0863, 0x0863, 0x0863, 0x0863, 0x0863, 0x0863, 0x0863, 0x0863, 0x0863, 0x0863,
  0x0863, 0x0863, 0x0863, 0x0863, 0x0863, 0x0883, 0x0883, 0x0063, 0x0022, 0x18E6, 0x5AB1, 0x943A,
  0x9C9C, 0x945B, 0x945A, 0x945B, 0x945B, 0x945B, 0x945B, 0x945B, 0x8C5B, 0x8C5B, 0x8C5B, 0x8C5B,
  0x8C5C, 0x8C5C, 0x8C5C, 0x8C5C, 0x8C5C, 0x8C5C, 0x845C, 0x845C, 0x845C, 0x845C, 0x845D, 0x847D,
  0x847D, 0x847D, 0x847D, 0x7C7D, 0x7C7D, 0x7C7D, 0x7C7D, 0x7C7D, 0x7C7E, 0x7C5D, 0x84BF, 0x4AF4,
  0x0021, 0x0883, 0x0863, 0x0863, 0x0863, 0x0863, 0x0863, 0x0863, 0x0863, 0x0863, 0x0863, 0x0863,
  0x0863, 0x0863, 0x0863, 0x0863, 0x0863, 0x0863, 0x0863, 0x0863, 0x0863, 0x0863, 0x0863, 0x0863,
  0x0863, 0x0863, 0x0863, 0x0863, 0x0863, 0x0863, 0x0863, 0x0863, 0x0863, 0x0863, 0x0863, 0x0863,
  0x0863, 0x0863, 0x0863, 0x0863, 0x0863, 0x0863, 0x0863, 0x0863, 0x0863, 0x0863, 0x0863, 0x0863,
  0x0863, 0x0863, 0x0863, 0x0863, 0x0863, 0x0863, 0x0863, 0x0863, 0x0863, 0x0863, 0x0863, 0x0863,
  0x0863, 0x0863, 0x0863, 0x0863, 0x0863, 0x0863, 0x0863, 0x0863, 0x0863, 0x0863, 0x0863, 0x0863,
  0x0863, 0x0863, 0x0863, 0x0863, 0x0863, 0x0863, 0x0863, 0x0863, 0x0863, 0x0863, 0x0863, 0x0863,
  0x0863, 0x0863, 0x0863, 0x0863, 0x0863, 0x0863, 0x0863, 0x0863, 0x0863, 0x0863, 0x0863, 0x0863,
  0x0863, 0x0863, 0x0863, 0x0863, 0x0863, 0x0863, 0x0863, 0x0863, 0x0863, 0x0863, 0x0863, 0x0863,
  0x0863, 0x0863, 0x0863, 0x0863, 0x0863, 0x0863, 0x0863, 0x0863, 0x0863, 0x0863, 0x0863, 0x0863,
  0x0863, 0x0863, 0x0863, 0x0863, 0x0863, 0x0863, 0x0863, 0x0863, 0x0863, 0x0863, 0x0863, 0x0863,
  0x0863, 0x0863, 0x0863, 0x0863, 0x0863, 0x0863, 0x0863, 0x0863, 0x0863, 0x0863, 0x0863, 0x0863,
  0x0863, 0x0863, 0x0863, 0x0863, 0x0863, 0x0863, 0x0863, 0x0863, 0x0863, 0x0863, 0x0863, 0x0863,
  0x0863, 0x0863, 0x0863, 0x0863, 0x0863, 0x0863, 0x0863, 0x0863, 0x0863, 0x0863, 0x0863, 0x0863,
  0x0863, 0x0863, 0x0863, 0x0863, 0x0863, 0x0863, 0x0863, 0x0863, 0x0863, 0x0863, 0x0863, 0x0863,
  0x0863, 0x0863, 0x0863, 0x0863, 0x0863, 0x0863, 0x0863, 0x0863, 0x0863, 0x0863, 0x0863, 0x0863,
  0x0863, 0x0863, 0x0863, 0x0883, 0x0883, 0x0863, 0x0021, 0x18E6, 0x5AB0, 0x9439, 0xA49C, 0x945A,
  0x943A, 0x945A, 0x945B, 0x945B, 0x945B, 0x945B, 0x945B, 0x945B, 0x8C5B, 0x8C5B, 0x8C5B, 0x8C5B,
  0x8C5C, 0x8C5C, 0x8C5C, 0x8C5C, 0x8C5C, 0x8C5C, 0x845C, 0x845C, 0x845C, 0x845C, 0x845D, 0x847D,
  0x847D, 0x847D, 0x847D, 0x7C7D, 0x7C7D, 0x7C7D, 0x7C7D, 0x7C7D, 0x7C7E, 0x7C5D, 0x7C9F, 0x298A,
  0x0042, 0x0883, 0x0863, 0x0863, 0x0863, 0x0863, 0x0863, 0x0863, 0x0863, 0x0863, 0x0863, 0x0863,
  0x0863, 0x0863, 0x0863, 0x0863, 0x0863, 0x0863, 0x0863, 0x0863, 0x0863, 0x0863, 0x0863, 0x0863,
  0x0863, 0x0863, 0x0863, 0x0863, 0x0863, 0x0863, 0x0863, 0x0863, 0x0863, 0x0863, 0x0863, 0x0863,
  0x0863, 0x0863, 0x0863, 0x0863, 0x0863, 0x0863, 0x0863, 0x0863, 0x0863, 0x0863, 0x0863, 0x0863,
  0x0863, 0x0863, 0x0863, 0x0863, 0x0863, 0x0863, 0x0863, 0x0863, 0x0863, 0x0863, 0x0863, 0x0863,
  0x0863, 0x0863, 0x0863, 0x0863, 0x0863, 0x0863, 0x0863, 0x0863, 0x0863, 0x0863, 0x0863, 0x0863,
  0x0863, 0x0863, 0x0863, 0x0863, 0x0863, 0x0863, 0x0863, 0x0863, 0x0863, 0x0863, 0x0863, 0x0863,
  0x0863, 0x0863, 0x0863, 0x0863, 0x0863, 0x0863, 0x0863, 0x0863, 0x0863, 0x0863, 0x0863, 0x0863,
  0x0863, 0x0863, 0x0863, 0x0863, 0x0863, 0x0863, 0x0863, 0x0863, 0x0863, 0x0863, 0x0863, 0x0863,
  0x0863, 0x0863, 0x0863, 0x0863, 0x0863, 0x0863, 0x0863, 0x0863, 0x0863, 0x0863, 0x0863, 0x0863,
  0x0863, 0x0863, 0x0863, 0x0863, 0x0863, 0x0863, 0x0863, 0x0863, 0x0863, 0x0863, 0x0863, 0x0863,
  0x0863, 0x0863, 0x0863, 0x0863, 0x0863, 0x0863, 0x0863, 0x0863, 0x0863, 0x0863, 0x0863, 0x0863,
  0x0863, 0x0863, 0x0863, 0x0863, 0x0863, 0x0863, 0x0863, 0x0863, 0x0863, 0x0863, 0x0863, 0x0863,
  0x0863, 0x0863, 0x0863, 0x0863, 0x0863, 0x0863, 0x0863, 0x0863, 0x0863, 0x0863, 0x0863, 0x0863,
  0x0863, 0x0863, 0x0863, 0x0863, 0x0863, 0x0863, 0x0863, 0x0863, 0x0863, 0x0863, 0x0863, 0x0863,
  0x0863, 0x0863, 0x0863, 0x0863, 0x0863, 0x0863, 0x0863, 0x0863, 0x0863, 0x0863, 0x0863, 0x0863,
  0x0863, 0x0863, 0x0883, 0x0863, 0x0021, 0x10C5, 0x528F, 0x9439, 0xA49C, 0x9C5A, 0x943A, 0x945A,
  0x945A, 0x945A, 0x945B, 0x945B, 0x945B, 0x945B, 0x945B, 0x945B, 0x8C5B, 0x8C5B, 0x8C5B, 0x8C5B,
  0x8C5C, 0x8C5C, 0x8C5C, 0x8C5C, 0x8C5C, 0x8C5C, 0x845C, 0x845C, 0x845C, 0x845C, 0x845D, 0x847D,
  0x847D, 0x847D, 0x847D, 0x7C7D, 0x7C7D, 0x7C7D, 0x7C7D, 0x7C7D, 0x7C5D, 0x7C9E, 0x6BFA, 0x0884,
  0x0863, 0x0863, 0x0863, 0x0863, 0x0863, 0x0863, 0x0863, 0x0863, 0x0863, 0x0863, 0x0863, 0x0863,
  0x0863, 0x0863, 0x0863, 0x0863, 0x0863, 0x0863, 0x0863, 0x0863, 0x0863, 0x0863, 0x0863, 0x0863,
  0x0863, 0x0863, 0x0863, 0x0863, 0x0863, 0x0863, 0x0863, 0x0863, 0x0863, 0x0863, 0x0863, 0x0863,
  0x0863, 0x0863, 0x0863, 0x0863, 0x0863, 0x0863, 0x0863, 0x0863, 0x0863, 0x0863, 0x0863, 0x0863,
  0x0863, 0x0863, 0x0863, 0x0863, 0x0863, 0x0863, 0x0863, 0x0863, 0x0863, 0x0863, 0x0863, 0x0863,
  0x0863, 0x0863, 0x0863, 0x0863, 0x0863, 0x0863, 0x0863, 0x0863, 0x0863, 0x0863, 0x0863, 0x0863,
  0x0863, 0x0863, 0x0863, 0x0863, 0x0863, 0x0863, 0x0863, 0x0863, 0x0863, 0x0863, 0x0863, 0x0863,
  0x0863, 0x0863, 0x0863, 0x0863, 0x0863, 0x0863, 0x0863, 0x0863, 0x0863, 0x0863, 0x0863, 0x0863,
  0x0863, 0x0863, 0x0863, 0x0863, 0x0863, 0x0863, 0x0863, 0x0863, 0x0863, 0x0863, 0x0863, 0x0863,
  0x0863, 0x0863, 0x0863, 0x0863, 0x0863, 0x0863, 0x0863, 0x0863, 0x0863, 0x0863, 0x0863, 0x0863,
  0x0863, 0x0863, 0x0863, 0x0863, 0x0863, 0x0863, 0x0863, 0x0863, 0x0863, 0x0863, 0x0863, 0x0863,
  0x0863, 0x0863, 0x0863, 0x0863, 0x0863, 0x0863, 0x0863, 0x0863, 0x0863, 0x0863, 0x0863, 0x0863,
  0x0863, 0x0863, 0x0863, 0x0863, 0x0863, 0x0863, 0x0863, 0x0863, 0x0863, 0x0863, 0x0863, 0x0863,
  0x0863, 0x0863, 0x0863, 0x0863, 0x0863, 0x0863, 0x0863, 0x0863, 0x0863, 0x0863, 0x0863, 0x0863,
  0x0863, 0x0863, 0x0863, 0x0863, 0x0863, 0x0863, 0x0863, 0x0863, 0x0863, 0x0863, 0x0863, 0x0863,
  0x0863, 0x0863, 0x0863, 0x0863, 0x0863, 0x0863, 0x0863, 0x0863, 0x0863, 0x0863, 0x0863, 0x0863,
  0x0883, 0x0863, 0x0021, 0x10A4, 0x524E, 0x9418, 0xA49B, 0x9C5A, 0x943A, 0x9C5A, 0x945A, 0x945A,
  0x945A, 0x945A, 0x945B, 0x945B, 0x945B, 0x945B, 0x945B, 0x945B, 0x8C5B, 0x8C5B, 0x8C5B, 0x8C5B,
  0x8C5C, 0x8C5C, 0x8C5C, 0x8C5C, 0x8C5C, 0x8C5C, 0x845C, 0x845C, 0x845C, 0x845C, 0x845D, 0x847D,
  0x847D, 0x847D, 0x847D, 0x7C7D, 0x7C7D, 0x7C7D, 0x7C7D, 0x7C7D, 0x7C5D, 0x84BF, 0x4291, 0x0021,
  0x0884, 0x0863, 0x0863, 0x0863, 0x0863, 0x0863, 0x0863, 0x0863, 0x0863, 0x0863, 0x0863, 0x0863,
  0x0863, 0x0863, 0x0863, 0x0863, 0x0863, 0x0863, 0x0863, 0x0863, 0x0863, 0x0863, 0x0863, 0x0863,
  0x0863, 0x0863, 0x0863, 0x0863, 0x0863, 0x0863, 0x0863, 0x0863, 0x0863, 0x0863, 0x0863, 0x0863,
  0x0863, 0x0863, 0x0863, 0x0863, 0x0863, 0x0863, 0x0863, 0x0863, 0x0863, 0x0863, 0x0863, 0x0863,
  0x0863, 0x0863, 0x0863, 0x0863, 0x0863, 0x0863, 0x0863, 0x0863, 0x0863, 0x0863, 0x0863, 0x0863,
  0x0863, 0x0863, 0x0863, 0x0863, 0x0863, 0x0863, 0x0863, 0x0863, 0x0863, 0x0863, 0x0863, 0x0863,
  0x0863, 0x0863, 0x0863, 0x0863, 0x0863, 0x0863, 0x0863, 0x0863, 0x0863, 0x0863, 0x0863, 0x0863,
  0x0863, 0x0863, 0x0863, 0x0863, 0x0863, 0x0863, 0x0863, 0x0863, 0x0863, 0x0863, 0x0863, 0x0863,
  0x0863, 0x0863, 0x0863, 0x0863, 0x0863, 0x0863, 0x0863, 0x0863, 0x0863, 0x0863, 0x0863, 0x0863,
  0x0863, 0x0863, 0x0863, 0x0863, 0x0863, 0x0863, 0x0863, 0x0863, 0x0863, 0x0863, 0x0863, 0x0863,
  0x0863, 0x0863, 0x0863, 0x0863, 0x0863, 0x0863, 0x0863, 0x0863, 0x0863, 0x0863, 0x0863, 0x0863,
  0x0863, 0x0863, 0x0863, 0x0863, 0x0863, 0x0863, 0x0863, 0x0863, 0x0863, 0x0863, 0x0863, 0x0863,
  0x0863, 0x0863, 0x0863, 0x0863, 0x0863, 0x0863, 0x0863, 0x0863, 0x0863, 0x0863, 0x0863, 0x0863,
  0x0863, 0x0863, 0x0863, 0x0863, 0x0863, 0x0863, 0x0863, 0x0863, 0x0863, 0x0863, 0x0863, 0x0863,
  0x0863, 0x0863, 0x0863, 0x0863, 0x0863, 0x0863, 0x0863, 0x0863, 0x0863, 0x0863, 0x0863, 0x0863,
  0x0863, 0x0863, 0x0863, 0x0863, 0x0863, 0x0863, 0x0863, 0x0863, 0x0863, 0x0863, 0x0883, 0x0883,
  0x0022, 0x0883, 0x4A0C, 0x8BF7, 0xA49B, 0x9C5A, 0x9C39, 0x9C5A, 0x9C5A, 0x9C5A, 0x945A, 0x945A,
  0x945A, 0x945A, 0x945B, 0x945B, 0x945B, 0x945B, 0x945B, 0x945B, 0x8C5B, 0x8C5B, 0x8C5B, 0x8C5B,
  0x8C5C, 0x8C5C, 0x8C5C, 0x8C5C, 0x8C5C, 0x8C5C, 0x845C, 0x845C, 0x845C, 0x845C, 0x845D, 0x847D,
  0x847D, 0x847D, 0x847D, 0x7C7D, 0x7C7D, 0x7C7D, 0x7C7D, 0x7C7D, 0x7C7E, 0x7C7E, 0x1928, 0x0042,
  0x0883, 0x0863, 0x0863, 0x0863, 0x0863, 0x0863, 0x0863, 0x0863, 0x0863, 0x0863, 0x0863, 0x0863,
  0x0863, 0x0863, 0x0863, 0x0863, 0x0863, 0x0863, 0x0863, 0x0863, 0x0863, 0x0863, 0x0863, 0x0863,
  0x0863, 0x0863, 0x0863, 0x0863, 0x0863, 0x0863, 0x0863, 0x0863, 0x0863, 0x0863, 0x0863, 0x0863,
  0x0863, 0x0863, 0x0863, 0x0863, 0x0863, 0x0863, 0x0863, 0x0863, 0x0863, 0x0863, 0x0863, 0x0863,
  0x0863, 0x0863, 0x0863, 0x0863, 0x0863, 0x0863, 0x0863, 0x0863, 0x0863, 0x0863, 0x0863, 0x0863,
  0x0863, 0x0863, 0x0863, 0x0863, 0x0863, 0x0863, 0x0863, 0x0863, 0x0863, 0x0863, 0x0863, 0x0863,
  0x0863, 0x0863, 0x0863, 0x0863, 0x0863, 0x0863, 0x0863, 0x0863, 0x0863, 0x0863, 0x0863, 0x0863,
  0x0863, 0x0863, 0x0863, 0x0863, 0x0863, 0x0863, 0x0863, 0x0863, 0x0863, 0x0863, 0x0863, 0x0863,
  0x0863, 0x0863, 0x0863, 0x0863, 0x0863, 0x0863, 0x0863, 0x0863, 0x0863, 0x0863, 0x0863, 0x0863,
  0x0863, 0x0863, 0x0863, 0x0863, 0x0863, 0x0863, 0x0863, 0x0863, 0x0863, 0x0863, 0x0863, 0x0863,
  0x0863, 0x0863, 0x0863, 0x0863, 0x0863, 0x0863, 0x0863, 0x0863, 0x0863, 0x0863, 0x0863, 0x0863,
  0x0863, 0x0863, 0x0863, 0x0863, 0x0863, 0x0863, 0x0863, 0x0863, 0x0863, 0x0863, 0x0863, 0x0863,
  0x0863, 0x0863, 0x0863, 0x0863, 0x0863, 0x0863, 0x0863, 0x0863, 0x0863, 0x0863, 0x0863, 0x0863,
  0x0863, 0x0863, 0x0863, 0x0863, 0x0863, 0x0863, 0x0863, 0x0863, 0x0863, 0x0863, 0x0863, 0x0863,
  0x0863, 0x0863, 0x0863, 0x0863, 0x0863, 0x0863, 0x0863, 0x0863, 0x0863, 0x0863, 0x0863, 0x0863,
  0x0863, 0x0863, 0x0863, 0x0863, 0x0863, 0x0863, 0x0863, 0x0863, 0x0883, 0x0883, 0x0042, 0x0063,
  0x41CB, 0x8BB6, 0xAC9B, 0xA45A, 0x9C39, 0x9C5A, 0x9C5A, 0x9C5A, 0x9C5A, 0x9C5A, 0x945A, 0x945A,
  0x945A, 0x945A, 0x945B, 0x945B, 0x945B, 0x945B, 0x945B, 0x945B, 0x8C5B, 0x8C5B, 0x8C5B, 0x8C5B,
  0x8C5C, 0x8C5C, 0x8C5C, 0x8C5C, 0x8C5C, 0x8C5C, 0x845C, 0x845C, 0x845C, 0x845C, 0x845D, 0x847D,
  0x847D, 0x847D, 0x847D, 0x7C7D, 0x7C7D, 0x7C7D, 0x7C7D, 0x7C5D, 0x849F, 0x5B77, 0x0042, 0x0883,
  0x0863, 0x0863, 0x0863, 0x0863, 0x0863, 0x0863, 0x0863, 0x0863, 0x0863, 0x0863, 0x0863, 0x0863,
  0x0863, 0x0863, 0x0863, 0x0863, 0x0863, 0x0863, 0x0863, 0x0863, 0x0863, 0x0863, 0x0863, 0x0863,
  0x0863, 0x0863, 0x0863, 0x0863, 0x0863, 0x0863, 0x0863, 0x0863, 0x0863, 0x0863, 0x0863, 0x0863,
  0x0863, 0x0863, 0x0863, 0x0863, 0x0863, 0x0863, 0x0863, 0x0863, 0x0863, 0x0863, 0x0863, 0x0863,
  0x0863, 0x0863, 0x0863, 0x0863, 0x0863, 0x0863, 0x0863, 0x0863, 0x0863, 0x0863, 0x0863, 0x0863,
  0x0863, 0x0863, 0x0863, 0x0863, 0x0863, 0x0863, 0x0863, 0x0863, 0x0863, 0x0863, 0x0863, 0x0863,
  0x0863, 0x0863, 0x0863, 0x0863, 0x0863, 0x0863, 0x0863, 0x0863, 0x0863, 0x0863, 0x0863, 0x0863,
  0x0863, 0x0863, 0x0863, 0x0863, 0x0863, 0x0863, 0x0863, 0x0863, 0x0863, 0x0863, 0x0863, 0x0863,
  0x0863, 0x0863, 0x0863, 0x0863, 0x0863, 0x0863, 0x0863, 0x0863, 0x0863, 0x0863, 0x0863, 0x0863,
  0x0863, 0x0863, 0x0863, 0x0863, 0x0863, 0x0863, 0x0863, 0x0863, 0x0863, 0x0863, 0x0863, 0x0863,
  0x0863, 0x0863, 0x0863, 0x0863, 0x0863, 0x0863, 0x0863, 0x0863, 0x0863, 0x0863, 0x0863, 0x0863,
  0x0863, 0x0863, 0x0863, 0x0863, 0x0863, 0x0863, 0x0863, 0x0863, 0x0863, 0x0863, 0x0863, 0x0863,
  0x0863, 0x0863, 0x0863, 0x0863, 0x0863, 0x0863, 0x0863, 0x0863, 0x0863, 0x0863, 0x0863, 0x0863,
  0x0863, 0x0863, 0x0863, 0x0863, 0x0863, 0x0863, 0x0863, 0x0863, 0x0863, 0x0863, 0x0863, 0x0863,
  0x0863, 0x0863, 0x0863, 0x0863, 0x0863, 0x0863, 0x0863, 0x0863, 0x0863, 0x0863, 0x0863, 0x0863,
  0x0863, 0x0863, 0x0863, 0x0863, 0x0863, 0x0863, 0x0883, 0x0883, 0x0042, 0x0042, 0x3169, 0x7B74,
  0xAC7B, 0xA47A, 0x9C39, 0x9C39, 0x9C5A, 0x9C5A, 0x9C5A, 0x9C5A, 0x9C5A, 0x9C5A, 0x945A, 0x945A,
  0x945A, 0x945A, 0x945B, 0x945B, 0x945B, 0x945B, 0x945B, 0x945B, 0x8C5B, 0x8C5B, 0x8C5B, 0x8C5B,
  0x8C5C, 0x8C5C, 0x8C5C, 0x8C5C, 0x8C5C, 0x8C5C, 0x845C, 0x845C, 0x845C, 0x845C, 0x845D, 0x847D,
  0x847D, 0x847D, 0x847D, 0x7C7D, 0x7C7D, 0x7C7D, 0x7C7D, 0x7C5D, 0x84BF, 0x31ED, 0x0021, 0x0883,
  0x0863, 0x0863, 0x0863, 0x0863, 0x0863, 0x0863, 0x0863, 0x0863, 0x0863, 0x0863, 0x0863, 0x0863,
  0x0863, 0x0863, 0x0863, 0x0863, 0x0863, 0x0863, 0x0863, 0x0863, 0x0863, 0x0863, 0x0863, 0x0863,
  0x0863, 0x0863, 0x0863, 0x0863, 0x0863, 0x0863, 0x0863, 0x0863, 0x0863, 0x0863, 0x0863, 0x0863,
  0x0863, 0x0863, 0x0863, 0x0863, 0x0863, 0x0863, 0x0863, 0x0863, 0x0863, 0x0863, 0x0863, 0x0863,
  0x0863, 0x0863, 0x0863, 0x0863, 0x0863, 0x0863, 0x0863, 0x0863, 0x0863, 0x0863, 0x0863, 0x0863,
  0x0863, 0x0863, 0x0863, 0x0863, 0x0863, 0x0863, 0x0863, 0x0863, 0x0863, 0x0863, 0x0863, 0x0863,
  0x0863, 0x0863, 0x0863, 0x0863, 0x0863, 0x0863, 0x0863, 0x0863, 0x0863, 0x0863, 0x0863, 0x0863,
  0x0863, 0x0863, 0x0863, 0x0863, 0x0863, 0x0863, 0x0863, 0x0863, 0x0863, 0x0863, 0x0863, 0x0863,
  0x0863, 0x0863, 0x0863, 0x0863, 0x0863, 0x0863, 0x0863, 0x0863, 0x0863, 0x0863, 0x0863, 0x0863,
  0x0863, 0x0863, 0x0863, 0x0863, 0x0863, 0x0863, 0x0863, 0x0863, 0x0863, 0x0863, 0x0863, 0x0863,
  0x0863, 0x0863, 0x0863, 0x0863, 0x0863, 0x0863, 0x0863, 0x0863, 0x0863, 0x0863, 0x0863, 0x0863,
  0x0863, 0x0863, 0x0863, 0x0863, 0x0863, 0x0863, 0x0863, 0x0863, 0x0863, 0x0863, 0x0863, 0x0863,
  0x0863, 0x0863, 0x0863, 0x0863, 0x0863, 0x0863, 0x0863, 0x0863, 0x0863, 0x0863, 0x0863, 0x0863,
  0x0863, 0x0863, 0x0863, 0x0863, 0x0863, 0x0863, 0x0863, 0x0863, 0x0863, 0x0863, 0x0863, 0x0863,
  0x0863, 0x0863, 0x0863, 0x0863, 0x0863, 0x0863, 0x0863, 0x0863, 0x0863, 0x0863, 0x0863, 0x0863,
  0x0863, 0x0863, 0x0863, 0x0863, 0x0863, 0x0883, 0x0863, 0x0022, 0x2127, 0x7312, 0xA47A, 0xA47A,
  0x9C39, 0x9C39, 0x9C59, 0x9C59, 0x9C5A, 0x9C5A, 0x9C5A, 0x9C5A, 0x9C5A, 0x9C5A, 0x945A, 0x945A,
  0x945A, 0x945A, 0x945B, 0x945B, 0x945B, 0x945B, 0x945B, 0x945B, 0x8C5B, 0x8C5B, 0x8C5B, 0x8C5B,
  0x8C5C, 0x8C5C, 0x8C5C, 0x8C5C, 0x8C5C, 0x8C5C, 0x845C, 0x845C, 0x845C, 0x845C, 0x845D, 0x847D,
  0x847D, 0x847D, 0x847D, 0x7C7D, 0x7C7D, 0x7C7D, 0x7C5D, 0x7C7E, 0x741B, 0x10A5, 0x0863, 0x0863,
  0x0863, 0x0863, 0x0863, 0x0863, 0x0863, 0x0863, 0x0863, 0x0863, 0x0863, 0x0863, 0x0863, 0x0863,
  0x0863, 0x0863, 0x0863, 0x0863, 0x0863, 0x0863, 0x0863, 0x0863, 0x0863, 0x0863, 0x0863, 0x0863,
  0x0863, 0x0863, 0x0863, 0x0863, 0x0863, 0x0863, 0x0863, 0x0863, 0x0863, 0x0863, 0x0863, 0x0863,
  0x0863, 0x0863, 0x0863, 0x0863, 0x0863, 0x0863, 0x0863, 0x0863, 0x0863, 0x0863, 0x0863, 0x0863,
  0x0863, 0x0863, 0x0863, 0x0863, 0x0863, 0x0863, 0x0863, 0x0863, 0x0863, 0x0863, 0x0863, 0x0863,
  0x0863, 0x0863, 0x0863, 0x0863, 0x0863, 0x0863, 0x0863, 0x0863, 0x0863, 0x0863, 0x0863, 0x0863,
  0x0863, 0x0863, 0x0863, 0x0863, 0x0863, 0x0863, 0x0863, 0x0863, 0x0863, 0x0863, 0x0863, 0x0863,
  0x0863, 0x0863, 0x0863, 0x0863, 0x0863, 0x0863, 0x0863, 0x0863, 0x0863, 0x0863, 0x0863, 0x0863,
  0x0863, 0x0863, 0x0863, 0x0863, 0x0863, 0x0863, 0x0863, 0x0863, 0x0863, 0x0863, 0x0863, 0x0863,
  0x0863, 0x0863, 0x0863, 0x0863, 0x0863, 0x0863, 0x0863, 0x0863, 0x0863, 0x0863, 0x0863, 0x0863,
  0x0863, 0x0863, 0x0863, 0x0863, 0x0863, 0x0863, 0x0863, 0x0863, 0x0863, 0x0863, 0x0863, 0x0863,
  0x0863, 0x0863, 0x0863, 0x0863, 0x0863, 0x0863, 0x0863, 0x0863, 0x0863, 0x0863, 0x0863, 0x0863,
  0x0863, 0x0863, 0x0863, 0x0863, 0x0863, 0x0863, 0x0863, 0x0863, 0x0863, 0x0863, 0x0863, 0x0863,
  0x0863, 0x0863, 0x0863, 0x0863, 0x0863, 0x0863, 0x0863, 0x0863, 0x0863, 0x0863, 0x0863, 0x0863,
  0x0863, 0x0863, 0x0863, 0x0863, 0x0863, 0x0863, 0x0863, 0x0863, 0x0863, 0x0863, 0x0863, 0x0863,
  0x0863, 0x0863, 0x0863, 0x0883, 0x0863, 0x0022, 0x10C5, 0x62AF, 0xA459, 0xAC9A, 0xA439, 0x9C39,
  0x9C59, 0x9C59, 0x9C59, 0x9C59, 0x9C5A, 0x9C5A, 0x9C5A, 0x9C5A, 0x9C5A, 0x9C5A, 0x945A, 0x945A,
  0x945A, 0x945A, 0x945B, 0x945B, 0x945B, 0x945B, 0x945B, 0x945B, 0x8C5B, 0x8C5B, 0x8C5B, 0x8C5B,
  0x8C5C, 0x8C5C, 0x8C5C, 0x8C5C, 0x8C5C, 0x8C5C, 0x845C, 0x845C, 0x845C, 0x845C, 0x845D, 0x847D,
  0x847D, 0x847D, 0x847D, 0x7C7D, 0x7C7D, 0x7C7D, 0x7C5D, 0x84BF, 0x4AB2, 0x0021, 0x0883, 0x0863,
  0x0863, 0x0863, 0x0863, 0x0863, 0x0863, 0x0863, 0x0863, 0x0863, 0x0863, 0x0863, 0x0863, 0x0863,
  0x0863, 0x0863, 0x0863, 0x0863, 0x0863, 0x0863, 0x0863, 0x0863, 0x0863, 0x0863, 0x0863, 0x0863,
  0x0863, 0x0863, 0x0863, 0x0863, 0x0863, 0x0863, 0x0863, 0x0863, 0x0863, 0x0863, 0x0863, 0x0863,
  0x0863, 0x0863, 0x0863, 0x0863, 0x0863, 0x0863, 0x0863, 0x0863, 0x0863, 0x0863, 0x0863, 0x0863,
  0x0863, 0x0863, 0x0863, 0x0863, 0x0863, 0x0863, 0x0863, 0x0863, 0x0863, 0x0863, 0x0863, 0x0863,
  0x0863, 0x0863, 0x0863, 0x0863, 0x0863, 0x0863, 0x0863, 0x0863, 0x0863, 0x0863, 0x0863, 0x0863,
  0x0863, 0x0863, 0x0863, 0x0863, 0x0863, 0x0863, 0x0863, 0x0863, 0x0863, 0x0863, 0x0863, 0x0863,
  0x0863, 0x0863, 0x0863, 0x0863, 0x0863, 0x0863, 0x0863, 0x0863, 0x0863, 0x0863, 0x0863, 0x0863,
  0x0863, 0x0863, 0x0863, 0x0863, 0x0863, 0x0863, 0x0863, 0x0863, 0x0863, 0x0863, 0x0863, 0x0863,
  0x0863, 0x0863, 0x0863, 0x0863, 0x0863, 0x0863, 0x0863, 0x0863, 0x0863, 0x0863, 0x0863, 0x0863,
  0x0863, 0x0863, 0x0863, 0x0863, 0x0863, 0x0863, 0x0863, 0x0863, 0x0863, 0x0863, 0x0863, 0x0863,
  0x0863, 0x0863, 0x0863, 0x0863, 0x0863, 0x0863, 0x0863, 0x0863, 0x0863, 0x0863, 0x0863, 0x0863,
  0x0863, 0x0863, 0x0863, 0x0863, 0x0863, 0x0863, 0x0863, 0x0863, 0x0863, 0x0863, 0x0863, 0x0863,
  0x0863, 0x0863, 0x0863, 0x0863, 0x0863, 0x0863, 0x0863, 0x0863, 0x0863, 0x0863, 0x0863, 0x0863,
  0x0863, 0x0863, 0x0863, 0x0863, 0x0863, 0x0863, 0x0863, 0x0863, 0x0863, 0x0863, 0x0863, 0x0863,
  0x0863, 0x0883, 0x0883, 0x0042, 0x0883, 0x522C, 0x9BF7, 0xAC7A, 0xA438, 0xA438, 0xA459, 0xA459,
  0x9C59, 0x9C59, 0x9C59, 0x9C59, 0x9C5A, 0x9C5A, 0x9C5A, 0x9C5A, 0x9C5A, 0x9C5A, 0x945A, 0x945A,
  0x945A, 0x945A, 0x945B, 0x945B, 0x945B, 0x945B, 0x945B, 0x945B, 0x8C5B, 0x8C5B, 0x8C5B, 0x8C5B,
  0x8C5C, 0x8C5C, 0x8C5C, 0x8C5C, 0x8C5C, 0x8C5C, 0x845C, 0x845C, 0x845C, 0x845C, 0x845D, 0x847D,
  0x847D, 0x847D, 0x847D, 0x7C7D, 0x7C7D, 0x7C7D, 0x7C7D, 0x7C7E, 0x1928, 0x0042, 0x0883, 0x0863,
  0x0863, 0x0863, 0x0863, 0x0863, 0x0863, 0x0863, 0x0863, 0x0863, 0x0863, 0x0863, 0x0863, 0x0863,
  0x0863, 0x0863, 0x0863, 0x0863, 0x0863, 0x0863, 0x0863, 0x0863, 0x0863, 0x0863, 0x0863, 0x0863,
  0x0863, 0x0863, 0x0863, 0x0863, 0x0863, 0x0863, 0x0863, 0x0863, 0x0863, 0x0863, 0x0863, 0x0863,
  0x0863, 0x0863, 0x0863, 0x0863, 0x0863, 0x0863, 0x0863, 0x0863, 0x0863, 0x0863, 0x0863, 0x0863,
  0x0863, 0x0863, 0x0863, 0x0863, 0x0863, 0x0863, 0x0863, 0x0863, 0x0863, 0x0863, 0x0863, 0x0863,
  0x0863, 0x0863, 0x0863, 0x0863, 0x0863, 0x0863, 0x0863, 0x0863, 0x0863, 0x0863, 0x0863, 0x0863,
  0x0863, 0x0863, 0x0863, 0x0863, 0x0863, 0x0863, 0x0863, 0x0863, 0x0863, 0x0863, 0x0863, 0x0863,
  0x0863, 0x0863, 0x0863, 0x0863, 0x0863, 0x0863, 0x0863, 0x0863, 0x0863, 0x0863, 0x0863, 0x0863,
  0x0863, 0x0863, 0x0863, 0x0863, 0x0863, 0x0863, 0x0863, 0x0863, 0x0863, 0x0863, 0x0863, 0x0863,
  0x0863, 0x0863, 0x0863, 0x0863, 0x0863, 0x0863, 0x0863, 0x0863, 0x0863, 0x0863, 0x0863, 0x0863,
  0x0863, 0x0863, 0x0863, 0x0863, 0x0863, 0x0863, 0x0863, 0x0863, 0x0863, 0x0863, 0x0863, 0x0863,
  0x0863, 0x0863, 0x0863, 0x0863, 0x0863, 0x0863, 0x0863, 0x0863, 0x0863, 0x0863, 0x0863, 0x0863,
  0x0863, 0x0863, 0x0863, 0x0863, 0x0863, 0x0863, 0x0863, 0x0863, 0x0863, 0x0863, 0x0863, 0x0863,
  0x0863, 0x0863, 0x0863, 0x0863, 0x0863, 0x0863, 0x0863, 0x0863, 0x0863, 0x0863, 0x0863, 0x0863,
  0x0863, 0x0863, 0x0863, 0x0863, 0x0863, 0x0863, 0x0863, 0x0863, 0x0863, 0x0863, 0x0863, 0x0883,
  0x0883, 0x0042, 0x0042, 0x3989, 0x8BB4, 0xB499, 0xAC58, 0xA438, 0xA458, 0xA459, 0xA459, 0xA459,
  0x9C59, 0x9C59, 0x9C59, 0x9C59, 0x9C5A, 0x9C5A, 0x9C5A, 0x9C5A, 0x9C5A, 0x9C5A, 0x945A, 0x945A,
  0x945A, 0x945A, 0x945B, 0x945B, 0x945B, 0x945B, 0x945B, 0x945B, 0x8C5B, 0x8C5B, 0x8C5B, 0x8C5B,
  0x8C5C, 0x8C5C, 0x8C5C, 0x8C5C, 0x8C5C, 0x8C5C, 0x845C, 0x845C, 0x845C, 0x845C, 0x845D, 0x847D,
  0x847D, 0x847D, 0x847D, 0x7C7D, 0x7C7D, 0x7C5D, 0x849F, 0x5B56, 0x0042, 0x0883, 0x0863, 0x0863,
  0x0863, 0x0863, 0x0863, 0x0863, 0x0863, 0x0863, 0x0863, 0x0863, 0x0863, 0x0863, 0x0863, 0x0863,
  0x0863, 0x0863, 0x0863, 0x0863, 0x0863, 0x0863, 0x0863, 0x0863, 0x0863, 0x0863, 0x0863, 0x0863,
  0x0863, 0x0863, 0x0863, 0x0863, 0x0863, 0x0863, 0x0863, 0x0863, 0x0863, 0x0863, 0x0863, 0x0863,
  0x0863, 0x0863, 0x0863, 0x0863, 0x0863, 0x0863, 0x0863, 0x0863, 0x0863, 0x0863, 0x0863, 0x0863,
  0x0863, 0x0863, 0x0863, 0x0863, 0x0863, 0x0863, 0x0863, 0x0863, 0x0863, 0x0863, 0x0863, 0x0863,
  0x0863, 0x0863, 0x0863, 0x0863, 0x0863, 0x0863, 0x0863, 0x0863, 0x0863, 0x0863, 0x0863, 0x0863,
  0x0863, 0x0863, 0x0863, 0x0863, 0x0863, 0x0863, 0x0863, 0x0863, 0x0863, 0x0863, 0x0863, 0x0863,
  0x0863, 0x0863, 0x0863, 0x0863, 0x0863, 0x0863, 0x0863, 0x0863, 0x0863, 0x0863, 0x0863, 0x0863,
  0x0863, 0x0863, 0x0863, 0x0863, 0x0863, 0x0863, 0x0863, 0x0863, 0x0863, 0x0863, 0x0863, 0x0863,
  0x0863, 0x0863, 0x0863, 0x0863, 0x0863, 0x0863, 0x0863, 0x0863, 0x0863, 0x0863, 0x0863, 0x0863,
  0x0863, 0x0863, 0x0863, 0x0863, 0x0863, 0x0863, 0x0863, 0x0863, 0x0863, 0x0863, 0x0863, 0x0863,
  0x0863, 0x0863, 0x0863, 0x0863, 0x0863, 0x0863, 0x0863, 0x0863, 0x0863, 0x0863, 0x0863, 0x0863,
  0x0863, 0x0863, 0x0863, 0x0863, 0x0863, 0x0863, 0x0863, 0x0863, 0x0863, 0x0863, 0x0863, 0x0863,
  0x0863, 0x0863, 0x0863, 0x0863, 0x0863, 0x0863, 0x0863, 0x0863, 0x0863, 0x0863, 0x0863, 0x0863,
  0x0863, 0x0863, 0x0863, 0x0863, 0x0863, 0x0863, 0x0863, 0x0863, 0x0863, 0x0863, 0x0883, 0x0863,
  0x0022, 0x2106, 0x7B11, 0xB478, 0xAC58, 0xA437, 0xA438, 0xA438, 0xA458, 0xA459, 0xA459, 0xA459,
  0x9C59, 0x9C59, 0x9C59, 0x9C59, 0x9C5A, 0x9C5A, 0x9C5A, 0x9C5A, 0x9C5A, 0x9C5A, 0x945A, 0x945A,
  0x945A, 0x945A, 0x945B, 0x945B, 0x945B, 0x945B, 0x945B, 0x945B, 0x8C5B, 0x8C5B, 0x8C5B, 0x8C5B,
  0x8C5C, 0x8C5C, 0x8C5C, 0x8C5C, 0x8C5C, 0x8C5C, 0x845C, 0x845C, 0x845C, 0x845C, 0x845D, 0x847D,
  0x847D, 0x847D, 0x847D, 0x7C7D, 0x7C7D, 0x7C5D, 0x849F, 0x29AB, 0x0022, 0x0883, 0x0863, 0x0863,
  0x0863, 0x0863, 0x0863, 0x0863, 0x0863, 0x0863, 0x0863, 0x0863, 0x0863, 0x0863, 0x0863, 0x0863,
  0x0863, 0x0863, 0x0863, 0x0863, 0x0863, 0x0863, 0x0863, 0x0863, 0x0863, 0x0863, 0x0863, 0x0863,
  0x0863, 0x0863, 0x0863, 0x0863, 0x0863, 0x0863, 0x0863, 0x0863, 0x0863, 0x0863, 0x0863, 0x0863,
  0x0863, 0x0863, 0x0863, 0x0863, 0x0863, 0x0863, 0x0863, 0x0863, 0x0863, 0x0863, 0x0863, 0x0863,
  0x0863, 0x0863, 0x0863, 0x0863, 0x0863, 0x0863, 0x0863, 0x0863, 0x0863, 0x0863, 0x0863, 0x0863,
  0x0863, 0x0863, 0x0863, 0x0863, 0x0863, 0x0863, 0x0863, 0x0863, 0x0863, 0x0863, 0x0863, 0x0863,
  0x0863, 0x0863, 0x0863, 0x0863, 0x0863, 0x0863, 0x0863, 0x0863, 0x0863, 0x0863, 0x0863, 0x0863,
  0x0863, 0x0863, 0x0863, 0x0863, 0x0863, 0x0863, 0x0863, 0x0863, 0x0863, 0x0863, 0x0863, 0x0863,
  0x0863, 0x0863, 0x0863, 0x0863, 0x0863, 0x0863, 0x0863, 0x0863, 0x0863, 0x0863, 0x0863, 0x0863,
  0x0863, 0x0863, 0x0863, 0x0863, 0x0863, 0x0863, 0x0863, 0x0863, 0x0863, 0x0863, 0x0863, 0x0863,
  0x0863, 0x0863, 0x0863, 0x0863, 0x0863, 0x0863, 0x0863, 0x0863, 0x0863, 0x0863, 0x0863, 0x0863,
  0x0863, 0x0863, 0x0863, 0x0863, 0x0863, 0x0863, 0x0863, 0x0863, 0x0863, 0x0863, 0x0863, 0x0863,
  0x0863, 0x0863, 0x0863, 0x0863, 0x0863, 0x0863, 0x0863, 0x0863, 0x0863, 0x0863, 0x0863, 0x0863,
  0x0863, 0x0863, 0x0863, 0x0863, 0x0863, 0x0863, 0x0863, 0x0863, 0x0863, 0x0863, 0x0863, 0x0863,
  0x0863, 0x0863, 0x0863, 0x0863, 0x0863, 0x0863, 0x0863, 0x0863, 0x0883, 0x0883, 0x0022, 0x10A4,
  0x628E, 0xAC37, 0xB478, 0xA437, 0xA437, 0xA438, 0xA438, 0xA438, 0xA458, 0xA459, 0xA459, 0xA459,
  0x9C59, 0x9C59, 0x9C59, 0x9C59, 0x9C5A, 0x9C5A, 0x9C5A, 0x9C5A, 0x9C5A, 0x9C5A, 0x945A, 0x945A,
  0x945A, 0x945A, 0x945B, 0x945B, 0x945B, 0x945B, 0x945B, 0x945B, 0x8C5B, 0x8C5B, 0x8C5B, 0x8C5B,
  0x8C5C, 0x8C5C, 0x8C5C, 0x8C5C, 0x8C5C, 0x8C5C, 0x845C, 0x845C, 0x845C, 0x845C, 0x845D, 0x847D,
  0x847D, 0x847D, 0x847D, 0x7C7D, 0x7C5D, 0x849E, 0x6BD9, 0x0863, 0x0863, 0x0863, 0x0863, 0x0863,
  0x0863, 0x0863, 0x0863, 0x0863, 0x0863, 0x0863, 0x0863, 0x0863, 0x0863, 0x0863, 0x0863, 0x0863,
  0x0863, 0x0863, 0x0863, 0x0863, 0x0863, 0x0863, 0x0863, 0x0863, 0x0863, 0x0863, 0x0863, 0x0863,
  0x0863, 0x0863, 0x0863, 0x0863, 0x0863, 0x0863, 0x0863, 0x0863, 0x0863, 0x0863, 0x0863, 0x0863,
  0x0863, 0x0863, 0x0863, 0x0863, 0x0863, 0x0863, 0x0863, 0x0863, 0x0863, 0x0863, 0x0863, 0x0863,
  0x0863, 0x0863, 0x0863, 0x0863, 0x0863, 0x0863, 0x0863, 0x0863, 0x0863, 0x0863, 0x0863, 0x0863,
  0x0863, 0x0863, 0x0863, 0x0863, 0x0863, 0x0863, 0x0863, 0x0863, 0x0863, 0x0863, 0x0863, 0x0863,
  0x0863, 0x0863, 0x0863, 0x0863, 0x0863, 0x0863, 0x0863, 0x0863, 0x0863, 0x0863, 0x0863, 0x0863,
  0x0863, 0x0863, 0x0863, 0x0863, 0x0863, 0x0863, 0x0863, 0x0863, 0x0863, 0x0863, 0x0863, 0x0863,
  0x0863, 0x0863, 0x0863, 0x0863, 0x0863, 0x0863, 0x0863, 0x0863, 0x0863, 0x0863, 0x0863, 0x0863,
  0x0863, 0x0863, 0x0863, 0x0863, 0x0863, 0x0863, 0x0863, 0x0863, 0x0863, 0x0863, 0x0863, 0x0863,
  0x0863, 0x0863, 0x0863, 0x0863, 0x0863, 0x0863, 0x0863, 0x0863, 0x0863, 0x0863, 0x0863, 0x0863,
  0x0863, 0x0863, 0x0863, 0x0863, 0x0863, 0x0863, 0x0863, 0x0863, 0x0863, 0x0863, 0x0863, 0x0863,
  0x0863, 0x0863, 0x0863, 0x0863, 0x0863, 0x0863, 0x0863, 0x0863, 0x0863, 0x0863, 0x0863, 0x0863,
  0x0863, 0x0863, 0x0863, 0x0863, 0x0863, 0x0863, 0x0863, 0x0863, 0x0863, 0x0863, 0x0863, 0x0863,
  0x0863, 0x0863, 0x0863, 0x0863, 0x0863, 0x0863, 0x0883, 0x0883, 0x0042, 0x0042, 0x41CA, 0x9BD4,
  0xB478, 0xAC37, 0xA437, 0xAC37, 0xA438, 0xA438, 0xA438, 0xA438, 0xA458, 0xA459, 0xA459, 0xA459,
  0x9C59, 0x9C59, 0x9C59, 0x9C59, 0x9C5A, 0x9C5A, 0x9C5A, 0x9C5A, 0x9C5A, 0x9C5A, 0x945A, 0x945A,
  0x945A, 0x945A, 0x945B, 0x945B, 0x945B, 0x945B, 0x945B, 0x945B, 0x8C5B, 0x8C5B, 0x8C5B, 0x8C5B,
  0x8C5C, 0x8C5C, 0x8C5C, 0x8C5C, 0x8C5C, 0x8C5C, 0x845C, 0x845C, 0x845C, 0x845C, 0x845D, 0x847D,
  0x847D, 0x847D, 0x847D, 0x7C7D, 0x7C5D, 0x84BF, 0x3A2F, 0x0021, 0x0883, 0x0863, 0x0863, 0x0863,
  0x0863, 0x0863, 0x0863, 0x0863, 0x0863, 0x0863, 0x0863, 0x0863, 0x0863, 0x0863, 0x0863, 0x0863,
  0x0863, 0x0863, 0x0863, 0x0863, 0x0863, 0x0863, 0x0863, 0x0863, 0x0863, 0x0863, 0x0863, 0x0863,
  0x0863, 0x0863, 0x0863, 0x0863, 0x0863, 0x0863, 0x0863, 0x0863, 0x0863, 0x0863, 0x0863, 0x0863,
  0x0863, 0x0863, 0x0863, 0x0863, 0x0863, 0x0863, 0x0863, 0x0863, 0x0863, 0x0863, 0x0863, 0x0863,
  0x0863, 0x0863, 0x0863, 0x0863, 0x0863, 0x0863, 0x0863, 0x0863, 0x0863, 0x0863, 0x0863, 0x0863,
  0x0863, 0x0863, 0x0863, 0x0863, 0x0863, 0x0863, 0x0863, 0x0863, 0x0863, 0x0863, 0x0863, 0x0863,
  0x0863, 0x0863, 0x0863, 0x0863, 0x0863, 0x0863, 0x0863, 0x0863, 0x0863, 0x0863, 0x0863, 0x0863,
  0x0863, 0x0863, 0x0863, 0x0863, 0x0863, 0x0863, 0x0863, 0x0863, 0x0863, 0x0863, 0x0863, 0x0863,
  0x0863, 0x0863, 0x0863, 0x0863, 0x0863, 0x0863, 0x0863, 0x0863, 0x0863, 0x0863, 0x0863, 0x0863,
  0x0863, 0x0863, 0x0863, 0x0863, 0x0863, 0x0863, 0x0863, 0x0863, 0x0863, 0x0863, 0x0863, 0x0863,
  0x0863, 0x0863, 0x0863, 0x0863, 0x0863, 0x0863, 0x0863, 0x0863, 0x0863, 0x0863, 0x0863, 0x0863,
  0x0863, 0x0863, 0x0863, 0x0863, 0x0863, 0x0863, 0x0863, 0x0863, 0x0863, 0x0863, 0x0863, 0x0863,
  0x0863, 0x0863, 0x0863, 0x0863, 0x0863, 0x0863, 0x0863, 0x0863, 0x0863, 0x0863, 0x0863, 0x0863,
  0x0863, 0x0863, 0x0863, 0x0863, 0x0863, 0x0863, 0x0863, 0x0863, 0x0863, 0x0863, 0x0863, 0x0863,
  0x0863, 0x0863, 0x0863, 0x0863, 0x0863, 0x0883, 0x0863, 0x0022, 0x2927, 0x8331, 0xB477, 0xB457,
  0xAC36, 0xAC37, 0xAC37, 0xAC37, 0xA438, 0xA438, 0xA438, 0xA438, 0xA458, 0xA459, 0xA459, 0xA459,
  0x9C59, 0x9C59, 0x9C59, 0x9C59, 0x9C5A, 0x9C5A, 0x9C5A, 0x9C5A, 0x9C5A, 0x9C5A, 0x945A, 0x945A,
  0x945A, 0x945A, 0x945B, 0x945B, 0x945B, 0x945B, 0x945B, 0x945B, 0x8C5B, 0x8C5B, 0x8C5B, 0x8C5B,
  0x8C5C, 0x8C5C, 0x8C5C, 0x8C5C, 0x8C5C, 0x8C5C, 0x845C, 0x845C, 0x845C, 0x845C, 0x845D, 0x847D,
  0x847D, 0x847D, 0x847D, 0x7C5D, 0x847E, 0x741B, 0x10A5, 0x0863, 0x0883, 0x0863, 0x0863, 0x0863,
  0x0863, 0x0863, 0x0863, 0x0863, 0x0863, 0x0863, 0x0863, 0x0863, 0x0863, 0x0863, 0x0863, 0x0863,
  0x0863, 0x0863, 0x0863, 0x0863, 0x0863, 0x0863, 0x0863, 0x0863, 0x0863, 0x0863, 0x0863, 0x0863,
  0x0863, 0x0863, 0x0863, 0x0863, 0x0863, 0x0863, 0x0863, 0x0863, 0x0863, 0x0863, 0x0863, 0x0863,
  0x0863, 0x0863, 0x0863, 0x0863, 0x0863, 0x0863, 0x0863, 0x0863, 0x0863, 0x0863, 0x0863, 0x0863,
  0x0863, 0x0863, 0x0863, 0x0863, 0x0863, 0x0863, 0x0863, 0x0863, 0x0863, 0x0863, 0x0863, 0x0863,
  0x0863, 0x0863, 0x0863, 0x0863, 0x0863, 0x0863, 0x0863, 0x0863, 0x0863, 0x0863, 0x0863, 0x0863,
  0x0863, 0x0863, 0x0863, 0x0863, 0x0863, 0x0863, 0x0863, 0x0863, 0x0863, 0x0863, 0x0863, 0x0863,
  0x0863, 0x0863, 0x0863, 0x0863, 0x0863, 0x0863, 0x0863, 0x0863, 0x0863, 0x0863, 0x0863, 0x0863,
  0x0863, 0x0863, 0x0863, 0x0863, 0x0863, 0x0863, 0x0863, 0x0863, 0x0863, 0x0863, 0x0863, 0x0863,
  0x0863, 0x0863, 0x0863, 0x0863, 0x0863, 0x0863, 0x0863, 0x0863, 0x0863, 0x0863, 0x0863, 0x0863,
  0x0863, 0x0863, 0x0863, 0x0863, 0x0863, 0x0863, 0x0863, 0x0863, 0x0863, 0x0863, 0x0863, 0x0863,
  0x0863, 0x0863, 0x0863, 0x0863, 0x0863, 0x0863, 0x0863, 0x0863, 0x0863, 0x0863, 0x0863, 0x0863,
  0x0863, 0x0863, 0x0863, 0x0863, 0x0863, 0x0863, 0x0863, 0x0863, 0x0863, 0x0863, 0x0863, 0x0863,
  0x0863, 0x0863, 0x0863, 0x0863, 0x0863, 0x0863, 0x0863, 0x0863, 0x0863, 0x0863, 0x0863, 0x0863,
  0x0863, 0x0863, 0x0863, 0x0883, 0x0883, 0x0042, 0x10A4, 0x628D, 0xB436, 0xB477, 0xAC16, 0xAC36,
  0xAC37, 0xAC37, 0xAC37, 0xAC37, 0xA438, 0xA438, 0xA438, 0xA438, 0xA458, 0xA459, 0xA459, 0xA459,
  0x9C59, 0x9C59, 0x9C59, 0x9C59, 0x9C5A, 0x9C5A, 0x9C5A, 0x9C5A, 0x9C5A, 0x9C5A, 0x945A, 0x945A,
  0x945A, 0x945A, 0x945B, 0x945B, 0x945B, 0x945B, 0x945B, 0x945B, 0x8C5B, 0x8C5B, 0x8C5B, 0x8C5B,
  0x8C5C, 0x8C5C, 0x8C5C, 0x8C5C, 0x8C5C, 0x8C5C, 0x845C, 0x845C, 0x845C, 0x845C, 0x845D, 0x847D,
  0x847D, 0x847D, 0x847D, 0x7C5D, 0x84BF, 0x4A91, 0x0021, 0x0883, 0x0863, 0x0863, 0x0863, 0x0863,
  0x0863, 0x0863, 0x0863, 0x0863, 0x0863, 0x0863, 0x0863, 0x0863, 0x0863, 0x0863, 0x0863, 0x0863,
  0x0863, 0x0863, 0x0863, 0x0863, 0x0863, 0x0863, 0x0863, 0x0863, 0x0863, 0x0863, 0x0863, 0x0863,
  0x0863, 0x0863, 0x0863, 0x0863, 0x0863, 0x0863, 0x0863, 0x0863, 0x0863, 0x0863, 0x0863, 0x0863,
  0x0863, 0x0863, 0x0863, 0x0863, 0x0863, 0x0863, 0x0863, 0x0863, 0x0863, 0x0863, 0x0863, 0x0863,
  0x0863, 0x0863, 0x0863, 0x0863, 0x0863, 0x0863, 0x0863, 0x0863, 0x0863, 0x0863, 0x0863, 0x0863,
  0x0863, 0x0863, 0x0863, 0x0863, 0x0863, 0x0863, 0x0863, 0x0863, 0x0863, 0x0863, 0x0863, 0x0863,
  0x0863, 0x0863, 0x0863, 0x0863, 0x0863, 0x0863, 0x0863, 0x0863, 0x0863, 0x0863, 0x0863, 0x0863,
  0x0863, 0x0863, 0x0863, 0x0863, 0x0863, 0x0863, 0x0863, 0x0863, 0x0863, 0x0863, 0x0863, 0x0863,
  0x0863, 0x0863, 0x0863, 0x0863, 0x0863, 0x0863, 0x0863, 0x0863, 0x0863, 0x0863, 0x0863, 0x0863,
  0x0863, 0x0863, 0x0863, 0x0863, 0x0863, 0x0863, 0x0863, 0x0863, 0x0863, 0x0863, 0x0863, 0x0863,
  0x0863, 0x0863, 0x0863, 0x0863, 0x0863, 0x0863, 0x0863, 0x0863, 0x0863, 0x0863, 0x0863, 0x0863,
  0x0863, 0x0863, 0x0863, 0x0863, 0x0863, 0x0863, 0x0863, 0x0863, 0x0863, 0x0863, 0x0863, 0x0863,
  0x0863, 0x0863, 0x0863, 0x0863, 0x0863, 0x0863, 0x0863, 0x0863, 0x0863, 0x0863, 0x0863, 0x0863,
  0x0863, 0x0863, 0x0863, 0x0863, 0x0863, 0x0863, 0x0863, 0x0863, 0x0863, 0x0863, 0x0863, 0x0863,
  0x0863, 0x0863, 0x0883, 0x0042, 0x0042, 0x41A9, 0x9BB3, 0xBC77, 0xAC36, 0xAC16, 0xAC36, 0xAC36,
  0xAC37, 0xAC37, 0xAC37, 0xAC37, 0xA438, 0xA438, 0xA438, 0xA438, 0xA458, 0xA459, 0xA459, 0xA459,
  0x9C59, 0x9C59, 0x9C59, 0x9C59, 0x9C5A, 0x9C5A, 0x9C5A, 0x9C5A, 0x9C5A, 0x9C5A, 0x945A, 0x945A,
  0x945A, 0x945A, 0x945B, 0x945B, 0x945B, 0x945B, 0x945B, 0x945B, 0x8C5B, 0x8C5B, 0x8C5B, 0x8C5B,
  0x8C5C, 0x8C5C, 0x8C5C, 0x8C5C, 0x8C5C, 0x8C5C, 0x845C, 0x845C, 0x845C, 0x845C, 0x845D, 0x847D,
  0x847D, 0x847D, 0x847D, 0x847D, 0x7C5D, 0x18E6, 0x0842, 0x0883, 0x0863, 0x0863, 0x0863, 0x0863,
  0x0863, 0x0863, 0x0863, 0x0863, 0x0863, 0x0863, 0x0863, 0x0863, 0x0863, 0x0863, 0x0863, 0x0863,
  0x0863, 0x0863, 0x0863, 0x0863, 0x0863, 0x0863, 0x0863, 0x0863, 0x0863, 0x0863, 0x0863, 0x0863,
  0x0863, 0x0863, 0x0863, 0x0863, 0x0863, 0x0863, 0x0863, 0x0863, 0x0863, 0x0863, 0x0863, 0x0863,
  0x0863, 0x0863, 0x0863, 0x0863, 0x0863, 0x0863, 0x0863, 0x0863, 0x0863, 0x0863, 0x0863, 0x0863,
  0x0863, 0x0863, 0x0863, 0x0863, 0x0863, 0x0863, 0x0863, 0x0863, 0x0863, 0x0863, 0x0863, 0x0863,
  0x0863, 0x0863, 0x0863, 0x0863, 0x0863, 0x0863, 0x0863, 0x0863, 0x0863, 0x0863, 0x0863, 0x0863,
  0x0863, 0x0863, 0x0863, 0x0863, 0x0863, 0x0863, 0x0863, 0x0863, 0x0863, 0x0863, 0x0863, 0x0863,
  0x0863, 0x0863, 0x0863, 0x0863, 0x0863, 0x0863, 0x0863, 0x0863, 0x0863, 0x0863, 0x0863, 0x0863,
  0x0863, 0x0863, 0x0863, 0x0863, 0x0863, 0x0863, 0x0863, 0x0863, 0x0863, 0x0863, 0x0863, 0x0863,
  0x0863, 0x0863, 0x0863, 0x0863, 0x0863, 0x0863, 0x0863, 0x0863, 0x0863, 0x0863, 0x0863, 0x0863,
  0x0863, 0x0863, 0x0863, 0x0863, 0x0863, 0x0863, 0x0863, 0x0863, 0x0863, 0x0863, 0x0863, 0x0863,
  0x0863, 0x0863, 0x0863, 0x0863, 0x0863, 0x0863, 0x0863, 0x0863, 0x0863, 0x0863, 0x0863, 0x0863,
  0x0863, 0x0863, 0x0863, 0x0863, 0x0863, 0x0863, 0x0863, 0x0863, 0x0863, 0x0863, 0x0863, 0x0863,
  0x0863, 0x0863, 0x0863, 0x0863, 0x0863, 0x0863, 0x0863, 0x0863, 0x0863, 0x0863, 0x0863, 0x0863,
  0x0883, 0x0863, 0x0022, 0x20E6, 0x8310, 0xBC56, 0xB436, 0xAC15, 0xB436, 0xAC36, 0xAC36, 0xAC36,
  0xAC37, 0xAC37, 0xAC37, 0xAC37, 0xA438, 0xA438, 0xA438, 0xA438, 0xA458, 0xA459, 0xA459, 0xA459,
  0x9C59, 0x9C59, 0x9C59, 0x9C59, 0x9C5A, 0x9C5A, 0x9C5A, 0x9C5A, 0x9C5A, 0x9C5A, 0x945A, 0x945A,
  0x945A, 0x945A, 0x945B, 0x945B, 0x945B, 0x945B, 0x945B, 0x945B, 0x8C5B, 0x8C5B, 0x8C5B, 0x8C5B,
  0x8C5C, 0x8C5C, 0x8C5C, 0x8C5C, 0x8C5C, 0x8C5C, 0x845C, 0x845C, 0x845C, 0x845C, 0x845D, 0x847D,
  0x847D, 0x847D, 0x7C5D, 0x84BF, 0x52F3, 0x0021, 0x0883, 0x0863, 0x0863, 0x0863, 0x0863, 0x0863,
  0x0863, 0x0863, 0x0863, 0x0863, 0x0863, 0x0863, 0x0863, 0x0863, 0x0863, 0x0863, 0x0863, 0x0863,
  0x0863, 0x0863, 0x0863, 0x0863, 0x0863, 0x0863, 0x0863, 0x0863, 0x0863, 0x0863, 0x0863, 0x0863,
  0x0863, 0x0863, 0x0863, 0x0863, 0x0863, 0x0863, 0x0863, 0x0863, 0x0863, 0x0863, 0x0863, 0x0863,
  0x0863, 0x0863, 0x0863, 0x0863, 0x0863, 0x0863, 0x0863, 0x0863, 0x0863, 0x0863, 0x0863, 0x0863,
  0x0863, 0x0863, 0x0863, 0x0863, 0x0863, 0x0863, 0x0863, 0x0863, 0x0863, 0x0863, 0x0863, 0x0863,
  0x0863, 0x0863, 0x0863, 0x0863, 0x0863, 0x0863, 0x0863, 0x0863, 0x0863, 0x0863, 0x0863, 0x0863,
  0x0863, 0x0863, 0x0863, 0x0863, 0x0863, 0x0863, 0x0863, 0x0863, 0x0863, 0x0863, 0x0863, 0x0863,
  0x0863, 0x0863, 0x0863, 0x0863, 0x0863, 0x0863, 0x0863, 0x0863, 0x0863, 0x0863, 0x0863, 0x0863,
  0x0863, 0x0863, 0x0863, 0x0863, 0x0863, 0x0863, 0x0863, 0x0863, 0x0863, 0x0863, 0x0863, 0x0863,
  0x0863, 0x0863, 0x0863, 0x0863, 0x0863, 0x0863, 0x0863, 0x0863, 0x0863, 0x0863, 0x0863, 0x0863,
  0x0863, 0x0863, 0x0863, 0x0863, 0x0863, 0x0863, 0x0863, 0x0863, 0x0863, 0x0863, 0x0863, 0x0863,
  0x0863, 0x0863, 0x0863, 0x0863, 0x0863, 0x0863, 0x0863, 0x0863, 0x0863, 0x0863, 0x0863, 0x0863,
  0x0863, 0x0863, 0x0863, 0x0863, 0x0863, 0x0863, 0x0863, 0x0863, 0x0863, 0x0863, 0x0863, 0x0863,
  0x0863, 0x0863, 0x0863, 0x0863, 0x0863, 0x0863, 0x0863, 0x0863, 0x0863, 0x0863, 0x0883, 0x0883,
  0x0042, 0x0863, 0x5A2B, 0xB414, 0xBC56, 0xB415, 0xB415, 0xB436, 0xB436, 0xAC36, 0xAC36, 0xAC36,
  0xAC37, 0xAC37, 0xAC37, 0xAC37, 0xA438, 0xA438, 0xA438, 0xA438, 0xA458, 0xA459, 0xA459, 0xA459,
  0x9C59, 0x9C59, 0x9C59, 0x9C59, 0x9C5A, 0x9C5A, 0x9C5A, 0x9C5A, 0x9C5A, 0x9C5A, 0x945A, 0x945A,
  0x945A, 0x945A, 0x945B, 0x945B, 0x945B, 0x945B, 0x945B, 0x945B, 0x8C5B, 0x8C5B, 0x8C5B, 0x8C5B,
  0x8C5C, 0x8C5C, 0x8C5C, 0x8C5C, 0x8C5C, 0x8C5C, 0x845C, 0x845C, 0x845C, 0x845C, 0x845D, 0x847D,
  0x847D, 0x847D, 0x847D, 0x847D, 0x2128, 0x0042, 0x0883, 0x0863, 0x0863, 0x0863, 0x0863, 0x0863,
  0x0863, 0x0863, 0x0863, 0x0863, 0x0863, 0x0863, 0x0863, 0x0863, 0x0863, 0x0863, 0x0863, 0x0863,
  0x0863, 0x0863, 0x0863, 0x0863, 0x0863, 0x0863, 0x0863, 0x0863, 0x0863, 0x0863, 0x0863, 0x0863,
  0x0863, 0x0863, 0x0863, 0x0863, 0x0863, 0x0863, 0x0863, 0x0863, 0x0863, 0x0863, 0x0863, 0x0863,
  0x0863, 0x0863, 0x0863, 0x0863, 0x0863, 0x0863, 0x0863, 0x0863, 0x0863, 0x0863, 0x0863, 0x0863,
  0x0863, 0x0863, 0x0863, 0x0863, 0x0863, 0x0863, 0x0863, 0x0863, 0x0863, 0x0863, 0x0863, 0x0863,
  0x0863, 0x0863, 0x0863, 0x0863, 0x0863, 0x0863, 0x0863, 0x0863, 0x0863, 0x0863, 0x0863, 0x0863,
  0x0863, 0x0863, 0x0863, 0x0863, 0x0863, 0x0863, 0x0863, 0x0863, 0x0863, 0x0863, 0x0863, 0x0863,
  0x0863, 0x0863, 0x0863, 0x0863, 0x0863, 0x0863, 0x0863, 0x0863, 0x0863, 0x0863, 0x0863, 0x0863,
  0x0863, 0x0863, 0x0863, 0x0863, 0x0863, 0x0863, 0x0863, 0x0863, 0x0863, 0x0863, 0x0863, 0x0863,
  0x0863, 0x0863, 0x0863, 0x0863, 0x0863, 0x0863, 0x0863, 0x0863, 0x0863, 0x0863, 0x0863, 0x0863,
  0x0863, 0x0863, 0x0863, 0x0863, 0x0863, 0x0863, 0x0863, 0x0863, 0x0863, 0x0863, 0x0863, 0x0863,
  0x0863, 0x0863, 0x0863, 0x0863, 0x0863, 0x0863, 0x0863, 0x0863, 0x0863, 0x0863, 0x0863, 0x0863,
  0x0863, 0x0863, 0x0863, 0x0863, 0x0863, 0x0863, 0x0863, 0x0863, 0x0863, 0x0863, 0x0863, 0x0863,
  0x0863, 0x0863, 0x0863, 0x0863, 0x0863, 0x0863, 0x0863, 0x0863, 0x0863, 0x0883, 0x0863, 0x0022,
  0x3147, 0x9B71, 0xC456, 0xB435, 0xB415, 0xB435, 0xB435, 0xB436, 0xB436, 0xAC36, 0xAC36, 0xAC36,
  0xAC37, 0xAC37, 0xAC37, 0xAC37, 0xA438, 0xA438, 0xA438, 0xA438, 0xA458, 0xA459, 0xA459, 0xA459,
  0x9C59, 0x9C59, 0x9C59, 0x9C59, 0x9C5A, 0x9C5A, 0x9C5A, 0x9C5A, 0x9C5A, 0x9C5A, 0x945A, 0x945A,
  0x945A, 0x945A, 0x945B, 0x945B, 0x945B, 0x945B, 0x945B, 0x945B, 0x8C5B, 0x8C5B, 0x8C5B, 0x8C5B,
  0x8C5C, 0x8C5C, 0x8C5C, 0x8C5C, 0x8C5C, 0x8C5C, 0x845C, 0x845C, 0x845C, 0x845C, 0x845D, 0x847D,
  0x847D, 0x7C5C, 0x84BF, 0x5B35, 0x0042, 0x0883, 0x0863, 0x0863, 0x0863, 0x0863, 0x0863, 0x0863,
  0x0863, 0x0863, 0x0863, 0x0863, 0x0863, 0x0863, 0x0863, 0x0863, 0x0863, 0x0863, 0x0863, 0x0863,
  0x0863, 0x0863, 0x0863, 0x0863, 0x0863, 0x0863, 0x0863, 0x0863, 0x0863, 0x0863, 0x0863, 0x0863,
  0x0863, 0x0863, 0x0863, 0x0863, 0x0863, 0x0863, 0x0863, 0x0863, 0x0863, 0x0863, 0x0863, 0x0863,
  0x0863, 0x0863, 0x0863, 0x0863, 0x0863, 0x0863, 0x0863, 0x0863, 0x0863, 0x0863, 0x0863, 0x0863,
  0x0863, 0x0863, 0x0863, 0x0863, 0x0863, 0x0863, 0x0863, 0x0863, 0x0863, 0x0863, 0x0863, 0x0863,
  0x0863, 0x0863, 0x0863, 0x0863, 0x0863, 0x0863, 0x0863, 0x0863, 0x0863, 0x0863, 0x0863, 0x0863,
  0x0863, 0x0863, 0x0863, 0x0863, 0x0863, 0x0863, 0x0863, 0x0863, 0x0863, 0x0863, 0x0863, 0x0863,
  0x0863, 0x0863, 0x0863, 0x0863, 0x0863, 0x0863, 0x0863, 0x0863, 0x0863, 0x0863, 0x0863, 0x0863,
  0x0863, 0x0863, 0x0863, 0x0863, 0x0863, 0x0863, 0x0863, 0x0863, 0x0863, 0x0863, 0x0863, 0x0863,
  0x0863, 0x0863, 0x0863, 0x0863, 0x0863, 0x0863, 0x0863, 0x0863, 0x0863, 0x0863, 0x0863, 0x0863,
  0x0863, 0x0863, 0x0863, 0x0863, 0x0863, 0x0863, 0x0863, 0x0863, 0x0863, 0x0883, 0x0863, 0x0863,
  0x0863, 0x0863, 0x0863, 0x0863, 0x0863, 0x0863, 0x0863, 0x0863, 0x0863, 0x0863, 0x0863, 0x0863,
  0x0863, 0x0863, 0x0863, 0x0863, 0x0863, 0x0863, 0x0863, 0x0863, 0x0863, 0x0863, 0x0863, 0x0863,
  0x0863, 0x0863, 0x0863, 0x0863, 0x0863, 0x0863, 0x0863, 0x0883, 0x0883, 0x0042, 0x10A4, 0x728D,
  0xBC34, 0xBC55, 0xB414, 0xB415, 0xB435, 0xB435, 0xB435, 0xB436, 0xB436, 0xAC36, 0xAC36, 0xAC36,
  0xAC37, 0xAC37, 0xAC37, 0xAC37, 0xA438, 0xA438, 0xA438, 0xA438, 0xA458, 0xA459, 0xA459, 0xA459,
  0x9C59, 0x9C59, 0x9C59, 0x9C59, 0x9C5A, 0x9C5A, 0x9C5A, 0x9C5A, 0x9C5A, 0x9C5A, 0x945A, 0x945A,
  0x945A, 0x945A, 0x945B, 0x945B, 0x945B, 0x945B, 0x945B, 0x945B, 0x8C5B, 0x8C5B, 0x8C5B, 0x8C5B,
  0x8C5C, 0x8C5C, 0x8C5C, 0x8C5C, 0x8C5C, 0x8C5C, 0x845C, 0x845C, 0x845C, 0x845C, 0x845D, 0x847D,
  0x847D, 0x845D, 0x849E, 0x2169, 0x0042, 0x0883, 0x0863, 0x0863, 0x0863, 0x0863, 0x0863, 0x0863,
  0x0863, 0x0863, 0x0863, 0x0863, 0x0863, 0x0863, 0x0863, 0x0863, 0x0863, 0x0863, 0x0863, 0x0863,
  0x0863, 0x0863, 0x0863, 0x0863, 0x0863, 0x0863, 0x0863, 0x0863, 0x0863, 0x0863, 0x0863, 0x0863,
  0x0863, 0x0863, 0x0863, 0x0863, 0x0863, 0x0863, 0x0863, 0x0863, 0x0863, 0x0863, 0x0863, 0x0863,
  0x0863, 0x0863, 0x0863, 0x0863, 0x0863, 0x0863, 0x0863, 0x0863, 0x0863, 0x0863, 0x0863, 0x0863,
  0x0863, 0x0863, 0x0863, 0x0863, 0x0863, 0x0863, 0x0863, 0x0863, 0x0863, 0x0863, 0x0863, 0x0863,
  0x0863, 0x0863, 0x0863, 0x0863, 0x0863, 0x0863, 0x0863, 0x0863, 0x0863, 0x0863, 0x0863, 0x0863,
  0x0863, 0x0863, 0x0863, 0x0863, 0x0863, 0x0863, 0x0863, 0x0863, 0x0863, 0x0863, 0x0863, 0x0863,
  0x0863, 0x0863, 0x0863, 0x0863, 0x0863, 0x0863, 0x0863, 0x0863, 0x0863, 0x0863, 0x0863, 0x0863,
  0x0863, 0x0863, 0x0863, 0x0863, 0x0863, 0x0863, 0x0863, 0x0863, 0x0863, 0x0863, 0x0863, 0x0863,
  0x0863, 0x0863, 0x0863, 0x0863, 0x0863, 0x0863, 0x0863, 0x0863, 0x0863, 0x0863, 0x0863, 0x0863,
  0x0863, 0x0863, 0x0863, 0x0863, 0x0863, 0x0863, 0x0863, 0x0883, 0x0863, 0x0042, 0x1083, 0x0883,
  0x0863, 0x0863, 0x0863, 0x0863, 0x0863, 0x0863, 0x0863, 0x0863, 0x0863, 0x0863, 0x0863, 0x0863,
  0x0863, 0x0863, 0x0863, 0x0863, 0x0863, 0x0863, 0x0863, 0x0863, 0x0863, 0x0863, 0x0863, 0x0863,
  0x0863, 0x0863, 0x0863, 0x0863, 0x0863, 0x0863, 0x0883, 0x0063, 0x0042, 0x4188, 0xA3B2, 0xC455,
  0xB414, 0xB414, 0xB414, 0xB415, 0xB435, 0xB435, 0xB435, 0xB436, 0xB436, 0xAC36, 0xAC36, 0xAC36,
  0xAC37, 0xAC37, 0xAC37, 0xAC37, 0xA438, 0xA438, 0xA438, 0xA438, 0xA458, 0xA459, 0xA459, 0xA459,
  0x9C59, 0x9C59, 0x9C59, 0x9C59, 0x9C5A, 0x9C5A, 0x9C5A, 0x9C5A, 0x9C5A, 0x9C5A, 0x945A, 0x945A,
  0x945A, 0x945A, 0x945B, 0x945B, 0x945B, 0x945B, 0x945B, 0x945B, 0x8C5B, 0x8C5B, 0x8C5B, 0x8C5B,
  0x8C5C, 0x8C5C, 0x8C5C, 0x8C5C, 0x8C5C, 0x8C5C, 0x845C, 0x845C, 0x845C, 0x845C, 0x845D, 0x847D,
  0x845C, 0x849E, 0x6356, 0x0042, 0x0883, 0x0863, 0x0863, 0x0863, 0x0863, 0x0863, 0x0863, 0x0863,
  0x0863, 0x0863, 0x0863, 0x0863, 0x0863, 0x0863, 0x0863, 0x0863, 0x0863, 0x0863, 0x0863, 0x0863,
  0x0863, 0x0863, 0x0863, 0x0863, 0x0863, 0x0863, 0x0863, 0x0863, 0x0863, 0x0863, 0x0863, 0x0863,
  0x0863, 0x0863, 0x0863, 0x0863, 0x0863, 0x0863, 0x0863, 0x0863, 0x0863, 0x0863, 0x0863, 0x0863,
  0x0863, 0x0863, 0x0863, 0x0863, 0x0863, 0x0863, 0x0863, 0x0863, 0x0863, 0x0863, 0x0863, 0x0863,
  0x0863, 0x0863, 0x0863, 0x0863, 0x0863, 0x0863, 0x0863, 0x0863, 0x0863, 0x0863, 0x0863, 0x0863,
  0x0863, 0x0863, 0x0863, 0x0863, 0x0863, 0x0863, 0x0863, 0x0863, 0x0863, 0x0863, 0x0863, 0x0863,
  0x0863, 0x0863, 0x0863, 0x0863, 0x0863, 0x0863, 0x0863, 0x0863, 0x0863, 0x0863, 0x0863, 0x0863,
  0x0863, 0x0863, 0x0863, 0x0863, 0x0863, 0x0863, 0x0863, 0x0863, 0x0863, 0x0863, 0x0863, 0x0863,
  0x0863, 0x0863, 0x0863, 0x0863, 0x0863, 0x0863, 0x0863, 0x0863, 0x0863, 0x0863, 0x0863, 0x0863,
  0x0863, 0x0863, 0x0863, 0x0863, 0x0863, 0x0863, 0x0863, 0x0863, 0x0863, 0x0863, 0x0863, 0x0863,
  0x0863, 0x0863, 0x0863, 0x0863, 0x0863, 0x0883, 0x0883, 0x0043, 0x0063, 0x6207, 0x59C7, 0x0043,
  0x0883, 0x0863, 0x0863, 0x0863, 0x0863, 0x0863, 0x0863, 0x0863, 0x0863, 0x0863, 0x0863, 0x0863,
  0x0863, 0x0863, 0x0863, 0x0863, 0x0863, 0x0863, 0x0863, 0x0863, 0x0863, 0x0863, 0x0863, 0x0863,
  0x0863, 0x0863, 0x0863, 0x0863, 0x0883, 0x0883, 0x0022, 0x18C4, 0x7ACD, 0xC454, 0xBC34, 0xB413,
  0xBC14, 0xB414, 0xB414, 0xB415, 0xB435, 0xB435, 0xB435, 0xB436, 0xB436, 0xAC36, 0xAC36, 0xAC36,
  0xAC37, 0xAC37, 0xAC37, 0xAC37, 0xA438, 0xA438, 0xA438, 0xA438, 0xA458, 0xA459, 0xA459, 0xA459,
  0x9C59, 0x9C59, 0x9C59, 0x9C59, 0x9C5A, 0x9C5A, 0x9C5A, 0x9C5A, 0x9C5A, 0x9C5A, 0x945A, 0x945A,
  0x945A, 0x945A, 0x945B, 0x945B, 0x945B, 0x945B, 0x945B, 0x945B, 0x8C5B, 0x8C5B, 0x8C5B, 0x8C5B,
  0x8C5C, 0x8C5C, 0x8C5C, 0x8C5C, 0x8C5C, 0x8C5C, 0x845C, 0x845C, 0x845C, 0x845C, 0x845D, 0x847D,
  0x845D, 0x849E, 0x296A, 0x0042, 0x0883, 0x0863, 0x0863, 0x0863, 0x0863, 0x0863, 0x0863, 0x0863,
  0x0863, 0x0863, 0x0863, 0x0863, 0x0863, 0x0863, 0x0863, 0x0863, 0x0863, 0x0863, 0x0863, 0x0863,
  0x0863, 0x0863, 0x0863, 0x0863, 0x0863, 0x0863, 0x0863, 0x0863, 0x0863, 0x0863, 0x0863, 0x0863,
  0x0863, 0x0863, 0x0863, 0x0863, 0x0863, 0x0863, 0x0863, 0x0863, 0x0863, 0x0863, 0x0863, 0x0863,
  0x0863, 0x0863, 0x0863, 0x0863, 0x0863, 0x0863, 0x0863, 0x0863, 0x0863, 0x0863, 0x0863, 0x0863,
  0x0863, 0x0863, 0x0863, 0x0863, 0x0863, 0x0863, 0x0863, 0x0863, 0x0863, 0x0863, 0x0863, 0x0863,
  0x0863, 0x0863, 0x0863, 0x0863, 0x0863, 0x0863, 0x0863, 0x0863, 0x0863, 0x0863, 0x0863, 0x0863,
  0x0863, 0x0863, 0x0863, 0x0863, 0x0863, 0x0863, 0x0863, 0x0863, 0x0863, 0x0863, 0x0863, 0x0863,
  0x0863, 0x0863, 0x0863, 0x0863, 0x0863, 0x0863, 0x0863, 0x0863, 0x0863, 0x0863, 0x0863, 0x0863,
  0x0863, 0x0863, 0x0863, 0x0863, 0x0863, 0x0863, 0x0863, 0x0863, 0x0863, 0x0863, 0x0863, 0x0863,
  0x0863, 0x0863, 0x0863, 0x0863, 0x0863, 0x0863, 0x0863, 0x0863, 0x0863, 0x0863, 0x0863, 0x0863,
  0x0863, 0x0863, 0x0863, 0x0883, 0x0883, 0x0043, 0x0043, 0x4165, 0xB34A, 0xCBCB, 0x10A4, 0x0063,
  0x0883, 0x0863, 0x0863, 0x0863, 0x0863, 0x0863, 0x0863, 0x0863, 0x0863, 0x0863, 0x0863, 0x0863,
  0x0863, 0x0863, 0x0863, 0x0863, 0x0863, 0x0863, 0x0863, 0x0863, 0x0863, 0x0863, 0x0863, 0x0863,
  0x0863, 0x0863, 0x0863, 0x0883, 0x0063, 0x0042, 0x49A9, 0xB3D2, 0xCC54, 0xBC13, 0xBC13, 0xBC14,
  0xBC14, 0xB414, 0xB414, 0xB415, 0xB435, 0xB435, 0xB435, 0xB436, 0xB436, 0xAC36, 0xAC36, 0xAC36,
  0xAC37, 0xAC37, 0xAC37, 0xAC37, 0xA438, 0xA438, 0xA438, 0xA438, 0xA458, 0xA459, 0xA459, 0xA459,
  0x9C59, 0x9C59, 0x9C59, 0x9C59, 0x9C5A, 0x9C5A, 0x9C5A, 0x9C5A, 0x9C5A, 0x9C5A, 0x945A, 0x945A,
  0x945A, 0x945A, 0x945B, 0x945B, 0x945B, 0x945B, 0x945B, 0x945B, 0x8C5B, 0x8C5B, 0x8C5B, 0x8C5B,
  0x8C5C, 0x8C5C, 0x8C5C, 0x8C5C, 0x8C5C, 0x8C5C, 0x845C, 0x845C, 0x845C, 0x845C, 0x845D, 0x845C,
  0x8C9E, 0x6376, 0x0042, 0x0883, 0x0863, 0x0863, 0x0863, 0x0863, 0x0863, 0x0863, 0x0863, 0x0863,
  0x0863, 0x0863, 0x0863, 0x0863, 0x0863, 0x0863, 0x0863, 0x0863, 0x0863, 0x0863, 0x0863, 0x0863,
  0x0863, 0x0863, 0x0863, 0x0863, 0x0863, 0x0863, 0x0863, 0x0863, 0x0863, 0x0863, 0x0863, 0x0863,
  0x0863, 0x0863, 0x0863, 0x0863, 0x0863, 0x0863, 0x0863, 0x0863, 0x0863, 0x0863, 0x0863, 0x0863,
  0x0863, 0x0863, 0x0863, 0x0863, 0x0863, 0x0863, 0x0863, 0x0863, 0x0863, 0x0863, 0x0863, 0x0863,
  0x0863, 0x0863, 0x0863, 0x0863, 0x0863, 0x0863, 0x0863, 0x0863, 0x0863, 0x0863, 0x0863, 0x0863,
  0x0863, 0x0863, 0x0863, 0x0863, 0x0863, 0x0863, 0x0863, 0x0863, 0x0863, 0x0863, 0x0863, 0x0863,
  0x0863, 0x0863, 0x0863, 0x0863, 0x0863, 0x0863, 0x0863, 0x0863, 0x0863, 0x0863, 0x0863, 0x0863,
  0x0863, 0x0863, 0x0863, 0x0863, 0x0863, 0x0863, 0x0863, 0x0863, 0x0863, 0x0863, 0x0863, 0x0863,
  0x0863, 0x0863, 0x0863, 0x0863, 0x0863, 0x0863, 0x0863, 0x0863, 0x0863, 0x0863, 0x0863, 0x0863,
  0x0863, 0x0863, 0x0863, 0x0863, 0x0863, 0x0863, 0x0863, 0x0863, 0x0863, 0x0863, 0x0863, 0x0863,
  0x0863, 0x0863, 0x0883, 0x0063, 0x0043, 0x3105, 0x9AE9, 0xDC0C, 0xEC4D, 0x51A6, 0x0022, 0x0883,
  0x0863, 0x0863, 0x0863, 0x0863, 0x0863, 0x0863, 0x0863, 0x0863, 0x0863, 0x0863, 0x0863, 0x0863,
  0x0863, 0x0863, 0x0863, 0x0863, 0x0863, 0x0863, 0x0863, 0x0863, 0x0863, 0x0863, 0x0863, 0x0863,
  0x0863, 0x0883, 0x0883, 0x0022, 0x18C5, 0x82EE, 0xCC54, 0xC413, 0xBC13, 0xBC13, 0xBC14, 0xBC14,
  0xBC14, 0xB414, 0xB414, 0xB415, 0xB435, 0xB435, 0xB435, 0xB436, 0xB436, 0xAC36, 0xAC36, 0xAC36,
  0xAC37, 0xAC37, 0xAC37, 0xAC37, 0xA438, 0xA438, 0xA438, 0xA438, 0xA458, 0xA459, 0xA459, 0xA459,
  0x9C59, 0x9C59, 0x9C59, 0x9C59, 0x9C5A, 0x9C5A, 0x9C5A, 0x9C5A, 0x9C5A, 0x9C5A, 0x945A, 0x945A,
  0x945A, 0x945A, 0x945B, 0x945B, 0x945B, 0x945B, 0x945B, 0x945B, 0x8C5B, 0x8C5B, 0x8C5B, 0x8C5B,
  0x8C5C, 0x8C5C, 0x8C5C, 0x8C5C, 0x8C5C, 0x8C5C, 0x845C, 0x845C, 0x845C, 0x845C, 0x845D, 0x845C,
  0x849E, 0x298A, 0x0042, 0x0883, 0x0863, 0x0863, 0x0863, 0x0863, 0x0863, 0x0863, 0x0863, 0x0863,
  0x0863, 0x0863, 0x0863, 0x0863, 0x0863, 0x0863, 0x0863, 0x0863, 0x0863, 0x0863, 0x0863, 0x0863,
  0x0863, 0x0863, 0x0863, 0x0863, 0x0863, 0x0863, 0x0863, 0x0863, 0x0863, 0x0863, 0x0863, 0x0863,
  0x0863, 0x0863, 0x0863, 0x0863, 0x0863, 0x0863, 0x0863, 0x0863, 0x0863, 0x0863, 0x0863, 0x0863,
  0x0863, 0x0863, 0x0863, 0x0863, 0x0863, 0x0863, 0x0863, 0x0863, 0x0863, 0x0863, 0x0863, 0x0863,
  0x0863, 0x0863, 0x0863, 0x0863, 0x0863, 0x0863, 0x0863, 0x0863, 0x0863, 0x0863, 0x0863, 0x0863,
  0x0863, 0x0863, 0x0863, 0x0863, 0x0863, 0x0863, 0x0863, 0x0863, 0x0863, 0x0863, 0x0863, 0x0863,
  0x0863, 0x0863, 0x0863, 0x0863, 0x0863, 0x0863, 0x0863, 0x0863, 0x0863, 0x0863, 0x0863, 0x0863,
  0x0863, 0x0863, 0x0863, 0x0863, 0x0863, 0x0863, 0x0863, 0x0863, 0x0863, 0x0863, 0x0863, 0x0863,
  0x0863, 0x0863, 0x0863, 0x0863, 0x0863, 0x0863, 0x0863, 0x0863, 0x0863, 0x0863, 0x0863, 0x0863,
  0x0863, 0x0863, 0x0863, 0x0863, 0x0863, 0x0863, 0x0863, 0x0863, 0x0863, 0x0863, 0x0863, 0x0863,
  0x0883, 0x0863, 0x0022, 0x20C4, 0x8288, 0xD3EB, 0xDC0C, 0xDC0C, 0xAB2A, 0x0863, 0x0863, 0x0863,
  0x0863, 0x0863, 0x0863, 0x0863, 0x0863, 0x0863, 0x0863, 0x0863, 0x0863, 0x0863, 0x0863, 0x0863,
  0x0863, 0x0863, 0x0863, 0x0863, 0x0863, 0x0863, 0x0863, 0x0863, 0x0863, 0x0863, 0x0863, 0x0863,
  0x0883, 0x0063, 0x0042, 0x49C9, 0xB3D1, 0xCC53, 0xBC12, 0xBC13, 0xBC13, 0xBC13, 0xBC14, 0xBC14,
  0xBC14, 0xB414, 0xB414, 0xB415, 0xB435, 0xB435, 0xB435, 0xB436, 0xB436, 0xAC36, 0xAC36, 0xAC36,
  0xAC37, 0xAC37, 0xAC37, 0xAC37, 0xA438, 0xA438, 0xA438, 0xA438, 0xA458, 0xA459, 0xA459, 0xA459,
  0x9C59, 0x9C59, 0x9C59, 0x9C59, 0x9C5A, 0x9C5A, 0x9C5A, 0x9C5A, 0x9C5A, 0x9C5A, 0x945A, 0x945A,
  0x945A, 0x945A, 0x945B, 0x945B, 0x945B, 0x945B, 0x945B, 0x945B, 0x8C5B, 0x8C5B, 0x8C5B, 0x8C5B,
  0x8C5C, 0x8C5C, 0x8C5C, 0x8C5C, 0x8C5C, 0x8C5C, 0x845C, 0x845C, 0x845C, 0x845C, 0x845C, 0x8C9E,
  0x6376, 0x0042, 0x0883, 0x0863, 0x0863, 0x0863, 0x0863, 0x0863, 0x0863, 0x0863, 0x0863, 0x0863,
  0x0863, 0x0863, 0x0863, 0x0863, 0x0863, 0x0863, 0x0863, 0x0863, 0x0863, 0x0863, 0x0863, 0x0863,
  0x0863, 0x0863, 0x0863, 0x0863, 0x0863, 0x0863, 0x0863, 0x0863, 0x0863, 0x0863, 0x0863, 0x0863,
  0x0863, 0x0863, 0x0863, 0x0863, 0x0863, 0x0863, 0x0863, 0x0863, 0x0863, 0x0863, 0x0863, 0x0863,
  0x0863, 0x0863, 0x0863, 0x0863, 0x0863, 0x0863, 0x0863, 0x0863, 0x0863, 0x0863, 0x0863, 0x0863,
  0x0863, 0x0863, 0x0863, 0x0863, 0x0863, 0x0863, 0x0863, 0x0863, 0x0863, 0x0863, 0x0863, 0x0863,
  0x0863, 0x0863, 0x0863, 0x0863, 0x0863, 0x0863, 0x0863, 0x0863, 0x0863, 0x0863, 0x0863, 0x0863,
  0x0863, 0x0863, 0x0863, 0x0863, 0x0863, 0x0863, 0x0863, 0x0863, 0x0863, 0x0863, 0x0863, 0x0863,
  0x0863, 0x0863, 0x0863, 0x0863, 0x0863, 0x0863, 0x0863, 0x0863, 0x0863, 0x0863, 0x0863, 0x0863,
  0x0863, 0x0863, 0x0863, 0x0863, 0x0863, 0x0863, 0x0863, 0x0863, 0x0863, 0x0863, 0x0863, 0x0863,
  0x0863, 0x0863, 0x0863, 0x0863, 0x0863, 0x0863, 0x0863, 0x0863, 0x0863, 0x0863, 0x0883, 0x0863,
  0x0023, 0x1083, 0x6A27, 0xCBCB, 0xE42C, 0xD3EB, 0xCBCB, 0xDC0C, 0x4165, 0x0043, 0x0883, 0x0863,
  0x0863, 0x0863, 0x0863, 0x0863, 0x0863, 0x0863, 0x0863, 0x0863, 0x0863, 0x0863, 0x0863, 0x0863,
  0x0863, 0x0863, 0x0863, 0x0863, 0x0863, 0x0863, 0x0863, 0x0863, 0x0863, 0x0863, 0x0883, 0x0883,
  0x0022, 0x18C4, 0x8AED, 0xCC53, 0xC412, 0xBBF2, 0xBC13, 0xBC13, 0xBC13, 0xBC13, 0xBC14, 0xBC14,
  0xBC14, 0xB414, 0xB414, 0xB415, 0xB435, 0xB435, 0xB435, 0xB436, 0xB436, 0xAC36, 0xAC36, 0xAC36,
  0xAC37, 0xAC37, 0xAC37, 0xAC37, 0xA438, 0xA438, 0xA438, 0xA438, 0xA458, 0xA459, 0xA459, 0xA459,
  0x9C59, 0x9C59, 0x9C59, 0x9C59, 0x9C5A, 0x9C5A, 0x9C5A, 0x9C5A, 0x9C5A, 0x9C5A, 0x945A, 0x945A,
  0x945A, 0x945A, 0x945B, 0x945B, 0x945B, 0x945B, 0x945B, 0x945B, 0x8C5B, 0x8C5B, 0x8C5B, 0x8C5B,
  0x8C5C, 0x8C5C, 0x8C5C, 0x8C5C, 0x8C5C, 0x8C5C, 0x845C, 0x845C, 0x845C, 0x845C, 0x845C, 0x849E,
  0x298A, 0x0042, 0x0883, 0x0863, 0x0863, 0x0863, 0x0863, 0x0863, 0x0863, 0x0863, 0x0863, 0x0863,
  0x0863, 0x0863, 0x0863, 0x0863, 0x0863, 0x0863, 0x0863, 0x0863, 0x0863, 0x0863, 0x0863, 0x0863,
  0x0863, 0x0863, 0x0863, 0x0863, 0x0863, 0x0863, 0x0863, 0x0863, 0x0863, 0x0863, 0x0863, 0x0863,
  0x0863, 0x0863, 0x0863, 0x0863, 0x0863, 0x0863, 0x0863, 0x0863, 0x0863, 0x0863, 0x0863, 0x0863,
  0x0863, 0x0863, 0x0863, 0x0863, 0x0863, 0x0863, 0x0863, 0x0863, 0x0863, 0x0863, 0x0863, 0x0863,
  0x0863, 0x0863, 0x0863, 0x0863, 0x0863, 0x0863, 0x0863, 0x0863, 0x0863, 0x0863, 0x0863, 0x0863,
  0x0863, 0x0863, 0x0863, 0x0863, 0x0863, 0x0863, 0x0863, 0x0863, 0x0863, 0x0863, 0x0863, 0x0863,
  0x0863, 0x0863, 0x0863, 0x0863, 0x0863, 0x0863, 0x0863, 0x0863, 0x0863, 0x0863, 0x0863, 0x0863,
  0x0863, 0x0863, 0x0863, 0x0863, 0x0863, 0x0863, 0x0863, 0x0863, 0x0863, 0x0863, 0x0863, 0x0863,
  0x0863, 0x0863, 0x0863, 0x0863, 0x0863, 0x0863, 0x0863, 0x0863, 0x0863, 0x0863, 0x0863, 0x0863,
  0x0863, 0x0863, 0x0863, 0x0863, 0x0863, 0x0863, 0x0863, 0x0863, 0x0883, 0x0883, 0x0043, 0x0863,
  0x59C6, 0xBB8A, 0xE42B, 0xD3EB, 0xD3CB, 0xD3CB, 0xE40C, 0x9AE9, 0x0043, 0x0883, 0x0863, 0x0863,
  0x0863, 0x0863, 0x0863, 0x0863, 0x0863, 0x0863, 0x0863, 0x0863, 0x0863, 0x0863, 0x0863, 0x0863,
  0x0863, 0x0863, 0x0863, 0x0863, 0x0863, 0x0863, 0x0863, 0x0863, 0x0863, 0x0883, 0x0063, 0x0042,
  0x49A8, 0xBBD1, 0xCC33, 0xBBF2, 0xBC12, 0xBC12, 0xBC13, 0xBC13, 0xBC13, 0xBC13, 0xBC14, 0xBC14,
  0xBC14, 0xB414, 0xB414, 0xB415, 0xB435, 0xB435, 0xB435, 0xB436, 0xB436, 0xAC36, 0xAC36, 0xAC36,
  0xAC37, 0xAC37, 0xAC37, 0xAC37, 0xA438, 0xA438, 0xA438, 0xA438, 0xA458, 0xA459, 0xA459, 0xA459,
  0x9C59, 0x9C59, 0x9C59, 0x9C59, 0x9C5A, 0x9C5A, 0x9C5A, 0x9C5A, 0x9C5A, 0x9C5A, 0x945A, 0x945A,
  0x945A, 0x945A, 0x945B, 0x945B, 0x945B, 0x945B, 0x945B, 0x945B, 0x8C5B, 0x8C5B, 0x8C5B, 0x8C5B,
  0x8C5C, 0x8C5C, 0x8C5C, 0x8C5C, 0x8C5C, 0x8C5C, 0x845C, 0x845C, 0x845C, 0x845C, 0x8C9E, 0x6376,
  0x0042, 0x0883, 0x0863, 0x0863, 0x0863, 0x0863, 0x0863, 0x0863, 0x0863, 0x0863, 0x0863, 0x0863,
  0x0863, 0x0863, 0x0863, 0x0863, 0x0863, 0x0863, 0x0863, 0x0863, 0x0863, 0x0863, 0x0863, 0x0863,
  0x0863, 0x0863, 0x0863, 0x0863, 0x0863, 0x0863, 0x0863, 0x0863, 0x0863, 0x0863, 0x0863, 0x0863,
  0x0863, 0x0863, 0x0863, 0x0863, 0x0863, 0x0863, 0x0863, 0x0863, 0x0863, 0x0863, 0x0863, 0x0863,
  0x0863, 0x0863, 0x0863, 0x0863, 0x0863, 0x0863, 0x0863, 0x0863, 0x0863, 0x0863, 0x0863, 0x0863,
  0x0863, 0x0863, 0x0863, 0x0863, 0x0863, 0x0863, 0x0863, 0x0863, 0x0863, 0x0863, 0x0863, 0x0863,
  0x0863, 0x0863, 0x0863, 0x0863, 0x0863, 0x0863, 0x0863, 0x0863, 0x0863, 0x0863, 0x0863, 0x0863,
  0x0863, 0x0863, 0x0863, 0x0863, 0x0863, 0x0863, 0x0863, 0x0863, 0x0863, 0x0863, 0x0863, 0x0863,
  0x0863, 0x0863, 0x0863, 0x0863, 0x0863, 0x0863, 0x0863, 0x0863, 0x0863, 0x0863, 0x0863, 0x0863,
  0x0863, 0x0863, 0x0863, 0x0863, 0x0863, 0x0863, 0x0863, 0x0863, 0x0863, 0x0863, 0x0863, 0x0863,
  0x0863, 0x0863, 0x0863, 0x0863, 0x0863, 0x0863, 0x0883, 0x0883, 0x0043, 0x0043, 0x4165, 0xAB49,
  0xE42B, 0xDC0B, 0xD3CB, 0xD3EB, 0xD3EB, 0xD3EB, 0xD3EC, 0x2905, 0x0043, 0x0883, 0x0863, 0x0863,
  0x0863, 0x0863, 0x0863, 0x0863, 0x0863, 0x0863, 0x0863, 0x0863, 0x0863, 0x0863, 0x0863, 0x0863,
  0x0863, 0x0863, 0x0863, 0x0863, 0x0863, 0x0863, 0x0863, 0x0883, 0x0883, 0x0042, 0x10A4, 0x82CC,
  0xD432, 0xC412, 0xC3F1, 0xC412, 0xC412, 0xBC12, 0xBC13, 0xBC13, 0xBC13, 0xBC13, 0xBC14, 0xBC14,
  0xBC14, 0xB414, 0xB414, 0xB415, 0xB435, 0xB435, 0xB435, 0xB436, 0xB436, 0xAC36, 0xAC36, 0xAC36,
  0xAC37, 0xAC37, 0xAC37, 0xAC37, 0xA438, 0xA438, 0xA438, 0xA438, 0xA458, 0xA459, 0xA459, 0xA459,
  0x9C59, 0x9C59, 0x9C59, 0x9C59, 0x9C5A, 0x9C5A, 0x9C5A, 0x9C5A, 0x9C5A, 0x9C5A, 0x945A, 0x945A,
  0x945A, 0x945A, 0x945B, 0x945B, 0x945B, 0x945B, 0x945B, 0x945B, 0x8C5B, 0x8C5B, 0x8C5B, 0x8C5B,
  0x8C5C, 0x8C5C, 0x8C5C, 0x8C5C, 0x8C5C, 0x8C5C, 0x845C, 0x845C, 0x845C, 0x845C, 0x8C9E, 0x296A,
  0x0042, 0x0883, 0x0863, 0x0863, 0x0863, 0x0863, 0x0863, 0x0863, 0x0863, 0x0863, 0x0863, 0x0863,
  0x0863, 0x0863, 0x0863, 0x0863, 0x0863, 0x0863, 0x0863, 0x0863, 0x0863, 0x0863, 0x0863, 0x0863,
  0x0863, 0x0863, 0x0863, 0x0863, 0x0863, 0x0863, 0x0863, 0x0863, 0x0863, 0x0863, 0x0863, 0x0863,
  0x0863, 0x0863, 0x0863, 0x0863, 0x0863, 0x0863, 0x0863, 0x0863, 0x0863, 0x0863, 0x0863, 0x0863,
  0x0863, 0x0863, 0x0863, 0x0863, 0x0863, 0x0863, 0x0863, 0x0863, 0x0863, 0x0863, 0x0863, 0x0863,
  0x0863, 0x0863, 0x0863, 0x0863, 0x0863, 0x0863, 0x0863, 0x0863, 0x0863, 0x0863, 0x0863, 0x0863,
  0x0863, 0x0863, 0x0863, 0x0863, 0x0863, 0x0863, 0x0863, 0x0863, 0x0863, 0x0863, 0x0863, 0x0863,
  0x0863, 0x0863, 0x0863, 0x0863, 0x0863, 0x0863, 0x0863, 0x0863, 0x0863, 0x0863, 0x0863, 0x0863,
  0x0863, 0x0863, 0x0863, 0x0863, 0x0863, 0x0863, 0x0863, 0x0863, 0x0863, 0x0863, 0x0863, 0x0863,
  0x0863, 0x0863, 0x0863, 0x0863, 0x0863, 0x0863, 0x0863, 0x0863, 0x0863, 0x0863, 0x0863, 0x0863,
  0x0863, 0x0863, 0x0863, 0x0863, 0x0863, 0x0883, 0x0063, 0x0043, 0x3104, 0x9AE8, 0xDC0A, 0xDC0B,
  0xD3CA, 0xD3EB, 0xD3EB, 0xD3EB, 0xD3CB, 0xE42C, 0x8288, 0x0042, 0x0883, 0x0863, 0x0863, 0x0863,
  0x0863, 0x0863, 0x0863, 0x0863, 0x0863, 0x0863, 0x0863, 0x0863, 0x0863, 0x0863, 0x0863, 0x0863,
  0x0863, 0x0863, 0x0863, 0x0863, 0x0863, 0x0863, 0x0883, 0x0863, 0x0022, 0x4187, 0xB3B0, 0xD432,
  0xC3F1, 0xC3F1, 0xC412, 0xC412, 0xC412, 0xBC12, 0xBC13, 0xBC13, 0xBC13, 0xBC13, 0xBC14, 0xBC14,
  0xBC14, 0xB414, 0xB414, 0xB415, 0xB435, 0xB435, 0xB435, 0xB436, 0xB436, 0xAC36, 0xAC36, 0xAC36,
  0xAC37, 0xAC37, 0xAC37, 0xAC37, 0xA438, 0xA438, 0xA438, 0xA438, 0xA458, 0xA459, 0xA459, 0xA459,
  0x9C59, 0x9C59, 0x9C59, 0x9C59, 0x9C5A, 0x9C5A, 0x9C5A, 0x9C5A, 0x9C5A, 0x9C5A, 0x945A, 0x945A,
  0x945A, 0x945A, 0x945B, 0x945B, 0x945B, 0x945B, 0x945B, 0x945B, 0x8C5B, 0x8C5B, 0x8C5B, 0x8C5B,
  0x8C5C, 0x8C5C, 0x8C5C, 0x8C5C, 0x8C5C, 0x8C5C, 0x845C, 0x845C, 0x845C, 0x8C9E, 0x6355, 0x0042,
  0x0883, 0x0863, 0x0863, 0x0863, 0x0863, 0x0863, 0x0863, 0x0863, 0x0863, 0x0863, 0x0863, 0x0863,
  0x0863, 0x0863, 0x0863, 0x0863, 0x0863, 0x0863, 0x0863, 0x0863, 0x0863, 0x0863, 0x0863, 0x0863,
  0x0863, 0x0863, 0x0863, 0x0863, 0x0863, 0x0863, 0x0863, 0x0863, 0x0863, 0x0863, 0x0863, 0x0863,
  0x0863, 0x0863, 0x0863, 0x0863, 0x0863, 0x0863, 0x0863, 0x0863, 0x0863, 0x0863, 0x0863, 0x0863,
  0x0863, 0x0863, 0x0863, 0x0863, 0x0863, 0x0863, 0x0863, 0x0863, 0x0863, 0x0863, 0x0863, 0x0863,
  0x0863, 0x0863, 0x0863, 0x0863, 0x0863, 0x0863, 0x0863, 0x0863, 0x0863, 0x0863, 0x0863, 0x0863,
  0x0863, 0x0863, 0x0863, 0x0863, 0x0863, 0x0863, 0x0863, 0x0863, 0x0863, 0x0863, 0x0863, 0x0863,
  0x0863, 0x0863, 0x0863, 0x0863, 0x0863, 0x0863, 0x0863, 0x0863, 0x0863, 0x0863, 0x0863, 0x0863,
  0x0863, 0x0863, 0x0863, 0x0863, 0x0863, 0x0863, 0x0863, 0x0863, 0x0863, 0x0863, 0x0863, 0x0863,
  0x0863, 0x0863, 0x0863, 0x0863, 0x0863, 0x0863, 0x0863, 0x0863, 0x0863, 0x0863, 0x0863, 0x0863,
  0x0863, 0x0863, 0x0863, 0x0883, 0x0863, 0x0023, 0x20C4, 0x8287, 0xDBEA, 0xE40A, 0xD3CA, 0xD3EA,
  0xD3EA, 0xD3EB, 0xD3EB, 0xD3EB, 0xD3EB, 0xCBCB, 0x18C4, 0x0063, 0x0883, 0x0863, 0x0863, 0x0863,
  0x0863, 0x0863, 0x0863, 0x0863, 0x0863, 0x0863, 0x0863, 0x0863, 0x0863, 0x0863, 0x0863, 0x0863,
  0x0863, 0x0863, 0x0863, 0x0863, 0x0863, 0x0883, 0x0042, 0x0883, 0x7A8B, 0xD431, 0xCC11, 0xC3F1,
  0xC411, 0xC411, 0xC412, 0xC412, 0xC412, 0xBC12, 0xBC13, 0xBC13, 0xBC13, 0xBC13, 0xBC14, 0xBC14,
  0xBC14, 0xB414, 0xB414, 0xB415, 0xB435, 0xB435, 0xB435, 0xB436, 0xB436, 0xAC36, 0xAC36, 0xAC36,
  0xAC37, 0xAC37, 0xAC37, 0xAC37, 0xA438, 0xA438, 0xA438, 0xA438, 0xA458, 0xA459, 0xA459, 0xA459,
  0x9C59, 0x9C59, 0x9C59, 0x9C59, 0x9C5A, 0x9C5A, 0x9C5A, 0x9C5A, 0x9C5A, 0x9C5A, 0x945A, 0x945A,
  0x945A, 0x945A, 0x945B, 0x945B, 0x945B, 0x945B, 0x945B, 0x945B, 0x8C5B, 0x8C5B, 0x8C5B, 0x8C5B,
  0x8C5C, 0x8C5C, 0x8C5C, 0x8C5C, 0x8C5C, 0x8C5C, 0x845C, 0x845C, 0x845C, 0x8C7D, 0x2149, 0x0042,
  0x0883, 0x0863, 0x0863, 0x0863, 0x0863, 0x0863, 0x0863, 0x0863, 0x0863, 0x0863, 0x0863, 0x0863,
  0x0863, 0x0863, 0x0863, 0x0863, 0x0863, 0x0863, 0x0863, 0x0863, 0x0863, 0x0863, 0x0863, 0x0863,
  0x0863, 0x0863, 0x0863, 0x0863, 0x0863, 0x0863, 0x0863, 0x0863, 0x0863, 0x0863, 0x0863, 0x0863,
  0x0863, 0x0863, 0x0863, 0x0863, 0x0863, 0x0863, 0x0863, 0x0863, 0x0863, 0x0863, 0x0863, 0x0863,
  0x0863, 0x0863, 0x0863, 0x0863, 0x0863, 0x0863, 0x0863, 0x0863, 0x0863, 0x0863, 0x0863, 0x0863,
  0x0863, 0x0863, 0x0863, 0x0863, 0x0863, 0x0863, 0x0863, 0x0863, 0x0863, 0x0863, 0x0863, 0x0863,
  0x0863, 0x0863, 0x0863, 0x0863, 0x0863, 0x0863, 0x0863, 0x0863, 0x0863, 0x0863, 0x0863, 0x0863,
  0x0863, 0x0863, 0x0863, 0x0863, 0x0863, 0x0863, 0x0863, 0x0863, 0x0863, 0x0863, 0x0863, 0x0863,
  0x0863, 0x0863, 0x0863, 0x0863, 0x0863, 0x0863, 0x0863, 0x0863, 0x0863, 0x0863, 0x0863, 0x0863,
  0x0863, 0x0863, 0x0863, 0x0863, 0x0863, 0x0863, 0x0863, 0x0863, 0x0863, 0x0863, 0x0863, 0x0863,
  0x0863, 0x0883, 0x0863, 0x0043, 0x1083, 0x7226, 0xCBA9, 0xE42A, 0xD3EA, 0xD3CA, 0xD3EA, 0xD3EA,
  0xD3EA, 0xD3EB, 0xD3EB, 0xD3CB, 0xE42C, 0x6A27, 0x0023, 0x0883, 0x0863, 0x0863, 0x0863, 0x0863,
  0x0863, 0x0863, 0x0863, 0x0863, 0x0863, 0x0863, 0x0863, 0x0863, 0x0863, 0x0863, 0x0863, 0x0863,
  0x0863, 0x0863, 0x0863, 0x0883, 0x0883, 0x0022, 0x3126, 0xAB6E, 0xD431, 0xC3F0, 0xC3F1, 0xC3F1,
  0xC411, 0xC411, 0xC412, 0xC412, 0xC412, 0xBC12, 0xBC13, 0xBC13, 0xBC13, 0xBC13, 0xBC14, 0xBC14,
  0xBC14, 0xB414, 0xB414, 0xB415, 0xB435, 0xB435, 0xB435, 0xB436, 0xB436, 0xAC36, 0xAC36, 0xAC36,
  0xAC37, 0xAC37, 0xAC37, 0xAC37, 0xA438, 0xA438, 0xA438, 0xA438, 0xA458, 0xA459, 0xA459, 0xA459,
  0x9C59, 0x9C59, 0x9C59, 0x9C59, 0x9C5A, 0x9C5A, 0x9C5A, 0x9C5A, 0x9C5A, 0x9C5A, 0x945A, 0x945A,
  0x945A, 0x945A, 0x945B, 0x945B, 0x945B, 0x945B, 0x945B, 0x945B, 0x8C5B, 0x8C5B, 0x8C5B, 0x8C5B,
  0x8C5C, 0x8C5C, 0x8C5C, 0x8C5C, 0x8C5C, 0x8C5C, 0x845C, 0x845C, 0x8C9E, 0x5B34, 0x0042, 0x0883,
  0x0863, 0x0863, 0x0863, 0x0863, 0x0863, 0x0863, 0x0863, 0x0863, 0x0863, 0x0863, 0x0863, 0x0863,
  0x0863, 0x0863, 0x0863, 0x0863, 0x0863, 0x0863, 0x0863, 0x0863, 0x0863, 0x0863, 0x0863, 0x0863,
  0x0863, 0x0863, 0x0863, 0x0863, 0x0863, 0x0863, 0x0863, 0x0863, 0x0863, 0x0863, 0x0863, 0x0863,
  0x0863, 0x0863, 0x0863, 0x0863, 0x0863, 0x0863, 0x0863, 0x0863, 0x0863, 0x0863, 0x0863, 0x0863,
  0x0863, 0x0863, 0x0863, 0x0863, 0x0863, 0x0863, 0x0863, 0x0863, 0x0863, 0x0863, 0x0863, 0x0863,
  0x0863, 0x0863, 0x0863, 0x0863, 0x0863, 0x0863, 0x0863, 0x0863, 0x0863, 0x0863, 0x0863, 0x0863,
  0x0863, 0x0863, 0x0863, 0x0863, 0x0863, 0x0863, 0x0863, 0x0863, 0x0863, 0x0863, 0x0863, 0x0863,
  0x0863, 0x0863, 0x0863, 0x0863, 0x0863, 0x0863, 0x0863, 0x0863, 0x0863, 0x0863, 0x0863, 0x0863,
  0x0863, 0x0863, 0x0863, 0x0863, 0x0863, 0x0863, 0x0863, 0x0863, 0x0863, 0x0863, 0x0863, 0x0863,
  0x0863, 0x0863, 0x0863, 0x0863, 0x0863, 0x0863, 0x0863, 0x0863, 0x0863, 0x0863, 0x0863, 0x0883,
  0x0883, 0x0043, 0x0863, 0x59C5, 0xC388, 0xE42A, 0xDBE9, 0xD3C9, 0xD3EA, 0xD3EA, 0xD3EA, 0xD3EA,
  0xD3EA, 0xD3EB, 0xD3EB, 0xDC0B, 0xBB8A, 0x1083, 0x0863, 0x0863, 0x0863, 0x0863, 0x0863, 0x0863,
  0x0863, 0x0863, 0x0863, 0x0863, 0x0863, 0x0863, 0x0863, 0x0863, 0x0863, 0x0863, 0x0863, 0x0863,
  0x0863, 0x0863, 0x0883, 0x0043, 0x0043, 0x6229, 0xCC10, 0xD411, 0xC3F0, 0xCBF1, 0xC3F1, 0xC3F1,
  0xC411, 0xC411, 0xC412, 0xC412, 0xC412, 0xBC12, 0xBC13, 0xBC13, 0xBC13, 0xBC13, 0xBC14, 0xBC14,
  0xBC14, 0xB414, 0xB414, 0xB415, 0xB435, 0xB435, 0xB435, 0xB436, 0xB436, 0xAC36, 0xAC36, 0xAC36,
  0xAC37, 0xAC37, 0xAC37, 0xAC37, 0xA438, 0xA438, 0xA438, 0xA438, 0xA458, 0xA459, 0xA459, 0xA459,
  0x9C59, 0x9C59, 0x9C59, 0x9C59, 0x9C5A, 0x9C5A, 0x9C5A, 0x9C5A, 0x9C5A, 0x9C5A, 0x945A, 0x945A,
  0x945A, 0x945A, 0x945B, 0x945B, 0x945B, 0x945B, 0x945B, 0x945B, 0x8C5B, 0x8C5B, 0x8C5B, 0x8C5B,
  0x8C5C, 0x8C5C, 0x8C5C, 0x8C5C, 0x8C5C, 0x8C5C, 0x845C, 0x845C, 0x847D, 0x2128, 0x0042, 0x0883,
  0x0863, 0x0863, 0x0863, 0x0863, 0x0863, 0x0863, 0x0863, 0x0863, 0x0863, 0x0863, 0x0863, 0x0863,
  0x0863, 0x0863, 0x0863, 0x0863, 0x0863, 0x0863, 0x0863, 0x0863, 0x0863, 0x0863, 0x0863, 0x0863,
  0x0863, 0x0863, 0x0863, 0x0863, 0x0863, 0x0863, 0x0863, 0x0863, 0x0863, 0x0863, 0x0863, 0x0863,
  0x0863, 0x0863, 0x0863, 0x0863, 0x0863, 0x0863, 0x0863, 0x0863, 0x0863, 0x0863, 0x0863, 0x0863,
  0x0863, 0x0863, 0x0863, 0x0863, 0x0863, 0x0863, 0x0863, 0x0863, 0x0863, 0x0863, 0x0863, 0x0863,
  0x0863, 0x0863, 0x0863, 0x0863, 0x0863, 0x0863, 0x0863, 0x0863, 0x0863, 0x0863, 0x0863, 0x0863,
  0x0863, 0x0863, 0x0863, 0x0863, 0x0863, 0x0863, 0x0863, 0x0863, 0x0863, 0x0863, 0x0863, 0x0863,
  0x0863, 0x0863, 0x0863, 0x0863, 0x0863, 0x0863, 0x0863, 0x0863, 0x0863, 0x0863, 0x0863, 0x0863,
  0x0863, 0x0863, 0x0863, 0x0863, 0x0863, 0x0863, 0x0863, 0x0863, 0x0863, 0x0863, 0x0863, 0x0863,
  0x0863, 0x0863, 0x0863, 0x0863, 0x0863, 0x0863, 0x0863, 0x0863, 0x0863, 0x0883, 0x0883, 0x0043,
  0x0043, 0x4165, 0xB328, 0xE409, 0xDBE9, 0xD3C9, 0xD3E9, 0xD3E9, 0xD3EA, 0xD3EA, 0xD3EA, 0xD3EA,
  0xD3EA, 0xD3EB, 0xD3CB, 0xE42B, 0x59C6, 0x0023, 0x0883, 0x0863, 0x0863, 0x0863, 0x0863, 0x0863,
  0x0863, 0x0863, 0x0863, 0x0863, 0x0863, 0x0863, 0x0863, 0x0863, 0x0863, 0x0863, 0x0863, 0x0863,
  0x0863, 0x0883, 0x0042, 0x18C4, 0x9B0C, 0xDC31, 0xCBF0, 0xCBF0, 0xCBF0, 0xCBF1, 0xC3F1, 0xC3F1,
  0xC411, 0xC412, 0xC412, 0xC412, 0xC412, 0xBC12, 0xBC13, 0xBC13, 0xBC13, 0xBC13, 0xBC14, 0xBC14,
  0xBC14, 0xB414, 0xB414, 0xB415, 0xB435, 0xB435, 0xB435, 0xB436, 0xB436, 0xAC36, 0xAC36, 0xAC36,
  0xAC37, 0xAC37, 0xAC37, 0xAC37, 0xA438, 0xA438, 0xA438, 0xA438, 0xA458, 0xA459, 0xA459, 0xA459,
  0x9C59, 0x9C59, 0x9C59, 0x9C59, 0x9C5A, 0x9C5A, 0x9C5A, 0x9C5A, 0x9C5A, 0x9C5A, 0x945A, 0x945A,
  0x945A, 0x945A, 0x945B, 0x945B, 0x945B, 0x945B, 0x945B, 0x945B, 0x8C5B, 0x8C5B, 0x8C5B, 0x8C5B,
  0x8C5C, 0x8C5C, 0x8C5C, 0x8C5C, 0x8C5C, 0x8C5C, 0x845C, 0x8C9E, 0x52F3, 0x0021, 0x0883, 0x0863,
  0x0863, 0x0863, 0x0863, 0x0863, 0x0863, 0x0863, 0x0863, 0x0863, 0x0863, 0x0863, 0x0863, 0x0863,
  0x0863, 0x0863, 0x0863, 0x0863, 0x0863, 0x0863, 0x0863, 0x0863, 0x0863, 0x0863, 0x0863, 0x0863,
  0x0863, 0x0863, 0x0863, 0x0863, 0x0863, 0x0863, 0x0863, 0x0863, 0x0863, 0x0863, 0x0863, 0x0863,
  0x0863, 0x0863, 0x0863, 0x0863, 0x0863, 0x0863, 0x0863, 0x0863, 0x0863, 0x0863, 0x0863, 0x0863,
  0x0863, 0x0863, 0x0863, 0x0863, 0x0863, 0x0863, 0x0863, 0x0863, 0x0863, 0x0863, 0x0863, 0x0863,
  0x0863, 0x0863, 0x0863, 0x0863, 0x0863, 0x0863, 0x0863, 0x0863, 0x0863, 0x0863, 0x0863, 0x0863,
  0x0863, 0x0863, 0x0863, 0x0863, 0x0863, 0x0863, 0x0863, 0x0863, 0x0863, 0x0863, 0x0863, 0x0863,
  0x0863, 0x0863, 0x0863, 0x0863, 0x0863, 0x0863, 0x0863, 0x0863, 0x0863, 0x0863, 0x0863, 0x0863,
  0x0863, 0x0863, 0x0863, 0x0863, 0x0863, 0x0863, 0x0863, 0x0863, 0x0863, 0x0863, 0x0863, 0x0863,
  0x0863, 0x0863, 0x0863, 0x0863, 0x0863, 0x0863, 0x0863, 0x0863, 0x0883, 0x0063, 0x0043, 0x3104,
  0x9AE7, 0xE409, 0xDC09, 0xD3C9, 0xD3C9, 0xD3E9, 0xD3E9, 0xD3E9, 0xD3EA, 0xD3EA, 0xD3EA, 0xD3EA,
  0xD3EA, 0xD3EA, 0xDC0B, 0xAB29, 0x0863, 0x0863, 0x0863, 0x0863, 0x0863, 0x0863, 0x0863, 0x0863,
  0x0863, 0x0863, 0x0863, 0x0863, 0x0863, 0x0863, 0x0863, 0x0863, 0x0863, 0x0863, 0x0863, 0x0883,
  0x0863, 0x0042, 0x4987, 0xC3CF, 0xDC30, 0xCBEF, 0xCBF0, 0xCBF0, 0xCBF0, 0xCBF1, 0xC3F1, 0xC3F1,
  0xC411, 0xC412, 0xC412, 0xC412, 0xC412, 0xBC12, 0xBC13, 0xBC13, 0xBC13, 0xBC13, 0xBC14, 0xBC14,
  0xBC14, 0xB414, 0xB414, 0xB415, 0xB435, 0xB435, 0xB435, 0xB436, 0xB436, 0xAC36, 0xAC36, 0xAC36,
  0xAC37, 0xAC37, 0xAC37, 0xAC37, 0xA438, 0xA438, 0xA438, 0xA438, 0xA458, 0xA459, 0xA459, 0xA459,
  0x9C59, 0x9C59, 0x9C59, 0x9C59, 0x9C5A, 0x9C5A, 0x9C5A, 0x9C5A, 0x9C5A, 0x9C5A, 0x945A, 0x945A,
  0x945A, 0x945A, 0x945B, 0x945B, 0x945B, 0x945B, 0x945B, 0x945B, 0x8C5B, 0x8C5B, 0x8C5B, 0x8C5B,
  0x8C5C, 0x8C5C, 0x8C5C, 0x8C5C, 0x8C5C, 0x845C, 0x847C, 0x845C, 0x18E6, 0x0042, 0x0883, 0x0863,
  0x0863, 0x0863, 0x0863, 0x0863, 0x0863, 0x0863, 0x0863, 0x0863, 0x0863, 0x0863, 0x0863, 0x0863,
  0x0863, 0x0863, 0x0863, 0x0863, 0x0863, 0x0863, 0x0863, 0x0863, 0x0863, 0x0863, 0x0863, 0x0863,
  0x0863, 0x0863, 0x0863, 0x0863, 0x0863, 0x0863, 0x0863, 0x0863, 0x0863, 0x0863, 0x0863, 0x0863,
  0x0863, 0x0863, 0x0863, 0x0863, 0x0863, 0x0863, 0x0863, 0x0863, 0x0863, 0x0863, 0x0863, 0x0863,
  0x0863, 0x0863, 0x0863, 0x0863, 0x0863, 0x0863, 0x0863, 0x0863, 0x0863, 0x0863, 0x0863, 0x0863,
  0x0863, 0x0863, 0x0863, 0x0863, 0x0863, 0x0863, 0x0863, 0x0863, 0x0863, 0x0863, 0x0863, 0x0863,
  0x0863, 0x0863, 0x0863, 0x0863, 0x0863, 0x0863, 0x0863, 0x0863, 0x0863, 0x0863, 0x0863, 0x0863,
  0x0863, 0x0863, 0x0863, 0x0863, 0x0863, 0x0863, 0x0863, 0x0863, 0x0863, 0x0863, 0x0863, 0x0863,
  0x0863, 0x0863, 0x0863, 0x0863, 0x0863, 0x0863, 0x0863, 0x0863, 0x0863, 0x0863, 0x0863, 0x0863,
  0x0863, 0x0863, 0x0863, 0x0863, 0x0863, 0x0863, 0x0883, 0x0863, 0x0023, 0x20C4, 0x8286, 0xDBE8,
  0xE409, 0xD3C8, 0xD3C9, 0xD3E9, 0xD3E9, 0xD3E9, 0xD3E9, 0xD3E9, 0xD3EA, 0xD3EA, 0xD3EA, 0xD3EA,
  0xD3EA, 0xD3EA, 0xDC0B, 0x4165, 0x0043, 0x0883, 0x0863, 0x0863, 0x0863, 0x0863, 0x0863, 0x0863,
  0x0863, 0x0863, 0x0863, 0x0863, 0x0863, 0x0863, 0x0863, 0x0863, 0x0863, 0x0863, 0x0883, 0x0043,
  0x0863, 0x7A6A, 0xDC10, 0xD3EF, 0xCBEF, 0xCBF0, 0xCBF0, 0xCBF0, 0xCBF0, 0xCBF1, 0xC3F1, 0xC3F1,
  0xC411, 0xC411, 0xC412, 0xC412, 0xC412, 0xBC12, 0xBC13, 0xBC13, 0xBC13, 0xBC13, 0xBC14, 0xBC14,
  0xBC14, 0xB414, 0xB414, 0xB415, 0xB435, 0xB435, 0xB435, 0xB436, 0xB436, 0xAC36, 0xAC36, 0xAC36,
  0xAC37, 0xAC37, 0xAC37, 0xAC37, 0xA438, 0xA438, 0xA438, 0xA438, 0xA458, 0xA459, 0xA459, 0xA459,
  0x9C59, 0x9C59, 0x9C59, 0x9C59, 0x9C5A, 0x9C5A, 0x9C5A, 0x9C5A, 0x9C5A, 0x9C5A, 0x945A, 0x945A,
  0x945A, 0x945A, 0x945B, 0x945B, 0x945B, 0x945B, 0x945B, 0x945B, 0x8C5B, 0x8C5B, 0x8C5B, 0x8C5B,
  0x8C5C, 0x8C5C, 0x8C5C, 0x8C5C, 0x8C5C, 0x845C, 0x94BE, 0x4AB1, 0x0021, 0x0883, 0x0863, 0x0863,
  0x0863, 0x0863, 0x0863, 0x0863, 0x0863, 0x0863, 0x0863, 0x0863, 0x0863, 0x0863, 0x0863, 0x0863,
  0x0863, 0x0863, 0x0863, 0x0863, 0x0863, 0x0863, 0x0863, 0x0863, 0x0863, 0x0863, 0x0863, 0x0863,
  0x0863, 0x0863, 0x0863, 0x0863, 0x0863, 0x0863, 0x0863, 0x0863, 0x0863, 0x0863, 0x0863, 0x0863,
  0x0863, 0x0863, 0x0863, 0x0863, 0x0863, 0x0863, 0x0863, 0x0863, 0x0863, 0x0863, 0x0863, 0x0863,
  0x0863, 0x0863, 0x0863, 0x0863, 0x0863, 0x0863, 0x0863, 0x0863, 0x0863, 0x0863, 0x0863, 0x0863,
  0x0863, 0x0863, 0x0863, 0x0863, 0x0863, 0x0863, 0x0863, 0x0863, 0x0863, 0x0863, 0x0863, 0x0863,
  0x0863, 0x0863, 0x0863, 0x0863, 0x0863, 0x0863, 0x0863, 0x0863, 0x0863, 0x0863, 0x0863, 0x0863,
  0x0863, 0x0863, 0x0863, 0x0863, 0x0863, 0x0863, 0x0863, 0x0863, 0x0863, 0x0863, 0x0863, 0x0863,
  0x0863, 0x0863, 0x0863, 0x0863, 0x0863, 0x0863, 0x0863, 0x0863, 0x0863, 0x0863, 0x0863, 0x0863,
  0x0863, 0x0863, 0x0863, 0x0863, 0x0883, 0x0863, 0x0043, 0x1083, 0x7225, 0xD3A8, 0xE428, 0xD3E8,
  0xD3C8, 0xD3E8, 0xD3E9, 0xD3E9, 0xD3E9, 0xD3E9, 0xD3E9, 0xD3E9, 0xD3EA, 0xD3EA, 0xD3EA, 0xD3EA,
  0xD3EA, 0xE40B, 0x9AE8, 0x0043, 0x0883, 0x0863, 0x0863, 0x0863, 0x0863, 0x0863, 0x0863, 0x0863,
  0x0863, 0x0863, 0x0863, 0x0863, 0x0863, 0x0863, 0x0863, 0x0863, 0x0883, 0x0883, 0x0022, 0x2905,
  0xAB4D, 0xDC30, 0xCBEF, 0xCBEF, 0xCBEF, 0xCBF0, 0xCBF0, 0xCBF0, 0xCBF0, 0xCBF1, 0xC3F1, 0xC3F1,
  0xC411, 0xC412, 0xC412, 0xC412, 0xC412, 0xBC12, 0xBC13, 0xBC13, 0xBC13, 0xBC13, 0xBC14, 0xBC14,
  0xBC14, 0xB414, 0xB414, 0xB415, 0xB435, 0xB435, 0xB435, 0xB436, 0xB436, 0xAC36, 0xAC36, 0xAC36,
  0xAC37, 0xAC37, 0xAC37, 0xAC37, 0xA438, 0xA438, 0xA438, 0xA438, 0xA458, 0xA459, 0xA459, 0xA459,
  0x9C59, 0x9C59, 0x9C59, 0x9C59, 0x9C5A, 0x9C5A, 0x9C5A, 0x9C5A, 0x9C5A, 0x9C5A, 0x945A, 0x945A,
  0x945A, 0x945A, 0x945B, 0x945B, 0x945B, 0x945B, 0x945B, 0x945B, 0x8C5B, 0x8C5B, 0x8C5B, 0x8C5B,
  0x8C5C, 0x8C5C, 0x8C5C, 0x8C5C, 0x8C5C, 0x8C7C, 0x7C1B, 0x10C5, 0x0863, 0x0883, 0x0863, 0x0863,
  0x0863, 0x0863, 0x0863, 0x0863, 0x0863, 0x0863, 0x0863, 0x0863, 0x0863, 0x0863, 0x0863, 0x0863,
  0x0863, 0x0863, 0x0863, 0x0863, 0x0863, 0x0863, 0x0863, 0x0863, 0x0863, 0x0863, 0x0863, 0x0863,
  0x0863, 0x0863, 0x0863, 0x0863, 0x0863, 0x0863, 0x0863, 0x0863, 0x0863, 0x0863, 0x0863, 0x0863,
  0x0863, 0x0863, 0x0863, 0x0863, 0x0863, 0x0863, 0x0863, 0x0863, 0x0863, 0x0863, 0x0863, 0x0863,
  0x0863, 0x0863, 0x0863, 0x0863, 0x0863, 0x0863, 0x0863, 0x0863, 0x0863, 0x0863, 0x0863, 0x0863,
  0x0863, 0x0863, 0x0863, 0x0863, 0x0863, 0x0863, 0x0863, 0x0863, 0x0863, 0x0863, 0x0863, 0x0863,
  0x0863, 0x0863, 0x0863, 0x0863, 0x0863, 0x0863, 0x0863, 0x0863, 0x0863, 0x0863, 0x0863, 0x0863,
  0x0863, 0x0863, 0x0863, 0x0863, 0x0863, 0x0863, 0x0863, 0x0863, 0x0863, 0x0863, 0x0863, 0x0863,
  0x0863, 0x0863, 0x0863, 0x0863, 0x0863, 0x0863, 0x0863, 0x0863, 0x0863, 0x0863, 0x0863, 0x0863,
  0x0863, 0x0863, 0x0883, 0x0883, 0x0043, 0x0863, 0x59C5, 0xC387, 0xE428, 0xDBE8, 0xD3C8, 0xD3E8,
  0xD3E8, 0xD3E8, 0xD3E9, 0xD3E9, 0xD3E9, 0xD3E9, 0xD3E9, 0xD3E9, 0xD3EA, 0xD3EA, 0xD3EA, 0xD3EA,
  0xD3EA, 0xD3EB, 0x3104, 0x0043, 0x0883, 0x0863, 0x0863, 0x0863, 0x0863, 0x0863, 0x0863, 0x0863,
  0x0863, 0x0863, 0x0863, 0x0863, 0x0863, 0x0863, 0x0863, 0x0883, 0x0863, 0x0042, 0x51A7, 0xCBCE,
  0xDC0F, 0xCBCF, 0xCBEF, 0xCBEF, 0xCBEF, 0xCBF0, 0xCBF0, 0xC3F0, 0xC3F0, 0xC3F0, 0xC3F1, 0xC3F1,
  0xC3F1, 0xC3F1, 0xC3F2, 0xC412, 0xC412, 0xBC12, 0xBC13, 0xBC13, 0xBC13, 0xBC13, 0xBC14, 0xBC14,
  0xBC14, 0xB414, 0xB414, 0xB415, 0xB435, 0xB435, 0xB435, 0xB436, 0xB436, 0xAC36, 0xAC36, 0xAC36,
  0xAC37, 0xAC37, 0xAC37, 0xAC37, 0xA438, 0xA438, 0xA438, 0xA438, 0xA458, 0xA459, 0xA459, 0xA459,
  0x9C59, 0x9C59, 0x9C59, 0x9C59, 0x9C5A, 0x9C5A, 0x9C5A, 0x9C5A, 0x9C5A, 0x9C5A, 0x945A, 0x945A,
  0x945A, 0x945A, 0x945B, 0x945B, 0x945B, 0x945B, 0x945B, 0x945B, 0x8C5B, 0x8C5B, 0x8C5B, 0x8C5B,
  0x8C5C, 0x8C5C, 0x8C5C, 0x8C5C, 0x845B, 0x94BE, 0x424F, 0x0021, 0x0883, 0x0863, 0x0863, 0x0863,
  0x0863, 0x0863, 0x0863, 0x0863, 0x0863, 0x0863, 0x0863, 0x0863, 0x0863, 0x0863, 0x0863, 0x0863,
  0x0863, 0x0863, 0x0863, 0x0863, 0x0863, 0x0863, 0x0863, 0x0863, 0x0863, 0x0863, 0x0863, 0x0863,
  0x0863, 0x0863, 0x0863, 0x0863, 0x0863, 0x0863, 0x0863, 0x0863, 0x0863, 0x0863, 0x0863, 0x0863,
  0x0863, 0x0863, 0x0863, 0x0863, 0x0863, 0x0863, 0x0863, 0x0863, 0x0863, 0x0863, 0x0863, 0x0863,
  0x0863, 0x0863, 0x0863, 0x0863, 0x0863, 0x0863, 0x0863, 0x0863, 0x0863, 0x0863, 0x0863, 0x0863,
  0x0863, 0x0863, 0x0863, 0x0863, 0x0863, 0x0863, 0x0863, 0x0863, 0x0863, 0x0863, 0x0863, 0x0863,
  0x0863, 0x0863, 0x0863, 0x0863, 0x0863, 0x0863, 0x0863, 0x0863, 0x0863, 0x0863, 0x0863, 0x0863,
  0x0863, 0x0863, 0x0863, 0x0863, 0x0863, 0x0863, 0x0863, 0x0863, 0x0863, 0x0863, 0x0863, 0x0863,
  0x0863, 0x0863, 0x0863, 0x0863, 0x0863, 0x0863, 0x0863, 0x0863, 0x0863, 0x0863, 0x0863, 0x0863,
  0x0883, 0x0883, 0x0043, 0x0043, 0x4164, 0xB326, 0xE407, 0xDBE7, 0xD3C7, 0xD3E8, 0xD3E8, 0xD3E8,
  0xD3E8, 0xD3E8, 0xD3E9, 0xD3E9, 0xD3E9, 0xD3E9, 0xD3E9, 0xD3E9, 0xD3EA, 0xD3EA, 0xD3EA, 0xD3CA,
  0xE42B, 0x8288, 0x0043, 0x0883, 0x0863, 0x0863, 0x0863, 0x0863, 0x0863, 0x0863, 0x0863, 0x0863,
  0x0863, 0x0863, 0x0863, 0x0863, 0x0863, 0x0863, 0x0883, 0x0043, 0x0863, 0x828A, 0xDC0F, 0xD3EE,
  0xCBCE, 0xCBEF, 0xCBEF, 0xD410, 0xD410, 0xD430, 0xD431, 0xD431, 0xD431, 0xD431, 0xD432, 0xD432,
  0xCC32, 0xCC32, 0xC412, 0xC412, 0xBBF2, 0xBBF2, 0xBC12, 0xBC13, 0xBC13, 0xBC13, 0xBC14, 0xBC14,
  0xBC14, 0xB414, 0xB414, 0xB415, 0xB435, 0xB435, 0xB435, 0xB436, 0xB436, 0xAC36, 0xAC36, 0xAC36,
  0xAC37, 0xAC37, 0xAC37, 0xAC37, 0xA438, 0xA438, 0xA438, 0xA438, 0xA458, 0xA459, 0xA459, 0xA459,
  0x9C59, 0x9C59, 0x9C59, 0x9C59, 0x9C5A, 0x9C5A, 0x9C5A, 0x9C5A, 0x9C5A, 0x9C5A, 0x945A, 0x945A,
  0x945A, 0x945A, 0x945B, 0x945B, 0x945B, 0x945B, 0x945B, 0x945B, 0x8C5B, 0x8C5B, 0x8C5B, 0x8C5B,
  0x8C5C, 0x8C5C, 0x8C5C, 0x8C5C, 0x8C7D, 0x73D9, 0x0884, 0x0863, 0x0883, 0x0863, 0x0863, 0x0863,
  0x0863, 0x0863, 0x0863, 0x0863, 0x0863, 0x0863, 0x0863, 0x0863, 0x0863, 0x0863, 0x0863, 0x0863,
  0x0863, 0x0863, 0x0863, 0x0863, 0x0863, 0x0863, 0x0863, 0x0863, 0x0863, 0x0863, 0x0863, 0x0863,
  0x0863, 0x0863, 0x0863, 0x0863, 0x0863, 0x0863, 0x0863, 0x0863, 0x0863, 0x0863, 0x0863, 0x0863,
  0x0863, 0x0863, 0x0863, 0x0863, 0x0863, 0x0863, 0x0863, 0x0863, 0x0863, 0x0863, 0x0863, 0x0863,
  0x0863, 0x0863, 0x0863, 0x0863, 0x0863, 0x0863, 0x0863, 0x0863, 0x0863, 0x0863, 0x0863, 0x0863,
  0x0863, 0x0863, 0x0863, 0x0863, 0x0863, 0x0863, 0x0863, 0x0863, 0x0863, 0x0863, 0x0863, 0x0863,
  0x0863, 0x0863, 0x0863, 0x0863, 0x0863, 0x0863, 0x0863, 0x0863, 0x0863, 0x0863, 0x0863, 0x0863,
  0x0863, 0x0863, 0x0863, 0x0863, 0x0863, 0x0863, 0x0863, 0x0863, 0x0863, 0x0863, 0x0863, 0x0863,
  0x0863, 0x0863, 0x0863, 0x0863, 0x0863, 0x0863, 0x0863, 0x0863, 0x0863, 0x0863, 0x0863, 0x0883,
  0x0063, 0x0043, 0x3104, 0x9AE6, 0xE407, 0xE407, 0xD3C7, 0xD3C7, 0xDBE8, 0xDBE8, 0xD3E8, 0xD3E8,
  0xD3E8, 0xD3E8, 0xD3E9, 0xD3E9, 0xD3E9, 0xD3E9, 0xD3E9, 0xD3E9, 0xD3EA, 0xD3EA, 0xD3EA, 0xD3EA,
  0xCBCA, 0x20C4, 0x0063, 0x0883, 0x0863, 0x0863, 0x0863, 0x0863, 0x0863, 0x0863, 0x0863, 0x0863,
  0x0863, 0x0863, 0x0863, 0x0863, 0x0863, 0x0883, 0x0042, 0x20E4, 0xAB2C, 0xDC0F, 0xCBEE, 0xD40F,
  0xDC2F, 0xDC30, 0xD3EF, 0xC3AE, 0xAB4D, 0x9B0C, 0x8ACC, 0x7A8B, 0x726B, 0x726B, 0x7A8B, 0x82CC,
  0x930D, 0xA36F, 0xB3B1, 0xC412, 0xCC53, 0xCC53, 0xC433, 0xBC13, 0xBC13, 0xBC13, 0xBC14, 0xBC14,
  0xBC14, 0xB414, 0xB414, 0xB415, 0xB435, 0xB435, 0xB435, 0xB436, 0xB436, 0xAC36, 0xAC36, 0xAC36,
  0xAC37, 0xAC37, 0xAC37, 0xAC37, 0xA438, 0xA438, 0xA438, 0xA438, 0xA458, 0xA459, 0xA459, 0xA459,
  0x9C59, 0x9C59, 0x9C59, 0x9C59, 0x9C5A, 0x9C5A, 0x9C5A, 0x9C5A, 0x9C5A, 0x9C5A, 0x945A, 0x945A,
  0x945A, 0x945A, 0x945B, 0x945B, 0x945B, 0x945B, 0x945B, 0x945B, 0x8C5B, 0x8C5B, 0x8C5B, 0x8C5B,
  0x8C5C, 0x8C5C, 0x8C5C, 0x845B, 0x949E, 0x39EC, 0x0021, 0x0883, 0x0863, 0x0863, 0x0863, 0x0863,
  0x0863, 0x0863, 0x0863, 0x0863, 0x0863, 0x0863, 0x0863, 0x0863, 0x0863, 0x0863, 0x0863, 0x0863,
  0x0863, 0x0863, 0x0863, 0x0863, 0x0863, 0x0863, 0x0863, 0x0863, 0x0863, 0x0863, 0x0863, 0x0863,
  0x0863, 0x0863, 0x0863, 0x0863, 0x0863, 0x0863, 0x0863, 0x0863, 0x0863, 0x0863, 0x0863, 0x0863,
  0x0863, 0x0863, 0x0863, 0x0863, 0x0863, 0x0863, 0x0863, 0x0863, 0x0863, 0x0863, 0x0863, 0x0863,
  0x0863, 0x0863, 0x0863, 0x0863, 0x0863, 0x0863, 0x0863, 0x0863, 0x0863, 0x0863, 0x0863, 0x0863,
  0x0863, 0x0863, 0x0863, 0x0863, 0x0863, 0x0863, 0x0863, 0x0863, 0x0863, 0x0863, 0x0863, 0x0863,
  0x0863, 0x0863, 0x0863, 0x0863, 0x0863, 0x0863, 0x0863, 0x0863, 0x0863, 0x0863, 0x0863, 0x0863,
  0x0863, 0x0863, 0x0863, 0x0863, 0x0863, 0x0863, 0x0863, 0x0863, 0x0863, 0x0863, 0x0863, 0x0863,
  0x0863, 0x0863, 0x0863, 0x0863, 0x0863, 0x0863, 0x0863, 0x0863, 0x0863, 0x0883, 0x0863, 0x0023,
  0x20C3, 0x8A85, 0xDBE7, 0xE407, 0xD3C7, 0xD3C7, 0xDBE7, 0xDBE7, 0xDBE8, 0xDBE8, 0xD3E8, 0xD3E8,
  0xD3E8, 0xD3E8, 0xD3E9, 0xD3E9, 0xD3E9, 0xD3E9, 0xD3E9, 0xD3E9, 0xD3EA, 0xD3EA, 0xD3CA, 0xE42B,
  0x6A27, 0x0023, 0x0883, 0x0863, 0x0863, 0x0863, 0x0863, 0x0863, 0x0863, 0x0863, 0x0863, 0x0863,
  0x0863, 0x0863, 0x0863, 0x0863, 0x0883, 0x0043, 0x4986, 0xCBCE, 0xE42F, 0xDC0F, 0xD3EE, 0xAB4C,
  0x828A, 0x51A7, 0x3125, 0x18A4, 0x0863, 0x0043, 0x0042, 0x0042, 0x0042, 0x0042, 0x0042, 0x0042,
  0x0042, 0x0863, 0x10A4, 0x2906, 0x49A8, 0x728C, 0x9B50, 0xBC13, 0xCC54, 0xC454, 0xBC14, 0xB413,
  0xB414, 0xB414, 0xB414, 0xB415, 0xB435, 0xB435, 0xB435, 0xB436, 0xB436, 0xAC36, 0xAC36, 0xAC36,
  0xAC37, 0xAC37, 0xAC37, 0xAC37, 0xA438, 0xA438, 0xA438, 0xA438, 0xA458, 0xA459, 0xA459, 0xA459,
  0x9C59, 0x9C59, 0x9C59, 0x9C59, 0x9C5A, 0x9C5A, 0x9C5A, 0x9C5A, 0x9C5A, 0x9C5A, 0x945A, 0x945A,
  0x945A, 0x945A, 0x945B, 0x945B, 0x945B, 0x945B, 0x945B, 0x945B, 0x8C5B, 0x8C5B, 0x8C5B, 0x8C5B,
  0x8C5C, 0x8C5C, 0x8C5B, 0x8C9D, 0x6B97, 0x0863, 0x0883, 0x0863, 0x0863, 0x0863, 0x0863, 0x0863,
  0x0863, 0x0863, 0x0863, 0x0863, 0x0863, 0x0863, 0x0863, 0x0863, 0x0863, 0x0863, 0x0863, 0x0863,
  0x0863, 0x0863, 0x0863, 0x0863, 0x0863, 0x0863, 0x0863, 0x0863, 0x0863, 0x0863, 0x0863, 0x0863,
  0x0863, 0x0863, 0x0863, 0x0863, 0x0863, 0x0863, 0x0863, 0x0863, 0x0863, 0x0863, 0x0863, 0x0863,
  0x0863, 0x0863, 0x0863, 0x0863, 0x0863, 0x0863, 0x0863, 0x0863, 0x0863, 0x0863, 0x0863, 0x0863,
  0x0863, 0x0863, 0x0863, 0x0863, 0x0863, 0x0863, 0x0863, 0x0863, 0x0863, 0x0863, 0x0863, 0x0863,
  0x0863, 0x0863, 0x0863, 0x0863, 0x0863, 0x0863, 0x0863, 0x0863, 0x0863, 0x0863, 0x0863, 0x0863,
  0x0863, 0x0863, 0x0863, 0x0863, 0x0863, 0x0863, 0x0863, 0x0863, 0x0863, 0x0863, 0x0863, 0x0863,
  0x0863, 0x0863, 0x0863, 0x0863, 0x0863, 0x0863, 0x0863, 0x0863, 0x0863, 0x0863, 0x0863, 0x0863,
  0x0863, 0x0863, 0x0863, 0x0863, 0x0863, 0x0863, 0x0863, 0x0863, 0x0883, 0x0043, 0x1083, 0x7224,
  0xCBA6, 0xE406, 0xD3C6, 0xD3C7, 0xDBE7, 0xDBE7, 0xDBE7, 0xDBE7, 0xDBE8, 0xDBE8, 0xD3E8, 0xD3E8,
  0xD3E8, 0xD3E8, 0xD3E9, 0xD3E9, 0xD3E9, 0xD3E9, 0xD3E9, 0xD3E9, 0xD3EA, 0xD3CA, 0xDBEA, 0xBB89,
  0x1083, 0x0863, 0x0863, 0x0863, 0x0863, 0x0863, 0x0863, 0x0863, 0x0863, 0x0863, 0x0863, 0x0863,
  0x0863, 0x0863, 0x0863, 0x0863, 0x0883, 0x0043, 0x4986, 0xCBCE, 0xAB2C, 0x6208, 0x2905, 0x0863,
  0x0042, 0x0042, 0x0043, 0x0863, 0x0863, 0x0883, 0x0883, 0x0883, 0x0883, 0x0883, 0x0883, 0x0883,
  0x0883, 0x0863, 0x0863, 0x0042, 0x0042, 0x0022, 0x0863, 0x2105, 0x5A0A, 0x9330, 0xBC14, 0xC455,
  0xBC34, 0xB414, 0xB414, 0xB415, 0xB435, 0xB435, 0xB435, 0xB436, 0xB436, 0xAC36, 0xAC36, 0xAC36,
  0xAC37, 0xAC37, 0xAC37, 0xAC37, 0xA438, 0xA438, 0xA438, 0xA438, 0xA458, 0xA459, 0xA459, 0xA459,
  0x9C59, 0x9C59, 0x9C59, 0x9C59, 0x9C5A, 0x9C5A, 0x9C5A, 0x9C5A, 0x9C5A, 0x9C5A, 0x945A, 0x945A,
  0x945A, 0x945A, 0x945B, 0x945B, 0x945B, 0x945B, 0x945B, 0x945B, 0x8C5B, 0x8C5B, 0x8C5B, 0x8C5B,
  0x8C5C, 0x8C5C, 0x8C5C, 0x8C7D, 0x2969, 0x0042, 0x0883, 0x0863, 0x0863, 0x0863, 0x0863, 0x0863,
  0x0863, 0x0863, 0x0863, 0x0863, 0x0863, 0x0863, 0x0863, 0x0863, 0x0863, 0x0863, 0x0863, 0x0863,
  0x0863, 0x0863, 0x0863, 0x0863, 0x0863, 0x0863, 0x0863, 0x0863, 0x0863, 0x0863, 0x0863, 0x0863,
  0x0863, 0x0863, 0x0863, 0x0863, 0x0863, 0x0863, 0x0863, 0x0863, 0x0863, 0x0863, 0x0863, 0x0863,
  0x0863, 0x0863, 0x0863, 0x0863, 0x0863, 0x0863, 0x0863, 0x0863, 0x0863, 0x0863, 0x0863, 0x0863,
  0x0863, 0x0863, 0x0863, 0x0863, 0x0863, 0x0863, 0x0863, 0x0863, 0x0863, 0x0863, 0x0863, 0x0863,
  0x0863, 0x0863, 0x0863, 0x0863, 0x0863, 0x0863, 0x0863, 0x0863, 0x0863, 0x0863, 0x0863, 0x0863,
  0x0863, 0x0863, 0x0863, 0x0863, 0x0863, 0x0863, 0x0863, 0x0863, 0x0863, 0x0863, 0x0863, 0x0863,
  0x0863, 0x0863, 0x0863, 0x0863, 0x0863, 0x0863, 0x0863, 0x0863, 0x0863, 0x0863, 0x0863, 0x0863,
  0x0863, 0x0863, 0x0863, 0x0863, 0x0863, 0x0863, 0x0863, 0x0883, 0x0043, 0x4984, 0xCBA6, 0xEC26,
  0xE406, 0xE406, 0xE407, 0xDBE7, 0xD3C7, 0xD3C7, 0xDBE7, 0xDBE7, 0xDBE8, 0xDBE8, 0xD3E8, 0xD3E8,
  0xD3E8, 0xD3E8, 0xD3E9, 0xD3E9, 0xD3E9, 0xD3E9, 0xD3E9, 0xD3E9, 0xD3EA, 0xD3CA, 0xE40B, 0x59C6,
  0x0043, 0x0883, 0x0863, 0x0863, 0x0863, 0x0863, 0x0863, 0x0863, 0x0863, 0x0863, 0x0863, 0x0863,
  0x0863, 0x0863, 0x0863, 0x0863, 0x0863, 0x0883, 0x0043, 0x18C4, 0x0883, 0x0022, 0x0043, 0x0863,
  0x0883, 0x0883, 0x0883, 0x0883, 0x0863, 0x0863, 0x0863, 0x0863, 0x0863, 0x0863, 0x0863, 0x0863,
  0x0863, 0x0863, 0x0863, 0x0883, 0x0883, 0x0883, 0x0863, 0x0043, 0x0022, 0x0063, 0x2926, 0x728D,
  0xB3F3, 0xC455, 0xBC35, 0xB414, 0xB435, 0xB435, 0xB435, 0xB436, 0xB436, 0xAC36, 0xAC36, 0xAC36,
  0xAC37, 0xAC37, 0xAC37, 0xAC37, 0xA438, 0xA438, 0xA438, 0xA438, 0xA458, 0xA459, 0xA459, 0xA459,
  0x9C59, 0x9C59, 0x9C59, 0x9C59, 0x9C5A, 0x9C5A, 0x9C5A, 0x9C5A, 0x9C5A, 0x9C5A, 0x945A, 0x945A,
  0x945A, 0x945A, 0x945B, 0x945B, 0x945B, 0x945B, 0x945B, 0x945B, 0x8C5B, 0x8C5B, 0x8C5B, 0x8C5B,
  0x8C5C, 0x8C5B, 0x949D, 0x5B14, 0x0042, 0x0883, 0x0863, 0x0863, 0x0863, 0x0863, 0x0863, 0x0863,
  0x0863, 0x0863, 0x0863, 0x0863, 0x0863, 0x0863, 0x0863, 0x0863, 0x0863, 0x0863, 0x0863, 0x0863,
  0x0863, 0x0863, 0x0863, 0x0863, 0x0863, 0x0863, 0x0863, 0x0863, 0x0863, 0x0863, 0x0863, 0x0863,
  0x0863, 0x0863, 0x0863, 0x0863, 0x0863, 0x0863, 0x0863, 0x0863, 0x0863, 0x0863, 0x0863, 0x0863,
  0x0863, 0x0863, 0x0863, 0x0863, 0x0863, 0x0863, 0x0863, 0x0863, 0x0863, 0x0863, 0x0863, 0x0863,
  0x0863, 0x0863, 0x0863, 0x0863, 0x0863, 0x0863, 0x0863, 0x0863, 0x0863, 0x0863, 0x0863, 0x0863,
  0x0863, 0x0863, 0x0863, 0x0863, 0x0863, 0x0863, 0x0863, 0x0863, 0x0863, 0x0863, 0x0863, 0x0863,
  0x0863, 0x0863, 0x0863, 0x0863, 0x0863, 0x0863, 0x0863, 0x0863, 0x0863, 0x0863, 0x0863, 0x0863,
  0x0863, 0x0863, 0x0863, 0x0863, 0x0863, 0x0863, 0x0863, 0x0863, 0x0863, 0x0863, 0x0863, 0x0863,
  0x0863, 0x0863, 0x0863, 0x0863, 0x0863, 0x0863, 0x0863, 0x0863, 0x0063, 0x2903, 0x4164, 0x3124,
  0x4164, 0x61E4, 0x8A85, 0xBB66, 0xE407, 0xE407, 0xD3C7, 0xD3C7, 0xDBE8, 0xDBE8, 0xD3E8, 0xD3E8,
  0xD3E8, 0xD3E8, 0xD3E9, 0xD3E9, 0xD3E9, 0xD3E9, 0xD3E9, 0xD3E9, 0xD3CA, 0xDC0A, 0xAB29, 0x0863,
  0x0863, 0x0863, 0x0863, 0x0863, 0x0863, 0x0863, 0x0863, 0x0863, 0x0863, 0x0863, 0x0863, 0x0863,
  0x0863, 0x0863, 0x0863, 0x0863, 0x0863, 0x0863, 0x0883, 0x0063, 0x0863, 0x0883, 0x0883, 0x0863,
  0x0863, 0x0863, 0x0863, 0x0863, 0x0863, 0x0863, 0x0863, 0x0863, 0x0863, 0x0863, 0x0863, 0x0863,
  0x0863, 0x0863, 0x0863, 0x0863, 0x0863, 0x0863, 0x0863, 0x0883, 0x0883, 0x0883, 0x0042, 0x0022,
  0x18C5, 0x626C, 0xB3F4, 0xC456, 0xB415, 0xB415, 0xB435, 0xB436, 0xB436, 0xAC36, 0xAC36, 0xAC36,
  0xAC37, 0xAC37, 0xAC37, 0xAC37, 0xA438, 0xA438, 0xA438, 0xA438, 0xA458, 0xA459, 0xA459, 0xA459,
  0x9C59, 0x9C59, 0x9C59, 0x9C59, 0x9C5A, 0x9C5A, 0x9C5A, 0x9C5A, 0x9C5A, 0x9C5A, 0x945A, 0x945A,
  0x945A, 0x945A, 0x945B, 0x945B, 0x945B, 0x945B, 0x945B, 0x945B, 0x8C5B, 0x8C5B, 0x8C5B, 0x8C5B,
  0x8C5B, 0x8C7C, 0x8C5B, 0x1907, 0x0042, 0x0883, 0x0863, 0x0863, 0x0863, 0x0863, 0x0863, 0x0863,
  0x0863, 0x0863, 0x0863, 0x0863, 0x0863, 0x0863, 0x0863, 0x0863, 0x0863, 0x0863, 0x0863, 0x0863,
  0x0863, 0x0863, 0x0863, 0x0863, 0x0863, 0x0863, 0x0863, 0x0863, 0x0863, 0x0863, 0x0863, 0x0863,
  0x0863, 0x0863, 0x0863, 0x0863, 0x0863, 0x0863, 0x0863, 0x0863, 0x0863, 0x0863, 0x0863, 0x0863,
  0x0863, 0x0863, 0x0863, 0x0863, 0x0863, 0x0863, 0x0863, 0x0863, 0x0863, 0x0863, 0x0863, 0x0863,
  0x0863, 0x0863, 0x0863, 0x0863, 0x0863, 0x0863, 0x0863, 0x0863, 0x0863, 0x0863, 0x0863, 0x0863,
  0x0863, 0x0863, 0x0863, 0x0863, 0x0863, 0x0863, 0x0863, 0x0863, 0x0863, 0x0863, 0x0863, 0x0863,
  0x0863, 0x0863, 0x0863, 0x0863, 0x0863, 0x0863, 0x0863, 0x0863, 0x0863, 0x0863, 0x0863, 0x0863,
  0x0863, 0x0863, 0x0863, 0x0863, 0x0863, 0x0863, 0x0863, 0x0863, 0x0863, 0x0863, 0x0863, 0x0863,
  0x0863, 0x0863, 0x0863, 0x0863, 0x0863, 0x0863, 0x0863, 0x0863, 0x0863, 0x0043, 0x0043, 0x0043,
  0x0043, 0x0043, 0x0043, 0x0883, 0x4164, 0x9AE6, 0xE407, 0xDC07, 0xD3C7, 0xDBE8, 0xD3E8, 0xD3E8,
  0xD3E8, 0xD3E8, 0xD3E9, 0xD3E9, 0xD3E9, 0xD3E9, 0xD3E9, 0xD3E9, 0xD3CA, 0xDC0A, 0x4165, 0x0043,
  0x0883, 0x0863, 0x0863, 0x0863, 0x0863, 0x0863, 0x0863, 0x0863, 0x0863, 0x0863, 0x0863, 0x0863,
  0x0863, 0x0863, 0x0863, 0x0863, 0x0863, 0x0863, 0x0863, 0x0883, 0x0863, 0x0863, 0x0863, 0x0863,
  0x0863, 0x0863, 0x0863, 0x0863, 0x0863, 0x0863, 0x0863, 0x0863, 0x0863, 0x0863, 0x0863, 0x0863,
  0x0863, 0x0863, 0x0863, 0x0863, 0x0863, 0x0863, 0x0863, 0x0863, 0x0863, 0x0863, 0x0883, 0x0883,
  0x0063, 0x0022, 0x18E5, 0x72CE, 0xBC56, 0xBC56, 0xAC15, 0xB436, 0xB436, 0xAC36, 0xAC36, 0xAC36,
  0xAC37, 0xAC37, 0xAC37, 0xAC37, 0xA438, 0xA438, 0xA438, 0xA438, 0xA458, 0xA459, 0xA459, 0xA459,
  0x9C59, 0x9C59, 0x9C59, 0x9C59, 0x9C5A, 0x9C5A, 0x9C5A, 0x9C5A, 0x9C5A, 0x9C5A, 0x945A, 0x945A,
  0x945A, 0x945A, 0x945B, 0x945B, 0x945B, 0x945B, 0x945B, 0x945B, 0x8C5B, 0x8C5B, 0x8C5B, 0x8C5B,
  0x8C5B, 0x94BD, 0x4A90, 0x0021, 0x0884, 0x0863, 0x0863, 0x0863, 0x0863, 0x0863, 0x0863, 0x0863,
  0x0863, 0x0863, 0x0863, 0x0863, 0x0863, 0x0863, 0x0863, 0x0863, 0x0863, 0x0863, 0x0863, 0x0863,
  0x0863, 0x0863, 0x0863, 0x0863, 0x0863, 0x0863, 0x0863, 0x0863, 0x0863, 0x0863, 0x0863, 0x0863,
  0x0863, 0x0863, 0x0863, 0x0863, 0x0863, 0x0863, 0x0863, 0x0863, 0x0863, 0x0863, 0x0863, 0x0863,
  0x0863, 0x0863, 0x0863, 0x0863, 0x0863, 0x0863, 0x0863, 0x0863, 0x0863, 0x0863, 0x0863, 0x0863,
  0x0863, 0x0863, 0x0863, 0x0863, 0x0863, 0x0863, 0x0863, 0x0863, 0x0863, 0x0863, 0x0863, 0x0863,
  0x0863, 0x0863, 0x0863, 0x0863, 0x0863, 0x0863, 0x0863, 0x0863, 0x0863, 0x0863, 0x0863, 0x0863,
  0x0863, 0x0863, 0x0863, 0x0863, 0x0863, 0x0863, 0x0863, 0x0863, 0x0863, 0x0863, 0x0863, 0x0863,
  0x0863, 0x0863, 0x0863, 0x0863, 0x0863, 0x0863, 0x0863, 0x0863, 0x0863, 0x0863, 0x0863, 0x0863,
  0x0863, 0x0863, 0x0863, 0x0863, 0x0863, 0x0863, 0x0863, 0x0863, 0x0863, 0x0883, 0x0883, 0x0883,
  0x0883, 0x0883, 0x0883, 0x0863, 0x0043, 0x0043, 0x4164, 0xBB67, 0xE408, 0xD3C8, 0xD3E8, 0xD3E8,
  0xD3E8, 0xD3E8, 0xD3E9, 0xD3E9, 0xD3E9, 0xD3E9, 0xD3E9, 0xD3C9, 0xE40A, 0x9AE8, 0x0043, 0x0883,
  0x0863, 0x0863, 0x0863, 0x0863, 0x0863, 0x0863, 0x0863, 0x0863, 0x0863, 0x0863, 0x0863, 0x0863,
  0x0863, 0x0863, 0x0863, 0x0863, 0x0863, 0x0863, 0x0863, 0x0863, 0x0863, 0x0863, 0x0863, 0x0863,
  0x0863, 0x0863, 0x0863, 0x0863, 0x0863, 0x0863, 0x0863, 0x0863, 0x0863, 0x0863, 0x0863, 0x0863,
  0x0863, 0x0863, 0x0863, 0x0863, 0x0863, 0x0863, 0x0863, 0x0863, 0x0863, 0x0863, 0x0863, 0x0863,
  0x0883, 0x0883, 0x0063, 0x0022, 0x3168, 0x9BB3, 0xBC77, 0xAC15, 0xAC36, 0xAC36, 0xAC36, 0xAC36,
  0xAC37, 0xAC37, 0xAC37, 0xAC37, 0xA438, 0xA438, 0xA438, 0xA438, 0xA458, 0xA459, 0xA459, 0xA459,
  0x9C59, 0x9C59, 0x9C59, 0x9C59, 0x9C5A, 0x9C5A, 0x9C5A, 0x9C5A, 0x9C5A, 0x9C5A, 0x945A, 0x945A,
  0x945A, 0x945A, 0x945B, 0x945B, 0x945B, 0x945B, 0x945B, 0x945B, 0x8C5B, 0x8C5B, 0x8C5B, 0x8C5B,
  0x8C7C, 0x7BF9, 0x10A4, 0x0863, 0x0883, 0x0863, 0x0863, 0x0863, 0x0863, 0x0863, 0x0863, 0x0863,
  0x0863, 0x0863, 0x0863, 0x0863, 0x0863, 0x0863, 0x0863, 0x0863, 0x0863, 0x0863, 0x0863, 0x0863,
  0x0863, 0x0863, 0x0863, 0x0863, 0x0863, 0x0863, 0x0863, 0x0863, 0x0863, 0x0863, 0x0863, 0x0863,
  0x0863, 0x0863, 0x0863, 0x0863, 0x0863, 0x0863, 0x0863, 0x0863, 0x0863, 0x0863, 0x0863, 0x0863,
  0x0863, 0x0863, 0x0863, 0x0863, 0x0863, 0x0863, 0x0863, 0x0863, 0x0863, 0x0863, 0x0863, 0x0863,
  0x0863, 0x0863, 0x0863, 0x0863, 0x0863, 0x0863, 0x0863, 0x0863, 0x0863, 0x0863, 0x0863, 0x0863,
  0x0863, 0x0863, 0x0863, 0x0863, 0x0863, 0x0863, 0x0863, 0x0863, 0x0863, 0x0863, 0x0863, 0x0863,
  0x0863, 0x0863, 0x0863, 0x0863, 0x0863, 0x0863, 0x0863, 0x0863, 0x0863, 0x0863, 0x0863, 0x0863,
  0x0863, 0x0863, 0x0863, 0x0863, 0x0863, 0x0863, 0x0863, 0x0863, 0x0863, 0x0863, 0x0863, 0x0863,
  0x0863, 0x0863, 0x0863, 0x0863, 0x0863, 0x0863, 0x0863, 0x0863, 0x0863, 0x0863, 0x0863, 0x0863,
  0x0863, 0x0863, 0x0863, 0x0863, 0x0883, 0x0883, 0x0043, 0x1083, 0x9AE6, 0xE408, 0xD3C8, 0xD3E8,
  0xD3E8, 0xD3E8, 0xD3E9, 0xD3E9, 0xD3E9, 0xD3E9, 0xD3E9, 0xD3EA, 0xD3EA, 0x3104, 0x0043, 0x0883,
  0x0863, 0x0863, 0x0863, 0x0863, 0x0863, 0x0863, 0x0863, 0x0863, 0x0863, 0x0863, 0x0863, 0x0863,
  0x0863, 0x0863, 0x0863, 0x0863, 0x0863, 0x0863, 0x0863, 0x0863, 0x0863, 0x0863, 0x0863, 0x0863,
  0x0863, 0x0863, 0x0863, 0x0863, 0x0863, 0x0863, 0x0863, 0x0863, 0x0863, 0x0863, 0x0863, 0x0863,
  0x0863, 0x0863, 0x0863, 0x0863, 0x0863, 0x0863, 0x0863, 0x0863, 0x0863, 0x0863, 0x0863, 0x0863,
  0x0863, 0x0863, 0x0883, 0x0883, 0x0042, 0x1084, 0x72CE, 0xBC57, 0xB436, 0xAC36, 0xAC36, 0xAC36,
  0xAC37, 0xAC37, 0xAC37, 0xAC37, 0xA438, 0xA438, 0xA438, 0xA438, 0xA458, 0xA459, 0xA459, 0xA459,
  0x9C59, 0x9C59, 0x9C59, 0x9C59, 0x9C5A, 0x9C5A, 0x9C5A, 0x9C5A, 0x9C5A, 0x9C5A, 0x945A, 0x945A,
  0x945A, 0x945A, 0x945B, 0x945B, 0x945B, 0x945B, 0x945B, 0x945B, 0x8C5B, 0x8C5B, 0x8C5B, 0x8C5B,
  0x949D, 0x39EC, 0x0021, 0x0883, 0x0863, 0x0863, 0x0863, 0x0863, 0x0863, 0x0863, 0x0863, 0x0863,
  0x0863, 0x0863, 0x0863, 0x0863, 0x0863, 0x0863, 0x0863, 0x0863, 0x0863, 0x0863, 0x0863, 0x0863,
  0x0863, 0x0863, 0x0863, 0x0863, 0x0863, 0x0863, 0x0863, 0x0863, 0x0863, 0x0863, 0x0863, 0x0863,
  0x0863, 0x0863, 0x0863, 0x0863, 0x0863, 0x0863, 0x0863, 0x0863, 0x0863, 0x0863, 0x0863, 0x0863,
  0x0863, 0x0863, 0x0863, 0x0863, 0x0863, 0x0863, 0x0863, 0x0863, 0x0863, 0x0863, 0x0863, 0x0863,
  0x0863, 0x0863, 0x0863, 0x0863, 0x0863, 0x0863, 0x0863, 0x0863, 0x0863, 0x0863, 0x0863, 0x0863,
  0x0863, 0x0863, 0x0863, 0x0863, 0x0863, 0x0863, 0x0863, 0x0863, 0x0863, 0x0863, 0x0863, 0x0863,
  0x0863, 0x0863, 0x0863, 0x0863, 0x0863, 0x0863, 0x0863, 0x0863, 0x0863, 0x0863, 0x0863, 0x0863,
  0x0863, 0x0863, 0x0863, 0x0863, 0x0863, 0x0863, 0x0863, 0x0863, 0x0863, 0x0863, 0x0863, 0x0863,
  0x0863, 0x0863, 0x0863, 0x0863, 0x0863, 0x0863, 0x0863, 0x0863, 0x0863, 0x0863, 0x0863, 0x0863,
  0x0863, 0x0863, 0x0863, 0x0863, 0x0863, 0x0863, 0x0883, 0x0063, 0x0043, 0x92A6, 0xE408, 0xD3C8,
  0xD3E8, 0xD3E8, 0xD3E9, 0xD3E9, 0xD3E9, 0xD3E9, 0xD3C9, 0xE42A, 0x8287, 0x0043, 0x0883, 0x0863,
  0x0863, 0x0863, 0x0863, 0x0863, 0x0863, 0x0863, 0x0863, 0x0863, 0x0863, 0x0863, 0x0863, 0x0863,
  0x0863, 0x0863, 0x0863, 0x0863, 0x0863, 0x0863, 0x0863, 0x0863, 0x0863, 0x0863, 0x0863, 0x0863,
  0x0863, 0x0863, 0x0863, 0x0863, 0x0863, 0x0863, 0x0863, 0x0863, 0x0863, 0x0863, 0x0863, 0x0863,
  0x0863, 0x0863, 0x0863, 0x0863, 0x0863, 0x0863, 0x0863, 0x0863, 0x0863, 0x0863, 0x0863, 0x0863,
  0x0863, 0x0863, 0x0863, 0x0863, 0x0883, 0x0863, 0x0022, 0x49EA, 0xB436, 0xB456, 0xAC16, 0xAC36,
  0xAC37, 0xAC37, 0xAC37, 0xAC37, 0xA438, 0xA438, 0xA438, 0xA438, 0xA458, 0xA459, 0xA459, 0xA459,
  0x9C59, 0x9C59, 0x9C59, 0x9C59, 0x9C5A, 0x9C5A, 0x9C5A, 0x9C5A, 0x9C5A, 0x9C5A, 0x945A, 0x945A,
  0x945A, 0x945A, 0x945B, 0x945B, 0x945B, 0x945B, 0x945B, 0x945B, 0x8C5B, 0x8C5B, 0x8C5B, 0x949D,
  0x6B76, 0x0862, 0x0883, 0x0863, 0x0863, 0x0863, 0x0863, 0x0863, 0x0863, 0x0863, 0x0863, 0x0863,
  0x0863, 0x0863, 0x0863, 0x0863, 0x0863, 0x0863, 0x0863, 0x0863, 0x0863, 0x0863, 0x0863, 0x0863,
  0x0863, 0x0863, 0x0863, 0x0863, 0x0863, 0x0863, 0x0863, 0x0863, 0x0863, 0x0863, 0x0863, 0x0863,
  0x0863, 0x0863, 0x0863, 0x0863, 0x0863, 0x0863, 0x0863, 0x0863, 0x0863, 0x0863, 0x0863, 0x0863,
  0x0863, 0x0863, 0x0863, 0x0863, 0x0863, 0x0863, 0x0863, 0x0863, 0x0863, 0x0863, 0x0863, 0x0863,
  0x0863, 0x0863, 0x0863, 0x0863, 0x0863, 0x0863, 0x0863, 0x0863, 0x0863, 0x0863, 0x0863, 0x0863,
  0x0863, 0x0863, 0x0863, 0x0863, 0x0863, 0x0863, 0x0863, 0x0863, 0x0863, 0x0863, 0x0863, 0x0863,
  0x0863, 0x0863, 0x0863, 0x0863, 0x0863, 0x0863, 0x0863, 0x0863, 0x0863, 0x0863, 0x0863, 0x0863,
  0x0863, 0x0863, 0x0863, 0x0863, 0x0863, 0x0863, 0x0863, 0x0863, 0x0863, 0x0863, 0x0863, 0x0863,
  0x0863, 0x0863, 0x0863, 0x0863, 0x0863, 0x0863, 0x0863, 0x0863, 0x0863, 0x0863, 0x0863, 0x0863,
  0x0863, 0x0863, 0x0863, 0x0863, 0x0863, 0x0863, 0x0863, 0x0883, 0x0863, 0x0063, 0xA307, 0xE408,
  0xD3C8, 0xD3E8, 0xD3E9, 0xD3E9, 0xD3E9, 0xD3E9, 0xDBE9, 0xCBA9, 0x20C4, 0x0063, 0x0883, 0x0863,
  0x0863, 0x0863, 0x0863, 0x0863, 0x0863, 0x0863, 0x0863, 0x0863, 0x0863, 0x0863, 0x0863, 0x0863,
  0x0863, 0x0863, 0x0863, 0x0863, 0x0863, 0x0863, 0x0863, 0x0863, 0x0863, 0x0863, 0x0863, 0x0863,
  0x0863, 0x0863, 0x0863, 0x0863, 0x0863, 0x0863, 0x0863, 0x0863, 0x0863, 0x0863, 0x0863, 0x0863,
  0x0863, 0x0863, 0x0863, 0x0863, 0x0863, 0x0863, 0x0863, 0x0863, 0x0863, 0x0863, 0x0863, 0x0863,
  0x0863, 0x0863, 0x0863, 0x0863, 0x0863, 0x0883, 0x0883, 0x0022, 0x3168, 0xAC15, 0xB457, 0xAC16,
  0xAC37, 0xAC37, 0xAC37, 0xAC37, 0xA438, 0xA438, 0xA438, 0xA438, 0xA458, 0xA459, 0xA459, 0xA459,
  0x9C59, 0x9C59, 0x9C59, 0x9C59, 0x9C5A, 0x9C5A, 0x9C5A, 0x9C5A, 0x9C5A, 0x9C5A, 0x945A, 0x945A,
  0x945A, 0x945A, 0x945B, 0x945B, 0x945B, 0x945B, 0x945B, 0x945B, 0x8C5B, 0x8C5B, 0x8C5B, 0x947C,
  0x2949, 0x0042, 0x0883, 0x0863, 0x0863, 0x0863, 0x0863, 0x0863, 0x0863, 0x0863, 0x0863, 0x0863,
  0x0863, 0x0863, 0x0863, 0x0863, 0x0863, 0x0863, 0x0863, 0x0863, 0x0863, 0x0863, 0x0863, 0x0863,
  0x0863, 0x0863, 0x0863, 0x0863, 0x0863, 0x0863, 0x0863, 0x0863, 0x0863, 0x0863, 0x0863, 0x0863,
  0x0863, 0x0863, 0x0863, 0x0863, 0x0863, 0x0863, 0x0863, 0x0863, 0x0863, 0x0863, 0x0863, 0x0863,
  0x0863, 0x0863, 0x0863, 0x0863, 0x0863, 0x0863, 0x0863, 0x0863, 0x0863, 0x0863, 0x0863, 0x0863,
  0x0863, 0x0863, 0x0863, 0x0863, 0x0863, 0x0863, 0x0863, 0x0863, 0x0863, 0x0863, 0x0863, 0x0863,
  0x0863, 0x0863, 0x0863, 0x0863, 0x0863, 0x0863, 0x0863, 0x0863, 0x0863, 0x0863, 0x0863, 0x0863,
  0x0863, 0x0863, 0x0863, 0x0863, 0x0863, 0x0863, 0x0863, 0x0863, 0x0863, 0x0863, 0x0863, 0x0863,
  0x0863, 0x0863, 0x0863, 0x0863, 0x0863, 0x0863, 0x0863, 0x0863, 0x0863, 0x0863, 0x0863, 0x0863,
  0x0863, 0x0863, 0x0863, 0x0863, 0x0863, 0x0863, 0x0863, 0x0863, 0x0863, 0x0863, 0x0863, 0x0863,
  0x0863, 0x0863, 0x0863, 0x0863, 0x0863, 0x0863, 0x0863, 0x0863, 0x0883, 0x0063, 0x18C3, 0xCBA8,
  0xDBE8, 0xD3C8, 0xD3E9, 0xD3E9, 0xD3E9, 0xD3C9, 0xE42A, 0x6A26, 0x0023, 0x0883, 0x0863, 0x0863,
  0x0863, 0x0863, 0x0863, 0x0863, 0x0863, 0x0863, 0x0863, 0x0863, 0x0863, 0x0863, 0x0863, 0x0863,
  0x0863, 0x0863, 0x0863, 0x0863, 0x0863, 0x0863, 0x0863, 0x0863, 0x0863, 0x0863, 0x0863, 0x0863,
  0x0863, 0x0863, 0x0863, 0x0863, 0x0863, 0x0863, 0x0863, 0x0863, 0x0863, 0x0863, 0x0863, 0x0863,
  0x0863, 0x0863, 0x0863, 0x0863, 0x0863, 0x0863, 0x0863, 0x0863, 0x0863, 0x0863, 0x0863, 0x0863,
  0x0863, 0x0863, 0x0863, 0x0863, 0x0863, 0x0863, 0x0863, 0x0883, 0x0022, 0x2106, 0xA3F5, 0xB457,
  0xAC36, 0xAC37, 0xAC37, 0xAC37, 0xA438, 0xA438, 0xA438, 0xA438, 0xA458, 0xA459, 0xA459, 0xA459,
  0x9C59, 0x9C59, 0x9C59, 0x9C59, 0x9C5A, 0x9C5A, 0x9C5A, 0x9C5A, 0x9C5A, 0x9C5A, 0x945A, 0x945A,
  0x945A, 0x945A, 0x945B, 0x945B, 0x945B, 0x945B, 0x945B, 0x945B, 0x8C5B, 0x8C5B, 0x949D, 0x5AD2,
  0x0021, 0x0883, 0x0863, 0x0863, 0x0863, 0x0863, 0x0863, 0x0863, 0x0863, 0x0863, 0x0863, 0x0863,
  0x0863, 0x0863, 0x0863, 0x0863, 0x0863, 0x0863, 0x0863, 0x0863, 0x0863, 0x0863, 0x0863, 0x0863,
  0x0863, 0x0863, 0x0863, 0x0863, 0x0863, 0x0863, 0x0863, 0x0863, 0x0863, 0x0863, 0x0863, 0x0863,
  0x0863, 0x0863, 0x0863, 0x0863, 0x0863, 0x0863, 0x0863, 0x0863, 0x0863, 0x0863, 0x0863, 0x0863,
  0x0863, 0x0863, 0x0863, 0x0863, 0x0863, 0x0863, 0x0863, 0x0863, 0x0863, 0x0863, 0x0863, 0x0863,
  0x0863, 0x0863, 0x0863, 0x0863, 0x0863, 0x0863, 0x0863, 0x0863, 0x0863, 0x0863, 0x0863, 0x0863,
  0x0863, 0x0863, 0x0863, 0x0863, 0x0863, 0x0863, 0x0863, 0x0863, 0x0863, 0x0863, 0x0863, 0x0863,
  0x0863, 0x0863, 0x0863, 0x0863, 0x0863, 0x0863, 0x0863, 0x0863, 0x0863, 0x0863, 0x0863, 0x0863,
  0x0863, 0x0863, 0x0863, 0x0863, 0x0863, 0x0863, 0x0863, 0x0863, 0x0863, 0x0863, 0x0863, 0x0863,
  0x0863, 0x0863, 0x0863, 0x0863, 0x0863, 0x0863, 0x0863, 0x0863, 0x0863, 0x0863, 0x0863, 0x0863,
  0x0863, 0x0863, 0x0863, 0x0863, 0x0863, 0x0863, 0x0863, 0x0863, 0x0863, 0x0883, 0x0023, 0x59C5,
  0xE409, 0xD3C8, 0xD3E9, 0xD3E9, 0xD3C9, 0xDBE9, 0xBB89, 0x1083, 0x0863, 0x0863, 0x0863, 0x0863,
  0x0863, 0x0863, 0x0863, 0x0863, 0x0863, 0x0863, 0x0863, 0x0863, 0x0863, 0x0863, 0x0863, 0x0863,
  0x0863, 0x0863, 0x0863, 0x0863, 0x0863, 0x0863, 0x0863, 0x0863, 0x0863, 0x0863, 0x0863, 0x0863,
  0x0863, 0x0863, 0x0863, 0x0863, 0x0863, 0x0863, 0x0863, 0x0863, 0x0863, 0x0863, 0x0863, 0x0863,
  0x0863, 0x0863, 0x0863, 0x0863, 0x0863, 0x0863, 0x0863, 0x0863, 0x0863, 0x0863, 0x0863, 0x0863,
  0x0863, 0x0863, 0x0863, 0x0863, 0x0863, 0x0863, 0x0863, 0x0863, 0x0883, 0x0042, 0x2106, 0xA3F5,
  0xB457, 0xAC37, 0xAC37, 0xAC37, 0xA438, 0xA438, 0xA438, 0xA438, 0xA458, 0xA459, 0xA459, 0xA459,
  0x9C59, 0x9C59, 0x9C59, 0x9C59, 0x9C5A, 0x9C5A, 0x9C5A, 0x9C5A, 0x9C5A, 0x9C5A, 0x945A, 0x945A,
  0x945A, 0x945A, 0x945B, 0x945B, 0x945B, 0x945B, 0x945B, 0x945B, 0x8C5B, 0x947C, 0x841A, 0x10C5,
  0x0863, 0x0883, 0x0863, 0x0863, 0x0863, 0x0863, 0x0863, 0x0863, 0x0863, 0x0863, 0x0863, 0x0863,
  0x0863, 0x0863, 0x0863, 0x0863, 0x0863, 0x0863, 0x0863, 0x0863, 0x0863, 0x0863, 0x0863, 0x0863,
  0x0863, 0x0863, 0x0863, 0x0863, 0x0863, 0x0863, 0x0863, 0x0863, 0x0863, 0x0863, 0x0863, 0x0863,
  0x0863, 0x0863, 0x0863, 0x0863, 0x0863, 0x0863, 0x0863, 0x0863, 0x0863, 0x0863, 0x0863, 0x0863,
  0x0863, 0x0863, 0x0863, 0x0863, 0x0863, 0x0863, 0x0863, 0x0863, 0x0863, 0x0863, 0x0863, 0x0863,
  0x0863, 0x0863, 0x0863, 0x0863, 0x0863, 0x0863, 0x0863, 0x0863, 0x0863, 0x0863, 0x0863, 0x0863,
  0x0863, 0x0863, 0x0863, 0x0863, 0x0863, 0x0863, 0x0863, 0x0863, 0x0863, 0x0863, 0x0863, 0x0863,
  0x0863, 0x0863, 0x0863, 0x0863, 0x0863, 0x0863, 0x0863, 0x0863, 0x0863, 0x0863, 0x0863, 0x0863,
  0x0863, 0x0863, 0x0863, 0x0863, 0x0863, 0x0863, 0x0863, 0x0863, 0x0863, 0x0863, 0x0863, 0x0863,
  0x0863, 0x0863, 0x0863, 0x0863, 0x0863, 0x0863, 0x0863, 0x0863, 0x0863, 0x0863, 0x0863, 0x0863,
  0x0863, 0x0863, 0x0863, 0x0863, 0x0863, 0x0863, 0x0863, 0x0863, 0x0863, 0x0863, 0x0863, 0x0863,
  0xBB47, 0xDC09, 0xD3C9, 0xD3E9, 0xD3C9, 0xE40A, 0x59C5, 0x0043, 0x0883, 0x0863, 0x0863, 0x0863,
  0x0863, 0x0863, 0x0863, 0x0863, 0x0863, 0x0863, 0x0863, 0x0863, 0x0863, 0x0863, 0x0863, 0x0863,
  0x0863, 0x0863, 0x0863, 0x0863, 0x0863, 0x0863, 0x0863, 0x0863, 0x0863, 0x0863, 0x0863, 0x0863,
  0x0863, 0x0863, 0x0863, 0x0863, 0x0863, 0x0863, 0x0863, 0x0863, 0x0863, 0x0863, 0x0863, 0x0863,
  0x0863, 0x0863, 0x0863, 0x0863, 0x0863, 0x0863, 0x0863, 0x0863, 0x0863, 0x0863, 0x0863, 0x0863,
  0x0863, 0x0863, 0x0863, 0x0863, 0x0863, 0x0863, 0x0863, 0x0863, 0x0863, 0x0883, 0x0042, 0x2126,
  0xA416, 0xAC57, 0xAC37, 0xAC37, 0xA438, 0xA438, 0xA438, 0xA438, 0xA458, 0xA459, 0xA459, 0xA459,
  0x9C59, 0x9C59, 0x9C59, 0x9C59, 0x9C5A, 0x9C5A, 0x9C5A, 0x9C5A, 0x9C5A, 0x9C5A, 0x945A, 0x945A,
  0x945A, 0x945A, 0x945B, 0x945B, 0x945B, 0x945B, 0x945B, 0x945B, 0x8C5B, 0x949D, 0x420D, 0x0021,
  0x0883, 0x0863, 0x0863, 0x0863, 0x0863, 0x0863, 0x0863, 0x0863, 0x0863, 0x0863, 0x0863, 0x0863,
  0x0863, 0x0863, 0x0863, 0x0863, 0x0863, 0x0863, 0x0863, 0x0863, 0x0863, 0x0863, 0x0863, 0x0863,
  0x0863, 0x0863, 0x0863, 0x0863, 0x0863, 0x0863, 0x0863, 0x0863, 0x0863, 0x0863, 0x0863, 0x0863,
  0x0863, 0x0863, 0x0863, 0x0863, 0x0863, 0x0863, 0x0863, 0x0863, 0x0863, 0x0863, 0x0863, 0x0863,
  0x0863, 0x0863, 0x0863, 0x0863, 0x0863, 0x0863, 0x0863, 0x0863, 0x0863, 0x0863, 0x0863, 0x0863,
  0x0863, 0x0863, 0x0863, 0x0863, 0x0863, 0x0863, 0x0863, 0x0863, 0x0863, 0x0863, 0x0863, 0x0863,
  0x0863, 0x0863, 0x0863, 0x0863, 0x0863, 0x0863, 0x0863, 0x0863, 0x0863, 0x0863, 0x0863, 0x0863,
  0x0863, 0x0863, 0x0863, 0x0863, 0x0863, 0x0863, 0x0863, 0x0863, 0x0863, 0x0863, 0x0863, 0x0863,
  0x0863, 0x0863, 0x0863, 0x0863, 0x0863, 0x0863, 0x0863, 0x0863, 0x0863, 0x0863, 0x0863, 0x0863,
  0x0863, 0x0863, 0x0863, 0x0863, 0x0863, 0x0863, 0x0863, 0x0863, 0x0863, 0x0863, 0x0863, 0x0863,
  0x0863, 0x0863, 0x0863, 0x0863, 0x0863, 0x0863, 0x0863, 0x0863, 0x0863, 0x0863, 0x0883, 0x0023,
  0x6205, 0xE429, 0xD3C9, 0xD3C9, 0xDC09, 0xAB28, 0x0863, 0x0863, 0x0863, 0x0863, 0x0863, 0x0863,
  0x0863, 0x0863, 0x0863, 0x0863, 0x0863, 0x0863, 0x0863, 0x0863, 0x0863, 0x0863, 0x0863, 0x0863,
  0x0863, 0x0863, 0x0863, 0x0863, 0x0863, 0x0863, 0x0863, 0x0863, 0x0863, 0x0863, 0x0863, 0x0863,
  0x0863, 0x0863, 0x0863, 0x0863, 0x0863, 0x0863, 0x0863, 0x0863, 0x0863, 0x0863, 0x0863, 0x0863,
  0x0863, 0x0863, 0x0863, 0x0863, 0x0863, 0x0863, 0x0863, 0x0863, 0x0863, 0x0863, 0x0863, 0x0863,
  0x0863, 0x0863, 0x0863, 0x0863, 0x0863, 0x0863, 0x0863, 0x0863, 0x0863, 0x0863, 0x0883, 0x0022,
  0x3188, 0xAC57, 0xAC37, 0xAC37, 0xA438, 0xA438, 0xA438, 0xA438, 0xA458, 0xA459, 0xA459, 0xA459,
  0x9C59, 0x9C59, 0x9C59, 0x9C59, 0x9C5A, 0x9C5A, 0x9C5A, 0x9C5A, 0x9C5A, 0x9C5A, 0x945A, 0x945A,
  0x945A, 0x945A, 0x945B, 0x945B, 0x945B, 0x945B, 0x945B, 0x8C5B, 0x949C, 0x7396, 0x0863, 0x0863,
  0x0863, 0x0863, 0x0863, 0x0863, 0x0863, 0x0863, 0x0863, 0x0863, 0x0863, 0x0863, 0x0863, 0x0863,
  0x0863, 0x0863, 0x0863, 0x0863, 0x0863, 0x0863, 0x0863, 0x0863, 0x0863, 0x0863, 0x0863, 0x0863,
  0x0863, 0x0863, 0x0863, 0x0863, 0x0863, 0x0863, 0x0863, 0x0863, 0x0863, 0x0863, 0x0863, 0x0863,
  0x0863, 0x0863, 0x0863, 0x0863, 0x0863, 0x0863, 0x0863, 0x0863, 0x0863, 0x0863, 0x0863, 0x0863,
  0x0863, 0x0863, 0x0863, 0x0863, 0x0863, 0x0863, 0x0863, 0x0863, 0x0863, 0x0863, 0x0863, 0x0863,
  0x0863, 0x0863, 0x0863, 0x0863, 0x0863, 0x0863, 0x0863, 0x0863, 0x0863, 0x0863, 0x0863, 0x0863,
  0x0863, 0x0863, 0x0863, 0x0863, 0x0863, 0x0863, 0x0863, 0x0863, 0x0863, 0x0863, 0x0863, 0x0863,
  0x0863, 0x0863, 0x0863, 0x0863, 0x0863, 0x0863, 0x0863, 0x0863, 0x0863, 0x0863, 0x0863, 0x0863,
  0x0863, 0x0863, 0x0863, 0x0863, 0x0863, 0x0863, 0x0863, 0x0863, 0x0863, 0x0863, 0x0863, 0x0863,
  0x0863, 0x0863, 0x0863, 0x0863, 0x0863, 0x0863, 0x0863, 0x0863, 0x0863, 0x0863, 0x0863, 0x0863,
  0x0863, 0x0863, 0x0863, 0x0863, 0x0863, 0x0863, 0x0863, 0x0863, 0x0863, 0x0863, 0x0883, 0x0063,
  0x28E4, 0xD3C8, 0xDBE9, 0xD3C9, 0xDC09, 0x4165, 0x0043, 0x0883, 0x0863, 0x0863, 0x0863, 0x0863,
  0x0863, 0x0863, 0x0863, 0x0863, 0x0863, 0x0863, 0x0863, 0x0863, 0x0863, 0x0863, 0x0863, 0x0863,
  0x0863, 0x0863, 0x0863, 0x0863, 0x0863, 0x0863, 0x0863, 0x0863, 0x0863, 0x0863, 0x0863, 0x0863,
  0x0863, 0x0863, 0x0863, 0x0863, 0x0863, 0x0863, 0x0863, 0x0863, 0x0863, 0x0863, 0x0863, 0x0863,
  0x0863, 0x0863, 0x0863, 0x0863, 0x0863, 0x0863, 0x0863, 0x0863, 0x0863, 0x0863, 0x0863, 0x0863,
  0x0863, 0x0863, 0x0863, 0x0863, 0x0863, 0x0863, 0x0863, 0x0863, 0x0863, 0x0863, 0x0863, 0x0883,
  0x0022, 0x522C, 0xB478, 0xA437, 0xA438, 0xA438, 0xA438, 0xA438, 0xA458, 0xA459, 0xA459, 0xA459,
  0x9C59, 0x9C59, 0x9C59, 0x9C59, 0x9C5A, 0x9C5A, 0x9C5A, 0x9C5A, 0x9C5A, 0x9C5A, 0x945A, 0x945A,
  0x945A, 0x945A, 0x945B, 0x945B, 0x945B, 0x945B, 0x945B, 0x8C5B, 0x947C, 0x2949, 0x0042, 0x0883,
  0x0863, 0x0863, 0x0863, 0x0863, 0x0863, 0x0863, 0x0863, 0x0863, 0x0863, 0x0863, 0x0863, 0x0863,
  0x0863, 0x0863, 0x0863, 0x0863, 0x0863, 0x0863, 0x0863, 0x0863, 0x0863, 0x0863, 0x0863, 0x0863,
  0x0863, 0x0863, 0x0863, 0x0863, 0x0863, 0x0863, 0x0863, 0x0863, 0x0863, 0x0863, 0x0863, 0x0863,
  0x0863, 0x0863, 0x0863, 0x0863, 0x0863, 0x0863, 0x0863, 0x0863, 0x0863, 0x0863, 0x0863, 0x0863,
  0x0863, 0x0863, 0x0863, 0x0863, 0x0863, 0x0863, 0x0863, 0x0863, 0x0863, 0x0863, 0x0863, 0x0863,
  0x0863, 0x0863, 0x0863, 0x0863, 0x0863, 0x0863, 0x0863, 0x0863, 0x0863, 0x0863, 0x0863, 0x0863,
  0x0863, 0x0863, 0x0863, 0x0863, 0x0863, 0x0863, 0x0863, 0x0863, 0x0863, 0x0863, 0x0863, 0x0863,
  0x0863, 0x0863, 0x0863, 0x0863, 0x0863, 0x0863, 0x0863, 0x0863, 0x0863, 0x0863, 0x0863, 0x0863,
  0x0863, 0x0863, 0x0863, 0x0863, 0x0863, 0x0863, 0x0863, 0x0863, 0x0863, 0x0863, 0x0863, 0x0863,
  0x0863, 0x0863, 0x0863, 0x0863, 0x0863, 0x0863, 0x0863, 0x0863, 0x0863, 0x0863, 0x0863, 0x0863,
  0x0863, 0x0863, 0x0863, 0x0863, 0x0863, 0x0863, 0x0863, 0x0863, 0x0863, 0x0863, 0x0863, 0x0863,
  0x0863, 0xB347, 0xDBE9, 0xE409, 0x9AE7, 0x0043, 0x0883, 0x0863, 0x0863, 0x0863, 0x0863, 0x0863,
  0x0863, 0x0863, 0x0863, 0x0863, 0x0863, 0x0863, 0x0863, 0x0863, 0x0863, 0x0863, 0x0863, 0x0863,
  0x0863, 0x0863, 0x0863, 0x0863, 0x0863, 0x0863, 0x0863, 0x0863, 0x0863, 0x0863, 0x0863, 0x0863,
  0x0863, 0x0863, 0x0863, 0x0863, 0x0863, 0x0863, 0x0863, 0x0863, 0x0863, 0x0863, 0x0863, 0x0863,
  0x0863, 0x0863, 0x0863, 0x0863, 0x0863, 0x0863, 0x0863, 0x0863, 0x0863, 0x0863, 0x0863, 0x0863,
  0x0863, 0x0863, 0x0863, 0x0863, 0x0863, 0x0863, 0x0863, 0x0863, 0x0863, 0x0863, 0x0863, 0x0863,
  0x0883, 0x0042, 0x7311, 0xB479, 0xA437, 0xA438, 0xA438, 0xA438, 0xA458, 0xA459, 0xA459, 0xA459,
  0x9C59, 0x9C59, 0x9C59, 0x9C59, 0x9C5A, 0x9C5A, 0x9C5A, 0x9C5A, 0x9C5A, 0x9C5A, 0x945A, 0x945A,
  0x945A, 0x945A, 0x945B, 0x945B, 0x945B, 0x945B, 0x8C5B, 0x9C9D, 0x5AD1, 0x0021, 0x0883, 0x0863,
  0x0863, 0x0863, 0x0863, 0x0863, 0x0863, 0x0863, 0x0863, 0x0863, 0x0863, 0x0863, 0x0863, 0x0863,
  0x0863, 0x0863, 0x0863, 0x0863, 0x0863, 0x0863, 0x0863, 0x0863, 0x0863, 0x0863, 0x0863, 0x0863,
  0x0863, 0x0863, 0x0863, 0x0863, 0x0863, 0x0863, 0x0863, 0x0863, 0x0863, 0x0863, 0x0863, 0x0863,
  0x0863, 0x0863, 0x0863, 0x0863, 0x0863, 0x0863, 0x0863, 0x0863, 0x0863, 0x0863, 0x0863, 0x0863,
  0x0863, 0x0863, 0x0863, 0x0863, 0x0863, 0x0863, 0x0863, 0x0863, 0x0863, 0x0863, 0x0863, 0x0863,
  0x0863, 0x0863, 0x0863, 0x0863, 0x0863, 0x0863, 0x0863, 0x0863, 0x0863, 0x0863, 0x0863, 0x0863,
  0x0863, 0x0863, 0x0863, 0x0863, 0x0863, 0x0863, 0x0863, 0x0863, 0x0863, 0x0863, 0x0863, 0x0863,
  0x0863, 0x0863, 0x0863, 0x0863, 0x0863, 0x0863, 0x0863, 0x0863, 0x0863, 0x0863, 0x0863, 0x0863,
  0x0863, 0x0863, 0x0863, 0x0863, 0x0863, 0x0863, 0x0863, 0x0863, 0x0863, 0x0863, 0x0863, 0x0863,
  0x0863, 0x0863, 0x0863, 0x0863, 0x0863, 0x0863, 0x0863, 0x0863, 0x0863, 0x0863, 0x0863, 0x0863,
  0x0863, 0x0863, 0x0863, 0x0863, 0x0863, 0x0863, 0x0863, 0x0863, 0x0863, 0x0863, 0x0863, 0x0883,
  0x0043, 0x92A7, 0xE409, 0xD3E9, 0x3104, 0x0043, 0x0883, 0x0863, 0x0863, 0x0863, 0x0863, 0x0863,
  0x0863, 0x0863, 0x0863, 0x0863, 0x0863, 0x0863, 0x0863, 0x0863, 0x0863, 0x0863, 0x0863, 0x0863,
  0x0863, 0x0863, 0x0863, 0x0863, 0x0863, 0x0863, 0x0863, 0x0863, 0x0863, 0x0863, 0x0863, 0x0863,
  0x0863, 0x0863, 0x0863, 0x0863, 0x0863, 0x0863, 0x0863, 0x0863, 0x0863, 0x0863, 0x0863, 0x0863,
  0x0863, 0x0863, 0x0863, 0x0863, 0x0863, 0x0863, 0x0863, 0x0863, 0x0863, 0x0863, 0x0863, 0x0863,
  0x0863, 0x0863, 0x0863, 0x0863, 0x0863, 0x0863, 0x0863, 0x0863, 0x0863, 0x0863, 0x0863, 0x0863,
  0x0883, 0x0863, 0x10A4, 0x9BF6, 0xAC58, 0xA438, 0xA438, 0xA438, 0xA458, 0xA459, 0xA459, 0xA459,
  0x9C59, 0x9C59, 0x9C59, 0x9C59, 0x9C5A, 0x9C5A, 0x9C5A, 0x9C5A, 0x9C5A, 0x9C5A, 0x945A, 0x945A,
  0x945A, 0x945A, 0x945B, 0x945B, 0x945B, 0x945B, 0x947B, 0x8419, 0x10A5, 0x0863, 0x0883, 0x0863,
  0x0863, 0x0863, 0x0863, 0x0863, 0x0863, 0x0863, 0x0863, 0x0863, 0x0863, 0x0863, 0x0863, 0x0863,
  0x0863, 0x0863, 0x0863, 0x0863, 0x0863, 0x0863, 0x0863, 0x0863, 0x0863, 0x0863, 0x0863, 0x0863,
  0x0863, 0x0863, 0x0863, 0x0863, 0x0863, 0x0863, 0x0863, 0x0863, 0x0863, 0x0863, 0x0863, 0x0863,
  0x0863, 0x0863, 0x0863, 0x0863, 0x0863, 0x0863, 0x0863, 0x0863, 0x0863, 0x0863, 0x0863, 0x0863,
  0x0863, 0x0863, 0x0863, 0x0863, 0x0863, 0x0863, 0x0863, 0x0863, 0x0863, 0x0863, 0x0863, 0x0863,
  0x0863, 0x0863, 0x0863, 0x0863, 0x0863, 0x0863, 0x0863, 0x0863, 0x0863, 0x0863, 0x0863, 0x0863,
  0x0863, 0x0863, 0x0863, 0x0863, 0x0863, 0x0863, 0x0863, 0x0863, 0x0863, 0x0863, 0x0863, 0x0863,
  0x0863, 0x0863, 0x0863, 0x0863, 0x0863, 0x0863, 0x0863, 0x0863, 0x0863, 0x0863, 0x0863, 0x0863,
  0x0863, 0x0863, 0x0863, 0x0863, 0x0863, 0x0863, 0x0863, 0x0863, 0x0863, 0x0863, 0x0863, 0x0863,
  0x0863, 0x0863, 0x0863, 0x0863, 0x0863, 0x0863, 0x0863, 0x0863, 0x0863, 0x0863, 0x0863, 0x0863,
  0x0863, 0x0863, 0x0863, 0x0863, 0x0863, 0x0863, 0x0863, 0x0863, 0x0863, 0x0863, 0x0863, 0x0883,
  0x0023, 0x7246, 0xF449, 0x8266, 0x0043, 0x0883, 0x0863, 0x0863, 0x0863, 0x0863, 0x0863, 0x0863,
  0x0863, 0x0863, 0x0863, 0x0863, 0x0863, 0x0863, 0x0863, 0x0863, 0x0863, 0x0863, 0x0863, 0x0863,
  0x0863, 0x0863, 0x0863, 0x0863, 0x0863, 0x0863, 0x0863, 0x0863, 0x0863, 0x0863, 0x0863, 0x0863,
  0x0863, 0x0863, 0x0863, 0x0863, 0x0863, 0x0863, 0x0863, 0x0863, 0x0863, 0x0863, 0x0863, 0x0863,
  0x0863, 0x0863, 0x0863, 0x0863, 0x0863, 0x0863, 0x0863, 0x0863, 0x0863, 0x0863, 0x0863, 0x0863,
  0x0863, 0x0863, 0x0863, 0x0863, 0x0863, 0x0863, 0x0863, 0x0863, 0x0863, 0x0863, 0x0863, 0x0863,
  0x0863, 0x0883, 0x0022, 0x41AA, 0xB479, 0xA438, 0xA438, 0xA438, 0xA458, 0xA459, 0xA459, 0xA459,
  0x9C59, 0x9C59, 0x9C59, 0x9C59, 0x9C5A, 0x9C5A, 0x9C5A, 0x9C5A, 0x9C5A, 0x9C5A, 0x945A, 0x945A,
  0x945A, 0x945A, 0x945B, 0x945B, 0x945B, 0x8C5A, 0x9C9C, 0x39EC, 0x0021, 0x0883, 0x0863, 0x0863,
  0x0863, 0x0863, 0x0863, 0x0863, 0x0863, 0x0863, 0x0863, 0x0863, 0x0863, 0x0863, 0x0863, 0x0863,
  0x0863, 0x0863, 0x0863, 0x0863, 0x0863, 0x0863, 0x0863, 0x0863, 0x0863, 0x0863, 0x0863, 0x0863,
  0x0863, 0x0863, 0x0863, 0x0863, 0x0863, 0x0863, 0x0863, 0x0863, 0x0863, 0x0863, 0x0863, 0x0863,
  0x0863, 0x0863, 0x0863, 0x0863, 0x0863, 0x0863, 0x0863, 0x0863, 0x0863, 0x0863, 0x0863, 0x0863,
  0x0863, 0x0863, 0x0863, 0x0863, 0x0863, 0x0863, 0x0863, 0x0863, 0x0863, 0x0863, 0x0863, 0x0863,
  0x0863, 0x0863, 0x0863, 0x0863, 0x0863, 0x0863, 0x0863, 0x0863, 0x0863, 0x0863, 0x0863, 0x0863,
  0x0863, 0x0863, 0x0863, 0x0863, 0x0863, 0x0863, 0x0863, 0x0863, 0x0863, 0x0863, 0x0863, 0x0863,
  0x0863, 0x0863, 0x0863, 0x0863, 0x0863, 0x0863, 0x0863, 0x0863, 0x0863, 0x0863, 0x0863, 0x0863,
  0x0863, 0x0863, 0x0863, 0x0863, 0x0863, 0x0863, 0x0863, 0x0863, 0x0863, 0x0863, 0x0863, 0x0863,
  0x0863, 0x0863, 0x0863, 0x0863, 0x0863, 0x0863, 0x0863, 0x0863, 0x0863, 0x0863, 0x0863, 0x0863,
  0x0863, 0x0863, 0x0863, 0x0863, 0x0863, 0x0863, 0x0863, 0x0863, 0x0863, 0x0863, 0x0863, 0x0883,
  0x0023, 0x7226, 0xDC09, 0x18C4, 0x0063, 0x0883, 0x0863, 0x0863, 0x0863, 0x0863, 0x0863, 0x0863,
  0x0863, 0x0863, 0x0863, 0x0863, 0x0863, 0x0863, 0x0863, 0x0863, 0x0863, 0x0863, 0x0863, 0x0863,
  0x0863, 0x0863, 0x0863, 0x0863, 0x0863, 0x0863, 0x0863, 0x0863, 0x0863, 0x0863, 0x0863, 0x0863,
  0x0863, 0x0863, 0x0863, 0x0863, 0x0863, 0x0863, 0x0863, 0x0863, 0x0863, 0x0863, 0x0863, 0x0863,
  0x0863, 0x0863, 0x0863, 0x0863, 0x0863, 0x0863, 0x0863, 0x0863, 0x0863, 0x0863, 0x0863, 0x0863,
  0x0863, 0x0863, 0x0863, 0x0863, 0x0863, 0x0863, 0x0863, 0x0863, 0x0863, 0x0863, 0x0863, 0x0863,
  0x0863, 0x0863, 0x0883, 0x0042, 0x7B32, 0xAC79, 0xA438, 0xA438, 0xA458, 0xA459, 0xA459, 0xA459,
  0x9C59, 0x9C59, 0x9C59, 0x9C59, 0x9C5A, 0x9C5A, 0x9C5A, 0x9C5A, 0x9C5A, 0x9C5A, 0x945A, 0x945A,
  0x945A, 0x945A, 0x945B, 0x945B, 0x945A, 0x9C9C, 0x6B55, 0x0042, 0x0883, 0x0863, 0x0863, 0x0863,
  0x0863, 0x0863, 0x0863, 0x0863, 0x0863, 0x0863, 0x0863, 0x0863, 0x0863, 0x0863, 0x0863, 0x0863,
  0x0863, 0x0863, 0x0863, 0x0863, 0x0863, 0x0863, 0x0863, 0x0863, 0x0863, 0x0863, 0x0863, 0x0863,
  0x0863, 0x0863, 0x0863, 0x0863, 0x0863, 0x0863, 0x0863, 0x0863, 0x0863, 0x0863, 0x0863, 0x0863,
  0x0863, 0x0863, 0x0863, 0x0863, 0x0863, 0x0863, 0x0863, 0x0863, 0x0863, 0x0863, 0x0863, 0x0863,
  0x0863, 0x0863, 0x0863, 0x0863, 0x0863, 0x0863, 0x0863, 0x0863, 0x0863, 0x0863, 0x0863, 0x0863,
  0x0863, 0x0863, 0x0863, 0x0863, 0x0863, 0x0863, 0x0863, 0x0863, 0x0863, 0x0863, 0x0863, 0x0863,
  0x0863, 0x0863, 0x0863, 0x0863, 0x0863, 0x0863, 0x0863, 0x0863, 0x0863, 0x0863, 0x0863, 0x0863,
  0x0863, 0x0863, 0x0863, 0x0863, 0x0863, 0x0863, 0x0863, 0x0863, 0x0863, 0x0863, 0x0863, 0x0863,
  0x0863, 0x0863, 0x0863, 0x0863, 0x0863, 0x0863, 0x0863, 0x0863, 0x0863, 0x0863, 0x0863, 0x0863,
  0x0863, 0x0863, 0x0863, 0x0863, 0x0863, 0x0863, 0x0863, 0x0863, 0x0863, 0x0863, 0x0863, 0x0863,
  0x0863, 0x0863, 0x0863, 0x0863, 0x0863, 0x0863, 0x0863, 0x0863, 0x0863, 0x0863, 0x0863, 0x0883,
  0x0023, 0x8266, 0x7A66, 0x0023, 0x0883, 0x0863, 0x0863, 0x0863, 0x0863, 0x0863, 0x0863, 0x0863,
  0x0863, 0x0863, 0x0863, 0x0863, 0x0863, 0x0863, 0x0863, 0x0863, 0x0863, 0x0863, 0x0863, 0x0863,
  0x0863, 0x0863, 0x0863, 0x0863, 0x0863, 0x0863, 0x0863, 0x0863, 0x0863, 0x0863, 0x0863, 0x0863,
  0x0863, 0x0863, 0x0863, 0x0863, 0x0863, 0x0863, 0x0863, 0x0863, 0x0863, 0x0863, 0x0863, 0x0863,
  0x0863, 0x0863, 0x0863, 0x0863, 0x0863, 0x0863, 0x0863, 0x0863, 0x0863, 0x0863, 0x0863, 0x0863,
  0x0863, 0x0863, 0x0863, 0x0863, 0x0863, 0x0863, 0x0863, 0x0863, 0x0863, 0x0863, 0x0863, 0x0863,
  0x0863, 0x0863, 0x0883, 0x0042, 0x2927, 0xAC58, 0xA438, 0xA438, 0xA458, 0xA459, 0xA459, 0xA459,
  0x9C59, 0x9C59, 0x9C59, 0x9C59, 0x9C5A, 0x9C5A, 0x9C5A, 0x9C5A, 0x9C5A, 0x9C5A, 0x945A, 0x945A,
  0x945A, 0x945A, 0x945B, 0x945B, 0x945B, 0x945B, 0x2107, 0x0042, 0x0883, 0x0863, 0x0863, 0x0863,
  0x0863, 0x0863, 0x0863, 0x0863, 0x0863, 0x0863, 0x0863, 0x0863, 0x0863, 0x0863, 0x0863, 0x0863,
  0x0863, 0x0863, 0x0863, 0x0863, 0x0863, 0x0863, 0x0863, 0x0863, 0x0863, 0x0863, 0x0863, 0x0863,
  0x0863, 0x0863, 0x0863, 0x0863, 0x0863, 0x0863, 0x0863, 0x0863, 0x0863, 0x0863, 0x0863, 0x0863,
  0x0863, 0x0863, 0x0863, 0x0863, 0x0863, 0x0863, 0x0863, 0x0863, 0x0863, 0x0863, 0x0863, 0x0863,
  0x0863, 0x0863, 0x0863, 0x0863, 0x0863, 0x0863, 0x0863, 0x0863, 0x0863, 0x0863, 0x0863, 0x0863,
  0x0863, 0x0863, 0x0863, 0x0863, 0x0863, 0x0863, 0x0863, 0x0863, 0x0863, 0x0863, 0x0863, 0x0863,
  0x0863, 0x0863, 0x0863, 0x0863, 0x0863, 0x0863, 0x0863, 0x0863, 0x0863, 0x0863, 0x0863, 0x0863,
  0x0863, 0x0863, 0x0863, 0x0863, 0x0863, 0x0863, 0x0863, 0x0863, 0x0863, 0x0863, 0x0863, 0x0863,
  0x0863, 0x0863, 0x0863, 0x0863, 0x0863, 0x0863, 0x0863, 0x0863, 0x0863, 0x0863, 0x0863, 0x0863,
  0x0863, 0x0863, 0x0863, 0x0863, 0x0863, 0x0863, 0x0863, 0x0863, 0x0863, 0x0863, 0x0863, 0x0863,
  0x0863, 0x0863, 0x0863, 0x0863, 0x0863, 0x0863, 0x0863, 0x0863, 0x0863, 0x0863, 0x0863, 0x0863,
  0x0063, 0x20E4, 0x10A3, 0x0863, 0x0863, 0x0863, 0x0863, 0x0863, 0x0863, 0x0863, 0x0863, 0x0863,
  0x0863, 0x0863, 0x0863, 0x0863, 0x0863, 0x0863, 0x0863, 0x0863, 0x0863, 0x0863, 0x0863, 0x0863,
  0x0863, 0x0863, 0x0863, 0x0863, 0x0863, 0x0863, 0x0863, 0x0863, 0x0863, 0x0863, 0x0863, 0x0863,
  0x0863, 0x0863, 0x0863, 0x0863, 0x0863, 0x0863, 0x0863, 0x0863, 0x0863, 0x0863, 0x0863, 0x0863,
  0x0863, 0x0863, 0x0863, 0x0863, 0x0863, 0x0863, 0x0863, 0x0863, 0x0863, 0x0863, 0x0863, 0x0863,
  0x0863, 0x0863, 0x0863, 0x0863, 0x0863, 0x0863, 0x0863, 0x0863, 0x0863, 0x0863, 0x0863, 0x0863,
  0x0863, 0x0863, 0x0863, 0x0883, 0x0022, 0x6AF0, 0xAC79, 0xA438, 0xA458, 0xA459, 0xA459, 0xA459,
  0x9C59, 0x9C59, 0x9C59, 0x9C59, 0x9C5A, 0x9C5A, 0x9C5A, 0x9C5A, 0x9C5A, 0x9C5A, 0x945A, 0x945A,
  0x945A, 0x945A, 0x945B, 0x945A, 0x9C9C, 0x4A6F, 0x0021, 0x0883, 0x0863, 0x0863, 0x0863, 0x0863,
  0x0863, 0x0863, 0x0863, 0x0863, 0x0863, 0x0863, 0x0863, 0x0863, 0x0863, 0x0863, 0x0863, 0x0863,
  0x0863, 0x0863, 0x0863, 0x0863, 0x0863, 0x0863, 0x0863, 0x0863, 0x0863, 0x0863, 0x0863, 0x0863,
  0x0863, 0x0863, 0x0863, 0x0863, 0x0863, 0x0863, 0x0863, 0x0863, 0x0863, 0x0863, 0x0863, 0x0863,
  0x0863, 0x0863, 0x0863, 0x0863, 0x0863, 0x0863, 0x0863, 0x0863, 0x0863, 0x0863, 0x0863, 0x0863,
  0x0863, 0x0863, 0x0863, 0x0863, 0x0863, 0x0863, 0x0863, 0x0863, 0x0863, 0x0863, 0x0863, 0x0863,
  0x0863, 0x0863, 0x0863, 0x0863, 0x0863, 0x0863, 0x0863, 0x0863, 0x0863, 0x0863, 0x0863, 0x0863,
  0x0863, 0x0863, 0x0863, 0x0863, 0x0863, 0x0863, 0x0863, 0x0863, 0x0863, 0x0863, 0x0863, 0x0863,
  0x0863, 0x0863, 0x0863, 0x0863, 0x0863, 0x0863, 0x0863, 0x0863, 0x0863, 0x0863, 0x0863, 0x0863,
  0x0863, 0x0863, 0x0863, 0x0863, 0x0863, 0x0863, 0x0863, 0x0863, 0x0863, 0x0863, 0x0863, 0x0863,
  0x0863, 0x0863, 0x0863, 0x0863, 0x0863, 0x0863, 0x0863, 0x0863, 0x0863, 0x0863, 0x0863, 0x0863,
  0x0863, 0x0863, 0x0863, 0x0863, 0x0863, 0x0863, 0x0863, 0x0863, 0x0863, 0x0863, 0x0863, 0x0863,
  0x0863, 0x0063, 0x0863, 0x0863, 0x0863, 0x0863, 0x0863, 0x0863, 0x0863, 0x0863, 0x0863, 0x0863,
  0x0863, 0x0863, 0x0863, 0x0863, 0x0863, 0x0863, 0x0863, 0x0863, 0x0863, 0x0863, 0x0863, 0x0863,
  0x0863, 0x0863, 0x0863, 0x0863, 0x0863, 0x0863, 0x0863, 0x0863, 0x0863, 0x0863, 0x0863, 0x0863,
  0x0863, 0x0863, 0x0863, 0x0863, 0x0863, 0x0863, 0x0863, 0x0863, 0x0863, 0x0863, 0x0863, 0x0863,
  0x0863, 0x0863, 0x0863, 0x0863, 0x0863, 0x0863, 0x0863, 0x0863, 0x0863, 0x0863, 0x0863, 0x0863,
  0x0863, 0x0863, 0x0863, 0x0863, 0x0863, 0x0863, 0x0863, 0x0863, 0x0863, 0x0863, 0x0863, 0x0863,
  0x0863, 0x0863, 0x0863, 0x0883, 0x0042, 0x2127, 0xA458, 0xA438, 0xA438, 0xA459, 0xA459, 0xA459,
  0x9C59, 0x9C59, 0x9C59, 0x9C59, 0x9C5A, 0x9C5A, 0x9C5A, 0x9C5A, 0x9C5A, 0x9C5A, 0x945A, 0x945A,
  0x945A, 0x945A, 0x945A, 0x9C7C, 0x7BB7, 0x0863, 0x0863, 0x0863, 0x0863, 0x0863, 0x0863, 0x0863,
  0x0863, 0x0863, 0x0863, 0x0863, 0x0863, 0x0863, 0x0863, 0x0863, 0x0863, 0x0863, 0x0863, 0x0863,
  0x0863, 0x0863, 0x0863, 0x0863, 0x0863, 0x0863, 0x0863, 0x0863, 0x0863, 0x0863, 0x0863, 0x0863,
  0x0863, 0x0863, 0x0863, 0x0863, 0x0863, 0x0863, 0x0863, 0x0863, 0x0863, 0x0863, 0x0863, 0x0863,
  0x0863, 0x0863, 0x0863, 0x0863, 0x0863, 0x0863, 0x0863, 0x0863, 0x0863, 0x0863, 0x0863, 0x0863,
  0x0863, 0x0863, 0x0863, 0x0863, 0x0863, 0x0863, 0x0863, 0x0863, 0x0863, 0x0863, 0x0863, 0x0863,
  0x0863, 0x0863, 0x0863, 0x0863, 0x0863, 0x0863, 0x0863, 0x0863, 0x0863, 0x0863, 0x0863, 0x0863,
  0x0863, 0x0863, 0x0863, 0x0863, 0x0863, 0x0863, 0x0863, 0x0863, 0x0863, 0x0863, 0x0863, 0x0863,
  0x0863, 0x0863, 0x0863, 0x0863, 0x0863, 0x0863, 0x0863, 0x0863, 0x0863, 0x0863, 0x0863, 0x0863,
  0x0863, 0x0863, 0x0863, 0x0863, 0x0863, 0x0863, 0x0863, 0x0863, 0x0863, 0x0863, 0x0863, 0x0863,
  0x0863, 0x0863, 0x0863, 0x0863, 0x0863, 0x0863, 0x0863, 0x0863, 0x0863, 0x0863, 0x0863, 0x0863,
  0x0863, 0x0863, 0x0863, 0x0863, 0x0863, 0x0863, 0x0863, 0x0863, 0x0863, 0x0863, 0x0863, 0x0863,
  0x0863, 0x0883, 0x0863, 0x0863, 0x0863, 0x0863, 0x0863, 0x0863, 0x0863, 0x0863, 0x0863, 0x0863,
  0x0863, 0x0863, 0x0863, 0x0863, 0x0863, 0x0863, 0x0863, 0x0863, 0x0863, 0x0863, 0x0863, 0x0863,
  0x0863, 0x0863, 0x0863, 0x0863, 0x0863, 0x0863, 0x0863, 0x0863, 0x0863, 0x0863, 0x0863, 0x0863,
  0x0863, 0x0863, 0x0863, 0x0863, 0x0863, 0x0863, 0x0863, 0x0863, 0x0863, 0x0863, 0x0863, 0x0863,
  0x0863, 0x0863, 0x0863, 0x0863, 0x0863, 0x0863, 0x0863, 0x0863, 0x0863, 0x0863, 0x0863, 0x0863,
  0x0863, 0x0863, 0x0863, 0x0863, 0x0863, 0x0863, 0x0863, 0x0863, 0x0863, 0x0863, 0x0863, 0x0863,
  0x0863, 0x0863, 0x0863, 0x0863, 0x0883, 0x0042, 0x7332, 0xAC79, 0xA438, 0xA459, 0xA459, 0xA459,
  0x9C59, 0x9C59, 0x9C59, 0x9C59, 0x9C5A, 0x9C5A, 0x9C5A, 0x9C5A, 0x9C5A, 0x9C5A, 0x945A, 0x945A,
  0x945A, 0x945A, 0x945A, 0x947B, 0x2969, 0x0042, 0x0883, 0x0863, 0x0863, 0x0863, 0x0863, 0x0863,
  0x0863, 0x0863, 0x0863, 0x0863, 0x0863, 0x0863, 0x0863, 0x0863, 0x0863, 0x0863, 0x0863, 0x0863,
  0x0863, 0x0863, 0x0863, 0x0863, 0x0863, 0x0863, 0x0863, 0x0863, 0x0863, 0x0863, 0x0863, 0x0863,
  0x0863, 0x0863, 0x0863, 0x0863, 0x0863, 0x0863, 0x0863, 0x0863, 0x0863, 0x0863, 0x0863, 0x0863,
  0x0863, 0x0863, 0x0863, 0x0863, 0x0863, 0x0863, 0x0863, 0x0863, 0x0863, 0x0863, 0x0863, 0x0863,
  0x0863, 0x0863, 0x0863, 0x0863, 0x0863, 0x0863, 0x0863, 0x0863, 0x0863, 0x0863, 0x0863, 0x0863,
  0x0863, 0x0863, 0x0863, 0x0863, 0x0863, 0x0863, 0x0863, 0x0863, 0x0863, 0x0863, 0x0863, 0x0863,
  0x0863, 0x0863, 0x0863, 0x0863, 0x0863, 0x0863, 0x0863, 0x0863, 0x0863, 0x0863, 0x0863, 0x0863,
  0x0863, 0x0863, 0x0863, 0x0863, 0x0863, 0x0863, 0x0863, 0x0863, 0x0863, 0x0863, 0x0863, 0x0863,
  0x0863, 0x0863, 0x0863, 0x0863, 0x0863, 0x0863, 0x0863, 0x0863, 0x0863, 0x0863, 0x0863, 0x0863,
  0x0863, 0x0863, 0x0863, 0x0863, 0x0863, 0x0863, 0x0863, 0x0863, 0x0863, 0x0863, 0x0863, 0x0863,
  0x0863, 0x0863, 0x0863, 0x0863, 0x0863, 0x0863, 0x0863, 0x0863, 0x0863, 0x0863, 0x0863, 0x0863,
  0x0863, 0x0863, 0x0863, 0x0863, 0x0863, 0x0863, 0x0863, 0x0863, 0x0863, 0x0863, 0x0863, 0x0863,
  0x0863, 0x0863, 0x0863, 0x0863, 0x0863, 0x0863, 0x0863, 0x0863, 0x0863, 0x0863, 0x0863, 0x0863,
  0x0863, 0x0863, 0x0863, 0x0863, 0x0863, 0x0863, 0x0863, 0x0863, 0x0863, 0x0863, 0x0863, 0x0863,
  0x0863, 0x0863, 0x0863, 0x0863, 0x0863, 0x0863, 0x0863, 0x0863, 0x0863, 0x0863, 0x0863, 0x0863,
  0x0863, 0x0863, 0x0863, 0x0863, 0x0863, 0x0863, 0x0863, 0x0863, 0x0863, 0x0863, 0x0863, 0x0863,
  0x0863, 0x0863, 0x0863, 0x0863, 0x0863, 0x0863, 0x0863, 0x0863, 0x0863, 0x0863, 0x0863, 0x0863,
  0x0863, 0x0863, 0x0863, 0x0863, 0x0883, 0x0042, 0x39AA, 0xAC79, 0xA438, 0xA459, 0xA459, 0xA459,
  0x9C59, 0x9C59, 0x9C59, 0x9C59, 0x9C5A, 0x9C5A, 0x9C5A, 0x9C5A, 0x9C5A, 0x9C5A, 0x945A, 0x945A,
  0x945A, 0x943A, 0x9C9C, 0x5AB1, 0x0021, 0x0883, 0x0863, 0x0863, 0x0863, 0x0863, 0x0863, 0x0863,
  0x0863, 0x0863, 0x0863, 0x0863, 0x0863, 0x0863, 0x0863, 0x0863, 0x0863, 0x0863, 0x0863, 0x0863,
  0x0863, 0x0863, 0x0863, 0x0863, 0x0863, 0x0863, 0x0863, 0x0863, 0x0863, 0x0863, 0x0863, 0x0863,
  0x0863, 0x0863, 0x0863, 0x0863, 0x0863, 0x0863, 0x0863, 0x0863, 0x0863, 0x0863, 0x0863, 0x0863,
  0x0863, 0x0863, 0x0863, 0x0863, 0x0863, 0x0863, 0x0863, 0x0863, 0x0863, 0x0863, 0x0863, 0x0863,
  0x0863, 0x0863, 0x0863, 0x0863, 0x0863, 0x0863, 0x0863, 0x0863, 0x0863, 0x0863, 0x0863, 0x0863,
  0x0863, 0x0863, 0x0863, 0x0863, 0x0863, 0x0863, 0x0863, 0x0863, 0x0863, 0x0863, 0x0863, 0x0863,
  0x0863, 0x0863, 0x0863, 0x0863, 0x0863, 0x0863, 0x0863, 0x0863, 0x0863, 0x0863, 0x0863, 0x0863,
  0x0863, 0x0863, 0x0863, 0x0863, 0x0863, 0x0863, 0x0863, 0x0863, 0x0863, 0x0863, 0x0863, 0x0863,
  0x0863, 0x0863, 0x0863, 0x0863, 0x0863, 0x0863, 0x0863, 0x0863, 0x0863, 0x0863, 0x0863, 0x0863,
  0x0863, 0x0863, 0x0863, 0x0863, 0x0863, 0x0863, 0x0863, 0x0863, 0x0863, 0x0863, 0x0863, 0x0863,
  0x0863, 0x0863, 0x0863, 0x0863, 0x0863, 0x0863, 0x0863, 0x0863, 0x0863, 0x0863, 0x0863, 0x0863,
  0x0863, 0x0863, 0x0863, 0x0863, 0x0863, 0x0863, 0x0863, 0x0863, 0x0863, 0x0863, 0x0863, 0x0863,
  0x0863, 0x0863, 0x0863, 0x0863, 0x0863, 0x0863, 0x0863, 0x0863, 0x0863, 0x0863, 0x0863, 0x0863,
  0x0863, 0x0863, 0x0863, 0x0863, 0x0863, 0x0863, 0x0863, 0x0863, 0x0863, 0x0863, 0x0863, 0x0863,
  0x0863, 0x0863, 0x0863, 0x0863, 0x0863, 0x0863, 0x0863, 0x0863, 0x0863, 0x0863, 0x0863, 0x0863,
  0x0863, 0x0863, 0x0863, 0x0863, 0x0863, 0x0863, 0x0863, 0x0863, 0x0863, 0x0863, 0x0863, 0x0863,
  0x0863, 0x0863, 0x0863, 0x0863, 0x0863, 0x0863, 0x0863, 0x0863, 0x0863, 0x0863, 0x0863, 0x0863,
  0x0863, 0x0863, 0x0863, 0x0863, 0x0863, 0x0863, 0x1084, 0x93D6, 0xA459, 0xA439, 0xA459, 0xA459,
  0x9C59, 0x9C59, 0x9C59, 0x9C59, 0x9C5A, 0x9C5A, 0x9C5A, 0x9C5A, 0x9C5A, 0x9C5A, 0x945A, 0x945A,
  0x945A, 0x9C7B, 0x83F8, 0x10A4, 0x0863, 0x0883, 0x0863, 0x0863, 0x0863, 0x0863, 0x0863, 0x0863,
  0x0863, 0x0863, 0x0863, 0x0863, 0x0863, 0x0863, 0x0863, 0x0863, 0x0863, 0x0863, 0x0863, 0x0863,
  0x0863, 0x0863, 0x0863, 0x0863, 0x0863, 0x0863, 0x0863, 0x0863, 0x0863, 0x0863, 0x0863, 0x0863,
  0x0863, 0x0863, 0x0863, 0x0863, 0x0863, 0x0863, 0x0863, 0x0863, 0x0863, 0x0863, 0x0863, 0x0863,
  0x0863, 0x0863, 0x0863, 0x0863, 0x0863, 0x0863, 0x0863, 0x0863, 0x0863, 0x0863, 0x0863, 0x0863,
  0x0863, 0x0863, 0x0863, 0x0863, 0x0863, 0x0863, 0x0863, 0x0863, 0x0863, 0x0863, 0x0863, 0x0863,
  0x0863, 0x0863, 0x0863, 0x0863, 0x0863, 0x0863, 0x0863, 0x0863, 0x0863, 0x0863, 0x0863, 0x0863,
  0x0863, 0x0863, 0x0863, 0x0863, 0x0863, 0x0863, 0x0863, 0x0863, 0x0863, 0x0863, 0x0863, 0x0863,
  0x0863, 0x0863, 0x0863, 0x0863, 0x0863, 0x0863, 0x0863, 0x0863, 0x0863, 0x0863, 0x0863, 0x0863,
  0x0863, 0x0863, 0x0863, 0x0863, 0x0863, 0x0863, 0x0863, 0x0863, 0x0863, 0x0863, 0x0863, 0x0863,
  0x0863, 0x0863, 0x0863, 0x0863, 0x0863, 0x0863, 0x0863, 0x0863, 0x0863, 0x0863, 0x0863, 0x0863,
  0x0863, 0x0863, 0x0863, 0x0863, 0x0863, 0x0863, 0x0863, 0x0863, 0x0863, 0x0863, 0x0863, 0x0863,
  0x0863, 0x0863, 0x0863, 0x0863, 0x0863, 0x0863, 0x0863, 0x0863, 0x0863, 0x0863, 0x0863, 0x0863,
  0x0863, 0x0863, 0x0863, 0x0863, 0x0863, 0x0863, 0x0863, 0x0863, 0x0863, 0x0863, 0x0863, 0x0863,
  0x0863, 0x0863, 0x0863, 0x0863, 0x0863, 0x0863, 0x0863, 0x0863, 0x0863, 0x0863, 0x0863, 0x0863,
  0x0863, 0x0863, 0x0863, 0x0863, 0x0863, 0x0863, 0x0863, 0x0863, 0x0863, 0x0863, 0x0863, 0x0863,
  0x0863, 0x0863, 0x0863, 0x0863, 0x0863, 0x0863, 0x0863, 0x0863, 0x0863, 0x0863, 0x0863, 0x0863,
  0x0863, 0x0863, 0x0863, 0x0863, 0x0863, 0x0863, 0x0863, 0x0863, 0x0863, 0x0863, 0x0863, 0x0863,
  0x0863, 0x0863, 0x0863, 0x0863, 0x0863, 0x0883, 0x0022, 0x62AF, 0xAC9A, 0xA438, 0xA459, 0xA459,
  0x9C59, 0x9C59, 0x9C59, 0x9C59, 0x9C5A, 0x9C5A, 0x9C5A, 0x9C5A, 0x9C5A, 0x9C5A, 0x945A, 0x945A,
  0x943A, 0x9C7C, 0x31AA, 0x0022, 0x0883, 0x0863, 0x0863, 0x0863, 0x0863, 0x0863, 0x0863, 0x0863,
  0x0863, 0x0863, 0x0863, 0x0863, 0x0863, 0x0863, 0x0863, 0x0863, 0x0863, 0x0863, 0x0863, 0x0863,
  0x0863, 0x0863, 0x0863, 0x0863, 0x0863, 0x0863, 0x0863, 0x0863, 0x0863, 0x0863, 0x0863, 0x0863,
  0x0863, 0x0863, 0x0863, 0x0863, 0x0863, 0x0863, 0x0863, 0x0863, 0x0863, 0x0863, 0x0863, 0x0863,
  0x0863, 0x0863, 0x0863, 0x0863, 0x0863, 0x0863, 0x0863, 0x0863, 0x0863, 0x0863, 0x0863, 0x0863,
  0x0863, 0x0863, 0x0863, 0x0863, 0x0863, 0x0863, 0x0863, 0x0863, 0x0863, 0x0863, 0x0863, 0x0863,
  0x0863, 0x0863, 0x0863, 0x0863, 0x0863, 0x0863, 0x0863, 0x0863, 0x0863, 0x0863, 0x0863, 0x0863,
  0x0863, 0x0863, 0x0863, 0x0863, 0x0863, 0x0863, 0x0863, 0x0863, 0x0863, 0x0863, 0x0863, 0x0863,
  0x0863, 0x0863, 0x0863, 0x0863, 0x0863, 0x0863, 0x0863, 0x0863, 0x0863, 0x0863, 0x0863, 0x0863,
  0x0863, 0x0863, 0x0863, 0x0863, 0x0863, 0x0863, 0x0863, 0x0863, 0x0863, 0x0863, 0x0863, 0x0863,
  0x0863, 0x0863, 0x0863, 0x0863, 0x0863, 0x0863, 0x0863, 0x0863, 0x0863, 0x0863, 0x0863, 0x0863,
  0x0863, 0x0863, 0x0863, 0x0863, 0x0863, 0x0863, 0x0863, 0x0863, 0x0863, 0x0863, 0x0863, 0x0863,
  0x0863, 0x0863, 0x0863, 0x0863, 0x0863, 0x0863, 0x0863, 0x0863, 0x0863, 0x0863, 0x0863, 0x0863,
  0x0863, 0x0863, 0x0863, 0x0863, 0x0863, 0x0863, 0x0863, 0x0863, 0x0863, 0x0863, 0x0863, 0x0863,
  0x0863, 0x0863, 0x0863, 0x0863, 0x0863, 0x0863, 0x0863, 0x0863, 0x0863, 0x0863, 0x0863, 0x0863,
  0x0863, 0x0863, 0x0863, 0x0863, 0x0863, 0x0863, 0x0863, 0x0863, 0x0863, 0x0863, 0x0863, 0x0863,
  0x0863, 0x0863, 0x0863, 0x0863, 0x0863, 0x0863, 0x0863, 0x0863, 0x0863, 0x0863, 0x0863, 0x0863,
  0x0863, 0x0863, 0x0863, 0x0863, 0x0863, 0x0863, 0x0863, 0x0863, 0x0863, 0x0863, 0x0863, 0x0863,
  0x0863, 0x0863, 0x0863, 0x0863, 0x0863, 0x0883, 0x0042, 0x3189, 0xAC79, 0xA439, 0xA459, 0xA459,
  0x9C59, 0x9C59, 0x9C59, 0x9C59, 0x9C5A, 0x9C5A, 0x9C5A, 0x9C5A, 0x9C5A, 0x9C5A, 0x945A, 0x943A,
  0x9C9C, 0x62F2, 0x0042, 0x0883, 0x0863, 0x0863, 0x0863, 0x0863, 0x0863, 0x0863, 0x0863, 0x0863,
  0x0863, 0x0863, 0x0863, 0x0863, 0x0863, 0x0863, 0x0863, 0x0863, 0x0863, 0x0863, 0x0863, 0x0863,
  0x0863, 0x0863, 0x0863, 0x0863, 0x0863, 0x0863, 0x0863, 0x0863, 0x0863, 0x0863, 0x0863, 0x0863,
  0x0863, 0x0863, 0x0863, 0x0863, 0x0863, 0x0863, 0x0863, 0x0863, 0x0863, 0x0863, 0x0863, 0x0863,
  0x0863, 0x0863, 0x0863, 0x0863, 0x0863, 0x0863, 0x0863, 0x0863, 0x0863, 0x0863, 0x0863, 0x0863,
  0x0863, 0x0863, 0x0863, 0x0863, 0x0863, 0x0863, 0x0863, 0x0863, 0x0863, 0x0863, 0x0863, 0x0863,
  0x0863, 0x0863, 0x0863, 0x0863, 0x0863, 0x0863, 0x0863, 0x0863, 0x0863, 0x0863, 0x0863, 0x0863,
  0x0863, 0x0863, 0x0863, 0x0863, 0x0863, 0x0863, 0x0863, 0x0863, 0x0863, 0x0863, 0x0863, 0x0863,
  0x0863, 0x0863, 0x0863, 0x0863, 0x0863, 0x0863, 0x0863, 0x0863, 0x0863, 0x0863, 0x0863, 0x0863,
  0x0863, 0x0863, 0x0863, 0x0863, 0x0863, 0x0863, 0x0863, 0x0863, 0x0863, 0x0863, 0x0863, 0x0863,
  0x0863, 0x0863, 0x0863, 0x0863, 0x0863, 0x0863, 0x0863, 0x0863, 0x0863, 0x0863, 0x0863, 0x0863,
  0x0863, 0x0863, 0x0863, 0x0863, 0x0863, 0x0863, 0x0863, 0x0863, 0x0863, 0x0863, 0x0863, 0x0863,
  0x0863, 0x0863, 0x0863, 0x0863, 0x0863, 0x0863, 0x0863, 0x0863, 0x0863, 0x0863, 0x0863, 0x0863,
  0x0863, 0x0863, 0x0863, 0x0863, 0x0863, 0x0863, 0x0863, 0x0863, 0x0863, 0x0863, 0x0863, 0x0863,
  0x0863, 0x0863, 0x0863, 0x0863, 0x0863, 0x0863, 0x0863, 0x0863, 0x0863, 0x0863, 0x0863, 0x0863,
  0x0863, 0x0863, 0x0863, 0x0863, 0x0863, 0x0863, 0x0863, 0x0863, 0x0863, 0x0863, 0x0863, 0x0863,
  0x0863, 0x0863, 0x0863, 0x0863, 0x0863, 0x0863, 0x0863, 0x0863, 0x0863, 0x0863, 0x0863, 0x0863,
  0x0863, 0x0863, 0x0863, 0x0863, 0x0863, 0x0863, 0x0863, 0x0863, 0x0863, 0x0863, 0x0863, 0x0863,
  0x0863, 0x0863, 0x0863, 0x0863, 0x0863, 0x0863, 0x0863, 0x10A4, 0x9BF7, 0xA459, 0xA459, 0xA459,
  0x9C59, 0x9C59, 0x9C59, 0x9C59, 0x9C5A, 0x9C5A, 0x9C5A, 0x9C5A, 0x9C5A, 0x9C5A, 0x945A, 0x9C7B,
  0x8BF8, 0x10A5, 0x0863, 0x0883, 0x0863, 0x0863, 0x0863, 0x0863, 0x0863, 0x0863, 0x0863, 0x0863,
  0x0863, 0x0863, 0x0863, 0x0863, 0x0863, 0x0863, 0x0863, 0x0863, 0x0863, 0x0863, 0x0863, 0x0863,
  0x0863, 0x0863, 0x0863, 0x0863, 0x0863, 0x0863, 0x0863, 0x0863, 0x0863, 0x0863, 0x0863, 0x0863,
  0x0863, 0x0863, 0x0863, 0x0863, 0x0863, 0x0863, 0x0863, 0x0863, 0x0863, 0x0863, 0x0863, 0x0863,
  0x0863, 0x0863, 0x0863, 0x0863, 0x0863, 0x0863, 0x0863, 0x0863, 0x0863, 0x0863, 0x0863, 0x0863,
  0x0863, 0x0863, 0x0863, 0x0863, 0x0863, 0x0863, 0x0863, 0x0863, 0x0863, 0x0863, 0x0863, 0x0863,
  0x0863, 0x0863, 0x0863, 0x0863, 0x0863, 0x0863, 0x0863, 0x0863, 0x0863, 0x0863, 0x0863, 0x0863,
  0x0863, 0x0863, 0x0863, 0x0863, 0x0863, 0x0863, 0x0863, 0x0863, 0x0863, 0x0863, 0x0863, 0x0863,
  0x0863, 0x0863, 0x0863, 0x0863, 0x0863, 0x0863, 0x0863, 0x0863, 0x0863, 0x0863, 0x0863, 0x0863,
  0x0863, 0x0863, 0x0863, 0x0863, 0x0863, 0x0863, 0x0863, 0x0863, 0x0863, 0x0863, 0x0863, 0x0863,
  0x0863, 0x0863, 0x0863, 0x0863, 0x0863, 0x0863, 0x0863, 0x0863, 0x0863, 0x0863, 0x0863, 0x0863,
  0x0863, 0x0863, 0x0863, 0x0863, 0x0863, 0x0863, 0x0863, 0x0863, 0x0863, 0x0863, 0x0863, 0x0863,
  0x0863, 0x0863, 0x0863, 0x0863, 0x0863, 0x0863, 0x0863, 0x0863, 0x0863, 0x0863, 0x0863, 0x0863,
  0x0863, 0x0863, 0x0863, 0x0863, 0x0863, 0x0863, 0x0863, 0x0863, 0x0863, 0x0863, 0x0863, 0x0863,
  0x0863, 0x0863, 0x0863, 0x0863, 0x0863, 0x0863, 0x0863, 0x0863, 0x0863, 0x0863, 0x0863, 0x0863,
  0x0863, 0x0863, 0x0863, 0x0863, 0x0863, 0x0863, 0x0863, 0x0863, 0x0863, 0x0863, 0x0863, 0x0863,
  0x0863, 0x0863, 0x0863, 0x0863, 0x0863, 0x0863, 0x0863, 0x0863, 0x0863, 0x0863, 0x0863, 0x0863,
  0x0863, 0x0863, 0x0863, 0x0863, 0x0863, 0x0863, 0x0863, 0x0863, 0x0863, 0x0863, 0x0863, 0x0863,
  0x0863, 0x0863, 0x0863, 0x0863, 0x0863, 0x0863, 0x0883, 0x0042, 0x7B53, 0xAC7A, 0x9C39, 0xA459,
  0x9C59, 0x9C59, 0x9C59, 0x9C59, 0x9C5A, 0x9C5A, 0x9C5A, 0x9C5A, 0x9C5A, 0x9C5A, 0x943A, 0x9C9C,
  0x39CB, 0x0022, 0x0883, 0x0863, 0x0863, 0x0863, 0x0863, 0x0863, 0x0863, 0x0863, 0x0863, 0x0863,
  0x0863, 0x0863, 0x0863, 0x0863, 0x0863, 0x0863, 0x0863, 0x0863, 0x0863, 0x0863, 0x0863, 0x0863,
  0x0863, 0x0863, 0x0863, 0x0863, 0x0863, 0x0863, 0x0863, 0x0863, 0x0863, 0x0863, 0x0863, 0x0863,
  0x0863, 0x0863, 0x0863, 0x0863, 0x0863, 0x0863, 0x0863, 0x0863, 0x0863, 0x0863, 0x0863, 0x0863,
  0x0863, 0x0863, 0x0863, 0x0863, 0x0863, 0x0863, 0x0863, 0x0863, 0x0863, 0x0863, 0x0863, 0x0863,
  0x0863, 0x0863, 0x0863, 0x0863, 0x0863, 0x0863, 0x0863, 0x0863, 0x0863, 0x0863, 0x0863, 0x0863,
  0x0863, 0x0863, 0x0863, 0x0863, 0x0863, 0x0863, 0x0863, 0x0863, 0x0863, 0x0863, 0x0863, 0x0863,
  0x0863, 0x0863, 0x0863, 0x0863, 0x0863, 0x0863, 0x0863, 0x0863, 0x0863, 0x0863, 0x0863, 0x0863,
  0x0863, 0x0863, 0x0863, 0x0863, 0x0863, 0x0863, 0x0863, 0x0863, 0x0863, 0x0863, 0x0863, 0x0863,
  0x0863, 0x0863, 0x0863, 0x0863, 0x0863, 0x0863, 0x0863, 0x0863, 0x0863, 0x0863, 0x0863, 0x0863,
  0x0863, 0x0863, 0x0863, 0x0863, 0x0863, 0x0863, 0x0863, 0x0863, 0x0863, 0x0863, 0x0863, 0x0863,
  0x0863, 0x0863, 0x0863, 0x0863, 0x0863, 0x0863, 0x0863, 0x0863, 0x0863, 0x0863, 0x0863, 0x0863,
  0x0863, 0x0863, 0x0863, 0x0863, 0x0863, 0x0863, 0x0863, 0x0863, 0x0863, 0x0863, 0x0863, 0x0863,
  0x0863, 0x0863, 0x0863, 0x0863, 0x0863, 0x0863, 0x0863, 0x0863, 0x0863, 0x0863, 0x0863, 0x0863,
  0x0863, 0x0863, 0x0863, 0x0863, 0x0863, 0x0863, 0x0863, 0x0863, 0x0863, 0x0863, 0x0863, 0x0863,
  0x0863, 0x0863, 0x0863, 0x0863, 0x0863, 0x0863, 0x0863, 0x0863, 0x0863, 0x0863, 0x0863, 0x0863,
  0x0863, 0x0863, 0x0863, 0x0863, 0x0863, 0x0863, 0x0863, 0x0863, 0x0863, 0x0863, 0x0863, 0x0863,
  0x0863, 0x0863, 0x0863, 0x0863, 0x0863, 0x0863, 0x0863, 0x0863, 0x0863, 0x0863, 0x0863, 0x0863,
  0x0863, 0x0863, 0x0863, 0x0863, 0x0863, 0x0863, 0x0883, 0x0022, 0x5A6E, 0xAC9A, 0x9C39, 0xA459,
  0x9C59, 0x9C59, 0x9C59, 0x9C59, 0x9C5A, 0x9C5A, 0x9C5A, 0x9C5A, 0x9C5A, 0x943A, 0xA49C, 0x6B13,
  0x0042, 0x0883, 0x0863, 0x0863, 0x0863, 0x0863, 0x0863, 0x0863, 0x0863, 0x0863, 0x0863, 0x0863,
  0x0863, 0x0863, 0x0863, 0x0863, 0x0863, 0x0863, 0x0863, 0x0863, 0x0863, 0x0863, 0x0863, 0x0863,
  0x0863, 0x0863, 0x0863, 0x0863, 0x0863, 0x0863, 0x0863, 0x0863, 0x0863, 0x0863, 0x0863, 0x0863,
  0x0863, 0x0863, 0x0863, 0x0863, 0x0863, 0x0863, 0x0863, 0x0863, 0x0863, 0x0863, 0x0863, 0x0863,
  0x0863, 0x0863, 0x0863, 0x0863, 0x0863, 0x0863, 0x0863, 0x0863, 0x0863, 0x0863, 0x0863, 0x0863,
  0x0863, 0x0863, 0x0863, 0x0863, 0x0863, 0x0863, 0x0863, 0x0863, 0x0863, 0x0863, 0x0863, 0x0863,
  0x0863, 0x0863, 0x0863, 0x0863, 0x0863, 0x0863, 0x0863, 0x0863, 0x0863, 0x0863, 0x0863, 0x0863,
  0x0863, 0x0863, 0x0863, 0x0863, 0x0863, 0x0863, 0x0863, 0x0863, 0x0863, 0x0863, 0x0863, 0x0863,
  0x0863, 0x0863, 0x0863, 0x0863, 0x0863, 0x0863, 0x0863, 0x0863, 0x0863, 0x0863, 0x0863, 0x0863,
  0x0863, 0x0863, 0x0863, 0x0863, 0x0863, 0x0863, 0x0863, 0x0863, 0x0863, 0x0863, 0x0863, 0x0863,
  0x0863, 0x0863, 0x0863, 0x0863, 0x0863, 0x0863, 0x0863, 0x0863, 0x0863, 0x0863, 0x0863, 0x0863,
  0x0863, 0x0863, 0x0863, 0x0863, 0x0863, 0x0863, 0x0863, 0x0863, 0x0863, 0x0863, 0x0863, 0x0863,
  0x0863, 0x0863, 0x0863, 0x0863, 0x0863, 0x0863, 0x0863, 0x0863, 0x0863, 0x0863, 0x0863, 0x0863,
  0x0863, 0x0863, 0x0863, 0x0863, 0x0863, 0x0863, 0x0863, 0x0863, 0x0863, 0x0863, 0x0863, 0x0863,
  0x0863, 0x0863, 0x0863, 0x0863, 0x0863, 0x0863, 0x0863, 0x0863, 0x0863, 0x0863, 0x0863, 0x0863,
  0x0863, 0x0863, 0x0863, 0x0863, 0x0863, 0x0863, 0x0863, 0x0863, 0x0863, 0x0863, 0x0883, 0x0883,
  0x0883, 0x0863, 0x0863, 0x0863, 0x0863, 0x0863, 0x0863, 0x0863, 0x0863, 0x0863, 0x0863, 0x0863,
  0x0863, 0x0863, 0x0863, 0x0863, 0x0863, 0x0863, 0x0863, 0x0863, 0x0863, 0x0863, 0x0863, 0x0863,
  0x0863, 0x0863, 0x0863, 0x0863, 0x0863, 0x0863, 0x0883, 0x0022, 0x39CA, 0xAC7A, 0x9C39, 0xA459,
  0x9C59, 0x9C59, 0x9C59, 0x9C59, 0x9C5A, 0x9C5A, 0x9C5A, 0x9C5A, 0x9C5A, 0x9C5B, 0x8C19, 0x10C5,
  0x0863, 0x0883, 0x0863, 0x0863, 0x0863, 0x0863, 0x0863, 0x0863, 0x0863, 0x0863, 0x0863, 0x0863,
  0x0863, 0x0863, 0x0863, 0x0863, 0x0863, 0x0863, 0x0863, 0x0863, 0x0863, 0x0863, 0x0863, 0x0863,
  0x0863, 0x0863, 0x0863, 0x0863, 0x0863, 0x0863, 0x0863, 0x0863, 0x0863, 0x0863, 0x0863, 0x0863,
  0x0863, 0x0863, 0x0863, 0x0863, 0x0863, 0x0863, 0x0863, 0x0863, 0x0863, 0x0863, 0x0863, 0x0863,
  0x0863, 0x0863, 0x0863, 0x0863, 0x0863, 0x0863, 0x0863, 0x0863, 0x0863, 0x0863, 0x0863, 0x0863,
  0x0863, 0x0863, 0x0863, 0x0863, 0x0863, 0x0863, 0x0863, 0x0863, 0x0863, 0x0863, 0x0863, 0x0863,
  0x0863, 0x0863, 0x0863, 0x0863, 0x0863, 0x0863, 0x0863, 0x0863, 0x0863, 0x0863, 0x0863, 0x0863,
  0x0863, 0x0863, 0x0863, 0x0863, 0x0863, 0x0863, 0x0863, 0x0863, 0x0863, 0x0863, 0x0863, 0x0863,
  0x0863, 0x0863, 0x0863, 0x0863, 0x0863, 0x0863, 0x0863, 0x0863, 0x0863, 0x0863, 0x0863, 0x0863,
  0x0863, 0x0863, 0x0863, 0x0863, 0x0863, 0x0863, 0x0863, 0x0863, 0x0863, 0x0863, 0x0863, 0x0863,
  0x0863, 0x0863, 0x0863, 0x0863, 0x0863, 0x0863, 0x0863, 0x0863, 0x0863, 0x0863, 0x0863, 0x0863,
  0x0863, 0x0863, 0x0863, 0x0863, 0x0863, 0x0863, 0x0863, 0x0863, 0x0863, 0x0863, 0x0863, 0x0863,
  0x0863, 0x0863, 0x0863, 0x0863, 0x0863, 0x0863, 0x0863, 0x0863, 0x0863, 0x0863, 0x0863, 0x0863,
  0x0863, 0x0863, 0x0863, 0x0863, 0x0863, 0x0863, 0x0863, 0x0863, 0x0863, 0x0863, 0x0863, 0x0863,
  0x0863, 0x0863, 0x0863, 0x0863, 0x0863, 0x0863, 0x0863, 0x0863, 0x0863, 0x0863, 0x0863, 0x0863,
  0x0863, 0x0863, 0x0863, 0x0863, 0x0863, 0x0863, 0x0863, 0x0883, 0x0883, 0x0863, 0x0063, 0x0042,
  0x0022, 0x0863, 0x0863, 0x0863, 0x0863, 0x0863, 0x0863, 0x0863, 0x0863, 0x0863, 0x0863, 0x0863,
  0x0863, 0x0863, 0x0863, 0x0863, 0x0863, 0x0863, 0x0863, 0x0863, 0x0863, 0x0863, 0x0863, 0x0863,
  0x0863, 0x0863, 0x0863, 0x0863, 0x0863, 0x0863, 0x0883, 0x0042, 0x2927, 0xA459, 0xA459, 0xA459,
  0x9C59, 0x9C59, 0x9C59, 0x9C59, 0x9C5A, 0x9C5A, 0x9C5A, 0x9C5A, 0x943A, 0xA49B, 0x39CB, 0x0022,
  0x0883, 0x0863, 0x0863, 0x0863, 0x0863, 0x0863, 0x0863, 0x0863, 0x0863, 0x0863, 0x0863, 0x0863,
  0x0863, 0x0863, 0x0863, 0x0863, 0x0863, 0x0863, 0x0863, 0x0863, 0x0863, 0x0863, 0x0863, 0x0863,
  0x0863, 0x0863, 0x0863, 0x0863, 0x0863, 0x0863, 0x0863, 0x0863, 0x0863, 0x0863, 0x0863, 0x0863,
  0x0863, 0x0863, 0x0863, 0x0863, 0x0863, 0x0863, 0x0863, 0x0863, 0x0863, 0x0863, 0x0863, 0x0863,
  0x0863, 0x0863, 0x0863, 0x0863, 0x0863, 0x0863, 0x0863, 0x0863, 0x0863, 0x0863, 0x0863, 0x0863,
  0x0863, 0x0863, 0x0863, 0x0863, 0x0863, 0x0863, 0x0863, 0x0863, 0x0863, 0x0863, 0x0863, 0x0863,
  0x0863, 0x0863, 0x0863, 0x0863, 0x0863, 0x0863, 0x0863, 0x0863, 0x0863, 0x0863, 0x0863, 0x0863,
  0x0863, 0x0863, 0x0863, 0x0863, 0x0863, 0x0863, 0x0863, 0x0863, 0x0863, 0x0863, 0x0863, 0x0863,
  0x0863, 0x0863, 0x0863, 0x0863, 0x0863, 0x0863, 0x0863, 0x0863, 0x0863, 0x0863, 0x0863, 0x0863,
  0x0863, 0x0863, 0x0863, 0x0863, 0x0863, 0x0863, 0x0863, 0x0863, 0x0863, 0x0863, 0x0863, 0x0863,
  0x0863, 0x0863, 0x0863, 0x0863, 0x0863, 0x0863, 0x0863, 0x0863, 0x0863, 0x0863, 0x0863, 0x0863,
  0x0863, 0x0863, 0x0863, 0x0863, 0x0863, 0x0863, 0x0863, 0x0863, 0x0863, 0x0863, 0x0863, 0x0863,
  0x0863, 0x0863, 0x0863, 0x0863, 0x0863, 0x0863, 0x0863, 0x0863, 0x0863, 0x0863, 0x0863, 0x0863,
  0x0863, 0x0863, 0x0863, 0x0863, 0x0863, 0x0863, 0x0863, 0x0863, 0x0863, 0x0863, 0x0863, 0x0863,
  0x0863, 0x0863, 0x0863, 0x0863, 0x0863, 0x0863, 0x0863, 0x0863, 0x0863, 0x0863, 0x0863, 0x0863,
  0x0863, 0x0863, 0x0863, 0x0883, 0x0883, 0x0883, 0x0863, 0x0042, 0x0022, 0x0863, 0x20E5, 0x4188,
  0x82AC, 0x59E9, 0x0042, 0x0883, 0x0863, 0x0863, 0x0863, 0x0863, 0x0863, 0x0863, 0x0863, 0x0863,
  0x0863, 0x0863, 0x0863, 0x0863, 0x0863, 0x0863, 0x0863, 0x0863, 0x0863, 0x0863, 0x0863, 0x0863,
  0x0863, 0x0863, 0x0863, 0x0863, 0x0863, 0x0863, 0x0883, 0x0863, 0x18C5, 0x9C18, 0xA459, 0xA459,
  0x9C59, 0x9C59, 0x9C59, 0x9C59, 0x9C5A, 0x9C5A, 0x9C5A, 0x9439, 0xA49C, 0x62F2, 0x0042, 0x0883,
  0x0863, 0x0863, 0x0863, 0x0863, 0x0863, 0x0863, 0x0863, 0x0863, 0x0863, 0x0863, 0x0863, 0x0863,
  0x0863, 0x0863, 0x0863, 0x0863, 0x0863, 0x0863, 0x0863, 0x0863, 0x0863, 0x0863, 0x0863, 0x0863,
  0x0863, 0x0863, 0x0863, 0x0863, 0x0863, 0x0863, 0x0863, 0x0863, 0x0863, 0x0863, 0x0863, 0x0863,
  0x0863, 0x0863, 0x0863, 0x0863, 0x0863, 0x0863, 0x0863, 0x0863, 0x0863, 0x0863, 0x0863, 0x0863,
  0x0863, 0x0863, 0x0863, 0x0863, 0x0863, 0x0863, 0x0863, 0x0863, 0x0863, 0x0863, 0x0863, 0x0863,
  0x0863, 0x0863, 0x0863, 0x0863, 0x0863, 0x0863, 0x0863, 0x0863, 0x0863, 0x0863, 0x0863, 0x0863,
  0x0863, 0x0863, 0x0863, 0x0863, 0x0863, 0x0863, 0x0863, 0x0863, 0x0863, 0x0863, 0x0863, 0x0863,
  0x0863, 0x0863, 0x0863, 0x0863, 0x0863, 0x0863, 0x0863, 0x0863, 0x0863, 0x0863, 0x0863, 0x0863,
  0x0863, 0x0863, 0x0863, 0x0863, 0x0863, 0x0863, 0x0863, 0x0863, 0x0863, 0x0863, 0x0863, 0x0863,
  0x0863, 0x0863, 0x0863, 0x0863, 0x0863, 0x0863, 0x0863, 0x0863, 0x0863, 0x0863, 0x0863, 0x0863,
  0x0863, 0x0863, 0x0863, 0x0863, 0x0863, 0x0863, 0x0863, 0x0863, 0x0863, 0x0863, 0x0863, 0x0863,
  0x0863, 0x0863, 0x0863, 0x0863, 0x0863, 0x0863, 0x0863, 0x0863, 0x0863, 0x0863, 0x0863, 0x0863,
  0x0863, 0x0863, 0x0863, 0x0863, 0x0863, 0x0863, 0x0863, 0x0863, 0x0863, 0x0863, 0x0863, 0x0863,
  0x0863, 0x0863, 0x0863, 0x0863, 0x0863, 0x0863, 0x0863, 0x0863, 0x0863, 0x0863, 0x0863, 0x0863,
  0x0863, 0x0863, 0x0863, 0x0863, 0x0863, 0x0863, 0x0863, 0x0863, 0x0863, 0x0863, 0x0863, 0x0863,
  0x0863, 0x0883, 0x0883, 0x0063, 0x0042, 0x0042, 0x10A4, 0x3966, 0x724A, 0xA34E, 0xC3F1, 0xCC32,
  0xDC73, 0x49A8, 0x0042, 0x0883, 0x0863, 0x0863, 0x0863, 0x0863, 0x0863, 0x0863, 0x0863, 0x0863,
  0x0863, 0x0863, 0x0863, 0x0863, 0x0863, 0x0863, 0x0863, 0x0863, 0x0863, 0x0863, 0x0863, 0x0863,
  0x0863, 0x0863, 0x0863, 0x0863, 0x0863, 0x0863, 0x0863, 0x0863, 0x10A4, 0x93D6, 0xA459, 0x9C39,
  0x9C59, 0x9C59, 0x9C59, 0x9C59, 0x9C5A, 0x9C5A, 0x9C5A, 0x9C7A, 0x8BF8, 0x10A5, 0x0863, 0x0883,
  0x0863, 0x0863, 0x0863, 0x0863, 0x0863, 0x0863, 0x0863, 0x0863, 0x0863, 0x0863, 0x0863, 0x0863,
  0x0863, 0x0863, 0x0863, 0x0863, 0x0863, 0x0863, 0x0863, 0x0863, 0x0863, 0x0863, 0x0863, 0x0863,
  0x0863, 0x0863, 0x0863, 0x0863, 0x0863, 0x0863, 0x0863, 0x0863, 0x0863, 0x0863, 0x0863, 0x0863,
  0x0863, 0x0863, 0x0863, 0x0863, 0x0863, 0x0863, 0x0863, 0x0863, 0x0863, 0x0863, 0x0863, 0x0863,
  0x0863, 0x0863, 0x0863, 0x0863, 0x0863, 0x0863, 0x0863, 0x0863, 0x0863, 0x0863, 0x0863, 0x0863,
  0x0863, 0x0863, 0x0863, 0x0863, 0x0863, 0x0863, 0x0863, 0x0863, 0x0863, 0x0863, 0x0863, 0x0863,
  0x0863, 0x0863, 0x0863, 0x0863, 0x0863, 0x0863, 0x0863, 0x0863, 0x0863, 0x0863, 0x0863, 0x0863,
  0x0863, 0x0863, 0x0863, 0x0863, 0x0863, 0x0863, 0x0863, 0x0863, 0x0863, 0x0863, 0x0863, 0x0863,
  0x0863, 0x0863, 0x0863, 0x0863, 0x0863, 0x0863, 0x0863, 0x0863, 0x0863, 0x0863, 0x0863, 0x0863,
  0x0863, 0x0863, 0x0863, 0x0863, 0x0863, 0x0863, 0x0863, 0x0863, 0x0863, 0x0863, 0x0863, 0x0863,
  0x0863, 0x0863, 0x0863, 0x0863, 0x0863, 0x0863, 0x0863, 0x0863, 0x0863, 0x0863, 0x0863, 0x0863,
  0x0863, 0x0863, 0x0863, 0x0863, 0x0863, 0x0863, 0x0863, 0x0863, 0x0863, 0x0863, 0x0863, 0x0863,
  0x0863, 0x0863, 0x0863, 0x0863, 0x0863, 0x0863, 0x0863, 0x0863, 0x0863, 0x0863, 0x0863, 0x0863,
  0x0863, 0x0863, 0x0863, 0x0863, 0x0863, 0x0863, 0x0863, 0x0863, 0x0863, 0x0863, 0x0863, 0x0863,
  0x0863, 0x0863, 0x0863, 0x0863, 0x0863, 0x0863, 0x0863, 0x0863, 0x0863, 0x0863, 0x0883, 0x0883,
  0x0863, 0x0042, 0x0042, 0x18C4, 0x49A7, 0x8AAB, 0xBBAF, 0xD411, 0xD431, 0xD431, 0xC411, 0xC3F1,
  0xBBD1, 0x18C5, 0x0063, 0x0883, 0x0863, 0x0863, 0x0863, 0x0863, 0x0863, 0x0863, 0x0863, 0x0863,
  0x0863, 0x0863, 0x0863, 0x0863, 0x0863, 0x0863, 0x0863, 0x0863, 0x0863, 0x0863, 0x0863, 0x0863,
  0x0863, 0x0863, 0x0863, 0x0863, 0x0863, 0x0863, 0x0863, 0x0863, 0x0883, 0x8B95, 0xA47A, 0x9C39,
  0x9C59, 0x9C59, 0x9C59, 0x9C59, 0x9C5A, 0x9C5A, 0x9C5A, 0xA47B, 0x31AA, 0x0022, 0x0883, 0x0863,
  0x0863, 0x0863, 0x0863, 0x0863, 0x0863, 0x0863, 0x0863, 0x0863, 0x0863, 0x0863, 0x0863, 0x0863,
  0x0863, 0x0863, 0x0863, 0x0863, 0x0863, 0x0863, 0x0863, 0x0863, 0x0863, 0x0863, 0x0863, 0x0863,
  0x0863, 0x0863, 0x0863, 0x0863, 0x0863, 0x0863, 0x0863, 0x0863, 0x0863, 0x0863, 0x0863, 0x0863,
  0x0863, 0x0863, 0x0863, 0x0863, 0x0863, 0x0863, 0x0863, 0x0863, 0x0863, 0x0863, 0x0863, 0x0863,
  0x0863, 0x0863, 0x0863, 0x0863, 0x0863, 0x0863, 0x0863, 0x0863, 0x0863, 0x0863, 0x0863, 0x0863,
  0x0863, 0x0863, 0x0863, 0x0863, 0x0863, 0x0863, 0x0863, 0x0863, 0x0863, 0x0863, 0x0863, 0x0863,
  0x0863, 0x0863, 0x0863, 0x0863, 0x0863, 0x0863, 0x0863, 0x0863, 0x0863, 0x0863, 0x0863, 0x0863,
  0x0863, 0x0863, 0x0863, 0x0863, 0x0863, 0x0863, 0x0863, 0x0863, 0x0863, 0x0863, 0x0863, 0x0863,
  0x0863, 0x0863, 0x0863, 0x0863, 0x0863, 0x0863, 0x0863, 0x0863, 0x0863, 0x0863, 0x0863, 0x0863,
  0x0863, 0x0863, 0x0863, 0x0863, 0x0863, 0x0863, 0x0863, 0x0863, 0x0863, 0x0863, 0x0863, 0x0863,
  0x0863, 0x0863, 0x0863, 0x0863, 0x0863, 0x0863, 0x0863, 0x0863, 0x0863, 0x0863, 0x0863, 0x0863,
  0x0863, 0x0863, 0x0863, 0x0863, 0x0863, 0x0863, 0x0863, 0x0863, 0x0863, 0x0863, 0x0863, 0x0863,
  0x0863, 0x0863, 0x0863, 0x0863, 0x0863, 0x0863, 0x0863, 0x0863, 0x0863, 0x0863, 0x0863, 0x0863,
  0x0863, 0x0863, 0x0863, 0x0863, 0x0863, 0x0863, 0x0863, 0x0863, 0x0863, 0x0863, 0x0863, 0x0863,
  0x0863, 0x0863, 0x0863, 0x0863, 0x0863, 0x0863, 0x0863, 0x0883, 0x0883, 0x0863, 0x0042, 0x0042,
  0x18A4, 0x49A7, 0x92CB, 0xC3AF, 0xDC30, 0xDC30, 0xCC10, 0xCBF0, 0xC3F0, 0xC3F0, 0xC3F1, 0xCC32,
  0x9B4E, 0x0063, 0x0863, 0x0863, 0x0863, 0x0863, 0x0863, 0x0863, 0x0863, 0x0863, 0x0863, 0x0863,
  0x0863, 0x0863, 0x0863, 0x0863, 0x0863, 0x0863, 0x0863, 0x0863, 0x0863, 0x0863, 0x0863, 0x0863,
  0x0863, 0x0863, 0x0863, 0x0863, 0x0863, 0x0863, 0x0863, 0x0863, 0x0863, 0x8374, 0xAC7A, 0x9C39,
  0x9C59, 0x9C59, 0x9C59, 0x9C59, 0x9C5A, 0x9C39, 0xA49B, 0x62D1, 0x0022, 0x0883, 0x0863, 0x0863,
  0x0863, 0x0863, 0x0863, 0x0863, 0x0863, 0x0863, 0x0863, 0x0863, 0x0863, 0x0863, 0x0863, 0x0863,
  0x0863, 0x0863, 0x0863, 0x0863, 0x0863, 0x0863, 0x0863, 0x0863, 0x0863, 0x0863, 0x0863, 0x0863,
  0x0863, 0x0863, 0x0863, 0x0863, 0x0863, 0x0863, 0x0863, 0x0863, 0x0863, 0x0863, 0x0863, 0x0863,
  0x0863, 0x0863, 0x0863, 0x0863, 0x0863, 0x0863, 0x0863, 0x0863, 0x0863, 0x0863, 0x0863, 0x0863,
  0x0863, 0x0863, 0x0863, 0x0863, 0x0863, 0x0863, 0x0863, 0x0863, 0x0863, 0x0863, 0x0863, 0x0863,
  0x0863, 0x0863, 0x0863, 0x0863, 0x0863, 0x0863, 0x0863, 0x0863, 0x0863, 0x0863, 0x0863, 0x0863,
  0x0863, 0x0863, 0x0863, 0x0863, 0x0863, 0x0863, 0x0863, 0x0863, 0x0863, 0x0863, 0x0863, 0x0863,
  0x0863, 0x0863, 0x0863, 0x0863, 0x0863, 0x0863, 0x0863, 0x0863, 0x0863, 0x0863, 0x0863, 0x0863,
  0x0863, 0x0863, 0x0863, 0x0863, 0x0863, 0x0863, 0x0863, 0x0863, 0x0863, 0x0863, 0x0863, 0x0863,
  0x0863, 0x0863, 0x0863, 0x0863, 0x0863, 0x0863, 0x0863, 0x0863, 0x0863, 0x0863, 0x0863, 0x0863,
  0x0863, 0x0863, 0x0863, 0x0863, 0x0863, 0x0863, 0x0863, 0x0863, 0x0863, 0x0863, 0x0863, 0x0863,
  0x0863, 0x0863, 0x0863, 0x0863, 0x0863, 0x0863, 0x0863, 0x0863, 0x0863, 0x0863, 0x0863, 0x0863,
  0x0863, 0x0863, 0x0863, 0x0863, 0x0863, 0x0863, 0x0863, 0x0863, 0x0863, 0x0863, 0x0863, 0x0863,
  0x0863, 0x0863, 0x0863, 0x0863, 0x0863, 0x0863, 0x0863, 0x0863, 0x0863, 0x0863, 0x0863, 0x0863,
  0x0863, 0x0863, 0x0863, 0x0863, 0x0863, 0x0883, 0x0883, 0x0063, 0x0022, 0x0863, 0x3966, 0x82AA,
  0xC3AE, 0xDC30, 0xDC30, 0xD40F, 0xCBEF, 0xCBF0, 0xCBF0, 0xCBF0, 0xCBF0, 0xCBF1, 0xC3F1, 0xD432,
  0x726B, 0x0022, 0x0883, 0x0863, 0x0863, 0x0863, 0x0863, 0x0863, 0x0863, 0x0863, 0x0863, 0x0863,
  0x0863, 0x0863, 0x0863, 0x0863, 0x0863, 0x0863, 0x0863, 0x0863, 0x0863, 0x0863, 0x0863, 0x0863,
  0x0863, 0x0863, 0x0863, 0x0863, 0x0863, 0x0863, 0x0863, 0x0883, 0x0063, 0x8374, 0xAC7A, 0x9C39,
  0x9C59, 0x9C59, 0x9C59, 0x9C59, 0x9C59, 0xA47A, 0x8BD7, 0x1084, 0x0863, 0x0883, 0x0863, 0x0863,
  0x0863, 0x0863, 0x0863, 0x0863, 0x0863, 0x0863, 0x0863, 0x0863, 0x0863, 0x0863, 0x0863, 0x0863,
  0x0863, 0x0863, 0x0863, 0x0863, 0x0863, 0x0863, 0x0863, 0x0863, 0x0863, 0x0863, 0x0863, 0x0863,
  0x0863, 0x0863, 0x0863, 0x0863, 0x0863, 0x0863, 0x0863, 0x0863, 0x0863, 0x0863, 0x0863, 0x0863,
  0x0863, 0x0863, 0x0863, 0x0863, 0x0863, 0x0863, 0x0863, 0x0863, 0x0863, 0x0863, 0x0863, 0x0863,
  0x0863, 0x0863, 0x0863, 0x0863, 0x0863, 0x0863, 0x0863, 0x0863, 0x0863, 0x0863, 0x0863, 0x0863,
  0x0863, 0x0863, 0x0863, 0x0863, 0x0863, 0x0863, 0x0863, 0x0863, 0x0863, 0x0863, 0x0863, 0x0863,
  0x0863, 0x0863, 0x0863, 0x0863, 0x0863, 0x0863, 0x0863, 0x0863, 0x0863, 0x0863, 0x0863, 0x0863,
  0x0863, 0x0863, 0x0863, 0x0863, 0x0863, 0x0863, 0x0863, 0x0863, 0x0863, 0x0863, 0x0863, 0x0863,
  0x0863, 0x0863, 0x0863, 0x0863, 0x0863, 0x0863, 0x0863, 0x0863, 0x0863, 0x0863, 0x0863, 0x0863,
  0x0863, 0x0863, 0x0863, 0x0863, 0x0863, 0x0863, 0x0863, 0x0863, 0x0863, 0x0863, 0x0863, 0x0863,
  0x0863, 0x0863, 0x0863, 0x0863, 0x0863, 0x0863, 0x0863, 0x0863, 0x0863, 0x0863, 0x0863, 0x0863,
  0x0863, 0x0863, 0x0863, 0x0863, 0x0863, 0x0863, 0x0863, 0x0863, 0x0863, 0x0863, 0x0863, 0x0863,
  0x0863, 0x0863, 0x0863, 0x0863, 0x0863, 0x0863, 0x0863, 0x0863, 0x0863, 0x0863, 0x0863, 0x0863,
  0x0863, 0x0863, 0x0863, 0x0863, 0x0863, 0x0863, 0x0863, 0x0863, 0x0863, 0x0863, 0x0863, 0x0863,
  0x0863, 0x0863, 0x0863, 0x0883, 0x0883, 0x0043, 0x0042, 0x20E4, 0x6A28, 0xB34C, 0xDC0F, 0xDC2F,
  0xD3EF, 0xCBEF, 0xCBEF, 0xCBEF, 0xCBEF, 0xCBF0, 0xCBF0, 0xCBF0, 0xCBF0, 0xCBF1, 0xC3F1, 0xCC32,
  0x3967, 0x0042, 0x0883, 0x0863, 0x0863, 0x0863, 0x0863, 0x0863, 0x0863, 0x0863, 0x0863, 0x0863,
  0x0863, 0x0863, 0x0863, 0x0863, 0x0863, 0x0863, 0x0863, 0x0863, 0x0863, 0x0863, 0x0863, 0x0863,
  0x0863, 0x0863, 0x0863, 0x0863, 0x0863, 0x0863, 0x0863, 0x0883, 0x0063, 0x8374, 0xAC7A, 0x9C39,
  0x9C59, 0x9C59, 0x9C59, 0x9C59, 0x9C59, 0x9C7A, 0x2969, 0x0042, 0x0883, 0x0863, 0x0863, 0x0863,
  0x0863, 0x0863, 0x0863, 0x0863, 0x0863, 0x0863, 0x0863, 0x0863, 0x0863, 0x0863, 0x0863, 0x0863,
  0x0863, 0x0863, 0x0863, 0x0863, 0x0863, 0x0863, 0x0863, 0x0863, 0x0863, 0x0863, 0x0863, 0x0863,
  0x0863, 0x0863, 0x0863, 0x0863, 0x0863, 0x0863, 0x0863, 0x0863, 0x0863, 0x0863, 0x0863, 0x0863,
  0x0863, 0x0863, 0x0863, 0x0863, 0x0863, 0x0863, 0x0863, 0x0863, 0x0863, 0x0863, 0x0863, 0x0863,
  0x0863, 0x0863, 0x0863, 0x0863, 0x0863, 0x0863, 0x0863, 0x0863, 0x0863, 0x0863, 0x0863, 0x0863,
  0x0863, 0x0863, 0x0863, 0x0863, 0x0863, 0x0863, 0x0863, 0x0863, 0x0863, 0x0863, 0x0863, 0x0863,
  0x0863, 0x0863, 0x0863, 0x0863, 0x0863, 0x0863, 0x0863, 0x0863, 0x0863, 0x0863, 0x0863, 0x0863,
  0x0863, 0x0863, 0x0863, 0x0863, 0x0863, 0x0863, 0x0863, 0x0863, 0x0863, 0x0863, 0x0863, 0x0863,
  0x0863, 0x0863, 0x0863, 0x0863, 0x0863, 0x0863, 0x0863, 0x0863, 0x0863, 0x0863, 0x0863, 0x0863,
  0x0863, 0x0863, 0x0863, 0x0863, 0x0863, 0x0863, 0x0863, 0x0863, 0x0863, 0x0863, 0x0863, 0x0863,
  0x0863, 0x0863, 0x0863, 0x0863, 0x0863, 0x0863, 0x0863, 0x0863, 0x0863, 0x0863, 0x0863, 0x0863,
  0x0863, 0x0863, 0x0863, 0x0863, 0x0863, 0x0863, 0x0863, 0x0863, 0x0863, 0x0863, 0x0863, 0x0863,
  0x0863, 0x0863, 0x0863, 0x0863, 0x0863, 0x0863, 0x0863, 0x0863, 0x0863, 0x0863, 0x0863, 0x0863,
  0x0863, 0x0863, 0x0863, 0x0863, 0x0863, 0x0863, 0x0863, 0x0863, 0x0863, 0x0863, 0x0863, 0x0863,
  0x0863, 0x0883, 0x0863, 0x0042, 0x0063, 0x3946, 0x8AAA, 0xCBCE, 0xDC2F, 0xDC0E, 0xCBEE, 0xCBCE,
  0xCBEF, 0xD3EF, 0xCBEF, 0xCBEF, 0xCBEF, 0xCBF0, 0xCBF0, 0xCBF0, 0xCBF0, 0xC3F1, 0xCC11, 0xB3B0,
  0x10A4, 0x0863, 0x0863, 0x0863, 0x0863, 0x0863, 0x0863, 0x0863, 0x0863, 0x0863, 0x0863, 0x0863,
  0x0863, 0x0863, 0x0863, 0x0863, 0x0863, 0x0863, 0x0863, 0x0863, 0x0863, 0x0863, 0x0863, 0x0863,
  0x0863, 0x0863, 0x0863, 0x0863, 0x0863, 0x0863, 0x0863, 0x0863, 0x0863, 0x8395, 0xA47A, 0x9C39,
  0x9C59, 0x9C59, 0x9C59, 0x9C39, 0xA49B, 0x526F, 0x0021, 0x0883, 0x0863, 0x0863, 0x0863, 0x0863,
  0x0863, 0x0863, 0x0863, 0x0863, 0x0863, 0x0863, 0x0863, 0x0863, 0x0863, 0x0863, 0x0863, 0x0863,
  0x0863, 0x0863, 0x0863, 0x0863, 0x0863, 0x0863, 0x0863, 0x0863, 0x0863, 0x0863, 0x0863, 0x0863,
  0x0863, 0x0863, 0x0863, 0x0863, 0x0863, 0x0863, 0x0863, 0x0863, 0x0863, 0x0863, 0x0863, 0x0863,
  0x0863, 0x0863, 0x0863, 0x0863, 0x0863, 0x0863, 0x0863, 0x0863, 0x0863, 0x0863, 0x0863, 0x0863,
  0x0863, 0x0863, 0x0863, 0x0863, 0x0863, 0x0863, 0x0863, 0x0863, 0x0863, 0x0863, 0x0863, 0x0863,
  0x0863, 0x0863, 0x0863, 0x0863, 0x0863, 0x0863, 0x0863, 0x0863, 0x0863, 0x0863, 0x0863, 0x0863,
  0x0863, 0x0863, 0x0863, 0x0863, 0x0863, 0x0863, 0x0863, 0x0863, 0x0863, 0x0863, 0x0863, 0x0863,
  0x0863, 0x0863, 0x0863, 0x0863, 0x0863, 0x0863, 0x0863, 0x0863, 0x0863, 0x0863, 0x0863, 0x0863,
  0x0863, 0x0863, 0x0863, 0x0863, 0x0863, 0x0863, 0x0863, 0x0863, 0x0863, 0x0863, 0x0863, 0x0863,
  0x0863, 0x0863, 0x0863, 0x0863, 0x0863, 0x0863, 0x0863, 0x0863, 0x0863, 0x0863, 0x0863, 0x0863,
  0x0863, 0x0863, 0x0863, 0x0863, 0x0863, 0x0863, 0x0863, 0x0863, 0x0863, 0x0863, 0x0863, 0x0863,
  0x0863, 0x0863, 0x0863, 0x0863, 0x0863, 0x0863, 0x0863, 0x0863, 0x0863, 0x0863, 0x0863, 0x0863,
  0x0863, 0x0863, 0x0863, 0x0863, 0x0863, 0x0863, 0x0863, 0x0863, 0x0863, 0x0863, 0x0863, 0x0863,
  0x0863, 0x0863, 0x0863, 0x0863, 0x0863, 0x0863, 0x0863, 0x0863, 0x0863, 0x0863, 0x0863, 0x0883,
  0x0863, 0x0022, 0x0883, 0x51A7, 0xAB2B, 0xDC0E, 0xDC2E, 0xD3EE, 0xCBCE, 0xCBEE, 0xD3EE, 0xD3EE,
  0xD3EF, 0xD3EF, 0xCBEF, 0xCBEF, 0xCBEF, 0xCBF0, 0xCBF0, 0xCBF0, 0xCBF0, 0xC3F0, 0xD432, 0x8ACD,
  0x0042, 0x0883, 0x0863, 0x0863, 0x0863, 0x0863, 0x0863, 0x0863, 0x0863, 0x0863, 0x0863, 0x0863,
  0x0863, 0x0863, 0x0863, 0x0863, 0x0863, 0x0863, 0x0863, 0x0863, 0x0863, 0x0863, 0x0863, 0x0863,
  0x0863, 0x0863, 0x0863, 0x0863, 0x0863, 0x0863, 0x0863, 0x0863, 0x0883, 0x8BB6, 0xA47A, 0x9C39,
  0x9C59, 0x9C59, 0x9C39, 0xA47B, 0x7B95, 0x0863, 0x0863, 0x0863, 0x0863, 0x0863, 0x0863, 0x0863,
  0x0863, 0x0863, 0x0863, 0x0863, 0x0863, 0x0863, 0x0863, 0x0863, 0x0863, 0x0863, 0x0863, 0x0863,
  0x0863, 0x0863, 0x0863, 0x0863, 0x0863, 0x0863, 0x0863, 0x0863, 0x0863, 0x0863, 0x0863, 0x0863,
  0x0863, 0x0863, 0x0863, 0x0863, 0x0863, 0x0863, 0x0863, 0x0863, 0x0863, 0x0863, 0x0863, 0x0863,
  0x0863, 0x0863, 0x0863, 0x0863, 0x0863, 0x0863, 0x0863, 0x0863, 0x0863, 0x0863, 0x0863, 0x0863,
  0x0863, 0x0863, 0x0863, 0x0863, 0x0863, 0x0863, 0x0863, 0x0863, 0x0863, 0x0863, 0x0863, 0x0863,
  0x0863, 0x0863, 0x0863, 0x0863, 0x0863, 0x0863, 0x0863, 0x0863, 0x0863, 0x0863, 0x0863, 0x0863,
  0x0863, 0x0863, 0x0863, 0x0863, 0x0863, 0x0863, 0x0863, 0x0863, 0x0863, 0x0863, 0x0863, 0x0863,
  0x0863, 0x0863, 0x0863, 0x0863, 0x0863, 0x0863, 0x0863, 0x0863, 0x0863, 0x0863, 0x0863, 0x0863,
  0x0863, 0x0863, 0x0863, 0x0863, 0x0863, 0x0863, 0x0863, 0x0863, 0x0863, 0x0863, 0x0863, 0x0863,
  0x0863, 0x0863, 0x0863, 0x0863, 0x0863, 0x0863, 0x0863, 0x0863, 0x0863, 0x0863, 0x0863, 0x0863,
  0x0863, 0x0863, 0x0863, 0x0863, 0x0863, 0x0863, 0x0863, 0x0863, 0x0863, 0x0863, 0x0863, 0x0863,
  0x0863, 0x0863, 0x0863, 0x0863, 0x0863, 0x0863, 0x0863, 0x0863, 0x0863, 0x0863, 0x0863, 0x0863,
  0x0863, 0x0863, 0x0863, 0x0863, 0x0863, 0x0863, 0x0863, 0x0863, 0x0863, 0x0863, 0x0863, 0x0863,
  0x0863, 0x0863, 0x0863, 0x0863, 0x0863, 0x0863, 0x0863, 0x0863, 0x0863, 0x0883, 0x0863, 0x0022,
  0x10A4, 0x61E7, 0xB36B, 0xDC2E, 0xDC0E, 0xD3ED, 0xCBCD, 0xD3EE, 0xD3EE, 0xD3EE, 0xD3EE, 0xD3EE,
  0xD3EF, 0xD3EF, 0xCBEF, 0xCBEF, 0xCBEF, 0xCBF0, 0xCBF0, 0xCBF0, 0xCBF0, 0xC3F0, 0xD432, 0x51C8,
  0x0042, 0x0883, 0x0863, 0x0863, 0x0863, 0x0863, 0x0863, 0x0863, 0x0863, 0x0863, 0x0863, 0x0863,
  0x0863, 0x0863, 0x0863, 0x0863, 0x0863, 0x0863, 0x0863, 0x0863, 0x0863, 0x0863, 0x0863, 0x0863,
  0x0863, 0x0863, 0x0863, 0x0863, 0x0863, 0x0863, 0x0883, 0x0863, 0x10A4, 0x93F7, 0xA459, 0x9C39,
  0x9C59, 0x9C39, 0x9C5A, 0x9C39, 0x2106, 0x0042, 0x0883, 0x0863, 0x0863, 0x0863, 0x0863, 0x0863,
  0x0863, 0x0863, 0x0863, 0x0863, 0x0863, 0x0863, 0x0863, 0x0863, 0x0863, 0x0863, 0x0863, 0x0863,
  0x0863, 0x0863, 0x0863, 0x0863, 0x0863, 0x0863, 0x0863, 0x0863, 0x0863, 0x0863, 0x0863, 0x0863,
  0x0863, 0x0863, 0x0863, 0x0863, 0x0863, 0x0863, 0x0863, 0x0863, 0x0863, 0x0863, 0x0863, 0x0863,
  0x0863, 0x0863, 0x0863, 0x0863, 0x0863, 0x0863, 0x0863, 0x0863, 0x0863, 0x0863, 0x0863, 0x0863,
  0x0863, 0x0863, 0x0863, 0x0863, 0x0863, 0x0863, 0x0863, 0x0863, 0x0863, 0x0863, 0x0863, 0x0863,
  0x0863, 0x0863, 0x0863, 0x0863, 0x0863, 0x0863, 0x0863, 0x0863, 0x0863, 0x0863, 0x0863, 0x0863,
  0x0863, 0x0863, 0x0863, 0x0863, 0x0863, 0x0863, 0x0863, 0x0863, 0x0863, 0x0863, 0x0863, 0x0863,
  0x0863, 0x0863, 0x0863, 0x0863, 0x0863, 0x0863, 0x0863, 0x0863, 0x0863, 0x0863, 0x0863, 0x0863,
  0x0863, 0x0863, 0x0863, 0x0863, 0x0863, 0x0863, 0x0863, 0x0863, 0x0863, 0x0863, 0x0863, 0x0863,
  0x0863, 0x0863, 0x0863, 0x0863, 0x0863, 0x0863, 0x0863, 0x0863, 0x0863, 0x0863, 0x0863, 0x0863,
  0x0863, 0x0863, 0x0863, 0x0863, 0x0863, 0x0863, 0x0863, 0x0863, 0x0863, 0x0863, 0x0863, 0x0863,
  0x0863, 0x0863, 0x0863, 0x0863, 0x0863, 0x0863, 0x0863, 0x0863, 0x0863, 0x0863, 0x0863, 0x0863,
  0x0863, 0x0863, 0x0863, 0x0863, 0x0863, 0x0863, 0x0863, 0x0863, 0x0863, 0x0863, 0x0863, 0x0863,
  0x0863, 0x0863, 0x0863, 0x0863, 0x0863, 0x0863, 0x0863, 0x0883, 0x0863, 0x0022, 0x10A3, 0x6207,
  0xBB8C, 0xE42D, 0xDC0D, 0xCBED, 0xD3ED, 0xD3ED, 0xD3EE, 0xD3EE, 0xD3EE, 0xD3EE, 0xD3EE, 0xD3EE,
  0xD3EF, 0xD3EF, 0xCBEF, 0xCBEF, 0xCBEF, 0xCBF0, 0xCBF0, 0xCBF0, 0xCBF0, 0xCC11, 0xBBD0, 0x18C5,
  0x0063, 0x0883, 0x0863, 0x0863, 0x0863, 0x0863, 0x0863, 0x0863, 0x0863, 0x0863, 0x0863, 0x0863,
  0x0863, 0x0863, 0x0863, 0x0863, 0x0863, 0x0863, 0x0863, 0x0863, 0x0863, 0x0863, 0x0863, 0x0863,
  0x0863, 0x0863, 0x0863, 0x0863, 0x0863, 0x0863, 0x0883, 0x0042, 0x2106, 0xA438, 0xA459, 0xA459,
  0x9C59, 0x9C39, 0xA49B, 0x41EC, 0x0021, 0x0883, 0x0863, 0x0863, 0x0863, 0x0863, 0x0863, 0x0863,
  0x0863, 0x0863, 0x0863, 0x0863, 0x0863, 0x0863, 0x0863, 0x0863, 0x0863, 0x0863, 0x0863, 0x0863,
  0x0863, 0x0863, 0x0863, 0x0863, 0x0863, 0x0863, 0x0863, 0x0863, 0x0863, 0x0863, 0x0863, 0x0863,
  0x0863, 0x0863, 0x0863, 0x0863, 0x0863, 0x0863, 0x0863, 0x0863, 0x0863, 0x0863, 0x0863, 0x0863,
  0x0863, 0x0863, 0x0863, 0x0863, 0x0863, 0x0863, 0x0863, 0x0863, 0x0863, 0x0863, 0x0863, 0x0863,
  0x0863, 0x0863, 0x0863, 0x0863, 0x0863, 0x0863, 0x0863, 0x0863, 0x0863, 0x0863, 0x0863, 0x0863,
  0x0863, 0x0863, 0x0863, 0x0863, 0x0863, 0x0863, 0x0863, 0x0863, 0x0863, 0x0863, 0x0863, 0x0863,
  0x0863, 0x0863, 0x0863, 0x0863, 0x0863, 0x0863, 0x0863, 0x0863, 0x0863, 0x0863, 0x0863, 0x0863,
  0x0863, 0x0863, 0x0863, 0x0863, 0x0863, 0x0863, 0x0863, 0x0863, 0x0863, 0x0863, 0x0863, 0x0863,
  0x0863, 0x0863, 0x0863, 0x0863, 0x0863, 0x0863, 0x0863, 0x0863, 0x0863, 0x0863, 0x0863, 0x0863,
  0x0863, 0x0863, 0x0863, 0x0863, 0x0863, 0x0863, 0x0863, 0x0863, 0x0863, 0x0863, 0x0863, 0x0863,
  0x0863, 0x0863, 0x0863, 0x0863, 0x0863, 0x0863, 0x0863, 0x0863, 0x0863, 0x0863, 0x0863, 0x0863,
  0x0863, 0x0863, 0x0863, 0x0863, 0x0863, 0x0863, 0x0863, 0x0863, 0x0863, 0x0863, 0x0863, 0x0863,
  0x0863, 0x0863, 0x0863, 0x0863, 0x0863, 0x0863, 0x0863, 0x0863, 0x0863, 0x0863, 0x0863, 0x0863,
  0x0863, 0x0863, 0x0863, 0x0863, 0x0863, 0x0883, 0x0863, 0x0043, 0x1083, 0x6207, 0xBB8B, 0xE42D,
  0xD40D, 0xCBCD, 0xD3ED, 0xD3ED, 0xD3ED, 0xD3ED, 0xD3EE, 0xD3EE, 0xD3EE, 0xD3EE, 0xD3EE, 0xD3EE,
  0xD3EF, 0xD3EF, 0xCBEF, 0xCBEF, 0xCBEF, 0xCBF0, 0xCBF0, 0xCBF0, 0xC3F0, 0xD431, 0x930D, 0x0042,
  0x0883, 0x0863, 0x0863, 0x0863, 0x0863, 0x0863, 0x0863, 0x0863, 0x0863, 0x0863, 0x0863, 0x0863,
  0x0863, 0x0863, 0x0863, 0x0863, 0x0863, 0x0863, 0x0863, 0x0863, 0x0863, 0x0863, 0x0863, 0x0863,
  0x0863, 0x0863, 0x0863, 0x0863, 0x0863, 0x0863, 0x0883, 0x0042, 0x3169, 0xAC7A, 0xA439, 0xA459,
  0x9C39, 0xAC9B, 0x6B12, 0x0042, 0x0883, 0x0863, 0x0863, 0x0863, 0x0863, 0x0863, 0x0863, 0x0863,
  0x0863, 0x0863, 0x0863, 0x0863, 0x0863, 0x0863, 0x0863, 0x0863, 0x0863, 0x0863, 0x0863, 0x0863,
  0x0863, 0x0863, 0x0863, 0x0863, 0x0863, 0x0863, 0x0863, 0x0863, 0x0863, 0x0863, 0x0863, 0x0863,
  0x0863, 0x0863, 0x0863, 0x0863, 0x0863, 0x0863, 0x0863, 0x0863, 0x0863, 0x0863, 0x0863, 0x0863,
  0x0863, 0x0863, 0x0863, 0x0863, 0x0863, 0x0863, 0x0863, 0x0863, 0x0863, 0x0863, 0x0863, 0x0863,
  0x0863, 0x0863, 0x0863, 0x0863, 0x0863, 0x0863, 0x0863, 0x0863, 0x0863, 0x0863, 0x0863, 0x0863,
  0x0863, 0x0863, 0x0863, 0x0863, 0x0863, 0x0863, 0x0863, 0x0863, 0x0863, 0x0863, 0x0863, 0x0863,
  0x0863, 0x0863, 0x0863, 0x0863, 0x0863, 0x0863, 0x0863, 0x0863, 0x0863, 0x0863, 0x0863, 0x0863,
  0x0863, 0x0863, 0x0863, 0x0863, 0x0863, 0x0863, 0x0863, 0x0863, 0x0863, 0x0863, 0x0863, 0x0863,
  0x0863, 0x0863, 0x0863, 0x0863, 0x0863, 0x0863, 0x0863, 0x0863, 0x0863, 0x0863, 0x0863, 0x0863,
  0x0863, 0x0863, 0x0863, 0x0863, 0x0863, 0x0863, 0x0863, 0x0863, 0x0863, 0x0863, 0x0863, 0x0863,
  0x0863, 0x0863, 0x0863, 0x0863, 0x0863, 0x0863, 0x0863, 0x0863, 0x0863, 0x0863, 0x0863, 0x0863,
  0x0863, 0x0863, 0x0863, 0x0863, 0x0863, 0x0863, 0x0863, 0x0863, 0x0863, 0x0863, 0x0863, 0x0863,
  0x0863, 0x0863, 0x0863, 0x0863, 0x0863, 0x0863, 0x0863, 0x0863, 0x0863, 0x0863, 0x0863, 0x0863,
  0x0863, 0x0863, 0x0863, 0x0883, 0x0883, 0x0043, 0x0863, 0x51C6, 0xBB6B, 0xE42D, 0xDC0C, 0xD3CC,
  0xD3ED, 0xD3ED, 0xD3ED, 0xD3ED, 0xD3ED, 0xD3ED, 0xD3EE, 0xD3EE, 0xD3EE, 0xD3EE, 0xD3EE, 0xD3EE,
  0xD3EF, 0xD3EF, 0xCBEF, 0xCBEF, 0xCBEF, 0xCBF0, 0xCBF0, 0xCBF0, 0xC3F0, 0xD432, 0x51E9, 0x0022,
  0x0883, 0x0863, 0x0863, 0x0863, 0x0863, 0x0863, 0x0863, 0x0863, 0x0863, 0x0863, 0x0863, 0x0863,
  0x0863, 0x0863, 0x0863, 0x0863, 0x0863, 0x0863, 0x0863, 0x0863, 0x0863, 0x0863, 0x0863, 0x0863,
  0x0863, 0x0863, 0x0863, 0x0863, 0x0863, 0x0863, 0x0883, 0x0022, 0x4A0C, 0xAC9A, 0x9C39, 0x9C39,
  0xA47A, 0x8BD7, 0x10A4, 0x0863, 0x0883, 0x0863, 0x0863, 0x0863, 0x0863, 0x0863, 0x0863, 0x0863,
  0x0863, 0x0863, 0x0863, 0x0863, 0x0863, 0x0863, 0x0863, 0x0863, 0x0863, 0x0863, 0x0863, 0x0863,
  0x0863, 0x0863, 0x0863, 0x0863, 0x0863, 0x0863, 0x0863, 0x0863, 0x0863, 0x0863, 0x0863, 0x0863,
  0x0863, 0x0863, 0x0863, 0x0863, 0x0863, 0x0863, 0x0863, 0x0863, 0x0863, 0x0863, 0x0863, 0x0863,
  0x0863, 0x0863, 0x0863, 0x0863, 0x0863, 0x0863, 0x0863, 0x0863, 0x0863, 0x0863, 0x0863, 0x0863,
  0x0863, 0x0863, 0x0863, 0x0863, 0x0863, 0x0863, 0x0863, 0x0863, 0x0863, 0x0863, 0x0863, 0x0863,
  0x0863, 0x0863, 0x0863, 0x0863, 0x0863, 0x0863, 0x0863, 0x0863, 0x0863, 0x0863, 0x0863, 0x0863,
  0x0863, 0x0863, 0x0863, 0x0863, 0x0863, 0x0863, 0x0863, 0x0863, 0x0863, 0x0863, 0x0863, 0x0863,
  0x0863, 0x0863, 0x0863, 0x0863, 0x0863, 0x0863, 0x0863, 0x0863, 0x0863, 0x0863, 0x0863, 0x0863,
  0x0863, 0x0863, 0x0863, 0x0863, 0x0863, 0x0863, 0x0863, 0x0863, 0x0863, 0x0863, 0x0863, 0x0863,
  0x0863, 0x0863, 0x0863, 0x0863, 0x0863, 0x0863, 0x0863, 0x0863, 0x0863, 0x0863, 0x0863, 0x0863,
  0x0863, 0x0863, 0x0863, 0x0863, 0x0863, 0x0863, 0x0863, 0x0863, 0x0863, 0x0863, 0x0863, 0x0863,
  0x0863, 0x0863, 0x0863, 0x0863, 0x0863, 0x0863, 0x0863, 0x0863, 0x0863, 0x0863, 0x0863, 0x0863,
  0x0863, 0x0863, 0x0863, 0x0863, 0x0863, 0x0863, 0x0863, 0x0863, 0x0863, 0x0863, 0x0863, 0x0863,
  0x0863, 0x0863, 0x0883, 0x0043, 0x0043, 0x4165, 0xAB4A, 0xE42C, 0xDC0C, 0xD3CC, 0xD3EC, 0xD3EC,
  0xD3ED, 0xD3ED, 0xD3ED, 0xD3ED, 0xD3ED, 0xD3ED, 0xD3EE, 0xD3EE, 0xD3EE, 0xD3EE, 0xD3EE, 0xD3EE,
  0xD3EF, 0xD3EF, 0xCBEF, 0xCBEF, 0xCBEF, 0xCBF0, 0xCBF0, 0xCBF0, 0xCC11, 0xC3D0, 0x18C4, 0x0063,
  0x0883, 0x0863, 0x0863, 0x0863, 0x0863, 0x0863, 0x0863, 0x0863, 0x0863, 0x0863, 0x0863, 0x0863,
  0x0863, 0x0863, 0x0863, 0x0863, 0x0863, 0x0863, 0x0863, 0x0863, 0x0863, 0x0863, 0x0863, 0x0863,
  0x0863, 0x0863, 0x0863, 0x0863, 0x0863, 0x0863, 0x0883, 0x0022, 0x6AD1, 0xAC9A, 0x9C39, 0xA459,
  0xA45A, 0x2948, 0x0042, 0x0883, 0x0863, 0x0863, 0x0863, 0x0863, 0x0863, 0x0863, 0x0863, 0x0863,
  0x0863, 0x0863, 0x0863, 0x0863, 0x0863, 0x0863, 0x0863, 0x0863, 0x0863, 0x0863, 0x0863, 0x0863,
  0x0863, 0x0863, 0x0863, 0x0863, 0x0863, 0x0863, 0x0863, 0x0863, 0x0863, 0x0863, 0x0863, 0x0863,
  0x0863, 0x0863, 0x0863, 0x0863, 0x0863, 0x0863, 0x0863, 0x0863, 0x0863, 0x0863, 0x0863, 0x0863,
  0x0863, 0x0863, 0x0863, 0x0863, 0x0863, 0x0863, 0x0863, 0x0863, 0x0863, 0x0863, 0x0863, 0x0863,
  0x0863, 0x0863, 0x0863, 0x0863, 0x0863, 0x0863, 0x0863, 0x0863, 0x0863, 0x0863, 0x0863, 0x0863,
  0x0863, 0x0863, 0x0863, 0x0863, 0x0863, 0x0863, 0x0863, 0x0863, 0x0863, 0x0863, 0x0863, 0x0863,
  0x0863, 0x0863, 0x0863, 0x0863, 0x0863, 0x0863, 0x0863, 0x0863, 0x0863, 0x0863, 0x0863, 0x0863,
  0x0863, 0x0863, 0x0863, 0x0863, 0x0863, 0x0863, 0x0863, 0x0863, 0x0863, 0x0863, 0x0863, 0x0863,
  0x0863, 0x0863, 0x0863, 0x0863, 0x0863, 0x0863, 0x0863, 0x0863, 0x0863, 0x0863, 0x0863, 0x0863,
  0x0863, 0x0863, 0x0863, 0x0863, 0x0863, 0x0863, 0x0863, 0x0863, 0x0863, 0x0863, 0x0863, 0x0863,
  0x0863, 0x0863, 0x0863, 0x0863, 0x0863, 0x0863, 0x0863, 0x0863, 0x0863, 0x0863, 0x0863, 0x0863,
  0x0863, 0x0863, 0x0863, 0x0863, 0x0863, 0x0863, 0x0863, 0x0863, 0x0863, 0x0863, 0x0863, 0x0863,
  0x0863, 0x0863, 0x0863, 0x0863, 0x0863, 0x0863, 0x0863, 0x0863, 0x0863, 0x0863, 0x0863, 0x0863,
  0x0883, 0x0863, 0x0023, 0x20E4, 0x92C8, 0xDC0C, 0xDC0C, 0xD3CC, 0xD3EC, 0xD3EC, 0xD3EC, 0xD3EC,
  0xD3ED, 0xD3ED, 0xD3ED, 0xD3ED, 0xD3ED, 0xD3ED, 0xD3EE, 0xD3EE, 0xD3EE, 0xD3EE, 0xD3EE, 0xD3EE,
  0xD3EF, 0xD3EF, 0xCBEF, 0xCBEF, 0xCBEF, 0xCBF0, 0xCBF0, 0xC3F0, 0xD431, 0x8AEC, 0x0042, 0x0883,
  0x0863, 0x0863, 0x0863, 0x0863, 0x0863, 0x0863, 0x0863, 0x0863, 0x0863, 0x0863, 0x0863, 0x0863,
  0x0863, 0x0863, 0x0863, 0x0863, 0x0863, 0x0863, 0x0863, 0x0863, 0x0863, 0x0863, 0x0863, 0x0863,
  0x0863, 0x0863, 0x0863, 0x0863, 0x0863, 0x0863, 0x0863, 0x0863, 0x8BB5, 0xAC7A, 0x9C38, 0xAC9B,
  0x524E, 0x0021, 0x0883, 0x0863, 0x0863, 0x0863, 0x0863, 0x0863, 0x0863, 0x0863, 0x0863, 0x0863,
  0x0863, 0x0863, 0x0863, 0x0863, 0x0863, 0x0863, 0x0863, 0x0863, 0x0863, 0x0863, 0x0863, 0x0863,
  0x0863, 0x0863, 0x0863, 0x0863, 0x0863, 0x0863, 0x0863, 0x0863, 0x0863, 0x0863, 0x0863, 0x0863,
  0x0863, 0x0863, 0x0863, 0x0863, 0x0863, 0x0863, 0x0863, 0x0863, 0x0863, 0x0863, 0x0863, 0x0863,
  0x0863, 0x0863, 0x0863, 0x0863, 0x0863, 0x0863, 0x0863, 0x0863, 0x0863, 0x0863, 0x0863, 0x0863,
  0x0863, 0x0863, 0x0863, 0x0863, 0x0863, 0x0863, 0x0863, 0x0863, 0x0863, 0x0863, 0x0863, 0x0863,
  0x0863, 0x0863, 0x0863, 0x0863, 0x0863, 0x0863, 0x0863, 0x0863, 0x0863, 0x0863, 0x0863, 0x0863,
  0x0863, 0x0863, 0x0863, 0x0863, 0x0863, 0x0863, 0x0863, 0x0863, 0x0863, 0x0863, 0x0863, 0x0863,
  0x0863, 0x0863, 0x0863, 0x0863, 0x0863, 0x0863, 0x0863, 0x0863, 0x0863, 0x0863, 0x0863, 0x0863,
  0x0863, 0x0863, 0x0863, 0x0863, 0x0863, 0x0863, 0x0863, 0x0863, 0x0863, 0x0863, 0x0863, 0x0863,
  0x0863, 0x0863, 0x0863, 0x0863, 0x0863, 0x0863, 0x0863, 0x0863, 0x0863, 0x0863, 0x0863, 0x0863,
  0x0863, 0x0863, 0x0863, 0x0863, 0x0863, 0x0863, 0x0863, 0x0863, 0x0863, 0x0863, 0x0863, 0x0863,
  0x0863, 0x0863, 0x0863, 0x0863, 0x0863, 0x0863, 0x0863, 0x0863, 0x0863, 0x0863, 0x0863, 0x0863,
  0x0863, 0x0863, 0x0863, 0x0863, 0x0863, 0x0863, 0x0863, 0x0863, 0x0863, 0x0863, 0x0883, 0x0883,
  0x0043, 0x0883, 0x7227, 0xD3CB, 0xE42C, 0xD3EB, 0xD3EB, 0xD3EC, 0xD3EC, 0xD3EC, 0xD3EC, 0xD3EC,
  0xD3ED, 0xD3ED, 0xD3ED, 0xD3ED, 0xD3ED, 0xD3ED, 0xD3EE, 0xD3EE, 0xD3EE, 0xD3EE, 0xD3EE, 0xD3EE,
  0xD3EF, 0xD3EF, 0xCBEF, 0xCBEF, 0xCBEF, 0xCBF0, 0xCBF0, 0xC3F0, 0xD431, 0x49A8, 0x0042, 0x0883,
  0x0863, 0x0863, 0x0863, 0x0863, 0x0863, 0x0863, 0x0863, 0x0863, 0x0863, 0x0863, 0x0863, 0x0863,
  0x0863, 0x0863, 0x0863, 0x0863, 0x0863, 0x0863, 0x0863, 0x0863, 0x0863, 0x0863, 0x0863, 0x0863,
  0x0863, 0x0863, 0x0863, 0x0863, 0x0863, 0x0883, 0x0042, 0x2107, 0xA458, 0xA438, 0xAC7A, 0x7333,
  0x0042, 0x0883, 0x0863, 0x0863, 0x0863, 0x0863, 0x0863, 0x0863, 0x0863, 0x0863, 0x0863, 0x0863,
  0x0863, 0x0863, 0x0863, 0x0863, 0x0863, 0x0863, 0x0863, 0x0863, 0x0863, 0x0863, 0x0863, 0x0863,
  0x0863, 0x0863, 0x0863, 0x0863, 0x0863, 0x0863, 0x0863, 0x0863, 0x0863, 0x0863, 0x0863, 0x0863,
  0x0863, 0x0863, 0x0863, 0x0863, 0x0863, 0x0863, 0x0863, 0x0863, 0x0863, 0x0863, 0x0863, 0x0863,
  0x0863, 0x0863, 0x0863, 0x0863, 0x0863, 0x0863, 0x0863, 0x0863, 0x0863, 0x0863, 0x0863, 0x0863,
  0x0863, 0x0863, 0x0863, 0x0863, 0x0863, 0x0863, 0x0863, 0x0863, 0x0863, 0x0863, 0x0863, 0x0863,
  0x0863, 0x0863, 0x0863, 0x0863, 0x0863, 0x0863, 0x0863, 0x0863, 0x0863, 0x0863, 0x0863, 0x0863,
  0x0863, 0x0863, 0x0863, 0x0863, 0x0863, 0x0863, 0x0863, 0x0863, 0x0863, 0x0863, 0x0863, 0x0863,
  0x0863, 0x0863, 0x0863, 0x0863, 0x0863, 0x0863, 0x0863, 0x0863, 0x0863, 0x0863, 0x0863, 0x0863,
  0x0863, 0x0863, 0x0863, 0x0863, 0x0863, 0x0863, 0x0863, 0x0863, 0x0863, 0x0863, 0x0863, 0x0863,
  0x0863, 0x0863, 0x0863, 0x0863, 0x0863, 0x0863, 0x0863, 0x0863, 0x0863, 0x0863, 0x0863, 0x0863,
  0x0863, 0x0863, 0x0863, 0x0863, 0x0863, 0x0863, 0x0863, 0x0863, 0x0863, 0x0863, 0x0863, 0x0863,
  0x0863, 0x0863, 0x0863, 0x0863, 0x0863, 0x0863, 0x0863, 0x0863, 0x0863, 0x0863, 0x0863, 0x0863,
  0x0863, 0x0863, 0x0863, 0x0863, 0x0863, 0x0863, 0x0863, 0x0863, 0x0863, 0x0883, 0x0863, 0x0043,
  0x3945, 0xB349, 0xE42B, 0xD3EB, 0xD3CB, 0xD3EB, 0xD3EB, 0xD3EC, 0xD3EC, 0xD3EC, 0xD3EC, 0xD3EC,
  0xD3ED, 0xD3ED, 0xD3ED, 0xD3ED, 0xD3ED, 0xD3ED, 0xD3EE, 0xD3EE, 0xD3EE, 0xD3EE, 0xD3EE, 0xD3EE,
  0xD3EF, 0xD3EF, 0xCBEF, 0xCBEF, 0xCBEF, 0xCBF0, 0xCBF0, 0xCC10, 0xB3AF, 0x10A4, 0x0863, 0x0863,
  0x0863, 0x0863, 0x0863, 0x0863, 0x0863, 0x0863, 0x0863, 0x0863, 0x0863, 0x0863, 0x0863, 0x0863,
  0x0863, 0x0863, 0x0863, 0x0863, 0x0863, 0x0863, 0x0863, 0x0863, 0x0863, 0x0863, 0x0863, 0x0863,
  0x0863, 0x0863, 0x0863, 0x0863, 0x0863, 0x0883, 0x0022, 0x4A0C, 0xAC7A, 0xA459, 0x93F7, 0x10A5,
  0x0863, 0x0883, 0x0863, 0x0863, 0x0863, 0x0863, 0x0863, 0x0863, 0x0863, 0x0863, 0x0863, 0x0863,
  0x0863, 0x0863, 0x0863, 0x0863, 0x0863, 0x0863, 0x0863, 0x0863, 0x0863, 0x0863, 0x0863, 0x0863,
  0x0863, 0x0863, 0x0863, 0x0863, 0x0863, 0x0863, 0x0863, 0x0863, 0x0863, 0x0863, 0x0863, 0x0863,
  0x0863, 0x0863, 0x0863, 0x0863, 0x0863, 0x0863, 0x0863, 0x0863, 0x0863, 0x0863, 0x0863, 0x0863,
  0x0863, 0x0863, 0x0863, 0x0863, 0x0863, 0x0863, 0x0863, 0x0863, 0x0863, 0x0863, 0x0863, 0x0863,
  0x0863, 0x0863, 0x0863, 0x0863, 0x0863, 0x0863, 0x0863, 0x0863, 0x0863, 0x0863, 0x0863, 0x0863,
  0x0863, 0x0863, 0x0863, 0x0863, 0x0863, 0x0863, 0x0863, 0x0863, 0x0863, 0x0863, 0x0863, 0x0863,
  0x0863, 0x0863, 0x0863, 0x0863, 0x0863, 0x0863, 0x0863, 0x0863, 0x0863, 0x0863, 0x0863, 0x0863,
  0x0863, 0x0863, 0x0863, 0x0863, 0x0863, 0x0863, 0x0863, 0x0863, 0x0863, 0x0863, 0x0863, 0x0863,
  0x0863, 0x0863, 0x0863, 0x0863, 0x0863, 0x0863, 0x0863, 0x0863, 0x0863, 0x0863, 0x0863, 0x0863,
  0x0863, 0x0863, 0x0863, 0x0863, 0x0863, 0x0863, 0x0863, 0x0863, 0x0863, 0x0863, 0x0863, 0x0863,
  0x0863, 0x0863, 0x0863, 0x0863, 0x0863, 0x0863, 0x0863, 0x0863, 0x0863, 0x0863, 0x0863, 0x0863,
  0x0863, 0x0863, 0x0863, 0x0863, 0x0863, 0x0863, 0x0863, 0x0863, 0x0863, 0x0863, 0x0863, 0x0863,
  0x0863, 0x0863, 0x0863, 0x0863, 0x0863, 0x0863, 0x0863, 0x0863, 0x0883, 0x0043, 0x10A3, 0x8287,
  0xDC0B, 0xDC0B, 0xD3CB, 0xD3EB, 0xD3EB, 0xD3EB, 0xD3EB, 0xD3EC, 0xD3EC, 0xD3EC, 0xD3EC, 0xD3EC,
  0xD3ED, 0xD3ED, 0xD3ED, 0xD3ED, 0xD3ED, 0xD3ED, 0xD3EE, 0xD3EE, 0xD3EE, 0xD3EE, 0xD3EE, 0xD3EE,
  0xD3EF, 0xD3EF, 0xCBEF, 0xCBEF, 0xCBEF, 0xCBF0, 0xCBF0, 0xD431, 0x726B, 0x0022, 0x0883, 0x0863,
  0x0863, 0x0863, 0x0863, 0x0863, 0x0863, 0x0863, 0x0863, 0x0863, 0x0863, 0x0863, 0x0863, 0x0863,
  0x0863, 0x0863, 0x0863, 0x0863, 0x0863, 0x0863, 0x0863, 0x0863, 0x0863, 0x0863, 0x0863, 0x0863,
  0x0863, 0x0863, 0x0863, 0x0863, 0x0863, 0x0883, 0x0042, 0x7B53, 0xAC7A, 0xA459, 0x3168, 0x0042,
  0x0883, 0x0863, 0x0863, 0x0863, 0x0863, 0x0863, 0x0863, 0x0863, 0x0863, 0x0863, 0x0863, 0x0863,
  0x0863, 0x0863, 0x0863, 0x0863, 0x0863, 0x0863, 0x0863, 0x0863, 0x0863, 0x0863, 0x0863, 0x0863,
  0x0863, 0x0863, 0x0863, 0x0863, 0x0863, 0x0863, 0x0863, 0x0863, 0x0863, 0x0863, 0x0863, 0x0863,
  0x0863, 0x0863, 0x0863, 0x0863, 0x0863, 0x0863, 0x0863, 0x0863, 0x0863, 0x0863, 0x0863, 0x0863,
  0x0863, 0x0863, 0x0863, 0x0863, 0x0863, 0x0863, 0x0863, 0x0863, 0x0863, 0x0863, 0x0863, 0x0863,
  0x0863, 0x0863, 0x0863, 0x0863, 0x0863, 0x0863, 0x0863, 0x0863, 0x0863, 0x0863, 0x0863, 0x0863,
  0x0863, 0x0863, 0x0863, 0x0863, 0x0863, 0x0863, 0x0863, 0x0863, 0x0863, 0x0863, 0x0863, 0x0863,
  0x0863, 0x0863, 0x0863, 0x0863, 0x0863, 0x0863, 0x0863, 0x0863, 0x0863, 0x0863, 0x0863, 0x0863,
  0x0863, 0x0863, 0x0863, 0x0863, 0x0863, 0x0863, 0x0863, 0x0863, 0x0863, 0x0863, 0x0863, 0x0863,
  0x0863, 0x0863, 0x0863, 0x0863, 0x0863, 0x0863, 0x0863, 0x0863, 0x0863, 0x0863, 0x0863, 0x0863,
  0x0863, 0x0863, 0x0863, 0x0863, 0x0863, 0x0863, 0x0863, 0x0863, 0x0863, 0x0863, 0x0863, 0x0863,
  0x0863, 0x0863, 0x0863, 0x0863, 0x0863, 0x0863, 0x0863, 0x0863, 0x0863, 0x0863, 0x0863, 0x0863,
  0x0863, 0x0863, 0x0863, 0x0863, 0x0863, 0x0863, 0x0863, 0x0863, 0x0863, 0x0863, 0x0863, 0x0863,
  0x0863, 0x0863, 0x0863, 0x0863, 0x0863, 0x0863, 0x0883, 0x0863, 0x0043, 0x4165, 0xBB89, 0xE42B,
  0xD3EA, 0xD3EA, 0xD3EB, 0xD3EB, 0xD3EB, 0xD3EB, 0xD3EB, 0xD3EC, 0xD3EC, 0xD3EC, 0xD3EC, 0xD3EC,
  0xD3ED, 0xD3ED, 0xD3ED, 0xD3ED, 0xD3ED, 0xD3ED, 0xD3EE, 0xD3EE, 0xD3EE, 0xD3EE, 0xD3EE, 0xD3EE,
  0xD3EF, 0xD3EF, 0xCBEF, 0xCBEF, 0xCBEF, 0xCBF0, 0xCBF0, 0xCC10, 0x3126, 0x0043, 0x0883, 0x0863,
  0x0863, 0x0863, 0x0863, 0x0863, 0x0863, 0x0863, 0x0863, 0x0863, 0x0863, 0x0863, 0x0863, 0x0863,
  0x0863, 0x0863, 0x0863, 0x0863, 0x0863, 0x0863, 0x0863, 0x0863, 0x0863, 0x0863, 0x0863, 0x0863,
  0x0863, 0x0863, 0x0863, 0x0863, 0x0883, 0x0042, 0x2927, 0xA438, 0xAC9A, 0x522D, 0x0021, 0x0883,
  0x0863, 0x0863, 0x0863, 0x0863, 0x0863, 0x0863, 0x0863, 0x0863, 0x0863, 0x0863, 0x0863, 0x0863,
  0x0863, 0x0863, 0x0863, 0x0863, 0x0863, 0x0863, 0x0863, 0x0863, 0x0863, 0x0863, 0x0863, 0x0863,
  0x0863, 0x0863, 0x0863, 0x0863, 0x0863, 0x0863, 0x0863, 0x0863, 0x0863, 0x0863, 0x0863, 0x0863,
  0x0863, 0x0863, 0x0863, 0x0863, 0x0863, 0x0863, 0x0863, 0x0863, 0x0863, 0x0863, 0x0863, 0x0863,
  0x0863, 0x0863, 0x0863, 0x0863, 0x0863, 0x0863, 0x0863, 0x0863, 0x0863, 0x0863, 0x0863, 0x0863,
  0x0863, 0x0863, 0x0863, 0x0863, 0x0863, 0x0863, 0x0863, 0x0863, 0x0863, 0x0863, 0x0863, 0x0863,
  0x0863, 0x0863, 0x0863, 0x0863, 0x0863, 0x0863, 0x0863, 0x0863, 0x0863, 0x0863, 0x0863, 0x0863,
  0x0863, 0x0863, 0x0863, 0x0863, 0x0863, 0x0863, 0x0863, 0x0863, 0x0863, 0x0863, 0x0863, 0x0863,
  0x0863, 0x0863, 0x0863, 0x0863, 0x0863, 0x0863, 0x0863, 0x0863, 0x0863, 0x0863, 0x0863, 0x0863,
  0x0863, 0x0863, 0x0863, 0x0863, 0x0863, 0x0863, 0x0863, 0x0863, 0x0863, 0x0863, 0x0863, 0x0863,
  0x0863, 0x0863, 0x0863, 0x0863, 0x0863, 0x0863, 0x0863, 0x0863, 0x0863, 0x0863, 0x0863, 0x0863,
  0x0863, 0x0863, 0x0863, 0x0863, 0x0863, 0x0863, 0x0863, 0x0863, 0x0863, 0x0863, 0x0863, 0x0863,
  0x0863, 0x0863, 0x0863, 0x0863, 0x0863, 0x0863, 0x0863, 0x0863, 0x0863, 0x0863, 0x0863, 0x0863,
  0x0863, 0x0863, 0x0863, 0x0863, 0x0863, 0x0883, 0x0043, 0x0883, 0x8267, 0xDC0A, 0xDBEA, 0xD3CA,
  0xD3EA, 0xD3EB, 0xD3EB, 0xD3EB, 0xD3EB, 0xD3EB, 0xD3EB, 0xD3EC, 0xD3EC, 0xD3EC, 0xD3EC, 0xD3EC,
  0xD3ED, 0xD3ED, 0xD3ED, 0xD3ED, 0xD3ED, 0xD3ED, 0xD3EE, 0xD3EE, 0xD3EE, 0xD3EE, 0xD3EE, 0xD3EE,
  0xD3EF, 0xD3EF, 0xCBEF, 0xCBEF, 0xCBEF, 0xCBF0, 0xD411, 0x9B2D, 0x0063, 0x0883, 0x0863, 0x0863,
  0x0863, 0x0863, 0x0863, 0x0863, 0x0863, 0x0863, 0x0863, 0x0863, 0x0863, 0x0863, 0x0863, 0x0863,
  0x0863, 0x0863, 0x0863, 0x0863, 0x0863, 0x0863, 0x0863, 0x0863, 0x0863, 0x0863, 0x0863, 0x0863,
  0x0863, 0x0863, 0x0863, 0x0863, 0x0883, 0x0042, 0x2927, 0xAC79, 0x7312, 0x0042, 0x0883, 0x0863,
  0x0863, 0x0863, 0x0863, 0x0863, 0x0863, 0x0863, 0x0863, 0x0863, 0x0863, 0x0863, 0x0863, 0x0863,
  0x0863, 0x0863, 0x0863, 0x0863, 0x0863, 0x0863, 0x0863, 0x0863, 0x0863, 0x0863, 0x0863, 0x0863,
  0x0863, 0x0863, 0x0863, 0x0863, 0x0863, 0x0863, 0x0863, 0x0863, 0x0863, 0x0863, 0x0863, 0x0863,
  0x0863, 0x0863, 0x0863, 0x0863, 0x0863, 0x0863, 0x0863, 0x0863, 0x0863, 0x0863, 0x0863, 0x0863,
  0x0863, 0x0863, 0x0863, 0x0863, 0x0863, 0x0863, 0x0863, 0x0863, 0x0863, 0x0863, 0x0863, 0x0863,
  0x0863, 0x0863, 0x0863, 0x0863, 0x0863, 0x0863, 0x0863, 0x0863, 0x0863, 0x0863, 0x0863, 0x0863,
  0x0863, 0x0863, 0x0863, 0x0863, 0x0863, 0x0863, 0x0863, 0x0863, 0x0863, 0x0863, 0x0863, 0x0863,
  0x0863, 0x0863, 0x0863, 0x0863, 0x0863, 0x0863, 0x0863, 0x0863, 0x0863, 0x0863, 0x0863, 0x0863,
  0x0863, 0x0863, 0x0863, 0x0863, 0x0863, 0x0863, 0x0863, 0x0863, 0x0863, 0x0863, 0x0863, 0x0863,
  0x0863, 0x0863, 0x0863, 0x0863, 0x0863, 0x0863, 0x0863, 0x0863, 0x0863, 0x0863, 0x0863, 0x0863,
  0x0863, 0x0863, 0x0863, 0x0863, 0x0863, 0x0863, 0x0863, 0x0863, 0x0863, 0x0863, 0x0863, 0x0863,
  0x0863, 0x0863, 0x0863, 0x0863, 0x0863, 0x0863, 0x0863, 0x0863, 0x0863, 0x0863, 0x0863, 0x0863,
  0x0863, 0x0863, 0x0863, 0x0863, 0x0863, 0x0863, 0x0863, 0x0863, 0x0863, 0x0863, 0x0863, 0x0863,
  0x0863, 0x0863, 0x0863, 0x0883, 0x0883, 0x0023, 0x3124, 0xB348, 0xE42A, 0xD3CA, 0xD3CA, 0xD3EA,
  0xD3EA, 0xD3EB, 0xD3EB, 0xD3EB, 0xD3EB, 0xD3EB, 0xD3EB, 0xD3EC, 0xD3EC, 0xD3EC, 0xD3EC, 0xD3EC,
  0xD3ED, 0xD3ED, 0xD3ED, 0xD3ED, 0xD3ED, 0xD3ED, 0xD3EE, 0xD3EE, 0xD3EE, 0xD3EE, 0xD3EE, 0xD3EE,
  0xD3EF, 0xD3EF, 0xCBEF, 0xCBEF, 0xCBEF, 0xCBF0, 0xD431, 0x49A8, 0x0042, 0x0883, 0x0863, 0x0863,
  0x0863, 0x0863, 0x0863, 0x0863, 0x0863, 0x0863, 0x0863, 0x0863, 0x0863, 0x0863, 0x0863, 0x0863,
  0x0863, 0x0863, 0x0863, 0x0863, 0x0863, 0x0863, 0x0863, 0x0863, 0x0863, 0x0863, 0x0863, 0x0863,
  0x0863, 0x0863, 0x0863, 0x0863, 0x0863, 0x0883, 0x0042, 0x3148, 0x18C5, 0x0062, 0x0883, 0x0863,
  0x0863, 0x0863, 0x0863, 0x0863, 0x0863, 0x0863, 0x0863, 0x0863, 0x0863, 0x0863, 0x0863, 0x0863,
  0x0863, 0x0863, 0x0863, 0x0863, 0x0863, 0x0863, 0x0863, 0x0863, 0x0863, 0x0863, 0x0863, 0x0863,
  0x0863, 0x0863, 0x0863, 0x0863, 0x0863, 0x0863, 0x0863, 0x0863, 0x0863, 0x0863, 0x0863, 0x0863,
  0x0863, 0x0863, 0x0863, 0x0863, 0x0863, 0x0863, 0x0863, 0x0863, 0x0863, 0x0863, 0x0863, 0x0863,
  0x0863, 0x0863, 0x0863, 0x0863, 0x0863, 0x0863, 0x0863, 0x0863, 0x0863, 0x0863, 0x0863, 0x0863,
  0x0863, 0x0863, 0x0863, 0x0863, 0x0863, 0x0863, 0x0863, 0x0863, 0x0863, 0x0863, 0x0863, 0x0863,
  0x0863, 0x0863, 0x0863, 0x0863, 0x0863, 0x0863, 0x0863, 0x0863, 0x0863, 0x0863, 0x0863, 0x0863,
  0x0863, 0x0863, 0x0863, 0x0863, 0x0863, 0x0863, 0x0863, 0x0863, 0x0863, 0x0863, 0x0863, 0x0863,
  0x0863, 0x0863, 0x0863, 0x0863, 0x0863, 0x0863, 0x0863, 0x0863, 0x0863, 0x0863, 0x0863, 0x0863,
  0x0863, 0x0863, 0x0863, 0x0863, 0x0863, 0x0863, 0x0863, 0x0863, 0x0863, 0x0863, 0x0863, 0x0863,
  0x0863, 0x0863, 0x0863, 0x0863, 0x0863, 0x0863, 0x0863, 0x0863, 0x0863, 0x0863, 0x0863, 0x0863,
  0x0863, 0x0863, 0x0863, 0x0863, 0x0863, 0x0863, 0x0863, 0x0863, 0x0863, 0x0863, 0x0863, 0x0863,
  0x0863, 0x0863, 0x0863, 0x0863, 0x0863, 0x0863, 0x0863, 0x0863, 0x0863, 0x0863, 0x0863, 0x0863,
  0x0863, 0x0863, 0x0883, 0x0863, 0x0043, 0x61E6, 0xD3E9, 0xDC0A, 0xD3CA, 0xD3EA, 0xD3EA, 0xD3EA,
  0xD3EA, 0xD3EB, 0xD3EB, 0xD3EB, 0xD3EB, 0xD3EB, 0xD3EB, 0xD3EC, 0xD3EC, 0xD3EC, 0xD3EC, 0xD3EC,
  0xD3ED, 0xD3ED, 0xD3ED, 0xD3ED, 0xD3ED, 0xD3ED, 0xD3EE, 0xD3EE, 0xD3EE, 0xD3EE, 0xD3EE, 0xD3EE,
  0xD3EF, 0xD3EF, 0xCBEF, 0xCBEF, 0xCBEF, 0xD410, 0xB38E, 0x1083, 0x0863, 0x0863, 0x0863, 0x0863,
  0x0863, 0x0863, 0x0863, 0x0863, 0x0863, 0x0863, 0x0863, 0x0863, 0x0863, 0x0863, 0x0863, 0x0863,
  0x0863, 0x0863, 0x0863, 0x0863, 0x0863, 0x0863, 0x0863, 0x0863, 0x0863, 0x0863, 0x0863, 0x0863,
  0x0863, 0x0863, 0x0863, 0x0863, 0x0863, 0x0863, 0x0883, 0x0042, 0x0863, 0x0883, 0x0863, 0x0863,
  0x0863, 0x0863, 0x0863, 0x0863, 0x0863, 0x0863, 0x0863, 0x0863, 0x0863, 0x0863, 0x0863, 0x0863,
  0x0863, 0x0863, 0x0863, 0x0863, 0x0863, 0x0863, 0x0863, 0x0863, 0x0863, 0x0863, 0x0863, 0x0863,
  0x0863, 0x0863, 0x0863, 0x0863, 0x0863, 0x0863, 0x0863, 0x0863, 0x0863, 0x0863, 0x0863, 0x0863,
  0x0863, 0x0863, 0x0863, 0x0863, 0x0863, 0x0863, 0x0863, 0x0863, 0x0863, 0x0863, 0x0863, 0x0863,
  0x0863, 0x0863, 0x0863, 0x0863, 0x0863, 0x0863, 0x0863, 0x0863, 0x0863, 0x0863, 0x0863, 0x0863,
  0x0863, 0x0863, 0x0863, 0x0863, 0x0863, 0x0863, 0x0863, 0x0863, 0x0863, 0x0863, 0x0863, 0x0863,
  0x0863, 0x0863, 0x0863, 0x0863, 0x0863, 0x0863, 0x0863, 0x0863, 0x0863, 0x0863, 0x0863, 0x0863,
  0x0863, 0x0863, 0x0863, 0x0863, 0x0863, 0x0863, 0x0863, 0x0863, 0x0863, 0x0863, 0x0863, 0x0863,
  0x0863, 0x0863, 0x0863, 0x0863, 0x0863, 0x0863, 0x0863, 0x0863, 0x0863, 0x0863, 0x0863, 0x0863,
  0x0863, 0x0863, 0x0863, 0x0863, 0x0863, 0x0863, 0x0863, 0x0863, 0x0863, 0x0863, 0x0863, 0x0863,
  0x0863, 0x0863, 0x0863, 0x0863, 0x0863, 0x0863, 0x0863, 0x0863, 0x0863, 0x0863, 0x0863, 0x0863,
  0x0863, 0x0863, 0x0863, 0x0863, 0x0863, 0x0863, 0x0863, 0x0863, 0x0863, 0x0863, 0x0863, 0x0863,
  0x0863, 0x0863, 0x0863, 0x0863, 0x0863, 0x0863, 0x0863, 0x0863, 0x0863, 0x0863, 0x0863, 0x0863,
  0x0863, 0x0883, 0x0043, 0x1083, 0x92C7, 0xE42A, 0xD3E9, 0xD3C9, 0xD3EA, 0xD3EA, 0xD3EA, 0xD3EA,
  0xD3EA, 0xD3EB, 0xD3EB, 0xD3EB, 0xD3EB, 0xD3EB, 0xD3EB, 0xD3EC, 0xD3EC, 0xD3EC, 0xD3EC, 0xD3EC,
  0xD3ED, 0xD3ED, 0xD3ED, 0xD3ED, 0xD3ED, 0xD3ED, 0xD3EE, 0xD3EE, 0xD3EE, 0xD3EE, 0xD3EE, 0xD3EE,
  0xD3EF, 0xD3EF, 0xCBEF, 0xCBEF, 0xCBEF, 0xDC31, 0x6A29, 0x0022, 0x0883, 0x0863, 0x0863, 0x0863,
  0x0863, 0x0863, 0x0863, 0x0863, 0x0863, 0x0863, 0x0863, 0x0863, 0x0863, 0x0863, 0x0863, 0x0863,
  0x0863, 0x0863, 0x0863, 0x0863, 0x0863, 0x0863, 0x0863, 0x0863, 0x0863, 0x0863, 0x0863, 0x0863,
  0x0863, 0x0863, 0x0863, 0x0863, 0x0863, 0x0863, 0x0863, 0x0883, 0x0883, 0x0863, 0x0863, 0x0863,
  0x0863, 0x0863, 0x0863, 0x0863, 0x0863, 0x0863, 0x0863, 0x0863, 0x0863, 0x0863, 0x0863, 0x0863,
  0x0863, 0x0863, 0x0863, 0x0863, 0x0863, 0x0863, 0x0863, 0x0863, 0x0863, 0x0863, 0x0863, 0x0863,
  0x0863, 0x0863, 0x0863, 0x0863, 0x0863, 0x0863, 0x0863, 0x0863, 0x0863, 0x0863, 0x0863, 0x0863,
  0x0863, 0x0863, 0x0863, 0x0863, 0x0863, 0x0863, 0x0863, 0x0863, 0x0863, 0x0863, 0x0863, 0x0863,
  0x0863, 0x0863, 0x0863, 0x0863, 0x0863, 0x0863, 0x0863, 0x0863, 0x0863, 0x0863, 0x0863, 0x0863,
  0x0863, 0x0863, 0x0863, 0x0863, 0x0863, 0x0863, 0x0863, 0x0863, 0x0863, 0x0863, 0x0863, 0x0863,
  0x0863, 0x0863, 0x0863, 0x0863, 0x0863, 0x0863, 0x0863, 0x0863, 0x0863, 0x0863, 0x0863, 0x0863,
  0x0863, 0x0863, 0x0863, 0x0863, 0x0863, 0x0863, 0x0863, 0x0863, 0x0863, 0x0863, 0x0863, 0x0863,
  0x0863, 0x0863, 0x0863, 0x0863, 0x0863, 0x0863, 0x0863, 0x0863, 0x0863, 0x0863, 0x0863, 0x0863,
  0x0863, 0x0863, 0x0863, 0x0863, 0x0863, 0x0863, 0x0863, 0x0863, 0x0863, 0x0863, 0x0863, 0x0863,
  0x0863, 0x0863, 0x0863, 0x0863, 0x0863, 0x0863, 0x0863, 0x0863, 0x0863, 0x0863, 0x0863, 0x0863,
  0x0863, 0x0863, 0x0863, 0x0863, 0x0863, 0x0863, 0x0863, 0x0863, 0x0863, 0x0863, 0x0863, 0x0863,
  0x0863, 0x0863, 0x0863, 0x0863, 0x0863, 0x0863, 0x0863, 0x0863, 0x0863, 0x0863, 0x0863, 0x0863,
  0x0883, 0x0043, 0x3104, 0xBB68, 0xE409, 0xD3C9, 0xD3E9, 0xD3E9, 0xD3EA, 0xD3EA, 0xD3EA, 0xD3EA,
  0xD3EA, 0xD3EB, 0xD3EB, 0xD3EB, 0xD3EB, 0xD3EB, 0xD3EB, 0xD3EC, 0xD3EC, 0xD3EC, 0xD3EC, 0xD3EC,
  0xD3ED, 0xD3ED, 0xD3ED, 0xD3ED, 0xD3ED, 0xD3ED, 0xD3EE, 0xD3EE, 0xD3EE, 0xD3EE, 0xD3EE, 0xD3EE,
  0xD3EF, 0xD3EF, 0xCBEF, 0xCBEF, 0xCBF0, 0xC3CF, 0x18C4, 0x0063, 0x0883, 0x0863, 0x0863, 0x0863,
  0x0863, 0x0863, 0x0863, 0x0863, 0x0863, 0x0863, 0x0863, 0x0863, 0x0863, 0x0863, 0x0863, 0x0863,
  0x0863, 0x0863, 0x0863, 0x0863, 0x0863, 0x0863, 0x0863, 0x0863, 0x0863, 0x0863, 0x0863, 0x0863,
  0x0863, 0x0863, 0x0863, 0x0863, 0x0863, 0x0863, 0x0863, 0x0863, 0x0863, 0x0863, 0x0863, 0x0863,
  0x0863, 0x0863, 0x0863, 0x0863, 0x0863, 0x0863, 0x0863, 0x0863, 0x0863, 0x0863, 0x0863, 0x0863,
  0x0863, 0x0863, 0x0863, 0x0863, 0x0863, 0x0863, 0x0863, 0x0863, 0x0863, 0x0863, 0x0863, 0x0863,
  0x0863, 0x0863, 0x0863, 0x0863, 0x0863, 0x0863, 0x0863, 0x0863, 0x0863, 0x0863, 0x0863, 0x0863,
  0x0863, 0x0863, 0x0863, 0x0863, 0x0863, 0x0863, 0x0863, 0x0863, 0x0863, 0x0863, 0x0863, 0x0863,
  0x0863, 0x0863, 0x0863, 0x0863, 0x0863, 0x0863, 0x0863, 0x0863, 0x0863, 0x0863, 0x0863, 0x0863,
  0x0863, 0x0863, 0x0863, 0x0863, 0x0863, 0x0863, 0x0863, 0x0863, 0x0863, 0x0863, 0x0863, 0x0863,
  0x0863, 0x0863, 0x0863, 0x0863, 0x0863, 0x0863, 0x0863, 0x0863, 0x0863, 0x0863, 0x0863, 0x0863,
  0x0863, 0x0863, 0x0863, 0x0863, 0x0863, 0x0863, 0x0863, 0x0863, 0x0863, 0x0863, 0x0863, 0x0863,
  0x0863, 0x0863, 0x0863, 0x0863, 0x0863, 0x0863, 0x0863, 0x0863, 0x0863, 0x0863, 0x0863, 0x0863,
  0x0863, 0x0863, 0x0863, 0x0863, 0x0863, 0x0863, 0x0863, 0x0863, 0x0863, 0x0863, 0x0863, 0x0863,
  0x0863, 0x0863, 0x0863, 0x0863, 0x0863, 0x0863, 0x0863, 0x0863, 0x0863, 0x0863, 0x0863, 0x0863,
  0x0863, 0x0863, 0x0863, 0x0863, 0x0863, 0x0863, 0x0863, 0x0863, 0x0863, 0x0863, 0x0863, 0x0863,
  0x0863, 0x0863, 0x0863, 0x0863, 0x0863, 0x0863, 0x0863, 0x0863, 0x0863, 0x0863, 0x0883, 0x0883,
  0x0023, 0x51A5, 0xD3C9, 0xDC09, 0xD3C9, 0xD3E9, 0xD3E9, 0xD3E9, 0xD3EA, 0xD3EA, 0xD3EA, 0xD3EA,
  0xD3EA, 0xD3EB, 0xD3EB, 0xD3EB, 0xD3EB, 0xD3EB, 0xD3EB, 0xD3EC, 0xD3EC, 0xD3EC, 0xD3EC, 0xD3EC,
  0xD3ED, 0xD3ED, 0xD3ED, 0xD3ED, 0xD3ED, 0xD3ED, 0xD3EE, 0xD3EE, 0xD3EE, 0xD3EE, 0xD3EE, 0xD3EE,
  0xD3EF, 0xD3EF, 0xCBEF, 0xCBEF, 0xDC30, 0x7A6A, 0x0042, 0x0883, 0x0863, 0x0863, 0x0863, 0x0863,
  0x0863, 0x0863, 0x0863, 0x0863, 0x0863, 0x0863, 0x0863, 0x0863, 0x0863, 0x0863, 0x0863, 0x0863,
  0x0863, 0x0863, 0x0863, 0x0863, 0x0863, 0x0863, 0x0863, 0x0863, 0x0863, 0x0863, 0x0863, 0x0863,
  0x0863, 0x0863, 0x0863, 0x0863, 0x0863, 0x0863, 0x0863, 0x0863, 0x0863, 0x0863, 0x0863, 0x0863,
  0x0863, 0x0863, 0x0863, 0x0863, 0x0863, 0x0863, 0x0863, 0x0863, 0x0863, 0x0863, 0x0863, 0x0863,
  0x0863, 0x0863, 0x0863, 0x0863, 0x0863, 0x0863, 0x0863, 0x0863, 0x0863, 0x0863, 0x0863, 0x0863,
  0x0863, 0x0863, 0x0863, 0x0863, 0x0863, 0x0863, 0x0863, 0x0863, 0x0863, 0x0863, 0x0863, 0x0863,
  0x0863, 0x0863, 0x0863, 0x0863, 0x0863, 0x0863, 0x0863, 0x0863, 0x0863, 0x0863, 0x0863, 0x0863,
  0x0863, 0x0863, 0x0863, 0x0863, 0x0863, 0x0863, 0x0863, 0x0863, 0x0863, 0x0863, 0x0863, 0x0863,
  0x0863, 0x0863, 0x0863, 0x0863, 0x0863, 0x0863, 0x0863, 0x0863, 0x0863, 0x0863, 0x0863, 0x0863,
  0x0863, 0x0863, 0x0863, 0x0863, 0x0863, 0x0863, 0x0863, 0x0863, 0x0863, 0x0863, 0x0863, 0x0863,
  0x0863, 0x0863, 0x0863, 0x0863, 0x0863, 0x0863, 0x0863, 0x0863, 0x0863, 0x0863, 0x0863, 0x0863,
  0x0863, 0x0863, 0x0863, 0x0863, 0x0863, 0x0863, 0x0863, 0x0863, 0x0863, 0x0863, 0x0863, 0x0863,
  0x0863, 0x0863, 0x0863, 0x0863, 0x0863, 0x0863, 0x0863, 0x0863, 0x0863, 0x0863, 0x0863, 0x0863,
  0x0863, 0x0863, 0x0863, 0x0863, 0x0863, 0x0863, 0x0863, 0x0863, 0x0863, 0x0863, 0x0863, 0x0863,
  0x0863, 0x0863, 0x0863, 0x0863, 0x0863, 0x0863, 0x0863, 0x0863, 0x0863, 0x0863, 0x0863, 0x0863,
  0x0863, 0x0863, 0x0863, 0x0863, 0x0863, 0x0863, 0x0863, 0x0863, 0x0863, 0x0883, 0x0863, 0x0043,
  0x7226, 0xE409, 0xDBE9, 0xD3C9, 0xD3C9, 0xD3C9, 0xD3C9, 0xD3C9, 0xD3EA, 0xD3EA, 0xD3EA, 0xD3EA,
  0xD3EA, 0xD3EB, 0xD3EB, 0xD3EB, 0xD3EB, 0xD3EB, 0xD3EB, 0xD3EC, 0xD3EC, 0xD3EC, 0xD3EC, 0xD3EC,
  0xD3ED, 0xD3ED, 0xD3ED, 0xD3ED, 0xD3ED, 0xD3ED, 0xD3EE, 0xD3EE, 0xD3EE, 0xD3EE, 0xD3EE, 0xD3EE,
  0xD3EF, 0xD3EF, 0xCBEF, 0xCBEF, 0xCBEF, 0x20E5, 0x0043, 0x0883, 0x0863, 0x0863, 0x0863, 0x0863,
  0x0863, 0x0863, 0x0863, 0x0863, 0x0863, 0x0863, 0x0863, 0x0863, 0x0863, 0x0863, 0x0863, 0x0863,
  0x0863, 0x0863, 0x0863, 0x0863, 0x0863, 0x0863, 0x0863, 0x0863, 0x0863, 0x0863, 0x0863, 0x0863,
  0x0863, 0x0863, 0x0863, 0x0863, 0x0863, 0x0863, 0x0863, 0x0863, 0x0863, 0x0863, 0x0863, 0x0863,
  0x0863, 0x0863, 0x0863, 0x0863, 0x0863, 0x0863, 0x0863, 0x0863, 0x0863, 0x0863, 0x0863, 0x0863,
  0x0863, 0x0863, 0x0863, 0x0863, 0x0863, 0x0863, 0x0863, 0x0863, 0x0863, 0x0863, 0x0863, 0x0863,
  0x0863, 0x0863, 0x0863, 0x0863, 0x0863, 0x0863, 0x0863, 0x0863, 0x0863, 0x0863, 0x0863, 0x0863,
  0x0863, 0x0863, 0x0863, 0x0863, 0x0863, 0x0863, 0x0863, 0x0863, 0x0863, 0x0863, 0x0863, 0x0863,
  0x0863, 0x0863, 0x0863, 0x0863, 0x0863, 0x0863, 0x0863, 0x0863, 0x0863, 0x0863, 0x0863, 0x0863,
  0x0863, 0x0863, 0x0863, 0x0863, 0x0863, 0x0863, 0x0863, 0x0863, 0x0863, 0x0863, 0x0863, 0x0863,
  0x0863, 0x0863, 0x0863, 0x0863, 0x0863, 0x0863, 0x0863, 0x0863, 0x0863, 0x0863, 0x0863, 0x0863,
  0x0863, 0x0863, 0x0863, 0x0863, 0x0863, 0x0863, 0x0863, 0x0863, 0x0863, 0x0863, 0x0863, 0x0863,
  0x0863, 0x0863, 0x0863, 0x0863, 0x0863, 0x0863, 0x0863, 0x0863, 0x0863, 0x0863, 0x0863, 0x0863,
  0x0863, 0x0863, 0x0863, 0x0863, 0x0863, 0x0863, 0x0863, 0x0863, 0x0863, 0x0863, 0x0863, 0x0863,
  0x0863, 0x0863, 0x0863, 0x0863, 0x0863, 0x0863, 0x0863, 0x0863, 0x0863, 0x0863, 0x0863, 0x0863,
  0x0863, 0x0863, 0x0863, 0x0863, 0x0863, 0x0863, 0x0863, 0x0863, 0x0863, 0x0863, 0x0863, 0x0863,
  0x0863, 0x0863, 0x0863, 0x0863, 0x0863, 0x0863, 0x0863, 0x0863, 0x0883, 0x0063, 0x0863, 0x92A6,
  0xE409, 0xD3C8, 0xDBE9, 0xDC09, 0xDC09, 0xDC09, 0xDC0A, 0xDBEA, 0xD3EA, 0xD3CA, 0xD3CA, 0xD3EA,
  0xD3EA, 0xD3EB, 0xD3EB, 0xD3EB, 0xD3EB, 0xD3EB, 0xD3EB, 0xD3EC, 0xD3EC, 0xD3EC, 0xD3EC, 0xD3EC,
  0xD3ED, 0xD3ED, 0xD3ED, 0xD3ED, 0xD3ED, 0xD3ED, 0xD3EE, 0xD3EE, 0xD3EE, 0xD3EE, 0xD3EE, 0xD3EE,
  0xD3EF, 0xD3EF, 0xCBCF, 0xDC30, 0x82AB, 0x0042, 0x0883, 0x0863, 0x0863, 0x0863, 0x0863, 0x0863,
  0x0863, 0x0863, 0x0863, 0x0863, 0x0863, 0x0863, 0x0863, 0x0863, 0x0863, 0x0863, 0x0863, 0x0863,
  0x0863, 0x0863, 0x0863, 0x0863, 0x0863, 0x0863, 0x0863, 0x0863, 0x0863, 0x0863, 0x0863, 0x0863,
  0x0863, 0x0863, 0x0863, 0x0863, 0x0863, 0x0863, 0x0863, 0x0863, 0x0863, 0x0863, 0x0863, 0x0863,
  0x0863, 0x0863, 0x0863, 0x0863, 0x0863, 0x0863, 0x0863, 0x0863, 0x0863, 0x0863, 0x0863, 0x0863,
  0x0863, 0x0863, 0x0863, 0x0863, 0x0863, 0x0863, 0x0863, 0x0863, 0x0863, 0x0863, 0x0863, 0x0863,
  0x0863, 0x0863, 0x0863, 0x0863, 0x0863, 0x0863, 0x0863, 0x0863, 0x0863, 0x0863, 0x0863, 0x0863,
  0x0863, 0x0863, 0x0863, 0x0863, 0x0863, 0x0863, 0x0863, 0x0863, 0x0863, 0x0863, 0x0863, 0x0863,
  0x0863, 0x0863, 0x0863, 0x0863, 0x0863, 0x0863, 0x0863, 0x0863, 0x0863, 0x0863, 0x0863, 0x0863,
  0x0863, 0x0863, 0x0863, 0x0863, 0x0863, 0x0863, 0x0863, 0x0863, 0x0863, 0x0863, 0x0863, 0x0863,
  0x0863, 0x0863, 0x0863, 0x0863, 0x0863, 0x0863, 0x0863, 0x0863, 0x0863, 0x0863, 0x0863, 0x0863,
  0x0863, 0x0863, 0x0863, 0x0863, 0x0863, 0x0863, 0x0863, 0x0863, 0x0863, 0x0863, 0x0863, 0x0863,
  0x0863, 0x0863, 0x0863, 0x0863, 0x0863, 0x0863, 0x0863, 0x0863, 0x0863, 0x0863, 0x0863, 0x0863,
  0x0863, 0x0863, 0x0863, 0x0863, 0x0863, 0x0863, 0x0863, 0x0863, 0x0863, 0x0863, 0x0863, 0x0863,
  0x0863, 0x0863, 0x0863, 0x0863, 0x0863, 0x0863, 0x0863, 0x0863, 0x0863, 0x0863, 0x0863, 0x0863,
  0x0863, 0x0863, 0x0863, 0x0863, 0x0863, 0x0863, 0x0863, 0x0863, 0x0863, 0x0863, 0x0863, 0x0863,
  0x0863, 0x0863, 0x0863, 0x0863, 0x0863, 0x0863, 0x0863, 0x0883, 0x0043, 0x10A3, 0xAB27, 0xF449,
  0xDC08, 0xD3C8, 0xC388, 0xB348, 0xAB28, 0xAB28, 0xB348, 0xC3A9, 0xDBEA, 0xE40A, 0xE40A, 0xD3EA,
  0xD3CA, 0xD3EB, 0xD3EB, 0xD3EB, 0xD3EB, 0xD3EB, 0xD3EB, 0xD3EC, 0xD3EC, 0xD3EC, 0xD3EC, 0xD3EC,
  0xD3ED, 0xD3ED, 0xD3ED, 0xD3ED, 0xD3ED, 0xD3ED, 0xD3EE, 0xD3EE, 0xD3EE, 0xD3EE, 0xD3EE, 0xD3EE,
  0xD3EF, 0xD3EF, 0xCBEF, 0xCBEF, 0x2905, 0x0043, 0x0883, 0x0863, 0x0863, 0x0863, 0x0863, 0x0863,
  0x0863, 0x0863, 0x0863, 0x0863, 0x0863, 0x0863, 0x0863, 0x0863, 0x0863, 0x0863, 0x0863, 0x0863,
  0x0863, 0x0863, 0x0863, 0x0863, 0x0863, 0x0863, 0x0863, 0x0863, 0x0863, 0x0863, 0x0863, 0x0863,
  0x0863, 0x0863, 0x0863, 0x0863, 0x0863, 0x0863, 0x0863, 0x0863, 0x0863, 0x0863, 0x0863, 0x0863,
  0x0863, 0x0863, 0x0863, 0x0863, 0x0863, 0x0863, 0x0863, 0x0863, 0x0863, 0x0863, 0x0863, 0x0863,
  0x0863, 0x0863, 0x0863, 0x0863, 0x0863, 0x0863, 0x0863, 0x0863, 0x0863, 0x0863, 0x0863, 0x0863,
  0x0863, 0x0863, 0x0863, 0x0863, 0x0863, 0x0863, 0x0863, 0x0863, 0x0863, 0x0863, 0x0863, 0x0863,
  0x0863, 0x0863, 0x0863, 0x0863, 0x0863, 0x0863, 0x0863, 0x0863, 0x0863, 0x0863, 0x0863, 0x0863,
  0x0863, 0x0863, 0x0863, 0x0863, 0x0863, 0x0863, 0x0863, 0x0863, 0x0863, 0x0863, 0x0863, 0x0863,
  0x0863, 0x0863, 0x0863, 0x0863, 0x0863, 0x0863, 0x0863, 0x0863, 0x0863, 0x0863, 0x0863, 0x0863,
  0x0863, 0x0863, 0x0863, 0x0863, 0x0863, 0x0863, 0x0863, 0x0863, 0x0863, 0x0863, 0x0863, 0x0863,
  0x0863, 0x0863, 0x0863, 0x0863, 0x0863, 0x0863, 0x0863, 0x0863, 0x0863, 0x0863, 0x0863, 0x0863,
  0x0863, 0x0863, 0x0863, 0x0863, 0x0863, 0x0863, 0x0863, 0x0863, 0x0863, 0x0863, 0x0863, 0x0863,
  0x0863, 0x0863, 0x0863, 0x0863, 0x0863, 0x0863, 0x0863, 0x0863, 0x0863, 0x0863, 0x0863, 0x0863,
  0x0863, 0x0863, 0x0863, 0x0863, 0x0863, 0x0863, 0x0863, 0x0863, 0x0863, 0x0863, 0x0863, 0x0863,
  0x0863, 0x0863, 0x0863, 0x0863, 0x0863, 0x0863, 0x0863, 0x0863, 0x0863, 0x0863, 0x0863, 0x0863,
  0x0863, 0x0863, 0x0863, 0x0863, 0x0863, 0x0863, 0x0883, 0x0063, 0x20E4, 0xCBA7, 0xD3C8, 0x8286,
  0x51A5, 0x2904, 0x10A3, 0x0863, 0x0063, 0x0863, 0x0883, 0x18A3, 0x3124, 0x59C6, 0x92C8, 0xCBCA,
  0xE42B, 0xDBEB, 0xD3CB, 0xD3EB, 0xD3EB, 0xD3EB, 0xD3EB, 0xD3EC, 0xD3EC, 0xD3EC, 0xD3EC, 0xD3EC,
  0xD3ED, 0xD3ED, 0xD3ED, 0xD3ED, 0xD3ED, 0xD3ED, 0xD3EE, 0xD3EE, 0xD3EE, 0xD3EE, 0xD3EE, 0xD3EE,
  0xD3EF, 0xCBCF, 0xDC30, 0x82AB, 0x0042, 0x0883, 0x0863, 0x0863, 0x0863, 0x0863, 0x0863, 0x0863,
  0x0863, 0x0863, 0x0863, 0x0863, 0x0863, 0x0863, 0x0863, 0x0863, 0x0863, 0x0863, 0x0863, 0x0863,
  0x0863, 0x0863, 0x0863, 0x0863, 0x0863, 0x0863, 0x0863, 0x0863, 0x0863, 0x0863, 0x0863, 0x0863,
  0x0863, 0x0863, 0x0863, 0x0863, 0x0863, 0x0863, 0x0863, 0x0863, 0x0863, 0x0863, 0x0863, 0x0863,
  0x0863, 0x0863, 0x0863, 0x0863, 0x0863, 0x0863, 0x0863, 0x0863, 0x0863, 0x0863, 0x0863, 0x0863,
  0x0863, 0x0863, 0x0863, 0x0863, 0x0863, 0x0863, 0x0863, 0x0863, 0x0863, 0x0863, 0x0863, 0x0863,
  0x0863, 0x0863, 0x0863, 0x0863, 0x0863, 0x0863, 0x0863, 0x0863, 0x0863, 0x0863, 0x0863, 0x0863,
  0x0863, 0x0863, 0x0863, 0x0863, 0x0863, 0x0863, 0x0863, 0x0863, 0x0863, 0x0863, 0x0863, 0x0863,
  0x0863, 0x0863, 0x0863, 0x0863, 0x0863, 0x0863, 0x0863, 0x0863, 0x0863, 0x0863, 0x0863, 0x0863,
  0x0863, 0x0863, 0x0863, 0x0863, 0x0863, 0x0863, 0x0863, 0x0863, 0x0863, 0x0863, 0x0863, 0x0863,
  0x0863, 0x0863, 0x0863, 0x0863, 0x0863, 0x0863, 0x0863, 0x0863, 0x0863, 0x0863, 0x0863, 0x0863,
  0x0863, 0x0863, 0x0863, 0x0863, 0x0863, 0x0863, 0x0863, 0x0863, 0x0863, 0x0863, 0x0863, 0x0863,
  0x0863, 0x0863, 0x0863, 0x0863, 0x0863, 0x0863, 0x0863, 0x0863, 0x0863, 0x0863, 0x0863, 0x0863,
  0x0863, 0x0863, 0x0863, 0x0863, 0x0863, 0x0863, 0x0863, 0x0863, 0x0863, 0x0863, 0x0863, 0x0863,
  0x0863, 0x0863, 0x0863, 0x0863, 0x0863, 0x0863, 0x0863, 0x0863, 0x0863, 0x0863, 0x0863, 0x0863,
  0x0863, 0x0863, 0x0863, 0x0863, 0x0863, 0x0863, 0x0863, 0x0863, 0x0863, 0x0863, 0x0863, 0x0863,
  0x0863, 0x0863, 0x0863, 0x0863, 0x0863, 0x0863, 0x0863, 0x0063, 0x20E4, 0x59E5, 0x10A3, 0x0043,
  0x0043, 0x0043, 0x0863, 0x0863, 0x0863, 0x0863, 0x0863, 0x0863, 0x0043, 0x0043, 0x0043, 0x20C4,
  0x6A27, 0xC3AA, 0xE42B, 0xD3EB, 0xD3EB, 0xD3EB, 0xD3EB, 0xD3EC, 0xD3EC, 0xD3EC, 0xD3EC, 0xD3EC,
  0xD3ED, 0xD3ED, 0xD3ED, 0xD3ED, 0xD3ED, 0xD3ED, 0xD3EE, 0xD3EE, 0xD3EE, 0xD3EE, 0xD3EE, 0xD3EE,
  0xD3EF, 0xD3EF, 0xCBEF, 0x2905, 0x0043, 0x0883, 0x0863, 0x0863, 0x0863, 0x0863, 0x0863, 0x0863,
  0x0863, 0x0863, 0x0863, 0x0863, 0x0863, 0x0863, 0x0863, 0x0863, 0x0863, 0x0863, 0x0863, 0x0863,
  0x0863, 0x0863, 0x0863, 0x0863, 0x0863, 0x0863, 0x0863, 0x0863, 0x0863, 0x0863, 0x0863, 0x0863,
  0x0863, 0x0863, 0x0863, 0x0863, 0x0863, 0x0863, 0x0863, 0x0863, 0x0863, 0x0863, 0x0863, 0x0863,
  0x0863, 0x0863, 0x0863, 0x0863, 0x0863, 0x0863, 0x0863, 0x0863, 0x0863, 0x0863, 0x0863, 0x0863,
  0x0863, 0x0863, 0x0863, 0x0863, 0x0863, 0x0863, 0x0863, 0x0863, 0x0863, 0x0863, 0x0863, 0x0863,
  0x0863, 0x0863, 0x0863, 0x0863, 0x0863, 0x0863, 0x0863, 0x0863, 0x0863, 0x0863, 0x0863, 0x0863,
  0x0863, 0x0863, 0x0863, 0x0863, 0x0863, 0x0863, 0x0863, 0x0863, 0x0863, 0x0863, 0x0863, 0x0863,
  0x0863, 0x0863, 0x0863, 0x0863, 0x0863, 0x0863, 0x0863, 0x0863, 0x0863, 0x0863, 0x0863, 0x0863,
  0x0863, 0x0863, 0x0863, 0x0863, 0x0863, 0x0863, 0x0863, 0x0863, 0x0863, 0x0863, 0x0863, 0x0863,
  0x0863, 0x0863, 0x0863, 0x0863, 0x0863, 0x0863, 0x0863, 0x0863, 0x0863, 0x0863, 0x0863, 0x0863,
  0x0863, 0x0863, 0x0863, 0x0863, 0x0863, 0x0863, 0x0863, 0x0863, 0x0863, 0x0863, 0x0863, 0x0863,
  0x0863, 0x0863, 0x0863, 0x0863, 0x0863, 0x0863, 0x0863, 0x0863, 0x0863, 0x0863, 0x0863, 0x0863,
  0x0863, 0x0863, 0x0863, 0x0863, 0x0863, 0x0863, 0x0863, 0x0863, 0x0863, 0x0863, 0x0863, 0x0863,
  0x0863, 0x0863, 0x0863, 0x0863, 0x0863, 0x0863, 0x0863, 0x0863, 0x0863, 0x0863, 0x0863, 0x0863,
  0x0863, 0x0863, 0x0863, 0x0863, 0x0863, 0x0863, 0x0863, 0x0863, 0x0863, 0x0863, 0x0863, 0x0863,
  0x0863, 0x0863, 0x0863, 0x0863, 0x0863, 0x0863, 0x0863, 0x0883, 0x0063, 0x0023, 0x0863, 0x0883,
  0x0883, 0x0883, 0x0863, 0x0863, 0x0863, 0x0863, 0x0863, 0x0863, 0x0883, 0x0883, 0x0883, 0x0063,
  0x0023, 0x18A4, 0x7A67, 0xDC0B, 0xDC0B, 0xD3EB, 0xD3EB, 0xD3EC, 0xD3EC, 0xD3EC, 0xD3EC, 0xD3EC,
  0xD3ED, 0xD3ED, 0xD3ED, 0xD3ED, 0xD3ED, 0xD3ED, 0xD3EE, 0xD3EE, 0xD3EE, 0xD3EE, 0xD3EE, 0xD3EE,
  0xCBCE, 0xDC30, 0x7A6A, 0x0042, 0x0883, 0x0863, 0x0863, 0x0863, 0x0863, 0x0863, 0x0863, 0x0863,
  0x0863, 0x0863, 0x0863, 0x0863, 0x0863, 0x0863, 0x0863, 0x0863, 0x0863, 0x0863, 0x0863, 0x0863,
  0x0863, 0x0863, 0x0863, 0x0863, 0x0863, 0x0863, 0x0863, 0x0863, 0x0863, 0x0863, 0x0863, 0x0863,
  0x0863, 0x0863, 0x0863, 0x0863, 0x0863, 0x0863, 0x0863, 0x0863, 0x0863, 0x0863, 0x0863, 0x0863,
  0x0863, 0x0863, 0x0863, 0x0863, 0x0863, 0x0883, 0x0883, 0x0883, 0x0863, 0x0863, 0x0863, 0x0863,
  0x0863, 0x0863, 0x0863, 0x0863, 0x0863, 0x0863, 0x0863, 0x0863, 0x0863, 0x0863, 0x0863, 0x0863,
  0x0863, 0x0863, 0x0863, 0x0863, 0x0863, 0x0863, 0x0863, 0x0863, 0x0863, 0x0863, 0x0863, 0x0863,
  0x0863, 0x0863, 0x0863, 0x0863, 0x0863, 0x0863, 0x0863, 0x0863, 0x0863, 0x0863, 0x0863, 0x0863,
  0x0863, 0x0863, 0x0863, 0x0863, 0x0863, 0x0863, 0x0863, 0x0863, 0x0863, 0x0863, 0x0863, 0x0863,
  0x0863, 0x0863, 0x0863, 0x0863, 0x0863, 0x0863, 0x0863, 0x0863, 0x0863, 0x0863, 0x0863, 0x0863,
  0x0863, 0x0863, 0x0863, 0x0863, 0x0863, 0x0863, 0x0863, 0x0863, 0x0863, 0x0863, 0x0863, 0x0863,
  0x0863, 0x0863, 0x0863, 0x0863, 0x0863, 0x0863, 0x0863, 0x0863, 0x0863, 0x0863, 0x0863, 0x0863,
  0x0863, 0x0863, 0x0863, 0x0863, 0x0863, 0x0863, 0x0863, 0x0863, 0x0863, 0x0863, 0x0863, 0x0863,
  0x0863, 0x0863, 0x0863, 0x0863, 0x0863, 0x0863, 0x0863, 0x0863, 0x0863, 0x0863, 0x0863, 0x0863,
  0x0863, 0x0863, 0x0863, 0x0863, 0x0863, 0x0863, 0x0863, 0x0863, 0x0863, 0x0863, 0x0863, 0x0863,
  0x0863, 0x0863, 0x0863, 0x0863, 0x0863, 0x0863, 0x0863, 0x0863, 0x0863, 0x0863, 0x0863, 0x0863,
  0x0863, 0x0863, 0x0863, 0x0863, 0x0863, 0x0863, 0x0863, 0x0863, 0x0863, 0x0883, 0x0863, 0x0863,
  0x0863, 0x0863, 0x0863, 0x0863, 0x0863, 0x0863, 0x0863, 0x0863, 0x0863, 0x0863, 0x0863, 0x0883,
  0x0883, 0x0863, 0x0022, 0x4165, 0xC3AA, 0xDC0C, 0xD3CB, 0xD3EC, 0xD3EC, 0xD3EC, 0xD3EC, 0xD3EC,
  0xD3ED, 0xD3ED, 0xD3ED, 0xD3ED, 0xD3ED, 0xD3ED, 0xD3EE, 0xD3EE, 0xD3EE, 0xD3EE, 0xD3EE, 0xCBEE,
  0xD3EF, 0xC3CE, 0x18C4, 0x0063, 0x0883, 0x0863, 0x0863, 0x0863, 0x0863, 0x0863, 0x0863, 0x0863,
  0x0863, 0x0863, 0x0863, 0x0863, 0x0863, 0x0863, 0x0863, 0x0863, 0x0863, 0x0863, 0x0863, 0x0863,
  0x0863, 0x0863, 0x0863, 0x0863, 0x0863, 0x0863, 0x0863, 0x0863, 0x0863, 0x0863, 0x0863, 0x0863,
  0x0863, 0x0863, 0x0863, 0x0863, 0x0863, 0x0863, 0x0863, 0x0863, 0x0863, 0x0863, 0x0863, 0x0863,
  0x0863, 0x0883, 0x0883, 0x0883, 0x0863, 0x0062, 0x0042, 0x0863, 0x0883, 0x0883, 0x0863, 0x0863,
  0x0863, 0x0863, 0x0863, 0x0863, 0x0863, 0x0863, 0x0863, 0x0863, 0x0863, 0x0863, 0x0863, 0x0863,
  0x0863, 0x0863, 0x0863, 0x0863, 0x0863, 0x0863, 0x0863, 0x0863, 0x0863, 0x0863, 0x0863, 0x0863,
  0x0863, 0x0863, 0x0863, 0x0863, 0x0863, 0x0863, 0x0863, 0x0863, 0x0863, 0x0863, 0x0863, 0x0863,
  0x0863, 0x0863, 0x0863, 0x0863, 0x0863, 0x0863, 0x0863, 0x0863, 0x0863, 0x0863, 0x0863, 0x0863,
  0x0863, 0x0863, 0x0863, 0x0863, 0x0863, 0x0863, 0x0863, 0x0863, 0x0863, 0x0863, 0x0863, 0x0863,
  0x0863, 0x0863, 0x0863, 0x0863, 0x0863, 0x0863, 0x0863, 0x0863, 0x0863, 0x0863, 0x0863, 0x0863,
  0x0863, 0x0863, 0x0863, 0x0863, 0x0863, 0x0863, 0x0863, 0x0863, 0x0863, 0x0863, 0x0863, 0x0863,
  0x0863, 0x0863, 0x0863, 0x0863, 0x0863, 0x0863, 0x0863, 0x0863, 0x0863, 0x0863, 0x0863, 0x0863,
  0x0863, 0x0863, 0x0863, 0x0863, 0x0863, 0x0863, 0x0863, 0x0863, 0x0863, 0x0863, 0x0863, 0x0863,
  0x0863, 0x0863, 0x0863, 0x0863, 0x0863, 0x0863, 0x0863, 0x0863, 0x0863, 0x0863, 0x0863, 0x0863,
  0x0863, 0x0863, 0x0863, 0x0863, 0x0863, 0x0863, 0x0863, 0x0863, 0x0863, 0x0863, 0x0863, 0x0863,
  0x0863, 0x0863, 0x0863, 0x0863, 0x0863, 0x0863, 0x0863, 0x0863, 0x0863, 0x0863, 0x0863, 0x0863,
  0x0863, 0x0863, 0x0863, 0x0863, 0x0863, 0x0863, 0x0863, 0x0863, 0x0863, 0x0863, 0x0863, 0x0863,
  0x0863, 0x0883, 0x0883, 0x0043, 0x20C4, 0xB36A, 0xDC0C, 0xD3CC, 0xD3EC, 0xD3EC, 0xD3EC, 0xD3EC,
  0xD3ED, 0xD3ED, 0xD3ED, 0xD3ED, 0xD3ED, 0xD3ED, 0xD3EE, 0xD3EE, 0xD3EE, 0xD3EE, 0xD3EE, 0xCBCE,
  0xDC2F, 0x6A29, 0x0022, 0x0883, 0x0863, 0x0863, 0x0863, 0x0863, 0x0863, 0x0863, 0x0863, 0x0863,
  0x0863, 0x0863, 0x0863, 0x0863, 0x0863, 0x0863, 0x0863, 0x0863, 0x0863, 0x0863, 0x0863, 0x0863,
  0x0863, 0x0863, 0x0863, 0x0863, 0x0863, 0x0863, 0x0863, 0x0863, 0x0863, 0x0863, 0x0863, 0x0863,
  0x0863, 0x0863, 0x0863, 0x0863, 0x0863, 0x0863, 0x0863, 0x0863, 0x0863, 0x0863, 0x0863, 0x0883,
  0x0883, 0x0062, 0x0022, 0x0042, 0x0884, 0x18E6, 0x2107, 0x10C5, 0x0042, 0x0042, 0x0883, 0x0863,
  0x0863, 0x0863, 0x0863, 0x0863, 0x0863, 0x0863, 0x0863, 0x0863, 0x0863, 0x0863, 0x0863, 0x0863,
  0x0863, 0x0863, 0x0863, 0x0863, 0x0863, 0x0863, 0x0863, 0x0863, 0x0863, 0x0863, 0x0863, 0x0863,
  0x0863, 0x0863, 0x0863, 0x0863, 0x0863, 0x0863, 0x0863, 0x0863, 0x0863, 0x0863, 0x0863, 0x0863,
  0x0863, 0x0863, 0x0863, 0x0863, 0x0863, 0x0863, 0x0863, 0x0863, 0x0863, 0x0863, 0x0863, 0x0863,
  0x0863, 0x0863, 0x0863, 0x0863, 0x0863, 0x0863, 0x0863, 0x0863, 0x0863, 0x0863, 0x0863, 0x0863,
  0x0863, 0x0863, 0x0863, 0x0863, 0x0863, 0x0863, 0x0863, 0x0863, 0x0863, 0x0863, 0x0863, 0x0863,
  0x0863, 0x0863, 0x0863, 0x0863, 0x0863, 0x0863, 0x0863, 0x0863, 0x0863, 0x0863, 0x0863, 0x0863,
  0x0863, 0x0863, 0x0863, 0x0863, 0x0863, 0x0863, 0x0863, 0x0863, 0x0863, 0x0863, 0x0863, 0x0863,
  0x0863, 0x0863, 0x0863, 0x0863, 0x0863, 0x0863, 0x0863, 0x0863, 0x0863, 0x0863, 0x0863, 0x0863,
  0x0863, 0x0863, 0x0863, 0x0863, 0x0863, 0x0863, 0x0863, 0x0863, 0x0863, 0x0863, 0x0863, 0x0863,
  0x0863, 0x0863, 0x0863, 0x0863, 0x0863, 0x0863, 0x0863, 0x0863, 0x0863, 0x0863, 0x0863, 0x0863,
  0x0863, 0x0863, 0x0863, 0x0863, 0x0863, 0x0863, 0x0863, 0x0863, 0x0863, 0x0863, 0x0863, 0x0863,
  0x0863, 0x0863, 0x0863, 0x0863, 0x0863, 0x0863, 0x0863, 0x0863, 0x0863, 0x0863, 0x0863, 0x0863,
  0x0863, 0x0863, 0x0863, 0x0883, 0x0043, 0x18A4, 0xBB6A, 0xDC0C, 0xD3EC, 0xD3EC, 0xD3EC, 0xD3EC,
  0xD3ED, 0xD3ED, 0xD3ED, 0xD3ED, 0xD3ED, 0xD3ED, 0xD3EE, 0xD3EE, 0xD3EE, 0xD3EE, 0xCBEE, 0xD40F,
  0xB36D, 0x1083, 0x0863, 0x0863, 0x0863, 0x0863, 0x0863, 0x0863, 0x0863, 0x0863, 0x0863, 0x0863,
  0x0863, 0x0863, 0x0863, 0x0863, 0x0863, 0x0863, 0x0863, 0x0863, 0x0863, 0x0863, 0x0863, 0x0863,
  0x0863, 0x0863, 0x0863, 0x0863, 0x0863, 0x0863, 0x0863, 0x0863, 0x0863, 0x0863, 0x0863, 0x0863,
  0x0863, 0x0863, 0x0863, 0x0863, 0x0863, 0x0863, 0x0863, 0x0863, 0x0863, 0x0883, 0x0883, 0x0042,
  0x0042, 0x18E6, 0x4A0C, 0x7333, 0x8BD7, 0x9439, 0x9C39, 0x9419, 0x7333, 0x18E6, 0x0042, 0x0883,
  0x0863, 0x0863, 0x0863, 0x0863, 0x0863, 0x0863, 0x0863, 0x0863, 0x0863, 0x0863, 0x0863, 0x0863,
  0x0863, 0x0863, 0x0863, 0x0863, 0x0863, 0x0863, 0x0863, 0x0863, 0x0863, 0x0863, 0x0863, 0x0863,
  0x0863, 0x0863, 0x0863, 0x0863, 0x0863, 0x0863, 0x0863, 0x0863, 0x0863, 0x0863, 0x0863, 0x0863,
  0x0863, 0x0863, 0x0863, 0x0863, 0x0863, 0x0863, 0x0863, 0x0863, 0x0863, 0x0863, 0x0863, 0x0863,
  0x0863, 0x0863, 0x0863, 0x0863, 0x0863, 0x0863, 0x0863, 0x0863, 0x0863, 0x0863, 0x0863, 0x0863,
  0x0863, 0x0863, 0x0863, 0x0863, 0x0863, 0x0863, 0x0863, 0x0863, 0x0863, 0x0863, 0x0863, 0x0863,
  0x0863, 0x0863, 0x0863, 0x0863, 0x0863, 0x0863, 0x0863, 0x0863, 0x0863, 0x0863, 0x0863, 0x0863,
  0x0863, 0x0863, 0x0863, 0x0863, 0x0863, 0x0863, 0x0863, 0x0863, 0x0863, 0x0863, 0x0863, 0x0863,
  0x0863, 0x0863, 0x0863, 0x0863, 0x0863, 0x0863, 0x0863, 0x0863, 0x0863, 0x0863, 0x0863, 0x0863,
  0x0863, 0x0863, 0x0863, 0x0863, 0x0863, 0x0863, 0x0863, 0x0863, 0x0863, 0x0863, 0x0863, 0x0863,
  0x0863, 0x0863, 0x0863, 0x0863, 0x0863, 0x0863, 0x0863, 0x0863, 0x0863, 0x0863, 0x0863, 0x0863,
  0x0863, 0x0863, 0x0863, 0x0863, 0x0863, 0x0863, 0x0863, 0x0863, 0x0863, 0x0863, 0x0863, 0x0863,
  0x0863, 0x0863, 0x0863, 0x0863, 0x0863, 0x0863, 0x0863, 0x0863, 0x0863, 0x0863, 0x0863, 0x0863,
  0x0863, 0x0863, 0x0863, 0x0863, 0x0883, 0x0043, 0x20E4, 0xCBCB, 0xD3EC, 0xD3EC, 0xD3EC, 0xD3EC,
  0xD3ED, 0xD3ED, 0xD3ED, 0xD3ED, 0xD3ED, 0xD3ED, 0xD3EE, 0xD3EE, 0xD3EE, 0xD3EE, 0xCBCE, 0xDC0F,
  0x49A7, 0x0042, 0x0883, 0x0863, 0x0863, 0x0863, 0x0863, 0x0863, 0x0863, 0x0863, 0x0863, 0x0863,
  0x0863, 0x0863, 0x0863, 0x0863, 0x0863, 0x0863, 0x0863, 0x0863, 0x0863, 0x0863, 0x0863, 0x0863,
  0x0863, 0x0863, 0x0863, 0x0863, 0x0863, 0x0863, 0x0863, 0x0863, 0x0863, 0x0863, 0x0863, 0x0863,
  0x0863, 0x0863, 0x0863, 0x0863, 0x0863, 0x0863, 0x0863, 0x0883, 0x0883, 0x0042, 0x0042, 0x3169,
  0x6AF2, 0x9C39, 0xAC9B, 0xA47B, 0xA47A, 0x9C5A, 0x9C5A, 0x9C5A, 0xA4BC, 0x83D7, 0x10A4, 0x0863,
  0x0863, 0x0863, 0x0863, 0x0863, 0x0863, 0x0863, 0x0863, 0x0863, 0x0863, 0x0863, 0x0863, 0x0863,
  0x0863, 0x0863, 0x0863, 0x0863, 0x0863, 0x0863, 0x0863, 0x0863, 0x0863, 0x0863, 0x0863, 0x0863,
  0x0863, 0x0863, 0x0863, 0x0863, 0x0863, 0x0863, 0x0863, 0x0863, 0x0863, 0x0863, 0x0863, 0x0863,
  0x0863, 0x0863, 0x0863, 0x0863, 0x0863, 0x0863, 0x0863, 0x0863, 0x0863, 0x0863, 0x0863, 0x0863,
  0x0863, 0x0863, 0x0863, 0x0863, 0x0863, 0x0863, 0x0863, 0x0863, 0x0863, 0x0863, 0x0863, 0x0863,
  0x0863, 0x0863, 0x0863, 0x0863, 0x0863, 0x0863, 0x0863, 0x0863, 0x0863, 0x0863, 0x0863, 0x0863,
  0x0863, 0x0863, 0x0863, 0x0863, 0x0863, 0x0863, 0x0863, 0x0863, 0x0863, 0x0863, 0x0863, 0x0863,
  0x0863, 0x0863, 0x0863, 0x0863, 0x0863, 0x0863, 0x0863, 0x0863, 0x0863, 0x0863, 0x0863, 0x0863,
  0x0863, 0x0863, 0x0863, 0x0863, 0x0863, 0x0863, 0x0863, 0x0863, 0x0863, 0x0863, 0x0863, 0x0863,
  0x0863, 0x0863, 0x0863, 0x0863, 0x0863, 0x0863, 0x0863, 0x0863, 0x0863, 0x0863, 0x0863, 0x0863,
  0x0863, 0x0863, 0x0863, 0x0863, 0x0863, 0x0863, 0x0863, 0x0863, 0x0863, 0x0863, 0x0863, 0x0863,
  0x0863, 0x0863, 0x0863, 0x0863, 0x0863, 0x0863, 0x0863, 0x0863, 0x0863, 0x0863, 0x0863, 0x0863,
  0x0863, 0x0863, 0x0863, 0x0863, 0x0863, 0x0863, 0x0863, 0x0863, 0x0863, 0x0863, 0x0863, 0x0863,
  0x0863, 0x0863, 0x0863, 0x0863, 0x0863, 0x0883, 0x0022, 0x4986, 0xDC0C, 0xD3EC, 0xD3EC, 0xD3EC,
  0xD3ED, 0xD3ED, 0xD3ED, 0xD3ED, 0xD3ED, 0xD3ED, 0xD3EE, 0xD3EE, 0xD3EE, 0xCBEE, 0xDC0F, 0x9B0B,
  0x0043, 0x0883, 0x0863, 0x0863, 0x0863, 0x0863, 0x0863, 0x0863, 0x0863, 0x0863, 0x0863, 0x0863,
  0x0863, 0x0863, 0x0863, 0x0863, 0x0863, 0x0863, 0x0863, 0x0863, 0x0863, 0x0863, 0x0863, 0x0863,
  0x0863, 0x0863, 0x0863, 0x0863, 0x0863, 0x0863, 0x0863, 0x0863, 0x0863, 0x0863, 0x0863, 0x0863,
  0x0863, 0x0863, 0x0863, 0x0863, 0x0863, 0x0883, 0x0883, 0x0042, 0x0042, 0x3189, 0x7B54, 0xA47A,
  0xAC9B, 0xA459, 0x9C39, 0x9C39, 0x9C59, 0x9C5A, 0x9C5A, 0x9C5A, 0x9439, 0xA49C, 0x41EC, 0x0021,
  0x0883, 0x0863, 0x0863, 0x0863, 0x0863, 0x0863, 0x0863, 0x0863, 0x0863, 0x0863, 0x0863, 0x0863,
  0x0863, 0x0863, 0x0863, 0x0863, 0x0863, 0x0863, 0x0863, 0x0863, 0x0863, 0x0863, 0x0863, 0x0863,
  0x0863, 0x0863, 0x0863, 0x0863, 0x0863, 0x0863, 0x0863, 0x0863, 0x0863, 0x0863, 0x0863, 0x0863,
  0x0863, 0x0863, 0x0863, 0x0863, 0x0863, 0x0863, 0x0863, 0x0863, 0x0863, 0x0863, 0x0863, 0x0863,
  0x0863, 0x0863, 0x0863, 0x0863, 0x0863, 0x0863, 0x0863, 0x0863, 0x0863, 0x0863, 0x0863, 0x0863,
  0x0863, 0x0863, 0x0863, 0x0863, 0x0863, 0x0863, 0x0863, 0x0863, 0x0863, 0x0863, 0x0863, 0x0863,
  0x0863, 0x0863, 0x0863, 0x0863, 0x0863, 0x0863, 0x0863, 0x0863, 0x0863, 0x0863, 0x0863, 0x0863,
  0x0863, 0x0863, 0x0863, 0x0863, 0x0863, 0x0863, 0x0863, 0x0863, 0x0863, 0x0863, 0x0863, 0x0863,
  0x0863, 0x0863, 0x0863, 0x0863, 0x0863, 0x0863, 0x0863, 0x0863, 0x0863, 0x0863, 0x0863, 0x0863,
  0x0863, 0x0863, 0x0863, 0x0863, 0x0863, 0x0863, 0x0863, 0x0863, 0x0863, 0x0863, 0x0863, 0x0863,
  0x0863, 0x0863, 0x0863, 0x0863, 0x0863, 0x0863, 0x0863, 0x0863, 0x0863, 0x0863, 0x0863, 0x0863,
  0x0863, 0x0863, 0x0863, 0x0863, 0x0863, 0x0863, 0x0863, 0x0863, 0x0863, 0x0863, 0x0863, 0x0863,
  0x0863, 0x0863, 0x0863, 0x0863, 0x0863, 0x0863, 0x0863, 0x0863, 0x0863, 0x0863, 0x0863, 0x0863,
  0x0863, 0x0863, 0x0863, 0x0863, 0x0863, 0x0863, 0x0883, 0x0042, 0x8AA9, 0xE42D, 0xD3CC, 0xD3EC,
  0xD3ED, 0xD3ED, 0xD3ED, 0xD3ED, 0xD3ED, 0xD3ED, 0xD3EE, 0xD3EE, 0xD3EE, 0xD3EE, 0xD3EE, 0x2905,
  0x0043, 0x0883, 0x0863, 0x0863, 0x0863, 0x0863, 0x0863, 0x0863, 0x0863, 0x0863, 0x0863, 0x0863,
  0x0863, 0x0863, 0x0863, 0x0863, 0x0863, 0x0863, 0x0863, 0x0863, 0x0863, 0x0863, 0x0863, 0x0863,
  0x0863, 0x0863, 0x0863, 0x0863, 0x0863, 0x0863, 0x0863, 0x0863, 0x0863, 0x0863, 0x0863, 0x0863,
  0x0863, 0x0863, 0x0863, 0x0863, 0x0883, 0x0863, 0x0022, 0x2927, 0x7B33, 0xAC7A, 0xAC7A, 0x9C39,
  0x9C39, 0x9C59, 0x9C59, 0x9C59, 0x9C5A, 0x9C5A, 0x9C5A, 0x9C5A, 0x943A, 0xA49C, 0x5AB0, 0x0021,
  0x0883, 0x0863, 0x0863, 0x0863, 0x0863, 0x0863, 0x0863, 0x0863, 0x0863, 0x0863, 0x0863, 0x0863,
  0x0863, 0x0863, 0x0863, 0x0863, 0x0863, 0x0863, 0x0863, 0x0863, 0x0863, 0x0863, 0x0863, 0x0863,
  0x0863, 0x0863, 0x0863, 0x0863, 0x0863, 0x0863, 0x0863, 0x0863, 0x0863, 0x0863, 0x0863, 0x0863,
  0x0863, 0x0863, 0x0863, 0x0863, 0x0863, 0x0863, 0x0863, 0x0863, 0x0863, 0x0863, 0x0863, 0x0863,
  0x0863, 0x0863, 0x0863, 0x0863, 0x0863, 0x0863, 0x0863, 0x0863, 0x0863, 0x0863, 0x0863, 0x0863,
  0x0863, 0x0863, 0x0863, 0x0863, 0x0863, 0x0863, 0x0863, 0x0863, 0x0863, 0x0863, 0x0863, 0x0863,
  0x0863, 0x0863, 0x0863, 0x0863, 0x0863, 0x0863, 0x0863, 0x0863, 0x0863, 0x0863, 0x0863, 0x0863,
  0x0863, 0x0863, 0x0863, 0x0863, 0x0863, 0x0863, 0x0863, 0x0863, 0x0863, 0x0863, 0x0863, 0x0863,
  0x0863, 0x0863, 0x0863, 0x0863, 0x0863, 0x0863, 0x0863, 0x0863, 0x0863, 0x0863, 0x0863, 0x0863,
  0x0863, 0x0863, 0x0863, 0x0863, 0x0863, 0x0863, 0x0863, 0x0863, 0x0863, 0x0863, 0x0863, 0x0863,
  0x0863, 0x0863, 0x0863, 0x0863, 0x0863, 0x0863, 0x0863, 0x0863, 0x0863, 0x0863, 0x0863, 0x0863,
  0x0863, 0x0863, 0x0863, 0x0863, 0x0863, 0x0863, 0x0863, 0x0863, 0x0863, 0x0863, 0x0863, 0x0863,
  0x0863, 0x0863, 0x0863, 0x0863, 0x0863, 0x0863, 0x0863, 0x0863, 0x0863, 0x0863, 0x0863, 0x0863,
  0x0863, 0x0863, 0x0863, 0x0863, 0x0863, 0x0863, 0x0883, 0x0063, 0x20E4, 0xCBCC, 0xD3EC, 0xD3EC,
  0xD3ED, 0xD3ED, 0xD3ED, 0xD3ED, 0xD3ED, 0xD3ED, 0xD3EE, 0xD3EE, 0xCBCE, 0xDC2F, 0x7249, 0x0022,
  0x0883, 0x0863, 0x0863, 0x0863, 0x0863, 0x0863, 0x0863, 0x0863, 0x0863, 0x0863, 0x0863, 0x0863,
  0x0863, 0x0863, 0x0863, 0x0863, 0x0863, 0x0863, 0x0863, 0x0863, 0x0863, 0x0863, 0x0863, 0x0863,
  0x0863, 0x0863, 0x0863, 0x0863, 0x0863, 0x0863, 0x0863, 0x0863, 0x0863, 0x0863, 0x0863, 0x0863,
  0x0863, 0x0863, 0x0883, 0x0883, 0x0042, 0x10A4, 0x62AF, 0xA459, 0xAC7A, 0xA438, 0x9C39, 0xA459,
  0x9C59, 0x9C59, 0x9C59, 0x9C59, 0x9C5A, 0x9C5A, 0x9C5A, 0x9C5A, 0x943A, 0xA49C, 0x5AB0, 0x0022,
  0x0883, 0x0863, 0x0863, 0x0863, 0x0863, 0x0863, 0x0863, 0x0863, 0x0863, 0x0863, 0x0863, 0x0863,
  0x0863, 0x0863, 0x0863, 0x0863, 0x0863, 0x0863, 0x0863, 0x0863, 0x0863, 0x0863, 0x0863, 0x0863,
  0x0863, 0x0863, 0x0863, 0x0863, 0x0863, 0x0863, 0x0863, 0x0863, 0x0863, 0x0863, 0x0863, 0x0863,
  0x0863, 0x0863, 0x0863, 0x0863, 0x0863, 0x0863, 0x0863, 0x0863, 0x0863, 0x0863, 0x0863, 0x0863,
  0x0863, 0x0863, 0x0863, 0x0863, 0x0863, 0x0863, 0x0863, 0x0863, 0x0863, 0x0863, 0x0863, 0x0863,
  0x0863, 0x0863, 0x0863, 0x0863, 0x0863, 0x0863, 0x0863, 0x0863, 0x0863, 0x0863, 0x0863, 0x0863,
  0x0863, 0x0863, 0x0863, 0x0863, 0x0863, 0x0863, 0x0863, 0x0863, 0x0863, 0x0863, 0x0863, 0x0863,
  0x0863, 0x0863, 0x0863, 0x0863, 0x0863, 0x0863, 0x0863, 0x0863, 0x0863, 0x0863, 0x0863, 0x0863,
  0x0863, 0x0863, 0x0863, 0x0863, 0x0863, 0x0863, 0x0863, 0x0863, 0x0863, 0x0863, 0x0863, 0x0863,
  0x0863, 0x0863, 0x0863, 0x0863, 0x0863, 0x0863, 0x0863, 0x0863, 0x0863, 0x0863, 0x0863, 0x0863,
  0x0863, 0x0863, 0x0863, 0x0863, 0x0863, 0x0863, 0x0863, 0x0863, 0x0863, 0x0863, 0x0863, 0x0863,
  0x0863, 0x0863, 0x0863, 0x0863, 0x0863, 0x0863, 0x0863, 0x0863, 0x0863, 0x0863, 0x0863, 0x0863,
  0x0863, 0x0863, 0x0863, 0x0863, 0x0863, 0x0863, 0x0863, 0x0863, 0x0863, 0x0863, 0x0863, 0x0863,
  0x0863, 0x0863, 0x0863, 0x0863, 0x0863, 0x0863, 0x0863, 0x0883, 0x0022, 0x8288, 0xE42D, 0xD3CC,
  0xD3ED, 0xD3ED, 0xD3ED, 0xD3ED, 0xD3ED, 0xD3ED, 0xD3EE, 0xCBEE, 0xDC0E, 0xB36C, 0x0883, 0x0863,
  0x0863, 0x0863, 0x0863, 0x0863, 0x0863, 0x0863, 0x0863, 0x0863, 0x0863, 0x0863, 0x0863, 0x0863,
  0x0863, 0x0863, 0x0863, 0x0863, 0x0863, 0x0863, 0x0863, 0x0863, 0x0863, 0x0863, 0x0863, 0x0863,
  0x0863, 0x0863, 0x0863, 0x0863, 0x0863, 0x0863, 0x0863, 0x0863, 0x0863, 0x0863, 0x0863, 0x0863,
  0x0863, 0x0883, 0x0063, 0x0042, 0x41CA, 0x9BF6, 0xB47A, 0xA438, 0xA438, 0xA459, 0xA459, 0xA459,
  0x9C59, 0x9C59, 0x9C59, 0x9C59, 0x9C5A, 0x9C5A, 0x9C5A, 0x9C5A, 0x943A, 0xA49C, 0x4A4E, 0x0021,
  0x0883, 0x0863, 0x0863, 0x0863, 0x0863, 0x0863, 0x0863, 0x0863, 0x0863, 0x0863, 0x0863, 0x0863,
  0x0863, 0x0863, 0x0863, 0x0863, 0x0863, 0x0863, 0x0863, 0x0863, 0x0863, 0x0863, 0x0863, 0x0863,
  0x0863, 0x0863, 0x0863, 0x0863, 0x0863, 0x0863, 0x0863, 0x0863, 0x0863, 0x0863, 0x0863, 0x0863,
  0x0863, 0x0863, 0x0863, 0x0863, 0x0863, 0x0863, 0x0863, 0x0863, 0x0863, 0x0863, 0x0863, 0x0863,
  0x0863, 0x0863, 0x0863, 0x0863, 0x0863, 0x0863, 0x0863, 0x0863, 0x0863, 0x0863, 0x0863, 0x0863,
  0x0863, 0x0863, 0x0863, 0x0863, 0x0863, 0x0863, 0x0863, 0x0863, 0x0863, 0x0863, 0x0863, 0x0863,
  0x0863, 0x0863, 0x0863, 0x0863, 0x0863, 0x0863, 0x0863, 0x0863, 0x0863, 0x0863, 0x0863, 0x0863,
  0x0863, 0x0863, 0x0863, 0x0863, 0x0863, 0x0863, 0x0863, 0x0863, 0x0863, 0x0863, 0x0863, 0x0863,
  0x0863, 0x0863, 0x0863, 0x0863, 0x0863, 0x0863, 0x0863, 0x0863, 0x0863, 0x0863, 0x0863, 0x0863,
  0x0863, 0x0863, 0x0863, 0x0863, 0x0863, 0x0863, 0x0863, 0x0863, 0x0863, 0x0863, 0x0863, 0x0863,
  0x0863, 0x0863, 0x0863, 0x0863, 0x0863, 0x0863, 0x0863, 0x0863, 0x0863, 0x0863, 0x0863, 0x0863,
  0x0863, 0x0863, 0x0863, 0x0863, 0x0863, 0x0863, 0x0863, 0x0863, 0x0863, 0x0863, 0x0863, 0x0863,
  0x0863, 0x0863, 0x0863, 0x0863, 0x0863, 0x0863, 0x0863, 0x0863, 0x0863, 0x0863, 0x0863, 0x0863,
  0x0863, 0x0863, 0x0863, 0x0863, 0x0863, 0x0863, 0x0863, 0x0883, 0x0043, 0x3125, 0xD3EC, 0xD3EC,
  0xD3EC, 0xD3ED, 0xD3ED, 0xD3ED, 0xD3ED, 0xD3ED, 0xD3EE, 0xD3EE, 0xDC0E, 0x3966, 0x0042, 0x0883,
  0x0863, 0x0863, 0x0863, 0x0863, 0x0863, 0x0863, 0x0863, 0x0863, 0x0863, 0x0863, 0x0863, 0x0863,
  0x0863, 0x0863, 0x0863, 0x0863, 0x0863, 0x0863, 0x0863, 0x0863, 0x0863, 0x0863, 0x0863, 0x0863,
  0x0863, 0x0863, 0x0863, 0x0863, 0x0863, 0x0863, 0x0863, 0x0863, 0x0863, 0x0863, 0x0863, 0x0863,
  0x0883, 0x0042, 0x10C5, 0x72F1, 0xB479, 0xAC58, 0xA438, 0xA438, 0xA458, 0xA459, 0xA459, 0xA459,
  0x9C59, 0x9C59, 0x9C59, 0x9C59, 0x9C5A, 0x9C5A, 0x9C5A, 0x9C5A, 0x945A, 0x9C7B, 0x31AA, 0x0042,
  0x0883, 0x0863, 0x0863, 0x0863, 0x0863, 0x0863, 0x0863, 0x0863, 0x0863, 0x0863, 0x0863, 0x0863,
  0x0863, 0x0863, 0x0863, 0x0863, 0x0863, 0x0863, 0x0863, 0x0863, 0x0863, 0x0863, 0x0863, 0x0863,
  0x0863, 0x0863, 0x0863, 0x0863, 0x0863, 0x0863, 0x0863, 0x0863, 0x0863, 0x0863, 0x0863, 0x0863,
  0x0863, 0x0863, 0x0863, 0x0863, 0x0863, 0x0863, 0x0863, 0x0863, 0x0863, 0x0863, 0x0863, 0x0863,
  0x0863, 0x0863, 0x0863, 0x0863, 0x0863, 0x0863, 0x0863, 0x0863, 0x0863, 0x0863, 0x0863, 0x0863,
  0x0863, 0x0863, 0x0863, 0x0863, 0x0863, 0x0863, 0x0863, 0x0863, 0x0863, 0x0863, 0x0863, 0x0863,
  0x0863, 0x0863, 0x0863, 0x0863, 0x0863, 0x0863, 0x0863, 0x0863, 0x0863, 0x0863, 0x0863, 0x0863,
  0x0863, 0x0863, 0x0863, 0x0863, 0x0863, 0x0863, 0x0863, 0x0863, 0x0863, 0x0863, 0x0863, 0x0863,
  0x0863, 0x0863, 0x0863, 0x0863, 0x0863, 0x0863, 0x0863, 0x0863, 0x0863, 0x0863, 0x0863, 0x0863,
  0x0863, 0x0863, 0x0863, 0x0863, 0x0863, 0x0863, 0x0863, 0x0863, 0x0863, 0x0863, 0x0863, 0x0863,
  0x0863, 0x0863, 0x0863, 0x0863, 0x0863, 0x0863, 0x0863, 0x0863, 0x0863, 0x0863, 0x0863, 0x0863,
  0x0863, 0x0863, 0x0863, 0x0863, 0x0863, 0x0863, 0x0863, 0x0863, 0x0863, 0x0863, 0x0863, 0x0863,
  0x0863, 0x0863, 0x0863, 0x0863, 0x0863, 0x0863, 0x0863, 0x0863, 0x0863, 0x0863, 0x0863, 0x0863,
  0x0863, 0x0863, 0x0863, 0x0863, 0x0863, 0x0863, 0x0863, 0x0863, 0x0863, 0x0863, 0xAB4B, 0xDC0D,
  0xD3EC, 0xD3ED, 0xD3ED, 0xD3ED, 0xD3ED, 0xD3ED, 0xCBCD, 0xDC2F, 0x7A69, 0x0022, 0x0883, 0x0863,
  0x0863, 0x0863, 0x0863, 0x0863, 0x0863, 0x0863, 0x0863, 0x0863, 0x0863, 0x0863, 0x0863, 0x0863,
  0x0863, 0x0863, 0x0863, 0x0863, 0x0863, 0x0863, 0x0863, 0x0863, 0x0863, 0x0863, 0x0863, 0x0863,
  0x0863, 0x0863, 0x0863, 0x0863, 0x0863, 0x0863, 0x0863, 0x0863, 0x0863, 0x0863, 0x0883, 0x0863,
  0x0022, 0x3989, 0x9BF6, 0xB479, 0xA437, 0xA438, 0xA438, 0xA438, 0xA458, 0xA459, 0xA459, 0xA459,
  0x9C59, 0x9C59, 0x9C59, 0x9C59, 0x9C5A, 0x9C5A, 0x9C5A, 0x9C5A, 0x9C5A, 0x9419, 0x18C5, 0x0863,
  0x0883, 0x0863, 0x0863, 0x0863, 0x0863, 0x0863, 0x0863, 0x0863, 0x0863, 0x0863, 0x0863, 0x0863,
  0x0863, 0x0863, 0x0863, 0x0863, 0x0863, 0x0863, 0x0863, 0x0863, 0x0863, 0x0863, 0x0863, 0x0863,
  0x0863, 0x0863, 0x0863, 0x0863, 0x0863, 0x0863, 0x0863, 0x0863, 0x0863, 0x0863, 0x0863, 0x0863,
  0x0863, 0x0863, 0x0863, 0x0863, 0x0863, 0x0863, 0x0863, 0x0863, 0x0863, 0x0863, 0x0863, 0x0863,
  0x0863, 0x0863, 0x0863, 0x0863, 0x0863, 0x0863, 0x0863, 0x0863, 0x0863, 0x0863, 0x0863, 0x0863,
  0x0863, 0x0863, 0x0863, 0x0863, 0x0863, 0x0863, 0x0863, 0x0863, 0x0863, 0x0863, 0x0863, 0x0863,
  0x0863, 0x0863, 0x0863, 0x0863, 0x0863, 0x0863, 0x0863, 0x0863, 0x0863, 0x0863, 0x0863, 0x0863,
  0x0863, 0x0863, 0x0863, 0x0863, 0x0863, 0x0863, 0x0863, 0x0863, 0x0863, 0x0863, 0x0863, 0x0863,
  0x0863, 0x0863, 0x0863, 0x0863, 0x0863, 0x0863, 0x0863, 0x0863, 0x0863, 0x0863, 0x0863, 0x0863,
  0x0863, 0x0863, 0x0863, 0x0863, 0x0863, 0x0863, 0x0863, 0x0863, 0x0863, 0x0863, 0x0863, 0x0863,
  0x0863, 0x0863, 0x0863, 0x0863, 0x0863, 0x0863, 0x0863, 0x0863, 0x0863, 0x0863, 0x0863, 0x0863,
  0x0863, 0x0863, 0x0863, 0x0863, 0x0863, 0x0863, 0x0863, 0x0863, 0x0863, 0x0863, 0x0863, 0x0863,
  0x0863, 0x0863, 0x0863, 0x0863, 0x0863, 0x0863, 0x0863, 0x0863, 0x0863, 0x0863, 0x0863, 0x0863,
  0x0863, 0x0863, 0x0863, 0x0863, 0x0863, 0x0863, 0x0863, 0x0863, 0x0883, 0x0022, 0x7A68, 0xE42D,
  0xCBCC, 0xD3ED, 0xD3ED, 0xD3ED, 0xD3ED, 0xD3ED, 0xDC0E, 0xB36C, 0x1083, 0x0863, 0x0863, 0x0863,
  0x0863, 0x0863, 0x0863, 0x0863, 0x0863, 0x0863, 0x0863, 0x0863, 0x0863, 0x0863, 0x0863, 0x0863,
  0x0863, 0x0863, 0x0863, 0x0863, 0x0863, 0x0863, 0x0863, 0x0863, 0x0863, 0x0863, 0x0863, 0x0863,
  0x0863, 0x0863, 0x0863, 0x0863, 0x0863, 0x0863, 0x0863, 0x0863, 0x0863, 0x0883, 0x0042, 0x0863,
  0x628E, 0xB458, 0xAC58, 0xA437, 0xA438, 0xA438, 0xA438, 0xA438, 0xA458, 0xA459, 0xA459, 0xA459,
  0x9C59, 0x9C59, 0x9C59, 0x9C59, 0x9C5A, 0x9C5A, 0x9C5A, 0x9C3A, 0xA49B, 0x6B33, 0x0042, 0x0883,
  0x0863, 0x0863, 0x0863, 0x0863, 0x0863, 0x0863, 0x0863, 0x0863, 0x0863, 0x0863, 0x0863, 0x0863,
  0x0863, 0x0863, 0x0863, 0x0863, 0x0863, 0x0863, 0x0863, 0x0863, 0x0863, 0x0863, 0x0863, 0x0863,
  0x0863, 0x0863, 0x0863, 0x0863, 0x0863, 0x0863, 0x0863, 0x0863, 0x0863, 0x0863, 0x0863, 0x0863,
  0x0863, 0x0863, 0x0863, 0x0863, 0x0863, 0x0863, 0x0863, 0x0863, 0x0863, 0x0863, 0x0863, 0x0863,
  0x0863, 0x0863, 0x0863, 0x0863, 0x0863, 0x0863, 0x0863, 0x0863, 0x0863, 0x0863, 0x0863, 0x0863,
  0x0863, 0x0863, 0x0863, 0x0863, 0x0863, 0x0863, 0x0863, 0x0863, 0x0863, 0x0863, 0x0863, 0x0863,
  0x0863, 0x0863, 0x0863, 0x0863, 0x0863, 0x0863, 0x0863, 0x0863, 0x0863, 0x0863, 0x0863, 0x0863,
  0x0863, 0x0863, 0x0863, 0x0863, 0x0863, 0x0863, 0x0863, 0x0863, 0x0863, 0x0863, 0x0863, 0x0863,
  0x0863, 0x0863, 0x0863, 0x0863, 0x0863, 0x0863, 0x0863, 0x0863, 0x0863, 0x0863, 0x0863, 0x0863,
  0x0863, 0x0863, 0x0863, 0x0863, 0x0863, 0x0863, 0x0863, 0x0863, 0x0863, 0x0863, 0x0863, 0x0863,
  0x0863, 0x0863, 0x0863, 0x0863, 0x0863, 0x0863, 0x0863, 0x0863, 0x0863, 0x0863, 0x0863, 0x0863,
  0x0863, 0x0863, 0x0863, 0x0863, 0x0863, 0x0863, 0x0863, 0x0863, 0x0863, 0x0863, 0x0863, 0x0863,
  0x0863, 0x0863, 0x0863, 0x0863, 0x0863, 0x0863, 0x0863, 0x0863, 0x0863, 0x0863, 0x0863, 0x0863,
  0x0863, 0x0863, 0x0863, 0x0863, 0x0863, 0x0863, 0x0863, 0x0863, 0x0883, 0x0042, 0x51A6, 0xDC2D,
  0xD3EC, 0xD3ED, 0xD3ED, 0xD3ED, 0xD3ED, 0xD3ED, 0xD40E, 0x3946, 0x0042, 0x0883, 0x0863, 0x0863,
  0x0863, 0x0863, 0x0863, 0x0863, 0x0863, 0x0863, 0x0863, 0x0863, 0x0863, 0x0863, 0x0863, 0x0863,
  0x0863, 0x0863, 0x0863, 0x0863, 0x0863, 0x0863, 0x0863, 0x0863, 0x0863, 0x0863, 0x0863, 0x0863,
  0x0863, 0x0863, 0x0863, 0x0863, 0x0863, 0x0863, 0x0863, 0x0863, 0x0883, 0x0042, 0x18E5, 0x8B72,
  0xBC78, 0xAC37, 0xAC37, 0xAC37, 0xA438, 0xA438, 0xA438, 0xA438, 0xA458, 0xA459, 0xA459, 0xA459,
  0x9C59, 0x9C59, 0x9C59, 0x9C59, 0x9C5A, 0x9C5A, 0x9C5A, 0x9C3A, 0xA49B, 0x39CB, 0x0022, 0x0883,
  0x0863, 0x0863, 0x0863, 0x0863, 0x0863, 0x0863, 0x0863, 0x0863, 0x0863, 0x0863, 0x0863, 0x0863,
  0x0863, 0x0863, 0x0863, 0x0863, 0x0863, 0x0863, 0x0863, 0x0863, 0x0863, 0x0863, 0x0863, 0x0863,
  0x0863, 0x0863, 0x0863, 0x0863, 0x0863, 0x0863, 0x0863, 0x0863, 0x0863, 0x0863, 0x0863, 0x0863,
  0x0863, 0x0863, 0x0863, 0x0863, 0x0863, 0x0863, 0x0863, 0x0863, 0x0863, 0x0863, 0x0863, 0x0863,
  0x0863, 0x0863, 0x0863, 0x0863, 0x0863, 0x0863, 0x0863, 0x0863, 0x0863, 0x0863, 0x0863, 0x0863,
  0x0863, 0x0863, 0x0863, 0x0863, 0x0863, 0x0863, 0x0863, 0x0863, 0x0863, 0x0863, 0x0863, 0x0863,
  0x0863, 0x0863, 0x0863, 0x0863, 0x0863, 0x0863, 0x0863, 0x0863, 0x0863, 0x0863, 0x0863, 0x0863,
  0x0863, 0x0863, 0x0863, 0x0863, 0x0863, 0x0863, 0x0863, 0x0863, 0x0863, 0x0863, 0x0863, 0x0863,
  0x0863, 0x0863, 0x0863, 0x0863, 0x0863, 0x0863, 0x0863, 0x0863, 0x0863, 0x0863, 0x0863, 0x0863,
  0x0863, 0x0863, 0x0863, 0x0863, 0x0863, 0x0863, 0x0863, 0x0863, 0x0863, 0x0863, 0x0863, 0x0863,
  0x0863, 0x0863, 0x0863, 0x0863, 0x0863, 0x0863, 0x0863, 0x0863, 0x0863, 0x0863, 0x0863, 0x0863,
  0x0863, 0x0863, 0x0863, 0x0863, 0x0863, 0x0863, 0x0863, 0x0863, 0x0863, 0x0863, 0x0863, 0x0863,
  0x0863, 0x0863, 0x0863, 0x0863, 0x0863, 0x0863, 0x0863, 0x0863, 0x0863, 0x0863, 0x0863, 0x0863,
  0x0863, 0x0863, 0x0863, 0x0863, 0x0863, 0x0863, 0x0863, 0x0863, 0x0883, 0x0043, 0x3125, 0xD3ED,
  0xD3EC, 0xD3ED, 0xD3ED, 0xD3ED, 0xCBCD, 0xE42E, 0x7228, 0x0022, 0x0883, 0x0863, 0x0863, 0x0863,
  0x0863, 0x0863, 0x0863, 0x0863, 0x0863, 0x0863, 0x0863, 0x0863, 0x0863, 0x0863, 0x0863, 0x0863,
  0x0863, 0x0863, 0x0863, 0x0863, 0x0863, 0x0863, 0x0863, 0x0863, 0x0863, 0x0863, 0x0863, 0x0863,
  0x0863, 0x0863, 0x0863, 0x0863, 0x0863, 0x0863, 0x0883, 0x0883, 0x0022, 0x3988, 0xA3F5, 0xB457,
  0xAC16, 0xAC37, 0xAC37, 0xAC37, 0xA438, 0xA438, 0xA438, 0xA438, 0xA458, 0xA459, 0xA459, 0xA459,
  0x9C59, 0x9C59, 0x9C59, 0x9C59, 0x9C5A, 0x9C5A, 0x9C5A, 0x9C7B, 0x8BD7, 0x0884, 0x0863, 0x0863,
  0x0863, 0x0863, 0x0863, 0x0863, 0x0863, 0x0863, 0x0863, 0x0863, 0x0863, 0x0863, 0x0863, 0x0863,
  0x0863, 0x0863, 0x0863, 0x0863, 0x0863, 0x0863, 0x0863, 0x0863, 0x0863, 0x0863, 0x0863, 0x0863,
  0x0863, 0x0863, 0x0863, 0x0863, 0x0863, 0x0863, 0x0863, 0x0863, 0x0863, 0x0863, 0x0863, 0x0863,
  0x0863, 0x0863, 0x0863, 0x0863, 0x0863, 0x0863, 0x0863, 0x0863, 0x0863, 0x0863, 0x0863, 0x0863,
  0x0863, 0x0863, 0x0863, 0x0863, 0x0863, 0x0863, 0x0863, 0x0863, 0x0863, 0x0863, 0x0863, 0x0863,
  0x0863, 0x0863, 0x0863, 0x0863, 0x0863, 0x0863, 0x0863, 0x0863, 0x0863, 0x0863, 0x0863, 0x0863,
  0x0863, 0x0863, 0x0863, 0x0863, 0x0863, 0x0863, 0x0863, 0x0863, 0x0863, 0x0863, 0x0863, 0x0863,
  0x0863, 0x0863, 0x0863, 0x0863, 0x0863, 0x0863, 0x0863, 0x0863, 0x0863, 0x0863, 0x0863, 0x0863,
  0x0863, 0x0863, 0x0863, 0x0863, 0x0863, 0x0863, 0x0863, 0x0863, 0x0863, 0x0863, 0x0863, 0x0863,
  0x0863, 0x0863, 0x0863, 0x0863, 0x0863, 0x0863, 0x0863, 0x0863, 0x0863, 0x0863, 0x0863, 0x0863,
  0x0863, 0x0863, 0x0863, 0x0863, 0x0863, 0x0863, 0x0863, 0x0863, 0x0863, 0x0863, 0x0863, 0x0863,
  0x0863, 0x0863, 0x0863, 0x0863, 0x0863, 0x0863, 0x0863, 0x0863, 0x0863, 0x0863, 0x0863, 0x0863,
  0x0863, 0x0863, 0x0863, 0x0863, 0x0863, 0x0863, 0x0863, 0x0863, 0x0863, 0x0863, 0x0863, 0x0863,
  0x0863, 0x0863, 0x0863, 0x0863, 0x0863, 0x0863, 0x0863, 0x0863, 0x0883, 0x0063, 0x20E4, 0xCBCC,
  0xD3ED, 0xD3ED, 0xD3ED, 0xCBCD, 0xDC0E, 0xA32B, 0x0063, 0x0863, 0x0863, 0x0863, 0x0863, 0x0863,
  0x0863, 0x0863, 0x0863, 0x0863, 0x0863, 0x0863, 0x0863, 0x0863, 0x0863, 0x0863, 0x0863, 0x0863,
  0x0863, 0x0863, 0x0863, 0x0863, 0x0863, 0x0863, 0x0863, 0x0863, 0x0863, 0x0863, 0x0863, 0x0863,
  0x0863, 0x0863, 0x0863, 0x0863, 0x0863, 0x0883, 0x0863, 0x0042, 0x522C, 0xB457, 0xB437, 0xAC16,
  0xAC37, 0xAC37, 0xAC37, 0xAC37, 0xA438, 0xA438, 0xA438, 0xA438, 0xA458, 0xA459, 0xA459, 0xA459,
  0x9C59, 0x9C59, 0x9C59, 0x9C59, 0x9C5A, 0x9C5A, 0x9C39, 0xA49B, 0x4A4E, 0x0021, 0x0883, 0x0863,
  0x0863, 0x0863, 0x0863, 0x0863, 0x0863, 0x0863, 0x0863, 0x0863, 0x0863, 0x0863, 0x0863, 0x0863,
  0x0863, 0x0863, 0x0863, 0x0863, 0x0863, 0x0863, 0x0863, 0x0863, 0x0863, 0x0863, 0x0863, 0x0863,
  0x0863, 0x0863, 0x0863, 0x0863, 0x0863, 0x0863, 0x0863, 0x0863, 0x0863, 0x0863, 0x0863, 0x0863,
  0x0863, 0x0863, 0x0863, 0x0863, 0x0863, 0x0863, 0x0863, 0x0863, 0x0863, 0x0863, 0x0863, 0x0863,
  0x0863, 0x0863, 0x0863, 0x0863, 0x0863, 0x0863, 0x0863, 0x0863, 0x0863, 0x0863, 0x0863, 0x0863,
  0x0863, 0x0863, 0x0863, 0x0863, 0x0863, 0x0863, 0x0863, 0x0863, 0x0863, 0x0863, 0x0863, 0x0863,
  0x0863, 0x0863, 0x0863, 0x0863, 0x0863, 0x0863, 0x0863, 0x0863, 0x0863, 0x0863, 0x0863, 0x0863,
  0x0863, 0x0863, 0x0863, 0x0863, 0x0863, 0x0863, 0x0863, 0x0863, 0x0863, 0x0863, 0x0863, 0x0863,
  0x0863, 0x0863, 0x0863, 0x0863, 0x0863, 0x0863, 0x0863, 0x0863, 0x0863, 0x0863, 0x0863, 0x0863,
  0x0863, 0x0863, 0x0863, 0x0863, 0x0863, 0x0863, 0x0863, 0x0863, 0x0863, 0x0863, 0x0863, 0x0863,
  0x0863, 0x0863, 0x0863, 0x0863, 0x0863, 0x0863, 0x0863, 0x0863, 0x0863, 0x0863, 0x0863, 0x0863,
  0x0863, 0x0863, 0x0863, 0x0863, 0x0863, 0x0863, 0x0863, 0x0863, 0x0863, 0x0863, 0x0863, 0x0863,
  0x0863, 0x0863, 0x0863, 0x0863, 0x0863, 0x0863, 0x0863, 0x0863, 0x0863, 0x0863, 0x0863, 0x0863,
  0x0863, 0x0863, 0x0863, 0x0863, 0x0863, 0x0863, 0x0863, 0x0863, 0x0883, 0x0063, 0x18C4, 0xCBAC,
  0xD3ED, 0xD3ED, 0xD3ED, 0xD3ED, 0xCBCD, 0x20E4, 0x0043, 0x0883, 0x0863, 0x0863, 0x0863, 0x0863,
  0x0863, 0x0863, 0x0863, 0x0863, 0x0863, 0x0863, 0x0863, 0x0863, 0x0863, 0x0863, 0x0863, 0x0863,
  0x0863, 0x0863, 0x0863, 0x0863, 0x0863, 0x0863, 0x0863, 0x0863, 0x0863, 0x0863, 0x0863, 0x0863,
  0x0863, 0x0863, 0x0863, 0x0863, 0x0883, 0x0063, 0x0863, 0x72CF, 0xBC77, 0xAC36, 0xAC36, 0xAC36,
  0xAC37, 0xAC37, 0xAC37, 0xAC37, 0xA438, 0xA438, 0xA438, 0xA438, 0xA458, 0xA459, 0xA459, 0xA459,
  0x9C59, 0x9C59, 0x9C59, 0x9C59, 0x9C5A, 0x9C5A, 0x9C5A, 0x8C18, 0x10A5, 0x0863, 0x0883, 0x0863,
  0x0863, 0x0863, 0x0863, 0x0863, 0x0863, 0x0863, 0x0863, 0x0863, 0x0863, 0x0863, 0x0863, 0x0863,
  0x0863, 0x0863, 0x0863, 0x0863, 0x0863, 0x0863, 0x0863, 0x0863, 0x0863, 0x0863, 0x0863, 0x0863,
  0x0863, 0x0863, 0x0863, 0x0863, 0x0863, 0x0863, 0x0863, 0x0863, 0x0863, 0x0863, 0x0863, 0x0863,
  0x0863, 0x0863, 0x0863, 0x0863, 0x0863, 0x0863, 0x0863, 0x0863, 0x0863, 0x0863, 0x0863, 0x0863,
  0x0863, 0x0863, 0x0863, 0x0863, 0x0863, 0x0863, 0x0863, 0x0863, 0x0863, 0x0863, 0x0863, 0x0863,
  0x0863, 0x0863, 0x0863, 0x0863, 0x0863, 0x0863, 0x0863, 0x0863, 0x0863, 0x0863, 0x0863, 0x0863,
  0x0863, 0x0863, 0x0863, 0x0863, 0x0863, 0x0863, 0x0863, 0x0863, 0x0863, 0x0863, 0x0863, 0x0863,
  0x0863, 0x0863, 0x0863, 0x0863, 0x0863, 0x0863, 0x0863, 0x0863, 0x0863, 0x0863, 0x0863, 0x0863,
  0x0863, 0x0863, 0x0863, 0x0863, 0x0863, 0x0863, 0x0863, 0x0863, 0x0863, 0x0863, 0x0863, 0x0863,
  0x0863, 0x0863, 0x0863, 0x0863, 0x0863, 0x0863, 0x0863, 0x0863, 0x0863, 0x0863, 0x0863, 0x0863,
  0x0863, 0x0863, 0x0863, 0x0863, 0x0863, 0x0863, 0x0863, 0x0863, 0x0863, 0x0863, 0x0863, 0x0863,
  0x0863, 0x0863, 0x0863, 0x0863, 0x0863, 0x0863, 0x0863, 0x0863, 0x0863, 0x0863, 0x0863, 0x0863,
  0x0863, 0x0863, 0x0863, 0x0863, 0x0863, 0x0863, 0x0863, 0x0863, 0x0863, 0x0863, 0x0863, 0x0863,
  0x0863, 0x0863, 0x0863, 0x0863, 0x0863, 0x0863, 0x0863, 0x0863, 0x0883, 0x0063, 0x18C4, 0xCBCC,
  0xD3ED, 0xD3ED, 0xD3ED, 0xDC0E, 0x4986, 0x0042, 0x0883, 0x0863, 0x0863, 0x0863, 0x0863, 0x0863,
  0x0863, 0x0863, 0x0863, 0x0863, 0x0863, 0x0863, 0x0863, 0x0863, 0x0863, 0x0863, 0x0863, 0x0863,
  0x0863, 0x0863, 0x0863, 0x0863, 0x0863, 0x0863, 0x0863, 0x0863, 0x0863, 0x0863, 0x0863, 0x0863,
  0x0863, 0x0863, 0x0863, 0x0883, 0x0042, 0x10A4, 0x8B51, 0xBC77, 0xAC16, 0xAC36, 0xAC36, 0xAC36,
  0xAC37, 0xAC37, 0xAC37, 0xAC37, 0xA438, 0xA438, 0xA438, 0xA438, 0xA458, 0xA459, 0xA459, 0xA459,
  0x9C59, 0x9C59, 0x9C59, 0x9C59, 0x9C5A, 0x9C39, 0xA49B, 0x4A4E, 0x0021, 0x0883, 0x0863, 0x0863,
  0x0863, 0x0863, 0x0863, 0x0863, 0x0863, 0x0863, 0x0863, 0x0863, 0x0863, 0x0863, 0x0863, 0x0863,
  0x0863, 0x0863, 0x0863, 0x0863, 0x0863, 0x0863, 0x0863, 0x0863, 0x0863, 0x0863, 0x0863, 0x0863,
  0x0863, 0x0863, 0x0863, 0x0863, 0x0863, 0x0863, 0x0863, 0x0863, 0x0863, 0x0863, 0x0863, 0x0863,
  0x0863, 0x0863, 0x0863, 0x0863, 0x0863, 0x0863, 0x0863, 0x0863, 0x0863, 0x0863, 0x0863, 0x0863,
  0x0863, 0x0863, 0x0863, 0x0863, 0x0863, 0x0863, 0x0863, 0x0863, 0x0863, 0x0863, 0x0863, 0x0863,
  0x0863, 0x0863, 0x0863, 0x0863, 0x0863, 0x0863, 0x0863, 0x0863, 0x0863, 0x0863, 0x0863, 0x0863,
  0x0863, 0x0863, 0x0863, 0x0863, 0x0863, 0x0863, 0x0863, 0x0863, 0x0863, 0x0863, 0x0863, 0x0863,
  0x0863, 0x0863, 0x0863, 0x0863, 0x0863, 0x0863, 0x0863, 0x0863, 0x0863, 0x0863, 0x0863, 0x0863,
  0x0863, 0x0863, 0x0863, 0x0863, 0x0863, 0x0863, 0x0863, 0x0863, 0x0863, 0x0863, 0x0863, 0x0863,
  0x0863, 0x0863, 0x0863, 0x0863, 0x0863, 0x0863, 0x0863, 0x0863, 0x0863, 0x0863, 0x0863, 0x0863,
  0x0863, 0x0863, 0x0863, 0x0863, 0x0863, 0x0863, 0x0863, 0x0863, 0x0863, 0x0863, 0x0863, 0x0863,
  0x0863, 0x0863, 0x0863, 0x0863, 0x0863, 0x0863, 0x0863, 0x0863, 0x0863, 0x0863, 0x0863, 0x0863,
  0x0863, 0x0863, 0x0863, 0x0863, 0x0863, 0x0863, 0x0863, 0x0863, 0x0863, 0x0863, 0x0863, 0x0863,
  0x0863, 0x0863, 0x0863, 0x0863, 0x0863, 0x0863, 0x0863, 0x0863, 0x0883, 0x0063, 0x20E4, 0xCBCC,
  0xD3ED, 0xCBCC, 0xE42E, 0x7248, 0x0022, 0x0883, 0x0863, 0x0863, 0x0863, 0x0863, 0x0863, 0x0863,
  0x0863, 0x0863, 0x0863, 0x0863, 0x0863, 0x0863, 0x0863, 0x0863, 0x0863, 0x0863, 0x0863, 0x0863,
  0x0863, 0x0863, 0x0863, 0x0863, 0x0863, 0x0863, 0x0863, 0x0863, 0x0863, 0x0863, 0x0863, 0x0863,
  0x0863, 0x0863, 0x0883, 0x0042, 0x18E5, 0x9B93, 0xBC56, 0xAC15, 0xB436, 0xAC36, 0xAC36, 0xAC36,
  0xAC37, 0xAC37, 0xAC37, 0xAC37, 0xA438, 0xA438, 0xA438, 0xA438, 0xA458, 0xA459, 0xA459, 0xA459,
  0x9C59, 0x9C59, 0x9C59, 0x9C59, 0x9C59, 0xA47A, 0x8BD7, 0x0884, 0x0863, 0x0883, 0x0863, 0x0863,
  0x0863, 0x0863, 0x0863, 0x0863, 0x0863, 0x0863, 0x0863, 0x0863, 0x0863, 0x0863, 0x0863, 0x0863,
  0x0863, 0x0863, 0x0863, 0x0863, 0x0863, 0x0863, 0x0863, 0x0863, 0x0863, 0x0863, 0x0863, 0x0863,
  0x0863, 0x0863, 0x0863, 0x0863, 0x0863, 0x0863, 0x0863, 0x0863, 0x0863, 0x0863, 0x0863, 0x0863,
  0x0863, 0x0863, 0x0863, 0x0863, 0x0863, 0x0863, 0x0863, 0x0863, 0x0863, 0x0863, 0x0863, 0x0863,
  0x0863, 0x0863, 0x0863, 0x0863, 0x0863, 0x0863, 0x0863, 0x0863, 0x0863, 0x0863, 0x0863, 0x0863,
  0x0863, 0x0863, 0x0863, 0x0863, 0x0863, 0x0863, 0x0863, 0x0863, 0x0863, 0x0863, 0x0863, 0x0863,
  0x0863, 0x0863, 0x0863, 0x0863, 0x0863, 0x0863, 0x0863, 0x0863, 0x0863, 0x0863, 0x0863, 0x0863,
  0x0863, 0x0863, 0x0863, 0x0863, 0x0863, 0x0863, 0x0863, 0x0863, 0x0863, 0x0863, 0x0863, 0x0863,
  0x0863, 0x0863, 0x0863, 0x0863, 0x0863, 0x0863, 0x0863, 0x0863, 0x0863, 0x0863, 0x0863, 0x0863,
  0x0863, 0x0863, 0x0863, 0x0863, 0x0863, 0x0863, 0x0863, 0x0863, 0x0863, 0x0863, 0x0863, 0x0863,
  0x0863, 0x0863, 0x0863, 0x0863, 0x0863, 0x0863, 0x0863, 0x0863, 0x0863, 0x0863, 0x0863, 0x0863,
  0x0863, 0x0863, 0x0863, 0x0863, 0x0863, 0x0863, 0x0863, 0x0863, 0x0863, 0x0863, 0x0863, 0x0863,
  0x0863, 0x0863, 0x0863, 0x0863, 0x0863, 0x0863, 0x0863, 0x0863, 0x0863, 0x0863, 0x0863, 0x0863,
  0x0863, 0x0863, 0x0863, 0x0863, 0x0863, 0x0863, 0x0863, 0x0863, 0x0883, 0x0043, 0x3945, 0xDC0D,
  0xCBCC, 0xDC2D, 0x9B0A, 0x0063, 0x0863, 0x0863, 0x0863, 0x0863, 0x0863, 0x0863, 0x0863, 0x0863,
  0x0863, 0x0863, 0x0863, 0x0863, 0x0863, 0x0863, 0x0863, 0x0863, 0x0863, 0x0863, 0x0863, 0x0863,
  0x0863, 0x0863, 0x0863, 0x0863, 0x0863, 0x0863, 0x0863, 0x0863, 0x0863, 0x0863, 0x0863, 0x0863,
  0x0863, 0x0883, 0x0022, 0x2926, 0xABF4, 0xBC56, 0xB435, 0xB436, 0xB436, 0xAC16, 0xAC16, 0xAC36,
  0xAC37, 0xAC37, 0xAC37, 0xAC37, 0xA438, 0xA438, 0xA438, 0xA438, 0xA458, 0xA459, 0xA459, 0xA459,
  0x9C59, 0x9C59, 0x9C59, 0x9C59, 0x9C39, 0xA49B, 0x39CB, 0x0022, 0x0883, 0x0863, 0x0863, 0x0863,
  0x0863, 0x0863, 0x0863, 0x0863, 0x0863, 0x0863, 0x0863, 0x0863, 0x0863, 0x0863, 0x0863, 0x0863,
  0x0863, 0x0863, 0x0863, 0x0863, 0x0863, 0x0863, 0x0863, 0x0863, 0x0863, 0x0863, 0x0863, 0x0863,
  0x0863, 0x0863, 0x0863, 0x0863, 0x0863, 0x0863, 0x0863, 0x0863, 0x0863, 0x0863, 0x0863, 0x0863,
  0x0863, 0x0863, 0x0863, 0x0863, 0x0863, 0x0863, 0x0863, 0x0863, 0x0863, 0x0863, 0x0863, 0x0863,
  0x0863, 0x0863, 0x0863, 0x0863, 0x0863, 0x0863, 0x0863, 0x0863, 0x0863, 0x0863, 0x0863, 0x0863,
  0x0863, 0x0863, 0x0863, 0x0863, 0x0863, 0x0863, 0x0863, 0x0863, 0x0863, 0x0863, 0x0863, 0x0863,
  0x0863, 0x0863, 0x0863, 0x0863, 0x0863, 0x0863, 0x0863, 0x0863, 0x0863, 0x0863, 0x0863, 0x0863,
  0x0863, 0x0863, 0x0863, 0x0863, 0x0863, 0x0863, 0x0863, 0x0863, 0x0863, 0x0863, 0x0863, 0x0863,
  0x0863, 0x0863, 0x0863, 0x0863, 0x0863, 0x0863, 0x0863, 0x0863, 0x0863, 0x0863, 0x0863, 0x0863,
  0x0863, 0x0863, 0x0863, 0x0863, 0x0863, 0x0863, 0x0863, 0x0863, 0x0863, 0x0863, 0x0863, 0x0863,
  0x0863, 0x0863, 0x0863, 0x0863, 0x0863, 0x0863, 0x0863, 0x0863, 0x0863, 0x0863, 0x0863, 0x0863,
  0x0863, 0x0863, 0x0863, 0x0863, 0x0863, 0x0863, 0x0863, 0x0863, 0x0863, 0x0863, 0x0863, 0x0863,
  0x0863, 0x0863, 0x0863, 0x0863, 0x0863, 0x0863, 0x0863, 0x0863, 0x0863, 0x0863, 0x0863, 0x0863,
  0x0863, 0x0863, 0x0863, 0x0863, 0x0863, 0x0863, 0x0863, 0x0863, 0x0883, 0x0042, 0x59C7, 0xDC0D,
  0xD40D, 0xBB6B, 0x10A4, 0x0063, 0x0883, 0x0863, 0x0863, 0x0863, 0x0863, 0x0863, 0x0863, 0x0863,
  0x0863, 0x0863, 0x0863, 0x0863, 0x0863, 0x0863, 0x0863, 0x0863, 0x0863, 0x0863, 0x0863, 0x0863,
  0x0863, 0x0863, 0x0863, 0x0863, 0x0863, 0x0863, 0x0863, 0x0863, 0x0863, 0x0863, 0x0863, 0x0863,
  0x0883, 0x0042, 0x3988, 0xBC56, 0xBC56, 0xA3F4, 0xA3D4, 0xA3F4, 0xAC36, 0xBC77, 0xBC77, 0xAC37,
  0xAC36, 0xAC37, 0xAC37, 0xAC37, 0xA438, 0xA438, 0xA438, 0xA438, 0xA458, 0xA459, 0xA459, 0xA459,
  0x9C59, 0x9C59, 0x9C59, 0x9C39, 0xA49B, 0x7354, 0x0042, 0x0883, 0x0863, 0x0863, 0x0863, 0x0863,
  0x0863, 0x0863, 0x0863, 0x0863, 0x0863, 0x0863, 0x0863, 0x0863, 0x0863, 0x0863, 0x0863, 0x0863,
  0x0863, 0x0863, 0x0863, 0x0863, 0x0863, 0x0863, 0x0863, 0x0863, 0x0863, 0x0863, 0x0863, 0x0863,
  0x0863, 0x0863, 0x0863, 0x0863, 0x0863, 0x0863, 0x0863, 0x0863, 0x0863, 0x0863, 0x0863, 0x0863,
  0x0863, 0x0863, 0x0863, 0x0863, 0x0863, 0x0863, 0x0863, 0x0863, 0x0863, 0x0863, 0x0863, 0x0863,
  0x0863, 0x0863, 0x0863, 0x0863, 0x0863, 0x0863, 0x0863, 0x0863, 0x0863, 0x0863, 0x0863, 0x0863,
  0x0863, 0x0863, 0x0863, 0x0863, 0x0863, 0x0863, 0x0863, 0x0863, 0x0863, 0x0863, 0x0863, 0x0863,
  0x0863, 0x0863, 0x0863, 0x0863, 0x0863, 0x0863, 0x0863, 0x0863, 0x0863, 0x0863, 0x0863, 0x0863,
  0x0863, 0x0863, 0x0863, 0x0863, 0x0863, 0x0863, 0x0863, 0x0863, 0x0863, 0x0863, 0x0863, 0x0863,
  0x0863, 0x0863, 0x0863, 0x0863, 0x0863, 0x0863, 0x0863, 0x0863, 0x0863, 0x0863, 0x0863, 0x0863,
  0x0863, 0x0863, 0x0863, 0x0863, 0x0863, 0x0863, 0x0863, 0x0863, 0x0863, 0x0863, 0x0863, 0x0863,
  0x0863, 0x0863, 0x0863, 0x0863, 0x0863, 0x0863, 0x0863, 0x0863, 0x0863, 0x0863, 0x0863, 0x0863,
  0x0863, 0x0863, 0x0863, 0x0863, 0x0863, 0x0863, 0x0863, 0x0863, 0x0863, 0x0863, 0x0863, 0x0863,
  0x0863, 0x0863, 0x0863, 0x0863, 0x0863, 0x0863, 0x0863, 0x0863, 0x0863, 0x0863, 0x0863, 0x0863,
  0x0863, 0x0863, 0x0863, 0x0863, 0x0863, 0x0863, 0x0863, 0x0863, 0x0883, 0x0042, 0x8289, 0xE42D,
  0xCBCC, 0x2905, 0x0043, 0x0883, 0x0863, 0x0863, 0x0863, 0x0863, 0x0863, 0x0863, 0x0863, 0x0863,
  0x0863, 0x0863, 0x0863, 0x0863, 0x0863, 0x0863, 0x0863, 0x0863, 0x0863, 0x0863, 0x0863, 0x0863,
  0x0863, 0x0863, 0x0863, 0x0863, 0x0863, 0x0863, 0x0863, 0x0863, 0x0863, 0x0863, 0x0863, 0x0883,
  0x0042, 0x2927, 0x9351, 0x5A2B, 0x2926, 0x18C5, 0x10A4, 0x10A4, 0x2106, 0x41CA, 0x72F0, 0xAC16,
  0xB478, 0xAC37, 0xAC37, 0xAC37, 0xA438, 0xA438, 0xA438, 0xA438, 0xA458, 0xA459, 0xA459, 0xA459,
  0x9C59, 0x9C59, 0x9C59, 0x9C5A, 0x9C59, 0x2107, 0x0042, 0x0883, 0x0863, 0x0863, 0x0863, 0x0863,
  0x0863, 0x0863, 0x0863, 0x0863, 0x0863, 0x0863, 0x0863, 0x0863, 0x0863, 0x0863, 0x0863, 0x0863,
  0x0863, 0x0863, 0x0863, 0x0863, 0x0863, 0x0863, 0x0863, 0x0863, 0x0863, 0x0863, 0x0863, 0x0863,
  0x0863, 0x0863, 0x0863, 0x0863, 0x0863, 0x0863, 0x0863, 0x0863, 0x0863, 0x0863, 0x0863, 0x0863,
  0x0863, 0x0863, 0x0863, 0x0863, 0x0863, 0x0863, 0x0863, 0x0863, 0x0863, 0x0863, 0x0863, 0x0863,
  0x0863, 0x0863, 0x0863, 0x0863, 0x0863, 0x0863, 0x0863, 0x0863, 0x0863, 0x0863, 0x0863, 0x0863,
  0x0863, 0x0863, 0x0863, 0x0863, 0x0863, 0x0863, 0x0863, 0x0863, 0x0863, 0x0863, 0x0863, 0x0863,
  0x0863, 0x0863, 0x0863, 0x0863, 0x0863, 0x0863, 0x0863, 0x0863, 0x0863, 0x0863, 0x0863, 0x0863,
  0x0863, 0x0863, 0x0863, 0x0863, 0x0863, 0x0863, 0x0863, 0x0863, 0x0863, 0x0863, 0x0863, 0x0863,
  0x0863, 0x0863, 0x0863, 0x0863, 0x0863, 0x0863, 0x0863, 0x0863, 0x0863, 0x0863, 0x0863, 0x0863,
  0x0863, 0x0863, 0x0863, 0x0863, 0x0863, 0x0863, 0x0863, 0x0863, 0x0863, 0x0863, 0x0863, 0x0863,
  0x0863, 0x0863, 0x0863, 0x0863, 0x0863, 0x0863, 0x0863, 0x0863, 0x0863, 0x0863, 0x0863, 0x0863,
  0x0863, 0x0863, 0x0863, 0x0863, 0x0863, 0x0863, 0x0863, 0x0863, 0x0863, 0x0863, 0x0863, 0x0863,
  0x0863, 0x0863, 0x0863, 0x0863, 0x0863, 0x0863, 0x0863, 0x0863, 0x0863, 0x0863, 0x0863, 0x0863,
  0x0863, 0x0863, 0x0863, 0x0863, 0x0863, 0x0863, 0x0863, 0x0863, 0x0863, 0x0883, 0xBB6B, 0xE42D,
  0x4186, 0x0042, 0x0883, 0x0863, 0x0863, 0x0863, 0x0863, 0x0863, 0x0863, 0x0863, 0x0863, 0x0863,
  0x0863, 0x0863, 0x0863, 0x0863, 0x0863, 0x0863, 0x0863, 0x0863, 0x0863, 0x0863, 0x0863, 0x0863,
  0x0863, 0x0863, 0x0863, 0x0863, 0x0863, 0x0863, 0x0863, 0x0863, 0x0863, 0x0863, 0x0863, 0x0863,
  0x0863, 0x10A4, 0x0863, 0x0022, 0x0042, 0x0063, 0x0863, 0x0863, 0x0042, 0x0042, 0x0042, 0x2106,
  0x72F0, 0xB478, 0xAC37, 0xA437, 0xA438, 0xA438, 0xA438, 0xA438, 0xA458, 0xA459, 0xA459, 0xA459,
  0x9C59, 0x9C59, 0x9C39, 0xA49B, 0x4A4E, 0x0021, 0x0883, 0x0863, 0x0863, 0x0863, 0x0863, 0x0863,
  0x0863, 0x0863, 0x0863, 0x0863, 0x0863, 0x0863, 0x0863, 0x0863, 0x0863, 0x0863, 0x0863, 0x0863,
  0x0863, 0x0863, 0x0863, 0x0863, 0x0863, 0x0863, 0x0863, 0x0863, 0x0863, 0x0863, 0x0863, 0x0863,
  0x0863, 0x0863, 0x0863, 0x0863, 0x0863, 0x0863, 0x0863, 0x0863, 0x0863, 0x0863, 0x0863, 0x0863,
  0x0863, 0x0863, 0x0863, 0x0863, 0x0863, 0x0863, 0x0863, 0x0863, 0x0863, 0x0863, 0x0863, 0x0863,
  0x0863, 0x0863, 0x0863, 0x0863, 0x0863, 0x0863, 0x0863, 0x0863, 0x0863, 0x0863, 0x0863, 0x0863,
  0x0863, 0x0863, 0x0863, 0x0863, 0x0863, 0x0863, 0x0863, 0x0863, 0x0863, 0x0863, 0x0863, 0x0863,
  0x0863, 0x0863, 0x0863, 0x0863, 0x0863, 0x0863, 0x0863, 0x0863, 0x0863, 0x0863, 0x0863, 0x0863,
  0x0863, 0x0863, 0x0863, 0x0863, 0x0863, 0x0863, 0x0863, 0x0863, 0x0863, 0x0863, 0x0863, 0x0863,
  0x0863, 0x0863, 0x0863, 0x0863, 0x0863, 0x0863, 0x0863, 0x0863, 0x0863, 0x0863, 0x0863, 0x0863,
  0x0863, 0x0863, 0x0863, 0x0863, 0x0863, 0x0863, 0x0863, 0x0863, 0x0863, 0x0863, 0x0863, 0x0863,
  0x0863, 0x0863, 0x0863, 0x0863, 0x0863, 0x0863, 0x0863, 0x0863, 0x0863, 0x0863, 0x0863, 0x0863,
  0x0863, 0x0863, 0x0863, 0x0863, 0x0863, 0x0863, 0x0863, 0x0863, 0x0863, 0x0863, 0x0863, 0x0863,
  0x0863, 0x0863, 0x0863, 0x0863, 0x0863, 0x0863, 0x0863, 0x0863, 0x0863, 0x0863, 0x0863, 0x0863,
  0x0863, 0x0863, 0x0863, 0x0863, 0x0863, 0x0863, 0x0863, 0x0883, 0x0043, 0x4986, 0xEC4D, 0x59E7,
  0x0022, 0x0883, 0x0863, 0x0863, 0x0863, 0x0863, 0x0863, 0x0863, 0x0863, 0x0863, 0x0863, 0x0863,
  0x0863, 0x0863, 0x0863, 0x0863, 0x0863, 0x0863, 0x0863, 0x0863, 0x0863, 0x0863, 0x0863, 0x0863,
  0x0863, 0x0863, 0x0863, 0x0863, 0x0863, 0x0863, 0x0863, 0x0863, 0x0863, 0x0863, 0x0863, 0x0863,
  0x0863, 0x0863, 0x0863, 0x0883, 0x0883, 0x0883, 0x0863, 0x0883, 0x0883, 0x0883, 0x0883, 0x0042,
  0x0022, 0x4A0B, 0xAC58, 0xAC37, 0xA437, 0xA438, 0xA438, 0xA438, 0xA458, 0xA459, 0xA459, 0xA459,
  0x9C59, 0x9C39, 0xA47B, 0x7B75, 0x0863, 0x0863, 0x0863, 0x0863, 0x0863, 0x0863, 0x0863, 0x0863,
  0x0863, 0x0863, 0x0863, 0x0863, 0x0863, 0x0863, 0x0863, 0x0863, 0x0863, 0x0863, 0x0863, 0x0863,
  0x0863, 0x0863, 0x0863, 0x0863, 0x0863, 0x0863, 0x0863, 0x0863, 0x0863, 0x0863, 0x0863, 0x0863,
  0x0863, 0x0863, 0x0863, 0x0863, 0x0863, 0x0863, 0x0863, 0x0863, 0x0863, 0x0863, 0x0863, 0x0863,
  0x0863, 0x0863, 0x0863, 0x0863, 0x0863, 0x0863, 0x0863, 0x0863, 0x0863, 0x0863, 0x0863, 0x0863,
  0x0863, 0x0863, 0x0863, 0x0863, 0x0863, 0x0863, 0x0863, 0x0863, 0x0863, 0x0863, 0x0863, 0x0863,
  0x0863, 0x0863, 0x0863, 0x0863, 0x0863, 0x0863, 0x0863, 0x0863, 0x0863, 0x0863, 0x0863, 0x0863,
  0x0863, 0x0863, 0x0863, 0x0863, 0x0863, 0x0863, 0x0863, 0x0863, 0x0863, 0x0863, 0x0863, 0x0863,
  0x0863, 0x0863, 0x0863, 0x0863, 0x0863, 0x0863, 0x0863, 0x0863, 0x0863, 0x0863, 0x0863, 0x0863,
  0x0863, 0x0863, 0x0863, 0x0863, 0x0863, 0x0863, 0x0863, 0x0863, 0x0863, 0x0863, 0x0863, 0x0863,
  0x0863, 0x0863, 0x0863, 0x0863, 0x0863, 0x0863, 0x0863, 0x0863, 0x0863, 0x0863, 0x0863, 0x0863,
  0x0863, 0x0863, 0x0863, 0x0863, 0x0863, 0x0863, 0x0863, 0x0863, 0x0863, 0x0863, 0x0863, 0x0863,
  0x0863, 0x0863, 0x0863, 0x0863, 0x0863, 0x0863, 0x0863, 0x0863, 0x0863, 0x0863, 0x0863, 0x0863,
  0x0863, 0x0863, 0x0863, 0x0863, 0x0863, 0x0863, 0x0863, 0x0863, 0x0863, 0x0863, 0x0863, 0x0863,
  0x0863, 0x0863, 0x0863, 0x0863, 0x0863, 0x0863, 0x0863, 0x0883, 0x0022, 0x8AA9, 0x8289, 0x0022,
  0x0883, 0x0863, 0x0863, 0x0863, 0x0863, 0x0863, 0x0863, 0x0863, 0x0863, 0x0863, 0x0863, 0x0863,
  0x0863, 0x0863, 0x0863, 0x0863, 0x0863, 0x0863, 0x0863, 0x0863, 0x0863, 0x0863, 0x0863, 0x0863,
  0x0863, 0x0863, 0x0863, 0x0863, 0x0863, 0x0863, 0x0863, 0x0863, 0x0863, 0x0863, 0x0863, 0x0863,
  0x0863, 0x0863, 0x0863, 0x0863, 0x0863, 0x0863, 0x0863, 0x0863, 0x0863, 0x0863, 0x0863, 0x0883,
  0x0883, 0x0021, 0x41CA, 0xAC58, 0xA438, 0xA438, 0xA438, 0xA438, 0xA458, 0xA459, 0xA459, 0xA459,
  0x9C39, 0xA459, 0x9C39, 0x2106, 0x0042, 0x0883, 0x0863, 0x0863, 0x0863, 0x0863, 0x0863, 0x0863,
  0x0863, 0x0863, 0x0863, 0x0863, 0x0863, 0x0863, 0x0863, 0x0863, 0x0863, 0x0863, 0x0863, 0x0863,
  0x0863, 0x0863, 0x0863, 0x0863, 0x0863, 0x0863, 0x0863, 0x0863, 0x0863, 0x0863, 0x0863, 0x0863,
  0x0863, 0x0863, 0x0863, 0x0863, 0x0863, 0x0863, 0x0863, 0x0863, 0x0863, 0x0863, 0x0863, 0x0863,
  0x0863, 0x0863, 0x0863, 0x0863, 0x0863, 0x0863, 0x0863, 0x0863, 0x0863, 0x0863, 0x0863, 0x0863,
  0x0863, 0x0863, 0x0863, 0x0863, 0x0863, 0x0863, 0x0863, 0x0863, 0x0863, 0x0863, 0x0863, 0x0863,
  0x0863, 0x0863, 0x0863, 0x0863, 0x0863, 0x0863, 0x0863, 0x0863, 0x0863, 0x0863, 0x0863, 0x0863,
  0x0863, 0x0863, 0x0863, 0x0863, 0x0863, 0x0863, 0x0863, 0x0863, 0x0863, 0x0863, 0x0863, 0x0863,
  0x0863, 0x0863, 0x0863, 0x0863, 0x0863, 0x0863, 0x0863, 0x0863, 0x0863, 0x0863, 0x0863, 0x0863,
  0x0863, 0x0863, 0x0863, 0x0863, 0x0863, 0x0863, 0x0863, 0x0863, 0x0863, 0x0863, 0x0863, 0x0863,
  0x0863, 0x0863, 0x0863, 0x0863, 0x0863, 0x0863, 0x0863, 0x0863, 0x0863, 0x0863, 0x0863, 0x0863,
  0x0863, 0x0863, 0x0863, 0x0863, 0x0863, 0x0863, 0x0863, 0x0863, 0x0863, 0x0863, 0x0863, 0x0863,
  0x0863, 0x0863, 0x0863, 0x0863, 0x0863, 0x0863, 0x0863, 0x0863, 0x0863, 0x0863, 0x0863, 0x0863,
  0x0863, 0x0863, 0x0863, 0x0863, 0x0863, 0x0863, 0x0863, 0x0863, 0x0863, 0x0863, 0x0863, 0x0863,
  0x0863, 0x0863, 0x0863, 0x0863, 0x0863, 0x0863, 0x0863, 0x0863, 0x0863, 0x18A4, 0x0863, 0x0863,
  0x0863, 0x0863, 0x0863, 0x0863, 0x0863, 0x0863, 0x0863, 0x0863, 0x0863, 0x0863, 0x0863, 0x0863,
  0x0863, 0x0863, 0x0863, 0x0863, 0x0863, 0x0863, 0x0863, 0x0863, 0x0863, 0x0863, 0x0863, 0x0863,
  0x0863, 0x0863, 0x0863, 0x0863, 0x0863, 0x0863, 0x0863, 0x0863, 0x0863, 0x0863, 0x0863, 0x0863,
  0x0863, 0x0863, 0x0863, 0x0863, 0x0863, 0x0863, 0x0863, 0x0863, 0x0863, 0x0863, 0x0863, 0x0863,
  0x0863, 0x0884, 0x0021, 0x5A6E, 0xB479, 0xA438, 0xA438, 0xA438, 0xA458, 0xA459, 0xA459, 0xA459,
  0x9C39, 0xAC9B, 0x41EC, 0x0021, 0x0883, 0x0863, 0x0863, 0x0863, 0x0863, 0x0863, 0x0863, 0x0863,
  0x0863, 0x0863, 0x0863, 0x0863, 0x0863, 0x0863, 0x0863, 0x0863, 0x0863, 0x0863, 0x0863, 0x0863,
  0x0863, 0x0863, 0x0863, 0x0863, 0x0863, 0x0863, 0x0863, 0x0863, 0x0863, 0x0863, 0x0863, 0x0863,
  0x0863, 0x0863, 0x0863, 0x0863, 0x0863, 0x0863, 0x0863, 0x0863, 0x0863, 0x0863, 0x0863, 0x0863,
  0x0863, 0x0863, 0x0863, 0x0863, 0x0863, 0x0863, 0x0863, 0x0863, 0x0863, 0x0863, 0x0863, 0x0863,
  0x0863, 0x0863, 0x0863, 0x0863, 0x0863, 0x0863, 0x0863, 0x0863, 0x0863, 0x0863, 0x0863, 0x0863,
  0x0863, 0x0863, 0x0863, 0x0863, 0x0863, 0x0863, 0x0863, 0x0863, 0x0863, 0x0863, 0x0863, 0x0863,
  0x0863, 0x0863, 0x0863, 0x0863, 0x0863, 0x0863, 0x0863, 0x0863, 0x0863, 0x0863, 0x0863, 0x0863,
  0x0863, 0x0863, 0x0863, 0x0863, 0x0863, 0x0863, 0x0863, 0x0863, 0x0863, 0x0863, 0x0863, 0x0863,
  0x0863, 0x0863, 0x0863, 0x0863, 0x0863, 0x0863, 0x0863, 0x0863, 0x0863, 0x0863, 0x0863, 0x0863,
  0x0863, 0x0863, 0x0863, 0x0863, 0x0863, 0x0863, 0x0863, 0x0863, 0x0863, 0x0863, 0x0863, 0x0863,
  0x0863, 0x0863, 0x0863, 0x0863, 0x0863, 0x0863, 0x0863, 0x0863, 0x0863, 0x0863, 0x0863, 0x0863,
  0x0863, 0x0863, 0x0863, 0x0863, 0x0863, 0x0863, 0x0863, 0x0863, 0x0863, 0x0863, 0x0863, 0x0863,
  0x0863, 0x0863, 0x0863, 0x0863, 0x0863, 0x0863, 0x0863, 0x0863, 0x0863, 0x0863, 0x0863, 0x0863,
  0x0863, 0x0863, 0x0863, 0x0863, 0x0863, 0x0863, 0x0863, 0x0863, 0x0863, 0x0863, 0x0863, 0x0863,
  0x0863, 0x0863, 0x0863, 0x0863, 0x0863, 0x0863, 0x0863, 0x0863, 0x0863, 0x0863, 0x0863, 0x0863,
  0x0863, 0x0863, 0x0863, 0x0863, 0x0863, 0x0863, 0x0863, 0x0863, 0x0863, 0x0863, 0x0863, 0x0863,
  0x0863, 0x0863, 0x0863, 0x0863, 0x0863, 0x0863, 0x0863, 0x0863, 0x0863, 0x0863, 0x0863, 0x0863,
  0x0863, 0x0863, 0x0863, 0x0863, 0x0863, 0x0863, 0x0863, 0x0863, 0x0863, 0x0863, 0x0863, 0x0863,
  0x0863, 0x0863, 0x0863, 0x0863, 0x93B4, 0xAC59, 0xA438, 0xA438, 0xA458, 0xA459, 0xA459, 0x9C39,
  0xAC9B, 0x6AF1, 0x0042, 0x0883, 0x0863, 0x0863, 0x0863, 0x0863, 0x0863, 0x0863, 0x0863, 0x0863,
  0x0863, 0x0863, 0x0863, 0x0863, 0x0863, 0x0863, 0x0863, 0x0863, 0x0863, 0x0863, 0x0863, 0x0863,
  0x0863, 0x0863, 0x0863, 0x0863, 0x0863, 0x0863, 0x0863, 0x0863, 0x0863, 0x0863, 0x0863, 0x0863,
  0x0863, 0x0863, 0x0863, 0x0863, 0x0863, 0x0863, 0x0863, 0x0863, 0x0863, 0x0863, 0x0863, 0x0863,
  0x0863, 0x0863, 0x0863, 0x0863, 0x0863, 0x0863, 0x0863, 0x0863, 0x0863, 0x0863, 0x0863, 0x0863,
  0x0863, 0x0863, 0x0863, 0x0863, 0x0863, 0x0863, 0x0863, 0x0863, 0x0863, 0x0863, 0x0863, 0x0863,
  0x0863, 0x0863, 0x0863, 0x0863, 0x0863, 0x0863, 0x0863, 0x0863, 0x0863, 0x0863, 0x0863, 0x0863,
  0x0863, 0x0863, 0x0863, 0x0863, 0x0863, 0x0863, 0x0863, 0x0863, 0x0863, 0x0863, 0x0863, 0x0863,
  0x0863, 0x0863, 0x0863, 0x0863, 0x0863, 0x0863, 0x0863, 0x0863, 0x0863, 0x0863, 0x0863, 0x0863,
  0x0863, 0x0863, 0x0863, 0x0863, 0x0863, 0x0863, 0x0863, 0x0863, 0x0863, 0x0863, 0x0863, 0x0863,
  0x0863, 0x0863, 0x0863, 0x0863, 0x0863, 0x0863, 0x0863, 0x0863, 0x0863, 0x0863, 0x0863, 0x0863,
  0x0863, 0x0863, 0x0863, 0x0863, 0x0863, 0x0863, 0x0863, 0x0863, 0x0863, 0x0863, 0x0863, 0x0863,
  0x0863, 0x0863, 0x0863, 0x0863, 0x0863, 0x0863, 0x0863, 0x0863, 0x0863, 0x0863, 0x0863, 0x0863,
  0x0863, 0x0863, 0x0863, 0x0863, 0x0863, 0x0863, 0x0863, 0x0863, 0x0863, 0x0863, 0x0863, 0x0863,
  0x0863, 0x0863, 0x0863, 0x0863, 0x0863, 0x0863, 0x0863, 0x0863, 0x0863, 0x0863, 0x0863, 0x0863,
  0x0863, 0x0863, 0x0863, 0x0863, 0x0863, 0x0863, 0x0863, 0x0863, 0x0863, 0x0863, 0x0863, 0x0863,
  0x0863, 0x0863, 0x0863, 0x0863, 0x0863, 0x0863, 0x0863, 0x0863, 0x0863, 0x0863, 0x0863, 0x0863,
  0x0863, 0x0863, 0x0863, 0x0863, 0x0863, 0x0863, 0x0863, 0x0863, 0x0863, 0x0863, 0x0863, 0x0863,
  0x0863, 0x0863, 0x0863, 0x0863, 0x0863, 0x0863, 0x0863, 0x0863, 0x0863, 0x0863, 0x0863, 0x0863,
  0x0863, 0x0863, 0x0883, 0x0022, 0x41EB, 0xB479, 0xA438, 0xA438, 0xA458, 0xA459, 0x9C39, 0xA47A,
  0x8BB6, 0x0884, 0x0863, 0x0883, 0x0863, 0x0863, 0x0863, 0x0863, 0x0863, 0x0863, 0x0863, 0x0863,
  0x0863, 0x0863, 0x0863, 0x0863, 0x0863, 0x0863, 0x0863, 0x0863, 0x0863, 0x0863, 0x0863, 0x0863,
  0x0863, 0x0863, 0x0863, 0x0863, 0x0863, 0x0863, 0x0863, 0x0863, 0x0863, 0x0863, 0x0863, 0x0863,
  0x0863, 0x0863, 0x0863, 0x0863, 0x0863, 0x0863, 0x0863, 0x0863, 0x0863, 0x0863, 0x0863, 0x0863,
  0x0863, 0x0863, 0x0863, 0x0863, 0x0863, 0x0863, 0x0863, 0x0863, 0x0863, 0x0863, 0x0863, 0x0863,
  0x0863, 0x0863, 0x0863, 0x0863, 0x0863, 0x0863, 0x0863, 0x0863, 0x0863, 0x0863, 0x0863, 0x0863,
  0x0863, 0x0863, 0x0863, 0x0863, 0x0863, 0x0863, 0x0863, 0x0863, 0x0863, 0x0863, 0x0863, 0x0863,
  0x0863, 0x0863, 0x0863, 0x0863, 0x0863, 0x0863, 0x0863, 0x0863, 0x0863, 0x0863, 0x0863, 0x0863,
  0x0863, 0x0863, 0x0863, 0x0863, 0x0863, 0x0863, 0x0863, 0x0863, 0x0863, 0x0863, 0x0863, 0x0863,
  0x0863, 0x0863, 0x0863, 0x0863, 0x0863, 0x0863, 0x0863, 0x0863, 0x0863, 0x0863, 0x0863, 0x0863,
  0x0863, 0x0863, 0x0863, 0x0863, 0x0863, 0x0863, 0x0863, 0x0863, 0x0863, 0x0863, 0x0863, 0x0863,
  0x0863, 0x0863, 0x0863, 0x0863, 0x0863, 0x0863, 0x0863, 0x0863, 0x0863, 0x0863, 0x0863, 0x0863,
  0x0863, 0x0863, 0x0863, 0x0863, 0x0863, 0x0863, 0x0863, 0x0863, 0x0863, 0x0863, 0x0863, 0x0863,
  0x0863, 0x0863, 0x0863, 0x0863, 0x0863, 0x0863, 0x0863, 0x0863, 0x0863, 0x0863, 0x0863, 0x0863,
  0x0863, 0x0863, 0x0863, 0x0863, 0x0863, 0x0863, 0x0863, 0x0863, 0x0863, 0x0863, 0x0863, 0x0863,
  0x0863, 0x0863, 0x0863, 0x0863, 0x0863, 0x0863, 0x0863, 0x0863, 0x0863, 0x0863, 0x0863, 0x0863,
  0x0863, 0x0863, 0x0863, 0x0863, 0x0863, 0x0863, 0x0863, 0x0863, 0x0863, 0x0863, 0x0863, 0x0863,
  0x0863, 0x0863, 0x0863, 0x0863, 0x0863, 0x0863, 0x0863, 0x0863, 0x0863, 0x0863, 0x0863, 0x0863,
  0x0863, 0x0863, 0x0863, 0x0863, 0x0863, 0x0863, 0x0863, 0x0863, 0x0863, 0x0863, 0x0863, 0x0863,
  0x0863, 0x0863, 0x0863, 0x0863, 0x10C5, 0x9BF6, 0xAC58, 0xA438, 0xA458, 0xA439, 0xA459, 0x9C39,
  0x2107, 0x0042, 0x0883, 0x0863, 0x0863, 0x0863, 0x0863, 0x0863, 0x0863, 0x0863, 0x0863, 0x0863,
  0x0863, 0x0863, 0x0863, 0x0863, 0x0863, 0x0863, 0x0863, 0x0863, 0x0863, 0x0863, 0x0863, 0x0863,
  0x0863, 0x0863, 0x0863, 0x0863, 0x0863, 0x0863, 0x0863, 0x0863, 0x0863, 0x0863, 0x0863, 0x0863,
  0x0863, 0x0863, 0x0863, 0x0863, 0x0863, 0x0863, 0x0863, 0x0863, 0x0863, 0x0863, 0x0863, 0x0863,
  0x0863, 0x0863, 0x0863, 0x0863, 0x0863, 0x0863, 0x0863, 0x0863, 0x0863, 0x0863, 0x0863, 0x0863,
  0x0863, 0x0863, 0x0863, 0x0863, 0x0863, 0x0863, 0x0863, 0x0863, 0x0863, 0x0863, 0x0863, 0x0863,
  0x0863, 0x0863, 0x0863, 0x0863, 0x0863, 0x0863, 0x0863, 0x0863, 0x0863, 0x0863, 0x0863, 0x0863,
  0x0863, 0x0863, 0x0863, 0x0863, 0x0863, 0x0863, 0x0863, 0x0863, 0x0863, 0x0863, 0x0863, 0x0863,
  0x0863, 0x0863, 0x0863, 0x0863, 0x0863, 0x0863, 0x0863, 0x0863, 0x0863, 0x0863, 0x0863, 0x0863,
  0x0863, 0x0863, 0x0863, 0x0863, 0x0863, 0x0863, 0x0863, 0x0863, 0x0863, 0x0863, 0x0863, 0x0863,
  0x0863, 0x0863, 0x0863, 0x0863, 0x0863, 0x0863, 0x0863, 0x0863, 0x0863, 0x0863, 0x0863, 0x0863,
  0x0863, 0x0863, 0x0863, 0x0863, 0x0863, 0x0863, 0x0863, 0x0863, 0x0863, 0x0863, 0x0863, 0x0863,
  0x0863, 0x0863, 0x0863, 0x0863, 0x0863, 0x0863, 0x0863, 0x0863, 0x0863, 0x0863, 0x0863, 0x0863,
  0x0863, 0x0863, 0x0863, 0x0863, 0x0863, 0x0863, 0x0863, 0x0863, 0x0863, 0x0863, 0x0863, 0x0863,
  0x0863, 0x0863, 0x0863, 0x0863, 0x0863, 0x0863, 0x0863, 0x0863, 0x0863, 0x0863, 0x0863, 0x0863,
  0x0863, 0x0863, 0x0863, 0x0863, 0x0863, 0x0863, 0x0863, 0x0863, 0x0863, 0x0863, 0x0863, 0x0863,
  0x0863, 0x0863, 0x0863, 0x0863, 0x0863, 0x0863, 0x0863, 0x0863, 0x0863, 0x0863, 0x0863, 0x0863,
  0x0863, 0x0863, 0x0863, 0x0863, 0x0863, 0x0863, 0x0863, 0x0863, 0x0863, 0x0863, 0x0863, 0x0863,
  0x0863, 0x0863, 0x0863, 0x0863, 0x0863, 0x0863, 0x0863, 0x0863, 0x0863, 0x0863, 0x0863, 0x0863,
  0x0863, 0x0863, 0x0863, 0x0883, 0x0042, 0x7B32, 0xAC79, 0xA438, 0xA438, 0xA439, 0xAC7A, 0x39CB,
  0x0022, 0x0883, 0x0863, 0x0863, 0x0863, 0x0863, 0x0863, 0x0863, 0x0863, 0x0863, 0x0863, 0x0863,
  0x0863, 0x0863, 0x0863, 0x0863, 0x0863, 0x0863, 0x0863, 0x0863, 0x0863, 0x0863, 0x0863, 0x0863,
  0x0863, 0x0863, 0x0863, 0x0863, 0x0863, 0x0863, 0x0863, 0x0863, 0x0863, 0x0863, 0x0863, 0x0863,
  0x0863, 0x0863, 0x0863, 0x0863, 0x0863, 0x0863, 0x0863, 0x0863, 0x0863, 0x0863, 0x0863, 0x0863,
  0x0863, 0x0863, 0x0863, 0x0863, 0x0863, 0x0863, 0x0863, 0x0863, 0x0863, 0x0863, 0x0863, 0x0863,
  0x0863, 0x0863, 0x0863, 0x0863, 0x0863, 0x0863, 0x0863, 0x0863, 0x0863, 0x0863, 0x0863, 0x0863,
  0x0863, 0x0863, 0x0863, 0x0863, 0x0863, 0x0863, 0x0863, 0x0863, 0x0863, 0x0863, 0x0863, 0x0863,
  0x0863, 0x0863, 0x0863, 0x0863, 0x0863, 0x0863, 0x0863, 0x0863, 0x0863, 0x0863, 0x0863, 0x0863,
  0x0863, 0x0863, 0x0863, 0x0863, 0x0863, 0x0863, 0x0863, 0x0863, 0x0863, 0x0863, 0x0863, 0x0863,
  0x0863, 0x0863, 0x0863, 0x0863, 0x0863, 0x0863, 0x0863, 0x0863, 0x0863, 0x0863, 0x0863, 0x0863,
  0x0863, 0x0863, 0x0863, 0x0863, 0x0863, 0x0863, 0x0863, 0x0863, 0x0863, 0x0863, 0x0863, 0x0863,
  0x0863, 0x0863, 0x0863, 0x0863, 0x0863, 0x0863, 0x0863, 0x0863, 0x0863, 0x0863, 0x0863, 0x0863,
  0x0863, 0x0863, 0x0863, 0x0863, 0x0863, 0x0863, 0x0863, 0x0863, 0x0863, 0x0863, 0x0863, 0x0863,
  0x0863, 0x0863, 0x0863, 0x0863, 0x0863, 0x0863, 0x0863, 0x0863, 0x0863, 0x0863, 0x0863, 0x0863,
  0x0863, 0x0863, 0x0863, 0x0863, 0x0863, 0x0863, 0x0863, 0x0863, 0x0863, 0x0863, 0x0863, 0x0863,
  0x0863, 0x0863, 0x0863, 0x0863, 0x0863, 0x0863, 0x0863, 0x0863, 0x0863, 0x0863, 0x0863, 0x0863,
  0x0863, 0x0863, 0x0863, 0x0863, 0x0863, 0x0863, 0x0863, 0x0863, 0x0863, 0x0863, 0x0863, 0x0863,
  0x0863, 0x0863, 0x0863, 0x0863, 0x0863, 0x0863, 0x0863, 0x0863, 0x0863, 0x0863, 0x0863, 0x0863,
  0x0863, 0x0863, 0x0863, 0x0863, 0x0863, 0x0863, 0x0863, 0x0863, 0x0863, 0x0863, 0x0863, 0x0863,
  0x0863, 0x0863, 0x0863, 0x0883, 0x0022, 0x628F, 0xB47A, 0xA438, 0xA438, 0xAC9A, 0x526E, 0x0021,
  0x0883, 0x0863, 0x0863, 0x0863, 0x0863, 0x0863, 0x0863, 0x0863, 0x0863, 0x0863, 0x0863, 0x0863,
  0x0863, 0x0863, 0x0863, 0x0863, 0x0863, 0x0863, 0x0863, 0x0863, 0x0863, 0x0863, 0x0863, 0x0863,
  0x0863, 0x0863, 0x0863, 0x0863, 0x0863, 0x0863, 0x0863, 0x0863, 0x0863, 0x0863, 0x0863, 0x0863,
  0x0863, 0x0863, 0x0863, 0x0863, 0x0863, 0x0863, 0x0863, 0x0863, 0x0863, 0x0863, 0x0863, 0x0863,
  0x0863, 0x0863, 0x0863, 0x0863, 0x0863, 0x0863, 0x0863, 0x0863, 0x0863, 0x0863, 0x0863, 0x0863,
  0x0863, 0x0863, 0x0863, 0x0863, 0x0863, 0x0863, 0x0863, 0x0863, 0x0863, 0x0863, 0x0863, 0x0863,
  0x0863, 0x0863, 0x0863, 0x0863, 0x0863, 0x0863, 0x0863, 0x0863, 0x0863, 0x0863, 0x0863, 0x0863,
  0x0863, 0x0863, 0x0863, 0x0863, 0x0863, 0x0863, 0x0863, 0x0863, 0x0863, 0x0863, 0x0863, 0x0863,
  0x0863, 0x0863, 0x0863, 0x0863, 0x0863, 0x0863, 0x0863, 0x0863, 0x0863, 0x0863, 0x0863, 0x0863,
  0x0863, 0x0863, 0x0863, 0x0863, 0x0863, 0x0863, 0x0863, 0x0863, 0x0863, 0x0863, 0x0863, 0x0863,
  0x0863, 0x0863, 0x0863, 0x0863, 0x0863, 0x0863, 0x0863, 0x0863, 0x0863, 0x0863, 0x0863, 0x0863,
  0x0863, 0x0863, 0x0863, 0x0863, 0x0863, 0x0863, 0x0863, 0x0863, 0x0863, 0x0863, 0x0863, 0x0863,
  0x0863, 0x0863, 0x0863, 0x0863, 0x0863, 0x0863, 0x0863, 0x0863, 0x0863, 0x0863, 0x0863, 0x0863,
  0x0863, 0x0863, 0x0863, 0x0863, 0x0863, 0x0863, 0x0863, 0x0863, 0x0863, 0x0863, 0x0863, 0x0863,
  0x0863, 0x0863, 0x0863, 0x0863, 0x0863, 0x0863, 0x0863, 0x0863, 0x0863, 0x0863, 0x0863, 0x0863,
  0x0863, 0x0863, 0x0863, 0x0863, 0x0863, 0x0863, 0x0863, 0x0863, 0x0863, 0x0863, 0x0863, 0x0863,
  0x0863, 0x0863, 0x0863, 0x0863, 0x0863, 0x0863, 0x0863, 0x0863, 0x0863, 0x0863, 0x0863, 0x0863,
  0x0863, 0x0863, 0x0863, 0x0863, 0x0863, 0x0863, 0x0863, 0x0863, 0x0863, 0x0863, 0x0863, 0x0863,
  0x0863, 0x0863, 0x0863, 0x0863, 0x0863, 0x0863, 0x0863, 0x0863, 0x0863, 0x0863, 0x0863, 0x0863,
  0x0863, 0x0863, 0x0863, 0x0883, 0x0022, 0x5A4D, 0xB49A, 0x9C17, 0xAC9A, 0x7312, 0x0042, 0x0883,
  0x0863, 0x0863, 0x0863, 0x0863, 0x0863, 0x0863, 0x0863, 0x0863, 0x0863, 0x0863, 0x0863, 0x0863,
  0x0863, 0x0863, 0x0863, 0x0863, 0x0863, 0x0863, 0x0863, 0x0863, 0x0863, 0x0863, 0x0863, 0x0863,
  0x0863, 0x0863, 0x0863, 0x0863, 0x0863, 0x0863, 0x0863, 0x0863, 0x0863, 0x0863, 0x0863, 0x0863,
  0x0863, 0x0863, 0x0863, 0x0863, 0x0863, 0x0863, 0x0863, 0x0863, 0x0863, 0x0863, 0x0863, 0x0863,
  0x0863, 0x0863, 0x0863, 0x0863, 0x0863, 0x0863, 0x0863, 0x0863, 0x0863, 0x0863, 0x0863, 0x0863,
  0x0863, 0x0863, 0x0863, 0x0863, 0x0863, 0x0863, 0x0863, 0x0863, 0x0863, 0x0863, 0x0863, 0x0863,
  0x0863, 0x0863, 0x0863, 0x0863, 0x0863, 0x0863, 0x0863, 0x0863, 0x0863, 0x0863, 0x0863, 0x0863,
  0x0863, 0x0863, 0x0863, 0x0863, 0x0863, 0x0863, 0x0863, 0x0863, 0x0863, 0x0863, 0x0863, 0x0863,
  0x0863, 0x0863, 0x0863, 0x0863, 0x0863, 0x0863, 0x0863, 0x0863, 0x0863, 0x0863, 0x0863, 0x0863,
  0x0863, 0x0863, 0x0863, 0x0863, 0x0863, 0x0863, 0x0863, 0x0863, 0x0863, 0x0863, 0x0863, 0x0863,
  0x0863, 0x0863, 0x0863, 0x0863, 0x0863, 0x0863, 0x0863, 0x0863, 0x0863, 0x0863, 0x0863, 0x0863,
  0x0863, 0x0863, 0x0863, 0x0863, 0x0863, 0x0863, 0x0863, 0x0863, 0x0863, 0x0863, 0x0863, 0x0863,
  0x0863, 0x0863, 0x0863, 0x0863, 0x0863, 0x0863, 0x0863, 0x0863, 0x0863, 0x0863, 0x0863, 0x0863,
  0x0863, 0x0863, 0x0863, 0x0863, 0x0863, 0x0863, 0x0863, 0x0863, 0x0863, 0x0863, 0x0863, 0x0863,
  0x0863, 0x0863, 0x0863, 0x0863, 0x0863, 0x0863, 0x0863, 0x0863, 0x0863, 0x0863, 0x0863, 0x0863,
  0x0863, 0x0863, 0x0863, 0x0863, 0x0863, 0x0863, 0x0863, 0x0863, 0x0863, 0x0863, 0x0863, 0x0863,
  0x0863, 0x0863, 0x0863, 0x0863, 0x0863, 0x0863, 0x0863, 0x0863, 0x0863, 0x0863, 0x0863, 0x0863,
  0x0863, 0x0863, 0x0863, 0x0863, 0x0863, 0x0863, 0x0863, 0x0863, 0x0863, 0x0863, 0x0863, 0x0863,
  0x0863, 0x0863, 0x0863, 0x0863, 0x0863, 0x0863, 0x0863, 0x0863, 0x0863, 0x0863, 0x0863, 0x0863,
  0x0863, 0x0863, 0x0863, 0x0883, 0x0022, 0x5A6E, 0xAC79, 0xAC79, 0x8374, 0x0863, 0x0863, 0x0883,
  0x0863, 0x0863, 0x0863, 0x0863, 0x0863, 0x0863, 0x0863, 0x0863, 0x0863, 0x0863, 0x0863, 0x0863,
  0x0863, 0x0863, 0x0863, 0x0863, 0x0863, 0x0863, 0x0863, 0x0863, 0x0863, 0x0863, 0x0863, 0x0863,
  0x0863, 0x0863, 0x0863, 0x0863, 0x0863, 0x0863, 0x0863, 0x0863, 0x0863, 0x0863, 0x0863, 0x0863,
  0x0863, 0x0863, 0x0863, 0x0863, 0x0863, 0x0863, 0x0863, 0x0863, 0x0863, 0x0863, 0x0863, 0x0863,
  0x0863, 0x0863, 0x0863, 0x0863, 0x0863, 0x0863, 0x0863, 0x0863, 0x0863, 0x0863, 0x0863, 0x0863,
  0x0863, 0x0863, 0x0863, 0x0863, 0x0863, 0x0863, 0x0863, 0x0863, 0x0863, 0x0863, 0x0863, 0x0863,
  0x0863, 0x0863, 0x0863, 0x0863, 0x0863, 0x0863, 0x0863, 0x0863, 0x0863, 0x0863, 0x0863, 0x0863,
  0x0863, 0x0863, 0x0863, 0x0863, 0x0863, 0x0863, 0x0863, 0x0863, 0x0863, 0x0863, 0x0863, 0x0863,
  0x0863, 0x0863, 0x0863, 0x0863, 0x0863, 0x0863, 0x0863, 0x0863, 0x0863, 0x0863, 0x0863, 0x0863,
  0x0863, 0x0863, 0x0863, 0x0863, 0x0863, 0x0863, 0x0863, 0x0863, 0x0863, 0x0863, 0x0863, 0x0863,
  0x0863, 0x0863, 0x0863, 0x0863, 0x0863, 0x0863, 0x0863, 0x0863, 0x0863, 0x0863, 0x0863, 0x0863,
  0x0863, 0x0863, 0x0863, 0x0863, 0x0863, 0x0863, 0x0863, 0x0863, 0x0863, 0x0863, 0x0863, 0x0863,
  0x0863, 0x0863, 0x0863, 0x0863, 0x0863, 0x0863, 0x0863, 0x0863, 0x0863, 0x0863, 0x0863, 0x0863,
  0x0863, 0x0863, 0x0863, 0x0863, 0x0863, 0x0863, 0x0863, 0x0863, 0x0863, 0x0863, 0x0863, 0x0863,
  0x0863, 0x0863, 0x0863, 0x0863, 0x0863, 0x0863, 0x0863, 0x0863, 0x0863, 0x0863, 0x0863, 0x0863,
  0x0863, 0x0863, 0x0863, 0x0863, 0x0863, 0x0863, 0x0863, 0x0863, 0x0863, 0x0863, 0x0863, 0x0863,
  0x0863, 0x0863, 0x0863, 0x0863, 0x0863, 0x0863, 0x0863, 0x0863, 0x0863, 0x0863, 0x0863, 0x0863,
  0x0863, 0x0863, 0x0863, 0x0863, 0x0863, 0x0863, 0x0863, 0x0863, 0x0863, 0x0863, 0x0863, 0x0863,
  0x0863, 0x0863, 0x0863, 0x0863, 0x0863, 0x0863, 0x0863, 0x0863, 0x0863, 0x0863, 0x0863, 0x0863,
  0x0863, 0x0863, 0x0863, 0x0883, 0x0042, 0x6AB0, 0xB4BA, 0x8BB5, 0x10A4, 0x0062, 0x0883, 0x0863,
  0x0863, 0x0863, 0x0863, 0x0863, 0x0863, 0x0863, 0x0863, 0x0863, 0x0863, 0x0863, 0x0863, 0x0863,
  0x0863, 0x0863, 0x0863, 0x0863, 0x0863, 0x0863, 0x0863, 0x0863, 0x0863, 0x0863, 0x0863, 0x0863,
  0x0863, 0x0863, 0x0863, 0x0863, 0x0863, 0x0863, 0x0863, 0x0863, 0x0863, 0x0863, 0x0863, 0x0863,
  0x0863, 0x0863, 0x0863, 0x0863, 0x0863, 0x0863, 0x0863, 0x0863, 0x0863, 0x0863, 0x0863, 0x0863,
  0x0863, 0x0863, 0x0863, 0x0863, 0x0863, 0x0863, 0x0863, 0x0863, 0x0863, 0x0863, 0x0863, 0x0863,
  0x0863, 0x0863, 0x0863, 0x0863, 0x0863, 0x0863, 0x0863, 0x0863, 0x0863, 0x0863, 0x0863, 0x0863,
  0x0863, 0x0863, 0x0863, 0x0863, 0x0863, 0x0863, 0x0863, 0x0863, 0x0863, 0x0863, 0x0863, 0x0863,
  0x0863, 0x0863, 0x0863, 0x0863, 0x0863, 0x0863, 0x0863, 0x0863, 0x0863, 0x0863, 0x0863, 0x0863,
  0x0863, 0x0863, 0x0863, 0x0863, 0x0863, 0x0863, 0x0863, 0x0863, 0x0863, 0x0863, 0x0863, 0x0863,
  0x0863, 0x0863, 0x0863, 0x0863, 0x0863, 0x0863, 0x0863, 0x0863, 0x0863, 0x0863, 0x0863, 0x0863,
  0x0863, 0x0863, 0x0863, 0x0863, 0x0863, 0x0863, 0x0863, 0x0863, 0x0863, 0x0863, 0x0863, 0x0863,
  0x0863, 0x0863, 0x0863, 0x0863, 0x0863, 0x0863, 0x0863, 0x0863, 0x0863, 0x0863, 0x0863, 0x0863,
  0x0863, 0x0863, 0x0863, 0x0863, 0x0863, 0x0863, 0x0863, 0x0863, 0x0863, 0x0863, 0x0863, 0x0863,
  0x0863, 0x0863, 0x0863, 0x0863, 0x0863, 0x0863, 0x0863, 0x0863, 0x0863, 0x0863, 0x0863, 0x0863,
  0x0863, 0x0863, 0x0863, 0x0863, 0x0863, 0x0863, 0x0863, 0x0863, 0x0863, 0x0863, 0x0863, 0x0863,
  0x0863, 0x0863, 0x0863, 0x0863, 0x0863, 0x0863, 0x0863, 0x0863, 0x0863, 0x0863, 0x0863, 0x0863,
  0x0863, 0x0863, 0x0863, 0x0863, 0x0863, 0x0863, 0x0863, 0x0863, 0x0863, 0x0863, 0x0863, 0x0863,
  0x0863, 0x0863, 0x0863, 0x0863, 0x0863, 0x0863, 0x0863, 0x0863, 0x0863, 0x0863, 0x0863, 0x0863,
  0x0863, 0x0863, 0x0863, 0x0863, 0x0863, 0x0863, 0x0863, 0x0863, 0x0863, 0x0863, 0x0863, 0x0863,
  0x0863, 0x0863, 0x0863, 0x0883, 0x0042, 0x8B94, 0xA438, 0x18E6, 0x0042, 0x0883, 0x0863, 0x0863,
  0x0863, 0x0863, 0x0863, 0x0863, 0x0863, 0x0863, 0x0863, 0x0863, 0x0863, 0x0863, 0x0863, 0x0863,
  0x0863, 0x0863, 0x0863, 0x0863, 0x0863, 0x0863, 0x0863, 0x0863, 0x0863, 0x0863, 0x0863, 0x0863,
  0x0863, 0x0863, 0x0863, 0x0863, 0x0863, 0x0863, 0x0863, 0x0863, 0x0863, 0x0863, 0x0863, 0x0863,
  0x0863, 0x0863, 0x0863, 0x0863, 0x0863, 0x0863, 0x0863, 0x0863, 0x0863, 0x0863, 0x0863, 0x0863,
  0x0863, 0x0863, 0x0863, 0x0863, 0x0863, 0x0863, 0x0863, 0x0863, 0x0863, 0x0863, 0x0863, 0x0863,
  0x0863, 0x0863, 0x0863, 0x0863, 0x0863, 0x0863, 0x0863, 0x0863, 0x0863, 0x0863, 0x0863, 0x0863,
  0x0863, 0x0863, 0x0863, 0x0863, 0x0863, 0x0863, 0x0863, 0x0863, 0x0863, 0x0863, 0x0863, 0x0863,
  0x0863, 0x0863, 0x0863, 0x0863, 0x0863, 0x0863, 0x0863, 0x0863, 0x0863, 0x0863, 0x0863, 0x0863,
  0x0863, 0x0863, 0x0863, 0x0863, 0x0863, 0x0863, 0x0863, 0x0863, 0x0863, 0x0863, 0x0863, 0x0863,
  0x0863, 0x0863, 0x0863, 0x0863, 0x0863, 0x0863, 0x0863, 0x0863, 0x0863, 0x0863, 0x0863, 0x0863,
  0x0863, 0x0863, 0x0863, 0x0863, 0x0863, 0x0863, 0x0863, 0x0863, 0x0863, 0x0863, 0x0863, 0x0863,
  0x0863, 0x0863, 0x0863, 0x0863, 0x0863, 0x0863, 0x0863, 0x0863, 0x0863, 0x0863, 0x0863, 0x0863,
  0x0863, 0x0863, 0x0863, 0x0863, 0x0863, 0x0863, 0x0863, 0x0863, 0x0863, 0x0863, 0x0863, 0x0863,
  0x0863, 0x0863, 0x0863, 0x0863, 0x0863, 0x0863, 0x0863, 0x0863, 0x0863, 0x0863, 0x0863, 0x0863,
  0x0863, 0x0863, 0x0863, 0x0863, 0x0863, 0x0863, 0x0863, 0x0863, 0x0863, 0x0863, 0x0863, 0x0863,
  0x0863, 0x0863, 0x0863, 0x0863, 0x0863, 0x0863, 0x0863, 0x0863, 0x0863, 0x0863, 0x0863, 0x0863,
  0x0863, 0x0863, 0x0863, 0x0863, 0x0863, 0x0863, 0x0863, 0x0863, 0x0863, 0x0863, 0x0863, 0x0863,
  0x0863, 0x0863, 0x0863, 0x0863, 0x0863, 0x0863, 0x0863, 0x0863, 0x0863, 0x0863, 0x0863, 0x0863,
  0x0863, 0x0863, 0x0863, 0x0863, 0x0863, 0x0863, 0x0863, 0x0863, 0x0863, 0x0863, 0x0863, 0x0863,
  0x0863, 0x0863, 0x0883, 0x0042, 0x2947, 0xA437, 0x2927, 0x0042, 0x0883, 0x0863, 0x0863, 0x0863,
  0x0863, 0x0863, 0x0863, 0x0863, 0x0863, 0x0863, 0x0863, 0x0863, 0x0863, 0x0863, 0x0863, 0x0863,
  0x0863, 0x0863, 0x0863, 0x0863, 0x0863, 0x0863, 0x0863, 0x0863, 0x0863, 0x0863, 0x0863, 0x0863,
  0x0863, 0x0863, 0x0863, 0x0863, 0x0863, 0x0863, 0x0863, 0x0863, 0x0863, 0x0863, 0x0863, 0x0863,
  0x0863, 0x0863, 0x0863, 0x0863, 0x0863, 0x0863, 0x0863, 0x0863, 0x0863, 0x0863, 0x0863, 0x0863,
  0x0863, 0x0863, 0x0863, 0x0863, 0x0863, 0x0863, 0x0863, 0x0863, 0x0863, 0x0863, 0x0863, 0x0863,
  0x0863, 0x0863, 0x0863, 0x0863, 0x0863, 0x0863, 0x0863, 0x0863, 0x0863, 0x0863, 0x0863, 0x0863,
  0x0863, 0x0863, 0x0863, 0x0863, 0x0863, 0x0863, 0x0863, 0x0863, 0x0863, 0x0863, 0x0863, 0x0863,
  0x0863, 0x0863, 0x0863, 0x0863, 0x0863, 0x0863, 0x0863, 0x0863, 0x0863, 0x0863, 0x0863, 0x0863,
  0x0863, 0x0863, 0x0863, 0x0863, 0x0863, 0x0863, 0x0863, 0x0863, 0x0863, 0x0863, 0x0863, 0x0863,
  0x0863, 0x0863, 0x0863, 0x0863, 0x0863, 0x0863, 0x0863, 0x0863, 0x0863, 0x0863, 0x0863, 0x0863,
  0x0863, 0x0863, 0x0863, 0x0863, 0x0863, 0x0863, 0x0863, 0x0863, 0x0863, 0x0863, 0x0863, 0x0863,
  0x0863, 0x0863, 0x0863, 0x0863, 0x0863, 0x0863, 0x0863, 0x0863, 0x0863, 0x0863, 0x0863, 0x0863,
  0x0863, 0x0863, 0x0863, 0x0863, 0x0863, 0x0863, 0x0863, 0x0863, 0x0863, 0x0863, 0x0863, 0x0863,
  0x0863, 0x0863, 0x0863, 0x0863, 0x0863, 0x0863, 0x0863, 0x0863, 0x0863, 0x0863, 0x0863, 0x0863,
  0x0863, 0x0863, 0x0863, 0x0863, 0x0863, 0x0863, 0x0863, 0x0863, 0x0863, 0x0863, 0x0863, 0x0863,
  0x0863, 0x0863, 0x0863, 0x0863, 0x0863, 0x0863, 0x0863, 0x0863, 0x0863, 0x0863, 0x0863, 0x0863,
  0x0863, 0x0863, 0x0863, 0x0863, 0x0863, 0x0863, 0x0863, 0x0863, 0x0863, 0x0863, 0x0863, 0x0863,
  0x0863, 0x0863, 0x0863, 0x0863, 0x0863, 0x0863, 0x0863, 0x0863, 0x0863, 0x0863, 0x0863, 0x0863,
  0x0863, 0x0863, 0x0863, 0x0863, 0x0863, 0x0863, 0x0863, 0x0863, 0x0863, 0x0863, 0x0863, 0x0863,
  0x0863, 0x0863, 0x0883, 0x0022, 0x4A0B, 0x39AA, 0x0021, 0x0883, 0x0863, 0x0863, 0x0863, 0x0863,
  0x0863, 0x0863, 0x0863, 0x0863, 0x0863, 0x0863, 0x0863, 0x0863, 0x0863, 0x0863, 0x0863, 0x0863,
  0x0863, 0x0863, 0x0863, 0x0863, 0x0863, 0x0863, 0x0863, 0x0863, 0x0863, 0x0863, 0x0863, 0x0863,
  0x0863, 0x0863, 0x0863, 0x0863, 0x0863, 0x0863, 0x0863, 0x0863, 0x0863, 0x0863, 0x0863, 0x0863,
  0x0863, 0x0863, 0x0863, 0x0863, 0x0863, 0x0863, 0x0863, 0x0863, 0x0863, 0x0863, 0x0863, 0x0863,
  0x0863, 0x0863, 0x0863, 0x0863, 0x0863, 0x0863, 0x0863, 0x0863, 0x0863, 0x0863, 0x0863, 0x0863,
  0x0863, 0x0863, 0x0863, 0x0863, 0x0863, 0x0863, 0x0863, 0x0863, 0x0863, 0x0863, 0x0863, 0x0863,
  0x0863, 0x0863, 0x0863, 0x0863, 0x0863, 0x0863, 0x0863, 0x0863, 0x0863, 0x0863, 0x0863, 0x0863,
  0x0863, 0x0863, 0x0863, 0x0863, 0x0863, 0x0863, 0x0863, 0x0863, 0x0863, 0x0863, 0x0863, 0x0863,
  0x0863, 0x0863, 0x0863, 0x0863, 0x0863, 0x0863, 0x0863, 0x0863, 0x0863, 0x0863, 0x0863, 0x0863,
  0x0863, 0x0863, 0x0863, 0x0863, 0x0863, 0x0863, 0x0863, 0x0863, 0x0863, 0x0863, 0x0863, 0x0863,
  0x0863, 0x0863, 0x0863, 0x0863, 0x0863, 0x0863, 0x0863, 0x0863, 0x0863, 0x0863, 0x0863, 0x0863,
  0x0863, 0x0863, 0x0863, 0x0863, 0x0863, 0x0863, 0x0863, 0x0863, 0x0863, 0x0863, 0x0863, 0x0863,
  0x0863, 0x0863, 0x0863, 0x0863, 0x0863, 0x0863, 0x0863, 0x0863, 0x0863, 0x0863, 0x0863, 0x0863,
  0x0863, 0x0863, 0x0863, 0x0863, 0x0863, 0x0863, 0x0863, 0x0863, 0x0863, 0x0863, 0x0863, 0x0863,
  0x0863, 0x0863, 0x0863, 0x0863, 0x0863, 0x0863, 0x0863, 0x0863, 0x0863, 0x0863, 0x0863, 0x0863,
  0x0863, 0x0863, 0x0863, 0x0863, 0x0863, 0x0863, 0x0863, 0x0863, 0x0863, 0x0863, 0x0863, 0x0863,
  0x0863, 0x0863, 0x0863, 0x0863, 0x0863, 0x0863, 0x0863, 0x0863, 0x0863, 0x0863, 0x0863, 0x0863,
  0x0863, 0x0863, 0x0863, 0x0863, 0x0863, 0x0863, 0x0863, 0x0863, 0x0863, 0x0863, 0x0863, 0x0863,
  0x0863, 0x0863, 0x0863, 0x0863, 0x0863, 0x0863, 0x0863, 0x0863, 0x0863, 0x0863, 0x0863, 0x0863,
  0x0863, 0x0863, 0x0863, 0x0863, 0x0863, 0x0042, 0x0883, 0x0863, 0x0863, 0x0863, 0x0863, 0x0863,
  0x0863, 0x0863, 0x0863, 0x0863, 0x0863, 0x0863, 0x0863, 0x0863, 0x0863, 0x0863, 0x0863, 0x0863,
  0x0863, 0x0863, 0x0863, 0x0863, 0x0863, 0x0863, 0x0863, 0x0863, 0x0863, 0x0863, 0x0863, 0x0863,
  0x0863, 0x0863, 0x0863, 0x0863, 0x0863, 0x0863, 0x0863, 0x0863, 0x0863, 0x0863, 0x0863, 0x0863,
  0x0863, 0x0863, 0x0863, 0x0863, 0x0863, 0x0863, 0x0863, 0x0863, 0x0863, 0x0863, 0x0863, 0x0863,
  0x0863, 0x0863, 0x0863, 0x0863, 0x0863, 0x0863, 0x0863, 0x0863, 0x0863, 0x0863, 0x0863, 0x0863,
  0x0863, 0x0863, 0x0863, 0x0863, 0x0863, 0x0863, 0x0863, 0x0863, 0x0863, 0x0863, 0x0863, 0x0863,
  0x0863, 0x0863, 0x0863, 0x0863, 0x0863, 0x0863, 0x0863, 0x0863, 0x0863, 0x0863, 0x0863, 0x0863,
  0x0863, 0x0863, 0x0863, 0x0863, 0x0863, 0x0863, 0x0863, 0x0863, 0x0863, 0x0863, 0x0863, 0x0863,
  0x0863, 0x0863, 0x0863, 0x0863, 0x0863, 0x0863, 0x0863, 0x0863, 0x0863, 0x0863, 0x0863, 0x0863,
  0x0863, 0x0863, 0x0863, 0x0863, 0x0863, 0x0863, 0x0863, 0x0863, 0x0863, 0x0863, 0x0863, 0x0863,
  0x0863, 0x0863, 0x0863, 0x0863, 0x0863, 0x0863, 0x0863, 0x0863, 0x0863, 0x0863, 0x0863, 0x0863,
  0x0863, 0x0863, 0x0863, 0x0863, 0x0863, 0x0863, 0x0863, 0x0863, 0x0863, 0x0863, 0x0863, 0x0863,
  0x0863, 0x0863, 0x0863, 0x0863, 0x0863, 0x0863, 0x0863, 0x0863, 0x0863, 0x0863, 0x0863, 0x0863,
  0x0863, 0x0863, 0x0863, 0x0863, 0x0863, 0x0863, 0x0863, 0x0863, 0x0863, 0x0863, 0x0863, 0x0863,
  0x0863, 0x0863, 0x0863, 0x0863, 0x0863, 0x0863, 0x0863, 0x0863, 0x0863, 0x0863, 0x0863, 0x0863,
  0x0863, 0x0863, 0x0863, 0x0863, 0x0863, 0x0863, 0x0863, 0x0863, 0x0863, 0x0863, 0x0863, 0x0863,
  0x0863, 0x0863, 0x0863, 0x0863, 0x0863, 0x0863, 0x0863, 0x0863, 0x0863, 0x0863, 0x0863, 0x0863,
  0x0863, 0x0863, 0x0863, 0x0863, 0x0863, 0x0863, 0x0863, 0x0863, 0x0863, 0x0863, 0x0863, 0x0863,
  0x0863, 0x0863, 0x0863, 0x0863, 0x0863, 0x0863, 0x0863, 0x0863, 0x0863, 0x0863, 0x0863, 0x0863,
  0x0863, 0x0863, 0x0863, 0x0863, 0x0863, 0x0883, 0x0863, 0x0863, 0x0863, 0x0863, 0x0863, 0x0863,
  0x0863, 0x0863, 0x0863, 0x0863, 0x0863, 0x0863, 0x0863, 0x0863, 0x0863, 0x0863, 0x0863, 0x0863,
  0x0863, 0x0863, 0x0863, 0x0863, 0x0863, 0x0863, 0x0863, 0x0863, 0x0863, 0x0863, 0x0863, 0x0863,
  0x0863, 0x0863, 0x0863, 0x0863, 0x0863, 0x0863, 0x0863, 0x0863, 0x0863, 0x0863, 0x0863, 0x0863,
  0x0863, 0x0863, 0x0863, 0x0863, 0x0863, 0x0863, 0x0863, 0x0863, 0x0863, 0x0863, 0x0863, 0x0863,
  0x0863, 0x0863, 0x0863, 0x0863, 0x0863, 0x0863, 0x0863, 0x0863, 0x0863, 0x0863, 0x0863, 0x0863,
  0x0863, 0x0863, 0x0863, 0x0863, 0x0863, 0x0863, 0x0863, 0x0863, 0x0863, 0x0863, 0x0863, 0x0863,
  0x0863, 0x0863, 0x0863, 0x0863, 0x0863, 0x0863, 0x0863, 0x0863, 0x0863, 0x0863, 0x0863, 0x0863,
  0x0863, 0x0863, 0x0863, 0x0863, 0x0863, 0x0863, 0x0863, 0x0863, 0x0863, 0x0863, 0x0863, 0x0863,
  0x0863, 0x0863, 0x0863, 0x0863, 0x0863, 0x0863, 0x0863, 0x0863, 0x0863, 0x0863, 0x0863, 0x0863,
  0x0863, 0x0863, 0x0863, 0x0863, 0x0863, 0x0863, 0x0863, 0x0863, 0x0863, 0x0863, 0x0863, 0x0863,
  0x0863, 0x0863, 0x0863, 0x0863, 0x0863, 0x0863, 0x0863, 0x0863, 0x0863, 0x0863, 0x0863, 0x0863,
  0x0863, 0x0863, 0x0863, 0x0863, 0x0863, 0x0863, 0x0863, 0x0863, 0x0863, 0x0863, 0x0863, 0x0863,
  0x0863, 0x0863, 0x0863, 0x0863, 0x0863, 0x0863, 0x0863, 0x0863, 0x0863, 0x0863, 0x0863, 0x0863,
  0x0863, 0x0863, 0x0863, 0x0863, 0x0863, 0x0863, 0x0863, 0x0863, 0x0863, 0x0863, 0x0863, 0x0863,
  0x0863, 0x0863, 0x0863, 0x0863, 0x0863, 0x0863, 0x0863, 0x0863, 0x0863, 0x0863, 0x0863, 0x0863,
  0x0863, 0x0863, 0x0863, 0x0863, 0x0863, 0x0863, 0x0863, 0x0863, 0x0863, 0x0863, 0x0863, 0x0863,
  0x0863, 0x0863, 0x0863, 0x0863, 0x0863, 0x0863, 0x0863, 0x0863, 0x0863, 0x0863, 0x0863, 0x0863,
  0x0863, 0x0863, 0x0863, 0x0863, 0x0863, 0x0863, 0x0863, 0x0863, 0x0863, 0x0863, 0x0863, 0x0863,
  0x0863, 0x0863, 0x0863, 0x0863, 0x0863, 0x0863, 0x0863, 0x0863, 0x0863, 0x0863, 0x0863, 0x0863,
  0x0863, 0x0863, 0x0863, 0x0863, 0x0863, 0x0863, 0x0863, 0x0863, 0x0863, 0x0863, 0x0863, 0x0863,
  0x0863, 0x0863, 0x0863, 0x0863, 0x0863, 0x0863, 0x0863, 0x0863, 0x0863, 0x0863, 0x0863, 0x0863,
  0x0863, 0x0863, 0x0863, 0x0863, 0x0863, 0x0863, 0x0863, 0x0863, 0x0863, 0x0863, 0x0863, 0x0863,
  0x0863, 0x0863, 0x0863, 0x0863, 0x0863, 0x0863, 0x0863, 0x0863, 0x0863, 0x0863, 0x0863, 0x0863,
  0x0863, 0x0863, 0x0863, 0x0863, 0x0863, 0x0863, 0x0863, 0x0863, 0x0863, 0x0863, 0x0863, 0x0863,
  0x0863, 0x0863, 0x0863, 0x0863, 0x0863, 0x0863, 0x0863, 0x0863, 0x0863, 0x0863, 0x0863, 0x0863,
  0x0863, 0x0863, 0x0863, 0x0863, 0x0863, 0x0863, 0x0863, 0x0863, 0x0863, 0x0863, 0x0863, 0x0863,
  0x0863, 0x0863, 0x0863, 0x0863, 0x0863, 0x0863, 0x0863, 0x0863, 0x0863, 0x0863, 0x0863, 0x0863,
  0x0863, 0x0863, 0x0863, 0x0863, 0x0863, 0x0863, 0x0863, 0x0863, 0x0863, 0x0863, 0x0863, 0x0863,
  0x0863, 0x0863, 0x0863, 0x0863, 0x0863, 0x0863, 0x0863, 0x0863, 0x0863, 0x0863, 0x0863, 0x0863,
  0x0863, 0x0863, 0x0863, 0x0863, 0x0863, 0x0863, 0x0863, 0x0863, 0x0863, 0x0863, 0x0863, 0x0863,
  0x0863, 0x0863, 0x0863, 0x0863, 0x0863, 0x0863, 0x0863, 0x0863, 0x0863, 0x0863, 0x0863, 0x0863,
  0x0863, 0x0863, 0x0863, 0x0863, 0x0863, 0x0863, 0x0863, 0x0863, 0x0863, 0x0863, 0x0863, 0x0863,
  0x0863, 0x0863, 0x0863, 0x0863, 0x0863, 0x0863, 0x0863, 0x0863, 0x0863, 0x0863, 0x0863, 0x0863,
  0x0863, 0x0863, 0x0863, 0x0863, 0x0863, 0x0863, 0x0863, 0x0863, 0x0863, 0x0863, 0x0863, 0x0863,
  0x0863, 0x0863, 0x0863, 0x0863, 0x0863, 0x0863, 0x0863, 0x0863, 0x0863, 0x0863, 0x0863, 0x0863,
  0x0863, 0x0863, 0x0863, 0x0863, 0x0863, 0x0863, 0x0863, 0x0863, 0x0863, 0x0863, 0x0863, 0x0863,
  0x0863, 0x0863, 0x0863, 0x0863, 0x0863, 0x0863, 0x0863, 0x0863, 0x0863, 0x0863, 0x0863, 0x0863,
  0x0863, 0x0863, 0x0863, 0x0863, 0x0863, 0x0863, 0x0863, 0x0863, 0x0863, 0x0863, 0x0863, 0x0863,
  0x0863, 0x0863, 0x0863, 0x0863, 0x0863, 0x0863, 0x0863, 0x0863, 0x0863, 0x0863, 0x0863, 0x0863,
  0x0863, 0x0863, 0x0863, 0x0863, 0x0863, 0x0863, 0x0863, 0x0863, 0x0863, 0x0863, 0x0863, 0x0863,
  0x0863, 0x0863, 0x0863, 0x0863, 0x0863, 0x0863, 0x0863, 0x0863, 0x0863, 0x0863, 0x0863, 0x0863,
  0x0863, 0x0863, 0x0863, 0x0863, 0x0863, 0x0863, 0x0863, 0x0863, 0x0863, 0x0863, 0x0863, 0x0863,
  0x0863, 0x0863, 0x0863, 0x0863, 0x0863, 0x0863, 0x0863, 0x0863, 0x0863, 0x0863, 0x0863, 0x0863,
  0x0863, 0x0863, 0x0863, 0x0863, 0x0863, 0x0863, 0x0863, 0x0863, 0x0863, 0x0863, 0x0863, 0x0863,
  0x0863, 0x0863, 0x0863, 0x0863, 0x0863, 0x0863, 0x0863, 0x0863, 0x0863, 0x0863, 0x0863, 0x0863,
  0x0863, 0x0863, 0x0863, 0x0863, 0x0863, 0x0863, 0x0863, 0x0863, 0x0863, 0x0863, 0x0863, 0x0863,
  0x0863, 0x0863, 0x0863, 0x0863, 0x0863, 0x0863, 0x0863, 0x0863, 0x0863, 0x0863, 0x0863, 0x0863,
  0x0863, 0x0863, 0x0863, 0x0863, 0x0863, 0x0863, 0x0863, 0x0863, 0x0863, 0x0863, 0x0863, 0x0863,
  0x0863, 0x0863, 0x0863, 0x0863, 0x0863, 0x0863, 0x0863, 0x0863, 0x0863, 0x0863, 0x0863, 0x0863,
  0x0863, 0x0863, 0x0863, 0x0863, 0x0863, 0x0863, 0x0863, 0x0863, 0x0863, 0x0863, 0x0863, 0x0863,
  0x0863, 0x0863, 0x0863, 0x0863, 0x0863, 0x0863, 0x0863, 0x0863, 0x0863, 0x0863, 0x0863, 0x0863,
  0x0863, 0x0863, 0x0863, 0x0863, 0x0863, 0x0863, 0x0863, 0x0863, 0x0863, 0x0863, 0x0863, 0x0863,
  0x0863, 0x0863, 0x0863, 0x0863, 0x0863, 0x0863, 0x0863, 0x0863, 0x0863, 0x0863, 0x0863, 0x0863,
  0x0863, 0x0863, 0x0863, 0x0863, 0x0863, 0x0863, 0x0863, 0x0863, 0x0863, 0x0863, 0x0863, 0x0863,
  0x0863, 0x0863, 0x0863, 0x0863, 0x0863, 0x0863, 0x0863, 0x0863, 0x0863, 0x0863, 0x0863, 0x0863,
  0x0863, 0x0863, 0x0863, 0x0863, 0x0863, 0x0863, 0x0863, 0x0863, 0x0863, 0x0863, 0x0863, 0x0863,
  0x0863, 0x0863, 0x0863, 0x0863, 0x0863, 0x0863, 0x0863, 0x0863, 0x0863, 0x0863, 0x0863, 0x0863,
  0x0863, 0x0863, 0x0863, 0x0863, 0x0863, 0x0863, 0x0863, 0x0863, 0x0863, 0x0863, 0x0863, 0x0863,
  0x0863, 0x0863, 0x0863, 0x0863, 0x0863, 0x0863, 0x0863, 0x0863, 0x0863, 0x0863, 0x0863, 0x0863,
  0x0863, 0x0863, 0x0863, 0x0863, 0x0863, 0x0863, 0x0863, 0x0863, 0x0863, 0x0863, 0x0863, 0x0863,
  0x0863, 0x0863, 0x0863, 0x0863, 0x0863, 0x0863, 0x0863, 0x0863, 0x0863, 0x0863, 0x0863, 0x0863,
  0x0863, 0x0863, 0x0863, 0x0863, 0x0863, 0x0863, 0x0863, 0x0863, 0x0863, 0x0863, 0x0863, 0x0863,
  0x0863, 0x0863, 0x0863, 0x0863, 0x0863, 0x0863, 0x0863, 0x0863, 0x0863, 0x0863, 0x0863, 0x0863,
  0x0863, 0x0863, 0x0863, 0x0863, 0x0863, 0x0863, 0x0863, 0x0863, 0x0863, 0x0863, 0x0863, 0x0863,
  0x0863, 0x0863, 0x0863, 0x0863, 0x0863, 0x0863, 0x0863, 0x0863, 0x0863, 0x0863, 0x0863, 0x0863,
  0x0863, 0x0863, 0x0863, 0x0863, 0x0863, 0x0863, 0x0863, 0x0863, 0x0863, 0x0863, 0x0863, 0x0863,
  0x0863, 0x0863, 0x0863, 0x0863, 0x0863, 0x0863, 0x0863, 0x0863, 0x0863, 0x0863, 0x0863, 0x0863,
  0x0863, 0x0863, 0x0863, 0x0863, 0x0863, 0x0863, 0x0863, 0x0863, 0x0863, 0x0863, 0x0863, 0x0863,
  0x0863, 0x0863, 0x0863, 0x0863, 0x0863, 0x0863, 0x0863, 0x0863, 0x0863, 0x0863, 0x0863, 0x0863,
  0x0863, 0x0863, 0x0863, 0x0863, 0x0863, 0x0863, 0x0863, 0x0863, 0x0863, 0x0863, 0x0863, 0x0863,
  0x0863, 0x0863, 0x0863, 0x0863, 0x0863, 0x0863, 0x0863, 0x0863, 0x0863, 0x0863, 0x0863, 0x0863,
  0x0863, 0x0863, 0x0863, 0x0863, 0x0863, 0x0863, 0x0863, 0x0863, 0x0863, 0x0863, 0x0863, 0x0863,
  0x0863, 0x0863, 0x0863, 0x0863, 0x0863, 0x0863, 0x0863, 0x0863, 0x0863, 0x0863, 0x0863, 0x0863,
  0x0863, 0x0863, 0x0863, 0x0863, 0x0863, 0x0863, 0x0863, 0x0863, 0x0863, 0x0863, 0x0863, 0x0863,
  0x0863, 0x0863, 0x0863, 0x0863, 0x0863, 0x0863, 0x0863, 0x0863, 0x0863, 0x0863, 0x0863, 0x0863,
  0x0863, 0x0863, 0x0863, 0x0863, 0x0863, 0x0863, 0x0863, 0x0863, 0x0863, 0x0863, 0x0863, 0x0863,
  0x0863, 0x0863, 0x0863, 0x0863, 0x0863, 0x0863, 0x0863, 0x0863, 0x0863, 0x0863, 0x0863, 0x0863,
  0x0863, 0x0863, 0x0863, 0x0863, 0x0863, 0x0863, 0x0863, 0x0863, 0x0863, 0x0863, 0x0863, 0x0863,
  0x0863, 0x0863, 0x0863, 0x0863, 0x0863, 0x0863, 0x0863, 0x0863, 0x0863, 0x0863, 0x0863, 0x0863,
  0x0863, 0x0863, 0x0863, 0x0863, 0x0863, 0x0863, 0x0863, 0x0863, 0x0863, 0x0863, 0x0863, 0x0863,
  0x0863, 0x0863, 0x0863, 0x0863, 0x0863, 0x0863, 0x0863, 0x0863, 0x0863, 0x0863, 0x0863, 0x0863,
  0x0863, 0x0863, 0x0863, 0x0863, 0x0863, 0x0863, 0x0863, 0x0863, 0x0863, 0x0863, 0x0863, 0x0863,
  0x0863, 0x0863, 0x0863, 0x0863, 0x0863, 0x0863, 0x0863, 0x0863, 0x0863, 0x0863, 0x0863, 0x0863,
  0x0863, 0x0863, 0x0863, 0x0863, 0x0863, 0x0863, 0x0863, 0x0863, 0x0863, 0x0863, 0x0863, 0x0863,
  0x0863, 0x0863, 0x0863, 0x0863, 0x0863, 0x0863, 0x0863, 0x0863, 0x0863, 0x0863, 0x0863, 0x0863,
  0x0863, 0x0863, 0x0863, 0x0863, 0x0863, 0x0863, 0x0863, 0x0863, 0x0863, 0x0863, 0x0863, 0x0863,
  0x0863, 0x0863, 0x0863, 0x0863, 0x0863, 0x0863, 0x0863, 0x0863, 0x0863, 0x0863, 0x0863, 0x0863,
  0x0863, 0x0863, 0x0863, 0x0863, 0x0863, 0x0863, 0x0863, 0x0863, 0x0863, 0x0863, 0x0863, 0x0863,
  0x0863, 0x0863, 0x0863, 0x0863, 0x0863, 0x0863, 0x0863, 0x0863, 0x0863, 0x0863, 0x0863, 0x0863,
  0x0863, 0x0863, 0x0863, 0x0863, 0x0863, 0x0863, 0x0863, 0x0863, 0x0863, 0x0863, 0x0863, 0x0863,
  0x0863, 0x0863, 0x0863, 0x0863, 0x0863, 0x0863, 0x0863, 0x0863, 0x0863, 0x0863, 0x0863, 0x0863,
  0x0863, 0x0863, 0x0863, 0x0863, 0x0863, 0x0863, 0x0863, 0x0863, 0x0863, 0x0863, 0x0863, 0x0863,
  0x0863, 0x0863, 0x0863, 0x0863, 0x0863, 0x0863, 0x0863, 0x0863, 0x0863, 0x0863, 0x0863, 0x0863,
  0x0863, 0x0863, 0x0863, 0x0863, 0x0863, 0x0863, 0x0863, 0x0863, 0x0863, 0x0863, 0x0863, 0x0863,
  0x0863, 0x0863, 0x0863, 0x0863, 0x0863, 0x0863, 0x0863, 0x0863, 0x0863, 0x0863, 0x0863, 0x0863,
  0x0863, 0x0863, 0x0863, 0x0863, 0x0863, 0x0863, 0x0863, 0x0863, 0x0863, 0x0863, 0x0863, 0x0863,
  0x0863, 0x0863, 0x0863, 0x0863, 0x0863, 0x0863, 0x0863, 0x0863, 0x0863, 0x0863, 0x0863, 0x0863,
  0x0863, 0x0863, 0x0863, 0x0863, 0x0863, 0x0863, 0x0863, 0x0863, 0x0863, 0x0863, 0x0863, 0x0863,
  0x0863, 0x0863, 0x0863, 0x0863, 0x0863, 0x0863, 0x0863, 0x0863, 0x0863, 0x0863, 0x0863, 0x0863,
  0x0863, 0x0863, 0x0863, 0x0863, 0x0863, 0x0863, 0x0863, 0x0863, 0x0863, 0x0863, 0x0863, 0x0863,
  0x0863, 0x0863, 0x0863, 0x0863, 0x0863, 0x0863, 0x0863, 0x0863, 0x0863, 0x0863, 0x0863, 0x0863,
  0x0863, 0x0863, 0x0863, 0x0863, 0x0863, 0x0863, 0x0863, 0x0863, 0x0863, 0x0863, 0x0863, 0x0863,
  0x0863, 0x0863, 0x0863, 0x0863, 0x0863, 0x0863, 0x0863, 0x0863, 0x0863, 0x0863, 0x0863, 0x0863,
  0x0863, 0x0863, 0x0863, 0x0863, 0x0863, 0x0863, 0x0863, 0x0863, 0x0863, 0x0863, 0x0863, 0x0863,
  0x0863, 0x0863, 0x0863, 0x0863, 0x0863, 0x0863, 0x0863, 0x0863, 0x0863, 0x0863, 0x0863, 0x0863,
  0x0863, 0x0863, 0x0863, 0x0863, 0x0863, 0x0863, 0x0863, 0x0863, 0x0863, 0x0863, 0x0863, 0x0863,
  0x0863, 0x0863, 0x0863, 0x0863, 0x0863, 0x0863, 0x0863, 0x0863, 0x0863, 0x0863, 0x0863, 0x0863,
  0x0863, 0x0863, 0x0863, 0x0863, 0x0863, 0x0863, 0x0863, 0x0863, 0x0863, 0x0863, 0x0863, 0x0863,
  0x0863, 0x0863, 0x0863, 0x0863, 0x0863, 0x0863, 0x0863, 0x0863, 0x0863, 0x0863, 0x0863, 0x0863,
  0x0863, 0x0863, 0x0863, 0x0863, 0x0863, 0x0863, 0x0863, 0x0863, 0x0863, 0x0863, 0x0863, 0x0863,
  0x0863, 0x0863, 0x0863, 0x0863, 0x0863, 0x0863, 0x0863, 0x0863, 0x0863, 0x0863, 0x0863, 0x0863,
  0x0863, 0x0863, 0x0863, 0x0863, 0x0863, 0x0863, 0x0863, 0x0863, 0x0863, 0x0863, 0x0863, 0x0863,
  0x0863, 0x0863, 0x0863, 0x0863, 0x0863, 0x0863, 0x0863, 0x0863, 0x0863, 0x0863, 0x0863, 0x0863,
  0x0863, 0x0863, 0x0863, 0x0863, 0x0863, 0x0863, 0x0863, 0x0863, 0x0863, 0x0863, 0x0863, 0x0863,
  0x0863, 0x0863, 0x0863, 0x0863, 0x0863, 0x0863, 0x0863, 0x0863, 0x0863, 0x0863, 0x0863, 0x0863,
  0x0863, 0x0863, 0x0863, 0x0863, 0x0863, 0x0863, 0x0863, 0x0863, 0x0863, 0x0863, 0x0863, 0x0863,
  0x0863, 0x0863, 0x0863, 0x0863, 0x0863, 0x0863, 0x0863, 0x0863, 0x0863, 0x0863, 0x0863, 0x0863,
  0x0863, 0x0863, 0x0863, 0x0863, 0x0863, 0x0863, 0x0863, 0x0863, 0x0863, 0x0863, 0x0863, 0x0863,
  0x0863, 0x0863, 0x0863, 0x0863, 0x0863, 0x0863, 0x0863, 0x0863, 0x0863, 0x0863, 0x0863, 0x0863,
  0x0863, 0x0863, 0x0863, 0x0863, 0x0863, 0x0863, 0x0863, 0x0863, 0x0863, 0x0863, 0x0863, 0x0863,
  0x0863, 0x0863, 0x0863, 0x0863, 0x0863, 0x0863, 0x0863, 0x0863, 0x0863, 0x0863, 0x0863, 0x0863,
  0x0863, 0x0863, 0x0863, 0x0863, 0x0863, 0x0863, 0x0863, 0x0863, 0x0863, 0x0863, 0x0863, 0x0863,
  0x0863, 0x0863, 0x0863, 0x0863, 0x0863, 0x0863, 0x0863, 0x0863, 0x0863, 0x0863, 0x0863, 0x0863,
  0x0863, 0x0863, 0x0863, 0x0863, 0x0863, 0x0863, 0x0863, 0x0863, 0x0863, 0x0863, 0x0863, 0x0863,
  0x0863, 0x0863, 0x0863, 0x0863, 0x0863, 0x0863, 0x0863, 0x0863, 0x0863, 0x0863, 0x0863, 0x0863,
  0x0863, 0x0863, 0x0863, 0x0863, 0x0863, 0x0863, 0x0863, 0x0863, 0x0863, 0x0863, 0x0863, 0x0863,
  0x0863, 0x0863, 0x0863, 0x0863, 0x0863, 0x0863, 0x0863, 0x0863, 0x0863, 0x0863, 0x0863, 0x0863,
  0x0863, 0x0863, 0x0863, 0x0863, 0x0863, 0x0863, 0x0863, 0x0863, 0x0863, 0x0863, 0x0863, 0x0863,
  0x0863, 0x0863, 0x0863, 0x0863, 0x0863, 0x0863, 0x0863, 0x0863, 0x0863, 0x0863, 0x0863, 0x0863,
  0x0863, 0x0863, 0x0863, 0x0863, 0x0863, 0x0863, 0x0863, 0x0863, 0x0863, 0x0863, 0x0863, 0x0863,
  0x0863, 0x0863, 0x0863, 0x0863, 0x0863, 0x0863, 0x0863, 0x0863, 0x0863, 0x0863, 0x0863, 0x0863,
  0x0863, 0x0863, 0x0863, 0x0863, 0x0863, 0x0863, 0x0863, 0x0863, 0x0863, 0x0863, 0x0863, 0x0863,
  0x0863, 0x0863, 0x0863, 0x0863, 0x0863, 0x0863, 0x0863, 0x0863, 0x0863, 0x0863, 0x0863, 0x0863,
  0x0863, 0x0863, 0x0863, 0x0863, 0x0863, 0x0863, 0x0863, 0x0863, 0x0863, 0x0863, 0x0863, 0x0863,
  0x0863, 0x0863, 0x0863, 0x0863, 0x0863, 0x0863, 0x0863, 0x0863, 0x0863, 0x0863, 0x0863, 0x0863,
  0x0863, 0x0863, 0x0863, 0x0863, 0x0863, 0x0863, 0x0863, 0x0863, 0x0863, 0x0863, 0x0863, 0x0863,
  0x0863, 0x0863, 0x0863, 0x0863, 0x0863, 0x0863, 0x0863, 0x0863, 0x0863, 0x0863, 0x0863, 0x0863,
  0x0863, 0x0863, 0x0863, 0x0863, 0x0863, 0x0863, 0x0863, 0x0863, 0x0863, 0x0863, 0x0863, 0x0863,
  0x0863, 0x0863, 0x0863, 0x0863, 0x0863, 0x0863, 0x0863, 0x0863, 0x0863, 0x0863, 0x0863, 0x0863,
  0x0863, 0x0863, 0x0863, 0x0863, 0x0863, 0x0863, 0x0863, 0x0863, 0x0863, 0x0863, 0x0863, 0x0863,
  0x0863, 0x0863, 0x0863, 0x0863, 0x0863, 0x0863, 0x0863, 0x0863, 0x0863, 0x0863, 0x0863, 0x0863,
  0x0863, 0x0863, 0x0863, 0x0863, 0x0863, 0x0863, 0x0863, 0x0863, 0x0863, 0x0863, 0x0863, 0x0863,
  0x0863, 0x0863, 0x0863, 0x0863, 0x0863, 0x0863, 0x0863, 0x0863, 0x0863, 0x0863, 0x0863, 0x0863,
  0x0863, 0x0863, 0x0863, 0x0863, 0x0863, 0x0863, 0x0863, 0x0863, 0x0863, 0x0863, 0x0863, 0x0863,
  0x0863, 0x0863, 0x0863, 0x0863, 0x0863, 0x0863, 0x0863, 0x0863, 0x0863, 0x0863, 0x0863, 0x0863,
  0x0863, 0x0863, 0x0863, 0x0863, 0x0863, 0x0863, 0x0863, 0x0863, 0x0863, 0x0863, 0x0863, 0x0863,
  0x0863, 0x0863, 0x0863, 0x0863, 0x0863, 0x0863, 0x0863, 0x0863, 0x0863, 0x0863, 0x0863, 0x0863,
  0x0863, 0x0863, 0x0863, 0x0863, 0x0863, 0x0863, 0x0863, 0x0863, 0x0863, 0x0863, 0x0863, 0x0863,
  0x0863, 0x0863, 0x0863, 0x0863, 0x0863, 0x0863, 0x0863, 0x0863, 0x0863, 0x0863, 0x0863, 0x0863,
  0x0863, 0x0863, 0x0863, 0x0863, 0x0863, 0x0863, 0x0863, 0x0863, 0x0863, 0x0863, 0x0863, 0x0863,
  0x0863, 0x0863, 0x0863, 0x0863, 0x0863, 0x0863, 0x0863, 0x0863, 0x0863, 0x0863, 0x0863, 0x0863,
  0x0863, 0x0863, 0x0863, 0x0863, 0x0863, 0x0863, 0x0863, 0x0863, 0x0863, 0x0863, 0x0863, 0x0863,
  0x0863, 0x0863, 0x0863, 0x0863, 0x0863, 0x0863, 0x0863, 0x0863, 0x0863, 0x0863, 0x0863, 0x0863,
  0x0863, 0x0863, 0x0863, 0x0863, 0x0863, 0x0863, 0x0863, 0x0863, 0x0863, 0x0863, 0x0863, 0x0863,
  0x0863, 0x0863, 0x0863, 0x0863, 0x0863, 0x0863, 0x0863, 0x0863, 0x0863, 0x0863, 0x0863, 0x0863,
  0x0863, 0x0863, 0x0863, 0x0863, 0x0863, 0x0863, 0x0863, 0x0863, 0x0863, 0x0863, 0x0863, 0x0863,
  0x0863, 0x0863, 0x0863, 0x0863, 0x0863, 0x0863, 0x0863, 0x0863, 0x0863, 0x0863, 0x0863, 0x0863,
  0x0863, 0x0863, 0x0863, 0x0863, 0x0863, 0x0863, 0x0863, 0x0863, 0x0863, 0x0863, 0x0863, 0x0863,
  0x0863, 0x0863, 0x0863, 0x0863, 0x0863, 0x0863, 0x0863, 0x0863, 0x0863, 0x0863, 0x0863, 0x0863,
  0x0863, 0x0863, 0x0863, 0x0863, 0x0863, 0x0863, 0x0863, 0x0863, 0x0863, 0x0863, 0x0863, 0x0863,
  0x0863, 0x0863, 0x0863, 0x0863, 0x0863, 0x0863, 0x0863, 0x0863, 0x0863, 0x0863, 0x0863, 0x0863,
  0x0863, 0x0863, 0x0863, 0x0863, 0x0863, 0x0863, 0x0863, 0x0863, 0x0863, 0x0863, 0x0863, 0x0863,
  0x0863, 0x0863, 0x0863, 0x0863, 0x0863, 0x0863, 0x0863, 0x0863, 0x0863, 0x0863, 0x0863, 0x0863,
  0x0863, 0x0863, 0x0863, 0x0863, 0x0863, 0x0863, 0x0863, 0x0863, 0x0863, 0x0863, 0x0863, 0x0863,
  0x0863, 0x0863, 0x0863, 0x0863, 0x0863, 0x0863, 0x0863, 0x0863, 0x0863, 0x0863, 0x0863, 0x0863,
  0x0863, 0x0863, 0x0863, 0x0863, 0x0863, 0x0863, 0x0863, 0x0863, 0x0863, 0x0863, 0x0863, 0x0863,
  0x0863, 0x0863, 0x0863, 0x0863, 0x0863, 0x0863, 0x0863, 0x0863, 0x0863, 0x0863, 0x0863, 0x0863,
  0x0863, 0x0863, 0x0863, 0x0863, 0x0863, 0x0863, 0x0863, 0x0863, 0x0863, 0x0863, 0x0863, 0x0863,
  0x0863, 0x0863, 0x0863, 0x0863, 0x0863, 0x0863, 0x0863, 0x0863, 0x0863, 0x0863, 0x0863, 0x0863,
  0x0863, 0x0863, 0x0863, 0x0863, 0x0863, 0x0863, 0x0863, 0x0863, 0x0863, 0x0863, 0x0863, 0x0863,
  0x0863, 0x0863, 0x0863, 0x0863, 0x0863, 0x0863, 0x0863, 0x0863, 0x0863, 0x0863, 0x0863, 0x0863,
  0x0863, 0x0863, 0x0863, 0x0863, 0x0863, 0x0863, 0x0863, 0x0863, 0x0863, 0x0863, 0x0863, 0x0863,
  0x0863, 0x0863, 0x0863, 0x0863, 0x0863, 0x0863, 0x0863, 0x0863, 0x0863, 0x0863, 0x0863, 0x0863,
  0x0863, 0x0863, 0x0863, 0x0863, 0x0863, 0x0863, 0x0863, 0x0863, 0x0863, 0x0863, 0x0863, 0x0863,
  0x0863, 0x0863, 0x0863, 0x0863, 0x0863, 0x0863, 0x0863, 0x0863, 0x0863, 0x0863, 0x0863, 0x0863,
  0x0863, 0x0863, 0x0863, 0x0863, 0x0863, 0x0863, 0x0863, 0x0863, 0x0863, 0x0863, 0x0863, 0x0863,
  0x0863, 0x0863, 0x0863, 0x0863, 0x0863, 0x0863, 0x0863, 0x0863, 0x0863, 0x0863, 0x0863, 0x0863,
  0x0863, 0x0863, 0x0863, 0x0863, 0x0863, 0x0863, 0x0863, 0x0863, 0x0863, 0x0863, 0x0863, 0x0863,
  0x0863, 0x0863, 0x0863, 0x0863, 0x0863, 0x0863, 0x0863, 0x0863, 0x0863, 0x0863, 0x0863, 0x0863,
  0x0863, 0x0863, 0x0863, 0x0863, 0x0863, 0x0863, 0x0863, 0x0863, 0x0863, 0x0863, 0x0863, 0x0863,
  0x0863, 0x0863, 0x0863, 0x0863, 0x0863, 0x0863, 0x0863, 0x0863, 0x0863, 0x0863, 0x0863, 0x0863,
  0x0863, 0x0863, 0x0863, 0x0863, 0x0863, 0x0863, 0x0863, 0x0863, 0x0863, 0x0863, 0x0863, 0x0863,
  0x0863, 0x0863, 0x0863, 0x0863, 0x0863, 0x0863, 0x0863, 0x0863, 0x0863, 0x0863, 0x0863, 0x0863,
  0x0863, 0x0863, 0x0863, 0x0863, 0x0863, 0x0863, 0x0863, 0x0863, 0x0863, 0x0863, 0x0863, 0x0863,
  0x0863, 0x0863, 0x0863, 0x0863, 0x0863, 0x0863, 0x0863, 0x0863, 0x0863, 0x0863, 0x0863, 0x0863,
  0x0863, 0x0863, 0x0863, 0x0863, 0x0863, 0x0863, 0x0863, 0x0863, 0x0863, 0x0863, 0x0863, 0x0863,
  0x0863, 0x0863, 0x0863, 0x0863, 0x0863, 0x0863, 0x0863, 0x0863, 0x0863, 0x0863, 0x0863, 0x0863,
  0x0863, 0x0863, 0x0863, 0x0863, 0x0863, 0x0863, 0x0863, 0x0863, 0x0863, 0x0863, 0x0863, 0x0863,
  0x0863, 0x0863, 0x0863, 0x0863, 0x0863, 0x0863, 0x0863, 0x0863, 0x0863, 0x0863, 0x0863, 0x0863,
  0x0863, 0x0863, 0x0863, 0x0863, 0x0863, 0x0863, 0x0863, 0x0863, 0x0863, 0x0863, 0x0863, 0x0863,
  0x0863, 0x0863, 0x0863, 0x0863, 0x0863, 0x0863, 0x0863, 0x0863, 0x0863, 0x0863, 0x0863, 0x0863,
  0x0863, 0x0863, 0x0863, 0x0863, 0x0863, 0x0863, 0x0863, 0x0863, 0x0863, 0x0863, 0x0863, 0x0863,
  0x0863, 0x0863, 0x0863, 0x0863, 0x0863, 0x0863, 0x0863, 0x0863, 0x0863, 0x0863, 0x0863, 0x0863,
  0x0863, 0x0863, 0x0863, 0x0863, 0x0863, 0x0863, 0x0863, 0x0863, 0x0863, 0x0863, 0x0863, 0x0863,
  0x0863, 0x0863, 0x0863, 0x0863, 0x0863, 0x0863, 0x0863, 0x0863, 0x0863, 0x0863, 0x0863, 0x0863,
  0x0863, 0x0863, 0x0863, 0x0863, 0x0863, 0x0863, 0x0863, 0x0863, 0x0863, 0x0863, 0x0863, 0x0863,
  0x0863, 0x0863, 0x0863, 0x0863, 0x0863, 0x0863, 0x0863, 0x0863, 0x0863, 0x0863, 0x0863, 0x0863,
  0x0863, 0x0863, 0x0863, 0x0863, 0x0863, 0x0863, 0x0863, 0x0863, 0x0863, 0x0863, 0x0863, 0x0863,
  0x0863, 0x0863, 0x0863, 0x0863, 0x0863, 0x0863, 0x0863, 0x0863, 0x0863, 0x0863, 0x0863, 0x0863,
  0x0863, 0x0863, 0x0863, 0x0863, 0x0863, 0x0863, 0x0863, 0x0863, 0x0863, 0x0863, 0x0863, 0x0863,
  0x0863, 0x0863, 0x0863, 0x0863, 0x0863, 0x0863, 0x0863, 0x0863, 0x0863, 0x0863, 0x0863, 0x0863,
  0x0863, 0x0863, 0x0863, 0x0863, 0x0863, 0x0863, 0x0863, 0x0863, 0x0863, 0x0863, 0x0863, 0x0863,
  0x0863, 0x0863, 0x0863, 0x0863, 0x0863, 0x0863, 0x0863, 0x0863, 0x0863, 0x0863, 0x0863, 0x0863,
  0x0863, 0x0863, 0x0863, 0x0863, 0x0863, 0x0863, 0x0863, 0x0863, 0x0863, 0x0863, 0x0863, 0x0863,
  0x0863, 0x0863, 0x0863, 0x0863, 0x0863, 0x0863, 0x0863, 0x0863, 0x0863, 0x0863, 0x0863, 0x0863,
  0x0863, 0x0863, 0x0863, 0x0863, 0x0863, 0x0863, 0x0863, 0x0863, 0x0863, 0x0863, 0x0863, 0x0863,
  0x0863, 0x0863, 0x0863, 0x0863, 0x0863, 0x0863, 0x0863, 0x0863, 0x0863, 0x0863, 0x0863, 0x0863,
  0x0863, 0x0863, 0x0863, 0x0863, 0x0863, 0x0863, 0x0863, 0x0863, 0x0863, 0x0863, 0x0863, 0x0863,
  0x0863, 0x0863, 0x0863, 0x0863, 0x0863, 0x0863, 0x0863, 0x0863, 0x0863, 0x0863, 0x0863, 0x0863,
  0x0863, 0x0863, 0x0863, 0x0863, 0x0863, 0x0863, 0x0863, 0x0863, 0x0863, 0x0863, 0x0863, 0x0863,
  0x0863, 0x0863, 0x0863, 0x0863, 0x0863, 0x0863, 0x0863, 0x0863, 0x0863, 0x0863, 0x0863, 0x0863,
  0x0863, 0x0863, 0x0863, 0x0863, 0x0863, 0x0863, 0x0863, 0x0863, 0x0863, 0x0863, 0x0863, 0x0863,
  0x0863, 0x0863, 0x0863, 0x0863, 0x0863, 0x0863, 0x0863, 0x0863, 0x0863, 0x0863, 0x0863, 0x0863,
  0x0863, 0x0863, 0x0863, 0x0863, 0x0863, 0x0863, 0x0863, 0x0863, 0x0863, 0x0863, 0x0863, 0x0863,
  0x0863, 0x0863, 0x0863, 0x0863, 0x0863, 0x0863, 0x0863, 0x0863, 0x0863, 0x0863, 0x0863, 0x0863,
  0x0863, 0x0863, 0x0863, 0x0863, 0x0863, 0x0863, 0x0863, 0x0863, 0x0863, 0x0863, 0x0863, 0x0863,
  0x0863, 0x0863, 0x0863, 0x0863, 0x0863, 0x0863, 0x0863, 0x0863, 0x0863, 0x0863, 0x0863, 0x0863,
  0x0863, 0x0863, 0x0863, 0x0863, 0x0863, 0x0863, 0x0863, 0x0863, 0x0863, 0x0863, 0x0863, 0x0863,
  0x0863, 0x0863, 0x0863, 0x0863, 0x0863, 0x0863, 0x0863, 0x0863, 0x0863, 0x0863, 0x0863, 0x0863,
  0x0863, 0x0863, 0x0863, 0x0863, 0x0863, 0x0863, 0x0863, 0x0863, 0x0863, 0x0863, 0x0863, 0x0863,
  0x0863, 0x0863, 0x0863, 0x0863, 0x0863, 0x0863, 0x0863, 0x0863, 0x0863, 0x0863, 0x0863, 0x0863,
  0x0863, 0x0863, 0x0863, 0x0863, 0x0863, 0x0863, 0x0863, 0x0863, 0x0863, 0x0863, 0x0863, 0x0863,
  0x0863, 0x0863, 0x0863, 0x0863, 0x0863, 0x0863, 0x0863, 0x0863, 0x0863, 0x0863, 0x0863, 0x0863,
  0x0863, 0x0863, 0x0863, 0x0863, 0x0863, 0x0863, 0x0863, 0x0863, 0x0863, 0x0863, 0x0863, 0x0863,
  0x0863, 0x0863, 0x0863, 0x0863, 0x0863, 0x0863, 0x0863, 0x0863, 0x0863, 0x0863, 0x0863, 0x0863,
  0x0863, 0x0863, 0x0863, 0x0863, 0x0863, 0x0863, 0x0863, 0x0863, 0x0863, 0x0863, 0x0863, 0x0863,
  0x0863, 0x0863, 0x0863, 0x0863, 0x0863, 0x0863, 0x0863, 0x0863, 0x0863, 0x0863, 0x0863, 0x0863,
  0x0863, 0x0863, 0x0863, 0x0863, 0x0863, 0x0863, 0x0863, 0x0863, 0x0863, 0x0863, 0x0863, 0x0863,
  0x0863, 0x0863, 0x0863, 0x0863, 0x0863, 0x0863, 0x0863, 0x0863, 0x0863, 0x0863, 0x0863, 0x0863,
  0x0863, 0x0863, 0x0863, 0x0863, 0x0863, 0x0863, 0x0863, 0x0863, 0x0863, 0x0863, 0x0863, 0x0863,
  0x0863, 0x0863, 0x0863, 0x0863, 0x0863, 0x0863, 0x0863, 0x0863, 0x0863, 0x0863, 0x0863, 0x0863,
  0x0863, 0x0863, 0x0863, 0x0863, 0x0863, 0x0863, 0x0863, 0x0863, 0x0863, 0x0863, 0x0863, 0x0863,
  0x0863, 0x0863, 0x0863, 0x0863, 0x0863, 0x0863, 0x0863, 0x0863, 0x0863, 0x0863, 0x0863, 0x0863,
  0x0863, 0x0863, 0x0863, 0x0863, 0x0863, 0x0863, 0x0863, 0x0863, 0x0863, 0x0863, 0x0863, 0x0863,
  0x0863, 0x0863, 0x0863, 0x0863, 0x0863, 0x0863, 0x0863, 0x0863, 0x0863, 0x0863, 0x0863, 0x0863,
  0x0863, 0x0863, 0x0863, 0x0863, 0x0863, 0x0863, 0x0863, 0x0863, 0x0863, 0x0863, 0x0863, 0x0863,
  0x0863, 0x0863, 0x0863, 0x0863, 0x0863, 0x0863, 0x0863, 0x0863, 0x0863, 0x0863, 0x0863, 0x0863,
  0x0863, 0x0863, 0x0863, 0x0863, 0x0863, 0x0863, 0x0863, 0x0863, 0x0863, 0x0863, 0x0863, 0x0863,
  0x0863, 0x0863, 0x0863, 0x0863, 0x0863, 0x0863, 0x0863, 0x0863, 0x0863, 0x0863, 0x0863, 0x0863,
  0x0863, 0x0863, 0x0863, 0x0863, 0x0863, 0x0863, 0x0863, 0x0863, 0x0863, 0x0863, 0x0863, 0x0863,
  0x0863, 0x0863, 0x0863, 0x0863, 0x0863, 0x0863, 0x0863, 0x0863, 0x0863, 0x0863, 0x0863, 0x0863,
  0x0863, 0x0863, 0x0863, 0x0863, 0x0863, 0x0863, 0x0863, 0x0863, 0x0863, 0x0863, 0x0863, 0x0863,
  0x0863, 0x0863, 0x0863, 0x0863, 0x0863, 0x0863, 0x0863, 0x0863, 0x0863, 0x0863, 0x0863, 0x0863,
  0x0863, 0x0863, 0x0863, 0x0863, 0x0863, 0x0863, 0x0863, 0x0863, 0x0863, 0x0863, 0x0863, 0x0863,
  0x0863, 0x0863, 0x0863, 0x0863, 0x0863, 0x0863, 0x0863, 0x0863, 0x0863, 0x0863, 0x0863, 0x0863,
  0x0863, 0x0863, 0x0863, 0x0863, 0x0863, 0x0863, 0x0863, 0x0863, 0x0863, 0x0863, 0x0863, 0x0863,
  0x0863, 0x0863, 0x0863, 0x0863, 0x0863, 0x0863, 0x0863, 0x0863, 0x0863, 0x0863, 0x0863, 0x0863,
  0x0863, 0x0863, 0x0863, 0x0863, 0x0863, 0x0863, 0x0863, 0x0863, 0x0863, 0x0863, 0x0863, 0x0863,
  0x0863, 0x0863, 0x0863, 0x0863, 0x0863, 0x0863, 0x0863, 0x0863, 0x0863, 0x0863, 0x0863, 0x0863,
  0x0863, 0x0863, 0x0863, 0x0863, 0x0863, 0x0863, 0x0863, 0x0863, 0x0863, 0x0863, 0x0863, 0x0863,
  0x0863, 0x0863, 0x0863, 0x0863, 0x0863, 0x0863, 0x0863, 0x0863, 0x0863, 0x0863, 0x0863, 0x0863,
  0x0863, 0x0863, 0x0863, 0x0863, 0x0863, 0x0863, 0x0863, 0x0863, 0x0863, 0x0863, 0x0863, 0x0863,
  0x0863, 0x0863, 0x0863, 0x0863, 0x0863, 0x0863, 0x0863, 0x0863, 0x0863, 0x0863, 0x0863, 0x0863,
  0x0863, 0x0863, 0x0863, 0x0863, 0x0863, 0x0863, 0x0863, 0x0863, 0x0863, 0x0863, 0x0863, 0x0863,
  0x0863, 0x0863, 0x0863, 0x0863, 0x0863, 0x0863, 0x0863, 0x0863, 0x0863, 0x0863, 0x0863, 0x0863,
  0x0863, 0x0863, 0x0863, 0x0863, 0x0863, 0x0863, 0x0863, 0x0863, 0x0863, 0x0863, 0x0863, 0x0863,
  0x0863, 0x0863, 0x0863, 0x0863, 0x0863, 0x0863, 0x0863, 0x0863, 0x0863, 0x0863, 0x0863, 0x0863,
  0x0863, 0x0863, 0x0863, 0x0863, 0x0863, 0x0863, 0x0863, 0x0863, 0x0863, 0x0863, 0x0863, 0x0863,
  0x0863, 0x0863, 0x0863, 0x0863, 0x0863, 0x0863, 0x0863, 0x0863, 0x0863, 0x0863, 0x0863, 0x0863,
  0x0863, 0x0863, 0x0863, 0x0863, 0x0863, 0x0863, 0x0863, 0x0863, 0x0863, 0x0863, 0x0863, 0x0863,
  0x0863, 0x0863, 0x0863, 0x0863, 0x0863, 0x0863, 0x0863, 0x0863, 0x0863, 0x0863, 0x0863, 0x0863,
  0x0863, 0x0863, 0x0863, 0x0863, 0x0863, 0x0863, 0x0863, 0x0863, 0x0863, 0x0863, 0x0863, 0x0863,
  0x0863, 0x0863, 0x0863, 0x0863, 0x0863, 0x0863, 0x0863, 0x0863, 0x0863, 0x0863, 0x0863, 0x0863,
  0x0863, 0x0863, 0x0863, 0x0863, 0x0863, 0x0863, 0x0863, 0x0863, 0x0863, 0x0863, 0x0863, 0x0863,
  0x0863, 0x0863, 0x0863, 0x0863, 0x0863, 0x0863, 0x0863, 0x0863, 0x0863, 0x0863, 0x0863, 0x0863,
  0x0863, 0x0863, 0x0863, 0x0863, 0x0863, 0x0863, 0x0863, 0x0863, 0x0863, 0x0863, 0x0863, 0x0863,
  0x0863, 0x0863, 0x0863, 0x0863, 0x0863, 0x0863, 0x0863, 0x0863, 0x0863, 0x0863, 0x0863, 0x0863,
  0x0863, 0x0863, 0x0863, 0x0863, 0x0863, 0x0863, 0x0863, 0x0863, 0x0863, 0x0863, 0x0863, 0x0863,
  0x0863, 0x0863, 0x0863, 0x0863, 0x0863, 0x0863, 0x0863, 0x0863, 0x0863, 0x0863, 0x0863, 0x0863,
  0x0863, 0x0863, 0x0863, 0x0863, 0x0863, 0x0863, 0x0863, 0x0863, 0x0863, 0x0863, 0x0863, 0x0863,
  0x0863, 0x0863, 0x0863, 0x0863, 0x0863, 0x0863, 0x0863, 0x0863, 0x0863, 0x0863, 0x0863, 0x0863,
  0x0863, 0x0863, 0x0863, 0x0863, 0x0863, 0x0863, 0x0863, 0x0863, 0x0863, 0x0863, 0x0863, 0x0863,
  0x0863, 0x0863, 0x0863, 0x0863, 0x0863, 0x0863, 0x0863, 0x0863, 0x0863, 0x0863, 0x0863, 0x0863,
  0x0863, 0x0863, 0x0863, 0x0863, 0x0863, 0x0863, 0x0863, 0x0863, 0x0863, 0x0863, 0x0863, 0x0863,
  0x0863, 0x0863, 0x0863, 0x0863, 0x0863, 0x0863, 0x0863, 0x0863, 0x0863, 0x0863, 0x0863, 0x0863,
  0x0863, 0x0863, 0x0863, 0x0863, 0x0863, 0x0863, 0x0863, 0x0863, 0x0863, 0x0863, 0x0863, 0x0863,
  0x0863, 0x0863, 0x0863, 0x0863, 0x0863, 0x0863, 0x0863, 0x0863, 0x0863, 0x0863, 0x0863, 0x0863,
  0x0863, 0x0863, 0x0863, 0x0863, 0x0863, 0x0863, 0x0863, 0x0863, 0x0863, 0x0863, 0x0863, 0x0863,
  0x0863, 0x0863, 0x0863, 0x0863, 0x0863, 0x0863, 0x0863, 0x0863, 0x0863, 0x0863, 0x0863, 0x0863,
  0x0863, 0x0863, 0x0863, 0x0863, 0x0863, 0x0863, 0x0863, 0x0863, 0x0863, 0x0863, 0x0863, 0x0863,
  0x0863, 0x0863, 0x0863, 0x0863, 0x0863, 0x0863, 0x0863, 0x0863, 0x0863, 0x0863, 0x0863, 0x0863,
  0x0863, 0x0863, 0x0863, 0x0863, 0x0863, 0x0863, 0x0863, 0x0863, 0x0863, 0x0863, 0x0863, 0x0863,
  0x0863, 0x0863, 0x0863, 0x0863, 0x0863, 0x0863, 0x0863, 0x0863, 0x0863, 0x0863, 0x0863, 0x0863,
  0x0863, 0x0863, 0x0863, 0x0863, 0x0863, 0x0863, 0x0863, 0x0863, 0x0863, 0x0863, 0x0863, 0x0863,
  0x0863, 0x0863, 0x0863, 0x0863, 0x0863, 0x0863, 0x0863, 0x0863, 0x0863, 0x0863, 0x0863, 0x0863,
  0x0863, 0x0863, 0x0863, 0x0863, 0x0863, 0x0863, 0x0863, 0x0863, 0x0863, 0x0863, 0x0863, 0x0863,
  0x0863, 0x0863, 0x0863, 0x0863, 0x0863, 0x0863, 0x0863, 0x0863, 0x0863, 0x0863, 0x0863, 0x0863,
  0x0863, 0x0863, 0x0863, 0x0863, 0x0863, 0x0863, 0x0863, 0x0863, 0x0863, 0x0863, 0x0863, 0x0863,
  0x0863, 0x0863, 0x0863, 0x0863, 0x0863, 0x0863, 0x0863, 0x0863, 0x0863, 0x0863, 0x0863, 0x0863,
  0x0863, 0x0863, 0x0863, 0x0863, 0x0863, 0x0863, 0x0863, 0x0863, 0x0863, 0x0863, 0x0863, 0x0863,
  0x0863, 0x0863, 0x0863, 0x0863, 0x0863, 0x0863, 0x0863, 0x0863, 0x0863, 0x0863, 0x0863, 0x0863,
  0x0863, 0x0863, 0x0863, 0x0863, 0x0863, 0x0863, 0x0863, 0x0863, 0x0863, 0x0863, 0x0863, 0x0863,
  0x0863, 0x0863, 0x0863, 0x0863, 0x0863, 0x0863, 0x0863, 0x0863, 0x0863, 0x0863, 0x0863, 0x0863,
  0x0863, 0x0863, 0x0863, 0x0863, 0x0863, 0x0863, 0x0863, 0x0863, 0x0863, 0x0863, 0x0863, 0x0863,
  0x0863, 0x0863, 0x0863, 0x0863, 0x0863, 0x0863, 0x0863, 0x0863, 0x0863, 0x0863, 0x0863, 0x0863,
  0x0863, 0x0863, 0x0863, 0x0863, 0x0863, 0x0863, 0x0863, 0x0863, 0x0863, 0x0863, 0x0863, 0x0863,
  0x0863, 0x0863, 0x0863, 0x0863, 0x0863, 0x0863, 0x0863, 0x0863, 0x0863, 0x0863, 0x0863, 0x0863,
  0x0863, 0x0863, 0x0863, 0x0863, 0x0863, 0x0863, 0x0863, 0x0863, 0x0863, 0x0863, 0x0863, 0x0863,
  0x0863, 0x0863, 0x0863, 0x0863, 0x0863, 0x0863, 0x0863, 0x0863, 0x0863, 0x0863, 0x0863, 0x0863,
  0x0863, 0x0863, 0x0863, 0x0863, 0x0863, 0x0863, 0x0863, 0x0863, 0x0863, 0x0863, 0x0863, 0x0863,
  0x0863, 0x0863, 0x0863, 0x0863, 0x0863, 0x0863, 0x0863, 0x0863, 0x0863, 0x0863, 0x0863, 0x0863,
  0x0863, 0x0863, 0x0863, 0x0863, 0x0863, 0x0863, 0x0863, 0x0863, 0x0863, 0x0863, 0x0863, 0x0863,
  0x0863, 0x0863, 0x0863, 0x0863, 0x0863, 0x0863, 0x0863, 0x0863, 0x0863, 0x0863, 0x0863, 0x0863,
  0x0863, 0x0863, 0x0863, 0x0863, 0x0863, 0x0863, 0x0863, 0x0863, 0x0863, 0x0863, 0x0863, 0x0863,
  0x0863, 0x0863, 0x0863, 0x0863, 0x0863, 0x0863, 0x0863, 0x0863, 0x0863, 0x0863, 0x0863, 0x0863,
  0x0863, 0x0863, 0x0863, 0x0863, 0x0863, 0x0863, 0x0863, 0x0863, 0x0863, 0x0863, 0x0863, 0x0863,
  0x0863, 0x0863, 0x0863, 0x0863, 0x0863, 0x0863, 0x0863, 0x0863, 0x0863, 0x0863, 0x0863, 0x0863,
  0x0863, 0x0863, 0x0863, 0x0863, 0x0863, 0x0863, 0x0863, 0x0863, 0x0863, 0x0863, 0x0863, 0x0863,
  0x0863, 0x0863, 0x0863, 0x0863, 0x0863, 0x0863, 0x0863, 0x0863, 0x0863, 0x0863, 0x0863, 0x0863,
  0x0863, 0x0863, 0x0863, 0x0863, 0x0863, 0x0863, 0x0863, 0x0863, 0x0863, 0x0863, 0x0863, 0x0863,
  0x0863, 0x0863, 0x0863, 0x0863, 0x0863, 0x0863, 0x0863, 0x0863, 0x0863, 0x0863, 0x0863, 0x0863,
  0x0863, 0x0863, 0x0863, 0x0863, 0x0863, 0x0863, 0x0863, 0x0863, 0x0863, 0x0863, 0x0863, 0x0863,
  0x0863, 0x0863, 0x0863, 0x0863, 0x0863, 0x0863, 0x0863, 0x0863, 0x0863, 0x0863, 0x0863, 0x0863,
  0x0863, 0x0863, 0x0863, 0x0863, 0x0863, 0x0863, 0x0863, 0x0863, 0x0863, 0x0863, 0x0863, 0x0863,
  0x0863, 0x0863, 0x0863, 0x0863, 0x0863, 0x0863, 0x0863, 0x0863, 0x0863, 0x0863, 0x0863, 0x0863,
  0x0863, 0x0863, 0x0863, 0x0863, 0x0863, 0x0863, 0x0863, 0x0863, 0x0863, 0x0863, 0x0863, 0x0863,
  0x0863, 0x0863, 0x0863, 0x0863, 0x0863, 0x0863, 0x0863, 0x0863, 0x0863, 0x0863, 0x0863, 0x0863,
  0x0863, 0x0863, 0x0863, 0x0863, 0x0863, 0x0863, 0x0863, 0x0863, 0x0863, 0x0863, 0x0863, 0x0863,
  0x0863, 0x0863, 0x0863, 0x0863, 0x0863, 0x0863, 0x0863, 0x0863, 0x0863, 0x0863, 0x0863, 0x0863,
  0x0863, 0x0863, 0x0863, 0x0863, 0x0863, 0x0863, 0x0863, 0x0863, 0x0863, 0x0863, 0x0863, 0x0863,
  0x0863, 0x0863, 0x0863, 0x0863, 0x0863, 0x0863, 0x0863, 0x0863, 0x0863, 0x0863, 0x0863, 0x0863,
  0x0863, 0x0863, 0x0863, 0x0863, 0x0863, 0x0863, 0x0863, 0x0863, 0x0863, 0x0863, 0x0863, 0x0863,
  0x0863, 0x0863, 0x0863, 0x0863, 0x0863, 0x0863, 0x0863, 0x0863, 0x0863, 0x0863, 0x0863, 0x0863,
  0x0863, 0x0863, 0x0863, 0x0863, 0x0863, 0x0863, 0x0863, 0x0863, 0x0863, 0x0863, 0x0863, 0x0863,
  0x0863, 0x0863, 0x0863, 0x0863, 0x0863, 0x0863, 0x0863, 0x0863, 0x0863, 0x0863, 0x0863, 0x0863,
  0x0863, 0x0863, 0x0863, 0x0863, 0x0863, 0x0863, 0x0863, 0x0863, 0x0863, 0x0863, 0x0863, 0x0863,
  0x0863, 0x0863, 0x0863, 0x0863, 0x0863, 0x0863, 0x0863, 0x0863, 0x0863, 0x0863, 0x0863, 0x0863,
  0x0863, 0x0863, 0x0863, 0x0863, 0x0863, 0x0863, 0x0863, 0x0863, 0x0863, 0x0863, 0x0863, 0x0863,
  0x0863, 0x0863, 0x0863, 0x0863, 0x0863, 0x0863, 0x0863, 0x0863, 0x0863, 0x0863, 0x0863, 0x0863,
  0x0863, 0x0863, 0x0863, 0x0863, 0x0863, 0x0863, 0x0863, 0x0863, 0x0863, 0x0863, 0x0863, 0x0863,
  0x0863, 0x0863, 0x0863, 0x0863, 0x0863, 0x0863, 0x0863, 0x0863, 0x0863, 0x0863, 0x0863, 0x0863,
  0x0863, 0x0863, 0x0863, 0x0863, 0x0863, 0x0863, 0x0863, 0x0863, 0x0863, 0x0863, 0x0863, 0x0863,
  0x0863, 0x0863, 0x0863, 0x0863, 0x0863, 0x0863, 0x0863, 0x0863, 0x0863, 0x0863, 0x0863, 0x0863,
  0x0863, 0x0863, 0x0863, 0x0863, 0x0863, 0x0863, 0x0863, 0x0863, 0x0863, 0x0863, 0x0863, 0x0863,
  0x0863, 0x0863, 0x0863, 0x0863, 0x0863, 0x0863, 0x0863, 0x0863, 0x0863, 0x0863, 0x0863, 0x0863,
  0x0863, 0x0863, 0x0863, 0x0863, 0x0863, 0x0863, 0x0863, 0x0863, 0x0863, 0x0863, 0x0863, 0x0863,
  0x0863, 0x0863, 0x0863, 0x0863, 0x0863, 0x0863, 0x0863, 0x0863, 0x0863, 0x0863, 0x0863, 0x0863,
  0x0863, 0x0863, 0x0863, 0x0863, 0x0863, 0x0863, 0x0863, 0x0863, 0x0863, 0x0863, 0x0863, 0x0863,
  0x0863, 0x0863, 0x0863, 0x0863, 0x0863, 0x0863, 0x0863, 0x0863, 0x0863, 0x0863, 0x0863, 0x0863,
  0x0863, 0x0863, 0x0863, 0x0863, 0x0863, 0x0863, 0x0863, 0x0863, 0x0863, 0x0863, 0x0863, 0x0863,
  0x0863, 0x0863, 0x0863, 0x0863, 0x0863, 0x0863, 0x0863, 0x0863, 0x0863, 0x0863, 0x0863, 0x0863,
  0x0863, 0x0863, 0x0863, 0x0863, 0x0863, 0x0863, 0x0863, 0x0863, 0x0863, 0x0863, 0x0863, 0x0863,
  0x0863, 0x0863, 0x0863, 0x0863, 0x0863, 0x0863, 0x0863, 0x0863, 0x0863, 0x0863, 0x0863, 0x0863,
  0x0863, 0x0863, 0x0863, 0x0863, 0x0863, 0x0863, 0x0863, 0x0863, 0x0863, 0x0863, 0x0863, 0x0863,
  0x0863, 0x0863, 0x0863, 0x0863, 0x0863, 0x0863, 0x0863, 0x0863, 0x0863, 0x0863, 0x0863, 0x0863,
  0x0863, 0x0863, 0x0863, 0x0863, 0x0863, 0x0863, 0x0863, 0x0863, 0x0863, 0x0863, 0x0863, 0x0863,
  0x0863, 0x0863, 0x0863, 0x0863, 0x0863, 0x0863, 0x0863, 0x0863, 0x0863, 0x0863, 0x0863, 0x0863,
  0x0863, 0x0863, 0x0863, 0x0863, 0x0863, 0x0863, 0x0863, 0x0863, 0x0863, 0x0863, 0x0863, 0x0863,
  0x0863, 0x0863, 0x0863, 0x0863, 0x0863, 0x0863, 0x0863, 0x0863, 0x0863, 0x0863, 0x0863, 0x0863,
  0x0863, 0x0863, 0x0863, 0x0863, 0x0863, 0x0863, 0x0863, 0x0863, 0x0863, 0x0863, 0x0863, 0x0863,
  0x0863, 0x0863, 0x0863, 0x0863, 0x0863, 0x0863, 0x0863, 0x0863, 0x0863, 0x0863, 0x0863, 0x0863,
  0x0863, 0x0863, 0x0863, 0x0863, 0x0863, 0x0863, 0x0863, 0x0863, 0x0863, 0x0863, 0x0863, 0x0863,
  0x0863, 0x0863, 0x0863, 0x0863, 0x0863, 0x0863, 0x0863, 0x0863, 0x0863, 0x0863, 0x0863, 0x0863,
  0x0863, 0x0863, 0x0863, 0x0863, 0x0863, 0x0863, 0x0863, 0x0863, 0x0863, 0x0863, 0x0863, 0x0863,
  0x0863, 0x0863, 0x0863, 0x0863, 0x0863, 0x0863, 0x0863, 0x0863, 0x0863, 0x0863, 0x0863, 0x0863,
  0x0863, 0x0863, 0x0863, 0x0863, 0x0863, 0x0863, 0x0863, 0x0863, 0x0863, 0x0863, 0x0863, 0x0863,
  0x0863, 0x0863, 0x0863, 0x0863, 0x0863, 0x0863, 0x0863, 0x0863, 0x0863, 0x0863, 0x0863, 0x0863,
  0x0863, 0x0863, 0x0863, 0x0863, 0x0863, 0x0863, 0x0863, 0x0863, 0x0863, 0x0863, 0x0863, 0x0863,
  0x0863, 0x0863, 0x0863, 0x0863, 0x0863, 0x0863, 0x0863, 0x0863, 0x0863, 0x0863, 0x0863, 0x0863,
  0x0863, 0x0863, 0x0863, 0x0863, 0x0863, 0x0863, 0x0863, 0x0863, 0x0863, 0x0863, 0x0863, 0x0863,
  0x0863, 0x0863, 0x0863, 0x0863, 0x0863, 0x0863, 0x0863, 0x0863, 0x0863, 0x0863, 0x0863, 0x0863,
  0x0863, 0x0863, 0x0863, 0x0863, 0x0863, 0x0863, 0x0863, 0x0863, 0x0863, 0x0863, 0x0863, 0x0863,
  0x0863, 0x0863, 0x0863, 0x0863, 0x0863, 0x0863, 0x0863, 0x0863, 0x0863, 0x0863, 0x0863, 0x0863,
  0x0863, 0x0863, 0x0863, 0x0863, 0x0863, 0x0863, 0x0863, 0x0863, 0x0863, 0x0863, 0x0863, 0x0863,
  0x0863, 0x0863, 0x0863, 0x0863, 0x0863, 0x0863, 0x0863, 0x0863, 0x0863, 0x0863, 0x0863, 0x0863,
  0x0863, 0x0863, 0x0863, 0x0863, 0x0863, 0x0863, 0x0863, 0x0863, 0x0863, 0x0863, 0x0863, 0x0863,
  0x0863, 0x0863, 0x0863, 0x0863, 0x0863, 0x0863, 0x0863, 0x0863, 0x0863, 0x0863, 0x0863, 0x0863,
  0x0863, 0x0863, 0x0863, 0x0863, 0x0863, 0x0863, 0x0863, 0x0863, 0x0863, 0x0863, 0x0863, 0x0863,
  0x0863, 0x0863, 0x0863, 0x0863, 0x0863, 0x0863, 0x0863, 0x0863, 0x0863, 0x0863, 0x0863, 0x0863,
  0x0863, 0x0863, 0x0863, 0x0863, 0x0863, 0x0863, 0x0863, 0x0863, 0x0863, 0x0863, 0x0863, 0x0863,
  0x0863, 0x0863, 0x0863, 0x0863, 0x0863, 0x0863, 0x0863, 0x0863, 0x0863, 0x0863, 0x0863, 0x0863,
  0x0863, 0x0863, 0x0863, 0x0863, 0x0863, 0x0863, 0x0863, 0x0863, 0x0863, 0x0863, 0x0863, 0x0863,
  0x0863, 0x0863, 0x0863, 0x0863, 0x0863, 0x0863, 0x0863, 0x0863, 0x0863, 0x0863, 0x0863, 0x0863,
  0x0863, 0x0863, 0x0863, 0x0863, 0x0863, 0x0863, 0x0863, 0x0863, 0x0863, 0x0863, 0x0863, 0x0863,
  0x0863, 0x0863, 0x0863, 0x0863, 0x0863, 0x0863, 0x0863, 0x0863, 0x0863, 0x0863, 0x0863, 0x0863,
  0x0863, 0x0863, 0x0863, 0x0863, 0x0863, 0x0863, 0x0863, 0x0863, 0x0863, 0x0863, 0x0863, 0x0863,
  0x0863, 0x0863, 0x0863, 0x0863, 0x0863, 0x0863, 0x0863, 0x0863, 0x0863, 0x0863, 0x0863, 0x0863,
  0x0863, 0x0863, 0x0863, 0x0863, 0x0863, 0x0863, 0x0863, 0x0863, 0x0863, 0x0863, 0x0863, 0x0863,
  0x0863, 0x0863, 0x0863, 0x0863, 0x0863, 0x0863, 0x0863, 0x0863, 0x0863, 0x0863, 0x0863, 0x0863,
  0x0863, 0x0863, 0x0863, 0x0863, 0x0863, 0x0863, 0x0863, 0x0863, 0x0863, 0x0863, 0x0863, 0x0863,
  0x0863, 0x0863, 0x0863, 0x0863, 0x0863, 0x0863, 0x0863, 0x0863, 0x0863, 0x0863, 0x0863, 0x0863,
  0x0863, 0x0863, 0x0863, 0x0863, 0x0863, 0x0863, 0x0863, 0x0863, 0x0863, 0x0863, 0x0863, 0x0863,
  0x0863, 0x0863, 0x0863, 0x0863, 0x0863, 0x0863, 0x0863, 0x0863, 0x0863, 0x0863, 0x0863, 0x0863,
  0x0863, 0x0863, 0x0863, 0x0863, 0x0863, 0x0863, 0x0863, 0x0863, 0x0863, 0x0863, 0x0863, 0x0863,
  0x0863, 0x0863, 0x0863, 0x0863, 0x0863, 0x0863, 0x0863, 0x0863, 0x0863, 0x0863, 0x0863, 0x0863,
  0x0863, 0x0863, 0x0863, 0x0863, 0x0863, 0x0863, 0x0863, 0x0863, 0x0863, 0x0863, 0x0863, 0x0863,
  0x0863, 0x0863, 0x0863, 0x0863, 0x0863, 0x0863, 0x0863, 0x0863, 0x0863, 0x0863, 0x0863, 0x0863,
  0x0863, 0x0863, 0x0863, 0x0863, 0x0863, 0x0863, 0x0863, 0x0863, 0x0863, 0x0863, 0x0863, 0x0863,
  0x0863, 0x0863, 0x0863, 0x0863, 0x0863, 0x0863, 0x0863, 0x0863, 0x0863, 0x0863, 0x0863, 0x0863,
  0x0863, 0x0863, 0x0863, 0x0863, 0x0863, 0x0863, 0x0863, 0x0863, 0x0863, 0x0863, 0x0863, 0x0863,
  0x0863, 0x0863, 0x0863, 0x0863, 0x0863, 0x0863, 0x0863, 0x0863, 0x0863, 0x0863, 0x0863, 0x0863,
  0x0863, 0x0863, 0x0863, 0x0863, 0x0863, 0x0863, 0x0863, 0x0863, 0x0863, 0x0863, 0x0863, 0x0863,
  0x0863, 0x0863, 0x0863, 0x0863, 0x0863, 0x0863, 0x0863, 0x0863, 0x0863, 0x0863, 0x0863, 0x0863,
  0x0863, 0x0863, 0x0863, 0x0863, 0x0863, 0x0863, 0x0863, 0x0863, 0x0863, 0x0863, 0x0863, 0x0863,
  0x0863, 0x0863, 0x0863, 0x0863, 0x0863, 0x0863, 0x0863, 0x0863, 0x0863, 0x0863, 0x0863, 0x0863,
  0x0863, 0x0863, 0x0863, 0x0863, 0x0863, 0x0863, 0x0863, 0x0863, 0x0863, 0x0863, 0x0863, 0x0863,
  0x0863, 0x0863, 0x0863, 0x0863, 0x0863, 0x0863, 0x0863, 0x0863, 0x0863, 0x0863, 0x0863, 0x0863,
  0x0863, 0x0863, 0x0863, 0x0863, 0x0863, 0x0863, 0x0863, 0x0863, 0x0863, 0x0863, 0x0863, 0x0863,
  0x0863, 0x0863, 0x0863, 0x0863, 0x0863, 0x0863, 0x0863, 0x0863, 0x0863, 0x0863, 0x0863, 0x0863,
  0x0863, 0x0863, 0x0863, 0x0863, 0x0863, 0x0863, 0x0863, 0x0863, 0x0863, 0x0863, 0x0863, 0x0863,
  0x0863, 0x0863, 0x0863, 0x0863, 0x0863, 0x0863, 0x0863, 0x0863, 0x0863, 0x0863, 0x0863, 0x0863,
  0x0863, 0x0863, 0x0863, 0x0863, 0x0863, 0x0863, 0x0863, 0x0863, 0x0863, 0x0863, 0x0863, 0x0863,
  0x0863, 0x0863, 0x0863, 0x0863, 0x0863, 0x0863, 0x0863, 0x0863, 0x0863, 0x0863, 0x0863, 0x0863,
  0x0863, 0x0863, 0x0863, 0x0863, 0x0863, 0x0863, 0x0863, 0x0863, 0x0863, 0x0863, 0x0863, 0x0863,
  0x0863, 0x0863, 0x0863, 0x0863, 0x0863, 0x0863, 0x0863, 0x0863, 0x0863, 0x0863, 0x0863, 0x0863,
  0x0863, 0x0863, 0x0863, 0x0863, 0x0863, 0x0863, 0x0863, 0x0863, 0x0863, 0x0863, 0x0863, 0x0863,
  0x0863, 0x0863, 0x0863, 0x0863, 0x0863, 0x0863, 0x0863, 0x0863, 0x0863, 0x0863, 0x0863, 0x0863,
  0x0863, 0x0863, 0x0863, 0x0863, 0x0863, 0x0863, 0x0863, 0x0863, 0x0863, 0x0863, 0x0863, 0x0863,
  0x0863, 0x0863, 0x0863, 0x0863, 0x0863, 0x0863, 0x0863, 0x0863, 0x0863, 0x0863, 0x0863, 0x0863,
  0x0863, 0x0863, 0x0863, 0x0863, 0x0863, 0x0863, 0x0863, 0x0863, 0x0863, 0x0863, 0x0863, 0x0863,
  0x0863, 0x0863, 0x0863, 0x0863, 0x0863, 0x0863, 0x0863, 0x0863, 0x0863, 0x0863, 0x0863, 0x0863,
  0x0863, 0x0863, 0x0863, 0x0863, 0x0863, 0x0863, 0x0863, 0x0863, 0x0863, 0x0863, 0x0863, 0x0863,
  0x0863, 0x0863, 0x0863, 0x0863, 0x0863, 0x0863, 0x0863, 0x0863, 0x0863, 0x0863, 0x0863, 0x0863,
  0x0863, 0x0863, 0x0863, 0x0863, 0x0863, 0x0863, 0x0863, 0x0863, 0x0863, 0x0863, 0x0863, 0x0863,
  0x0863, 0x0863, 0x0863, 0x0863, 0x0863, 0x0863, 0x0863, 0x0863, 0x0863, 0x0863, 0x0863, 0x0863,
  0x0863, 0x0863, 0x0863, 0x0863, 0x0863, 0x0863, 0x0863, 0x0863, 0x0863, 0x0863, 0x0863, 0x0863,
  0x0863, 0x0863, 0x0863, 0x0863, 0x0863, 0x0863, 0x0863, 0x0863, 0x0863, 0x0863, 0x0863, 0x0863,
  0x0863, 0x0863, 0x0863, 0x0863, 0x0863, 0x0863, 0x0863, 0x0863, 0x0863, 0x0863, 0x0863, 0x0863,
  0x0863, 0x0863, 0x0863, 0x0863, 0x0863, 0x0863, 0x0863, 0x0863, 0x0863, 0x0863, 0x0863, 0x0863,
  0x0863, 0x0863, 0x0863, 0x0863, 0x0863, 0x0863, 0x0863, 0x0863, 0x0863, 0x0863, 0x0863, 0x0863,
  0x0863, 0x0863, 0x0863, 0x0863, 0x0863, 0x0863, 0x0863, 0x0863, 0x0863, 0x0863, 0x0863, 0x0863,
  0x0863, 0x0863, 0x0863, 0x0863, 0x0863, 0x0863, 0x0863, 0x0863, 0x0863, 0x0863, 0x0863, 0x0863,
  0x0863, 0x0863, 0x0863, 0x0863, 0x0863, 0x0863, 0x0863, 0x0863, 0x0863, 0x0863, 0x0863, 0x0863,
  0x0863, 0x0863, 0x0863, 0x0863, 0x0863, 0x0863, 0x0863, 0x0863, 0x0863, 0x0863, 0x0863, 0x0863,
  0x0863, 0x0863, 0x0863, 0x0863, 0x0863, 0x0863, 0x0863, 0x0863, 0x0863, 0x0863, 0x0863, 0x0863,
  0x0863, 0x0863, 0x0863, 0x0863, 0x0863, 0x0863, 0x0863, 0x0863, 0x0863, 0x0863, 0x0863, 0x0863,
  0x0863, 0x0863, 0x0863, 0x0863, 0x0863, 0x0863, 0x0863, 0x0863, 0x0863, 0x0863, 0x0863, 0x0863,
  0x0863, 0x0863, 0x0863, 0x0863, 0x0863, 0x0863, 0x0863, 0x0863, 0x0863, 0x0863, 0x0863, 0x0863,
  0x0863, 0x0863, 0x0863, 0x0863, 0x0863, 0x0863, 0x0863, 0x0863, 0x0863, 0x0863, 0x0863, 0x0863,
  0x0863, 0x0863, 0x0863, 0x0863, 0x0863, 0x0863, 0x0863, 0x0863, 0x0863, 0x0863, 0x0863, 0x0863,
  0x0863, 0x0863, 0x0863, 0x0863, 0x0863, 0x0863, 0x0863, 0x0863, 0x0863, 0x0863, 0x0863, 0x0863,
  0x0863, 0x0863, 0x0863, 0x0863, 0x0863, 0x0863, 0x0863, 0x0863, 0x0863, 0x0863, 0x0863, 0x0863,
  0x0863, 0x0863, 0x0863, 0x0863, 0x0863, 0x0863, 0x0863, 0x0863, 0x0863, 0x0863, 0x0863, 0x0863,
  0x0863, 0x0863, 0x0863, 0x0863, 0x0863, 0x0863, 0x0863, 0x0863, 0x0863, 0x0863, 0x0863, 0x0863,
  0x0863, 0x0863, 0x0863, 0x0863, 0x0863, 0x0863, 0x0863, 0x0863, 0x0863, 0x0863, 0x0863, 0x0863,
  0x0863, 0x0863, 0x0863, 0x0863, 0x0863, 0x0863, 0x0863, 0x0863, 0x0863, 0x0863, 0x0863, 0x0863,
  0x0863, 0x0863, 0x0863, 0x0863, 0x0863, 0x0863, 0x0863, 0x0863, 0x0863, 0x0863, 0x0863, 0x0863,
  0x0863, 0x0863, 0x0863, 0x0863, 0x0863, 0x0863, 0x0863, 0x0863, 0x0863, 0x0863, 0x0863, 0x0863,
  0x0863, 0x0863, 0x0863, 0x0863, 0x0863, 0x0863, 0x0863, 0x0863, 0x0863, 0x0863, 0x0863, 0x0863,
  0x0863, 0x0863, 0x0863, 0x0863, 0x0863, 0x0863, 0x0863, 0x0863, 0x0863, 0x0863, 0x0863, 0x0863,
  0x0863, 0x0863, 0x0863, 0x0863, 0x0863, 0x0863, 0x0863, 0x0863, 0x0863, 0x0863, 0x0863, 0x0863,
  0x0863, 0x0863, 0x0863, 0x0863, 0x0863, 0x0863, 0x0863, 0x0863, 0x0863, 0x0863, 0x0863, 0x0863,
  0x0863, 0x0863, 0x0863, 0x0863, 0x0863, 0x0863, 0x0863, 0x0863, 0x0863, 0x0863, 0x0863, 0x0863,
  0x0863, 0x0863, 0x0863, 0x0863, 0x0863, 0x0863, 0x0863, 0x0863, 0x0863, 0x0863, 0x0863, 0x0863,
  0x0863, 0x0863, 0x0863, 0x0863, 0x0863, 0x0863, 0x0863, 0x0863, 0x0863, 0x0863, 0x0863, 0x0863,
  0x0863, 0x0863, 0x0863, 0x0863, 0x0863, 0x0863, 0x0863, 0x0863, 0x0863, 0x0863, 0x0863, 0x0863,
  0x0863, 0x0863, 0x0863, 0x0863, 0x0863, 0x0863, 0x0863, 0x0863, 0x0863, 0x0863, 0x0863, 0x0863,
  0x0863, 0x0863, 0x0863, 0x0863, 0x0863, 0x0863, 0x0863, 0x0863, 0x0863, 0x0863, 0x0863, 0x0863,
  0x0863, 0x0863, 0x0863, 0x0863, 0x0863, 0x0863, 0x0863, 0x0863, 0x0863, 0x0863, 0x0863, 0x0863,
  0x0863, 0x0863, 0x0863, 0x0863, 0x0863, 0x0863, 0x0863, 0x0863, 0x0863, 0x0863, 0x0863, 0x0863,
  0x0863, 0x0863, 0x0863, 0x0863, 0x0863, 0x0863, 0x0863, 0x0863, 0x0863, 0x0863, 0x0863, 0x0863,
  0x0863, 0x0863, 0x0863, 0x0863, 0x0863, 0x0863, 0x0863, 0x0863, 0x0863, 0x0863, 0x0863, 0x0863,
  0x0863, 0x0863, 0x0863, 0x0863, 0x0863, 0x0863, 0x0863, 0x0863, 0x0863, 0x0863, 0x0863, 0x0863,
  0x0863, 0x0863, 0x0863, 0x0863, 0x0863, 0x0863, 0x0863, 0x0863, 0x0863, 0x0863, 0x0863, 0x0863,
  0x0863, 0x0863, 0x0863, 0x0863, 0x0863, 0x0863, 0x0863, 0x0863, 0x0863, 0x0863, 0x0863, 0x0863,
  0x0863, 0x0863, 0x0863, 0x0863, 0x0863, 0x0863, 0x0863, 0x0863, 0x0863, 0x0863, 0x0863, 0x0863,
  0x0863, 0x0863, 0x0863, 0x0863, 0x0863, 0x0863, 0x0863, 0x0863, 0x0863, 0x0863, 0x0863, 0x0863,
  0x0863, 0x0863, 0x0863, 0x0863, 0x0863, 0x0863, 0x0863, 0x0863, 0x0863, 0x0863, 0x0863, 0x0863,
  0x0863, 0x0863, 0x0863, 0x0863, 0x0863, 0x0863, 0x0863, 0x0863, 0x0863, 0x0863, 0x0863, 0x0863,
  0x0863, 0x0863, 0x0863, 0x0863, 0x0863, 0x0863, 0x0863, 0x0863, 0x0863, 0x0863, 0x0863, 0x0863,
  0x0863, 0x0863, 0x0863, 0x0863, 0x0863, 0x0863, 0x0863, 0x0863, 0x0863, 0x0863, 0x0863, 0x0863,
  0x0863, 0x0863, 0x0863, 0x0863, 0x0863, 0x0863, 0x0863, 0x0863, 0x0863, 0x0863, 0x0863, 0x0863,
  0x0863, 0x0863, 0x0863, 0x0863, 0x0863, 0x0863, 0x0863, 0x0863, 0x0863, 0x0863, 0x0863, 0x0863,
  0x0863, 0x0863, 0x0863, 0x0863, 0x0863, 0x0863, 0x0863, 0x0863, 0x0863, 0x0863, 0x0863, 0x0863,
  0x0863, 0x0863, 0x0863, 0x0863, 0x0863, 0x0863, 0x0863, 0x0863, 0x0863, 0x0863, 0x0863, 0x0863,
  0x0863, 0x0863, 0x0863, 0x0863, 0x0863, 0x0863, 0x0863, 0x0863, 0x0863, 0x0863, 0x0863, 0x0863,
  0x0863, 0x0863, 0x0863, 0x0863, 0x0863, 0x0863, 0x0863, 0x0863, 0x0863, 0x0863, 0x0863, 0x0863,
  0x0863, 0x0863, 0x0863, 0x0863, 0x0863, 0x0863, 0x0863, 0x0863, 0x0863, 0x0863, 0x0863, 0x0863,
  0x0863, 0x0863, 0x0863, 0x0863, 0x0863, 0x0863, 0x0863, 0x0863, 0x0863, 0x0863, 0x0863, 0x0863,
  0x0863, 0x0863, 0x0863, 0x0863, 0x0863, 0x0863, 0x0863, 0x0863, 0x0863, 0x0863, 0x0863, 0x0863,
  0x0863, 0x0863, 0x0863, 0x0863, 0x0863, 0x0863, 0x0863, 0x0863, 0x0863, 0x0863, 0x0863, 0x0863,
  0x0863, 0x0863, 0x0863, 0x0863, 0x0863, 0x0863, 0x0863, 0x0863, 0x0863, 0x0863, 0x0863, 0x0863,
  0x0863, 0x0863, 0x0863, 0x0863, 0x0863, 0x0863, 0x0863, 0x0863, 0x0863, 0x0863, 0x0863, 0x0863,
  0x0863, 0x0863, 0x0863, 0x0863, 0x0863, 0x0863, 0x0863, 0x0863, 0x0863, 0x0863, 0x0863, 0x0863,
  0x0863, 0x0863, 0x0863, 0x0863, 0x0863, 0x0863, 0x0863, 0x0863, 0x0863, 0x0863, 0x0863, 0x0863,
  0x0863, 0x0863, 0x0863, 0x0863, 0x0863, 0x0863, 0x0863, 0x0863, 0x0863, 0x0863, 0x0863, 0x0863,
  0x0863, 0x0863, 0x0863, 0x0863, 0x0863, 0x0863, 0x0863, 0x0863, 0x0863, 0x0863, 0x0863, 0x0863,
  0x0863, 0x0863, 0x0863, 0x0863, 0x0863, 0x0863, 0x0863, 0x0863, 0x0863, 0x0863, 0x0863, 0x0863,
  0x0863, 0x0863, 0x0863, 0x0863, 0x0863, 0x0863, 0x0863, 0x0863, 0x0863, 0x0863, 0x0863, 0x0863,
  0x0863, 0x0863, 0x0863, 0x0863, 0x0863, 0x0863, 0x0863, 0x0863, 0x0863, 0x0863, 0x0863, 0x0863,
  0x0863, 0x0863, 0x0863, 0x0863, 0x0863, 0x0863, 0x0863, 0x0863, 0x0863, 0x0863, 0x0863, 0x0863,
  0x0863, 0x0863, 0x0863, 0x0863, 0x0863, 0x0863, 0x0863, 0x0863, 0x0863, 0x0863, 0x0863, 0x0863,
  0x0863, 0x0863, 0x0863, 0x0863, 0x0863, 0x0863, 0x0863, 0x0863, 0x0863, 0x0863, 0x0863, 0x0863,
  0x0863, 0x0863, 0x0863, 0x0863, 0x0863, 0x0863, 0x0863, 0x0863, 0x0863, 0x0863, 0x0863, 0x0863,
  0x0863, 0x0863, 0x0863, 0x0863, 0x0863, 0x0863, 0x0863, 0x0863, 0x0863, 0x0863, 0x0863, 0x0863,
  0x0863, 0x0863, 0x0863, 0x0863, 0x0863, 0x0863, 0x0863, 0x0863, 0x0863, 0x0863, 0x0863, 0x0863,
  0x0863, 0x0863, 0x0863, 0x0863, 0x0863, 0x0863, 0x0863, 0x0863, 0x0863, 0x0863, 0x0863, 0x0863,
  0x0863, 0x0863, 0x0863, 0x0863, 0x0863, 0x0863, 0x0863, 0x0863, 0x0863, 0x0863, 0x0863, 0x0863,
  0x0863, 0x0863, 0x0863, 0x0863, 0x0863, 0x0863, 0x0863, 0x0863, 0x0863, 0x0863, 0x0863, 0x0863,
  0x0863, 0x0863, 0x0863, 0x0863, 0x0863, 0x0863, 0x0863, 0x0863, 0x0863, 0x0863, 0x0863, 0x0863,
  0x0863, 0x0863, 0x0863, 0x0863, 0x0863, 0x0863, 0x0863, 0x0863, 0x0863, 0x0863, 0x0863, 0x0863,
  0x0863, 0x0863, 0x0863, 0x0863, 0x0863, 0x0863, 0x0863, 0x0863, 0x0863, 0x0863, 0x0863, 0x0863,
  0x0863, 0x0863, 0x0863, 0x0863, 0x0863, 0x0863, 0x0863, 0x0863, 0x0863, 0x0863, 0x0863, 0x0863,
  0x0863, 0x0863, 0x0863, 0x0863, 0x0863, 0x0863, 0x0863, 0x0863, 0x0863, 0x0863, 0x0863, 0x0863,
  0x0863, 0x0863, 0x0863, 0x0863, 0x0863, 0x0863, 0x0863, 0x0863, 0x0863, 0x0863, 0x0863, 0x0863,
  0x0863, 0x0863, 0x0863, 0x0863, 0x0863, 0x0863, 0x0863, 0x0863, 0x0863, 0x0863, 0x0863, 0x0863,
  0x0863, 0x0863, 0x0863, 0x0863, 0x0863, 0x0863, 0x0863, 0x0863, 0x0863, 0x0863, 0x0863, 0x0863,
  0x0863, 0x0863, 0x0863, 0x0863, 0x0863, 0x0863, 0x0863, 0x0863, 0x0863, 0x0863, 0x0863, 0x0863,
  0x0863, 0x0863, 0x0863, 0x0863, 0x0863, 0x0863, 0x0863, 0x0863, 0x0863, 0x0863, 0x0863, 0x0863,
  0x0863, 0x0863, 0x0863, 0x0863, 0x0863, 0x0863, 0x0863, 0x0863, 0x0863, 0x0863, 0x0863, 0x0863,
  0x0863, 0x0863, 0x0863, 0x0863, 0x0863, 0x0863, 0x0863, 0x0863, 0x0863, 0x0863, 0x0863, 0x0863,
  0x0863, 0x0863, 0x0863, 0x0863, 0x0863, 0x0863, 0x0863, 0x0863, 0x0863, 0x0863, 0x0863, 0x0863,
  0x0863, 0x0863, 0x0863, 0x0863, 0x0863, 0x0863, 0x0863, 0x0863, 0x0863, 0x0863, 0x0863, 0x0863,
  0x0863, 0x0863, 0x0863, 0x0863, 0x0863, 0x0863, 0x0863, 0x0863, 0x0863, 0x0863, 0x0863, 0x0863,
  0x0863, 0x0863, 0x0863, 0x0863, 0x0863, 0x0863, 0x0863, 0x0863, 0x0863, 0x0863, 0x0863, 0x0863,
  0x0863, 0x0863, 0x0863, 0x0863, 0x0863, 0x0863, 0x0863, 0x0863, 0x0863, 0x0863, 0x0863, 0x0863,
  0x0863, 0x0863, 0x0863, 0x0863, 0x0863, 0x0863, 0x0863, 0x0863, 0x0863, 0x0863, 0x0863, 0x0863,
  0x0863, 0x0863, 0x0863, 0x0863, 0x0863, 0x0863, 0x0863, 0x0863, 0x0863, 0x0863, 0x0863, 0x0863,
  0x0863, 0x0863, 0x0863, 0x0863, 0x0863, 0x0863, 0x0863, 0x0863, 0x0863, 0x0863, 0x0863, 0x0863,
  0x0863, 0x0863, 0x0863, 0x0863, 0x0863, 0x0863, 0x0863, 0x0863, 0x0863, 0x0863, 0x0863, 0x0863,
  0x0863, 0x0863, 0x0863, 0x0863, 0x0863, 0x0863, 0x0863, 0x0863, 0x0863, 0x0863, 0x0863, 0x0863,
  0x0863, 0x0863, 0x0863, 0x0863, 0x0863, 0x0863, 0x0863, 0x0863, 0x0863, 0x0863, 0x0863, 0x0863,
  0x0863, 0x0863, 0x0863, 0x0863, 0x0863, 0x0863, 0x0863, 0x0863, 0x0863, 0x0863, 0x0863, 0x0863,
  0x0863, 0x0863, 0x0863, 0x0863, 0x0863, 0x0863, 0x0863, 0x0863, 0x0863, 0x0863, 0x0863, 0x0863,
  0x0863, 0x0863, 0x0863, 0x0863, 0x0863, 0x0863, 0x0863, 0x0863, 0x0863, 0x0863, 0x0863, 0x0863,
  0x0863, 0x0863, 0x0863, 0x0863, 0x0863, 0x0863, 0x0863, 0x0863, 0x0863, 0x0863, 0x0863, 0x0863,
  0x0863, 0x0863, 0x0863, 0x0863, 0x0863, 0x0863, 0x0863, 0x0863, 0x0863, 0x0863, 0x0863, 0x0863,
  0x0863, 0x0863, 0x0863, 0x0863, 0x0863, 0x0863, 0x0863, 0x0863, 0x0863, 0x0863, 0x0863, 0x0863,
  0x0863, 0x0863, 0x0863, 0x0863, 0x0863, 0x0863, 0x0863, 0x0863, 0x0863, 0x0863, 0x0863, 0x0863,
  0x0863, 0x0863, 0x0863, 0x0863, 0x0863, 0x0863, 0x0863, 0x0863, 0x0863, 0x0863, 0x0863, 0x0863,
  0x0863, 0x0863, 0x0863, 0x0863, 0x0863, 0x0863, 0x0863, 0x0863, 0x0863, 0x0863, 0x0863, 0x0863,
  0x0863, 0x0863, 0x0863, 0x0863, 0x0863, 0x0863, 0x0863, 0x0863, 0x0863, 0x0863, 0x0863, 0x0863,
  0x0863, 0x0863, 0x0863, 0x0863, 0x0863, 0x0863, 0x0863, 0x0863, 0x0863, 0x0863, 0x0863, 0x0863,
  0x0863, 0x0863, 0x0863, 0x0863, 0x0863, 0x0863, 0x0863, 0x0863, 0x0863, 0x0863, 0x0863, 0x0863,
  0x0863, 0x0863, 0x0863, 0x0863, 0x0863, 0x0863, 0x0863, 0x0863, 0x0863, 0x0863, 0x0863, 0x0863,
  0x0863, 0x0863, 0x0863, 0x0863, 0x0863, 0x0863, 0x0863, 0x0863, 0x0863, 0x0863, 0x0863, 0x0863,
  0x0863, 0x0863, 0x0863, 0x0863, 0x0863, 0x0863, 0x0863, 0x0863, 0x0863, 0x0863, 0x0863, 0x0863,
  0x0863, 0x0863, 0x0863, 0x0863, 0x0863, 0x0863, 0x0863, 0x0863, 0x0863, 0x0863, 0x0863, 0x0863,
  0x0863, 0x0863, 0x0863, 0x0863, 0x0863, 0x0863, 0x0863, 0x0863, 0x0863, 0x0863, 0x0863, 0x0863,
  0x0863, 0x0863, 0x0863, 0x0863, 0x0863, 0x0863, 0x0863, 0x0863, 0x0863, 0x0863, 0x0863, 0x0863,
  0x0863, 0x0863, 0x0863, 0x0863, 0x0863, 0x0863, 0x0863, 0x0863, 0x0863, 0x0863, 0x0863, 0x0863,
  0x0863, 0x0863, 0x0863, 0x0863, 0x0863, 0x0863, 0x0863, 0x0863, 0x0863, 0x0863, 0x0863, 0x0863,
  0x0863, 0x0863, 0x0863, 0x0863, 0x0863, 0x0863, 0x0863, 0x0863, 0x0863, 0x0863, 0x0863, 0x0863,
  0x0863, 0x0863, 0x0863, 0x0863, 0x0863, 0x0863, 0x0863, 0x0863, 0x0863, 0x0863, 0x0863, 0x0863,
  0x0863, 0x0863, 0x0863, 0x0863, 0x0863, 0x0863, 0x0863, 0x0863, 0x0863, 0x0863, 0x0863, 0x0863,
  0x0863, 0x0863, 0x0863, 0x0863, 0x0863, 0x0863, 0x0863, 0x0863, 0x0863, 0x0863, 0x0863, 0x0863,
  0x0863, 0x0863, 0x0863, 0x0863, 0x0863, 0x0863, 0x0863, 0x0863, 0x0863, 0x0863, 0x0863, 0x0863,
  0x0863, 0x0863, 0x0863, 0x0863, 0x0863, 0x0863, 0x0863, 0x0863, 0x0863, 0x0863, 0x0863, 0x0863,
  0x0863, 0x0863, 0x0863, 0x0863, 0x0863, 0x0863, 0x0863, 0x0863, 0x0863, 0x0863, 0x0863, 0x0863,
  0x0863, 0x0863, 0x0863, 0x0863, 0x0863, 0x0863, 0x0863, 0x0863, 0x0863, 0x0863, 0x0863, 0x0863,
  0x0863, 0x0863, 0x0863, 0x0863, 0x0863, 0x0863, 0x0863, 0x0863, 0x0863, 0x0863, 0x0863, 0x0863,
  0x0863, 0x0863, 0x0863, 0x0863, 0x0863, 0x0863, 0x0863, 0x0863, 0x0863, 0x0863, 0x0863, 0x0863,
  0x0863, 0x0863, 0x0863, 0x0863, 0x0863, 0x0863, 0x0863, 0x0863, 0x0863, 0x0863, 0x0863, 0x0863,
  0x0863, 0x0863, 0x0863, 0x0863, 0x0863, 0x0863, 0x0863, 0x0863, 0x0863, 0x0863, 0x0863, 0x0863,
  0x0863, 0x0863, 0x0863, 0x0863, 0x0863, 0x0863, 0x0863, 0x0863, 0x0863, 0x0863, 0x0863, 0x0863,
  0x0863, 0x0863, 0x0863, 0x0863, 0x0863, 0x0863, 0x0863, 0x0863, 0x0863, 0x0863, 0x0863, 0x0863,
  0x0863, 0x0863, 0x0863, 0x0863, 0x0863, 0x0863, 0x0863, 0x0863, 0x0863, 0x0863, 0x0863, 0x0863,
  0x0863, 0x0863, 0x0863, 0x0863, 0x0863, 0x0863, 0x0863, 0x0863, 0x0863, 0x0863, 0x0863, 0x0863,
  0x0863, 0x0863, 0x0863, 0x0863, 0x0863, 0x0863, 0x0863, 0x0863, 0x0863, 0x0863, 0x0863, 0x0863,
  0x0863, 0x0863, 0x0863, 0x0863, 0x0863, 0x0863, 0x0863, 0x0863, 0x0863, 0x0863, 0x0863, 0x0863,
  0x0863, 0x0863, 0x0863, 0x0863, 0x0863, 0x0863, 0x0863, 0x0863, 0x0863, 0x0863, 0x0863, 0x0863,
  0x0863, 0x0863, 0x0863, 0x0863, 0x0863, 0x0863, 0x0863, 0x0863, 0x0863, 0x0863, 0x0863, 0x0863,
  0x0863, 0x0863, 0x0863, 0x0863, 0x0863, 0x0863, 0x0863, 0x0863, 0x0863, 0x0863, 0x0863, 0x0863,
  0x0863, 0x0863, 0x0863, 0x0863, 0x0863, 0x0863, 0x0863, 0x0863, 0x0863, 0x0863, 0x0863, 0x0863,
  0x0863, 0x0863, 0x0863, 0x0863, 0x0863, 0x0863, 0x0863, 0x0863, 0x0863, 0x0863, 0x0863, 0x0863,
  0x0863, 0x0863, 0x0863, 0x0863, 0x0863, 0x0863, 0x0863, 0x0863, 0x0863, 0x0863, 0x0863, 0x0863,
  0x0863, 0x0863, 0x0863, 0x0863, 0x0863, 0x0863, 0x0863, 0x0863, 0x0863, 0x0863, 0x0863, 0x0863,
  0x0863, 0x0863, 0x0863, 0x0863, 0x0863, 0x0863, 0x0863, 0x0863, 0x0863, 0x0863, 0x0863, 0x0863,
  0x0863, 0x0863, 0x0863, 0x0863, 0x0863, 0x0863, 0x0863, 0x0863, 0x0863, 0x0863, 0x0863, 0x0863,
  0x0863, 0x0863, 0x0863, 0x0863, 0x0863, 0x0863, 0x0863, 0x0863, 0x0863, 0x0863, 0x0863, 0x0863,
  0x0863, 0x0863, 0x0863, 0x0863, 0x0863, 0x0863, 0x0863, 0x0863, 0x0863, 0x0863, 0x0863, 0x0863,
  0x0863, 0x0863, 0x0863, 0x0863, 0x0863, 0x0863, 0x0863, 0x0863, 0x0863, 0x0863, 0x0863, 0x0863,
  0x0863, 0x0863, 0x0863, 0x0863, 0x0863, 0x0863, 0x0863, 0x0863, 0x0863, 0x0863, 0x0863, 0x0863,
  0x0863, 0x0863, 0x0863, 0x0863, 0x0863, 0x0863, 0x0863, 0x0863, 0x0863, 0x0863, 0x0863, 0x0863,
  0x0863, 0x0863, 0x0863, 0x0863, 0x0863, 0x0863, 0x0863, 0x0863, 0x0863, 0x0863, 0x0863, 0x0863,
  0x0863, 0x0863, 0x0863, 0x0863, 0x0863, 0x0863, 0x0863, 0x0863, 0x0863, 0x0863, 0x0863, 0x0863,
  0x0863, 0x0863, 0x0863, 0x0863, 0x0863, 0x0863, 0x0863, 0x0863, 0x0863, 0x0863, 0x0863, 0x0863,
  0x0863, 0x0863, 0x0863, 0x0863, 0x0863, 0x0863, 0x0863, 0x0863, 0x0863, 0x0863, 0x0863, 0x0863,
  0x0863, 0x0863, 0x0863, 0x0863, 0x0863, 0x0863, 0x0863, 0x0863, 0x0863, 0x0863, 0x0863, 0x0863,
  0x0863, 0x0863, 0x0863, 0x0863, 0x0863, 0x0863, 0x0863, 0x0863, 0x0863, 0x0863, 0x0863, 0x0863,
  0x0863, 0x0863, 0x0863, 0x0863, 0x0863, 0x0863, 0x0863, 0x0863, 0x0863, 0x0863, 0x0863, 0x0863,
  0x0863, 0x0863, 0x0863, 0x0863, 0x0863, 0x0863, 0x0863, 0x0863, 0x0863, 0x0863, 0x0863, 0x0863,
  0x0863, 0x0863, 0x0863, 0x0863, 0x0863, 0x0863, 0x0863, 0x0863, 0x0863, 0x0863, 0x0863, 0x0863,
  0x0863, 0x0863, 0x0863, 0x0863, 0x0863, 0x0863, 0x0863, 0x0863, 0x0863, 0x0863, 0x0863, 0x0863,
  0x0863, 0x0863, 0x0863, 0x0863, 0x0863, 0x0863, 0x0863, 0x0863, 0x0863, 0x0863, 0x0863, 0x0863,
  0x0863, 0x0863, 0x0863, 0x0863, 0x0863, 0x0863, 0x0863, 0x0863, 0x0863, 0x0863, 0x0863, 0x0863,
  0x0863, 0x0863, 0x0863, 0x0863, 0x0863, 0x0863, 0x0863, 0x0863, 0x0863, 0x0863, 0x0863, 0x0863,
  0x0863, 0x0863, 0x0863, 0x0863, 0x0863, 0x0863, 0x0863, 0x0863, 0x0863, 0x0863, 0x0863, 0x0863,
  0x0863, 0x0863, 0x0863, 0x0863, 0x0863, 0x0863, 0x0863, 0x0863, 0x0863, 0x0863, 0x0863, 0x0863,
  0x0863, 0x0863, 0x0863, 0x0863, 0x0863, 0x0863, 0x0863, 0x0863, 0x0863, 0x0863, 0x0863, 0x0863,
  0x0863, 0x0863, 0x0863, 0x0863, 0x0863, 0x0863, 0x0863, 0x0863, 0x0863, 0x0863, 0x0863, 0x0863,
  0x0863, 0x0863, 0x0863, 0x0863, 0x0863, 0x0863, 0x0863, 0x0863, 0x0863, 0x0863, 0x0863, 0x0863,
  0x0863, 0x0863, 0x0863, 0x0863, 0x0863, 0x0863, 0x0863, 0x0863, 0x0863, 0x0863, 0x0863, 0x0863,
  0x0863, 0x0863, 0x0863, 0x0863, 0x0863, 0x0863, 0x0863, 0x0863, 0x0863, 0x0863, 0x0863, 0x0863,
  0x0863, 0x0863, 0x0863, 0x0863, 0x0863, 0x0863, 0x0863, 0x0863, 0x0863, 0x0863, 0x0863, 0x0863,
  0x0863, 0x0863, 0x0863, 0x0863, 0x0863, 0x0863, 0x0863, 0x0863, 0x0863, 0x0863, 0x0863, 0x0863,
  0x0863, 0x0863, 0x0863, 0x0863, 0x0863, 0x0863, 0x0863, 0x0863, 0x0863, 0x0863, 0x0863, 0x0863,
  0x0863, 0x0863, 0x0863, 0x0863, 0x0863, 0x0863, 0x0863, 0x0863, 0x0863, 0x0863, 0x0863, 0x0863,
  0x0863, 0x0863, 0x0863, 0x0863, 0x0863, 0x0863, 0x0863, 0x0863, 0x0863, 0x0863, 0x0863, 0x0863,
  0x0863, 0x0863, 0x0863, 0x0863, 0x0863, 0x0863, 0x0863, 0x0863, 0x0863, 0x0863, 0x0863, 0x0863,
  0x0863, 0x0863, 0x0863, 0x0863, 0x0863, 0x0863, 0x0863, 0x0863, 0x0863, 0x0863, 0x0863, 0x0863,
  0x0863, 0x0863, 0x0863, 0x0863, 0x0863, 0x0863, 0x0863, 0x0863, 0x0863, 0x0863, 0x0863, 0x0863,
  0x0863, 0x0863, 0x0863, 0x0863, 0x0863, 0x0863, 0x0863, 0x0863, 0x0863, 0x0863, 0x0863, 0x0863,
  0x0863, 0x0863, 0x0863, 0x0863, 0x0863, 0x0863, 0x0863, 0x0863, 0x0863, 0x0863, 0x0863, 0x0863,
  0x0863, 0x0863, 0x0863, 0x0863, 0x0863, 0x0863, 0x0863, 0x0863, 0x0863, 0x0863, 0x0863, 0x0863,
  0x0863, 0x0863, 0x0863, 0x0863, 0x0863, 0x0863, 0x0863, 0x0863, 0x0863, 0x0863, 0x0863, 0x0863,
  0x0863, 0x0863, 0x0863, 0x0863, 0x0863, 0x0863, 0x0863, 0x0863, 0x0863, 0x0863, 0x0863, 0x0863,
  0x0863, 0x0863, 0x0863, 0x0863, 0x0863, 0x0863, 0x0863, 0x0863, 0x0863, 0x0863, 0x0863, 0x0863,
  0x0863, 0x0863, 0x0863, 0x0863, 0x0863, 0x0863, 0x0863, 0x0863, 0x0863, 0x0863, 0x0863, 0x0863,
  0x0863, 0x0863, 0x0863, 0x0863, 0x0863, 0x0863, 0x0863, 0x0863, 0x0863, 0x0863, 0x0863, 0x0863,
  0x0863, 0x0863, 0x0863, 0x0863, 0x0863, 0x0863, 0x0863, 0x0863, 0x0863, 0x0863, 0x0863, 0x0863,
  0x0863, 0x0863, 0x0863, 0x0863, 0x0863, 0x0863, 0x0863, 0x0863, 0x0863, 0x0863, 0x0863, 0x0863,
  0x0863, 0x0863, 0x0863, 0x0863, 0x0863, 0x0863, 0x0863, 0x0863, 0x0863, 0x0863, 0x0863, 0x0863,
  0x0863, 0x0863, 0x0863, 0x0863, 0x0863, 0x0863, 0x0863, 0x0863, 0x0863, 0x0863, 0x0863, 0x0863,
  0x0863, 0x0863, 0x0863, 0x0863, 0x0863, 0x0863, 0x0863, 0x0863, 0x0863, 0x0863, 0x0863, 0x0863,
  0x0863, 0x0863, 0x0863, 0x0863, 0x0863, 0x0863, 0x0863, 0x0863, 0x0863, 0x0863, 0x0863, 0x0863,
  0x0863, 0x0863, 0x0863, 0x0863, 0x0863, 0x0863, 0x0863, 0x0863, 0x0863, 0x0863, 0x0863, 0x0863,
  0x0863, 0x0863, 0x0863, 0x0863, 0x0863, 0x0863, 0x0863, 0x0863, 0x0863, 0x0863, 0x0863, 0x0863,
  0x0863, 0x0863, 0x0863, 0x0863, 0x0863, 0x0863, 0x0863, 0x0863, 0x0863, 0x0863, 0x0863, 0x0863,
  0x0863, 0x0863, 0x0863, 0x0863, 0x0863, 0x0863, 0x0863, 0x0863, 0x0863, 0x0863, 0x0863, 0x0863,
  0x0863, 0x0863, 0x0863, 0x0863, 0x0863, 0x0863, 0x0863, 0x0863, 0x0863, 0x0863, 0x0863, 0x0863,
  0x0863, 0x0863, 0x0863, 0x0863, 0x0863, 0x0863, 0x0863, 0x0863, 0x0863, 0x0863, 0x0863, 0x0863,
  0x0863, 0x0863, 0x0863, 0x0863, 0x0863, 0x0863, 0x0863, 0x0863, 0x0863, 0x0863, 0x0863, 0x0863,
  0x0863, 0x0863, 0x0863, 0x0863, 0x0863, 0x0863, 0x0863, 0x0863, 0x0863, 0x0863, 0x0863, 0x0863,
  0x0863, 0x0863, 0x0863, 0x0863, 0x0863, 0x0863, 0x0863, 0x0863, 0x0863, 0x0863, 0x0863, 0x0863,
  0x0863, 0x0863, 0x0863, 0x0863, 0x0863, 0x0863, 0x0863, 0x0863, 0x0863, 0x0863, 0x0863, 0x0863,
  0x0863, 0x0863, 0x0863, 0x0863, 0x0863, 0x0863, 0x0863, 0x0863, 0x0863, 0x0863, 0x0863, 0x0863,
  0x0863, 0x0863, 0x0863, 0x0863, 0x0863, 0x0863, 0x0863, 0x0863, 0x0863, 0x0863, 0x0863, 0x0863,
  0x0863, 0x0863, 0x0863, 0x0863, 0x0863, 0x0863, 0x0863, 0x0863, 0x0863, 0x0863, 0x0863, 0x0863,
  0x0863, 0x0863, 0x0863, 0x0863, 0x0863, 0x0863, 0x0863, 0x0863, 0x0863, 0x0863, 0x0863, 0x0863,
  0x0863, 0x0863, 0x0863, 0x0863, 0x0863, 0x0863, 0x0863, 0x0863, 0x0863, 0x0863, 0x0863, 0x0863,
  0x0863, 0x0863, 0x0863, 0x0863, 0x0863, 0x0863, 0x0863, 0x0863, 0x0863, 0x0863, 0x0863, 0x0863,
  0x0863, 0x0863, 0x0863, 0x0863, 0x0863, 0x0863, 0x0863, 0x0863, 0x0863, 0x0863, 0x0863, 0x0863,
  0x0863, 0x0863, 0x0863, 0x0863, 0x0863, 0x0863, 0x0863, 0x0863, 0x0863, 0x0863, 0x0863, 0x0863,
  0x0863, 0x0863, 0x0863, 0x0863, 0x0863, 0x0863, 0x0863, 0x0863, 0x0863, 0x0863, 0x0863, 0x0863,
  0x0863, 0x0863, 0x0863, 0x0863, 0x0863, 0x0863, 0x0863, 0x0863, 0x0863, 0x0863, 0x0863, 0x0863,
  0x0863, 0x0863, 0x0863, 0x0863, 0x0863, 0x0863, 0x0863, 0x0863, 0x0863, 0x0863, 0x0863, 0x0863,
  0x0863, 0x0863, 0x0863, 0x0863, 0x0863, 0x0863, 0x0863, 0x0863, 0x0863, 0x0863, 0x0863, 0x0863,
  0x0863, 0x0863, 0x0863, 0x0863, 0x0863, 0x0863, 0x0863, 0x0863, 0x0863, 0x0863, 0x0863, 0x0863,
  0x0863, 0x0863, 0x0863, 0x0863, 0x0863, 0x0863, 0x0863, 0x0863, 0x0863, 0x0863, 0x0863, 0x0863,
  0x0863, 0x0863, 0x0863, 0x0863, 0x0863, 0x0863, 0x0863, 0x0863, 0x0863, 0x0863, 0x0863, 0x0863,
  0x0863, 0x0863, 0x0863, 0x0863, 0x0863, 0x0863, 0x0863, 0x0863, 0x0863, 0x0863, 0x0863, 0x0863,
  0x0863, 0x0863, 0x0863, 0x0863, 0x0863, 0x0863, 0x0863, 0x0863, 0x0863, 0x0863, 0x0863, 0x0863,
  0x0863, 0x0863, 0x0863, 0x0863, 0x0863, 0x0863, 0x0863, 0x0863, 0x0863, 0x0863, 0x0863, 0x0863,
  0x0863, 0x0863, 0x0863, 0x0863, 0x0863, 0x0863, 0x0863, 0x0863, 0x0863, 0x0863, 0x0863, 0x0863,
  0x0863, 0x0863, 0x0863, 0x0863, 0x0863, 0x0863, 0x0863, 0x0863, 0x0863, 0x0863, 0x0863, 0x0863,
  0x0863, 0x0863, 0x0863, 0x0863, 0x0863, 0x0863, 0x0863, 0x0863, 0x0863, 0x0863, 0x0863, 0x0863,
  0x0863, 0x0863, 0x0863, 0x0863, 0x0863, 0x0863, 0x0863, 0x0863, 0x0863, 0x0863, 0x0863, 0x0863,
  0x0863, 0x0863, 0x0863, 0x0863, 0x0863, 0x0863, 0x0863, 0x0863, 0x0863, 0x0863, 0x0863, 0x0863,
  0x0863, 0x0863, 0x0863, 0x0863, 0x0863, 0x0863, 0x0863, 0x0863, 0x0863, 0x0863, 0x0863, 0x0863,
  0x0863, 0x0863, 0x0863, 0x0863, 0x0863, 0x0863, 0x0863, 0x0863, 0x0863, 0x0863, 0x0863, 0x0863,
  0x0863, 0x0863, 0x0863, 0x0863, 0x0863, 0x0863, 0x0863, 0x0863, 0x0863, 0x0863, 0x0863, 0x0863,
  0x0863, 0x0863, 0x0863, 0x0863, 0x0863, 0x0863, 0x0863, 0x0863, 0x0863, 0x0863, 0x0863, 0x0863,
  0x0863, 0x0863, 0x0863, 0x0863, 0x0863, 0x0863, 0x0863, 0x0863, 0x0863, 0x0863, 0x0863, 0x0863,
  0x0863, 0x0863, 0x0863, 0x0863, 0x0863, 0x0863, 0x0863, 0x0863, 0x0863, 0x0863, 0x0863, 0x0863,
  0x0863, 0x0863, 0x0863, 0x0863, 0x0863, 0x0863, 0x0863, 0x0863, 0x0863, 0x0863, 0x0863, 0x0863,
  0x0863, 0x0863, 0x0863, 0x0863, 0x0863, 0x0863, 0x0863, 0x0863, 0x0863, 0x0863, 0x0863, 0x0863,
  0x0863, 0x0863, 0x0863, 0x0863, 0x0863, 0x0863, 0x0863, 0x0863, 0x0863, 0x0863, 0x0863, 0x0863,
  0x0863, 0x0863, 0x0863, 0x0863, 0x0863, 0x0863, 0x0863, 0x0863, 0x0863, 0x0863, 0x0863, 0x0863,
  0x0863, 0x0863, 0x0863, 0x0863, 0x0863, 0x0863, 0x0863, 0x0863, 0x0863, 0x0863, 0x0863, 0x0863,
  0x0863, 0x0863, 0x0863, 0x0863, 0x0863, 0x0863, 0x0863, 0x0863, 0x0863, 0x0863, 0x0863, 0x0863,
  0x0863, 0x0863, 0x0863, 0x0863, 0x0863, 0x0863, 0x0863, 0x0863, 0x0863, 0x0863, 0x0863, 0x0863,
  0x0863, 0x0863, 0x0863, 0x0863, 0x0863, 0x0863, 0x0863, 0x0863, 0x0863, 0x0863, 0x0863, 0x0863,
  0x0863, 0x0863, 0x0863, 0x0863, 0x0863, 0x0863, 0x0863, 0x0863, 0x0863, 0x0863, 0x0863, 0x0863,
  0x0863, 0x0863, 0x0863, 0x0863, 0x0863, 0x0863, 0x0863, 0x0863, 0x0863, 0x0863, 0x0863, 0x0863,
  0x0863, 0x0863, 0x0863, 0x0863, 0x0863, 0x0863, 0x0863, 0x0863, 0x0863, 0x0863, 0x0863, 0x0863,
  0x0863, 0x0863, 0x0863, 0x0863, 0x0863, 0x0863, 0x0863, 0x0863, 0x0863, 0x0863, 0x0863, 0x0863,
  0x0863, 0x0863, 0x0863, 0x0863, 0x0863, 0x0863, 0x0863, 0x0863, 0x0863, 0x0863, 0x0863, 0x0863,
  0x0863, 0x0863, 0x0863, 0x0863, 0x0863, 0x0863, 0x0863, 0x0863, 0x0863, 0x0863, 0x0863, 0x0863,
  0x0863, 0x0863, 0x0863, 0x0863, 0x0863, 0x0863, 0x0863, 0x0863, 0x0863, 0x0863, 0x0863, 0x0863,
  0x0863, 0x0863, 0x0863, 0x0863, 0x0863, 0x0863, 0x0863, 0x0863, 0x0863, 0x0863, 0x0863, 0x0863,
  0x0863, 0x0863, 0x0863, 0x0863, 0x0863, 0x0863, 0x0863, 0x0863, 0x0863, 0x0863, 0x0863, 0x0863,
  0x0863, 0x0863, 0x0863, 0x0863, 0x0863, 0x0863, 0x0863, 0x0863, 0x0863, 0x0863, 0x0863, 0x0863,
  0x0863, 0x0863, 0x0863, 0x0863, 0x0863, 0x0863, 0x0863, 0x0863, 0x0863, 0x0863, 0x0863, 0x0863,
  0x0863, 0x0863, 0x0863, 0x0863, 0x0863, 0x0863, 0x0863, 0x0863, 0x0863, 0x0863, 0x0863, 0x0863,
  0x0863, 0x0863, 0x0863, 0x0863, 0x0863, 0x0863, 0x0863, 0x0863, 0x0863, 0x0863, 0x0863, 0x0863,
  0x0863, 0x0863, 0x0863, 0x0863, 0x0863, 0x0863, 0x0863, 0x0863, 0x0863, 0x0863, 0x0863, 0x0863,
  0x0863, 0x0863, 0x0863, 0x0863, 0x0863, 0x0863, 0x0863, 0x0863, 0x0863, 0x0863, 0x0863, 0x0863,
  0x0863, 0x0863, 0x0863, 0x0863, 0x0863, 0x0863, 0x0863, 0x0863, 0x0863, 0x0863, 0x0863, 0x0863,
  0x0863, 0x0863, 0x0863, 0x0863, 0x0863, 0x0863, 0x0863, 0x0863, 0x0863, 0x0863, 0x0863, 0x0863,
  0x0863, 0x0863, 0x0863, 0x0863, 0x0863, 0x0863, 0x0863, 0x0863, 0x0863, 0x0863, 0x0863, 0x0863,
  0x0863, 0x0863, 0x0863, 0x0863, 0x0863, 0x0863, 0x0863, 0x0863, 0x0863, 0x0863, 0x0863, 0x0863,
  0x0863, 0x0863, 0x0863, 0x0863, 0x0863, 0x0863, 0x0863, 0x0863, 0x0863, 0x0863, 0x0863, 0x0863,
  0x0863, 0x0863, 0x0863, 0x0863, 0x0863, 0x0863, 0x0863, 0x0863, 0x0863, 0x0863, 0x0863, 0x0863,
  0x0863, 0x0863, 0x0863, 0x0863, 0x0863, 0x0863, 0x0863, 0x0863, 0x0863, 0x0863, 0x0863, 0x0863,
  0x0863, 0x0863, 0x0863, 0x0863, 0x0863, 0x0863, 0x0863, 0x0863, 0x0863, 0x0863, 0x0863, 0x0863,
  0x0863, 0x0863, 0x0863, 0x0863, 0x0863, 0x0863, 0x0863, 0x0863, 0x0863, 0x0863, 0x0863, 0x0863,
  0x0863, 0x0863, 0x0863, 0x0863, 0x0863, 0x0863, 0x0863, 0x0863, 0x0863, 0x0863, 0x0863, 0x0863,
  0x0863, 0x0863, 0x0863, 0x0863, 0x0863, 0x0863, 0x0863, 0x0863, 0x0863, 0x0863, 0x0863, 0x0863,
  0x0863, 0x0863, 0x0863, 0x0863, 0x0863, 0x0863, 0x0863, 0x0863, 0x0863, 0x0863, 0x0863, 0x0863,
  0x0863, 0x0863, 0x0863, 0x0863, 0x0863, 0x0863, 0x0863, 0x0863, 0x0863, 0x0863, 0x0863, 0x0863,
  0x0863, 0x0863, 0x0863, 0x0863, 0x0863, 0x0863, 0x0863, 0x0863, 0x0863, 0x0863, 0x0863, 0x0863,
  0x0863, 0x0863, 0x0863, 0x0863, 0x0863, 0x0863, 0x0863, 0x0863, 0x0863, 0x0863, 0x0863, 0x0863,
  0x0863, 0x0863, 0x0863, 0x0863, 0x0863, 0x0863, 0x0863, 0x0863, 0x0863, 0x0863, 0x0863, 0x0863,
  0x0863, 0x0863, 0x0863, 0x0863, 0x0863, 0x0863, 0x0863, 0x0863, 0x0863, 0x0863, 0x0863, 0x0863,
  0x0863, 0x0863, 0x0863, 0x0863, 0x0863, 0x0863, 0x0863, 0x0863, 0x0863, 0x0863, 0x0863, 0x0863,
  0x0863, 0x0863, 0x0863, 0x0863, 0x0863, 0x0863, 0x0863, 0x0863, 0x0863, 0x0863, 0x0863, 0x0863,
  0x0863, 0x0863, 0x0863, 0x0863, 0x0863, 0x0863, 0x0863, 0x0863, 0x0863, 0x0863, 0x0863, 0x0863,
  0x0863, 0x0863, 0x0863, 0x0863, 0x0863, 0x0863, 0x0863, 0x0863, 0x0863, 0x0863, 0x0863, 0x0863,
  0x0863, 0x0863, 0x0863, 0x0863, 0x0863, 0x0863, 0x0863, 0x0863, 0x0863, 0x0863, 0x0863, 0x0863,
  0x0863, 0x0863, 0x0863, 0x0863, 0x0863, 0x0863, 0x0863, 0x0863, 0x0863, 0x0863, 0x0863, 0x0863,
  0x0863, 0x0863, 0x0863, 0x0863, 0x0863, 0x0863, 0x0863, 0x0863, 0x0863, 0x0863, 0x0863, 0x0863,
  0x0863, 0x0863, 0x0863, 0x0863, 0x0863, 0x0863, 0x0863, 0x0863, 0x0863, 0x0863, 0x0863, 0x0863,
  0x0863, 0x0863, 0x0863, 0x0863, 0x0863, 0x0863, 0x0863, 0x0863, 0x0863, 0x0863, 0x0863, 0x0863,
  0x0863, 0x0863, 0x0863, 0x0863, 0x0863, 0x0863, 0x0863, 0x0863, 0x0863, 0x0863, 0x0863, 0x0863,
  0x0863, 0x0863, 0x0863, 0x0863, 0x0863, 0x0863, 0x0863, 0x0863, 0x0863, 0x0863, 0x0863, 0x0863,
  0x0863, 0x0863, 0x0863, 0x0863, 0x0863, 0x0863, 0x0863, 0x0863, 0x0863, 0x0863, 0x0863, 0x0863,
  0x0863, 0x0863, 0x0863, 0x0863, 0x0863, 0x0863, 0x0863, 0x0863, 0x0863, 0x0863, 0x0863, 0x0863,
  0x0863, 0x0863, 0x0863, 0x0863, 0x0863, 0x0863, 0x0863, 0x0863, 0x0863, 0x0863, 0x0863, 0x0863,
  0x0863, 0x0863, 0x0863, 0x0863, 0x0863, 0x0863, 0x0863, 0x0863, 0x0863, 0x0863, 0x0863, 0x0863,
  0x0863, 0x0863, 0x0863, 0x0863, 0x0863, 0x0863, 0x0863, 0x0863, 0x0863, 0x0863, 0x0863, 0x0863,
  0x0863, 0x0863, 0x0863, 0x0863, 0x0863, 0x0863, 0x0863, 0x0863, 0x0863, 0x0863, 0x0863, 0x0863,
  0x0863, 0x0863, 0x0863, 0x0863, 0x0863, 0x0863, 0x0863, 0x0863, 0x0863, 0x0863, 0x0863, 0x0863,
  0x0863, 0x0863, 0x0863, 0x0863, 0x0863, 0x0863, 0x0863, 0x0863, 0x0863, 0x0863, 0x0863, 0x0863,
  0x0863, 0x0863, 0x0863, 0x0863, 0x0863, 0x0863, 0x0863, 0x0863, 0x0863, 0x0863, 0x0863, 0x0863,
  0x0863, 0x0863, 0x0863, 0x0863, 0x0863, 0x0863, 0x0863, 0x0863, 0x0863, 0x0863, 0x0863, 0x0863,
  0x0863, 0x0863, 0x0863, 0x0863, 0x0863, 0x0863, 0x0863, 0x0863, 0x0863, 0x0863, 0x0863, 0x0863,
  0x0863, 0x0863, 0x0863, 0x0863, 0x0863, 0x0863, 0x0863, 0x0863, 0x0863, 0x0863, 0x0863, 0x0863,
  0x0863, 0x0863, 0x0863, 0x0863, 0x0863, 0x0863, 0x0863, 0x0863, 0x0863, 0x0863, 0x0863, 0x0863,
  0x0863, 0x0863, 0x0863, 0x0863, 0x0863, 0x0863, 0x0863, 0x0863, 0x0863, 0x0863, 0x0863, 0x0863,
  0x0863, 0x0863, 0x0863, 0x0863, 0x0863, 0x0863, 0x0863, 0x0863, 0x0863, 0x0863, 0x0863, 0x0863,
  0x0863, 0x0863, 0x0863, 0x0863, 0x0863, 0x0863, 0x0863, 0x0863, 0x0863, 0x0863, 0x0863, 0x0863,
  0x0863, 0x0863, 0x0863, 0x0863, 0x0863, 0x0863, 0x0863, 0x0863, 0x0863, 0x0863, 0x0863, 0x0863,
  0x0863, 0x0863, 0x0863, 0x0863, 0x0863, 0x0863, 0x0863, 0x0863, 0x0863, 0x0863, 0x0863, 0x0863,
  0x0863, 0x0863, 0x0863, 0x0863, 0x0863, 0x0863, 0x0863, 0x0863, 0x0863, 0x0863, 0x0863, 0x0863,
  0x0863, 0x0863, 0x0863, 0x0863, 0x0863, 0x0863, 0x0863, 0x0863, 0x0863, 0x0863, 0x0863, 0x0863,
  0x0863, 0x0863, 0x0863, 0x0863, 0x0863, 0x0863, 0x0863, 0x0863, 0x0863, 0x0863, 0x0863, 0x0863,
  0x0863, 0x0863, 0x0863, 0x0863, 0x0863, 0x0863, 0x0863, 0x0863, 0x0863, 0x0863, 0x0863, 0x0863,
  0x0863, 0x0863, 0x0863, 0x0863, 0x0863, 0x0863, 0x0863, 0x0863, 0x0863, 0x0863, 0x0863, 0x0863,
  0x0863, 0x0863, 0x0863, 0x0863, 0x0863, 0x0863, 0x0863, 0x0863, 0x0863, 0x0863, 0x0863, 0x0863,
  0x0863, 0x0863, 0x0863, 0x0863, 0x0863, 0x0863, 0x0863, 0x0863, 0x0863, 0x0863, 0x0863, 0x0863,
  0x0863, 0x0863, 0x0863, 0x0863, 0x0863, 0x0863, 0x0863, 0x0863, 0x0863, 0x0863, 0x0863, 0x0863,
  0x0863, 0x0863, 0x0863, 0x0863, 0x0863, 0x0863, 0x0863, 0x0863, 0x0863, 0x0863, 0x0863, 0x0863,
  0x0863, 0x0863, 0x0863, 0x0863, 0x0863, 0x0863, 0x0863, 0x0863, 0x0863, 0x0863, 0x0863, 0x0863,
  0x0863, 0x0863, 0x0863, 0x0863, 0x0863, 0x0863, 0x0863, 0x0863, 0x0863, 0x0863, 0x0863, 0x0863,
  0x0863, 0x0863, 0x0863, 0x0863, 0x0863, 0x0863, 0x0863, 0x0863, 0x0863, 0x0863, 0x0863, 0x0863,
  0x0863, 0x0863, 0x0863, 0x0863, 0x0863, 0x0863, 0x0863, 0x0863, 0x0863, 0x0863, 0x0863, 0x0863,
  0x0863, 0x0863, 0x0863, 0x0863, 0x0863, 0x0863, 0x0863, 0x0863, 0x0863, 0x0863, 0x0863, 0x0863,
  0x0863, 0x0863, 0x0863, 0x0863, 0x0863, 0x0863, 0x0863, 0x0863, 0x0863, 0x0863, 0x0863, 0x0863,
  0x0863, 0x0863, 0x0863, 0x0863, 0x0863, 0x0863, 0x0863, 0x0863, 0x0863, 0x0863, 0x0863, 0x0863,
  0x0863, 0x0863, 0x0863, 0x0863, 0x0863, 0x0863, 0x0863, 0x0863, 0x0863, 0x0863, 0x0863, 0x0863,
  0x0863, 0x0863, 0x0863, 0x0863, 0x0863, 0x0863, 0x0863, 0x0863, 0x0863, 0x0863, 0x0863, 0x0863,
  0x0863, 0x0863, 0x0863, 0x0863, 0x0863, 0x0863, 0x0863, 0x0863, 0x0863, 0x0863, 0x0863, 0x0863,
  0x0863, 0x0863, 0x0863, 0x0863, 0x0863, 0x0863, 0x0863, 0x0863, 0x0863, 0x0863, 0x0863, 0x0863,
  0x0863, 0x0863, 0x0863, 0x0863, 0x0863, 0x0863, 0x0863, 0x0863, 0x0863, 0x0863, 0x0863, 0x0863,
  0x0863, 0x0863, 0x0863, 0x0863, 0x0863, 0x0863, 0x0863, 0x0863, 0x0863, 0x0863, 0x0863, 0x0863,
  0x0863, 0x0863, 0x0863, 0x0863, 0x0863, 0x0863, 0x0863, 0x0863, 0x0863, 0x0863, 0x0863, 0x0863,
  0x0863, 0x0863, 0x0863, 0x0863, 0x0863, 0x0863, 0x0863, 0x0863, 0x0863, 0x0863, 0x0863, 0x0863,
  0x0863, 0x0863, 0x0863, 0x0863, 0x0863, 0x0863, 0x0863, 0x0863, 0x0863, 0x0863, 0x0863, 0x0863,
  0x0863, 0x0863, 0x0863, 0x0863, 0x0863, 0x0863, 0x0863, 0x0863, 0x0863, 0x0863, 0x0863, 0x0863,
  0x0863, 0x0863, 0x0863, 0x0863, 0x0863, 0x0863, 0x0863, 0x0863, 0x0863, 0x0863, 0x0863, 0x0863,
  0x0863, 0x0863, 0x0863, 0x0863, 0x0863, 0x0863, 0x0863, 0x0863, 0x0863, 0x0863, 0x0863, 0x0863,
  0x0863, 0x0863, 0x0863, 0x0863, 0x0863, 0x0863, 0x0863, 0x0863, 0x0863, 0x0863, 0x0863, 0x0863,
  0x0863, 0x0863, 0x0863, 0x0863, 0x0863, 0x0863, 0x0863, 0x0863, 0x0863, 0x0863, 0x0863, 0x0863,
  0x0863, 0x0863, 0x0863, 0x0863, 0x0863, 0x0863, 0x0863, 0x0863, 0x0863, 0x0863, 0x0863, 0x0863,
  0x0863, 0x0863, 0x0863, 0x0863, 0x0863, 0x0863, 0x0863, 0x0863, 0x0863, 0x0863, 0x0863, 0x0863,
  0x0863, 0x0863, 0x0863, 0x0863, 0x0863, 0x0863, 0x0863, 0x0863, 0x0863, 0x0863, 0x0863, 0x0863,
  0x0863, 0x0863, 0x0863, 0x0863, 0x0863, 0x0863, 0x0863, 0x0863, 0x0863, 0x0863, 0x0863, 0x0863,
  0x0863, 0x0863, 0x0863, 0x0863, 0x0863, 0x0863, 0x0863, 0x0863, 0x0863, 0x0863, 0x0863, 0x0863,
  0x0863, 0x0863, 0x0863, 0x0863, 0x0863, 0x0863, 0x0863, 0x0863, 0x0863, 0x0863, 0x0863, 0x0863,
  0x0863, 0x0863, 0x0863, 0x0863, 0x0863, 0x0863, 0x0863, 0x0863, 0x0863, 0x0863, 0x0863, 0x0863,
  0x0863, 0x0863, 0x0863, 0x0863, 0x0863, 0x0863, 0x0863, 0x0863, 0x0863, 0x0863, 0x0863, 0x0863,
  0x0863, 0x0863, 0x0863, 0x0863, 0x0863, 0x0863, 0x0863, 0x0863, 0x0863, 0x0863, 0x0863, 0x0863,
  0x0863, 0x0863, 0x0863, 0x0863, 0x0863, 0x0863, 0x0863, 0x0863, 0x0863, 0x0863, 0x0863, 0x0863,
  0x0863, 0x0863, 0x0863, 0x0863, 0x0863, 0x0863, 0x0863, 0x0863, 0x0863, 0x0863, 0x0863, 0x0863,
  0x0863, 0x0863, 0x0863, 0x0863, 0x0863, 0x0863, 0x0863, 0x0863, 0x0863, 0x0863, 0x0863, 0x0863,
  0x0863, 0x0863, 0x0863, 0x0863, 0x0863, 0x0863, 0x0863, 0x0863, 0x0863, 0x0863, 0x0863, 0x0863,
  0x0863, 0x0863, 0x0863, 0x0863, 0x0863, 0x0863, 0x0863, 0x0863, 0x0863, 0x0863, 0x0863, 0x0863,
  0x0863, 0x0863, 0x0863, 0x0863, 0x0863, 0x0863, 0x0863, 0x0863, 0x0863, 0x0863, 0x0863, 0x0863,
  0x0863, 0x0863, 0x0863, 0x0863, 0x0863, 0x0863, 0x0863, 0x0863, 0x0863, 0x0863, 0x0863, 0x0863,
  0x0863, 0x0863, 0x0863, 0x0863, 0x0863, 0x0863, 0x0863, 0x0863, 0x0863, 0x0863, 0x0863, 0x0863,
  0x0863, 0x0863, 0x0863, 0x0863, 0x0863, 0x0863, 0x0863, 0x0863, 0x0863, 0x0863, 0x0863, 0x0863,
  0x0863, 0x0863, 0x0863, 0x0863, 0x0863, 0x0863, 0x0863, 0x0863, 0x0863, 0x0863, 0x0863, 0x0863,
  0x0863, 0x0863, 0x0863, 0x0863, 0x0863, 0x0863, 0x0863, 0x0863, 0x0863, 0x0863, 0x0863, 0x0863,
  0x0863, 0x0863, 0x0863, 0x0863, 0x0863, 0x0863, 0x0863, 0x0863, 0x0863, 0x0863, 0x0863, 0x0863,
  0x0863, 0x0863, 0x0863, 0x0863, 0x0863, 0x0863, 0x0863, 0x0863, 0x0863, 0x0863, 0x0863, 0x0863,
  0x0863, 0x0863, 0x0863, 0x0863, 0x0863, 0x0863, 0x0863, 0x0863, 0x0863, 0x0863, 0x0863, 0x0863,
  0x0863, 0x0863, 0x0863, 0x0863, 0x0863, 0x0863, 0x0863, 0x0863, 0x0863, 0x0863, 0x0863, 0x0863,
  0x0863, 0x0863, 0x0863, 0x0863, 0x0863, 0x0863, 0x0863, 0x0863, 0x0863, 0x0863, 0x0863, 0x0863,
  0x0863, 0x0863, 0x0863, 0x0863, 0x0863, 0x0863, 0x0863, 0x0863, 0x0863, 0x0863, 0x0863, 0x0863,
  0x0863, 0x0863, 0x0863, 0x0863, 0x0863, 0x0863, 0x0863, 0x0863, 0x0863, 0x0863, 0x0863, 0x0863,
  0x0863, 0x0863, 0x0863, 0x0863, 0x0863, 0x0863, 0x0863, 0x0863, 0x0863, 0x0863, 0x0863, 0x0863,
  0x0863, 0x0863, 0x0863, 0x0863, 0x0863, 0x0863, 0x0863, 0x0863, 0x0863, 0x0863, 0x0863, 0x0863,
  0x0863, 0x0863, 0x0863, 0x0863, 0x0863, 0x0863, 0x0863, 0x0863, 0x0863, 0x0863, 0x0863, 0x0863,
  0x0863, 0x0863, 0x0863, 0x0863, 0x0863, 0x0863, 0x0863, 0x0863, 0x0863, 0x0863, 0x0863, 0x0863,
  0x0863, 0x0863, 0x0863, 0x0863, 0x0863, 0x0863, 0x0863, 0x0863, 0x0863, 0x0863, 0x0863, 0x0863,
  0x0863, 0x0863, 0x0863, 0x0863, 0x0863, 0x0863, 0x0863, 0x0863, 0x0863, 0x0863, 0x0863, 0x0863,
  0x0863, 0x0863, 0x0863, 0x0863, 0x0863, 0x0863, 0x0863, 0x0863, 0x0863, 0x0863, 0x0863, 0x0863,
  0x0863, 0x0863, 0x0863, 0x0863, 0x0863, 0x0863, 0x0863, 0x0863, 0x0863, 0x0863, 0x0863, 0x0863,
  0x0863, 0x0863, 0x0863, 0x0863, 0x0863, 0x0863, 0x0863, 0x0863, 0x0863, 0x0863, 0x0863, 0x0863,
  0x0863, 0x0863, 0x0863, 0x0863, 0x0863, 0x0863, 0x0863, 0x0863, 0x0863, 0x0863, 0x0863, 0x0863,
  0x0863, 0x0863, 0x0863, 0x0863, 0x0863, 0x0863, 0x0863, 0x0863, 0x0863, 0x0863, 0x0863, 0x0863,
  0x0863, 0x0863, 0x0863, 0x0863, 0x0863, 0x0863, 0x0863, 0x0863, 0x0863, 0x0863, 0x0863, 0x0863,
  0x0863, 0x0863, 0x0863, 0x0863, 0x0863, 0x0863, 0x0863, 0x0863, 0x0863, 0x0863, 0x0863, 0x0863,
  0x0863, 0x0863, 0x0863, 0x0863, 0x0863, 0x0863, 0x0863, 0x0863, 0x0863, 0x0863, 0x0863, 0x0863,
  0x0863, 0x0863, 0x0863, 0x0863, 0x0863, 0x0863, 0x0863, 0x0863, 0x0863, 0x0863, 0x0863, 0x0863,
  0x0863, 0x0863, 0x0863, 0x0863, 0x0863, 0x0863, 0x0863, 0x0863, 0x0863, 0x0863, 0x0863, 0x0863,
  0x0863, 0x0863, 0x0863, 0x0863, 0x0863, 0x0863, 0x0863, 0x0863, 0x0863, 0x0863, 0x0863, 0x0863,
  0x0863, 0x0863, 0x0863, 0x0863, 0x0863, 0x0863, 0x0863, 0x0863, 0x0863, 0x0863, 0x0863, 0x0863,
  0x0863, 0x0863, 0x0863, 0x0863, 0x0863, 0x0863, 0x0863, 0x0863, 0x0863, 0x0863, 0x0863, 0x0863,
  0x0863, 0x0863, 0x0863, 0x0863, 0x0863, 0x0863, 0x0863, 0x0863, 0x0863, 0x0863, 0x0863, 0x0863,
  0x0863, 0x0863, 0x0863, 0x0863, 0x0863, 0x0863, 0x0863, 0x0863, 0x0863, 0x0863, 0x0863, 0x0863,
  0x0863, 0x0863, 0x0863, 0x0863, 0x0863, 0x0863, 0x0863, 0x0863, 0x0863, 0x0863, 0x0863, 0x0863,
  0x0863, 0x0863, 0x0863, 0x0863, 0x0863, 0x0863, 0x0863, 0x0863, 0x0863, 0x0863, 0x0863, 0x0863,
  0x0863, 0x0863, 0x0863, 0x0863, 0x0863, 0x0863, 0x0863, 0x0863, 0x0863, 0x0863, 0x0863, 0x0863,
  0x0863, 0x0863, 0x0863, 0x0863, 0x0863, 0x0863, 0x0863, 0x0863, 0x0863, 0x0863, 0x0863, 0x0863,
  0x0863, 0x0863, 0x0863, 0x0863, 0x0863, 0x0863, 0x0863, 0x0863, 0x0863, 0x0863, 0x0863, 0x0863,
  0x0863, 0x0863, 0x0863, 0x0863, 0x0863, 0x0863, 0x0863, 0x0863, 0x0863, 0x0863, 0x0863, 0x0863,
  0x0863, 0x0863, 0x0863, 0x0863, 0x0863, 0x0863, 0x0863, 0x0863, 0x0863, 0x0863, 0x0863, 0x0863,
  0x0863, 0x0863, 0x0863, 0x0863, 0x0863, 0x0863, 0x0863, 0x0863, 0x0863, 0x0863, 0x0863, 0x0863,
  0x0863, 0x0863, 0x0863, 0x0863, 0x0863, 0x0863, 0x0863, 0x0863, 0x0863, 0x0863, 0x0863, 0x0863,
  0x0863, 0x0863, 0x0863, 0x0863, 0x0863, 0x0863, 0x0863, 0x0863, 0x0863, 0x0863, 0x0863, 0x0863,
  0x0863, 0x0863, 0x0863, 0x0863, 0x0863, 0x0863, 0x0863, 0x0863, 0x0863, 0x0863, 0x0863, 0x0863,
  0x0863, 0x0863, 0x0863, 0x0863, 0x0863, 0x0863, 0x0863, 0x0863, 0x0863, 0x0863, 0x0863, 0x0863,
  0x0863, 0x0863, 0x0863, 0x0863, 0x0863, 0x0863, 0x0863, 0x0863, 0x0863, 0x0863, 0x0863, 0x0863,
  0x0863, 0x0863, 0x0863, 0x0863, 0x0863, 0x0863, 0x0863, 0x0863, 0x0863, 0x0863, 0x0863, 0x0863,
  0x0863, 0x0863, 0x0863, 0x0863, 0x0863, 0x0863, 0x0863, 0x0863, 0x0863, 0x0863, 0x0863, 0x0863,
  0x0863, 0x0863, 0x0863, 0x0863, 0x0863, 0x0863, 0x0863, 0x0863, 0x0863, 0x0863, 0x0863, 0x0863,
  0x0863, 0x0863, 0x0863, 0x0863, 0x0863, 0x0863, 0x0863, 0x0863, 0x0863, 0x0863, 0x0863, 0x0863,
  0x0863, 0x0863, 0x0863, 0x0863, 0x0863, 0x0863, 0x0863, 0x0863, 0x0863, 0x0863, 0x0863, 0x0863,
  0x0863, 0x0863, 0x0863, 0x0863, 0x0863, 0x0863, 0x0863, 0x0863, 0x0863, 0x0863, 0x0863, 0x0863,
  0x0863, 0x0863, 0x0863, 0x0863, 0x0863, 0x0863, 0x0863, 0x0863, 0x0863, 0x0863, 0x0863, 0x0863,
  0x0863, 0x0863, 0x0863, 0x0863, 0x0863, 0x0863, 0x0863, 0x0863, 0x0863, 0x0863, 0x0863, 0x0863,
  0x0863, 0x0863, 0x0863, 0x0863, 0x0863, 0x0863, 0x0863, 0x0863, 0x0863, 0x0863, 0x0863, 0x0863,
  0x0863, 0x0863, 0x0863, 0x0863, 0x0863, 0x0863, 0x0863, 0x0863, 0x0863, 0x0863, 0x0863, 0x0863,
  0x0863, 0x0863, 0x0863, 0x0863, 0x0863, 0x0863, 0x0863, 0x0863, 0x0863, 0x0863, 0x0863, 0x0863,
  0x0863, 0x0863, 0x0863, 0x0863, 0x0863, 0x0863, 0x0863, 0x0863, 0x0863, 0x0863, 0x0863, 0x0863,
  0x0863, 0x0863, 0x0863, 0x0863, 0x0863, 0x0863, 0x0863, 0x0863, 0x0863, 0x0863, 0x0863, 0x0863,
  0x0863, 0x0863, 0x0863, 0x0863, 0x0863, 0x0863, 0x0863, 0x0863, 0x0863, 0x0863, 0x0863, 0x0863,
  0x0863, 0x0863, 0x0863, 0x0863, 0x0863, 0x0863, 0x0863, 0x0863, 0x0863, 0x0863, 0x0863, 0x0863,
  0x0863, 0x0863, 0x0863, 0x0863, 0x0863, 0x0863, 0x0863, 0x0863, 0x0863, 0x0863, 0x0863, 0x0863,
  0x0863, 0x0863, 0x0863, 0x0863, 0x0863, 0x0863, 0x0863, 0x0863, 0x0863, 0x0863, 0x0863, 0x0863,
  0x0863, 0x0863, 0x0863, 0x0863, 0x0863, 0x0863, 0x0863, 0x0863, 0x0863, 0x0863, 0x0863, 0x0863,
  0x0863, 0x0863, 0x0863, 0x0863, 0x0863, 0x0863, 0x0863, 0x0863, 0x0863, 0x0863, 0x0863, 0x0863,
  0x0863, 0x0863, 0x0863, 0x0863, 0x0863, 0x0863, 0x0863, 0x0863, 0x0863, 0x0863, 0x0863, 0x0863,
  0x0863, 0x0863, 0x0863, 0x0863, 0x0863, 0x0863, 0x0863, 0x0863, 0x0863, 0x0863, 0x0863, 0x0863,
  0x0863, 0x0863, 0x0863, 0x0863, 0x0863, 0x0863, 0x0863, 0x0863, 0x0863, 0x0863, 0x0863, 0x0863,
  0x0863, 0x0863, 0x0863, 0x0863, 0x0863, 0x0863, 0x0863, 0x0863, 0x0863, 0x0863, 0x0863, 0x0863,
  0x0863, 0x0863, 0x0863, 0x0863, 0x0863, 0x0863, 0x0863, 0x0863, 0x0863, 0x0863, 0x0863, 0x0863,
  0x0863, 0x0863, 0x0863, 0x0863, 0x0863, 0x0863, 0x0863, 0x0863, 0x0863, 0x0863, 0x0863, 0x0863,
  0x0863, 0x0863, 0x0863, 0x0863, 0x0863, 0x0863, 0x0863, 0x0863, 0x0863, 0x0863, 0x0863, 0x0863,
  0x0863, 0x0863, 0x0863, 0x0863, 0x0863, 0x0863, 0x0863, 0x0863, 0x0863, 0x0863, 0x0863, 0x0863,
  0x0863, 0x0863, 0x0863, 0x0863, 0x0863, 0x0863, 0x0863, 0x0863, 0x0863, 0x0863, 0x0863, 0x0863,
  0x0863, 0x0863, 0x0863, 0x0863, 0x0863, 0x0863, 0x0863, 0x0863, 0x0863, 0x0863, 0x0863, 0x0863,
  0x0863, 0x0863, 0x0863, 0x0863, 0x0863, 0x0863, 0x0863, 0x0863, 0x0863, 0x0863, 0x0863, 0x0863,
  0x0863, 0x0863, 0x0863, 0x0863, 0x0863, 0x0863, 0x0863, 0x0863, 0x0863, 0x0863, 0x0863, 0x0863,
  0x0863, 0x0863, 0x0863, 0x0863, 0x0863, 0x0863, 0x0863, 0x0863, 0x0863, 0x0863, 0x0863, 0x0863,
  0x0863, 0x0863, 0x0863, 0x0863, 0x0863, 0x0863, 0x0863, 0x0863, 0x0863, 0x0863, 0x0863, 0x0863,
  0x0863, 0x0863, 0x0863, 0x0863, 0x0863, 0x0863, 0x0863, 0x0863, 0x0863, 0x0863, 0x0863, 0x0863,
  0x0863, 0x0863, 0x0863, 0x0863, 0x0863, 0x0863, 0x0863, 0x0863, 0x0863, 0x0863, 0x0863, 0x0863,
  0x0863, 0x0863, 0x0863, 0x0863, 0x0863, 0x0863, 0x0863, 0x0863, 0x0863, 0x0863, 0x0863, 0x0863,
  0x0863, 0x0863, 0x0863, 0x0863, 0x0863, 0x0863, 0x0863, 0x0863, 0x0863, 0x0863, 0x0863, 0x0863,
  0x0863, 0x0863, 0x0863, 0x0863, 0x0863, 0x0863, 0x0863, 0x0863, 0x0863, 0x0863, 0x0863, 0x0863,
  0x0863, 0x0863, 0x0863, 0x0863, 0x0863, 0x0863, 0x0863, 0x0863, 0x0863, 0x0863, 0x0863, 0x0863,
  0x0863, 0x0863, 0x0863, 0x0863, 0x0863, 0x0863, 0x0863, 0x0863, 0x0863, 0x0863, 0x0863, 0x0863,
  0x0863, 0x0863, 0x0863, 0x0863, 0x0863, 0x0863, 0x0863, 0x0863, 0x0863, 0x0863, 0x0863, 0x0863,
  0x0863, 0x0863, 0x0863, 0x0863, 0x0863, 0x0863, 0x0863, 0x0863, 0x0863, 0x0863, 0x0863, 0x0863,
  0x0863, 0x0863, 0x0863, 0x0863, 0x0863, 0x0863, 0x0863, 0x0863, 0x0863, 0x0863, 0x0863, 0x0863,
  0x0863, 0x0863, 0x0863, 0x0863, 0x0863, 0x0863, 0x0863, 0x0863, 0x0863, 0x0863, 0x0863, 0x0863,
  0x0863, 0x0863, 0x0863, 0x0863, 0x0863, 0x0863, 0x0863, 0x0863, 0x0863, 0x0863, 0x0863, 0x0863,
  0x0863, 0x0863, 0x0863, 0x0863, 0x0863, 0x0863, 0x0863, 0x0863, 0x0863, 0x0863, 0x0863, 0x0863,
  0x0863, 0x0863, 0x0863, 0x0863, 0x0863, 0x0863, 0x0863, 0x0863, 0x0863, 0x0863, 0x0863, 0x0863,
  0x0863, 0x0863, 0x0863, 0x0863, 0x0863, 0x0863, 0x0863, 0x0863, 0x0863, 0x0863, 0x0863, 0x0863,
  0x0863, 0x0863, 0x0863, 0x0863, 0x0863, 0x0863, 0x0863, 0x0863, 0x0863, 0x0863, 0x0863, 0x0863,
  0x0863, 0x0863, 0x0863, 0x0863, 0x0863, 0x0863, 0x0863, 0x0863, 0x0863, 0x0863, 0x0863, 0x0863,
  0x0863, 0x0863, 0x0863, 0x0863, 0x0863, 0x0863, 0x0863, 0x0863, 0x0863, 0x0863, 0x0863, 0x0863,
  0x0863, 0x0863, 0x0863, 0x0863, 0x0863, 0x0863, 0x0863, 0x0863, 0x0863, 0x0863, 0x0863, 0x0863,
  0x0863, 0x0863, 0x0863, 0x0863, 0x0863, 0x0863, 0x0863, 0x0863, 0x0863, 0x0863, 0x0863, 0x0863,
  0x0863, 0x0863, 0x0863, 0x0863, 0x0863, 0x0863, 0x0863, 0x0863, 0x0863, 0x0863, 0x0863, 0x0863,
  0x0863, 0x0863, 0x0863, 0x0863, 0x0863, 0x0863, 0x0863, 0x0863, 0x0863, 0x0863, 0x0863, 0x0863,
  0x0863, 0x0863, 0x0863, 0x0863, 0x0863, 0x0863, 0x0863, 0x0863, 0x0863, 0x0863, 0x0863, 0x0863,
  0x0863, 0x0863, 0x0863, 0x0863, 0x0863, 0x0863, 0x0863, 0x0863, 0x0863, 0x0863, 0x0863, 0x0863,
  0x0863, 0x0863, 0x0863, 0x0863, 0x0863, 0x0863, 0x0863, 0x0863, 0x0863, 0x0863, 0x0863, 0x0863,
  0x0863, 0x0863, 0x0863, 0x0863, 0x0863, 0x0863, 0x0863, 0x0863, 0x0863, 0x0863, 0x0863, 0x0863,
  0x0863, 0x0863, 0x0863, 0x0863, 0x0863, 0x0863, 0x0863, 0x0863, 0x0863, 0x0863, 0x0863, 0x0863,
  0x0863, 0x0863, 0x0863, 0x0863, 0x0863, 0x0863, 0x0863, 0x0863, 0x0863, 0x0863, 0x0863, 0x0863,
  0x0863, 0x0863, 0x0863, 0x0863, 0x0863, 0x0863, 0x0863, 0x0863, 0x0863, 0x0863, 0x0863, 0x0863,
  0x0863, 0x0863, 0x0863, 0x0863, 0x0863, 0x0863, 0x0863, 0x0863, 0x0863, 0x0863, 0x0863, 0x0863,
};
