// FusionSpace mark logo, 240 x 240, LVGL v9 image (RGB565 on Void). Generated by tools/build/kit_targets.py.
// Use: LV_IMAGE_DECLARE(fs_logo_tft_240x240_round); lv_obj_t * img = lv_image_create(lv_screen_active()); lv_image_set_src(img, &fs_logo_tft_240x240_round);
#include "lvgl.h"
#ifndef LV_ATTRIBUTE_MEM_ALIGN
#define LV_ATTRIBUTE_MEM_ALIGN
#endif
const LV_ATTRIBUTE_MEM_ALIGN uint8_t fs_logo_tft_240x240_round_map[115200] = {
  0x63, 0x08, 0x63, 0x08, 0x63, 0x08, 0x63, 0x08, 0x63, 0x08, 0x63, 0x08, 0x63, 0x08, 0x63, 0x08,
  0x63, 0x08, 0x63, 0x08, 0x63, 0x08, 0x63, 0x08, 0x63, 0x08, 0x63, 0x08, 0x63, 0x08, 0x63, 0x08,
  0x63, 0x08, 0x63, 0x08, 0x63, 0x08, 0x63, 0x08, 0x63, 0x08, 0x63, 0x08, 0x63, 0x08, 0x63, 0x08,
  0x63, 0x08, 0x63, 0x08, 0x63, 0x08, 0x63, 0x08, 0x63, 0x08, 0x63, 0x08, 0x63, 0x08, 0x63, 0x08,
  0x63, 0x08, 0x63, 0x08, 0x63, 0x08, 0x63, 0x08, 0x63, 0x08, 0x63, 0x08, 0x63, 0x08, 0x63, 0x08,
  0x63, 0x08, 0x63, 0x08, 0x63, 0x08, 0x63, 0x08, 0x63, 0x08, 0x63, 0x08, 0x63, 0x08, 0x63, 0x08,
  0x63, 0x08, 0x63, 0x08, 0x63, 0x08, 0x63, 0x08, 0x63, 0x08, 0x63, 0x08, 0x63, 0x08, 0x63, 0x08,
  0x63, 0x08, 0x63, 0x08, 0x63, 0x08, 0x63, 0x08, 0x63, 0x08, 0x63, 0x08, 0x63, 0x08, 0x63, 0x08,
  0x63, 0x08, 0x63, 0x08, 0x63, 0x08, 0x63, 0x08, 0x63, 0x08, 0x63, 0x08, 0x63, 0x08, 0x63, 0x08,
  0x63, 0x08, 0x63, 0x08, 0x63, 0x08, 0x63, 0x08, 0x63, 0x08, 0x63, 0x08, 0x63, 0x08, 0x63, 0x08,
  0x63, 0x08, 0x63, 0x08, 0x63, 0x08, 0x63, 0x08, 0x63, 0x08, 0x63, 0x08, 0x63, 0x08, 0x63, 0x08,
  0x63, 0x08, 0x63, 0x08, 0x63, 0x08, 0x63, 0x08, 0x63, 0x08, 0x63, 0x08, 0x63, 0x08, 0x63, 0x08,
  0x63, 0x08, 0x63, 0x08, 0x63, 0x08, 0x63, 0x08, 0x63, 0x08, 0x63, 0x08, 0x63, 0x08, 0x63, 0x08,
  0x63, 0x08, 0x63, 0x08, 0x63, 0x08, 0x63, 0x08, 0x63, 0x08, 0x63, 0x08, 0x63, 0x08, 0x63, 0x08,
  0x63, 0x08, 0x63, 0x08, 0x63, 0x08, 0x63, 0x08, 0x63, 0x08, 0x63, 0x08, 0x63, 0x08, 0x63, 0x08,
  0x63, 0x08, 0x63, 0x08, 0x63, 0x08, 0x63, 0x08, 0x63, 0x08, 0x63, 0x08, 0x63, 0x08, 0x63, 0x08,
  0x63, 0x08, 0x63, 0x08, 0x63, 0x08, 0x63, 0x08, 0x63, 0x08, 0x63, 0x08, 0x63, 0x08, 0x63, 0x08,
  0x63, 0x08, 0x63, 0x08, 0x63, 0x08, 0x63, 0x08, 0x63, 0x08, 0x63, 0x08, 0x63, 0x08, 0x63, 0x08,
  0x63, 0x08, 0x63, 0x08, 0x63, 0x08, 0x63, 0x08, 0x63, 0x08, 0x63, 0x08, 0x63, 0x08, 0x63, 0x08,
  0x63, 0x08, 0x63, 0x08, 0x63, 0x08, 0x63, 0x08, 0x63, 0x08, 0x63, 0x08, 0x63, 0x08, 0x63, 0x08,
  0x63, 0x08, 0x63, 0x08, 0x63, 0x08, 0x63, 0x08, 0x63, 0x08, 0x63, 0x08, 0x63, 0x08, 0x63, 0x08,
  0x63, 0x08, 0x63, 0x08, 0x63, 0x08, 0x63, 0x08, 0x63, 0x08, 0x63, 0x08, 0x63, 0x08, 0x63, 0x08,
  0x63, 0x08, 0x63, 0x08, 0x63, 0x08, 0x63, 0x08, 0x63, 0x08, 0x63, 0x08, 0x63, 0x08, 0x63, 0x08,
  0x63, 0x08, 0x63, 0x08, 0x63, 0x08, 0x63, 0x08, 0x63, 0x08, 0x63, 0x08, 0x63, 0x08, 0x63, 0x08,
  0x63, 0x08, 0x63, 0x08, 0x63, 0x08, 0x63, 0x08, 0x63, 0x08, 0x63, 0x08, 0x63, 0x08, 0x63, 0x08,
  0x63, 0x08, 0x63, 0x08, 0x63, 0x08, 0x63, 0x08, 0x63, 0x08, 0x63, 0x08, 0x63, 0x08, 0x63, 0x08,
  0x63, 0x08, 0x63, 0x08, 0x63, 0x08, 0x63, 0x08, 0x63, 0x08, 0x63, 0x08, 0x63, 0x08, 0x63, 0x08,
  0x63, 0x08, 0x63, 0x08, 0x63, 0x08, 0x63, 0x08, 0x63, 0x08, 0x63, 0x08, 0x63, 0x08, 0x63, 0x08,
  0x63, 0x08, 0x63, 0x08, 0x63, 0x08, 0x63, 0x08, 0x63, 0x08, 0x63, 0x08, 0x63, 0x08, 0x63, 0x08,
  0x63, 0x08, 0x63, 0x08, 0x63, 0x08, 0x63, 0x08, 0x63, 0x08, 0x63, 0x08, 0x63, 0x08, 0x63, 0x08,
  0x63, 0x08, 0x63, 0x08, 0x63, 0x08, 0x63, 0x08, 0x63, 0x08, 0x63, 0x08, 0x63, 0x08, 0x63, 0x08,
  0x63, 0x08, 0x63, 0x08, 0x63, 0x08, 0x63, 0x08, 0x63, 0x08, 0x63, 0x08, 0x63, 0x08, 0x63, 0x08,
  0x63, 0x08, 0x63, 0x08, 0x63, 0x08, 0x63, 0x08, 0x63, 0x08, 0x63, 0x08, 0x63, 0x08, 0x63, 0x08,
  0x63, 0x08, 0x63, 0x08, 0x63, 0x08, 0x63, 0x08, 0x63, 0x08, 0x63, 0x08, 0x63, 0x08, 0x63, 0x08,
  0x63, 0x08, 0x63, 0x08, 0x63, 0x08, 0x63, 0x08, 0x63, 0x08, 0x63, 0x08, 0x63, 0x08, 0x63, 0x08,
  0x63, 0x08, 0x63, 0x08, 0x63, 0x08, 0x63, 0x08, 0x63, 0x08, 0x63, 0x08, 0x63, 0x08, 0x63, 0x08,
  0x63, 0x08, 0x63, 0x08, 0x63, 0x08, 0x63, 0x08, 0x63, 0x08, 0x63, 0x08, 0x63, 0x08, 0x63, 0x08,
  0x63, 0x08, 0x63, 0x08, 0x63, 0x08, 0x63, 0x08, 0x63, 0x08, 0x63, 0x08, 0x63, 0x08, 0x63, 0x08,
  0x63, 0x08, 0x63, 0x08, 0x63, 0x08, 0x63, 0x08, 0x63, 0x08, 0x63, 0x08, 0x63, 0x08, 0x63, 0x08,
  0x63, 0x08, 0x63, 0x08, 0x63, 0x08, 0x63, 0x08, 0x63, 0x08, 0x63, 0x08, 0x63, 0x08, 0x63, 0x08,
  0x63, 0x08, 0x63, 0x08, 0x63, 0x08, 0x63, 0x08, 0x63, 0x08, 0x63, 0x08, 0x63, 0x08, 0x63, 0x08,
  0x63, 0x08, 0x63, 0x08, 0x63, 0x08, 0x63, 0x08, 0x63, 0x08, 0x63, 0x08, 0x63, 0x08, 0x63, 0x08,
  0x63, 0x08, 0x63, 0x08, 0x63, 0x08, 0x63, 0x08, 0x63, 0x08, 0x63, 0x08, 0x63, 0x08, 0x63, 0x08,
  0x63, 0x08, 0x63, 0x08, 0x63, 0x08, 0x63, 0x08, 0x63, 0x08, 0x63, 0x08, 0x63, 0x08, 0x63, 0x08,
  0x63, 0x08, 0x63, 0x08, 0x63, 0x08, 0x63, 0x08, 0x63, 0x08, 0x63, 0x08, 0x63, 0x08, 0x63, 0x08,
  0x63, 0x08, 0x63, 0x08, 0x63, 0x08, 0x63, 0x08, 0x63, 0x08, 0x63, 0x08, 0x63, 0x08, 0x63, 0x08,
  0x63, 0x08, 0x63, 0x08, 0x63, 0x08, 0x63, 0x08, 0x63, 0x08, 0x63, 0x08, 0x63, 0x08, 0x63, 0x08,
  0x63, 0x08, 0x63, 0x08, 0x63, 0x08, 0x63, 0x08, 0x63, 0x08, 0x63, 0x08, 0x63, 0x08, 0x63, 0x08,
  0x63, 0x08, 0x63, 0x08, 0x63, 0x08, 0x63, 0x08, 0x63, 0x08, 0x63, 0x08, 0x63, 0x08, 0x63, 0x08,
  0x63, 0x08, 0x63, 0x08, 0x63, 0x08, 0x63, 0x08, 0x63, 0x08, 0x63, 0x08, 0x63, 0x08, 0x63, 0x08,
  0x63, 0x08, 0x63, 0x08, 0x63, 0x08, 0x63, 0x08, 0x63, 0x08, 0x63, 0x08, 0x63, 0x08, 0x63, 0x08,
  0x63, 0x08, 0x63, 0x08, 0x63, 0x08, 0x63, 0x08, 0x63, 0x08, 0x63, 0x08, 0x63, 0x08, 0x63, 0x08,
  0x63, 0x08, 0x63, 0x08, 0x63, 0x08, 0x63, 0x08, 0x63, 0x08, 0x63, 0x08, 0x63, 0x08, 0x63, 0x08,
  0x63, 0x08, 0x63, 0x08, 0x63, 0x08, 0x63, 0x08, 0x63, 0x08, 0x63, 0x08, 0x63, 0x08, 0x63, 0x08,
  0x63, 0x08, 0x63, 0x08, 0x63, 0x08, 0x63, 0x08, 0x63, 0x08, 0x63, 0x08, 0x63, 0x08, 0x63, 0x08,
  0x63, 0x08, 0x63, 0x08, 0x63, 0x08, 0x63, 0x08, 0x63, 0x08, 0x63, 0x08, 0x63, 0x08, 0x63, 0x08,
  0x63, 0x08, 0x63, 0x08, 0x63, 0x08, 0x63, 0x08, 0x63, 0x08, 0x63, 0x08, 0x63, 0x08, 0x63, 0x08,
  0x63, 0x08, 0x63, 0x08, 0x63, 0x08, 0x63, 0x08, 0x63, 0x08, 0x63, 0x08, 0x63, 0x08, 0x63, 0x08,
  0x63, 0x08, 0x63, 0x08, 0x63, 0x08, 0x63, 0x08, 0x63, 0x08, 0x63, 0x08, 0x63, 0x08, 0x63, 0x08,
  0x63, 0x08, 0x63, 0x08, 0x63, 0x08, 0x63, 0x08, 0x63, 0x08, 0x63, 0x08, 0x63, 0x08, 0x63, 0x08,
  0x63, 0x08, 0x63, 0x08, 0x63, 0x08, 0x63, 0x08, 0x63, 0x08, 0x63, 0x08, 0x63, 0x08, 0x63, 0x08,
  0x63, 0x08, 0x63, 0x08, 0x63, 0x08, 0x63, 0x08, 0x63, 0x08, 0x63, 0x08, 0x63, 0x08, 0x63, 0x08,
  0x63, 0x08, 0x63, 0x08, 0x63, 0x08, 0x63, 0x08, 0x63, 0x08, 0x63, 0x08, 0x63, 0x08, 0x63, 0x08,
  0x63, 0x08, 0x63, 0x08, 0x63, 0x08, 0x63, 0x08, 0x63, 0x08, 0x63, 0x08, 0x63, 0x08, 0x63, 0x08,
  0x63, 0x08, 0x63, 0x08, 0x63, 0x08, 0x63, 0x08, 0x63, 0x08, 0x63, 0x08, 0x63, 0x08, 0x63, 0x08,
  0x63, 0x08, 0x63, 0x08, 0x63, 0x08, 0x63, 0x08, 0x63, 0x08, 0x63, 0x08, 0x63, 0x08, 0x63, 0x08,
  0x63, 0x08, 0x63, 0x08, 0x63, 0x08, 0x63, 0x08, 0x63, 0x08, 0x63, 0x08, 0x63, 0x08, 0x63, 0x08,
  0x63, 0x08, 0x63, 0x08, 0x63, 0x08, 0x63, 0x08, 0x63, 0x08, 0x63, 0x08, 0x63, 0x08, 0x63, 0x08,
  0x63, 0x08, 0x63, 0x08, 0x63, 0x08, 0x63, 0x08, 0x63, 0x08, 0x63, 0x08, 0x63, 0x08, 0x63, 0x08,
  0x63, 0x08, 0x63, 0x08, 0x63, 0x08, 0x63, 0x08, 0x63, 0x08, 0x63, 0x08, 0x63, 0x08, 0x63, 0x08,
  0x63, 0x08, 0x63, 0x08, 0x63, 0x08, 0x63, 0x08, 0x63, 0x08, 0x63, 0x08, 0x63, 0x08, 0x63, 0x08,
  0x63, 0x08, 0x63, 0x08, 0x63, 0x08, 0x63, 0x08, 0x63, 0x08, 0x63, 0x08, 0x63, 0x08, 0x63, 0x08,
  0x63, 0x08, 0x63, 0x08, 0x63, 0x08, 0x63, 0x08, 0x63, 0x08, 0x63, 0x08, 0x63, 0x08, 0x63, 0x08,
  0x63, 0x08, 0x63, 0x08, 0x63, 0x08, 0x63, 0x08, 0x63, 0x08, 0x63, 0x08, 0x63, 0x08, 0x63, 0x08,
  0x63, 0x08, 0x63, 0x08, 0x63, 0x08, 0x63, 0x08, 0x63, 0x08, 0x63, 0x08, 0x63, 0x08, 0x63, 0x08,
  0x63, 0x08, 0x63, 0x08, 0x63, 0x08, 0x63, 0x08, 0x63, 0x08, 0x63, 0x08, 0x63, 0x08, 0x63, 0x08,
  0x63, 0x08, 0x63, 0x08, 0x63, 0x08, 0x63, 0x08, 0x63, 0x08, 0x63, 0x08, 0x63, 0x08, 0x63, 0x08,
  0x63, 0x08, 0x63, 0x08, 0x63, 0x08, 0x63, 0x08, 0x63, 0x08, 0x63, 0x08, 0x63, 0x08, 0x63, 0x08,
  0x63, 0x08, 0x63, 0x08, 0x63, 0x08, 0x63, 0x08, 0x63, 0x08, 0x63, 0x08, 0x63, 0x08, 0x63, 0x08,
  0x63, 0x08, 0x63, 0x08, 0x63, 0x08, 0x63, 0x08, 0x63, 0x08, 0x63, 0x08, 0x63, 0x08, 0x63, 0x08,
  0x63, 0x08, 0x63, 0x08, 0x63, 0x08, 0x63, 0x08, 0x63, 0x08, 0x63, 0x08, 0x63, 0x08, 0x63, 0x08,
  0x63, 0x08, 0x63, 0x08, 0x63, 0x08, 0x63, 0x08, 0x63, 0x08, 0x63, 0x08, 0x63, 0x08, 0x63, 0x08,
  0x63, 0x08, 0x63, 0x08, 0x63, 0x08, 0x63, 0x08, 0x63, 0x08, 0x63, 0x08, 0x63, 0x08, 0x63, 0x08,
  0x63, 0x08, 0x63, 0x08, 0x63, 0x08, 0x63, 0x08, 0x63, 0x08, 0x63, 0x08, 0x63, 0x08, 0x63, 0x08,
  0x63, 0x08, 0x63, 0x08, 0x63, 0x08, 0x63, 0x08, 0x63, 0x08, 0x63, 0x08, 0x63, 0x08, 0x63, 0x08,
  0x63, 0x08, 0x63, 0x08, 0x63, 0x08, 0x63, 0x08, 0x63, 0x08, 0x63, 0x08, 0x63, 0x08, 0x63, 0x08,
  0x63, 0x08, 0x63, 0x08, 0x63, 0x08, 0x63, 0x08, 0x63, 0x08, 0x63, 0x08, 0x63, 0x08, 0x63, 0x08,
  0x63, 0x08, 0x63, 0x08, 0x63, 0x08, 0x63, 0x08, 0x63, 0x08, 0x63, 0x08, 0x63, 0x08, 0x63, 0x08,
  0x63, 0x08, 0x63, 0x08, 0x63, 0x08, 0x63, 0x08, 0x63, 0x08, 0x63, 0x08, 0x63, 0x08, 0x63, 0x08,
  0x63, 0x08, 0x63, 0x08, 0x63, 0x08, 0x63, 0x08, 0x63, 0x08, 0x63, 0x08, 0x63, 0x08, 0x63, 0x08,
  0x63, 0x08, 0x63, 0x08, 0x63, 0x08, 0x63, 0x08, 0x63, 0x08, 0x63, 0x08, 0x63, 0x08, 0x63, 0x08,
  0x63, 0x08, 0x63, 0x08, 0x63, 0x08, 0x63, 0x08, 0x63, 0x08, 0x63, 0x08, 0x63, 0x08, 0x63, 0x08,
  0x63, 0x08, 0x63, 0x08, 0x63, 0x08, 0x63, 0x08, 0x63, 0x08, 0x63, 0x08, 0x63, 0x08, 0x63, 0x08,
  0x63, 0x08, 0x63, 0x08, 0x63, 0x08, 0x63, 0x08, 0x63, 0x08, 0x63, 0x08, 0x63, 0x08, 0x63, 0x08,
  0x63, 0x08, 0x63, 0x08, 0x63, 0x08, 0x63, 0x08, 0x63, 0x08, 0x63, 0x08, 0x63, 0x08, 0x63, 0x08,
  0x63, 0x08, 0x63, 0x08, 0x63, 0x08, 0x63, 0x08, 0x63, 0x08, 0x63, 0x08, 0x63, 0x08, 0x63, 0x08,
  0x63, 0x08, 0x63, 0x08, 0x63, 0x08, 0x63, 0x08, 0x63, 0x08, 0x63, 0x08, 0x63, 0x08, 0x63, 0x08,
  0x63, 0x08, 0x63, 0x08, 0x63, 0x08, 0x63, 0x08, 0x63, 0x08, 0x63, 0x08, 0x63, 0x08, 0x63, 0x08,
  0x63, 0x08, 0x63, 0x08, 0x63, 0x08, 0x63, 0x08, 0x63, 0x08, 0x63, 0x08, 0x63, 0x08, 0x63, 0x08,
  0x63, 0x08, 0x63, 0x08, 0x63, 0x08, 0x63, 0x08, 0x63, 0x08, 0x63, 0x08, 0x63, 0x08, 0x63, 0x08,
  0x63, 0x08, 0x63, 0x08, 0x63, 0x08, 0x63, 0x08, 0x63, 0x08, 0x63, 0x08, 0x63, 0x08, 0x63, 0x08,
  0x63, 0x08, 0x63, 0x08, 0x63, 0x08, 0x63, 0x08, 0x63, 0x08, 0x63, 0x08, 0x63, 0x08, 0x63, 0x08,
  0x63, 0x08, 0x63, 0x08, 0x63, 0x08, 0x63, 0x08, 0x63, 0x08, 0x63, 0x08, 0x63, 0x08, 0x63, 0x08,
  0x63, 0x08, 0x63, 0x08, 0x63, 0x08, 0x63, 0x08, 0x63, 0x08, 0x63, 0x08, 0x63, 0x08, 0x63, 0x08,
  0x63, 0x08, 0x63, 0x08, 0x63, 0x08, 0x63, 0x08, 0x63, 0x08, 0x63, 0x08, 0x63, 0x08, 0x63, 0x08,
  0x63, 0x08, 0x63, 0x08, 0x63, 0x08, 0x63, 0x08, 0x63, 0x08, 0x63, 0x08, 0x63, 0x08, 0x63, 0x08,
  0x63, 0x08, 0x63, 0x08, 0x63, 0x08, 0x63, 0x08, 0x63, 0x08, 0x63, 0x08, 0x63, 0x08, 0x63, 0x08,
  0x63, 0x08, 0x63, 0x08, 0x63, 0x08, 0x63, 0x08, 0x63, 0x08, 0x63, 0x08, 0x63, 0x08, 0x63, 0x08,
  0x63, 0x08, 0x63, 0x08, 0x63, 0x08, 0x63, 0x08, 0x63, 0x08, 0x63, 0x08, 0x63, 0x08, 0x63, 0x08,
  0x63, 0x08, 0x63, 0x08, 0x63, 0x08, 0x63, 0x08, 0x63, 0x08, 0x63, 0x08, 0x63, 0x08, 0x63, 0x08,
  0x63, 0x08, 0x63, 0x08, 0x63, 0x08, 0x63, 0x08, 0x63, 0x08, 0x63, 0x08, 0x63, 0x08, 0x63, 0x08,
  0x63, 0x08, 0x63, 0x08, 0x63, 0x08, 0x63, 0x08, 0x63, 0x08, 0x63, 0x08, 0x63, 0x08, 0x63, 0x08,
  0x63, 0x08, 0x63, 0x08, 0x63, 0x08, 0x63, 0x08, 0x63, 0x08, 0x63, 0x08, 0x63, 0x08, 0x63, 0x08,
  0x63, 0x08, 0x63, 0x08, 0x63, 0x08, 0x63, 0x08, 0x63, 0x08, 0x63, 0x08, 0x63, 0x08, 0x63, 0x08,
  0x63, 0x08, 0x63, 0x08, 0x63, 0x08, 0x63, 0x08, 0x63, 0x08, 0x63, 0x08, 0x63, 0x08, 0x63, 0x08,
  0x63, 0x08, 0x63, 0x08, 0x63, 0x08, 0x63, 0x08, 0x63, 0x08, 0x63, 0x08, 0x63, 0x08, 0x63, 0x08,
  0x63, 0x08, 0x63, 0x08, 0x63, 0x08, 0x63, 0x08, 0x63, 0x08, 0x63, 0x08, 0x63, 0x08, 0x63, 0x08,
  0x63, 0x08, 0x63, 0x08, 0x63, 0x08, 0x63, 0x08, 0x63, 0x08, 0x63, 0x08, 0x63, 0x08, 0x63, 0x08,
  0x63, 0x08, 0x63, 0x08, 0x63, 0x08, 0x63, 0x08, 0x63, 0x08, 0x63, 0x08, 0x63, 0x08, 0x63, 0x08,
  0x63, 0x08, 0x63, 0x08, 0x63, 0x08, 0x63, 0x08, 0x63, 0x08, 0x63, 0x08, 0x63, 0x08, 0x63, 0x08,
  0x63, 0x08, 0x63, 0x08, 0x63, 0x08, 0x63, 0x08, 0x63, 0x08, 0x63, 0x08, 0x63, 0x08, 0x63, 0x08,
  0x63, 0x08, 0x63, 0x08, 0x63, 0x08, 0x63, 0x08, 0x63, 0x08, 0x63, 0x08, 0x63, 0x08, 0x63, 0x08,
  0x63, 0x08, 0x63, 0x08, 0x63, 0x08, 0x63, 0x08, 0x63, 0x08, 0x63, 0x08, 0x63, 0x08, 0x63, 0x08,
  0x63, 0x08, 0x63, 0x08, 0x63, 0x08, 0x63, 0x08, 0x63, 0x08, 0x63, 0x08, 0x63, 0x08, 0x63, 0x08,
  0x63, 0x08, 0x63, 0x08, 0x63, 0x08, 0x63, 0x08, 0x63, 0x08, 0x63, 0x08, 0x63, 0x08, 0x63, 0x08,
  0x63, 0x08, 0x63, 0x08, 0x63, 0x08, 0x63, 0x08, 0x63, 0x08, 0x63, 0x08, 0x63, 0x08, 0x63, 0x08,
  0x63, 0x08, 0x63, 0x08, 0x63, 0x08, 0x63, 0x08, 0x63, 0x08, 0x63, 0x08, 0x63, 0x08, 0x63, 0x08,
  0x63, 0x08, 0x63, 0x08, 0x63, 0x08, 0x63, 0x08, 0x63, 0x08, 0x63, 0x08, 0x63, 0x08, 0x63, 0x08,
  0x63, 0x08, 0x63, 0x08, 0x63, 0x08, 0x63, 0x08, 0x63, 0x08, 0x63, 0x08, 0x63, 0x08, 0x63, 0x08,
  0x63, 0x08, 0x63, 0x08, 0x63, 0x08, 0x63, 0x08, 0x63, 0x08, 0x63, 0x08, 0x63, 0x08, 0x63, 0x08,
  0x63, 0x08, 0x63, 0x08, 0x63, 0x08, 0x63, 0x08, 0x63, 0x08, 0x63, 0x08, 0x63, 0x08, 0x63, 0x08,
  0x63, 0x08, 0x63, 0x08, 0x63, 0x08, 0x63, 0x08, 0x63, 0x08, 0x63, 0x08, 0x63, 0x08, 0x63, 0x08,
  0x63, 0x08, 0x63, 0x08, 0x63, 0x08, 0x63, 0x08, 0x63, 0x08, 0x63, 0x08, 0x63, 0x08, 0x63, 0x08,
  0x63, 0x08, 0x63, 0x08, 0x63, 0x08, 0x63, 0x08, 0x63, 0x08, 0x63, 0x08, 0x63, 0x08, 0x63, 0x08,
  0x63, 0x08, 0x63, 0x08, 0x63, 0x08, 0x63, 0x08, 0x63, 0x08, 0x63, 0x08, 0x63, 0x08, 0x63, 0x08,
  0x63, 0x08, 0x63, 0x08, 0x63, 0x08, 0x63, 0x08, 0x63, 0x08, 0x63, 0x08, 0x63, 0x08, 0x63, 0x08,
  0x63, 0x08, 0x63, 0x08, 0x63, 0x08, 0x63, 0x08, 0x63, 0x08, 0x63, 0x08, 0x63, 0x08, 0x63, 0x08,
  0x63, 0x08, 0x63, 0x08, 0x63, 0x08, 0x63, 0x08, 0x63, 0x08, 0x63, 0x08, 0x63, 0x08, 0x63, 0x08,
  0x63, 0x08, 0x63, 0x08, 0x63, 0x08, 0x63, 0x08, 0x63, 0x08, 0x63, 0x08, 0x63, 0x08, 0x63, 0x08,
  0x63, 0x08, 0x63, 0x08, 0x63, 0x08, 0x63, 0x08, 0x63, 0x08, 0x63, 0x08, 0x63, 0x08, 0x63, 0x08,
  0x63, 0x08, 0x63, 0x08, 0x63, 0x08, 0x63, 0x08, 0x63, 0x08, 0x63, 0x08, 0x63, 0x08, 0x63, 0x08,
  0x63, 0x08, 0x63, 0x08, 0x63, 0x08, 0x63, 0x08, 0x63, 0x08, 0x63, 0x08, 0x63, 0x08, 0x63, 0x08,
  0x63, 0x08, 0x63, 0x08, 0x63, 0x08, 0x63, 0x08, 0x63, 0x08, 0x63, 0x08, 0x63, 0x08, 0x63, 0x08,
  0x63, 0x08, 0x63, 0x08, 0x63, 0x08, 0x63, 0x08, 0x63, 0x08, 0x63, 0x08, 0x63, 0x08, 0x63, 0x08,
  0x63, 0x08, 0x63, 0x08, 0x63, 0x08, 0x63, 0x08, 0x63, 0x08, 0x63, 0x08, 0x63, 0x08, 0x63, 0x08,
  0x63, 0x08, 0x63, 0x08, 0x63, 0x08, 0x63, 0x08, 0x63, 0x08, 0x63, 0x08, 0x63, 0x08, 0x63, 0x08,
  0x63, 0x08, 0x63, 0x08, 0x63, 0x08, 0x63, 0x08, 0x63, 0x08, 0x63, 0x08, 0x63, 0x08, 0x63, 0x08,
  0x63, 0x08, 0x63, 0x08, 0x63, 0x08, 0x63, 0x08, 0x63, 0x08, 0x63, 0x08, 0x63, 0x08, 0x63, 0x08,
  0x63, 0x08, 0x63, 0x08, 0x63, 0x08, 0x63, 0x08, 0x63, 0x08, 0x63, 0x08, 0x63, 0x08, 0x63, 0x08,
  0x63, 0x08, 0x63, 0x08, 0x63, 0x08, 0x63, 0x08, 0x63, 0x08, 0x63, 0x08, 0x63, 0x08, 0x63, 0x08,
  0x63, 0x08, 0x63, 0x08, 0x63, 0x08, 0x63, 0x08, 0x63, 0x08, 0x63, 0x08, 0x63, 0x08, 0x63, 0x08,
  0x63, 0x08, 0x63, 0x08, 0x63, 0x08, 0x63, 0x08, 0x63, 0x08, 0x63, 0x08, 0x63, 0x08, 0x63, 0x08,
  0x63, 0x08, 0x63, 0x08, 0x63, 0x08, 0x63, 0x08, 0x63, 0x08, 0x63, 0x08, 0x63, 0x08, 0x63, 0x08,
  0x63, 0x08, 0x63, 0x08, 0x63, 0x08, 0x63, 0x08, 0x63, 0x08, 0x63, 0x08, 0x63, 0x08, 0x63, 0x08,
  0x63, 0x08, 0x63, 0x08, 0x63, 0x08, 0x63, 0x08, 0x63, 0x08, 0x63, 0x08, 0x63, 0x08, 0x63, 0x08,
  0x63, 0x08, 0x63, 0x08, 0x63, 0x08, 0x63, 0x08, 0x63, 0x08, 0x63, 0x08, 0x63, 0x08, 0x63, 0x08,
  0x63, 0x08, 0x63, 0x08, 0x63, 0x08, 0x63, 0x08, 0x63, 0x08, 0x63, 0x08, 0x63, 0x08, 0x63, 0x08,
  0x63, 0x08, 0x63, 0x08, 0x63, 0x08, 0x63, 0x08, 0x63, 0x08, 0x63, 0x08, 0x63, 0x08, 0x63, 0x08,
  0x63, 0x08, 0x63, 0x08, 0x63, 0x08, 0x63, 0x08, 0x63, 0x08, 0x63, 0x08, 0x63, 0x08, 0x63, 0x08,
  0x63, 0x08, 0x63, 0x08, 0x63, 0x08, 0x63, 0x08, 0x63, 0x08, 0x63, 0x08, 0x63, 0x08, 0x63, 0x08,
  0x63, 0x08, 0x63, 0x08, 0x63, 0x08, 0x63, 0x08, 0x63, 0x08, 0x63, 0x08, 0x63, 0x08, 0x63, 0x08,
  0x63, 0x08, 0x63, 0x08, 0x63, 0x08, 0x63, 0x08, 0x63, 0x08, 0x63, 0x08, 0x63, 0x08, 0x63, 0x08,
  0x63, 0x08, 0x63, 0x08, 0x63, 0x08, 0x63, 0x08, 0x63, 0x08, 0x63, 0x08, 0x63, 0x08, 0x63, 0x08,
  0x63, 0x08, 0x63, 0x08, 0x63, 0x08, 0x63, 0x08, 0x63, 0x08, 0x63, 0x08, 0x63, 0x08, 0x63, 0x08,
  0x63, 0x08, 0x63, 0x08, 0x63, 0x08, 0x63, 0x08, 0x63, 0x08, 0x63, 0x08, 0x63, 0x08, 0x63, 0x08,
  0x63, 0x08, 0x63, 0x08, 0x63, 0x08, 0x63, 0x08, 0x63, 0x08, 0x63, 0x08, 0x63, 0x08, 0x63, 0x08,
  0x63, 0x08, 0x63, 0x08, 0x63, 0x08, 0x63, 0x08, 0x63, 0x08, 0x63, 0x08, 0x63, 0x08, 0x63, 0x08,
  0x63, 0x08, 0x63, 0x08, 0x63, 0x08, 0x63, 0x08, 0x63, 0x08, 0x63, 0x08, 0x63, 0x08, 0x63, 0x08,
  0x63, 0x08, 0x63, 0x08, 0x63, 0x08, 0x63, 0x08, 0x63, 0x08, 0x63, 0x08, 0x63, 0x08, 0x63, 0x08,
  0x63, 0x08, 0x63, 0x08, 0x63, 0x08, 0x63, 0x08, 0x63, 0x08, 0x63, 0x08, 0x63, 0x08, 0x63, 0x08,
  0x63, 0x08, 0x63, 0x08, 0x63, 0x08, 0x63, 0x08, 0x63, 0x08, 0x63, 0x08, 0x63, 0x08, 0x63, 0x08,
  0x63, 0x08, 0x63, 0x08, 0x63, 0x08, 0x63, 0x08, 0x63, 0x08, 0x63, 0x08, 0x63, 0x08, 0x63, 0x08,
  0x63, 0x08, 0x63, 0x08, 0x63, 0x08, 0x63, 0x08, 0x63, 0x08, 0x63, 0x08, 0x63, 0x08, 0x63, 0x08,
  0x63, 0x08, 0x63, 0x08, 0x63, 0x08, 0x63, 0x08, 0x63, 0x08, 0x63, 0x08, 0x63, 0x08, 0x63, 0x08,
  0x63, 0x08, 0x63, 0x08, 0x63, 0x08, 0x63, 0x08, 0x63, 0x08, 0x63, 0x08, 0x63, 0x08, 0x63, 0x08,
  0x63, 0x08, 0x63, 0x08, 0x63, 0x08, 0x63, 0x08, 0x63, 0x08, 0x63, 0x08, 0x63, 0x08, 0x63, 0x08,
  0x63, 0x08, 0x63, 0x08, 0x63, 0x08, 0x63, 0x08, 0x63, 0x08, 0x63, 0x08, 0x63, 0x08, 0x63, 0x08,
  0x63, 0x08, 0x63, 0x08, 0x63, 0x08, 0x63, 0x08, 0x63, 0x08, 0x63, 0x08, 0x63, 0x08, 0x63, 0x08,
  0x63, 0x08, 0x63, 0x08, 0x63, 0x08, 0x63, 0x08, 0x63, 0x08, 0x63, 0x08, 0x63, 0x08, 0x63, 0x08,
  0x63, 0x08, 0x63, 0x08, 0x63, 0x08, 0x63, 0x08, 0x63, 0x08, 0x63, 0x08, 0x63, 0x08, 0x63, 0x08,
  0x63, 0x08, 0x63, 0x08, 0x63, 0x08, 0x63, 0x08, 0x63, 0x08, 0x63, 0x08, 0x63, 0x08, 0x63, 0x08,
  0x63, 0x08, 0x63, 0x08, 0x63, 0x08, 0x63, 0x08, 0x63, 0x08, 0x63, 0x08, 0x63, 0x08, 0x63, 0x08,
  0x63, 0x08, 0x63, 0x08, 0x63, 0x08, 0x63, 0x08, 0x63, 0x08, 0x63, 0x08, 0x63, 0x08, 0x63, 0x08,
  0x63, 0x08, 0x63, 0x08, 0x63, 0x08, 0x63, 0x08, 0x63, 0x08, 0x63, 0x08, 0x63, 0x08, 0x63, 0x08,
  0x63, 0x08, 0x63, 0x08, 0x63, 0x08, 0x63, 0x08, 0x63, 0x08, 0x63, 0x08, 0x63, 0x08, 0x63, 0x08,
  0x63, 0x08, 0x63, 0x08, 0x63, 0x08, 0x63, 0x08, 0x63, 0x08, 0x63, 0x08, 0x63, 0x08, 0x63, 0x08,
  0x63, 0x08, 0x63, 0x08, 0x63, 0x08, 0x63, 0x08, 0x63, 0x08, 0x63, 0x08, 0x63, 0x08, 0x63, 0x08,
  0x63, 0x08, 0x63, 0x08, 0x63, 0x08, 0x63, 0x08, 0x63, 0x08, 0x63, 0x08, 0x63, 0x08, 0x63, 0x08,
  0x63, 0x08, 0x63, 0x08, 0x63, 0x08, 0x63, 0x08, 0x63, 0x08, 0x63, 0x08, 0x63, 0x08, 0x63, 0x08,
  0x63, 0x08, 0x63, 0x08, 0x63, 0x08, 0x63, 0x08, 0x63, 0x08, 0x63, 0x08, 0x63, 0x08, 0x63, 0x08,
  0x63, 0x08, 0x63, 0x08, 0x63, 0x08, 0x63, 0x08, 0x63, 0x08, 0x63, 0x08, 0x63, 0x08, 0x63, 0x08,
  0x63, 0x08, 0x63, 0x08, 0x63, 0x08, 0x63, 0x08, 0x63, 0x08, 0x63, 0x08, 0x63, 0x08, 0x63, 0x08,
  0x63, 0x08, 0x63, 0x08, 0x63, 0x08, 0x63, 0x08, 0x63, 0x08, 0x63, 0x08, 0x63, 0x08, 0x63, 0x08,
  0x63, 0x08, 0x63, 0x08, 0x63, 0x08, 0x63, 0x08, 0x63, 0x08, 0x63, 0x08, 0x63, 0x08, 0x63, 0x08,
  0x63, 0x08, 0x63, 0x08, 0x63, 0x08, 0x63, 0x08, 0x63, 0x08, 0x63, 0x08, 0x63, 0x08, 0x63, 0x08,
  0x63, 0x08, 0x63, 0x08, 0x63, 0x08, 0x63, 0x08, 0x63, 0x08, 0x63, 0x08, 0x63, 0x08, 0x63, 0x08,
  0x63, 0x08, 0x63, 0x08, 0x63, 0x08, 0x63, 0x08, 0x63, 0x08, 0x63, 0x08, 0x63, 0x08, 0x63, 0x08,
  0x63, 0x08, 0x63, 0x08, 0x63, 0x08, 0x63, 0x08, 0x63, 0x08, 0x63, 0x08, 0x63, 0x08, 0x63, 0x08,
  0x63, 0x08, 0x63, 0x08, 0x63, 0x08, 0x63, 0x08, 0x63, 0x08, 0x63, 0x08, 0x63, 0x08, 0x63, 0x08,
  0x63, 0x08, 0x63, 0x08, 0x63, 0x08, 0x63, 0x08, 0x63, 0x08, 0x63, 0x08, 0x63, 0x08, 0x63, 0x08,
  0x63, 0x08, 0x63, 0x08, 0x63, 0x08, 0x63, 0x08, 0x63, 0x08, 0x63, 0x08, 0x63, 0x08, 0x63, 0x08,
  0x63, 0x08, 0x63, 0x08, 0x63, 0x08, 0x63, 0x08, 0x63, 0x08, 0x63, 0x08, 0x63, 0x08, 0x63, 0x08,
  0x63, 0x08, 0x63, 0x08, 0x63, 0x08, 0x63, 0x08, 0x63, 0x08, 0x63, 0x08, 0x63, 0x08, 0x63, 0x08,
  0x63, 0x08, 0x63, 0x08, 0x63, 0x08, 0x63, 0x08, 0x63, 0x08, 0x63, 0x08, 0x63, 0x08, 0x63, 0x08,
  0x63, 0x08, 0x63, 0x08, 0x63, 0x08, 0x63, 0x08, 0x63, 0x08, 0x63, 0x08, 0x63, 0x08, 0x63, 0x08,
  0x63, 0x08, 0x63, 0x08, 0x63, 0x08, 0x63, 0x08, 0x63, 0x08, 0x63, 0x08, 0x63, 0x08, 0x63, 0x08,
  0x63, 0x08, 0x63, 0x08, 0x63, 0x08, 0x63, 0x08, 0x63, 0x08, 0x63, 0x08, 0x63, 0x08, 0x63, 0x08,
  0x63, 0x08, 0x63, 0x08, 0x63, 0x08, 0x63, 0x08, 0x63, 0x08, 0x63, 0x08, 0x63, 0x08, 0x63, 0x08,
  0x63, 0x08, 0x63, 0x08, 0x63, 0x08, 0x63, 0x08, 0x63, 0x08, 0x63, 0x08, 0x63, 0x08, 0x63, 0x08,
  0x63, 0x08, 0x63, 0x08, 0x63, 0x08, 0x63, 0x08, 0x63, 0x08, 0x63, 0x08, 0x63, 0x08, 0x63, 0x08,
  0x63, 0x08, 0x63, 0x08, 0x63, 0x08, 0x63, 0x08, 0x63, 0x08, 0x63, 0x08, 0x63, 0x08, 0x63, 0x08,
  0x63, 0x08, 0x63, 0x08, 0x63, 0x08, 0x63, 0x08, 0x63, 0x08, 0x63, 0x08, 0x63, 0x08, 0x63, 0x08,
  0x63, 0x08, 0x63, 0x08, 0x63, 0x08, 0x63, 0x08, 0x63, 0x08, 0x63, 0x08, 0x63, 0x08, 0x63, 0x08,
  0x63, 0x08, 0x63, 0x08, 0x63, 0x08, 0x63, 0x08, 0x63, 0x08, 0x63, 0x08, 0x63, 0x08, 0x63, 0x08,
  0x63, 0x08, 0x63, 0x08, 0x63, 0x08, 0x63, 0x08, 0x63, 0x08, 0x63, 0x08, 0x63, 0x08, 0x63, 0x08,
  0x63, 0x08, 0x63, 0x08, 0x63, 0x08, 0x63, 0x08, 0x63, 0x08, 0x63, 0x08, 0x63, 0x08, 0x63, 0x08,
  0x63, 0x08, 0x63, 0x08, 0x63, 0x08, 0x63, 0x08, 0x63, 0x08, 0x63, 0x08, 0x63, 0x08, 0x63, 0x08,
  0x63, 0x08, 0x63, 0x08, 0x63, 0x08, 0x63, 0x08, 0x63, 0x08, 0x63, 0x08, 0x63, 0x08, 0x63, 0x08,
  0x63, 0x08, 0x63, 0x08, 0x63, 0x08, 0x63, 0x08, 0x63, 0x08, 0x63, 0x08, 0x63, 0x08, 0x63, 0x08,
  0x63, 0x08, 0x63, 0x08, 0x63, 0x08, 0x63, 0x08, 0x63, 0x08, 0x63, 0x08, 0x63, 0x08, 0x63, 0x08,
  0x63, 0x08, 0x63, 0x08, 0x63, 0x08, 0x63, 0x08, 0x63, 0x08, 0x63, 0x08, 0x63, 0x08, 0x63, 0x08,
  0x63, 0x08, 0x63, 0x08, 0x63, 0x08, 0x63, 0x08, 0x63, 0x08, 0x63, 0x08, 0x63, 0x08, 0x63, 0x08,
  0x63, 0x08, 0x63, 0x08, 0x63, 0x08, 0x63, 0x08, 0x63, 0x08, 0x63, 0x08, 0x63, 0x08, 0x63, 0x08,
  0x63, 0x08, 0x63, 0x08, 0x63, 0x08, 0x63, 0x08, 0x63, 0x08, 0x63, 0x08, 0x63, 0x08, 0x63, 0x08,
  0x63, 0x08, 0x63, 0x08, 0x63, 0x08, 0x63, 0x08, 0x63, 0x08, 0x63, 0x08, 0x63, 0x08, 0x63, 0x08,
  0x63, 0x08, 0x63, 0x08, 0x63, 0x08, 0x63, 0x08, 0x63, 0x08, 0x63, 0x08, 0x63, 0x08, 0x63, 0x08,
  0x63, 0x08, 0x63, 0x08, 0x63, 0x08, 0x63, 0x08, 0x63, 0x08, 0x63, 0x08, 0x63, 0x08, 0x63, 0x08,
  0x63, 0x08, 0x63, 0x08, 0x63, 0x08, 0x63, 0x08, 0x63, 0x08, 0x63, 0x08, 0x63, 0x08, 0x63, 0x08,
  0x63, 0x08, 0x63, 0x08, 0x63, 0x08, 0x63, 0x08, 0x63, 0x08, 0x63, 0x08, 0x63, 0x08, 0x63, 0x08,
  0x63, 0x08, 0x63, 0x08, 0x63, 0x08, 0x63, 0x08, 0x63, 0x08, 0x63, 0x08, 0x63, 0x08, 0x63, 0x08,
  0x63, 0x08, 0x63, 0x08, 0x63, 0x08, 0x63, 0x08, 0x63, 0x08, 0x63, 0x08, 0x63, 0x08, 0x63, 0x08,
  0x63, 0x08, 0x63, 0x08, 0x63, 0x08, 0x63, 0x08, 0x63, 0x08, 0x63, 0x08, 0x63, 0x08, 0x63, 0x08,
  0x63, 0x08, 0x63, 0x08, 0x63, 0x08, 0x63, 0x08, 0x63, 0x08, 0x63, 0x08, 0x63, 0x08, 0x63, 0x08,
  0x63, 0x08, 0x63, 0x08, 0x63, 0x08, 0x63, 0x08, 0x63, 0x08, 0x63, 0x08, 0x63, 0x08, 0x63, 0x08,
  0x63, 0x08, 0x63, 0x08, 0x63, 0x08, 0x63, 0x08, 0x63, 0x08, 0x63, 0x08, 0x63, 0x08, 0x63, 0x08,
  0x63, 0x08, 0x63, 0x08, 0x63, 0x08, 0x63, 0x08, 0x63, 0x08, 0x63, 0x08, 0x63, 0x08, 0x63, 0x08,
  0x63, 0x08, 0x63, 0x08, 0x63, 0x08, 0x63, 0x08, 0x63, 0x08, 0x63, 0x08, 0x63, 0x08, 0x63, 0x08,
  0x63, 0x08, 0x63, 0x08, 0x63, 0x08, 0x63, 0x08, 0x63, 0x08, 0x63, 0x08, 0x63, 0x08, 0x63, 0x08,
  0x63, 0x08, 0x63, 0x08, 0x63, 0x08, 0x63, 0x08, 0x63, 0x08, 0x63, 0x08, 0x63, 0x08, 0x63, 0x08,
  0x63, 0x08, 0x63, 0x08, 0x63, 0x08, 0x63, 0x08, 0x63, 0x08, 0x63, 0x08, 0x63, 0x08, 0x63, 0x08,
  0x63, 0x08, 0x63, 0x08, 0x63, 0x08, 0x63, 0x08, 0x63, 0x08, 0x63, 0x08, 0x63, 0x08, 0x63, 0x08,
  0x63, 0x08, 0x63, 0x08, 0x63, 0x08, 0x63, 0x08, 0x63, 0x08, 0x63, 0x08, 0x63, 0x08, 0x63, 0x08,
  0x63, 0x08, 0x63, 0x08, 0x63, 0x08, 0x63, 0x08, 0x63, 0x08, 0x63, 0x08, 0x63, 0x08, 0x63, 0x08,
  0x63, 0x08, 0x63, 0x08, 0x63, 0x08, 0x63, 0x08, 0x63, 0x08, 0x63, 0x08, 0x63, 0x08, 0x63, 0x08,
  0x63, 0x08, 0x63, 0x08, 0x63, 0x08, 0x63, 0x08, 0x63, 0x08, 0x63, 0x08, 0x63, 0x08, 0x63, 0x08,
  0x63, 0x08, 0x63, 0x08, 0x63, 0x08, 0x63, 0x08, 0x63, 0x08, 0x63, 0x08, 0x63, 0x08, 0x63, 0x08,
  0x63, 0x08, 0x63, 0x08, 0x63, 0x08, 0x63, 0x08, 0x63, 0x08, 0x63, 0x08, 0x63, 0x08, 0x63, 0x08,
  0x63, 0x08, 0x63, 0x08, 0x63, 0x08, 0x63, 0x08, 0x63, 0x08, 0x63, 0x08, 0x63, 0x08, 0x63, 0x08,
  0x63, 0x08, 0x63, 0x08, 0x63, 0x08, 0x63, 0x08, 0x63, 0x08, 0x63, 0x08, 0x63, 0x08, 0x63, 0x08,
  0x63, 0x08, 0x63, 0x08, 0x63, 0x08, 0x63, 0x08, 0x63, 0x08, 0x63, 0x08, 0x63, 0x08, 0x63, 0x08,
  0x63, 0x08, 0x63, 0x08, 0x63, 0x08, 0x63, 0x08, 0x63, 0x08, 0x63, 0x08, 0x63, 0x08, 0x63, 0x08,
  0x63, 0x08, 0x63, 0x08, 0x63, 0x08, 0x63, 0x08, 0x63, 0x08, 0x63, 0x08, 0x63, 0x08, 0x63, 0x08,
  0x63, 0x08, 0x63, 0x08, 0x63, 0x08, 0x63, 0x08, 0x63, 0x08, 0x63, 0x08, 0x63, 0x08, 0x63, 0x08,
  0x63, 0x08, 0x63, 0x08, 0x63, 0x08, 0x63, 0x08, 0x63, 0x08, 0x63, 0x08, 0x63, 0x08, 0x63, 0x08,
  0x63, 0x08, 0x63, 0x08, 0x63, 0x08, 0x63, 0x08, 0x63, 0x08, 0x63, 0x08, 0x63, 0x08, 0x63, 0x08,
  0x63, 0x08, 0x63, 0x08, 0x63, 0x08, 0x63, 0x08, 0x63, 0x08, 0x63, 0x08, 0x63, 0x08, 0x63, 0x08,
  0x63, 0x08, 0x63, 0x08, 0x63, 0x08, 0x63, 0x08, 0x63, 0x08, 0x63, 0x08, 0x63, 0x08, 0x63, 0x08,
  0x63, 0x08, 0x63, 0x08, 0x63, 0x08, 0x63, 0x08, 0x63, 0x08, 0x63, 0x08, 0x63, 0x08, 0x63, 0x08,
  0x63, 0x08, 0x63, 0x08, 0x63, 0x08, 0x63, 0x08, 0x63, 0x08, 0x63, 0x08, 0x63, 0x08, 0x63, 0x08,
  0x63, 0x08, 0x63, 0x08, 0x63, 0x08, 0x63, 0x08, 0x63, 0x08, 0x63, 0x08, 0x63, 0x08, 0x63, 0x08,
  0x63, 0x08, 0x63, 0x08, 0x63, 0x08, 0x63, 0x08, 0x63, 0x08, 0x63, 0x08, 0x63, 0x08, 0x63, 0x08,
  0x63, 0x08, 0x63, 0x08, 0x63, 0x08, 0x63, 0x08, 0x63, 0x08, 0x63, 0x08, 0x63, 0x08, 0x63, 0x08,
  0x63, 0x08, 0x63, 0x08, 0x63, 0x08, 0x63, 0x08, 0x63, 0x08, 0x63, 0x08, 0x63, 0x08, 0x63, 0x08,
  0x63, 0x08, 0x63, 0x08, 0x63, 0x08, 0x63, 0x08, 0x63, 0x08, 0x63, 0x08, 0x63, 0x08, 0x63, 0x08,
  0x63, 0x08, 0x63, 0x08, 0x63, 0x08, 0x63, 0x08, 0x63, 0x08, 0x63, 0x08, 0x63, 0x08, 0x63, 0x08,
  0x63, 0x08, 0x63, 0x08, 0x63, 0x08, 0x63, 0x08, 0x63, 0x08, 0x63, 0x08, 0x63, 0x08, 0x63, 0x08,
  0x63, 0x08, 0x63, 0x08, 0x63, 0x08, 0x63, 0x08, 0x63, 0x08, 0x63, 0x08, 0x63, 0x08, 0x63, 0x08,
  0x63, 0x08, 0x63, 0x08, 0x63, 0x08, 0x63, 0x08, 0x63, 0x08, 0x63, 0x08, 0x63, 0x08, 0x63, 0x08,
  0x63, 0x08, 0x63, 0x08, 0x63, 0x08, 0x63, 0x08, 0x63, 0x08, 0x63, 0x08, 0x63, 0x08, 0x63, 0x08,
  0x63, 0x08, 0x63, 0x08, 0x63, 0x08, 0x63, 0x08, 0x63, 0x08, 0x63, 0x08, 0x63, 0x08, 0x63, 0x08,
  0x63, 0x08, 0x63, 0x08, 0x63, 0x08, 0x63, 0x08, 0x63, 0x08, 0x63, 0x08, 0x63, 0x08, 0x63, 0x08,
  0x63, 0x08, 0x63, 0x08, 0x63, 0x08, 0x63, 0x08, 0x63, 0x08, 0x63, 0x08, 0x63, 0x08, 0x63, 0x08,
  0x63, 0x08, 0x63, 0x08, 0x63, 0x08, 0x63, 0x08, 0x63, 0x08, 0x63, 0x08, 0x63, 0x08, 0x63, 0x08,
  0x63, 0x08, 0x63, 0x08, 0x63, 0x08, 0x63, 0x08, 0x63, 0x08, 0x63, 0x08, 0x63, 0x08, 0x63, 0x08,
  0x63, 0x08, 0x63, 0x08, 0x63, 0x08, 0x63, 0x08, 0x63, 0x08, 0x63, 0x08, 0x63, 0x08, 0x63, 0x08,
  0x63, 0x08, 0x63, 0x08, 0x63, 0x08, 0x63, 0x08, 0x63, 0x08, 0x63, 0x08, 0x63, 0x08, 0x63, 0x08,
  0x63, 0x08, 0x63, 0x08, 0x63, 0x08, 0x63, 0x08, 0x63, 0x08, 0x63, 0x08, 0x63, 0x08, 0x63, 0x08,
  0x63, 0x08, 0x63, 0x08, 0x63, 0x08, 0x63, 0x08, 0x63, 0x08, 0x63, 0x08, 0x63, 0x08, 0x63, 0x08,
  0x63, 0x08, 0x63, 0x08, 0x63, 0x08, 0x63, 0x08, 0x63, 0x08, 0x63, 0x08, 0x63, 0x08, 0x63, 0x08,
  0x63, 0x08, 0x63, 0x08, 0x63, 0x08, 0x63, 0x08, 0x63, 0x08, 0x63, 0x08, 0x63, 0x08, 0x63, 0x08,
  0x63, 0x08, 0x63, 0x08, 0x63, 0x08, 0x63, 0x08, 0x63, 0x08, 0x63, 0x08, 0x63, 0x08, 0x63, 0x08,
  0x63, 0x08, 0x63, 0x08, 0x63, 0x08, 0x63, 0x08, 0x63, 0x08, 0x63, 0x08, 0x63, 0x08, 0x63, 0x08,
  0x63, 0x08, 0x63, 0x08, 0x63, 0x08, 0x63, 0x08, 0x63, 0x08, 0x63, 0x08, 0x63, 0x08, 0x63, 0x08,
  0x63, 0x08, 0x63, 0x08, 0x63, 0x08, 0x63, 0x08, 0x63, 0x08, 0x63, 0x08, 0x63, 0x08, 0x63, 0x08,
  0x63, 0x08, 0x63, 0x08, 0x63, 0x08, 0x63, 0x08, 0x63, 0x08, 0x63, 0x08, 0x63, 0x08, 0x63, 0x08,
  0x63, 0x08, 0x63, 0x08, 0x63, 0x08, 0x63, 0x08, 0x63, 0x08, 0x63, 0x08, 0x63, 0x08, 0x63, 0x08,
  0x63, 0x08, 0x63, 0x08, 0x63, 0x08, 0x63, 0x08, 0x63, 0x08, 0x63, 0x08, 0x63, 0x08, 0x63, 0x08,
  0x63, 0x08, 0x63, 0x08, 0x63, 0x08, 0x63, 0x08, 0x63, 0x08, 0x63, 0x08, 0x63, 0x08, 0x63, 0x08,
  0x63, 0x08, 0x63, 0x08, 0x63, 0x08, 0x63, 0x08, 0x63, 0x08, 0x63, 0x08, 0x63, 0x08, 0x63, 0x08,
  0x63, 0x08, 0x63, 0x08, 0x63, 0x08, 0x63, 0x08, 0x63, 0x08, 0x63, 0x08, 0x63, 0x08, 0x63, 0x08,
  0x63, 0x08, 0x63, 0x08, 0x63, 0x08, 0x63, 0x08, 0x63, 0x08, 0x63, 0x08, 0x63, 0x08, 0x63, 0x08,
  0x63, 0x08, 0x63, 0x08, 0x63, 0x08, 0x63, 0x08, 0x63, 0x08, 0x63, 0x08, 0x63, 0x08, 0x63, 0x08,
  0x63, 0x08, 0x63, 0x08, 0x63, 0x08, 0x63, 0x08, 0x63, 0x08, 0x63, 0x08, 0x63, 0x08, 0x63, 0x08,
  0x63, 0x08, 0x63, 0x08, 0x63, 0x08, 0x63, 0x08, 0x63, 0x08, 0x63, 0x08, 0x63, 0x08, 0x63, 0x08,
  0x63, 0x08, 0x63, 0x08, 0x63, 0x08, 0x63, 0x08, 0x63, 0x08, 0x63, 0x08, 0x63, 0x08, 0x63, 0x08,
  0x63, 0x08, 0x63, 0x08, 0x63, 0x08, 0x63, 0x08, 0x63, 0x08, 0x63, 0x08, 0x63, 0x08, 0x63, 0x08,
  0x63, 0x08, 0x63, 0x08, 0x63, 0x08, 0x63, 0x08, 0x63, 0x08, 0x63, 0x08, 0x63, 0x08, 0x63, 0x08,
  0x63, 0x08, 0x63, 0x08, 0x63, 0x08, 0x63, 0x08, 0x63, 0x08, 0x63, 0x08, 0x63, 0x08, 0x63, 0x08,
  0x63, 0x08, 0x63, 0x08, 0x63, 0x08, 0x63, 0x08, 0x63, 0x08, 0x63, 0x08, 0x63, 0x08, 0x63, 0x08,
  0x63, 0x08, 0x63, 0x08, 0x63, 0x08, 0x63, 0x08, 0x63, 0x08, 0x63, 0x08, 0x63, 0x08, 0x63, 0x08,
  0x63, 0x08, 0x63, 0x08, 0x63, 0x08, 0x63, 0x08, 0x63, 0x08, 0x63, 0x08, 0x63, 0x08, 0x63, 0x08,
  0x63, 0x08, 0x63, 0x08, 0x63, 0x08, 0x63, 0x08, 0x63, 0x08, 0x63, 0x08, 0x63, 0x08, 0x63, 0x08,
  0x63, 0x08, 0x63, 0x08, 0x63, 0x08, 0x63, 0x08, 0x63, 0x08, 0x63, 0x08, 0x63, 0x08, 0x63, 0x08,
  0x63, 0x08, 0x63, 0x08, 0x63, 0x08, 0x63, 0x08, 0x63, 0x08, 0x63, 0x08, 0x63, 0x08, 0x63, 0x08,
  0x63, 0x08, 0x63, 0x08, 0x63, 0x08, 0x63, 0x08, 0x63, 0x08, 0x63, 0x08, 0x63, 0x08, 0x63, 0x08,
  0x63, 0x08, 0x63, 0x08, 0x63, 0x08, 0x63, 0x08, 0x63, 0x08, 0x63, 0x08, 0x63, 0x08, 0x63, 0x08,
  0x63, 0x08, 0x63, 0x08, 0x63, 0x08, 0x63, 0x08, 0x63, 0x08, 0x63, 0x08, 0x63, 0x08, 0x63, 0x08,
  0x63, 0x08, 0x63, 0x08, 0x63, 0x08, 0x63, 0x08, 0x63, 0x08, 0x63, 0x08, 0x63, 0x08, 0x63, 0x08,
  0x63, 0x08, 0x63, 0x08, 0x63, 0x08, 0x63, 0x08, 0x63, 0x08, 0x63, 0x08, 0x63, 0x08, 0x63, 0x08,
  0x63, 0x08, 0x63, 0x08, 0x63, 0x08, 0x63, 0x08, 0x63, 0x08, 0x63, 0x08, 0x63, 0x08, 0x63, 0x08,
  0x63, 0x08, 0x63, 0x08, 0x63, 0x08, 0x63, 0x08, 0x63, 0x08, 0x63, 0x08, 0x63, 0x08, 0x63, 0x08,
  0x63, 0x08, 0x63, 0x08, 0x63, 0x08, 0x63, 0x08, 0x63, 0x08, 0x63, 0x08, 0x63, 0x08, 0x63, 0x08,
  0x63, 0x08, 0x63, 0x08, 0x63, 0x08, 0x63, 0x08, 0x63, 0x08, 0x63, 0x08, 0x63, 0x08, 0x63, 0x08,
  0x63, 0x08, 0x63, 0x08, 0x63, 0x08, 0x63, 0x08, 0x63, 0x08, 0x63, 0x08, 0x63, 0x08, 0x63, 0x08,
  0x63, 0x08, 0x63, 0x08, 0x63, 0x08, 0x63, 0x08, 0x63, 0x08, 0x63, 0x08, 0x63, 0x08, 0x63, 0x08,
  0x63, 0x08, 0x63, 0x08, 0x63, 0x08, 0x63, 0x08, 0x63, 0x08, 0x63, 0x08, 0x63, 0x08, 0x63, 0x08,
  0x63, 0x08, 0x63, 0x08, 0x63, 0x08, 0x63, 0x08, 0x63, 0x08, 0x63, 0x08, 0x63, 0x08, 0x63, 0x08,
  0x63, 0x08, 0x63, 0x08, 0x63, 0x08, 0x63, 0x08, 0x63, 0x08, 0x63, 0x08, 0x63, 0x08, 0x63, 0x08,
  0x63, 0x08, 0x63, 0x08, 0x63, 0x08, 0x63, 0x08, 0x63, 0x08, 0x63, 0x08, 0x63, 0x08, 0x63, 0x08,
  0x63, 0x08, 0x63, 0x08, 0x63, 0x08, 0x63, 0x08, 0x63, 0x08, 0x63, 0x08, 0x63, 0x08, 0x63, 0x08,
  0x63, 0x08, 0x63, 0x08, 0x63, 0x08, 0x63, 0x08, 0x63, 0x08, 0x63, 0x08, 0x63, 0x08, 0x63, 0x08,
  0x63, 0x08, 0x63, 0x08, 0x63, 0x08, 0x63, 0x08, 0x63, 0x08, 0x63, 0x08, 0x63, 0x08, 0x63, 0x08,
  0x63, 0x08, 0x63, 0x08, 0x63, 0x08, 0x63, 0x08, 0x63, 0x08, 0x63, 0x08, 0x63, 0x08, 0x63, 0x08,
  0x63, 0x08, 0x63, 0x08, 0x63, 0x08, 0x63, 0x08, 0x63, 0x08, 0x63, 0x08, 0x63, 0x08, 0x63, 0x08,
  0x63, 0x08, 0x63, 0x08, 0x63, 0x08, 0x63, 0x08, 0x63, 0x08, 0x63, 0x08, 0x63, 0x08, 0x63, 0x08,
  0x63, 0x08, 0x63, 0x08, 0x63, 0x08, 0x63, 0x08, 0x63, 0x08, 0x63, 0x08, 0x63, 0x08, 0x63, 0x08,
  0x63, 0x08, 0x63, 0x08, 0x63, 0x08, 0x63, 0x08, 0x63, 0x08, 0x63, 0x08, 0x63, 0x08, 0x63, 0x08,
  0x63, 0x08, 0x63, 0x08, 0x63, 0x08, 0x63, 0x08, 0x63, 0x08, 0x63, 0x08, 0x63, 0x08, 0x63, 0x08,
  0x63, 0x08, 0x63, 0x08, 0x63, 0x08, 0x63, 0x08, 0x63, 0x08, 0x63, 0x08, 0x63, 0x08, 0x63, 0x08,
  0x63, 0x08, 0x63, 0x08, 0x63, 0x08, 0x63, 0x08, 0x63, 0x08, 0x63, 0x08, 0x63, 0x08, 0x63, 0x08,
  0x63, 0x08, 0x63, 0x08, 0x63, 0x08, 0x63, 0x08, 0x63, 0x08, 0x63, 0x08, 0x63, 0x08, 0x63, 0x08,
  0x63, 0x08, 0x63, 0x08, 0x63, 0x08, 0x63, 0x08, 0x63, 0x08, 0x63, 0x08, 0x63, 0x08, 0x63, 0x08,
  0x63, 0x08, 0x63, 0x08, 0x63, 0x08, 0x63, 0x08, 0x63, 0x08, 0x63, 0x08, 0x63, 0x08, 0x63, 0x08,
  0x63, 0x08, 0x63, 0x08, 0x63, 0x08, 0x63, 0x08, 0x63, 0x08, 0x63, 0x08, 0x63, 0x08, 0x63, 0x08,
  0x63, 0x08, 0x63, 0x08, 0x63, 0x08, 0x63, 0x08, 0x63, 0x08, 0x63, 0x08, 0x63, 0x08, 0x63, 0x08,
  0x63, 0x08, 0x63, 0x08, 0x63, 0x08, 0x63, 0x08, 0x63, 0x08, 0x63, 0x08, 0x63, 0x08, 0x63, 0x08,
  0x63, 0x08, 0x63, 0x08, 0x63, 0x08, 0x63, 0x08, 0x63, 0x08, 0x63, 0x08, 0x63, 0x08, 0x63, 0x08,
  0x63, 0x08, 0x63, 0x08, 0x63, 0x08, 0x63, 0x08, 0x63, 0x08, 0x63, 0x08, 0x63, 0x08, 0x63, 0x08,
  0x63, 0x08, 0x63, 0x08, 0x63, 0x08, 0x63, 0x08, 0x63, 0x08, 0x63, 0x08, 0x63, 0x08, 0x63, 0x08,
  0x63, 0x08, 0x63, 0x08, 0x63, 0x08, 0x63, 0x08, 0x63, 0x08, 0x63, 0x08, 0x63, 0x08, 0x63, 0x08,
  0x63, 0x08, 0x63, 0x08, 0x63, 0x08, 0x63, 0x08, 0x63, 0x08, 0x63, 0x08, 0x63, 0x08, 0x63, 0x08,
  0x63, 0x08, 0x63, 0x08, 0x63, 0x08, 0x63, 0x08, 0x63, 0x08, 0x63, 0x08, 0x63, 0x08, 0x63, 0x08,
  0x63, 0x08, 0x63, 0x08, 0x63, 0x08, 0x63, 0x08, 0x63, 0x08, 0x63, 0x08, 0x63, 0x08, 0x63, 0x08,
  0x63, 0x08, 0x63, 0x08, 0x63, 0x08, 0x63, 0x08, 0x63, 0x08, 0x63, 0x08, 0x63, 0x08, 0x63, 0x08,
  0x63, 0x08, 0x63, 0x08, 0x63, 0x08, 0x63, 0x08, 0x63, 0x08, 0x63, 0x08, 0x63, 0x08, 0x63, 0x08,
  0x63, 0x08, 0x63, 0x08, 0x63, 0x08, 0x63, 0x08, 0x63, 0x08, 0x63, 0x08, 0x63, 0x08, 0x63, 0x08,
  0x63, 0x08, 0x63, 0x08, 0x63, 0x08, 0x63, 0x08, 0x63, 0x08, 0x63, 0x08, 0x63, 0x08, 0x63, 0x08,
  0x63, 0x08, 0x63, 0x08, 0x63, 0x08, 0x63, 0x08, 0x63, 0x08, 0x63, 0x08, 0x63, 0x08, 0x63, 0x08,
  0x63, 0x08, 0x63, 0x08, 0x63, 0x08, 0x63, 0x08, 0x63, 0x08, 0x63, 0x08, 0x63, 0x08, 0x63, 0x08,
  0x63, 0x08, 0x63, 0x08, 0x63, 0x08, 0x63, 0x08, 0x63, 0x08, 0x63, 0x08, 0x63, 0x08, 0x63, 0x08,
  0x63, 0x08, 0x63, 0x08, 0x63, 0x08, 0x63, 0x08, 0x63, 0x08, 0x63, 0x08, 0x63, 0x08, 0x63, 0x08,
  0x63, 0x08, 0x63, 0x08, 0x63, 0x08, 0x63, 0x08, 0x63, 0x08, 0x63, 0x08, 0x63, 0x08, 0x63, 0x08,
  0x63, 0x08, 0x63, 0x08, 0x63, 0x08, 0x63, 0x08, 0x63, 0x08, 0x63, 0x08, 0x63, 0x08, 0x63, 0x08,
  0x63, 0x08, 0x63, 0x08, 0x63, 0x08, 0x63, 0x08, 0x63, 0x08, 0x63, 0x08, 0x63, 0x08, 0x63, 0x08,
  0x63, 0x08, 0x63, 0x08, 0x63, 0x08, 0x63, 0x08, 0x63, 0x08, 0x63, 0x08, 0x63, 0x08, 0x63, 0x08,
  0x63, 0x08, 0x63, 0x08, 0x63, 0x08, 0x63, 0x08, 0x63, 0x08, 0x63, 0x08, 0x63, 0x08, 0x63, 0x08,
  0x63, 0x08, 0x63, 0x08, 0x63, 0x08, 0x63, 0x08, 0x63, 0x08, 0x63, 0x08, 0x63, 0x08, 0x63, 0x08,
  0x63, 0x08, 0x63, 0x08, 0x63, 0x08, 0x63, 0x08, 0x63, 0x08, 0x63, 0x08, 0x63, 0x08, 0x63, 0x08,
  0x63, 0x08, 0x63, 0x08, 0x63, 0x08, 0x63, 0x08, 0x63, 0x08, 0x63, 0x08, 0x63, 0x08, 0x63, 0x08,
  0x63, 0x08, 0x63, 0x08, 0x63, 0x08, 0x63, 0x08, 0x63, 0x08, 0x63, 0x08, 0x63, 0x08, 0x63, 0x08,
  0x63, 0x08, 0x63, 0x08, 0x63, 0x08, 0x63, 0x08, 0x63, 0x08, 0x63, 0x08, 0x63, 0x08, 0x63, 0x08,
  0x63, 0x08, 0x63, 0x08, 0x63, 0x08, 0x63, 0x08, 0x63, 0x08, 0x63, 0x08, 0x63, 0x08, 0x63, 0x08,
  0x63, 0x08, 0x63, 0x08, 0x63, 0x08, 0x63, 0x08, 0x63, 0x08, 0x63, 0x08, 0x63, 0x08, 0x63, 0x08,
  0x63, 0x08, 0x63, 0x08, 0x63, 0x08, 0x63, 0x08, 0x63, 0x08, 0x63, 0x08, 0x63, 0x08, 0x63, 0x08,
  0x63, 0x08, 0x63, 0x08, 0x63, 0x08, 0x63, 0x08, 0x63, 0x08, 0x63, 0x08, 0x63, 0x08, 0x63, 0x08,
  0x63, 0x08, 0x63, 0x08, 0x63, 0x08, 0x63, 0x08, 0x63, 0x08, 0x63, 0x08, 0x63, 0x08, 0x63, 0x08,
  0x63, 0x08, 0x63, 0x08, 0x63, 0x08, 0x63, 0x08, 0x63, 0x08, 0x63, 0x08, 0x63, 0x08, 0x63, 0x08,
  0x63, 0x08, 0x63, 0x08, 0x63, 0x08, 0x63, 0x08, 0x63, 0x08, 0x63, 0x08, 0x63, 0x08, 0x63, 0x08,
  0x63, 0x08, 0x63, 0x08, 0x63, 0x08, 0x63, 0x08, 0x63, 0x08, 0x63, 0x08, 0x63, 0x08, 0x63, 0x08,
  0x63, 0x08, 0x63, 0x08, 0x63, 0x08, 0x63, 0x08, 0x63, 0x08, 0x63, 0x08, 0x63, 0x08, 0x63, 0x08,
  0x63, 0x08, 0x63, 0x08, 0x63, 0x08, 0x63, 0x08, 0x63, 0x08, 0x63, 0x08, 0x63, 0x08, 0x63, 0x08,
  0x63, 0x08, 0x63, 0x08, 0x63, 0x08, 0x63, 0x08, 0x63, 0x08, 0x63, 0x08, 0x63, 0x08, 0x63, 0x08,
  0x63, 0x08, 0x63, 0x08, 0x63, 0x08, 0x63, 0x08, 0x63, 0x08, 0x63, 0x08, 0x63, 0x08, 0x63, 0x08,
  0x63, 0x08, 0x63, 0x08, 0x63, 0x08, 0x63, 0x08, 0x63, 0x08, 0x63, 0x08, 0x63, 0x08, 0x63, 0x08,
  0x63, 0x08, 0x63, 0x08, 0x63, 0x08, 0x63, 0x08, 0x63, 0x08, 0x63, 0x08, 0x63, 0x08, 0x63, 0x08,
  0x63, 0x08, 0x63, 0x08, 0x63, 0x08, 0x63, 0x08, 0x63, 0x08, 0x63, 0x08, 0x63, 0x08, 0x63, 0x08,
  0x63, 0x08, 0x63, 0x08, 0x63, 0x08, 0x63, 0x08, 0x63, 0x08, 0x63, 0x08, 0x63, 0x08, 0x63, 0x08,
  0x63, 0x08, 0x63, 0x08, 0x63, 0x08, 0x63, 0x08, 0x63, 0x08, 0x63, 0x08, 0x63, 0x08, 0x63, 0x08,
  0x63, 0x08, 0x63, 0x08, 0x63, 0x08, 0x63, 0x08, 0x63, 0x08, 0x63, 0x08, 0x63, 0x08, 0x63, 0x08,
  0x63, 0x08, 0x63, 0x08, 0x63, 0x08, 0x63, 0x08, 0x63, 0x08, 0x63, 0x08, 0x63, 0x08, 0x63, 0x08,
  0x63, 0x08, 0x63, 0x08, 0x63, 0x08, 0x63, 0x08, 0x63, 0x08, 0x63, 0x08, 0x63, 0x08, 0x63, 0x08,
  0x63, 0x08, 0x63, 0x08, 0x63, 0x08, 0x63, 0x08, 0x63, 0x08, 0x63, 0x08, 0x63, 0x08, 0x63, 0x08,
  0x63, 0x08, 0x63, 0x08, 0x63, 0x08, 0x63, 0x08, 0x63, 0x08, 0x63, 0x08, 0x63, 0x08, 0x63, 0x08,
  0x63, 0x08, 0x63, 0x08, 0x63, 0x08, 0x63, 0x08, 0x63, 0x08, 0x63, 0x08, 0x63, 0x08, 0x63, 0x08,
  0x63, 0x08, 0x63, 0x08, 0x63, 0x08, 0x63, 0x08, 0x63, 0x08, 0x63, 0x08, 0x63, 0x08, 0x63, 0x08,
  0x63, 0x08, 0x63, 0x08, 0x63, 0x08, 0x63, 0x08, 0x63, 0x08, 0x63, 0x08, 0x63, 0x08, 0x63, 0x08,
  0x63, 0x08, 0x63, 0x08, 0x63, 0x08, 0x63, 0x08, 0x63, 0x08, 0x63, 0x08, 0x63, 0x08, 0x63, 0x08,
  0x63, 0x08, 0x63, 0x08, 0x63, 0x08, 0x63, 0x08, 0x63, 0x08, 0x63, 0x08, 0x63, 0x08, 0x63, 0x08,
  0x63, 0x08, 0x63, 0x08, 0x63, 0x08, 0x63, 0x08, 0x63, 0x08, 0x63, 0x08, 0x63, 0x08, 0x63, 0x08,
  0x63, 0x08, 0x63, 0x08, 0x63, 0x08, 0x63, 0x08, 0x63, 0x08, 0x63, 0x08, 0x63, 0x08, 0x63, 0x08,
  0x63, 0x08, 0x63, 0x08, 0x63, 0x08, 0x63, 0x08, 0x63, 0x08, 0x63, 0x08, 0x63, 0x08, 0x63, 0x08,
  0x63, 0x08, 0x63, 0x08, 0x63, 0x08, 0x63, 0x08, 0x63, 0x08, 0x63, 0x08, 0x63, 0x08, 0x63, 0x08,
  0x63, 0x08, 0x63, 0x08, 0x63, 0x08, 0x63, 0x08, 0x63, 0x08, 0x63, 0x08, 0x63, 0x08, 0x63, 0x08,
  0x63, 0x08, 0x63, 0x08, 0x63, 0x08, 0x63, 0x08, 0x63, 0x08, 0x63, 0x08, 0x63, 0x08, 0x63, 0x08,
  0x63, 0x08, 0x63, 0x08, 0x63, 0x08, 0x63, 0x08, 0x63, 0x08, 0x63, 0x08, 0x63, 0x08, 0x63, 0x08,
  0x63, 0x08, 0x63, 0x08, 0x63, 0x08, 0x63, 0x08, 0x63, 0x08, 0x63, 0x08, 0x63, 0x08, 0x63, 0x08,
  0x63, 0x08, 0x63, 0x08, 0x63, 0x08, 0x63, 0x08, 0x63, 0x08, 0x63, 0x08, 0x63, 0x08, 0x63, 0x08,
  0x63, 0x08, 0x63, 0x08, 0x63, 0x08, 0x63, 0x08, 0x63, 0x08, 0x63, 0x08, 0x63, 0x08, 0x63, 0x08,
  0x63, 0x08, 0x63, 0x08, 0x63, 0x08, 0x63, 0x08, 0x63, 0x08, 0x63, 0x08, 0x63, 0x08, 0x63, 0x08,
  0x63, 0x08, 0x63, 0x08, 0x63, 0x08, 0x63, 0x08, 0x63, 0x08, 0x63, 0x08, 0x63, 0x08, 0x63, 0x08,
  0x63, 0x08, 0x63, 0x08, 0x63, 0x08, 0x63, 0x08, 0x63, 0x08, 0x63, 0x08, 0x63, 0x08, 0x63, 0x08,
  0x63, 0x08, 0x63, 0x08, 0x63, 0x08, 0x63, 0x08, 0x63, 0x08, 0x63, 0x08, 0x63, 0x08, 0x63, 0x08,
  0x63, 0x08, 0x63, 0x08, 0x63, 0x08, 0x63, 0x08, 0x63, 0x08, 0x63, 0x08, 0x63, 0x08, 0x63, 0x08,
  0x63, 0x08, 0x63, 0x08, 0x63, 0x08, 0x63, 0x08, 0x63, 0x08, 0x63, 0x08, 0x63, 0x08, 0x63, 0x08,
  0x63, 0x08, 0x63, 0x08, 0x63, 0x08, 0x63, 0x08, 0x63, 0x08, 0x63, 0x08, 0x63, 0x08, 0x63, 0x08,
  0x63, 0x08, 0x63, 0x08, 0x63, 0x08, 0x63, 0x08, 0x63, 0x08, 0x63, 0x08, 0x63, 0x08, 0x63, 0x08,
  0x63, 0x08, 0x63, 0x08, 0x63, 0x08, 0x63, 0x08, 0x63, 0x08, 0x63, 0x08, 0x63, 0x08, 0x63, 0x08,
  0x63, 0x08, 0x63, 0x08, 0x63, 0x08, 0x63, 0x08, 0x63, 0x08, 0x63, 0x08, 0x63, 0x08, 0x63, 0x08,
  0x63, 0x08, 0x63, 0x08, 0x63, 0x08, 0x63, 0x08, 0x63, 0x08, 0x63, 0x08, 0x63, 0x08, 0x63, 0x08,
  0x63, 0x08, 0x63, 0x08, 0x63, 0x08, 0x63, 0x08, 0x63, 0x08, 0x63, 0x08, 0x63, 0x08, 0x63, 0x08,
  0x63, 0x08, 0x63, 0x08, 0x63, 0x08, 0x63, 0x08, 0x63, 0x08, 0x63, 0x08, 0x63, 0x08, 0x63, 0x08,
  0x63, 0x08, 0x63, 0x08, 0x63, 0x08, 0x63, 0x08, 0x63, 0x08, 0x63, 0x08, 0x63, 0x08, 0x63, 0x08,
  0x63, 0x08, 0x63, 0x08, 0x63, 0x08, 0x63, 0x08, 0x63, 0x08, 0x63, 0x08, 0x63, 0x08, 0x63, 0x08,
  0x63, 0x08, 0x63, 0x08, 0x63, 0x08, 0x63, 0x08, 0x63, 0x08, 0x63, 0x08, 0x63, 0x08, 0x63, 0x08,
  0x63, 0x08, 0x63, 0x08, 0x63, 0x08, 0x63, 0x08, 0x63, 0x08, 0x63, 0x08, 0x63, 0x08, 0x63, 0x08,
  0x63, 0x08, 0x63, 0x08, 0x63, 0x08, 0x63, 0x08, 0x63, 0x08, 0x63, 0x08, 0x63, 0x08, 0x63, 0x08,
  0x63, 0x08, 0x63, 0x08, 0x63, 0x08, 0x63, 0x08, 0x63, 0x08, 0x63, 0x08, 0x63, 0x08, 0x63, 0x08,
  0x63, 0x08, 0x63, 0x08, 0x63, 0x08, 0x63, 0x08, 0x63, 0x08, 0x63, 0x08, 0x63, 0x08, 0x63, 0x08,
  0x63, 0x08, 0x63, 0x08, 0x63, 0x08, 0x63, 0x08, 0x63, 0x08, 0x63, 0x08, 0x63, 0x08, 0x63, 0x08,
  0x63, 0x08, 0x63, 0x08, 0x63, 0x08, 0x63, 0x08, 0x63, 0x08, 0x63, 0x08, 0x63, 0x08, 0x63, 0x08,
  0x63, 0x08, 0x63, 0x08, 0x63, 0x08, 0x63, 0x08, 0x63, 0x08, 0x63, 0x08, 0x63, 0x08, 0x63, 0x08,
  0x63, 0x08, 0x63, 0x08, 0x63, 0x08, 0x63, 0x08, 0x63, 0x08, 0x63, 0x08, 0x63, 0x08, 0x63, 0x08,
  0x63, 0x08, 0x63, 0x08, 0x63, 0x08, 0x63, 0x08, 0x63, 0x08, 0x63, 0x08, 0x63, 0x08, 0x63, 0x08,
  0x63, 0x08, 0x63, 0x08, 0x63, 0x08, 0x63, 0x08, 0x63, 0x08, 0x63, 0x08, 0x63, 0x08, 0x63, 0x08,
  0x63, 0x08, 0x63, 0x08, 0x63, 0x08, 0x63, 0x08, 0x63, 0x08, 0x63, 0x08, 0x63, 0x08, 0x63, 0x08,
  0x63, 0x08, 0x63, 0x08, 0x63, 0x08, 0x63, 0x08, 0x63, 0x08, 0x63, 0x08, 0x63, 0x08, 0x63, 0x08,
  0x63, 0x08, 0x63, 0x08, 0x63, 0x08, 0x63, 0x08, 0x63, 0x08, 0x63, 0x08, 0x63, 0x08, 0x63, 0x08,
  0x63, 0x08, 0x63, 0x08, 0x63, 0x08, 0x63, 0x08, 0x63, 0x08, 0x63, 0x08, 0x63, 0x08, 0x63, 0x08,
  0x63, 0x08, 0x63, 0x08, 0x63, 0x08, 0x63, 0x08, 0x63, 0x08, 0x63, 0x08, 0x63, 0x08, 0x63, 0x08,
  0x63, 0x08, 0x63, 0x08, 0x63, 0x08, 0x63, 0x08, 0x63, 0x08, 0x63, 0x08, 0x63, 0x08, 0x63, 0x08,
  0x63, 0x08, 0x63, 0x08, 0x63, 0x08, 0x63, 0x08, 0x63, 0x08, 0x63, 0x08, 0x63, 0x08, 0x63, 0x08,
  0x63, 0x08, 0x63, 0x08, 0x63, 0x08, 0x63, 0x08, 0x63, 0x08, 0x63, 0x08, 0x63, 0x08, 0x63, 0x08,
  0x63, 0x08, 0x63, 0x08, 0x63, 0x08, 0x63, 0x08, 0x63, 0x08, 0x63, 0x08, 0x63, 0x08, 0x63, 0x08,
  0x63, 0x08, 0x63, 0x08, 0x63, 0x08, 0x63, 0x08, 0x63, 0x08, 0x63, 0x08, 0x63, 0x08, 0x63, 0x08,
  0x63, 0x08, 0x63, 0x08, 0x63, 0x08, 0x63, 0x08, 0x63, 0x08, 0x63, 0x08, 0x63, 0x08, 0x63, 0x08,
  0x63, 0x08, 0x63, 0x08, 0x63, 0x08, 0x63, 0x08, 0x63, 0x08, 0x63, 0x08, 0x63, 0x08, 0x63, 0x08,
  0x63, 0x08, 0x63, 0x08, 0x63, 0x08, 0x63, 0x08, 0x63, 0x08, 0x63, 0x08, 0x63, 0x08, 0x63, 0x08,
  0x63, 0x08, 0x63, 0x08, 0x63, 0x08, 0x63, 0x08, 0x63, 0x08, 0x63, 0x08, 0x63, 0x08, 0x63, 0x08,
  0x63, 0x08, 0x63, 0x08, 0x63, 0x08, 0x63, 0x08, 0x63, 0x08, 0x63, 0x08, 0x63, 0x08, 0x63, 0x08,
  0x63, 0x08, 0x63, 0x08, 0x63, 0x08, 0x63, 0x08, 0x63, 0x08, 0x63, 0x08, 0x63, 0x08, 0x63, 0x08,
  0x63, 0x08, 0x63, 0x08, 0x63, 0x08, 0x63, 0x08, 0x63, 0x08, 0x63, 0x08, 0x63, 0x08, 0x63, 0x08,
  0x63, 0x08, 0x63, 0x08, 0x63, 0x08, 0x63, 0x08, 0x63, 0x08, 0x63, 0x08, 0x63, 0x08, 0x63, 0x08,
  0x63, 0x08, 0x63, 0x08, 0x63, 0x08, 0x63, 0x08, 0x63, 0x08, 0x63, 0x08, 0x63, 0x08, 0x63, 0x08,
  0x63, 0x08, 0x63, 0x08, 0x63, 0x08, 0x63, 0x08, 0x63, 0x08, 0x63, 0x08, 0x63, 0x08, 0x63, 0x08,
  0x63, 0x08, 0x63, 0x08, 0x63, 0x08, 0x63, 0x08, 0x63, 0x08, 0x63, 0x08, 0x63, 0x08, 0x63, 0x08,
  0x63, 0x08, 0x63, 0x08, 0x63, 0x08, 0x63, 0x08, 0x63, 0x08, 0x63, 0x08, 0x63, 0x08, 0x63, 0x08,
  0x63, 0x08, 0x63, 0x08, 0x63, 0x08, 0x63, 0x08, 0x63, 0x08, 0x63, 0x08, 0x63, 0x08, 0x63, 0x08,
  0x63, 0x08, 0x63, 0x08, 0x63, 0x08, 0x63, 0x08, 0x63, 0x08, 0x63, 0x08, 0x63, 0x08, 0x63, 0x08,
  0x63, 0x08, 0x63, 0x08, 0x63, 0x08, 0x63, 0x08, 0x63, 0x08, 0x63, 0x08, 0x63, 0x08, 0x63, 0x08,
  0x63, 0x08, 0x63, 0x08, 0x63, 0x08, 0x63, 0x08, 0x63, 0x08, 0x63, 0x08, 0x63, 0x08, 0x63, 0x08,
  0x63, 0x08, 0x63, 0x08, 0x63, 0x08, 0x63, 0x08, 0x63, 0x08, 0x63, 0x08, 0x63, 0x08, 0x63, 0x08,
  0x63, 0x08, 0x63, 0x08, 0x63, 0x08, 0x63, 0x08, 0x63, 0x08, 0x63, 0x08, 0x63, 0x08, 0x63, 0x08,
  0x63, 0x08, 0x63, 0x08, 0x63, 0x08, 0x63, 0x08, 0x63, 0x08, 0x63, 0x08, 0x63, 0x08, 0x63, 0x08,
  0x63, 0x08, 0x63, 0x08, 0x63, 0x08, 0x63, 0x08, 0x63, 0x08, 0x63, 0x08, 0x63, 0x08, 0x63, 0x08,
  0x63, 0x08, 0x63, 0x08, 0x63, 0x08, 0x63, 0x08, 0x63, 0x08, 0x63, 0x08, 0x63, 0x08, 0x63, 0x08,
  0x63, 0x08, 0x63, 0x08, 0x63, 0x08, 0x63, 0x08, 0x63, 0x08, 0x63, 0x08, 0x63, 0x08, 0x63, 0x08,
  0x63, 0x08, 0x63, 0x08, 0x63, 0x08, 0x63, 0x08, 0x63, 0x08, 0x63, 0x08, 0x63, 0x08, 0x63, 0x08,
  0x63, 0x08, 0x63, 0x08, 0x63, 0x08, 0x63, 0x08, 0x63, 0x08, 0x63, 0x08, 0x63, 0x08, 0x63, 0x08,
  0x63, 0x08, 0x63, 0x08, 0x63, 0x08, 0x63, 0x08, 0x63, 0x08, 0x63, 0x08, 0x63, 0x08, 0x63, 0x08,
  0x63, 0x08, 0x63, 0x08, 0x63, 0x08, 0x63, 0x08, 0x63, 0x08, 0x63, 0x08, 0x63, 0x08, 0x63, 0x08,
  0x63, 0x08, 0x63, 0x08, 0x63, 0x08, 0x63, 0x08, 0x63, 0x08, 0x63, 0x08, 0x63, 0x08, 0x63, 0x08,
  0x63, 0x08, 0x63, 0x08, 0x63, 0x08, 0x63, 0x08, 0x63, 0x08, 0x63, 0x08, 0x63, 0x08, 0x63, 0x08,
  0x63, 0x08, 0x63, 0x08, 0x63, 0x08, 0x63, 0x08, 0x63, 0x08, 0x63, 0x08, 0x63, 0x08, 0x63, 0x08,
  0x63, 0x08, 0x63, 0x08, 0x63, 0x08, 0x63, 0x08, 0x63, 0x08, 0x63, 0x08, 0x63, 0x08, 0x63, 0x08,
  0x63, 0x08, 0x63, 0x08, 0x63, 0x08, 0x63, 0x08, 0x63, 0x08, 0x63, 0x08, 0x63, 0x08, 0x63, 0x08,
  0x63, 0x08, 0x63, 0x08, 0x63, 0x08, 0x63, 0x08, 0x63, 0x08, 0x63, 0x08, 0x63, 0x08, 0x63, 0x08,
  0x63, 0x08, 0x63, 0x08, 0x63, 0x08, 0x63, 0x08, 0x63, 0x08, 0x63, 0x08, 0x63, 0x08, 0x63, 0x08,
  0x63, 0x08, 0x63, 0x08, 0x63, 0x08, 0x63, 0x08, 0x63, 0x08, 0x63, 0x08, 0x63, 0x08, 0x63, 0x08,
  0x63, 0x08, 0x63, 0x08, 0x63, 0x08, 0x63, 0x08, 0x63, 0x08, 0x63, 0x08, 0x63, 0x08, 0x63, 0x08,
  0x63, 0x08, 0x63, 0x08, 0x63, 0x08, 0x63, 0x08, 0x63, 0x08, 0x63, 0x08, 0x63, 0x08, 0x63, 0x08,
  0x63, 0x08, 0x63, 0x08, 0x63, 0x08, 0x63, 0x08, 0x63, 0x08, 0x63, 0x08, 0x63, 0x08, 0x63, 0x08,
  0x63, 0x08, 0x63, 0x08, 0x63, 0x08, 0x63, 0x08, 0x63, 0x08, 0x63, 0x08, 0x63, 0x08, 0x63, 0x08,
  0x63, 0x08, 0x63, 0x08, 0x63, 0x08, 0x63, 0x08, 0x63, 0x08, 0x63, 0x08, 0x63, 0x08, 0x63, 0x08,
  0x63, 0x08, 0x63, 0x08, 0x63, 0x08, 0x63, 0x08, 0x63, 0x08, 0x63, 0x08, 0x63, 0x08, 0x63, 0x08,
  0x63, 0x08, 0x63, 0x08, 0x63, 0x08, 0x63, 0x08, 0x63, 0x08, 0x63, 0x08, 0x63, 0x08, 0x63, 0x08,
  0x63, 0x08, 0x63, 0x08, 0x63, 0x08, 0x63, 0x08, 0x63, 0x08, 0x63, 0x08, 0x63, 0x08, 0x63, 0x08,
  0x63, 0x08, 0x63, 0x08, 0x63, 0x08, 0x63, 0x08, 0x63, 0x08, 0x63, 0x08, 0x63, 0x08, 0x63, 0x08,
  0x63, 0x08, 0x63, 0x08, 0x63, 0x08, 0x63, 0x08, 0x63, 0x08, 0x63, 0x08, 0x63, 0x08, 0x63, 0x08,
  0x63, 0x08, 0x63, 0x08, 0x63, 0x08, 0x63, 0x08, 0x63, 0x08, 0x63, 0x08, 0x63, 0x08, 0x63, 0x08,
  0x63, 0x08, 0x63, 0x08, 0x63, 0x08, 0x63, 0x08, 0x63, 0x08, 0x63, 0x08, 0x63, 0x08, 0x63, 0x08,
  0x63, 0x08, 0x63, 0x08, 0x63, 0x08, 0x63, 0x08, 0x63, 0x08, 0x63, 0x08, 0x63, 0x08, 0x63, 0x08,
  0x63, 0x08, 0x63, 0x08, 0x63, 0x08, 0x63, 0x08, 0x63, 0x08, 0x63, 0x08, 0x63, 0x08, 0x63, 0x08,
  0x63, 0x08, 0x63, 0x08, 0x63, 0x08, 0x63, 0x08, 0x63, 0x08, 0x63, 0x08, 0x63, 0x08, 0x63, 0x08,
  0x63, 0x08, 0x63, 0x08, 0x63, 0x08, 0x63, 0x08, 0x63, 0x08, 0x63, 0x08, 0x63, 0x08, 0x63, 0x08,
  0x63, 0x08, 0x63, 0x08, 0x63, 0x08, 0x63, 0x08, 0x63, 0x08, 0x63, 0x08, 0x63, 0x08, 0x63, 0x08,
  0x63, 0x08, 0x63, 0x08, 0x63, 0x08, 0x63, 0x08, 0x63, 0x08, 0x63, 0x08, 0x63, 0x08, 0x63, 0x08,
  0x63, 0x08, 0x63, 0x08, 0x63, 0x08, 0x63, 0x08, 0x63, 0x08, 0x63, 0x08, 0x63, 0x08, 0x63, 0x08,
  0x63, 0x08, 0x63, 0x08, 0x63, 0x08, 0x63, 0x08, 0x63, 0x08, 0x63, 0x08, 0x63, 0x08, 0x63, 0x08,
  0x63, 0x08, 0x63, 0x08, 0x63, 0x08, 0x63, 0x08, 0x63, 0x08, 0x63, 0x08, 0x63, 0x08, 0x63, 0x08,
  0x63, 0x08, 0x63, 0x08, 0x63, 0x08, 0x63, 0x08, 0x63, 0x08, 0x63, 0x08, 0x63, 0x08, 0x63, 0x08,
  0x63, 0x08, 0x63, 0x08, 0x63, 0x08, 0x63, 0x08, 0x63, 0x08, 0x63, 0x08, 0x63, 0x08, 0x63, 0x08,
  0x63, 0x08, 0x63, 0x08, 0x63, 0x08, 0x63, 0x08, 0x63, 0x08, 0x63, 0x08, 0x63, 0x08, 0x63, 0x08,
  0x63, 0x08, 0x63, 0x08, 0x63, 0x08, 0x63, 0x08, 0x63, 0x08, 0x63, 0x08, 0x63, 0x08, 0x63, 0x08,
  0x63, 0x08, 0x63, 0x08, 0x63, 0x08, 0x63, 0x08, 0x63, 0x08, 0x63, 0x08, 0x63, 0x08, 0x63, 0x08,
  0x63, 0x08, 0x63, 0x08, 0x63, 0x08, 0x63, 0x08, 0x63, 0x08, 0x63, 0x08, 0x63, 0x08, 0x63, 0x08,
  0x63, 0x08, 0x63, 0x08, 0x63, 0x08, 0x63, 0x08, 0x63, 0x08, 0x63, 0x08, 0x63, 0x08, 0x63, 0x08,
  0x63, 0x08, 0x63, 0x08, 0x63, 0x08, 0x63, 0x08, 0x63, 0x08, 0x63, 0x08, 0x63, 0x08, 0x63, 0x08,
  0x63, 0x08, 0x63, 0x08, 0x63, 0x08, 0x63, 0x08, 0x63, 0x08, 0x63, 0x08, 0x63, 0x08, 0x63, 0x08,
  0x63, 0x08, 0x63, 0x08, 0x63, 0x08, 0x63, 0x08, 0x63, 0x08, 0x63, 0x08, 0x63, 0x08, 0x63, 0x08,
  0x63, 0x08, 0x63, 0x08, 0x63, 0x08, 0x63, 0x08, 0x63, 0x08, 0x63, 0x08, 0x63, 0x08, 0x63, 0x08,
  0x63, 0x08, 0x63, 0x08, 0x63, 0x08, 0x63, 0x08, 0x63, 0x08, 0x63, 0x08, 0x63, 0x08, 0x63, 0x08,
  0x63, 0x08, 0x63, 0x08, 0x63, 0x08, 0x63, 0x08, 0x63, 0x08, 0x63, 0x08, 0x63, 0x08, 0x63, 0x08,
  0x63, 0x08, 0x63, 0x08, 0x63, 0x08, 0x63, 0x08, 0x63, 0x08, 0x63, 0x08, 0x63, 0x08, 0x63, 0x08,
  0x63, 0x08, 0x63, 0x08, 0x63, 0x08, 0x63, 0x08, 0x63, 0x08, 0x63, 0x08, 0x63, 0x08, 0x63, 0x08,
  0x63, 0x08, 0x63, 0x08, 0x63, 0x08, 0x63, 0x08, 0x63, 0x08, 0x63, 0x08, 0x63, 0x08, 0x63, 0x08,
  0x63, 0x08, 0x63, 0x08, 0x63, 0x08, 0x63, 0x08, 0x63, 0x08, 0x63, 0x08, 0x63, 0x08, 0x63, 0x08,
  0x63, 0x08, 0x63, 0x08, 0x63, 0x08, 0x63, 0x08, 0x63, 0x08, 0x63, 0x08, 0x63, 0x08, 0x63, 0x08,
  0x63, 0x08, 0x63, 0x08, 0x63, 0x08, 0x63, 0x08, 0x63, 0x08, 0x63, 0x08, 0x63, 0x08, 0x63, 0x08,
  0x63, 0x08, 0x63, 0x08, 0x63, 0x08, 0x63, 0x08, 0x63, 0x08, 0x63, 0x08, 0x63, 0x08, 0x63, 0x08,
  0x63, 0x08, 0x63, 0x08, 0x63, 0x08, 0x63, 0x08, 0x63, 0x08, 0x63, 0x08, 0x63, 0x08, 0x63, 0x08,
  0x63, 0x08, 0x63, 0x08, 0x63, 0x08, 0x63, 0x08, 0x63, 0x08, 0x63, 0x08, 0x63, 0x08, 0x63, 0x08,
  0x63, 0x08, 0x63, 0x08, 0x63, 0x08, 0x63, 0x08, 0x63, 0x08, 0x63, 0x08, 0x63, 0x08, 0x63, 0x08,
  0x63, 0x08, 0x63, 0x08, 0x63, 0x08, 0x63, 0x08, 0x63, 0x08, 0x63, 0x08, 0x63, 0x08, 0x63, 0x08,
  0x63, 0x08, 0x63, 0x08, 0x63, 0x08, 0x63, 0x08, 0x63, 0x08, 0x63, 0x08, 0x63, 0x08, 0x63, 0x08,
  0x63, 0x08, 0x63, 0x08, 0x63, 0x08, 0x63, 0x08, 0x63, 0x08, 0x63, 0x08, 0x63, 0x08, 0x63, 0x08,
  0x63, 0x08, 0x63, 0x08, 0x63, 0x08, 0x63, 0x08, 0x63, 0x08, 0x63, 0x08, 0x63, 0x08, 0x63, 0x08,
  0x63, 0x08, 0x63, 0x08, 0x63, 0x08, 0x63, 0x08, 0x63, 0x08, 0x63, 0x08, 0x63, 0x08, 0x63, 0x08,
  0x63, 0x08, 0x63, 0x08, 0x63, 0x08, 0x63, 0x08, 0x63, 0x08, 0x63, 0x08, 0x63, 0x08, 0x63, 0x08,
  0x63, 0x08, 0x63, 0x08, 0x63, 0x08, 0x63, 0x08, 0x63, 0x08, 0x63, 0x08, 0x63, 0x08, 0x63, 0x08,
  0x63, 0x08, 0x63, 0x08, 0x63, 0x08, 0x63, 0x08, 0x63, 0x08, 0x63, 0x08, 0x63, 0x08, 0x63, 0x08,
  0x63, 0x08, 0x63, 0x08, 0x63, 0x08, 0x63, 0x08, 0x63, 0x08, 0x63, 0x08, 0x63, 0x08, 0x63, 0x08,
  0x63, 0x08, 0x63, 0x08, 0x63, 0x08, 0x63, 0x08, 0x63, 0x08, 0x63, 0x08, 0x63, 0x08, 0x63, 0x08,
  0x63, 0x08, 0x63, 0x08, 0x63, 0x08, 0x63, 0x08, 0x63, 0x08, 0x63, 0x08, 0x63, 0x08, 0x63, 0x08,
  0x63, 0x08, 0x63, 0x08, 0x63, 0x08, 0x63, 0x08, 0x63, 0x08, 0x63, 0x08, 0x63, 0x08, 0x63, 0x08,
  0x63, 0x08, 0x63, 0x08, 0x63, 0x08, 0x63, 0x08, 0x63, 0x08, 0x63, 0x08, 0x63, 0x08, 0x63, 0x08,
  0x63, 0x08, 0x63, 0x08, 0x63, 0x08, 0x63, 0x08, 0x63, 0x08, 0x63, 0x08, 0x63, 0x08, 0x63, 0x08,
  0x63, 0x08, 0x63, 0x08, 0x63, 0x08, 0x63, 0x08, 0x63, 0x08, 0x63, 0x08, 0x63, 0x08, 0x63, 0x08,
  0x63, 0x08, 0x63, 0x08, 0x63, 0x08, 0x63, 0x08, 0x63, 0x08, 0x63, 0x08, 0x63, 0x08, 0x63, 0x08,
  0x63, 0x08, 0x63, 0x08, 0x63, 0x08, 0x63, 0x08, 0x63, 0x08, 0x63, 0x08, 0x63, 0x08, 0x63, 0x08,
  0x63, 0x08, 0x63, 0x08, 0x63, 0x08, 0x63, 0x08, 0x63, 0x08, 0x63, 0x08, 0x63, 0x08, 0x63, 0x08,
  0x63, 0x08, 0x63, 0x08, 0x63, 0x08, 0x63, 0x08, 0x63, 0x08, 0x63, 0x08, 0x63, 0x08, 0x63, 0x08,
  0x63, 0x08, 0x63, 0x08, 0x63, 0x08, 0x63, 0x08, 0x63, 0x08, 0x63, 0x08, 0x63, 0x08, 0x63, 0x08,
  0x63, 0x08, 0x63, 0x08, 0x63, 0x08, 0x63, 0x08, 0x63, 0x08, 0x63, 0x08, 0x63, 0x08, 0x63, 0x08,
  0x63, 0x08, 0x63, 0x08, 0x63, 0x08, 0x63, 0x08, 0x63, 0x08, 0x63, 0x08, 0x63, 0x08, 0x63, 0x08,
  0x63, 0x08, 0x63, 0x08, 0x63, 0x08, 0x63, 0x08, 0x63, 0x08, 0x63, 0x08, 0x63, 0x08, 0x63, 0x08,
  0x63, 0x08, 0x63, 0x08, 0x63, 0x08, 0x63, 0x08, 0x63, 0x08, 0x63, 0x08, 0x63, 0x08, 0x63, 0x08,
  0x63, 0x08, 0x63, 0x08, 0x63, 0x08, 0x63, 0x08, 0x63, 0x08, 0x63, 0x08, 0x63, 0x08, 0x63, 0x08,
  0x63, 0x08, 0x63, 0x08, 0x63, 0x08, 0x63, 0x08, 0x63, 0x08, 0x63, 0x08, 0x63, 0x08, 0x63, 0x08,
  0x63, 0x08, 0x63, 0x08, 0x63, 0x08, 0x63, 0x08, 0x63, 0x08, 0x63, 0x08, 0x63, 0x08, 0x63, 0x08,
  0x63, 0x08, 0x63, 0x08, 0x63, 0x08, 0x63, 0x08, 0x63, 0x08, 0x63, 0x08, 0x63, 0x08, 0x63, 0x08,
  0x63, 0x08, 0x63, 0x08, 0x63, 0x08, 0x63, 0x08, 0x63, 0x08, 0x63, 0x08, 0x63, 0x08, 0x63, 0x08,
  0x63, 0x08, 0x63, 0x08, 0x63, 0x08, 0x63, 0x08, 0x63, 0x08, 0x63, 0x08, 0x63, 0x08, 0x63, 0x08,
  0x63, 0x08, 0x63, 0x08, 0x63, 0x08, 0x63, 0x08, 0x63, 0x08, 0x63, 0x08, 0x63, 0x08, 0x63, 0x08,
  0x63, 0x08, 0x63, 0x08, 0x63, 0x08, 0x63, 0x08, 0x63, 0x08, 0x63, 0x08, 0x63, 0x08, 0x63, 0x08,
  0x63, 0x08, 0x63, 0x08, 0x63, 0x08, 0x63, 0x08, 0x63, 0x08, 0x63, 0x08, 0x63, 0x08, 0x63, 0x08,
  0x63, 0x08, 0x63, 0x08, 0x63, 0x08, 0x63, 0x08, 0x63, 0x08, 0x63, 0x08, 0x63, 0x08, 0x63, 0x08,
  0x63, 0x08, 0x63, 0x08, 0x63, 0x08, 0x63, 0x08, 0x63, 0x08, 0x63, 0x08, 0x63, 0x08, 0x63, 0x08,
  0x63, 0x08, 0x63, 0x08, 0x63, 0x08, 0x63, 0x08, 0x63, 0x08, 0x63, 0x08, 0x63, 0x08, 0x63, 0x08,
  0x63, 0x08, 0x63, 0x08, 0x63, 0x08, 0x63, 0x08, 0x63, 0x08, 0x63, 0x08, 0x63, 0x08, 0x63, 0x08,
  0x63, 0x08, 0x63, 0x08, 0x63, 0x08, 0x63, 0x08, 0x63, 0x08, 0x63, 0x08, 0x63, 0x08, 0x63, 0x08,
  0x63, 0x08, 0x63, 0x08, 0x63, 0x08, 0x63, 0x08, 0x63, 0x08, 0x63, 0x08, 0x63, 0x08, 0x63, 0x08,
  0x63, 0x08, 0x63, 0x08, 0x63, 0x08, 0x63, 0x08, 0x63, 0x08, 0x63, 0x08, 0x63, 0x08, 0x63, 0x08,
  0x63, 0x08, 0x63, 0x08, 0x63, 0x08, 0x63, 0x08, 0x63, 0x08, 0x63, 0x08, 0x63, 0x08, 0x63, 0x08,
  0x63, 0x08, 0x63, 0x08, 0x63, 0x08, 0x63, 0x08, 0x63, 0x08, 0x63, 0x08, 0x63, 0x08, 0x63, 0x08,
  0x63, 0x08, 0x63, 0x08, 0x63, 0x08, 0x63, 0x08, 0x63, 0x08, 0x63, 0x08, 0x63, 0x08, 0x63, 0x08,
  0x63, 0x08, 0x63, 0x08, 0x63, 0x08, 0x63, 0x08, 0x63, 0x08, 0x63, 0x08, 0x63, 0x08, 0x63, 0x08,
  0x63, 0x08, 0x63, 0x08, 0x63, 0x08, 0x63, 0x08, 0x63, 0x08, 0x63, 0x08, 0x63, 0x08, 0x63, 0x08,
  0x63, 0x08, 0x63, 0x08, 0x63, 0x08, 0x63, 0x08, 0x63, 0x08, 0x63, 0x08, 0x63, 0x08, 0x63, 0x08,
  0x63, 0x08, 0x63, 0x08, 0x63, 0x08, 0x63, 0x08, 0x63, 0x08, 0x63, 0x08, 0x63, 0x08, 0x63, 0x08,
  0x63, 0x08, 0x63, 0x08, 0x63, 0x08, 0x63, 0x08, 0x63, 0x08, 0x63, 0x08, 0x63, 0x08, 0x63, 0x08,
  0x63, 0x08, 0x63, 0x08, 0x63, 0x08, 0x63, 0x08, 0x63, 0x08, 0x63, 0x08, 0x63, 0x08, 0x63, 0x08,
  0x63, 0x08, 0x63, 0x08, 0x63, 0x08, 0x63, 0x08, 0x63, 0x08, 0x63, 0x08, 0x63, 0x08, 0x63, 0x08,
  0x63, 0x08, 0x63, 0x08, 0x63, 0x08, 0x63, 0x08, 0x63, 0x08, 0x63, 0x08, 0x63, 0x08, 0x63, 0x08,
  0x63, 0x08, 0x63, 0x08, 0x63, 0x08, 0x63, 0x08, 0x63, 0x08, 0x63, 0x08, 0x63, 0x08, 0x63, 0x08,
  0x63, 0x08, 0x63, 0x08, 0x63, 0x08, 0x63, 0x08, 0x63, 0x08, 0x63, 0x08, 0x63, 0x08, 0x63, 0x08,
  0x63, 0x08, 0x63, 0x08, 0x63, 0x08, 0x63, 0x08, 0x63, 0x08, 0x63, 0x08, 0x63, 0x08, 0x63, 0x08,
  0x63, 0x08, 0x63, 0x08, 0x63, 0x08, 0x63, 0x08, 0x63, 0x08, 0x63, 0x08, 0x63, 0x08, 0x63, 0x08,
  0x63, 0x08, 0x63, 0x08, 0x63, 0x08, 0x63, 0x08, 0x63, 0x08, 0x63, 0x08, 0x63, 0x08, 0x63, 0x08,
  0x63, 0x08, 0x63, 0x08, 0x63, 0x08, 0x63, 0x08, 0x63, 0x08, 0x63, 0x08, 0x63, 0x08, 0x63, 0x08,
  0x63, 0x08, 0x63, 0x08, 0x63, 0x08, 0x63, 0x08, 0x63, 0x08, 0x63, 0x08, 0x63, 0x08, 0x63, 0x08,
  0x63, 0x08, 0x63, 0x08, 0x63, 0x08, 0x63, 0x08, 0x63, 0x08, 0x63, 0x08, 0x63, 0x08, 0x63, 0x08,
  0x63, 0x08, 0x63, 0x08, 0x63, 0x08, 0x63, 0x08, 0x63, 0x08, 0x63, 0x08, 0x63, 0x08, 0x63, 0x08,
  0x63, 0x08, 0x63, 0x08, 0x63, 0x08, 0x63, 0x08, 0x63, 0x08, 0x63, 0x08, 0x63, 0x08, 0x63, 0x08,
  0x63, 0x08, 0x63, 0x08, 0x63, 0x08, 0x63, 0x08, 0x63, 0x08, 0x63, 0x08, 0x63, 0x08, 0x63, 0x08,
  0x63, 0x08, 0x63, 0x08, 0x63, 0x08, 0x63, 0x08, 0x63, 0x08, 0x63, 0x08, 0x63, 0x08, 0x63, 0x08,
  0x63, 0x08, 0x63, 0x08, 0x63, 0x08, 0x63, 0x08, 0x63, 0x08, 0x63, 0x08, 0x63, 0x08, 0x63, 0x08,
  0x63, 0x08, 0x63, 0x08, 0x63, 0x08, 0x63, 0x08, 0x63, 0x08, 0x63, 0x08, 0x63, 0x08, 0x63, 0x08,
  0x63, 0x08, 0x63, 0x08, 0x63, 0x08, 0x63, 0x08, 0x63, 0x08, 0x63, 0x08, 0x63, 0x08, 0x63, 0x08,
  0x63, 0x08, 0x63, 0x08, 0x63, 0x08, 0x63, 0x08, 0x63, 0x08, 0x63, 0x08, 0x63, 0x08, 0x63, 0x08,
  0x63, 0x08, 0x63, 0x08, 0x63, 0x08, 0x63, 0x08, 0x63, 0x08, 0x63, 0x08, 0x63, 0x08, 0x63, 0x08,
  0x63, 0x08, 0x63, 0x08, 0x63, 0x08, 0x63, 0x08, 0x63, 0x08, 0x63, 0x08, 0x63, 0x08, 0x63, 0x08,
  0x63, 0x08, 0x63, 0x08, 0x63, 0x08, 0x63, 0x08, 0x63, 0x08, 0x63, 0x08, 0x63, 0x08, 0x63, 0x08,
  0x63, 0x08, 0x63, 0x08, 0x63, 0x08, 0x63, 0x08, 0x63, 0x08, 0x63, 0x08, 0x63, 0x08, 0x63, 0x08,
  0x63, 0x08, 0x63, 0x08, 0x63, 0x08, 0x63, 0x08, 0x63, 0x08, 0x63, 0x08, 0x63, 0x08, 0x63, 0x08,
  0x63, 0x08, 0x63, 0x08, 0x63, 0x08, 0x63, 0x08, 0x63, 0x08, 0x63, 0x08, 0x63, 0x08, 0x63, 0x08,
  0x63, 0x08, 0x63, 0x08, 0x63, 0x08, 0x63, 0x08, 0x63, 0x08, 0x63, 0x08, 0x63, 0x08, 0x63, 0x08,
  0x63, 0x08, 0x63, 0x08, 0x63, 0x08, 0x63, 0x08, 0x63, 0x08, 0x63, 0x08, 0x63, 0x08, 0x63, 0x08,
  0x63, 0x08, 0x63, 0x08, 0x63, 0x08, 0x63, 0x08, 0x63, 0x08, 0x63, 0x08, 0x63, 0x08, 0x63, 0x08,
  0x63, 0x08, 0x63, 0x08, 0x63, 0x08, 0x63, 0x08, 0x63, 0x08, 0x63, 0x08, 0x63, 0x08, 0x63, 0x08,
  0x63, 0x08, 0x63, 0x08, 0x63, 0x08, 0x63, 0x08, 0x63, 0x08, 0x63, 0x08, 0x63, 0x08, 0x63, 0x08,
  0x63, 0x08, 0x63, 0x08, 0x63, 0x08, 0x63, 0x08, 0x63, 0x08, 0x63, 0x08, 0x63, 0x08, 0x63, 0x08,
  0x63, 0x08, 0x63, 0x08, 0x63, 0x08, 0x63, 0x08, 0x63, 0x08, 0x63, 0x08, 0x63, 0x08, 0x63, 0x08,
  0x63, 0x08, 0x63, 0x08, 0x63, 0x08, 0x63, 0x08, 0x63, 0x08, 0x63, 0x08, 0x63, 0x08, 0x63, 0x08,
  0x63, 0x08, 0x63, 0x08, 0x63, 0x08, 0x63, 0x08, 0x63, 0x08, 0x63, 0x08, 0x63, 0x08, 0x63, 0x08,
  0x63, 0x08, 0x63, 0x08, 0x63, 0x08, 0x63, 0x08, 0x63, 0x08, 0x63, 0x08, 0x63, 0x08, 0x63, 0x08,
  0x63, 0x08, 0x63, 0x08, 0x63, 0x08, 0x63, 0x08, 0x63, 0x08, 0x63, 0x08, 0x63, 0x08, 0x63, 0x08,
  0x63, 0x08, 0x63, 0x08, 0x63, 0x08, 0x63, 0x08, 0x63, 0x08, 0x63, 0x08, 0x63, 0x08, 0x63, 0x08,
  0x63, 0x08, 0x63, 0x08, 0x63, 0x08, 0x63, 0x08, 0x63, 0x08, 0x63, 0x08, 0x63, 0x08, 0x63, 0x08,
  0x63, 0x08, 0x63, 0x08, 0x63, 0x08, 0x63, 0x08, 0x63, 0x08, 0x63, 0x08, 0x63, 0x08, 0x63, 0x08,
  0x63, 0x08, 0x63, 0x08, 0x63, 0x08, 0x63, 0x08, 0x63, 0x08, 0x63, 0x08, 0x63, 0x08, 0x63, 0x08,
  0x63, 0x08, 0x63, 0x08, 0x63, 0x08, 0x63, 0x08, 0x63, 0x08, 0x63, 0x08, 0x63, 0x08, 0x63, 0x08,
  0x63, 0x08, 0x63, 0x08, 0x63, 0x08, 0x63, 0x08, 0x63, 0x08, 0x63, 0x08, 0x63, 0x08, 0x63, 0x08,
  0x63, 0x08, 0x63, 0x08, 0x63, 0x08, 0x63, 0x08, 0x63, 0x08, 0x63, 0x08, 0x63, 0x08, 0x63, 0x08,
  0x63, 0x08, 0x63, 0x08, 0x63, 0x08, 0x63, 0x08, 0x63, 0x08, 0x63, 0x08, 0x63, 0x08, 0x63, 0x08,
  0x63, 0x08, 0x63, 0x08, 0x63, 0x08, 0x63, 0x08, 0x63, 0x08, 0x63, 0x08, 0x63, 0x08, 0x63, 0x08,
  0x63, 0x08, 0x63, 0x08, 0x63, 0x08, 0x63, 0x08, 0x63, 0x08, 0x63, 0x08, 0x63, 0x08, 0x63, 0x08,
  0x63, 0x08, 0x63, 0x08, 0x63, 0x08, 0x63, 0x08, 0x63, 0x08, 0x63, 0x08, 0x63, 0x08, 0x63, 0x08,
  0x63, 0x08, 0x63, 0x08, 0x63, 0x08, 0x63, 0x08, 0x63, 0x08, 0x63, 0x08, 0x63, 0x08, 0x63, 0x08,
  0x63, 0x08, 0x63, 0x08, 0x63, 0x08, 0x63, 0x08, 0x63, 0x08, 0x63, 0x08, 0x63, 0x08, 0x63, 0x08,
  0x63, 0x08, 0x63, 0x08, 0x63, 0x08, 0x63, 0x08, 0x63, 0x08, 0x63, 0x08, 0x63, 0x08, 0x63, 0x08,
  0x63, 0x08, 0x63, 0x08, 0x63, 0x08, 0x63, 0x08, 0x63, 0x08, 0x63, 0x08, 0x63, 0x08, 0x63, 0x08,
  0x63, 0x08, 0x63, 0x08, 0x63, 0x08, 0x63, 0x08, 0x63, 0x08, 0x63, 0x08, 0x63, 0x08, 0x63, 0x08,
  0x63, 0x08, 0x63, 0x08, 0x63, 0x08, 0x63, 0x08, 0x63, 0x08, 0x63, 0x08, 0x63, 0x08, 0x63, 0x08,
  0x63, 0x08, 0x63, 0x08, 0x63, 0x08, 0x63, 0x08, 0x63, 0x08, 0x63, 0x08, 0x63, 0x08, 0x63, 0x08,
  0x63, 0x08, 0x63, 0x08, 0x63, 0x08, 0x63, 0x08, 0x63, 0x08, 0x63, 0x08, 0x63, 0x08, 0x63, 0x08,
  0x63, 0x08, 0x63, 0x08, 0x63, 0x08, 0x63, 0x08, 0x63, 0x08, 0x63, 0x08, 0x63, 0x08, 0x63, 0x08,
  0x63, 0x08, 0x63, 0x08, 0x63, 0x08, 0x63, 0x08, 0x63, 0x08, 0x63, 0x08, 0x63, 0x08, 0x63, 0x08,
  0x63, 0x08, 0x63, 0x08, 0x63, 0x08, 0x63, 0x08, 0x63, 0x08, 0x63, 0x08, 0x63, 0x08, 0x63, 0x08,
  0x63, 0x08, 0x63, 0x08, 0x63, 0x08, 0x63, 0x08, 0x63, 0x08, 0x63, 0x08, 0x63, 0x08, 0x63, 0x08,
  0x63, 0x08, 0x63, 0x08, 0x63, 0x08, 0x63, 0x08, 0x63, 0x08, 0x63, 0x08, 0x63, 0x08, 0x63, 0x08,
  0x63, 0x08, 0x63, 0x08, 0x63, 0x08, 0x63, 0x08, 0x63, 0x08, 0x63, 0x08, 0x63, 0x08, 0x63, 0x08,
  0x63, 0x08, 0x63, 0x08, 0x63, 0x08, 0x63, 0x08, 0x63, 0x08, 0x63, 0x08, 0x63, 0x08, 0x63, 0x08,
  0x63, 0x08, 0x63, 0x08, 0x63, 0x08, 0x63, 0x08, 0x63, 0x08, 0x63, 0x08, 0x63, 0x08, 0x63, 0x08,
  0x63, 0x08, 0x63, 0x08, 0x63, 0x08, 0x63, 0x08, 0x63, 0x08, 0x63, 0x08, 0x63, 0x08, 0x63, 0x08,
  0x63, 0x08, 0x63, 0x08, 0x63, 0x08, 0x63, 0x08, 0x63, 0x08, 0x63, 0x08, 0x63, 0x08, 0x63, 0x08,
  0x63, 0x08, 0x63, 0x08, 0x63, 0x08, 0x63, 0x08, 0x63, 0x08, 0x63, 0x08, 0x63, 0x08, 0x63, 0x08,
  0x63, 0x08, 0x63, 0x08, 0x63, 0x08, 0x63, 0x08, 0x63, 0x08, 0x63, 0x08, 0x63, 0x08, 0x63, 0x08,
  0x63, 0x08, 0x63, 0x08, 0x63, 0x08, 0x63, 0x08, 0x63, 0x08, 0x63, 0x08, 0x63, 0x08, 0x63, 0x08,
  0x63, 0x08, 0x63, 0x08, 0x63, 0x08, 0x63, 0x08, 0x63, 0x08, 0x63, 0x08, 0x63, 0x08, 0x63, 0x08,
  0x63, 0x08, 0x63, 0x08, 0x63, 0x08, 0x63, 0x08, 0x63, 0x08, 0x63, 0x08, 0x63, 0x08, 0x63, 0x08,
  0x63, 0x08, 0x63, 0x08, 0x63, 0x08, 0x63, 0x08, 0x63, 0x08, 0x63, 0x08, 0x63, 0x08, 0x63, 0x08,
  0x63, 0x08, 0x63, 0x08, 0x63, 0x08, 0x63, 0x08, 0x63, 0x08, 0x63, 0x08, 0x63, 0x08, 0x63, 0x08,
  0x63, 0x08, 0x63, 0x08, 0x63, 0x08, 0x63, 0x08, 0x63, 0x08, 0x63, 0x08, 0x63, 0x08, 0x63, 0x08,
  0x63, 0x08, 0x63, 0x08, 0x63, 0x08, 0x63, 0x08, 0x63, 0x08, 0x63, 0x08, 0x63, 0x08, 0x63, 0x08,
  0x63, 0x08, 0x63, 0x08, 0x63, 0x08, 0x63, 0x08, 0x63, 0x08, 0x63, 0x08, 0x63, 0x08, 0x63, 0x08,
  0x63, 0x08, 0x63, 0x08, 0x63, 0x08, 0x63, 0x08, 0x63, 0x08, 0x63, 0x08, 0x63, 0x08, 0x63, 0x08,
  0x63, 0x08, 0x63, 0x08, 0x63, 0x08, 0x63, 0x08, 0x63, 0x08, 0x63, 0x08, 0x63, 0x08, 0x63, 0x08,
  0x63, 0x08, 0x63, 0x08, 0x63, 0x08, 0x63, 0x08, 0x63, 0x08, 0x63, 0x08, 0x63, 0x08, 0x63, 0x08,
  0x63, 0x08, 0x63, 0x08, 0x63, 0x08, 0x63, 0x08, 0x63, 0x08, 0x63, 0x08, 0x63, 0x08, 0x63, 0x08,
  0x63, 0x08, 0x63, 0x08, 0x63, 0x08, 0x63, 0x08, 0x63, 0x08, 0x63, 0x08, 0x63, 0x08, 0x63, 0x08,
  0x63, 0x08, 0x63, 0x08, 0x63, 0x08, 0x63, 0x08, 0x63, 0x08, 0x63, 0x08, 0x63, 0x08, 0x63, 0x08,
  0x63, 0x08, 0x63, 0x08, 0x63, 0x08, 0x63, 0x08, 0x63, 0x08, 0x63, 0x08, 0x63, 0x08, 0x63, 0x08,
  0x63, 0x08, 0x63, 0x08, 0x63, 0x08, 0x63, 0x08, 0x63, 0x08, 0x63, 0x08, 0x63, 0x08, 0x63, 0x08,
  0x63, 0x08, 0x63, 0x08, 0x63, 0x08, 0x63, 0x08, 0x63, 0x08, 0x63, 0x08, 0x63, 0x08, 0x63, 0x08,
  0x63, 0x08, 0x63, 0x08, 0x63, 0x08, 0x63, 0x08, 0x63, 0x08, 0x63, 0x08, 0x63, 0x08, 0x63, 0x08,
  0x63, 0x08, 0x63, 0x08, 0x63, 0x08, 0x63, 0x08, 0x63, 0x08, 0x63, 0x08, 0x63, 0x08, 0x63, 0x08,
  0x63, 0x08, 0x63, 0x08, 0x63, 0x08, 0x63, 0x08, 0x63, 0x08, 0x63, 0x08, 0x63, 0x08, 0x63, 0x08,
  0x63, 0x08, 0x63, 0x08, 0x63, 0x08, 0x63, 0x08, 0x63, 0x08, 0x63, 0x08, 0x63, 0x08, 0x63, 0x08,
  0x63, 0x08, 0x63, 0x08, 0x63, 0x08, 0x63, 0x08, 0x63, 0x08, 0x63, 0x08, 0x63, 0x08, 0x63, 0x08,
  0x63, 0x08, 0x63, 0x08, 0x63, 0x08, 0x63, 0x08, 0x63, 0x08, 0x63, 0x08, 0x63, 0x08, 0x63, 0x08,
  0x63, 0x08, 0x63, 0x08, 0x63, 0x08, 0x63, 0x08, 0x63, 0x08, 0x63, 0x08, 0x63, 0x08, 0x63, 0x08,
  0x63, 0x08, 0x63, 0x08, 0x63, 0x08, 0x63, 0x08, 0x63, 0x08, 0x63, 0x08, 0x63, 0x08, 0x63, 0x08,
  0x63, 0x08, 0x63, 0x08, 0x63, 0x08, 0x63, 0x08, 0x63, 0x08, 0x63, 0x08, 0x63, 0x08, 0x63, 0x08,
  0x63, 0x08, 0x63, 0x08, 0x63, 0x08, 0x63, 0x08, 0x63, 0x08, 0x63, 0x08, 0x63, 0x08, 0x63, 0x08,
  0x63, 0x08, 0x63, 0x08, 0x63, 0x08, 0x63, 0x08, 0x63, 0x08, 0x63, 0x08, 0x63, 0x08, 0x63, 0x08,
  0x63, 0x08, 0x63, 0x08, 0x63, 0x08, 0x63, 0x08, 0x63, 0x08, 0x63, 0x08, 0x63, 0x08, 0x63, 0x08,
  0x63, 0x08, 0x63, 0x08, 0x63, 0x08, 0x63, 0x08, 0x63, 0x08, 0x63, 0x08, 0x63, 0x08, 0x63, 0x08,
  0x63, 0x08, 0x63, 0x08, 0x63, 0x08, 0x63, 0x08, 0x63, 0x08, 0x63, 0x08, 0x63, 0x08, 0x63, 0x08,
  0x63, 0x08, 0x63, 0x08, 0x63, 0x08, 0x63, 0x08, 0x63, 0x08, 0x63, 0x08, 0x63, 0x08, 0x63, 0x08,
  0x63, 0x08, 0x63, 0x08, 0x63, 0x08, 0x63, 0x08, 0x63, 0x08, 0x63, 0x08, 0x63, 0x08, 0x63, 0x08,
  0x63, 0x08, 0x63, 0x08, 0x63, 0x08, 0x63, 0x08, 0x63, 0x08, 0x63, 0x08, 0x63, 0x08, 0x63, 0x08,
  0x63, 0x08, 0x63, 0x08, 0x63, 0x08, 0x63, 0x08, 0x63, 0x08, 0x63, 0x08, 0x63, 0x08, 0x63, 0x08,
  0x63, 0x08, 0x63, 0x08, 0x63, 0x08, 0x63, 0x08, 0x63, 0x08, 0x63, 0x08, 0x63, 0x08, 0x63, 0x08,
  0x63, 0x08, 0x63, 0x08, 0x63, 0x08, 0x63, 0x08, 0x63, 0x08, 0x63, 0x08, 0x63, 0x08, 0x63, 0x08,
  0x63, 0x08, 0x63, 0x08, 0x63, 0x08, 0x63, 0x08, 0x63, 0x08, 0x63, 0x08, 0x63, 0x08, 0x63, 0x08,
  0x63, 0x08, 0x63, 0x08, 0x63, 0x08, 0x63, 0x08, 0x63, 0x08, 0x63, 0x08, 0x63, 0x08, 0x63, 0x08,
  0x63, 0x08, 0x63, 0x08, 0x63, 0x08, 0x63, 0x08, 0x63, 0x08, 0x63, 0x08, 0x63, 0x08, 0x63, 0x08,
  0x63, 0x08, 0x63, 0x08, 0x63, 0x08, 0x63, 0x08, 0x63, 0x08, 0x63, 0x08, 0x63, 0x08, 0x63, 0x08,
  0x63, 0x08, 0x63, 0x08, 0x63, 0x08, 0x63, 0x08, 0x63, 0x08, 0x63, 0x08, 0x63, 0x08, 0x63, 0x08,
  0x63, 0x08, 0x63, 0x08, 0x63, 0x08, 0x63, 0x08, 0x63, 0x08, 0x63, 0x08, 0x63, 0x08, 0x63, 0x08,
  0x63, 0x08, 0x63, 0x08, 0x63, 0x08, 0x63, 0x08, 0x63, 0x08, 0x63, 0x08, 0x63, 0x08, 0x63, 0x08,
  0x63, 0x08, 0x63, 0x08, 0x63, 0x08, 0x63, 0x08, 0x63, 0x08, 0x63, 0x08, 0x63, 0x08, 0x63, 0x08,
  0x63, 0x08, 0x63, 0x08, 0x63, 0x08, 0x63, 0x08, 0x63, 0x08, 0x63, 0x08, 0x63, 0x08, 0x63, 0x08,
  0x63, 0x08, 0x63, 0x08, 0x63, 0x08, 0x63, 0x08, 0x63, 0x08, 0x63, 0x08, 0x63, 0x08, 0x63, 0x08,
  0x63, 0x08, 0x63, 0x08, 0x63, 0x08, 0x63, 0x08, 0x63, 0x08, 0x63, 0x08, 0x63, 0x08, 0x63, 0x08,
  0x63, 0x08, 0x63, 0x08, 0x63, 0x08, 0x63, 0x08, 0x63, 0x08, 0x63, 0x08, 0x63, 0x08, 0x63, 0x08,
  0x63, 0x08, 0x63, 0x08, 0x63, 0x08, 0x63, 0x08, 0x63, 0x08, 0x63, 0x08, 0x63, 0x08, 0x63, 0x08,
  0x63, 0x08, 0x63, 0x08, 0x63, 0x08, 0x63, 0x08, 0x63, 0x08, 0x63, 0x08, 0x63, 0x08, 0x63, 0x08,
  0x63, 0x08, 0x63, 0x08, 0x63, 0x08, 0x63, 0x08, 0x63, 0x08, 0x63, 0x08, 0x63, 0x08, 0x63, 0x08,
  0x63, 0x08, 0x63, 0x08, 0x63, 0x08, 0x63, 0x08, 0x63, 0x08, 0x63, 0x08, 0x63, 0x08, 0x63, 0x08,
  0x63, 0x08, 0x63, 0x08, 0x63, 0x08, 0x63, 0x08, 0x63, 0x08, 0x63, 0x08, 0x63, 0x08, 0x63, 0x08,
  0x63, 0x08, 0x63, 0x08, 0x63, 0x08, 0x63, 0x08, 0x63, 0x08, 0x63, 0x08, 0x63, 0x08, 0x63, 0x08,
  0x63, 0x08, 0x63, 0x08, 0x63, 0x08, 0x63, 0x08, 0x63, 0x08, 0x63, 0x08, 0x63, 0x08, 0x63, 0x08,
  0x63, 0x08, 0x63, 0x08, 0x63, 0x08, 0x63, 0x08, 0x63, 0x08, 0x63, 0x08, 0x63, 0x08, 0x63, 0x08,
  0x63, 0x08, 0x63, 0x08, 0x63, 0x08, 0x63, 0x08, 0x63, 0x08, 0x63, 0x08, 0x63, 0x08, 0x63, 0x08,
  0x63, 0x08, 0x63, 0x08, 0x63, 0x08, 0x63, 0x08, 0x63, 0x08, 0x63, 0x08, 0x63, 0x08, 0x63, 0x08,
  0x63, 0x08, 0x63, 0x08, 0x63, 0x08, 0x63, 0x08, 0x63, 0x08, 0x63, 0x08, 0x63, 0x08, 0x63, 0x08,
  0x63, 0x08, 0x63, 0x08, 0x63, 0x08, 0x63, 0x08, 0x63, 0x08, 0x63, 0x08, 0x63, 0x08, 0x63, 0x08,
  0x63, 0x08, 0x63, 0x08, 0x63, 0x08, 0x63, 0x08, 0x63, 0x08, 0x63, 0x08, 0x63, 0x08, 0x63, 0x08,
  0x63, 0x08, 0x63, 0x08, 0x63, 0x08, 0x63, 0x08, 0x63, 0x08, 0x63, 0x08, 0x63, 0x08, 0x63, 0x08,
  0x63, 0x08, 0x63, 0x08, 0x63, 0x08, 0x63, 0x08, 0x63, 0x08, 0x63, 0x08, 0x63, 0x08, 0x63, 0x08,
  0x63, 0x08, 0x63, 0x08, 0x63, 0x08, 0x63, 0x08, 0x63, 0x08, 0x63, 0x08, 0x63, 0x08, 0x63, 0x08,
  0x63, 0x08, 0x63, 0x08, 0x63, 0x08, 0x63, 0x08, 0x63, 0x08, 0x63, 0x08, 0x63, 0x08, 0x63, 0x08,
  0x63, 0x08, 0x63, 0x08, 0x63, 0x08, 0x63, 0x08, 0x63, 0x08, 0x63, 0x08, 0x63, 0x08, 0x63, 0x08,
  0x63, 0x08, 0x63, 0x08, 0x63, 0x08, 0x63, 0x08, 0x63, 0x08, 0x63, 0x08, 0x63, 0x08, 0x63, 0x08,
  0x63, 0x08, 0x63, 0x08, 0x63, 0x08, 0x63, 0x08, 0x63, 0x08, 0x63, 0x08, 0x63, 0x08, 0x63, 0x08,
  0x63, 0x08, 0x63, 0x08, 0x63, 0x08, 0x63, 0x08, 0x63, 0x08, 0x63, 0x08, 0x63, 0x08, 0x63, 0x08,
  0x63, 0x08, 0x63, 0x08, 0x63, 0x08, 0x63, 0x08, 0x63, 0x08, 0x63, 0x08, 0x63, 0x08, 0x63, 0x08,
  0x63, 0x08, 0x63, 0x08, 0x63, 0x08, 0x63, 0x08, 0x63, 0x08, 0x63, 0x08, 0x63, 0x08, 0x63, 0x08,
  0x63, 0x08, 0x63, 0x08, 0x63, 0x08, 0x63, 0x08, 0x63, 0x08, 0x63, 0x08, 0x63, 0x08, 0x63, 0x08,
  0x63, 0x08, 0x63, 0x08, 0x63, 0x08, 0x63, 0x08, 0x63, 0x08, 0x63, 0x08, 0x63, 0x08, 0x63, 0x08,
  0x63, 0x08, 0x63, 0x08, 0x63, 0x08, 0x63, 0x08, 0x63, 0x08, 0x63, 0x08, 0x63, 0x08, 0x63, 0x08,
  0x63, 0x08, 0x63, 0x08, 0x63, 0x08, 0x63, 0x08, 0x63, 0x08, 0x63, 0x08, 0x63, 0x08, 0x63, 0x08,
  0x63, 0x08, 0x63, 0x08, 0x63, 0x08, 0x63, 0x08, 0x63, 0x08, 0x63, 0x08, 0x63, 0x08, 0x63, 0x08,
  0x63, 0x08, 0x63, 0x08, 0x63, 0x08, 0x63, 0x08, 0x63, 0x08, 0x63, 0x08, 0x63, 0x08, 0x63, 0x08,
  0x63, 0x08, 0x63, 0x08, 0x63, 0x08, 0x63, 0x08, 0x63, 0x08, 0x63, 0x08, 0x63, 0x08, 0x63, 0x08,
  0x63, 0x08, 0x63, 0x08, 0x63, 0x08, 0x63, 0x08, 0x63, 0x08, 0x63, 0x08, 0x63, 0x08, 0x63, 0x08,
  0x63, 0x08, 0x63, 0x08, 0x63, 0x08, 0x63, 0x08, 0x63, 0x08, 0x63, 0x08, 0x63, 0x08, 0x63, 0x08,
  0x63, 0x08, 0x63, 0x08, 0x63, 0x08, 0x63, 0x08, 0x63, 0x08, 0x63, 0x08, 0x63, 0x08, 0x63, 0x08,
  0x63, 0x08, 0x63, 0x08, 0x63, 0x08, 0x63, 0x08, 0x63, 0x08, 0x63, 0x08, 0x63, 0x08, 0x63, 0x08,
  0x63, 0x08, 0x63, 0x08, 0x63, 0x08, 0x63, 0x08, 0x63, 0x08, 0x63, 0x08, 0x63, 0x08, 0x63, 0x08,
  0x63, 0x08, 0x63, 0x08, 0x63, 0x08, 0x63, 0x08, 0x63, 0x08, 0x63, 0x08, 0x63, 0x08, 0x63, 0x08,
  0x63, 0x08, 0x63, 0x08, 0x63, 0x08, 0x63, 0x08, 0x63, 0x08, 0x63, 0x08, 0x63, 0x08, 0x63, 0x08,
  0x63, 0x08, 0x63, 0x08, 0x63, 0x08, 0x63, 0x08, 0x63, 0x08, 0x63, 0x08, 0x63, 0x08, 0x63, 0x08,
  0x63, 0x08, 0x63, 0x08, 0x63, 0x08, 0x63, 0x08, 0x63, 0x08, 0x63, 0x08, 0x63, 0x08, 0x63, 0x08,
  0x63, 0x08, 0x63, 0x08, 0x63, 0x08, 0x63, 0x08, 0x63, 0x08, 0x63, 0x08, 0x63, 0x08, 0x63, 0x08,
  0x63, 0x08, 0x63, 0x08, 0x63, 0x08, 0x63, 0x08, 0x63, 0x08, 0x63, 0x08, 0x63, 0x08, 0x63, 0x08,
  0x63, 0x08, 0x63, 0x08, 0x63, 0x08, 0x63, 0x08, 0x63, 0x08, 0x63, 0x08, 0x63, 0x08, 0x63, 0x08,
  0x63, 0x08, 0x63, 0x08, 0x63, 0x08, 0x63, 0x08, 0x63, 0x08, 0x63, 0x08, 0x63, 0x08, 0x63, 0x08,
  0x63, 0x08, 0x63, 0x08, 0x63, 0x08, 0x63, 0x08, 0x63, 0x08, 0x63, 0x08, 0x63, 0x08, 0x63, 0x08,
  0x63, 0x08, 0x63, 0x08, 0x63, 0x08, 0x63, 0x08, 0x63, 0x08, 0x63, 0x08, 0x63, 0x08, 0x63, 0x08,
  0x63, 0x08, 0x63, 0x08, 0x63, 0x08, 0x63, 0x08, 0x63, 0x08, 0x63, 0x08, 0x63, 0x08, 0x63, 0x08,
  0x63, 0x08, 0x63, 0x08, 0x63, 0x08, 0x63, 0x08, 0x63, 0x08, 0x63, 0x08, 0x63, 0x08, 0x63, 0x08,
  0x63, 0x08, 0x63, 0x08, 0x63, 0x08, 0x63, 0x08, 0x63, 0x08, 0x63, 0x08, 0x63, 0x08, 0x63, 0x08,
  0x63, 0x08, 0x63, 0x08, 0x63, 0x08, 0x63, 0x08, 0x63, 0x08, 0x63, 0x08, 0x63, 0x08, 0x63, 0x08,
  0x63, 0x08, 0x63, 0x08, 0x63, 0x08, 0x63, 0x08, 0x63, 0x08, 0x63, 0x08, 0x63, 0x08, 0x63, 0x08,
  0x63, 0x08, 0x63, 0x08, 0x63, 0x08, 0x63, 0x08, 0x63, 0x08, 0x63, 0x08, 0x63, 0x08, 0x63, 0x08,
  0x63, 0x08, 0x63, 0x08, 0x63, 0x08, 0x63, 0x08, 0x63, 0x08, 0x63, 0x08, 0x63, 0x08, 0x63, 0x08,
  0x63, 0x08, 0x63, 0x08, 0x63, 0x08, 0x63, 0x08, 0x63, 0x08, 0x63, 0x08, 0x63, 0x08, 0x63, 0x08,
  0x63, 0x08, 0x63, 0x08, 0x63, 0x08, 0x63, 0x08, 0x63, 0x08, 0x63, 0x08, 0x63, 0x08, 0x63, 0x08,
  0x63, 0x08, 0x63, 0x08, 0x63, 0x08, 0x63, 0x08, 0x63, 0x08, 0x63, 0x08, 0x63, 0x08, 0x63, 0x08,
  0x63, 0x08, 0x63, 0x08, 0x63, 0x08, 0x63, 0x08, 0x63, 0x08, 0x63, 0x08, 0x63, 0x08, 0x63, 0x08,
  0x63, 0x08, 0x63, 0x08, 0x63, 0x08, 0x63, 0x08, 0x63, 0x08, 0x63, 0x08, 0x63, 0x08, 0x63, 0x08,
  0x63, 0x08, 0x63, 0x08, 0x63, 0x08, 0x63, 0x08, 0x63, 0x08, 0x63, 0x08, 0x63, 0x08, 0x63, 0x08,
  0x63, 0x08, 0x63, 0x08, 0x63, 0x08, 0x63, 0x08, 0x63, 0x08, 0x63, 0x08, 0x63, 0x08, 0x63, 0x08,
  0x63, 0x08, 0x63, 0x08, 0x63, 0x08, 0x63, 0x08, 0x63, 0x08, 0x63, 0x08, 0x63, 0x08, 0x63, 0x08,
  0x63, 0x08, 0x63, 0x08, 0x63, 0x08, 0x63, 0x08, 0x63, 0x08, 0x63, 0x08, 0x63, 0x08, 0x63, 0x08,
  0x63, 0x08, 0x63, 0x08, 0x63, 0x08, 0x63, 0x08, 0x63, 0x08, 0x63, 0x08, 0x63, 0x08, 0x63, 0x08,
  0x63, 0x08, 0x63, 0x08, 0x63, 0x08, 0x63, 0x08, 0x63, 0x08, 0x63, 0x08, 0x63, 0x08, 0x63, 0x08,
  0x63, 0x08, 0x63, 0x08, 0x63, 0x08, 0x63, 0x08, 0x63, 0x08, 0x63, 0x08, 0x63, 0x08, 0x63, 0x08,
  0x63, 0x08, 0x63, 0x08, 0x63, 0x08, 0x63, 0x08, 0x63, 0x08, 0x63, 0x08, 0x63, 0x08, 0x63, 0x08,
  0x63, 0x08, 0x63, 0x08, 0x63, 0x08, 0x63, 0x08, 0x63, 0x08, 0x63, 0x08, 0x63, 0x08, 0x63, 0x08,
  0x63, 0x08, 0x63, 0x08, 0x63, 0x08, 0x63, 0x08, 0x63, 0x08, 0x63, 0x08, 0x63, 0x08, 0x63, 0x08,
  0x63, 0x08, 0x63, 0x08, 0x63, 0x08, 0x63, 0x08, 0x63, 0x08, 0x63, 0x08, 0x63, 0x08, 0x63, 0x08,
  0x63, 0x08, 0x63, 0x08, 0x63, 0x08, 0x63, 0x08, 0x63, 0x08, 0x63, 0x08, 0x63, 0x08, 0x63, 0x08,
  0x63, 0x08, 0x63, 0x08, 0x63, 0x08, 0x63, 0x08, 0x63, 0x08, 0x63, 0x08, 0x63, 0x08, 0x63, 0x08,
  0x63, 0x08, 0x63, 0x08, 0x63, 0x08, 0x63, 0x08, 0x63, 0x08, 0x63, 0x08, 0x63, 0x08, 0x63, 0x08,
  0x63, 0x08, 0x63, 0x08, 0x63, 0x08, 0x63, 0x08, 0x63, 0x08, 0x63, 0x08, 0x63, 0x08, 0x63, 0x08,
  0x63, 0x08, 0x63, 0x08, 0x63, 0x08, 0x63, 0x08, 0x63, 0x08, 0x63, 0x08, 0x63, 0x08, 0x63, 0x08,
  0x63, 0x08, 0x63, 0x08, 0x63, 0x08, 0x63, 0x08, 0x63, 0x08, 0x63, 0x08, 0x63, 0x08, 0x63, 0x08,
  0x63, 0x08, 0x63, 0x08, 0x63, 0x08, 0x63, 0x08, 0x63, 0x08, 0x63, 0x08, 0x63, 0x08, 0x63, 0x08,
  0x63, 0x08, 0x63, 0x08, 0x63, 0x08, 0x63, 0x08, 0x63, 0x08, 0x63, 0x08, 0x63, 0x08, 0x63, 0x08,
  0x63, 0x08, 0x63, 0x08, 0x63, 0x08, 0x63, 0x08, 0x63, 0x08, 0x63, 0x08, 0x63, 0x08, 0x63, 0x08,
  0x63, 0x08, 0x63, 0x08, 0x63, 0x08, 0x63, 0x08, 0x63, 0x08, 0x63, 0x08, 0x63, 0x08, 0x63, 0x08,
  0x63, 0x08, 0x63, 0x08, 0x63, 0x08, 0x63, 0x08, 0x63, 0x08, 0x63, 0x08, 0x63, 0x08, 0x63, 0x08,
  0x63, 0x08, 0x63, 0x08, 0x63, 0x08, 0x63, 0x08, 0x63, 0x08, 0x63, 0x08, 0x63, 0x08, 0x63, 0x08,
  0x63, 0x08, 0x63, 0x08, 0x63, 0x08, 0x63, 0x08, 0x63, 0x08, 0x63, 0x08, 0x63, 0x08, 0x63, 0x08,
  0x63, 0x08, 0x63, 0x08, 0x63, 0x08, 0x63, 0x08, 0x63, 0x08, 0x63, 0x08, 0x63, 0x08, 0x63, 0x08,
  0x63, 0x08, 0x63, 0x08, 0x63, 0x08, 0x63, 0x08, 0x63, 0x08, 0x63, 0x08, 0x63, 0x08, 0x63, 0x08,
  0x63, 0x08, 0x63, 0x08, 0x63, 0x08, 0x63, 0x08, 0x63, 0x08, 0x63, 0x08, 0x63, 0x08, 0x63, 0x08,
  0x63, 0x08, 0x63, 0x08, 0x63, 0x08, 0x63, 0x08, 0x63, 0x08, 0x63, 0x08, 0x63, 0x08, 0x63, 0x08,
  0x63, 0x08, 0x63, 0x08, 0x63, 0x08, 0x63, 0x08, 0x63, 0x08, 0x63, 0x08, 0x63, 0x08, 0x63, 0x08,
  0x63, 0x08, 0x63, 0x08, 0x63, 0x08, 0x63, 0x08, 0x63, 0x08, 0x63, 0x08, 0x63, 0x08, 0x63, 0x08,
  0x63, 0x08, 0x63, 0x08, 0x63, 0x08, 0x63, 0x08, 0x63, 0x08, 0x63, 0x08, 0x63, 0x08, 0x63, 0x08,
  0x63, 0x08, 0x63, 0x08, 0x63, 0x08, 0x63, 0x08, 0x63, 0x08, 0x63, 0x08, 0x63, 0x08, 0x63, 0x08,
  0x63, 0x08, 0x63, 0x08, 0x63, 0x08, 0x63, 0x08, 0x63, 0x08, 0x63, 0x08, 0x63, 0x08, 0x63, 0x08,
  0x63, 0x08, 0x63, 0x08, 0x63, 0x08, 0x63, 0x08, 0x63, 0x08, 0x63, 0x08, 0x63, 0x08, 0x63, 0x08,
  0x63, 0x08, 0x63, 0x08, 0x63, 0x08, 0x63, 0x08, 0x63, 0x08, 0x63, 0x08, 0x63, 0x08, 0x63, 0x08,
  0x63, 0x08, 0x63, 0x08, 0x63, 0x08, 0x63, 0x08, 0x63, 0x08, 0x63, 0x08, 0x63, 0x08, 0x63, 0x08,
  0x63, 0x08, 0x63, 0x08, 0x63, 0x08, 0x63, 0x08, 0x63, 0x08, 0x63, 0x08, 0x63, 0x08, 0x63, 0x08,
  0x63, 0x08, 0x63, 0x08, 0x63, 0x08, 0x63, 0x08, 0x63, 0x08, 0x63, 0x08, 0x63, 0x08, 0x63, 0x08,
  0x63, 0x08, 0x63, 0x08, 0x63, 0x08, 0x63, 0x08, 0x63, 0x08, 0x63, 0x08, 0x63, 0x08, 0x63, 0x08,
  0x63, 0x08, 0x63, 0x08, 0x63, 0x08, 0x63, 0x08, 0x63, 0x08, 0x63, 0x08, 0x63, 0x08, 0x63, 0x08,
  0x63, 0x08, 0x63, 0x08, 0x63, 0x08, 0x63, 0x08, 0x63, 0x08, 0x63, 0x08, 0x63, 0x08, 0x63, 0x08,
  0x63, 0x08, 0x63, 0x08, 0x63, 0x08, 0x63, 0x08, 0x63, 0x08, 0x63, 0x08, 0x63, 0x08, 0x63, 0x08,
  0x63, 0x08, 0x63, 0x08, 0x63, 0x08, 0x63, 0x08, 0x63, 0x08, 0x63, 0x08, 0x63, 0x08, 0x63, 0x08,
  0x63, 0x08, 0x63, 0x08, 0x63, 0x08, 0x63, 0x08, 0x63, 0x08, 0x63, 0x08, 0x63, 0x08, 0x63, 0x08,
  0x63, 0x08, 0x63, 0x08, 0x63, 0x08, 0x63, 0x08, 0x63, 0x08, 0x63, 0x08, 0x63, 0x08, 0x63, 0x08,
  0x63, 0x08, 0x63, 0x08, 0x63, 0x08, 0x63, 0x08, 0x63, 0x08, 0x63, 0x08, 0x63, 0x08, 0x63, 0x08,
  0x63, 0x08, 0x63, 0x08, 0x63, 0x08, 0x63, 0x08, 0x63, 0x08, 0x63, 0x08, 0x63, 0x08, 0x63, 0x08,
  0x63, 0x08, 0x63, 0x08, 0x63, 0x08, 0x63, 0x08, 0x63, 0x08, 0x63, 0x08, 0x63, 0x08, 0x63, 0x08,
  0x63, 0x08, 0x63, 0x08, 0x63, 0x08, 0x63, 0x08, 0x63, 0x08, 0x63, 0x08, 0x63, 0x08, 0x63, 0x08,
  0x63, 0x08, 0x63, 0x08, 0x63, 0x08, 0x63, 0x08, 0x63, 0x08, 0x63, 0x08, 0x63, 0x08, 0x63, 0x08,
  0x63, 0x08, 0x63, 0x08, 0x63, 0x08, 0x63, 0x08, 0x63, 0x08, 0x63, 0x08, 0x63, 0x08, 0x63, 0x08,
  0x63, 0x08, 0x63, 0x08, 0x63, 0x08, 0x63, 0x08, 0x63, 0x08, 0x63, 0x08, 0x63, 0x08, 0x63, 0x08,
  0x63, 0x08, 0x63, 0x08, 0x63, 0x08, 0x63, 0x08, 0x63, 0x08, 0x63, 0x08, 0x63, 0x08, 0x63, 0x08,
  0x63, 0x08, 0x63, 0x08, 0x63, 0x08, 0x63, 0x08, 0x63, 0x08, 0x63, 0x08, 0x63, 0x08, 0x63, 0x08,
  0x63, 0x08, 0x63, 0x08, 0x63, 0x08, 0x63, 0x08, 0x63, 0x08, 0x63, 0x08, 0x63, 0x08, 0x63, 0x08,
  0x63, 0x08, 0x63, 0x08, 0x63, 0x08, 0x63, 0x08, 0x63, 0x08, 0x63, 0x08, 0x63, 0x08, 0x63, 0x08,
  0x63, 0x08, 0x63, 0x08, 0x63, 0x08, 0x63, 0x08, 0x63, 0x08, 0x63, 0x08, 0x63, 0x08, 0x63, 0x08,
  0x63, 0x08, 0x63, 0x08, 0x63, 0x08, 0x63, 0x08, 0x63, 0x08, 0x63, 0x08, 0x63, 0x08, 0x63, 0x08,
  0x63, 0x08, 0x63, 0x08, 0x63, 0x08, 0x63, 0x08, 0x63, 0x08, 0x63, 0x08, 0x63, 0x08, 0x63, 0x08,
  0x63, 0x08, 0x63, 0x08, 0x63, 0x08, 0x63, 0x08, 0x63, 0x08, 0x63, 0x08, 0x63, 0x08, 0x63, 0x08,
  0x63, 0x08, 0x63, 0x08, 0x63, 0x08, 0x63, 0x08, 0x63, 0x08, 0x63, 0x08, 0x63, 0x08, 0x63, 0x08,
  0x63, 0x08, 0x63, 0x08, 0x63, 0x08, 0x63, 0x08, 0x63, 0x08, 0x63, 0x08, 0x63, 0x08, 0x63, 0x08,
  0x63, 0x08, 0x63, 0x08, 0x63, 0x08, 0x63, 0x08, 0x63, 0x08, 0x63, 0x08, 0x63, 0x08, 0x63, 0x08,
  0x63, 0x08, 0x63, 0x08, 0x63, 0x08, 0x63, 0x08, 0x63, 0x08, 0x63, 0x08, 0x63, 0x08, 0x63, 0x08,
  0x63, 0x08, 0x63, 0x08, 0x63, 0x08, 0x63, 0x08, 0x63, 0x08, 0x63, 0x08, 0x63, 0x08, 0x63, 0x08,
  0x63, 0x08, 0x63, 0x08, 0x63, 0x08, 0x63, 0x08, 0x63, 0x08, 0x63, 0x08, 0x63, 0x08, 0x63, 0x08,
  0x63, 0x08, 0x63, 0x08, 0x63, 0x08, 0x63, 0x08, 0x63, 0x08, 0x63, 0x08, 0x63, 0x08, 0x63, 0x08,
  0x63, 0x08, 0x63, 0x08, 0x63, 0x08, 0x63, 0x08, 0x63, 0x08, 0x63, 0x08, 0x63, 0x08, 0x63, 0x08,
  0x63, 0x08, 0x63, 0x08, 0x63, 0x08, 0x63, 0x08, 0x63, 0x08, 0x63, 0x08, 0x63, 0x08, 0x63, 0x08,
  0x63, 0x08, 0x63, 0x08, 0x63, 0x08, 0x63, 0x08, 0x63, 0x08, 0x63, 0x08, 0x63, 0x08, 0x63, 0x08,
  0x63, 0x08, 0x63, 0x08, 0x63, 0x08, 0x63, 0x08, 0x63, 0x08, 0x63, 0x08, 0x63, 0x08, 0x63, 0x08,
  0x63, 0x08, 0x63, 0x08, 0x63, 0x08, 0x63, 0x08, 0x63, 0x08, 0x63, 0x08, 0x63, 0x08, 0x63, 0x08,
  0x63, 0x08, 0x63, 0x08, 0x63, 0x08, 0x63, 0x08, 0x63, 0x08, 0x63, 0x08, 0x63, 0x08, 0x63, 0x08,
  0x63, 0x08, 0x63, 0x08, 0x63, 0x08, 0x63, 0x08, 0x63, 0x08, 0x63, 0x08, 0x63, 0x08, 0x63, 0x08,
  0x63, 0x08, 0x63, 0x08, 0x63, 0x08, 0x63, 0x08, 0x63, 0x08, 0x63, 0x08, 0x63, 0x08, 0x63, 0x08,
  0x63, 0x08, 0x63, 0x08, 0x63, 0x08, 0x63, 0x08, 0x63, 0x08, 0x63, 0x08, 0x63, 0x08, 0x63, 0x08,
  0x63, 0x08, 0x63, 0x08, 0x63, 0x08, 0x63, 0x08, 0x63, 0x08, 0x63, 0x08, 0x63, 0x08, 0x63, 0x08,
  0x63, 0x08, 0x63, 0x08, 0x63, 0x08, 0x63, 0x08, 0x63, 0x08, 0x63, 0x08, 0x63, 0x08, 0x63, 0x08,
  0x63, 0x08, 0x63, 0x08, 0x63, 0x08, 0x63, 0x08, 0x63, 0x08, 0x63, 0x08, 0x63, 0x08, 0x63, 0x08,
  0x63, 0x08, 0x63, 0x08, 0x63, 0x08, 0x63, 0x08, 0x63, 0x08, 0x63, 0x08, 0x63, 0x08, 0x63, 0x08,
  0x63, 0x08, 0x63, 0x08, 0x63, 0x08, 0x63, 0x08, 0x63, 0x08, 0x63, 0x08, 0x63, 0x08, 0x63, 0x08,
  0x63, 0x08, 0x63, 0x08, 0x63, 0x08, 0x63, 0x08, 0x63, 0x08, 0x63, 0x08, 0x63, 0x08, 0x63, 0x08,
  0x63, 0x08, 0x63, 0x08, 0x63, 0x08, 0x63, 0x08, 0x63, 0x08, 0x63, 0x08, 0x63, 0x08, 0x63, 0x08,
  0x63, 0x08, 0x63, 0x08, 0x63, 0x08, 0x63, 0x08, 0x63, 0x08, 0x63, 0x08, 0x63, 0x08, 0x63, 0x08,
  0x63, 0x08, 0x63, 0x08, 0x63, 0x08, 0x63, 0x08, 0x63, 0x08, 0x63, 0x08, 0x63, 0x08, 0x63, 0x08,
  0x63, 0x08, 0x63, 0x08, 0x63, 0x08, 0x63, 0x08, 0x63, 0x08, 0x63, 0x08, 0x63, 0x08, 0x63, 0x08,
  0x63, 0x08, 0x63, 0x08, 0x63, 0x08, 0x63, 0x08, 0x63, 0x08, 0x63, 0x08, 0x63, 0x08, 0x63, 0x08,
  0x63, 0x08, 0x63, 0x08, 0x63, 0x08, 0x63, 0x08, 0x63, 0x08, 0x63, 0x08, 0x63, 0x08, 0x63, 0x08,
  0x63, 0x08, 0x63, 0x08, 0x63, 0x08, 0x63, 0x08, 0x63, 0x08, 0x63, 0x08, 0x63, 0x08, 0x63, 0x08,
  0x63, 0x08, 0x63, 0x08, 0x63, 0x08, 0x63, 0x08, 0x63, 0x08, 0x63, 0x08, 0x63, 0x08, 0x63, 0x08,
  0x63, 0x08, 0x63, 0x08, 0x63, 0x08, 0x63, 0x08, 0x63, 0x08, 0x63, 0x08, 0x63, 0x08, 0x63, 0x08,
  0x63, 0x08, 0x63, 0x08, 0x63, 0x08, 0x63, 0x08, 0x63, 0x08, 0x63, 0x08, 0x63, 0x08, 0x63, 0x08,
  0x63, 0x08, 0x63, 0x08, 0x63, 0x08, 0x63, 0x08, 0x63, 0x08, 0x63, 0x08, 0x63, 0x08, 0x63, 0x08,
  0x63, 0x08, 0x63, 0x08, 0x63, 0x08, 0x63, 0x08, 0x63, 0x08, 0x63, 0x08, 0x63, 0x08, 0x63, 0x08,
  0x63, 0x08, 0x63, 0x08, 0x63, 0x08, 0x63, 0x08, 0x63, 0x08, 0x63, 0x08, 0x63, 0x08, 0x63, 0x08,
  0x63, 0x08, 0x63, 0x08, 0x63, 0x08, 0x63, 0x08, 0x63, 0x08, 0x63, 0x08, 0x63, 0x08, 0x63, 0x08,
  0x63, 0x08, 0x63, 0x08, 0x63, 0x08, 0x63, 0x08, 0x63, 0x08, 0x63, 0x08, 0x63, 0x08, 0x63, 0x08,
  0x63, 0x08, 0x63, 0x08, 0x63, 0x08, 0x63, 0x08, 0x63, 0x08, 0x63, 0x08, 0x63, 0x08, 0x63, 0x08,
  0x63, 0x08, 0x63, 0x08, 0x63, 0x08, 0x63, 0x08, 0x63, 0x08, 0x63, 0x08, 0x63, 0x08, 0x63, 0x08,
  0x63, 0x08, 0x63, 0x08, 0x63, 0x08, 0x63, 0x08, 0x63, 0x08, 0x63, 0x08, 0x63, 0x08, 0x63, 0x08,
  0x63, 0x08, 0x63, 0x08, 0x63, 0x08, 0x63, 0x08, 0x63, 0x08, 0x63, 0x08, 0x63, 0x08, 0x63, 0x08,
  0x63, 0x08, 0x63, 0x08, 0x63, 0x08, 0x63, 0x08, 0x63, 0x08, 0x63, 0x08, 0x63, 0x08, 0x63, 0x08,
  0x63, 0x08, 0x63, 0x08, 0x63, 0x08, 0x63, 0x08, 0x63, 0x08, 0x63, 0x08, 0x63, 0x08, 0x63, 0x08,
  0x63, 0x08, 0x63, 0x08, 0x63, 0x08, 0x63, 0x08, 0x63, 0x08, 0x63, 0x08, 0x63, 0x08, 0x63, 0x08,
  0x63, 0x08, 0x63, 0x08, 0x63, 0x08, 0x63, 0x08, 0x63, 0x08, 0x63, 0x08, 0x63, 0x08, 0x63, 0x08,
  0x63, 0x08, 0x63, 0x08, 0x63, 0x08, 0x63, 0x08, 0x63, 0x08, 0x63, 0x08, 0x63, 0x08, 0x63, 0x08,
  0x63, 0x08, 0x63, 0x08, 0x63, 0x08, 0x63, 0x08, 0x63, 0x08, 0x63, 0x08, 0x63, 0x08, 0x63, 0x08,
  0x63, 0x08, 0x63, 0x08, 0x63, 0x08, 0x63, 0x08, 0x63, 0x08, 0x63, 0x08, 0x63, 0x08, 0x63, 0x08,
  0x63, 0x08, 0x63, 0x08, 0x63, 0x08, 0x63, 0x08, 0x63, 0x08, 0x63, 0x08, 0x63, 0x08, 0x63, 0x08,
  0x63, 0x08, 0x63, 0x08, 0x63, 0x08, 0x63, 0x08, 0x63, 0x08, 0x63, 0x08, 0x63, 0x08, 0x63, 0x08,
  0x63, 0x08, 0x63, 0x08, 0x63, 0x08, 0x63, 0x08, 0x63, 0x08, 0x63, 0x08, 0x63, 0x08, 0x63, 0x08,
  0x63, 0x08, 0x63, 0x08, 0x63, 0x08, 0x63, 0x08, 0x63, 0x08, 0x63, 0x08, 0x63, 0x08, 0x63, 0x08,
  0x63, 0x08, 0x63, 0x08, 0x63, 0x08, 0x63, 0x08, 0x63, 0x08, 0x63, 0x08, 0x63, 0x08, 0x63, 0x08,
  0x63, 0x08, 0x63, 0x08, 0x63, 0x08, 0x63, 0x08, 0x63, 0x08, 0x63, 0x08, 0x63, 0x08, 0x63, 0x08,
  0x63, 0x08, 0x63, 0x08, 0x63, 0x08, 0x63, 0x08, 0x63, 0x08, 0x63, 0x08, 0x63, 0x08, 0x63, 0x08,
  0x63, 0x08, 0x63, 0x08, 0x63, 0x08, 0x63, 0x08, 0x63, 0x08, 0x63, 0x08, 0x63, 0x08, 0x63, 0x08,
  0x63, 0x08, 0x63, 0x08, 0x63, 0x08, 0x63, 0x08, 0x63, 0x08, 0x63, 0x08, 0x63, 0x08, 0x63, 0x08,
  0x63, 0x08, 0x63, 0x08, 0x63, 0x08, 0x63, 0x08, 0x63, 0x08, 0x63, 0x08, 0x63, 0x08, 0x63, 0x08,
  0x63, 0x08, 0x63, 0x08, 0x63, 0x08, 0x63, 0x08, 0x63, 0x08, 0x63, 0x08, 0x63, 0x08, 0x63, 0x08,
  0x63, 0x08, 0x63, 0x08, 0x63, 0x08, 0x63, 0x08, 0x63, 0x08, 0x63, 0x08, 0x63, 0x08, 0x63, 0x08,
  0x63, 0x08, 0x63, 0x08, 0x63, 0x08, 0x63, 0x08, 0x63, 0x08, 0x63, 0x08, 0x63, 0x08, 0x63, 0x08,
  0x63, 0x08, 0x63, 0x08, 0x63, 0x08, 0x63, 0x08, 0x63, 0x08, 0x63, 0x08, 0x63, 0x08, 0x63, 0x08,
  0x63, 0x08, 0x63, 0x08, 0x63, 0x08, 0x63, 0x08, 0x63, 0x08, 0x63, 0x08, 0x63, 0x08, 0x63, 0x08,
  0x63, 0x08, 0x63, 0x08, 0x63, 0x08, 0x63, 0x08, 0x63, 0x08, 0x63, 0x08, 0x63, 0x08, 0x63, 0x08,
  0x63, 0x08, 0x63, 0x08, 0x63, 0x08, 0x63, 0x08, 0x63, 0x08, 0x63, 0x08, 0x63, 0x08, 0x63, 0x08,
  0x63, 0x08, 0x63, 0x08, 0x63, 0x08, 0x63, 0x08, 0x63, 0x08, 0x63, 0x08, 0x63, 0x08, 0x63, 0x08,
  0x63, 0x08, 0x63, 0x08, 0x63, 0x08, 0x63, 0x08, 0x63, 0x08, 0x63, 0x08, 0x63, 0x08, 0x63, 0x08,
  0x63, 0x08, 0x63, 0x08, 0x63, 0x08, 0x63, 0x08, 0x63, 0x08, 0x63, 0x08, 0x63, 0x08, 0x63, 0x08,
  0x63, 0x08, 0x63, 0x08, 0x63, 0x08, 0x63, 0x08, 0x63, 0x08, 0x63, 0x08, 0x63, 0x08, 0x63, 0x08,
  0x63, 0x08, 0x63, 0x08, 0x63, 0x08, 0x63, 0x08, 0x63, 0x08, 0x63, 0x08, 0x63, 0x08, 0x63, 0x08,
  0x63, 0x08, 0x63, 0x08, 0x63, 0x08, 0x63, 0x08, 0x63, 0x08, 0x63, 0x08, 0x63, 0x08, 0x63, 0x08,
  0x63, 0x08, 0x63, 0x08, 0x63, 0x08, 0x63, 0x08, 0x63, 0x08, 0x63, 0x08, 0x63, 0x08, 0x63, 0x08,
  0x63, 0x08, 0x63, 0x08, 0x63, 0x08, 0x63, 0x08, 0x63, 0x08, 0x63, 0x08, 0x63, 0x08, 0x63, 0x08,
  0x63, 0x08, 0x63, 0x08, 0x63, 0x08, 0x63, 0x08, 0x63, 0x08, 0x63, 0x08, 0x63, 0x08, 0x63, 0x08,
  0x63, 0x08, 0x63, 0x08, 0x63, 0x08, 0x63, 0x08, 0x63, 0x08, 0x63, 0x08, 0x63, 0x08, 0x63, 0x08,
  0x63, 0x08, 0x63, 0x08, 0x63, 0x08, 0x63, 0x08, 0x63, 0x08, 0x63, 0x08, 0x63, 0x08, 0x63, 0x08,
  0x63, 0x08, 0x63, 0x08, 0x63, 0x08, 0x63, 0x08, 0x63, 0x08, 0x63, 0x08, 0x63, 0x08, 0x63, 0x08,
  0x63, 0x08, 0x63, 0x08, 0x63, 0x08, 0x63, 0x08, 0x63, 0x08, 0x63, 0x08, 0x63, 0x08, 0x63, 0x08,
  0x63, 0x08, 0x63, 0x08, 0x63, 0x08, 0x63, 0x08, 0x63, 0x08, 0x63, 0x08, 0x63, 0x08, 0x63, 0x08,
  0x63, 0x08, 0x63, 0x08, 0x63, 0x08, 0x63, 0x08, 0x63, 0x08, 0x63, 0x08, 0x63, 0x08, 0x63, 0x08,
  0x63, 0x08, 0x63, 0x08, 0x63, 0x08, 0x63, 0x08, 0x63, 0x08, 0x63, 0x08, 0x63, 0x08, 0x63, 0x08,
  0x63, 0x08, 0x63, 0x08, 0x63, 0x08, 0x63, 0x08, 0x63, 0x08, 0x63, 0x08, 0x63, 0x08, 0x63, 0x08,
  0x63, 0x08, 0x63, 0x08, 0x63, 0x08, 0x63, 0x08, 0x63, 0x08, 0x63, 0x08, 0x63, 0x08, 0x63, 0x08,
  0x63, 0x08, 0x63, 0x08, 0x63, 0x08, 0x63, 0x08, 0x63, 0x08, 0x63, 0x08, 0x63, 0x08, 0x63, 0x08,
  0x63, 0x08, 0x63, 0x08, 0x63, 0x08, 0x63, 0x08, 0x63, 0x08, 0x63, 0x08, 0x63, 0x08, 0x63, 0x08,
  0x63, 0x08, 0x63, 0x08, 0x63, 0x08, 0x63, 0x08, 0x63, 0x08, 0x63, 0x08, 0x63, 0x08, 0x63, 0x08,
  0x63, 0x08, 0x63, 0x08, 0x63, 0x08, 0x63, 0x08, 0x63, 0x08, 0x63, 0x08, 0x63, 0x08, 0x63, 0x08,
  0x63, 0x08, 0x63, 0x08, 0x63, 0x08, 0x63, 0x08, 0x63, 0x08, 0x63, 0x08, 0x63, 0x08, 0x63, 0x08,
  0x63, 0x08, 0x63, 0x08, 0x63, 0x08, 0x63, 0x08, 0x63, 0x08, 0x63, 0x08, 0x63, 0x08, 0x63, 0x08,
  0x63, 0x08, 0x63, 0x08, 0x63, 0x08, 0x63, 0x08, 0x63, 0x08, 0x63, 0x08, 0x63, 0x08, 0x63, 0x08,
  0x63, 0x08, 0x63, 0x08, 0x63, 0x08, 0x63, 0x08, 0x63, 0x08, 0x63, 0x08, 0x63, 0x08, 0x63, 0x08,
  0x63, 0x08, 0x63, 0x08, 0x63, 0x08, 0x63, 0x08, 0x63, 0x08, 0x63, 0x08, 0x63, 0x08, 0x63, 0x08,
  0x63, 0x08, 0x63, 0x08, 0x63, 0x08, 0x63, 0x08, 0x63, 0x08, 0x63, 0x08, 0x63, 0x08, 0x63, 0x08,
  0x63, 0x08, 0x63, 0x08, 0x63, 0x08, 0x63, 0x08, 0x63, 0x08, 0x63, 0x08, 0x63, 0x08, 0x63, 0x08,
  0x63, 0x08, 0x63, 0x08, 0x63, 0x08, 0x63, 0x08, 0x63, 0x08, 0x63, 0x08, 0x63, 0x08, 0x63, 0x08,
  0x63, 0x08, 0x63, 0x08, 0x63, 0x08, 0x63, 0x08, 0x63, 0x08, 0x63, 0x08, 0x63, 0x08, 0x63, 0x08,
  0x63, 0x08, 0x63, 0x08, 0x63, 0x08, 0x63, 0x08, 0x63, 0x08, 0x63, 0x08, 0x63, 0x08, 0x63, 0x08,
  0x63, 0x08, 0x63, 0x08, 0x63, 0x08, 0x63, 0x08, 0x63, 0x08, 0x63, 0x08, 0x63, 0x08, 0x63, 0x08,
  0x63, 0x08, 0x63, 0x08, 0x63, 0x08, 0x63, 0x08, 0x63, 0x08, 0x63, 0x08, 0x63, 0x08, 0x63, 0x08,
  0x63, 0x08, 0x63, 0x08, 0x63, 0x08, 0x63, 0x08, 0x63, 0x08, 0x63, 0x08, 0x63, 0x08, 0x63, 0x08,
  0x63, 0x08, 0x63, 0x08, 0x63, 0x08, 0x63, 0x08, 0x63, 0x08, 0x63, 0x08, 0x63, 0x08, 0x63, 0x08,
  0x63, 0x08, 0x63, 0x08, 0x63, 0x08, 0x63, 0x08, 0x63, 0x08, 0x63, 0x08, 0x63, 0x08, 0x63, 0x08,
  0x63, 0x08, 0x63, 0x08, 0x63, 0x08, 0x63, 0x08, 0x63, 0x08, 0x63, 0x08, 0x63, 0x08, 0x63, 0x08,
  0x63, 0x08, 0x63, 0x08, 0x63, 0x08, 0x63, 0x08, 0x63, 0x08, 0x63, 0x08, 0x63, 0x08, 0x63, 0x08,
  0x63, 0x08, 0x63, 0x08, 0x63, 0x08, 0x63, 0x08, 0x63, 0x08, 0x63, 0x08, 0x63, 0x08, 0x63, 0x08,
  0x63, 0x08, 0x63, 0x08, 0x63, 0x08, 0x63, 0x08, 0x63, 0x08, 0x63, 0x08, 0x63, 0x08, 0x63, 0x08,
  0x63, 0x08, 0x63, 0x08, 0x63, 0x08, 0x63, 0x08, 0x63, 0x08, 0x63, 0x08, 0x63, 0x08, 0x63, 0x08,
  0x63, 0x08, 0x63, 0x08, 0x63, 0x08, 0x63, 0x08, 0x63, 0x08, 0x63, 0x08, 0x63, 0x08, 0x63, 0x08,
  0x63, 0x08, 0x63, 0x08, 0x63, 0x08, 0x63, 0x08, 0x63, 0x08, 0x63, 0x08, 0x63, 0x08, 0x63, 0x08,
  0x63, 0x08, 0x63, 0x08, 0x63, 0x08, 0x63, 0x08, 0x63, 0x08, 0x63, 0x08, 0x63, 0x08, 0x63, 0x08,
  0x63, 0x08, 0x63, 0x08, 0x63, 0x08, 0x63, 0x08, 0x63, 0x08, 0x63, 0x08, 0x63, 0x08, 0x63, 0x08,
  0x63, 0x08, 0x63, 0x08, 0x63, 0x08, 0x63, 0x08, 0x63, 0x08, 0x63, 0x08, 0x63, 0x08, 0x63, 0x08,
  0x63, 0x08, 0x63, 0x08, 0x63, 0x08, 0x63, 0x08, 0x63, 0x08, 0x63, 0x08, 0x63, 0x08, 0x63, 0x08,
  0x63, 0x08, 0x63, 0x08, 0x63, 0x08, 0x63, 0x08, 0x63, 0x08, 0x63, 0x08, 0x63, 0x08, 0x63, 0x08,
  0x63, 0x08, 0x63, 0x08, 0x63, 0x08, 0x63, 0x08, 0x63, 0x08, 0x63, 0x08, 0x63, 0x08, 0x63, 0x08,
  0x63, 0x08, 0x63, 0x08, 0x63, 0x08, 0x63, 0x08, 0x63, 0x08, 0x63, 0x08, 0x63, 0x08, 0x63, 0x08,
  0x63, 0x08, 0x63, 0x08, 0x63, 0x08, 0x63, 0x08, 0x63, 0x08, 0x63, 0x08, 0x63, 0x08, 0x63, 0x08,
  0x63, 0x08, 0x63, 0x08, 0x63, 0x08, 0x63, 0x08, 0x63, 0x08, 0x63, 0x08, 0x63, 0x08, 0x63, 0x08,
  0x63, 0x08, 0x63, 0x08, 0x63, 0x08, 0x63, 0x08, 0x63, 0x08, 0x63, 0x08, 0x63, 0x08, 0x63, 0x08,
  0x63, 0x08, 0x63, 0x08, 0x63, 0x08, 0x63, 0x08, 0x63, 0x08, 0x63, 0x08, 0x63, 0x08, 0x63, 0x08,
  0x63, 0x08, 0x63, 0x08, 0x63, 0x08, 0x63, 0x08, 0x63, 0x08, 0x63, 0x08, 0x63, 0x08, 0x63, 0x08,
  0x63, 0x08, 0x63, 0x08, 0x63, 0x08, 0x63, 0x08, 0x63, 0x08, 0x63, 0x08, 0x63, 0x08, 0x63, 0x08,
  0x63, 0x08, 0x63, 0x08, 0x63, 0x08, 0x63, 0x08, 0x63, 0x08, 0x63, 0x08, 0x63, 0x08, 0x63, 0x08,
  0x63, 0x08, 0x63, 0x08, 0x63, 0x08, 0x63, 0x08, 0x63, 0x08, 0x63, 0x08, 0x63, 0x08, 0x63, 0x08,
  0x63, 0x08, 0x63, 0x08, 0x63, 0x08, 0x63, 0x08, 0x63, 0x08, 0x63, 0x08, 0x63, 0x08, 0x63, 0x08,
  0x63, 0x08, 0x63, 0x08, 0x63, 0x08, 0x63, 0x08, 0x63, 0x08, 0x63, 0x08, 0x63, 0x08, 0x63, 0x08,
  0x63, 0x08, 0x63, 0x08, 0x63, 0x08, 0x63, 0x08, 0x63, 0x08, 0x63, 0x08, 0x63, 0x08, 0x63, 0x08,
  0x63, 0x08, 0x63, 0x08, 0x63, 0x08, 0x63, 0x08, 0x63, 0x08, 0x63, 0x08, 0x63, 0x08, 0x63, 0x08,
  0x63, 0x08, 0x63, 0x08, 0x63, 0x08, 0x63, 0x08, 0x63, 0x08, 0x63, 0x08, 0x63, 0x08, 0x63, 0x08,
  0x63, 0x08, 0x63, 0x08, 0x63, 0x08, 0x63, 0x08, 0x63, 0x08, 0x63, 0x08, 0x63, 0x08, 0x63, 0x08,
  0x63, 0x08, 0x63, 0x08, 0x63, 0x08, 0x63, 0x08, 0x63, 0x08, 0x63, 0x08, 0x63, 0x08, 0x63, 0x08,
  0x63, 0x08, 0x63, 0x08, 0x63, 0x08, 0x63, 0x08, 0x63, 0x08, 0x63, 0x08, 0x63, 0x08, 0x63, 0x08,
  0x63, 0x08, 0x63, 0x08, 0x63, 0x08, 0x63, 0x08, 0x63, 0x08, 0x63, 0x08, 0x63, 0x08, 0x63, 0x08,
  0x63, 0x08, 0x63, 0x08, 0x63, 0x08, 0x63, 0x08, 0x63, 0x08, 0x63, 0x08, 0x63, 0x08, 0x63, 0x08,
  0x63, 0x08, 0x63, 0x08, 0x63, 0x08, 0x63, 0x08, 0x63, 0x08, 0x63, 0x08, 0x63, 0x08, 0x63, 0x08,
  0x63, 0x08, 0x63, 0x08, 0x63, 0x08, 0x63, 0x08, 0x63, 0x08, 0x63, 0x08, 0x63, 0x08, 0x63, 0x08,
  0x63, 0x08, 0x63, 0x08, 0x63, 0x08, 0x63, 0x08, 0x63, 0x08, 0x63, 0x08, 0x63, 0x08, 0x63, 0x08,
  0x63, 0x08, 0x63, 0x08, 0x63, 0x08, 0x63, 0x08, 0x63, 0x08, 0x63, 0x08, 0x63, 0x08, 0x63, 0x08,
  0x63, 0x08, 0x63, 0x08, 0x63, 0x08, 0x63, 0x08, 0x63, 0x08, 0x63, 0x08, 0x63, 0x08, 0x63, 0x08,
  0x63, 0x08, 0x63, 0x08, 0x63, 0x08, 0x63, 0x08, 0x63, 0x08, 0x63, 0x08, 0x63, 0x08, 0x63, 0x08,
  0x63, 0x08, 0x63, 0x08, 0x63, 0x08, 0x63, 0x08, 0x63, 0x08, 0x63, 0x08, 0x63, 0x08, 0x63, 0x08,
  0x63, 0x08, 0x63, 0x08, 0x63, 0x08, 0x63, 0x08, 0x63, 0x08, 0x63, 0x08, 0x63, 0x08, 0x63, 0x08,
  0x63, 0x08, 0x63, 0x08, 0x63, 0x08, 0x63, 0x08, 0x63, 0x08, 0x63, 0x08, 0x63, 0x08, 0x63, 0x08,
  0x63, 0x08, 0x63, 0x08, 0x63, 0x08, 0x63, 0x08, 0x63, 0x08, 0x63, 0x08, 0x63, 0x08, 0x63, 0x08,
  0x63, 0x08, 0x63, 0x08, 0x63, 0x08, 0x63, 0x08, 0x63, 0x08, 0x63, 0x08, 0x63, 0x08, 0x63, 0x08,
  0x63, 0x08, 0x63, 0x08, 0x63, 0x08, 0x63, 0x08, 0x63, 0x08, 0x63, 0x08, 0x63, 0x08, 0x63, 0x08,
  0x63, 0x08, 0x63, 0x08, 0x63, 0x08, 0x63, 0x08, 0x63, 0x08, 0x63, 0x08, 0x63, 0x08, 0x63, 0x08,
  0x63, 0x08, 0x63, 0x08, 0x63, 0x08, 0x63, 0x08, 0x63, 0x08, 0x63, 0x08, 0x63, 0x08, 0x63, 0x08,
  0x63, 0x08, 0x63, 0x08, 0x63, 0x08, 0x63, 0x08, 0x63, 0x08, 0x63, 0x08, 0x63, 0x08, 0x63, 0x08,
  0x63, 0x08, 0x63, 0x08, 0x63, 0x08, 0x63, 0x08, 0x63, 0x08, 0x63, 0x08, 0x63, 0x08, 0x63, 0x08,
  0x63, 0x08, 0x63, 0x08, 0x63, 0x08, 0x63, 0x08, 0x63, 0x08, 0x63, 0x08, 0x63, 0x08, 0x63, 0x08,
  0x63, 0x08, 0x63, 0x08, 0x63, 0x08, 0x63, 0x08, 0x63, 0x08, 0x63, 0x08, 0x63, 0x08, 0x63, 0x08,
  0x63, 0x08, 0x63, 0x08, 0x63, 0x08, 0x63, 0x08, 0x63, 0x08, 0x63, 0x08, 0x63, 0x08, 0x63, 0x08,
  0x63, 0x08, 0x63, 0x08, 0x63, 0x08, 0x63, 0x08, 0x63, 0x08, 0x63, 0x08, 0x63, 0x08, 0x63, 0x08,
  0x63, 0x08, 0x63, 0x08, 0x63, 0x08, 0x63, 0x08, 0x63, 0x08, 0x63, 0x08, 0x63, 0x08, 0x63, 0x08,
  0x63, 0x08, 0x63, 0x08, 0x63, 0x08, 0x63, 0x08, 0x63, 0x08, 0x63, 0x08, 0x63, 0x08, 0x63, 0x08,
  0x63, 0x08, 0x63, 0x08, 0x63, 0x08, 0x63, 0x08, 0x63, 0x08, 0x63, 0x08, 0x63, 0x08, 0x63, 0x08,
  0x63, 0x08, 0x63, 0x08, 0x63, 0x08, 0x63, 0x08, 0x63, 0x08, 0x63, 0x08, 0x63, 0x08, 0x63, 0x08,
  0x63, 0x08, 0x63, 0x08, 0x63, 0x08, 0x63, 0x08, 0x63, 0x08, 0x63, 0x08, 0x63, 0x08, 0x63, 0x08,
  0x63, 0x08, 0x63, 0x08, 0x63, 0x08, 0x63, 0x08, 0x63, 0x08, 0x63, 0x08, 0x63, 0x08, 0x63, 0x08,
  0x63, 0x08, 0x63, 0x08, 0x63, 0x08, 0x63, 0x08, 0x63, 0x08, 0x63, 0x08, 0x63, 0x08, 0x63, 0x08,
  0x63, 0x08, 0x63, 0x08, 0x63, 0x08, 0x63, 0x08, 0x63, 0x08, 0x63, 0x08, 0x63, 0x08, 0x63, 0x08,
  0x63, 0x08, 0x63, 0x08, 0x63, 0x08, 0x63, 0x08, 0x63, 0x08, 0x63, 0x08, 0x63, 0x08, 0x63, 0x08,
  0x63, 0x08, 0x63, 0x08, 0x63, 0x08, 0x63, 0x08, 0x63, 0x08, 0x63, 0x08, 0x63, 0x08, 0x63, 0x08,
  0x63, 0x08, 0x63, 0x08, 0x63, 0x08, 0x63, 0x08, 0x63, 0x08, 0x63, 0x08, 0x63, 0x08, 0x63, 0x08,
  0x63, 0x08, 0x63, 0x08, 0x63, 0x08, 0x63, 0x08, 0x63, 0x08, 0x63, 0x08, 0x63, 0x08, 0x63, 0x08,
  0x63, 0x08, 0x63, 0x08, 0x63, 0x08, 0x63, 0x08, 0x63, 0x08, 0x63, 0x08, 0x63, 0x08, 0x63, 0x08,
  0x63, 0x08, 0x63, 0x08, 0x63, 0x08, 0x63, 0x08, 0x63, 0x08, 0x63, 0x08, 0x63, 0x08, 0x63, 0x08,
  0x63, 0x08, 0x63, 0x08, 0x63, 0x08, 0x63, 0x08, 0x63, 0x08, 0x63, 0x08, 0x63, 0x08, 0x63, 0x08,
  0x63, 0x08, 0x63, 0x08, 0x63, 0x08, 0x63, 0x08, 0x63, 0x08, 0x63, 0x08, 0x63, 0x08, 0x63, 0x08,
  0x63, 0x08, 0x63, 0x08, 0x63, 0x08, 0x63, 0x08, 0x63, 0x08, 0x63, 0x08, 0x63, 0x08, 0x63, 0x08,
  0x63, 0x08, 0x63, 0x08, 0x63, 0x08, 0x63, 0x08, 0x63, 0x08, 0x63, 0x08, 0x63, 0x08, 0x63, 0x08,
  0x63, 0x08, 0x63, 0x08, 0x63, 0x08, 0x63, 0x08, 0x63, 0x08, 0x63, 0x08, 0x63, 0x08, 0x63, 0x08,
  0x63, 0x08, 0x63, 0x08, 0x63, 0x08, 0x63, 0x08, 0x63, 0x08, 0x63, 0x08, 0x63, 0x08, 0x63, 0x08,
  0x63, 0x08, 0x63, 0x08, 0x63, 0x08, 0x63, 0x08, 0x63, 0x08, 0x63, 0x08, 0x63, 0x08, 0x63, 0x08,
  0x63, 0x08, 0x63, 0x08, 0x63, 0x08, 0x63, 0x08, 0x63, 0x08, 0x63, 0x08, 0x63, 0x08, 0x63, 0x08,
  0x63, 0x08, 0x63, 0x08, 0x63, 0x08, 0x63, 0x08, 0x63, 0x08, 0x63, 0x08, 0x63, 0x08, 0x63, 0x08,
  0x63, 0x08, 0x63, 0x08, 0x63, 0x08, 0x63, 0x08, 0x63, 0x08, 0x63, 0x08, 0x63, 0x08, 0x63, 0x08,
  0x63, 0x08, 0x63, 0x08, 0x63, 0x08, 0x63, 0x08, 0x63, 0x08, 0x63, 0x08, 0x63, 0x08, 0x63, 0x08,
  0x63, 0x08, 0x63, 0x08, 0x63, 0x08, 0x63, 0x08, 0x63, 0x08, 0x63, 0x08, 0x63, 0x08, 0x63, 0x08,
  0x63, 0x08, 0x63, 0x08, 0x63, 0x08, 0x63, 0x08, 0x63, 0x08, 0x63, 0x08, 0x63, 0x08, 0x63, 0x08,
  0x63, 0x08, 0x63, 0x08, 0x63, 0x08, 0x63, 0x08, 0x63, 0x08, 0x63, 0x08, 0x63, 0x08, 0x63, 0x08,
  0x63, 0x08, 0x63, 0x08, 0x63, 0x08, 0x63, 0x08, 0x63, 0x08, 0x63, 0x08, 0x63, 0x08, 0x63, 0x08,
  0x63, 0x08, 0x63, 0x08, 0x63, 0x08, 0x63, 0x08, 0x63, 0x08, 0x63, 0x08, 0x63, 0x08, 0x63, 0x08,
  0x63, 0x08, 0x63, 0x08, 0x63, 0x08, 0x63, 0x08, 0x63, 0x08, 0x63, 0x08, 0x63, 0x08, 0x63, 0x08,
  0x63, 0x08, 0x63, 0x08, 0x63, 0x08, 0x63, 0x08, 0x63, 0x08, 0x63, 0x08, 0x63, 0x08, 0x63, 0x08,
  0x63, 0x08, 0x63, 0x08, 0x63, 0x08, 0x63, 0x08, 0x63, 0x08, 0x63, 0x08, 0x63, 0x08, 0x63, 0x08,
  0x63, 0x08, 0x63, 0x08, 0x63, 0x08, 0x63, 0x08, 0x63, 0x08, 0x63, 0x08, 0x63, 0x08, 0x63, 0x08,
  0x63, 0x08, 0x63, 0x08, 0x63, 0x08, 0x63, 0x08, 0x63, 0x08, 0x63, 0x08, 0x63, 0x08, 0x63, 0x08,
  0x63, 0x08, 0x63, 0x08, 0x63, 0x08, 0x63, 0x08, 0x63, 0x08, 0x63, 0x08, 0x63, 0x08, 0x63, 0x08,
  0x63, 0x08, 0x63, 0x08, 0x63, 0x08, 0x63, 0x08, 0x63, 0x08, 0x63, 0x08, 0x63, 0x08, 0x63, 0x08,
  0x63, 0x08, 0x63, 0x08, 0x63, 0x08, 0x63, 0x08, 0x63, 0x08, 0x63, 0x08, 0x63, 0x08, 0x63, 0x08,
  0x63, 0x08, 0x63, 0x08, 0x63, 0x08, 0x63, 0x08, 0x63, 0x08, 0x63, 0x08, 0x63, 0x08, 0x63, 0x08,
  0x63, 0x08, 0x63, 0x08, 0x63, 0x08, 0x63, 0x08, 0x63, 0x08, 0x63, 0x08, 0x63, 0x08, 0x63, 0x08,
  0x63, 0x08, 0x63, 0x08, 0x63, 0x08, 0x63, 0x08, 0x63, 0x08, 0x63, 0x08, 0x63, 0x08, 0x63, 0x08,
  0x63, 0x08, 0x63, 0x08, 0x63, 0x08, 0x63, 0x08, 0x63, 0x08, 0x63, 0x08, 0x63, 0x08, 0x63, 0x08,
  0x63, 0x08, 0x63, 0x08, 0x63, 0x08, 0x63, 0x08, 0x63, 0x08, 0x63, 0x08, 0x63, 0x08, 0x63, 0x08,
  0x63, 0x08, 0x63, 0x08, 0x63, 0x08, 0x63, 0x08, 0x63, 0x08, 0x63, 0x08, 0x63, 0x08, 0x63, 0x08,
  0x63, 0x08, 0x63, 0x08, 0x63, 0x08, 0x63, 0x08, 0x63, 0x08, 0x63, 0x08, 0x63, 0x08, 0x63, 0x08,
  0x63, 0x08, 0x63, 0x08, 0x63, 0x08, 0x63, 0x08, 0x63, 0x08, 0x63, 0x08, 0x63, 0x08, 0x63, 0x08,
  0x63, 0x08, 0x63, 0x08, 0x63, 0x08, 0x63, 0x08, 0x63, 0x08, 0x63, 0x08, 0x63, 0x08, 0x63, 0x08,
  0x63, 0x08, 0x63, 0x08, 0x63, 0x08, 0x63, 0x08, 0x63, 0x08, 0x63, 0x08, 0x63, 0x08, 0x63, 0x08,
  0x63, 0x08, 0x63, 0x08, 0x63, 0x08, 0x63, 0x08, 0x63, 0x08, 0x63, 0x08, 0x63, 0x08, 0x63, 0x08,
  0x63, 0x08, 0x63, 0x08, 0x63, 0x08, 0x63, 0x08, 0x63, 0x08, 0x63, 0x08, 0x63, 0x08, 0x63, 0x08,
  0x63, 0x08, 0x63, 0x08, 0x63, 0x08, 0x63, 0x08, 0x63, 0x08, 0x63, 0x08, 0x63, 0x08, 0x63, 0x08,
  0x63, 0x08, 0x63, 0x08, 0x63, 0x08, 0x63, 0x08, 0x63, 0x08, 0x63, 0x08, 0x63, 0x08, 0x63, 0x08,
  0x63, 0x08, 0x63, 0x08, 0x63, 0x08, 0x63, 0x08, 0x63, 0x08, 0x63, 0x08, 0x63, 0x08, 0x63, 0x08,
  0x63, 0x08, 0x63, 0x08, 0x63, 0x08, 0x63, 0x08, 0x63, 0x08, 0x63, 0x08, 0x63, 0x08, 0x63, 0x08,
  0x63, 0x08, 0x63, 0x08, 0x63, 0x08, 0x63, 0x08, 0x63, 0x08, 0x63, 0x08, 0x63, 0x08, 0x63, 0x08,
  0x63, 0x08, 0x63, 0x08, 0x63, 0x08, 0x63, 0x08, 0x63, 0x08, 0x63, 0x08, 0x63, 0x08, 0x63, 0x08,
  0x63, 0x08, 0x63, 0x08, 0x63, 0x08, 0x63, 0x08, 0x63, 0x08, 0x63, 0x08, 0x63, 0x08, 0x63, 0x08,
  0x63, 0x08, 0x63, 0x08, 0x63, 0x08, 0x63, 0x08, 0x63, 0x08, 0x63, 0x08, 0x63, 0x08, 0x63, 0x08,
  0x63, 0x08, 0x63, 0x08, 0x63, 0x08, 0x63, 0x08, 0x63, 0x08, 0x63, 0x08, 0x63, 0x08, 0x63, 0x08,
  0x63, 0x08, 0x63, 0x08, 0x63, 0x08, 0x63, 0x08, 0x63, 0x08, 0x63, 0x08, 0x63, 0x08, 0x63, 0x08,
  0x63, 0x08, 0x63, 0x08, 0x63, 0x08, 0x63, 0x08, 0x63, 0x08, 0x63, 0x08, 0x63, 0x08, 0x63, 0x08,
  0x63, 0x08, 0x63, 0x08, 0x63, 0x08, 0x63, 0x08, 0x63, 0x08, 0x63, 0x08, 0x63, 0x08, 0x63, 0x08,
  0x63, 0x08, 0x63, 0x08, 0x63, 0x08, 0x63, 0x08, 0x63, 0x08, 0x63, 0x08, 0x63, 0x08, 0x63, 0x08,
  0x63, 0x08, 0x63, 0x08, 0x63, 0x08, 0x63, 0x08, 0x63, 0x08, 0x63, 0x08, 0x63, 0x08, 0x63, 0x08,
  0x63, 0x08, 0x63, 0x08, 0x63, 0x08, 0x63, 0x08, 0x63, 0x08, 0x63, 0x08, 0x63, 0x08, 0x63, 0x08,
  0x63, 0x08, 0x63, 0x08, 0x63, 0x08, 0x63, 0x08, 0x63, 0x08, 0x63, 0x08, 0x63, 0x08, 0x63, 0x08,
  0x63, 0x08, 0x63, 0x08, 0x63, 0x08, 0x63, 0x08, 0x63, 0x08, 0x63, 0x08, 0x63, 0x08, 0x63, 0x08,
  0x63, 0x08, 0x63, 0x08, 0x63, 0x08, 0x63, 0x08, 0x63, 0x08, 0x63, 0x08, 0x63, 0x08, 0x63, 0x08,
  0x63, 0x08, 0x63, 0x08, 0x63, 0x08, 0x63, 0x08, 0x63, 0x08, 0x63, 0x08, 0x63, 0x08, 0x63, 0x08,
  0x63, 0x08, 0x63, 0x08, 0x63, 0x08, 0x63, 0x08, 0x63, 0x08, 0x63, 0x08, 0x63, 0x08, 0x63, 0x08,
  0x63, 0x08, 0x63, 0x08, 0x63, 0x08, 0x63, 0x08, 0x63, 0x08, 0x63, 0x08, 0x63, 0x08, 0x63, 0x08,
  0x63, 0x08, 0x63, 0x08, 0x63, 0x08, 0x63, 0x08, 0x63, 0x08, 0x63, 0x08, 0x63, 0x08, 0x63, 0x08,
  0x63, 0x08, 0x63, 0x08, 0x63, 0x08, 0x63, 0x08, 0x63, 0x08, 0x63, 0x08, 0x63, 0x08, 0x63, 0x08,
  0x63, 0x08, 0x63, 0x08, 0x63, 0x08, 0x63, 0x08, 0x63, 0x08, 0x63, 0x08, 0x63, 0x08, 0x63, 0x08,
  0x63, 0x08, 0x63, 0x08, 0x63, 0x08, 0x63, 0x08, 0x63, 0x08, 0x63, 0x08, 0x63, 0x08, 0x63, 0x08,
  0x63, 0x08, 0x63, 0x08, 0x63, 0x08, 0x63, 0x08, 0x63, 0x08, 0x63, 0x08, 0x63, 0x08, 0x63, 0x08,
  0x63, 0x08, 0x63, 0x08, 0x63, 0x08, 0x63, 0x08, 0x63, 0x08, 0x63, 0x08, 0x63, 0x08, 0x63, 0x08,
  0x63, 0x08, 0x63, 0x08, 0x63, 0x08, 0x63, 0x08, 0x63, 0x08, 0x63, 0x08, 0x63, 0x08, 0x63, 0x08,
  0x63, 0x08, 0x63, 0x08, 0x63, 0x08, 0x63, 0x08, 0x63, 0x08, 0x63, 0x08, 0x63, 0x08, 0x63, 0x08,
  0x63, 0x08, 0x63, 0x08, 0x63, 0x08, 0x63, 0x08, 0x63, 0x08, 0x63, 0x08, 0x63, 0x08, 0x63, 0x08,
  0x63, 0x08, 0x63, 0x08, 0x63, 0x08, 0x63, 0x08, 0x63, 0x08, 0x63, 0x08, 0x63, 0x08, 0x63, 0x08,
  0x63, 0x08, 0x63, 0x08, 0x63, 0x08, 0x63, 0x08, 0x63, 0x08, 0x63, 0x08, 0x63, 0x08, 0x63, 0x08,
  0x63, 0x08, 0x63, 0x08, 0x63, 0x08, 0x63, 0x08, 0x63, 0x08, 0x63, 0x08, 0x63, 0x08, 0x63, 0x08,
  0x63, 0x08, 0x63, 0x08, 0x63, 0x08, 0x63, 0x08, 0x63, 0x08, 0x63, 0x08, 0x63, 0x08, 0x63, 0x08,
  0x63, 0x08, 0x63, 0x08, 0x63, 0x08, 0x63, 0x08, 0x63, 0x08, 0x63, 0x08, 0x63, 0x08, 0x63, 0x08,
  0x63, 0x08, 0x63, 0x08, 0x63, 0x08, 0x63, 0x08, 0x63, 0x08, 0x63, 0x08, 0x63, 0x08, 0x63, 0x08,
  0x63, 0x08, 0x63, 0x08, 0x63, 0x08, 0x63, 0x08, 0x63, 0x08, 0x63, 0x08, 0x63, 0x08, 0x63, 0x08,
  0x63, 0x08, 0x63, 0x08, 0x63, 0x08, 0x63, 0x08, 0x63, 0x08, 0x63, 0x08, 0x63, 0x08, 0x63, 0x08,
  0x63, 0x08, 0x63, 0x08, 0x63, 0x08, 0x63, 0x08, 0x63, 0x08, 0x63, 0x08, 0x63, 0x08, 0x63, 0x08,
  0x63, 0x08, 0x63, 0x08, 0x63, 0x08, 0x63, 0x08, 0x63, 0x08, 0x63, 0x08, 0x63, 0x08, 0x63, 0x08,
  0x63, 0x08, 0x63, 0x08, 0x63, 0x08, 0x63, 0x08, 0x63, 0x08, 0x63, 0x08, 0x63, 0x08, 0x63, 0x08,
  0x63, 0x08, 0x63, 0x08, 0x63, 0x08, 0x63, 0x08, 0x63, 0x08, 0x63, 0x08, 0x63, 0x08, 0x63, 0x08,
  0x63, 0x08, 0x63, 0x08, 0x63, 0x08, 0x63, 0x08, 0x63, 0x08, 0x63, 0x08, 0x63, 0x08, 0x63, 0x08,
  0x63, 0x08, 0x63, 0x08, 0x63, 0x08, 0x63, 0x08, 0x63, 0x08, 0x63, 0x08, 0x63, 0x08, 0x63, 0x08,
  0x63, 0x08, 0x63, 0x08, 0x63, 0x08, 0x63, 0x08, 0x63, 0x08, 0x63, 0x08, 0x63, 0x08, 0x63, 0x08,
  0x63, 0x08, 0x63, 0x08, 0x63, 0x08, 0x63, 0x08, 0x63, 0x08, 0x63, 0x08, 0x63, 0x08, 0x63, 0x08,
  0x63, 0x08, 0x63, 0x08, 0x63, 0x08, 0x63, 0x08, 0x63, 0x08, 0x63, 0x08, 0x63, 0x08, 0x63, 0x08,
  0x63, 0x08, 0x63, 0x08, 0x63, 0x08, 0x63, 0x08, 0x63, 0x08, 0x63, 0x08, 0x63, 0x08, 0x63, 0x08,
  0x63, 0x08, 0x63, 0x08, 0x63, 0x08, 0x63, 0x08, 0x63, 0x08, 0x63, 0x08, 0x63, 0x08, 0x63, 0x08,
  0x63, 0x08, 0x63, 0x08, 0x63, 0x08, 0x63, 0x08, 0x63, 0x08, 0x63, 0x08, 0x63, 0x08, 0x63, 0x08,
  0x63, 0x08, 0x63, 0x08, 0x63, 0x08, 0x63, 0x08, 0x63, 0x08, 0x63, 0x08, 0x63, 0x08, 0x63, 0x08,
  0x63, 0x08, 0x63, 0x08, 0x63, 0x08, 0x63, 0x08, 0x63, 0x08, 0x63, 0x08, 0x63, 0x08, 0x63, 0x08,
  0x63, 0x08, 0x63, 0x08, 0x63, 0x08, 0x63, 0x08, 0x63, 0x08, 0x63, 0x08, 0x63, 0x08, 0x63, 0x08,
  0x63, 0x08, 0x63, 0x08, 0x63, 0x08, 0x63, 0x08, 0x63, 0x08, 0x63, 0x08, 0x63, 0x08, 0x63, 0x08,
  0x63, 0x08, 0x63, 0x08, 0x63, 0x08, 0x63, 0x08, 0x63, 0x08, 0x63, 0x08, 0x63, 0x08, 0x63, 0x08,
  0x63, 0x08, 0x63, 0x08, 0x63, 0x08, 0x63, 0x08, 0x63, 0x08, 0x63, 0x08, 0x63, 0x08, 0x63, 0x08,
  0x63, 0x08, 0x63, 0x08, 0x63, 0x08, 0x63, 0x08, 0x63, 0x08, 0x63, 0x08, 0x63, 0x08, 0x63, 0x08,
  0x63, 0x08, 0x63, 0x08, 0x63, 0x08, 0x63, 0x08, 0x63, 0x08, 0x63, 0x08, 0x63, 0x08, 0x63, 0x08,
  0x63, 0x08, 0x63, 0x08, 0x63, 0x08, 0x63, 0x08, 0x63, 0x08, 0x63, 0x08, 0x63, 0x08, 0x63, 0x08,
  0x63, 0x08, 0x63, 0x08, 0x63, 0x08, 0x63, 0x08, 0x63, 0x08, 0x63, 0x08, 0x63, 0x08, 0x63, 0x08,
  0x63, 0x08, 0x63, 0x08, 0x63, 0x08, 0x63, 0x08, 0x63, 0x08, 0x63, 0x08, 0x63, 0x08, 0x63, 0x08,
  0x63, 0x08, 0x63, 0x08, 0x63, 0x08, 0x63, 0x08, 0x63, 0x08, 0x63, 0x08, 0x63, 0x08, 0x63, 0x08,
  0x63, 0x08, 0x63, 0x08, 0x63, 0x08, 0x63, 0x08, 0x63, 0x08, 0x63, 0x08, 0x63, 0x08, 0x63, 0x08,
  0x63, 0x08, 0x63, 0x08, 0x63, 0x08, 0x63, 0x08, 0x63, 0x08, 0x63, 0x08, 0x63, 0x08, 0x63, 0x08,
  0x63, 0x08, 0x63, 0x08, 0x63, 0x08, 0x63, 0x08, 0x63, 0x08, 0x63, 0x08, 0x63, 0x08, 0x63, 0x08,
  0x63, 0x08, 0x63, 0x08, 0x63, 0x08, 0x63, 0x08, 0x63, 0x08, 0x63, 0x08, 0x63, 0x08, 0x63, 0x08,
  0x63, 0x08, 0x63, 0x08, 0x63, 0x08, 0x63, 0x08, 0x63, 0x08, 0x63, 0x08, 0x63, 0x08, 0x63, 0x08,
  0x63, 0x08, 0x63, 0x08, 0x63, 0x08, 0x63, 0x08, 0x63, 0x08, 0x63, 0x08, 0x63, 0x08, 0x63, 0x08,
  0x63, 0x08, 0x63, 0x08, 0x63, 0x08, 0x63, 0x08, 0x63, 0x08, 0x63, 0x08, 0x63, 0x08, 0x63, 0x08,
  0x63, 0x08, 0x63, 0x08, 0x63, 0x08, 0x63, 0x08, 0x63, 0x08, 0x63, 0x08, 0x63, 0x08, 0x63, 0x08,
  0x63, 0x08, 0x63, 0x08, 0x63, 0x08, 0x63, 0x08, 0x63, 0x08, 0x63, 0x08, 0x63, 0x08, 0x63, 0x08,
  0x63, 0x08, 0x63, 0x08, 0x63, 0x08, 0x63, 0x08, 0x63, 0x08, 0x63, 0x08, 0x63, 0x08, 0x63, 0x08,
  0x63, 0x08, 0x63, 0x08, 0x63, 0x08, 0x63, 0x08, 0x63, 0x08, 0x63, 0x08, 0x63, 0x08, 0x63, 0x08,
  0x63, 0x08, 0x63, 0x08, 0x63, 0x08, 0x63, 0x08, 0x63, 0x08, 0x63, 0x08, 0x63, 0x08, 0x63, 0x08,
  0x63, 0x08, 0x63, 0x08, 0x63, 0x08, 0x63, 0x08, 0x63, 0x08, 0x63, 0x08, 0x63, 0x08, 0x63, 0x08,
  0x63, 0x08, 0x63, 0x08, 0x63, 0x08, 0x63, 0x08, 0x63, 0x08, 0x63, 0x08, 0x63, 0x08, 0x63, 0x08,
  0x63, 0x08, 0x63, 0x08, 0x63, 0x08, 0x63, 0x08, 0x63, 0x08, 0x63, 0x08, 0x63, 0x08, 0x63, 0x08,
  0x63, 0x08, 0x63, 0x08, 0x63, 0x08, 0x63, 0x08, 0x63, 0x08, 0x63, 0x08, 0x63, 0x08, 0x63, 0x08,
  0x63, 0x08, 0x63, 0x08, 0x63, 0x08, 0x63, 0x08, 0x63, 0x08, 0x63, 0x08, 0x63, 0x08, 0x63, 0x08,
  0x63, 0x08, 0x63, 0x08, 0x63, 0x08, 0x63, 0x08, 0x63, 0x08, 0x63, 0x08, 0x63, 0x08, 0x63, 0x08,
  0x63, 0x08, 0x63, 0x08, 0x63, 0x08, 0x63, 0x08, 0x63, 0x08, 0x63, 0x08, 0x63, 0x08, 0x63, 0x08,
  0x63, 0x08, 0x63, 0x08, 0x63, 0x08, 0x63, 0x08, 0x63, 0x08, 0x63, 0x08, 0x63, 0x08, 0x63, 0x08,
  0x63, 0x08, 0x63, 0x08, 0x63, 0x08, 0x63, 0x08, 0x63, 0x08, 0x63, 0x08, 0x63, 0x08, 0x63, 0x08,
  0x63, 0x08, 0x63, 0x08, 0x63, 0x08, 0x63, 0x08, 0x63, 0x08, 0x63, 0x08, 0x63, 0x08, 0x63, 0x08,
  0x63, 0x08, 0x63, 0x08, 0x63, 0x08, 0x63, 0x08, 0x63, 0x08, 0x63, 0x08, 0x63, 0x08, 0x63, 0x08,
  0x63, 0x08, 0x63, 0x08, 0x63, 0x08, 0x63, 0x08, 0x63, 0x08, 0x63, 0x08, 0x63, 0x08, 0x63, 0x08,
  0x63, 0x08, 0x63, 0x08, 0x63, 0x08, 0x63, 0x08, 0x63, 0x08, 0x63, 0x08, 0x63, 0x08, 0x63, 0x08,
  0x63, 0x08, 0x63, 0x08, 0x63, 0x08, 0x63, 0x08, 0x63, 0x08, 0x63, 0x08, 0x63, 0x08, 0x63, 0x08,
  0x63, 0x08, 0x63, 0x08, 0x63, 0x08, 0x63, 0x08, 0x63, 0x08, 0x63, 0x08, 0x63, 0x08, 0x63, 0x08,
  0x63, 0x08, 0x63, 0x08, 0x63, 0x08, 0x63, 0x08, 0x63, 0x08, 0x63, 0x08, 0x63, 0x08, 0x63, 0x08,
  0x63, 0x08, 0x63, 0x08, 0x63, 0x08, 0x63, 0x08, 0x63, 0x08, 0x63, 0x08, 0x63, 0x08, 0x63, 0x08,
  0x63, 0x08, 0x63, 0x08, 0x63, 0x08, 0x63, 0x08, 0x63, 0x08, 0x63, 0x08, 0x63, 0x08, 0x63, 0x08,
  0x63, 0x08, 0x63, 0x08, 0x63, 0x08, 0x63, 0x08, 0x63, 0x08, 0x63, 0x08, 0x63, 0x08, 0x63, 0x08,
  0x63, 0x08, 0x63, 0x08, 0x63, 0x08, 0x63, 0x08, 0x63, 0x08, 0x63, 0x08, 0x63, 0x08, 0x63, 0x08,
  0x63, 0x08, 0x63, 0x08, 0x63, 0x08, 0x63, 0x08, 0x63, 0x08, 0x63, 0x08, 0x63, 0x08, 0x63, 0x08,
  0x63, 0x08, 0x63, 0x08, 0x63, 0x08, 0x63, 0x08, 0x63, 0x08, 0x63, 0x08, 0x63, 0x08, 0x63, 0x08,
  0x63, 0x08, 0x63, 0x08, 0x63, 0x08, 0x63, 0x08, 0x63, 0x08, 0x63, 0x08, 0x63, 0x08, 0x63, 0x08,
  0x63, 0x08, 0x63, 0x08, 0x63, 0x08, 0x63, 0x08, 0x63, 0x08, 0x63, 0x08, 0x63, 0x08, 0x63, 0x08,
  0x63, 0x08, 0x63, 0x08, 0x63, 0x08, 0x63, 0x08, 0x63, 0x08, 0x63, 0x08, 0x63, 0x08, 0x63, 0x08,
  0x63, 0x08, 0x63, 0x08, 0x63, 0x08, 0x63, 0x08, 0x63, 0x08, 0x63, 0x08, 0x63, 0x08, 0x63, 0x08,
  0x63, 0x08, 0x63, 0x08, 0x63, 0x08, 0x63, 0x08, 0x63, 0x08, 0x63, 0x08, 0x63, 0x08, 0x63, 0x08,
  0x63, 0x08, 0x63, 0x08, 0x63, 0x08, 0x63, 0x08, 0x63, 0x08, 0x63, 0x08, 0x63, 0x08, 0x63, 0x08,
  0x63, 0x08, 0x63, 0x08, 0x63, 0x08, 0x63, 0x08, 0x63, 0x08, 0x63, 0x08, 0x63, 0x08, 0x63, 0x08,
  0x63, 0x08, 0x63, 0x08, 0x63, 0x08, 0x63, 0x08, 0x63, 0x08, 0x63, 0x08, 0x63, 0x08, 0x63, 0x08,
  0x63, 0x08, 0x63, 0x08, 0x63, 0x08, 0x63, 0x08, 0x63, 0x08, 0x63, 0x08, 0x63, 0x08, 0x63, 0x08,
  0x63, 0x08, 0x63, 0x08, 0x63, 0x08, 0x63, 0x08, 0x63, 0x08, 0x63, 0x08, 0x63, 0x08, 0x63, 0x08,
  0x63, 0x08, 0x63, 0x08, 0x63, 0x08, 0x63, 0x08, 0x63, 0x08, 0x63, 0x08, 0x63, 0x08, 0x63, 0x08,
  0x63, 0x08, 0x63, 0x08, 0x63, 0x08, 0x63, 0x08, 0x63, 0x08, 0x63, 0x08, 0x63, 0x08, 0x63, 0x08,
  0x63, 0x08, 0x63, 0x08, 0x63, 0x08, 0x63, 0x08, 0x63, 0x08, 0x63, 0x08, 0x63, 0x08, 0x63, 0x08,
  0x63, 0x08, 0x63, 0x08, 0x63, 0x08, 0x63, 0x08, 0x63, 0x08, 0x63, 0x08, 0x63, 0x08, 0x63, 0x08,
  0x63, 0x08, 0x63, 0x08, 0x63, 0x08, 0x63, 0x08, 0x63, 0x08, 0x63, 0x08, 0x63, 0x08, 0x63, 0x08,
  0x63, 0x08, 0x63, 0x08, 0x63, 0x08, 0x63, 0x08, 0x63, 0x08, 0x63, 0x08, 0x63, 0x08, 0x63, 0x08,
  0x63, 0x08, 0x63, 0x08, 0x63, 0x08, 0x63, 0x08, 0x63, 0x08, 0x63, 0x08, 0x63, 0x08, 0x63, 0x08,
  0x63, 0x08, 0x63, 0x08, 0x63, 0x08, 0x63, 0x08, 0x63, 0x08, 0x63, 0x08, 0x63, 0x08, 0x63, 0x08,
  0x63, 0x08, 0x63, 0x08, 0x63, 0x08, 0x63, 0x08, 0x63, 0x08, 0x63, 0x08, 0x63, 0x08, 0x63, 0x08,
  0x63, 0x08, 0x63, 0x08, 0x63, 0x08, 0x63, 0x08, 0x63, 0x08, 0x63, 0x08, 0x63, 0x08, 0x63, 0x08,
  0x63, 0x08, 0x63, 0x08, 0x63, 0x08, 0x63, 0x08, 0x63, 0x08, 0x63, 0x08, 0x63, 0x08, 0x63, 0x08,
  0x63, 0x08, 0x63, 0x08, 0x63, 0x08, 0x63, 0x08, 0x63, 0x08, 0x63, 0x08, 0x63, 0x08, 0x63, 0x08,
  0x63, 0x08, 0x63, 0x08, 0x63, 0x08, 0x63, 0x08, 0x63, 0x08, 0x63, 0x08, 0x63, 0x08, 0x63, 0x08,
  0x63, 0x08, 0x63, 0x08, 0x63, 0x08, 0x63, 0x08, 0x63, 0x08, 0x63, 0x08, 0x63, 0x08, 0x63, 0x08,
  0x63, 0x08, 0x63, 0x08, 0x63, 0x08, 0x63, 0x08, 0x63, 0x08, 0x63, 0x08, 0x63, 0x08, 0x63, 0x08,
  0x63, 0x08, 0x63, 0x08, 0x63, 0x08, 0x63, 0x08, 0x63, 0x08, 0x63, 0x08, 0x63, 0x08, 0x63, 0x08,
  0x63, 0x08, 0x63, 0x08, 0x63, 0x08, 0x63, 0x08, 0x63, 0x08, 0x63, 0x08, 0x63, 0x08, 0x63, 0x08,
  0x63, 0x08, 0x63, 0x08, 0x63, 0x08, 0x63, 0x08, 0x63, 0x08, 0x63, 0x08, 0x63, 0x08, 0x63, 0x08,
  0x63, 0x08, 0x63, 0x08, 0x63, 0x08, 0x63, 0x08, 0x63, 0x08, 0x63, 0x08, 0x63, 0x08, 0x63, 0x08,
  0x63, 0x08, 0x63, 0x08, 0x63, 0x08, 0x63, 0x08, 0x63, 0x08, 0x63, 0x08, 0x63, 0x08, 0x63, 0x08,
  0x63, 0x08, 0x63, 0x08, 0x63, 0x08, 0x63, 0x08, 0x63, 0x08, 0x63, 0x08, 0x63, 0x08, 0x63, 0x08,
  0x63, 0x08, 0x63, 0x08, 0x63, 0x08, 0x63, 0x08, 0x63, 0x08, 0x63, 0x08, 0x63, 0x08, 0x63, 0x08,
  0x63, 0x08, 0x63, 0x08, 0x63, 0x08, 0x63, 0x08, 0x63, 0x08, 0x63, 0x08, 0x63, 0x08, 0x63, 0x08,
  0x63, 0x08, 0x63, 0x08, 0x63, 0x08, 0x63, 0x08, 0x63, 0x08, 0x63, 0x08, 0x63, 0x08, 0x63, 0x08,
  0x63, 0x08, 0x63, 0x08, 0x63, 0x08, 0x63, 0x08, 0x63, 0x08, 0x63, 0x08, 0x63, 0x08, 0x63, 0x08,
  0x63, 0x08, 0x63, 0x08, 0x63, 0x08, 0x63, 0x08, 0x63, 0x08, 0x63, 0x08, 0x63, 0x08, 0x63, 0x08,
  0x63, 0x08, 0x63, 0x08, 0x63, 0x08, 0x63, 0x08, 0x63, 0x08, 0x63, 0x08, 0x63, 0x08, 0x63, 0x08,
  0x63, 0x08, 0x63, 0x08, 0x63, 0x08, 0x63, 0x08, 0x63, 0x08, 0x63, 0x08, 0x63, 0x08, 0x63, 0x08,
  0x63, 0x08, 0x63, 0x08, 0x63, 0x08, 0x63, 0x08, 0x63, 0x08, 0x63, 0x08, 0x63, 0x08, 0x63, 0x08,
  0x63, 0x08, 0x63, 0x08, 0x63, 0x08, 0x63, 0x08, 0x63, 0x08, 0x63, 0x08, 0x63, 0x08, 0x63, 0x08,
  0x63, 0x08, 0x63, 0x08, 0x63, 0x08, 0x63, 0x08, 0x63, 0x08, 0x63, 0x08, 0x63, 0x08, 0x63, 0x08,
  0x63, 0x08, 0x63, 0x08, 0x63, 0x08, 0x63, 0x08, 0x63, 0x08, 0x63, 0x08, 0x63, 0x08, 0x63, 0x08,
  0x63, 0x08, 0x63, 0x08, 0x63, 0x08, 0x63, 0x08, 0x63, 0x08, 0x63, 0x08, 0x63, 0x08, 0x63, 0x08,
  0x63, 0x08, 0x63, 0x08, 0x63, 0x08, 0x63, 0x08, 0x63, 0x08, 0x63, 0x08, 0x63, 0x08, 0x63, 0x08,
  0x63, 0x08, 0x63, 0x08, 0x63, 0x08, 0x63, 0x08, 0x63, 0x08, 0x63, 0x08, 0x63, 0x08, 0x63, 0x08,
  0x63, 0x08, 0x63, 0x08, 0x63, 0x08, 0x63, 0x08, 0x63, 0x08, 0x63, 0x08, 0x63, 0x08, 0x63, 0x08,
  0x63, 0x08, 0x63, 0x08, 0x63, 0x08, 0x63, 0x08, 0x63, 0x08, 0x63, 0x08, 0x63, 0x08, 0x63, 0x08,
  0x63, 0x08, 0x63, 0x08, 0x63, 0x08, 0x63, 0x08, 0x63, 0x08, 0x63, 0x08, 0x63, 0x08, 0x63, 0x08,
  0x63, 0x08, 0x63, 0x08, 0x63, 0x08, 0x63, 0x08, 0x63, 0x08, 0x63, 0x08, 0x63, 0x08, 0x63, 0x08,
  0x63, 0x08, 0x63, 0x08, 0x63, 0x08, 0x63, 0x08, 0x63, 0x08, 0x63, 0x08, 0x63, 0x08, 0x63, 0x08,
  0x63, 0x08, 0x63, 0x08, 0x63, 0x08, 0x63, 0x08, 0x63, 0x08, 0x63, 0x08, 0x63, 0x08, 0x63, 0x08,
  0x63, 0x08, 0x63, 0x08, 0x63, 0x08, 0x63, 0x08, 0x63, 0x08, 0x63, 0x08, 0x63, 0x08, 0x63, 0x08,
  0x63, 0x08, 0x63, 0x08, 0x63, 0x08, 0x63, 0x08, 0x63, 0x08, 0x63, 0x08, 0x63, 0x08, 0x63, 0x08,
  0x63, 0x08, 0x63, 0x08, 0x63, 0x08, 0x63, 0x08, 0x63, 0x08, 0x63, 0x08, 0x63, 0x08, 0x63, 0x08,
  0x63, 0x08, 0x63, 0x08, 0x63, 0x08, 0x63, 0x08, 0x63, 0x08, 0x63, 0x08, 0x63, 0x08, 0x63, 0x08,
  0x63, 0x08, 0x63, 0x08, 0x63, 0x08, 0x63, 0x08, 0x63, 0x08, 0x63, 0x08, 0x63, 0x08, 0x63, 0x08,
  0x63, 0x08, 0x63, 0x08, 0x63, 0x08, 0x63, 0x08, 0x63, 0x08, 0x63, 0x08, 0x63, 0x08, 0x63, 0x08,
  0x63, 0x08, 0x63, 0x08, 0x63, 0x08, 0x63, 0x08, 0x63, 0x08, 0x63, 0x08, 0x63, 0x08, 0x63, 0x08,
  0x63, 0x08, 0x63, 0x08, 0x63, 0x08, 0x63, 0x08, 0x63, 0x08, 0x63, 0x08, 0x63, 0x08, 0x63, 0x08,
  0x63, 0x08, 0x63, 0x08, 0x63, 0x08, 0x63, 0x08, 0x63, 0x08, 0x63, 0x08, 0x63, 0x08, 0x63, 0x08,
  0x63, 0x08, 0x63, 0x08, 0x63, 0x08, 0x63, 0x08, 0x63, 0x08, 0x63, 0x08, 0x63, 0x08, 0x63, 0x08,
  0x63, 0x08, 0x63, 0x08, 0x63, 0x08, 0x63, 0x08, 0x63, 0x08, 0x63, 0x08, 0x63, 0x08, 0x63, 0x08,
  0x63, 0x08, 0x63, 0x08, 0x63, 0x08, 0x63, 0x08, 0x63, 0x08, 0x63, 0x08, 0x63, 0x08, 0x63, 0x08,
  0x63, 0x08, 0x63, 0x08, 0x63, 0x08, 0x63, 0x08, 0x63, 0x08, 0x63, 0x08, 0x63, 0x08, 0x63, 0x08,
  0x63, 0x08, 0x63, 0x08, 0x63, 0x08, 0x63, 0x08, 0x63, 0x08, 0x63, 0x08, 0x63, 0x08, 0x63, 0x08,
  0x63, 0x08, 0x63, 0x08, 0x63, 0x08, 0x63, 0x08, 0x63, 0x08, 0x63, 0x08, 0x63, 0x08, 0x63, 0x08,
  0x63, 0x08, 0x63, 0x08, 0x63, 0x08, 0x63, 0x08, 0x63, 0x08, 0x63, 0x08, 0x63, 0x08, 0x63, 0x08,
  0x63, 0x08, 0x63, 0x08, 0x63, 0x08, 0x63, 0x08, 0x63, 0x08, 0x63, 0x08, 0x63, 0x08, 0x63, 0x08,
  0x63, 0x08, 0x63, 0x08, 0x63, 0x08, 0x63, 0x08, 0x63, 0x08, 0x63, 0x08, 0x63, 0x08, 0x63, 0x08,
  0x63, 0x08, 0x63, 0x08, 0x63, 0x08, 0x63, 0x08, 0x63, 0x08, 0x63, 0x08, 0x63, 0x08, 0x63, 0x08,
  0x63, 0x08, 0x63, 0x08, 0x63, 0x08, 0x63, 0x08, 0x63, 0x08, 0x63, 0x08, 0x63, 0x08, 0x63, 0x08,
  0x63, 0x08, 0x63, 0x08, 0x63, 0x08, 0x63, 0x08, 0x63, 0x08, 0x63, 0x08, 0x63, 0x08, 0x63, 0x08,
  0x63, 0x08, 0x63, 0x08, 0x63, 0x08, 0x63, 0x08, 0x63, 0x08, 0x63, 0x08, 0x63, 0x08, 0x63, 0x08,
  0x63, 0x08, 0x63, 0x08, 0x63, 0x08, 0x63, 0x08, 0x63, 0x08, 0x63, 0x08, 0x63, 0x08, 0x63, 0x08,
  0x63, 0x08, 0x63, 0x08, 0x63, 0x08, 0x63, 0x08, 0x63, 0x08, 0x63, 0x08, 0x63, 0x08, 0x63, 0x08,
  0x63, 0x08, 0x63, 0x08, 0x63, 0x08, 0x63, 0x08, 0x63, 0x08, 0x63, 0x08, 0x63, 0x08, 0x63, 0x08,
  0x63, 0x08, 0x63, 0x08, 0x63, 0x08, 0x63, 0x08, 0x63, 0x08, 0x63, 0x08, 0x63, 0x08, 0x63, 0x08,
  0x63, 0x08, 0x63, 0x08, 0x63, 0x08, 0x63, 0x08, 0x63, 0x08, 0x63, 0x08, 0x63, 0x08, 0x63, 0x08,
  0x63, 0x08, 0x63, 0x08, 0x63, 0x08, 0x63, 0x08, 0x63, 0x08, 0x63, 0x08, 0x63, 0x08, 0x63, 0x08,
  0x63, 0x08, 0x63, 0x08, 0x63, 0x08, 0x63, 0x08, 0x63, 0x08, 0x63, 0x08, 0x63, 0x08, 0x63, 0x08,
  0x63, 0x08, 0x63, 0x08, 0x63, 0x08, 0x63, 0x08, 0x63, 0x08, 0x63, 0x08, 0x63, 0x08, 0x63, 0x08,
  0x63, 0x08, 0x63, 0x08, 0x63, 0x08, 0x63, 0x08, 0x63, 0x08, 0x63, 0x08, 0x63, 0x08, 0x63, 0x08,
  0x63, 0x08, 0x63, 0x08, 0x63, 0x08, 0x63, 0x08, 0x63, 0x08, 0x63, 0x08, 0x63, 0x08, 0x63, 0x08,
  0x63, 0x08, 0x63, 0x08, 0x63, 0x08, 0x63, 0x08, 0x63, 0x08, 0x63, 0x08, 0x63, 0x08, 0x63, 0x08,
  0x63, 0x08, 0x63, 0x08, 0x63, 0x08, 0x63, 0x08, 0x63, 0x08, 0x63, 0x08, 0x63, 0x08, 0x63, 0x08,
  0x63, 0x08, 0x63, 0x08, 0x63, 0x08, 0x63, 0x08, 0x63, 0x08, 0x63, 0x08, 0x63, 0x08, 0x63, 0x08,
  0x63, 0x08, 0x63, 0x08, 0x63, 0x08, 0x63, 0x08, 0x63, 0x08, 0x63, 0x08, 0x63, 0x08, 0x63, 0x08,
  0x63, 0x08, 0x63, 0x08, 0x63, 0x08, 0x63, 0x08, 0x63, 0x08, 0x63, 0x08, 0x63, 0x08, 0x63, 0x08,
  0x63, 0x08, 0x63, 0x08, 0x63, 0x08, 0x63, 0x08, 0x63, 0x08, 0x63, 0x08, 0x63, 0x08, 0x63, 0x08,
  0x63, 0x08, 0x63, 0x08, 0x63, 0x08, 0x63, 0x08, 0x63, 0x08, 0x63, 0x08, 0x63, 0x08, 0x63, 0x08,
  0x63, 0x08, 0x63, 0x08, 0x63, 0x08, 0x63, 0x08, 0x63, 0x08, 0x63, 0x08, 0x63, 0x08, 0x63, 0x08,
  0x63, 0x08, 0x63, 0x08, 0x63, 0x08, 0x63, 0x08, 0x63, 0x08, 0x63, 0x08, 0x63, 0x08, 0x63, 0x08,
  0x63, 0x08, 0x63, 0x08, 0x63, 0x08, 0x63, 0x08, 0x63, 0x08, 0x63, 0x08, 0x63, 0x08, 0x63, 0x08,
  0x63, 0x08, 0x63, 0x08, 0x63, 0x08, 0x63, 0x08, 0x63, 0x08, 0x63, 0x08, 0x63, 0x08, 0x63, 0x08,
  0x63, 0x08, 0x63, 0x08, 0x63, 0x08, 0x63, 0x08, 0x63, 0x08, 0x63, 0x08, 0x63, 0x08, 0x63, 0x08,
  0x63, 0x08, 0x63, 0x08, 0x63, 0x08, 0x63, 0x08, 0x63, 0x08, 0x63, 0x08, 0x63, 0x08, 0x63, 0x08,
  0x63, 0x08, 0x63, 0x08, 0x63, 0x08, 0x63, 0x08, 0x63, 0x08, 0x63, 0x08, 0x63, 0x08, 0x63, 0x08,
  0x63, 0x08, 0x63, 0x08, 0x63, 0x08, 0x63, 0x08, 0x63, 0x08, 0x63, 0x08, 0x63, 0x08, 0x63, 0x08,
  0x63, 0x08, 0x63, 0x08, 0x63, 0x08, 0x63, 0x08, 0x63, 0x08, 0x63, 0x08, 0x63, 0x08, 0x63, 0x08,
  0x63, 0x08, 0x63, 0x08, 0x63, 0x08, 0x63, 0x08, 0x63, 0x08, 0x63, 0x08, 0x63, 0x08, 0x63, 0x08,
  0x63, 0x08, 0x63, 0x08, 0x63, 0x08, 0x63, 0x08, 0x63, 0x08, 0x63, 0x08, 0x63, 0x08, 0x63, 0x08,
  0x63, 0x08, 0x63, 0x08, 0x63, 0x08, 0x63, 0x08, 0x63, 0x08, 0x63, 0x08, 0x63, 0x08, 0x63, 0x08,
  0x63, 0x08, 0x63, 0x08, 0x63, 0x08, 0x63, 0x08, 0x63, 0x08, 0x63, 0x08, 0x63, 0x08, 0x63, 0x08,
  0x63, 0x08, 0x63, 0x08, 0x63, 0x08, 0x63, 0x08, 0x63, 0x08, 0x63, 0x08, 0x63, 0x08, 0x63, 0x08,
  0x63, 0x08, 0x63, 0x08, 0x63, 0x08, 0x63, 0x08, 0x63, 0x08, 0x63, 0x08, 0x63, 0x08, 0x63, 0x08,
  0x63, 0x08, 0x63, 0x08, 0x63, 0x08, 0x63, 0x08, 0x63, 0x08, 0x63, 0x08, 0x63, 0x08, 0x63, 0x08,
  0x63, 0x08, 0x63, 0x08, 0x63, 0x08, 0x63, 0x08, 0x63, 0x08, 0x63, 0x08, 0x63, 0x08, 0x63, 0x08,
  0x63, 0x08, 0x63, 0x08, 0x63, 0x08, 0x63, 0x08, 0x63, 0x08, 0x63, 0x08, 0x63, 0x08, 0x63, 0x08,
  0x63, 0x08, 0x63, 0x08, 0x63, 0x08, 0x63, 0x08, 0x63, 0x08, 0x63, 0x08, 0x63, 0x08, 0x63, 0x08,
  0x63, 0x08, 0x63, 0x08, 0x63, 0x08, 0x63, 0x08, 0x63, 0x08, 0x63, 0x08, 0x63, 0x08, 0x63, 0x08,
  0x63, 0x08, 0x63, 0x08, 0x63, 0x08, 0x63, 0x08, 0x63, 0x08, 0x63, 0x08, 0x63, 0x08, 0x63, 0x08,
  0x63, 0x08, 0x63, 0x08, 0x63, 0x08, 0x63, 0x08, 0x63, 0x08, 0x63, 0x08, 0x63, 0x08, 0x63, 0x08,
  0x63, 0x08, 0x63, 0x08, 0x63, 0x08, 0x63, 0x08, 0x63, 0x08, 0x63, 0x08, 0x63, 0x08, 0x63, 0x08,
  0x63, 0x08, 0x63, 0x08, 0x63, 0x08, 0x63, 0x08, 0x63, 0x08, 0x63, 0x08, 0x63, 0x08, 0x63, 0x08,
  0x63, 0x08, 0x63, 0x08, 0x63, 0x08, 0x63, 0x08, 0x63, 0x08, 0x63, 0x08, 0x63, 0x08, 0x63, 0x08,
  0x63, 0x08, 0x63, 0x08, 0x63, 0x08, 0x63, 0x08, 0x63, 0x08, 0x63, 0x08, 0x63, 0x08, 0x63, 0x08,
  0x63, 0x08, 0x63, 0x08, 0x63, 0x08, 0x63, 0x08, 0x63, 0x08, 0x63, 0x08, 0x63, 0x08, 0x63, 0x08,
  0x63, 0x08, 0x63, 0x08, 0x63, 0x08, 0x63, 0x08, 0x63, 0x08, 0x63, 0x08, 0x63, 0x08, 0x63, 0x08,
  0x63, 0x08, 0x63, 0x08, 0x63, 0x08, 0x63, 0x08, 0x63, 0x08, 0x63, 0x08, 0x63, 0x08, 0x63, 0x08,
  0x63, 0x08, 0x63, 0x08, 0x63, 0x08, 0x63, 0x08, 0x63, 0x08, 0x63, 0x08, 0x63, 0x08, 0x63, 0x08,
  0x63, 0x08, 0x63, 0x08, 0x63, 0x08, 0x63, 0x08, 0x63, 0x08, 0x63, 0x08, 0x63, 0x08, 0x63, 0x08,
  0x63, 0x08, 0x63, 0x08, 0x63, 0x08, 0x63, 0x08, 0x63, 0x08, 0x63, 0x08, 0x63, 0x08, 0x63, 0x08,
  0x63, 0x08, 0x63, 0x08, 0x63, 0x08, 0x63, 0x08, 0x63, 0x08, 0x63, 0x08, 0x63, 0x08, 0x63, 0x08,
  0x63, 0x08, 0x63, 0x08, 0x63, 0x08, 0x63, 0x08, 0x63, 0x08, 0x63, 0x08, 0x63, 0x08, 0x63, 0x08,
  0x63, 0x08, 0x63, 0x08, 0x63, 0x08, 0x63, 0x08, 0x63, 0x08, 0x63, 0x08, 0x63, 0x08, 0x63, 0x08,
  0x63, 0x08, 0x63, 0x08, 0x63, 0x08, 0x63, 0x08, 0x63, 0x08, 0x63, 0x08, 0x63, 0x08, 0x63, 0x08,
  0x63, 0x08, 0x63, 0x08, 0x63, 0x08, 0x63, 0x08, 0x63, 0x08, 0x63, 0x08, 0x63, 0x08, 0x63, 0x08,
  0x63, 0x08, 0x63, 0x08, 0x63, 0x08, 0x63, 0x08, 0x63, 0x08, 0x63, 0x08, 0x63, 0x08, 0x63, 0x08,
  0x63, 0x08, 0x63, 0x08, 0x63, 0x08, 0x63, 0x08, 0x63, 0x08, 0x63, 0x08, 0x63, 0x08, 0x63, 0x08,
  0x63, 0x08, 0x63, 0x08, 0x63, 0x08, 0x63, 0x08, 0x63, 0x08, 0x63, 0x08, 0x63, 0x08, 0x63, 0x08,
  0x63, 0x08, 0x63, 0x08, 0x63, 0x08, 0x63, 0x08, 0x63, 0x08, 0x63, 0x08, 0x63, 0x08, 0x63, 0x08,
  0x63, 0x08, 0x63, 0x08, 0x63, 0x08, 0x63, 0x08, 0x63, 0x08, 0x63, 0x08, 0x63, 0x08, 0x63, 0x08,
  0x63, 0x08, 0x63, 0x08, 0x63, 0x08, 0x63, 0x08, 0x63, 0x08, 0x63, 0x08, 0x63, 0x08, 0x63, 0x08,
  0x63, 0x08, 0x63, 0x08, 0x63, 0x08, 0x63, 0x08, 0x63, 0x08, 0x63, 0x08, 0x63, 0x08, 0x63, 0x08,
  0x63, 0x08, 0x63, 0x08, 0x63, 0x08, 0x63, 0x08, 0x63, 0x08, 0x63, 0x08, 0x63, 0x08, 0x63, 0x08,
  0x63, 0x08, 0x63, 0x08, 0x63, 0x08, 0x63, 0x08, 0x63, 0x08, 0x63, 0x08, 0x63, 0x08, 0x63, 0x08,
  0x63, 0x08, 0x63, 0x08, 0x63, 0x08, 0x63, 0x08, 0x63, 0x08, 0x63, 0x08, 0x63, 0x08, 0x63, 0x08,
  0x63, 0x08, 0x63, 0x08, 0x63, 0x08, 0x63, 0x08, 0x63, 0x08, 0x63, 0x08, 0x63, 0x08, 0x63, 0x08,
  0x63, 0x08, 0x63, 0x08, 0x63, 0x08, 0x63, 0x08, 0x63, 0x08, 0x63, 0x08, 0x63, 0x08, 0x63, 0x08,
  0x63, 0x08, 0x63, 0x08, 0x63, 0x08, 0x63, 0x08, 0x63, 0x08, 0x63, 0x08, 0x63, 0x08, 0x63, 0x08,
  0x63, 0x08, 0x63, 0x08, 0x63, 0x08, 0x63, 0x08, 0x63, 0x08, 0x63, 0x08, 0x63, 0x08, 0x63, 0x08,
  0x63, 0x08, 0x63, 0x08, 0x63, 0x08, 0x63, 0x08, 0x63, 0x08, 0x63, 0x08, 0x63, 0x08, 0x63, 0x08,
  0x63, 0x08, 0x63, 0x08, 0x63, 0x08, 0x63, 0x08, 0x63, 0x08, 0x63, 0x08, 0x63, 0x08, 0x63, 0x08,
  0x63, 0x08, 0x63, 0x08, 0x63, 0x08, 0x63, 0x08, 0x63, 0x08, 0x63, 0x08, 0x63, 0x08, 0x63, 0x08,
  0x63, 0x08, 0x63, 0x08, 0x63, 0x08, 0x63, 0x08, 0x63, 0x08, 0x63, 0x08, 0x63, 0x08, 0x63, 0x08,
  0x63, 0x08, 0x63, 0x08, 0x63, 0x08, 0x63, 0x08, 0x63, 0x08, 0x63, 0x08, 0x63, 0x08, 0x63, 0x08,
  0x63, 0x08, 0x63, 0x08, 0x63, 0x08, 0x63, 0x08, 0x63, 0x08, 0x63, 0x08, 0x63, 0x08, 0x63, 0x08,
  0x63, 0x08, 0x63, 0x08, 0x63, 0x08, 0x63, 0x08, 0x63, 0x08, 0x63, 0x08, 0x63, 0x08, 0x63, 0x08,
  0x63, 0x08, 0x63, 0x08, 0x63, 0x08, 0x63, 0x08, 0x63, 0x08, 0x63, 0x08, 0x63, 0x08, 0x63, 0x08,
  0x63, 0x08, 0x63, 0x08, 0x63, 0x08, 0x63, 0x08, 0x63, 0x08, 0x63, 0x08, 0x63, 0x08, 0x63, 0x08,
  0x63, 0x08, 0x63, 0x08, 0x63, 0x08, 0x63, 0x08, 0x63, 0x08, 0x63, 0x08, 0x63, 0x08, 0x63, 0x08,
  0x63, 0x08, 0x63, 0x08, 0x63, 0x08, 0x63, 0x08, 0x63, 0x08, 0x63, 0x08, 0x63, 0x08, 0x63, 0x08,
  0x63, 0x08, 0x63, 0x08, 0x63, 0x08, 0x63, 0x08, 0x63, 0x08, 0x63, 0x08, 0x63, 0x08, 0x63, 0x08,
  0x63, 0x08, 0x63, 0x08, 0x63, 0x08, 0x63, 0x08, 0x63, 0x08, 0x63, 0x08, 0x63, 0x08, 0x63, 0x08,
  0x63, 0x08, 0x63, 0x08, 0x63, 0x08, 0x63, 0x08, 0x63, 0x08, 0x63, 0x08, 0x63, 0x08, 0x63, 0x08,
  0x63, 0x08, 0x63, 0x08, 0x63, 0x08, 0x63, 0x08, 0x63, 0x08, 0x63, 0x08, 0x63, 0x08, 0x63, 0x08,
  0x63, 0x08, 0x63, 0x08, 0x63, 0x08, 0x63, 0x08, 0x63, 0x08, 0x63, 0x08, 0x63, 0x08, 0x63, 0x08,
  0x63, 0x08, 0x63, 0x08, 0x63, 0x08, 0x63, 0x08, 0x63, 0x08, 0x63, 0x08, 0x63, 0x08, 0x63, 0x08,
  0x63, 0x08, 0x63, 0x08, 0x63, 0x08, 0x63, 0x08, 0x63, 0x08, 0x63, 0x08, 0x63, 0x08, 0x63, 0x08,
  0x63, 0x08, 0x63, 0x08, 0x63, 0x08, 0x63, 0x08, 0x63, 0x08, 0x63, 0x08, 0x63, 0x08, 0x63, 0x08,
  0x63, 0x08, 0x63, 0x08, 0x63, 0x08, 0x63, 0x08, 0x63, 0x08, 0x63, 0x08, 0x63, 0x08, 0x63, 0x08,
  0x63, 0x08, 0x63, 0x08, 0x63, 0x08, 0x63, 0x08, 0x63, 0x08, 0x63, 0x08, 0x63, 0x08, 0x63, 0x08,
  0x63, 0x08, 0x63, 0x08, 0x63, 0x08, 0x63, 0x08, 0x63, 0x08, 0x63, 0x08, 0x63, 0x08, 0x63, 0x08,
  0x63, 0x08, 0x63, 0x08, 0x63, 0x08, 0x63, 0x08, 0x63, 0x08, 0x63, 0x08, 0x63, 0x08, 0x63, 0x08,
  0x63, 0x08, 0x63, 0x08, 0x63, 0x08, 0x63, 0x08, 0x63, 0x08, 0x63, 0x08, 0x63, 0x08, 0x63, 0x08,
  0x63, 0x08, 0x63, 0x08, 0x63, 0x08, 0x63, 0x08, 0x63, 0x08, 0x63, 0x08, 0x63, 0x08, 0x63, 0x08,
  0x63, 0x08, 0x63, 0x08, 0x63, 0x08, 0x63, 0x08, 0x63, 0x08, 0x63, 0x08, 0x63, 0x08, 0x63, 0x08,
  0x63, 0x08, 0x63, 0x08, 0x63, 0x08, 0x63, 0x08, 0x63, 0x08, 0x63, 0x08, 0x63, 0x08, 0x63, 0x08,
  0x63, 0x08, 0x63, 0x08, 0x63, 0x08, 0x63, 0x08, 0x63, 0x08, 0x63, 0x08, 0x63, 0x08, 0x63, 0x08,
  0x63, 0x08, 0x63, 0x08, 0x63, 0x08, 0x63, 0x08, 0x63, 0x08, 0x63, 0x08, 0x63, 0x08, 0x63, 0x08,
  0x63, 0x08, 0x63, 0x08, 0x63, 0x08, 0x63, 0x08, 0x63, 0x08, 0x63, 0x08, 0x63, 0x08, 0x63, 0x08,
  0x63, 0x08, 0x63, 0x08, 0x63, 0x08, 0x63, 0x08, 0x63, 0x08, 0x63, 0x08, 0x63, 0x08, 0x63, 0x08,
  0x63, 0x08, 0x63, 0x08, 0x63, 0x08, 0x63, 0x08, 0x63, 0x08, 0x63, 0x08, 0x63, 0x08, 0x63, 0x08,
  0x63, 0x08, 0x63, 0x08, 0x63, 0x08, 0x63, 0x08, 0x63, 0x08, 0x63, 0x08, 0x63, 0x08, 0x63, 0x08,
  0x63, 0x08, 0x63, 0x08, 0x63, 0x08, 0x63, 0x08, 0x63, 0x08, 0x63, 0x08, 0x63, 0x08, 0x63, 0x08,
  0x63, 0x08, 0x63, 0x08, 0x63, 0x08, 0x63, 0x08, 0x63, 0x08, 0x63, 0x08, 0x63, 0x08, 0x63, 0x08,
  0x63, 0x08, 0x63, 0x08, 0x63, 0x08, 0x63, 0x08, 0x63, 0x08, 0x63, 0x08, 0x63, 0x08, 0x63, 0x08,
  0x63, 0x08, 0x63, 0x08, 0x63, 0x08, 0x63, 0x08, 0x63, 0x08, 0x63, 0x08, 0x63, 0x08, 0x63, 0x08,
  0x63, 0x08, 0x63, 0x08, 0x63, 0x08, 0x63, 0x08, 0x63, 0x08, 0x63, 0x08, 0x63, 0x08, 0x63, 0x08,
  0x63, 0x08, 0x63, 0x08, 0x63, 0x08, 0x63, 0x08, 0x63, 0x08, 0x63, 0x08, 0x63, 0x08, 0x63, 0x08,
  0x63, 0x08, 0x63, 0x08, 0x63, 0x08, 0x63, 0x08, 0x63, 0x08, 0x63, 0x08, 0x63, 0x08, 0x63, 0x08,
  0x63, 0x08, 0x63, 0x08, 0x63, 0x08, 0x63, 0x08, 0x63, 0x08, 0x63, 0x08, 0x63, 0x08, 0x63, 0x08,
  0x63, 0x08, 0x63, 0x08, 0x63, 0x08, 0x63, 0x08, 0x63, 0x08, 0x63, 0x08, 0x63, 0x08, 0x63, 0x08,
  0x63, 0x08, 0x63, 0x08, 0x63, 0x08, 0x63, 0x08, 0x63, 0x08, 0x63, 0x08, 0x63, 0x08, 0x63, 0x08,
  0x63, 0x08, 0x63, 0x08, 0x63, 0x08, 0x63, 0x08, 0x63, 0x08, 0x63, 0x08, 0x63, 0x08, 0x63, 0x08,
  0x63, 0x08, 0x63, 0x08, 0x63, 0x08, 0x63, 0x08, 0x63, 0x08, 0x63, 0x08, 0x63, 0x08, 0x63, 0x08,
  0x63, 0x08, 0x63, 0x08, 0x63, 0x08, 0x63, 0x08, 0x63, 0x08, 0x63, 0x08, 0x63, 0x08, 0x63, 0x08,
  0x63, 0x08, 0x63, 0x08, 0x63, 0x08, 0x63, 0x08, 0x63, 0x08, 0x63, 0x08, 0x63, 0x08, 0x63, 0x08,
  0x63, 0x08, 0x63, 0x08, 0x63, 0x08, 0x63, 0x08, 0x63, 0x08, 0x63, 0x08, 0x63, 0x08, 0x63, 0x08,
  0x63, 0x08, 0x63, 0x08, 0x63, 0x08, 0x63, 0x08, 0x63, 0x08, 0x63, 0x08, 0x63, 0x08, 0x63, 0x08,
  0x63, 0x08, 0x63, 0x08, 0x63, 0x08, 0x63, 0x08, 0x63, 0x08, 0x63, 0x08, 0x63, 0x08, 0x63, 0x08,
  0x63, 0x08, 0x63, 0x08, 0x63, 0x08, 0x63, 0x08, 0x63, 0x08, 0x63, 0x08, 0x63, 0x08, 0x63, 0x08,
  0x63, 0x08, 0x63, 0x08, 0x63, 0x08, 0x63, 0x08, 0x63, 0x08, 0x63, 0x08, 0x63, 0x08, 0x63, 0x08,
  0x63, 0x08, 0x63, 0x08, 0x63, 0x08, 0x63, 0x08, 0x63, 0x08, 0x63, 0x08, 0x63, 0x08, 0x63, 0x08,
  0x63, 0x08, 0x63, 0x08, 0x63, 0x08, 0x63, 0x08, 0x63, 0x08, 0x63, 0x08, 0x63, 0x08, 0x63, 0x08,
  0x63, 0x08, 0x63, 0x08, 0x63, 0x08, 0x63, 0x08, 0x63, 0x08, 0x63, 0x08, 0x63, 0x08, 0x63, 0x08,
  0x63, 0x08, 0x63, 0x08, 0x63, 0x08, 0x63, 0x08, 0x63, 0x08, 0x63, 0x08, 0x63, 0x08, 0x63, 0x08,
  0x63, 0x08, 0x63, 0x08, 0x63, 0x08, 0x63, 0x08, 0x63, 0x08, 0x63, 0x08, 0x63, 0x08, 0x63, 0x08,
  0x63, 0x08, 0x63, 0x08, 0x63, 0x08, 0x63, 0x08, 0x63, 0x08, 0x63, 0x08, 0x63, 0x08, 0x63, 0x08,
  0x63, 0x08, 0x63, 0x08, 0x63, 0x08, 0x63, 0x08, 0x63, 0x08, 0x63, 0x08, 0x63, 0x08, 0x63, 0x08,
  0x63, 0x08, 0x63, 0x08, 0x63, 0x08, 0x63, 0x08, 0x63, 0x08, 0x63, 0x08, 0x63, 0x08, 0x63, 0x08,
  0x63, 0x08, 0x63, 0x08, 0x63, 0x08, 0x63, 0x08, 0x63, 0x08, 0x63, 0x08, 0x63, 0x08, 0x63, 0x08,
  0x63, 0x08, 0x63, 0x08, 0x63, 0x08, 0x63, 0x08, 0x63, 0x08, 0x63, 0x08, 0x63, 0x08, 0x63, 0x08,
  0x63, 0x08, 0x63, 0x08, 0x63, 0x08, 0x63, 0x08, 0x63, 0x08, 0x63, 0x08, 0x63, 0x08, 0x63, 0x08,
  0x63, 0x08, 0x63, 0x08, 0x63, 0x08, 0x63, 0x08, 0x63, 0x08, 0x63, 0x08, 0x63, 0x08, 0x63, 0x08,
  0x63, 0x08, 0x63, 0x08, 0x63, 0x08, 0x63, 0x08, 0x63, 0x08, 0x63, 0x08, 0x63, 0x08, 0x63, 0x08,
  0x63, 0x08, 0x63, 0x08, 0x63, 0x08, 0x63, 0x08, 0x63, 0x08, 0x63, 0x08, 0x63, 0x08, 0x63, 0x08,
  0x63, 0x08, 0x63, 0x08, 0x63, 0x08, 0x63, 0x08, 0x63, 0x08, 0x63, 0x08, 0x63, 0x08, 0x63, 0x08,
  0x63, 0x08, 0x63, 0x08, 0x63, 0x08, 0x63, 0x08, 0x63, 0x08, 0x63, 0x08, 0x63, 0x08, 0x63, 0x08,
  0x63, 0x08, 0x63, 0x08, 0x63, 0x08, 0x63, 0x08, 0x63, 0x08, 0x63, 0x08, 0x63, 0x08, 0x63, 0x08,
  0x63, 0x08, 0x63, 0x08, 0x63, 0x08, 0x63, 0x08, 0x63, 0x08, 0x63, 0x08, 0x63, 0x08, 0x63, 0x08,
  0x63, 0x08, 0x63, 0x08, 0x63, 0x08, 0x63, 0x08, 0x63, 0x08, 0x63, 0x08, 0x63, 0x08, 0x63, 0x08,
  0x63, 0x08, 0x63, 0x08, 0x63, 0x08, 0x63, 0x08, 0x63, 0x08, 0x63, 0x08, 0x63, 0x08, 0x63, 0x08,
  0x63, 0x08, 0x63, 0x08, 0x63, 0x08, 0x63, 0x08, 0x63, 0x08, 0x63, 0x08, 0x63, 0x08, 0x63, 0x08,
  0x63, 0x08, 0x63, 0x08, 0x63, 0x08, 0x63, 0x08, 0x63, 0x08, 0x63, 0x08, 0x63, 0x08, 0x63, 0x08,
  0x63, 0x08, 0x63, 0x08, 0x63, 0x08, 0x63, 0x08, 0x63, 0x08, 0x63, 0x08, 0x63, 0x08, 0x63, 0x08,
  0x63, 0x08, 0x63, 0x08, 0x63, 0x08, 0x63, 0x08, 0x63, 0x08, 0x63, 0x08, 0x63, 0x08, 0x63, 0x08,
  0x63, 0x08, 0x63, 0x08, 0x63, 0x08, 0x63, 0x08, 0x63, 0x08, 0x63, 0x08, 0x63, 0x08, 0x63, 0x08,
  0x63, 0x08, 0x63, 0x08, 0x63, 0x08, 0x63, 0x08, 0x63, 0x08, 0x63, 0x08, 0x63, 0x08, 0x63, 0x08,
  0x63, 0x08, 0x63, 0x08, 0x63, 0x08, 0x63, 0x08, 0x63, 0x08, 0x63, 0x08, 0x63, 0x08, 0x63, 0x08,
  0x63, 0x08, 0x63, 0x08, 0x63, 0x08, 0x83, 0x08, 0x83, 0x08, 0x83, 0x08, 0x83, 0x08, 0x63, 0x08,
  0x63, 0x08, 0x63, 0x08, 0x63, 0x08, 0x63, 0x08, 0x63, 0x08, 0x63, 0x08, 0x63, 0x08, 0x63, 0x08,
  0x63, 0x08, 0x63, 0x08, 0x63, 0x08, 0x63, 0x08, 0x63, 0x08, 0x63, 0x08, 0x63, 0x08, 0x63, 0x08,
  0x63, 0x08, 0x63, 0x08, 0x63, 0x08, 0x63, 0x08, 0x63, 0x08, 0x63, 0x08, 0x63, 0x08, 0x63, 0x08,
  0x63, 0x08, 0x63, 0x08, 0x63, 0x08, 0x63, 0x08, 0x63, 0x08, 0x63, 0x08, 0x63, 0x08, 0x63, 0x08,
  0x63, 0x08, 0x63, 0x08, 0x63, 0x08, 0x63, 0x08, 0x63, 0x08, 0x63, 0x08, 0x63, 0x08, 0x63, 0x08,
  0x63, 0x08, 0x63, 0x08, 0x63, 0x08, 0x63, 0x08, 0x63, 0x08, 0x63, 0x08, 0x63, 0x08, 0x63, 0x08,
  0x63, 0x08, 0x63, 0x08, 0x63, 0x08, 0x63, 0x08, 0x63, 0x08, 0x63, 0x08, 0x63, 0x08, 0x63, 0x08,
  0x63, 0x08, 0x63, 0x08, 0x63, 0x08, 0x63, 0x08, 0x63, 0x08, 0x63, 0x08, 0x63, 0x08, 0x63, 0x08,
  0x63, 0x08, 0x63, 0x08, 0x63, 0x08, 0x63, 0x08, 0x63, 0x08, 0x63, 0x08, 0x63, 0x08, 0x63, 0x08,
  0x63, 0x08, 0x63, 0x08, 0x63, 0x08, 0x63, 0x08, 0x63, 0x08, 0x63, 0x08, 0x63, 0x08, 0x63, 0x08,
  0x63, 0x08, 0x63, 0x08, 0x63, 0x08, 0x63, 0x08, 0x63, 0x08, 0x63, 0x08, 0x63, 0x08, 0x63, 0x08,
  0x63, 0x08, 0x63, 0x08, 0x63, 0x08, 0x63, 0x08, 0x63, 0x08, 0x63, 0x08, 0x63, 0x08, 0x63, 0x08,
  0x63, 0x08, 0x63, 0x08, 0x63, 0x08, 0x63, 0x08, 0x63, 0x08, 0x63, 0x08, 0x63, 0x08, 0x63, 0x08,
  0x63, 0x08, 0x63, 0x08, 0x63, 0x08, 0x63, 0x08, 0x63, 0x08, 0x63, 0x08, 0x63, 0x08, 0x63, 0x08,
  0x63, 0x08, 0x63, 0x08, 0x63, 0x08, 0x63, 0x08, 0x63, 0x08, 0x63, 0x08, 0x63, 0x08, 0x63, 0x08,
  0x63, 0x08, 0x63, 0x08, 0x63, 0x08, 0x63, 0x08, 0x63, 0x08, 0x63, 0x08, 0x63, 0x08, 0x63, 0x08,
  0x63, 0x08, 0x63, 0x08, 0x63, 0x08, 0x63, 0x08, 0x63, 0x08, 0x63, 0x08, 0x63, 0x08, 0x63, 0x08,
  0x63, 0x08, 0x63, 0x08, 0x63, 0x08, 0x63, 0x08, 0x63, 0x08, 0x63, 0x08, 0x63, 0x08, 0x63, 0x08,
  0x63, 0x08, 0x63, 0x08, 0x63, 0x08, 0x63, 0x08, 0x63, 0x08, 0x63, 0x08, 0x63, 0x08, 0x63, 0x08,
  0x63, 0x08, 0x63, 0x08, 0x63, 0x08, 0x63, 0x08, 0x63, 0x08, 0x63, 0x08, 0x63, 0x08, 0x63, 0x08,
  0x63, 0x08, 0x63, 0x08, 0x63, 0x08, 0x63, 0x08, 0x63, 0x08, 0x63, 0x08, 0x63, 0x08, 0x63, 0x08,
  0x63, 0x08, 0x63, 0x08, 0x63, 0x08, 0x63, 0x08, 0x63, 0x08, 0x63, 0x08, 0x63, 0x08, 0x63, 0x08,
  0x63, 0x08, 0x63, 0x08, 0x63, 0x08, 0x63, 0x08, 0x63, 0x08, 0x63, 0x08, 0x63, 0x08, 0x63, 0x08,
  0x63, 0x08, 0x63, 0x08, 0x63, 0x08, 0x63, 0x08, 0x63, 0x08, 0x63, 0x08, 0x63, 0x08, 0x63, 0x08,
  0x63, 0x08, 0x63, 0x08, 0x63, 0x08, 0x63, 0x08, 0x63, 0x08, 0x63, 0x08, 0x63, 0x08, 0x63, 0x08,
  0x63, 0x08, 0x63, 0x08, 0x63, 0x08, 0x63, 0x08, 0x63, 0x08, 0x63, 0x08, 0x63, 0x08, 0x63, 0x08,
  0x63, 0x08, 0x63, 0x08, 0x63, 0x08, 0x63, 0x08, 0x63, 0x08, 0x63, 0x08, 0x63, 0x08, 0x63, 0x08,
  0x63, 0x08, 0x63, 0x08, 0x63, 0x08, 0x63, 0x08, 0x63, 0x08, 0x63, 0x08, 0x63, 0x08, 0x63, 0x08,
  0x63, 0x08, 0x63, 0x08, 0x63, 0x08, 0x63, 0x08, 0x63, 0x08, 0x63, 0x08, 0x63, 0x08, 0x63, 0x08,
  0x83, 0x08, 0x83, 0x08, 0x83, 0x08, 0x62, 0x08, 0x42, 0x00, 0x21, 0x00, 0x42, 0x00, 0x63, 0x08,
  0x84, 0x08, 0xA4, 0x10, 0x63, 0x08, 0x63, 0x08, 0x63, 0x08, 0x63, 0x08, 0x63, 0x08, 0x63, 0x08,
  0x63, 0x08, 0x63, 0x08, 0x63, 0x08, 0x63, 0x08, 0x63, 0x08, 0x63, 0x08, 0x63, 0x08, 0x63, 0x08,
  0x63, 0x08, 0x63, 0x08, 0x63, 0x08, 0x63, 0x08, 0x63, 0x08, 0x63, 0x08, 0x63, 0x08, 0x63, 0x08,
  0x63, 0x08, 0x63, 0x08, 0x63, 0x08, 0x63, 0x08, 0x63, 0x08, 0x63, 0x08, 0x63, 0x08, 0x63, 0x08,
  0x63, 0x08, 0x63, 0x08, 0x63, 0x08, 0x63, 0x08, 0x63, 0x08, 0x63, 0x08, 0x63, 0x08, 0x63, 0x08,
  0x63, 0x08, 0x63, 0x08, 0x63, 0x08, 0x63, 0x08, 0x63, 0x08, 0x63, 0x08, 0x63, 0x08, 0x63, 0x08,
  0x63, 0x08, 0x63, 0x08, 0x63, 0x08, 0x63, 0x08, 0x63, 0x08, 0x63, 0x08, 0x63, 0x08, 0x63, 0x08,
  0x63, 0x08, 0x63, 0x08, 0x63, 0x08, 0x63, 0x08, 0x63, 0x08, 0x63, 0x08, 0x63, 0x08, 0x63, 0x08,
  0x63, 0x08, 0x63, 0x08, 0x63, 0x08, 0x63, 0x08, 0x63, 0x08, 0x63, 0x08, 0x63, 0x08, 0x63, 0x08,
  0x63, 0x08, 0x63, 0x08, 0x63, 0x08, 0x63, 0x08, 0x63, 0x08, 0x63, 0x08, 0x63, 0x08, 0x63, 0x08,
  0x63, 0x08, 0x63, 0x08, 0x63, 0x08, 0x63, 0x08, 0x63, 0x08, 0x63, 0x08, 0x63, 0x08, 0x63, 0x08,
  0x63, 0x08, 0x63, 0x08, 0x63, 0x08, 0x63, 0x08, 0x63, 0x08, 0x63, 0x08, 0x63, 0x08, 0x63, 0x08,
  0x63, 0x08, 0x63, 0x08, 0x63, 0x08, 0x63, 0x08, 0x63, 0x08, 0x63, 0x08, 0x63, 0x08, 0x63, 0x08,
  0x63, 0x08, 0x63, 0x08, 0x63, 0x08, 0x63, 0x08, 0x63, 0x08, 0x63, 0x08, 0x63, 0x08, 0x63, 0x08,
  0x63, 0x08, 0x63, 0x08, 0x63, 0x08, 0x63, 0x08, 0x63, 0x08, 0x63, 0x08, 0x63, 0x08, 0x63, 0x08,
  0x63, 0x08, 0x63, 0x08, 0x63, 0x08, 0x63, 0x08, 0x63, 0x08, 0x63, 0x08, 0x63, 0x08, 0x63, 0x08,
  0x63, 0x08, 0x63, 0x08, 0x63, 0x08, 0x63, 0x08, 0x63, 0x08, 0x63, 0x08, 0x63, 0x08, 0x63, 0x08,
  0x63, 0x08, 0x63, 0x08, 0x63, 0x08, 0x63, 0x08, 0x63, 0x08, 0x63, 0x08, 0x63, 0x08, 0x63, 0x08,
  0x63, 0x08, 0x63, 0x08, 0x63, 0x08, 0x63, 0x08, 0x63, 0x08, 0x63, 0x08, 0x63, 0x08, 0x63, 0x08,
  0x63, 0x08, 0x63, 0x08, 0x63, 0x08, 0x63, 0x08, 0x63, 0x08, 0x63, 0x08, 0x63, 0x08, 0x63, 0x08,
  0x63, 0x08, 0x63, 0x08, 0x63, 0x08, 0x63, 0x08, 0x63, 0x08, 0x63, 0x08, 0x63, 0x08, 0x63, 0x08,
  0x63, 0x08, 0x63, 0x08, 0x63, 0x08, 0x63, 0x08, 0x63, 0x08, 0x63, 0x08, 0x63, 0x08, 0x63, 0x08,
  0x63, 0x08, 0x63, 0x08, 0x63, 0x08, 0x63, 0x08, 0x63, 0x08, 0x63, 0x08, 0x63, 0x08, 0x63, 0x08,
  0x63, 0x08, 0x63, 0x08, 0x63, 0x08, 0x63, 0x08, 0x63, 0x08, 0x63, 0x08, 0x63, 0x08, 0x63, 0x08,
  0x63, 0x08, 0x63, 0x08, 0x63, 0x08, 0x63, 0x08, 0x63, 0x08, 0x63, 0x08, 0x63, 0x08, 0x63, 0x08,
  0x63, 0x08, 0x63, 0x08, 0x63, 0x08, 0x63, 0x08, 0x63, 0x08, 0x63, 0x08, 0x63, 0x08, 0x63, 0x08,
  0x63, 0x08, 0x63, 0x08, 0x63, 0x08, 0x63, 0x08, 0x63, 0x08, 0x63, 0x08, 0x63, 0x08, 0x63, 0x08,
  0x63, 0x08, 0x63, 0x08, 0x63, 0x08, 0x63, 0x08, 0x63, 0x08, 0x63, 0x08, 0x63, 0x08, 0x63, 0x08,
  0x63, 0x08, 0x63, 0x08, 0x63, 0x08, 0x63, 0x08, 0x63, 0x08, 0x83, 0x08, 0x83, 0x08, 0x63, 0x08,
  0x42, 0x00, 0x21, 0x00, 0x42, 0x08, 0xC6, 0x10, 0x8A, 0x29, 0x70, 0x42, 0x15, 0x53, 0xB8, 0x63,
  0xFA, 0x6B, 0x3C, 0x74, 0xB2, 0x42, 0x42, 0x00, 0x83, 0x08, 0x63, 0x08, 0x63, 0x08, 0x63, 0x08,
  0x63, 0x08, 0x63, 0x08, 0x63, 0x08, 0x63, 0x08, 0x63, 0x08, 0x63, 0x08, 0x63, 0x08, 0x63, 0x08,
  0x63, 0x08, 0x63, 0x08, 0x63, 0x08, 0x63, 0x08, 0x63, 0x08, 0x63, 0x08, 0x63, 0x08, 0x63, 0x08,
  0x63, 0x08, 0x63, 0x08, 0x63, 0x08, 0x63, 0x08, 0x63, 0x08, 0x63, 0x08, 0x63, 0x08, 0x63, 0x08,
  0x63, 0x08, 0x63, 0x08, 0x63, 0x08, 0x63, 0x08, 0x63, 0x08, 0x63, 0x08, 0x63, 0x08, 0x63, 0x08,
  0x63, 0x08, 0x63, 0x08, 0x63, 0x08, 0x63, 0x08, 0x63, 0x08, 0x63, 0x08, 0x63, 0x08, 0x63, 0x08,
  0x63, 0x08, 0x63, 0x08, 0x63, 0x08, 0x63, 0x08, 0x63, 0x08, 0x63, 0x08, 0x63, 0x08, 0x63, 0x08,
  0x63, 0x08, 0x63, 0x08, 0x63, 0x08, 0x63, 0x08, 0x63, 0x08, 0x63, 0x08, 0x63, 0x08, 0x63, 0x08,
  0x63, 0x08, 0x63, 0x08, 0x63, 0x08, 0x63, 0x08, 0x63, 0x08, 0x63, 0x08, 0x63, 0x08, 0x63, 0x08,
  0x63, 0x08, 0x63, 0x08, 0x63, 0x08, 0x63, 0x08, 0x63, 0x08, 0x63, 0x08, 0x63, 0x08, 0x63, 0x08,
  0x63, 0x08, 0x63, 0x08, 0x63, 0x08, 0x63, 0x08, 0x63, 0x08, 0x63, 0x08, 0x63, 0x08, 0x63, 0x08,
  0x63, 0x08, 0x63, 0x08, 0x63, 0x08, 0x63, 0x08, 0x63, 0x08, 0x63, 0x08, 0x63, 0x08, 0x63, 0x08,
  0x63, 0x08, 0x63, 0x08, 0x63, 0x08, 0x63, 0x08, 0x63, 0x08, 0x63, 0x08, 0x63, 0x08, 0x63, 0x08,
  0x63, 0x08, 0x63, 0x08, 0x63, 0x08, 0x63, 0x08, 0x63, 0x08, 0x63, 0x08, 0x63, 0x08, 0x63, 0x08,
  0x63, 0x08, 0x63, 0x08, 0x63, 0x08, 0x63, 0x08, 0x63, 0x08, 0x63, 0x08, 0x63, 0x08, 0x63, 0x08,
  0x63, 0x08, 0x63, 0x08, 0x63, 0x08, 0x63, 0x08, 0x63, 0x08, 0x63, 0x08, 0x63, 0x08, 0x63, 0x08,
  0x63, 0x08, 0x63, 0x08, 0x63, 0x08, 0x63, 0x08, 0x63, 0x08, 0x63, 0x08, 0x63, 0x08, 0x63, 0x08,
  0x63, 0x08, 0x63, 0x08, 0x63, 0x08, 0x63, 0x08, 0x63, 0x08, 0x63, 0x08, 0x63, 0x08, 0x63, 0x08,
  0x63, 0x08, 0x63, 0x08, 0x63, 0x08, 0x63, 0x08, 0x63, 0x08, 0x63, 0x08, 0x63, 0x08, 0x63, 0x08,
  0x63, 0x08, 0x63, 0x08, 0x63, 0x08, 0x63, 0x08, 0x63, 0x08, 0x63, 0x08, 0x63, 0x08, 0x63, 0x08,
  0x63, 0x08, 0x63, 0x08, 0x63, 0x08, 0x63, 0x08, 0x63, 0x08, 0x63, 0x08, 0x63, 0x08, 0x63, 0x08,
  0x63, 0x08, 0x63, 0x08, 0x63, 0x08, 0x63, 0x08, 0x63, 0x08, 0x63, 0x08, 0x63, 0x08, 0x63, 0x08,
  0x63, 0x08, 0x63, 0x08, 0x63, 0x08, 0x63, 0x08, 0x63, 0x08, 0x63, 0x08, 0x63, 0x08, 0x63, 0x08,
  0x63, 0x08, 0x63, 0x08, 0x63, 0x08, 0x63, 0x08, 0x63, 0x08, 0x63, 0x08, 0x63, 0x08, 0x63, 0x08,
  0x63, 0x08, 0x63, 0x08, 0x63, 0x08, 0x63, 0x08, 0x63, 0x08, 0x63, 0x08, 0x63, 0x08, 0x63, 0x08,
  0x63, 0x08, 0x63, 0x08, 0x63, 0x08, 0x63, 0x08, 0x63, 0x08, 0x63, 0x08, 0x63, 0x08, 0x63, 0x08,
  0x63, 0x08, 0x63, 0x08, 0x63, 0x08, 0x63, 0x08, 0x63, 0x08, 0x63, 0x08, 0x63, 0x08, 0x63, 0x08,
  0x63, 0x08, 0x63, 0x08, 0x63, 0x08, 0x63, 0x08, 0x63, 0x08, 0x63, 0x08, 0x63, 0x08, 0x63, 0x08,
  0x63, 0x08, 0x63, 0x08, 0x83, 0x08, 0x83, 0x08, 0x63, 0x08, 0x42, 0x00, 0x21, 0x00, 0x84, 0x08,
  0x49, 0x21, 0x70, 0x42, 0x77, 0x63, 0x3C, 0x74, 0x9F, 0x84, 0xBF, 0x84, 0xBF, 0x84, 0x9F, 0x7C,
  0x7E, 0x7C, 0xBF, 0x84, 0x77, 0x5B, 0x42, 0x00, 0x83, 0x08, 0x63, 0x08, 0x63, 0x08, 0x63, 0x08,
  0x63, 0x08, 0x63, 0x08, 0x63, 0x08, 0x63, 0x08, 0x63, 0x08, 0x63, 0x08, 0x63, 0x08, 0x63, 0x08,
  0x63, 0x08, 0x63, 0x08, 0x63, 0x08, 0x63, 0x08, 0x63, 0x08, 0x63, 0x08, 0x63, 0x08, 0x63, 0x08,
  0x63, 0x08, 0x63, 0x08, 0x63, 0x08, 0x63, 0x08, 0x63, 0x08, 0x63, 0x08, 0x63, 0x08, 0x63, 0x08,
  0x63, 0x08, 0x63, 0x08, 0x63, 0x08, 0x63, 0x08, 0x63, 0x08, 0x63, 0x08, 0x63, 0x08, 0x63, 0x08,
  0x63, 0x08, 0x63, 0x08, 0x63, 0x08, 0x63, 0x08, 0x63, 0x08, 0x63, 0x08, 0x63, 0x08, 0x63, 0x08,
  0x63, 0x08, 0x63, 0x08, 0x63, 0x08, 0x63, 0x08, 0x63, 0x08, 0x63, 0x08, 0x63, 0x08, 0x63, 0x08,
  0x63, 0x08, 0x63, 0x08, 0x63, 0x08, 0x63, 0x08, 0x63, 0x08, 0x63, 0x08, 0x63, 0x08, 0x63, 0x08,
  0x63, 0x08, 0x63, 0x08, 0x63, 0x08, 0x63, 0x08, 0x63, 0x08, 0x63, 0x08, 0x63, 0x08, 0x63, 0x08,
  0x63, 0x08, 0x63, 0x08, 0x63, 0x08, 0x63, 0x08, 0x63, 0x08, 0x63, 0x08, 0x63, 0x08, 0x63, 0x08,
  0x63, 0x08, 0x63, 0x08, 0x63, 0x08, 0x63, 0x08, 0x63, 0x08, 0x63, 0x08, 0x63, 0x08, 0x63, 0x08,
  0x63, 0x08, 0x63, 0x08, 0x63, 0x08, 0x63, 0x08, 0x63, 0x08, 0x63, 0x08, 0x63, 0x08, 0x63, 0x08,
  0x63, 0x08, 0x63, 0x08, 0x63, 0x08, 0x63, 0x08, 0x63, 0x08, 0x63, 0x08, 0x63, 0x08, 0x63, 0x08,
  0x63, 0x08, 0x63, 0x08, 0x63, 0x08, 0x63, 0x08, 0x63, 0x08, 0x63, 0x08, 0x63, 0x08, 0x63, 0x08,
  0x63, 0x08, 0x63, 0x08, 0x63, 0x08, 0x63, 0x08, 0x63, 0x08, 0x63, 0x08, 0x63, 0x08, 0x63, 0x08,
  0x63, 0x08, 0x63, 0x08, 0x63, 0x08, 0x63, 0x08, 0x63, 0x08, 0x63, 0x08, 0x63, 0x08, 0x63, 0x08,
  0x63, 0x08, 0x63, 0x08, 0x63, 0x08, 0x63, 0x08, 0x63, 0x08, 0x63, 0x08, 0x63, 0x08, 0x63, 0x08,
  0x63, 0x08, 0x63, 0x08, 0x63, 0x08, 0x63, 0x08, 0x63, 0x08, 0x63, 0x08, 0x63, 0x08, 0x63, 0x08,
  0x63, 0x08, 0x63, 0x08, 0x63, 0x08, 0x63, 0x08, 0x63, 0x08, 0x63, 0x08, 0x63, 0x08, 0x63, 0x08,
  0x63, 0x08, 0x63, 0x08, 0x63, 0x08, 0x63, 0x08, 0x63, 0x08, 0x63, 0x08, 0x63, 0x08, 0x63, 0x08,
  0x63, 0x08, 0x63, 0x08, 0x63, 0x08, 0x63, 0x08, 0x63, 0x08, 0x63, 0x08, 0x63, 0x08, 0x63, 0x08,
  0x63, 0x08, 0x63, 0x08, 0x63, 0x08, 0x63, 0x08, 0x63, 0x08, 0x63, 0x08, 0x63, 0x08, 0x63, 0x08,
  0x63, 0x08, 0x63, 0x08, 0x63, 0x08, 0x63, 0x08, 0x63, 0x08, 0x63, 0x08, 0x63, 0x08, 0x63, 0x08,
  0x63, 0x08, 0x63, 0x08, 0x63, 0x08, 0x63, 0x08, 0x63, 0x08, 0x63, 0x08, 0x63, 0x08, 0x63, 0x08,
  0x63, 0x08, 0x63, 0x08, 0x63, 0x08, 0x63, 0x08, 0x63, 0x08, 0x63, 0x08, 0x63, 0x08, 0x63, 0x08,
  0x63, 0x08, 0x63, 0x08, 0x63, 0x08, 0x63, 0x08, 0x63, 0x08, 0x63, 0x08, 0x63, 0x08, 0x63, 0x08,
  0x63, 0x08, 0x63, 0x08, 0x63, 0x08, 0x63, 0x08, 0x63, 0x08, 0x63, 0x08, 0x63, 0x08, 0x63, 0x08,
  0x63, 0x08, 0x63, 0x08, 0x63, 0x08, 0x63, 0x08, 0x63, 0x08, 0x63, 0x08, 0x63, 0x08, 0x83, 0x08,
  0x83, 0x08, 0x63, 0x08, 0x42, 0x00, 0x21, 0x00, 0x84, 0x08, 0x6A, 0x29, 0xB2, 0x4A, 0xFA, 0x73,
  0x7E, 0x84, 0xBF, 0x84, 0x9F, 0x84, 0x7E, 0x7C, 0x5D, 0x7C, 0x5D, 0x7C, 0x5D, 0x7C, 0x7E, 0x7C,
  0x5D, 0x74, 0xBF, 0x7C, 0x35, 0x53, 0x42, 0x00, 0x83, 0x08, 0x63, 0x08, 0x63, 0x08, 0x63, 0x08,
  0x63, 0x08, 0x63, 0x08, 0x63, 0x08, 0x63, 0x08, 0x63, 0x08, 0x63, 0x08, 0x63, 0x08, 0x63, 0x08,
  0x63, 0x08, 0x63, 0x08, 0x63, 0x08, 0x63, 0x08, 0x63, 0x08, 0x63, 0x08, 0x63, 0x08, 0x63, 0x08,
  0x63, 0x08, 0x63, 0x08, 0x63, 0x08, 0x63, 0x08, 0x63, 0x08, 0x63, 0x08, 0x63, 0x08, 0x63, 0x08,
  0x63, 0x08, 0x63, 0x08, 0x63, 0x08, 0x63, 0x08, 0x63, 0x08, 0x63, 0x08, 0x63, 0x08, 0x63, 0x08,
  0x63, 0x08, 0x63, 0x08, 0x63, 0x08, 0x63, 0x08, 0x63, 0x08, 0x63, 0x08, 0x63, 0x08, 0x63, 0x08,
  0x63, 0x08, 0x63, 0x08, 0x63, 0x08, 0x63, 0x08, 0x63, 0x08, 0x63, 0x08, 0x63, 0x08, 0x63, 0x08,
  0x63, 0x08, 0x63, 0x08, 0x63, 0x08, 0x63, 0x08, 0x63, 0x08, 0x63, 0x08, 0x63, 0x08, 0x63, 0x08,
  0x63, 0x08, 0x63, 0x08, 0x63, 0x08, 0x63, 0x08, 0x63, 0x08, 0x63, 0x08, 0x63, 0x08, 0x63, 0x08,
  0x63, 0x08, 0x63, 0x08, 0x63, 0x08, 0x63, 0x08, 0x63, 0x08, 0x63, 0x08, 0x63, 0x08, 0x63, 0x08,
  0x63, 0x08, 0x63, 0x08, 0x63, 0x08, 0x63, 0x08, 0x63, 0x08, 0x63, 0x08, 0x63, 0x08, 0x63, 0x08,
  0x63, 0x08, 0x63, 0x08, 0x63, 0x08, 0x63, 0x08, 0x63, 0x08, 0x63, 0x08, 0x63, 0x08, 0x63, 0x08,
  0x63, 0x08, 0x63, 0x08, 0x63, 0x08, 0x63, 0x08, 0x63, 0x08, 0x63, 0x08, 0x63, 0x08, 0x63, 0x08,
  0x63, 0x08, 0x63, 0x08, 0x63, 0x08, 0x63, 0x08, 0x63, 0x08, 0x63, 0x08, 0x63, 0x08, 0x63, 0x08,
  0x63, 0x08, 0x63, 0x08, 0x63, 0x08, 0x63, 0x08, 0x63, 0x08, 0x63, 0x08, 0x63, 0x08, 0x63, 0x08,
  0x63, 0x08, 0x63, 0x08, 0x63, 0x08, 0x63, 0x08, 0x63, 0x08, 0x63, 0x08, 0x63, 0x08, 0x63, 0x08,
  0x63, 0x08, 0x63, 0x08, 0x63, 0x08, 0x63, 0x08, 0x63, 0x08, 0x63, 0x08, 0x63, 0x08, 0x63, 0x08,
  0x63, 0x08, 0x63, 0x08, 0x63, 0x08, 0x63, 0x08, 0x63, 0x08, 0x63, 0x08, 0x63, 0x08, 0x63, 0x08,
  0x63, 0x08, 0x63, 0x08, 0x63, 0x08, 0x63, 0x08, 0x63, 0x08, 0x63, 0x08, 0x63, 0x08, 0x63, 0x08,
  0x63, 0x08, 0x63, 0x08, 0x63, 0x08, 0x63, 0x08, 0x63, 0x08, 0x63, 0x08, 0x63, 0x08, 0x63, 0x08,
  0x63, 0x08, 0x63, 0x08, 0x63, 0x08, 0x63, 0x08, 0x63, 0x08, 0x63, 0x08, 0x63, 0x08, 0x63, 0x08,
  0x63, 0x08, 0x63, 0x08, 0x63, 0x08, 0x63, 0x08, 0x63, 0x08, 0x63, 0x08, 0x63, 0x08, 0x63, 0x08,
  0x63, 0x08, 0x63, 0x08, 0x63, 0x08, 0x63, 0x08, 0x63, 0x08, 0x63, 0x08, 0x63, 0x08, 0x63, 0x08,
  0x63, 0x08, 0x63, 0x08, 0x63, 0x08, 0x63, 0x08, 0x63, 0x08, 0x63, 0x08, 0x63, 0x08, 0x63, 0x08,
  0x63, 0x08, 0x63, 0x08, 0x63, 0x08, 0x63, 0x08, 0x63, 0x08, 0x63, 0x08, 0x63, 0x08, 0x63, 0x08,
  0x63, 0x08, 0x63, 0x08, 0x63, 0x08, 0x63, 0x08, 0x63, 0x08, 0x63, 0x08, 0x63, 0x08, 0x63, 0x08,
  0x63, 0x08, 0x63, 0x08, 0x63, 0x08, 0x63, 0x08, 0x63, 0x08, 0x63, 0x08, 0x63, 0x08, 0x63, 0x08,
  0x63, 0x08, 0x63, 0x08, 0x63, 0x08, 0x63, 0x08, 0x63, 0x08, 0x83, 0x08, 0x83, 0x08, 0x62, 0x08,
  0x21, 0x00, 0x63, 0x08, 0x48, 0x21, 0xB1, 0x4A, 0xF9, 0x73, 0x9E, 0x84, 0xBF, 0x8C, 0x9E, 0x84,
  0x5D, 0x7C, 0x5D, 0x7C, 0x5D, 0x7C, 0x7D, 0x7C, 0x7E, 0x7C, 0x7E, 0x7C, 0x7E, 0x7C, 0x7E, 0x7C,
  0x5E, 0x74, 0xBF, 0x7C, 0xB3, 0x4A, 0x21, 0x00, 0x83, 0x08, 0x63, 0x08, 0x63, 0x08, 0x63, 0x08,
  0x63, 0x08, 0x63, 0x08, 0x63, 0x08, 0x63, 0x08, 0x63, 0x08, 0x63, 0x08, 0x63, 0x08, 0x63, 0x08,
  0x63, 0x08, 0x63, 0x08, 0x63, 0x08, 0x63, 0x08, 0x63, 0x08, 0x63, 0x08, 0x63, 0x08, 0x63, 0x08,
  0x63, 0x08, 0x63, 0x08, 0x63, 0x08, 0x63, 0x08, 0x63, 0x08, 0x63, 0x08, 0x63, 0x08, 0x63, 0x08,
  0x63, 0x08, 0x63, 0x08, 0x63, 0x08, 0x63, 0x08, 0x63, 0x08, 0x63, 0x08, 0x63, 0x08, 0x63, 0x08,
  0x63, 0x08, 0x63, 0x08, 0x63, 0x08, 0x63, 0x08, 0x63, 0x08, 0x63, 0x08, 0x63, 0x08, 0x63, 0x08,
  0x63, 0x08, 0x63, 0x08, 0x63, 0x08, 0x63, 0x08, 0x63, 0x08, 0x63, 0x08, 0x63, 0x08, 0x63, 0x08,
  0x63, 0x08, 0x63, 0x08, 0x63, 0x08, 0x63, 0x08, 0x63, 0x08, 0x63, 0x08, 0x63, 0x08, 0x63, 0x08,
  0x63, 0x08, 0x63, 0x08, 0x63, 0x08, 0x63, 0x08, 0x63, 0x08, 0x63, 0x08, 0x63, 0x08, 0x63, 0x08,
  0x63, 0x08, 0x63, 0x08, 0x63, 0x08, 0x63, 0x08, 0x63, 0x08, 0x63, 0x08, 0x63, 0x08, 0x63, 0x08,
  0x63, 0x08, 0x63, 0x08, 0x63, 0x08, 0x63, 0x08, 0x63, 0x08, 0x63, 0x08, 0x63, 0x08, 0x63, 0x08,
  0x63, 0x08, 0x63, 0x08, 0x63, 0x08, 0x63, 0x08, 0x63, 0x08, 0x63, 0x08, 0x63, 0x08, 0x63, 0x08,
  0x63, 0x08, 0x63, 0x08, 0x63, 0x08, 0x63, 0x08, 0x63, 0x08, 0x63, 0x08, 0x63, 0x08, 0x63, 0x08,
  0x63, 0x08, 0x63, 0x08, 0x63, 0x08, 0x63, 0x08, 0x63, 0x08, 0x63, 0x08, 0x63, 0x08, 0x63, 0x08,
  0x63, 0x08, 0x63, 0x08, 0x63, 0x08, 0x63, 0x08, 0x63, 0x08, 0x63, 0x08, 0x63, 0x08, 0x63, 0x08,
  0x63, 0x08, 0x63, 0x08, 0x63, 0x08, 0x63, 0x08, 0x63, 0x08, 0x63, 0x08, 0x63, 0x08, 0x63, 0x08,
  0x63, 0x08, 0x63, 0x08, 0x63, 0x08, 0x63, 0x08, 0x63, 0x08, 0x63, 0x08, 0x63, 0x08, 0x63, 0x08,
  0x63, 0x08, 0x63, 0x08, 0x63, 0x08, 0x63, 0x08, 0x63, 0x08, 0x63, 0x08, 0x63, 0x08, 0x63, 0x08,
  0x63, 0x08, 0x63, 0x08, 0x63, 0x08, 0x63, 0x08, 0x63, 0x08, 0x63, 0x08, 0x63, 0x08, 0x63, 0x08,
  0x63, 0x08, 0x63, 0x08, 0x63, 0x08, 0x63, 0x08, 0x63, 0x08, 0x63, 0x08, 0x63, 0x08, 0x63, 0x08,
  0x63, 0x08, 0x63, 0x08, 0x63, 0x08, 0x63, 0x08, 0x63, 0x08, 0x63, 0x08, 0x63, 0x08, 0x63, 0x08,
  0x63, 0x08, 0x63, 0x08, 0x63, 0x08, 0x63, 0x08, 0x63, 0x08, 0x63, 0x08, 0x63, 0x08, 0x63, 0x08,
  0x63, 0x08, 0x63, 0x08, 0x63, 0x08, 0x63, 0x08, 0x63, 0x08, 0x63, 0x08, 0x63, 0x08, 0x63, 0x08,
  0x63, 0x08, 0x63, 0x08, 0x63, 0x08, 0x63, 0x08, 0x63, 0x08, 0x63, 0x08, 0x63, 0x08, 0x63, 0x08,
  0x63, 0x08, 0x63, 0x08, 0x63, 0x08, 0x63, 0x08, 0x63, 0x08, 0x63, 0x08, 0x63, 0x08, 0x63, 0x08,
  0x63, 0x08, 0x63, 0x08, 0x63, 0x08, 0x63, 0x08, 0x63, 0x08, 0x63, 0x08, 0x63, 0x08, 0x63, 0x08,
  0x63, 0x08, 0x63, 0x08, 0x63, 0x08, 0x63, 0x08, 0x63, 0x08, 0x63, 0x08, 0x63, 0x08, 0x63, 0x08,
  0x63, 0x08, 0x63, 0x08, 0x83, 0x08, 0x83, 0x08, 0x63, 0x08, 0x42, 0x00, 0x42, 0x00, 0xE6, 0x18,
  0x2E, 0x42, 0x98, 0x6B, 0x7D, 0x84, 0xBE, 0x8C, 0x9E, 0x84, 0x5D, 0x84, 0x5D, 0x7C, 0x5D, 0x7C,
  0x7D, 0x7C, 0x7D, 0x7C, 0x7D, 0x7C, 0x7D, 0x7C, 0x7E, 0x7C, 0x7E, 0x7C, 0x7E, 0x7C, 0x7E, 0x7C,
  0x5E, 0x74, 0xBF, 0x7C, 0x0E, 0x3A, 0x21, 0x00, 0x83, 0x08, 0x63, 0x08, 0x63, 0x08, 0x63, 0x08,
  0x63, 0x08, 0x63, 0x08, 0x63, 0x08, 0x63, 0x08, 0x63, 0x08, 0x63, 0x08, 0x63, 0x08, 0x63, 0x08,
  0x63, 0x08, 0x63, 0x08, 0x63, 0x08, 0x63, 0x08, 0x63, 0x08, 0x63, 0x08, 0x63, 0x08, 0x63, 0x08,
  0x63, 0x08, 0x63, 0x08, 0x63, 0x08, 0x63, 0x08, 0x63, 0x08, 0x63, 0x08, 0x63, 0x08, 0x63, 0x08,
  0x63, 0x08, 0x63, 0x08, 0x63, 0x08, 0x63, 0x08, 0x63, 0x08, 0x63, 0x08, 0x63, 0x08, 0x63, 0x08,
  0x63, 0x08, 0x63, 0x08, 0x63, 0x08, 0x63, 0x08, 0x63, 0x08, 0x63, 0x08, 0x63, 0x08, 0x63, 0x08,
  0x63, 0x08, 0x63, 0x08, 0x63, 0x08, 0x63, 0x08, 0x63, 0x08, 0x63, 0x08, 0x63, 0x08, 0x63, 0x08,
  0x63, 0x08, 0x63, 0x08, 0x63, 0x08, 0x63, 0x08, 0x63, 0x08, 0x63, 0x08, 0x63, 0x08, 0x63, 0x08,
  0x63, 0x08, 0x63, 0x08, 0x63, 0x08, 0x63, 0x08, 0x63, 0x08, 0x63, 0x08, 0x63, 0x08, 0x63, 0x08,
  0x63, 0x08, 0x63, 0x08, 0x63, 0x08, 0x63, 0x08, 0x63, 0x08, 0x63, 0x08, 0x63, 0x08, 0x63, 0x08,
  0x63, 0x08, 0x63, 0x08, 0x63, 0x08, 0x63, 0x08, 0x63, 0x08, 0x63, 0x08, 0x63, 0x08, 0x63, 0x08,
  0x63, 0x08, 0x63, 0x08, 0x63, 0x08, 0x63, 0x08, 0x63, 0x08, 0x63, 0x08, 0x63, 0x08, 0x63, 0x08,
  0x63, 0x08, 0x63, 0x08, 0x63, 0x08, 0x63, 0x08, 0x63, 0x08, 0x63, 0x08, 0x63, 0x08, 0x63, 0x08,
  0x63, 0x08, 0x63, 0x08, 0x63, 0x08, 0x63, 0x08, 0x63, 0x08, 0x63, 0x08, 0x63, 0x08, 0x63, 0x08,
  0x63, 0x08, 0x63, 0x08, 0x63, 0x08, 0x63, 0x08, 0x63, 0x08, 0x63, 0x08, 0x63, 0x08, 0x63, 0x08,
  0x63, 0x08, 0x63, 0x08, 0x63, 0x08, 0x63, 0x08, 0x63, 0x08, 0x63, 0x08, 0x63, 0x08, 0x63, 0x08,
  0x63, 0x08, 0x63, 0x08, 0x63, 0x08, 0x63, 0x08, 0x63, 0x08, 0x63, 0x08, 0x63, 0x08, 0x63, 0x08,
  0x63, 0x08, 0x63, 0x08, 0x63, 0x08, 0x63, 0x08, 0x63, 0x08, 0x63, 0x08, 0x63, 0x08, 0x63, 0x08,
  0x63, 0x08, 0x63, 0x08, 0x63, 0x08, 0x63, 0x08, 0x63, 0x08, 0x63, 0x08, 0x63, 0x08, 0x63, 0x08,
  0x63, 0x08, 0x63, 0x08, 0x63, 0x08, 0x63, 0x08, 0x63, 0x08, 0x63, 0x08, 0x63, 0x08, 0x63, 0x08,
  0x63, 0x08, 0x63, 0x08, 0x63, 0x08, 0x63, 0x08, 0x63, 0x08, 0x63, 0x08, 0x63, 0x08, 0x63, 0x08,
  0x63, 0x08, 0x63, 0x08, 0x63, 0x08, 0x63, 0x08, 0x63, 0x08, 0x63, 0x08, 0x63, 0x08, 0x63, 0x08,
  0x63, 0x08, 0x63, 0x08, 0x63, 0x08, 0x63, 0x08, 0x63, 0x08, 0x63, 0x08, 0x63, 0x08, 0x63, 0x08,
  0x63, 0x08, 0x63, 0x08, 0x63, 0x08, 0x63, 0x08, 0x63, 0x08, 0x63, 0x08, 0x63, 0x08, 0x63, 0x08,
  0x63, 0x08, 0x63, 0x08, 0x63, 0x08, 0x63, 0x08, 0x63, 0x08, 0x63, 0x08, 0x63, 0x08, 0x63, 0x08,
  0x63, 0x08, 0x63, 0x08, 0x63, 0x08, 0x63, 0x08, 0x63, 0x08, 0x63, 0x08, 0x63, 0x08, 0x63, 0x08,
  0x63, 0x08, 0x63, 0x08, 0x63, 0x08, 0x63, 0x08, 0x63, 0x08, 0x63, 0x08, 0x63, 0x08, 0x63, 0x08,
  0x83, 0x08, 0x83, 0x08, 0x63, 0x08, 0x21, 0x00, 0x63, 0x08, 0x8A, 0x29, 0x14, 0x5B, 0x3B, 0x84,
  0xBE, 0x8C, 0x9E, 0x8C, 0x5C, 0x84, 0x5C, 0x84, 0x5D, 0x84, 0x7D, 0x84, 0x7D, 0x84, 0x7D, 0x7C,
  0x7D, 0x7C, 0x7D, 0x7C, 0x7D, 0x7C, 0x7D, 0x7C, 0x7E, 0x7C, 0x7E, 0x7C, 0x7E, 0x7C, 0x7E, 0x7C,
  0x7E, 0x74, 0x9F, 0x7C, 0x69, 0x21, 0x42, 0x00, 0x83, 0x08, 0x63, 0x08, 0x63, 0x08, 0x63, 0x08,
  0x63, 0x08, 0x63, 0x08, 0x63, 0x08, 0x63, 0x08, 0x63, 0x08, 0x63, 0x08, 0x63, 0x08, 0x63, 0x08,
  0x63, 0x08, 0x63, 0x08, 0x63, 0x08, 0x63, 0x08, 0x63, 0x08, 0x63, 0x08, 0x63, 0x08, 0x63, 0x08,
  0x63, 0x08, 0x63, 0x08, 0x63, 0x08, 0x63, 0x08, 0x63, 0x08, 0x63, 0x08, 0x63, 0x08, 0x63, 0x08,
  0x63, 0x08, 0x63, 0x08, 0x63, 0x08, 0x63, 0x08, 0x63, 0x08, 0x63, 0x08, 0x63, 0x08, 0x63, 0x08,
  0x63, 0x08, 0x63, 0x08, 0x63, 0x08, 0x63, 0x08, 0x63, 0x08, 0x63, 0x08, 0x63, 0x08, 0x63, 0x08,
  0x63, 0x08, 0x63, 0x08, 0x63, 0x08, 0x63, 0x08, 0x63, 0x08, 0x63, 0x08, 0x63, 0x08, 0x63, 0x08,
  0x63, 0x08, 0x63, 0x08, 0x63, 0x08, 0x63, 0x08, 0x63, 0x08, 0x63, 0x08, 0x63, 0x08, 0x63, 0x08,
  0x63, 0x08, 0x63, 0x08, 0x63, 0x08, 0x63, 0x08, 0x63, 0x08, 0x63, 0x08, 0x63, 0x08, 0x63, 0x08,
  0x63, 0x08, 0x63, 0x08, 0x63, 0x08, 0x63, 0x08, 0x63, 0x08, 0x63, 0x08, 0x63, 0x08, 0x63, 0x08,
  0x63, 0x08, 0x63, 0x08, 0x63, 0x08, 0x63, 0x08, 0x63, 0x08, 0x63, 0x08, 0x63, 0x08, 0x63, 0x08,
  0x63, 0x08, 0x63, 0x08, 0x63, 0x08, 0x63, 0x08, 0x63, 0x08, 0x63, 0x08, 0x63, 0x08, 0x63, 0x08,
  0x63, 0x08, 0x63, 0x08, 0x63, 0x08, 0x63, 0x08, 0x63, 0x08, 0x63, 0x08, 0x63, 0x08, 0x63, 0x08,
  0x63, 0x08, 0x63, 0x08, 0x63, 0x08, 0x63, 0x08, 0x63, 0x08, 0x63, 0x08, 0x63, 0x08, 0x63, 0x08,
  0x63, 0x08, 0x63, 0x08, 0x63, 0x08, 0x63, 0x08, 0x63, 0x08, 0x63, 0x08, 0x63, 0x08, 0x63, 0x08,
  0x63, 0x08, 0x63, 0x08, 0x63, 0x08, 0x63, 0x08, 0x63, 0x08, 0x63, 0x08, 0x63, 0x08, 0x63, 0x08,
  0x63, 0x08, 0x63, 0x08, 0x63, 0x08, 0x63, 0x08, 0x63, 0x08, 0x63, 0x08, 0x63, 0x08, 0x63, 0x08,
  0x63, 0x08, 0x63, 0x08, 0x63, 0x08, 0x63, 0x08, 0x63, 0x08, 0x63, 0x08, 0x63, 0x08, 0x63, 0x08,
  0x63, 0x08, 0x63, 0x08, 0x63, 0x08, 0x63, 0x08, 0x63, 0x08, 0x63, 0x08, 0x63, 0x08, 0x63, 0x08,
  0x63, 0x08, 0x63, 0x08, 0x63, 0x08, 0x63, 0x08, 0x63, 0x08, 0x63, 0x08, 0x63, 0x08, 0x63, 0x08,
  0x63, 0x08, 0x63, 0x08, 0x63, 0x08, 0x63, 0x08, 0x63, 0x08, 0x63, 0x08, 0x63, 0x08, 0x63, 0x08,
  0x63, 0x08, 0x63, 0x08, 0x63, 0x08, 0x63, 0x08, 0x63, 0x08, 0x63, 0x08, 0x63, 0x08, 0x63, 0x08,
  0x63, 0x08, 0x63, 0x08, 0x63, 0x08, 0x63, 0x08, 0x63, 0x08, 0x63, 0x08, 0x63, 0x08, 0x63, 0x08,
  0x63, 0x08, 0x63, 0x08, 0x63, 0x08, 0x63, 0x08, 0x63, 0x08, 0x63, 0x08, 0x63, 0x08, 0x63, 0x08,
  0x63, 0x08, 0x63, 0x08, 0x63, 0x08, 0x63, 0x08, 0x63, 0x08, 0x63, 0x08, 0x63, 0x08, 0x63, 0x08,
  0x63, 0x08, 0x63, 0x08, 0x63, 0x08, 0x63, 0x08, 0x63, 0x08, 0x63, 0x08, 0x63, 0x08, 0x63, 0x08,
  0x63, 0x08, 0x63, 0x08, 0x63, 0x08, 0x63, 0x08, 0x63, 0x08, 0x63, 0x08, 0x83, 0x08, 0x83, 0x08,
  0x42, 0x00, 0x21, 0x00, 0xC5, 0x18, 0x2E, 0x42, 0xB8, 0x73, 0x9D, 0x8C, 0x9E, 0x8C, 0x7D, 0x84,
  0x5C, 0x84, 0x5C, 0x84, 0x5D, 0x84, 0x7D, 0x84, 0x7D, 0x84, 0x7D, 0x84, 0x7D, 0x84, 0x7D, 0x7C,
  0x7D, 0x7C, 0x7D, 0x7C, 0x7D, 0x7C, 0x7D, 0x7C, 0x7E, 0x7C, 0x7E, 0x7C, 0x7E, 0x7C, 0x7E, 0x7C,
  0x7E, 0x7C, 0x3C, 0x74, 0xC5, 0x10, 0x63, 0x08, 0x83, 0x08, 0x63, 0x08, 0x63, 0x08, 0x63, 0x08,
  0x63, 0x08, 0x63, 0x08, 0x63, 0x08, 0x63, 0x08, 0x63, 0x08, 0x63, 0x08, 0x63, 0x08, 0x63, 0x08,
  0x63, 0x08, 0x63, 0x08, 0x63, 0x08, 0x63, 0x08, 0x63, 0x08, 0x63, 0x08, 0x63, 0x08, 0x63, 0x08,
  0x63, 0x08, 0x63, 0x08, 0x63, 0x08, 0x63, 0x08, 0x63, 0x08, 0x63, 0x08, 0x63, 0x08, 0x63, 0x08,
  0x63, 0x08, 0x63, 0x08, 0x63, 0x08, 0x63, 0x08, 0x63, 0x08, 0x63, 0x08, 0x63, 0x08, 0x63, 0x08,
  0x63, 0x08, 0x63, 0x08, 0x63, 0x08, 0x63, 0x08, 0x63, 0x08, 0x63, 0x08, 0x63, 0x08, 0x63, 0x08,
  0x63, 0x08, 0x63, 0x08, 0x63, 0x08, 0x63, 0x08, 0x63, 0x08, 0x63, 0x08, 0x63, 0x08, 0x63, 0x08,
  0x63, 0x08, 0x63, 0x08, 0x63, 0x08, 0x63, 0x08, 0x63, 0x08, 0x63, 0x08, 0x63, 0x08, 0x63, 0x08,
  0x63, 0x08, 0x63, 0x08, 0x63, 0x08, 0x63, 0x08, 0x63, 0x08, 0x63, 0x08, 0x63, 0x08, 0x63, 0x08,
  0x63, 0x08, 0x63, 0x08, 0x63, 0x08, 0x63, 0x08, 0x63, 0x08, 0x63, 0x08, 0x63, 0x08, 0x63, 0x08,
  0x63, 0x08, 0x63, 0x08, 0x63, 0x08, 0x63, 0x08, 0x63, 0x08, 0x63, 0x08, 0x63, 0x08, 0x63, 0x08,
  0x63, 0x08, 0x63, 0x08, 0x63, 0x08, 0x63, 0x08, 0x63, 0x08, 0x63, 0x08, 0x63, 0x08, 0x63, 0x08,
  0x63, 0x08, 0x63, 0x08, 0x63, 0x08, 0x63, 0x08, 0x63, 0x08, 0x63, 0x08, 0x63, 0x08, 0x63, 0x08,
  0x63, 0x08, 0x63, 0x08, 0x63, 0x08, 0x63, 0x08, 0x63, 0x08, 0x63, 0x08, 0x63, 0x08, 0x63, 0x08,
  0x63, 0x08, 0x63, 0x08, 0x63, 0x08, 0x63, 0x08, 0x63, 0x08, 0x63, 0x08, 0x63, 0x08, 0x63, 0x08,
  0x63, 0x08, 0x63, 0x08, 0x63, 0x08, 0x63, 0x08, 0x63, 0x08, 0x63, 0x08, 0x63, 0x08, 0x63, 0x08,
  0x63, 0x08, 0x63, 0x08, 0x63, 0x08, 0x63, 0x08, 0x63, 0x08, 0x63, 0x08, 0x63, 0x08, 0x63, 0x08,
  0x63, 0x08, 0x63, 0x08, 0x63, 0x08, 0x63, 0x08, 0x63, 0x08, 0x63, 0x08, 0x63, 0x08, 0x63, 0x08,
  0x63, 0x08, 0x63, 0x08, 0x63, 0x08, 0x63, 0x08, 0x63, 0x08, 0x63, 0x08, 0x63, 0x08, 0x63, 0x08,
  0x63, 0x08, 0x63, 0x08, 0x63, 0x08, 0x63, 0x08, 0x63, 0x08, 0x63, 0x08, 0x63, 0x08, 0x63, 0x08,
  0x63, 0x08, 0x63, 0x08, 0x63, 0x08, 0x63, 0x08, 0x63, 0x08, 0x63, 0x08, 0x63, 0x08, 0x63, 0x08,
  0x63, 0x08, 0x63, 0x08, 0x63, 0x08, 0x63, 0x08, 0x63, 0x08, 0x63, 0x08, 0x63, 0x08, 0x63, 0x08,
  0x63, 0x08, 0x63, 0x08, 0x63, 0x08, 0x63, 0x08, 0x63, 0x08, 0x63, 0x08, 0x63, 0x08, 0x63, 0x08,
  0x63, 0x08, 0x63, 0x08, 0x63, 0x08, 0x63, 0x08, 0x63, 0x08, 0x63, 0x08, 0x63, 0x08, 0x63, 0x08,
  0x63, 0x08, 0x63, 0x08, 0x63, 0x08, 0x63, 0x08, 0x63, 0x08, 0x63, 0x08, 0x63, 0x08, 0x63, 0x08,
  0x63, 0x08, 0x63, 0x08, 0x63, 0x08, 0x63, 0x08, 0x63, 0x08, 0x63, 0x08, 0x63, 0x08, 0x63, 0x08,
  0x63, 0x08, 0x63, 0x08, 0x63, 0x08, 0x63, 0x08, 0x83, 0x08, 0x63, 0x08, 0x42, 0x00, 0x42, 0x00,
  0x48, 0x21, 0xD2, 0x5A, 0x3B, 0x84, 0xBE, 0x94, 0x7D, 0x8C, 0x5C, 0x84, 0x5C, 0x84, 0x5C, 0x84,
  0x5C, 0x84, 0x5C, 0x84, 0x5D, 0x84, 0x7D, 0x84, 0x7D, 0x84, 0x7D, 0x84, 0x7D, 0x84, 0x7D, 0x7C,
  0x7D, 0x7C, 0x7D, 0x7C, 0x7D, 0x7C, 0x7D, 0x7C, 0x7E, 0x7C, 0x7E, 0x7C, 0x7E, 0x7C, 0x5E, 0x7C,
  0x9F, 0x7C, 0x77, 0x5B, 0x42, 0x00, 0x83, 0x08, 0x63, 0x08, 0x63, 0x08, 0x63, 0x08, 0x63, 0x08,
  0x63, 0x08, 0x63, 0x08, 0x63, 0x08, 0x63, 0x08, 0x63, 0x08, 0x63, 0x08, 0x63, 0x08, 0x63, 0x08,
  0x63, 0x08, 0x63, 0x08, 0x63, 0x08, 0x63, 0x08, 0x63, 0x08, 0x63, 0x08, 0x63, 0x08, 0x63, 0x08,
  0x63, 0x08, 0x63, 0x08, 0x63, 0x08, 0x63, 0x08, 0x63, 0x08, 0x63, 0x08, 0x63, 0x08, 0x63, 0x08,
  0x63, 0x08, 0x63, 0x08, 0x63, 0x08, 0x63, 0x08, 0x63, 0x08, 0x63, 0x08, 0x63, 0x08, 0x63, 0x08,
  0x63, 0x08, 0x63, 0x08, 0x63, 0x08, 0x63, 0x08, 0x63, 0x08, 0x63, 0x08, 0x63, 0x08, 0x63, 0x08,
  0x63, 0x08, 0x63, 0x08, 0x63, 0x08, 0x63, 0x08, 0x63, 0x08, 0x63, 0x08, 0x63, 0x08, 0x63, 0x08,
  0x63, 0x08, 0x63, 0x08, 0x63, 0x08, 0x63, 0x08, 0x63, 0x08, 0x63, 0x08, 0x63, 0x08, 0x63, 0x08,
  0x63, 0x08, 0x63, 0x08, 0x63, 0x08, 0x63, 0x08, 0x63, 0x08, 0x63, 0x08, 0x63, 0x08, 0x63, 0x08,
  0x63, 0x08, 0x63, 0x08, 0x63, 0x08, 0x63, 0x08, 0x63, 0x08, 0x63, 0x08, 0x63, 0x08, 0x63, 0x08,
  0x63, 0x08, 0x63, 0x08, 0x63, 0x08, 0x63, 0x08, 0x63, 0x08, 0x63, 0x08, 0x63, 0x08, 0x63, 0x08,
  0x63, 0x08, 0x63, 0x08, 0x63, 0x08, 0x63, 0x08, 0x63, 0x08, 0x63, 0x08, 0x63, 0x08, 0x63, 0x08,
  0x63, 0x08, 0x63, 0x08, 0x63, 0x08, 0x63, 0x08, 0x63, 0x08, 0x63, 0x08, 0x63, 0x08, 0x63, 0x08,
  0x63, 0x08, 0x63, 0x08, 0x63, 0x08, 0x63, 0x08, 0x63, 0x08, 0x63, 0x08, 0x63, 0x08, 0x63, 0x08,
  0x63, 0x08, 0x63, 0x08, 0x63, 0x08, 0x63, 0x08, 0x63, 0x08, 0x63, 0x08, 0x63, 0x08, 0x63, 0x08,
  0x63, 0x08, 0x63, 0x08, 0x63, 0x08, 0x63, 0x08, 0x63, 0x08, 0x63, 0x08, 0x63, 0x08, 0x63, 0x08,
  0x63, 0x08, 0x63, 0x08, 0x63, 0x08, 0x63, 0x08, 0x63, 0x08, 0x63, 0x08, 0x63, 0x08, 0x63, 0x08,
  0x63, 0x08, 0x63, 0x08, 0x63, 0x08, 0x63, 0x08, 0x63, 0x08, 0x63, 0x08, 0x63, 0x08, 0x63, 0x08,
  0x63, 0x08, 0x63, 0x08, 0x63, 0x08, 0x63, 0x08, 0x63, 0x08, 0x63, 0x08, 0x63, 0x08, 0x63, 0x08,
  0x63, 0x08, 0x63, 0x08, 0x63, 0x08, 0x63, 0x08, 0x63, 0x08, 0x63, 0x08, 0x63, 0x08, 0x63, 0x08,
  0x63, 0x08, 0x63, 0x08, 0x63, 0x08, 0x63, 0x08, 0x63, 0x08, 0x63, 0x08, 0x63, 0x08, 0x63, 0x08,
  0x63, 0x08, 0x63, 0x08, 0x63, 0x08, 0x63, 0x08, 0x63, 0x08, 0x63, 0x08, 0x63, 0x08, 0x63, 0x08,
  0x63, 0x08, 0x63, 0x08, 0x63, 0x08, 0x63, 0x08, 0x63, 0x08, 0x63, 0x08, 0x63, 0x08, 0x63, 0x08,
  0x63, 0x08, 0x63, 0x08, 0x63, 0x08, 0x63, 0x08, 0x63, 0x08, 0x63, 0x08, 0x63, 0x08, 0x63, 0x08,
  0x63, 0x08, 0x63, 0x08, 0x63, 0x08, 0x63, 0x08, 0x63, 0x08, 0x63, 0x08, 0x63, 0x08, 0x63, 0x08,
  0x63, 0x08, 0x63, 0x08, 0x63, 0x08, 0x63, 0x08, 0x63, 0x08, 0x63, 0x08, 0x63, 0x08, 0x63, 0x08,
  0x63, 0x08, 0x83, 0x08, 0x83, 0x08, 0x63, 0x08, 0x21, 0x00, 0x63, 0x08, 0xAB, 0x31, 0x55, 0x6B,
  0x7C, 0x8C, 0x9D, 0x94, 0x7C, 0x8C, 0x5B, 0x84, 0x5C, 0x84, 0x5C, 0x8C, 0x5C, 0x84, 0x5C, 0x84,
  0x5C, 0x84, 0x5C, 0x84, 0x5D, 0x84, 0x7D, 0x84, 0x7D, 0x84, 0x7D, 0x84, 0x7D, 0x84, 0x7D, 0x7C,
  0x7D, 0x7C, 0x7D, 0x7C, 0x7D, 0x7C, 0x7D, 0x7C, 0x7E, 0x7C, 0x7E, 0x7C, 0x7E, 0x7C, 0x5D, 0x74,
  0xBF, 0x84, 0x71, 0x42, 0x21, 0x00, 0x83, 0x08, 0x63, 0x08, 0x63, 0x08, 0x63, 0x08, 0x63, 0x08,
  0x63, 0x08, 0x63, 0x08, 0x63, 0x08, 0x63, 0x08, 0x63, 0x08, 0x63, 0x08, 0x63, 0x08, 0x63, 0x08,
  0x63, 0x08, 0x63, 0x08, 0x63, 0x08, 0x63, 0x08, 0x63, 0x08, 0x63, 0x08, 0x63, 0x08, 0x63, 0x08,
  0x63, 0x08, 0x63, 0x08, 0x63, 0x08, 0x63, 0x08, 0x63, 0x08, 0x63, 0x08, 0x63, 0x08, 0x63, 0x08,
  0x63, 0x08, 0x63, 0x08, 0x63, 0x08, 0x63, 0x08, 0x63, 0x08, 0x63, 0x08, 0x63, 0x08, 0x63, 0x08,
  0x63, 0x08, 0x63, 0x08, 0x63, 0x08, 0x63, 0x08, 0x63, 0x08, 0x63, 0x08, 0x63, 0x08, 0x63, 0x08,
  0x63, 0x08, 0x63, 0x08, 0x63, 0x08, 0x63, 0x08, 0x63, 0x08, 0x63, 0x08, 0x63, 0x08, 0x63, 0x08,
  0x63, 0x08, 0x63, 0x08, 0x63, 0x08, 0x63, 0x08, 0x63, 0x08, 0x63, 0x08, 0x63, 0x08, 0x63, 0x08,
  0x63, 0x08, 0x63, 0x08, 0x63, 0x08, 0x63, 0x08, 0x63, 0x08, 0x63, 0x08, 0x63, 0x08, 0x63, 0x08,
  0x63, 0x08, 0x63, 0x08, 0x63, 0x08, 0x63, 0x08, 0x63, 0x08, 0x63, 0x08, 0x63, 0x08, 0x63, 0x08,
  0x63, 0x08, 0x63, 0x08, 0x63, 0x08, 0x63, 0x08, 0x63, 0x08, 0x63, 0x08, 0x63, 0x08, 0x63, 0x08,
  0x63, 0x08, 0x63, 0x08, 0x63, 0x08, 0x63, 0x08, 0x63, 0x08, 0x63, 0x08, 0x63, 0x08, 0x63, 0x08,
  0x63, 0x08, 0x63, 0x08, 0x63, 0x08, 0x63, 0x08, 0x63, 0x08, 0x63, 0x08, 0x63, 0x08, 0x63, 0x08,
  0x63, 0x08, 0x63, 0x08, 0x63, 0x08, 0x63, 0x08, 0x63, 0x08, 0x63, 0x08, 0x63, 0x08, 0x63, 0x08,
  0x63, 0x08, 0x63, 0x08, 0x63, 0x08, 0x63, 0x08, 0x63, 0x08, 0x63, 0x08, 0x63, 0x08, 0x63, 0x08,
  0x63, 0x08, 0x63, 0x08, 0x63, 0x08, 0x63, 0x08, 0x63, 0x08, 0x63, 0x08, 0x63, 0x08, 0x63, 0x08,
  0x63, 0x08, 0x63, 0x08, 0x63, 0x08, 0x63, 0x08, 0x63, 0x08, 0x63, 0x08, 0x63, 0x08, 0x63, 0x08,
  0x63, 0x08, 0x63, 0x08, 0x63, 0x08, 0x63, 0x08, 0x63, 0x08, 0x63, 0x08, 0x63, 0x08, 0x63, 0x08,
  0x63, 0x08, 0x63, 0x08, 0x63, 0x08, 0x63, 0x08, 0x63, 0x08, 0x63, 0x08, 0x63, 0x08, 0x63, 0x08,
  0x63, 0x08, 0x63, 0x08, 0x63, 0x08, 0x63, 0x08, 0x63, 0x08, 0x63, 0x08, 0x63, 0x08, 0x63, 0x08,
  0x63, 0x08, 0x63, 0x08, 0x63, 0x08, 0x63, 0x08, 0x63, 0x08, 0x63, 0x08, 0x63, 0x08, 0x63, 0x08,
  0x63, 0x08, 0x63, 0x08, 0x63, 0x08, 0x63, 0x08, 0x63, 0x08, 0x63, 0x08, 0x63, 0x08, 0x63, 0x08,
  0x63, 0x08, 0x63, 0x08, 0x63, 0x08, 0x63, 0x08, 0x63, 0x08, 0x63, 0x08, 0x63, 0x08, 0x63, 0x08,
  0x63, 0x08, 0x63, 0x08, 0x63, 0x08, 0x63, 0x08, 0x63, 0x08, 0x63, 0x08, 0x63, 0x08, 0x63, 0x08,
  0x63, 0x08, 0x63, 0x08, 0x63, 0x08, 0x63, 0x08, 0x63, 0x08, 0x63, 0x08, 0x63, 0x08, 0x63, 0x08,
  0x63, 0x08, 0x63, 0x08, 0x63, 0x08, 0x63, 0x08, 0x63, 0x08, 0x63, 0x08, 0x63, 0x08, 0x83, 0x08,
  0x83, 0x08, 0x63, 0x08, 0x21, 0x00, 0xA4, 0x10, 0x0D, 0x3A, 0xB7, 0x73, 0x9D, 0x94, 0x9D, 0x94,
  0x5B, 0x8C, 0x5B, 0x8C, 0x5C, 0x8C, 0x5C, 0x8C, 0x5C, 0x8C, 0x5C, 0x8C, 0x5C, 0x84, 0x5C, 0x84,
  0x5C, 0x84, 0x5C, 0x84, 0x5D, 0x84, 0x7D, 0x84, 0x7D, 0x84, 0x7D, 0x84, 0x7D, 0x84, 0x7D, 0x7C,
  0x7D, 0x7C, 0x7D, 0x7C, 0x7D, 0x7C, 0x7D, 0x7C, 0x7E, 0x7C, 0x7E, 0x7C, 0x7E, 0x7C, 0x7E, 0x7C,
  0x9F, 0x7C, 0x69, 0x21, 0x42, 0x00, 0x83, 0x08, 0x63, 0x08, 0x63, 0x08, 0x63, 0x08, 0x63, 0x08,
  0x63, 0x08, 0x63, 0x08, 0x63, 0x08, 0x63, 0x08, 0x63, 0x08, 0x63, 0x08, 0x63, 0x08, 0x63, 0x08,
  0x63, 0x08, 0x63, 0x08, 0x63, 0x08, 0x63, 0x08, 0x63, 0x08, 0x63, 0x08, 0x63, 0x08, 0x63, 0x08,
  0x63, 0x08, 0x63, 0x08, 0x63, 0x08, 0x63, 0x08, 0x63, 0x08, 0x63, 0x08, 0x63, 0x08, 0x63, 0x08,
  0x63, 0x08, 0x63, 0x08, 0x63, 0x08, 0x63, 0x08, 0x63, 0x08, 0x63, 0x08, 0x63, 0x08, 0x63, 0x08,
  0x63, 0x08, 0x63, 0x08, 0x63, 0x08, 0x63, 0x08, 0x63, 0x08, 0x63, 0x08, 0x63, 0x08, 0x63, 0x08,
  0x63, 0x08, 0x63, 0x08, 0x63, 0x08, 0x63, 0x08, 0x63, 0x08, 0x63, 0x08, 0x63, 0x08, 0x63, 0x08,
  0x63, 0x08, 0x63, 0x08, 0x63, 0x08, 0x63, 0x08, 0x63, 0x08, 0x63, 0x08, 0x63, 0x08, 0x63, 0x08,
  0x63, 0x08, 0x63, 0x08, 0x63, 0x08, 0x63, 0x08, 0x63, 0x08, 0x63, 0x08, 0x63, 0x08, 0x63, 0x08,
  0x63, 0x08, 0x63, 0x08, 0x63, 0x08, 0x63, 0x08, 0x63, 0x08, 0x63, 0x08, 0x63, 0x08, 0x63, 0x08,
  0x63, 0x08, 0x63, 0x08, 0x63, 0x08, 0x63, 0x08, 0x63, 0x08, 0x63, 0x08, 0x63, 0x08, 0x63, 0x08,
  0x63, 0x08, 0x63, 0x08, 0x63, 0x08, 0x63, 0x08, 0x63, 0x08, 0x63, 0x08, 0x63, 0x08, 0x63, 0x08,
  0x63, 0x08, 0x63, 0x08, 0x63, 0x08, 0x63, 0x08, 0x63, 0x08, 0x63, 0x08, 0x63, 0x08, 0x63, 0x08,
  0x63, 0x08, 0x63, 0x08, 0x63, 0x08, 0x63, 0x08, 0x63, 0x08, 0x63, 0x08, 0x63, 0x08, 0x63, 0x08,
  0x63, 0x08, 0x63, 0x08, 0x63, 0x08, 0x63, 0x08, 0x63, 0x08, 0x63, 0x08, 0x63, 0x08, 0x63, 0x08,
  0x63, 0x08, 0x63, 0x08, 0x63, 0x08, 0x63, 0x08, 0x63, 0x08, 0x63, 0x08, 0x63, 0x08, 0x63, 0x08,
  0x63, 0x08, 0x63, 0x08, 0x63, 0x08, 0x63, 0x08, 0x63, 0x08, 0x63, 0x08, 0x63, 0x08, 0x63, 0x08,
  0x63, 0x08, 0x63, 0x08, 0x63, 0x08, 0x63, 0x08, 0x63, 0x08, 0x63, 0x08, 0x63, 0x08, 0x63, 0x08,
  0x63, 0x08, 0x63, 0x08, 0x63, 0x08, 0x63, 0x08, 0x63, 0x08, 0x63, 0x08, 0x63, 0x08, 0x63, 0x08,
  0x63, 0x08, 0x63, 0x08, 0x63, 0x08, 0x63, 0x08, 0x63, 0x08, 0x63, 0x08, 0x63, 0x08, 0x63, 0x08,
  0x63, 0x08, 0x63, 0x08, 0x63, 0x08, 0x63, 0x08, 0x63, 0x08, 0x63, 0x08, 0x63, 0x08, 0x63, 0x08,
  0x63, 0x08, 0x63, 0x08, 0x63, 0x08, 0x63, 0x08, 0x63, 0x08, 0x63, 0x08, 0x63, 0x08, 0x63, 0x08,
  0x63, 0x08, 0x63, 0x08, 0x63, 0x08, 0x63, 0x08, 0x63, 0x08, 0x63, 0x08, 0x63, 0x08, 0x63, 0x08,
  0x63, 0x08, 0x63, 0x08, 0x63, 0x08, 0x63, 0x08, 0x63, 0x08, 0x63, 0x08, 0x63, 0x08, 0x63, 0x08,
  0x63, 0x08, 0x63, 0x08, 0x63, 0x08, 0x63, 0x08, 0x63, 0x08, 0x63, 0x08, 0x63, 0x08, 0x63, 0x08,
  0x63, 0x08, 0x63, 0x08, 0x63, 0x08, 0x63, 0x08, 0x63, 0x08, 0x83, 0x08, 0x83, 0x08, 0x62, 0x00,
  0x21, 0x00, 0xC5, 0x10, 0x4E, 0x4A, 0xF8, 0x83, 0x9D, 0x9C, 0x7C, 0x94, 0x5B, 0x8C, 0x5B, 0x8C,
  0x5C, 0x8C, 0x5C, 0x8C, 0x5C, 0x8C, 0x5C, 0x8C, 0x5C, 0x8C, 0x5C, 0x8C, 0x5C, 0x84, 0x5C, 0x84,
  0x5C, 0x84, 0x5C, 0x84, 0x5D, 0x84, 0x7D, 0x84, 0x7D, 0x84, 0x7D, 0x84, 0x7D, 0x84, 0x7D, 0x7C,
  0x7D, 0x7C, 0x7D, 0x7C, 0x7D, 0x7C, 0x7D, 0x7C, 0x7E, 0x7C, 0x7E, 0x7C, 0x7E, 0x7C, 0x9F, 0x7C,
  0xFB, 0x6B, 0x84, 0x08, 0x63, 0x08, 0x63, 0x08, 0x63, 0x08, 0x63, 0x08, 0x63, 0x08, 0x63, 0x08,
  0x63, 0x08, 0x63, 0x08, 0x63, 0x08, 0x63, 0x08, 0x63, 0x08, 0x63, 0x08, 0x63, 0x08, 0x63, 0x08,
  0x63, 0x08, 0x63, 0x08, 0x63, 0x08, 0x63, 0x08, 0x63, 0x08, 0x63, 0x08, 0x63, 0x08, 0x63, 0x08,
  0x63, 0x08, 0x63, 0x08, 0x63, 0x08, 0x63, 0x08, 0x63, 0x08, 0x63, 0x08, 0x63, 0x08, 0x63, 0x08,
  0x63, 0x08, 0x63, 0x08, 0x63, 0x08, 0x63, 0x08, 0x63, 0x08, 0x63, 0x08, 0x63, 0x08, 0x63, 0x08,
  0x63, 0x08, 0x63, 0x08, 0x63, 0x08, 0x63, 0x08, 0x63, 0x08, 0x63, 0x08, 0x63, 0x08, 0x63, 0x08,
  0x63, 0x08, 0x63, 0x08, 0x63, 0x08, 0x63, 0x08, 0x63, 0x08, 0x63, 0x08, 0x63, 0x08, 0x63, 0x08,
  0x63, 0x08, 0x63, 0x08, 0x63, 0x08, 0x63, 0x08, 0x63, 0x08, 0x63, 0x08, 0x63, 0x08, 0x63, 0x08,
  0x63, 0x08, 0x63, 0x08, 0x63, 0x08, 0x63, 0x08, 0x63, 0x08, 0x63, 0x08, 0x63, 0x08, 0x63, 0x08,
  0x63, 0x08, 0x63, 0x08, 0x63, 0x08, 0x63, 0x08, 0x63, 0x08, 0x63, 0x08, 0x63, 0x08, 0x63, 0x08,
  0x63, 0x08, 0x63, 0x08, 0x63, 0x08, 0x63, 0x08, 0x63, 0x08, 0x63, 0x08, 0x63, 0x08, 0x63, 0x08,
  0x63, 0x08, 0x63, 0x08, 0x63, 0x08, 0x63, 0x08, 0x63, 0x08, 0x63, 0x08, 0x63, 0x08, 0x63, 0x08,
  0x63, 0x08, 0x63, 0x08, 0x63, 0x08, 0x63, 0x08, 0x63, 0x08, 0x63, 0x08, 0x63, 0x08, 0x63, 0x08,
  0x63, 0x08, 0x63, 0x08, 0x63, 0x08, 0x63, 0x08, 0x63, 0x08, 0x63, 0x08, 0x63, 0x08, 0x63, 0x08,
  0x63, 0x08, 0x63, 0x08, 0x63, 0x08, 0x63, 0x08, 0x63, 0x08, 0x63, 0x08, 0x63, 0x08, 0x63, 0x08,
  0x63, 0x08, 0x63, 0x08, 0x63, 0x08, 0x63, 0x08, 0x63, 0x08, 0x63, 0x08, 0x63, 0x08, 0x63, 0x08,
  0x63, 0x08, 0x63, 0x08, 0x63, 0x08, 0x63, 0x08, 0x63, 0x08, 0x63, 0x08, 0x63, 0x08, 0x63, 0x08,
  0x63, 0x08, 0x63, 0x08, 0x63, 0x08, 0x63, 0x08, 0x63, 0x08, 0x63, 0x08, 0x63, 0x08, 0x63, 0x08,
  0x63, 0x08, 0x63, 0x08, 0x63, 0x08, 0x63, 0x08, 0x63, 0x08, 0x63, 0x08, 0x63, 0x08, 0x63, 0x08,
  0x63, 0x08, 0x63, 0x08, 0x63, 0x08, 0x63, 0x08, 0x63, 0x08, 0x63, 0x08, 0x63, 0x08, 0x63, 0x08,
  0x63, 0x08, 0x63, 0x08, 0x63, 0x08, 0x63, 0x08, 0x63, 0x08, 0x63, 0x08, 0x63, 0x08, 0x63, 0x08,
  0x63, 0x08, 0x63, 0x08, 0x63, 0x08, 0x63, 0x08, 0x63, 0x08, 0x63, 0x08, 0x63, 0x08, 0x63, 0x08,
  0x63, 0x08, 0x63, 0x08, 0x63, 0x08, 0x63, 0x08, 0x63, 0x08, 0x63, 0x08, 0x63, 0x08, 0x63, 0x08,
  0x63, 0x08, 0x63, 0x08, 0x63, 0x08, 0x63, 0x08, 0x63, 0x08, 0x63, 0x08, 0x63, 0x08, 0x63, 0x08,
  0x63, 0x08, 0x63, 0x08, 0x63, 0x08, 0x63, 0x08, 0x63, 0x08, 0x63, 0x08, 0x63, 0x08, 0x63, 0x08,
  0x63, 0x08, 0x63, 0x08, 0x63, 0x08, 0x83, 0x08, 0x83, 0x08, 0x62, 0x00, 0x21, 0x00, 0xE6, 0x18,
  0x90, 0x52, 0x19, 0x8C, 0x9D, 0x9C, 0x7C, 0x94, 0x5B, 0x8C, 0x5B, 0x8C, 0x5B, 0x8C, 0x5B, 0x8C,
  0x5C, 0x8C, 0x5C, 0x8C, 0x5C, 0x8C, 0x5C, 0x8C, 0x5C, 0x8C, 0x5C, 0x8C, 0x5C, 0x84, 0x5C, 0x84,
  0x5C, 0x84, 0x5C, 0x84, 0x5D, 0x84, 0x7D, 0x84, 0x7D, 0x84, 0x7D, 0x84, 0x7D, 0x84, 0x7D, 0x7C,
  0x7D, 0x7C, 0x7D, 0x7C, 0x7D, 0x7C, 0x7D, 0x7C, 0x7E, 0x7C, 0x7E, 0x7C, 0x5D, 0x7C, 0xBF, 0x84,
  0xF4, 0x4A, 0x21, 0x00, 0x83, 0x08, 0x63, 0x08, 0x63, 0x08, 0x63, 0x08, 0x63, 0x08, 0x63, 0x08,
  0x63, 0x08, 0x63, 0x08, 0x63, 0x08, 0x63, 0x08, 0x63, 0x08, 0x63, 0x08, 0x63, 0x08, 0x63, 0x08,
  0x63, 0x08, 0x63, 0x08, 0x63, 0x08, 0x63, 0x08, 0x63, 0x08, 0x63, 0x08, 0x63, 0x08, 0x63, 0x08,
  0x63, 0x08, 0x63, 0x08, 0x63, 0x08, 0x63, 0x08, 0x63, 0x08, 0x63, 0x08, 0x63, 0x08, 0x63, 0x08,
  0x63, 0x08, 0x63, 0x08, 0x63, 0x08, 0x63, 0x08, 0x63, 0x08, 0x63, 0x08, 0x63, 0x08, 0x63, 0x08,
  0x63, 0x08, 0x63, 0x08, 0x63, 0x08, 0x63, 0x08, 0x63, 0x08, 0x63, 0x08, 0x63, 0x08, 0x63, 0x08,
  0x63, 0x08, 0x63, 0x08, 0x63, 0x08, 0x63, 0x08, 0x63, 0x08, 0x63, 0x08, 0x63, 0x08, 0x63, 0x08,
  0x63, 0x08, 0x63, 0x08, 0x63, 0x08, 0x63, 0x08, 0x63, 0x08, 0x63, 0x08, 0x63, 0x08, 0x63, 0x08,
  0x63, 0x08, 0x63, 0x08, 0x63, 0x08, 0x63, 0x08, 0x63, 0x08, 0x63, 0x08, 0x63, 0x08, 0x63, 0x08,
  0x63, 0x08, 0x63, 0x08, 0x63, 0x08, 0x63, 0x08, 0x63, 0x08, 0x63, 0x08, 0x63, 0x08, 0x63, 0x08,
  0x63, 0x08, 0x63, 0x08, 0x63, 0x08, 0x63, 0x08, 0x63, 0x08, 0x63, 0x08, 0x63, 0x08, 0x63, 0x08,
  0x63, 0x08, 0x63, 0x08, 0x63, 0x08, 0x63, 0x08, 0x63, 0x08, 0x63, 0x08, 0x63, 0x08, 0x63, 0x08,
  0x63, 0x08, 0x63, 0x08, 0x63, 0x08, 0x63, 0x08, 0x63, 0x08, 0x63, 0x08, 0x63, 0x08, 0x63, 0x08,
  0x63, 0x08, 0x63, 0x08, 0x63, 0x08, 0x63, 0x08, 0x63, 0x08, 0x63, 0x08, 0x63, 0x08, 0x63, 0x08,
  0x63, 0x08, 0x63, 0x08, 0x63, 0x08, 0x63, 0x08, 0x63, 0x08, 0x63, 0x08, 0x63, 0x08, 0x63, 0x08,
  0x63, 0x08, 0x63, 0x08, 0x63, 0x08, 0x63, 0x08, 0x63, 0x08, 0x63, 0x08, 0x63, 0x08, 0x63, 0x08,
  0x63, 0x08, 0x63, 0x08, 0x63, 0x08, 0x63, 0x08, 0x63, 0x08, 0x63, 0x08, 0x63, 0x08, 0x63, 0x08,
  0x63, 0x08, 0x63, 0x08, 0x63, 0x08, 0x63, 0x08, 0x63, 0x08, 0x63, 0x08, 0x63, 0x08, 0x63, 0x08,
  0x63, 0x08, 0x63, 0x08, 0x63, 0x08, 0x63, 0x08, 0x63, 0x08, 0x63, 0x08, 0x63, 0x08, 0x63, 0x08,
  0x63, 0x08, 0x63, 0x08, 0x63, 0x08, 0x63, 0x08, 0x63, 0x08, 0x63, 0x08, 0x63, 0x08, 0x63, 0x08,
  0x63, 0x08, 0x63, 0x08, 0x63, 0x08, 0x63, 0x08, 0x63, 0x08, 0x63, 0x08, 0x63, 0x08, 0x63, 0x08,
  0x63, 0x08, 0x63, 0x08, 0x63, 0x08, 0x63, 0x08, 0x63, 0x08, 0x63, 0x08, 0x63, 0x08, 0x63, 0x08,
  0x63, 0x08, 0x63, 0x08, 0x63, 0x08, 0x63, 0x08, 0x63, 0x08, 0x63, 0x08, 0x63, 0x08, 0x63, 0x08,
  0x63, 0x08, 0x63, 0x08, 0x63, 0x08, 0x63, 0x08, 0x63, 0x08, 0x63, 0x08, 0x63, 0x08, 0x63, 0x08,
  0x63, 0x08, 0x63, 0x08, 0x63, 0x08, 0x63, 0x08, 0x63, 0x08, 0x63, 0x08, 0x63, 0x08, 0x63, 0x08,
  0x63, 0x08, 0x83, 0x08, 0x83, 0x08, 0x42, 0x00, 0x22, 0x00, 0xE6, 0x18, 0xB0, 0x5A, 0x3A, 0x8C,
  0x9C, 0x9C, 0x7B, 0x94, 0x5B, 0x8C, 0x5B, 0x8C, 0x5B, 0x8C, 0x5B, 0x8C, 0x5B, 0x8C, 0x5B, 0x8C,
  0x5C, 0x8C, 0x5C, 0x8C, 0x5C, 0x8C, 0x5C, 0x8C, 0x5C, 0x8C, 0x5C, 0x8C, 0x5C, 0x84, 0x5C, 0x84,
  0x5C, 0x84, 0x5C, 0x84, 0x5D, 0x84, 0x7D, 0x84, 0x7D, 0x84, 0x7D, 0x84, 0x7D, 0x84, 0x7D, 0x7C,
  0x7D, 0x7C, 0x7D, 0x7C, 0x7D, 0x7C, 0x7D, 0x7C, 0x7E, 0x7C, 0x7E, 0x7C, 0x7D, 0x7C, 0x9F, 0x7C,
  0xAB, 0x29, 0x42, 0x00, 0x83, 0x08, 0x63, 0x08, 0x63, 0x08, 0x63, 0x08, 0x63, 0x08, 0x63, 0x08,
  0x63, 0x08, 0x63, 0x08, 0x63, 0x08, 0x63, 0x08, 0x63, 0x08, 0x63, 0x08, 0x63, 0x08, 0x63, 0x08,
  0x63, 0x08, 0x63, 0x08, 0x63, 0x08, 0x63, 0x08, 0x63, 0x08, 0x63, 0x08, 0x63, 0x08, 0x63, 0x08,
  0x63, 0x08, 0x63, 0x08, 0x63, 0x08, 0x63, 0x08, 0x63, 0x08, 0x63, 0x08, 0x63, 0x08, 0x63, 0x08,
  0x63, 0x08, 0x63, 0x08, 0x63, 0x08, 0x63, 0x08, 0x63, 0x08, 0x63, 0x08, 0x63, 0x08, 0x63, 0x08,
  0x63, 0x08, 0x63, 0x08, 0x63, 0x08, 0x63, 0x08, 0x63, 0x08, 0x63, 0x08, 0x63, 0x08, 0x63, 0x08,
  0x63, 0x08, 0x63, 0x08, 0x63, 0x08, 0x63, 0x08, 0x63, 0x08, 0x63, 0x08, 0x63, 0x08, 0x63, 0x08,
  0x63, 0x08, 0x63, 0x08, 0x63, 0x08, 0x63, 0x08, 0x63, 0x08, 0x63, 0x08, 0x63, 0x08, 0x63, 0x08,
  0x63, 0x08, 0x63, 0x08, 0x63, 0x08, 0x63, 0x08, 0x63, 0x08, 0x63, 0x08, 0x63, 0x08, 0x63, 0x08,
  0x63, 0x08, 0x63, 0x08, 0x63, 0x08, 0x63, 0x08, 0x63, 0x08, 0x63, 0x08, 0x63, 0x08, 0x63, 0x08,
  0x63, 0x08, 0x63, 0x08, 0x63, 0x08, 0x63, 0x08, 0x63, 0x08, 0x63, 0x08, 0x63, 0x08, 0x63, 0x08,
  0x63, 0x08, 0x63, 0x08, 0x63, 0x08, 0x63, 0x08, 0x63, 0x08, 0x63, 0x08, 0x63, 0x08, 0x63, 0x08,
  0x63, 0x08, 0x63, 0x08, 0x63, 0x08, 0x63, 0x08, 0x63, 0x08, 0x63, 0x08, 0x63, 0x08, 0x63, 0x08,
  0x63, 0x08, 0x63, 0x08, 0x63, 0x08, 0x63, 0x08, 0x63, 0x08, 0x63, 0x08, 0x63, 0x08, 0x63, 0x08,
  0x63, 0x08, 0x63, 0x08, 0x63, 0x08, 0x63, 0x08, 0x63, 0x08, 0x63, 0x08, 0x63, 0x08, 0x63, 0x08,
  0x63, 0x08, 0x63, 0x08, 0x63, 0x08, 0x63, 0x08, 0x63, 0x08, 0x63, 0x08, 0x63, 0x08, 0x63, 0x08,
  0x63, 0x08, 0x63, 0x08, 0x63, 0x08, 0x63, 0x08, 0x63, 0x08, 0x63, 0x08, 0x63, 0x08, 0x63, 0x08,
  0x63, 0x08, 0x63, 0x08, 0x63, 0x08, 0x63, 0x08, 0x63, 0x08, 0x63, 0x08, 0x63, 0x08, 0x63, 0x08,
  0x63, 0x08, 0x63, 0x08, 0x63, 0x08, 0x63, 0x08, 0x63, 0x08, 0x63, 0x08, 0x63, 0x08, 0x63, 0x08,
  0x63, 0x08, 0x63, 0x08, 0x63, 0x08, 0x63, 0x08, 0x63, 0x08, 0x63, 0x08, 0x63, 0x08, 0x63, 0x08,
  0x63, 0x08, 0x63, 0x08, 0x63, 0x08, 0x63, 0x08, 0x63, 0x08, 0x63, 0x08, 0x63, 0x08, 0x63, 0x08,
  0x63, 0x08, 0x63, 0x08, 0x63, 0x08, 0x63, 0x08, 0x63, 0x08, 0x63, 0x08, 0x63, 0x08, 0x63, 0x08,
  0x63, 0x08, 0x63, 0x08, 0x63, 0x08, 0x63, 0x08, 0x63, 0x08, 0x63, 0x08, 0x63, 0x08, 0x63, 0x08,
  0x63, 0x08, 0x63, 0x08, 0x63, 0x08, 0x63, 0x08, 0x63, 0x08, 0x63, 0x08, 0x63, 0x08, 0x63, 0x08,
  0x63, 0x08, 0x63, 0x08, 0x63, 0x08, 0x63, 0x08, 0x63, 0x08, 0x63, 0x08, 0x63, 0x08, 0x83, 0x08,
  0x83, 0x08, 0x42, 0x00, 0x22, 0x00, 0xE6, 0x18, 0xB1, 0x5A, 0x3A, 0x94, 0x9C, 0x9C, 0x5B, 0x94,
  0x5A, 0x94, 0x5B, 0x94, 0x5B, 0x94, 0x5B, 0x94, 0x5B, 0x8C, 0x5B, 0x8C, 0x5B, 0x8C, 0x5B, 0x8C,
  0x5C, 0x8C, 0x5C, 0x8C, 0x5C, 0x8C, 0x5C, 0x8C, 0x5C, 0x8C, 0x5C, 0x8C, 0x5C, 0x84, 0x5C, 0x84,
  0x5C, 0x84, 0x5C, 0x84, 0x5D, 0x84, 0x7D, 0x84, 0x7D, 0x84, 0x7D, 0x84, 0x7D, 0x84, 0x7D, 0x7C,
  0x7D, 0x7C, 0x7D, 0x7C, 0x7D, 0x7C, 0x7D, 0x7C, 0x7E, 0x7C, 0x7D, 0x7C, 0x9E, 0x7C, 0x1B, 0x6C,
  0xA4, 0x10, 0x63, 0x08, 0x63, 0x08, 0x63, 0x08, 0x63, 0x08, 0x63, 0x08, 0x63, 0x08, 0x63, 0x08,
  0x63, 0x08, 0x63, 0x08, 0x63, 0x08, 0x63, 0x08, 0x63, 0x08, 0x63, 0x08, 0x63, 0x08, 0x63, 0x08,
  0x63, 0x08, 0x63, 0x08, 0x63, 0x08, 0x63, 0x08, 0x63, 0x08, 0x63, 0x08, 0x63, 0x08, 0x63, 0x08,
  0x63, 0x08, 0x63, 0x08, 0x63, 0x08, 0x63, 0x08, 0x63, 0x08, 0x63, 0x08, 0x63, 0x08, 0x63, 0x08,
  0x63, 0x08, 0x63, 0x08, 0x63, 0x08, 0x63, 0x08, 0x63, 0x08, 0x63, 0x08, 0x63, 0x08, 0x63, 0x08,
  0x63, 0x08, 0x63, 0x08, 0x63, 0x08, 0x63, 0x08, 0x63, 0x08, 0x63, 0x08, 0x63, 0x08, 0x63, 0x08,
  0x63, 0x08, 0x63, 0x08, 0x63, 0x08, 0x63, 0x08, 0x63, 0x08, 0x63, 0x08, 0x63, 0x08, 0x63, 0x08,
  0x63, 0x08, 0x63, 0x08, 0x63, 0x08, 0x63, 0x08, 0x63, 0x08, 0x63, 0x08, 0x63, 0x08, 0x63, 0x08,
  0x63, 0x08, 0x63, 0x08, 0x63, 0x08, 0x63, 0x08, 0x63, 0x08, 0x63, 0x08, 0x63, 0x08, 0x63, 0x08,
  0x63, 0x08, 0x63, 0x08, 0x63, 0x08, 0x63, 0x08, 0x63, 0x08, 0x63, 0x08, 0x63, 0x08, 0x63, 0x08,
  0x63, 0x08, 0x63, 0x08, 0x63, 0x08, 0x63, 0x08, 0x63, 0x08, 0x63, 0x08, 0x63, 0x08, 0x63, 0x08,
  0x63, 0x08, 0x63, 0x08, 0x63, 0x08, 0x63, 0x08, 0x63, 0x08, 0x63, 0x08, 0x63, 0x08, 0x63, 0x08,
  0x63, 0x08, 0x63, 0x08, 0x63, 0x08, 0x63, 0x08, 0x63, 0x08, 0x63, 0x08, 0x63, 0x08, 0x63, 0x08,
  0x63, 0x08, 0x63, 0x08, 0x63, 0x08, 0x63, 0x08, 0x63, 0x08, 0x63, 0x08, 0x63, 0x08, 0x63, 0x08,
  0x63, 0x08, 0x63, 0x08, 0x63, 0x08, 0x63, 0x08, 0x63, 0x08, 0x63, 0x08, 0x63, 0x08, 0x63, 0x08,
  0x63, 0x08, 0x63, 0x08, 0x63, 0x08, 0x63, 0x08, 0x63, 0x08, 0x63, 0x08, 0x63, 0x08, 0x63, 0x08,
  0x63, 0x08, 0x63, 0x08, 0x63, 0x08, 0x63, 0x08, 0x63, 0x08, 0x63, 0x08, 0x63, 0x08, 0x63, 0x08,
  0x63, 0x08, 0x63, 0x08, 0x63, 0x08, 0x63, 0x08, 0x63, 0x08, 0x63, 0x08, 0x63, 0x08, 0x63, 0x08,
  0x63, 0x08, 0x63, 0x08, 0x63, 0x08, 0x63, 0x08, 0x63, 0x08, 0x63, 0x08, 0x63, 0x08, 0x63, 0x08,
  0x63, 0x08, 0x63, 0x08, 0x63, 0x08, 0x63, 0x08, 0x63, 0x08, 0x63, 0x08, 0x63, 0x08, 0x63, 0x08,
  0x63, 0x08, 0x63, 0x08, 0x63, 0x08, 0x63, 0x08, 0x63, 0x08, 0x63, 0x08, 0x63, 0x08, 0x63, 0x08,
  0x63, 0x08, 0x63, 0x08, 0x63, 0x08, 0x63, 0x08, 0x63, 0x08, 0x63, 0x08, 0x63, 0x08, 0x63, 0x08,
  0x63, 0x08, 0x63, 0x08, 0x63, 0x08, 0x63, 0x08, 0x63, 0x08, 0x63, 0x08, 0x63, 0x08, 0x63, 0x08,
  0x63, 0x08, 0x63, 0x08, 0x63, 0x08, 0x63, 0x08, 0x63, 0x08, 0x63, 0x08, 0x63, 0x08, 0x63, 0x08,
  0x63, 0x08, 0x63, 0x08, 0x63, 0x08, 0x63, 0x08, 0x63, 0x08, 0x83, 0x08, 0x83, 0x08, 0x63, 0x00,
  0x22, 0x00, 0xE6, 0x18, 0xB1, 0x5A, 0x3A, 0x94, 0x9C, 0x9C, 0x5B, 0x94, 0x5A, 0x94, 0x5B, 0x94,
  0x5B, 0x94, 0x5B, 0x94, 0x5B, 0x94, 0x5B, 0x94, 0x5B, 0x8C, 0x5B, 0x8C, 0x5B, 0x8C, 0x5B, 0x8C,
  0x5C, 0x8C, 0x5C, 0x8C, 0x5C, 0x8C, 0x5C, 0x8C, 0x5C, 0x8C, 0x5C, 0x8C, 0x5C, 0x84, 0x5C, 0x84,
  0x5C, 0x84, 0x5C, 0x84, 0x5D, 0x84, 0x7D, 0x84, 0x7D, 0x84, 0x7D, 0x84, 0x7D, 0x84, 0x7D, 0x7C,
  0x7D, 0x7C, 0x7D, 0x7C, 0x7D, 0x7C, 0x7D, 0x7C, 0x7E, 0x7C, 0x5D, 0x7C, 0xBF, 0x84, 0xF4, 0x4A,
  0x21, 0x00, 0x83, 0x08, 0x63, 0x08, 0x63, 0x08, 0x63, 0x08, 0x63, 0x08, 0x63, 0x08, 0x63, 0x08,
  0x63, 0x08, 0x63, 0x08, 0x63, 0x08, 0x63, 0x08, 0x63, 0x08, 0x63, 0x08, 0x63, 0x08, 0x63, 0x08,
  0x63, 0x08, 0x63, 0x08, 0x63, 0x08, 0x63, 0x08, 0x63, 0x08, 0x63, 0x08, 0x63, 0x08, 0x63, 0x08,
  0x63, 0x08, 0x63, 0x08, 0x63, 0x08, 0x63, 0x08, 0x63, 0x08, 0x63, 0x08, 0x63, 0x08, 0x63, 0x08,
  0x63, 0x08, 0x63, 0x08, 0x63, 0x08, 0x63, 0x08, 0x63, 0x08, 0x63, 0x08, 0x63, 0x08, 0x63, 0x08,
  0x63, 0x08, 0x63, 0x08, 0x63, 0x08, 0x63, 0x08, 0x63, 0x08, 0x63, 0x08, 0x63, 0x08, 0x63, 0x08,
  0x63, 0x08, 0x63, 0x08, 0x63, 0x08, 0x63, 0x08, 0x63, 0x08, 0x63, 0x08, 0x63, 0x08, 0x63, 0x08,
  0x63, 0x08, 0x63, 0x08, 0x63, 0x08, 0x63, 0x08, 0x63, 0x08, 0x63, 0x08, 0x63, 0x08, 0x63, 0x08,
  0x63, 0x08, 0x63, 0x08, 0x63, 0x08, 0x63, 0x08, 0x63, 0x08, 0x63, 0x08, 0x63, 0x08, 0x63, 0x08,
  0x63, 0x08, 0x63, 0x08, 0x63, 0x08, 0x63, 0x08, 0x63, 0x08, 0x63, 0x08, 0x63, 0x08, 0x63, 0x08,
  0x63, 0x08, 0x63, 0x08, 0x63, 0x08, 0x63, 0x08, 0x63, 0x08, 0x63, 0x08, 0x63, 0x08, 0x63, 0x08,
  0x63, 0x08, 0x63, 0x08, 0x63, 0x08, 0x63, 0x08, 0x63, 0x08, 0x63, 0x08, 0x63, 0x08, 0x63, 0x08,
  0x63, 0x08, 0x63, 0x08, 0x63, 0x08, 0x63, 0x08, 0x63, 0x08, 0x63, 0x08, 0x63, 0x08, 0x63, 0x08,
  0x63, 0x08, 0x63, 0x08, 0x63, 0x08, 0x63, 0x08, 0x63, 0x08, 0x63, 0x08, 0x63, 0x08, 0x63, 0x08,
  0x63, 0x08, 0x63, 0x08, 0x63, 0x08, 0x63, 0x08, 0x63, 0x08, 0x63, 0x08, 0x63, 0x08, 0x63, 0x08,
  0x63, 0x08, 0x63, 0x08, 0x63, 0x08, 0x63, 0x08, 0x63, 0x08, 0x63, 0x08, 0x63, 0x08, 0x63, 0x08,
  0x63, 0x08, 0x63, 0x08, 0x63, 0x08, 0x63, 0x08, 0x63, 0x08, 0x63, 0x08, 0x63, 0x08, 0x63, 0x08,
  0x63, 0x08, 0x63, 0x08, 0x63, 0x08, 0x63, 0x08, 0x63, 0x08, 0x63, 0x08, 0x63, 0x08, 0x63, 0x08,
  0x63, 0x08, 0x63, 0x08, 0x63, 0x08, 0x63, 0x08, 0x63, 0x08, 0x63, 0x08, 0x63, 0x08, 0x63, 0x08,
  0x63, 0x08, 0x63, 0x08, 0x63, 0x08, 0x63, 0x08, 0x63, 0x08, 0x63, 0x08, 0x63, 0x08, 0x63, 0x08,
  0x63, 0x08, 0x63, 0x08, 0x63, 0x08, 0x63, 0x08, 0x63, 0x08, 0x63, 0x08, 0x63, 0x08, 0x63, 0x08,
  0x63, 0x08, 0x63, 0x08, 0x63, 0x08, 0x63, 0x08, 0x63, 0x08, 0x63, 0x08, 0x63, 0x08, 0x63, 0x08,
  0x63, 0x08, 0x63, 0x08, 0x63, 0x08, 0x63, 0x08, 0x63, 0x08, 0x63, 0x08, 0x63, 0x08, 0x63, 0x08,
  0x63, 0x08, 0x63, 0x08, 0x63, 0x08, 0x63, 0x08, 0x63, 0x08, 0x63, 0x08, 0x63, 0x08, 0x63, 0x08,
  0x63, 0x08, 0x63, 0x08, 0x63, 0x08, 0x83, 0x08, 0x83, 0x08, 0x63, 0x08, 0x21, 0x00, 0xE6, 0x18,
  0xB0, 0x5A, 0x39, 0x94, 0x9C, 0xA4, 0x5A, 0x94, 0x3A, 0x94, 0x5A, 0x94, 0x5B, 0x94, 0x5B, 0x94,
  0x5B, 0x94, 0x5B, 0x94, 0x5B, 0x94, 0x5B, 0x94, 0x5B, 0x8C, 0x5B, 0x8C, 0x5B, 0x8C, 0x5B, 0x8C,
  0x5C, 0x8C, 0x5C, 0x8C, 0x5C, 0x8C, 0x5C, 0x8C, 0x5C, 0x8C, 0x5C, 0x8C, 0x5C, 0x84, 0x5C, 0x84,
  0x5C, 0x84, 0x5C, 0x84, 0x5D, 0x84, 0x7D, 0x84, 0x7D, 0x84, 0x7D, 0x84, 0x7D, 0x84, 0x7D, 0x7C,
  0x7D, 0x7C, 0x7D, 0x7C, 0x7D, 0x7C, 0x7D, 0x7C, 0x7E, 0x7C, 0x5D, 0x7C, 0x9F, 0x7C, 0x8A, 0x29,
  0x42, 0x00, 0x83, 0x08, 0x63, 0x08, 0x63, 0x08, 0x63, 0x08, 0x63, 0x08, 0x63, 0x08, 0x63, 0x08,
  0x63, 0x08, 0x63, 0x08, 0x63, 0x08, 0x63, 0x08, 0x63, 0x08, 0x63, 0x08, 0x63, 0x08, 0x63, 0x08,
  0x63, 0x08, 0x63, 0x08, 0x63, 0x08, 0x63, 0x08, 0x63, 0x08, 0x63, 0x08, 0x63, 0x08, 0x63, 0x08,
  0x63, 0x08, 0x63, 0x08, 0x63, 0x08, 0x63, 0x08, 0x63, 0x08, 0x63, 0x08, 0x63, 0x08, 0x63, 0x08,
  0x63, 0x08, 0x63, 0x08, 0x63, 0x08, 0x63, 0x08, 0x63, 0x08, 0x63, 0x08, 0x63, 0x08, 0x63, 0x08,
  0x63, 0x08, 0x63, 0x08, 0x63, 0x08, 0x63, 0x08, 0x63, 0x08, 0x63, 0x08, 0x63, 0x08, 0x63, 0x08,
  0x63, 0x08, 0x63, 0x08, 0x63, 0x08, 0x63, 0x08, 0x63, 0x08, 0x63, 0x08, 0x63, 0x08, 0x63, 0x08,
  0x63, 0x08, 0x63, 0x08, 0x63, 0x08, 0x63, 0x08, 0x63, 0x08, 0x63, 0x08, 0x63, 0x08, 0x63, 0x08,
  0x63, 0x08, 0x63, 0x08, 0x63, 0x08, 0x63, 0x08, 0x63, 0x08, 0x63, 0x08, 0x63, 0x08, 0x63, 0x08,
  0x63, 0x08, 0x63, 0x08, 0x63, 0x08, 0x63, 0x08, 0x63, 0x08, 0x63, 0x08, 0x63, 0x08, 0x63, 0x08,
  0x63, 0x08, 0x63, 0x08, 0x63, 0x08, 0x63, 0x08, 0x63, 0x08, 0x63, 0x08, 0x63, 0x08, 0x63, 0x08,
  0x63, 0x08, 0x63, 0x08, 0x63, 0x08, 0x63, 0x08, 0x63, 0x08, 0x63, 0x08, 0x63, 0x08, 0x63, 0x08,
  0x63, 0x08, 0x63, 0x08, 0x63, 0x08, 0x63, 0x08, 0x63, 0x08, 0x63, 0x08, 0x63, 0x08, 0x63, 0x08,
  0x63, 0x08, 0x63, 0x08, 0x63, 0x08, 0x63, 0x08, 0x63, 0x08, 0x63, 0x08, 0x63, 0x08, 0x63, 0x08,
  0x63, 0x08, 0x63, 0x08, 0x63, 0x08, 0x63, 0x08, 0x63, 0x08, 0x63, 0x08, 0x63, 0x08, 0x63, 0x08,
  0x63, 0x08, 0x63, 0x08, 0x63, 0x08, 0x63, 0x08, 0x63, 0x08, 0x63, 0x08, 0x63, 0x08, 0x63, 0x08,
  0x63, 0x08, 0x63, 0x08, 0x63, 0x08, 0x63, 0x08, 0x63, 0x08, 0x63, 0x08, 0x63, 0x08, 0x63, 0x08,
  0x63, 0x08, 0x63, 0x08, 0x63, 0x08, 0x63, 0x08, 0x63, 0x08, 0x63, 0x08, 0x63, 0x08, 0x63, 0x08,
  0x63, 0x08, 0x63, 0x08, 0x63, 0x08, 0x63, 0x08, 0x63, 0x08, 0x63, 0x08, 0x63, 0x08, 0x63, 0x08,
  0x63, 0x08, 0x63, 0x08, 0x63, 0x08, 0x63, 0x08, 0x63, 0x08, 0x63, 0x08, 0x63, 0x08, 0x63, 0x08,
  0x63, 0x08, 0x63, 0x08, 0x63, 0x08, 0x63, 0x08, 0x63, 0x08, 0x63, 0x08, 0x63, 0x08, 0x63, 0x08,
  0x63, 0x08, 0x63, 0x08, 0x63, 0x08, 0x63, 0x08, 0x63, 0x08, 0x63, 0x08, 0x63, 0x08, 0x63, 0x08,
  0x63, 0x08, 0x63, 0x08, 0x63, 0x08, 0x63, 0x08, 0x63, 0x08, 0x63, 0x08, 0x63, 0x08, 0x63, 0x08,
  0x63, 0x08, 0x63, 0x08, 0x63, 0x08, 0x63, 0x08, 0x63, 0x08, 0x63, 0x08, 0x63, 0x08, 0x63, 0x08,
  0x63, 0x08, 0x63, 0x08, 0x83, 0x08, 0x63, 0x08, 0x21, 0x00, 0xC5, 0x10, 0x8F, 0x52, 0x39, 0x94,
  0x9C, 0xA4, 0x5A, 0x9C, 0x3A, 0x94, 0x5A, 0x94, 0x5A, 0x94, 0x5A, 0x94, 0x5B, 0x94, 0x5B, 0x94,
  0x5B, 0x94, 0x5B, 0x94, 0x5B, 0x94, 0x5B, 0x94, 0x5B, 0x8C, 0x5B, 0x8C, 0x5B, 0x8C, 0x5B, 0x8C,
  0x5C, 0x8C, 0x5C, 0x8C, 0x5C, 0x8C, 0x5C, 0x8C, 0x5C, 0x8C, 0x5C, 0x8C, 0x5C, 0x84, 0x5C, 0x84,
  0x5C, 0x84, 0x5C, 0x84, 0x5D, 0x84, 0x7D, 0x84, 0x7D, 0x84, 0x7D, 0x84, 0x7D, 0x84, 0x7D, 0x7C,
  0x7D, 0x7C, 0x7D, 0x7C, 0x7D, 0x7C, 0x7D, 0x7C, 0x5D, 0x7C, 0x9E, 0x7C, 0xFA, 0x6B, 0x84, 0x08,
  0x63, 0x08, 0x63, 0x08, 0x63, 0x08, 0x63, 0x08, 0x63, 0x08, 0x63, 0x08, 0x63, 0x08, 0x63, 0x08,
  0x63, 0x08, 0x63, 0x08, 0x63, 0x08, 0x63, 0x08, 0x63, 0x08, 0x63, 0x08, 0x63, 0x08, 0x63, 0x08,
  0x63, 0x08, 0x63, 0x08, 0x63, 0x08, 0x63, 0x08, 0x63, 0x08, 0x63, 0x08, 0x63, 0x08, 0x63, 0x08,
  0x63, 0x08, 0x63, 0x08, 0x63, 0x08, 0x63, 0x08, 0x63, 0x08, 0x63, 0x08, 0x63, 0x08, 0x63, 0x08,
  0x63, 0x08, 0x63, 0x08, 0x63, 0x08, 0x63, 0x08, 0x63, 0x08, 0x63, 0x08, 0x63, 0x08, 0x63, 0x08,
  0x63, 0x08, 0x63, 0x08, 0x63, 0x08, 0x63, 0x08, 0x63, 0x08, 0x63, 0x08, 0x63, 0x08, 0x63, 0x08,
  0x63, 0x08, 0x63, 0x08, 0x63, 0x08, 0x63, 0x08, 0x63, 0x08, 0x63, 0x08, 0x63, 0x08, 0x63, 0x08,
  0x63, 0x08, 0x63, 0x08, 0x63, 0x08, 0x63, 0x08, 0x63, 0x08, 0x63, 0x08, 0x63, 0x08, 0x63, 0x08,
  0x63, 0x08, 0x63, 0x08, 0x63, 0x08, 0x63, 0x08, 0x63, 0x08, 0x63, 0x08, 0x63, 0x08, 0x63, 0x08,
  0x63, 0x08, 0x63, 0x08, 0x63, 0x08, 0x63, 0x08, 0x63, 0x08, 0x63, 0x08, 0x63, 0x08, 0x63, 0x08,
  0x63, 0x08, 0x63, 0x08, 0x63, 0x08, 0x63, 0x08, 0x63, 0x08, 0x63, 0x08, 0x63, 0x08, 0x63, 0x08,
  0x63, 0x08, 0x63, 0x08, 0x63, 0x08, 0x63, 0x08, 0x63, 0x08, 0x63, 0x08, 0x63, 0x08, 0x63, 0x08,
  0x63, 0x08, 0x63, 0x08, 0x63, 0x08, 0x63, 0x08, 0x63, 0x08, 0x63, 0x08, 0x63, 0x08, 0x63, 0x08,
  0x63, 0x08, 0x63, 0x08, 0x63, 0x08, 0x63, 0x08, 0x63, 0x08, 0x63, 0x08, 0x63, 0x08, 0x63, 0x08,
  0x63, 0x08, 0x63, 0x08, 0x63, 0x08, 0x63, 0x08, 0x63, 0x08, 0x63, 0x08, 0x63, 0x08, 0x63, 0x08,
  0x63, 0x08, 0x63, 0x08, 0x63, 0x08, 0x63, 0x08, 0x63, 0x08, 0x63, 0x08, 0x63, 0x08, 0x63, 0x08,
  0x63, 0x08, 0x63, 0x08, 0x63, 0x08, 0x63, 0x08, 0x63, 0x08, 0x63, 0x08, 0x63, 0x08, 0x63, 0x08,
  0x63, 0x08, 0x63, 0x08, 0x63, 0x08, 0x63, 0x08, 0x63, 0x08, 0x63, 0x08, 0x63, 0x08, 0x63, 0x08,
  0x63, 0x08, 0x63, 0x08, 0x63, 0x08, 0x63, 0x08, 0x63, 0x08, 0x63, 0x08, 0x63, 0x08, 0x63, 0x08,
  0x63, 0x08, 0x63, 0x08, 0x63, 0x08, 0x63, 0x08, 0x63, 0x08, 0x63, 0x08, 0x63, 0x08, 0x63, 0x08,
  0x63, 0x08, 0x63, 0x08, 0x63, 0x08, 0x63, 0x08, 0x63, 0x08, 0x63, 0x08, 0x63, 0x08, 0x63, 0x08,
  0x63, 0x08, 0x63, 0x08, 0x63, 0x08, 0x63, 0x08, 0x63, 0x08, 0x63, 0x08, 0x63, 0x08, 0x63, 0x08,
  0x63, 0x08, 0x63, 0x08, 0x63, 0x08, 0x63, 0x08, 0x63, 0x08, 0x63, 0x08, 0x63, 0x08, 0x63, 0x08,
  0x63, 0x08, 0x63, 0x08, 0x63, 0x08, 0x63, 0x08, 0x63, 0x08, 0x63, 0x08, 0x63, 0x08, 0x63, 0x08,
  0x83, 0x08, 0x63, 0x08, 0x21, 0x00, 0xA4, 0x10, 0x4E, 0x52, 0x18, 0x94, 0x9B, 0xA4, 0x5A, 0x9C,
  0x3A, 0x94, 0x5A, 0x9C, 0x5A, 0x94, 0x5A, 0x94, 0x5A, 0x94, 0x5A, 0x94, 0x5B, 0x94, 0x5B, 0x94,
  0x5B, 0x94, 0x5B, 0x94, 0x5B, 0x94, 0x5B, 0x94, 0x5B, 0x8C, 0x5B, 0x8C, 0x5B, 0x8C, 0x5B, 0x8C,
  0x5C, 0x8C, 0x5C, 0x8C, 0x5C, 0x8C, 0x5C, 0x8C, 0x5C, 0x8C, 0x5C, 0x8C, 0x5C, 0x84, 0x5C, 0x84,
  0x5C, 0x84, 0x5C, 0x84, 0x5D, 0x84, 0x7D, 0x84, 0x7D, 0x84, 0x7D, 0x84, 0x7D, 0x84, 0x7D, 0x7C,
  0x7D, 0x7C, 0x7D, 0x7C, 0x7D, 0x7C, 0x7D, 0x7C, 0x5D, 0x7C, 0xBF, 0x84, 0x91, 0x42, 0x21, 0x00,
  0x84, 0x08, 0x63, 0x08, 0x63, 0x08, 0x63, 0x08, 0x63, 0x08, 0x63, 0x08, 0x63, 0x08, 0x63, 0x08,
  0x63, 0x08, 0x63, 0x08, 0x63, 0x08, 0x63, 0x08, 0x63, 0x08, 0x63, 0x08, 0x63, 0x08, 0x63, 0x08,
  0x63, 0x08, 0x63, 0x08, 0x63, 0x08, 0x63, 0x08, 0x63, 0x08, 0x63, 0x08, 0x63, 0x08, 0x63, 0x08,
  0x63, 0x08, 0x63, 0x08, 0x63, 0x08, 0x63, 0x08, 0x63, 0x08, 0x63, 0x08, 0x63, 0x08, 0x63, 0x08,
  0x63, 0x08, 0x63, 0x08, 0x63, 0x08, 0x63, 0x08, 0x63, 0x08, 0x63, 0x08, 0x63, 0x08, 0x63, 0x08,
  0x63, 0x08, 0x63, 0x08, 0x63, 0x08, 0x63, 0x08, 0x63, 0x08, 0x63, 0x08, 0x63, 0x08, 0x63, 0x08,
  0x63, 0x08, 0x63, 0x08, 0x63, 0x08, 0x63, 0x08, 0x63, 0x08, 0x63, 0x08, 0x63, 0x08, 0x63, 0x08,
  0x63, 0x08, 0x63, 0x08, 0x63, 0x08, 0x63, 0x08, 0x63, 0x08, 0x63, 0x08, 0x63, 0x08, 0x63, 0x08,
  0x63, 0x08, 0x63, 0x08, 0x63, 0x08, 0x63, 0x08, 0x63, 0x08, 0x63, 0x08, 0x63, 0x08, 0x63, 0x08,
  0x63, 0x08, 0x63, 0x08, 0x63, 0x08, 0x63, 0x08, 0x63, 0x08, 0x63, 0x08, 0x63, 0x08, 0x63, 0x08,
  0x63, 0x08, 0x63, 0x08, 0x63, 0x08, 0x63, 0x08, 0x63, 0x08, 0x63, 0x08, 0x63, 0x08, 0x63, 0x08,
  0x63, 0x08, 0x63, 0x08, 0x63, 0x08, 0x63, 0x08, 0x63, 0x08, 0x63, 0x08, 0x63, 0x08, 0x63, 0x08,
  0x63, 0x08, 0x63, 0x08, 0x63, 0x08, 0x63, 0x08, 0x63, 0x08, 0x63, 0x08, 0x63, 0x08, 0x63, 0x08,
  0x63, 0x08, 0x63, 0x08, 0x63, 0x08, 0x63, 0x08, 0x63, 0x08, 0x63, 0x08, 0x63, 0x08, 0x63, 0x08,
  0x63, 0x08, 0x63, 0x08, 0x63, 0x08, 0x63, 0x08, 0x63, 0x08, 0x63, 0x08, 0x63, 0x08, 0x63, 0x08,
  0x63, 0x08, 0x63, 0x08, 0x63, 0x08, 0x63, 0x08, 0x63, 0x08, 0x63, 0x08, 0x63, 0x08, 0x63, 0x08,
  0x63, 0x08, 0x63, 0x08, 0x63, 0x08, 0x63, 0x08, 0x63, 0x08, 0x63, 0x08, 0x63, 0x08, 0x63, 0x08,
  0x63, 0x08, 0x63, 0x08, 0x63, 0x08, 0x63, 0x08, 0x63, 0x08, 0x63, 0x08, 0x63, 0x08, 0x63, 0x08,
  0x63, 0x08, 0x63, 0x08, 0x63, 0x08, 0x63, 0x08, 0x63, 0x08, 0x63, 0x08, 0x63, 0x08, 0x63, 0x08,
  0x63, 0x08, 0x63, 0x08, 0x63, 0x08, 0x63, 0x08, 0x63, 0x08, 0x63, 0x08, 0x63, 0x08, 0x63, 0x08,
  0x63, 0x08, 0x63, 0x08, 0x63, 0x08, 0x63, 0x08, 0x63, 0x08, 0x63, 0x08, 0x63, 0x08, 0x63, 0x08,
  0x63, 0x08, 0x63, 0x08, 0x63, 0x08, 0x63, 0x08, 0x63, 0x08, 0x63, 0x08, 0x63, 0x08, 0x63, 0x08,
  0x63, 0x08, 0x63, 0x08, 0x63, 0x08, 0x63, 0x08, 0x63, 0x08, 0x63, 0x08, 0x63, 0x08, 0x63, 0x08,
  0x63, 0x08, 0x63, 0x08, 0x63, 0x08, 0x63, 0x08, 0x63, 0x08, 0x63, 0x08, 0x83, 0x08, 0x83, 0x08,
  0x22, 0x00, 0x83, 0x08, 0x0C, 0x4A, 0xF7, 0x8B, 0x9B, 0xA4, 0x5A, 0x9C, 0x39, 0x9C, 0x5A, 0x9C,
  0x5A, 0x9C, 0x5A, 0x9C, 0x5A, 0x94, 0x5A, 0x94, 0x5A, 0x94, 0x5A, 0x94, 0x5B, 0x94, 0x5B, 0x94,
  0x5B, 0x94, 0x5B, 0x94, 0x5B, 0x94, 0x5B, 0x94, 0x5B, 0x8C, 0x5B, 0x8C, 0x5B, 0x8C, 0x5B, 0x8C,
  0x5C, 0x8C, 0x5C, 0x8C, 0x5C, 0x8C, 0x5C, 0x8C, 0x5C, 0x8C, 0x5C, 0x8C, 0x5C, 0x84, 0x5C, 0x84,
  0x5C, 0x84, 0x5C, 0x84, 0x5D, 0x84, 0x7D, 0x84, 0x7D, 0x84, 0x7D, 0x84, 0x7D, 0x84, 0x7D, 0x7C,
  0x7D, 0x7C, 0x7D, 0x7C, 0x7D, 0x7C, 0x7D, 0x7C, 0x7E, 0x7C, 0x7E, 0x7C, 0x28, 0x19, 0x42, 0x00,
  0x83, 0x08, 0x63, 0x08, 0x63, 0x08, 0x63, 0x08, 0x63, 0x08, 0x63, 0x08, 0x63, 0x08, 0x63, 0x08,
  0x63, 0x08, 0x63, 0x08, 0x63, 0x08, 0x63, 0x08, 0x63, 0x08, 0x63, 0x08, 0x63, 0x08, 0x63, 0x08,
  0x63, 0x08, 0x63, 0x08, 0x63, 0x08, 0x63, 0x08, 0x63, 0x08, 0x63, 0x08, 0x63, 0x08, 0x63, 0x08,
  0x63, 0x08, 0x63, 0x08, 0x63, 0x08, 0x63, 0x08, 0x63, 0x08, 0x63, 0x08, 0x63, 0x08, 0x63, 0x08,
  0x63, 0x08, 0x63, 0x08, 0x63, 0x08, 0x63, 0x08, 0x63, 0x08, 0x63, 0x08, 0x63, 0x08, 0x63, 0x08,
  0x63, 0x08, 0x63, 0x08, 0x63, 0x08, 0x63, 0x08, 0x63, 0x08, 0x63, 0x08, 0x63, 0x08, 0x63, 0x08,
  0x63, 0x08, 0x63, 0x08, 0x63, 0x08, 0x63, 0x08, 0x63, 0x08, 0x63, 0x08, 0x63, 0x08, 0x63, 0x08,
  0x63, 0x08, 0x63, 0x08, 0x63, 0x08, 0x63, 0x08, 0x63, 0x08, 0x63, 0x08, 0x63, 0x08, 0x63, 0x08,
  0x63, 0x08, 0x63, 0x08, 0x63, 0x08, 0x63, 0x08, 0x63, 0x08, 0x63, 0x08, 0x63, 0x08, 0x63, 0x08,
  0x63, 0x08, 0x63, 0x08, 0x63, 0x08, 0x63, 0x08, 0x63, 0x08, 0x63, 0x08, 0x63, 0x08, 0x63, 0x08,
  0x63, 0x08, 0x63, 0x08, 0x63, 0x08, 0x63, 0x08, 0x63, 0x08, 0x63, 0x08, 0x63, 0x08, 0x63, 0x08,
  0x63, 0x08, 0x63, 0x08, 0x63, 0x08, 0x63, 0x08, 0x63, 0x08, 0x63, 0x08, 0x63, 0x08, 0x63, 0x08,
  0x63, 0x08, 0x63, 0x08, 0x63, 0x08, 0x63, 0x08, 0x63, 0x08, 0x63, 0x08, 0x63, 0x08, 0x63, 0x08,
  0x63, 0x08, 0x63, 0x08, 0x63, 0x08, 0x63, 0x08, 0x63, 0x08, 0x63, 0x08, 0x63, 0x08, 0x63, 0x08,
  0x63, 0x08, 0x63, 0x08, 0x63, 0x08, 0x63, 0x08, 0x63, 0x08, 0x63, 0x08, 0x63, 0x08, 0x63, 0x08,
  0x63, 0x08, 0x63, 0x08, 0x63, 0x08, 0x63, 0x08, 0x63, 0x08, 0x63, 0x08, 0x63, 0x08, 0x63, 0x08,
  0x63, 0x08, 0x63, 0x08, 0x63, 0x08, 0x63, 0x08, 0x63, 0x08, 0x63, 0x08, 0x63, 0x08, 0x63, 0x08,
  0x63, 0x08, 0x63, 0x08, 0x63, 0x08, 0x63, 0x08, 0x63, 0x08, 0x63, 0x08, 0x63, 0x08, 0x63, 0x08,
  0x63, 0x08, 0x63, 0x08, 0x63, 0x08, 0x63, 0x08, 0x63, 0x08, 0x63, 0x08, 0x63, 0x08, 0x63, 0x08,
  0x63, 0x08, 0x63, 0x08, 0x63, 0x08, 0x63, 0x08, 0x63, 0x08, 0x63, 0x08, 0x63, 0x08, 0x63, 0x08,
  0x63, 0x08, 0x63, 0x08, 0x63, 0x08, 0x63, 0x08, 0x63, 0x08, 0x63, 0x08, 0x63, 0x08, 0x63, 0x08,
  0x63, 0x08, 0x63, 0x08, 0x63, 0x08, 0x63, 0x08, 0x63, 0x08, 0x63, 0x08, 0x63, 0x08, 0x63, 0x08,
  0x63, 0x08, 0x63, 0x08, 0x63, 0x08, 0x63, 0x08, 0x63, 0x08, 0x63, 0x08, 0x63, 0x08, 0x63, 0x08,
  0x63, 0x08, 0x63, 0x08, 0x63, 0x08, 0x63, 0x08, 0x83, 0x08, 0x83, 0x08, 0x42, 0x00, 0x63, 0x00,
  0xCB, 0x41, 0xB6, 0x8B, 0x9B, 0xAC, 0x5A, 0xA4, 0x39, 0x9C, 0x5A, 0x9C, 0x5A, 0x9C, 0x5A, 0x9C,
  0x5A, 0x9C, 0x5A, 0x9C, 0x5A, 0x94, 0x5A, 0x94, 0x5A, 0x94, 0x5A, 0x94, 0x5B, 0x94, 0x5B, 0x94,
  0x5B, 0x94, 0x5B, 0x94, 0x5B, 0x94, 0x5B, 0x94, 0x5B, 0x8C, 0x5B, 0x8C, 0x5B, 0x8C, 0x5B, 0x8C,
  0x5C, 0x8C, 0x5C, 0x8C, 0x5C, 0x8C, 0x5C, 0x8C, 0x5C, 0x8C, 0x5C, 0x8C, 0x5C, 0x84, 0x5C, 0x84,
  0x5C, 0x84, 0x5C, 0x84, 0x5D, 0x84, 0x7D, 0x84, 0x7D, 0x84, 0x7D, 0x84, 0x7D, 0x84, 0x7D, 0x7C,
  0x7D, 0x7C, 0x7D, 0x7C, 0x7D, 0x7C, 0x5D, 0x7C, 0x9F, 0x84, 0x77, 0x5B, 0x42, 0x00, 0x83, 0x08,
  0x63, 0x08, 0x63, 0x08, 0x63, 0x08, 0x63, 0x08, 0x63, 0x08, 0x63, 0x08, 0x63, 0x08, 0x63, 0x08,
  0x63, 0x08, 0x63, 0x08, 0x63, 0x08, 0x63, 0x08, 0x63, 0x08, 0x63, 0x08, 0x63, 0x08, 0x63, 0x08,
  0x63, 0x08, 0x63, 0x08, 0x63, 0x08, 0x63, 0x08, 0x63, 0x08, 0x63, 0x08, 0x63, 0x08, 0x63, 0x08,
  0x63, 0x08, 0x63, 0x08, 0x63, 0x08, 0x63, 0x08, 0x63, 0x08, 0x63, 0x08, 0x63, 0x08, 0x63, 0x08,
  0x63, 0x08, 0x63, 0x08, 0x63, 0x08, 0x63, 0x08, 0x63, 0x08, 0x63, 0x08, 0x63, 0x08, 0x63, 0x08,
  0x63, 0x08, 0x63, 0x08, 0x63, 0x08, 0x63, 0x08, 0x63, 0x08, 0x63, 0x08, 0x63, 0x08, 0x63, 0x08,
  0x63, 0x08, 0x63, 0x08, 0x63, 0x08, 0x63, 0x08, 0x63, 0x08, 0x63, 0x08, 0x63, 0x08, 0x63, 0x08,
  0x63, 0x08, 0x63, 0x08, 0x63, 0x08, 0x63, 0x08, 0x63, 0x08, 0x63, 0x08, 0x63, 0x08, 0x63, 0x08,
  0x63, 0x08, 0x63, 0x08, 0x63, 0x08, 0x63, 0x08, 0x63, 0x08, 0x63, 0x08, 0x63, 0x08, 0x63, 0x08,
  0x63, 0x08, 0x63, 0x08, 0x63, 0x08, 0x63, 0x08, 0x63, 0x08, 0x63, 0x08, 0x63, 0x08, 0x63, 0x08,
  0x63, 0x08, 0x63, 0x08, 0x63, 0x08, 0x63, 0x08, 0x63, 0x08, 0x63, 0x08, 0x63, 0x08, 0x63, 0x08,
  0x63, 0x08, 0x63, 0x08, 0x63, 0x08, 0x63, 0x08, 0x63, 0x08, 0x63, 0x08, 0x63, 0x08, 0x63, 0x08,
  0x63, 0x08, 0x63, 0x08, 0x63, 0x08, 0x63, 0x08, 0x63, 0x08, 0x63, 0x08, 0x63, 0x08, 0x63, 0x08,
  0x63, 0x08, 0x63, 0x08, 0x63, 0x08, 0x63, 0x08, 0x63, 0x08, 0x63, 0x08, 0x63, 0x08, 0x63, 0x08,
  0x63, 0x08, 0x63, 0x08, 0x63, 0x08, 0x63, 0x08, 0x63, 0x08, 0x63, 0x08, 0x63, 0x08, 0x63, 0x08,
  0x63, 0x08, 0x63, 0x08, 0x63, 0x08, 0x63, 0x08, 0x63, 0x08, 0x63, 0x08, 0x63, 0x08, 0x63, 0x08,
  0x63, 0x08, 0x63, 0x08, 0x63, 0x08, 0x63, 0x08, 0x63, 0x08, 0x63, 0x08, 0x63, 0x08, 0x63, 0x08,
  0x63, 0x08, 0x63, 0x08, 0x63, 0x08, 0x63, 0x08, 0x63, 0x08, 0x63, 0x08, 0x63, 0x08, 0x63, 0x08,
  0x63, 0x08, 0x63, 0x08, 0x63, 0x08, 0x63, 0x08, 0x63, 0x08, 0x63, 0x08, 0x63, 0x08, 0x63, 0x08,
  0x63, 0x08, 0x63, 0x08, 0x63, 0x08, 0x63, 0x08, 0x63, 0x08, 0x63, 0x08, 0x63, 0x08, 0x63, 0x08,
  0x63, 0x08, 0x63, 0x08, 0x63, 0x08, 0x63, 0x08, 0x63, 0x08, 0x63, 0x08, 0x63, 0x08, 0x63, 0x08,
  0x63, 0x08, 0x63, 0x08, 0x63, 0x08, 0x63, 0x08, 0x63, 0x08, 0x63, 0x08, 0x63, 0x08, 0x63, 0x08,
  0x63, 0x08, 0x63, 0x08, 0x63, 0x08, 0x63, 0x08, 0x63, 0x08, 0x63, 0x08, 0x63, 0x08, 0x63, 0x08,
  0x63, 0x08, 0x63, 0x08, 0x83, 0x08, 0x83, 0x08, 0x42, 0x00, 0x42, 0x00, 0x69, 0x31, 0x74, 0x7B,
  0x7B, 0xAC, 0x7A, 0xA4, 0x39, 0x9C, 0x39, 0x9C, 0x5A, 0x9C, 0x5A, 0x9C, 0x5A, 0x9C, 0x5A, 0x9C,
  0x5A, 0x9C, 0x5A, 0x9C, 0x5A, 0x94, 0x5A, 0x94, 0x5A, 0x94, 0x5A, 0x94, 0x5B, 0x94, 0x5B, 0x94,
  0x5B, 0x94, 0x5B, 0x94, 0x5B, 0x94, 0x5B, 0x94, 0x5B, 0x8C, 0x5B, 0x8C, 0x5B, 0x8C, 0x5B, 0x8C,
  0x5C, 0x8C, 0x5C, 0x8C, 0x5C, 0x8C, 0x5C, 0x8C, 0x5C, 0x8C, 0x5C, 0x8C, 0x5C, 0x84, 0x5C, 0x84,
  0x5C, 0x84, 0x5C, 0x84, 0x5D, 0x84, 0x7D, 0x84, 0x7D, 0x84, 0x7D, 0x84, 0x7D, 0x84, 0x7D, 0x7C,
  0x7D, 0x7C, 0x7D, 0x7C, 0x7D, 0x7C, 0x5D, 0x7C, 0xBF, 0x84, 0xED, 0x31, 0x21, 0x00, 0x83, 0x08,
  0x63, 0x08, 0x63, 0x08, 0x63, 0x08, 0x63, 0x08, 0x63, 0x08, 0x63, 0x08, 0x63, 0x08, 0x63, 0x08,
  0x63, 0x08, 0x63, 0x08, 0x63, 0x08, 0x63, 0x08, 0x63, 0x08, 0x63, 0x08, 0x63, 0x08, 0x63, 0x08,
  0x63, 0x08, 0x63, 0x08, 0x63, 0x08, 0x63, 0x08, 0x63, 0x08, 0x63, 0x08, 0x63, 0x08, 0x63, 0x08,
  0x63, 0x08, 0x63, 0x08, 0x63, 0x08, 0x63, 0x08, 0x63, 0x08, 0x63, 0x08, 0x63, 0x08, 0x63, 0x08,
  0x63, 0x08, 0x63, 0x08, 0x63, 0x08, 0x63, 0x08, 0x63, 0x08, 0x63, 0x08, 0x63, 0x08, 0x63, 0x08,
  0x63, 0x08, 0x63, 0x08, 0x63, 0x08, 0x63, 0x08, 0x63, 0x08, 0x63, 0x08, 0x63, 0x08, 0x63, 0x08,
  0x63, 0x08, 0x63, 0x08, 0x63, 0x08, 0x63, 0x08, 0x63, 0x08, 0x63, 0x08, 0x63, 0x08, 0x63, 0x08,
  0x63, 0x08, 0x63, 0x08, 0x63, 0x08, 0x63, 0x08, 0x63, 0x08, 0x63, 0x08, 0x63, 0x08, 0x63, 0x08,
  0x63, 0x08, 0x63, 0x08, 0x63, 0x08, 0x63, 0x08, 0x63, 0x08, 0x63, 0x08, 0x63, 0x08, 0x63, 0x08,
  0x63, 0x08, 0x63, 0x08, 0x63, 0x08, 0x63, 0x08, 0x63, 0x08, 0x63, 0x08, 0x63, 0x08, 0x63, 0x08,
  0x63, 0x08, 0x63, 0x08, 0x63, 0x08, 0x63, 0x08, 0x63, 0x08, 0x63, 0x08, 0x63, 0x08, 0x63, 0x08,
  0x63, 0x08, 0x63, 0x08, 0x63, 0x08, 0x63, 0x08, 0x63, 0x08, 0x63, 0x08, 0x63, 0x08, 0x63, 0x08,
  0x63, 0x08, 0x63, 0x08, 0x63, 0x08, 0x63, 0x08, 0x63, 0x08, 0x63, 0x08, 0x63, 0x08, 0x63, 0x08,
  0x63, 0x08, 0x63, 0x08, 0x63, 0x08, 0x63, 0x08, 0x63, 0x08, 0x63, 0x08, 0x63, 0x08, 0x63, 0x08,
  0x63, 0x08, 0x63, 0x08, 0x63, 0x08, 0x63, 0x08, 0x63, 0x08, 0x63, 0x08, 0x63, 0x08, 0x63, 0x08,
  0x63, 0x08, 0x63, 0x08, 0x63, 0x08, 0x63, 0x08, 0x63, 0x08, 0x63, 0x08, 0x63, 0x08, 0x63, 0x08,
  0x63, 0x08, 0x63, 0x08, 0x63, 0x08, 0x63, 0x08, 0x63, 0x08, 0x63, 0x08, 0x63, 0x08, 0x63, 0x08,
  0x63, 0x08, 0x63, 0x08, 0x63, 0x08, 0x63, 0x08, 0x63, 0x08, 0x63, 0x08, 0x63, 0x08, 0x63, 0x08,
  0x63, 0x08, 0x63, 0x08, 0x63, 0x08, 0x63, 0x08, 0x63, 0x08, 0x63, 0x08, 0x63, 0x08, 0x63, 0x08,
  0x63, 0x08, 0x63, 0x08, 0x63, 0x08, 0x63, 0x08, 0x63, 0x08, 0x63, 0x08, 0x63, 0x08, 0x63, 0x08,
  0x63, 0x08, 0x63, 0x08, 0x63, 0x08, 0x63, 0x08, 0x63, 0x08, 0x63, 0x08, 0x63, 0x08, 0x63, 0x08,
  0x63, 0x08, 0x63, 0x08, 0x63, 0x08, 0x63, 0x08, 0x63, 0x08, 0x63, 0x08, 0x63, 0x08, 0x63, 0x08,
  0x63, 0x08, 0x63, 0x08, 0x63, 0x08, 0x63, 0x08, 0x63, 0x08, 0x63, 0x08, 0x63, 0x08, 0x63, 0x08,
  0x63, 0x08, 0x83, 0x08, 0x63, 0x08, 0x22, 0x00, 0x27, 0x21, 0x12, 0x73, 0x7A, 0xA4, 0x7A, 0xA4,
  0x39, 0x9C, 0x39, 0x9C, 0x59, 0x9C, 0x59, 0x9C, 0x5A, 0x9C, 0x5A, 0x9C, 0x5A, 0x9C, 0x5A, 0x9C,
  0x5A, 0x9C, 0x5A, 0x9C, 0x5A, 0x94, 0x5A, 0x94, 0x5A, 0x94, 0x5A, 0x94, 0x5B, 0x94, 0x5B, 0x94,
  0x5B, 0x94, 0x5B, 0x94, 0x5B, 0x94, 0x5B, 0x94, 0x5B, 0x8C, 0x5B, 0x8C, 0x5B, 0x8C, 0x5B, 0x8C,
  0x5C, 0x8C, 0x5C, 0x8C, 0x5C, 0x8C, 0x5C, 0x8C, 0x5C, 0x8C, 0x5C, 0x8C, 0x5C, 0x84, 0x5C, 0x84,
  0x5C, 0x84, 0x5C, 0x84, 0x5D, 0x84, 0x7D, 0x84, 0x7D, 0x84, 0x7D, 0x84, 0x7D, 0x84, 0x7D, 0x7C,
  0x7D, 0x7C, 0x7D, 0x7C, 0x5D, 0x7C, 0x7E, 0x7C, 0x1B, 0x74, 0xA5, 0x10, 0x63, 0x08, 0x63, 0x08,
  0x63, 0x08, 0x63, 0x08, 0x63, 0x08, 0x63, 0x08, 0x63, 0x08, 0x63, 0x08, 0x63, 0x08, 0x63, 0x08,
  0x63, 0x08, 0x63, 0x08, 0x63, 0x08, 0x63, 0x08, 0x63, 0x08, 0x63, 0x08, 0x63, 0x08, 0x63, 0x08,
  0x63, 0x08, 0x63, 0x08, 0x63, 0x08, 0x63, 0x08, 0x63, 0x08, 0x63, 0x08, 0x63, 0x08, 0x63, 0x08,
  0x63, 0x08, 0x63, 0x08, 0x63, 0x08, 0x63, 0x08, 0x63, 0x08, 0x63, 0x08, 0x63, 0x08, 0x63, 0x08,
  0x63, 0x08, 0x63, 0x08, 0x63, 0x08, 0x63, 0x08, 0x63, 0x08, 0x63, 0x08, 0x63, 0x08, 0x63, 0x08,
  0x63, 0x08, 0x63, 0x08, 0x63, 0x08, 0x63, 0x08, 0x63, 0x08, 0x63, 0x08, 0x63, 0x08, 0x63, 0x08,
  0x63, 0x08, 0x63, 0x08, 0x63, 0x08, 0x63, 0x08, 0x63, 0x08, 0x63, 0x08, 0x63, 0x08, 0x63, 0x08,
  0x63, 0x08, 0x63, 0x08, 0x63, 0x08, 0x63, 0x08, 0x63, 0x08, 0x63, 0x08, 0x63, 0x08, 0x63, 0x08,
  0x63, 0x08, 0x63, 0x08, 0x63, 0x08, 0x63, 0x08, 0x63, 0x08, 0x63, 0x08, 0x63, 0x08, 0x63, 0x08,
  0x63, 0x08, 0x63, 0x08, 0x63, 0x08, 0x63, 0x08, 0x63, 0x08, 0x63, 0x08, 0x63, 0x08, 0x63, 0x08,
  0x63, 0x08, 0x63, 0x08, 0x63, 0x08, 0x63, 0x08, 0x63, 0x08, 0x63, 0x08, 0x63, 0x08, 0x63, 0x08,
  0x63, 0x08, 0x63, 0x08, 0x63, 0x08, 0x63, 0x08, 0x63, 0x08, 0x63, 0x08, 0x63, 0x08, 0x63, 0x08,
  0x63, 0x08, 0x63, 0x08, 0x63, 0x08, 0x63, 0x08, 0x63, 0x08, 0x63, 0x08, 0x63, 0x08, 0x63, 0x08,
  0x63, 0x08, 0x63, 0x08, 0x63, 0x08, 0x63, 0x08, 0x63, 0x08, 0x63, 0x08, 0x63, 0x08, 0x63, 0x08,
  0x63, 0x08, 0x63, 0x08, 0x63, 0x08, 0x63, 0x08, 0x63, 0x08, 0x63, 0x08, 0x63, 0x08, 0x63, 0x08,
  0x63, 0x08, 0x63, 0x08, 0x63, 0x08, 0x63, 0x08, 0x63, 0x08, 0x63, 0x08, 0x63, 0x08, 0x63, 0x08,
  0x63, 0x08, 0x63, 0x08, 0x63, 0x08, 0x63, 0x08, 0x63, 0x08, 0x63, 0x08, 0x63, 0x08, 0x63, 0x08,
  0x63, 0x08, 0x63, 0x08, 0x63, 0x08, 0x63, 0x08, 0x63, 0x08, 0x63, 0x08, 0x63, 0x08, 0x63, 0x08,
  0x63, 0x08, 0x63, 0x08, 0x63, 0x08, 0x63, 0x08, 0x63, 0x08, 0x63, 0x08, 0x63, 0x08, 0x63, 0x08,
  0x63, 0x08, 0x63, 0x08, 0x63, 0x08, 0x63, 0x08, 0x63, 0x08, 0x63, 0x08, 0x63, 0x08, 0x63, 0x08,
  0x63, 0x08, 0x63, 0x08, 0x63, 0x08, 0x63, 0x08, 0x63, 0x08, 0x63, 0x08, 0x63, 0x08, 0x63, 0x08,
  0x63, 0x08, 0x63, 0x08, 0x63, 0x08, 0x63, 0x08, 0x63, 0x08, 0x63, 0x08, 0x63, 0x08, 0x63, 0x08,
  0x63, 0x08, 0x63, 0x08, 0x63, 0x08, 0x63, 0x08, 0x63, 0x08, 0x63, 0x08, 0x63, 0x08, 0x83, 0x08,
  0x63, 0x08, 0x22, 0x00, 0xC5, 0x10, 0xAF, 0x62, 0x59, 0xA4, 0x9A, 0xAC, 0x39, 0xA4, 0x39, 0x9C,
  0x59, 0x9C, 0x59, 0x9C, 0x59, 0x9C, 0x59, 0x9C, 0x5A, 0x9C, 0x5A, 0x9C, 0x5A, 0x9C, 0x5A, 0x9C,
  0x5A, 0x9C, 0x5A, 0x9C, 0x5A, 0x94, 0x5A, 0x94, 0x5A, 0x94, 0x5A, 0x94, 0x5B, 0x94, 0x5B, 0x94,
  0x5B, 0x94, 0x5B, 0x94, 0x5B, 0x94, 0x5B, 0x94, 0x5B, 0x8C, 0x5B, 0x8C, 0x5B, 0x8C, 0x5B, 0x8C,
  0x5C, 0x8C, 0x5C, 0x8C, 0x5C, 0x8C, 0x5C, 0x8C, 0x5C, 0x8C, 0x5C, 0x8C, 0x5C, 0x84, 0x5C, 0x84,
  0x5C, 0x84, 0x5C, 0x84, 0x5D, 0x84, 0x7D, 0x84, 0x7D, 0x84, 0x7D, 0x84, 0x7D, 0x84, 0x7D, 0x7C,
  0x7D, 0x7C, 0x7D, 0x7C, 0x5D, 0x7C, 0xBF, 0x84, 0xB2, 0x4A, 0x21, 0x00, 0x83, 0x08, 0x63, 0x08,
  0x63, 0x08, 0x63, 0x08, 0x63, 0x08, 0x63, 0x08, 0x63, 0x08, 0x63, 0x08, 0x63, 0x08, 0x63, 0x08,
  0x63, 0x08, 0x63, 0x08, 0x63, 0x08, 0x63, 0x08, 0x63, 0x08, 0x63, 0x08, 0x63, 0x08, 0x63, 0x08,
  0x63, 0x08, 0x63, 0x08, 0x63, 0x08, 0x63, 0x08, 0x63, 0x08, 0x63, 0x08, 0x63, 0x08, 0x63, 0x08,
  0x63, 0x08, 0x63, 0x08, 0x63, 0x08, 0x63, 0x08, 0x63, 0x08, 0x63, 0x08, 0x63, 0x08, 0x63, 0x08,
  0x63, 0x08, 0x63, 0x08, 0x63, 0x08, 0x63, 0x08, 0x63, 0x08, 0x63, 0x08, 0x63, 0x08, 0x63, 0x08,
  0x63, 0x08, 0x63, 0x08, 0x63, 0x08, 0x63, 0x08, 0x63, 0x08, 0x63, 0x08, 0x63, 0x08, 0x63, 0x08,
  0x63, 0x08, 0x63, 0x08, 0x63, 0x08, 0x63, 0x08, 0x63, 0x08, 0x63, 0x08, 0x63, 0x08, 0x63, 0x08,
  0x63, 0x08, 0x63, 0x08, 0x63, 0x08, 0x63, 0x08, 0x63, 0x08, 0x63, 0x08, 0x63, 0x08, 0x63, 0x08,
  0x63, 0x08, 0x63, 0x08, 0x63, 0x08, 0x63, 0x08, 0x63, 0x08, 0x63, 0x08, 0x63, 0x08, 0x63, 0x08,
  0x63, 0x08, 0x63, 0x08, 0x63, 0x08, 0x63, 0x08, 0x63, 0x08, 0x63, 0x08, 0x63, 0x08, 0x63, 0x08,
  0x63, 0x08, 0x63, 0x08, 0x63, 0x08, 0x63, 0x08, 0x63, 0x08, 0x63, 0x08, 0x63, 0x08, 0x63, 0x08,
  0x63, 0x08, 0x63, 0x08, 0x63, 0x08, 0x63, 0x08, 0x63, 0x08, 0x63, 0x08, 0x63, 0x08, 0x63, 0x08,
  0x63, 0x08, 0x63, 0x08, 0x63, 0x08, 0x63, 0x08, 0x63, 0x08, 0x63, 0x08, 0x63, 0x08, 0x63, 0x08,
  0x63, 0x08, 0x63, 0x08, 0x63, 0x08, 0x63, 0x08, 0x63, 0x08, 0x63, 0x08, 0x63, 0x08, 0x63, 0x08,
  0x63, 0x08, 0x63, 0x08, 0x63, 0x08, 0x63, 0x08, 0x63, 0x08, 0x63, 0x08, 0x63, 0x08, 0x63, 0x08,
  0x63, 0x08, 0x63, 0x08, 0x63, 0x08, 0x63, 0x08, 0x63, 0x08, 0x63, 0x08, 0x63, 0x08, 0x63, 0x08,
  0x63, 0x08, 0x63, 0x08, 0x63, 0x08, 0x63, 0x08, 0x63, 0x08, 0x63, 0x08, 0x63, 0x08, 0x63, 0x08,
  0x63, 0x08, 0x63, 0x08, 0x63, 0x08, 0x63, 0x08, 0x63, 0x08, 0x63, 0x08, 0x63, 0x08, 0x63, 0x08,
  0x63, 0x08, 0x63, 0x08, 0x63, 0x08, 0x63, 0x08, 0x63, 0x08, 0x63, 0x08, 0x63, 0x08, 0x63, 0x08,
  0x63, 0x08, 0x63, 0x08, 0x63, 0x08, 0x63, 0x08, 0x63, 0x08, 0x63, 0x08, 0x63, 0x08, 0x63, 0x08,
  0x63, 0x08, 0x63, 0x08, 0x63, 0x08, 0x63, 0x08, 0x63, 0x08, 0x63, 0x08, 0x63, 0x08, 0x63, 0x08,
  0x63, 0x08, 0x63, 0x08, 0x63, 0x08, 0x63, 0x08, 0x63, 0x08, 0x63, 0x08, 0x63, 0x08, 0x63, 0x08,
  0x63, 0x08, 0x63, 0x08, 0x63, 0x08, 0x63, 0x08, 0x63, 0x08, 0x83, 0x08, 0x83, 0x08, 0x42, 0x00,
  0x83, 0x08, 0x2C, 0x52, 0xF7, 0x9B, 0x7A, 0xAC, 0x38, 0xA4, 0x38, 0xA4, 0x59, 0xA4, 0x59, 0xA4,
  0x59, 0x9C, 0x59, 0x9C, 0x59, 0x9C, 0x59, 0x9C, 0x5A, 0x9C, 0x5A, 0x9C, 0x5A, 0x9C, 0x5A, 0x9C,
  0x5A, 0x9C, 0x5A, 0x9C, 0x5A, 0x94, 0x5A, 0x94, 0x5A, 0x94, 0x5A, 0x94, 0x5B, 0x94, 0x5B, 0x94,
  0x5B, 0x94, 0x5B, 0x94, 0x5B, 0x94, 0x5B, 0x94, 0x5B, 0x8C, 0x5B, 0x8C, 0x5B, 0x8C, 0x5B, 0x8C,
  0x5C, 0x8C, 0x5C, 0x8C, 0x5C, 0x8C, 0x5C, 0x8C, 0x5C, 0x8C, 0x5C, 0x8C, 0x5C, 0x84, 0x5C, 0x84,
  0x5C, 0x84, 0x5C, 0x84, 0x5D, 0x84, 0x7D, 0x84, 0x7D, 0x84, 0x7D, 0x84, 0x7D, 0x84, 0x7D, 0x7C,
  0x7D, 0x7C, 0x7D, 0x7C, 0x7D, 0x7C, 0x7E, 0x7C, 0x28, 0x19, 0x42, 0x00, 0x83, 0x08, 0x63, 0x08,
  0x63, 0x08, 0x63, 0x08, 0x63, 0x08, 0x63, 0x08, 0x63, 0x08, 0x63, 0x08, 0x63, 0x08, 0x63, 0x08,
  0x63, 0x08, 0x63, 0x08, 0x63, 0x08, 0x63, 0x08, 0x63, 0x08, 0x63, 0x08, 0x63, 0x08, 0x63, 0x08,
  0x63, 0x08, 0x63, 0x08, 0x63, 0x08, 0x63, 0x08, 0x63, 0x08, 0x63, 0x08, 0x63, 0x08, 0x63, 0x08,
  0x63, 0x08, 0x63, 0x08, 0x63, 0x08, 0x63, 0x08, 0x63, 0x08, 0x63, 0x08, 0x63, 0x08, 0x63, 0x08,
  0x63, 0x08, 0x63, 0x08, 0x63, 0x08, 0x63, 0x08, 0x63, 0x08, 0x63, 0x08, 0x63, 0x08, 0x63, 0x08,
  0x63, 0x08, 0x63, 0x08, 0x63, 0x08, 0x63, 0x08, 0x63, 0x08, 0x63, 0x08, 0x63, 0x08, 0x63, 0x08,
  0x63, 0x08, 0x63, 0x08, 0x63, 0x08, 0x63, 0x08, 0x63, 0x08, 0x63, 0x08, 0x63, 0x08, 0x63, 0x08,
  0x63, 0x08, 0x63, 0x08, 0x63, 0x08, 0x63, 0x08, 0x63, 0x08, 0x63, 0x08, 0x63, 0x08, 0x63, 0x08,
  0x63, 0x08, 0x63, 0x08, 0x63, 0x08, 0x63, 0x08, 0x63, 0x08, 0x63, 0x08, 0x63, 0x08, 0x63, 0x08,
  0x63, 0x08, 0x63, 0x08, 0x63, 0x08, 0x63, 0x08, 0x63, 0x08, 0x63, 0x08, 0x63, 0x08, 0x63, 0x08,
  0x63, 0x08, 0x63, 0x08, 0x63, 0x08, 0x63, 0x08, 0x63, 0x08, 0x63, 0x08, 0x63, 0x08, 0x63, 0x08,
  0x63, 0x08, 0x63, 0x08, 0x63, 0x08, 0x63, 0x08, 0x63, 0x08, 0x63, 0x08, 0x63, 0x08, 0x63, 0x08,
  0x63, 0x08, 0x63, 0x08, 0x63, 0x08, 0x63, 0x08, 0x63, 0x08, 0x63, 0x08, 0x63, 0x08, 0x63, 0x08,
  0x63, 0x08, 0x63, 0x08, 0x63, 0x08, 0x63, 0x08, 0x63, 0x08, 0x63, 0x08, 0x63, 0x08, 0x63, 0x08,
  0x63, 0x08, 0x63, 0x08, 0x63, 0x08, 0x63, 0x08, 0x63, 0x08, 0x63, 0x08, 0x63, 0x08, 0x63, 0x08,
  0x63, 0x08, 0x63, 0x08, 0x63, 0x08, 0x63, 0x08, 0x63, 0x08, 0x63, 0x08, 0x63, 0x08, 0x63, 0x08,
  0x63, 0x08, 0x63, 0x08, 0x63, 0x08, 0x63, 0x08, 0x63, 0x08, 0x63, 0x08, 0x63, 0x08, 0x63, 0x08,
  0x63, 0x08, 0x63, 0x08, 0x63, 0x08, 0x63, 0x08, 0x63, 0x08, 0x63, 0x08, 0x63, 0x08, 0x63, 0x08,
  0x63, 0x08, 0x63, 0x08, 0x63, 0x08, 0x63, 0x08, 0x63, 0x08, 0x63, 0x08, 0x63, 0x08, 0x63, 0x08,
  0x63, 0x08, 0x63, 0x08, 0x63, 0x08, 0x63, 0x08, 0x63, 0x08, 0x63, 0x08, 0x63, 0x08, 0x63, 0x08,
  0x63, 0x08, 0x63, 0x08, 0x63, 0x08, 0x63, 0x08, 0x63, 0x08, 0x63, 0x08, 0x63, 0x08, 0x63, 0x08,
  0x63, 0x08, 0x63, 0x08, 0x63, 0x08, 0x63, 0x08, 0x63, 0x08, 0x63, 0x08, 0x63, 0x08, 0x63, 0x08,
  0x63, 0x08, 0x63, 0x08, 0x63, 0x08, 0x83, 0x08, 0x83, 0x08, 0x42, 0x00, 0x42, 0x00, 0x89, 0x39,
  0xB4, 0x8B, 0x99, 0xB4, 0x58, 0xAC, 0x38, 0xA4, 0x58, 0xA4, 0x59, 0xA4, 0x59, 0xA4, 0x59, 0xA4,
  0x59, 0x9C, 0x59, 0x9C, 0x59, 0x9C, 0x59, 0x9C, 0x5A, 0x9C, 0x5A, 0x9C, 0x5A, 0x9C, 0x5A, 0x9C,
  0x5A, 0x9C, 0x5A, 0x9C, 0x5A, 0x94, 0x5A, 0x94, 0x5A, 0x94, 0x5A, 0x94, 0x5B, 0x94, 0x5B, 0x94,
  0x5B, 0x94, 0x5B, 0x94, 0x5B, 0x94, 0x5B, 0x94, 0x5B, 0x8C, 0x5B, 0x8C, 0x5B, 0x8C, 0x5B, 0x8C,
  0x5C, 0x8C, 0x5C, 0x8C, 0x5C, 0x8C, 0x5C, 0x8C, 0x5C, 0x8C, 0x5C, 0x8C, 0x5C, 0x84, 0x5C, 0x84,
  0x5C, 0x84, 0x5C, 0x84, 0x5D, 0x84, 0x7D, 0x84, 0x7D, 0x84, 0x7D, 0x84, 0x7D, 0x84, 0x7D, 0x7C,
  0x7D, 0x7C, 0x5D, 0x7C, 0x9F, 0x84, 0x56, 0x5B, 0x42, 0x00, 0x83, 0x08, 0x63, 0x08, 0x63, 0x08,
  0x63, 0x08, 0x63, 0x08, 0x63, 0x08, 0x63, 0x08, 0x63, 0x08, 0x63, 0x08, 0x63, 0x08, 0x63, 0x08,
  0x63, 0x08, 0x63, 0x08, 0x63, 0x08, 0x63, 0x08, 0x63, 0x08, 0x63, 0x08, 0x63, 0x08, 0x63, 0x08,
  0x63, 0x08, 0x63, 0x08, 0x63, 0x08, 0x63, 0x08, 0x63, 0x08, 0x63, 0x08, 0x63, 0x08, 0x63, 0x08,
  0x63, 0x08, 0x63, 0x08, 0x63, 0x08, 0x63, 0x08, 0x63, 0x08, 0x63, 0x08, 0x63, 0x08, 0x63, 0x08,
  0x63, 0x08, 0x63, 0x08, 0x63, 0x08, 0x63, 0x08, 0x63, 0x08, 0x63, 0x08, 0x63, 0x08, 0x63, 0x08,
  0x63, 0x08, 0x63, 0x08, 0x63, 0x08, 0x63, 0x08, 0x63, 0x08, 0x63, 0x08, 0x63, 0x08, 0x63, 0x08,
  0x63, 0x08, 0x63, 0x08, 0x63, 0x08, 0x63, 0x08, 0x63, 0x08, 0x63, 0x08, 0x63, 0x08, 0x63, 0x08,
  0x63, 0x08, 0x63, 0x08, 0x63, 0x08, 0x63, 0x08, 0x63, 0x08, 0x63, 0x08, 0x63, 0x08, 0x63, 0x08,
  0x63, 0x08, 0x63, 0x08, 0x63, 0x08, 0x63, 0x08, 0x63, 0x08, 0x63, 0x08, 0x63, 0x08, 0x63, 0x08,
  0x63, 0x08, 0x63, 0x08, 0x63, 0x08, 0x63, 0x08, 0x63, 0x08, 0x63, 0x08, 0x63, 0x08, 0x63, 0x08,
  0x63, 0x08, 0x63, 0x08, 0x63, 0x08, 0x63, 0x08, 0x63, 0x08, 0x63, 0x08, 0x63, 0x08, 0x63, 0x08,
  0x63, 0x08, 0x63, 0x08, 0x63, 0x08, 0x63, 0x08, 0x63, 0x08, 0x63, 0x08, 0x63, 0x08, 0x63, 0x08,
  0x63, 0x08, 0x63, 0x08, 0x63, 0x08, 0x63, 0x08, 0x63, 0x08, 0x63, 0x08, 0x63, 0x08, 0x63, 0x08,
  0x63, 0x08, 0x63, 0x08, 0x63, 0x08, 0x63, 0x08, 0x63, 0x08, 0x63, 0x08, 0x63, 0x08, 0x63, 0x08,
  0x63, 0x08, 0x63, 0x08, 0x63, 0x08, 0x63, 0x08, 0x63, 0x08, 0x63, 0x08, 0x63, 0x08, 0x63, 0x08,
  0x63, 0x08, 0x63, 0x08, 0x63, 0x08, 0x63, 0x08, 0x63, 0x08, 0x63, 0x08, 0x63, 0x08, 0x63, 0x08,
  0x63, 0x08, 0x63, 0x08, 0x63, 0x08, 0x63, 0x08, 0x63, 0x08, 0x63, 0x08, 0x63, 0x08, 0x63, 0x08,
  0x63, 0x08, 0x63, 0x08, 0x63, 0x08, 0x63, 0x08, 0x63, 0x08, 0x63, 0x08, 0x63, 0x08, 0x63, 0x08,
  0x63, 0x08, 0x63, 0x08, 0x63, 0x08, 0x63, 0x08, 0x63, 0x08, 0x63, 0x08, 0x63, 0x08, 0x63, 0x08,
  0x63, 0x08, 0x63, 0x08, 0x63, 0x08, 0x63, 0x08, 0x63, 0x08, 0x63, 0x08, 0x63, 0x08, 0x63, 0x08,
  0x63, 0x08, 0x63, 0x08, 0x63, 0x08, 0x63, 0x08, 0x63, 0x08, 0x63, 0x08, 0x63, 0x08, 0x63, 0x08,
  0x63, 0x08, 0x63, 0x08, 0x63, 0x08, 0x63, 0x08, 0x63, 0x08, 0x63, 0x08, 0x63, 0x08, 0x63, 0x08,
  0x63, 0x08, 0x63, 0x08, 0x83, 0x08, 0x63, 0x08, 0x22, 0x00, 0x06, 0x21, 0x11, 0x7B, 0x78, 0xB4,
  0x58, 0xAC, 0x37, 0xA4, 0x38, 0xA4, 0x38, 0xA4, 0x58, 0xA4, 0x59, 0xA4, 0x59, 0xA4, 0x59, 0xA4,
  0x59, 0x9C, 0x59, 0x9C, 0x59, 0x9C, 0x59, 0x9C, 0x5A, 0x9C, 0x5A, 0x9C, 0x5A, 0x9C, 0x5A, 0x9C,
  0x5A, 0x9C, 0x5A, 0x9C, 0x5A, 0x94, 0x5A, 0x94, 0x5A, 0x94, 0x5A, 0x94, 0x5B, 0x94, 0x5B, 0x94,
  0x5B, 0x94, 0x5B, 0x94, 0x5B, 0x94, 0x5B, 0x94, 0x5B, 0x8C, 0x5B, 0x8C, 0x5B, 0x8C, 0x5B, 0x8C,
  0x5C, 0x8C, 0x5C, 0x8C, 0x5C, 0x8C, 0x5C, 0x8C, 0x5C, 0x8C, 0x5C, 0x8C, 0x5C, 0x84, 0x5C, 0x84,
  0x5C, 0x84, 0x5C, 0x84, 0x5D, 0x84, 0x7D, 0x84, 0x7D, 0x84, 0x7D, 0x84, 0x7D, 0x84, 0x7D, 0x7C,
  0x7D, 0x7C, 0x5D, 0x7C, 0x9F, 0x84, 0xAB, 0x29, 0x22, 0x00, 0x83, 0x08, 0x63, 0x08, 0x63, 0x08,
  0x63, 0x08, 0x63, 0x08, 0x63, 0x08, 0x63, 0x08, 0x63, 0x08, 0x63, 0x08, 0x63, 0x08, 0x63, 0x08,
  0x63, 0x08, 0x63, 0x08, 0x63, 0x08, 0x63, 0x08, 0x63, 0x08, 0x63, 0x08, 0x63, 0x08, 0x63, 0x08,
  0x63, 0x08, 0x63, 0x08, 0x63, 0x08, 0x63, 0x08, 0x63, 0x08, 0x63, 0x08, 0x63, 0x08, 0x63, 0x08,
  0x63, 0x08, 0x63, 0x08, 0x63, 0x08, 0x63, 0x08, 0x63, 0x08, 0x63, 0x08, 0x63, 0x08, 0x63, 0x08,
  0x63, 0x08, 0x63, 0x08, 0x63, 0x08, 0x63, 0x08, 0x63, 0x08, 0x63, 0x08, 0x63, 0x08, 0x63, 0x08,
  0x63, 0x08, 0x63, 0x08, 0x63, 0x08, 0x63, 0x08, 0x63, 0x08, 0x63, 0x08, 0x63, 0x08, 0x63, 0x08,
  0x63, 0x08, 0x63, 0x08, 0x63, 0x08, 0x63, 0x08, 0x63, 0x08, 0x63, 0x08, 0x63, 0x08, 0x63, 0x08,
  0x63, 0x08, 0x63, 0x08, 0x63, 0x08, 0x63, 0x08, 0x63, 0x08, 0x63, 0x08, 0x63, 0x08, 0x63, 0x08,
  0x63, 0x08, 0x63, 0x08, 0x63, 0x08, 0x63, 0x08, 0x63, 0x08, 0x63, 0x08, 0x63, 0x08, 0x63, 0x08,
  0x63, 0x08, 0x63, 0x08, 0x63, 0x08, 0x63, 0x08, 0x63, 0x08, 0x63, 0x08, 0x63, 0x08, 0x63, 0x08,
  0x63, 0x08, 0x63, 0x08, 0x63, 0x08, 0x63, 0x08, 0x63, 0x08, 0x63, 0x08, 0x63, 0x08, 0x63, 0x08,
  0x63, 0x08, 0x63, 0x08, 0x63, 0x08, 0x63, 0x08, 0x63, 0x08, 0x63, 0x08, 0x63, 0x08, 0x63, 0x08,
  0x63, 0x08, 0x63, 0x08, 0x63, 0x08, 0x63, 0x08, 0x63, 0x08, 0x63, 0x08, 0x63, 0x08, 0x63, 0x08,
  0x63, 0x08, 0x63, 0x08, 0x63, 0x08, 0x63, 0x08, 0x63, 0x08, 0x63, 0x08, 0x63, 0x08, 0x63, 0x08,
  0x63, 0x08, 0x63, 0x08, 0x63, 0x08, 0x63, 0x08, 0x63, 0x08, 0x63, 0x08, 0x63, 0x08, 0x63, 0x08,
  0x63, 0x08, 0x63, 0x08, 0x63, 0x08, 0x63, 0x08, 0x63, 0x08, 0x63, 0x08, 0x63, 0x08, 0x63, 0x08,
  0x63, 0x08, 0x63, 0x08, 0x63, 0x08, 0x63, 0x08, 0x63, 0x08, 0x63, 0x08, 0x63, 0x08, 0x63, 0x08,
  0x63, 0x08, 0x63, 0x08, 0x63, 0x08, 0x63, 0x08, 0x63, 0x08, 0x63, 0x08, 0x63, 0x08, 0x63, 0x08,
  0x63, 0x08, 0x63, 0x08, 0x63, 0x08, 0x63, 0x08, 0x63, 0x08, 0x63, 0x08, 0x63, 0x08, 0x63, 0x08,
  0x63, 0x08, 0x63, 0x08, 0x63, 0x08, 0x63, 0x08, 0x63, 0x08, 0x63, 0x08, 0x63, 0x08, 0x63, 0x08,
  0x63, 0x08, 0x63, 0x08, 0x63, 0x08, 0x63, 0x08, 0x63, 0x08, 0x63, 0x08, 0x63, 0x08, 0x63, 0x08,
  0x63, 0x08, 0x63, 0x08, 0x63, 0x08, 0x63, 0x08, 0x63, 0x08, 0x63, 0x08, 0x63, 0x08, 0x63, 0x08,
  0x83, 0x08, 0x83, 0x08, 0x22, 0x00, 0xA4, 0x10, 0x8E, 0x62, 0x37, 0xAC, 0x78, 0xB4, 0x37, 0xA4,
  0x37, 0xA4, 0x38, 0xA4, 0x38, 0xA4, 0x38, 0xA4, 0x58, 0xA4, 0x59, 0xA4, 0x59, 0xA4, 0x59, 0xA4,
  0x59, 0x9C, 0x59, 0x9C, 0x59, 0x9C, 0x59, 0x9C, 0x5A, 0x9C, 0x5A, 0x9C, 0x5A, 0x9C, 0x5A, 0x9C,
  0x5A, 0x9C, 0x5A, 0x9C, 0x5A, 0x94, 0x5A, 0x94, 0x5A, 0x94, 0x5A, 0x94, 0x5B, 0x94, 0x5B, 0x94,
  0x5B, 0x94, 0x5B, 0x94, 0x5B, 0x94, 0x5B, 0x94, 0x5B, 0x8C, 0x5B, 0x8C, 0x5B, 0x8C, 0x5B, 0x8C,
  0x5C, 0x8C, 0x5C, 0x8C, 0x5C, 0x8C, 0x5C, 0x8C, 0x5C, 0x8C, 0x5C, 0x8C, 0x5C, 0x84, 0x5C, 0x84,
  0x5C, 0x84, 0x5C, 0x84, 0x5D, 0x84, 0x7D, 0x84, 0x7D, 0x84, 0x7D, 0x84, 0x7D, 0x84, 0x7D, 0x7C,
  0x5D, 0x7C, 0x9E, 0x84, 0xD9, 0x6B, 0x63, 0x08, 0x63, 0x08, 0x63, 0x08, 0x63, 0x08, 0x63, 0x08,
  0x63, 0x08, 0x63, 0x08, 0x63, 0x08, 0x63, 0x08, 0x63, 0x08, 0x63, 0x08, 0x63, 0x08, 0x63, 0x08,
  0x63, 0x08, 0x63, 0x08, 0x63, 0x08, 0x63, 0x08, 0x63, 0x08, 0x63, 0x08, 0x63, 0x08, 0x63, 0x08,
  0x63, 0x08, 0x63, 0x08, 0x63, 0x08, 0x63, 0x08, 0x63, 0x08, 0x63, 0x08, 0x63, 0x08, 0x63, 0x08,
  0x63, 0x08, 0x63, 0x08, 0x63, 0x08, 0x63, 0x08, 0x63, 0x08, 0x63, 0x08, 0x63, 0x08, 0x63, 0x08,
  0x63, 0x08, 0x63, 0x08, 0x63, 0x08, 0x63, 0x08, 0x63, 0x08, 0x63, 0x08, 0x63, 0x08, 0x63, 0x08,
  0x63, 0x08, 0x63, 0x08, 0x63, 0x08, 0x63, 0x08, 0x63, 0x08, 0x63, 0x08, 0x63, 0x08, 0x63, 0x08,
  0x63, 0x08, 0x63, 0x08, 0x63, 0x08, 0x63, 0x08, 0x63, 0x08, 0x63, 0x08, 0x63, 0x08, 0x63, 0x08,
  0x63, 0x08, 0x63, 0x08, 0x63, 0x08, 0x63, 0x08, 0x63, 0x08, 0x63, 0x08, 0x63, 0x08, 0x63, 0x08,
  0x63, 0x08, 0x63, 0x08, 0x63, 0x08, 0x63, 0x08, 0x63, 0x08, 0x63, 0x08, 0x63, 0x08, 0x63, 0x08,
  0x63, 0x08, 0x63, 0x08, 0x63, 0x08, 0x63, 0x08, 0x63, 0x08, 0x63, 0x08, 0x63, 0x08, 0x63, 0x08,
  0x63, 0x08, 0x63, 0x08, 0x63, 0x08, 0x63, 0x08, 0x63, 0x08, 0x63, 0x08, 0x63, 0x08, 0x63, 0x08,
  0x63, 0x08, 0x63, 0x08, 0x63, 0x08, 0x63, 0x08, 0x63, 0x08, 0x63, 0x08, 0x63, 0x08, 0x63, 0x08,
  0x63, 0x08, 0x63, 0x08, 0x63, 0x08, 0x63, 0x08, 0x63, 0x08, 0x63, 0x08, 0x63, 0x08, 0x63, 0x08,
  0x63, 0x08, 0x63, 0x08, 0x63, 0x08, 0x63, 0x08, 0x63, 0x08, 0x63, 0x08, 0x63, 0x08, 0x63, 0x08,
  0x63, 0x08, 0x63, 0x08, 0x63, 0x08, 0x63, 0x08, 0x63, 0x08, 0x63, 0x08, 0x63, 0x08, 0x63, 0x08,
  0x63, 0x08, 0x63, 0x08, 0x63, 0x08, 0x63, 0x08, 0x63, 0x08, 0x63, 0x08, 0x63, 0x08, 0x63, 0x08,
  0x63, 0x08, 0x63, 0x08, 0x63, 0x08, 0x63, 0x08, 0x63, 0x08, 0x63, 0x08, 0x63, 0x08, 0x63, 0x08,
  0x63, 0x08, 0x63, 0x08, 0x63, 0x08, 0x63, 0x08, 0x63, 0x08, 0x63, 0x08, 0x63, 0x08, 0x63, 0x08,
  0x63, 0x08, 0x63, 0x08, 0x63, 0x08, 0x63, 0x08, 0x63, 0x08, 0x63, 0x08, 0x63, 0x08, 0x63, 0x08,
  0x63, 0x08, 0x63, 0x08, 0x63, 0x08, 0x63, 0x08, 0x63, 0x08, 0x63, 0x08, 0x63, 0x08, 0x63, 0x08,
  0x63, 0x08, 0x63, 0x08, 0x63, 0x08, 0x63, 0x08, 0x63, 0x08, 0x63, 0x08, 0x63, 0x08, 0x63, 0x08,
  0x63, 0x08, 0x63, 0x08, 0x63, 0x08, 0x63, 0x08, 0x63, 0x08, 0x63, 0x08, 0x83, 0x08, 0x83, 0x08,
  0x42, 0x00, 0x42, 0x00, 0xCA, 0x41, 0xD4, 0x9B, 0x78, 0xB4, 0x37, 0xAC, 0x37, 0xA4, 0x37, 0xAC,
  0x38, 0xA4, 0x38, 0xA4, 0x38, 0xA4, 0x38, 0xA4, 0x58, 0xA4, 0x59, 0xA4, 0x59, 0xA4, 0x59, 0xA4,
  0x59, 0x9C, 0x59, 0x9C, 0x59, 0x9C, 0x59, 0x9C, 0x5A, 0x9C, 0x5A, 0x9C, 0x5A, 0x9C, 0x5A, 0x9C,
  0x5A, 0x9C, 0x5A, 0x9C, 0x5A, 0x94, 0x5A, 0x94, 0x5A, 0x94, 0x5A, 0x94, 0x5B, 0x94, 0x5B, 0x94,
  0x5B, 0x94, 0x5B, 0x94, 0x5B, 0x94, 0x5B, 0x94, 0x5B, 0x8C, 0x5B, 0x8C, 0x5B, 0x8C, 0x5B, 0x8C,
  0x5C, 0x8C, 0x5C, 0x8C, 0x5C, 0x8C, 0x5C, 0x8C, 0x5C, 0x8C, 0x5C, 0x8C, 0x5C, 0x84, 0x5C, 0x84,
  0x5C, 0x84, 0x5C, 0x84, 0x5D, 0x84, 0x7D, 0x84, 0x7D, 0x84, 0x7D, 0x84, 0x7D, 0x84, 0x7D, 0x7C,
  0x5D, 0x7C, 0xBF, 0x84, 0x2F, 0x3A, 0x21, 0x00, 0x83, 0x08, 0x63, 0x08, 0x63, 0x08, 0x63, 0x08,
  0x63, 0x08, 0x63, 0x08, 0x63, 0x08, 0x63, 0x08, 0x63, 0x08, 0x63, 0x08, 0x63, 0x08, 0x63, 0x08,
  0x63, 0x08, 0x63, 0x08, 0x63, 0x08, 0x63, 0x08, 0x63, 0x08, 0x63, 0x08, 0x63, 0x08, 0x63, 0x08,
  0x63, 0x08, 0x63, 0x08, 0x63, 0x08, 0x63, 0x08, 0x63, 0x08, 0x63, 0x08, 0x63, 0x08, 0x63, 0x08,
  0x63, 0x08, 0x63, 0x08, 0x63, 0x08, 0x63, 0x08, 0x63, 0x08, 0x63, 0x08, 0x63, 0x08, 0x63, 0x08,
  0x63, 0x08, 0x63, 0x08, 0x63, 0x08, 0x63, 0x08, 0x63, 0x08, 0x63, 0x08, 0x63, 0x08, 0x63, 0x08,
  0x63, 0x08, 0x63, 0x08, 0x63, 0x08, 0x63, 0x08, 0x63, 0x08, 0x63, 0x08, 0x63, 0x08, 0x63, 0x08,
  0x63, 0x08, 0x63, 0x08, 0x63, 0x08, 0x63, 0x08, 0x63, 0x08, 0x63, 0x08, 0x63, 0x08, 0x63, 0x08,
  0x63, 0x08, 0x63, 0x08, 0x63, 0x08, 0x63, 0x08, 0x63, 0x08, 0x63, 0x08, 0x63, 0x08, 0x63, 0x08,
  0x63, 0x08, 0x63, 0x08, 0x63, 0x08, 0x63, 0x08, 0x63, 0x08, 0x63, 0x08, 0x63, 0x08, 0x63, 0x08,
  0x63, 0x08, 0x63, 0x08, 0x63, 0x08, 0x63, 0x08, 0x63, 0x08, 0x63, 0x08, 0x63, 0x08, 0x63, 0x08,
  0x63, 0x08, 0x63, 0x08, 0x63, 0x08, 0x63, 0x08, 0x63, 0x08, 0x63, 0x08, 0x63, 0x08, 0x63, 0x08,
  0x63, 0x08, 0x63, 0x08, 0x63, 0x08, 0x63, 0x08, 0x63, 0x08, 0x63, 0x08, 0x63, 0x08, 0x63, 0x08,
  0x63, 0x08, 0x63, 0x08, 0x63, 0x08, 0x63, 0x08, 0x63, 0x08, 0x63, 0x08, 0x63, 0x08, 0x63, 0x08,
  0x63, 0x08, 0x63, 0x08, 0x63, 0x08, 0x63, 0x08, 0x63, 0x08, 0x63, 0x08, 0x63, 0x08, 0x63, 0x08,
  0x63, 0x08, 0x63, 0x08, 0x63, 0x08, 0x63, 0x08, 0x63, 0x08, 0x63, 0x08, 0x63, 0x08, 0x63, 0x08,
  0x63, 0x08, 0x63, 0x08, 0x63, 0x08, 0x63, 0x08, 0x63, 0x08, 0x63, 0x08, 0x63, 0x08, 0x63, 0x08,
  0x63, 0x08, 0x63, 0x08, 0x63, 0x08, 0x63, 0x08, 0x63, 0x08, 0x63, 0x08, 0x63, 0x08, 0x63, 0x08,
  0x63, 0x08, 0x63, 0x08, 0x63, 0x08, 0x63, 0x08, 0x63, 0x08, 0x63, 0x08, 0x63, 0x08, 0x63, 0x08,
  0x63, 0x08, 0x63, 0x08, 0x63, 0x08, 0x63, 0x08, 0x63, 0x08, 0x63, 0x08, 0x63, 0x08, 0x63, 0x08,
  0x63, 0x08, 0x63, 0x08, 0x63, 0x08, 0x63, 0x08, 0x63, 0x08, 0x63, 0x08, 0x63, 0x08, 0x63, 0x08,
  0x63, 0x08, 0x63, 0x08, 0x63, 0x08, 0x63, 0x08, 0x63, 0x08, 0x63, 0x08, 0x63, 0x08, 0x63, 0x08,
  0x63, 0x08, 0x63, 0x08, 0x63, 0x08, 0x63, 0x08, 0x63, 0x08, 0x83, 0x08, 0x63, 0x08, 0x22, 0x00,
  0x27, 0x29, 0x31, 0x83, 0x77, 0xB4, 0x57, 0xB4, 0x36, 0xAC, 0x37, 0xAC, 0x37, 0xAC, 0x37, 0xAC,
  0x38, 0xA4, 0x38, 0xA4, 0x38, 0xA4, 0x38, 0xA4, 0x58, 0xA4, 0x59, 0xA4, 0x59, 0xA4, 0x59, 0xA4,
  0x59, 0x9C, 0x59, 0x9C, 0x59, 0x9C, 0x59, 0x9C, 0x5A, 0x9C, 0x5A, 0x9C, 0x5A, 0x9C, 0x5A, 0x9C,
  0x5A, 0x9C, 0x5A, 0x9C, 0x5A, 0x94, 0x5A, 0x94, 0x5A, 0x94, 0x5A, 0x94, 0x5B, 0x94, 0x5B, 0x94,
  0x5B, 0x94, 0x5B, 0x94, 0x5B, 0x94, 0x5B, 0x94, 0x5B, 0x8C, 0x5B, 0x8C, 0x5B, 0x8C, 0x5B, 0x8C,
  0x5C, 0x8C, 0x5C, 0x8C, 0x5C, 0x8C, 0x5C, 0x8C, 0x5C, 0x8C, 0x5C, 0x8C, 0x5C, 0x84, 0x5C, 0x84,
  0x5C, 0x84, 0x5C, 0x84, 0x5D, 0x84, 0x7D, 0x84, 0x7D, 0x84, 0x7D, 0x84, 0x7D, 0x84, 0x5D, 0x7C,
  0x7E, 0x84, 0x1B, 0x74, 0xA5, 0x10, 0x63, 0x08, 0x83, 0x08, 0x63, 0x08, 0x63, 0x08, 0x63, 0x08,
  0x63, 0x08, 0x63, 0x08, 0x63, 0x08, 0x63, 0x08, 0x63, 0x08, 0x63, 0x08, 0x63, 0x08, 0x63, 0x08,
  0x63, 0x08, 0x63, 0x08, 0x63, 0x08, 0x63, 0x08, 0x63, 0x08, 0x63, 0x08, 0x63, 0x08, 0x63, 0x08,
  0x63, 0x08, 0x63, 0x08, 0x63, 0x08, 0x63, 0x08, 0x63, 0x08, 0x63, 0x08, 0x63, 0x08, 0x63, 0x08,
  0x63, 0x08, 0x63, 0x08, 0x63, 0x08, 0x63, 0x08, 0x63, 0x08, 0x63, 0x08, 0x63, 0x08, 0x63, 0x08,
  0x63, 0x08, 0x63, 0x08, 0x63, 0x08, 0x63, 0x08, 0x63, 0x08, 0x63, 0x08, 0x63, 0x08, 0x63, 0x08,
  0x63, 0x08, 0x63, 0x08, 0x63, 0x08, 0x63, 0x08, 0x63, 0x08, 0x63, 0x08, 0x63, 0x08, 0x63, 0x08,
  0x63, 0x08, 0x63, 0x08, 0x63, 0x08, 0x63, 0x08, 0x63, 0x08, 0x63, 0x08, 0x63, 0x08, 0x63, 0x08,
  0x63, 0x08, 0x63, 0x08, 0x63, 0x08, 0x63, 0x08, 0x63, 0x08, 0x63, 0x08, 0x63, 0x08, 0x63, 0x08,
  0x63, 0x08, 0x63, 0x08, 0x63, 0x08, 0x63, 0x08, 0x63, 0x08, 0x63, 0x08, 0x63, 0x08, 0x63, 0x08,
  0x63, 0x08, 0x63, 0x08, 0x63, 0x08, 0x63, 0x08, 0x63, 0x08, 0x63, 0x08, 0x63, 0x08, 0x63, 0x08,
  0x63, 0x08, 0x63, 0x08, 0x63, 0x08, 0x63, 0x08, 0x63, 0x08, 0x63, 0x08, 0x63, 0x08, 0x63, 0x08,
  0x63, 0x08, 0x63, 0x08, 0x63, 0x08, 0x63, 0x08, 0x63, 0x08, 0x63, 0x08, 0x63, 0x08, 0x63, 0x08,
  0x63, 0x08, 0x63, 0x08, 0x63, 0x08, 0x63, 0x08, 0x63, 0x08, 0x63, 0x08, 0x63, 0x08, 0x63, 0x08,
  0x63, 0x08, 0x63, 0x08, 0x63, 0x08, 0x63, 0x08, 0x63, 0x08, 0x63, 0x08, 0x63, 0x08, 0x63, 0x08,
  0x63, 0x08, 0x63, 0x08, 0x63, 0x08, 0x63, 0x08, 0x63, 0x08, 0x63, 0x08, 0x63, 0x08, 0x63, 0x08,
  0x63, 0x08, 0x63, 0x08, 0x63, 0x08, 0x63, 0x08, 0x63, 0x08, 0x63, 0x08, 0x63, 0x08, 0x63, 0x08,
  0x63, 0x08, 0x63, 0x08, 0x63, 0x08, 0x63, 0x08, 0x63, 0x08, 0x63, 0x08, 0x63, 0x08, 0x63, 0x08,
  0x63, 0x08, 0x63, 0x08, 0x63, 0x08, 0x63, 0x08, 0x63, 0x08, 0x63, 0x08, 0x63, 0x08, 0x63, 0x08,
  0x63, 0x08, 0x63, 0x08, 0x63, 0x08, 0x63, 0x08, 0x63, 0x08, 0x63, 0x08, 0x63, 0x08, 0x63, 0x08,
  0x63, 0x08, 0x63, 0x08, 0x63, 0x08, 0x63, 0x08, 0x63, 0x08, 0x63, 0x08, 0x63, 0x08, 0x63, 0x08,
  0x63, 0x08, 0x63, 0x08, 0x63, 0x08, 0x63, 0x08, 0x63, 0x08, 0x63, 0x08, 0x63, 0x08, 0x63, 0x08,
  0x63, 0x08, 0x63, 0x08, 0x63, 0x08, 0x83, 0x08, 0x83, 0x08, 0x42, 0x00, 0xA4, 0x10, 0x8D, 0x62,
  0x36, 0xB4, 0x77, 0xB4, 0x16, 0xAC, 0x36, 0xAC, 0x37, 0xAC, 0x37, 0xAC, 0x37, 0xAC, 0x37, 0xAC,
  0x38, 0xA4, 0x38, 0xA4, 0x38, 0xA4, 0x38, 0xA4, 0x58, 0xA4, 0x59, 0xA4, 0x59, 0xA4, 0x59, 0xA4,
  0x59, 0x9C, 0x59, 0x9C, 0x59, 0x9C, 0x59, 0x9C, 0x5A, 0x9C, 0x5A, 0x9C, 0x5A, 0x9C, 0x5A, 0x9C,
  0x5A, 0x9C, 0x5A, 0x9C, 0x5A, 0x94, 0x5A, 0x94, 0x5A, 0x94, 0x5A, 0x94, 0x5B, 0x94, 0x5B, 0x94,
  0x5B, 0x94, 0x5B, 0x94, 0x5B, 0x94, 0x5B, 0x94, 0x5B, 0x8C, 0x5B, 0x8C, 0x5B, 0x8C, 0x5B, 0x8C,
  0x5C, 0x8C, 0x5C, 0x8C, 0x5C, 0x8C, 0x5C, 0x8C, 0x5C, 0x8C, 0x5C, 0x8C, 0x5C, 0x84, 0x5C, 0x84,
  0x5C, 0x84, 0x5C, 0x84, 0x5D, 0x84, 0x7D, 0x84, 0x7D, 0x84, 0x7D, 0x84, 0x7D, 0x84, 0x5D, 0x7C,
  0xBF, 0x84, 0x91, 0x4A, 0x21, 0x00, 0x83, 0x08, 0x63, 0x08, 0x63, 0x08, 0x63, 0x08, 0x63, 0x08,
  0x63, 0x08, 0x63, 0x08, 0x63, 0x08, 0x63, 0x08, 0x63, 0x08, 0x63, 0x08, 0x63, 0x08, 0x63, 0x08,
  0x63, 0x08, 0x63, 0x08, 0x63, 0x08, 0x63, 0x08, 0x63, 0x08, 0x63, 0x08, 0x63, 0x08, 0x63, 0x08,
  0x63, 0x08, 0x63, 0x08, 0x63, 0x08, 0x63, 0x08, 0x63, 0x08, 0x63, 0x08, 0x63, 0x08, 0x63, 0x08,
  0x63, 0x08, 0x63, 0x08, 0x63, 0x08, 0x63, 0x08, 0x63, 0x08, 0x63, 0x08, 0x63, 0x08, 0x63, 0x08,
  0x63, 0x08, 0x63, 0x08, 0x63, 0x08, 0x63, 0x08, 0x63, 0x08, 0x63, 0x08, 0x63, 0x08, 0x63, 0x08,
  0x63, 0x08, 0x63, 0x08, 0x63, 0x08, 0x63, 0x08, 0x63, 0x08, 0x63, 0x08, 0x63, 0x08, 0x63, 0x08,
  0x63, 0x08, 0x63, 0x08, 0x63, 0x08, 0x63, 0x08, 0x63, 0x08, 0x63, 0x08, 0x63, 0x08, 0x63, 0x08,
  0x63, 0x08, 0x63, 0x08, 0x63, 0x08, 0x63, 0x08, 0x63, 0x08, 0x63, 0x08, 0x63, 0x08, 0x63, 0x08,
  0x63, 0x08, 0x63, 0x08, 0x63, 0x08, 0x63, 0x08, 0x63, 0x08, 0x63, 0x08, 0x63, 0x08, 0x63, 0x08,
  0x63, 0x08, 0x63, 0x08, 0x63, 0x08, 0x63, 0x08, 0x63, 0x08, 0x63, 0x08, 0x63, 0x08, 0x63, 0x08,
  0x63, 0x08, 0x63, 0x08, 0x63, 0x08, 0x63, 0x08, 0x63, 0x08, 0x63, 0x08, 0x63, 0x08, 0x63, 0x08,
  0x63, 0x08, 0x63, 0x08, 0x63, 0x08, 0x63, 0x08, 0x63, 0x08, 0x63, 0x08, 0x63, 0x08, 0x63, 0x08,
  0x63, 0x08, 0x63, 0x08, 0x63, 0x08, 0x63, 0x08, 0x63, 0x08, 0x63, 0x08, 0x63, 0x08, 0x63, 0x08,
  0x63, 0x08, 0x63, 0x08, 0x63, 0x08, 0x63, 0x08, 0x63, 0x08, 0x63, 0x08, 0x63, 0x08, 0x63, 0x08,
  0x63, 0x08, 0x63, 0x08, 0x63, 0x08, 0x63, 0x08, 0x63, 0x08, 0x63, 0x08, 0x63, 0x08, 0x63, 0x08,
  0x63, 0x08, 0x63, 0x08, 0x63, 0x08, 0x63, 0x08, 0x63, 0x08, 0x63, 0x08, 0x63, 0x08, 0x63, 0x08,
  0x63, 0x08, 0x63, 0x08, 0x63, 0x08, 0x63, 0x08, 0x63, 0x08, 0x63, 0x08, 0x63, 0x08, 0x63, 0x08,
  0x63, 0x08, 0x63, 0x08, 0x63, 0x08, 0x63, 0x08, 0x63, 0x08, 0x63, 0x08, 0x63, 0x08, 0x63, 0x08,
  0x63, 0x08, 0x63, 0x08, 0x63, 0x08, 0x63, 0x08, 0x63, 0x08, 0x63, 0x08, 0x63, 0x08, 0x63, 0x08,
  0x63, 0x08, 0x63, 0x08, 0x63, 0x08, 0x63, 0x08, 0x63, 0x08, 0x63, 0x08, 0x63, 0x08, 0x63, 0x08,
  0x63, 0x08, 0x63, 0x08, 0x63, 0x08, 0x63, 0x08, 0x63, 0x08, 0x63, 0x08, 0x63, 0x08, 0x63, 0x08,
  0x63, 0x08, 0x63, 0x08, 0x83, 0x08, 0x42, 0x00, 0x42, 0x00, 0xA9, 0x41, 0xB3, 0x9B, 0x77, 0xBC,
  0x36, 0xAC, 0x16, 0xAC, 0x36, 0xAC, 0x36, 0xAC, 0x37, 0xAC, 0x37, 0xAC, 0x37, 0xAC, 0x37, 0xAC,
  0x38, 0xA4, 0x38, 0xA4, 0x38, 0xA4, 0x38, 0xA4, 0x58, 0xA4, 0x59, 0xA4, 0x59, 0xA4, 0x59, 0xA4,
  0x59, 0x9C, 0x59, 0x9C, 0x59, 0x9C, 0x59, 0x9C, 0x5A, 0x9C, 0x5A, 0x9C, 0x5A, 0x9C, 0x5A, 0x9C,
  0x5A, 0x9C, 0x5A, 0x9C, 0x5A, 0x94, 0x5A, 0x94, 0x5A, 0x94, 0x5A, 0x94, 0x5B, 0x94, 0x5B, 0x94,
  0x5B, 0x94, 0x5B, 0x94, 0x5B, 0x94, 0x5B, 0x94, 0x5B, 0x8C, 0x5B, 0x8C, 0x5B, 0x8C, 0x5B, 0x8C,
  0x5C, 0x8C, 0x5C, 0x8C, 0x5C, 0x8C, 0x5C, 0x8C, 0x5C, 0x8C, 0x5C, 0x8C, 0x5C, 0x84, 0x5C, 0x84,
  0x5C, 0x84, 0x5C, 0x84, 0x5D, 0x84, 0x7D, 0x84, 0x7D, 0x84, 0x7D, 0x84, 0x7D, 0x84, 0x7D, 0x84,
  0x5D, 0x7C, 0xE6, 0x18, 0x42, 0x08, 0x83, 0x08, 0x63, 0x08, 0x63, 0x08, 0x63, 0x08, 0x63, 0x08,
  0x63, 0x08, 0x63, 0x08, 0x63, 0x08, 0x63, 0x08, 0x63, 0x08, 0x63, 0x08, 0x63, 0x08, 0x63, 0x08,
  0x63, 0x08, 0x63, 0x08, 0x63, 0x08, 0x63, 0x08, 0x63, 0x08, 0x63, 0x08, 0x63, 0x08, 0x63, 0x08,
  0x63, 0x08, 0x63, 0x08, 0x63, 0x08, 0x63, 0x08, 0x63, 0x08, 0x63, 0x08, 0x63, 0x08, 0x63, 0x08,
  0x63, 0x08, 0x63, 0x08, 0x63, 0x08, 0x63, 0x08, 0x63, 0x08, 0x63, 0x08, 0x63, 0x08, 0x63, 0x08,
  0x63, 0x08, 0x63, 0x08, 0x63, 0x08, 0x63, 0x08, 0x63, 0x08, 0x63, 0x08, 0x63, 0x08, 0x63, 0x08,
  0x63, 0x08, 0x63, 0x08, 0x63, 0x08, 0x63, 0x08, 0x63, 0x08, 0x63, 0x08, 0x63, 0x08, 0x63, 0x08,
  0x63, 0x08, 0x63, 0x08, 0x63, 0x08, 0x63, 0x08, 0x63, 0x08, 0x63, 0x08, 0x63, 0x08, 0x63, 0x08,
  0x63, 0x08, 0x63, 0x08, 0x63, 0x08, 0x63, 0x08, 0x63, 0x08, 0x63, 0x08, 0x63, 0x08, 0x63, 0x08,
  0x63, 0x08, 0x63, 0x08, 0x63, 0x08, 0x63, 0x08, 0x63, 0x08, 0x63, 0x08, 0x63, 0x08, 0x63, 0x08,
  0x63, 0x08, 0x63, 0x08, 0x63, 0x08, 0x63, 0x08, 0x63, 0x08, 0x63, 0x08, 0x63, 0x08, 0x63, 0x08,
  0x63, 0x08, 0x63, 0x08, 0x63, 0x08, 0x63, 0x08, 0x63, 0x08, 0x63, 0x08, 0x63, 0x08, 0x63, 0x08,
  0x63, 0x08, 0x63, 0x08, 0x63, 0x08, 0x63, 0x08, 0x63, 0x08, 0x63, 0x08, 0x63, 0x08, 0x63, 0x08,
  0x63, 0x08, 0x63, 0x08, 0x63, 0x08, 0x63, 0x08, 0x63, 0x08, 0x63, 0x08, 0x63, 0x08, 0x63, 0x08,
  0x63, 0x08, 0x63, 0x08, 0x63, 0x08, 0x63, 0x08, 0x63, 0x08, 0x63, 0x08, 0x63, 0x08, 0x63, 0x08,
  0x63, 0x08, 0x63, 0x08, 0x63, 0x08, 0x63, 0x08, 0x63, 0x08, 0x63, 0x08, 0x63, 0x08, 0x63, 0x08,
  0x63, 0x08, 0x63, 0x08, 0x63, 0x08, 0x63, 0x08, 0x63, 0x08, 0x63, 0x08, 0x63, 0x08, 0x63, 0x08,
  0x63, 0x08, 0x63, 0x08, 0x63, 0x08, 0x63, 0x08, 0x63, 0x08, 0x63, 0x08, 0x63, 0x08, 0x63, 0x08,
  0x63, 0x08, 0x63, 0x08, 0x63, 0x08, 0x63, 0x08, 0x63, 0x08, 0x63, 0x08, 0x63, 0x08, 0x63, 0x08,
  0x63, 0x08, 0x63, 0x08, 0x63, 0x08, 0x63, 0x08, 0x63, 0x08, 0x63, 0x08, 0x63, 0x08, 0x63, 0x08,
  0x63, 0x08, 0x63, 0x08, 0x63, 0x08, 0x63, 0x08, 0x63, 0x08, 0x63, 0x08, 0x63, 0x08, 0x63, 0x08,
  0x63, 0x08, 0x63, 0x08, 0x63, 0x08, 0x63, 0x08, 0x63, 0x08, 0x63, 0x08, 0x63, 0x08, 0x63, 0x08,
  0x83, 0x08, 0x63, 0x08, 0x22, 0x00, 0xE6, 0x20, 0x10, 0x83, 0x56, 0xBC, 0x36, 0xB4, 0x15, 0xAC,
  0x36, 0xB4, 0x36, 0xAC, 0x36, 0xAC, 0x36, 0xAC, 0x37, 0xAC, 0x37, 0xAC, 0x37, 0xAC, 0x37, 0xAC,
  0x38, 0xA4, 0x38, 0xA4, 0x38, 0xA4, 0x38, 0xA4, 0x58, 0xA4, 0x59, 0xA4, 0x59, 0xA4, 0x59, 0xA4,
  0x59, 0x9C, 0x59, 0x9C, 0x59, 0x9C, 0x59, 0x9C, 0x5A, 0x9C, 0x5A, 0x9C, 0x5A, 0x9C, 0x5A, 0x9C,
  0x5A, 0x9C, 0x5A, 0x9C, 0x5A, 0x94, 0x5A, 0x94, 0x5A, 0x94, 0x5A, 0x94, 0x5B, 0x94, 0x5B, 0x94,
  0x5B, 0x94, 0x5B, 0x94, 0x5B, 0x94, 0x5B, 0x94, 0x5B, 0x8C, 0x5B, 0x8C, 0x5B, 0x8C, 0x5B, 0x8C,
  0x5C, 0x8C, 0x5C, 0x8C, 0x5C, 0x8C, 0x5C, 0x8C, 0x5C, 0x8C, 0x5C, 0x8C, 0x5C, 0x84, 0x5C, 0x84,
  0x5C, 0x84, 0x5C, 0x84, 0x5D, 0x84, 0x7D, 0x84, 0x7D, 0x84, 0x7D, 0x84, 0x5D, 0x7C, 0xBF, 0x84,
  0xF3, 0x52, 0x21, 0x00, 0x83, 0x08, 0x63, 0x08, 0x63, 0x08, 0x63, 0x08, 0x63, 0x08, 0x63, 0x08,
  0x63, 0x08, 0x63, 0x08, 0x63, 0x08, 0x63, 0x08, 0x63, 0x08, 0x63, 0x08, 0x63, 0x08, 0x63, 0x08,
  0x63, 0x08, 0x63, 0x08, 0x63, 0x08, 0x63, 0x08, 0x63, 0x08, 0x63, 0x08, 0x63, 0x08, 0x63, 0x08,
  0x63, 0x08, 0x63, 0x08, 0x63, 0x08, 0x63, 0x08, 0x63, 0x08, 0x63, 0x08, 0x63, 0x08, 0x63, 0x08,
  0x63, 0x08, 0x63, 0x08, 0x63, 0x08, 0x63, 0x08, 0x63, 0x08, 0x63, 0x08, 0x63, 0x08, 0x63, 0x08,
  0x63, 0x08, 0x63, 0x08, 0x63, 0x08, 0x63, 0x08, 0x63, 0x08, 0x63, 0x08, 0x63, 0x08, 0x63, 0x08,
  0x63, 0x08, 0x63, 0x08, 0x63, 0x08, 0x63, 0x08, 0x63, 0x08, 0x63, 0x08, 0x63, 0x08, 0x63, 0x08,
  0x63, 0x08, 0x63, 0x08, 0x63, 0x08, 0x63, 0x08, 0x63, 0x08, 0x63, 0x08, 0x63, 0x08, 0x63, 0x08,
  0x63, 0x08, 0x63, 0x08, 0x63, 0x08, 0x63, 0x08, 0x63, 0x08, 0x63, 0x08, 0x63, 0x08, 0x63, 0x08,
  0x63, 0x08, 0x63, 0x08, 0x63, 0x08, 0x63, 0x08, 0x63, 0x08, 0x63, 0x08, 0x63, 0x08, 0x63, 0x08,
  0x63, 0x08, 0x63, 0x08, 0x63, 0x08, 0x63, 0x08, 0x63, 0x08, 0x63, 0x08, 0x63, 0x08, 0x63, 0x08,
  0x63, 0x08, 0x63, 0x08, 0x63, 0x08, 0x63, 0x08, 0x63, 0x08, 0x63, 0x08, 0x63, 0x08, 0x63, 0x08,
  0x63, 0x08, 0x63, 0x08, 0x63, 0x08, 0x63, 0x08, 0x63, 0x08, 0x63, 0x08, 0x63, 0x08, 0x63, 0x08,
  0x63, 0x08, 0x63, 0x08, 0x63, 0x08, 0x63, 0x08, 0x63, 0x08, 0x63, 0x08, 0x63, 0x08, 0x63, 0x08,
  0x63, 0x08, 0x63, 0x08, 0x63, 0x08, 0x63, 0x08, 0x63, 0x08, 0x63, 0x08, 0x63, 0x08, 0x63, 0x08,
  0x63, 0x08, 0x63, 0x08, 0x63, 0x08, 0x63, 0x08, 0x63, 0x08, 0x63, 0x08, 0x63, 0x08, 0x63, 0x08,
  0x63, 0x08, 0x63, 0x08, 0x63, 0x08, 0x63, 0x08, 0x63, 0x08, 0x63, 0x08, 0x63, 0x08, 0x63, 0x08,
  0x63, 0x08, 0x63, 0x08, 0x63, 0x08, 0x63, 0x08, 0x63, 0x08, 0x63, 0x08, 0x63, 0x08, 0x63, 0x08,
  0x63, 0x08, 0x63, 0x08, 0x63, 0x08, 0x63, 0x08, 0x63, 0x08, 0x63, 0x08, 0x63, 0x08, 0x63, 0x08,
  0x63, 0x08, 0x63, 0x08, 0x63, 0x08, 0x63, 0x08, 0x63, 0x08, 0x63, 0x08, 0x63, 0x08, 0x63, 0x08,
  0x63, 0x08, 0x63, 0x08, 0x63, 0x08, 0x63, 0x08, 0x63, 0x08, 0x63, 0x08, 0x63, 0x08, 0x63, 0x08,
  0x63, 0x08, 0x63, 0x08, 0x63, 0x08, 0x63, 0x08, 0x63, 0x08, 0x63, 0x08, 0x83, 0x08, 0x83, 0x08,
  0x42, 0x00, 0x63, 0x08, 0x2B, 0x5A, 0x14, 0xB4, 0x56, 0xBC, 0x15, 0xB4, 0x15, 0xB4, 0x36, 0xB4,
  0x36, 0xB4, 0x36, 0xAC, 0x36, 0xAC, 0x36, 0xAC, 0x37, 0xAC, 0x37, 0xAC, 0x37, 0xAC, 0x37, 0xAC,
  0x38, 0xA4, 0x38, 0xA4, 0x38, 0xA4, 0x38, 0xA4, 0x58, 0xA4, 0x59, 0xA4, 0x59, 0xA4, 0x59, 0xA4,
  0x59, 0x9C, 0x59, 0x9C, 0x59, 0x9C, 0x59, 0x9C, 0x5A, 0x9C, 0x5A, 0x9C, 0x5A, 0x9C, 0x5A, 0x9C,
  0x5A, 0x9C, 0x5A, 0x9C, 0x5A, 0x94, 0x5A, 0x94, 0x5A, 0x94, 0x5A, 0x94, 0x5B, 0x94, 0x5B, 0x94,
  0x5B, 0x94, 0x5B, 0x94, 0x5B, 0x94, 0x5B, 0x94, 0x5B, 0x8C, 0x5B, 0x8C, 0x5B, 0x8C, 0x5B, 0x8C,
  0x5C, 0x8C, 0x5C, 0x8C, 0x5C, 0x8C, 0x5C, 0x8C, 0x5C, 0x8C, 0x5C, 0x8C, 0x5C, 0x84, 0x5C, 0x84,
  0x5C, 0x84, 0x5C, 0x84, 0x5D, 0x84, 0x7D, 0x84, 0x7D, 0x84, 0x7D, 0x84, 0x7D, 0x84, 0x7D, 0x84,
  0x28, 0x21, 0x42, 0x00, 0x83, 0x08, 0x63, 0x08, 0x63, 0x08, 0x63, 0x08, 0x63, 0x08, 0x63, 0x08,
  0x63, 0x08, 0x63, 0x08, 0x63, 0x08, 0x63, 0x08, 0x63, 0x08, 0x63, 0x08, 0x63, 0x08, 0x63, 0x08,
  0x63, 0x08, 0x63, 0x08, 0x63, 0x08, 0x63, 0x08, 0x63, 0x08, 0x63, 0x08, 0x63, 0x08, 0x63, 0x08,
  0x63, 0x08, 0x63, 0x08, 0x63, 0x08, 0x63, 0x08, 0x63, 0x08, 0x63, 0x08, 0x63, 0x08, 0x63, 0x08,
  0x63, 0x08, 0x63, 0x08, 0x63, 0x08, 0x63, 0x08, 0x63, 0x08, 0x63, 0x08, 0x63, 0x08, 0x63, 0x08,
  0x63, 0x08, 0x63, 0x08, 0x63, 0x08, 0x63, 0x08, 0x63, 0x08, 0x63, 0x08, 0x63, 0x08, 0x63, 0x08,
  0x63, 0x08, 0x63, 0x08, 0x63, 0x08, 0x63, 0x08, 0x63, 0x08, 0x63, 0x08, 0x63, 0x08, 0x63, 0x08,
  0x63, 0x08, 0x63, 0x08, 0x63, 0x08, 0x63, 0x08, 0x63, 0x08, 0x63, 0x08, 0x63, 0x08, 0x63, 0x08,
  0x63, 0x08, 0x63, 0x08, 0x63, 0x08, 0x63, 0x08, 0x63, 0x08, 0x63, 0x08, 0x63, 0x08, 0x63, 0x08,
  0x63, 0x08, 0x63, 0x08, 0x63, 0x08, 0x63, 0x08, 0x63, 0x08, 0x63, 0x08, 0x63, 0x08, 0x63, 0x08,
  0x63, 0x08, 0x63, 0x08, 0x63, 0x08, 0x63, 0x08, 0x63, 0x08, 0x63, 0x08, 0x63, 0x08, 0x63, 0x08,
  0x63, 0x08, 0x63, 0x08, 0x63, 0x08, 0x63, 0x08, 0x63, 0x08, 0x63, 0x08, 0x63, 0x08, 0x63, 0x08,
  0x63, 0x08, 0x63, 0x08, 0x63, 0x08, 0x63, 0x08, 0x63, 0x08, 0x63, 0x08, 0x63, 0x08, 0x63, 0x08,
  0x63, 0x08, 0x63, 0x08, 0x63, 0x08, 0x63, 0x08, 0x63, 0x08, 0x63, 0x08, 0x63, 0x08, 0x63, 0x08,
  0x63, 0x08, 0x63, 0x08, 0x63, 0x08, 0x63, 0x08, 0x63, 0x08, 0x63, 0x08, 0x63, 0x08, 0x63, 0x08,
  0x63, 0x08, 0x63, 0x08, 0x63, 0x08, 0x63, 0x08, 0x63, 0x08, 0x63, 0x08, 0x63, 0x08, 0x63, 0x08,
  0x63, 0x08, 0x63, 0x08, 0x63, 0x08, 0x63, 0x08, 0x63, 0x08, 0x63, 0x08, 0x63, 0x08, 0x63, 0x08,
  0x63, 0x08, 0x63, 0x08, 0x63, 0x08, 0x63, 0x08, 0x63, 0x08, 0x63, 0x08, 0x63, 0x08, 0x63, 0x08,
  0x63, 0x08, 0x63, 0x08, 0x63, 0x08, 0x63, 0x08, 0x63, 0x08, 0x63, 0x08, 0x63, 0x08, 0x63, 0x08,
  0x63, 0x08, 0x63, 0x08, 0x63, 0x08, 0x63, 0x08, 0x63, 0x08, 0x63, 0x08, 0x63, 0x08, 0x63, 0x08,
  0x63, 0x08, 0x63, 0x08, 0x63, 0x08, 0x63, 0x08, 0x63, 0x08, 0x63, 0x08, 0x63, 0x08, 0x63, 0x08,
  0x63, 0x08, 0x63, 0x08, 0x63, 0x08, 0x63, 0x08, 0x63, 0x08, 0x83, 0x08, 0x63, 0x08, 0x22, 0x00,
  0x47, 0x31, 0x71, 0x9B, 0x56, 0xC4, 0x35, 0xB4, 0x15, 0xB4, 0x35, 0xB4, 0x35, 0xB4, 0x36, 0xB4,
  0x36, 0xB4, 0x36, 0xAC, 0x36, 0xAC, 0x36, 0xAC, 0x37, 0xAC, 0x37, 0xAC, 0x37, 0xAC, 0x37, 0xAC,
  0x38, 0xA4, 0x38, 0xA4, 0x38, 0xA4, 0x38, 0xA4, 0x58, 0xA4, 0x59, 0xA4, 0x59, 0xA4, 0x59, 0xA4,
  0x59, 0x9C, 0x59, 0x9C, 0x59, 0x9C, 0x59, 0x9C, 0x5A, 0x9C, 0x5A, 0x9C, 0x5A, 0x9C, 0x5A, 0x9C,
  0x5A, 0x9C, 0x5A, 0x9C, 0x5A, 0x94, 0x5A, 0x94, 0x5A, 0x94, 0x5A, 0x94, 0x5B, 0x94, 0x5B, 0x94,
  0x5B, 0x94, 0x5B, 0x94, 0x5B, 0x94, 0x5B, 0x94, 0x5B, 0x8C, 0x5B, 0x8C, 0x5B, 0x8C, 0x5B, 0x8C,
  0x5C, 0x8C, 0x5C, 0x8C, 0x5C, 0x8C, 0x5C, 0x8C, 0x5C, 0x8C, 0x5C, 0x8C, 0x5C, 0x84, 0x5C, 0x84,
  0x5C, 0x84, 0x5C, 0x84, 0x5D, 0x84, 0x7D, 0x84, 0x7D, 0x84, 0x5C, 0x7C, 0xBF, 0x84, 0x35, 0x5B,
  0x42, 0x00, 0x83, 0x08, 0x63, 0x08, 0x63, 0x08, 0x63, 0x08, 0x63, 0x08, 0x63, 0x08, 0x63, 0x08,
  0x63, 0x08, 0x63, 0x08, 0x63, 0x08, 0x63, 0x08, 0x63, 0x08, 0x63, 0x08, 0x63, 0x08, 0x63, 0x08,
  0x63, 0x08, 0x63, 0x08, 0x63, 0x08, 0x63, 0x08, 0x63, 0x08, 0x63, 0x08, 0x63, 0x08, 0x63, 0x08,
  0x63, 0x08, 0x63, 0x08, 0x63, 0x08, 0x63, 0x08, 0x63, 0x08, 0x63, 0x08, 0x63, 0x08, 0x63, 0x08,
  0x63, 0x08, 0x63, 0x08, 0x63, 0x08, 0x63, 0x08, 0x63, 0x08, 0x63, 0x08, 0x63, 0x08, 0x63, 0x08,
  0x63, 0x08, 0x63, 0x08, 0x63, 0x08, 0x63, 0x08, 0x63, 0x08, 0x63, 0x08, 0x63, 0x08, 0x63, 0x08,
  0x63, 0x08, 0x63, 0x08, 0x63, 0x08, 0x63, 0x08, 0x63, 0x08, 0x63, 0x08, 0x63, 0x08, 0x63, 0x08,
  0x63, 0x08, 0x63, 0x08, 0x63, 0x08, 0x63, 0x08, 0x63, 0x08, 0x63, 0x08, 0x63, 0x08, 0x63, 0x08,
  0x63, 0x08, 0x63, 0x08, 0x63, 0x08, 0x63, 0x08, 0x63, 0x08, 0x63, 0x08, 0x63, 0x08, 0x63, 0x08,
  0x63, 0x08, 0x63, 0x08, 0x63, 0x08, 0x63, 0x08, 0x63, 0x08, 0x63, 0x08, 0x63, 0x08, 0x63, 0x08,
  0x63, 0x08, 0x63, 0x08, 0x63, 0x08, 0x63, 0x08, 0x63, 0x08, 0x63, 0x08, 0x63, 0x08, 0x63, 0x08,
  0x63, 0x08, 0x63, 0x08, 0x63, 0x08, 0x63, 0x08, 0x63, 0x08, 0x63, 0x08, 0x63, 0x08, 0x63, 0x08,
  0x63, 0x08, 0x63, 0x08, 0x63, 0x08, 0x63, 0x08, 0x63, 0x08, 0x63, 0x08, 0x63, 0x08, 0x63, 0x08,
  0x63, 0x08, 0x63, 0x08, 0x63, 0x08, 0x63, 0x08, 0x63, 0x08, 0x63, 0x08, 0x63, 0x08, 0x63, 0x08,
  0x63, 0x08, 0x63, 0x08, 0x63, 0x08, 0x63, 0x08, 0x63, 0x08, 0x63, 0x08, 0x63, 0x08, 0x63, 0x08,
  0x63, 0x08, 0x63, 0x08, 0x63, 0x08, 0x63, 0x08, 0x63, 0x08, 0x63, 0x08, 0x63, 0x08, 0x63, 0x08,
  0x63, 0x08, 0x63, 0x08, 0x63, 0x08, 0x63, 0x08, 0x63, 0x08, 0x63, 0x08, 0x63, 0x08, 0x63, 0x08,
  0x63, 0x08, 0x83, 0x08, 0x63, 0x08, 0x63, 0x08, 0x63, 0x08, 0x63, 0x08, 0x63, 0x08, 0x63, 0x08,
  0x63, 0x08, 0x63, 0x08, 0x63, 0x08, 0x63, 0x08, 0x63, 0x08, 0x63, 0x08, 0x63, 0x08, 0x63, 0x08,
  0x63, 0x08, 0x63, 0x08, 0x63, 0x08, 0x63, 0x08, 0x63, 0x08, 0x63, 0x08, 0x63, 0x08, 0x63, 0x08,
  0x63, 0x08, 0x63, 0x08, 0x63, 0x08, 0x63, 0x08, 0x63, 0x08, 0x63, 0x08, 0x63, 0x08, 0x63, 0x08,
  0x63, 0x08, 0x63, 0x08, 0x63, 0x08, 0x83, 0x08, 0x83, 0x08, 0x42, 0x00, 0xA4, 0x10, 0x8D, 0x72,
  0x34, 0xBC, 0x55, 0xBC, 0x14, 0xB4, 0x15, 0xB4, 0x35, 0xB4, 0x35, 0xB4, 0x35, 0xB4, 0x36, 0xB4,
  0x36, 0xB4, 0x36, 0xAC, 0x36, 0xAC, 0x36, 0xAC, 0x37, 0xAC, 0x37, 0xAC, 0x37, 0xAC, 0x37, 0xAC,
  0x38, 0xA4, 0x38, 0xA4, 0x38, 0xA4, 0x38, 0xA4, 0x58, 0xA4, 0x59, 0xA4, 0x59, 0xA4, 0x59, 0xA4,
  0x59, 0x9C, 0x59, 0x9C, 0x59, 0x9C, 0x59, 0x9C, 0x5A, 0x9C, 0x5A, 0x9C, 0x5A, 0x9C, 0x5A, 0x9C,
  0x5A, 0x9C, 0x5A, 0x9C, 0x5A, 0x94, 0x5A, 0x94, 0x5A, 0x94, 0x5A, 0x94, 0x5B, 0x94, 0x5B, 0x94,
  0x5B, 0x94, 0x5B, 0x94, 0x5B, 0x94, 0x5B, 0x94, 0x5B, 0x8C, 0x5B, 0x8C, 0x5B, 0x8C, 0x5B, 0x8C,
  0x5C, 0x8C, 0x5C, 0x8C, 0x5C, 0x8C, 0x5C, 0x8C, 0x5C, 0x8C, 0x5C, 0x8C, 0x5C, 0x84, 0x5C, 0x84,
  0x5C, 0x84, 0x5C, 0x84, 0x5D, 0x84, 0x7D, 0x84, 0x7D, 0x84, 0x5D, 0x84, 0x9E, 0x84, 0x69, 0x21,
  0x42, 0x00, 0x83, 0x08, 0x63, 0x08, 0x63, 0x08, 0x63, 0x08, 0x63, 0x08, 0x63, 0x08, 0x63, 0x08,
  0x63, 0x08, 0x63, 0x08, 0x63, 0x08, 0x63, 0x08, 0x63, 0x08, 0x63, 0x08, 0x63, 0x08, 0x63, 0x08,
  0x63, 0x08, 0x63, 0x08, 0x63, 0x08, 0x63, 0x08, 0x63, 0x08, 0x63, 0x08, 0x63, 0x08, 0x63, 0x08,
  0x63, 0x08, 0x63, 0x08, 0x63, 0x08, 0x63, 0x08, 0x63, 0x08, 0x63, 0x08, 0x63, 0x08, 0x63, 0x08,
  0x63, 0x08, 0x63, 0x08, 0x63, 0x08, 0x63, 0x08, 0x63, 0x08, 0x63, 0x08, 0x63, 0x08, 0x63, 0x08,
  0x63, 0x08, 0x63, 0x08, 0x63, 0x08, 0x63, 0x08, 0x63, 0x08, 0x63, 0x08, 0x63, 0x08, 0x63, 0x08,
  0x63, 0x08, 0x63, 0x08, 0x63, 0x08, 0x63, 0x08, 0x63, 0x08, 0x63, 0x08, 0x63, 0x08, 0x63, 0x08,
  0x63, 0x08, 0x63, 0x08, 0x63, 0x08, 0x63, 0x08, 0x63, 0x08, 0x63, 0x08, 0x63, 0x08, 0x63, 0x08,
  0x63, 0x08, 0x63, 0x08, 0x63, 0x08, 0x63, 0x08, 0x63, 0x08, 0x63, 0x08, 0x63, 0x08, 0x63, 0x08,
  0x63, 0x08, 0x63, 0x08, 0x63, 0x08, 0x63, 0x08, 0x63, 0x08, 0x63, 0x08, 0x63, 0x08, 0x63, 0x08,
  0x63, 0x08, 0x63, 0x08, 0x63, 0x08, 0x63, 0x08, 0x63, 0x08, 0x63, 0x08, 0x63, 0x08, 0x63, 0x08,
  0x63, 0x08, 0x63, 0x08, 0x63, 0x08, 0x63, 0x08, 0x63, 0x08, 0x63, 0x08, 0x63, 0x08, 0x63, 0x08,
  0x63, 0x08, 0x63, 0x08, 0x63, 0x08, 0x63, 0x08, 0x63, 0x08, 0x63, 0x08, 0x63, 0x08, 0x63, 0x08,
  0x63, 0x08, 0x63, 0x08, 0x63, 0x08, 0x63, 0x08, 0x63, 0x08, 0x63, 0x08, 0x63, 0x08, 0x63, 0x08,
  0x63, 0x08, 0x63, 0x08, 0x63, 0x08, 0x63, 0x08, 0x63, 0x08, 0x63, 0x08, 0x63, 0x08, 0x63, 0x08,
  0x63, 0x08, 0x63, 0x08, 0x63, 0x08, 0x63, 0x08, 0x63, 0x08, 0x63, 0x08, 0x63, 0x08, 0x63, 0x08,
  0x63, 0x08, 0x63, 0x08, 0x63, 0x08, 0x63, 0x08, 0x63, 0x08, 0x63, 0x08, 0x63, 0x08, 0x83, 0x08,
  0x63, 0x08, 0x42, 0x00, 0x83, 0x10, 0x83, 0x08, 0x63, 0x08, 0x63, 0x08, 0x63, 0x08, 0x63, 0x08,
  0x63, 0x08, 0x63, 0x08, 0x63, 0x08, 0x63, 0x08, 0x63, 0x08, 0x63, 0x08, 0x63, 0x08, 0x63, 0x08,
  0x63, 0x08, 0x63, 0x08, 0x63, 0x08, 0x63, 0x08, 0x63, 0x08, 0x63, 0x08, 0x63, 0x08, 0x63, 0x08,
  0x63, 0x08, 0x63, 0x08, 0x63, 0x08, 0x63, 0x08, 0x63, 0x08, 0x63, 0x08, 0x63, 0x08, 0x63, 0x08,
  0x63, 0x08, 0x63, 0x08, 0x83, 0x08, 0x63, 0x00, 0x42, 0x00, 0x88, 0x41, 0xB2, 0xA3, 0x55, 0xC4,
  0x14, 0xB4, 0x14, 0xB4, 0x14, 0xB4, 0x15, 0xB4, 0x35, 0xB4, 0x35, 0xB4, 0x35, 0xB4, 0x36, 0xB4,
  0x36, 0xB4, 0x36, 0xAC, 0x36, 0xAC, 0x36, 0xAC, 0x37, 0xAC, 0x37, 0xAC, 0x37, 0xAC, 0x37, 0xAC,
  0x38, 0xA4, 0x38, 0xA4, 0x38, 0xA4, 0x38, 0xA4, 0x58, 0xA4, 0x59, 0xA4, 0x59, 0xA4, 0x59, 0xA4,
  0x59, 0x9C, 0x59, 0x9C, 0x59, 0x9C, 0x59, 0x9C, 0x5A, 0x9C, 0x5A, 0x9C, 0x5A, 0x9C, 0x5A, 0x9C,
  0x5A, 0x9C, 0x5A, 0x9C, 0x5A, 0x94, 0x5A, 0x94, 0x5A, 0x94, 0x5A, 0x94, 0x5B, 0x94, 0x5B, 0x94,
  0x5B, 0x94, 0x5B, 0x94, 0x5B, 0x94, 0x5B, 0x94, 0x5B, 0x8C, 0x5B, 0x8C, 0x5B, 0x8C, 0x5B, 0x8C,
  0x5C, 0x8C, 0x5C, 0x8C, 0x5C, 0x8C, 0x5C, 0x8C, 0x5C, 0x8C, 0x5C, 0x8C, 0x5C, 0x84, 0x5C, 0x84,
  0x5C, 0x84, 0x5C, 0x84, 0x5D, 0x84, 0x7D, 0x84, 0x5C, 0x84, 0x9E, 0x84, 0x56, 0x63, 0x42, 0x00,
  0x83, 0x08, 0x63, 0x08, 0x63, 0x08, 0x63, 0x08, 0x63, 0x08, 0x63, 0x08, 0x63, 0x08, 0x63, 0x08,
  0x63, 0x08, 0x63, 0x08, 0x63, 0x08, 0x63, 0x08, 0x63, 0x08, 0x63, 0x08, 0x63, 0x08, 0x63, 0x08,
  0x63, 0x08, 0x63, 0x08, 0x63, 0x08, 0x63, 0x08, 0x63, 0x08, 0x63, 0x08, 0x63, 0x08, 0x63, 0x08,
  0x63, 0x08, 0x63, 0x08, 0x63, 0x08, 0x63, 0x08, 0x63, 0x08, 0x63, 0x08, 0x63, 0x08, 0x63, 0x08,
  0x63, 0x08, 0x63, 0x08, 0x63, 0x08, 0x63, 0x08, 0x63, 0x08, 0x63, 0x08, 0x63, 0x08, 0x63, 0x08,
  0x63, 0x08, 0x63, 0x08, 0x63, 0x08, 0x63, 0x08, 0x63, 0x08, 0x63, 0x08, 0x63, 0x08, 0x63, 0x08,
  0x63, 0x08, 0x63, 0x08, 0x63, 0x08, 0x63, 0x08, 0x63, 0x08, 0x63, 0x08, 0x63, 0x08, 0x63, 0x08,
  0x63, 0x08, 0x63, 0x08, 0x63, 0x08, 0x63, 0x08, 0x63, 0x08, 0x63, 0x08, 0x63, 0x08, 0x63, 0x08,
  0x63, 0x08, 0x63, 0x08, 0x63, 0x08, 0x63, 0x08, 0x63, 0x08, 0x63, 0x08, 0x63, 0x08, 0x63, 0x08,
  0x63, 0x08, 0x63, 0x08, 0x63, 0x08, 0x63, 0x08, 0x63, 0x08, 0x63, 0x08, 0x63, 0x08, 0x63, 0x08,
  0x63, 0x08, 0x63, 0x08, 0x63, 0x08, 0x63, 0x08, 0x63, 0x08, 0x63, 0x08, 0x63, 0x08, 0x63, 0x08,
  0x63, 0x08, 0x63, 0x08, 0x63, 0x08, 0x63, 0x08, 0x63, 0x08, 0x63, 0x08, 0x63, 0x08, 0x63, 0x08,
  0x63, 0x08, 0x63, 0x08, 0x63, 0x08, 0x63, 0x08, 0x63, 0x08, 0x63, 0x08, 0x63, 0x08, 0x63, 0x08,
  0x63, 0x08, 0x63, 0x08, 0x63, 0x08, 0x63, 0x08, 0x63, 0x08, 0x63, 0x08, 0x63, 0x08, 0x63, 0x08,
  0x63, 0x08, 0x63, 0x08, 0x63, 0x08, 0x63, 0x08, 0x63, 0x08, 0x63, 0x08, 0x63, 0x08, 0x63, 0x08,
  0x63, 0x08, 0x63, 0x08, 0x63, 0x08, 0x63, 0x08, 0x63, 0x08, 0x63, 0x08, 0x63, 0x08, 0x63, 0x08,
  0x63, 0x08, 0x63, 0x08, 0x63, 0x08, 0x63, 0x08, 0x63, 0x08, 0x83, 0x08, 0x83, 0x08, 0x43, 0x00,
  0x63, 0x00, 0x07, 0x62, 0xC7, 0x59, 0x43, 0x00, 0x83, 0x08, 0x63, 0x08, 0x63, 0x08, 0x63, 0x08,
  0x63, 0x08, 0x63, 0x08, 0x63, 0x08, 0x63, 0x08, 0x63, 0x08, 0x63, 0x08, 0x63, 0x08, 0x63, 0x08,
  0x63, 0x08, 0x63, 0x08, 0x63, 0x08, 0x63, 0x08, 0x63, 0x08, 0x63, 0x08, 0x63, 0x08, 0x63, 0x08,
  0x63, 0x08, 0x63, 0x08, 0x63, 0x08, 0x63, 0x08, 0x63, 0x08, 0x63, 0x08, 0x63, 0x08, 0x63, 0x08,
  0x83, 0x08, 0x83, 0x08, 0x22, 0x00, 0xC4, 0x18, 0xCD, 0x7A, 0x54, 0xC4, 0x34, 0xBC, 0x13, 0xB4,
  0x14, 0xBC, 0x14, 0xB4, 0x14, 0xB4, 0x15, 0xB4, 0x35, 0xB4, 0x35, 0xB4, 0x35, 0xB4, 0x36, 0xB4,
  0x36, 0xB4, 0x36, 0xAC, 0x36, 0xAC, 0x36, 0xAC, 0x37, 0xAC, 0x37, 0xAC, 0x37, 0xAC, 0x37, 0xAC,
  0x38, 0xA4, 0x38, 0xA4, 0x38, 0xA4, 0x38, 0xA4, 0x58, 0xA4, 0x59, 0xA4, 0x59, 0xA4, 0x59, 0xA4,
  0x59, 0x9C, 0x59, 0x9C, 0x59, 0x9C, 0x59, 0x9C, 0x5A, 0x9C, 0x5A, 0x9C, 0x5A, 0x9C, 0x5A, 0x9C,
  0x5A, 0x9C, 0x5A, 0x9C, 0x5A, 0x94, 0x5A, 0x94, 0x5A, 0x94, 0x5A, 0x94, 0x5B, 0x94, 0x5B, 0x94,
  0x5B, 0x94, 0x5B, 0x94, 0x5B, 0x94, 0x5B, 0x94, 0x5B, 0x8C, 0x5B, 0x8C, 0x5B, 0x8C, 0x5B, 0x8C,
  0x5C, 0x8C, 0x5C, 0x8C, 0x5C, 0x8C, 0x5C, 0x8C, 0x5C, 0x8C, 0x5C, 0x8C, 0x5C, 0x84, 0x5C, 0x84,
  0x5C, 0x84, 0x5C, 0x84, 0x5D, 0x84, 0x7D, 0x84, 0x5D, 0x84, 0x9E, 0x84, 0x6A, 0x29, 0x42, 0x00,
  0x83, 0x08, 0x63, 0x08, 0x63, 0x08, 0x63, 0x08, 0x63, 0x08, 0x63, 0x08, 0x63, 0x08, 0x63, 0x08,
  0x63, 0x08, 0x63, 0x08, 0x63, 0x08, 0x63, 0x08, 0x63, 0x08, 0x63, 0x08, 0x63, 0x08, 0x63, 0x08,
  0x63, 0x08, 0x63, 0x08, 0x63, 0x08, 0x63, 0x08, 0x63, 0x08, 0x63, 0x08, 0x63, 0x08, 0x63, 0x08,
  0x63, 0x08, 0x63, 0x08, 0x63, 0x08, 0x63, 0x08, 0x63, 0x08, 0x63, 0x08, 0x63, 0x08, 0x63, 0x08,
  0x63, 0x08, 0x63, 0x08, 0x63, 0x08, 0x63, 0x08, 0x63, 0x08, 0x63, 0x08, 0x63, 0x08, 0x63, 0x08,
  0x63, 0x08, 0x63, 0x08, 0x63, 0x08, 0x63, 0x08, 0x63, 0x08, 0x63, 0x08, 0x63, 0x08, 0x63, 0x08,
  0x63, 0x08, 0x63, 0x08, 0x63, 0x08, 0x63, 0x08, 0x63, 0x08, 0x63, 0x08, 0x63, 0x08, 0x63, 0x08,
  0x63, 0x08, 0x63, 0x08, 0x63, 0x08, 0x63, 0x08, 0x63, 0x08, 0x63, 0x08, 0x63, 0x08, 0x63, 0x08,
  0x63, 0x08, 0x63, 0x08, 0x63, 0x08, 0x63, 0x08, 0x63, 0x08, 0x63, 0x08, 0x63, 0x08, 0x63, 0x08,
  0x63, 0x08, 0x63, 0x08, 0x63, 0x08, 0x63, 0x08, 0x63, 0x08, 0x63, 0x08, 0x63, 0x08, 0x63, 0x08,
  0x63, 0x08, 0x63, 0x08, 0x63, 0x08, 0x63, 0x08, 0x63, 0x08, 0x63, 0x08, 0x63, 0x08, 0x63, 0x08,
  0x63, 0x08, 0x63, 0x08, 0x63, 0x08, 0x63, 0x08, 0x63, 0x08, 0x63, 0x08, 0x63, 0x08, 0x63, 0x08,
  0x63, 0x08, 0x63, 0x08, 0x63, 0x08, 0x63, 0x08, 0x63, 0x08, 0x63, 0x08, 0x63, 0x08, 0x63, 0x08,
  0x63, 0x08, 0x63, 0x08, 0x63, 0x08, 0x63, 0x08, 0x63, 0x08, 0x63, 0x08, 0x63, 0x08, 0x63, 0x08,
  0x63, 0x08, 0x63, 0x08, 0x63, 0x08, 0x63, 0x08, 0x63, 0x08, 0x63, 0x08, 0x63, 0x08, 0x63, 0x08,
  0x63, 0x08, 0x63, 0x08, 0x63, 0x08, 0x63, 0x08, 0x63, 0x08, 0x63, 0x08, 0x63, 0x08, 0x63, 0x08,
  0x63, 0x08, 0x63, 0x08, 0x63, 0x08, 0x83, 0x08, 0x83, 0x08, 0x43, 0x00, 0x43, 0x00, 0x65, 0x41,
  0x4A, 0xB3, 0xCB, 0xCB, 0xA4, 0x10, 0x63, 0x00, 0x83, 0x08, 0x63, 0x08, 0x63, 0x08, 0x63, 0x08,
  0x63, 0x08, 0x63, 0x08, 0x63, 0x08, 0x63, 0x08, 0x63, 0x08, 0x63, 0x08, 0x63, 0x08, 0x63, 0x08,
  0x63, 0x08, 0x63, 0x08, 0x63, 0x08, 0x63, 0x08, 0x63, 0x08, 0x63, 0x08, 0x63, 0x08, 0x63, 0x08,
  0x63, 0x08, 0x63, 0x08, 0x63, 0x08, 0x63, 0x08, 0x63, 0x08, 0x63, 0x08, 0x63, 0x08, 0x83, 0x08,
  0x63, 0x00, 0x42, 0x00, 0xA9, 0x49, 0xD2, 0xB3, 0x54, 0xCC, 0x13, 0xBC, 0x13, 0xBC, 0x14, 0xBC,
  0x14, 0xBC, 0x14, 0xB4, 0x14, 0xB4, 0x15, 0xB4, 0x35, 0xB4, 0x35, 0xB4, 0x35, 0xB4, 0x36, 0xB4,
  0x36, 0xB4, 0x36, 0xAC, 0x36, 0xAC, 0x36, 0xAC, 0x37, 0xAC, 0x37, 0xAC, 0x37, 0xAC, 0x37, 0xAC,
  0x38, 0xA4, 0x38, 0xA4, 0x38, 0xA4, 0x38, 0xA4, 0x58, 0xA4, 0x59, 0xA4, 0x59, 0xA4, 0x59, 0xA4,
  0x59, 0x9C, 0x59, 0x9C, 0x59, 0x9C, 0x59, 0x9C, 0x5A, 0x9C, 0x5A, 0x9C, 0x5A, 0x9C, 0x5A, 0x9C,
  0x5A, 0x9C, 0x5A, 0x9C, 0x5A, 0x94, 0x5A, 0x94, 0x5A, 0x94, 0x5A, 0x94, 0x5B, 0x94, 0x5B, 0x94,
  0x5B, 0x94, 0x5B, 0x94, 0x5B, 0x94, 0x5B, 0x94, 0x5B, 0x8C, 0x5B, 0x8C, 0x5B, 0x8C, 0x5B, 0x8C,
  0x5C, 0x8C, 0x5C, 0x8C, 0x5C, 0x8C, 0x5C, 0x8C, 0x5C, 0x8C, 0x5C, 0x8C, 0x5C, 0x84, 0x5C, 0x84,
  0x5C, 0x84, 0x5C, 0x84, 0x5D, 0x84, 0x5C, 0x84, 0x9E, 0x8C, 0x76, 0x63, 0x42, 0x00, 0x83, 0x08,
  0x63, 0x08, 0x63, 0x08, 0x63, 0x08, 0x63, 0x08, 0x63, 0x08, 0x63, 0x08, 0x63, 0x08, 0x63, 0x08,
  0x63, 0x08, 0x63, 0x08, 0x63, 0x08, 0x63, 0x08, 0x63, 0x08, 0x63, 0x08, 0x63, 0x08, 0x63, 0x08,
  0x63, 0x08, 0x63, 0x08, 0x63, 0x08, 0x63, 0x08, 0x63, 0x08, 0x63, 0x08, 0x63, 0x08, 0x63, 0x08,
  0x63, 0x08, 0x63, 0x08, 0x63, 0x08, 0x63, 0x08, 0x63, 0x08, 0x63, 0x08, 0x63, 0x08, 0x63, 0x08,
  0x63, 0x08, 0x63, 0x08, 0x63, 0x08, 0x63, 0x08, 0x63, 0x08, 0x63, 0x08, 0x63, 0x08, 0x63, 0x08,
  0x63, 0x08, 0x63, 0x08, 0x63, 0x08, 0x63, 0x08, 0x63, 0x08, 0x63, 0x08, 0x63, 0x08, 0x63, 0x08,
  0x63, 0x08, 0x63, 0x08, 0x63, 0x08, 0x63, 0x08, 0x63, 0x08, 0x63, 0x08, 0x63, 0x08, 0x63, 0x08,
  0x63, 0x08, 0x63, 0x08, 0x63, 0x08, 0x63, 0x08, 0x63, 0x08, 0x63, 0x08, 0x63, 0x08, 0x63, 0x08,
  0x63, 0x08, 0x63, 0x08, 0x63, 0x08, 0x63, 0x08, 0x63, 0x08, 0x63, 0x08, 0x63, 0x08, 0x63, 0x08,
  0x63, 0x08, 0x63, 0x08, 0x63, 0x08, 0x63, 0x08, 0x63, 0x08, 0x63, 0x08, 0x63, 0x08, 0x63, 0x08,
  0x63, 0x08, 0x63, 0x08, 0x63, 0x08, 0x63, 0x08, 0x63, 0x08, 0x63, 0x08, 0x63, 0x08, 0x63, 0x08,
  0x63, 0x08, 0x63, 0x08, 0x63, 0x08, 0x63, 0x08, 0x63, 0x08, 0x63, 0x08, 0x63, 0x08, 0x63, 0x08,
  0x63, 0x08, 0x63, 0x08, 0x63, 0x08, 0x63, 0x08, 0x63, 0x08, 0x63, 0x08, 0x63, 0x08, 0x63, 0x08,
  0x63, 0x08, 0x63, 0x08, 0x63, 0x08, 0x63, 0x08, 0x63, 0x08, 0x63, 0x08, 0x63, 0x08, 0x63, 0x08,
  0x63, 0x08, 0x63, 0x08, 0x63, 0x08, 0x63, 0x08, 0x63, 0x08, 0x63, 0x08, 0x63, 0x08, 0x63, 0x08,
  0x63, 0x08, 0x63, 0x08, 0x63, 0x08, 0x63, 0x08, 0x63, 0x08, 0x63, 0x08, 0x63, 0x08, 0x63, 0x08,
  0x63, 0x08, 0x63, 0x08, 0x83, 0x08, 0x63, 0x00, 0x43, 0x00, 0x05, 0x31, 0xE9, 0x9A, 0x0C, 0xDC,
  0x4D, 0xEC, 0xA6, 0x51, 0x22, 0x00, 0x83, 0x08, 0x63, 0x08, 0x63, 0x08, 0x63, 0x08, 0x63, 0x08,
  0x63, 0x08, 0x63, 0x08, 0x63, 0x08, 0x63, 0x08, 0x63, 0x08, 0x63, 0x08, 0x63, 0x08, 0x63, 0x08,
  0x63, 0x08, 0x63, 0x08, 0x63, 0x08, 0x63, 0x08, 0x63, 0x08, 0x63, 0x08, 0x63, 0x08, 0x63, 0x08,
  0x63, 0x08, 0x63, 0x08, 0x63, 0x08, 0x63, 0x08, 0x63, 0x08, 0x83, 0x08, 0x83, 0x08, 0x22, 0x00,
  0xC5, 0x18, 0xEE, 0x82, 0x54, 0xCC, 0x13, 0xC4, 0x13, 0xBC, 0x13, 0xBC, 0x14, 0xBC, 0x14, 0xBC,
  0x14, 0xBC, 0x14, 0xB4, 0x14, 0xB4, 0x15, 0xB4, 0x35, 0xB4, 0x35, 0xB4, 0x35, 0xB4, 0x36, 0xB4,
  0x36, 0xB4, 0x36, 0xAC, 0x36, 0xAC, 0x36, 0xAC, 0x37, 0xAC, 0x37, 0xAC, 0x37, 0xAC, 0x37, 0xAC,
  0x38, 0xA4, 0x38, 0xA4, 0x38, 0xA4, 0x38, 0xA4, 0x58, 0xA4, 0x59, 0xA4, 0x59, 0xA4, 0x59, 0xA4,
  0x59, 0x9C, 0x59, 0x9C, 0x59, 0x9C, 0x59, 0x9C, 0x5A, 0x9C, 0x5A, 0x9C, 0x5A, 0x9C, 0x5A, 0x9C,
  0x5A, 0x9C, 0x5A, 0x9C, 0x5A, 0x94, 0x5A, 0x94, 0x5A, 0x94, 0x5A, 0x94, 0x5B, 0x94, 0x5B, 0x94,
  0x5B, 0x94, 0x5B, 0x94, 0x5B, 0x94, 0x5B, 0x94, 0x5B, 0x8C, 0x5B, 0x8C, 0x5B, 0x8C, 0x5B, 0x8C,
  0x5C, 0x8C, 0x5C, 0x8C, 0x5C, 0x8C, 0x5C, 0x8C, 0x5C, 0x8C, 0x5C, 0x8C, 0x5C, 0x84, 0x5C, 0x84,
  0x5C, 0x84, 0x5C, 0x84, 0x5D, 0x84, 0x5C, 0x84, 0x9E, 0x84, 0x8A, 0x29, 0x42, 0x00, 0x83, 0x08,
  0x63, 0x08, 0x63, 0x08, 0x63, 0x08, 0x63, 0x08, 0x63, 0x08, 0x63, 0x08, 0x63, 0x08, 0x63, 0x08,
  0x63, 0x08, 0x63, 0x08, 0x63, 0x08, 0x63, 0x08, 0x63, 0x08, 0x63, 0x08, 0x63, 0x08, 0x63, 0x08,
  0x63, 0x08, 0x63, 0x08, 0x63, 0x08, 0x63, 0x08, 0x63, 0x08, 0x63, 0x08, 0x63, 0x08, 0x63, 0x08,
  0x63, 0x08, 0x63, 0x08, 0x63, 0x08, 0x63, 0x08, 0x63, 0x08, 0x63, 0x08, 0x63, 0x08, 0x63, 0x08,
  0x63, 0x08, 0x63, 0x08, 0x63, 0x08, 0x63, 0x08, 0x63, 0x08, 0x63, 0x08, 0x63, 0x08, 0x63, 0x08,
  0x63, 0x08, 0x63, 0x08, 0x63, 0x08, 0x63, 0x08, 0x63, 0x08, 0x63, 0x08, 0x63, 0x08, 0x63, 0x08,
  0x63, 0x08, 0x63, 0x08, 0x63, 0x08, 0x63, 0x08, 0x63, 0x08, 0x63, 0x08, 0x63, 0x08, 0x63, 0x08,
  0x63, 0x08, 0x63, 0x08, 0x63, 0x08, 0x63, 0x08, 0x63, 0x08, 0x63, 0x08, 0x63, 0x08, 0x63, 0x08,
  0x63, 0x08, 0x63, 0x08, 0x63, 0x08, 0x63, 0x08, 0x63, 0x08, 0x63, 0x08, 0x63, 0x08, 0x63, 0x08,
  0x63, 0x08, 0x63, 0x08, 0x63, 0x08, 0x63, 0x08, 0x63, 0x08, 0x63, 0x08, 0x63, 0x08, 0x63, 0x08,
  0x63, 0x08, 0x63, 0x08, 0x63, 0x08, 0x63, 0x08, 0x63, 0x08, 0x63, 0x08, 0x63, 0x08, 0x63, 0x08,
  0x63, 0x08, 0x63, 0x08, 0x63, 0x08, 0x63, 0x08, 0x63, 0x08, 0x63, 0x08, 0x63, 0x08, 0x63, 0x08,
  0x63, 0x08, 0x63, 0x08, 0x63, 0x08, 0x63, 0x08, 0x63, 0x08, 0x63, 0x08, 0x63, 0x08, 0x63, 0x08,
  0x63, 0x08, 0x63, 0x08, 0x63, 0x08, 0x63, 0x08, 0x63, 0x08, 0x63, 0x08, 0x63, 0x08, 0x63, 0x08,
  0x63, 0x08, 0x63, 0x08, 0x63, 0x08, 0x63, 0x08, 0x63, 0x08, 0x63, 0x08, 0x63, 0x08, 0x63, 0x08,
  0x63, 0x08, 0x63, 0x08, 0x63, 0x08, 0x63, 0x08, 0x63, 0x08, 0x63, 0x08, 0x63, 0x08, 0x63, 0x08,
  0x83, 0x08, 0x63, 0x08, 0x22, 0x00, 0xC4, 0x20, 0x88, 0x82, 0xEB, 0xD3, 0x0C, 0xDC, 0x0C, 0xDC,
  0x2A, 0xAB, 0x63, 0x08, 0x63, 0x08, 0x63, 0x08, 0x63, 0x08, 0x63, 0x08, 0x63, 0x08, 0x63, 0x08,
  0x63, 0x08, 0x63, 0x08, 0x63, 0x08, 0x63, 0x08, 0x63, 0x08, 0x63, 0x08, 0x63, 0x08, 0x63, 0x08,
  0x63, 0x08, 0x63, 0x08, 0x63, 0x08, 0x63, 0x08, 0x63, 0x08, 0x63, 0x08, 0x63, 0x08, 0x63, 0x08,
  0x63, 0x08, 0x63, 0x08, 0x63, 0x08, 0x63, 0x08, 0x83, 0x08, 0x63, 0x00, 0x42, 0x00, 0xC9, 0x49,
  0xD1, 0xB3, 0x53, 0xCC, 0x12, 0xBC, 0x13, 0xBC, 0x13, 0xBC, 0x13, 0xBC, 0x14, 0xBC, 0x14, 0xBC,
  0x14, 0xBC, 0x14, 0xB4, 0x14, 0xB4, 0x15, 0xB4, 0x35, 0xB4, 0x35, 0xB4, 0x35, 0xB4, 0x36, 0xB4,
  0x36, 0xB4, 0x36, 0xAC, 0x36, 0xAC, 0x36, 0xAC, 0x37, 0xAC, 0x37, 0xAC, 0x37, 0xAC, 0x37, 0xAC,
  0x38, 0xA4, 0x38, 0xA4, 0x38, 0xA4, 0x38, 0xA4, 0x58, 0xA4, 0x59, 0xA4, 0x59, 0xA4, 0x59, 0xA4,
  0x59, 0x9C, 0x59, 0x9C, 0x59, 0x9C, 0x59, 0x9C, 0x5A, 0x9C, 0x5A, 0x9C, 0x5A, 0x9C, 0x5A, 0x9C,
  0x5A, 0x9C, 0x5A, 0x9C, 0x5A, 0x94, 0x5A, 0x94, 0x5A, 0x94, 0x5A, 0x94, 0x5B, 0x94, 0x5B, 0x94,
  0x5B, 0x94, 0x5B, 0x94, 0x5B, 0x94, 0x5B, 0x94, 0x5B, 0x8C, 0x5B, 0x8C, 0x5B, 0x8C, 0x5B, 0x8C,
  0x5C, 0x8C, 0x5C, 0x8C, 0x5C, 0x8C, 0x5C, 0x8C, 0x5C, 0x8C, 0x5C, 0x8C, 0x5C, 0x84, 0x5C, 0x84,
  0x5C, 0x84, 0x5C, 0x84, 0x5C, 0x84, 0x9E, 0x8C, 0x76, 0x63, 0x42, 0x00, 0x83, 0x08, 0x63, 0x08,
  0x63, 0x08, 0x63, 0x08, 0x63, 0x08, 0x63, 0x08, 0x63, 0x08, 0x63, 0x08, 0x63, 0x08, 0x63, 0x08,
  0x63, 0x08, 0x63, 0x08, 0x63, 0x08, 0x63, 0x08, 0x63, 0x08, 0x63, 0x08, 0x63, 0x08, 0x63, 0x08,
  0x63, 0x08, 0x63, 0x08, 0x63, 0x08, 0x63, 0x08, 0x63, 0x08, 0x63, 0x08, 0x63, 0x08, 0x63, 0x08,
  0x63, 0x08, 0x63, 0x08, 0x63, 0x08, 0x63, 0x08, 0x63, 0x08, 0x63, 0x08, 0x63, 0x08, 0x63, 0x08,
  0x63, 0x08, 0x63, 0x08, 0x63, 0x08, 0x63, 0x08, 0x63, 0x08, 0x63, 0x08, 0x63, 0x08, 0x63, 0x08,
  0x63, 0x08, 0x63, 0x08, 0x63, 0x08, 0x63, 0x08, 0x63, 0x08, 0x63, 0x08, 0x63, 0x08, 0x63, 0x08,
  0x63, 0x08, 0x63, 0x08, 0x63, 0x08, 0x63, 0x08, 0x63, 0x08, 0x63, 0x08, 0x63, 0x08, 0x63, 0x08,
  0x63, 0x08, 0x63, 0x08, 0x63, 0x08, 0x63, 0x08, 0x63, 0x08, 0x63, 0x08, 0x63, 0x08, 0x63, 0x08,
  0x63, 0x08, 0x63, 0x08, 0x63, 0x08, 0x63, 0x08, 0x63, 0x08, 0x63, 0x08, 0x63, 0x08, 0x63, 0x08,
  0x63, 0x08, 0x63, 0x08, 0x63, 0x08, 0x63, 0x08, 0x63, 0x08, 0x63, 0x08, 0x63, 0x08, 0x63, 0x08,
  0x63, 0x08, 0x63, 0x08, 0x63, 0x08, 0x63, 0x08, 0x63, 0x08, 0x63, 0x08, 0x63, 0x08, 0x63, 0x08,
  0x63, 0x08, 0x63, 0x08, 0x63, 0x08, 0x63, 0x08, 0x63, 0x08, 0x63, 0x08, 0x63, 0x08, 0x63, 0x08,
  0x63, 0x08, 0x63, 0x08, 0x63, 0x08, 0x63, 0x08, 0x63, 0x08, 0x63, 0x08, 0x63, 0x08, 0x63, 0x08,
  0x63, 0x08, 0x63, 0x08, 0x63, 0x08, 0x63, 0x08, 0x63, 0x08, 0x63, 0x08, 0x63, 0x08, 0x63, 0x08,
  0x63, 0x08, 0x63, 0x08, 0x63, 0x08, 0x63, 0x08, 0x63, 0x08, 0x63, 0x08, 0x63, 0x08, 0x63, 0x08,
  0x63, 0x08, 0x63, 0x08, 0x63, 0x08, 0x63, 0x08, 0x63, 0x08, 0x63, 0x08, 0x83, 0x08, 0x63, 0x08,
  0x23, 0x00, 0x83, 0x10, 0x27, 0x6A, 0xCB, 0xCB, 0x2C, 0xE4, 0xEB, 0xD3, 0xCB, 0xCB, 0x0C, 0xDC,
  0x65, 0x41, 0x43, 0x00, 0x83, 0x08, 0x63, 0x08, 0x63, 0x08, 0x63, 0x08, 0x63, 0x08, 0x63, 0x08,
  0x63, 0x08, 0x63, 0x08, 0x63, 0x08, 0x63, 0x08, 0x63, 0x08, 0x63, 0x08, 0x63, 0x08, 0x63, 0x08,
  0x63, 0x08, 0x63, 0x08, 0x63, 0x08, 0x63, 0x08, 0x63, 0x08, 0x63, 0x08, 0x63, 0x08, 0x63, 0x08,
  0x63, 0x08, 0x63, 0x08, 0x83, 0x08, 0x83, 0x08, 0x22, 0x00, 0xC4, 0x18, 0xED, 0x8A, 0x53, 0xCC,
  0x12, 0xC4, 0xF2, 0xBB, 0x13, 0xBC, 0x13, 0xBC, 0x13, 0xBC, 0x13, 0xBC, 0x14, 0xBC, 0x14, 0xBC,
  0x14, 0xBC, 0x14, 0xB4, 0x14, 0xB4, 0x15, 0xB4, 0x35, 0xB4, 0x35, 0xB4, 0x35, 0xB4, 0x36, 0xB4,
  0x36, 0xB4, 0x36, 0xAC, 0x36, 0xAC, 0x36, 0xAC, 0x37, 0xAC, 0x37, 0xAC, 0x37, 0xAC, 0x37, 0xAC,
  0x38, 0xA4, 0x38, 0xA4, 0x38, 0xA4, 0x38, 0xA4, 0x58, 0xA4, 0x59, 0xA4, 0x59, 0xA4, 0x59, 0xA4,
  0x59, 0x9C, 0x59, 0x9C, 0x59, 0x9C, 0x59, 0x9C, 0x5A, 0x9C, 0x5A, 0x9C, 0x5A, 0x9C, 0x5A, 0x9C,
  0x5A, 0x9C, 0x5A, 0x9C, 0x5A, 0x94, 0x5A, 0x94, 0x5A, 0x94, 0x5A, 0x94, 0x5B, 0x94, 0x5B, 0x94,
  0x5B, 0x94, 0x5B, 0x94, 0x5B, 0x94, 0x5B, 0x94, 0x5B, 0x8C, 0x5B, 0x8C, 0x5B, 0x8C, 0x5B, 0x8C,
  0x5C, 0x8C, 0x5C, 0x8C, 0x5C, 0x8C, 0x5C, 0x8C, 0x5C, 0x8C, 0x5C, 0x8C, 0x5C, 0x84, 0x5C, 0x84,
  0x5C, 0x84, 0x5C, 0x84, 0x5C, 0x84, 0x9E, 0x84, 0x8A, 0x29, 0x42, 0x00, 0x83, 0x08, 0x63, 0x08,
  0x63, 0x08, 0x63, 0x08, 0x63, 0x08, 0x63, 0x08, 0x63, 0x08, 0x63, 0x08, 0x63, 0x08, 0x63, 0x08,
  0x63, 0x08, 0x63, 0x08, 0x63, 0x08, 0x63, 0x08, 0x63, 0x08, 0x63, 0x08, 0x63, 0x08, 0x63, 0x08,
  0x63, 0x08, 0x63, 0x08, 0x63, 0x08, 0x63, 0x08, 0x63, 0x08, 0x63, 0x08, 0x63, 0x08, 0x63, 0x08,
  0x63, 0x08, 0x63, 0x08, 0x63, 0x08, 0x63, 0x08, 0x63, 0x08, 0x63, 0x08, 0x63, 0x08, 0x63, 0x08,
  0x63, 0x08, 0x63, 0x08, 0x63, 0x08, 0x63, 0x08, 0x63, 0x08, 0x63, 0x08, 0x63, 0x08, 0x63, 0x08,
  0x63, 0x08, 0x63, 0x08, 0x63, 0x08, 0x63, 0x08, 0x63, 0x08, 0x63, 0x08, 0x63, 0x08, 0x63, 0x08,
  0x63, 0x08, 0x63, 0x08, 0x63, 0x08, 0x63, 0x08, 0x63, 0x08, 0x63, 0x08, 0x63, 0x08, 0x63, 0x08,
  0x63, 0x08, 0x63, 0x08, 0x63, 0x08, 0x63, 0x08, 0x63, 0x08, 0x63, 0x08, 0x63, 0x08, 0x63, 0x08,
  0x63, 0x08, 0x63, 0x08, 0x63, 0x08, 0x63, 0x08, 0x63, 0x08, 0x63, 0x08, 0x63, 0x08, 0x63, 0x08,
  0x63, 0x08, 0x63, 0x08, 0x63, 0x08, 0x63, 0x08, 0x63, 0x08, 0x63, 0x08, 0x63, 0x08, 0x63, 0x08,
  0x63, 0x08, 0x63, 0x08, 0x63, 0x08, 0x63, 0x08, 0x63, 0x08, 0x63, 0x08, 0x63, 0x08, 0x63, 0x08,
  0x63, 0x08, 0x63, 0x08, 0x63, 0x08, 0x63, 0x08, 0x63, 0x08, 0x63, 0x08, 0x63, 0x08, 0x63, 0x08,
  0x63, 0x08, 0x63, 0x08, 0x63, 0x08, 0x63, 0x08, 0x63, 0x08, 0x63, 0x08, 0x63, 0x08, 0x63, 0x08,
  0x63, 0x08, 0x63, 0x08, 0x63, 0x08, 0x63, 0x08, 0x63, 0x08, 0x63, 0x08, 0x63, 0x08, 0x63, 0x08,
  0x63, 0x08, 0x63, 0x08, 0x63, 0x08, 0x63, 0x08, 0x63, 0x08, 0x63, 0x08, 0x63, 0x08, 0x63, 0x08,
  0x63, 0x08, 0x63, 0x08, 0x63, 0x08, 0x63, 0x08, 0x83, 0x08, 0x83, 0x08, 0x43, 0x00, 0x63, 0x08,
  0xC6, 0x59, 0x8A, 0xBB, 0x2B, 0xE4, 0xEB, 0xD3, 0xCB, 0xD3, 0xCB, 0xD3, 0x0C, 0xE4, 0xE9, 0x9A,
  0x43, 0x00, 0x83, 0x08, 0x63, 0x08, 0x63, 0x08, 0x63, 0x08, 0x63, 0x08, 0x63, 0x08, 0x63, 0x08,
  0x63, 0x08, 0x63, 0x08, 0x63, 0x08, 0x63, 0x08, 0x63, 0x08, 0x63, 0x08, 0x63, 0x08, 0x63, 0x08,
  0x63, 0x08, 0x63, 0x08, 0x63, 0x08, 0x63, 0x08, 0x63, 0x08, 0x63, 0x08, 0x63, 0x08, 0x63, 0x08,
  0x63, 0x08, 0x83, 0x08, 0x63, 0x00, 0x42, 0x00, 0xA8, 0x49, 0xD1, 0xBB, 0x33, 0xCC, 0xF2, 0xBB,
  0x12, 0xBC, 0x12, 0xBC, 0x13, 0xBC, 0x13, 0xBC, 0x13, 0xBC, 0x13, 0xBC, 0x14, 0xBC, 0x14, 0xBC,
  0x14, 0xBC, 0x14, 0xB4, 0x14, 0xB4, 0x15, 0xB4, 0x35, 0xB4, 0x35, 0xB4, 0x35, 0xB4, 0x36, 0xB4,
  0x36, 0xB4, 0x36, 0xAC, 0x36, 0xAC, 0x36, 0xAC, 0x37, 0xAC, 0x37, 0xAC, 0x37, 0xAC, 0x37, 0xAC,
  0x38, 0xA4, 0x38, 0xA4, 0x38, 0xA4, 0x38, 0xA4, 0x58, 0xA4, 0x59, 0xA4, 0x59, 0xA4, 0x59, 0xA4,
  0x59, 0x9C, 0x59, 0x9C, 0x59, 0x9C, 0x59, 0x9C, 0x5A, 0x9C, 0x5A, 0x9C, 0x5A, 0x9C, 0x5A, 0x9C,
  0x5A, 0x9C, 0x5A, 0x9C, 0x5A, 0x94, 0x5A, 0x94, 0x5A, 0x94, 0x5A, 0x94, 0x5B, 0x94, 0x5B, 0x94,
  0x5B, 0x94, 0x5B, 0x94, 0x5B, 0x94, 0x5B, 0x94, 0x5B, 0x8C, 0x5B, 0x8C, 0x5B, 0x8C, 0x5B, 0x8C,
  0x5C, 0x8C, 0x5C, 0x8C, 0x5C, 0x8C, 0x5C, 0x8C, 0x5C, 0x8C, 0x5C, 0x8C, 0x5C, 0x84, 0x5C, 0x84,
  0x5C, 0x84, 0x5C, 0x84, 0x9E, 0x8C, 0x76, 0x63, 0x42, 0x00, 0x83, 0x08, 0x63, 0x08, 0x63, 0x08,
  0x63, 0x08, 0x63, 0x08, 0x63, 0x08, 0x63, 0x08, 0x63, 0x08, 0x63, 0x08, 0x63, 0x08, 0x63, 0x08,
  0x63, 0x08, 0x63, 0x08, 0x63, 0x08, 0x63, 0x08, 0x63, 0x08, 0x63, 0x08, 0x63, 0x08, 0x63, 0x08,
  0x63, 0x08, 0x63, 0x08, 0x63, 0x08, 0x63, 0x08, 0x63, 0x08, 0x63, 0x08, 0x63, 0x08, 0x63, 0x08,
  0x63, 0x08, 0x63, 0x08, 0x63, 0x08, 0x63, 0x08, 0x63, 0x08, 0x63, 0x08, 0x63, 0x08, 0x63, 0x08,
  0x63, 0x08, 0x63, 0x08, 0x63, 0x08, 0x63, 0x08, 0x63, 0x08, 0x63, 0x08, 0x63, 0x08, 0x63, 0x08,
  0x63, 0x08, 0x63, 0x08, 0x63, 0x08, 0x63, 0x08, 0x63, 0x08, 0x63, 0x08, 0x63, 0x08, 0x63, 0x08,
  0x63, 0x08, 0x63, 0x08, 0x63, 0x08, 0x63, 0x08, 0x63, 0x08, 0x63, 0x08, 0x63, 0x08, 0x63, 0x08,
  0x63, 0x08, 0x63, 0x08, 0x63, 0x08, 0x63, 0x08, 0x63, 0x08, 0x63, 0x08, 0x63, 0x08, 0x63, 0x08,
  0x63, 0x08, 0x63, 0x08, 0x63, 0x08, 0x63, 0x08, 0x63, 0x08, 0x63, 0x08, 0x63, 0x08, 0x63, 0x08,
  0x63, 0x08, 0x63, 0x08, 0x63, 0x08, 0x63, 0x08, 0x63, 0x08, 0x63, 0x08, 0x63, 0x08, 0x63, 0x08,
  0x63, 0x08, 0x63, 0x08, 0x63, 0x08, 0x63, 0x08, 0x63, 0x08, 0x63, 0x08, 0x63, 0x08, 0x63, 0x08,
  0x63, 0x08, 0x63, 0x08, 0x63, 0x08, 0x63, 0x08, 0x63, 0x08, 0x63, 0x08, 0x63, 0x08, 0x63, 0x08,
  0x63, 0x08, 0x63, 0x08, 0x63, 0x08, 0x63, 0x08, 0x63, 0x08, 0x63, 0x08, 0x63, 0x08, 0x63, 0x08,
  0x63, 0x08, 0x63, 0x08, 0x63, 0x08, 0x63, 0x08, 0x63, 0x08, 0x63, 0x08, 0x63, 0x08, 0x63, 0x08,
  0x63, 0x08, 0x63, 0x08, 0x63, 0x08, 0x63, 0x08, 0x63, 0x08, 0x63, 0x08, 0x63, 0x08, 0x63, 0x08,
  0x63, 0x08, 0x63, 0x08, 0x83, 0x08, 0x83, 0x08, 0x43, 0x00, 0x43, 0x00, 0x65, 0x41, 0x49, 0xAB,
  0x2B, 0xE4, 0x0B, 0xDC, 0xCB, 0xD3, 0xEB, 0xD3, 0xEB, 0xD3, 0xEB, 0xD3, 0xEC, 0xD3, 0x05, 0x29,
  0x43, 0x00, 0x83, 0x08, 0x63, 0x08, 0x63, 0x08, 0x63, 0x08, 0x63, 0x08, 0x63, 0x08, 0x63, 0x08,
  0x63, 0x08, 0x63, 0x08, 0x63, 0x08, 0x63, 0x08, 0x63, 0x08, 0x63, 0x08, 0x63, 0x08, 0x63, 0x08,
  0x63, 0x08, 0x63, 0x08, 0x63, 0x08, 0x63, 0x08, 0x63, 0x08, 0x63, 0x08, 0x63, 0x08, 0x83, 0x08,
  0x83, 0x08, 0x42, 0x00, 0xA4, 0x10, 0xCC, 0x82, 0x32, 0xD4, 0x12, 0xC4, 0xF1, 0xC3, 0x12, 0xC4,
  0x12, 0xC4, 0x12, 0xBC, 0x13, 0xBC, 0x13, 0xBC, 0x13, 0xBC, 0x13, 0xBC, 0x14, 0xBC, 0x14, 0xBC,
  0x14, 0xBC, 0x14, 0xB4, 0x14, 0xB4, 0x15, 0xB4, 0x35, 0xB4, 0x35, 0xB4, 0x35, 0xB4, 0x36, 0xB4,
  0x36, 0xB4, 0x36, 0xAC, 0x36, 0xAC, 0x36, 0xAC, 0x37, 0xAC, 0x37, 0xAC, 0x37, 0xAC, 0x37, 0xAC,
  0x38, 0xA4, 0x38, 0xA4, 0x38, 0xA4, 0x38, 0xA4, 0x58, 0xA4, 0x59, 0xA4, 0x59, 0xA4, 0x59, 0xA4,
  0x59, 0x9C, 0x59, 0x9C, 0x59, 0x9C, 0x59, 0x9C, 0x5A, 0x9C, 0x5A, 0x9C, 0x5A, 0x9C, 0x5A, 0x9C,
  0x5A, 0x9C, 0x5A, 0x9C, 0x5A, 0x94, 0x5A, 0x94, 0x5A, 0x94, 0x5A, 0x94, 0x5B, 0x94, 0x5B, 0x94,
  0x5B, 0x94, 0x5B, 0x94, 0x5B, 0x94, 0x5B, 0x94, 0x5B, 0x8C, 0x5B, 0x8C, 0x5B, 0x8C, 0x5B, 0x8C,
  0x5C, 0x8C, 0x5C, 0x8C, 0x5C, 0x8C, 0x5C, 0x8C, 0x5C, 0x8C, 0x5C, 0x8C, 0x5C, 0x84, 0x5C, 0x84,
  0x5C, 0x84, 0x5C, 0x84, 0x9E, 0x8C, 0x6A, 0x29, 0x42, 0x00, 0x83, 0x08, 0x63, 0x08, 0x63, 0x08,
  0x63, 0x08, 0x63, 0x08, 0x63, 0x08, 0x63, 0x08, 0x63, 0x08, 0x63, 0x08, 0x63, 0x08, 0x63, 0x08,
  0x63, 0x08, 0x63, 0x08, 0x63, 0x08, 0x63, 0x08, 0x63, 0x08, 0x63, 0x08, 0x63, 0x08, 0x63, 0x08,
  0x63, 0x08, 0x63, 0x08, 0x63, 0x08, 0x63, 0x08, 0x63, 0x08, 0x63, 0x08, 0x63, 0x08, 0x63, 0x08,
  0x63, 0x08, 0x63, 0x08, 0x63, 0x08, 0x63, 0x08, 0x63, 0x08, 0x63, 0x08, 0x63, 0x08, 0x63, 0x08,
  0x63, 0x08, 0x63, 0x08, 0x63, 0x08, 0x63, 0x08, 0x63, 0x08, 0x63, 0x08, 0x63, 0x08, 0x63, 0x08,
  0x63, 0x08, 0x63, 0x08, 0x63, 0x08, 0x63, 0x08, 0x63, 0x08, 0x63, 0x08, 0x63, 0x08, 0x63, 0x08,
  0x63, 0x08, 0x63, 0x08, 0x63, 0x08, 0x63, 0x08, 0x63, 0x08, 0x63, 0x08, 0x63, 0x08, 0x63, 0x08,
  0x63, 0x08, 0x63, 0x08, 0x63, 0x08, 0x63, 0x08, 0x63, 0x08, 0x63, 0x08, 0x63, 0x08, 0x63, 0x08,
  0x63, 0x08, 0x63, 0x08, 0x63, 0x08, 0x63, 0x08, 0x63, 0x08, 0x63, 0x08, 0x63, 0x08, 0x63, 0x08,
  0x63, 0x08, 0x63, 0x08, 0x63, 0x08, 0x63, 0x08, 0x63, 0x08, 0x63, 0x08, 0x63, 0x08, 0x63, 0x08,
  0x63, 0x08, 0x63, 0x08, 0x63, 0x08, 0x63, 0x08, 0x63, 0x08, 0x63, 0x08, 0x63, 0x08, 0x63, 0x08,
  0x63, 0x08, 0x63, 0x08, 0x63, 0x08, 0x63, 0x08, 0x63, 0x08, 0x63, 0x08, 0x63, 0x08, 0x63, 0x08,
  0x63, 0x08, 0x63, 0x08, 0x63, 0x08, 0x63, 0x08, 0x63, 0x08, 0x63, 0x08, 0x63, 0x08, 0x63, 0x08,
  0x63, 0x08, 0x63, 0x08, 0x63, 0x08, 0x63, 0x08, 0x63, 0x08, 0x63, 0x08, 0x63, 0x08, 0x63, 0x08,
  0x63, 0x08, 0x63, 0x08, 0x63, 0x08, 0x63, 0x08, 0x63, 0x08, 0x63, 0x08, 0x63, 0x08, 0x63, 0x08,
  0x63, 0x08, 0x83, 0x08, 0x63, 0x00, 0x43, 0x00, 0x04, 0x31, 0xE8, 0x9A, 0x0A, 0xDC, 0x0B, 0xDC,
  0xCA, 0xD3, 0xEB, 0xD3, 0xEB, 0xD3, 0xEB, 0xD3, 0xCB, 0xD3, 0x2C, 0xE4, 0x88, 0x82, 0x42, 0x00,
  0x83, 0x08, 0x63, 0x08, 0x63, 0x08, 0x63, 0x08, 0x63, 0x08, 0x63, 0x08, 0x63, 0x08, 0x63, 0x08,
  0x63, 0x08, 0x63, 0x08, 0x63, 0x08, 0x63, 0x08, 0x63, 0x08, 0x63, 0x08, 0x63, 0x08, 0x63, 0x08,
  0x63, 0x08, 0x63, 0x08, 0x63, 0x08, 0x63, 0x08, 0x63, 0x08, 0x63, 0x08, 0x83, 0x08, 0x63, 0x08,
  0x22, 0x00, 0x87, 0x41, 0xB0, 0xB3, 0x32, 0xD4, 0xF1, 0xC3, 0xF1, 0xC3, 0x12, 0xC4, 0x12, 0xC4,
  0x12, 0xC4, 0x12, 0xBC, 0x13, 0xBC, 0x13, 0xBC, 0x13, 0xBC, 0x13, 0xBC, 0x14, 0xBC, 0x14, 0xBC,
  0x14, 0xBC, 0x14, 0xB4, 0x14, 0xB4, 0x15, 0xB4, 0x35, 0xB4, 0x35, 0xB4, 0x35, 0xB4, 0x36, 0xB4,
  0x36, 0xB4, 0x36, 0xAC, 0x36, 0xAC, 0x36, 0xAC, 0x37, 0xAC, 0x37, 0xAC, 0x37, 0xAC, 0x37, 0xAC,
  0x38, 0xA4, 0x38, 0xA4, 0x38, 0xA4, 0x38, 0xA4, 0x58, 0xA4, 0x59, 0xA4, 0x59, 0xA4, 0x59, 0xA4,
  0x59, 0x9C, 0x59, 0x9C, 0x59, 0x9C, 0x59, 0x9C, 0x5A, 0x9C, 0x5A, 0x9C, 0x5A, 0x9C, 0x5A, 0x9C,
  0x5A, 0x9C, 0x5A, 0x9C, 0x5A, 0x94, 0x5A, 0x94, 0x5A, 0x94, 0x5A, 0x94, 0x5B, 0x94, 0x5B, 0x94,
  0x5B, 0x94, 0x5B, 0x94, 0x5B, 0x94, 0x5B, 0x94, 0x5B, 0x8C, 0x5B, 0x8C, 0x5B, 0x8C, 0x5B, 0x8C,
  0x5C, 0x8C, 0x5C, 0x8C, 0x5C, 0x8C, 0x5C, 0x8C, 0x5C, 0x8C, 0x5C, 0x8C, 0x5C, 0x84, 0x5C, 0x84,
  0x5C, 0x84, 0x9E, 0x8C, 0x55, 0x63, 0x42, 0x00, 0x83, 0x08, 0x63, 0x08, 0x63, 0x08, 0x63, 0x08,
  0x63, 0x08, 0x63, 0x08, 0x63, 0x08, 0x63, 0x08, 0x63, 0x08, 0x63, 0x08, 0x63, 0x08, 0x63, 0x08,
  0x63, 0x08, 0x63, 0x08, 0x63, 0x08, 0x63, 0x08, 0x63, 0x08, 0x63, 0x08, 0x63, 0x08, 0x63, 0x08,
  0x63, 0x08, 0x63, 0x08, 0x63, 0x08, 0x63, 0x08, 0x63, 0x08, 0x63, 0x08, 0x63, 0x08, 0x63, 0x08,
  0x63, 0x08, 0x63, 0x08, 0x63, 0x08, 0x63, 0x08, 0x63, 0x08, 0x63, 0x08, 0x63, 0x08, 0x63, 0x08,
  0x63, 0x08, 0x63, 0x08, 0x63, 0x08, 0x63, 0x08, 0x63, 0x08, 0x63, 0x08, 0x63, 0x08, 0x63, 0x08,
  0x63, 0x08, 0x63, 0x08, 0x63, 0x08, 0x63, 0x08, 0x63, 0x08, 0x63, 0x08, 0x63, 0x08, 0x63, 0x08,
  0x63, 0x08, 0x63, 0x08, 0x63, 0x08, 0x63, 0x08, 0x63, 0x08, 0x63, 0x08, 0x63, 0x08, 0x63, 0x08,
  0x63, 0x08, 0x63, 0x08, 0x63, 0x08, 0x63, 0x08, 0x63, 0x08, 0x63, 0x08, 0x63, 0x08, 0x63, 0x08,
  0x63, 0x08, 0x63, 0x08, 0x63, 0x08, 0x63, 0x08, 0x63, 0x08, 0x63, 0x08, 0x63, 0x08, 0x63, 0x08,
  0x63, 0x08, 0x63, 0x08, 0x63, 0x08, 0x63, 0x08, 0x63, 0x08, 0x63, 0x08, 0x63, 0x08, 0x63, 0x08,
  0x63, 0x08, 0x63, 0x08, 0x63, 0x08, 0x63, 0x08, 0x63, 0x08, 0x63, 0x08, 0x63, 0x08, 0x63, 0x08,
  0x63, 0x08, 0x63, 0x08, 0x63, 0x08, 0x63, 0x08, 0x63, 0x08, 0x63, 0x08, 0x63, 0x08, 0x63, 0x08,
  0x63, 0x08, 0x63, 0x08, 0x63, 0x08, 0x63, 0x08, 0x63, 0x08, 0x63, 0x08, 0x63, 0x08, 0x63, 0x08,
  0x63, 0x08, 0x63, 0x08, 0x63, 0x08, 0x63, 0x08, 0x63, 0x08, 0x63, 0x08, 0x63, 0x08, 0x63, 0x08,
  0x63, 0x08, 0x63, 0x08, 0x63, 0x08, 0x63, 0x08, 0x63, 0x08, 0x63, 0x08, 0x63, 0x08, 0x83, 0x08,
  0x63, 0x08, 0x23, 0x00, 0xC4, 0x20, 0x87, 0x82, 0xEA, 0xDB, 0x0A, 0xE4, 0xCA, 0xD3, 0xEA, 0xD3,
  0xEA, 0xD3, 0xEB, 0xD3, 0xEB, 0xD3, 0xEB, 0xD3, 0xEB, 0xD3, 0xCB, 0xCB, 0xC4, 0x18, 0x63, 0x00,
  0x83, 0x08, 0x63, 0x08, 0x63, 0x08, 0x63, 0x08, 0x63, 0x08, 0x63, 0x08, 0x63, 0x08, 0x63, 0x08,
  0x63, 0x08, 0x63, 0x08, 0x63, 0x08, 0x63, 0x08, 0x63, 0x08, 0x63, 0x08, 0x63, 0x08, 0x63, 0x08,
  0x63, 0x08, 0x63, 0x08, 0x63, 0x08, 0x63, 0x08, 0x63, 0x08, 0x83, 0x08, 0x42, 0x00, 0x83, 0x08,
  0x8B, 0x7A, 0x31, 0xD4, 0x11, 0xCC, 0xF1, 0xC3, 0x11, 0xC4, 0x11, 0xC4, 0x12, 0xC4, 0x12, 0xC4,
  0x12, 0xC4, 0x12, 0xBC, 0x13, 0xBC, 0x13, 0xBC, 0x13, 0xBC, 0x13, 0xBC, 0x14, 0xBC, 0x14, 0xBC,
  0x14, 0xBC, 0x14, 0xB4, 0x14, 0xB4, 0x15, 0xB4, 0x35, 0xB4, 0x35, 0xB4, 0x35, 0xB4, 0x36, 0xB4,
  0x36, 0xB4, 0x36, 0xAC, 0x36, 0xAC, 0x36, 0xAC, 0x37, 0xAC, 0x37, 0xAC, 0x37, 0xAC, 0x37, 0xAC,
  0x38, 0xA4, 0x38, 0xA4, 0x38, 0xA4, 0x38, 0xA4, 0x58, 0xA4, 0x59, 0xA4, 0x59, 0xA4, 0x59, 0xA4,
  0x59, 0x9C, 0x59, 0x9C, 0x59, 0x9C, 0x59, 0x9C, 0x5A, 0x9C, 0x5A, 0x9C, 0x5A, 0x9C, 0x5A, 0x9C,
  0x5A, 0x9C, 0x5A, 0x9C, 0x5A, 0x94, 0x5A, 0x94, 0x5A, 0x94, 0x5A, 0x94, 0x5B, 0x94, 0x5B, 0x94,
  0x5B, 0x94, 0x5B, 0x94, 0x5B, 0x94, 0x5B, 0x94, 0x5B, 0x8C, 0x5B, 0x8C, 0x5B, 0x8C, 0x5B, 0x8C,
  0x5C, 0x8C, 0x5C, 0x8C, 0x5C, 0x8C, 0x5C, 0x8C, 0x5C, 0x8C, 0x5C, 0x8C, 0x5C, 0x84, 0x5C, 0x84,
  0x5C, 0x84, 0x7D, 0x8C, 0x49, 0x21, 0x42, 0x00, 0x83, 0x08, 0x63, 0x08, 0x63, 0x08, 0x63, 0x08,
  0x63, 0x08, 0x63, 0x08, 0x63, 0x08, 0x63, 0x08, 0x63, 0x08, 0x63, 0x08, 0x63, 0x08, 0x63, 0x08,
  0x63, 0x08, 0x63, 0x08, 0x63, 0x08, 0x63, 0x08, 0x63, 0x08, 0x63, 0x08, 0x63, 0x08, 0x63, 0x08,
  0x63, 0x08, 0x63, 0x08, 0x63, 0x08, 0x63, 0x08, 0x63, 0x08, 0x63, 0x08, 0x63, 0x08, 0x63, 0x08,
  0x63, 0x08, 0x63, 0x08, 0x63, 0x08, 0x63, 0x08, 0x63, 0x08, 0x63, 0x08, 0x63, 0x08, 0x63, 0x08,
  0x63, 0x08, 0x63, 0x08, 0x63, 0x08, 0x63, 0x08, 0x63, 0x08, 0x63, 0x08, 0x63, 0x08, 0x63, 0x08,
  0x63, 0x08, 0x63, 0x08, 0x63, 0x08, 0x63, 0x08, 0x63, 0x08, 0x63, 0x08, 0x63, 0x08, 0x63, 0x08,
  0x63, 0x08, 0x63, 0x08, 0x63, 0x08, 0x63, 0x08, 0x63, 0x08, 0x63, 0x08, 0x63, 0x08, 0x63, 0x08,
  0x63, 0x08, 0x63, 0x08, 0x63, 0x08, 0x63, 0x08, 0x63, 0x08, 0x63, 0x08, 0x63, 0x08, 0x63, 0x08,
  0x63, 0x08, 0x63, 0x08, 0x63, 0x08, 0x63, 0x08, 0x63, 0x08, 0x63, 0x08, 0x63, 0x08, 0x63, 0x08,
  0x63, 0x08, 0x63, 0x08, 0x63, 0x08, 0x63, 0x08, 0x63, 0x08, 0x63, 0x08, 0x63, 0x08, 0x63, 0x08,
  0x63, 0x08, 0x63, 0x08, 0x63, 0x08, 0x63, 0x08, 0x63, 0x08, 0x63, 0x08, 0x63, 0x08, 0x63, 0x08,
  0x63, 0x08, 0x63, 0x08, 0x63, 0x08, 0x63, 0x08, 0x63, 0x08, 0x63, 0x08, 0x63, 0x08, 0x63, 0x08,
  0x63, 0x08, 0x63, 0x08, 0x63, 0x08, 0x63, 0x08, 0x63, 0x08, 0x63, 0x08, 0x63, 0x08, 0x63, 0x08,
  0x63, 0x08, 0x63, 0x08, 0x63, 0x08, 0x63, 0x08, 0x63, 0x08, 0x63, 0x08, 0x63, 0x08, 0x63, 0x08,
  0x63, 0x08, 0x63, 0x08, 0x63, 0x08, 0x63, 0x08, 0x63, 0x08, 0x83, 0x08, 0x63, 0x08, 0x43, 0x00,
  0x83, 0x10, 0x26, 0x72, 0xA9, 0xCB, 0x2A, 0xE4, 0xEA, 0xD3, 0xCA, 0xD3, 0xEA, 0xD3, 0xEA, 0xD3,
  0xEA, 0xD3, 0xEB, 0xD3, 0xEB, 0xD3, 0xCB, 0xD3, 0x2C, 0xE4, 0x27, 0x6A, 0x23, 0x00, 0x83, 0x08,
  0x63, 0x08, 0x63, 0x08, 0x63, 0x08, 0x63, 0x08, 0x63, 0x08, 0x63, 0x08, 0x63, 0x08, 0x63, 0x08,
  0x63, 0x08, 0x63, 0x08, 0x63, 0x08, 0x63, 0x08, 0x63, 0x08, 0x63, 0x08, 0x63, 0x08, 0x63, 0x08,
  0x63, 0x08, 0x63, 0x08, 0x63, 0x08, 0x83, 0x08, 0x83, 0x08, 0x22, 0x00, 0x26, 0x31, 0x6E, 0xAB,
  0x31, 0xD4, 0xF0, 0xC3, 0xF1, 0xC3, 0xF1, 0xC3, 0x11, 0xC4, 0x11, 0xC4, 0x12, 0xC4, 0x12, 0xC4,
  0x12, 0xC4, 0x12, 0xBC, 0x13, 0xBC, 0x13, 0xBC, 0x13, 0xBC, 0x13, 0xBC, 0x14, 0xBC, 0x14, 0xBC,
  0x14, 0xBC, 0x14, 0xB4, 0x14, 0xB4, 0x15, 0xB4, 0x35, 0xB4, 0x35, 0xB4, 0x35, 0xB4, 0x36, 0xB4,
  0x36, 0xB4, 0x36, 0xAC, 0x36, 0xAC, 0x36, 0xAC, 0x37, 0xAC, 0x37, 0xAC, 0x37, 0xAC, 0x37, 0xAC,
  0x38, 0xA4, 0x38, 0xA4, 0x38, 0xA4, 0x38, 0xA4, 0x58, 0xA4, 0x59, 0xA4, 0x59, 0xA4, 0x59, 0xA4,
  0x59, 0x9C, 0x59, 0x9C, 0x59, 0x9C, 0x59, 0x9C, 0x5A, 0x9C, 0x5A, 0x9C, 0x5A, 0x9C, 0x5A, 0x9C,
  0x5A, 0x9C, 0x5A, 0x9C, 0x5A, 0x94, 0x5A, 0x94, 0x5A, 0x94, 0x5A, 0x94, 0x5B, 0x94, 0x5B, 0x94,
  0x5B, 0x94, 0x5B, 0x94, 0x5B, 0x94, 0x5B, 0x94, 0x5B, 0x8C, 0x5B, 0x8C, 0x5B, 0x8C, 0x5B, 0x8C,
  0x5C, 0x8C, 0x5C, 0x8C, 0x5C, 0x8C, 0x5C, 0x8C, 0x5C, 0x8C, 0x5C, 0x8C, 0x5C, 0x84, 0x5C, 0x84,
  0x9E, 0x8C, 0x34, 0x5B, 0x42, 0x00, 0x83, 0x08, 0x63, 0x08, 0x63, 0x08, 0x63, 0x08, 0x63, 0x08,
  0x63, 0x08, 0x63, 0x08, 0x63, 0x08, 0x63, 0x08, 0x63, 0x08, 0x63, 0x08, 0x63, 0x08, 0x63, 0x08,
  0x63, 0x08, 0x63, 0x08, 0x63, 0x08, 0x63, 0x08, 0x63, 0x08, 0x63, 0x08, 0x63, 0x08, 0x63, 0x08,
  0x63, 0x08, 0x63, 0x08, 0x63, 0x08, 0x63, 0x08, 0x63, 0x08, 0x63, 0x08, 0x63, 0x08, 0x63, 0x08,
  0x63, 0x08, 0x63, 0x08, 0x63, 0x08, 0x63, 0x08, 0x63, 0x08, 0x63, 0x08, 0x63, 0x08, 0x63, 0x08,
  0x63, 0x08, 0x63, 0x08, 0x63, 0x08, 0x63, 0x08, 0x63, 0x08, 0x63, 0x08, 0x63, 0x08, 0x63, 0x08,
  0x63, 0x08, 0x63, 0x08, 0x63, 0x08, 0x63, 0x08, 0x63, 0x08, 0x63, 0x08, 0x63, 0x08, 0x63, 0x08,
  0x63, 0x08, 0x63, 0x08, 0x63, 0x08, 0x63, 0x08, 0x63, 0x08, 0x63, 0x08, 0x63, 0x08, 0x63, 0x08,
  0x63, 0x08, 0x63, 0x08, 0x63, 0x08, 0x63, 0x08, 0x63, 0x08, 0x63, 0x08, 0x63, 0x08, 0x63, 0x08,
  0x63, 0x08, 0x63, 0x08, 0x63, 0x08, 0x63, 0x08, 0x63, 0x08, 0x63, 0x08, 0x63, 0x08, 0x63, 0x08,
  0x63, 0x08, 0x63, 0x08, 0x63, 0x08, 0x63, 0x08, 0x63, 0x08, 0x63, 0x08, 0x63, 0x08, 0x63, 0x08,
  0x63, 0x08, 0x63, 0x08, 0x63, 0x08, 0x63, 0x08, 0x63, 0x08, 0x63, 0x08, 0x63, 0x08, 0x63, 0x08,
  0x63, 0x08, 0x63, 0x08, 0x63, 0x08, 0x63, 0x08, 0x63, 0x08, 0x63, 0x08, 0x63, 0x08, 0x63, 0x08,
  0x63, 0x08, 0x63, 0x08, 0x63, 0x08, 0x63, 0x08, 0x63, 0x08, 0x63, 0x08, 0x63, 0x08, 0x63, 0x08,
  0x63, 0x08, 0x63, 0x08, 0x63, 0x08, 0x63, 0x08, 0x63, 0x08, 0x63, 0x08, 0x63, 0x08, 0x63, 0x08,
  0x63, 0x08, 0x63, 0x08, 0x63, 0x08, 0x83, 0x08, 0x83, 0x08, 0x43, 0x00, 0x63, 0x08, 0xC5, 0x59,
  0x88, 0xC3, 0x2A, 0xE4, 0xE9, 0xDB, 0xC9, 0xD3, 0xEA, 0xD3, 0xEA, 0xD3, 0xEA, 0xD3, 0xEA, 0xD3,
  0xEA, 0xD3, 0xEB, 0xD3, 0xEB, 0xD3, 0x0B, 0xDC, 0x8A, 0xBB, 0x83, 0x10, 0x63, 0x08, 0x63, 0x08,
  0x63, 0x08, 0x63, 0x08, 0x63, 0x08, 0x63, 0x08, 0x63, 0x08, 0x63, 0x08, 0x63, 0x08, 0x63, 0x08,
  0x63, 0x08, 0x63, 0x08, 0x63, 0x08, 0x63, 0x08, 0x63, 0x08, 0x63, 0x08, 0x63, 0x08, 0x63, 0x08,
  0x63, 0x08, 0x63, 0x08, 0x83, 0x08, 0x43, 0x00, 0x43, 0x00, 0x29, 0x62, 0x10, 0xCC, 0x11, 0xD4,
  0xF0, 0xC3, 0xF1, 0xCB, 0xF1, 0xC3, 0xF1, 0xC3, 0x11, 0xC4, 0x11, 0xC4, 0x12, 0xC4, 0x12, 0xC4,
  0x12, 0xC4, 0x12, 0xBC, 0x13, 0xBC, 0x13, 0xBC, 0x13, 0xBC, 0x13, 0xBC, 0x14, 0xBC, 0x14, 0xBC,
  0x14, 0xBC, 0x14, 0xB4, 0x14, 0xB4, 0x15, 0xB4, 0x35, 0xB4, 0x35, 0xB4, 0x35, 0xB4, 0x36, 0xB4,
  0x36, 0xB4, 0x36, 0xAC, 0x36, 0xAC, 0x36, 0xAC, 0x37, 0xAC, 0x37, 0xAC, 0x37, 0xAC, 0x37, 0xAC,
  0x38, 0xA4, 0x38, 0xA4, 0x38, 0xA4, 0x38, 0xA4, 0x58, 0xA4, 0x59, 0xA4, 0x59, 0xA4, 0x59, 0xA4,
  0x59, 0x9C, 0x59, 0x9C, 0x59, 0x9C, 0x59, 0x9C, 0x5A, 0x9C, 0x5A, 0x9C, 0x5A, 0x9C, 0x5A, 0x9C,
  0x5A, 0x9C, 0x5A, 0x9C, 0x5A, 0x94, 0x5A, 0x94, 0x5A, 0x94, 0x5A, 0x94, 0x5B, 0x94, 0x5B, 0x94,
  0x5B, 0x94, 0x5B, 0x94, 0x5B, 0x94, 0x5B, 0x94, 0x5B, 0x8C, 0x5B, 0x8C, 0x5B, 0x8C, 0x5B, 0x8C,
  0x5C, 0x8C, 0x5C, 0x8C, 0x5C, 0x8C, 0x5C, 0x8C, 0x5C, 0x8C, 0x5C, 0x8C, 0x5C, 0x84, 0x5C, 0x84,
  0x7D, 0x84, 0x28, 0x21, 0x42, 0x00, 0x83, 0x08, 0x63, 0x08, 0x63, 0x08, 0x63, 0x08, 0x63, 0x08,
  0x63, 0x08, 0x63, 0x08, 0x63, 0x08, 0x63, 0x08, 0x63, 0x08, 0x63, 0x08, 0x63, 0x08, 0x63, 0x08,
  0x63, 0x08, 0x63, 0x08, 0x63, 0x08, 0x63, 0x08, 0x63, 0x08, 0x63, 0x08, 0x63, 0x08, 0x63, 0x08,
  0x63, 0x08, 0x63, 0x08, 0x63, 0x08, 0x63, 0x08, 0x63, 0x08, 0x63, 0x08, 0x63, 0x08, 0x63, 0x08,
  0x63, 0x08, 0x63, 0x08, 0x63, 0x08, 0x63, 0x08, 0x63, 0x08, 0x63, 0x08, 0x63, 0x08, 0x63, 0x08,
  0x63, 0x08, 0x63, 0x08, 0x63, 0x08, 0x63, 0x08, 0x63, 0x08, 0x63, 0x08, 0x63, 0x08, 0x63, 0x08,
  0x63, 0x08, 0x63, 0x08, 0x63, 0x08, 0x63, 0x08, 0x63, 0x08, 0x63, 0x08, 0x63, 0x08, 0x63, 0x08,
  0x63, 0x08, 0x63, 0x08, 0x63, 0x08, 0x63, 0x08, 0x63, 0x08, 0x63, 0x08, 0x63, 0x08, 0x63, 0x08,
  0x63, 0x08, 0x63, 0x08, 0x63, 0x08, 0x63, 0x08, 0x63, 0x08, 0x63, 0x08, 0x63, 0x08, 0x63, 0x08,
  0x63, 0x08, 0x63, 0x08, 0x63, 0x08, 0x63, 0x08, 0x63, 0x08, 0x63, 0x08, 0x63, 0x08, 0x63, 0x08,
  0x63, 0x08, 0x63, 0x08, 0x63, 0x08, 0x63, 0x08, 0x63, 0x08, 0x63, 0x08, 0x63, 0x08, 0x63, 0x08,
  0x63, 0x08, 0x63, 0x08, 0x63, 0x08, 0x63, 0x08, 0x63, 0x08, 0x63, 0x08, 0x63, 0x08, 0x63, 0x08,
  0x63, 0x08, 0x63, 0x08, 0x63, 0x08, 0x63, 0x08, 0x63, 0x08, 0x63, 0x08, 0x63, 0x08, 0x63, 0x08,
  0x63, 0x08, 0x63, 0x08, 0x63, 0x08, 0x63, 0x08, 0x63, 0x08, 0x63, 0x08, 0x63, 0x08, 0x63, 0x08,
  0x63, 0x08, 0x63, 0x08, 0x63, 0x08, 0x63, 0x08, 0x63, 0x08, 0x63, 0x08, 0x63, 0x08, 0x63, 0x08,
  0x63, 0x08, 0x83, 0x08, 0x83, 0x08, 0x43, 0x00, 0x43, 0x00, 0x65, 0x41, 0x28, 0xB3, 0x09, 0xE4,
  0xE9, 0xDB, 0xC9, 0xD3, 0xE9, 0xD3, 0xE9, 0xD3, 0xEA, 0xD3, 0xEA, 0xD3, 0xEA, 0xD3, 0xEA, 0xD3,
  0xEA, 0xD3, 0xEB, 0xD3, 0xCB, 0xD3, 0x2B, 0xE4, 0xC6, 0x59, 0x23, 0x00, 0x83, 0x08, 0x63, 0x08,
  0x63, 0x08, 0x63, 0x08, 0x63, 0x08, 0x63, 0x08, 0x63, 0x08, 0x63, 0x08, 0x63, 0x08, 0x63, 0x08,
  0x63, 0x08, 0x63, 0x08, 0x63, 0x08, 0x63, 0x08, 0x63, 0x08, 0x63, 0x08, 0x63, 0x08, 0x63, 0x08,
  0x63, 0x08, 0x83, 0x08, 0x42, 0x00, 0xC4, 0x18, 0x0C, 0x9B, 0x31, 0xDC, 0xF0, 0xCB, 0xF0, 0xCB,
  0xF0, 0xCB, 0xF1, 0xCB, 0xF1, 0xC3, 0xF1, 0xC3, 0x11, 0xC4, 0x12, 0xC4, 0x12, 0xC4, 0x12, 0xC4,
  0x12, 0xC4, 0x12, 0xBC, 0x13, 0xBC, 0x13, 0xBC, 0x13, 0xBC, 0x13, 0xBC, 0x14, 0xBC, 0x14, 0xBC,
  0x14, 0xBC, 0x14, 0xB4, 0x14, 0xB4, 0x15, 0xB4, 0x35, 0xB4, 0x35, 0xB4, 0x35, 0xB4, 0x36, 0xB4,
  0x36, 0xB4, 0x36, 0xAC, 0x36, 0xAC, 0x36, 0xAC, 0x37, 0xAC, 0x37, 0xAC, 0x37, 0xAC, 0x37, 0xAC,
  0x38, 0xA4, 0x38, 0xA4, 0x38, 0xA4, 0x38, 0xA4, 0x58, 0xA4, 0x59, 0xA4, 0x59, 0xA4, 0x59, 0xA4,
  0x59, 0x9C, 0x59, 0x9C, 0x59, 0x9C, 0x59, 0x9C, 0x5A, 0x9C, 0x5A, 0x9C, 0x5A, 0x9C, 0x5A, 0x9C,
  0x5A, 0x9C, 0x5A, 0x9C, 0x5A, 0x94, 0x5A, 0x94, 0x5A, 0x94, 0x5A, 0x94, 0x5B, 0x94, 0x5B, 0x94,
  0x5B, 0x94, 0x5B, 0x94, 0x5B, 0x94, 0x5B, 0x94, 0x5B, 0x8C, 0x5B, 0x8C, 0x5B, 0x8C, 0x5B, 0x8C,
  0x5C, 0x8C, 0x5C, 0x8C, 0x5C, 0x8C, 0x5C, 0x8C, 0x5C, 0x8C, 0x5C, 0x8C, 0x5C, 0x84, 0x9E, 0x8C,
  0xF3, 0x52, 0x21, 0x00, 0x83, 0x08, 0x63, 0x08, 0x63, 0x08, 0x63, 0x08, 0x63, 0x08, 0x63, 0x08,
  0x63, 0x08, 0x63, 0x08, 0x63, 0x08, 0x63, 0x08, 0x63, 0x08, 0x63, 0x08, 0x63, 0x08, 0x63, 0x08,
  0x63, 0x08, 0x63, 0x08, 0x63, 0x08, 0x63, 0x08, 0x63, 0x08, 0x63, 0x08, 0x63, 0x08, 0x63, 0x08,
  0x63, 0x08, 0x63, 0x08, 0x63, 0x08, 0x63, 0x08, 0x63, 0x08, 0x63, 0x08, 0x63, 0x08, 0x63, 0x08,
  0x63, 0x08, 0x63, 0x08, 0x63, 0x08, 0x63, 0x08, 0x63, 0x08, 0x63, 0x08, 0x63, 0x08, 0x63, 0x08,
  0x63, 0x08, 0x63, 0x08, 0x63, 0x08, 0x63, 0x08, 0x63, 0x08, 0x63, 0x08, 0x63, 0x08, 0x63, 0x08,
  0x63, 0x08, 0x63, 0x08, 0x63, 0x08, 0x63, 0x08, 0x63, 0x08, 0x63, 0x08, 0x63, 0x08, 0x63, 0x08,
  0x63, 0x08, 0x63, 0x08, 0x63, 0x08, 0x63, 0x08, 0x63, 0x08, 0x63, 0x08, 0x63, 0x08, 0x63, 0x08,
  0x63, 0x08, 0x63, 0x08, 0x63, 0x08, 0x63, 0x08, 0x63, 0x08, 0x63, 0x08, 0x63, 0x08, 0x63, 0x08,
  0x63, 0x08, 0x63, 0x08, 0x63, 0x08, 0x63, 0x08, 0x63, 0x08, 0x63, 0x08, 0x63, 0x08, 0x63, 0x08,
  0x63, 0x08, 0x63, 0x08, 0x63, 0x08, 0x63, 0x08, 0x63, 0x08, 0x63, 0x08, 0x63, 0x08, 0x63, 0x08,
  0x63, 0x08, 0x63, 0x08, 0x63, 0x08, 0x63, 0x08, 0x63, 0x08, 0x63, 0x08, 0x63, 0x08, 0x63, 0x08,
  0x63, 0x08, 0x63, 0x08, 0x63, 0x08, 0x63, 0x08, 0x63, 0x08, 0x63, 0x08, 0x63, 0x08, 0x63, 0x08,
  0x63, 0x08, 0x63, 0x08, 0x63, 0x08, 0x63, 0x08, 0x63, 0x08, 0x63, 0x08, 0x63, 0x08, 0x63, 0x08,
  0x63, 0x08, 0x63, 0x08, 0x63, 0x08, 0x63, 0x08, 0x63, 0x08, 0x63, 0x08, 0x63, 0x08, 0x63, 0x08,
  0x83, 0x08, 0x63, 0x00, 0x43, 0x00, 0x04, 0x31, 0xE7, 0x9A, 0x09, 0xE4, 0x09, 0xDC, 0xC9, 0xD3,
  0xC9, 0xD3, 0xE9, 0xD3, 0xE9, 0xD3, 0xE9, 0xD3, 0xEA, 0xD3, 0xEA, 0xD3, 0xEA, 0xD3, 0xEA, 0xD3,
  0xEA, 0xD3, 0xEA, 0xD3, 0x0B, 0xDC, 0x29, 0xAB, 0x63, 0x08, 0x63, 0x08, 0x63, 0x08, 0x63, 0x08,
  0x63, 0x08, 0x63, 0x08, 0x63, 0x08, 0x63, 0x08, 0x63, 0x08, 0x63, 0x08, 0x63, 0x08, 0x63, 0x08,
  0x63, 0x08, 0x63, 0x08, 0x63, 0x08, 0x63, 0x08, 0x63, 0x08, 0x63, 0x08, 0x63, 0x08, 0x83, 0x08,
  0x63, 0x08, 0x42, 0x00, 0x87, 0x49, 0xCF, 0xC3, 0x30, 0xDC, 0xEF, 0xCB, 0xF0, 0xCB, 0xF0, 0xCB,
  0xF0, 0xCB, 0xF1, 0xCB, 0xF1, 0xC3, 0xF1, 0xC3, 0x11, 0xC4, 0x12, 0xC4, 0x12, 0xC4, 0x12, 0xC4,
  0x12, 0xC4, 0x12, 0xBC, 0x13, 0xBC, 0x13, 0xBC, 0x13, 0xBC, 0x13, 0xBC, 0x14, 0xBC, 0x14, 0xBC,
  0x14, 0xBC, 0x14, 0xB4, 0x14, 0xB4, 0x15, 0xB4, 0x35, 0xB4, 0x35, 0xB4, 0x35, 0xB4, 0x36, 0xB4,
  0x36, 0xB4, 0x36, 0xAC, 0x36, 0xAC, 0x36, 0xAC, 0x37, 0xAC, 0x37, 0xAC, 0x37, 0xAC, 0x37, 0xAC,
  0x38, 0xA4, 0x38, 0xA4, 0x38, 0xA4, 0x38, 0xA4, 0x58, 0xA4, 0x59, 0xA4, 0x59, 0xA4, 0x59, 0xA4,
  0x59, 0x9C, 0x59, 0x9C, 0x59, 0x9C, 0x59, 0x9C, 0x5A, 0x9C, 0x5A, 0x9C, 0x5A, 0x9C, 0x5A, 0x9C,
  0x5A, 0x9C, 0x5A, 0x9C, 0x5A, 0x94, 0x5A, 0x94, 0x5A, 0x94, 0x5A, 0x94, 0x5B, 0x94, 0x5B, 0x94,
  0x5B, 0x94, 0x5B, 0x94, 0x5B, 0x94, 0x5B, 0x94, 0x5B, 0x8C, 0x5B, 0x8C, 0x5B, 0x8C, 0x5B, 0x8C,
  0x5C, 0x8C, 0x5C, 0x8C, 0x5C, 0x8C, 0x5C, 0x8C, 0x5C, 0x8C, 0x5C, 0x84, 0x7C, 0x84, 0x5C, 0x84,
  0xE6, 0x18, 0x42, 0x00, 0x83, 0x08, 0x63, 0x08, 0x63, 0x08, 0x63, 0x08, 0x63, 0x08, 0x63, 0x08,
  0x63, 0x08, 0x63, 0x08, 0x63, 0x08, 0x63, 0x08, 0x63, 0x08, 0x63, 0x08, 0x63, 0x08, 0x63, 0x08,
  0x63, 0x08, 0x63, 0x08, 0x63, 0x08, 0x63, 0x08, 0x63, 0x08, 0x63, 0x08, 0x63, 0x08, 0x63, 0x08,
  0x63, 0x08, 0x63, 0x08, 0x63, 0x08, 0x63, 0x08, 0x63, 0x08, 0x63, 0x08, 0x63, 0x08, 0x63, 0x08,
  0x63, 0x08, 0x63, 0x08, 0x63, 0x08, 0x63, 0x08, 0x63, 0x08, 0x63, 0x08, 0x63, 0x08, 0x63, 0x08,
  0x63, 0x08, 0x63, 0x08, 0x63, 0x08, 0x63, 0x08, 0x63, 0x08, 0x63, 0x08, 0x63, 0x08, 0x63, 0x08,
  0x63, 0x08, 0x63, 0x08, 0x63, 0x08, 0x63, 0x08, 0x63, 0x08, 0x63, 0x08, 0x63, 0x08, 0x63, 0x08,
  0x63, 0x08, 0x63, 0x08, 0x63, 0x08, 0x63, 0x08, 0x63, 0x08, 0x63, 0x08, 0x63, 0x08, 0x63, 0x08,
  0x63, 0x08, 0x63, 0x08, 0x63, 0x08, 0x63, 0x08, 0x63, 0x08, 0x63, 0x08, 0x63, 0x08, 0x63, 0x08,
  0x63, 0x08, 0x63, 0x08, 0x63, 0x08, 0x63, 0x08, 0x63, 0x08, 0x63, 0x08, 0x63, 0x08, 0x63, 0x08,
  0x63, 0x08, 0x63, 0x08, 0x63, 0x08, 0x63, 0x08, 0x63, 0x08, 0x63, 0x08, 0x63, 0x08, 0x63, 0x08,
  0x63, 0x08, 0x63, 0x08, 0x63, 0x08, 0x63, 0x08, 0x63, 0x08, 0x63, 0x08, 0x63, 0x08, 0x63, 0x08,
  0x63, 0x08, 0x63, 0x08, 0x63, 0x08, 0x63, 0x08, 0x63, 0x08, 0x63, 0x08, 0x63, 0x08, 0x63, 0x08,
  0x63, 0x08, 0x63, 0x08, 0x63, 0x08, 0x63, 0x08, 0x63, 0x08, 0x63, 0x08, 0x63, 0x08, 0x63, 0x08,
  0x63, 0x08, 0x63, 0x08, 0x63, 0x08, 0x63, 0x08, 0x63, 0x08, 0x63, 0x08, 0x83, 0x08, 0x63, 0x08,
  0x23, 0x00, 0xC4, 0x20, 0x86, 0x82, 0xE8, 0xDB, 0x09, 0xE4, 0xC8, 0xD3, 0xC9, 0xD3, 0xE9, 0xD3,
  0xE9, 0xD3, 0xE9, 0xD3, 0xE9, 0xD3, 0xE9, 0xD3, 0xEA, 0xD3, 0xEA, 0xD3, 0xEA, 0xD3, 0xEA, 0xD3,
  0xEA, 0xD3, 0xEA, 0xD3, 0x0B, 0xDC, 0x65, 0x41, 0x43, 0x00, 0x83, 0x08, 0x63, 0x08, 0x63, 0x08,
  0x63, 0x08, 0x63, 0x08, 0x63, 0x08, 0x63, 0x08, 0x63, 0x08, 0x63, 0x08, 0x63, 0x08, 0x63, 0x08,
  0x63, 0x08, 0x63, 0x08, 0x63, 0x08, 0x63, 0x08, 0x63, 0x08, 0x63, 0x08, 0x83, 0x08, 0x43, 0x00,
  0x63, 0x08, 0x6A, 0x7A, 0x10, 0xDC, 0xEF, 0xD3, 0xEF, 0xCB, 0xF0, 0xCB, 0xF0, 0xCB, 0xF0, 0xCB,
  0xF0, 0xCB, 0xF1, 0xCB, 0xF1, 0xC3, 0xF1, 0xC3, 0x11, 0xC4, 0x11, 0xC4, 0x12, 0xC4, 0x12, 0xC4,
  0x12, 0xC4, 0x12, 0xBC, 0x13, 0xBC, 0x13, 0xBC, 0x13, 0xBC, 0x13, 0xBC, 0x14, 0xBC, 0x14, 0xBC,
  0x14, 0xBC, 0x14, 0xB4, 0x14, 0xB4, 0x15, 0xB4, 0x35, 0xB4, 0x35, 0xB4, 0x35, 0xB4, 0x36, 0xB4,
  0x36, 0xB4, 0x36, 0xAC, 0x36, 0xAC, 0x36, 0xAC, 0x37, 0xAC, 0x37, 0xAC, 0x37, 0xAC, 0x37, 0xAC,
  0x38, 0xA4, 0x38, 0xA4, 0x38, 0xA4, 0x38, 0xA4, 0x58, 0xA4, 0x59, 0xA4, 0x59, 0xA4, 0x59, 0xA4,
  0x59, 0x9C, 0x59, 0x9C, 0x59, 0x9C, 0x59, 0x9C, 0x5A, 0x9C, 0x5A, 0x9C, 0x5A, 0x9C, 0x5A, 0x9C,
  0x5A, 0x9C, 0x5A, 0x9C, 0x5A, 0x94, 0x5A, 0x94, 0x5A, 0x94, 0x5A, 0x94, 0x5B, 0x94, 0x5B, 0x94,
  0x5B, 0x94, 0x5B, 0x94, 0x5B, 0x94, 0x5B, 0x94, 0x5B, 0x8C, 0x5B, 0x8C, 0x5B, 0x8C, 0x5B, 0x8C,
  0x5C, 0x8C, 0x5C, 0x8C, 0x5C, 0x8C, 0x5C, 0x8C, 0x5C, 0x8C, 0x5C, 0x84, 0xBE, 0x94, 0xB1, 0x4A,
  0x21, 0x00, 0x83, 0x08, 0x63, 0x08, 0x63, 0x08, 0x63, 0x08, 0x63, 0x08, 0x63, 0x08, 0x63, 0x08,
  0x63, 0x08, 0x63, 0x08, 0x63, 0x08, 0x63, 0x08, 0x63, 0x08, 0x63, 0x08, 0x63, 0x08, 0x63, 0x08,
  0x63, 0x08, 0x63, 0x08, 0x63, 0x08, 0x63, 0x08, 0x63, 0x08, 0x63, 0x08, 0x63, 0x08, 0x63, 0x08,
  0x63, 0x08, 0x63, 0x08, 0x63, 0x08, 0x63, 0x08, 0x63, 0x08, 0x63, 0x08, 0x63, 0x08, 0x63, 0x08,
  0x63, 0x08, 0x63, 0x08, 0x63, 0x08, 0x63, 0x08, 0x63, 0x08, 0x63, 0x08, 0x63, 0x08, 0x63, 0x08,
  0x63, 0x08, 0x63, 0x08, 0x63, 0x08, 0x63, 0x08, 0x63, 0x08, 0x63, 0x08, 0x63, 0x08, 0x63, 0x08,
  0x63, 0x08, 0x63, 0x08, 0x63, 0x08, 0x63, 0x08, 0x63, 0x08, 0x63, 0x08, 0x63, 0x08, 0x63, 0x08,
  0x63, 0x08, 0x63, 0x08, 0x63, 0x08, 0x63, 0x08, 0x63, 0x08, 0x63, 0x08, 0x63, 0x08, 0x63, 0x08,
  0x63, 0x08, 0x63, 0x08, 0x63, 0x08, 0x63, 0x08, 0x63, 0x08, 0x63, 0x08, 0x63, 0x08, 0x63, 0x08,
  0x63, 0x08, 0x63, 0x08, 0x63, 0x08, 0x63, 0x08, 0x63, 0x08, 0x63, 0x08, 0x63, 0x08, 0x63, 0x08,
  0x63, 0x08, 0x63, 0x08, 0x63, 0x08, 0x63, 0x08, 0x63, 0x08, 0x63, 0x08, 0x63, 0x08, 0x63, 0x08,
  0x63, 0x08, 0x63, 0x08, 0x63, 0x08, 0x63, 0x08, 0x63, 0x08, 0x63, 0x08, 0x63, 0x08, 0x63, 0x08,
  0x63, 0x08, 0x63, 0x08, 0x63, 0x08, 0x63, 0x08, 0x63, 0x08, 0x63, 0x08, 0x63, 0x08, 0x63, 0x08,
  0x63, 0x08, 0x63, 0x08, 0x63, 0x08, 0x63, 0x08, 0x63, 0x08, 0x63, 0x08, 0x63, 0x08, 0x63, 0x08,
  0x63, 0x08, 0x63, 0x08, 0x63, 0x08, 0x63, 0x08, 0x83, 0x08, 0x63, 0x08, 0x43, 0x00, 0x83, 0x10,
  0x25, 0x72, 0xA8, 0xD3, 0x28, 0xE4, 0xE8, 0xD3, 0xC8, 0xD3, 0xE8, 0xD3, 0xE9, 0xD3, 0xE9, 0xD3,
  0xE9, 0xD3, 0xE9, 0xD3, 0xE9, 0xD3, 0xE9, 0xD3, 0xEA, 0xD3, 0xEA, 0xD3, 0xEA, 0xD3, 0xEA, 0xD3,
  0xEA, 0xD3, 0x0B, 0xE4, 0xE8, 0x9A, 0x43, 0x00, 0x83, 0x08, 0x63, 0x08, 0x63, 0x08, 0x63, 0x08,
  0x63, 0x08, 0x63, 0x08, 0x63, 0x08, 0x63, 0x08, 0x63, 0x08, 0x63, 0x08, 0x63, 0x08, 0x63, 0x08,
  0x63, 0x08, 0x63, 0x08, 0x63, 0x08, 0x63, 0x08, 0x83, 0x08, 0x83, 0x08, 0x22, 0x00, 0x05, 0x29,
  0x4D, 0xAB, 0x30, 0xDC, 0xEF, 0xCB, 0xEF, 0xCB, 0xEF, 0xCB, 0xF0, 0xCB, 0xF0, 0xCB, 0xF0, 0xCB,
  0xF0, 0xCB, 0xF1, 0xCB, 0xF1, 0xC3, 0xF1, 0xC3, 0x11, 0xC4, 0x12, 0xC4, 0x12, 0xC4, 0x12, 0xC4,
  0x12, 0xC4, 0x12, 0xBC, 0x13, 0xBC, 0x13, 0xBC, 0x13, 0xBC, 0x13, 0xBC, 0x14, 0xBC, 0x14, 0xBC,
  0x14, 0xBC, 0x14, 0xB4, 0x14, 0xB4, 0x15, 0xB4, 0x35, 0xB4, 0x35, 0xB4, 0x35, 0xB4, 0x36, 0xB4,
  0x36, 0xB4, 0x36, 0xAC, 0x36, 0xAC, 0x36, 0xAC, 0x37, 0xAC, 0x37, 0xAC, 0x37, 0xAC, 0x37, 0xAC,
  0x38, 0xA4, 0x38, 0xA4, 0x38, 0xA4, 0x38, 0xA4, 0x58, 0xA4, 0x59, 0xA4, 0x59, 0xA4, 0x59, 0xA4,
  0x59, 0x9C, 0x59, 0x9C, 0x59, 0x9C, 0x59, 0x9C, 0x5A, 0x9C, 0x5A, 0x9C, 0x5A, 0x9C, 0x5A, 0x9C,
  0x5A, 0x9C, 0x5A, 0x9C, 0x5A, 0x94, 0x5A, 0x94, 0x5A, 0x94, 0x5A, 0x94, 0x5B, 0x94, 0x5B, 0x94,
  0x5B, 0x94, 0x5B, 0x94, 0x5B, 0x94, 0x5B, 0x94, 0x5B, 0x8C, 0x5B, 0x8C, 0x5B, 0x8C, 0x5B, 0x8C,
  0x5C, 0x8C, 0x5C, 0x8C, 0x5C, 0x8C, 0x5C, 0x8C, 0x5C, 0x8C, 0x7C, 0x8C, 0x1B, 0x7C, 0xC5, 0x10,
  0x63, 0x08, 0x83, 0x08, 0x63, 0x08, 0x63, 0x08, 0x63, 0x08, 0x63, 0x08, 0x63, 0x08, 0x63, 0x08,
  0x63, 0x08, 0x63, 0x08, 0x63, 0x08, 0x63, 0x08, 0x63, 0x08, 0x63, 0x08, 0x63, 0x08, 0x63, 0x08,
  0x63, 0x08, 0x63, 0x08, 0x63, 0x08, 0x63, 0x08, 0x63, 0x08, 0x63, 0x08, 0x63, 0x08, 0x63, 0x08,
  0x63, 0x08, 0x63, 0x08, 0x63, 0x08, 0x63, 0x08, 0x63, 0x08, 0x63, 0x08, 0x63, 0x08, 0x63, 0x08,
  0x63, 0x08, 0x63, 0x08, 0x63, 0x08, 0x63, 0x08, 0x63, 0x08, 0x63, 0x08, 0x63, 0x08, 0x63, 0x08,
  0x63, 0x08, 0x63, 0x08, 0x63, 0x08, 0x63, 0x08, 0x63, 0x08, 0x63, 0x08, 0x63, 0x08, 0x63, 0x08,
  0x63, 0x08, 0x63, 0x08, 0x63, 0x08, 0x63, 0x08, 0x63, 0x08, 0x63, 0x08, 0x63, 0x08, 0x63, 0x08,
  0x63, 0x08, 0x63, 0x08, 0x63, 0x08, 0x63, 0x08, 0x63, 0x08, 0x63, 0x08, 0x63, 0x08, 0x63, 0x08,
  0x63, 0x08, 0x63, 0x08, 0x63, 0x08, 0x63, 0x08, 0x63, 0x08, 0x63, 0x08, 0x63, 0x08, 0x63, 0x08,
  0x63, 0x08, 0x63, 0x08, 0x63, 0x08, 0x63, 0x08, 0x63, 0x08, 0x63, 0x08, 0x63, 0x08, 0x63, 0x08,
  0x63, 0x08, 0x63, 0x08, 0x63, 0x08, 0x63, 0x08, 0x63, 0x08, 0x63, 0x08, 0x63, 0x08, 0x63, 0x08,
  0x63, 0x08, 0x63, 0x08, 0x63, 0x08, 0x63, 0x08, 0x63, 0x08, 0x63, 0x08, 0x63, 0x08, 0x63, 0x08,
  0x63, 0x08, 0x63, 0x08, 0x63, 0x08, 0x63, 0x08, 0x63, 0x08, 0x63, 0x08, 0x63, 0x08, 0x63, 0x08,
  0x63, 0x08, 0x63, 0x08, 0x63, 0x08, 0x63, 0x08, 0x63, 0x08, 0x63, 0x08, 0x63, 0x08, 0x63, 0x08,
  0x63, 0x08, 0x63, 0x08, 0x83, 0x08, 0x83, 0x08, 0x43, 0x00, 0x63, 0x08, 0xC5, 0x59, 0x87, 0xC3,
  0x28, 0xE4, 0xE8, 0xDB, 0xC8, 0xD3, 0xE8, 0xD3, 0xE8, 0xD3, 0xE8, 0xD3, 0xE9, 0xD3, 0xE9, 0xD3,
  0xE9, 0xD3, 0xE9, 0xD3, 0xE9, 0xD3, 0xE9, 0xD3, 0xEA, 0xD3, 0xEA, 0xD3, 0xEA, 0xD3, 0xEA, 0xD3,
  0xEA, 0xD3, 0xEB, 0xD3, 0x04, 0x31, 0x43, 0x00, 0x83, 0x08, 0x63, 0x08, 0x63, 0x08, 0x63, 0x08,
  0x63, 0x08, 0x63, 0x08, 0x63, 0x08, 0x63, 0x08, 0x63, 0x08, 0x63, 0x08, 0x63, 0x08, 0x63, 0x08,
  0x63, 0x08, 0x63, 0x08, 0x63, 0x08, 0x83, 0x08, 0x63, 0x08, 0x42, 0x00, 0xA7, 0x51, 0xCE, 0xCB,
  0x0F, 0xDC, 0xCF, 0xCB, 0xEF, 0xCB, 0xEF, 0xCB, 0xEF, 0xCB, 0xF0, 0xCB, 0xF0, 0xCB, 0xF0, 0xC3,
  0xF0, 0xC3, 0xF0, 0xC3, 0xF1, 0xC3, 0xF1, 0xC3, 0xF1, 0xC3, 0xF1, 0xC3, 0xF2, 0xC3, 0x12, 0xC4,
  0x12, 0xC4, 0x12, 0xBC, 0x13, 0xBC, 0x13, 0xBC, 0x13, 0xBC, 0x13, 0xBC, 0x14, 0xBC, 0x14, 0xBC,
  0x14, 0xBC, 0x14, 0xB4, 0x14, 0xB4, 0x15, 0xB4, 0x35, 0xB4, 0x35, 0xB4, 0x35, 0xB4, 0x36, 0xB4,
  0x36, 0xB4, 0x36, 0xAC, 0x36, 0xAC, 0x36, 0xAC, 0x37, 0xAC, 0x37, 0xAC, 0x37, 0xAC, 0x37, 0xAC,
  0x38, 0xA4, 0x38, 0xA4, 0x38, 0xA4, 0x38, 0xA4, 0x58, 0xA4, 0x59, 0xA4, 0x59, 0xA4, 0x59, 0xA4,
  0x59, 0x9C, 0x59, 0x9C, 0x59, 0x9C, 0x59, 0x9C, 0x5A, 0x9C, 0x5A, 0x9C, 0x5A, 0x9C, 0x5A, 0x9C,
  0x5A, 0x9C, 0x5A, 0x9C, 0x5A, 0x94, 0x5A, 0x94, 0x5A, 0x94, 0x5A, 0x94, 0x5B, 0x94, 0x5B, 0x94,
  0x5B, 0x94, 0x5B, 0x94, 0x5B, 0x94, 0x5B, 0x94, 0x5B, 0x8C, 0x5B, 0x8C, 0x5B, 0x8C, 0x5B, 0x8C,
  0x5C, 0x8C, 0x5C, 0x8C, 0x5C, 0x8C, 0x5C, 0x8C, 0x5B, 0x84, 0xBE, 0x94, 0x4F, 0x42, 0x21, 0x00,
  0x83, 0x08, 0x63, 0x08, 0x63, 0x08, 0x63, 0x08, 0x63, 0x08, 0x63, 0x08, 0x63, 0x08, 0x63, 0x08,
  0x63, 0x08, 0x63, 0x08, 0x63, 0x08, 0x63, 0x08, 0x63, 0x08, 0x63, 0x08, 0x63, 0x08, 0x63, 0x08,
  0x63, 0x08, 0x63, 0x08, 0x63, 0x08, 0x63, 0x08, 0x63, 0x08, 0x63, 0x08, 0x63, 0x08, 0x63, 0x08,
  0x63, 0x08, 0x63, 0x08, 0x63, 0x08, 0x63, 0x08, 0x63, 0x08, 0x63, 0x08, 0x63, 0x08, 0x63, 0x08,
  0x63, 0x08, 0x63, 0x08, 0x63, 0x08, 0x63, 0x08, 0x63, 0x08, 0x63, 0x08, 0x63, 0x08, 0x63, 0x08,
  0x63, 0x08, 0x63, 0x08, 0x63, 0x08, 0x63, 0x08, 0x63, 0x08, 0x63, 0x08, 0x63, 0x08, 0x63, 0x08,
  0x63, 0x08, 0x63, 0x08, 0x63, 0x08, 0x63, 0x08, 0x63, 0x08, 0x63, 0x08, 0x63, 0x08, 0x63, 0x08,
  0x63, 0x08, 0x63, 0x08, 0x63, 0x08, 0x63, 0x08, 0x63, 0x08, 0x63, 0x08, 0x63, 0x08, 0x63, 0x08,
  0x63, 0x08, 0x63, 0x08, 0x63, 0x08, 0x63, 0x08, 0x63, 0x08, 0x63, 0x08, 0x63, 0x08, 0x63, 0x08,
  0x63, 0x08, 0x63, 0x08, 0x63, 0x08, 0x63, 0x08, 0x63, 0x08, 0x63, 0x08, 0x63, 0x08, 0x63, 0x08,
  0x63, 0x08, 0x63, 0x08, 0x63, 0x08, 0x63, 0x08, 0x63, 0x08, 0x63, 0x08, 0x63, 0x08, 0x63, 0x08,
  0x63, 0x08, 0x63, 0x08, 0x63, 0x08, 0x63, 0x08, 0x63, 0x08, 0x63, 0x08, 0x63, 0x08, 0x63, 0x08,
  0x63, 0x08, 0x63, 0x08, 0x63, 0x08, 0x63, 0x08, 0x63, 0x08, 0x63, 0x08, 0x63, 0x08, 0x63, 0x08,
  0x63, 0x08, 0x63, 0x08, 0x63, 0x08, 0x63, 0x08, 0x63, 0x08, 0x63, 0x08, 0x63, 0x08, 0x63, 0x08,
  0x83, 0x08, 0x83, 0x08, 0x43, 0x00, 0x43, 0x00, 0x64, 0x41, 0x26, 0xB3, 0x07, 0xE4, 0xE7, 0xDB,
  0xC7, 0xD3, 0xE8, 0xD3, 0xE8, 0xD3, 0xE8, 0xD3, 0xE8, 0xD3, 0xE8, 0xD3, 0xE9, 0xD3, 0xE9, 0xD3,
  0xE9, 0xD3, 0xE9, 0xD3, 0xE9, 0xD3, 0xE9, 0xD3, 0xEA, 0xD3, 0xEA, 0xD3, 0xEA, 0xD3, 0xCA, 0xD3,
  0x2B, 0xE4, 0x88, 0x82, 0x43, 0x00, 0x83, 0x08, 0x63, 0x08, 0x63, 0x08, 0x63, 0x08, 0x63, 0x08,
  0x63, 0x08, 0x63, 0x08, 0x63, 0x08, 0x63, 0x08, 0x63, 0x08, 0x63, 0x08, 0x63, 0x08, 0x63, 0x08,
  0x63, 0x08, 0x63, 0x08, 0x83, 0x08, 0x43, 0x00, 0x63, 0x08, 0x8A, 0x82, 0x0F, 0xDC, 0xEE, 0xD3,
  0xCE, 0xCB, 0xEF, 0xCB, 0xEF, 0xCB, 0x10, 0xD4, 0x10, 0xD4, 0x30, 0xD4, 0x31, 0xD4, 0x31, 0xD4,
  0x31, 0xD4, 0x31, 0xD4, 0x32, 0xD4, 0x32, 0xD4, 0x32, 0xCC, 0x32, 0xCC, 0x12, 0xC4, 0x12, 0xC4,
  0xF2, 0xBB, 0xF2, 0xBB, 0x12, 0xBC, 0x13, 0xBC, 0x13, 0xBC, 0x13, 0xBC, 0x14, 0xBC, 0x14, 0xBC,
  0x14, 0xBC, 0x14, 0xB4, 0x14, 0xB4, 0x15, 0xB4, 0x35, 0xB4, 0x35, 0xB4, 0x35, 0xB4, 0x36, 0xB4,
  0x36, 0xB4, 0x36, 0xAC, 0x36, 0xAC, 0x36, 0xAC, 0x37, 0xAC, 0x37, 0xAC, 0x37, 0xAC, 0x37, 0xAC,
  0x38, 0xA4, 0x38, 0xA4, 0x38, 0xA4, 0x38, 0xA4, 0x58, 0xA4, 0x59, 0xA4, 0x59, 0xA4, 0x59, 0xA4,
  0x59, 0x9C, 0x59, 0x9C, 0x59, 0x9C, 0x59, 0x9C, 0x5A, 0x9C, 0x5A, 0x9C, 0x5A, 0x9C, 0x5A, 0x9C,
  0x5A, 0x9C, 0x5A, 0x9C, 0x5A, 0x94, 0x5A, 0x94, 0x5A, 0x94, 0x5A, 0x94, 0x5B, 0x94, 0x5B, 0x94,
  0x5B, 0x94, 0x5B, 0x94, 0x5B, 0x94, 0x5B, 0x94, 0x5B, 0x8C, 0x5B, 0x8C, 0x5B, 0x8C, 0x5B, 0x8C,
  0x5C, 0x8C, 0x5C, 0x8C, 0x5C, 0x8C, 0x5C, 0x8C, 0x7D, 0x8C, 0xD9, 0x73, 0x84, 0x08, 0x63, 0x08,
  0x83, 0x08, 0x63, 0x08, 0x63, 0x08, 0x63, 0x08, 0x63, 0x08, 0x63, 0x08, 0x63, 0x08, 0x63, 0x08,
  0x63, 0x08, 0x63, 0x08, 0x63, 0x08, 0x63, 0x08, 0x63, 0x08, 0x63, 0x08, 0x63, 0x08, 0x63, 0x08,
  0x63, 0x08, 0x63, 0x08, 0x63, 0x08, 0x63, 0x08, 0x63, 0x08, 0x63, 0x08, 0x63, 0x08, 0x63, 0x08,
  0x63, 0x08, 0x63, 0x08, 0x63, 0x08, 0x63, 0x08, 0x63, 0x08, 0x63, 0x08, 0x63, 0x08, 0x63, 0x08,
  0x63, 0x08, 0x63, 0x08, 0x63, 0x08, 0x63, 0x08, 0x63, 0x08, 0x63, 0x08, 0x63, 0x08, 0x63, 0x08,
  0x63, 0x08, 0x63, 0x08, 0x63, 0x08, 0x63, 0x08, 0x63, 0x08, 0x63, 0x08, 0x63, 0x08, 0x63, 0x08,
  0x63, 0x08, 0x63, 0x08, 0x63, 0x08, 0x63, 0x08, 0x63, 0x08, 0x63, 0x08, 0x63, 0x08, 0x63, 0x08,
  0x63, 0x08, 0x63, 0x08, 0x63, 0x08, 0x63, 0x08, 0x63, 0x08, 0x63, 0x08, 0x63, 0x08, 0x63, 0x08,
  0x63, 0x08, 0x63, 0x08, 0x63, 0x08, 0x63, 0x08, 0x63, 0x08, 0x63, 0x08, 0x63, 0x08, 0x63, 0x08,
  0x63, 0x08, 0x63, 0x08, 0x63, 0x08, 0x63, 0x08, 0x63, 0x08, 0x63, 0x08, 0x63, 0x08, 0x63, 0x08,
  0x63, 0x08, 0x63, 0x08, 0x63, 0x08, 0x63, 0x08, 0x63, 0x08, 0x63, 0x08, 0x63, 0x08, 0x63, 0x08,
  0x63, 0x08, 0x63, 0x08, 0x63, 0x08, 0x63, 0x08, 0x63, 0x08, 0x63, 0x08, 0x63, 0x08, 0x63, 0x08,
  0x63, 0x08, 0x63, 0x08, 0x63, 0x08, 0x63, 0x08, 0x63, 0x08, 0x63, 0x08, 0x63, 0x08, 0x63, 0x08,
  0x63, 0x08, 0x63, 0x08, 0x63, 0x08, 0x63, 0x08, 0x63, 0x08, 0x63, 0x08, 0x63, 0x08, 0x83, 0x08,
  0x63, 0x00, 0x43, 0x00, 0x04, 0x31, 0xE6, 0x9A, 0x07, 0xE4, 0x07, 0xE4, 0xC7, 0xD3, 0xC7, 0xD3,
  0xE8, 0xDB, 0xE8, 0xDB, 0xE8, 0xD3, 0xE8, 0xD3, 0xE8, 0xD3, 0xE8, 0xD3, 0xE9, 0xD3, 0xE9, 0xD3,
  0xE9, 0xD3, 0xE9, 0xD3, 0xE9, 0xD3, 0xE9, 0xD3, 0xEA, 0xD3, 0xEA, 0xD3, 0xEA, 0xD3, 0xEA, 0xD3,
  0xCA, 0xCB, 0xC4, 0x20, 0x63, 0x00, 0x83, 0x08, 0x63, 0x08, 0x63, 0x08, 0x63, 0x08, 0x63, 0x08,
  0x63, 0x08, 0x63, 0x08, 0x63, 0x08, 0x63, 0x08, 0x63, 0x08, 0x63, 0x08, 0x63, 0x08, 0x63, 0x08,
  0x63, 0x08, 0x83, 0x08, 0x42, 0x00, 0xE4, 0x20, 0x2C, 0xAB, 0x0F, 0xDC, 0xEE, 0xCB, 0x0F, 0xD4,
  0x2F, 0xDC, 0x30, 0xDC, 0xEF, 0xD3, 0xAE, 0xC3, 0x4D, 0xAB, 0x0C, 0x9B, 0xCC, 0x8A, 0x8B, 0x7A,
  0x6B, 0x72, 0x6B, 0x72, 0x8B, 0x7A, 0xCC, 0x82, 0x0D, 0x93, 0x6F, 0xA3, 0xB1, 0xB3, 0x12, 0xC4,
  0x53, 0xCC, 0x53, 0xCC, 0x33, 0xC4, 0x13, 0xBC, 0x13, 0xBC, 0x13, 0xBC, 0x14, 0xBC, 0x14, 0xBC,
  0x14, 0xBC, 0x14, 0xB4, 0x14, 0xB4, 0x15, 0xB4, 0x35, 0xB4, 0x35, 0xB4, 0x35, 0xB4, 0x36, 0xB4,
  0x36, 0xB4, 0x36, 0xAC, 0x36, 0xAC, 0x36, 0xAC, 0x37, 0xAC, 0x37, 0xAC, 0x37, 0xAC, 0x37, 0xAC,
  0x38, 0xA4, 0x38, 0xA4, 0x38, 0xA4, 0x38, 0xA4, 0x58, 0xA4, 0x59, 0xA4, 0x59, 0xA4, 0x59, 0xA4,
  0x59, 0x9C, 0x59, 0x9C, 0x59, 0x9C, 0x59, 0x9C, 0x5A, 0x9C, 0x5A, 0x9C, 0x5A, 0x9C, 0x5A, 0x9C,
  0x5A, 0x9C, 0x5A, 0x9C, 0x5A, 0x94, 0x5A, 0x94, 0x5A, 0x94, 0x5A, 0x94, 0x5B, 0x94, 0x5B, 0x94,
  0x5B, 0x94, 0x5B, 0x94, 0x5B, 0x94, 0x5B, 0x94, 0x5B, 0x8C, 0x5B, 0x8C, 0x5B, 0x8C, 0x5B, 0x8C,
  0x5C, 0x8C, 0x5C, 0x8C, 0x5C, 0x8C, 0x5B, 0x84, 0x9E, 0x94, 0xEC, 0x39, 0x21, 0x00, 0x83, 0x08,
  0x63, 0x08, 0x63, 0x08, 0x63, 0x08, 0x63, 0x08, 0x63, 0x08, 0x63, 0x08, 0x63, 0x08, 0x63, 0x08,
  0x63, 0x08, 0x63, 0x08, 0x63, 0x08, 0x63, 0x08, 0x63, 0x08, 0x63, 0x08, 0x63, 0x08, 0x63, 0x08,
  0x63, 0x08, 0x63, 0x08, 0x63, 0x08, 0x63, 0x08, 0x63, 0x08, 0x63, 0x08, 0x63, 0x08, 0x63, 0x08,
  0x63, 0x08, 0x63, 0x08, 0x63, 0x08, 0x63, 0x08, 0x63, 0x08, 0x63, 0x08, 0x63, 0x08, 0x63, 0x08,
  0x63, 0x08, 0x63, 0x08, 0x63, 0x08, 0x63, 0x08, 0x63, 0x08, 0x63, 0x08, 0x63, 0x08, 0x63, 0x08,
  0x63, 0x08, 0x63, 0x08, 0x63, 0x08, 0x63, 0x08, 0x63, 0x08, 0x63, 0x08, 0x63, 0x08, 0x63, 0x08,
  0x63, 0x08, 0x63, 0x08, 0x63, 0x08, 0x63, 0x08, 0x63, 0x08, 0x63, 0x08, 0x63, 0x08, 0x63, 0x08,
  0x63, 0x08, 0x63, 0x08, 0x63, 0x08, 0x63, 0x08, 0x63, 0x08, 0x63, 0x08, 0x63, 0x08, 0x63, 0x08,
  0x63, 0x08, 0x63, 0x08, 0x63, 0x08, 0x63, 0x08, 0x63, 0x08, 0x63, 0x08, 0x63, 0x08, 0x63, 0x08,
  0x63, 0x08, 0x63, 0x08, 0x63, 0x08, 0x63, 0x08, 0x63, 0x08, 0x63, 0x08, 0x63, 0x08, 0x63, 0x08,
  0x63, 0x08, 0x63, 0x08, 0x63, 0x08, 0x63, 0x08, 0x63, 0x08, 0x63, 0x08, 0x63, 0x08, 0x63, 0x08,
  0x63, 0x08, 0x63, 0x08, 0x63, 0x08, 0x63, 0x08, 0x63, 0x08, 0x63, 0x08, 0x63, 0x08, 0x63, 0x08,
  0x63, 0x08, 0x63, 0x08, 0x63, 0x08, 0x63, 0x08, 0x63, 0x08, 0x63, 0x08, 0x63, 0x08, 0x63, 0x08,
  0x63, 0x08, 0x63, 0x08, 0x63, 0x08, 0x63, 0x08, 0x63, 0x08, 0x83, 0x08, 0x63, 0x08, 0x23, 0x00,
  0xC3, 0x20, 0x85, 0x8A, 0xE7, 0xDB, 0x07, 0xE4, 0xC7, 0xD3, 0xC7, 0xD3, 0xE7, 0xDB, 0xE7, 0xDB,
  0xE8, 0xDB, 0xE8, 0xDB, 0xE8, 0xD3, 0xE8, 0xD3, 0xE8, 0xD3, 0xE8, 0xD3, 0xE9, 0xD3, 0xE9, 0xD3,
  0xE9, 0xD3, 0xE9, 0xD3, 0xE9, 0xD3, 0xE9, 0xD3, 0xEA, 0xD3, 0xEA, 0xD3, 0xCA, 0xD3, 0x2B, 0xE4,
  0x27, 0x6A, 0x23, 0x00, 0x83, 0x08, 0x63, 0x08, 0x63, 0x08, 0x63, 0x08, 0x63, 0x08, 0x63, 0x08,
  0x63, 0x08, 0x63, 0x08, 0x63, 0x08, 0x63, 0x08, 0x63, 0x08, 0x63, 0x08, 0x63, 0x08, 0x63, 0x08,
  0x83, 0x08, 0x43, 0x00, 0x86, 0x49, 0xCE, 0xCB, 0x2F, 0xE4, 0x0F, 0xDC, 0xEE, 0xD3, 0x4C, 0xAB,
  0x8A, 0x82, 0xA7, 0x51, 0x25, 0x31, 0xA4, 0x18, 0x63, 0x08, 0x43, 0x00, 0x42, 0x00, 0x42, 0x00,
  0x42, 0x00, 0x42, 0x00, 0x42, 0x00, 0x42, 0x00, 0x42, 0x00, 0x63, 0x08, 0xA4, 0x10, 0x06, 0x29,
  0xA8, 0x49, 0x8C, 0x72, 0x50, 0x9B, 0x13, 0xBC, 0x54, 0xCC, 0x54, 0xC4, 0x14, 0xBC, 0x13, 0xB4,
  0x14, 0xB4, 0x14, 0xB4, 0x14, 0xB4, 0x15, 0xB4, 0x35, 0xB4, 0x35, 0xB4, 0x35, 0xB4, 0x36, 0xB4,
  0x36, 0xB4, 0x36, 0xAC, 0x36, 0xAC, 0x36, 0xAC, 0x37, 0xAC, 0x37, 0xAC, 0x37, 0xAC, 0x37, 0xAC,
  0x38, 0xA4, 0x38, 0xA4, 0x38, 0xA4, 0x38, 0xA4, 0x58, 0xA4, 0x59, 0xA4, 0x59, 0xA4, 0x59, 0xA4,
  0x59, 0x9C, 0x59, 0x9C, 0x59, 0x9C, 0x59, 0x9C, 0x5A, 0x9C, 0x5A, 0x9C, 0x5A, 0x9C, 0x5A, 0x9C,
  0x5A, 0x9C, 0x5A, 0x9C, 0x5A, 0x94, 0x5A, 0x94, 0x5A, 0x94, 0x5A, 0x94, 0x5B, 0x94, 0x5B, 0x94,
  0x5B, 0x94, 0x5B, 0x94, 0x5B, 0x94, 0x5B, 0x94, 0x5B, 0x8C, 0x5B, 0x8C, 0x5B, 0x8C, 0x5B, 0x8C,
  0x5C, 0x8C, 0x5C, 0x8C, 0x5B, 0x8C, 0x9D, 0x8C, 0x97, 0x6B, 0x63, 0x08, 0x83, 0x08, 0x63, 0x08,
  0x63, 0x08, 0x63, 0x08, 0x63, 0x08, 0x63, 0x08, 0x63, 0x08, 0x63, 0x08, 0x63, 0x08, 0x63, 0x08,
  0x63, 0x08, 0x63, 0x08, 0x63, 0x08, 0x63, 0x08, 0x63, 0x08, 0x63, 0x08, 0x63, 0x08, 0x63, 0x08,
  0x63, 0x08, 0x63, 0x08, 0x63, 0x08, 0x63, 0x08, 0x63, 0x08, 0x63, 0x08, 0x63, 0x08, 0x63, 0x08,
  0x63, 0x08, 0x63, 0x08, 0x63, 0x08, 0x63, 0x08, 0x63, 0x08, 0x63, 0x08, 0x63, 0x08, 0x63, 0x08,
  0x63, 0x08, 0x63, 0x08, 0x63, 0x08, 0x63, 0x08, 0x63, 0x08, 0x63, 0x08, 0x63, 0x08, 0x63, 0x08,
  0x63, 0x08, 0x63, 0x08, 0x63, 0x08, 0x63, 0x08, 0x63, 0x08, 0x63, 0x08, 0x63, 0x08, 0x63, 0x08,
  0x63, 0x08, 0x63, 0x08, 0x63, 0x08, 0x63, 0x08, 0x63, 0x08, 0x63, 0x08, 0x63, 0x08, 0x63, 0x08,
  0x63, 0x08, 0x63, 0x08, 0x63, 0x08, 0x63, 0x08, 0x63, 0x08, 0x63, 0x08, 0x63, 0x08, 0x63, 0x08,
  0x63, 0x08, 0x63, 0x08, 0x63, 0x08, 0x63, 0x08, 0x63, 0x08, 0x63, 0x08, 0x63, 0x08, 0x63, 0x08,
  0x63, 0x08, 0x63, 0x08, 0x63, 0x08, 0x63, 0x08, 0x63, 0x08, 0x63, 0x08, 0x63, 0x08, 0x63, 0x08,
  0x63, 0x08, 0x63, 0x08, 0x63, 0x08, 0x63, 0x08, 0x63, 0x08, 0x63, 0x08, 0x63, 0x08, 0x63, 0x08,
  0x63, 0x08, 0x63, 0x08, 0x63, 0x08, 0x63, 0x08, 0x63, 0x08, 0x63, 0x08, 0x63, 0x08, 0x63, 0x08,
  0x63, 0x08, 0x63, 0x08, 0x63, 0x08, 0x63, 0x08, 0x63, 0x08, 0x63, 0x08, 0x63, 0x08, 0x63, 0x08,
  0x63, 0x08, 0x63, 0x08, 0x63, 0x08, 0x63, 0x08, 0x83, 0x08, 0x43, 0x00, 0x83, 0x10, 0x24, 0x72,
  0xA6, 0xCB, 0x06, 0xE4, 0xC6, 0xD3, 0xC7, 0xD3, 0xE7, 0xDB, 0xE7, 0xDB, 0xE7, 0xDB, 0xE7, 0xDB,
  0xE8, 0xDB, 0xE8, 0xDB, 0xE8, 0xD3, 0xE8, 0xD3, 0xE8, 0xD3, 0xE8, 0xD3, 0xE9, 0xD3, 0xE9, 0xD3,
  0xE9, 0xD3, 0xE9, 0xD3, 0xE9, 0xD3, 0xE9, 0xD3, 0xEA, 0xD3, 0xCA, 0xD3, 0xEA, 0xDB, 0x89, 0xBB,
  0x83, 0x10, 0x63, 0x08, 0x63, 0x08, 0x63, 0x08, 0x63, 0x08, 0x63, 0x08, 0x63, 0x08, 0x63, 0x08,
  0x63, 0x08, 0x63, 0x08, 0x63, 0x08, 0x63, 0x08, 0x63, 0x08, 0x63, 0x08, 0x63, 0x08, 0x63, 0x08,
  0x83, 0x08, 0x43, 0x00, 0x86, 0x49, 0xCE, 0xCB, 0x2C, 0xAB, 0x08, 0x62, 0x05, 0x29, 0x63, 0x08,
  0x42, 0x00, 0x42, 0x00, 0x43, 0x00, 0x63, 0x08, 0x63, 0x08, 0x83, 0x08, 0x83, 0x08, 0x83, 0x08,
  0x83, 0x08, 0x83, 0x08, 0x83, 0x08, 0x83, 0x08, 0x83, 0x08, 0x63, 0x08, 0x63, 0x08, 0x42, 0x00,
  0x42, 0x00, 0x22, 0x00, 0x63, 0x08, 0x05, 0x21, 0x0A, 0x5A, 0x30, 0x93, 0x14, 0xBC, 0x55, 0xC4,
  0x34, 0xBC, 0x14, 0xB4, 0x14, 0xB4, 0x15, 0xB4, 0x35, 0xB4, 0x35, 0xB4, 0x35, 0xB4, 0x36, 0xB4,
  0x36, 0xB4, 0x36, 0xAC, 0x36, 0xAC, 0x36, 0xAC, 0x37, 0xAC, 0x37, 0xAC, 0x37, 0xAC, 0x37, 0xAC,
  0x38, 0xA4, 0x38, 0xA4, 0x38, 0xA4, 0x38, 0xA4, 0x58, 0xA4, 0x59, 0xA4, 0x59, 0xA4, 0x59, 0xA4,
  0x59, 0x9C, 0x59, 0x9C, 0x59, 0x9C, 0x59, 0x9C, 0x5A, 0x9C, 0x5A, 0x9C, 0x5A, 0x9C, 0x5A, 0x9C,
  0x5A, 0x9C, 0x5A, 0x9C, 0x5A, 0x94, 0x5A, 0x94, 0x5A, 0x94, 0x5A, 0x94, 0x5B, 0x94, 0x5B, 0x94,
  0x5B, 0x94, 0x5B, 0x94, 0x5B, 0x94, 0x5B, 0x94, 0x5B, 0x8C, 0x5B, 0x8C, 0x5B, 0x8C, 0x5B, 0x8C,
  0x5C, 0x8C, 0x5C, 0x8C, 0x5C, 0x8C, 0x7D, 0x8C, 0x69, 0x29, 0x42, 0x00, 0x83, 0x08, 0x63, 0x08,
  0x63, 0x08, 0x63, 0x08, 0x63, 0x08, 0x63, 0x08, 0x63, 0x08, 0x63, 0x08, 0x63, 0x08, 0x63, 0x08,
  0x63, 0x08, 0x63, 0x08, 0x63, 0x08, 0x63, 0x08, 0x63, 0x08, 0x63, 0x08, 0x63, 0x08, 0x63, 0x08,
  0x63, 0x08, 0x63, 0x08, 0x63, 0x08, 0x63, 0x08, 0x63, 0x08, 0x63, 0x08, 0x63, 0x08, 0x63, 0x08,
  0x63, 0x08, 0x63, 0x08, 0x63, 0x08, 0x63, 0x08, 0x63, 0x08, 0x63, 0x08, 0x63, 0x08, 0x63, 0x08,
  0x63, 0x08, 0x63, 0x08, 0x63, 0x08, 0x63, 0x08, 0x63, 0x08, 0x63, 0x08, 0x63, 0x08, 0x63, 0x08,
  0x63, 0x08, 0x63, 0x08, 0x63, 0x08, 0x63, 0x08, 0x63, 0x08, 0x63, 0x08, 0x63, 0x08, 0x63, 0x08,
  0x63, 0x08, 0x63, 0x08, 0x63, 0x08, 0x63, 0x08, 0x63, 0x08, 0x63, 0x08, 0x63, 0x08, 0x63, 0x08,
  0x63, 0x08, 0x63, 0x08, 0x63, 0x08, 0x63, 0x08, 0x63, 0x08, 0x63, 0x08, 0x63, 0x08, 0x63, 0x08,
  0x63, 0x08, 0x63, 0x08, 0x63, 0x08, 0x63, 0x08, 0x63, 0x08, 0x63, 0x08, 0x63, 0x08, 0x63, 0x08,
  0x63, 0x08, 0x63, 0x08, 0x63, 0x08, 0x63, 0x08, 0x63, 0x08, 0x63, 0x08, 0x63, 0x08, 0x63, 0x08,
  0x63, 0x08, 0x63, 0x08, 0x63, 0x08, 0x63, 0x08, 0x63, 0x08, 0x63, 0x08, 0x63, 0x08, 0x63, 0x08,
  0x63, 0x08, 0x63, 0x08, 0x63, 0x08, 0x63, 0x08, 0x63, 0x08, 0x63, 0x08, 0x63, 0x08, 0x63, 0x08,
  0x63, 0x08, 0x63, 0x08, 0x63, 0x08, 0x63, 0x08, 0x63, 0x08, 0x63, 0x08, 0x63, 0x08, 0x63, 0x08,
  0x63, 0x08, 0x63, 0x08, 0x63, 0x08, 0x83, 0x08, 0x43, 0x00, 0x84, 0x49, 0xA6, 0xCB, 0x26, 0xEC,
  0x06, 0xE4, 0x06, 0xE4, 0x07, 0xE4, 0xE7, 0xDB, 0xC7, 0xD3, 0xC7, 0xD3, 0xE7, 0xDB, 0xE7, 0xDB,
  0xE8, 0xDB, 0xE8, 0xDB, 0xE8, 0xD3, 0xE8, 0xD3, 0xE8, 0xD3, 0xE8, 0xD3, 0xE9, 0xD3, 0xE9, 0xD3,
  0xE9, 0xD3, 0xE9, 0xD3, 0xE9, 0xD3, 0xE9, 0xD3, 0xEA, 0xD3, 0xCA, 0xD3, 0x0B, 0xE4, 0xC6, 0x59,
  0x43, 0x00, 0x83, 0x08, 0x63, 0x08, 0x63, 0x08, 0x63, 0x08, 0x63, 0x08, 0x63, 0x08, 0x63, 0x08,
  0x63, 0x08, 0x63, 0x08, 0x63, 0x08, 0x63, 0x08, 0x63, 0x08, 0x63, 0x08, 0x63, 0x08, 0x63, 0x08,
  0x63, 0x08, 0x83, 0x08, 0x43, 0x00, 0xC4, 0x18, 0x83, 0x08, 0x22, 0x00, 0x43, 0x00, 0x63, 0x08,
  0x83, 0x08, 0x83, 0x08, 0x83, 0x08, 0x83, 0x08, 0x63, 0x08, 0x63, 0x08, 0x63, 0x08, 0x63, 0x08,
  0x63, 0x08, 0x63, 0x08, 0x63, 0x08, 0x63, 0x08, 0x63, 0x08, 0x63, 0x08, 0x63, 0x08, 0x83, 0x08,
  0x83, 0x08, 0x83, 0x08, 0x63, 0x08, 0x43, 0x00, 0x22, 0x00, 0x63, 0x00, 0x26, 0x29, 0x8D, 0x72,
  0xF3, 0xB3, 0x55, 0xC4, 0x35, 0xBC, 0x14, 0xB4, 0x35, 0xB4, 0x35, 0xB4, 0x35, 0xB4, 0x36, 0xB4,
  0x36, 0xB4, 0x36, 0xAC, 0x36, 0xAC, 0x36, 0xAC, 0x37, 0xAC, 0x37, 0xAC, 0x37, 0xAC, 0x37, 0xAC,
  0x38, 0xA4, 0x38, 0xA4, 0x38, 0xA4, 0x38, 0xA4, 0x58, 0xA4, 0x59, 0xA4, 0x59, 0xA4, 0x59, 0xA4,
  0x59, 0x9C, 0x59, 0x9C, 0x59, 0x9C, 0x59, 0x9C, 0x5A, 0x9C, 0x5A, 0x9C, 0x5A, 0x9C, 0x5A, 0x9C,
  0x5A, 0x9C, 0x5A, 0x9C, 0x5A, 0x94, 0x5A, 0x94, 0x5A, 0x94, 0x5A, 0x94, 0x5B, 0x94, 0x5B, 0x94,
  0x5B, 0x94, 0x5B, 0x94, 0x5B, 0x94, 0x5B, 0x94, 0x5B, 0x8C, 0x5B, 0x8C, 0x5B, 0x8C, 0x5B, 0x8C,
  0x5C, 0x8C, 0x5B, 0x8C, 0x9D, 0x94, 0x14, 0x5B, 0x42, 0x00, 0x83, 0x08, 0x63, 0x08, 0x63, 0x08,
  0x63, 0x08, 0x63, 0x08, 0x63, 0x08, 0x63, 0x08, 0x63, 0x08, 0x63, 0x08, 0x63, 0x08, 0x63, 0x08,
  0x63, 0x08, 0x63, 0x08, 0x63, 0x08, 0x63, 0x08, 0x63, 0x08, 0x63, 0x08, 0x63, 0x08, 0x63, 0x08,
  0x63, 0x08, 0x63, 0x08, 0x63, 0x08, 0x63, 0x08, 0x63, 0x08, 0x63, 0x08, 0x63, 0x08, 0x63, 0x08,
  0x63, 0x08, 0x63, 0x08, 0x63, 0x08, 0x63, 0x08, 0x63, 0x08, 0x63, 0x08, 0x63, 0x08, 0x63, 0x08,
  0x63, 0x08, 0x63, 0x08, 0x63, 0x08, 0x63, 0x08, 0x63, 0x08, 0x63, 0x08, 0x63, 0x08, 0x63, 0x08,
  0x63, 0x08, 0x63, 0x08, 0x63, 0x08, 0x63, 0x08, 0x63, 0x08, 0x63, 0x08, 0x63, 0x08, 0x63, 0x08,
  0x63, 0x08, 0x63, 0x08, 0x63, 0x08, 0x63, 0x08, 0x63, 0x08, 0x63, 0x08, 0x63, 0x08, 0x63, 0x08,
  0x63, 0x08, 0x63, 0x08, 0x63, 0x08, 0x63, 0x08, 0x63, 0x08, 0x63, 0x08, 0x63, 0x08, 0x63, 0x08,
  0x63, 0x08, 0x63, 0x08, 0x63, 0x08, 0x63, 0x08, 0x63, 0x08, 0x63, 0x08, 0x63, 0x08, 0x63, 0x08,
  0x63, 0x08, 0x63, 0x08, 0x63, 0x08, 0x63, 0x08, 0x63, 0x08, 0x63, 0x08, 0x63, 0x08, 0x63, 0x08,
  0x63, 0x08, 0x63, 0x08, 0x63, 0x08, 0x63, 0x08, 0x63, 0x08, 0x63, 0x08, 0x63, 0x08, 0x63, 0x08,
  0x63, 0x08, 0x63, 0x08, 0x63, 0x08, 0x63, 0x08, 0x63, 0x08, 0x63, 0x08, 0x63, 0x08, 0x63, 0x08,
  0x63, 0x08, 0x63, 0x08, 0x63, 0x08, 0x63, 0x08, 0x63, 0x08, 0x63, 0x08, 0x63, 0x08, 0x63, 0x08,
  0x63, 0x08, 0x63, 0x08, 0x63, 0x08, 0x63, 0x08, 0x63, 0x00, 0x03, 0x29, 0x64, 0x41, 0x24, 0x31,
  0x64, 0x41, 0xE4, 0x61, 0x85, 0x8A, 0x66, 0xBB, 0x07, 0xE4, 0x07, 0xE4, 0xC7, 0xD3, 0xC7, 0xD3,
  0xE8, 0xDB, 0xE8, 0xDB, 0xE8, 0xD3, 0xE8, 0xD3, 0xE8, 0xD3, 0xE8, 0xD3, 0xE9, 0xD3, 0xE9, 0xD3,
  0xE9, 0xD3, 0xE9, 0xD3, 0xE9, 0xD3, 0xE9, 0xD3, 0xCA, 0xD3, 0x0A, 0xDC, 0x29, 0xAB, 0x63, 0x08,
  0x63, 0x08, 0x63, 0x08, 0x63, 0x08, 0x63, 0x08, 0x63, 0x08, 0x63, 0x08, 0x63, 0x08, 0x63, 0x08,
  0x63, 0x08, 0x63, 0x08, 0x63, 0x08, 0x63, 0x08, 0x63, 0x08, 0x63, 0x08, 0x63, 0x08, 0x63, 0x08,
  0x63, 0x08, 0x63, 0x08, 0x83, 0x08, 0x63, 0x00, 0x63, 0x08, 0x83, 0x08, 0x83, 0x08, 0x63, 0x08,
  0x63, 0x08, 0x63, 0x08, 0x63, 0x08, 0x63, 0x08, 0x63, 0x08, 0x63, 0x08, 0x63, 0x08, 0x63, 0x08,
  0x63, 0x08, 0x63, 0x08, 0x63, 0x08, 0x63, 0x08, 0x63, 0x08, 0x63, 0x08, 0x63, 0x08, 0x63, 0x08,
  0x63, 0x08, 0x63, 0x08, 0x63, 0x08, 0x83, 0x08, 0x83, 0x08, 0x83, 0x08, 0x42, 0x00, 0x22, 0x00,
  0xC5, 0x18, 0x6C, 0x62, 0xF4, 0xB3, 0x56, 0xC4, 0x15, 0xB4, 0x15, 0xB4, 0x35, 0xB4, 0x36, 0xB4,
  0x36, 0xB4, 0x36, 0xAC, 0x36, 0xAC, 0x36, 0xAC, 0x37, 0xAC, 0x37, 0xAC, 0x37, 0xAC, 0x37, 0xAC,
  0x38, 0xA4, 0x38, 0xA4, 0x38, 0xA4, 0x38, 0xA4, 0x58, 0xA4, 0x59, 0xA4, 0x59, 0xA4, 0x59, 0xA4,
  0x59, 0x9C, 0x59, 0x9C, 0x59, 0x9C, 0x59, 0x9C, 0x5A, 0x9C, 0x5A, 0x9C, 0x5A, 0x9C, 0x5A, 0x9C,
  0x5A, 0x9C, 0x5A, 0x9C, 0x5A, 0x94, 0x5A, 0x94, 0x5A, 0x94, 0x5A, 0x94, 0x5B, 0x94, 0x5B, 0x94,
  0x5B, 0x94, 0x5B, 0x94, 0x5B, 0x94, 0x5B, 0x94, 0x5B, 0x8C, 0x5B, 0x8C, 0x5B, 0x8C, 0x5B, 0x8C,
  0x5B, 0x8C, 0x7C, 0x8C, 0x5B, 0x8C, 0x07, 0x19, 0x42, 0x00, 0x83, 0x08, 0x63, 0x08, 0x63, 0x08,
  0x63, 0x08, 0x63, 0x08, 0x63, 0x08, 0x63, 0x08, 0x63, 0x08, 0x63, 0x08, 0x63, 0x08, 0x63, 0x08,
  0x63, 0x08, 0x63, 0x08, 0x63, 0x08, 0x63, 0x08, 0x63, 0x08, 0x63, 0x08, 0x63, 0x08, 0x63, 0x08,
  0x63, 0x08, 0x63, 0x08, 0x63, 0x08, 0x63, 0x08, 0x63, 0x08, 0x63, 0x08, 0x63, 0x08, 0x63, 0x08,
  0x63, 0x08, 0x63, 0x08, 0x63, 0x08, 0x63, 0x08, 0x63, 0x08, 0x63, 0x08, 0x63, 0x08, 0x63, 0x08,
  0x63, 0x08, 0x63, 0x08, 0x63, 0x08, 0x63, 0x08, 0x63, 0x08, 0x63, 0x08, 0x63, 0x08, 0x63, 0x08,
  0x63, 0x08, 0x63, 0x08, 0x63, 0x08, 0x63, 0x08, 0x63, 0x08, 0x63, 0x08, 0x63, 0x08, 0x63, 0x08,
  0x63, 0x08, 0x63, 0x08, 0x63, 0x08, 0x63, 0x08, 0x63, 0x08, 0x63, 0x08, 0x63, 0x08, 0x63, 0x08,
  0x63, 0x08, 0x63, 0x08, 0x63, 0x08, 0x63, 0x08, 0x63, 0x08, 0x63, 0x08, 0x63, 0x08, 0x63, 0x08,
  0x63, 0x08, 0x63, 0x08, 0x63, 0x08, 0x63, 0x08, 0x63, 0x08, 0x63, 0x08, 0x63, 0x08, 0x63, 0x08,
  0x63, 0x08, 0x63, 0x08, 0x63, 0x08, 0x63, 0x08, 0x63, 0x08, 0x63, 0x08, 0x63, 0x08, 0x63, 0x08,
  0x63, 0x08, 0x63, 0x08, 0x63, 0x08, 0x63, 0x08, 0x63, 0x08, 0x63, 0x08, 0x63, 0x08, 0x63, 0x08,
  0x63, 0x08, 0x63, 0x08, 0x63, 0x08, 0x63, 0x08, 0x63, 0x08, 0x63, 0x08, 0x63, 0x08, 0x63, 0x08,
  0x63, 0x08, 0x63, 0x08, 0x63, 0x08, 0x63, 0x08, 0x63, 0x08, 0x63, 0x08, 0x63, 0x08, 0x63, 0x08,
  0x63, 0x08, 0x63, 0x08, 0x63, 0x08, 0x63, 0x08, 0x63, 0x08, 0x43, 0x00, 0x43, 0x00, 0x43, 0x00,
  0x43, 0x00, 0x43, 0x00, 0x43, 0x00, 0x83, 0x08, 0x64, 0x41, 0xE6, 0x9A, 0x07, 0xE4, 0x07, 0xDC,
  0xC7, 0xD3, 0xE8, 0xDB, 0xE8, 0xD3, 0xE8, 0xD3, 0xE8, 0xD3, 0xE8, 0xD3, 0xE9, 0xD3, 0xE9, 0xD3,
  0xE9, 0xD3, 0xE9, 0xD3, 0xE9, 0xD3, 0xE9, 0xD3, 0xCA, 0xD3, 0x0A, 0xDC, 0x65, 0x41, 0x43, 0x00,
  0x83, 0x08, 0x63, 0x08, 0x63, 0x08, 0x63, 0x08, 0x63, 0x08, 0x63, 0x08, 0x63, 0x08, 0x63, 0x08,
  0x63, 0x08, 0x63, 0x08, 0x63, 0x08, 0x63, 0x08, 0x63, 0x08, 0x63, 0x08, 0x63, 0x08, 0x63, 0x08,
  0x63, 0x08, 0x63, 0x08, 0x63, 0x08, 0x83, 0x08, 0x63, 0x08, 0x63, 0x08, 0x63, 0x08, 0x63, 0x08,
  0x63, 0x08, 0x63, 0x08, 0x63, 0x08, 0x63, 0x08, 0x63, 0x08, 0x63, 0x08, 0x63, 0x08, 0x63, 0x08,
  0x63, 0x08, 0x63, 0x08, 0x63, 0x08, 0x63, 0x08, 0x63, 0x08, 0x63, 0x08, 0x63, 0x08, 0x63, 0x08,
  0x63, 0x08, 0x63, 0x08, 0x63, 0x08, 0x63, 0x08, 0x63, 0x08, 0x63, 0x08, 0x83, 0x08, 0x83, 0x08,
  0x63, 0x00, 0x22, 0x00, 0xE5, 0x18, 0xCE, 0x72, 0x56, 0xBC, 0x56, 0xBC, 0x15, 0xAC, 0x36, 0xB4,
  0x36, 0xB4, 0x36, 0xAC, 0x36, 0xAC, 0x36, 0xAC, 0x37, 0xAC, 0x37, 0xAC, 0x37, 0xAC, 0x37, 0xAC,
  0x38, 0xA4, 0x38, 0xA4, 0x38, 0xA4, 0x38, 0xA4, 0x58, 0xA4, 0x59, 0xA4, 0x59, 0xA4, 0x59, 0xA4,
  0x59, 0x9C, 0x59, 0x9C, 0x59, 0x9C, 0x59, 0x9C, 0x5A, 0x9C, 0x5A, 0x9C, 0x5A, 0x9C, 0x5A, 0x9C,
  0x5A, 0x9C, 0x5A, 0x9C, 0x5A, 0x94, 0x5A, 0x94, 0x5A, 0x94, 0x5A, 0x94, 0x5B, 0x94, 0x5B, 0x94,
  0x5B, 0x94, 0x5B, 0x94, 0x5B, 0x94, 0x5B, 0x94, 0x5B, 0x8C, 0x5B, 0x8C, 0x5B, 0x8C, 0x5B, 0x8C,
  0x5B, 0x8C, 0xBD, 0x94, 0x90, 0x4A, 0x21, 0x00, 0x84, 0x08, 0x63, 0x08, 0x63, 0x08, 0x63, 0x08,
  0x63, 0x08, 0x63, 0x08, 0x63, 0x08, 0x63, 0x08, 0x63, 0x08, 0x63, 0x08, 0x63, 0x08, 0x63, 0x08,
  0x63, 0x08, 0x63, 0x08, 0x63, 0x08, 0x63, 0x08, 0x63, 0x08, 0x63, 0x08, 0x63, 0x08, 0x63, 0x08,
  0x63, 0x08, 0x63, 0x08, 0x63, 0x08, 0x63, 0x08, 0x63, 0x08, 0x63, 0x08, 0x63, 0x08, 0x63, 0x08,
  0x63, 0x08, 0x63, 0x08, 0x63, 0x08, 0x63, 0x08, 0x63, 0x08, 0x63, 0x08, 0x63, 0x08, 0x63, 0x08,
  0x63, 0x08, 0x63, 0x08, 0x63, 0x08, 0x63, 0x08, 0x63, 0x08, 0x63, 0x08, 0x63, 0x08, 0x63, 0x08,
  0x63, 0x08, 0x63, 0x08, 0x63, 0x08, 0x63, 0x08, 0x63, 0x08, 0x63, 0x08, 0x63, 0x08, 0x63, 0x08,
  0x63, 0x08, 0x63, 0x08, 0x63, 0x08, 0x63, 0x08, 0x63, 0x08, 0x63, 0x08, 0x63, 0x08, 0x63, 0x08,
  0x63, 0x08, 0x63, 0x08, 0x63, 0x08, 0x63, 0x08, 0x63, 0x08, 0x63, 0x08, 0x63, 0x08, 0x63, 0x08,
  0x63, 0x08, 0x63, 0x08, 0x63, 0x08, 0x63, 0x08, 0x63, 0x08, 0x63, 0x08, 0x63, 0x08, 0x63, 0x08,
  0x63, 0x08, 0x63, 0x08, 0x63, 0x08, 0x63, 0x08, 0x63, 0x08, 0x63, 0x08, 0x63, 0x08, 0x63, 0x08,
  0x63, 0x08, 0x63, 0x08, 0x63, 0x08, 0x63, 0x08, 0x63, 0x08, 0x63, 0x08, 0x63, 0x08, 0x63, 0x08,
  0x63, 0x08, 0x63, 0x08, 0x63, 0x08, 0x63, 0x08, 0x63, 0x08, 0x63, 0x08, 0x63, 0x08, 0x63, 0x08,
  0x63, 0x08, 0x63, 0x08, 0x63, 0x08, 0x63, 0x08, 0x63, 0x08, 0x63, 0x08, 0x63, 0x08, 0x63, 0x08,
  0x63, 0x08, 0x63, 0x08, 0x63, 0x08, 0x63, 0x08, 0x63, 0x08, 0x83, 0x08, 0x83, 0x08, 0x83, 0x08,
  0x83, 0x08, 0x83, 0x08, 0x83, 0x08, 0x63, 0x08, 0x43, 0x00, 0x43, 0x00, 0x64, 0x41, 0x67, 0xBB,
  0x08, 0xE4, 0xC8, 0xD3, 0xE8, 0xD3, 0xE8, 0xD3, 0xE8, 0xD3, 0xE8, 0xD3, 0xE9, 0xD3, 0xE9, 0xD3,
  0xE9, 0xD3, 0xE9, 0xD3, 0xE9, 0xD3, 0xC9, 0xD3, 0x0A, 0xE4, 0xE8, 0x9A, 0x43, 0x00, 0x83, 0x08,
  0x63, 0x08, 0x63, 0x08, 0x63, 0x08, 0x63, 0x08, 0x63, 0x08, 0x63, 0x08, 0x63, 0x08, 0x63, 0x08,
  0x63, 0x08, 0x63, 0x08, 0x63, 0x08, 0x63, 0x08, 0x63, 0x08, 0x63, 0x08, 0x63, 0x08, 0x63, 0x08,
  0x63, 0x08, 0x63, 0x08, 0x63, 0x08, 0x63, 0x08, 0x63, 0x08, 0x63, 0x08, 0x63, 0x08, 0x63, 0x08,
  0x63, 0x08, 0x63, 0x08, 0x63, 0x08, 0x63, 0x08, 0x63, 0x08, 0x63, 0x08, 0x63, 0x08, 0x63, 0x08,
  0x63, 0x08, 0x63, 0x08, 0x63, 0x08, 0x63, 0x08, 0x63, 0x08, 0x63, 0x08, 0x63, 0x08, 0x63, 0x08,
  0x63, 0x08, 0x63, 0x08, 0x63, 0x08, 0x63, 0x08, 0x63, 0x08, 0x63, 0x08, 0x63, 0x08, 0x63, 0x08,
  0x83, 0x08, 0x83, 0x08, 0x63, 0x00, 0x22, 0x00, 0x68, 0x31, 0xB3, 0x9B, 0x77, 0xBC, 0x15, 0xAC,
  0x36, 0xAC, 0x36, 0xAC, 0x36, 0xAC, 0x36, 0xAC, 0x37, 0xAC, 0x37, 0xAC, 0x37, 0xAC, 0x37, 0xAC,
  0x38, 0xA4, 0x38, 0xA4, 0x38, 0xA4, 0x38, 0xA4, 0x58, 0xA4, 0x59, 0xA4, 0x59, 0xA4, 0x59, 0xA4,
  0x59, 0x9C, 0x59, 0x9C, 0x59, 0x9C, 0x59, 0x9C, 0x5A, 0x9C, 0x5A, 0x9C, 0x5A, 0x9C, 0x5A, 0x9C,
  0x5A, 0x9C, 0x5A, 0x9C, 0x5A, 0x94, 0x5A, 0x94, 0x5A, 0x94, 0x5A, 0x94, 0x5B, 0x94, 0x5B, 0x94,
  0x5B, 0x94, 0x5B, 0x94, 0x5B, 0x94, 0x5B, 0x94, 0x5B, 0x8C, 0x5B, 0x8C, 0x5B, 0x8C, 0x5B, 0x8C,
  0x7C, 0x8C, 0xF9, 0x7B, 0xA4, 0x10, 0x63, 0x08, 0x83, 0x08, 0x63, 0x08, 0x63, 0x08, 0x63, 0x08,
  0x63, 0x08, 0x63, 0x08, 0x63, 0x08, 0x63, 0x08, 0x63, 0x08, 0x63, 0x08, 0x63, 0x08, 0x63, 0x08,
  0x63, 0x08, 0x63, 0x08, 0x63, 0x08, 0x63, 0x08, 0x63, 0x08, 0x63, 0x08, 0x63, 0x08, 0x63, 0x08,
  0x63, 0x08, 0x63, 0x08, 0x63, 0x08, 0x63, 0x08, 0x63, 0x08, 0x63, 0x08, 0x63, 0x08, 0x63, 0x08,
  0x63, 0x08, 0x63, 0x08, 0x63, 0x08, 0x63, 0x08, 0x63, 0x08, 0x63, 0x08, 0x63, 0x08, 0x63, 0x08,
  0x63, 0x08, 0x63, 0x08, 0x63, 0x08, 0x63, 0x08, 0x63, 0x08, 0x63, 0x08, 0x63, 0x08, 0x63, 0x08,
  0x63, 0x08, 0x63, 0x08, 0x63, 0x08, 0x63, 0x08, 0x63, 0x08, 0x63, 0x08, 0x63, 0x08, 0x63, 0x08,
  0x63, 0x08, 0x63, 0x08, 0x63, 0x08, 0x63, 0x08, 0x63, 0x08, 0x63, 0x08, 0x63, 0x08, 0x63, 0x08,
  0x63, 0x08, 0x63, 0x08, 0x63, 0x08, 0x63, 0x08, 0x63, 0x08, 0x63, 0x08, 0x63, 0x08, 0x63, 0x08,
  0x63, 0x08, 0x63, 0x08, 0x63, 0x08, 0x63, 0x08, 0x63, 0x08, 0x63, 0x08, 0x63, 0x08, 0x63, 0x08,
  0x63, 0x08, 0x63, 0x08, 0x63, 0x08, 0x63, 0x08, 0x63, 0x08, 0x63, 0x08, 0x63, 0x08, 0x63, 0x08,
  0x63, 0x08, 0x63, 0x08, 0x63, 0x08, 0x63, 0x08, 0x63, 0x08, 0x63, 0x08, 0x63, 0x08, 0x63, 0x08,
  0x63, 0x08, 0x63, 0x08, 0x63, 0x08, 0x63, 0x08, 0x63, 0x08, 0x63, 0x08, 0x63, 0x08, 0x63, 0x08,
  0x63, 0x08, 0x63, 0x08, 0x63, 0x08, 0x63, 0x08, 0x63, 0x08, 0x63, 0x08, 0x63, 0x08, 0x63, 0x08,
  0x63, 0x08, 0x63, 0x08, 0x63, 0x08, 0x63, 0x08, 0x63, 0x08, 0x63, 0x08, 0x63, 0x08, 0x63, 0x08,
  0x63, 0x08, 0x63, 0x08, 0x63, 0x08, 0x63, 0x08, 0x83, 0x08, 0x83, 0x08, 0x43, 0x00, 0x83, 0x10,
  0xE6, 0x9A, 0x08, 0xE4, 0xC8, 0xD3, 0xE8, 0xD3, 0xE8, 0xD3, 0xE8, 0xD3, 0xE9, 0xD3, 0xE9, 0xD3,
  0xE9, 0xD3, 0xE9, 0xD3, 0xE9, 0xD3, 0xEA, 0xD3, 0xEA, 0xD3, 0x04, 0x31, 0x43, 0x00, 0x83, 0x08,
  0x63, 0x08, 0x63, 0x08, 0x63, 0x08, 0x63, 0x08, 0x63, 0x08, 0x63, 0x08, 0x63, 0x08, 0x63, 0x08,
  0x63, 0x08, 0x63, 0x08, 0x63, 0x08, 0x63, 0x08, 0x63, 0x08, 0x63, 0x08, 0x63, 0x08, 0x63, 0x08,
  0x63, 0x08, 0x63, 0x08, 0x63, 0x08, 0x63, 0x08, 0x63, 0x08, 0x63, 0x08, 0x63, 0x08, 0x63, 0x08,
  0x63, 0x08, 0x63, 0x08, 0x63, 0x08, 0x63, 0x08, 0x63, 0x08, 0x63, 0x08, 0x63, 0x08, 0x63, 0x08,
  0x63, 0x08, 0x63, 0x08, 0x63, 0x08, 0x63, 0x08, 0x63, 0x08, 0x63, 0x08, 0x63, 0x08, 0x63, 0x08,
  0x63, 0x08, 0x63, 0x08, 0x63, 0x08, 0x63, 0x08, 0x63, 0x08, 0x63, 0x08, 0x63, 0x08, 0x63, 0x08,
  0x63, 0x08, 0x63, 0x08, 0x83, 0x08, 0x83, 0x08, 0x42, 0x00, 0x84, 0x10, 0xCE, 0x72, 0x57, 0xBC,
  0x36, 0xB4, 0x36, 0xAC, 0x36, 0xAC, 0x36, 0xAC, 0x37, 0xAC, 0x37, 0xAC, 0x37, 0xAC, 0x37, 0xAC,
  0x38, 0xA4, 0x38, 0xA4, 0x38, 0xA4, 0x38, 0xA4, 0x58, 0xA4, 0x59, 0xA4, 0x59, 0xA4, 0x59, 0xA4,
  0x59, 0x9C, 0x59, 0x9C, 0x59, 0x9C, 0x59, 0x9C, 0x5A, 0x9C, 0x5A, 0x9C, 0x5A, 0x9C, 0x5A, 0x9C,
  0x5A, 0x9C, 0x5A, 0x9C, 0x5A, 0x94, 0x5A, 0x94, 0x5A, 0x94, 0x5A, 0x94, 0x5B, 0x94, 0x5B, 0x94,
  0x5B, 0x94, 0x5B, 0x94, 0x5B, 0x94, 0x5B, 0x94, 0x5B, 0x8C, 0x5B, 0x8C, 0x5B, 0x8C, 0x5B, 0x8C,
  0x9D, 0x94, 0xEC, 0x39, 0x21, 0x00, 0x83, 0x08, 0x63, 0x08, 0x63, 0x08, 0x63, 0x08, 0x63, 0x08,
  0x63, 0x08, 0x63, 0x08, 0x63, 0x08, 0x63, 0x08, 0x63, 0x08, 0x63, 0x08, 0x63, 0x08, 0x63, 0x08,
  0x63, 0x08, 0x63, 0x08, 0x63, 0x08, 0x63, 0x08, 0x63, 0x08, 0x63, 0x08, 0x63, 0x08, 0x63, 0x08,
  0x63, 0x08, 0x63, 0x08, 0x63, 0x08, 0x63, 0x08, 0x63, 0x08, 0x63, 0x08, 0x63, 0x08, 0x63, 0x08,
  0x63, 0x08, 0x63, 0x08, 0x63, 0x08, 0x63, 0x08, 0x63, 0x08, 0x63, 0x08, 0x63, 0x08, 0x63, 0x08,
  0x63, 0x08, 0x63, 0x08, 0x63, 0x08, 0x63, 0x08, 0x63, 0x08, 0x63, 0x08, 0x63, 0x08, 0x63, 0x08,
  0x63, 0x08, 0x63, 0x08, 0x63, 0x08, 0x63, 0x08, 0x63, 0x08, 0x63, 0x08, 0x63, 0x08, 0x63, 0x08,
  0x63, 0x08, 0x63, 0x08, 0x63, 0x08, 0x63, 0x08, 0x63, 0x08, 0x63, 0x08, 0x63, 0x08, 0x63, 0x08,
  0x63, 0x08, 0x63, 0x08, 0x63, 0x08, 0x63, 0x08, 0x63, 0x08, 0x63, 0x08, 0x63, 0x08, 0x63, 0x08,
  0x63, 0x08, 0x63, 0x08, 0x63, 0x08, 0x63, 0x08, 0x63, 0x08, 0x63, 0x08, 0x63, 0x08, 0x63, 0x08,
  0x63, 0x08, 0x63, 0x08, 0x63, 0x08, 0x63, 0x08, 0x63, 0x08, 0x63, 0x08, 0x63, 0x08, 0x63, 0x08,
  0x63, 0x08, 0x63, 0x08, 0x63, 0x08, 0x63, 0x08, 0x63, 0x08, 0x63, 0x08, 0x63, 0x08, 0x63, 0x08,
  0x63, 0x08, 0x63, 0x08, 0x63, 0x08, 0x63, 0x08, 0x63, 0x08, 0x63, 0x08, 0x63, 0x08, 0x63, 0x08,
  0x63, 0x08, 0x63, 0x08, 0x63, 0x08, 0x63, 0x08, 0x63, 0x08, 0x63, 0x08, 0x63, 0x08, 0x63, 0x08,
  0x63, 0x08, 0x63, 0x08, 0x63, 0x08, 0x63, 0x08, 0x63, 0x08, 0x63, 0x08, 0x63, 0x08, 0x63, 0x08,
  0x63, 0x08, 0x63, 0x08, 0x63, 0x08, 0x63, 0x08, 0x63, 0x08, 0x63, 0x08, 0x83, 0x08, 0x63, 0x00,
  0x43, 0x00, 0xA6, 0x92, 0x08, 0xE4, 0xC8, 0xD3, 0xE8, 0xD3, 0xE8, 0xD3, 0xE9, 0xD3, 0xE9, 0xD3,
  0xE9, 0xD3, 0xE9, 0xD3, 0xC9, 0xD3, 0x2A, 0xE4, 0x87, 0x82, 0x43, 0x00, 0x83, 0x08, 0x63, 0x08,
  0x63, 0x08, 0x63, 0x08, 0x63, 0x08, 0x63, 0x08, 0x63, 0x08, 0x63, 0x08, 0x63, 0x08, 0x63, 0x08,
  0x63, 0x08, 0x63, 0x08, 0x63, 0x08, 0x63, 0x08, 0x63, 0x08, 0x63, 0x08, 0x63, 0x08, 0x63, 0x08,
  0x63, 0x08, 0x63, 0x08, 0x63, 0x08, 0x63, 0x08, 0x63, 0x08, 0x63, 0x08, 0x63, 0x08, 0x63, 0x08,
  0x63, 0x08, 0x63, 0x08, 0x63, 0x08, 0x63, 0x08, 0x63, 0x08, 0x63, 0x08, 0x63, 0x08, 0x63, 0x08,
  0x63, 0x08, 0x63, 0x08, 0x63, 0x08, 0x63, 0x08, 0x63, 0x08, 0x63, 0x08, 0x63, 0x08, 0x63, 0x08,
  0x63, 0x08, 0x63, 0x08, 0x63, 0x08, 0x63, 0x08, 0x63, 0x08, 0x63, 0x08, 0x63, 0x08, 0x63, 0x08,
  0x63, 0x08, 0x63, 0x08, 0x63, 0x08, 0x63, 0x08, 0x83, 0x08, 0x63, 0x08, 0x22, 0x00, 0xEA, 0x49,
  0x36, 0xB4, 0x56, 0xB4, 0x16, 0xAC, 0x36, 0xAC, 0x37, 0xAC, 0x37, 0xAC, 0x37, 0xAC, 0x37, 0xAC,
  0x38, 0xA4, 0x38, 0xA4, 0x38, 0xA4, 0x38, 0xA4, 0x58, 0xA4, 0x59, 0xA4, 0x59, 0xA4, 0x59, 0xA4,
  0x59, 0x9C, 0x59, 0x9C, 0x59, 0x9C, 0x59, 0x9C, 0x5A, 0x9C, 0x5A, 0x9C, 0x5A, 0x9C, 0x5A, 0x9C,
  0x5A, 0x9C, 0x5A, 0x9C, 0x5A, 0x94, 0x5A, 0x94, 0x5A, 0x94, 0x5A, 0x94, 0x5B, 0x94, 0x5B, 0x94,
  0x5B, 0x94, 0x5B, 0x94, 0x5B, 0x94, 0x5B, 0x94, 0x5B, 0x8C, 0x5B, 0x8C, 0x5B, 0x8C, 0x9D, 0x94,
  0x76, 0x6B, 0x62, 0x08, 0x83, 0x08, 0x63, 0x08, 0x63, 0x08, 0x63, 0x08, 0x63, 0x08, 0x63, 0x08,
  0x63, 0x08, 0x63, 0x08, 0x63, 0x08, 0x63, 0x08, 0x63, 0x08, 0x63, 0x08, 0x63, 0x08, 0x63, 0x08,
  0x63, 0x08, 0x63, 0x08, 0x63, 0x08, 0x63, 0x08, 0x63, 0x08, 0x63, 0x08, 0x63, 0x08, 0x63, 0x08,
  0x63, 0x08, 0x63, 0x08, 0x63, 0x08, 0x63, 0x08, 0x63, 0x08, 0x63, 0x08, 0x63, 0x08, 0x63, 0x08,
  0x63, 0x08, 0x63, 0x08, 0x63, 0x08, 0x63, 0x08, 0x63, 0x08, 0x63, 0x08, 0x63, 0x08, 0x63, 0x08,
  0x63, 0x08, 0x63, 0x08, 0x63, 0x08, 0x63, 0x08, 0x63, 0x08, 0x63, 0x08, 0x63, 0x08, 0x63, 0x08,
  0x63, 0x08, 0x63, 0x08, 0x63, 0x08, 0x63, 0x08, 0x63, 0x08, 0x63, 0x08, 0x63, 0x08, 0x63, 0x08,
  0x63, 0x08, 0x63, 0x08, 0x63, 0x08, 0x63, 0x08, 0x63, 0x08, 0x63, 0x08, 0x63, 0x08, 0x63, 0x08,
  0x63, 0x08, 0x63, 0x08, 0x63, 0x08, 0x63, 0x08, 0x63, 0x08, 0x63, 0x08, 0x63, 0x08, 0x63, 0x08,
  0x63, 0x08, 0x63, 0x08, 0x63, 0x08, 0x63, 0x08, 0x63, 0x08, 0x63, 0x08, 0x63, 0x08, 0x63, 0x08,
  0x63, 0x08, 0x63, 0x08, 0x63, 0x08, 0x63, 0x08, 0x63, 0x08, 0x63, 0x08, 0x63, 0x08, 0x63, 0x08,
  0x63, 0x08, 0x63, 0x08, 0x63, 0x08, 0x63, 0x08, 0x63, 0x08, 0x63, 0x08, 0x63, 0x08, 0x63, 0x08,
  0x63, 0x08, 0x63, 0x08, 0x63, 0x08, 0x63, 0x08, 0x63, 0x08, 0x63, 0x08, 0x63, 0x08, 0x63, 0x08,
  0x63, 0x08, 0x63, 0x08, 0x63, 0x08, 0x63, 0x08, 0x63, 0x08, 0x63, 0x08, 0x63, 0x08, 0x63, 0x08,
  0x63, 0x08, 0x63, 0x08, 0x63, 0x08, 0x63, 0x08, 0x63, 0x08, 0x63, 0x08, 0x63, 0x08, 0x63, 0x08,
  0x63, 0x08, 0x63, 0x08, 0x63, 0x08, 0x63, 0x08, 0x63, 0x08, 0x63, 0x08, 0x63, 0x08, 0x83, 0x08,
  0x63, 0x08, 0x63, 0x00, 0x07, 0xA3, 0x08, 0xE4, 0xC8, 0xD3, 0xE8, 0xD3, 0xE9, 0xD3, 0xE9, 0xD3,
  0xE9, 0xD3, 0xE9, 0xD3, 0xE9, 0xDB, 0xA9, 0xCB, 0xC4, 0x20, 0x63, 0x00, 0x83, 0x08, 0x63, 0x08,
  0x63, 0x08, 0x63, 0x08, 0x63, 0x08, 0x63, 0x08, 0x63, 0x08, 0x63, 0x08, 0x63, 0x08, 0x63, 0x08,
  0x63, 0x08, 0x63, 0x08, 0x63, 0x08, 0x63, 0x08, 0x63, 0x08, 0x63, 0x08, 0x63, 0x08, 0x63, 0x08,
  0x63, 0x08, 0x63, 0x08, 0x63, 0x08, 0x63, 0x08, 0x63, 0x08, 0x63, 0x08, 0x63, 0x08, 0x63, 0x08,
  0x63, 0x08, 0x63, 0x08, 0x63, 0x08, 0x63, 0x08, 0x63, 0x08, 0x63, 0x08, 0x63, 0x08, 0x63, 0x08,
  0x63, 0x08, 0x63, 0x08, 0x63, 0x08, 0x63, 0x08, 0x63, 0x08, 0x63, 0x08, 0x63, 0x08, 0x63, 0x08,
  0x63, 0x08, 0x63, 0x08, 0x63, 0x08, 0x63, 0x08, 0x63, 0x08, 0x63, 0x08, 0x63, 0x08, 0x63, 0x08,
  0x63, 0x08, 0x63, 0x08, 0x63, 0x08, 0x63, 0x08, 0x63, 0x08, 0x83, 0x08, 0x83, 0x08, 0x22, 0x00,
  0x68, 0x31, 0x15, 0xAC, 0x57, 0xB4, 0x16, 0xAC, 0x37, 0xAC, 0x37, 0xAC, 0x37, 0xAC, 0x37, 0xAC,
  0x38, 0xA4, 0x38, 0xA4, 0x38, 0xA4, 0x38, 0xA4, 0x58, 0xA4, 0x59, 0xA4, 0x59, 0xA4, 0x59, 0xA4,
  0x59, 0x9C, 0x59, 0x9C, 0x59, 0x9C, 0x59, 0x9C, 0x5A, 0x9C, 0x5A, 0x9C, 0x5A, 0x9C, 0x5A, 0x9C,
  0x5A, 0x9C, 0x5A, 0x9C, 0x5A, 0x94, 0x5A, 0x94, 0x5A, 0x94, 0x5A, 0x94, 0x5B, 0x94, 0x5B, 0x94,
  0x5B, 0x94, 0x5B, 0x94, 0x5B, 0x94, 0x5B, 0x94, 0x5B, 0x8C, 0x5B, 0x8C, 0x5B, 0x8C, 0x7C, 0x94,
  0x49, 0x29, 0x42, 0x00, 0x83, 0x08, 0x63, 0x08, 0x63, 0x08, 0x63, 0x08, 0x63, 0x08, 0x63, 0x08,
  0x63, 0x08, 0x63, 0x08, 0x63, 0x08, 0x63, 0x08, 0x63, 0x08, 0x63, 0x08, 0x63, 0x08, 0x63, 0x08,
  0x63, 0x08, 0x63, 0x08, 0x63, 0x08, 0x63, 0x08, 0x63, 0x08, 0x63, 0x08, 0x63, 0x08, 0x63, 0x08,
  0x63, 0x08, 0x63, 0x08, 0x63, 0x08, 0x63, 0x08, 0x63, 0x08, 0x63, 0x08, 0x63, 0x08, 0x63, 0x08,
  0x63, 0x08, 0x63, 0x08, 0x63, 0x08, 0x63, 0x08, 0x63, 0x08, 0x63, 0x08, 0x63, 0x08, 0x63, 0x08,
  0x63, 0x08, 0x63, 0x08, 0x63, 0x08, 0x63, 0x08, 0x63, 0x08, 0x63, 0x08, 0x63, 0x08, 0x63, 0x08,
  0x63, 0x08, 0x63, 0x08, 0x63, 0x08, 0x63, 0x08, 0x63, 0x08, 0x63, 0x08, 0x63, 0x08, 0x63, 0x08,
  0x63, 0x08, 0x63, 0x08, 0x63, 0x08, 0x63, 0x08, 0x63, 0x08, 0x63, 0x08, 0x63, 0x08, 0x63, 0x08,
  0x63, 0x08, 0x63, 0x08, 0x63, 0x08, 0x63, 0x08, 0x63, 0x08, 0x63, 0x08, 0x63, 0x08, 0x63, 0x08,
  0x63, 0x08, 0x63, 0x08, 0x63, 0x08, 0x63, 0x08, 0x63, 0x08, 0x63, 0x08, 0x63, 0x08, 0x63, 0x08,
  0x63, 0x08, 0x63, 0x08, 0x63, 0x08, 0x63, 0x08, 0x63, 0x08, 0x63, 0x08, 0x63, 0x08, 0x63, 0x08,
  0x63, 0x08, 0x63, 0x08, 0x63, 0x08, 0x63, 0x08, 0x63, 0x08, 0x63, 0x08, 0x63, 0x08, 0x63, 0x08,
  0x63, 0x08, 0x63, 0x08, 0x63, 0x08, 0x63, 0x08, 0x63, 0x08, 0x63, 0x08, 0x63, 0x08, 0x63, 0x08,
  0x63, 0x08, 0x63, 0x08, 0x63, 0x08, 0x63, 0x08, 0x63, 0x08, 0x63, 0x08, 0x63, 0x08, 0x63, 0x08,
  0x63, 0x08, 0x63, 0x08, 0x63, 0x08, 0x63, 0x08, 0x63, 0x08, 0x63, 0x08, 0x63, 0x08, 0x63, 0x08,
  0x63, 0x08, 0x63, 0x08, 0x63, 0x08, 0x63, 0x08, 0x63, 0x08, 0x63, 0x08, 0x63, 0x08, 0x63, 0x08,
  0x83, 0x08, 0x63, 0x00, 0xC3, 0x18, 0xA8, 0xCB, 0xE8, 0xDB, 0xC8, 0xD3, 0xE9, 0xD3, 0xE9, 0xD3,
  0xE9, 0xD3, 0xC9, 0xD3, 0x2A, 0xE4, 0x26, 0x6A, 0x23, 0x00, 0x83, 0x08, 0x63, 0x08, 0x63, 0x08,
  0x63, 0x08, 0x63, 0x08, 0x63, 0x08, 0x63, 0x08, 0x63, 0x08, 0x63, 0x08, 0x63, 0x08, 0x63, 0x08,
  0x63, 0x08, 0x63, 0x08, 0x63, 0x08, 0x63, 0x08, 0x63, 0x08, 0x63, 0x08, 0x63, 0x08, 0x63, 0x08,
  0x63, 0x08, 0x63, 0x08, 0x63, 0x08, 0x63, 0x08, 0x63, 0x08, 0x63, 0x08, 0x63, 0x08, 0x63, 0x08,
  0x63, 0x08, 0x63, 0x08, 0x63, 0x08, 0x63, 0x08, 0x63, 0x08, 0x63, 0x08, 0x63, 0x08, 0x63, 0x08,
  0x63, 0x08, 0x63, 0x08, 0x63, 0x08, 0x63, 0x08, 0x63, 0x08, 0x63, 0x08, 0x63, 0x08, 0x63, 0x08,
  0x63, 0x08, 0x63, 0x08, 0x63, 0x08, 0x63, 0x08, 0x63, 0x08, 0x63, 0x08, 0x63, 0x08, 0x63, 0x08,
  0x63, 0x08, 0x63, 0x08, 0x63, 0x08, 0x63, 0x08, 0x63, 0x08, 0x63, 0x08, 0x63, 0x08, 0x83, 0x08,
  0x22, 0x00, 0x06, 0x21, 0xF5, 0xA3, 0x57, 0xB4, 0x36, 0xAC, 0x37, 0xAC, 0x37, 0xAC, 0x37, 0xAC,
  0x38, 0xA4, 0x38, 0xA4, 0x38, 0xA4, 0x38, 0xA4, 0x58, 0xA4, 0x59, 0xA4, 0x59, 0xA4, 0x59, 0xA4,
  0x59, 0x9C, 0x59, 0x9C, 0x59, 0x9C, 0x59, 0x9C, 0x5A, 0x9C, 0x5A, 0x9C, 0x5A, 0x9C, 0x5A, 0x9C,
  0x5A, 0x9C, 0x5A, 0x9C, 0x5A, 0x94, 0x5A, 0x94, 0x5A, 0x94, 0x5A, 0x94, 0x5B, 0x94, 0x5B, 0x94,
  0x5B, 0x94, 0x5B, 0x94, 0x5B, 0x94, 0x5B, 0x94, 0x5B, 0x8C, 0x5B, 0x8C, 0x9D, 0x94, 0xD2, 0x5A,
  0x21, 0x00, 0x83, 0x08, 0x63, 0x08, 0x63, 0x08, 0x63, 0x08, 0x63, 0x08, 0x63, 0x08, 0x63, 0x08,
  0x63, 0x08, 0x63, 0x08, 0x63, 0x08, 0x63, 0x08, 0x63, 0x08, 0x63, 0x08, 0x63, 0x08, 0x63, 0x08,
  0x63, 0x08, 0x63, 0x08, 0x63, 0x08, 0x63, 0x08, 0x63, 0x08, 0x63, 0x08, 0x63, 0x08, 0x63, 0x08,
  0x63, 0x08, 0x63, 0x08, 0x63, 0x08, 0x63, 0x08, 0x63, 0x08, 0x63, 0x08, 0x63, 0x08, 0x63, 0x08,
  0x63, 0x08, 0x63, 0x08, 0x63, 0x08, 0x63, 0x08, 0x63, 0x08, 0x63, 0x08, 0x63, 0x08, 0x63, 0x08,
  0x63, 0x08, 0x63, 0x08, 0x63, 0x08, 0x63, 0x08, 0x63, 0x08, 0x63, 0x08, 0x63, 0x08, 0x63, 0x08,
  0x63, 0x08, 0x63, 0x08, 0x63, 0x08, 0x63, 0x08, 0x63, 0x08, 0x63, 0x08, 0x63, 0x08, 0x63, 0x08,
  0x63, 0x08, 0x63, 0x08, 0x63, 0x08, 0x63, 0x08, 0x63, 0x08, 0x63, 0x08, 0x63, 0x08, 0x63, 0x08,
  0x63, 0x08, 0x63, 0x08, 0x63, 0x08, 0x63, 0x08, 0x63, 0x08, 0x63, 0x08, 0x63, 0x08, 0x63, 0x08,
  0x63, 0x08, 0x63, 0x08, 0x63, 0x08, 0x63, 0x08, 0x63, 0x08, 0x63, 0x08, 0x63, 0x08, 0x63, 0x08,
  0x63, 0x08, 0x63, 0x08, 0x63, 0x08, 0x63, 0x08, 0x63, 0x08, 0x63, 0x08, 0x63, 0x08, 0x63, 0x08,
  0x63, 0x08, 0x63, 0x08, 0x63, 0x08, 0x63, 0x08, 0x63, 0x08, 0x63, 0x08, 0x63, 0x08, 0x63, 0x08,
  0x63, 0x08, 0x63, 0x08, 0x63, 0x08, 0x63, 0x08, 0x63, 0x08, 0x63, 0x08, 0x63, 0x08, 0x63, 0x08,
  0x63, 0x08, 0x63, 0x08, 0x63, 0x08, 0x63, 0x08, 0x63, 0x08, 0x63, 0x08, 0x63, 0x08, 0x63, 0x08,
  0x63, 0x08, 0x63, 0x08, 0x63, 0x08, 0x63, 0x08, 0x63, 0x08, 0x63, 0x08, 0x63, 0x08, 0x63, 0x08,
  0x63, 0x08, 0x63, 0x08, 0x63, 0x08, 0x63, 0x08, 0x63, 0x08, 0x63, 0x08, 0x63, 0x08, 0x63, 0x08,
  0x63, 0x08, 0x83, 0x08, 0x23, 0x00, 0xC5, 0x59, 0x09, 0xE4, 0xC8, 0xD3, 0xE9, 0xD3, 0xE9, 0xD3,
  0xC9, 0xD3, 0xE9, 0xDB, 0x89, 0xBB, 0x83, 0x10, 0x63, 0x08, 0x63, 0x08, 0x63, 0x08, 0x63, 0x08,
  0x63, 0x08, 0x63, 0x08, 0x63, 0x08, 0x63, 0x08, 0x63, 0x08, 0x63, 0x08, 0x63, 0x08, 0x63, 0x08,
  0x63, 0x08, 0x63, 0x08, 0x63, 0x08, 0x63, 0x08, 0x63, 0x08, 0x63, 0x08, 0x63, 0x08, 0x63, 0x08,
  0x63, 0x08, 0x63, 0x08, 0x63, 0x08, 0x63, 0x08, 0x63, 0x08, 0x63, 0x08, 0x63, 0x08, 0x63, 0x08,
  0x63, 0x08, 0x63, 0x08, 0x63, 0x08, 0x63, 0x08, 0x63, 0x08, 0x63, 0x08, 0x63, 0x08, 0x63, 0x08,
  0x63, 0x08, 0x63, 0x08, 0x63, 0x08, 0x63, 0x08, 0x63, 0x08, 0x63, 0x08, 0x63, 0x08, 0x63, 0x08,
  0x63, 0x08, 0x63, 0x08, 0x63, 0x08, 0x63, 0x08, 0x63, 0x08, 0x63, 0x08, 0x63, 0x08, 0x63, 0x08,
  0x63, 0x08, 0x63, 0x08, 0x63, 0x08, 0x63, 0x08, 0x63, 0x08, 0x63, 0x08, 0x63, 0x08, 0x63, 0x08,
  0x83, 0x08, 0x42, 0x00, 0x06, 0x21, 0xF5, 0xA3, 0x57, 0xB4, 0x37, 0xAC, 0x37, 0xAC, 0x37, 0xAC,
  0x38, 0xA4, 0x38, 0xA4, 0x38, 0xA4, 0x38, 0xA4, 0x58, 0xA4, 0x59, 0xA4, 0x59, 0xA4, 0x59, 0xA4,
  0x59, 0x9C, 0x59, 0x9C, 0x59, 0x9C, 0x59, 0x9C, 0x5A, 0x9C, 0x5A, 0x9C, 0x5A, 0x9C, 0x5A, 0x9C,
  0x5A, 0x9C, 0x5A, 0x9C, 0x5A, 0x94, 0x5A, 0x94, 0x5A, 0x94, 0x5A, 0x94, 0x5B, 0x94, 0x5B, 0x94,
  0x5B, 0x94, 0x5B, 0x94, 0x5B, 0x94, 0x5B, 0x94, 0x5B, 0x8C, 0x7C, 0x94, 0x1A, 0x84, 0xC5, 0x10,
  0x63, 0x08, 0x83, 0x08, 0x63, 0x08, 0x63, 0x08, 0x63, 0x08, 0x63, 0x08, 0x63, 0x08, 0x63, 0x08,
  0x63, 0x08, 0x63, 0x08, 0x63, 0x08, 0x63, 0x08, 0x63, 0x08, 0x63, 0x08, 0x63, 0x08, 0x63, 0x08,
  0x63, 0x08, 0x63, 0x08, 0x63, 0x08, 0x63, 0x08, 0x63, 0x08, 0x63, 0x08, 0x63, 0x08, 0x63, 0x08,
  0x63, 0x08, 0x63, 0x08, 0x63, 0x08, 0x63, 0x08, 0x63, 0x08, 0x63, 0x08, 0x63, 0x08, 0x63, 0x08,
  0x63, 0x08, 0x63, 0x08, 0x63, 0x08, 0x63, 0x08, 0x63, 0x08, 0x63, 0x08, 0x63, 0x08, 0x63, 0x08,
  0x63, 0x08, 0x63, 0x08, 0x63, 0x08, 0x63, 0x08, 0x63, 0x08, 0x63, 0x08, 0x63, 0x08, 0x63, 0x08,
  0x63, 0x08, 0x63, 0x08, 0x63, 0x08, 0x63, 0x08, 0x63, 0x08, 0x63, 0x08, 0x63, 0x08, 0x63, 0x08,
  0x63, 0x08, 0x63, 0x08, 0x63, 0x08, 0x63, 0x08, 0x63, 0x08, 0x63, 0x08, 0x63, 0x08, 0x63, 0x08,
  0x63, 0x08, 0x63, 0x08, 0x63, 0x08, 0x63, 0x08, 0x63, 0x08, 0x63, 0x08, 0x63, 0x08, 0x63, 0x08,
  0x63, 0x08, 0x63, 0x08, 0x63, 0x08, 0x63, 0x08, 0x63, 0x08, 0x63, 0x08, 0x63, 0x08, 0x63, 0x08,
  0x63, 0x08, 0x63, 0x08, 0x63, 0x08, 0x63, 0x08, 0x63, 0x08, 0x63, 0x08, 0x63, 0x08, 0x63, 0x08,
  0x63, 0x08, 0x63, 0x08, 0x63, 0x08, 0x63, 0x08, 0x63, 0x08, 0x63, 0x08, 0x63, 0x08, 0x63, 0x08,
  0x63, 0x08, 0x63, 0x08, 0x63, 0x08, 0x63, 0x08, 0x63, 0x08, 0x63, 0x08, 0x63, 0x08, 0x63, 0x08,
  0x63, 0x08, 0x63, 0x08, 0x63, 0x08, 0x63, 0x08, 0x63, 0x08, 0x63, 0x08, 0x63, 0x08, 0x63, 0x08,
  0x63, 0x08, 0x63, 0x08, 0x63, 0x08, 0x63, 0x08, 0x63, 0x08, 0x63, 0x08, 0x63, 0x08, 0x63, 0x08,
  0x63, 0x08, 0x63, 0x08, 0x63, 0x08, 0x63, 0x08, 0x63, 0x08, 0x63, 0x08, 0x63, 0x08, 0x63, 0x08,
  0x63, 0x08, 0x63, 0x08, 0x63, 0x08, 0x63, 0x08, 0x47, 0xBB, 0x09, 0xDC, 0xC9, 0xD3, 0xE9, 0xD3,
  0xC9, 0xD3, 0x0A, 0xE4, 0xC5, 0x59, 0x43, 0x00, 0x83, 0x08, 0x63, 0x08, 0x63, 0x08, 0x63, 0x08,
  0x63, 0x08, 0x63, 0x08, 0x63, 0x08, 0x63, 0x08, 0x63, 0x08, 0x63, 0x08, 0x63, 0x08, 0x63, 0x08,
  0x63, 0x08, 0x63, 0x08, 0x63, 0x08, 0x63, 0x08, 0x63, 0x08, 0x63, 0x08, 0x63, 0x08, 0x63, 0x08,
  0x63, 0x08, 0x63, 0x08, 0x63, 0x08, 0x63, 0x08, 0x63, 0x08, 0x63, 0x08, 0x63, 0x08, 0x63, 0x08,
  0x63, 0x08, 0x63, 0x08, 0x63, 0x08, 0x63, 0x08, 0x63, 0x08, 0x63, 0x08, 0x63, 0x08, 0x63, 0x08,
  0x63, 0x08, 0x63, 0x08, 0x63, 0x08, 0x63, 0x08, 0x63, 0x08, 0x63, 0x08, 0x63, 0x08, 0x63, 0x08,
  0x63, 0x08, 0x63, 0x08, 0x63, 0x08, 0x63, 0x08, 0x63, 0x08, 0x63, 0x08, 0x63, 0x08, 0x63, 0x08,
  0x63, 0x08, 0x63, 0x08, 0x63, 0x08, 0x63, 0x08, 0x63, 0x08, 0x63, 0x08, 0x63, 0x08, 0x63, 0x08,
  0x63, 0x08, 0x83, 0x08, 0x42, 0x00, 0x26, 0x21, 0x16, 0xA4, 0x57, 0xAC, 0x37, 0xAC, 0x37, 0xAC,
  0x38, 0xA4, 0x38, 0xA4, 0x38, 0xA4, 0x38, 0xA4, 0x58, 0xA4, 0x59, 0xA4, 0x59, 0xA4, 0x59, 0xA4,
  0x59, 0x9C, 0x59, 0x9C, 0x59, 0x9C, 0x59, 0x9C, 0x5A, 0x9C, 0x5A, 0x9C, 0x5A, 0x9C, 0x5A, 0x9C,
  0x5A, 0x9C, 0x5A, 0x9C, 0x5A, 0x94, 0x5A, 0x94, 0x5A, 0x94, 0x5A, 0x94, 0x5B, 0x94, 0x5B, 0x94,
  0x5B, 0x94, 0x5B, 0x94, 0x5B, 0x94, 0x5B, 0x94, 0x5B, 0x8C, 0x9D, 0x94, 0x0D, 0x42, 0x21, 0x00,
  0x83, 0x08, 0x63, 0x08, 0x63, 0x08, 0x63, 0x08, 0x63, 0x08, 0x63, 0x08, 0x63, 0x08, 0x63, 0x08,
  0x63, 0x08, 0x63, 0x08, 0x63, 0x08, 0x63, 0x08, 0x63, 0x08, 0x63, 0x08, 0x63, 0x08, 0x63, 0x08,
  0x63, 0x08, 0x63, 0x08, 0x63, 0x08, 0x63, 0x08, 0x63, 0x08, 0x63, 0x08, 0x63, 0x08, 0x63, 0x08,
  0x63, 0x08, 0x63, 0x08, 0x63, 0x08, 0x63, 0x08, 0x63, 0x08, 0x63, 0x08, 0x63, 0x08, 0x63, 0x08,
  0x63, 0x08, 0x63, 0x08, 0x63, 0x08, 0x63, 0x08, 0x63, 0x08, 0x63, 0x08, 0x63, 0x08, 0x63, 0x08,
  0x63, 0x08, 0x63, 0x08, 0x63, 0x08, 0x63, 0x08, 0x63, 0x08, 0x63, 0x08, 0x63, 0x08, 0x63, 0x08,
  0x63, 0x08, 0x63, 0x08, 0x63, 0x08, 0x63, 0x08, 0x63, 0x08, 0x63, 0x08, 0x63, 0x08, 0x63, 0x08,
  0x63, 0x08, 0x63, 0x08, 0x63, 0x08, 0x63, 0x08, 0x63, 0x08, 0x63, 0x08, 0x63, 0x08, 0x63, 0x08,
  0x63, 0x08, 0x63, 0x08, 0x63, 0x08, 0x63, 0x08, 0x63, 0x08, 0x63, 0x08, 0x63, 0x08, 0x63, 0x08,
  0x63, 0x08, 0x63, 0x08, 0x63, 0x08, 0x63, 0x08, 0x63, 0x08, 0x63, 0x08, 0x63, 0x08, 0x63, 0x08,
  0x63, 0x08, 0x63, 0x08, 0x63, 0x08, 0x63, 0x08, 0x63, 0x08, 0x63, 0x08, 0x63, 0x08, 0x63, 0x08,
  0x63, 0x08, 0x63, 0x08, 0x63, 0x08, 0x63, 0x08, 0x63, 0x08, 0x63, 0x08, 0x63, 0x08, 0x63, 0x08,
  0x63, 0x08, 0x63, 0x08, 0x63, 0x08, 0x63, 0x08, 0x63, 0x08, 0x63, 0x08, 0x63, 0x08, 0x63, 0x08,
  0x63, 0x08, 0x63, 0x08, 0x63, 0x08, 0x63, 0x08, 0x63, 0x08, 0x63, 0x08, 0x63, 0x08, 0x63, 0x08,
  0x63, 0x08, 0x63, 0x08, 0x63, 0x08, 0x63, 0x08, 0x63, 0x08, 0x63, 0x08, 0x63, 0x08, 0x63, 0x08,
  0x63, 0x08, 0x63, 0x08, 0x63, 0x08, 0x63, 0x08, 0x63, 0x08, 0x63, 0x08, 0x63, 0x08, 0x63, 0x08,
  0x63, 0x08, 0x63, 0x08, 0x83, 0x08, 0x23, 0x00, 0x05, 0x62, 0x29, 0xE4, 0xC9, 0xD3, 0xC9, 0xD3,
  0x09, 0xDC, 0x28, 0xAB, 0x63, 0x08, 0x63, 0x08, 0x63, 0x08, 0x63, 0x08, 0x63, 0x08, 0x63, 0x08,
  0x63, 0x08, 0x63, 0x08, 0x63, 0x08, 0x63, 0x08, 0x63, 0x08, 0x63, 0x08, 0x63, 0x08, 0x63, 0x08,
  0x63, 0x08, 0x63, 0x08, 0x63, 0x08, 0x63, 0x08, 0x63, 0x08, 0x63, 0x08, 0x63, 0x08, 0x63, 0x08,
  0x63, 0x08, 0x63, 0x08, 0x63, 0x08, 0x63, 0x08, 0x63, 0x08, 0x63, 0x08, 0x63, 0x08, 0x63, 0x08,
  0x63, 0x08, 0x63, 0x08, 0x63, 0x08, 0x63, 0x08, 0x63, 0x08, 0x63, 0x08, 0x63, 0x08, 0x63, 0x08,
  0x63, 0x08, 0x63, 0x08, 0x63, 0x08, 0x63, 0x08, 0x63, 0x08, 0x63, 0x08, 0x63, 0x08, 0x63, 0x08,
  0x63, 0x08, 0x63, 0x08, 0x63, 0x08, 0x63, 0x08, 0x63, 0x08, 0x63, 0x08, 0x63, 0x08, 0x63, 0x08,
  0x63, 0x08, 0x63, 0x08, 0x63, 0x08, 0x63, 0x08, 0x63, 0x08, 0x63, 0x08, 0x63, 0x08, 0x63, 0x08,
  0x63, 0x08, 0x63, 0x08, 0x83, 0x08, 0x22, 0x00, 0x88, 0x31, 0x57, 0xAC, 0x37, 0xAC, 0x37, 0xAC,
  0x38, 0xA4, 0x38, 0xA4, 0x38, 0xA4, 0x38, 0xA4, 0x58, 0xA4, 0x59, 0xA4, 0x59, 0xA4, 0x59, 0xA4,
  0x59, 0x9C, 0x59, 0x9C, 0x59, 0x9C, 0x59, 0x9C, 0x5A, 0x9C, 0x5A, 0x9C, 0x5A, 0x9C, 0x5A, 0x9C,
  0x5A, 0x9C, 0x5A, 0x9C, 0x5A, 0x94, 0x5A, 0x94, 0x5A, 0x94, 0x5A, 0x94, 0x5B, 0x94, 0x5B, 0x94,
  0x5B, 0x94, 0x5B, 0x94, 0x5B, 0x94, 0x5B, 0x8C, 0x9C, 0x94, 0x96, 0x73, 0x63, 0x08, 0x63, 0x08,
  0x63, 0x08, 0x63, 0x08, 0x63, 0x08, 0x63, 0x08, 0x63, 0x08, 0x63, 0x08, 0x63, 0x08, 0x63, 0x08,
  0x63, 0x08, 0x63, 0x08, 0x63, 0x08, 0x63, 0x08, 0x63, 0x08, 0x63, 0x08, 0x63, 0x08, 0x63, 0x08,
  0x63, 0x08, 0x63, 0x08, 0x63, 0x08, 0x63, 0x08, 0x63, 0x08, 0x63, 0x08, 0x63, 0x08, 0x63, 0x08,
  0x63, 0x08, 0x63, 0x08, 0x63, 0x08, 0x63, 0x08, 0x63, 0x08, 0x63, 0x08, 0x63, 0x08, 0x63, 0x08,
  0x63, 0x08, 0x63, 0x08, 0x63, 0x08, 0x63, 0x08, 0x63, 0x08, 0x63, 0x08, 0x63, 0x08, 0x63, 0x08,
  0x63, 0x08, 0x63, 0x08, 0x63, 0x08, 0x63, 0x08, 0x63, 0x08, 0x63, 0x08, 0x63, 0x08, 0x63, 0x08,
  0x63, 0x08, 0x63, 0x08, 0x63, 0x08, 0x63, 0x08, 0x63, 0x08, 0x63, 0x08, 0x63, 0x08, 0x63, 0x08,
  0x63, 0x08, 0x63, 0x08, 0x63, 0x08, 0x63, 0x08, 0x63, 0x08, 0x63, 0x08, 0x63, 0x08, 0x63, 0x08,
  0x63, 0x08, 0x63, 0x08, 0x63, 0x08, 0x63, 0x08, 0x63, 0x08, 0x63, 0x08, 0x63, 0x08, 0x63, 0x08,
  0x63, 0x08, 0x63, 0x08, 0x63, 0x08, 0x63, 0x08, 0x63, 0x08, 0x63, 0x08, 0x63, 0x08, 0x63, 0x08,
  0x63, 0x08, 0x63, 0x08, 0x63, 0x08, 0x63, 0x08, 0x63, 0x08, 0x63, 0x08, 0x63, 0x08, 0x63, 0x08,
  0x63, 0x08, 0x63, 0x08, 0x63, 0x08, 0x63, 0x08, 0x63, 0x08, 0x63, 0x08, 0x63, 0x08, 0x63, 0x08,
  0x63, 0x08, 0x63, 0x08, 0x63, 0x08, 0x63, 0x08, 0x63, 0x08, 0x63, 0x08, 0x63, 0x08, 0x63, 0x08,
  0x63, 0x08, 0x63, 0x08, 0x63, 0x08, 0x63, 0x08, 0x63, 0x08, 0x63, 0x08, 0x63, 0x08, 0x63, 0x08,
  0x63, 0x08, 0x63, 0x08, 0x63, 0x08, 0x63, 0x08, 0x63, 0x08, 0x63, 0x08, 0x63, 0x08, 0x63, 0x08,
  0x63, 0x08, 0x63, 0x08, 0x63, 0x08, 0x63, 0x08, 0x63, 0x08, 0x63, 0x08, 0x63, 0x08, 0x63, 0x08,
  0x63, 0x08, 0x63, 0x08, 0x83, 0x08, 0x63, 0x00, 0xE4, 0x28, 0xC8, 0xD3, 0xE9, 0xDB, 0xC9, 0xD3,
  0x09, 0xDC, 0x65, 0x41, 0x43, 0x00, 0x83, 0x08, 0x63, 0x08, 0x63, 0x08, 0x63, 0x08, 0x63, 0x08,
  0x63, 0x08, 0x63, 0x08, 0x63, 0x08, 0x63, 0x08, 0x63, 0x08, 0x63, 0x08, 0x63, 0x08, 0x63, 0x08,
  0x63, 0x08, 0x63, 0x08, 0x63, 0x08, 0x63, 0x08, 0x63, 0x08, 0x63, 0x08, 0x63, 0x08, 0x63, 0x08,
  0x63, 0x08, 0x63, 0x08, 0x63, 0x08, 0x63, 0x08, 0x63, 0x08, 0x63, 0x08, 0x63, 0x08, 0x63, 0x08,
  0x63, 0x08, 0x63, 0x08, 0x63, 0x08, 0x63, 0x08, 0x63, 0x08, 0x63, 0x08, 0x63, 0x08, 0x63, 0x08,
  0x63, 0x08, 0x63, 0x08, 0x63, 0x08, 0x63, 0x08, 0x63, 0x08, 0x63, 0x08, 0x63, 0x08, 0x63, 0x08,
  0x63, 0x08, 0x63, 0x08, 0x63, 0x08, 0x63, 0x08, 0x63, 0x08, 0x63, 0x08, 0x63, 0x08, 0x63, 0x08,
  0x63, 0x08, 0x63, 0x08, 0x63, 0x08, 0x63, 0x08, 0x63, 0x08, 0x63, 0x08, 0x63, 0x08, 0x63, 0x08,
  0x63, 0x08, 0x63, 0x08, 0x63, 0x08, 0x83, 0x08, 0x22, 0x00, 0x2C, 0x52, 0x78, 0xB4, 0x37, 0xA4,
  0x38, 0xA4, 0x38, 0xA4, 0x38, 0xA4, 0x38, 0xA4, 0x58, 0xA4, 0x59, 0xA4, 0x59, 0xA4, 0x59, 0xA4,
  0x59, 0x9C, 0x59, 0x9C, 0x59, 0x9C, 0x59, 0x9C, 0x5A, 0x9C, 0x5A, 0x9C, 0x5A, 0x9C, 0x5A, 0x9C,
  0x5A, 0x9C, 0x5A, 0x9C, 0x5A, 0x94, 0x5A, 0x94, 0x5A, 0x94, 0x5A, 0x94, 0x5B, 0x94, 0x5B, 0x94,
  0x5B, 0x94, 0x5B, 0x94, 0x5B, 0x94, 0x5B, 0x8C, 0x7C, 0x94, 0x49, 0x29, 0x42, 0x00, 0x83, 0x08,
  0x63, 0x08, 0x63, 0x08, 0x63, 0x08, 0x63, 0x08, 0x63, 0x08, 0x63, 0x08, 0x63, 0x08, 0x63, 0x08,
  0x63, 0x08, 0x63, 0x08, 0x63, 0x08, 0x63, 0x08, 0x63, 0x08, 0x63, 0x08, 0x63, 0x08, 0x63, 0x08,
  0x63, 0x08, 0x63, 0x08, 0x63, 0x08, 0x63, 0x08, 0x63, 0x08, 0x63, 0x08, 0x63, 0x08, 0x63, 0x08,
  0x63, 0x08, 0x63, 0x08, 0x63, 0x08, 0x63, 0x08, 0x63, 0x08, 0x63, 0x08, 0x63, 0x08, 0x63, 0x08,
  0x63, 0x08, 0x63, 0x08, 0x63, 0x08, 0x63, 0x08, 0x63, 0x08, 0x63, 0x08, 0x63, 0x08, 0x63, 0x08,
  0x63, 0x08, 0x63, 0x08, 0x63, 0x08, 0x63, 0x08, 0x63, 0x08, 0x63, 0x08, 0x63, 0x08, 0x63, 0x08,
  0x63, 0x08, 0x63, 0x08, 0x63, 0x08, 0x63, 0x08, 0x63, 0x08, 0x63, 0x08, 0x63, 0x08, 0x63, 0x08,
  0x63, 0x08, 0x63, 0x08, 0x63, 0x08, 0x63, 0x08, 0x63, 0x08, 0x63, 0x08, 0x63, 0x08, 0x63, 0x08,
  0x63, 0x08, 0x63, 0x08, 0x63, 0x08, 0x63, 0x08, 0x63, 0x08, 0x63, 0x08, 0x63, 0x08, 0x63, 0x08,
  0x63, 0x08, 0x63, 0x08, 0x63, 0x08, 0x63, 0x08, 0x63, 0x08, 0x63, 0x08, 0x63, 0x08, 0x63, 0x08,
  0x63, 0x08, 0x63, 0x08, 0x63, 0x08, 0x63, 0x08, 0x63, 0x08, 0x63, 0x08, 0x63, 0x08, 0x63, 0x08,
  0x63, 0x08, 0x63, 0x08, 0x63, 0x08, 0x63, 0x08, 0x63, 0x08, 0x63, 0x08, 0x63, 0x08, 0x63, 0x08,
  0x63, 0x08, 0x63, 0x08, 0x63, 0x08, 0x63, 0x08, 0x63, 0x08, 0x63, 0x08, 0x63, 0x08, 0x63, 0x08,
  0x63, 0x08, 0x63, 0x08, 0x63, 0x08, 0x63, 0x08, 0x63, 0x08, 0x63, 0x08, 0x63, 0x08, 0x63, 0x08,
  0x63, 0x08, 0x63, 0x08, 0x63, 0x08, 0x63, 0x08, 0x63, 0x08, 0x63, 0x08, 0x63, 0x08, 0x63, 0x08,
  0x63, 0x08, 0x63, 0x08, 0x63, 0x08, 0x63, 0x08, 0x63, 0x08, 0x63, 0x08, 0x63, 0x08, 0x63, 0x08,
  0x63, 0x08, 0x63, 0x08, 0x63, 0x08, 0x63, 0x08, 0x63, 0x08, 0x47, 0xB3, 0xE9, 0xDB, 0x09, 0xE4,
  0xE7, 0x9A, 0x43, 0x00, 0x83, 0x08, 0x63, 0x08, 0x63, 0x08, 0x63, 0x08, 0x63, 0x08, 0x63, 0x08,
  0x63, 0x08, 0x63, 0x08, 0x63, 0x08, 0x63, 0x08, 0x63, 0x08, 0x63, 0x08, 0x63, 0x08, 0x63, 0x08,
  0x63, 0x08, 0x63, 0x08, 0x63, 0x08, 0x63, 0x08, 0x63, 0x08, 0x63, 0x08, 0x63, 0x08, 0x63, 0x08,
  0x63, 0x08, 0x63, 0x08, 0x63, 0x08, 0x63, 0x08, 0x63, 0x08, 0x63, 0x08, 0x63, 0x08, 0x63, 0x08,
  0x63, 0x08, 0x63, 0x08, 0x63, 0x08, 0x63, 0x08, 0x63, 0x08, 0x63, 0x08, 0x63, 0x08, 0x63, 0x08,
  0x63, 0x08, 0x63, 0x08, 0x63, 0x08, 0x63, 0x08, 0x63, 0x08, 0x63, 0x08, 0x63, 0x08, 0x63, 0x08,
  0x63, 0x08, 0x63, 0x08, 0x63, 0x08, 0x63, 0x08, 0x63, 0x08, 0x63, 0x08, 0x63, 0x08, 0x63, 0x08,
  0x63, 0x08, 0x63, 0x08, 0x63, 0x08, 0x63, 0x08, 0x63, 0x08, 0x63, 0x08, 0x63, 0x08, 0x63, 0x08,
  0x63, 0x08, 0x63, 0x08, 0x63, 0x08, 0x63, 0x08, 0x83, 0x08, 0x42, 0x00, 0x11, 0x73, 0x79, 0xB4,
  0x37, 0xA4, 0x38, 0xA4, 0x38, 0xA4, 0x38, 0xA4, 0x58, 0xA4, 0x59, 0xA4, 0x59, 0xA4, 0x59, 0xA4,
  0x59, 0x9C, 0x59, 0x9C, 0x59, 0x9C, 0x59, 0x9C, 0x5A, 0x9C, 0x5A, 0x9C, 0x5A, 0x9C, 0x5A, 0x9C,
  0x5A, 0x9C, 0x5A, 0x9C, 0x5A, 0x94, 0x5A, 0x94, 0x5A, 0x94, 0x5A, 0x94, 0x5B, 0x94, 0x5B, 0x94,
  0x5B, 0x94, 0x5B, 0x94, 0x5B, 0x8C, 0x9D, 0x9C, 0xD1, 0x5A, 0x21, 0x00, 0x83, 0x08, 0x63, 0x08,
  0x63, 0x08, 0x63, 0x08, 0x63, 0x08, 0x63, 0x08, 0x63, 0x08, 0x63, 0x08, 0x63, 0x08, 0x63, 0x08,
  0x63, 0x08, 0x63, 0x08, 0x63, 0x08, 0x63, 0x08, 0x63, 0x08, 0x63, 0x08, 0x63, 0x08, 0x63, 0x08,
  0x63, 0x08, 0x63, 0x08, 0x63, 0x08, 0x63, 0x08, 0x63, 0x08, 0x63, 0x08, 0x63, 0x08, 0x63, 0x08,
  0x63, 0x08, 0x63, 0x08, 0x63, 0x08, 0x63, 0x08, 0x63, 0x08, 0x63, 0x08, 0x63, 0x08, 0x63, 0x08,
  0x63, 0x08, 0x63, 0x08, 0x63, 0x08, 0x63, 0x08, 0x63, 0x08, 0x63, 0x08, 0x63, 0x08, 0x63, 0x08,
  0x63, 0x08, 0x63, 0x08, 0x63, 0x08, 0x63, 0x08, 0x63, 0x08, 0x63, 0x08, 0x63, 0x08, 0x63, 0x08,
  0x63, 0x08, 0x63, 0x08, 0x63, 0x08, 0x63, 0x08, 0x63, 0x08, 0x63, 0x08, 0x63, 0x08, 0x63, 0x08,
  0x63, 0x08, 0x63, 0x08, 0x63, 0x08, 0x63, 0x08, 0x63, 0x08, 0x63, 0x08, 0x63, 0x08, 0x63, 0x08,
  0x63, 0x08, 0x63, 0x08, 0x63, 0x08, 0x63, 0x08, 0x63, 0x08, 0x63, 0x08, 0x63, 0x08, 0x63, 0x08,
  0x63, 0x08, 0x63, 0x08, 0x63, 0x08, 0x63, 0x08, 0x63, 0x08, 0x63, 0x08, 0x63, 0x08, 0x63, 0x08,
  0x63, 0x08, 0x63, 0x08, 0x63, 0x08, 0x63, 0x08, 0x63, 0x08, 0x63, 0x08, 0x63, 0x08, 0x63, 0x08,
  0x63, 0x08, 0x63, 0x08, 0x63, 0x08, 0x63, 0x08, 0x63, 0x08, 0x63, 0x08, 0x63, 0x08, 0x63, 0x08,
  0x63, 0x08, 0x63, 0x08, 0x63, 0x08, 0x63, 0x08, 0x63, 0x08, 0x63, 0x08, 0x63, 0x08, 0x63, 0x08,
  0x63, 0x08, 0x63, 0x08, 0x63, 0x08, 0x63, 0x08, 0x63, 0x08, 0x63, 0x08, 0x63, 0x08, 0x63, 0x08,
  0x63, 0x08, 0x63, 0x08, 0x63, 0x08, 0x63, 0x08, 0x63, 0x08, 0x63, 0x08, 0x63, 0x08, 0x63, 0x08,
  0x63, 0x08, 0x63, 0x08, 0x63, 0x08, 0x63, 0x08, 0x63, 0x08, 0x63, 0x08, 0x63, 0x08, 0x63, 0x08,
  0x63, 0x08, 0x63, 0x08, 0x63, 0x08, 0x83, 0x08, 0x43, 0x00, 0xA7, 0x92, 0x09, 0xE4, 0xE9, 0xD3,
  0x04, 0x31, 0x43, 0x00, 0x83, 0x08, 0x63, 0x08, 0x63, 0x08, 0x63, 0x08, 0x63, 0x08, 0x63, 0x08,
  0x63, 0x08, 0x63, 0x08, 0x63, 0x08, 0x63, 0x08, 0x63, 0x08, 0x63, 0x08, 0x63, 0x08, 0x63, 0x08,
  0x63, 0x08, 0x63, 0x08, 0x63, 0x08, 0x63, 0x08, 0x63, 0x08, 0x63, 0x08, 0x63, 0x08, 0x63, 0x08,
  0x63, 0x08, 0x63, 0x08, 0x63, 0x08, 0x63, 0x08, 0x63, 0x08, 0x63, 0x08, 0x63, 0x08, 0x63, 0x08,
  0x63, 0x08, 0x63, 0x08, 0x63, 0x08, 0x63, 0x08, 0x63, 0x08, 0x63, 0x08, 0x63, 0x08, 0x63, 0x08,
  0x63, 0x08, 0x63, 0x08, 0x63, 0x08, 0x63, 0x08, 0x63, 0x08, 0x63, 0x08, 0x63, 0x08, 0x63, 0x08,
  0x63, 0x08, 0x63, 0x08, 0x63, 0x08, 0x63, 0x08, 0x63, 0x08, 0x63, 0x08, 0x63, 0x08, 0x63, 0x08,
  0x63, 0x08, 0x63, 0x08, 0x63, 0x08, 0x63, 0x08, 0x63, 0x08, 0x63, 0x08, 0x63, 0x08, 0x63, 0x08,
  0x63, 0x08, 0x63, 0x08, 0x63, 0x08, 0x63, 0x08, 0x83, 0x08, 0x63, 0x08, 0xA4, 0x10, 0xF6, 0x9B,
  0x58, 0xAC, 0x38, 0xA4, 0x38, 0xA4, 0x38, 0xA4, 0x58, 0xA4, 0x59, 0xA4, 0x59, 0xA4, 0x59, 0xA4,
  0x59, 0x9C, 0x59, 0x9C, 0x59, 0x9C, 0x59, 0x9C, 0x5A, 0x9C, 0x5A, 0x9C, 0x5A, 0x9C, 0x5A, 0x9C,
  0x5A, 0x9C, 0x5A, 0x9C, 0x5A, 0x94, 0x5A, 0x94, 0x5A, 0x94, 0x5A, 0x94, 0x5B, 0x94, 0x5B, 0x94,
  0x5B, 0x94, 0x5B, 0x94, 0x7B, 0x94, 0x19, 0x84, 0xA5, 0x10, 0x63, 0x08, 0x83, 0x08, 0x63, 0x08,
  0x63, 0x08, 0x63, 0x08, 0x63, 0x08, 0x63, 0x08, 0x63, 0x08, 0x63, 0x08, 0x63, 0x08, 0x63, 0x08,
  0x63, 0x08, 0x63, 0x08, 0x63, 0x08, 0x63, 0x08, 0x63, 0x08, 0x63, 0x08, 0x63, 0x08, 0x63, 0x08,
  0x63, 0x08, 0x63, 0x08, 0x63, 0x08, 0x63, 0x08, 0x63, 0x08, 0x63, 0x08, 0x63, 0x08, 0x63, 0x08,
  0x63, 0x08, 0x63, 0x08, 0x63, 0x08, 0x63, 0x08, 0x63, 0x08, 0x63, 0x08, 0x63, 0x08, 0x63, 0x08,
  0x63, 0x08, 0x63, 0x08, 0x63, 0x08, 0x63, 0x08, 0x63, 0x08, 0x63, 0x08, 0x63, 0x08, 0x63, 0x08,
  0x63, 0x08, 0x63, 0x08, 0x63, 0x08, 0x63, 0x08, 0x63, 0x08, 0x63, 0x08, 0x63, 0x08, 0x63, 0x08,
  0x63, 0x08, 0x63, 0x08, 0x63, 0x08, 0x63, 0x08, 0x63, 0x08, 0x63, 0x08, 0x63, 0x08, 0x63, 0x08,
  0x63, 0x08, 0x63, 0x08, 0x63, 0x08, 0x63, 0x08, 0x63, 0x08, 0x63, 0x08, 0x63, 0x08, 0x63, 0x08,
  0x63, 0x08, 0x63, 0x08, 0x63, 0x08, 0x63, 0x08, 0x63, 0x08, 0x63, 0x08, 0x63, 0x08, 0x63, 0x08,
  0x63, 0x08, 0x63, 0x08, 0x63, 0x08, 0x63, 0x08, 0x63, 0x08, 0x63, 0x08, 0x63, 0x08, 0x63, 0x08,
  0x63, 0x08, 0x63, 0x08, 0x63, 0x08, 0x63, 0x08, 0x63, 0x08, 0x63, 0x08, 0x63, 0x08, 0x63, 0x08,
  0x63, 0x08, 0x63, 0x08, 0x63, 0x08, 0x63, 0x08, 0x63, 0x08, 0x63, 0x08, 0x63, 0x08, 0x63, 0x08,
  0x63, 0x08, 0x63, 0x08, 0x63, 0x08, 0x63, 0x08, 0x63, 0x08, 0x63, 0x08, 0x63, 0x08, 0x63, 0x08,
  0x63, 0x08, 0x63, 0x08, 0x63, 0x08, 0x63, 0x08, 0x63, 0x08, 0x63, 0x08, 0x63, 0x08, 0x63, 0x08,
  0x63, 0x08, 0x63, 0x08, 0x63, 0x08, 0x63, 0x08, 0x63, 0x08, 0x63, 0x08, 0x63, 0x08, 0x63, 0x08,
  0x63, 0x08, 0x63, 0x08, 0x63, 0x08, 0x63, 0x08, 0x63, 0x08, 0x63, 0x08, 0x63, 0x08, 0x63, 0x08,
  0x63, 0x08, 0x63, 0x08, 0x63, 0x08, 0x83, 0x08, 0x23, 0x00, 0x46, 0x72, 0x49, 0xF4, 0x66, 0x82,
  0x43, 0x00, 0x83, 0x08, 0x63, 0x08, 0x63, 0x08, 0x63, 0x08, 0x63, 0x08, 0x63, 0x08, 0x63, 0x08,
  0x63, 0x08, 0x63, 0x08, 0x63, 0x08, 0x63, 0x08, 0x63, 0x08, 0x63, 0x08, 0x63, 0x08, 0x63, 0x08,
  0x63, 0x08, 0x63, 0x08, 0x63, 0x08, 0x63, 0x08, 0x63, 0x08, 0x63, 0x08, 0x63, 0x08, 0x63, 0x08,
  0x63, 0x08, 0x63, 0x08, 0x63, 0x08, 0x63, 0x08, 0x63, 0x08, 0x63, 0x08, 0x63, 0x08, 0x63, 0x08,
  0x63, 0x08, 0x63, 0x08, 0x63, 0x08, 0x63, 0x08, 0x63, 0x08, 0x63, 0x08, 0x63, 0x08, 0x63, 0x08,
  0x63, 0x08, 0x63, 0x08, 0x63, 0x08, 0x63, 0x08, 0x63, 0x08, 0x63, 0x08, 0x63, 0x08, 0x63, 0x08,
  0x63, 0x08, 0x63, 0x08, 0x63, 0x08, 0x63, 0x08, 0x63, 0x08, 0x63, 0x08, 0x63, 0x08, 0x63, 0x08,
  0x63, 0x08, 0x63, 0x08, 0x63, 0x08, 0x63, 0x08, 0x63, 0x08, 0x63, 0x08, 0x63, 0x08, 0x63, 0x08,
  0x63, 0x08, 0x63, 0x08, 0x63, 0x08, 0x63, 0x08, 0x63, 0x08, 0x83, 0x08, 0x22, 0x00, 0xAA, 0x41,
  0x79, 0xB4, 0x38, 0xA4, 0x38, 0xA4, 0x38, 0xA4, 0x58, 0xA4, 0x59, 0xA4, 0x59, 0xA4, 0x59, 0xA4,
  0x59, 0x9C, 0x59, 0x9C, 0x59, 0x9C, 0x59, 0x9C, 0x5A, 0x9C, 0x5A, 0x9C, 0x5A, 0x9C, 0x5A, 0x9C,
  0x5A, 0x9C, 0x5A, 0x9C, 0x5A, 0x94, 0x5A, 0x94, 0x5A, 0x94, 0x5A, 0x94, 0x5B, 0x94, 0x5B, 0x94,
  0x5B, 0x94, 0x5A, 0x8C, 0x9C, 0x9C, 0xEC, 0x39, 0x21, 0x00, 0x83, 0x08, 0x63, 0x08, 0x63, 0x08,
  0x63, 0x08, 0x63, 0x08, 0x63, 0x08, 0x63, 0x08, 0x63, 0x08, 0x63, 0x08, 0x63, 0x08, 0x63, 0x08,
  0x63, 0x08, 0x63, 0x08, 0x63, 0x08, 0x63, 0x08, 0x63, 0x08, 0x63, 0x08, 0x63, 0x08, 0x63, 0x08,
  0x63, 0x08, 0x63, 0x08, 0x63, 0x08, 0x63, 0x08, 0x63, 0x08, 0x63, 0x08, 0x63, 0x08, 0x63, 0x08,
  0x63, 0x08, 0x63, 0x08, 0x63, 0x08, 0x63, 0x08, 0x63, 0x08, 0x63, 0x08, 0x63, 0x08, 0x63, 0x08,
  0x63, 0x08, 0x63, 0x08, 0x63, 0x08, 0x63, 0x08, 0x63, 0x08, 0x63, 0x08, 0x63, 0x08, 0x63, 0x08,
  0x63, 0x08, 0x63, 0x08, 0x63, 0x08, 0x63, 0x08, 0x63, 0x08, 0x63, 0x08, 0x63, 0x08, 0x63, 0x08,
  0x63, 0x08, 0x63, 0x08, 0x63, 0x08, 0x63, 0x08, 0x63, 0x08, 0x63, 0x08, 0x63, 0x08, 0x63, 0x08,
  0x63, 0x08, 0x63, 0x08, 0x63, 0x08, 0x63, 0x08, 0x63, 0x08, 0x63, 0x08, 0x63, 0x08, 0x63, 0x08,
  0x63, 0x08, 0x63, 0x08, 0x63, 0x08, 0x63, 0x08, 0x63, 0x08, 0x63, 0x08, 0x63, 0x08, 0x63, 0x08,
  0x63, 0x08, 0x63, 0x08, 0x63, 0x08, 0x63, 0x08, 0x63, 0x08, 0x63, 0x08, 0x63, 0x08, 0x63, 0x08,
  0x63, 0x08, 0x63, 0x08, 0x63, 0x08, 0x63, 0x08, 0x63, 0x08, 0x63, 0x08, 0x63, 0x08, 0x63, 0x08,
  0x63, 0x08, 0x63, 0x08, 0x63, 0x08, 0x63, 0x08, 0x63, 0x08, 0x63, 0x08, 0x63, 0x08, 0x63, 0x08,
  0x63, 0x08, 0x63, 0x08, 0x63, 0x08, 0x63, 0x08, 0x63, 0x08, 0x63, 0x08, 0x63, 0x08, 0x63, 0x08,
  0x63, 0x08, 0x63, 0x08, 0x63, 0x08, 0x63, 0x08, 0x63, 0x08, 0x63, 0x08, 0x63, 0x08, 0x63, 0x08,
  0x63, 0x08, 0x63, 0x08, 0x63, 0x08, 0x63, 0x08, 0x63, 0x08, 0x63, 0x08, 0x63, 0x08, 0x63, 0x08,
  0x63, 0x08, 0x63, 0x08, 0x63, 0x08, 0x63, 0x08, 0x63, 0x08, 0x63, 0x08, 0x63, 0x08, 0x63, 0x08,
  0x63, 0x08, 0x63, 0x08, 0x63, 0x08, 0x83, 0x08, 0x23, 0x00, 0x26, 0x72, 0x09, 0xDC, 0xC4, 0x18,
  0x63, 0x00, 0x83, 0x08, 0x63, 0x08, 0x63, 0x08, 0x63, 0x08, 0x63, 0x08, 0x63, 0x08, 0x63, 0x08,
  0x63, 0x08, 0x63, 0x08, 0x63, 0x08, 0x63, 0x08, 0x63, 0x08, 0x63, 0x08, 0x63, 0x08, 0x63, 0x08,
  0x63, 0x08, 0x63, 0x08, 0x63, 0x08, 0x63, 0x08, 0x63, 0x08, 0x63, 0x08, 0x63, 0x08, 0x63, 0x08,
  0x63, 0x08, 0x63, 0x08, 0x63, 0x08, 0x63, 0x08, 0x63, 0x08, 0x63, 0x08, 0x63, 0x08, 0x63, 0x08,
  0x63, 0x08, 0x63, 0x08, 0x63, 0x08, 0x63, 0x08, 0x63, 0x08, 0x63, 0x08, 0x63, 0x08, 0x63, 0x08,
  0x63, 0x08, 0x63, 0x08, 0x63, 0x08, 0x63, 0x08, 0x63, 0x08, 0x63, 0x08, 0x63, 0x08, 0x63, 0x08,
  0x63, 0x08, 0x63, 0x08, 0x63, 0x08, 0x63, 0x08, 0x63, 0x08, 0x63, 0x08, 0x63, 0x08, 0x63, 0x08,
  0x63, 0x08, 0x63, 0x08, 0x63, 0x08, 0x63, 0x08, 0x63, 0x08, 0x63, 0x08, 0x63, 0x08, 0x63, 0x08,
  0x63, 0x08, 0x63, 0x08, 0x63, 0x08, 0x63, 0x08, 0x63, 0x08, 0x63, 0x08, 0x83, 0x08, 0x42, 0x00,
  0x32, 0x7B, 0x79, 0xAC, 0x38, 0xA4, 0x38, 0xA4, 0x58, 0xA4, 0x59, 0xA4, 0x59, 0xA4, 0x59, 0xA4,
  0x59, 0x9C, 0x59, 0x9C, 0x59, 0x9C, 0x59, 0x9C, 0x5A, 0x9C, 0x5A, 0x9C, 0x5A, 0x9C, 0x5A, 0x9C,
  0x5A, 0x9C, 0x5A, 0x9C, 0x5A, 0x94, 0x5A, 0x94, 0x5A, 0x94, 0x5A, 0x94, 0x5B, 0x94, 0x5B, 0x94,
  0x5A, 0x94, 0x9C, 0x9C, 0x55, 0x6B, 0x42, 0x00, 0x83, 0x08, 0x63, 0x08, 0x63, 0x08, 0x63, 0x08,
  0x63, 0x08, 0x63, 0x08, 0x63, 0x08, 0x63, 0x08, 0x63, 0x08, 0x63, 0x08, 0x63, 0x08, 0x63, 0x08,
  0x63, 0x08, 0x63, 0x08, 0x63, 0x08, 0x63, 0x08, 0x63, 0x08, 0x63, 0x08, 0x63, 0x08, 0x63, 0x08,
  0x63, 0x08, 0x63, 0x08, 0x63, 0x08, 0x63, 0x08, 0x63, 0x08, 0x63, 0x08, 0x63, 0x08, 0x63, 0x08,
  0x63, 0x08, 0x63, 0x08, 0x63, 0x08, 0x63, 0x08, 0x63, 0x08, 0x63, 0x08, 0x63, 0x08, 0x63, 0x08,
  0x63, 0x08, 0x63, 0x08, 0x63, 0x08, 0x63, 0x08, 0x63, 0x08, 0x63, 0x08, 0x63, 0x08, 0x63, 0x08,
  0x63, 0x08, 0x63, 0x08, 0x63, 0x08, 0x63, 0x08, 0x63, 0x08, 0x63, 0x08, 0x63, 0x08, 0x63, 0x08,
  0x63, 0x08, 0x63, 0x08, 0x63, 0x08, 0x63, 0x08, 0x63, 0x08, 0x63, 0x08, 0x63, 0x08, 0x63, 0x08,
  0x63, 0x08, 0x63, 0x08, 0x63, 0x08, 0x63, 0x08, 0x63, 0x08, 0x63, 0x08, 0x63, 0x08, 0x63, 0x08,
  0x63, 0x08, 0x63, 0x08, 0x63, 0x08, 0x63, 0x08, 0x63, 0x08, 0x63, 0x08, 0x63, 0x08, 0x63, 0x08,
  0x63, 0x08, 0x63, 0x08, 0x63, 0x08, 0x63, 0x08, 0x63, 0x08, 0x63, 0x08, 0x63, 0x08, 0x63, 0x08,
  0x63, 0x08, 0x63, 0x08, 0x63, 0x08, 0x63, 0x08, 0x63, 0x08, 0x63, 0x08, 0x63, 0x08, 0x63, 0x08,
  0x63, 0x08, 0x63, 0x08, 0x63, 0x08, 0x63, 0x08, 0x63, 0x08, 0x63, 0x08, 0x63, 0x08, 0x63, 0x08,
  0x63, 0x08, 0x63, 0x08, 0x63, 0x08, 0x63, 0x08, 0x63, 0x08, 0x63, 0x08, 0x63, 0x08, 0x63, 0x08,
  0x63, 0x08, 0x63, 0x08, 0x63, 0x08, 0x63, 0x08, 0x63, 0x08, 0x63, 0x08, 0x63, 0x08, 0x63, 0x08,
  0x63, 0x08, 0x63, 0x08, 0x63, 0x08, 0x63, 0x08, 0x63, 0x08, 0x63, 0x08, 0x63, 0x08, 0x63, 0x08,
  0x63, 0x08, 0x63, 0x08, 0x63, 0x08, 0x63, 0x08, 0x63, 0x08, 0x63, 0x08, 0x63, 0x08, 0x63, 0x08,
  0x63, 0x08, 0x63, 0x08, 0x63, 0x08, 0x83, 0x08, 0x23, 0x00, 0x66, 0x82, 0x66, 0x7A, 0x23, 0x00,
  0x83, 0x08, 0x63, 0x08, 0x63, 0x08, 0x63, 0x08, 0x63, 0x08, 0x63, 0x08, 0x63, 0x08, 0x63, 0x08,
  0x63, 0x08, 0x63, 0x08, 0x63, 0x08, 0x63, 0x08, 0x63, 0x08, 0x63, 0x08, 0x63, 0x08, 0x63, 0x08,
  0x63, 0x08, 0x63, 0x08, 0x63, 0x08, 0x63, 0x08, 0x63, 0x08, 0x63, 0x08, 0x63, 0x08, 0x63, 0x08,
  0x63, 0x08, 0x63, 0x08, 0x63, 0x08, 0x63, 0x08, 0x63, 0x08, 0x63, 0x08, 0x63, 0x08, 0x63, 0x08,
  0x63, 0x08, 0x63, 0x08, 0x63, 0x08, 0x63, 0x08, 0x63, 0x08, 0x63, 0x08, 0x63, 0x08, 0x63, 0x08,
  0x63, 0x08, 0x63, 0x08, 0x63, 0x08, 0x63, 0x08, 0x63, 0x08, 0x63, 0x08, 0x63, 0x08, 0x63, 0x08,
  0x63, 0x08, 0x63, 0x08, 0x63, 0x08, 0x63, 0x08, 0x63, 0x08, 0x63, 0x08, 0x63, 0x08, 0x63, 0x08,
  0x63, 0x08, 0x63, 0x08, 0x63, 0x08, 0x63, 0x08, 0x63, 0x08, 0x63, 0x08, 0x63, 0x08, 0x63, 0x08,
  0x63, 0x08, 0x63, 0x08, 0x63, 0x08, 0x63, 0x08, 0x63, 0x08, 0x63, 0x08, 0x83, 0x08, 0x42, 0x00,
  0x27, 0x29, 0x58, 0xAC, 0x38, 0xA4, 0x38, 0xA4, 0x58, 0xA4, 0x59, 0xA4, 0x59, 0xA4, 0x59, 0xA4,
  0x59, 0x9C, 0x59, 0x9C, 0x59, 0x9C, 0x59, 0x9C, 0x5A, 0x9C, 0x5A, 0x9C, 0x5A, 0x9C, 0x5A, 0x9C,
  0x5A, 0x9C, 0x5A, 0x9C, 0x5A, 0x94, 0x5A, 0x94, 0x5A, 0x94, 0x5A, 0x94, 0x5B, 0x94, 0x5B, 0x94,
  0x5B, 0x94, 0x5B, 0x94, 0x07, 0x21, 0x42, 0x00, 0x83, 0x08, 0x63, 0x08, 0x63, 0x08, 0x63, 0x08,
  0x63, 0x08, 0x63, 0x08, 0x63, 0x08, 0x63, 0x08, 0x63, 0x08, 0x63, 0x08, 0x63, 0x08, 0x63, 0x08,
  0x63, 0x08, 0x63, 0x08, 0x63, 0x08, 0x63, 0x08, 0x63, 0x08, 0x63, 0x08, 0x63, 0x08, 0x63, 0x08,
  0x63, 0x08, 0x63, 0x08, 0x63, 0x08, 0x63, 0x08, 0x63, 0x08, 0x63, 0x08, 0x63, 0x08, 0x63, 0x08,
  0x63, 0x08, 0x63, 0x08, 0x63, 0x08, 0x63, 0x08, 0x63, 0x08, 0x63, 0x08, 0x63, 0x08, 0x63, 0x08,
  0x63, 0x08, 0x63, 0x08, 0x63, 0x08, 0x63, 0x08, 0x63, 0x08, 0x63, 0x08, 0x63, 0x08, 0x63, 0x08,
  0x63, 0x08, 0x63, 0x08, 0x63, 0x08, 0x63, 0x08, 0x63, 0x08, 0x63, 0x08, 0x63, 0x08, 0x63, 0x08,
  0x63, 0x08, 0x63, 0x08, 0x63, 0x08, 0x63, 0x08, 0x63, 0x08, 0x63, 0x08, 0x63, 0x08, 0x63, 0x08,
  0x63, 0x08, 0x63, 0x08, 0x63, 0x08, 0x63, 0x08, 0x63, 0x08, 0x63, 0x08, 0x63, 0x08, 0x63, 0x08,
  0x63, 0x08, 0x63, 0x08, 0x63, 0x08, 0x63, 0x08, 0x63, 0x08, 0x63, 0x08, 0x63, 0x08, 0x63, 0x08,
  0x63, 0x08, 0x63, 0x08, 0x63, 0x08, 0x63, 0x08, 0x63, 0x08, 0x63, 0x08, 0x63, 0x08, 0x63, 0x08,
  0x63, 0x08, 0x63, 0x08, 0x63, 0x08, 0x63, 0x08, 0x63, 0x08, 0x63, 0x08, 0x63, 0x08, 0x63, 0x08,
  0x63, 0x08, 0x63, 0x08, 0x63, 0x08, 0x63, 0x08, 0x63, 0x08, 0x63, 0x08, 0x63, 0x08, 0x63, 0x08,
  0x63, 0x08, 0x63, 0x08, 0x63, 0x08, 0x63, 0x08, 0x63, 0x08, 0x63, 0x08, 0x63, 0x08, 0x63, 0x08,
  0x63, 0x08, 0x63, 0x08, 0x63, 0x08, 0x63, 0x08, 0x63, 0x08, 0x63, 0x08, 0x63, 0x08, 0x63, 0x08,
  0x63, 0x08, 0x63, 0x08, 0x63, 0x08, 0x63, 0x08, 0x63, 0x08, 0x63, 0x08, 0x63, 0x08, 0x63, 0x08,
  0x63, 0x08, 0x63, 0x08, 0x63, 0x08, 0x63, 0x08, 0x63, 0x08, 0x63, 0x08, 0x63, 0x08, 0x63, 0x08,
  0x63, 0x08, 0x63, 0x08, 0x63, 0x08, 0x63, 0x08, 0x63, 0x00, 0xE4, 0x20, 0xA3, 0x10, 0x63, 0x08,
  0x63, 0x08, 0x63, 0x08, 0x63, 0x08, 0x63, 0x08, 0x63, 0x08, 0x63, 0x08, 0x63, 0x08, 0x63, 0x08,
  0x63, 0x08, 0x63, 0x08, 0x63, 0x08, 0x63, 0x08, 0x63, 0x08, 0x63, 0x08, 0x63, 0x08, 0x63, 0x08,
  0x63, 0x08, 0x63, 0x08, 0x63, 0x08, 0x63, 0x08, 0x63, 0x08, 0x63, 0x08, 0x63, 0x08, 0x63, 0x08,
  0x63, 0x08, 0x63, 0x08, 0x63, 0x08, 0x63, 0x08, 0x63, 0x08, 0x63, 0x08, 0x63, 0x08, 0x63, 0x08,
  0x63, 0x08, 0x63, 0x08, 0x63, 0x08, 0x63, 0x08, 0x63, 0x08, 0x63, 0x08, 0x63, 0x08, 0x63, 0x08,
  0x63, 0x08, 0x63, 0x08, 0x63, 0x08, 0x63, 0x08, 0x63, 0x08, 0x63, 0x08, 0x63, 0x08, 0x63, 0x08,
  0x63, 0x08, 0x63, 0x08, 0x63, 0x08, 0x63, 0x08, 0x63, 0x08, 0x63, 0x08, 0x63, 0x08, 0x63, 0x08,
  0x63, 0x08, 0x63, 0x08, 0x63, 0x08, 0x63, 0x08, 0x63, 0x08, 0x63, 0x08, 0x63, 0x08, 0x63, 0x08,
  0x63, 0x08, 0x63, 0x08, 0x63, 0x08, 0x63, 0x08, 0x63, 0x08, 0x63, 0x08, 0x63, 0x08, 0x83, 0x08,
  0x22, 0x00, 0xF0, 0x6A, 0x79, 0xAC, 0x38, 0xA4, 0x58, 0xA4, 0x59, 0xA4, 0x59, 0xA4, 0x59, 0xA4,
  0x59, 0x9C, 0x59, 0x9C, 0x59, 0x9C, 0x59, 0x9C, 0x5A, 0x9C, 0x5A, 0x9C, 0x5A, 0x9C, 0x5A, 0x9C,
  0x5A, 0x9C, 0x5A, 0x9C, 0x5A, 0x94, 0x5A, 0x94, 0x5A, 0x94, 0x5A, 0x94, 0x5B, 0x94, 0x5A, 0x94,
  0x9C, 0x9C, 0x6F, 0x4A, 0x21, 0x00, 0x83, 0x08, 0x63, 0x08, 0x63, 0x08, 0x63, 0x08, 0x63, 0x08,
  0x63, 0x08, 0x63, 0x08, 0x63, 0x08, 0x63, 0x08, 0x63, 0x08, 0x63, 0x08, 0x63, 0x08, 0x63, 0x08,
  0x63, 0x08, 0x63, 0x08, 0x63, 0x08, 0x63, 0x08, 0x63, 0x08, 0x63, 0x08, 0x63, 0x08, 0x63, 0x08,
  0x63, 0x08, 0x63, 0x08, 0x63, 0x08, 0x63, 0x08, 0x63, 0x08, 0x63, 0x08, 0x63, 0x08, 0x63, 0x08,
  0x63, 0x08, 0x63, 0x08, 0x63, 0x08, 0x63, 0x08, 0x63, 0x08, 0x63, 0x08, 0x63, 0x08, 0x63, 0x08,
  0x63, 0x08, 0x63, 0x08, 0x63, 0x08, 0x63, 0x08, 0x63, 0x08, 0x63, 0x08, 0x63, 0x08, 0x63, 0x08,
  0x63, 0x08, 0x63, 0x08, 0x63, 0x08, 0x63, 0x08, 0x63, 0x08, 0x63, 0x08, 0x63, 0x08, 0x63, 0x08,
  0x63, 0x08, 0x63, 0x08, 0x63, 0x08, 0x63, 0x08, 0x63, 0x08, 0x63, 0x08, 0x63, 0x08, 0x63, 0x08,
  0x63, 0x08, 0x63, 0x08, 0x63, 0x08, 0x63, 0x08, 0x63, 0x08, 0x63, 0x08, 0x63, 0x08, 0x63, 0x08,
  0x63, 0x08, 0x63, 0x08, 0x63, 0x08, 0x63, 0x08, 0x63, 0x08, 0x63, 0x08, 0x63, 0x08, 0x63, 0x08,
  0x63, 0x08, 0x63, 0x08, 0x63, 0x08, 0x63, 0x08, 0x63, 0x08, 0x63, 0x08, 0x63, 0x08, 0x63, 0x08,
  0x63, 0x08, 0x63, 0x08, 0x63, 0x08, 0x63, 0x08, 0x63, 0x08, 0x63, 0x08, 0x63, 0x08, 0x63, 0x08,
  0x63, 0x08, 0x63, 0x08, 0x63, 0x08, 0x63, 0x08, 0x63, 0x08, 0x63, 0x08, 0x63, 0x08, 0x63, 0x08,
  0x63, 0x08, 0x63, 0x08, 0x63, 0x08, 0x63, 0x08, 0x63, 0x08, 0x63, 0x08, 0x63, 0x08, 0x63, 0x08,
  0x63, 0x08, 0x63, 0x08, 0x63, 0x08, 0x63, 0x08, 0x63, 0x08, 0x63, 0x08, 0x63, 0x08, 0x63, 0x08,
  0x63, 0x08, 0x63, 0x08, 0x63, 0x08, 0x63, 0x08, 0x63, 0x08, 0x63, 0x08, 0x63, 0x08, 0x63, 0x08,
  0x63, 0x08, 0x63, 0x08, 0x63, 0x08, 0x63, 0x08, 0x63, 0x08, 0x63, 0x08, 0x63, 0x08, 0x63, 0x08,
  0x63, 0x08, 0x63, 0x08, 0x63, 0x08, 0x63, 0x08, 0x63, 0x08, 0x63, 0x00, 0x63, 0x08, 0x63, 0x08,
  0x63, 0x08, 0x63, 0x08, 0x63, 0x08, 0x63, 0x08, 0x63, 0x08, 0x63, 0x08, 0x63, 0x08, 0x63, 0x08,
  0x63, 0x08, 0x63, 0x08, 0x63, 0x08, 0x63, 0x08, 0x63, 0x08, 0x63, 0x08, 0x63, 0x08, 0x63, 0x08,
  0x63, 0x08, 0x63, 0x08, 0x63, 0x08, 0x63, 0x08, 0x63, 0x08, 0x63, 0x08, 0x63, 0x08, 0x63, 0x08,
  0x63, 0x08, 0x63, 0x08, 0x63, 0x08, 0x63, 0x08, 0x63, 0x08, 0x63, 0x08, 0x63, 0x08, 0x63, 0x08,
  0x63, 0x08, 0x63, 0x08, 0x63, 0x08, 0x63, 0x08, 0x63, 0x08, 0x63, 0x08, 0x63, 0x08, 0x63, 0x08,
  0x63, 0x08, 0x63, 0x08, 0x63, 0x08, 0x63, 0x08, 0x63, 0x08, 0x63, 0x08, 0x63, 0x08, 0x63, 0x08,
  0x63, 0x08, 0x63, 0x08, 0x63, 0x08, 0x63, 0x08, 0x63, 0x08, 0x63, 0x08, 0x63, 0x08, 0x63, 0x08,
  0x63, 0x08, 0x63, 0x08, 0x63, 0x08, 0x63, 0x08, 0x63, 0x08, 0x63, 0x08, 0x63, 0x08, 0x63, 0x08,
  0x63, 0x08, 0x63, 0x08, 0x63, 0x08, 0x63, 0x08, 0x63, 0x08, 0x63, 0x08, 0x63, 0x08, 0x83, 0x08,
  0x42, 0x00, 0x27, 0x21, 0x58, 0xA4, 0x38, 0xA4, 0x38, 0xA4, 0x59, 0xA4, 0x59, 0xA4, 0x59, 0xA4,
  0x59, 0x9C, 0x59, 0x9C, 0x59, 0x9C, 0x59, 0x9C, 0x5A, 0x9C, 0x5A, 0x9C, 0x5A, 0x9C, 0x5A, 0x9C,
  0x5A, 0x9C, 0x5A, 0x9C, 0x5A, 0x94, 0x5A, 0x94, 0x5A, 0x94, 0x5A, 0x94, 0x5A, 0x94, 0x7C, 0x9C,
  0xB7, 0x7B, 0x63, 0x08, 0x63, 0x08, 0x63, 0x08, 0x63, 0x08, 0x63, 0x08, 0x63, 0x08, 0x63, 0x08,
  0x63, 0x08, 0x63, 0x08, 0x63, 0x08, 0x63, 0x08, 0x63, 0x08, 0x63, 0x08, 0x63, 0x08, 0x63, 0x08,
  0x63, 0x08, 0x63, 0x08, 0x63, 0x08, 0x63, 0x08, 0x63, 0x08, 0x63, 0x08, 0x63, 0x08, 0x63, 0x08,
  0x63, 0x08, 0x63, 0x08, 0x63, 0x08, 0x63, 0x08, 0x63, 0x08, 0x63, 0x08, 0x63, 0x08, 0x63, 0x08,
  0x63, 0x08, 0x63, 0x08, 0x63, 0x08, 0x63, 0x08, 0x63, 0x08, 0x63, 0x08, 0x63, 0x08, 0x63, 0x08,
  0x63, 0x08, 0x63, 0x08, 0x63, 0x08, 0x63, 0x08, 0x63, 0x08, 0x63, 0x08, 0x63, 0x08, 0x63, 0x08,
  0x63, 0x08, 0x63, 0x08, 0x63, 0x08, 0x63, 0x08, 0x63, 0x08, 0x63, 0x08, 0x63, 0x08, 0x63, 0x08,
  0x63, 0x08, 0x63, 0x08, 0x63, 0x08, 0x63, 0x08, 0x63, 0x08, 0x63, 0x08, 0x63, 0x08, 0x63, 0x08,
  0x63, 0x08, 0x63, 0x08, 0x63, 0x08, 0x63, 0x08, 0x63, 0x08, 0x63, 0x08, 0x63, 0x08, 0x63, 0x08,
  0x63, 0x08, 0x63, 0x08, 0x63, 0x08, 0x63, 0x08, 0x63, 0x08, 0x63, 0x08, 0x63, 0x08, 0x63, 0x08,
  0x63, 0x08, 0x63, 0x08, 0x63, 0x08, 0x63, 0x08, 0x63, 0x08, 0x63, 0x08, 0x63, 0x08, 0x63, 0x08,
  0x63, 0x08, 0x63, 0x08, 0x63, 0x08, 0x63, 0x08, 0x63, 0x08, 0x63, 0x08, 0x63, 0x08, 0x63, 0x08,
  0x63, 0x08, 0x63, 0x08, 0x63, 0x08, 0x63, 0x08, 0x63, 0x08, 0x63, 0x08, 0x63, 0x08, 0x63, 0x08,
  0x63, 0x08, 0x63, 0x08, 0x63, 0x08, 0x63, 0x08, 0x63, 0x08, 0x63, 0x08, 0x63, 0x08, 0x63, 0x08,
  0x63, 0x08, 0x63, 0x08, 0x63, 0x08, 0x63, 0x08, 0x63, 0x08, 0x63, 0x08, 0x63, 0x08, 0x63, 0x08,
  0x63, 0x08, 0x63, 0x08, 0x63, 0x08, 0x63, 0x08, 0x63, 0x08, 0x63, 0x08, 0x63, 0x08, 0x63, 0x08,
  0x63, 0x08, 0x63, 0x08, 0x63, 0x08, 0x63, 0x08, 0x63, 0x08, 0x63, 0x08, 0x63, 0x08, 0x63, 0x08,
  0x63, 0x08, 0x63, 0x08, 0x63, 0x08, 0x63, 0x08, 0x63, 0x08, 0x83, 0x08, 0x63, 0x08, 0x63, 0x08,
  0x63, 0x08, 0x63, 0x08, 0x63, 0x08, 0x63, 0x08, 0x63, 0x08, 0x63, 0x08, 0x63, 0x08, 0x63, 0x08,
  0x63, 0x08, 0x63, 0x08, 0x63, 0x08, 0x63, 0x08, 0x63, 0x08, 0x63, 0x08, 0x63, 0x08, 0x63, 0x08,
  0x63, 0x08, 0x63, 0x08, 0x63, 0x08, 0x63, 0x08, 0x63, 0x08, 0x63, 0x08, 0x63, 0x08, 0x63, 0x08,
  0x63, 0x08, 0x63, 0x08, 0x63, 0x08, 0x63, 0x08, 0x63, 0x08, 0x63, 0x08, 0x63, 0x08, 0x63, 0x08,
  0x63, 0x08, 0x63, 0x08, 0x63, 0x08, 0x63, 0x08, 0x63, 0x08, 0x63, 0x08, 0x63, 0x08, 0x63, 0x08,
  0x63, 0x08, 0x63, 0x08, 0x63, 0x08, 0x63, 0x08, 0x63, 0x08, 0x63, 0x08, 0x63, 0x08, 0x63, 0x08,
  0x63, 0x08, 0x63, 0x08, 0x63, 0x08, 0x63, 0x08, 0x63, 0x08, 0x63, 0x08, 0x63, 0x08, 0x63, 0x08,
  0x63, 0x08, 0x63, 0x08, 0x63, 0x08, 0x63, 0x08, 0x63, 0x08, 0x63, 0x08, 0x63, 0x08, 0x63, 0x08,
  0x63, 0x08, 0x63, 0x08, 0x63, 0x08, 0x63, 0x08, 0x63, 0x08, 0x63, 0x08, 0x63, 0x08, 0x63, 0x08,
  0x83, 0x08, 0x42, 0x00, 0x32, 0x73, 0x79, 0xAC, 0x38, 0xA4, 0x59, 0xA4, 0x59, 0xA4, 0x59, 0xA4,
  0x59, 0x9C, 0x59, 0x9C, 0x59, 0x9C, 0x59, 0x9C, 0x5A, 0x9C, 0x5A, 0x9C, 0x5A, 0x9C, 0x5A, 0x9C,
  0x5A, 0x9C, 0x5A, 0x9C, 0x5A, 0x94, 0x5A, 0x94, 0x5A, 0x94, 0x5A, 0x94, 0x5A, 0x94, 0x7B, 0x94,
  0x69, 0x29, 0x42, 0x00, 0x83, 0x08, 0x63, 0x08, 0x63, 0x08, 0x63, 0x08, 0x63, 0x08, 0x63, 0x08,
  0x63, 0x08, 0x63, 0x08, 0x63, 0x08, 0x63, 0x08, 0x63, 0x08, 0x63, 0x08, 0x63, 0x08, 0x63, 0x08,
  0x63, 0x08, 0x63, 0x08, 0x63, 0x08, 0x63, 0x08, 0x63, 0x08, 0x63, 0x08, 0x63, 0x08, 0x63, 0x08,
  0x63, 0x08, 0x63, 0x08, 0x63, 0x08, 0x63, 0x08, 0x63, 0x08, 0x63, 0x08, 0x63, 0x08, 0x63, 0x08,
  0x63, 0x08, 0x63, 0x08, 0x63, 0x08, 0x63, 0x08, 0x63, 0x08, 0x63, 0x08, 0x63, 0x08, 0x63, 0x08,
  0x63, 0x08, 0x63, 0x08, 0x63, 0x08, 0x63, 0x08, 0x63, 0x08, 0x63, 0x08, 0x63, 0x08, 0x63, 0x08,
  0x63, 0x08, 0x63, 0x08, 0x63, 0x08, 0x63, 0x08, 0x63, 0x08, 0x63, 0x08, 0x63, 0x08, 0x63, 0x08,
  0x63, 0x08, 0x63, 0x08, 0x63, 0x08, 0x63, 0x08, 0x63, 0x08, 0x63, 0x08, 0x63, 0x08, 0x63, 0x08,
  0x63, 0x08, 0x63, 0x08, 0x63, 0x08, 0x63, 0x08, 0x63, 0x08, 0x63, 0x08, 0x63, 0x08, 0x63, 0x08,
  0x63, 0x08, 0x63, 0x08, 0x63, 0x08, 0x63, 0x08, 0x63, 0x08, 0x63, 0x08, 0x63, 0x08, 0x63, 0x08,
  0x63, 0x08, 0x63, 0x08, 0x63, 0x08, 0x63, 0x08, 0x63, 0x08, 0x63, 0x08, 0x63, 0x08, 0x63, 0x08,
  0x63, 0x08, 0x63, 0x08, 0x63, 0x08, 0x63, 0x08, 0x63, 0x08, 0x63, 0x08, 0x63, 0x08, 0x63, 0x08,
  0x63, 0x08, 0x63, 0x08, 0x63, 0x08, 0x63, 0x08, 0x63, 0x08, 0x63, 0x08, 0x63, 0x08, 0x63, 0x08,
  0x63, 0x08, 0x63, 0x08, 0x63, 0x08, 0x63, 0x08, 0x63, 0x08, 0x63, 0x08, 0x63, 0x08, 0x63, 0x08,
  0x63, 0x08, 0x63, 0x08, 0x63, 0x08, 0x63, 0x08, 0x63, 0x08, 0x63, 0x08, 0x63, 0x08, 0x63, 0x08,
  0x63, 0x08, 0x63, 0x08, 0x63, 0x08, 0x63, 0x08, 0x63, 0x08, 0x63, 0x08, 0x63, 0x08, 0x63, 0x08,
  0x63, 0x08, 0x63, 0x08, 0x63, 0x08, 0x63, 0x08, 0x63, 0x08, 0x63, 0x08, 0x63, 0x08, 0x63, 0x08,
  0x63, 0x08, 0x63, 0x08, 0x63, 0x08, 0x63, 0x08, 0x63, 0x08, 0x63, 0x08, 0x63, 0x08, 0x63, 0x08,
  0x63, 0x08, 0x63, 0x08, 0x63, 0x08, 0x63, 0x08, 0x63, 0x08, 0x63, 0x08, 0x63, 0x08, 0x63, 0x08,
  0x63, 0x08, 0x63, 0x08, 0x63, 0x08, 0x63, 0x08, 0x63, 0x08, 0x63, 0x08, 0x63, 0x08, 0x63, 0x08,
  0x63, 0x08, 0x63, 0x08, 0x63, 0x08, 0x63, 0x08, 0x63, 0x08, 0x63, 0x08, 0x63, 0x08, 0x63, 0x08,
  0x63, 0x08, 0x63, 0x08, 0x63, 0x08, 0x63, 0x08, 0x63, 0x08, 0x63, 0x08, 0x63, 0x08, 0x63, 0x08,
  0x63, 0x08, 0x63, 0x08, 0x63, 0x08, 0x63, 0x08, 0x63, 0x08, 0x63, 0x08, 0x63, 0x08, 0x63, 0x08,
  0x63, 0x08, 0x63, 0x08, 0x63, 0x08, 0x63, 0x08, 0x63, 0x08, 0x63, 0x08, 0x63, 0x08, 0x63, 0x08,
  0x63, 0x08, 0x63, 0x08, 0x63, 0x08, 0x63, 0x08, 0x63, 0x08, 0x63, 0x08, 0x63, 0x08, 0x63, 0x08,
  0x63, 0x08, 0x63, 0x08, 0x63, 0x08, 0x63, 0x08, 0x63, 0x08, 0x63, 0x08, 0x63, 0x08, 0x63, 0x08,
  0x63, 0x08, 0x63, 0x08, 0x63, 0x08, 0x63, 0x08, 0x63, 0x08, 0x63, 0x08, 0x63, 0x08, 0x63, 0x08,
  0x83, 0x08, 0x42, 0x00, 0xAA, 0x39, 0x79, 0xAC, 0x38, 0xA4, 0x59, 0xA4, 0x59, 0xA4, 0x59, 0xA4,
  0x59, 0x9C, 0x59, 0x9C, 0x59, 0x9C, 0x59, 0x9C, 0x5A, 0x9C, 0x5A, 0x9C, 0x5A, 0x9C, 0x5A, 0x9C,
  0x5A, 0x9C, 0x5A, 0x9C, 0x5A, 0x94, 0x5A, 0x94, 0x5A, 0x94, 0x3A, 0x94, 0x9C, 0x9C, 0xB1, 0x5A,
  0x21, 0x00, 0x83, 0x08, 0x63, 0x08, 0x63, 0x08, 0x63, 0x08, 0x63, 0x08, 0x63, 0x08, 0x63, 0x08,
  0x63, 0x08, 0x63, 0x08, 0x63, 0x08, 0x63, 0x08, 0x63, 0x08, 0x63, 0x08, 0x63, 0x08, 0x63, 0x08,
  0x63, 0x08, 0x63, 0x08, 0x63, 0x08, 0x63, 0x08, 0x63, 0x08, 0x63, 0x08, 0x63, 0x08, 0x63, 0x08,
  0x63, 0x08, 0x63, 0x08, 0x63, 0x08, 0x63, 0x08, 0x63, 0x08, 0x63, 0x08, 0x63, 0x08, 0x63, 0x08,
  0x63, 0x08, 0x63, 0x08, 0x63, 0x08, 0x63, 0x08, 0x63, 0x08, 0x63, 0x08, 0x63, 0x08, 0x63, 0x08,
  0x63, 0x08, 0x63, 0x08, 0x63, 0x08, 0x63, 0x08, 0x63, 0x08, 0x63, 0x08, 0x63, 0x08, 0x63, 0x08,
  0x63, 0x08, 0x63, 0x08, 0x63, 0x08, 0x63, 0x08, 0x63, 0x08, 0x63, 0x08, 0x63, 0x08, 0x63, 0x08,
  0x63, 0x08, 0x63, 0x08, 0x63, 0x08, 0x63, 0x08, 0x63, 0x08, 0x63, 0x08, 0x63, 0x08, 0x63, 0x08,
  0x63, 0x08, 0x63, 0x08, 0x63, 0x08, 0x63, 0x08, 0x63, 0x08, 0x63, 0x08, 0x63, 0x08, 0x63, 0x08,
  0x63, 0x08, 0x63, 0x08, 0x63, 0x08, 0x63, 0x08, 0x63, 0x08, 0x63, 0x08, 0x63, 0x08, 0x63, 0x08,
  0x63, 0x08, 0x63, 0x08, 0x63, 0x08, 0x63, 0x08, 0x63, 0x08, 0x63, 0x08, 0x63, 0x08, 0x63, 0x08,
  0x63, 0x08, 0x63, 0x08, 0x63, 0x08, 0x63, 0x08, 0x63, 0x08, 0x63, 0x08, 0x63, 0x08, 0x63, 0x08,
  0x63, 0x08, 0x63, 0x08, 0x63, 0x08, 0x63, 0x08, 0x63, 0x08, 0x63, 0x08, 0x63, 0x08, 0x63, 0x08,
  0x63, 0x08, 0x63, 0x08, 0x63, 0x08, 0x63, 0x08, 0x63, 0x08, 0x63, 0x08, 0x63, 0x08, 0x63, 0x08,
  0x63, 0x08, 0x63, 0x08, 0x63, 0x08, 0x63, 0x08, 0x63, 0x08, 0x63, 0x08, 0x63, 0x08, 0x63, 0x08,
  0x63, 0x08, 0x63, 0x08, 0x63, 0x08, 0x63, 0x08, 0x63, 0x08, 0x63, 0x08, 0x63, 0x08, 0x63, 0x08,
  0x63, 0x08, 0x63, 0x08, 0x63, 0x08, 0x63, 0x08, 0x63, 0x08, 0x63, 0x08, 0x63, 0x08, 0x63, 0x08,
  0x63, 0x08, 0x63, 0x08, 0x63, 0x08, 0x63, 0x08, 0x63, 0x08, 0x63, 0x08, 0x63, 0x08, 0x63, 0x08,
  0x63, 0x08, 0x63, 0x08, 0x63, 0x08, 0x63, 0x08, 0x63, 0x08, 0x63, 0x08, 0x63, 0x08, 0x63, 0x08,
  0x63, 0x08, 0x63, 0x08, 0x63, 0x08, 0x63, 0x08, 0x63, 0x08, 0x63, 0x08, 0x63, 0x08, 0x63, 0x08,
  0x63, 0x08, 0x63, 0x08, 0x63, 0x08, 0x63, 0x08, 0x63, 0x08, 0x63, 0x08, 0x63, 0x08, 0x63, 0x08,
  0x63, 0x08, 0x63, 0x08, 0x63, 0x08, 0x63, 0x08, 0x63, 0x08, 0x63, 0x08, 0x63, 0x08, 0x63, 0x08,
  0x63, 0x08, 0x63, 0x08, 0x63, 0x08, 0x63, 0x08, 0x63, 0x08, 0x63, 0x08, 0x63, 0x08, 0x63, 0x08,
  0x63, 0x08, 0x63, 0x08, 0x63, 0x08, 0x63, 0x08, 0x63, 0x08, 0x63, 0x08, 0x63, 0x08, 0x63, 0x08,
  0x63, 0x08, 0x63, 0x08, 0x63, 0x08, 0x63, 0x08, 0x63, 0x08, 0x63, 0x08, 0x63, 0x08, 0x63, 0x08,
  0x63, 0x08, 0x63, 0x08, 0x63, 0x08, 0x63, 0x08, 0x63, 0x08, 0x63, 0x08, 0x63, 0x08, 0x63, 0x08,
  0x63, 0x08, 0x63, 0x08, 0x63, 0x08, 0x63, 0x08, 0x63, 0x08, 0x63, 0x08, 0x63, 0x08, 0x63, 0x08,
  0x63, 0x08, 0x63, 0x08, 0x84, 0x10, 0xD6, 0x93, 0x59, 0xA4, 0x39, 0xA4, 0x59, 0xA4, 0x59, 0xA4,
  0x59, 0x9C, 0x59, 0x9C, 0x59, 0x9C, 0x59, 0x9C, 0x5A, 0x9C, 0x5A, 0x9C, 0x5A, 0x9C, 0x5A, 0x9C,
  0x5A, 0x9C, 0x5A, 0x9C, 0x5A, 0x94, 0x5A, 0x94, 0x5A, 0x94, 0x7B, 0x9C, 0xF8, 0x83, 0xA4, 0x10,
  0x63, 0x08, 0x83, 0x08, 0x63, 0x08, 0x63, 0x08, 0x63, 0x08, 0x63, 0x08, 0x63, 0x08, 0x63, 0x08,
  0x63, 0x08, 0x63, 0x08, 0x63, 0x08, 0x63, 0x08, 0x63, 0x08, 0x63, 0x08, 0x63, 0x08, 0x63, 0x08,
  0x63, 0x08, 0x63, 0x08, 0x63, 0x08, 0x63, 0x08, 0x63, 0x08, 0x63, 0x08, 0x63, 0x08, 0x63, 0x08,
  0x63, 0x08, 0x63, 0x08, 0x63, 0x08, 0x63, 0x08, 0x63, 0x08, 0x63, 0x08, 0x63, 0x08, 0x63, 0x08,
  0x63, 0x08, 0x63, 0x08, 0x63, 0x08, 0x63, 0x08, 0x63, 0x08, 0x63, 0x08, 0x63, 0x08, 0x63, 0x08,
  0x63, 0x08, 0x63, 0x08, 0x63, 0x08, 0x63, 0x08, 0x63, 0x08, 0x63, 0x08, 0x63, 0x08, 0x63, 0x08,
  0x63, 0x08, 0x63, 0x08, 0x63, 0x08, 0x63, 0x08, 0x63, 0x08, 0x63, 0x08, 0x63, 0x08, 0x63, 0x08,
  0x63, 0x08, 0x63, 0x08, 0x63, 0x08, 0x63, 0x08, 0x63, 0x08, 0x63, 0x08, 0x63, 0x08, 0x63, 0x08,
  0x63, 0x08, 0x63, 0x08, 0x63, 0x08, 0x63, 0x08, 0x63, 0x08, 0x63, 0x08, 0x63, 0x08, 0x63, 0x08,
  0x63, 0x08, 0x63, 0x08, 0x63, 0x08, 0x63, 0x08, 0x63, 0x08, 0x63, 0x08, 0x63, 0x08, 0x63, 0x08,
  0x63, 0x08, 0x63, 0x08, 0x63, 0x08, 0x63, 0x08, 0x63, 0x08, 0x63, 0x08, 0x63, 0x08, 0x63, 0x08,
  0x63, 0x08, 0x63, 0x08, 0x63, 0x08, 0x63, 0x08, 0x63, 0x08, 0x63, 0x08, 0x63, 0x08, 0x63, 0x08,
  0x63, 0x08, 0x63, 0x08, 0x63, 0x08, 0x63, 0x08, 0x63, 0x08, 0x63, 0x08, 0x63, 0x08, 0x63, 0x08,
  0x63, 0x08, 0x63, 0x08, 0x63, 0x08, 0x63, 0x08, 0x63, 0x08, 0x63, 0x08, 0x63, 0x08, 0x63, 0x08,
  0x63, 0x08, 0x63, 0x08, 0x63, 0x08, 0x63, 0x08, 0x63, 0x08, 0x63, 0x08, 0x63, 0x08, 0x63, 0x08,
  0x63, 0x08, 0x63, 0x08, 0x63, 0x08, 0x63, 0x08, 0x63, 0x08, 0x63, 0x08, 0x63, 0x08, 0x63, 0x08,
  0x63, 0x08, 0x63, 0x08, 0x63, 0x08, 0x63, 0x08, 0x63, 0x08, 0x63, 0x08, 0x63, 0x08, 0x63, 0x08,
  0x63, 0x08, 0x63, 0x08, 0x63, 0x08, 0x63, 0x08, 0x63, 0x08, 0x63, 0x08, 0x63, 0x08, 0x63, 0x08,
  0x63, 0x08, 0x63, 0x08, 0x63, 0x08, 0x63, 0x08, 0x63, 0x08, 0x63, 0x08, 0x63, 0x08, 0x63, 0x08,
  0x63, 0x08, 0x63, 0x08, 0x63, 0x08, 0x63, 0x08, 0x63, 0x08, 0x63, 0x08, 0x63, 0x08, 0x63, 0x08,
  0x63, 0x08, 0x63, 0x08, 0x63, 0x08, 0x63, 0x08, 0x63, 0x08, 0x63, 0x08, 0x63, 0x08, 0x63, 0x08,
  0x63, 0x08, 0x63, 0x08, 0x63, 0x08, 0x63, 0x08, 0x63, 0x08, 0x63, 0x08, 0x63, 0x08, 0x63, 0x08,
  0x63, 0x08, 0x63, 0x08, 0x63, 0x08, 0x63, 0x08, 0x63, 0x08, 0x63, 0x08, 0x63, 0x08, 0x63, 0x08,
  0x63, 0x08, 0x63, 0x08, 0x63, 0x08, 0x63, 0x08, 0x63, 0x08, 0x63, 0x08, 0x63, 0x08, 0x63, 0x08,
  0x63, 0x08, 0x63, 0x08, 0x63, 0x08, 0x63, 0x08, 0x63, 0x08, 0x63, 0x08, 0x63, 0x08, 0x63, 0x08,
  0x63, 0x08, 0x63, 0x08, 0x63, 0x08, 0x63, 0x08, 0x63, 0x08, 0x63, 0x08, 0x63, 0x08, 0x63, 0x08,
  0x63, 0x08, 0x63, 0x08, 0x63, 0x08, 0x63, 0x08, 0x63, 0x08, 0x63, 0x08, 0x63, 0x08, 0x63, 0x08,
  0x63, 0x08, 0x83, 0x08, 0x22, 0x00, 0xAF, 0x62, 0x9A, 0xAC, 0x38, 0xA4, 0x59, 0xA4, 0x59, 0xA4,
  0x59, 0x9C, 0x59, 0x9C, 0x59, 0x9C, 0x59, 0x9C, 0x5A, 0x9C, 0x5A, 0x9C, 0x5A, 0x9C, 0x5A, 0x9C,
  0x5A, 0x9C, 0x5A, 0x9C, 0x5A, 0x94, 0x5A, 0x94, 0x3A, 0x94, 0x7C, 0x9C, 0xAA, 0x31, 0x22, 0x00,
  0x83, 0x08, 0x63, 0x08, 0x63, 0x08, 0x63, 0x08, 0x63, 0x08, 0x63, 0x08, 0x63, 0x08, 0x63, 0x08,
  0x63, 0x08, 0x63, 0x08, 0x63, 0x08, 0x63, 0x08, 0x63, 0x08, 0x63, 0x08, 0x63, 0x08, 0x63, 0x08,
  0x63, 0x08, 0x63, 0x08, 0x63, 0x08, 0x63, 0x08, 0x63, 0x08, 0x63, 0x08, 0x63, 0x08, 0x63, 0x08,
  0x63, 0x08, 0x63, 0x08, 0x63, 0x08, 0x63, 0x08, 0x63, 0x08, 0x63, 0x08, 0x63, 0x08, 0x63, 0x08,
  0x63, 0x08, 0x63, 0x08, 0x63, 0x08, 0x63, 0x08, 0x63, 0x08, 0x63, 0x08, 0x63, 0x08, 0x63, 0x08,
  0x63, 0x08, 0x63, 0x08, 0x63, 0x08, 0x63, 0x08, 0x63, 0x08, 0x63, 0x08, 0x63, 0x08, 0x63, 0x08,
  0x63, 0x08, 0x63, 0x08, 0x63, 0x08, 0x63, 0x08, 0x63, 0x08, 0x63, 0x08, 0x63, 0x08, 0x63, 0x08,
  0x63, 0x08, 0x63, 0x08, 0x63, 0x08, 0x63, 0x08, 0x63, 0x08, 0x63, 0x08, 0x63, 0x08, 0x63, 0x08,
  0x63, 0x08, 0x63, 0x08, 0x63, 0x08, 0x63, 0x08, 0x63, 0x08, 0x63, 0x08, 0x63, 0x08, 0x63, 0x08,
  0x63, 0x08, 0x63, 0x08, 0x63, 0x08, 0x63, 0x08, 0x63, 0x08, 0x63, 0x08, 0x63, 0x08, 0x63, 0x08,
  0x63, 0x08, 0x63, 0x08, 0x63, 0x08, 0x63, 0x08, 0x63, 0x08, 0x63, 0x08, 0x63, 0x08, 0x63, 0x08,
  0x63, 0x08, 0x63, 0x08, 0x63, 0x08, 0x63, 0x08, 0x63, 0x08, 0x63, 0x08, 0x63, 0x08, 0x63, 0x08,
  0x63, 0x08, 0x63, 0x08, 0x63, 0x08, 0x63, 0x08, 0x63, 0x08, 0x63, 0x08, 0x63, 0x08, 0x63, 0x08,
  0x63, 0x08, 0x63, 0x08, 0x63, 0x08, 0x63, 0x08, 0x63, 0x08, 0x63, 0x08, 0x63, 0x08, 0x63, 0x08,
  0x63, 0x08, 0x63, 0x08, 0x63, 0x08, 0x63, 0x08, 0x63, 0x08, 0x63, 0x08, 0x63, 0x08, 0x63, 0x08,
  0x63, 0x08, 0x63, 0x08, 0x63, 0x08, 0x63, 0x08, 0x63, 0x08, 0x63, 0x08, 0x63, 0x08, 0x63, 0x08,
  0x63, 0x08, 0x63, 0x08, 0x63, 0x08, 0x63, 0x08, 0x63, 0x08, 0x63, 0x08, 0x63, 0x08, 0x63, 0x08,
  0x63, 0x08, 0x63, 0x08, 0x63, 0x08, 0x63, 0x08, 0x63, 0x08, 0x63, 0x08, 0x63, 0x08, 0x63, 0x08,
  0x63, 0x08, 0x63, 0x08, 0x63, 0x08, 0x63, 0x08, 0x63, 0x08, 0x63, 0x08, 0x63, 0x08, 0x63, 0x08,
  0x63, 0x08, 0x63, 0x08, 0x63, 0x08, 0x63, 0x08, 0x63, 0x08, 0x63, 0x08, 0x63, 0x08, 0x63, 0x08,
  0x63, 0x08, 0x63, 0x08, 0x63, 0x08, 0x63, 0x08, 0x63, 0x08, 0x63, 0x08, 0x63, 0x08, 0x63, 0x08,
  0x63, 0x08, 0x63, 0x08, 0x63, 0x08, 0x63, 0x08, 0x63, 0x08, 0x63, 0x08, 0x63, 0x08, 0x63, 0x08,
  0x63, 0x08, 0x63, 0x08, 0x63, 0x08, 0x63, 0x08, 0x63, 0x08, 0x63, 0x08, 0x63, 0x08, 0x63, 0x08,
  0x63, 0x08, 0x63, 0x08, 0x63, 0x08, 0x63, 0x08, 0x63, 0x08, 0x63, 0x08, 0x63, 0x08, 0x63, 0x08,
  0x63, 0x08, 0x63, 0x08, 0x63, 0x08, 0x63, 0x08, 0x63, 0x08, 0x63, 0x08, 0x63, 0x08, 0x63, 0x08,
  0x63, 0x08, 0x63, 0x08, 0x63, 0x08, 0x63, 0x08, 0x63, 0x08, 0x63, 0x08, 0x63, 0x08, 0x63, 0x08,
  0x63, 0x08, 0x63, 0x08, 0x63, 0x08, 0x63, 0x08, 0x63, 0x08, 0x63, 0x08, 0x63, 0x08, 0x63, 0x08,
  0x63, 0x08, 0x83, 0x08, 0x42, 0x00, 0x89, 0x31, 0x79, 0xAC, 0x39, 0xA4, 0x59, 0xA4, 0x59, 0xA4,
  0x59, 0x9C, 0x59, 0x9C, 0x59, 0x9C, 0x59, 0x9C, 0x5A, 0x9C, 0x5A, 0x9C, 0x5A, 0x9C, 0x5A, 0x9C,
  0x5A, 0x9C, 0x5A, 0x9C, 0x5A, 0x94, 0x3A, 0x94, 0x9C, 0x9C, 0xF2, 0x62, 0x42, 0x00, 0x83, 0x08,
  0x63, 0x08, 0x63, 0x08, 0x63, 0x08, 0x63, 0x08, 0x63, 0x08, 0x63, 0x08, 0x63, 0x08, 0x63, 0x08,
  0x63, 0x08, 0x63, 0x08, 0x63, 0x08, 0x63, 0x08, 0x63, 0x08, 0x63, 0x08, 0x63, 0x08, 0x63, 0x08,
  0x63, 0x08, 0x63, 0x08, 0x63, 0x08, 0x63, 0x08, 0x63, 0x08, 0x63, 0x08, 0x63, 0x08, 0x63, 0x08,
  0x63, 0x08, 0x63, 0x08, 0x63, 0x08, 0x63, 0x08, 0x63, 0x08, 0x63, 0x08, 0x63, 0x08, 0x63, 0x08,
  0x63, 0x08, 0x63, 0x08, 0x63, 0x08, 0x63, 0x08, 0x63, 0x08, 0x63, 0x08, 0x63, 0x08, 0x63, 0x08,
  0x63, 0x08, 0x63, 0x08, 0x63, 0x08, 0x63, 0x08, 0x63, 0x08, 0x63, 0x08, 0x63, 0x08, 0x63, 0x08,
  0x63, 0x08, 0x63, 0x08, 0x63, 0x08, 0x63, 0x08, 0x63, 0x08, 0x63, 0x08, 0x63, 0x08, 0x63, 0x08,
  0x63, 0x08, 0x63, 0x08, 0x63, 0x08, 0x63, 0x08, 0x63, 0x08, 0x63, 0x08, 0x63, 0x08, 0x63, 0x08,
  0x63, 0x08, 0x63, 0x08, 0x63, 0x08, 0x63, 0x08, 0x63, 0x08, 0x63, 0x08, 0x63, 0x08, 0x63, 0x08,
  0x63, 0x08, 0x63, 0x08, 0x63, 0x08, 0x63, 0x08, 0x63, 0x08, 0x63, 0x08, 0x63, 0x08, 0x63, 0x08,
  0x63, 0x08, 0x63, 0x08, 0x63, 0x08, 0x63, 0x08, 0x63, 0x08, 0x63, 0x08, 0x63, 0x08, 0x63, 0x08,
  0x63, 0x08, 0x63, 0x08, 0x63, 0x08, 0x63, 0x08, 0x63, 0x08, 0x63, 0x08, 0x63, 0x08, 0x63, 0x08,
  0x63, 0x08, 0x63, 0x08, 0x63, 0x08, 0x63, 0x08, 0x63, 0x08, 0x63, 0x08, 0x63, 0x08, 0x63, 0x08,
  0x63, 0x08, 0x63, 0x08, 0x63, 0x08, 0x63, 0x08, 0x63, 0x08, 0x63, 0x08, 0x63, 0x08, 0x63, 0x08,
  0x63, 0x08, 0x63, 0x08, 0x63, 0x08, 0x63, 0x08, 0x63, 0x08, 0x63, 0x08, 0x63, 0x08, 0x63, 0x08,
  0x63, 0x08, 0x63, 0x08, 0x63, 0x08, 0x63, 0x08, 0x63, 0x08, 0x63, 0x08, 0x63, 0x08, 0x63, 0x08,
  0x63, 0x08, 0x63, 0x08, 0x63, 0x08, 0x63, 0x08, 0x63, 0x08, 0x63, 0x08, 0x63, 0x08, 0x63, 0x08,
  0x63, 0x08, 0x63, 0x08, 0x63, 0x08, 0x63, 0x08, 0x63, 0x08, 0x63, 0x08, 0x63, 0x08, 0x63, 0x08,
  0x63, 0x08, 0x63, 0x08, 0x63, 0x08, 0x63, 0x08, 0x63, 0x08, 0x63, 0x08, 0x63, 0x08, 0x63, 0x08,
  0x63, 0x08, 0x63, 0x08, 0x63, 0x08, 0x63, 0x08, 0x63, 0x08, 0x63, 0x08, 0x63, 0x08, 0x63, 0x08,
  0x63, 0x08, 0x63, 0x08, 0x63, 0x08, 0x63, 0x08, 0x63, 0x08, 0x63, 0x08, 0x63, 0x08, 0x63, 0x08,
  0x63, 0x08, 0x63, 0x08, 0x63, 0x08, 0x63, 0x08, 0x63, 0x08, 0x63, 0x08, 0x63, 0x08, 0x63, 0x08,
  0x63, 0x08, 0x63, 0x08, 0x63, 0x08, 0x63, 0x08, 0x63, 0x08, 0x63, 0x08, 0x63, 0x08, 0x63, 0x08,
  0x63, 0x08, 0x63, 0x08, 0x63, 0x08, 0x63, 0x08, 0x63, 0x08, 0x63, 0x08, 0x63, 0x08, 0x63, 0x08,
  0x63, 0x08, 0x63, 0x08, 0x63, 0x08, 0x63, 0x08, 0x63, 0x08, 0x63, 0x08, 0x63, 0x08, 0x63, 0x08,
  0x63, 0x08, 0x63, 0x08, 0x63, 0x08, 0x63, 0x08, 0x63, 0x08, 0x63, 0x08, 0x63, 0x08, 0x63, 0x08,
  0x63, 0x08, 0x63, 0x08, 0x63, 0x08, 0x63, 0x08, 0x63, 0x08, 0x63, 0x08, 0x63, 0x08, 0x63, 0x08,
  0x63, 0x08, 0x63, 0x08, 0x63, 0x08, 0xA4, 0x10, 0xF7, 0x9B, 0x59, 0xA4, 0x59, 0xA4, 0x59, 0xA4,
  0x59, 0x9C, 0x59, 0x9C, 0x59, 0x9C, 0x59, 0x9C, 0x5A, 0x9C, 0x5A, 0x9C, 0x5A, 0x9C, 0x5A, 0x9C,
  0x5A, 0x9C, 0x5A, 0x9C, 0x5A, 0x94, 0x7B, 0x9C, 0xF8, 0x8B, 0xA5, 0x10, 0x63, 0x08, 0x83, 0x08,
  0x63, 0x08, 0x63, 0x08, 0x63, 0x08, 0x63, 0x08, 0x63, 0x08, 0x63, 0x08, 0x63, 0x08, 0x63, 0x08,
  0x63, 0x08, 0x63, 0x08, 0x63, 0x08, 0x63, 0x08, 0x63, 0x08, 0x63, 0x08, 0x63, 0x08, 0x63, 0x08,
  0x63, 0x08, 0x63, 0x08, 0x63, 0x08, 0x63, 0x08, 0x63, 0x08, 0x63, 0x08, 0x63, 0x08, 0x63, 0x08,
  0x63, 0x08, 0x63, 0x08, 0x63, 0x08, 0x63, 0x08, 0x63, 0x08, 0x63, 0x08, 0x63, 0x08, 0x63, 0x08,
  0x63, 0x08, 0x63, 0x08, 0x63, 0x08, 0x63, 0x08, 0x63, 0x08, 0x63, 0x08, 0x63, 0x08, 0x63, 0x08,
  0x63, 0x08, 0x63, 0x08, 0x63, 0x08, 0x63, 0x08, 0x63, 0x08, 0x63, 0x08, 0x63, 0x08, 0x63, 0x08,
  0x63, 0x08, 0x63, 0x08, 0x63, 0x08, 0x63, 0x08, 0x63, 0x08, 0x63, 0x08, 0x63, 0x08, 0x63, 0x08,
  0x63, 0x08, 0x63, 0x08, 0x63, 0x08, 0x63, 0x08, 0x63, 0x08, 0x63, 0x08, 0x63, 0x08, 0x63, 0x08,
  0x63, 0x08, 0x63, 0x08, 0x63, 0x08, 0x63, 0x08, 0x63, 0x08, 0x63, 0x08, 0x63, 0x08, 0x63, 0x08,
  0x63, 0x08, 0x63, 0x08, 0x63, 0x08, 0x63, 0x08, 0x63, 0x08, 0x63, 0x08, 0x63, 0x08, 0x63, 0x08,
  0x63, 0x08, 0x63, 0x08, 0x63, 0x08, 0x63, 0x08, 0x63, 0x08, 0x63, 0x08, 0x63, 0x08, 0x63, 0x08,
  0x63, 0x08, 0x63, 0x08, 0x63, 0x08, 0x63, 0x08, 0x63, 0x08, 0x63, 0x08, 0x63, 0x08, 0x63, 0x08,
  0x63, 0x08, 0x63, 0x08, 0x63, 0x08, 0x63, 0x08, 0x63, 0x08, 0x63, 0x08, 0x63, 0x08, 0x63, 0x08,
  0x63, 0x08, 0x63, 0x08, 0x63, 0x08, 0x63, 0x08, 0x63, 0x08, 0x63, 0x08, 0x63, 0x08, 0x63, 0x08,
  0x63, 0x08, 0x63, 0x08, 0x63, 0x08, 0x63, 0x08, 0x63, 0x08, 0x63, 0x08, 0x63, 0x08, 0x63, 0x08,
  0x63, 0x08, 0x63, 0x08, 0x63, 0x08, 0x63, 0x08, 0x63, 0x08, 0x63, 0x08, 0x63, 0x08, 0x63, 0x08,
  0x63, 0x08, 0x63, 0x08, 0x63, 0x08, 0x63, 0x08, 0x63, 0x08, 0x63, 0x08, 0x63, 0x08, 0x63, 0x08,
  0x63, 0x08, 0x63, 0x08, 0x63, 0x08, 0x63, 0x08, 0x63, 0x08, 0x63, 0x08, 0x63, 0x08, 0x63, 0x08,
  0x63, 0x08, 0x63, 0x08, 0x63, 0x08, 0x63, 0x08, 0x63, 0x08, 0x63, 0x08, 0x63, 0x08, 0x63, 0x08,
  0x63, 0x08, 0x63, 0x08, 0x63, 0x08, 0x63, 0x08, 0x63, 0x08, 0x63, 0x08, 0x63, 0x08, 0x63, 0x08,
  0x63, 0x08, 0x63, 0x08, 0x63, 0x08, 0x63, 0x08, 0x63, 0x08, 0x63, 0x08, 0x63, 0x08, 0x63, 0x08,
  0x63, 0x08, 0x63, 0x08, 0x63, 0x08, 0x63, 0x08, 0x63, 0x08, 0x63, 0x08, 0x63, 0x08, 0x63, 0x08,
  0x63, 0x08, 0x63, 0x08, 0x63, 0x08, 0x63, 0x08, 0x63, 0x08, 0x63, 0x08, 0x63, 0x08, 0x63, 0x08,
  0x63, 0x08, 0x63, 0x08, 0x63, 0x08, 0x63, 0x08, 0x63, 0x08, 0x63, 0x08, 0x63, 0x08, 0x63, 0x08,
  0x63, 0x08, 0x63, 0x08, 0x63, 0x08, 0x63, 0x08, 0x63, 0x08, 0x63, 0x08, 0x63, 0x08, 0x63, 0x08,
  0x63, 0x08, 0x63, 0x08, 0x63, 0x08, 0x63, 0x08, 0x63, 0x08, 0x63, 0x08, 0x63, 0x08, 0x63, 0x08,
  0x63, 0x08, 0x63, 0x08, 0x63, 0x08, 0x63, 0x08, 0x63, 0x08, 0x63, 0x08, 0x63, 0x08, 0x63, 0x08,
  0x63, 0x08, 0x63, 0x08, 0x83, 0x08, 0x42, 0x00, 0x53, 0x7B, 0x7A, 0xAC, 0x39, 0x9C, 0x59, 0xA4,
  0x59, 0x9C, 0x59, 0x9C, 0x59, 0x9C, 0x59, 0x9C, 0x5A, 0x9C, 0x5A, 0x9C, 0x5A, 0x9C, 0x5A, 0x9C,
  0x5A, 0x9C, 0x5A, 0x9C, 0x3A, 0x94, 0x9C, 0x9C, 0xCB, 0x39, 0x22, 0x00, 0x83, 0x08, 0x63, 0x08,
  0x63, 0x08, 0x63, 0x08, 0x63, 0x08, 0x63, 0x08, 0x63, 0x08, 0x63, 0x08, 0x63, 0x08, 0x63, 0x08,
  0x63, 0x08, 0x63, 0x08, 0x63, 0x08, 0x63, 0x08, 0x63, 0x08, 0x63, 0x08, 0x63, 0x08, 0x63, 0x08,
  0x63, 0x08, 0x63, 0x08, 0x63, 0x08, 0x63, 0x08, 0x63, 0x08, 0x63, 0x08, 0x63, 0x08, 0x63, 0x08,
  0x63, 0x08, 0x63, 0x08, 0x63, 0x08, 0x63, 0x08, 0x63, 0x08, 0x63, 0x08, 0x63, 0x08, 0x63, 0x08,
  0x63, 0x08, 0x63, 0x08, 0x63, 0x08, 0x63, 0x08, 0x63, 0x08, 0x63, 0x08, 0x63, 0x08, 0x63, 0x08,
  0x63, 0x08, 0x63, 0x08, 0x63, 0x08, 0x63, 0x08, 0x63, 0x08, 0x63, 0x08, 0x63, 0x08, 0x63, 0x08,
  0x63, 0x08, 0x63, 0x08, 0x63, 0x08, 0x63, 0x08, 0x63, 0x08, 0x63, 0x08, 0x63, 0x08, 0x63, 0x08,
  0x63, 0x08, 0x63, 0x08, 0x63, 0x08, 0x63, 0x08, 0x63, 0x08, 0x63, 0x08, 0x63, 0x08, 0x63, 0x08,
  0x63, 0x08, 0x63, 0x08, 0x63, 0x08, 0x63, 0x08, 0x63, 0x08, 0x63, 0x08, 0x63, 0x08, 0x63, 0x08,
  0x63, 0x08, 0x63, 0x08, 0x63, 0x08, 0x63, 0x08, 0x63, 0x08, 0x63, 0x08, 0x63, 0x08, 0x63, 0x08,
  0x63, 0x08, 0x63, 0x08, 0x63, 0x08, 0x63, 0x08, 0x63, 0x08, 0x63, 0x08, 0x63, 0x08, 0x63, 0x08,
  0x63, 0x08, 0x63, 0x08, 0x63, 0x08, 0x63, 0x08, 0x63, 0x08, 0x63, 0x08, 0x63, 0x08, 0x63, 0x08,
  0x63, 0x08, 0x63, 0x08, 0x63, 0x08, 0x63, 0x08, 0x63, 0x08, 0x63, 0x08, 0x63, 0x08, 0x63, 0x08,
  0x63, 0x08, 0x63, 0x08, 0x63, 0x08, 0x63, 0x08, 0x63, 0x08, 0x63, 0x08, 0x63, 0x08, 0x63, 0x08,
  0x63, 0x08, 0x63, 0x08, 0x63, 0x08, 0x63, 0x08, 0x63, 0x08, 0x63, 0x08, 0x63, 0x08, 0x63, 0x08,
  0x63, 0x08, 0x63, 0x08, 0x63, 0x08, 0x63, 0x08, 0x63, 0x08, 0x63, 0x08, 0x63, 0x08, 0x63, 0x08,
  0x63, 0x08, 0x63, 0x08, 0x63, 0x08, 0x63, 0x08, 0x63, 0x08, 0x63, 0x08, 0x63, 0x08, 0x63, 0x08,
  0x63, 0x08, 0x63, 0x08, 0x63, 0x08, 0x63, 0x08, 0x63, 0x08, 0x63, 0x08, 0x63, 0x08, 0x63, 0x08,
  0x63, 0x08, 0x63, 0x08, 0x63, 0x08, 0x63, 0x08, 0x63, 0x08, 0x63, 0x08, 0x63, 0x08, 0x63, 0x08,
  0x63, 0x08, 0x63, 0x08, 0x63, 0x08, 0x63, 0x08, 0x63, 0x08, 0x63, 0x08, 0x63, 0x08, 0x63, 0x08,
  0x63, 0x08, 0x63, 0x08, 0x63, 0x08, 0x63, 0x08, 0x63, 0x08, 0x63, 0x08, 0x63, 0x08, 0x63, 0x08,
  0x63, 0x08, 0x63, 0x08, 0x63, 0x08, 0x63, 0x08, 0x63, 0x08, 0x63, 0x08, 0x63, 0x08, 0x63, 0x08,
  0x63, 0x08, 0x63, 0x08, 0x63, 0x08, 0x63, 0x08, 0x63, 0x08, 0x63, 0x08, 0x63, 0x08, 0x63, 0x08,
  0x63, 0x08, 0x63, 0x08, 0x63, 0x08, 0x63, 0x08, 0x63, 0x08, 0x63, 0x08, 0x63, 0x08, 0x63, 0x08,
  0x63, 0x08, 0x63, 0x08, 0x63, 0x08, 0x63, 0x08, 0x63, 0x08, 0x63, 0x08, 0x63, 0x08, 0x63, 0x08,
  0x63, 0x08, 0x63, 0x08, 0x63, 0x08, 0x63, 0x08, 0x63, 0x08, 0x63, 0x08, 0x63, 0x08, 0x63, 0x08,
  0x63, 0x08, 0x63, 0x08, 0x63, 0x08, 0x63, 0x08, 0x63, 0x08, 0x63, 0x08, 0x63, 0x08, 0x63, 0x08,
  0x63, 0x08, 0x63, 0x08, 0x83, 0x08, 0x22, 0x00, 0x6E, 0x5A, 0x9A, 0xAC, 0x39, 0x9C, 0x59, 0xA4,
  0x59, 0x9C, 0x59, 0x9C, 0x59, 0x9C, 0x59, 0x9C, 0x5A, 0x9C, 0x5A, 0x9C, 0x5A, 0x9C, 0x5A, 0x9C,
  0x5A, 0x9C, 0x3A, 0x94, 0x9C, 0xA4, 0x13, 0x6B, 0x42, 0x00, 0x83, 0x08, 0x63, 0x08, 0x63, 0x08,
  0x63, 0x08, 0x63, 0x08, 0x63, 0x08, 0x63, 0x08, 0x63, 0x08, 0x63, 0x08, 0x63, 0x08, 0x63, 0x08,
  0x63, 0x08, 0x63, 0x08, 0x63, 0x08, 0x63, 0x08, 0x63, 0x08, 0x63, 0x08, 0x63, 0x08, 0x63, 0x08,
  0x63, 0x08, 0x63, 0x08, 0x63, 0x08, 0x63, 0x08, 0x63, 0x08, 0x63, 0x08, 0x63, 0x08, 0x63, 0x08,
  0x63, 0x08, 0x63, 0x08, 0x63, 0x08, 0x63, 0x08, 0x63, 0x08, 0x63, 0x08, 0x63, 0x08, 0x63, 0x08,
  0x63, 0x08, 0x63, 0x08, 0x63, 0x08, 0x63, 0x08, 0x63, 0x08, 0x63, 0x08, 0x63, 0x08, 0x63, 0x08,
  0x63, 0x08, 0x63, 0x08, 0x63, 0x08, 0x63, 0x08, 0x63, 0x08, 0x63, 0x08, 0x63, 0x08, 0x63, 0x08,
  0x63, 0x08, 0x63, 0x08, 0x63, 0x08, 0x63, 0x08, 0x63, 0x08, 0x63, 0x08, 0x63, 0x08, 0x63, 0x08,
  0x63, 0x08, 0x63, 0x08, 0x63, 0x08, 0x63, 0x08, 0x63, 0x08, 0x63, 0x08, 0x63, 0x08, 0x63, 0x08,
  0x63, 0x08, 0x63, 0x08, 0x63, 0x08, 0x63, 0x08, 0x63, 0x08, 0x63, 0x08, 0x63, 0x08, 0x63, 0x08,
  0x63, 0x08, 0x63, 0x08, 0x63, 0x08, 0x63, 0x08, 0x63, 0x08, 0x63, 0x08, 0x63, 0x08, 0x63, 0x08,
  0x63, 0x08, 0x63, 0x08, 0x63, 0x08, 0x63, 0x08, 0x63, 0x08, 0x63, 0x08, 0x63, 0x08, 0x63, 0x08,
  0x63, 0x08, 0x63, 0x08, 0x63, 0x08, 0x63, 0x08, 0x63, 0x08, 0x63, 0x08, 0x63, 0x08, 0x63, 0x08,
  0x63, 0x08, 0x63, 0x08, 0x63, 0x08, 0x63, 0x08, 0x63, 0x08, 0x63, 0x08, 0x63, 0x08, 0x63, 0x08,
  0x63, 0x08, 0x63, 0x08, 0x63, 0x08, 0x63, 0x08, 0x63, 0x08, 0x63, 0x08, 0x63, 0x08, 0x63, 0x08,
  0x63, 0x08, 0x63, 0x08, 0x63, 0x08, 0x63, 0x08, 0x63, 0x08, 0x63, 0x08, 0x63, 0x08, 0x63, 0x08,
  0x63, 0x08, 0x63, 0x08, 0x63, 0x08, 0x63, 0x08, 0x63, 0x08, 0x63, 0x08, 0x63, 0x08, 0x63, 0x08,
  0x63, 0x08, 0x63, 0x08, 0x63, 0x08, 0x63, 0x08, 0x63, 0x08, 0x63, 0x08, 0x63, 0x08, 0x63, 0x08,
  0x63, 0x08, 0x63, 0x08, 0x63, 0x08, 0x63, 0x08, 0x63, 0x08, 0x63, 0x08, 0x63, 0x08, 0x63, 0x08,
  0x63, 0x08, 0x63, 0x08, 0x63, 0x08, 0x63, 0x08, 0x63, 0x08, 0x63, 0x08, 0x63, 0x08, 0x63, 0x08,
  0x63, 0x08, 0x63, 0x08, 0x63, 0x08, 0x63, 0x08, 0x63, 0x08, 0x63, 0x08, 0x63, 0x08, 0x63, 0x08,
  0x63, 0x08, 0x63, 0x08, 0x63, 0x08, 0x63, 0x08, 0x63, 0x08, 0x63, 0x08, 0x63, 0x08, 0x63, 0x08,
  0x63, 0x08, 0x63, 0x08, 0x63, 0x08, 0x63, 0x08, 0x63, 0x08, 0x63, 0x08, 0x63, 0x08, 0x63, 0x08,
  0x63, 0x08, 0x63, 0x08, 0x63, 0x08, 0x63, 0x08, 0x63, 0x08, 0x63, 0x08, 0x63, 0x08, 0x63, 0x08,
  0x63, 0x08, 0x63, 0x08, 0x83, 0x08, 0x83, 0x08, 0x83, 0x08, 0x63, 0x08, 0x63, 0x08, 0x63, 0x08,
  0x63, 0x08, 0x63, 0x08, 0x63, 0x08, 0x63, 0x08, 0x63, 0x08, 0x63, 0x08, 0x63, 0x08, 0x63, 0x08,
  0x63, 0x08, 0x63, 0x08, 0x63, 0x08, 0x63, 0x08, 0x63, 0x08, 0x63, 0x08, 0x63, 0x08, 0x63, 0x08,
  0x63, 0x08, 0x63, 0x08, 0x63, 0x08, 0x63, 0x08, 0x63, 0x08, 0x63, 0x08, 0x63, 0x08, 0x63, 0x08,
  0x63, 0x08, 0x63, 0x08, 0x83, 0x08, 0x22, 0x00, 0xCA, 0x39, 0x7A, 0xAC, 0x39, 0x9C, 0x59, 0xA4,
  0x59, 0x9C, 0x59, 0x9C, 0x59, 0x9C, 0x59, 0x9C, 0x5A, 0x9C, 0x5A, 0x9C, 0x5A, 0x9C, 0x5A, 0x9C,
  0x5A, 0x9C, 0x5B, 0x9C, 0x19, 0x8C, 0xC5, 0x10, 0x63, 0x08, 0x83, 0x08, 0x63, 0x08, 0x63, 0x08,
  0x63, 0x08, 0x63, 0x08, 0x63, 0x08, 0x63, 0x08, 0x63, 0x08, 0x63, 0x08, 0x63, 0x08, 0x63, 0x08,
  0x63, 0x08, 0x63, 0x08, 0x63, 0x08, 0x63, 0x08, 0x63, 0x08, 0x63, 0x08, 0x63, 0x08, 0x63, 0x08,
  0x63, 0x08, 0x63, 0x08, 0x63, 0x08, 0x63, 0x08, 0x63, 0x08, 0x63, 0x08, 0x63, 0x08, 0x63, 0x08,
  0x63, 0x08, 0x63, 0x08, 0x63, 0x08, 0x63, 0x08, 0x63, 0x08, 0x63, 0x08, 0x63, 0x08, 0x63, 0x08,
  0x63, 0x08, 0x63, 0x08, 0x63, 0x08, 0x63, 0x08, 0x63, 0x08, 0x63, 0x08, 0x63, 0x08, 0x63, 0x08,
  0x63, 0x08, 0x63, 0x08, 0x63, 0x08, 0x63, 0x08, 0x63, 0x08, 0x63, 0x08, 0x63, 0x08, 0x63, 0x08,
  0x63, 0x08, 0x63, 0x08, 0x63, 0x08, 0x63, 0x08, 0x63, 0x08, 0x63, 0x08, 0x63, 0x08, 0x63, 0x08,
  0x63, 0x08, 0x63, 0x08, 0x63, 0x08, 0x63, 0x08, 0x63, 0x08, 0x63, 0x08, 0x63, 0x08, 0x63, 0x08,
  0x63, 0x08, 0x63, 0x08, 0x63, 0x08, 0x63, 0x08, 0x63, 0x08, 0x63, 0x08, 0x63, 0x08, 0x63, 0x08,
  0x63, 0x08, 0x63, 0x08, 0x63, 0x08, 0x63, 0x08, 0x63, 0x08, 0x63, 0x08, 0x63, 0x08, 0x63, 0x08,
  0x63, 0x08, 0x63, 0x08, 0x63, 0x08, 0x63, 0x08, 0x63, 0x08, 0x63, 0x08, 0x63, 0x08, 0x63, 0x08,
  0x63, 0x08, 0x63, 0x08, 0x63, 0x08, 0x63, 0x08, 0x63, 0x08, 0x63, 0x08, 0x63, 0x08, 0x63, 0x08,
  0x63, 0x08, 0x63, 0x08, 0x63, 0x08, 0x63, 0x08, 0x63, 0x08, 0x63, 0x08, 0x63, 0x08, 0x63, 0x08,
  0x63, 0x08, 0x63, 0x08, 0x63, 0x08, 0x63, 0x08, 0x63, 0x08, 0x63, 0x08, 0x63, 0x08, 0x63, 0x08,
  0x63, 0x08, 0x63, 0x08, 0x63, 0x08, 0x63, 0x08, 0x63, 0x08, 0x63, 0x08, 0x63, 0x08, 0x63, 0x08,
  0x63, 0x08, 0x63, 0x08, 0x63, 0x08, 0x63, 0x08, 0x63, 0x08, 0x63, 0x08, 0x63, 0x08, 0x63, 0x08,
  0x63, 0x08, 0x63, 0x08, 0x63, 0x08, 0x63, 0x08, 0x63, 0x08, 0x63, 0x08, 0x63, 0x08, 0x63, 0x08,
  0x63, 0x08, 0x63, 0x08, 0x63, 0x08, 0x63, 0x08, 0x63, 0x08, 0x63, 0x08, 0x63, 0x08, 0x63, 0x08,
  0x63, 0x08, 0x63, 0x08, 0x63, 0x08, 0x63, 0x08, 0x63, 0x08, 0x63, 0x08, 0x63, 0x08, 0x63, 0x08,
  0x63, 0x08, 0x63, 0x08, 0x63, 0x08, 0x63, 0x08, 0x63, 0x08, 0x63, 0x08, 0x63, 0x08, 0x63, 0x08,
  0x63, 0x08, 0x63, 0x08, 0x63, 0x08, 0x63, 0x08, 0x63, 0x08, 0x63, 0x08, 0x63, 0x08, 0x63, 0x08,
  0x63, 0x08, 0x63, 0x08, 0x63, 0x08, 0x63, 0x08, 0x63, 0x08, 0x63, 0x08, 0x63, 0x08, 0x63, 0x08,
  0x63, 0x08, 0x63, 0x08, 0x63, 0x08, 0x63, 0x08, 0x63, 0x08, 0x63, 0x08, 0x63, 0x08, 0x83, 0x08,
  0x83, 0x08, 0x63, 0x08, 0x63, 0x00, 0x42, 0x00, 0x22, 0x00, 0x63, 0x08, 0x63, 0x08, 0x63, 0x08,
  0x63, 0x08, 0x63, 0x08, 0x63, 0x08, 0x63, 0x08, 0x63, 0x08, 0x63, 0x08, 0x63, 0x08, 0x63, 0x08,
  0x63, 0x08, 0x63, 0x08, 0x63, 0x08, 0x63, 0x08, 0x63, 0x08, 0x63, 0x08, 0x63, 0x08, 0x63, 0x08,
  0x63, 0x08, 0x63, 0x08, 0x63, 0x08, 0x63, 0x08, 0x63, 0x08, 0x63, 0x08, 0x63, 0x08, 0x63, 0x08,
  0x63, 0x08, 0x63, 0x08, 0x83, 0x08, 0x42, 0x00, 0x27, 0x29, 0x59, 0xA4, 0x59, 0xA4, 0x59, 0xA4,
  0x59, 0x9C, 0x59, 0x9C, 0x59, 0x9C, 0x59, 0x9C, 0x5A, 0x9C, 0x5A, 0x9C, 0x5A, 0x9C, 0x5A, 0x9C,
  0x3A, 0x94, 0x9B, 0xA4, 0xCB, 0x39, 0x22, 0x00, 0x83, 0x08, 0x63, 0x08, 0x63, 0x08, 0x63, 0x08,
  0x63, 0x08, 0x63, 0x08, 0x63, 0x08, 0x63, 0x08, 0x63, 0x08, 0x63, 0x08, 0x63, 0x08, 0x63, 0x08,
  0x63, 0x08, 0x63, 0x08, 0x63, 0x08, 0x63, 0x08, 0x63, 0x08, 0x63, 0x08, 0x63, 0x08, 0x63, 0x08,
  0x63, 0x08, 0x63, 0x08, 0x63, 0x08, 0x63, 0x08, 0x63, 0x08, 0x63, 0x08, 0x63, 0x08, 0x63, 0x08,
  0x63, 0x08, 0x63, 0x08, 0x63, 0x08, 0x63, 0x08, 0x63, 0x08, 0x63, 0x08, 0x63, 0x08, 0x63, 0x08,
  0x63, 0x08, 0x63, 0x08, 0x63, 0x08, 0x63, 0x08, 0x63, 0x08, 0x63, 0x08, 0x63, 0x08, 0x63, 0x08,
  0x63, 0x08, 0x63, 0x08, 0x63, 0x08, 0x63, 0x08, 0x63, 0x08, 0x63, 0x08, 0x63, 0x08, 0x63, 0x08,
  0x63, 0x08, 0x63, 0x08, 0x63, 0x08, 0x63, 0x08, 0x63, 0x08, 0x63, 0x08, 0x63, 0x08, 0x63, 0x08,
  0x63, 0x08, 0x63, 0x08, 0x63, 0x08, 0x63, 0x08, 0x63, 0x08, 0x63, 0x08, 0x63, 0x08, 0x63, 0x08,
  0x63, 0x08, 0x63, 0x08, 0x63, 0x08, 0x63, 0x08, 0x63, 0x08, 0x63, 0x08, 0x63, 0x08, 0x63, 0x08,
  0x63, 0x08, 0x63, 0x08, 0x63, 0x08, 0x63, 0x08, 0x63, 0x08, 0x63, 0x08, 0x63, 0x08, 0x63, 0x08,
  0x63, 0x08, 0x63, 0x08, 0x63, 0x08, 0x63, 0x08, 0x63, 0x08, 0x63, 0x08, 0x63, 0x08, 0x63, 0x08,
  0x63, 0x08, 0x63, 0x08, 0x63, 0x08, 0x63, 0x08, 0x63, 0x08, 0x63, 0x08, 0x63, 0x08, 0x63, 0x08,
  0x63, 0x08, 0x63, 0x08, 0x63, 0x08, 0x63, 0x08, 0x63, 0x08, 0x63, 0x08, 0x63, 0x08, 0x63, 0x08,
  0x63, 0x08, 0x63, 0x08, 0x63, 0x08, 0x63, 0x08, 0x63, 0x08, 0x63, 0x08, 0x63, 0x08, 0x63, 0x08,
  0x63, 0x08, 0x63, 0x08, 0x63, 0x08, 0x63, 0x08, 0x63, 0x08, 0x63, 0x08, 0x63, 0x08, 0x63, 0x08,
  0x63, 0x08, 0x63, 0x08, 0x63, 0x08, 0x63, 0x08, 0x63, 0x08, 0x63, 0x08, 0x63, 0x08, 0x63, 0x08,
  0x63, 0x08, 0x63, 0x08, 0x63, 0x08, 0x63, 0x08, 0x63, 0x08, 0x63, 0x08, 0x63, 0x08, 0x63, 0x08,
  0x63, 0x08, 0x63, 0x08, 0x63, 0x08, 0x63, 0x08, 0x63, 0x08, 0x63, 0x08, 0x63, 0x08, 0x63, 0x08,
  0x63, 0x08, 0x63, 0x08, 0x63, 0x08, 0x63, 0x08, 0x63, 0x08, 0x63, 0x08, 0x63, 0x08, 0x63, 0x08,
  0x63, 0x08, 0x63, 0x08, 0x63, 0x08, 0x63, 0x08, 0x63, 0x08, 0x63, 0x08, 0x63, 0x08, 0x63, 0x08,
  0x63, 0x08, 0x63, 0x08, 0x63, 0x08, 0x63, 0x08, 0x63, 0x08, 0x63, 0x08, 0x63, 0x08, 0x63, 0x08,
  0x63, 0x08, 0x63, 0x08, 0x63, 0x08, 0x63, 0x08, 0x63, 0x08, 0x63, 0x08, 0x63, 0x08, 0x63, 0x08,
  0x63, 0x08, 0x63, 0x08, 0x63, 0x08, 0x83, 0x08, 0x83, 0x08, 0x83, 0x08, 0x63, 0x08, 0x42, 0x00,
  0x22, 0x00, 0x63, 0x08, 0xE5, 0x20, 0x88, 0x41, 0xAC, 0x82, 0xE9, 0x59, 0x42, 0x00, 0x83, 0x08,
  0x63, 0x08, 0x63, 0x08, 0x63, 0x08, 0x63, 0x08, 0x63, 0x08, 0x63, 0x08, 0x63, 0x08, 0x63, 0x08,
  0x63, 0x08, 0x63, 0x08, 0x63, 0x08, 0x63, 0x08, 0x63, 0x08, 0x63, 0x08, 0x63, 0x08, 0x63, 0x08,
  0x63, 0x08, 0x63, 0x08, 0x63, 0x08, 0x63, 0x08, 0x63, 0x08, 0x63, 0x08, 0x63, 0x08, 0x63, 0x08,
  0x63, 0x08, 0x63, 0x08, 0x83, 0x08, 0x63, 0x08, 0xC5, 0x18, 0x18, 0x9C, 0x59, 0xA4, 0x59, 0xA4,
  0x59, 0x9C, 0x59, 0x9C, 0x59, 0x9C, 0x59, 0x9C, 0x5A, 0x9C, 0x5A, 0x9C, 0x5A, 0x9C, 0x39, 0x94,
  0x9C, 0xA4, 0xF2, 0x62, 0x42, 0x00, 0x83, 0x08, 0x63, 0x08, 0x63, 0x08, 0x63, 0x08, 0x63, 0x08,
  0x63, 0x08, 0x63, 0x08, 0x63, 0x08, 0x63, 0x08, 0x63, 0x08, 0x63, 0x08, 0x63, 0x08, 0x63, 0x08,
  0x63, 0x08, 0x63, 0x08, 0x63, 0x08, 0x63, 0x08, 0x63, 0x08, 0x63, 0x08, 0x63, 0x08, 0x63, 0x08,
  0x63, 0x08, 0x63, 0x08, 0x63, 0x08, 0x63, 0x08, 0x63, 0x08, 0x63, 0x08, 0x63, 0x08, 0x63, 0x08,
  0x63, 0x08, 0x63, 0x08, 0x63, 0x08, 0x63, 0x08, 0x63, 0x08, 0x63, 0x08, 0x63, 0x08, 0x63, 0x08,
  0x63, 0x08, 0x63, 0x08, 0x63, 0x08, 0x63, 0x08, 0x63, 0x08, 0x63, 0x08, 0x63, 0x08, 0x63, 0x08,
  0x63, 0x08, 0x63, 0x08, 0x63, 0x08, 0x63, 0x08, 0x63, 0x08, 0x63, 0x08, 0x63, 0x08, 0x63, 0x08,
  0x63, 0x08, 0x63, 0x08, 0x63, 0x08, 0x63, 0x08, 0x63, 0x08, 0x63, 0x08, 0x63, 0x08, 0x63, 0x08,
  0x63, 0x08, 0x63, 0x08, 0x63, 0x08, 0x63, 0x08, 0x63, 0x08, 0x63, 0x08, 0x63, 0x08, 0x63, 0x08,
  0x63, 0x08, 0x63, 0x08, 0x63, 0x08, 0x63, 0x08, 0x63, 0x08, 0x63, 0x08, 0x63, 0x08, 0x63, 0x08,
  0x63, 0x08, 0x63, 0x08, 0x63, 0x08, 0x63, 0x08, 0x63, 0x08, 0x63, 0x08, 0x63, 0x08, 0x63, 0x08,
  0x63, 0x08, 0x63, 0x08, 0x63, 0x08, 0x63, 0x08, 0x63, 0x08, 0x63, 0x08, 0x63, 0x08, 0x63, 0x08,
  0x63, 0x08, 0x63, 0x08, 0x63, 0x08, 0x63, 0x08, 0x63, 0x08, 0x63, 0x08, 0x63, 0x08, 0x63, 0x08,
  0x63, 0x08, 0x63, 0x08, 0x63, 0x08, 0x63, 0x08, 0x63, 0x08, 0x63, 0x08, 0x63, 0x08, 0x63, 0x08,
  0x63, 0x08, 0x63, 0x08, 0x63, 0x08, 0x63, 0x08, 0x63, 0x08, 0x63, 0x08, 0x63, 0x08, 0x63, 0x08,
  0x63, 0x08, 0x63, 0x08, 0x63, 0x08, 0x63, 0x08, 0x63, 0x08, 0x63, 0x08, 0x63, 0x08, 0x63, 0x08,
  0x63, 0x08, 0x63, 0x08, 0x63, 0x08, 0x63, 0x08, 0x63, 0x08, 0x63, 0x08, 0x63, 0x08, 0x63, 0x08,
  0x63, 0x08, 0x63, 0x08, 0x63, 0x08, 0x63, 0x08, 0x63, 0x08, 0x63, 0x08, 0x63, 0x08, 0x63, 0x08,
  0x63, 0x08, 0x63, 0x08, 0x63, 0x08, 0x63, 0x08, 0x63, 0x08, 0x63, 0x08, 0x63, 0x08, 0x63, 0x08,
  0x63, 0x08, 0x63, 0x08, 0x63, 0x08, 0x63, 0x08, 0x63, 0x08, 0x63, 0x08, 0x63, 0x08, 0x63, 0x08,
  0x63, 0x08, 0x63, 0x08, 0x63, 0x08, 0x63, 0x08, 0x63, 0x08, 0x63, 0x08, 0x63, 0x08, 0x63, 0x08,
  0x63, 0x08, 0x63, 0x08, 0x63, 0x08, 0x63, 0x08, 0x63, 0x08, 0x63, 0x08, 0x63, 0x08, 0x63, 0x08,
  0x63, 0x08, 0x63, 0x08, 0x63, 0x08, 0x63, 0x08, 0x63, 0x08, 0x63, 0x08, 0x63, 0x08, 0x63, 0x08,
  0x63, 0x08, 0x83, 0x08, 0x83, 0x08, 0x63, 0x00, 0x42, 0x00, 0x42, 0x00, 0xA4, 0x10, 0x66, 0x39,
  0x4A, 0x72, 0x4E, 0xA3, 0xF1, 0xC3, 0x32, 0xCC, 0x73, 0xDC, 0xA8, 0x49, 0x42, 0x00, 0x83, 0x08,
  0x63, 0x08, 0x63, 0x08, 0x63, 0x08, 0x63, 0x08, 0x63, 0x08, 0x63, 0x08, 0x63, 0x08, 0x63, 0x08,
  0x63, 0x08, 0x63, 0x08, 0x63, 0x08, 0x63, 0x08, 0x63, 0x08, 0x63, 0x08, 0x63, 0x08, 0x63, 0x08,
  0x63, 0x08, 0x63, 0x08, 0x63, 0x08, 0x63, 0x08, 0x63, 0x08, 0x63, 0x08, 0x63, 0x08, 0x63, 0x08,
  0x63, 0x08, 0x63, 0x08, 0x63, 0x08, 0x63, 0x08, 0xA4, 0x10, 0xD6, 0x93, 0x59, 0xA4, 0x39, 0x9C,
  0x59, 0x9C, 0x59, 0x9C, 0x59, 0x9C, 0x59, 0x9C, 0x5A, 0x9C, 0x5A, 0x9C, 0x5A, 0x9C, 0x7A, 0x9C,
  0xF8, 0x8B, 0xA5, 0x10, 0x63, 0x08, 0x83, 0x08, 0x63, 0x08, 0x63, 0x08, 0x63, 0x08, 0x63, 0x08,
  0x63, 0x08, 0x63, 0x08, 0x63, 0x08, 0x63, 0x08, 0x63, 0x08, 0x63, 0x08, 0x63, 0x08, 0x63, 0x08,
  0x63, 0x08, 0x63, 0x08, 0x63, 0x08, 0x63, 0x08, 0x63, 0x08, 0x63, 0x08, 0x63, 0x08, 0x63, 0x08,
  0x63, 0x08, 0x63, 0x08, 0x63, 0x08, 0x63, 0x08, 0x63, 0x08, 0x63, 0x08, 0x63, 0x08, 0x63, 0x08,
  0x63, 0x08, 0x63, 0x08, 0x63, 0x08, 0x63, 0x08, 0x63, 0x08, 0x63, 0x08, 0x63, 0x08, 0x63, 0x08,
  0x63, 0x08, 0x63, 0x08, 0x63, 0x08, 0x63, 0x08, 0x63, 0x08, 0x63, 0x08, 0x63, 0x08, 0x63, 0x08,
  0x63, 0x08, 0x63, 0x08, 0x63, 0x08, 0x63, 0x08, 0x63, 0x08, 0x63, 0x08, 0x63, 0x08, 0x63, 0x08,
  0x63, 0x08, 0x63, 0x08, 0x63, 0x08, 0x63, 0x08, 0x63, 0x08, 0x63, 0x08, 0x63, 0x08, 0x63, 0x08,
  0x63, 0x08, 0x63, 0x08, 0x63, 0x08, 0x63, 0x08, 0x63, 0x08, 0x63, 0x08, 0x63, 0x08, 0x63, 0x08,
  0x63, 0x08, 0x63, 0x08, 0x63, 0x08, 0x63, 0x08, 0x63, 0x08, 0x63, 0x08, 0x63, 0x08, 0x63, 0x08,
  0x63, 0x08, 0x63, 0x08, 0x63, 0x08, 0x63, 0x08, 0x63, 0x08, 0x63, 0x08, 0x63, 0x08, 0x63, 0x08,
  0x63, 0x08, 0x63, 0x08, 0x63, 0x08, 0x63, 0x08, 0x63, 0x08, 0x63, 0x08, 0x63, 0x08, 0x63, 0x08,
  0x63, 0x08, 0x63, 0x08, 0x63, 0x08, 0x63, 0x08, 0x63, 0x08, 0x63, 0x08, 0x63, 0x08, 0x63, 0x08,
  0x63, 0x08, 0x63, 0x08, 0x63, 0x08, 0x63, 0x08, 0x63, 0x08, 0x63, 0x08, 0x63, 0x08, 0x63, 0x08,
  0x63, 0x08, 0x63, 0x08, 0x63, 0x08, 0x63, 0x08, 0x63, 0x08, 0x63, 0x08, 0x63, 0x08, 0x63, 0x08,
  0x63, 0x08, 0x63, 0x08, 0x63, 0x08, 0x63, 0x08, 0x63, 0x08, 0x63, 0x08, 0x63, 0x08, 0x63, 0x08,
  0x63, 0x08, 0x63, 0x08, 0x63, 0x08, 0x63, 0x08, 0x63, 0x08, 0x63, 0x08, 0x63, 0x08, 0x63, 0x08,
  0x63, 0x08, 0x63, 0x08, 0x63, 0x08, 0x63, 0x08, 0x63, 0x08, 0x63, 0x08, 0x63, 0x08, 0x63, 0x08,
  0x63, 0x08, 0x63, 0x08, 0x63, 0x08, 0x63, 0x08, 0x63, 0x08, 0x63, 0x08, 0x63, 0x08, 0x63, 0x08,
  0x63, 0x08, 0x63, 0x08, 0x63, 0x08, 0x63, 0x08, 0x63, 0x08, 0x63, 0x08, 0x63, 0x08, 0x63, 0x08,
  0x63, 0x08, 0x63, 0x08, 0x63, 0x08, 0x63, 0x08, 0x63, 0x08, 0x63, 0x08, 0x63, 0x08, 0x63, 0x08,
  0x63, 0x08, 0x63, 0x08, 0x63, 0x08, 0x63, 0x08, 0x63, 0x08, 0x63, 0x08, 0x63, 0x08, 0x63, 0x08,
  0x63, 0x08, 0x63, 0x08, 0x63, 0x08, 0x63, 0x08, 0x63, 0x08, 0x63, 0x08, 0x83, 0x08, 0x83, 0x08,
  0x63, 0x08, 0x42, 0x00, 0x42, 0x00, 0xC4, 0x18, 0xA7, 0x49, 0xAB, 0x8A, 0xAF, 0xBB, 0x11, 0xD4,
  0x31, 0xD4, 0x31, 0xD4, 0x11, 0xC4, 0xF1, 0xC3, 0xD1, 0xBB, 0xC5, 0x18, 0x63, 0x00, 0x83, 0x08,
  0x63, 0x08, 0x63, 0x08, 0x63, 0x08, 0x63, 0x08, 0x63, 0x08, 0x63, 0x08, 0x63, 0x08, 0x63, 0x08,
  0x63, 0x08, 0x63, 0x08, 0x63, 0x08, 0x63, 0x08, 0x63, 0x08, 0x63, 0x08, 0x63, 0x08, 0x63, 0x08,
  0x63, 0x08, 0x63, 0x08, 0x63, 0x08, 0x63, 0x08, 0x63, 0x08, 0x63, 0x08, 0x63, 0x08, 0x63, 0x08,
  0x63, 0x08, 0x63, 0x08, 0x63, 0x08, 0x63, 0x08, 0x83, 0x08, 0x95, 0x8B, 0x7A, 0xA4, 0x39, 0x9C,
  0x59, 0x9C, 0x59, 0x9C, 0x59, 0x9C, 0x59, 0x9C, 0x5A, 0x9C, 0x5A, 0x9C, 0x5A, 0x9C, 0x7B, 0xA4,
  0xAA, 0x31, 0x22, 0x00, 0x83, 0x08, 0x63, 0x08, 0x63, 0x08, 0x63, 0x08, 0x63, 0x08, 0x63, 0x08,
  0x63, 0x08, 0x63, 0x08, 0x63, 0x08, 0x63, 0x08, 0x63, 0x08, 0x63, 0x08, 0x63, 0x08, 0x63, 0x08,
  0x63, 0x08, 0x63, 0x08, 0x63, 0x08, 0x63, 0x08, 0x63, 0x08, 0x63, 0x08, 0x63, 0x08, 0x63, 0x08,
  0x63, 0x08, 0x63, 0x08, 0x63, 0x08, 0x63, 0x08, 0x63, 0x08, 0x63, 0x08, 0x63, 0x08, 0x63, 0x08,
  0x63, 0x08, 0x63, 0x08, 0x63, 0x08, 0x63, 0x08, 0x63, 0x08, 0x63, 0x08, 0x63, 0x08, 0x63, 0x08,
  0x63, 0x08, 0x63, 0x08, 0x63, 0x08, 0x63, 0x08, 0x63, 0x08, 0x63, 0x08, 0x63, 0x08, 0x63, 0x08,
  0x63, 0x08, 0x63, 0x08, 0x63, 0x08, 0x63, 0x08, 0x63, 0x08, 0x63, 0x08, 0x63, 0x08, 0x63, 0x08,
  0x63, 0x08, 0x63, 0x08, 0x63, 0x08, 0x63, 0x08, 0x63, 0x08, 0x63, 0x08, 0x63, 0x08, 0x63, 0x08,
  0x63, 0x08, 0x63, 0x08, 0x63, 0x08, 0x63, 0x08, 0x63, 0x08, 0x63, 0x08, 0x63, 0x08, 0x63, 0x08,
  0x63, 0x08, 0x63, 0x08, 0x63, 0x08, 0x63, 0x08, 0x63, 0x08, 0x63, 0x08, 0x63, 0x08, 0x63, 0x08,
  0x63, 0x08, 0x63, 0x08, 0x63, 0x08, 0x63, 0x08, 0x63, 0x08, 0x63, 0x08, 0x63, 0x08, 0x63, 0x08,
  0x63, 0x08, 0x63, 0x08, 0x63, 0x08, 0x63, 0x08, 0x63, 0x08, 0x63, 0x08, 0x63, 0x08, 0x63, 0x08,
  0x63, 0x08, 0x63, 0x08, 0x63, 0x08, 0x63, 0x08, 0x63, 0x08, 0x63, 0x08, 0x63, 0x08, 0x63, 0x08,
  0x63, 0x08, 0x63, 0x08, 0x63, 0x08, 0x63, 0x08, 0x63, 0x08, 0x63, 0x08, 0x63, 0x08, 0x63, 0x08,
  0x63, 0x08, 0x63, 0x08, 0x63, 0x08, 0x63, 0x08, 0x63, 0x08, 0x63, 0x08, 0x63, 0x08, 0x63, 0x08,
  0x63, 0x08, 0x63, 0x08, 0x63, 0x08, 0x63, 0x08, 0x63, 0x08, 0x63, 0x08, 0x63, 0x08, 0x63, 0x08,
  0x63, 0x08, 0x63, 0x08, 0x63, 0x08, 0x63, 0x08, 0x63, 0x08, 0x63, 0x08, 0x63, 0x08, 0x63, 0x08,
  0x63, 0x08, 0x63, 0x08, 0x63, 0x08, 0x63, 0x08, 0x63, 0x08, 0x63, 0x08, 0x63, 0x08, 0x63, 0x08,
  0x63, 0x08, 0x63, 0x08, 0x63, 0x08, 0x63, 0x08, 0x63, 0x08, 0x63, 0x08, 0x63, 0x08, 0x63, 0x08,
  0x63, 0x08, 0x63, 0x08, 0x63, 0x08, 0x63, 0x08, 0x63, 0x08, 0x63, 0x08, 0x63, 0x08, 0x63, 0x08,
  0x63, 0x08, 0x63, 0x08, 0x63, 0x08, 0x63, 0x08, 0x63, 0x08, 0x63, 0x08, 0x63, 0x08, 0x63, 0x08,
  0x63, 0x08, 0x63, 0x08, 0x63, 0x08, 0x63, 0x08, 0x63, 0x08, 0x63, 0x08, 0x63, 0x08, 0x63, 0x08,
  0x63, 0x08, 0x63, 0x08, 0x63, 0x08, 0x83, 0x08, 0x83, 0x08, 0x63, 0x08, 0x42, 0x00, 0x42, 0x00,
  0xA4, 0x18, 0xA7, 0x49, 0xCB, 0x92, 0xAF, 0xC3, 0x30, 0xDC, 0x30, 0xDC, 0x10, 0xCC, 0xF0, 0xCB,
  0xF0, 0xC3, 0xF0, 0xC3, 0xF1, 0xC3, 0x32, 0xCC, 0x4E, 0x9B, 0x63, 0x00, 0x63, 0x08, 0x63, 0x08,
  0x63, 0x08, 0x63, 0x08, 0x63, 0x08, 0x63, 0x08, 0x63, 0x08, 0x63, 0x08, 0x63, 0x08, 0x63, 0x08,
  0x63, 0x08, 0x63, 0x08, 0x63, 0x08, 0x63, 0x08, 0x63, 0x08, 0x63, 0x08, 0x63, 0x08, 0x63, 0x08,
  0x63, 0x08, 0x63, 0x08, 0x63, 0x08, 0x63, 0x08, 0x63, 0x08, 0x63, 0x08, 0x63, 0x08, 0x63, 0x08,
  0x63, 0x08, 0x63, 0x08, 0x63, 0x08, 0x63, 0x08, 0x63, 0x08, 0x74, 0x83, 0x7A, 0xAC, 0x39, 0x9C,
  0x59, 0x9C, 0x59, 0x9C, 0x59, 0x9C, 0x59, 0x9C, 0x5A, 0x9C, 0x39, 0x9C, 0x9B, 0xA4, 0xD1, 0x62,
  0x22, 0x00, 0x83, 0x08, 0x63, 0x08, 0x63, 0x08, 0x63, 0x08, 0x63, 0x08, 0x63, 0x08, 0x63, 0x08,
  0x63, 0x08, 0x63, 0x08, 0x63, 0x08, 0x63, 0x08, 0x63, 0x08, 0x63, 0x08, 0x63, 0x08, 0x63, 0x08,
  0x63, 0x08, 0x63, 0x08, 0x63, 0x08, 0x63, 0x08, 0x63, 0x08, 0x63, 0x08, 0x63, 0x08, 0x63, 0x08,
  0x63, 0x08, 0x63, 0x08, 0x63, 0x08, 0x63, 0x08, 0x63, 0x08, 0x63, 0x08, 0x63, 0x08, 0x63, 0x08,
  0x63, 0x08, 0x63, 0x08, 0x63, 0x08, 0x63, 0x08, 0x63, 0x08, 0x63, 0x08, 0x63, 0x08, 0x63, 0x08,
  0x63, 0x08, 0x63, 0x08, 0x63, 0x08, 0x63, 0x08, 0x63, 0x08, 0x63, 0x08, 0x63, 0x08, 0x63, 0x08,
  0x63, 0x08, 0x63, 0x08, 0x63, 0x08, 0x63, 0x08, 0x63, 0x08, 0x63, 0x08, 0x63, 0x08, 0x63, 0x08,
  0x63, 0x08, 0x63, 0x08, 0x63, 0x08, 0x63, 0x08, 0x63, 0x08, 0x63, 0x08, 0x63, 0x08, 0x63, 0x08,
  0x63, 0x08, 0x63, 0x08, 0x63, 0x08, 0x63, 0x08, 0x63, 0x08, 0x63, 0x08, 0x63, 0x08, 0x63, 0x08,
  0x63, 0x08, 0x63, 0x08, 0x63, 0x08, 0x63, 0x08, 0x63, 0x08, 0x63, 0x08, 0x63, 0x08, 0x63, 0x08,
  0x63, 0x08, 0x63, 0x08, 0x63, 0x08, 0x63, 0x08, 0x63, 0x08, 0x63, 0x08, 0x63, 0x08, 0x63, 0x08,
  0x63, 0x08, 0x63, 0x08, 0x63, 0x08, 0x63, 0x08, 0x63, 0x08, 0x63, 0x08, 0x63, 0x08, 0x63, 0x08,
  0x63, 0x08, 0x63, 0x08, 0x63, 0x08, 0x63, 0x08, 0x63, 0x08, 0x63, 0x08, 0x63, 0x08, 0x63, 0x08,
  0x63, 0x08, 0x63, 0x08, 0x63, 0x08, 0x63, 0x08, 0x63, 0x08, 0x63, 0x08, 0x63, 0x08, 0x63, 0x08,
  0x63, 0x08, 0x63, 0x08, 0x63, 0x08, 0x63, 0x08, 0x63, 0x08, 0x63, 0x08, 0x63, 0x08, 0x63, 0x08,
  0x63, 0x08, 0x63, 0x08, 0x63, 0x08, 0x63, 0x08, 0x63, 0x08, 0x63, 0x08, 0x63, 0x08, 0x63, 0x08,
  0x63, 0x08, 0x63, 0x08, 0x63, 0x08, 0x63, 0x08, 0x63, 0x08, 0x63, 0x08, 0x63, 0x08, 0x63, 0x08,
  0x63, 0x08, 0x63, 0x08, 0x63, 0x08, 0x63, 0x08, 0x63, 0x08, 0x63, 0x08, 0x63, 0x08, 0x63, 0x08,
  0x63, 0x08, 0x63, 0x08, 0x63, 0x08, 0x63, 0x08, 0x63, 0x08, 0x63, 0x08, 0x63, 0x08, 0x63, 0x08,
  0x63, 0x08, 0x63, 0x08, 0x63, 0x08, 0x63, 0x08, 0x63, 0x08, 0x63, 0x08, 0x63, 0x08, 0x63, 0x08,
  0x63, 0x08, 0x63, 0x08, 0x63, 0x08, 0x63, 0x08, 0x63, 0x08, 0x63, 0x08, 0x63, 0x08, 0x63, 0x08,
  0x63, 0x08, 0x63, 0x08, 0x63, 0x08, 0x63, 0x08, 0x63, 0x08, 0x63, 0x08, 0x63, 0x08, 0x63, 0x08,
  0x63, 0x08, 0x83, 0x08, 0x83, 0x08, 0x63, 0x00, 0x22, 0x00, 0x63, 0x08, 0x66, 0x39, 0xAA, 0x82,
  0xAE, 0xC3, 0x30, 0xDC, 0x30, 0xDC, 0x0F, 0xD4, 0xEF, 0xCB, 0xF0, 0xCB, 0xF0, 0xCB, 0xF0, 0xCB,
  0xF0, 0xCB, 0xF1, 0xCB, 0xF1, 0xC3, 0x32, 0xD4, 0x6B, 0x72, 0x22, 0x00, 0x83, 0x08, 0x63, 0x08,
  0x63, 0x08, 0x63, 0x08, 0x63, 0x08, 0x63, 0x08, 0x63, 0x08, 0x63, 0x08, 0x63, 0x08, 0x63, 0x08,
  0x63, 0x08, 0x63, 0x08, 0x63, 0x08, 0x63, 0x08, 0x63, 0x08, 0x63, 0x08, 0x63, 0x08, 0x63, 0x08,
  0x63, 0x08, 0x63, 0x08, 0x63, 0x08, 0x63, 0x08, 0x63, 0x08, 0x63, 0x08, 0x63, 0x08, 0x63, 0x08,
  0x63, 0x08, 0x63, 0x08, 0x63, 0x08, 0x83, 0x08, 0x63, 0x00, 0x74, 0x83, 0x7A, 0xAC, 0x39, 0x9C,
  0x59, 0x9C, 0x59, 0x9C, 0x59, 0x9C, 0x59, 0x9C, 0x59, 0x9C, 0x7A, 0xA4, 0xD7, 0x8B, 0x84, 0x10,
  0x63, 0x08, 0x83, 0x08, 0x63, 0x08, 0x63, 0x08, 0x63, 0x08, 0x63, 0x08, 0x63, 0x08, 0x63, 0x08,
  0x63, 0x08, 0x63, 0x08, 0x63, 0x08, 0x63, 0x08, 0x63, 0x08, 0x63, 0x08, 0x63, 0x08, 0x63, 0x08,
  0x63, 0x08, 0x63, 0x08, 0x63, 0x08, 0x63, 0x08, 0x63, 0x08, 0x63, 0x08, 0x63, 0x08, 0x63, 0x08,
  0x63, 0x08, 0x63, 0x08, 0x63, 0x08, 0x63, 0x08, 0x63, 0x08, 0x63, 0x08, 0x63, 0x08, 0x63, 0x08,
  0x63, 0x08, 0x63, 0x08, 0x63, 0x08, 0x63, 0x08, 0x63, 0x08, 0x63, 0x08, 0x63, 0x08, 0x63, 0x08,
  0x63, 0x08, 0x63, 0x08, 0x63, 0x08, 0x63, 0x08, 0x63, 0x08, 0x63, 0x08, 0x63, 0x08, 0x63, 0x08,
  0x63, 0x08, 0x63, 0x08, 0x63, 0x08, 0x63, 0x08, 0x63, 0x08, 0x63, 0x08, 0x63, 0x08, 0x63, 0x08,
  0x63, 0x08, 0x63, 0x08, 0x63, 0x08, 0x63, 0x08, 0x63, 0x08, 0x63, 0x08, 0x63, 0x08, 0x63, 0x08,
  0x63, 0x08, 0x63, 0x08, 0x63, 0x08, 0x63, 0x08, 0x63, 0x08, 0x63, 0x08, 0x63, 0x08, 0x63, 0x08,
  0x63, 0x08, 0x63, 0x08, 0x63, 0x08, 0x63, 0x08, 0x63, 0x08, 0x63, 0x08, 0x63, 0x08, 0x63, 0x08,
  0x63, 0x08, 0x63, 0x08, 0x63, 0x08, 0x63, 0x08, 0x63, 0x08, 0x63, 0x08, 0x63, 0x08, 0x63, 0x08,
  0x63, 0x08, 0x63, 0x08, 0x63, 0x08, 0x63, 0x08, 0x63, 0x08, 0x63, 0x08, 0x63, 0x08, 0x63, 0x08,
  0x63, 0x08, 0x63, 0x08, 0x63, 0x08, 0x63, 0x08, 0x63, 0x08, 0x63, 0x08, 0x63, 0x08, 0x63, 0x08,
  0x63, 0x08, 0x63, 0x08, 0x63, 0x08, 0x63, 0x08, 0x63, 0x08, 0x63, 0x08, 0x63, 0x08, 0x63, 0x08,
  0x63, 0x08, 0x63, 0x08, 0x63, 0x08, 0x63, 0x08, 0x63, 0x08, 0x63, 0x08, 0x63, 0x08, 0x63, 0x08,
  0x63, 0x08, 0x63, 0x08, 0x63, 0x08, 0x63, 0x08, 0x63, 0x08, 0x63, 0x08, 0x63, 0x08, 0x63, 0x08,
  0x63, 0x08, 0x63, 0x08, 0x63, 0x08, 0x63, 0x08, 0x63, 0x08, 0x63, 0x08, 0x63, 0x08, 0x63, 0x08,
  0x63, 0x08, 0x63, 0x08, 0x63, 0x08, 0x63, 0x08, 0x63, 0x08, 0x63, 0x08, 0x63, 0x08, 0x63, 0x08,
  0x63, 0x08, 0x63, 0x08, 0x63, 0x08, 0x63, 0x08, 0x63, 0x08, 0x63, 0x08, 0x63, 0x08, 0x63, 0x08,
  0x63, 0x08, 0x63, 0x08, 0x63, 0x08, 0x63, 0x08, 0x63, 0x08, 0x63, 0x08, 0x63, 0x08, 0x63, 0x08,
  0x63, 0x08, 0x63, 0x08, 0x63, 0x08, 0x63, 0x08, 0x63, 0x08, 0x63, 0x08, 0x63, 0x08, 0x63, 0x08,
  0x63, 0x08, 0x63, 0x08, 0x63, 0x08, 0x63, 0x08, 0x63, 0x08, 0x63, 0x08, 0x63, 0x08, 0x83, 0x08,
  0x83, 0x08, 0x43, 0x00, 0x42, 0x00, 0xE4, 0x20, 0x28, 0x6A, 0x4C, 0xB3, 0x0F, 0xDC, 0x2F, 0xDC,
  0xEF, 0xD3, 0xEF, 0xCB, 0xEF, 0xCB, 0xEF, 0xCB, 0xEF, 0xCB, 0xF0, 0xCB, 0xF0, 0xCB, 0xF0, 0xCB,
  0xF0, 0xCB, 0xF1, 0xCB, 0xF1, 0xC3, 0x32, 0xCC, 0x67, 0x39, 0x42, 0x00, 0x83, 0x08, 0x63, 0x08,
  0x63, 0x08, 0x63, 0x08, 0x63, 0x08, 0x63, 0x08, 0x63, 0x08, 0x63, 0x08, 0x63, 0x08, 0x63, 0x08,
  0x63, 0x08, 0x63, 0x08, 0x63, 0x08, 0x63, 0x08, 0x63, 0x08, 0x63, 0x08, 0x63, 0x08, 0x63, 0x08,
  0x63, 0x08, 0x63, 0x08, 0x63, 0x08, 0x63, 0x08, 0x63, 0x08, 0x63, 0x08, 0x63, 0x08, 0x63, 0x08,
  0x63, 0x08, 0x63, 0x08, 0x63, 0x08, 0x83, 0x08, 0x63, 0x00, 0x74, 0x83, 0x7A, 0xAC, 0x39, 0x9C,
  0x59, 0x9C, 0x59, 0x9C, 0x59, 0x9C, 0x59, 0x9C, 0x59, 0x9C, 0x7A, 0x9C, 0x69, 0x29, 0x42, 0x00,
  0x83, 0x08, 0x63, 0x08, 0x63, 0x08, 0x63, 0x08, 0x63, 0x08, 0x63, 0x08, 0x63, 0x08, 0x63, 0x08,
  0x63, 0x08, 0x63, 0x08, 0x63, 0x08, 0x63, 0x08, 0x63, 0x08, 0x63, 0x08, 0x63, 0x08, 0x63, 0x08,
  0x63, 0x08, 0x63, 0x08, 0x63, 0x08, 0x63, 0x08, 0x63, 0x08, 0x63, 0x08, 0x63, 0x08, 0x63, 0x08,
  0x63, 0x08, 0x63, 0x08, 0x63, 0x08, 0x63, 0x08, 0x63, 0x08, 0x63, 0x08, 0x63, 0x08, 0x63, 0x08,
  0x63, 0x08, 0x63, 0x08, 0x63, 0x08, 0x63, 0x08, 0x63, 0x08, 0x63, 0x08, 0x63, 0x08, 0x63, 0x08,
  0x63, 0x08, 0x63, 0x08, 0x63, 0x08, 0x63, 0x08, 0x63, 0x08, 0x63, 0x08, 0x63, 0x08, 0x63, 0x08,
  0x63, 0x08, 0x63, 0x08, 0x63, 0x08, 0x63, 0x08, 0x63, 0x08, 0x63, 0x08, 0x63, 0x08, 0x63, 0x08,
  0x63, 0x08, 0x63, 0x08, 0x63, 0x08, 0x63, 0x08, 0x63, 0x08, 0x63, 0x08, 0x63, 0x08, 0x63, 0x08,
  0x63, 0x08, 0x63, 0x08, 0x63, 0x08, 0x63, 0x08, 0x63, 0x08, 0x63, 0x08, 0x63, 0x08, 0x63, 0x08,
  0x63, 0x08, 0x63, 0x08, 0x63, 0x08, 0x63, 0x08, 0x63, 0x08, 0x63, 0x08, 0x63, 0x08, 0x63, 0x08,
  0x63, 0x08, 0x63, 0x08, 0x63, 0x08, 0x63, 0x08, 0x63, 0x08, 0x63, 0x08, 0x63, 0x08, 0x63, 0x08,
  0x63, 0x08, 0x63, 0x08, 0x63, 0x08, 0x63, 0x08, 0x63, 0x08, 0x63, 0x08, 0x63, 0x08, 0x63, 0x08,
  0x63, 0x08, 0x63, 0x08, 0x63, 0x08, 0x63, 0x08, 0x63, 0x08, 0x63, 0x08, 0x63, 0x08, 0x63, 0x08,
  0x63, 0x08, 0x63, 0x08, 0x63, 0x08, 0x63, 0x08, 0x63, 0x08, 0x63, 0x08, 0x63, 0x08, 0x63, 0x08,
  0x63, 0x08, 0x63, 0x08, 0x63, 0x08, 0x63, 0x08, 0x63, 0x08, 0x63, 0x08, 0x63, 0x08, 0x63, 0x08,
  0x63, 0x08, 0x63, 0x08, 0x63, 0x08, 0x63, 0x08, 0x63, 0x08, 0x63, 0x08, 0x63, 0x08, 0x63, 0x08,
  0x63, 0x08, 0x63, 0x08, 0x63, 0x08, 0x63, 0x08, 0x63, 0x08, 0x63, 0x08, 0x63, 0x08, 0x63, 0x08,
  0x63, 0x08, 0x63, 0x08, 0x63, 0x08, 0x63, 0x08, 0x63, 0x08, 0x63, 0x08, 0x63, 0x08, 0x63, 0x08,
  0x63, 0x08, 0x63, 0x08, 0x63, 0x08, 0x63, 0x08, 0x63, 0x08, 0x63, 0x08, 0x63, 0x08, 0x63, 0x08,
  0x63, 0x08, 0x63, 0x08, 0x63, 0x08, 0x63, 0x08, 0x63, 0x08, 0x63, 0x08, 0x63, 0x08, 0x63, 0x08,
  0x63, 0x08, 0x63, 0x08, 0x63, 0x08, 0x63, 0x08, 0x63, 0x08, 0x63, 0x08, 0x63, 0x08, 0x63, 0x08,
  0x63, 0x08, 0x63, 0x08, 0x63, 0x08, 0x63, 0x08, 0x63, 0x08, 0x83, 0x08, 0x63, 0x08, 0x42, 0x00,
  0x63, 0x00, 0x46, 0x39, 0xAA, 0x8A, 0xCE, 0xCB, 0x2F, 0xDC, 0x0E, 0xDC, 0xEE, 0xCB, 0xCE, 0xCB,
  0xEF, 0xCB, 0xEF, 0xD3, 0xEF, 0xCB, 0xEF, 0xCB, 0xEF, 0xCB, 0xF0, 0xCB, 0xF0, 0xCB, 0xF0, 0xCB,
  0xF0, 0xCB, 0xF1, 0xC3, 0x11, 0xCC, 0xB0, 0xB3, 0xA4, 0x10, 0x63, 0x08, 0x63, 0x08, 0x63, 0x08,
  0x63, 0x08, 0x63, 0x08, 0x63, 0x08, 0x63, 0x08, 0x63, 0x08, 0x63, 0x08, 0x63, 0x08, 0x63, 0x08,
  0x63, 0x08, 0x63, 0x08, 0x63, 0x08, 0x63, 0x08, 0x63, 0x08, 0x63, 0x08, 0x63, 0x08, 0x63, 0x08,
  0x63, 0x08, 0x63, 0x08, 0x63, 0x08, 0x63, 0x08, 0x63, 0x08, 0x63, 0x08, 0x63, 0x08, 0x63, 0x08,
  0x63, 0x08, 0x63, 0x08, 0x63, 0x08, 0x63, 0x08, 0x63, 0x08, 0x95, 0x83, 0x7A, 0xA4, 0x39, 0x9C,
  0x59, 0x9C, 0x59, 0x9C, 0x59, 0x9C, 0x39, 0x9C, 0x9B, 0xA4, 0x6F, 0x52, 0x21, 0x00, 0x83, 0x08,
  0x63, 0x08, 0x63, 0x08, 0x63, 0x08, 0x63, 0x08, 0x63, 0x08, 0x63, 0x08, 0x63, 0x08, 0x63, 0x08,
  0x63, 0x08, 0x63, 0x08, 0x63, 0x08, 0x63, 0x08, 0x63, 0x08, 0x63, 0x08, 0x63, 0x08, 0x63, 0x08,
  0x63, 0x08, 0x63, 0x08, 0x63, 0x08, 0x63, 0x08, 0x63, 0x08, 0x63, 0x08, 0x63, 0x08, 0x63, 0x08,
  0x63, 0x08, 0x63, 0x08, 0x63, 0x08, 0x63, 0x08, 0x63, 0x08, 0x63, 0x08, 0x63, 0x08, 0x63, 0x08,
  0x63, 0x08, 0x63, 0x08, 0x63, 0x08, 0x63, 0x08, 0x63, 0x08, 0x63, 0x08, 0x63, 0x08, 0x63, 0x08,
  0x63, 0x08, 0x63, 0x08, 0x63, 0x08, 0x63, 0x08, 0x63, 0x08, 0x63, 0x08, 0x63, 0x08, 0x63, 0x08,
  0x63, 0x08, 0x63, 0x08, 0x63, 0x08, 0x63, 0x08, 0x63, 0x08, 0x63, 0x08, 0x63, 0x08, 0x63, 0x08,
  0x63, 0x08, 0x63, 0x08, 0x63, 0x08, 0x63, 0x08, 0x63, 0x08, 0x63, 0x08, 0x63, 0x08, 0x63, 0x08,
  0x63, 0x08, 0x63, 0x08, 0x63, 0x08, 0x63, 0x08, 0x63, 0x08, 0x63, 0x08, 0x63, 0x08, 0x63, 0x08,
  0x63, 0x08, 0x63, 0x08, 0x63, 0x08, 0x63, 0x08, 0x63, 0x08, 0x63, 0x08, 0x63, 0x08, 0x63, 0x08,
  0x63, 0x08, 0x63, 0x08, 0x63, 0x08, 0x63, 0x08, 0x63, 0x08, 0x63, 0x08, 0x63, 0x08, 0x63, 0x08,
  0x63, 0x08, 0x63, 0x08, 0x63, 0x08, 0x63, 0x08, 0x63, 0x08, 0x63, 0x08, 0x63, 0x08, 0x63, 0x08,
  0x63, 0x08, 0x63, 0x08, 0x63, 0x08, 0x63, 0x08, 0x63, 0x08, 0x63, 0x08, 0x63, 0x08, 0x63, 0x08,
  0x63, 0x08, 0x63, 0x08, 0x63, 0x08, 0x63, 0x08, 0x63, 0x08, 0x63, 0x08, 0x63, 0x08, 0x63, 0x08,
  0x63, 0x08, 0x63, 0x08, 0x63, 0x08, 0x63, 0x08, 0x63, 0x08, 0x63, 0x08, 0x63, 0x08, 0x63, 0x08,
  0x63, 0x08, 0x63, 0x08, 0x63, 0x08, 0x63, 0x08, 0x63, 0x08, 0x63, 0x08, 0x63, 0x08, 0x63, 0x08,
  0x63, 0x08, 0x63, 0x08, 0x63, 0x08, 0x63, 0x08, 0x63, 0x08, 0x63, 0x08, 0x63, 0x08, 0x63, 0x08,
  0x63, 0x08, 0x63, 0x08, 0x63, 0x08, 0x63, 0x08, 0x63, 0x08, 0x63, 0x08, 0x63, 0x08, 0x63, 0x08,
  0x63, 0x08, 0x63, 0x08, 0x63, 0x08, 0x63, 0x08, 0x63, 0x08, 0x63, 0x08, 0x63, 0x08, 0x63, 0x08,
  0x63, 0x08, 0x63, 0x08, 0x63, 0x08, 0x63, 0x08, 0x63, 0x08, 0x63, 0x08, 0x63, 0x08, 0x63, 0x08,
  0x63, 0x08, 0x63, 0x08, 0x63, 0x08, 0x63, 0x08, 0x63, 0x08, 0x63, 0x08, 0x63, 0x08, 0x63, 0x08,
  0x63, 0x08, 0x63, 0x08, 0x63, 0x08, 0x83, 0x08, 0x63, 0x08, 0x22, 0x00, 0x83, 0x08, 0xA7, 0x51,
  0x2B, 0xAB, 0x0E, 0xDC, 0x2E, 0xDC, 0xEE, 0xD3, 0xCE, 0xCB, 0xEE, 0xCB, 0xEE, 0xD3, 0xEE, 0xD3,
  0xEF, 0xD3, 0xEF, 0xD3, 0xEF, 0xCB, 0xEF, 0xCB, 0xEF, 0xCB, 0xF0, 0xCB, 0xF0, 0xCB, 0xF0, 0xCB,
  0xF0, 0xCB, 0xF0, 0xC3, 0x32, 0xD4, 0xCD, 0x8A, 0x42, 0x00, 0x83, 0x08, 0x63, 0x08, 0x63, 0x08,
  0x63, 0x08, 0x63, 0x08, 0x63, 0x08, 0x63, 0x08, 0x63, 0x08, 0x63, 0x08, 0x63, 0x08, 0x63, 0x08,
  0x63, 0x08, 0x63, 0x08, 0x63, 0x08, 0x63, 0x08, 0x63, 0x08, 0x63, 0x08, 0x63, 0x08, 0x63, 0x08,
  0x63, 0x08, 0x63, 0x08, 0x63, 0x08, 0x63, 0x08, 0x63, 0x08, 0x63, 0x08, 0x63, 0x08, 0x63, 0x08,
  0x63, 0x08, 0x63, 0x08, 0x63, 0x08, 0x63, 0x08, 0x83, 0x08, 0xB6, 0x8B, 0x7A, 0xA4, 0x39, 0x9C,
  0x59, 0x9C, 0x59, 0x9C, 0x39, 0x9C, 0x7B, 0xA4, 0x95, 0x7B, 0x63, 0x08, 0x63, 0x08, 0x63, 0x08,
  0x63, 0x08, 0x63, 0x08, 0x63, 0x08, 0x63, 0x08, 0x63, 0x08, 0x63, 0x08, 0x63, 0x08, 0x63, 0x08,
  0x63, 0x08, 0x63, 0x08, 0x63, 0x08, 0x63, 0x08, 0x63, 0x08, 0x63, 0x08, 0x63, 0x08, 0x63, 0x08,
  0x63, 0x08, 0x63, 0x08, 0x63, 0x08, 0x63, 0x08, 0x63, 0x08, 0x63, 0x08, 0x63, 0x08, 0x63, 0x08,
  0x63, 0x08, 0x63, 0x08, 0x63, 0x08, 0x63, 0x08, 0x63, 0x08, 0x63, 0x08, 0x63, 0x08, 0x63, 0x08,
  0x63, 0x08, 0x63, 0x08, 0x63, 0x08, 0x63, 0x08, 0x63, 0x08, 0x63, 0x08, 0x63, 0x08, 0x63, 0x08,
  0x63, 0x08, 0x63, 0x08, 0x63, 0x08, 0x63, 0x08, 0x63, 0x08, 0x63, 0x08, 0x63, 0x08, 0x63, 0x08,
  0x63, 0x08, 0x63, 0x08, 0x63, 0x08, 0x63, 0x08, 0x63, 0x08, 0x63, 0x08, 0x63, 0x08, 0x63, 0x08,
  0x63, 0x08, 0x63, 0x08, 0x63, 0x08, 0x63, 0x08, 0x63, 0x08, 0x63, 0x08, 0x63, 0x08, 0x63, 0x08,
  0x63, 0x08, 0x63, 0x08, 0x63, 0x08, 0x63, 0x08, 0x63, 0x08, 0x63, 0x08, 0x63, 0x08, 0x63, 0x08,
  0x63, 0x08, 0x63, 0x08, 0x63, 0x08, 0x63, 0x08, 0x63, 0x08, 0x63, 0x08, 0x63, 0x08, 0x63, 0x08,
  0x63, 0x08, 0x63, 0x08, 0x63, 0x08, 0x63, 0x08, 0x63, 0x08, 0x63, 0x08, 0x63, 0x08, 0x63, 0x08,
  0x63, 0x08, 0x63, 0x08, 0x63, 0x08, 0x63, 0x08, 0x63, 0x08, 0x63, 0x08, 0x63, 0x08, 0x63, 0x08,
  0x63, 0x08, 0x63, 0x08, 0x63, 0x08, 0x63, 0x08, 0x63, 0x08, 0x63, 0x08, 0x63, 0x08, 0x63, 0x08,
  0x63, 0x08, 0x63, 0x08, 0x63, 0x08, 0x63, 0x08, 0x63, 0x08, 0x63, 0x08, 0x63, 0x08, 0x63, 0x08,
  0x63, 0x08, 0x63, 0x08, 0x63, 0x08, 0x63, 0x08, 0x63, 0x08, 0x63, 0x08, 0x63, 0x08, 0x63, 0x08,
  0x63, 0x08, 0x63, 0x08, 0x63, 0x08, 0x63, 0x08, 0x63, 0x08, 0x63, 0x08, 0x63, 0x08, 0x63, 0x08,
  0x63, 0x08, 0x63, 0x08, 0x63, 0x08, 0x63, 0x08, 0x63, 0x08, 0x63, 0x08, 0x63, 0x08, 0x63, 0x08,
  0x63, 0x08, 0x63, 0x08, 0x63, 0x08, 0x63, 0x08, 0x63, 0x08, 0x63, 0x08, 0x63, 0x08, 0x63, 0x08,
  0x63, 0x08, 0x63, 0x08, 0x63, 0x08, 0x63, 0x08, 0x63, 0x08, 0x63, 0x08, 0x63, 0x08, 0x63, 0x08,
  0x63, 0x08, 0x63, 0x08, 0x63, 0x08, 0x63, 0x08, 0x63, 0x08, 0x63, 0x08, 0x63, 0x08, 0x63, 0x08,
  0x63, 0x08, 0x63, 0x08, 0x63, 0x08, 0x63, 0x08, 0x63, 0x08, 0x63, 0x08, 0x63, 0x08, 0x63, 0x08,
  0x63, 0x08, 0x83, 0x08, 0x63, 0x08, 0x22, 0x00, 0xA4, 0x10, 0xE7, 0x61, 0x6B, 0xB3, 0x2E, 0xDC,
  0x0E, 0xDC, 0xED, 0xD3, 0xCD, 0xCB, 0xEE, 0xD3, 0xEE, 0xD3, 0xEE, 0xD3, 0xEE, 0xD3, 0xEE, 0xD3,
  0xEF, 0xD3, 0xEF, 0xD3, 0xEF, 0xCB, 0xEF, 0xCB, 0xEF, 0xCB, 0xF0, 0xCB, 0xF0, 0xCB, 0xF0, 0xCB,
  0xF0, 0xCB, 0xF0, 0xC3, 0x32, 0xD4, 0xC8, 0x51, 0x42, 0x00, 0x83, 0x08, 0x63, 0x08, 0x63, 0x08,
  0x63, 0x08, 0x63, 0x08, 0x63, 0x08, 0x63, 0x08, 0x63, 0x08, 0x63, 0x08, 0x63, 0x08, 0x63, 0x08,
  0x63, 0x08, 0x63, 0x08, 0x63, 0x08, 0x63, 0x08, 0x63, 0x08, 0x63, 0x08, 0x63, 0x08, 0x63, 0x08,
  0x63, 0x08, 0x63, 0x08, 0x63, 0x08, 0x63, 0x08, 0x63, 0x08, 0x63, 0x08, 0x63, 0x08, 0x63, 0x08,
  0x63, 0x08, 0x63, 0x08, 0x83, 0x08, 0x63, 0x08, 0xA4, 0x10, 0xF7, 0x93, 0x59, 0xA4, 0x39, 0x9C,
  0x59, 0x9C, 0x39, 0x9C, 0x5A, 0x9C, 0x39, 0x9C, 0x06, 0x21, 0x42, 0x00, 0x83, 0x08, 0x63, 0x08,
  0x63, 0x08, 0x63, 0x08, 0x63, 0x08, 0x63, 0x08, 0x63, 0x08, 0x63, 0x08, 0x63, 0x08, 0x63, 0x08,
  0x63, 0x08, 0x63, 0x08, 0x63, 0x08, 0x63, 0x08, 0x63, 0x08, 0x63, 0x08, 0x63, 0x08, 0x63, 0x08,
  0x63, 0x08, 0x63, 0x08, 0x63, 0x08, 0x63, 0x08, 0x63, 0x08, 0x63, 0x08, 0x63, 0x08, 0x63, 0x08,
  0x63, 0x08, 0x63, 0x08, 0x63, 0x08, 0x63, 0x08, 0x63, 0x08, 0x63, 0x08, 0x63, 0x08, 0x63, 0x08,
  0x63, 0x08, 0x63, 0x08, 0x63, 0x08, 0x63, 0x08, 0x63, 0x08, 0x63, 0x08, 0x63, 0x08, 0x63, 0x08,
  0x63, 0x08, 0x63, 0x08, 0x63, 0x08, 0x63, 0x08, 0x63, 0x08, 0x63, 0x08, 0x63, 0x08, 0x63, 0x08,
  0x63, 0x08, 0x63, 0x08, 0x63, 0x08, 0x63, 0x08, 0x63, 0x08, 0x63, 0x08, 0x63, 0x08, 0x63, 0x08,
  0x63, 0x08, 0x63, 0x08, 0x63, 0x08, 0x63, 0x08, 0x63, 0x08, 0x63, 0x08, 0x63, 0x08, 0x63, 0x08,
  0x63, 0x08, 0x63, 0x08, 0x63, 0x08, 0x63, 0x08, 0x63, 0x08, 0x63, 0x08, 0x63, 0x08, 0x63, 0x08,
  0x63, 0x08, 0x63, 0x08, 0x63, 0x08, 0x63, 0x08, 0x63, 0x08, 0x63, 0x08, 0x63, 0x08, 0x63, 0x08,
  0x63, 0x08, 0x63, 0x08, 0x63, 0x08, 0x63, 0x08, 0x63, 0x08, 0x63, 0x08, 0x63, 0x08, 0x63, 0x08,
  0x63, 0x08, 0x63, 0x08, 0x63, 0x08, 0x63, 0x08, 0x63, 0x08, 0x63, 0x08, 0x63, 0x08, 0x63, 0x08,
  0x63, 0x08, 0x63, 0x08, 0x63, 0x08, 0x63, 0x08, 0x63, 0x08, 0x63, 0x08, 0x63, 0x08, 0x63, 0x08,
  0x63, 0x08, 0x63, 0x08, 0x63, 0x08, 0x63, 0x08, 0x63, 0x08, 0x63, 0x08, 0x63, 0x08, 0x63, 0x08,
  0x63, 0x08, 0x63, 0x08, 0x63, 0x08, 0x63, 0x08, 0x63, 0x08, 0x63, 0x08, 0x63, 0x08, 0x63, 0x08,
  0x63, 0x08, 0x63, 0x08, 0x63, 0x08, 0x63, 0x08, 0x63, 0x08, 0x63, 0x08, 0x63, 0x08, 0x63, 0x08,
  0x63, 0x08, 0x63, 0x08, 0x63, 0x08, 0x63, 0x08, 0x63, 0x08, 0x63, 0x08, 0x63, 0x08, 0x63, 0x08,
  0x63, 0x08, 0x63, 0x08, 0x63, 0x08, 0x63, 0x08, 0x63, 0x08, 0x63, 0x08, 0x63, 0x08, 0x63, 0x08,
  0x63, 0x08, 0x63, 0x08, 0x63, 0x08, 0x63, 0x08, 0x63, 0x08, 0x63, 0x08, 0x63, 0x08, 0x63, 0x08,
  0x63, 0x08, 0x63, 0x08, 0x63, 0x08, 0x63, 0x08, 0x63, 0x08, 0x63, 0x08, 0x63, 0x08, 0x63, 0x08,
  0x63, 0x08, 0x63, 0x08, 0x63, 0x08, 0x63, 0x08, 0x63, 0x08, 0x63, 0x08, 0x63, 0x08, 0x83, 0x08,
  0x63, 0x08, 0x22, 0x00, 0xA3, 0x10, 0x07, 0x62, 0x8C, 0xBB, 0x2D, 0xE4, 0x0D, 0xDC, 0xED, 0xCB,
  0xED, 0xD3, 0xED, 0xD3, 0xEE, 0xD3, 0xEE, 0xD3, 0xEE, 0xD3, 0xEE, 0xD3, 0xEE, 0xD3, 0xEE, 0xD3,
  0xEF, 0xD3, 0xEF, 0xD3, 0xEF, 0xCB, 0xEF, 0xCB, 0xEF, 0xCB, 0xF0, 0xCB, 0xF0, 0xCB, 0xF0, 0xCB,
  0xF0, 0xCB, 0x11, 0xCC, 0xD0, 0xBB, 0xC5, 0x18, 0x63, 0x00, 0x83, 0x08, 0x63, 0x08, 0x63, 0x08,
  0x63, 0x08, 0x63, 0x08, 0x63, 0x08, 0x63, 0x08, 0x63, 0x08, 0x63, 0x08, 0x63, 0x08, 0x63, 0x08,
  0x63, 0x08, 0x63, 0x08, 0x63, 0x08, 0x63, 0x08, 0x63, 0x08, 0x63, 0x08, 0x63, 0x08, 0x63, 0x08,
  0x63, 0x08, 0x63, 0x08, 0x63, 0x08, 0x63, 0x08, 0x63, 0x08, 0x63, 0x08, 0x63, 0x08, 0x63, 0x08,
  0x63, 0x08, 0x63, 0x08, 0x83, 0x08, 0x42, 0x00, 0x06, 0x21, 0x38, 0xA4, 0x59, 0xA4, 0x59, 0xA4,
  0x59, 0x9C, 0x39, 0x9C, 0x9B, 0xA4, 0xEC, 0x41, 0x21, 0x00, 0x83, 0x08, 0x63, 0x08, 0x63, 0x08,
  0x63, 0x08, 0x63, 0x08, 0x63, 0x08, 0x63, 0x08, 0x63, 0x08, 0x63, 0x08, 0x63, 0x08, 0x63, 0x08,
  0x63, 0x08, 0x63, 0x08, 0x63, 0x08, 0x63, 0x08, 0x63, 0x08, 0x63, 0x08, 0x63, 0x08, 0x63, 0x08,
  0x63, 0x08, 0x63, 0x08, 0x63, 0x08, 0x63, 0x08, 0x63, 0x08, 0x63, 0x08, 0x63, 0x08, 0x63, 0x08,
  0x63, 0x08, 0x63, 0x08, 0x63, 0x08, 0x63, 0x08, 0x63, 0x08, 0x63, 0x08, 0x63, 0x08, 0x63, 0x08,
  0x63, 0x08, 0x63, 0x08, 0x63, 0x08, 0x63, 0x08, 0x63, 0x08, 0x63, 0x08, 0x63, 0x08, 0x63, 0x08,
  0x63, 0x08, 0x63, 0x08, 0x63, 0x08, 0x63, 0x08, 0x63, 0x08, 0x63, 0x08, 0x63, 0x08, 0x63, 0x08,
  0x63, 0x08, 0x63, 0x08, 0x63, 0x08, 0x63, 0x08, 0x63, 0x08, 0x63, 0x08, 0x63, 0x08, 0x63, 0x08,
  0x63, 0x08, 0x63, 0x08, 0x63, 0x08, 0x63, 0x08, 0x63, 0x08, 0x63, 0x08, 0x63, 0x08, 0x63, 0x08,
  0x63, 0x08, 0x63, 0x08, 0x63, 0x08, 0x63, 0x08, 0x63, 0x08, 0x63, 0x08, 0x63, 0x08, 0x63, 0x08,
  0x63, 0x08, 0x63, 0x08, 0x63, 0x08, 0x63, 0x08, 0x63, 0x08, 0x63, 0x08, 0x63, 0x08, 0x63, 0x08,
  0x63, 0x08, 0x63, 0x08, 0x63, 0x08, 0x63, 0x08, 0x63, 0x08, 0x63, 0x08, 0x63, 0x08, 0x63, 0x08,
  0x63, 0x08, 0x63, 0x08, 0x63, 0x08, 0x63, 0x08, 0x63, 0x08, 0x63, 0x08, 0x63, 0x08, 0x63, 0x08,
  0x63, 0x08, 0x63, 0x08, 0x63, 0x08, 0x63, 0x08, 0x63, 0x08, 0x63, 0x08, 0x63, 0x08, 0x63, 0x08,
  0x63, 0x08, 0x63, 0x08, 0x63, 0x08, 0x63, 0x08, 0x63, 0x08, 0x63, 0x08, 0x63, 0x08, 0x63, 0x08,
  0x63, 0x08, 0x63, 0x08, 0x63, 0x08, 0x63, 0x08, 0x63, 0x08, 0x63, 0x08, 0x63, 0x08, 0x63, 0x08,
  0x63, 0x08, 0x63, 0x08, 0x63, 0x08, 0x63, 0x08, 0x63, 0x08, 0x63, 0x08, 0x63, 0x08, 0x63, 0x08,
  0x63, 0x08, 0x63, 0x08, 0x63, 0x08, 0x63, 0x08, 0x63, 0x08, 0x63, 0x08, 0x63, 0x08, 0x63, 0x08,
  0x63, 0x08, 0x63, 0x08, 0x63, 0x08, 0x63, 0x08, 0x63, 0x08, 0x63, 0x08, 0x63, 0x08, 0x63, 0x08,
  0x63, 0x08, 0x63, 0x08, 0x63, 0x08, 0x63, 0x08, 0x63, 0x08, 0x63, 0x08, 0x63, 0x08, 0x63, 0x08,
  0x63, 0x08, 0x63, 0x08, 0x63, 0x08, 0x63, 0x08, 0x63, 0x08, 0x63, 0x08, 0x63, 0x08, 0x63, 0x08,
  0x63, 0x08, 0x63, 0x08, 0x63, 0x08, 0x63, 0x08, 0x63, 0x08, 0x83, 0x08, 0x63, 0x08, 0x43, 0x00,
  0x83, 0x10, 0x07, 0x62, 0x8B, 0xBB, 0x2D, 0xE4, 0x0D, 0xD4, 0xCD, 0xCB, 0xED, 0xD3, 0xED, 0xD3,
  0xED, 0xD3, 0xED, 0xD3, 0xEE, 0xD3, 0xEE, 0xD3, 0xEE, 0xD3, 0xEE, 0xD3, 0xEE, 0xD3, 0xEE, 0xD3,
  0xEF, 0xD3, 0xEF, 0xD3, 0xEF, 0xCB, 0xEF, 0xCB, 0xEF, 0xCB, 0xF0, 0xCB, 0xF0, 0xCB, 0xF0, 0xCB,
  0xF0, 0xC3, 0x31, 0xD4, 0x0D, 0x93, 0x42, 0x00, 0x83, 0x08, 0x63, 0x08, 0x63, 0x08, 0x63, 0x08,
  0x63, 0x08, 0x63, 0x08, 0x63, 0x08, 0x63, 0x08, 0x63, 0x08, 0x63, 0x08, 0x63, 0x08, 0x63, 0x08,
  0x63, 0x08, 0x63, 0x08, 0x63, 0x08, 0x63, 0x08, 0x63, 0x08, 0x63, 0x08, 0x63, 0x08, 0x63, 0x08,
  0x63, 0x08, 0x63, 0x08, 0x63, 0x08, 0x63, 0x08, 0x63, 0x08, 0x63, 0x08, 0x63, 0x08, 0x63, 0x08,
  0x63, 0x08, 0x63, 0x08, 0x83, 0x08, 0x42, 0x00, 0x69, 0x31, 0x7A, 0xAC, 0x39, 0xA4, 0x59, 0xA4,
  0x39, 0x9C, 0x9B, 0xAC, 0x12, 0x6B, 0x42, 0x00, 0x83, 0x08, 0x63, 0x08, 0x63, 0x08, 0x63, 0x08,
  0x63, 0x08, 0x63, 0x08, 0x63, 0x08, 0x63, 0x08, 0x63, 0x08, 0x63, 0x08, 0x63, 0x08, 0x63, 0x08,
  0x63, 0x08, 0x63, 0x08, 0x63, 0x08, 0x63, 0x08, 0x63, 0x08, 0x63, 0x08, 0x63, 0x08, 0x63, 0x08,
  0x63, 0x08, 0x63, 0x08, 0x63, 0x08, 0x63, 0x08, 0x63, 0x08, 0x63, 0x08, 0x63, 0x08, 0x63, 0x08,
  0x63, 0x08, 0x63, 0x08, 0x63, 0x08, 0x63, 0x08, 0x63, 0x08, 0x63, 0x08, 0x63, 0x08, 0x63, 0x08,
  0x63, 0x08, 0x63, 0x08, 0x63, 0x08, 0x63, 0x08, 0x63, 0x08, 0x63, 0x08, 0x63, 0x08, 0x63, 0x08,
  0x63, 0x08, 0x63, 0x08, 0x63, 0x08, 0x63, 0x08, 0x63, 0x08, 0x63, 0x08, 0x63, 0x08, 0x63, 0x08,
  0x63, 0x08, 0x63, 0x08, 0x63, 0x08, 0x63, 0x08, 0x63, 0x08, 0x63, 0x08, 0x63, 0x08, 0x63, 0x08,
  0x63, 0x08, 0x63, 0x08, 0x63, 0x08, 0x63, 0x08, 0x63, 0x08, 0x63, 0x08, 0x63, 0x08, 0x63, 0x08,
  0x63, 0x08, 0x63, 0x08, 0x63, 0x08, 0x63, 0x08, 0x63, 0x08, 0x63, 0x08, 0x63, 0x08, 0x63, 0x08,
  0x63, 0x08, 0x63, 0x08, 0x63, 0x08, 0x63, 0x08, 0x63, 0x08, 0x63, 0x08, 0x63, 0x08, 0x63, 0x08,
  0x63, 0x08, 0x63, 0x08, 0x63, 0x08, 0x63, 0x08, 0x63, 0x08, 0x63, 0x08, 0x63, 0x08, 0x63, 0x08,
  0x63, 0x08, 0x63, 0x08, 0x63, 0x08, 0x63, 0x08, 0x63, 0x08, 0x63, 0x08, 0x63, 0x08, 0x63, 0x08,
  0x63, 0x08, 0x63, 0x08, 0x63, 0x08, 0x63, 0x08, 0x63, 0x08, 0x63, 0x08, 0x63, 0x08, 0x63, 0x08,
  0x63, 0x08, 0x63, 0x08, 0x63, 0x08, 0x63, 0x08, 0x63, 0x08, 0x63, 0x08, 0x63, 0x08, 0x63, 0x08,
  0x63, 0x08, 0x63, 0x08, 0x63, 0x08, 0x63, 0x08, 0x63, 0x08, 0x63, 0x08, 0x63, 0x08, 0x63, 0x08,
  0x63, 0x08, 0x63, 0x08, 0x63, 0x08, 0x63, 0x08, 0x63, 0x08, 0x63, 0x08, 0x63, 0x08, 0x63, 0x08,
  0x63, 0x08, 0x63, 0x08, 0x63, 0x08, 0x63, 0x08, 0x63, 0x08, 0x63, 0x08, 0x63, 0x08, 0x63, 0x08,
  0x63, 0x08, 0x63, 0x08, 0x63, 0x08, 0x63, 0x08, 0x63, 0x08, 0x63, 0x08, 0x63, 0x08, 0x63, 0x08,
  0x63, 0x08, 0x63, 0x08, 0x63, 0x08, 0x63, 0x08, 0x63, 0x08, 0x63, 0x08, 0x63, 0x08, 0x63, 0x08,
  0x63, 0x08, 0x63, 0x08, 0x63, 0x08, 0x63, 0x08, 0x63, 0x08, 0x63, 0x08, 0x63, 0x08, 0x63, 0x08,
  0x63, 0x08, 0x63, 0x08, 0x63, 0x08, 0x83, 0x08, 0x83, 0x08, 0x43, 0x00, 0x63, 0x08, 0xC6, 0x51,
  0x6B, 0xBB, 0x2D, 0xE4, 0x0C, 0xDC, 0xCC, 0xD3, 0xED, 0xD3, 0xED, 0xD3, 0xED, 0xD3, 0xED, 0xD3,
  0xED, 0xD3, 0xED, 0xD3, 0xEE, 0xD3, 0xEE, 0xD3, 0xEE, 0xD3, 0xEE, 0xD3, 0xEE, 0xD3, 0xEE, 0xD3,
  0xEF, 0xD3, 0xEF, 0xD3, 0xEF, 0xCB, 0xEF, 0xCB, 0xEF, 0xCB, 0xF0, 0xCB, 0xF0, 0xCB, 0xF0, 0xCB,
  0xF0, 0xC3, 0x32, 0xD4, 0xE9, 0x51, 0x22, 0x00, 0x83, 0x08, 0x63, 0x08, 0x63, 0x08, 0x63, 0x08,
  0x63, 0x08, 0x63, 0x08, 0x63, 0x08, 0x63, 0x08, 0x63, 0x08, 0x63, 0x08, 0x63, 0x08, 0x63, 0x08,
  0x63, 0x08, 0x63, 0x08, 0x63, 0x08, 0x63, 0x08, 0x63, 0x08, 0x63, 0x08, 0x63, 0x08, 0x63, 0x08,
  0x63, 0x08, 0x63, 0x08, 0x63, 0x08, 0x63, 0x08, 0x63, 0x08, 0x63, 0x08, 0x63, 0x08, 0x63, 0x08,
  0x63, 0x08, 0x63, 0x08, 0x83, 0x08, 0x22, 0x00, 0x0C, 0x4A, 0x9A, 0xAC, 0x39, 0x9C, 0x39, 0x9C,
  0x7A, 0xA4, 0xD7, 0x8B, 0xA4, 0x10, 0x63, 0x08, 0x83, 0x08, 0x63, 0x08, 0x63, 0x08, 0x63, 0x08,
  0x63, 0x08, 0x63, 0x08, 0x63, 0x08, 0x63, 0x08, 0x63, 0x08, 0x63, 0x08, 0x63, 0x08, 0x63, 0x08,
  0x63, 0x08, 0x63, 0x08, 0x63, 0x08, 0x63, 0x08, 0x63, 0x08, 0x63, 0x08, 0x63, 0x08, 0x63, 0x08,
  0x63, 0x08, 0x63, 0x08, 0x63, 0x08, 0x63, 0x08, 0x63, 0x08, 0x63, 0x08, 0x63, 0x08, 0x63, 0x08,
  0x63, 0x08, 0x63, 0x08, 0x63, 0x08, 0x63, 0x08, 0x63, 0x08, 0x63, 0x08, 0x63, 0x08, 0x63, 0x08,
  0x63, 0x08, 0x63, 0x08, 0x63, 0x08, 0x63, 0x08, 0x63, 0x08, 0x63, 0x08, 0x63, 0x08, 0x63, 0x08,
  0x63, 0x08, 0x63, 0x08, 0x63, 0x08, 0x63, 0x08, 0x63, 0x08, 0x63, 0x08, 0x63, 0x08, 0x63, 0x08,
  0x63, 0x08, 0x63, 0x08, 0x63, 0x08, 0x63, 0x08, 0x63, 0x08, 0x63, 0x08, 0x63, 0x08, 0x63, 0x08,
  0x63, 0x08, 0x63, 0x08, 0x63, 0x08, 0x63, 0x08, 0x63, 0x08, 0x63, 0x08, 0x63, 0x08, 0x63, 0x08,
  0x63, 0x08, 0x63, 0x08, 0x63, 0x08, 0x63, 0x08, 0x63, 0x08, 0x63, 0x08, 0x63, 0x08, 0x63, 0x08,
  0x63, 0x08, 0x63, 0x08, 0x63, 0x08, 0x63, 0x08, 0x63, 0x08, 0x63, 0x08, 0x63, 0x08, 0x63, 0x08,
  0x63, 0x08, 0x63, 0x08, 0x63, 0x08, 0x63, 0x08, 0x63, 0x08, 0x63, 0x08, 0x63, 0x08, 0x63, 0x08,
  0x63, 0x08, 0x63, 0x08, 0x63, 0x08, 0x63, 0x08, 0x63, 0x08, 0x63, 0x08, 0x63, 0x08, 0x63, 0x08,
  0x63, 0x08, 0x63, 0x08, 0x63, 0x08, 0x63, 0x08, 0x63, 0x08, 0x63, 0x08, 0x63, 0x08, 0x63, 0x08,
  0x63, 0x08, 0x63, 0x08, 0x63, 0x08, 0x63, 0x08, 0x63, 0x08, 0x63, 0x08, 0x63, 0x08, 0x63, 0x08,
  0x63, 0x08, 0x63, 0x08, 0x63, 0x08, 0x63, 0x08, 0x63, 0x08, 0x63, 0x08, 0x63, 0x08, 0x63, 0x08,
  0x63, 0x08, 0x63, 0x08, 0x63, 0x08, 0x63, 0x08, 0x63, 0x08, 0x63, 0x08, 0x63, 0x08, 0x63, 0x08,
  0x63, 0x08, 0x63, 0x08, 0x63, 0x08, 0x63, 0x08, 0x63, 0x08, 0x63, 0x08, 0x63, 0x08, 0x63, 0x08,
  0x63, 0x08, 0x63, 0x08, 0x63, 0x08, 0x63, 0x08, 0x63, 0x08, 0x63, 0x08, 0x63, 0x08, 0x63, 0x08,
  0x63, 0x08, 0x63, 0x08, 0x63, 0x08, 0x63, 0x08, 0x63, 0x08, 0x63, 0x08, 0x63, 0x08, 0x63, 0x08,
  0x63, 0x08, 0x63, 0x08, 0x63, 0x08, 0x63, 0x08, 0x63, 0x08, 0x63, 0x08, 0x63, 0x08, 0x63, 0x08,
  0x63, 0x08, 0x63, 0x08, 0x83, 0x08, 0x43, 0x00, 0x43, 0x00, 0x65, 0x41, 0x4A, 0xAB, 0x2C, 0xE4,
  0x0C, 0xDC, 0xCC, 0xD3, 0xEC, 0xD3, 0xEC, 0xD3, 0xED, 0xD3, 0xED, 0xD3, 0xED, 0xD3, 0xED, 0xD3,
  0xED, 0xD3, 0xED, 0xD3, 0xEE, 0xD3, 0xEE, 0xD3, 0xEE, 0xD3, 0xEE, 0xD3, 0xEE, 0xD3, 0xEE, 0xD3,
  0xEF, 0xD3, 0xEF, 0xD3, 0xEF, 0xCB, 0xEF, 0xCB, 0xEF, 0xCB, 0xF0, 0xCB, 0xF0, 0xCB, 0xF0, 0xCB,
  0x11, 0xCC, 0xD0, 0xC3, 0xC4, 0x18, 0x63, 0x00, 0x83, 0x08, 0x63, 0x08, 0x63, 0x08, 0x63, 0x08,
  0x63, 0x08, 0x63, 0x08, 0x63, 0x08, 0x63, 0x08, 0x63, 0x08, 0x63, 0x08, 0x63, 0x08, 0x63, 0x08,
  0x63, 0x08, 0x63, 0x08, 0x63, 0x08, 0x63, 0x08, 0x63, 0x08, 0x63, 0x08, 0x63, 0x08, 0x63, 0x08,
  0x63, 0x08, 0x63, 0x08, 0x63, 0x08, 0x63, 0x08, 0x63, 0x08, 0x63, 0x08, 0x63, 0x08, 0x63, 0x08,
  0x63, 0x08, 0x63, 0x08, 0x83, 0x08, 0x22, 0x00, 0xD1, 0x6A, 0x9A, 0xAC, 0x39, 0x9C, 0x59, 0xA4,
  0x5A, 0xA4, 0x48, 0x29, 0x42, 0x00, 0x83, 0x08, 0x63, 0x08, 0x63, 0x08, 0x63, 0x08, 0x63, 0x08,
  0x63, 0x08, 0x63, 0x08, 0x63, 0x08, 0x63, 0x08, 0x63, 0x08, 0x63, 0x08, 0x63, 0x08, 0x63, 0x08,
  0x63, 0x08, 0x63, 0x08, 0x63, 0x08, 0x63, 0x08, 0x63, 0x08, 0x63, 0x08, 0x63, 0x08, 0x63, 0x08,
  0x63, 0x08, 0x63, 0x08, 0x63, 0x08, 0x63, 0x08, 0x63, 0x08, 0x63, 0x08, 0x63, 0x08, 0x63, 0x08,
  0x63, 0x08, 0x63, 0x08, 0x63, 0x08, 0x63, 0x08, 0x63, 0x08, 0x63, 0x08, 0x63, 0x08, 0x63, 0x08,
  0x63, 0x08, 0x63, 0x08, 0x63, 0x08, 0x63, 0x08, 0x63, 0x08, 0x63, 0x08, 0x63, 0x08, 0x63, 0x08,
  0x63, 0x08, 0x63, 0x08, 0x63, 0x08, 0x63, 0x08, 0x63, 0x08, 0x63, 0x08, 0x63, 0x08, 0x63, 0x08,
  0x63, 0x08, 0x63, 0x08, 0x63, 0x08, 0x63, 0x08, 0x63, 0x08, 0x63, 0x08, 0x63, 0x08, 0x63, 0x08,
  0x63, 0x08, 0x63, 0x08, 0x63, 0x08, 0x63, 0x08, 0x63, 0x08, 0x63, 0x08, 0x63, 0x08, 0x63, 0x08,
  0x63, 0x08, 0x63, 0x08, 0x63, 0x08, 0x63, 0x08, 0x63, 0x08, 0x63, 0x08, 0x63, 0x08, 0x63, 0x08,
  0x63, 0x08, 0x63, 0x08, 0x63, 0x08, 0x63, 0x08, 0x63, 0x08, 0x63, 0x08, 0x63, 0x08, 0x63, 0x08,
  0x63, 0x08, 0x63, 0x08, 0x63, 0x08, 0x63, 0x08, 0x63, 0x08, 0x63, 0x08, 0x63, 0x08, 0x63, 0x08,
  0x63, 0x08, 0x63, 0x08, 0x63, 0x08, 0x63, 0x08, 0x63, 0x08, 0x63, 0x08, 0x63, 0x08, 0x63, 0x08,
  0x63, 0x08, 0x63, 0x08, 0x63, 0x08, 0x63, 0x08, 0x63, 0x08, 0x63, 0x08, 0x63, 0x08, 0x63, 0x08,
  0x63, 0x08, 0x63, 0x08, 0x63, 0x08, 0x63, 0x08, 0x63, 0x08, 0x63, 0x08, 0x63, 0x08, 0x63, 0x08,
  0x63, 0x08, 0x63, 0x08, 0x63, 0x08, 0x63, 0x08, 0x63, 0x08, 0x63, 0x08, 0x63, 0x08, 0x63, 0x08,
  0x63, 0x08, 0x63, 0x08, 0x63, 0x08, 0x63, 0x08, 0x63, 0x08, 0x63, 0x08, 0x63, 0x08, 0x63, 0x08,
  0x63, 0x08, 0x63, 0x08, 0x63, 0x08, 0x63, 0x08, 0x63, 0x08, 0x63, 0x08, 0x63, 0x08, 0x63, 0x08,
  0x63, 0x08, 0x63, 0x08, 0x63, 0x08, 0x63, 0x08, 0x63, 0x08, 0x63, 0x08, 0x63, 0x08, 0x63, 0x08,
  0x63, 0x08, 0x63, 0x08, 0x63, 0x08, 0x63, 0x08, 0x63, 0x08, 0x63, 0x08, 0x63, 0x08, 0x63, 0x08,
  0x63, 0x08, 0x63, 0x08, 0x63, 0x08, 0x63, 0x08, 0x63, 0x08, 0x63, 0x08, 0x63, 0x08, 0x63, 0x08,
  0x83, 0x08, 0x63, 0x08, 0x23, 0x00, 0xE4, 0x20, 0xC8, 0x92, 0x0C, 0xDC, 0x0C, 0xDC, 0xCC, 0xD3,
  0xEC, 0xD3, 0xEC, 0xD3, 0xEC, 0xD3, 0xEC, 0xD3, 0xED, 0xD3, 0xED, 0xD3, 0xED, 0xD3, 0xED, 0xD3,
  0xED, 0xD3, 0xED, 0xD3, 0xEE, 0xD3, 0xEE, 0xD3, 0xEE, 0xD3, 0xEE, 0xD3, 0xEE, 0xD3, 0xEE, 0xD3,
  0xEF, 0xD3, 0xEF, 0xD3, 0xEF, 0xCB, 0xEF, 0xCB, 0xEF, 0xCB, 0xF0, 0xCB, 0xF0, 0xCB, 0xF0, 0xC3,
  0x31, 0xD4, 0xEC, 0x8A, 0x42, 0x00, 0x83, 0x08, 0x63, 0x08, 0x63, 0x08, 0x63, 0x08, 0x63, 0x08,
  0x63, 0x08, 0x63, 0x08, 0x63, 0x08, 0x63, 0x08, 0x63, 0x08, 0x63, 0x08, 0x63, 0x08, 0x63, 0x08,
  0x63, 0x08, 0x63, 0x08, 0x63, 0x08, 0x63, 0x08, 0x63, 0x08, 0x63, 0x08, 0x63, 0x08, 0x63, 0x08,
  0x63, 0x08, 0x63, 0x08, 0x63, 0x08, 0x63, 0x08, 0x63, 0x08, 0x63, 0x08, 0x63, 0x08, 0x63, 0x08,
  0x63, 0x08, 0x63, 0x08, 0x63, 0x08, 0x63, 0x08, 0xB5, 0x8B, 0x7A, 0xAC, 0x38, 0x9C, 0x9B, 0xAC,
  0x4E, 0x52, 0x21, 0x00, 0x83, 0x08, 0x63, 0x08, 0x63, 0x08, 0x63, 0x08, 0x63, 0x08, 0x63, 0x08,
  0x63, 0x08, 0x63, 0x08, 0x63, 0x08, 0x63, 0x08, 0x63, 0x08, 0x63, 0x08, 0x63, 0x08, 0x63, 0x08,
  0x63, 0x08, 0x63, 0x08, 0x63, 0x08, 0x63, 0x08, 0x63, 0x08, 0x63, 0x08, 0x63, 0x08, 0x63, 0x08,
  0x63, 0x08, 0x63, 0x08, 0x63, 0x08, 0x63, 0x08, 0x63, 0x08, 0x63, 0x08, 0x63, 0x08, 0x63, 0x08,
  0x63, 0x08, 0x63, 0x08, 0x63, 0x08, 0x63, 0x08, 0x63, 0x08, 0x63, 0x08, 0x63, 0x08, 0x63, 0x08,
  0x63, 0x08, 0x63, 0x08, 0x63, 0x08, 0x63, 0x08, 0x63, 0x08, 0x63, 0x08, 0x63, 0x08, 0x63, 0x08,
  0x63, 0x08, 0x63, 0x08, 0x63, 0x08, 0x63, 0x08, 0x63, 0x08, 0x63, 0x08, 0x63, 0x08, 0x63, 0x08,
  0x63, 0x08, 0x63, 0x08, 0x63, 0x08, 0x63, 0x08, 0x63, 0x08, 0x63, 0x08, 0x63, 0x08, 0x63, 0x08,
  0x63, 0x08, 0x63, 0x08, 0x63, 0x08, 0x63, 0x08, 0x63, 0x08, 0x63, 0x08, 0x63, 0x08, 0x63, 0x08,
  0x63, 0x08, 0x63, 0x08, 0x63, 0x08, 0x63, 0x08, 0x63, 0x08, 0x63, 0x08, 0x63, 0x08, 0x63, 0x08,
  0x63, 0x08, 0x63, 0x08, 0x63, 0x08, 0x63, 0x08, 0x63, 0x08, 0x63, 0x08, 0x63, 0x08, 0x63, 0x08,
  0x63, 0x08, 0x63, 0x08, 0x63, 0x08, 0x63, 0x08, 0x63, 0x08, 0x63, 0x08, 0x63, 0x08, 0x63, 0x08,
  0x63, 0x08, 0x63, 0x08, 0x63, 0x08, 0x63, 0x08, 0x63, 0x08, 0x63, 0x08, 0x63, 0x08, 0x63, 0x08,
  0x63, 0x08, 0x63, 0x08, 0x63, 0x08, 0x63, 0x08, 0x63, 0x08, 0x63, 0x08, 0x63, 0x08, 0x63, 0x08,
  0x63, 0x08, 0x63, 0x08, 0x63, 0x08, 0x63, 0x08, 0x63, 0x08, 0x63, 0x08, 0x63, 0x08, 0x63, 0x08,
  0x63, 0x08, 0x63, 0x08, 0x63, 0x08, 0x63, 0x08, 0x63, 0x08, 0x63, 0x08, 0x63, 0x08, 0x63, 0x08,
  0x63, 0x08, 0x63, 0x08, 0x63, 0x08, 0x63, 0x08, 0x63, 0x08, 0x63, 0x08, 0x63, 0x08, 0x63, 0x08,
  0x63, 0x08, 0x63, 0x08, 0x63, 0x08, 0x63, 0x08, 0x63, 0x08, 0x63, 0x08, 0x63, 0x08, 0x63, 0x08,
  0x63, 0x08, 0x63, 0x08, 0x63, 0x08, 0x63, 0x08, 0x63, 0x08, 0x63, 0x08, 0x63, 0x08, 0x63, 0x08,
  0x63, 0x08, 0x63, 0x08, 0x63, 0x08, 0x63, 0x08, 0x63, 0x08, 0x63, 0x08, 0x63, 0x08, 0x63, 0x08,
  0x63, 0x08, 0x63, 0x08, 0x63, 0x08, 0x63, 0x08, 0x63, 0x08, 0x63, 0x08, 0x83, 0x08, 0x83, 0x08,
  0x43, 0x00, 0x83, 0x08, 0x27, 0x72, 0xCB, 0xD3, 0x2C, 0xE4, 0xEB, 0xD3, 0xEB, 0xD3, 0xEC, 0xD3,
  0xEC, 0xD3, 0xEC, 0xD3, 0xEC, 0xD3, 0xEC, 0xD3, 0xED, 0xD3, 0xED, 0xD3, 0xED, 0xD3, 0xED, 0xD3,
  0xED, 0xD3, 0xED, 0xD3, 0xEE, 0xD3, 0xEE, 0xD3, 0xEE, 0xD3, 0xEE, 0xD3, 0xEE, 0xD3, 0xEE, 0xD3,
  0xEF, 0xD3, 0xEF, 0xD3, 0xEF, 0xCB, 0xEF, 0xCB, 0xEF, 0xCB, 0xF0, 0xCB, 0xF0, 0xCB, 0xF0, 0xC3,
  0x31, 0xD4, 0xA8, 0x49, 0x42, 0x00, 0x83, 0x08, 0x63, 0x08, 0x63, 0x08, 0x63, 0x08, 0x63, 0x08,
  0x63, 0x08, 0x63, 0x08, 0x63, 0x08, 0x63, 0x08, 0x63, 0x08, 0x63, 0x08, 0x63, 0x08, 0x63, 0x08,
  0x63, 0x08, 0x63, 0x08, 0x63, 0x08, 0x63, 0x08, 0x63, 0x08, 0x63, 0x08, 0x63, 0x08, 0x63, 0x08,
  0x63, 0x08, 0x63, 0x08, 0x63, 0x08, 0x63, 0x08, 0x63, 0x08, 0x63, 0x08, 0x63, 0x08, 0x63, 0x08,
  0x63, 0x08, 0x83, 0x08, 0x42, 0x00, 0x07, 0x21, 0x58, 0xA4, 0x38, 0xA4, 0x7A, 0xAC, 0x33, 0x73,
  0x42, 0x00, 0x83, 0x08, 0x63, 0x08, 0x63, 0x08, 0x63, 0x08, 0x63, 0x08, 0x63, 0x08, 0x63, 0x08,
  0x63, 0x08, 0x63, 0x08, 0x63, 0x08, 0x63, 0x08, 0x63, 0x08, 0x63, 0x08, 0x63, 0x08, 0x63, 0x08,
  0x63, 0x08, 0x63, 0x08, 0x63, 0x08, 0x63, 0x08, 0x63, 0x08, 0x63, 0x08, 0x63, 0x08, 0x63, 0x08,
  0x63, 0x08, 0x63, 0x08, 0x63, 0x08, 0x63, 0x08, 0x63, 0x08, 0x63, 0x08, 0x63, 0x08, 0x63, 0x08,
  0x63, 0x08, 0x63, 0x08, 0x63, 0x08, 0x63, 0x08, 0x63, 0x08, 0x63, 0x08, 0x63, 0x08, 0x63, 0x08,
  0x63, 0x08, 0x63, 0x08, 0x63, 0x08, 0x63, 0x08, 0x63, 0x08, 0x63, 0x08, 0x63, 0x08, 0x63, 0x08,
  0x63, 0x08, 0x63, 0x08, 0x63, 0x08, 0x63, 0x08, 0x63, 0x08, 0x63, 0x08, 0x63, 0x08, 0x63, 0x08,
  0x63, 0x08, 0x63, 0x08, 0x63, 0x08, 0x63, 0x08, 0x63, 0x08, 0x63, 0x08, 0x63, 0x08, 0x63, 0x08,
  0x63, 0x08, 0x63, 0x08, 0x63, 0x08, 0x63, 0x08, 0x63, 0x08, 0x63, 0x08, 0x63, 0x08, 0x63, 0x08,
  0x63, 0x08, 0x63, 0x08, 0x63, 0x08, 0x63, 0x08, 0x63, 0x08, 0x63, 0x08, 0x63, 0x08, 0x63, 0x08,
  0x63, 0x08, 0x63, 0x08, 0x63, 0x08, 0x63, 0x08, 0x63, 0x08, 0x63, 0x08, 0x63, 0x08, 0x63, 0x08,
  0x63, 0x08, 0x63, 0x08, 0x63, 0x08, 0x63, 0x08, 0x63, 0x08, 0x63, 0x08, 0x63, 0x08, 0x63, 0x08,
  0x63, 0x08, 0x63, 0x08, 0x63, 0x08, 0x63, 0x08, 0x63, 0x08, 0x63, 0x08, 0x63, 0x08, 0x63, 0x08,
  0x63, 0x08, 0x63, 0x08, 0x63, 0x08, 0x63, 0x08, 0x63, 0x08, 0x63, 0x08, 0x63, 0x08, 0x63, 0x08,
  0x63, 0x08, 0x63, 0x08, 0x63, 0x08, 0x63, 0x08, 0x63, 0x08, 0x63, 0x08, 0x63, 0x08, 0x63, 0x08,
  0x63, 0x08, 0x63, 0x08, 0x63, 0x08, 0x63, 0x08, 0x63, 0x08, 0x63, 0x08, 0x63, 0x08, 0x63, 0x08,
  0x63, 0x08, 0x63, 0x08, 0x63, 0x08, 0x63, 0x08, 0x63, 0x08, 0x63, 0x08, 0x63, 0x08, 0x63, 0x08,
  0x63, 0x08, 0x63, 0x08, 0x63, 0x08, 0x63, 0x08, 0x63, 0x08, 0x63, 0x08, 0x63, 0x08, 0x63, 0x08,
  0x63, 0x08, 0x63, 0x08, 0x63, 0x08, 0x63, 0x08, 0x63, 0x08, 0x63, 0x08, 0x63, 0x08, 0x63, 0x08,
  0x63, 0x08, 0x63, 0x08, 0x63, 0x08, 0x63, 0x08, 0x63, 0x08, 0x63, 0x08, 0x63, 0x08, 0x63, 0x08,
  0x63, 0x08, 0x63, 0x08, 0x63, 0x08, 0x63, 0x08, 0x63, 0x08, 0x83, 0x08, 0x63, 0x08, 0x43, 0x00,
  0x45, 0x39, 0x49, 0xB3, 0x2B, 0xE4, 0xEB, 0xD3, 0xCB, 0xD3, 0xEB, 0xD3, 0xEB, 0xD3, 0xEC, 0xD3,
  0xEC, 0xD3, 0xEC, 0xD3, 0xEC, 0xD3, 0xEC, 0xD3, 0xED, 0xD3, 0xED, 0xD3, 0xED, 0xD3, 0xED, 0xD3,
  0xED, 0xD3, 0xED, 0xD3, 0xEE, 0xD3, 0xEE, 0xD3, 0xEE, 0xD3, 0xEE, 0xD3, 0xEE, 0xD3, 0xEE, 0xD3,
  0xEF, 0xD3, 0xEF, 0xD3, 0xEF, 0xCB, 0xEF, 0xCB, 0xEF, 0xCB, 0xF0, 0xCB, 0xF0, 0xCB, 0x10, 0xCC,
  0xAF, 0xB3, 0xA4, 0x10, 0x63, 0x08, 0x63, 0x08, 0x63, 0x08, 0x63, 0x08, 0x63, 0x08, 0x63, 0x08,
  0x63, 0x08, 0x63, 0x08, 0x63, 0x08, 0x63, 0x08, 0x63, 0x08, 0x63, 0x08, 0x63, 0x08, 0x63, 0x08,
  0x63, 0x08, 0x63, 0x08, 0x63, 0x08, 0x63, 0x08, 0x63, 0x08, 0x63, 0x08, 0x63, 0x08, 0x63, 0x08,
  0x63, 0x08, 0x63, 0x08, 0x63, 0x08, 0x63, 0x08, 0x63, 0x08, 0x63, 0x08, 0x63, 0x08, 0x63, 0x08,
  0x63, 0x08, 0x83, 0x08, 0x22, 0x00, 0x0C, 0x4A, 0x7A, 0xAC, 0x59, 0xA4, 0xF7, 0x93, 0xA5, 0x10,
  0x63, 0x08, 0x83, 0x08, 0x63, 0x08, 0x63, 0x08, 0x63, 0x08, 0x63, 0x08, 0x63, 0x08, 0x63, 0x08,
  0x63, 0x08, 0x63, 0x08, 0x63, 0x08, 0x63, 0x08, 0x63, 0x08, 0x63, 0x08, 0x63, 0x08, 0x63, 0x08,
  0x63, 0x08, 0x63, 0x08, 0x63, 0x08, 0x63, 0x08, 0x63, 0x08, 0x63, 0x08, 0x63, 0x08, 0x63, 0x08,
  0x63, 0x08, 0x63, 0x08, 0x63, 0x08, 0x63, 0x08, 0x63, 0x08, 0x63, 0x08, 0x63, 0x08, 0x63, 0x08,
  0x63, 0x08, 0x63, 0x08, 0x63, 0x08, 0x63, 0x08, 0x63, 0x08, 0x63, 0x08, 0x63, 0x08, 0x63, 0x08,
  0x63, 0x08, 0x63, 0x08, 0x63, 0x08, 0x63, 0x08, 0x63, 0x08, 0x63, 0x08, 0x63, 0x08, 0x63, 0x08,
  0x63, 0x08, 0x63, 0x08, 0x63, 0x08, 0x63, 0x08, 0x63, 0x08, 0x63, 0x08, 0x63, 0x08, 0x63, 0x08,
  0x63, 0x08, 0x63, 0x08, 0x63, 0x08, 0x63, 0x08, 0x63, 0x08, 0x63, 0x08, 0x63, 0x08, 0x63, 0x08,
  0x63, 0x08, 0x63, 0x08, 0x63, 0x08, 0x63, 0x08, 0x63, 0x08, 0x63, 0x08, 0x63, 0x08, 0x63, 0x08,
  0x63, 0x08, 0x63, 0x08, 0x63, 0x08, 0x63, 0x08, 0x63, 0x08, 0x63, 0x08, 0x63, 0x08, 0x63, 0x08,
  0x63, 0x08, 0x63, 0x08, 0x63, 0x08, 0x63, 0x08, 0x63, 0x08, 0x63, 0x08, 0x63, 0x08, 0x63, 0x08,
  0x63, 0x08, 0x63, 0x08, 0x63, 0x08, 0x63, 0x08, 0x63, 0x08, 0x63, 0x08, 0x63, 0x08, 0x63, 0x08,
  0x63, 0x08, 0x63, 0x08, 0x63, 0x08, 0x63, 0x08, 0x63, 0x08, 0x63, 0x08, 0x63, 0x08, 0x63, 0x08,
  0x63, 0x08, 0x63, 0x08, 0x63, 0x08, 0x63, 0x08, 0x63, 0x08, 0x63, 0x08, 0x63, 0x08, 0x63, 0x08,
  0x63, 0x08, 0x63, 0x08, 0x63, 0x08, 0x63, 0x08, 0x63, 0x08, 0x63, 0x08, 0x63, 0x08, 0x63, 0x08,
  0x63, 0x08, 0x63, 0x08, 0x63, 0x08, 0x63, 0x08, 0x63, 0x08, 0x63, 0x08, 0x63, 0x08, 0x63, 0x08,
  0x63, 0x08, 0x63, 0x08, 0x63, 0x08, 0x63, 0x08, 0x63, 0x08, 0x63, 0x08, 0x63, 0x08, 0x63, 0x08,
  0x63, 0x08, 0x63, 0x08, 0x63, 0x08, 0x63, 0x08, 0x63, 0x08, 0x63, 0x08, 0x63, 0x08, 0x63, 0x08,
  0x63, 0x08, 0x63, 0x08, 0x63, 0x08, 0x63, 0x08, 0x63, 0x08, 0x63, 0x08, 0x63, 0x08, 0x63, 0x08,
  0x63, 0x08, 0x63, 0x08, 0x63, 0x08, 0x63, 0x08, 0x63, 0x08, 0x63, 0x08, 0x63, 0x08, 0x63, 0x08,
  0x63, 0x08, 0x63, 0x08, 0x63, 0x08, 0x63, 0x08, 0x83, 0x08, 0x43, 0x00, 0xA3, 0x10, 0x87, 0x82,
  0x0B, 0xDC, 0x0B, 0xDC, 0xCB, 0xD3, 0xEB, 0xD3, 0xEB, 0xD3, 0xEB, 0xD3, 0xEB, 0xD3, 0xEC, 0xD3,
  0xEC, 0xD3, 0xEC, 0xD3, 0xEC, 0xD3, 0xEC, 0xD3, 0xED, 0xD3, 0xED, 0xD3, 0xED, 0xD3, 0xED, 0xD3,
  0xED, 0xD3, 0xED, 0xD3, 0xEE, 0xD3, 0xEE, 0xD3, 0xEE, 0xD3, 0xEE, 0xD3, 0xEE, 0xD3, 0xEE, 0xD3,
  0xEF, 0xD3, 0xEF, 0xD3, 0xEF, 0xCB, 0xEF, 0xCB, 0xEF, 0xCB, 0xF0, 0xCB, 0xF0, 0xCB, 0x31, 0xD4,
  0x6B, 0x72, 0x22, 0x00, 0x83, 0x08, 0x63, 0x08, 0x63, 0x08, 0x63, 0x08, 0x63, 0x08, 0x63, 0x08,
  0x63, 0x08, 0x63, 0x08, 0x63, 0x08, 0x63, 0x08, 0x63, 0x08, 0x63, 0x08, 0x63, 0x08, 0x63, 0x08,
  0x63, 0x08, 0x63, 0x08, 0x63, 0x08, 0x63, 0x08, 0x63, 0x08, 0x63, 0x08, 0x63, 0x08, 0x63, 0x08,
  0x63, 0x08, 0x63, 0x08, 0x63, 0x08, 0x63, 0x08, 0x63, 0x08, 0x63, 0x08, 0x63, 0x08, 0x63, 0x08,
  0x63, 0x08, 0x83, 0x08, 0x42, 0x00, 0x53, 0x7B, 0x7A, 0xAC, 0x59, 0xA4, 0x68, 0x31, 0x42, 0x00,
  0x83, 0x08, 0x63, 0x08, 0x63, 0x08, 0x63, 0x08, 0x63, 0x08, 0x63, 0x08, 0x63, 0x08, 0x63, 0x08,
  0x63, 0x08, 0x63, 0x08, 0x63, 0x08, 0x63, 0x08, 0x63, 0x08, 0x63, 0x08, 0x63, 0x08, 0x63, 0x08,
  0x63, 0x08, 0x63, 0x08, 0x63, 0x08, 0x63, 0x08, 0x63, 0x08, 0x63, 0x08, 0x63, 0x08, 0x63, 0x08,
  0x63, 0x08, 0x63, 0x08, 0x63, 0x08, 0x63, 0x08, 0x63, 0x08, 0x63, 0x08, 0x63, 0x08, 0x63, 0x08,
  0x63, 0x08, 0x63, 0x08, 0x63, 0x08, 0x63, 0x08, 0x63, 0x08, 0x63, 0x08, 0x63, 0x08, 0x63, 0x08,
  0x63, 0x08, 0x63, 0x08, 0x63, 0x08, 0x63, 0x08, 0x63, 0x08, 0x63, 0x08, 0x63, 0x08, 0x63, 0x08,
  0x63, 0x08, 0x63, 0x08, 0x63, 0x08, 0x63, 0x08, 0x63, 0x08, 0x63, 0x08, 0x63, 0x08, 0x63, 0x08,
  0x63, 0x08, 0x63, 0x08, 0x63, 0x08, 0x63, 0x08, 0x63, 0x08, 0x63, 0x08, 0x63, 0x08, 0x63, 0x08,
  0x63, 0x08, 0x63, 0x08, 0x63, 0x08, 0x63, 0x08, 0x63, 0x08, 0x63, 0x08, 0x63, 0x08, 0x63, 0x08,
  0x63, 0x08, 0x63, 0x08, 0x63, 0x08, 0x63, 0x08, 0x63, 0x08, 0x63, 0x08, 0x63, 0x08, 0x63, 0x08,
  0x63, 0x08, 0x63, 0x08, 0x63, 0x08, 0x63, 0x08, 0x63, 0x08, 0x63, 0x08, 0x63, 0x08, 0x63, 0x08,
  0x63, 0x08, 0x63, 0x08, 0x63, 0x08, 0x63, 0x08, 0x63, 0x08, 0x63, 0x08, 0x63, 0x08, 0x63, 0x08,
  0x63, 0x08, 0x63, 0x08, 0x63, 0x08, 0x63, 0x08, 0x63, 0x08, 0x63, 0x08, 0x63, 0x08, 0x63, 0x08,
  0x63, 0x08, 0x63, 0x08, 0x63, 0x08, 0x63, 0x08, 0x63, 0x08, 0x63, 0x08, 0x63, 0x08, 0x63, 0x08,
  0x63, 0x08, 0x63, 0x08, 0x63, 0x08, 0x63, 0x08, 0x63, 0x08, 0x63, 0x08, 0x63, 0x08, 0x63, 0x08,
  0x63, 0x08, 0x63, 0x08, 0x63, 0x08, 0x63, 0x08, 0x63, 0x08, 0x63, 0x08, 0x63, 0x08, 0x63, 0x08,
  0x63, 0x08, 0x63, 0x08, 0x63, 0x08, 0x63, 0x08, 0x63, 0x08, 0x63, 0x08, 0x63, 0x08, 0x63, 0x08,
  0x63, 0x08, 0x63, 0x08, 0x63, 0x08, 0x63, 0x08, 0x63, 0x08, 0x63, 0x08, 0x63, 0x08, 0x63, 0x08,
  0x63, 0x08, 0x63, 0x08, 0x63, 0x08, 0x63, 0x08, 0x63, 0x08, 0x63, 0x08, 0x63, 0x08, 0x63, 0x08,
  0x63, 0x08, 0x63, 0x08, 0x63, 0x08, 0x63, 0x08, 0x63, 0x08, 0x63, 0x08, 0x63, 0x08, 0x63, 0x08,
  0x63, 0x08, 0x63, 0x08, 0x83, 0x08, 0x63, 0x08, 0x43, 0x00, 0x65, 0x41, 0x89, 0xBB, 0x2B, 0xE4,
  0xEA, 0xD3, 0xEA, 0xD3, 0xEB, 0xD3, 0xEB, 0xD3, 0xEB, 0xD3, 0xEB, 0xD3, 0xEB, 0xD3, 0xEC, 0xD3,
  0xEC, 0xD3, 0xEC, 0xD3, 0xEC, 0xD3, 0xEC, 0xD3, 0xED, 0xD3, 0xED, 0xD3, 0xED, 0xD3, 0xED, 0xD3,
  0xED, 0xD3, 0xED, 0xD3, 0xEE, 0xD3, 0xEE, 0xD3, 0xEE, 0xD3, 0xEE, 0xD3, 0xEE, 0xD3, 0xEE, 0xD3,
  0xEF, 0xD3, 0xEF, 0xD3, 0xEF, 0xCB, 0xEF, 0xCB, 0xEF, 0xCB, 0xF0, 0xCB, 0xF0, 0xCB, 0x10, 0xCC,
  0x26, 0x31, 0x43, 0x00, 0x83, 0x08, 0x63, 0x08, 0x63, 0x08, 0x63, 0x08, 0x63, 0x08, 0x63, 0x08,
  0x63, 0x08, 0x63, 0x08, 0x63, 0x08, 0x63, 0x08, 0x63, 0x08, 0x63, 0x08, 0x63, 0x08, 0x63, 0x08,
  0x63, 0x08, 0x63, 0x08, 0x63, 0x08, 0x63, 0x08, 0x63, 0x08, 0x63, 0x08, 0x63, 0x08, 0x63, 0x08,
  0x63, 0x08, 0x63, 0x08, 0x63, 0x08, 0x63, 0x08, 0x63, 0x08, 0x63, 0x08, 0x63, 0x08, 0x63, 0x08,
  0x83, 0x08, 0x42, 0x00, 0x27, 0x29, 0x38, 0xA4, 0x9A, 0xAC, 0x2D, 0x52, 0x21, 0x00, 0x83, 0x08,
  0x63, 0x08, 0x63, 0x08, 0x63, 0x08, 0x63, 0x08, 0x63, 0x08, 0x63, 0x08, 0x63, 0x08, 0x63, 0x08,
  0x63, 0x08, 0x63, 0x08, 0x63, 0x08, 0x63, 0x08, 0x63, 0x08, 0x63, 0x08, 0x63, 0x08, 0x63, 0x08,
  0x63, 0x08, 0x63, 0x08, 0x63, 0x08, 0x63, 0x08, 0x63, 0x08, 0x63, 0x08, 0x63, 0x08, 0x63, 0x08,
  0x63, 0x08, 0x63, 0x08, 0x63, 0x08, 0x63, 0x08, 0x63, 0x08, 0x63, 0x08, 0x63, 0x08, 0x63, 0x08,
  0x63, 0x08, 0x63, 0x08, 0x63, 0x08, 0x63, 0x08, 0x63, 0x08, 0x63, 0x08, 0x63, 0x08, 0x63, 0x08,
  0x63, 0x08, 0x63, 0x08, 0x63, 0x08, 0x63, 0x08, 0x63, 0x08, 0x63, 0x08, 0x63, 0x08, 0x63, 0x08,
  0x63, 0x08, 0x63, 0x08, 0x63, 0x08, 0x63, 0x08, 0x63, 0x08, 0x63, 0x08, 0x63, 0x08, 0x63, 0x08,
  0x63, 0x08, 0x63, 0x08, 0x63, 0x08, 0x63, 0x08, 0x63, 0x08, 0x63, 0x08, 0x63, 0x08, 0x63, 0x08,
  0x63, 0x08, 0x63, 0x08, 0x63, 0x08, 0x63, 0x08, 0x63, 0x08, 0x63, 0x08, 0x63, 0x08, 0x63, 0x08,
  0x63, 0x08, 0x63, 0x08, 0x63, 0x08, 0x63, 0x08, 0x63, 0x08, 0x63, 0x08, 0x63, 0x08, 0x63, 0x08,
  0x63, 0x08, 0x63, 0x08, 0x63, 0x08, 0x63, 0x08, 0x63, 0x08, 0x63, 0x08, 0x63, 0x08, 0x63, 0x08,
  0x63, 0x08, 0x63, 0x08, 0x63, 0x08, 0x63, 0x08, 0x63, 0x08, 0x63, 0x08, 0x63, 0x08, 0x63, 0x08,
  0x63, 0x08, 0x63, 0x08, 0x63, 0x08, 0x63, 0x08, 0x63, 0x08, 0x63, 0x08, 0x63, 0x08, 0x63, 0x08,
  0x63, 0x08, 0x63, 0x08, 0x63, 0x08, 0x63, 0x08, 0x63, 0x08, 0x63, 0x08, 0x63, 0x08, 0x63, 0x08,
  0x63, 0x08, 0x63, 0x08, 0x63, 0x08, 0x63, 0x08, 0x63, 0x08, 0x63, 0x08, 0x63, 0x08, 0x63, 0x08,
  0x63, 0x08, 0x63, 0x08, 0x63, 0x08, 0x63, 0x08, 0x63, 0x08, 0x63, 0x08, 0x63, 0x08, 0x63, 0x08,
  0x63, 0x08, 0x63, 0x08, 0x63, 0x08, 0x63, 0x08, 0x63, 0x08, 0x63, 0x08, 0x63, 0x08, 0x63, 0x08,
  0x63, 0x08, 0x63, 0x08, 0x63, 0x08, 0x63, 0x08, 0x63, 0x08, 0x63, 0x08, 0x63, 0x08, 0x63, 0x08,
  0x63, 0x08, 0x63, 0x08, 0x63, 0x08, 0x63, 0x08, 0x63, 0x08, 0x63, 0x08, 0x63, 0x08, 0x63, 0x08,
  0x63, 0x08, 0x63, 0x08, 0x63, 0x08, 0x63, 0x08, 0x63, 0x08, 0x63, 0x08, 0x63, 0x08, 0x63, 0x08,
  0x63, 0x08, 0x83, 0x08, 0x43, 0x00, 0x83, 0x08, 0x67, 0x82, 0x0A, 0xDC, 0xEA, 0xDB, 0xCA, 0xD3,
  0xEA, 0xD3, 0xEB, 0xD3, 0xEB, 0xD3, 0xEB, 0xD3, 0xEB, 0xD3, 0xEB, 0xD3, 0xEB, 0xD3, 0xEC, 0xD3,
  0xEC, 0xD3, 0xEC, 0xD3, 0xEC, 0xD3, 0xEC, 0xD3, 0xED, 0xD3, 0xED, 0xD3, 0xED, 0xD3, 0xED, 0xD3,
  0xED, 0xD3, 0xED, 0xD3, 0xEE, 0xD3, 0xEE, 0xD3, 0xEE, 0xD3, 0xEE, 0xD3, 0xEE, 0xD3, 0xEE, 0xD3,
  0xEF, 0xD3, 0xEF, 0xD3, 0xEF, 0xCB, 0xEF, 0xCB, 0xEF, 0xCB, 0xF0, 0xCB, 0x11, 0xD4, 0x2D, 0x9B,
  0x63, 0x00, 0x83, 0x08, 0x63, 0x08, 0x63, 0x08, 0x63, 0x08, 0x63, 0x08, 0x63, 0x08, 0x63, 0x08,
  0x63, 0x08, 0x63, 0x08, 0x63, 0x08, 0x63, 0x08, 0x63, 0x08, 0x63, 0x08, 0x63, 0x08, 0x63, 0x08,
  0x63, 0x08, 0x63, 0x08, 0x63, 0x08, 0x63, 0x08, 0x63, 0x08, 0x63, 0x08, 0x63, 0x08, 0x63, 0x08,
  0x63, 0x08, 0x63, 0x08, 0x63, 0x08, 0x63, 0x08, 0x63, 0x08, 0x63, 0x08, 0x63, 0x08, 0x63, 0x08,
  0x83, 0x08, 0x42, 0x00, 0x27, 0x29, 0x79, 0xAC, 0x12, 0x73, 0x42, 0x00, 0x83, 0x08, 0x63, 0x08,
  0x63, 0x08, 0x63, 0x08, 0x63, 0x08, 0x63, 0x08, 0x63, 0x08, 0x63, 0x08, 0x63, 0x08, 0x63, 0x08,
  0x63, 0x08, 0x63, 0x08, 0x63, 0x08, 0x63, 0x08, 0x63, 0x08, 0x63, 0x08, 0x63, 0x08, 0x63, 0x08,
  0x63, 0x08, 0x63, 0x08, 0x63, 0x08, 0x63, 0x08, 0x63, 0x08, 0x63, 0x08, 0x63, 0x08, 0x63, 0x08,
  0x63, 0x08, 0x63, 0x08, 0x63, 0x08, 0x63, 0x08, 0x63, 0x08, 0x63, 0x08, 0x63, 0x08, 0x63, 0x08,
  0x63, 0x08, 0x63, 0x08, 0x63, 0x08, 0x63, 0x08, 0x63, 0x08, 0x63, 0x08, 0x63, 0x08, 0x63, 0x08,
  0x63, 0x08, 0x63, 0x08, 0x63, 0x08, 0x63, 0x08, 0x63, 0x08, 0x63, 0x08, 0x63, 0x08, 0x63, 0x08,
  0x63, 0x08, 0x63, 0x08, 0x63, 0x08, 0x63, 0x08, 0x63, 0x08, 0x63, 0x08, 0x63, 0x08, 0x63, 0x08,
  0x63, 0x08, 0x63, 0x08, 0x63, 0x08, 0x63, 0x08, 0x63, 0x08, 0x63, 0x08, 0x63, 0x08, 0x63, 0x08,
  0x63, 0x08, 0x63, 0x08, 0x63, 0x08, 0x63, 0x08, 0x63, 0x08, 0x63, 0x08, 0x63, 0x08, 0x63, 0x08,
  0x63, 0x08, 0x63, 0x08, 0x63, 0x08, 0x63, 0x08, 0x63, 0x08, 0x63, 0x08, 0x63, 0x08, 0x63, 0x08,
  0x63, 0x08, 0x63, 0x08, 0x63, 0x08, 0x63, 0x08, 0x63, 0x08, 0x63, 0x08, 0x63, 0x08, 0x63, 0x08,
  0x63, 0x08, 0x63, 0x08, 0x63, 0x08, 0x63, 0x08, 0x63, 0x08, 0x63, 0x08, 0x63, 0x08, 0x63, 0x08,
  0x63, 0x08, 0x63, 0x08, 0x63, 0x08, 0x63, 0x08, 0x63, 0x08, 0x63, 0x08, 0x63, 0x08, 0x63, 0x08,
  0x63, 0x08, 0x63, 0x08, 0x63, 0x08, 0x63, 0x08, 0x63, 0x08, 0x63, 0x08, 0x63, 0x08, 0x63, 0x08,
  0x63, 0x08, 0x63, 0x08, 0x63, 0x08, 0x63, 0x08, 0x63, 0x08, 0x63, 0x08, 0x63, 0x08, 0x63, 0x08,
  0x63, 0x08, 0x63, 0x08, 0x63, 0x08, 0x63, 0x08, 0x63, 0x08, 0x63, 0x08, 0x63, 0x08, 0x63, 0x08,
  0x63, 0x08, 0x63, 0x08, 0x63, 0x08, 0x63, 0x08, 0x63, 0x08, 0x63, 0x08, 0x63, 0x08, 0x63, 0x08,
  0x63, 0x08, 0x63, 0x08, 0x63, 0x08, 0x63, 0x08, 0x63, 0x08, 0x63, 0x08, 0x63, 0x08, 0x63, 0x08,
  0x63, 0x08, 0x63, 0x08, 0x63, 0x08, 0x63, 0x08, 0x63, 0x08, 0x63, 0x08, 0x63, 0x08, 0x63, 0x08,
  0x63, 0x08, 0x63, 0x08, 0x63, 0x08, 0x63, 0x08, 0x63, 0x08, 0x63, 0x08, 0x63, 0x08, 0x83, 0x08,
  0x83, 0x08, 0x23, 0x00, 0x24, 0x31, 0x48, 0xB3, 0x2A, 0xE4, 0xCA, 0xD3, 0xCA, 0xD3, 0xEA, 0xD3,
  0xEA, 0xD3, 0xEB, 0xD3, 0xEB, 0xD3, 0xEB, 0xD3, 0xEB, 0xD3, 0xEB, 0xD3, 0xEB, 0xD3, 0xEC, 0xD3,
  0xEC, 0xD3, 0xEC, 0xD3, 0xEC, 0xD3, 0xEC, 0xD3, 0xED, 0xD3, 0xED, 0xD3, 0xED, 0xD3, 0xED, 0xD3,
  0xED, 0xD3, 0xED, 0xD3, 0xEE, 0xD3, 0xEE, 0xD3, 0xEE, 0xD3, 0xEE, 0xD3, 0xEE, 0xD3, 0xEE, 0xD3,
  0xEF, 0xD3, 0xEF, 0xD3, 0xEF, 0xCB, 0xEF, 0xCB, 0xEF, 0xCB, 0xF0, 0xCB, 0x31, 0xD4, 0xA8, 0x49,
  0x42, 0x00, 0x83, 0x08, 0x63, 0x08, 0x63, 0x08, 0x63, 0x08, 0x63, 0x08, 0x63, 0x08, 0x63, 0x08,
  0x63, 0x08, 0x63, 0x08, 0x63, 0x08, 0x63, 0x08, 0x63, 0x08, 0x63, 0x08, 0x63, 0x08, 0x63, 0x08,
  0x63, 0x08, 0x63, 0x08, 0x63, 0x08, 0x63, 0x08, 0x63, 0x08, 0x63, 0x08, 0x63, 0x08, 0x63, 0x08,
  0x63, 0x08, 0x63, 0x08, 0x63, 0x08, 0x63, 0x08, 0x63, 0x08, 0x63, 0x08, 0x63, 0x08, 0x63, 0x08,
  0x63, 0x08, 0x83, 0x08, 0x42, 0x00, 0x48, 0x31, 0xC5, 0x18, 0x62, 0x00, 0x83, 0x08, 0x63, 0x08,
  0x63, 0x08, 0x63, 0x08, 0x63, 0x08, 0x63, 0x08, 0x63, 0x08, 0x63, 0x08, 0x63, 0x08, 0x63, 0x08,
  0x63, 0x08, 0x63, 0x08, 0x63, 0x08, 0x63, 0x08, 0x63, 0x08, 0x63, 0x08, 0x63, 0x08, 0x63, 0x08,
  0x63, 0x08, 0x63, 0x08, 0x63, 0x08, 0x63, 0x08, 0x63, 0x08, 0x63, 0x08, 0x63, 0x08, 0x63, 0x08,
  0x63, 0x08, 0x63, 0x08, 0x63, 0x08, 0x63, 0x08, 0x63, 0x08, 0x63, 0x08, 0x63, 0x08, 0x63, 0x08,
  0x63, 0x08, 0x63, 0x08, 0x63, 0x08, 0x63, 0x08, 0x63, 0x08, 0x63, 0x08, 0x63, 0x08, 0x63, 0x08,
  0x63, 0x08, 0x63, 0x08, 0x63, 0x08, 0x63, 0x08, 0x63, 0x08, 0x63, 0x08, 0x63, 0x08, 0x63, 0x08,
  0x63, 0x08, 0x63, 0x08, 0x63, 0x08, 0x63, 0x08, 0x63, 0x08, 0x63, 0x08, 0x63, 0x08, 0x63, 0x08,
  0x63, 0x08, 0x63, 0x08, 0x63, 0x08, 0x63, 0x08, 0x63, 0x08, 0x63, 0x08, 0x63, 0x08, 0x63, 0x08,
  0x63, 0x08, 0x63, 0x08, 0x63, 0x08, 0x63, 0x08, 0x63, 0x08, 0x63, 0x08, 0x63, 0x08, 0x63, 0x08,
  0x63, 0x08, 0x63, 0x08, 0x63, 0x08, 0x63, 0x08, 0x63, 0x08, 0x63, 0x08, 0x63, 0x08, 0x63, 0x08,
  0x63, 0x08, 0x63, 0x08, 0x63, 0x08, 0x63, 0x08, 0x63, 0x08, 0x63, 0x08, 0x63, 0x08, 0x63, 0x08,
  0x63, 0x08, 0x63, 0x08, 0x63, 0x08, 0x63, 0x08, 0x63, 0x08, 0x63, 0x08, 0x63, 0x08, 0x63, 0x08,
  0x63, 0x08, 0x63, 0x08, 0x63, 0x08, 0x63, 0x08, 0x63, 0x08, 0x63, 0x08, 0x63, 0x08, 0x63, 0x08,
  0x63, 0x08, 0x63, 0x08, 0x63, 0x08, 0x63, 0x08, 0x63, 0x08, 0x63, 0x08, 0x63, 0x08, 0x63, 0x08,
  0x63, 0x08, 0x63, 0x08, 0x63, 0x08, 0x63, 0x08, 0x63, 0x08, 0x63, 0x08, 0x63, 0x08, 0x63, 0x08,
  0x63, 0x08, 0x63, 0x08, 0x63, 0x08, 0x63, 0x08, 0x63, 0x08, 0x63, 0x08, 0x63, 0x08, 0x63, 0x08,
  0x63, 0x08, 0x63, 0x08, 0x63, 0x08, 0x63, 0x08, 0x63, 0x08, 0x63, 0x08, 0x63, 0x08, 0x63, 0x08,
  0x63, 0x08, 0x63, 0x08, 0x63, 0x08, 0x63, 0x08, 0x63, 0x08, 0x63, 0x08, 0x63, 0x08, 0x63, 0x08,
  0x63, 0x08, 0x63, 0x08, 0x63, 0x08, 0x63, 0x08, 0x63, 0x08, 0x63, 0x08, 0x63, 0x08, 0x63, 0x08,
  0x63, 0x08, 0x63, 0x08, 0x63, 0x08, 0x63, 0x08, 0x63, 0x08, 0x63, 0x08, 0x83, 0x08, 0x63, 0x08,
  0x43, 0x00, 0xE6, 0x61, 0xE9, 0xD3, 0x0A, 0xDC, 0xCA, 0xD3, 0xEA, 0xD3, 0xEA, 0xD3, 0xEA, 0xD3,
  0xEA, 0xD3, 0xEB, 0xD3, 0xEB, 0xD3, 0xEB, 0xD3, 0xEB, 0xD3, 0xEB, 0xD3, 0xEB, 0xD3, 0xEC, 0xD3,
  0xEC, 0xD3, 0xEC, 0xD3, 0xEC, 0xD3, 0xEC, 0xD3, 0xED, 0xD3, 0xED, 0xD3, 0xED, 0xD3, 0xED, 0xD3,
  0xED, 0xD3, 0xED, 0xD3, 0xEE, 0xD3, 0xEE, 0xD3, 0xEE, 0xD3, 0xEE, 0xD3, 0xEE, 0xD3, 0xEE, 0xD3,
  0xEF, 0xD3, 0xEF, 0xD3, 0xEF, 0xCB, 0xEF, 0xCB, 0xEF, 0xCB, 0x10, 0xD4, 0x8E, 0xB3, 0x83, 0x10,
  0x63, 0x08, 0x63, 0x08, 0x63, 0x08, 0x63, 0x08, 0x63, 0x08, 0x63, 0x08, 0x63, 0x08, 0x63, 0x08,
  0x63, 0x08, 0x63, 0x08, 0x63, 0x08, 0x63, 0x08, 0x63, 0x08, 0x63, 0x08, 0x63, 0x08, 0x63, 0x08,
  0x63, 0x08, 0x63, 0x08, 0x63, 0x08, 0x63, 0x08, 0x63, 0x08, 0x63, 0x08, 0x63, 0x08, 0x63, 0x08,
  0x63, 0x08, 0x63, 0x08, 0x63, 0x08, 0x63, 0x08, 0x63, 0x08, 0x63, 0x08, 0x63, 0x08, 0x63, 0x08,
  0x63, 0x08, 0x63, 0x08, 0x83, 0x08, 0x42, 0x00, 0x63, 0x08, 0x83, 0x08, 0x63, 0x08, 0x63, 0x08,
  0x63, 0x08, 0x63, 0x08, 0x63, 0x08, 0x63, 0x08, 0x63, 0x08, 0x63, 0x08, 0x63, 0x08, 0x63, 0x08,
  0x63, 0x08, 0x63, 0x08, 0x63, 0x08, 0x63, 0x08, 0x63, 0x08, 0x63, 0x08, 0x63, 0x08, 0x63, 0x08,
  0x63, 0x08, 0x63, 0x08, 0x63, 0x08, 0x63, 0x08, 0x63, 0x08, 0x63, 0x08, 0x63, 0x08, 0x63, 0x08,
  0x63, 0x08, 0x63, 0x08, 0x63, 0x08, 0x63, 0x08, 0x63, 0x08, 0x63, 0x08, 0x63, 0x08, 0x63, 0x08,
  0x63, 0x08, 0x63, 0x08, 0x63, 0x08, 0x63, 0x08, 0x63, 0x08, 0x63, 0x08, 0x63, 0x08, 0x63, 0x08,
  0x63, 0x08, 0x63, 0x08, 0x63, 0x08, 0x63, 0x08, 0x63, 0x08, 0x63, 0x08, 0x63, 0x08, 0x63, 0x08,
  0x63, 0x08, 0x63, 0x08, 0x63, 0x08, 0x63, 0x08, 0x63, 0x08, 0x63, 0x08, 0x63, 0x08, 0x63, 0x08,
  0x63, 0x08, 0x63, 0x08, 0x63, 0x08, 0x63, 0x08, 0x63, 0x08, 0x63, 0x08, 0x63, 0x08, 0x63, 0x08,
  0x63, 0x08, 0x63, 0x08, 0x63, 0x08, 0x63, 0x08, 0x63, 0x08, 0x63, 0x08, 0x63, 0x08, 0x63, 0x08,
  0x63, 0x08, 0x63, 0x08, 0x63, 0x08, 0x63, 0x08, 0x63, 0x08, 0x63, 0x08, 0x63, 0x08, 0x63, 0x08,
  0x63, 0x08, 0x63, 0x08, 0x63, 0x08, 0x63, 0x08, 0x63, 0x08, 0x63, 0x08, 0x63, 0x08, 0x63, 0x08,
  0x63, 0x08, 0x63, 0x08, 0x63, 0x08, 0x63, 0x08, 0x63, 0x08, 0x63, 0x08, 0x63, 0x08, 0x63, 0x08,
  0x63, 0x08, 0x63, 0x08, 0x63, 0x08, 0x63, 0x08, 0x63, 0x08, 0x63, 0x08, 0x63, 0x08, 0x63, 0x08,
  0x63, 0x08, 0x63, 0x08, 0x63, 0x08, 0x63, 0x08, 0x63, 0x08, 0x63, 0x08, 0x63, 0x08, 0x63, 0x08,
  0x63, 0x08, 0x63, 0x08, 0x63, 0x08, 0x63, 0x08, 0x63, 0x08, 0x63, 0x08, 0x63, 0x08, 0x63, 0x08,
  0x63, 0x08, 0x63, 0x08, 0x63, 0x08, 0x63, 0x08, 0x63, 0x08, 0x63, 0x08, 0x63, 0x08, 0x63, 0x08,
  0x63, 0x08, 0x63, 0x08, 0x63, 0x08, 0x63, 0x08, 0x63, 0x08, 0x63, 0x08, 0x63, 0x08, 0x63, 0x08,
  0x63, 0x08, 0x63, 0x08, 0x63, 0x08, 0x63, 0x08, 0x63, 0x08, 0x63, 0x08, 0x63, 0x08, 0x63, 0x08,
  0x63, 0x08, 0x63, 0x08, 0x63, 0x08, 0x63, 0x08, 0x63, 0x08, 0x63, 0x08, 0x63, 0x08, 0x63, 0x08,
  0x63, 0x08, 0x63, 0x08, 0x63, 0x08, 0x63, 0x08, 0x63, 0x08, 0x83, 0x08, 0x43, 0x00, 0x83, 0x10,
  0xC7, 0x92, 0x2A, 0xE4, 0xE9, 0xD3, 0xC9, 0xD3, 0xEA, 0xD3, 0xEA, 0xD3, 0xEA, 0xD3, 0xEA, 0xD3,
  0xEA, 0xD3, 0xEB, 0xD3, 0xEB, 0xD3, 0xEB, 0xD3, 0xEB, 0xD3, 0xEB, 0xD3, 0xEB, 0xD3, 0xEC, 0xD3,
  0xEC, 0xD3, 0xEC, 0xD3, 0xEC, 0xD3, 0xEC, 0xD3, 0xED, 0xD3, 0xED, 0xD3, 0xED, 0xD3, 0xED, 0xD3,
  0xED, 0xD3, 0xED, 0xD3, 0xEE, 0xD3, 0xEE, 0xD3, 0xEE, 0xD3, 0xEE, 0xD3, 0xEE, 0xD3, 0xEE, 0xD3,
  0xEF, 0xD3, 0xEF, 0xD3, 0xEF, 0xCB, 0xEF, 0xCB, 0xEF, 0xCB, 0x31, 0xDC, 0x29, 0x6A, 0x22, 0x00,
  0x83, 0x08, 0x63, 0x08, 0x63, 0x08, 0x63, 0x08, 0x63, 0x08, 0x63, 0x08, 0x63, 0x08, 0x63, 0x08,
  0x63, 0x08, 0x63, 0x08, 0x63, 0x08, 0x63, 0x08, 0x63, 0x08, 0x63, 0x08, 0x63, 0x08, 0x63, 0x08,
  0x63, 0x08, 0x63, 0x08, 0x63, 0x08, 0x63, 0x08, 0x63, 0x08, 0x63, 0x08, 0x63, 0x08, 0x63, 0x08,
  0x63, 0x08, 0x63, 0x08, 0x63, 0x08, 0x63, 0x08, 0x63, 0x08, 0x63, 0x08, 0x63, 0x08, 0x63, 0x08,
  0x63, 0x08, 0x63, 0x08, 0x63, 0x08, 0x83, 0x08, 0x83, 0x08, 0x63, 0x08, 0x63, 0x08, 0x63, 0x08,
  0x63, 0x08, 0x63, 0x08, 0x63, 0x08, 0x63, 0x08, 0x63, 0x08, 0x63, 0x08, 0x63, 0x08, 0x63, 0x08,
  0x63, 0x08, 0x63, 0x08, 0x63, 0x08, 0x63, 0x08, 0x63, 0x08, 0x63, 0x08, 0x63, 0x08, 0x63, 0x08,
  0x63, 0x08, 0x63, 0x08, 0x63, 0x08, 0x63, 0x08, 0x63, 0x08, 0x63, 0x08, 0x63, 0x08, 0x63, 0x08,
  0x63, 0x08, 0x63, 0x08, 0x63, 0x08, 0x63, 0x08, 0x63, 0x08, 0x63, 0x08, 0x63, 0x08, 0x63, 0x08,
  0x63, 0x08, 0x63, 0x08, 0x63, 0x08, 0x63, 0x08, 0x63, 0x08, 0x63, 0x08, 0x63, 0x08, 0x63, 0x08,
  0x63, 0x08, 0x63, 0x08, 0x63, 0x08, 0x63, 0x08, 0x63, 0x08, 0x63, 0x08, 0x63, 0x08, 0x63, 0x08,
  0x63, 0x08, 0x63, 0x08, 0x63, 0x08, 0x63, 0x08, 0x63, 0x08, 0x63, 0x08, 0x63, 0x08, 0x63, 0x08,
  0x63, 0x08, 0x63, 0x08, 0x63, 0x08, 0x63, 0x08, 0x63, 0x08, 0x63, 0x08, 0x63, 0x08, 0x63, 0x08,
  0x63, 0x08, 0x63, 0x08, 0x63, 0x08, 0x63, 0x08, 0x63, 0x08, 0x63, 0x08, 0x63, 0x08, 0x63, 0x08,
  0x63, 0x08, 0x63, 0x08, 0x63, 0x08, 0x63, 0x08, 0x63, 0x08, 0x63, 0x08, 0x63, 0x08, 0x63, 0x08,
  0x63, 0x08, 0x63, 0x08, 0x63, 0x08, 0x63, 0x08, 0x63, 0x08, 0x63, 0x08, 0x63, 0x08, 0x63, 0x08,
  0x63, 0x08, 0x63, 0x08, 0x63, 0x08, 0x63, 0x08, 0x63, 0x08, 0x63, 0x08, 0x63, 0x08, 0x63, 0x08,
  0x63, 0x08, 0x63, 0x08, 0x63, 0x08, 0x63, 0x08, 0x63, 0x08, 0x63, 0x08, 0x63, 0x08, 0x63, 0x08,
  0x63, 0x08, 0x63, 0x08, 0x63, 0x08, 0x63, 0x08, 0x63, 0x08, 0x63, 0x08, 0x63, 0x08, 0x63, 0x08,
  0x63, 0x08, 0x63, 0x08, 0x63, 0x08, 0x63, 0x08, 0x63, 0x08, 0x63, 0x08, 0x63, 0x08, 0x63, 0x08,
  0x63, 0x08, 0x63, 0x08, 0x63, 0x08, 0x63, 0x08, 0x63, 0x08, 0x63, 0x08, 0x63, 0x08, 0x63, 0x08,
  0x63, 0x08, 0x63, 0x08, 0x63, 0x08, 0x63, 0x08, 0x63, 0x08, 0x63, 0x08, 0x63, 0x08, 0x63, 0x08,
  0x63, 0x08, 0x63, 0x08, 0x63, 0x08, 0x63, 0x08, 0x63, 0x08, 0x63, 0x08, 0x63, 0x08, 0x63, 0x08,
  0x63, 0x08, 0x63, 0x08, 0x63, 0x08, 0x63, 0x08, 0x63, 0x08, 0x63, 0x08, 0x63, 0x08, 0x63, 0x08,
  0x63, 0x08, 0x63, 0x08, 0x63, 0x08, 0x63, 0x08, 0x83, 0x08, 0x43, 0x00, 0x04, 0x31, 0x68, 0xBB,
  0x09, 0xE4, 0xC9, 0xD3, 0xE9, 0xD3, 0xE9, 0xD3, 0xEA, 0xD3, 0xEA, 0xD3, 0xEA, 0xD3, 0xEA, 0xD3,
  0xEA, 0xD3, 0xEB, 0xD3, 0xEB, 0xD3, 0xEB, 0xD3, 0xEB, 0xD3, 0xEB, 0xD3, 0xEB, 0xD3, 0xEC, 0xD3,
  0xEC, 0xD3, 0xEC, 0xD3, 0xEC, 0xD3, 0xEC, 0xD3, 0xED, 0xD3, 0xED, 0xD3, 0xED, 0xD3, 0xED, 0xD3,
  0xED, 0xD3, 0xED, 0xD3, 0xEE, 0xD3, 0xEE, 0xD3, 0xEE, 0xD3, 0xEE, 0xD3, 0xEE, 0xD3, 0xEE, 0xD3,
  0xEF, 0xD3, 0xEF, 0xD3, 0xEF, 0xCB, 0xEF, 0xCB, 0xF0, 0xCB, 0xCF, 0xC3, 0xC4, 0x18, 0x63, 0x00,
  0x83, 0x08, 0x63, 0x08, 0x63, 0x08, 0x63, 0x08, 0x63, 0x08, 0x63, 0x08, 0x63, 0x08, 0x63, 0x08,
  0x63, 0x08, 0x63, 0x08, 0x63, 0x08, 0x63, 0x08, 0x63, 0x08, 0x63, 0x08, 0x63, 0x08, 0x63, 0x08,
  0x63, 0x08, 0x63, 0x08, 0x63, 0x08, 0x63, 0x08, 0x63, 0x08, 0x63, 0x08, 0x63, 0x08, 0x63, 0x08,
  0x63, 0x08, 0x63, 0x08, 0x63, 0x08, 0x63, 0x08, 0x63, 0x08, 0x63, 0x08, 0x63, 0x08, 0x63, 0x08,
  0x63, 0x08, 0x63, 0x08, 0x63, 0x08, 0x63, 0x08, 0x63, 0x08, 0x63, 0x08, 0x63, 0x08, 0x63, 0x08,
  0x63, 0x08, 0x63, 0x08, 0x63, 0x08, 0x63, 0x08, 0x63, 0x08, 0x63, 0x08, 0x63, 0x08, 0x63, 0x08,
  0x63, 0x08, 0x63, 0x08, 0x63, 0x08, 0x63, 0x08, 0x63, 0x08, 0x63, 0x08, 0x63, 0x08, 0x63, 0x08,
  0x63, 0x08, 0x63, 0x08, 0x63, 0x08, 0x63, 0x08, 0x63, 0x08, 0x63, 0x08, 0x63, 0x08, 0x63, 0x08,
  0x63, 0x08, 0x63, 0x08, 0x63, 0x08, 0x63, 0x08, 0x63, 0x08, 0x63, 0x08, 0x63, 0x08, 0x63, 0x08,
  0x63, 0x08, 0x63, 0x08, 0x63, 0x08, 0x63, 0x08, 0x63, 0x08, 0x63, 0x08, 0x63, 0x08, 0x63, 0x08,
  0x63, 0x08, 0x63, 0x08, 0x63, 0x08, 0x63, 0x08, 0x63, 0x08, 0x63, 0x08, 0x63, 0x08, 0x63, 0x08,
  0x63, 0x08, 0x63, 0x08, 0x63, 0x08, 0x63, 0x08, 0x63, 0x08, 0x63, 0x08, 0x63, 0x08, 0x63, 0x08,
  0x63, 0x08, 0x63, 0x08, 0x63, 0x08, 0x63, 0x08, 0x63, 0x08, 0x63, 0x08, 0x63, 0x08, 0x63, 0x08,
  0x63, 0x08, 0x63, 0x08, 0x63, 0x08, 0x63, 0x08, 0x63, 0x08, 0x63, 0x08, 0x63, 0x08, 0x63, 0x08,
  0x63, 0x08, 0x63, 0x08, 0x63, 0x08, 0x63, 0x08, 0x63, 0x08, 0x63, 0x08, 0x63, 0x08, 0x63, 0x08,
  0x63, 0x08, 0x63, 0x08, 0x63, 0x08, 0x63, 0x08, 0x63, 0x08, 0x63, 0x08, 0x63, 0x08, 0x63, 0x08,
  0x63, 0x08, 0x63, 0x08, 0x63, 0x08, 0x63, 0x08, 0x63, 0x08, 0x63, 0x08, 0x63, 0x08, 0x63, 0x08,
  0x63, 0x08, 0x63, 0x08, 0x63, 0x08, 0x63, 0x08, 0x63, 0x08, 0x63, 0x08, 0x63, 0x08, 0x63, 0x08,
  0x63, 0x08, 0x63, 0x08, 0x63, 0x08, 0x63, 0x08, 0x63, 0x08, 0x63, 0x08, 0x63, 0x08, 0x63, 0x08,
  0x63, 0x08, 0x63, 0x08, 0x63, 0x08, 0x63, 0x08, 0x63, 0x08, 0x63, 0x08, 0x63, 0x08, 0x63, 0x08,
  0x63, 0x08, 0x63, 0x08, 0x63, 0x08, 0x63, 0x08, 0x63, 0x08, 0x63, 0x08, 0x63, 0x08, 0x63, 0x08,
  0x63, 0x08, 0x63, 0x08, 0x63, 0x08, 0x63, 0x08, 0x63, 0x08, 0x63, 0x08, 0x63, 0x08, 0x63, 0x08,
  0x63, 0x08, 0x63, 0x08, 0x63, 0x08, 0x63, 0x08, 0x63, 0x08, 0x63, 0x08, 0x63, 0x08, 0x63, 0x08,
  0x63, 0x08, 0x63, 0x08, 0x63, 0x08, 0x63, 0x08, 0x63, 0x08, 0x63, 0x08, 0x63, 0x08, 0x63, 0x08,
  0x63, 0x08, 0x63, 0x08, 0x83, 0x08, 0x83, 0x08, 0x23, 0x00, 0xA5, 0x51, 0xC9, 0xD3, 0x09, 0xDC,
  0xC9, 0xD3, 0xE9, 0xD3, 0xE9, 0xD3, 0xE9, 0xD3, 0xEA, 0xD3, 0xEA, 0xD3, 0xEA, 0xD3, 0xEA, 0xD3,
  0xEA, 0xD3, 0xEB, 0xD3, 0xEB, 0xD3, 0xEB, 0xD3, 0xEB, 0xD3, 0xEB, 0xD3, 0xEB, 0xD3, 0xEC, 0xD3,
  0xEC, 0xD3, 0xEC, 0xD3, 0xEC, 0xD3, 0xEC, 0xD3, 0xED, 0xD3, 0xED, 0xD3, 0xED, 0xD3, 0xED, 0xD3,
  0xED, 0xD3, 0xED, 0xD3, 0xEE, 0xD3, 0xEE, 0xD3, 0xEE, 0xD3, 0xEE, 0xD3, 0xEE, 0xD3, 0xEE, 0xD3,
  0xEF, 0xD3, 0xEF, 0xD3, 0xEF, 0xCB, 0xEF, 0xCB, 0x30, 0xDC, 0x6A, 0x7A, 0x42, 0x00, 0x83, 0x08,
  0x63, 0x08, 0x63, 0x08, 0x63, 0x08, 0x63, 0x08, 0x63, 0x08, 0x63, 0x08, 0x63, 0x08, 0x63, 0x08,
  0x63, 0x08, 0x63, 0x08, 0x63, 0x08, 0x63, 0x08, 0x63, 0x08, 0x63, 0x08, 0x63, 0x08, 0x63, 0x08,
  0x63, 0x08, 0x63, 0x08, 0x63, 0x08, 0x63, 0x08, 0x63, 0x08, 0x63, 0x08, 0x63, 0x08, 0x63, 0x08,
  0x63, 0x08, 0x63, 0x08, 0x63, 0x08, 0x63, 0x08, 0x63, 0x08, 0x63, 0x08, 0x63, 0x08, 0x63, 0x08,
  0x63, 0x08, 0x63, 0x08, 0x63, 0x08, 0x63, 0x08, 0x63, 0x08, 0x63, 0x08, 0x63, 0x08, 0x63, 0x08,
  0x63, 0x08, 0x63, 0x08, 0x63, 0x08, 0x63, 0x08, 0x63, 0x08, 0x63, 0x08, 0x63, 0x08, 0x63, 0x08,
  0x63, 0x08, 0x63, 0x08, 0x63, 0x08, 0x63, 0x08, 0x63, 0x08, 0x63, 0x08, 0x63, 0x08, 0x63, 0x08,
  0x63, 0x08, 0x63, 0x08, 0x63, 0x08, 0x63, 0x08, 0x63, 0x08, 0x63, 0x08, 0x63, 0x08, 0x63, 0x08,
  0x63, 0x08, 0x63, 0x08, 0x63, 0x08, 0x63, 0x08, 0x63, 0x08, 0x63, 0x08, 0x63, 0x08, 0x63, 0x08,
  0x63, 0x08, 0x63, 0x08, 0x63, 0x08, 0x63, 0x08, 0x63, 0x08, 0x63, 0x08, 0x63, 0x08, 0x63, 0x08,
  0x63, 0x08, 0x63, 0x08, 0x63, 0x08, 0x63, 0x08, 0x63, 0x08, 0x63, 0x08, 0x63, 0x08, 0x63, 0x08,
  0x63, 0x08, 0x63, 0x08, 0x63, 0x08, 0x63, 0x08, 0x63, 0x08, 0x63, 0x08, 0x63, 0x08, 0x63, 0x08,
  0x63, 0x08, 0x63, 0x08, 0x63, 0x08, 0x63, 0x08, 0x63, 0x08, 0x63, 0x08, 0x63, 0x08, 0x63, 0x08,
  0x63, 0x08, 0x63, 0x08, 0x63, 0x08, 0x63, 0x08, 0x63, 0x08, 0x63, 0x08, 0x63, 0x08, 0x63, 0x08,
  0x63, 0x08, 0x63, 0x08, 0x63, 0x08, 0x63, 0x08, 0x63, 0x08, 0x63, 0x08, 0x63, 0x08, 0x63, 0x08,
  0x63, 0x08, 0x63, 0x08, 0x63, 0x08, 0x63, 0x08, 0x63, 0x08, 0x63, 0x08, 0x63, 0x08, 0x63, 0x08,
  0x63, 0x08, 0x63, 0x08, 0x63, 0x08, 0x63, 0x08, 0x63, 0x08, 0x63, 0x08, 0x63, 0x08, 0x63, 0x08,
  0x63, 0x08, 0x63, 0x08, 0x63, 0x08, 0x63, 0x08, 0x63, 0x08, 0x63, 0x08, 0x63, 0x08, 0x63, 0x08,
  0x63, 0x08, 0x63, 0x08, 0x63, 0x08, 0x63, 0x08, 0x63, 0x08, 0x63, 0x08, 0x63, 0x08, 0x63, 0x08,
  0x63, 0x08, 0x63, 0x08, 0x63, 0x08, 0x63, 0x08, 0x63, 0x08, 0x63, 0x08, 0x63, 0x08, 0x63, 0x08,
  0x63, 0x08, 0x63, 0x08, 0x63, 0x08, 0x63, 0x08, 0x63, 0x08, 0x63, 0x08, 0x63, 0x08, 0x63, 0x08,
  0x63, 0x08, 0x63, 0x08, 0x63, 0x08, 0x63, 0x08, 0x63, 0x08, 0x63, 0x08, 0x63, 0x08, 0x63, 0x08,
  0x63, 0x08, 0x63, 0x08, 0x63, 0x08, 0x63, 0x08, 0x63, 0x08, 0x63, 0x08, 0x63, 0x08, 0x63, 0x08,
  0x63, 0x08, 0x63, 0x08, 0x63, 0x08, 0x63, 0x08, 0x63, 0x08, 0x63, 0x08, 0x63, 0x08, 0x63, 0x08,
  0x63, 0x08, 0x83, 0x08, 0x63, 0x08, 0x43, 0x00, 0x26, 0x72, 0x09, 0xE4, 0xE9, 0xDB, 0xC9, 0xD3,
  0xC9, 0xD3, 0xC9, 0xD3, 0xC9, 0xD3, 0xC9, 0xD3, 0xEA, 0xD3, 0xEA, 0xD3, 0xEA, 0xD3, 0xEA, 0xD3,
  0xEA, 0xD3, 0xEB, 0xD3, 0xEB, 0xD3, 0xEB, 0xD3, 0xEB, 0xD3, 0xEB, 0xD3, 0xEB, 0xD3, 0xEC, 0xD3,
  0xEC, 0xD3, 0xEC, 0xD3, 0xEC, 0xD3, 0xEC, 0xD3, 0xED, 0xD3, 0xED, 0xD3, 0xED, 0xD3, 0xED, 0xD3,
  0xED, 0xD3, 0xED, 0xD3, 0xEE, 0xD3, 0xEE, 0xD3, 0xEE, 0xD3, 0xEE, 0xD3, 0xEE, 0xD3, 0xEE, 0xD3,
  0xEF, 0xD3, 0xEF, 0xD3, 0xEF, 0xCB, 0xEF, 0xCB, 0xEF, 0xCB, 0xE5, 0x20, 0x43, 0x00, 0x83, 0x08,
  0x63, 0x08, 0x63, 0x08, 0x63, 0x08, 0x63, 0x08, 0x63, 0x08, 0x63, 0x08, 0x63, 0x08, 0x63, 0x08,
  0x63, 0x08, 0x63, 0x08, 0x63, 0x08, 0x63, 0x08, 0x63, 0x08, 0x63, 0x08, 0x63, 0x08, 0x63, 0x08,
  0x63, 0x08, 0x63, 0x08, 0x63, 0x08, 0x63, 0x08, 0x63, 0x08, 0x63, 0x08, 0x63, 0x08, 0x63, 0x08,
  0x63, 0x08, 0x63, 0x08, 0x63, 0x08, 0x63, 0x08, 0x63, 0x08, 0x63, 0x08, 0x63, 0x08, 0x63, 0x08,
  0x63, 0x08, 0x63, 0x08, 0x63, 0x08, 0x63, 0x08, 0x63, 0x08, 0x63, 0x08, 0x63, 0x08, 0x63, 0x08,
  0x63, 0x08, 0x63, 0x08, 0x63, 0x08, 0x63, 0x08, 0x63, 0x08, 0x63, 0x08, 0x63, 0x08, 0x63, 0x08,
  0x63, 0x08, 0x63, 0x08, 0x63, 0x08, 0x63, 0x08, 0x63, 0x08, 0x63, 0x08, 0x63, 0x08, 0x63, 0x08,
  0x63, 0x08, 0x63, 0x08, 0x63, 0x08, 0x63, 0x08, 0x63, 0x08, 0x63, 0x08, 0x63, 0x08, 0x63, 0x08,
  0x63, 0x08, 0x63, 0x08, 0x63, 0x08, 0x63, 0x08, 0x63, 0x08, 0x63, 0x08, 0x63, 0x08, 0x63, 0x08,
  0x63, 0x08, 0x63, 0x08, 0x63, 0x08, 0x63, 0x08, 0x63, 0x08, 0x63, 0x08, 0x63, 0x08, 0x63, 0x08,
  0x63, 0x08, 0x63, 0x08, 0x63, 0x08, 0x63, 0x08, 0x63, 0x08, 0x63, 0x08, 0x63, 0x08, 0x63, 0x08,
  0x63, 0x08, 0x63, 0x08, 0x63, 0x08, 0x63, 0x08, 0x63, 0x08, 0x63, 0x08, 0x63, 0x08, 0x63, 0x08,
  0x63, 0x08, 0x63, 0x08, 0x63, 0x08, 0x63, 0x08, 0x63, 0x08, 0x63, 0x08, 0x63, 0x08, 0x63, 0x08,
  0x63, 0x08, 0x63, 0x08, 0x63, 0x08, 0x63, 0x08, 0x63, 0x08, 0x63, 0x08, 0x63, 0x08, 0x63, 0x08,
  0x63, 0x08, 0x63, 0x08, 0x63, 0x08, 0x63, 0x08, 0x63, 0x08, 0x63, 0x08, 0x63, 0x08, 0x63, 0x08,
  0x63, 0x08, 0x63, 0x08, 0x63, 0x08, 0x63, 0x08, 0x63, 0x08, 0x63, 0x08, 0x63, 0x08, 0x63, 0x08,
  0x63, 0x08, 0x63, 0x08, 0x63, 0x08, 0x63, 0x08, 0x63, 0x08, 0x63, 0x08, 0x63, 0x08, 0x63, 0x08,
  0x63, 0x08, 0x63, 0x08, 0x63, 0x08, 0x63, 0x08, 0x63, 0x08, 0x63, 0x08, 0x63, 0x08, 0x63, 0x08,
  0x63, 0x08, 0x63, 0x08, 0x63, 0x08, 0x63, 0x08, 0x63, 0x08, 0x63, 0x08, 0x63, 0x08, 0x63, 0x08,
  0x63, 0x08, 0x63, 0x08, 0x63, 0x08, 0x63, 0x08, 0x63, 0x08, 0x63, 0x08, 0x63, 0x08, 0x63, 0x08,
  0x63, 0x08, 0x63, 0x08, 0x63, 0x08, 0x63, 0x08, 0x63, 0x08, 0x63, 0x08, 0x63, 0x08, 0x63, 0x08,
  0x63, 0x08, 0x63, 0x08, 0x63, 0x08, 0x63, 0x08, 0x63, 0x08, 0x63, 0x08, 0x63, 0x08, 0x63, 0x08,
  0x63, 0x08, 0x63, 0x08, 0x63, 0x08, 0x63, 0x08, 0x63, 0x08, 0x63, 0x08, 0x63, 0x08, 0x63, 0x08,
  0x63, 0x08, 0x63, 0x08, 0x63, 0x08, 0x63, 0x08, 0x63, 0x08, 0x63, 0x08, 0x63, 0x08, 0x63, 0x08,
  0x83, 0x08, 0x63, 0x00, 0x63, 0x08, 0xA6, 0x92, 0x09, 0xE4, 0xC8, 0xD3, 0xE9, 0xDB, 0x09, 0xDC,
  0x09, 0xDC, 0x09, 0xDC, 0x0A, 0xDC, 0xEA, 0xDB, 0xEA, 0xD3, 0xCA, 0xD3, 0xCA, 0xD3, 0xEA, 0xD3,
  0xEA, 0xD3, 0xEB, 0xD3, 0xEB, 0xD3, 0xEB, 0xD3, 0xEB, 0xD3, 0xEB, 0xD3, 0xEB, 0xD3, 0xEC, 0xD3,
  0xEC, 0xD3, 0xEC, 0xD3, 0xEC, 0xD3, 0xEC, 0xD3, 0xED, 0xD3, 0xED, 0xD3, 0xED, 0xD3, 0xED, 0xD3,
  0xED, 0xD3, 0xED, 0xD3, 0xEE, 0xD3, 0xEE, 0xD3, 0xEE, 0xD3, 0xEE, 0xD3, 0xEE, 0xD3, 0xEE, 0xD3,
  0xEF, 0xD3, 0xEF, 0xD3, 0xCF, 0xCB, 0x30, 0xDC, 0xAB, 0x82, 0x42, 0x00, 0x83, 0x08, 0x63, 0x08,
  0x63, 0x08, 0x63, 0x08, 0x63, 0x08, 0x63, 0x08, 0x63, 0x08, 0x63, 0x08, 0x63, 0x08, 0x63, 0x08,
  0x63, 0x08, 0x63, 0x08, 0x63, 0x08, 0x63, 0x08, 0x63, 0x08, 0x63, 0x08, 0x63, 0x08, 0x63, 0x08,
  0x63, 0x08, 0x63, 0x08, 0x63, 0x08, 0x63, 0x08, 0x63, 0x08, 0x63, 0x08, 0x63, 0x08, 0x63, 0x08,
  0x63, 0x08, 0x63, 0x08, 0x63, 0x08, 0x63, 0x08, 0x63, 0x08, 0x63, 0x08, 0x63, 0x08, 0x63, 0x08,
  0x63, 0x08, 0x63, 0x08, 0x63, 0x08, 0x63, 0x08, 0x63, 0x08, 0x63, 0x08, 0x63, 0x08, 0x63, 0x08,
  0x63, 0x08, 0x63, 0x08, 0x63, 0x08, 0x63, 0x08, 0x63, 0x08, 0x63, 0x08, 0x63, 0x08, 0x63, 0x08,
  0x63, 0x08, 0x63, 0x08, 0x63, 0x08, 0x63, 0x08, 0x63, 0x08, 0x63, 0x08, 0x63, 0x08, 0x63, 0x08,
  0x63, 0x08, 0x63, 0x08, 0x63, 0x08, 0x63, 0x08, 0x63, 0x08, 0x63, 0x08, 0x63, 0x08, 0x63, 0x08,
  0x63, 0x08, 0x63, 0x08, 0x63, 0x08, 0x63, 0x08, 0x63, 0x08, 0x63, 0x08, 0x63, 0x08, 0x63, 0x08,
  0x63, 0x08, 0x63, 0x08, 0x63, 0x08, 0x63, 0x08, 0x63, 0x08, 0x63, 0x08, 0x63, 0x08, 0x63, 0x08,
  0x63, 0x08, 0x63, 0x08, 0x63, 0x08, 0x63, 0x08, 0x63, 0x08, 0x63, 0x08, 0x63, 0x08, 0x63, 0x08,
  0x63, 0x08, 0x63, 0x08, 0x63, 0x08, 0x63, 0x08, 0x63, 0x08, 0x63, 0x08, 0x63, 0x08, 0x63, 0x08,
  0x63, 0x08, 0x63, 0x08, 0x63, 0x08, 0x63, 0x08, 0x63, 0x08, 0x63, 0x08, 0x63, 0x08, 0x63, 0x08,
  0x63, 0x08, 0x63, 0x08, 0x63, 0x08, 0x63, 0x08, 0x63, 0x08, 0x63, 0x08, 0x63, 0x08, 0x63, 0x08,
  0x63, 0x08, 0x63, 0x08, 0x63, 0x08, 0x63, 0x08, 0x63, 0x08, 0x63, 0x08, 0x63, 0x08, 0x63, 0x08,
  0x63, 0x08, 0x63, 0x08, 0x63, 0x08, 0x63, 0x08, 0x63, 0x08, 0x63, 0x08, 0x63, 0x08, 0x63, 0x08,
  0x63, 0x08, 0x63, 0x08, 0x63, 0x08, 0x63, 0x08, 0x63, 0x08, 0x63, 0x08, 0x63, 0x08, 0x63, 0x08,
  0x63, 0x08, 0x63, 0x08, 0x63, 0x08, 0x63, 0x08, 0x63, 0x08, 0x63, 0x08, 0x63, 0x08, 0x63, 0x08,
  0x63, 0x08, 0x63, 0x08, 0x63, 0x08, 0x63, 0x08, 0x63, 0x08, 0x63, 0x08, 0x63, 0x08, 0x63, 0x08,
  0x63, 0x08, 0x63, 0x08, 0x63, 0x08, 0x63, 0x08, 0x63, 0x08, 0x63, 0x08, 0x63, 0x08, 0x63, 0x08,
  0x63, 0x08, 0x63, 0x08, 0x63, 0x08, 0x63, 0x08, 0x63, 0x08, 0x63, 0x08, 0x63, 0x08, 0x63, 0x08,
  0x63, 0x08, 0x63, 0x08, 0x63, 0x08, 0x63, 0x08, 0x63, 0x08, 0x63, 0x08, 0x63, 0x08, 0x63, 0x08,
  0x63, 0x08, 0x63, 0x08, 0x63, 0x08, 0x63, 0x08, 0x63, 0x08, 0x63, 0x08, 0x63, 0x08, 0x63, 0x08,
  0x63, 0x08, 0x63, 0x08, 0x63, 0x08, 0x63, 0x08, 0x63, 0x08, 0x63, 0x08, 0x63, 0x08, 0x83, 0x08,
  0x43, 0x00, 0xA3, 0x10, 0x27, 0xAB, 0x49, 0xF4, 0x08, 0xDC, 0xC8, 0xD3, 0x88, 0xC3, 0x48, 0xB3,
  0x28, 0xAB, 0x28, 0xAB, 0x48, 0xB3, 0xA9, 0xC3, 0xEA, 0xDB, 0x0A, 0xE4, 0x0A, 0xE4, 0xEA, 0xD3,
  0xCA, 0xD3, 0xEB, 0xD3, 0xEB, 0xD3, 0xEB, 0xD3, 0xEB, 0xD3, 0xEB, 0xD3, 0xEB, 0xD3, 0xEC, 0xD3,
  0xEC, 0xD3, 0xEC, 0xD3, 0xEC, 0xD3, 0xEC, 0xD3, 0xED, 0xD3, 0xED, 0xD3, 0xED, 0xD3, 0xED, 0xD3,
  0xED, 0xD3, 0xED, 0xD3, 0xEE, 0xD3, 0xEE, 0xD3, 0xEE, 0xD3, 0xEE, 0xD3, 0xEE, 0xD3, 0xEE, 0xD3,
  0xEF, 0xD3, 0xEF, 0xD3, 0xEF, 0xCB, 0xEF, 0xCB, 0x05, 0x29, 0x43, 0x00, 0x83, 0x08, 0x63, 0x08,
  0x63, 0x08, 0x63, 0x08, 0x63, 0x08, 0x63, 0x08, 0x63, 0x08, 0x63, 0x08, 0x63, 0x08, 0x63, 0x08,
  0x63, 0x08, 0x63, 0x08, 0x63, 0x08, 0x63, 0x08, 0x63, 0x08, 0x63, 0x08, 0x63, 0x08, 0x63, 0x08,
  0x63, 0x08, 0x63, 0x08, 0x63, 0x08, 0x63, 0x08, 0x63, 0x08, 0x63, 0x08, 0x63, 0x08, 0x63, 0x08,
  0x63, 0x08, 0x63, 0x08, 0x63, 0x08, 0x63, 0x08, 0x63, 0x08, 0x63, 0x08, 0x63, 0x08, 0x63, 0x08,
  0x63, 0x08, 0x63, 0x08, 0x63, 0x08, 0x63, 0x08, 0x63, 0x08, 0x63, 0x08, 0x63, 0x08, 0x63, 0x08,
  0x63, 0x08, 0x63, 0x08, 0x63, 0x08, 0x63, 0x08, 0x63, 0x08, 0x63, 0x08, 0x63, 0x08, 0x63, 0x08,
  0x63, 0x08, 0x63, 0x08, 0x63, 0x08, 0x63, 0x08, 0x63, 0x08, 0x63, 0x08, 0x63, 0x08, 0x63, 0x08,
  0x63, 0x08, 0x63, 0x08, 0x63, 0x08, 0x63, 0x08, 0x63, 0x08, 0x63, 0x08, 0x63, 0x08, 0x63, 0x08,
  0x63, 0x08, 0x63, 0x08, 0x63, 0x08, 0x63, 0x08, 0x63, 0x08, 0x63, 0x08, 0x63, 0x08, 0x63, 0x08,
  0x63, 0x08, 0x63, 0x08, 0x63, 0x08, 0x63, 0x08, 0x63, 0x08, 0x63, 0x08, 0x63, 0x08, 0x63, 0x08,
  0x63, 0x08, 0x63, 0x08, 0x63, 0x08, 0x63, 0x08, 0x63, 0x08, 0x63, 0x08, 0x63, 0x08, 0x63, 0x08,
  0x63, 0x08, 0x63, 0x08, 0x63, 0x08, 0x63, 0x08, 0x63, 0x08, 0x63, 0x08, 0x63, 0x08, 0x63, 0x08,
  0x63, 0x08, 0x63, 0x08, 0x63, 0x08, 0x63, 0x08, 0x63, 0x08, 0x63, 0x08, 0x63, 0x08, 0x63, 0x08,
  0x63, 0x08, 0x63, 0x08, 0x63, 0x08, 0x63, 0x08, 0x63, 0x08, 0x63, 0x08, 0x63, 0x08, 0x63, 0x08,
  0x63, 0x08, 0x63, 0x08, 0x63, 0x08, 0x63, 0x08, 0x63, 0x08, 0x63, 0x08, 0x63, 0x08, 0x63, 0x08,
  0x63, 0x08, 0x63, 0x08, 0x63, 0x08, 0x63, 0x08, 0x63, 0x08, 0x63, 0x08, 0x63, 0x08, 0x63, 0x08,
  0x63, 0x08, 0x63, 0x08, 0x63, 0x08, 0x63, 0x08, 0x63, 0x08, 0x63, 0x08, 0x63, 0x08, 0x63, 0x08,
  0x63, 0x08, 0x63, 0x08, 0x63, 0x08, 0x63, 0x08, 0x63, 0x08, 0x63, 0x08, 0x63, 0x08, 0x63, 0x08,
  0x63, 0x08, 0x63, 0x08, 0x63, 0x08, 0x63, 0x08, 0x63, 0x08, 0x63, 0x08, 0x63, 0x08, 0x63, 0x08,
  0x63, 0x08, 0x63, 0x08, 0x63, 0x08, 0x63, 0x08, 0x63, 0x08, 0x63, 0x08, 0x63, 0x08, 0x63, 0x08,
  0x63, 0x08, 0x63, 0x08, 0x63, 0x08, 0x63, 0x08, 0x63, 0x08, 0x63, 0x08, 0x63, 0x08, 0x63, 0x08,
  0x63, 0x08, 0x63, 0x08, 0x63, 0x08, 0x63, 0x08, 0x63, 0x08, 0x63, 0x08, 0x63, 0x08, 0x63, 0x08,
  0x63, 0x08, 0x63, 0x08, 0x63, 0x08, 0x63, 0x08, 0x63, 0x08, 0x63, 0x08, 0x63, 0x08, 0x63, 0x08,
  0x63, 0x08, 0x63, 0x08, 0x63, 0x08, 0x63, 0x08, 0x63, 0x08, 0x63, 0x08, 0x83, 0x08, 0x63, 0x00,
  0xE4, 0x20, 0xA7, 0xCB, 0xC8, 0xD3, 0x86, 0x82, 0xA5, 0x51, 0x04, 0x29, 0xA3, 0x10, 0x63, 0x08,
  0x63, 0x00, 0x63, 0x08, 0x83, 0x08, 0xA3, 0x18, 0x24, 0x31, 0xC6, 0x59, 0xC8, 0x92, 0xCA, 0xCB,
  0x2B, 0xE4, 0xEB, 0xDB, 0xCB, 0xD3, 0xEB, 0xD3, 0xEB, 0xD3, 0xEB, 0xD3, 0xEB, 0xD3, 0xEC, 0xD3,
  0xEC, 0xD3, 0xEC, 0xD3, 0xEC, 0xD3, 0xEC, 0xD3, 0xED, 0xD3, 0xED, 0xD3, 0xED, 0xD3, 0xED, 0xD3,
  0xED, 0xD3, 0xED, 0xD3, 0xEE, 0xD3, 0xEE, 0xD3, 0xEE, 0xD3, 0xEE, 0xD3, 0xEE, 0xD3, 0xEE, 0xD3,
  0xEF, 0xD3, 0xCF, 0xCB, 0x30, 0xDC, 0xAB, 0x82, 0x42, 0x00, 0x83, 0x08, 0x63, 0x08, 0x63, 0x08,
  0x63, 0x08, 0x63, 0x08, 0x63, 0x08, 0x63, 0x08, 0x63, 0x08, 0x63, 0x08, 0x63, 0x08, 0x63, 0x08,
  0x63, 0x08, 0x63, 0x08, 0x63, 0x08, 0x63, 0x08, 0x63, 0x08, 0x63, 0x08, 0x63, 0x08, 0x63, 0x08,
  0x63, 0x08, 0x63, 0x08, 0x63, 0x08, 0x63, 0x08, 0x63, 0x08, 0x63, 0x08, 0x63, 0x08, 0x63, 0x08,
  0x63, 0x08, 0x63, 0x08, 0x63, 0x08, 0x63, 0x08, 0x63, 0x08, 0x63, 0x08, 0x63, 0x08, 0x63, 0x08,
  0x63, 0x08, 0x63, 0x08, 0x63, 0x08, 0x63, 0x08, 0x63, 0x08, 0x63, 0x08, 0x63, 0x08, 0x63, 0x08,
  0x63, 0x08, 0x63, 0x08, 0x63, 0x08, 0x63, 0x08, 0x63, 0x08, 0x63, 0x08, 0x63, 0x08, 0x63, 0x08,
  0x63, 0x08, 0x63, 0x08, 0x63, 0x08, 0x63, 0x08, 0x63, 0x08, 0x63, 0x08, 0x63, 0x08, 0x63, 0x08,
  0x63, 0x08, 0x63, 0x08, 0x63, 0x08, 0x63, 0x08, 0x63, 0x08, 0x63, 0x08, 0x63, 0x08, 0x63, 0x08,
  0x63, 0x08, 0x63, 0x08, 0x63, 0x08, 0x63, 0x08, 0x63, 0x08, 0x63, 0x08, 0x63, 0x08, 0x63, 0x08,
  0x63, 0x08, 0x63, 0x08, 0x63, 0x08, 0x63, 0x08, 0x63, 0x08, 0x63, 0x08, 0x63, 0x08, 0x63, 0x08,
  0x63, 0x08, 0x63, 0x08, 0x63, 0x08, 0x63, 0x08, 0x63, 0x08, 0x63, 0x08, 0x63, 0x08, 0x63, 0x08,
  0x63, 0x08, 0x63, 0x08, 0x63, 0x08, 0x63, 0x08, 0x63, 0x08, 0x63, 0x08, 0x63, 0x08, 0x63, 0x08,
  0x63, 0x08, 0x63, 0x08, 0x63, 0x08, 0x63, 0x08, 0x63, 0x08, 0x63, 0x08, 0x63, 0x08, 0x63, 0x08,
  0x63, 0x08, 0x63, 0x08, 0x63, 0x08, 0x63, 0x08, 0x63, 0x08, 0x63, 0x08, 0x63, 0x08, 0x63, 0x08,
  0x63, 0x08, 0x63, 0x08, 0x63, 0x08, 0x63, 0x08, 0x63, 0x08, 0x63, 0x08, 0x63, 0x08, 0x63, 0x08,
  0x63, 0x08, 0x63, 0x08, 0x63, 0x08, 0x63, 0x08, 0x63, 0x08, 0x63, 0x08, 0x63, 0x08, 0x63, 0x08,
  0x63, 0x08, 0x63, 0x08, 0x63, 0x08, 0x63, 0x08, 0x63, 0x08, 0x63, 0x08, 0x63, 0x08, 0x63, 0x08,
  0x63, 0x08, 0x63, 0x08, 0x63, 0x08, 0x63, 0x08, 0x63, 0x08, 0x63, 0x08, 0x63, 0x08, 0x63, 0x08,
  0x63, 0x08, 0x63, 0x08, 0x63, 0x08, 0x63, 0x08, 0x63, 0x08, 0x63, 0x08, 0x63, 0x08, 0x63, 0x08,
  0x63, 0x08, 0x63, 0x08, 0x63, 0x08, 0x63, 0x08, 0x63, 0x08, 0x63, 0x08, 0x63, 0x08, 0x63, 0x08,
  0x63, 0x08, 0x63, 0x08, 0x63, 0x08, 0x63, 0x08, 0x63, 0x08, 0x63, 0x08, 0x63, 0x08, 0x63, 0x08,
  0x63, 0x08, 0x63, 0x08, 0x63, 0x08, 0x63, 0x08, 0x63, 0x08, 0x63, 0x08, 0x63, 0x08, 0x63, 0x08,
  0x63, 0x08, 0x63, 0x08, 0x63, 0x08, 0x63, 0x08, 0x63, 0x08, 0x63, 0x08, 0x63, 0x08, 0x63, 0x08,
  0x63, 0x08, 0x63, 0x08, 0x63, 0x08, 0x63, 0x08, 0x63, 0x08, 0x63, 0x08, 0x63, 0x08, 0x63, 0x00,
  0xE4, 0x20, 0xE5, 0x59, 0xA3, 0x10, 0x43, 0x00, 0x43, 0x00, 0x43, 0x00, 0x63, 0x08, 0x63, 0x08,
  0x63, 0x08, 0x63, 0x08, 0x63, 0x08, 0x63, 0x08, 0x43, 0x00, 0x43, 0x00, 0x43, 0x00, 0xC4, 0x20,
  0x27, 0x6A, 0xAA, 0xC3, 0x2B, 0xE4, 0xEB, 0xD3, 0xEB, 0xD3, 0xEB, 0xD3, 0xEB, 0xD3, 0xEC, 0xD3,
  0xEC, 0xD3, 0xEC, 0xD3, 0xEC, 0xD3, 0xEC, 0xD3, 0xED, 0xD3, 0xED, 0xD3, 0xED, 0xD3, 0xED, 0xD3,
  0xED, 0xD3, 0xED, 0xD3, 0xEE, 0xD3, 0xEE, 0xD3, 0xEE, 0xD3, 0xEE, 0xD3, 0xEE, 0xD3, 0xEE, 0xD3,
  0xEF, 0xD3, 0xEF, 0xD3, 0xEF, 0xCB, 0x05, 0x29, 0x43, 0x00, 0x83, 0x08, 0x63, 0x08, 0x63, 0x08,
  0x63, 0x08, 0x63, 0x08, 0x63, 0x08, 0x63, 0x08, 0x63, 0x08, 0x63, 0x08, 0x63, 0x08, 0x63, 0x08,
  0x63, 0x08, 0x63, 0x08, 0x63, 0x08, 0x63, 0x08, 0x63, 0x08, 0x63, 0x08, 0x63, 0x08, 0x63, 0x08,
  0x63, 0x08, 0x63, 0x08, 0x63, 0x08, 0x63, 0x08, 0x63, 0x08, 0x63, 0x08, 0x63, 0x08, 0x63, 0x08,
  0x63, 0x08, 0x63, 0x08, 0x63, 0x08, 0x63, 0x08, 0x63, 0x08, 0x63, 0x08, 0x63, 0x08, 0x63, 0x08,
  0x63, 0x08, 0x63, 0x08, 0x63, 0x08, 0x63, 0x08, 0x63, 0x08, 0x63, 0x08, 0x63, 0x08, 0x63, 0x08,
  0x63, 0x08, 0x63, 0x08, 0x63, 0x08, 0x63, 0x08, 0x63, 0x08, 0x63, 0x08, 0x63, 0x08, 0x63, 0x08,
  0x63, 0x08, 0x63, 0x08, 0x63, 0x08, 0x63, 0x08, 0x63, 0x08, 0x63, 0x08, 0x63, 0x08, 0x63, 0x08,
  0x63, 0x08, 0x63, 0x08, 0x63, 0x08, 0x63, 0x08, 0x63, 0x08, 0x63, 0x08, 0x63, 0x08, 0x63, 0x08,
  0x63, 0x08, 0x63, 0x08, 0x63, 0x08, 0x63, 0x08, 0x63, 0x08, 0x63, 0x08, 0x63, 0x08, 0x63, 0x08,
  0x63, 0x08, 0x63, 0x08, 0x63, 0x08, 0x63, 0x08, 0x63, 0x08, 0x63, 0x08, 0x63, 0x08, 0x63, 0x08,
  0x63, 0x08, 0x63, 0x08, 0x63, 0x08, 0x63, 0x08, 0x63, 0x08, 0x63, 0x08, 0x63, 0x08, 0x63, 0x08,
  0x63, 0x08, 0x63, 0x08, 0x63, 0x08, 0x63, 0x08, 0x63, 0x08, 0x63, 0x08, 0x63, 0x08, 0x63, 0x08,
  0x63, 0x08, 0x63, 0x08, 0x63, 0x08, 0x63, 0x08, 0x63, 0x08, 0x63, 0x08, 0x63, 0x08, 0x63, 0x08,
  0x63, 0x08, 0x63, 0x08, 0x63, 0x08, 0x63, 0x08, 0x63, 0x08, 0x63, 0x08, 0x63, 0x08, 0x63, 0x08,
  0x63, 0x08, 0x63, 0x08, 0x63, 0x08, 0x63, 0x08, 0x63, 0x08, 0x63, 0x08, 0x63, 0x08, 0x63, 0x08,
  0x63, 0x08, 0x63, 0x08, 0x63, 0x08, 0x63, 0x08, 0x63, 0x08, 0x63, 0x08, 0x63, 0x08, 0x63, 0x08,
  0x63, 0x08, 0x63, 0x08, 0x63, 0x08, 0x63, 0x08, 0x63, 0x08, 0x63, 0x08, 0x63, 0x08, 0x63, 0x08,
  0x63, 0x08, 0x63, 0x08, 0x63, 0x08, 0x63, 0x08, 0x63, 0x08, 0x63, 0x08, 0x63, 0x08, 0x63, 0x08,
  0x63, 0x08, 0x63, 0x08, 0x63, 0x08, 0x63, 0x08, 0x63, 0x08, 0x63, 0x08, 0x63, 0x08, 0x63, 0x08,
  0x63, 0x08, 0x63, 0x08, 0x63, 0x08, 0x63, 0x08, 0x63, 0x08, 0x63, 0x08, 0x63, 0x08, 0x63, 0x08,
  0x63, 0x08, 0x63, 0x08, 0x63, 0x08, 0x63, 0x08, 0x63, 0x08, 0x63, 0x08, 0x63, 0x08, 0x63, 0x08,
  0x63, 0x08, 0x63, 0x08, 0x63, 0x08, 0x63, 0x08, 0x63, 0x08, 0x63, 0x08, 0x63, 0x08, 0x63, 0x08,
  0x63, 0x08, 0x63, 0x08, 0x63, 0x08, 0x63, 0x08, 0x63, 0x08, 0x63, 0x08, 0x63, 0x08, 0x63, 0x08,
  0x63, 0x08, 0x63, 0x08, 0x63, 0x08, 0x63, 0x08, 0x63, 0x08, 0x63, 0x08, 0x63, 0x08, 0x83, 0x08,
  0x63, 0x00, 0x23, 0x00, 0x63, 0x08, 0x83, 0x08, 0x83, 0x08, 0x83, 0x08, 0x63, 0x08, 0x63, 0x08,
  0x63, 0x08, 0x63, 0x08, 0x63, 0x08, 0x63, 0x08, 0x83, 0x08, 0x83, 0x08, 0x83, 0x08, 0x63, 0x00,
  0x23, 0x00, 0xA4, 0x18, 0x67, 0x7A, 0x0B, 0xDC, 0x0B, 0xDC, 0xEB, 0xD3, 0xEB, 0xD3, 0xEC, 0xD3,
  0xEC, 0xD3, 0xEC, 0xD3, 0xEC, 0xD3, 0xEC, 0xD3, 0xED, 0xD3, 0xED, 0xD3, 0xED, 0xD3, 0xED, 0xD3,
  0xED, 0xD3, 0xED, 0xD3, 0xEE, 0xD3, 0xEE, 0xD3, 0xEE, 0xD3, 0xEE, 0xD3, 0xEE, 0xD3, 0xEE, 0xD3,
  0xCE, 0xCB, 0x30, 0xDC, 0x6A, 0x7A, 0x42, 0x00, 0x83, 0x08, 0x63, 0x08, 0x63, 0x08, 0x63, 0x08,
  0x63, 0x08, 0x63, 0x08, 0x63, 0x08, 0x63, 0x08, 0x63, 0x08, 0x63, 0x08, 0x63, 0x08, 0x63, 0x08,
  0x63, 0x08, 0x63, 0x08, 0x63, 0x08, 0x63, 0x08, 0x63, 0x08, 0x63, 0x08, 0x63, 0x08, 0x63, 0x08,
  0x63, 0x08, 0x63, 0x08, 0x63, 0x08, 0x63, 0x08, 0x63, 0x08, 0x63, 0x08, 0x63, 0x08, 0x63, 0x08,
  0x63, 0x08, 0x63, 0x08, 0x63, 0x08, 0x63, 0x08, 0x63, 0x08, 0x63, 0x08, 0x63, 0x08, 0x63, 0x08,
  0x63, 0x08, 0x63, 0x08, 0x63, 0x08, 0x63, 0x08, 0x63, 0x08, 0x63, 0x08, 0x63, 0x08, 0x63, 0x08,
  0x63, 0x08, 0x63, 0x08, 0x63, 0x08, 0x63, 0x08, 0x63, 0x08, 0x83, 0x08, 0x83, 0x08, 0x83, 0x08,
  0x63, 0x08, 0x63, 0x08, 0x63, 0x08, 0x63, 0x08, 0x63, 0x08, 0x63, 0x08, 0x63, 0x08, 0x63, 0x08,
  0x63, 0x08, 0x63, 0x08, 0x63, 0x08, 0x63, 0x08, 0x63, 0x08, 0x63, 0x08, 0x63, 0x08, 0x63, 0x08,
  0x63, 0x08, 0x63, 0x08, 0x63, 0x08, 0x63, 0x08, 0x63, 0x08, 0x63, 0x08, 0x63, 0x08, 0x63, 0x08,
  0x63, 0x08, 0x63, 0x08, 0x63, 0x08, 0x63, 0x08, 0x63, 0x08, 0x63, 0x08, 0x63, 0x08, 0x63, 0x08,
  0x63, 0x08, 0x63, 0x08, 0x63, 0x08, 0x63, 0x08, 0x63, 0x08, 0x63, 0x08, 0x63, 0x08, 0x63, 0x08,
  0x63, 0x08, 0x63, 0x08, 0x63, 0x08, 0x63, 0x08, 0x63, 0x08, 0x63, 0x08, 0x63, 0x08, 0x63, 0x08,
  0x63, 0x08, 0x63, 0x08, 0x63, 0x08, 0x63, 0x08, 0x63, 0x08, 0x63, 0x08, 0x63, 0x08, 0x63, 0x08,
  0x63, 0x08, 0x63, 0x08, 0x63, 0x08, 0x63, 0x08, 0x63, 0x08, 0x63, 0x08, 0x63, 0x08, 0x63, 0x08,
  0x63, 0x08, 0x63, 0x08, 0x63, 0x08, 0x63, 0x08, 0x63, 0x08, 0x63, 0x08, 0x63, 0x08, 0x63, 0x08,
  0x63, 0x08, 0x63, 0x08, 0x63, 0x08, 0x63, 0x08, 0x63, 0x08, 0x63, 0x08, 0x63, 0x08, 0x63, 0x08,
  0x63, 0x08, 0x63, 0x08, 0x63, 0x08, 0x63, 0x08, 0x63, 0x08, 0x63, 0x08, 0x63, 0x08, 0x63, 0x08,
  0x63, 0x08, 0x63, 0x08, 0x63, 0x08, 0x63, 0x08, 0x63, 0x08, 0x63, 0x08, 0x63, 0x08, 0x63, 0x08,
  0x63, 0x08, 0x63, 0x08, 0x63, 0x08, 0x63, 0x08, 0x63, 0x08, 0x63, 0x08, 0x63, 0x08, 0x63, 0x08,
  0x63, 0x08, 0x63, 0x08, 0x63, 0x08, 0x63, 0x08, 0x63, 0x08, 0x63, 0x08, 0x63, 0x08, 0x63, 0x08,
  0x63, 0x08, 0x63, 0x08, 0x63, 0x08, 0x63, 0x08, 0x63, 0x08, 0x63, 0x08, 0x63, 0x08, 0x63, 0x08,
  0x63, 0x08, 0x63, 0x08, 0x63, 0x08, 0x63, 0x08, 0x63, 0x08, 0x63, 0x08, 0x63, 0x08, 0x63, 0x08,
  0x63, 0x08, 0x63, 0x08, 0x63, 0x08, 0x63, 0x08, 0x63, 0x08, 0x63, 0x08, 0x63, 0x08, 0x63, 0x08,
  0x63, 0x08, 0x63, 0x08, 0x63, 0x08, 0x63, 0x08, 0x63, 0x08, 0x63, 0x08, 0x63, 0x08, 0x63, 0x08,
  0x63, 0x08, 0x83, 0x08, 0x63, 0x08, 0x63, 0x08, 0x63, 0x08, 0x63, 0x08, 0x63, 0x08, 0x63, 0x08,
  0x63, 0x08, 0x63, 0x08, 0x63, 0x08, 0x63, 0x08, 0x63, 0x08, 0x63, 0x08, 0x63, 0x08, 0x83, 0x08,
  0x83, 0x08, 0x63, 0x08, 0x22, 0x00, 0x65, 0x41, 0xAA, 0xC3, 0x0C, 0xDC, 0xCB, 0xD3, 0xEC, 0xD3,
  0xEC, 0xD3, 0xEC, 0xD3, 0xEC, 0xD3, 0xEC, 0xD3, 0xED, 0xD3, 0xED, 0xD3, 0xED, 0xD3, 0xED, 0xD3,
  0xED, 0xD3, 0xED, 0xD3, 0xEE, 0xD3, 0xEE, 0xD3, 0xEE, 0xD3, 0xEE, 0xD3, 0xEE, 0xD3, 0xEE, 0xCB,
  0xEF, 0xD3, 0xCE, 0xC3, 0xC4, 0x18, 0x63, 0x00, 0x83, 0x08, 0x63, 0x08, 0x63, 0x08, 0x63, 0x08,
  0x63, 0x08, 0x63, 0x08, 0x63, 0x08, 0x63, 0x08, 0x63, 0x08, 0x63, 0x08, 0x63, 0x08, 0x63, 0x08,
  0x63, 0x08, 0x63, 0x08, 0x63, 0x08, 0x63, 0x08, 0x63, 0x08, 0x63, 0x08, 0x63, 0x08, 0x63, 0x08,
  0x63, 0x08, 0x63, 0x08, 0x63, 0x08, 0x63, 0x08, 0x63, 0x08, 0x63, 0x08, 0x63, 0x08, 0x63, 0x08,
  0x63, 0x08, 0x63, 0x08, 0x63, 0x08, 0x63, 0x08, 0x63, 0x08, 0x63, 0x08, 0x63, 0x08, 0x63, 0x08,
  0x63, 0x08, 0x63, 0x08, 0x63, 0x08, 0x63, 0x08, 0x63, 0x08, 0x63, 0x08, 0x63, 0x08, 0x63, 0x08,
  0x63, 0x08, 0x83, 0x08, 0x83, 0x08, 0x83, 0x08, 0x63, 0x08, 0x62, 0x00, 0x42, 0x00, 0x63, 0x08,
  0x83, 0x08, 0x83, 0x08, 0x63, 0x08, 0x63, 0x08, 0x63, 0x08, 0x63, 0x08, 0x63, 0x08, 0x63, 0x08,
  0x63, 0x08, 0x63, 0x08, 0x63, 0x08, 0x63, 0x08, 0x63, 0x08, 0x63, 0x08, 0x63, 0x08, 0x63, 0x08,
  0x63, 0x08, 0x63, 0x08, 0x63, 0x08, 0x63, 0x08, 0x63, 0x08, 0x63, 0x08, 0x63, 0x08, 0x63, 0x08,
  0x63, 0x08, 0x63, 0x08, 0x63, 0x08, 0x63, 0x08, 0x63, 0x08, 0x63, 0x08, 0x63, 0x08, 0x63, 0x08,
  0x63, 0x08, 0x63, 0x08, 0x63, 0x08, 0x63, 0x08, 0x63, 0x08, 0x63, 0x08, 0x63, 0x08, 0x63, 0x08,
  0x63, 0x08, 0x63, 0x08, 0x63, 0x08, 0x63, 0x08, 0x63, 0x08, 0x63, 0x08, 0x63, 0x08, 0x63, 0x08,
  0x63, 0x08, 0x63, 0x08, 0x63, 0x08, 0x63, 0x08, 0x63, 0x08, 0x63, 0x08, 0x63, 0x08, 0x63, 0x08,
  0x63, 0x08, 0x63, 0x08, 0x63, 0x08, 0x63, 0x08, 0x63, 0x08, 0x63, 0x08, 0x63, 0x08, 0x63, 0x08,
  0x63, 0x08, 0x63, 0x08, 0x63, 0x08, 0x63, 0x08, 0x63, 0x08, 0x63, 0x08, 0x63, 0x08, 0x63, 0x08,
  0x63, 0x08, 0x63, 0x08, 0x63, 0x08, 0x63, 0x08, 0x63, 0x08, 0x63, 0x08, 0x63, 0x08, 0x63, 0x08,
  0x63, 0x08, 0x63, 0x08, 0x63, 0x08, 0x63, 0x08, 0x63, 0x08, 0x63, 0x08, 0x63, 0x08, 0x63, 0x08,
  0x63, 0x08, 0x63, 0x08, 0x63, 0x08, 0x63, 0x08, 0x63, 0x08, 0x63, 0x08, 0x63, 0x08, 0x63, 0x08,
  0x63, 0x08, 0x63, 0x08, 0x63, 0x08, 0x63, 0x08, 0x63, 0x08, 0x63, 0x08, 0x63, 0x08, 0x63, 0x08,
  0x63, 0x08, 0x63, 0x08, 0x63, 0x08, 0x63, 0x08, 0x63, 0x08, 0x63, 0x08, 0x63, 0x08, 0x63, 0x08,
  0x63, 0x08, 0x63, 0x08, 0x63, 0x08, 0x63, 0x08, 0x63, 0x08, 0x63, 0x08, 0x63, 0x08, 0x63, 0x08,
  0x63, 0x08, 0x63, 0x08, 0x63, 0x08, 0x63, 0x08, 0x63, 0x08, 0x63, 0x08, 0x63, 0x08, 0x63, 0x08,
  0x63, 0x08, 0x63, 0x08, 0x63, 0x08, 0x63, 0x08, 0x63, 0x08, 0x63, 0x08, 0x63, 0x08, 0x63, 0x08,
  0x63, 0x08, 0x63, 0x08, 0x63, 0x08, 0x63, 0x08, 0x63, 0x08, 0x63, 0x08, 0x63, 0x08, 0x63, 0x08,
  0x63, 0x08, 0x63, 0x08, 0x63, 0x08, 0x63, 0x08, 0x63, 0x08, 0x63, 0x08, 0x63, 0x08, 0x63, 0x08,
  0x63, 0x08, 0x63, 0x08, 0x63, 0x08, 0x63, 0x08, 0x63, 0x08, 0x63, 0x08, 0x63, 0x08, 0x63, 0x08,
  0x63, 0x08, 0x83, 0x08, 0x83, 0x08, 0x43, 0x00, 0xC4, 0x20, 0x6A, 0xB3, 0x0C, 0xDC, 0xCC, 0xD3,
  0xEC, 0xD3, 0xEC, 0xD3, 0xEC, 0xD3, 0xEC, 0xD3, 0xED, 0xD3, 0xED, 0xD3, 0xED, 0xD3, 0xED, 0xD3,
  0xED, 0xD3, 0xED, 0xD3, 0xEE, 0xD3, 0xEE, 0xD3, 0xEE, 0xD3, 0xEE, 0xD3, 0xEE, 0xD3, 0xCE, 0xCB,
  0x2F, 0xDC, 0x29, 0x6A, 0x22, 0x00, 0x83, 0x08, 0x63, 0x08, 0x63, 0x08, 0x63, 0x08, 0x63, 0x08,
  0x63, 0x08, 0x63, 0x08, 0x63, 0x08, 0x63, 0x08, 0x63, 0x08, 0x63, 0x08, 0x63, 0x08, 0x63, 0x08,
  0x63, 0x08, 0x63, 0x08, 0x63, 0x08, 0x63, 0x08, 0x63, 0x08, 0x63, 0x08, 0x63, 0x08, 0x63, 0x08,
  0x63, 0x08, 0x63, 0x08, 0x63, 0x08, 0x63, 0x08, 0x63, 0x08, 0x63, 0x08, 0x63, 0x08, 0x63, 0x08,
  0x63, 0x08, 0x63, 0x08, 0x63, 0x08, 0x63, 0x08, 0x63, 0x08, 0x63, 0x08, 0x63, 0x08, 0x63, 0x08,
  0x63, 0x08, 0x63, 0x08, 0x63, 0x08, 0x63, 0x08, 0x63, 0x08, 0x63, 0x08, 0x63, 0x08, 0x83, 0x08,
  0x83, 0x08, 0x62, 0x00, 0x22, 0x00, 0x42, 0x00, 0x84, 0x08, 0xE6, 0x18, 0x07, 0x21, 0xC5, 0x10,
  0x42, 0x00, 0x42, 0x00, 0x83, 0x08, 0x63, 0x08, 0x63, 0x08, 0x63, 0x08, 0x63, 0x08, 0x63, 0x08,
  0x63, 0x08, 0x63, 0x08, 0x63, 0x08, 0x63, 0x08, 0x63, 0x08, 0x63, 0x08, 0x63, 0x08, 0x63, 0x08,
  0x63, 0x08, 0x63, 0x08, 0x63, 0x08, 0x63, 0x08, 0x63, 0x08, 0x63, 0x08, 0x63, 0x08, 0x63, 0x08,
  0x63, 0x08, 0x63, 0x08, 0x63, 0x08, 0x63, 0x08, 0x63, 0x08, 0x63, 0x08, 0x63, 0x08, 0x63, 0x08,
  0x63, 0x08, 0x63, 0x08, 0x63, 0x08, 0x63, 0x08, 0x63, 0x08, 0x63, 0x08, 0x63, 0x08, 0x63, 0x08,
  0x63, 0x08, 0x63, 0x08, 0x63, 0x08, 0x63, 0x08, 0x63, 0x08, 0x63, 0x08, 0x63, 0x08, 0x63, 0x08,
  0x63, 0x08, 0x63, 0x08, 0x63, 0x08, 0x63, 0x08, 0x63, 0x08, 0x63, 0x08, 0x63, 0x08, 0x63, 0x08,
  0x63, 0x08, 0x63, 0x08, 0x63, 0x08, 0x63, 0x08, 0x63, 0x08, 0x63, 0x08, 0x63, 0x08, 0x63, 0x08,
  0x63, 0x08, 0x63, 0x08, 0x63, 0x08, 0x63, 0x08, 0x63, 0x08, 0x63, 0x08, 0x63, 0x08, 0x63, 0x08,
  0x63, 0x08, 0x63, 0x08, 0x63, 0x08, 0x63, 0x08, 0x63, 0x08, 0x63, 0x08, 0x63, 0x08, 0x63, 0x08,
  0x63, 0x08, 0x63, 0x08, 0x63, 0x08, 0x63, 0x08, 0x63, 0x08, 0x63, 0x08, 0x63, 0x08, 0x63, 0x08,
  0x63, 0x08, 0x63, 0x08, 0x63, 0x08, 0x63, 0x08, 0x63, 0x08, 0x63, 0x08, 0x63, 0x08, 0x63, 0x08,
  0x63, 0x08, 0x63, 0x08, 0x63, 0x08, 0x63, 0x08, 0x63, 0x08, 0x63, 0x08, 0x63, 0x08, 0x63, 0x08,
  0x63, 0x08, 0x63, 0x08, 0x63, 0x08, 0x63, 0x08, 0x63, 0x08, 0x63, 0x08, 0x63, 0x08, 0x63, 0x08,
  0x63, 0x08, 0x63, 0x08, 0x63, 0x08, 0x63, 0x08, 0x63, 0x08, 0x63, 0x08, 0x63, 0x08, 0x63, 0x08,
  0x63, 0x08, 0x63, 0x08, 0x63, 0x08, 0x63, 0x08, 0x63, 0x08, 0x63, 0x08, 0x63, 0x08, 0x63, 0x08,
  0x63, 0x08, 0x63, 0x08, 0x63, 0x08, 0x63, 0x08, 0x63, 0x08, 0x63, 0x08, 0x63, 0x08, 0x63, 0x08,
  0x63, 0x08, 0x63, 0x08, 0x63, 0x08, 0x63, 0x08, 0x63, 0x08, 0x63, 0x08, 0x63, 0x08, 0x63, 0x08,
  0x63, 0x08, 0x63, 0x08, 0x63, 0x08, 0x63, 0x08, 0x63, 0x08, 0x63, 0x08, 0x63, 0x08, 0x63, 0x08,
  0x63, 0x08, 0x63, 0x08, 0x63, 0x08, 0x63, 0x08, 0x63, 0x08, 0x63, 0x08, 0x63, 0x08, 0x63, 0x08,
  0x63, 0x08, 0x63, 0x08, 0x63, 0x08, 0x83, 0x08, 0x43, 0x00, 0xA4, 0x18, 0x6A, 0xBB, 0x0C, 0xDC,
  0xEC, 0xD3, 0xEC, 0xD3, 0xEC, 0xD3, 0xEC, 0xD3, 0xED, 0xD3, 0xED, 0xD3, 0xED, 0xD3, 0xED, 0xD3,
  0xED, 0xD3, 0xED, 0xD3, 0xEE, 0xD3, 0xEE, 0xD3, 0xEE, 0xD3, 0xEE, 0xD3, 0xEE, 0xCB, 0x0F, 0xD4,
  0x6D, 0xB3, 0x83, 0x10, 0x63, 0x08, 0x63, 0x08, 0x63, 0x08, 0x63, 0x08, 0x63, 0x08, 0x63, 0x08,
  0x63, 0x08, 0x63, 0x08, 0x63, 0x08, 0x63, 0x08, 0x63, 0x08, 0x63, 0x08, 0x63, 0x08, 0x63, 0x08,
  0x63, 0x08, 0x63, 0x08, 0x63, 0x08, 0x63, 0x08, 0x63, 0x08, 0x63, 0x08, 0x63, 0x08, 0x63, 0x08,
  0x63, 0x08, 0x63, 0x08, 0x63, 0x08, 0x63, 0x08, 0x63, 0x08, 0x63, 0x08, 0x63, 0x08, 0x63, 0x08,
  0x63, 0x08, 0x63, 0x08, 0x63, 0x08, 0x63, 0x08, 0x63, 0x08, 0x63, 0x08, 0x63, 0x08, 0x63, 0x08,
  0x63, 0x08, 0x63, 0x08, 0x63, 0x08, 0x63, 0x08, 0x63, 0x08, 0x83, 0x08, 0x83, 0x08, 0x42, 0x00,
  0x42, 0x00, 0xE6, 0x18, 0x0C, 0x4A, 0x33, 0x73, 0xD7, 0x8B, 0x39, 0x94, 0x39, 0x9C, 0x19, 0x94,
  0x33, 0x73, 0xE6, 0x18, 0x42, 0x00, 0x83, 0x08, 0x63, 0x08, 0x63, 0x08, 0x63, 0x08, 0x63, 0x08,
  0x63, 0x08, 0x63, 0x08, 0x63, 0x08, 0x63, 0x08, 0x63, 0x08, 0x63, 0x08, 0x63, 0x08, 0x63, 0x08,
  0x63, 0x08, 0x63, 0x08, 0x63, 0x08, 0x63, 0x08, 0x63, 0x08, 0x63, 0x08, 0x63, 0x08, 0x63, 0x08,
  0x63, 0x08, 0x63, 0x08, 0x63, 0x08, 0x63, 0x08, 0x63, 0x08, 0x63, 0x08, 0x63, 0x08, 0x63, 0x08,
  0x63, 0x08, 0x63, 0x08, 0x63, 0x08, 0x63, 0x08, 0x63, 0x08, 0x63, 0x08, 0x63, 0x08, 0x63, 0x08,
  0x63, 0x08, 0x63, 0x08, 0x63, 0x08, 0x63, 0x08, 0x63, 0x08, 0x63, 0x08, 0x63, 0x08, 0x63, 0x08,
  0x63, 0x08, 0x63, 0x08, 0x63, 0x08, 0x63, 0x08, 0x63, 0x08, 0x63, 0x08, 0x63, 0x08, 0x63, 0x08,
  0x63, 0x08, 0x63, 0x08, 0x63, 0x08, 0x63, 0x08, 0x63, 0x08, 0x63, 0x08, 0x63, 0x08, 0x63, 0x08,
  0x63, 0x08, 0x63, 0x08, 0x63, 0x08, 0x63, 0x08, 0x63, 0x08, 0x63, 0x08, 0x63, 0x08, 0x63, 0x08,
  0x63, 0x08, 0x63, 0x08, 0x63, 0x08, 0x63, 0x08, 0x63, 0x08, 0x63, 0x08, 0x63, 0x08, 0x63, 0x08,
  0x63, 0x08, 0x63, 0x08, 0x63, 0x08, 0x63, 0x08, 0x63, 0x08, 0x63, 0x08, 0x63, 0x08, 0x63, 0x08,
  0x63, 0x08, 0x63, 0x08, 0x63, 0x08, 0x63, 0x08, 0x63, 0x08, 0x63, 0x08, 0x63, 0x08, 0x63, 0x08,
  0x63, 0x08, 0x63, 0x08, 0x63, 0x08, 0x63, 0x08, 0x63, 0x08, 0x63, 0x08, 0x63, 0x08, 0x63, 0x08,
  0x63, 0x08, 0x63, 0x08, 0x63, 0x08, 0x63, 0x08, 0x63, 0x08, 0x63, 0x08, 0x63, 0x08, 0x63, 0x08,
  0x63, 0x08, 0x63, 0x08, 0x63, 0x08, 0x63, 0x08, 0x63, 0x08, 0x63, 0x08, 0x63, 0x08, 0x63, 0x08,
  0x63, 0x08, 0x63, 0x08, 0x63, 0x08, 0x63, 0x08, 0x63, 0x08, 0x63, 0x08, 0x63, 0x08, 0x63, 0x08,
  0x63, 0x08, 0x63, 0x08, 0x63, 0x08, 0x63, 0x08, 0x63, 0x08, 0x63, 0x08, 0x63, 0x08, 0x63, 0x08,
  0x63, 0x08, 0x63, 0x08, 0x63, 0x08, 0x63, 0x08, 0x63, 0x08, 0x63, 0x08, 0x63, 0x08, 0x63, 0x08,
  0x63, 0x08, 0x63, 0x08, 0x63, 0x08, 0x63, 0x08, 0x63, 0x08, 0x63, 0x08, 0x63, 0x08, 0x63, 0x08,
  0x63, 0x08, 0x63, 0x08, 0x63, 0x08, 0x63, 0x08, 0x63, 0x08, 0x63, 0x08, 0x63, 0x08, 0x63, 0x08,
  0x63, 0x08, 0x63, 0x08, 0x63, 0x08, 0x63, 0x08, 0x83, 0x08, 0x43, 0x00, 0xE4, 0x20, 0xCB, 0xCB,
  0xEC, 0xD3, 0xEC, 0xD3, 0xEC, 0xD3, 0xEC, 0xD3, 0xED, 0xD3, 0xED, 0xD3, 0xED, 0xD3, 0xED, 0xD3,
  0xED, 0xD3, 0xED, 0xD3, 0xEE, 0xD3, 0xEE, 0xD3, 0xEE, 0xD3, 0xEE, 0xD3, 0xCE, 0xCB, 0x0F, 0xDC,
  0xA7, 0x49, 0x42, 0x00, 0x83, 0x08, 0x63, 0x08, 0x63, 0x08, 0x63, 0x08, 0x63, 0x08, 0x63, 0x08,
  0x63, 0x08, 0x63, 0x08, 0x63, 0x08, 0x63, 0x08, 0x63, 0x08, 0x63, 0x08, 0x63, 0x08, 0x63, 0x08,
  0x63, 0x08, 0x63, 0x08, 0x63, 0x08, 0x63, 0x08, 0x63, 0x08, 0x63, 0x08, 0x63, 0x08, 0x63, 0x08,
  0x63, 0x08, 0x63, 0x08, 0x63, 0x08, 0x63, 0x08, 0x63, 0x08, 0x63, 0x08, 0x63, 0x08, 0x63, 0x08,
  0x63, 0x08, 0x63, 0x08, 0x63, 0x08, 0x63, 0x08, 0x63, 0x08, 0x63, 0x08, 0x63, 0x08, 0x63, 0x08,
  0x63, 0x08, 0x63, 0x08, 0x63, 0x08, 0x83, 0x08, 0x83, 0x08, 0x42, 0x00, 0x42, 0x00, 0x69, 0x31,
  0xF2, 0x6A, 0x39, 0x9C, 0x9B, 0xAC, 0x7B, 0xA4, 0x7A, 0xA4, 0x5A, 0x9C, 0x5A, 0x9C, 0x5A, 0x9C,
  0xBC, 0xA4, 0xD7, 0x83, 0xA4, 0x10, 0x63, 0x08, 0x63, 0x08, 0x63, 0x08, 0x63, 0x08, 0x63, 0x08,
  0x63, 0x08, 0x63, 0x08, 0x63, 0x08, 0x63, 0x08, 0x63, 0x08, 0x63, 0x08, 0x63, 0x08, 0x63, 0x08,
  0x63, 0x08, 0x63, 0x08, 0x63, 0x08, 0x63, 0x08, 0x63, 0x08, 0x63, 0x08, 0x63, 0x08, 0x63, 0x08,
  0x63, 0x08, 0x63, 0x08, 0x63, 0x08, 0x63, 0x08, 0x63, 0x08, 0x63, 0x08, 0x63, 0x08, 0x63, 0x08,
  0x63, 0x08, 0x63, 0x08, 0x63, 0x08, 0x63, 0x08, 0x63, 0x08, 0x63, 0x08, 0x63, 0x08, 0x63, 0x08,
  0x63, 0x08, 0x63, 0x08, 0x63, 0x08, 0x63, 0x08, 0x63, 0x08, 0x63, 0x08, 0x63, 0x08, 0x63, 0x08,
  0x63, 0x08, 0x63, 0x08, 0x63, 0x08, 0x63, 0x08, 0x63, 0x08, 0x63, 0x08, 0x63, 0x08, 0x63, 0x08,
  0x63, 0x08, 0x63, 0x08, 0x63, 0x08, 0x63, 0x08, 0x63, 0x08, 0x63, 0x08, 0x63, 0x08, 0x63, 0x08,
  0x63, 0x08, 0x63, 0x08, 0x63, 0x08, 0x63, 0x08, 0x63, 0x08, 0x63, 0x08, 0x63, 0x08, 0x63, 0x08,
  0x63, 0x08, 0x63, 0x08, 0x63, 0x08, 0x63, 0x08, 0x63, 0x08, 0x63, 0x08, 0x63, 0x08, 0x63, 0x08,
  0x63, 0x08, 0x63, 0x08, 0x63, 0x08, 0x63, 0x08, 0x63, 0x08, 0x63, 0x08, 0x63, 0x08, 0x63, 0x08,
  0x63, 0x08, 0x63, 0x08, 0x63, 0x08, 0x63, 0x08, 0x63, 0x08, 0x63, 0x08, 0x63, 0x08, 0x63, 0x08,
  0x63, 0x08, 0x63, 0x08, 0x63, 0x08, 0x63, 0x08, 0x63, 0x08, 0x63, 0x08, 0x63, 0x08, 0x63, 0x08,
  0x63, 0x08, 0x63, 0x08, 0x63, 0x08, 0x63, 0x08, 0x63, 0x08, 0x63, 0x08, 0x63, 0x08, 0x63, 0x08,
  0x63, 0x08, 0x63, 0x08, 0x63, 0x08, 0x63, 0x08, 0x63, 0x08, 0x63, 0x08, 0x63, 0x08, 0x63, 0x08,
  0x63, 0x08, 0x63, 0x08, 0x63, 0x08, 0x63, 0x08, 0x63, 0x08, 0x63, 0x08, 0x63, 0x08, 0x63, 0x08,
  0x63, 0x08, 0x63, 0x08, 0x63, 0x08, 0x63, 0x08, 0x63, 0x08, 0x63, 0x08, 0x63, 0x08, 0x63, 0x08,
  0x63, 0x08, 0x63, 0x08, 0x63, 0x08, 0x63, 0x08, 0x63, 0x08, 0x63, 0x08, 0x63, 0x08, 0x63, 0x08,
  0x63, 0x08, 0x63, 0x08, 0x63, 0x08, 0x63, 0x08, 0x63, 0x08, 0x63, 0x08, 0x63, 0x08, 0x63, 0x08,
  0x63, 0x08, 0x63, 0x08, 0x63, 0x08, 0x63, 0x08, 0x63, 0x08, 0x63, 0x08, 0x63, 0x08, 0x63, 0x08,
  0x63, 0x08, 0x63, 0x08, 0x63, 0x08, 0x63, 0x08, 0x63, 0x08, 0x83, 0x08, 0x22, 0x00, 0x86, 0x49,
  0x0C, 0xDC, 0xEC, 0xD3, 0xEC, 0xD3, 0xEC, 0xD3, 0xED, 0xD3, 0xED, 0xD3, 0xED, 0xD3, 0xED, 0xD3,
  0xED, 0xD3, 0xED, 0xD3, 0xEE, 0xD3, 0xEE, 0xD3, 0xEE, 0xD3, 0xEE, 0xCB, 0x0F, 0xDC, 0x0B, 0x9B,
  0x43, 0x00, 0x83, 0x08, 0x63, 0x08, 0x63, 0x08, 0x63, 0x08, 0x63, 0x08, 0x63, 0x08, 0x63, 0x08,
  0x63, 0x08, 0x63, 0x08, 0x63, 0x08, 0x63, 0x08, 0x63, 0x08, 0x63, 0x08, 0x63, 0x08, 0x63, 0x08,
  0x63, 0x08, 0x63, 0x08, 0x63, 0x08, 0x63, 0x08, 0x63, 0x08, 0x63, 0x08, 0x63, 0x08, 0x63, 0x08,
  0x63, 0x08, 0x63, 0x08, 0x63, 0x08, 0x63, 0x08, 0x63, 0x08, 0x63, 0x08, 0x63, 0x08, 0x63, 0x08,
  0x63, 0x08, 0x63, 0x08, 0x63, 0x08, 0x63, 0x08, 0x63, 0x08, 0x63, 0x08, 0x63, 0x08, 0x63, 0x08,
  0x63, 0x08, 0x83, 0x08, 0x83, 0x08, 0x42, 0x00, 0x42, 0x00, 0x89, 0x31, 0x54, 0x7B, 0x7A, 0xA4,
  0x9B, 0xAC, 0x59, 0xA4, 0x39, 0x9C, 0x39, 0x9C, 0x59, 0x9C, 0x5A, 0x9C, 0x5A, 0x9C, 0x5A, 0x9C,
  0x39, 0x94, 0x9C, 0xA4, 0xEC, 0x41, 0x21, 0x00, 0x83, 0x08, 0x63, 0x08, 0x63, 0x08, 0x63, 0x08,
  0x63, 0x08, 0x63, 0x08, 0x63, 0x08, 0x63, 0x08, 0x63, 0x08, 0x63, 0x08, 0x63, 0x08, 0x63, 0x08,
  0x63, 0x08, 0x63, 0x08, 0x63, 0x08, 0x63, 0x08, 0x63, 0x08, 0x63, 0x08, 0x63, 0x08, 0x63, 0x08,
  0x63, 0x08, 0x63, 0x08, 0x63, 0x08, 0x63, 0x08, 0x63, 0x08, 0x63, 0x08, 0x63, 0x08, 0x63, 0x08,
  0x63, 0x08, 0x63, 0x08, 0x63, 0x08, 0x63, 0x08, 0x63, 0x08, 0x63, 0x08, 0x63, 0x08, 0x63, 0x08,
  0x63, 0x08, 0x63, 0x08, 0x63, 0x08, 0x63, 0x08, 0x63, 0x08, 0x63, 0x08, 0x63, 0x08, 0x63, 0x08,
  0x63, 0x08, 0x63, 0x08, 0x63, 0x08, 0x63, 0x08, 0x63, 0x08, 0x63, 0x08, 0x63, 0x08, 0x63, 0x08,
  0x63, 0x08, 0x63, 0x08, 0x63, 0x08, 0x63, 0x08, 0x63, 0x08, 0x63, 0x08, 0x63, 0x08, 0x63, 0x08,
  0x63, 0x08, 0x63, 0x08, 0x63, 0x08, 0x63, 0x08, 0x63, 0x08, 0x63, 0x08, 0x63, 0x08, 0x63, 0x08,
  0x63, 0x08, 0x63, 0x08, 0x63, 0x08, 0x63, 0x08, 0x63, 0x08, 0x63, 0x08, 0x63, 0x08, 0x63, 0x08,
  0x63, 0x08, 0x63, 0x08, 0x63, 0x08, 0x63, 0x08, 0x63, 0x08, 0x63, 0x08, 0x63, 0x08, 0x63, 0x08,
  0x63, 0x08, 0x63, 0x08, 0x63, 0x08, 0x63, 0x08, 0x63, 0x08, 0x63, 0x08, 0x63, 0x08, 0x63, 0x08,
  0x63, 0x08, 0x63, 0x08, 0x63, 0x08, 0x63, 0x08, 0x63, 0x08, 0x63, 0x08, 0x63, 0x08, 0x63, 0x08,
  0x63, 0x08, 0x63, 0x08, 0x63, 0x08, 0x63, 0x08, 0x63, 0x08, 0x63, 0x08, 0x63, 0x08, 0x63, 0x08,
  0x63, 0x08, 0x63, 0x08, 0x63, 0x08, 0x63, 0x08, 0x63, 0x08, 0x63, 0x08, 0x63, 0x08, 0x63, 0x08,
  0x63, 0x08, 0x63, 0x08, 0x63, 0x08, 0x63, 0x08, 0x63, 0x08, 0x63, 0x08, 0x63, 0x08, 0x63, 0x08,
  0x63, 0x08, 0x63, 0x08, 0x63, 0x08, 0x63, 0x08, 0x63, 0x08, 0x63, 0x08, 0x63, 0x08, 0x63, 0x08,
  0x63, 0x08, 0x63, 0x08, 0x63, 0x08, 0x63, 0x08, 0x63, 0x08, 0x63, 0x08, 0x63, 0x08, 0x63, 0x08,
  0x63, 0x08, 0x63, 0x08, 0x63, 0x08, 0x63, 0x08, 0x63, 0x08, 0x63, 0x08, 0x63, 0x08, 0x63, 0x08,
  0x63, 0x08, 0x63, 0x08, 0x63, 0x08, 0x63, 0x08, 0x63, 0x08, 0x63, 0x08, 0x63, 0x08, 0x63, 0x08,
  0x63, 0x08, 0x63, 0x08, 0x63, 0x08, 0x63, 0x08, 0x63, 0x08, 0x63, 0x08, 0x83, 0x08, 0x42, 0x00,
  0xA9, 0x8A, 0x2D, 0xE4, 0xCC, 0xD3, 0xEC, 0xD3, 0xED, 0xD3, 0xED, 0xD3, 0xED, 0xD3, 0xED, 0xD3,
  0xED, 0xD3, 0xED, 0xD3, 0xEE, 0xD3, 0xEE, 0xD3, 0xEE, 0xD3, 0xEE, 0xD3, 0xEE, 0xD3, 0x05, 0x29,
  0x43, 0x00, 0x83, 0x08, 0x63, 0x08, 0x63, 0x08, 0x63, 0x08, 0x63, 0x08, 0x63, 0x08, 0x63, 0x08,
  0x63, 0x08, 0x63, 0x08, 0x63, 0x08, 0x63, 0x08, 0x63, 0x08, 0x63, 0x08, 0x63, 0x08, 0x63, 0x08,
  0x63, 0x08, 0x63, 0x08, 0x63, 0x08, 0x63, 0x08, 0x63, 0x08, 0x63, 0x08, 0x63, 0x08, 0x63, 0x08,
  0x63, 0x08, 0x63, 0x08, 0x63, 0x08, 0x63, 0x08, 0x63, 0x08, 0x63, 0x08, 0x63, 0x08, 0x63, 0x08,
  0x63, 0x08, 0x63, 0x08, 0x63, 0x08, 0x63, 0x08, 0x63, 0x08, 0x63, 0x08, 0x63, 0x08, 0x63, 0x08,
  0x83, 0x08, 0x63, 0x08, 0x22, 0x00, 0x27, 0x29, 0x33, 0x7B, 0x7A, 0xAC, 0x7A, 0xAC, 0x39, 0x9C,
  0x39, 0x9C, 0x59, 0x9C, 0x59, 0x9C, 0x59, 0x9C, 0x5A, 0x9C, 0x5A, 0x9C, 0x5A, 0x9C, 0x5A, 0x9C,
  0x3A, 0x94, 0x9C, 0xA4, 0xB0, 0x5A, 0x21, 0x00, 0x83, 0x08, 0x63, 0x08, 0x63, 0x08, 0x63, 0x08,
  0x63, 0x08, 0x63, 0x08, 0x63, 0x08, 0x63, 0x08, 0x63, 0x08, 0x63, 0x08, 0x63, 0x08, 0x63, 0x08,
  0x63, 0x08, 0x63, 0x08, 0x63, 0x08, 0x63, 0x08, 0x63, 0x08, 0x63, 0x08, 0x63, 0x08, 0x63, 0x08,
  0x63, 0x08, 0x63, 0x08, 0x63, 0x08, 0x63, 0x08, 0x63, 0x08, 0x63, 0x08, 0x63, 0x08, 0x63, 0x08,
  0x63, 0x08, 0x63, 0x08, 0x63, 0x08, 0x63, 0x08, 0x63, 0x08, 0x63, 0x08, 0x63, 0x08, 0x63, 0x08,
  0x63, 0x08, 0x63, 0x08, 0x63, 0x08, 0x63, 0x08, 0x63, 0x08, 0x63, 0x08, 0x63, 0x08, 0x63, 0x08,
  0x63, 0x08, 0x63, 0x08, 0x63, 0x08, 0x63, 0x08, 0x63, 0x08, 0x63, 0x08, 0x63, 0x08, 0x63, 0x08,
  0x63, 0x08, 0x63, 0x08, 0x63, 0x08, 0x63, 0x08, 0x63, 0x08, 0x63, 0x08, 0x63, 0x08, 0x63, 0x08,
  0x63, 0x08, 0x63, 0x08, 0x63, 0x08, 0x63, 0x08, 0x63, 0x08, 0x63, 0x08, 0x63, 0x08, 0x63, 0x08,
  0x63, 0x08, 0x63, 0x08, 0x63, 0x08, 0x63, 0x08, 0x63, 0x08, 0x63, 0x08, 0x63, 0x08, 0x63, 0x08,
  0x63, 0x08, 0x63, 0x08, 0x63, 0x08, 0x63, 0x08, 0x63, 0x08, 0x63, 0x08, 0x63, 0x08, 0x63, 0x08,
  0x63, 0x08, 0x63, 0x08, 0x63, 0x08, 0x63, 0x08, 0x63, 0x08, 0x63, 0x08, 0x63, 0x08, 0x63, 0x08,
  0x63, 0x08, 0x63, 0x08, 0x63, 0x08, 0x63, 0x08, 0x63, 0x08, 0x63, 0x08, 0x63, 0x08, 0x63, 0x08,
  0x63, 0x08, 0x63, 0x08, 0x63, 0x08, 0x63, 0x08, 0x63, 0x08, 0x63, 0x08, 0x63, 0x08, 0x63, 0x08,
  0x63, 0x08, 0x63, 0x08, 0x63, 0x08, 0x63, 0x08, 0x63, 0x08, 0x63, 0x08, 0x63, 0x08, 0x63, 0x08,
  0x63, 0x08, 0x63, 0x08, 0x63, 0x08, 0x63, 0x08, 0x63, 0x08, 0x63, 0x08, 0x63, 0x08, 0x63, 0x08,
  0x63, 0x08, 0x63, 0x08, 0x63, 0x08, 0x63, 0x08, 0x63, 0x08, 0x63, 0x08, 0x63, 0x08, 0x63, 0x08,
  0x63, 0x08, 0x63, 0x08, 0x63, 0x08, 0x63, 0x08, 0x63, 0x08, 0x63, 0x08, 0x63, 0x08, 0x63, 0x08,
  0x63, 0x08, 0x63, 0x08, 0x63, 0x08, 0x63, 0x08, 0x63, 0x08, 0x63, 0x08, 0x63, 0x08, 0x63, 0x08,
  0x63, 0x08, 0x63, 0x08, 0x63, 0x08, 0x63, 0x08, 0x63, 0x08, 0x63, 0x08, 0x63, 0x08, 0x63, 0x08,
  0x63, 0x08, 0x63, 0x08, 0x63, 0x08, 0x63, 0x08, 0x63, 0x08, 0x63, 0x08, 0x83, 0x08, 0x63, 0x00,
  0xE4, 0x20, 0xCC, 0xCB, 0xEC, 0xD3, 0xEC, 0xD3, 0xED, 0xD3, 0xED, 0xD3, 0xED, 0xD3, 0xED, 0xD3,
  0xED, 0xD3, 0xED, 0xD3, 0xEE, 0xD3, 0xEE, 0xD3, 0xCE, 0xCB, 0x2F, 0xDC, 0x49, 0x72, 0x22, 0x00,
  0x83, 0x08, 0x63, 0x08, 0x63, 0x08, 0x63, 0x08, 0x63, 0x08, 0x63, 0x08, 0x63, 0x08, 0x63, 0x08,
  0x63, 0x08, 0x63, 0x08, 0x63, 0x08, 0x63, 0x08, 0x63, 0x08, 0x63, 0x08, 0x63, 0x08, 0x63, 0x08,
  0x63, 0x08, 0x63, 0x08, 0x63, 0x08, 0x63, 0x08, 0x63, 0x08, 0x63, 0x08, 0x63, 0x08, 0x63, 0x08,
  0x63, 0x08, 0x63, 0x08, 0x63, 0x08, 0x63, 0x08, 0x63, 0x08, 0x63, 0x08, 0x63, 0x08, 0x63, 0x08,
  0x63, 0x08, 0x63, 0x08, 0x63, 0x08, 0x63, 0x08, 0x63, 0x08, 0x63, 0x08, 0x83, 0x08, 0x83, 0x08,
  0x42, 0x00, 0xA4, 0x10, 0xAF, 0x62, 0x59, 0xA4, 0x7A, 0xAC, 0x38, 0xA4, 0x39, 0x9C, 0x59, 0xA4,
  0x59, 0x9C, 0x59, 0x9C, 0x59, 0x9C, 0x59, 0x9C, 0x5A, 0x9C, 0x5A, 0x9C, 0x5A, 0x9C, 0x5A, 0x9C,
  0x3A, 0x94, 0x9C, 0xA4, 0xB0, 0x5A, 0x22, 0x00, 0x83, 0x08, 0x63, 0x08, 0x63, 0x08, 0x63, 0x08,
  0x63, 0x08, 0x63, 0x08, 0x63, 0x08, 0x63, 0x08, 0x63, 0x08, 0x63, 0x08, 0x63, 0x08, 0x63, 0x08,
  0x63, 0x08, 0x63, 0x08, 0x63, 0x08, 0x63, 0x08, 0x63, 0x08, 0x63, 0x08, 0x63, 0x08, 0x63, 0x08,
  0x63, 0x08, 0x63, 0x08, 0x63, 0x08, 0x63, 0x08, 0x63, 0x08, 0x63, 0x08, 0x63, 0x08, 0x63, 0x08,
  0x63, 0x08, 0x63, 0x08, 0x63, 0x08, 0x63, 0x08, 0x63, 0x08, 0x63, 0x08, 0x63, 0x08, 0x63, 0x08,
  0x63, 0x08, 0x63, 0x08, 0x63, 0x08, 0x63, 0x08, 0x63, 0x08, 0x63, 0x08, 0x63, 0x08, 0x63, 0x08,
  0x63, 0x08, 0x63, 0x08, 0x63, 0x08, 0x63, 0x08, 0x63, 0x08, 0x63, 0x08, 0x63, 0x08, 0x63, 0x08,
  0x63, 0x08, 0x63, 0x08, 0x63, 0x08, 0x63, 0x08, 0x63, 0x08, 0x63, 0x08, 0x63, 0x08, 0x63, 0x08,
  0x63, 0x08, 0x63, 0x08, 0x63, 0x08, 0x63, 0x08, 0x63, 0x08, 0x63, 0x08, 0x63, 0x08, 0x63, 0x08,
  0x63, 0x08, 0x63, 0x08, 0x63, 0x08, 0x63, 0x08, 0x63, 0x08, 0x63, 0x08, 0x63, 0x08, 0x63, 0x08,
  0x63, 0x08, 0x63, 0x08, 0x63, 0x08, 0x63, 0x08, 0x63, 0x08, 0x63, 0x08, 0x63, 0x08, 0x63, 0x08,
  0x63, 0x08, 0x63, 0x08, 0x63, 0x08, 0x63, 0x08, 0x63, 0x08, 0x63, 0x08, 0x63, 0x08, 0x63, 0x08,
  0x63, 0x08, 0x63, 0x08, 0x63, 0x08, 0x63, 0x08, 0x63, 0x08, 0x63, 0x08, 0x63, 0x08, 0x63, 0x08,
  0x63, 0x08, 0x63, 0x08, 0x63, 0x08, 0x63, 0x08, 0x63, 0x08, 0x63, 0x08, 0x63, 0x08, 0x63, 0x08,
  0x63, 0x08, 0x63, 0x08, 0x63, 0x08, 0x63, 0x08, 0x63, 0x08, 0x63, 0x08, 0x63, 0x08, 0x63, 0x08,
  0x63, 0x08, 0x63, 0x08, 0x63, 0x08, 0x63, 0x08, 0x63, 0x08, 0x63, 0x08, 0x63, 0x08, 0x63, 0x08,
  0x63, 0x08, 0x63, 0x08, 0x63, 0x08, 0x63, 0x08, 0x63, 0x08, 0x63, 0x08, 0x63, 0x08, 0x63, 0x08,
  0x63, 0x08, 0x63, 0x08, 0x63, 0x08, 0x63, 0x08, 0x63, 0x08, 0x63, 0x08, 0x63, 0x08, 0x63, 0x08,
  0x63, 0x08, 0x63, 0x08, 0x63, 0x08, 0x63, 0x08, 0x63, 0x08, 0x63, 0x08, 0x63, 0x08, 0x63, 0x08,
  0x63, 0x08, 0x63, 0x08, 0x63, 0x08, 0x63, 0x08, 0x63, 0x08, 0x63, 0x08, 0x63, 0x08, 0x63, 0x08,
  0x63, 0x08, 0x63, 0x08, 0x63, 0x08, 0x63, 0x08, 0x63, 0x08, 0x63, 0x08, 0x63, 0x08, 0x83, 0x08,
  0x22, 0x00, 0x88, 0x82, 0x2D, 0xE4, 0xCC, 0xD3, 0xED, 0xD3, 0xED, 0xD3, 0xED, 0xD3, 0xED, 0xD3,
  0xED, 0xD3, 0xED, 0xD3, 0xEE, 0xD3, 0xEE, 0xCB, 0x0E, 0xDC, 0x6C, 0xB3, 0x83, 0x08, 0x63, 0x08,
  0x63, 0x08, 0x63, 0x08, 0x63, 0x08, 0x63, 0x08, 0x63, 0x08, 0x63, 0x08, 0x63, 0x08, 0x63, 0x08,
  0x63, 0x08, 0x63, 0x08, 0x63, 0x08, 0x63, 0x08, 0x63, 0x08, 0x63, 0x08, 0x63, 0x08, 0x63, 0x08,
  0x63, 0x08, 0x63, 0x08, 0x63, 0x08, 0x63, 0x08, 0x63, 0x08, 0x63, 0x08, 0x63, 0x08, 0x63, 0x08,
  0x63, 0x08, 0x63, 0x08, 0x63, 0x08, 0x63, 0x08, 0x63, 0x08, 0x63, 0x08, 0x63, 0x08, 0x63, 0x08,
  0x63, 0x08, 0x63, 0x08, 0x63, 0x08, 0x63, 0x08, 0x63, 0x08, 0x83, 0x08, 0x63, 0x00, 0x42, 0x00,
  0xCA, 0x41, 0xF6, 0x9B, 0x7A, 0xB4, 0x38, 0xA4, 0x38, 0xA4, 0x59, 0xA4, 0x59, 0xA4, 0x59, 0xA4,
  0x59, 0x9C, 0x59, 0x9C, 0x59, 0x9C, 0x59, 0x9C, 0x5A, 0x9C, 0x5A, 0x9C, 0x5A, 0x9C, 0x5A, 0x9C,
  0x3A, 0x94, 0x9C, 0xA4, 0x4E, 0x4A, 0x21, 0x00, 0x83, 0x08, 0x63, 0x08, 0x63, 0x08, 0x63, 0x08,
  0x63, 0x08, 0x63, 0x08, 0x63, 0x08, 0x63, 0x08, 0x63, 0x08, 0x63, 0x08, 0x63, 0x08, 0x63, 0x08,
  0x63, 0x08, 0x63, 0x08, 0x63, 0x08, 0x63, 0x08, 0x63, 0x08, 0x63, 0x08, 0x63, 0x08, 0x63, 0x08,
  0x63, 0x08, 0x63, 0x08, 0x63, 0x08, 0x63, 0x08, 0x63, 0x08, 0x63, 0x08, 0x63, 0x08, 0x63, 0x08,
  0x63, 0x08, 0x63, 0x08, 0x63, 0x08, 0x63, 0x08, 0x63, 0x08, 0x63, 0x08, 0x63, 0x08, 0x63, 0x08,
  0x63, 0x08, 0x63, 0x08, 0x63, 0x08, 0x63, 0x08, 0x63, 0x08, 0x63, 0x08, 0x63, 0x08, 0x63, 0x08,
  0x63, 0x08, 0x63, 0x08, 0x63, 0x08, 0x63, 0x08, 0x63, 0x08, 0x63, 0x08, 0x63, 0x08, 0x63, 0x08,
  0x63, 0x08, 0x63, 0x08, 0x63, 0x08, 0x63, 0x08, 0x63, 0x08, 0x63, 0x08, 0x63, 0x08, 0x63, 0x08,
  0x63, 0x08, 0x63, 0x08, 0x63, 0x08, 0x63, 0x08, 0x63, 0x08, 0x63, 0x08, 0x63, 0x08, 0x63, 0x08,
  0x63, 0x08, 0x63, 0x08, 0x63, 0x08, 0x63, 0x08, 0x63, 0x08, 0x63, 0x08, 0x63, 0x08, 0x63, 0x08,
  0x63, 0x08, 0x63, 0x08, 0x63, 0x08, 0x63, 0x08, 0x63, 0x08, 0x63, 0x08, 0x63, 0x08, 0x63, 0x08,
  0x63, 0x08, 0x63, 0x08, 0x63, 0x08, 0x63, 0x08, 0x63, 0x08, 0x63, 0x08, 0x63, 0x08, 0x63, 0x08,
  0x63, 0x08, 0x63, 0x08, 0x63, 0x08, 0x63, 0x08, 0x63, 0x08, 0x63, 0x08, 0x63, 0x08, 0x63, 0x08,
  0x63, 0x08, 0x63, 0x08, 0x63, 0x08, 0x63, 0x08, 0x63, 0x08, 0x63, 0x08, 0x63, 0x08, 0x63, 0x08,
  0x63, 0x08, 0x63, 0x08, 0x63, 0x08, 0x63, 0x08, 0x63, 0x08, 0x63, 0x08, 0x63, 0x08, 0x63, 0x08,
  0x63, 0x08, 0x63, 0x08, 0x63, 0x08, 0x63, 0x08, 0x63, 0x08, 0x63, 0x08, 0x63, 0x08, 0x63, 0x08,
  0x63, 0x08, 0x63, 0x08, 0x63, 0x08, 0x63, 0x08, 0x63, 0x08, 0x63, 0x08, 0x63, 0x08, 0x63, 0x08,
  0x63, 0x08, 0x63, 0x08, 0x63, 0x08, 0x63, 0x08, 0x63, 0x08, 0x63, 0x08, 0x63, 0x08, 0x63, 0x08,
  0x63, 0x08, 0x63, 0x08, 0x63, 0x08, 0x63, 0x08, 0x63, 0x08, 0x63, 0x08, 0x63, 0x08, 0x63, 0x08,
  0x63, 0x08, 0x63, 0x08, 0x63, 0x08, 0x63, 0x08, 0x63, 0x08, 0x63, 0x08, 0x63, 0x08, 0x63, 0x08,
  0x63, 0x08, 0x63, 0x08, 0x63, 0x08, 0x63, 0x08, 0x63, 0x08, 0x63, 0x08, 0x63, 0x08, 0x83, 0x08,
  0x43, 0x00, 0x25, 0x31, 0xEC, 0xD3, 0xEC, 0xD3, 0xEC, 0xD3, 0xED, 0xD3, 0xED, 0xD3, 0xED, 0xD3,
  0xED, 0xD3, 0xED, 0xD3, 0xEE, 0xD3, 0xEE, 0xD3, 0x0E, 0xDC, 0x66, 0x39, 0x42, 0x00, 0x83, 0x08,
  0x63, 0x08, 0x63, 0x08, 0x63, 0x08, 0x63, 0x08, 0x63, 0x08, 0x63, 0x08, 0x63, 0x08, 0x63, 0x08,
  0x63, 0x08, 0x63, 0x08, 0x63, 0x08, 0x63, 0x08, 0x63, 0x08, 0x63, 0x08, 0x63, 0x08, 0x63, 0x08,
  0x63, 0x08, 0x63, 0x08, 0x63, 0x08, 0x63, 0x08, 0x63, 0x08, 0x63, 0x08, 0x63, 0x08, 0x63, 0x08,
  0x63, 0x08, 0x63, 0x08, 0x63, 0x08, 0x63, 0x08, 0x63, 0x08, 0x63, 0x08, 0x63, 0x08, 0x63, 0x08,
  0x63, 0x08, 0x63, 0x08, 0x63, 0x08, 0x63, 0x08, 0x83, 0x08, 0x42, 0x00, 0xC5, 0x10, 0xF1, 0x72,
  0x79, 0xB4, 0x58, 0xAC, 0x38, 0xA4, 0x38, 0xA4, 0x58, 0xA4, 0x59, 0xA4, 0x59, 0xA4, 0x59, 0xA4,
  0x59, 0x9C, 0x59, 0x9C, 0x59, 0x9C, 0x59, 0x9C, 0x5A, 0x9C, 0x5A, 0x9C, 0x5A, 0x9C, 0x5A, 0x9C,
  0x5A, 0x94, 0x7B, 0x9C, 0xAA, 0x31, 0x42, 0x00, 0x83, 0x08, 0x63, 0x08, 0x63, 0x08, 0x63, 0x08,
  0x63, 0x08, 0x63, 0x08, 0x63, 0x08, 0x63, 0x08, 0x63, 0x08, 0x63, 0x08, 0x63, 0x08, 0x63, 0x08,
  0x63, 0x08, 0x63, 0x08, 0x63, 0x08, 0x63, 0x08, 0x63, 0x08, 0x63, 0x08, 0x63, 0x08, 0x63, 0x08,
  0x63, 0x08, 0x63, 0x08, 0x63, 0x08, 0x63, 0x08, 0x63, 0x08, 0x63, 0x08, 0x63, 0x08, 0x63, 0x08,
  0x63, 0x08, 0x63, 0x08, 0x63, 0x08, 0x63, 0x08, 0x63, 0x08, 0x63, 0x08, 0x63, 0x08, 0x63, 0x08,
  0x63, 0x08, 0x63, 0x08, 0x63, 0x08, 0x63, 0x08, 0x63, 0x08, 0x63, 0x08, 0x63, 0x08, 0x63, 0x08,
  0x63, 0x08, 0x63, 0x08, 0x63, 0x08, 0x63, 0x08, 0x63, 0x08, 0x63, 0x08, 0x63, 0x08, 0x63, 0x08,
  0x63, 0x08, 0x63, 0x08, 0x63, 0x08, 0x63, 0x08, 0x63, 0x08, 0x63, 0x08, 0x63, 0x08, 0x63, 0x08,
  0x63, 0x08, 0x63, 0x08, 0x63, 0x08, 0x63, 0x08, 0x63, 0x08, 0x63, 0x08, 0x63, 0x08, 0x63, 0x08,
  0x63, 0x08, 0x63, 0x08, 0x63, 0x08, 0x63, 0x08, 0x63, 0x08, 0x63, 0x08, 0x63, 0x08, 0x63, 0x08,
  0x63, 0x08, 0x63, 0x08, 0x63, 0x08, 0x63, 0x08, 0x63, 0x08, 0x63, 0x08, 0x63, 0x08, 0x63, 0x08,
  0x63, 0x08, 0x63, 0x08, 0x63, 0x08, 0x63, 0x08, 0x63, 0x08, 0x63, 0x08, 0x63, 0x08, 0x63, 0x08,
  0x63, 0x08, 0x63, 0x08, 0x63, 0x08, 0x63, 0x08, 0x63, 0x08, 0x63, 0x08, 0x63, 0x08, 0x63, 0x08,
  0x63, 0x08, 0x63, 0x08, 0x63, 0x08, 0x63, 0x08, 0x63, 0x08, 0x63, 0x08, 0x63, 0x08, 0x63, 0x08,
  0x63, 0x08, 0x63, 0x08, 0x63, 0x08, 0x63, 0x08, 0x63, 0x08, 0x63, 0x08, 0x63, 0x08, 0x63, 0x08,
  0x63, 0x08, 0x63, 0x08, 0x63, 0x08, 0x63, 0x08, 0x63, 0x08, 0x63, 0x08, 0x63, 0x08, 0x63, 0x08,
  0x63, 0x08, 0x63, 0x08, 0x63, 0x08, 0x63, 0x08, 0x63, 0x08, 0x63, 0x08, 0x63, 0x08, 0x63, 0x08,
  0x63, 0x08, 0x63, 0x08, 0x63, 0x08, 0x63, 0x08, 0x63, 0x08, 0x63, 0x08, 0x63, 0x08, 0x63, 0x08,
  0x63, 0x08, 0x63, 0x08, 0x63, 0x08, 0x63, 0x08, 0x63, 0x08, 0x63, 0x08, 0x63, 0x08, 0x63, 0x08,
  0x63, 0x08, 0x63, 0x08, 0x63, 0x08, 0x63, 0x08, 0x63, 0x08, 0x63, 0x08, 0x63, 0x08, 0x63, 0x08,
  0x63, 0x08, 0x63, 0x08, 0x63, 0x08, 0x63, 0x08, 0x63, 0x08, 0x63, 0x08, 0x63, 0x08, 0x63, 0x08,
  0x63, 0x08, 0x63, 0x08, 0x4B, 0xAB, 0x0D, 0xDC, 0xEC, 0xD3, 0xED, 0xD3, 0xED, 0xD3, 0xED, 0xD3,
  0xED, 0xD3, 0xED, 0xD3, 0xCD, 0xCB, 0x2F, 0xDC, 0x69, 0x7A, 0x22, 0x00, 0x83, 0x08, 0x63, 0x08,
  0x63, 0x08, 0x63, 0x08, 0x63, 0x08, 0x63, 0x08, 0x63, 0x08, 0x63, 0x08, 0x63, 0x08, 0x63, 0x08,
  0x63, 0x08, 0x63, 0x08, 0x63, 0x08, 0x63, 0x08, 0x63, 0x08, 0x63, 0x08, 0x63, 0x08, 0x63, 0x08,
  0x63, 0x08, 0x63, 0x08, 0x63, 0x08, 0x63, 0x08, 0x63, 0x08, 0x63, 0x08, 0x63, 0x08, 0x63, 0x08,
  0x63, 0x08, 0x63, 0x08, 0x63, 0x08, 0x63, 0x08, 0x63, 0x08, 0x63, 0x08, 0x63, 0x08, 0x63, 0x08,
  0x63, 0x08, 0x63, 0x08, 0x83, 0x08, 0x63, 0x08, 0x22, 0x00, 0x89, 0x39, 0xF6, 0x9B, 0x79, 0xB4,
  0x37, 0xA4, 0x38, 0xA4, 0x38, 0xA4, 0x38, 0xA4, 0x58, 0xA4, 0x59, 0xA4, 0x59, 0xA4, 0x59, 0xA4,
  0x59, 0x9C, 0x59, 0x9C, 0x59, 0x9C, 0x59, 0x9C, 0x5A, 0x9C, 0x5A, 0x9C, 0x5A, 0x9C, 0x5A, 0x9C,
  0x5A, 0x9C, 0x19, 0x94, 0xC5, 0x18, 0x63, 0x08, 0x83, 0x08, 0x63, 0x08, 0x63, 0x08, 0x63, 0x08,
  0x63, 0x08, 0x63, 0x08, 0x63, 0x08, 0x63, 0x08, 0x63, 0x08, 0x63, 0x08, 0x63, 0x08, 0x63, 0x08,
  0x63, 0x08, 0x63, 0x08, 0x63, 0x08, 0x63, 0x08, 0x63, 0x08, 0x63, 0x08, 0x63, 0x08, 0x63, 0x08,
  0x63, 0x08, 0x63, 0x08, 0x63, 0x08, 0x63, 0x08, 0x63, 0x08, 0x63, 0x08, 0x63, 0x08, 0x63, 0x08,
  0x63, 0x08, 0x63, 0x08, 0x63, 0x08, 0x63, 0x08, 0x63, 0x08, 0x63, 0x08, 0x63, 0x08, 0x63, 0x08,
  0x63, 0x08, 0x63, 0x08, 0x63, 0x08, 0x63, 0x08, 0x63, 0x08, 0x63, 0x08, 0x63, 0x08, 0x63, 0x08,
  0x63, 0x08, 0x63, 0x08, 0x63, 0x08, 0x63, 0x08, 0x63, 0x08, 0x63, 0x08, 0x63, 0x08, 0x63, 0x08,
  0x63, 0x08, 0x63, 0x08, 0x63, 0x08, 0x63, 0x08, 0x63, 0x08, 0x63, 0x08, 0x63, 0x08, 0x63, 0x08,
  0x63, 0x08, 0x63, 0x08, 0x63, 0x08, 0x63, 0x08, 0x63, 0x08, 0x63, 0x08, 0x63, 0x08, 0x63, 0x08,
  0x63, 0x08, 0x63, 0x08, 0x63, 0x08, 0x63, 0x08, 0x63, 0x08, 0x63, 0x08, 0x63, 0x08, 0x63, 0x08,
  0x63, 0x08, 0x63, 0x08, 0x63, 0x08, 0x63, 0x08, 0x63, 0x08, 0x63, 0x08, 0x63, 0x08, 0x63, 0x08,
  0x63, 0x08, 0x63, 0x08, 0x63, 0x08, 0x63, 0x08, 0x63, 0x08, 0x63, 0x08, 0x63, 0x08, 0x63, 0x08,
  0x63, 0x08, 0x63, 0x08, 0x63, 0x08, 0x63, 0x08, 0x63, 0x08, 0x63, 0x08, 0x63, 0x08, 0x63, 0x08,
  0x63, 0x08, 0x63, 0x08, 0x63, 0x08, 0x63, 0x08, 0x63, 0x08, 0x63, 0x08, 0x63, 0x08, 0x63, 0x08,
  0x63, 0x08, 0x63, 0x08, 0x63, 0x08, 0x63, 0x08, 0x63, 0x08, 0x63, 0x08, 0x63, 0x08, 0x63, 0x08,
  0x63, 0x08, 0x63, 0x08, 0x63, 0x08, 0x63, 0x08, 0x63, 0x08, 0x63, 0x08, 0x63, 0x08, 0x63, 0x08,
  0x63, 0x08, 0x63, 0x08, 0x63, 0x08, 0x63, 0x08, 0x63, 0x08, 0x63, 0x08, 0x63, 0x08, 0x63, 0x08,
  0x63, 0x08, 0x63, 0x08, 0x63, 0x08, 0x63, 0x08, 0x63, 0x08, 0x63, 0x08, 0x63, 0x08, 0x63, 0x08,
  0x63, 0x08, 0x63, 0x08, 0x63, 0x08, 0x63, 0x08, 0x63, 0x08, 0x63, 0x08, 0x63, 0x08, 0x63, 0x08,
  0x63, 0x08, 0x63, 0x08, 0x63, 0x08, 0x63, 0x08, 0x63, 0x08, 0x63, 0x08, 0x63, 0x08, 0x63, 0x08,
  0x63, 0x08, 0x63, 0x08, 0x63, 0x08, 0x63, 0x08, 0x63, 0x08, 0x63, 0x08, 0x63, 0x08, 0x63, 0x08,
  0x83, 0x08, 0x22, 0x00, 0x68, 0x7A, 0x2D, 0xE4, 0xCC, 0xCB, 0xED, 0xD3, 0xED, 0xD3, 0xED, 0xD3,
  0xED, 0xD3, 0xED, 0xD3, 0x0E, 0xDC, 0x6C, 0xB3, 0x83, 0x10, 0x63, 0x08, 0x63, 0x08, 0x63, 0x08,
  0x63, 0x08, 0x63, 0x08, 0x63, 0x08, 0x63, 0x08, 0x63, 0x08, 0x63, 0x08, 0x63, 0x08, 0x63, 0x08,
  0x63, 0x08, 0x63, 0x08, 0x63, 0x08, 0x63, 0x08, 0x63, 0x08, 0x63, 0x08, 0x63, 0x08, 0x63, 0x08,
  0x63, 0x08, 0x63, 0x08, 0x63, 0x08, 0x63, 0x08, 0x63, 0x08, 0x63, 0x08, 0x63, 0x08, 0x63, 0x08,
  0x63, 0x08, 0x63, 0x08, 0x63, 0x08, 0x63, 0x08, 0x63, 0x08, 0x63, 0x08, 0x63, 0x08, 0x63, 0x08,
  0x63, 0x08, 0x83, 0x08, 0x42, 0x00, 0x63, 0x08, 0x8E, 0x62, 0x58, 0xB4, 0x58, 0xAC, 0x37, 0xA4,
  0x38, 0xA4, 0x38, 0xA4, 0x38, 0xA4, 0x38, 0xA4, 0x58, 0xA4, 0x59, 0xA4, 0x59, 0xA4, 0x59, 0xA4,
  0x59, 0x9C, 0x59, 0x9C, 0x59, 0x9C, 0x59, 0x9C, 0x5A, 0x9C, 0x5A, 0x9C, 0x5A, 0x9C, 0x3A, 0x9C,
  0x9B, 0xA4, 0x33, 0x6B, 0x42, 0x00, 0x83, 0x08, 0x63, 0x08, 0x63, 0x08, 0x63, 0x08, 0x63, 0x08,
  0x63, 0x08, 0x63, 0x08, 0x63, 0x08, 0x63, 0x08, 0x63, 0x08, 0x63, 0x08, 0x63, 0x08, 0x63, 0x08,
  0x63, 0x08, 0x63, 0x08, 0x63, 0x08, 0x63, 0x08, 0x63, 0x08, 0x63, 0x08, 0x63, 0x08, 0x63, 0x08,
  0x63, 0x08, 0x63, 0x08, 0x63, 0x08, 0x63, 0x08, 0x63, 0x08, 0x63, 0x08, 0x63, 0x08, 0x63, 0x08,
  0x63, 0x08, 0x63, 0x08, 0x63, 0x08, 0x63, 0x08, 0x63, 0x08, 0x63, 0x08, 0x63, 0x08, 0x63, 0x08,
  0x63, 0x08, 0x63, 0x08, 0x63, 0x08, 0x63, 0x08, 0x63, 0x08, 0x63, 0x08, 0x63, 0x08, 0x63, 0x08,
  0x63, 0x08, 0x63, 0x08, 0x63, 0x08, 0x63, 0x08, 0x63, 0x08, 0x63, 0x08, 0x63, 0x08, 0x63, 0x08,
  0x63, 0x08, 0x63, 0x08, 0x63, 0x08, 0x63, 0x08, 0x63, 0x08, 0x63, 0x08, 0x63, 0x08, 0x63, 0x08,
  0x63, 0x08, 0x63, 0x08, 0x63, 0x08, 0x63, 0x08, 0x63, 0x08, 0x63, 0x08, 0x63, 0x08, 0x63, 0x08,
  0x63, 0x08, 0x63, 0x08, 0x63, 0x08, 0x63, 0x08, 0x63, 0x08, 0x63, 0x08, 0x63, 0x08, 0x63, 0x08,
  0x63, 0x08, 0x63, 0x08, 0x63, 0x08, 0x63, 0x08, 0x63, 0x08, 0x63, 0x08, 0x63, 0x08, 0x63, 0x08,
  0x63, 0x08, 0x63, 0x08, 0x63, 0x08, 0x63, 0x08, 0x63, 0x08, 0x63, 0x08, 0x63, 0x08, 0x63, 0x08,
  0x63, 0x08, 0x63, 0x08, 0x63, 0x08, 0x63, 0x08, 0x63, 0x08, 0x63, 0x08, 0x63, 0x08, 0x63, 0x08,
  0x63, 0x08, 0x63, 0x08, 0x63, 0x08, 0x63, 0x08, 0x63, 0x08, 0x63, 0x08, 0x63, 0x08, 0x63, 0x08,
  0x63, 0x08, 0x63, 0x08, 0x63, 0x08, 0x63, 0x08, 0x63, 0x08, 0x63, 0x08, 0x63, 0x08, 0x63, 0x08,
  0x63, 0x08, 0x63, 0x08, 0x63, 0x08, 0x63, 0x08, 0x63, 0x08, 0x63, 0x08, 0x63, 0x08, 0x63, 0x08,
  0x63, 0x08, 0x63, 0x08, 0x63, 0x08, 0x63, 0x08, 0x63, 0x08, 0x63, 0x08, 0x63, 0x08, 0x63, 0x08,
  0x63, 0x08, 0x63, 0x08, 0x63, 0x08, 0x63, 0x08, 0x63, 0x08, 0x63, 0x08, 0x63, 0x08, 0x63, 0x08,
  0x63, 0x08, 0x63, 0x08, 0x63, 0x08, 0x63, 0x08, 0x63, 0x08, 0x63, 0x08, 0x63, 0x08, 0x63, 0x08,
  0x63, 0x08, 0x63, 0x08, 0x63, 0x08, 0x63, 0x08, 0x63, 0x08, 0x63, 0x08, 0x63, 0x08, 0x63, 0x08,
  0x63, 0x08, 0x63, 0x08, 0x63, 0x08, 0x63, 0x08, 0x63, 0x08, 0x63, 0x08, 0x63, 0x08, 0x63, 0x08,
  0x83, 0x08, 0x42, 0x00, 0xA6, 0x51, 0x2D, 0xDC, 0xEC, 0xD3, 0xED, 0xD3, 0xED, 0xD3, 0xED, 0xD3,
  0xED, 0xD3, 0xED, 0xD3, 0x0E, 0xD4, 0x46, 0x39, 0x42, 0x00, 0x83, 0x08, 0x63, 0x08, 0x63, 0x08,
  0x63, 0x08, 0x63, 0x08, 0x63, 0x08, 0x63, 0x08, 0x63, 0x08, 0x63, 0x08, 0x63, 0x08, 0x63, 0x08,
  0x63, 0x08, 0x63, 0x08, 0x63, 0x08, 0x63, 0x08, 0x63, 0x08, 0x63, 0x08, 0x63, 0x08, 0x63, 0x08,
  0x63, 0x08, 0x63, 0x08, 0x63, 0x08, 0x63, 0x08, 0x63, 0x08, 0x63, 0x08, 0x63, 0x08, 0x63, 0x08,
  0x63, 0x08, 0x63, 0x08, 0x63, 0x08, 0x63, 0x08, 0x63, 0x08, 0x63, 0x08, 0x63, 0x08, 0x63, 0x08,
  0x83, 0x08, 0x42, 0x00, 0xE5, 0x18, 0x72, 0x8B, 0x78, 0xBC, 0x37, 0xAC, 0x37, 0xAC, 0x37, 0xAC,
  0x38, 0xA4, 0x38, 0xA4, 0x38, 0xA4, 0x38, 0xA4, 0x58, 0xA4, 0x59, 0xA4, 0x59, 0xA4, 0x59, 0xA4,
  0x59, 0x9C, 0x59, 0x9C, 0x59, 0x9C, 0x59, 0x9C, 0x5A, 0x9C, 0x5A, 0x9C, 0x5A, 0x9C, 0x3A, 0x9C,
  0x9B, 0xA4, 0xCB, 0x39, 0x22, 0x00, 0x83, 0x08, 0x63, 0x08, 0x63, 0x08, 0x63, 0x08, 0x63, 0x08,
  0x63, 0x08, 0x63, 0x08, 0x63, 0x08, 0x63, 0x08, 0x63, 0x08, 0x63, 0x08, 0x63, 0x08, 0x63, 0x08,
  0x63, 0x08, 0x63, 0x08, 0x63, 0x08, 0x63, 0x08, 0x63, 0x08, 0x63, 0x08, 0x63, 0x08, 0x63, 0x08,
  0x63, 0x08, 0x63, 0x08, 0x63, 0x08, 0x63, 0x08, 0x63, 0x08, 0x63, 0x08, 0x63, 0x08, 0x63, 0x08,
  0x63, 0x08, 0x63, 0x08, 0x63, 0x08, 0x63, 0x08, 0x63, 0x08, 0x63, 0x08, 0x63, 0x08, 0x63, 0x08,
  0x63, 0x08, 0x63, 0x08, 0x63, 0x08, 0x63, 0x08, 0x63, 0x08, 0x63, 0x08, 0x63, 0x08, 0x63, 0x08,
  0x63, 0x08, 0x63, 0x08, 0x63, 0x08, 0x63, 0x08, 0x63, 0x08, 0x63, 0x08, 0x63, 0x08, 0x63, 0x08,
  0x63, 0x08, 0x63, 0x08, 0x63, 0x08, 0x63, 0x08, 0x63, 0x08, 0x63, 0x08, 0x63, 0x08, 0x63, 0x08,
  0x63, 0x08, 0x63, 0x08, 0x63, 0x08, 0x63, 0x08, 0x63, 0x08, 0x63, 0x08, 0x63, 0x08, 0x63, 0x08,
  0x63, 0x08, 0x63, 0x08, 0x63, 0x08, 0x63, 0x08, 0x63, 0x08, 0x63, 0x08, 0x63, 0x08, 0x63, 0x08,
  0x63, 0x08, 0x63, 0x08, 0x63, 0x08, 0x63, 0x08, 0x63, 0x08, 0x63, 0x08, 0x63, 0x08, 0x63, 0x08,
  0x63, 0x08, 0x63, 0x08, 0x63, 0x08, 0x63, 0x08, 0x63, 0x08, 0x63, 0x08, 0x63, 0x08, 0x63, 0x08,
  0x63, 0x08, 0x63, 0x08, 0x63, 0x08, 0x63, 0x08, 0x63, 0x08, 0x63, 0x08, 0x63, 0x08, 0x63, 0x08,
  0x63, 0x08, 0x63, 0x08, 0x63, 0x08, 0x63, 0x08, 0x63, 0x08, 0x63, 0x08, 0x63, 0x08, 0x63, 0x08,
  0x63, 0x08, 0x63, 0x08, 0x63, 0x08, 0x63, 0x08, 0x63, 0x08, 0x63, 0x08, 0x63, 0x08, 0x63, 0x08,
  0x63, 0x08, 0x63, 0x08, 0x63, 0x08, 0x63, 0x08, 0x63, 0x08, 0x63, 0x08, 0x63, 0x08, 0x63, 0x08,
  0x63, 0x08, 0x63, 0x08, 0x63, 0x08, 0x63, 0x08, 0x63, 0x08, 0x63, 0x08, 0x63, 0x08, 0x63, 0x08,
  0x63, 0x08, 0x63, 0x08, 0x63, 0x08, 0x63, 0x08, 0x63, 0x08, 0x63, 0x08, 0x63, 0x08, 0x63, 0x08,
  0x63, 0x08, 0x63, 0x08, 0x63, 0x08, 0x63, 0x08, 0x63, 0x08, 0x63, 0x08, 0x63, 0x08, 0x63, 0x08,
  0x63, 0x08, 0x63, 0x08, 0x63, 0x08, 0x63, 0x08, 0x63, 0x08, 0x63, 0x08, 0x63, 0x08, 0x63, 0x08,
  0x63, 0x08, 0x63, 0x08, 0x63, 0x08, 0x63, 0x08, 0x63, 0x08, 0x63, 0x08, 0x63, 0x08, 0x63, 0x08,
  0x83, 0x08, 0x43, 0x00, 0x25, 0x31, 0xED, 0xD3, 0xEC, 0xD3, 0xED, 0xD3, 0xED, 0xD3, 0xED, 0xD3,
  0xCD, 0xCB, 0x2E, 0xE4, 0x28, 0x72, 0x22, 0x00, 0x83, 0x08, 0x63, 0x08, 0x63, 0x08, 0x63, 0x08,
  0x63, 0x08, 0x63, 0x08, 0x63, 0x08, 0x63, 0x08, 0x63, 0x08, 0x63, 0x08, 0x63, 0x08, 0x63, 0x08,
  0x63, 0x08, 0x63, 0x08, 0x63, 0x08, 0x63, 0x08, 0x63, 0x08, 0x63, 0x08, 0x63, 0x08, 0x63, 0x08,
  0x63, 0x08, 0x63, 0x08, 0x63, 0x08, 0x63, 0x08, 0x63, 0x08, 0x63, 0x08, 0x63, 0x08, 0x63, 0x08,
  0x63, 0x08, 0x63, 0x08, 0x63, 0x08, 0x63, 0x08, 0x63, 0x08, 0x63, 0x08, 0x83, 0x08, 0x83, 0x08,
  0x22, 0x00, 0x88, 0x39, 0xF5, 0xA3, 0x57, 0xB4, 0x16, 0xAC, 0x37, 0xAC, 0x37, 0xAC, 0x37, 0xAC,
  0x38, 0xA4, 0x38, 0xA4, 0x38, 0xA4, 0x38, 0xA4, 0x58, 0xA4, 0x59, 0xA4, 0x59, 0xA4, 0x59, 0xA4,
  0x59, 0x9C, 0x59, 0x9C, 0x59, 0x9C, 0x59, 0x9C, 0x5A, 0x9C, 0x5A, 0x9C, 0x5A, 0x9C, 0x7B, 0x9C,
  0xD7, 0x8B, 0x84, 0x08, 0x63, 0x08, 0x63, 0x08, 0x63, 0x08, 0x63, 0x08, 0x63, 0x08, 0x63, 0x08,
  0x63, 0x08, 0x63, 0x08, 0x63, 0x08, 0x63, 0x08, 0x63, 0x08, 0x63, 0x08, 0x63, 0x08, 0x63, 0x08,
  0x63, 0x08, 0x63, 0x08, 0x63, 0x08, 0x63, 0x08, 0x63, 0x08, 0x63, 0x08, 0x63, 0x08, 0x63, 0x08,
  0x63, 0x08, 0x63, 0x08, 0x63, 0x08, 0x63, 0x08, 0x63, 0x08, 0x63, 0x08, 0x63, 0x08, 0x63, 0x08,
  0x63, 0x08, 0x63, 0x08, 0x63, 0x08, 0x63, 0x08, 0x63, 0x08, 0x63, 0x08, 0x63, 0x08, 0x63, 0x08,
  0x63, 0x08, 0x63, 0x08, 0x63, 0x08, 0x63, 0x08, 0x63, 0x08, 0x63, 0x08, 0x63, 0x08, 0x63, 0x08,
  0x63, 0x08, 0x63, 0x08, 0x63, 0x08, 0x63, 0x08, 0x63, 0x08, 0x63, 0x08, 0x63, 0x08, 0x63, 0x08,
  0x63, 0x08, 0x63, 0x08, 0x63, 0x08, 0x63, 0x08, 0x63, 0x08, 0x63, 0x08, 0x63, 0x08, 0x63, 0x08,
  0x63, 0x08, 0x63, 0x08, 0x63, 0x08, 0x63, 0x08, 0x63, 0x08, 0x63, 0x08, 0x63, 0x08, 0x63, 0x08,
  0x63, 0x08, 0x63, 0x08, 0x63, 0x08, 0x63, 0x08, 0x63, 0x08, 0x63, 0x08, 0x63, 0x08, 0x63, 0x08,
  0x63, 0x08, 0x63, 0x08, 0x63, 0x08, 0x63, 0x08, 0x63, 0x08, 0x63, 0x08, 0x63, 0x08, 0x63, 0x08,
  0x63, 0x08, 0x63, 0x08, 0x63, 0x08, 0x63, 0x08, 0x63, 0x08, 0x63, 0x08, 0x63, 0x08, 0x63, 0x08,
  0x63, 0x08, 0x63, 0x08, 0x63, 0x08, 0x63, 0x08, 0x63, 0x08, 0x63, 0x08, 0x63, 0x08, 0x63, 0x08,
  0x63, 0x08, 0x63, 0x08, 0x63, 0x08, 0x63, 0x08, 0x63, 0x08, 0x63, 0x08, 0x63, 0x08, 0x63, 0x08,
  0x63, 0x08, 0x63, 0x08, 0x63, 0x08, 0x63, 0x08, 0x63, 0x08, 0x63, 0x08, 0x63, 0x08, 0x63, 0x08,
  0x63, 0x08, 0x63, 0x08, 0x63, 0x08, 0x63, 0x08, 0x63, 0x08, 0x63, 0x08, 0x63, 0x08, 0x63, 0x08,
  0x63, 0x08, 0x63, 0x08, 0x63, 0x08, 0x63, 0x08, 0x63, 0x08, 0x63, 0x08, 0x63, 0x08, 0x63, 0x08,
  0x63, 0x08, 0x63, 0x08, 0x63, 0x08, 0x63, 0x08, 0x63, 0x08, 0x63, 0x08, 0x63, 0x08, 0x63, 0x08,
  0x63, 0x08, 0x63, 0x08, 0x63, 0x08, 0x63, 0x08, 0x63, 0x08, 0x63, 0x08, 0x63, 0x08, 0x63, 0x08,
  0x63, 0x08, 0x63, 0x08, 0x63, 0x08, 0x63, 0x08, 0x63, 0x08, 0x63, 0x08, 0x63, 0x08, 0x63, 0x08,
  0x63, 0x08, 0x63, 0x08, 0x63, 0x08, 0x63, 0x08, 0x63, 0x08, 0x63, 0x08, 0x63, 0x08, 0x63, 0x08,
  0x83, 0x08, 0x63, 0x00, 0xE4, 0x20, 0xCC, 0xCB, 0xED, 0xD3, 0xED, 0xD3, 0xED, 0xD3, 0xCD, 0xCB,
  0x0E, 0xDC, 0x2B, 0xA3, 0x63, 0x00, 0x63, 0x08, 0x63, 0x08, 0x63, 0x08, 0x63, 0x08, 0x63, 0x08,
  0x63, 0x08, 0x63, 0x08, 0x63, 0x08, 0x63, 0x08, 0x63, 0x08, 0x63, 0x08, 0x63, 0x08, 0x63, 0x08,
  0x63, 0x08, 0x63, 0x08, 0x63, 0x08, 0x63, 0x08, 0x63, 0x08, 0x63, 0x08, 0x63, 0x08, 0x63, 0x08,
  0x63, 0x08, 0x63, 0x08, 0x63, 0x08, 0x63, 0x08, 0x63, 0x08, 0x63, 0x08, 0x63, 0x08, 0x63, 0x08,
  0x63, 0x08, 0x63, 0x08, 0x63, 0x08, 0x63, 0x08, 0x63, 0x08, 0x83, 0x08, 0x63, 0x08, 0x42, 0x00,
  0x2C, 0x52, 0x57, 0xB4, 0x37, 0xB4, 0x16, 0xAC, 0x37, 0xAC, 0x37, 0xAC, 0x37, 0xAC, 0x37, 0xAC,
  0x38, 0xA4, 0x38, 0xA4, 0x38, 0xA4, 0x38, 0xA4, 0x58, 0xA4, 0x59, 0xA4, 0x59, 0xA4, 0x59, 0xA4,
  0x59, 0x9C, 0x59, 0x9C, 0x59, 0x9C, 0x59, 0x9C, 0x5A, 0x9C, 0x5A, 0x9C, 0x39, 0x9C, 0x9B, 0xA4,
  0x4E, 0x4A, 0x21, 0x00, 0x83, 0x08, 0x63, 0x08, 0x63, 0x08, 0x63, 0x08, 0x63, 0x08, 0x63, 0x08,
  0x63, 0x08, 0x63, 0x08, 0x63, 0x08, 0x63, 0x08, 0x63, 0x08, 0x63, 0x08, 0x63, 0x08, 0x63, 0x08,
  0x63, 0x08, 0x63, 0x08, 0x63, 0x08, 0x63, 0x08, 0x63, 0x08, 0x63, 0x08, 0x63, 0x08, 0x63, 0x08,
  0x63, 0x08, 0x63, 0x08, 0x63, 0x08, 0x63, 0x08, 0x63, 0x08, 0x63, 0x08, 0x63, 0x08, 0x63, 0x08,
  0x63, 0x08, 0x63, 0x08, 0x63, 0x08, 0x63, 0x08, 0x63, 0x08, 0x63, 0x08, 0x63, 0x08, 0x63, 0x08,
  0x63, 0x08, 0x63, 0x08, 0x63, 0x08, 0x63, 0x08, 0x63, 0x08, 0x63, 0x08, 0x63, 0x08, 0x63, 0x08,
  0x63, 0x08, 0x63, 0x08, 0x63, 0x08, 0x63, 0x08, 0x63, 0x08, 0x63, 0x08, 0x63, 0x08, 0x63, 0x08,
  0x63, 0x08, 0x63, 0x08, 0x63, 0x08, 0x63, 0x08, 0x63, 0x08, 0x63, 0x08, 0x63, 0x08, 0x63, 0x08,
  0x63, 0x08, 0x63, 0x08, 0x63, 0x08, 0x63, 0x08, 0x63, 0x08, 0x63, 0x08, 0x63, 0x08, 0x63, 0x08,
  0x63, 0x08, 0x63, 0x08, 0x63, 0x08, 0x63, 0x08, 0x63, 0x08, 0x63, 0x08, 0x63, 0x08, 0x63, 0x08,
  0x63, 0x08, 0x63, 0x08, 0x63, 0x08, 0x63, 0x08, 0x63, 0x08, 0x63, 0x08, 0x63, 0x08, 0x63, 0x08,
  0x63, 0x08, 0x63, 0x08, 0x63, 0x08, 0x63, 0x08, 0x63, 0x08, 0x63, 0x08, 0x63, 0x08, 0x63, 0x08,
  0x63, 0x08, 0x63, 0x08, 0x63, 0x08, 0x63, 0x08, 0x63, 0x08, 0x63, 0x08, 0x63, 0x08, 0x63, 0x08,
  0x63, 0x08, 0x63, 0x08, 0x63, 0x08, 0x63, 0x08, 0x63, 0x08, 0x63, 0x08, 0x63, 0x08, 0x63, 0x08,
  0x63, 0x08, 0x63, 0x08, 0x63, 0x08, 0x63, 0x08, 0x63, 0x08, 0x63, 0x08, 0x63, 0x08, 0x63, 0x08,
  0x63, 0x08, 0x63, 0x08, 0x63, 0x08, 0x63, 0x08, 0x63, 0x08, 0x63, 0x08, 0x63, 0x08, 0x63, 0x08,
  0x63, 0x08, 0x63, 0x08, 0x63, 0x08, 0x63, 0x08, 0x63, 0x08, 0x63, 0x08, 0x63, 0x08, 0x63, 0x08,
  0x63, 0x08, 0x63, 0x08, 0x63, 0x08, 0x63, 0x08, 0x63, 0x08, 0x63, 0x08, 0x63, 0x08, 0x63, 0x08,
  0x63, 0x08, 0x63, 0x08, 0x63, 0x08, 0x63, 0x08, 0x63, 0x08, 0x63, 0x08, 0x63, 0x08, 0x63, 0x08,
  0x63, 0x08, 0x63, 0x08, 0x63, 0x08, 0x63, 0x08, 0x63, 0x08, 0x63, 0x08, 0x63, 0x08, 0x63, 0x08,
  0x63, 0x08, 0x63, 0x08, 0x63, 0x08, 0x63, 0x08, 0x63, 0x08, 0x63, 0x08, 0x63, 0x08, 0x63, 0x08,
  0x83, 0x08, 0x63, 0x00, 0xC4, 0x18, 0xAC, 0xCB, 0xED, 0xD3, 0xED, 0xD3, 0xED, 0xD3, 0xED, 0xD3,
  0xCD, 0xCB, 0xE4, 0x20, 0x43, 0x00, 0x83, 0x08, 0x63, 0x08, 0x63, 0x08, 0x63, 0x08, 0x63, 0x08,
  0x63, 0x08, 0x63, 0x08, 0x63, 0x08, 0x63, 0x08, 0x63, 0x08, 0x63, 0x08, 0x63, 0x08, 0x63, 0x08,
  0x63, 0x08, 0x63, 0x08, 0x63, 0x08, 0x63, 0x08, 0x63, 0x08, 0x63, 0x08, 0x63, 0x08, 0x63, 0x08,
  0x63, 0x08, 0x63, 0x08, 0x63, 0x08, 0x63, 0x08, 0x63, 0x08, 0x63, 0x08, 0x63, 0x08, 0x63, 0x08,
  0x63, 0x08, 0x63, 0x08, 0x63, 0x08, 0x63, 0x08, 0x83, 0x08, 0x63, 0x00, 0x63, 0x08, 0xCF, 0x72,
  0x77, 0xBC, 0x36, 0xAC, 0x36, 0xAC, 0x36, 0xAC, 0x37, 0xAC, 0x37, 0xAC, 0x37, 0xAC, 0x37, 0xAC,
  0x38, 0xA4, 0x38, 0xA4, 0x38, 0xA4, 0x38, 0xA4, 0x58, 0xA4, 0x59, 0xA4, 0x59, 0xA4, 0x59, 0xA4,
  0x59, 0x9C, 0x59, 0x9C, 0x59, 0x9C, 0x59, 0x9C, 0x5A, 0x9C, 0x5A, 0x9C, 0x5A, 0x9C, 0x18, 0x8C,
  0xA5, 0x10, 0x63, 0x08, 0x83, 0x08, 0x63, 0x08, 0x63, 0x08, 0x63, 0x08, 0x63, 0x08, 0x63, 0x08,
  0x63, 0x08, 0x63, 0x08, 0x63, 0x08, 0x63, 0x08, 0x63, 0x08, 0x63, 0x08, 0x63, 0x08, 0x63, 0x08,
  0x63, 0x08, 0x63, 0x08, 0x63, 0x08, 0x63, 0x08, 0x63, 0x08, 0x63, 0x08, 0x63, 0x08, 0x63, 0x08,
  0x63, 0x08, 0x63, 0x08, 0x63, 0x08, 0x63, 0x08, 0x63, 0x08, 0x63, 0x08, 0x63, 0x08, 0x63, 0x08,
  0x63, 0x08, 0x63, 0x08, 0x63, 0x08, 0x63, 0x08, 0x63, 0x08, 0x63, 0x08, 0x63, 0x08, 0x63, 0x08,
  0x63, 0x08, 0x63, 0x08, 0x63, 0x08, 0x63, 0x08, 0x63, 0x08, 0x63, 0x08, 0x63, 0x08, 0x63, 0x08,
  0x63, 0x08, 0x63, 0x08, 0x63, 0x08, 0x63, 0x08, 0x63, 0x08, 0x63, 0x08, 0x63, 0x08, 0x63, 0x08,
  0x63, 0x08, 0x63, 0x08, 0x63, 0x08, 0x63, 0x08, 0x63, 0x08, 0x63, 0x08, 0x63, 0x08, 0x63, 0x08,
  0x63, 0x08, 0x63, 0x08, 0x63, 0x08, 0x63, 0x08, 0x63, 0x08, 0x63, 0x08, 0x63, 0x08, 0x63, 0x08,
  0x63, 0x08, 0x63, 0x08, 0x63, 0x08, 0x63, 0x08, 0x63, 0x08, 0x63, 0x08, 0x63, 0x08, 0x63, 0x08,
  0x63, 0x08, 0x63, 0x08, 0x63, 0x08, 0x63, 0x08, 0x63, 0x08, 0x63, 0x08, 0x63, 0x08, 0x63, 0x08,
  0x63, 0x08, 0x63, 0x08, 0x63, 0x08, 0x63, 0x08, 0x63, 0x08, 0x63, 0x08, 0x63, 0x08, 0x63, 0x08,
  0x63, 0x08, 0x63, 0x08, 0x63, 0x08, 0x63, 0x08, 0x63, 0x08, 0x63, 0x08, 0x63, 0x08, 0x63, 0x08,
  0x63, 0x08, 0x63, 0x08, 0x63, 0x08, 0x63, 0x08, 0x63, 0x08, 0x63, 0x08, 0x63, 0x08, 0x63, 0x08,
  0x63, 0x08, 0x63, 0x08, 0x63, 0x08, 0x63, 0x08, 0x63, 0x08, 0x63, 0x08, 0x63, 0x08, 0x63, 0x08,
  0x63, 0x08, 0x63, 0x08, 0x63, 0x08, 0x63, 0x08, 0x63, 0x08, 0x63, 0x08, 0x63, 0x08, 0x63, 0x08,
  0x63, 0x08, 0x63, 0x08, 0x63, 0x08, 0x63, 0x08, 0x63, 0x08, 0x63, 0x08, 0x63, 0x08, 0x63, 0x08,
  0x63, 0x08, 0x63, 0x08, 0x63, 0x08, 0x63, 0x08, 0x63, 0x08, 0x63, 0x08, 0x63, 0x08, 0x63, 0x08,
  0x63, 0x08, 0x63, 0x08, 0x63, 0x08, 0x63, 0x08, 0x63, 0x08, 0x63, 0x08, 0x63, 0x08, 0x63, 0x08,
  0x63, 0x08, 0x63, 0x08, 0x63, 0x08, 0x63, 0x08, 0x63, 0x08, 0x63, 0x08, 0x63, 0x08, 0x63, 0x08,
  0x63, 0x08, 0x63, 0x08, 0x63, 0x08, 0x63, 0x08, 0x63, 0x08, 0x63, 0x08, 0x63, 0x08, 0x63, 0x08,
  0x83, 0x08, 0x63, 0x00, 0xC4, 0x18, 0xCC, 0xCB, 0xED, 0xD3, 0xED, 0xD3, 0xED, 0xD3, 0x0E, 0xDC,
  0x86, 0x49, 0x42, 0x00, 0x83, 0x08, 0x63, 0x08, 0x63, 0x08, 0x63, 0x08, 0x63, 0x08, 0x63, 0x08,
  0x63, 0x08, 0x63, 0x08, 0x63, 0x08, 0x63, 0x08, 0x63, 0x08, 0x63, 0x08, 0x63, 0x08, 0x63, 0x08,
  0x63, 0x08, 0x63, 0x08, 0x63, 0x08, 0x63, 0x08, 0x63, 0x08, 0x63, 0x08, 0x63, 0x08, 0x63, 0x08,
  0x63, 0x08, 0x63, 0x08, 0x63, 0x08, 0x63, 0x08, 0x63, 0x08, 0x63, 0x08, 0x63, 0x08, 0x63, 0x08,
  0x63, 0x08, 0x63, 0x08, 0x63, 0x08, 0x83, 0x08, 0x42, 0x00, 0xA4, 0x10, 0x51, 0x8B, 0x77, 0xBC,
  0x16, 0xAC, 0x36, 0xAC, 0x36, 0xAC, 0x36, 0xAC, 0x37, 0xAC, 0x37, 0xAC, 0x37, 0xAC, 0x37, 0xAC,
  0x38, 0xA4, 0x38, 0xA4, 0x38, 0xA4, 0x38, 0xA4, 0x58, 0xA4, 0x59, 0xA4, 0x59, 0xA4, 0x59, 0xA4,
  0x59, 0x9C, 0x59, 0x9C, 0x59, 0x9C, 0x59, 0x9C, 0x5A, 0x9C, 0x39, 0x9C, 0x9B, 0xA4, 0x4E, 0x4A,
  0x21, 0x00, 0x83, 0x08, 0x63, 0x08, 0x63, 0x08, 0x63, 0x08, 0x63, 0x08, 0x63, 0x08, 0x63, 0x08,
  0x63, 0x08, 0x63, 0x08, 0x63, 0x08, 0x63, 0x08, 0x63, 0x08, 0x63, 0x08, 0x63, 0x08, 0x63, 0x08,
  0x63, 0x08, 0x63, 0x08, 0x63, 0x08, 0x63, 0x08, 0x63, 0x08, 0x63, 0x08, 0x63, 0x08, 0x63, 0x08,
  0x63, 0x08, 0x63, 0x08, 0x63, 0x08, 0x63, 0x08, 0x63, 0x08, 0x63, 0x08, 0x63, 0x08, 0x63, 0x08,
  0x63, 0x08, 0x63, 0x08, 0x63, 0x08, 0x63, 0x08, 0x63, 0x08, 0x63, 0x08, 0x63, 0x08, 0x63, 0x08,
  0x63, 0x08, 0x63, 0x08, 0x63, 0x08, 0x63, 0x08, 0x63, 0x08, 0x63, 0x08, 0x63, 0x08, 0x63, 0x08,
  0x63, 0x08, 0x63, 0x08, 0x63, 0x08, 0x63, 0x08, 0x63, 0x08, 0x63, 0x08, 0x63, 0x08, 0x63, 0x08,
  0x63, 0x08, 0x63, 0x08, 0x63, 0x08, 0x63, 0x08, 0x63, 0x08, 0x63, 0x08, 0x63, 0x08, 0x63, 0x08,
  0x63, 0x08, 0x63, 0x08, 0x63, 0x08, 0x63, 0x08, 0x63, 0x08, 0x63, 0x08, 0x63, 0x08, 0x63, 0x08,
  0x63, 0x08, 0x63, 0x08, 0x63, 0x08, 0x63, 0x08, 0x63, 0x08, 0x63, 0x08, 0x63, 0x08, 0x63, 0x08,
  0x63, 0x08, 0x63, 0x08, 0x63, 0x08, 0x63, 0x08, 0x63, 0x08, 0x63, 0x08, 0x63, 0x08, 0x63, 0x08,
  0x63, 0x08, 0x63, 0x08, 0x63, 0x08, 0x63, 0x08, 0x63, 0x08, 0x63, 0x08, 0x63, 0x08, 0x63, 0x08,
  0x63, 0x08, 0x63, 0x08, 0x63, 0x08, 0x63, 0x08, 0x63, 0x08, 0x63, 0x08, 0x63, 0x08, 0x63, 0x08,
  0x63, 0x08, 0x63, 0x08, 0x63, 0x08, 0x63, 0x08, 0x63, 0x08, 0x63, 0x08, 0x63, 0x08, 0x63, 0x08,
  0x63, 0x08, 0x63, 0x08, 0x63, 0x08, 0x63, 0x08, 0x63, 0x08, 0x63, 0x08, 0x63, 0x08, 0x63, 0x08,
  0x63, 0x08, 0x63, 0x08, 0x63, 0x08, 0x63, 0x08, 0x63, 0x08, 0x63, 0x08, 0x63, 0x08, 0x63, 0x08,
  0x63, 0x08, 0x63, 0x08, 0x63, 0x08, 0x63, 0x08, 0x63, 0x08, 0x63, 0x08, 0x63, 0x08, 0x63, 0x08,
  0x63, 0x08, 0x63, 0x08, 0x63, 0x08, 0x63, 0x08, 0x63, 0x08, 0x63, 0x08, 0x63, 0x08, 0x63, 0x08,
  0x63, 0x08, 0x63, 0x08, 0x63, 0x08, 0x63, 0x08, 0x63, 0x08, 0x63, 0x08, 0x63, 0x08, 0x63, 0x08,
  0x63, 0x08, 0x63, 0x08, 0x63, 0x08, 0x63, 0x08, 0x63, 0x08, 0x63, 0x08, 0x63, 0x08, 0x63, 0x08,
  0x63, 0x08, 0x63, 0x08, 0x63, 0x08, 0x63, 0x08, 0x63, 0x08, 0x63, 0x08, 0x63, 0x08, 0x63, 0x08,
  0x83, 0x08, 0x63, 0x00, 0xE4, 0x20, 0xCC, 0xCB, 0xED, 0xD3, 0xCC, 0xCB, 0x2E, 0xE4, 0x48, 0x72,
  0x22, 0x00, 0x83, 0x08, 0x63, 0x08, 0x63, 0x08, 0x63, 0x08, 0x63, 0x08, 0x63, 0x08, 0x63, 0x08,
  0x63, 0x08, 0x63, 0x08, 0x63, 0x08, 0x63, 0x08, 0x63, 0x08, 0x63, 0x08, 0x63, 0x08, 0x63, 0x08,
  0x63, 0x08, 0x63, 0x08, 0x63, 0x08, 0x63, 0x08, 0x63, 0x08, 0x63, 0x08, 0x63, 0x08, 0x63, 0x08,
  0x63, 0x08, 0x63, 0x08, 0x63, 0x08, 0x63, 0x08, 0x63, 0x08, 0x63, 0x08, 0x63, 0x08, 0x63, 0x08,
  0x63, 0x08, 0x63, 0x08, 0x83, 0x08, 0x42, 0x00, 0xE5, 0x18, 0x93, 0x9B, 0x56, 0xBC, 0x15, 0xAC,
  0x36, 0xB4, 0x36, 0xAC, 0x36, 0xAC, 0x36, 0xAC, 0x37, 0xAC, 0x37, 0xAC, 0x37, 0xAC, 0x37, 0xAC,
  0x38, 0xA4, 0x38, 0xA4, 0x38, 0xA4, 0x38, 0xA4, 0x58, 0xA4, 0x59, 0xA4, 0x59, 0xA4, 0x59, 0xA4,
  0x59, 0x9C, 0x59, 0x9C, 0x59, 0x9C, 0x59, 0x9C, 0x59, 0x9C, 0x7A, 0xA4, 0xD7, 0x8B, 0x84, 0x08,
  0x63, 0x08, 0x83, 0x08, 0x63, 0x08, 0x63, 0x08, 0x63, 0x08, 0x63, 0x08, 0x63, 0x08, 0x63, 0x08,
  0x63, 0x08, 0x63, 0x08, 0x63, 0x08, 0x63, 0x08, 0x63, 0x08, 0x63, 0x08, 0x63, 0x08, 0x63, 0x08,
  0x63, 0x08, 0x63, 0x08, 0x63, 0x08, 0x63, 0x08, 0x63, 0x08, 0x63, 0x08, 0x63, 0x08, 0x63, 0x08,
  0x63, 0x08, 0x63, 0x08, 0x63, 0x08, 0x63, 0x08, 0x63, 0x08, 0x63, 0x08, 0x63, 0x08, 0x63, 0x08,
  0x63, 0x08, 0x63, 0x08, 0x63, 0x08, 0x63, 0x08, 0x63, 0x08, 0x63, 0x08, 0x63, 0x08, 0x63, 0x08,
  0x63, 0x08, 0x63, 0x08, 0x63, 0x08, 0x63, 0x08, 0x63, 0x08, 0x63, 0x08, 0x63, 0x08, 0x63, 0x08,
  0x63, 0x08, 0x63, 0x08, 0x63, 0x08, 0x63, 0x08, 0x63, 0x08, 0x63, 0x08, 0x63, 0x08, 0x63, 0x08,
  0x63, 0x08, 0x63, 0x08, 0x63, 0x08, 0x63, 0x08, 0x63, 0x08, 0x63, 0x08, 0x63, 0x08, 0x63, 0x08,
  0x63, 0x08, 0x63, 0x08, 0x63, 0x08, 0x63, 0x08, 0x63, 0x08, 0x63, 0x08, 0x63, 0x08, 0x63, 0x08,
  0x63, 0x08, 0x63, 0x08, 0x63, 0x08, 0x63, 0x08, 0x63, 0x08, 0x63, 0x08, 0x63, 0x08, 0x63, 0x08,
  0x63, 0x08, 0x63, 0x08, 0x63, 0x08, 0x63, 0x08, 0x63, 0x08, 0x63, 0x08, 0x63, 0x08, 0x63, 0x08,
  0x63, 0x08, 0x63, 0x08, 0x63, 0x08, 0x63, 0x08, 0x63, 0x08, 0x63, 0x08, 0x63, 0x08, 0x63, 0x08,
  0x63, 0x08, 0x63, 0x08, 0x63, 0x08, 0x63, 0x08, 0x63, 0x08, 0x63, 0x08, 0x63, 0x08, 0x63, 0x08,
  0x63, 0x08, 0x63, 0x08, 0x63, 0x08, 0x63, 0x08, 0x63, 0x08, 0x63, 0x08, 0x63, 0x08, 0x63, 0x08,
  0x63, 0x08, 0x63, 0x08, 0x63, 0x08, 0x63, 0x08, 0x63, 0x08, 0x63, 0x08, 0x63, 0x08, 0x63, 0x08,
  0x63, 0x08, 0x63, 0x08, 0x63, 0x08, 0x63, 0x08, 0x63, 0x08, 0x63, 0x08, 0x63, 0x08, 0x63, 0x08,
  0x63, 0x08, 0x63, 0x08, 0x63, 0x08, 0x63, 0x08, 0x63, 0x08, 0x63, 0x08, 0x63, 0x08, 0x63, 0x08,
  0x63, 0x08, 0x63, 0x08, 0x63, 0x08, 0x63, 0x08, 0x63, 0x08, 0x63, 0x08, 0x63, 0x08, 0x63, 0x08,
  0x63, 0x08, 0x63, 0x08, 0x63, 0x08, 0x63, 0x08, 0x63, 0x08, 0x63, 0x08, 0x63, 0x08, 0x63, 0x08,
  0x63, 0x08, 0x63, 0x08, 0x63, 0x08, 0x63, 0x08, 0x63, 0x08, 0x63, 0x08, 0x63, 0x08, 0x63, 0x08,
  0x63, 0x08, 0x63, 0x08, 0x63, 0x08, 0x63, 0x08, 0x63, 0x08, 0x63, 0x08, 0x63, 0x08, 0x63, 0x08,
  0x83, 0x08, 0x43, 0x00, 0x45, 0x39, 0x0D, 0xDC, 0xCC, 0xCB, 0x2D, 0xDC, 0x0A, 0x9B, 0x63, 0x00,
  0x63, 0x08, 0x63, 0x08, 0x63, 0x08, 0x63, 0x08, 0x63, 0x08, 0x63, 0x08, 0x63, 0x08, 0x63, 0x08,
  0x63, 0x08, 0x63, 0x08, 0x63, 0x08, 0x63, 0x08, 0x63, 0x08, 0x63, 0x08, 0x63, 0x08, 0x63, 0x08,
  0x63, 0x08, 0x63, 0x08, 0x63, 0x08, 0x63, 0x08, 0x63, 0x08, 0x63, 0x08, 0x63, 0x08, 0x63, 0x08,
  0x63, 0x08, 0x63, 0x08, 0x63, 0x08, 0x63, 0x08, 0x63, 0x08, 0x63, 0x08, 0x63, 0x08, 0x63, 0x08,
  0x63, 0x08, 0x83, 0x08, 0x22, 0x00, 0x26, 0x29, 0xF4, 0xAB, 0x56, 0xBC, 0x35, 0xB4, 0x36, 0xB4,
  0x36, 0xB4, 0x16, 0xAC, 0x16, 0xAC, 0x36, 0xAC, 0x37, 0xAC, 0x37, 0xAC, 0x37, 0xAC, 0x37, 0xAC,
  0x38, 0xA4, 0x38, 0xA4, 0x38, 0xA4, 0x38, 0xA4, 0x58, 0xA4, 0x59, 0xA4, 0x59, 0xA4, 0x59, 0xA4,
  0x59, 0x9C, 0x59, 0x9C, 0x59, 0x9C, 0x59, 0x9C, 0x39, 0x9C, 0x9B, 0xA4, 0xCB, 0x39, 0x22, 0x00,
  0x83, 0x08, 0x63, 0x08, 0x63, 0x08, 0x63, 0x08, 0x63, 0x08, 0x63, 0x08, 0x63, 0x08, 0x63, 0x08,
  0x63, 0x08, 0x63, 0x08, 0x63, 0x08, 0x63, 0x08, 0x63, 0x08, 0x63, 0x08, 0x63, 0x08, 0x63, 0x08,
  0x63, 0x08, 0x63, 0x08, 0x63, 0x08, 0x63, 0x08, 0x63, 0x08, 0x63, 0x08, 0x63, 0x08, 0x63, 0x08,
  0x63, 0x08, 0x63, 0x08, 0x63, 0x08, 0x63, 0x08, 0x63, 0x08, 0x63, 0x08, 0x63, 0x08, 0x63, 0x08,
  0x63, 0x08, 0x63, 0x08, 0x63, 0x08, 0x63, 0x08, 0x63, 0x08, 0x63, 0x08, 0x63, 0x08, 0x63, 0x08,
  0x63, 0x08, 0x63, 0x08, 0x63, 0x08, 0x63, 0x08, 0x63, 0x08, 0x63, 0x08, 0x63, 0x08, 0x63, 0x08,
  0x63, 0x08, 0x63, 0x08, 0x63, 0x08, 0x63, 0x08, 0x63, 0x08, 0x63, 0x08, 0x63, 0x08, 0x63, 0x08,
  0x63, 0x08, 0x63, 0x08, 0x63, 0x08, 0x63, 0x08, 0x63, 0x08, 0x63, 0x08, 0x63, 0x08, 0x63, 0x08,
  0x63, 0x08, 0x63, 0x08, 0x63, 0x08, 0x63, 0x08, 0x63, 0x08, 0x63, 0x08, 0x63, 0x08, 0x63, 0x08,
  0x63, 0x08, 0x63, 0x08, 0x63, 0x08, 0x63, 0x08, 0x63, 0x08, 0x63, 0x08, 0x63, 0x08, 0x63, 0x08,
  0x63, 0x08, 0x63, 0x08, 0x63, 0x08, 0x63, 0x08, 0x63, 0x08, 0x63, 0x08, 0x63, 0x08, 0x63, 0x08,
  0x63, 0x08, 0x63, 0x08, 0x63, 0x08, 0x63, 0x08, 0x63, 0x08, 0x63, 0x08, 0x63, 0x08, 0x63, 0x08,
  0x63, 0x08, 0x63, 0x08, 0x63, 0x08, 0x63, 0x08, 0x63, 0x08, 0x63, 0x08, 0x63, 0x08, 0x63, 0x08,
  0x63, 0x08, 0x63, 0x08, 0x63, 0x08, 0x63, 0x08, 0x63, 0x08, 0x63, 0x08, 0x63, 0x08, 0x63, 0x08,
  0x63, 0x08, 0x63, 0x08, 0x63, 0x08, 0x63, 0x08, 0x63, 0x08, 0x63, 0x08, 0x63, 0x08, 0x63, 0x08,
  0x63, 0x08, 0x63, 0x08, 0x63, 0x08, 0x63, 0x08, 0x63, 0x08, 0x63, 0x08, 0x63, 0x08, 0x63, 0x08,
  0x63, 0x08, 0x63, 0x08, 0x63, 0x08, 0x63, 0x08, 0x63, 0x08, 0x63, 0x08, 0x63, 0x08, 0x63, 0x08,
  0x63, 0x08, 0x63, 0x08, 0x63, 0x08, 0x63, 0x08, 0x63, 0x08, 0x63, 0x08, 0x63, 0x08, 0x63, 0x08,
  0x63, 0x08, 0x63, 0x08, 0x63, 0x08, 0x63, 0x08, 0x63, 0x08, 0x63, 0x08, 0x63, 0x08, 0x63, 0x08,
  0x63, 0x08, 0x63, 0x08, 0x63, 0x08, 0x63, 0x08, 0x63, 0x08, 0x63, 0x08, 0x63, 0x08, 0x63, 0x08,
  0x63, 0x08, 0x63, 0x08, 0x63, 0x08, 0x63, 0x08, 0x63, 0x08, 0x63, 0x08, 0x63, 0x08, 0x63, 0x08,
  0x83, 0x08, 0x42, 0x00, 0xC7, 0x59, 0x0D, 0xDC, 0x0D, 0xD4, 0x6B, 0xBB, 0xA4, 0x10, 0x63, 0x00,
  0x83, 0x08, 0x63, 0x08, 0x63, 0x08, 0x63, 0x08, 0x63, 0x08, 0x63, 0x08, 0x63, 0x08, 0x63, 0x08,
  0x63, 0x08, 0x63, 0x08, 0x63, 0x08, 0x63, 0x08, 0x63, 0x08, 0x63, 0x08, 0x63, 0x08, 0x63, 0x08,
  0x63, 0x08, 0x63, 0x08, 0x63, 0x08, 0x63, 0x08, 0x63, 0x08, 0x63, 0x08, 0x63, 0x08, 0x63, 0x08,
  0x63, 0x08, 0x63, 0x08, 0x63, 0x08, 0x63, 0x08, 0x63, 0x08, 0x63, 0x08, 0x63, 0x08, 0x63, 0x08,
  0x83, 0x08, 0x42, 0x00, 0x88, 0x39, 0x56, 0xBC, 0x56, 0xBC, 0xF4, 0xA3, 0xD4, 0xA3, 0xF4, 0xA3,
  0x36, 0xAC, 0x77, 0xBC, 0x77, 0xBC, 0x37, 0xAC, 0x36, 0xAC, 0x37, 0xAC, 0x37, 0xAC, 0x37, 0xAC,
  0x38, 0xA4, 0x38, 0xA4, 0x38, 0xA4, 0x38, 0xA4, 0x58, 0xA4, 0x59, 0xA4, 0x59, 0xA4, 0x59, 0xA4,
  0x59, 0x9C, 0x59, 0x9C, 0x59, 0x9C, 0x39, 0x9C, 0x9B, 0xA4, 0x54, 0x73, 0x42, 0x00, 0x83, 0x08,
  0x63, 0x08, 0x63, 0x08, 0x63, 0x08, 0x63, 0x08, 0x63, 0x08, 0x63, 0x08, 0x63, 0x08, 0x63, 0x08,
  0x63, 0x08, 0x63, 0x08, 0x63, 0x08, 0x63, 0x08, 0x63, 0x08, 0x63, 0x08, 0x63, 0x08, 0x63, 0x08,
  0x63, 0x08, 0x63, 0x08, 0x63, 0x08, 0x63, 0x08, 0x63, 0x08, 0x63, 0x08, 0x63, 0x08, 0x63, 0x08,
  0x63, 0x08, 0x63, 0x08, 0x63, 0x08, 0x63, 0x08, 0x63, 0x08, 0x63, 0x08, 0x63, 0x08, 0x63, 0x08,
  0x63, 0x08, 0x63, 0x08, 0x63, 0x08, 0x63, 0x08, 0x63, 0x08, 0x63, 0x08, 0x63, 0x08, 0x63, 0x08,
  0x63, 0x08, 0x63, 0x08, 0x63, 0x08, 0x63, 0x08, 0x63, 0x08, 0x63, 0x08, 0x63, 0x08, 0x63, 0x08,
  0x63, 0x08, 0x63, 0x08, 0x63, 0x08, 0x63, 0x08, 0x63, 0x08, 0x63, 0x08, 0x63, 0x08, 0x63, 0x08,
  0x63, 0x08, 0x63, 0x08, 0x63, 0x08, 0x63, 0x08, 0x63, 0x08, 0x63, 0x08, 0x63, 0x08, 0x63, 0x08,
  0x63, 0x08, 0x63, 0x08, 0x63, 0x08, 0x63, 0x08, 0x63, 0x08, 0x63, 0x08, 0x63, 0x08, 0x63, 0x08,
  0x63, 0x08, 0x63, 0x08, 0x63, 0x08, 0x63, 0x08, 0x63, 0x08, 0x63, 0x08, 0x63, 0x08, 0x63, 0x08,
  0x63, 0x08, 0x63, 0x08, 0x63, 0x08, 0x63, 0x08, 0x63, 0x08, 0x63, 0x08, 0x63, 0x08, 0x63, 0x08,
  0x63, 0x08, 0x63, 0x08, 0x63, 0x08, 0x63, 0x08, 0x63, 0x08, 0x63, 0x08, 0x63, 0x08, 0x63, 0x08,
  0x63, 0x08, 0x63, 0x08, 0x63, 0x08, 0x63, 0x08, 0x63, 0x08, 0x63, 0x08, 0x63, 0x08, 0x63, 0x08,
  0x63, 0x08, 0x63, 0x08, 0x63, 0x08, 0x63, 0x08, 0x63, 0x08, 0x63, 0x08, 0x63, 0x08, 0x63, 0x08,
  0x63, 0x08, 0x63, 0x08, 0x63, 0x08, 0x63, 0x08, 0x63, 0x08, 0x63, 0x08, 0x63, 0x08, 0x63, 0x08,
  0x63, 0x08, 0x63, 0x08, 0x63, 0x08, 0x63, 0x08, 0x63, 0x08, 0x63, 0x08, 0x63, 0x08, 0x63, 0x08,
  0x63, 0x08, 0x63, 0x08, 0x63, 0x08, 0x63, 0x08, 0x63, 0x08, 0x63, 0x08, 0x63, 0x08, 0x63, 0x08,
  0x63, 0x08, 0x63, 0x08, 0x63, 0x08, 0x63, 0x08, 0x63, 0x08, 0x63, 0x08, 0x63, 0x08, 0x63, 0x08,
  0x63, 0x08, 0x63, 0x08, 0x63, 0x08, 0x63, 0x08, 0x63, 0x08, 0x63, 0x08, 0x63, 0x08, 0x63, 0x08,
  0x63, 0x08, 0x63, 0x08, 0x63, 0x08, 0x63, 0x08, 0x63, 0x08, 0x63, 0x08, 0x63, 0x08, 0x63, 0x08,
  0x63, 0x08, 0x63, 0x08, 0x63, 0x08, 0x63, 0x08, 0x63, 0x08, 0x63, 0x08, 0x63, 0x08, 0x63, 0x08,
  0x83, 0x08, 0x42, 0x00, 0x89, 0x82, 0x2D, 0xE4, 0xCC, 0xCB, 0x05, 0x29, 0x43, 0x00, 0x83, 0x08,
  0x63, 0x08, 0x63, 0x08, 0x63, 0x08, 0x63, 0x08, 0x63, 0x08, 0x63, 0x08, 0x63, 0x08, 0x63, 0x08,
  0x63, 0x08, 0x63, 0x08, 0x63, 0x08, 0x63, 0x08, 0x63, 0x08, 0x63, 0x08, 0x63, 0x08, 0x63, 0x08,
  0x63, 0x08, 0x63, 0x08, 0x63, 0x08, 0x63, 0x08, 0x63, 0x08, 0x63, 0x08, 0x63, 0x08, 0x63, 0x08,
  0x63, 0x08, 0x63, 0x08, 0x63, 0x08, 0x63, 0x08, 0x63, 0x08, 0x63, 0x08, 0x63, 0x08, 0x83, 0x08,
  0x42, 0x00, 0x27, 0x29, 0x51, 0x93, 0x2B, 0x5A, 0x26, 0x29, 0xC5, 0x18, 0xA4, 0x10, 0xA4, 0x10,
  0x06, 0x21, 0xCA, 0x41, 0xF0, 0x72, 0x16, 0xAC, 0x78, 0xB4, 0x37, 0xAC, 0x37, 0xAC, 0x37, 0xAC,
  0x38, 0xA4, 0x38, 0xA4, 0x38, 0xA4, 0x38, 0xA4, 0x58, 0xA4, 0x59, 0xA4, 0x59, 0xA4, 0x59, 0xA4,
  0x59, 0x9C, 0x59, 0x9C, 0x59, 0x9C, 0x5A, 0x9C, 0x59, 0x9C, 0x07, 0x21, 0x42, 0x00, 0x83, 0x08,
  0x63, 0x08, 0x63, 0x08, 0x63, 0x08, 0x63, 0x08, 0x63, 0x08, 0x63, 0x08, 0x63, 0x08, 0x63, 0x08,
  0x63, 0x08, 0x63, 0x08, 0x63, 0x08, 0x63, 0x08, 0x63, 0x08, 0x63, 0x08, 0x63, 0x08, 0x63, 0x08,
  0x63, 0x08, 0x63, 0x08, 0x63, 0x08, 0x63, 0x08, 0x63, 0x08, 0x63, 0x08, 0x63, 0x08, 0x63, 0x08,
  0x63, 0x08, 0x63, 0x08, 0x63, 0x08, 0x63, 0x08, 0x63, 0x08, 0x63, 0x08, 0x63, 0x08, 0x63, 0x08,
  0x63, 0x08, 0x63, 0x08, 0x63, 0x08, 0x63, 0x08, 0x63, 0x08, 0x63, 0x08, 0x63, 0x08, 0x63, 0x08,
  0x63, 0x08, 0x63, 0x08, 0x63, 0x08, 0x63, 0x08, 0x63, 0x08, 0x63, 0x08, 0x63, 0x08, 0x63, 0x08,
  0x63, 0x08, 0x63, 0x08, 0x63, 0x08, 0x63, 0x08, 0x63, 0x08, 0x63, 0x08, 0x63, 0x08, 0x63, 0x08,
  0x63, 0x08, 0x63, 0x08, 0x63, 0x08, 0x63, 0x08, 0x63, 0x08, 0x63, 0x08, 0x63, 0x08, 0x63, 0x08,
  0x63, 0x08, 0x63, 0x08, 0x63, 0x08, 0x63, 0x08, 0x63, 0x08, 0x63, 0x08, 0x63, 0x08, 0x63, 0x08,
  0x63, 0x08, 0x63, 0x08, 0x63, 0x08, 0x63, 0x08, 0x63, 0x08, 0x63, 0x08, 0x63, 0x08, 0x63, 0x08,
  0x63, 0x08, 0x63, 0x08, 0x63, 0x08, 0x63, 0x08, 0x63, 0x08, 0x63, 0x08, 0x63, 0x08, 0x63, 0x08,
  0x63, 0x08, 0x63, 0x08, 0x63, 0x08, 0x63, 0x08, 0x63, 0x08, 0x63, 0x08, 0x63, 0x08, 0x63, 0x08,
  0x63, 0x08, 0x63, 0x08, 0x63, 0x08, 0x63, 0x08, 0x63, 0x08, 0x63, 0x08, 0x63, 0x08, 0x63, 0x08,
  0x63, 0x08, 0x63, 0x08, 0x63, 0x08, 0x63, 0x08, 0x63, 0x08, 0x63, 0x08, 0x63, 0x08, 0x63, 0x08,
  0x63, 0x08, 0x63, 0x08, 0x63, 0x08, 0x63, 0x08, 0x63, 0x08, 0x63, 0x08, 0x63, 0x08, 0x63, 0x08,
  0x63, 0x08, 0x63, 0x08, 0x63, 0x08, 0x63, 0x08, 0x63, 0x08, 0x63, 0x08, 0x63, 0x08, 0x63, 0x08,
  0x63, 0x08, 0x63, 0x08, 0x63, 0x08, 0x63, 0x08, 0x63, 0x08, 0x63, 0x08, 0x63, 0x08, 0x63, 0x08,
  0x63, 0x08, 0x63, 0x08, 0x63, 0x08, 0x63, 0x08, 0x63, 0x08, 0x63, 0x08, 0x63, 0x08, 0x63, 0x08,
  0x63, 0x08, 0x63, 0x08, 0x63, 0x08, 0x63, 0x08, 0x63, 0x08, 0x63, 0x08, 0x63, 0x08, 0x63, 0x08,
  0x63, 0x08, 0x63, 0x08, 0x63, 0x08, 0x63, 0x08, 0x63, 0x08, 0x63, 0x08, 0x63, 0x08, 0x63, 0x08,
  0x63, 0x08, 0x63, 0x08, 0x63, 0x08, 0x63, 0x08, 0x63, 0x08, 0x63, 0x08, 0x63, 0x08, 0x63, 0x08,
  0x63, 0x08, 0x83, 0x08, 0x6B, 0xBB, 0x2D, 0xE4, 0x86, 0x41, 0x42, 0x00, 0x83, 0x08, 0x63, 0x08,
  0x63, 0x08, 0x63, 0x08, 0x63, 0x08, 0x63, 0x08, 0x63, 0x08, 0x63, 0x08, 0x63, 0x08, 0x63, 0x08,
  0x63, 0x08, 0x63, 0x08, 0x63, 0x08, 0x63, 0x08, 0x63, 0x08, 0x63, 0x08, 0x63, 0x08, 0x63, 0x08,
  0x63, 0x08, 0x63, 0x08, 0x63, 0x08, 0x63, 0x08, 0x63, 0x08, 0x63, 0x08, 0x63, 0x08, 0x63, 0x08,
  0x63, 0x08, 0x63, 0x08, 0x63, 0x08, 0x63, 0x08, 0x63, 0x08, 0x63, 0x08, 0x63, 0x08, 0x63, 0x08,
  0x63, 0x08, 0xA4, 0x10, 0x63, 0x08, 0x22, 0x00, 0x42, 0x00, 0x63, 0x00, 0x63, 0x08, 0x63, 0x08,
  0x42, 0x00, 0x42, 0x00, 0x42, 0x00, 0x06, 0x21, 0xF0, 0x72, 0x78, 0xB4, 0x37, 0xAC, 0x37, 0xA4,
  0x38, 0xA4, 0x38, 0xA4, 0x38, 0xA4, 0x38, 0xA4, 0x58, 0xA4, 0x59, 0xA4, 0x59, 0xA4, 0x59, 0xA4,
  0x59, 0x9C, 0x59, 0x9C, 0x39, 0x9C, 0x9B, 0xA4, 0x4E, 0x4A, 0x21, 0x00, 0x83, 0x08, 0x63, 0x08,
  0x63, 0x08, 0x63, 0x08, 0x63, 0x08, 0x63, 0x08, 0x63, 0x08, 0x63, 0x08, 0x63, 0x08, 0x63, 0x08,
  0x63, 0x08, 0x63, 0x08, 0x63, 0x08, 0x63, 0x08, 0x63, 0x08, 0x63, 0x08, 0x63, 0x08, 0x63, 0x08,
  0x63, 0x08, 0x63, 0x08, 0x63, 0x08, 0x63, 0x08, 0x63, 0x08, 0x63, 0x08, 0x63, 0x08, 0x63, 0x08,
  0x63, 0x08, 0x63, 0x08, 0x63, 0x08, 0x63, 0x08, 0x63, 0x08, 0x63, 0x08, 0x63, 0x08, 0x63, 0x08,
  0x63, 0x08, 0x63, 0x08, 0x63, 0x08, 0x63, 0x08, 0x63, 0x08, 0x63, 0x08, 0x63, 0x08, 0x63, 0x08,
  0x63, 0x08, 0x63, 0x08, 0x63, 0x08, 0x63, 0x08, 0x63, 0x08, 0x63, 0x08, 0x63, 0x08, 0x63, 0x08,
  0x63, 0x08, 0x63, 0x08, 0x63, 0x08, 0x63, 0x08, 0x63, 0x08, 0x63, 0x08, 0x63, 0x08, 0x63, 0x08,
  0x63, 0x08, 0x63, 0x08, 0x63, 0x08, 0x63, 0x08, 0x63, 0x08, 0x63, 0x08, 0x63, 0x08, 0x63, 0x08,
  0x63, 0x08, 0x63, 0x08, 0x63, 0x08, 0x63, 0x08, 0x63, 0x08, 0x63, 0x08, 0x63, 0x08, 0x63, 0x08,
  0x63, 0x08, 0x63, 0x08, 0x63, 0x08, 0x63, 0x08, 0x63, 0x08, 0x63, 0x08, 0x63, 0x08, 0x63, 0x08,
  0x63, 0x08, 0x63, 0x08, 0x63, 0x08, 0x63, 0x08, 0x63, 0x08, 0x63, 0x08, 0x63, 0x08, 0x63, 0x08,
  0x63, 0x08, 0x63, 0x08, 0x63, 0x08, 0x63, 0x08, 0x63, 0x08, 0x63, 0x08, 0x63, 0x08, 0x63, 0x08,
  0x63, 0x08, 0x63, 0x08, 0x63, 0x08, 0x63, 0x08, 0x63, 0x08, 0x63, 0x08, 0x63, 0x08, 0x63, 0x08,
  0x63, 0x08, 0x63, 0x08, 0x63, 0x08, 0x63, 0x08, 0x63, 0x08, 0x63, 0x08, 0x63, 0x08, 0x63, 0x08,
  0x63, 0x08, 0x63, 0x08, 0x63, 0x08, 0x63, 0x08, 0x63, 0x08, 0x63, 0x08, 0x63, 0x08, 0x63, 0x08,
  0x63, 0x08, 0x63, 0x08, 0x63, 0x08, 0x63, 0x08, 0x63, 0x08, 0x63, 0x08, 0x63, 0x08, 0x63, 0x08,
  0x63, 0x08, 0x63, 0x08, 0x63, 0x08, 0x63, 0x08, 0x63, 0x08, 0x63, 0x08, 0x63, 0x08, 0x63, 0x08,
  0x63, 0x08, 0x63, 0x08, 0x63, 0x08, 0x63, 0x08, 0x63, 0x08, 0x63, 0x08, 0x63, 0x08, 0x63, 0x08,
  0x63, 0x08, 0x63, 0x08, 0x63, 0x08, 0x63, 0x08, 0x63, 0x08, 0x63, 0x08, 0x63, 0x08, 0x63, 0x08,
  0x63, 0x08, 0x63, 0x08, 0x63, 0x08, 0x63, 0x08, 0x63, 0x08, 0x63, 0x08, 0x63, 0x08, 0x63, 0x08,
  0x63, 0x08, 0x63, 0x08, 0x63, 0x08, 0x63, 0x08, 0x63, 0x08, 0x63, 0x08, 0x63, 0x08, 0x83, 0x08,
  0x43, 0x00, 0x86, 0x49, 0x4D, 0xEC, 0xE7, 0x59, 0x22, 0x00, 0x83, 0x08, 0x63, 0x08, 0x63, 0x08,
  0x63, 0x08, 0x63, 0x08, 0x63, 0x08, 0x63, 0x08, 0x63, 0x08, 0x63, 0x08, 0x63, 0x08, 0x63, 0x08,
  0x63, 0x08, 0x63, 0x08, 0x63, 0x08, 0x63, 0x08, 0x63, 0x08, 0x63, 0x08, 0x63, 0x08, 0x63, 0x08,
  0x63, 0x08, 0x63, 0x08, 0x63, 0x08, 0x63, 0x08, 0x63, 0x08, 0x63, 0x08, 0x63, 0x08, 0x63, 0x08,
  0x63, 0x08, 0x63, 0x08, 0x63, 0x08, 0x63, 0x08, 0x63, 0x08, 0x63, 0x08, 0x63, 0x08, 0x63, 0x08,
  0x63, 0x08, 0x63, 0x08, 0x63, 0x08, 0x83, 0x08, 0x83, 0x08, 0x83, 0x08, 0x63, 0x08, 0x83, 0x08,
  0x83, 0x08, 0x83, 0x08, 0x83, 0x08, 0x42, 0x00, 0x22, 0x00, 0x0B, 0x4A, 0x58, 0xAC, 0x37, 0xAC,
  0x37, 0xA4, 0x38, 0xA4, 0x38, 0xA4, 0x38, 0xA4, 0x58, 0xA4, 0x59, 0xA4, 0x59, 0xA4, 0x59, 0xA4,
  0x59, 0x9C, 0x39, 0x9C, 0x7B, 0xA4, 0x75, 0x7B, 0x63, 0x08, 0x63, 0x08, 0x63, 0x08, 0x63, 0x08,
  0x63, 0x08, 0x63, 0x08, 0x63, 0x08, 0x63, 0x08, 0x63, 0x08, 0x63, 0x08, 0x63, 0x08, 0x63, 0x08,
  0x63, 0x08, 0x63, 0x08, 0x63, 0x08, 0x63, 0x08, 0x63, 0x08, 0x63, 0x08, 0x63, 0x08, 0x63, 0x08,
  0x63, 0x08, 0x63, 0x08, 0x63, 0x08, 0x63, 0x08, 0x63, 0x08, 0x63, 0x08, 0x63, 0x08, 0x63, 0x08,
  0x63, 0x08, 0x63, 0x08, 0x63, 0x08, 0x63, 0x08, 0x63, 0x08, 0x63, 0x08, 0x63, 0x08, 0x63, 0x08,
  0x63, 0x08, 0x63, 0x08, 0x63, 0x08, 0x63, 0x08, 0x63, 0x08, 0x63, 0x08, 0x63, 0x08, 0x63, 0x08,
  0x63, 0x08, 0x63, 0x08, 0x63, 0x08, 0x63, 0x08, 0x63, 0x08, 0x63, 0x08, 0x63, 0x08, 0x63, 0x08,
  0x63, 0x08, 0x63, 0x08, 0x63, 0x08, 0x63, 0x08, 0x63, 0x08, 0x63, 0x08, 0x63, 0x08, 0x63, 0x08,
  0x63, 0x08, 0x63, 0x08, 0x63, 0x08, 0x63, 0x08, 0x63, 0x08, 0x63, 0x08, 0x63, 0x08, 0x63, 0x08,
  0x63, 0x08, 0x63, 0x08, 0x63, 0x08, 0x63, 0x08, 0x63, 0x08, 0x63, 0x08, 0x63, 0x08, 0x63, 0x08,
  0x63, 0x08, 0x63, 0x08, 0x63, 0x08, 0x63, 0x08, 0x63, 0x08, 0x63, 0x08, 0x63, 0x08, 0x63, 0x08,
  0x63, 0x08, 0x63, 0x08, 0x63, 0x08, 0x63, 0x08, 0x63, 0x08, 0x63, 0x08, 0x63, 0x08, 0x63, 0x08,
  0x63, 0x08, 0x63, 0x08, 0x63, 0x08, 0x63, 0x08, 0x63, 0x08, 0x63, 0x08, 0x63, 0x08, 0x63, 0x08,
  0x63, 0x08, 0x63, 0x08, 0x63, 0x08, 0x63, 0x08, 0x63, 0x08, 0x63, 0x08, 0x63, 0x08, 0x63, 0x08,
  0x63, 0x08, 0x63, 0x08, 0x63, 0x08, 0x63, 0x08, 0x63, 0x08, 0x63, 0x08, 0x63, 0x08, 0x63, 0x08,
  0x63, 0x08, 0x63, 0x08, 0x63, 0x08, 0x63, 0x08, 0x63, 0x08, 0x63, 0x08, 0x63, 0x08, 0x63, 0x08,
  0x63, 0x08, 0x63, 0x08, 0x63, 0x08, 0x63, 0x08, 0x63, 0x08, 0x63, 0x08, 0x63, 0x08, 0x63, 0x08,
  0x63, 0x08, 0x63, 0x08, 0x63, 0x08, 0x63, 0x08, 0x63, 0x08, 0x63, 0x08, 0x63, 0x08, 0x63, 0x08,
  0x63, 0x08, 0x63, 0x08, 0x63, 0x08, 0x63, 0x08, 0x63, 0x08, 0x63, 0x08, 0x63, 0x08, 0x63, 0x08,
  0x63, 0x08, 0x63, 0x08, 0x63, 0x08, 0x63, 0x08, 0x63, 0x08, 0x63, 0x08, 0x63, 0x08, 0x63, 0x08,
  0x63, 0x08, 0x63, 0x08, 0x63, 0x08, 0x63, 0x08, 0x63, 0x08, 0x63, 0x08, 0x63, 0x08, 0x63, 0x08,
  0x63, 0x08, 0x63, 0x08, 0x63, 0x08, 0x63, 0x08, 0x63, 0x08, 0x63, 0x08, 0x63, 0x08, 0x83, 0x08,
  0x22, 0x00, 0xA9, 0x8A, 0x89, 0x82, 0x22, 0x00, 0x83, 0x08, 0x63, 0x08, 0x63, 0x08, 0x63, 0x08,
  0x63, 0x08, 0x63, 0x08, 0x63, 0x08, 0x63, 0x08, 0x63, 0x08, 0x63, 0x08, 0x63, 0x08, 0x63, 0x08,
  0x63, 0x08, 0x63, 0x08, 0x63, 0x08, 0x63, 0x08, 0x63, 0x08, 0x63, 0x08, 0x63, 0x08, 0x63, 0x08,
  0x63, 0x08, 0x63, 0x08, 0x63, 0x08, 0x63, 0x08, 0x63, 0x08, 0x63, 0x08, 0x63, 0x08, 0x63, 0x08,
  0x63, 0x08, 0x63, 0x08, 0x63, 0x08, 0x63, 0x08, 0x63, 0x08, 0x63, 0x08, 0x63, 0x08, 0x63, 0x08,
  0x63, 0x08, 0x63, 0x08, 0x63, 0x08, 0x63, 0x08, 0x63, 0x08, 0x63, 0x08, 0x63, 0x08, 0x63, 0x08,
  0x63, 0x08, 0x63, 0x08, 0x63, 0x08, 0x83, 0x08, 0x83, 0x08, 0x21, 0x00, 0xCA, 0x41, 0x58, 0xAC,
  0x38, 0xA4, 0x38, 0xA4, 0x38, 0xA4, 0x38, 0xA4, 0x58, 0xA4, 0x59, 0xA4, 0x59, 0xA4, 0x59, 0xA4,
  0x39, 0x9C, 0x59, 0xA4, 0x39, 0x9C, 0x06, 0x21, 0x42, 0x00, 0x83, 0x08, 0x63, 0x08, 0x63, 0x08,
  0x63, 0x08, 0x63, 0x08, 0x63, 0x08, 0x63, 0x08, 0x63, 0x08, 0x63, 0x08, 0x63, 0x08, 0x63, 0x08,
  0x63, 0x08, 0x63, 0x08, 0x63, 0x08, 0x63, 0x08, 0x63, 0x08, 0x63, 0x08, 0x63, 0x08, 0x63, 0x08,
  0x63, 0x08, 0x63, 0x08, 0x63, 0x08, 0x63, 0x08, 0x63, 0x08, 0x63, 0x08, 0x63, 0x08, 0x63, 0x08,
  0x63, 0x08, 0x63, 0x08, 0x63, 0x08, 0x63, 0x08, 0x63, 0x08, 0x63, 0x08, 0x63, 0x08, 0x63, 0x08,
  0x63, 0x08, 0x63, 0x08, 0x63, 0x08, 0x63, 0x08, 0x63, 0x08, 0x63, 0x08, 0x63, 0x08, 0x63, 0x08,
  0x63, 0x08, 0x63, 0x08, 0x63, 0x08, 0x63, 0x08, 0x63, 0x08, 0x63, 0x08, 0x63, 0x08, 0x63, 0x08,
  0x63, 0x08, 0x63, 0x08, 0x63, 0x08, 0x63, 0x08, 0x63, 0x08, 0x63, 0x08, 0x63, 0x08, 0x63, 0x08,
  0x63, 0x08, 0x63, 0x08, 0x63, 0x08, 0x63, 0x08, 0x63, 0x08, 0x63, 0x08, 0x63, 0x08, 0x63, 0x08,
  0x63, 0x08, 0x63, 0x08, 0x63, 0x08, 0x63, 0x08, 0x63, 0x08, 0x63, 0x08, 0x63, 0x08, 0x63, 0x08,
  0x63, 0x08, 0x63, 0x08, 0x63, 0x08, 0x63, 0x08, 0x63, 0x08, 0x63, 0x08, 0x63, 0x08, 0x63, 0x08,
  0x63, 0x08, 0x63, 0x08, 0x63, 0x08, 0x63, 0x08, 0x63, 0x08, 0x63, 0x08, 0x63, 0x08, 0x63, 0x08,
  0x63, 0x08, 0x63, 0x08, 0x63, 0x08, 0x63, 0x08, 0x63, 0x08, 0x63, 0x08, 0x63, 0x08, 0x63, 0x08,
  0x63, 0x08, 0x63, 0x08, 0x63, 0x08, 0x63, 0x08, 0x63, 0x08, 0x63, 0x08, 0x63, 0x08, 0x63, 0x08,
  0x63, 0x08, 0x63, 0x08, 0x63, 0x08, 0x63, 0x08, 0x63, 0x08, 0x63, 0x08, 0x63, 0x08, 0x63, 0x08,
  0x63, 0x08, 0x63, 0x08, 0x63, 0x08, 0x63, 0x08, 0x63, 0x08, 0x63, 0x08, 0x63, 0x08, 0x63, 0x08,
  0x63, 0x08, 0x63, 0x08, 0x63, 0x08, 0x63, 0x08, 0x63, 0x08, 0x63, 0x08, 0x63, 0x08, 0x63, 0x08,
  0x63, 0x08, 0x63, 0x08, 0x63, 0x08, 0x63, 0x08, 0x63, 0x08, 0x63, 0x08, 0x63, 0x08, 0x63, 0x08,
  0x63, 0x08, 0x63, 0x08, 0x63, 0x08, 0x63, 0x08, 0x63, 0x08, 0x63, 0x08, 0x63, 0x08, 0x63, 0x08,
  0x63, 0x08, 0x63, 0x08, 0x63, 0x08, 0x63, 0x08, 0x63, 0x08, 0x63, 0x08, 0x63, 0x08, 0x63, 0x08,
  0x63, 0x08, 0x63, 0x08, 0x63, 0x08, 0x63, 0x08, 0x63, 0x08, 0x63, 0x08, 0x63, 0x08, 0x63, 0x08,
  0x63, 0x08, 0x63, 0x08, 0x63, 0x08, 0x63, 0x08, 0x63, 0x08, 0x63, 0x08, 0x63, 0x08, 0x63, 0x08,
  0x63, 0x08, 0xA4, 0x18, 0x63, 0x08, 0x63, 0x08, 0x63, 0x08, 0x63, 0x08, 0x63, 0x08, 0x63, 0x08,
  0x63, 0x08, 0x63, 0x08, 0x63, 0x08, 0x63, 0x08, 0x63, 0x08, 0x63, 0x08, 0x63, 0x08, 0x63, 0x08,
  0x63, 0x08, 0x63, 0x08, 0x63, 0x08, 0x63, 0x08, 0x63, 0x08, 0x63, 0x08, 0x63, 0x08, 0x63, 0x08,
  0x63, 0x08, 0x63, 0x08, 0x63, 0x08, 0x63, 0x08, 0x63, 0x08, 0x63, 0x08, 0x63, 0x08, 0x63, 0x08,
  0x63, 0x08, 0x63, 0x08, 0x63, 0x08, 0x63, 0x08, 0x63, 0x08, 0x63, 0x08, 0x63, 0x08, 0x63, 0x08,
  0x63, 0x08, 0x63, 0x08, 0x63, 0x08, 0x63, 0x08, 0x63, 0x08, 0x63, 0x08, 0x63, 0x08, 0x63, 0x08,
  0x63, 0x08, 0x63, 0x08, 0x63, 0x08, 0x63, 0x08, 0x63, 0x08, 0x84, 0x08, 0x21, 0x00, 0x6E, 0x5A,
  0x79, 0xB4, 0x38, 0xA4, 0x38, 0xA4, 0x38, 0xA4, 0x58, 0xA4, 0x59, 0xA4, 0x59, 0xA4, 0x59, 0xA4,
  0x39, 0x9C, 0x9B, 0xAC, 0xEC, 0x41, 0x21, 0x00, 0x83, 0x08, 0x63, 0x08, 0x63, 0x08, 0x63, 0x08,
  0x63, 0x08, 0x63, 0x08, 0x63, 0x08, 0x63, 0x08, 0x63, 0x08, 0x63, 0x08, 0x63, 0x08, 0x63, 0x08,
  0x63, 0x08, 0x63, 0x08, 0x63, 0x08, 0x63, 0x08, 0x63, 0x08, 0x63, 0x08, 0x63, 0x08, 0x63, 0x08,
  0x63, 0x08, 0x63, 0x08, 0x63, 0x08, 0x63, 0x08, 0x63, 0x08, 0x63, 0x08, 0x63, 0x08, 0x63, 0x08,
  0x63, 0x08, 0x63, 0x08, 0x63, 0x08, 0x63, 0x08, 0x63, 0x08, 0x63, 0x08, 0x63, 0x08, 0x63, 0x08,
  0x63, 0x08, 0x63, 0x08, 0x63, 0x08, 0x63, 0x08, 0x63, 0x08, 0x63, 0x08, 0x63, 0x08, 0x63, 0x08,
  0x63, 0x08, 0x63, 0x08, 0x63, 0x08, 0x63, 0x08, 0x63, 0x08, 0x63, 0x08, 0x63, 0x08, 0x63, 0x08,
  0x63, 0x08, 0x63, 0x08, 0x63, 0x08, 0x63, 0x08, 0x63, 0x08, 0x63, 0x08, 0x63, 0x08, 0x63, 0x08,
  0x63, 0x08, 0x63, 0x08, 0x63, 0x08, 0x63, 0x08, 0x63, 0x08, 0x63, 0x08, 0x63, 0x08, 0x63, 0x08,
  0x63, 0x08, 0x63, 0x08, 0x63, 0x08, 0x63, 0x08, 0x63, 0x08, 0x63, 0x08, 0x63, 0x08, 0x63, 0x08,
  0x63, 0x08, 0x63, 0x08, 0x63, 0x08, 0x63, 0x08, 0x63, 0x08, 0x63, 0x08, 0x63, 0x08, 0x63, 0x08,
  0x63, 0x08, 0x63, 0x08, 0x63, 0x08, 0x63, 0x08, 0x63, 0x08, 0x63, 0x08, 0x63, 0x08, 0x63, 0x08,
  0x63, 0x08, 0x63, 0x08, 0x63, 0x08, 0x63, 0x08, 0x63, 0x08, 0x63, 0x08, 0x63, 0x08, 0x63, 0x08,
  0x63, 0x08, 0x63, 0x08, 0x63, 0x08, 0x63, 0x08, 0x63, 0x08, 0x63, 0x08, 0x63, 0x08, 0x63, 0x08,
  0x63, 0x08, 0x63, 0x08, 0x63, 0x08, 0x63, 0x08, 0x63, 0x08, 0x63, 0x08, 0x63, 0x08, 0x63, 0x08,
  0x63, 0x08, 0x63, 0x08, 0x63, 0x08, 0x63, 0x08, 0x63, 0x08, 0x63, 0x08, 0x63, 0x08, 0x63, 0x08,
  0x63, 0x08, 0x63, 0x08, 0x63, 0x08, 0x63, 0x08, 0x63, 0x08, 0x63, 0x08, 0x63, 0x08, 0x63, 0x08,
  0x63, 0x08, 0x63, 0x08, 0x63, 0x08, 0x63, 0x08, 0x63, 0x08, 0x63, 0x08, 0x63, 0x08, 0x63, 0x08,
  0x63, 0x08, 0x63, 0x08, 0x63, 0x08, 0x63, 0x08, 0x63, 0x08, 0x63, 0x08, 0x63, 0x08, 0x63, 0x08,
  0x63, 0x08, 0x63, 0x08, 0x63, 0x08, 0x63, 0x08, 0x63, 0x08, 0x63, 0x08, 0x63, 0x08, 0x63, 0x08,
  0x63, 0x08, 0x63, 0x08, 0x63, 0x08, 0x63, 0x08, 0x63, 0x08, 0x63, 0x08, 0x63, 0x08, 0x63, 0x08,
  0x63, 0x08, 0x63, 0x08, 0x63, 0x08, 0x63, 0x08, 0x63, 0x08, 0x63, 0x08, 0x63, 0x08, 0x63, 0x08,
  0x63, 0x08, 0x63, 0x08, 0x63, 0x08, 0x63, 0x08, 0x63, 0x08, 0x63, 0x08, 0x63, 0x08, 0x63, 0x08,
  0x63, 0x08, 0x63, 0x08, 0x63, 0x08, 0x63, 0x08, 0x63, 0x08, 0x63, 0x08, 0x63, 0x08, 0x63, 0x08,
  0x63, 0x08, 0x63, 0x08, 0x63, 0x08, 0x63, 0x08, 0x63, 0x08, 0x63, 0x08, 0x63, 0x08, 0x63, 0x08,
  0x63, 0x08, 0x63, 0x08, 0x63, 0x08, 0x63, 0x08, 0x63, 0x08, 0x63, 0x08, 0x63, 0x08, 0x63, 0x08,
  0x63, 0x08, 0x63, 0x08, 0x63, 0x08, 0x63, 0x08, 0x63, 0x08, 0x63, 0x08, 0x63, 0x08, 0x63, 0x08,
  0x63, 0x08, 0x63, 0x08, 0x63, 0x08, 0x63, 0x08, 0x63, 0x08, 0x63, 0x08, 0x63, 0x08, 0x63, 0x08,
  0x63, 0x08, 0x63, 0x08, 0x63, 0x08, 0x63, 0x08, 0x63, 0x08, 0x63, 0x08, 0x63, 0x08, 0x63, 0x08,
  0xB4, 0x93, 0x59, 0xAC, 0x38, 0xA4, 0x38, 0xA4, 0x58, 0xA4, 0x59, 0xA4, 0x59, 0xA4, 0x39, 0x9C,
  0x9B, 0xAC, 0xF1, 0x6A, 0x42, 0x00, 0x83, 0x08, 0x63, 0x08, 0x63, 0x08, 0x63, 0x08, 0x63, 0x08,
  0x63, 0x08, 0x63, 0x08, 0x63, 0x08, 0x63, 0x08, 0x63, 0x08, 0x63, 0x08, 0x63, 0x08, 0x63, 0x08,
  0x63, 0x08, 0x63, 0x08, 0x63, 0x08, 0x63, 0x08, 0x63, 0x08, 0x63, 0x08, 0x63, 0x08, 0x63, 0x08,
  0x63, 0x08, 0x63, 0x08, 0x63, 0x08, 0x63, 0x08, 0x63, 0x08, 0x63, 0x08, 0x63, 0x08, 0x63, 0x08,
  0x63, 0x08, 0x63, 0x08, 0x63, 0x08, 0x63, 0x08, 0x63, 0x08, 0x63, 0x08, 0x63, 0x08, 0x63, 0x08,
  0x63, 0x08, 0x63, 0x08, 0x63, 0x08, 0x63, 0x08, 0x63, 0x08, 0x63, 0x08, 0x63, 0x08, 0x63, 0x08,
  0x63, 0x08, 0x63, 0x08, 0x63, 0x08, 0x63, 0x08, 0x63, 0x08, 0x63, 0x08, 0x63, 0x08, 0x63, 0x08,
  0x63, 0x08, 0x63, 0x08, 0x63, 0x08, 0x63, 0x08, 0x63, 0x08, 0x63, 0x08, 0x63, 0x08, 0x63, 0x08,
  0x63, 0x08, 0x63, 0x08, 0x63, 0x08, 0x63, 0x08, 0x63, 0x08, 0x63, 0x08, 0x63, 0x08, 0x63, 0x08,
  0x63, 0x08, 0x63, 0x08, 0x63, 0x08, 0x63, 0x08, 0x63, 0x08, 0x63, 0x08, 0x63, 0x08, 0x63, 0x08,
  0x63, 0x08, 0x63, 0x08, 0x63, 0x08, 0x63, 0x08, 0x63, 0x08, 0x63, 0x08, 0x63, 0x08, 0x63, 0x08,
  0x63, 0x08, 0x63, 0x08, 0x63, 0x08, 0x63, 0x08, 0x63, 0x08, 0x63, 0x08, 0x63, 0x08, 0x63, 0x08,
  0x63, 0x08, 0x63, 0x08, 0x63, 0x08, 0x63, 0x08, 0x63, 0x08, 0x63, 0x08, 0x63, 0x08, 0x63, 0x08,
  0x63, 0x08, 0x63, 0x08, 0x63, 0x08, 0x63, 0x08, 0x63, 0x08, 0x63, 0x08, 0x63, 0x08, 0x63, 0x08,
  0x63, 0x08, 0x63, 0x08, 0x63, 0x08, 0x63, 0x08, 0x63, 0x08, 0x63, 0x08, 0x63, 0x08, 0x63, 0x08,
  0x63, 0x08, 0x63, 0x08, 0x63, 0x08, 0x63, 0x08, 0x63, 0x08, 0x63, 0x08, 0x63, 0x08, 0x63, 0x08,
  0x63, 0x08, 0x63, 0x08, 0x63, 0x08, 0x63, 0x08, 0x63, 0x08, 0x63, 0x08, 0x63, 0x08, 0x63, 0x08,
  0x63, 0x08, 0x63, 0x08, 0x63, 0x08, 0x63, 0x08, 0x63, 0x08, 0x63, 0x08, 0x63, 0x08, 0x63, 0x08,
  0x63, 0x08, 0x63, 0x08, 0x63, 0x08, 0x63, 0x08, 0x63, 0x08, 0x63, 0x08, 0x63, 0x08, 0x63, 0x08,
  0x63, 0x08, 0x63, 0x08, 0x63, 0x08, 0x63, 0x08, 0x63, 0x08, 0x63, 0x08, 0x63, 0x08, 0x63, 0x08,
  0x63, 0x08, 0x63, 0x08, 0x63, 0x08, 0x63, 0x08, 0x63, 0x08, 0x63, 0x08, 0x63, 0x08, 0x63, 0x08,
  0x63, 0x08, 0x63, 0x08, 0x63, 0x08, 0x63, 0x08, 0x63, 0x08, 0x63, 0x08, 0x63, 0x08, 0x63, 0x08,
  0x63, 0x08, 0x63, 0x08, 0x63, 0x08, 0x63, 0x08, 0x63, 0x08, 0x63, 0x08, 0x63, 0x08, 0x63, 0x08,
  0x63, 0x08, 0x63, 0x08, 0x63, 0x08, 0x63, 0x08, 0x63, 0x08, 0x63, 0x08, 0x63, 0x08, 0x63, 0x08,
  0x63, 0x08, 0x63, 0x08, 0x63, 0x08, 0x63, 0x08, 0x63, 0x08, 0x63, 0x08, 0x63, 0x08, 0x63, 0x08,
  0x63, 0x08, 0x63, 0x08, 0x63, 0x08, 0x63, 0x08, 0x63, 0x08, 0x63, 0x08, 0x63, 0x08, 0x63, 0x08,
  0x63, 0x08, 0x63, 0x08, 0x63, 0x08, 0x63, 0x08, 0x63, 0x08, 0x63, 0x08, 0x63, 0x08, 0x63, 0x08,
  0x63, 0x08, 0x63, 0x08, 0x63, 0x08, 0x63, 0x08, 0x63, 0x08, 0x63, 0x08, 0x63, 0x08, 0x63, 0x08,
  0x63, 0x08, 0x63, 0x08, 0x63, 0x08, 0x63, 0x08, 0x63, 0x08, 0x63, 0x08, 0x83, 0x08, 0x22, 0x00,
  0xEB, 0x41, 0x79, 0xB4, 0x38, 0xA4, 0x38, 0xA4, 0x58, 0xA4, 0x59, 0xA4, 0x39, 0x9C, 0x7A, 0xA4,
  0xB6, 0x8B, 0x84, 0x08, 0x63, 0x08, 0x83, 0x08, 0x63, 0x08, 0x63, 0x08, 0x63, 0x08, 0x63, 0x08,
  0x63, 0x08, 0x63, 0x08, 0x63, 0x08, 0x63, 0x08, 0x63, 0x08, 0x63, 0x08, 0x63, 0x08, 0x63, 0x08,
  0x63, 0x08, 0x63, 0x08, 0x63, 0x08, 0x63, 0x08, 0x63, 0x08, 0x63, 0x08, 0x63, 0x08, 0x63, 0x08,
  0x63, 0x08, 0x63, 0x08, 0x63, 0x08, 0x63, 0x08, 0x63, 0x08, 0x63, 0x08, 0x63, 0x08, 0x63, 0x08,
  0x63, 0x08, 0x63, 0x08, 0x63, 0x08, 0x63, 0x08, 0x63, 0x08, 0x63, 0x08, 0x63, 0x08, 0x63, 0x08,
  0x63, 0x08, 0x63, 0x08, 0x63, 0x08, 0x63, 0x08, 0x63, 0x08, 0x63, 0x08, 0x63, 0x08, 0x63, 0x08,
  0x63, 0x08, 0x63, 0x08, 0x63, 0x08, 0x63, 0x08, 0x63, 0x08, 0x63, 0x08, 0x63, 0x08, 0x63, 0x08,
  0x63, 0x08, 0x63, 0x08, 0x63, 0x08, 0x63, 0x08, 0x63, 0x08, 0x63, 0x08, 0x63, 0x08, 0x63, 0x08,
  0x63, 0x08, 0x63, 0x08, 0x63, 0x08, 0x63, 0x08, 0x63, 0x08, 0x63, 0x08, 0x63, 0x08, 0x63, 0x08,
  0x63, 0x08, 0x63, 0x08, 0x63, 0x08, 0x63, 0x08, 0x63, 0x08, 0x63, 0x08, 0x63, 0x08, 0x63, 0x08,
  0x63, 0x08, 0x63, 0x08, 0x63, 0x08, 0x63, 0x08, 0x63, 0x08, 0x63, 0x08, 0x63, 0x08, 0x63, 0x08,
  0x63, 0x08, 0x63, 0x08, 0x63, 0x08, 0x63, 0x08, 0x63, 0x08, 0x63, 0x08, 0x63, 0x08, 0x63, 0x08,
  0x63, 0x08, 0x63, 0x08, 0x63, 0x08, 0x63, 0x08, 0x63, 0x08, 0x63, 0x08, 0x63, 0x08, 0x63, 0x08,
  0x63, 0x08, 0x63, 0x08, 0x63, 0x08, 0x63, 0x08, 0x63, 0x08, 0x63, 0x08, 0x63, 0x08, 0x63, 0x08,
  0x63, 0x08, 0x63, 0x08, 0x63, 0x08, 0x63, 0x08, 0x63, 0x08, 0x63, 0x08, 0x63, 0x08, 0x63, 0x08,
  0x63, 0x08, 0x63, 0x08, 0x63, 0x08, 0x63, 0x08, 0x63, 0x08, 0x63, 0x08, 0x63, 0x08, 0x63, 0x08,
  0x63, 0x08, 0x63, 0x08, 0x63, 0x08, 0x63, 0x08, 0x63, 0x08, 0x63, 0x08, 0x63, 0x08, 0x63, 0x08,
  0x63, 0x08, 0x63, 0x08, 0x63, 0x08, 0x63, 0x08, 0x63, 0x08, 0x63, 0x08, 0x63, 0x08, 0x63, 0x08,
  0x63, 0x08, 0x63, 0x08, 0x63, 0x08, 0x63, 0x08, 0x63, 0x08, 0x63, 0x08, 0x63, 0x08, 0x63, 0x08,
  0x63, 0x08, 0x63, 0x08, 0x63, 0x08, 0x63, 0x08, 0x63, 0x08, 0x63, 0x08, 0x63, 0x08, 0x63, 0x08,
  0x63, 0x08, 0x63, 0x08, 0x63, 0x08, 0x63, 0x08, 0x63, 0x08, 0x63, 0x08, 0x63, 0x08, 0x63, 0x08,
  0x63, 0x08, 0x63, 0x08, 0x63, 0x08, 0x63, 0x08, 0x63, 0x08, 0x63, 0x08, 0x63, 0x08, 0x63, 0x08,
  0x63, 0x08, 0x63, 0x08, 0x63, 0x08, 0x63, 0x08, 0x63, 0x08, 0x63, 0x08, 0x63, 0x08, 0x63, 0x08,
  0x63, 0x08, 0x63, 0x08, 0x63, 0x08, 0x63, 0x08, 0x63, 0x08, 0x63, 0x08, 0x63, 0x08, 0x63, 0x08,
  0x63, 0x08, 0x63, 0x08, 0x63, 0x08, 0x63, 0x08, 0x63, 0x08, 0x63, 0x08, 0x63, 0x08, 0x63, 0x08,
  0x63, 0x08, 0x63, 0x08, 0x63, 0x08, 0x63, 0x08, 0x63, 0x08, 0x63, 0x08, 0x63, 0x08, 0x63, 0x08,
  0x63, 0x08, 0x63, 0x08, 0x63, 0x08, 0x63, 0x08, 0x63, 0x08, 0x63, 0x08, 0x63, 0x08, 0x63, 0x08,
  0x63, 0x08, 0x63, 0x08, 0x63, 0x08, 0x63, 0x08, 0x63, 0x08, 0x63, 0x08, 0x63, 0x08, 0x63, 0x08,
  0x63, 0x08, 0x63, 0x08, 0x63, 0x08, 0x63, 0x08, 0x63, 0x08, 0x63, 0x08, 0x63, 0x08, 0x63, 0x08,
  0xC5, 0x10, 0xF6, 0x9B, 0x58, 0xAC, 0x38, 0xA4, 0x58, 0xA4, 0x39, 0xA4, 0x59, 0xA4, 0x39, 0x9C,
  0x07, 0x21, 0x42, 0x00, 0x83, 0x08, 0x63, 0x08, 0x63, 0x08, 0x63, 0x08, 0x63, 0x08, 0x63, 0x08,
  0x63, 0x08, 0x63, 0x08, 0x63, 0x08, 0x63, 0x08, 0x63, 0x08, 0x63, 0x08, 0x63, 0x08, 0x63, 0x08,
  0x63, 0x08, 0x63, 0x08, 0x63, 0x08, 0x63, 0x08, 0x63, 0x08, 0x63, 0x08, 0x63, 0x08, 0x63, 0x08,
  0x63, 0x08, 0x63, 0x08, 0x63, 0x08, 0x63, 0x08, 0x63, 0x08, 0x63, 0x08, 0x63, 0x08, 0x63, 0x08,
  0x63, 0x08, 0x63, 0x08, 0x63, 0x08, 0x63, 0x08, 0x63, 0x08, 0x63, 0x08, 0x63, 0x08, 0x63, 0x08,
  0x63, 0x08, 0x63, 0x08, 0x63, 0x08, 0x63, 0x08, 0x63, 0x08, 0x63, 0x08, 0x63, 0x08, 0x63, 0x08,
  0x63, 0x08, 0x63, 0x08, 0x63, 0x08, 0x63, 0x08, 0x63, 0x08, 0x63, 0x08, 0x63, 0x08, 0x63, 0x08,
  0x63, 0x08, 0x63, 0x08, 0x63, 0x08, 0x63, 0x08, 0x63, 0x08, 0x63, 0x08, 0x63, 0x08, 0x63, 0x08,
  0x63, 0x08, 0x63, 0x08, 0x63, 0x08, 0x63, 0x08, 0x63, 0x08, 0x63, 0x08, 0x63, 0x08, 0x63, 0x08,
  0x63, 0x08, 0x63, 0x08, 0x63, 0x08, 0x63, 0x08, 0x63, 0x08, 0x63, 0x08, 0x63, 0x08, 0x63, 0x08,
  0x63, 0x08, 0x63, 0x08, 0x63, 0x08, 0x63, 0x08, 0x63, 0x08, 0x63, 0x08, 0x63, 0x08, 0x63, 0x08,
  0x63, 0x08, 0x63, 0x08, 0x63, 0x08, 0x63, 0x08, 0x63, 0x08, 0x63, 0x08, 0x63, 0x08, 0x63, 0x08,
  0x63, 0x08, 0x63, 0x08, 0x63, 0x08, 0x63, 0x08, 0x63, 0x08, 0x63, 0x08, 0x63, 0x08, 0x63, 0x08,
  0x63, 0x08, 0x63, 0x08, 0x63, 0x08, 0x63, 0x08, 0x63, 0x08, 0x63, 0x08, 0x63, 0x08, 0x63, 0x08,
  0x63, 0x08, 0x63, 0x08, 0x63, 0x08, 0x63, 0x08, 0x63, 0x08, 0x63, 0x08, 0x63, 0x08, 0x63, 0x08,
  0x63, 0x08, 0x63, 0x08, 0x63, 0x08, 0x63, 0x08, 0x63, 0x08, 0x63, 0x08, 0x63, 0x08, 0x63, 0x08,
  0x63, 0x08, 0x63, 0x08, 0x63, 0x08, 0x63, 0x08, 0x63, 0x08, 0x63, 0x08, 0x63, 0x08, 0x63, 0x08,
  0x63, 0x08, 0x63, 0x08, 0x63, 0x08, 0x63, 0x08, 0x63, 0x08, 0x63, 0x08, 0x63, 0x08, 0x63, 0x08,
  0x63, 0x08, 0x63, 0x08, 0x63, 0x08, 0x63, 0x08, 0x63, 0x08, 0x63, 0x08, 0x63, 0x08, 0x63, 0x08,
  0x63, 0x08, 0x63, 0x08, 0x63, 0x08, 0x63, 0x08, 0x63, 0x08, 0x63, 0x08, 0x63, 0x08, 0x63, 0x08,
  0x63, 0x08, 0x63, 0x08, 0x63, 0x08, 0x63, 0x08, 0x63, 0x08, 0x63, 0x08, 0x63, 0x08, 0x63, 0x08,
  0x63, 0x08, 0x63, 0x08, 0x63, 0x08, 0x63, 0x08, 0x63, 0x08, 0x63, 0x08, 0x63, 0x08, 0x63, 0x08,
  0x63, 0x08, 0x63, 0x08, 0x63, 0x08, 0x63, 0x08, 0x63, 0x08, 0x63, 0x08, 0x63, 0x08, 0x63, 0x08,
  0x63, 0x08, 0x63, 0x08, 0x63, 0x08, 0x63, 0x08, 0x63, 0x08, 0x63, 0x08, 0x63, 0x08, 0x63, 0x08,
  0x63, 0x08, 0x63, 0x08, 0x63, 0x08, 0x63, 0x08, 0x63, 0x08, 0x63, 0x08, 0x63, 0x08, 0x63, 0x08,
  0x63, 0x08, 0x63, 0x08, 0x63, 0x08, 0x63, 0x08, 0x63, 0x08, 0x63, 0x08, 0x63, 0x08, 0x63, 0x08,
  0x63, 0x08, 0x63, 0x08, 0x63, 0x08, 0x63, 0x08, 0x63, 0x08, 0x63, 0x08, 0x63, 0x08, 0x63, 0x08,
  0x63, 0x08, 0x63, 0x08, 0x63, 0x08, 0x63, 0x08, 0x63, 0x08, 0x63, 0x08, 0x63, 0x08, 0x63, 0x08,
  0x63, 0x08, 0x63, 0x08, 0x63, 0x08, 0x63, 0x08, 0x63, 0x08, 0x63, 0x08, 0x63, 0x08, 0x83, 0x08,
  0x42, 0x00, 0x32, 0x7B, 0x79, 0xAC, 0x38, 0xA4, 0x38, 0xA4, 0x39, 0xA4, 0x7A, 0xAC, 0xCB, 0x39,
  0x22, 0x00, 0x83, 0x08, 0x63, 0x08, 0x63, 0x08, 0x63, 0x08, 0x63, 0x08, 0x63, 0x08, 0x63, 0x08,
  0x63, 0x08, 0x63, 0x08, 0x63, 0x08, 0x63, 0x08, 0x63, 0x08, 0x63, 0x08, 0x63, 0x08, 0x63, 0x08,
  0x63, 0x08, 0x63, 0x08, 0x63, 0x08, 0x63, 0x08, 0x63, 0x08, 0x63, 0x08, 0x63, 0x08, 0x63, 0x08,
  0x63, 0x08, 0x63, 0x08, 0x63, 0x08, 0x63, 0x08, 0x63, 0x08, 0x63, 0x08, 0x63, 0x08, 0x63, 0x08,
  0x63, 0x08, 0x63, 0x08, 0x63, 0x08, 0x63, 0x08, 0x63, 0x08, 0x63, 0x08, 0x63, 0x08, 0x63, 0x08,
  0x63, 0x08, 0x63, 0x08, 0x63, 0x08, 0x63, 0x08, 0x63, 0x08, 0x63, 0x08, 0x63, 0x08, 0x63, 0x08,
  0x63, 0x08, 0x63, 0x08, 0x63, 0x08, 0x63, 0x08, 0x63, 0x08, 0x63, 0x08, 0x63, 0x08, 0x63, 0x08,
  0x63, 0x08, 0x63, 0x08, 0x63, 0x08, 0x63, 0x08, 0x63, 0x08, 0x63, 0x08, 0x63, 0x08, 0x63, 0x08,
  0x63, 0x08, 0x63, 0x08, 0x63, 0x08, 0x63, 0x08, 0x63, 0x08, 0x63, 0x08, 0x63, 0x08, 0x63, 0x08,
  0x63, 0x08, 0x63, 0x08, 0x63, 0x08, 0x63, 0x08, 0x63, 0x08, 0x63, 0x08, 0x63, 0x08, 0x63, 0x08,
  0x63, 0x08, 0x63, 0x08, 0x63, 0x08, 0x63, 0x08, 0x63, 0x08, 0x63, 0x08, 0x63, 0x08, 0x63, 0x08,
  0x63, 0x08, 0x63, 0x08, 0x63, 0x08, 0x63, 0x08, 0x63, 0x08, 0x63, 0x08, 0x63, 0x08, 0x63, 0x08,
  0x63, 0x08, 0x63, 0x08, 0x63, 0x08, 0x63, 0x08, 0x63, 0x08, 0x63, 0x08, 0x63, 0x08, 0x63, 0x08,
  0x63, 0x08, 0x63, 0x08, 0x63, 0x08, 0x63, 0x08, 0x63, 0x08, 0x63, 0x08, 0x63, 0x08, 0x63, 0x08,
  0x63, 0x08, 0x63, 0x08, 0x63, 0x08, 0x63, 0x08, 0x63, 0x08, 0x63, 0x08, 0x63, 0x08, 0x63, 0x08,
  0x63, 0x08, 0x63, 0x08, 0x63, 0x08, 0x63, 0x08, 0x63, 0x08, 0x63, 0x08, 0x63, 0x08, 0x63, 0x08,
  0x63, 0x08, 0x63, 0x08, 0x63, 0x08, 0x63, 0x08, 0x63, 0x08, 0x63, 0x08, 0x63, 0x08, 0x63, 0x08,
  0x63, 0x08, 0x63, 0x08, 0x63, 0x08, 0x63, 0x08, 0x63, 0x08, 0x63, 0x08, 0x63, 0x08, 0x63, 0x08,
  0x63, 0x08, 0x63, 0x08, 0x63, 0x08, 0x63, 0x08, 0x63, 0x08, 0x63, 0x08, 0x63, 0x08, 0x63, 0x08,
  0x63, 0x08, 0x63, 0x08, 0x63, 0x08, 0x63, 0x08, 0x63, 0x08, 0x63, 0x08, 0x63, 0x08, 0x63, 0x08,
  0x63, 0x08, 0x63, 0x08, 0x63, 0x08, 0x63, 0x08, 0x63, 0x08, 0x63, 0x08, 0x63, 0x08, 0x63, 0x08,
  0x63, 0x08, 0x63, 0x08, 0x63, 0x08, 0x63, 0x08, 0x63, 0x08, 0x63, 0x08, 0x63, 0x08, 0x63, 0x08,
  0x63, 0x08, 0x63, 0x08, 0x63, 0x08, 0x63, 0x08, 0x63, 0x08, 0x63, 0x08, 0x63, 0x08, 0x63, 0x08,
  0x63, 0x08, 0x63, 0x08, 0x63, 0x08, 0x63, 0x08, 0x63, 0x08, 0x63, 0x08, 0x63, 0x08, 0x63, 0x08,
  0x63, 0x08, 0x63, 0x08, 0x63, 0x08, 0x63, 0x08, 0x63, 0x08, 0x63, 0x08, 0x63, 0x08, 0x63, 0x08,
  0x63, 0x08, 0x63, 0x08, 0x63, 0x08, 0x63, 0x08, 0x63, 0x08, 0x63, 0x08, 0x63, 0x08, 0x63, 0x08,
  0x63, 0x08, 0x63, 0x08, 0x63, 0x08, 0x63, 0x08, 0x63, 0x08, 0x63, 0x08, 0x63, 0x08, 0x63, 0x08,
  0x63, 0x08, 0x63, 0x08, 0x63, 0x08, 0x63, 0x08, 0x63, 0x08, 0x63, 0x08, 0x63, 0x08, 0x63, 0x08,
  0x63, 0x08, 0x63, 0x08, 0x63, 0x08, 0x63, 0x08, 0x63, 0x08, 0x63, 0x08, 0x63, 0x08, 0x83, 0x08,
  0x22, 0x00, 0x8F, 0x62, 0x7A, 0xB4, 0x38, 0xA4, 0x38, 0xA4, 0x9A, 0xAC, 0x6E, 0x52, 0x21, 0x00,
  0x83, 0x08, 0x63, 0x08, 0x63, 0x08, 0x63, 0x08, 0x63, 0x08, 0x63, 0x08, 0x63, 0x08, 0x63, 0x08,
  0x63, 0x08, 0x63, 0x08, 0x63, 0x08, 0x63, 0x08, 0x63, 0x08, 0x63, 0x08, 0x63, 0x08, 0x63, 0x08,
  0x63, 0x08, 0x63, 0x08, 0x63, 0x08, 0x63, 0x08, 0x63, 0x08, 0x63, 0x08, 0x63, 0x08, 0x63, 0x08,
  0x63, 0x08, 0x63, 0x08, 0x63, 0x08, 0x63, 0x08, 0x63, 0x08, 0x63, 0x08, 0x63, 0x08, 0x63, 0x08,
  0x63, 0x08, 0x63, 0x08, 0x63, 0x08, 0x63, 0x08, 0x63, 0x08, 0x63, 0x08, 0x63, 0x08, 0x63, 0x08,
  0x63, 0x08, 0x63, 0x08, 0x63, 0x08, 0x63, 0x08, 0x63, 0x08, 0x63, 0x08, 0x63, 0x08, 0x63, 0x08,
  0x63, 0x08, 0x63, 0x08, 0x63, 0x08, 0x63, 0x08, 0x63, 0x08, 0x63, 0x08, 0x63, 0x08, 0x63, 0x08,
  0x63, 0x08, 0x63, 0x08, 0x63, 0x08, 0x63, 0x08, 0x63, 0x08, 0x63, 0x08, 0x63, 0x08, 0x63, 0x08,
  0x63, 0x08, 0x63, 0x08, 0x63, 0x08, 0x63, 0x08, 0x63, 0x08, 0x63, 0x08, 0x63, 0x08, 0x63, 0x08,
  0x63, 0x08, 0x63, 0x08, 0x63, 0x08, 0x63, 0x08, 0x63, 0x08, 0x63, 0x08, 0x63, 0x08, 0x63, 0x08,
  0x63, 0x08, 0x63, 0x08, 0x63, 0x08, 0x63, 0x08, 0x63, 0x08, 0x63, 0x08, 0x63, 0x08, 0x63, 0x08,
  0x63, 0x08, 0x63, 0x08, 0x63, 0x08, 0x63, 0x08, 0x63, 0x08, 0x63, 0x08, 0x63, 0x08, 0x63, 0x08,
  0x63, 0x08, 0x63, 0x08, 0x63, 0x08, 0x63, 0x08, 0x63, 0x08, 0x63, 0x08, 0x63, 0x08, 0x63, 0x08,
  0x63, 0x08, 0x63, 0x08, 0x63, 0x08, 0x63, 0x08, 0x63, 0x08, 0x63, 0x08, 0x63, 0x08, 0x63, 0x08,
  0x63, 0x08, 0x63, 0x08, 0x63, 0x08, 0x63, 0x08, 0x63, 0x08, 0x63, 0x08, 0x63, 0x08, 0x63, 0x08,
  0x63, 0x08, 0x63, 0x08, 0x63, 0x08, 0x63, 0x08, 0x63, 0x08, 0x63, 0x08, 0x63, 0x08, 0x63, 0x08,
  0x63, 0x08, 0x63, 0x08, 0x63, 0x08, 0x63, 0x08, 0x63, 0x08, 0x63, 0x08, 0x63, 0x08, 0x63, 0x08,
  0x63, 0x08, 0x63, 0x08, 0x63, 0x08, 0x63, 0x08, 0x63, 0x08, 0x63, 0x08, 0x63, 0x08, 0x63, 0x08,
  0x63, 0x08, 0x63, 0x08, 0x63, 0x08, 0x63, 0x08, 0x63, 0x08, 0x63, 0x08, 0x63, 0x08, 0x63, 0x08,
  0x63, 0x08, 0x63, 0x08, 0x63, 0x08, 0x63, 0x08, 0x63, 0x08, 0x63, 0x08, 0x63, 0x08, 0x63, 0x08,
  0x63, 0x08, 0x63, 0x08, 0x63, 0x08, 0x63, 0x08, 0x63, 0x08, 0x63, 0x08, 0x63, 0x08, 0x63, 0x08,
  0x63, 0x08, 0x63, 0x08, 0x63, 0x08, 0x63, 0x08, 0x63, 0x08, 0x63, 0x08, 0x63, 0x08, 0x63, 0x08,
  0x63, 0x08, 0x63, 0x08, 0x63, 0x08, 0x63, 0x08, 0x63, 0x08, 0x63, 0x08, 0x63, 0x08, 0x63, 0x08,
  0x63, 0x08, 0x63, 0x08, 0x63, 0x08, 0x63, 0x08, 0x63, 0x08, 0x63, 0x08, 0x63, 0x08, 0x63, 0x08,
  0x63, 0x08, 0x63, 0x08, 0x63, 0x08, 0x63, 0x08, 0x63, 0x08, 0x63, 0x08, 0x63, 0x08, 0x63, 0x08,
  0x63, 0x08, 0x63, 0x08, 0x63, 0x08, 0x63, 0x08, 0x63, 0x08, 0x63, 0x08, 0x63, 0x08, 0x63, 0x08,
  0x63, 0x08, 0x63, 0x08, 0x63, 0x08, 0x63, 0x08, 0x63, 0x08, 0x63, 0x08, 0x63, 0x08, 0x63, 0x08,
  0x63, 0x08, 0x63, 0x08, 0x63, 0x08, 0x63, 0x08, 0x63, 0x08, 0x63, 0x08, 0x63, 0x08, 0x63, 0x08,
  0x63, 0x08, 0x63, 0x08, 0x63, 0x08, 0x63, 0x08, 0x63, 0x08, 0x63, 0x08, 0x63, 0x08, 0x83, 0x08,
  0x22, 0x00, 0x4D, 0x5A, 0x9A, 0xB4, 0x17, 0x9C, 0x9A, 0xAC, 0x12, 0x73, 0x42, 0x00, 0x83, 0x08,
  0x63, 0x08, 0x63, 0x08, 0x63, 0x08, 0x63, 0x08, 0x63, 0x08, 0x63, 0x08, 0x63, 0x08, 0x63, 0x08,
  0x63, 0x08, 0x63, 0x08, 0x63, 0x08, 0x63, 0x08, 0x63, 0x08, 0x63, 0x08, 0x63, 0x08, 0x63, 0x08,
  0x63, 0x08, 0x63, 0x08, 0x63, 0x08, 0x63, 0x08, 0x63, 0x08, 0x63, 0x08, 0x63, 0x08, 0x63, 0x08,
  0x63, 0x08, 0x63, 0x08, 0x63, 0x08, 0x63, 0x08, 0x63, 0x08, 0x63, 0x08, 0x63, 0x08, 0x63, 0x08,
  0x63, 0x08, 0x63, 0x08, 0x63, 0x08, 0x63, 0x08, 0x63, 0x08, 0x63, 0x08, 0x63, 0x08, 0x63, 0x08,
  0x63, 0x08, 0x63, 0x08, 0x63, 0x08, 0x63, 0x08, 0x63, 0x08, 0x63, 0x08, 0x63, 0x08, 0x63, 0x08,
  0x63, 0x08, 0x63, 0x08, 0x63, 0x08, 0x63, 0x08, 0x63, 0x08, 0x63, 0x08, 0x63, 0x08, 0x63, 0x08,
  0x63, 0x08, 0x63, 0x08, 0x63, 0x08, 0x63, 0x08, 0x63, 0x08, 0x63, 0x08, 0x63, 0x08, 0x63, 0x08,
  0x63, 0x08, 0x63, 0x08, 0x63, 0x08, 0x63, 0x08, 0x63, 0x08, 0x63, 0x08, 0x63, 0x08, 0x63, 0x08,
  0x63, 0x08, 0x63, 0x08, 0x63, 0x08, 0x63, 0x08, 0x63, 0x08, 0x63, 0x08, 0x63, 0x08, 0x63, 0x08,
  0x63, 0x08, 0x63, 0x08, 0x63, 0x08, 0x63, 0x08, 0x63, 0x08, 0x63, 0x08, 0x63, 0x08, 0x63, 0x08,
  0x63, 0x08, 0x63, 0x08, 0x63, 0x08, 0x63, 0x08, 0x63, 0x08, 0x63, 0x08, 0x63, 0x08, 0x63, 0x08,
  0x63, 0x08, 0x63, 0x08, 0x63, 0x08, 0x63, 0x08, 0x63, 0x08, 0x63, 0x08, 0x63, 0x08, 0x63, 0x08,
  0x63, 0x08, 0x63, 0x08, 0x63, 0x08, 0x63, 0x08, 0x63, 0x08, 0x63, 0x08, 0x63, 0x08, 0x63, 0x08,
  0x63, 0x08, 0x63, 0x08, 0x63, 0x08, 0x63, 0x08, 0x63, 0x08, 0x63, 0x08, 0x63, 0x08, 0x63, 0x08,
  0x63, 0x08, 0x63, 0x08, 0x63, 0x08, 0x63, 0x08, 0x63, 0x08, 0x63, 0x08, 0x63, 0x08, 0x63, 0x08,
  0x63, 0x08, 0x63, 0x08, 0x63, 0x08, 0x63, 0x08, 0x63, 0x08, 0x63, 0x08, 0x63, 0x08, 0x63, 0x08,
  0x63, 0x08, 0x63, 0x08, 0x63, 0x08, 0x63, 0x08, 0x63, 0x08, 0x63, 0x08, 0x63, 0x08, 0x63, 0x08,
  0x63, 0x08, 0x63, 0x08, 0x63, 0x08, 0x63, 0x08, 0x63, 0x08, 0x63, 0x08, 0x63, 0x08, 0x63, 0x08,
  0x63, 0x08, 0x63, 0x08, 0x63, 0x08, 0x63, 0x08, 0x63, 0x08, 0x63, 0x08, 0x63, 0x08, 0x63, 0x08,
  0x63, 0x08, 0x63, 0x08, 0x63, 0x08, 0x63, 0x08, 0x63, 0x08, 0x63, 0x08, 0x63, 0x08, 0x63, 0x08,
  0x63, 0x08, 0x63, 0x08, 0x63, 0x08, 0x63, 0x08, 0x63, 0x08, 0x63, 0x08, 0x63, 0x08, 0x63, 0x08,
  0x63, 0x08, 0x63, 0x08, 0x63, 0x08, 0x63, 0x08, 0x63, 0x08, 0x63, 0x08, 0x63, 0x08, 0x63, 0x08,
  0x63, 0x08, 0x63, 0x08, 0x63, 0x08, 0x63, 0x08, 0x63, 0x08, 0x63, 0x08, 0x63, 0x08, 0x63, 0x08,
  0x63, 0x08, 0x63, 0x08, 0x63, 0x08, 0x63, 0x08, 0x63, 0x08, 0x63, 0x08, 0x63, 0x08, 0x63, 0x08,
  0x63, 0x08, 0x63, 0x08, 0x63, 0x08, 0x63, 0x08, 0x63, 0x08, 0x63, 0x08, 0x63, 0x08, 0x63, 0x08,
  0x63, 0x08, 0x63, 0x08, 0x63, 0x08, 0x63, 0x08, 0x63, 0x08, 0x63, 0x08, 0x63, 0x08, 0x63, 0x08,
  0x63, 0x08, 0x63, 0x08, 0x63, 0x08, 0x63, 0x08, 0x63, 0x08, 0x63, 0x08, 0x63, 0x08, 0x63, 0x08,
  0x63, 0x08, 0x63, 0x08, 0x63, 0x08, 0x63, 0x08, 0x63, 0x08, 0x63, 0x08, 0x63, 0x08, 0x83, 0x08,
  0x22, 0x00, 0x6E, 0x5A, 0x79, 0xAC, 0x79, 0xAC, 0x74, 0x83, 0x63, 0x08, 0x63, 0x08, 0x83, 0x08,
  0x63, 0x08, 0x63, 0x08, 0x63, 0x08, 0x63, 0x08, 0x63, 0x08, 0x63, 0x08, 0x63, 0x08, 0x63, 0x08,
  0x63, 0x08, 0x63, 0x08, 0x63, 0x08, 0x63, 0x08, 0x63, 0x08, 0x63, 0x08, 0x63, 0x08, 0x63, 0x08,
  0x63, 0x08, 0x63, 0x08, 0x63, 0x08, 0x63, 0x08, 0x63, 0x08, 0x63, 0x08, 0x63, 0x08, 0x63, 0x08,
  0x63, 0x08, 0x63, 0x08, 0x63, 0x08, 0x63, 0x08, 0x63, 0x08, 0x63, 0x08, 0x63, 0x08, 0x63, 0x08,
  0x63, 0x08, 0x63, 0x08, 0x63, 0x08, 0x63, 0x08, 0x63, 0x08, 0x63, 0x08, 0x63, 0x08, 0x63, 0x08,
  0x63, 0x08, 0x63, 0x08, 0x63, 0x08, 0x63, 0x08, 0x63, 0x08, 0x63, 0x08, 0x63, 0x08, 0x63, 0x08,
  0x63, 0x08, 0x63, 0x08, 0x63, 0x08, 0x63, 0x08, 0x63, 0x08, 0x63, 0x08, 0x63, 0x08, 0x63, 0x08,
  0x63, 0x08, 0x63, 0x08, 0x63, 0x08, 0x63, 0x08, 0x63, 0x08, 0x63, 0x08, 0x63, 0x08, 0x63, 0x08,
  0x63, 0x08, 0x63, 0x08, 0x63, 0x08, 0x63, 0x08, 0x63, 0x08, 0x63, 0x08, 0x63, 0x08, 0x63, 0x08,
  0x63, 0x08, 0x63, 0x08, 0x63, 0x08, 0x63, 0x08, 0x63, 0x08, 0x63, 0x08, 0x63, 0x08, 0x63, 0x08,
  0x63, 0x08, 0x63, 0x08, 0x63, 0x08, 0x63, 0x08, 0x63, 0x08, 0x63, 0x08, 0x63, 0x08, 0x63, 0x08,
  0x63, 0x08, 0x63, 0x08, 0x63, 0x08, 0x63, 0x08, 0x63, 0x08, 0x63, 0x08, 0x63, 0x08, 0x63, 0x08,
  0x63, 0x08, 0x63, 0x08, 0x63, 0x08, 0x63, 0x08, 0x63, 0x08, 0x63, 0x08, 0x63, 0x08, 0x63, 0x08,
  0x63, 0x08, 0x63, 0x08, 0x63, 0x08, 0x63, 0x08, 0x63, 0x08, 0x63, 0x08, 0x63, 0x08, 0x63, 0x08,
  0x63, 0x08, 0x63, 0x08, 0x63, 0x08, 0x63, 0x08, 0x63, 0x08, 0x63, 0x08, 0x63, 0x08, 0x63, 0x08,
  0x63, 0x08, 0x63, 0x08, 0x63, 0x08, 0x63, 0x08, 0x63, 0x08, 0x63, 0x08, 0x63, 0x08, 0x63, 0x08,
  0x63, 0x08, 0x63, 0x08, 0x63, 0x08, 0x63, 0x08, 0x63, 0x08, 0x63, 0x08, 0x63, 0x08, 0x63, 0x08,
  0x63, 0x08, 0x63, 0x08, 0x63, 0x08, 0x63, 0x08, 0x63, 0x08, 0x63, 0x08, 0x63, 0x08, 0x63, 0x08,
  0x63, 0x08, 0x63, 0x08, 0x63, 0x08, 0x63, 0x08, 0x63, 0x08, 0x63, 0x08, 0x63, 0x08, 0x63, 0x08,
  0x63, 0x08, 0x63, 0x08, 0x63, 0x08, 0x63, 0x08, 0x63, 0x08, 0x63, 0x08, 0x63, 0x08, 0x63, 0x08,
  0x63, 0x08, 0x63, 0x08, 0x63, 0x08, 0x63, 0x08, 0x63, 0x08, 0x63, 0x08, 0x63, 0x08, 0x63, 0x08,
  0x63, 0x08, 0x63, 0x08, 0x63, 0x08, 0x63, 0x08, 0x63, 0x08, 0x63, 0x08, 0x63, 0x08, 0x63, 0x08,
  0x63, 0x08, 0x63, 0x08, 0x63, 0x08, 0x63, 0x08, 0x63, 0x08, 0x63, 0x08, 0x63, 0x08, 0x63, 0x08,
  0x63, 0x08, 0x63, 0x08, 0x63, 0x08, 0x63, 0x08, 0x63, 0x08, 0x63, 0x08, 0x63, 0x08, 0x63, 0x08,
  0x63, 0x08, 0x63, 0x08, 0x63, 0x08, 0x63, 0x08, 0x63, 0x08, 0x63, 0x08, 0x63, 0x08, 0x63, 0x08,
  0x63, 0x08, 0x63, 0x08, 0x63, 0x08, 0x63, 0x08, 0x63, 0x08, 0x63, 0x08, 0x63, 0x08, 0x63, 0x08,
  0x63, 0x08, 0x63, 0x08, 0x63, 0x08, 0x63, 0x08, 0x63, 0x08, 0x63, 0x08, 0x63, 0x08, 0x63, 0x08,
  0x63, 0x08, 0x63, 0x08, 0x63, 0x08, 0x63, 0x08, 0x63, 0x08, 0x63, 0x08, 0x63, 0x08, 0x63, 0x08,
  0x63, 0x08, 0x63, 0x08, 0x63, 0x08, 0x63, 0x08, 0x63, 0x08, 0x63, 0x08, 0x63, 0x08, 0x83, 0x08,
  0x42, 0x00, 0xB0, 0x6A, 0xBA, 0xB4, 0xB5, 0x8B, 0xA4, 0x10, 0x62, 0x00, 0x83, 0x08, 0x63, 0x08,
  0x63, 0x08, 0x63, 0x08, 0x63, 0x08, 0x63, 0x08, 0x63, 0x08, 0x63, 0x08, 0x63, 0x08, 0x63, 0x08,
  0x63, 0x08, 0x63, 0x08, 0x63, 0x08, 0x63, 0x08, 0x63, 0x08, 0x63, 0x08, 0x63, 0x08, 0x63, 0x08,
  0x63, 0x08, 0x63, 0x08, 0x63, 0x08, 0x63, 0x08, 0x63, 0x08, 0x63, 0x08, 0x63, 0x08, 0x63, 0x08,
  0x63, 0x08, 0x63, 0x08, 0x63, 0x08, 0x63, 0x08, 0x63, 0x08, 0x63, 0x08, 0x63, 0x08, 0x63, 0x08,
  0x63, 0x08, 0x63, 0x08, 0x63, 0x08, 0x63, 0x08, 0x63, 0x08, 0x63, 0x08, 0x63, 0x08, 0x63, 0x08,
  0x63, 0x08, 0x63, 0x08, 0x63, 0x08, 0x63, 0x08, 0x63, 0x08, 0x63, 0x08, 0x63, 0x08, 0x63, 0x08,
  0x63, 0x08, 0x63, 0x08, 0x63, 0x08, 0x63, 0x08, 0x63, 0x08, 0x63, 0x08, 0x63, 0x08, 0x63, 0x08,
  0x63, 0x08, 0x63, 0x08, 0x63, 0x08, 0x63, 0x08, 0x63, 0x08, 0x63, 0x08, 0x63, 0x08, 0x63, 0x08,
  0x63, 0x08, 0x63, 0x08, 0x63, 0x08, 0x63, 0x08, 0x63, 0x08, 0x63, 0x08, 0x63, 0x08, 0x63, 0x08,
  0x63, 0x08, 0x63, 0x08, 0x63, 0x08, 0x63, 0x08, 0x63, 0x08, 0x63, 0x08, 0x63, 0x08, 0x63, 0x08,
  0x63, 0x08, 0x63, 0x08, 0x63, 0x08, 0x63, 0x08, 0x63, 0x08, 0x63, 0x08, 0x63, 0x08, 0x63, 0x08,
  0x63, 0x08, 0x63, 0x08, 0x63, 0x08, 0x63, 0x08, 0x63, 0x08, 0x63, 0x08, 0x63, 0x08, 0x63, 0x08,
  0x63, 0x08, 0x63, 0x08, 0x63, 0x08, 0x63, 0x08, 0x63, 0x08, 0x63, 0x08, 0x63, 0x08, 0x63, 0x08,
  0x63, 0x08, 0x63, 0x08, 0x63, 0x08, 0x63, 0x08, 0x63, 0x08, 0x63, 0x08, 0x63, 0x08, 0x63, 0x08,
  0x63, 0x08, 0x63, 0x08, 0x63, 0x08, 0x63, 0x08, 0x63, 0x08, 0x63, 0x08, 0x63, 0x08, 0x63, 0x08,
  0x63, 0x08, 0x63, 0x08, 0x63, 0x08, 0x63, 0x08, 0x63, 0x08, 0x63, 0x08, 0x63, 0x08, 0x63, 0x08,
  0x63, 0x08, 0x63, 0x08, 0x63, 0x08, 0x63, 0x08, 0x63, 0x08, 0x63, 0x08, 0x63, 0x08, 0x63, 0x08,
  0x63, 0x08, 0x63, 0x08, 0x63, 0x08, 0x63, 0x08, 0x63, 0x08, 0x63, 0x08, 0x63, 0x08, 0x63, 0x08,
  0x63, 0x08, 0x63, 0x08, 0x63, 0x08, 0x63, 0x08, 0x63, 0x08, 0x63, 0x08, 0x63, 0x08, 0x63, 0x08,
  0x63, 0x08, 0x63, 0x08, 0x63, 0x08, 0x63, 0x08, 0x63, 0x08, 0x63, 0x08, 0x63, 0x08, 0x63, 0x08,
  0x63, 0x08, 0x63, 0x08, 0x63, 0x08, 0x63, 0x08, 0x63, 0x08, 0x63, 0x08, 0x63, 0x08, 0x63, 0x08,
  0x63, 0x08, 0x63, 0x08, 0x63, 0x08, 0x63, 0x08, 0x63, 0x08, 0x63, 0x08, 0x63, 0x08, 0x63, 0x08,
  0x63, 0x08, 0x63, 0x08, 0x63, 0x08, 0x63, 0x08, 0x63, 0x08, 0x63, 0x08, 0x63, 0x08, 0x63, 0x08,
  0x63, 0x08, 0x63, 0x08, 0x63, 0x08, 0x63, 0x08, 0x63, 0x08, 0x63, 0x08, 0x63, 0x08, 0x63, 0x08,
  0x63, 0x08, 0x63, 0x08, 0x63, 0x08, 0x63, 0x08, 0x63, 0x08, 0x63, 0x08, 0x63, 0x08, 0x63, 0x08,
  0x63, 0x08, 0x63, 0x08, 0x63, 0x08, 0x63, 0x08, 0x63, 0x08, 0x63, 0x08, 0x63, 0x08, 0x63, 0x08,
  0x63, 0x08, 0x63, 0x08, 0x63, 0x08, 0x63, 0x08, 0x63, 0x08, 0x63, 0x08, 0x63, 0x08, 0x63, 0x08,
  0x63, 0x08, 0x63, 0x08, 0x63, 0x08, 0x63, 0x08, 0x63, 0x08, 0x63, 0x08, 0x63, 0x08, 0x63, 0x08,
  0x63, 0x08, 0x63, 0x08, 0x63, 0x08, 0x63, 0x08, 0x63, 0x08, 0x63, 0x08, 0x63, 0x08, 0x83, 0x08,
  0x42, 0x00, 0x94, 0x8B, 0x38, 0xA4, 0xE6, 0x18, 0x42, 0x00, 0x83, 0x08, 0x63, 0x08, 0x63, 0x08,
  0x63, 0x08, 0x63, 0x08, 0x63, 0x08, 0x63, 0x08, 0x63, 0x08, 0x63, 0x08, 0x63, 0x08, 0x63, 0x08,
  0x63, 0x08, 0x63, 0x08, 0x63, 0x08, 0x63, 0x08, 0x63, 0x08, 0x63, 0x08, 0x63, 0x08, 0x63, 0x08,
  0x63, 0x08, 0x63, 0x08, 0x63, 0x08, 0x63, 0x08, 0x63, 0x08, 0x63, 0x08, 0x63, 0x08, 0x63, 0x08,
  0x63, 0x08, 0x63, 0x08, 0x63, 0x08, 0x63, 0x08, 0x63, 0x08, 0x63, 0x08, 0x63, 0x08, 0x63, 0x08,
  0x63, 0x08, 0x63, 0x08, 0x63, 0x08, 0x63, 0x08, 0x63, 0x08, 0x63, 0x08, 0x63, 0x08, 0x63, 0x08,
  0x63, 0x08, 0x63, 0x08, 0x63, 0x08, 0x63, 0x08, 0x63, 0x08, 0x63, 0x08, 0x63, 0x08, 0x63, 0x08,
  0x63, 0x08, 0x63, 0x08, 0x63, 0x08, 0x63, 0x08, 0x63, 0x08, 0x63, 0x08, 0x63, 0x08, 0x63, 0x08,
  0x63, 0x08, 0x63, 0x08, 0x63, 0x08, 0x63, 0x08, 0x63, 0x08, 0x63, 0x08, 0x63, 0x08, 0x63, 0x08,
  0x63, 0x08, 0x63, 0x08, 0x63, 0x08, 0x63, 0x08, 0x63, 0x08, 0x63, 0x08, 0x63, 0x08, 0x63, 0x08,
  0x63, 0x08, 0x63, 0x08, 0x63, 0x08, 0x63, 0x08, 0x63, 0x08, 0x63, 0x08, 0x63, 0x08, 0x63, 0x08,
  0x63, 0x08, 0x63, 0x08, 0x63, 0x08, 0x63, 0x08, 0x63, 0x08, 0x63, 0x08, 0x63, 0x08, 0x63, 0x08,
  0x63, 0x08, 0x63, 0x08, 0x63, 0x08, 0x63, 0x08, 0x63, 0x08, 0x63, 0x08, 0x63, 0x08, 0x63, 0x08,
  0x63, 0x08, 0x63, 0x08, 0x63, 0x08, 0x63, 0x08, 0x63, 0x08, 0x63, 0x08, 0x63, 0x08, 0x63, 0x08,
  0x63, 0x08, 0x63, 0x08, 0x63, 0x08, 0x63, 0x08, 0x63, 0x08, 0x63, 0x08, 0x63, 0x08, 0x63, 0x08,
  0x63, 0x08, 0x63, 0x08, 0x63, 0x08, 0x63, 0x08, 0x63, 0x08, 0x63, 0x08, 0x63, 0x08, 0x63, 0x08,
  0x63, 0x08, 0x63, 0x08, 0x63, 0x08, 0x63, 0x08, 0x63, 0x08, 0x63, 0x08, 0x63, 0x08, 0x63, 0x08,
  0x63, 0x08, 0x63, 0x08, 0x63, 0x08, 0x63, 0x08, 0x63, 0x08, 0x63, 0x08, 0x63, 0x08, 0x63, 0x08,
  0x63, 0x08, 0x63, 0x08, 0x63, 0x08, 0x63, 0x08, 0x63, 0x08, 0x63, 0x08, 0x63, 0x08, 0x63, 0x08,
  0x63, 0x08, 0x63, 0x08, 0x63, 0x08, 0x63, 0x08, 0x63, 0x08, 0x63, 0x08, 0x63, 0x08, 0x63, 0x08,
  0x63, 0x08, 0x63, 0x08, 0x63, 0x08, 0x63, 0x08, 0x63, 0x08, 0x63, 0x08, 0x63, 0x08, 0x63, 0x08,
  0x63, 0x08, 0x63, 0x08, 0x63, 0x08, 0x63, 0x08, 0x63, 0x08, 0x63, 0x08, 0x63, 0x08, 0x63, 0x08,
  0x63, 0x08, 0x63, 0x08, 0x63, 0x08, 0x63, 0x08, 0x63, 0x08, 0x63, 0x08, 0x63, 0x08, 0x63, 0x08,
  0x63, 0x08, 0x63, 0x08, 0x63, 0x08, 0x63, 0x08, 0x63, 0x08, 0x63, 0x08, 0x63, 0x08, 0x63, 0x08,
  0x63, 0x08, 0x63, 0x08, 0x63, 0x08, 0x63, 0x08, 0x63, 0x08, 0x63, 0x08, 0x63, 0x08, 0x63, 0x08,
  0x63, 0x08, 0x63, 0x08, 0x63, 0x08, 0x63, 0x08, 0x63, 0x08, 0x63, 0x08, 0x63, 0x08, 0x63, 0x08,
  0x63, 0x08, 0x63, 0x08, 0x63, 0x08, 0x63, 0x08, 0x63, 0x08, 0x63, 0x08, 0x63, 0x08, 0x63, 0x08,
  0x63, 0x08, 0x63, 0x08, 0x63, 0x08, 0x63, 0x08, 0x63, 0x08, 0x63, 0x08, 0x63, 0x08, 0x63, 0x08,
  0x63, 0x08, 0x63, 0x08, 0x63, 0x08, 0x63, 0x08, 0x63, 0x08, 0x63, 0x08, 0x63, 0x08, 0x63, 0x08,
  0x63, 0x08, 0x63, 0x08, 0x63, 0x08, 0x63, 0x08, 0x63, 0x08, 0x63, 0x08, 0x83, 0x08, 0x42, 0x00,
  0x47, 0x29, 0x37, 0xA4, 0x27, 0x29, 0x42, 0x00, 0x83, 0x08, 0x63, 0x08, 0x63, 0x08, 0x63, 0x08,
  0x63, 0x08, 0x63, 0x08, 0x63, 0x08, 0x63, 0x08, 0x63, 0x08, 0x63, 0x08, 0x63, 0x08, 0x63, 0x08,
  0x63, 0x08, 0x63, 0x08, 0x63, 0x08, 0x63, 0x08, 0x63, 0x08, 0x63, 0x08, 0x63, 0x08, 0x63, 0x08,
  0x63, 0x08, 0x63, 0x08, 0x63, 0x08, 0x63, 0x08, 0x63, 0x08, 0x63, 0x08, 0x63, 0x08, 0x63, 0x08,
  0x63, 0x08, 0x63, 0x08, 0x63, 0x08, 0x63, 0x08, 0x63, 0x08, 0x63, 0x08, 0x63, 0x08, 0x63, 0x08,
  0x63, 0x08, 0x63, 0x08, 0x63, 0x08, 0x63, 0x08, 0x63, 0x08, 0x63, 0x08, 0x63, 0x08, 0x63, 0x08,
  0x63, 0x08, 0x63, 0x08, 0x63, 0x08, 0x63, 0x08, 0x63, 0x08, 0x63, 0x08, 0x63, 0x08, 0x63, 0x08,
  0x63, 0x08, 0x63, 0x08, 0x63, 0x08, 0x63, 0x08, 0x63, 0x08, 0x63, 0x08, 0x63, 0x08, 0x63, 0x08,
  0x63, 0x08, 0x63, 0x08, 0x63, 0x08, 0x63, 0x08, 0x63, 0x08, 0x63, 0x08, 0x63, 0x08, 0x63, 0x08,
  0x63, 0x08, 0x63, 0x08, 0x63, 0x08, 0x63, 0x08, 0x63, 0x08, 0x63, 0x08, 0x63, 0x08, 0x63, 0x08,
  0x63, 0x08, 0x63, 0x08, 0x63, 0x08, 0x63, 0x08, 0x63, 0x08, 0x63, 0x08, 0x63, 0x08, 0x63, 0x08,
  0x63, 0x08, 0x63, 0x08, 0x63, 0x08, 0x63, 0x08, 0x63, 0x08, 0x63, 0x08, 0x63, 0x08, 0x63, 0x08,
  0x63, 0x08, 0x63, 0x08, 0x63, 0x08, 0x63, 0x08, 0x63, 0x08, 0x63, 0x08, 0x63, 0x08, 0x63, 0x08,
  0x63, 0x08, 0x63, 0x08, 0x63, 0x08, 0x63, 0x08, 0x63, 0x08, 0x63, 0x08, 0x63, 0x08, 0x63, 0x08,
  0x63, 0x08, 0x63, 0x08, 0x63, 0x08, 0x63, 0x08, 0x63, 0x08, 0x63, 0x08, 0x63, 0x08, 0x63, 0x08,
  0x63, 0x08, 0x63, 0x08, 0x63, 0x08, 0x63, 0x08, 0x63, 0x08, 0x63, 0x08, 0x63, 0x08, 0x63, 0x08,
  0x63, 0x08, 0x63, 0x08, 0x63, 0x08, 0x63, 0x08, 0x63, 0x08, 0x63, 0x08, 0x63, 0x08, 0x63, 0x08,
  0x63, 0x08, 0x63, 0x08, 0x63, 0x08, 0x63, 0x08, 0x63, 0x08, 0x63, 0x08, 0x63, 0x08, 0x63, 0x08,
  0x63, 0x08, 0x63, 0x08, 0x63, 0x08, 0x63, 0x08, 0x63, 0x08, 0x63, 0x08, 0x63, 0x08, 0x63, 0x08,
  0x63, 0x08, 0x63, 0x08, 0x63, 0x08, 0x63, 0x08, 0x63, 0x08, 0x63, 0x08, 0x63, 0x08, 0x63, 0x08,
  0x63, 0x08, 0x63, 0x08, 0x63, 0x08, 0x63, 0x08, 0x63, 0x08, 0x63, 0x08, 0x63, 0x08, 0x63, 0x08,
  0x63, 0x08, 0x63, 0x08, 0x63, 0x08, 0x63, 0x08, 0x63, 0x08, 0x63, 0x08, 0x63, 0x08, 0x63, 0x08,
  0x63, 0x08, 0x63, 0x08, 0x63, 0x08, 0x63, 0x08, 0x63, 0x08, 0x63, 0x08, 0x63, 0x08, 0x63, 0x08,
  0x63, 0x08, 0x63, 0x08, 0x63, 0x08, 0x63, 0x08, 0x63, 0x08, 0x63, 0x08, 0x63, 0x08, 0x63, 0x08,
  0x63, 0x08, 0x63, 0x08, 0x63, 0x08, 0x63, 0x08, 0x63, 0x08, 0x63, 0x08, 0x63, 0x08, 0x63, 0x08,
  0x63, 0x08, 0x63, 0x08, 0x63, 0x08, 0x63, 0x08, 0x63, 0x08, 0x63, 0x08, 0x63, 0x08, 0x63, 0x08,
  0x63, 0x08, 0x63, 0x08, 0x63, 0x08, 0x63, 0x08, 0x63, 0x08, 0x63, 0x08, 0x63, 0x08, 0x63, 0x08,
  0x63, 0x08, 0x63, 0x08, 0x63, 0x08, 0x63, 0x08, 0x63, 0x08, 0x63, 0x08, 0x63, 0x08, 0x63, 0x08,
  0x63, 0x08, 0x63, 0x08, 0x63, 0x08, 0x63, 0x08, 0x63, 0x08, 0x63, 0x08, 0x63, 0x08, 0x63, 0x08,
  0x63, 0x08, 0x63, 0x08, 0x63, 0x08, 0x63, 0x08, 0x63, 0x08, 0x63, 0x08, 0x83, 0x08, 0x22, 0x00,
  0x0B, 0x4A, 0xAA, 0x39, 0x21, 0x00, 0x83, 0x08, 0x63, 0x08, 0x63, 0x08, 0x63, 0x08, 0x63, 0x08,
  0x63, 0x08, 0x63, 0x08, 0x63, 0x08, 0x63, 0x08, 0x63, 0x08, 0x63, 0x08, 0x63, 0x08, 0x63, 0x08,
  0x63, 0x08, 0x63, 0x08, 0x63, 0x08, 0x63, 0x08, 0x63, 0x08, 0x63, 0x08, 0x63, 0x08, 0x63, 0x08,
  0x63, 0x08, 0x63, 0x08, 0x63, 0x08, 0x63, 0x08, 0x63, 0x08, 0x63, 0x08, 0x63, 0x08, 0x63, 0x08,
  0x63, 0x08, 0x63, 0x08, 0x63, 0x08, 0x63, 0x08, 0x63, 0x08, 0x63, 0x08, 0x63, 0x08, 0x63, 0x08,
  0x63, 0x08, 0x63, 0x08, 0x63, 0x08, 0x63, 0x08, 0x63, 0x08, 0x63, 0x08, 0x63, 0x08, 0x63, 0x08,
  0x63, 0x08, 0x63, 0x08, 0x63, 0x08, 0x63, 0x08, 0x63, 0x08, 0x63, 0x08, 0x63, 0x08, 0x63, 0x08,
  0x63, 0x08, 0x63, 0x08, 0x63, 0x08, 0x63, 0x08, 0x63, 0x08, 0x63, 0x08, 0x63, 0x08, 0x63, 0x08,
  0x63, 0x08, 0x63, 0x08, 0x63, 0x08, 0x63, 0x08, 0x63, 0x08, 0x63, 0x08, 0x63, 0x08, 0x63, 0x08,
  0x63, 0x08, 0x63, 0x08, 0x63, 0x08, 0x63, 0x08, 0x63, 0x08, 0x63, 0x08, 0x63, 0x08, 0x63, 0x08,
  0x63, 0x08, 0x63, 0x08, 0x63, 0x08, 0x63, 0x08, 0x63, 0x08, 0x63, 0x08, 0x63, 0x08, 0x63, 0x08,
  0x63, 0x08, 0x63, 0x08, 0x63, 0x08, 0x63, 0x08, 0x63, 0x08, 0x63, 0x08, 0x63, 0x08, 0x63, 0x08,
  0x63, 0x08, 0x63, 0x08, 0x63, 0x08, 0x63, 0x08, 0x63, 0x08, 0x63, 0x08, 0x63, 0x08, 0x63, 0x08,
  0x63, 0x08, 0x63, 0x08, 0x63, 0x08, 0x63, 0x08, 0x63, 0x08, 0x63, 0x08, 0x63, 0x08, 0x63, 0x08,
  0x63, 0x08, 0x63, 0x08, 0x63, 0x08, 0x63, 0x08, 0x63, 0x08, 0x63, 0x08, 0x63, 0x08, 0x63, 0x08,
  0x63, 0x08, 0x63, 0x08, 0x63, 0x08, 0x63, 0x08, 0x63, 0x08, 0x63, 0x08, 0x63, 0x08, 0x63, 0x08,
  0x63, 0x08, 0x63, 0x08, 0x63, 0x08, 0x63, 0x08, 0x63, 0x08, 0x63, 0x08, 0x63, 0x08, 0x63, 0x08,
  0x63, 0x08, 0x63, 0x08, 0x63, 0x08, 0x63, 0x08, 0x63, 0x08, 0x63, 0x08, 0x63, 0x08, 0x63, 0x08,
  0x63, 0x08, 0x63, 0x08, 0x63, 0x08, 0x63, 0x08, 0x63, 0x08, 0x63, 0x08, 0x63, 0x08, 0x63, 0x08,
  0x63, 0x08, 0x63, 0x08, 0x63, 0x08, 0x63, 0x08, 0x63, 0x08, 0x63, 0x08, 0x63, 0x08, 0x63, 0x08,
  0x63, 0x08, 0x63, 0x08, 0x63, 0x08, 0x63, 0x08, 0x63, 0x08, 0x63, 0x08, 0x63, 0x08, 0x63, 0x08,
  0x63, 0x08, 0x63, 0x08, 0x63, 0x08, 0x63, 0x08, 0x63, 0x08, 0x63, 0x08, 0x63, 0x08, 0x63, 0x08,
  0x63, 0x08, 0x63, 0x08, 0x63, 0x08, 0x63, 0x08, 0x63, 0x08, 0x63, 0x08, 0x63, 0x08, 0x63, 0x08,
  0x63, 0x08, 0x63, 0x08, 0x63, 0x08, 0x63, 0x08, 0x63, 0x08, 0x63, 0x08, 0x63, 0x08, 0x63, 0x08,
  0x63, 0x08, 0x63, 0x08, 0x63, 0x08, 0x63, 0x08, 0x63, 0x08, 0x63, 0x08, 0x63, 0x08, 0x63, 0x08,
  0x63, 0x08, 0x63, 0x08, 0x63, 0x08, 0x63, 0x08, 0x63, 0x08, 0x63, 0x08, 0x63, 0x08, 0x63, 0x08,
  0x63, 0x08, 0x63, 0x08, 0x63, 0x08, 0x63, 0x08, 0x63, 0x08, 0x63, 0x08, 0x63, 0x08, 0x63, 0x08,
  0x63, 0x08, 0x63, 0x08, 0x63, 0x08, 0x63, 0x08, 0x63, 0x08, 0x63, 0x08, 0x63, 0x08, 0x63, 0x08,
  0x63, 0x08, 0x63, 0x08, 0x63, 0x08, 0x63, 0x08, 0x63, 0x08, 0x63, 0x08, 0x63, 0x08, 0x63, 0x08,
  0x63, 0x08, 0x63, 0x08, 0x63, 0x08, 0x63, 0x08, 0x63, 0x08, 0x63, 0x08, 0x63, 0x08, 0x63, 0x08,
  0x63, 0x08, 0x42, 0x00, 0x83, 0x08, 0x63, 0x08, 0x63, 0x08, 0x63, 0x08, 0x63, 0x08, 0x63, 0x08,
  0x63, 0x08, 0x63, 0x08, 0x63, 0x08, 0x63, 0x08, 0x63, 0x08, 0x63, 0x08, 0x63, 0x08, 0x63, 0x08,
  0x63, 0x08, 0x63, 0x08, 0x63, 0x08, 0x63, 0x08, 0x63, 0x08, 0x63, 0x08, 0x63, 0x08, 0x63, 0x08,
  0x63, 0x08, 0x63, 0x08, 0x63, 0x08, 0x63, 0x08, 0x63, 0x08, 0x63, 0x08, 0x63, 0x08, 0x63, 0x08,
  0x63, 0x08, 0x63, 0x08, 0x63, 0x08, 0x63, 0x08, 0x63, 0x08, 0x63, 0x08, 0x63, 0x08, 0x63, 0x08,
  0x63, 0x08, 0x63, 0x08, 0x63, 0x08, 0x63, 0x08, 0x63, 0x08, 0x63, 0x08, 0x63, 0x08, 0x63, 0x08,
  0x63, 0x08, 0x63, 0x08, 0x63, 0x08, 0x63, 0x08, 0x63, 0x08, 0x63, 0x08, 0x63, 0x08, 0x63, 0x08,
  0x63, 0x08, 0x63, 0x08, 0x63, 0x08, 0x63, 0x08, 0x63, 0x08, 0x63, 0x08, 0x63, 0x08, 0x63, 0x08,
  0x63, 0x08, 0x63, 0x08, 0x63, 0x08, 0x63, 0x08, 0x63, 0x08, 0x63, 0x08, 0x63, 0x08, 0x63, 0x08,
  0x63, 0x08, 0x63, 0x08, 0x63, 0x08, 0x63, 0x08, 0x63, 0x08, 0x63, 0x08, 0x63, 0x08, 0x63, 0x08,
  0x63, 0x08, 0x63, 0x08, 0x63, 0x08, 0x63, 0x08, 0x63, 0x08, 0x63, 0x08, 0x63, 0x08, 0x63, 0x08,
  0x63, 0x08, 0x63, 0x08, 0x63, 0x08, 0x63, 0x08, 0x63, 0x08, 0x63, 0x08, 0x63, 0x08, 0x63, 0x08,
  0x63, 0x08, 0x63, 0x08, 0x63, 0x08, 0x63, 0x08, 0x63, 0x08, 0x63, 0x08, 0x63, 0x08, 0x63, 0x08,
  0x63, 0x08, 0x63, 0x08, 0x63, 0x08, 0x63, 0x08, 0x63, 0x08, 0x63, 0x08, 0x63, 0x08, 0x63, 0x08,
  0x63, 0x08, 0x63, 0x08, 0x63, 0x08, 0x63, 0x08, 0x63, 0x08, 0x63, 0x08, 0x63, 0x08, 0x63, 0x08,
  0x63, 0x08, 0x63, 0x08, 0x63, 0x08, 0x63, 0x08, 0x63, 0x08, 0x63, 0x08, 0x63, 0x08, 0x63, 0x08,
  0x63, 0x08, 0x63, 0x08, 0x63, 0x08, 0x63, 0x08, 0x63, 0x08, 0x63, 0x08, 0x63, 0x08, 0x63, 0x08,
  0x63, 0x08, 0x63, 0x08, 0x63, 0x08, 0x63, 0x08, 0x63, 0x08, 0x63, 0x08, 0x63, 0x08, 0x63, 0x08,
  0x63, 0x08, 0x63, 0x08, 0x63, 0x08, 0x63, 0x08, 0x63, 0x08, 0x63, 0x08, 0x63, 0x08, 0x63, 0x08,
  0x63, 0x08, 0x63, 0x08, 0x63, 0x08, 0x63, 0x08, 0x63, 0x08, 0x63, 0x08, 0x63, 0x08, 0x63, 0x08,
  0x63, 0x08, 0x63, 0x08, 0x63, 0x08, 0x63, 0x08, 0x63, 0x08, 0x63, 0x08, 0x63, 0x08, 0x63, 0x08,
  0x63, 0x08, 0x63, 0x08, 0x63, 0x08, 0x63, 0x08, 0x63, 0x08, 0x63, 0x08, 0x63, 0x08, 0x63, 0x08,
  0x63, 0x08, 0x63, 0x08, 0x63, 0x08, 0x63, 0x08, 0x63, 0x08, 0x63, 0x08, 0x63, 0x08, 0x63, 0x08,
  0x63, 0x08, 0x63, 0x08, 0x63, 0x08, 0x63, 0x08, 0x63, 0x08, 0x63, 0x08, 0x63, 0x08, 0x63, 0x08,
  0x63, 0x08, 0x63, 0x08, 0x63, 0x08, 0x63, 0x08, 0x63, 0x08, 0x63, 0x08, 0x63, 0x08, 0x63, 0x08,
  0x63, 0x08, 0x63, 0x08, 0x63, 0x08, 0x63, 0x08, 0x63, 0x08, 0x63, 0x08, 0x63, 0x08, 0x63, 0x08,
  0x63, 0x08, 0x63, 0x08, 0x63, 0x08, 0x63, 0x08, 0x63, 0x08, 0x63, 0x08, 0x63, 0x08, 0x63, 0x08,
  0x63, 0x08, 0x63, 0x08, 0x63, 0x08, 0x63, 0x08, 0x63, 0x08, 0x63, 0x08, 0x63, 0x08, 0x63, 0x08,
  0x63, 0x08, 0x63, 0x08, 0x63, 0x08, 0x63, 0x08, 0x63, 0x08, 0x63, 0x08, 0x63, 0x08, 0x63, 0x08,
  0x63, 0x08, 0x63, 0x08, 0x63, 0x08, 0x63, 0x08, 0x63, 0x08, 0x63, 0x08, 0x63, 0x08, 0x63, 0x08,
  0x63, 0x08, 0x83, 0x08, 0x63, 0x08, 0x63, 0x08, 0x63, 0x08, 0x63, 0x08, 0x63, 0x08, 0x63, 0x08,
  0x63, 0x08, 0x63, 0x08, 0x63, 0x08, 0x63, 0x08, 0x63, 0x08, 0x63, 0x08, 0x63, 0x08, 0x63, 0x08,
  0x63, 0x08, 0x63, 0x08, 0x63, 0x08, 0x63, 0x08, 0x63, 0x08, 0x63, 0x08, 0x63, 0x08, 0x63, 0x08,
  0x63, 0x08, 0x63, 0x08, 0x63, 0x08, 0x63, 0x08, 0x63, 0x08, 0x63, 0x08, 0x63, 0x08, 0x63, 0x08,
  0x63, 0x08, 0x63, 0x08, 0x63, 0x08, 0x63, 0x08, 0x63, 0x08, 0x63, 0x08, 0x63, 0x08, 0x63, 0x08,
  0x63, 0x08, 0x63, 0x08, 0x63, 0x08, 0x63, 0x08, 0x63, 0x08, 0x63, 0x08, 0x63, 0x08, 0x63, 0x08,
  0x63, 0x08, 0x63, 0x08, 0x63, 0x08, 0x63, 0x08, 0x63, 0x08, 0x63, 0x08, 0x63, 0x08, 0x63, 0x08,
  0x63, 0x08, 0x63, 0x08, 0x63, 0x08, 0x63, 0x08, 0x63, 0x08, 0x63, 0x08, 0x63, 0x08, 0x63, 0x08,
  0x63, 0x08, 0x63, 0x08, 0x63, 0x08, 0x63, 0x08, 0x63, 0x08, 0x63, 0x08, 0x63, 0x08, 0x63, 0x08,
  0x63, 0x08, 0x63, 0x08, 0x63, 0x08, 0x63, 0x08, 0x63, 0x08, 0x63, 0x08, 0x63, 0x08, 0x63, 0x08,
  0x63, 0x08, 0x63, 0x08, 0x63, 0x08, 0x63, 0x08, 0x63, 0x08, 0x63, 0x08, 0x63, 0x08, 0x63, 0x08,
  0x63, 0x08, 0x63, 0x08, 0x63, 0x08, 0x63, 0x08, 0x63, 0x08, 0x63, 0x08, 0x63, 0x08, 0x63, 0x08,
  0x63, 0x08, 0x63, 0x08, 0x63, 0x08, 0x63, 0x08, 0x63, 0x08, 0x63, 0x08, 0x63, 0x08, 0x63, 0x08,
  0x63, 0x08, 0x63, 0x08, 0x63, 0x08, 0x63, 0x08, 0x63, 0x08, 0x63, 0x08, 0x63, 0x08, 0x63, 0x08,
  0x63, 0x08, 0x63, 0x08, 0x63, 0x08, 0x63, 0x08, 0x63, 0x08, 0x63, 0x08, 0x63, 0x08, 0x63, 0x08,
  0x63, 0x08, 0x63, 0x08, 0x63, 0x08, 0x63, 0x08, 0x63, 0x08, 0x63, 0x08, 0x63, 0x08, 0x63, 0x08,
  0x63, 0x08, 0x63, 0x08, 0x63, 0x08, 0x63, 0x08, 0x63, 0x08, 0x63, 0x08, 0x63, 0x08, 0x63, 0x08,
  0x63, 0x08, 0x63, 0x08, 0x63, 0x08, 0x63, 0x08, 0x63, 0x08, 0x63, 0x08, 0x63, 0x08, 0x63, 0x08,
  0x63, 0x08, 0x63, 0x08, 0x63, 0x08, 0x63, 0x08, 0x63, 0x08, 0x63, 0x08, 0x63, 0x08, 0x63, 0x08,
  0x63, 0x08, 0x63, 0x08, 0x63, 0x08, 0x63, 0x08, 0x63, 0x08, 0x63, 0x08, 0x63, 0x08, 0x63, 0x08,
  0x63, 0x08, 0x63, 0x08, 0x63, 0x08, 0x63, 0x08, 0x63, 0x08, 0x63, 0x08, 0x63, 0x08, 0x63, 0x08,
  0x63, 0x08, 0x63, 0x08, 0x63, 0x08, 0x63, 0x08, 0x63, 0x08, 0x63, 0x08, 0x63, 0x08, 0x63, 0x08,
  0x63, 0x08, 0x63, 0x08, 0x63, 0x08, 0x63, 0x08, 0x63, 0x08, 0x63, 0x08, 0x63, 0x08, 0x63, 0x08,
  0x63, 0x08, 0x63, 0x08, 0x63, 0x08, 0x63, 0x08, 0x63, 0x08, 0x63, 0x08, 0x63, 0x08, 0x63, 0x08,
  0x63, 0x08, 0x63, 0x08, 0x63, 0x08, 0x63, 0x08, 0x63, 0x08, 0x63, 0x08, 0x63, 0x08, 0x63, 0x08,
  0x63, 0x08, 0x63, 0x08, 0x63, 0x08, 0x63, 0x08, 0x63, 0x08, 0x63, 0x08, 0x63, 0x08, 0x63, 0x08,
  0x63, 0x08, 0x63, 0x08, 0x63, 0x08, 0x63, 0x08, 0x63, 0x08, 0x63, 0x08, 0x63, 0x08, 0x63, 0x08,
  0x63, 0x08, 0x63, 0x08, 0x63, 0x08, 0x63, 0x08, 0x63, 0x08, 0x63, 0x08, 0x63, 0x08, 0x63, 0x08,
  0x63, 0x08, 0x63, 0x08, 0x63, 0x08, 0x63, 0x08, 0x63, 0x08, 0x63, 0x08, 0x63, 0x08, 0x63, 0x08,
  0x63, 0x08, 0x63, 0x08, 0x63, 0x08, 0x63, 0x08, 0x63, 0x08, 0x63, 0x08, 0x63, 0x08, 0x63, 0x08,
  0x63, 0x08, 0x63, 0x08, 0x63, 0x08, 0x63, 0x08, 0x63, 0x08, 0x63, 0x08, 0x63, 0x08, 0x63, 0x08,
  0x63, 0x08, 0x63, 0x08, 0x63, 0x08, 0x63, 0x08, 0x63, 0x08, 0x63, 0x08, 0x63, 0x08, 0x63, 0x08,
  0x63, 0x08, 0x63, 0x08, 0x63, 0x08, 0x63, 0x08, 0x63, 0x08, 0x63, 0x08, 0x63, 0x08, 0x63, 0x08,
  0x63, 0x08, 0x63, 0x08, 0x63, 0x08, 0x63, 0x08, 0x63, 0x08, 0x63, 0x08, 0x63, 0x08, 0x63, 0x08,
  0x63, 0x08, 0x63, 0x08, 0x63, 0x08, 0x63, 0x08, 0x63, 0x08, 0x63, 0x08, 0x63, 0x08, 0x63, 0x08,
  0x63, 0x08, 0x63, 0x08, 0x63, 0x08, 0x63, 0x08, 0x63, 0x08, 0x63, 0x08, 0x63, 0x08, 0x63, 0x08,
  0x63, 0x08, 0x63, 0x08, 0x63, 0x08, 0x63, 0x08, 0x63, 0x08, 0x63, 0x08, 0x63, 0x08, 0x63, 0x08,
  0x63, 0x08, 0x63, 0x08, 0x63, 0x08, 0x63, 0x08, 0x63, 0x08, 0x63, 0x08, 0x63, 0x08, 0x63, 0x08,
  0x63, 0x08, 0x63, 0x08, 0x63, 0x08, 0x63, 0x08, 0x63, 0x08, 0x63, 0x08, 0x63, 0x08, 0x63, 0x08,
  0x63, 0x08, 0x63, 0x08, 0x63, 0x08, 0x63, 0x08, 0x63, 0x08, 0x63, 0x08, 0x63, 0x08, 0x63, 0x08,
  0x63, 0x08, 0x63, 0x08, 0x63, 0x08, 0x63, 0x08, 0x63, 0x08, 0x63, 0x08, 0x63, 0x08, 0x63, 0x08,
  0x63, 0x08, 0x63, 0x08, 0x63, 0x08, 0x63, 0x08, 0x63, 0x08, 0x63, 0x08, 0x63, 0x08, 0x63, 0x08,
  0x63, 0x08, 0x63, 0x08, 0x63, 0x08, 0x63, 0x08, 0x63, 0x08, 0x63, 0x08, 0x63, 0x08, 0x63, 0x08,
  0x63, 0x08, 0x63, 0x08, 0x63, 0x08, 0x63, 0x08, 0x63, 0x08, 0x63, 0x08, 0x63, 0x08, 0x63, 0x08,
  0x63, 0x08, 0x63, 0x08, 0x63, 0x08, 0x63, 0x08, 0x63, 0x08, 0x63, 0x08, 0x63, 0x08, 0x63, 0x08,
  0x63, 0x08, 0x63, 0x08, 0x63, 0x08, 0x63, 0x08, 0x63, 0x08, 0x63, 0x08, 0x63, 0x08, 0x63, 0x08,
  0x63, 0x08, 0x63, 0x08, 0x63, 0x08, 0x63, 0x08, 0x63, 0x08, 0x63, 0x08, 0x63, 0x08, 0x63, 0x08,
  0x63, 0x08, 0x63, 0x08, 0x63, 0x08, 0x63, 0x08, 0x63, 0x08, 0x63, 0x08, 0x63, 0x08, 0x63, 0x08,
  0x63, 0x08, 0x63, 0x08, 0x63, 0x08, 0x63, 0x08, 0x63, 0x08, 0x63, 0x08, 0x63, 0x08, 0x63, 0x08,
  0x63, 0x08, 0x63, 0x08, 0x63, 0x08, 0x63, 0x08, 0x63, 0x08, 0x63, 0x08, 0x63, 0x08, 0x63, 0x08,
  0x63, 0x08, 0x63, 0x08, 0x63, 0x08, 0x63, 0x08, 0x63, 0x08, 0x63, 0x08, 0x63, 0x08, 0x63, 0x08,
  0x63, 0x08, 0x63, 0x08, 0x63, 0x08, 0x63, 0x08, 0x63, 0x08, 0x63, 0x08, 0x63, 0x08, 0x63, 0x08,
  0x63, 0x08, 0x63, 0x08, 0x63, 0x08, 0x63, 0x08, 0x63, 0x08, 0x63, 0x08, 0x63, 0x08, 0x63, 0x08,
  0x63, 0x08, 0x63, 0x08, 0x63, 0x08, 0x63, 0x08, 0x63, 0x08, 0x63, 0x08, 0x63, 0x08, 0x63, 0x08,
  0x63, 0x08, 0x63, 0x08, 0x63, 0x08, 0x63, 0x08, 0x63, 0x08, 0x63, 0x08, 0x63, 0x08, 0x63, 0x08,
  0x63, 0x08, 0x63, 0x08, 0x63, 0x08, 0x63, 0x08, 0x63, 0x08, 0x63, 0x08, 0x63, 0x08, 0x63, 0x08,
  0x63, 0x08, 0x63, 0x08, 0x63, 0x08, 0x63, 0x08, 0x63, 0x08, 0x63, 0x08, 0x63, 0x08, 0x63, 0x08,
  0x63, 0x08, 0x63, 0x08, 0x63, 0x08, 0x63, 0x08, 0x63, 0x08, 0x63, 0x08, 0x63, 0x08, 0x63, 0x08,
  0x63, 0x08, 0x63, 0x08, 0x63, 0x08, 0x63, 0x08, 0x63, 0x08, 0x63, 0x08, 0x63, 0x08, 0x63, 0x08,
  0x63, 0x08, 0x63, 0x08, 0x63, 0x08, 0x63, 0x08, 0x63, 0x08, 0x63, 0x08, 0x63, 0x08, 0x63, 0x08,
  0x63, 0x08, 0x63, 0x08, 0x63, 0x08, 0x63, 0x08, 0x63, 0x08, 0x63, 0x08, 0x63, 0x08, 0x63, 0x08,
  0x63, 0x08, 0x63, 0x08, 0x63, 0x08, 0x63, 0x08, 0x63, 0x08, 0x63, 0x08, 0x63, 0x08, 0x63, 0x08,
  0x63, 0x08, 0x63, 0x08, 0x63, 0x08, 0x63, 0x08, 0x63, 0x08, 0x63, 0x08, 0x63, 0x08, 0x63, 0x08,
  0x63, 0x08, 0x63, 0x08, 0x63, 0x08, 0x63, 0x08, 0x63, 0x08, 0x63, 0x08, 0x63, 0x08, 0x63, 0x08,
  0x63, 0x08, 0x63, 0x08, 0x63, 0x08, 0x63, 0x08, 0x63, 0x08, 0x63, 0x08, 0x63, 0x08, 0x63, 0x08,
  0x63, 0x08, 0x63, 0x08, 0x63, 0x08, 0x63, 0x08, 0x63, 0x08, 0x63, 0x08, 0x63, 0x08, 0x63, 0x08,
  0x63, 0x08, 0x63, 0x08, 0x63, 0x08, 0x63, 0x08, 0x63, 0x08, 0x63, 0x08, 0x63, 0x08, 0x63, 0x08,
  0x63, 0x08, 0x63, 0x08, 0x63, 0x08, 0x63, 0x08, 0x63, 0x08, 0x63, 0x08, 0x63, 0x08, 0x63, 0x08,
  0x63, 0x08, 0x63, 0x08, 0x63, 0x08, 0x63, 0x08, 0x63, 0x08, 0x63, 0x08, 0x63, 0x08, 0x63, 0x08,
  0x63, 0x08, 0x63, 0x08, 0x63, 0x08, 0x63, 0x08, 0x63, 0x08, 0x63, 0x08, 0x63, 0x08, 0x63, 0x08,
  0x63, 0x08, 0x63, 0x08, 0x63, 0x08, 0x63, 0x08, 0x63, 0x08, 0x63, 0x08, 0x63, 0x08, 0x63, 0x08,
  0x63, 0x08, 0x63, 0x08, 0x63, 0x08, 0x63, 0x08, 0x63, 0x08, 0x63, 0x08, 0x63, 0x08, 0x63, 0x08,
  0x63, 0x08, 0x63, 0x08, 0x63, 0x08, 0x63, 0x08, 0x63, 0x08, 0x63, 0x08, 0x63, 0x08, 0x63, 0x08,
  0x63, 0x08, 0x63, 0x08, 0x63, 0x08, 0x63, 0x08, 0x63, 0x08, 0x63, 0x08, 0x63, 0x08, 0x63, 0x08,
  0x63, 0x08, 0x63, 0x08, 0x63, 0x08, 0x63, 0x08, 0x63, 0x08, 0x63, 0x08, 0x63, 0x08, 0x63, 0x08,
  0x63, 0x08, 0x63, 0x08, 0x63, 0x08, 0x63, 0x08, 0x63, 0x08, 0x63, 0x08, 0x63, 0x08, 0x63, 0x08,
  0x63, 0x08, 0x63, 0x08, 0x63, 0x08, 0x63, 0x08, 0x63, 0x08, 0x63, 0x08, 0x63, 0x08, 0x63, 0x08,
  0x63, 0x08, 0x63, 0x08, 0x63, 0x08, 0x63, 0x08, 0x63, 0x08, 0x63, 0x08, 0x63, 0x08, 0x63, 0x08,
  0x63, 0x08, 0x63, 0x08, 0x63, 0x08, 0x63, 0x08, 0x63, 0x08, 0x63, 0x08, 0x63, 0x08, 0x63, 0x08,
  0x63, 0x08, 0x63, 0x08, 0x63, 0x08, 0x63, 0x08, 0x63, 0x08, 0x63, 0x08, 0x63, 0x08, 0x63, 0x08,
  0x63, 0x08, 0x63, 0x08, 0x63, 0x08, 0x63, 0x08, 0x63, 0x08, 0x63, 0x08, 0x63, 0x08, 0x63, 0x08,
  0x63, 0x08, 0x63, 0x08, 0x63, 0x08, 0x63, 0x08, 0x63, 0x08, 0x63, 0x08, 0x63, 0x08, 0x63, 0x08,
  0x63, 0x08, 0x63, 0x08, 0x63, 0x08, 0x63, 0x08, 0x63, 0x08, 0x63, 0x08, 0x63, 0x08, 0x63, 0x08,
  0x63, 0x08, 0x63, 0x08, 0x63, 0x08, 0x63, 0x08, 0x63, 0x08, 0x63, 0x08, 0x63, 0x08, 0x63, 0x08,
  0x63, 0x08, 0x63, 0x08, 0x63, 0x08, 0x63, 0x08, 0x63, 0x08, 0x63, 0x08, 0x63, 0x08, 0x63, 0x08,
  0x63, 0x08, 0x63, 0x08, 0x63, 0x08, 0x63, 0x08, 0x63, 0x08, 0x63, 0x08, 0x63, 0x08, 0x63, 0x08,
  0x63, 0x08, 0x63, 0x08, 0x63, 0x08, 0x63, 0x08, 0x63, 0x08, 0x63, 0x08, 0x63, 0x08, 0x63, 0x08,
  0x63, 0x08, 0x63, 0x08, 0x63, 0x08, 0x63, 0x08, 0x63, 0x08, 0x63, 0x08, 0x63, 0x08, 0x63, 0x08,
  0x63, 0x08, 0x63, 0x08, 0x63, 0x08, 0x63, 0x08, 0x63, 0x08, 0x63, 0x08, 0x63, 0x08, 0x63, 0x08,
  0x63, 0x08, 0x63, 0x08, 0x63, 0x08, 0x63, 0x08, 0x63, 0x08, 0x63, 0x08, 0x63, 0x08, 0x63, 0x08,
  0x63, 0x08, 0x63, 0x08, 0x63, 0x08, 0x63, 0x08, 0x63, 0x08, 0x63, 0x08, 0x63, 0x08, 0x63, 0x08,
  0x63, 0x08, 0x63, 0x08, 0x63, 0x08, 0x63, 0x08, 0x63, 0x08, 0x63, 0x08, 0x63, 0x08, 0x63, 0x08,
  0x63, 0x08, 0x63, 0x08, 0x63, 0x08, 0x63, 0x08, 0x63, 0x08, 0x63, 0x08, 0x63, 0x08, 0x63, 0x08,
  0x63, 0x08, 0x63, 0x08, 0x63, 0x08, 0x63, 0x08, 0x63, 0x08, 0x63, 0x08, 0x63, 0x08, 0x63, 0x08,
  0x63, 0x08, 0x63, 0x08, 0x63, 0x08, 0x63, 0x08, 0x63, 0x08, 0x63, 0x08, 0x63, 0x08, 0x63, 0x08,
  0x63, 0x08, 0x63, 0x08, 0x63, 0x08, 0x63, 0x08, 0x63, 0x08, 0x63, 0x08, 0x63, 0x08, 0x63, 0x08,
  0x63, 0x08, 0x63, 0x08, 0x63, 0x08, 0x63, 0x08, 0x63, 0x08, 0x63, 0x08, 0x63, 0x08, 0x63, 0x08,
  0x63, 0x08, 0x63, 0x08, 0x63, 0x08, 0x63, 0x08, 0x63, 0x08, 0x63, 0x08, 0x63, 0x08, 0x63, 0x08,
  0x63, 0x08, 0x63, 0x08, 0x63, 0x08, 0x63, 0x08, 0x63, 0x08, 0x63, 0x08, 0x63, 0x08, 0x63, 0x08,
  0x63, 0x08, 0x63, 0x08, 0x63, 0x08, 0x63, 0x08, 0x63, 0x08, 0x63, 0x08, 0x63, 0x08, 0x63, 0x08,
  0x63, 0x08, 0x63, 0x08, 0x63, 0x08, 0x63, 0x08, 0x63, 0x08, 0x63, 0x08, 0x63, 0x08, 0x63, 0x08,
  0x63, 0x08, 0x63, 0x08, 0x63, 0x08, 0x63, 0x08, 0x63, 0x08, 0x63, 0x08, 0x63, 0x08, 0x63, 0x08,
  0x63, 0x08, 0x63, 0x08, 0x63, 0x08, 0x63, 0x08, 0x63, 0x08, 0x63, 0x08, 0x63, 0x08, 0x63, 0x08,
  0x63, 0x08, 0x63, 0x08, 0x63, 0x08, 0x63, 0x08, 0x63, 0x08, 0x63, 0x08, 0x63, 0x08, 0x63, 0x08,
  0x63, 0x08, 0x63, 0x08, 0x63, 0x08, 0x63, 0x08, 0x63, 0x08, 0x63, 0x08, 0x63, 0x08, 0x63, 0x08,
  0x63, 0x08, 0x63, 0x08, 0x63, 0x08, 0x63, 0x08, 0x63, 0x08, 0x63, 0x08, 0x63, 0x08, 0x63, 0x08,
  0x63, 0x08, 0x63, 0x08, 0x63, 0x08, 0x63, 0x08, 0x63, 0x08, 0x63, 0x08, 0x63, 0x08, 0x63, 0x08,
  0x63, 0x08, 0x63, 0x08, 0x63, 0x08, 0x63, 0x08, 0x63, 0x08, 0x63, 0x08, 0x63, 0x08, 0x63, 0x08,
  0x63, 0x08, 0x63, 0x08, 0x63, 0x08, 0x63, 0x08, 0x63, 0x08, 0x63, 0x08, 0x63, 0x08, 0x63, 0x08,
  0x63, 0x08, 0x63, 0x08, 0x63, 0x08, 0x63, 0x08, 0x63, 0x08, 0x63, 0x08, 0x63, 0x08, 0x63, 0x08,
  0x63, 0x08, 0x63, 0x08, 0x63, 0x08, 0x63, 0x08, 0x63, 0x08, 0x63, 0x08, 0x63, 0x08, 0x63, 0x08,
  0x63, 0x08, 0x63, 0x08, 0x63, 0x08, 0x63, 0x08, 0x63, 0x08, 0x63, 0x08, 0x63, 0x08, 0x63, 0x08,
  0x63, 0x08, 0x63, 0x08, 0x63, 0x08, 0x63, 0x08, 0x63, 0x08, 0x63, 0x08, 0x63, 0x08, 0x63, 0x08,
  0x63, 0x08, 0x63, 0x08, 0x63, 0x08, 0x63, 0x08, 0x63, 0x08, 0x63, 0x08, 0x63, 0x08, 0x63, 0x08,
  0x63, 0x08, 0x63, 0x08, 0x63, 0x08, 0x63, 0x08, 0x63, 0x08, 0x63, 0x08, 0x63, 0x08, 0x63, 0x08,
  0x63, 0x08, 0x63, 0x08, 0x63, 0x08, 0x63, 0x08, 0x63, 0x08, 0x63, 0x08, 0x63, 0x08, 0x63, 0x08,
  0x63, 0x08, 0x63, 0x08, 0x63, 0x08, 0x63, 0x08, 0x63, 0x08, 0x63, 0x08, 0x63, 0x08, 0x63, 0x08,
  0x63, 0x08, 0x63, 0x08, 0x63, 0x08, 0x63, 0x08, 0x63, 0x08, 0x63, 0x08, 0x63, 0x08, 0x63, 0x08,
  0x63, 0x08, 0x63, 0x08, 0x63, 0x08, 0x63, 0x08, 0x63, 0x08, 0x63, 0x08, 0x63, 0x08, 0x63, 0x08,
  0x63, 0x08, 0x63, 0x08, 0x63, 0x08, 0x63, 0x08, 0x63, 0x08, 0x63, 0x08, 0x63, 0x08, 0x63, 0x08,
  0x63, 0x08, 0x63, 0x08, 0x63, 0x08, 0x63, 0x08, 0x63, 0x08, 0x63, 0x08, 0x63, 0x08, 0x63, 0x08,
  0x63, 0x08, 0x63, 0x08, 0x63, 0x08, 0x63, 0x08, 0x63, 0x08, 0x63, 0x08, 0x63, 0x08, 0x63, 0x08,
  0x63, 0x08, 0x63, 0x08, 0x63, 0x08, 0x63, 0x08, 0x63, 0x08, 0x63, 0x08, 0x63, 0x08, 0x63, 0x08,
  0x63, 0x08, 0x63, 0x08, 0x63, 0x08, 0x63, 0x08, 0x63, 0x08, 0x63, 0x08, 0x63, 0x08, 0x63, 0x08,
  0x63, 0x08, 0x63, 0x08, 0x63, 0x08, 0x63, 0x08, 0x63, 0x08, 0x63, 0x08, 0x63, 0x08, 0x63, 0x08,
  0x63, 0x08, 0x63, 0x08, 0x63, 0x08, 0x63, 0x08, 0x63, 0x08, 0x63, 0x08, 0x63, 0x08, 0x63, 0x08,
  0x63, 0x08, 0x63, 0x08, 0x63, 0x08, 0x63, 0x08, 0x63, 0x08, 0x63, 0x08, 0x63, 0x08, 0x63, 0x08,
  0x63, 0x08, 0x63, 0x08, 0x63, 0x08, 0x63, 0x08, 0x63, 0x08, 0x63, 0x08, 0x63, 0x08, 0x63, 0x08,
  0x63, 0x08, 0x63, 0x08, 0x63, 0x08, 0x63, 0x08, 0x63, 0x08, 0x63, 0x08, 0x63, 0x08, 0x63, 0x08,
  0x63, 0x08, 0x63, 0x08, 0x63, 0x08, 0x63, 0x08, 0x63, 0x08, 0x63, 0x08, 0x63, 0x08, 0x63, 0x08,
  0x63, 0x08, 0x63, 0x08, 0x63, 0x08, 0x63, 0x08, 0x63, 0x08, 0x63, 0x08, 0x63, 0x08, 0x63, 0x08,
  0x63, 0x08, 0x63, 0x08, 0x63, 0x08, 0x63, 0x08, 0x63, 0x08, 0x63, 0x08, 0x63, 0x08, 0x63, 0x08,
  0x63, 0x08, 0x63, 0x08, 0x63, 0x08, 0x63, 0x08, 0x63, 0x08, 0x63, 0x08, 0x63, 0x08, 0x63, 0x08,
  0x63, 0x08, 0x63, 0x08, 0x63, 0x08, 0x63, 0x08, 0x63, 0x08, 0x63, 0x08, 0x63, 0x08, 0x63, 0x08,
  0x63, 0x08, 0x63, 0x08, 0x63, 0x08, 0x63, 0x08, 0x63, 0x08, 0x63, 0x08, 0x63, 0x08, 0x63, 0x08,
  0x63, 0x08, 0x63, 0x08, 0x63, 0x08, 0x63, 0x08, 0x63, 0x08, 0x63, 0x08, 0x63, 0x08, 0x63, 0x08,
  0x63, 0x08, 0x63, 0x08, 0x63, 0x08, 0x63, 0x08, 0x63, 0x08, 0x63, 0x08, 0x63, 0x08, 0x63, 0x08,
  0x63, 0x08, 0x63, 0x08, 0x63, 0x08, 0x63, 0x08, 0x63, 0x08, 0x63, 0x08, 0x63, 0x08, 0x63, 0x08,
  0x63, 0x08, 0x63, 0x08, 0x63, 0x08, 0x63, 0x08, 0x63, 0x08, 0x63, 0x08, 0x63, 0x08, 0x63, 0x08,
  0x63, 0x08, 0x63, 0x08, 0x63, 0x08, 0x63, 0x08, 0x63, 0x08, 0x63, 0x08, 0x63, 0x08, 0x63, 0x08,
  0x63, 0x08, 0x63, 0x08, 0x63, 0x08, 0x63, 0x08, 0x63, 0x08, 0x63, 0x08, 0x63, 0x08, 0x63, 0x08,
  0x63, 0x08, 0x63, 0x08, 0x63, 0x08, 0x63, 0x08, 0x63, 0x08, 0x63, 0x08, 0x63, 0x08, 0x63, 0x08,
  0x63, 0x08, 0x63, 0x08, 0x63, 0x08, 0x63, 0x08, 0x63, 0x08, 0x63, 0x08, 0x63, 0x08, 0x63, 0x08,
  0x63, 0x08, 0x63, 0x08, 0x63, 0x08, 0x63, 0x08, 0x63, 0x08, 0x63, 0x08, 0x63, 0x08, 0x63, 0x08,
  0x63, 0x08, 0x63, 0x08, 0x63, 0x08, 0x63, 0x08, 0x63, 0x08, 0x63, 0x08, 0x63, 0x08, 0x63, 0x08,
  0x63, 0x08, 0x63, 0x08, 0x63, 0x08, 0x63, 0x08, 0x63, 0x08, 0x63, 0x08, 0x63, 0x08, 0x63, 0x08,
  0x63, 0x08, 0x63, 0x08, 0x63, 0x08, 0x63, 0x08, 0x63, 0x08, 0x63, 0x08, 0x63, 0x08, 0x63, 0x08,
  0x63, 0x08, 0x63, 0x08, 0x63, 0x08, 0x63, 0x08, 0x63, 0x08, 0x63, 0x08, 0x63, 0x08, 0x63, 0x08,
  0x63, 0x08, 0x63, 0x08, 0x63, 0x08, 0x63, 0x08, 0x63, 0x08, 0x63, 0x08, 0x63, 0x08, 0x63, 0x08,
  0x63, 0x08, 0x63, 0x08, 0x63, 0x08, 0x63, 0x08, 0x63, 0x08, 0x63, 0x08, 0x63, 0x08, 0x63, 0x08,
  0x63, 0x08, 0x63, 0x08, 0x63, 0x08, 0x63, 0x08, 0x63, 0x08, 0x63, 0x08, 0x63, 0x08, 0x63, 0x08,
  0x63, 0x08, 0x63, 0x08, 0x63, 0x08, 0x63, 0x08, 0x63, 0x08, 0x63, 0x08, 0x63, 0x08, 0x63, 0x08,
  0x63, 0x08, 0x63, 0x08, 0x63, 0x08, 0x63, 0x08, 0x63, 0x08, 0x63, 0x08, 0x63, 0x08, 0x63, 0x08,
  0x63, 0x08, 0x63, 0x08, 0x63, 0x08, 0x63, 0x08, 0x63, 0x08, 0x63, 0x08, 0x63, 0x08, 0x63, 0x08,
  0x63, 0x08, 0x63, 0x08, 0x63, 0x08, 0x63, 0x08, 0x63, 0x08, 0x63, 0x08, 0x63, 0x08, 0x63, 0x08,
  0x63, 0x08, 0x63, 0x08, 0x63, 0x08, 0x63, 0x08, 0x63, 0x08, 0x63, 0x08, 0x63, 0x08, 0x63, 0x08,
  0x63, 0x08, 0x63, 0x08, 0x63, 0x08, 0x63, 0x08, 0x63, 0x08, 0x63, 0x08, 0x63, 0x08, 0x63, 0x08,
  0x63, 0x08, 0x63, 0x08, 0x63, 0x08, 0x63, 0x08, 0x63, 0x08, 0x63, 0x08, 0x63, 0x08, 0x63, 0x08,
  0x63, 0x08, 0x63, 0x08, 0x63, 0x08, 0x63, 0x08, 0x63, 0x08, 0x63, 0x08, 0x63, 0x08, 0x63, 0x08,
  0x63, 0x08, 0x63, 0x08, 0x63, 0x08, 0x63, 0x08, 0x63, 0x08, 0x63, 0x08, 0x63, 0x08, 0x63, 0x08,
  0x63, 0x08, 0x63, 0x08, 0x63, 0x08, 0x63, 0x08, 0x63, 0x08, 0x63, 0x08, 0x63, 0x08, 0x63, 0x08,
  0x63, 0x08, 0x63, 0x08, 0x63, 0x08, 0x63, 0x08, 0x63, 0x08, 0x63, 0x08, 0x63, 0x08, 0x63, 0x08,
  0x63, 0x08, 0x63, 0x08, 0x63, 0x08, 0x63, 0x08, 0x63, 0x08, 0x63, 0x08, 0x63, 0x08, 0x63, 0x08,
  0x63, 0x08, 0x63, 0x08, 0x63, 0x08, 0x63, 0x08, 0x63, 0x08, 0x63, 0x08, 0x63, 0x08, 0x63, 0x08,
  0x63, 0x08, 0x63, 0x08, 0x63, 0x08, 0x63, 0x08, 0x63, 0x08, 0x63, 0x08, 0x63, 0x08, 0x63, 0x08,
  0x63, 0x08, 0x63, 0x08, 0x63, 0x08, 0x63, 0x08, 0x63, 0x08, 0x63, 0x08, 0x63, 0x08, 0x63, 0x08,
  0x63, 0x08, 0x63, 0x08, 0x63, 0x08, 0x63, 0x08, 0x63, 0x08, 0x63, 0x08, 0x63, 0x08, 0x63, 0x08,
  0x63, 0x08, 0x63, 0x08, 0x63, 0x08, 0x63, 0x08, 0x63, 0x08, 0x63, 0x08, 0x63, 0x08, 0x63, 0x08,
  0x63, 0x08, 0x63, 0x08, 0x63, 0x08, 0x63, 0x08, 0x63, 0x08, 0x63, 0x08, 0x63, 0x08, 0x63, 0x08,
  0x63, 0x08, 0x63, 0x08, 0x63, 0x08, 0x63, 0x08, 0x63, 0x08, 0x63, 0x08, 0x63, 0x08, 0x63, 0x08,
  0x63, 0x08, 0x63, 0x08, 0x63, 0x08, 0x63, 0x08, 0x63, 0x08, 0x63, 0x08, 0x63, 0x08, 0x63, 0x08,
  0x63, 0x08, 0x63, 0x08, 0x63, 0x08, 0x63, 0x08, 0x63, 0x08, 0x63, 0x08, 0x63, 0x08, 0x63, 0x08,
  0x63, 0x08, 0x63, 0x08, 0x63, 0x08, 0x63, 0x08, 0x63, 0x08, 0x63, 0x08, 0x63, 0x08, 0x63, 0x08,
  0x63, 0x08, 0x63, 0x08, 0x63, 0x08, 0x63, 0x08, 0x63, 0x08, 0x63, 0x08, 0x63, 0x08, 0x63, 0x08,
  0x63, 0x08, 0x63, 0x08, 0x63, 0x08, 0x63, 0x08, 0x63, 0x08, 0x63, 0x08, 0x63, 0x08, 0x63, 0x08,
  0x63, 0x08, 0x63, 0x08, 0x63, 0x08, 0x63, 0x08, 0x63, 0x08, 0x63, 0x08, 0x63, 0x08, 0x63, 0x08,
  0x63, 0x08, 0x63, 0x08, 0x63, 0x08, 0x63, 0x08, 0x63, 0x08, 0x63, 0x08, 0x63, 0x08, 0x63, 0x08,
  0x63, 0x08, 0x63, 0x08, 0x63, 0x08, 0x63, 0x08, 0x63, 0x08, 0x63, 0x08, 0x63, 0x08, 0x63, 0x08,
  0x63, 0x08, 0x63, 0x08, 0x63, 0x08, 0x63, 0x08, 0x63, 0x08, 0x63, 0x08, 0x63, 0x08, 0x63, 0x08,
  0x63, 0x08, 0x63, 0x08, 0x63, 0x08, 0x63, 0x08, 0x63, 0x08, 0x63, 0x08, 0x63, 0x08, 0x63, 0x08,
  0x63, 0x08, 0x63, 0x08, 0x63, 0x08, 0x63, 0x08, 0x63, 0x08, 0x63, 0x08, 0x63, 0x08, 0x63, 0x08,
  0x63, 0x08, 0x63, 0x08, 0x63, 0x08, 0x63, 0x08, 0x63, 0x08, 0x63, 0x08, 0x63, 0x08, 0x63, 0x08,
  0x63, 0x08, 0x63, 0x08, 0x63, 0x08, 0x63, 0x08, 0x63, 0x08, 0x63, 0x08, 0x63, 0x08, 0x63, 0x08,
  0x63, 0x08, 0x63, 0x08, 0x63, 0x08, 0x63, 0x08, 0x63, 0x08, 0x63, 0x08, 0x63, 0x08, 0x63, 0x08,
  0x63, 0x08, 0x63, 0x08, 0x63, 0x08, 0x63, 0x08, 0x63, 0x08, 0x63, 0x08, 0x63, 0x08, 0x63, 0x08,
  0x63, 0x08, 0x63, 0x08, 0x63, 0x08, 0x63, 0x08, 0x63, 0x08, 0x63, 0x08, 0x63, 0x08, 0x63, 0x08,
  0x63, 0x08, 0x63, 0x08, 0x63, 0x08, 0x63, 0x08, 0x63, 0x08, 0x63, 0x08, 0x63, 0x08, 0x63, 0x08,
  0x63, 0x08, 0x63, 0x08, 0x63, 0x08, 0x63, 0x08, 0x63, 0x08, 0x63, 0x08, 0x63, 0x08, 0x63, 0x08,
  0x63, 0x08, 0x63, 0x08, 0x63, 0x08, 0x63, 0x08, 0x63, 0x08, 0x63, 0x08, 0x63, 0x08, 0x63, 0x08,
  0x63, 0x08, 0x63, 0x08, 0x63, 0x08, 0x63, 0x08, 0x63, 0x08, 0x63, 0x08, 0x63, 0x08, 0x63, 0x08,
  0x63, 0x08, 0x63, 0x08, 0x63, 0x08, 0x63, 0x08, 0x63, 0x08, 0x63, 0x08, 0x63, 0x08, 0x63, 0x08,
  0x63, 0x08, 0x63, 0x08, 0x63, 0x08, 0x63, 0x08, 0x63, 0x08, 0x63, 0x08, 0x63, 0x08, 0x63, 0x08,
  0x63, 0x08, 0x63, 0x08, 0x63, 0x08, 0x63, 0x08, 0x63, 0x08, 0x63, 0x08, 0x63, 0x08, 0x63, 0x08,
  0x63, 0x08, 0x63, 0x08, 0x63, 0x08, 0x63, 0x08, 0x63, 0x08, 0x63, 0x08, 0x63, 0x08, 0x63, 0x08,
  0x63, 0x08, 0x63, 0x08, 0x63, 0x08, 0x63, 0x08, 0x63, 0x08, 0x63, 0x08, 0x63, 0x08, 0x63, 0x08,
  0x63, 0x08, 0x63, 0x08, 0x63, 0x08, 0x63, 0x08, 0x63, 0x08, 0x63, 0x08, 0x63, 0x08, 0x63, 0x08,
  0x63, 0x08, 0x63, 0x08, 0x63, 0x08, 0x63, 0x08, 0x63, 0x08, 0x63, 0x08, 0x63, 0x08, 0x63, 0x08,
  0x63, 0x08, 0x63, 0x08, 0x63, 0x08, 0x63, 0x08, 0x63, 0x08, 0x63, 0x08, 0x63, 0x08, 0x63, 0x08,
  0x63, 0x08, 0x63, 0x08, 0x63, 0x08, 0x63, 0x08, 0x63, 0x08, 0x63, 0x08, 0x63, 0x08, 0x63, 0x08,
  0x63, 0x08, 0x63, 0x08, 0x63, 0x08, 0x63, 0x08, 0x63, 0x08, 0x63, 0x08, 0x63, 0x08, 0x63, 0x08,
  0x63, 0x08, 0x63, 0x08, 0x63, 0x08, 0x63, 0x08, 0x63, 0x08, 0x63, 0x08, 0x63, 0x08, 0x63, 0x08,
  0x63, 0x08, 0x63, 0x08, 0x63, 0x08, 0x63, 0x08, 0x63, 0x08, 0x63, 0x08, 0x63, 0x08, 0x63, 0x08,
  0x63, 0x08, 0x63, 0x08, 0x63, 0x08, 0x63, 0x08, 0x63, 0x08, 0x63, 0x08, 0x63, 0x08, 0x63, 0x08,
  0x63, 0x08, 0x63, 0x08, 0x63, 0x08, 0x63, 0x08, 0x63, 0x08, 0x63, 0x08, 0x63, 0x08, 0x63, 0x08,
  0x63, 0x08, 0x63, 0x08, 0x63, 0x08, 0x63, 0x08, 0x63, 0x08, 0x63, 0x08, 0x63, 0x08, 0x63, 0x08,
  0x63, 0x08, 0x63, 0x08, 0x63, 0x08, 0x63, 0x08, 0x63, 0x08, 0x63, 0x08, 0x63, 0x08, 0x63, 0x08,
  0x63, 0x08, 0x63, 0x08, 0x63, 0x08, 0x63, 0x08, 0x63, 0x08, 0x63, 0x08, 0x63, 0x08, 0x63, 0x08,
  0x63, 0x08, 0x63, 0x08, 0x63, 0x08, 0x63, 0x08, 0x63, 0x08, 0x63, 0x08, 0x63, 0x08, 0x63, 0x08,
  0x63, 0x08, 0x63, 0x08, 0x63, 0x08, 0x63, 0x08, 0x63, 0x08, 0x63, 0x08, 0x63, 0x08, 0x63, 0x08,
  0x63, 0x08, 0x63, 0x08, 0x63, 0x08, 0x63, 0x08, 0x63, 0x08, 0x63, 0x08, 0x63, 0x08, 0x63, 0x08,
  0x63, 0x08, 0x63, 0x08, 0x63, 0x08, 0x63, 0x08, 0x63, 0x08, 0x63, 0x08, 0x63, 0x08, 0x63, 0x08,
  0x63, 0x08, 0x63, 0x08, 0x63, 0x08, 0x63, 0x08, 0x63, 0x08, 0x63, 0x08, 0x63, 0x08, 0x63, 0x08,
  0x63, 0x08, 0x63, 0x08, 0x63, 0x08, 0x63, 0x08, 0x63, 0x08, 0x63, 0x08, 0x63, 0x08, 0x63, 0x08,
  0x63, 0x08, 0x63, 0x08, 0x63, 0x08, 0x63, 0x08, 0x63, 0x08, 0x63, 0x08, 0x63, 0x08, 0x63, 0x08,
  0x63, 0x08, 0x63, 0x08, 0x63, 0x08, 0x63, 0x08, 0x63, 0x08, 0x63, 0x08, 0x63, 0x08, 0x63, 0x08,
  0x63, 0x08, 0x63, 0x08, 0x63, 0x08, 0x63, 0x08, 0x63, 0x08, 0x63, 0x08, 0x63, 0x08, 0x63, 0x08,
  0x63, 0x08, 0x63, 0x08, 0x63, 0x08, 0x63, 0x08, 0x63, 0x08, 0x63, 0x08, 0x63, 0x08, 0x63, 0x08,
  0x63, 0x08, 0x63, 0x08, 0x63, 0x08, 0x63, 0x08, 0x63, 0x08, 0x63, 0x08, 0x63, 0x08, 0x63, 0x08,
  0x63, 0x08, 0x63, 0x08, 0x63, 0x08, 0x63, 0x08, 0x63, 0x08, 0x63, 0x08, 0x63, 0x08, 0x63, 0x08,
  0x63, 0x08, 0x63, 0x08, 0x63, 0x08, 0x63, 0x08, 0x63, 0x08, 0x63, 0x08, 0x63, 0x08, 0x63, 0x08,
  0x63, 0x08, 0x63, 0x08, 0x63, 0x08, 0x63, 0x08, 0x63, 0x08, 0x63, 0x08, 0x63, 0x08, 0x63, 0x08,
  0x63, 0x08, 0x63, 0x08, 0x63, 0x08, 0x63, 0x08, 0x63, 0x08, 0x63, 0x08, 0x63, 0x08, 0x63, 0x08,
  0x63, 0x08, 0x63, 0x08, 0x63, 0x08, 0x63, 0x08, 0x63, 0x08, 0x63, 0x08, 0x63, 0x08, 0x63, 0x08,
  0x63, 0x08, 0x63, 0x08, 0x63, 0x08, 0x63, 0x08, 0x63, 0x08, 0x63, 0x08, 0x63, 0x08, 0x63, 0x08,
  0x63, 0x08, 0x63, 0x08, 0x63, 0x08, 0x63, 0x08, 0x63, 0x08, 0x63, 0x08, 0x63, 0x08, 0x63, 0x08,
  0x63, 0x08, 0x63, 0x08, 0x63, 0x08, 0x63, 0x08, 0x63, 0x08, 0x63, 0x08, 0x63, 0x08, 0x63, 0x08,
  0x63, 0x08, 0x63, 0x08, 0x63, 0x08, 0x63, 0x08, 0x63, 0x08, 0x63, 0x08, 0x63, 0x08, 0x63, 0x08,
  0x63, 0x08, 0x63, 0x08, 0x63, 0x08, 0x63, 0x08, 0x63, 0x08, 0x63, 0x08, 0x63, 0x08, 0x63, 0x08,
  0x63, 0x08, 0x63, 0x08, 0x63, 0x08, 0x63, 0x08, 0x63, 0x08, 0x63, 0x08, 0x63, 0x08, 0x63, 0x08,
  0x63, 0x08, 0x63, 0x08, 0x63, 0x08, 0x63, 0x08, 0x63, 0x08, 0x63, 0x08, 0x63, 0x08, 0x63, 0x08,
  0x63, 0x08, 0x63, 0x08, 0x63, 0x08, 0x63, 0x08, 0x63, 0x08, 0x63, 0x08, 0x63, 0x08, 0x63, 0x08,
  0x63, 0x08, 0x63, 0x08, 0x63, 0x08, 0x63, 0x08, 0x63, 0x08, 0x63, 0x08, 0x63, 0x08, 0x63, 0x08,
  0x63, 0x08, 0x63, 0x08, 0x63, 0x08, 0x63, 0x08, 0x63, 0x08, 0x63, 0x08, 0x63, 0x08, 0x63, 0x08,
  0x63, 0x08, 0x63, 0x08, 0x63, 0x08, 0x63, 0x08, 0x63, 0x08, 0x63, 0x08, 0x63, 0x08, 0x63, 0x08,
  0x63, 0x08, 0x63, 0x08, 0x63, 0x08, 0x63, 0x08, 0x63, 0x08, 0x63, 0x08, 0x63, 0x08, 0x63, 0x08,
  0x63, 0x08, 0x63, 0x08, 0x63, 0x08, 0x63, 0x08, 0x63, 0x08, 0x63, 0x08, 0x63, 0x08, 0x63, 0x08,
  0x63, 0x08, 0x63, 0x08, 0x63, 0x08, 0x63, 0x08, 0x63, 0x08, 0x63, 0x08, 0x63, 0x08, 0x63, 0x08,
  0x63, 0x08, 0x63, 0x08, 0x63, 0x08, 0x63, 0x08, 0x63, 0x08, 0x63, 0x08, 0x63, 0x08, 0x63, 0x08,
  0x63, 0x08, 0x63, 0x08, 0x63, 0x08, 0x63, 0x08, 0x63, 0x08, 0x63, 0x08, 0x63, 0x08, 0x63, 0x08,
  0x63, 0x08, 0x63, 0x08, 0x63, 0x08, 0x63, 0x08, 0x63, 0x08, 0x63, 0x08, 0x63, 0x08, 0x63, 0x08,
  0x63, 0x08, 0x63, 0x08, 0x63, 0x08, 0x63, 0x08, 0x63, 0x08, 0x63, 0x08, 0x63, 0x08, 0x63, 0x08,
  0x63, 0x08, 0x63, 0x08, 0x63, 0x08, 0x63, 0x08, 0x63, 0x08, 0x63, 0x08, 0x63, 0x08, 0x63, 0x08,
  0x63, 0x08, 0x63, 0x08, 0x63, 0x08, 0x63, 0x08, 0x63, 0x08, 0x63, 0x08, 0x63, 0x08, 0x63, 0x08,
  0x63, 0x08, 0x63, 0x08, 0x63, 0x08, 0x63, 0x08, 0x63, 0x08, 0x63, 0x08, 0x63, 0x08, 0x63, 0x08,
  0x63, 0x08, 0x63, 0x08, 0x63, 0x08, 0x63, 0x08, 0x63, 0x08, 0x63, 0x08, 0x63, 0x08, 0x63, 0x08,
  0x63, 0x08, 0x63, 0x08, 0x63, 0x08, 0x63, 0x08, 0x63, 0x08, 0x63, 0x08, 0x63, 0x08, 0x63, 0x08,
  0x63, 0x08, 0x63, 0x08, 0x63, 0x08, 0x63, 0x08, 0x63, 0x08, 0x63, 0x08, 0x63, 0x08, 0x63, 0x08,
  0x63, 0x08, 0x63, 0x08, 0x63, 0x08, 0x63, 0x08, 0x63, 0x08, 0x63, 0x08, 0x63, 0x08, 0x63, 0x08,
  0x63, 0x08, 0x63, 0x08, 0x63, 0x08, 0x63, 0x08, 0x63, 0x08, 0x63, 0x08, 0x63, 0x08, 0x63, 0x08,
  0x63, 0x08, 0x63, 0x08, 0x63, 0x08, 0x63, 0x08, 0x63, 0x08, 0x63, 0x08, 0x63, 0x08, 0x63, 0x08,
  0x63, 0x08, 0x63, 0x08, 0x63, 0x08, 0x63, 0x08, 0x63, 0x08, 0x63, 0x08, 0x63, 0x08, 0x63, 0x08,
  0x63, 0x08, 0x63, 0x08, 0x63, 0x08, 0x63, 0x08, 0x63, 0x08, 0x63, 0x08, 0x63, 0x08, 0x63, 0x08,
  0x63, 0x08, 0x63, 0x08, 0x63, 0x08, 0x63, 0x08, 0x63, 0x08, 0x63, 0x08, 0x63, 0x08, 0x63, 0x08,
  0x63, 0x08, 0x63, 0x08, 0x63, 0x08, 0x63, 0x08, 0x63, 0x08, 0x63, 0x08, 0x63, 0x08, 0x63, 0x08,
  0x63, 0x08, 0x63, 0x08, 0x63, 0x08, 0x63, 0x08, 0x63, 0x08, 0x63, 0x08, 0x63, 0x08, 0x63, 0x08,
  0x63, 0x08, 0x63, 0x08, 0x63, 0x08, 0x63, 0x08, 0x63, 0x08, 0x63, 0x08, 0x63, 0x08, 0x63, 0x08,
  0x63, 0x08, 0x63, 0x08, 0x63, 0x08, 0x63, 0x08, 0x63, 0x08, 0x63, 0x08, 0x63, 0x08, 0x63, 0x08,
  0x63, 0x08, 0x63, 0x08, 0x63, 0x08, 0x63, 0x08, 0x63, 0x08, 0x63, 0x08, 0x63, 0x08, 0x63, 0x08,
  0x63, 0x08, 0x63, 0x08, 0x63, 0x08, 0x63, 0x08, 0x63, 0x08, 0x63, 0x08, 0x63, 0x08, 0x63, 0x08,
  0x63, 0x08, 0x63, 0x08, 0x63, 0x08, 0x63, 0x08, 0x63, 0x08, 0x63, 0x08, 0x63, 0x08, 0x63, 0x08,
  0x63, 0x08, 0x63, 0x08, 0x63, 0x08, 0x63, 0x08, 0x63, 0x08, 0x63, 0x08, 0x63, 0x08, 0x63, 0x08,
  0x63, 0x08, 0x63, 0x08, 0x63, 0x08, 0x63, 0x08, 0x63, 0x08, 0x63, 0x08, 0x63, 0x08, 0x63, 0x08,
  0x63, 0x08, 0x63, 0x08, 0x63, 0x08, 0x63, 0x08, 0x63, 0x08, 0x63, 0x08, 0x63, 0x08, 0x63, 0x08,
  0x63, 0x08, 0x63, 0x08, 0x63, 0x08, 0x63, 0x08, 0x63, 0x08, 0x63, 0x08, 0x63, 0x08, 0x63, 0x08,
  0x63, 0x08, 0x63, 0x08, 0x63, 0x08, 0x63, 0x08, 0x63, 0x08, 0x63, 0x08, 0x63, 0x08, 0x63, 0x08,
  0x63, 0x08, 0x63, 0x08, 0x63, 0x08, 0x63, 0x08, 0x63, 0x08, 0x63, 0x08, 0x63, 0x08, 0x63, 0x08,
  0x63, 0x08, 0x63, 0x08, 0x63, 0x08, 0x63, 0x08, 0x63, 0x08, 0x63, 0x08, 0x63, 0x08, 0x63, 0x08,
  0x63, 0x08, 0x63, 0x08, 0x63, 0x08, 0x63, 0x08, 0x63, 0x08, 0x63, 0x08, 0x63, 0x08, 0x63, 0x08,
  0x63, 0x08, 0x63, 0x08, 0x63, 0x08, 0x63, 0x08, 0x63, 0x08, 0x63, 0x08, 0x63, 0x08, 0x63, 0x08,
  0x63, 0x08, 0x63, 0x08, 0x63, 0x08, 0x63, 0x08, 0x63, 0x08, 0x63, 0x08, 0x63, 0x08, 0x63, 0x08,
  0x63, 0x08, 0x63, 0x08, 0x63, 0x08, 0x63, 0x08, 0x63, 0x08, 0x63, 0x08, 0x63, 0x08, 0x63, 0x08,
  0x63, 0x08, 0x63, 0x08, 0x63, 0x08, 0x63, 0x08, 0x63, 0x08, 0x63, 0x08, 0x63, 0x08, 0x63, 0x08,
  0x63, 0x08, 0x63, 0x08, 0x63, 0x08, 0x63, 0x08, 0x63, 0x08, 0x63, 0x08, 0x63, 0x08, 0x63, 0x08,
  0x63, 0x08, 0x63, 0x08, 0x63, 0x08, 0x63, 0x08, 0x63, 0x08, 0x63, 0x08, 0x63, 0x08, 0x63, 0x08,
  0x63, 0x08, 0x63, 0x08, 0x63, 0x08, 0x63, 0x08, 0x63, 0x08, 0x63, 0x08, 0x63, 0x08, 0x63, 0x08,
  0x63, 0x08, 0x63, 0x08, 0x63, 0x08, 0x63, 0x08, 0x63, 0x08, 0x63, 0x08, 0x63, 0x08, 0x63, 0x08,
  0x63, 0x08, 0x63, 0x08, 0x63, 0x08, 0x63, 0x08, 0x63, 0x08, 0x63, 0x08, 0x63, 0x08, 0x63, 0x08,
  0x63, 0x08, 0x63, 0x08, 0x63, 0x08, 0x63, 0x08, 0x63, 0x08, 0x63, 0x08, 0x63, 0x08, 0x63, 0x08,
  0x63, 0x08, 0x63, 0x08, 0x63, 0x08, 0x63, 0x08, 0x63, 0x08, 0x63, 0x08, 0x63, 0x08, 0x63, 0x08,
  0x63, 0x08, 0x63, 0x08, 0x63, 0x08, 0x63, 0x08, 0x63, 0x08, 0x63, 0x08, 0x63, 0x08, 0x63, 0x08,
  0x63, 0x08, 0x63, 0x08, 0x63, 0x08, 0x63, 0x08, 0x63, 0x08, 0x63, 0x08, 0x63, 0x08, 0x63, 0x08,
  0x63, 0x08, 0x63, 0x08, 0x63, 0x08, 0x63, 0x08, 0x63, 0x08, 0x63, 0x08, 0x63, 0x08, 0x63, 0x08,
  0x63, 0x08, 0x63, 0x08, 0x63, 0x08, 0x63, 0x08, 0x63, 0x08, 0x63, 0x08, 0x63, 0x08, 0x63, 0x08,
  0x63, 0x08, 0x63, 0x08, 0x63, 0x08, 0x63, 0x08, 0x63, 0x08, 0x63, 0x08, 0x63, 0x08, 0x63, 0x08,
  0x63, 0x08, 0x63, 0x08, 0x63, 0x08, 0x63, 0x08, 0x63, 0x08, 0x63, 0x08, 0x63, 0x08, 0x63, 0x08,
  0x63, 0x08, 0x63, 0x08, 0x63, 0x08, 0x63, 0x08, 0x63, 0x08, 0x63, 0x08, 0x63, 0x08, 0x63, 0x08,
  0x63, 0x08, 0x63, 0x08, 0x63, 0x08, 0x63, 0x08, 0x63, 0x08, 0x63, 0x08, 0x63, 0x08, 0x63, 0x08,
  0x63, 0x08, 0x63, 0x08, 0x63, 0x08, 0x63, 0x08, 0x63, 0x08, 0x63, 0x08, 0x63, 0x08, 0x63, 0x08,
  0x63, 0x08, 0x63, 0x08, 0x63, 0x08, 0x63, 0x08, 0x63, 0x08, 0x63, 0x08, 0x63, 0x08, 0x63, 0x08,
  0x63, 0x08, 0x63, 0x08, 0x63, 0x08, 0x63, 0x08, 0x63, 0x08, 0x63, 0x08, 0x63, 0x08, 0x63, 0x08,
  0x63, 0x08, 0x63, 0x08, 0x63, 0x08, 0x63, 0x08, 0x63, 0x08, 0x63, 0x08, 0x63, 0x08, 0x63, 0x08,
  0x63, 0x08, 0x63, 0x08, 0x63, 0x08, 0x63, 0x08, 0x63, 0x08, 0x63, 0x08, 0x63, 0x08, 0x63, 0x08,
  0x63, 0x08, 0x63, 0x08, 0x63, 0x08, 0x63, 0x08, 0x63, 0x08, 0x63, 0x08, 0x63, 0x08, 0x63, 0x08,
  0x63, 0x08, 0x63, 0x08, 0x63, 0x08, 0x63, 0x08, 0x63, 0x08, 0x63, 0x08, 0x63, 0x08, 0x63, 0x08,
  0x63, 0x08, 0x63, 0x08, 0x63, 0x08, 0x63, 0x08, 0x63, 0x08, 0x63, 0x08, 0x63, 0x08, 0x63, 0x08,
  0x63, 0x08, 0x63, 0x08, 0x63, 0x08, 0x63, 0x08, 0x63, 0x08, 0x63, 0x08, 0x63, 0x08, 0x63, 0x08,
  0x63, 0x08, 0x63, 0x08, 0x63, 0x08, 0x63, 0x08, 0x63, 0x08, 0x63, 0x08, 0x63, 0x08, 0x63, 0x08,
  0x63, 0x08, 0x63, 0x08, 0x63, 0x08, 0x63, 0x08, 0x63, 0x08, 0x63, 0x08, 0x63, 0x08, 0x63, 0x08,
  0x63, 0x08, 0x63, 0x08, 0x63, 0x08, 0x63, 0x08, 0x63, 0x08, 0x63, 0x08, 0x63, 0x08, 0x63, 0x08,
  0x63, 0x08, 0x63, 0x08, 0x63, 0x08, 0x63, 0x08, 0x63, 0x08, 0x63, 0x08, 0x63, 0x08, 0x63, 0x08,
  0x63, 0x08, 0x63, 0x08, 0x63, 0x08, 0x63, 0x08, 0x63, 0x08, 0x63, 0x08, 0x63, 0x08, 0x63, 0x08,
  0x63, 0x08, 0x63, 0x08, 0x63, 0x08, 0x63, 0x08, 0x63, 0x08, 0x63, 0x08, 0x63, 0x08, 0x63, 0x08,
  0x63, 0x08, 0x63, 0x08, 0x63, 0x08, 0x63, 0x08, 0x63, 0x08, 0x63, 0x08, 0x63, 0x08, 0x63, 0x08,
  0x63, 0x08, 0x63, 0x08, 0x63, 0x08, 0x63, 0x08, 0x63, 0x08, 0x63, 0x08, 0x63, 0x08, 0x63, 0x08,
  0x63, 0x08, 0x63, 0x08, 0x63, 0x08, 0x63, 0x08, 0x63, 0x08, 0x63, 0x08, 0x63, 0x08, 0x63, 0x08,
  0x63, 0x08, 0x63, 0x08, 0x63, 0x08, 0x63, 0x08, 0x63, 0x08, 0x63, 0x08, 0x63, 0x08, 0x63, 0x08,
  0x63, 0x08, 0x63, 0x08, 0x63, 0x08, 0x63, 0x08, 0x63, 0x08, 0x63, 0x08, 0x63, 0x08, 0x63, 0x08,
  0x63, 0x08, 0x63, 0x08, 0x63, 0x08, 0x63, 0x08, 0x63, 0x08, 0x63, 0x08, 0x63, 0x08, 0x63, 0x08,
  0x63, 0x08, 0x63, 0x08, 0x63, 0x08, 0x63, 0x08, 0x63, 0x08, 0x63, 0x08, 0x63, 0x08, 0x63, 0x08,
  0x63, 0x08, 0x63, 0x08, 0x63, 0x08, 0x63, 0x08, 0x63, 0x08, 0x63, 0x08, 0x63, 0x08, 0x63, 0x08,
  0x63, 0x08, 0x63, 0x08, 0x63, 0x08, 0x63, 0x08, 0x63, 0x08, 0x63, 0x08, 0x63, 0x08, 0x63, 0x08,
  0x63, 0x08, 0x63, 0x08, 0x63, 0x08, 0x63, 0x08, 0x63, 0x08, 0x63, 0x08, 0x63, 0x08, 0x63, 0x08,
  0x63, 0x08, 0x63, 0x08, 0x63, 0x08, 0x63, 0x08, 0x63, 0x08, 0x63, 0x08, 0x63, 0x08, 0x63, 0x08,
  0x63, 0x08, 0x63, 0x08, 0x63, 0x08, 0x63, 0x08, 0x63, 0x08, 0x63, 0x08, 0x63, 0x08, 0x63, 0x08,
  0x63, 0x08, 0x63, 0x08, 0x63, 0x08, 0x63, 0x08, 0x63, 0x08, 0x63, 0x08, 0x63, 0x08, 0x63, 0x08,
  0x63, 0x08, 0x63, 0x08, 0x63, 0x08, 0x63, 0x08, 0x63, 0x08, 0x63, 0x08, 0x63, 0x08, 0x63, 0x08,
  0x63, 0x08, 0x63, 0x08, 0x63, 0x08, 0x63, 0x08, 0x63, 0x08, 0x63, 0x08, 0x63, 0x08, 0x63, 0x08,
  0x63, 0x08, 0x63, 0x08, 0x63, 0x08, 0x63, 0x08, 0x63, 0x08, 0x63, 0x08, 0x63, 0x08, 0x63, 0x08,
  0x63, 0x08, 0x63, 0x08, 0x63, 0x08, 0x63, 0x08, 0x63, 0x08, 0x63, 0x08, 0x63, 0x08, 0x63, 0x08,
  0x63, 0x08, 0x63, 0x08, 0x63, 0x08, 0x63, 0x08, 0x63, 0x08, 0x63, 0x08, 0x63, 0x08, 0x63, 0x08,
  0x63, 0x08, 0x63, 0x08, 0x63, 0x08, 0x63, 0x08, 0x63, 0x08, 0x63, 0x08, 0x63, 0x08, 0x63, 0x08,
  0x63, 0x08, 0x63, 0x08, 0x63, 0x08, 0x63, 0x08, 0x63, 0x08, 0x63, 0x08, 0x63, 0x08, 0x63, 0x08,
  0x63, 0x08, 0x63, 0x08, 0x63, 0x08, 0x63, 0x08, 0x63, 0x08, 0x63, 0x08, 0x63, 0x08, 0x63, 0x08,
  0x63, 0x08, 0x63, 0x08, 0x63, 0x08, 0x63, 0x08, 0x63, 0x08, 0x63, 0x08, 0x63, 0x08, 0x63, 0x08,
  0x63, 0x08, 0x63, 0x08, 0x63, 0x08, 0x63, 0x08, 0x63, 0x08, 0x63, 0x08, 0x63, 0x08, 0x63, 0x08,
  0x63, 0x08, 0x63, 0x08, 0x63, 0x08, 0x63, 0x08, 0x63, 0x08, 0x63, 0x08, 0x63, 0x08, 0x63, 0x08,
  0x63, 0x08, 0x63, 0x08, 0x63, 0x08, 0x63, 0x08, 0x63, 0x08, 0x63, 0x08, 0x63, 0x08, 0x63, 0x08,
  0x63, 0x08, 0x63, 0x08, 0x63, 0x08, 0x63, 0x08, 0x63, 0x08, 0x63, 0x08, 0x63, 0x08, 0x63, 0x08,
  0x63, 0x08, 0x63, 0x08, 0x63, 0x08, 0x63, 0x08, 0x63, 0x08, 0x63, 0x08, 0x63, 0x08, 0x63, 0x08,
  0x63, 0x08, 0x63, 0x08, 0x63, 0x08, 0x63, 0x08, 0x63, 0x08, 0x63, 0x08, 0x63, 0x08, 0x63, 0x08,
  0x63, 0x08, 0x63, 0x08, 0x63, 0x08, 0x63, 0x08, 0x63, 0x08, 0x63, 0x08, 0x63, 0x08, 0x63, 0x08,
  0x63, 0x08, 0x63, 0x08, 0x63, 0x08, 0x63, 0x08, 0x63, 0x08, 0x63, 0x08, 0x63, 0x08, 0x63, 0x08,
  0x63, 0x08, 0x63, 0x08, 0x63, 0x08, 0x63, 0x08, 0x63, 0x08, 0x63, 0x08, 0x63, 0x08, 0x63, 0x08,
  0x63, 0x08, 0x63, 0x08, 0x63, 0x08, 0x63, 0x08, 0x63, 0x08, 0x63, 0x08, 0x63, 0x08, 0x63, 0x08,
  0x63, 0x08, 0x63, 0x08, 0x63, 0x08, 0x63, 0x08, 0x63, 0x08, 0x63, 0x08, 0x63, 0x08, 0x63, 0x08,
  0x63, 0x08, 0x63, 0x08, 0x63, 0x08, 0x63, 0x08, 0x63, 0x08, 0x63, 0x08, 0x63, 0x08, 0x63, 0x08,
  0x63, 0x08, 0x63, 0x08, 0x63, 0x08, 0x63, 0x08, 0x63, 0x08, 0x63, 0x08, 0x63, 0x08, 0x63, 0x08,
  0x63, 0x08, 0x63, 0x08, 0x63, 0x08, 0x63, 0x08, 0x63, 0x08, 0x63, 0x08, 0x63, 0x08, 0x63, 0x08,
  0x63, 0x08, 0x63, 0x08, 0x63, 0x08, 0x63, 0x08, 0x63, 0x08, 0x63, 0x08, 0x63, 0x08, 0x63, 0x08,
  0x63, 0x08, 0x63, 0x08, 0x63, 0x08, 0x63, 0x08, 0x63, 0x08, 0x63, 0x08, 0x63, 0x08, 0x63, 0x08,
  0x63, 0x08, 0x63, 0x08, 0x63, 0x08, 0x63, 0x08, 0x63, 0x08, 0x63, 0x08, 0x63, 0x08, 0x63, 0x08,
  0x63, 0x08, 0x63, 0x08, 0x63, 0x08, 0x63, 0x08, 0x63, 0x08, 0x63, 0x08, 0x63, 0x08, 0x63, 0x08,
  0x63, 0x08, 0x63, 0x08, 0x63, 0x08, 0x63, 0x08, 0x63, 0x08, 0x63, 0x08, 0x63, 0x08, 0x63, 0x08,
  0x63, 0x08, 0x63, 0x08, 0x63, 0x08, 0x63, 0x08, 0x63, 0x08, 0x63, 0x08, 0x63, 0x08, 0x63, 0x08,
  0x63, 0x08, 0x63, 0x08, 0x63, 0x08, 0x63, 0x08, 0x63, 0x08, 0x63, 0x08, 0x63, 0x08, 0x63, 0x08,
  0x63, 0x08, 0x63, 0x08, 0x63, 0x08, 0x63, 0x08, 0x63, 0x08, 0x63, 0x08, 0x63, 0x08, 0x63, 0x08,
  0x63, 0x08, 0x63, 0x08, 0x63, 0x08, 0x63, 0x08, 0x63, 0x08, 0x63, 0x08, 0x63, 0x08, 0x63, 0x08,
  0x63, 0x08, 0x63, 0x08, 0x63, 0x08, 0x63, 0x08, 0x63, 0x08, 0x63, 0x08, 0x63, 0x08, 0x63, 0x08,
  0x63, 0x08, 0x63, 0x08, 0x63, 0x08, 0x63, 0x08, 0x63, 0x08, 0x63, 0x08, 0x63, 0x08, 0x63, 0x08,
  0x63, 0x08, 0x63, 0x08, 0x63, 0x08, 0x63, 0x08, 0x63, 0x08, 0x63, 0x08, 0x63, 0x08, 0x63, 0x08,
  0x63, 0x08, 0x63, 0x08, 0x63, 0x08, 0x63, 0x08, 0x63, 0x08, 0x63, 0x08, 0x63, 0x08, 0x63, 0x08,
  0x63, 0x08, 0x63, 0x08, 0x63, 0x08, 0x63, 0x08, 0x63, 0x08, 0x63, 0x08, 0x63, 0x08, 0x63, 0x08,
  0x63, 0x08, 0x63, 0x08, 0x63, 0x08, 0x63, 0x08, 0x63, 0x08, 0x63, 0x08, 0x63, 0x08, 0x63, 0x08,
  0x63, 0x08, 0x63, 0x08, 0x63, 0x08, 0x63, 0x08, 0x63, 0x08, 0x63, 0x08, 0x63, 0x08, 0x63, 0x08,
  0x63, 0x08, 0x63, 0x08, 0x63, 0x08, 0x63, 0x08, 0x63, 0x08, 0x63, 0x08, 0x63, 0x08, 0x63, 0x08,
  0x63, 0x08, 0x63, 0x08, 0x63, 0x08, 0x63, 0x08, 0x63, 0x08, 0x63, 0x08, 0x63, 0x08, 0x63, 0x08,
  0x63, 0x08, 0x63, 0x08, 0x63, 0x08, 0x63, 0x08, 0x63, 0x08, 0x63, 0x08, 0x63, 0x08, 0x63, 0x08,
  0x63, 0x08, 0x63, 0x08, 0x63, 0x08, 0x63, 0x08, 0x63, 0x08, 0x63, 0x08, 0x63, 0x08, 0x63, 0x08,
  0x63, 0x08, 0x63, 0x08, 0x63, 0x08, 0x63, 0x08, 0x63, 0x08, 0x63, 0x08, 0x63, 0x08, 0x63, 0x08,
  0x63, 0x08, 0x63, 0x08, 0x63, 0x08, 0x63, 0x08, 0x63, 0x08, 0x63, 0x08, 0x63, 0x08, 0x63, 0x08,
  0x63, 0x08, 0x63, 0x08, 0x63, 0x08, 0x63, 0x08, 0x63, 0x08, 0x63, 0x08, 0x63, 0x08, 0x63, 0x08,
  0x63, 0x08, 0x63, 0x08, 0x63, 0x08, 0x63, 0x08, 0x63, 0x08, 0x63, 0x08, 0x63, 0x08, 0x63, 0x08,
  0x63, 0x08, 0x63, 0x08, 0x63, 0x08, 0x63, 0x08, 0x63, 0x08, 0x63, 0x08, 0x63, 0x08, 0x63, 0x08,
  0x63, 0x08, 0x63, 0x08, 0x63, 0x08, 0x63, 0x08, 0x63, 0x08, 0x63, 0x08, 0x63, 0x08, 0x63, 0x08,
  0x63, 0x08, 0x63, 0x08, 0x63, 0x08, 0x63, 0x08, 0x63, 0x08, 0x63, 0x08, 0x63, 0x08, 0x63, 0x08,
  0x63, 0x08, 0x63, 0x08, 0x63, 0x08, 0x63, 0x08, 0x63, 0x08, 0x63, 0x08, 0x63, 0x08, 0x63, 0x08,
  0x63, 0x08, 0x63, 0x08, 0x63, 0x08, 0x63, 0x08, 0x63, 0x08, 0x63, 0x08, 0x63, 0x08, 0x63, 0x08,
  0x63, 0x08, 0x63, 0x08, 0x63, 0x08, 0x63, 0x08, 0x63, 0x08, 0x63, 0x08, 0x63, 0x08, 0x63, 0x08,
  0x63, 0x08, 0x63, 0x08, 0x63, 0x08, 0x63, 0x08, 0x63, 0x08, 0x63, 0x08, 0x63, 0x08, 0x63, 0x08,
  0x63, 0x08, 0x63, 0x08, 0x63, 0x08, 0x63, 0x08, 0x63, 0x08, 0x63, 0x08, 0x63, 0x08, 0x63, 0x08,
  0x63, 0x08, 0x63, 0x08, 0x63, 0x08, 0x63, 0x08, 0x63, 0x08, 0x63, 0x08, 0x63, 0x08, 0x63, 0x08,
  0x63, 0x08, 0x63, 0x08, 0x63, 0x08, 0x63, 0x08, 0x63, 0x08, 0x63, 0x08, 0x63, 0x08, 0x63, 0x08,
  0x63, 0x08, 0x63, 0x08, 0x63, 0x08, 0x63, 0x08, 0x63, 0x08, 0x63, 0x08, 0x63, 0x08, 0x63, 0x08,
  0x63, 0x08, 0x63, 0x08, 0x63, 0x08, 0x63, 0x08, 0x63, 0x08, 0x63, 0x08, 0x63, 0x08, 0x63, 0x08,
  0x63, 0x08, 0x63, 0x08, 0x63, 0x08, 0x63, 0x08, 0x63, 0x08, 0x63, 0x08, 0x63, 0x08, 0x63, 0x08,
  0x63, 0x08, 0x63, 0x08, 0x63, 0x08, 0x63, 0x08, 0x63, 0x08, 0x63, 0x08, 0x63, 0x08, 0x63, 0x08,
  0x63, 0x08, 0x63, 0x08, 0x63, 0x08, 0x63, 0x08, 0x63, 0x08, 0x63, 0x08, 0x63, 0x08, 0x63, 0x08,
  0x63, 0x08, 0x63, 0x08, 0x63, 0x08, 0x63, 0x08, 0x63, 0x08, 0x63, 0x08, 0x63, 0x08, 0x63, 0x08,
  0x63, 0x08, 0x63, 0x08, 0x63, 0x08, 0x63, 0x08, 0x63, 0x08, 0x63, 0x08, 0x63, 0x08, 0x63, 0x08,
  0x63, 0x08, 0x63, 0x08, 0x63, 0x08, 0x63, 0x08, 0x63, 0x08, 0x63, 0x08, 0x63, 0x08, 0x63, 0x08,
  0x63, 0x08, 0x63, 0x08, 0x63, 0x08, 0x63, 0x08, 0x63, 0x08, 0x63, 0x08, 0x63, 0x08, 0x63, 0x08,
  0x63, 0x08, 0x63, 0x08, 0x63, 0x08, 0x63, 0x08, 0x63, 0x08, 0x63, 0x08, 0x63, 0x08, 0x63, 0x08,
  0x63, 0x08, 0x63, 0x08, 0x63, 0x08, 0x63, 0x08, 0x63, 0x08, 0x63, 0x08, 0x63, 0x08, 0x63, 0x08,
  0x63, 0x08, 0x63, 0x08, 0x63, 0x08, 0x63, 0x08, 0x63, 0x08, 0x63, 0x08, 0x63, 0x08, 0x63, 0x08,
  0x63, 0x08, 0x63, 0x08, 0x63, 0x08, 0x63, 0x08, 0x63, 0x08, 0x63, 0x08, 0x63, 0x08, 0x63, 0x08,
  0x63, 0x08, 0x63, 0x08, 0x63, 0x08, 0x63, 0x08, 0x63, 0x08, 0x63, 0x08, 0x63, 0x08, 0x63, 0x08,
  0x63, 0x08, 0x63, 0x08, 0x63, 0x08, 0x63, 0x08, 0x63, 0x08, 0x63, 0x08, 0x63, 0x08, 0x63, 0x08,
  0x63, 0x08, 0x63, 0x08, 0x63, 0x08, 0x63, 0x08, 0x63, 0x08, 0x63, 0x08, 0x63, 0x08, 0x63, 0x08,
  0x63, 0x08, 0x63, 0x08, 0x63, 0x08, 0x63, 0x08, 0x63, 0x08, 0x63, 0x08, 0x63, 0x08, 0x63, 0x08,
  0x63, 0x08, 0x63, 0x08, 0x63, 0x08, 0x63, 0x08, 0x63, 0x08, 0x63, 0x08, 0x63, 0x08, 0x63, 0x08,
  0x63, 0x08, 0x63, 0x08, 0x63, 0x08, 0x63, 0x08, 0x63, 0x08, 0x63, 0x08, 0x63, 0x08, 0x63, 0x08,
  0x63, 0x08, 0x63, 0x08, 0x63, 0x08, 0x63, 0x08, 0x63, 0x08, 0x63, 0x08, 0x63, 0x08, 0x63, 0x08,
  0x63, 0x08, 0x63, 0x08, 0x63, 0x08, 0x63, 0x08, 0x63, 0x08, 0x63, 0x08, 0x63, 0x08, 0x63, 0x08,
  0x63, 0x08, 0x63, 0x08, 0x63, 0x08, 0x63, 0x08, 0x63, 0x08, 0x63, 0x08, 0x63, 0x08, 0x63, 0x08,
  0x63, 0x08, 0x63, 0x08, 0x63, 0x08, 0x63, 0x08, 0x63, 0x08, 0x63, 0x08, 0x63, 0x08, 0x63, 0x08,
  0x63, 0x08, 0x63, 0x08, 0x63, 0x08, 0x63, 0x08, 0x63, 0x08, 0x63, 0x08, 0x63, 0x08, 0x63, 0x08,
  0x63, 0x08, 0x63, 0x08, 0x63, 0x08, 0x63, 0x08, 0x63, 0x08, 0x63, 0x08, 0x63, 0x08, 0x63, 0x08,
  0x63, 0x08, 0x63, 0x08, 0x63, 0x08, 0x63, 0x08, 0x63, 0x08, 0x63, 0x08, 0x63, 0x08, 0x63, 0x08,
  0x63, 0x08, 0x63, 0x08, 0x63, 0x08, 0x63, 0x08, 0x63, 0x08, 0x63, 0x08, 0x63, 0x08, 0x63, 0x08,
  0x63, 0x08, 0x63, 0x08, 0x63, 0x08, 0x63, 0x08, 0x63, 0x08, 0x63, 0x08, 0x63, 0x08, 0x63, 0x08,
  0x63, 0x08, 0x63, 0x08, 0x63, 0x08, 0x63, 0x08, 0x63, 0x08, 0x63, 0x08, 0x63, 0x08, 0x63, 0x08,
  0x63, 0x08, 0x63, 0x08, 0x63, 0x08, 0x63, 0x08, 0x63, 0x08, 0x63, 0x08, 0x63, 0x08, 0x63, 0x08,
  0x63, 0x08, 0x63, 0x08, 0x63, 0x08, 0x63, 0x08, 0x63, 0x08, 0x63, 0x08, 0x63, 0x08, 0x63, 0x08,
  0x63, 0x08, 0x63, 0x08, 0x63, 0x08, 0x63, 0x08, 0x63, 0x08, 0x63, 0x08, 0x63, 0x08, 0x63, 0x08,
  0x63, 0x08, 0x63, 0x08, 0x63, 0x08, 0x63, 0x08, 0x63, 0x08, 0x63, 0x08, 0x63, 0x08, 0x63, 0x08,
  0x63, 0x08, 0x63, 0x08, 0x63, 0x08, 0x63, 0x08, 0x63, 0x08, 0x63, 0x08, 0x63, 0x08, 0x63, 0x08,
  0x63, 0x08, 0x63, 0x08, 0x63, 0x08, 0x63, 0x08, 0x63, 0x08, 0x63, 0x08, 0x63, 0x08, 0x63, 0x08,
  0x63, 0x08, 0x63, 0x08, 0x63, 0x08, 0x63, 0x08, 0x63, 0x08, 0x63, 0x08, 0x63, 0x08, 0x63, 0x08,
  0x63, 0x08, 0x63, 0x08, 0x63, 0x08, 0x63, 0x08, 0x63, 0x08, 0x63, 0x08, 0x63, 0x08, 0x63, 0x08,
  0x63, 0x08, 0x63, 0x08, 0x63, 0x08, 0x63, 0x08, 0x63, 0x08, 0x63, 0x08, 0x63, 0x08, 0x63, 0x08,
  0x63, 0x08, 0x63, 0x08, 0x63, 0x08, 0x63, 0x08, 0x63, 0x08, 0x63, 0x08, 0x63, 0x08, 0x63, 0x08,
  0x63, 0x08, 0x63, 0x08, 0x63, 0x08, 0x63, 0x08, 0x63, 0x08, 0x63, 0x08, 0x63, 0x08, 0x63, 0x08,
  0x63, 0x08, 0x63, 0x08, 0x63, 0x08, 0x63, 0x08, 0x63, 0x08, 0x63, 0x08, 0x63, 0x08, 0x63, 0x08,
  0x63, 0x08, 0x63, 0x08, 0x63, 0x08, 0x63, 0x08, 0x63, 0x08, 0x63, 0x08, 0x63, 0x08, 0x63, 0x08,
  0x63, 0x08, 0x63, 0x08, 0x63, 0x08, 0x63, 0x08, 0x63, 0x08, 0x63, 0x08, 0x63, 0x08, 0x63, 0x08,
  0x63, 0x08, 0x63, 0x08, 0x63, 0x08, 0x63, 0x08, 0x63, 0x08, 0x63, 0x08, 0x63, 0x08, 0x63, 0x08,
  0x63, 0x08, 0x63, 0x08, 0x63, 0x08, 0x63, 0x08, 0x63, 0x08, 0x63, 0x08, 0x63, 0x08, 0x63, 0x08,
  0x63, 0x08, 0x63, 0x08, 0x63, 0x08, 0x63, 0x08, 0x63, 0x08, 0x63, 0x08, 0x63, 0x08, 0x63, 0x08,
  0x63, 0x08, 0x63, 0x08, 0x63, 0x08, 0x63, 0x08, 0x63, 0x08, 0x63, 0x08, 0x63, 0x08, 0x63, 0x08,
  0x63, 0x08, 0x63, 0x08, 0x63, 0x08, 0x63, 0x08, 0x63, 0x08, 0x63, 0x08, 0x63, 0x08, 0x63, 0x08,
  0x63, 0x08, 0x63, 0x08, 0x63, 0x08, 0x63, 0x08, 0x63, 0x08, 0x63, 0x08, 0x63, 0x08, 0x63, 0x08,
  0x63, 0x08, 0x63, 0x08, 0x63, 0x08, 0x63, 0x08, 0x63, 0x08, 0x63, 0x08, 0x63, 0x08, 0x63, 0x08,
  0x63, 0x08, 0x63, 0x08, 0x63, 0x08, 0x63, 0x08, 0x63, 0x08, 0x63, 0x08, 0x63, 0x08, 0x63, 0x08,
  0x63, 0x08, 0x63, 0x08, 0x63, 0x08, 0x63, 0x08, 0x63, 0x08, 0x63, 0x08, 0x63, 0x08, 0x63, 0x08,
  0x63, 0x08, 0x63, 0x08, 0x63, 0x08, 0x63, 0x08, 0x63, 0x08, 0x63, 0x08, 0x63, 0x08, 0x63, 0x08,
  0x63, 0x08, 0x63, 0x08, 0x63, 0x08, 0x63, 0x08, 0x63, 0x08, 0x63, 0x08, 0x63, 0x08, 0x63, 0x08,
  0x63, 0x08, 0x63, 0x08, 0x63, 0x08, 0x63, 0x08, 0x63, 0x08, 0x63, 0x08, 0x63, 0x08, 0x63, 0x08,
  0x63, 0x08, 0x63, 0x08, 0x63, 0x08, 0x63, 0x08, 0x63, 0x08, 0x63, 0x08, 0x63, 0x08, 0x63, 0x08,
  0x63, 0x08, 0x63, 0x08, 0x63, 0x08, 0x63, 0x08, 0x63, 0x08, 0x63, 0x08, 0x63, 0x08, 0x63, 0x08,
  0x63, 0x08, 0x63, 0x08, 0x63, 0x08, 0x63, 0x08, 0x63, 0x08, 0x63, 0x08, 0x63, 0x08, 0x63, 0x08,
  0x63, 0x08, 0x63, 0x08, 0x63, 0x08, 0x63, 0x08, 0x63, 0x08, 0x63, 0x08, 0x63, 0x08, 0x63, 0x08,
  0x63, 0x08, 0x63, 0x08, 0x63, 0x08, 0x63, 0x08, 0x63, 0x08, 0x63, 0x08, 0x63, 0x08, 0x63, 0x08,
  0x63, 0x08, 0x63, 0x08, 0x63, 0x08, 0x63, 0x08, 0x63, 0x08, 0x63, 0x08, 0x63, 0x08, 0x63, 0x08,
  0x63, 0x08, 0x63, 0x08, 0x63, 0x08, 0x63, 0x08, 0x63, 0x08, 0x63, 0x08, 0x63, 0x08, 0x63, 0x08,
  0x63, 0x08, 0x63, 0x08, 0x63, 0x08, 0x63, 0x08, 0x63, 0x08, 0x63, 0x08, 0x63, 0x08, 0x63, 0x08,
  0x63, 0x08, 0x63, 0x08, 0x63, 0x08, 0x63, 0x08, 0x63, 0x08, 0x63, 0x08, 0x63, 0x08, 0x63, 0x08,
  0x63, 0x08, 0x63, 0x08, 0x63, 0x08, 0x63, 0x08, 0x63, 0x08, 0x63, 0x08, 0x63, 0x08, 0x63, 0x08,
  0x63, 0x08, 0x63, 0x08, 0x63, 0x08, 0x63, 0x08, 0x63, 0x08, 0x63, 0x08, 0x63, 0x08, 0x63, 0x08,
  0x63, 0x08, 0x63, 0x08, 0x63, 0x08, 0x63, 0x08, 0x63, 0x08, 0x63, 0x08, 0x63, 0x08, 0x63, 0x08,
  0x63, 0x08, 0x63, 0x08, 0x63, 0x08, 0x63, 0x08, 0x63, 0x08, 0x63, 0x08, 0x63, 0x08, 0x63, 0x08,
  0x63, 0x08, 0x63, 0x08, 0x63, 0x08, 0x63, 0x08, 0x63, 0x08, 0x63, 0x08, 0x63, 0x08, 0x63, 0x08,
  0x63, 0x08, 0x63, 0x08, 0x63, 0x08, 0x63, 0x08, 0x63, 0x08, 0x63, 0x08, 0x63, 0x08, 0x63, 0x08,
  0x63, 0x08, 0x63, 0x08, 0x63, 0x08, 0x63, 0x08, 0x63, 0x08, 0x63, 0x08, 0x63, 0x08, 0x63, 0x08,
  0x63, 0x08, 0x63, 0x08, 0x63, 0x08, 0x63, 0x08, 0x63, 0x08, 0x63, 0x08, 0x63, 0x08, 0x63, 0x08,
  0x63, 0x08, 0x63, 0x08, 0x63, 0x08, 0x63, 0x08, 0x63, 0x08, 0x63, 0x08, 0x63, 0x08, 0x63, 0x08,
  0x63, 0x08, 0x63, 0x08, 0x63, 0x08, 0x63, 0x08, 0x63, 0x08, 0x63, 0x08, 0x63, 0x08, 0x63, 0x08,
  0x63, 0x08, 0x63, 0x08, 0x63, 0x08, 0x63, 0x08, 0x63, 0x08, 0x63, 0x08, 0x63, 0x08, 0x63, 0x08,
  0x63, 0x08, 0x63, 0x08, 0x63, 0x08, 0x63, 0x08, 0x63, 0x08, 0x63, 0x08, 0x63, 0x08, 0x63, 0x08,
  0x63, 0x08, 0x63, 0x08, 0x63, 0x08, 0x63, 0x08, 0x63, 0x08, 0x63, 0x08, 0x63, 0x08, 0x63, 0x08,
  0x63, 0x08, 0x63, 0x08, 0x63, 0x08, 0x63, 0x08, 0x63, 0x08, 0x63, 0x08, 0x63, 0x08, 0x63, 0x08,
  0x63, 0x08, 0x63, 0x08, 0x63, 0x08, 0x63, 0x08, 0x63, 0x08, 0x63, 0x08, 0x63, 0x08, 0x63, 0x08,
  0x63, 0x08, 0x63, 0x08, 0x63, 0x08, 0x63, 0x08, 0x63, 0x08, 0x63, 0x08, 0x63, 0x08, 0x63, 0x08,
  0x63, 0x08, 0x63, 0x08, 0x63, 0x08, 0x63, 0x08, 0x63, 0x08, 0x63, 0x08, 0x63, 0x08, 0x63, 0x08,
  0x63, 0x08, 0x63, 0x08, 0x63, 0x08, 0x63, 0x08, 0x63, 0x08, 0x63, 0x08, 0x63, 0x08, 0x63, 0x08,
  0x63, 0x08, 0x63, 0x08, 0x63, 0x08, 0x63, 0x08, 0x63, 0x08, 0x63, 0x08, 0x63, 0x08, 0x63, 0x08,
  0x63, 0x08, 0x63, 0x08, 0x63, 0x08, 0x63, 0x08, 0x63, 0x08, 0x63, 0x08, 0x63, 0x08, 0x63, 0x08,
  0x63, 0x08, 0x63, 0x08, 0x63, 0x08, 0x63, 0x08, 0x63, 0x08, 0x63, 0x08, 0x63, 0x08, 0x63, 0x08,
  0x63, 0x08, 0x63, 0x08, 0x63, 0x08, 0x63, 0x08, 0x63, 0x08, 0x63, 0x08, 0x63, 0x08, 0x63, 0x08,
  0x63, 0x08, 0x63, 0x08, 0x63, 0x08, 0x63, 0x08, 0x63, 0x08, 0x63, 0x08, 0x63, 0x08, 0x63, 0x08,
  0x63, 0x08, 0x63, 0x08, 0x63, 0x08, 0x63, 0x08, 0x63, 0x08, 0x63, 0x08, 0x63, 0x08, 0x63, 0x08,
  0x63, 0x08, 0x63, 0x08, 0x63, 0x08, 0x63, 0x08, 0x63, 0x08, 0x63, 0x08, 0x63, 0x08, 0x63, 0x08,
  0x63, 0x08, 0x63, 0x08, 0x63, 0x08, 0x63, 0x08, 0x63, 0x08, 0x63, 0x08, 0x63, 0x08, 0x63, 0x08,
  0x63, 0x08, 0x63, 0x08, 0x63, 0x08, 0x63, 0x08, 0x63, 0x08, 0x63, 0x08, 0x63, 0x08, 0x63, 0x08,
  0x63, 0x08, 0x63, 0x08, 0x63, 0x08, 0x63, 0x08, 0x63, 0x08, 0x63, 0x08, 0x63, 0x08, 0x63, 0x08,
  0x63, 0x08, 0x63, 0x08, 0x63, 0x08, 0x63, 0x08, 0x63, 0x08, 0x63, 0x08, 0x63, 0x08, 0x63, 0x08,
  0x63, 0x08, 0x63, 0x08, 0x63, 0x08, 0x63, 0x08, 0x63, 0x08, 0x63, 0x08, 0x63, 0x08, 0x63, 0x08,
  0x63, 0x08, 0x63, 0x08, 0x63, 0x08, 0x63, 0x08, 0x63, 0x08, 0x63, 0x08, 0x63, 0x08, 0x63, 0x08,
  0x63, 0x08, 0x63, 0x08, 0x63, 0x08, 0x63, 0x08, 0x63, 0x08, 0x63, 0x08, 0x63, 0x08, 0x63, 0x08,
  0x63, 0x08, 0x63, 0x08, 0x63, 0x08, 0x63, 0x08, 0x63, 0x08, 0x63, 0x08, 0x63, 0x08, 0x63, 0x08,
  0x63, 0x08, 0x63, 0x08, 0x63, 0x08, 0x63, 0x08, 0x63, 0x08, 0x63, 0x08, 0x63, 0x08, 0x63, 0x08,
  0x63, 0x08, 0x63, 0x08, 0x63, 0x08, 0x63, 0x08, 0x63, 0x08, 0x63, 0x08, 0x63, 0x08, 0x63, 0x08,
  0x63, 0x08, 0x63, 0x08, 0x63, 0x08, 0x63, 0x08, 0x63, 0x08, 0x63, 0x08, 0x63, 0x08, 0x63, 0x08,
  0x63, 0x08, 0x63, 0x08, 0x63, 0x08, 0x63, 0x08, 0x63, 0x08, 0x63, 0x08, 0x63, 0x08, 0x63, 0x08,
  0x63, 0x08, 0x63, 0x08, 0x63, 0x08, 0x63, 0x08, 0x63, 0x08, 0x63, 0x08, 0x63, 0x08, 0x63, 0x08,
  0x63, 0x08, 0x63, 0x08, 0x63, 0x08, 0x63, 0x08, 0x63, 0x08, 0x63, 0x08, 0x63, 0x08, 0x63, 0x08,
  0x63, 0x08, 0x63, 0x08, 0x63, 0x08, 0x63, 0x08, 0x63, 0x08, 0x63, 0x08, 0x63, 0x08, 0x63, 0x08,
  0x63, 0x08, 0x63, 0x08, 0x63, 0x08, 0x63, 0x08, 0x63, 0x08, 0x63, 0x08, 0x63, 0x08, 0x63, 0x08,
  0x63, 0x08, 0x63, 0x08, 0x63, 0x08, 0x63, 0x08, 0x63, 0x08, 0x63, 0x08, 0x63, 0x08, 0x63, 0x08,
  0x63, 0x08, 0x63, 0x08, 0x63, 0x08, 0x63, 0x08, 0x63, 0x08, 0x63, 0x08, 0x63, 0x08, 0x63, 0x08,
  0x63, 0x08, 0x63, 0x08, 0x63, 0x08, 0x63, 0x08, 0x63, 0x08, 0x63, 0x08, 0x63, 0x08, 0x63, 0x08,
  0x63, 0x08, 0x63, 0x08, 0x63, 0x08, 0x63, 0x08, 0x63, 0x08, 0x63, 0x08, 0x63, 0x08, 0x63, 0x08,
  0x63, 0x08, 0x63, 0x08, 0x63, 0x08, 0x63, 0x08, 0x63, 0x08, 0x63, 0x08, 0x63, 0x08, 0x63, 0x08,
  0x63, 0x08, 0x63, 0x08, 0x63, 0x08, 0x63, 0x08, 0x63, 0x08, 0x63, 0x08, 0x63, 0x08, 0x63, 0x08,
  0x63, 0x08, 0x63, 0x08, 0x63, 0x08, 0x63, 0x08, 0x63, 0x08, 0x63, 0x08, 0x63, 0x08, 0x63, 0x08,
  0x63, 0x08, 0x63, 0x08, 0x63, 0x08, 0x63, 0x08, 0x63, 0x08, 0x63, 0x08, 0x63, 0x08, 0x63, 0x08,
  0x63, 0x08, 0x63, 0x08, 0x63, 0x08, 0x63, 0x08, 0x63, 0x08, 0x63, 0x08, 0x63, 0x08, 0x63, 0x08,
  0x63, 0x08, 0x63, 0x08, 0x63, 0x08, 0x63, 0x08, 0x63, 0x08, 0x63, 0x08, 0x63, 0x08, 0x63, 0x08,
  0x63, 0x08, 0x63, 0x08, 0x63, 0x08, 0x63, 0x08, 0x63, 0x08, 0x63, 0x08, 0x63, 0x08, 0x63, 0x08,
  0x63, 0x08, 0x63, 0x08, 0x63, 0x08, 0x63, 0x08, 0x63, 0x08, 0x63, 0x08, 0x63, 0x08, 0x63, 0x08,
  0x63, 0x08, 0x63, 0x08, 0x63, 0x08, 0x63, 0x08, 0x63, 0x08, 0x63, 0x08, 0x63, 0x08, 0x63, 0x08,
  0x63, 0x08, 0x63, 0x08, 0x63, 0x08, 0x63, 0x08, 0x63, 0x08, 0x63, 0x08, 0x63, 0x08, 0x63, 0x08,
  0x63, 0x08, 0x63, 0x08, 0x63, 0x08, 0x63, 0x08, 0x63, 0x08, 0x63, 0x08, 0x63, 0x08, 0x63, 0x08,
  0x63, 0x08, 0x63, 0x08, 0x63, 0x08, 0x63, 0x08, 0x63, 0x08, 0x63, 0x08, 0x63, 0x08, 0x63, 0x08,
  0x63, 0x08, 0x63, 0x08, 0x63, 0x08, 0x63, 0x08, 0x63, 0x08, 0x63, 0x08, 0x63, 0x08, 0x63, 0x08,
  0x63, 0x08, 0x63, 0x08, 0x63, 0x08, 0x63, 0x08, 0x63, 0x08, 0x63, 0x08, 0x63, 0x08, 0x63, 0x08,
  0x63, 0x08, 0x63, 0x08, 0x63, 0x08, 0x63, 0x08, 0x63, 0x08, 0x63, 0x08, 0x63, 0x08, 0x63, 0x08,
  0x63, 0x08, 0x63, 0x08, 0x63, 0x08, 0x63, 0x08, 0x63, 0x08, 0x63, 0x08, 0x63, 0x08, 0x63, 0x08,
  0x63, 0x08, 0x63, 0x08, 0x63, 0x08, 0x63, 0x08, 0x63, 0x08, 0x63, 0x08, 0x63, 0x08, 0x63, 0x08,
  0x63, 0x08, 0x63, 0x08, 0x63, 0x08, 0x63, 0x08, 0x63, 0x08, 0x63, 0x08, 0x63, 0x08, 0x63, 0x08,
  0x63, 0x08, 0x63, 0x08, 0x63, 0x08, 0x63, 0x08, 0x63, 0x08, 0x63, 0x08, 0x63, 0x08, 0x63, 0x08,
  0x63, 0x08, 0x63, 0x08, 0x63, 0x08, 0x63, 0x08, 0x63, 0x08, 0x63, 0x08, 0x63, 0x08, 0x63, 0x08,
  0x63, 0x08, 0x63, 0x08, 0x63, 0x08, 0x63, 0x08, 0x63, 0x08, 0x63, 0x08, 0x63, 0x08, 0x63, 0x08,
  0x63, 0x08, 0x63, 0x08, 0x63, 0x08, 0x63, 0x08, 0x63, 0x08, 0x63, 0x08, 0x63, 0x08, 0x63, 0x08,
  0x63, 0x08, 0x63, 0x08, 0x63, 0x08, 0x63, 0x08, 0x63, 0x08, 0x63, 0x08, 0x63, 0x08, 0x63, 0x08,
  0x63, 0x08, 0x63, 0x08, 0x63, 0x08, 0x63, 0x08, 0x63, 0x08, 0x63, 0x08, 0x63, 0x08, 0x63, 0x08,
  0x63, 0x08, 0x63, 0x08, 0x63, 0x08, 0x63, 0x08, 0x63, 0x08, 0x63, 0x08, 0x63, 0x08, 0x63, 0x08,
  0x63, 0x08, 0x63, 0x08, 0x63, 0x08, 0x63, 0x08, 0x63, 0x08, 0x63, 0x08, 0x63, 0x08, 0x63, 0x08,
  0x63, 0x08, 0x63, 0x08, 0x63, 0x08, 0x63, 0x08, 0x63, 0x08, 0x63, 0x08, 0x63, 0x08, 0x63, 0x08,
  0x63, 0x08, 0x63, 0x08, 0x63, 0x08, 0x63, 0x08, 0x63, 0x08, 0x63, 0x08, 0x63, 0x08, 0x63, 0x08,
  0x63, 0x08, 0x63, 0x08, 0x63, 0x08, 0x63, 0x08, 0x63, 0x08, 0x63, 0x08, 0x63, 0x08, 0x63, 0x08,
  0x63, 0x08, 0x63, 0x08, 0x63, 0x08, 0x63, 0x08, 0x63, 0x08, 0x63, 0x08, 0x63, 0x08, 0x63, 0x08,
  0x63, 0x08, 0x63, 0x08, 0x63, 0x08, 0x63, 0x08, 0x63, 0x08, 0x63, 0x08, 0x63, 0x08, 0x63, 0x08,
  0x63, 0x08, 0x63, 0x08, 0x63, 0x08, 0x63, 0x08, 0x63, 0x08, 0x63, 0x08, 0x63, 0x08, 0x63, 0x08,
  0x63, 0x08, 0x63, 0x08, 0x63, 0x08, 0x63, 0x08, 0x63, 0x08, 0x63, 0x08, 0x63, 0x08, 0x63, 0x08,
  0x63, 0x08, 0x63, 0x08, 0x63, 0x08, 0x63, 0x08, 0x63, 0x08, 0x63, 0x08, 0x63, 0x08, 0x63, 0x08,
  0x63, 0x08, 0x63, 0x08, 0x63, 0x08, 0x63, 0x08, 0x63, 0x08, 0x63, 0x08, 0x63, 0x08, 0x63, 0x08,
  0x63, 0x08, 0x63, 0x08, 0x63, 0x08, 0x63, 0x08, 0x63, 0x08, 0x63, 0x08, 0x63, 0x08, 0x63, 0x08,
  0x63, 0x08, 0x63, 0x08, 0x63, 0x08, 0x63, 0x08, 0x63, 0x08, 0x63, 0x08, 0x63, 0x08, 0x63, 0x08,
  0x63, 0x08, 0x63, 0x08, 0x63, 0x08, 0x63, 0x08, 0x63, 0x08, 0x63, 0x08, 0x63, 0x08, 0x63, 0x08,
  0x63, 0x08, 0x63, 0x08, 0x63, 0x08, 0x63, 0x08, 0x63, 0x08, 0x63, 0x08, 0x63, 0x08, 0x63, 0x08,
  0x63, 0x08, 0x63, 0x08, 0x63, 0x08, 0x63, 0x08, 0x63, 0x08, 0x63, 0x08, 0x63, 0x08, 0x63, 0x08,
  0x63, 0x08, 0x63, 0x08, 0x63, 0x08, 0x63, 0x08, 0x63, 0x08, 0x63, 0x08, 0x63, 0x08, 0x63, 0x08,
  0x63, 0x08, 0x63, 0x08, 0x63, 0x08, 0x63, 0x08, 0x63, 0x08, 0x63, 0x08, 0x63, 0x08, 0x63, 0x08,
  0x63, 0x08, 0x63, 0x08, 0x63, 0x08, 0x63, 0x08, 0x63, 0x08, 0x63, 0x08, 0x63, 0x08, 0x63, 0x08,
  0x63, 0x08, 0x63, 0x08, 0x63, 0x08, 0x63, 0x08, 0x63, 0x08, 0x63, 0x08, 0x63, 0x08, 0x63, 0x08,
  0x63, 0x08, 0x63, 0x08, 0x63, 0x08, 0x63, 0x08, 0x63, 0x08, 0x63, 0x08, 0x63, 0x08, 0x63, 0x08,
  0x63, 0x08, 0x63, 0x08, 0x63, 0x08, 0x63, 0x08, 0x63, 0x08, 0x63, 0x08, 0x63, 0x08, 0x63, 0x08,
  0x63, 0x08, 0x63, 0x08, 0x63, 0x08, 0x63, 0x08, 0x63, 0x08, 0x63, 0x08, 0x63, 0x08, 0x63, 0x08,
  0x63, 0x08, 0x63, 0x08, 0x63, 0x08, 0x63, 0x08, 0x63, 0x08, 0x63, 0x08, 0x63, 0x08, 0x63, 0x08,
  0x63, 0x08, 0x63, 0x08, 0x63, 0x08, 0x63, 0x08, 0x63, 0x08, 0x63, 0x08, 0x63, 0x08, 0x63, 0x08,
  0x63, 0x08, 0x63, 0x08, 0x63, 0x08, 0x63, 0x08, 0x63, 0x08, 0x63, 0x08, 0x63, 0x08, 0x63, 0x08,
  0x63, 0x08, 0x63, 0x08, 0x63, 0x08, 0x63, 0x08, 0x63, 0x08, 0x63, 0x08, 0x63, 0x08, 0x63, 0x08,
  0x63, 0x08, 0x63, 0x08, 0x63, 0x08, 0x63, 0x08, 0x63, 0x08, 0x63, 0x08, 0x63, 0x08, 0x63, 0x08,
  0x63, 0x08, 0x63, 0x08, 0x63, 0x08, 0x63, 0x08, 0x63, 0x08, 0x63, 0x08, 0x63, 0x08, 0x63, 0x08,
  0x63, 0x08, 0x63, 0x08, 0x63, 0x08, 0x63, 0x08, 0x63, 0x08, 0x63, 0x08, 0x63, 0x08, 0x63, 0x08,
  0x63, 0x08, 0x63, 0x08, 0x63, 0x08, 0x63, 0x08, 0x63, 0x08, 0x63, 0x08, 0x63, 0x08, 0x63, 0x08,
  0x63, 0x08, 0x63, 0x08, 0x63, 0x08, 0x63, 0x08, 0x63, 0x08, 0x63, 0x08, 0x63, 0x08, 0x63, 0x08,
  0x63, 0x08, 0x63, 0x08, 0x63, 0x08, 0x63, 0x08, 0x63, 0x08, 0x63, 0x08, 0x63, 0x08, 0x63, 0x08,
  0x63, 0x08, 0x63, 0x08, 0x63, 0x08, 0x63, 0x08, 0x63, 0x08, 0x63, 0x08, 0x63, 0x08, 0x63, 0x08,
  0x63, 0x08, 0x63, 0x08, 0x63, 0x08, 0x63, 0x08, 0x63, 0x08, 0x63, 0x08, 0x63, 0x08, 0x63, 0x08,
  0x63, 0x08, 0x63, 0x08, 0x63, 0x08, 0x63, 0x08, 0x63, 0x08, 0x63, 0x08, 0x63, 0x08, 0x63, 0x08,
  0x63, 0x08, 0x63, 0x08, 0x63, 0x08, 0x63, 0x08, 0x63, 0x08, 0x63, 0x08, 0x63, 0x08, 0x63, 0x08,
  0x63, 0x08, 0x63, 0x08, 0x63, 0x08, 0x63, 0x08, 0x63, 0x08, 0x63, 0x08, 0x63, 0x08, 0x63, 0x08,
  0x63, 0x08, 0x63, 0x08, 0x63, 0x08, 0x63, 0x08, 0x63, 0x08, 0x63, 0x08, 0x63, 0x08, 0x63, 0x08,
  0x63, 0x08, 0x63, 0x08, 0x63, 0x08, 0x63, 0x08, 0x63, 0x08, 0x63, 0x08, 0x63, 0x08, 0x63, 0x08,
  0x63, 0x08, 0x63, 0x08, 0x63, 0x08, 0x63, 0x08, 0x63, 0x08, 0x63, 0x08, 0x63, 0x08, 0x63, 0x08,
  0x63, 0x08, 0x63, 0x08, 0x63, 0x08, 0x63, 0x08, 0x63, 0x08, 0x63, 0x08, 0x63, 0x08, 0x63, 0x08,
  0x63, 0x08, 0x63, 0x08, 0x63, 0x08, 0x63, 0x08, 0x63, 0x08, 0x63, 0x08, 0x63, 0x08, 0x63, 0x08,
  0x63, 0x08, 0x63, 0x08, 0x63, 0x08, 0x63, 0x08, 0x63, 0x08, 0x63, 0x08, 0x63, 0x08, 0x63, 0x08,
  0x63, 0x08, 0x63, 0x08, 0x63, 0x08, 0x63, 0x08, 0x63, 0x08, 0x63, 0x08, 0x63, 0x08, 0x63, 0x08,
  0x63, 0x08, 0x63, 0x08, 0x63, 0x08, 0x63, 0x08, 0x63, 0x08, 0x63, 0x08, 0x63, 0x08, 0x63, 0x08,
  0x63, 0x08, 0x63, 0x08, 0x63, 0x08, 0x63, 0x08, 0x63, 0x08, 0x63, 0x08, 0x63, 0x08, 0x63, 0x08,
  0x63, 0x08, 0x63, 0x08, 0x63, 0x08, 0x63, 0x08, 0x63, 0x08, 0x63, 0x08, 0x63, 0x08, 0x63, 0x08,
  0x63, 0x08, 0x63, 0x08, 0x63, 0x08, 0x63, 0x08, 0x63, 0x08, 0x63, 0x08, 0x63, 0x08, 0x63, 0x08,
  0x63, 0x08, 0x63, 0x08, 0x63, 0x08, 0x63, 0x08, 0x63, 0x08, 0x63, 0x08, 0x63, 0x08, 0x63, 0x08,
  0x63, 0x08, 0x63, 0x08, 0x63, 0x08, 0x63, 0x08, 0x63, 0x08, 0x63, 0x08, 0x63, 0x08, 0x63, 0x08,
  0x63, 0x08, 0x63, 0x08, 0x63, 0x08, 0x63, 0x08, 0x63, 0x08, 0x63, 0x08, 0x63, 0x08, 0x63, 0x08,
  0x63, 0x08, 0x63, 0x08, 0x63, 0x08, 0x63, 0x08, 0x63, 0x08, 0x63, 0x08, 0x63, 0x08, 0x63, 0x08,
  0x63, 0x08, 0x63, 0x08, 0x63, 0x08, 0x63, 0x08, 0x63, 0x08, 0x63, 0x08, 0x63, 0x08, 0x63, 0x08,
  0x63, 0x08, 0x63, 0x08, 0x63, 0x08, 0x63, 0x08, 0x63, 0x08, 0x63, 0x08, 0x63, 0x08, 0x63, 0x08,
  0x63, 0x08, 0x63, 0x08, 0x63, 0x08, 0x63, 0x08, 0x63, 0x08, 0x63, 0x08, 0x63, 0x08, 0x63, 0x08,
  0x63, 0x08, 0x63, 0x08, 0x63, 0x08, 0x63, 0x08, 0x63, 0x08, 0x63, 0x08, 0x63, 0x08, 0x63, 0x08,
  0x63, 0x08, 0x63, 0x08, 0x63, 0x08, 0x63, 0x08, 0x63, 0x08, 0x63, 0x08, 0x63, 0x08, 0x63, 0x08,
  0x63, 0x08, 0x63, 0x08, 0x63, 0x08, 0x63, 0x08, 0x63, 0x08, 0x63, 0x08, 0x63, 0x08, 0x63, 0x08,
  0x63, 0x08, 0x63, 0x08, 0x63, 0x08, 0x63, 0x08, 0x63, 0x08, 0x63, 0x08, 0x63, 0x08, 0x63, 0x08,
  0x63, 0x08, 0x63, 0x08, 0x63, 0x08, 0x63, 0x08, 0x63, 0x08, 0x63, 0x08, 0x63, 0x08, 0x63, 0x08,
  0x63, 0x08, 0x63, 0x08, 0x63, 0x08, 0x63, 0x08, 0x63, 0x08, 0x63, 0x08, 0x63, 0x08, 0x63, 0x08,
  0x63, 0x08, 0x63, 0x08, 0x63, 0x08, 0x63, 0x08, 0x63, 0x08, 0x63, 0x08, 0x63, 0x08, 0x63, 0x08,
  0x63, 0x08, 0x63, 0x08, 0x63, 0x08, 0x63, 0x08, 0x63, 0x08, 0x63, 0x08, 0x63, 0x08, 0x63, 0x08,
  0x63, 0x08, 0x63, 0x08, 0x63, 0x08, 0x63, 0x08, 0x63, 0x08, 0x63, 0x08, 0x63, 0x08, 0x63, 0x08,
  0x63, 0x08, 0x63, 0x08, 0x63, 0x08, 0x63, 0x08, 0x63, 0x08, 0x63, 0x08, 0x63, 0x08, 0x63, 0x08,
  0x63, 0x08, 0x63, 0x08, 0x63, 0x08, 0x63, 0x08, 0x63, 0x08, 0x63, 0x08, 0x63, 0x08, 0x63, 0x08,
  0x63, 0x08, 0x63, 0x08, 0x63, 0x08, 0x63, 0x08, 0x63, 0x08, 0x63, 0x08, 0x63, 0x08, 0x63, 0x08,
  0x63, 0x08, 0x63, 0x08, 0x63, 0x08, 0x63, 0x08, 0x63, 0x08, 0x63, 0x08, 0x63, 0x08, 0x63, 0x08,
  0x63, 0x08, 0x63, 0x08, 0x63, 0x08, 0x63, 0x08, 0x63, 0x08, 0x63, 0x08, 0x63, 0x08, 0x63, 0x08,
  0x63, 0x08, 0x63, 0x08, 0x63, 0x08, 0x63, 0x08, 0x63, 0x08, 0x63, 0x08, 0x63, 0x08, 0x63, 0x08,
  0x63, 0x08, 0x63, 0x08, 0x63, 0x08, 0x63, 0x08, 0x63, 0x08, 0x63, 0x08, 0x63, 0x08, 0x63, 0x08,
  0x63, 0x08, 0x63, 0x08, 0x63, 0x08, 0x63, 0x08, 0x63, 0x08, 0x63, 0x08, 0x63, 0x08, 0x63, 0x08,
  0x63, 0x08, 0x63, 0x08, 0x63, 0x08, 0x63, 0x08, 0x63, 0x08, 0x63, 0x08, 0x63, 0x08, 0x63, 0x08,
  0x63, 0x08, 0x63, 0x08, 0x63, 0x08, 0x63, 0x08, 0x63, 0x08, 0x63, 0x08, 0x63, 0x08, 0x63, 0x08,
  0x63, 0x08, 0x63, 0x08, 0x63, 0x08, 0x63, 0x08, 0x63, 0x08, 0x63, 0x08, 0x63, 0x08, 0x63, 0x08,
  0x63, 0x08, 0x63, 0x08, 0x63, 0x08, 0x63, 0x08, 0x63, 0x08, 0x63, 0x08, 0x63, 0x08, 0x63, 0x08,
  0x63, 0x08, 0x63, 0x08, 0x63, 0x08, 0x63, 0x08, 0x63, 0x08, 0x63, 0x08, 0x63, 0x08, 0x63, 0x08,
  0x63, 0x08, 0x63, 0x08, 0x63, 0x08, 0x63, 0x08, 0x63, 0x08, 0x63, 0x08, 0x63, 0x08, 0x63, 0x08,
  0x63, 0x08, 0x63, 0x08, 0x63, 0x08, 0x63, 0x08, 0x63, 0x08, 0x63, 0x08, 0x63, 0x08, 0x63, 0x08,
  0x63, 0x08, 0x63, 0x08, 0x63, 0x08, 0x63, 0x08, 0x63, 0x08, 0x63, 0x08, 0x63, 0x08, 0x63, 0x08,
  0x63, 0x08, 0x63, 0x08, 0x63, 0x08, 0x63, 0x08, 0x63, 0x08, 0x63, 0x08, 0x63, 0x08, 0x63, 0x08,
  0x63, 0x08, 0x63, 0x08, 0x63, 0x08, 0x63, 0x08, 0x63, 0x08, 0x63, 0x08, 0x63, 0x08, 0x63, 0x08,
  0x63, 0x08, 0x63, 0x08, 0x63, 0x08, 0x63, 0x08, 0x63, 0x08, 0x63, 0x08, 0x63, 0x08, 0x63, 0x08,
  0x63, 0x08, 0x63, 0x08, 0x63, 0x08, 0x63, 0x08, 0x63, 0x08, 0x63, 0x08, 0x63, 0x08, 0x63, 0x08,
  0x63, 0x08, 0x63, 0x08, 0x63, 0x08, 0x63, 0x08, 0x63, 0x08, 0x63, 0x08, 0x63, 0x08, 0x63, 0x08,
  0x63, 0x08, 0x63, 0x08, 0x63, 0x08, 0x63, 0x08, 0x63, 0x08, 0x63, 0x08, 0x63, 0x08, 0x63, 0x08,
  0x63, 0x08, 0x63, 0x08, 0x63, 0x08, 0x63, 0x08, 0x63, 0x08, 0x63, 0x08, 0x63, 0x08, 0x63, 0x08,
  0x63, 0x08, 0x63, 0x08, 0x63, 0x08, 0x63, 0x08, 0x63, 0x08, 0x63, 0x08, 0x63, 0x08, 0x63, 0x08,
  0x63, 0x08, 0x63, 0x08, 0x63, 0x08, 0x63, 0x08, 0x63, 0x08, 0x63, 0x08, 0x63, 0x08, 0x63, 0x08,
  0x63, 0x08, 0x63, 0x08, 0x63, 0x08, 0x63, 0x08, 0x63, 0x08, 0x63, 0x08, 0x63, 0x08, 0x63, 0x08,
  0x63, 0x08, 0x63, 0x08, 0x63, 0x08, 0x63, 0x08, 0x63, 0x08, 0x63, 0x08, 0x63, 0x08, 0x63, 0x08,
  0x63, 0x08, 0x63, 0x08, 0x63, 0x08, 0x63, 0x08, 0x63, 0x08, 0x63, 0x08, 0x63, 0x08, 0x63, 0x08,
  0x63, 0x08, 0x63, 0x08, 0x63, 0x08, 0x63, 0x08, 0x63, 0x08, 0x63, 0x08, 0x63, 0x08, 0x63, 0x08,
  0x63, 0x08, 0x63, 0x08, 0x63, 0x08, 0x63, 0x08, 0x63, 0x08, 0x63, 0x08, 0x63, 0x08, 0x63, 0x08,
  0x63, 0x08, 0x63, 0x08, 0x63, 0x08, 0x63, 0x08, 0x63, 0x08, 0x63, 0x08, 0x63, 0x08, 0x63, 0x08,
  0x63, 0x08, 0x63, 0x08, 0x63, 0x08, 0x63, 0x08, 0x63, 0x08, 0x63, 0x08, 0x63, 0x08, 0x63, 0x08,
  0x63, 0x08, 0x63, 0x08, 0x63, 0x08, 0x63, 0x08, 0x63, 0x08, 0x63, 0x08, 0x63, 0x08, 0x63, 0x08,
  0x63, 0x08, 0x63, 0x08, 0x63, 0x08, 0x63, 0x08, 0x63, 0x08, 0x63, 0x08, 0x63, 0x08, 0x63, 0x08,
  0x63, 0x08, 0x63, 0x08, 0x63, 0x08, 0x63, 0x08, 0x63, 0x08, 0x63, 0x08, 0x63, 0x08, 0x63, 0x08,
  0x63, 0x08, 0x63, 0x08, 0x63, 0x08, 0x63, 0x08, 0x63, 0x08, 0x63, 0x08, 0x63, 0x08, 0x63, 0x08,
  0x63, 0x08, 0x63, 0x08, 0x63, 0x08, 0x63, 0x08, 0x63, 0x08, 0x63, 0x08, 0x63, 0x08, 0x63, 0x08,
  0x63, 0x08, 0x63, 0x08, 0x63, 0x08, 0x63, 0x08, 0x63, 0x08, 0x63, 0x08, 0x63, 0x08, 0x63, 0x08,
  0x63, 0x08, 0x63, 0x08, 0x63, 0x08, 0x63, 0x08, 0x63, 0x08, 0x63, 0x08, 0x63, 0x08, 0x63, 0x08,
  0x63, 0x08, 0x63, 0x08, 0x63, 0x08, 0x63, 0x08, 0x63, 0x08, 0x63, 0x08, 0x63, 0x08, 0x63, 0x08,
  0x63, 0x08, 0x63, 0x08, 0x63, 0x08, 0x63, 0x08, 0x63, 0x08, 0x63, 0x08, 0x63, 0x08, 0x63, 0x08,
  0x63, 0x08, 0x63, 0x08, 0x63, 0x08, 0x63, 0x08, 0x63, 0x08, 0x63, 0x08, 0x63, 0x08, 0x63, 0x08,
  0x63, 0x08, 0x63, 0x08, 0x63, 0x08, 0x63, 0x08, 0x63, 0x08, 0x63, 0x08, 0x63, 0x08, 0x63, 0x08,
  0x63, 0x08, 0x63, 0x08, 0x63, 0x08, 0x63, 0x08, 0x63, 0x08, 0x63, 0x08, 0x63, 0x08, 0x63, 0x08,
  0x63, 0x08, 0x63, 0x08, 0x63, 0x08, 0x63, 0x08, 0x63, 0x08, 0x63, 0x08, 0x63, 0x08, 0x63, 0x08,
  0x63, 0x08, 0x63, 0x08, 0x63, 0x08, 0x63, 0x08, 0x63, 0x08, 0x63, 0x08, 0x63, 0x08, 0x63, 0x08,
  0x63, 0x08, 0x63, 0x08, 0x63, 0x08, 0x63, 0x08, 0x63, 0x08, 0x63, 0x08, 0x63, 0x08, 0x63, 0x08,
  0x63, 0x08, 0x63, 0x08, 0x63, 0x08, 0x63, 0x08, 0x63, 0x08, 0x63, 0x08, 0x63, 0x08, 0x63, 0x08,
  0x63, 0x08, 0x63, 0x08, 0x63, 0x08, 0x63, 0x08, 0x63, 0x08, 0x63, 0x08, 0x63, 0x08, 0x63, 0x08,
  0x63, 0x08, 0x63, 0x08, 0x63, 0x08, 0x63, 0x08, 0x63, 0x08, 0x63, 0x08, 0x63, 0x08, 0x63, 0x08,
  0x63, 0x08, 0x63, 0x08, 0x63, 0x08, 0x63, 0x08, 0x63, 0x08, 0x63, 0x08, 0x63, 0x08, 0x63, 0x08,
  0x63, 0x08, 0x63, 0x08, 0x63, 0x08, 0x63, 0x08, 0x63, 0x08, 0x63, 0x08, 0x63, 0x08, 0x63, 0x08,
  0x63, 0x08, 0x63, 0x08, 0x63, 0x08, 0x63, 0x08, 0x63, 0x08, 0x63, 0x08, 0x63, 0x08, 0x63, 0x08,
  0x63, 0x08, 0x63, 0x08, 0x63, 0x08, 0x63, 0x08, 0x63, 0x08, 0x63, 0x08, 0x63, 0x08, 0x63, 0x08,
  0x63, 0x08, 0x63, 0x08, 0x63, 0x08, 0x63, 0x08, 0x63, 0x08, 0x63, 0x08, 0x63, 0x08, 0x63, 0x08,
  0x63, 0x08, 0x63, 0x08, 0x63, 0x08, 0x63, 0x08, 0x63, 0x08, 0x63, 0x08, 0x63, 0x08, 0x63, 0x08,
  0x63, 0x08, 0x63, 0x08, 0x63, 0x08, 0x63, 0x08, 0x63, 0x08, 0x63, 0x08, 0x63, 0x08, 0x63, 0x08,
  0x63, 0x08, 0x63, 0x08, 0x63, 0x08, 0x63, 0x08, 0x63, 0x08, 0x63, 0x08, 0x63, 0x08, 0x63, 0x08,
  0x63, 0x08, 0x63, 0x08, 0x63, 0x08, 0x63, 0x08, 0x63, 0x08, 0x63, 0x08, 0x63, 0x08, 0x63, 0x08,
  0x63, 0x08, 0x63, 0x08, 0x63, 0x08, 0x63, 0x08, 0x63, 0x08, 0x63, 0x08, 0x63, 0x08, 0x63, 0x08,
  0x63, 0x08, 0x63, 0x08, 0x63, 0x08, 0x63, 0x08, 0x63, 0x08, 0x63, 0x08, 0x63, 0x08, 0x63, 0x08,
  0x63, 0x08, 0x63, 0x08, 0x63, 0x08, 0x63, 0x08, 0x63, 0x08, 0x63, 0x08, 0x63, 0x08, 0x63, 0x08,
  0x63, 0x08, 0x63, 0x08, 0x63, 0x08, 0x63, 0x08, 0x63, 0x08, 0x63, 0x08, 0x63, 0x08, 0x63, 0x08,
  0x63, 0x08, 0x63, 0x08, 0x63, 0x08, 0x63, 0x08, 0x63, 0x08, 0x63, 0x08, 0x63, 0x08, 0x63, 0x08,
  0x63, 0x08, 0x63, 0x08, 0x63, 0x08, 0x63, 0x08, 0x63, 0x08, 0x63, 0x08, 0x63, 0x08, 0x63, 0x08,
  0x63, 0x08, 0x63, 0x08, 0x63, 0x08, 0x63, 0x08, 0x63, 0x08, 0x63, 0x08, 0x63, 0x08, 0x63, 0x08,
  0x63, 0x08, 0x63, 0x08, 0x63, 0x08, 0x63, 0x08, 0x63, 0x08, 0x63, 0x08, 0x63, 0x08, 0x63, 0x08,
  0x63, 0x08, 0x63, 0x08, 0x63, 0x08, 0x63, 0x08, 0x63, 0x08, 0x63, 0x08, 0x63, 0x08, 0x63, 0x08,
  0x63, 0x08, 0x63, 0x08, 0x63, 0x08, 0x63, 0x08, 0x63, 0x08, 0x63, 0x08, 0x63, 0x08, 0x63, 0x08,
  0x63, 0x08, 0x63, 0x08, 0x63, 0x08, 0x63, 0x08, 0x63, 0x08, 0x63, 0x08, 0x63, 0x08, 0x63, 0x08,
  0x63, 0x08, 0x63, 0x08, 0x63, 0x08, 0x63, 0x08, 0x63, 0x08, 0x63, 0x08, 0x63, 0x08, 0x63, 0x08,
  0x63, 0x08, 0x63, 0x08, 0x63, 0x08, 0x63, 0x08, 0x63, 0x08, 0x63, 0x08, 0x63, 0x08, 0x63, 0x08,
  0x63, 0x08, 0x63, 0x08, 0x63, 0x08, 0x63, 0x08, 0x63, 0x08, 0x63, 0x08, 0x63, 0x08, 0x63, 0x08,
  0x63, 0x08, 0x63, 0x08, 0x63, 0x08, 0x63, 0x08, 0x63, 0x08, 0x63, 0x08, 0x63, 0x08, 0x63, 0x08,
  0x63, 0x08, 0x63, 0x08, 0x63, 0x08, 0x63, 0x08, 0x63, 0x08, 0x63, 0x08, 0x63, 0x08, 0x63, 0x08,
  0x63, 0x08, 0x63, 0x08, 0x63, 0x08, 0x63, 0x08, 0x63, 0x08, 0x63, 0x08, 0x63, 0x08, 0x63, 0x08,
  0x63, 0x08, 0x63, 0x08, 0x63, 0x08, 0x63, 0x08, 0x63, 0x08, 0x63, 0x08, 0x63, 0x08, 0x63, 0x08,
  0x63, 0x08, 0x63, 0x08, 0x63, 0x08, 0x63, 0x08, 0x63, 0x08, 0x63, 0x08, 0x63, 0x08, 0x63, 0x08,
  0x63, 0x08, 0x63, 0x08, 0x63, 0x08, 0x63, 0x08, 0x63, 0x08, 0x63, 0x08, 0x63, 0x08, 0x63, 0x08,
  0x63, 0x08, 0x63, 0x08, 0x63, 0x08, 0x63, 0x08, 0x63, 0x08, 0x63, 0x08, 0x63, 0x08, 0x63, 0x08,
  0x63, 0x08, 0x63, 0x08, 0x63, 0x08, 0x63, 0x08, 0x63, 0x08, 0x63, 0x08, 0x63, 0x08, 0x63, 0x08,
  0x63, 0x08, 0x63, 0x08, 0x63, 0x08, 0x63, 0x08, 0x63, 0x08, 0x63, 0x08, 0x63, 0x08, 0x63, 0x08,
  0x63, 0x08, 0x63, 0x08, 0x63, 0x08, 0x63, 0x08, 0x63, 0x08, 0x63, 0x08, 0x63, 0x08, 0x63, 0x08,
  0x63, 0x08, 0x63, 0x08, 0x63, 0x08, 0x63, 0x08, 0x63, 0x08, 0x63, 0x08, 0x63, 0x08, 0x63, 0x08,
  0x63, 0x08, 0x63, 0x08, 0x63, 0x08, 0x63, 0x08, 0x63, 0x08, 0x63, 0x08, 0x63, 0x08, 0x63, 0x08,
  0x63, 0x08, 0x63, 0x08, 0x63, 0x08, 0x63, 0x08, 0x63, 0x08, 0x63, 0x08, 0x63, 0x08, 0x63, 0x08,
  0x63, 0x08, 0x63, 0x08, 0x63, 0x08, 0x63, 0x08, 0x63, 0x08, 0x63, 0x08, 0x63, 0x08, 0x63, 0x08,
  0x63, 0x08, 0x63, 0x08, 0x63, 0x08, 0x63, 0x08, 0x63, 0x08, 0x63, 0x08, 0x63, 0x08, 0x63, 0x08,
  0x63, 0x08, 0x63, 0x08, 0x63, 0x08, 0x63, 0x08, 0x63, 0x08, 0x63, 0x08, 0x63, 0x08, 0x63, 0x08,
  0x63, 0x08, 0x63, 0x08, 0x63, 0x08, 0x63, 0x08, 0x63, 0x08, 0x63, 0x08, 0x63, 0x08, 0x63, 0x08,
  0x63, 0x08, 0x63, 0x08, 0x63, 0x08, 0x63, 0x08, 0x63, 0x08, 0x63, 0x08, 0x63, 0x08, 0x63, 0x08,
  0x63, 0x08, 0x63, 0x08, 0x63, 0x08, 0x63, 0x08, 0x63, 0x08, 0x63, 0x08, 0x63, 0x08, 0x63, 0x08,
  0x63, 0x08, 0x63, 0x08, 0x63, 0x08, 0x63, 0x08, 0x63, 0x08, 0x63, 0x08, 0x63, 0x08, 0x63, 0x08,
  0x63, 0x08, 0x63, 0x08, 0x63, 0x08, 0x63, 0x08, 0x63, 0x08, 0x63, 0x08, 0x63, 0x08, 0x63, 0x08,
  0x63, 0x08, 0x63, 0x08, 0x63, 0x08, 0x63, 0x08, 0x63, 0x08, 0x63, 0x08, 0x63, 0x08, 0x63, 0x08,
  0x63, 0x08, 0x63, 0x08, 0x63, 0x08, 0x63, 0x08, 0x63, 0x08, 0x63, 0x08, 0x63, 0x08, 0x63, 0x08,
  0x63, 0x08, 0x63, 0x08, 0x63, 0x08, 0x63, 0x08, 0x63, 0x08, 0x63, 0x08, 0x63, 0x08, 0x63, 0x08,
  0x63, 0x08, 0x63, 0x08, 0x63, 0x08, 0x63, 0x08, 0x63, 0x08, 0x63, 0x08, 0x63, 0x08, 0x63, 0x08,
  0x63, 0x08, 0x63, 0x08, 0x63, 0x08, 0x63, 0x08, 0x63, 0x08, 0x63, 0x08, 0x63, 0x08, 0x63, 0x08,
  0x63, 0x08, 0x63, 0x08, 0x63, 0x08, 0x63, 0x08, 0x63, 0x08, 0x63, 0x08, 0x63, 0x08, 0x63, 0x08,
  0x63, 0x08, 0x63, 0x08, 0x63, 0x08, 0x63, 0x08, 0x63, 0x08, 0x63, 0x08, 0x63, 0x08, 0x63, 0x08,
  0x63, 0x08, 0x63, 0x08, 0x63, 0x08, 0x63, 0x08, 0x63, 0x08, 0x63, 0x08, 0x63, 0x08, 0x63, 0x08,
  0x63, 0x08, 0x63, 0x08, 0x63, 0x08, 0x63, 0x08, 0x63, 0x08, 0x63, 0x08, 0x63, 0x08, 0x63, 0x08,
  0x63, 0x08, 0x63, 0x08, 0x63, 0x08, 0x63, 0x08, 0x63, 0x08, 0x63, 0x08, 0x63, 0x08, 0x63, 0x08,
  0x63, 0x08, 0x63, 0x08, 0x63, 0x08, 0x63, 0x08, 0x63, 0x08, 0x63, 0x08, 0x63, 0x08, 0x63, 0x08,
  0x63, 0x08, 0x63, 0x08, 0x63, 0x08, 0x63, 0x08, 0x63, 0x08, 0x63, 0x08, 0x63, 0x08, 0x63, 0x08,
  0x63, 0x08, 0x63, 0x08, 0x63, 0x08, 0x63, 0x08, 0x63, 0x08, 0x63, 0x08, 0x63, 0x08, 0x63, 0x08,
  0x63, 0x08, 0x63, 0x08, 0x63, 0x08, 0x63, 0x08, 0x63, 0x08, 0x63, 0x08, 0x63, 0x08, 0x63, 0x08,
  0x63, 0x08, 0x63, 0x08, 0x63, 0x08, 0x63, 0x08, 0x63, 0x08, 0x63, 0x08, 0x63, 0x08, 0x63, 0x08,
  0x63, 0x08, 0x63, 0x08, 0x63, 0x08, 0x63, 0x08, 0x63, 0x08, 0x63, 0x08, 0x63, 0x08, 0x63, 0x08,
  0x63, 0x08, 0x63, 0x08, 0x63, 0x08, 0x63, 0x08, 0x63, 0x08, 0x63, 0x08, 0x63, 0x08, 0x63, 0x08,
  0x63, 0x08, 0x63, 0x08, 0x63, 0x08, 0x63, 0x08, 0x63, 0x08, 0x63, 0x08, 0x63, 0x08, 0x63, 0x08,
  0x63, 0x08, 0x63, 0x08, 0x63, 0x08, 0x63, 0x08, 0x63, 0x08, 0x63, 0x08, 0x63, 0x08, 0x63, 0x08,
  0x63, 0x08, 0x63, 0x08, 0x63, 0x08, 0x63, 0x08, 0x63, 0x08, 0x63, 0x08, 0x63, 0x08, 0x63, 0x08,
  0x63, 0x08, 0x63, 0x08, 0x63, 0x08, 0x63, 0x08, 0x63, 0x08, 0x63, 0x08, 0x63, 0x08, 0x63, 0x08,
  0x63, 0x08, 0x63, 0x08, 0x63, 0x08, 0x63, 0x08, 0x63, 0x08, 0x63, 0x08, 0x63, 0x08, 0x63, 0x08,
  0x63, 0x08, 0x63, 0x08, 0x63, 0x08, 0x63, 0x08, 0x63, 0x08, 0x63, 0x08, 0x63, 0x08, 0x63, 0x08,
  0x63, 0x08, 0x63, 0x08, 0x63, 0x08, 0x63, 0x08, 0x63, 0x08, 0x63, 0x08, 0x63, 0x08, 0x63, 0x08,
  0x63, 0x08, 0x63, 0x08, 0x63, 0x08, 0x63, 0x08, 0x63, 0x08, 0x63, 0x08, 0x63, 0x08, 0x63, 0x08,
  0x63, 0x08, 0x63, 0x08, 0x63, 0x08, 0x63, 0x08, 0x63, 0x08, 0x63, 0x08, 0x63, 0x08, 0x63, 0x08,
  0x63, 0x08, 0x63, 0x08, 0x63, 0x08, 0x63, 0x08, 0x63, 0x08, 0x63, 0x08, 0x63, 0x08, 0x63, 0x08,
  0x63, 0x08, 0x63, 0x08, 0x63, 0x08, 0x63, 0x08, 0x63, 0x08, 0x63, 0x08, 0x63, 0x08, 0x63, 0x08,
  0x63, 0x08, 0x63, 0x08, 0x63, 0x08, 0x63, 0x08, 0x63, 0x08, 0x63, 0x08, 0x63, 0x08, 0x63, 0x08,
  0x63, 0x08, 0x63, 0x08, 0x63, 0x08, 0x63, 0x08, 0x63, 0x08, 0x63, 0x08, 0x63, 0x08, 0x63, 0x08,
  0x63, 0x08, 0x63, 0x08, 0x63, 0x08, 0x63, 0x08, 0x63, 0x08, 0x63, 0x08, 0x63, 0x08, 0x63, 0x08,
  0x63, 0x08, 0x63, 0x08, 0x63, 0x08, 0x63, 0x08, 0x63, 0x08, 0x63, 0x08, 0x63, 0x08, 0x63, 0x08,
  0x63, 0x08, 0x63, 0x08, 0x63, 0x08, 0x63, 0x08, 0x63, 0x08, 0x63, 0x08, 0x63, 0x08, 0x63, 0x08,
  0x63, 0x08, 0x63, 0x08, 0x63, 0x08, 0x63, 0x08, 0x63, 0x08, 0x63, 0x08, 0x63, 0x08, 0x63, 0x08,
  0x63, 0x08, 0x63, 0x08, 0x63, 0x08, 0x63, 0x08, 0x63, 0x08, 0x63, 0x08, 0x63, 0x08, 0x63, 0x08,
  0x63, 0x08, 0x63, 0x08, 0x63, 0x08, 0x63, 0x08, 0x63, 0x08, 0x63, 0x08, 0x63, 0x08, 0x63, 0x08,
  0x63, 0x08, 0x63, 0x08, 0x63, 0x08, 0x63, 0x08, 0x63, 0x08, 0x63, 0x08, 0x63, 0x08, 0x63, 0x08,
  0x63, 0x08, 0x63, 0x08, 0x63, 0x08, 0x63, 0x08, 0x63, 0x08, 0x63, 0x08, 0x63, 0x08, 0x63, 0x08,
  0x63, 0x08, 0x63, 0x08, 0x63, 0x08, 0x63, 0x08, 0x63, 0x08, 0x63, 0x08, 0x63, 0x08, 0x63, 0x08,
  0x63, 0x08, 0x63, 0x08, 0x63, 0x08, 0x63, 0x08, 0x63, 0x08, 0x63, 0x08, 0x63, 0x08, 0x63, 0x08,
  0x63, 0x08, 0x63, 0x08, 0x63, 0x08, 0x63, 0x08, 0x63, 0x08, 0x63, 0x08, 0x63, 0x08, 0x63, 0x08,
  0x63, 0x08, 0x63, 0x08, 0x63, 0x08, 0x63, 0x08, 0x63, 0x08, 0x63, 0x08, 0x63, 0x08, 0x63, 0x08,
  0x63, 0x08, 0x63, 0x08, 0x63, 0x08, 0x63, 0x08, 0x63, 0x08, 0x63, 0x08, 0x63, 0x08, 0x63, 0x08,
  0x63, 0x08, 0x63, 0x08, 0x63, 0x08, 0x63, 0x08, 0x63, 0x08, 0x63, 0x08, 0x63, 0x08, 0x63, 0x08,
  0x63, 0x08, 0x63, 0x08, 0x63, 0x08, 0x63, 0x08, 0x63, 0x08, 0x63, 0x08, 0x63, 0x08, 0x63, 0x08,
  0x63, 0x08, 0x63, 0x08, 0x63, 0x08, 0x63, 0x08, 0x63, 0x08, 0x63, 0x08, 0x63, 0x08, 0x63, 0x08,
  0x63, 0x08, 0x63, 0x08, 0x63, 0x08, 0x63, 0x08, 0x63, 0x08, 0x63, 0x08, 0x63, 0x08, 0x63, 0x08,
  0x63, 0x08, 0x63, 0x08, 0x63, 0x08, 0x63, 0x08, 0x63, 0x08, 0x63, 0x08, 0x63, 0x08, 0x63, 0x08,
  0x63, 0x08, 0x63, 0x08, 0x63, 0x08, 0x63, 0x08, 0x63, 0x08, 0x63, 0x08, 0x63, 0x08, 0x63, 0x08,
  0x63, 0x08, 0x63, 0x08, 0x63, 0x08, 0x63, 0x08, 0x63, 0x08, 0x63, 0x08, 0x63, 0x08, 0x63, 0x08,
  0x63, 0x08, 0x63, 0x08, 0x63, 0x08, 0x63, 0x08, 0x63, 0x08, 0x63, 0x08, 0x63, 0x08, 0x63, 0x08,
  0x63, 0x08, 0x63, 0x08, 0x63, 0x08, 0x63, 0x08, 0x63, 0x08, 0x63, 0x08, 0x63, 0x08, 0x63, 0x08,
  0x63, 0x08, 0x63, 0x08, 0x63, 0x08, 0x63, 0x08, 0x63, 0x08, 0x63, 0x08, 0x63, 0x08, 0x63, 0x08,
  0x63, 0x08, 0x63, 0x08, 0x63, 0x08, 0x63, 0x08, 0x63, 0x08, 0x63, 0x08, 0x63, 0x08, 0x63, 0x08,
  0x63, 0x08, 0x63, 0x08, 0x63, 0x08, 0x63, 0x08, 0x63, 0x08, 0x63, 0x08, 0x63, 0x08, 0x63, 0x08,
  0x63, 0x08, 0x63, 0x08, 0x63, 0x08, 0x63, 0x08, 0x63, 0x08, 0x63, 0x08, 0x63, 0x08, 0x63, 0x08,
  0x63, 0x08, 0x63, 0x08, 0x63, 0x08, 0x63, 0x08, 0x63, 0x08, 0x63, 0x08, 0x63, 0x08, 0x63, 0x08,
  0x63, 0x08, 0x63, 0x08, 0x63, 0x08, 0x63, 0x08, 0x63, 0x08, 0x63, 0x08, 0x63, 0x08, 0x63, 0x08,
  0x63, 0x08, 0x63, 0x08, 0x63, 0x08, 0x63, 0x08, 0x63, 0x08, 0x63, 0x08, 0x63, 0x08, 0x63, 0x08,
  0x63, 0x08, 0x63, 0x08, 0x63, 0x08, 0x63, 0x08, 0x63, 0x08, 0x63, 0x08, 0x63, 0x08, 0x63, 0x08,
  0x63, 0x08, 0x63, 0x08, 0x63, 0x08, 0x63, 0x08, 0x63, 0x08, 0x63, 0x08, 0x63, 0x08, 0x63, 0x08,
  0x63, 0x08, 0x63, 0x08, 0x63, 0x08, 0x63, 0x08, 0x63, 0x08, 0x63, 0x08, 0x63, 0x08, 0x63, 0x08,
  0x63, 0x08, 0x63, 0x08, 0x63, 0x08, 0x63, 0x08, 0x63, 0x08, 0x63, 0x08, 0x63, 0x08, 0x63, 0x08,
  0x63, 0x08, 0x63, 0x08, 0x63, 0x08, 0x63, 0x08, 0x63, 0x08, 0x63, 0x08, 0x63, 0x08, 0x63, 0x08,
  0x63, 0x08, 0x63, 0x08, 0x63, 0x08, 0x63, 0x08, 0x63, 0x08, 0x63, 0x08, 0x63, 0x08, 0x63, 0x08,
  0x63, 0x08, 0x63, 0x08, 0x63, 0x08, 0x63, 0x08, 0x63, 0x08, 0x63, 0x08, 0x63, 0x08, 0x63, 0x08,
  0x63, 0x08, 0x63, 0x08, 0x63, 0x08, 0x63, 0x08, 0x63, 0x08, 0x63, 0x08, 0x63, 0x08, 0x63, 0x08,
  0x63, 0x08, 0x63, 0x08, 0x63, 0x08, 0x63, 0x08, 0x63, 0x08, 0x63, 0x08, 0x63, 0x08, 0x63, 0x08,
  0x63, 0x08, 0x63, 0x08, 0x63, 0x08, 0x63, 0x08, 0x63, 0x08, 0x63, 0x08, 0x63, 0x08, 0x63, 0x08,
  0x63, 0x08, 0x63, 0x08, 0x63, 0x08, 0x63, 0x08, 0x63, 0x08, 0x63, 0x08, 0x63, 0x08, 0x63, 0x08,
  0x63, 0x08, 0x63, 0x08, 0x63, 0x08, 0x63, 0x08, 0x63, 0x08, 0x63, 0x08, 0x63, 0x08, 0x63, 0x08,
  0x63, 0x08, 0x63, 0x08, 0x63, 0x08, 0x63, 0x08, 0x63, 0x08, 0x63, 0x08, 0x63, 0x08, 0x63, 0x08,
  0x63, 0x08, 0x63, 0x08, 0x63, 0x08, 0x63, 0x08, 0x63, 0x08, 0x63, 0x08, 0x63, 0x08, 0x63, 0x08,
  0x63, 0x08, 0x63, 0x08, 0x63, 0x08, 0x63, 0x08, 0x63, 0x08, 0x63, 0x08, 0x63, 0x08, 0x63, 0x08,
  0x63, 0x08, 0x63, 0x08, 0x63, 0x08, 0x63, 0x08, 0x63, 0x08, 0x63, 0x08, 0x63, 0x08, 0x63, 0x08,
  0x63, 0x08, 0x63, 0x08, 0x63, 0x08, 0x63, 0x08, 0x63, 0x08, 0x63, 0x08, 0x63, 0x08, 0x63, 0x08,
  0x63, 0x08, 0x63, 0x08, 0x63, 0x08, 0x63, 0x08, 0x63, 0x08, 0x63, 0x08, 0x63, 0x08, 0x63, 0x08,
  0x63, 0x08, 0x63, 0x08, 0x63, 0x08, 0x63, 0x08, 0x63, 0x08, 0x63, 0x08, 0x63, 0x08, 0x63, 0x08,
  0x63, 0x08, 0x63, 0x08, 0x63, 0x08, 0x63, 0x08, 0x63, 0x08, 0x63, 0x08, 0x63, 0x08, 0x63, 0x08,
  0x63, 0x08, 0x63, 0x08, 0x63, 0x08, 0x63, 0x08, 0x63, 0x08, 0x63, 0x08, 0x63, 0x08, 0x63, 0x08,
  0x63, 0x08, 0x63, 0x08, 0x63, 0x08, 0x63, 0x08, 0x63, 0x08, 0x63, 0x08, 0x63, 0x08, 0x63, 0x08,
  0x63, 0x08, 0x63, 0x08, 0x63, 0x08, 0x63, 0x08, 0x63, 0x08, 0x63, 0x08, 0x63, 0x08, 0x63, 0x08,
  0x63, 0x08, 0x63, 0x08, 0x63, 0x08, 0x63, 0x08, 0x63, 0x08, 0x63, 0x08, 0x63, 0x08, 0x63, 0x08,
  0x63, 0x08, 0x63, 0x08, 0x63, 0x08, 0x63, 0x08, 0x63, 0x08, 0x63, 0x08, 0x63, 0x08, 0x63, 0x08,
  0x63, 0x08, 0x63, 0x08, 0x63, 0x08, 0x63, 0x08, 0x63, 0x08, 0x63, 0x08, 0x63, 0x08, 0x63, 0x08,
  0x63, 0x08, 0x63, 0x08, 0x63, 0x08, 0x63, 0x08, 0x63, 0x08, 0x63, 0x08, 0x63, 0x08, 0x63, 0x08,
  0x63, 0x08, 0x63, 0x08, 0x63, 0x08, 0x63, 0x08, 0x63, 0x08, 0x63, 0x08, 0x63, 0x08, 0x63, 0x08,
  0x63, 0x08, 0x63, 0x08, 0x63, 0x08, 0x63, 0x08, 0x63, 0x08, 0x63, 0x08, 0x63, 0x08, 0x63, 0x08,
  0x63, 0x08, 0x63, 0x08, 0x63, 0x08, 0x63, 0x08, 0x63, 0x08, 0x63, 0x08, 0x63, 0x08, 0x63, 0x08,
  0x63, 0x08, 0x63, 0x08, 0x63, 0x08, 0x63, 0x08, 0x63, 0x08, 0x63, 0x08, 0x63, 0x08, 0x63, 0x08,
  0x63, 0x08, 0x63, 0x08, 0x63, 0x08, 0x63, 0x08, 0x63, 0x08, 0x63, 0x08, 0x63, 0x08, 0x63, 0x08,
  0x63, 0x08, 0x63, 0x08, 0x63, 0x08, 0x63, 0x08, 0x63, 0x08, 0x63, 0x08, 0x63, 0x08, 0x63, 0x08,
  0x63, 0x08, 0x63, 0x08, 0x63, 0x08, 0x63, 0x08, 0x63, 0x08, 0x63, 0x08, 0x63, 0x08, 0x63, 0x08,
  0x63, 0x08, 0x63, 0x08, 0x63, 0x08, 0x63, 0x08, 0x63, 0x08, 0x63, 0x08, 0x63, 0x08, 0x63, 0x08,
  0x63, 0x08, 0x63, 0x08, 0x63, 0x08, 0x63, 0x08, 0x63, 0x08, 0x63, 0x08, 0x63, 0x08, 0x63, 0x08,
  0x63, 0x08, 0x63, 0x08, 0x63, 0x08, 0x63, 0x08, 0x63, 0x08, 0x63, 0x08, 0x63, 0x08, 0x63, 0x08,
  0x63, 0x08, 0x63, 0x08, 0x63, 0x08, 0x63, 0x08, 0x63, 0x08, 0x63, 0x08, 0x63, 0x08, 0x63, 0x08,
  0x63, 0x08, 0x63, 0x08, 0x63, 0x08, 0x63, 0x08, 0x63, 0x08, 0x63, 0x08, 0x63, 0x08, 0x63, 0x08,
  0x63, 0x08, 0x63, 0x08, 0x63, 0x08, 0x63, 0x08, 0x63, 0x08, 0x63, 0x08, 0x63, 0x08, 0x63, 0x08,
  0x63, 0x08, 0x63, 0x08, 0x63, 0x08, 0x63, 0x08, 0x63, 0x08, 0x63, 0x08, 0x63, 0x08, 0x63, 0x08,
  0x63, 0x08, 0x63, 0x08, 0x63, 0x08, 0x63, 0x08, 0x63, 0x08, 0x63, 0x08, 0x63, 0x08, 0x63, 0x08,
  0x63, 0x08, 0x63, 0x08, 0x63, 0x08, 0x63, 0x08, 0x63, 0x08, 0x63, 0x08, 0x63, 0x08, 0x63, 0x08,
  0x63, 0x08, 0x63, 0x08, 0x63, 0x08, 0x63, 0x08, 0x63, 0x08, 0x63, 0x08, 0x63, 0x08, 0x63, 0x08,
  0x63, 0x08, 0x63, 0x08, 0x63, 0x08, 0x63, 0x08, 0x63, 0x08, 0x63, 0x08, 0x63, 0x08, 0x63, 0x08,
  0x63, 0x08, 0x63, 0x08, 0x63, 0x08, 0x63, 0x08, 0x63, 0x08, 0x63, 0x08, 0x63, 0x08, 0x63, 0x08,
  0x63, 0x08, 0x63, 0x08, 0x63, 0x08, 0x63, 0x08, 0x63, 0x08, 0x63, 0x08, 0x63, 0x08, 0x63, 0x08,
  0x63, 0x08, 0x63, 0x08, 0x63, 0x08, 0x63, 0x08, 0x63, 0x08, 0x63, 0x08, 0x63, 0x08, 0x63, 0x08,
  0x63, 0x08, 0x63, 0x08, 0x63, 0x08, 0x63, 0x08, 0x63, 0x08, 0x63, 0x08, 0x63, 0x08, 0x63, 0x08,
  0x63, 0x08, 0x63, 0x08, 0x63, 0x08, 0x63, 0x08, 0x63, 0x08, 0x63, 0x08, 0x63, 0x08, 0x63, 0x08,
  0x63, 0x08, 0x63, 0x08, 0x63, 0x08, 0x63, 0x08, 0x63, 0x08, 0x63, 0x08, 0x63, 0x08, 0x63, 0x08,
  0x63, 0x08, 0x63, 0x08, 0x63, 0x08, 0x63, 0x08, 0x63, 0x08, 0x63, 0x08, 0x63, 0x08, 0x63, 0x08,
  0x63, 0x08, 0x63, 0x08, 0x63, 0x08, 0x63, 0x08, 0x63, 0x08, 0x63, 0x08, 0x63, 0x08, 0x63, 0x08,
  0x63, 0x08, 0x63, 0x08, 0x63, 0x08, 0x63, 0x08, 0x63, 0x08, 0x63, 0x08, 0x63, 0x08, 0x63, 0x08,
  0x63, 0x08, 0x63, 0x08, 0x63, 0x08, 0x63, 0x08, 0x63, 0x08, 0x63, 0x08, 0x63, 0x08, 0x63, 0x08,
  0x63, 0x08, 0x63, 0x08, 0x63, 0x08, 0x63, 0x08, 0x63, 0x08, 0x63, 0x08, 0x63, 0x08, 0x63, 0x08,
  0x63, 0x08, 0x63, 0x08, 0x63, 0x08, 0x63, 0x08, 0x63, 0x08, 0x63, 0x08, 0x63, 0x08, 0x63, 0x08,
  0x63, 0x08, 0x63, 0x08, 0x63, 0x08, 0x63, 0x08, 0x63, 0x08, 0x63, 0x08, 0x63, 0x08, 0x63, 0x08,
  0x63, 0x08, 0x63, 0x08, 0x63, 0x08, 0x63, 0x08, 0x63, 0x08, 0x63, 0x08, 0x63, 0x08, 0x63, 0x08,
  0x63, 0x08, 0x63, 0x08, 0x63, 0x08, 0x63, 0x08, 0x63, 0x08, 0x63, 0x08, 0x63, 0x08, 0x63, 0x08,
  0x63, 0x08, 0x63, 0x08, 0x63, 0x08, 0x63, 0x08, 0x63, 0x08, 0x63, 0x08, 0x63, 0x08, 0x63, 0x08,
  0x63, 0x08, 0x63, 0x08, 0x63, 0x08, 0x63, 0x08, 0x63, 0x08, 0x63, 0x08, 0x63, 0x08, 0x63, 0x08,
  0x63, 0x08, 0x63, 0x08, 0x63, 0x08, 0x63, 0x08, 0x63, 0x08, 0x63, 0x08, 0x63, 0x08, 0x63, 0x08,
  0x63, 0x08, 0x63, 0x08, 0x63, 0x08, 0x63, 0x08, 0x63, 0x08, 0x63, 0x08, 0x63, 0x08, 0x63, 0x08,
  0x63, 0x08, 0x63, 0x08, 0x63, 0x08, 0x63, 0x08, 0x63, 0x08, 0x63, 0x08, 0x63, 0x08, 0x63, 0x08,
  0x63, 0x08, 0x63, 0x08, 0x63, 0x08, 0x63, 0x08, 0x63, 0x08, 0x63, 0x08, 0x63, 0x08, 0x63, 0x08,
  0x63, 0x08, 0x63, 0x08, 0x63, 0x08, 0x63, 0x08, 0x63, 0x08, 0x63, 0x08, 0x63, 0x08, 0x63, 0x08,
  0x63, 0x08, 0x63, 0x08, 0x63, 0x08, 0x63, 0x08, 0x63, 0x08, 0x63, 0x08, 0x63, 0x08, 0x63, 0x08,
  0x63, 0x08, 0x63, 0x08, 0x63, 0x08, 0x63, 0x08, 0x63, 0x08, 0x63, 0x08, 0x63, 0x08, 0x63, 0x08,
  0x63, 0x08, 0x63, 0x08, 0x63, 0x08, 0x63, 0x08, 0x63, 0x08, 0x63, 0x08, 0x63, 0x08, 0x63, 0x08,
  0x63, 0x08, 0x63, 0x08, 0x63, 0x08, 0x63, 0x08, 0x63, 0x08, 0x63, 0x08, 0x63, 0x08, 0x63, 0x08,
  0x63, 0x08, 0x63, 0x08, 0x63, 0x08, 0x63, 0x08, 0x63, 0x08, 0x63, 0x08, 0x63, 0x08, 0x63, 0x08,
  0x63, 0x08, 0x63, 0x08, 0x63, 0x08, 0x63, 0x08, 0x63, 0x08, 0x63, 0x08, 0x63, 0x08, 0x63, 0x08,
  0x63, 0x08, 0x63, 0x08, 0x63, 0x08, 0x63, 0x08, 0x63, 0x08, 0x63, 0x08, 0x63, 0x08, 0x63, 0x08,
  0x63, 0x08, 0x63, 0x08, 0x63, 0x08, 0x63, 0x08, 0x63, 0x08, 0x63, 0x08, 0x63, 0x08, 0x63, 0x08,
  0x63, 0x08, 0x63, 0x08, 0x63, 0x08, 0x63, 0x08, 0x63, 0x08, 0x63, 0x08, 0x63, 0x08, 0x63, 0x08,
  0x63, 0x08, 0x63, 0x08, 0x63, 0x08, 0x63, 0x08, 0x63, 0x08, 0x63, 0x08, 0x63, 0x08, 0x63, 0x08,
  0x63, 0x08, 0x63, 0x08, 0x63, 0x08, 0x63, 0x08, 0x63, 0x08, 0x63, 0x08, 0x63, 0x08, 0x63, 0x08,
  0x63, 0x08, 0x63, 0x08, 0x63, 0x08, 0x63, 0x08, 0x63, 0x08, 0x63, 0x08, 0x63, 0x08, 0x63, 0x08,
  0x63, 0x08, 0x63, 0x08, 0x63, 0x08, 0x63, 0x08, 0x63, 0x08, 0x63, 0x08, 0x63, 0x08, 0x63, 0x08,
  0x63, 0x08, 0x63, 0x08, 0x63, 0x08, 0x63, 0x08, 0x63, 0x08, 0x63, 0x08, 0x63, 0x08, 0x63, 0x08,
  0x63, 0x08, 0x63, 0x08, 0x63, 0x08, 0x63, 0x08, 0x63, 0x08, 0x63, 0x08, 0x63, 0x08, 0x63, 0x08,
  0x63, 0x08, 0x63, 0x08, 0x63, 0x08, 0x63, 0x08, 0x63, 0x08, 0x63, 0x08, 0x63, 0x08, 0x63, 0x08,
  0x63, 0x08, 0x63, 0x08, 0x63, 0x08, 0x63, 0x08, 0x63, 0x08, 0x63, 0x08, 0x63, 0x08, 0x63, 0x08,
  0x63, 0x08, 0x63, 0x08, 0x63, 0x08, 0x63, 0x08, 0x63, 0x08, 0x63, 0x08, 0x63, 0x08, 0x63, 0x08,
  0x63, 0x08, 0x63, 0x08, 0x63, 0x08, 0x63, 0x08, 0x63, 0x08, 0x63, 0x08, 0x63, 0x08, 0x63, 0x08,
  0x63, 0x08, 0x63, 0x08, 0x63, 0x08, 0x63, 0x08, 0x63, 0x08, 0x63, 0x08, 0x63, 0x08, 0x63, 0x08,
  0x63, 0x08, 0x63, 0x08, 0x63, 0x08, 0x63, 0x08, 0x63, 0x08, 0x63, 0x08, 0x63, 0x08, 0x63, 0x08,
  0x63, 0x08, 0x63, 0x08, 0x63, 0x08, 0x63, 0x08, 0x63, 0x08, 0x63, 0x08, 0x63, 0x08, 0x63, 0x08,
  0x63, 0x08, 0x63, 0x08, 0x63, 0x08, 0x63, 0x08, 0x63, 0x08, 0x63, 0x08, 0x63, 0x08, 0x63, 0x08,
  0x63, 0x08, 0x63, 0x08, 0x63, 0x08, 0x63, 0x08, 0x63, 0x08, 0x63, 0x08, 0x63, 0x08, 0x63, 0x08,
  0x63, 0x08, 0x63, 0x08, 0x63, 0x08, 0x63, 0x08, 0x63, 0x08, 0x63, 0x08, 0x63, 0x08, 0x63, 0x08,
  0x63, 0x08, 0x63, 0x08, 0x63, 0x08, 0x63, 0x08, 0x63, 0x08, 0x63, 0x08, 0x63, 0x08, 0x63, 0x08,
  0x63, 0x08, 0x63, 0x08, 0x63, 0x08, 0x63, 0x08, 0x63, 0x08, 0x63, 0x08, 0x63, 0x08, 0x63, 0x08,
  0x63, 0x08, 0x63, 0x08, 0x63, 0x08, 0x63, 0x08, 0x63, 0x08, 0x63, 0x08, 0x63, 0x08, 0x63, 0x08,
  0x63, 0x08, 0x63, 0x08, 0x63, 0x08, 0x63, 0x08, 0x63, 0x08, 0x63, 0x08, 0x63, 0x08, 0x63, 0x08,
  0x63, 0x08, 0x63, 0x08, 0x63, 0x08, 0x63, 0x08, 0x63, 0x08, 0x63, 0x08, 0x63, 0x08, 0x63, 0x08,
  0x63, 0x08, 0x63, 0x08, 0x63, 0x08, 0x63, 0x08, 0x63, 0x08, 0x63, 0x08, 0x63, 0x08, 0x63, 0x08,
  0x63, 0x08, 0x63, 0x08, 0x63, 0x08, 0x63, 0x08, 0x63, 0x08, 0x63, 0x08, 0x63, 0x08, 0x63, 0x08,
  0x63, 0x08, 0x63, 0x08, 0x63, 0x08, 0x63, 0x08, 0x63, 0x08, 0x63, 0x08, 0x63, 0x08, 0x63, 0x08,
  0x63, 0x08, 0x63, 0x08, 0x63, 0x08, 0x63, 0x08, 0x63, 0x08, 0x63, 0x08, 0x63, 0x08, 0x63, 0x08,
  0x63, 0x08, 0x63, 0x08, 0x63, 0x08, 0x63, 0x08, 0x63, 0x08, 0x63, 0x08, 0x63, 0x08, 0x63, 0x08,
  0x63, 0x08, 0x63, 0x08, 0x63, 0x08, 0x63, 0x08, 0x63, 0x08, 0x63, 0x08, 0x63, 0x08, 0x63, 0x08,
  0x63, 0x08, 0x63, 0x08, 0x63, 0x08, 0x63, 0x08, 0x63, 0x08, 0x63, 0x08, 0x63, 0x08, 0x63, 0x08,
  0x63, 0x08, 0x63, 0x08, 0x63, 0x08, 0x63, 0x08, 0x63, 0x08, 0x63, 0x08, 0x63, 0x08, 0x63, 0x08,
  0x63, 0x08, 0x63, 0x08, 0x63, 0x08, 0x63, 0x08, 0x63, 0x08, 0x63, 0x08, 0x63, 0x08, 0x63, 0x08,
  0x63, 0x08, 0x63, 0x08, 0x63, 0x08, 0x63, 0x08, 0x63, 0x08, 0x63, 0x08, 0x63, 0x08, 0x63, 0x08,
  0x63, 0x08, 0x63, 0x08, 0x63, 0x08, 0x63, 0x08, 0x63, 0x08, 0x63, 0x08, 0x63, 0x08, 0x63, 0x08,
  0x63, 0x08, 0x63, 0x08, 0x63, 0x08, 0x63, 0x08, 0x63, 0x08, 0x63, 0x08, 0x63, 0x08, 0x63, 0x08,
  0x63, 0x08, 0x63, 0x08, 0x63, 0x08, 0x63, 0x08, 0x63, 0x08, 0x63, 0x08, 0x63, 0x08, 0x63, 0x08,
  0x63, 0x08, 0x63, 0x08, 0x63, 0x08, 0x63, 0x08, 0x63, 0x08, 0x63, 0x08, 0x63, 0x08, 0x63, 0x08,
  0x63, 0x08, 0x63, 0x08, 0x63, 0x08, 0x63, 0x08, 0x63, 0x08, 0x63, 0x08, 0x63, 0x08, 0x63, 0x08,
  0x63, 0x08, 0x63, 0x08, 0x63, 0x08, 0x63, 0x08, 0x63, 0x08, 0x63, 0x08, 0x63, 0x08, 0x63, 0x08,
  0x63, 0x08, 0x63, 0x08, 0x63, 0x08, 0x63, 0x08, 0x63, 0x08, 0x63, 0x08, 0x63, 0x08, 0x63, 0x08,
  0x63, 0x08, 0x63, 0x08, 0x63, 0x08, 0x63, 0x08, 0x63, 0x08, 0x63, 0x08, 0x63, 0x08, 0x63, 0x08,
  0x63, 0x08, 0x63, 0x08, 0x63, 0x08, 0x63, 0x08, 0x63, 0x08, 0x63, 0x08, 0x63, 0x08, 0x63, 0x08,
  0x63, 0x08, 0x63, 0x08, 0x63, 0x08, 0x63, 0x08, 0x63, 0x08, 0x63, 0x08, 0x63, 0x08, 0x63, 0x08,
  0x63, 0x08, 0x63, 0x08, 0x63, 0x08, 0x63, 0x08, 0x63, 0x08, 0x63, 0x08, 0x63, 0x08, 0x63, 0x08,
  0x63, 0x08, 0x63, 0x08, 0x63, 0x08, 0x63, 0x08, 0x63, 0x08, 0x63, 0x08, 0x63, 0x08, 0x63, 0x08,
  0x63, 0x08, 0x63, 0x08, 0x63, 0x08, 0x63, 0x08, 0x63, 0x08, 0x63, 0x08, 0x63, 0x08, 0x63, 0x08,
  0x63, 0x08, 0x63, 0x08, 0x63, 0x08, 0x63, 0x08, 0x63, 0x08, 0x63, 0x08, 0x63, 0x08, 0x63, 0x08,
  0x63, 0x08, 0x63, 0x08, 0x63, 0x08, 0x63, 0x08, 0x63, 0x08, 0x63, 0x08, 0x63, 0x08, 0x63, 0x08,
  0x63, 0x08, 0x63, 0x08, 0x63, 0x08, 0x63, 0x08, 0x63, 0x08, 0x63, 0x08, 0x63, 0x08, 0x63, 0x08,
  0x63, 0x08, 0x63, 0x08, 0x63, 0x08, 0x63, 0x08, 0x63, 0x08, 0x63, 0x08, 0x63, 0x08, 0x63, 0x08,
  0x63, 0x08, 0x63, 0x08, 0x63, 0x08, 0x63, 0x08, 0x63, 0x08, 0x63, 0x08, 0x63, 0x08, 0x63, 0x08,
  0x63, 0x08, 0x63, 0x08, 0x63, 0x08, 0x63, 0x08, 0x63, 0x08, 0x63, 0x08, 0x63, 0x08, 0x63, 0x08,
  0x63, 0x08, 0x63, 0x08, 0x63, 0x08, 0x63, 0x08, 0x63, 0x08, 0x63, 0x08, 0x63, 0x08, 0x63, 0x08,
  0x63, 0x08, 0x63, 0x08, 0x63, 0x08, 0x63, 0x08, 0x63, 0x08, 0x63, 0x08, 0x63, 0x08, 0x63, 0x08,
  0x63, 0x08, 0x63, 0x08, 0x63, 0x08, 0x63, 0x08, 0x63, 0x08, 0x63, 0x08, 0x63, 0x08, 0x63, 0x08,
  0x63, 0x08, 0x63, 0x08, 0x63, 0x08, 0x63, 0x08, 0x63, 0x08, 0x63, 0x08, 0x63, 0x08, 0x63, 0x08,
  0x63, 0x08, 0x63, 0x08, 0x63, 0x08, 0x63, 0x08, 0x63, 0x08, 0x63, 0x08, 0x63, 0x08, 0x63, 0x08,
  0x63, 0x08, 0x63, 0x08, 0x63, 0x08, 0x63, 0x08, 0x63, 0x08, 0x63, 0x08, 0x63, 0x08, 0x63, 0x08,
  0x63, 0x08, 0x63, 0x08, 0x63, 0x08, 0x63, 0x08, 0x63, 0x08, 0x63, 0x08, 0x63, 0x08, 0x63, 0x08,
  0x63, 0x08, 0x63, 0x08, 0x63, 0x08, 0x63, 0x08, 0x63, 0x08, 0x63, 0x08, 0x63, 0x08, 0x63, 0x08,
  0x63, 0x08, 0x63, 0x08, 0x63, 0x08, 0x63, 0x08, 0x63, 0x08, 0x63, 0x08, 0x63, 0x08, 0x63, 0x08,
  0x63, 0x08, 0x63, 0x08, 0x63, 0x08, 0x63, 0x08, 0x63, 0x08, 0x63, 0x08, 0x63, 0x08, 0x63, 0x08,
  0x63, 0x08, 0x63, 0x08, 0x63, 0x08, 0x63, 0x08, 0x63, 0x08, 0x63, 0x08, 0x63, 0x08, 0x63, 0x08,
  0x63, 0x08, 0x63, 0x08, 0x63, 0x08, 0x63, 0x08, 0x63, 0x08, 0x63, 0x08, 0x63, 0x08, 0x63, 0x08,
  0x63, 0x08, 0x63, 0x08, 0x63, 0x08, 0x63, 0x08, 0x63, 0x08, 0x63, 0x08, 0x63, 0x08, 0x63, 0x08,
  0x63, 0x08, 0x63, 0x08, 0x63, 0x08, 0x63, 0x08, 0x63, 0x08, 0x63, 0x08, 0x63, 0x08, 0x63, 0x08,
  0x63, 0x08, 0x63, 0x08, 0x63, 0x08, 0x63, 0x08, 0x63, 0x08, 0x63, 0x08, 0x63, 0x08, 0x63, 0x08,
  0x63, 0x08, 0x63, 0x08, 0x63, 0x08, 0x63, 0x08, 0x63, 0x08, 0x63, 0x08, 0x63, 0x08, 0x63, 0x08,
  0x63, 0x08, 0x63, 0x08, 0x63, 0x08, 0x63, 0x08, 0x63, 0x08, 0x63, 0x08, 0x63, 0x08, 0x63, 0x08,
  0x63, 0x08, 0x63, 0x08, 0x63, 0x08, 0x63, 0x08, 0x63, 0x08, 0x63, 0x08, 0x63, 0x08, 0x63, 0x08,
  0x63, 0x08, 0x63, 0x08, 0x63, 0x08, 0x63, 0x08, 0x63, 0x08, 0x63, 0x08, 0x63, 0x08, 0x63, 0x08,
  0x63, 0x08, 0x63, 0x08, 0x63, 0x08, 0x63, 0x08, 0x63, 0x08, 0x63, 0x08, 0x63, 0x08, 0x63, 0x08,
  0x63, 0x08, 0x63, 0x08, 0x63, 0x08, 0x63, 0x08, 0x63, 0x08, 0x63, 0x08, 0x63, 0x08, 0x63, 0x08,
  0x63, 0x08, 0x63, 0x08, 0x63, 0x08, 0x63, 0x08, 0x63, 0x08, 0x63, 0x08, 0x63, 0x08, 0x63, 0x08,
  0x63, 0x08, 0x63, 0x08, 0x63, 0x08, 0x63, 0x08, 0x63, 0x08, 0x63, 0x08, 0x63, 0x08, 0x63, 0x08,
  0x63, 0x08, 0x63, 0x08, 0x63, 0x08, 0x63, 0x08, 0x63, 0x08, 0x63, 0x08, 0x63, 0x08, 0x63, 0x08,
  0x63, 0x08, 0x63, 0x08, 0x63, 0x08, 0x63, 0x08, 0x63, 0x08, 0x63, 0x08, 0x63, 0x08, 0x63, 0x08,
  0x63, 0x08, 0x63, 0x08, 0x63, 0x08, 0x63, 0x08, 0x63, 0x08, 0x63, 0x08, 0x63, 0x08, 0x63, 0x08,
  0x63, 0x08, 0x63, 0x08, 0x63, 0x08, 0x63, 0x08, 0x63, 0x08, 0x63, 0x08, 0x63, 0x08, 0x63, 0x08,
  0x63, 0x08, 0x63, 0x08, 0x63, 0x08, 0x63, 0x08, 0x63, 0x08, 0x63, 0x08, 0x63, 0x08, 0x63, 0x08,
  0x63, 0x08, 0x63, 0x08, 0x63, 0x08, 0x63, 0x08, 0x63, 0x08, 0x63, 0x08, 0x63, 0x08, 0x63, 0x08,
  0x63, 0x08, 0x63, 0x08, 0x63, 0x08, 0x63, 0x08, 0x63, 0x08, 0x63, 0x08, 0x63, 0x08, 0x63, 0x08,
  0x63, 0x08, 0x63, 0x08, 0x63, 0x08, 0x63, 0x08, 0x63, 0x08, 0x63, 0x08, 0x63, 0x08, 0x63, 0x08,
  0x63, 0x08, 0x63, 0x08, 0x63, 0x08, 0x63, 0x08, 0x63, 0x08, 0x63, 0x08, 0x63, 0x08, 0x63, 0x08,
  0x63, 0x08, 0x63, 0x08, 0x63, 0x08, 0x63, 0x08, 0x63, 0x08, 0x63, 0x08, 0x63, 0x08, 0x63, 0x08,
  0x63, 0x08, 0x63, 0x08, 0x63, 0x08, 0x63, 0x08, 0x63, 0x08, 0x63, 0x08, 0x63, 0x08, 0x63, 0x08,
  0x63, 0x08, 0x63, 0x08, 0x63, 0x08, 0x63, 0x08, 0x63, 0x08, 0x63, 0x08, 0x63, 0x08, 0x63, 0x08,
  0x63, 0x08, 0x63, 0x08, 0x63, 0x08, 0x63, 0x08, 0x63, 0x08, 0x63, 0x08, 0x63, 0x08, 0x63, 0x08,
  0x63, 0x08, 0x63, 0x08, 0x63, 0x08, 0x63, 0x08, 0x63, 0x08, 0x63, 0x08, 0x63, 0x08, 0x63, 0x08,
  0x63, 0x08, 0x63, 0x08, 0x63, 0x08, 0x63, 0x08, 0x63, 0x08, 0x63, 0x08, 0x63, 0x08, 0x63, 0x08,
  0x63, 0x08, 0x63, 0x08, 0x63, 0x08, 0x63, 0x08, 0x63, 0x08, 0x63, 0x08, 0x63, 0x08, 0x63, 0x08,
  0x63, 0x08, 0x63, 0x08, 0x63, 0x08, 0x63, 0x08, 0x63, 0x08, 0x63, 0x08, 0x63, 0x08, 0x63, 0x08,
  0x63, 0x08, 0x63, 0x08, 0x63, 0x08, 0x63, 0x08, 0x63, 0x08, 0x63, 0x08, 0x63, 0x08, 0x63, 0x08,
  0x63, 0x08, 0x63, 0x08, 0x63, 0x08, 0x63, 0x08, 0x63, 0x08, 0x63, 0x08, 0x63, 0x08, 0x63, 0x08,
  0x63, 0x08, 0x63, 0x08, 0x63, 0x08, 0x63, 0x08, 0x63, 0x08, 0x63, 0x08, 0x63, 0x08, 0x63, 0x08,
  0x63, 0x08, 0x63, 0x08, 0x63, 0x08, 0x63, 0x08, 0x63, 0x08, 0x63, 0x08, 0x63, 0x08, 0x63, 0x08,
  0x63, 0x08, 0x63, 0x08, 0x63, 0x08, 0x63, 0x08, 0x63, 0x08, 0x63, 0x08, 0x63, 0x08, 0x63, 0x08,
  0x63, 0x08, 0x63, 0x08, 0x63, 0x08, 0x63, 0x08, 0x63, 0x08, 0x63, 0x08, 0x63, 0x08, 0x63, 0x08,
  0x63, 0x08, 0x63, 0x08, 0x63, 0x08, 0x63, 0x08, 0x63, 0x08, 0x63, 0x08, 0x63, 0x08, 0x63, 0x08,
  0x63, 0x08, 0x63, 0x08, 0x63, 0x08, 0x63, 0x08, 0x63, 0x08, 0x63, 0x08, 0x63, 0x08, 0x63, 0x08,
  0x63, 0x08, 0x63, 0x08, 0x63, 0x08, 0x63, 0x08, 0x63, 0x08, 0x63, 0x08, 0x63, 0x08, 0x63, 0x08,
  0x63, 0x08, 0x63, 0x08, 0x63, 0x08, 0x63, 0x08, 0x63, 0x08, 0x63, 0x08, 0x63, 0x08, 0x63, 0x08,
  0x63, 0x08, 0x63, 0x08, 0x63, 0x08, 0x63, 0x08, 0x63, 0x08, 0x63, 0x08, 0x63, 0x08, 0x63, 0x08,
  0x63, 0x08, 0x63, 0x08, 0x63, 0x08, 0x63, 0x08, 0x63, 0x08, 0x63, 0x08, 0x63, 0x08, 0x63, 0x08,
  0x63, 0x08, 0x63, 0x08, 0x63, 0x08, 0x63, 0x08, 0x63, 0x08, 0x63, 0x08, 0x63, 0x08, 0x63, 0x08,
  0x63, 0x08, 0x63, 0x08, 0x63, 0x08, 0x63, 0x08, 0x63, 0x08, 0x63, 0x08, 0x63, 0x08, 0x63, 0x08,
  0x63, 0x08, 0x63, 0x08, 0x63, 0x08, 0x63, 0x08, 0x63, 0x08, 0x63, 0x08, 0x63, 0x08, 0x63, 0x08,
  0x63, 0x08, 0x63, 0x08, 0x63, 0x08, 0x63, 0x08, 0x63, 0x08, 0x63, 0x08, 0x63, 0x08, 0x63, 0x08,
  0x63, 0x08, 0x63, 0x08, 0x63, 0x08, 0x63, 0x08, 0x63, 0x08, 0x63, 0x08, 0x63, 0x08, 0x63, 0x08,
  0x63, 0x08, 0x63, 0x08, 0x63, 0x08, 0x63, 0x08, 0x63, 0x08, 0x63, 0x08, 0x63, 0x08, 0x63, 0x08,
  0x63, 0x08, 0x63, 0x08, 0x63, 0x08, 0x63, 0x08, 0x63, 0x08, 0x63, 0x08, 0x63, 0x08, 0x63, 0x08,
  0x63, 0x08, 0x63, 0x08, 0x63, 0x08, 0x63, 0x08, 0x63, 0x08, 0x63, 0x08, 0x63, 0x08, 0x63, 0x08,
  0x63, 0x08, 0x63, 0x08, 0x63, 0x08, 0x63, 0x08, 0x63, 0x08, 0x63, 0x08, 0x63, 0x08, 0x63, 0x08,
  0x63, 0x08, 0x63, 0x08, 0x63, 0x08, 0x63, 0x08, 0x63, 0x08, 0x63, 0x08, 0x63, 0x08, 0x63, 0x08,
  0x63, 0x08, 0x63, 0x08, 0x63, 0x08, 0x63, 0x08, 0x63, 0x08, 0x63, 0x08, 0x63, 0x08, 0x63, 0x08,
  0x63, 0x08, 0x63, 0x08, 0x63, 0x08, 0x63, 0x08, 0x63, 0x08, 0x63, 0x08, 0x63, 0x08, 0x63, 0x08,
  0x63, 0x08, 0x63, 0x08, 0x63, 0x08, 0x63, 0x08, 0x63, 0x08, 0x63, 0x08, 0x63, 0x08, 0x63, 0x08,
  0x63, 0x08, 0x63, 0x08, 0x63, 0x08, 0x63, 0x08, 0x63, 0x08, 0x63, 0x08, 0x63, 0x08, 0x63, 0x08,
  0x63, 0x08, 0x63, 0x08, 0x63, 0x08, 0x63, 0x08, 0x63, 0x08, 0x63, 0x08, 0x63, 0x08, 0x63, 0x08,
  0x63, 0x08, 0x63, 0x08, 0x63, 0x08, 0x63, 0x08, 0x63, 0x08, 0x63, 0x08, 0x63, 0x08, 0x63, 0x08,
  0x63, 0x08, 0x63, 0x08, 0x63, 0x08, 0x63, 0x08, 0x63, 0x08, 0x63, 0x08, 0x63, 0x08, 0x63, 0x08,
  0x63, 0x08, 0x63, 0x08, 0x63, 0x08, 0x63, 0x08, 0x63, 0x08, 0x63, 0x08, 0x63, 0x08, 0x63, 0x08,
  0x63, 0x08, 0x63, 0x08, 0x63, 0x08, 0x63, 0x08, 0x63, 0x08, 0x63, 0x08, 0x63, 0x08, 0x63, 0x08,
  0x63, 0x08, 0x63, 0x08, 0x63, 0x08, 0x63, 0x08, 0x63, 0x08, 0x63, 0x08, 0x63, 0x08, 0x63, 0x08,
  0x63, 0x08, 0x63, 0x08, 0x63, 0x08, 0x63, 0x08, 0x63, 0x08, 0x63, 0x08, 0x63, 0x08, 0x63, 0x08,
  0x63, 0x08, 0x63, 0x08, 0x63, 0x08, 0x63, 0x08, 0x63, 0x08, 0x63, 0x08, 0x63, 0x08, 0x63, 0x08,
  0x63, 0x08, 0x63, 0x08, 0x63, 0x08, 0x63, 0x08, 0x63, 0x08, 0x63, 0x08, 0x63, 0x08, 0x63, 0x08,
  0x63, 0x08, 0x63, 0x08, 0x63, 0x08, 0x63, 0x08, 0x63, 0x08, 0x63, 0x08, 0x63, 0x08, 0x63, 0x08,
  0x63, 0x08, 0x63, 0x08, 0x63, 0x08, 0x63, 0x08, 0x63, 0x08, 0x63, 0x08, 0x63, 0x08, 0x63, 0x08,
  0x63, 0x08, 0x63, 0x08, 0x63, 0x08, 0x63, 0x08, 0x63, 0x08, 0x63, 0x08, 0x63, 0x08, 0x63, 0x08,
  0x63, 0x08, 0x63, 0x08, 0x63, 0x08, 0x63, 0x08, 0x63, 0x08, 0x63, 0x08, 0x63, 0x08, 0x63, 0x08,
  0x63, 0x08, 0x63, 0x08, 0x63, 0x08, 0x63, 0x08, 0x63, 0x08, 0x63, 0x08, 0x63, 0x08, 0x63, 0x08,
  0x63, 0x08, 0x63, 0x08, 0x63, 0x08, 0x63, 0x08, 0x63, 0x08, 0x63, 0x08, 0x63, 0x08, 0x63, 0x08,
  0x63, 0x08, 0x63, 0x08, 0x63, 0x08, 0x63, 0x08, 0x63, 0x08, 0x63, 0x08, 0x63, 0x08, 0x63, 0x08,
  0x63, 0x08, 0x63, 0x08, 0x63, 0x08, 0x63, 0x08, 0x63, 0x08, 0x63, 0x08, 0x63, 0x08, 0x63, 0x08,
  0x63, 0x08, 0x63, 0x08, 0x63, 0x08, 0x63, 0x08, 0x63, 0x08, 0x63, 0x08, 0x63, 0x08, 0x63, 0x08,
  0x63, 0x08, 0x63, 0x08, 0x63, 0x08, 0x63, 0x08, 0x63, 0x08, 0x63, 0x08, 0x63, 0x08, 0x63, 0x08,
  0x63, 0x08, 0x63, 0x08, 0x63, 0x08, 0x63, 0x08, 0x63, 0x08, 0x63, 0x08, 0x63, 0x08, 0x63, 0x08,
  0x63, 0x08, 0x63, 0x08, 0x63, 0x08, 0x63, 0x08, 0x63, 0x08, 0x63, 0x08, 0x63, 0x08, 0x63, 0x08,
  0x63, 0x08, 0x63, 0x08, 0x63, 0x08, 0x63, 0x08, 0x63, 0x08, 0x63, 0x08, 0x63, 0x08, 0x63, 0x08,
  0x63, 0x08, 0x63, 0x08, 0x63, 0x08, 0x63, 0x08, 0x63, 0x08, 0x63, 0x08, 0x63, 0x08, 0x63, 0x08,
  0x63, 0x08, 0x63, 0x08, 0x63, 0x08, 0x63, 0x08, 0x63, 0x08, 0x63, 0x08, 0x63, 0x08, 0x63, 0x08,
  0x63, 0x08, 0x63, 0x08, 0x63, 0x08, 0x63, 0x08, 0x63, 0x08, 0x63, 0x08, 0x63, 0x08, 0x63, 0x08,
  0x63, 0x08, 0x63, 0x08, 0x63, 0x08, 0x63, 0x08, 0x63, 0x08, 0x63, 0x08, 0x63, 0x08, 0x63, 0x08,
  0x63, 0x08, 0x63, 0x08, 0x63, 0x08, 0x63, 0x08, 0x63, 0x08, 0x63, 0x08, 0x63, 0x08, 0x63, 0x08,
  0x63, 0x08, 0x63, 0x08, 0x63, 0x08, 0x63, 0x08, 0x63, 0x08, 0x63, 0x08, 0x63, 0x08, 0x63, 0x08,
  0x63, 0x08, 0x63, 0x08, 0x63, 0x08, 0x63, 0x08, 0x63, 0x08, 0x63, 0x08, 0x63, 0x08, 0x63, 0x08,
  0x63, 0x08, 0x63, 0x08, 0x63, 0x08, 0x63, 0x08, 0x63, 0x08, 0x63, 0x08, 0x63, 0x08, 0x63, 0x08,
  0x63, 0x08, 0x63, 0x08, 0x63, 0x08, 0x63, 0x08, 0x63, 0x08, 0x63, 0x08, 0x63, 0x08, 0x63, 0x08,
  0x63, 0x08, 0x63, 0x08, 0x63, 0x08, 0x63, 0x08, 0x63, 0x08, 0x63, 0x08, 0x63, 0x08, 0x63, 0x08,
  0x63, 0x08, 0x63, 0x08, 0x63, 0x08, 0x63, 0x08, 0x63, 0x08, 0x63, 0x08, 0x63, 0x08, 0x63, 0x08,
  0x63, 0x08, 0x63, 0x08, 0x63, 0x08, 0x63, 0x08, 0x63, 0x08, 0x63, 0x08, 0x63, 0x08, 0x63, 0x08,
  0x63, 0x08, 0x63, 0x08, 0x63, 0x08, 0x63, 0x08, 0x63, 0x08, 0x63, 0x08, 0x63, 0x08, 0x63, 0x08,
  0x63, 0x08, 0x63, 0x08, 0x63, 0x08, 0x63, 0x08, 0x63, 0x08, 0x63, 0x08, 0x63, 0x08, 0x63, 0x08,
  0x63, 0x08, 0x63, 0x08, 0x63, 0x08, 0x63, 0x08, 0x63, 0x08, 0x63, 0x08, 0x63, 0x08, 0x63, 0x08,
  0x63, 0x08, 0x63, 0x08, 0x63, 0x08, 0x63, 0x08, 0x63, 0x08, 0x63, 0x08, 0x63, 0x08, 0x63, 0x08,
  0x63, 0x08, 0x63, 0x08, 0x63, 0x08, 0x63, 0x08, 0x63, 0x08, 0x63, 0x08, 0x63, 0x08, 0x63, 0x08,
  0x63, 0x08, 0x63, 0x08, 0x63, 0x08, 0x63, 0x08, 0x63, 0x08, 0x63, 0x08, 0x63, 0x08, 0x63, 0x08,
  0x63, 0x08, 0x63, 0x08, 0x63, 0x08, 0x63, 0x08, 0x63, 0x08, 0x63, 0x08, 0x63, 0x08, 0x63, 0x08,
  0x63, 0x08, 0x63, 0x08, 0x63, 0x08, 0x63, 0x08, 0x63, 0x08, 0x63, 0x08, 0x63, 0x08, 0x63, 0x08,
  0x63, 0x08, 0x63, 0x08, 0x63, 0x08, 0x63, 0x08, 0x63, 0x08, 0x63, 0x08, 0x63, 0x08, 0x63, 0x08,
  0x63, 0x08, 0x63, 0x08, 0x63, 0x08, 0x63, 0x08, 0x63, 0x08, 0x63, 0x08, 0x63, 0x08, 0x63, 0x08,
  0x63, 0x08, 0x63, 0x08, 0x63, 0x08, 0x63, 0x08, 0x63, 0x08, 0x63, 0x08, 0x63, 0x08, 0x63, 0x08,
  0x63, 0x08, 0x63, 0x08, 0x63, 0x08, 0x63, 0x08, 0x63, 0x08, 0x63, 0x08, 0x63, 0x08, 0x63, 0x08,
  0x63, 0x08, 0x63, 0x08, 0x63, 0x08, 0x63, 0x08, 0x63, 0x08, 0x63, 0x08, 0x63, 0x08, 0x63, 0x08,
  0x63, 0x08, 0x63, 0x08, 0x63, 0x08, 0x63, 0x08, 0x63, 0x08, 0x63, 0x08, 0x63, 0x08, 0x63, 0x08,
  0x63, 0x08, 0x63, 0x08, 0x63, 0x08, 0x63, 0x08, 0x63, 0x08, 0x63, 0x08, 0x63, 0x08, 0x63, 0x08,
  0x63, 0x08, 0x63, 0x08, 0x63, 0x08, 0x63, 0x08, 0x63, 0x08, 0x63, 0x08, 0x63, 0x08, 0x63, 0x08,
  0x63, 0x08, 0x63, 0x08, 0x63, 0x08, 0x63, 0x08, 0x63, 0x08, 0x63, 0x08, 0x63, 0x08, 0x63, 0x08,
  0x63, 0x08, 0x63, 0x08, 0x63, 0x08, 0x63, 0x08, 0x63, 0x08, 0x63, 0x08, 0x63, 0x08, 0x63, 0x08,
  0x63, 0x08, 0x63, 0x08, 0x63, 0x08, 0x63, 0x08, 0x63, 0x08, 0x63, 0x08, 0x63, 0x08, 0x63, 0x08,
  0x63, 0x08, 0x63, 0x08, 0x63, 0x08, 0x63, 0x08, 0x63, 0x08, 0x63, 0x08, 0x63, 0x08, 0x63, 0x08,
  0x63, 0x08, 0x63, 0x08, 0x63, 0x08, 0x63, 0x08, 0x63, 0x08, 0x63, 0x08, 0x63, 0x08, 0x63, 0x08,
  0x63, 0x08, 0x63, 0x08, 0x63, 0x08, 0x63, 0x08, 0x63, 0x08, 0x63, 0x08, 0x63, 0x08, 0x63, 0x08,
  0x63, 0x08, 0x63, 0x08, 0x63, 0x08, 0x63, 0x08, 0x63, 0x08, 0x63, 0x08, 0x63, 0x08, 0x63, 0x08,
  0x63, 0x08, 0x63, 0x08, 0x63, 0x08, 0x63, 0x08, 0x63, 0x08, 0x63, 0x08, 0x63, 0x08, 0x63, 0x08,
  0x63, 0x08, 0x63, 0x08, 0x63, 0x08, 0x63, 0x08, 0x63, 0x08, 0x63, 0x08, 0x63, 0x08, 0x63, 0x08,
  0x63, 0x08, 0x63, 0x08, 0x63, 0x08, 0x63, 0x08, 0x63, 0x08, 0x63, 0x08, 0x63, 0x08, 0x63, 0x08,
  0x63, 0x08, 0x63, 0x08, 0x63, 0x08, 0x63, 0x08, 0x63, 0x08, 0x63, 0x08, 0x63, 0x08, 0x63, 0x08,
  0x63, 0x08, 0x63, 0x08, 0x63, 0x08, 0x63, 0x08, 0x63, 0x08, 0x63, 0x08, 0x63, 0x08, 0x63, 0x08,
  0x63, 0x08, 0x63, 0x08, 0x63, 0x08, 0x63, 0x08, 0x63, 0x08, 0x63, 0x08, 0x63, 0x08, 0x63, 0x08,
  0x63, 0x08, 0x63, 0x08, 0x63, 0x08, 0x63, 0x08, 0x63, 0x08, 0x63, 0x08, 0x63, 0x08, 0x63, 0x08,
  0x63, 0x08, 0x63, 0x08, 0x63, 0x08, 0x63, 0x08, 0x63, 0x08, 0x63, 0x08, 0x63, 0x08, 0x63, 0x08,
  0x63, 0x08, 0x63, 0x08, 0x63, 0x08, 0x63, 0x08, 0x63, 0x08, 0x63, 0x08, 0x63, 0x08, 0x63, 0x08,
  0x63, 0x08, 0x63, 0x08, 0x63, 0x08, 0x63, 0x08, 0x63, 0x08, 0x63, 0x08, 0x63, 0x08, 0x63, 0x08,
  0x63, 0x08, 0x63, 0x08, 0x63, 0x08, 0x63, 0x08, 0x63, 0x08, 0x63, 0x08, 0x63, 0x08, 0x63, 0x08,
  0x63, 0x08, 0x63, 0x08, 0x63, 0x08, 0x63, 0x08, 0x63, 0x08, 0x63, 0x08, 0x63, 0x08, 0x63, 0x08,
  0x63, 0x08, 0x63, 0x08, 0x63, 0x08, 0x63, 0x08, 0x63, 0x08, 0x63, 0x08, 0x63, 0x08, 0x63, 0x08,
  0x63, 0x08, 0x63, 0x08, 0x63, 0x08, 0x63, 0x08, 0x63, 0x08, 0x63, 0x08, 0x63, 0x08, 0x63, 0x08,
  0x63, 0x08, 0x63, 0x08, 0x63, 0x08, 0x63, 0x08, 0x63, 0x08, 0x63, 0x08, 0x63, 0x08, 0x63, 0x08,
  0x63, 0x08, 0x63, 0x08, 0x63, 0x08, 0x63, 0x08, 0x63, 0x08, 0x63, 0x08, 0x63, 0x08, 0x63, 0x08,
  0x63, 0x08, 0x63, 0x08, 0x63, 0x08, 0x63, 0x08, 0x63, 0x08, 0x63, 0x08, 0x63, 0x08, 0x63, 0x08,
  0x63, 0x08, 0x63, 0x08, 0x63, 0x08, 0x63, 0x08, 0x63, 0x08, 0x63, 0x08, 0x63, 0x08, 0x63, 0x08,
  0x63, 0x08, 0x63, 0x08, 0x63, 0x08, 0x63, 0x08, 0x63, 0x08, 0x63, 0x08, 0x63, 0x08, 0x63, 0x08,
  0x63, 0x08, 0x63, 0x08, 0x63, 0x08, 0x63, 0x08, 0x63, 0x08, 0x63, 0x08, 0x63, 0x08, 0x63, 0x08,
  0x63, 0x08, 0x63, 0x08, 0x63, 0x08, 0x63, 0x08, 0x63, 0x08, 0x63, 0x08, 0x63, 0x08, 0x63, 0x08,
  0x63, 0x08, 0x63, 0x08, 0x63, 0x08, 0x63, 0x08, 0x63, 0x08, 0x63, 0x08, 0x63, 0x08, 0x63, 0x08,
  0x63, 0x08, 0x63, 0x08, 0x63, 0x08, 0x63, 0x08, 0x63, 0x08, 0x63, 0x08, 0x63, 0x08, 0x63, 0x08,
  0x63, 0x08, 0x63, 0x08, 0x63, 0x08, 0x63, 0x08, 0x63, 0x08, 0x63, 0x08, 0x63, 0x08, 0x63, 0x08,
  0x63, 0x08, 0x63, 0x08, 0x63, 0x08, 0x63, 0x08, 0x63, 0x08, 0x63, 0x08, 0x63, 0x08, 0x63, 0x08,
  0x63, 0x08, 0x63, 0x08, 0x63, 0x08, 0x63, 0x08, 0x63, 0x08, 0x63, 0x08, 0x63, 0x08, 0x63, 0x08,
  0x63, 0x08, 0x63, 0x08, 0x63, 0x08, 0x63, 0x08, 0x63, 0x08, 0x63, 0x08, 0x63, 0x08, 0x63, 0x08,
  0x63, 0x08, 0x63, 0x08, 0x63, 0x08, 0x63, 0x08, 0x63, 0x08, 0x63, 0x08, 0x63, 0x08, 0x63, 0x08,
  0x63, 0x08, 0x63, 0x08, 0x63, 0x08, 0x63, 0x08, 0x63, 0x08, 0x63, 0x08, 0x63, 0x08, 0x63, 0x08,
  0x63, 0x08, 0x63, 0x08, 0x63, 0x08, 0x63, 0x08, 0x63, 0x08, 0x63, 0x08, 0x63, 0x08, 0x63, 0x08,
  0x63, 0x08, 0x63, 0x08, 0x63, 0x08, 0x63, 0x08, 0x63, 0x08, 0x63, 0x08, 0x63, 0x08, 0x63, 0x08,
  0x63, 0x08, 0x63, 0x08, 0x63, 0x08, 0x63, 0x08, 0x63, 0x08, 0x63, 0x08, 0x63, 0x08, 0x63, 0x08,
  0x63, 0x08, 0x63, 0x08, 0x63, 0x08, 0x63, 0x08, 0x63, 0x08, 0x63, 0x08, 0x63, 0x08, 0x63, 0x08,
  0x63, 0x08, 0x63, 0x08, 0x63, 0x08, 0x63, 0x08, 0x63, 0x08, 0x63, 0x08, 0x63, 0x08, 0x63, 0x08,
  0x63, 0x08, 0x63, 0x08, 0x63, 0x08, 0x63, 0x08, 0x63, 0x08, 0x63, 0x08, 0x63, 0x08, 0x63, 0x08,
  0x63, 0x08, 0x63, 0x08, 0x63, 0x08, 0x63, 0x08, 0x63, 0x08, 0x63, 0x08, 0x63, 0x08, 0x63, 0x08,
  0x63, 0x08, 0x63, 0x08, 0x63, 0x08, 0x63, 0x08, 0x63, 0x08, 0x63, 0x08, 0x63, 0x08, 0x63, 0x08,
  0x63, 0x08, 0x63, 0x08, 0x63, 0x08, 0x63, 0x08, 0x63, 0x08, 0x63, 0x08, 0x63, 0x08, 0x63, 0x08,
  0x63, 0x08, 0x63, 0x08, 0x63, 0x08, 0x63, 0x08, 0x63, 0x08, 0x63, 0x08, 0x63, 0x08, 0x63, 0x08,
  0x63, 0x08, 0x63, 0x08, 0x63, 0x08, 0x63, 0x08, 0x63, 0x08, 0x63, 0x08, 0x63, 0x08, 0x63, 0x08,
  0x63, 0x08, 0x63, 0x08, 0x63, 0x08, 0x63, 0x08, 0x63, 0x08, 0x63, 0x08, 0x63, 0x08, 0x63, 0x08,
  0x63, 0x08, 0x63, 0x08, 0x63, 0x08, 0x63, 0x08, 0x63, 0x08, 0x63, 0x08, 0x63, 0x08, 0x63, 0x08,
  0x63, 0x08, 0x63, 0x08, 0x63, 0x08, 0x63, 0x08, 0x63, 0x08, 0x63, 0x08, 0x63, 0x08, 0x63, 0x08,
  0x63, 0x08, 0x63, 0x08, 0x63, 0x08, 0x63, 0x08, 0x63, 0x08, 0x63, 0x08, 0x63, 0x08, 0x63, 0x08,
  0x63, 0x08, 0x63, 0x08, 0x63, 0x08, 0x63, 0x08, 0x63, 0x08, 0x63, 0x08, 0x63, 0x08, 0x63, 0x08,
  0x63, 0x08, 0x63, 0x08, 0x63, 0x08, 0x63, 0x08, 0x63, 0x08, 0x63, 0x08, 0x63, 0x08, 0x63, 0x08,
  0x63, 0x08, 0x63, 0x08, 0x63, 0x08, 0x63, 0x08, 0x63, 0x08, 0x63, 0x08, 0x63, 0x08, 0x63, 0x08,
  0x63, 0x08, 0x63, 0x08, 0x63, 0x08, 0x63, 0x08, 0x63, 0x08, 0x63, 0x08, 0x63, 0x08, 0x63, 0x08,
  0x63, 0x08, 0x63, 0x08, 0x63, 0x08, 0x63, 0x08, 0x63, 0x08, 0x63, 0x08, 0x63, 0x08, 0x63, 0x08,
  0x63, 0x08, 0x63, 0x08, 0x63, 0x08, 0x63, 0x08, 0x63, 0x08, 0x63, 0x08, 0x63, 0x08, 0x63, 0x08,
  0x63, 0x08, 0x63, 0x08, 0x63, 0x08, 0x63, 0x08, 0x63, 0x08, 0x63, 0x08, 0x63, 0x08, 0x63, 0x08,
  0x63, 0x08, 0x63, 0x08, 0x63, 0x08, 0x63, 0x08, 0x63, 0x08, 0x63, 0x08, 0x63, 0x08, 0x63, 0x08,
  0x63, 0x08, 0x63, 0x08, 0x63, 0x08, 0x63, 0x08, 0x63, 0x08, 0x63, 0x08, 0x63, 0x08, 0x63, 0x08,
  0x63, 0x08, 0x63, 0x08, 0x63, 0x08, 0x63, 0x08, 0x63, 0x08, 0x63, 0x08, 0x63, 0x08, 0x63, 0x08,
  0x63, 0x08, 0x63, 0x08, 0x63, 0x08, 0x63, 0x08, 0x63, 0x08, 0x63, 0x08, 0x63, 0x08, 0x63, 0x08,
  0x63, 0x08, 0x63, 0x08, 0x63, 0x08, 0x63, 0x08, 0x63, 0x08, 0x63, 0x08, 0x63, 0x08, 0x63, 0x08,
  0x63, 0x08, 0x63, 0x08, 0x63, 0x08, 0x63, 0x08, 0x63, 0x08, 0x63, 0x08, 0x63, 0x08, 0x63, 0x08,
  0x63, 0x08, 0x63, 0x08, 0x63, 0x08, 0x63, 0x08, 0x63, 0x08, 0x63, 0x08, 0x63, 0x08, 0x63, 0x08,
  0x63, 0x08, 0x63, 0x08, 0x63, 0x08, 0x63, 0x08, 0x63, 0x08, 0x63, 0x08, 0x63, 0x08, 0x63, 0x08,
  0x63, 0x08, 0x63, 0x08, 0x63, 0x08, 0x63, 0x08, 0x63, 0x08, 0x63, 0x08, 0x63, 0x08, 0x63, 0x08,
  0x63, 0x08, 0x63, 0x08, 0x63, 0x08, 0x63, 0x08, 0x63, 0x08, 0x63, 0x08, 0x63, 0x08, 0x63, 0x08,
  0x63, 0x08, 0x63, 0x08, 0x63, 0x08, 0x63, 0x08, 0x63, 0x08, 0x63, 0x08, 0x63, 0x08, 0x63, 0x08,
  0x63, 0x08, 0x63, 0x08, 0x63, 0x08, 0x63, 0x08, 0x63, 0x08, 0x63, 0x08, 0x63, 0x08, 0x63, 0x08,
  0x63, 0x08, 0x63, 0x08, 0x63, 0x08, 0x63, 0x08, 0x63, 0x08, 0x63, 0x08, 0x63, 0x08, 0x63, 0x08,
  0x63, 0x08, 0x63, 0x08, 0x63, 0x08, 0x63, 0x08, 0x63, 0x08, 0x63, 0x08, 0x63, 0x08, 0x63, 0x08,
  0x63, 0x08, 0x63, 0x08, 0x63, 0x08, 0x63, 0x08, 0x63, 0x08, 0x63, 0x08, 0x63, 0x08, 0x63, 0x08,
  0x63, 0x08, 0x63, 0x08, 0x63, 0x08, 0x63, 0x08, 0x63, 0x08, 0x63, 0x08, 0x63, 0x08, 0x63, 0x08,
  0x63, 0x08, 0x63, 0x08, 0x63, 0x08, 0x63, 0x08, 0x63, 0x08, 0x63, 0x08, 0x63, 0x08, 0x63, 0x08,
  0x63, 0x08, 0x63, 0x08, 0x63, 0x08, 0x63, 0x08, 0x63, 0x08, 0x63, 0x08, 0x63, 0x08, 0x63, 0x08,
  0x63, 0x08, 0x63, 0x08, 0x63, 0x08, 0x63, 0x08, 0x63, 0x08, 0x63, 0x08, 0x63, 0x08, 0x63, 0x08,
  0x63, 0x08, 0x63, 0x08, 0x63, 0x08, 0x63, 0x08, 0x63, 0x08, 0x63, 0x08, 0x63, 0x08, 0x63, 0x08,
  0x63, 0x08, 0x63, 0x08, 0x63, 0x08, 0x63, 0x08, 0x63, 0x08, 0x63, 0x08, 0x63, 0x08, 0x63, 0x08,
  0x63, 0x08, 0x63, 0x08, 0x63, 0x08, 0x63, 0x08, 0x63, 0x08, 0x63, 0x08, 0x63, 0x08, 0x63, 0x08,
  0x63, 0x08, 0x63, 0x08, 0x63, 0x08, 0x63, 0x08, 0x63, 0x08, 0x63, 0x08, 0x63, 0x08, 0x63, 0x08,
  0x63, 0x08, 0x63, 0x08, 0x63, 0x08, 0x63, 0x08, 0x63, 0x08, 0x63, 0x08, 0x63, 0x08, 0x63, 0x08,
  0x63, 0x08, 0x63, 0x08, 0x63, 0x08, 0x63, 0x08, 0x63, 0x08, 0x63, 0x08, 0x63, 0x08, 0x63, 0x08,
  0x63, 0x08, 0x63, 0x08, 0x63, 0x08, 0x63, 0x08, 0x63, 0x08, 0x63, 0x08, 0x63, 0x08, 0x63, 0x08,
  0x63, 0x08, 0x63, 0x08, 0x63, 0x08, 0x63, 0x08, 0x63, 0x08, 0x63, 0x08, 0x63, 0x08, 0x63, 0x08,
  0x63, 0x08, 0x63, 0x08, 0x63, 0x08, 0x63, 0x08, 0x63, 0x08, 0x63, 0x08, 0x63, 0x08, 0x63, 0x08,
  0x63, 0x08, 0x63, 0x08, 0x63, 0x08, 0x63, 0x08, 0x63, 0x08, 0x63, 0x08, 0x63, 0x08, 0x63, 0x08,
  0x63, 0x08, 0x63, 0x08, 0x63, 0x08, 0x63, 0x08, 0x63, 0x08, 0x63, 0x08, 0x63, 0x08, 0x63, 0x08,
  0x63, 0x08, 0x63, 0x08, 0x63, 0x08, 0x63, 0x08, 0x63, 0x08, 0x63, 0x08, 0x63, 0x08, 0x63, 0x08,
  0x63, 0x08, 0x63, 0x08, 0x63, 0x08, 0x63, 0x08, 0x63, 0x08, 0x63, 0x08, 0x63, 0x08, 0x63, 0x08,
  0x63, 0x08, 0x63, 0x08, 0x63, 0x08, 0x63, 0x08, 0x63, 0x08, 0x63, 0x08, 0x63, 0x08, 0x63, 0x08,
  0x63, 0x08, 0x63, 0x08, 0x63, 0x08, 0x63, 0x08, 0x63, 0x08, 0x63, 0x08, 0x63, 0x08, 0x63, 0x08,
  0x63, 0x08, 0x63, 0x08, 0x63, 0x08, 0x63, 0x08, 0x63, 0x08, 0x63, 0x08, 0x63, 0x08, 0x63, 0x08,
  0x63, 0x08, 0x63, 0x08, 0x63, 0x08, 0x63, 0x08, 0x63, 0x08, 0x63, 0x08, 0x63, 0x08, 0x63, 0x08,
  0x63, 0x08, 0x63, 0x08, 0x63, 0x08, 0x63, 0x08, 0x63, 0x08, 0x63, 0x08, 0x63, 0x08, 0x63, 0x08,
  0x63, 0x08, 0x63, 0x08, 0x63, 0x08, 0x63, 0x08, 0x63, 0x08, 0x63, 0x08, 0x63, 0x08, 0x63, 0x08,
  0x63, 0x08, 0x63, 0x08, 0x63, 0x08, 0x63, 0x08, 0x63, 0x08, 0x63, 0x08, 0x63, 0x08, 0x63, 0x08,
  0x63, 0x08, 0x63, 0x08, 0x63, 0x08, 0x63, 0x08, 0x63, 0x08, 0x63, 0x08, 0x63, 0x08, 0x63, 0x08,
  0x63, 0x08, 0x63, 0x08, 0x63, 0x08, 0x63, 0x08, 0x63, 0x08, 0x63, 0x08, 0x63, 0x08, 0x63, 0x08,
  0x63, 0x08, 0x63, 0x08, 0x63, 0x08, 0x63, 0x08, 0x63, 0x08, 0x63, 0x08, 0x63, 0x08, 0x63, 0x08,
  0x63, 0x08, 0x63, 0x08, 0x63, 0x08, 0x63, 0x08, 0x63, 0x08, 0x63, 0x08, 0x63, 0x08, 0x63, 0x08,
  0x63, 0x08, 0x63, 0x08, 0x63, 0x08, 0x63, 0x08, 0x63, 0x08, 0x63, 0x08, 0x63, 0x08, 0x63, 0x08,
  0x63, 0x08, 0x63, 0x08, 0x63, 0x08, 0x63, 0x08, 0x63, 0x08, 0x63, 0x08, 0x63, 0x08, 0x63, 0x08,
  0x63, 0x08, 0x63, 0x08, 0x63, 0x08, 0x63, 0x08, 0x63, 0x08, 0x63, 0x08, 0x63, 0x08, 0x63, 0x08,
  0x63, 0x08, 0x63, 0x08, 0x63, 0x08, 0x63, 0x08, 0x63, 0x08, 0x63, 0x08, 0x63, 0x08, 0x63, 0x08,
  0x63, 0x08, 0x63, 0x08, 0x63, 0x08, 0x63, 0x08, 0x63, 0x08, 0x63, 0x08, 0x63, 0x08, 0x63, 0x08,
  0x63, 0x08, 0x63, 0x08, 0x63, 0x08, 0x63, 0x08, 0x63, 0x08, 0x63, 0x08, 0x63, 0x08, 0x63, 0x08,
  0x63, 0x08, 0x63, 0x08, 0x63, 0x08, 0x63, 0x08, 0x63, 0x08, 0x63, 0x08, 0x63, 0x08, 0x63, 0x08,
  0x63, 0x08, 0x63, 0x08, 0x63, 0x08, 0x63, 0x08, 0x63, 0x08, 0x63, 0x08, 0x63, 0x08, 0x63, 0x08,
  0x63, 0x08, 0x63, 0x08, 0x63, 0x08, 0x63, 0x08, 0x63, 0x08, 0x63, 0x08, 0x63, 0x08, 0x63, 0x08,
  0x63, 0x08, 0x63, 0x08, 0x63, 0x08, 0x63, 0x08, 0x63, 0x08, 0x63, 0x08, 0x63, 0x08, 0x63, 0x08,
  0x63, 0x08, 0x63, 0x08, 0x63, 0x08, 0x63, 0x08, 0x63, 0x08, 0x63, 0x08, 0x63, 0x08, 0x63, 0x08,
  0x63, 0x08, 0x63, 0x08, 0x63, 0x08, 0x63, 0x08, 0x63, 0x08, 0x63, 0x08, 0x63, 0x08, 0x63, 0x08,
  0x63, 0x08, 0x63, 0x08, 0x63, 0x08, 0x63, 0x08, 0x63, 0x08, 0x63, 0x08, 0x63, 0x08, 0x63, 0x08,
  0x63, 0x08, 0x63, 0x08, 0x63, 0x08, 0x63, 0x08, 0x63, 0x08, 0x63, 0x08, 0x63, 0x08, 0x63, 0x08,
  0x63, 0x08, 0x63, 0x08, 0x63, 0x08, 0x63, 0x08, 0x63, 0x08, 0x63, 0x08, 0x63, 0x08, 0x63, 0x08,
  0x63, 0x08, 0x63, 0x08, 0x63, 0x08, 0x63, 0x08, 0x63, 0x08, 0x63, 0x08, 0x63, 0x08, 0x63, 0x08,
  0x63, 0x08, 0x63, 0x08, 0x63, 0x08, 0x63, 0x08, 0x63, 0x08, 0x63, 0x08, 0x63, 0x08, 0x63, 0x08,
  0x63, 0x08, 0x63, 0x08, 0x63, 0x08, 0x63, 0x08, 0x63, 0x08, 0x63, 0x08, 0x63, 0x08, 0x63, 0x08,
  0x63, 0x08, 0x63, 0x08, 0x63, 0x08, 0x63, 0x08, 0x63, 0x08, 0x63, 0x08, 0x63, 0x08, 0x63, 0x08,
  0x63, 0x08, 0x63, 0x08, 0x63, 0x08, 0x63, 0x08, 0x63, 0x08, 0x63, 0x08, 0x63, 0x08, 0x63, 0x08,
  0x63, 0x08, 0x63, 0x08, 0x63, 0x08, 0x63, 0x08, 0x63, 0x08, 0x63, 0x08, 0x63, 0x08, 0x63, 0x08,
  0x63, 0x08, 0x63, 0x08, 0x63, 0x08, 0x63, 0x08, 0x63, 0x08, 0x63, 0x08, 0x63, 0x08, 0x63, 0x08,
  0x63, 0x08, 0x63, 0x08, 0x63, 0x08, 0x63, 0x08, 0x63, 0x08, 0x63, 0x08, 0x63, 0x08, 0x63, 0x08,
  0x63, 0x08, 0x63, 0x08, 0x63, 0x08, 0x63, 0x08, 0x63, 0x08, 0x63, 0x08, 0x63, 0x08, 0x63, 0x08,
  0x63, 0x08, 0x63, 0x08, 0x63, 0x08, 0x63, 0x08, 0x63, 0x08, 0x63, 0x08, 0x63, 0x08, 0x63, 0x08,
  0x63, 0x08, 0x63, 0x08, 0x63, 0x08, 0x63, 0x08, 0x63, 0x08, 0x63, 0x08, 0x63, 0x08, 0x63, 0x08,
  0x63, 0x08, 0x63, 0x08, 0x63, 0x08, 0x63, 0x08, 0x63, 0x08, 0x63, 0x08, 0x63, 0x08, 0x63, 0x08,
  0x63, 0x08, 0x63, 0x08, 0x63, 0x08, 0x63, 0x08, 0x63, 0x08, 0x63, 0x08, 0x63, 0x08, 0x63, 0x08,
  0x63, 0x08, 0x63, 0x08, 0x63, 0x08, 0x63, 0x08, 0x63, 0x08, 0x63, 0x08, 0x63, 0x08, 0x63, 0x08,
  0x63, 0x08, 0x63, 0x08, 0x63, 0x08, 0x63, 0x08, 0x63, 0x08, 0x63, 0x08, 0x63, 0x08, 0x63, 0x08,
  0x63, 0x08, 0x63, 0x08, 0x63, 0x08, 0x63, 0x08, 0x63, 0x08, 0x63, 0x08, 0x63, 0x08, 0x63, 0x08,
  0x63, 0x08, 0x63, 0x08, 0x63, 0x08, 0x63, 0x08, 0x63, 0x08, 0x63, 0x08, 0x63, 0x08, 0x63, 0x08,
  0x63, 0x08, 0x63, 0x08, 0x63, 0x08, 0x63, 0x08, 0x63, 0x08, 0x63, 0x08, 0x63, 0x08, 0x63, 0x08,
  0x63, 0x08, 0x63, 0x08, 0x63, 0x08, 0x63, 0x08, 0x63, 0x08, 0x63, 0x08, 0x63, 0x08, 0x63, 0x08,
  0x63, 0x08, 0x63, 0x08, 0x63, 0x08, 0x63, 0x08, 0x63, 0x08, 0x63, 0x08, 0x63, 0x08, 0x63, 0x08,
  0x63, 0x08, 0x63, 0x08, 0x63, 0x08, 0x63, 0x08, 0x63, 0x08, 0x63, 0x08, 0x63, 0x08, 0x63, 0x08,
  0x63, 0x08, 0x63, 0x08, 0x63, 0x08, 0x63, 0x08, 0x63, 0x08, 0x63, 0x08, 0x63, 0x08, 0x63, 0x08,
  0x63, 0x08, 0x63, 0x08, 0x63, 0x08, 0x63, 0x08, 0x63, 0x08, 0x63, 0x08, 0x63, 0x08, 0x63, 0x08,
  0x63, 0x08, 0x63, 0x08, 0x63, 0x08, 0x63, 0x08, 0x63, 0x08, 0x63, 0x08, 0x63, 0x08, 0x63, 0x08,
  0x63, 0x08, 0x63, 0x08, 0x63, 0x08, 0x63, 0x08, 0x63, 0x08, 0x63, 0x08, 0x63, 0x08, 0x63, 0x08,
  0x63, 0x08, 0x63, 0x08, 0x63, 0x08, 0x63, 0x08, 0x63, 0x08, 0x63, 0x08, 0x63, 0x08, 0x63, 0x08,
  0x63, 0x08, 0x63, 0x08, 0x63, 0x08, 0x63, 0x08, 0x63, 0x08, 0x63, 0x08, 0x63, 0x08, 0x63, 0x08,
  0x63, 0x08, 0x63, 0x08, 0x63, 0x08, 0x63, 0x08, 0x63, 0x08, 0x63, 0x08, 0x63, 0x08, 0x63, 0x08,
  0x63, 0x08, 0x63, 0x08, 0x63, 0x08, 0x63, 0x08, 0x63, 0x08, 0x63, 0x08, 0x63, 0x08, 0x63, 0x08,
  0x63, 0x08, 0x63, 0x08, 0x63, 0x08, 0x63, 0x08, 0x63, 0x08, 0x63, 0x08, 0x63, 0x08, 0x63, 0x08,
  0x63, 0x08, 0x63, 0x08, 0x63, 0x08, 0x63, 0x08, 0x63, 0x08, 0x63, 0x08, 0x63, 0x08, 0x63, 0x08,
  0x63, 0x08, 0x63, 0x08, 0x63, 0x08, 0x63, 0x08, 0x63, 0x08, 0x63, 0x08, 0x63, 0x08, 0x63, 0x08,
  0x63, 0x08, 0x63, 0x08, 0x63, 0x08, 0x63, 0x08, 0x63, 0x08, 0x63, 0x08, 0x63, 0x08, 0x63, 0x08,
  0x63, 0x08, 0x63, 0x08, 0x63, 0x08, 0x63, 0x08, 0x63, 0x08, 0x63, 0x08, 0x63, 0x08, 0x63, 0x08,
  0x63, 0x08, 0x63, 0x08, 0x63, 0x08, 0x63, 0x08, 0x63, 0x08, 0x63, 0x08, 0x63, 0x08, 0x63, 0x08,
  0x63, 0x08, 0x63, 0x08, 0x63, 0x08, 0x63, 0x08, 0x63, 0x08, 0x63, 0x08, 0x63, 0x08, 0x63, 0x08,
  0x63, 0x08, 0x63, 0x08, 0x63, 0x08, 0x63, 0x08, 0x63, 0x08, 0x63, 0x08, 0x63, 0x08, 0x63, 0x08,
  0x63, 0x08, 0x63, 0x08, 0x63, 0x08, 0x63, 0x08, 0x63, 0x08, 0x63, 0x08, 0x63, 0x08, 0x63, 0x08,
  0x63, 0x08, 0x63, 0x08, 0x63, 0x08, 0x63, 0x08, 0x63, 0x08, 0x63, 0x08, 0x63, 0x08, 0x63, 0x08,
  0x63, 0x08, 0x63, 0x08, 0x63, 0x08, 0x63, 0x08, 0x63, 0x08, 0x63, 0x08, 0x63, 0x08, 0x63, 0x08,
  0x63, 0x08, 0x63, 0x08, 0x63, 0x08, 0x63, 0x08, 0x63, 0x08, 0x63, 0x08, 0x63, 0x08, 0x63, 0x08,
  0x63, 0x08, 0x63, 0x08, 0x63, 0x08, 0x63, 0x08, 0x63, 0x08, 0x63, 0x08, 0x63, 0x08, 0x63, 0x08,
  0x63, 0x08, 0x63, 0x08, 0x63, 0x08, 0x63, 0x08, 0x63, 0x08, 0x63, 0x08, 0x63, 0x08, 0x63, 0x08,
  0x63, 0x08, 0x63, 0x08, 0x63, 0x08, 0x63, 0x08, 0x63, 0x08, 0x63, 0x08, 0x63, 0x08, 0x63, 0x08,
  0x63, 0x08, 0x63, 0x08, 0x63, 0x08, 0x63, 0x08, 0x63, 0x08, 0x63, 0x08, 0x63, 0x08, 0x63, 0x08,
  0x63, 0x08, 0x63, 0x08, 0x63, 0x08, 0x63, 0x08, 0x63, 0x08, 0x63, 0x08, 0x63, 0x08, 0x63, 0x08,
  0x63, 0x08, 0x63, 0x08, 0x63, 0x08, 0x63, 0x08, 0x63, 0x08, 0x63, 0x08, 0x63, 0x08, 0x63, 0x08,
  0x63, 0x08, 0x63, 0x08, 0x63, 0x08, 0x63, 0x08, 0x63, 0x08, 0x63, 0x08, 0x63, 0x08, 0x63, 0x08,
  0x63, 0x08, 0x63, 0x08, 0x63, 0x08, 0x63, 0x08, 0x63, 0x08, 0x63, 0x08, 0x63, 0x08, 0x63, 0x08,
  0x63, 0x08, 0x63, 0x08, 0x63, 0x08, 0x63, 0x08, 0x63, 0x08, 0x63, 0x08, 0x63, 0x08, 0x63, 0x08,
  0x63, 0x08, 0x63, 0x08, 0x63, 0x08, 0x63, 0x08, 0x63, 0x08, 0x63, 0x08, 0x63, 0x08, 0x63, 0x08,
  0x63, 0x08, 0x63, 0x08, 0x63, 0x08, 0x63, 0x08, 0x63, 0x08, 0x63, 0x08, 0x63, 0x08, 0x63, 0x08,
  0x63, 0x08, 0x63, 0x08, 0x63, 0x08, 0x63, 0x08, 0x63, 0x08, 0x63, 0x08, 0x63, 0x08, 0x63, 0x08,
  0x63, 0x08, 0x63, 0x08, 0x63, 0x08, 0x63, 0x08, 0x63, 0x08, 0x63, 0x08, 0x63, 0x08, 0x63, 0x08,
  0x63, 0x08, 0x63, 0x08, 0x63, 0x08, 0x63, 0x08, 0x63, 0x08, 0x63, 0x08, 0x63, 0x08, 0x63, 0x08,
  0x63, 0x08, 0x63, 0x08, 0x63, 0x08, 0x63, 0x08, 0x63, 0x08, 0x63, 0x08, 0x63, 0x08, 0x63, 0x08,
  0x63, 0x08, 0x63, 0x08, 0x63, 0x08, 0x63, 0x08, 0x63, 0x08, 0x63, 0x08, 0x63, 0x08, 0x63, 0x08,
  0x63, 0x08, 0x63, 0x08, 0x63, 0x08, 0x63, 0x08, 0x63, 0x08, 0x63, 0x08, 0x63, 0x08, 0x63, 0x08,
  0x63, 0x08, 0x63, 0x08, 0x63, 0x08, 0x63, 0x08, 0x63, 0x08, 0x63, 0x08, 0x63, 0x08, 0x63, 0x08,
  0x63, 0x08, 0x63, 0x08, 0x63, 0x08, 0x63, 0x08, 0x63, 0x08, 0x63, 0x08, 0x63, 0x08, 0x63, 0x08,
  0x63, 0x08, 0x63, 0x08, 0x63, 0x08, 0x63, 0x08, 0x63, 0x08, 0x63, 0x08, 0x63, 0x08, 0x63, 0x08,
  0x63, 0x08, 0x63, 0x08, 0x63, 0x08, 0x63, 0x08, 0x63, 0x08, 0x63, 0x08, 0x63, 0x08, 0x63, 0x08,
  0x63, 0x08, 0x63, 0x08, 0x63, 0x08, 0x63, 0x08, 0x63, 0x08, 0x63, 0x08, 0x63, 0x08, 0x63, 0x08,
  0x63, 0x08, 0x63, 0x08, 0x63, 0x08, 0x63, 0x08, 0x63, 0x08, 0x63, 0x08, 0x63, 0x08, 0x63, 0x08,
  0x63, 0x08, 0x63, 0x08, 0x63, 0x08, 0x63, 0x08, 0x63, 0x08, 0x63, 0x08, 0x63, 0x08, 0x63, 0x08,
  0x63, 0x08, 0x63, 0x08, 0x63, 0x08, 0x63, 0x08, 0x63, 0x08, 0x63, 0x08, 0x63, 0x08, 0x63, 0x08,
  0x63, 0x08, 0x63, 0x08, 0x63, 0x08, 0x63, 0x08, 0x63, 0x08, 0x63, 0x08, 0x63, 0x08, 0x63, 0x08,
  0x63, 0x08, 0x63, 0x08, 0x63, 0x08, 0x63, 0x08, 0x63, 0x08, 0x63, 0x08, 0x63, 0x08, 0x63, 0x08,
  0x63, 0x08, 0x63, 0x08, 0x63, 0x08, 0x63, 0x08, 0x63, 0x08, 0x63, 0x08, 0x63, 0x08, 0x63, 0x08,
  0x63, 0x08, 0x63, 0x08, 0x63, 0x08, 0x63, 0x08, 0x63, 0x08, 0x63, 0x08, 0x63, 0x08, 0x63, 0x08,
  0x63, 0x08, 0x63, 0x08, 0x63, 0x08, 0x63, 0x08, 0x63, 0x08, 0x63, 0x08, 0x63, 0x08, 0x63, 0x08,
  0x63, 0x08, 0x63, 0x08, 0x63, 0x08, 0x63, 0x08, 0x63, 0x08, 0x63, 0x08, 0x63, 0x08, 0x63, 0x08,
  0x63, 0x08, 0x63, 0x08, 0x63, 0x08, 0x63, 0x08, 0x63, 0x08, 0x63, 0x08, 0x63, 0x08, 0x63, 0x08,
  0x63, 0x08, 0x63, 0x08, 0x63, 0x08, 0x63, 0x08, 0x63, 0x08, 0x63, 0x08, 0x63, 0x08, 0x63, 0x08,
  0x63, 0x08, 0x63, 0x08, 0x63, 0x08, 0x63, 0x08, 0x63, 0x08, 0x63, 0x08, 0x63, 0x08, 0x63, 0x08,
  0x63, 0x08, 0x63, 0x08, 0x63, 0x08, 0x63, 0x08, 0x63, 0x08, 0x63, 0x08, 0x63, 0x08, 0x63, 0x08,
  0x63, 0x08, 0x63, 0x08, 0x63, 0x08, 0x63, 0x08, 0x63, 0x08, 0x63, 0x08, 0x63, 0x08, 0x63, 0x08,
  0x63, 0x08, 0x63, 0x08, 0x63, 0x08, 0x63, 0x08, 0x63, 0x08, 0x63, 0x08, 0x63, 0x08, 0x63, 0x08,
  0x63, 0x08, 0x63, 0x08, 0x63, 0x08, 0x63, 0x08, 0x63, 0x08, 0x63, 0x08, 0x63, 0x08, 0x63, 0x08,
  0x63, 0x08, 0x63, 0x08, 0x63, 0x08, 0x63, 0x08, 0x63, 0x08, 0x63, 0x08, 0x63, 0x08, 0x63, 0x08,
  0x63, 0x08, 0x63, 0x08, 0x63, 0x08, 0x63, 0x08, 0x63, 0x08, 0x63, 0x08, 0x63, 0x08, 0x63, 0x08,
  0x63, 0x08, 0x63, 0x08, 0x63, 0x08, 0x63, 0x08, 0x63, 0x08, 0x63, 0x08, 0x63, 0x08, 0x63, 0x08,
  0x63, 0x08, 0x63, 0x08, 0x63, 0x08, 0x63, 0x08, 0x63, 0x08, 0x63, 0x08, 0x63, 0x08, 0x63, 0x08,
  0x63, 0x08, 0x63, 0x08, 0x63, 0x08, 0x63, 0x08, 0x63, 0x08, 0x63, 0x08, 0x63, 0x08, 0x63, 0x08,
  0x63, 0x08, 0x63, 0x08, 0x63, 0x08, 0x63, 0x08, 0x63, 0x08, 0x63, 0x08, 0x63, 0x08, 0x63, 0x08,
  0x63, 0x08, 0x63, 0x08, 0x63, 0x08, 0x63, 0x08, 0x63, 0x08, 0x63, 0x08, 0x63, 0x08, 0x63, 0x08,
  0x63, 0x08, 0x63, 0x08, 0x63, 0x08, 0x63, 0x08, 0x63, 0x08, 0x63, 0x08, 0x63, 0x08, 0x63, 0x08,
  0x63, 0x08, 0x63, 0x08, 0x63, 0x08, 0x63, 0x08, 0x63, 0x08, 0x63, 0x08, 0x63, 0x08, 0x63, 0x08,
  0x63, 0x08, 0x63, 0x08, 0x63, 0x08, 0x63, 0x08, 0x63, 0x08, 0x63, 0x08, 0x63, 0x08, 0x63, 0x08,
  0x63, 0x08, 0x63, 0x08, 0x63, 0x08, 0x63, 0x08, 0x63, 0x08, 0x63, 0x08, 0x63, 0x08, 0x63, 0x08,
  0x63, 0x08, 0x63, 0x08, 0x63, 0x08, 0x63, 0x08, 0x63, 0x08, 0x63, 0x08, 0x63, 0x08, 0x63, 0x08,
  0x63, 0x08, 0x63, 0x08, 0x63, 0x08, 0x63, 0x08, 0x63, 0x08, 0x63, 0x08, 0x63, 0x08, 0x63, 0x08,
  0x63, 0x08, 0x63, 0x08, 0x63, 0x08, 0x63, 0x08, 0x63, 0x08, 0x63, 0x08, 0x63, 0x08, 0x63, 0x08,
  0x63, 0x08, 0x63, 0x08, 0x63, 0x08, 0x63, 0x08, 0x63, 0x08, 0x63, 0x08, 0x63, 0x08, 0x63, 0x08,
  0x63, 0x08, 0x63, 0x08, 0x63, 0x08, 0x63, 0x08, 0x63, 0x08, 0x63, 0x08, 0x63, 0x08, 0x63, 0x08,
  0x63, 0x08, 0x63, 0x08, 0x63, 0x08, 0x63, 0x08, 0x63, 0x08, 0x63, 0x08, 0x63, 0x08, 0x63, 0x08,
  0x63, 0x08, 0x63, 0x08, 0x63, 0x08, 0x63, 0x08, 0x63, 0x08, 0x63, 0x08, 0x63, 0x08, 0x63, 0x08,
  0x63, 0x08, 0x63, 0x08, 0x63, 0x08, 0x63, 0x08, 0x63, 0x08, 0x63, 0x08, 0x63, 0x08, 0x63, 0x08,
  0x63, 0x08, 0x63, 0x08, 0x63, 0x08, 0x63, 0x08, 0x63, 0x08, 0x63, 0x08, 0x63, 0x08, 0x63, 0x08,
  0x63, 0x08, 0x63, 0x08, 0x63, 0x08, 0x63, 0x08, 0x63, 0x08, 0x63, 0x08, 0x63, 0x08, 0x63, 0x08,
  0x63, 0x08, 0x63, 0x08, 0x63, 0x08, 0x63, 0x08, 0x63, 0x08, 0x63, 0x08, 0x63, 0x08, 0x63, 0x08,
  0x63, 0x08, 0x63, 0x08, 0x63, 0x08, 0x63, 0x08, 0x63, 0x08, 0x63, 0x08, 0x63, 0x08, 0x63, 0x08,
  0x63, 0x08, 0x63, 0x08, 0x63, 0x08, 0x63, 0x08, 0x63, 0x08, 0x63, 0x08, 0x63, 0x08, 0x63, 0x08,
  0x63, 0x08, 0x63, 0x08, 0x63, 0x08, 0x63, 0x08, 0x63, 0x08, 0x63, 0x08, 0x63, 0x08, 0x63, 0x08,
  0x63, 0x08, 0x63, 0x08, 0x63, 0x08, 0x63, 0x08, 0x63, 0x08, 0x63, 0x08, 0x63, 0x08, 0x63, 0x08,
  0x63, 0x08, 0x63, 0x08, 0x63, 0x08, 0x63, 0x08, 0x63, 0x08, 0x63, 0x08, 0x63, 0x08, 0x63, 0x08,
  0x63, 0x08, 0x63, 0x08, 0x63, 0x08, 0x63, 0x08, 0x63, 0x08, 0x63, 0x08, 0x63, 0x08, 0x63, 0x08,
  0x63, 0x08, 0x63, 0x08, 0x63, 0x08, 0x63, 0x08, 0x63, 0x08, 0x63, 0x08, 0x63, 0x08, 0x63, 0x08,
  0x63, 0x08, 0x63, 0x08, 0x63, 0x08, 0x63, 0x08, 0x63, 0x08, 0x63, 0x08, 0x63, 0x08, 0x63, 0x08,
  0x63, 0x08, 0x63, 0x08, 0x63, 0x08, 0x63, 0x08, 0x63, 0x08, 0x63, 0x08, 0x63, 0x08, 0x63, 0x08,
  0x63, 0x08, 0x63, 0x08, 0x63, 0x08, 0x63, 0x08, 0x63, 0x08, 0x63, 0x08, 0x63, 0x08, 0x63, 0x08,
  0x63, 0x08, 0x63, 0x08, 0x63, 0x08, 0x63, 0x08, 0x63, 0x08, 0x63, 0x08, 0x63, 0x08, 0x63, 0x08,
  0x63, 0x08, 0x63, 0x08, 0x63, 0x08, 0x63, 0x08, 0x63, 0x08, 0x63, 0x08, 0x63, 0x08, 0x63, 0x08,
  0x63, 0x08, 0x63, 0x08, 0x63, 0x08, 0x63, 0x08, 0x63, 0x08, 0x63, 0x08, 0x63, 0x08, 0x63, 0x08,
  0x63, 0x08, 0x63, 0x08, 0x63, 0x08, 0x63, 0x08, 0x63, 0x08, 0x63, 0x08, 0x63, 0x08, 0x63, 0x08,
  0x63, 0x08, 0x63, 0x08, 0x63, 0x08, 0x63, 0x08, 0x63, 0x08, 0x63, 0x08, 0x63, 0x08, 0x63, 0x08,
  0x63, 0x08, 0x63, 0x08, 0x63, 0x08, 0x63, 0x08, 0x63, 0x08, 0x63, 0x08, 0x63, 0x08, 0x63, 0x08,
  0x63, 0x08, 0x63, 0x08, 0x63, 0x08, 0x63, 0x08, 0x63, 0x08, 0x63, 0x08, 0x63, 0x08, 0x63, 0x08,
  0x63, 0x08, 0x63, 0x08, 0x63, 0x08, 0x63, 0x08, 0x63, 0x08, 0x63, 0x08, 0x63, 0x08, 0x63, 0x08,
  0x63, 0x08, 0x63, 0x08, 0x63, 0x08, 0x63, 0x08, 0x63, 0x08, 0x63, 0x08, 0x63, 0x08, 0x63, 0x08,
  0x63, 0x08, 0x63, 0x08, 0x63, 0x08, 0x63, 0x08, 0x63, 0x08, 0x63, 0x08, 0x63, 0x08, 0x63, 0x08,
  0x63, 0x08, 0x63, 0x08, 0x63, 0x08, 0x63, 0x08, 0x63, 0x08, 0x63, 0x08, 0x63, 0x08, 0x63, 0x08,
  0x63, 0x08, 0x63, 0x08, 0x63, 0x08, 0x63, 0x08, 0x63, 0x08, 0x63, 0x08, 0x63, 0x08, 0x63, 0x08,
  0x63, 0x08, 0x63, 0x08, 0x63, 0x08, 0x63, 0x08, 0x63, 0x08, 0x63, 0x08, 0x63, 0x08, 0x63, 0x08,
  0x63, 0x08, 0x63, 0x08, 0x63, 0x08, 0x63, 0x08, 0x63, 0x08, 0x63, 0x08, 0x63, 0x08, 0x63, 0x08,
  0x63, 0x08, 0x63, 0x08, 0x63, 0x08, 0x63, 0x08, 0x63, 0x08, 0x63, 0x08, 0x63, 0x08, 0x63, 0x08,
  0x63, 0x08, 0x63, 0x08, 0x63, 0x08, 0x63, 0x08, 0x63, 0x08, 0x63, 0x08, 0x63, 0x08, 0x63, 0x08,
  0x63, 0x08, 0x63, 0x08, 0x63, 0x08, 0x63, 0x08, 0x63, 0x08, 0x63, 0x08, 0x63, 0x08, 0x63, 0x08,
  0x63, 0x08, 0x63, 0x08, 0x63, 0x08, 0x63, 0x08, 0x63, 0x08, 0x63, 0x08, 0x63, 0x08, 0x63, 0x08,
  0x63, 0x08, 0x63, 0x08, 0x63, 0x08, 0x63, 0x08, 0x63, 0x08, 0x63, 0x08, 0x63, 0x08, 0x63, 0x08,
  0x63, 0x08, 0x63, 0x08, 0x63, 0x08, 0x63, 0x08, 0x63, 0x08, 0x63, 0x08, 0x63, 0x08, 0x63, 0x08,
  0x63, 0x08, 0x63, 0x08, 0x63, 0x08, 0x63, 0x08, 0x63, 0x08, 0x63, 0x08, 0x63, 0x08, 0x63, 0x08,
  0x63, 0x08, 0x63, 0x08, 0x63, 0x08, 0x63, 0x08, 0x63, 0x08, 0x63, 0x08, 0x63, 0x08, 0x63, 0x08,
  0x63, 0x08, 0x63, 0x08, 0x63, 0x08, 0x63, 0x08, 0x63, 0x08, 0x63, 0x08, 0x63, 0x08, 0x63, 0x08,
  0x63, 0x08, 0x63, 0x08, 0x63, 0x08, 0x63, 0x08, 0x63, 0x08, 0x63, 0x08, 0x63, 0x08, 0x63, 0x08,
  0x63, 0x08, 0x63, 0x08, 0x63, 0x08, 0x63, 0x08, 0x63, 0x08, 0x63, 0x08, 0x63, 0x08, 0x63, 0x08,
  0x63, 0x08, 0x63, 0x08, 0x63, 0x08, 0x63, 0x08, 0x63, 0x08, 0x63, 0x08, 0x63, 0x08, 0x63, 0x08,
  0x63, 0x08, 0x63, 0x08, 0x63, 0x08, 0x63, 0x08, 0x63, 0x08, 0x63, 0x08, 0x63, 0x08, 0x63, 0x08,
  0x63, 0x08, 0x63, 0x08, 0x63, 0x08, 0x63, 0x08, 0x63, 0x08, 0x63, 0x08, 0x63, 0x08, 0x63, 0x08,
  0x63, 0x08, 0x63, 0x08, 0x63, 0x08, 0x63, 0x08, 0x63, 0x08, 0x63, 0x08, 0x63, 0x08, 0x63, 0x08,
  0x63, 0x08, 0x63, 0x08, 0x63, 0x08, 0x63, 0x08, 0x63, 0x08, 0x63, 0x08, 0x63, 0x08, 0x63, 0x08,
  0x63, 0x08, 0x63, 0x08, 0x63, 0x08, 0x63, 0x08, 0x63, 0x08, 0x63, 0x08, 0x63, 0x08, 0x63, 0x08,
  0x63, 0x08, 0x63, 0x08, 0x63, 0x08, 0x63, 0x08, 0x63, 0x08, 0x63, 0x08, 0x63, 0x08, 0x63, 0x08,
  0x63, 0x08, 0x63, 0x08, 0x63, 0x08, 0x63, 0x08, 0x63, 0x08, 0x63, 0x08, 0x63, 0x08, 0x63, 0x08,
  0x63, 0x08, 0x63, 0x08, 0x63, 0x08, 0x63, 0x08, 0x63, 0x08, 0x63, 0x08, 0x63, 0x08, 0x63, 0x08,
  0x63, 0x08, 0x63, 0x08, 0x63, 0x08, 0x63, 0x08, 0x63, 0x08, 0x63, 0x08, 0x63, 0x08, 0x63, 0x08,
  0x63, 0x08, 0x63, 0x08, 0x63, 0x08, 0x63, 0x08, 0x63, 0x08, 0x63, 0x08, 0x63, 0x08, 0x63, 0x08,
  0x63, 0x08, 0x63, 0x08, 0x63, 0x08, 0x63, 0x08, 0x63, 0x08, 0x63, 0x08, 0x63, 0x08, 0x63, 0x08,
  0x63, 0x08, 0x63, 0x08, 0x63, 0x08, 0x63, 0x08, 0x63, 0x08, 0x63, 0x08, 0x63, 0x08, 0x63, 0x08,
  0x63, 0x08, 0x63, 0x08, 0x63, 0x08, 0x63, 0x08, 0x63, 0x08, 0x63, 0x08, 0x63, 0x08, 0x63, 0x08,
  0x63, 0x08, 0x63, 0x08, 0x63, 0x08, 0x63, 0x08, 0x63, 0x08, 0x63, 0x08, 0x63, 0x08, 0x63, 0x08,
  0x63, 0x08, 0x63, 0x08, 0x63, 0x08, 0x63, 0x08, 0x63, 0x08, 0x63, 0x08, 0x63, 0x08, 0x63, 0x08,
  0x63, 0x08, 0x63, 0x08, 0x63, 0x08, 0x63, 0x08, 0x63, 0x08, 0x63, 0x08, 0x63, 0x08, 0x63, 0x08,
  0x63, 0x08, 0x63, 0x08, 0x63, 0x08, 0x63, 0x08, 0x63, 0x08, 0x63, 0x08, 0x63, 0x08, 0x63, 0x08,
  0x63, 0x08, 0x63, 0x08, 0x63, 0x08, 0x63, 0x08, 0x63, 0x08, 0x63, 0x08, 0x63, 0x08, 0x63, 0x08,
  0x63, 0x08, 0x63, 0x08, 0x63, 0x08, 0x63, 0x08, 0x63, 0x08, 0x63, 0x08, 0x63, 0x08, 0x63, 0x08,
  0x63, 0x08, 0x63, 0x08, 0x63, 0x08, 0x63, 0x08, 0x63, 0x08, 0x63, 0x08, 0x63, 0x08, 0x63, 0x08,
  0x63, 0x08, 0x63, 0x08, 0x63, 0x08, 0x63, 0x08, 0x63, 0x08, 0x63, 0x08, 0x63, 0x08, 0x63, 0x08,
  0x63, 0x08, 0x63, 0x08, 0x63, 0x08, 0x63, 0x08, 0x63, 0x08, 0x63, 0x08, 0x63, 0x08, 0x63, 0x08,
  0x63, 0x08, 0x63, 0x08, 0x63, 0x08, 0x63, 0x08, 0x63, 0x08, 0x63, 0x08, 0x63, 0x08, 0x63, 0x08,
  0x63, 0x08, 0x63, 0x08, 0x63, 0x08, 0x63, 0x08, 0x63, 0x08, 0x63, 0x08, 0x63, 0x08, 0x63, 0x08,
  0x63, 0x08, 0x63, 0x08, 0x63, 0x08, 0x63, 0x08, 0x63, 0x08, 0x63, 0x08, 0x63, 0x08, 0x63, 0x08,
  0x63, 0x08, 0x63, 0x08, 0x63, 0x08, 0x63, 0x08, 0x63, 0x08, 0x63, 0x08, 0x63, 0x08, 0x63, 0x08,
  0x63, 0x08, 0x63, 0x08, 0x63, 0x08, 0x63, 0x08, 0x63, 0x08, 0x63, 0x08, 0x63, 0x08, 0x63, 0x08,
  0x63, 0x08, 0x63, 0x08, 0x63, 0x08, 0x63, 0x08, 0x63, 0x08, 0x63, 0x08, 0x63, 0x08, 0x63, 0x08,
  0x63, 0x08, 0x63, 0x08, 0x63, 0x08, 0x63, 0x08, 0x63, 0x08, 0x63, 0x08, 0x63, 0x08, 0x63, 0x08,
  0x63, 0x08, 0x63, 0x08, 0x63, 0x08, 0x63, 0x08, 0x63, 0x08, 0x63, 0x08, 0x63, 0x08, 0x63, 0x08,
  0x63, 0x08, 0x63, 0x08, 0x63, 0x08, 0x63, 0x08, 0x63, 0x08, 0x63, 0x08, 0x63, 0x08, 0x63, 0x08,
  0x63, 0x08, 0x63, 0x08, 0x63, 0x08, 0x63, 0x08, 0x63, 0x08, 0x63, 0x08, 0x63, 0x08, 0x63, 0x08,
  0x63, 0x08, 0x63, 0x08, 0x63, 0x08, 0x63, 0x08, 0x63, 0x08, 0x63, 0x08, 0x63, 0x08, 0x63, 0x08,
  0x63, 0x08, 0x63, 0x08, 0x63, 0x08, 0x63, 0x08, 0x63, 0x08, 0x63, 0x08, 0x63, 0x08, 0x63, 0x08,
  0x63, 0x08, 0x63, 0x08, 0x63, 0x08, 0x63, 0x08, 0x63, 0x08, 0x63, 0x08, 0x63, 0x08, 0x63, 0x08,
  0x63, 0x08, 0x63, 0x08, 0x63, 0x08, 0x63, 0x08, 0x63, 0x08, 0x63, 0x08, 0x63, 0x08, 0x63, 0x08,
  0x63, 0x08, 0x63, 0x08, 0x63, 0x08, 0x63, 0x08, 0x63, 0x08, 0x63, 0x08, 0x63, 0x08, 0x63, 0x08,
  0x63, 0x08, 0x63, 0x08, 0x63, 0x08, 0x63, 0x08, 0x63, 0x08, 0x63, 0x08, 0x63, 0x08, 0x63, 0x08,
  0x63, 0x08, 0x63, 0x08, 0x63, 0x08, 0x63, 0x08, 0x63, 0x08, 0x63, 0x08, 0x63, 0x08, 0x63, 0x08,
  0x63, 0x08, 0x63, 0x08, 0x63, 0x08, 0x63, 0x08, 0x63, 0x08, 0x63, 0x08, 0x63, 0x08, 0x63, 0x08,
  0x63, 0x08, 0x63, 0x08, 0x63, 0x08, 0x63, 0x08, 0x63, 0x08, 0x63, 0x08, 0x63, 0x08, 0x63, 0x08,
  0x63, 0x08, 0x63, 0x08, 0x63, 0x08, 0x63, 0x08, 0x63, 0x08, 0x63, 0x08, 0x63, 0x08, 0x63, 0x08,
  0x63, 0x08, 0x63, 0x08, 0x63, 0x08, 0x63, 0x08, 0x63, 0x08, 0x63, 0x08, 0x63, 0x08, 0x63, 0x08,
  0x63, 0x08, 0x63, 0x08, 0x63, 0x08, 0x63, 0x08, 0x63, 0x08, 0x63, 0x08, 0x63, 0x08, 0x63, 0x08,
  0x63, 0x08, 0x63, 0x08, 0x63, 0x08, 0x63, 0x08, 0x63, 0x08, 0x63, 0x08, 0x63, 0x08, 0x63, 0x08,
  0x63, 0x08, 0x63, 0x08, 0x63, 0x08, 0x63, 0x08, 0x63, 0x08, 0x63, 0x08, 0x63, 0x08, 0x63, 0x08,
  0x63, 0x08, 0x63, 0x08, 0x63, 0x08, 0x63, 0x08, 0x63, 0x08, 0x63, 0x08, 0x63, 0x08, 0x63, 0x08,
  0x63, 0x08, 0x63, 0x08, 0x63, 0x08, 0x63, 0x08, 0x63, 0x08, 0x63, 0x08, 0x63, 0x08, 0x63, 0x08,
  0x63, 0x08, 0x63, 0x08, 0x63, 0x08, 0x63, 0x08, 0x63, 0x08, 0x63, 0x08, 0x63, 0x08, 0x63, 0x08,
  0x63, 0x08, 0x63, 0x08, 0x63, 0x08, 0x63, 0x08, 0x63, 0x08, 0x63, 0x08, 0x63, 0x08, 0x63, 0x08,
  0x63, 0x08, 0x63, 0x08, 0x63, 0x08, 0x63, 0x08, 0x63, 0x08, 0x63, 0x08, 0x63, 0x08, 0x63, 0x08,
  0x63, 0x08, 0x63, 0x08, 0x63, 0x08, 0x63, 0x08, 0x63, 0x08, 0x63, 0x08, 0x63, 0x08, 0x63, 0x08,
  0x63, 0x08, 0x63, 0x08, 0x63, 0x08, 0x63, 0x08, 0x63, 0x08, 0x63, 0x08, 0x63, 0x08, 0x63, 0x08,
  0x63, 0x08, 0x63, 0x08, 0x63, 0x08, 0x63, 0x08, 0x63, 0x08, 0x63, 0x08, 0x63, 0x08, 0x63, 0x08,
  0x63, 0x08, 0x63, 0x08, 0x63, 0x08, 0x63, 0x08, 0x63, 0x08, 0x63, 0x08, 0x63, 0x08, 0x63, 0x08,
  0x63, 0x08, 0x63, 0x08, 0x63, 0x08, 0x63, 0x08, 0x63, 0x08, 0x63, 0x08, 0x63, 0x08, 0x63, 0x08,
  0x63, 0x08, 0x63, 0x08, 0x63, 0x08, 0x63, 0x08, 0x63, 0x08, 0x63, 0x08, 0x63, 0x08, 0x63, 0x08,
  0x63, 0x08, 0x63, 0x08, 0x63, 0x08, 0x63, 0x08, 0x63, 0x08, 0x63, 0x08, 0x63, 0x08, 0x63, 0x08,
  0x63, 0x08, 0x63, 0x08, 0x63, 0x08, 0x63, 0x08, 0x63, 0x08, 0x63, 0x08, 0x63, 0x08, 0x63, 0x08,
  0x63, 0x08, 0x63, 0x08, 0x63, 0x08, 0x63, 0x08, 0x63, 0x08, 0x63, 0x08, 0x63, 0x08, 0x63, 0x08,
  0x63, 0x08, 0x63, 0x08, 0x63, 0x08, 0x63, 0x08, 0x63, 0x08, 0x63, 0x08, 0x63, 0x08, 0x63, 0x08,
  0x63, 0x08, 0x63, 0x08, 0x63, 0x08, 0x63, 0x08, 0x63, 0x08, 0x63, 0x08, 0x63, 0x08, 0x63, 0x08,
  0x63, 0x08, 0x63, 0x08, 0x63, 0x08, 0x63, 0x08, 0x63, 0x08, 0x63, 0x08, 0x63, 0x08, 0x63, 0x08,
  0x63, 0x08, 0x63, 0x08, 0x63, 0x08, 0x63, 0x08, 0x63, 0x08, 0x63, 0x08, 0x63, 0x08, 0x63, 0x08,
  0x63, 0x08, 0x63, 0x08, 0x63, 0x08, 0x63, 0x08, 0x63, 0x08, 0x63, 0x08, 0x63, 0x08, 0x63, 0x08,
  0x63, 0x08, 0x63, 0x08, 0x63, 0x08, 0x63, 0x08, 0x63, 0x08, 0x63, 0x08, 0x63, 0x08, 0x63, 0x08,
  0x63, 0x08, 0x63, 0x08, 0x63, 0x08, 0x63, 0x08, 0x63, 0x08, 0x63, 0x08, 0x63, 0x08, 0x63, 0x08,
  0x63, 0x08, 0x63, 0x08, 0x63, 0x08, 0x63, 0x08, 0x63, 0x08, 0x63, 0x08, 0x63, 0x08, 0x63, 0x08,
  0x63, 0x08, 0x63, 0x08, 0x63, 0x08, 0x63, 0x08, 0x63, 0x08, 0x63, 0x08, 0x63, 0x08, 0x63, 0x08,
  0x63, 0x08, 0x63, 0x08, 0x63, 0x08, 0x63, 0x08, 0x63, 0x08, 0x63, 0x08, 0x63, 0x08, 0x63, 0x08,
  0x63, 0x08, 0x63, 0x08, 0x63, 0x08, 0x63, 0x08, 0x63, 0x08, 0x63, 0x08, 0x63, 0x08, 0x63, 0x08,
  0x63, 0x08, 0x63, 0x08, 0x63, 0x08, 0x63, 0x08, 0x63, 0x08, 0x63, 0x08, 0x63, 0x08, 0x63, 0x08,
  0x63, 0x08, 0x63, 0x08, 0x63, 0x08, 0x63, 0x08, 0x63, 0x08, 0x63, 0x08, 0x63, 0x08, 0x63, 0x08,
  0x63, 0x08, 0x63, 0x08, 0x63, 0x08, 0x63, 0x08, 0x63, 0x08, 0x63, 0x08, 0x63, 0x08, 0x63, 0x08,
  0x63, 0x08, 0x63, 0x08, 0x63, 0x08, 0x63, 0x08, 0x63, 0x08, 0x63, 0x08, 0x63, 0x08, 0x63, 0x08,
  0x63, 0x08, 0x63, 0x08, 0x63, 0x08, 0x63, 0x08, 0x63, 0x08, 0x63, 0x08, 0x63, 0x08, 0x63, 0x08,
  0x63, 0x08, 0x63, 0x08, 0x63, 0x08, 0x63, 0x08, 0x63, 0x08, 0x63, 0x08, 0x63, 0x08, 0x63, 0x08,
  0x63, 0x08, 0x63, 0x08, 0x63, 0x08, 0x63, 0x08, 0x63, 0x08, 0x63, 0x08, 0x63, 0x08, 0x63, 0x08,
  0x63, 0x08, 0x63, 0x08, 0x63, 0x08, 0x63, 0x08, 0x63, 0x08, 0x63, 0x08, 0x63, 0x08, 0x63, 0x08,
  0x63, 0x08, 0x63, 0x08, 0x63, 0x08, 0x63, 0x08, 0x63, 0x08, 0x63, 0x08, 0x63, 0x08, 0x63, 0x08,
  0x63, 0x08, 0x63, 0x08, 0x63, 0x08, 0x63, 0x08, 0x63, 0x08, 0x63, 0x08, 0x63, 0x08, 0x63, 0x08,
  0x63, 0x08, 0x63, 0x08, 0x63, 0x08, 0x63, 0x08, 0x63, 0x08, 0x63, 0x08, 0x63, 0x08, 0x63, 0x08,
  0x63, 0x08, 0x63, 0x08, 0x63, 0x08, 0x63, 0x08, 0x63, 0x08, 0x63, 0x08, 0x63, 0x08, 0x63, 0x08,
  0x63, 0x08, 0x63, 0x08, 0x63, 0x08, 0x63, 0x08, 0x63, 0x08, 0x63, 0x08, 0x63, 0x08, 0x63, 0x08,
  0x63, 0x08, 0x63, 0x08, 0x63, 0x08, 0x63, 0x08, 0x63, 0x08, 0x63, 0x08, 0x63, 0x08, 0x63, 0x08,
};

const lv_image_dsc_t fs_logo_tft_240x240_round = {
  .header = { .magic = LV_IMAGE_HEADER_MAGIC, .cf = LV_COLOR_FORMAT_RGB565, .flags = 0, .w = 240, .h = 240, .stride = 480 },
  .data_size = sizeof(fs_logo_tft_240x240_round_map),
  .data = fs_logo_tft_240x240_round_map,
};
