// FusionSpace horizontal logo, 160 x 128, LVGL v9 image (RGB565 on Void). Generated by tools/build/kit_targets.py.
// Use: LV_IMAGE_DECLARE(fs_logo_tft_160x128); lv_obj_t * img = lv_image_create(lv_screen_active()); lv_image_set_src(img, &fs_logo_tft_160x128);
#include "lvgl.h"
#ifndef LV_ATTRIBUTE_MEM_ALIGN
#define LV_ATTRIBUTE_MEM_ALIGN
#endif
const LV_ATTRIBUTE_MEM_ALIGN uint8_t fs_logo_tft_160x128_map[40960] = {
  0x63, 0x08, 0x63, 0x08, 0x63, 0x08, 0x63, 0x08, 0x63, 0x08, 0x63, 0x08, 0x63, 0x08, 0x63, 0x08,
  0x63, 0x08, 0x63, 0x08, 0x63, 0x08, 0x63, 0x08, 0x63, 0x08, 0x63, 0x08, 0x63, 0x08, 0x63, 0x08,
  0x63, 0x08, 0x63, 0x08, 0x63, 0x08, 0x63, 0x08, 0x63, 0x08, 0x63, 0x08, 0x63, 0x08, 0x63, 0x08,
  0x63, 0x08, 0x63, 0x08, 0x63, 0x08, 0x63, 0x08, 0x63, 0x08, 0x63, 0x08, 0x63, 0x08, 0x63, 0x08,
  0x63, 0x08, 0x63, 0x08, 0x63, 0x08, 0x63, 0x08, 0x63, 0x08, 0x63, 0x08, 0x63, 0x08, 0x63, 0x08,
  0x63, 0x08, 0x63, 0x08, 0x63, 0x08, 0x63, 0x08, 0x63, 0x08, 0x63, 0x08, 0x63, 0x08, 0x63, 0x08,
  0x63, 0x08, 0x63, 0x08, 0x63, 0x08, 0x63, 0x08, 0x63, 0x08, 0x63, 0x08, 0x63, 0x08, 0x63, 0x08,
  0x63, 0x08, 0x63, 0x08, 0x63, 0x08, 0x63, 0x08, 0x63, 0x08, 0x63, 0x08, 0x63, 0x08, 0x63, 0x08,
  0x63, 0x08, 0x63, 0x08, 0x63, 0x08, 0x63, 0x08, 0x63, 0x08, 0x63, 0x08, 0x63, 0x08, 0x63, 0x08,
  0x63, 0x08, 0x63, 0x08, 0x63, 0x08, 0x63, 0x08, 0x63, 0x08, 0x63, 0x08, 0x63, 0x08, 0x63, 0x08,
  0x63, 0x08, 0x63, 0x08, 0x63, 0x08, 0x63, 0x08, 0x63, 0x08, 0x63, 0x08, 0x63, 0x08, 0x63, 0x08,
  0x63, 0x08, 0x63, 0x08, 0x63, 0x08, 0x63, 0x08, 0x63, 0x08, 0x63, 0x08, 0x63, 0x08, 0x63, 0x08,
  0x63, 0x08, 0x63, 0x08, 0x63, 0x08, 0x63, 0x08, 0x63, 0x08, 0x63, 0x08, 0x63, 0x08, 0x63, 0x08,
  0x63, 0x08, 0x63, 0x08, 0x63, 0x08, 0x63, 0x08, 0x63, 0x08, 0x63, 0x08, 0x63, 0x08, 0x63, 0x08,
  0x63, 0x08, 0x63, 0x08, 0x63, 0x08, 0x63, 0x08, 0x63, 0x08, 0x63, 0x08, 0x63, 0x08, 0x63, 0x08,
  0x63, 0x08, 0x63, 0x08, 0x63, 0x08, 0x63, 0x08, 0x63, 0x08, 0x63, 0x08, 0x63, 0x08, 0x63, 0x08,
  0x63, 0x08, 0x63, 0x08, 0x63, 0x08, 0x63, 0x08, 0x63, 0x08, 0x63, 0x08, 0x63, 0x08, 0x63, 0x08,
  0x63, 0x08, 0x63, 0x08, 0x63, 0x08, 0x63, 0x08, 0x63, 0x08, 0x63, 0x08, 0x63, 0x08, 0x63, 0x08,
  0x63, 0x08, 0x63, 0x08, 0x63, 0x08, 0x63, 0x08, 0x63, 0x08, 0x63, 0x08, 0x63, 0x08, 0x63, 0x08,
  0x63, 0x08, 0x63, 0x08, 0x63, 0x08, 0x63, 0x08, 0x63, 0x08, 0x63, 0x08, 0x63, 0x08, 0x63, 0x08,
  0x63, 0x08, 0x63, 0x08, 0x63, 0x08, 0x63, 0x08, 0x63, 0x08, 0x63, 0x08, 0x63, 0x08, 0x63, 0x08,
  0x63, 0x08, 0x63, 0x08, 0x63, 0x08, 0x63, 0x08, 0x63, 0x08, 0x63, 0x08, 0x63, 0x08, 0x63, 0x08,
  0x63, 0x08, 0x63, 0x08, 0x63, 0x08, 0x63, 0x08, 0x63, 0x08, 0x63, 0x08, 0x63, 0x08, 0x63, 0x08,
  0x63, 0x08, 0x63, 0x08, 0x63, 0x08, 0x63, 0x08, 0x63, 0x08, 0x63, 0x08, 0x63, 0x08, 0x63, 0x08,
  0x63, 0x08, 0x63, 0x08, 0x63, 0x08, 0x63, 0x08, 0x63, 0x08, 0x63, 0x08, 0x63, 0x08, 0x63, 0x08,
  0x63, 0x08, 0x63, 0x08, 0x63, 0x08, 0x63, 0x08, 0x63, 0x08, 0x63, 0x08, 0x63, 0x08, 0x63, 0x08,
  0x63, 0x08, 0x63, 0x08, 0x63, 0x08, 0x63, 0x08, 0x63, 0x08, 0x63, 0x08, 0x63, 0x08, 0x63, 0x08,
  0x63, 0x08, 0x63, 0x08, 0x63, 0x08, 0x63, 0x08, 0x63, 0x08, 0x63, 0x08, 0x63, 0x08, 0x63, 0x08,
  0x63, 0x08, 0x63, 0x08, 0x63, 0x08, 0x63, 0x08, 0x63, 0x08, 0x63, 0x08, 0x63, 0x08, 0x63, 0x08,
  0x63, 0x08, 0x63, 0x08, 0x63, 0x08, 0x63, 0x08, 0x63, 0x08, 0x63, 0x08, 0x63, 0x08, 0x63, 0x08,
  0x63, 0x08, 0x63, 0x08, 0x63, 0x08, 0x63, 0x08, 0x63, 0x08, 0x63, 0x08, 0x63, 0x08, 0x63, 0x08,
  0x63, 0x08, 0x63, 0x08, 0x63, 0x08, 0x63, 0x08, 0x63, 0x08, 0x63, 0x08, 0x63, 0x08, 0x63, 0x08,
  0x63, 0x08, 0x63, 0x08, 0x63, 0x08, 0x63, 0x08, 0x63, 0x08, 0x63, 0x08, 0x63, 0x08, 0x63, 0x08,
  0x63, 0x08, 0x63, 0x08, 0x63, 0x08, 0x63, 0x08, 0x63, 0x08, 0x63, 0x08, 0x63, 0x08, 0x63, 0x08,
  0x63, 0x08, 0x63, 0x08, 0x63, 0x08, 0x63, 0x08, 0x63, 0x08, 0x63, 0x08, 0x63, 0x08, 0x63, 0x08,
  0x63, 0x08, 0x63, 0x08, 0x63, 0x08, 0x63, 0x08, 0x63, 0x08, 0x63, 0x08, 0x63, 0x08, 0x63, 0x08,
  0x63, 0x08, 0x63, 0x08, 0x63, 0x08, 0x63, 0x08, 0x63, 0x08, 0x63, 0x08, 0x63, 0x08, 0x63, 0x08,
  0x63, 0x08, 0x63, 0x08, 0x63, 0x08, 0x63, 0x08, 0x63, 0x08, 0x63, 0x08, 0x63, 0x08, 0x63, 0x08,
  0x63, 0x08, 0x63, 0x08, 0x63, 0x08, 0x63, 0x08, 0x63, 0x08, 0x63, 0x08, 0x63, 0x08, 0x63, 0x08,
  0x63, 0x08, 0x63, 0x08, 0x63, 0x08, 0x63, 0x08, 0x63, 0x08, 0x63, 0x08, 0x63, 0x08, 0x63, 0x08,
  0x63, 0x08, 0x63, 0x08, 0x63, 0x08, 0x63, 0x08, 0x63, 0x08, 0x63, 0x08, 0x63, 0x08, 0x63, 0x08,
  0x63, 0x08, 0x63, 0x08, 0x63, 0x08, 0x63, 0x08, 0x63, 0x08, 0x63, 0x08, 0x63, 0x08, 0x63, 0x08,
  0x63, 0x08, 0x63, 0x08, 0x63, 0x08, 0x63, 0x08, 0x63, 0x08, 0x63, 0x08, 0x63, 0x08, 0x63, 0x08,
  0x63, 0x08, 0x63, 0x08, 0x63, 0x08, 0x63, 0x08, 0x63, 0x08, 0x63, 0x08, 0x63, 0x08, 0x63, 0x08,
  0x63, 0x08, 0x63, 0x08, 0x63, 0x08, 0x63, 0x08, 0x63, 0x08, 0x63, 0x08, 0x63, 0x08, 0x63, 0x08,
  0x63, 0x08, 0x63, 0x08, 0x63, 0x08, 0x63, 0x08, 0x63, 0x08, 0x63, 0x08, 0x63, 0x08, 0x63, 0x08,
  0x63, 0x08, 0x63, 0x08, 0x63, 0x08, 0x63, 0x08, 0x63, 0x08, 0x63, 0x08, 0x63, 0x08, 0x63, 0x08,
  0x63, 0x08, 0x63, 0x08, 0x63, 0x08, 0x63, 0x08, 0x63, 0x08, 0x63, 0x08, 0x63, 0x08, 0x63, 0x08,
  0x63, 0x08, 0x63, 0x08, 0x63, 0x08, 0x63, 0x08, 0x63, 0x08, 0x63, 0x08, 0x63, 0x08, 0x63, 0x08,
  0x63, 0x08, 0x63, 0x08, 0x63, 0x08, 0x63, 0x08, 0x63, 0x08, 0x63, 0x08, 0x63, 0x08, 0x63, 0x08,
  0x63, 0x08, 0x63, 0x08, 0x63, 0x08, 0x63, 0x08, 0x63, 0x08, 0x63, 0x08, 0x63, 0x08, 0x63, 0x08,
  0x63, 0x08, 0x63, 0x08, 0x63, 0x08, 0x63, 0x08, 0x63, 0x08, 0x63, 0x08, 0x63, 0x08, 0x63, 0x08,
  0x63, 0x08, 0x63, 0x08, 0x63, 0x08, 0x63, 0x08, 0x63, 0x08, 0x63, 0x08, 0x63, 0x08, 0x63, 0x08,
  0x63, 0x08, 0x63, 0x08, 0x63, 0x08, 0x63, 0x08, 0x63, 0x08, 0x63, 0x08, 0x63, 0x08, 0x63, 0x08,
  0x63, 0x08, 0x63, 0x08, 0x63, 0x08, 0x63, 0x08, 0x63, 0x08, 0x63, 0x08, 0x63, 0x08, 0x63, 0x08,
  0x63, 0x08, 0x63, 0x08, 0x63, 0x08, 0x63, 0x08, 0x63, 0x08, 0x63, 0x08, 0x63, 0x08, 0x63, 0x08,
  0x63, 0x08, 0x63, 0x08, 0x63, 0x08, 0x63, 0x08, 0x63, 0x08, 0x63, 0x08, 0x63, 0x08, 0x63, 0x08,
  0x63, 0x08, 0x63, 0x08, 0x63, 0x08, 0x63, 0x08, 0x63, 0x08, 0x63, 0x08, 0x63, 0x08, 0x63, 0x08,
  0x63, 0x08, 0x63, 0x08, 0x63, 0x08, 0x63, 0x08, 0x63, 0x08, 0x63, 0x08, 0x63, 0x08, 0x63, 0x08,
  0x63, 0x08, 0x63, 0x08, 0x63, 0x08, 0x63, 0x08, 0x63, 0x08, 0x63, 0x08, 0x63, 0x08, 0x63, 0x08,
  0x63, 0x08, 0x63, 0x08, 0x63, 0x08, 0x63, 0x08, 0x63, 0x08, 0x63, 0x08, 0x63, 0x08, 0x63, 0x08,
  0x63, 0x08, 0x63, 0x08, 0x63, 0x08, 0x63, 0x08, 0x63, 0x08, 0x63, 0x08, 0x63, 0x08, 0x63, 0x08,
  0x63, 0x08, 0x63, 0x08, 0x63, 0x08, 0x63, 0x08, 0x63, 0x08, 0x63, 0x08, 0x63, 0x08, 0x63, 0x08,
  0x63, 0x08, 0x63, 0x08, 0x63, 0x08, 0x63, 0x08, 0x63, 0x08, 0x63, 0x08, 0x63, 0x08, 0x63, 0x08,
  0x63, 0x08, 0x63, 0x08, 0x63, 0x08, 0x63, 0x08, 0x63, 0x08, 0x63, 0x08, 0x63, 0x08, 0x63, 0x08,
  0x63, 0x08, 0x63, 0x08, 0x63, 0x08, 0x63, 0x08, 0x63, 0x08, 0x63, 0x08, 0x63, 0x08, 0x63, 0x08,
  0x63, 0x08, 0x63, 0x08, 0x63, 0x08, 0x63, 0x08, 0x63, 0x08, 0x63, 0x08, 0x63, 0x08, 0x63, 0x08,
  0x63, 0x08, 0x63, 0x08, 0x63, 0x08, 0x63, 0x08, 0x63, 0x08, 0x63, 0x08, 0x63, 0x08, 0x63, 0x08,
  0x63, 0x08, 0x63, 0x08, 0x63, 0x08, 0x63, 0x08, 0x63, 0x08, 0x63, 0x08, 0x63, 0x08, 0x63, 0x08,
  0x63, 0x08, 0x63, 0x08, 0x63, 0x08, 0x63, 0x08, 0x63, 0x08, 0x63, 0x08, 0x63, 0x08, 0x63, 0x08,
  0x63, 0x08, 0x63, 0x08, 0x63, 0x08, 0x63, 0x08, 0x63, 0x08, 0x63, 0x08, 0x63, 0x08, 0x63, 0x08,
  0x63, 0x08, 0x63, 0x08, 0x63, 0x08, 0x63, 0x08, 0x63, 0x08, 0x63, 0x08, 0x63, 0x08, 0x63, 0x08,
  0x63, 0x08, 0x63, 0x08, 0x63, 0x08, 0x63, 0x08, 0x63, 0x08, 0x63, 0x08, 0x63, 0x08, 0x63, 0x08,
  0x63, 0x08, 0x63, 0x08, 0x63, 0x08, 0x63, 0x08, 0x63, 0x08, 0x63, 0x08, 0x63, 0x08, 0x63, 0x08,
  0x63, 0x08, 0x63, 0x08, 0x63, 0x08, 0x63, 0x08, 0x63, 0x08, 0x63, 0x08, 0x63, 0x08, 0x63, 0x08,
  0x63, 0x08, 0x63, 0x08, 0x63, 0x08, 0x63, 0x08, 0x63, 0x08, 0x63, 0x08, 0x63, 0x08, 0x63, 0x08,
  0x63, 0x08, 0x63, 0x08, 0x63, 0x08, 0x63, 0x08, 0x63, 0x08, 0x63, 0x08, 0x63, 0x08, 0x63, 0x08,
  0x63, 0x08, 0x63, 0x08, 0x63, 0x08, 0x63, 0x08, 0x63, 0x08, 0x63, 0x08, 0x63, 0x08, 0x63, 0x08,
  0x63, 0x08, 0x63, 0x08, 0x63, 0x08, 0x63, 0x08, 0x63, 0x08, 0x63, 0x08, 0x63, 0x08, 0x63, 0x08,
  0x63, 0x08, 0x63, 0x08, 0x63, 0x08, 0x63, 0x08, 0x63, 0x08, 0x63, 0x08, 0x63, 0x08, 0x63, 0x08,
  0x63, 0x08, 0x63, 0x08, 0x63, 0x08, 0x63, 0x08, 0x63, 0x08, 0x63, 0x08, 0x63, 0x08, 0x63, 0x08,
  0x63, 0x08, 0x63, 0x08, 0x63, 0x08, 0x63, 0x08, 0x63, 0x08, 0x63, 0x08, 0x63, 0x08, 0x63, 0x08,
  0x63, 0x08, 0x63, 0x08, 0x63, 0x08, 0x63, 0x08, 0x63, 0x08, 0x63, 0x08, 0x63, 0x08, 0x63, 0x08,
  0x63, 0x08, 0x63, 0x08, 0x63, 0x08, 0x63, 0x08, 0x63, 0x08, 0x63, 0x08, 0x63, 0x08, 0x63, 0x08,
  0x63, 0x08, 0x63, 0x08, 0x63, 0x08, 0x63, 0x08, 0x63, 0x08, 0x63, 0x08, 0x63, 0x08, 0x63, 0x08,
  0x63, 0x08, 0x63, 0x08, 0x63, 0x08, 0x63, 0x08, 0x63, 0x08, 0x63, 0x08, 0x63, 0x08, 0x63, 0x08,
  0x63, 0x08, 0x63, 0x08, 0x63, 0x08, 0x63, 0x08, 0x63, 0x08, 0x63, 0x08, 0x63, 0x08, 0x63, 0x08,
  0x63, 0x08, 0x63, 0x08, 0x63, 0x08, 0x63, 0x08, 0x63, 0x08, 0x63, 0x08, 0x63, 0x08, 0x63, 0x08,
  0x63, 0x08, 0x63, 0x08, 0x63, 0x08, 0x63, 0x08, 0x63, 0x08, 0x63, 0x08, 0x63, 0x08, 0x63, 0x08,
  0x63, 0x08, 0x63, 0x08, 0x63, 0x08, 0x63, 0x08, 0x63, 0x08, 0x63, 0x08, 0x63, 0x08, 0x63, 0x08,
  0x63, 0x08, 0x63, 0x08, 0x63, 0x08, 0x63, 0x08, 0x63, 0x08, 0x63, 0x08, 0x63, 0x08, 0x63, 0x08,
  0x63, 0x08, 0x63, 0x08, 0x63, 0x08, 0x63, 0x08, 0x63, 0x08, 0x63, 0x08, 0x63, 0x08, 0x63, 0x08,
  0x63, 0x08, 0x63, 0x08, 0x63, 0x08, 0x63, 0x08, 0x63, 0x08, 0x63, 0x08, 0x63, 0x08, 0x63, 0x08,
  0x63, 0x08, 0x63, 0x08, 0x63, 0x08, 0x63, 0x08, 0x63, 0x08, 0x63, 0x08, 0x63, 0x08, 0x63, 0x08,
  0x63, 0x08, 0x63, 0x08, 0x63, 0x08, 0x63, 0x08, 0x63, 0x08, 0x63, 0x08, 0x63, 0x08, 0x63, 0x08,
  0x63, 0x08, 0x63, 0x08, 0x63, 0x08, 0x63, 0x08, 0x63, 0x08, 0x63, 0x08, 0x63, 0x08, 0x63, 0x08,
  0x63, 0x08, 0x63, 0x08, 0x63, 0x08, 0x63, 0x08, 0x63, 0x08, 0x63, 0x08, 0x63, 0x08, 0x63, 0x08,
  0x63, 0x08, 0x63, 0x08, 0x63, 0x08, 0x63, 0x08, 0x63, 0x08, 0x63, 0x08, 0x63, 0x08, 0x63, 0x08,
  0x63, 0x08, 0x63, 0x08, 0x63, 0x08, 0x63, 0x08, 0x63, 0x08, 0x63, 0x08, 0x63, 0x08, 0x63, 0x08,
  0x63, 0x08, 0x63, 0x08, 0x63, 0x08, 0x63, 0x08, 0x63, 0x08, 0x63, 0x08, 0x63, 0x08, 0x63, 0x08,
  0x63, 0x08, 0x63, 0x08, 0x63, 0x08, 0x63, 0x08, 0x63, 0x08, 0x63, 0x08, 0x63, 0x08, 0x63, 0x08,
  0x63, 0x08, 0x63, 0x08, 0x63, 0x08, 0x63, 0x08, 0x63, 0x08, 0x63, 0x08, 0x63, 0x08, 0x63, 0x08,
  0x63, 0x08, 0x63, 0x08, 0x63, 0x08, 0x63, 0x08, 0x63, 0x08, 0x63, 0x08, 0x63, 0x08, 0x63, 0x08,
  0x63, 0x08, 0x63, 0x08, 0x63, 0x08, 0x63, 0x08, 0x63, 0x08, 0x63, 0x08, 0x63, 0x08, 0x63, 0x08,
  0x63, 0x08, 0x63, 0x08, 0x63, 0x08, 0x63, 0x08, 0x63, 0x08, 0x63, 0x08, 0x63, 0x08, 0x63, 0x08,
  0x63, 0x08, 0x63, 0x08, 0x63, 0x08, 0x63, 0x08, 0x63, 0x08, 0x63, 0x08, 0x63, 0x08, 0x63, 0x08,
  0x63, 0x08, 0x63, 0x08, 0x63, 0x08, 0x63, 0x08, 0x63, 0x08, 0x63, 0x08, 0x63, 0x08, 0x63, 0x08,
  0x63, 0x08, 0x63, 0x08, 0x63, 0x08, 0x63, 0x08, 0x63, 0x08, 0x63, 0x08, 0x63, 0x08, 0x63, 0x08,
  0x63, 0x08, 0x63, 0x08, 0x63, 0x08, 0x63, 0x08, 0x63, 0x08, 0x63, 0x08, 0x63, 0x08, 0x63, 0x08,
  0x63, 0x08, 0x63, 0x08, 0x63, 0x08, 0x63, 0x08, 0x63, 0x08, 0x63, 0x08, 0x63, 0x08, 0x63, 0x08,
  0x63, 0x08, 0x63, 0x08, 0x63, 0x08, 0x63, 0x08, 0x63, 0x08, 0x63, 0x08, 0x63, 0x08, 0x63, 0x08,
  0x63, 0x08, 0x63, 0x08, 0x63, 0x08, 0x63, 0x08, 0x63, 0x08, 0x63, 0x08, 0x63, 0x08, 0x63, 0x08,
  0x63, 0x08, 0x63, 0x08, 0x63, 0x08, 0x63, 0x08, 0x63, 0x08, 0x63, 0x08, 0x63, 0x08, 0x63, 0x08,
  0x63, 0x08, 0x63, 0x08, 0x63, 0x08, 0x63, 0x08, 0x63, 0x08, 0x63, 0x08, 0x63, 0x08, 0x63, 0x08,
  0x63, 0x08, 0x63, 0x08, 0x63, 0x08, 0x63, 0x08, 0x63, 0x08, 0x63, 0x08, 0x63, 0x08, 0x63, 0x08,
  0x63, 0x08, 0x63, 0x08, 0x63, 0x08, 0x63, 0x08, 0x63, 0x08, 0x63, 0x08, 0x63, 0x08, 0x63, 0x08,
  0x63, 0x08, 0x63, 0x08, 0x63, 0x08, 0x63, 0x08, 0x63, 0x08, 0x63, 0x08, 0x63, 0x08, 0x63, 0x08,
  0x63, 0x08, 0x63, 0x08, 0x63, 0x08, 0x63, 0x08, 0x63, 0x08, 0x63, 0x08, 0x63, 0x08, 0x63, 0x08,
  0x63, 0x08, 0x63, 0x08, 0x63, 0x08, 0x63, 0x08, 0x63, 0x08, 0x63, 0x08, 0x63, 0x08, 0x63, 0x08,
  0x63, 0x08, 0x63, 0x08, 0x63, 0x08, 0x63, 0x08, 0x63, 0x08, 0x63, 0x08, 0x63, 0x08, 0x63, 0x08,
  0x63, 0x08, 0x63, 0x08, 0x63, 0x08, 0x63, 0x08, 0x63, 0x08, 0x63, 0x08, 0x63, 0x08, 0x63, 0x08,
  0x63, 0x08, 0x63, 0x08, 0x63, 0x08, 0x63, 0x08, 0x63, 0x08, 0x63, 0x08, 0x63, 0x08, 0x63, 0x08,
  0x63, 0x08, 0x63, 0x08, 0x63, 0x08, 0x63, 0x08, 0x63, 0x08, 0x63, 0x08, 0x63, 0x08, 0x63, 0x08,
  0x63, 0x08, 0x63, 0x08, 0x63, 0x08, 0x63, 0x08, 0x63, 0x08, 0x63, 0x08, 0x63, 0x08, 0x63, 0x08,
  0x63, 0x08, 0x63, 0x08, 0x63, 0x08, 0x63, 0x08, 0x63, 0x08, 0x63, 0x08, 0x63, 0x08, 0x63, 0x08,
  0x63, 0x08, 0x63, 0x08, 0x63, 0x08, 0x63, 0x08, 0x63, 0x08, 0x63, 0x08, 0x63, 0x08, 0x63, 0x08,
  0x63, 0x08, 0x63, 0x08, 0x63, 0x08, 0x63, 0x08, 0x63, 0x08, 0x63, 0x08, 0x63, 0x08, 0x63, 0x08,
  0x63, 0x08, 0x63, 0x08, 0x63, 0x08, 0x63, 0x08, 0x63, 0x08, 0x63, 0x08, 0x63, 0x08, 0x63, 0x08,
  0x63, 0x08, 0x63, 0x08, 0x63, 0x08, 0x63, 0x08, 0x63, 0x08, 0x63, 0x08, 0x63, 0x08, 0x63, 0x08,
  0x63, 0x08, 0x63, 0x08, 0x63, 0x08, 0x63, 0x08, 0x63, 0x08, 0x63, 0x08, 0x63, 0x08, 0x63, 0x08,
  0x63, 0x08, 0x63, 0x08, 0x63, 0x08, 0x63, 0x08, 0x63, 0x08, 0x63, 0x08, 0x63, 0x08, 0x63, 0x08,
  0x63, 0x08, 0x63, 0x08, 0x63, 0x08, 0x63, 0x08, 0x63, 0x08, 0x63, 0x08, 0x63, 0x08, 0x63, 0x08,
  0x63, 0x08, 0x63, 0x08, 0x63, 0x08, 0x63, 0x08, 0x63, 0x08, 0x63, 0x08, 0x63, 0x08, 0x63, 0x08,
  0x63, 0x08, 0x63, 0x08, 0x63, 0x08, 0x63, 0x08, 0x63, 0x08, 0x63, 0x08, 0x63, 0x08, 0x63, 0x08,
  0x63, 0x08, 0x63, 0x08, 0x63, 0x08, 0x63, 0x08, 0x63, 0x08, 0x63, 0x08, 0x63, 0x08, 0x63, 0x08,
  0x63, 0x08, 0x63, 0x08, 0x63, 0x08, 0x63, 0x08, 0x63, 0x08, 0x63, 0x08, 0x63, 0x08, 0x63, 0x08,
  0x63, 0x08, 0x63, 0x08, 0x63, 0x08, 0x63, 0x08, 0x63, 0x08, 0x63, 0x08, 0x63, 0x08, 0x63, 0x08,
  0x63, 0x08, 0x63, 0x08, 0x63, 0x08, 0x63, 0x08, 0x63, 0x08, 0x63, 0x08, 0x63, 0x08, 0x63, 0x08,
  0x63, 0x08, 0x63, 0x08, 0x63, 0x08, 0x63, 0x08, 0x63, 0x08, 0x63, 0x08, 0x63, 0x08, 0x63, 0x08,
  0x63, 0x08, 0x63, 0x08, 0x63, 0x08, 0x63, 0x08, 0x63, 0x08, 0x63, 0x08, 0x63, 0x08, 0x63, 0x08,
  0x63, 0x08, 0x63, 0x08, 0x63, 0x08, 0x63, 0x08, 0x63, 0x08, 0x63, 0x08, 0x63, 0x08, 0x63, 0x08,
  0x63, 0x08, 0x63, 0x08, 0x63, 0x08, 0x63, 0x08, 0x63, 0x08, 0x63, 0x08, 0x63, 0x08, 0x63, 0x08,
  0x63, 0x08, 0x63, 0x08, 0x63, 0x08, 0x63, 0x08, 0x63, 0x08, 0x63, 0x08, 0x63, 0x08, 0x63, 0x08,
  0x63, 0x08, 0x63, 0x08, 0x63, 0x08, 0x63, 0x08, 0x63, 0x08, 0x63, 0x08, 0x63, 0x08, 0x63, 0x08,
  0x63, 0x08, 0x63, 0x08, 0x63, 0x08, 0x63, 0x08, 0x63, 0x08, 0x63, 0x08, 0x63, 0x08, 0x63, 0x08,
  0x63, 0x08, 0x63, 0x08, 0x63, 0x08, 0x63, 0x08, 0x63, 0x08, 0x63, 0x08, 0x63, 0x08, 0x63, 0x08,
  0x63, 0x08, 0x63, 0x08, 0x63, 0x08, 0x63, 0x08, 0x63, 0x08, 0x63, 0x08, 0x63, 0x08, 0x63, 0x08,
  0x63, 0x08, 0x63, 0x08, 0x63, 0x08, 0x63, 0x08, 0x63, 0x08, 0x63, 0x08, 0x63, 0x08, 0x63, 0x08,
  0x63, 0x08, 0x63, 0x08, 0x63, 0x08, 0x63, 0x08, 0x63, 0x08, 0x63, 0x08, 0x63, 0x08, 0x63, 0x08,
  0x63, 0x08, 0x63, 0x08, 0x63, 0x08, 0x63, 0x08, 0x63, 0x08, 0x63, 0x08, 0x63, 0x08, 0x63, 0x08,
  0x63, 0x08, 0x63, 0x08, 0x63, 0x08, 0x63, 0x08, 0x63, 0x08, 0x63, 0x08, 0x63, 0x08, 0x63, 0x08,
  0x63, 0x08, 0x63, 0x08, 0x63, 0x08, 0x63, 0x08, 0x63, 0x08, 0x63, 0x08, 0x63, 0x08, 0x63, 0x08,
  0x63, 0x08, 0x63, 0x08, 0x63, 0x08, 0x63, 0x08, 0x63, 0x08, 0x63, 0x08, 0x63, 0x08, 0x63, 0x08,
  0x63, 0x08, 0x63, 0x08, 0x63, 0x08, 0x63, 0x08, 0x63, 0x08, 0x63, 0x08, 0x63, 0x08, 0x63, 0x08,
  0x63, 0x08, 0x63, 0x08, 0x63, 0x08, 0x63, 0x08, 0x63, 0x08, 0x63, 0x08, 0x63, 0x08, 0x63, 0x08,
  0x63, 0x08, 0x63, 0x08, 0x63, 0x08, 0x63, 0x08, 0x63, 0x08, 0x63, 0x08, 0x63, 0x08, 0x63, 0x08,
  0x63, 0x08, 0x63, 0x08, 0x63, 0x08, 0x63, 0x08, 0x63, 0x08, 0x63, 0x08, 0x63, 0x08, 0x63, 0x08,
  0x63, 0x08, 0x63, 0x08, 0x63, 0x08, 0x63, 0x08, 0x63, 0x08, 0x63, 0x08, 0x63, 0x08, 0x63, 0x08,
  0x63, 0x08, 0x63, 0x08, 0x63, 0x08, 0x63, 0x08, 0x63, 0x08, 0x63, 0x08, 0x63, 0x08, 0x63, 0x08,
  0x63, 0x08, 0x63, 0x08, 0x63, 0x08, 0x63, 0x08, 0x63, 0x08, 0x63, 0x08, 0x63, 0x08, 0x63, 0x08,
  0x63, 0x08, 0x63, 0x08, 0x63, 0x08, 0x63, 0x08, 0x63, 0x08, 0x63, 0x08, 0x63, 0x08, 0x63, 0x08,
  0x63, 0x08, 0x63, 0x08, 0x63, 0x08, 0x63, 0x08, 0x63, 0x08, 0x63, 0x08, 0x63, 0x08, 0x63, 0x08,
  0x63, 0x08, 0x63, 0x08, 0x63, 0x08, 0x63, 0x08, 0x63, 0x08, 0x63, 0x08, 0x63, 0x08, 0x63, 0x08,
  0x63, 0x08, 0x63, 0x08, 0x63, 0x08, 0x63, 0x08, 0x63, 0x08, 0x63, 0x08, 0x63, 0x08, 0x63, 0x08,
  0x63, 0x08, 0x63, 0x08, 0x63, 0x08, 0x63, 0x08, 0x63, 0x08, 0x63, 0x08, 0x63, 0x08, 0x63, 0x08,
  0x63, 0x08, 0x63, 0x08, 0x63, 0x08, 0x63, 0x08, 0x63, 0x08, 0x63, 0x08, 0x63, 0x08, 0x63, 0x08,
  0x63, 0x08, 0x63, 0x08, 0x63, 0x08, 0x63, 0x08, 0x63, 0x08, 0x63, 0x08, 0x63, 0x08, 0x63, 0x08,
  0x63, 0x08, 0x63, 0x08, 0x63, 0x08, 0x63, 0x08, 0x63, 0x08, 0x63, 0x08, 0x63, 0x08, 0x63, 0x08,
  0x63, 0x08, 0x63, 0x08, 0x63, 0x08, 0x63, 0x08, 0x63, 0x08, 0x63, 0x08, 0x63, 0x08, 0x63, 0x08,
  0x63, 0x08, 0x63, 0x08, 0x63, 0x08, 0x63, 0x08, 0x63, 0x08, 0x63, 0x08, 0x63, 0x08, 0x63, 0x08,
  0x63, 0x08, 0x63, 0x08, 0x63, 0x08, 0x63, 0x08, 0x63, 0x08, 0x63, 0x08, 0x63, 0x08, 0x63, 0x08,
  0x63, 0x08, 0x63, 0x08, 0x63, 0x08, 0x63, 0x08, 0x63, 0x08, 0x63, 0x08, 0x63, 0x08, 0x63, 0x08,
  0x63, 0x08, 0x63, 0x08, 0x63, 0x08, 0x63, 0x08, 0x63, 0x08, 0x63, 0x08, 0x63, 0x08, 0x63, 0x08,
  0x63, 0x08, 0x63, 0x08, 0x63, 0x08, 0x63, 0x08, 0x63, 0x08, 0x63, 0x08, 0x63, 0x08, 0x63, 0x08,
  0x63, 0x08, 0x63, 0x08, 0x63, 0x08, 0x63, 0x08, 0x63, 0x08, 0x63, 0x08, 0x63, 0x08, 0x63, 0x08,
  0x63, 0x08, 0x63, 0x08, 0x63, 0x08, 0x63, 0x08, 0x63, 0x08, 0x63, 0x08, 0x63, 0x08, 0x63, 0x08,
  0x63, 0x08, 0x63, 0x08, 0x63, 0x08, 0x63, 0x08, 0x63, 0x08, 0x63, 0x08, 0x63, 0x08, 0x63, 0x08,
  0x63, 0x08, 0x63, 0x08, 0x63, 0x08, 0x63, 0x08, 0x63, 0x08, 0x63, 0x08, 0x63, 0x08, 0x63, 0x08,
  0x63, 0x08, 0x63, 0x08, 0x63, 0x08, 0x63, 0x08, 0x63, 0x08, 0x63, 0x08, 0x63, 0x08, 0x63, 0x08,
  0x63, 0x08, 0x63, 0x08, 0x63, 0x08, 0x63, 0x08, 0x63, 0x08, 0x63, 0x08, 0x63, 0x08, 0x63, 0x08,
  0x63, 0x08, 0x63, 0x08, 0x63, 0x08, 0x63, 0x08, 0x63, 0x08, 0x63, 0x08, 0x63, 0x08, 0x63, 0x08,
  0x63, 0x08, 0x63, 0x08, 0x63, 0x08, 0x63, 0x08, 0x63, 0x08, 0x63, 0x08, 0x63, 0x08, 0x63, 0x08,
  0x63, 0x08, 0x63, 0x08, 0x63, 0x08, 0x63, 0x08, 0x63, 0x08, 0x63, 0x08, 0x63, 0x08, 0x63, 0x08,
  0x63, 0x08, 0x63, 0x08, 0x63, 0x08, 0x63, 0x08, 0x63, 0x08, 0x63, 0x08, 0x63, 0x08, 0x63, 0x08,
  0x63, 0x08, 0x63, 0x08, 0x63, 0x08, 0x63, 0x08, 0x63, 0x08, 0x63, 0x08, 0x63, 0x08, 0x63, 0x08,
  0x63, 0x08, 0x63, 0x08, 0x63, 0x08, 0x63, 0x08, 0x63, 0x08, 0x63, 0x08, 0x63, 0x08, 0x63, 0x08,
  0x63, 0x08, 0x63, 0x08, 0x63, 0x08, 0x63, 0x08, 0x63, 0x08, 0x63, 0x08, 0x63, 0x08, 0x63, 0x08,
  0x63, 0x08, 0x63, 0x08, 0x63, 0x08, 0x63, 0x08, 0x63, 0x08, 0x63, 0x08, 0x63, 0x08, 0x63, 0x08,
  0x63, 0x08, 0x63, 0x08, 0x63, 0x08, 0x63, 0x08, 0x63, 0x08, 0x63, 0x08, 0x63, 0x08, 0x63, 0x08,
  0x63, 0x08, 0x63, 0x08, 0x63, 0x08, 0x63, 0x08, 0x63, 0x08, 0x63, 0x08, 0x63, 0x08, 0x63, 0x08,
  0x63, 0x08, 0x63, 0x08, 0x63, 0x08, 0x63, 0x08, 0x63, 0x08, 0x63, 0x08, 0x63, 0x08, 0x63, 0x08,
  0x63, 0x08, 0x63, 0x08, 0x63, 0x08, 0x63, 0x08, 0x63, 0x08, 0x63, 0x08, 0x63, 0x08, 0x63, 0x08,
  0x63, 0x08, 0x63, 0x08, 0x63, 0x08, 0x63, 0x08, 0x63, 0x08, 0x63, 0x08, 0x63, 0x08, 0x63, 0x08,
  0x63, 0x08, 0x63, 0x08, 0x63, 0x08, 0x63, 0x08, 0x63, 0x08, 0x63, 0x08, 0x63, 0x08, 0x63, 0x08,
  0x63, 0x08, 0x63, 0x08, 0x63, 0x08, 0x63, 0x08, 0x63, 0x08, 0x63, 0x08, 0x63, 0x08, 0x63, 0x08,
  0x63, 0x08, 0x63, 0x08, 0x63, 0x08, 0x63, 0x08, 0x63, 0x08, 0x63, 0x08, 0x63, 0x08, 0x63, 0x08,
  0x63, 0x08, 0x63, 0x08, 0x63, 0x08, 0x63, 0x08, 0x63, 0x08, 0x63, 0x08, 0x63, 0x08, 0x63, 0x08,
  0x63, 0x08, 0x63, 0x08, 0x63, 0x08, 0x63, 0x08, 0x63, 0x08, 0x63, 0x08, 0x63, 0x08, 0x63, 0x08,
  0x63, 0x08, 0x63, 0x08, 0x63, 0x08, 0x63, 0x08, 0x63, 0x08, 0x63, 0x08, 0x63, 0x08, 0x63, 0x08,
  0x63, 0x08, 0x63, 0x08, 0x63, 0x08, 0x63, 0x08, 0x63, 0x08, 0x63, 0x08, 0x63, 0x08, 0x63, 0x08,
  0x63, 0x08, 0x63, 0x08, 0x63, 0x08, 0x63, 0x08, 0x63, 0x08, 0x63, 0x08, 0x63, 0x08, 0x63, 0x08,
  0x63, 0x08, 0x63, 0x08, 0x63, 0x08, 0x63, 0x08, 0x63, 0x08, 0x63, 0x08, 0x63, 0x08, 0x63, 0x08,
  0x63, 0x08, 0x63, 0x08, 0x63, 0x08, 0x63, 0x08, 0x63, 0x08, 0x63, 0x08, 0x63, 0x08, 0x63, 0x08,
  0x63, 0x08, 0x63, 0x08, 0x63, 0x08, 0x63, 0x08, 0x63, 0x08, 0x63, 0x08, 0x63, 0x08, 0x63, 0x08,
  0x63, 0x08, 0x63, 0x08, 0x63, 0x08, 0x63, 0x08, 0x63, 0x08, 0x63, 0x08, 0x63, 0x08, 0x63, 0x08,
  0x63, 0x08, 0x63, 0x08, 0x63, 0x08, 0x63, 0x08, 0x63, 0x08, 0x63, 0x08, 0x63, 0x08, 0x63, 0x08,
  0x63, 0x08, 0x63, 0x08, 0x63, 0x08, 0x63, 0x08, 0x63, 0x08, 0x63, 0x08, 0x63, 0x08, 0x63, 0x08,
  0x63, 0x08, 0x63, 0x08, 0x63, 0x08, 0x63, 0x08, 0x63, 0x08, 0x63, 0x08, 0x63, 0x08, 0x63, 0x08,
  0x63, 0x08, 0x63, 0x08, 0x63, 0x08, 0x63, 0x08, 0x63, 0x08, 0x63, 0x08, 0x63, 0x08, 0x63, 0x08,
  0x63, 0x08, 0x63, 0x08, 0x63, 0x08, 0x63, 0x08, 0x63, 0x08, 0x63, 0x08, 0x63, 0x08, 0x63, 0x08,
  0x63, 0x08, 0x63, 0x08, 0x63, 0x08, 0x63, 0x08, 0x63, 0x08, 0x63, 0x08, 0x63, 0x08, 0x63, 0x08,
  0x63, 0x08, 0x63, 0x08, 0x63, 0x08, 0x63, 0x08, 0x63, 0x08, 0x63, 0x08, 0x63, 0x08, 0x63, 0x08,
  0x63, 0x08, 0x63, 0x08, 0x63, 0x08, 0x63, 0x08, 0x63, 0x08, 0x63, 0x08, 0x63, 0x08, 0x63, 0x08,
  0x63, 0x08, 0x63, 0x08, 0x63, 0x08, 0x63, 0x08, 0x63, 0x08, 0x63, 0x08, 0x63, 0x08, 0x63, 0x08,
  0x63, 0x08, 0x63, 0x08, 0x63, 0x08, 0x63, 0x08, 0x63, 0x08, 0x63, 0x08, 0x63, 0x08, 0x63, 0x08,
  0x63, 0x08, 0x63, 0x08, 0x63, 0x08, 0x63, 0x08, 0x63, 0x08, 0x63, 0x08, 0x63, 0x08, 0x63, 0x08,
  0x63, 0x08, 0x63, 0x08, 0x63, 0x08, 0x63, 0x08, 0x63, 0x08, 0x63, 0x08, 0x63, 0x08, 0x63, 0x08,
  0x63, 0x08, 0x63, 0x08, 0x63, 0x08, 0x63, 0x08, 0x63, 0x08, 0x63, 0x08, 0x63, 0x08, 0x63, 0x08,
  0x63, 0x08, 0x63, 0x08, 0x63, 0x08, 0x63, 0x08, 0x63, 0x08, 0x63, 0x08, 0x63, 0x08, 0x63, 0x08,
  0x63, 0x08, 0x63, 0x08, 0x63, 0x08, 0x63, 0x08, 0x63, 0x08, 0x63, 0x08, 0x63, 0x08, 0x63, 0x08,
  0x63, 0x08, 0x63, 0x08, 0x63, 0x08, 0x63, 0x08, 0x63, 0x08, 0x63, 0x08, 0x63, 0x08, 0x63, 0x08,
  0x63, 0x08, 0x63, 0x08, 0x63, 0x08, 0x63, 0x08, 0x63, 0x08, 0x63, 0x08, 0x63, 0x08, 0x63, 0x08,
  0x63, 0x08, 0x63, 0x08, 0x63, 0x08, 0x63, 0x08, 0x63, 0x08, 0x63, 0x08, 0x63, 0x08, 0x63, 0x08,
  0x63, 0x08, 0x63, 0x08, 0x63, 0x08, 0x63, 0x08, 0x63, 0x08, 0x63, 0x08, 0x63, 0x08, 0x63, 0x08,
  0x63, 0x08, 0x63, 0x08, 0x63, 0x08, 0x63, 0x08, 0x63, 0x08, 0x63, 0x08, 0x63, 0x08, 0x63, 0x08,
  0x63, 0x08, 0x63, 0x08, 0x63, 0x08, 0x63, 0x08, 0x63, 0x08, 0x63, 0x08, 0x63, 0x08, 0x63, 0x08,
  0x63, 0x08, 0x63, 0x08, 0x63, 0x08, 0x63, 0x08, 0x63, 0x08, 0x63, 0x08, 0x63, 0x08, 0x63, 0x08,
  0x63, 0x08, 0x63, 0x08, 0x63, 0x08, 0x63, 0x08, 0x63, 0x08, 0x63, 0x08, 0x63, 0x08, 0x63, 0x08,
  0x63, 0x08, 0x63, 0x08, 0x63, 0x08, 0x63, 0x08, 0x63, 0x08, 0x63, 0x08, 0x63, 0x08, 0x63, 0x08,
  0x63, 0x08, 0x63, 0x08, 0x63, 0x08, 0x63, 0x08, 0x63, 0x08, 0x63, 0x08, 0x63, 0x08, 0x63, 0x08,
  0x63, 0x08, 0x63, 0x08, 0x63, 0x08, 0x63, 0x08, 0x63, 0x08, 0x63, 0x08, 0x63, 0x08, 0x63, 0x08,
  0x63, 0x08, 0x63, 0x08, 0x63, 0x08, 0x63, 0x08, 0x63, 0x08, 0x63, 0x08, 0x63, 0x08, 0x63, 0x08,
  0x63, 0x08, 0x63, 0x08, 0x63, 0x08, 0x63, 0x08, 0x63, 0x08, 0x63, 0x08, 0x63, 0x08, 0x63, 0x08,
  0x63, 0x08, 0x63, 0x08, 0x63, 0x08, 0x63, 0x08, 0x63, 0x08, 0x63, 0x08, 0x63, 0x08, 0x63, 0x08,
  0x63, 0x08, 0x63, 0x08, 0x63, 0x08, 0x63, 0x08, 0x63, 0x08, 0x63, 0x08, 0x63, 0x08, 0x63, 0x08,
  0x63, 0x08, 0x63, 0x08, 0x63, 0x08, 0x63, 0x08, 0x63, 0x08, 0x63, 0x08, 0x63, 0x08, 0x63, 0x08,
  0x63, 0x08, 0x63, 0x08, 0x63, 0x08, 0x63, 0x08, 0x63, 0x08, 0x63, 0x08, 0x63, 0x08, 0x63, 0x08,
  0x63, 0x08, 0x63, 0x08, 0x63, 0x08, 0x63, 0x08, 0x63, 0x08, 0x63, 0x08, 0x63, 0x08, 0x63, 0x08,
  0x63, 0x08, 0x63, 0x08, 0x63, 0x08, 0x63, 0x08, 0x63, 0x08, 0x63, 0x08, 0x63, 0x08, 0x63, 0x08,
  0x63, 0x08, 0x63, 0x08, 0x63, 0x08, 0x63, 0x08, 0x63, 0x08, 0x63, 0x08, 0x63, 0x08, 0x63, 0x08,
  0x63, 0x08, 0x63, 0x08, 0x63, 0x08, 0x63, 0x08, 0x63, 0x08, 0x63, 0x08, 0x63, 0x08, 0x63, 0x08,
  0x63, 0x08, 0x63, 0x08, 0x63, 0x08, 0x63, 0x08, 0x63, 0x08, 0x63, 0x08, 0x63, 0x08, 0x63, 0x08,
  0x63, 0x08, 0x63, 0x08, 0x63, 0x08, 0x63, 0x08, 0x63, 0x08, 0x63, 0x08, 0x63, 0x08, 0x63, 0x08,
  0x63, 0x08, 0x63, 0x08, 0x63, 0x08, 0x63, 0x08, 0x63, 0x08, 0x63, 0x08, 0x63, 0x08, 0x63, 0x08,
  0x63, 0x08, 0x63, 0x08, 0x63, 0x08, 0x63, 0x08, 0x63, 0x08, 0x63, 0x08, 0x63, 0x08, 0x63, 0x08,
  0x63, 0x08, 0x63, 0x08, 0x63, 0x08, 0x63, 0x08, 0x63, 0x08, 0x63, 0x08, 0x63, 0x08, 0x63, 0x08,
  0x63, 0x08, 0x63, 0x08, 0x63, 0x08, 0x63, 0x08, 0x63, 0x08, 0x63, 0x08, 0x63, 0x08, 0x63, 0x08,
  0x63, 0x08, 0x63, 0x08, 0x63, 0x08, 0x63, 0x08, 0x63, 0x08, 0x63, 0x08, 0x63, 0x08, 0x63, 0x08,
  0x63, 0x08, 0x63, 0x08, 0x63, 0x08, 0x63, 0x08, 0x63, 0x08, 0x63, 0x08, 0x63, 0x08, 0x63, 0x08,
  0x63, 0x08, 0x63, 0x08, 0x63, 0x08, 0x63, 0x08, 0x63, 0x08, 0x63, 0x08, 0x63, 0x08, 0x63, 0x08,
  0x63, 0x08, 0x63, 0x08, 0x63, 0x08, 0x63, 0x08, 0x63, 0x08, 0x63, 0x08, 0x63, 0x08, 0x63, 0x08,
  0x63, 0x08, 0x63, 0x08, 0x63, 0x08, 0x63, 0x08, 0x63, 0x08, 0x63, 0x08, 0x63, 0x08, 0x63, 0x08,
  0x63, 0x08, 0x63, 0x08, 0x63, 0x08, 0x63, 0x08, 0x63, 0x08, 0x63, 0x08, 0x63, 0x08, 0x63, 0x08,
  0x63, 0x08, 0x63, 0x08, 0x63, 0x08, 0x63, 0x08, 0x63, 0x08, 0x63, 0x08, 0x63, 0x08, 0x63, 0x08,
  0x63, 0x08, 0x63, 0x08, 0x63, 0x08, 0x63, 0x08, 0x63, 0x08, 0x63, 0x08, 0x63, 0x08, 0x63, 0x08,
  0x63, 0x08, 0x63, 0x08, 0x63, 0x08, 0x63, 0x08, 0x63, 0x08, 0x63, 0x08, 0x63, 0x08, 0x63, 0x08,
  0x63, 0x08, 0x63, 0x08, 0x63, 0x08, 0x63, 0x08, 0x63, 0x08, 0x63, 0x08, 0x63, 0x08, 0x63, 0x08,
  0x63, 0x08, 0x63, 0x08, 0x63, 0x08, 0x63, 0x08, 0x63, 0x08, 0x63, 0x08, 0x63, 0x08, 0x63, 0x08,
  0x63, 0x08, 0x63, 0x08, 0x63, 0x08, 0x63, 0x08, 0x63, 0x08, 0x63, 0x08, 0x63, 0x08, 0x63, 0x08,
  0x63, 0x08, 0x63, 0x08, 0x63, 0x08, 0x63, 0x08, 0x63, 0x08, 0x63, 0x08, 0x63, 0x08, 0x63, 0x08,
  0x63, 0x08, 0x63, 0x08, 0x63, 0x08, 0x63, 0x08, 0x63, 0x08, 0x63, 0x08, 0x63, 0x08, 0x63, 0x08,
  0x63, 0x08, 0x63, 0x08, 0x63, 0x08, 0x63, 0x08, 0x63, 0x08, 0x63, 0x08, 0x63, 0x08, 0x63, 0x08,
  0x63, 0x08, 0x63, 0x08, 0x63, 0x08, 0x63, 0x08, 0x63, 0x08, 0x63, 0x08, 0x63, 0x08, 0x63, 0x08,
  0x63, 0x08, 0x63, 0x08, 0x63, 0x08, 0x63, 0x08, 0x63, 0x08, 0x63, 0x08, 0x63, 0x08, 0x63, 0x08,
  0x63, 0x08, 0x63, 0x08, 0x63, 0x08, 0x63, 0x08, 0x63, 0x08, 0x63, 0x08, 0x63, 0x08, 0x63, 0x08,
  0x63, 0x08, 0x63, 0x08, 0x63, 0x08, 0x63, 0x08, 0x63, 0x08, 0x63, 0x08, 0x63, 0x08, 0x63, 0x08,
  0x63, 0x08, 0x63, 0x08, 0x63, 0x08, 0x63, 0x08, 0x63, 0x08, 0x63, 0x08, 0x63, 0x08, 0x63, 0x08,
  0x63, 0x08, 0x63, 0x08, 0x63, 0x08, 0x63, 0x08, 0x63, 0x08, 0x63, 0x08, 0x63, 0x08, 0x63, 0x08,
  0x63, 0x08, 0x63, 0x08, 0x63, 0x08, 0x63, 0x08, 0x63, 0x08, 0x63, 0x08, 0x63, 0x08, 0x63, 0x08,
  0x63, 0x08, 0x63, 0x08, 0x63, 0x08, 0x63, 0x08, 0x63, 0x08, 0x63, 0x08, 0x63, 0x08, 0x63, 0x08,
  0x63, 0x08, 0x63, 0x08, 0x63, 0x08, 0x63, 0x08, 0x63, 0x08, 0x63, 0x08, 0x63, 0x08, 0x63, 0x08,
  0x63, 0x08, 0x63, 0x08, 0x63, 0x08, 0x63, 0x08, 0x63, 0x08, 0x63, 0x08, 0x63, 0x08, 0x63, 0x08,
  0x63, 0x08, 0x63, 0x08, 0x63, 0x08, 0x63, 0x08, 0x63, 0x08, 0x63, 0x08, 0x63, 0x08, 0x63, 0x08,
  0x63, 0x08, 0x63, 0x08, 0x63, 0x08, 0x63, 0x08, 0x63, 0x08, 0x63, 0x08, 0x63, 0x08, 0x63, 0x08,
  0x63, 0x08, 0x63, 0x08, 0x63, 0x08, 0x63, 0x08, 0x63, 0x08, 0x63, 0x08, 0x63, 0x08, 0x63, 0x08,
  0x63, 0x08, 0x63, 0x08, 0x63, 0x08, 0x63, 0x08, 0x63, 0x08, 0x63, 0x08, 0x63, 0x08, 0x63, 0x08,
  0x63, 0x08, 0x63, 0x08, 0x63, 0x08, 0x63, 0x08, 0x63, 0x08, 0x63, 0x08, 0x63, 0x08, 0x63, 0x08,
  0x63, 0x08, 0x63, 0x08, 0x63, 0x08, 0x63, 0x08, 0x63, 0x08, 0x63, 0x08, 0x63, 0x08, 0x63, 0x08,
  0x63, 0x08, 0x63, 0x08, 0x63, 0x08, 0x63, 0x08, 0x63, 0x08, 0x63, 0x08, 0x63, 0x08, 0x63, 0x08,
  0x63, 0x08, 0x63, 0x08, 0x63, 0x08, 0x63, 0x08, 0x63, 0x08, 0x63, 0x08, 0x63, 0x08, 0x63, 0x08,
  0x63, 0x08, 0x63, 0x08, 0x63, 0x08, 0x63, 0x08, 0x63, 0x08, 0x63, 0x08, 0x63, 0x08, 0x63, 0x08,
  0x63, 0x08, 0x63, 0x08, 0x63, 0x08, 0x63, 0x08, 0x63, 0x08, 0x63, 0x08, 0x63, 0x08, 0x63, 0x08,
  0x63, 0x08, 0x63, 0x08, 0x63, 0x08, 0x63, 0x08, 0x63, 0x08, 0x63, 0x08, 0x63, 0x08, 0x63, 0x08,
  0x63, 0x08, 0x63, 0x08, 0x63, 0x08, 0x63, 0x08, 0x63, 0x08, 0x63, 0x08, 0x63, 0x08, 0x63, 0x08,
  0x63, 0x08, 0x63, 0x08, 0x63, 0x08, 0x63, 0x08, 0x63, 0x08, 0x63, 0x08, 0x63, 0x08, 0x63, 0x08,
  0x63, 0x08, 0x63, 0x08, 0x63, 0x08, 0x63, 0x08, 0x63, 0x08, 0x63, 0x08, 0x63, 0x08, 0x63, 0x08,
  0x63, 0x08, 0x63, 0x08, 0x63, 0x08, 0x63, 0x08, 0x63, 0x08, 0x63, 0x08, 0x63, 0x08, 0x63, 0x08,
  0x63, 0x08, 0x63, 0x08, 0x63, 0x08, 0x63, 0x08, 0x63, 0x08, 0x63, 0x08, 0x63, 0x08, 0x63, 0x08,
  0x63, 0x08, 0x63, 0x08, 0x63, 0x08, 0x63, 0x08, 0x63, 0x08, 0x63, 0x08, 0x63, 0x08, 0x63, 0x08,
  0x63, 0x08, 0x63, 0x08, 0x63, 0x08, 0x63, 0x08, 0x63, 0x08, 0x63, 0x08, 0x63, 0x08, 0x63, 0x08,
  0x63, 0x08, 0x63, 0x08, 0x63, 0x08, 0x63, 0x08, 0x63, 0x08, 0x63, 0x08, 0x63, 0x08, 0x63, 0x08,
  0x63, 0x08, 0x63, 0x08, 0x63, 0x08, 0x63, 0x08, 0x63, 0x08, 0x63, 0x08, 0x63, 0x08, 0x63, 0x08,
  0x63, 0x08, 0x63, 0x08, 0x63, 0x08, 0x63, 0x08, 0x63, 0x08, 0x63, 0x08, 0x63, 0x08, 0x63, 0x08,
  0x63, 0x08, 0x63, 0x08, 0x63, 0x08, 0x63, 0x08, 0x63, 0x08, 0x63, 0x08, 0x63, 0x08, 0x63, 0x08,
  0x63, 0x08, 0x63, 0x08, 0x63, 0x08, 0x63, 0x08, 0x63, 0x08, 0x63, 0x08, 0x63, 0x08, 0x63, 0x08,
  0x63, 0x08, 0x63, 0x08, 0x63, 0x08, 0x63, 0x08, 0x63, 0x08, 0x63, 0x08, 0x63, 0x08, 0x63, 0x08,
  0x63, 0x08, 0x63, 0x08, 0x63, 0x08, 0x63, 0x08, 0x63, 0x08, 0x63, 0x08, 0x63, 0x08, 0x63, 0x08,
  0x63, 0x08, 0x63, 0x08, 0x63, 0x08, 0x63, 0x08, 0x63, 0x08, 0x63, 0x08, 0x63, 0x08, 0x63, 0x08,
  0x63, 0x08, 0x63, 0x08, 0x63, 0x08, 0x63, 0x08, 0x63, 0x08, 0x63, 0x08, 0x63, 0x08, 0x63, 0x08,
  0x63, 0x08, 0x63, 0x08, 0x63, 0x08, 0x63, 0x08, 0x63, 0x08, 0x63, 0x08, 0x63, 0x08, 0x63, 0x08,
  0x63, 0x08, 0x63, 0x08, 0x63, 0x08, 0x63, 0x08, 0x63, 0x08, 0x63, 0x08, 0x63, 0x08, 0x63, 0x08,
  0x63, 0x08, 0x63, 0x08, 0x63, 0x08, 0x63, 0x08, 0x63, 0x08, 0x63, 0x08, 0x63, 0x08, 0x63, 0x08,
  0x63, 0x08, 0x63, 0x08, 0x63, 0x08, 0x63, 0x08, 0x63, 0x08, 0x63, 0x08, 0x63, 0x08, 0x63, 0x08,
  0x63, 0x08, 0x63, 0x08, 0x63, 0x08, 0x63, 0x08, 0x63, 0x08, 0x63, 0x08, 0x63, 0x08, 0x63, 0x08,
  0x63, 0x08, 0x63, 0x08, 0x63, 0x08, 0x63, 0x08, 0x63, 0x08, 0x63, 0x08, 0x63, 0x08, 0x63, 0x08,
  0x63, 0x08, 0x63, 0x08, 0x63, 0x08, 0x63, 0x08, 0x63, 0x08, 0x63, 0x08, 0x63, 0x08, 0x63, 0x08,
  0x63, 0x08, 0x63, 0x08, 0x63, 0x08, 0x63, 0x08, 0x63, 0x08, 0x63, 0x08, 0x63, 0x08, 0x63, 0x08,
  0x63, 0x08, 0x63, 0x08, 0x63, 0x08, 0x63, 0x08, 0x63, 0x08, 0x63, 0x08, 0x63, 0x08, 0x63, 0x08,
  0x63, 0x08, 0x63, 0x08, 0x63, 0x08, 0x63, 0x08, 0x63, 0x08, 0x63, 0x08, 0x63, 0x08, 0x63, 0x08,
  0x63, 0x08, 0x63, 0x08, 0x63, 0x08, 0x63, 0x08, 0x63, 0x08, 0x63, 0x08, 0x63, 0x08, 0x63, 0x08,
  0x63, 0x08, 0x63, 0x08, 0x63, 0x08, 0x63, 0x08, 0x63, 0x08, 0x63, 0x08, 0x63, 0x08, 0x63, 0x08,
  0x63, 0x08, 0x63, 0x08, 0x63, 0x08, 0x63, 0x08, 0x63, 0x08, 0x63, 0x08, 0x63, 0x08, 0x63, 0x08,
  0x63, 0x08, 0x63, 0x08, 0x63, 0x08, 0x63, 0x08, 0x63, 0x08, 0x63, 0x08, 0x63, 0x08, 0x63, 0x08,
  0x63, 0x08, 0x63, 0x08, 0x63, 0x08, 0x63, 0x08, 0x63, 0x08, 0x63, 0x08, 0x63, 0x08, 0x63, 0x08,
  0x63, 0x08, 0x63, 0x08, 0x63, 0x08, 0x63, 0x08, 0x63, 0x08, 0x63, 0x08, 0x63, 0x08, 0x63, 0x08,
  0x63, 0x08, 0x63, 0x08, 0x63, 0x08, 0x63, 0x08, 0x63, 0x08, 0x63, 0x08, 0x63, 0x08, 0x63, 0x08,
  0x63, 0x08, 0x63, 0x08, 0x63, 0x08, 0x63, 0x08, 0x63, 0x08, 0x63, 0x08, 0x63, 0x08, 0x63, 0x08,
  0x63, 0x08, 0x63, 0x08, 0x63, 0x08, 0x63, 0x08, 0x63, 0x08, 0x63, 0x08, 0x63, 0x08, 0x63, 0x08,
  0x63, 0x08, 0x63, 0x08, 0x63, 0x08, 0x63, 0x08, 0x63, 0x08, 0x63, 0x08, 0x63, 0x08, 0x63, 0x08,
  0x63, 0x08, 0x63, 0x08, 0x63, 0x08, 0x63, 0x08, 0x63, 0x08, 0x63, 0x08, 0x63, 0x08, 0x63, 0x08,
  0x63, 0x08, 0x63, 0x08, 0x63, 0x08, 0x63, 0x08, 0x63, 0x08, 0x63, 0x08, 0x63, 0x08, 0x63, 0x08,
  0x63, 0x08, 0x63, 0x08, 0x63, 0x08, 0x63, 0x08, 0x63, 0x08, 0x63, 0x08, 0x63, 0x08, 0x63, 0x08,
  0x63, 0x08, 0x63, 0x08, 0x63, 0x08, 0x63, 0x08, 0x63, 0x08, 0x63, 0x08, 0x63, 0x08, 0x63, 0x08,
  0x63, 0x08, 0x63, 0x08, 0x63, 0x08, 0x63, 0x08, 0x63, 0x08, 0x63, 0x08, 0x63, 0x08, 0x63, 0x08,
  0x63, 0x08, 0x63, 0x08, 0x63, 0x08, 0x63, 0x08, 0x63, 0x08, 0x63, 0x08, 0x63, 0x08, 0x63, 0x08,
  0x63, 0x08, 0x63, 0x08, 0x63, 0x08, 0x63, 0x08, 0x63, 0x08, 0x63, 0x08, 0x63, 0x08, 0x63, 0x08,
  0x63, 0x08, 0x63, 0x08, 0x63, 0x08, 0x63, 0x08, 0x63, 0x08, 0x63, 0x08, 0x63, 0x08, 0x63, 0x08,
  0x63, 0x08, 0x63, 0x08, 0x63, 0x08, 0x63, 0x08, 0x63, 0x08, 0x63, 0x08, 0x63, 0x08, 0x63, 0x08,
  0x63, 0x08, 0x63, 0x08, 0x63, 0x08, 0x63, 0x08, 0x63, 0x08, 0x63, 0x08, 0x63, 0x08, 0x63, 0x08,
  0x63, 0x08, 0x63, 0x08, 0x63, 0x08, 0x63, 0x08, 0x63, 0x08, 0x63, 0x08, 0x63, 0x08, 0x63, 0x08,
  0x63, 0x08, 0x63, 0x08, 0x63, 0x08, 0x63, 0x08, 0x63, 0x08, 0x63, 0x08, 0x63, 0x08, 0x63, 0x08,
  0x63, 0x08, 0x63, 0x08, 0x63, 0x08, 0x63, 0x08, 0x63, 0x08, 0x63, 0x08, 0x63, 0x08, 0x63, 0x08,
  0x63, 0x08, 0x63, 0x08, 0x63, 0x08, 0x63, 0x08, 0x63, 0x08, 0x63, 0x08, 0x63, 0x08, 0x63, 0x08,
  0x63, 0x08, 0x63, 0x08, 0x63, 0x08, 0x63, 0x08, 0x63, 0x08, 0x63, 0x08, 0x63, 0x08, 0x63, 0x08,
  0x63, 0x08, 0x63, 0x08, 0x63, 0x08, 0x63, 0x08, 0x63, 0x08, 0x63, 0x08, 0x63, 0x08, 0x63, 0x08,
  0x63, 0x08, 0x63, 0x08, 0x63, 0x08, 0x63, 0x08, 0x63, 0x08, 0x63, 0x08, 0x63, 0x08, 0x63, 0x08,
  0x63, 0x08, 0x63, 0x08, 0x63, 0x08, 0x63, 0x08, 0x63, 0x08, 0x63, 0x08, 0x63, 0x08, 0x63, 0x08,
  0x63, 0x08, 0x63, 0x08, 0x63, 0x08, 0x63, 0x08, 0x63, 0x08, 0x63, 0x08, 0x63, 0x08, 0x63, 0x08,
  0x63, 0x08, 0x63, 0x08, 0x63, 0x08, 0x63, 0x08, 0x63, 0x08, 0x63, 0x08, 0x63, 0x08, 0x63, 0x08,
  0x63, 0x08, 0x63, 0x08, 0x63, 0x08, 0x63, 0x08, 0x63, 0x08, 0x63, 0x08, 0x63, 0x08, 0x63, 0x08,
  0x63, 0x08, 0x63, 0x08, 0x63, 0x08, 0x63, 0x08, 0x63, 0x08, 0x63, 0x08, 0x63, 0x08, 0x63, 0x08,
  0x63, 0x08, 0x63, 0x08, 0x63, 0x08, 0x63, 0x08, 0x63, 0x08, 0x63, 0x08, 0x63, 0x08, 0x63, 0x08,
  0x63, 0x08, 0x63, 0x08, 0x63, 0x08, 0x63, 0x08, 0x63, 0x08, 0x63, 0x08, 0x63, 0x08, 0x63, 0x08,
  0x63, 0x08, 0x63, 0x08, 0x63, 0x08, 0x63, 0x08, 0x63, 0x08, 0x63, 0x08, 0x63, 0x08, 0x63, 0x08,
  0x63, 0x08, 0x63, 0x08, 0x63, 0x08, 0x63, 0x08, 0x63, 0x08, 0x63, 0x08, 0x63, 0x08, 0x63, 0x08,
  0x63, 0x08, 0x63, 0x08, 0x63, 0x08, 0x63, 0x08, 0x63, 0x08, 0x63, 0x08, 0x63, 0x08, 0x63, 0x08,
  0x63, 0x08, 0x63, 0x08, 0x63, 0x08, 0x63, 0x08, 0x63, 0x08, 0x63, 0x08, 0x63, 0x08, 0x63, 0x08,
  0x63, 0x08, 0x63, 0x08, 0x63, 0x08, 0x63, 0x08, 0x63, 0x08, 0x63, 0x08, 0x63, 0x08, 0x63, 0x08,
  0x63, 0x08, 0x63, 0x08, 0x63, 0x08, 0x63, 0x08, 0x63, 0x08, 0x63, 0x08, 0x63, 0x08, 0x63, 0x08,
  0x63, 0x08, 0x63, 0x08, 0x63, 0x08, 0x63, 0x08, 0x63, 0x08, 0x63, 0x08, 0x63, 0x08, 0x63, 0x08,
  0x63, 0x08, 0x63, 0x08, 0x63, 0x08, 0x63, 0x08, 0x63, 0x08, 0x63, 0x08, 0x63, 0x08, 0x63, 0x08,
  0x63, 0x08, 0x63, 0x08, 0x63, 0x08, 0x63, 0x08, 0x63, 0x08, 0x63, 0x08, 0x63, 0x08, 0x63, 0x08,
  0x63, 0x08, 0x63, 0x08, 0x63, 0x08, 0x63, 0x08, 0x63, 0x08, 0x63, 0x08, 0x63, 0x08, 0x63, 0x08,
  0x63, 0x08, 0x63, 0x08, 0x63, 0x08, 0x63, 0x08, 0x63, 0x08, 0x63, 0x08, 0x63, 0x08, 0x63, 0x08,
  0x63, 0x08, 0x63, 0x08, 0x63, 0x08, 0x63, 0x08, 0x63, 0x08, 0x63, 0x08, 0x63, 0x08, 0x63, 0x08,
  0x63, 0x08, 0x63, 0x08, 0x63, 0x08, 0x63, 0x08, 0x63, 0x08, 0x63, 0x08, 0x63, 0x08, 0x63, 0x08,
  0x63, 0x08, 0x63, 0x08, 0x63, 0x08, 0x63, 0x08, 0x63, 0x08, 0x63, 0x08, 0x63, 0x08, 0x63, 0x08,
  0x63, 0x08, 0x63, 0x08, 0x63, 0x08, 0x63, 0x08, 0x63, 0x08, 0x63, 0x08, 0x63, 0x08, 0x63, 0x08,
  0x63, 0x08, 0x63, 0x08, 0x63, 0x08, 0x63, 0x08, 0x63, 0x08, 0x63, 0x08, 0x63, 0x08, 0x63, 0x08,
  0x63, 0x08, 0x63, 0x08, 0x63, 0x08, 0x63, 0x08, 0x63, 0x08, 0x63, 0x08, 0x63, 0x08, 0x63, 0x08,
  0x63, 0x08, 0x63, 0x08, 0x63, 0x08, 0x63, 0x08, 0x63, 0x08, 0x63, 0x08, 0x63, 0x08, 0x63, 0x08,
  0x63, 0x08, 0x63, 0x08, 0x63, 0x08, 0x63, 0x08, 0x63, 0x08, 0x63, 0x08, 0x63, 0x08, 0x63, 0x08,
  0x63, 0x08, 0x63, 0x08, 0x63, 0x08, 0x63, 0x08, 0x63, 0x08, 0x63, 0x08, 0x63, 0x08, 0x63, 0x08,
  0x63, 0x08, 0x63, 0x08, 0x63, 0x08, 0x63, 0x08, 0x63, 0x08, 0x63, 0x08, 0x63, 0x08, 0x63, 0x08,
  0x63, 0x08, 0x63, 0x08, 0x63, 0x08, 0x63, 0x08, 0x63, 0x08, 0x63, 0x08, 0x63, 0x08, 0x63, 0x08,
  0x63, 0x08, 0x63, 0x08, 0x63, 0x08, 0x63, 0x08, 0x63, 0x08, 0x63, 0x08, 0x63, 0x08, 0x63, 0x08,
  0x63, 0x08, 0x63, 0x08, 0x63, 0x08, 0x63, 0x08, 0x63, 0x08, 0x63, 0x08, 0x63, 0x08, 0x63, 0x08,
  0x63, 0x08, 0x63, 0x08, 0x63, 0x08, 0x63, 0x08, 0x63, 0x08, 0x63, 0x08, 0x63, 0x08, 0x63, 0x08,
  0x63, 0x08, 0x63, 0x08, 0x63, 0x08, 0x63, 0x08, 0x63, 0x08, 0x63, 0x08, 0x63, 0x08, 0x63, 0x08,
  0x63, 0x08, 0x63, 0x08, 0x63, 0x08, 0x63, 0x08, 0x63, 0x08, 0x63, 0x08, 0x63, 0x08, 0x63, 0x08,
  0x63, 0x08, 0x63, 0x08, 0x63, 0x08, 0x63, 0x08, 0x63, 0x08, 0x63, 0x08, 0x63, 0x08, 0x63, 0x08,
  0x63, 0x08, 0x63, 0x08, 0x63, 0x08, 0x63, 0x08, 0x63, 0x08, 0x63, 0x08, 0x63, 0x08, 0x63, 0x08,
  0x63, 0x08, 0x63, 0x08, 0x63, 0x08, 0x63, 0x08, 0x63, 0x08, 0x63, 0x08, 0x63, 0x08, 0x63, 0x08,
  0x63, 0x08, 0x63, 0x08, 0x63, 0x08, 0x63, 0x08, 0x63, 0x08, 0x63, 0x08, 0x63, 0x08, 0x63, 0x08,
  0x63, 0x08, 0x63, 0x08, 0x63, 0x08, 0x63, 0x08, 0x63, 0x08, 0x63, 0x08, 0x63, 0x08, 0x63, 0x08,
  0x63, 0x08, 0x63, 0x08, 0x63, 0x08, 0x63, 0x08, 0x63, 0x08, 0x63, 0x08, 0x63, 0x08, 0x63, 0x08,
  0x63, 0x08, 0x63, 0x08, 0x63, 0x08, 0x63, 0x08, 0x63, 0x08, 0x63, 0x08, 0x63, 0x08, 0x63, 0x08,
  0x63, 0x08, 0x63, 0x08, 0x63, 0x08, 0x63, 0x08, 0x63, 0x08, 0x63, 0x08, 0x63, 0x08, 0x63, 0x08,
  0x63, 0x08, 0x63, 0x08, 0x63, 0x08, 0x63, 0x08, 0x63, 0x08, 0x63, 0x08, 0x63, 0x08, 0x63, 0x08,
  0x63, 0x08, 0x63, 0x08, 0x63, 0x08, 0x63, 0x08, 0x63, 0x08, 0x63, 0x08, 0x63, 0x08, 0x63, 0x08,
  0x63, 0x08, 0x63, 0x08, 0x63, 0x08, 0x63, 0x08, 0x63, 0x08, 0x63, 0x08, 0x63, 0x08, 0x63, 0x08,
  0x63, 0x08, 0x63, 0x08, 0x63, 0x08, 0x63, 0x08, 0x63, 0x08, 0x63, 0x08, 0x63, 0x08, 0x63, 0x08,
  0x63, 0x08, 0x63, 0x08, 0x63, 0x08, 0x63, 0x08, 0x63, 0x08, 0x63, 0x08, 0x63, 0x08, 0x63, 0x08,
  0x63, 0x08, 0x63, 0x08, 0x63, 0x08, 0x63, 0x08, 0x63, 0x08, 0x63, 0x08, 0x63, 0x08, 0x63, 0x08,
  0x63, 0x08, 0x63, 0x08, 0x63, 0x08, 0x63, 0x08, 0x63, 0x08, 0x63, 0x08, 0x63, 0x08, 0x63, 0x08,
  0x63, 0x08, 0x63, 0x08, 0x63, 0x08, 0x63, 0x08, 0x63, 0x08, 0x63, 0x08, 0x63, 0x08, 0x63, 0x08,
  0x63, 0x08, 0x63, 0x08, 0x63, 0x08, 0x63, 0x08, 0x63, 0x08, 0x63, 0x08, 0x63, 0x08, 0x63, 0x08,
  0x63, 0x08, 0x63, 0x08, 0x63, 0x08, 0x63, 0x08, 0x63, 0x08, 0x63, 0x08, 0x63, 0x08, 0x63, 0x08,
  0x63, 0x08, 0x63, 0x08, 0x63, 0x08, 0x63, 0x08, 0x63, 0x08, 0x63, 0x08, 0x63, 0x08, 0x63, 0x08,
  0x63, 0x08, 0x63, 0x08, 0x63, 0x08, 0x63, 0x08, 0x63, 0x08, 0x63, 0x08, 0x63, 0x08, 0x63, 0x08,
  0x63, 0x08, 0x63, 0x08, 0x63, 0x08, 0x63, 0x08, 0x63, 0x08, 0x63, 0x08, 0x63, 0x08, 0x63, 0x08,
  0x63, 0x08, 0x63, 0x08, 0x63, 0x08, 0x63, 0x08, 0x63, 0x08, 0x63, 0x08, 0x63, 0x08, 0x63, 0x08,
  0x63, 0x08, 0x63, 0x08, 0x63, 0x08, 0x63, 0x08, 0x63, 0x08, 0x63, 0x08, 0x63, 0x08, 0x63, 0x08,
  0x63, 0x08, 0x63, 0x08, 0x63, 0x08, 0x63, 0x08, 0x63, 0x08, 0x63, 0x08, 0x63, 0x08, 0x63, 0x08,
  0x63, 0x08, 0x63, 0x08, 0x63, 0x08, 0x63, 0x08, 0x63, 0x08, 0x63, 0x08, 0x63, 0x08, 0x63, 0x08,
  0x63, 0x08, 0x63, 0x08, 0x63, 0x08, 0x63, 0x08, 0x63, 0x08, 0x63, 0x08, 0x63, 0x08, 0x63, 0x08,
  0x63, 0x08, 0x63, 0x08, 0x63, 0x08, 0x63, 0x08, 0x63, 0x08, 0x63, 0x08, 0x63, 0x08, 0x63, 0x08,
  0x63, 0x08, 0x63, 0x08, 0x63, 0x08, 0x63, 0x08, 0x63, 0x08, 0x63, 0x08, 0x63, 0x08, 0x63, 0x08,
  0x63, 0x08, 0x63, 0x08, 0x63, 0x08, 0x63, 0x08, 0x63, 0x08, 0x63, 0x08, 0x63, 0x08, 0x63, 0x08,
  0x63, 0x08, 0x63, 0x08, 0x63, 0x08, 0x63, 0x08, 0x63, 0x08, 0x63, 0x08, 0x63, 0x08, 0x63, 0x08,
  0x63, 0x08, 0x63, 0x08, 0x63, 0x08, 0x63, 0x08, 0x63, 0x08, 0x63, 0x08, 0x63, 0x08, 0x63, 0x08,
  0x63, 0x08, 0x63, 0x08, 0x63, 0x08, 0x63, 0x08, 0x63, 0x08, 0x63, 0x08, 0x63, 0x08, 0x63, 0x08,
  0x63, 0x08, 0x63, 0x08, 0x63, 0x08, 0x63, 0x08, 0x63, 0x08, 0x63, 0x08, 0x63, 0x08, 0x63, 0x08,
  0x63, 0x08, 0x63, 0x08, 0x63, 0x08, 0x63, 0x08, 0x63, 0x08, 0x63, 0x08, 0x63, 0x08, 0x63, 0x08,
  0x63, 0x08, 0x63, 0x08, 0x63, 0x08, 0x63, 0x08, 0x63, 0x08, 0x63, 0x08, 0x63, 0x08, 0x63, 0x08,
  0x63, 0x08, 0x63, 0x08, 0x63, 0x08, 0x63, 0x08, 0x63, 0x08, 0x63, 0x08, 0x63, 0x08, 0x63, 0x08,
  0x63, 0x08, 0x63, 0x08, 0x63, 0x08, 0x63, 0x08, 0x63, 0x08, 0x63, 0x08, 0x63, 0x08, 0x63, 0x08,
  0x63, 0x08, 0x63, 0x08, 0x63, 0x08, 0x63, 0x08, 0x63, 0x08, 0x63, 0x08, 0x63, 0x08, 0x63, 0x08,
  0x63, 0x08, 0x63, 0x08, 0x63, 0x08, 0x63, 0x08, 0x63, 0x08, 0x63, 0x08, 0x63, 0x08, 0x63, 0x08,
  0x63, 0x08, 0x63, 0x08, 0x63, 0x08, 0x63, 0x08, 0x63, 0x08, 0x63, 0x08, 0x63, 0x08, 0x63, 0x08,
  0x63, 0x08, 0x63, 0x08, 0x63, 0x08, 0x63, 0x08, 0x63, 0x08, 0x63, 0x08, 0x63, 0x08, 0x63, 0x08,
  0x63, 0x08, 0x63, 0x08, 0x63, 0x08, 0x63, 0x08, 0x63, 0x08, 0x63, 0x08, 0x63, 0x08, 0x63, 0x08,
  0x63, 0x08, 0x63, 0x08, 0x63, 0x08, 0x63, 0x08, 0x63, 0x08, 0x63, 0x08, 0x63, 0x08, 0x63, 0x08,
  0x63, 0x08, 0x63, 0x08, 0x63, 0x08, 0x63, 0x08, 0x63, 0x08, 0x63, 0x08, 0x63, 0x08, 0x63, 0x08,
  0x63, 0x08, 0x63, 0x08, 0x63, 0x08, 0x63, 0x08, 0x63, 0x08, 0x63, 0x08, 0x63, 0x08, 0x63, 0x08,
  0x63, 0x08, 0x63, 0x08, 0x63, 0x08, 0x63, 0x08, 0x63, 0x08, 0x63, 0x08, 0x63, 0x08, 0x63, 0x08,
  0x63, 0x08, 0x63, 0x08, 0x63, 0x08, 0x63, 0x08, 0x63, 0x08, 0x63, 0x08, 0x63, 0x08, 0x63, 0x08,
  0x63, 0x08, 0x63, 0x08, 0x63, 0x08, 0x63, 0x08, 0x63, 0x08, 0x63, 0x08, 0x63, 0x08, 0x63, 0x08,
  0x63, 0x08, 0x63, 0x08, 0x63, 0x08, 0x63, 0x08, 0x63, 0x08, 0x63, 0x08, 0x63, 0x08, 0x63, 0x08,
  0x63, 0x08, 0x63, 0x08, 0x63, 0x08, 0x63, 0x08, 0x63, 0x08, 0x63, 0x08, 0x63, 0x08, 0x63, 0x08,
  0x63, 0x08, 0x63, 0x08, 0x63, 0x08, 0x63, 0x08, 0x63, 0x08, 0x63, 0x08, 0x63, 0x08, 0x63, 0x08,
  0x63, 0x08, 0x63, 0x08, 0x63, 0x08, 0x63, 0x08, 0x63, 0x08, 0x63, 0x08, 0x63, 0x08, 0x63, 0x08,
  0x63, 0x08, 0x63, 0x08, 0x63, 0x08, 0x63, 0x08, 0x63, 0x08, 0x63, 0x08, 0x63, 0x08, 0x63, 0x08,
  0x63, 0x08, 0x63, 0x08, 0x63, 0x08, 0x63, 0x08, 0x63, 0x08, 0x63, 0x08, 0x63, 0x08, 0x63, 0x08,
  0x63, 0x08, 0x63, 0x08, 0x63, 0x08, 0x63, 0x08, 0x63, 0x08, 0x63, 0x08, 0x63, 0x08, 0x63, 0x08,
  0x63, 0x08, 0x63, 0x08, 0x63, 0x08, 0x63, 0x08, 0x63, 0x08, 0x63, 0x08, 0x63, 0x08, 0x63, 0x08,
  0x63, 0x08, 0x63, 0x08, 0x63, 0x08, 0x63, 0x08, 0x63, 0x08, 0x63, 0x08, 0x63, 0x08, 0x63, 0x08,
  0x63, 0x08, 0x63, 0x08, 0x63, 0x08, 0x63, 0x08, 0x63, 0x08, 0x63, 0x08, 0x63, 0x08, 0x63, 0x08,
  0x63, 0x08, 0x63, 0x08, 0x63, 0x08, 0x63, 0x08, 0x63, 0x08, 0x63, 0x08, 0x63, 0x08, 0x63, 0x08,
  0x63, 0x08, 0x63, 0x08, 0x63, 0x08, 0x63, 0x08, 0x63, 0x08, 0x63, 0x08, 0x63, 0x08, 0x63, 0x08,
  0x63, 0x08, 0x63, 0x08, 0x63, 0x08, 0x63, 0x08, 0x63, 0x08, 0x63, 0x08, 0x63, 0x08, 0x63, 0x08,
  0x63, 0x08, 0x63, 0x08, 0x63, 0x08, 0x63, 0x08, 0x63, 0x08, 0x63, 0x08, 0x63, 0x08, 0x63, 0x08,
  0x63, 0x08, 0x63, 0x08, 0x63, 0x08, 0x63, 0x08, 0x63, 0x08, 0x63, 0x08, 0x63, 0x08, 0x63, 0x08,
  0x63, 0x08, 0x63, 0x08, 0x63, 0x08, 0x63, 0x08, 0x63, 0x08, 0x63, 0x08, 0x63, 0x08, 0x63, 0x08,
  0x63, 0x08, 0x63, 0x08, 0x63, 0x08, 0x63, 0x08, 0x63, 0x08, 0x63, 0x08, 0x63, 0x08, 0x63, 0x08,
  0x63, 0x08, 0x63, 0x08, 0x63, 0x08, 0x63, 0x08, 0x63, 0x08, 0x63, 0x08, 0x63, 0x08, 0x63, 0x08,
  0x63, 0x08, 0x63, 0x08, 0x63, 0x08, 0x63, 0x08, 0x63, 0x08, 0x63, 0x08, 0x63, 0x08, 0x63, 0x08,
  0x63, 0x08, 0x63, 0x08, 0x63, 0x08, 0x63, 0x08, 0x63, 0x08, 0x63, 0x08, 0x63, 0x08, 0x63, 0x08,
  0x63, 0x08, 0x63, 0x08, 0x63, 0x08, 0x63, 0x08, 0x63, 0x08, 0x63, 0x08, 0x63, 0x08, 0x63, 0x08,
  0x63, 0x08, 0x63, 0x08, 0x63, 0x08, 0x63, 0x08, 0x63, 0x08, 0x63, 0x08, 0x63, 0x08, 0x63, 0x08,
  0x63, 0x08, 0x63, 0x08, 0x63, 0x08, 0x63, 0x08, 0x63, 0x08, 0x63, 0x08, 0x63, 0x08, 0x63, 0x08,
  0x63, 0x08, 0x63, 0x08, 0x63, 0x08, 0x63, 0x08, 0x63, 0x08, 0x63, 0x08, 0x63, 0x08, 0x63, 0x08,
  0x63, 0x08, 0x63, 0x08, 0x63, 0x08, 0x63, 0x08, 0x63, 0x08, 0x63, 0x08, 0x63, 0x08, 0x63, 0x08,
  0x63, 0x08, 0x63, 0x08, 0x63, 0x08, 0x63, 0x08, 0x63, 0x08, 0x63, 0x08, 0x63, 0x08, 0x63, 0x08,
  0x63, 0x08, 0x63, 0x08, 0x63, 0x08, 0x63, 0x08, 0x63, 0x08, 0x63, 0x08, 0x63, 0x08, 0x63, 0x08,
  0x63, 0x08, 0x63, 0x08, 0x63, 0x08, 0x63, 0x08, 0x63, 0x08, 0x63, 0x08, 0x63, 0x08, 0x63, 0x08,
  0x63, 0x08, 0x63, 0x08, 0x63, 0x08, 0x63, 0x08, 0x63, 0x08, 0x63, 0x08, 0x63, 0x08, 0x63, 0x08,
  0x63, 0x08, 0x63, 0x08, 0x63, 0x08, 0x63, 0x08, 0x63, 0x08, 0x63, 0x08, 0x63, 0x08, 0x63, 0x08,
  0x63, 0x08, 0x63, 0x08, 0x63, 0x08, 0x63, 0x08, 0x63, 0x08, 0x63, 0x08, 0x63, 0x08, 0x63, 0x08,
  0x63, 0x08, 0x63, 0x08, 0x63, 0x08, 0x63, 0x08, 0x63, 0x08, 0x63, 0x08, 0x63, 0x08, 0x63, 0x08,
  0x63, 0x08, 0x63, 0x08, 0x63, 0x08, 0x63, 0x08, 0x63, 0x08, 0x63, 0x08, 0x63, 0x08, 0x63, 0x08,
  0x63, 0x08, 0x63, 0x08, 0x63, 0x08, 0x63, 0x08, 0x63, 0x08, 0x63, 0x08, 0x63, 0x08, 0x63, 0x08,
  0x63, 0x08, 0x63, 0x08, 0x63, 0x08, 0x63, 0x08, 0x63, 0x08, 0x63, 0x08, 0x63, 0x08, 0x63, 0x08,
  0x63, 0x08, 0x63, 0x08, 0x63, 0x08, 0x63, 0x08, 0x63, 0x08, 0x63, 0x08, 0x63, 0x08, 0x63, 0x08,
  0x63, 0x08, 0x63, 0x08, 0x63, 0x08, 0x63, 0x08, 0x63, 0x08, 0x63, 0x08, 0x63, 0x08, 0x63, 0x08,
  0x63, 0x08, 0x63, 0x08, 0x63, 0x08, 0x63, 0x08, 0x63, 0x08, 0x63, 0x08, 0x63, 0x08, 0x63, 0x08,
  0x63, 0x08, 0x63, 0x08, 0x63, 0x08, 0x63, 0x08, 0x63, 0x08, 0x63, 0x08, 0x63, 0x08, 0x63, 0x08,
  0x63, 0x08, 0x63, 0x08, 0x63, 0x08, 0x63, 0x08, 0x63, 0x08, 0x63, 0x08, 0x63, 0x08, 0x63, 0x08,
  0x63, 0x08, 0x63, 0x08, 0x63, 0x08, 0x63, 0x08, 0x63, 0x08, 0x63, 0x08, 0x63, 0x08, 0x63, 0x08,
  0x63, 0x08, 0x63, 0x08, 0x63, 0x08, 0x63, 0x08, 0x63, 0x08, 0x63, 0x08, 0x63, 0x08, 0x63, 0x08,
  0x63, 0x08, 0x63, 0x08, 0x63, 0x08, 0x63, 0x08, 0x63, 0x08, 0x63, 0x08, 0x63, 0x08, 0x63, 0x08,
  0x63, 0x08, 0x63, 0x08, 0x63, 0x08, 0x63, 0x08, 0x63, 0x08, 0x63, 0x08, 0x63, 0x08, 0x63, 0x08,
  0x63, 0x08, 0x63, 0x08, 0x63, 0x08, 0x63, 0x08, 0x63, 0x08, 0x63, 0x08, 0x63, 0x08, 0x63, 0x08,
  0x63, 0x08, 0x63, 0x08, 0x63, 0x08, 0x63, 0x08, 0x63, 0x08, 0x63, 0x08, 0x63, 0x08, 0x63, 0x08,
  0x63, 0x08, 0x63, 0x08, 0x63, 0x08, 0x63, 0x08, 0x63, 0x08, 0x63, 0x08, 0x63, 0x08, 0x63, 0x08,
  0x63, 0x08, 0x63, 0x08, 0x63, 0x08, 0x63, 0x08, 0x63, 0x08, 0x63, 0x08, 0x63, 0x08, 0x63, 0x08,
  0x63, 0x08, 0x63, 0x08, 0x63, 0x08, 0x63, 0x08, 0x63, 0x08, 0x63, 0x08, 0x63, 0x08, 0x63, 0x08,
  0x63, 0x08, 0x63, 0x08, 0x63, 0x08, 0x63, 0x08, 0x63, 0x08, 0x63, 0x08, 0x63, 0x08, 0x63, 0x08,
  0x63, 0x08, 0x63, 0x08, 0x63, 0x08, 0x63, 0x08, 0x63, 0x08, 0x63, 0x08, 0x63, 0x08, 0x63, 0x08,
  0x63, 0x08, 0x63, 0x08, 0x63, 0x08, 0x63, 0x08, 0x63, 0x08, 0x63, 0x08, 0x63, 0x08, 0x63, 0x08,
  0x63, 0x08, 0x63, 0x08, 0x63, 0x08, 0x63, 0x08, 0x63, 0x08, 0x63, 0x08, 0x63, 0x08, 0x63, 0x08,
  0x63, 0x08, 0x63, 0x08, 0x63, 0x08, 0x63, 0x08, 0x63, 0x08, 0x63, 0x08, 0x63, 0x08, 0x63, 0x08,
  0x63, 0x08, 0x63, 0x08, 0x63, 0x08, 0x63, 0x08, 0x63, 0x08, 0x63, 0x08, 0x63, 0x08, 0x63, 0x08,
  0x63, 0x08, 0x63, 0x08, 0x63, 0x08, 0x63, 0x08, 0x63, 0x08, 0x63, 0x08, 0x63, 0x08, 0x63, 0x08,
  0x63, 0x08, 0x63, 0x08, 0x63, 0x08, 0x63, 0x08, 0x63, 0x08, 0x63, 0x08, 0x63, 0x08, 0x63, 0x08,
  0x63, 0x08, 0x63, 0x08, 0x63, 0x08, 0x63, 0x08, 0x63, 0x08, 0x63, 0x08, 0x63, 0x08, 0x63, 0x08,
  0x63, 0x08, 0x63, 0x08, 0x63, 0x08, 0x63, 0x08, 0x63, 0x08, 0x63, 0x08, 0x63, 0x08, 0x63, 0x08,
  0x63, 0x08, 0x63, 0x08, 0x63, 0x08, 0x63, 0x08, 0x63, 0x08, 0x63, 0x08, 0x63, 0x08, 0x63, 0x08,
  0x63, 0x08, 0x63, 0x08, 0x63, 0x08, 0x63, 0x08, 0x63, 0x08, 0x63, 0x08, 0x63, 0x08, 0x63, 0x08,
  0x63, 0x08, 0x63, 0x08, 0x63, 0x08, 0x63, 0x08, 0x63, 0x08, 0x63, 0x08, 0x63, 0x08, 0x63, 0x08,
  0x63, 0x08, 0x63, 0x08, 0x63, 0x08, 0x63, 0x08, 0x63, 0x08, 0x63, 0x08, 0x63, 0x08, 0x63, 0x08,
  0x63, 0x08, 0x63, 0x08, 0x63, 0x08, 0x63, 0x08, 0x63, 0x08, 0x63, 0x08, 0x63, 0x08, 0x63, 0x08,
  0x63, 0x08, 0x63, 0x08, 0x63, 0x08, 0x63, 0x08, 0x63, 0x08, 0x63, 0x08, 0x63, 0x08, 0x63, 0x08,
  0x63, 0x08, 0x63, 0x08, 0x63, 0x08, 0x63, 0x08, 0x63, 0x08, 0x63, 0x08, 0x63, 0x08, 0x63, 0x08,
  0x63, 0x08, 0x63, 0x08, 0x63, 0x08, 0x63, 0x08, 0x63, 0x08, 0x63, 0x08, 0x63, 0x08, 0x63, 0x08,
  0x63, 0x08, 0x63, 0x08, 0x63, 0x08, 0x63, 0x08, 0x63, 0x08, 0x63, 0x08, 0x63, 0x08, 0x63, 0x08,
  0x63, 0x08, 0x63, 0x08, 0x63, 0x08, 0x63, 0x08, 0x63, 0x08, 0x63, 0x08, 0x63, 0x08, 0x63, 0x08,
  0x63, 0x08, 0x63, 0x08, 0x63, 0x08, 0x63, 0x08, 0x63, 0x08, 0x63, 0x08, 0x63, 0x08, 0x63, 0x08,
  0x63, 0x08, 0x63, 0x08, 0x63, 0x08, 0x63, 0x08, 0x63, 0x08, 0x63, 0x08, 0x63, 0x08, 0x63, 0x08,
  0x63, 0x08, 0x63, 0x08, 0x63, 0x08, 0x63, 0x08, 0x63, 0x08, 0x63, 0x08, 0x63, 0x08, 0x63, 0x08,
  0x63, 0x08, 0x63, 0x08, 0x63, 0x08, 0x63, 0x08, 0x63, 0x08, 0x63, 0x08, 0x63, 0x08, 0x63, 0x08,
  0x63, 0x08, 0x63, 0x08, 0x63, 0x08, 0x63, 0x08, 0x63, 0x08, 0x63, 0x08, 0x63, 0x08, 0x63, 0x08,
  0x63, 0x08, 0x63, 0x08, 0x63, 0x08, 0x63, 0x08, 0x63, 0x08, 0x63, 0x08, 0x63, 0x08, 0x63, 0x08,
  0x63, 0x08, 0x63, 0x08, 0x63, 0x08, 0x63, 0x08, 0x63, 0x08, 0x63, 0x08, 0x63, 0x08, 0x63, 0x08,
  0x63, 0x08, 0x63, 0x08, 0x63, 0x08, 0x63, 0x08, 0x63, 0x08, 0x63, 0x08, 0x63, 0x08, 0x63, 0x08,
  0x63, 0x08, 0x63, 0x08, 0x63, 0x08, 0x63, 0x08, 0x63, 0x08, 0x63, 0x08, 0x63, 0x08, 0x63, 0x08,
  0x63, 0x08, 0x63, 0x08, 0x63, 0x08, 0x63, 0x08, 0x63, 0x08, 0x63, 0x08, 0x63, 0x08, 0x63, 0x08,
  0x63, 0x08, 0x63, 0x08, 0x63, 0x08, 0x63, 0x08, 0x63, 0x08, 0x63, 0x08, 0x63, 0x08, 0x63, 0x08,
  0x63, 0x08, 0x63, 0x08, 0x63, 0x08, 0x63, 0x08, 0x63, 0x08, 0x63, 0x08, 0x63, 0x08, 0x63, 0x08,
  0x63, 0x08, 0x63, 0x08, 0x63, 0x08, 0x63, 0x08, 0x63, 0x08, 0x63, 0x08, 0x63, 0x08, 0x63, 0x08,
  0x63, 0x08, 0x63, 0x08, 0x63, 0x08, 0x63, 0x08, 0x63, 0x08, 0x63, 0x08, 0x63, 0x08, 0x63, 0x08,
  0x63, 0x08, 0x63, 0x08, 0x63, 0x08, 0x63, 0x08, 0x63, 0x08, 0x63, 0x08, 0x63, 0x08, 0x63, 0x08,
  0x63, 0x08, 0x63, 0x08, 0x63, 0x08, 0x63, 0x08, 0x63, 0x08, 0x63, 0x08, 0x63, 0x08, 0x63, 0x08,
  0x63, 0x08, 0x63, 0x08, 0x63, 0x08, 0x63, 0x08, 0x63, 0x08, 0x63, 0x08, 0x63, 0x08, 0x63, 0x08,
  0x63, 0x08, 0x63, 0x08, 0x63, 0x08, 0x63, 0x08, 0x63, 0x08, 0x63, 0x08, 0x63, 0x08, 0x63, 0x08,
  0x63, 0x08, 0x63, 0x08, 0x63, 0x08, 0x63, 0x08, 0x63, 0x08, 0x63, 0x08, 0x63, 0x08, 0x63, 0x08,
  0x63, 0x08, 0x63, 0x08, 0x63, 0x08, 0x63, 0x08, 0x63, 0x08, 0x63, 0x08, 0x63, 0x08, 0x63, 0x08,
  0x63, 0x08, 0x63, 0x08, 0x63, 0x08, 0x63, 0x08, 0x63, 0x08, 0x63, 0x08, 0x63, 0x08, 0x63, 0x08,
  0x63, 0x08, 0x63, 0x08, 0x63, 0x08, 0x63, 0x08, 0x63, 0x08, 0x63, 0x08, 0x63, 0x08, 0x63, 0x08,
  0x63, 0x08, 0x63, 0x08, 0x63, 0x08, 0x63, 0x08, 0x63, 0x08, 0x63, 0x08, 0x63, 0x08, 0x63, 0x08,
  0x63, 0x08, 0x63, 0x08, 0x63, 0x08, 0x63, 0x08, 0x63, 0x08, 0x63, 0x08, 0x63, 0x08, 0x63, 0x08,
  0x63, 0x08, 0x63, 0x08, 0x63, 0x08, 0x63, 0x08, 0x63, 0x08, 0x63, 0x08, 0x63, 0x08, 0x63, 0x08,
  0x63, 0x08, 0x63, 0x08, 0x63, 0x08, 0x63, 0x08, 0x63, 0x08, 0x63, 0x08, 0x63, 0x08, 0x63, 0x08,
  0x63, 0x08, 0x63, 0x08, 0x63, 0x08, 0x63, 0x08, 0x63, 0x08, 0x63, 0x08, 0x63, 0x08, 0x63, 0x08,
  0x63, 0x08, 0x63, 0x08, 0x63, 0x08, 0x63, 0x08, 0x63, 0x08, 0x63, 0x08, 0x63, 0x08, 0x63, 0x08,
  0x63, 0x08, 0x63, 0x08, 0x63, 0x08, 0x63, 0x08, 0x63, 0x08, 0x63, 0x08, 0x63, 0x08, 0x63, 0x08,
  0x63, 0x08, 0x63, 0x08, 0x63, 0x08, 0x63, 0x08, 0x63, 0x08, 0x63, 0x08, 0x63, 0x08, 0x63, 0x08,
  0x63, 0x08, 0x63, 0x08, 0x63, 0x08, 0x63, 0x08, 0x63, 0x08, 0x63, 0x08, 0x63, 0x08, 0x63, 0x08,
  0x63, 0x08, 0x63, 0x08, 0x63, 0x08, 0x63, 0x08, 0x63, 0x08, 0x63, 0x08, 0x63, 0x08, 0x63, 0x08,
  0x63, 0x08, 0x63, 0x08, 0x63, 0x08, 0x63, 0x08, 0x63, 0x08, 0x63, 0x08, 0x63, 0x08, 0x63, 0x08,
  0x63, 0x08, 0x63, 0x08, 0x63, 0x08, 0x63, 0x08, 0x63, 0x08, 0x63, 0x08, 0x63, 0x08, 0x63, 0x08,
  0x63, 0x08, 0x63, 0x08, 0x63, 0x08, 0x63, 0x08, 0x63, 0x08, 0x63, 0x08, 0x63, 0x08, 0x63, 0x08,
  0x63, 0x08, 0x63, 0x08, 0x63, 0x08, 0x63, 0x08, 0x63, 0x08, 0x63, 0x08, 0x63, 0x08, 0x63, 0x08,
  0x63, 0x08, 0x63, 0x08, 0x63, 0x08, 0x63, 0x08, 0x63, 0x08, 0x63, 0x08, 0x63, 0x08, 0x63, 0x08,
  0x63, 0x08, 0x63, 0x08, 0x63, 0x08, 0x63, 0x08, 0x63, 0x08, 0x63, 0x08, 0x63, 0x08, 0x63, 0x08,
  0x63, 0x08, 0x63, 0x08, 0x63, 0x08, 0x63, 0x08, 0x63, 0x08, 0x63, 0x08, 0x63, 0x08, 0x63, 0x08,
  0x63, 0x08, 0x63, 0x08, 0x63, 0x08, 0x63, 0x08, 0x63, 0x08, 0x63, 0x08, 0x63, 0x08, 0x63, 0x08,
  0x63, 0x08, 0x63, 0x08, 0x63, 0x08, 0x63, 0x08, 0x63, 0x08, 0x63, 0x08, 0x63, 0x08, 0x63, 0x08,
  0x63, 0x08, 0x63, 0x08, 0x63, 0x08, 0x63, 0x08, 0x63, 0x08, 0x63, 0x08, 0x63, 0x08, 0x63, 0x08,
  0x63, 0x08, 0x63, 0x08, 0x63, 0x08, 0x63, 0x08, 0x63, 0x08, 0x63, 0x08, 0x63, 0x08, 0x63, 0x08,
  0x63, 0x08, 0x63, 0x08, 0x63, 0x08, 0x63, 0x08, 0x63, 0x08, 0x63, 0x08, 0x63, 0x08, 0x63, 0x08,
  0x63, 0x08, 0x63, 0x08, 0x63, 0x08, 0x63, 0x08, 0x63, 0x08, 0x63, 0x08, 0x63, 0x08, 0x63, 0x08,
  0x63, 0x08, 0x63, 0x08, 0x63, 0x08, 0x63, 0x08, 0x63, 0x08, 0x63, 0x08, 0x63, 0x08, 0x63, 0x08,
  0x63, 0x08, 0x63, 0x08, 0x63, 0x08, 0x63, 0x08, 0x63, 0x08, 0x63, 0x08, 0x63, 0x08, 0x63, 0x08,
  0x63, 0x08, 0x63, 0x08, 0x63, 0x08, 0x63, 0x08, 0x63, 0x08, 0x63, 0x08, 0x63, 0x08, 0x63, 0x08,
  0x63, 0x08, 0x63, 0x08, 0x63, 0x08, 0x63, 0x08, 0x63, 0x08, 0x63, 0x08, 0x63, 0x08, 0x63, 0x08,
  0x63, 0x08, 0x63, 0x08, 0x63, 0x08, 0x63, 0x08, 0x63, 0x08, 0x63, 0x08, 0x63, 0x08, 0x63, 0x08,
  0x63, 0x08, 0x63, 0x08, 0x63, 0x08, 0x63, 0x08, 0x63, 0x08, 0x63, 0x08, 0x63, 0x08, 0x63, 0x08,
  0x63, 0x08, 0x63, 0x08, 0x63, 0x08, 0x63, 0x08, 0x63, 0x08, 0x63, 0x08, 0x63, 0x08, 0x63, 0x08,
  0x63, 0x08, 0x63, 0x08, 0x63, 0x08, 0x63, 0x08, 0x63, 0x08, 0x63, 0x08, 0x63, 0x08, 0x63, 0x08,
  0x63, 0x08, 0x63, 0x08, 0x63, 0x08, 0x63, 0x08, 0x63, 0x08, 0x63, 0x08, 0x63, 0x08, 0x63, 0x08,
  0x63, 0x08, 0x63, 0x08, 0x63, 0x08, 0x63, 0x08, 0x63, 0x08, 0x63, 0x08, 0x63, 0x08, 0x63, 0x08,
  0x63, 0x08, 0x63, 0x08, 0x63, 0x08, 0x63, 0x08, 0x63, 0x08, 0x63, 0x08, 0x63, 0x08, 0x63, 0x08,
  0x63, 0x08, 0x63, 0x08, 0x63, 0x08, 0x63, 0x08, 0x63, 0x08, 0x63, 0x08, 0x63, 0x08, 0x63, 0x08,
  0x63, 0x08, 0x63, 0x08, 0x63, 0x08, 0x63, 0x08, 0x63, 0x08, 0x63, 0x08, 0x63, 0x08, 0x63, 0x08,
  0x63, 0x08, 0x63, 0x08, 0x63, 0x08, 0x63, 0x08, 0x63, 0x08, 0x63, 0x08, 0x63, 0x08, 0x63, 0x08,
  0x63, 0x08, 0x63, 0x08, 0x63, 0x08, 0x63, 0x08, 0x63, 0x08, 0x63, 0x08, 0x63, 0x08, 0x63, 0x08,
  0x63, 0x08, 0x63, 0x08, 0x63, 0x08, 0x63, 0x08, 0x63, 0x08, 0x63, 0x08, 0x63, 0x08, 0x63, 0x08,
  0x63, 0x08, 0x63, 0x08, 0x63, 0x08, 0x63, 0x08, 0x63, 0x08, 0x63, 0x08, 0x63, 0x08, 0x63, 0x08,
  0x63, 0x08, 0x63, 0x08, 0x63, 0x08, 0x63, 0x08, 0x63, 0x08, 0x63, 0x08, 0x63, 0x08, 0x63, 0x08,
  0x63, 0x08, 0x63, 0x08, 0x63, 0x08, 0x63, 0x08, 0x63, 0x08, 0x63, 0x08, 0x63, 0x08, 0x63, 0x08,
  0x63, 0x08, 0x63, 0x08, 0x63, 0x08, 0x63, 0x08, 0x63, 0x08, 0x63, 0x08, 0x63, 0x08, 0x63, 0x08,
  0x63, 0x08, 0x63, 0x08, 0x63, 0x08, 0x63, 0x08, 0x63, 0x08, 0x63, 0x08, 0x63, 0x08, 0x63, 0x08,
  0x63, 0x08, 0x63, 0x08, 0x63, 0x08, 0x63, 0x08, 0x63, 0x08, 0x63, 0x08, 0x63, 0x08, 0x63, 0x08,
  0x63, 0x08, 0x63, 0x08, 0x63, 0x08, 0x63, 0x08, 0x63, 0x08, 0x63, 0x08, 0x63, 0x08, 0x63, 0x08,
  0x63, 0x08, 0x63, 0x08, 0x63, 0x08, 0x63, 0x08, 0x63, 0x08, 0x63, 0x08, 0x63, 0x08, 0x63, 0x08,
  0x63, 0x08, 0x63, 0x08, 0x63, 0x08, 0x63, 0x08, 0x63, 0x08, 0x63, 0x08, 0x63, 0x08, 0x63, 0x08,
  0x63, 0x08, 0x63, 0x08, 0x63, 0x08, 0x63, 0x08, 0x63, 0x08, 0x63, 0x08, 0x63, 0x08, 0x63, 0x08,
  0x63, 0x08, 0x63, 0x08, 0x63, 0x08, 0x63, 0x08, 0x63, 0x08, 0x63, 0x08, 0x63, 0x08, 0x63, 0x08,
  0x63, 0x08, 0x63, 0x08, 0x63, 0x08, 0x63, 0x08, 0x63, 0x08, 0x63, 0x08, 0x63, 0x08, 0x63, 0x08,
  0x63, 0x08, 0x63, 0x08, 0x63, 0x08, 0x63, 0x08, 0x63, 0x08, 0x63, 0x08, 0x63, 0x08, 0x63, 0x08,
  0x63, 0x08, 0x63, 0x08, 0x63, 0x08, 0x63, 0x08, 0x63, 0x08, 0x63, 0x08, 0x63, 0x08, 0x63, 0x08,
  0x63, 0x08, 0x63, 0x08, 0x63, 0x08, 0x63, 0x08, 0x63, 0x08, 0x63, 0x08, 0x63, 0x08, 0x63, 0x08,
  0x63, 0x08, 0x63, 0x08, 0x63, 0x08, 0x63, 0x08, 0x63, 0x08, 0x63, 0x08, 0x63, 0x08, 0x63, 0x08,
  0x63, 0x08, 0x63, 0x08, 0x63, 0x08, 0x63, 0x08, 0x63, 0x08, 0x63, 0x08, 0x63, 0x08, 0x63, 0x08,
  0x63, 0x08, 0x63, 0x08, 0x63, 0x08, 0x63, 0x08, 0x63, 0x08, 0x63, 0x08, 0x63, 0x08, 0x63, 0x08,
  0x63, 0x08, 0x63, 0x08, 0x63, 0x08, 0x63, 0x08, 0x63, 0x08, 0x63, 0x08, 0x63, 0x08, 0x63, 0x08,
  0x63, 0x08, 0x63, 0x08, 0x63, 0x08, 0x63, 0x08, 0x63, 0x08, 0x63, 0x08, 0x63, 0x08, 0x63, 0x08,
  0x63, 0x08, 0x63, 0x08, 0x63, 0x08, 0x63, 0x08, 0x63, 0x08, 0x63, 0x08, 0x63, 0x08, 0x63, 0x08,
  0x63, 0x08, 0x63, 0x08, 0x63, 0x08, 0x63, 0x08, 0x63, 0x08, 0x63, 0x08, 0x63, 0x08, 0x63, 0x08,
  0x63, 0x08, 0x63, 0x08, 0x63, 0x08, 0x63, 0x08, 0x63, 0x08, 0x63, 0x08, 0x63, 0x08, 0x63, 0x08,
  0x63, 0x08, 0x63, 0x08, 0x63, 0x08, 0x63, 0x08, 0x63, 0x08, 0x63, 0x08, 0x63, 0x08, 0x63, 0x08,
  0x63, 0x08, 0x63, 0x08, 0x63, 0x08, 0x63, 0x08, 0x63, 0x08, 0x63, 0x08, 0x63, 0x08, 0x63, 0x08,
  0x63, 0x08, 0x63, 0x08, 0x63, 0x08, 0x63, 0x08, 0x63, 0x08, 0x63, 0x08, 0x63, 0x08, 0x63, 0x08,
  0x63, 0x08, 0x63, 0x08, 0x63, 0x08, 0x63, 0x08, 0x63, 0x08, 0x63, 0x08, 0x63, 0x08, 0x63, 0x08,
  0x63, 0x08, 0x63, 0x08, 0x63, 0x08, 0x63, 0x08, 0x63, 0x08, 0x63, 0x08, 0x63, 0x08, 0x63, 0x08,
  0x63, 0x08, 0x63, 0x08, 0x63, 0x08, 0x63, 0x08, 0x63, 0x08, 0x63, 0x08, 0x63, 0x08, 0x63, 0x08,
  0x63, 0x08, 0x63, 0x08, 0x63, 0x08, 0x63, 0x08, 0x63, 0x08, 0x63, 0x08, 0x63, 0x08, 0x63, 0x08,
  0x63, 0x08, 0x63, 0x08, 0x63, 0x08, 0x63, 0x08, 0x63, 0x08, 0x63, 0x08, 0x63, 0x08, 0x63, 0x08,
  0x63, 0x08, 0x63, 0x08, 0x63, 0x08, 0x63, 0x08, 0x63, 0x08, 0x63, 0x08, 0x63, 0x08, 0x63, 0x08,
  0x63, 0x08, 0x63, 0x08, 0x63, 0x08, 0x63, 0x08, 0x63, 0x08, 0x63, 0x08, 0x63, 0x08, 0x63, 0x08,
  0x63, 0x08, 0x63, 0x08, 0x63, 0x08, 0x63, 0x08, 0x63, 0x08, 0x63, 0x08, 0x63, 0x08, 0x63, 0x08,
  0x63, 0x08, 0x63, 0x08, 0x63, 0x08, 0x63, 0x08, 0x63, 0x08, 0x63, 0x08, 0x63, 0x08, 0x63, 0x08,
  0x63, 0x08, 0x63, 0x08, 0x63, 0x08, 0x63, 0x08, 0x63, 0x08, 0x63, 0x08, 0x63, 0x08, 0x63, 0x08,
  0x63, 0x08, 0x63, 0x08, 0x63, 0x08, 0x63, 0x08, 0x63, 0x08, 0x63, 0x08, 0x63, 0x08, 0x63, 0x08,
  0x63, 0x08, 0x63, 0x08, 0x63, 0x08, 0x63, 0x08, 0x63, 0x08, 0x63, 0x08, 0x63, 0x08, 0x63, 0x08,
  0x63, 0x08, 0x63, 0x08, 0x63, 0x08, 0x63, 0x08, 0x63, 0x08, 0x63, 0x08, 0x63, 0x08, 0x63, 0x08,
  0x63, 0x08, 0x63, 0x08, 0x63, 0x08, 0x63, 0x08, 0x63, 0x08, 0x63, 0x08, 0x63, 0x08, 0x63, 0x08,
  0x63, 0x08, 0x63, 0x08, 0x63, 0x08, 0x63, 0x08, 0x63, 0x08, 0x63, 0x08, 0x63, 0x08, 0x63, 0x08,
  0x63, 0x08, 0x63, 0x08, 0x63, 0x08, 0x63, 0x08, 0x63, 0x08, 0x63, 0x08, 0x63, 0x08, 0x63, 0x08,
  0x63, 0x08, 0x63, 0x08, 0x63, 0x08, 0x63, 0x08, 0x63, 0x08, 0x63, 0x08, 0x63, 0x08, 0x63, 0x08,
  0x63, 0x08, 0x63, 0x08, 0x63, 0x08, 0x63, 0x08, 0x63, 0x08, 0x63, 0x08, 0x63, 0x08, 0x63, 0x08,
  0x63, 0x08, 0x63, 0x08, 0x63, 0x08, 0x63, 0x08, 0x63, 0x08, 0x63, 0x08, 0x63, 0x08, 0x63, 0x08,
  0x63, 0x08, 0x63, 0x08, 0x63, 0x08, 0x63, 0x08, 0x63, 0x08, 0x63, 0x08, 0x63, 0x08, 0x63, 0x08,
  0x63, 0x08, 0x63, 0x08, 0x63, 0x08, 0x63, 0x08, 0x63, 0x08, 0x63, 0x08, 0x63, 0x08, 0x63, 0x08,
  0x63, 0x08, 0x63, 0x08, 0x63, 0x08, 0x63, 0x08, 0x63, 0x08, 0x63, 0x08, 0x63, 0x08, 0x63, 0x08,
  0x63, 0x08, 0x63, 0x08, 0x63, 0x08, 0x63, 0x08, 0x63, 0x08, 0x63, 0x08, 0x63, 0x08, 0x63, 0x08,
  0x63, 0x08, 0x63, 0x08, 0x63, 0x08, 0x63, 0x08, 0x63, 0x08, 0x63, 0x08, 0x63, 0x08, 0x63, 0x08,
  0x63, 0x08, 0x63, 0x08, 0x63, 0x08, 0x63, 0x08, 0x63, 0x08, 0x63, 0x08, 0x63, 0x08, 0x63, 0x08,
  0x63, 0x08, 0x63, 0x08, 0x63, 0x08, 0x63, 0x08, 0x63, 0x08, 0x63, 0x08, 0x63, 0x08, 0x63, 0x08,
  0x63, 0x08, 0x63, 0x08, 0x63, 0x08, 0x63, 0x08, 0x63, 0x08, 0x63, 0x08, 0x63, 0x08, 0x63, 0x08,
  0x63, 0x08, 0x63, 0x08, 0x63, 0x08, 0x63, 0x08, 0x63, 0x08, 0x63, 0x08, 0x63, 0x08, 0x63, 0x08,
  0x63, 0x08, 0x63, 0x08, 0x63, 0x08, 0x63, 0x08, 0x63, 0x08, 0x63, 0x08, 0x63, 0x08, 0x63, 0x08,
  0x63, 0x08, 0x63, 0x08, 0x63, 0x08, 0x63, 0x08, 0x63, 0x08, 0x63, 0x08, 0x63, 0x08, 0x63, 0x08,
  0x63, 0x08, 0x63, 0x08, 0x63, 0x08, 0x63, 0x08, 0x63, 0x08, 0x63, 0x08, 0x63, 0x08, 0x63, 0x08,
  0x63, 0x08, 0x63, 0x08, 0x63, 0x08, 0x63, 0x08, 0x63, 0x08, 0x63, 0x08, 0x63, 0x08, 0x63, 0x08,
  0x63, 0x08, 0x63, 0x08, 0x63, 0x08, 0x63, 0x08, 0x63, 0x08, 0x63, 0x08, 0x63, 0x08, 0x63, 0x08,
  0x63, 0x08, 0x63, 0x08, 0x63, 0x08, 0x63, 0x08, 0x63, 0x08, 0x63, 0x08, 0x63, 0x08, 0x63, 0x08,
  0x63, 0x08, 0x63, 0x08, 0x63, 0x08, 0x63, 0x08, 0x63, 0x08, 0x63, 0x08, 0x63, 0x08, 0x63, 0x08,
  0x63, 0x08, 0x63, 0x08, 0x63, 0x08, 0x63, 0x08, 0x63, 0x08, 0x63, 0x08, 0x63, 0x08, 0x63, 0x08,
  0x63, 0x08, 0x63, 0x08, 0x63, 0x08, 0x63, 0x08, 0x63, 0x08, 0x63, 0x08, 0x63, 0x08, 0x63, 0x08,
  0x63, 0x08, 0x63, 0x08, 0x63, 0x08, 0x63, 0x08, 0x63, 0x08, 0x63, 0x08, 0x63, 0x08, 0x63, 0x08,
  0x63, 0x08, 0x63, 0x08, 0x63, 0x08, 0x63, 0x08, 0x63, 0x08, 0x63, 0x08, 0x63, 0x08, 0x63, 0x08,
  0x63, 0x08, 0x63, 0x08, 0x63, 0x08, 0x63, 0x08, 0x63, 0x08, 0x63, 0x08, 0x63, 0x08, 0x63, 0x08,
  0x63, 0x08, 0x63, 0x08, 0x63, 0x08, 0x63, 0x08, 0x63, 0x08, 0x63, 0x08, 0x63, 0x08, 0x63, 0x08,
  0x63, 0x08, 0x63, 0x08, 0x63, 0x08, 0x63, 0x08, 0x63, 0x08, 0x63, 0x08, 0x63, 0x08, 0x63, 0x08,
  0x63, 0x08, 0x63, 0x08, 0x63, 0x08, 0x63, 0x08, 0x63, 0x08, 0x63, 0x08, 0x63, 0x08, 0x63, 0x08,
  0x63, 0x08, 0x63, 0x08, 0x63, 0x08, 0x63, 0x08, 0x63, 0x08, 0x63, 0x08, 0x63, 0x08, 0x63, 0x08,
  0x63, 0x08, 0x63, 0x08, 0x63, 0x08, 0x63, 0x08, 0x63, 0x08, 0x63, 0x08, 0x63, 0x08, 0x63, 0x08,
  0x63, 0x08, 0x63, 0x08, 0x63, 0x08, 0x63, 0x08, 0x63, 0x08, 0x63, 0x08, 0x63, 0x08, 0x63, 0x08,
  0x63, 0x08, 0x63, 0x08, 0x63, 0x08, 0x63, 0x08, 0x63, 0x08, 0x63, 0x08, 0x63, 0x08, 0x63, 0x08,
  0x63, 0x08, 0x63, 0x08, 0x63, 0x08, 0x63, 0x08, 0x63, 0x08, 0x63, 0x08, 0x63, 0x08, 0x63, 0x08,
  0x63, 0x08, 0x63, 0x08, 0x63, 0x08, 0x63, 0x08, 0x63, 0x08, 0x63, 0x08, 0x63, 0x08, 0x63, 0x08,
  0x63, 0x08, 0x63, 0x08, 0x63, 0x08, 0x63, 0x08, 0x63, 0x08, 0x63, 0x08, 0x63, 0x08, 0x63, 0x08,
  0x63, 0x08, 0x63, 0x08, 0x63, 0x08, 0x63, 0x08, 0x63, 0x08, 0x63, 0x08, 0x63, 0x08, 0x63, 0x08,
  0x63, 0x08, 0x63, 0x08, 0x63, 0x08, 0x63, 0x08, 0x63, 0x08, 0x63, 0x08, 0x63, 0x08, 0x63, 0x08,
  0x63, 0x08, 0x63, 0x08, 0x63, 0x08, 0x63, 0x08, 0x63, 0x08, 0x63, 0x08, 0x63, 0x08, 0x63, 0x08,
  0x63, 0x08, 0x63, 0x08, 0x63, 0x08, 0x63, 0x08, 0x63, 0x08, 0x63, 0x08, 0x63, 0x08, 0x63, 0x08,
  0x63, 0x08, 0x63, 0x08, 0x63, 0x08, 0x63, 0x08, 0x63, 0x08, 0x63, 0x08, 0x63, 0x08, 0x63, 0x08,
  0x63, 0x08, 0x63, 0x08, 0x63, 0x08, 0x63, 0x08, 0x63, 0x08, 0x63, 0x08, 0x63, 0x08, 0x63, 0x08,
  0x63, 0x08, 0x63, 0x08, 0x63, 0x08, 0x63, 0x08, 0x63, 0x08, 0x63, 0x08, 0x63, 0x08, 0x63, 0x08,
  0x63, 0x08, 0x63, 0x08, 0x63, 0x08, 0x63, 0x08, 0x63, 0x08, 0x63, 0x08, 0x63, 0x08, 0x63, 0x08,
  0x63, 0x08, 0x63, 0x08, 0x63, 0x08, 0x63, 0x08, 0x63, 0x08, 0x63, 0x08, 0x63, 0x08, 0x63, 0x08,
  0x63, 0x08, 0x63, 0x08, 0x63, 0x08, 0x63, 0x08, 0x63, 0x08, 0x63, 0x08, 0x63, 0x08, 0x63, 0x08,
  0x63, 0x08, 0x63, 0x08, 0x63, 0x08, 0x63, 0x08, 0x63, 0x08, 0x63, 0x08, 0x63, 0x08, 0x63, 0x08,
  0x63, 0x08, 0x63, 0x08, 0x63, 0x08, 0x63, 0x08, 0x63, 0x08, 0x63, 0x08, 0x63, 0x08, 0x63, 0x08,
  0x63, 0x08, 0x63, 0x08, 0x63, 0x08, 0x63, 0x08, 0x63, 0x08, 0x63, 0x08, 0x63, 0x08, 0x63, 0x08,
  0x63, 0x08, 0x63, 0x08, 0x63, 0x08, 0x63, 0x08, 0x63, 0x08, 0x63, 0x08, 0x63, 0x08, 0x63, 0x08,
  0x63, 0x08, 0x63, 0x08, 0x63, 0x08, 0x63, 0x08, 0x63, 0x08, 0x63, 0x08, 0x63, 0x08, 0x63, 0x08,
  0x63, 0x08, 0x63, 0x08, 0x63, 0x08, 0x63, 0x08, 0x63, 0x08, 0x63, 0x08, 0x63, 0x08, 0x63, 0x08,
  0x63, 0x08, 0x63, 0x08, 0x63, 0x08, 0x63, 0x08, 0x63, 0x08, 0x63, 0x08, 0x63, 0x08, 0x63, 0x08,
  0x63, 0x08, 0x63, 0x08, 0x63, 0x08, 0x63, 0x08, 0x63, 0x08, 0x63, 0x08, 0x63, 0x08, 0x63, 0x08,
  0x63, 0x08, 0x63, 0x08, 0x63, 0x08, 0x63, 0x08, 0x63, 0x08, 0x63, 0x08, 0x63, 0x08, 0x63, 0x08,
  0x63, 0x08, 0x63, 0x08, 0x63, 0x08, 0x63, 0x08, 0x63, 0x08, 0x63, 0x08, 0x63, 0x08, 0x63, 0x08,
  0x63, 0x08, 0x63, 0x08, 0x63, 0x08, 0x63, 0x08, 0x63, 0x08, 0x63, 0x08, 0x63, 0x08, 0x63, 0x08,
  0x63, 0x08, 0x63, 0x08, 0x63, 0x08, 0x63, 0x08, 0x63, 0x08, 0x63, 0x08, 0x63, 0x08, 0x63, 0x08,
  0x63, 0x08, 0x63, 0x08, 0x63, 0x08, 0x63, 0x08, 0x63, 0x08, 0x63, 0x08, 0x63, 0x08, 0x63, 0x08,
  0x63, 0x08, 0x63, 0x08, 0x63, 0x08, 0x63, 0x08, 0x63, 0x08, 0x63, 0x08, 0x63, 0x08, 0x63, 0x08,
  0x63, 0x08, 0x63, 0x08, 0x63, 0x08, 0x63, 0x08, 0x63, 0x08, 0x63, 0x08, 0x63, 0x08, 0x63, 0x08,
  0x63, 0x08, 0x63, 0x08, 0x63, 0x08, 0x63, 0x08, 0x63, 0x08, 0x63, 0x08, 0x63, 0x08, 0x63, 0x08,
  0x63, 0x08, 0x63, 0x08, 0x63, 0x08, 0x63, 0x08, 0x63, 0x08, 0x63, 0x08, 0x63, 0x08, 0x63, 0x08,
  0x63, 0x08, 0x63, 0x08, 0x63, 0x08, 0x63, 0x08, 0x63, 0x08, 0x63, 0x08, 0x63, 0x08, 0x63, 0x08,
  0x63, 0x08, 0x63, 0x08, 0x63, 0x08, 0x63, 0x08, 0x63, 0x08, 0x63, 0x08, 0x63, 0x08, 0x63, 0x08,
  0x63, 0x08, 0x63, 0x08, 0x63, 0x08, 0x63, 0x08, 0x63, 0x08, 0x63, 0x08, 0x63, 0x08, 0x63, 0x08,
  0x63, 0x08, 0x63, 0x08, 0x63, 0x08, 0x63, 0x08, 0x63, 0x08, 0x63, 0x08, 0x63, 0x08, 0x63, 0x08,
  0x63, 0x08, 0x63, 0x08, 0x63, 0x08, 0x63, 0x08, 0x63, 0x08, 0x63, 0x08, 0x63, 0x08, 0x63, 0x08,
  0x63, 0x08, 0x63, 0x08, 0x63, 0x08, 0x63, 0x08, 0x63, 0x08, 0x63, 0x08, 0x63, 0x08, 0x63, 0x08,
  0x63, 0x08, 0x63, 0x08, 0x63, 0x08, 0x63, 0x08, 0x63, 0x08, 0x63, 0x08, 0x63, 0x08, 0x63, 0x08,
  0x63, 0x08, 0x63, 0x08, 0x63, 0x08, 0x63, 0x08, 0x63, 0x08, 0x63, 0x08, 0x63, 0x08, 0x63, 0x08,
  0x63, 0x08, 0x63, 0x08, 0x63, 0x08, 0x63, 0x08, 0x63, 0x08, 0x63, 0x08, 0x63, 0x08, 0x63, 0x08,
  0x63, 0x08, 0x63, 0x08, 0x63, 0x08, 0x63, 0x08, 0x63, 0x08, 0x63, 0x08, 0x63, 0x08, 0x63, 0x08,
  0x63, 0x08, 0x63, 0x08, 0x63, 0x08, 0x63, 0x08, 0x63, 0x08, 0x63, 0x08, 0x63, 0x08, 0x63, 0x08,
  0x63, 0x08, 0x63, 0x08, 0x63, 0x08, 0x63, 0x08, 0x63, 0x08, 0x63, 0x08, 0x63, 0x08, 0x63, 0x08,
  0x63, 0x08, 0x63, 0x08, 0x63, 0x08, 0x63, 0x08, 0x63, 0x08, 0x63, 0x08, 0x63, 0x08, 0x63, 0x08,
  0x63, 0x08, 0x63, 0x08, 0x63, 0x08, 0x63, 0x08, 0x63, 0x08, 0x63, 0x08, 0x63, 0x08, 0x63, 0x08,
  0x63, 0x08, 0x63, 0x08, 0x63, 0x08, 0x63, 0x08, 0x63, 0x08, 0x63, 0x08, 0x63, 0x08, 0x63, 0x08,
  0x63, 0x08, 0x63, 0x08, 0x63, 0x08, 0x63, 0x08, 0x63, 0x08, 0x63, 0x08, 0x63, 0x08, 0x63, 0x08,
  0x63, 0x08, 0x63, 0x08, 0x63, 0x08, 0x63, 0x08, 0x63, 0x08, 0x63, 0x08, 0x63, 0x08, 0x63, 0x08,
  0x63, 0x08, 0x63, 0x08, 0x63, 0x08, 0x63, 0x08, 0x63, 0x08, 0x63, 0x08, 0x63, 0x08, 0x63, 0x08,
  0x63, 0x08, 0x63, 0x08, 0x63, 0x08, 0x63, 0x08, 0x63, 0x08, 0x63, 0x08, 0x63, 0x08, 0x63, 0x08,
  0x63, 0x08, 0x63, 0x08, 0x63, 0x08, 0x63, 0x08, 0x63, 0x08, 0x63, 0x08, 0x63, 0x08, 0x63, 0x08,
  0x63, 0x08, 0x63, 0x08, 0x63, 0x08, 0x63, 0x08, 0x63, 0x08, 0x63, 0x08, 0x63, 0x08, 0x63, 0x08,
  0x63, 0x08, 0x63, 0x08, 0x63, 0x08, 0x63, 0x08, 0x63, 0x08, 0x63, 0x08, 0x63, 0x08, 0x63, 0x08,
  0x63, 0x08, 0x63, 0x08, 0x63, 0x08, 0x63, 0x08, 0x63, 0x08, 0x63, 0x08, 0x63, 0x08, 0x63, 0x08,
  0x63, 0x08, 0x63, 0x08, 0x63, 0x08, 0x63, 0x08, 0x63, 0x08, 0x63, 0x08, 0x63, 0x08, 0x63, 0x08,
  0x63, 0x08, 0x63, 0x08, 0x63, 0x08, 0x63, 0x08, 0x63, 0x08, 0x63, 0x08, 0x63, 0x08, 0x63, 0x08,
  0x63, 0x08, 0x63, 0x08, 0x63, 0x08, 0x63, 0x08, 0x63, 0x08, 0x63, 0x08, 0x63, 0x08, 0x63, 0x08,
  0x63, 0x08, 0x63, 0x08, 0x63, 0x08, 0x63, 0x08, 0x63, 0x08, 0x63, 0x08, 0x63, 0x08, 0x63, 0x08,
  0x63, 0x08, 0x63, 0x08, 0x63, 0x08, 0x63, 0x08, 0x63, 0x08, 0x63, 0x08, 0x63, 0x08, 0x63, 0x08,
  0x63, 0x08, 0x63, 0x08, 0x63, 0x08, 0x63, 0x08, 0x63, 0x08, 0x63, 0x08, 0x63, 0x08, 0x63, 0x08,
  0x63, 0x08, 0x63, 0x08, 0x63, 0x08, 0x63, 0x08, 0x63, 0x08, 0x63, 0x08, 0x63, 0x08, 0x63, 0x08,
  0x63, 0x08, 0x63, 0x08, 0x63, 0x08, 0x63, 0x08, 0x63, 0x08, 0x63, 0x08, 0x63, 0x08, 0x63, 0x08,
  0x63, 0x08, 0x63, 0x08, 0x63, 0x08, 0x63, 0x08, 0x63, 0x08, 0x63, 0x08, 0x63, 0x08, 0x63, 0x08,
  0x63, 0x08, 0x63, 0x08, 0x63, 0x08, 0x63, 0x08, 0x63, 0x08, 0x63, 0x08, 0x63, 0x08, 0x63, 0x08,
  0x63, 0x08, 0x63, 0x08, 0x63, 0x08, 0x63, 0x08, 0x63, 0x08, 0x63, 0x08, 0x63, 0x08, 0x63, 0x08,
  0x63, 0x08, 0x63, 0x08, 0x63, 0x08, 0x63, 0x08, 0x63, 0x08, 0x63, 0x08, 0x63, 0x08, 0x63, 0x08,
  0x63, 0x08, 0x63, 0x08, 0x63, 0x08, 0x63, 0x08, 0x63, 0x08, 0x63, 0x08, 0x63, 0x08, 0x63, 0x08,
  0x63, 0x08, 0x63, 0x08, 0x63, 0x08, 0x63, 0x08, 0x63, 0x08, 0x63, 0x08, 0x63, 0x08, 0x63, 0x08,
  0x63, 0x08, 0x63, 0x08, 0x63, 0x08, 0x63, 0x08, 0x63, 0x08, 0x63, 0x08, 0x63, 0x08, 0x63, 0x08,
  0x63, 0x08, 0x63, 0x08, 0x63, 0x08, 0x63, 0x08, 0x63, 0x08, 0x63, 0x08, 0x63, 0x08, 0x63, 0x08,
  0x63, 0x08, 0x63, 0x08, 0x63, 0x08, 0x63, 0x08, 0x63, 0x08, 0x63, 0x08, 0x63, 0x08, 0x63, 0x08,
  0x63, 0x08, 0x63, 0x08, 0x63, 0x08, 0x63, 0x08, 0x63, 0x08, 0x63, 0x08, 0x63, 0x08, 0x63, 0x08,
  0x63, 0x08, 0x63, 0x08, 0x63, 0x08, 0x63, 0x08, 0x63, 0x08, 0x63, 0x08, 0x63, 0x08, 0x63, 0x08,
  0x63, 0x08, 0x63, 0x08, 0x63, 0x08, 0x63, 0x08, 0x63, 0x08, 0x63, 0x08, 0x63, 0x08, 0x63, 0x08,
  0x63, 0x08, 0x63, 0x08, 0x63, 0x08, 0x63, 0x08, 0x63, 0x08, 0x63, 0x08, 0x63, 0x08, 0x63, 0x08,
  0x63, 0x08, 0x63, 0x08, 0x63, 0x08, 0x63, 0x08, 0x63, 0x08, 0x63, 0x08, 0x63, 0x08, 0x63, 0x08,
  0x63, 0x08, 0x63, 0x08, 0x63, 0x08, 0x63, 0x08, 0x63, 0x08, 0x63, 0x08, 0x63, 0x08, 0x63, 0x08,
  0x63, 0x08, 0x63, 0x08, 0x63, 0x08, 0x63, 0x08, 0x63, 0x08, 0x63, 0x08, 0x63, 0x08, 0x63, 0x08,
  0x63, 0x08, 0x63, 0x08, 0x63, 0x08, 0x63, 0x08, 0x63, 0x08, 0x63, 0x08, 0x63, 0x08, 0x63, 0x08,
  0x63, 0x08, 0x63, 0x08, 0x63, 0x08, 0x63, 0x08, 0x63, 0x08, 0x63, 0x08, 0x63, 0x08, 0x63, 0x08,
  0x63, 0x08, 0x63, 0x08, 0x63, 0x08, 0x63, 0x08, 0x63, 0x08, 0x63, 0x08, 0x63, 0x08, 0x63, 0x08,
  0x63, 0x08, 0x63, 0x08, 0x63, 0x08, 0x63, 0x08, 0x63, 0x08, 0x63, 0x08, 0x63, 0x08, 0x63, 0x08,
  0x63, 0x08, 0x63, 0x08, 0x63, 0x08, 0x63, 0x08, 0x63, 0x08, 0x63, 0x08, 0x63, 0x08, 0x63, 0x08,
  0x63, 0x08, 0x63, 0x08, 0x63, 0x08, 0x63, 0x08, 0x63, 0x08, 0x63, 0x08, 0x63, 0x08, 0x63, 0x08,
  0x63, 0x08, 0x63, 0x08, 0x63, 0x08, 0x63, 0x08, 0x63, 0x08, 0x63, 0x08, 0x63, 0x08, 0x63, 0x08,
  0x63, 0x08, 0x63, 0x08, 0x63, 0x08, 0x63, 0x08, 0x63, 0x08, 0x63, 0x08, 0x63, 0x08, 0x63, 0x08,
  0x63, 0x08, 0x63, 0x08, 0x63, 0x08, 0x63, 0x08, 0x63, 0x08, 0x63, 0x08, 0x63, 0x08, 0x63, 0x08,
  0x63, 0x08, 0x63, 0x08, 0x63, 0x08, 0x63, 0x08, 0x63, 0x08, 0x63, 0x08, 0x63, 0x08, 0x63, 0x08,
  0x63, 0x08, 0x63, 0x08, 0x63, 0x08, 0x63, 0x08, 0x63, 0x08, 0x63, 0x08, 0x63, 0x08, 0x63, 0x08,
  0x63, 0x08, 0x63, 0x08, 0x63, 0x08, 0x63, 0x08, 0x63, 0x08, 0x63, 0x08, 0x63, 0x08, 0x63, 0x08,
  0x63, 0x08, 0x63, 0x08, 0x63, 0x08, 0x63, 0x08, 0x63, 0x08, 0x63, 0x08, 0x63, 0x08, 0x63, 0x08,
  0x63, 0x08, 0x63, 0x08, 0x63, 0x08, 0x63, 0x08, 0x63, 0x08, 0x63, 0x08, 0x63, 0x08, 0x63, 0x08,
  0x63, 0x08, 0x63, 0x08, 0x63, 0x08, 0x63, 0x08, 0x63, 0x08, 0x63, 0x08, 0x63, 0x08, 0x63, 0x08,
  0x63, 0x08, 0x63, 0x08, 0x63, 0x08, 0x63, 0x08, 0x63, 0x08, 0x63, 0x08, 0x63, 0x08, 0x63, 0x08,
  0x63, 0x08, 0x63, 0x08, 0x63, 0x08, 0x63, 0x08, 0x63, 0x08, 0x63, 0x08, 0x63, 0x08, 0x63, 0x08,
  0x63, 0x08, 0x63, 0x08, 0x63, 0x08, 0x63, 0x08, 0x63, 0x08, 0x63, 0x08, 0x63, 0x08, 0x63, 0x08,
  0x63, 0x08, 0x63, 0x08, 0x63, 0x08, 0x63, 0x08, 0x63, 0x08, 0x63, 0x08, 0x63, 0x08, 0x63, 0x08,
  0x63, 0x08, 0x63, 0x08, 0x63, 0x08, 0x63, 0x08, 0x63, 0x08, 0x63, 0x08, 0x63, 0x08, 0x63, 0x08,
  0x63, 0x08, 0x63, 0x08, 0x63, 0x08, 0x63, 0x08, 0x63, 0x08, 0x63, 0x08, 0x63, 0x08, 0x63, 0x08,
  0x63, 0x08, 0x63, 0x08, 0x63, 0x08, 0x63, 0x08, 0x63, 0x08, 0x63, 0x08, 0x63, 0x08, 0x63, 0x08,
  0x63, 0x08, 0x63, 0x08, 0x63, 0x08, 0x63, 0x08, 0x63, 0x08, 0x63, 0x08, 0x63, 0x08, 0x63, 0x08,
  0x63, 0x08, 0x63, 0x08, 0x63, 0x08, 0x63, 0x08, 0x63, 0x08, 0x63, 0x08, 0x63, 0x08, 0x63, 0x08,
  0x63, 0x08, 0x63, 0x08, 0x63, 0x08, 0x63, 0x08, 0x63, 0x08, 0x63, 0x08, 0x63, 0x08, 0x63, 0x08,
  0x63, 0x08, 0x63, 0x08, 0x63, 0x08, 0x63, 0x08, 0x63, 0x08, 0x63, 0x08, 0x63, 0x08, 0x63, 0x08,
  0x63, 0x08, 0x63, 0x08, 0x63, 0x08, 0x63, 0x08, 0x63, 0x08, 0x63, 0x08, 0x63, 0x08, 0x63, 0x08,
  0x63, 0x08, 0x63, 0x08, 0x63, 0x08, 0x63, 0x08, 0x63, 0x08, 0x63, 0x08, 0x63, 0x08, 0x63, 0x08,
  0x63, 0x08, 0x63, 0x08, 0x63, 0x08, 0x63, 0x08, 0x63, 0x08, 0x63, 0x08, 0x63, 0x08, 0x63, 0x08,
  0x63, 0x08, 0x63, 0x08, 0x63, 0x08, 0x63, 0x08, 0x63, 0x08, 0x63, 0x08, 0x63, 0x08, 0x63, 0x08,
  0x63, 0x08, 0x63, 0x08, 0x63, 0x08, 0x63, 0x08, 0x63, 0x08, 0x63, 0x08, 0x63, 0x08, 0x63, 0x08,
  0x63, 0x08, 0x63, 0x08, 0x63, 0x08, 0x63, 0x08, 0x63, 0x08, 0x63, 0x08, 0x63, 0x08, 0x63, 0x08,
  0x63, 0x08, 0x63, 0x08, 0x63, 0x08, 0x63, 0x08, 0x63, 0x08, 0x63, 0x08, 0x63, 0x08, 0x63, 0x08,
  0x63, 0x08, 0x63, 0x08, 0x63, 0x08, 0x63, 0x08, 0x63, 0x08, 0x63, 0x08, 0x63, 0x08, 0x63, 0x08,
  0x63, 0x08, 0x63, 0x08, 0x63, 0x08, 0x63, 0x08, 0x63, 0x08, 0x63, 0x08, 0x63, 0x08, 0x63, 0x08,
  0x63, 0x08, 0x63, 0x08, 0x63, 0x08, 0x63, 0x08, 0x63, 0x08, 0x63, 0x08, 0x63, 0x08, 0x63, 0x08,
  0x63, 0x08, 0x63, 0x08, 0x63, 0x08, 0x63, 0x08, 0x63, 0x08, 0x63, 0x08, 0x63, 0x08, 0x63, 0x08,
  0x63, 0x08, 0x63, 0x08, 0x63, 0x08, 0x63, 0x08, 0x63, 0x08, 0x63, 0x08, 0x63, 0x08, 0x63, 0x08,
  0x63, 0x08, 0x63, 0x08, 0x63, 0x08, 0x63, 0x08, 0x63, 0x08, 0x63, 0x08, 0x63, 0x08, 0x63, 0x08,
  0x63, 0x08, 0x63, 0x08, 0x63, 0x08, 0x63, 0x08, 0x63, 0x08, 0x63, 0x08, 0x63, 0x08, 0x63, 0x08,
  0x63, 0x08, 0x63, 0x08, 0x63, 0x08, 0x63, 0x08, 0x63, 0x08, 0x63, 0x08, 0x63, 0x08, 0x63, 0x08,
  0x63, 0x08, 0x63, 0x08, 0x63, 0x08, 0x63, 0x08, 0x63, 0x08, 0x63, 0x08, 0x63, 0x08, 0x63, 0x08,
  0x63, 0x08, 0x63, 0x08, 0x63, 0x08, 0x63, 0x08, 0x63, 0x08, 0x63, 0x08, 0x63, 0x08, 0x63, 0x08,
  0x63, 0x08, 0x63, 0x08, 0x63, 0x08, 0x63, 0x08, 0x63, 0x08, 0x63, 0x08, 0x63, 0x08, 0x63, 0x08,
  0x63, 0x08, 0x63, 0x08, 0x63, 0x08, 0x63, 0x08, 0x63, 0x08, 0x63, 0x08, 0x63, 0x08, 0x63, 0x08,
  0x63, 0x08, 0x63, 0x08, 0x63, 0x08, 0x63, 0x08, 0x63, 0x08, 0x63, 0x08, 0x63, 0x08, 0x63, 0x08,
  0x63, 0x08, 0x63, 0x08, 0x63, 0x08, 0x63, 0x08, 0x63, 0x08, 0x63, 0x08, 0x63, 0x08, 0x63, 0x08,
  0x63, 0x08, 0x63, 0x08, 0x63, 0x08, 0x63, 0x08, 0x63, 0x08, 0x63, 0x08, 0x63, 0x08, 0x63, 0x08,
  0x63, 0x08, 0x63, 0x08, 0x63, 0x08, 0x63, 0x08, 0x63, 0x08, 0x63, 0x08, 0x63, 0x08, 0x63, 0x08,
  0x63, 0x08, 0x63, 0x08, 0x63, 0x08, 0x63, 0x08, 0x63, 0x08, 0x63, 0x08, 0x63, 0x08, 0x63, 0x08,
  0x63, 0x08, 0x63, 0x08, 0x63, 0x08, 0x63, 0x08, 0x63, 0x08, 0x63, 0x08, 0x63, 0x08, 0x63, 0x08,
  0x63, 0x08, 0x63, 0x08, 0x63, 0x08, 0x63, 0x08, 0x63, 0x08, 0x63, 0x08, 0x63, 0x08, 0x63, 0x08,
  0x63, 0x08, 0x63, 0x08, 0x63, 0x08, 0x63, 0x08, 0x63, 0x08, 0x63, 0x08, 0x63, 0x08, 0x63, 0x08,
  0x63, 0x08, 0x63, 0x08, 0x63, 0x08, 0x63, 0x08, 0x63, 0x08, 0x63, 0x08, 0x63, 0x08, 0x63, 0x08,
  0x63, 0x08, 0x63, 0x08, 0x63, 0x08, 0x63, 0x08, 0x63, 0x08, 0x63, 0x08, 0x63, 0x08, 0x63, 0x08,
  0x63, 0x08, 0x63, 0x08, 0x63, 0x08, 0x63, 0x08, 0x63, 0x08, 0x63, 0x08, 0x63, 0x08, 0x63, 0x08,
  0x63, 0x08, 0x63, 0x08, 0x63, 0x08, 0x63, 0x08, 0x63, 0x08, 0x63, 0x08, 0x63, 0x08, 0x63, 0x08,
  0x63, 0x08, 0x63, 0x08, 0x63, 0x08, 0x63, 0x08, 0x63, 0x08, 0x63, 0x08, 0x63, 0x08, 0x63, 0x08,
  0x63, 0x08, 0x63, 0x08, 0x63, 0x08, 0x63, 0x08, 0x63, 0x08, 0x63, 0x08, 0x63, 0x08, 0x63, 0x08,
  0x63, 0x08, 0x63, 0x08, 0x63, 0x08, 0x63, 0x08, 0x63, 0x08, 0x63, 0x08, 0x63, 0x08, 0x63, 0x08,
  0x63, 0x08, 0x63, 0x08, 0x63, 0x08, 0x63, 0x08, 0x63, 0x08, 0x63, 0x08, 0x63, 0x08, 0x63, 0x08,
  0x63, 0x08, 0x63, 0x08, 0x63, 0x08, 0x63, 0x08, 0x63, 0x08, 0x63, 0x08, 0x63, 0x08, 0x63, 0x08,
  0x63, 0x08, 0x63, 0x08, 0x63, 0x08, 0x63, 0x08, 0x63, 0x08, 0x63, 0x08, 0x63, 0x08, 0x63, 0x08,
  0x63, 0x08, 0x63, 0x08, 0x63, 0x08, 0x63, 0x08, 0x63, 0x08, 0x63, 0x08, 0x63, 0x08, 0x63, 0x08,
  0x63, 0x08, 0x63, 0x08, 0x63, 0x08, 0x63, 0x08, 0x63, 0x08, 0x63, 0x08, 0x63, 0x08, 0x63, 0x08,
  0x63, 0x08, 0x63, 0x08, 0x63, 0x08, 0x63, 0x08, 0x63, 0x08, 0x63, 0x08, 0x63, 0x08, 0x63, 0x08,
  0x63, 0x08, 0x63, 0x08, 0x63, 0x08, 0x63, 0x08, 0x63, 0x08, 0x63, 0x08, 0x63, 0x08, 0x63, 0x08,
  0x63, 0x08, 0x63, 0x08, 0x63, 0x08, 0x63, 0x08, 0x63, 0x08, 0x63, 0x08, 0x63, 0x08, 0x63, 0x08,
  0x63, 0x08, 0x63, 0x08, 0x63, 0x08, 0x63, 0x08, 0x63, 0x08, 0x63, 0x08, 0x63, 0x08, 0x63, 0x08,
  0x63, 0x08, 0x63, 0x08, 0x63, 0x08, 0x63, 0x08, 0x63, 0x08, 0x63, 0x08, 0x63, 0x08, 0x63, 0x08,
  0x63, 0x08, 0x63, 0x08, 0x63, 0x08, 0x63, 0x08, 0x63, 0x08, 0x63, 0x08, 0x63, 0x08, 0x63, 0x08,
  0x63, 0x08, 0x63, 0x08, 0x63, 0x08, 0x63, 0x08, 0x63, 0x08, 0x63, 0x08, 0x63, 0x08, 0x63, 0x08,
  0x63, 0x08, 0x63, 0x08, 0x63, 0x08, 0x63, 0x08, 0x63, 0x08, 0x63, 0x08, 0x63, 0x08, 0x63, 0x08,
  0x63, 0x08, 0x63, 0x08, 0x63, 0x08, 0x63, 0x08, 0x63, 0x08, 0x63, 0x08, 0x63, 0x08, 0x63, 0x08,
  0x63, 0x08, 0x63, 0x08, 0x63, 0x08, 0x63, 0x08, 0x63, 0x08, 0x63, 0x08, 0x63, 0x08, 0x63, 0x08,
  0x63, 0x08, 0x63, 0x08, 0x63, 0x08, 0x63, 0x08, 0x63, 0x08, 0x63, 0x08, 0x63, 0x08, 0x63, 0x08,
  0x63, 0x08, 0x63, 0x08, 0x63, 0x08, 0x63, 0x08, 0x63, 0x08, 0x63, 0x08, 0x63, 0x08, 0x63, 0x08,
  0x63, 0x08, 0x63, 0x08, 0x63, 0x08, 0x63, 0x08, 0x63, 0x08, 0x63, 0x08, 0x63, 0x08, 0x63, 0x08,
  0x63, 0x08, 0x63, 0x08, 0x63, 0x08, 0x63, 0x08, 0x63, 0x08, 0x63, 0x08, 0x63, 0x08, 0x63, 0x08,
  0x63, 0x08, 0x63, 0x08, 0x63, 0x08, 0x63, 0x08, 0x63, 0x08, 0x63, 0x08, 0x63, 0x08, 0x63, 0x08,
  0x63, 0x08, 0x63, 0x08, 0x63, 0x08, 0x63, 0x08, 0x63, 0x08, 0x63, 0x08, 0x63, 0x08, 0x63, 0x08,
  0x63, 0x08, 0x63, 0x08, 0x63, 0x08, 0x63, 0x08, 0x63, 0x08, 0x63, 0x08, 0x63, 0x08, 0x63, 0x08,
  0x63, 0x08, 0x63, 0x08, 0x63, 0x08, 0x63, 0x08, 0x63, 0x08, 0x63, 0x08, 0x63, 0x08, 0x63, 0x08,
  0x63, 0x08, 0x63, 0x08, 0x63, 0x08, 0x63, 0x08, 0x63, 0x08, 0x63, 0x08, 0x63, 0x08, 0x63, 0x08,
  0x63, 0x08, 0x63, 0x08, 0x63, 0x08, 0x63, 0x08, 0x63, 0x08, 0x63, 0x08, 0x63, 0x08, 0x63, 0x08,
  0x63, 0x08, 0x63, 0x08, 0x63, 0x08, 0x63, 0x08, 0x63, 0x08, 0x63, 0x08, 0x63, 0x08, 0x63, 0x08,
  0x63, 0x08, 0x63, 0x08, 0x63, 0x08, 0x63, 0x08, 0x63, 0x08, 0x63, 0x08, 0x63, 0x08, 0x63, 0x08,
  0x63, 0x08, 0x63, 0x08, 0x63, 0x08, 0x63, 0x08, 0x63, 0x08, 0x63, 0x08, 0x63, 0x08, 0x63, 0x08,
  0x63, 0x08, 0x63, 0x08, 0x63, 0x08, 0x63, 0x08, 0x63, 0x08, 0x63, 0x08, 0x63, 0x08, 0x63, 0x08,
  0x63, 0x08, 0x63, 0x08, 0x63, 0x08, 0x63, 0x08, 0x63, 0x08, 0x63, 0x08, 0x63, 0x08, 0x63, 0x08,
  0x63, 0x08, 0x63, 0x08, 0x63, 0x08, 0x63, 0x08, 0x63, 0x08, 0x63, 0x08, 0x63, 0x08, 0x63, 0x08,
  0x63, 0x08, 0x63, 0x08, 0x63, 0x08, 0x63, 0x08, 0x63, 0x08, 0x63, 0x08, 0x63, 0x08, 0x63, 0x08,
  0x63, 0x08, 0x63, 0x08, 0x63, 0x08, 0x63, 0x08, 0x63, 0x08, 0x63, 0x08, 0x63, 0x08, 0x63, 0x08,
  0x63, 0x08, 0x63, 0x08, 0x63, 0x08, 0x63, 0x08, 0x63, 0x08, 0x63, 0x08, 0x63, 0x08, 0x63, 0x08,
  0x63, 0x08, 0x63, 0x08, 0x63, 0x08, 0x63, 0x08, 0x63, 0x08, 0x63, 0x08, 0x63, 0x08, 0x63, 0x08,
  0x63, 0x08, 0x63, 0x08, 0x63, 0x08, 0x63, 0x08, 0x63, 0x08, 0x63, 0x08, 0x63, 0x08, 0x63, 0x08,
  0x63, 0x08, 0x63, 0x08, 0x63, 0x08, 0x63, 0x08, 0x63, 0x08, 0x63, 0x08, 0x63, 0x08, 0x63, 0x08,
  0x63, 0x08, 0x63, 0x08, 0x63, 0x08, 0x63, 0x08, 0x63, 0x08, 0x63, 0x08, 0x63, 0x08, 0x63, 0x08,
  0x63, 0x08, 0x63, 0x08, 0x63, 0x08, 0x63, 0x08, 0x63, 0x08, 0x63, 0x08, 0x63, 0x08, 0x63, 0x08,
  0x63, 0x08, 0x63, 0x08, 0x63, 0x08, 0x63, 0x08, 0x63, 0x08, 0x63, 0x08, 0x63, 0x08, 0x63, 0x08,
  0x63, 0x08, 0x63, 0x08, 0x63, 0x08, 0x63, 0x08, 0x63, 0x08, 0x63, 0x08, 0x63, 0x08, 0x63, 0x08,
  0x63, 0x08, 0x63, 0x08, 0x63, 0x08, 0x63, 0x08, 0x63, 0x08, 0x63, 0x08, 0x63, 0x08, 0x63, 0x08,
  0x63, 0x08, 0x63, 0x08, 0x63, 0x08, 0x63, 0x08, 0x63, 0x08, 0x63, 0x08, 0x63, 0x08, 0x63, 0x08,
  0x63, 0x08, 0x63, 0x08, 0x63, 0x08, 0x63, 0x08, 0x63, 0x08, 0x63, 0x08, 0x63, 0x08, 0x63, 0x08,
  0x63, 0x08, 0x63, 0x08, 0x63, 0x08, 0x63, 0x08, 0x63, 0x08, 0x63, 0x08, 0x63, 0x08, 0x63, 0x08,
  0x63, 0x08, 0x63, 0x08, 0x63, 0x08, 0x63, 0x08, 0x63, 0x08, 0x63, 0x08, 0x63, 0x08, 0x63, 0x08,
  0x63, 0x08, 0x63, 0x08, 0x63, 0x08, 0x63, 0x08, 0x63, 0x08, 0x63, 0x08, 0x63, 0x08, 0x63, 0x08,
  0x63, 0x08, 0x63, 0x08, 0x63, 0x08, 0x63, 0x08, 0x63, 0x08, 0x63, 0x08, 0x63, 0x08, 0x63, 0x08,
  0x63, 0x08, 0x63, 0x08, 0x63, 0x08, 0x63, 0x08, 0x63, 0x08, 0x63, 0x08, 0x63, 0x08, 0x63, 0x08,
  0x63, 0x08, 0x63, 0x08, 0x63, 0x08, 0x63, 0x08, 0x63, 0x08, 0x63, 0x08, 0x63, 0x08, 0x63, 0x08,
  0x63, 0x08, 0x63, 0x08, 0x63, 0x08, 0x63, 0x08, 0x63, 0x08, 0x63, 0x08, 0x63, 0x08, 0x63, 0x08,
  0x63, 0x08, 0x63, 0x08, 0x63, 0x08, 0x63, 0x08, 0x63, 0x08, 0x63, 0x08, 0x63, 0x08, 0x63, 0x08,
  0x63, 0x08, 0x63, 0x08, 0x63, 0x08, 0x63, 0x08, 0x63, 0x08, 0x63, 0x08, 0x63, 0x08, 0x63, 0x08,
  0x63, 0x08, 0x63, 0x08, 0x63, 0x08, 0x63, 0x08, 0x63, 0x08, 0x63, 0x08, 0x63, 0x08, 0x63, 0x08,
  0x63, 0x08, 0x63, 0x08, 0x63, 0x08, 0x63, 0x08, 0x63, 0x08, 0x63, 0x08, 0x63, 0x08, 0x63, 0x08,
  0x63, 0x08, 0x63, 0x08, 0x63, 0x08, 0x63, 0x08, 0x63, 0x08, 0x63, 0x08, 0x63, 0x08, 0x63, 0x08,
  0x63, 0x08, 0x63, 0x08, 0x63, 0x08, 0x63, 0x08, 0x63, 0x08, 0x63, 0x08, 0x63, 0x08, 0x63, 0x08,
  0x63, 0x08, 0x63, 0x08, 0x63, 0x08, 0x63, 0x08, 0x63, 0x08, 0x63, 0x08, 0x63, 0x08, 0x63, 0x08,
  0x63, 0x08, 0x63, 0x08, 0x63, 0x08, 0x63, 0x08, 0x63, 0x08, 0x63, 0x08, 0x63, 0x08, 0x63, 0x08,
  0x63, 0x08, 0x63, 0x08, 0x63, 0x08, 0x63, 0x08, 0x63, 0x08, 0x63, 0x08, 0x63, 0x08, 0x63, 0x08,
  0x63, 0x08, 0x63, 0x08, 0x63, 0x08, 0x63, 0x08, 0x63, 0x08, 0x63, 0x08, 0x63, 0x08, 0x63, 0x08,
  0x63, 0x08, 0x63, 0x08, 0x63, 0x08, 0x63, 0x08, 0x63, 0x08, 0x63, 0x08, 0x63, 0x08, 0x63, 0x08,
  0x63, 0x08, 0x63, 0x08, 0x63, 0x08, 0x63, 0x08, 0x63, 0x08, 0x63, 0x08, 0x63, 0x08, 0x63, 0x08,
  0x63, 0x08, 0x63, 0x08, 0x63, 0x08, 0x63, 0x08, 0x63, 0x08, 0x63, 0x08, 0x63, 0x08, 0x63, 0x08,
  0x63, 0x08, 0x63, 0x08, 0x63, 0x08, 0x63, 0x08, 0x63, 0x08, 0x63, 0x08, 0x63, 0x08, 0x63, 0x08,
  0x63, 0x08, 0x63, 0x08, 0x63, 0x08, 0x63, 0x08, 0x63, 0x08, 0x63, 0x08, 0x63, 0x08, 0x63, 0x08,
  0x63, 0x08, 0x63, 0x08, 0x63, 0x08, 0x63, 0x08, 0x63, 0x08, 0x63, 0x08, 0x63, 0x08, 0x63, 0x08,
  0x63, 0x08, 0x63, 0x08, 0x63, 0x08, 0x63, 0x08, 0x63, 0x08, 0x63, 0x08, 0x63, 0x08, 0x63, 0x08,
  0x63, 0x08, 0x63, 0x08, 0x63, 0x08, 0x63, 0x08, 0x63, 0x08, 0x63, 0x08, 0x63, 0x08, 0x63, 0x08,
  0x63, 0x08, 0x63, 0x08, 0x63, 0x08, 0x63, 0x08, 0x63, 0x08, 0x63, 0x08, 0x63, 0x08, 0x63, 0x08,
  0x63, 0x08, 0x63, 0x08, 0x63, 0x08, 0x63, 0x08, 0x63, 0x08, 0x63, 0x08, 0x63, 0x08, 0x63, 0x08,
  0x63, 0x08, 0x63, 0x08, 0x63, 0x08, 0x63, 0x08, 0x63, 0x08, 0x63, 0x08, 0x63, 0x08, 0x63, 0x08,
  0x63, 0x08, 0x63, 0x08, 0x63, 0x08, 0x63, 0x08, 0x63, 0x08, 0x63, 0x08, 0x63, 0x08, 0x63, 0x08,
  0x63, 0x08, 0x63, 0x08, 0x63, 0x08, 0x63, 0x08, 0x63, 0x08, 0x63, 0x08, 0x63, 0x08, 0x63, 0x08,
  0x63, 0x08, 0x63, 0x08, 0x63, 0x08, 0x63, 0x08, 0x63, 0x08, 0x63, 0x08, 0x63, 0x08, 0x63, 0x08,
  0x63, 0x08, 0x63, 0x08, 0x63, 0x08, 0x63, 0x08, 0x63, 0x08, 0x63, 0x08, 0x63, 0x08, 0x63, 0x08,
  0x63, 0x08, 0x63, 0x08, 0x63, 0x08, 0x63, 0x08, 0x63, 0x08, 0x63, 0x08, 0x63, 0x08, 0x63, 0x08,
  0x63, 0x08, 0x63, 0x08, 0x63, 0x08, 0x63, 0x08, 0x63, 0x08, 0x63, 0x08, 0x63, 0x08, 0x63, 0x08,
  0x63, 0x08, 0x63, 0x08, 0x63, 0x08, 0x63, 0x08, 0x63, 0x08, 0x63, 0x08, 0x63, 0x08, 0x63, 0x08,
  0x63, 0x08, 0x63, 0x08, 0x63, 0x08, 0x63, 0x08, 0x63, 0x08, 0x63, 0x08, 0x63, 0x08, 0x63, 0x08,
  0x63, 0x08, 0x63, 0x08, 0x63, 0x08, 0x63, 0x08, 0x63, 0x08, 0x63, 0x08, 0x63, 0x08, 0x63, 0x08,
  0x63, 0x08, 0x63, 0x08, 0x63, 0x08, 0x63, 0x08, 0x63, 0x08, 0x63, 0x08, 0x63, 0x08, 0x63, 0x08,
  0x63, 0x08, 0x63, 0x08, 0x63, 0x08, 0x63, 0x08, 0x63, 0x08, 0x63, 0x08, 0x63, 0x08, 0x63, 0x08,
  0x63, 0x08, 0x63, 0x08, 0x63, 0x08, 0x63, 0x08, 0x63, 0x08, 0x63, 0x08, 0x63, 0x08, 0x63, 0x08,
  0x63, 0x08, 0x63, 0x08, 0x63, 0x08, 0x63, 0x08, 0x63, 0x08, 0x63, 0x08, 0x63, 0x08, 0x63, 0x08,
  0x63, 0x08, 0x63, 0x08, 0x63, 0x08, 0x63, 0x08, 0x63, 0x08, 0x63, 0x08, 0x63, 0x08, 0x63, 0x08,
  0x63, 0x08, 0x63, 0x08, 0x63, 0x08, 0x63, 0x08, 0x63, 0x08, 0x63, 0x08, 0x63, 0x08, 0x63, 0x08,
  0x63, 0x08, 0x63, 0x08, 0x63, 0x08, 0x63, 0x08, 0x63, 0x08, 0x63, 0x08, 0x63, 0x08, 0x63, 0x08,
  0x63, 0x08, 0x63, 0x08, 0x63, 0x08, 0x63, 0x08, 0x63, 0x08, 0x63, 0x08, 0x63, 0x08, 0x63, 0x08,
  0x63, 0x08, 0x63, 0x08, 0x63, 0x08, 0x63, 0x08, 0x63, 0x08, 0x63, 0x08, 0x63, 0x08, 0x63, 0x08,
  0x63, 0x08, 0x63, 0x08, 0x63, 0x08, 0x63, 0x08, 0x63, 0x08, 0x63, 0x08, 0x63, 0x08, 0x63, 0x08,
  0x63, 0x08, 0x63, 0x08, 0x63, 0x08, 0x63, 0x08, 0x63, 0x08, 0x63, 0x08, 0x63, 0x08, 0x63, 0x08,
  0x63, 0x08, 0x63, 0x08, 0x63, 0x08, 0x63, 0x08, 0x63, 0x08, 0x63, 0x08, 0x63, 0x08, 0x63, 0x08,
  0x63, 0x08, 0x63, 0x08, 0x63, 0x08, 0x63, 0x08, 0x63, 0x08, 0x63, 0x08, 0x63, 0x08, 0x63, 0x08,
  0x63, 0x08, 0x63, 0x08, 0x63, 0x08, 0x63, 0x08, 0x63, 0x08, 0x63, 0x08, 0x63, 0x08, 0x63, 0x08,
  0x63, 0x08, 0x63, 0x08, 0x63, 0x08, 0x63, 0x08, 0x63, 0x08, 0x63, 0x08, 0x63, 0x08, 0x63, 0x08,
  0x63, 0x08, 0x63, 0x08, 0x63, 0x08, 0x63, 0x08, 0x63, 0x08, 0x63, 0x08, 0x63, 0x08, 0x63, 0x08,
  0x63, 0x08, 0x63, 0x08, 0x63, 0x08, 0x63, 0x08, 0x63, 0x08, 0x63, 0x08, 0x63, 0x08, 0x63, 0x08,
  0x63, 0x08, 0x63, 0x08, 0x63, 0x08, 0x63, 0x08, 0x63, 0x08, 0x63, 0x08, 0x63, 0x08, 0x63, 0x08,
  0x63, 0x08, 0x63, 0x08, 0x63, 0x08, 0x63, 0x08, 0x63, 0x08, 0x63, 0x08, 0x63, 0x08, 0x63, 0x08,
  0x63, 0x08, 0x63, 0x08, 0x63, 0x08, 0x63, 0x08, 0x63, 0x08, 0x63, 0x08, 0x63, 0x08, 0x63, 0x08,
  0x63, 0x08, 0x63, 0x08, 0x63, 0x08, 0x63, 0x08, 0x63, 0x08, 0x63, 0x08, 0x63, 0x08, 0x63, 0x08,
  0x63, 0x08, 0x63, 0x08, 0x63, 0x08, 0x63, 0x08, 0x63, 0x08, 0x63, 0x08, 0x63, 0x08, 0x63, 0x08,
  0x63, 0x08, 0x63, 0x08, 0x63, 0x08, 0x63, 0x08, 0x63, 0x08, 0x63, 0x08, 0x63, 0x08, 0x63, 0x08,
  0x63, 0x08, 0x63, 0x08, 0x63, 0x08, 0x63, 0x08, 0x63, 0x08, 0x63, 0x08, 0x63, 0x08, 0x63, 0x08,
  0x63, 0x08, 0x63, 0x08, 0x63, 0x08, 0x63, 0x08, 0x63, 0x08, 0x63, 0x08, 0x63, 0x08, 0x63, 0x08,
  0x63, 0x08, 0x63, 0x08, 0x63, 0x08, 0x63, 0x08, 0x63, 0x08, 0x63, 0x08, 0x63, 0x08, 0x63, 0x08,
  0x63, 0x08, 0x63, 0x08, 0x63, 0x08, 0x63, 0x08, 0x63, 0x08, 0x63, 0x08, 0x63, 0x08, 0x63, 0x08,
  0x63, 0x08, 0x63, 0x08, 0x63, 0x08, 0x63, 0x08, 0x63, 0x08, 0x63, 0x08, 0x63, 0x08, 0x63, 0x08,
  0x63, 0x08, 0x63, 0x08, 0x63, 0x08, 0x63, 0x08, 0x63, 0x08, 0x63, 0x08, 0x63, 0x08, 0x63, 0x08,
  0x63, 0x08, 0x63, 0x08, 0x63, 0x08, 0x63, 0x08, 0x63, 0x08, 0x63, 0x08, 0x63, 0x08, 0x63, 0x08,
  0x63, 0x08, 0x63, 0x08, 0x63, 0x08, 0x63, 0x08, 0x63, 0x08, 0x63, 0x08, 0x63, 0x08, 0x63, 0x08,
  0x63, 0x08, 0x63, 0x08, 0x63, 0x08, 0x63, 0x08, 0x63, 0x08, 0x63, 0x08, 0x63, 0x08, 0x63, 0x08,
  0x63, 0x08, 0x63, 0x08, 0x63, 0x08, 0x63, 0x08, 0x63, 0x08, 0x63, 0x08, 0x63, 0x08, 0x63, 0x08,
  0x63, 0x08, 0x63, 0x08, 0x63, 0x08, 0x63, 0x08, 0x63, 0x08, 0x63, 0x08, 0x63, 0x08, 0x63, 0x08,
  0x63, 0x08, 0x63, 0x08, 0x63, 0x08, 0x63, 0x08, 0x63, 0x08, 0x63, 0x08, 0x63, 0x08, 0x63, 0x08,
  0x63, 0x08, 0x63, 0x08, 0x63, 0x08, 0x63, 0x08, 0x63, 0x08, 0x63, 0x08, 0x63, 0x08, 0x63, 0x08,
  0x63, 0x08, 0x63, 0x08, 0x63, 0x08, 0x63, 0x08, 0x63, 0x08, 0x63, 0x08, 0x63, 0x08, 0x63, 0x08,
  0x63, 0x08, 0x63, 0x08, 0x63, 0x08, 0x63, 0x08, 0x63, 0x08, 0x63, 0x08, 0x63, 0x08, 0x63, 0x08,
  0x63, 0x08, 0x63, 0x08, 0x63, 0x08, 0x63, 0x08, 0x63, 0x08, 0x63, 0x08, 0x63, 0x08, 0x63, 0x08,
  0x63, 0x08, 0x63, 0x08, 0x63, 0x08, 0x63, 0x08, 0x63, 0x08, 0x63, 0x08, 0x63, 0x08, 0x63, 0x08,
  0x63, 0x08, 0x63, 0x08, 0x63, 0x08, 0x63, 0x08, 0x63, 0x08, 0x63, 0x08, 0x63, 0x08, 0x63, 0x08,
  0x63, 0x08, 0x63, 0x08, 0x63, 0x08, 0x63, 0x08, 0x63, 0x08, 0x63, 0x08, 0x63, 0x08, 0x63, 0x08,
  0x63, 0x08, 0x63, 0x08, 0x63, 0x08, 0x63, 0x08, 0x63, 0x08, 0x63, 0x08, 0x63, 0x08, 0x63, 0x08,
  0x63, 0x08, 0x63, 0x08, 0x63, 0x08, 0x63, 0x08, 0x63, 0x08, 0x63, 0x08, 0x63, 0x08, 0x63, 0x08,
  0x63, 0x08, 0x63, 0x08, 0x63, 0x08, 0x63, 0x08, 0x63, 0x08, 0x63, 0x08, 0x63, 0x08, 0x63, 0x08,
  0x63, 0x08, 0x63, 0x08, 0x63, 0x08, 0x63, 0x08, 0x63, 0x08, 0x63, 0x08, 0x63, 0x08, 0x63, 0x08,
  0x63, 0x08, 0x63, 0x08, 0x63, 0x08, 0x63, 0x08, 0x63, 0x08, 0x63, 0x08, 0x63, 0x08, 0x63, 0x08,
  0x63, 0x08, 0x63, 0x08, 0x63, 0x08, 0x63, 0x08, 0x63, 0x08, 0x63, 0x08, 0x63, 0x08, 0x63, 0x08,
  0x63, 0x08, 0x63, 0x08, 0x63, 0x08, 0x63, 0x08, 0x63, 0x08, 0x63, 0x08, 0x63, 0x08, 0x63, 0x08,
  0x63, 0x08, 0x63, 0x08, 0x63, 0x08, 0x63, 0x08, 0x63, 0x08, 0x63, 0x08, 0x63, 0x08, 0x63, 0x08,
  0x63, 0x08, 0x63, 0x08, 0x63, 0x08, 0x63, 0x08, 0x63, 0x08, 0x63, 0x08, 0x63, 0x08, 0x63, 0x08,
  0x63, 0x08, 0x63, 0x08, 0x63, 0x08, 0x63, 0x08, 0x63, 0x08, 0x63, 0x08, 0x63, 0x08, 0x63, 0x08,
  0x63, 0x08, 0x63, 0x08, 0x63, 0x08, 0x63, 0x08, 0x63, 0x08, 0x63, 0x08, 0x63, 0x08, 0x63, 0x08,
  0x63, 0x08, 0x63, 0x08, 0x63, 0x08, 0x63, 0x08, 0x63, 0x08, 0x63, 0x08, 0x63, 0x08, 0x63, 0x08,
  0x63, 0x08, 0x63, 0x08, 0x63, 0x08, 0x63, 0x08, 0x63, 0x08, 0x63, 0x08, 0x63, 0x08, 0x63, 0x08,
  0x63, 0x08, 0x63, 0x08, 0x63, 0x08, 0x63, 0x08, 0x63, 0x08, 0x63, 0x08, 0x63, 0x08, 0x63, 0x08,
  0x63, 0x08, 0x63, 0x08, 0x63, 0x08, 0x63, 0x08, 0x63, 0x08, 0x63, 0x08, 0x63, 0x08, 0x63, 0x08,
  0x63, 0x08, 0x63, 0x08, 0x63, 0x08, 0x63, 0x08, 0x63, 0x08, 0x63, 0x08, 0x63, 0x08, 0x63, 0x08,
  0x63, 0x08, 0x63, 0x08, 0x63, 0x08, 0x63, 0x08, 0x63, 0x08, 0x63, 0x08, 0x63, 0x08, 0x63, 0x08,
  0x63, 0x08, 0x63, 0x08, 0x63, 0x08, 0x63, 0x08, 0x63, 0x08, 0x63, 0x08, 0x63, 0x08, 0x63, 0x08,
  0x63, 0x08, 0x63, 0x08, 0x63, 0x08, 0x63, 0x08, 0x63, 0x08, 0x63, 0x08, 0x63, 0x08, 0x63, 0x08,
  0x63, 0x08, 0x63, 0x08, 0x63, 0x08, 0x63, 0x08, 0x63, 0x08, 0x63, 0x08, 0x63, 0x08, 0x63, 0x08,
  0x63, 0x08, 0x63, 0x08, 0x63, 0x08, 0x63, 0x08, 0x63, 0x08, 0x63, 0x08, 0x63, 0x08, 0x63, 0x08,
  0x63, 0x08, 0x63, 0x08, 0x63, 0x08, 0x63, 0x08, 0x63, 0x08, 0x63, 0x08, 0x63, 0x08, 0x63, 0x08,
  0x63, 0x08, 0x63, 0x08, 0x63, 0x08, 0x63, 0x08, 0x63, 0x08, 0x63, 0x08, 0x63, 0x08, 0x63, 0x08,
  0x63, 0x08, 0x63, 0x08, 0x63, 0x08, 0x63, 0x08, 0x63, 0x08, 0x63, 0x08, 0x63, 0x08, 0x63, 0x08,
  0x63, 0x08, 0x63, 0x08, 0x63, 0x08, 0x63, 0x08, 0x63, 0x08, 0x63, 0x08, 0x63, 0x08, 0x63, 0x08,
  0x63, 0x08, 0x63, 0x08, 0x63, 0x08, 0x63, 0x08, 0x63, 0x08, 0x63, 0x08, 0x63, 0x08, 0x63, 0x08,
  0x63, 0x08, 0x63, 0x08, 0x63, 0x08, 0x63, 0x08, 0x63, 0x08, 0x63, 0x08, 0x63, 0x08, 0x63, 0x08,
  0x63, 0x08, 0x63, 0x08, 0x63, 0x08, 0x63, 0x08, 0x63, 0x08, 0x63, 0x08, 0x63, 0x08, 0x63, 0x08,
  0x63, 0x08, 0x63, 0x08, 0x63, 0x08, 0x63, 0x08, 0x63, 0x08, 0x63, 0x08, 0x63, 0x08, 0x63, 0x08,
  0x63, 0x08, 0x63, 0x08, 0x63, 0x08, 0x63, 0x08, 0x63, 0x08, 0x63, 0x08, 0x63, 0x08, 0x63, 0x08,
  0x63, 0x08, 0x63, 0x08, 0x63, 0x08, 0x63, 0x08, 0x63, 0x08, 0x63, 0x08, 0x63, 0x08, 0x63, 0x08,
  0x63, 0x08, 0x63, 0x08, 0x63, 0x08, 0x63, 0x08, 0x63, 0x08, 0x63, 0x08, 0x63, 0x08, 0x63, 0x08,
  0x63, 0x08, 0x63, 0x08, 0x63, 0x08, 0x63, 0x08, 0x63, 0x08, 0x63, 0x08, 0x63, 0x08, 0x63, 0x08,
  0x63, 0x08, 0x63, 0x08, 0x63, 0x08, 0x63, 0x08, 0x63, 0x08, 0x63, 0x08, 0x63, 0x08, 0x63, 0x08,
  0x63, 0x08, 0x63, 0x08, 0x63, 0x08, 0x63, 0x08, 0x63, 0x08, 0x63, 0x08, 0x63, 0x08, 0x63, 0x08,
  0x63, 0x08, 0x63, 0x08, 0x63, 0x08, 0x63, 0x08, 0x63, 0x08, 0x63, 0x08, 0x63, 0x08, 0x63, 0x08,
  0x63, 0x08, 0x63, 0x08, 0x63, 0x08, 0x63, 0x08, 0x63, 0x08, 0x63, 0x08, 0x63, 0x08, 0x63, 0x08,
  0x63, 0x08, 0x63, 0x08, 0x63, 0x08, 0x63, 0x08, 0x63, 0x08, 0x63, 0x08, 0x63, 0x08, 0x63, 0x08,
  0x63, 0x08, 0x63, 0x08, 0x63, 0x08, 0x63, 0x08, 0x63, 0x08, 0x63, 0x08, 0x63, 0x08, 0x63, 0x08,
  0x63, 0x08, 0x63, 0x08, 0x63, 0x08, 0x63, 0x08, 0x63, 0x08, 0x63, 0x08, 0x63, 0x08, 0x63, 0x08,
  0x63, 0x08, 0x63, 0x08, 0x63, 0x08, 0x63, 0x08, 0x63, 0x08, 0x63, 0x08, 0x63, 0x08, 0x63, 0x08,
  0x63, 0x08, 0x63, 0x08, 0x63, 0x08, 0x63, 0x08, 0x63, 0x08, 0x63, 0x08, 0x63, 0x08, 0x63, 0x08,
  0x63, 0x08, 0x63, 0x08, 0x63, 0x08, 0x63, 0x08, 0x63, 0x08, 0x63, 0x08, 0x63, 0x08, 0x63, 0x08,
  0x63, 0x08, 0x63, 0x08, 0x63, 0x08, 0x63, 0x08, 0x63, 0x08, 0x63, 0x08, 0x63, 0x08, 0x63, 0x08,
  0x63, 0x08, 0x63, 0x08, 0x63, 0x08, 0x63, 0x08, 0x63, 0x08, 0x63, 0x08, 0x63, 0x08, 0x63, 0x08,
  0x63, 0x08, 0x63, 0x08, 0x63, 0x08, 0x63, 0x08, 0x63, 0x08, 0x63, 0x08, 0x63, 0x08, 0x63, 0x08,
  0x63, 0x08, 0x63, 0x08, 0x63, 0x08, 0x63, 0x08, 0x63, 0x08, 0x63, 0x08, 0x63, 0x08, 0x63, 0x08,
  0x63, 0x08, 0x63, 0x08, 0x63, 0x08, 0x63, 0x08, 0x63, 0x08, 0x63, 0x08, 0x63, 0x08, 0x63, 0x08,
  0x63, 0x08, 0x63, 0x08, 0x63, 0x08, 0x63, 0x08, 0x63, 0x08, 0x63, 0x08, 0x63, 0x08, 0x63, 0x08,
  0x63, 0x08, 0x63, 0x08, 0x63, 0x08, 0x63, 0x08, 0x63, 0x08, 0x63, 0x08, 0x63, 0x08, 0x63, 0x08,
  0x63, 0x08, 0x63, 0x08, 0x63, 0x08, 0x63, 0x08, 0x63, 0x08, 0x63, 0x08, 0x63, 0x08, 0x63, 0x08,
  0x63, 0x08, 0x63, 0x08, 0x63, 0x08, 0x63, 0x08, 0x63, 0x08, 0x63, 0x08, 0x63, 0x08, 0x63, 0x08,
  0x63, 0x08, 0x63, 0x08, 0x63, 0x08, 0x63, 0x08, 0x63, 0x08, 0x63, 0x08, 0x63, 0x08, 0x63, 0x08,
  0x63, 0x08, 0x63, 0x08, 0x63, 0x08, 0x63, 0x08, 0x63, 0x08, 0x63, 0x08, 0x63, 0x08, 0x63, 0x08,
  0x63, 0x08, 0x63, 0x08, 0x63, 0x08, 0x63, 0x08, 0x63, 0x08, 0x63, 0x08, 0x63, 0x08, 0x63, 0x08,
  0x63, 0x08, 0x63, 0x08, 0x63, 0x08, 0x63, 0x08, 0x63, 0x08, 0x63, 0x08, 0x63, 0x08, 0x63, 0x08,
  0x63, 0x08, 0x63, 0x08, 0x63, 0x08, 0x63, 0x08, 0x63, 0x08, 0x63, 0x08, 0x63, 0x08, 0x63, 0x08,
  0x63, 0x08, 0x63, 0x08, 0x63, 0x08, 0x63, 0x08, 0x63, 0x08, 0x63, 0x08, 0x63, 0x08, 0x63, 0x08,
  0x63, 0x08, 0x63, 0x08, 0x63, 0x08, 0x63, 0x08, 0x63, 0x08, 0x63, 0x08, 0x63, 0x08, 0x63, 0x08,
  0x63, 0x08, 0x63, 0x08, 0x63, 0x08, 0x63, 0x08, 0x63, 0x08, 0x63, 0x08, 0x63, 0x08, 0x63, 0x08,
  0x63, 0x08, 0x63, 0x08, 0x63, 0x08, 0x63, 0x08, 0x63, 0x08, 0x63, 0x08, 0x63, 0x08, 0x63, 0x08,
  0x63, 0x08, 0x63, 0x08, 0x63, 0x08, 0x63, 0x08, 0x63, 0x08, 0x63, 0x08, 0x63, 0x08, 0x63, 0x08,
  0x63, 0x08, 0x63, 0x08, 0x63, 0x08, 0x63, 0x08, 0x63, 0x08, 0x63, 0x08, 0x63, 0x08, 0x63, 0x08,
  0x63, 0x08, 0x63, 0x08, 0x63, 0x08, 0x63, 0x08, 0x63, 0x08, 0x63, 0x08, 0x63, 0x08, 0x63, 0x08,
  0x63, 0x08, 0x63, 0x08, 0x63, 0x08, 0x63, 0x08, 0x63, 0x08, 0x63, 0x08, 0x63, 0x08, 0x63, 0x08,
  0x63, 0x08, 0x63, 0x08, 0x63, 0x08, 0x63, 0x08, 0x63, 0x08, 0x63, 0x08, 0x63, 0x08, 0x63, 0x08,
  0x63, 0x08, 0x63, 0x08, 0x63, 0x08, 0x63, 0x08, 0x63, 0x08, 0x63, 0x08, 0x63, 0x08, 0x63, 0x08,
  0x63, 0x08, 0x63, 0x08, 0x63, 0x08, 0x63, 0x08, 0x63, 0x08, 0x63, 0x08, 0x63, 0x08, 0x63, 0x08,
  0x63, 0x08, 0x63, 0x08, 0x63, 0x08, 0x63, 0x08, 0x63, 0x08, 0x63, 0x08, 0x63, 0x08, 0x63, 0x08,
  0x63, 0x08, 0x63, 0x08, 0x63, 0x08, 0x63, 0x08, 0x63, 0x08, 0x63, 0x08, 0x63, 0x08, 0x63, 0x08,
  0x63, 0x08, 0x63, 0x08, 0x63, 0x08, 0x63, 0x08, 0x63, 0x08, 0x63, 0x08, 0x63, 0x08, 0x63, 0x08,
  0x63, 0x08, 0x63, 0x08, 0x63, 0x08, 0x63, 0x08, 0x63, 0x08, 0x63, 0x08, 0x63, 0x08, 0x63, 0x08,
  0x63, 0x08, 0x63, 0x08, 0x63, 0x08, 0x63, 0x08, 0x63, 0x08, 0x63, 0x08, 0x63, 0x08, 0x63, 0x08,
  0x63, 0x08, 0x63, 0x08, 0x63, 0x08, 0x63, 0x08, 0x63, 0x08, 0x63, 0x08, 0x63, 0x08, 0x63, 0x08,
  0x63, 0x08, 0x63, 0x08, 0x63, 0x08, 0x63, 0x08, 0x63, 0x08, 0x63, 0x08, 0x63, 0x08, 0x63, 0x08,
  0x63, 0x08, 0x63, 0x08, 0x63, 0x08, 0x63, 0x08, 0x63, 0x08, 0x63, 0x08, 0x63, 0x08, 0x63, 0x08,
  0x63, 0x08, 0x63, 0x08, 0x63, 0x08, 0x63, 0x08, 0x63, 0x08, 0x63, 0x08, 0x63, 0x08, 0x63, 0x08,
  0x63, 0x08, 0x63, 0x08, 0x63, 0x08, 0x63, 0x08, 0x63, 0x08, 0x63, 0x08, 0x63, 0x08, 0x63, 0x08,
  0x63, 0x08, 0x63, 0x08, 0x63, 0x08, 0x63, 0x08, 0x63, 0x08, 0x63, 0x08, 0x63, 0x08, 0x63, 0x08,
  0x63, 0x08, 0x63, 0x08, 0x63, 0x08, 0x63, 0x08, 0x63, 0x08, 0x63, 0x08, 0x63, 0x08, 0x63, 0x08,
  0x63, 0x08, 0x63, 0x08, 0x63, 0x08, 0x63, 0x08, 0x63, 0x08, 0x63, 0x08, 0x63, 0x08, 0x63, 0x08,
  0x63, 0x08, 0x63, 0x08, 0x63, 0x08, 0x63, 0x08, 0x63, 0x08, 0x63, 0x08, 0x63, 0x08, 0x63, 0x08,
  0x63, 0x08, 0x63, 0x08, 0x63, 0x08, 0x63, 0x08, 0x63, 0x08, 0x63, 0x08, 0x63, 0x08, 0x63, 0x08,
  0x63, 0x08, 0x63, 0x08, 0x63, 0x08, 0x63, 0x08, 0x63, 0x08, 0x63, 0x08, 0x63, 0x08, 0x63, 0x08,
  0x63, 0x08, 0x63, 0x08, 0x63, 0x08, 0x63, 0x08, 0x63, 0x08, 0x63, 0x08, 0x63, 0x08, 0x63, 0x08,
  0x63, 0x08, 0x63, 0x08, 0x63, 0x08, 0x63, 0x08, 0x63, 0x08, 0x63, 0x08, 0x63, 0x08, 0x63, 0x08,
  0x63, 0x08, 0x63, 0x08, 0x63, 0x08, 0x63, 0x08, 0x63, 0x08, 0x63, 0x08, 0x63, 0x08, 0x63, 0x08,
  0x63, 0x08, 0x63, 0x08, 0x63, 0x08, 0x63, 0x08, 0x63, 0x08, 0x63, 0x08, 0x63, 0x08, 0x63, 0x08,
  0x63, 0x08, 0x63, 0x08, 0x63, 0x08, 0x63, 0x08, 0x63, 0x08, 0x63, 0x08, 0x63, 0x08, 0x63, 0x08,
  0x63, 0x08, 0x63, 0x08, 0x63, 0x08, 0x63, 0x08, 0x63, 0x08, 0x63, 0x08, 0x63, 0x08, 0x63, 0x08,
  0x63, 0x08, 0x63, 0x08, 0x63, 0x08, 0x63, 0x08, 0x63, 0x08, 0x63, 0x08, 0x63, 0x08, 0x63, 0x08,
  0x63, 0x08, 0x63, 0x08, 0x63, 0x08, 0x63, 0x08, 0x63, 0x08, 0x63, 0x08, 0x63, 0x08, 0x63, 0x08,
  0x63, 0x08, 0x63, 0x08, 0x63, 0x08, 0x63, 0x08, 0x63, 0x08, 0x63, 0x08, 0x63, 0x08, 0x63, 0x08,
  0x63, 0x08, 0x63, 0x08, 0x63, 0x08, 0x63, 0x08, 0x63, 0x08, 0x63, 0x08, 0x63, 0x08, 0x63, 0x08,
  0x63, 0x08, 0x63, 0x08, 0x63, 0x08, 0x63, 0x08, 0x63, 0x08, 0x63, 0x08, 0x63, 0x08, 0x63, 0x08,
  0x63, 0x08, 0x63, 0x08, 0x63, 0x08, 0x63, 0x08, 0x63, 0x08, 0x63, 0x08, 0x63, 0x08, 0x63, 0x08,
  0x63, 0x08, 0x63, 0x08, 0x63, 0x08, 0x63, 0x08, 0x63, 0x08, 0x63, 0x08, 0x63, 0x08, 0x63, 0x08,
  0x63, 0x08, 0x63, 0x08, 0x63, 0x08, 0x63, 0x08, 0x63, 0x08, 0x63, 0x08, 0x63, 0x08, 0x63, 0x08,
  0x63, 0x08, 0x63, 0x08, 0x63, 0x08, 0x63, 0x08, 0x63, 0x08, 0x63, 0x08, 0x63, 0x08, 0x63, 0x08,
  0x63, 0x08, 0x63, 0x08, 0x63, 0x08, 0x63, 0x08, 0x63, 0x08, 0x63, 0x08, 0x63, 0x08, 0x63, 0x08,
  0x63, 0x08, 0x63, 0x08, 0x63, 0x08, 0x63, 0x08, 0x63, 0x08, 0x63, 0x08, 0x63, 0x08, 0x63, 0x08,
  0x63, 0x08, 0x63, 0x08, 0x63, 0x08, 0x63, 0x08, 0x63, 0x08, 0x63, 0x08, 0x63, 0x08, 0x63, 0x08,
  0x63, 0x08, 0x63, 0x08, 0x63, 0x08, 0x63, 0x08, 0x63, 0x08, 0x63, 0x08, 0x63, 0x08, 0x63, 0x08,
  0x63, 0x08, 0x63, 0x08, 0x63, 0x08, 0x63, 0x08, 0x63, 0x08, 0x63, 0x08, 0x63, 0x08, 0x63, 0x08,
  0x63, 0x08, 0x63, 0x08, 0x63, 0x08, 0x63, 0x08, 0x63, 0x08, 0x63, 0x08, 0x63, 0x08, 0x63, 0x08,
  0x63, 0x08, 0x63, 0x08, 0x63, 0x08, 0x63, 0x08, 0x63, 0x08, 0x63, 0x08, 0x63, 0x08, 0x63, 0x08,
  0x63, 0x08, 0x63, 0x08, 0x63, 0x08, 0x63, 0x08, 0x63, 0x08, 0x63, 0x08, 0x63, 0x08, 0x63, 0x08,
  0x63, 0x08, 0x63, 0x08, 0x63, 0x08, 0x63, 0x08, 0x63, 0x08, 0x63, 0x08, 0x63, 0x08, 0x63, 0x08,
  0x63, 0x08, 0x63, 0x08, 0x63, 0x08, 0x63, 0x08, 0x63, 0x08, 0x63, 0x08, 0x63, 0x08, 0x63, 0x08,
  0x63, 0x08, 0x63, 0x08, 0x63, 0x08, 0x63, 0x08, 0x63, 0x08, 0x63, 0x08, 0x63, 0x08, 0x63, 0x08,
  0x63, 0x08, 0x63, 0x08, 0x63, 0x08, 0x63, 0x08, 0x63, 0x08, 0x63, 0x08, 0x63, 0x08, 0x63, 0x08,
  0x63, 0x08, 0x63, 0x08, 0x63, 0x08, 0x63, 0x08, 0x63, 0x08, 0x63, 0x08, 0x63, 0x08, 0x63, 0x08,
  0x63, 0x08, 0x63, 0x08, 0x63, 0x08, 0x63, 0x08, 0x63, 0x08, 0x63, 0x08, 0x63, 0x08, 0x63, 0x08,
  0x63, 0x08, 0x63, 0x08, 0x63, 0x08, 0x63, 0x08, 0x63, 0x08, 0x63, 0x08, 0x63, 0x08, 0x63, 0x08,
  0x63, 0x08, 0x63, 0x08, 0x63, 0x08, 0x63, 0x08, 0x63, 0x08, 0x63, 0x08, 0x63, 0x08, 0x63, 0x08,
  0x63, 0x08, 0x63, 0x08, 0x63, 0x08, 0x63, 0x08, 0x63, 0x08, 0x63, 0x08, 0x63, 0x08, 0x63, 0x08,
  0x63, 0x08, 0x63, 0x08, 0x63, 0x08, 0x63, 0x08, 0x63, 0x08, 0x63, 0x08, 0x63, 0x08, 0x63, 0x08,
  0x63, 0x08, 0x63, 0x08, 0x63, 0x08, 0x63, 0x08, 0x63, 0x08, 0x63, 0x08, 0x63, 0x08, 0x63, 0x08,
  0x63, 0x08, 0x63, 0x08, 0x63, 0x08, 0x63, 0x08, 0x63, 0x08, 0x63, 0x08, 0x63, 0x08, 0x63, 0x08,
  0x63, 0x08, 0x63, 0x08, 0x63, 0x08, 0x63, 0x08, 0x63, 0x08, 0x63, 0x08, 0x63, 0x08, 0x63, 0x08,
  0x63, 0x08, 0x63, 0x08, 0x63, 0x08, 0x63, 0x08, 0x63, 0x08, 0x63, 0x08, 0x63, 0x08, 0x63, 0x08,
  0x63, 0x08, 0x63, 0x08, 0x63, 0x08, 0x63, 0x08, 0x63, 0x08, 0x63, 0x08, 0x63, 0x08, 0x63, 0x08,
  0x63, 0x08, 0x63, 0x08, 0x63, 0x08, 0x63, 0x08, 0x63, 0x08, 0x63, 0x08, 0x63, 0x08, 0x63, 0x08,
  0x63, 0x08, 0x63, 0x08, 0x63, 0x08, 0x63, 0x08, 0x63, 0x08, 0x63, 0x08, 0x63, 0x08, 0x63, 0x08,
  0x63, 0x08, 0x63, 0x08, 0x63, 0x08, 0x63, 0x08, 0x63, 0x08, 0x63, 0x08, 0x63, 0x08, 0x63, 0x08,
  0x63, 0x08, 0x63, 0x08, 0x63, 0x08, 0x63, 0x08, 0x63, 0x08, 0x63, 0x08, 0x63, 0x08, 0x63, 0x08,
  0x63, 0x08, 0x63, 0x08, 0x63, 0x08, 0x63, 0x08, 0x63, 0x08, 0x63, 0x08, 0x63, 0x08, 0x63, 0x08,
  0x63, 0x08, 0x63, 0x08, 0x63, 0x08, 0x63, 0x08, 0x63, 0x08, 0x63, 0x08, 0x63, 0x08, 0x63, 0x08,
  0x63, 0x08, 0x63, 0x08, 0x63, 0x08, 0x63, 0x08, 0x63, 0x08, 0x63, 0x08, 0x63, 0x08, 0x63, 0x08,
  0x63, 0x08, 0x63, 0x08, 0x63, 0x08, 0x63, 0x08, 0x63, 0x08, 0x63, 0x08, 0x63, 0x08, 0x63, 0x08,
  0x63, 0x08, 0x63, 0x08, 0x63, 0x08, 0x63, 0x08, 0x63, 0x08, 0x63, 0x08, 0x63, 0x08, 0x63, 0x08,
  0x63, 0x08, 0x63, 0x08, 0x63, 0x08, 0x63, 0x08, 0x63, 0x08, 0x63, 0x08, 0x63, 0x08, 0x63, 0x08,
  0x63, 0x08, 0x63, 0x08, 0x63, 0x08, 0x63, 0x08, 0x63, 0x08, 0x63, 0x08, 0x63, 0x08, 0x63, 0x08,
  0x63, 0x08, 0x63, 0x08, 0x63, 0x08, 0x63, 0x08, 0x63, 0x08, 0x63, 0x08, 0x63, 0x08, 0x63, 0x08,
  0x63, 0x08, 0x63, 0x08, 0x63, 0x08, 0x63, 0x08, 0x63, 0x08, 0x63, 0x08, 0x63, 0x08, 0x63, 0x08,
  0x63, 0x08, 0x63, 0x08, 0x63, 0x08, 0x63, 0x08, 0x63, 0x08, 0x63, 0x08, 0x63, 0x08, 0x63, 0x08,
  0x63, 0x08, 0x63, 0x08, 0x63, 0x08, 0x63, 0x08, 0x63, 0x08, 0x63, 0x08, 0x63, 0x08, 0x63, 0x08,
  0x63, 0x08, 0x63, 0x08, 0x63, 0x08, 0x63, 0x08, 0x63, 0x08, 0x63, 0x08, 0x63, 0x08, 0x63, 0x08,
  0x63, 0x08, 0x63, 0x08, 0x63, 0x08, 0x63, 0x08, 0x63, 0x08, 0x63, 0x08, 0x63, 0x08, 0x63, 0x08,
  0x63, 0x08, 0x63, 0x08, 0x63, 0x08, 0x63, 0x08, 0x63, 0x08, 0x63, 0x08, 0x63, 0x08, 0x63, 0x08,
  0x63, 0x08, 0x63, 0x08, 0x63, 0x08, 0x63, 0x08, 0x63, 0x08, 0x63, 0x08, 0x63, 0x08, 0x63, 0x08,
  0x63, 0x08, 0x63, 0x08, 0x63, 0x08, 0x63, 0x08, 0x63, 0x08, 0x63, 0x08, 0x63, 0x08, 0x63, 0x08,
  0x63, 0x08, 0x63, 0x08, 0x63, 0x08, 0x63, 0x08, 0x63, 0x08, 0x63, 0x08, 0x63, 0x08, 0x63, 0x08,
  0x63, 0x08, 0x63, 0x08, 0x83, 0x08, 0x83, 0x08, 0x83, 0x08, 0x63, 0x08, 0x63, 0x08, 0x63, 0x08,
  0x63, 0x08, 0x63, 0x08, 0x63, 0x08, 0x63, 0x08, 0x63, 0x08, 0x63, 0x08, 0x63, 0x08, 0x63, 0x08,
  0x63, 0x08, 0x63, 0x08, 0x63, 0x08, 0x63, 0x08, 0x63, 0x08, 0x63, 0x08, 0x63, 0x08, 0x63, 0x08,
  0x63, 0x08, 0x63, 0x08, 0x63, 0x08, 0x63, 0x08, 0x63, 0x08, 0x63, 0x08, 0x63, 0x08, 0x63, 0x08,
  0x63, 0x08, 0x63, 0x08, 0x63, 0x08, 0x63, 0x08, 0x63, 0x08, 0x63, 0x08, 0x63, 0x08, 0x63, 0x08,
  0x63, 0x08, 0x63, 0x08, 0x63, 0x08, 0x63, 0x08, 0x63, 0x08, 0x63, 0x08, 0x63, 0x08, 0x63, 0x08,
  0x63, 0x08, 0x63, 0x08, 0x63, 0x08, 0x63, 0x08, 0x63, 0x08, 0x63, 0x08, 0x63, 0x08, 0x63, 0x08,
  0x63, 0x08, 0x63, 0x08, 0x63, 0x08, 0x63, 0x08, 0x63, 0x08, 0x63, 0x08, 0x63, 0x08, 0x63, 0x08,
  0x63, 0x08, 0x63, 0x08, 0x63, 0x08, 0x63, 0x08, 0x63, 0x08, 0x63, 0x08, 0x63, 0x08, 0x63, 0x08,
  0x63, 0x08, 0x63, 0x08, 0x63, 0x08, 0x63, 0x08, 0x63, 0x08, 0x63, 0x08, 0x63, 0x08, 0x63, 0x08,
  0x63, 0x08, 0x63, 0x08, 0x63, 0x08, 0x63, 0x08, 0x63, 0x08, 0x63, 0x08, 0x63, 0x08, 0x63, 0x08,
  0x63, 0x08, 0x63, 0x08, 0x63, 0x08, 0x63, 0x08, 0x63, 0x08, 0x63, 0x08, 0x63, 0x08, 0x63, 0x08,
  0x63, 0x08, 0x63, 0x08, 0x63, 0x08, 0x63, 0x08, 0x63, 0x08, 0x63, 0x08, 0x63, 0x08, 0x63, 0x08,
  0x63, 0x08, 0x63, 0x08, 0x63, 0x08, 0x63, 0x08, 0x63, 0x08, 0x63, 0x08, 0x63, 0x08, 0x63, 0x08,
  0x63, 0x08, 0x63, 0x08, 0x63, 0x08, 0x63, 0x08, 0x63, 0x08, 0x63, 0x08, 0x63, 0x08, 0x63, 0x08,
  0x63, 0x08, 0x63, 0x08, 0x63, 0x08, 0x63, 0x08, 0x63, 0x08, 0x63, 0x08, 0x63, 0x08, 0x63, 0x08,
  0x63, 0x08, 0x63, 0x08, 0x63, 0x08, 0x63, 0x08, 0x63, 0x08, 0x63, 0x08, 0x63, 0x08, 0x63, 0x08,
  0x63, 0x08, 0x63, 0x08, 0x63, 0x08, 0x63, 0x08, 0x63, 0x08, 0x63, 0x08, 0x63, 0x08, 0x63, 0x08,
  0x63, 0x08, 0x63, 0x08, 0x63, 0x08, 0x63, 0x08, 0x63, 0x08, 0x63, 0x08, 0x63, 0x08, 0x63, 0x08,
  0x63, 0x08, 0x63, 0x08, 0x63, 0x08, 0x63, 0x08, 0x63, 0x08, 0x63, 0x08, 0x63, 0x08, 0x63, 0x08,
  0x83, 0x08, 0x83, 0x08, 0x63, 0x08, 0x21, 0x00, 0x42, 0x00, 0x63, 0x08, 0x63, 0x08, 0x63, 0x08,
  0x63, 0x08, 0x63, 0x08, 0x63, 0x08, 0x63, 0x08, 0x63, 0x08, 0x63, 0x08, 0x63, 0x08, 0x63, 0x08,
  0x63, 0x08, 0x63, 0x08, 0x63, 0x08, 0x63, 0x08, 0x63, 0x08, 0x63, 0x08, 0x63, 0x08, 0x63, 0x08,
  0x63, 0x08, 0x63, 0x08, 0x63, 0x08, 0x63, 0x08, 0x63, 0x08, 0x63, 0x08, 0x63, 0x08, 0x63, 0x08,
  0x63, 0x08, 0x63, 0x08, 0x63, 0x08, 0x63, 0x08, 0x63, 0x08, 0x63, 0x08, 0x63, 0x08, 0x63, 0x08,
  0x63, 0x08, 0x63, 0x08, 0x63, 0x08, 0x63, 0x08, 0x63, 0x08, 0x63, 0x08, 0x63, 0x08, 0x63, 0x08,
  0x63, 0x08, 0x63, 0x08, 0x63, 0x08, 0x63, 0x08, 0x63, 0x08, 0x63, 0x08, 0x63, 0x08, 0x63, 0x08,
  0x63, 0x08, 0x63, 0x08, 0x63, 0x08, 0x63, 0x08, 0x63, 0x08, 0x63, 0x08, 0x63, 0x08, 0x63, 0x08,
  0x63, 0x08, 0x63, 0x08, 0x63, 0x08, 0x63, 0x08, 0x63, 0x08, 0x63, 0x08, 0x63, 0x08, 0x63, 0x08,
  0x63, 0x08, 0x63, 0x08, 0x63, 0x08, 0x63, 0x08, 0x63, 0x08, 0x63, 0x08, 0x63, 0x08, 0x63, 0x08,
  0x63, 0x08, 0x63, 0x08, 0x63, 0x08, 0x63, 0x08, 0x63, 0x08, 0x63, 0x08, 0x63, 0x08, 0x63, 0x08,
  0x63, 0x08, 0x63, 0x08, 0x63, 0x08, 0x63, 0x08, 0x63, 0x08, 0x63, 0x08, 0x63, 0x08, 0x63, 0x08,
  0x63, 0x08, 0x63, 0x08, 0x63, 0x08, 0x63, 0x08, 0x63, 0x08, 0x63, 0x08, 0x63, 0x08, 0x63, 0x08,
  0x63, 0x08, 0x63, 0x08, 0x63, 0x08, 0x63, 0x08, 0x63, 0x08, 0x63, 0x08, 0x63, 0x08, 0x63, 0x08,
  0x63, 0x08, 0x63, 0x08, 0x63, 0x08, 0x63, 0x08, 0x63, 0x08, 0x63, 0x08, 0x63, 0x08, 0x63, 0x08,
  0x63, 0x08, 0x63, 0x08, 0x63, 0x08, 0x63, 0x08, 0x63, 0x08, 0x63, 0x08, 0x63, 0x08, 0x63, 0x08,
  0x63, 0x08, 0x63, 0x08, 0x63, 0x08, 0x63, 0x08, 0x63, 0x08, 0x63, 0x08, 0x63, 0x08, 0x63, 0x08,
  0x63, 0x08, 0x63, 0x08, 0x63, 0x08, 0x63, 0x08, 0x63, 0x08, 0x63, 0x08, 0x63, 0x08, 0x63, 0x08,
  0x63, 0x08, 0x63, 0x08, 0x63, 0x08, 0x63, 0x08, 0x63, 0x08, 0x63, 0x08, 0x63, 0x08, 0x63, 0x08,
  0x63, 0x08, 0x63, 0x08, 0x63, 0x08, 0x63, 0x08, 0x63, 0x08, 0x63, 0x08, 0x83, 0x08, 0x83, 0x08,
  0x42, 0x00, 0x21, 0x00, 0xA5, 0x10, 0xEC, 0x31, 0x56, 0x5B, 0x2F, 0x3A, 0x41, 0x00, 0x83, 0x08,
  0x63, 0x08, 0x63, 0x08, 0x63, 0x08, 0x63, 0x08, 0x63, 0x08, 0x63, 0x08, 0x63, 0x08, 0x63, 0x08,
  0x63, 0x08, 0x63, 0x08, 0x63, 0x08, 0x63, 0x08, 0x63, 0x08, 0x63, 0x08, 0x63, 0x08, 0x63, 0x08,
  0x63, 0x08, 0x63, 0x08, 0x63, 0x08, 0x63, 0x08, 0x63, 0x08, 0x63, 0x08, 0x63, 0x08, 0x63, 0x08,
  0x63, 0x08, 0x63, 0x08, 0x63, 0x08, 0x63, 0x08, 0x63, 0x08, 0x63, 0x08, 0x63, 0x08, 0x63, 0x08,
  0x63, 0x08, 0x63, 0x08, 0x63, 0x08, 0x63, 0x08, 0x63, 0x08, 0x63, 0x08, 0x63, 0x08, 0x63, 0x08,
  0x63, 0x08, 0x63, 0x08, 0x63, 0x08, 0x63, 0x08, 0x63, 0x08, 0x63, 0x08, 0x63, 0x08, 0x63, 0x08,
  0x63, 0x08, 0x63, 0x08, 0x63, 0x08, 0x63, 0x08, 0x63, 0x08, 0x63, 0x08, 0x63, 0x08, 0x63, 0x08,
  0x63, 0x08, 0x63, 0x08, 0x63, 0x08, 0x63, 0x08, 0x63, 0x08, 0x63, 0x08, 0x63, 0x08, 0x63, 0x08,
  0x63, 0x08, 0x63, 0x08, 0x63, 0x08, 0x63, 0x08, 0x63, 0x08, 0x63, 0x08, 0x63, 0x08, 0x63, 0x08,
  0x63, 0x08, 0x63, 0x08, 0x63, 0x08, 0x63, 0x08, 0x63, 0x08, 0x63, 0x08, 0x63, 0x08, 0x63, 0x08,
  0x63, 0x08, 0x63, 0x08, 0x63, 0x08, 0x63, 0x08, 0x63, 0x08, 0x63, 0x08, 0x63, 0x08, 0x63, 0x08,
  0x63, 0x08, 0x63, 0x08, 0x63, 0x08, 0x63, 0x08, 0x63, 0x08, 0x63, 0x08, 0x63, 0x08, 0x63, 0x08,
  0x63, 0x08, 0x63, 0x08, 0x63, 0x08, 0x63, 0x08, 0x63, 0x08, 0x63, 0x08, 0x63, 0x08, 0x63, 0x08,
  0x63, 0x08, 0x63, 0x08, 0x63, 0x08, 0x63, 0x08, 0x63, 0x08, 0x63, 0x08, 0x63, 0x08, 0x63, 0x08,
  0x63, 0x08, 0x63, 0x08, 0x63, 0x08, 0x63, 0x08, 0x63, 0x08, 0x63, 0x08, 0x63, 0x08, 0x63, 0x08,
  0x63, 0x08, 0x63, 0x08, 0x63, 0x08, 0x63, 0x08, 0x63, 0x08, 0x63, 0x08, 0x63, 0x08, 0x63, 0x08,
  0x63, 0x08, 0x63, 0x08, 0x63, 0x08, 0x63, 0x08, 0x63, 0x08, 0x63, 0x08, 0x63, 0x08, 0x63, 0x08,
  0x63, 0x08, 0x63, 0x08, 0x63, 0x08, 0x63, 0x08, 0x63, 0x08, 0x63, 0x08, 0x63, 0x08, 0x63, 0x08,
  0x63, 0x08, 0x63, 0x08, 0x63, 0x08, 0x63, 0x08, 0x63, 0x08, 0x83, 0x08, 0x62, 0x00, 0x21, 0x00,
  0x06, 0x19, 0xB1, 0x52, 0x1A, 0x7C, 0x9E, 0x8C, 0xFF, 0x8C, 0x0D, 0x32, 0x21, 0x00, 0x83, 0x08,
  0x63, 0x08, 0x63, 0x08, 0x63, 0x08, 0x63, 0x08, 0x63, 0x08, 0x63, 0x08, 0x63, 0x08, 0x63, 0x08,
  0x63, 0x08, 0x63, 0x08, 0x63, 0x08, 0x63, 0x08, 0x63, 0x08, 0x63, 0x08, 0x63, 0x08, 0x63, 0x08,
  0x63, 0x08, 0x63, 0x08, 0x63, 0x08, 0x63, 0x08, 0x63, 0x08, 0x63, 0x08, 0x63, 0x08, 0x63, 0x08,
  0x63, 0x08, 0x63, 0x08, 0x63, 0x08, 0x63, 0x08, 0x63, 0x08, 0x63, 0x08, 0x63, 0x08, 0x63, 0x08,
  0x63, 0x08, 0x63, 0x08, 0x63, 0x08, 0x63, 0x08, 0x63, 0x08, 0x63, 0x08, 0x63, 0x08, 0x63, 0x08,
  0x63, 0x08, 0x63, 0x08, 0x63, 0x08, 0x63, 0x08, 0x63, 0x08, 0x63, 0x08, 0x63, 0x08, 0x63, 0x08,
  0x63, 0x08, 0x63, 0x08, 0x63, 0x08, 0x63, 0x08, 0x63, 0x08, 0x63, 0x08, 0x63, 0x08, 0x63, 0x08,
  0x63, 0x08, 0x63, 0x08, 0x63, 0x08, 0x63, 0x08, 0x63, 0x08, 0x63, 0x08, 0x63, 0x08, 0x63, 0x08,
  0x63, 0x08, 0x63, 0x08, 0x63, 0x08, 0x63, 0x08, 0x63, 0x08, 0x63, 0x08, 0x63, 0x08, 0x63, 0x08,
  0x63, 0x08, 0x63, 0x08, 0x63, 0x08, 0x63, 0x08, 0x63, 0x08, 0x63, 0x08, 0x63, 0x08, 0x63, 0x08,
  0x63, 0x08, 0x63, 0x08, 0x63, 0x08, 0x63, 0x08, 0x63, 0x08, 0x63, 0x08, 0x63, 0x08, 0x63, 0x08,
  0x63, 0x08, 0x63, 0x08, 0x63, 0x08, 0x63, 0x08, 0x63, 0x08, 0x63, 0x08, 0x63, 0x08, 0x63, 0x08,
  0x63, 0x08, 0x63, 0x08, 0x63, 0x08, 0x63, 0x08, 0x63, 0x08, 0x63, 0x08, 0x63, 0x08, 0x63, 0x08,
  0x63, 0x08, 0x63, 0x08, 0x63, 0x08, 0x63, 0x08, 0x63, 0x08, 0x63, 0x08, 0x63, 0x08, 0x63, 0x08,
  0x63, 0x08, 0x63, 0x08, 0x63, 0x08, 0x63, 0x08, 0x63, 0x08, 0x63, 0x08, 0x63, 0x08, 0x63, 0x08,
  0x63, 0x08, 0x63, 0x08, 0x63, 0x08, 0x63, 0x08, 0x63, 0x08, 0x63, 0x08, 0x63, 0x08, 0x63, 0x08,
  0x63, 0x08, 0x63, 0x08, 0x63, 0x08, 0x63, 0x08, 0x63, 0x08, 0x63, 0x08, 0x63, 0x08, 0x63, 0x08,
  0x63, 0x08, 0x63, 0x08, 0x63, 0x08, 0x63, 0x08, 0x63, 0x08, 0x63, 0x08, 0x63, 0x08, 0x63, 0x08,
  0x63, 0x08, 0x63, 0x08, 0x63, 0x08, 0x83, 0x08, 0x63, 0x08, 0x22, 0x00, 0xE6, 0x18, 0xB1, 0x5A,
  0x3A, 0x94, 0x9D, 0x94, 0x7C, 0x8C, 0x7D, 0x84, 0x3C, 0x74, 0xC5, 0x10, 0x62, 0x08, 0x83, 0x08,
  0x63, 0x08, 0x63, 0x08, 0x63, 0x08, 0x63, 0x08, 0x63, 0x08, 0x63, 0x08, 0x63, 0x08, 0x63, 0x08,
  0x63, 0x08, 0x63, 0x08, 0x63, 0x08, 0x63, 0x08, 0x63, 0x08, 0x63, 0x08, 0x63, 0x08, 0x63, 0x08,
  0x63, 0x08, 0x63, 0x08, 0x63, 0x08, 0x63, 0x08, 0x63, 0x08, 0x63, 0x08, 0x63, 0x08, 0x63, 0x08,
  0x63, 0x08, 0x63, 0x08, 0x63, 0x08, 0x63, 0x08, 0x63, 0x08, 0x63, 0x08, 0x63, 0x08, 0x63, 0x08,
  0x63, 0x08, 0x83, 0x08, 0x83, 0x08, 0x63, 0x08, 0x63, 0x08, 0x63, 0x08, 0x63, 0x08, 0x63, 0x08,
  0x63, 0x08, 0x63, 0x08, 0x63, 0x08, 0x63, 0x08, 0x63, 0x08, 0x63, 0x08, 0x63, 0x08, 0x63, 0x08,
  0x63, 0x08, 0x63, 0x08, 0x63, 0x08, 0x63, 0x08, 0x63, 0x08, 0x63, 0x08, 0x63, 0x08, 0x63, 0x08,
  0x63, 0x08, 0x63, 0x08, 0x63, 0x08, 0x63, 0x08, 0x63, 0x08, 0x63, 0x08, 0x63, 0x08, 0x63, 0x08,
  0x63, 0x08, 0x63, 0x08, 0x63, 0x08, 0x63, 0x08, 0x63, 0x08, 0x63, 0x08, 0x63, 0x08, 0x63, 0x08,
  0x63, 0x08, 0x63, 0x08, 0x63, 0x08, 0x63, 0x08, 0x63, 0x08, 0x63, 0x08, 0x63, 0x08, 0x63, 0x08,
  0x63, 0x08, 0x63, 0x08, 0x63, 0x08, 0x63, 0x08, 0x63, 0x08, 0x63, 0x08, 0x63, 0x08, 0x63, 0x08,
  0x63, 0x08, 0x63, 0x08, 0x63, 0x08, 0x63, 0x08, 0x63, 0x08, 0x63, 0x08, 0x63, 0x08, 0x63, 0x08,
  0x63, 0x08, 0x63, 0x08, 0x63, 0x08, 0x63, 0x08, 0x63, 0x08, 0x63, 0x08, 0x63, 0x08, 0x63, 0x08,
  0x63, 0x08, 0x63, 0x08, 0x63, 0x08, 0x63, 0x08, 0x63, 0x08, 0x63, 0x08, 0x63, 0x08, 0x63, 0x08,
  0x63, 0x08, 0x63, 0x08, 0x63, 0x08, 0x63, 0x08, 0x63, 0x08, 0x63, 0x08, 0x63, 0x08, 0x63, 0x08,
  0x63, 0x08, 0x63, 0x08, 0x63, 0x08, 0x63, 0x08, 0x63, 0x08, 0x63, 0x08, 0x63, 0x08, 0x63, 0x08,
  0x63, 0x08, 0x63, 0x08, 0x63, 0x08, 0x63, 0x08, 0x63, 0x08, 0x63, 0x08, 0x63, 0x08, 0x63, 0x08,
  0x63, 0x08, 0x63, 0x08, 0x63, 0x08, 0x63, 0x08, 0x83, 0x08, 0x63, 0x08, 0x63, 0x08, 0x63, 0x08,
  0x63, 0x08, 0x83, 0x08, 0x83, 0x08, 0x42, 0x00, 0xA4, 0x10, 0x6E, 0x5A, 0x39, 0x9C, 0x9C, 0xA4,
  0x5B, 0x94, 0x5B, 0x8C, 0x5C, 0x84, 0xBE, 0x8C, 0xF4, 0x52, 0x21, 0x00, 0x83, 0x08, 0x63, 0x08,
  0x63, 0x08, 0x83, 0x08, 0x83, 0x08, 0x83, 0x08, 0x83, 0x08, 0x83, 0x08, 0x83, 0x08, 0x83, 0x08,
  0x83, 0x08, 0x63, 0x08, 0x63, 0x08, 0x63, 0x08, 0x63, 0x08, 0x63, 0x08, 0x63, 0x08, 0x63, 0x08,
  0x63, 0x08, 0x63, 0x08, 0x63, 0x08, 0x63, 0x08, 0x63, 0x08, 0x63, 0x08, 0x63, 0x08, 0x63, 0x08,
  0x63, 0x08, 0x63, 0x08, 0x63, 0x08, 0x63, 0x08, 0x63, 0x08, 0x63, 0x08, 0x63, 0x08, 0x63, 0x08,
  0x63, 0x08, 0x42, 0x00, 0x42, 0x00, 0x63, 0x08, 0x63, 0x08, 0x63, 0x08, 0x63, 0x08, 0x63, 0x08,
  0x63, 0x08, 0x63, 0x08, 0x63, 0x08, 0x63, 0x08, 0x63, 0x08, 0x63, 0x08, 0x63, 0x08, 0x63, 0x08,
  0x63, 0x08, 0x63, 0x08, 0x63, 0x08, 0x63, 0x08, 0x63, 0x08, 0x63, 0x08, 0x63, 0x08, 0x63, 0x08,
  0x63, 0x08, 0x63, 0x08, 0x63, 0x08, 0x83, 0x08, 0x83, 0x08, 0x83, 0x08, 0x83, 0x08, 0x83, 0x08,
  0x83, 0x08, 0x63, 0x08, 0x63, 0x08, 0x63, 0x08, 0x63, 0x08, 0x63, 0x08, 0x63, 0x08, 0x63, 0x08,
  0x63, 0x08, 0x63, 0x08, 0x63, 0x08, 0x63, 0x08, 0x63, 0x08, 0x63, 0x08, 0x63, 0x08, 0x63, 0x08,
  0x63, 0x08, 0x63, 0x08, 0x63, 0x08, 0x63, 0x08, 0x63, 0x08, 0x63, 0x08, 0x63, 0x08, 0x63, 0x08,
  0x63, 0x08, 0x63, 0x08, 0x63, 0x08, 0x63, 0x08, 0x63, 0x08, 0x63, 0x08, 0x63, 0x08, 0x63, 0x08,
  0x63, 0x08, 0x63, 0x08, 0x63, 0x08, 0x63, 0x08, 0x63, 0x08, 0x63, 0x08, 0x63, 0x08, 0x63, 0x08,
  0x63, 0x08, 0x63, 0x08, 0x63, 0x08, 0x63, 0x08, 0x63, 0x08, 0x63, 0x08, 0x63, 0x08, 0x63, 0x08,
  0x63, 0x08, 0x63, 0x08, 0x63, 0x08, 0x63, 0x08, 0x63, 0x08, 0x63, 0x08, 0x63, 0x08, 0x63, 0x08,
  0x63, 0x08, 0x63, 0x08, 0x63, 0x08, 0x63, 0x08, 0x63, 0x08, 0x63, 0x08, 0x63, 0x08, 0x63, 0x08,
  0x63, 0x08, 0x63, 0x08, 0x63, 0x08, 0x63, 0x08, 0x63, 0x08, 0x63, 0x08, 0x63, 0x08, 0x63, 0x08,
  0x63, 0x08, 0x63, 0x08, 0x83, 0x08, 0x83, 0x08, 0x43, 0x00, 0x63, 0x08, 0x63, 0x08, 0x63, 0x08,
  0x83, 0x08, 0x63, 0x00, 0x42, 0x00, 0xA9, 0x41, 0xD4, 0x9B, 0x9A, 0xB4, 0x5A, 0x9C, 0x3A, 0x94,
  0x5B, 0x94, 0x5B, 0x8C, 0x5C, 0x84, 0x7D, 0x84, 0x49, 0x21, 0x42, 0x00, 0x83, 0x08, 0x63, 0x08,
  0x63, 0x08, 0x63, 0x00, 0x43, 0x00, 0x43, 0x00, 0x43, 0x00, 0x43, 0x00, 0x43, 0x00, 0x43, 0x00,
  0x43, 0x00, 0x63, 0x08, 0x63, 0x08, 0x63, 0x08, 0x63, 0x08, 0x63, 0x08, 0x63, 0x08, 0x63, 0x08,
  0x63, 0x08, 0x63, 0x08, 0x63, 0x08, 0x63, 0x08, 0x63, 0x08, 0x63, 0x08, 0x63, 0x08, 0x63, 0x08,
  0x63, 0x08, 0x63, 0x08, 0x63, 0x08, 0x63, 0x08, 0x63, 0x08, 0x63, 0x08, 0x63, 0x08, 0x63, 0x08,
  0x63, 0x08, 0x08, 0x62, 0x08, 0x6A, 0x63, 0x08, 0x63, 0x08, 0x63, 0x08, 0x63, 0x08, 0x63, 0x08,
  0x63, 0x08, 0x63, 0x08, 0x63, 0x08, 0x63, 0x08, 0x63, 0x08, 0x63, 0x08, 0x63, 0x08, 0x63, 0x08,
  0x63, 0x08, 0x63, 0x08, 0x63, 0x08, 0x63, 0x08, 0x63, 0x08, 0x63, 0x08, 0x63, 0x08, 0x63, 0x08,
  0x63, 0x08, 0x63, 0x08, 0x83, 0x08, 0x63, 0x08, 0x22, 0x00, 0x42, 0x00, 0x42, 0x00, 0x42, 0x00,
  0x42, 0x00, 0x63, 0x08, 0x63, 0x08, 0x63, 0x08, 0x63, 0x08, 0x63, 0x08, 0x63, 0x08, 0x63, 0x08,
  0x63, 0x08, 0x63, 0x08, 0x63, 0x08, 0x63, 0x08, 0x63, 0x08, 0x63, 0x08, 0x63, 0x08, 0x63, 0x08,
  0x63, 0x08, 0x63, 0x08, 0x63, 0x08, 0x63, 0x08, 0x63, 0x08, 0x63, 0x08, 0x63, 0x08, 0x63, 0x08,
  0x63, 0x08, 0x63, 0x08, 0x63, 0x08, 0x63, 0x08, 0x63, 0x08, 0x63, 0x08, 0x63, 0x08, 0x63, 0x08,
  0x63, 0x08, 0x63, 0x08, 0x63, 0x08, 0x63, 0x08, 0x63, 0x08, 0x63, 0x08, 0x63, 0x08, 0x63, 0x08,
  0x63, 0x08, 0x63, 0x08, 0x63, 0x08, 0x63, 0x08, 0x63, 0x08, 0x63, 0x08, 0x63, 0x08, 0x63, 0x08,
  0x63, 0x08, 0x63, 0x08, 0x63, 0x08, 0x63, 0x08, 0x63, 0x08, 0x63, 0x08, 0x63, 0x08, 0x63, 0x08,
  0x63, 0x08, 0x63, 0x08, 0x63, 0x08, 0x63, 0x08, 0x63, 0x08, 0x63, 0x08, 0x63, 0x08, 0x63, 0x08,
  0x63, 0x08, 0x63, 0x08, 0x63, 0x08, 0x63, 0x08, 0x63, 0x08, 0x63, 0x08, 0x63, 0x08, 0x63, 0x08,
  0x63, 0x08, 0x83, 0x08, 0x63, 0x00, 0x22, 0x00, 0x25, 0x31, 0xE4, 0x20, 0x63, 0x00, 0x83, 0x08,
  0x22, 0x00, 0xC5, 0x18, 0x0F, 0x83, 0x56, 0xBC, 0x57, 0xB4, 0x38, 0xA4, 0x59, 0x9C, 0x5A, 0x9C,
  0x5B, 0x94, 0x5B, 0x8C, 0x9E, 0x8C, 0x55, 0x63, 0x42, 0x00, 0x83, 0x08, 0x63, 0x08, 0x83, 0x08,
  0x43, 0x00, 0x84, 0x49, 0xC5, 0x9A, 0xA5, 0x8A, 0xA5, 0x92, 0xA5, 0x92, 0xA6, 0x92, 0xA6, 0x92,
  0xA6, 0x92, 0xE4, 0x20, 0x63, 0x00, 0x83, 0x08, 0x63, 0x08, 0x63, 0x08, 0x63, 0x08, 0x63, 0x08,
  0x63, 0x08, 0x63, 0x08, 0x63, 0x08, 0x63, 0x08, 0x63, 0x08, 0x63, 0x08, 0x63, 0x08, 0x63, 0x08,
  0x63, 0x08, 0x63, 0x08, 0x63, 0x08, 0x63, 0x08, 0x63, 0x08, 0x63, 0x08, 0x83, 0x08, 0x43, 0x00,
  0x46, 0x39, 0x4F, 0xEC, 0x70, 0xEC, 0x66, 0x41, 0x42, 0x00, 0x83, 0x08, 0x63, 0x08, 0x63, 0x08,
  0x63, 0x08, 0x63, 0x08, 0x63, 0x08, 0x63, 0x08, 0x63, 0x08, 0x63, 0x08, 0x63, 0x08, 0x63, 0x08,
  0x63, 0x08, 0x63, 0x08, 0x63, 0x08, 0x63, 0x08, 0x63, 0x08, 0x63, 0x08, 0x63, 0x08, 0x63, 0x08,
  0x63, 0x08, 0x83, 0x08, 0x63, 0x00, 0xA4, 0x10, 0x4D, 0x5A, 0x52, 0x83, 0x73, 0x8B, 0xF0, 0x72,
  0xAA, 0x39, 0x63, 0x08, 0x63, 0x08, 0x63, 0x08, 0x63, 0x08, 0x63, 0x08, 0x63, 0x08, 0x63, 0x08,
  0x63, 0x08, 0x63, 0x08, 0x63, 0x08, 0x63, 0x08, 0x63, 0x08, 0x63, 0x08, 0x63, 0x08, 0x63, 0x08,
  0x63, 0x08, 0x63, 0x08, 0x63, 0x08, 0x63, 0x08, 0x63, 0x08, 0x63, 0x08, 0x63, 0x08, 0x63, 0x08,
  0x63, 0x08, 0x63, 0x08, 0x63, 0x08, 0x63, 0x08, 0x63, 0x08, 0x63, 0x08, 0x63, 0x08, 0x63, 0x08,
  0x63, 0x08, 0x63, 0x08, 0x63, 0x08, 0x63, 0x08, 0x63, 0x08, 0x63, 0x08, 0x63, 0x08, 0x63, 0x08,
  0x63, 0x08, 0x63, 0x08, 0x63, 0x08, 0x63, 0x08, 0x63, 0x08, 0x63, 0x08, 0x63, 0x08, 0x63, 0x08,
  0x63, 0x08, 0x63, 0x08, 0x63, 0x08, 0x63, 0x08, 0x63, 0x08, 0x63, 0x08, 0x63, 0x08, 0x63, 0x08,
  0x63, 0x08, 0x63, 0x08, 0x63, 0x08, 0x63, 0x08, 0x63, 0x08, 0x63, 0x08, 0x63, 0x08, 0x63, 0x08,
  0x63, 0x08, 0x63, 0x08, 0x63, 0x08, 0x63, 0x08, 0x63, 0x08, 0x63, 0x08, 0x63, 0x08, 0x63, 0x08,
  0x63, 0x00, 0x23, 0x00, 0xA3, 0x18, 0x87, 0x8A, 0x29, 0xA3, 0x83, 0x08, 0x63, 0x00, 0x43, 0x00,
  0xE8, 0x51, 0xF1, 0xBB, 0x54, 0xC4, 0x15, 0xAC, 0x36, 0xAC, 0x38, 0xA4, 0x59, 0x9C, 0x5A, 0x9C,
  0x5B, 0x94, 0x5B, 0x8C, 0x7D, 0x8C, 0x69, 0x29, 0x42, 0x00, 0x83, 0x08, 0x63, 0x08, 0x83, 0x08,
  0x23, 0x00, 0x24, 0x72, 0x46, 0xF4, 0x06, 0xE4, 0x06, 0xE4, 0x07, 0xE4, 0x07, 0xE4, 0x07, 0xE4,
  0x08, 0xE4, 0x24, 0x31, 0x43, 0x00, 0x83, 0x08, 0x63, 0x08, 0x63, 0x08, 0x63, 0x08, 0x63, 0x08,
  0x83, 0x08, 0x63, 0x08, 0x63, 0x08, 0x63, 0x08, 0x63, 0x08, 0x83, 0x08, 0x83, 0x08, 0x63, 0x08,
  0x63, 0x08, 0x63, 0x08, 0x63, 0x08, 0x63, 0x08, 0x63, 0x08, 0x63, 0x08, 0x83, 0x08, 0x63, 0x08,
  0xC4, 0x18, 0x4C, 0xAB, 0x6C, 0xB3, 0xE4, 0x20, 0x63, 0x00, 0x83, 0x08, 0x63, 0x08, 0x63, 0x08,
  0x83, 0x08, 0x83, 0x08, 0x63, 0x08, 0x63, 0x08, 0x83, 0x08, 0x83, 0x08, 0x63, 0x08, 0x63, 0x08,
  0x63, 0x08, 0x83, 0x08, 0x83, 0x08, 0x83, 0x08, 0x63, 0x08, 0x63, 0x08, 0x83, 0x08, 0x83, 0x08,
  0x63, 0x08, 0x63, 0x08, 0x83, 0x08, 0x52, 0x8B, 0xB9, 0xC4, 0x57, 0xB4, 0x37, 0xA4, 0x99, 0xBC,
  0xDB, 0xBC, 0xAF, 0x62, 0x42, 0x00, 0x83, 0x08, 0x83, 0x08, 0x83, 0x08, 0x83, 0x08, 0x83, 0x08,
  0x63, 0x08, 0x83, 0x08, 0x83, 0x08, 0x63, 0x08, 0x63, 0x08, 0x63, 0x08, 0x63, 0x08, 0x63, 0x08,
  0x63, 0x08, 0x83, 0x08, 0x83, 0x08, 0x63, 0x08, 0x63, 0x08, 0x63, 0x08, 0x63, 0x08, 0x63, 0x08,
  0x83, 0x08, 0x83, 0x08, 0x63, 0x08, 0x63, 0x08, 0x63, 0x08, 0x83, 0x08, 0x63, 0x08, 0x63, 0x08,
  0x63, 0x08, 0x83, 0x08, 0x83, 0x08, 0x63, 0x08, 0x63, 0x08, 0x83, 0x08, 0x83, 0x08, 0x63, 0x08,
  0x63, 0x08, 0x63, 0x08, 0x63, 0x08, 0x63, 0x08, 0x63, 0x08, 0x63, 0x08, 0x63, 0x08, 0x63, 0x08,
  0x63, 0x08, 0x63, 0x08, 0x63, 0x08, 0x63, 0x08, 0x63, 0x08, 0x63, 0x08, 0x63, 0x08, 0x63, 0x08,
  0x63, 0x08, 0x63, 0x08, 0x63, 0x08, 0x63, 0x08, 0x63, 0x08, 0x63, 0x08, 0x63, 0x08, 0x63, 0x08,
  0x63, 0x08, 0x63, 0x08, 0x63, 0x08, 0x63, 0x08, 0x63, 0x08, 0x63, 0x08, 0x63, 0x08, 0x63, 0x08,
  0xC3, 0x18, 0x25, 0x72, 0xA8, 0xCB, 0x4B, 0xEC, 0x45, 0x39, 0x22, 0x00, 0xC4, 0x18, 0x8A, 0x82,
  0xCF, 0xBB, 0xD1, 0xB3, 0x34, 0xBC, 0x56, 0xBC, 0x36, 0xAC, 0x38, 0xA4, 0x59, 0x9C, 0x5A, 0x9C,
  0x5A, 0x94, 0x9D, 0x94, 0x34, 0x63, 0x42, 0x00, 0x83, 0x08, 0x63, 0x08, 0x63, 0x08, 0x83, 0x08,
  0x23, 0x00, 0x04, 0x6A, 0x46, 0xF4, 0x25, 0x72, 0xC3, 0x18, 0x04, 0x29, 0xE4, 0x28, 0xE4, 0x28,
  0xE4, 0x28, 0x83, 0x10, 0x63, 0x08, 0x43, 0x00, 0x63, 0x00, 0x63, 0x08, 0x63, 0x08, 0x63, 0x08,
  0x43, 0x00, 0x63, 0x00, 0x63, 0x08, 0x63, 0x08, 0x83, 0x08, 0x43, 0x00, 0x43, 0x00, 0x63, 0x08,
  0x83, 0x10, 0x83, 0x10, 0x63, 0x08, 0x63, 0x08, 0x63, 0x08, 0x63, 0x08, 0x63, 0x00, 0x43, 0x00,
  0x42, 0x00, 0x63, 0x00, 0x63, 0x08, 0x63, 0x00, 0x83, 0x08, 0x63, 0x08, 0x63, 0x08, 0x83, 0x08,
  0x63, 0x00, 0x42, 0x00, 0x83, 0x08, 0x83, 0x08, 0x42, 0x00, 0x43, 0x00, 0x83, 0x08, 0x63, 0x08,
  0x63, 0x08, 0x63, 0x00, 0x63, 0x00, 0x42, 0x00, 0x63, 0x00, 0x84, 0x10, 0x42, 0x00, 0x63, 0x00,
  0x83, 0x08, 0x42, 0x00, 0x68, 0x31, 0x78, 0xBC, 0x94, 0x93, 0x06, 0x21, 0xA4, 0x10, 0xAA, 0x39,
  0x94, 0x8B, 0x68, 0x31, 0x42, 0x00, 0x83, 0x08, 0x63, 0x00, 0x63, 0x00, 0x42, 0x00, 0x42, 0x00,
  0x84, 0x10, 0x42, 0x00, 0x42, 0x00, 0x83, 0x08, 0x63, 0x08, 0x63, 0x08, 0x63, 0x08, 0x63, 0x08,
  0x63, 0x08, 0x42, 0x00, 0x21, 0x00, 0x63, 0x08, 0x83, 0x08, 0x63, 0x08, 0x63, 0x08, 0x83, 0x08,
  0x42, 0x00, 0x22, 0x00, 0x83, 0x08, 0x84, 0x08, 0x63, 0x08, 0x21, 0x00, 0x63, 0x08, 0x63, 0x08,
  0x83, 0x08, 0x63, 0x08, 0x21, 0x00, 0x63, 0x08, 0x84, 0x08, 0x42, 0x08, 0x42, 0x00, 0x83, 0x08,
  0x63, 0x08, 0x63, 0x08, 0x63, 0x08, 0x63, 0x08, 0x63, 0x08, 0x63, 0x08, 0x63, 0x08, 0x63, 0x08,
  0x63, 0x08, 0x63, 0x08, 0x63, 0x08, 0x63, 0x08, 0x63, 0x08, 0x63, 0x08, 0x63, 0x08, 0x63, 0x08,
  0x63, 0x08, 0x63, 0x08, 0x63, 0x08, 0x63, 0x08, 0x63, 0x08, 0x63, 0x08, 0x63, 0x08, 0x63, 0x08,
  0x63, 0x08, 0x63, 0x08, 0x63, 0x08, 0x63, 0x08, 0x63, 0x08, 0x63, 0x08, 0x63, 0x08, 0x63, 0x08,
  0x84, 0x49, 0x87, 0xC3, 0x49, 0xEC, 0xA7, 0x8A, 0x43, 0x00, 0x63, 0x08, 0xC4, 0x20, 0x05, 0x29,
  0x83, 0x08, 0xA4, 0x10, 0x68, 0x39, 0x51, 0x8B, 0x78, 0xB4, 0x38, 0xA4, 0x59, 0x9C, 0x5A, 0x9C,
  0x5B, 0x94, 0x5B, 0x8C, 0x07, 0x19, 0x42, 0x00, 0x83, 0x08, 0x63, 0x08, 0x63, 0x08, 0x83, 0x08,
  0x23, 0x00, 0x04, 0x6A, 0x46, 0xF4, 0xE4, 0x61, 0x23, 0x00, 0x63, 0x08, 0x63, 0x00, 0x63, 0x00,
  0x63, 0x00, 0x43, 0x00, 0x04, 0x29, 0x47, 0xB3, 0x66, 0x7A, 0x63, 0x00, 0x63, 0x00, 0x04, 0x29,
  0x48, 0xB3, 0x67, 0x7A, 0x43, 0x00, 0x83, 0x08, 0x43, 0x00, 0x25, 0x31, 0xA8, 0x8A, 0x4A, 0xB3,
  0x8B, 0xC3, 0x8B, 0xC3, 0x8B, 0xC3, 0x66, 0x41, 0x43, 0x00, 0x43, 0x00, 0xE7, 0x61, 0x6C, 0xB3,
  0x2B, 0xA3, 0x2B, 0xA3, 0x0B, 0x9B, 0xC4, 0x18, 0x63, 0x00, 0x83, 0x08, 0x83, 0x08, 0x63, 0x00,
  0xC4, 0x18, 0xAB, 0x82, 0x8F, 0xB3, 0x8F, 0xB3, 0xED, 0x8A, 0x26, 0x29, 0x43, 0x00, 0x83, 0x08,
  0x83, 0x08, 0xEE, 0x82, 0xCE, 0x7A, 0x26, 0x29, 0x71, 0x9B, 0xD2, 0xA3, 0x0F, 0x83, 0xE5, 0x20,
  0x63, 0x08, 0x42, 0x00, 0xA9, 0x41, 0x98, 0xC4, 0x11, 0x7B, 0x01, 0x00, 0x63, 0x00, 0x42, 0x00,
  0x63, 0x08, 0x42, 0x00, 0x63, 0x08, 0x63, 0x08, 0xD1, 0x6A, 0x33, 0x73, 0x28, 0x29, 0x75, 0x7B,
  0xF8, 0x93, 0x75, 0x7B, 0x69, 0x29, 0x42, 0x00, 0x84, 0x08, 0x42, 0x00, 0xB1, 0x5A, 0xF8, 0x83,
  0x96, 0x7B, 0x34, 0x6B, 0x0D, 0x42, 0x84, 0x08, 0x63, 0x08, 0x83, 0x08, 0x83, 0x08, 0x42, 0x00,
  0x07, 0x19, 0xF3, 0x5A, 0xD9, 0x73, 0x1A, 0x7C, 0x98, 0x6B, 0x2E, 0x3A, 0x63, 0x08, 0x63, 0x08,
  0x63, 0x08, 0x84, 0x08, 0x91, 0x4A, 0xDA, 0x6B, 0x1B, 0x74, 0x98, 0x63, 0xCC, 0x29, 0x42, 0x00,
  0x83, 0x08, 0x63, 0x08, 0x63, 0x08, 0x63, 0x08, 0x63, 0x08, 0x63, 0x08, 0x63, 0x08, 0x63, 0x08,
  0x63, 0x08, 0x63, 0x08, 0x63, 0x08, 0x63, 0x08, 0x63, 0x08, 0x63, 0x08, 0x63, 0x08, 0x63, 0x08,
  0x63, 0x08, 0x63, 0x08, 0x63, 0x08, 0x63, 0x08, 0x63, 0x08, 0x63, 0x08, 0x63, 0x08, 0x63, 0x08,
  0x63, 0x08, 0x63, 0x08, 0x63, 0x08, 0x63, 0x08, 0x63, 0x08, 0x63, 0x08, 0x63, 0x08, 0x83, 0x08,
  0x43, 0x00, 0xA3, 0x10, 0x68, 0xBB, 0x04, 0x29, 0x43, 0x00, 0x83, 0x08, 0x63, 0x00, 0x43, 0x00,
  0x63, 0x08, 0x63, 0x08, 0x42, 0x00, 0x42, 0x00, 0xD0, 0x72, 0x79, 0xAC, 0x39, 0x9C, 0x3A, 0x94,
  0x9C, 0x9C, 0x90, 0x52, 0x21, 0x00, 0x83, 0x08, 0x63, 0x08, 0x63, 0x08, 0x63, 0x08, 0x83, 0x08,
  0x23, 0x00, 0x04, 0x6A, 0x46, 0xFC, 0xC4, 0x59, 0x03, 0x00, 0x43, 0x00, 0x43, 0x00, 0x43, 0x00,
  0x83, 0x10, 0x43, 0x00, 0x44, 0x39, 0x49, 0xF4, 0x07, 0xAB, 0x43, 0x00, 0x43, 0x00, 0x45, 0x39,
  0x4A, 0xF4, 0x08, 0xAB, 0x43, 0x00, 0x63, 0x00, 0x04, 0x29, 0xEB, 0xD3, 0x2C, 0xE4, 0xCB, 0xD3,
  0x8B, 0xC3, 0x8B, 0xBB, 0xCC, 0xCB, 0x65, 0x39, 0x43, 0x00, 0x42, 0x00, 0x48, 0x72, 0x0E, 0xDC,
  0xCD, 0xCB, 0x0E, 0xDC, 0x0E, 0xD4, 0xE5, 0x20, 0x63, 0x00, 0x83, 0x08, 0x63, 0x08, 0x84, 0x10,
  0x6E, 0xAB, 0x72, 0xE4, 0xD0, 0xC3, 0xB0, 0xBB, 0x73, 0xDC, 0xD1, 0xBB, 0xE5, 0x20, 0x43, 0x00,
  0x83, 0x08, 0xD2, 0xAB, 0x13, 0xBC, 0x71, 0x9B, 0xF3, 0xB3, 0xF3, 0xB3, 0x97, 0xCC, 0x51, 0x8B,
  0x63, 0x08, 0x63, 0x00, 0x06, 0x21, 0x36, 0xAC, 0x57, 0xB4, 0x4D, 0x5A, 0x84, 0x10, 0x42, 0x00,
  0x63, 0x08, 0x83, 0x08, 0x63, 0x08, 0x63, 0x08, 0xB6, 0x8B, 0x5A, 0xA4, 0xD6, 0x8B, 0x18, 0x94,
  0xF8, 0x8B, 0xBC, 0xAC, 0x3A, 0x94, 0x06, 0x19, 0x62, 0x00, 0x63, 0x08, 0x33, 0x6B, 0x5A, 0x94,
  0x3A, 0x8C, 0x9D, 0x9C, 0xDE, 0xA4, 0x55, 0x6B, 0x83, 0x08, 0x83, 0x08, 0x42, 0x00, 0x07, 0x19,
  0x3B, 0x84, 0xDF, 0x94, 0x3B, 0x84, 0xF9, 0x73, 0x9E, 0x8C, 0x1F, 0x95, 0xD2, 0x52, 0x42, 0x00,
  0x63, 0x08, 0x35, 0x5B, 0xFF, 0x8C, 0x5D, 0x7C, 0xDA, 0x6B, 0xBF, 0x7C, 0xBF, 0x84, 0xAC, 0x29,
  0x42, 0x00, 0x83, 0x08, 0x63, 0x08, 0x63, 0x08, 0x63, 0x08, 0x63, 0x08, 0x63, 0x08, 0x63, 0x08,
  0x63, 0x08, 0x63, 0x08, 0x63, 0x08, 0x63, 0x08, 0x63, 0x08, 0x63, 0x08, 0x63, 0x08, 0x63, 0x08,
  0x63, 0x08, 0x63, 0x08, 0x63, 0x08, 0x63, 0x08, 0x63, 0x08, 0x63, 0x08, 0x63, 0x08, 0x63, 0x08,
  0x63, 0x08, 0x63, 0x08, 0x63, 0x08, 0x63, 0x08, 0x63, 0x08, 0x63, 0x08, 0x63, 0x08, 0x63, 0x08,
  0x83, 0x08, 0x63, 0x08, 0x24, 0x31, 0x63, 0x08, 0x63, 0x08, 0x63, 0x08, 0x63, 0x08, 0x83, 0x08,
  0x83, 0x08, 0x83, 0x08, 0x83, 0x08, 0x63, 0x08, 0x63, 0x08, 0xB5, 0x8B, 0x5A, 0xA4, 0x5B, 0x9C,
  0xF8, 0x83, 0x84, 0x10, 0x63, 0x08, 0x83, 0x08, 0x63, 0x08, 0x63, 0x08, 0x63, 0x08, 0x83, 0x08,
  0x23, 0x00, 0x04, 0x6A, 0x46, 0xF4, 0xA5, 0x92, 0xA4, 0x59, 0xE4, 0x59, 0xE5, 0x61, 0x44, 0x41,
  0x63, 0x08, 0x43, 0x00, 0x24, 0x31, 0x29, 0xE4, 0xE7, 0xA2, 0x43, 0x00, 0x43, 0x00, 0x24, 0x31,
  0x2A, 0xE4, 0xE8, 0x9A, 0x63, 0x00, 0x43, 0x00, 0x06, 0x6A, 0x4C, 0xEC, 0xA8, 0x8A, 0x63, 0x00,
  0x43, 0x00, 0x63, 0x00, 0xA3, 0x10, 0x83, 0x08, 0x63, 0x08, 0x63, 0x08, 0x83, 0x10, 0xA4, 0x10,
  0xA4, 0x10, 0x6C, 0xB3, 0xEE, 0xD3, 0xE4, 0x20, 0x63, 0x00, 0x83, 0x08, 0x22, 0x00, 0xC8, 0x51,
  0x51, 0xE4, 0x2D, 0xA3, 0xC4, 0x18, 0x83, 0x08, 0xCC, 0x82, 0x73, 0xDC, 0x6B, 0x72, 0x22, 0x00,
  0x84, 0x10, 0x70, 0x9B, 0x55, 0xCC, 0x8C, 0x72, 0x42, 0x00, 0x26, 0x29, 0xF4, 0xAB, 0x15, 0xB4,
  0xE5, 0x20, 0x63, 0x08, 0x42, 0x00, 0xEB, 0x49, 0x57, 0xB4, 0x99, 0xBC, 0xD5, 0x9B, 0x0C, 0x4A,
  0x63, 0x08, 0x63, 0x08, 0x83, 0x08, 0x63, 0x08, 0x74, 0x7B, 0x9B, 0xAC, 0xF1, 0x6A, 0x63, 0x08,
  0x84, 0x08, 0x33, 0x6B, 0xDD, 0xAC, 0x6F, 0x52, 0x21, 0x00, 0x84, 0x08, 0x63, 0x08, 0x42, 0x00,
  0x62, 0x00, 0xA5, 0x10, 0x34, 0x6B, 0xDE, 0x9C, 0xAB, 0x31, 0x42, 0x00, 0x42, 0x00, 0x14, 0x5B,
  0xDF, 0x9C, 0xF3, 0x5A, 0xA4, 0x10, 0x63, 0x08, 0x6A, 0x29, 0x97, 0x6B, 0x8A, 0x29, 0x21, 0x00,
  0x6A, 0x29, 0xBF, 0x8C, 0x98, 0x63, 0xA4, 0x10, 0x01, 0x00, 0x8A, 0x29, 0xBF, 0x7C, 0x98, 0x5B,
  0x42, 0x00, 0x83, 0x08, 0x63, 0x08, 0x63, 0x08, 0x63, 0x08, 0x63, 0x08, 0x63, 0x08, 0x63, 0x08,
  0x63, 0x08, 0x63, 0x08, 0x63, 0x08, 0x63, 0x08, 0x63, 0x08, 0x63, 0x08, 0x63, 0x08, 0x63, 0x08,
  0x63, 0x08, 0x63, 0x08, 0x63, 0x08, 0x63, 0x08, 0x63, 0x08, 0x63, 0x08, 0x63, 0x08, 0x63, 0x08,
  0x63, 0x08, 0x63, 0x08, 0x63, 0x08, 0x63, 0x08, 0x63, 0x08, 0x63, 0x08, 0x63, 0x08, 0x63, 0x08,
  0x63, 0x08, 0x83, 0x08, 0x63, 0x00, 0x63, 0x08, 0x63, 0x08, 0x83, 0x08, 0x83, 0x08, 0x63, 0x00,
  0x42, 0x00, 0x63, 0x08, 0x63, 0x08, 0x84, 0x08, 0x22, 0x00, 0x0C, 0x4A, 0x7A, 0xA4, 0x7B, 0x9C,
  0xAA, 0x31, 0x42, 0x00, 0x83, 0x08, 0x63, 0x08, 0x63, 0x08, 0x63, 0x08, 0x63, 0x08, 0x83, 0x08,
  0x23, 0x00, 0x04, 0x72, 0x06, 0xE4, 0x06, 0xE4, 0x47, 0xF4, 0x27, 0xEC, 0x88, 0xFC, 0xE6, 0x9A,
  0x43, 0x00, 0x43, 0x00, 0x24, 0x31, 0x29, 0xEC, 0xE7, 0xA2, 0x43, 0x00, 0x43, 0x00, 0x24, 0x31,
  0x2A, 0xE4, 0xE8, 0xA2, 0x43, 0x00, 0x43, 0x00, 0x85, 0x49, 0x4B, 0xEC, 0xCB, 0xCB, 0xA8, 0x8A,
  0xC6, 0x51, 0xE4, 0x20, 0x43, 0x00, 0x63, 0x00, 0x83, 0x08, 0x63, 0x08, 0x63, 0x08, 0x63, 0x00,
  0x63, 0x08, 0x6C, 0xB3, 0xEE, 0xD3, 0xE4, 0x20, 0x63, 0x00, 0x83, 0x08, 0x42, 0x00, 0x8A, 0x7A,
  0x72, 0xE4, 0xE8, 0x59, 0x22, 0x00, 0x42, 0x00, 0x46, 0x31, 0x53, 0xD4, 0x2E, 0x93, 0x43, 0x00,
  0x83, 0x08, 0x91, 0xA3, 0x34, 0xC4, 0xE5, 0x20, 0x42, 0x00, 0x63, 0x00, 0x71, 0x93, 0x55, 0xBC,
  0x06, 0x21, 0x42, 0x00, 0x83, 0x08, 0x42, 0x00, 0x47, 0x31, 0x31, 0x7B, 0x78, 0xB4, 0xBA, 0xBC,
  0x53, 0x83, 0xA4, 0x10, 0x63, 0x08, 0x63, 0x08, 0x74, 0x83, 0x9B, 0xAC, 0x27, 0x29, 0x42, 0x00,
  0x22, 0x00, 0x89, 0x31, 0xBC, 0xAC, 0x33, 0x6B, 0x42, 0x00, 0x42, 0x00, 0xC5, 0x10, 0xEC, 0x41,
  0x90, 0x52, 0x2E, 0x4A, 0xF3, 0x62, 0xBE, 0x9C, 0x4E, 0x4A, 0x21, 0x00, 0xA4, 0x10, 0xF9, 0x7B,
  0x7C, 0x8C, 0xE6, 0x18, 0x21, 0x00, 0x83, 0x08, 0x42, 0x00, 0x63, 0x08, 0x42, 0x08, 0x21, 0x00,
  0x4F, 0x42, 0xFF, 0x8C, 0x91, 0x4A, 0xE6, 0x10, 0x28, 0x21, 0x28, 0x19, 0x1C, 0x6C, 0x1C, 0x6C,
  0xA4, 0x10, 0x63, 0x08, 0x63, 0x08, 0x63, 0x08, 0x63, 0x08, 0x63, 0x08, 0x63, 0x08, 0x63, 0x08,
  0x63, 0x08, 0x63, 0x08, 0x63, 0x08, 0x63, 0x08, 0x63, 0x08, 0x63, 0x08, 0x63, 0x08, 0x63, 0x08,
  0x63, 0x08, 0x63, 0x08, 0x63, 0x08, 0x63, 0x08, 0x63, 0x08, 0x63, 0x08, 0x63, 0x08, 0x63, 0x08,
  0x63, 0x08, 0x63, 0x08, 0x63, 0x08, 0x63, 0x08, 0x63, 0x08, 0x63, 0x08, 0x63, 0x08, 0x63, 0x08,
  0x63, 0x08, 0x63, 0x08, 0x83, 0x08, 0x83, 0x08, 0x83, 0x08, 0x43, 0x00, 0x42, 0x00, 0xA4, 0x18,
  0xA8, 0x49, 0xE5, 0x20, 0x63, 0x00, 0x83, 0x08, 0x42, 0x00, 0x27, 0x29, 0xBB, 0xAC, 0xF1, 0x62,
  0x22, 0x00, 0x83, 0x08, 0x63, 0x08, 0x63, 0x08, 0x63, 0x08, 0x63, 0x08, 0x63, 0x08, 0x83, 0x08,
  0x23, 0x00, 0x04, 0x6A, 0x46, 0xF4, 0x85, 0x8A, 0x64, 0x49, 0xA4, 0x51, 0xA4, 0x51, 0x24, 0x31,
  0x63, 0x08, 0x43, 0x00, 0x24, 0x31, 0x29, 0xEC, 0xE7, 0xA2, 0x63, 0x00, 0x63, 0x00, 0x24, 0x31,
  0x2A, 0xE4, 0xE8, 0xA2, 0x43, 0x00, 0x83, 0x08, 0x63, 0x08, 0xE6, 0x61, 0x6A, 0xBB, 0x2C, 0xE4,
  0x6D, 0xF4, 0x0C, 0xDC, 0xC9, 0x92, 0xA4, 0x10, 0x63, 0x08, 0x63, 0x08, 0x83, 0x08, 0x83, 0x08,
  0x83, 0x08, 0x6C, 0xB3, 0xEE, 0xD3, 0xE5, 0x20, 0x63, 0x00, 0x83, 0x10, 0x42, 0x00, 0xCB, 0x8A,
  0x51, 0xE4, 0xA7, 0x49, 0x43, 0x00, 0x63, 0x08, 0x26, 0x29, 0x32, 0xCC, 0x4F, 0xA3, 0x63, 0x08,
  0x83, 0x08, 0x91, 0xA3, 0x13, 0xBC, 0xE5, 0x20, 0x63, 0x00, 0x63, 0x08, 0x71, 0x93, 0x55, 0xBC,
  0x06, 0x21, 0x42, 0x00, 0x83, 0x08, 0x84, 0x10, 0x42, 0x00, 0x42, 0x00, 0x48, 0x29, 0x73, 0x83,
  0xBA, 0xBC, 0xAF, 0x62, 0x42, 0x00, 0x63, 0x08, 0x74, 0x83, 0x7A, 0xA4, 0x27, 0x21, 0x63, 0x08,
  0x62, 0x00, 0x48, 0x29, 0x9C, 0xA4, 0x75, 0x73, 0x21, 0x00, 0x48, 0x29, 0x19, 0x8C, 0xDE, 0xA4,
  0x9C, 0x9C, 0x9D, 0x9C, 0x7C, 0x94, 0x9D, 0x94, 0x6F, 0x4A, 0x21, 0x00, 0xC5, 0x10, 0x1A, 0x84,
  0x3B, 0x84, 0xC5, 0x10, 0x63, 0x08, 0x83, 0x08, 0x83, 0x08, 0x83, 0x08, 0x84, 0x08, 0x21, 0x00,
  0x91, 0x4A, 0xBF, 0x84, 0x5D, 0x7C, 0xBF, 0x84, 0xBF, 0x84, 0x9F, 0x7C, 0xBF, 0x7C, 0x5D, 0x74,
  0xA5, 0x10, 0x63, 0x08, 0x83, 0x08, 0x63, 0x08, 0x63, 0x08, 0x63, 0x08, 0x63, 0x08, 0x63, 0x08,
  0x63, 0x08, 0x63, 0x08, 0x63, 0x08, 0x63, 0x08, 0x63, 0x08, 0x63, 0x08, 0x63, 0x08, 0x63, 0x08,
  0x63, 0x08, 0x63, 0x08, 0x63, 0x08, 0x63, 0x08, 0x63, 0x08, 0x63, 0x08, 0x63, 0x08, 0x63, 0x08,
  0x63, 0x08, 0x63, 0x08, 0x63, 0x08, 0x63, 0x08, 0x63, 0x08, 0x63, 0x08, 0x63, 0x08, 0x63, 0x08,
  0x63, 0x08, 0x63, 0x08, 0x83, 0x08, 0x63, 0x00, 0x43, 0x00, 0x25, 0x31, 0x89, 0x82, 0xCE, 0xC3,
  0xF0, 0xCB, 0xC5, 0x18, 0x63, 0x00, 0x83, 0x08, 0x42, 0x00, 0x48, 0x29, 0xF7, 0x93, 0xA4, 0x10,
  0x63, 0x08, 0x83, 0x08, 0x63, 0x08, 0x63, 0x08, 0x63, 0x08, 0x63, 0x08, 0x63, 0x08, 0x83, 0x08,
  0x23, 0x00, 0x04, 0x6A, 0x46, 0xFC, 0xC4, 0x59, 0x03, 0x00, 0x43, 0x00, 0x43, 0x00, 0x43, 0x00,
  0x83, 0x08, 0x43, 0x00, 0x24, 0x31, 0x29, 0xEC, 0xE7, 0xA2, 0x43, 0x00, 0x23, 0x00, 0x65, 0x41,
  0x4A, 0xEC, 0xE8, 0x9A, 0x43, 0x00, 0x83, 0x08, 0x63, 0x00, 0x02, 0x00, 0x43, 0x00, 0xE4, 0x20,
  0xA6, 0x51, 0x2A, 0xAB, 0x6D, 0xF4, 0x28, 0x72, 0x42, 0x00, 0x83, 0x08, 0x43, 0x00, 0x43, 0x00,
  0x63, 0x00, 0x4C, 0xB3, 0xEE, 0xD3, 0xC4, 0x18, 0x42, 0x00, 0x63, 0x08, 0x42, 0x00, 0x8A, 0x7A,
  0x72, 0xE4, 0x09, 0x62, 0x22, 0x00, 0x22, 0x00, 0x67, 0x39, 0x53, 0xD4, 0x2E, 0x93, 0x42, 0x00,
  0x83, 0x08, 0x91, 0xA3, 0x13, 0xBC, 0xE5, 0x18, 0x63, 0x00, 0x63, 0x08, 0x71, 0x93, 0x55, 0xBC,
  0x06, 0x21, 0x63, 0x00, 0x63, 0x00, 0x22, 0x00, 0x63, 0x00, 0x63, 0x08, 0x00, 0x00, 0x27, 0x21,
  0x79, 0xB4, 0x95, 0x8B, 0x63, 0x08, 0x63, 0x08, 0x74, 0x83, 0x9B, 0xAC, 0x48, 0x29, 0x22, 0x00,
  0x21, 0x00, 0x8A, 0x31, 0xBC, 0xAC, 0x33, 0x6B, 0x01, 0x00, 0x54, 0x73, 0xBD, 0xA4, 0x2E, 0x4A,
  0xE6, 0x18, 0x84, 0x08, 0x6F, 0x4A, 0xDF, 0xA4, 0x2E, 0x42, 0x21, 0x00, 0x84, 0x08, 0xD8, 0x7B,
  0x9D, 0x8C, 0x69, 0x29, 0x00, 0x00, 0x63, 0x08, 0x62, 0x08, 0x42, 0x00, 0x83, 0x08, 0x21, 0x00,
  0x2E, 0x3A, 0xDF, 0x8C, 0x35, 0x5B, 0x07, 0x19, 0x49, 0x21, 0x49, 0x21, 0x49, 0x21, 0x48, 0x21,
  0x83, 0x08, 0x63, 0x08, 0x63, 0x08, 0x63, 0x08, 0x63, 0x08, 0x63, 0x08, 0x63, 0x08, 0x63, 0x08,
  0x63, 0x08, 0x63, 0x08, 0x63, 0x08, 0x63, 0x08, 0x63, 0x08, 0x63, 0x08, 0x63, 0x08, 0x63, 0x08,
  0x63, 0x08, 0x63, 0x08, 0x63, 0x08, 0x63, 0x08, 0x63, 0x08, 0x63, 0x08, 0x63, 0x08, 0x63, 0x08,
  0x63, 0x08, 0x63, 0x08, 0x63, 0x08, 0x63, 0x08, 0x63, 0x08, 0x63, 0x08, 0x63, 0x08, 0x63, 0x08,
  0x63, 0x08, 0x63, 0x08, 0x43, 0x00, 0xA3, 0x10, 0x88, 0x82, 0xEC, 0xD3, 0x0E, 0xDC, 0x30, 0xDC,
  0xCC, 0x8A, 0x42, 0x00, 0x83, 0x08, 0x83, 0x08, 0x22, 0x00, 0xCB, 0x41, 0xAA, 0x39, 0x22, 0x00,
  0x83, 0x08, 0x63, 0x08, 0x63, 0x08, 0x63, 0x08, 0x63, 0x08, 0x63, 0x08, 0x63, 0x08, 0x83, 0x08,
  0x23, 0x00, 0x04, 0x6A, 0x46, 0xF4, 0xE4, 0x61, 0x43, 0x00, 0x83, 0x10, 0x83, 0x08, 0x83, 0x08,
  0x83, 0x08, 0x43, 0x00, 0x04, 0x29, 0xE8, 0xDB, 0xA8, 0xCB, 0x44, 0x39, 0xA3, 0x18, 0x08, 0xA3,
  0x2A, 0xE4, 0x08, 0xA3, 0x83, 0x10, 0x63, 0x08, 0xC4, 0x18, 0x25, 0x31, 0xC4, 0x20, 0xA3, 0x10,
  0x83, 0x10, 0x88, 0x82, 0x4D, 0xEC, 0x89, 0x82, 0x22, 0x00, 0x83, 0x10, 0xE5, 0x28, 0x05, 0x29,
  0x05, 0x29, 0x6C, 0xB3, 0xEE, 0xD3, 0x46, 0x39, 0xE5, 0x20, 0xE4, 0x20, 0x22, 0x00, 0xA7, 0x49,
  0x51, 0xE4, 0x6E, 0xAB, 0x05, 0x29, 0xC4, 0x18, 0x0E, 0x93, 0x73, 0xDC, 0x4B, 0x6A, 0x22, 0x00,
  0x83, 0x10, 0x90, 0xA3, 0x13, 0xBC, 0xE5, 0x18, 0x63, 0x00, 0x63, 0x08, 0x51, 0x93, 0x35, 0xBC,
  0x06, 0x21, 0x21, 0x00, 0xA9, 0x39, 0x2C, 0x52, 0x06, 0x21, 0xA4, 0x10, 0xA4, 0x10, 0x6E, 0x5A,
  0x9A, 0xB4, 0x53, 0x83, 0x42, 0x00, 0x63, 0x08, 0x74, 0x83, 0x9B, 0xAC, 0x12, 0x73, 0xA4, 0x10,
  0xE5, 0x18, 0x54, 0x73, 0xDD, 0xAC, 0x6F, 0x52, 0x21, 0x00, 0xB7, 0x7B, 0x7B, 0x9C, 0x28, 0x21,
  0x01, 0x00, 0xC5, 0x10, 0x76, 0x73, 0xBD, 0x9C, 0x90, 0x52, 0x63, 0x08, 0x42, 0x00, 0xB1, 0x52,
  0xDF, 0x9C, 0xB8, 0x73, 0x8A, 0x29, 0xC5, 0x10, 0xC5, 0x10, 0x27, 0x19, 0xA4, 0x10, 0x42, 0x00,
  0x27, 0x19, 0x9E, 0x84, 0x5D, 0x7C, 0xED, 0x31, 0xA4, 0x08, 0x84, 0x08, 0xC6, 0x10, 0x84, 0x08,
  0x63, 0x08, 0x63, 0x08, 0x63, 0x08, 0x63, 0x08, 0x63, 0x08, 0x63, 0x08, 0x63, 0x08, 0x63, 0x08,
  0x63, 0x08, 0x63, 0x08, 0x63, 0x08, 0x63, 0x08, 0x63, 0x08, 0x63, 0x08, 0x63, 0x08, 0x63, 0x08,
  0x63, 0x08, 0x63, 0x08, 0x63, 0x08, 0x63, 0x08, 0x63, 0x08, 0x63, 0x08, 0x63, 0x08, 0x63, 0x08,
  0x63, 0x08, 0x63, 0x08, 0x63, 0x08, 0x63, 0x08, 0x63, 0x08, 0x63, 0x08, 0x63, 0x08, 0x63, 0x08,
  0x83, 0x08, 0x63, 0x08, 0x85, 0x49, 0xCA, 0xD3, 0x4C, 0xEC, 0xEC, 0xD3, 0xCD, 0xCB, 0x0F, 0xD4,
  0x67, 0x41, 0x42, 0x00, 0x83, 0x08, 0x63, 0x08, 0x63, 0x08, 0xC5, 0x10, 0x63, 0x08, 0x63, 0x08,
  0x63, 0x08, 0x63, 0x08, 0x63, 0x08, 0x63, 0x08, 0x63, 0x08, 0x63, 0x08, 0x63, 0x08, 0x83, 0x08,
  0x23, 0x00, 0x24, 0x72, 0x86, 0xFC, 0x04, 0x62, 0x23, 0x00, 0x83, 0x08, 0x63, 0x08, 0x63, 0x08,
  0x63, 0x08, 0x63, 0x08, 0x63, 0x08, 0x27, 0xAB, 0x49, 0xF4, 0x09, 0xDC, 0x09, 0xDC, 0xC7, 0x92,
  0xC9, 0xD3, 0x2A, 0xEC, 0x69, 0xBB, 0x43, 0x00, 0x47, 0x72, 0x6C, 0xF4, 0xEB, 0xD3, 0xEB, 0xD3,
  0x0C, 0xDC, 0x4D, 0xEC, 0xEC, 0xD3, 0x45, 0x39, 0x42, 0x00, 0xC4, 0x18, 0xED, 0xD3, 0x2E, 0xE4,
  0x0E, 0xDC, 0x2E, 0xDC, 0x2F, 0xDC, 0x0F, 0xDC, 0x50, 0xEC, 0xAB, 0x8A, 0x42, 0x00, 0x83, 0x08,
  0x0C, 0x9B, 0x72, 0xE4, 0x31, 0xD4, 0x11, 0xCC, 0x73, 0xDC, 0x90, 0xAB, 0xA4, 0x18, 0x63, 0x00,
  0x83, 0x08, 0xB1, 0xAB, 0x54, 0xC4, 0xE5, 0x20, 0x63, 0x00, 0x63, 0x08, 0x92, 0x9B, 0x97, 0xC4,
  0x26, 0x29, 0x01, 0x00, 0xCF, 0x72, 0xFA, 0xD4, 0x57, 0xB4, 0x36, 0xAC, 0x37, 0xAC, 0x9A, 0xBC,
  0x58, 0xAC, 0xA9, 0x39, 0x42, 0x00, 0x63, 0x08, 0x95, 0x83, 0x39, 0x9C, 0x95, 0x83, 0x7A, 0xA4,
  0x5A, 0x9C, 0xBC, 0xAC, 0x18, 0x94, 0xE6, 0x18, 0x21, 0x00, 0x90, 0x5A, 0xDE, 0xA4, 0x5A, 0x94,
  0xD8, 0x83, 0x7B, 0x94, 0x13, 0x63, 0x5B, 0x94, 0xBE, 0x9C, 0x55, 0x6B, 0x22, 0x00, 0xC5, 0x10,
  0x97, 0x73, 0xDF, 0x94, 0xBF, 0x94, 0x5C, 0x84, 0x5C, 0x84, 0xDF, 0x8C, 0x8A, 0x29, 0x42, 0x00,
  0x42, 0x00, 0x4F, 0x42, 0xBF, 0x84, 0xFF, 0x8C, 0x9E, 0x7C, 0x5D, 0x74, 0xFF, 0x84, 0x91, 0x42,
  0x21, 0x00, 0x84, 0x08, 0x63, 0x08, 0x63, 0x08, 0x63, 0x08, 0x63, 0x08, 0x63, 0x08, 0x63, 0x08,
  0x63, 0x08, 0x63, 0x08, 0x63, 0x08, 0x63, 0x08, 0x63, 0x08, 0x63, 0x08, 0x63, 0x08, 0x63, 0x08,
  0x63, 0x08, 0x63, 0x08, 0x63, 0x08, 0x63, 0x08, 0x63, 0x08, 0x63, 0x08, 0x63, 0x08, 0x63, 0x08,
  0x63, 0x08, 0x63, 0x08, 0x63, 0x08, 0x63, 0x08, 0x63, 0x08, 0x63, 0x08, 0x63, 0x08, 0x63, 0x08,
  0x63, 0x08, 0xA3, 0x18, 0xA5, 0x51, 0xE6, 0x61, 0x6A, 0xB3, 0xEC, 0xD3, 0x0E, 0xDC, 0x2C, 0xA3,
  0x63, 0x00, 0x83, 0x08, 0x63, 0x08, 0x83, 0x08, 0x83, 0x08, 0x21, 0x00, 0x63, 0x08, 0x83, 0x08,
  0x63, 0x08, 0x63, 0x08, 0x63, 0x08, 0x63, 0x08, 0x63, 0x08, 0x63, 0x08, 0x63, 0x08, 0x83, 0x08,
  0x43, 0x00, 0x84, 0x49, 0xE5, 0xA2, 0x64, 0x41, 0x43, 0x00, 0x83, 0x08, 0x63, 0x08, 0x63, 0x08,
  0x63, 0x08, 0x83, 0x08, 0x63, 0x00, 0xE4, 0x20, 0xA6, 0x92, 0x28, 0xAB, 0x26, 0x6A, 0xC4, 0x18,
  0xC7, 0x92, 0xE8, 0x9A, 0x67, 0x82, 0x63, 0x00, 0xA6, 0x49, 0x09, 0xA3, 0x09, 0xA3, 0x2A, 0xAB,
  0x09, 0xA3, 0x68, 0x7A, 0x25, 0x31, 0x43, 0x00, 0x63, 0x08, 0xA4, 0x10, 0x89, 0x82, 0xCA, 0x8A,
  0xAA, 0x8A, 0xAA, 0x8A, 0xAA, 0x8A, 0xAA, 0x8A, 0xCB, 0x92, 0xC8, 0x59, 0x43, 0x00, 0x63, 0x08,
  0x83, 0x10, 0x29, 0x6A, 0x2D, 0x9B, 0x2E, 0x9B, 0x6B, 0x72, 0xC4, 0x18, 0x43, 0x00, 0x83, 0x08,
  0x83, 0x08, 0x6C, 0x6A, 0xCD, 0x7A, 0xA4, 0x18, 0x63, 0x08, 0x63, 0x08, 0x4C, 0x62, 0xEF, 0x7A,
  0xE5, 0x18, 0x42, 0x00, 0x27, 0x29, 0x6D, 0x62, 0x11, 0x7B, 0x73, 0x8B, 0x52, 0x83, 0xAF, 0x6A,
  0x47, 0x29, 0x42, 0x00, 0x83, 0x08, 0x63, 0x08, 0x95, 0x83, 0x5A, 0xA4, 0x48, 0x29, 0xB0, 0x62,
  0x95, 0x83, 0xF2, 0x62, 0x07, 0x21, 0x42, 0x00, 0x63, 0x08, 0x83, 0x08, 0x6F, 0x52, 0x75, 0x73,
  0x96, 0x7B, 0x0D, 0x42, 0xE6, 0x18, 0x34, 0x63, 0x34, 0x6B, 0x6F, 0x4A, 0x63, 0x08, 0x63, 0x08,
  0x84, 0x08, 0x2E, 0x42, 0x35, 0x63, 0x97, 0x6B, 0x77, 0x6B, 0x56, 0x63, 0x48, 0x21, 0x42, 0x00,
  0x83, 0x08, 0x42, 0x00, 0x6A, 0x29, 0xF4, 0x52, 0x98, 0x63, 0x98, 0x63, 0x97, 0x5B, 0xCC, 0x31,
  0x42, 0x00, 0x83, 0x08, 0x63, 0x08, 0x63, 0x08, 0x63, 0x08, 0x63, 0x08, 0x63, 0x08, 0x63, 0x08,
  0x63, 0x08, 0x63, 0x08, 0x63, 0x08, 0x63, 0x08, 0x63, 0x08, 0x63, 0x08, 0x63, 0x08, 0x63, 0x08,
  0x63, 0x08, 0x63, 0x08, 0x63, 0x08, 0x63, 0x08, 0x63, 0x08, 0x63, 0x08, 0x63, 0x08, 0x63, 0x08,
  0x63, 0x08, 0x63, 0x08, 0x63, 0x08, 0x63, 0x08, 0x63, 0x08, 0x63, 0x08, 0x63, 0x08, 0x63, 0x08,
  0x63, 0x08, 0x63, 0x08, 0x43, 0x00, 0x22, 0x00, 0xC4, 0x18, 0x8B, 0xC3, 0x0E, 0xDC, 0x46, 0x39,
  0x42, 0x00, 0x83, 0x08, 0x83, 0x08, 0x63, 0x00, 0x22, 0x00, 0xAA, 0x39, 0xB6, 0x83, 0xF2, 0x62,
  0x42, 0x00, 0x83, 0x08, 0x63, 0x08, 0x63, 0x08, 0x63, 0x08, 0x63, 0x08, 0x63, 0x08, 0x63, 0x08,
  0x63, 0x08, 0x63, 0x00, 0x43, 0x00, 0x63, 0x00, 0x63, 0x08, 0x63, 0x08, 0x63, 0x08, 0x63, 0x08,
  0x63, 0x08, 0x63, 0x08, 0x83, 0x08, 0x63, 0x00, 0x43, 0x00, 0x43, 0x00, 0x43, 0x00, 0x63, 0x08,
  0x43, 0x00, 0x43, 0x00, 0x43, 0x00, 0x63, 0x08, 0x43, 0x00, 0x43, 0x00, 0x43, 0x00, 0x63, 0x00,
  0x43, 0x00, 0x22, 0x00, 0x43, 0x00, 0x83, 0x08, 0x63, 0x08, 0x63, 0x08, 0x42, 0x00, 0x42, 0x00,
  0x42, 0x00, 0x42, 0x00, 0x42, 0x00, 0x42, 0x00, 0x42, 0x00, 0x43, 0x00, 0x63, 0x08, 0x83, 0x08,
  0x63, 0x08, 0x22, 0x00, 0x43, 0x00, 0x43, 0x00, 0x22, 0x00, 0x63, 0x00, 0x83, 0x08, 0x63, 0x08,
  0x63, 0x08, 0x42, 0x00, 0x42, 0x00, 0x63, 0x08, 0x63, 0x08, 0x63, 0x08, 0x42, 0x00, 0x42, 0x00,
  0x63, 0x08, 0x83, 0x08, 0x42, 0x00, 0x22, 0x00, 0x42, 0x00, 0x42, 0x00, 0x42, 0x00, 0x22, 0x00,
  0x42, 0x00, 0x83, 0x08, 0x63, 0x08, 0x63, 0x08, 0x74, 0x83, 0x7A, 0xA4, 0x06, 0x21, 0x01, 0x00,
  0x63, 0x00, 0x22, 0x00, 0x42, 0x00, 0x83, 0x08, 0x63, 0x08, 0x63, 0x08, 0x22, 0x00, 0x42, 0x00,
  0x42, 0x00, 0x22, 0x00, 0x63, 0x08, 0x42, 0x00, 0x42, 0x00, 0x42, 0x00, 0x63, 0x08, 0x83, 0x08,
  0x63, 0x08, 0x21, 0x00, 0x42, 0x00, 0x42, 0x00, 0x42, 0x00, 0x42, 0x00, 0x63, 0x08, 0x63, 0x08,
  0x63, 0x08, 0x83, 0x08, 0x42, 0x00, 0x21, 0x00, 0x42, 0x00, 0x42, 0x08, 0x42, 0x00, 0x42, 0x00,
  0x83, 0x08, 0x63, 0x08, 0x63, 0x08, 0x63, 0x08, 0x63, 0x08, 0x63, 0x08, 0x63, 0x08, 0x63, 0x08,
  0x63, 0x08, 0x63, 0x08, 0x63, 0x08, 0x63, 0x08, 0x63, 0x08, 0x63, 0x08, 0x63, 0x08, 0x63, 0x08,
  0x63, 0x08, 0x63, 0x08, 0x63, 0x08, 0x63, 0x08, 0x63, 0x08, 0x63, 0x08, 0x63, 0x08, 0x63, 0x08,
  0x63, 0x08, 0x63, 0x08, 0x63, 0x08, 0x63, 0x08, 0x63, 0x08, 0x63, 0x08, 0x63, 0x08, 0x63, 0x08,
  0x63, 0x08, 0x63, 0x08, 0x83, 0x08, 0x83, 0x10, 0x22, 0x00, 0xCA, 0x92, 0xAA, 0x8A, 0x22, 0x00,
  0x83, 0x08, 0x63, 0x08, 0x63, 0x08, 0xC5, 0x18, 0x10, 0x7B, 0x59, 0xAC, 0xBC, 0xB4, 0xB0, 0x5A,
  0x22, 0x00, 0x83, 0x08, 0x63, 0x08, 0x63, 0x08, 0x63, 0x08, 0x63, 0x08, 0x63, 0x08, 0x63, 0x08,
  0x63, 0x08, 0x83, 0x08, 0x83, 0x08, 0x83, 0x08, 0x63, 0x08, 0x63, 0x08, 0x63, 0x08, 0x63, 0x08,
  0x63, 0x08, 0x63, 0x08, 0x63, 0x08, 0x83, 0x08, 0x83, 0x08, 0x83, 0x08, 0x83, 0x08, 0x63, 0x08,
  0x83, 0x08, 0x83, 0x08, 0x83, 0x08, 0x63, 0x08, 0x83, 0x08, 0x83, 0x08, 0x83, 0x08, 0x83, 0x08,
  0x83, 0x08, 0x83, 0x08, 0x83, 0x08, 0x63, 0x08, 0x63, 0x08, 0x63, 0x08, 0x83, 0x08, 0x83, 0x08,
  0x83, 0x08, 0x83, 0x08, 0x83, 0x08, 0x83, 0x08, 0x83, 0x08, 0x83, 0x08, 0x63, 0x08, 0x63, 0x08,
  0x63, 0x08, 0x83, 0x08, 0x83, 0x08, 0x83, 0x08, 0x83, 0x08, 0x83, 0x08, 0x63, 0x08, 0x63, 0x08,
  0x63, 0x08, 0x83, 0x08, 0x83, 0x08, 0x63, 0x08, 0x63, 0x08, 0x63, 0x08, 0x83, 0x08, 0x83, 0x08,
  0x63, 0x08, 0x63, 0x08, 0x83, 0x08, 0x83, 0x08, 0x83, 0x08, 0x83, 0x08, 0x83, 0x08, 0x83, 0x08,
  0x83, 0x08, 0x63, 0x08, 0x63, 0x08, 0x63, 0x08, 0x74, 0x83, 0x5A, 0xA4, 0x07, 0x21, 0x62, 0x00,
  0x83, 0x08, 0x83, 0x08, 0x83, 0x08, 0x63, 0x08, 0x63, 0x08, 0x63, 0x08, 0x83, 0x08, 0x83, 0x08,
  0x83, 0x08, 0x83, 0x08, 0x63, 0x08, 0x83, 0x08, 0x83, 0x08, 0x83, 0x08, 0x63, 0x08, 0x63, 0x08,
  0x63, 0x08, 0x83, 0x08, 0x83, 0x08, 0x83, 0x08, 0x83, 0x08, 0x83, 0x08, 0x83, 0x08, 0x63, 0x08,
  0x63, 0x08, 0x63, 0x08, 0x83, 0x08, 0x83, 0x08, 0x83, 0x08, 0x83, 0x08, 0x83, 0x08, 0x83, 0x08,
  0x63, 0x08, 0x63, 0x08, 0x63, 0x08, 0x63, 0x08, 0x63, 0x08, 0x63, 0x08, 0x63, 0x08, 0x63, 0x08,
  0x63, 0x08, 0x63, 0x08, 0x63, 0x08, 0x63, 0x08, 0x63, 0x08, 0x63, 0x08, 0x63, 0x08, 0x63, 0x08,
  0x63, 0x08, 0x63, 0x08, 0x63, 0x08, 0x63, 0x08, 0x63, 0x08, 0x63, 0x08, 0x63, 0x08, 0x63, 0x08,
  0x63, 0x08, 0x63, 0x08, 0x63, 0x08, 0x63, 0x08, 0x63, 0x08, 0x63, 0x08, 0x63, 0x08, 0x63, 0x08,
  0x63, 0x08, 0x63, 0x08, 0x63, 0x08, 0x63, 0x08, 0x63, 0x08, 0xC7, 0x59, 0xA4, 0x10, 0x63, 0x08,
  0x63, 0x08, 0x83, 0x08, 0x63, 0x08, 0x89, 0x39, 0x73, 0x8B, 0x59, 0xAC, 0x18, 0x94, 0xC5, 0x18,
  0x63, 0x00, 0x83, 0x08, 0x63, 0x08, 0x63, 0x08, 0x63, 0x08, 0x63, 0x08, 0x63, 0x08, 0x63, 0x08,
  0x63, 0x08, 0x63, 0x08, 0x63, 0x08, 0x63, 0x08, 0x63, 0x08, 0x63, 0x08, 0x63, 0x08, 0x63, 0x08,
  0x63, 0x08, 0x63, 0x08, 0x63, 0x08, 0x63, 0x08, 0x63, 0x08, 0x63, 0x08, 0x63, 0x08, 0x63, 0x08,
  0x63, 0x08, 0x63, 0x08, 0x63, 0x08, 0x63, 0x08, 0x63, 0x08, 0x63, 0x08, 0x63, 0x08, 0x63, 0x08,
  0x63, 0x08, 0x63, 0x08, 0x63, 0x08, 0x63, 0x08, 0x63, 0x08, 0x63, 0x08, 0x63, 0x08, 0x63, 0x08,
  0x63, 0x08, 0x63, 0x08, 0x63, 0x08, 0x63, 0x08, 0x63, 0x08, 0x63, 0x08, 0x63, 0x08, 0x63, 0x08,
  0x63, 0x08, 0x63, 0x08, 0x63, 0x08, 0x63, 0x08, 0x63, 0x08, 0x63, 0x08, 0x63, 0x08, 0x63, 0x08,
  0x63, 0x08, 0x63, 0x08, 0x63, 0x08, 0x63, 0x08, 0x63, 0x08, 0x63, 0x08, 0x63, 0x08, 0x63, 0x08,
  0x63, 0x08, 0x63, 0x08, 0x63, 0x08, 0x63, 0x08, 0x63, 0x08, 0x63, 0x08, 0x63, 0x08, 0x63, 0x08,
  0x63, 0x08, 0x63, 0x08, 0x63, 0x08, 0x63, 0x08, 0xB5, 0x8B, 0x9B, 0xAC, 0x27, 0x21, 0x42, 0x00,
  0x83, 0x08, 0x63, 0x08, 0x63, 0x08, 0x63, 0x08, 0x63, 0x08, 0x63, 0x08, 0x63, 0x08, 0x63, 0x08,
  0x63, 0x08, 0x63, 0x08, 0x63, 0x08, 0x63, 0x08, 0x63, 0x08, 0x63, 0x08, 0x63, 0x08, 0x63, 0x08,
  0x63, 0x08, 0x63, 0x08, 0x63, 0x08, 0x63, 0x08, 0x63, 0x08, 0x63, 0x08, 0x63, 0x08, 0x63, 0x08,
  0x63, 0x08, 0x63, 0x08, 0x63, 0x08, 0x63, 0x08, 0x63, 0x08, 0x63, 0x08, 0x63, 0x08, 0x63, 0x08,
  0x63, 0x08, 0x63, 0x08, 0x63, 0x08, 0x63, 0x08, 0x63, 0x08, 0x63, 0x08, 0x63, 0x08, 0x63, 0x08,
  0x63, 0x08, 0x63, 0x08, 0x63, 0x08, 0x63, 0x08, 0x63, 0x08, 0x63, 0x08, 0x63, 0x08, 0x63, 0x08,
  0x63, 0x08, 0x63, 0x08, 0x63, 0x08, 0x63, 0x08, 0x63, 0x08, 0x63, 0x08, 0x63, 0x08, 0x63, 0x08,
  0x63, 0x08, 0x63, 0x08, 0x63, 0x08, 0x63, 0x08, 0x63, 0x08, 0x63, 0x08, 0x63, 0x08, 0x63, 0x08,
  0x63, 0x08, 0x63, 0x08, 0x63, 0x08, 0x63, 0x08, 0x83, 0x08, 0x83, 0x08, 0x63, 0x08, 0x83, 0x08,
  0x63, 0x08, 0x63, 0x08, 0x83, 0x08, 0x42, 0x00, 0x42, 0x00, 0xB5, 0x93, 0xEB, 0x41, 0x21, 0x00,
  0x83, 0x08, 0x63, 0x08, 0x63, 0x08, 0x63, 0x08, 0x63, 0x08, 0x63, 0x08, 0x63, 0x08, 0x63, 0x08,
  0x63, 0x08, 0x63, 0x08, 0x63, 0x08, 0x63, 0x08, 0x63, 0x08, 0x63, 0x08, 0x63, 0x08, 0x63, 0x08,
  0x63, 0x08, 0x63, 0x08, 0x63, 0x08, 0x63, 0x08, 0x63, 0x08, 0x63, 0x08, 0x63, 0x08, 0x63, 0x08,
  0x63, 0x08, 0x63, 0x08, 0x63, 0x08, 0x63, 0x08, 0x63, 0x08, 0x63, 0x08, 0x63, 0x08, 0x63, 0x08,
  0x63, 0x08, 0x63, 0x08, 0x63, 0x08, 0x63, 0x08, 0x63, 0x08, 0x63, 0x08, 0x63, 0x08, 0x63, 0x08,
  0x63, 0x08, 0x63, 0x08, 0x63, 0x08, 0x63, 0x08, 0x63, 0x08, 0x63, 0x08, 0x63, 0x08, 0x63, 0x08,
  0x63, 0x08, 0x63, 0x08, 0x63, 0x08, 0x63, 0x08, 0x63, 0x08, 0x63, 0x08, 0x63, 0x08, 0x63, 0x08,
  0x63, 0x08, 0x63, 0x08, 0x63, 0x08, 0x63, 0x08, 0x63, 0x08, 0x63, 0x08, 0x63, 0x08, 0x63, 0x08,
  0x63, 0x08, 0x63, 0x08, 0x63, 0x08, 0x63, 0x08, 0x63, 0x08, 0x63, 0x08, 0x63, 0x08, 0x63, 0x08,
  0x63, 0x08, 0x63, 0x08, 0x63, 0x08, 0x63, 0x08, 0x68, 0x29, 0xAA, 0x39, 0xA4, 0x10, 0x63, 0x08,
  0x63, 0x08, 0x63, 0x08, 0x63, 0x08, 0x63, 0x08, 0x63, 0x08, 0x63, 0x08, 0x63, 0x08, 0x63, 0x08,
  0x63, 0x08, 0x63, 0x08, 0x63, 0x08, 0x63, 0x08, 0x63, 0x08, 0x63, 0x08, 0x63, 0x08, 0x63, 0x08,
  0x63, 0x08, 0x63, 0x08, 0x63, 0x08, 0x63, 0x08, 0x63, 0x08, 0x63, 0x08, 0x63, 0x08, 0x63, 0x08,
  0x63, 0x08, 0x63, 0x08, 0x63, 0x08, 0x63, 0x08, 0x63, 0x08, 0x63, 0x08, 0x63, 0x08, 0x63, 0x08,
  0x63, 0x08, 0x63, 0x08, 0x63, 0x08, 0x63, 0x08, 0x63, 0x08, 0x63, 0x08, 0x63, 0x08, 0x63, 0x08,
  0x63, 0x08, 0x63, 0x08, 0x63, 0x08, 0x63, 0x08, 0x63, 0x08, 0x63, 0x08, 0x63, 0x08, 0x63, 0x08,
  0x63, 0x08, 0x63, 0x08, 0x63, 0x08, 0x63, 0x08, 0x63, 0x08, 0x63, 0x08, 0x63, 0x08, 0x63, 0x08,
  0x63, 0x08, 0x63, 0x08, 0x63, 0x08, 0x63, 0x08, 0x63, 0x08, 0x63, 0x08, 0x63, 0x08, 0x63, 0x08,
  0x63, 0x08, 0x63, 0x08, 0x63, 0x08, 0x63, 0x08, 0x63, 0x08, 0x63, 0x08, 0x83, 0x08, 0x63, 0x08,
  0x63, 0x08, 0x63, 0x08, 0x63, 0x08, 0x83, 0x08, 0x83, 0x08, 0x48, 0x29, 0x63, 0x08, 0x63, 0x08,
  0x63, 0x08, 0x63, 0x08, 0x63, 0x08, 0x63, 0x08, 0x63, 0x08, 0x63, 0x08, 0x63, 0x08, 0x63, 0x08,
  0x63, 0x08, 0x63, 0x08, 0x63, 0x08, 0x63, 0x08, 0x63, 0x08, 0x63, 0x08, 0x63, 0x08, 0x63, 0x08,
  0x63, 0x08, 0x63, 0x08, 0x63, 0x08, 0x63, 0x08, 0x63, 0x08, 0x63, 0x08, 0x63, 0x08, 0x63, 0x08,
  0x63, 0x08, 0x63, 0x08, 0x63, 0x08, 0x63, 0x08, 0x63, 0x08, 0x63, 0x08, 0x63, 0x08, 0x63, 0x08,
  0x63, 0x08, 0x63, 0x08, 0x63, 0x08, 0x63, 0x08, 0x63, 0x08, 0x63, 0x08, 0x63, 0x08, 0x63, 0x08,
  0x63, 0x08, 0x63, 0x08, 0x63, 0x08, 0x63, 0x08, 0x63, 0x08, 0x63, 0x08, 0x63, 0x08, 0x63, 0x08,
  0x63, 0x08, 0x63, 0x08, 0x63, 0x08, 0x63, 0x08, 0x63, 0x08, 0x63, 0x08, 0x63, 0x08, 0x63, 0x08,
  0x63, 0x08, 0x63, 0x08, 0x63, 0x08, 0x63, 0x08, 0x63, 0x08, 0x63, 0x08, 0x63, 0x08, 0x63, 0x08,
  0x63, 0x08, 0x63, 0x08, 0x63, 0x08, 0x63, 0x08, 0x63, 0x08, 0x63, 0x08, 0x63, 0x08, 0x63, 0x08,
  0x63, 0x08, 0x63, 0x08, 0x63, 0x08, 0x63, 0x08, 0x42, 0x00, 0x42, 0x00, 0x63, 0x08, 0x63, 0x08,
  0x63, 0x08, 0x63, 0x08, 0x63, 0x08, 0x63, 0x08, 0x63, 0x08, 0x63, 0x08, 0x63, 0x08, 0x63, 0x08,
  0x63, 0x08, 0x63, 0x08, 0x63, 0x08, 0x63, 0x08, 0x63, 0x08, 0x63, 0x08, 0x63, 0x08, 0x63, 0x08,
  0x63, 0x08, 0x63, 0x08, 0x63, 0x08, 0x63, 0x08, 0x63, 0x08, 0x63, 0x08, 0x63, 0x08, 0x63, 0x08,
  0x63, 0x08, 0x63, 0x08, 0x63, 0x08, 0x63, 0x08, 0x63, 0x08, 0x63, 0x08, 0x63, 0x08, 0x63, 0x08,
  0x63, 0x08, 0x63, 0x08, 0x63, 0x08, 0x63, 0x08, 0x63, 0x08, 0x63, 0x08, 0x63, 0x08, 0x63, 0x08,
  0x63, 0x08, 0x63, 0x08, 0x63, 0x08, 0x63, 0x08, 0x63, 0x08, 0x63, 0x08, 0x63, 0x08, 0x63, 0x08,
  0x63, 0x08, 0x63, 0x08, 0x63, 0x08, 0x63, 0x08, 0x63, 0x08, 0x63, 0x08, 0x63, 0x08, 0x63, 0x08,
  0x63, 0x08, 0x63, 0x08, 0x63, 0x08, 0x63, 0x08, 0x63, 0x08, 0x63, 0x08, 0x63, 0x08, 0x63, 0x08,
  0x63, 0x08, 0x63, 0x08, 0x63, 0x08, 0x63, 0x08, 0x63, 0x08, 0x63, 0x08, 0x63, 0x08, 0x63, 0x08,
  0x63, 0x08, 0x63, 0x08, 0x63, 0x08, 0x63, 0x08, 0x83, 0x08, 0x63, 0x00, 0x63, 0x08, 0x63, 0x08,
  0x63, 0x08, 0x63, 0x08, 0x63, 0x08, 0x63, 0x08, 0x63, 0x08, 0x63, 0x08, 0x63, 0x08, 0x63, 0x08,
  0x63, 0x08, 0x63, 0x08, 0x63, 0x08, 0x63, 0x08, 0x63, 0x08, 0x63, 0x08, 0x63, 0x08, 0x63, 0x08,
  0x63, 0x08, 0x63, 0x08, 0x63, 0x08, 0x63, 0x08, 0x63, 0x08, 0x63, 0x08, 0x63, 0x08, 0x63, 0x08,
  0x63, 0x08, 0x63, 0x08, 0x63, 0x08, 0x63, 0x08, 0x63, 0x08, 0x63, 0x08, 0x63, 0x08, 0x63, 0x08,
  0x63, 0x08, 0x63, 0x08, 0x63, 0x08, 0x63, 0x08, 0x63, 0x08, 0x63, 0x08, 0x63, 0x08, 0x63, 0x08,
  0x63, 0x08, 0x63, 0x08, 0x63, 0x08, 0x63, 0x08, 0x63, 0x08, 0x63, 0x08, 0x63, 0x08, 0x63, 0x08,
  0x63, 0x08, 0x63, 0x08, 0x63, 0x08, 0x63, 0x08, 0x63, 0x08, 0x63, 0x08, 0x63, 0x08, 0x63, 0x08,
  0x63, 0x08, 0x63, 0x08, 0x63, 0x08, 0x63, 0x08, 0x63, 0x08, 0x63, 0x08, 0x63, 0x08, 0x63, 0x08,
  0x63, 0x08, 0x63, 0x08, 0x63, 0x08, 0x63, 0x08, 0x63, 0x08, 0x63, 0x08, 0x63, 0x08, 0x63, 0x08,
  0x63, 0x08, 0x63, 0x08, 0x63, 0x08, 0x63, 0x08, 0x83, 0x08, 0x83, 0x08, 0x63, 0x08, 0x63, 0x08,
  0x63, 0x08, 0x63, 0x08, 0x63, 0x08, 0x63, 0x08, 0x63, 0x08, 0x63, 0x08, 0x63, 0x08, 0x63, 0x08,
  0x63, 0x08, 0x63, 0x08, 0x63, 0x08, 0x63, 0x08, 0x63, 0x08, 0x63, 0x08, 0x63, 0x08, 0x63, 0x08,
  0x63, 0x08, 0x63, 0x08, 0x63, 0x08, 0x63, 0x08, 0x63, 0x08, 0x63, 0x08, 0x63, 0x08, 0x63, 0x08,
  0x63, 0x08, 0x63, 0x08, 0x63, 0x08, 0x63, 0x08, 0x63, 0x08, 0x63, 0x08, 0x63, 0x08, 0x63, 0x08,
  0x63, 0x08, 0x63, 0x08, 0x63, 0x08, 0x63, 0x08, 0x63, 0x08, 0x63, 0x08, 0x63, 0x08, 0x63, 0x08,
  0x63, 0x08, 0x63, 0x08, 0x63, 0x08, 0x63, 0x08, 0x63, 0x08, 0x63, 0x08, 0x63, 0x08, 0x63, 0x08,
  0x63, 0x08, 0x63, 0x08, 0x63, 0x08, 0x63, 0x08, 0x63, 0x08, 0x63, 0x08, 0x63, 0x08, 0x63, 0x08,
  0x63, 0x08, 0x63, 0x08, 0x63, 0x08, 0x63, 0x08, 0x63, 0x08, 0x63, 0x08, 0x63, 0x08, 0x63, 0x08,
  0x63, 0x08, 0x63, 0x08, 0x63, 0x08, 0x63, 0x08, 0x63, 0x08, 0x63, 0x08, 0x63, 0x08, 0x63, 0x08,
  0x63, 0x08, 0x63, 0x08, 0x63, 0x08, 0x63, 0x08, 0x63, 0x08, 0x83, 0x08, 0x63, 0x08, 0x63, 0x08,
  0x63, 0x08, 0x63, 0x08, 0x63, 0x08, 0x63, 0x08, 0x63, 0x08, 0x63, 0x08, 0x63, 0x08, 0x63, 0x08,
  0x63, 0x08, 0x63, 0x08, 0x63, 0x08, 0x63, 0x08, 0x63, 0x08, 0x63, 0x08, 0x63, 0x08, 0x63, 0x08,
  0x63, 0x08, 0x63, 0x08, 0x63, 0x08, 0x63, 0x08, 0x63, 0x08, 0x63, 0x08, 0x63, 0x08, 0x63, 0x08,
  0x63, 0x08, 0x63, 0x08, 0x63, 0x08, 0x63, 0x08, 0x63, 0x08, 0x63, 0x08, 0x63, 0x08, 0x63, 0x08,
  0x63, 0x08, 0x63, 0x08, 0x63, 0x08, 0x63, 0x08, 0x63, 0x08, 0x63, 0x08, 0x63, 0x08, 0x63, 0x08,
  0x63, 0x08, 0x63, 0x08, 0x63, 0x08, 0x63, 0x08, 0x63, 0x08, 0x63, 0x08, 0x63, 0x08, 0x63, 0x08,
  0x63, 0x08, 0x63, 0x08, 0x63, 0x08, 0x63, 0x08, 0x63, 0x08, 0x63, 0x08, 0x63, 0x08, 0x63, 0x08,
  0x63, 0x08, 0x63, 0x08, 0x63, 0x08, 0x63, 0x08, 0x63, 0x08, 0x63, 0x08, 0x63, 0x08, 0x63, 0x08,
  0x63, 0x08, 0x63, 0x08, 0x63, 0x08, 0x63, 0x08, 0x63, 0x08, 0x63, 0x08, 0x63, 0x08, 0x63, 0x08,
  0x63, 0x08, 0x63, 0x08, 0x63, 0x08, 0x63, 0x08, 0x63, 0x08, 0x63, 0x08, 0x63, 0x08, 0x63, 0x08,
  0x63, 0x08, 0x63, 0x08, 0x63, 0x08, 0x63, 0x08, 0x63, 0x08, 0x63, 0x08, 0x63, 0x08, 0x63, 0x08,
  0x63, 0x08, 0x63, 0x08, 0x63, 0x08, 0x63, 0x08, 0x63, 0x08, 0x63, 0x08, 0x63, 0x08, 0x63, 0x08,
  0x63, 0x08, 0x63, 0x08, 0x63, 0x08, 0x63, 0x08, 0x63, 0x08, 0x63, 0x08, 0x63, 0x08, 0x63, 0x08,
  0x63, 0x08, 0x63, 0x08, 0x63, 0x08, 0x63, 0x08, 0x63, 0x08, 0x63, 0x08, 0x63, 0x08, 0x63, 0x08,
  0x63, 0x08, 0x63, 0x08, 0x63, 0x08, 0x63, 0x08, 0x63, 0x08, 0x63, 0x08, 0x63, 0x08, 0x63, 0x08,
  0x63, 0x08, 0x63, 0x08, 0x63, 0x08, 0x63, 0x08, 0x63, 0x08, 0x63, 0x08, 0x63, 0x08, 0x63, 0x08,
  0x63, 0x08, 0x63, 0x08, 0x63, 0x08, 0x63, 0x08, 0x63, 0x08, 0x63, 0x08, 0x63, 0x08, 0x63, 0x08,
  0x63, 0x08, 0x63, 0x08, 0x63, 0x08, 0x63, 0x08, 0x63, 0x08, 0x63, 0x08, 0x63, 0x08, 0x63, 0x08,
  0x63, 0x08, 0x63, 0x08, 0x63, 0x08, 0x63, 0x08, 0x63, 0x08, 0x63, 0x08, 0x63, 0x08, 0x63, 0x08,
  0x63, 0x08, 0x63, 0x08, 0x63, 0x08, 0x63, 0x08, 0x63, 0x08, 0x63, 0x08, 0x63, 0x08, 0x63, 0x08,
  0x63, 0x08, 0x63, 0x08, 0x63, 0x08, 0x63, 0x08, 0x63, 0x08, 0x63, 0x08, 0x63, 0x08, 0x63, 0x08,
  0x63, 0x08, 0x63, 0x08, 0x63, 0x08, 0x63, 0x08, 0x63, 0x08, 0x63, 0x08, 0x63, 0x08, 0x63, 0x08,
  0x63, 0x08, 0x63, 0x08, 0x63, 0x08, 0x63, 0x08, 0x63, 0x08, 0x63, 0x08, 0x63, 0x08, 0x63, 0x08,
  0x63, 0x08, 0x63, 0x08, 0x63, 0x08, 0x63, 0x08, 0x63, 0x08, 0x63, 0x08, 0x63, 0x08, 0x63, 0x08,
  0x63, 0x08, 0x63, 0x08, 0x63, 0x08, 0x63, 0x08, 0x63, 0x08, 0x63, 0x08, 0x63, 0x08, 0x63, 0x08,
  0x63, 0x08, 0x63, 0x08, 0x63, 0x08, 0x63, 0x08, 0x63, 0x08, 0x63, 0x08, 0x63, 0x08, 0x63, 0x08,
  0x63, 0x08, 0x63, 0x08, 0x63, 0x08, 0x63, 0x08, 0x63, 0x08, 0x63, 0x08, 0x63, 0x08, 0x63, 0x08,
  0x63, 0x08, 0x63, 0x08, 0x63, 0x08, 0x63, 0x08, 0x63, 0x08, 0x63, 0x08, 0x63, 0x08, 0x63, 0x08,
  0x63, 0x08, 0x63, 0x08, 0x63, 0x08, 0x63, 0x08, 0x63, 0x08, 0x63, 0x08, 0x63, 0x08, 0x63, 0x08,
  0x63, 0x08, 0x63, 0x08, 0x63, 0x08, 0x63, 0x08, 0x63, 0x08, 0x63, 0x08, 0x63, 0x08, 0x63, 0x08,
  0x63, 0x08, 0x63, 0x08, 0x63, 0x08, 0x63, 0x08, 0x63, 0x08, 0x63, 0x08, 0x63, 0x08, 0x63, 0x08,
  0x63, 0x08, 0x63, 0x08, 0x63, 0x08, 0x63, 0x08, 0x63, 0x08, 0x63, 0x08, 0x63, 0x08, 0x63, 0x08,
  0x63, 0x08, 0x63, 0x08, 0x63, 0x08, 0x63, 0x08, 0x63, 0x08, 0x63, 0x08, 0x63, 0x08, 0x63, 0x08,
  0x63, 0x08, 0x63, 0x08, 0x63, 0x08, 0x63, 0x08, 0x63, 0x08, 0x63, 0x08, 0x63, 0x08, 0x63, 0x08,
  0x63, 0x08, 0x63, 0x08, 0x63, 0x08, 0x63, 0x08, 0x63, 0x08, 0x63, 0x08, 0x63, 0x08, 0x63, 0x08,
  0x63, 0x08, 0x63, 0x08, 0x63, 0x08, 0x63, 0x08, 0x63, 0x08, 0x63, 0x08, 0x63, 0x08, 0x63, 0x08,
  0x63, 0x08, 0x63, 0x08, 0x63, 0x08, 0x63, 0x08, 0x63, 0x08, 0x63, 0x08, 0x63, 0x08, 0x63, 0x08,
  0x63, 0x08, 0x63, 0x08, 0x63, 0x08, 0x63, 0x08, 0x63, 0x08, 0x63, 0x08, 0x63, 0x08, 0x63, 0x08,
  0x63, 0x08, 0x63, 0x08, 0x63, 0x08, 0x63, 0x08, 0x63, 0x08, 0x63, 0x08, 0x63, 0x08, 0x63, 0x08,
  0x63, 0x08, 0x63, 0x08, 0x63, 0x08, 0x63, 0x08, 0x63, 0x08, 0x63, 0x08, 0x63, 0x08, 0x63, 0x08,
  0x63, 0x08, 0x63, 0x08, 0x63, 0x08, 0x63, 0x08, 0x63, 0x08, 0x63, 0x08, 0x63, 0x08, 0x63, 0x08,
  0x63, 0x08, 0x63, 0x08, 0x63, 0x08, 0x63, 0x08, 0x63, 0x08, 0x63, 0x08, 0x63, 0x08, 0x63, 0x08,
  0x63, 0x08, 0x63, 0x08, 0x63, 0x08, 0x63, 0x08, 0x63, 0x08, 0x63, 0x08, 0x63, 0x08, 0x63, 0x08,
  0x63, 0x08, 0x63, 0x08, 0x63, 0x08, 0x63, 0x08, 0x63, 0x08, 0x63, 0x08, 0x63, 0x08, 0x63, 0x08,
  0x63, 0x08, 0x63, 0x08, 0x63, 0x08, 0x63, 0x08, 0x63, 0x08, 0x63, 0x08, 0x63, 0x08, 0x63, 0x08,
  0x63, 0x08, 0x63, 0x08, 0x63, 0x08, 0x63, 0x08, 0x63, 0x08, 0x63, 0x08, 0x63, 0x08, 0x63, 0x08,
  0x63, 0x08, 0x63, 0x08, 0x63, 0x08, 0x63, 0x08, 0x63, 0x08, 0x63, 0x08, 0x63, 0x08, 0x63, 0x08,
  0x63, 0x08, 0x63, 0x08, 0x63, 0x08, 0x63, 0x08, 0x63, 0x08, 0x63, 0x08, 0x63, 0x08, 0x63, 0x08,
  0x63, 0x08, 0x63, 0x08, 0x63, 0x08, 0x63, 0x08, 0x63, 0x08, 0x63, 0x08, 0x63, 0x08, 0x63, 0x08,
  0x63, 0x08, 0x63, 0x08, 0x63, 0x08, 0x63, 0x08, 0x63, 0x08, 0x63, 0x08, 0x63, 0x08, 0x63, 0x08,
  0x63, 0x08, 0x63, 0x08, 0x63, 0x08, 0x63, 0x08, 0x63, 0x08, 0x63, 0x08, 0x63, 0x08, 0x63, 0x08,
  0x63, 0x08, 0x63, 0x08, 0x63, 0x08, 0x63, 0x08, 0x63, 0x08, 0x63, 0x08, 0x63, 0x08, 0x63, 0x08,
  0x63, 0x08, 0x63, 0x08, 0x63, 0x08, 0x63, 0x08, 0x63, 0x08, 0x63, 0x08, 0x63, 0x08, 0x63, 0x08,
  0x63, 0x08, 0x63, 0x08, 0x63, 0x08, 0x63, 0x08, 0x63, 0x08, 0x63, 0x08, 0x63, 0x08, 0x63, 0x08,
  0x63, 0x08, 0x63, 0x08, 0x63, 0x08, 0x63, 0x08, 0x63, 0x08, 0x63, 0x08, 0x63, 0x08, 0x63, 0x08,
  0x63, 0x08, 0x63, 0x08, 0x63, 0x08, 0x63, 0x08, 0x63, 0x08, 0x63, 0x08, 0x63, 0x08, 0x63, 0x08,
  0x63, 0x08, 0x63, 0x08, 0x63, 0x08, 0x63, 0x08, 0x63, 0x08, 0x63, 0x08, 0x63, 0x08, 0x63, 0x08,
  0x63, 0x08, 0x63, 0x08, 0x63, 0x08, 0x63, 0x08, 0x63, 0x08, 0x63, 0x08, 0x63, 0x08, 0x63, 0x08,
  0x63, 0x08, 0x63, 0x08, 0x63, 0x08, 0x63, 0x08, 0x63, 0x08, 0x63, 0x08, 0x63, 0x08, 0x63, 0x08,
  0x63, 0x08, 0x63, 0x08, 0x63, 0x08, 0x63, 0x08, 0x63, 0x08, 0x63, 0x08, 0x63, 0x08, 0x63, 0x08,
  0x63, 0x08, 0x63, 0x08, 0x63, 0x08, 0x63, 0x08, 0x63, 0x08, 0x63, 0x08, 0x63, 0x08, 0x63, 0x08,
  0x63, 0x08, 0x63, 0x08, 0x63, 0x08, 0x63, 0x08, 0x63, 0x08, 0x63, 0x08, 0x63, 0x08, 0x63, 0x08,
  0x63, 0x08, 0x63, 0x08, 0x63, 0x08, 0x63, 0x08, 0x63, 0x08, 0x63, 0x08, 0x63, 0x08, 0x63, 0x08,
  0x63, 0x08, 0x63, 0x08, 0x63, 0x08, 0x63, 0x08, 0x63, 0x08, 0x63, 0x08, 0x63, 0x08, 0x63, 0x08,
  0x63, 0x08, 0x63, 0x08, 0x63, 0x08, 0x63, 0x08, 0x63, 0x08, 0x63, 0x08, 0x63, 0x08, 0x63, 0x08,
  0x63, 0x08, 0x63, 0x08, 0x63, 0x08, 0x63, 0x08, 0x63, 0x08, 0x63, 0x08, 0x63, 0x08, 0x63, 0x08,
  0x63, 0x08, 0x63, 0x08, 0x63, 0x08, 0x63, 0x08, 0x63, 0x08, 0x63, 0x08, 0x63, 0x08, 0x63, 0x08,
  0x63, 0x08, 0x63, 0x08, 0x63, 0x08, 0x63, 0x08, 0x63, 0x08, 0x63, 0x08, 0x63, 0x08, 0x63, 0x08,
  0x63, 0x08, 0x63, 0x08, 0x63, 0x08, 0x63, 0x08, 0x63, 0x08, 0x63, 0x08, 0x63, 0x08, 0x63, 0x08,
  0x63, 0x08, 0x63, 0x08, 0x63, 0x08, 0x63, 0x08, 0x63, 0x08, 0x63, 0x08, 0x63, 0x08, 0x63, 0x08,
  0x63, 0x08, 0x63, 0x08, 0x63, 0x08, 0x63, 0x08, 0x63, 0x08, 0x63, 0x08, 0x63, 0x08, 0x63, 0x08,
  0x63, 0x08, 0x63, 0x08, 0x63, 0x08, 0x63, 0x08, 0x63, 0x08, 0x63, 0x08, 0x63, 0x08, 0x63, 0x08,
  0x63, 0x08, 0x63, 0x08, 0x63, 0x08, 0x63, 0x08, 0x63, 0x08, 0x63, 0x08, 0x63, 0x08, 0x63, 0x08,
  0x63, 0x08, 0x63, 0x08, 0x63, 0x08, 0x63, 0x08, 0x63, 0x08, 0x63, 0x08, 0x63, 0x08, 0x63, 0x08,
  0x63, 0x08, 0x63, 0x08, 0x63, 0x08, 0x63, 0x08, 0x63, 0x08, 0x63, 0x08, 0x63, 0x08, 0x63, 0x08,
  0x63, 0x08, 0x63, 0x08, 0x63, 0x08, 0x63, 0x08, 0x63, 0x08, 0x63, 0x08, 0x63, 0x08, 0x63, 0x08,
  0x63, 0x08, 0x63, 0x08, 0x63, 0x08, 0x63, 0x08, 0x63, 0x08, 0x63, 0x08, 0x63, 0x08, 0x63, 0x08,
  0x63, 0x08, 0x63, 0x08, 0x63, 0x08, 0x63, 0x08, 0x63, 0x08, 0x63, 0x08, 0x63, 0x08, 0x63, 0x08,
  0x63, 0x08, 0x63, 0x08, 0x63, 0x08, 0x63, 0x08, 0x63, 0x08, 0x63, 0x08, 0x63, 0x08, 0x63, 0x08,
  0x63, 0x08, 0x63, 0x08, 0x63, 0x08, 0x63, 0x08, 0x63, 0x08, 0x63, 0x08, 0x63, 0x08, 0x63, 0x08,
  0x63, 0x08, 0x63, 0x08, 0x63, 0x08, 0x63, 0x08, 0x63, 0x08, 0x63, 0x08, 0x63, 0x08, 0x63, 0x08,
  0x63, 0x08, 0x63, 0x08, 0x63, 0x08, 0x63, 0x08, 0x63, 0x08, 0x63, 0x08, 0x63, 0x08, 0x63, 0x08,
  0x63, 0x08, 0x63, 0x08, 0x63, 0x08, 0x63, 0x08, 0x63, 0x08, 0x63, 0x08, 0x63, 0x08, 0x63, 0x08,
  0x63, 0x08, 0x63, 0x08, 0x63, 0x08, 0x63, 0x08, 0x63, 0x08, 0x63, 0x08, 0x63, 0x08, 0x63, 0x08,
  0x63, 0x08, 0x63, 0x08, 0x63, 0x08, 0x63, 0x08, 0x63, 0x08, 0x63, 0x08, 0x63, 0x08, 0x63, 0x08,
  0x63, 0x08, 0x63, 0x08, 0x63, 0x08, 0x63, 0x08, 0x63, 0x08, 0x63, 0x08, 0x63, 0x08, 0x63, 0x08,
  0x63, 0x08, 0x63, 0x08, 0x63, 0x08, 0x63, 0x08, 0x63, 0x08, 0x63, 0x08, 0x63, 0x08, 0x63, 0x08,
  0x63, 0x08, 0x63, 0x08, 0x63, 0x08, 0x63, 0x08, 0x63, 0x08, 0x63, 0x08, 0x63, 0x08, 0x63, 0x08,
  0x63, 0x08, 0x63, 0x08, 0x63, 0x08, 0x63, 0x08, 0x63, 0x08, 0x63, 0x08, 0x63, 0x08, 0x63, 0x08,
  0x63, 0x08, 0x63, 0x08, 0x63, 0x08, 0x63, 0x08, 0x63, 0x08, 0x63, 0x08, 0x63, 0x08, 0x63, 0x08,
  0x63, 0x08, 0x63, 0x08, 0x63, 0x08, 0x63, 0x08, 0x63, 0x08, 0x63, 0x08, 0x63, 0x08, 0x63, 0x08,
  0x63, 0x08, 0x63, 0x08, 0x63, 0x08, 0x63, 0x08, 0x63, 0x08, 0x63, 0x08, 0x63, 0x08, 0x63, 0x08,
  0x63, 0x08, 0x63, 0x08, 0x63, 0x08, 0x63, 0x08, 0x63, 0x08, 0x63, 0x08, 0x63, 0x08, 0x63, 0x08,
  0x63, 0x08, 0x63, 0x08, 0x63, 0x08, 0x63, 0x08, 0x63, 0x08, 0x63, 0x08, 0x63, 0x08, 0x63, 0x08,
  0x63, 0x08, 0x63, 0x08, 0x63, 0x08, 0x63, 0x08, 0x63, 0x08, 0x63, 0x08, 0x63, 0x08, 0x63, 0x08,
  0x63, 0x08, 0x63, 0x08, 0x63, 0x08, 0x63, 0x08, 0x63, 0x08, 0x63, 0x08, 0x63, 0x08, 0x63, 0x08,
  0x63, 0x08, 0x63, 0x08, 0x63, 0x08, 0x63, 0x08, 0x63, 0x08, 0x63, 0x08, 0x63, 0x08, 0x63, 0x08,
  0x63, 0x08, 0x63, 0x08, 0x63, 0x08, 0x63, 0x08, 0x63, 0x08, 0x63, 0x08, 0x63, 0x08, 0x63, 0x08,
  0x63, 0x08, 0x63, 0x08, 0x63, 0x08, 0x63, 0x08, 0x63, 0x08, 0x63, 0x08, 0x63, 0x08, 0x63, 0x08,
  0x63, 0x08, 0x63, 0x08, 0x63, 0x08, 0x63, 0x08, 0x63, 0x08, 0x63, 0x08, 0x63, 0x08, 0x63, 0x08,
  0x63, 0x08, 0x63, 0x08, 0x63, 0x08, 0x63, 0x08, 0x63, 0x08, 0x63, 0x08, 0x63, 0x08, 0x63, 0x08,
  0x63, 0x08, 0x63, 0x08, 0x63, 0x08, 0x63, 0x08, 0x63, 0x08, 0x63, 0x08, 0x63, 0x08, 0x63, 0x08,
  0x63, 0x08, 0x63, 0x08, 0x63, 0x08, 0x63, 0x08, 0x63, 0x08, 0x63, 0x08, 0x63, 0x08, 0x63, 0x08,
  0x63, 0x08, 0x63, 0x08, 0x63, 0x08, 0x63, 0x08, 0x63, 0x08, 0x63, 0x08, 0x63, 0x08, 0x63, 0x08,
  0x63, 0x08, 0x63, 0x08, 0x63, 0x08, 0x63, 0x08, 0x63, 0x08, 0x63, 0x08, 0x63, 0x08, 0x63, 0x08,
  0x63, 0x08, 0x63, 0x08, 0x63, 0x08, 0x63, 0x08, 0x63, 0x08, 0x63, 0x08, 0x63, 0x08, 0x63, 0x08,
  0x63, 0x08, 0x63, 0x08, 0x63, 0x08, 0x63, 0x08, 0x63, 0x08, 0x63, 0x08, 0x63, 0x08, 0x63, 0x08,
  0x63, 0x08, 0x63, 0x08, 0x63, 0x08, 0x63, 0x08, 0x63, 0x08, 0x63, 0x08, 0x63, 0x08, 0x63, 0x08,
  0x63, 0x08, 0x63, 0x08, 0x63, 0x08, 0x63, 0x08, 0x63, 0x08, 0x63, 0x08, 0x63, 0x08, 0x63, 0x08,
  0x63, 0x08, 0x63, 0x08, 0x63, 0x08, 0x63, 0x08, 0x63, 0x08, 0x63, 0x08, 0x63, 0x08, 0x63, 0x08,
  0x63, 0x08, 0x63, 0x08, 0x63, 0x08, 0x63, 0x08, 0x63, 0x08, 0x63, 0x08, 0x63, 0x08, 0x63, 0x08,
  0x63, 0x08, 0x63, 0x08, 0x63, 0x08, 0x63, 0x08, 0x63, 0x08, 0x63, 0x08, 0x63, 0x08, 0x63, 0x08,
  0x63, 0x08, 0x63, 0x08, 0x63, 0x08, 0x63, 0x08, 0x63, 0x08, 0x63, 0x08, 0x63, 0x08, 0x63, 0x08,
  0x63, 0x08, 0x63, 0x08, 0x63, 0x08, 0x63, 0x08, 0x63, 0x08, 0x63, 0x08, 0x63, 0x08, 0x63, 0x08,
  0x63, 0x08, 0x63, 0x08, 0x63, 0x08, 0x63, 0x08, 0x63, 0x08, 0x63, 0x08, 0x63, 0x08, 0x63, 0x08,
  0x63, 0x08, 0x63, 0x08, 0x63, 0x08, 0x63, 0x08, 0x63, 0x08, 0x63, 0x08, 0x63, 0x08, 0x63, 0x08,
  0x63, 0x08, 0x63, 0x08, 0x63, 0x08, 0x63, 0x08, 0x63, 0x08, 0x63, 0x08, 0x63, 0x08, 0x63, 0x08,
  0x63, 0x08, 0x63, 0x08, 0x63, 0x08, 0x63, 0x08, 0x63, 0x08, 0x63, 0x08, 0x63, 0x08, 0x63, 0x08,
  0x63, 0x08, 0x63, 0x08, 0x63, 0x08, 0x63, 0x08, 0x63, 0x08, 0x63, 0x08, 0x63, 0x08, 0x63, 0x08,
  0x63, 0x08, 0x63, 0x08, 0x63, 0x08, 0x63, 0x08, 0x63, 0x08, 0x63, 0x08, 0x63, 0x08, 0x63, 0x08,
  0x63, 0x08, 0x63, 0x08, 0x63, 0x08, 0x63, 0x08, 0x63, 0x08, 0x63, 0x08, 0x63, 0x08, 0x63, 0x08,
  0x63, 0x08, 0x63, 0x08, 0x63, 0x08, 0x63, 0x08, 0x63, 0x08, 0x63, 0x08, 0x63, 0x08, 0x63, 0x08,
  0x63, 0x08, 0x63, 0x08, 0x63, 0x08, 0x63, 0x08, 0x63, 0x08, 0x63, 0x08, 0x63, 0x08, 0x63, 0x08,
  0x63, 0x08, 0x63, 0x08, 0x63, 0x08, 0x63, 0x08, 0x63, 0x08, 0x63, 0x08, 0x63, 0x08, 0x63, 0x08,
  0x63, 0x08, 0x63, 0x08, 0x63, 0x08, 0x63, 0x08, 0x63, 0x08, 0x63, 0x08, 0x63, 0x08, 0x63, 0x08,
  0x63, 0x08, 0x63, 0x08, 0x63, 0x08, 0x63, 0x08, 0x63, 0x08, 0x63, 0x08, 0x63, 0x08, 0x63, 0x08,
  0x63, 0x08, 0x63, 0x08, 0x63, 0x08, 0x63, 0x08, 0x63, 0x08, 0x63, 0x08, 0x63, 0x08, 0x63, 0x08,
  0x63, 0x08, 0x63, 0x08, 0x63, 0x08, 0x63, 0x08, 0x63, 0x08, 0x63, 0x08, 0x63, 0x08, 0x63, 0x08,
  0x63, 0x08, 0x63, 0x08, 0x63, 0x08, 0x63, 0x08, 0x63, 0x08, 0x63, 0x08, 0x63, 0x08, 0x63, 0x08,
  0x63, 0x08, 0x63, 0x08, 0x63, 0x08, 0x63, 0x08, 0x63, 0x08, 0x63, 0x08, 0x63, 0x08, 0x63, 0x08,
  0x63, 0x08, 0x63, 0x08, 0x63, 0x08, 0x63, 0x08, 0x63, 0x08, 0x63, 0x08, 0x63, 0x08, 0x63, 0x08,
  0x63, 0x08, 0x63, 0x08, 0x63, 0x08, 0x63, 0x08, 0x63, 0x08, 0x63, 0x08, 0x63, 0x08, 0x63, 0x08,
  0x63, 0x08, 0x63, 0x08, 0x63, 0x08, 0x63, 0x08, 0x63, 0x08, 0x63, 0x08, 0x63, 0x08, 0x63, 0x08,
  0x63, 0x08, 0x63, 0x08, 0x63, 0x08, 0x63, 0x08, 0x63, 0x08, 0x63, 0x08, 0x63, 0x08, 0x63, 0x08,
  0x63, 0x08, 0x63, 0x08, 0x63, 0x08, 0x63, 0x08, 0x63, 0x08, 0x63, 0x08, 0x63, 0x08, 0x63, 0x08,
  0x63, 0x08, 0x63, 0x08, 0x63, 0x08, 0x63, 0x08, 0x63, 0x08, 0x63, 0x08, 0x63, 0x08, 0x63, 0x08,
  0x63, 0x08, 0x63, 0x08, 0x63, 0x08, 0x63, 0x08, 0x63, 0x08, 0x63, 0x08, 0x63, 0x08, 0x63, 0x08,
  0x63, 0x08, 0x63, 0x08, 0x63, 0x08, 0x63, 0x08, 0x63, 0x08, 0x63, 0x08, 0x63, 0x08, 0x63, 0x08,
  0x63, 0x08, 0x63, 0x08, 0x63, 0x08, 0x63, 0x08, 0x63, 0x08, 0x63, 0x08, 0x63, 0x08, 0x63, 0x08,
  0x63, 0x08, 0x63, 0x08, 0x63, 0x08, 0x63, 0x08, 0x63, 0x08, 0x63, 0x08, 0x63, 0x08, 0x63, 0x08,
  0x63, 0x08, 0x63, 0x08, 0x63, 0x08, 0x63, 0x08, 0x63, 0x08, 0x63, 0x08, 0x63, 0x08, 0x63, 0x08,
  0x63, 0x08, 0x63, 0x08, 0x63, 0x08, 0x63, 0x08, 0x63, 0x08, 0x63, 0x08, 0x63, 0x08, 0x63, 0x08,
  0x63, 0x08, 0x63, 0x08, 0x63, 0x08, 0x63, 0x08, 0x63, 0x08, 0x63, 0x08, 0x63, 0x08, 0x63, 0x08,
  0x63, 0x08, 0x63, 0x08, 0x63, 0x08, 0x63, 0x08, 0x63, 0x08, 0x63, 0x08, 0x63, 0x08, 0x63, 0x08,
  0x63, 0x08, 0x63, 0x08, 0x63, 0x08, 0x63, 0x08, 0x63, 0x08, 0x63, 0x08, 0x63, 0x08, 0x63, 0x08,
  0x63, 0x08, 0x63, 0x08, 0x63, 0x08, 0x63, 0x08, 0x63, 0x08, 0x63, 0x08, 0x63, 0x08, 0x63, 0x08,
  0x63, 0x08, 0x63, 0x08, 0x63, 0x08, 0x63, 0x08, 0x63, 0x08, 0x63, 0x08, 0x63, 0x08, 0x63, 0x08,
  0x63, 0x08, 0x63, 0x08, 0x63, 0x08, 0x63, 0x08, 0x63, 0x08, 0x63, 0x08, 0x63, 0x08, 0x63, 0x08,
  0x63, 0x08, 0x63, 0x08, 0x63, 0x08, 0x63, 0x08, 0x63, 0x08, 0x63, 0x08, 0x63, 0x08, 0x63, 0x08,
  0x63, 0x08, 0x63, 0x08, 0x63, 0x08, 0x63, 0x08, 0x63, 0x08, 0x63, 0x08, 0x63, 0x08, 0x63, 0x08,
  0x63, 0x08, 0x63, 0x08, 0x63, 0x08, 0x63, 0x08, 0x63, 0x08, 0x63, 0x08, 0x63, 0x08, 0x63, 0x08,
  0x63, 0x08, 0x63, 0x08, 0x63, 0x08, 0x63, 0x08, 0x63, 0x08, 0x63, 0x08, 0x63, 0x08, 0x63, 0x08,
  0x63, 0x08, 0x63, 0x08, 0x63, 0x08, 0x63, 0x08, 0x63, 0x08, 0x63, 0x08, 0x63, 0x08, 0x63, 0x08,
  0x63, 0x08, 0x63, 0x08, 0x63, 0x08, 0x63, 0x08, 0x63, 0x08, 0x63, 0x08, 0x63, 0x08, 0x63, 0x08,
  0x63, 0x08, 0x63, 0x08, 0x63, 0x08, 0x63, 0x08, 0x63, 0x08, 0x63, 0x08, 0x63, 0x08, 0x63, 0x08,
  0x63, 0x08, 0x63, 0x08, 0x63, 0x08, 0x63, 0x08, 0x63, 0x08, 0x63, 0x08, 0x63, 0x08, 0x63, 0x08,
  0x63, 0x08, 0x63, 0x08, 0x63, 0x08, 0x63, 0x08, 0x63, 0x08, 0x63, 0x08, 0x63, 0x08, 0x63, 0x08,
  0x63, 0x08, 0x63, 0x08, 0x63, 0x08, 0x63, 0x08, 0x63, 0x08, 0x63, 0x08, 0x63, 0x08, 0x63, 0x08,
  0x63, 0x08, 0x63, 0x08, 0x63, 0x08, 0x63, 0x08, 0x63, 0x08, 0x63, 0x08, 0x63, 0x08, 0x63, 0x08,
  0x63, 0x08, 0x63, 0x08, 0x63, 0x08, 0x63, 0x08, 0x63, 0x08, 0x63, 0x08, 0x63, 0x08, 0x63, 0x08,
  0x63, 0x08, 0x63, 0x08, 0x63, 0x08, 0x63, 0x08, 0x63, 0x08, 0x63, 0x08, 0x63, 0x08, 0x63, 0x08,
  0x63, 0x08, 0x63, 0x08, 0x63, 0x08, 0x63, 0x08, 0x63, 0x08, 0x63, 0x08, 0x63, 0x08, 0x63, 0x08,
  0x63, 0x08, 0x63, 0x08, 0x63, 0x08, 0x63, 0x08, 0x63, 0x08, 0x63, 0x08, 0x63, 0x08, 0x63, 0x08,
  0x63, 0x08, 0x63, 0x08, 0x63, 0x08, 0x63, 0x08, 0x63, 0x08, 0x63, 0x08, 0x63, 0x08, 0x63, 0x08,
  0x63, 0x08, 0x63, 0x08, 0x63, 0x08, 0x63, 0x08, 0x63, 0x08, 0x63, 0x08, 0x63, 0x08, 0x63, 0x08,
  0x63, 0x08, 0x63, 0x08, 0x63, 0x08, 0x63, 0x08, 0x63, 0x08, 0x63, 0x08, 0x63, 0x08, 0x63, 0x08,
  0x63, 0x08, 0x63, 0x08, 0x63, 0x08, 0x63, 0x08, 0x63, 0x08, 0x63, 0x08, 0x63, 0x08, 0x63, 0x08,
  0x63, 0x08, 0x63, 0x08, 0x63, 0x08, 0x63, 0x08, 0x63, 0x08, 0x63, 0x08, 0x63, 0x08, 0x63, 0x08,
  0x63, 0x08, 0x63, 0x08, 0x63, 0x08, 0x63, 0x08, 0x63, 0x08, 0x63, 0x08, 0x63, 0x08, 0x63, 0x08,
  0x63, 0x08, 0x63, 0x08, 0x63, 0x08, 0x63, 0x08, 0x63, 0x08, 0x63, 0x08, 0x63, 0x08, 0x63, 0x08,
  0x63, 0x08, 0x63, 0x08, 0x63, 0x08, 0x63, 0x08, 0x63, 0x08, 0x63, 0x08, 0x63, 0x08, 0x63, 0x08,
  0x63, 0x08, 0x63, 0x08, 0x63, 0x08, 0x63, 0x08, 0x63, 0x08, 0x63, 0x08, 0x63, 0x08, 0x63, 0x08,
  0x63, 0x08, 0x63, 0x08, 0x63, 0x08, 0x63, 0x08, 0x63, 0x08, 0x63, 0x08, 0x63, 0x08, 0x63, 0x08,
  0x63, 0x08, 0x63, 0x08, 0x63, 0x08, 0x63, 0x08, 0x63, 0x08, 0x63, 0x08, 0x63, 0x08, 0x63, 0x08,
  0x63, 0x08, 0x63, 0x08, 0x63, 0x08, 0x63, 0x08, 0x63, 0x08, 0x63, 0x08, 0x63, 0x08, 0x63, 0x08,
  0x63, 0x08, 0x63, 0x08, 0x63, 0x08, 0x63, 0x08, 0x63, 0x08, 0x63, 0x08, 0x63, 0x08, 0x63, 0x08,
  0x63, 0x08, 0x63, 0x08, 0x63, 0x08, 0x63, 0x08, 0x63, 0x08, 0x63, 0x08, 0x63, 0x08, 0x63, 0x08,
  0x63, 0x08, 0x63, 0x08, 0x63, 0x08, 0x63, 0x08, 0x63, 0x08, 0x63, 0x08, 0x63, 0x08, 0x63, 0x08,
  0x63, 0x08, 0x63, 0x08, 0x63, 0x08, 0x63, 0x08, 0x63, 0x08, 0x63, 0x08, 0x63, 0x08, 0x63, 0x08,
  0x63, 0x08, 0x63, 0x08, 0x63, 0x08, 0x63, 0x08, 0x63, 0x08, 0x63, 0x08, 0x63, 0x08, 0x63, 0x08,
  0x63, 0x08, 0x63, 0x08, 0x63, 0x08, 0x63, 0x08, 0x63, 0x08, 0x63, 0x08, 0x63, 0x08, 0x63, 0x08,
  0x63, 0x08, 0x63, 0x08, 0x63, 0x08, 0x63, 0x08, 0x63, 0x08, 0x63, 0x08, 0x63, 0x08, 0x63, 0x08,
  0x63, 0x08, 0x63, 0x08, 0x63, 0x08, 0x63, 0x08, 0x63, 0x08, 0x63, 0x08, 0x63, 0x08, 0x63, 0x08,
  0x63, 0x08, 0x63, 0x08, 0x63, 0x08, 0x63, 0x08, 0x63, 0x08, 0x63, 0x08, 0x63, 0x08, 0x63, 0x08,
  0x63, 0x08, 0x63, 0x08, 0x63, 0x08, 0x63, 0x08, 0x63, 0x08, 0x63, 0x08, 0x63, 0x08, 0x63, 0x08,
  0x63, 0x08, 0x63, 0x08, 0x63, 0x08, 0x63, 0x08, 0x63, 0x08, 0x63, 0x08, 0x63, 0x08, 0x63, 0x08,
  0x63, 0x08, 0x63, 0x08, 0x63, 0x08, 0x63, 0x08, 0x63, 0x08, 0x63, 0x08, 0x63, 0x08, 0x63, 0x08,
  0x63, 0x08, 0x63, 0x08, 0x63, 0x08, 0x63, 0x08, 0x63, 0x08, 0x63, 0x08, 0x63, 0x08, 0x63, 0x08,
  0x63, 0x08, 0x63, 0x08, 0x63, 0x08, 0x63, 0x08, 0x63, 0x08, 0x63, 0x08, 0x63, 0x08, 0x63, 0x08,
  0x63, 0x08, 0x63, 0x08, 0x63, 0x08, 0x63, 0x08, 0x63, 0x08, 0x63, 0x08, 0x63, 0x08, 0x63, 0x08,
  0x63, 0x08, 0x63, 0x08, 0x63, 0x08, 0x63, 0x08, 0x63, 0x08, 0x63, 0x08, 0x63, 0x08, 0x63, 0x08,
  0x63, 0x08, 0x63, 0x08, 0x63, 0x08, 0x63, 0x08, 0x63, 0x08, 0x63, 0x08, 0x63, 0x08, 0x63, 0x08,
  0x63, 0x08, 0x63, 0x08, 0x63, 0x08, 0x63, 0x08, 0x63, 0x08, 0x63, 0x08, 0x63, 0x08, 0x63, 0x08,
  0x63, 0x08, 0x63, 0x08, 0x63, 0x08, 0x63, 0x08, 0x63, 0x08, 0x63, 0x08, 0x63, 0x08, 0x63, 0x08,
  0x63, 0x08, 0x63, 0x08, 0x63, 0x08, 0x63, 0x08, 0x63, 0x08, 0x63, 0x08, 0x63, 0x08, 0x63, 0x08,
  0x63, 0x08, 0x63, 0x08, 0x63, 0x08, 0x63, 0x08, 0x63, 0x08, 0x63, 0x08, 0x63, 0x08, 0x63, 0x08,
  0x63, 0x08, 0x63, 0x08, 0x63, 0x08, 0x63, 0x08, 0x63, 0x08, 0x63, 0x08, 0x63, 0x08, 0x63, 0x08,
  0x63, 0x08, 0x63, 0x08, 0x63, 0x08, 0x63, 0x08, 0x63, 0x08, 0x63, 0x08, 0x63, 0x08, 0x63, 0x08,
  0x63, 0x08, 0x63, 0x08, 0x63, 0x08, 0x63, 0x08, 0x63, 0x08, 0x63, 0x08, 0x63, 0x08, 0x63, 0x08,
  0x63, 0x08, 0x63, 0x08, 0x63, 0x08, 0x63, 0x08, 0x63, 0x08, 0x63, 0x08, 0x63, 0x08, 0x63, 0x08,
  0x63, 0x08, 0x63, 0x08, 0x63, 0x08, 0x63, 0x08, 0x63, 0x08, 0x63, 0x08, 0x63, 0x08, 0x63, 0x08,
  0x63, 0x08, 0x63, 0x08, 0x63, 0x08, 0x63, 0x08, 0x63, 0x08, 0x63, 0x08, 0x63, 0x08, 0x63, 0x08,
  0x63, 0x08, 0x63, 0x08, 0x63, 0x08, 0x63, 0x08, 0x63, 0x08, 0x63, 0x08, 0x63, 0x08, 0x63, 0x08,
  0x63, 0x08, 0x63, 0x08, 0x63, 0x08, 0x63, 0x08, 0x63, 0x08, 0x63, 0x08, 0x63, 0x08, 0x63, 0x08,
  0x63, 0x08, 0x63, 0x08, 0x63, 0x08, 0x63, 0x08, 0x63, 0x08, 0x63, 0x08, 0x63, 0x08, 0x63, 0x08,
  0x63, 0x08, 0x63, 0x08, 0x63, 0x08, 0x63, 0x08, 0x63, 0x08, 0x63, 0x08, 0x63, 0x08, 0x63, 0x08,
  0x63, 0x08, 0x63, 0x08, 0x63, 0x08, 0x63, 0x08, 0x63, 0x08, 0x63, 0x08, 0x63, 0x08, 0x63, 0x08,
  0x63, 0x08, 0x63, 0x08, 0x63, 0x08, 0x63, 0x08, 0x63, 0x08, 0x63, 0x08, 0x63, 0x08, 0x63, 0x08,
  0x63, 0x08, 0x63, 0x08, 0x63, 0x08, 0x63, 0x08, 0x63, 0x08, 0x63, 0x08, 0x63, 0x08, 0x63, 0x08,
  0x63, 0x08, 0x63, 0x08, 0x63, 0x08, 0x63, 0x08, 0x63, 0x08, 0x63, 0x08, 0x63, 0x08, 0x63, 0x08,
  0x63, 0x08, 0x63, 0x08, 0x63, 0x08, 0x63, 0x08, 0x63, 0x08, 0x63, 0x08, 0x63, 0x08, 0x63, 0x08,
  0x63, 0x08, 0x63, 0x08, 0x63, 0x08, 0x63, 0x08, 0x63, 0x08, 0x63, 0x08, 0x63, 0x08, 0x63, 0x08,
  0x63, 0x08, 0x63, 0x08, 0x63, 0x08, 0x63, 0x08, 0x63, 0x08, 0x63, 0x08, 0x63, 0x08, 0x63, 0x08,
  0x63, 0x08, 0x63, 0x08, 0x63, 0x08, 0x63, 0x08, 0x63, 0x08, 0x63, 0x08, 0x63, 0x08, 0x63, 0x08,
  0x63, 0x08, 0x63, 0x08, 0x63, 0x08, 0x63, 0x08, 0x63, 0x08, 0x63, 0x08, 0x63, 0x08, 0x63, 0x08,
  0x63, 0x08, 0x63, 0x08, 0x63, 0x08, 0x63, 0x08, 0x63, 0x08, 0x63, 0x08, 0x63, 0x08, 0x63, 0x08,
  0x63, 0x08, 0x63, 0x08, 0x63, 0x08, 0x63, 0x08, 0x63, 0x08, 0x63, 0x08, 0x63, 0x08, 0x63, 0x08,
  0x63, 0x08, 0x63, 0x08, 0x63, 0x08, 0x63, 0x08, 0x63, 0x08, 0x63, 0x08, 0x63, 0x08, 0x63, 0x08,
  0x63, 0x08, 0x63, 0x08, 0x63, 0x08, 0x63, 0x08, 0x63, 0x08, 0x63, 0x08, 0x63, 0x08, 0x63, 0x08,
  0x63, 0x08, 0x63, 0x08, 0x63, 0x08, 0x63, 0x08, 0x63, 0x08, 0x63, 0x08, 0x63, 0x08, 0x63, 0x08,
  0x63, 0x08, 0x63, 0x08, 0x63, 0x08, 0x63, 0x08, 0x63, 0x08, 0x63, 0x08, 0x63, 0x08, 0x63, 0x08,
  0x63, 0x08, 0x63, 0x08, 0x63, 0x08, 0x63, 0x08, 0x63, 0x08, 0x63, 0x08, 0x63, 0x08, 0x63, 0x08,
  0x63, 0x08, 0x63, 0x08, 0x63, 0x08, 0x63, 0x08, 0x63, 0x08, 0x63, 0x08, 0x63, 0x08, 0x63, 0x08,
  0x63, 0x08, 0x63, 0x08, 0x63, 0x08, 0x63, 0x08, 0x63, 0x08, 0x63, 0x08, 0x63, 0x08, 0x63, 0x08,
  0x63, 0x08, 0x63, 0x08, 0x63, 0x08, 0x63, 0x08, 0x63, 0x08, 0x63, 0x08, 0x63, 0x08, 0x63, 0x08,
  0x63, 0x08, 0x63, 0x08, 0x63, 0x08, 0x63, 0x08, 0x63, 0x08, 0x63, 0x08, 0x63, 0x08, 0x63, 0x08,
  0x63, 0x08, 0x63, 0x08, 0x63, 0x08, 0x63, 0x08, 0x63, 0x08, 0x63, 0x08, 0x63, 0x08, 0x63, 0x08,
  0x63, 0x08, 0x63, 0x08, 0x63, 0x08, 0x63, 0x08, 0x63, 0x08, 0x63, 0x08, 0x63, 0x08, 0x63, 0x08,
  0x63, 0x08, 0x63, 0x08, 0x63, 0x08, 0x63, 0x08, 0x63, 0x08, 0x63, 0x08, 0x63, 0x08, 0x63, 0x08,
  0x63, 0x08, 0x63, 0x08, 0x63, 0x08, 0x63, 0x08, 0x63, 0x08, 0x63, 0x08, 0x63, 0x08, 0x63, 0x08,
  0x63, 0x08, 0x63, 0x08, 0x63, 0x08, 0x63, 0x08, 0x63, 0x08, 0x63, 0x08, 0x63, 0x08, 0x63, 0x08,
  0x63, 0x08, 0x63, 0x08, 0x63, 0x08, 0x63, 0x08, 0x63, 0x08, 0x63, 0x08, 0x63, 0x08, 0x63, 0x08,
  0x63, 0x08, 0x63, 0x08, 0x63, 0x08, 0x63, 0x08, 0x63, 0x08, 0x63, 0x08, 0x63, 0x08, 0x63, 0x08,
  0x63, 0x08, 0x63, 0x08, 0x63, 0x08, 0x63, 0x08, 0x63, 0x08, 0x63, 0x08, 0x63, 0x08, 0x63, 0x08,
  0x63, 0x08, 0x63, 0x08, 0x63, 0x08, 0x63, 0x08, 0x63, 0x08, 0x63, 0x08, 0x63, 0x08, 0x63, 0x08,
  0x63, 0x08, 0x63, 0x08, 0x63, 0x08, 0x63, 0x08, 0x63, 0x08, 0x63, 0x08, 0x63, 0x08, 0x63, 0x08,
  0x63, 0x08, 0x63, 0x08, 0x63, 0x08, 0x63, 0x08, 0x63, 0x08, 0x63, 0x08, 0x63, 0x08, 0x63, 0x08,
  0x63, 0x08, 0x63, 0x08, 0x63, 0x08, 0x63, 0x08, 0x63, 0x08, 0x63, 0x08, 0x63, 0x08, 0x63, 0x08,
  0x63, 0x08, 0x63, 0x08, 0x63, 0x08, 0x63, 0x08, 0x63, 0x08, 0x63, 0x08, 0x63, 0x08, 0x63, 0x08,
  0x63, 0x08, 0x63, 0x08, 0x63, 0x08, 0x63, 0x08, 0x63, 0x08, 0x63, 0x08, 0x63, 0x08, 0x63, 0x08,
  0x63, 0x08, 0x63, 0x08, 0x63, 0x08, 0x63, 0x08, 0x63, 0x08, 0x63, 0x08, 0x63, 0x08, 0x63, 0x08,
  0x63, 0x08, 0x63, 0x08, 0x63, 0x08, 0x63, 0x08, 0x63, 0x08, 0x63, 0x08, 0x63, 0x08, 0x63, 0x08,
  0x63, 0x08, 0x63, 0x08, 0x63, 0x08, 0x63, 0x08, 0x63, 0x08, 0x63, 0x08, 0x63, 0x08, 0x63, 0x08,
  0x63, 0x08, 0x63, 0x08, 0x63, 0x08, 0x63, 0x08, 0x63, 0x08, 0x63, 0x08, 0x63, 0x08, 0x63, 0x08,
  0x63, 0x08, 0x63, 0x08, 0x63, 0x08, 0x63, 0x08, 0x63, 0x08, 0x63, 0x08, 0x63, 0x08, 0x63, 0x08,
  0x63, 0x08, 0x63, 0x08, 0x63, 0x08, 0x63, 0x08, 0x63, 0x08, 0x63, 0x08, 0x63, 0x08, 0x63, 0x08,
  0x63, 0x08, 0x63, 0x08, 0x63, 0x08, 0x63, 0x08, 0x63, 0x08, 0x63, 0x08, 0x63, 0x08, 0x63, 0x08,
  0x63, 0x08, 0x63, 0x08, 0x63, 0x08, 0x63, 0x08, 0x63, 0x08, 0x63, 0x08, 0x63, 0x08, 0x63, 0x08,
  0x63, 0x08, 0x63, 0x08, 0x63, 0x08, 0x63, 0x08, 0x63, 0x08, 0x63, 0x08, 0x63, 0x08, 0x63, 0x08,
  0x63, 0x08, 0x63, 0x08, 0x63, 0x08, 0x63, 0x08, 0x63, 0x08, 0x63, 0x08, 0x63, 0x08, 0x63, 0x08,
  0x63, 0x08, 0x63, 0x08, 0x63, 0x08, 0x63, 0x08, 0x63, 0x08, 0x63, 0x08, 0x63, 0x08, 0x63, 0x08,
  0x63, 0x08, 0x63, 0x08, 0x63, 0x08, 0x63, 0x08, 0x63, 0x08, 0x63, 0x08, 0x63, 0x08, 0x63, 0x08,
  0x63, 0x08, 0x63, 0x08, 0x63, 0x08, 0x63, 0x08, 0x63, 0x08, 0x63, 0x08, 0x63, 0x08, 0x63, 0x08,
  0x63, 0x08, 0x63, 0x08, 0x63, 0x08, 0x63, 0x08, 0x63, 0x08, 0x63, 0x08, 0x63, 0x08, 0x63, 0x08,
  0x63, 0x08, 0x63, 0x08, 0x63, 0x08, 0x63, 0x08, 0x63, 0x08, 0x63, 0x08, 0x63, 0x08, 0x63, 0x08,
  0x63, 0x08, 0x63, 0x08, 0x63, 0x08, 0x63, 0x08, 0x63, 0x08, 0x63, 0x08, 0x63, 0x08, 0x63, 0x08,
  0x63, 0x08, 0x63, 0x08, 0x63, 0x08, 0x63, 0x08, 0x63, 0x08, 0x63, 0x08, 0x63, 0x08, 0x63, 0x08,
  0x63, 0x08, 0x63, 0x08, 0x63, 0x08, 0x63, 0x08, 0x63, 0x08, 0x63, 0x08, 0x63, 0x08, 0x63, 0x08,
  0x63, 0x08, 0x63, 0x08, 0x63, 0x08, 0x63, 0x08, 0x63, 0x08, 0x63, 0x08, 0x63, 0x08, 0x63, 0x08,
  0x63, 0x08, 0x63, 0x08, 0x63, 0x08, 0x63, 0x08, 0x63, 0x08, 0x63, 0x08, 0x63, 0x08, 0x63, 0x08,
  0x63, 0x08, 0x63, 0x08, 0x63, 0x08, 0x63, 0x08, 0x63, 0x08, 0x63, 0x08, 0x63, 0x08, 0x63, 0x08,
  0x63, 0x08, 0x63, 0x08, 0x63, 0x08, 0x63, 0x08, 0x63, 0x08, 0x63, 0x08, 0x63, 0x08, 0x63, 0x08,
  0x63, 0x08, 0x63, 0x08, 0x63, 0x08, 0x63, 0x08, 0x63, 0x08, 0x63, 0x08, 0x63, 0x08, 0x63, 0x08,
  0x63, 0x08, 0x63, 0x08, 0x63, 0x08, 0x63, 0x08, 0x63, 0x08, 0x63, 0x08, 0x63, 0x08, 0x63, 0x08,
  0x63, 0x08, 0x63, 0x08, 0x63, 0x08, 0x63, 0x08, 0x63, 0x08, 0x63, 0x08, 0x63, 0x08, 0x63, 0x08,
  0x63, 0x08, 0x63, 0x08, 0x63, 0x08, 0x63, 0x08, 0x63, 0x08, 0x63, 0x08, 0x63, 0x08, 0x63, 0x08,
  0x63, 0x08, 0x63, 0x08, 0x63, 0x08, 0x63, 0x08, 0x63, 0x08, 0x63, 0x08, 0x63, 0x08, 0x63, 0x08,
  0x63, 0x08, 0x63, 0x08, 0x63, 0x08, 0x63, 0x08, 0x63, 0x08, 0x63, 0x08, 0x63, 0x08, 0x63, 0x08,
  0x63, 0x08, 0x63, 0x08, 0x63, 0x08, 0x63, 0x08, 0x63, 0x08, 0x63, 0x08, 0x63, 0x08, 0x63, 0x08,
  0x63, 0x08, 0x63, 0x08, 0x63, 0x08, 0x63, 0x08, 0x63, 0x08, 0x63, 0x08, 0x63, 0x08, 0x63, 0x08,
  0x63, 0x08, 0x63, 0x08, 0x63, 0x08, 0x63, 0x08, 0x63, 0x08, 0x63, 0x08, 0x63, 0x08, 0x63, 0x08,
  0x63, 0x08, 0x63, 0x08, 0x63, 0x08, 0x63, 0x08, 0x63, 0x08, 0x63, 0x08, 0x63, 0x08, 0x63, 0x08,
  0x63, 0x08, 0x63, 0x08, 0x63, 0x08, 0x63, 0x08, 0x63, 0x08, 0x63, 0x08, 0x63, 0x08, 0x63, 0x08,
  0x63, 0x08, 0x63, 0x08, 0x63, 0x08, 0x63, 0x08, 0x63, 0x08, 0x63, 0x08, 0x63, 0x08, 0x63, 0x08,
  0x63, 0x08, 0x63, 0x08, 0x63, 0x08, 0x63, 0x08, 0x63, 0x08, 0x63, 0x08, 0x63, 0x08, 0x63, 0x08,
  0x63, 0x08, 0x63, 0x08, 0x63, 0x08, 0x63, 0x08, 0x63, 0x08, 0x63, 0x08, 0x63, 0x08, 0x63, 0x08,
  0x63, 0x08, 0x63, 0x08, 0x63, 0x08, 0x63, 0x08, 0x63, 0x08, 0x63, 0x08, 0x63, 0x08, 0x63, 0x08,
  0x63, 0x08, 0x63, 0x08, 0x63, 0x08, 0x63, 0x08, 0x63, 0x08, 0x63, 0x08, 0x63, 0x08, 0x63, 0x08,
  0x63, 0x08, 0x63, 0x08, 0x63, 0x08, 0x63, 0x08, 0x63, 0x08, 0x63, 0x08, 0x63, 0x08, 0x63, 0x08,
  0x63, 0x08, 0x63, 0x08, 0x63, 0x08, 0x63, 0x08, 0x63, 0x08, 0x63, 0x08, 0x63, 0x08, 0x63, 0x08,
  0x63, 0x08, 0x63, 0x08, 0x63, 0x08, 0x63, 0x08, 0x63, 0x08, 0x63, 0x08, 0x63, 0x08, 0x63, 0x08,
  0x63, 0x08, 0x63, 0x08, 0x63, 0x08, 0x63, 0x08, 0x63, 0x08, 0x63, 0x08, 0x63, 0x08, 0x63, 0x08,
  0x63, 0x08, 0x63, 0x08, 0x63, 0x08, 0x63, 0x08, 0x63, 0x08, 0x63, 0x08, 0x63, 0x08, 0x63, 0x08,
  0x63, 0x08, 0x63, 0x08, 0x63, 0x08, 0x63, 0x08, 0x63, 0x08, 0x63, 0x08, 0x63, 0x08, 0x63, 0x08,
  0x63, 0x08, 0x63, 0x08, 0x63, 0x08, 0x63, 0x08, 0x63, 0x08, 0x63, 0x08, 0x63, 0x08, 0x63, 0x08,
  0x63, 0x08, 0x63, 0x08, 0x63, 0x08, 0x63, 0x08, 0x63, 0x08, 0x63, 0x08, 0x63, 0x08, 0x63, 0x08,
  0x63, 0x08, 0x63, 0x08, 0x63, 0x08, 0x63, 0x08, 0x63, 0x08, 0x63, 0x08, 0x63, 0x08, 0x63, 0x08,
  0x63, 0x08, 0x63, 0x08, 0x63, 0x08, 0x63, 0x08, 0x63, 0x08, 0x63, 0x08, 0x63, 0x08, 0x63, 0x08,
  0x63, 0x08, 0x63, 0x08, 0x63, 0x08, 0x63, 0x08, 0x63, 0x08, 0x63, 0x08, 0x63, 0x08, 0x63, 0x08,
  0x63, 0x08, 0x63, 0x08, 0x63, 0x08, 0x63, 0x08, 0x63, 0x08, 0x63, 0x08, 0x63, 0x08, 0x63, 0x08,
  0x63, 0x08, 0x63, 0x08, 0x63, 0x08, 0x63, 0x08, 0x63, 0x08, 0x63, 0x08, 0x63, 0x08, 0x63, 0x08,
  0x63, 0x08, 0x63, 0x08, 0x63, 0x08, 0x63, 0x08, 0x63, 0x08, 0x63, 0x08, 0x63, 0x08, 0x63, 0x08,
  0x63, 0x08, 0x63, 0x08, 0x63, 0x08, 0x63, 0x08, 0x63, 0x08, 0x63, 0x08, 0x63, 0x08, 0x63, 0x08,
  0x63, 0x08, 0x63, 0x08, 0x63, 0x08, 0x63, 0x08, 0x63, 0x08, 0x63, 0x08, 0x63, 0x08, 0x63, 0x08,
  0x63, 0x08, 0x63, 0x08, 0x63, 0x08, 0x63, 0x08, 0x63, 0x08, 0x63, 0x08, 0x63, 0x08, 0x63, 0x08,
  0x63, 0x08, 0x63, 0x08, 0x63, 0x08, 0x63, 0x08, 0x63, 0x08, 0x63, 0x08, 0x63, 0x08, 0x63, 0x08,
  0x63, 0x08, 0x63, 0x08, 0x63, 0x08, 0x63, 0x08, 0x63, 0x08, 0x63, 0x08, 0x63, 0x08, 0x63, 0x08,
  0x63, 0x08, 0x63, 0x08, 0x63, 0x08, 0x63, 0x08, 0x63, 0x08, 0x63, 0x08, 0x63, 0x08, 0x63, 0x08,
  0x63, 0x08, 0x63, 0x08, 0x63, 0x08, 0x63, 0x08, 0x63, 0x08, 0x63, 0x08, 0x63, 0x08, 0x63, 0x08,
  0x63, 0x08, 0x63, 0x08, 0x63, 0x08, 0x63, 0x08, 0x63, 0x08, 0x63, 0x08, 0x63, 0x08, 0x63, 0x08,
  0x63, 0x08, 0x63, 0x08, 0x63, 0x08, 0x63, 0x08, 0x63, 0x08, 0x63, 0x08, 0x63, 0x08, 0x63, 0x08,
  0x63, 0x08, 0x63, 0x08, 0x63, 0x08, 0x63, 0x08, 0x63, 0x08, 0x63, 0x08, 0x63, 0x08, 0x63, 0x08,
  0x63, 0x08, 0x63, 0x08, 0x63, 0x08, 0x63, 0x08, 0x63, 0x08, 0x63, 0x08, 0x63, 0x08, 0x63, 0x08,
  0x63, 0x08, 0x63, 0x08, 0x63, 0x08, 0x63, 0x08, 0x63, 0x08, 0x63, 0x08, 0x63, 0x08, 0x63, 0x08,
  0x63, 0x08, 0x63, 0x08, 0x63, 0x08, 0x63, 0x08, 0x63, 0x08, 0x63, 0x08, 0x63, 0x08, 0x63, 0x08,
  0x63, 0x08, 0x63, 0x08, 0x63, 0x08, 0x63, 0x08, 0x63, 0x08, 0x63, 0x08, 0x63, 0x08, 0x63, 0x08,
  0x63, 0x08, 0x63, 0x08, 0x63, 0x08, 0x63, 0x08, 0x63, 0x08, 0x63, 0x08, 0x63, 0x08, 0x63, 0x08,
  0x63, 0x08, 0x63, 0x08, 0x63, 0x08, 0x63, 0x08, 0x63, 0x08, 0x63, 0x08, 0x63, 0x08, 0x63, 0x08,
  0x63, 0x08, 0x63, 0x08, 0x63, 0x08, 0x63, 0x08, 0x63, 0x08, 0x63, 0x08, 0x63, 0x08, 0x63, 0x08,
  0x63, 0x08, 0x63, 0x08, 0x63, 0x08, 0x63, 0x08, 0x63, 0x08, 0x63, 0x08, 0x63, 0x08, 0x63, 0x08,
  0x63, 0x08, 0x63, 0x08, 0x63, 0x08, 0x63, 0x08, 0x63, 0x08, 0x63, 0x08, 0x63, 0x08, 0x63, 0x08,
  0x63, 0x08, 0x63, 0x08, 0x63, 0x08, 0x63, 0x08, 0x63, 0x08, 0x63, 0x08, 0x63, 0x08, 0x63, 0x08,
  0x63, 0x08, 0x63, 0x08, 0x63, 0x08, 0x63, 0x08, 0x63, 0x08, 0x63, 0x08, 0x63, 0x08, 0x63, 0x08,
  0x63, 0x08, 0x63, 0x08, 0x63, 0x08, 0x63, 0x08, 0x63, 0x08, 0x63, 0x08, 0x63, 0x08, 0x63, 0x08,
  0x63, 0x08, 0x63, 0x08, 0x63, 0x08, 0x63, 0x08, 0x63, 0x08, 0x63, 0x08, 0x63, 0x08, 0x63, 0x08,
  0x63, 0x08, 0x63, 0x08, 0x63, 0x08, 0x63, 0x08, 0x63, 0x08, 0x63, 0x08, 0x63, 0x08, 0x63, 0x08,
  0x63, 0x08, 0x63, 0x08, 0x63, 0x08, 0x63, 0x08, 0x63, 0x08, 0x63, 0x08, 0x63, 0x08, 0x63, 0x08,
  0x63, 0x08, 0x63, 0x08, 0x63, 0x08, 0x63, 0x08, 0x63, 0x08, 0x63, 0x08, 0x63, 0x08, 0x63, 0x08,
  0x63, 0x08, 0x63, 0x08, 0x63, 0x08, 0x63, 0x08, 0x63, 0x08, 0x63, 0x08, 0x63, 0x08, 0x63, 0x08,
  0x63, 0x08, 0x63, 0x08, 0x63, 0x08, 0x63, 0x08, 0x63, 0x08, 0x63, 0x08, 0x63, 0x08, 0x63, 0x08,
  0x63, 0x08, 0x63, 0x08, 0x63, 0x08, 0x63, 0x08, 0x63, 0x08, 0x63, 0x08, 0x63, 0x08, 0x63, 0x08,
  0x63, 0x08, 0x63, 0x08, 0x63, 0x08, 0x63, 0x08, 0x63, 0x08, 0x63, 0x08, 0x63, 0x08, 0x63, 0x08,
  0x63, 0x08, 0x63, 0x08, 0x63, 0x08, 0x63, 0x08, 0x63, 0x08, 0x63, 0x08, 0x63, 0x08, 0x63, 0x08,
  0x63, 0x08, 0x63, 0x08, 0x63, 0x08, 0x63, 0x08, 0x63, 0x08, 0x63, 0x08, 0x63, 0x08, 0x63, 0x08,
  0x63, 0x08, 0x63, 0x08, 0x63, 0x08, 0x63, 0x08, 0x63, 0x08, 0x63, 0x08, 0x63, 0x08, 0x63, 0x08,
  0x63, 0x08, 0x63, 0x08, 0x63, 0x08, 0x63, 0x08, 0x63, 0x08, 0x63, 0x08, 0x63, 0x08, 0x63, 0x08,
  0x63, 0x08, 0x63, 0x08, 0x63, 0x08, 0x63, 0x08, 0x63, 0x08, 0x63, 0x08, 0x63, 0x08, 0x63, 0x08,
  0x63, 0x08, 0x63, 0x08, 0x63, 0x08, 0x63, 0x08, 0x63, 0x08, 0x63, 0x08, 0x63, 0x08, 0x63, 0x08,
  0x63, 0x08, 0x63, 0x08, 0x63, 0x08, 0x63, 0x08, 0x63, 0x08, 0x63, 0x08, 0x63, 0x08, 0x63, 0x08,
  0x63, 0x08, 0x63, 0x08, 0x63, 0x08, 0x63, 0x08, 0x63, 0x08, 0x63, 0x08, 0x63, 0x08, 0x63, 0x08,
  0x63, 0x08, 0x63, 0x08, 0x63, 0x08, 0x63, 0x08, 0x63, 0x08, 0x63, 0x08, 0x63, 0x08, 0x63, 0x08,
  0x63, 0x08, 0x63, 0x08, 0x63, 0x08, 0x63, 0x08, 0x63, 0x08, 0x63, 0x08, 0x63, 0x08, 0x63, 0x08,
  0x63, 0x08, 0x63, 0x08, 0x63, 0x08, 0x63, 0x08, 0x63, 0x08, 0x63, 0x08, 0x63, 0x08, 0x63, 0x08,
  0x63, 0x08, 0x63, 0x08, 0x63, 0x08, 0x63, 0x08, 0x63, 0x08, 0x63, 0x08, 0x63, 0x08, 0x63, 0x08,
  0x63, 0x08, 0x63, 0x08, 0x63, 0x08, 0x63, 0x08, 0x63, 0x08, 0x63, 0x08, 0x63, 0x08, 0x63, 0x08,
  0x63, 0x08, 0x63, 0x08, 0x63, 0x08, 0x63, 0x08, 0x63, 0x08, 0x63, 0x08, 0x63, 0x08, 0x63, 0x08,
  0x63, 0x08, 0x63, 0x08, 0x63, 0x08, 0x63, 0x08, 0x63, 0x08, 0x63, 0x08, 0x63, 0x08, 0x63, 0x08,
  0x63, 0x08, 0x63, 0x08, 0x63, 0x08, 0x63, 0x08, 0x63, 0x08, 0x63, 0x08, 0x63, 0x08, 0x63, 0x08,
  0x63, 0x08, 0x63, 0x08, 0x63, 0x08, 0x63, 0x08, 0x63, 0x08, 0x63, 0x08, 0x63, 0x08, 0x63, 0x08,
  0x63, 0x08, 0x63, 0x08, 0x63, 0x08, 0x63, 0x08, 0x63, 0x08, 0x63, 0x08, 0x63, 0x08, 0x63, 0x08,
  0x63, 0x08, 0x63, 0x08, 0x63, 0x08, 0x63, 0x08, 0x63, 0x08, 0x63, 0x08, 0x63, 0x08, 0x63, 0x08,
  0x63, 0x08, 0x63, 0x08, 0x63, 0x08, 0x63, 0x08, 0x63, 0x08, 0x63, 0x08, 0x63, 0x08, 0x63, 0x08,
  0x63, 0x08, 0x63, 0x08, 0x63, 0x08, 0x63, 0x08, 0x63, 0x08, 0x63, 0x08, 0x63, 0x08, 0x63, 0x08,
  0x63, 0x08, 0x63, 0x08, 0x63, 0x08, 0x63, 0x08, 0x63, 0x08, 0x63, 0x08, 0x63, 0x08, 0x63, 0x08,
  0x63, 0x08, 0x63, 0x08, 0x63, 0x08, 0x63, 0x08, 0x63, 0x08, 0x63, 0x08, 0x63, 0x08, 0x63, 0x08,
  0x63, 0x08, 0x63, 0x08, 0x63, 0x08, 0x63, 0x08, 0x63, 0x08, 0x63, 0x08, 0x63, 0x08, 0x63, 0x08,
  0x63, 0x08, 0x63, 0x08, 0x63, 0x08, 0x63, 0x08, 0x63, 0x08, 0x63, 0x08, 0x63, 0x08, 0x63, 0x08,
  0x63, 0x08, 0x63, 0x08, 0x63, 0x08, 0x63, 0x08, 0x63, 0x08, 0x63, 0x08, 0x63, 0x08, 0x63, 0x08,
  0x63, 0x08, 0x63, 0x08, 0x63, 0x08, 0x63, 0x08, 0x63, 0x08, 0x63, 0x08, 0x63, 0x08, 0x63, 0x08,
  0x63, 0x08, 0x63, 0x08, 0x63, 0x08, 0x63, 0x08, 0x63, 0x08, 0x63, 0x08, 0x63, 0x08, 0x63, 0x08,
  0x63, 0x08, 0x63, 0x08, 0x63, 0x08, 0x63, 0x08, 0x63, 0x08, 0x63, 0x08, 0x63, 0x08, 0x63, 0x08,
  0x63, 0x08, 0x63, 0x08, 0x63, 0x08, 0x63, 0x08, 0x63, 0x08, 0x63, 0x08, 0x63, 0x08, 0x63, 0x08,
  0x63, 0x08, 0x63, 0x08, 0x63, 0x08, 0x63, 0x08, 0x63, 0x08, 0x63, 0x08, 0x63, 0x08, 0x63, 0x08,
  0x63, 0x08, 0x63, 0x08, 0x63, 0x08, 0x63, 0x08, 0x63, 0x08, 0x63, 0x08, 0x63, 0x08, 0x63, 0x08,
  0x63, 0x08, 0x63, 0x08, 0x63, 0x08, 0x63, 0x08, 0x63, 0x08, 0x63, 0x08, 0x63, 0x08, 0x63, 0x08,
  0x63, 0x08, 0x63, 0x08, 0x63, 0x08, 0x63, 0x08, 0x63, 0x08, 0x63, 0x08, 0x63, 0x08, 0x63, 0x08,
  0x63, 0x08, 0x63, 0x08, 0x63, 0x08, 0x63, 0x08, 0x63, 0x08, 0x63, 0x08, 0x63, 0x08, 0x63, 0x08,
  0x63, 0x08, 0x63, 0x08, 0x63, 0x08, 0x63, 0x08, 0x63, 0x08, 0x63, 0x08, 0x63, 0x08, 0x63, 0x08,
  0x63, 0x08, 0x63, 0x08, 0x63, 0x08, 0x63, 0x08, 0x63, 0x08, 0x63, 0x08, 0x63, 0x08, 0x63, 0x08,
  0x63, 0x08, 0x63, 0x08, 0x63, 0x08, 0x63, 0x08, 0x63, 0x08, 0x63, 0x08, 0x63, 0x08, 0x63, 0x08,
  0x63, 0x08, 0x63, 0x08, 0x63, 0x08, 0x63, 0x08, 0x63, 0x08, 0x63, 0x08, 0x63, 0x08, 0x63, 0x08,
  0x63, 0x08, 0x63, 0x08, 0x63, 0x08, 0x63, 0x08, 0x63, 0x08, 0x63, 0x08, 0x63, 0x08, 0x63, 0x08,
  0x63, 0x08, 0x63, 0x08, 0x63, 0x08, 0x63, 0x08, 0x63, 0x08, 0x63, 0x08, 0x63, 0x08, 0x63, 0x08,
  0x63, 0x08, 0x63, 0x08, 0x63, 0x08, 0x63, 0x08, 0x63, 0x08, 0x63, 0x08, 0x63, 0x08, 0x63, 0x08,
  0x63, 0x08, 0x63, 0x08, 0x63, 0x08, 0x63, 0x08, 0x63, 0x08, 0x63, 0x08, 0x63, 0x08, 0x63, 0x08,
  0x63, 0x08, 0x63, 0x08, 0x63, 0x08, 0x63, 0x08, 0x63, 0x08, 0x63, 0x08, 0x63, 0x08, 0x63, 0x08,
  0x63, 0x08, 0x63, 0x08, 0x63, 0x08, 0x63, 0x08, 0x63, 0x08, 0x63, 0x08, 0x63, 0x08, 0x63, 0x08,
  0x63, 0x08, 0x63, 0x08, 0x63, 0x08, 0x63, 0x08, 0x63, 0x08, 0x63, 0x08, 0x63, 0x08, 0x63, 0x08,
  0x63, 0x08, 0x63, 0x08, 0x63, 0x08, 0x63, 0x08, 0x63, 0x08, 0x63, 0x08, 0x63, 0x08, 0x63, 0x08,
  0x63, 0x08, 0x63, 0x08, 0x63, 0x08, 0x63, 0x08, 0x63, 0x08, 0x63, 0x08, 0x63, 0x08, 0x63, 0x08,
  0x63, 0x08, 0x63, 0x08, 0x63, 0x08, 0x63, 0x08, 0x63, 0x08, 0x63, 0x08, 0x63, 0x08, 0x63, 0x08,
  0x63, 0x08, 0x63, 0x08, 0x63, 0x08, 0x63, 0x08, 0x63, 0x08, 0x63, 0x08, 0x63, 0x08, 0x63, 0x08,
  0x63, 0x08, 0x63, 0x08, 0x63, 0x08, 0x63, 0x08, 0x63, 0x08, 0x63, 0x08, 0x63, 0x08, 0x63, 0x08,
  0x63, 0x08, 0x63, 0x08, 0x63, 0x08, 0x63, 0x08, 0x63, 0x08, 0x63, 0x08, 0x63, 0x08, 0x63, 0x08,
  0x63, 0x08, 0x63, 0x08, 0x63, 0x08, 0x63, 0x08, 0x63, 0x08, 0x63, 0x08, 0x63, 0x08, 0x63, 0x08,
  0x63, 0x08, 0x63, 0x08, 0x63, 0x08, 0x63, 0x08, 0x63, 0x08, 0x63, 0x08, 0x63, 0x08, 0x63, 0x08,
  0x63, 0x08, 0x63, 0x08, 0x63, 0x08, 0x63, 0x08, 0x63, 0x08, 0x63, 0x08, 0x63, 0x08, 0x63, 0x08,
  0x63, 0x08, 0x63, 0x08, 0x63, 0x08, 0x63, 0x08, 0x63, 0x08, 0x63, 0x08, 0x63, 0x08, 0x63, 0x08,
  0x63, 0x08, 0x63, 0x08, 0x63, 0x08, 0x63, 0x08, 0x63, 0x08, 0x63, 0x08, 0x63, 0x08, 0x63, 0x08,
  0x63, 0x08, 0x63, 0x08, 0x63, 0x08, 0x63, 0x08, 0x63, 0x08, 0x63, 0x08, 0x63, 0x08, 0x63, 0x08,
  0x63, 0x08, 0x63, 0x08, 0x63, 0x08, 0x63, 0x08, 0x63, 0x08, 0x63, 0x08, 0x63, 0x08, 0x63, 0x08,
  0x63, 0x08, 0x63, 0x08, 0x63, 0x08, 0x63, 0x08, 0x63, 0x08, 0x63, 0x08, 0x63, 0x08, 0x63, 0x08,
  0x63, 0x08, 0x63, 0x08, 0x63, 0x08, 0x63, 0x08, 0x63, 0x08, 0x63, 0x08, 0x63, 0x08, 0x63, 0x08,
  0x63, 0x08, 0x63, 0x08, 0x63, 0x08, 0x63, 0x08, 0x63, 0x08, 0x63, 0x08, 0x63, 0x08, 0x63, 0x08,
  0x63, 0x08, 0x63, 0x08, 0x63, 0x08, 0x63, 0x08, 0x63, 0x08, 0x63, 0x08, 0x63, 0x08, 0x63, 0x08,
  0x63, 0x08, 0x63, 0x08, 0x63, 0x08, 0x63, 0x08, 0x63, 0x08, 0x63, 0x08, 0x63, 0x08, 0x63, 0x08,
  0x63, 0x08, 0x63, 0x08, 0x63, 0x08, 0x63, 0x08, 0x63, 0x08, 0x63, 0x08, 0x63, 0x08, 0x63, 0x08,
  0x63, 0x08, 0x63, 0x08, 0x63, 0x08, 0x63, 0x08, 0x63, 0x08, 0x63, 0x08, 0x63, 0x08, 0x63, 0x08,
  0x63, 0x08, 0x63, 0x08, 0x63, 0x08, 0x63, 0x08, 0x63, 0x08, 0x63, 0x08, 0x63, 0x08, 0x63, 0x08,
  0x63, 0x08, 0x63, 0x08, 0x63, 0x08, 0x63, 0x08, 0x63, 0x08, 0x63, 0x08, 0x63, 0x08, 0x63, 0x08,
  0x63, 0x08, 0x63, 0x08, 0x63, 0x08, 0x63, 0x08, 0x63, 0x08, 0x63, 0x08, 0x63, 0x08, 0x63, 0x08,
  0x63, 0x08, 0x63, 0x08, 0x63, 0x08, 0x63, 0x08, 0x63, 0x08, 0x63, 0x08, 0x63, 0x08, 0x63, 0x08,
  0x63, 0x08, 0x63, 0x08, 0x63, 0x08, 0x63, 0x08, 0x63, 0x08, 0x63, 0x08, 0x63, 0x08, 0x63, 0x08,
  0x63, 0x08, 0x63, 0x08, 0x63, 0x08, 0x63, 0x08, 0x63, 0x08, 0x63, 0x08, 0x63, 0x08, 0x63, 0x08,
  0x63, 0x08, 0x63, 0x08, 0x63, 0x08, 0x63, 0x08, 0x63, 0x08, 0x63, 0x08, 0x63, 0x08, 0x63, 0x08,
  0x63, 0x08, 0x63, 0x08, 0x63, 0x08, 0x63, 0x08, 0x63, 0x08, 0x63, 0x08, 0x63, 0x08, 0x63, 0x08,
  0x63, 0x08, 0x63, 0x08, 0x63, 0x08, 0x63, 0x08, 0x63, 0x08, 0x63, 0x08, 0x63, 0x08, 0x63, 0x08,
  0x63, 0x08, 0x63, 0x08, 0x63, 0x08, 0x63, 0x08, 0x63, 0x08, 0x63, 0x08, 0x63, 0x08, 0x63, 0x08,
  0x63, 0x08, 0x63, 0x08, 0x63, 0x08, 0x63, 0x08, 0x63, 0x08, 0x63, 0x08, 0x63, 0x08, 0x63, 0x08,
  0x63, 0x08, 0x63, 0x08, 0x63, 0x08, 0x63, 0x08, 0x63, 0x08, 0x63, 0x08, 0x63, 0x08, 0x63, 0x08,
  0x63, 0x08, 0x63, 0x08, 0x63, 0x08, 0x63, 0x08, 0x63, 0x08, 0x63, 0x08, 0x63, 0x08, 0x63, 0x08,
  0x63, 0x08, 0x63, 0x08, 0x63, 0x08, 0x63, 0x08, 0x63, 0x08, 0x63, 0x08, 0x63, 0x08, 0x63, 0x08,
  0x63, 0x08, 0x63, 0x08, 0x63, 0x08, 0x63, 0x08, 0x63, 0x08, 0x63, 0x08, 0x63, 0x08, 0x63, 0x08,
  0x63, 0x08, 0x63, 0x08, 0x63, 0x08, 0x63, 0x08, 0x63, 0x08, 0x63, 0x08, 0x63, 0x08, 0x63, 0x08,
  0x63, 0x08, 0x63, 0x08, 0x63, 0x08, 0x63, 0x08, 0x63, 0x08, 0x63, 0x08, 0x63, 0x08, 0x63, 0x08,
  0x63, 0x08, 0x63, 0x08, 0x63, 0x08, 0x63, 0x08, 0x63, 0x08, 0x63, 0x08, 0x63, 0x08, 0x63, 0x08,
  0x63, 0x08, 0x63, 0x08, 0x63, 0x08, 0x63, 0x08, 0x63, 0x08, 0x63, 0x08, 0x63, 0x08, 0x63, 0x08,
  0x63, 0x08, 0x63, 0x08, 0x63, 0x08, 0x63, 0x08, 0x63, 0x08, 0x63, 0x08, 0x63, 0x08, 0x63, 0x08,
  0x63, 0x08, 0x63, 0x08, 0x63, 0x08, 0x63, 0x08, 0x63, 0x08, 0x63, 0x08, 0x63, 0x08, 0x63, 0x08,
  0x63, 0x08, 0x63, 0x08, 0x63, 0x08, 0x63, 0x08, 0x63, 0x08, 0x63, 0x08, 0x63, 0x08, 0x63, 0x08,
  0x63, 0x08, 0x63, 0x08, 0x63, 0x08, 0x63, 0x08, 0x63, 0x08, 0x63, 0x08, 0x63, 0x08, 0x63, 0x08,
  0x63, 0x08, 0x63, 0x08, 0x63, 0x08, 0x63, 0x08, 0x63, 0x08, 0x63, 0x08, 0x63, 0x08, 0x63, 0x08,
  0x63, 0x08, 0x63, 0x08, 0x63, 0x08, 0x63, 0x08, 0x63, 0x08, 0x63, 0x08, 0x63, 0x08, 0x63, 0x08,
  0x63, 0x08, 0x63, 0x08, 0x63, 0x08, 0x63, 0x08, 0x63, 0x08, 0x63, 0x08, 0x63, 0x08, 0x63, 0x08,
  0x63, 0x08, 0x63, 0x08, 0x63, 0x08, 0x63, 0x08, 0x63, 0x08, 0x63, 0x08, 0x63, 0x08, 0x63, 0x08,
  0x63, 0x08, 0x63, 0x08, 0x63, 0x08, 0x63, 0x08, 0x63, 0x08, 0x63, 0x08, 0x63, 0x08, 0x63, 0x08,
  0x63, 0x08, 0x63, 0x08, 0x63, 0x08, 0x63, 0x08, 0x63, 0x08, 0x63, 0x08, 0x63, 0x08, 0x63, 0x08,
  0x63, 0x08, 0x63, 0x08, 0x63, 0x08, 0x63, 0x08, 0x63, 0x08, 0x63, 0x08, 0x63, 0x08, 0x63, 0x08,
  0x63, 0x08, 0x63, 0x08, 0x63, 0x08, 0x63, 0x08, 0x63, 0x08, 0x63, 0x08, 0x63, 0x08, 0x63, 0x08,
  0x63, 0x08, 0x63, 0x08, 0x63, 0x08, 0x63, 0x08, 0x63, 0x08, 0x63, 0x08, 0x63, 0x08, 0x63, 0x08,
  0x63, 0x08, 0x63, 0x08, 0x63, 0x08, 0x63, 0x08, 0x63, 0x08, 0x63, 0x08, 0x63, 0x08, 0x63, 0x08,
  0x63, 0x08, 0x63, 0x08, 0x63, 0x08, 0x63, 0x08, 0x63, 0x08, 0x63, 0x08, 0x63, 0x08, 0x63, 0x08,
  0x63, 0x08, 0x63, 0x08, 0x63, 0x08, 0x63, 0x08, 0x63, 0x08, 0x63, 0x08, 0x63, 0x08, 0x63, 0x08,
  0x63, 0x08, 0x63, 0x08, 0x63, 0x08, 0x63, 0x08, 0x63, 0x08, 0x63, 0x08, 0x63, 0x08, 0x63, 0x08,
  0x63, 0x08, 0x63, 0x08, 0x63, 0x08, 0x63, 0x08, 0x63, 0x08, 0x63, 0x08, 0x63, 0x08, 0x63, 0x08,
  0x63, 0x08, 0x63, 0x08, 0x63, 0x08, 0x63, 0x08, 0x63, 0x08, 0x63, 0x08, 0x63, 0x08, 0x63, 0x08,
  0x63, 0x08, 0x63, 0x08, 0x63, 0x08, 0x63, 0x08, 0x63, 0x08, 0x63, 0x08, 0x63, 0x08, 0x63, 0x08,
  0x63, 0x08, 0x63, 0x08, 0x63, 0x08, 0x63, 0x08, 0x63, 0x08, 0x63, 0x08, 0x63, 0x08, 0x63, 0x08,
  0x63, 0x08, 0x63, 0x08, 0x63, 0x08, 0x63, 0x08, 0x63, 0x08, 0x63, 0x08, 0x63, 0x08, 0x63, 0x08,
  0x63, 0x08, 0x63, 0x08, 0x63, 0x08, 0x63, 0x08, 0x63, 0x08, 0x63, 0x08, 0x63, 0x08, 0x63, 0x08,
  0x63, 0x08, 0x63, 0x08, 0x63, 0x08, 0x63, 0x08, 0x63, 0x08, 0x63, 0x08, 0x63, 0x08, 0x63, 0x08,
  0x63, 0x08, 0x63, 0x08, 0x63, 0x08, 0x63, 0x08, 0x63, 0x08, 0x63, 0x08, 0x63, 0x08, 0x63, 0x08,
  0x63, 0x08, 0x63, 0x08, 0x63, 0x08, 0x63, 0x08, 0x63, 0x08, 0x63, 0x08, 0x63, 0x08, 0x63, 0x08,
  0x63, 0x08, 0x63, 0x08, 0x63, 0x08, 0x63, 0x08, 0x63, 0x08, 0x63, 0x08, 0x63, 0x08, 0x63, 0x08,
  0x63, 0x08, 0x63, 0x08, 0x63, 0x08, 0x63, 0x08, 0x63, 0x08, 0x63, 0x08, 0x63, 0x08, 0x63, 0x08,
  0x63, 0x08, 0x63, 0x08, 0x63, 0x08, 0x63, 0x08, 0x63, 0x08, 0x63, 0x08, 0x63, 0x08, 0x63, 0x08,
  0x63, 0x08, 0x63, 0x08, 0x63, 0x08, 0x63, 0x08, 0x63, 0x08, 0x63, 0x08, 0x63, 0x08, 0x63, 0x08,
  0x63, 0x08, 0x63, 0x08, 0x63, 0x08, 0x63, 0x08, 0x63, 0x08, 0x63, 0x08, 0x63, 0x08, 0x63, 0x08,
  0x63, 0x08, 0x63, 0x08, 0x63, 0x08, 0x63, 0x08, 0x63, 0x08, 0x63, 0x08, 0x63, 0x08, 0x63, 0x08,
  0x63, 0x08, 0x63, 0x08, 0x63, 0x08, 0x63, 0x08, 0x63, 0x08, 0x63, 0x08, 0x63, 0x08, 0x63, 0x08,
  0x63, 0x08, 0x63, 0x08, 0x63, 0x08, 0x63, 0x08, 0x63, 0x08, 0x63, 0x08, 0x63, 0x08, 0x63, 0x08,
  0x63, 0x08, 0x63, 0x08, 0x63, 0x08, 0x63, 0x08, 0x63, 0x08, 0x63, 0x08, 0x63, 0x08, 0x63, 0x08,
  0x63, 0x08, 0x63, 0x08, 0x63, 0x08, 0x63, 0x08, 0x63, 0x08, 0x63, 0x08, 0x63, 0x08, 0x63, 0x08,
  0x63, 0x08, 0x63, 0x08, 0x63, 0x08, 0x63, 0x08, 0x63, 0x08, 0x63, 0x08, 0x63, 0x08, 0x63, 0x08,
  0x63, 0x08, 0x63, 0x08, 0x63, 0x08, 0x63, 0x08, 0x63, 0x08, 0x63, 0x08, 0x63, 0x08, 0x63, 0x08,
  0x63, 0x08, 0x63, 0x08, 0x63, 0x08, 0x63, 0x08, 0x63, 0x08, 0x63, 0x08, 0x63, 0x08, 0x63, 0x08,
  0x63, 0x08, 0x63, 0x08, 0x63, 0x08, 0x63, 0x08, 0x63, 0x08, 0x63, 0x08, 0x63, 0x08, 0x63, 0x08,
  0x63, 0x08, 0x63, 0x08, 0x63, 0x08, 0x63, 0x08, 0x63, 0x08, 0x63, 0x08, 0x63, 0x08, 0x63, 0x08,
  0x63, 0x08, 0x63, 0x08, 0x63, 0x08, 0x63, 0x08, 0x63, 0x08, 0x63, 0x08, 0x63, 0x08, 0x63, 0x08,
  0x63, 0x08, 0x63, 0x08, 0x63, 0x08, 0x63, 0x08, 0x63, 0x08, 0x63, 0x08, 0x63, 0x08, 0x63, 0x08,
  0x63, 0x08, 0x63, 0x08, 0x63, 0x08, 0x63, 0x08, 0x63, 0x08, 0x63, 0x08, 0x63, 0x08, 0x63, 0x08,
  0x63, 0x08, 0x63, 0x08, 0x63, 0x08, 0x63, 0x08, 0x63, 0x08, 0x63, 0x08, 0x63, 0x08, 0x63, 0x08,
  0x63, 0x08, 0x63, 0x08, 0x63, 0x08, 0x63, 0x08, 0x63, 0x08, 0x63, 0x08, 0x63, 0x08, 0x63, 0x08,
  0x63, 0x08, 0x63, 0x08, 0x63, 0x08, 0x63, 0x08, 0x63, 0x08, 0x63, 0x08, 0x63, 0x08, 0x63, 0x08,
  0x63, 0x08, 0x63, 0x08, 0x63, 0x08, 0x63, 0x08, 0x63, 0x08, 0x63, 0x08, 0x63, 0x08, 0x63, 0x08,
  0x63, 0x08, 0x63, 0x08, 0x63, 0x08, 0x63, 0x08, 0x63, 0x08, 0x63, 0x08, 0x63, 0x08, 0x63, 0x08,
  0x63, 0x08, 0x63, 0x08, 0x63, 0x08, 0x63, 0x08, 0x63, 0x08, 0x63, 0x08, 0x63, 0x08, 0x63, 0x08,
  0x63, 0x08, 0x63, 0x08, 0x63, 0x08, 0x63, 0x08, 0x63, 0x08, 0x63, 0x08, 0x63, 0x08, 0x63, 0x08,
  0x63, 0x08, 0x63, 0x08, 0x63, 0x08, 0x63, 0x08, 0x63, 0x08, 0x63, 0x08, 0x63, 0x08, 0x63, 0x08,
  0x63, 0x08, 0x63, 0x08, 0x63, 0x08, 0x63, 0x08, 0x63, 0x08, 0x63, 0x08, 0x63, 0x08, 0x63, 0x08,
  0x63, 0x08, 0x63, 0x08, 0x63, 0x08, 0x63, 0x08, 0x63, 0x08, 0x63, 0x08, 0x63, 0x08, 0x63, 0x08,
  0x63, 0x08, 0x63, 0x08, 0x63, 0x08, 0x63, 0x08, 0x63, 0x08, 0x63, 0x08, 0x63, 0x08, 0x63, 0x08,
  0x63, 0x08, 0x63, 0x08, 0x63, 0x08, 0x63, 0x08, 0x63, 0x08, 0x63, 0x08, 0x63, 0x08, 0x63, 0x08,
  0x63, 0x08, 0x63, 0x08, 0x63, 0x08, 0x63, 0x08, 0x63, 0x08, 0x63, 0x08, 0x63, 0x08, 0x63, 0x08,
  0x63, 0x08, 0x63, 0x08, 0x63, 0x08, 0x63, 0x08, 0x63, 0x08, 0x63, 0x08, 0x63, 0x08, 0x63, 0x08,
  0x63, 0x08, 0x63, 0x08, 0x63, 0x08, 0x63, 0x08, 0x63, 0x08, 0x63, 0x08, 0x63, 0x08, 0x63, 0x08,
  0x63, 0x08, 0x63, 0x08, 0x63, 0x08, 0x63, 0x08, 0x63, 0x08, 0x63, 0x08, 0x63, 0x08, 0x63, 0x08,
  0x63, 0x08, 0x63, 0x08, 0x63, 0x08, 0x63, 0x08, 0x63, 0x08, 0x63, 0x08, 0x63, 0x08, 0x63, 0x08,
  0x63, 0x08, 0x63, 0x08, 0x63, 0x08, 0x63, 0x08, 0x63, 0x08, 0x63, 0x08, 0x63, 0x08, 0x63, 0x08,
  0x63, 0x08, 0x63, 0x08, 0x63, 0x08, 0x63, 0x08, 0x63, 0x08, 0x63, 0x08, 0x63, 0x08, 0x63, 0x08,
  0x63, 0x08, 0x63, 0x08, 0x63, 0x08, 0x63, 0x08, 0x63, 0x08, 0x63, 0x08, 0x63, 0x08, 0x63, 0x08,
  0x63, 0x08, 0x63, 0x08, 0x63, 0x08, 0x63, 0x08, 0x63, 0x08, 0x63, 0x08, 0x63, 0x08, 0x63, 0x08,
  0x63, 0x08, 0x63, 0x08, 0x63, 0x08, 0x63, 0x08, 0x63, 0x08, 0x63, 0x08, 0x63, 0x08, 0x63, 0x08,
  0x63, 0x08, 0x63, 0x08, 0x63, 0x08, 0x63, 0x08, 0x63, 0x08, 0x63, 0x08, 0x63, 0x08, 0x63, 0x08,
  0x63, 0x08, 0x63, 0x08, 0x63, 0x08, 0x63, 0x08, 0x63, 0x08, 0x63, 0x08, 0x63, 0x08, 0x63, 0x08,
  0x63, 0x08, 0x63, 0x08, 0x63, 0x08, 0x63, 0x08, 0x63, 0x08, 0x63, 0x08, 0x63, 0x08, 0x63, 0x08,
  0x63, 0x08, 0x63, 0x08, 0x63, 0x08, 0x63, 0x08, 0x63, 0x08, 0x63, 0x08, 0x63, 0x08, 0x63, 0x08,
  0x63, 0x08, 0x63, 0x08, 0x63, 0x08, 0x63, 0x08, 0x63, 0x08, 0x63, 0x08, 0x63, 0x08, 0x63, 0x08,
  0x63, 0x08, 0x63, 0x08, 0x63, 0x08, 0x63, 0x08, 0x63, 0x08, 0x63, 0x08, 0x63, 0x08, 0x63, 0x08,
  0x63, 0x08, 0x63, 0x08, 0x63, 0x08, 0x63, 0x08, 0x63, 0x08, 0x63, 0x08, 0x63, 0x08, 0x63, 0x08,
  0x63, 0x08, 0x63, 0x08, 0x63, 0x08, 0x63, 0x08, 0x63, 0x08, 0x63, 0x08, 0x63, 0x08, 0x63, 0x08,
  0x63, 0x08, 0x63, 0x08, 0x63, 0x08, 0x63, 0x08, 0x63, 0x08, 0x63, 0x08, 0x63, 0x08, 0x63, 0x08,
  0x63, 0x08, 0x63, 0x08, 0x63, 0x08, 0x63, 0x08, 0x63, 0x08, 0x63, 0x08, 0x63, 0x08, 0x63, 0x08,
  0x63, 0x08, 0x63, 0x08, 0x63, 0x08, 0x63, 0x08, 0x63, 0x08, 0x63, 0x08, 0x63, 0x08, 0x63, 0x08,
  0x63, 0x08, 0x63, 0x08, 0x63, 0x08, 0x63, 0x08, 0x63, 0x08, 0x63, 0x08, 0x63, 0x08, 0x63, 0x08,
  0x63, 0x08, 0x63, 0x08, 0x63, 0x08, 0x63, 0x08, 0x63, 0x08, 0x63, 0x08, 0x63, 0x08, 0x63, 0x08,
  0x63, 0x08, 0x63, 0x08, 0x63, 0x08, 0x63, 0x08, 0x63, 0x08, 0x63, 0x08, 0x63, 0x08, 0x63, 0x08,
  0x63, 0x08, 0x63, 0x08, 0x63, 0x08, 0x63, 0x08, 0x63, 0x08, 0x63, 0x08, 0x63, 0x08, 0x63, 0x08,
  0x63, 0x08, 0x63, 0x08, 0x63, 0x08, 0x63, 0x08, 0x63, 0x08, 0x63, 0x08, 0x63, 0x08, 0x63, 0x08,
  0x63, 0x08, 0x63, 0x08, 0x63, 0x08, 0x63, 0x08, 0x63, 0x08, 0x63, 0x08, 0x63, 0x08, 0x63, 0x08,
  0x63, 0x08, 0x63, 0x08, 0x63, 0x08, 0x63, 0x08, 0x63, 0x08, 0x63, 0x08, 0x63, 0x08, 0x63, 0x08,
  0x63, 0x08, 0x63, 0x08, 0x63, 0x08, 0x63, 0x08, 0x63, 0x08, 0x63, 0x08, 0x63, 0x08, 0x63, 0x08,
  0x63, 0x08, 0x63, 0x08, 0x63, 0x08, 0x63, 0x08, 0x63, 0x08, 0x63, 0x08, 0x63, 0x08, 0x63, 0x08,
  0x63, 0x08, 0x63, 0x08, 0x63, 0x08, 0x63, 0x08, 0x63, 0x08, 0x63, 0x08, 0x63, 0x08, 0x63, 0x08,
  0x63, 0x08, 0x63, 0x08, 0x63, 0x08, 0x63, 0x08, 0x63, 0x08, 0x63, 0x08, 0x63, 0x08, 0x63, 0x08,
  0x63, 0x08, 0x63, 0x08, 0x63, 0x08, 0x63, 0x08, 0x63, 0x08, 0x63, 0x08, 0x63, 0x08, 0x63, 0x08,
  0x63, 0x08, 0x63, 0x08, 0x63, 0x08, 0x63, 0x08, 0x63, 0x08, 0x63, 0x08, 0x63, 0x08, 0x63, 0x08,
  0x63, 0x08, 0x63, 0x08, 0x63, 0x08, 0x63, 0x08, 0x63, 0x08, 0x63, 0x08, 0x63, 0x08, 0x63, 0x08,
  0x63, 0x08, 0x63, 0x08, 0x63, 0x08, 0x63, 0x08, 0x63, 0x08, 0x63, 0x08, 0x63, 0x08, 0x63, 0x08,
  0x63, 0x08, 0x63, 0x08, 0x63, 0x08, 0x63, 0x08, 0x63, 0x08, 0x63, 0x08, 0x63, 0x08, 0x63, 0x08,
  0x63, 0x08, 0x63, 0x08, 0x63, 0x08, 0x63, 0x08, 0x63, 0x08, 0x63, 0x08, 0x63, 0x08, 0x63, 0x08,
  0x63, 0x08, 0x63, 0x08, 0x63, 0x08, 0x63, 0x08, 0x63, 0x08, 0x63, 0x08, 0x63, 0x08, 0x63, 0x08,
  0x63, 0x08, 0x63, 0x08, 0x63, 0x08, 0x63, 0x08, 0x63, 0x08, 0x63, 0x08, 0x63, 0x08, 0x63, 0x08,
  0x63, 0x08, 0x63, 0x08, 0x63, 0x08, 0x63, 0x08, 0x63, 0x08, 0x63, 0x08, 0x63, 0x08, 0x63, 0x08,
  0x63, 0x08, 0x63, 0x08, 0x63, 0x08, 0x63, 0x08, 0x63, 0x08, 0x63, 0x08, 0x63, 0x08, 0x63, 0x08,
  0x63, 0x08, 0x63, 0x08, 0x63, 0x08, 0x63, 0x08, 0x63, 0x08, 0x63, 0x08, 0x63, 0x08, 0x63, 0x08,
  0x63, 0x08, 0x63, 0x08, 0x63, 0x08, 0x63, 0x08, 0x63, 0x08, 0x63, 0x08, 0x63, 0x08, 0x63, 0x08,
  0x63, 0x08, 0x63, 0x08, 0x63, 0x08, 0x63, 0x08, 0x63, 0x08, 0x63, 0x08, 0x63, 0x08, 0x63, 0x08,
  0x63, 0x08, 0x63, 0x08, 0x63, 0x08, 0x63, 0x08, 0x63, 0x08, 0x63, 0x08, 0x63, 0x08, 0x63, 0x08,
  0x63, 0x08, 0x63, 0x08, 0x63, 0x08, 0x63, 0x08, 0x63, 0x08, 0x63, 0x08, 0x63, 0x08, 0x63, 0x08,
  0x63, 0x08, 0x63, 0x08, 0x63, 0x08, 0x63, 0x08, 0x63, 0x08, 0x63, 0x08, 0x63, 0x08, 0x63, 0x08,
  0x63, 0x08, 0x63, 0x08, 0x63, 0x08, 0x63, 0x08, 0x63, 0x08, 0x63, 0x08, 0x63, 0x08, 0x63, 0x08,
  0x63, 0x08, 0x63, 0x08, 0x63, 0x08, 0x63, 0x08, 0x63, 0x08, 0x63, 0x08, 0x63, 0x08, 0x63, 0x08,
  0x63, 0x08, 0x63, 0x08, 0x63, 0x08, 0x63, 0x08, 0x63, 0x08, 0x63, 0x08, 0x63, 0x08, 0x63, 0x08,
  0x63, 0x08, 0x63, 0x08, 0x63, 0x08, 0x63, 0x08, 0x63, 0x08, 0x63, 0x08, 0x63, 0x08, 0x63, 0x08,
  0x63, 0x08, 0x63, 0x08, 0x63, 0x08, 0x63, 0x08, 0x63, 0x08, 0x63, 0x08, 0x63, 0x08, 0x63, 0x08,
  0x63, 0x08, 0x63, 0x08, 0x63, 0x08, 0x63, 0x08, 0x63, 0x08, 0x63, 0x08, 0x63, 0x08, 0x63, 0x08,
  0x63, 0x08, 0x63, 0x08, 0x63, 0x08, 0x63, 0x08, 0x63, 0x08, 0x63, 0x08, 0x63, 0x08, 0x63, 0x08,
  0x63, 0x08, 0x63, 0x08, 0x63, 0x08, 0x63, 0x08, 0x63, 0x08, 0x63, 0x08, 0x63, 0x08, 0x63, 0x08,
  0x63, 0x08, 0x63, 0x08, 0x63, 0x08, 0x63, 0x08, 0x63, 0x08, 0x63, 0x08, 0x63, 0x08, 0x63, 0x08,
  0x63, 0x08, 0x63, 0x08, 0x63, 0x08, 0x63, 0x08, 0x63, 0x08, 0x63, 0x08, 0x63, 0x08, 0x63, 0x08,
  0x63, 0x08, 0x63, 0x08, 0x63, 0x08, 0x63, 0x08, 0x63, 0x08, 0x63, 0x08, 0x63, 0x08, 0x63, 0x08,
  0x63, 0x08, 0x63, 0x08, 0x63, 0x08, 0x63, 0x08, 0x63, 0x08, 0x63, 0x08, 0x63, 0x08, 0x63, 0x08,
  0x63, 0x08, 0x63, 0x08, 0x63, 0x08, 0x63, 0x08, 0x63, 0x08, 0x63, 0x08, 0x63, 0x08, 0x63, 0x08,
  0x63, 0x08, 0x63, 0x08, 0x63, 0x08, 0x63, 0x08, 0x63, 0x08, 0x63, 0x08, 0x63, 0x08, 0x63, 0x08,
  0x63, 0x08, 0x63, 0x08, 0x63, 0x08, 0x63, 0x08, 0x63, 0x08, 0x63, 0x08, 0x63, 0x08, 0x63, 0x08,
  0x63, 0x08, 0x63, 0x08, 0x63, 0x08, 0x63, 0x08, 0x63, 0x08, 0x63, 0x08, 0x63, 0x08, 0x63, 0x08,
  0x63, 0x08, 0x63, 0x08, 0x63, 0x08, 0x63, 0x08, 0x63, 0x08, 0x63, 0x08, 0x63, 0x08, 0x63, 0x08,
  0x63, 0x08, 0x63, 0x08, 0x63, 0x08, 0x63, 0x08, 0x63, 0x08, 0x63, 0x08, 0x63, 0x08, 0x63, 0x08,
  0x63, 0x08, 0x63, 0x08, 0x63, 0x08, 0x63, 0x08, 0x63, 0x08, 0x63, 0x08, 0x63, 0x08, 0x63, 0x08,
  0x63, 0x08, 0x63, 0x08, 0x63, 0x08, 0x63, 0x08, 0x63, 0x08, 0x63, 0x08, 0x63, 0x08, 0x63, 0x08,
  0x63, 0x08, 0x63, 0x08, 0x63, 0x08, 0x63, 0x08, 0x63, 0x08, 0x63, 0x08, 0x63, 0x08, 0x63, 0x08,
  0x63, 0x08, 0x63, 0x08, 0x63, 0x08, 0x63, 0x08, 0x63, 0x08, 0x63, 0x08, 0x63, 0x08, 0x63, 0x08,
  0x63, 0x08, 0x63, 0x08, 0x63, 0x08, 0x63, 0x08, 0x63, 0x08, 0x63, 0x08, 0x63, 0x08, 0x63, 0x08,
  0x63, 0x08, 0x63, 0x08, 0x63, 0x08, 0x63, 0x08, 0x63, 0x08, 0x63, 0x08, 0x63, 0x08, 0x63, 0x08,
  0x63, 0x08, 0x63, 0x08, 0x63, 0x08, 0x63, 0x08, 0x63, 0x08, 0x63, 0x08, 0x63, 0x08, 0x63, 0x08,
  0x63, 0x08, 0x63, 0x08, 0x63, 0x08, 0x63, 0x08, 0x63, 0x08, 0x63, 0x08, 0x63, 0x08, 0x63, 0x08,
  0x63, 0x08, 0x63, 0x08, 0x63, 0x08, 0x63, 0x08, 0x63, 0x08, 0x63, 0x08, 0x63, 0x08, 0x63, 0x08,
  0x63, 0x08, 0x63, 0x08, 0x63, 0x08, 0x63, 0x08, 0x63, 0x08, 0x63, 0x08, 0x63, 0x08, 0x63, 0x08,
  0x63, 0x08, 0x63, 0x08, 0x63, 0x08, 0x63, 0x08, 0x63, 0x08, 0x63, 0x08, 0x63, 0x08, 0x63, 0x08,
  0x63, 0x08, 0x63, 0x08, 0x63, 0x08, 0x63, 0x08, 0x63, 0x08, 0x63, 0x08, 0x63, 0x08, 0x63, 0x08,
  0x63, 0x08, 0x63, 0x08, 0x63, 0x08, 0x63, 0x08, 0x63, 0x08, 0x63, 0x08, 0x63, 0x08, 0x63, 0x08,
  0x63, 0x08, 0x63, 0x08, 0x63, 0x08, 0x63, 0x08, 0x63, 0x08, 0x63, 0x08, 0x63, 0x08, 0x63, 0x08,
  0x63, 0x08, 0x63, 0x08, 0x63, 0x08, 0x63, 0x08, 0x63, 0x08, 0x63, 0x08, 0x63, 0x08, 0x63, 0x08,
  0x63, 0x08, 0x63, 0x08, 0x63, 0x08, 0x63, 0x08, 0x63, 0x08, 0x63, 0x08, 0x63, 0x08, 0x63, 0x08,
  0x63, 0x08, 0x63, 0x08, 0x63, 0x08, 0x63, 0x08, 0x63, 0x08, 0x63, 0x08, 0x63, 0x08, 0x63, 0x08,
  0x63, 0x08, 0x63, 0x08, 0x63, 0x08, 0x63, 0x08, 0x63, 0x08, 0x63, 0x08, 0x63, 0x08, 0x63, 0x08,
  0x63, 0x08, 0x63, 0x08, 0x63, 0x08, 0x63, 0x08, 0x63, 0x08, 0x63, 0x08, 0x63, 0x08, 0x63, 0x08,
  0x63, 0x08, 0x63, 0x08, 0x63, 0x08, 0x63, 0x08, 0x63, 0x08, 0x63, 0x08, 0x63, 0x08, 0x63, 0x08,
  0x63, 0x08, 0x63, 0x08, 0x63, 0x08, 0x63, 0x08, 0x63, 0x08, 0x63, 0x08, 0x63, 0x08, 0x63, 0x08,
  0x63, 0x08, 0x63, 0x08, 0x63, 0x08, 0x63, 0x08, 0x63, 0x08, 0x63, 0x08, 0x63, 0x08, 0x63, 0x08,
  0x63, 0x08, 0x63, 0x08, 0x63, 0x08, 0x63, 0x08, 0x63, 0x08, 0x63, 0x08, 0x63, 0x08, 0x63, 0x08,
  0x63, 0x08, 0x63, 0x08, 0x63, 0x08, 0x63, 0x08, 0x63, 0x08, 0x63, 0x08, 0x63, 0x08, 0x63, 0x08,
  0x63, 0x08, 0x63, 0x08, 0x63, 0x08, 0x63, 0x08, 0x63, 0x08, 0x63, 0x08, 0x63, 0x08, 0x63, 0x08,
  0x63, 0x08, 0x63, 0x08, 0x63, 0x08, 0x63, 0x08, 0x63, 0x08, 0x63, 0x08, 0x63, 0x08, 0x63, 0x08,
  0x63, 0x08, 0x63, 0x08, 0x63, 0x08, 0x63, 0x08, 0x63, 0x08, 0x63, 0x08, 0x63, 0x08, 0x63, 0x08,
  0x63, 0x08, 0x63, 0x08, 0x63, 0x08, 0x63, 0x08, 0x63, 0x08, 0x63, 0x08, 0x63, 0x08, 0x63, 0x08,
  0x63, 0x08, 0x63, 0x08, 0x63, 0x08, 0x63, 0x08, 0x63, 0x08, 0x63, 0x08, 0x63, 0x08, 0x63, 0x08,
  0x63, 0x08, 0x63, 0x08, 0x63, 0x08, 0x63, 0x08, 0x63, 0x08, 0x63, 0x08, 0x63, 0x08, 0x63, 0x08,
  0x63, 0x08, 0x63, 0x08, 0x63, 0x08, 0x63, 0x08, 0x63, 0x08, 0x63, 0x08, 0x63, 0x08, 0x63, 0x08,
  0x63, 0x08, 0x63, 0x08, 0x63, 0x08, 0x63, 0x08, 0x63, 0x08, 0x63, 0x08, 0x63, 0x08, 0x63, 0x08,
  0x63, 0x08, 0x63, 0x08, 0x63, 0x08, 0x63, 0x08, 0x63, 0x08, 0x63, 0x08, 0x63, 0x08, 0x63, 0x08,
  0x63, 0x08, 0x63, 0x08, 0x63, 0x08, 0x63, 0x08, 0x63, 0x08, 0x63, 0x08, 0x63, 0x08, 0x63, 0x08,
  0x63, 0x08, 0x63, 0x08, 0x63, 0x08, 0x63, 0x08, 0x63, 0x08, 0x63, 0x08, 0x63, 0x08, 0x63, 0x08,
  0x63, 0x08, 0x63, 0x08, 0x63, 0x08, 0x63, 0x08, 0x63, 0x08, 0x63, 0x08, 0x63, 0x08, 0x63, 0x08,
  0x63, 0x08, 0x63, 0x08, 0x63, 0x08, 0x63, 0x08, 0x63, 0x08, 0x63, 0x08, 0x63, 0x08, 0x63, 0x08,
  0x63, 0x08, 0x63, 0x08, 0x63, 0x08, 0x63, 0x08, 0x63, 0x08, 0x63, 0x08, 0x63, 0x08, 0x63, 0x08,
  0x63, 0x08, 0x63, 0x08, 0x63, 0x08, 0x63, 0x08, 0x63, 0x08, 0x63, 0x08, 0x63, 0x08, 0x63, 0x08,
  0x63, 0x08, 0x63, 0x08, 0x63, 0x08, 0x63, 0x08, 0x63, 0x08, 0x63, 0x08, 0x63, 0x08, 0x63, 0x08,
  0x63, 0x08, 0x63, 0x08, 0x63, 0x08, 0x63, 0x08, 0x63, 0x08, 0x63, 0x08, 0x63, 0x08, 0x63, 0x08,
  0x63, 0x08, 0x63, 0x08, 0x63, 0x08, 0x63, 0x08, 0x63, 0x08, 0x63, 0x08, 0x63, 0x08, 0x63, 0x08,
  0x63, 0x08, 0x63, 0x08, 0x63, 0x08, 0x63, 0x08, 0x63, 0x08, 0x63, 0x08, 0x63, 0x08, 0x63, 0x08,
  0x63, 0x08, 0x63, 0x08, 0x63, 0x08, 0x63, 0x08, 0x63, 0x08, 0x63, 0x08, 0x63, 0x08, 0x63, 0x08,
  0x63, 0x08, 0x63, 0x08, 0x63, 0x08, 0x63, 0x08, 0x63, 0x08, 0x63, 0x08, 0x63, 0x08, 0x63, 0x08,
  0x63, 0x08, 0x63, 0x08, 0x63, 0x08, 0x63, 0x08, 0x63, 0x08, 0x63, 0x08, 0x63, 0x08, 0x63, 0x08,
  0x63, 0x08, 0x63, 0x08, 0x63, 0x08, 0x63, 0x08, 0x63, 0x08, 0x63, 0x08, 0x63, 0x08, 0x63, 0x08,
  0x63, 0x08, 0x63, 0x08, 0x63, 0x08, 0x63, 0x08, 0x63, 0x08, 0x63, 0x08, 0x63, 0x08, 0x63, 0x08,
  0x63, 0x08, 0x63, 0x08, 0x63, 0x08, 0x63, 0x08, 0x63, 0x08, 0x63, 0x08, 0x63, 0x08, 0x63, 0x08,
  0x63, 0x08, 0x63, 0x08, 0x63, 0x08, 0x63, 0x08, 0x63, 0x08, 0x63, 0x08, 0x63, 0x08, 0x63, 0x08,
  0x63, 0x08, 0x63, 0x08, 0x63, 0x08, 0x63, 0x08, 0x63, 0x08, 0x63, 0x08, 0x63, 0x08, 0x63, 0x08,
  0x63, 0x08, 0x63, 0x08, 0x63, 0x08, 0x63, 0x08, 0x63, 0x08, 0x63, 0x08, 0x63, 0x08, 0x63, 0x08,
  0x63, 0x08, 0x63, 0x08, 0x63, 0x08, 0x63, 0x08, 0x63, 0x08, 0x63, 0x08, 0x63, 0x08, 0x63, 0x08,
  0x63, 0x08, 0x63, 0x08, 0x63, 0x08, 0x63, 0x08, 0x63, 0x08, 0x63, 0x08, 0x63, 0x08, 0x63, 0x08,
  0x63, 0x08, 0x63, 0x08, 0x63, 0x08, 0x63, 0x08, 0x63, 0x08, 0x63, 0x08, 0x63, 0x08, 0x63, 0x08,
  0x63, 0x08, 0x63, 0x08, 0x63, 0x08, 0x63, 0x08, 0x63, 0x08, 0x63, 0x08, 0x63, 0x08, 0x63, 0x08,
  0x63, 0x08, 0x63, 0x08, 0x63, 0x08, 0x63, 0x08, 0x63, 0x08, 0x63, 0x08, 0x63, 0x08, 0x63, 0x08,
  0x63, 0x08, 0x63, 0x08, 0x63, 0x08, 0x63, 0x08, 0x63, 0x08, 0x63, 0x08, 0x63, 0x08, 0x63, 0x08,
  0x63, 0x08, 0x63, 0x08, 0x63, 0x08, 0x63, 0x08, 0x63, 0x08, 0x63, 0x08, 0x63, 0x08, 0x63, 0x08,
  0x63, 0x08, 0x63, 0x08, 0x63, 0x08, 0x63, 0x08, 0x63, 0x08, 0x63, 0x08, 0x63, 0x08, 0x63, 0x08,
  0x63, 0x08, 0x63, 0x08, 0x63, 0x08, 0x63, 0x08, 0x63, 0x08, 0x63, 0x08, 0x63, 0x08, 0x63, 0x08,
  0x63, 0x08, 0x63, 0x08, 0x63, 0x08, 0x63, 0x08, 0x63, 0x08, 0x63, 0x08, 0x63, 0x08, 0x63, 0x08,
  0x63, 0x08, 0x63, 0x08, 0x63, 0x08, 0x63, 0x08, 0x63, 0x08, 0x63, 0x08, 0x63, 0x08, 0x63, 0x08,
  0x63, 0x08, 0x63, 0x08, 0x63, 0x08, 0x63, 0x08, 0x63, 0x08, 0x63, 0x08, 0x63, 0x08, 0x63, 0x08,
  0x63, 0x08, 0x63, 0x08, 0x63, 0x08, 0x63, 0x08, 0x63, 0x08, 0x63, 0x08, 0x63, 0x08, 0x63, 0x08,
  0x63, 0x08, 0x63, 0x08, 0x63, 0x08, 0x63, 0x08, 0x63, 0x08, 0x63, 0x08, 0x63, 0x08, 0x63, 0x08,
  0x63, 0x08, 0x63, 0x08, 0x63, 0x08, 0x63, 0x08, 0x63, 0x08, 0x63, 0x08, 0x63, 0x08, 0x63, 0x08,
  0x63, 0x08, 0x63, 0x08, 0x63, 0x08, 0x63, 0x08, 0x63, 0x08, 0x63, 0x08, 0x63, 0x08, 0x63, 0x08,
  0x63, 0x08, 0x63, 0x08, 0x63, 0x08, 0x63, 0x08, 0x63, 0x08, 0x63, 0x08, 0x63, 0x08, 0x63, 0x08,
  0x63, 0x08, 0x63, 0x08, 0x63, 0x08, 0x63, 0x08, 0x63, 0x08, 0x63, 0x08, 0x63, 0x08, 0x63, 0x08,
  0x63, 0x08, 0x63, 0x08, 0x63, 0x08, 0x63, 0x08, 0x63, 0x08, 0x63, 0x08, 0x63, 0x08, 0x63, 0x08,
  0x63, 0x08, 0x63, 0x08, 0x63, 0x08, 0x63, 0x08, 0x63, 0x08, 0x63, 0x08, 0x63, 0x08, 0x63, 0x08,
  0x63, 0x08, 0x63, 0x08, 0x63, 0x08, 0x63, 0x08, 0x63, 0x08, 0x63, 0x08, 0x63, 0x08, 0x63, 0x08,
  0x63, 0x08, 0x63, 0x08, 0x63, 0x08, 0x63, 0x08, 0x63, 0x08, 0x63, 0x08, 0x63, 0x08, 0x63, 0x08,
  0x63, 0x08, 0x63, 0x08, 0x63, 0x08, 0x63, 0x08, 0x63, 0x08, 0x63, 0x08, 0x63, 0x08, 0x63, 0x08,
  0x63, 0x08, 0x63, 0x08, 0x63, 0x08, 0x63, 0x08, 0x63, 0x08, 0x63, 0x08, 0x63, 0x08, 0x63, 0x08,
  0x63, 0x08, 0x63, 0x08, 0x63, 0x08, 0x63, 0x08, 0x63, 0x08, 0x63, 0x08, 0x63, 0x08, 0x63, 0x08,
  0x63, 0x08, 0x63, 0x08, 0x63, 0x08, 0x63, 0x08, 0x63, 0x08, 0x63, 0x08, 0x63, 0x08, 0x63, 0x08,
  0x63, 0x08, 0x63, 0x08, 0x63, 0x08, 0x63, 0x08, 0x63, 0x08, 0x63, 0x08, 0x63, 0x08, 0x63, 0x08,
  0x63, 0x08, 0x63, 0x08, 0x63, 0x08, 0x63, 0x08, 0x63, 0x08, 0x63, 0x08, 0x63, 0x08, 0x63, 0x08,
  0x63, 0x08, 0x63, 0x08, 0x63, 0x08, 0x63, 0x08, 0x63, 0x08, 0x63, 0x08, 0x63, 0x08, 0x63, 0x08,
  0x63, 0x08, 0x63, 0x08, 0x63, 0x08, 0x63, 0x08, 0x63, 0x08, 0x63, 0x08, 0x63, 0x08, 0x63, 0x08,
  0x63, 0x08, 0x63, 0x08, 0x63, 0x08, 0x63, 0x08, 0x63, 0x08, 0x63, 0x08, 0x63, 0x08, 0x63, 0x08,
  0x63, 0x08, 0x63, 0x08, 0x63, 0x08, 0x63, 0x08, 0x63, 0x08, 0x63, 0x08, 0x63, 0x08, 0x63, 0x08,
  0x63, 0x08, 0x63, 0x08, 0x63, 0x08, 0x63, 0x08, 0x63, 0x08, 0x63, 0x08, 0x63, 0x08, 0x63, 0x08,
  0x63, 0x08, 0x63, 0x08, 0x63, 0x08, 0x63, 0x08, 0x63, 0x08, 0x63, 0x08, 0x63, 0x08, 0x63, 0x08,
  0x63, 0x08, 0x63, 0x08, 0x63, 0x08, 0x63, 0x08, 0x63, 0x08, 0x63, 0x08, 0x63, 0x08, 0x63, 0x08,
  0x63, 0x08, 0x63, 0x08, 0x63, 0x08, 0x63, 0x08, 0x63, 0x08, 0x63, 0x08, 0x63, 0x08, 0x63, 0x08,
  0x63, 0x08, 0x63, 0x08, 0x63, 0x08, 0x63, 0x08, 0x63, 0x08, 0x63, 0x08, 0x63, 0x08, 0x63, 0x08,
  0x63, 0x08, 0x63, 0x08, 0x63, 0x08, 0x63, 0x08, 0x63, 0x08, 0x63, 0x08, 0x63, 0x08, 0x63, 0x08,
  0x63, 0x08, 0x63, 0x08, 0x63, 0x08, 0x63, 0x08, 0x63, 0x08, 0x63, 0x08, 0x63, 0x08, 0x63, 0x08,
  0x63, 0x08, 0x63, 0x08, 0x63, 0x08, 0x63, 0x08, 0x63, 0x08, 0x63, 0x08, 0x63, 0x08, 0x63, 0x08,
  0x63, 0x08, 0x63, 0x08, 0x63, 0x08, 0x63, 0x08, 0x63, 0x08, 0x63, 0x08, 0x63, 0x08, 0x63, 0x08,
  0x63, 0x08, 0x63, 0x08, 0x63, 0x08, 0x63, 0x08, 0x63, 0x08, 0x63, 0x08, 0x63, 0x08, 0x63, 0x08,
  0x63, 0x08, 0x63, 0x08, 0x63, 0x08, 0x63, 0x08, 0x63, 0x08, 0x63, 0x08, 0x63, 0x08, 0x63, 0x08,
  0x63, 0x08, 0x63, 0x08, 0x63, 0x08, 0x63, 0x08, 0x63, 0x08, 0x63, 0x08, 0x63, 0x08, 0x63, 0x08,
  0x63, 0x08, 0x63, 0x08, 0x63, 0x08, 0x63, 0x08, 0x63, 0x08, 0x63, 0x08, 0x63, 0x08, 0x63, 0x08,
  0x63, 0x08, 0x63, 0x08, 0x63, 0x08, 0x63, 0x08, 0x63, 0x08, 0x63, 0x08, 0x63, 0x08, 0x63, 0x08,
  0x63, 0x08, 0x63, 0x08, 0x63, 0x08, 0x63, 0x08, 0x63, 0x08, 0x63, 0x08, 0x63, 0x08, 0x63, 0x08,
  0x63, 0x08, 0x63, 0x08, 0x63, 0x08, 0x63, 0x08, 0x63, 0x08, 0x63, 0x08, 0x63, 0x08, 0x63, 0x08,
  0x63, 0x08, 0x63, 0x08, 0x63, 0x08, 0x63, 0x08, 0x63, 0x08, 0x63, 0x08, 0x63, 0x08, 0x63, 0x08,
  0x63, 0x08, 0x63, 0x08, 0x63, 0x08, 0x63, 0x08, 0x63, 0x08, 0x63, 0x08, 0x63, 0x08, 0x63, 0x08,
  0x63, 0x08, 0x63, 0x08, 0x63, 0x08, 0x63, 0x08, 0x63, 0x08, 0x63, 0x08, 0x63, 0x08, 0x63, 0x08,
  0x63, 0x08, 0x63, 0x08, 0x63, 0x08, 0x63, 0x08, 0x63, 0x08, 0x63, 0x08, 0x63, 0x08, 0x63, 0x08,
  0x63, 0x08, 0x63, 0x08, 0x63, 0x08, 0x63, 0x08, 0x63, 0x08, 0x63, 0x08, 0x63, 0x08, 0x63, 0x08,
  0x63, 0x08, 0x63, 0x08, 0x63, 0x08, 0x63, 0x08, 0x63, 0x08, 0x63, 0x08, 0x63, 0x08, 0x63, 0x08,
  0x63, 0x08, 0x63, 0x08, 0x63, 0x08, 0x63, 0x08, 0x63, 0x08, 0x63, 0x08, 0x63, 0x08, 0x63, 0x08,
  0x63, 0x08, 0x63, 0x08, 0x63, 0x08, 0x63, 0x08, 0x63, 0x08, 0x63, 0x08, 0x63, 0x08, 0x63, 0x08,
  0x63, 0x08, 0x63, 0x08, 0x63, 0x08, 0x63, 0x08, 0x63, 0x08, 0x63, 0x08, 0x63, 0x08, 0x63, 0x08,
  0x63, 0x08, 0x63, 0x08, 0x63, 0x08, 0x63, 0x08, 0x63, 0x08, 0x63, 0x08, 0x63, 0x08, 0x63, 0x08,
  0x63, 0x08, 0x63, 0x08, 0x63, 0x08, 0x63, 0x08, 0x63, 0x08, 0x63, 0x08, 0x63, 0x08, 0x63, 0x08,
  0x63, 0x08, 0x63, 0x08, 0x63, 0x08, 0x63, 0x08, 0x63, 0x08, 0x63, 0x08, 0x63, 0x08, 0x63, 0x08,
  0x63, 0x08, 0x63, 0x08, 0x63, 0x08, 0x63, 0x08, 0x63, 0x08, 0x63, 0x08, 0x63, 0x08, 0x63, 0x08,
  0x63, 0x08, 0x63, 0x08, 0x63, 0x08, 0x63, 0x08, 0x63, 0x08, 0x63, 0x08, 0x63, 0x08, 0x63, 0x08,
  0x63, 0x08, 0x63, 0x08, 0x63, 0x08, 0x63, 0x08, 0x63, 0x08, 0x63, 0x08, 0x63, 0x08, 0x63, 0x08,
  0x63, 0x08, 0x63, 0x08, 0x63, 0x08, 0x63, 0x08, 0x63, 0x08, 0x63, 0x08, 0x63, 0x08, 0x63, 0x08,
  0x63, 0x08, 0x63, 0x08, 0x63, 0x08, 0x63, 0x08, 0x63, 0x08, 0x63, 0x08, 0x63, 0x08, 0x63, 0x08,
  0x63, 0x08, 0x63, 0x08, 0x63, 0x08, 0x63, 0x08, 0x63, 0x08, 0x63, 0x08, 0x63, 0x08, 0x63, 0x08,
  0x63, 0x08, 0x63, 0x08, 0x63, 0x08, 0x63, 0x08, 0x63, 0x08, 0x63, 0x08, 0x63, 0x08, 0x63, 0x08,
  0x63, 0x08, 0x63, 0x08, 0x63, 0x08, 0x63, 0x08, 0x63, 0x08, 0x63, 0x08, 0x63, 0x08, 0x63, 0x08,
  0x63, 0x08, 0x63, 0x08, 0x63, 0x08, 0x63, 0x08, 0x63, 0x08, 0x63, 0x08, 0x63, 0x08, 0x63, 0x08,
  0x63, 0x08, 0x63, 0x08, 0x63, 0x08, 0x63, 0x08, 0x63, 0x08, 0x63, 0x08, 0x63, 0x08, 0x63, 0x08,
  0x63, 0x08, 0x63, 0x08, 0x63, 0x08, 0x63, 0x08, 0x63, 0x08, 0x63, 0x08, 0x63, 0x08, 0x63, 0x08,
  0x63, 0x08, 0x63, 0x08, 0x63, 0x08, 0x63, 0x08, 0x63, 0x08, 0x63, 0x08, 0x63, 0x08, 0x63, 0x08,
  0x63, 0x08, 0x63, 0x08, 0x63, 0x08, 0x63, 0x08, 0x63, 0x08, 0x63, 0x08, 0x63, 0x08, 0x63, 0x08,
  0x63, 0x08, 0x63, 0x08, 0x63, 0x08, 0x63, 0x08, 0x63, 0x08, 0x63, 0x08, 0x63, 0x08, 0x63, 0x08,
  0x63, 0x08, 0x63, 0x08, 0x63, 0x08, 0x63, 0x08, 0x63, 0x08, 0x63, 0x08, 0x63, 0x08, 0x63, 0x08,
  0x63, 0x08, 0x63, 0x08, 0x63, 0x08, 0x63, 0x08, 0x63, 0x08, 0x63, 0x08, 0x63, 0x08, 0x63, 0x08,
  0x63, 0x08, 0x63, 0x08, 0x63, 0x08, 0x63, 0x08, 0x63, 0x08, 0x63, 0x08, 0x63, 0x08, 0x63, 0x08,
  0x63, 0x08, 0x63, 0x08, 0x63, 0x08, 0x63, 0x08, 0x63, 0x08, 0x63, 0x08, 0x63, 0x08, 0x63, 0x08,
  0x63, 0x08, 0x63, 0x08, 0x63, 0x08, 0x63, 0x08, 0x63, 0x08, 0x63, 0x08, 0x63, 0x08, 0x63, 0x08,
  0x63, 0x08, 0x63, 0x08, 0x63, 0x08, 0x63, 0x08, 0x63, 0x08, 0x63, 0x08, 0x63, 0x08, 0x63, 0x08,
  0x63, 0x08, 0x63, 0x08, 0x63, 0x08, 0x63, 0x08, 0x63, 0x08, 0x63, 0x08, 0x63, 0x08, 0x63, 0x08,
  0x63, 0x08, 0x63, 0x08, 0x63, 0x08, 0x63, 0x08, 0x63, 0x08, 0x63, 0x08, 0x63, 0x08, 0x63, 0x08,
  0x63, 0x08, 0x63, 0x08, 0x63, 0x08, 0x63, 0x08, 0x63, 0x08, 0x63, 0x08, 0x63, 0x08, 0x63, 0x08,
  0x63, 0x08, 0x63, 0x08, 0x63, 0x08, 0x63, 0x08, 0x63, 0x08, 0x63, 0x08, 0x63, 0x08, 0x63, 0x08,
  0x63, 0x08, 0x63, 0x08, 0x63, 0x08, 0x63, 0x08, 0x63, 0x08, 0x63, 0x08, 0x63, 0x08, 0x63, 0x08,
  0x63, 0x08, 0x63, 0x08, 0x63, 0x08, 0x63, 0x08, 0x63, 0x08, 0x63, 0x08, 0x63, 0x08, 0x63, 0x08,
  0x63, 0x08, 0x63, 0x08, 0x63, 0x08, 0x63, 0x08, 0x63, 0x08, 0x63, 0x08, 0x63, 0x08, 0x63, 0x08,
  0x63, 0x08, 0x63, 0x08, 0x63, 0x08, 0x63, 0x08, 0x63, 0x08, 0x63, 0x08, 0x63, 0x08, 0x63, 0x08,
  0x63, 0x08, 0x63, 0x08, 0x63, 0x08, 0x63, 0x08, 0x63, 0x08, 0x63, 0x08, 0x63, 0x08, 0x63, 0x08,
  0x63, 0x08, 0x63, 0x08, 0x63, 0x08, 0x63, 0x08, 0x63, 0x08, 0x63, 0x08, 0x63, 0x08, 0x63, 0x08,
  0x63, 0x08, 0x63, 0x08, 0x63, 0x08, 0x63, 0x08, 0x63, 0x08, 0x63, 0x08, 0x63, 0x08, 0x63, 0x08,
  0x63, 0x08, 0x63, 0x08, 0x63, 0x08, 0x63, 0x08, 0x63, 0x08, 0x63, 0x08, 0x63, 0x08, 0x63, 0x08,
  0x63, 0x08, 0x63, 0x08, 0x63, 0x08, 0x63, 0x08, 0x63, 0x08, 0x63, 0x08, 0x63, 0x08, 0x63, 0x08,
  0x63, 0x08, 0x63, 0x08, 0x63, 0x08, 0x63, 0x08, 0x63, 0x08, 0x63, 0x08, 0x63, 0x08, 0x63, 0x08,
  0x63, 0x08, 0x63, 0x08, 0x63, 0x08, 0x63, 0x08, 0x63, 0x08, 0x63, 0x08, 0x63, 0x08, 0x63, 0x08,
  0x63, 0x08, 0x63, 0x08, 0x63, 0x08, 0x63, 0x08, 0x63, 0x08, 0x63, 0x08, 0x63, 0x08, 0x63, 0x08,
  0x63, 0x08, 0x63, 0x08, 0x63, 0x08, 0x63, 0x08, 0x63, 0x08, 0x63, 0x08, 0x63, 0x08, 0x63, 0x08,
  0x63, 0x08, 0x63, 0x08, 0x63, 0x08, 0x63, 0x08, 0x63, 0x08, 0x63, 0x08, 0x63, 0x08, 0x63, 0x08,
  0x63, 0x08, 0x63, 0x08, 0x63, 0x08, 0x63, 0x08, 0x63, 0x08, 0x63, 0x08, 0x63, 0x08, 0x63, 0x08,
  0x63, 0x08, 0x63, 0x08, 0x63, 0x08, 0x63, 0x08, 0x63, 0x08, 0x63, 0x08, 0x63, 0x08, 0x63, 0x08,
  0x63, 0x08, 0x63, 0x08, 0x63, 0x08, 0x63, 0x08, 0x63, 0x08, 0x63, 0x08, 0x63, 0x08, 0x63, 0x08,
  0x63, 0x08, 0x63, 0x08, 0x63, 0x08, 0x63, 0x08, 0x63, 0x08, 0x63, 0x08, 0x63, 0x08, 0x63, 0x08,
  0x63, 0x08, 0x63, 0x08, 0x63, 0x08, 0x63, 0x08, 0x63, 0x08, 0x63, 0x08, 0x63, 0x08, 0x63, 0x08,
  0x63, 0x08, 0x63, 0x08, 0x63, 0x08, 0x63, 0x08, 0x63, 0x08, 0x63, 0x08, 0x63, 0x08, 0x63, 0x08,
  0x63, 0x08, 0x63, 0x08, 0x63, 0x08, 0x63, 0x08, 0x63, 0x08, 0x63, 0x08, 0x63, 0x08, 0x63, 0x08,
  0x63, 0x08, 0x63, 0x08, 0x63, 0x08, 0x63, 0x08, 0x63, 0x08, 0x63, 0x08, 0x63, 0x08, 0x63, 0x08,
  0x63, 0x08, 0x63, 0x08, 0x63, 0x08, 0x63, 0x08, 0x63, 0x08, 0x63, 0x08, 0x63, 0x08, 0x63, 0x08,
  0x63, 0x08, 0x63, 0x08, 0x63, 0x08, 0x63, 0x08, 0x63, 0x08, 0x63, 0x08, 0x63, 0x08, 0x63, 0x08,
  0x63, 0x08, 0x63, 0x08, 0x63, 0x08, 0x63, 0x08, 0x63, 0x08, 0x63, 0x08, 0x63, 0x08, 0x63, 0x08,
  0x63, 0x08, 0x63, 0x08, 0x63, 0x08, 0x63, 0x08, 0x63, 0x08, 0x63, 0x08, 0x63, 0x08, 0x63, 0x08,
  0x63, 0x08, 0x63, 0x08, 0x63, 0x08, 0x63, 0x08, 0x63, 0x08, 0x63, 0x08, 0x63, 0x08, 0x63, 0x08,
  0x63, 0x08, 0x63, 0x08, 0x63, 0x08, 0x63, 0x08, 0x63, 0x08, 0x63, 0x08, 0x63, 0x08, 0x63, 0x08,
  0x63, 0x08, 0x63, 0x08, 0x63, 0x08, 0x63, 0x08, 0x63, 0x08, 0x63, 0x08, 0x63, 0x08, 0x63, 0x08,
  0x63, 0x08, 0x63, 0x08, 0x63, 0x08, 0x63, 0x08, 0x63, 0x08, 0x63, 0x08, 0x63, 0x08, 0x63, 0x08,
  0x63, 0x08, 0x63, 0x08, 0x63, 0x08, 0x63, 0x08, 0x63, 0x08, 0x63, 0x08, 0x63, 0x08, 0x63, 0x08,
  0x63, 0x08, 0x63, 0x08, 0x63, 0x08, 0x63, 0x08, 0x63, 0x08, 0x63, 0x08, 0x63, 0x08, 0x63, 0x08,
  0x63, 0x08, 0x63, 0x08, 0x63, 0x08, 0x63, 0x08, 0x63, 0x08, 0x63, 0x08, 0x63, 0x08, 0x63, 0x08,
  0x63, 0x08, 0x63, 0x08, 0x63, 0x08, 0x63, 0x08, 0x63, 0x08, 0x63, 0x08, 0x63, 0x08, 0x63, 0x08,
  0x63, 0x08, 0x63, 0x08, 0x63, 0x08, 0x63, 0x08, 0x63, 0x08, 0x63, 0x08, 0x63, 0x08, 0x63, 0x08,
  0x63, 0x08, 0x63, 0x08, 0x63, 0x08, 0x63, 0x08, 0x63, 0x08, 0x63, 0x08, 0x63, 0x08, 0x63, 0x08,
  0x63, 0x08, 0x63, 0x08, 0x63, 0x08, 0x63, 0x08, 0x63, 0x08, 0x63, 0x08, 0x63, 0x08, 0x63, 0x08,
  0x63, 0x08, 0x63, 0x08, 0x63, 0x08, 0x63, 0x08, 0x63, 0x08, 0x63, 0x08, 0x63, 0x08, 0x63, 0x08,
  0x63, 0x08, 0x63, 0x08, 0x63, 0x08, 0x63, 0x08, 0x63, 0x08, 0x63, 0x08, 0x63, 0x08, 0x63, 0x08,
  0x63, 0x08, 0x63, 0x08, 0x63, 0x08, 0x63, 0x08, 0x63, 0x08, 0x63, 0x08, 0x63, 0x08, 0x63, 0x08,
  0x63, 0x08, 0x63, 0x08, 0x63, 0x08, 0x63, 0x08, 0x63, 0x08, 0x63, 0x08, 0x63, 0x08, 0x63, 0x08,
  0x63, 0x08, 0x63, 0x08, 0x63, 0x08, 0x63, 0x08, 0x63, 0x08, 0x63, 0x08, 0x63, 0x08, 0x63, 0x08,
  0x63, 0x08, 0x63, 0x08, 0x63, 0x08, 0x63, 0x08, 0x63, 0x08, 0x63, 0x08, 0x63, 0x08, 0x63, 0x08,
  0x63, 0x08, 0x63, 0x08, 0x63, 0x08, 0x63, 0x08, 0x63, 0x08, 0x63, 0x08, 0x63, 0x08, 0x63, 0x08,
  0x63, 0x08, 0x63, 0x08, 0x63, 0x08, 0x63, 0x08, 0x63, 0x08, 0x63, 0x08, 0x63, 0x08, 0x63, 0x08,
  0x63, 0x08, 0x63, 0x08, 0x63, 0x08, 0x63, 0x08, 0x63, 0x08, 0x63, 0x08, 0x63, 0x08, 0x63, 0x08,
  0x63, 0x08, 0x63, 0x08, 0x63, 0x08, 0x63, 0x08, 0x63, 0x08, 0x63, 0x08, 0x63, 0x08, 0x63, 0x08,
  0x63, 0x08, 0x63, 0x08, 0x63, 0x08, 0x63, 0x08, 0x63, 0x08, 0x63, 0x08, 0x63, 0x08, 0x63, 0x08,
  0x63, 0x08, 0x63, 0x08, 0x63, 0x08, 0x63, 0x08, 0x63, 0x08, 0x63, 0x08, 0x63, 0x08, 0x63, 0x08,
  0x63, 0x08, 0x63, 0x08, 0x63, 0x08, 0x63, 0x08, 0x63, 0x08, 0x63, 0x08, 0x63, 0x08, 0x63, 0x08,
  0x63, 0x08, 0x63, 0x08, 0x63, 0x08, 0x63, 0x08, 0x63, 0x08, 0x63, 0x08, 0x63, 0x08, 0x63, 0x08,
  0x63, 0x08, 0x63, 0x08, 0x63, 0x08, 0x63, 0x08, 0x63, 0x08, 0x63, 0x08, 0x63, 0x08, 0x63, 0x08,
  0x63, 0x08, 0x63, 0x08, 0x63, 0x08, 0x63, 0x08, 0x63, 0x08, 0x63, 0x08, 0x63, 0x08, 0x63, 0x08,
  0x63, 0x08, 0x63, 0x08, 0x63, 0x08, 0x63, 0x08, 0x63, 0x08, 0x63, 0x08, 0x63, 0x08, 0x63, 0x08,
  0x63, 0x08, 0x63, 0x08, 0x63, 0x08, 0x63, 0x08, 0x63, 0x08, 0x63, 0x08, 0x63, 0x08, 0x63, 0x08,
  0x63, 0x08, 0x63, 0x08, 0x63, 0x08, 0x63, 0x08, 0x63, 0x08, 0x63, 0x08, 0x63, 0x08, 0x63, 0x08,
  0x63, 0x08, 0x63, 0x08, 0x63, 0x08, 0x63, 0x08, 0x63, 0x08, 0x63, 0x08, 0x63, 0x08, 0x63, 0x08,
  0x63, 0x08, 0x63, 0x08, 0x63, 0x08, 0x63, 0x08, 0x63, 0x08, 0x63, 0x08, 0x63, 0x08, 0x63, 0x08,
  0x63, 0x08, 0x63, 0x08, 0x63, 0x08, 0x63, 0x08, 0x63, 0x08, 0x63, 0x08, 0x63, 0x08, 0x63, 0x08,
  0x63, 0x08, 0x63, 0x08, 0x63, 0x08, 0x63, 0x08, 0x63, 0x08, 0x63, 0x08, 0x63, 0x08, 0x63, 0x08,
  0x63, 0x08, 0x63, 0x08, 0x63, 0x08, 0x63, 0x08, 0x63, 0x08, 0x63, 0x08, 0x63, 0x08, 0x63, 0x08,
  0x63, 0x08, 0x63, 0x08, 0x63, 0x08, 0x63, 0x08, 0x63, 0x08, 0x63, 0x08, 0x63, 0x08, 0x63, 0x08,
  0x63, 0x08, 0x63, 0x08, 0x63, 0x08, 0x63, 0x08, 0x63, 0x08, 0x63, 0x08, 0x63, 0x08, 0x63, 0x08,
  0x63, 0x08, 0x63, 0x08, 0x63, 0x08, 0x63, 0x08, 0x63, 0x08, 0x63, 0x08, 0x63, 0x08, 0x63, 0x08,
  0x63, 0x08, 0x63, 0x08, 0x63, 0x08, 0x63, 0x08, 0x63, 0x08, 0x63, 0x08, 0x63, 0x08, 0x63, 0x08,
  0x63, 0x08, 0x63, 0x08, 0x63, 0x08, 0x63, 0x08, 0x63, 0x08, 0x63, 0x08, 0x63, 0x08, 0x63, 0x08,
  0x63, 0x08, 0x63, 0x08, 0x63, 0x08, 0x63, 0x08, 0x63, 0x08, 0x63, 0x08, 0x63, 0x08, 0x63, 0x08,
  0x63, 0x08, 0x63, 0x08, 0x63, 0x08, 0x63, 0x08, 0x63, 0x08, 0x63, 0x08, 0x63, 0x08, 0x63, 0x08,
  0x63, 0x08, 0x63, 0x08, 0x63, 0x08, 0x63, 0x08, 0x63, 0x08, 0x63, 0x08, 0x63, 0x08, 0x63, 0x08,
  0x63, 0x08, 0x63, 0x08, 0x63, 0x08, 0x63, 0x08, 0x63, 0x08, 0x63, 0x08, 0x63, 0x08, 0x63, 0x08,
  0x63, 0x08, 0x63, 0x08, 0x63, 0x08, 0x63, 0x08, 0x63, 0x08, 0x63, 0x08, 0x63, 0x08, 0x63, 0x08,
  0x63, 0x08, 0x63, 0x08, 0x63, 0x08, 0x63, 0x08, 0x63, 0x08, 0x63, 0x08, 0x63, 0x08, 0x63, 0x08,
  0x63, 0x08, 0x63, 0x08, 0x63, 0x08, 0x63, 0x08, 0x63, 0x08, 0x63, 0x08, 0x63, 0x08, 0x63, 0x08,
  0x63, 0x08, 0x63, 0x08, 0x63, 0x08, 0x63, 0x08, 0x63, 0x08, 0x63, 0x08, 0x63, 0x08, 0x63, 0x08,
  0x63, 0x08, 0x63, 0x08, 0x63, 0x08, 0x63, 0x08, 0x63, 0x08, 0x63, 0x08, 0x63, 0x08, 0x63, 0x08,
  0x63, 0x08, 0x63, 0x08, 0x63, 0x08, 0x63, 0x08, 0x63, 0x08, 0x63, 0x08, 0x63, 0x08, 0x63, 0x08,
  0x63, 0x08, 0x63, 0x08, 0x63, 0x08, 0x63, 0x08, 0x63, 0x08, 0x63, 0x08, 0x63, 0x08, 0x63, 0x08,
  0x63, 0x08, 0x63, 0x08, 0x63, 0x08, 0x63, 0x08, 0x63, 0x08, 0x63, 0x08, 0x63, 0x08, 0x63, 0x08,
  0x63, 0x08, 0x63, 0x08, 0x63, 0x08, 0x63, 0x08, 0x63, 0x08, 0x63, 0x08, 0x63, 0x08, 0x63, 0x08,
  0x63, 0x08, 0x63, 0x08, 0x63, 0x08, 0x63, 0x08, 0x63, 0x08, 0x63, 0x08, 0x63, 0x08, 0x63, 0x08,
  0x63, 0x08, 0x63, 0x08, 0x63, 0x08, 0x63, 0x08, 0x63, 0x08, 0x63, 0x08, 0x63, 0x08, 0x63, 0x08,
  0x63, 0x08, 0x63, 0x08, 0x63, 0x08, 0x63, 0x08, 0x63, 0x08, 0x63, 0x08, 0x63, 0x08, 0x63, 0x08,
  0x63, 0x08, 0x63, 0x08, 0x63, 0x08, 0x63, 0x08, 0x63, 0x08, 0x63, 0x08, 0x63, 0x08, 0x63, 0x08,
  0x63, 0x08, 0x63, 0x08, 0x63, 0x08, 0x63, 0x08, 0x63, 0x08, 0x63, 0x08, 0x63, 0x08, 0x63, 0x08,
  0x63, 0x08, 0x63, 0x08, 0x63, 0x08, 0x63, 0x08, 0x63, 0x08, 0x63, 0x08, 0x63, 0x08, 0x63, 0x08,
  0x63, 0x08, 0x63, 0x08, 0x63, 0x08, 0x63, 0x08, 0x63, 0x08, 0x63, 0x08, 0x63, 0x08, 0x63, 0x08,
  0x63, 0x08, 0x63, 0x08, 0x63, 0x08, 0x63, 0x08, 0x63, 0x08, 0x63, 0x08, 0x63, 0x08, 0x63, 0x08,
  0x63, 0x08, 0x63, 0x08, 0x63, 0x08, 0x63, 0x08, 0x63, 0x08, 0x63, 0x08, 0x63, 0x08, 0x63, 0x08,
  0x63, 0x08, 0x63, 0x08, 0x63, 0x08, 0x63, 0x08, 0x63, 0x08, 0x63, 0x08, 0x63, 0x08, 0x63, 0x08,
  0x63, 0x08, 0x63, 0x08, 0x63, 0x08, 0x63, 0x08, 0x63, 0x08, 0x63, 0x08, 0x63, 0x08, 0x63, 0x08,
  0x63, 0x08, 0x63, 0x08, 0x63, 0x08, 0x63, 0x08, 0x63, 0x08, 0x63, 0x08, 0x63, 0x08, 0x63, 0x08,
  0x63, 0x08, 0x63, 0x08, 0x63, 0x08, 0x63, 0x08, 0x63, 0x08, 0x63, 0x08, 0x63, 0x08, 0x63, 0x08,
  0x63, 0x08, 0x63, 0x08, 0x63, 0x08, 0x63, 0x08, 0x63, 0x08, 0x63, 0x08, 0x63, 0x08, 0x63, 0x08,
  0x63, 0x08, 0x63, 0x08, 0x63, 0x08, 0x63, 0x08, 0x63, 0x08, 0x63, 0x08, 0x63, 0x08, 0x63, 0x08,
  0x63, 0x08, 0x63, 0x08, 0x63, 0x08, 0x63, 0x08, 0x63, 0x08, 0x63, 0x08, 0x63, 0x08, 0x63, 0x08,
  0x63, 0x08, 0x63, 0x08, 0x63, 0x08, 0x63, 0x08, 0x63, 0x08, 0x63, 0x08, 0x63, 0x08, 0x63, 0x08,
  0x63, 0x08, 0x63, 0x08, 0x63, 0x08, 0x63, 0x08, 0x63, 0x08, 0x63, 0x08, 0x63, 0x08, 0x63, 0x08,
  0x63, 0x08, 0x63, 0x08, 0x63, 0x08, 0x63, 0x08, 0x63, 0x08, 0x63, 0x08, 0x63, 0x08, 0x63, 0x08,
  0x63, 0x08, 0x63, 0x08, 0x63, 0x08, 0x63, 0x08, 0x63, 0x08, 0x63, 0x08, 0x63, 0x08, 0x63, 0x08,
  0x63, 0x08, 0x63, 0x08, 0x63, 0x08, 0x63, 0x08, 0x63, 0x08, 0x63, 0x08, 0x63, 0x08, 0x63, 0x08,
  0x63, 0x08, 0x63, 0x08, 0x63, 0x08, 0x63, 0x08, 0x63, 0x08, 0x63, 0x08, 0x63, 0x08, 0x63, 0x08,
  0x63, 0x08, 0x63, 0x08, 0x63, 0x08, 0x63, 0x08, 0x63, 0x08, 0x63, 0x08, 0x63, 0x08, 0x63, 0x08,
  0x63, 0x08, 0x63, 0x08, 0x63, 0x08, 0x63, 0x08, 0x63, 0x08, 0x63, 0x08, 0x63, 0x08, 0x63, 0x08,
  0x63, 0x08, 0x63, 0x08, 0x63, 0x08, 0x63, 0x08, 0x63, 0x08, 0x63, 0x08, 0x63, 0x08, 0x63, 0x08,
  0x63, 0x08, 0x63, 0x08, 0x63, 0x08, 0x63, 0x08, 0x63, 0x08, 0x63, 0x08, 0x63, 0x08, 0x63, 0x08,
  0x63, 0x08, 0x63, 0x08, 0x63, 0x08, 0x63, 0x08, 0x63, 0x08, 0x63, 0x08, 0x63, 0x08, 0x63, 0x08,
  0x63, 0x08, 0x63, 0x08, 0x63, 0x08, 0x63, 0x08, 0x63, 0x08, 0x63, 0x08, 0x63, 0x08, 0x63, 0x08,
  0x63, 0x08, 0x63, 0x08, 0x63, 0x08, 0x63, 0x08, 0x63, 0x08, 0x63, 0x08, 0x63, 0x08, 0x63, 0x08,
  0x63, 0x08, 0x63, 0x08, 0x63, 0x08, 0x63, 0x08, 0x63, 0x08, 0x63, 0x08, 0x63, 0x08, 0x63, 0x08,
  0x63, 0x08, 0x63, 0x08, 0x63, 0x08, 0x63, 0x08, 0x63, 0x08, 0x63, 0x08, 0x63, 0x08, 0x63, 0x08,
  0x63, 0x08, 0x63, 0x08, 0x63, 0x08, 0x63, 0x08, 0x63, 0x08, 0x63, 0x08, 0x63, 0x08, 0x63, 0x08,
  0x63, 0x08, 0x63, 0x08, 0x63, 0x08, 0x63, 0x08, 0x63, 0x08, 0x63, 0x08, 0x63, 0x08, 0x63, 0x08,
  0x63, 0x08, 0x63, 0x08, 0x63, 0x08, 0x63, 0x08, 0x63, 0x08, 0x63, 0x08, 0x63, 0x08, 0x63, 0x08,
  0x63, 0x08, 0x63, 0x08, 0x63, 0x08, 0x63, 0x08, 0x63, 0x08, 0x63, 0x08, 0x63, 0x08, 0x63, 0x08,
  0x63, 0x08, 0x63, 0x08, 0x63, 0x08, 0x63, 0x08, 0x63, 0x08, 0x63, 0x08, 0x63, 0x08, 0x63, 0x08,
  0x63, 0x08, 0x63, 0x08, 0x63, 0x08, 0x63, 0x08, 0x63, 0x08, 0x63, 0x08, 0x63, 0x08, 0x63, 0x08,
  0x63, 0x08, 0x63, 0x08, 0x63, 0x08, 0x63, 0x08, 0x63, 0x08, 0x63, 0x08, 0x63, 0x08, 0x63, 0x08,
  0x63, 0x08, 0x63, 0x08, 0x63, 0x08, 0x63, 0x08, 0x63, 0x08, 0x63, 0x08, 0x63, 0x08, 0x63, 0x08,
  0x63, 0x08, 0x63, 0x08, 0x63, 0x08, 0x63, 0x08, 0x63, 0x08, 0x63, 0x08, 0x63, 0x08, 0x63, 0x08,
  0x63, 0x08, 0x63, 0x08, 0x63, 0x08, 0x63, 0x08, 0x63, 0x08, 0x63, 0x08, 0x63, 0x08, 0x63, 0x08,
  0x63, 0x08, 0x63, 0x08, 0x63, 0x08, 0x63, 0x08, 0x63, 0x08, 0x63, 0x08, 0x63, 0x08, 0x63, 0x08,
  0x63, 0x08, 0x63, 0x08, 0x63, 0x08, 0x63, 0x08, 0x63, 0x08, 0x63, 0x08, 0x63, 0x08, 0x63, 0x08,
  0x63, 0x08, 0x63, 0x08, 0x63, 0x08, 0x63, 0x08, 0x63, 0x08, 0x63, 0x08, 0x63, 0x08, 0x63, 0x08,
  0x63, 0x08, 0x63, 0x08, 0x63, 0x08, 0x63, 0x08, 0x63, 0x08, 0x63, 0x08, 0x63, 0x08, 0x63, 0x08,
  0x63, 0x08, 0x63, 0x08, 0x63, 0x08, 0x63, 0x08, 0x63, 0x08, 0x63, 0x08, 0x63, 0x08, 0x63, 0x08,
  0x63, 0x08, 0x63, 0x08, 0x63, 0x08, 0x63, 0x08, 0x63, 0x08, 0x63, 0x08, 0x63, 0x08, 0x63, 0x08,
  0x63, 0x08, 0x63, 0x08, 0x63, 0x08, 0x63, 0x08, 0x63, 0x08, 0x63, 0x08, 0x63, 0x08, 0x63, 0x08,
  0x63, 0x08, 0x63, 0x08, 0x63, 0x08, 0x63, 0x08, 0x63, 0x08, 0x63, 0x08, 0x63, 0x08, 0x63, 0x08,
  0x63, 0x08, 0x63, 0x08, 0x63, 0x08, 0x63, 0x08, 0x63, 0x08, 0x63, 0x08, 0x63, 0x08, 0x63, 0x08,
  0x63, 0x08, 0x63, 0x08, 0x63, 0x08, 0x63, 0x08, 0x63, 0x08, 0x63, 0x08, 0x63, 0x08, 0x63, 0x08,
  0x63, 0x08, 0x63, 0x08, 0x63, 0x08, 0x63, 0x08, 0x63, 0x08, 0x63, 0x08, 0x63, 0x08, 0x63, 0x08,
  0x63, 0x08, 0x63, 0x08, 0x63, 0x08, 0x63, 0x08, 0x63, 0x08, 0x63, 0x08, 0x63, 0x08, 0x63, 0x08,
  0x63, 0x08, 0x63, 0x08, 0x63, 0x08, 0x63, 0x08, 0x63, 0x08, 0x63, 0x08, 0x63, 0x08, 0x63, 0x08,
  0x63, 0x08, 0x63, 0x08, 0x63, 0x08, 0x63, 0x08, 0x63, 0x08, 0x63, 0x08, 0x63, 0x08, 0x63, 0x08,
  0x63, 0x08, 0x63, 0x08, 0x63, 0x08, 0x63, 0x08, 0x63, 0x08, 0x63, 0x08, 0x63, 0x08, 0x63, 0x08,
  0x63, 0x08, 0x63, 0x08, 0x63, 0x08, 0x63, 0x08, 0x63, 0x08, 0x63, 0x08, 0x63, 0x08, 0x63, 0x08,
  0x63, 0x08, 0x63, 0x08, 0x63, 0x08, 0x63, 0x08, 0x63, 0x08, 0x63, 0x08, 0x63, 0x08, 0x63, 0x08,
  0x63, 0x08, 0x63, 0x08, 0x63, 0x08, 0x63, 0x08, 0x63, 0x08, 0x63, 0x08, 0x63, 0x08, 0x63, 0x08,
  0x63, 0x08, 0x63, 0x08, 0x63, 0x08, 0x63, 0x08, 0x63, 0x08, 0x63, 0x08, 0x63, 0x08, 0x63, 0x08,
  0x63, 0x08, 0x63, 0x08, 0x63, 0x08, 0x63, 0x08, 0x63, 0x08, 0x63, 0x08, 0x63, 0x08, 0x63, 0x08,
  0x63, 0x08, 0x63, 0x08, 0x63, 0x08, 0x63, 0x08, 0x63, 0x08, 0x63, 0x08, 0x63, 0x08, 0x63, 0x08,
  0x63, 0x08, 0x63, 0x08, 0x63, 0x08, 0x63, 0x08, 0x63, 0x08, 0x63, 0x08, 0x63, 0x08, 0x63, 0x08,
  0x63, 0x08, 0x63, 0x08, 0x63, 0x08, 0x63, 0x08, 0x63, 0x08, 0x63, 0x08, 0x63, 0x08, 0x63, 0x08,
  0x63, 0x08, 0x63, 0x08, 0x63, 0x08, 0x63, 0x08, 0x63, 0x08, 0x63, 0x08, 0x63, 0x08, 0x63, 0x08,
  0x63, 0x08, 0x63, 0x08, 0x63, 0x08, 0x63, 0x08, 0x63, 0x08, 0x63, 0x08, 0x63, 0x08, 0x63, 0x08,
  0x63, 0x08, 0x63, 0x08, 0x63, 0x08, 0x63, 0x08, 0x63, 0x08, 0x63, 0x08, 0x63, 0x08, 0x63, 0x08,
  0x63, 0x08, 0x63, 0x08, 0x63, 0x08, 0x63, 0x08, 0x63, 0x08, 0x63, 0x08, 0x63, 0x08, 0x63, 0x08,
  0x63, 0x08, 0x63, 0x08, 0x63, 0x08, 0x63, 0x08, 0x63, 0x08, 0x63, 0x08, 0x63, 0x08, 0x63, 0x08,
  0x63, 0x08, 0x63, 0x08, 0x63, 0x08, 0x63, 0x08, 0x63, 0x08, 0x63, 0x08, 0x63, 0x08, 0x63, 0x08,
  0x63, 0x08, 0x63, 0x08, 0x63, 0x08, 0x63, 0x08, 0x63, 0x08, 0x63, 0x08, 0x63, 0x08, 0x63, 0x08,
  0x63, 0x08, 0x63, 0x08, 0x63, 0x08, 0x63, 0x08, 0x63, 0x08, 0x63, 0x08, 0x63, 0x08, 0x63, 0x08,
  0x63, 0x08, 0x63, 0x08, 0x63, 0x08, 0x63, 0x08, 0x63, 0x08, 0x63, 0x08, 0x63, 0x08, 0x63, 0x08,
  0x63, 0x08, 0x63, 0x08, 0x63, 0x08, 0x63, 0x08, 0x63, 0x08, 0x63, 0x08, 0x63, 0x08, 0x63, 0x08,
  0x63, 0x08, 0x63, 0x08, 0x63, 0x08, 0x63, 0x08, 0x63, 0x08, 0x63, 0x08, 0x63, 0x08, 0x63, 0x08,
  0x63, 0x08, 0x63, 0x08, 0x63, 0x08, 0x63, 0x08, 0x63, 0x08, 0x63, 0x08, 0x63, 0x08, 0x63, 0x08,
  0x63, 0x08, 0x63, 0x08, 0x63, 0x08, 0x63, 0x08, 0x63, 0x08, 0x63, 0x08, 0x63, 0x08, 0x63, 0x08,
  0x63, 0x08, 0x63, 0x08, 0x63, 0x08, 0x63, 0x08, 0x63, 0x08, 0x63, 0x08, 0x63, 0x08, 0x63, 0x08,
  0x63, 0x08, 0x63, 0x08, 0x63, 0x08, 0x63, 0x08, 0x63, 0x08, 0x63, 0x08, 0x63, 0x08, 0x63, 0x08,
  0x63, 0x08, 0x63, 0x08, 0x63, 0x08, 0x63, 0x08, 0x63, 0x08, 0x63, 0x08, 0x63, 0x08, 0x63, 0x08,
  0x63, 0x08, 0x63, 0x08, 0x63, 0x08, 0x63, 0x08, 0x63, 0x08, 0x63, 0x08, 0x63, 0x08, 0x63, 0x08,
  0x63, 0x08, 0x63, 0x08, 0x63, 0x08, 0x63, 0x08, 0x63, 0x08, 0x63, 0x08, 0x63, 0x08, 0x63, 0x08,
  0x63, 0x08, 0x63, 0x08, 0x63, 0x08, 0x63, 0x08, 0x63, 0x08, 0x63, 0x08, 0x63, 0x08, 0x63, 0x08,
  0x63, 0x08, 0x63, 0x08, 0x63, 0x08, 0x63, 0x08, 0x63, 0x08, 0x63, 0x08, 0x63, 0x08, 0x63, 0x08,
  0x63, 0x08, 0x63, 0x08, 0x63, 0x08, 0x63, 0x08, 0x63, 0x08, 0x63, 0x08, 0x63, 0x08, 0x63, 0x08,
  0x63, 0x08, 0x63, 0x08, 0x63, 0x08, 0x63, 0x08, 0x63, 0x08, 0x63, 0x08, 0x63, 0x08, 0x63, 0x08,
  0x63, 0x08, 0x63, 0x08, 0x63, 0x08, 0x63, 0x08, 0x63, 0x08, 0x63, 0x08, 0x63, 0x08, 0x63, 0x08,
  0x63, 0x08, 0x63, 0x08, 0x63, 0x08, 0x63, 0x08, 0x63, 0x08, 0x63, 0x08, 0x63, 0x08, 0x63, 0x08,
  0x63, 0x08, 0x63, 0x08, 0x63, 0x08, 0x63, 0x08, 0x63, 0x08, 0x63, 0x08, 0x63, 0x08, 0x63, 0x08,
  0x63, 0x08, 0x63, 0x08, 0x63, 0x08, 0x63, 0x08, 0x63, 0x08, 0x63, 0x08, 0x63, 0x08, 0x63, 0x08,
  0x63, 0x08, 0x63, 0x08, 0x63, 0x08, 0x63, 0x08, 0x63, 0x08, 0x63, 0x08, 0x63, 0x08, 0x63, 0x08,
  0x63, 0x08, 0x63, 0x08, 0x63, 0x08, 0x63, 0x08, 0x63, 0x08, 0x63, 0x08, 0x63, 0x08, 0x63, 0x08,
  0x63, 0x08, 0x63, 0x08, 0x63, 0x08, 0x63, 0x08, 0x63, 0x08, 0x63, 0x08, 0x63, 0x08, 0x63, 0x08,
  0x63, 0x08, 0x63, 0x08, 0x63, 0x08, 0x63, 0x08, 0x63, 0x08, 0x63, 0x08, 0x63, 0x08, 0x63, 0x08,
  0x63, 0x08, 0x63, 0x08, 0x63, 0x08, 0x63, 0x08, 0x63, 0x08, 0x63, 0x08, 0x63, 0x08, 0x63, 0x08,
  0x63, 0x08, 0x63, 0x08, 0x63, 0x08, 0x63, 0x08, 0x63, 0x08, 0x63, 0x08, 0x63, 0x08, 0x63, 0x08,
  0x63, 0x08, 0x63, 0x08, 0x63, 0x08, 0x63, 0x08, 0x63, 0x08, 0x63, 0x08, 0x63, 0x08, 0x63, 0x08,
  0x63, 0x08, 0x63, 0x08, 0x63, 0x08, 0x63, 0x08, 0x63, 0x08, 0x63, 0x08, 0x63, 0x08, 0x63, 0x08,
  0x63, 0x08, 0x63, 0x08, 0x63, 0x08, 0x63, 0x08, 0x63, 0x08, 0x63, 0x08, 0x63, 0x08, 0x63, 0x08,
  0x63, 0x08, 0x63, 0x08, 0x63, 0x08, 0x63, 0x08, 0x63, 0x08, 0x63, 0x08, 0x63, 0x08, 0x63, 0x08,
  0x63, 0x08, 0x63, 0x08, 0x63, 0x08, 0x63, 0x08, 0x63, 0x08, 0x63, 0x08, 0x63, 0x08, 0x63, 0x08,
  0x63, 0x08, 0x63, 0x08, 0x63, 0x08, 0x63, 0x08, 0x63, 0x08, 0x63, 0x08, 0x63, 0x08, 0x63, 0x08,
  0x63, 0x08, 0x63, 0x08, 0x63, 0x08, 0x63, 0x08, 0x63, 0x08, 0x63, 0x08, 0x63, 0x08, 0x63, 0x08,
  0x63, 0x08, 0x63, 0x08, 0x63, 0x08, 0x63, 0x08, 0x63, 0x08, 0x63, 0x08, 0x63, 0x08, 0x63, 0x08,
  0x63, 0x08, 0x63, 0x08, 0x63, 0x08, 0x63, 0x08, 0x63, 0x08, 0x63, 0x08, 0x63, 0x08, 0x63, 0x08,
  0x63, 0x08, 0x63, 0x08, 0x63, 0x08, 0x63, 0x08, 0x63, 0x08, 0x63, 0x08, 0x63, 0x08, 0x63, 0x08,
  0x63, 0x08, 0x63, 0x08, 0x63, 0x08, 0x63, 0x08, 0x63, 0x08, 0x63, 0x08, 0x63, 0x08, 0x63, 0x08,
  0x63, 0x08, 0x63, 0x08, 0x63, 0x08, 0x63, 0x08, 0x63, 0x08, 0x63, 0x08, 0x63, 0x08, 0x63, 0x08,
  0x63, 0x08, 0x63, 0x08, 0x63, 0x08, 0x63, 0x08, 0x63, 0x08, 0x63, 0x08, 0x63, 0x08, 0x63, 0x08,
  0x63, 0x08, 0x63, 0x08, 0x63, 0x08, 0x63, 0x08, 0x63, 0x08, 0x63, 0x08, 0x63, 0x08, 0x63, 0x08,
  0x63, 0x08, 0x63, 0x08, 0x63, 0x08, 0x63, 0x08, 0x63, 0x08, 0x63, 0x08, 0x63, 0x08, 0x63, 0x08,
  0x63, 0x08, 0x63, 0x08, 0x63, 0x08, 0x63, 0x08, 0x63, 0x08, 0x63, 0x08, 0x63, 0x08, 0x63, 0x08,
  0x63, 0x08, 0x63, 0x08, 0x63, 0x08, 0x63, 0x08, 0x63, 0x08, 0x63, 0x08, 0x63, 0x08, 0x63, 0x08,
  0x63, 0x08, 0x63, 0x08, 0x63, 0x08, 0x63, 0x08, 0x63, 0x08, 0x63, 0x08, 0x63, 0x08, 0x63, 0x08,
  0x63, 0x08, 0x63, 0x08, 0x63, 0x08, 0x63, 0x08, 0x63, 0x08, 0x63, 0x08, 0x63, 0x08, 0x63, 0x08,
  0x63, 0x08, 0x63, 0x08, 0x63, 0x08, 0x63, 0x08, 0x63, 0x08, 0x63, 0x08, 0x63, 0x08, 0x63, 0x08,
  0x63, 0x08, 0x63, 0x08, 0x63, 0x08, 0x63, 0x08, 0x63, 0x08, 0x63, 0x08, 0x63, 0x08, 0x63, 0x08,
  0x63, 0x08, 0x63, 0x08, 0x63, 0x08, 0x63, 0x08, 0x63, 0x08, 0x63, 0x08, 0x63, 0x08, 0x63, 0x08,
  0x63, 0x08, 0x63, 0x08, 0x63, 0x08, 0x63, 0x08, 0x63, 0x08, 0x63, 0x08, 0x63, 0x08, 0x63, 0x08,
  0x63, 0x08, 0x63, 0x08, 0x63, 0x08, 0x63, 0x08, 0x63, 0x08, 0x63, 0x08, 0x63, 0x08, 0x63, 0x08,
  0x63, 0x08, 0x63, 0x08, 0x63, 0x08, 0x63, 0x08, 0x63, 0x08, 0x63, 0x08, 0x63, 0x08, 0x63, 0x08,
  0x63, 0x08, 0x63, 0x08, 0x63, 0x08, 0x63, 0x08, 0x63, 0x08, 0x63, 0x08, 0x63, 0x08, 0x63, 0x08,
  0x63, 0x08, 0x63, 0x08, 0x63, 0x08, 0x63, 0x08, 0x63, 0x08, 0x63, 0x08, 0x63, 0x08, 0x63, 0x08,
  0x63, 0x08, 0x63, 0x08, 0x63, 0x08, 0x63, 0x08, 0x63, 0x08, 0x63, 0x08, 0x63, 0x08, 0x63, 0x08,
  0x63, 0x08, 0x63, 0x08, 0x63, 0x08, 0x63, 0x08, 0x63, 0x08, 0x63, 0x08, 0x63, 0x08, 0x63, 0x08,
  0x63, 0x08, 0x63, 0x08, 0x63, 0x08, 0x63, 0x08, 0x63, 0x08, 0x63, 0x08, 0x63, 0x08, 0x63, 0x08,
  0x63, 0x08, 0x63, 0x08, 0x63, 0x08, 0x63, 0x08, 0x63, 0x08, 0x63, 0x08, 0x63, 0x08, 0x63, 0x08,
  0x63, 0x08, 0x63, 0x08, 0x63, 0x08, 0x63, 0x08, 0x63, 0x08, 0x63, 0x08, 0x63, 0x08, 0x63, 0x08,
  0x63, 0x08, 0x63, 0x08, 0x63, 0x08, 0x63, 0x08, 0x63, 0x08, 0x63, 0x08, 0x63, 0x08, 0x63, 0x08,
  0x63, 0x08, 0x63, 0x08, 0x63, 0x08, 0x63, 0x08, 0x63, 0x08, 0x63, 0x08, 0x63, 0x08, 0x63, 0x08,
  0x63, 0x08, 0x63, 0x08, 0x63, 0x08, 0x63, 0x08, 0x63, 0x08, 0x63, 0x08, 0x63, 0x08, 0x63, 0x08,
  0x63, 0x08, 0x63, 0x08, 0x63, 0x08, 0x63, 0x08, 0x63, 0x08, 0x63, 0x08, 0x63, 0x08, 0x63, 0x08,
  0x63, 0x08, 0x63, 0x08, 0x63, 0x08, 0x63, 0x08, 0x63, 0x08, 0x63, 0x08, 0x63, 0x08, 0x63, 0x08,
  0x63, 0x08, 0x63, 0x08, 0x63, 0x08, 0x63, 0x08, 0x63, 0x08, 0x63, 0x08, 0x63, 0x08, 0x63, 0x08,
  0x63, 0x08, 0x63, 0x08, 0x63, 0x08, 0x63, 0x08, 0x63, 0x08, 0x63, 0x08, 0x63, 0x08, 0x63, 0x08,
  0x63, 0x08, 0x63, 0x08, 0x63, 0x08, 0x63, 0x08, 0x63, 0x08, 0x63, 0x08, 0x63, 0x08, 0x63, 0x08,
  0x63, 0x08, 0x63, 0x08, 0x63, 0x08, 0x63, 0x08, 0x63, 0x08, 0x63, 0x08, 0x63, 0x08, 0x63, 0x08,
  0x63, 0x08, 0x63, 0x08, 0x63, 0x08, 0x63, 0x08, 0x63, 0x08, 0x63, 0x08, 0x63, 0x08, 0x63, 0x08,
  0x63, 0x08, 0x63, 0x08, 0x63, 0x08, 0x63, 0x08, 0x63, 0x08, 0x63, 0x08, 0x63, 0x08, 0x63, 0x08,
  0x63, 0x08, 0x63, 0x08, 0x63, 0x08, 0x63, 0x08, 0x63, 0x08, 0x63, 0x08, 0x63, 0x08, 0x63, 0x08,
  0x63, 0x08, 0x63, 0x08, 0x63, 0x08, 0x63, 0x08, 0x63, 0x08, 0x63, 0x08, 0x63, 0x08, 0x63, 0x08,
  0x63, 0x08, 0x63, 0x08, 0x63, 0x08, 0x63, 0x08, 0x63, 0x08, 0x63, 0x08, 0x63, 0x08, 0x63, 0x08,
  0x63, 0x08, 0x63, 0x08, 0x63, 0x08, 0x63, 0x08, 0x63, 0x08, 0x63, 0x08, 0x63, 0x08, 0x63, 0x08,
  0x63, 0x08, 0x63, 0x08, 0x63, 0x08, 0x63, 0x08, 0x63, 0x08, 0x63, 0x08, 0x63, 0x08, 0x63, 0x08,
  0x63, 0x08, 0x63, 0x08, 0x63, 0x08, 0x63, 0x08, 0x63, 0x08, 0x63, 0x08, 0x63, 0x08, 0x63, 0x08,
  0x63, 0x08, 0x63, 0x08, 0x63, 0x08, 0x63, 0x08, 0x63, 0x08, 0x63, 0x08, 0x63, 0x08, 0x63, 0x08,
  0x63, 0x08, 0x63, 0x08, 0x63, 0x08, 0x63, 0x08, 0x63, 0x08, 0x63, 0x08, 0x63, 0x08, 0x63, 0x08,
  0x63, 0x08, 0x63, 0x08, 0x63, 0x08, 0x63, 0x08, 0x63, 0x08, 0x63, 0x08, 0x63, 0x08, 0x63, 0x08,
  0x63, 0x08, 0x63, 0x08, 0x63, 0x08, 0x63, 0x08, 0x63, 0x08, 0x63, 0x08, 0x63, 0x08, 0x63, 0x08,
  0x63, 0x08, 0x63, 0x08, 0x63, 0x08, 0x63, 0x08, 0x63, 0x08, 0x63, 0x08, 0x63, 0x08, 0x63, 0x08,
  0x63, 0x08, 0x63, 0x08, 0x63, 0x08, 0x63, 0x08, 0x63, 0x08, 0x63, 0x08, 0x63, 0x08, 0x63, 0x08,
  0x63, 0x08, 0x63, 0x08, 0x63, 0x08, 0x63, 0x08, 0x63, 0x08, 0x63, 0x08, 0x63, 0x08, 0x63, 0x08,
  0x63, 0x08, 0x63, 0x08, 0x63, 0x08, 0x63, 0x08, 0x63, 0x08, 0x63, 0x08, 0x63, 0x08, 0x63, 0x08,
  0x63, 0x08, 0x63, 0x08, 0x63, 0x08, 0x63, 0x08, 0x63, 0x08, 0x63, 0x08, 0x63, 0x08, 0x63, 0x08,
  0x63, 0x08, 0x63, 0x08, 0x63, 0x08, 0x63, 0x08, 0x63, 0x08, 0x63, 0x08, 0x63, 0x08, 0x63, 0x08,
  0x63, 0x08, 0x63, 0x08, 0x63, 0x08, 0x63, 0x08, 0x63, 0x08, 0x63, 0x08, 0x63, 0x08, 0x63, 0x08,
  0x63, 0x08, 0x63, 0x08, 0x63, 0x08, 0x63, 0x08, 0x63, 0x08, 0x63, 0x08, 0x63, 0x08, 0x63, 0x08,
  0x63, 0x08, 0x63, 0x08, 0x63, 0x08, 0x63, 0x08, 0x63, 0x08, 0x63, 0x08, 0x63, 0x08, 0x63, 0x08,
  0x63, 0x08, 0x63, 0x08, 0x63, 0x08, 0x63, 0x08, 0x63, 0x08, 0x63, 0x08, 0x63, 0x08, 0x63, 0x08,
  0x63, 0x08, 0x63, 0x08, 0x63, 0x08, 0x63, 0x08, 0x63, 0x08, 0x63, 0x08, 0x63, 0x08, 0x63, 0x08,
  0x63, 0x08, 0x63, 0x08, 0x63, 0x08, 0x63, 0x08, 0x63, 0x08, 0x63, 0x08, 0x63, 0x08, 0x63, 0x08,
  0x63, 0x08, 0x63, 0x08, 0x63, 0x08, 0x63, 0x08, 0x63, 0x08, 0x63, 0x08, 0x63, 0x08, 0x63, 0x08,
  0x63, 0x08, 0x63, 0x08, 0x63, 0x08, 0x63, 0x08, 0x63, 0x08, 0x63, 0x08, 0x63, 0x08, 0x63, 0x08,
  0x63, 0x08, 0x63, 0x08, 0x63, 0x08, 0x63, 0x08, 0x63, 0x08, 0x63, 0x08, 0x63, 0x08, 0x63, 0x08,
  0x63, 0x08, 0x63, 0x08, 0x63, 0x08, 0x63, 0x08, 0x63, 0x08, 0x63, 0x08, 0x63, 0x08, 0x63, 0x08,
  0x63, 0x08, 0x63, 0x08, 0x63, 0x08, 0x63, 0x08, 0x63, 0x08, 0x63, 0x08, 0x63, 0x08, 0x63, 0x08,
  0x63, 0x08, 0x63, 0x08, 0x63, 0x08, 0x63, 0x08, 0x63, 0x08, 0x63, 0x08, 0x63, 0x08, 0x63, 0x08,
  0x63, 0x08, 0x63, 0x08, 0x63, 0x08, 0x63, 0x08, 0x63, 0x08, 0x63, 0x08, 0x63, 0x08, 0x63, 0x08,
  0x63, 0x08, 0x63, 0x08, 0x63, 0x08, 0x63, 0x08, 0x63, 0x08, 0x63, 0x08, 0x63, 0x08, 0x63, 0x08,
  0x63, 0x08, 0x63, 0x08, 0x63, 0x08, 0x63, 0x08, 0x63, 0x08, 0x63, 0x08, 0x63, 0x08, 0x63, 0x08,
  0x63, 0x08, 0x63, 0x08, 0x63, 0x08, 0x63, 0x08, 0x63, 0x08, 0x63, 0x08, 0x63, 0x08, 0x63, 0x08,
  0x63, 0x08, 0x63, 0x08, 0x63, 0x08, 0x63, 0x08, 0x63, 0x08, 0x63, 0x08, 0x63, 0x08, 0x63, 0x08,
  0x63, 0x08, 0x63, 0x08, 0x63, 0x08, 0x63, 0x08, 0x63, 0x08, 0x63, 0x08, 0x63, 0x08, 0x63, 0x08,
  0x63, 0x08, 0x63, 0x08, 0x63, 0x08, 0x63, 0x08, 0x63, 0x08, 0x63, 0x08, 0x63, 0x08, 0x63, 0x08,
  0x63, 0x08, 0x63, 0x08, 0x63, 0x08, 0x63, 0x08, 0x63, 0x08, 0x63, 0x08, 0x63, 0x08, 0x63, 0x08,
  0x63, 0x08, 0x63, 0x08, 0x63, 0x08, 0x63, 0x08, 0x63, 0x08, 0x63, 0x08, 0x63, 0x08, 0x63, 0x08,
  0x63, 0x08, 0x63, 0x08, 0x63, 0x08, 0x63, 0x08, 0x63, 0x08, 0x63, 0x08, 0x63, 0x08, 0x63, 0x08,
  0x63, 0x08, 0x63, 0x08, 0x63, 0x08, 0x63, 0x08, 0x63, 0x08, 0x63, 0x08, 0x63, 0x08, 0x63, 0x08,
  0x63, 0x08, 0x63, 0x08, 0x63, 0x08, 0x63, 0x08, 0x63, 0x08, 0x63, 0x08, 0x63, 0x08, 0x63, 0x08,
  0x63, 0x08, 0x63, 0x08, 0x63, 0x08, 0x63, 0x08, 0x63, 0x08, 0x63, 0x08, 0x63, 0x08, 0x63, 0x08,
  0x63, 0x08, 0x63, 0x08, 0x63, 0x08, 0x63, 0x08, 0x63, 0x08, 0x63, 0x08, 0x63, 0x08, 0x63, 0x08,
  0x63, 0x08, 0x63, 0x08, 0x63, 0x08, 0x63, 0x08, 0x63, 0x08, 0x63, 0x08, 0x63, 0x08, 0x63, 0x08,
  0x63, 0x08, 0x63, 0x08, 0x63, 0x08, 0x63, 0x08, 0x63, 0x08, 0x63, 0x08, 0x63, 0x08, 0x63, 0x08,
  0x63, 0x08, 0x63, 0x08, 0x63, 0x08, 0x63, 0x08, 0x63, 0x08, 0x63, 0x08, 0x63, 0x08, 0x63, 0x08,
  0x63, 0x08, 0x63, 0x08, 0x63, 0x08, 0x63, 0x08, 0x63, 0x08, 0x63, 0x08, 0x63, 0x08, 0x63, 0x08,
  0x63, 0x08, 0x63, 0x08, 0x63, 0x08, 0x63, 0x08, 0x63, 0x08, 0x63, 0x08, 0x63, 0x08, 0x63, 0x08,
  0x63, 0x08, 0x63, 0x08, 0x63, 0x08, 0x63, 0x08, 0x63, 0x08, 0x63, 0x08, 0x63, 0x08, 0x63, 0x08,
  0x63, 0x08, 0x63, 0x08, 0x63, 0x08, 0x63, 0x08, 0x63, 0x08, 0x63, 0x08, 0x63, 0x08, 0x63, 0x08,
  0x63, 0x08, 0x63, 0x08, 0x63, 0x08, 0x63, 0x08, 0x63, 0x08, 0x63, 0x08, 0x63, 0x08, 0x63, 0x08,
  0x63, 0x08, 0x63, 0x08, 0x63, 0x08, 0x63, 0x08, 0x63, 0x08, 0x63, 0x08, 0x63, 0x08, 0x63, 0x08,
  0x63, 0x08, 0x63, 0x08, 0x63, 0x08, 0x63, 0x08, 0x63, 0x08, 0x63, 0x08, 0x63, 0x08, 0x63, 0x08,
  0x63, 0x08, 0x63, 0x08, 0x63, 0x08, 0x63, 0x08, 0x63, 0x08, 0x63, 0x08, 0x63, 0x08, 0x63, 0x08,
  0x63, 0x08, 0x63, 0x08, 0x63, 0x08, 0x63, 0x08, 0x63, 0x08, 0x63, 0x08, 0x63, 0x08, 0x63, 0x08,
  0x63, 0x08, 0x63, 0x08, 0x63, 0x08, 0x63, 0x08, 0x63, 0x08, 0x63, 0x08, 0x63, 0x08, 0x63, 0x08,
  0x63, 0x08, 0x63, 0x08, 0x63, 0x08, 0x63, 0x08, 0x63, 0x08, 0x63, 0x08, 0x63, 0x08, 0x63, 0x08,
  0x63, 0x08, 0x63, 0x08, 0x63, 0x08, 0x63, 0x08, 0x63, 0x08, 0x63, 0x08, 0x63, 0x08, 0x63, 0x08,
  0x63, 0x08, 0x63, 0x08, 0x63, 0x08, 0x63, 0x08, 0x63, 0x08, 0x63, 0x08, 0x63, 0x08, 0x63, 0x08,
  0x63, 0x08, 0x63, 0x08, 0x63, 0x08, 0x63, 0x08, 0x63, 0x08, 0x63, 0x08, 0x63, 0x08, 0x63, 0x08,
  0x63, 0x08, 0x63, 0x08, 0x63, 0x08, 0x63, 0x08, 0x63, 0x08, 0x63, 0x08, 0x63, 0x08, 0x63, 0x08,
  0x63, 0x08, 0x63, 0x08, 0x63, 0x08, 0x63, 0x08, 0x63, 0x08, 0x63, 0x08, 0x63, 0x08, 0x63, 0x08,
  0x63, 0x08, 0x63, 0x08, 0x63, 0x08, 0x63, 0x08, 0x63, 0x08, 0x63, 0x08, 0x63, 0x08, 0x63, 0x08,
  0x63, 0x08, 0x63, 0x08, 0x63, 0x08, 0x63, 0x08, 0x63, 0x08, 0x63, 0x08, 0x63, 0x08, 0x63, 0x08,
  0x63, 0x08, 0x63, 0x08, 0x63, 0x08, 0x63, 0x08, 0x63, 0x08, 0x63, 0x08, 0x63, 0x08, 0x63, 0x08,
  0x63, 0x08, 0x63, 0x08, 0x63, 0x08, 0x63, 0x08, 0x63, 0x08, 0x63, 0x08, 0x63, 0x08, 0x63, 0x08,
  0x63, 0x08, 0x63, 0x08, 0x63, 0x08, 0x63, 0x08, 0x63, 0x08, 0x63, 0x08, 0x63, 0x08, 0x63, 0x08,
  0x63, 0x08, 0x63, 0x08, 0x63, 0x08, 0x63, 0x08, 0x63, 0x08, 0x63, 0x08, 0x63, 0x08, 0x63, 0x08,
  0x63, 0x08, 0x63, 0x08, 0x63, 0x08, 0x63, 0x08, 0x63, 0x08, 0x63, 0x08, 0x63, 0x08, 0x63, 0x08,
  0x63, 0x08, 0x63, 0x08, 0x63, 0x08, 0x63, 0x08, 0x63, 0x08, 0x63, 0x08, 0x63, 0x08, 0x63, 0x08,
  0x63, 0x08, 0x63, 0x08, 0x63, 0x08, 0x63, 0x08, 0x63, 0x08, 0x63, 0x08, 0x63, 0x08, 0x63, 0x08,
  0x63, 0x08, 0x63, 0x08, 0x63, 0x08, 0x63, 0x08, 0x63, 0x08, 0x63, 0x08, 0x63, 0x08, 0x63, 0x08,
  0x63, 0x08, 0x63, 0x08, 0x63, 0x08, 0x63, 0x08, 0x63, 0x08, 0x63, 0x08, 0x63, 0x08, 0x63, 0x08,
  0x63, 0x08, 0x63, 0x08, 0x63, 0x08, 0x63, 0x08, 0x63, 0x08, 0x63, 0x08, 0x63, 0x08, 0x63, 0x08,
  0x63, 0x08, 0x63, 0x08, 0x63, 0x08, 0x63, 0x08, 0x63, 0x08, 0x63, 0x08, 0x63, 0x08, 0x63, 0x08,
  0x63, 0x08, 0x63, 0x08, 0x63, 0x08, 0x63, 0x08, 0x63, 0x08, 0x63, 0x08, 0x63, 0x08, 0x63, 0x08,
  0x63, 0x08, 0x63, 0x08, 0x63, 0x08, 0x63, 0x08, 0x63, 0x08, 0x63, 0x08, 0x63, 0x08, 0x63, 0x08,
  0x63, 0x08, 0x63, 0x08, 0x63, 0x08, 0x63, 0x08, 0x63, 0x08, 0x63, 0x08, 0x63, 0x08, 0x63, 0x08,
  0x63, 0x08, 0x63, 0x08, 0x63, 0x08, 0x63, 0x08, 0x63, 0x08, 0x63, 0x08, 0x63, 0x08, 0x63, 0x08,
  0x63, 0x08, 0x63, 0x08, 0x63, 0x08, 0x63, 0x08, 0x63, 0x08, 0x63, 0x08, 0x63, 0x08, 0x63, 0x08,
  0x63, 0x08, 0x63, 0x08, 0x63, 0x08, 0x63, 0x08, 0x63, 0x08, 0x63, 0x08, 0x63, 0x08, 0x63, 0x08,
  0x63, 0x08, 0x63, 0x08, 0x63, 0x08, 0x63, 0x08, 0x63, 0x08, 0x63, 0x08, 0x63, 0x08, 0x63, 0x08,
  0x63, 0x08, 0x63, 0x08, 0x63, 0x08, 0x63, 0x08, 0x63, 0x08, 0x63, 0x08, 0x63, 0x08, 0x63, 0x08,
  0x63, 0x08, 0x63, 0x08, 0x63, 0x08, 0x63, 0x08, 0x63, 0x08, 0x63, 0x08, 0x63, 0x08, 0x63, 0x08,
  0x63, 0x08, 0x63, 0x08, 0x63, 0x08, 0x63, 0x08, 0x63, 0x08, 0x63, 0x08, 0x63, 0x08, 0x63, 0x08,
  0x63, 0x08, 0x63, 0x08, 0x63, 0x08, 0x63, 0x08, 0x63, 0x08, 0x63, 0x08, 0x63, 0x08, 0x63, 0x08,
  0x63, 0x08, 0x63, 0x08, 0x63, 0x08, 0x63, 0x08, 0x63, 0x08, 0x63, 0x08, 0x63, 0x08, 0x63, 0x08,
  0x63, 0x08, 0x63, 0x08, 0x63, 0x08, 0x63, 0x08, 0x63, 0x08, 0x63, 0x08, 0x63, 0x08, 0x63, 0x08,
  0x63, 0x08, 0x63, 0x08, 0x63, 0x08, 0x63, 0x08, 0x63, 0x08, 0x63, 0x08, 0x63, 0x08, 0x63, 0x08,
  0x63, 0x08, 0x63, 0x08, 0x63, 0x08, 0x63, 0x08, 0x63, 0x08, 0x63, 0x08, 0x63, 0x08, 0x63, 0x08,
  0x63, 0x08, 0x63, 0x08, 0x63, 0x08, 0x63, 0x08, 0x63, 0x08, 0x63, 0x08, 0x63, 0x08, 0x63, 0x08,
  0x63, 0x08, 0x63, 0x08, 0x63, 0x08, 0x63, 0x08, 0x63, 0x08, 0x63, 0x08, 0x63, 0x08, 0x63, 0x08,
  0x63, 0x08, 0x63, 0x08, 0x63, 0x08, 0x63, 0x08, 0x63, 0x08, 0x63, 0x08, 0x63, 0x08, 0x63, 0x08,
  0x63, 0x08, 0x63, 0x08, 0x63, 0x08, 0x63, 0x08, 0x63, 0x08, 0x63, 0x08, 0x63, 0x08, 0x63, 0x08,
  0x63, 0x08, 0x63, 0x08, 0x63, 0x08, 0x63, 0x08, 0x63, 0x08, 0x63, 0x08, 0x63, 0x08, 0x63, 0x08,
  0x63, 0x08, 0x63, 0x08, 0x63, 0x08, 0x63, 0x08, 0x63, 0x08, 0x63, 0x08, 0x63, 0x08, 0x63, 0x08,
  0x63, 0x08, 0x63, 0x08, 0x63, 0x08, 0x63, 0x08, 0x63, 0x08, 0x63, 0x08, 0x63, 0x08, 0x63, 0x08,
  0x63, 0x08, 0x63, 0x08, 0x63, 0x08, 0x63, 0x08, 0x63, 0x08, 0x63, 0x08, 0x63, 0x08, 0x63, 0x08,
  0x63, 0x08, 0x63, 0x08, 0x63, 0x08, 0x63, 0x08, 0x63, 0x08, 0x63, 0x08, 0x63, 0x08, 0x63, 0x08,
  0x63, 0x08, 0x63, 0x08, 0x63, 0x08, 0x63, 0x08, 0x63, 0x08, 0x63, 0x08, 0x63, 0x08, 0x63, 0x08,
  0x63, 0x08, 0x63, 0x08, 0x63, 0x08, 0x63, 0x08, 0x63, 0x08, 0x63, 0x08, 0x63, 0x08, 0x63, 0x08,
  0x63, 0x08, 0x63, 0x08, 0x63, 0x08, 0x63, 0x08, 0x63, 0x08, 0x63, 0x08, 0x63, 0x08, 0x63, 0x08,
  0x63, 0x08, 0x63, 0x08, 0x63, 0x08, 0x63, 0x08, 0x63, 0x08, 0x63, 0x08, 0x63, 0x08, 0x63, 0x08,
  0x63, 0x08, 0x63, 0x08, 0x63, 0x08, 0x63, 0x08, 0x63, 0x08, 0x63, 0x08, 0x63, 0x08, 0x63, 0x08,
  0x63, 0x08, 0x63, 0x08, 0x63, 0x08, 0x63, 0x08, 0x63, 0x08, 0x63, 0x08, 0x63, 0x08, 0x63, 0x08,
  0x63, 0x08, 0x63, 0x08, 0x63, 0x08, 0x63, 0x08, 0x63, 0x08, 0x63, 0x08, 0x63, 0x08, 0x63, 0x08,
  0x63, 0x08, 0x63, 0x08, 0x63, 0x08, 0x63, 0x08, 0x63, 0x08, 0x63, 0x08, 0x63, 0x08, 0x63, 0x08,
  0x63, 0x08, 0x63, 0x08, 0x63, 0x08, 0x63, 0x08, 0x63, 0x08, 0x63, 0x08, 0x63, 0x08, 0x63, 0x08,
  0x63, 0x08, 0x63, 0x08, 0x63, 0x08, 0x63, 0x08, 0x63, 0x08, 0x63, 0x08, 0x63, 0x08, 0x63, 0x08,
  0x63, 0x08, 0x63, 0x08, 0x63, 0x08, 0x63, 0x08, 0x63, 0x08, 0x63, 0x08, 0x63, 0x08, 0x63, 0x08,
  0x63, 0x08, 0x63, 0x08, 0x63, 0x08, 0x63, 0x08, 0x63, 0x08, 0x63, 0x08, 0x63, 0x08, 0x63, 0x08,
  0x63, 0x08, 0x63, 0x08, 0x63, 0x08, 0x63, 0x08, 0x63, 0x08, 0x63, 0x08, 0x63, 0x08, 0x63, 0x08,
  0x63, 0x08, 0x63, 0x08, 0x63, 0x08, 0x63, 0x08, 0x63, 0x08, 0x63, 0x08, 0x63, 0x08, 0x63, 0x08,
  0x63, 0x08, 0x63, 0x08, 0x63, 0x08, 0x63, 0x08, 0x63, 0x08, 0x63, 0x08, 0x63, 0x08, 0x63, 0x08,
  0x63, 0x08, 0x63, 0x08, 0x63, 0x08, 0x63, 0x08, 0x63, 0x08, 0x63, 0x08, 0x63, 0x08, 0x63, 0x08,
  0x63, 0x08, 0x63, 0x08, 0x63, 0x08, 0x63, 0x08, 0x63, 0x08, 0x63, 0x08, 0x63, 0x08, 0x63, 0x08,
  0x63, 0x08, 0x63, 0x08, 0x63, 0x08, 0x63, 0x08, 0x63, 0x08, 0x63, 0x08, 0x63, 0x08, 0x63, 0x08,
  0x63, 0x08, 0x63, 0x08, 0x63, 0x08, 0x63, 0x08, 0x63, 0x08, 0x63, 0x08, 0x63, 0x08, 0x63, 0x08,
  0x63, 0x08, 0x63, 0x08, 0x63, 0x08, 0x63, 0x08, 0x63, 0x08, 0x63, 0x08, 0x63, 0x08, 0x63, 0x08,
  0x63, 0x08, 0x63, 0x08, 0x63, 0x08, 0x63, 0x08, 0x63, 0x08, 0x63, 0x08, 0x63, 0x08, 0x63, 0x08,
  0x63, 0x08, 0x63, 0x08, 0x63, 0x08, 0x63, 0x08, 0x63, 0x08, 0x63, 0x08, 0x63, 0x08, 0x63, 0x08,
  0x63, 0x08, 0x63, 0x08, 0x63, 0x08, 0x63, 0x08, 0x63, 0x08, 0x63, 0x08, 0x63, 0x08, 0x63, 0x08,
  0x63, 0x08, 0x63, 0x08, 0x63, 0x08, 0x63, 0x08, 0x63, 0x08, 0x63, 0x08, 0x63, 0x08, 0x63, 0x08,
  0x63, 0x08, 0x63, 0x08, 0x63, 0x08, 0x63, 0x08, 0x63, 0x08, 0x63, 0x08, 0x63, 0x08, 0x63, 0x08,
  0x63, 0x08, 0x63, 0x08, 0x63, 0x08, 0x63, 0x08, 0x63, 0x08, 0x63, 0x08, 0x63, 0x08, 0x63, 0x08,
  0x63, 0x08, 0x63, 0x08, 0x63, 0x08, 0x63, 0x08, 0x63, 0x08, 0x63, 0x08, 0x63, 0x08, 0x63, 0x08,
  0x63, 0x08, 0x63, 0x08, 0x63, 0x08, 0x63, 0x08, 0x63, 0x08, 0x63, 0x08, 0x63, 0x08, 0x63, 0x08,
  0x63, 0x08, 0x63, 0x08, 0x63, 0x08, 0x63, 0x08, 0x63, 0x08, 0x63, 0x08, 0x63, 0x08, 0x63, 0x08,
  0x63, 0x08, 0x63, 0x08, 0x63, 0x08, 0x63, 0x08, 0x63, 0x08, 0x63, 0x08, 0x63, 0x08, 0x63, 0x08,
  0x63, 0x08, 0x63, 0x08, 0x63, 0x08, 0x63, 0x08, 0x63, 0x08, 0x63, 0x08, 0x63, 0x08, 0x63, 0x08,
  0x63, 0x08, 0x63, 0x08, 0x63, 0x08, 0x63, 0x08, 0x63, 0x08, 0x63, 0x08, 0x63, 0x08, 0x63, 0x08,
  0x63, 0x08, 0x63, 0x08, 0x63, 0x08, 0x63, 0x08, 0x63, 0x08, 0x63, 0x08, 0x63, 0x08, 0x63, 0x08,
  0x63, 0x08, 0x63, 0x08, 0x63, 0x08, 0x63, 0x08, 0x63, 0x08, 0x63, 0x08, 0x63, 0x08, 0x63, 0x08,
  0x63, 0x08, 0x63, 0x08, 0x63, 0x08, 0x63, 0x08, 0x63, 0x08, 0x63, 0x08, 0x63, 0x08, 0x63, 0x08,
  0x63, 0x08, 0x63, 0x08, 0x63, 0x08, 0x63, 0x08, 0x63, 0x08, 0x63, 0x08, 0x63, 0x08, 0x63, 0x08,
  0x63, 0x08, 0x63, 0x08, 0x63, 0x08, 0x63, 0x08, 0x63, 0x08, 0x63, 0x08, 0x63, 0x08, 0x63, 0x08,
  0x63, 0x08, 0x63, 0x08, 0x63, 0x08, 0x63, 0x08, 0x63, 0x08, 0x63, 0x08, 0x63, 0x08, 0x63, 0x08,
  0x63, 0x08, 0x63, 0x08, 0x63, 0x08, 0x63, 0x08, 0x63, 0x08, 0x63, 0x08, 0x63, 0x08, 0x63, 0x08,
  0x63, 0x08, 0x63, 0x08, 0x63, 0x08, 0x63, 0x08, 0x63, 0x08, 0x63, 0x08, 0x63, 0x08, 0x63, 0x08,
  0x63, 0x08, 0x63, 0x08, 0x63, 0x08, 0x63, 0x08, 0x63, 0x08, 0x63, 0x08, 0x63, 0x08, 0x63, 0x08,
  0x63, 0x08, 0x63, 0x08, 0x63, 0x08, 0x63, 0x08, 0x63, 0x08, 0x63, 0x08, 0x63, 0x08, 0x63, 0x08,
  0x63, 0x08, 0x63, 0x08, 0x63, 0x08, 0x63, 0x08, 0x63, 0x08, 0x63, 0x08, 0x63, 0x08, 0x63, 0x08,
  0x63, 0x08, 0x63, 0x08, 0x63, 0x08, 0x63, 0x08, 0x63, 0x08, 0x63, 0x08, 0x63, 0x08, 0x63, 0x08,
  0x63, 0x08, 0x63, 0x08, 0x63, 0x08, 0x63, 0x08, 0x63, 0x08, 0x63, 0x08, 0x63, 0x08, 0x63, 0x08,
  0x63, 0x08, 0x63, 0x08, 0x63, 0x08, 0x63, 0x08, 0x63, 0x08, 0x63, 0x08, 0x63, 0x08, 0x63, 0x08,
  0x63, 0x08, 0x63, 0x08, 0x63, 0x08, 0x63, 0x08, 0x63, 0x08, 0x63, 0x08, 0x63, 0x08, 0x63, 0x08,
  0x63, 0x08, 0x63, 0x08, 0x63, 0x08, 0x63, 0x08, 0x63, 0x08, 0x63, 0x08, 0x63, 0x08, 0x63, 0x08,
  0x63, 0x08, 0x63, 0x08, 0x63, 0x08, 0x63, 0x08, 0x63, 0x08, 0x63, 0x08, 0x63, 0x08, 0x63, 0x08,
  0x63, 0x08, 0x63, 0x08, 0x63, 0x08, 0x63, 0x08, 0x63, 0x08, 0x63, 0x08, 0x63, 0x08, 0x63, 0x08,
  0x63, 0x08, 0x63, 0x08, 0x63, 0x08, 0x63, 0x08, 0x63, 0x08, 0x63, 0x08, 0x63, 0x08, 0x63, 0x08,
  0x63, 0x08, 0x63, 0x08, 0x63, 0x08, 0x63, 0x08, 0x63, 0x08, 0x63, 0x08, 0x63, 0x08, 0x63, 0x08,
  0x63, 0x08, 0x63, 0x08, 0x63, 0x08, 0x63, 0x08, 0x63, 0x08, 0x63, 0x08, 0x63, 0x08, 0x63, 0x08,
  0x63, 0x08, 0x63, 0x08, 0x63, 0x08, 0x63, 0x08, 0x63, 0x08, 0x63, 0x08, 0x63, 0x08, 0x63, 0x08,
  0x63, 0x08, 0x63, 0x08, 0x63, 0x08, 0x63, 0x08, 0x63, 0x08, 0x63, 0x08, 0x63, 0x08, 0x63, 0x08,
};

const lv_image_dsc_t fs_logo_tft_160x128 = {
  .header = { .magic = LV_IMAGE_HEADER_MAGIC, .cf = LV_COLOR_FORMAT_RGB565, .flags = 0, .w = 160, .h = 128, .stride = 320 },
  .data_size = sizeof(fs_logo_tft_160x128_map),
  .data = fs_logo_tft_160x128_map,
};
