name,code,constellation,designation,bayer,hip,origin,culture,approved
Absolutno,FS-ABSOLUTNO,Lynx,XO-5,,,Absolutno is a fictional miraculous substance in the sci-fi novel Továrna na absolutno (The Factory for the Absolute) by influential Czech writer Karel Čapek.,fictional,
Acamar,FS-ACAMAR,Eridanus,HR 897,θ1 Eri,13847,"From its sci-A name akhir al-nahr, ""the River's End"". Applied in medieval times, and reapplied in recent times",Arabic,
Achernar,FS-ACHERNAR,Eridanus,HR 472,α Eri,7588,"Arabic name آخر النهر (āḫiru ʾn-nahr) meaning, the End of the River; originally used for θ Eri that was considered the end of the river in the ancient star catalog (Almagest).The name was transferred to α Eri in Renaissance times when the constellation was extended south to this new terminus.",,
Achird,FS-ACHIRD,Cassiopeia,HR 219,η Cas,3821,,,2017/05/09
Acrab,FS-ACRAB,Scorpius,HR 5984,β1 Sco,78820,"Arabic name al-'Aqrab for the constellation Scorpius (""the scorpion"") (e.g. Al Sufi). Application of the transliteration ""Acrab"" specifically to the pair Beta1 and Beta2 Sco was made by Piazzi (1814) in the Palermo Catalog, and its use spread through the 19th century.",Arabic,
Acrux,FS-ACRUX,Crux,HR 4730,α Cru,60718,< α Crucis,"""Americanism""",
Acubens,FS-ACUBENS,Cancer,HR 3572,α Cnc,44066,"Applied with various spellings since medieval times, from the Arabic word al-zubana, ""the claw"", used in Ptolemy's Tetrabiblos in describing the stars α and ι Cnc. Otherwise, the same Arabic word was used for the ""claws"" of Scorpius.",,
Adhafera,FS-ADHAFERA,Leo,HR 4031,ζ Leo,50335,"From. the sci-A name al-dafira, ""the Lock of Hair,"" for the Coma Berenices cluster. Wrongly applied to Leo in recent times.",Arabic,
Adhara,FS-ADHARA,Canis Major,HR 2618,ε CMa,33579,"Applied in recent times from the Arabic asterism name al-(adhara, ""the Virgins"", for ε, δ, η and ο2 CMa. The significance of the name is unknown.",,
Adhil,FS-ADHIL,Andromeda,HR 390,ξ And,6411,"From the Arabic word al-dhail, ""the train of a robe or dress"", used in the Arabic Almagest in describing A and χ And, and transliterated in the Medieval Latin Almagest as adhil. This word was wrongly applied as a star name to ξ And in recent times.",,
Ain,FS-AIN,Taurus,HR 1409,ε Tau,20889,"From an abbreviation of the sci-A name ain al-thaur ""the Bull's Eye,"" for a Tau. Applied to ε Tau in recent times (Ptolemy had α Tau the southern eye, and ε Tau on the northern eye).",Arabic,
Ainalrami,FS-AINALRAMI,Sagittarius,HR 7116,ν1 Sgr,92761,,,2017/05/09
Aiolos,FS-AIOLOS,Carina,HD 95086,,,"Aiolos (Αίολος) was the Greek mythological keeper of the winds. In Homer’s Odyssey, Aiolos used an oxhide flask to capture all winds except for the western one, Zephyr. Zephyr then helped the sailboat of Ulysses navigate the seas towards home (Ithaca).",Greek,2023/01/08
Aladfar,FS-ALADFAR,Lyra,HR 7298,η Lyr,94481,,,2017/05/09
Alasia,FS-ALASIA,Serpens,HD 168746,_ Ser,90004,"Alasia is the first historically recorded name of Cyprus, dating back to mid-fifteenth century BC.",,
Albaldah,FS-ALBALDAH,Sagittarius,HR 7264,π Sgr,94141,,,2017/05/09
Albali,FS-ALBALI,Aquarius,HR 7950,ε Aqr,102618,"From the Arabic word bali(, ""swallower"", used in an Arabic discussion pertaining to the Arabic lunar mansion name sa(d bula( (given for ε, μ and ν Aqr; of unknown meaning). In recent times the Arabic article al- was added to bali( and the word was applied as a star name.",,2016/12/09
Albireo,FS-ALBIREO,Cygnus,HR 7417,α Cyg,95947,"The formation of this name begins with Ptolemy's name for the constellation Cygnus - ὄρνις, ""the Bird"". The Arabs transliterated this name as urnis. The Medieval Latin translator of the Arabic Almagest, in turn, did not recognize any Greek word behind urnis (or whatever Arabic corruption he may have read), so he merely transliterated it into a form which appeared int he manuscripts variously as eurisim, eirisun, eirism, etc. In a note appended to this Medieval Latin constellation name for Cygnus, one Latin commentator ventured to derive it from the name of an aromatic herb he knew: ireus. This erroneous commentary read, in brief part: ""eirisim...ab ireo"", or, ""[the constellation name] eirisim...[coming] from [the word] ireus"". Apparently in one manuscript of the Latin Almagest, the final word of this commentary, ab ireo, were written on the next line below the constellation title, where the descriptions of the stars begin. Since the first star entered in the Almagest under the constellation Cygnus is β Cyg, the words ab ireo seem to have been confused as a name for this star. ""Arabicized"" with the insertion of the letter ""l"", ab ireo, written as ""Albireo"", was applied as a star name to β Cyg by Renaissance times.",,
Alchiba,FS-ALCHIBA,Corvus,HR 4623,α Crv,59199,,,2016/12/09
Alcor,FS-ALCOR,Ursa Major,HR 5062,80 UMa,65477,"Ultimately from the ind-A name al-jaun, for ε UMa, which was transliterated and eventually corrupted in Latin to ""Alcor."" The name was wrongly transferred to 80 UMa in Renaissance times.",Arabic,
Alcyone,FS-ALCYONE,Taurus,HR 1165,η Tau,17702,"These names were individually applied in Renaissance times from a family of characters in Greek mythology: Atlas, Pleione and their seven daughters, the Pleiades.",,
Aldebaran,FS-ALDEBARAN,Taurus,HR 1457,α Tau,21421,"Applied in medieval times from its ind-A name al-dabaran, possibly meaning ""the Follower,"" alternatively used as the lunar mansion name for all the Hyades (or again for α Tau alone). The name is thought to refer to this star's following the Pleiades across the sky, or to the Hyades (or α Tau) coming after the Pleiades as a lunar mansion. ""Aldebaran"" is one of the oldest Arabic star names applied in the West, from the end of the 10th century A.D.",Arabic,
Alderamin,FS-ALDERAMIN,Cepheus,HR 8162,α Cep,105199,"Applied to α Cep since medieval times. The derivation understood since Renaissance times was from al-dhira (al-)yamin, ""the Right Forearm,"" an assumed sci-A descriptive term for α Cep. But this is apparently erroneous. Firstly, in the Almagest, α Cep is described on the right ""shoulder"" (Arabic al-katif or al-mankib) of Cepheus, whereas no right ""forearm"" (al-dhira<) is described for the figure. Secondly, in Arabic, ""right forearm"" is spelled correctly as al-dhira al-yumna, which (in contrast to al-yamin) lacks assonance in the last syllable to Alderamin. Therefore, it is more likely that Alderamin is derived from the various medieval Western abbreviations of muqaddam al-dhira",Arabic,
Aldhanab,FS-ALDHANAB,Grus,HR 8353,γ Gru,108085,,,2017/05/09
Aldhibah,FS-ALDHIBAH,Draco,HR 6396,ζ Dra,83895,,,2017/05/09
Aldulfin,FS-ALDULFIN,Delphinus,HR 7852,ε Del,101421,,,2017/05/09
Alfirk,FS-ALFIRK,Cepheus,HR 8238,β Cep,106032,"Applied in recent times from an abbreviation of the ind-A names kaukaba al-firq (for α and β Cep ), and kawakib al-firq (for α, β , and η Cep). kaukaba and kawakib mean ""two stars"" and ""stars"" (more than two), respectively, but the original Arabic script for al-firq can be vocalized in various ways with various meanings. If the vocalization al-firq is accepted, it means ""the Flock,"" and may refer to a flock of sheep here.",Arabic,
Algedi,FS-ALGEDI,Cepheus,HR 7754,α2 Cep,100064,"Reapplied in recent times (from its older medieval spelling), from the scientific Arabic constellation name al-jady, ""the Kid,"" for Capricornus.",,
Algenib,FS-ALGENIB,Pegasus,HR 39,γ Peg,1067,"From the sci-A name al-janb, ""the Side,"" for α Per. Wrongly transferred to γ Peg in Renaissance times.",Arabic,
Algieba,FS-ALGIEBA,Leo,HR 4057,γ1 Leo,50583,"Applied in recent times from the ind-A lunar mansion name al-jabha ""the Forehead,"" for ζ, γ, η, and α Leo, associated with the ind-A asterism al-asad.",Arabic,
Algol,FS-ALGOL,Perseus,HR 936,β Per,14576,"Applied in medieval times from an abbreviation of its sci-A name ras al-ghul ""the Demon's Head"" (for Ptolemy's Gorgon-head). ""Algol"" is one of the oldest Arabic star names applied in the West, from the end of the 10th century A.D.",Arabic,
Algorab,FS-ALGORAB,Corvus,HR 4757,δ Crv,60965,"From an abbreviation of the sci-A name janab al-ghurab, ""the Raven's Wing,"" for γ Crv. Transferred to δ Crv in Renaissance times (both γ and δ were on the Raven's wings in the Almagest).",Arabic,
Alhena,FS-ALHENA,Gemini,HR 2421,γ Gem,31681,"Applied in recent times from the ind-A lunar mansion name al-bana, possibly meaning ""the Mark on the Neck of a Camel,"" for γ and ξ Gem, or alternatively for γ, ξ, η, μ, and v Gem.",Arabic,
Alioth,FS-ALIOTH,Ursa Major,HR 4905,ε UMa,62956,"Ultimately from its ind-A name al-jaun, ""the Black Horse, or Bull,"" which became corrupted even in Arabic sources (where some of the corruptions carried other meanings). For example, in the Arabic manuscript of the Almagest that was translated into Latin in 1175 A.D., this name of ε UMa had apparently been miswritten as al-jauza or al-jauza (the latter being identical to the sci-A name for Orion and Gemini). Whatever was read in this Arabic manuscript was transliterated into Latin as alioze. In subsequent Latin copies, this name was further corrupted to aliore, Alcor, Alioth, etc. Since late medieval times, ""Alioth"" became the preferred name for ε UMa.",Arabic,
Aljanah,FS-ALJANAH,Cygnus,HR 7949,ε Cyg,102488,,,
Alkaid,FS-ALKAID,Ursa Major,HR 5191,η UMa,67301,"Applied with various spellings since medieval times, from its ind-A name al-qa'id, ""the Leader"" (probably as leader of the Daughters of the Bier).",Arabic,
Alkalurops,FS-ALKALUROPS,Boötes,HR 5733,μ Boo,75411,"The formation of this name begins with one of the words used by Ptolemy to describe this star in the Almagest: κολλόροβον, ""club"", rarely used as ""sphepherd's staff"". This word was transliterated into Arabic as qulurubus, and hence into Latin as calurus. Then in Renaissance times, the derivation of calurus was mistakenly attributed to another Greek word: καλαῦροψ, ""shepherd's staff"". This erroneous word, in its turn, was transliterated into Latin, then Arabicized with the article al-, then its spelling corrupted, to become ""Alkalurops"", which was thereafter applied as a star name to μ Boo.",Latin (corrupted),
Alkaphrah,FS-ALKAPHRAH,Ursa Major,HR 3594,κ UMa,44471,,,2017/05/09
Alkarab,FS-ALKARAB,Pegasus,HR 8905,υ Peg,115623,,,2017/05/09
Alkes,FS-ALKES,Crater,HR 4287,α Crt,53740,"Applied with various spellings since medieval times, from the sci-A constellation name al-ka's, ""the (Wine) Cup,"" for Crater.",Arabic,2016/12/09
Almaaz,FS-ALMAAZ,Auriga,HR 1605,ε Aur,23416,,,2017/01/02
Almach,FS-ALMACH,Andromeda,HR 603,γ And,9640,"The formation of this name begins with the Arabic name for this star: ʿanaq al-ard, ""the Caracal"" (a black-eared feline predator found in the Middle East). The Arabs also gave the name in short form as al-ʿanaq, which became transliterated into Medieval Latin as alamac. in Renaissance times, the derivatin of alamac was erroneously attributed to the assumed Arabic word al-maq (properly al-muq) for ""the boot"" or ""buskin"", rather than to al-ʿanaq. Subsequently the erroneous word, as ""Almaak"" and later ""Almach"" was applied as a star name to γ And, mostly in astronomical works in English. Other, non-English works use the spelling ""Alamak"" derived directly from the Medieval Latin transliteration.",,
Alnair,FS-ALNAIR,Grus,HR 8425,α Gru,109268,"Applied in recent times from an abbreviation of its late Arabic name al-nayyir min dhanab al-but, ""the Bright One from the Fish's Tail"" (where a l6th century Arabic astronomer had extended Ptolemy's Southern Fish [Piscis Austrinus] into what is today Grus). The form Al Na'ir was taken from a wrong transliteration (Al Na'ir) of the Arabic adjective al-nayyir, ""the Bright One.""",Arabic,
Alnasl,FS-ALNASL,Sagittarius,HR 6746,γ2 Sgr,88635,"Applied in recent times from its late Arabic name al-nasl, ""the Point,"" in turn an abbreviation of the Arabic Almagest's nasl al-sahm, ""the Point of the Arrow.""",Arabic,
Alnilam,FS-ALNILAM,Orion,HR 1903,ε Ori,26311,"Applied in recent times from the ind-A asterism name al-nizam, ""the String of Pearls,"" for δ, ε, and ζ Ori.",Arabic,
Alnitak,FS-ALNITAK,Orion,HR 1948,ζ Ori,26727,"Applied in recent times from an abbreviation of the ind-A asterism name nitaq al-jauza, ""the Belt (or Girdle) of al-jauza,"" for δ, ε, and ζ Ori.",Arabic,
Alniyat,FS-ALNIYAT,Scorpius,HR 6084,σ Sco,80112,"Applied in recent times from the ind-A name al-niyat, ""the Arteries"", for σ and τ Sco. α Sco, between the arteries, was the ind-A qalb al'aqrab, ""the Scorpion's Heart"" (all were part of the ind-A Scorpion).",Arabic,2017/01/02
Alphard,FS-ALPHARD,Hydra,HR 3748,α Hya,46390,"Applied in medieval times from its ind-A name al-fard, ""the Solitary One,"" descriptive of this star's standing out among the surrounding dim stars. (See the same word in the plural, with ζ CMa.)",Arabic,
Alphecca,FS-ALPHECCA,Corona Borealis,HR 5793,α CrB,76267,"Applied in medieval times from the ind-A asterism name al-fakka, for Corona Borealis. The Arabic name, from the root f-k-k, ""to separate, break up, etc.,"" apparently refers to this asterism's shape: an incomplete circle.",Arabic,
Alpheratz,FS-ALPHERATZ,Andromeda,HR 15,α And,677,"The specific origin of this name is unclear. It may represent a transfer from β Peg, where alferaz and other variants were applied in medieval times as abbreviations for β Peg's Arabic name mankib al-faras, ""the Horse's Shoulder"". Or, it may be from an abbreviation of the name alpheraz id est equus, ""alpheraz, that is, the Horse"", which was applied directly to α And also in medieval times. In any case, Medieval Latin authors confused these two names, their spellings, and their identifications, and the modern application of ""Alpheratz"" to α And comes down to us from late medieval times.",,
Alpherg,FS-ALPHERG,Pisces,HR 437,η Psc,7097,,,2018/01/06
Alrakis,FS-ALRAKIS,Draco,HR 6370,μ Dra,83608,"Applied in recent times from its ind-A name al-raqis, ""the Trotting Camel.""",Arabic,2017/01/02
Alrescha,FS-ALRESCHA,Pisces,HR 596,α Psc,9487,"From the ind-A lunar mansion name al-risha', ""the Cord,"" for β And. Wrongly transferred to α Psc in recent times. According to a sci-A source, the ind-A al-risha' included, in a larger sense, two curving lines of mostly dim stars in Andromeda and Pisces, meant to attach to the ind-A al-dalw ""the Well Bucket"" (marked by today's Square of Pegasus). It is also possible that this ""cord"" was a remnant of the cord joining the two fish of the older Babylonian zodiac. Indeed, these stars of the cord were alternatively known by the ind-Arabs as al-hut, ""the Fish"" (a single fish), corresponding to what in other cultures was Pisces among the zodiacal signs (and according to this tradition, the Fish's brightest star, β And, was batn al-hut, ""the Fish's Belly"").",Arabic,
Alruba,FS-ALRUBA,Draco,HR 6618,- Dra,86782,,,2018/01/06
Alsafi,FS-ALSAFI,Draco,HR 7462,σ Dra,96100,,,
Alsciaukat,FS-ALSCIAUKAT,Lynx,HR 3275,31 Lyn,41075,,,
Alsephina,FS-ALSEPHINA,Vela,HR 3485,δ Vel,42913,,,2017/05/09
Alshain,FS-ALSHAIN,Aquila,HR 7602,β Aql,98036,"Applied in recent times (with a misreading in the second word) from abbreviating the Persian asterism name shahin-i tarazu, ""the Scale Beam,"" for α, β and γ Aql. The Persian name, in turn, was a medieval translation of these stars' ind-A name al-mizan, ""the Balance"" (said to be a popular name for the ind-Arabs' al-nasr al-ti'ir listed under α Aql).",Arabic,
Alshat,FS-ALSHAT,Capricornus,HR 7773,ν Cap,100310,,,
Altair,FS-ALTAIR,Aquila,HR 7557,α Aql,97649,"Applied with various spellings since medieval times, from an abbreviation of its Arabic name al-nars al-ta)ir, ""the Flying Eagle (or Vulture)"", alternatively used as an asterism name for α, β and γ Aql. The name has probable origins among the Babylonians and Sumerians, for whom α Aql was ""the Eagle Star"".",,
Altais,FS-ALTAIS,Draco,HR 7310,δ Dra,94376,"Applied in recent times from a misreading of the script for the sci-A constellation name al-tinnin, ""the Serpent,"" as it appeared incorrectly in a late sci-A star catalog, as part of the name for δ Dra. (The incorrect word, al-tais, is a real word in Arabic meaning ""the He-goat,"" however it was never used by the ind-Arabs in stellar nomenclature. Furthermore, in the same Arabic source, in the name of ε Dra [formed parallel to that of δ Dra], the word was correctly written al-tinnin.)",Arabic,
Alterf,FS-ALTERF,Leo,HR 3773,λ Leo,46750,"Applied in recent times from the ind-A lunar mansion name al-tarf, ""the Glance,"" for κ Cnc and λ Leo, associated with the ind-A asterism al-asad, as if being located on that lion's eyes.",Arabic,2017/01/02
Aludra,FS-ALUDRA,Canis Minor,HR 2827,η CMa,35904,"Applied in recent times from the alternative Arabic asterism name al-(udhra, ""the Virginity"", and (udhrat aljauza), ""the Virginity [?] of al-jauza)"", for ε, δ, η and ο2 CMa. The name (udhrat al-jauza), by tying it with the nearly Arabic asterism al-jauza) (today's Orion), may have been an attempt to apply significance to the enigmatic and perhaps older name al-(udhra.",,
Alula Australis,FS-ALULA-AUSTRALIS,Ursa Major,HR 4375,ξ UMa,55203,"Applied in recent times from their ind-A name al-qafza al-ula, ""the First Leap"", and the Latin distinctions of ""northern"" and ""southern,"" respectively.",Arabic,
Alula Borealis,FS-ALULA-BOREALIS,Ursa Major,HR 4377,ν UMa,55219,"Applied in recent times from their ind-A name al-qafza al-ula, ""the First Leap"", and the Latin distinctions of ""northern"" and ""southern,"" respectively.",Arabic,
Alya,FS-ALYA,Serpens,HR 7141,θ1 Ser,92946,"From the Arabic word alya, naming the fatty tail of a breed of Eastern sheep. In Renaissance times this word was erroneously proposed as the origin of Alioth, a Medieval Latin name for ε UMa. The erroneous ""Alya"" was applied as a star name to θ Ser in recent times.",Arabic,
Alzirr,FS-ALZIRR,Gemini,HR 2484,ξ Gem,32362,,,
Amadioha,FS-AMADIOHA,Canis Major,HD 43197,_ CMa,29550,"Amadioha is the god of thunder in Igbo mythology. As well as representing justice, Amadioha is also a god of love, peace and unity.",Igbo,
Amansinaya,FS-AMANSINAYA,Crater,WASP-34,_ Crt,,"Aman Sinaya is one of the two trinity deities of the Philippine's Tagalog mythology, and is the primordial deity of the ocean and protector of fisherman.",Filipino,
Anadolu,FS-ANADOLU,Pegasus,WASP-52,_ Peg,,Anadolu is the primary homeland of Turkey and refers to the motherland in Turkish culture.,Turkish,
Ancha,FS-ANCHA,Aquarius,HR 8499,θ Aqr,110003,"A Latin word meaning ""hip"", used in the Medieval Latin Almagest in describing σ and ι/38 Aqr in the right and left hips, respectively (following an error, for Ptolemy had these stars in ""the buttocks""). The word was applied as a star name to θ Aqr (correctly in Ptolemy's ""right socket of the hip"") in recent times.",Latin,2016/12/09
Angetenar,FS-ANGETENAR,Eridanus,HR 850,τ2 Eri,13288,,,
Aniara,FS-ANIARA,Ursa Major,HD 102956,_ UMa,57820,Aniara is the name of a spaceship in the epic poem Aniara by Swedish author Harry Martinson.,fictional,
Ankaa,FS-ANKAA,Phoenix,HR 99,α  Phe,2081,Applied in recent times from the modern Arabic constellation name al-'anqa' (a fabulous bird) for Phoenix.,Arabic,
Anser,FS-ANSER,Vulpecula,HR 7405,α Vul,,"Johannes & Elisabetha Hevelius created “Vulpecula cum Ansere” (the Little Fox with the Goose) out of unformed stars in the space between Cygnus and Aquila. The constellation first appeared in Firmamentum Sobiescianum sive Uranographia (1687) and the accompanying introductory text, Prodromus astronomiae (1690). To emphasize that it was his own creation, Hevelius dedicated Figure L to the pair, shown as a detail in Fig. 3.1. In atlases published before Hevelius, its stars are shown simply marking the flow of the Milky Way through the area. Ian Ridpath (1989) noted that “Hevelius placed the fox near two other hunting animals, the eagle (the constellation Aquila) and the vulture (which was an alternative identification for Lyra). He explained that the fox was taking the goose to neighbouring Cerberus, another of his inventions.”unnamed before.",,
Antares,FS-ANTARES,Scorpius,HR 6134,α Sco,80763,"From its ancient Greek name ἀντάρης, ""like Ares"", likening the red colour of this star to its planetary namesake (the Roman Mars). Reapplied in Renaissance times. Possibly the Greek name goes back to a Sumerian precursor (as suggested by Horowitz).",Greek,
Arcalís,FS-ARCALIS,Boötes,HD 131496,_ Boo,72845,"Arcalis is a famous peak in the north of Andorra, where the Sun passes through a hole in the mountain twice a year at fixed dates. It was used as a primitive solar calendar and reference point for shepherds and early inhabitants of Andorra.",Catalan,
Arcturus,FS-ARCTURUS,Boötes,HR 5340,α Boo,69673,"From its ancient Greek name Ἀρκτοῦρος, ""the Guard, or Guardian"". Reapplied in Renaissance times. As the Greek word Άρκτος, ""bear,"" also came to mean ""north,"" the meaning can ambiguously be ""Guardian of the North"" and ""Guardian of the Bear"", referring to the nearby constellation Ursa Major.",Greek,
Arkab Posterior,FS-ARKAB-POSTERIOR,Sagittarius,HR 7343,β2 Sgr,95294,"Applied in recent times from an abbreviation of its sci-A name 'urqub al-rami, ""the Archer's Achilles Tendon.""",Arabic,2016/05/10
Arkab Prior,FS-ARKAB-PRIOR,Sagittarius,HR 7337,β1 Sgr,95241,"Applied in recent times from an abbreviation of its sci-A name 'urqub al-rami, ""the Archer's Achilles Tendon.""",Arabic,2016/05/10
Arneb,FS-ARNEB,Lepus,HR 1865,α Lep,25985,"Applied in recent times from the sci-A constellation name al-arnab ""the Hare"", for Lepus.",Arabic,
Ascella,FS-ASCELLA,Sagittarius,HR 7194,ζ Sgr,93506,"ascella (""armpit""). Although it appeared in the 1515 Almagest, the name does not appear to have come into common usage until the 20th century after appearing as Ascella in Richard Hinckley Allen's ""Star Names Their Lore and Meaning"" (1899).",Latin,2016/12/09
Asellus Australis,FS-ASELLUS-AUSTRALIS,Cancer,HR 3461,δ Cnc,42911,"From their joint Roman name the Aselli (and also Asini), ""the Asses"" of ""Donkeys"", being a translation of these stars' Greek name. Reapplied in Renaissance times, along with the Latin distinctions of ""northern"" and ""southern"".",Latin,2016/06/11
Asellus Borealis,FS-ASELLUS-BOREALIS,Cancer,HR 3449,γ Cnc,42806,"From their joint Roman name the Aselli (and also Asini), ""the Asses"" of ""Donkeys"", being a translation of these stars' Greek name. Reapplied in Renaissance times, along with the Latin distinctions of ""northern"" and ""southern"".",Latin,2016/06/11
Ashlesha,FS-ASHLESHA,Hydra,HR 3482,ε Hya,43109,,,2018/01/06
Aspidiske,FS-ASPIDISKE,Carina,HR 3699,ι Car,45556,"Applied in recent times from the Greek word ἀσπιδίσκη, ""little shield"", used by Ptolemy in the Almagest in describing several stars in his constellation Argo, that were fixed to the ship for protection and decoration. Ptolemy's shields were in today's Puppis and Vela, but their identification was confused when Argo was divided into the modern Carina, Puppis, Vela and Pyxis.",Greek,
Asterope,FS-ASTEROPE,Taurus,HR 1151,21 Tau,17579,"These names were individually applied in Renaissance times from a family of characters in Greek mythology: Atlas, Pleione and their seven daughters, the Pleiades.",Greek,
Atakoraka,FS-ATAKORAKA,Canis Major,WASP-64,_ CMa,,Atakoraka means the chain of the Atacora: the largest mountain range in Togo.,Ewe,
Athebyne,FS-ATHEBYNE,Draco,HR 6132,η Dra,80331,,,2017/05/09
Atik,FS-ATIK,Perseus,HR 1131,ο Per,17448,"Applied in recent times (also to ζ Per), from an abbreviation of the ind-A name 'atiq al-thurayya, ""the Collarbone of the Pleiades,"" for ο and ζ Per, after their location in the ind-A asterism here",Arabic,2016/12/09
Atlas,FS-ATLAS,Taurus,HR 1178,27 Tau,17847,"These names were individually applied in Renaissance times from a family of characters in Greek mythology: Atlas, Pleione and their seven daughters, the Pleiades.",Greek,
Atria,FS-ATRIA,Triangulum Australe,HR 6217,α TrA,82273,Contraction of Bayer designation A(lpha) Tri(anguli) A(ustralis).,Latin,
Avior,FS-AVIOR,Carina,HR 3307,ε Car,41037,Invented for The Air Almanac of the HM Nautical Almanac Office,English,
Axólotl,FS-AXOLOTL,Cetus,HD 224693,_ Cet,118319,"Axólotl means water animal in the native Nahuatl language, which is a unique and culturally significant endemic amphibious species from the basin of Mexico.",Nahuatl,
Ayeyarwady,FS-AYEYARWADY,Eridanus,HD 18742,_ Eri,13993,Ayeyarwady is the largest and most important river in Myanmar.,Burmese,
Azelfafage,FS-AZELFAFAGE,Cygnus,HR 8301,π1 Cyg,107136,"From the sci-A constellation name al-sulahfat, ""the Tortoise,"" for Lyra ( corresponding to the Greek image of a tortoise shell for the Lyre's soundboard). Transliterated as Azelfage, a Medieval Latin translator erroneously attributed this constellation name to Cygnus. Then in Renaissance times, the corruption ""Azelfafage"" was applied as a star name to π1 Cyg.",Arabic,2016/12/09
Azha,FS-AZHA,Eridanus,HR 874,η Eri,13701,"Applied in recent times from an abbreviation of the ind-A asterism name udhi al-na'am, ""the Ostrich's Nest,"" for ζ, ρ2,3, η and τ1 Eri, and ε and π Cet.",Arabic,2016/12/09
Azmidi,FS-AZMIDI,Puppis,HR 3045,ξ Pup,38170,,,2018/01/06
Añañuca,FS-ANANUCA,Vela,GJ 367,,,"Añañuca (Phycella cyrtanthoides) is the name of a red wildflower that grows from the Coquimbo region to the Maule region, whose colour alludes to that of the star GJ 367.",Spanish,2023/01/08
Baekdu,FS-BAEKDU,Ursa Minor,HD 133086,8 UMi,73136,"Baekdu is the highest mountain on the Korean peninsula, situated in North Korea, and symbolises the national spirit of Korea.",Korean,
Barnard's Star,FS-BARNARDS-STAR,Ophiuchus,GJ 699,V2500 Oph,87937,"Named after American astronomer E. E. Barnard who first measured the record high proper motion for this star in 1916, the name started appearing in the astronomical literature in the follow-up studies of the star and came into common use starting in the 1920s.",---,2017/01/02
Baten Kaitos,FS-BATEN-KAITOS,Cetus,HR 539,ζ Cet,8645,"Applied in recent times from its sci-A name batn qaitus, ""the Sea Monster's Belly.""",Arabic,2016/12/09
Batsũ̀,FS-BATSU,Indus,LHS 3844,,,"Batsũ̀ means “hummingbird” in the Bribri language. Batsũ̀ are the messengers of the creator Sibö̀, a culture hero and creator of Earth and Humanity.",Bribri,2023/01/08
Beemim,FS-BEEMIM,Eridanus,HR 1393,υ3 Eri,20535,"Spelling variations of this name appeared in medieval sources for star 29 in Eridanus in the Almagest (Upsilon3 Eri), with the Alfonsine Tables (1492, Tabule Astronomice Alfonsi Regis) spelling it as ""Beemim"".",corrupted,
Beid,FS-BEID,Eridanus,HR 1298,ο1 Eri,19587,"Applied in recent times from the ind-A name al-baid, ""the Eggs"" for unspecified dim stars around the ind-A ostrich's nest.",Arabic,2016/12/09
Belel,FS-BELEL,Sagittarius,HD 181342,_ Sgr,95124,Belel is a rare source of water in the north of Senegal.,Wolof,
Bellatrix,FS-BELLATRIX,Orion,HR 1790,γ Ori,25336,"A Latin name meaning ""the Female Warrior"", given to α Aur in a medieval astrological text (the reason behind this initial application is not fully understood and awaits further findings in corresponding Arabic texts). In late medieval times, bellatrix was transferred to γ Ori, perhaps by association with the name Bellator, ""the Male Warrior"", which was used for Orion in other astrological texts.",Latin,
Berehynia,FS-BEREHYNIA,Perseus,HAT-P-15,_ Per,,"Berehynia was a Slavic deity of waters and riverbanks but in more recent times her status has been promoted to that of a national goddess — ""hearth mother, protectress of the earth"".",Ukrainian,
Betelgeuse,FS-BETELGEUSE,Orion,HR 2061,α Ori,27989,"Applied with varied spellings since medieval times, from its ind-A name yad al-jauza', ""the Hand of al-jauza'"" (The first medieval transliteration into Latin was bedalgeuze, mistaking the initial Arabic letter as ""b"" instead of ""y."" In Renaissance times this corruption was erroneously attributed to the assumed Arabic word ""bat"" [properly ibt], for ""the Armpit"" of al-jauza', giving rise to the corruption Betelgeuse"" seen today. Thus by Renaissance times both the ""y"" and ""d"" of the first part of the ind-A name had become corrupted.) The ind-A asterism al-jauza' was a feminine figure represented in the stars of what is today Orion. The origin of its name is unclear (as with nearly all of the ancient group of ind-A names). The root jwz can mean ""middle,"" and the word al-jauza' is structured as a feminine adjective, thus al-jauza' may mean ""the female one, having something about her related to the middle."" There have been different speculations as to what the ""middle"" reference, if that is what it is, could be (for one example). The ind-Arabs' al-jauza' corresponded to what in other cultures was Gemini among the zodiacal signs. The sci-Arabs subsequently used the indigenous name for both the Greek Orion and Twins, leading to some confusion in star names between the two constellations. An alternative sci-A name for Orion was al-jabbar, ""the Giant"" and for Gemini, al-taw'aman, ""the Twins.""",Arabic,
Bharani,FS-BHARANI,Aries,HR 838,41  Ari,6193,,,
Bibhā,FS-BIBHA,Sextans,HD 86081,_ Sex,48711,"Bibhā [/bɪbɦa/] is the Bengali pronunciation of the Sanskrit word Vibha, which means a bright beam of light.",Bengali,
Biham,FS-BIHAM,Pegasus,HR 8450,θ Peg,109427,"Applied in recent times from an abbreviation of the ind-A name sa'd al-biham, for θ and ν Peg. A possible meaning for the name is ""the Lucky (Stars) of the Young Beasts [lambs, kids, and the like],"" but the exact historical connections are unknown.",Arabic,
Bosona,FS-BOSONA,Aquarius,HD 206610,_ Aqr,107251,"Bosona is the name given to the territory of Bosnia in the 10th century. Later, the name was transformed to Bosnia originating from the name of the Bosna river.",,
Botein,FS-BOTEIN,Aries,HR 951,δ Ari,14838,"Applied in recent times from the ind-A lunar mansion name al-butain, ""the Little Belly"", for δ, ϵ and ρ Ari.",,2016/12/09
Brachium,FS-BRACHIUM,Libra,HR 5603,σ Lib,73714,,,2017/05/09
Bubup,FS-BUBUP,Mensa,HD 38283,_ Men,26380,Bubup is the Boonwurrung word for child.,Boonwurrung,
Buna,FS-BUNA,Andromeda,HD 16175,_ And,12191,Buna is the commonly used word for coffee in Ethiopia.,Ethiopic,
Bunda,FS-BUNDA,Aquarius,HR 8264,ξ Aqr,106786,,,2018/01/06
Bélénos,FS-BELENOS,Pisces,HD 8574,_ Psc,6643,"Bélénos was the god of light, of the Sun, and of health in Gaulish mythology.",French,
Canopus,FS-CANOPUS,Carina,HR 2326,α Car,30438,"From its ancient Greek name Κάνωβος (Ptolemy's spelling), an untranslated proper name that was introduced rather late into Greek astronomy (perhaps in the 2nd century BCE). There seem to be Egyptian influences in the name's development. Reapplied in Renaissance times.",Greek,
Capella,FS-CAPELLA,Auriga,HR 1708,α Aur,24608,"Its ancient Roman name meaning ""the She-goat"" (but more commonly given, in antiquity, as Capra), after the star's Greek name αίξ, ""the Goat"". Reapplied in recent times. The Roman names Capella, Aselli (for γ/ δ Cnc), and others in the diminutive form (also in Greek), are likely meant to indicate an atypical use of words, as an animal's name given to a star instead of to the animal (rather than meaning ""small"" animals or personages).",Latin,
Caph,FS-CAPH,Cassiopeia,HR 21,β Cas,746,"Applied in recent times from an abbreviation of its ind-A name al-kaff al-khadib ""the Stained Hand,"" alternatively and more correctly used for all the brighter stars of today's Cassiopeia (probably α, β, γ, δ, and ε). The ind-A figure here represented a hand with its finger-tips stained reddish-brown in the traditional Eastern way using henna leaves. al-kaff al-khatdib, in turn, was part of the larger ind-A asterism kaff althurayya al-yumna al-mabsuta, ""the Outstretched Right Hand of the Pleiades."" The latter extended from today's Taurus through Perseus into Cassiopeia. A second hand (the Pleiades were a ""head"" from which two arms or hands radiated) was al-kaff al-jadhma', ""the Amputated Hand,"" in today's Cetus.",Arabic,
Castor,FS-CASTOR,Gemini,HR 2891,α Gem,36850,"From its ancient Greek name Κάστωρ, a character in Greek mythology, the twin of Pollux (β Gem). Reapplied in Renaissance times.",Latin (from Greek),
Castula,FS-CASTULA,Cassiopeia,HR 265,υ2 Cas,4422,"Castula is Latin for a type of woman's tunic. Bayer (1603, Uranometria) attributes the name ""castulum"" to Nonius (Portugese scholar Pedro Nunez, 1502-1578), with the Greek alias ταινίαν for a ribbon.",Latin,2017/05/09
Cebalrai,FS-CEBALRAI,Ophiuchus,HR 6603,β Oph,86742,"Applied in recent times from its ind-A name kalb al-ra'i, ""the Shepherd's Dog"" (in other traditions α Her and 28/29 Cep are given the same name). This dog, together with the shepherd (marked by α Oph), and the two lines of stars enclosing the Pasture, and all the dim stellar sheep in that portion of the sky (al-ghanam or al-aghnam for the sheep), seem to form a complete group of ind-A figures.",Arabic,
Ceibo,FS-CEIBO,Chamaeleon,HD 63454,_ Cha,37284,Ceibo is the name of the native tree of Uruguay that gives rise to the national flower.,Spanish,
Celaeno,FS-CELAENO,Taurus,HR 1140,16 Tau,17489,"These names were individually applied in Renaissance times from a family of characters in Greek mythology: Atlas, Pleione and their seven daughters, the Pleiades.",Greek,
Cervantes,FS-CERVANTES,Ara,HR 6585,μ Ara,86796,"Miguel de Cervantes Saavedra (1547-1616) was a famous Spanish writer and author of ""El Ingenioso Hidalgo Don Quixote de la Mancha"".",Spanish,
Chalawan,FS-CHALAWAN,Ursa Major,HR 4277,47 UMa,53721,Chalawan is a mythological crocodile king from a Thai folktale.,Thai,
Chamukuy,FS-CHAMUKUY,Taurus,HR 1412,θ2 Tau,20894,"The Yucatec Maya identify Theta Tauri as chamukuy, the name of a small bird.",Yucatec,2017/05/09
Chaophraya,FS-CHAOPHRAYA,Eridanus,WASP-50,_ Eri,,Chao Phraya is the great river of Thailand.,Thai,
Chara,FS-CHARA,Canes Venatici,HR 4785,β CVn,61317,"Applied in Renaissance times from the Greek word χαρά, ""joy"", that was used by Hevelius in 1690 to name the southern dog (marked by α and β CVn) in his new constellation Canes Vanatici.",Greek,
Chasoň,FS-CHASON,Lyra,HAT-P-5,_ Lyr,,Chasoň is an ancient Slovak term for Sun.,Slovakian,
Chechia,FS-CHECHIA,Aquila,HD 192699,_ Aql,99894,"Chechia is a flat-surfaced, traditional red wool hat worn by men and women, symbolising the country's rich traditions and is considered as the national headdress for in Tunisia.",Tunisian Arabic,
Chertan,FS-CHERTAN,Leo,HR 4359,θ Leo,54879,"Applied in recent times from one spelling of the ind-A lunar mansion name al-khurtan, ""the Two Small Ribs (at or near the breast),"" for δ and θ Leo. The more common and apparently correct spelling of the lunar mansion name is al-kharatan, of unknown meaning.",Arabic,
Citadelle,FS-CITADELLE,Pisces,HD 1502,_ Psc,1547,"The Citadelle is a large mountaintop fortress in Nord, Haiti built after Haiti's independence, and was designated a UNESCO World Heritage site along with the nearby Sans-Souci Palace.",French,
Citalá,FS-CITALA,Monoceros,HD 52265,_ Mon,33719,Citalá means River of stars in the native Nahuat language.,Nawat language,
Cocibolca,FS-COCIBOLCA,Sculptor,HD 4208,_ Scl,3479,Cocibolca is the Nahualt name for the largest lake in Central America in Nicaragua.,Spanish,
Copernicus,FS-COPERNICUS,Cancer,HR 3522,55 Cnc,43587,"Nicolaus Copernicus or Mikolaj Kopernik (1473-1543) was a Polish astronomer who proposed the heliocentric model of the solar system in his book ""De revolutionibus orbium coelestium"".",Latin,
Cor Caroli,FS-COR-CAROLI,Canes Venatici,HR 4915,α2 CVn,63125,"The name first appeared in 1673 on the northern half of a pair of celestial hemispheres that accompanied a book called Astroscopium by the English cartographer Francis Lamb. He labelled the star Cor Caroli Regis Martyris, a reference to the fact that King Charles I was beheaded, or ‘martyred’, as Lamb loyally put it (Charles had declared himself ‘martyr of the people’ at his execution).",Latin (English),
Cujam,FS-CUJAM,Hercules,HR 6117,ω Her,80463,"From the Latin word caiam, ""club"" (in the accusative case), supposedly used in a classical poem alluding to the mythological figure Hercules, not the constellation. The word was applied as a star name in Renaissance times.",Latin,2017/01/02
Cursa,FS-CURSA,Eridanus,HR 1666,β Eri,23875,"Applied in recent times from an abbreviation of the ind-A asterism name kursiy al-jauza' al-muqaddam, ""the Foremost footstool of aljauza' [today's Orion],"" for λ, β and ψ Eri, and τ Ori.",Arabic,
Dabih,FS-DABIH,Capricornus,HR 7776,β1 Cap,100345,"Applied in recent times from the ind-A lunar mansion name sa'd aldhabih, for α and β Cap. Possible meanings for the name are ""the Lucky (Stars) of the Slaughterer,"" or, ""Sa'd, the Slaughtering One"" (this last using Sa'd as an unspecified proper name). However the exact historical connections are unknown.",Arabic,
Dalim,FS-DALIM,Fornax,HR 963,α For,14879,,,2017/05/09
Danfeng,FS-DANFENG,Tucana,L 168-9,,,"Danfeng (丹凤) refers to the red phoenix, a sacred bird symbolising good fortune in ancient Chinese legend.",Chinese (Simplified),2023/01/08
Deneb,FS-DENEB,Cygnus,HR 7924,α Cyg,102098,"""Tail"" in Arabic",,
Deneb Algedi,FS-DENEB-ALGEDI,Capricornus,HR 8322,δ Cap,107556,"""Tail of the Goat"" in Arabic",,2017/01/02
Denebola,FS-DENEBOLA,Leo,HR 4534,β Leo,57632,"Applied with various spellings since medieval times, from its sci-A name dhanab al-asad, ""the Lion's Tail.""",Arabic,
Diadem,FS-DIADEM,Coma Berenices,HR 4968,α Com,64241,,,2017/01/02
Dilmun,FS-DILMUN,Puppis,WASP-121,,,Dilmun was the Sumerian name of an ancient civilisation of the Bahrain archipelago and the eastern Arabian Peninsula.,Sumerian and Greek,2023/01/08
Dingolay,FS-DINGOLAY,Leo,HD 96063,_ Leo,54158,"Dingolay means to dance, twist and turn in elaborate movements, symbolising the culture and language of the ancestors of the people of Trinidad and Tobago.",English,
Diphda,FS-DIPHDA,Cetus,HR 188,β Cet,3419,"Applied in recent times from an abbreviation of its ind-A name al-difdi' al-thani, ""the Second Frog"" (a PsA was the ind-Arabs' ""First Frog,"" al-difdi' al-awwal).",Arabic,
Diya,FS-DIYA,Fornax,WASP-72,_ For,,"Diya is an oil lamp that is brought by Indian ancestors to Mauritius in the 1820's, and is used for lighting during special occasions, including the light festival of Diwali.",Hindi,
Dofida,FS-DOFIDA,Ursa Major,HD 117618,_ UMa,66047,Dofida means our star in Nias language.,Nias language,
Dombay,FS-DOMBAY,Ursa Major,HAT-P-3,_ UMa,,"Dombay is a resort region in the North Caucasus mountains that is enclosed by mountain forests and rich wildlife, including bears (as this star lies in the constellation Ursa Major, the great bear).",Russian,
Dschubba,FS-DSCHUBBA,Scorpius,HR 5953,δ Sco,78401,"Applied in recent times from an abbreviation of the sci-A name jabhat al-'aqrab, ""the Scorpion's Forehead,"" for β, δ, and π Sco.",Arabic,
Dubhe,FS-DUBHE,Ursa Major,HR 4301,α UMa,54061,"Applied in medieval times from the sci-A constellation name al-dubb, ""the Bear,"" for Ursa Major. The spelling in the oldest sources was edubh (corresponding to the Arabic noun with the article al prefixed as e). Afterwards, by corruption, the initial e was transferred to the end of the word: dubhe.",Arabic,
Dziban,FS-DZIBAN,Draco,HR 6636,ψ1 Dra,86614,,,2017/05/09
Dìwö,FS-DIWO,Scorpius,WASP-17,_ Sco,,Dìwö in Bribri language means the sun (bigger than the sun we know) and that never turns off.,Bribri,
Ebla,FS-EBLA,Pisces,HAT-P-3,_ Psc,114322,"Ebla was one of the earliest kingdoms in Syria, and served as a prominent region in the 2nd and 3rd millenia B.C.",,
Edasich,FS-EDASICH,Draco,HR 5744,ι Dra,75458,"Applied in recent times from its ind-A name al-dhikh, ""the Male Hyena.""",Arabic,
Electra,FS-ELECTRA,Taurus,HR 1142,17 Tau,17499,"These names were individually applied in Renaissance times from a family of characters in Greek mythology: Atlas, Pleione and their seven daughters, the Pleiades.",Greek,
Elgafar,FS-ELGAFAR,Virgo,HR 5409,ϕ Vir,70755,,,2018/01/06
Elkurud,FS-ELKURUD,Columba,HR 2177,θ Col,29034,,,2018/01/06
Elnath,FS-ELNATH,Taurus,HR 1791,β Tau,25428,,,
Eltanin,FS-ELTANIN,Draco,HR 6705,γ Dra,87833,"From the ind-A name al-nath, ""the Butting (with the horns),"" an alternative name for the 1st lunar mansion al-sharatan consisting of β and γ Ari. Some late Arabic authors also applied al-nath as a star name to a Ari. In recent times the name, as ""Nath,"" was wrongly transferred to β Tau, and subsequently it was completed to ""Elnath"" (adding the Arabic definite article).",Arabic,
Emiw,FS-EMIW,Tucana,HD 7199,_ Tuc,5529,Emiw represents love in the local Makhuwa language of the northern region of Mozambique.,Makhuwa,
Enif,FS-ENIF,Pegasus,HR 8308,ε Peg,107315,"Applied in medieval times, evidently from the Arabic word anf, ""nose"" (Ptolemy had described this star on the horse's ""muzzle""). However, sci-A sources do not mention anf for ε Peg, only other terms, hence the ultimate origin of ""Enif"" remains uncertain.",Arabic,
Errai,FS-ERRAI,Cepheus,HR 8974,γ Cep,116727,"Applied in recent times from its ind-A name al-ra'i, ""the Shepherd"". This shepherd, with the sheep he attended (al-aghnam, marked by the various dim stars nearby), and the shepherd's dog (kalb al-ra'i,marked by 28/29 [ρ] Cep), seem to form a complete group of ind-A figures.",Arabic,
Fafnir,FS-FAFNIR,Draco,HR 6945,42 Dra,90344,Fafnir was a Norse mythological dwarf who turned into a dragon.,Old Norse,
Fang,FS-FANG,Scorpius,HR 5944,π Sco,78265,determinitive star of lunar mansion Fang (The Room) whose naming constellation constists of 4 stars according to sources back to the 3rd millennium BCE.,Chinese,
Fawaris,FS-FAWARIS,Cygnus,HR 7528,δ Cyg,97165,,,2018/01/06
Felis,FS-FELIS,Hydra,HR 3923,_  Hya,48615,Felis (The Cat) is the name of a constellation invented by Lalande. The name is applied to one star in the area that the constellation covered.,,2018/01/06
Felixvarela,FS-FELIXVARELA,Cetus,BD-17 63,_ Cet,2247,"Felix Varela (1788–1853) was the first to teach science in Cuba at the San Carlos and San Ambrosio Seminary. He opened the way to education for all, and began the experimental teaching of physics in Cuba.",---,
Filetdor,FS-FILETDOR,Hydra,WASP-166,,,"""Filet d'Or"" refers to a golden sea serpent, the protagonist in the Mallorcan folktale (rondalla) ""Na Filet d'Or"".",Catalan,2023/01/08
Flegetonte,FS-FLEGETONTE,Virgo,HD 102195,_ Vir,57370,"Flegetonte is the underworld river of fire from Greek Mythology in the Italian narrative poem on the afterlife ""Divina Commedia"" (Divine Commedy) by Dante Alighieri, chosen as an allusion to the star's fiery nature.",Italian,
Fomalhaut,FS-FOMALHAUT,Piscis Austrinus,HR 8728,α PsA,113368,"Applied with various spellings since medieval times, from an abbreviation of its sci-A name fam al-but al-janubi, ""the Mouth of the Southern Fish.""",Arabic,
Formosa,FS-FORMOSA,Leo,HD 100655,_ Leo,56508,"Formosa is the historical name of Taiwan used in the 17th century, meaning beautiful in Latin.",Portuguese,
Franz,FS-FRANZ,Hercules,HAT-P-14,_ Her,,"Franz is a character in the movie ""Sissi"" embodying an emperor of Austria in the XIXth century. The role is played by the actor Karlheinz Böhm.",---,
Fulu,FS-FULU,Cassiopeia,HR 153,ζ Cas,2920,"traditional Chinese single star asterism: an auxiliary road to Gedao; also represents the chief assistant to maintain roads. Gedao (the flying corridor) is a long chain of stars next to the Purple Palace enclosure constellation. Paradoxically, the auxiliary road is considered a single star asterism as attested in several historical star charts (e.g. the famous Suzhou map). Sun and Kistemaker (1997) who studied sources from the Han dynasty (around the year ""0"" plusminus 200 years) identify ζ Cas with this single star. Another researcher, Sun Shuwei, who dealt with the Xinyixiangfayao Star Map from Su Song (苏颂, 1020-1101 CE) identifies δ Cas. Both is plausible.",Chinese,
Fumalsamakah,FS-FUMALSAMAKAH,Pisces,HR 8773,β Psc,113889,,,2018/01/06
Funi,FS-FUNI,Draco,HD 109246,_ Dra,61177,Funi is an old Icelandic word meaning fire or blaze.,Icelandic,
Furud,FS-FURUD,Canis Major,HR 2282,ζ CMa,30122,"Ultimately from the Arabic word al-furud, ""the solitary ones"", used in an Arabic poet's allusion to anonymous ""solitary stars"" around some star hadari. The word was not intended as a name for specific stars as some later Arabic authors supposed. The attempted identity of the ""al-furud"" stars, like their companion hadari, was variously attributed to stars in today's Centaurus and Columba. The latter stars were included under Canis Maior in the Almagest, leading, in recent times, to the confused assignment of the erroneous ""Furud"".",,
Fuyue,FS-FUYUE,Scorpius,HR 6630,G Sco,87261,"traditional Chinese single star asterism: a legendary wise minister of the Yin or Shang dynasty, 18th century BCE. According to Rufus and Tien (1945), sometimes called the invocator (regarding faults). Sun and Kistemaker (1997) quote Sima Qian that Fu Yue was a chancellor of Emperor Wu Ding of the Yin dynasty but they admit that the could also represent a shaman in the royal harem helping to produce sons. The ancient star name is typically identified with the bright star G Sco.",Chinese,
Gacrux,FS-GACRUX,Crux,HR 4763,gam Cru,61084,"Contraction of Gamma and Crux, appearing in the 1940s.",,
Gakyid,FS-GAKYID,Cancer,HD 73534,_ Cnc,42446,Gakyid means happiness. Gross National Happiness is the development philosophy conceived and followed in Bhutan and is one of Bhutan's contributions to the world.,Dzongkha,
Gar,FS-GAR,Virgo,GJ 486,,,“Gar” means flame in the Basque language.,Basque,2023/01/08
Geminga,FS-GEMINGA,Gemini,PSR B0633+17,_ Gem,,"The star name is an Italian pun, suggested in a paper by Bignami et al. (1983): This source is in the constellation of Gemini and it is a gamma-ray source. Pronounced with both G’s as in “get,” the word means “does not exist” or “it’s not there” in Milanese dialect.",,2022/04/04
Giausar,FS-GIAUSAR,Draco,HR 4434,λ Dra,56211,"From the Persian word jauzahr, a technical term designating the nodes of the moon's or any planet's orbit. Erroneously applied as a star name to λ Dra in recent times.",Arabic,2017/01/02
Gienah,FS-GIENAH,Corvus,HR 4662,γ Crv,59803,"A name transferred from γ Crv in recent times, where the Arabic word janab means ""wing"" (in the Almagest, both ε Cyg and γ Crv lie on the wings of their respective constellations)",Arabic,2016/06/11
Ginan,FS-GINAN,Crux,HR 4700,ε Cru,60260,"Ginan is the Wardaman name of ε Cru, from the Northern Territory, Australia. Ginan was found by Mulugurnden (the crayfish), who brought the red flying foxes from the underworld to the sky. The bats flew up the track of the Milky Way and traded the spiritual song with Guyaru, the Night Owl (Sirius). The bats fly through the constellation Scorpius on their way to the Southern Cross, trading songs as they go. The song informs the people about initiation, which is managed by the stars in Scorpius and related to Larawag (who ensures the appropriate personnel are present for the final stages of the ceremony). The colour of the star is reflected as the brownish-red colour of the dilly bag and its association with ceremonial fire.",Aboriginal/ Wardaman,
Gloas,FS-GLOAS,Lynx,WASP-13,_ Lyn,,"In Manx Gaelic, Gloas means to shine (like a star).",Manx Gaelic,
Gnomon,FS-GNOMON,Sextans,WASP-43,,,"The gnomon (γνώμων) is a basic astronomical instrument, like a sundial, whose shadow length and direction can indicate time or determine latitude.",Greek,2023/01/08
Gomeisa,FS-GOMEISA,Canis Minor,HR 2845,β CMi,36188,"From the ind-A surname al-ghumaisa', ""the Little Bleary-eyed One ('with a filthy fluid in the corner of the eye'),"" for α CMi. Wrongly transferred to β CMi in recent times. The original significance of the surname is unknown. Perhaps as an attempt to explain the significance of al-ghumaisa', as well as that of the surname al-",Arabic,
Grumium,FS-GRUMIUM,Draco,HR 6688,ξ Dra,87585,"A Late Latin word (its correct spelling should be grunnum) meaning ""snout"" or ""muzzle (especially of a pig)"", used in the Medieval Latin Almagest in describing this star. The word was applied as a star name in recent times.",Latin,2016/12/09
Guahayona,FS-GUAHAYONA,Virgo,HAT-P-26,,,Guahayona was a Taíno mythological hero who was “the one who shone with his own light” and is identified with the morning and evening “star” Venus.,Taino,2023/01/08
Gudja,FS-GUDJA,Serpens,HR 5879,κ Ser,77450,"Gudja is the Wardaman name of κ Ser, from the Northern Territory, Australia. Gudja is a Water Goanna, related to birth and rebirth. It is part of the bright trio of stars in Serpens Caput, which also include Munin the Rock Cod (γ Ser) and the Mungamungga birthing place (β Ser), likened to a little hospital. Gudja is involved with the birthing process, which includes sacred ritual practices. The Spiritual Women at the birthing and blessing site in Serpens Caput are connected to the sacred areas of Crux and enacted at Munin Rock and Yinggalarri.",Aboriginal/ Wardaman,2018/10/08
Gumala,FS-GUMALA,Sagittarius,HD 179949,V5652 Sgr,94645,"Gumala is a Malay word, which means a magic bezoar stone found in snakes, dragons, etc.",Malay,
Guniibuu,FS-GUNIIBUU,Ophiuchus,HR 6402,36 Oph,84405,Guniibuu is the Kamilaroi/Euahlayi name for the robin red-breast bird (Petroica boodang). A traditional story links Guniibuu with Gidjirrigaa (Budgerigar) the star κ Sco.,Aboriginal/ Kamilaroi/ Euahlayi,2018/10/08
Hadar,FS-HADAR,Centaurus,HR 5267,β Cen,68702,"From some ind-A name hadari (an untranslated proper name), for one of a pair of stars, the other one being al-wazn. Sci-A authors ventured to identify these stars as α/β Cen or α/β Col, but exactly what two stars were originally intended, and the significance of their names, is unknown. ""Hadar"" was arbitrarily applied to β Cen in recent times.",Arabic,
Haedus,FS-HAEDUS,Auriga,HR 1641,η Aur,23767,"The Almagest star catalogue gives for n Aur: τῶν ἑπι τοῦ ἀριστεροῦ καρπού β καλοvμένων Ἐρίϕωv ὁ ἑπόμενος (The rearmost of the two stars on the left wrist, which are called 'Haedi'). The Latin term ""Haedi"" is a translation of Greek Ἐρίϕωv and plural of ""Haedus"" meaning ""young goat(s)"".",,
Hamal,FS-HAMAL,Aries,HR 617,α Ari,9884,"Applied in recent times from the Arabic constellation name, al-hamal, ""the Lamb"", for Aries. al-hamal seems to belong to those zodiacal constellation names already known in Arabic times.",,
Hassaleh,FS-HASSALEH,Auriga,HR 1577,ι Aur,23015,"Name of unknown etymology from the ""Atlas Coeli Skalnaté Pleso"" of Czech astronomer Antonín Bečvář (1901-1965).",unknown,
Hatysa,FS-HATYSA,Orion,HR 1899,ι Ori,26241,"Name of unknown etymology from the ""Atlas Coeli Skalnaté Pleso"" of Czech astronomer Antonín Bečvář (1901-1965).",unknown,2017/05/09
Helvetios,FS-HELVETIOS,Pegasus,HR 8729,51 Peg,113357,"Helvetios is the Latin for ""the Helvetian"" and refers to the Celtic tribe that lived in Switzerland during the Middle Ages.",Latin,
Heze,FS-HEZE,Virgo,HR 5107,ζ Vir,66249,"Name of unknown etymology from the ""Atlas Coeli Skalnaté Pleso"" of Czech astronomer Antonín Bečvář (1901-1965).",unknown,2018/01/06
Hoggar,FS-HOGGAR,Taurus,HD 28678,_ Tau,21109,Hoggar is the name of the main mountain range in the Sahara Desert in southern Algeria.,Arabic,
Homam,FS-HOMAM,Pegasus,HR 8634,ζ Peg,112029,"Applied in recent times from an abbreviation of the ind-A name sa'd al-humam, for ζ and ξ Peg. A possible meaning for the name is ""the Lucky (Stars) of the Hero,"" but the exact historical connections are unknown.",Arabic,
Horna,FS-HORNA,Triangulum,HAT-P-38,_ Tri,,Horna is hell or the underworld from Finnic mythology.,Finnish,
Hunahpú,FS-HUNAHPU,Crater,HD 98219,_ Crt,55174,Hunahpú was one of the twin gods who became the Sun in K'iche' (Quiché) Mayan mythology as recounted in the Popol Vuh.,Kʼicheʼ language,
Hunor,FS-HUNOR,Hercules,HAT-P-2,_ Her,,"Hunor was a legendary ancestor of the Huns and the Hungarian nation, and brother of Magor.",Hungarian,
Iklil,FS-IKLIL,Scorpius,HR 5928,ρ Sco,78104,,,2017/05/09
Illyrian,FS-ILLYRIAN,Leo Minor,HD 82886,_ LMi,47087,"Historians largely believe that the Albanians are descendants of the Illyrians, a term Albanians proudly call themselves.",English,
Imai,FS-IMAI,Crux,HR 4656,δ Cru,59747,"The Mursi name a line of four stars imai (δ Cru), thaadoi (β Cru), waar (β Cen) and sholbi (α Cen). Their successive disappearance (heliacal setting) are used to determine when the River Omo will flood (it does this several times) and hence to determine when to plant the annual crop of cowpeas beside it (after the last flood but before the ground dries out). Imai is the Mursi name for the grass that grows along the banks of the river (Rhynchelytrum repens). It is said that when the imai star disappears, the Omo rises high enough to flatten the imai grass.",African/Mursi,2018/10/08
Inquill,FS-INQUILL,Ara,HD 156411,_ Ara,84787,Inquill was one half of the couple involved in the tragic love story Way to the Sun by famous Peruvian writer Abraham Valdelomar.,---,
Intan,FS-INTAN,Fornax,HD 20868,_ For,15578,"Intan means diamond in the Malay language (Bahasa Melayu), alluding to the shining of a star.",Bahasa Melyu,
Intercrus,FS-INTERCRUS,Ursa Major,HR 3743,_ UMa,46471,"Intercrus means ""between the legs"" in Latin style, referring to the star's position in the constellation Ursa Major.",Latin,
Irena,FS-IRENA,Hercules,WASP-38,_ Her,,Irena is a leading character in the novel Under the Free Sun: a Story of the Ancient Grandfathers by Slovene writer Fran Saleški Finžgar. Irena is a woman of the court.,---,
Itonda,FS-ITONDA,Grus,HD 208487,_ Gru,108375,"Itonda, in the Myene tongue, corresponds to all that is beautiful.",Myene,
Izar,FS-IZAR,Boötes,HR 5506,ε Boo,72105,"Applied in recent times from the Arabic word izwar, ""girdle"" or ""loin cloth"", being a later version of the original term al-mi)zar used in the Arabic Almagest in describing this star.",,
Jabbah,FS-JABBAH,Scorpius,HR 6027,ν Sco,79374,,,
Jishui,FS-JISHUI,Gemini,HR 2930,ο Gem,37265,"traditional Chinese single star asterism: translations of the term are ""Bilgewater"", ""a store of water to make wine"", or ""accumulated water (held in by dikes for future use)"". It refers to a faint star in Gemini or Perseus that is idenfied differently by modern authors. Sun and Kistemaker (1997) from Han sources and Sun Shuwei (Stellarium) from a medieval source both suggest o Gem while Xu et al. (2000) identify lambda Persei.",Chinese,
Kaewkosin,FS-KAEWKOSIN,Cancer,GJ 3470,,,"Kaewkosin (แก้วโกสินทร์) refers to the crystals of the Hindu deity Indra in the Thai language, alluding to the ancient belief that the stars were gemstones.",Thai,2023/01/08
Kaffaljidhma,FS-KAFFALJIDHMA,Cetus,HR 804,γ Cet,12706,,,2017/01/02
Kalausi,FS-KALAUSI,Vela,HD 83443,_ Vel,47202,The word Kalausi means a very strong whirling column of wind in the Dholuo language of Kenya.,Dholuo,
Kamuy,FS-KAMUY,Corona Borealis,HD 145457,_ CrB,79219,Kamuy is a word in the Ainu language denoting a supernatural entity possessing spiritual energy.,Ainu,
Kang,FS-KANG,Virgo,HR 5315,κ Vir,69427,determinitive star of lunar mansion Kang (The Neck) whose naming constellation constists of 4 stars according to sources back to the 3rd millennium BCE,Chinese,
Karaka,FS-KARAKA,Apus,HD 137388,_ Aps,76351,"Karaka is the word in the Māori language for a plant endemic to New Zealand that produces a bright orange, fleshy fruit.",Māori,
Kaus Australis,FS-KAUS-AUSTRALIS,Sagittarius,HR 6879,ε Sgr,90185,"Arbitrarily applied in recent times, together with the Latin distinctions of ""middle,"" ""southern,"" and ""northern"" (for λ Sgr), from the ind-A (and later sci-A) constellation name al-qaus, ""the Bow."" For the ind-Arabs, al-qaus was marked by the curved line of stars ξ2, o, π, d, ρ and u Sgr (corresponding to what in other cultures was Sagittarius among the zodiacal signs). The sci-Arabs used the indigenous name for the Greeks' Archer, alternatively translated as al-rami.",Arabic,
Kaus Borealis,FS-KAUS-BOREALIS,Sagittarius,HR 6913,λ Sgr,90496,"Arbitrarily applied in recent times, together with the Latin distinctions of ""middle,"" ""southern,"" and ""northern"" (for λ Sgr), from the ind-A (and later sci-A) constellation name al-qaus, ""the Bow."" For the ind-Arabs, al-qaus was marked by the curved line of stars ξ2, o, π, d, ρ and u Sgr (corresponding to what in other cultures was Sagittarius among the zodiacal signs). The sci-Arabs used the indigenous name for the Greeks' Archer, alternatively translated as al-rami.",Arabic,
Kaus Media,FS-KAUS-MEDIA,Sagittarius,HR 6859,δ Sgr,89931,"Arbitrarily applied in recent times, together with the Latin distinctions of ""middle,"" ""southern,"" and ""northern"" (for λ Sgr), from the ind-A (and later sci-A) constellation name al-qaus, ""the Bow."" For the ind-Arabs, al-qaus was marked by the curved line of stars ξ2, o, π, d, ρ and u Sgr (corresponding to what in other cultures was Sagittarius among the zodiacal signs). The sci-Arabs used the indigenous name for the Greeks' Archer, alternatively translated as al-rami.",Arabic,
Kaveh,FS-KAVEH,Serpens,HD 175541,_ Ser,92895,"Kaveh is one of the heroes of Shahnameh, the epic poem composed by Persian poet Ferdowsi between 977 and 1010 CE. Kaveh is a blacksmith who symbolises justice.",Persian,
Keid,FS-KEID,Eridanus,HR 1325,ο2 Eri,19849,"Applied in recent times from the ind-A name al-qaid, ""the Egg Shells,"" for unspecified stars around the ind-A ostrich's nest.",Arabic,2016/12/09
Khambalia,FS-KHAMBALIA,Virgo,HR 5359,λ Vir,69974,,,2017/05/09
Kitalpha,FS-KITALPHA,Equuleus,HR 8131,α Equ,104987,"Applied in recent times from the sci-A constellation name qit'at al-faras, ""the Section of the Horse,"" for Equuleus. Ptolemy had Ἵππου Προτομή, ""the First Half of the Horse,"" for the constellation, because it shows only half the figure (as with the constellations Taurus, Pegasus, and the Greek ship Argo).",Arabic,
Kochab,FS-KOCHAB,Ursa Minor,HR 5563,β UMi,72607,"Applied to β UMi in Renaissance times and of uncertam derivation. It is probably from one of the names Alrucaba, Rucaba, etc., that were first applied to θ UMa, then to α UMi, in medieval times. However, the name may also be from the Arabic word kaukab, or the Hebrew word kokhabh, both meaning ""star.""",Arabic,
Koeia,FS-KOEIA,Eridanus,HIP 12961,_ Eri,12961,Koeia was the word for star in the language of the Taíno Indigenous People of the Caribbean.,Taíno,
Koit,FS-KOIT,Lynx,XO-4,_ Lyn,,Koit is Estonian for the time when the Sun rises in the morning (dawn).,Estonian,
Komondor,FS-KOMONDOR,Canes Venatici,HAT-P-12,,,The Komondor is a large white Hungarian breed of livestock guardian dog.,Hungarian,2023/01/08
Kornephoros,FS-KORNEPHOROS,Hercules,HR 6148,β Her,80816,"From the Greek word κορυνηφόρος, ""club-bearer"", mentioned in one Renaissance study as a name for the constellation Hercules. Properly it is of mythological rather than astronomical significance, for Ptolemy's constellation here was ""the Kneeler"", described without a club. ""Kornephoros"" was applied as a star name in recent times.",Greek,
Kosjenka,FS-KOSJENKA,Columba,WASP-63,,,Kosjenka is the protagonist of the Croatian fairy tale Regoč.,Croatian,2023/01/08
Kraz,FS-KRAZ,Corvus,HR 4786,β Crv,61359,"Name of unknown etymology from the ""Atlas Coeli Skalnaté Pleso"" of Czech astronomer Antonín Bečvář (1901-1965).",unknown,2018/01/06
Kurhah,FS-KURHAH,Cepheus,HR 8417,ξ Cep,108917,"Applied in recent times from one vocalization of its ind-A name: al-qurha, ""the White Spot on the Forehead of a Horse."" However, the original Arabic script for the name can be read and vocalized in other ways with various meanings.",Arabic,2016/12/09
La Superba,FS-LA-SUPERBA,Canes Venatici,HR 4846,Y CVn,62223,,,2018/10/08
Larawag,FS-LARAWAG,Scorpius,HR 6241,ε Sco,82396,"Larawag is the Wardaman name of ε Sco, from the Northern Territory, Australia. Larawag is part of a procession of beings along the curve of stars in Scorpius, acting as the signal watcher, noting when only legitimate participants are present and in view of the ceremony. He gives the “All clear” signal, allowing the secret part of the ceremony to continue. This procession is related to the bats that carry Ginan.",Aboriginal/Wardaman,
Lerna,FS-LERNA,Hydra,HAT-P-42,_ Hya,,"Lerna was the name of a lake in the eastern Peloponnese, where the Lernaean Hydra, an immortal mythical nine-headed beast lived. The star lies in the constellation of Hydra.",Greek,
Lesath,FS-LESATH,Scorpius,HR 6508,υ Sco,85696,"The formation of this name begins with the Greek term ""(foggy) conglomeration,"" used by Ptolemy in the Tetrabiblos in describing several nebulous sky objects (in the present case, probably the open cluster M7). Ptolemy's term was translated by the sci-Arabs as al-latkha, ""the Spot."" This word in turn became transliterated and corrupted in Medieval Latin to alascha, which was used in astrological texts in connection with Scorpius' tail. In Renaissance times, the derivation of alascha was erroneously attributed to the Arabic word las'a, ""sting, or bite (of a poisonous animal),"" rather than to al-latkha. Subsequently the erroneous word, written as ""Lesath,"" was applied as a star name to u Sco (and in recent times, also to λ Sco).",Arabic,
Libertas,FS-LIBERTAS,Aquila,HR 7595,ξ Aql,97938,"Libertas is Latin for ""liberty"". Liberty refers to social and political freedoms, and a reminder that there are people derived of liberty in the world even today. The constellation Aquila represents an eagle - a popular symbol of liberty.",Latin,
Lich,FS-LICH,Virgo,PSR B1257+12,- Vir,,Lich is a fictional undead creature known for controlling other undead creatures with magic.,fictional,
Liesma,FS-LIESMA,Ursa Major,HD 118203,_ UMa,66192,"Liesma means flame, and it is the name of a character from the Latvian poem Staburags un Liesma.",Lavtian,
Lilii Borea,FS-LILII-BOREA,Aries,HR 824,39 Ari,13061,"Lacaille had introduced a new (now obsolete) constellation Lilium (The Lily) and named this star ""The one north of Lily"" in Latin: Lilii Borea",Latin,2017/05/09
Lionrock,FS-LIONROCK,Aquarius,HD 212771,_ Aqr,110813,Lion Rock is a lion-shaped peak overlooking Hong Kong and is a cultural symbol with deep respect from the local community.,English,
Lucilinburhuc,FS-LUCILINBURHUC,Auriga,HD 45350,_ Aur,30860,"The Lucilinburhuc fortress was built in 963 by the founder of Luxembourg, Count Siegfried.",Luxembourgish,
Lusitânia,FS-LUSITANIA,Monoceros,HD 45652,_ Mon,30905,Lusitânia is the ancient name of the western region of the Iberic Peninsula where the Lusitanian people lived and where most of modern-day Portugal is situated.,,
Maasym,FS-MAASYM,Hercules,HR 6526,λ Her,85693,"From the Arabic word al-mi'sam, ""the wrist,"" used in the Arabic Almagest in describing o Her. Wrongly transferred to λ Her in Renaissance times.",Arabic,2016/12/09
Macondo,FS-MACONDO,Antlia,HD 93083,_ Ant,52521,Macondo is the mythical village of the novel One Hundred Years of Solitude (Cien años de soledad) the classic novel by Gabriel García Marquez. Macondo is a fictional place where magic and reality are mixed.,Spanish,
Mago,FS-MAGO,Camelopardalis,HD 32518,_ Cam,24003,Mago is a National Park in Ethiopia noted for its giraffes. The star also happens to be in the constellation of Camelopardis (the giraffe).,Ethiopian,
Mahasim,FS-MAHASIM,Auriga,HR 2095,θ Aur,28380,,,
Mahsati,FS-MAHSATI,Ophiuchus,HD 152581,_ Oph,82651,Mahsati Ganjavi (1089–1159) is one of the brightest shining stars of Azerbaijani poetry. She was said to have associated with both Omar Khayyam and Nizami and was well educated and talented and played numerous musical instruments.,Persian,
Maia,FS-MAIA,Taurus,HR 1149,20 Tau,17573,"These names were individually applied in Renaissance times from a family of characters in Greek mythology: Atlas, Pleione and their seven daughters, the Pleiades.",Greek,
Malmok,FS-MALMOK,Virgo,WASP-39,V732 Vir,,Malmok is an indigenous name given to a beach in Aruba with a narrow sandy stretch that interrupts the limestone and rocky terrace along the coast. Its shallow clear Caribbean waters make it a popular snorkelling spot.,Papiamento,
Marfik,FS-MARFIK,Ophiuchus,HR 6149,λ Oph,80883,"Applied since medieval times from the Arabic word al-marfiq, ""the elbow,"" used in the Arabic Almagest in describing this star. While the medieval transliteration was marsic (with a confusion of f and the long-shaped s), Marfik is an improved spelling of recent times.",Arabic,2016/12/09
Markab,FS-MARKAB,Pegasus,HR 8781,α Peg,113963,"From an abbreviation of the sci-A name mankib al-faras, ""the Horse's Shoulder,"" for β Peg. Wrongly transferred to α Peg in late medieval times.",Arabic,
Markeb,FS-MARKEB,Vela,HR 3734,κ Vel,45941,"Evidently from the Arabic word markab, ""a ship or any vehicle,"" presumably standing for the Greek constellation name Argo. However, sci-A sources do not mention markab for Argo, only al-safina (""the Ship""), hence the ultimate origin of the name remains a mystery. ""Markeb"" was applied as a star name to ρ Pup in medieval times, to κ Pup in Renaissance rimes, and finally to κ Vel in recent times when Argo was divided into its four modern constellations",Arabic,2017/05/09
Marsic,FS-MARSIC,Hercules,HR 6008,κ Her,79043,"Applied in medieval times from the Arabic word al-marfiq, ""the elbow,"" used in the Arabic Almagest in describing this star.",Arabic,2017/01/02
Maru,FS-MARU,Volans,WD 0806-661,,,‘Maru’ (마루) is a Korean word reminiscent of the sky.,Korean,2023/01/08
Matar,FS-MATAR,Pegasus,HR 8650,η Peg,112158,"Applied in recent times from an abbreviation of the ind-A name sa'd matar for η and o Peg. Its meaning is unknown. matar has been translated as ""rain,"" and as a common noun in Arabic, al-matar does mean ""the rain."" However, lack of the definitive article al- for the star points to a use of the word in a sense different from the common noun.",Arabic,
Matza,FS-MATZA,Centaurus,HIP 65426,,,Matza refers to “a star in the sky” or “somebody that shines within” in the language of the Zoque people.,Zoque,2023/01/08
Mazalaai,FS-MAZALAAI,Ursa Major,HAT-P-21,_ UMa,,"Mazaalai is the Mongolian name for the endangered Gobi bear subspecies (Ursus arctos gobiensis) of the Gobi Desert region of Mongolia, and the name of the first Mongolian satellite.",Mongolian,
Mebsuta,FS-MEBSUTA,Gemini,HR 2473,ε Gem,32246,"From an abbreviation of the ind-A asterism name dhira' al-asad almabsuta, ""the Lion's Outstretched Paw,"" for one of the two pairs α/β Gem or α/β CMi. These pairs were assigned to the larger ind-A asterism al-asad, but there is no unanimity in the Arabic sources as to which pair was the ""outstretched"" or ""folded"" paw. ""Mebsuta"" was arbitrarily applied as a star name to ε Gem in recent times. In its indigenous location stretching from parts of Gemini all the way into Virgo, the ind-A al-asad, ""the Lion,"" corresponded to what in other cultures was Leo among the zodiacal signs. Subsequently the sci-Arabs used the indigenous name for the smaller Greek Lion (Leo).",Arabic,
Megrez,FS-MEGREZ,Ursa Major,HR 4660,δ UMa,59774,"Applied in recent times from an abbreviation of its sci-A name maghriz al-dubb al-akbar, ""the Root (of the tail) of the Greater Bear.""",Arabic,
Meissa,FS-MEISSA,Orion,HR 1879,λ Ori,26207,"From the ind-A name al-maisan, for either γ or ξ Gem. The meaning of the name is uncertain. It may mean ""the Sparkling One,"" referring to a star, or ""the Proudly Marching One,"" referring to a person. Together, γ and ξ Gem composed the ind-A 6th lunar mansion alhan'a. The nearby stars λ, ϕ1, and ϕ2 Ori composed the adjacent 5th lunar mansion al-haq'a. Due to confusion between these two parent lunar mansions in a late Arabic source, ""Meissa"" was wrongly applied to λ Ori (rather than to γ or ξ Gem) in recent times. ""Meissa"" (without n at the end) corresponds to ind-A almaisa', a variant form of al-maisan.",Arabic,
Mekbuda,FS-MEKBUDA,Gemini,HR 2650,ζ Gem,34088,"From an abbreviation of the ind-A asterism name dhira' al-asad al-maqbuqa, ""the Lion's Folded Paw"". Arbitrarily applied as a star name to ζ Gem in recent times.",Arabic,2016/12/09
Meleph,FS-MELEPH,Cancer,HR 3429,ε Cnc,42556,,,2017/05/09
Menkalinan,FS-MENKALINAN,Auriga,HR 2088,β Aur,28360,"Applied in recent times from its Arabic name mankib dhi l-(inan, ""the Shoulder of the Reinholder"".",,
Menkar,FS-MENKAR,Cetus,HR 911,α Cet,14135,"From the Arabic word al-minkhar, ""the nostrils,"" used in the Arabic Almagest in describing λ Cet. Wrongly applied as a star name to α Cet (properly on the ""jaw"") in a Medieval Latin star table.",Arabic,
Menkent,FS-MENKENT,Centaurus,HR 5288,θ Cen,68933,"Applied in recent times and possibly coined from the Arabic word mankib, ""shoulder"" (in some recent transliterations: menkib; Ptolemy described this star on the right ""shoulder"" of the Centaur), plus the Latinized ""Kentaurus"" for the sci-A constellation name qanturis. Hence this name could be of similar construction to the abbreviation for α Cen: ""Rigil Kent.""",Arabic,
Menkib,FS-MENKIB,Perseus,HR 1228,ξ Per,18614,"Applied in recent times from an abbreviation of its ind-A name mankib al-thurayya, ""the Shoulder of the Pleiades,"" for its location in the ind-A asterism here.",Arabic,2016/12/09
Merak,FS-MERAK,Ursa Major,HR 4295,β UMa,53910,"Applied in recent times from an abbreviation of its sci-A name maraqq al-dubb al-akbar, ""the Flank (or Groin) of the Greater Bear.""",Arabic,
Merga,FS-MERGA,Boötes,HR 5533,38 Boo,72487,"A Latin word meaning ""reaping hook,"" used in a Renaissance discussion of the constellation Bootes. According to this discussion, some classical sources mentioned a reaping hook held in Bootes' hand opposite the staff. Subsequently the word was applied as a star name to hBoo.",,2016/12/09
Meridiana,FS-MERIDIANA,Corona Australis,HR 7254,α CrA,94114,,,2017/05/09
Merope,FS-MEROPE,Taurus,HR 1156,23 Tau,17608,"These names were individually applied in Renaissance times from a family of characters in Greek mythology: Atlas, Pleione and their seven daughters, the Pleiades.",Greek,
Mesarthim,FS-MESARTHIM,Aries,HR 546,γ1 Ari,8832,"The formation of this name begins with the Arabic lunar mansion name al-sharatan, for β and γ Ari. From the numerous medieval lists of the Arabic lunar mansions (all in Latin transliteration), the Renaissance scholar Johannes Bayer grasped the form Sartai, and used it for the three brighter stars α, β and γ Ari. Bayer also erroneously explained Sartai as from the Hebrew word mesharethim, ""servants"", rather than from al-sharatan. Subsequently, Bayer's erroneous word, written as ""Mesarthim"", was applied as a star name.",,
Miaplacidus,FS-MIAPLACIDUS,Carina,HR 3685,β Car,45238,"Applied in recent times, and of unknown astronomical significance. The first element, Mia-, is unexplained. The second element is the Latin adjective placidus, meaning ""calm, gentle"" (here in the masculine form).",Latin,
Mimosa,FS-MIMOSA,Crux,HR 4853,β Cru,62434,"Applied in recent times, and of unknown astronomical significance. It is from the Latin word mimus, ""an actor"", and is otherwise known as the genus name for certain tropical plants.",,
Minchir,FS-MINCHIR,Hydra,HR 3418,σ Hya,42402,,,2017/05/09
Minelauva,FS-MINELAUVA,Virgo,HR 4910,δ Vir,63090,,,
Mintaka,FS-MINTAKA,Orion,HR 1852,δ Ori,25930,"Applied in recent times from an abbreviation of the ind-A (and sci-A) asterism name mintaqat al-jauza', ""the Belt (or Girdle) of al-jauza'"", for δ, ε, and ζ Ori.",Arabic,
Mira,FS-MIRA,Cetus,HR 681,ο Cet,10826,"Its Latin name since Renaissance times meaning ""the Amazing One"", as taken from Historiola Mirae Stellae - the title of a work describing the amazing variability of this star (written by Hevelius in 1662).",Latin,
Mirach,FS-MIRACH,Andromeda,HR 337,β And,5447,"Ultimately from the Arabic word al-mi)zar, ""the girdle"" or ""loin cloth"", used in the Arabic Almagest in describing this star. The correct transliteration of the word in the Medieval Latin Almagest was mizar, which was occasionally misspelled as mirac, mirat, etc. These corruptions, taken as proper names for β And, were correctly attributed to al-mi)zar by Renaissance scholars. Subsequently one of the misspellings, ""Mirach"", gained more popularity over the correct ""Mizar"", to beome the preferred modern name.",,
Miram,FS-MIRAM,Perseus,HR 834,η Per,13268,,,2017/05/09
Mirfak,FS-MIRFAK,Perseus,HR 1017,α Per,15863,"Applied in recent times from an abbreviation of its ind-A name mirfaq al-thurayya, ""the Elbow of the Pleiades,"" for its location in the ind-A asterism here.",Arabic,
Mirzam,FS-MIRZAM,Canis Major,HR 2294,β Cma,30324,"Applied in recent times from its Arabic name al-mirzam, of unknown meaning. The Arabs also gave the name to β CMi, and sometimes to γ Ori. Each al-mirzam star preceded the rising of a brighter star (our Sirius, Procyon, and Betelgeuse, respectively), which probably connects to the unknown meaning.",,
Misam,FS-MISAM,Perseus,HR 941,κ Per,14668,,,2017/05/09
Mizar,FS-MIZAR,Ursa Major,HR 5054,ζ UMa,65378,"Ultimately from the Arabic word al-maraqq, ""the Groin,"" used in the Arabic Almagest in describing β UMa. Correct transliterations of almaraqq in the Medieval Latin Almagest were mirac and mirach. However, Renaissance scholars confused these words with the Arabic word mi'zar, which had equally been transliterated and corrupted in Latin as mirac, mirach, etc. Subsequently the mistaken mi'zar, written as ""Mizar,"" was applied as a star name to β UMa, and it became transferred to ζ UMa in late Renaissance times.",Arabic,
Moldoveanu,FS-MOLDOVEANU,Corona Borealis,XO-1,_ CrB,,Moldoveanu is the highest peak in Romania of the Făgăraș mountain range with an altitude of 2544 metres.,Romanian,
Montuno,FS-MONTUNO,Eridanus,WASP-79,_ Eri,,"Montuno is the traditional costume the man wears in the “El Punto”, a Panamanian dance in which a man and woman dance to the sound of drums.",Spanish,
Morava,FS-MORAVA,Pegasus,WASP-60,_ Peg,,Morava is the longest river system in Serbia.,Serbian,
Moriah,FS-MORIAH,Delphinus,HAT-P-23,_ Del,,Moriah is an ancient name for the mountain within the Old City of Jerusalem.,,
Mothallah,FS-MOTHALLAH,Triangulum,HR 544,α Tri,8796,"Applied in recent times from the sci-A constellation name al-muthallath, ""the Triangle,"" for Triangulum.",Arabic,
Mouhoun,FS-MOUHOUN,Eridanus,HD 30856,_ Eri,22491,"Mouhoun, also called Volta Noire, is the largest river in Burkina Faso and plays an important role in the lives of the people in the areas it passes through.",,
Mpingo,FS-MPINGO,Cetus,WASP-71,_ Cet,,Mpingo is a famous tree that grows in southern Tanzania and produces ebony wood used for musical instruments and curios.,,
Muliphein,FS-MULIPHEIN,Canis Major,HR 2657,γ CMa,34045,"The formation of this name begins with the Arabic names hadari and al-wazn. In Arabic discussions of these names it came to be said that they were muhlifan, meaning ""two [things] causing dispute [in this case as to these stars' identification] and the swearing of an oath"". From this usage, al-muhlifan was wrongly taken as a name for hadari and al-wazn together. Transliterated and further mutilated as ""Muliphein"", the name was arbitrarily applied to the single star γ CMa in recent times.",,
Muphrid,FS-MUPHRID,Boötes,HR 5235,η Boo,67927,"The formation of this name begins with the ancient Arabic name for α Boo: al-simak al-ramih, ""the Lance-bearing simak"" (the meaning of simak is uncertain). It seems that later Arabic poets expanded upon this name by making mention of some separate ""lance"" (al-rumh) that accompanied the star α Boo. Subsequent Arabs attempted to identify this fictitious lance with actual stars, sometimes saying it was η Boo with nearby stars, sometimes saying it was ""η Boo alone"" (where ""alone"", in arabic, is written mufradan). From these discussions came, with a slight copying mistake in the Arabic, the erroneous Arabic name mufrad al-ramih, roughly translating as ""the Isolated Single One of the Lance-Bearer"". With a wrong vocalization and with abbreviation, this erroneous name, as ""Muphrid"", was applied in recent times.",,2016/12/09
Muscida,FS-MUSCIDA,Ursa Major,HR 3323,ο UMa,41704,"Almagestum 1515: ""illa quae est supra extremitatem Musciae"" - Bayer (1603) ""in naso, barbaris muscida."" - attributed to ""Barbarians""",,
Musica,FS-MUSICA,Delphinus,HR 8030,18 Del,103527,"Musica is Latin for ""music"".",Latin,
Muspelheim,FS-MUSPELHEIM,Perseus,HAT-P-29,_ Per,,"Muspelheim is the Norse mythological realm of fire. The first gods used the sparks of Muspelheim to form the sun, moon, planets, and stars.",Old Norse,
Márohu,FS-MAROHU,Aquarius,WASP-6,_ Aqr,,"Márohu the god of drought is the protector of the Sun and is engraved at a higher position on the stalagmite than Boinayel in the El Puente cave, where the Sun makes its way down every 21 December.",Taíno,
Mönch,FS-MONCH,Virgo,HD 130322,_ Vir,72339,Mönch is one of the prominent peaks of the Bernese Alps in Switzerland.,German,
Nahn,FS-NAHN,Cancer,HR 3627,ξ Cnc,44946,,,2018/01/06
Naledi,FS-NALEDI,Dorado,WASP-62,_ Dor,,"Naledi means star in the Sesotho, SeTswana and SePedi languages and is typically given as a name to girls in the hope that they will bring light, joy and peace to their communities.","Sesotho, Se Tswana and SePedi",
Naos,FS-NAOS,Puppis,HR 3165,ζ Pup,39429,"Applied in recent times from the word ναῦς, Greek for the ""ship"", used in one Renaissance discussion as a name for the ancient constellation Argo (since divided into Puppis, Carina, Vela, and Pyxis).",Greek,
Nashira,FS-NASHIRA,Capricornus,HR 8278,γ Cap,106985,Applied in recent times from the ind-A name sa,Arabic,
Natasha,FS-NATASHA,Vela,HD 85390,_ Vel,48235,"Natasha means ""thank you"" in many languages of Zambia.",Zambian,
Nekkar,FS-NEKKAR,Boötes,HR 5602,β Boo,73555,"Applied in recent times from a misreading of the Arabic constellation name al-baqqar, ""the Ox-driver"", for Boötes.",,
Nembus,FS-NEMBUS,Andromeda,HR 464,51 And,7607,"Name appears in Bayer's (1603) Uranometria for Upsilon Per (later designated 51 And), which he states is of Arab origin, however the name appears to be Latin not Arabic. From the description it appears that the name appears to be connected with the adamntine harpe sword Perseus used to decapitate Medusa.",Latin?,2017/05/09
Nenque,FS-NENQUE,Phoenix,HD 6434,_ Phe,5054,Nenque means the Sun in the language spoken by the Indigenous Waorani tribes of the Amazon regions of Ecuador,Waorani,
Nervia,FS-NERVIA,Auriga,HD 49674,_ Aur,32916,"Nervia, adapted from Nervii, was a prominent Belgian Celtic tribe.",Latin,
Nganurganity,FS-NGANURGANITY,Canis Major,HR 2646,σ CMa,33856,,,2017/05/09
Nihal,FS-NIHAL,Lepus,HR 1829,β Lep,25606,"Applied in recent times from the ind-A asterism name al-nihal ""the Camels Beginning to Quench Their Thirst"" for α, β, γ and δ Lep.",Arabic,
Nikawiy,FS-NIKAWIY,Boötes,HD 136418,_ Boo,74961,Nikawiy is the word for mother in the Indigenous Cree language of Canada.,Cree language,
Noquisi,FS-NOQUISI,Leo,GJ 436,,,"“Noquisi” (ᏃᏈᏏ, No-Kwee-See) is the Cherokee word for “star”.",Cherokee,2023/01/08
Nosaxa,FS-NOSAXA,Puppis,HD 48265,_ Pup,31895,"Nosaxa means spring in the Moqoit language. The word comes from a combination of nosahuec, which means renew, and ñaaxa, which means year.",Moqoit,
Nunki,FS-NUNKI,Sagittarius,HR 7121,σ Sgr,92855,"mulNUN.KI = the star or constellation of Eridu where Eridu is one of the first big cities known, archealogical proofs back to the 3rd millennium (Sumer), located at the southern coast of Mesopotamia. the identification of the star (or star group) is highly uncertain: it is often identified with Canopus and adjacent areas or ""somewhere in Argo"". Enlisted in MUL.APIN it seems to be in the area of Aquarius with unknown identification (Canopus not excluded) but the identification with other Babylonian texts seems to propose only in the northern part of modern Argo, i.e. Vela. The Euphratean name ""Nunki"" was mentioned and associated with Sigma Sgr in Robert Brown, Jr. (1892, Proceedings of the Society of Biblical Archaeology, Volume 14, p. 298; ""Nun-ki"", ""Prince-of-the-Earth""), and its use diffused through the 20th century after being mentioned in Richard Hinckley Allen's (Star Names, their lore and meaning, p. 359).",Sumerian,
Nusakan,FS-NUSAKAN,Corona Borealis,HR 5747,β CrB,75695,"Applied in recent times from the collective ind-A name al-nasaqan, ""the Two Lines [of stars]"" for two asterisms in today's Hercules, Serpens, Ophiuchus, and Lyra. al-nasaqan originally marked the boundaries of the ind-Arabs' al-rauda, ""the Pasture"". These boundaries were ""the Northern Line"" al-nasaq al-sha'ami, and ""the Southern Line"" al-nasaq al-yamani.",Arabic,2016/12/09
Nushagak,FS-NUSHAGAK,Cassiopeia,HD 17156,_ Cas,13192,"Nushagak is a regional river near Dilingham, Alaska, which is famous for its wild salmon that sustain local Indigenous communities.",,
Nyamien,FS-NYAMIEN,Centaurus,WASP-15,_ Cen,,Nyamien refers to the supreme creator deity of Akan mythology.,,
Násti,FS-NASTI,Ursa Major,HD 68988,_ UMa,40687,Násti means star in the Northern Sami language of Norway.,Northern Sami,
Ogma,FS-OGMA,Hercules,HD 149026,- Her,80838,"Ogma was a deity of eloquence, writing, and great physical strength in the Celtic mythologies of Ireland and Scotland, and may be related to the Gallo-Roman deity ""Ogmios"".",,
Okab,FS-OKAB,Aquila,HR 7235,ζ Aql,93747,,,2018/01/06
Orkaria,FS-ORKARIA,Ophiuchus,GJ 1214,,,Orkaria refers to the red ochre commonly donned by young Maa warriors during cultural ceremonies and alludes to the colour of GJ 1214.,Maa,2023/01/08
Paikauhale,FS-PAIKAUHALE,Scorpius,HR 6165,τ Sco,81266,"Au-haele, Hōkū-‘ula and Paikauhale are documented as three stars in a line, running from north to south. Two of the most reliable sources—Mary Puku‘i and Rubellite Johnson—both identify Hōkū-‘ula as Antares (α Sco), which makes Au-haele Alniyat (σ Sco) and Paikauhale τ Sco.",Hawaii'ian,2018/10/08
Parumleo,FS-PARUMLEO,Pisces,WASP-32,_ Psc,,"Parumleo is a Latin term for little lion, symbolising Singapore's struggle for independence.",Modern,
Peacock,FS-PEACOCK,Pavo,HR 7790,α Pav,100751,Invented for The Air Almanac of the HM Nautical Almanac Office,English,
Petra,FS-PETRA,Aquila,WASP-80,_ Aql,,Petra is a historical and archaeological city in southern Jordan and a UNESCO World Heritage site.,Greek,
Phact,FS-PHACT,Columba,HR 1956,α Col,26634,"Applied in recent times from the Arabic word fakhita, ""ring dove,"" used in connection with the constellation Cygnus in a Renaissance discussion of Arabic bird names.",Arabic,
Phecda,FS-PHECDA,Ursa Major,HR 4554,γ UMa,58001,"Applied in recent times from an abbreviation of its sci-A name fakhidh al-dubb al-akbar, ""the Thigh of the Greater Bear.""",Arabic,
Pherkad,FS-PHERKAD,Ursa Minor,HR 5735,γ UMi,75097,"Applied in recent times from the singular form of the ind-A asterism name al-farqadan, ""the Two Calves,"" for β and γ UMi.",Arabic,
Phoenicia,FS-PHOENICIA,Aquila,HD 192263,V1703 Aql,99711,Phoenicia was an ancient thalassocratic civilisation of the Mediterranean that originated from the area of modern-day Lebanon.,Latin,
Piautos,FS-PIAUTOS,Cancer,HR 3268,λ Cnc,40881,,,2018/01/06
Pincoya,FS-PINCOYA,Sagittarius,HD 164604,_ Sgr,88414,Pincoya is a female water spirit from southern Chilean mythology who is said to bring drowned sailors to the Caleuche so that they can live in the afterlife.,,
Pipirima,FS-PIPIRIMA,Scorpius,HR 6252,μ2 Sco,82545,"There are many versions of a widespread Polynesian story of two children fleeing their uncaring parents to become two shining stars, the stars themselves being variously recorded as Castor and Pollux (α and β Gem), Shaula and Lesath (λ and υ Sco), ζ and θ Sco, and µ¹ and µ² Sco as well as [possibly] ω¹ and ω² Sco. In Tahiti, Pipiri was the twin brother of Rehua: Pipiri ma refers to the two together, ma ""with, and"" being used after names to mean ""et al."". Calderon identifies the two children as µ¹ and µ² Sco, their mother being Shaula (λ Sco) and their father Lesath (υ Sco).",Tahitian,2017/05/09
Pipoltr,FS-PIPOLTR,Hercules,TrES-3,V1434 Her,,"In the local dialect of Triesenberg, Pipoltr is a bright and visible butterfly, alluding to the properties of a star.",Triesenberg dialect,
Pleione,FS-PLEIONE,Taurus,HR 1180,28 Tau,17851,"These names were individually applied in Renaissance times from a family of characters in Greek mythology: Atlas, Pleione and their seven daughters, the Pleiades.",Greek,
Poerava,FS-POERAVA,Tucana,HD 221287,_ Tuc,116084,Poerava is the word in the Cook Islands Maori language for a large mystical black pearl of utter beauty and perfection.,Cook Islands Maori,
Polaris,FS-POLARIS,Ursa Minor,HR 424,α UMi,11767,"A Latin adjective meaning ""of the pole"" (related to the noun polus, ""the pole""). Applied as a star name to α UMi in Renaissance times, it reflects the star's temporary proximity to the north celestial pole.",Latin,
Polaris Australis,FS-POLARIS-AUSTRALIS,Octans,HR 7228,σ Oct,104382,,,2017/05/09
Polis,FS-POLIS,Sagittarius,HR 6812,μ Sgr,89341,,,2017/05/09
Pollux,FS-POLLUX,Gemini,HR 2990,β Gem,37826,"This is the classical Latin form of its ancient Greek name Πολυδεύκης, a character in Greek mythology, the twin of Castor (α Gem). Reapplied in Renaissance times.",Latin (from Greek),
Porrima,FS-PORRIMA,Virgo,HR 4825,γ Vir,61941,"The name of a Roman goddess, one of several mythological names mentioned in connection with the constellation Virgo. Applied as a star name in recent times.",Latin,
Praecipua,FS-PRAECIPUA,Leo Minor,HR 4247,46 LMi,53229,,,
Prima Hyadum,FS-PRIMA-HYADUM,Taurus,HR 1346,γ Tau,20205,,,2017/05/09
Procyon,FS-PROCYON,Canis Minor,HR 2943,α CMi,37279,"From its ancient Greek name Προκύων, ""the One Preceding the Dog"", referring to its rising shortly before the ""Dog Star"", Sirius. Reapplied in Renaissance times.",Greek,
Propus,FS-PROPUS,Gemini,HR 2216,η Gem,29655,"Applied in Renaissance times from the Greek word πρόπους, ""forward foot"", used by Ptolemy in the Almagest in describing this star.",Greek,
Proxima Centauri,FS-PROXIMA-CENTAURI,Centaurus,GJ 551,α Cen,70890,"Its recent Latin name meaning ""the Nearest"", as this component of the system is currently the nearest star to our solar system.",,
Ran,FS-RAN,Eridanus,HR 1084,ε Eri,16537,"Ran is the Norse goddess of the sea, who stirs up the waves and captures sailors with her net.",Old Norse,
Rana,FS-RANA,Eridanus,HR 1136,δ Eri,17378,"Rana is Latin ""The Frog"". There are several stars named ""frog"" in the Arabic culture but at different places. WGSN placed the name at that constellation of the river.",,2022/04/04
Rapeto,FS-RAPETO,Scorpius,HD 153950,_ Sco,83547,Rapeto is a giant creature from Malagasy tales.,Malagasy,
Rasalas,FS-RASALAS,Leo,HR 3905,μ Leo,48455,"Applied in recent times from an abbreviation of its sci-A name ra's alasad (al-shamali), ""(the Northern [Part] of) the Lion's Head."" As originally applied, μ Leo was ""Rasalasad Borealis"" abbreviated in the first Western astronomical source as ""Rasalas. Bor.,"" for lack of space in the line), and ε Leo was ""Rasalasad Australis"" (after the sci-A).",Arabic,2016/12/09
Rasalgethi,FS-RASALGETHI,Hercules,HR 6406,α1 Her,84345,"Applied with various spellings since medieval times, from its sci-A name ra's al-jathi, ""the Kneeler's Head.""",Arabic,
Rasalhague,FS-RASALHAGUE,Ophiuchus,HR 6556,α Oph,86032,"Applied with various spellings since medieval times, from its sci-A name ra's al-bawwa', ""the Head of the Serpent Collector.""",Arabic,
Rastaban,FS-RASTABAN,Draco,HR 6536,β Dra,85670,"Applied with various spellings since medieval times, from the sci-A name ra's al-tinnin, ""the Serpent's Head,"" for γ Dra. Transferred to β Dra in recent times (originally Ptolemy had γ Dra on the ""head,"" and β more specifically on the ""eye"").",Arabic,
Regulus,FS-REGULUS,Leo,HR 3982,α Leo,49669,"The name is a Latin translation of the ancient Greek name for this star: βασιλίσκος, ""the (little) King"" or ""the Kingly One"", which is a translation of the Sumerian name of the star: LUGAL (The King). The Romans, following the Greeks, called the star stella regia, ""the Royal Star"". Later, the Medieval Latin Almagest, translating from the Arabic (where in one version the original Greek diminutive had been lost), had rex, ""the King"". The form ""Regulus"" (again, the [little] King"") first appears in 1522, obviously formed by some Renaissance scholar after the Greek diminutive name.",Latin,
Revati,FS-REVATI,Pisces,HR 361,ζ Psc,5737,,,
Rigel,FS-RIGEL,Orion,HR 1713,β Ori,24436,"From an abbrevation of its ind-A (and sci-A) name rijl al-jauza', the Foot of al-jauza'."" ""Rigel"" is one of the oldest Arabic star names applied in the West, from the end of the 10th century A.D.",Arabic,
Rigil Kentaurus,FS-RIGIL-KENTAURUS,Centaurus,HR 5459,α Cen,71683,"Applied in recent times from its sci-A name rijl qanturis, ""the Centaur's Foot"". Today the name is occasionally seen abbreviated as ""Rigil Kent.""",Arabic,2016/06/11
Rosaliadecastro,FS-ROSALIADECASTRO,Ophiuchus,HD 149143,_ Oph,81022,"Rosalia de Castro was a significant figure of Galician culture and prominent Spanish writer, whose pioneeting work often referenced the night and celestial objects.",---,
Rotanev,FS-ROTANEV,Delphinus,HR 7882,β Del,101769,"< Venator reversed (Niccolo Cacciatore > Nicolaus Venator, responsible for 1814 star catalogue)",reversed Latin,2016/12/09
Ruchbah,FS-RUCHBAH,Cassiopeia,HR 403,δ Cas,6686,"Applied in recent times from an abbreviation of its sci-A name rukbat dhat al-kursiy, ""the Knee of the Lady of the Chair.""",Arabic,
Rukbat,FS-RUKBAT,Sagittarius,HR 7348,α Sgr,95347,"Applied in recent times from an abbreviation of its sci-A name rukbat al-rami, ""the Archer's Knee"".",Arabic,
Sabik,FS-SABIK,Ophiuchus,HR 6378,η Oph,84012,"Applied in recent times from its ind-A name al-sabiq, of uncertain meaning or connection. The name might mean literally ""the Preceding One"" or ""the One Arriving First in a Race"". Other sources give the name in the dualis form (for the two stars ζ and η Oph), and in the plural form (for more than two stars).",Arabic,
Saclateni,FS-SACLATENI,Auriga,HR 1612,ζ Aur,23453,"Eta and Zeta Aurigae, the 8th and 9th stars of Auriga in the Almagest, were referred to as ""the kids"" - Eriphoi (Greek), Haedi (Latin), al-Jadayain (Arabic; al-Sufi). Hyginus (Poetica Astronomica, 2. 13) mentions the Greek astronomer Cleostratus of Tenedos (5th cen. BC) pointed out ""the kids"" among the stars. ""Saclateni"" appeared in the Alfonsine Tables (""Tabule astronomice Alfonsi Regis"", 1492 print) and may be a corrupted Latinization of the Arabic Gadi-thani, ""second kid"" (Mesnard 1949, ""Les noms arabes d'étoiles"", Ciel et Terre, Vol. 65, p. 70)",Latin,
Sadachbia,FS-SADACHBIA,Aquarius,HR 8518,γ Aqr,110395,"Applied in recent times from the Arabic lunar mansion name sa(d al-akhbiya, for γ, π, ζ and η Aqr. A possible meaning for the name is ""the Lucky (Stars) of the Tents"", but the exact historical connections are unknown.",,
Sadalbari,FS-SADALBARI,Pegasus,HR 8684,μ Peg,112748,"Applied in recent times from the ind-A name sa'd al-bari', for λ and μ Peg. A possible meaning for the name is ""the Lucky (Stars) of the Excelling One,"" but the exact historical connections are unknown.",Arabic,
Sadalmelik,FS-SADALMELIK,Aquarius,HR 8414,α Aqr,109074,"Applied in recent times from the Arabic name sa(d al-malik, for α and ο Aqr. A possible meaning for the name is ""the Lucky (Stars) of the King"", but the exact historical connections are unknown.",,
Sadalsuud,FS-SADALSUUD,Aquarius,HR 8232,β Aqr,106278,"Applied in recent times from the Arabic lunar mansion name sa(d al-su(ud, for β and ξ Aqr, and 46 Cap. A possible meaning for the name is ""the Luckiest of the Lucky (Stars)"", but the exact historical connections are unknown.",,
Sadr,FS-SADR,Cygnus,HR 7796,γ Cyg,100453,"""Breast"" in Arabic",,
Sagarmatha,FS-SAGARMATHA,Leo,HD 100777,_ Leo,56572,Sagarmatha is the Nepali name for the highest peak in the world (also known as Mount Everest) and symbol of national pride of Nepal.,Nepali,
Saiph,FS-SAIPH,Orion,HR 2004,κ Ori,27366,"From an abbreviation of the sci-A asterism name saif al-jabbar, the Giant's Sword,"" for η, c, θ, and ι Ori. Wrongly applied as a star name to κ Ori in recent times.",Arabic,
Salm,FS-SALM,Pegasus,HR 8880,τ Peg,115250,,,2017/05/09
Sansuna,FS-SANSUNA,Sagitta,HAT-P-34,_ Sge,,Sansuna is the name of the mythological giant from traditional Maltese folk tales that carried the stones of the Gozo megalithic temples on her head.,Maltese,
Sargas,FS-SARGAS,Scorpius,HR 6553,θ Sco,86228,"MUL.SHAR.GAZ, ""mul"" is the Sumerian designator for stars and constellations, ""Shargaz"" and ""Sharur"" are two weapons of Marduk (the city god of Babylon and highest god of the Babylonian pantheon after 1250 BCE). The line I ii 31-32 in MUL.APIN read: ""Two stars which stand in the sting of the Scorpion: Sharur and Shargaz"", so these star names have originally been given to the stars lambda and upsilon Sco. The Mesopotamian name ""Sargas"" was linked to the star Theta Sco by Robert Brown Jr. (1893; ""Euphratean Stellar Researches Part II."") and its subsequent mention in R. H. Allen's (1899) ""Star-names and Their Meanings"" popularized its subsequent use.",Sumerian,
Sarin,FS-SARIN,Hercules,HR 6410,δ Her,84379,"Name of unknown etymology from the ""Atlas Coeli Skalnaté Pleso"" of Czech astronomer Antonín Bečvář (1901-1965).",unknown,2016/12/09
Sceptrum,FS-SCEPTRUM,Eridanus,HR 1481,53 Eri,21594,from the obsolete constellation of Sceptrum Brandenburgicum,Latin,
Scheat,FS-SCHEAT,Pegasus,HR 8775,β Peg,113881,"From the Arabic word al-saq, ""the shin,"" used in the Arabic Almagest in describing δ Aqr. Wrongly transferred as a star name to τ Peg in late medieval times.",Arabic,
Schedar,FS-SCHEDAR,Cassiopeia,HR 168,α Cas,3179,"Applied with various spellings since medieval times, from the Arabic word al-sadr, ""the breast,"" used in the Arabic Almagest in describing this star.",Arabic,
Secunda Hyadum,FS-SECUNDA-HYADUM,Taurus,HR 1373,δ1 Tau,20455,,,2017/05/09
Segin,FS-SEGIN,Cassiopeia,HR 0542,ε Cas,8886,"Name of unknown etymology from the ""Atlas Coeli Skalnaté Pleso"" of Czech astronomer Antonín Bečvář (1901-1965).",unknown,2017/05/09
Seginus,FS-SEGINUS,Boötes,HR 5435,γ Boo,71075,"The formation of this name begins with the Greek constellation name βοώτης (Boötes), which was transliterated and then corrupted in the manuscripts of the Arabic Almagest. One of these corruptions, in turn, was transliterated into Latin as theguius, which became further corrupted into cheguius, ceginus, etc. One form, Ceginus, was applied as a star name by late medieval times, and ""Seginus"" is its recent spelling.",Latin,
Sham,FS-SHAM,Sagitta,HR 7479,α Sge,96757,"Applied in recent times from the sci-A constellation name al-sahm, ""the Arrow,"" for Sagitta.",Arabic,2016/12/09
Shama,FS-SHAMA,Leo,HD 99109,_ Leo,55664,"Shama is an Urdu literary term meaning a small lamp or flame, symbolic of the light of the star.",Urdu,
Sharjah,FS-SHARJAH,Scorpius,HIP 79431,_ Sco,79431,"Sharjah is the cultural capital of United Arab Emirates, and considered the city of knowledge due to its many educational centers, institutes, museums, libraries and heritage centers.",Arabic,
Shaula,FS-SHAULA,Scorpius,HR 6527,λ Sco,85927,"The Arabic lunar mansion ""Al Shaula"" (""the sting"") refers to the pair Lambda and Upsilon Sco (Al Sufi), the two stars that have been called ""the sting of the Scorpion"" even in MUL.APIN (I ii 31-32) but with different proper names there. ""Shaula"" appeared more in early modern literature for the pair of stinger stars after Hyde's (1665) translation of Ulugh Beg, and specifically for Lambda Sco after Piazzi's (1814) Palermo Catalog.",Sumerian,
Sheliak,FS-SHELIAK,Lyra,HR 7106,β Lyr,92420,"Applied in recent times from the sci-A constellation name al-salbaq, ""the Harp,"" for Lyra. salbaq was a Greek loanword in Arabia, and was one of three names of musical instruments used by the sci-Arabs for Lyra. Still other names were alsulalfat, and al-lura.",Arabic,
Sheratan,FS-SHERATAN,Aries,HR 553,β Ari,8903,"Applied in recent times from the Arabic lunar mansion name al-shara-tan, for β and γ Ari. The name means ""two"" of something, but the complete meaning is uncertain. Some Arabic authors suggested that it meant ""the Two Signs"", implying these stars as some kind of celestial indicator; others assumed it meant ""the Two Horns"", referring to the Arabic figure of al-hamals here.",,
Sika,FS-SIKA,Sagittarius,HD 181720,_ Sgr,95262,Sika means gold in the Ewe language and gold is one of Ghana's principal exports.,Ewe,
Sirius,FS-SIRIUS,Canis Major,HR 2491,α CMa,32349,"From its ancient Greek name Σείριος, ""the Scorching one"", or ""Brilliant One"", appropriate for this brightest of the fixed stars. Reapplied in Renaissance times.",,
Situla,FS-SITULA,Aquarius,HR 8610,κ Aqr,111710,"A Latin word meaning ""pot"" or ""bucket"", used in Renaissance philological studies as the translation of the Arabic constellation name al-dalw, for Aquarius. Subsequently the word was applied as a star name to k Aqr. The Arabs located al-dalw (""the Well Bucket"") in today's Square of Pegasus. In that location it corresponded to what in other cultures was Aquarius among the zodiacal signs. The Arabs subsequently used the indigenous name al-dalw for the Greek Water Pourer (Aquarius).",Latin,2016/12/09
Skat,FS-SKAT,Aquarius,HR 8709,δ Aqr,113136,"Applied with various spellings since medieval times, from the Arabic word al-saq, ""the shin"", used in the Arabic Almagest in describing this star.",,
Solaris,FS-SOLARIS,Pegasus,BD+14-4559,_ Peg,,Solaris is the title of a 1961 science fiction novel about an ocean-covered exoplanet by Polish writer Stanislaw Lem.,fictional,
Spica,FS-SPICA,Virgo,HR 5056,α Vir,65474,"Its ancient Roman name meaning ""the Ear of Grain"", after the star's Greek name στάχυς of identical meaning (in turn having obvious origins among the Babylonians and Sumerians). Reapplied in Renaissance times.",Latin,
Sterrennacht,FS-STERRENNACHT,Andromeda,HAT-P-6,_ And,,The Sterrennacht (Starry Night) is a world-famous painting by Dutch grand master Van Gogh that was painted in France in 1889 and now belongs to the permanent collection of New York's Museum of Modern Art.,Dutch,
Stribor,FS-STRIBOR,Lynx,HD 75898,_ Lyn,43674,"Stribor is God of winds in Slavic mythology, as well as a literature character in the book Priče iz davnine (Croatian Tales of Long Ago) by the Croatian author Ivana Brlić-Mažuranić.",Slavic languages,
Sualocin,FS-SUALOCIN,Delphinus,HR 7906,α Del,101958,"< Nicolaus reversed (Niccolo Cacciatore > Nicolaus Venator, responsible for 1814 star catalogue)",reversed Latin,2016/12/09
Subra,FS-SUBRA,Leo,HR 3852,ο Leo,47508,"From the ind-A lunar mansion name al-zubra, ""the Mane, or Shoulder,"" for δ and θ Leo, associated with the ind-A asterism al-asad (see ε Gem; al-zubra was an alternative name for al-kharatan given under θ Leo). ""Subra"" was wrongly applied as a star name too Leo in recent times.",Arabic,2016/12/09
Suhail,FS-SUHAIL,Vela,HR 3634,λ Vel,44816,"Applied in recent times and representing an abbreviation of any of several composite ind-A names (for example suhail al-wazn, suhail al-muhlif) that sci-A authors variously attributed to brighter stars in the region of suhail. A Vel was among these brighter stars. Some of the composite names may have been authentic ind-A names for far-southern stars, with their true identities unknown to the more northern sci-Arabs, while others of them were surely the creations of ind-A poets.",Arabic,
Sulafat,FS-SULAFAT,Lyra,HR 7178,γ Lyr,93194,"Applied in recent times from the sci-A constellation name al-sulabfat, ""the Tortoise,"" for Lyra, corresponding to the Greek image of a tortoise shell for the Lyre's soundboard.",Arabic,
Syrma,FS-SYRMA,Virgo,HR 5338,ι Vir,69701,"From the Greek word σύρμα, ""train of a dress"", used by Ptolemy in the Almagest in describing this star. The word was applied as a star name in recent times.",Greek,2016/12/09
Sāmaya,FS-SAMAYA,Piscis Austrinus,HD 205739,_ PsA,106824,Sāmaya means peace in the Sinhalese language.,Sinhalese,
Tabit,FS-TABIT,Orion,HR 1543,π3 Ori,22449,,,2017/05/09
Taika,FS-TAIKA,Lacerta,HAT-P-40,_ Lac,,Taika means peace in the Lithuanian language.,Lithuanian,
Taiyangshou,FS-TAIYANGSHOU,Ursa Major,HR 4518,χ UMa,57399,"traditional Chinese single star asterism: Taiyangshou means ""The Guardian of the Great Yang"" and is the general in charge of the yang valve, symbolising Chief Minister. Xu, Pankenier and Jiang (2000) and Sun Shuwei (Stellarium) evaluating the medieval Song map, both identify chi UMa but Sun and Kistemaker (1997) studying the Han dynasty identify psi UMa.",Chinese,
Taiyi,FS-TAIYI,Draco,HR 4916,8 Dra,63076,"single star asterism: August Unity, Supreme One",Chinese,
Talitha,FS-TALITHA,Ursa Major,HR 3569,ι UMa,44127,"Applied in recent times from an abbreviation of the ind-A name alqafza al-thalitha, ""the Third Leap,"" for ι and κ UMa. This pair, with the pairs λ/μ and v/ξ UMa, composed the ind-A asterism qafazat al-ziba', ""the Leaps of the Gazelles,"" imagined as the tracks left by those animals. In some later tradition, qafazat al-ziba' and adjacent asterisms were associated in a fable, where several gazelles leaped away from the Lion into a pond, leaving their tracks behind.",Arabic,
Tangra,FS-TANGRA,Pegasus,WASP-21,_ Peg,,Tangra is the supreme celestial god that early Bulgars worshiped.,Bulgarian,
Tania Australis,FS-TANIA-AUSTRALIS,Ursa Major,HR 4069,μ UMa,50801,"Applied in recent times from their ind-A name al-qafza al-thaniya, ""the Second Leap"", and the Latin distinctions of ""northern"" and ""southern,"" respectively.",Arabic,
Tania Borealis,FS-TANIA-BOREALIS,Ursa Major,HR 4033,λ UMa,50372,"Applied in recent times from their ind-A name al-qafza al-thaniya, ""the Second Leap"", and the Latin distinctions of ""northern"" and ""southern,"" respectively.",Arabic,
Tapecue,FS-TAPECUE,Carina,HD 63765,_ Car,38041,Tapecue means eternal path in Guarani and represents the Milky Way through which the first inhabitants of the Earth arrived and could return.,Guarani,
Tarazed,FS-TARAZED,Aquila,HR 7525,γ Aql,97278,"Applied in recent times (with a misreading) from abbreviating the Persian asterism name shanin-i tarazu, ""the Scale Beam"", for α, β and γ Aql. The Persian name, in turn, was a medieval translation of these stars' Arabic name al-mizan, ""the Balance"".",Persian,
Tarf,FS-TARF,Cancer,HR 3249,β Cnc,40526,,,2018/01/06
Taygeta,FS-TAYGETA,Taurus,HR 1145,19 Tau,17531,"These names were individually applied in Renaissance times from a family of characters in Greek mythology: Atlas, Pleione and their seven daughters, the Pleiades.",Greek,
Tegmine,FS-TEGMINE,Cancer,HR 3208,ζ Cnc,40167,"A Latin word in the ablative case meaning ""covering"" or ""shell"", used in a Renaissance discussion of the constellation Cancer. The word was subsequently applied as a star name to ζ Cnc.",Latin,2016/12/09
Tejat,FS-TEJAT,Gemini,HR 2286,μ Gem,30343,"From the Arabic word tihyat, said to be the singular form of al-tahayi, an ind-A name of unknown meaning and disputed identification. In some sources, the plural al-tahayi is assigned to η, μ, and v Gem. As originally applied in recent times, η was ""Tejat Prior,"" and μ was Tejat Posterior.""",Arabic,2017/01/02
Terebellum,FS-TEREBELLUM,Sagittarius,HR 7597,ω Sgr,98066,,,2017/05/09
Tevel,FS-TEVEL,Auriga,HAT-P-9,_ Aur,,"Tevel means Universe or everything and begins with the letter Taf, the last letter in the Hebrew alphabet.",Hebrew,
Theemin,FS-THEEMIN,Eridanus,HR 1464,υ2 Eri,21393,"The formation of this name begins with one of the words used by Ptolemy to describe this star in the Almagest: καμπή, ""the bend [of the river]"". This was misread by the sci-Arabs, who transliterated the word as bhmn. This, in turn, was transliterated as beemun in the Medieval Latin Almagest, which was corrupted to beemin, beemim, etc. Then in Renaissance times, the derivation of the form beemim was erroneously attributed to the Hebrew word te'omim, ""twins."" Subsequently this erroneous word, written as Theemim, then ""Theemin,"" was applied as a star name to any of the various dim stars running from u1 to h Eri.",Arabic,2017/01/02
Thuban,FS-THUBAN,Draco,HR 5291,α Dra,68756,"The formation of this name begins with the sci-A name for γ Dra: ra's al-tinnin, ""the Serpent's Head."" In medieval times this was transliterated into Latin as raztaben, rahtaben, razcaben, and several other corruptions (eventually leading to the name for β Dra). By Renaissance times the form Rastaben had appeared, and this name was erroneously attributed, in its last part, to the Arabic word thu'ban, ""serpent"", rather than to al-tinnin (subsequently thu",Arabic,
Tiaki,FS-TIAKI,Grus,HR 8636,β Gru,112122,"Makemson (1941: 261 #659) lists Tiaki as the Tuamotuan name for β Gru, sourcing this to unpublished field data supplied by Kenneth P. Emory (ibid.: 197). However, Emory's star information does not appear in his later publications and has not been located to date in archives of his unpublished material. Stimson's Tuamotuan dictionary (1964: 526) gives the meaning of Tīaki as ""guardian"", ""keeper"" or ""watchman"", but does not list it as a star. He does, however, list Tīakitau as the name of an unidentified star on Anaa, which Makemson (1941: 261 #660) lists separately.",Polynesian/Tuamotu,2017/05/09
Tianguan,FS-TIANGUAN,Taurus,HR 1910,ζ Tau,26451,"Chinese single star asterism, a celestial pass along the ecliptic which opens and closes",Chinese,
Tianyi,FS-TIANYI,Draco,HR 4863,7 Dra,62423,Chinese single star asterism: heavenly unity,Chinese,
Timir,FS-TIMIR,Ophiuchus,HD 148427,_ Oph,80687,"Timir means darkness in Bengali language, alluding to the star being far away in the darkness of space.",Bengali,
Tislit,FS-TISLIT,Puppis,WASP-161,_ Pup,,Tislit is the name of a lake in the Atlas mountains of Morocco. It means the bride in the Amazigh language and it is associated with a heartbroken beautiful girl in an ancient local legend.,Amazigh,
Titawin,FS-TITAWIN,Andromeda,HR 458,υ And,7513,Titawin (also known as Medina of Tetouan) is a settlement in northern Morocco and UNESCO World Heritage Site. Historically it was an important point of contact between two civilizations (Spanish and Arab) and two continents (Europe and Africa) after the 8th century.,Amazigh,
Tojil,FS-TOJIL,Eridanus,WASP-22,_ Eri,,"Tojil is the name of one of the Mayan deities related to rain, storms, and fire.",Mayan,
Toliman,FS-TOLIMAN,Centaurus,HR 5460,α Cen,71681,"Applied in recent times from some ind-A name al-zulman, ""the Ostriches."" Stars in today's Centaurus were variously identified with one or more ostriches by the ind-Arabs, but what star or stars were originally designated is unknown.",Arabic,2018/10/08
Tonatiuh,FS-TONATIUH,Camelopardalis,HR 4609,- Cam,58952,Tonatiuh was the Aztec god of the Sun.,Aztec,
Torcular,FS-TORCULAR,Pisces,HR 510,ο Psc,8198,,,2017/05/09
Tuiren,FS-TUIREN,Canes Venatici,HAT-P-36,_ CVn,,"Tuiren was the aunt of the hunterwarrior Fionn mac Cumhaill of Irish legend, who was turned into a hound by the jealous fairy Uchtdealbh.",Old Irish,
Tupi,FS-TUPI,Reticulum,HD 23079,_ Ret,17096,"Tupi is the name of the most populous Indigenous People living on the eastern coast of South America, before the Portuguese arrived in the 16th century.",Tupi languages,
Tupã,FS-TUPA,Crux,HD 108147,_ Cru,60644,Tupã is one of four principle gods of the Guarani Cosmogony in popular Paraguayan folklore that helped the supreme god Ñamandu to create the Universe.,Guarani,
Tureis,FS-TUREIS,Puppis,HR 3185,ρ Pup,39757,"From the Arabic word al-turais, ""the Little Shield,"" used in the Arabic Almagest in describing several stars (ρ Pup not among them) in the constellation Argo. Wrongly applied as a star name to ρ Pup in recent times.",Arabic,2016/12/09
Ukdah,FS-UKDAH,Hydra,HR 3845,ι Hya,47431,,,2018/01/06
Uklun,FS-UKLUN,Centaurus,HD 102117,_ Cen,57291,Uklun means us or we in the Pitkern language of the people of Pitcairn Islands.,Pitkern,
Unukalhai,FS-UNUKALHAI,Serpens,HR 5854,α Ser,77070,"Applied in recent times from its sci-A name 'unuq al-hayya, ""the Serpent's Neck.""",Arabic,
Unurgunite,FS-UNURGUNITE,Canis Major,HR 2646,σ CMa,33856,"Unurgunite is the Boorong/Wergaia name of σ CMa, from northwestern Victoria, Australia. Unurgunite is an ancestral jacky lizard who has two wives, represented by stars on either side of him (δ CMa and ε CMa). The Moon is Mityan, the quoll. Mityan fell in love with one of the wives of Unurgunite and tried to lure her away. Unurgunite discovered Mityan’s trickery and attacked him, leading to a great fight in which Mityan was defeated. The Moon has been wandering the heavens ever since, the scars of the battle still visible on his face as maria. One of the wives (δ CMa) lies further away from Unurgunite and is closer to the Moon than the other wife (ε CMa). This is the wife Mityan tried to lure away.",Aboriginal/Boorong,2017/05/09
Uruk,FS-URUK,Sagitta,HD 231701,_ Sge,96078,Uruk was an ancient city of the Sumer and Babylonian civilizations in Mesopotamia situated along an ancient channel of the Euphrates river in modern-day Iraq.,Akkadian,
Uúba,FS-UUBA,Sculptor,LTT 9779,,,"Uúba is the word for “stars”, “seeds”, and “eyes” in the Lenguistica U’wa language (Tunebo) of the U’wa Indigenous community of Colombia.","Lenguistica U’wa language, also known as Tunebo.",2023/01/08
Vega,FS-VEGA,Lyra,HR 7001,α Lyr,91262,"Applied in medieval times from an abbreviation of its ind-A name alnasr al-waqi', ""the Swooping Eagle (or Vulture),"" alternatively used as an asterism name for α, ε, and ζ Lyr. ""Vega"" is one of the oldest Arabic star names applied in the West, from the end of the 10th century A.D.",Arabic,
Veritate,FS-VERITATE,Andromeda,HR 8930,14 And,116076,"From the latin ""Veritas"", truth. The ablative form means ""where there is truth"".",Latin,
Vindemiatrix,FS-VINDEMIATRIX,Virgo,HR 4932,ε Vir,63608,"The formation of this name begins with the classical Greek name for this star: Protrygeter (""the Grape Gatherer"") as it is given in the Almagest: ὁ βόρειος αὐτῶv καὶ καλούμενος Προτρυγητήρ. The Romans translated this name as vindemiator and other similiar masculine forms. Similarly, after a somewhat erroneous translation of the Greek name by the Arabs, the Medieval Latin translation in the Almagest was precedens vindemiatorem, ""the One preceding the Grape Gatherer"", modified in some editions of the Alphonsine Tables into precedens vindemitorem. The exact origin of the current, feminine ""Vindemiatrix"" from any of these forms is uncertain, but it first appeared in Renaissance times.",Latin,
Wasat,FS-WASAT,Gemini,HR 2777,δ Gem,35550,"From the Arabic word wasat, ""middle,"" used by a sci-A commentator who was speculating on the meaning of the ind-A constellation name al-jauza'. Reference was made to al-jauza's being in the ""middle"" (wasat) of the sky (perhaps meaning the celestial equator). The reference was intended to apply to the ind-A figure located in today's Orion, however it was under the constellation which is today Gemini that the reference appeared (note the confusion between Orion and Gemini mentioned under α Ori). Therefore, after transliteration into Latin, it was in Gemini (to δ) that the word ""Wasat"" was arbitrarily applied as a star name in recent times.",Arabic,
Wattle,FS-WATTLE,Vela,WASP-19,,,"Wattle is a genus of approximately 1000 species of shrubs and trees. The Golden Wattle (Acacia pycnantha), whose colour alludes to the G-type star WASP-19, is native to Australia and is the official floral emblem of Australia.",English,2023/01/08
Wazn,FS-WAZN,Columba,HR 2040,β Col,27628,"Applied in recent times from some ind-A name al-wazn, of unknown significance.",Arabic,
Wezen,FS-WEZEN,Canis Major,HR 2693,δ CMa,34444,"From the Arabic name al-wazn, for one of a pair of stars, the other one being hadari. Arabic authors ventured to identify these stars as α/β Cen or α/β Col, but exactly what two stars were originally intended, and the significance of their names, is unknown. As a common noun in Arabic, al-wazn means ""the weight"". ""Wezen"" was arbitrarily applied to δ CMa in recent times.",,
Wouri,FS-WOURI,Aquarius,WASP-69,,,"The Wouri is an important river in Cameroon. The 15th-century Portuguese navigator Fernão do Pó noted the large number of shrimps in the river and called it “Rio dos Camerões” [river of shrimps], which was the source of the nation’s name Cameroon.",Duala,2023/01/08
Wurren,FS-WURREN,Phoenix,HR 338,ζ Phe,5348,"Wurren is the Wardaman name of ζ Phe, from the Northern Territory, Australia. Wurren means “child” and refers to the “Little Fish”, a child of Dungdung – the life-creating Frog Lady. Wurren gives water to Gawalyan, the echidna (Achernar), which they direct Earthly initiates to carry in small bowls. The water came from a great waterfall used to cool the people during the ceremony. Just as the water at the base of the waterfall keeps people cool and rises to the sky as mist, the water in the initiates’ bowls keeps them cool and symbolically transforms into clouds that bring the wet rains of the monsoon season. These ceremonies occur in late December when the weather is hot and these stars are high in the evening sky, signalling the start of the monsoon.",Aboriginal/Wardaman,
Xamidimura,FS-XAMIDIMURA,Scorpius,HR 6247,μ1 Sco,82514,,,2017/05/09
Xihe,FS-XIHE,Lyra,HD 173416,_ Lyr,91852,Xihe (羲和) is the goddess of the sun in the Chinese mythology and also represents the earliest astronomers and developers of calendars in ancient China.,Chinese,
Xuange,FS-XUANGE,Boötes,HR 5351,λ Boo,69732,"single star asterism: a halberd, the celestial lance or north lance.",Chinese,
Yed Posterior,FS-YED-POSTERIOR,Ophiuchus,HR 6075,ε Oph,79882,"Originally from the Arabic word al-yad, ""the hand,"" used in the Arabic Almagest in describing these stars. yed was applied as a star name to δ Oph in medieval times. Then in recent times, this application was extended to include both δ and ε, with the addition of the Latin distinctions for ""foremost"" and ""hindmost,"" respectively.",Arabic,2016/05/10
Yed Prior,FS-YED-PRIOR,Ophiuchus,HR 6056,δ Oph,79593,"Originally from the Arabic word al-yad, ""the hand,"" used in the Arabic Almagest in describing these stars. yed was applied as a star name to δ Oph in medieval times. Then in recent times, this application was extended to include both δ and ε, with the addition of the Latin distinctions for ""foremost"" and ""hindmost,"" respectively.",Arabic,2016/05/10
Yildun,FS-YILDUN,Ursa Minor,HR 6789,δ UMi,85822,"From the Turkish word yildiz, ""star."" In Renaissance times this common noun was erroneously said to be a Turkish name for the Pole Star (α UMi). Misspelled as ""Yildun,"" the word was arbitrarily applied as a star name to δ UMi in recent times.",Arabic,
Zaniah,FS-ZANIAH,Virgo,HR 4689,η Vir,60129,"From an abbreviation of the ind-A name zawiyat al-'awwa', ""the Angle of al-'awwa',"" for γ Vir. Wrongly transferred to η Vir in recent times.",Arabic,2016/12/09
Zaurak,FS-ZAURAK,Eridanus,HR 1231,γ Eri,18543,"From the Arabic word zauraq, ""boat,"" used in an unaginat1ve, nonclassical description of several stars near Eridanus (evidently the stars of today's Phoenix). Arbitrarily applied as a star name toy Eri in recent times.",Arabic,
Zavijava,FS-ZAVIJAVA,Virgo,HR 4540,β Vir,57757,"From a contraction of the ind-A name zawiyat al-'awwa', ""the Angle of al-'awwa',"" for γ Vir. Wrongly transferred to β Vir in recent times. The stars β, η, γ, and ε Vir marked the ind-A lunar mansion al-'awwa' (with γ in its ""angle""), but the meaning of al-'awwa' is unknown.",Arabic,
Zembra,FS-ZEMBRA,Aquarius,HATS-72,,,"Zembra (زمبرة) is an island in the Gulf of Tunis, known for its wildlife and seabirds. It is part of the UNESCO Iles Zembra et Zembretta Biosphere Reserve, Tunisia.",Arabic,2023/01/08
Zhang,FS-ZHANG,Hydra,HR 3903,υ1 Hya,48356,"determinitive star of lunar mansion Zhang (The Stomach [of the Red Fire Bird] or a Bow or Bird Catcher, an Extended Net, Spread or ""to open"") whose naming constellation constists of 6 stars according to sources back to the 3rd millennium BCE",Chinese,
Zibal,FS-ZIBAL,Eridanus,HR 984,ζ Eri,15197,"Applied in recent times from a misreading of the ind-A name al-ri'al, ""the Young of the Ostriches,"" for the numerous dim stars running between α Eri and α PsA (or, according to another tradition, those within the triangle formed by α Phe/α PsA/β Cet).",Arabic,2016/12/09
Zosma,FS-ZOSMA,Leo,HR 4357,δ Leo,54872,"From the Greek word ζῶσμα, ""girdle"" or ""loin cloth"". In Renaissance times this word was erroneously said to have been used to describe δ Leo in a medieval Greek text. Correctly, the text has ὀσφῦς, ""hip"" or ""lower back"" (after Ptolemy). The name ""Zosma"" (transliterated from the erroneous Greek word) was applied in recent times.",Greek,
Zubenelgenubi,FS-ZUBENELGENUBI,Libra,HR 5531,α2 Lib,72622,"Applied in Renaissance times from its sci-A name al-zubana al-janubi, the Southern Claw ( of the Scorpion)."" The stars of Libra were interpreted by the Baby!onians as ""the Claws of Scorpius"" (thus forming a much larger Scorpion), and alternatively (perhaps in a more recent stage) they were made an independent constellation, ""the Balance."" Both these conceptions lived on until the Greeks and, partly, the ind-Arabs. Previous to Greek influences, the ind-Arabs used the name al-zubanayan, ""the Two Claws ( of the Scorpion},"" for the lunar mansion marked by α and β Lib. (Ind-A al-zubanayan is obviously related etymologically to Babylonian zibanutu, but the latter, also marked by α and β Lib, meant ""the Balance""). Our modern name is occasionally seen abbreviated as Zuben'ubi"".",Arabic,
Zubenelhakrabi,FS-ZUBENELHAKRABI,Libra,HR 5787,γ Lib,76333,,,2017/05/09
Zubeneschamali,FS-ZUBENESCHAMALI,Libra,HR 5685,β Lib,74785,"Applied in Renaissance times from its sci-A name al-zubana alshamali, ""the Northern Claw (of the Scorpion)"".",Arabic,
