ISO-10303-21;
HEADER;
FILE_DESCRIPTION(('FusionSpace fusion-space-keychain-40mm'),'2;1');
FILE_NAME('fusion-space-keychain-40mm.step','2026-10-01T00:00:00',('Author'),(
    'Open CASCADE'),'Open CASCADE STEP processor 7.9','Open CASCADE 7.9'
  ,'Unknown');
FILE_SCHEMA(('AUTOMOTIVE_DESIGN { 1 0 10303 214 1 1 1 1 }'));
ENDSEC;
DATA;
#1 = APPLICATION_PROTOCOL_DEFINITION('international standard',
  'automotive_design',2000,#2);
#2 = APPLICATION_CONTEXT(
  'core data for automotive mechanical design processes');
#3 = SHAPE_DEFINITION_REPRESENTATION(#4,#10);
#4 = PRODUCT_DEFINITION_SHAPE('','',#5);
#5 = PRODUCT_DEFINITION('design','',#6,#9);
#6 = PRODUCT_DEFINITION_FORMATION('','',#7);
#7 = PRODUCT('base','base','',(#8));
#8 = PRODUCT_CONTEXT('',#2,'mechanical');
#9 = PRODUCT_DEFINITION_CONTEXT('part definition',#2,'design');
#10 = ADVANCED_BREP_SHAPE_REPRESENTATION('',(#11,#15),#497);
#11 = AXIS2_PLACEMENT_3D('',#12,#13,#14);
#12 = CARTESIAN_POINT('',(0.,0.,0.));
#13 = DIRECTION('',(0.,0.,1.));
#14 = DIRECTION('',(1.,0.,-0.));
#15 = MANIFOLD_SOLID_BREP('',#16);
#16 = CLOSED_SHELL('',(#17,#157,#228,#351,#426,#477,#487));
#17 = ADVANCED_FACE('',(#18),#32,.F.);
#18 = FACE_BOUND('',#19,.F.);
#19 = EDGE_LOOP('',(#20,#68,#102,#125));
#20 = ORIENTED_EDGE('',*,*,#21,.T.);
#21 = EDGE_CURVE('',#22,#24,#26,.T.);
#22 = VERTEX_POINT('',#23);
#23 = CARTESIAN_POINT('',(5.447115142808,19.242792524346,0.));
#24 = VERTEX_POINT('',#25);
#25 = CARTESIAN_POINT('',(5.447115142808,19.242792524346,2.4));
#26 = SURFACE_CURVE('',#27,(#31,#48),.PCURVE_S1.);
#27 = LINE('',#28,#29);
#28 = CARTESIAN_POINT('',(5.447115142808,19.242792524346,0.));
#29 = VECTOR('',#30,1.);
#30 = DIRECTION('',(0.,0.,1.));
#31 = PCURVE('',#32,#42);
#32 = SURFACE_OF_LINEAR_EXTRUSION('',#33,#40);
#33 = B_SPLINE_CURVE_WITH_KNOTS('',5,(#34,#35,#36,#37,#38,#39),
  .UNSPECIFIED.,.F.,.F.,(6,6),(0.,1.),.PIECEWISE_BEZIER_KNOTS.);
#34 = CARTESIAN_POINT('',(5.447115142808,19.242792524346,0.));
#35 = CARTESIAN_POINT('',(5.974935502409,22.885127070714,0.));
#36 = CARTESIAN_POINT('',(3.309589937921,27.432023918948,0.));
#37 = CARTESIAN_POINT('',(-3.309589937921,27.432023918946,0.));
#38 = CARTESIAN_POINT('',(-5.974935502409,22.885127070715,0.));
#39 = CARTESIAN_POINT('',(-5.447115142808,19.242792524346,0.));
#40 = VECTOR('',#41,1.);
#41 = DIRECTION('',(-0.,-0.,-1.));
#42 = DEFINITIONAL_REPRESENTATION('',(#43),#47);
#43 = LINE('',#44,#45);
#44 = CARTESIAN_POINT('',(0.,0.));
#45 = VECTOR('',#46,1.);
#46 = DIRECTION('',(0.,-1.));
#47 = ( GEOMETRIC_REPRESENTATION_CONTEXT(2) 
PARAMETRIC_REPRESENTATION_CONTEXT() REPRESENTATION_CONTEXT('2D SPACE',''
  ) );
#48 = PCURVE('',#49,#62);
#49 = SURFACE_OF_LINEAR_EXTRUSION('',#50,#60);
#50 = B_SPLINE_CURVE_WITH_KNOTS('',8,(#51,#52,#53,#54,#55,#56,#57,#58,
    #59),.UNSPECIFIED.,.F.,.F.,(9,9),(0.,1.),.PIECEWISE_BEZIER_KNOTS.);
#51 = CARTESIAN_POINT('',(-5.447115142808,19.242792524346,0.));
#52 = CARTESIAN_POINT('',(-19.27962231181,15.346891411215,0.));
#53 = CARTESIAN_POINT('',(-29.56532498986,0.103966141106,0.));
#54 = CARTESIAN_POINT('',(-27.26147000395,-23.0282549113,0.));
#55 = CARTESIAN_POINT('',(-7.466283098136E-11,-40.43912450854,0.));
#56 = CARTESIAN_POINT('',(27.261470004075,-23.02825491131,0.));
#57 = CARTESIAN_POINT('',(29.565324989805,0.103966141119,0.));
#58 = CARTESIAN_POINT('',(19.279622311832,15.34689141121,0.));
#59 = CARTESIAN_POINT('',(5.447115142808,19.242792524346,0.));
#60 = VECTOR('',#61,1.);
#61 = DIRECTION('',(-0.,-0.,-1.));
#62 = DEFINITIONAL_REPRESENTATION('',(#63),#67);
#63 = LINE('',#64,#65);
#64 = CARTESIAN_POINT('',(1.,0.));
#65 = VECTOR('',#66,1.);
#66 = DIRECTION('',(0.,-1.));
#67 = ( GEOMETRIC_REPRESENTATION_CONTEXT(2) 
PARAMETRIC_REPRESENTATION_CONTEXT() REPRESENTATION_CONTEXT('2D SPACE',''
  ) );
#68 = ORIENTED_EDGE('',*,*,#69,.T.);
#69 = EDGE_CURVE('',#24,#70,#72,.T.);
#70 = VERTEX_POINT('',#71);
#71 = CARTESIAN_POINT('',(-5.447115142808,19.242792524346,2.4));
#72 = SURFACE_CURVE('',#73,(#80,#87),.PCURVE_S1.);
#73 = B_SPLINE_CURVE_WITH_KNOTS('',5,(#74,#75,#76,#77,#78,#79),
  .UNSPECIFIED.,.F.,.F.,(6,6),(0.,1.),.PIECEWISE_BEZIER_KNOTS.);
#74 = CARTESIAN_POINT('',(5.447115142808,19.242792524346,2.4));
#75 = CARTESIAN_POINT('',(5.974935502409,22.885127070714,2.4));
#76 = CARTESIAN_POINT('',(3.309589937921,27.432023918948,2.4));
#77 = CARTESIAN_POINT('',(-3.309589937921,27.432023918946,2.4));
#78 = CARTESIAN_POINT('',(-5.974935502409,22.885127070715,2.4));
#79 = CARTESIAN_POINT('',(-5.447115142808,19.242792524346,2.4));
#80 = PCURVE('',#32,#81);
#81 = DEFINITIONAL_REPRESENTATION('',(#82),#86);
#82 = LINE('',#83,#84);
#83 = CARTESIAN_POINT('',(0.,-2.4));
#84 = VECTOR('',#85,1.);
#85 = DIRECTION('',(1.,0.));
#86 = ( GEOMETRIC_REPRESENTATION_CONTEXT(2) 
PARAMETRIC_REPRESENTATION_CONTEXT() REPRESENTATION_CONTEXT('2D SPACE',''
  ) );
#87 = PCURVE('',#88,#93);
#88 = PLANE('',#89);
#89 = AXIS2_PLACEMENT_3D('',#90,#91,#92);
#90 = CARTESIAN_POINT('',(-3.415280042287E-14,1.691884288911,2.4));
#91 = DIRECTION('',(0.,0.,1.));
#92 = DIRECTION('',(1.,0.,-0.));
#93 = DEFINITIONAL_REPRESENTATION('',(#94),#101);
#94 = B_SPLINE_CURVE_WITH_KNOTS('',5,(#95,#96,#97,#98,#99,#100),
  .UNSPECIFIED.,.F.,.F.,(6,6),(0.,1.),.PIECEWISE_BEZIER_KNOTS.);
#95 = CARTESIAN_POINT('',(5.447115142808,17.550908235434));
#96 = CARTESIAN_POINT('',(5.974935502409,21.193242781803));
#97 = CARTESIAN_POINT('',(3.309589937921,25.740139630036));
#98 = CARTESIAN_POINT('',(-3.309589937921,25.740139630034));
#99 = CARTESIAN_POINT('',(-5.974935502409,21.193242781804));
#100 = CARTESIAN_POINT('',(-5.447115142808,17.550908235434));
#101 = ( GEOMETRIC_REPRESENTATION_CONTEXT(2) 
PARAMETRIC_REPRESENTATION_CONTEXT() REPRESENTATION_CONTEXT('2D SPACE',''
  ) );
#102 = ORIENTED_EDGE('',*,*,#103,.F.);
#103 = EDGE_CURVE('',#104,#70,#106,.T.);
#104 = VERTEX_POINT('',#105);
#105 = CARTESIAN_POINT('',(-5.447115142808,19.242792524346,0.));
#106 = SURFACE_CURVE('',#107,(#111,#118),.PCURVE_S1.);
#107 = LINE('',#108,#109);
#108 = CARTESIAN_POINT('',(-5.447115142808,19.242792524346,0.));
#109 = VECTOR('',#110,1.);
#110 = DIRECTION('',(0.,0.,1.));
#111 = PCURVE('',#32,#112);
#112 = DEFINITIONAL_REPRESENTATION('',(#113),#117);
#113 = LINE('',#114,#115);
#114 = CARTESIAN_POINT('',(1.,0.));
#115 = VECTOR('',#116,1.);
#116 = DIRECTION('',(0.,-1.));
#117 = ( GEOMETRIC_REPRESENTATION_CONTEXT(2) 
PARAMETRIC_REPRESENTATION_CONTEXT() REPRESENTATION_CONTEXT('2D SPACE',''
  ) );
#118 = PCURVE('',#49,#119);
#119 = DEFINITIONAL_REPRESENTATION('',(#120),#124);
#120 = LINE('',#121,#122);
#121 = CARTESIAN_POINT('',(0.,0.));
#122 = VECTOR('',#123,1.);
#123 = DIRECTION('',(0.,-1.));
#124 = ( GEOMETRIC_REPRESENTATION_CONTEXT(2) 
PARAMETRIC_REPRESENTATION_CONTEXT() REPRESENTATION_CONTEXT('2D SPACE',''
  ) );
#125 = ORIENTED_EDGE('',*,*,#126,.F.);
#126 = EDGE_CURVE('',#22,#104,#127,.T.);
#127 = SURFACE_CURVE('',#128,(#135,#142),.PCURVE_S1.);
#128 = B_SPLINE_CURVE_WITH_KNOTS('',5,(#129,#130,#131,#132,#133,#134),
  .UNSPECIFIED.,.F.,.F.,(6,6),(0.,1.),.PIECEWISE_BEZIER_KNOTS.);
#129 = CARTESIAN_POINT('',(5.447115142808,19.242792524346,0.));
#130 = CARTESIAN_POINT('',(5.974935502409,22.885127070714,0.));
#131 = CARTESIAN_POINT('',(3.309589937921,27.432023918948,0.));
#132 = CARTESIAN_POINT('',(-3.309589937921,27.432023918946,0.));
#133 = CARTESIAN_POINT('',(-5.974935502409,22.885127070715,0.));
#134 = CARTESIAN_POINT('',(-5.447115142808,19.242792524346,0.));
#135 = PCURVE('',#32,#136);
#136 = DEFINITIONAL_REPRESENTATION('',(#137),#141);
#137 = LINE('',#138,#139);
#138 = CARTESIAN_POINT('',(0.,0.));
#139 = VECTOR('',#140,1.);
#140 = DIRECTION('',(1.,0.));
#141 = ( GEOMETRIC_REPRESENTATION_CONTEXT(2) 
PARAMETRIC_REPRESENTATION_CONTEXT() REPRESENTATION_CONTEXT('2D SPACE',''
  ) );
#142 = PCURVE('',#143,#148);
#143 = PLANE('',#144);
#144 = AXIS2_PLACEMENT_3D('',#145,#146,#147);
#145 = CARTESIAN_POINT('',(-3.415280042287E-14,1.691884288911,0.));
#146 = DIRECTION('',(0.,0.,1.));
#147 = DIRECTION('',(1.,0.,-0.));
#148 = DEFINITIONAL_REPRESENTATION('',(#149),#156);
#149 = B_SPLINE_CURVE_WITH_KNOTS('',5,(#150,#151,#152,#153,#154,#155),
  .UNSPECIFIED.,.F.,.F.,(6,6),(0.,1.),.PIECEWISE_BEZIER_KNOTS.);
#150 = CARTESIAN_POINT('',(5.447115142808,17.550908235434));
#151 = CARTESIAN_POINT('',(5.974935502409,21.193242781803));
#152 = CARTESIAN_POINT('',(3.309589937921,25.740139630036));
#153 = CARTESIAN_POINT('',(-3.309589937921,25.740139630034));
#154 = CARTESIAN_POINT('',(-5.974935502409,21.193242781804));
#155 = CARTESIAN_POINT('',(-5.447115142808,17.550908235434));
#156 = ( GEOMETRIC_REPRESENTATION_CONTEXT(2) 
PARAMETRIC_REPRESENTATION_CONTEXT() REPRESENTATION_CONTEXT('2D SPACE',''
  ) );
#157 = ADVANCED_FACE('',(#158),#49,.F.);
#158 = FACE_BOUND('',#159,.F.);
#159 = EDGE_LOOP('',(#160,#161,#194,#195));
#160 = ORIENTED_EDGE('',*,*,#103,.T.);
#161 = ORIENTED_EDGE('',*,*,#162,.T.);
#162 = EDGE_CURVE('',#70,#24,#163,.T.);
#163 = SURFACE_CURVE('',#164,(#174,#181),.PCURVE_S1.);
#164 = B_SPLINE_CURVE_WITH_KNOTS('',8,(#165,#166,#167,#168,#169,#170,
    #171,#172,#173),.UNSPECIFIED.,.F.,.F.,(9,9),(0.,1.),
  .PIECEWISE_BEZIER_KNOTS.);
#165 = CARTESIAN_POINT('',(-5.447115142808,19.242792524346,2.4));
#166 = CARTESIAN_POINT('',(-19.27962231181,15.346891411215,2.4));
#167 = CARTESIAN_POINT('',(-29.56532498986,0.103966141106,2.4));
#168 = CARTESIAN_POINT('',(-27.26147000395,-23.0282549113,2.4));
#169 = CARTESIAN_POINT('',(-7.466283098136E-11,-40.43912450854,2.4));
#170 = CARTESIAN_POINT('',(27.261470004075,-23.02825491131,2.4));
#171 = CARTESIAN_POINT('',(29.565324989805,0.103966141119,2.4));
#172 = CARTESIAN_POINT('',(19.279622311832,15.34689141121,2.4));
#173 = CARTESIAN_POINT('',(5.447115142808,19.242792524346,2.4));
#174 = PCURVE('',#49,#175);
#175 = DEFINITIONAL_REPRESENTATION('',(#176),#180);
#176 = LINE('',#177,#178);
#177 = CARTESIAN_POINT('',(0.,-2.4));
#178 = VECTOR('',#179,1.);
#179 = DIRECTION('',(1.,0.));
#180 = ( GEOMETRIC_REPRESENTATION_CONTEXT(2) 
PARAMETRIC_REPRESENTATION_CONTEXT() REPRESENTATION_CONTEXT('2D SPACE',''
  ) );
#181 = PCURVE('',#88,#182);
#182 = DEFINITIONAL_REPRESENTATION('',(#183),#193);
#183 = B_SPLINE_CURVE_WITH_KNOTS('',8,(#184,#185,#186,#187,#188,#189,
    #190,#191,#192),.UNSPECIFIED.,.F.,.F.,(9,9),(0.,1.),
  .PIECEWISE_BEZIER_KNOTS.);
#184 = CARTESIAN_POINT('',(-5.447115142808,17.550908235434));
#185 = CARTESIAN_POINT('',(-19.27962231181,13.655007122303));
#186 = CARTESIAN_POINT('',(-29.56532498986,-1.587918147805));
#187 = CARTESIAN_POINT('',(-27.26147000395,-24.72013920021));
#188 = CARTESIAN_POINT('',(-7.462867818094E-11,-42.13100879746));
#189 = CARTESIAN_POINT('',(27.261470004075,-24.72013920022));
#190 = CARTESIAN_POINT('',(29.565324989805,-1.587918147792));
#191 = CARTESIAN_POINT('',(19.279622311832,13.655007122298));
#192 = CARTESIAN_POINT('',(5.447115142808,17.550908235434));
#193 = ( GEOMETRIC_REPRESENTATION_CONTEXT(2) 
PARAMETRIC_REPRESENTATION_CONTEXT() REPRESENTATION_CONTEXT('2D SPACE',''
  ) );
#194 = ORIENTED_EDGE('',*,*,#21,.F.);
#195 = ORIENTED_EDGE('',*,*,#196,.F.);
#196 = EDGE_CURVE('',#104,#22,#197,.T.);
#197 = SURFACE_CURVE('',#198,(#208,#215),.PCURVE_S1.);
#198 = B_SPLINE_CURVE_WITH_KNOTS('',8,(#199,#200,#201,#202,#203,#204,
    #205,#206,#207),.UNSPECIFIED.,.F.,.F.,(9,9),(0.,1.),
  .PIECEWISE_BEZIER_KNOTS.);
#199 = CARTESIAN_POINT('',(-5.447115142808,19.242792524346,0.));
#200 = CARTESIAN_POINT('',(-19.27962231181,15.346891411215,0.));
#201 = CARTESIAN_POINT('',(-29.56532498986,0.103966141106,0.));
#202 = CARTESIAN_POINT('',(-27.26147000395,-23.0282549113,0.));
#203 = CARTESIAN_POINT('',(-7.466283098136E-11,-40.43912450854,0.));
#204 = CARTESIAN_POINT('',(27.261470004075,-23.02825491131,0.));
#205 = CARTESIAN_POINT('',(29.565324989805,0.103966141119,0.));
#206 = CARTESIAN_POINT('',(19.279622311832,15.34689141121,0.));
#207 = CARTESIAN_POINT('',(5.447115142808,19.242792524346,0.));
#208 = PCURVE('',#49,#209);
#209 = DEFINITIONAL_REPRESENTATION('',(#210),#214);
#210 = LINE('',#211,#212);
#211 = CARTESIAN_POINT('',(0.,0.));
#212 = VECTOR('',#213,1.);
#213 = DIRECTION('',(1.,0.));
#214 = ( GEOMETRIC_REPRESENTATION_CONTEXT(2) 
PARAMETRIC_REPRESENTATION_CONTEXT() REPRESENTATION_CONTEXT('2D SPACE',''
  ) );
#215 = PCURVE('',#143,#216);
#216 = DEFINITIONAL_REPRESENTATION('',(#217),#227);
#217 = B_SPLINE_CURVE_WITH_KNOTS('',8,(#218,#219,#220,#221,#222,#223,
    #224,#225,#226),.UNSPECIFIED.,.F.,.F.,(9,9),(0.,1.),
  .PIECEWISE_BEZIER_KNOTS.);
#218 = CARTESIAN_POINT('',(-5.447115142808,17.550908235434));
#219 = CARTESIAN_POINT('',(-19.27962231181,13.655007122303));
#220 = CARTESIAN_POINT('',(-29.56532498986,-1.587918147805));
#221 = CARTESIAN_POINT('',(-27.26147000395,-24.72013920021));
#222 = CARTESIAN_POINT('',(-7.462867818094E-11,-42.13100879746));
#223 = CARTESIAN_POINT('',(27.261470004075,-24.72013920022));
#224 = CARTESIAN_POINT('',(29.565324989805,-1.587918147792));
#225 = CARTESIAN_POINT('',(19.279622311832,13.655007122298));
#226 = CARTESIAN_POINT('',(5.447115142808,17.550908235434));
#227 = ( GEOMETRIC_REPRESENTATION_CONTEXT(2) 
PARAMETRIC_REPRESENTATION_CONTEXT() REPRESENTATION_CONTEXT('2D SPACE',''
  ) );
#228 = ADVANCED_FACE('',(#229),#243,.F.);
#229 = FACE_BOUND('',#230,.F.);
#230 = EDGE_LOOP('',(#231,#272,#297,#328));
#231 = ORIENTED_EDGE('',*,*,#232,.T.);
#232 = EDGE_CURVE('',#233,#235,#237,.T.);
#233 = VERTEX_POINT('',#234);
#234 = CARTESIAN_POINT('',(2.398715009943,21.078525798772,0.));
#235 = VERTEX_POINT('',#236);
#236 = CARTESIAN_POINT('',(2.398715009943,21.078525798772,2.4));
#237 = SURFACE_CURVE('',#238,(#242,#257),.PCURVE_S1.);
#238 = LINE('',#239,#240);
#239 = CARTESIAN_POINT('',(2.398715009943,21.078525798772,0.));
#240 = VECTOR('',#241,1.);
#241 = DIRECTION('',(0.,0.,1.));
#242 = PCURVE('',#243,#251);
#243 = SURFACE_OF_LINEAR_EXTRUSION('',#244,#249);
#244 = B_SPLINE_CURVE_WITH_KNOTS('',3,(#245,#246,#247,#248),
  .UNSPECIFIED.,.F.,.F.,(4,4),(0.,1.),.PIECEWISE_BEZIER_KNOTS.);
#245 = CARTESIAN_POINT('',(2.398715009943,21.078525798772,0.));
#246 = CARTESIAN_POINT('',(2.44562561267,19.224910559371,0.));
#247 = CARTESIAN_POINT('',(0.510356784088,18.021483068285,0.));
#248 = CARTESIAN_POINT('',(-1.131352168382,18.883388965564,0.));
#249 = VECTOR('',#250,1.);
#250 = DIRECTION('',(-0.,-0.,-1.));
#251 = DEFINITIONAL_REPRESENTATION('',(#252),#256);
#252 = LINE('',#253,#254);
#253 = CARTESIAN_POINT('',(0.,0.));
#254 = VECTOR('',#255,1.);
#255 = DIRECTION('',(0.,-1.));
#256 = ( GEOMETRIC_REPRESENTATION_CONTEXT(2) 
PARAMETRIC_REPRESENTATION_CONTEXT() REPRESENTATION_CONTEXT('2D SPACE',''
  ) );
#257 = PCURVE('',#258,#266);
#258 = SURFACE_OF_LINEAR_EXTRUSION('',#259,#264);
#259 = B_SPLINE_CURVE_WITH_KNOTS('',3,(#260,#261,#262,#263),
  .UNSPECIFIED.,.F.,.F.,(4,4),(0.,1.),.PIECEWISE_BEZIER_KNOTS.);
#260 = CARTESIAN_POINT('',(-1.267362841561,23.038085235664,0.));
#261 = CARTESIAN_POINT('',(0.314459743238,24.005518629033,0.));
#262 = CARTESIAN_POINT('',(2.324292936424,22.931240405872,0.));
#263 = CARTESIAN_POINT('',(2.398715009943,21.078525798772,0.));
#264 = VECTOR('',#265,1.);
#265 = DIRECTION('',(-0.,-0.,-1.));
#266 = DEFINITIONAL_REPRESENTATION('',(#267),#271);
#267 = LINE('',#268,#269);
#268 = CARTESIAN_POINT('',(1.,0.));
#269 = VECTOR('',#270,1.);
#270 = DIRECTION('',(0.,-1.));
#271 = ( GEOMETRIC_REPRESENTATION_CONTEXT(2) 
PARAMETRIC_REPRESENTATION_CONTEXT() REPRESENTATION_CONTEXT('2D SPACE',''
  ) );
#272 = ORIENTED_EDGE('',*,*,#273,.T.);
#273 = EDGE_CURVE('',#235,#274,#276,.T.);
#274 = VERTEX_POINT('',#275);
#275 = CARTESIAN_POINT('',(-1.131352168382,18.883388965564,2.4));
#276 = SURFACE_CURVE('',#277,(#282,#289),.PCURVE_S1.);
#277 = B_SPLINE_CURVE_WITH_KNOTS('',3,(#278,#279,#280,#281),
  .UNSPECIFIED.,.F.,.F.,(4,4),(0.,1.),.PIECEWISE_BEZIER_KNOTS.);
#278 = CARTESIAN_POINT('',(2.398715009943,21.078525798772,2.4));
#279 = CARTESIAN_POINT('',(2.44562561267,19.224910559371,2.4));
#280 = CARTESIAN_POINT('',(0.510356784088,18.021483068285,2.4));
#281 = CARTESIAN_POINT('',(-1.131352168382,18.883388965564,2.4));
#282 = PCURVE('',#243,#283);
#283 = DEFINITIONAL_REPRESENTATION('',(#284),#288);
#284 = LINE('',#285,#286);
#285 = CARTESIAN_POINT('',(0.,-2.4));
#286 = VECTOR('',#287,1.);
#287 = DIRECTION('',(1.,0.));
#288 = ( GEOMETRIC_REPRESENTATION_CONTEXT(2) 
PARAMETRIC_REPRESENTATION_CONTEXT() REPRESENTATION_CONTEXT('2D SPACE',''
  ) );
#289 = PCURVE('',#88,#290);
#290 = DEFINITIONAL_REPRESENTATION('',(#291),#296);
#291 = B_SPLINE_CURVE_WITH_KNOTS('',3,(#292,#293,#294,#295),
  .UNSPECIFIED.,.F.,.F.,(4,4),(0.,1.),.PIECEWISE_BEZIER_KNOTS.);
#292 = CARTESIAN_POINT('',(2.398715009943,19.386641509861));
#293 = CARTESIAN_POINT('',(2.445625612671,17.53302627046));
#294 = CARTESIAN_POINT('',(0.510356784088,16.329598779373));
#295 = CARTESIAN_POINT('',(-1.131352168382,17.191504676653));
#296 = ( GEOMETRIC_REPRESENTATION_CONTEXT(2) 
PARAMETRIC_REPRESENTATION_CONTEXT() REPRESENTATION_CONTEXT('2D SPACE',''
  ) );
#297 = ORIENTED_EDGE('',*,*,#298,.F.);
#298 = EDGE_CURVE('',#299,#274,#301,.T.);
#299 = VERTEX_POINT('',#300);
#300 = CARTESIAN_POINT('',(-1.131352168382,18.883388965564,0.));
#301 = SURFACE_CURVE('',#302,(#306,#313),.PCURVE_S1.);
#302 = LINE('',#303,#304);
#303 = CARTESIAN_POINT('',(-1.131352168382,18.883388965564,0.));
#304 = VECTOR('',#305,1.);
#305 = DIRECTION('',(0.,0.,1.));
#306 = PCURVE('',#243,#307);
#307 = DEFINITIONAL_REPRESENTATION('',(#308),#312);
#308 = LINE('',#309,#310);
#309 = CARTESIAN_POINT('',(1.,0.));
#310 = VECTOR('',#311,1.);
#311 = DIRECTION('',(0.,-1.));
#312 = ( GEOMETRIC_REPRESENTATION_CONTEXT(2) 
PARAMETRIC_REPRESENTATION_CONTEXT() REPRESENTATION_CONTEXT('2D SPACE',''
  ) );
#313 = PCURVE('',#314,#322);
#314 = SURFACE_OF_LINEAR_EXTRUSION('',#315,#320);
#315 = B_SPLINE_CURVE_WITH_KNOTS('',3,(#316,#317,#318,#319),
  .UNSPECIFIED.,.F.,.F.,(4,4),(0.,1.),.PIECEWISE_BEZIER_KNOTS.);
#316 = CARTESIAN_POINT('',(-1.131352168382,18.883388965564,0.));
#317 = CARTESIAN_POINT('',(-2.760085355909,19.769570811596,0.));
#318 = CARTESIAN_POINT('',(-2.834649720512,22.047276525844,0.));
#319 = CARTESIAN_POINT('',(-1.267362841561,23.038085235664,0.));
#320 = VECTOR('',#321,1.);
#321 = DIRECTION('',(-0.,-0.,-1.));
#322 = DEFINITIONAL_REPRESENTATION('',(#323),#327);
#323 = LINE('',#324,#325);
#324 = CARTESIAN_POINT('',(0.,0.));
#325 = VECTOR('',#326,1.);
#326 = DIRECTION('',(0.,-1.));
#327 = ( GEOMETRIC_REPRESENTATION_CONTEXT(2) 
PARAMETRIC_REPRESENTATION_CONTEXT() REPRESENTATION_CONTEXT('2D SPACE',''
  ) );
#328 = ORIENTED_EDGE('',*,*,#329,.F.);
#329 = EDGE_CURVE('',#233,#299,#330,.T.);
#330 = SURFACE_CURVE('',#331,(#336,#343),.PCURVE_S1.);
#331 = B_SPLINE_CURVE_WITH_KNOTS('',3,(#332,#333,#334,#335),
  .UNSPECIFIED.,.F.,.F.,(4,4),(0.,1.),.PIECEWISE_BEZIER_KNOTS.);
#332 = CARTESIAN_POINT('',(2.398715009943,21.078525798772,0.));
#333 = CARTESIAN_POINT('',(2.44562561267,19.224910559371,0.));
#334 = CARTESIAN_POINT('',(0.510356784088,18.021483068285,0.));
#335 = CARTESIAN_POINT('',(-1.131352168382,18.883388965564,0.));
#336 = PCURVE('',#243,#337);
#337 = DEFINITIONAL_REPRESENTATION('',(#338),#342);
#338 = LINE('',#339,#340);
#339 = CARTESIAN_POINT('',(0.,0.));
#340 = VECTOR('',#341,1.);
#341 = DIRECTION('',(1.,0.));
#342 = ( GEOMETRIC_REPRESENTATION_CONTEXT(2) 
PARAMETRIC_REPRESENTATION_CONTEXT() REPRESENTATION_CONTEXT('2D SPACE',''
  ) );
#343 = PCURVE('',#143,#344);
#344 = DEFINITIONAL_REPRESENTATION('',(#345),#350);
#345 = B_SPLINE_CURVE_WITH_KNOTS('',3,(#346,#347,#348,#349),
  .UNSPECIFIED.,.F.,.F.,(4,4),(0.,1.),.PIECEWISE_BEZIER_KNOTS.);
#346 = CARTESIAN_POINT('',(2.398715009943,19.386641509861));
#347 = CARTESIAN_POINT('',(2.445625612671,17.53302627046));
#348 = CARTESIAN_POINT('',(0.510356784088,16.329598779373));
#349 = CARTESIAN_POINT('',(-1.131352168382,17.191504676653));
#350 = ( GEOMETRIC_REPRESENTATION_CONTEXT(2) 
PARAMETRIC_REPRESENTATION_CONTEXT() REPRESENTATION_CONTEXT('2D SPACE',''
  ) );
#351 = ADVANCED_FACE('',(#352),#314,.F.);
#352 = FACE_BOUND('',#353,.F.);
#353 = EDGE_LOOP('',(#354,#355,#380,#403));
#354 = ORIENTED_EDGE('',*,*,#298,.T.);
#355 = ORIENTED_EDGE('',*,*,#356,.T.);
#356 = EDGE_CURVE('',#274,#357,#359,.T.);
#357 = VERTEX_POINT('',#358);
#358 = CARTESIAN_POINT('',(-1.267362841561,23.038085235664,2.4));
#359 = SURFACE_CURVE('',#360,(#365,#372),.PCURVE_S1.);
#360 = B_SPLINE_CURVE_WITH_KNOTS('',3,(#361,#362,#363,#364),
  .UNSPECIFIED.,.F.,.F.,(4,4),(0.,1.),.PIECEWISE_BEZIER_KNOTS.);
#361 = CARTESIAN_POINT('',(-1.131352168382,18.883388965564,2.4));
#362 = CARTESIAN_POINT('',(-2.760085355909,19.769570811596,2.4));
#363 = CARTESIAN_POINT('',(-2.834649720512,22.047276525844,2.4));
#364 = CARTESIAN_POINT('',(-1.267362841561,23.038085235664,2.4));
#365 = PCURVE('',#314,#366);
#366 = DEFINITIONAL_REPRESENTATION('',(#367),#371);
#367 = LINE('',#368,#369);
#368 = CARTESIAN_POINT('',(0.,-2.4));
#369 = VECTOR('',#370,1.);
#370 = DIRECTION('',(1.,0.));
#371 = ( GEOMETRIC_REPRESENTATION_CONTEXT(2) 
PARAMETRIC_REPRESENTATION_CONTEXT() REPRESENTATION_CONTEXT('2D SPACE',''
  ) );
#372 = PCURVE('',#88,#373);
#373 = DEFINITIONAL_REPRESENTATION('',(#374),#379);
#374 = B_SPLINE_CURVE_WITH_KNOTS('',3,(#375,#376,#377,#378),
  .UNSPECIFIED.,.F.,.F.,(4,4),(0.,1.),.PIECEWISE_BEZIER_KNOTS.);
#375 = CARTESIAN_POINT('',(-1.131352168382,17.191504676653));
#376 = CARTESIAN_POINT('',(-2.760085355909,18.077686522684));
#377 = CARTESIAN_POINT('',(-2.834649720512,20.355392236932));
#378 = CARTESIAN_POINT('',(-1.267362841561,21.346200946752));
#379 = ( GEOMETRIC_REPRESENTATION_CONTEXT(2) 
PARAMETRIC_REPRESENTATION_CONTEXT() REPRESENTATION_CONTEXT('2D SPACE',''
  ) );
#380 = ORIENTED_EDGE('',*,*,#381,.F.);
#381 = EDGE_CURVE('',#382,#357,#384,.T.);
#382 = VERTEX_POINT('',#383);
#383 = CARTESIAN_POINT('',(-1.267362841561,23.038085235664,0.));
#384 = SURFACE_CURVE('',#385,(#389,#396),.PCURVE_S1.);
#385 = LINE('',#386,#387);
#386 = CARTESIAN_POINT('',(-1.267362841561,23.038085235664,0.));
#387 = VECTOR('',#388,1.);
#388 = DIRECTION('',(0.,0.,1.));
#389 = PCURVE('',#314,#390);
#390 = DEFINITIONAL_REPRESENTATION('',(#391),#395);
#391 = LINE('',#392,#393);
#392 = CARTESIAN_POINT('',(1.,0.));
#393 = VECTOR('',#394,1.);
#394 = DIRECTION('',(0.,-1.));
#395 = ( GEOMETRIC_REPRESENTATION_CONTEXT(2) 
PARAMETRIC_REPRESENTATION_CONTEXT() REPRESENTATION_CONTEXT('2D SPACE',''
  ) );
#396 = PCURVE('',#258,#397);
#397 = DEFINITIONAL_REPRESENTATION('',(#398),#402);
#398 = LINE('',#399,#400);
#399 = CARTESIAN_POINT('',(0.,0.));
#400 = VECTOR('',#401,1.);
#401 = DIRECTION('',(0.,-1.));
#402 = ( GEOMETRIC_REPRESENTATION_CONTEXT(2) 
PARAMETRIC_REPRESENTATION_CONTEXT() REPRESENTATION_CONTEXT('2D SPACE',''
  ) );
#403 = ORIENTED_EDGE('',*,*,#404,.F.);
#404 = EDGE_CURVE('',#299,#382,#405,.T.);
#405 = SURFACE_CURVE('',#406,(#411,#418),.PCURVE_S1.);
#406 = B_SPLINE_CURVE_WITH_KNOTS('',3,(#407,#408,#409,#410),
  .UNSPECIFIED.,.F.,.F.,(4,4),(0.,1.),.PIECEWISE_BEZIER_KNOTS.);
#407 = CARTESIAN_POINT('',(-1.131352168382,18.883388965564,0.));
#408 = CARTESIAN_POINT('',(-2.760085355909,19.769570811596,0.));
#409 = CARTESIAN_POINT('',(-2.834649720512,22.047276525844,0.));
#410 = CARTESIAN_POINT('',(-1.267362841561,23.038085235664,0.));
#411 = PCURVE('',#314,#412);
#412 = DEFINITIONAL_REPRESENTATION('',(#413),#417);
#413 = LINE('',#414,#415);
#414 = CARTESIAN_POINT('',(0.,0.));
#415 = VECTOR('',#416,1.);
#416 = DIRECTION('',(1.,0.));
#417 = ( GEOMETRIC_REPRESENTATION_CONTEXT(2) 
PARAMETRIC_REPRESENTATION_CONTEXT() REPRESENTATION_CONTEXT('2D SPACE',''
  ) );
#418 = PCURVE('',#143,#419);
#419 = DEFINITIONAL_REPRESENTATION('',(#420),#425);
#420 = B_SPLINE_CURVE_WITH_KNOTS('',3,(#421,#422,#423,#424),
  .UNSPECIFIED.,.F.,.F.,(4,4),(0.,1.),.PIECEWISE_BEZIER_KNOTS.);
#421 = CARTESIAN_POINT('',(-1.131352168382,17.191504676653));
#422 = CARTESIAN_POINT('',(-2.760085355909,18.077686522684));
#423 = CARTESIAN_POINT('',(-2.834649720512,20.355392236932));
#424 = CARTESIAN_POINT('',(-1.267362841561,21.346200946752));
#425 = ( GEOMETRIC_REPRESENTATION_CONTEXT(2) 
PARAMETRIC_REPRESENTATION_CONTEXT() REPRESENTATION_CONTEXT('2D SPACE',''
  ) );
#426 = ADVANCED_FACE('',(#427),#258,.F.);
#427 = FACE_BOUND('',#428,.F.);
#428 = EDGE_LOOP('',(#429,#430,#453,#454));
#429 = ORIENTED_EDGE('',*,*,#381,.T.);
#430 = ORIENTED_EDGE('',*,*,#431,.T.);
#431 = EDGE_CURVE('',#357,#235,#432,.T.);
#432 = SURFACE_CURVE('',#433,(#438,#445),.PCURVE_S1.);
#433 = B_SPLINE_CURVE_WITH_KNOTS('',3,(#434,#435,#436,#437),
  .UNSPECIFIED.,.F.,.F.,(4,4),(0.,1.),.PIECEWISE_BEZIER_KNOTS.);
#434 = CARTESIAN_POINT('',(-1.267362841561,23.038085235664,2.4));
#435 = CARTESIAN_POINT('',(0.314459743238,24.005518629033,2.4));
#436 = CARTESIAN_POINT('',(2.324292936424,22.931240405872,2.4));
#437 = CARTESIAN_POINT('',(2.398715009943,21.078525798772,2.4));
#438 = PCURVE('',#258,#439);
#439 = DEFINITIONAL_REPRESENTATION('',(#440),#444);
#440 = LINE('',#441,#442);
#441 = CARTESIAN_POINT('',(0.,-2.4));
#442 = VECTOR('',#443,1.);
#443 = DIRECTION('',(1.,0.));
#444 = ( GEOMETRIC_REPRESENTATION_CONTEXT(2) 
PARAMETRIC_REPRESENTATION_CONTEXT() REPRESENTATION_CONTEXT('2D SPACE',''
  ) );
#445 = PCURVE('',#88,#446);
#446 = DEFINITIONAL_REPRESENTATION('',(#447),#452);
#447 = B_SPLINE_CURVE_WITH_KNOTS('',3,(#448,#449,#450,#451),
  .UNSPECIFIED.,.F.,.F.,(4,4),(0.,1.),.PIECEWISE_BEZIER_KNOTS.);
#448 = CARTESIAN_POINT('',(-1.267362841561,21.346200946752));
#449 = CARTESIAN_POINT('',(0.314459743239,22.313634340121));
#450 = CARTESIAN_POINT('',(2.324292936424,21.23935611696));
#451 = CARTESIAN_POINT('',(2.398715009943,19.386641509861));
#452 = ( GEOMETRIC_REPRESENTATION_CONTEXT(2) 
PARAMETRIC_REPRESENTATION_CONTEXT() REPRESENTATION_CONTEXT('2D SPACE',''
  ) );
#453 = ORIENTED_EDGE('',*,*,#232,.F.);
#454 = ORIENTED_EDGE('',*,*,#455,.F.);
#455 = EDGE_CURVE('',#382,#233,#456,.T.);
#456 = SURFACE_CURVE('',#457,(#462,#469),.PCURVE_S1.);
#457 = B_SPLINE_CURVE_WITH_KNOTS('',3,(#458,#459,#460,#461),
  .UNSPECIFIED.,.F.,.F.,(4,4),(0.,1.),.PIECEWISE_BEZIER_KNOTS.);
#458 = CARTESIAN_POINT('',(-1.267362841561,23.038085235664,0.));
#459 = CARTESIAN_POINT('',(0.314459743238,24.005518629033,0.));
#460 = CARTESIAN_POINT('',(2.324292936424,22.931240405872,0.));
#461 = CARTESIAN_POINT('',(2.398715009943,21.078525798772,0.));
#462 = PCURVE('',#258,#463);
#463 = DEFINITIONAL_REPRESENTATION('',(#464),#468);
#464 = LINE('',#465,#466);
#465 = CARTESIAN_POINT('',(0.,0.));
#466 = VECTOR('',#467,1.);
#467 = DIRECTION('',(1.,0.));
#468 = ( GEOMETRIC_REPRESENTATION_CONTEXT(2) 
PARAMETRIC_REPRESENTATION_CONTEXT() REPRESENTATION_CONTEXT('2D SPACE',''
  ) );
#469 = PCURVE('',#143,#470);
#470 = DEFINITIONAL_REPRESENTATION('',(#471),#476);
#471 = B_SPLINE_CURVE_WITH_KNOTS('',3,(#472,#473,#474,#475),
  .UNSPECIFIED.,.F.,.F.,(4,4),(0.,1.),.PIECEWISE_BEZIER_KNOTS.);
#472 = CARTESIAN_POINT('',(-1.267362841561,21.346200946752));
#473 = CARTESIAN_POINT('',(0.314459743239,22.313634340121));
#474 = CARTESIAN_POINT('',(2.324292936424,21.23935611696));
#475 = CARTESIAN_POINT('',(2.398715009943,19.386641509861));
#476 = ( GEOMETRIC_REPRESENTATION_CONTEXT(2) 
PARAMETRIC_REPRESENTATION_CONTEXT() REPRESENTATION_CONTEXT('2D SPACE',''
  ) );
#477 = ADVANCED_FACE('',(#478,#482),#143,.F.);
#478 = FACE_BOUND('',#479,.F.);
#479 = EDGE_LOOP('',(#480,#481));
#480 = ORIENTED_EDGE('',*,*,#126,.T.);
#481 = ORIENTED_EDGE('',*,*,#196,.T.);
#482 = FACE_BOUND('',#483,.F.);
#483 = EDGE_LOOP('',(#484,#485,#486));
#484 = ORIENTED_EDGE('',*,*,#329,.T.);
#485 = ORIENTED_EDGE('',*,*,#404,.T.);
#486 = ORIENTED_EDGE('',*,*,#455,.T.);
#487 = ADVANCED_FACE('',(#488,#492),#88,.T.);
#488 = FACE_BOUND('',#489,.T.);
#489 = EDGE_LOOP('',(#490,#491));
#490 = ORIENTED_EDGE('',*,*,#69,.T.);
#491 = ORIENTED_EDGE('',*,*,#162,.T.);
#492 = FACE_BOUND('',#493,.T.);
#493 = EDGE_LOOP('',(#494,#495,#496));
#494 = ORIENTED_EDGE('',*,*,#273,.T.);
#495 = ORIENTED_EDGE('',*,*,#356,.T.);
#496 = ORIENTED_EDGE('',*,*,#431,.T.);
#497 = ( GEOMETRIC_REPRESENTATION_CONTEXT(3) 
GLOBAL_UNCERTAINTY_ASSIGNED_CONTEXT((#501)) GLOBAL_UNIT_ASSIGNED_CONTEXT
((#498,#499,#500)) REPRESENTATION_CONTEXT('Context #1',
  '3D Context with UNIT and UNCERTAINTY') );
#498 = ( LENGTH_UNIT() NAMED_UNIT(*) SI_UNIT(.MILLI.,.METRE.) );
#499 = ( NAMED_UNIT(*) PLANE_ANGLE_UNIT() SI_UNIT($,.RADIAN.) );
#500 = ( NAMED_UNIT(*) SI_UNIT($,.STERADIAN.) SOLID_ANGLE_UNIT() );
#501 = UNCERTAINTY_MEASURE_WITH_UNIT(LENGTH_MEASURE(1.E-07),#498,
  'distance_accuracy_value','confusion accuracy');
#502 = PRODUCT_RELATED_PRODUCT_CATEGORY('part',$,(#7));
#503 = SHAPE_DEFINITION_REPRESENTATION(#504,#510);
#504 = PRODUCT_DEFINITION_SHAPE('','',#505);
#505 = PRODUCT_DEFINITION('design','',#506,#509);
#506 = PRODUCT_DEFINITION_FORMATION('','',#507);
#507 = PRODUCT('cones, O blue','cones, O blue','',(#508));
#508 = PRODUCT_CONTEXT('',#2,'mechanical');
#509 = PRODUCT_DEFINITION_CONTEXT('part definition',#2,'design');
#510 = SHAPE_REPRESENTATION('',(#11,#511,#1615),#2059);
#511 = MANIFOLD_SOLID_BREP('',#512);
#512 = CLOSED_SHELL('',(#513,#646,#729,#812,#895,#975,#1051,#1129,#1208,
    #1291,#1374,#1457,#1532,#1583,#1599));
#513 = ADVANCED_FACE('',(#514),#528,.T.);
#514 = FACE_BOUND('',#515,.T.);
#515 = EDGE_LOOP('',(#516,#557,#587,#618));
#516 = ORIENTED_EDGE('',*,*,#517,.T.);
#517 = EDGE_CURVE('',#518,#520,#522,.T.);
#518 = VERTEX_POINT('',#519);
#519 = CARTESIAN_POINT('',(10.987573986346,10.972766012567,2.4));
#520 = VERTEX_POINT('',#521);
#521 = CARTESIAN_POINT('',(10.987573986346,10.972766012567,3.6));
#522 = SURFACE_CURVE('',#523,(#527,#542),.PCURVE_S1.);
#523 = LINE('',#524,#525);
#524 = CARTESIAN_POINT('',(10.987573986346,10.972766012567,2.4));
#525 = VECTOR('',#526,1.);
#526 = DIRECTION('',(0.,0.,1.));
#527 = PCURVE('',#528,#536);
#528 = SURFACE_OF_LINEAR_EXTRUSION('',#529,#534);
#529 = B_SPLINE_CURVE_WITH_KNOTS('',3,(#530,#531,#532,#533),
  .UNSPECIFIED.,.F.,.F.,(4,4),(0.,1.),.PIECEWISE_BEZIER_KNOTS.);
#530 = CARTESIAN_POINT('',(10.987573986346,10.972766012567,2.4));
#531 = CARTESIAN_POINT('',(11.000837246984,10.95950275193,2.4));
#532 = CARTESIAN_POINT('',(11.010701043792,10.891787904312,2.4));
#533 = CARTESIAN_POINT('',(11.013414952799,10.839115651563,2.4));
#534 = VECTOR('',#535,1.);
#535 = DIRECTION('',(-0.,-0.,-1.));
#536 = DEFINITIONAL_REPRESENTATION('',(#537),#541);
#537 = LINE('',#538,#539);
#538 = CARTESIAN_POINT('',(0.,0.));
#539 = VECTOR('',#540,1.);
#540 = DIRECTION('',(0.,-1.));
#541 = ( GEOMETRIC_REPRESENTATION_CONTEXT(2) 
PARAMETRIC_REPRESENTATION_CONTEXT() REPRESENTATION_CONTEXT('2D SPACE',''
  ) );
#542 = PCURVE('',#543,#551);
#543 = SURFACE_OF_LINEAR_EXTRUSION('',#544,#549);
#544 = B_SPLINE_CURVE_WITH_KNOTS('',3,(#545,#546,#547,#548),
  .UNSPECIFIED.,.F.,.F.,(4,4),(0.,1.),.PIECEWISE_BEZIER_KNOTS.);
#545 = CARTESIAN_POINT('',(10.853923625342,10.99860697902,2.4));
#546 = CARTESIAN_POINT('',(10.906595878091,10.995893070014,2.4));
#547 = CARTESIAN_POINT('',(10.974310725709,10.986029273205,2.4));
#548 = CARTESIAN_POINT('',(10.987573986346,10.972766012567,2.4));
#549 = VECTOR('',#550,1.);
#550 = DIRECTION('',(-0.,-0.,-1.));
#551 = DEFINITIONAL_REPRESENTATION('',(#552),#556);
#552 = LINE('',#553,#554);
#553 = CARTESIAN_POINT('',(1.,0.));
#554 = VECTOR('',#555,1.);
#555 = DIRECTION('',(0.,-1.));
#556 = ( GEOMETRIC_REPRESENTATION_CONTEXT(2) 
PARAMETRIC_REPRESENTATION_CONTEXT() REPRESENTATION_CONTEXT('2D SPACE',''
  ) );
#557 = ORIENTED_EDGE('',*,*,#558,.T.);
#558 = EDGE_CURVE('',#520,#559,#561,.T.);
#559 = VERTEX_POINT('',#560);
#560 = CARTESIAN_POINT('',(11.013414952799,10.839115651563,3.6));
#561 = SURFACE_CURVE('',#562,(#567,#574),.PCURVE_S1.);
#562 = B_SPLINE_CURVE_WITH_KNOTS('',3,(#563,#564,#565,#566),
  .UNSPECIFIED.,.F.,.F.,(4,4),(0.,1.),.PIECEWISE_BEZIER_KNOTS.);
#563 = CARTESIAN_POINT('',(10.987573986346,10.972766012567,3.6));
#564 = CARTESIAN_POINT('',(11.000837246984,10.95950275193,3.6));
#565 = CARTESIAN_POINT('',(11.010701043792,10.891787904312,3.6));
#566 = CARTESIAN_POINT('',(11.013414952799,10.839115651563,3.6));
#567 = PCURVE('',#528,#568);
#568 = DEFINITIONAL_REPRESENTATION('',(#569),#573);
#569 = LINE('',#570,#571);
#570 = CARTESIAN_POINT('',(0.,-1.2));
#571 = VECTOR('',#572,1.);
#572 = DIRECTION('',(1.,0.));
#573 = ( GEOMETRIC_REPRESENTATION_CONTEXT(2) 
PARAMETRIC_REPRESENTATION_CONTEXT() REPRESENTATION_CONTEXT('2D SPACE',''
  ) );
#574 = PCURVE('',#575,#580);
#575 = PLANE('',#576);
#576 = AXIS2_PLACEMENT_3D('',#577,#578,#579);
#577 = CARTESIAN_POINT('',(4.175617268843,4.160809295064,3.6));
#578 = DIRECTION('',(0.,0.,1.));
#579 = DIRECTION('',(1.,0.,-0.));
#580 = DEFINITIONAL_REPRESENTATION('',(#581),#586);
#581 = B_SPLINE_CURVE_WITH_KNOTS('',3,(#582,#583,#584,#585),
  .UNSPECIFIED.,.F.,.F.,(4,4),(0.,1.),.PIECEWISE_BEZIER_KNOTS.);
#582 = CARTESIAN_POINT('',(6.811956717504,6.811956717504));
#583 = CARTESIAN_POINT('',(6.825219978141,6.798693456866));
#584 = CARTESIAN_POINT('',(6.83508377495,6.730978609249));
#585 = CARTESIAN_POINT('',(6.837797683957,6.678306356499));
#586 = ( GEOMETRIC_REPRESENTATION_CONTEXT(2) 
PARAMETRIC_REPRESENTATION_CONTEXT() REPRESENTATION_CONTEXT('2D SPACE',''
  ) );
#587 = ORIENTED_EDGE('',*,*,#588,.F.);
#588 = EDGE_CURVE('',#589,#559,#591,.T.);
#589 = VERTEX_POINT('',#590);
#590 = CARTESIAN_POINT('',(11.013414952799,10.839115651563,2.4));
#591 = SURFACE_CURVE('',#592,(#596,#603),.PCURVE_S1.);
#592 = LINE('',#593,#594);
#593 = CARTESIAN_POINT('',(11.013414952799,10.839115651563,2.4));
#594 = VECTOR('',#595,1.);
#595 = DIRECTION('',(0.,0.,1.));
#596 = PCURVE('',#528,#597);
#597 = DEFINITIONAL_REPRESENTATION('',(#598),#602);
#598 = LINE('',#599,#600);
#599 = CARTESIAN_POINT('',(1.,0.));
#600 = VECTOR('',#601,1.);
#601 = DIRECTION('',(0.,-1.));
#602 = ( GEOMETRIC_REPRESENTATION_CONTEXT(2) 
PARAMETRIC_REPRESENTATION_CONTEXT() REPRESENTATION_CONTEXT('2D SPACE',''
  ) );
#603 = PCURVE('',#604,#612);
#604 = SURFACE_OF_LINEAR_EXTRUSION('',#605,#610);
#605 = B_SPLINE_CURVE_WITH_KNOTS('',3,(#606,#607,#608,#609),
  .UNSPECIFIED.,.F.,.F.,(4,4),(0.,1.),.PIECEWISE_BEZIER_KNOTS.);
#606 = CARTESIAN_POINT('',(11.013414952799,10.839115651563,2.4));
#607 = CARTESIAN_POINT('',(11.022726401194,10.658396636282,2.4));
#608 = CARTESIAN_POINT('',(10.983802145749,10.408992271179,2.4));
#609 = CARTESIAN_POINT('',(10.943278462233,10.208491077542,2.4));
#610 = VECTOR('',#611,1.);
#611 = DIRECTION('',(-0.,-0.,-1.));
#612 = DEFINITIONAL_REPRESENTATION('',(#613),#617);
#613 = LINE('',#614,#615);
#614 = CARTESIAN_POINT('',(0.,0.));
#615 = VECTOR('',#616,1.);
#616 = DIRECTION('',(0.,-1.));
#617 = ( GEOMETRIC_REPRESENTATION_CONTEXT(2) 
PARAMETRIC_REPRESENTATION_CONTEXT() REPRESENTATION_CONTEXT('2D SPACE',''
  ) );
#618 = ORIENTED_EDGE('',*,*,#619,.F.);
#619 = EDGE_CURVE('',#518,#589,#620,.T.);
#620 = SURFACE_CURVE('',#621,(#626,#633),.PCURVE_S1.);
#621 = B_SPLINE_CURVE_WITH_KNOTS('',3,(#622,#623,#624,#625),
  .UNSPECIFIED.,.F.,.F.,(4,4),(0.,1.),.PIECEWISE_BEZIER_KNOTS.);
#622 = CARTESIAN_POINT('',(10.987573986346,10.972766012567,2.4));
#623 = CARTESIAN_POINT('',(11.000837246984,10.95950275193,2.4));
#624 = CARTESIAN_POINT('',(11.010701043792,10.891787904312,2.4));
#625 = CARTESIAN_POINT('',(11.013414952799,10.839115651563,2.4));
#626 = PCURVE('',#528,#627);
#627 = DEFINITIONAL_REPRESENTATION('',(#628),#632);
#628 = LINE('',#629,#630);
#629 = CARTESIAN_POINT('',(0.,0.));
#630 = VECTOR('',#631,1.);
#631 = DIRECTION('',(1.,0.));
#632 = ( GEOMETRIC_REPRESENTATION_CONTEXT(2) 
PARAMETRIC_REPRESENTATION_CONTEXT() REPRESENTATION_CONTEXT('2D SPACE',''
  ) );
#633 = PCURVE('',#634,#639);
#634 = PLANE('',#635);
#635 = AXIS2_PLACEMENT_3D('',#636,#637,#638);
#636 = CARTESIAN_POINT('',(4.175617268843,4.160809295064,2.4));
#637 = DIRECTION('',(0.,0.,1.));
#638 = DIRECTION('',(1.,0.,-0.));
#639 = DEFINITIONAL_REPRESENTATION('',(#640),#645);
#640 = B_SPLINE_CURVE_WITH_KNOTS('',3,(#641,#642,#643,#644),
  .UNSPECIFIED.,.F.,.F.,(4,4),(0.,1.),.PIECEWISE_BEZIER_KNOTS.);
#641 = CARTESIAN_POINT('',(6.811956717504,6.811956717504));
#642 = CARTESIAN_POINT('',(6.825219978141,6.798693456866));
#643 = CARTESIAN_POINT('',(6.83508377495,6.730978609249));
#644 = CARTESIAN_POINT('',(6.837797683957,6.678306356499));
#645 = ( GEOMETRIC_REPRESENTATION_CONTEXT(2) 
PARAMETRIC_REPRESENTATION_CONTEXT() REPRESENTATION_CONTEXT('2D SPACE',''
  ) );
#646 = ADVANCED_FACE('',(#647),#604,.T.);
#647 = FACE_BOUND('',#648,.T.);
#648 = EDGE_LOOP('',(#649,#650,#675,#706));
#649 = ORIENTED_EDGE('',*,*,#588,.T.);
#650 = ORIENTED_EDGE('',*,*,#651,.T.);
#651 = EDGE_CURVE('',#559,#652,#654,.T.);
#652 = VERTEX_POINT('',#653);
#653 = CARTESIAN_POINT('',(10.943278462233,10.208491077542,3.6));
#654 = SURFACE_CURVE('',#655,(#660,#667),.PCURVE_S1.);
#655 = B_SPLINE_CURVE_WITH_KNOTS('',3,(#656,#657,#658,#659),
  .UNSPECIFIED.,.F.,.F.,(4,4),(0.,1.),.PIECEWISE_BEZIER_KNOTS.);
#656 = CARTESIAN_POINT('',(11.013414952799,10.839115651563,3.6));
#657 = CARTESIAN_POINT('',(11.022726401194,10.658396636282,3.6));
#658 = CARTESIAN_POINT('',(10.983802145749,10.408992271179,3.6));
#659 = CARTESIAN_POINT('',(10.943278462233,10.208491077542,3.6));
#660 = PCURVE('',#604,#661);
#661 = DEFINITIONAL_REPRESENTATION('',(#662),#666);
#662 = LINE('',#663,#664);
#663 = CARTESIAN_POINT('',(0.,-1.2));
#664 = VECTOR('',#665,1.);
#665 = DIRECTION('',(1.,0.));
#666 = ( GEOMETRIC_REPRESENTATION_CONTEXT(2) 
PARAMETRIC_REPRESENTATION_CONTEXT() REPRESENTATION_CONTEXT('2D SPACE',''
  ) );
#667 = PCURVE('',#575,#668);
#668 = DEFINITIONAL_REPRESENTATION('',(#669),#674);
#669 = B_SPLINE_CURVE_WITH_KNOTS('',3,(#670,#671,#672,#673),
  .UNSPECIFIED.,.F.,.F.,(4,4),(0.,1.),.PIECEWISE_BEZIER_KNOTS.);
#670 = CARTESIAN_POINT('',(6.837797683957,6.678306356499));
#671 = CARTESIAN_POINT('',(6.847109132351,6.497587341218));
#672 = CARTESIAN_POINT('',(6.808184876906,6.248182976115));
#673 = CARTESIAN_POINT('',(6.76766119339,6.047681782479));
#674 = ( GEOMETRIC_REPRESENTATION_CONTEXT(2) 
PARAMETRIC_REPRESENTATION_CONTEXT() REPRESENTATION_CONTEXT('2D SPACE',''
  ) );
#675 = ORIENTED_EDGE('',*,*,#676,.F.);
#676 = EDGE_CURVE('',#677,#652,#679,.T.);
#677 = VERTEX_POINT('',#678);
#678 = CARTESIAN_POINT('',(10.943278462233,10.208491077542,2.4));
#679 = SURFACE_CURVE('',#680,(#684,#691),.PCURVE_S1.);
#680 = LINE('',#681,#682);
#681 = CARTESIAN_POINT('',(10.943278462233,10.208491077542,2.4));
#682 = VECTOR('',#683,1.);
#683 = DIRECTION('',(0.,0.,1.));
#684 = PCURVE('',#604,#685);
#685 = DEFINITIONAL_REPRESENTATION('',(#686),#690);
#686 = LINE('',#687,#688);
#687 = CARTESIAN_POINT('',(1.,0.));
#688 = VECTOR('',#689,1.);
#689 = DIRECTION('',(0.,-1.));
#690 = ( GEOMETRIC_REPRESENTATION_CONTEXT(2) 
PARAMETRIC_REPRESENTATION_CONTEXT() REPRESENTATION_CONTEXT('2D SPACE',''
  ) );
#691 = PCURVE('',#692,#700);
#692 = SURFACE_OF_LINEAR_EXTRUSION('',#693,#698);
#693 = B_SPLINE_CURVE_WITH_KNOTS('',3,(#694,#695,#696,#697),
  .UNSPECIFIED.,.F.,.F.,(4,4),(0.,1.),.PIECEWISE_BEZIER_KNOTS.);
#694 = CARTESIAN_POINT('',(10.943278462233,10.208491077542,2.4));
#695 = CARTESIAN_POINT('',(10.82691203062,9.632738667753,2.4));
#696 = CARTESIAN_POINT('',(10.615673126146,8.993703835549,2.4));
#697 = CARTESIAN_POINT('',(10.374274146742,8.351784015618,2.4));
#698 = VECTOR('',#699,1.);
#699 = DIRECTION('',(-0.,-0.,-1.));
#700 = DEFINITIONAL_REPRESENTATION('',(#701),#705);
#701 = LINE('',#702,#703);
#702 = CARTESIAN_POINT('',(0.,0.));
#703 = VECTOR('',#704,1.);
#704 = DIRECTION('',(0.,-1.));
#705 = ( GEOMETRIC_REPRESENTATION_CONTEXT(2) 
PARAMETRIC_REPRESENTATION_CONTEXT() REPRESENTATION_CONTEXT('2D SPACE',''
  ) );
#706 = ORIENTED_EDGE('',*,*,#707,.F.);
#707 = EDGE_CURVE('',#589,#677,#708,.T.);
#708 = SURFACE_CURVE('',#709,(#714,#721),.PCURVE_S1.);
#709 = B_SPLINE_CURVE_WITH_KNOTS('',3,(#710,#711,#712,#713),
  .UNSPECIFIED.,.F.,.F.,(4,4),(0.,1.),.PIECEWISE_BEZIER_KNOTS.);
#710 = CARTESIAN_POINT('',(11.013414952799,10.839115651563,2.4));
#711 = CARTESIAN_POINT('',(11.022726401194,10.658396636282,2.4));
#712 = CARTESIAN_POINT('',(10.983802145749,10.408992271179,2.4));
#713 = CARTESIAN_POINT('',(10.943278462233,10.208491077542,2.4));
#714 = PCURVE('',#604,#715);
#715 = DEFINITIONAL_REPRESENTATION('',(#716),#720);
#716 = LINE('',#717,#718);
#717 = CARTESIAN_POINT('',(0.,0.));
#718 = VECTOR('',#719,1.);
#719 = DIRECTION('',(1.,0.));
#720 = ( GEOMETRIC_REPRESENTATION_CONTEXT(2) 
PARAMETRIC_REPRESENTATION_CONTEXT() REPRESENTATION_CONTEXT('2D SPACE',''
  ) );
#721 = PCURVE('',#634,#722);
#722 = DEFINITIONAL_REPRESENTATION('',(#723),#728);
#723 = B_SPLINE_CURVE_WITH_KNOTS('',3,(#724,#725,#726,#727),
  .UNSPECIFIED.,.F.,.F.,(4,4),(0.,1.),.PIECEWISE_BEZIER_KNOTS.);
#724 = CARTESIAN_POINT('',(6.837797683957,6.678306356499));
#725 = CARTESIAN_POINT('',(6.847109132351,6.497587341218));
#726 = CARTESIAN_POINT('',(6.808184876906,6.248182976115));
#727 = CARTESIAN_POINT('',(6.76766119339,6.047681782479));
#728 = ( GEOMETRIC_REPRESENTATION_CONTEXT(2) 
PARAMETRIC_REPRESENTATION_CONTEXT() REPRESENTATION_CONTEXT('2D SPACE',''
  ) );
#729 = ADVANCED_FACE('',(#730),#692,.T.);
#730 = FACE_BOUND('',#731,.T.);
#731 = EDGE_LOOP('',(#732,#733,#758,#789));
#732 = ORIENTED_EDGE('',*,*,#676,.T.);
#733 = ORIENTED_EDGE('',*,*,#734,.T.);
#734 = EDGE_CURVE('',#652,#735,#737,.T.);
#735 = VERTEX_POINT('',#736);
#736 = CARTESIAN_POINT('',(10.374274146742,8.351784015618,3.6));
#737 = SURFACE_CURVE('',#738,(#743,#750),.PCURVE_S1.);
#738 = B_SPLINE_CURVE_WITH_KNOTS('',3,(#739,#740,#741,#742),
  .UNSPECIFIED.,.F.,.F.,(4,4),(0.,1.),.PIECEWISE_BEZIER_KNOTS.);
#739 = CARTESIAN_POINT('',(10.943278462233,10.208491077542,3.6));
#740 = CARTESIAN_POINT('',(10.82691203062,9.632738667753,3.6));
#741 = CARTESIAN_POINT('',(10.615673126146,8.993703835549,3.6));
#742 = CARTESIAN_POINT('',(10.374274146742,8.351784015618,3.6));
#743 = PCURVE('',#692,#744);
#744 = DEFINITIONAL_REPRESENTATION('',(#745),#749);
#745 = LINE('',#746,#747);
#746 = CARTESIAN_POINT('',(0.,-1.2));
#747 = VECTOR('',#748,1.);
#748 = DIRECTION('',(1.,0.));
#749 = ( GEOMETRIC_REPRESENTATION_CONTEXT(2) 
PARAMETRIC_REPRESENTATION_CONTEXT() REPRESENTATION_CONTEXT('2D SPACE',''
  ) );
#750 = PCURVE('',#575,#751);
#751 = DEFINITIONAL_REPRESENTATION('',(#752),#757);
#752 = B_SPLINE_CURVE_WITH_KNOTS('',3,(#753,#754,#755,#756),
  .UNSPECIFIED.,.F.,.F.,(4,4),(0.,1.),.PIECEWISE_BEZIER_KNOTS.);
#753 = CARTESIAN_POINT('',(6.76766119339,6.047681782479));
#754 = CARTESIAN_POINT('',(6.651294761777,5.471929372689));
#755 = CARTESIAN_POINT('',(6.440055857304,4.832894540485));
#756 = CARTESIAN_POINT('',(6.1986568779,4.190974720554));
#757 = ( GEOMETRIC_REPRESENTATION_CONTEXT(2) 
PARAMETRIC_REPRESENTATION_CONTEXT() REPRESENTATION_CONTEXT('2D SPACE',''
  ) );
#758 = ORIENTED_EDGE('',*,*,#759,.F.);
#759 = EDGE_CURVE('',#760,#735,#762,.T.);
#760 = VERTEX_POINT('',#761);
#761 = CARTESIAN_POINT('',(10.374274146742,8.351784015618,2.4));
#762 = SURFACE_CURVE('',#763,(#767,#774),.PCURVE_S1.);
#763 = LINE('',#764,#765);
#764 = CARTESIAN_POINT('',(10.374274146742,8.351784015618,2.4));
#765 = VECTOR('',#766,1.);
#766 = DIRECTION('',(0.,0.,1.));
#767 = PCURVE('',#692,#768);
#768 = DEFINITIONAL_REPRESENTATION('',(#769),#773);
#769 = LINE('',#770,#771);
#770 = CARTESIAN_POINT('',(1.,0.));
#771 = VECTOR('',#772,1.);
#772 = DIRECTION('',(0.,-1.));
#773 = ( GEOMETRIC_REPRESENTATION_CONTEXT(2) 
PARAMETRIC_REPRESENTATION_CONTEXT() REPRESENTATION_CONTEXT('2D SPACE',''
  ) );
#774 = PCURVE('',#775,#783);
#775 = SURFACE_OF_LINEAR_EXTRUSION('',#776,#781);
#776 = B_SPLINE_CURVE_WITH_KNOTS('',3,(#777,#778,#779,#780),
  .UNSPECIFIED.,.F.,.F.,(4,4),(0.,1.),.PIECEWISE_BEZIER_KNOTS.);
#777 = CARTESIAN_POINT('',(10.374274146742,8.351784015618,2.4));
#778 = CARTESIAN_POINT('',(9.880225340797,7.038026512034,2.4));
#779 = CARTESIAN_POINT('',(9.213260981966,5.611518019968,2.4));
#780 = CARTESIAN_POINT('',(8.421313581818,4.105704393814,2.4));
#781 = VECTOR('',#782,1.);
#782 = DIRECTION('',(-0.,-0.,-1.));
#783 = DEFINITIONAL_REPRESENTATION('',(#784),#788);
#784 = LINE('',#785,#786);
#785 = CARTESIAN_POINT('',(0.,0.));
#786 = VECTOR('',#787,1.);
#787 = DIRECTION('',(0.,-1.));
#788 = ( GEOMETRIC_REPRESENTATION_CONTEXT(2) 
PARAMETRIC_REPRESENTATION_CONTEXT() REPRESENTATION_CONTEXT('2D SPACE',''
  ) );
#789 = ORIENTED_EDGE('',*,*,#790,.F.);
#790 = EDGE_CURVE('',#677,#760,#791,.T.);
#791 = SURFACE_CURVE('',#792,(#797,#804),.PCURVE_S1.);
#792 = B_SPLINE_CURVE_WITH_KNOTS('',3,(#793,#794,#795,#796),
  .UNSPECIFIED.,.F.,.F.,(4,4),(0.,1.),.PIECEWISE_BEZIER_KNOTS.);
#793 = CARTESIAN_POINT('',(10.943278462233,10.208491077542,2.4));
#794 = CARTESIAN_POINT('',(10.82691203062,9.632738667753,2.4));
#795 = CARTESIAN_POINT('',(10.615673126146,8.993703835549,2.4));
#796 = CARTESIAN_POINT('',(10.374274146742,8.351784015618,2.4));
#797 = PCURVE('',#692,#798);
#798 = DEFINITIONAL_REPRESENTATION('',(#799),#803);
#799 = LINE('',#800,#801);
#800 = CARTESIAN_POINT('',(0.,0.));
#801 = VECTOR('',#802,1.);
#802 = DIRECTION('',(1.,0.));
#803 = ( GEOMETRIC_REPRESENTATION_CONTEXT(2) 
PARAMETRIC_REPRESENTATION_CONTEXT() REPRESENTATION_CONTEXT('2D SPACE',''
  ) );
#804 = PCURVE('',#634,#805);
#805 = DEFINITIONAL_REPRESENTATION('',(#806),#811);
#806 = B_SPLINE_CURVE_WITH_KNOTS('',3,(#807,#808,#809,#810),
  .UNSPECIFIED.,.F.,.F.,(4,4),(0.,1.),.PIECEWISE_BEZIER_KNOTS.);
#807 = CARTESIAN_POINT('',(6.76766119339,6.047681782479));
#808 = CARTESIAN_POINT('',(6.651294761777,5.471929372689));
#809 = CARTESIAN_POINT('',(6.440055857304,4.832894540485));
#810 = CARTESIAN_POINT('',(6.1986568779,4.190974720554));
#811 = ( GEOMETRIC_REPRESENTATION_CONTEXT(2) 
PARAMETRIC_REPRESENTATION_CONTEXT() REPRESENTATION_CONTEXT('2D SPACE',''
  ) );
#812 = ADVANCED_FACE('',(#813),#775,.T.);
#813 = FACE_BOUND('',#814,.T.);
#814 = EDGE_LOOP('',(#815,#816,#841,#872));
#815 = ORIENTED_EDGE('',*,*,#759,.T.);
#816 = ORIENTED_EDGE('',*,*,#817,.T.);
#817 = EDGE_CURVE('',#735,#818,#820,.T.);
#818 = VERTEX_POINT('',#819);
#819 = CARTESIAN_POINT('',(8.421313581818,4.105704393814,3.6));
#820 = SURFACE_CURVE('',#821,(#826,#833),.PCURVE_S1.);
#821 = B_SPLINE_CURVE_WITH_KNOTS('',3,(#822,#823,#824,#825),
  .UNSPECIFIED.,.F.,.F.,(4,4),(0.,1.),.PIECEWISE_BEZIER_KNOTS.);
#822 = CARTESIAN_POINT('',(10.374274146742,8.351784015618,3.6));
#823 = CARTESIAN_POINT('',(9.880225340797,7.038026512034,3.6));
#824 = CARTESIAN_POINT('',(9.213260981966,5.611518019968,3.6));
#825 = CARTESIAN_POINT('',(8.421313581818,4.105704393814,3.6));
#826 = PCURVE('',#775,#827);
#827 = DEFINITIONAL_REPRESENTATION('',(#828),#832);
#828 = LINE('',#829,#830);
#829 = CARTESIAN_POINT('',(0.,-1.2));
#830 = VECTOR('',#831,1.);
#831 = DIRECTION('',(1.,0.));
#832 = ( GEOMETRIC_REPRESENTATION_CONTEXT(2) 
PARAMETRIC_REPRESENTATION_CONTEXT() REPRESENTATION_CONTEXT('2D SPACE',''
  ) );
#833 = PCURVE('',#575,#834);
#834 = DEFINITIONAL_REPRESENTATION('',(#835),#840);
#835 = B_SPLINE_CURVE_WITH_KNOTS('',3,(#836,#837,#838,#839),
  .UNSPECIFIED.,.F.,.F.,(4,4),(0.,1.),.PIECEWISE_BEZIER_KNOTS.);
#836 = CARTESIAN_POINT('',(6.1986568779,4.190974720554));
#837 = CARTESIAN_POINT('',(5.704608071954,2.877217216971));
#838 = CARTESIAN_POINT('',(5.037643713123,1.450708724905));
#839 = CARTESIAN_POINT('',(4.245696312975,-5.510490124992E-02));
#840 = ( GEOMETRIC_REPRESENTATION_CONTEXT(2) 
PARAMETRIC_REPRESENTATION_CONTEXT() REPRESENTATION_CONTEXT('2D SPACE',''
  ) );
#841 = ORIENTED_EDGE('',*,*,#842,.F.);
#842 = EDGE_CURVE('',#843,#818,#845,.T.);
#843 = VERTEX_POINT('',#844);
#844 = CARTESIAN_POINT('',(8.421313581818,4.105704393814,2.4));
#845 = SURFACE_CURVE('',#846,(#850,#857),.PCURVE_S1.);
#846 = LINE('',#847,#848);
#847 = CARTESIAN_POINT('',(8.421313581818,4.105704393814,2.4));
#848 = VECTOR('',#849,1.);
#849 = DIRECTION('',(0.,0.,1.));
#850 = PCURVE('',#775,#851);
#851 = DEFINITIONAL_REPRESENTATION('',(#852),#856);
#852 = LINE('',#853,#854);
#853 = CARTESIAN_POINT('',(1.,0.));
#854 = VECTOR('',#855,1.);
#855 = DIRECTION('',(0.,-1.));
#856 = ( GEOMETRIC_REPRESENTATION_CONTEXT(2) 
PARAMETRIC_REPRESENTATION_CONTEXT() REPRESENTATION_CONTEXT('2D SPACE',''
  ) );
#857 = PCURVE('',#858,#866);
#858 = SURFACE_OF_LINEAR_EXTRUSION('',#859,#864);
#859 = B_SPLINE_CURVE_WITH_KNOTS('',3,(#860,#861,#862,#863),
  .UNSPECIFIED.,.F.,.F.,(4,4),(0.,1.),.PIECEWISE_BEZIER_KNOTS.);
#860 = CARTESIAN_POINT('',(8.421313581818,4.105704393814,2.4));
#861 = CARTESIAN_POINT('',(6.791279421887,1.006347481142,2.4));
#862 = CARTESIAN_POINT('',(4.820442232095,-1.99739617056,2.4));
#863 = CARTESIAN_POINT('',(3.258149051222,-4.077158042177,2.4));
#864 = VECTOR('',#865,1.);
#865 = DIRECTION('',(-0.,-0.,-1.));
#866 = DEFINITIONAL_REPRESENTATION('',(#867),#871);
#867 = LINE('',#868,#869);
#868 = CARTESIAN_POINT('',(0.,0.));
#869 = VECTOR('',#870,1.);
#870 = DIRECTION('',(0.,-1.));
#871 = ( GEOMETRIC_REPRESENTATION_CONTEXT(2) 
PARAMETRIC_REPRESENTATION_CONTEXT() REPRESENTATION_CONTEXT('2D SPACE',''
  ) );
#872 = ORIENTED_EDGE('',*,*,#873,.F.);
#873 = EDGE_CURVE('',#760,#843,#874,.T.);
#874 = SURFACE_CURVE('',#875,(#880,#887),.PCURVE_S1.);
#875 = B_SPLINE_CURVE_WITH_KNOTS('',3,(#876,#877,#878,#879),
  .UNSPECIFIED.,.F.,.F.,(4,4),(0.,1.),.PIECEWISE_BEZIER_KNOTS.);
#876 = CARTESIAN_POINT('',(10.374274146742,8.351784015618,2.4));
#877 = CARTESIAN_POINT('',(9.880225340797,7.038026512034,2.4));
#878 = CARTESIAN_POINT('',(9.213260981966,5.611518019968,2.4));
#879 = CARTESIAN_POINT('',(8.421313581818,4.105704393814,2.4));
#880 = PCURVE('',#775,#881);
#881 = DEFINITIONAL_REPRESENTATION('',(#882),#886);
#882 = LINE('',#883,#884);
#883 = CARTESIAN_POINT('',(0.,0.));
#884 = VECTOR('',#885,1.);
#885 = DIRECTION('',(1.,0.));
#886 = ( GEOMETRIC_REPRESENTATION_CONTEXT(2) 
PARAMETRIC_REPRESENTATION_CONTEXT() REPRESENTATION_CONTEXT('2D SPACE',''
  ) );
#887 = PCURVE('',#634,#888);
#888 = DEFINITIONAL_REPRESENTATION('',(#889),#894);
#889 = B_SPLINE_CURVE_WITH_KNOTS('',3,(#890,#891,#892,#893),
  .UNSPECIFIED.,.F.,.F.,(4,4),(0.,1.),.PIECEWISE_BEZIER_KNOTS.);
#890 = CARTESIAN_POINT('',(6.1986568779,4.190974720554));
#891 = CARTESIAN_POINT('',(5.704608071954,2.877217216971));
#892 = CARTESIAN_POINT('',(5.037643713123,1.450708724905));
#893 = CARTESIAN_POINT('',(4.245696312975,-5.510490124992E-02));
#894 = ( GEOMETRIC_REPRESENTATION_CONTEXT(2) 
PARAMETRIC_REPRESENTATION_CONTEXT() REPRESENTATION_CONTEXT('2D SPACE',''
  ) );
#895 = ADVANCED_FACE('',(#896),#858,.T.);
#896 = FACE_BOUND('',#897,.T.);
#897 = EDGE_LOOP('',(#898,#899,#924,#952));
#898 = ORIENTED_EDGE('',*,*,#842,.T.);
#899 = ORIENTED_EDGE('',*,*,#900,.T.);
#900 = EDGE_CURVE('',#818,#901,#903,.T.);
#901 = VERTEX_POINT('',#902);
#902 = CARTESIAN_POINT('',(3.258149051222,-4.077158042177,3.6));
#903 = SURFACE_CURVE('',#904,(#909,#916),.PCURVE_S1.);
#904 = B_SPLINE_CURVE_WITH_KNOTS('',3,(#905,#906,#907,#908),
  .UNSPECIFIED.,.F.,.F.,(4,4),(0.,1.),.PIECEWISE_BEZIER_KNOTS.);
#905 = CARTESIAN_POINT('',(8.421313581818,4.105704393814,3.6));
#906 = CARTESIAN_POINT('',(6.791279421887,1.006347481142,3.6));
#907 = CARTESIAN_POINT('',(4.820442232095,-1.99739617056,3.6));
#908 = CARTESIAN_POINT('',(3.258149051222,-4.077158042177,3.6));
#909 = PCURVE('',#858,#910);
#910 = DEFINITIONAL_REPRESENTATION('',(#911),#915);
#911 = LINE('',#912,#913);
#912 = CARTESIAN_POINT('',(0.,-1.2));
#913 = VECTOR('',#914,1.);
#914 = DIRECTION('',(1.,0.));
#915 = ( GEOMETRIC_REPRESENTATION_CONTEXT(2) 
PARAMETRIC_REPRESENTATION_CONTEXT() REPRESENTATION_CONTEXT('2D SPACE',''
  ) );
#916 = PCURVE('',#575,#917);
#917 = DEFINITIONAL_REPRESENTATION('',(#918),#923);
#918 = B_SPLINE_CURVE_WITH_KNOTS('',3,(#919,#920,#921,#922),
  .UNSPECIFIED.,.F.,.F.,(4,4),(0.,1.),.PIECEWISE_BEZIER_KNOTS.);
#919 = CARTESIAN_POINT('',(4.245696312975,-5.510490124992E-02));
#920 = CARTESIAN_POINT('',(2.615662153045,-3.154461813922));
#921 = CARTESIAN_POINT('',(0.644824963252,-6.158205465624));
#922 = CARTESIAN_POINT('',(-0.917468217621,-8.237967337241));
#923 = ( GEOMETRIC_REPRESENTATION_CONTEXT(2) 
PARAMETRIC_REPRESENTATION_CONTEXT() REPRESENTATION_CONTEXT('2D SPACE',''
  ) );
#924 = ORIENTED_EDGE('',*,*,#925,.F.);
#925 = EDGE_CURVE('',#926,#901,#928,.T.);
#926 = VERTEX_POINT('',#927);
#927 = CARTESIAN_POINT('',(3.258149051222,-4.077158042177,2.4));
#928 = SURFACE_CURVE('',#929,(#933,#940),.PCURVE_S1.);
#929 = LINE('',#930,#931);
#930 = CARTESIAN_POINT('',(3.258149051222,-4.077158042177,2.4));
#931 = VECTOR('',#932,1.);
#932 = DIRECTION('',(0.,0.,1.));
#933 = PCURVE('',#858,#934);
#934 = DEFINITIONAL_REPRESENTATION('',(#935),#939);
#935 = LINE('',#936,#937);
#936 = CARTESIAN_POINT('',(1.,0.));
#937 = VECTOR('',#938,1.);
#938 = DIRECTION('',(0.,-1.));
#939 = ( GEOMETRIC_REPRESENTATION_CONTEXT(2) 
PARAMETRIC_REPRESENTATION_CONTEXT() REPRESENTATION_CONTEXT('2D SPACE',''
  ) );
#940 = PCURVE('',#941,#946);
#941 = PLANE('',#942);
#942 = AXIS2_PLACEMENT_3D('',#943,#944,#945);
#943 = CARTESIAN_POINT('',(3.258149051222,-4.077158042177,2.4));
#944 = DIRECTION('',(-0.707106781187,-0.707106781187,0.));
#945 = DIRECTION('',(-0.707106781187,0.707106781187,0.));
#946 = DEFINITIONAL_REPRESENTATION('',(#947),#951);
#947 = LINE('',#948,#949);
#948 = CARTESIAN_POINT('',(0.,0.));
#949 = VECTOR('',#950,1.);
#950 = DIRECTION('',(0.,-1.));
#951 = ( GEOMETRIC_REPRESENTATION_CONTEXT(2) 
PARAMETRIC_REPRESENTATION_CONTEXT() REPRESENTATION_CONTEXT('2D SPACE',''
  ) );
#952 = ORIENTED_EDGE('',*,*,#953,.F.);
#953 = EDGE_CURVE('',#843,#926,#954,.T.);
#954 = SURFACE_CURVE('',#955,(#960,#967),.PCURVE_S1.);
#955 = B_SPLINE_CURVE_WITH_KNOTS('',3,(#956,#957,#958,#959),
  .UNSPECIFIED.,.F.,.F.,(4,4),(0.,1.),.PIECEWISE_BEZIER_KNOTS.);
#956 = CARTESIAN_POINT('',(8.421313581818,4.105704393814,2.4));
#957 = CARTESIAN_POINT('',(6.791279421887,1.006347481142,2.4));
#958 = CARTESIAN_POINT('',(4.820442232095,-1.99739617056,2.4));
#959 = CARTESIAN_POINT('',(3.258149051222,-4.077158042177,2.4));
#960 = PCURVE('',#858,#961);
#961 = DEFINITIONAL_REPRESENTATION('',(#962),#966);
#962 = LINE('',#963,#964);
#963 = CARTESIAN_POINT('',(0.,0.));
#964 = VECTOR('',#965,1.);
#965 = DIRECTION('',(1.,0.));
#966 = ( GEOMETRIC_REPRESENTATION_CONTEXT(2) 
PARAMETRIC_REPRESENTATION_CONTEXT() REPRESENTATION_CONTEXT('2D SPACE',''
  ) );
#967 = PCURVE('',#634,#968);
#968 = DEFINITIONAL_REPRESENTATION('',(#969),#974);
#969 = B_SPLINE_CURVE_WITH_KNOTS('',3,(#970,#971,#972,#973),
  .UNSPECIFIED.,.F.,.F.,(4,4),(0.,1.),.PIECEWISE_BEZIER_KNOTS.);
#970 = CARTESIAN_POINT('',(4.245696312975,-5.510490124992E-02));
#971 = CARTESIAN_POINT('',(2.615662153045,-3.154461813922));
#972 = CARTESIAN_POINT('',(0.644824963252,-6.158205465624));
#973 = CARTESIAN_POINT('',(-0.917468217621,-8.237967337241));
#974 = ( GEOMETRIC_REPRESENTATION_CONTEXT(2) 
PARAMETRIC_REPRESENTATION_CONTEXT() REPRESENTATION_CONTEXT('2D SPACE',''
  ) );
#975 = ADVANCED_FACE('',(#976),#941,.T.);
#976 = FACE_BOUND('',#977,.T.);
#977 = EDGE_LOOP('',(#978,#979,#1002,#1030));
#978 = ORIENTED_EDGE('',*,*,#925,.T.);
#979 = ORIENTED_EDGE('',*,*,#980,.T.);
#980 = EDGE_CURVE('',#901,#981,#983,.T.);
#981 = VERTEX_POINT('',#982);
#982 = CARTESIAN_POINT('',(2.83388498251,-3.652893973466,3.6));
#983 = SURFACE_CURVE('',#984,(#988,#995),.PCURVE_S1.);
#984 = LINE('',#985,#986);
#985 = CARTESIAN_POINT('',(3.258149051222,-4.077158042177,3.6));
#986 = VECTOR('',#987,1.);
#987 = DIRECTION('',(-0.707106781187,0.707106781187,0.));
#988 = PCURVE('',#941,#989);
#989 = DEFINITIONAL_REPRESENTATION('',(#990),#994);
#990 = LINE('',#991,#992);
#991 = CARTESIAN_POINT('',(0.,-1.2));
#992 = VECTOR('',#993,1.);
#993 = DIRECTION('',(1.,0.));
#994 = ( GEOMETRIC_REPRESENTATION_CONTEXT(2) 
PARAMETRIC_REPRESENTATION_CONTEXT() REPRESENTATION_CONTEXT('2D SPACE',''
  ) );
#995 = PCURVE('',#575,#996);
#996 = DEFINITIONAL_REPRESENTATION('',(#997),#1001);
#997 = LINE('',#998,#999);
#998 = CARTESIAN_POINT('',(-0.917468217621,-8.237967337241));
#999 = VECTOR('',#1000,1.);
#1000 = DIRECTION('',(-0.707106781187,0.707106781187));
#1001 = ( GEOMETRIC_REPRESENTATION_CONTEXT(2) 
PARAMETRIC_REPRESENTATION_CONTEXT() REPRESENTATION_CONTEXT('2D SPACE',''
  ) );
#1002 = ORIENTED_EDGE('',*,*,#1003,.F.);
#1003 = EDGE_CURVE('',#1004,#981,#1006,.T.);
#1004 = VERTEX_POINT('',#1005);
#1005 = CARTESIAN_POINT('',(2.83388498251,-3.652893973466,2.4));
#1006 = SURFACE_CURVE('',#1007,(#1011,#1018),.PCURVE_S1.);
#1007 = LINE('',#1008,#1009);
#1008 = CARTESIAN_POINT('',(2.83388498251,-3.652893973466,2.4));
#1009 = VECTOR('',#1010,1.);
#1010 = DIRECTION('',(0.,0.,1.));
#1011 = PCURVE('',#941,#1012);
#1012 = DEFINITIONAL_REPRESENTATION('',(#1013),#1017);
#1013 = LINE('',#1014,#1015);
#1014 = CARTESIAN_POINT('',(0.6,0.));
#1015 = VECTOR('',#1016,1.);
#1016 = DIRECTION('',(0.,-1.));
#1017 = ( GEOMETRIC_REPRESENTATION_CONTEXT(2) 
PARAMETRIC_REPRESENTATION_CONTEXT() REPRESENTATION_CONTEXT('2D SPACE',''
  ) );
#1018 = PCURVE('',#1019,#1024);
#1019 = CYLINDRICAL_SURFACE('',#1020,5.445196711657);
#1020 = AXIS2_PLACEMENT_3D('',#1021,#1022,#1023);
#1021 = CARTESIAN_POINT('',(-2.488600332628,-2.503408306407,2.4));
#1022 = DIRECTION('',(-0.,-0.,-1.));
#1023 = DIRECTION('',(0.977464285862,-0.211100852353,0.));
#1024 = DEFINITIONAL_REPRESENTATION('',(#1025),#1029);
#1025 = LINE('',#1026,#1027);
#1026 = CARTESIAN_POINT('',(-0.,0.));
#1027 = VECTOR('',#1028,1.);
#1028 = DIRECTION('',(-0.,-1.));
#1029 = ( GEOMETRIC_REPRESENTATION_CONTEXT(2) 
PARAMETRIC_REPRESENTATION_CONTEXT() REPRESENTATION_CONTEXT('2D SPACE',''
  ) );
#1030 = ORIENTED_EDGE('',*,*,#1031,.F.);
#1031 = EDGE_CURVE('',#926,#1004,#1032,.T.);
#1032 = SURFACE_CURVE('',#1033,(#1037,#1044),.PCURVE_S1.);
#1033 = LINE('',#1034,#1035);
#1034 = CARTESIAN_POINT('',(3.258149051222,-4.077158042177,2.4));
#1035 = VECTOR('',#1036,1.);
#1036 = DIRECTION('',(-0.707106781187,0.707106781187,0.));
#1037 = PCURVE('',#941,#1038);
#1038 = DEFINITIONAL_REPRESENTATION('',(#1039),#1043);
#1039 = LINE('',#1040,#1041);
#1040 = CARTESIAN_POINT('',(0.,0.));
#1041 = VECTOR('',#1042,1.);
#1042 = DIRECTION('',(1.,0.));
#1043 = ( GEOMETRIC_REPRESENTATION_CONTEXT(2) 
PARAMETRIC_REPRESENTATION_CONTEXT() REPRESENTATION_CONTEXT('2D SPACE',''
  ) );
#1044 = PCURVE('',#634,#1045);
#1045 = DEFINITIONAL_REPRESENTATION('',(#1046),#1050);
#1046 = LINE('',#1047,#1048);
#1047 = CARTESIAN_POINT('',(-0.917468217621,-8.237967337241));
#1048 = VECTOR('',#1049,1.);
#1049 = DIRECTION('',(-0.707106781187,0.707106781187));
#1050 = ( GEOMETRIC_REPRESENTATION_CONTEXT(2) 
PARAMETRIC_REPRESENTATION_CONTEXT() REPRESENTATION_CONTEXT('2D SPACE',''
  ) );
#1051 = ADVANCED_FACE('',(#1052),#1019,.F.);
#1052 = FACE_BOUND('',#1053,.T.);
#1053 = EDGE_LOOP('',(#1054,#1055,#1079,#1107));
#1054 = ORIENTED_EDGE('',*,*,#1003,.T.);
#1055 = ORIENTED_EDGE('',*,*,#1056,.T.);
#1056 = EDGE_CURVE('',#981,#1057,#1059,.T.);
#1057 = VERTEX_POINT('',#1058);
#1058 = CARTESIAN_POINT('',(-3.638085999687,2.819077008731,3.6));
#1059 = SURFACE_CURVE('',#1060,(#1065,#1072),.PCURVE_S1.);
#1060 = CIRCLE('',#1061,5.445196711657);
#1061 = AXIS2_PLACEMENT_3D('',#1062,#1063,#1064);
#1062 = CARTESIAN_POINT('',(-2.488600332628,-2.503408306407,3.6));
#1063 = DIRECTION('',(0.,0.,1.));
#1064 = DIRECTION('',(0.977464285862,-0.211100852353,0.));
#1065 = PCURVE('',#1019,#1066);
#1066 = DEFINITIONAL_REPRESENTATION('',(#1067),#1071);
#1067 = LINE('',#1068,#1069);
#1068 = CARTESIAN_POINT('',(-0.,-1.2));
#1069 = VECTOR('',#1070,1.);
#1070 = DIRECTION('',(-1.,0.));
#1071 = ( GEOMETRIC_REPRESENTATION_CONTEXT(2) 
PARAMETRIC_REPRESENTATION_CONTEXT() REPRESENTATION_CONTEXT('2D SPACE',''
  ) );
#1072 = PCURVE('',#575,#1073);
#1073 = DEFINITIONAL_REPRESENTATION('',(#1074),#1078);
#1074 = CIRCLE('',#1075,5.445196711657);
#1075 = AXIS2_PLACEMENT_2D('',#1076,#1077);
#1076 = CARTESIAN_POINT('',(-6.664217601471,-6.664217601471));
#1077 = DIRECTION('',(0.977464285862,-0.211100852353));
#1078 = ( GEOMETRIC_REPRESENTATION_CONTEXT(2) 
PARAMETRIC_REPRESENTATION_CONTEXT() REPRESENTATION_CONTEXT('2D SPACE',''
  ) );
#1079 = ORIENTED_EDGE('',*,*,#1080,.F.);
#1080 = EDGE_CURVE('',#1081,#1057,#1083,.T.);
#1081 = VERTEX_POINT('',#1082);
#1082 = CARTESIAN_POINT('',(-3.638085999687,2.819077008731,2.4));
#1083 = SURFACE_CURVE('',#1084,(#1088,#1095),.PCURVE_S1.);
#1084 = LINE('',#1085,#1086);
#1085 = CARTESIAN_POINT('',(-3.638085999687,2.819077008731,2.4));
#1086 = VECTOR('',#1087,1.);
#1087 = DIRECTION('',(0.,0.,1.));
#1088 = PCURVE('',#1019,#1089);
#1089 = DEFINITIONAL_REPRESENTATION('',(#1090),#1094);
#1090 = LINE('',#1091,#1092);
#1091 = CARTESIAN_POINT('',(-1.996198438547,0.));
#1092 = VECTOR('',#1093,1.);
#1093 = DIRECTION('',(-0.,-1.));
#1094 = ( GEOMETRIC_REPRESENTATION_CONTEXT(2) 
PARAMETRIC_REPRESENTATION_CONTEXT() REPRESENTATION_CONTEXT('2D SPACE',''
  ) );
#1095 = PCURVE('',#1096,#1101);
#1096 = PLANE('',#1097);
#1097 = AXIS2_PLACEMENT_3D('',#1098,#1099,#1100);
#1098 = CARTESIAN_POINT('',(-3.638085999687,2.819077008731,2.4));
#1099 = DIRECTION('',(-0.707106781187,-0.707106781187,0.));
#1100 = DIRECTION('',(-0.707106781187,0.707106781187,0.));
#1101 = DEFINITIONAL_REPRESENTATION('',(#1102),#1106);
#1102 = LINE('',#1103,#1104);
#1103 = CARTESIAN_POINT('',(0.,0.));
#1104 = VECTOR('',#1105,1.);
#1105 = DIRECTION('',(0.,-1.));
#1106 = ( GEOMETRIC_REPRESENTATION_CONTEXT(2) 
PARAMETRIC_REPRESENTATION_CONTEXT() REPRESENTATION_CONTEXT('2D SPACE',''
  ) );
#1107 = ORIENTED_EDGE('',*,*,#1108,.F.);
#1108 = EDGE_CURVE('',#1004,#1081,#1109,.T.);
#1109 = SURFACE_CURVE('',#1110,(#1115,#1122),.PCURVE_S1.);
#1110 = CIRCLE('',#1111,5.445196711657);
#1111 = AXIS2_PLACEMENT_3D('',#1112,#1113,#1114);
#1112 = CARTESIAN_POINT('',(-2.488600332628,-2.503408306407,2.4));
#1113 = DIRECTION('',(0.,0.,1.));
#1114 = DIRECTION('',(0.977464285862,-0.211100852353,0.));
#1115 = PCURVE('',#1019,#1116);
#1116 = DEFINITIONAL_REPRESENTATION('',(#1117),#1121);
#1117 = LINE('',#1118,#1119);
#1118 = CARTESIAN_POINT('',(-0.,0.));
#1119 = VECTOR('',#1120,1.);
#1120 = DIRECTION('',(-1.,0.));
#1121 = ( GEOMETRIC_REPRESENTATION_CONTEXT(2) 
PARAMETRIC_REPRESENTATION_CONTEXT() REPRESENTATION_CONTEXT('2D SPACE',''
  ) );
#1122 = PCURVE('',#634,#1123);
#1123 = DEFINITIONAL_REPRESENTATION('',(#1124),#1128);
#1124 = CIRCLE('',#1125,5.445196711657);
#1125 = AXIS2_PLACEMENT_2D('',#1126,#1127);
#1126 = CARTESIAN_POINT('',(-6.664217601471,-6.664217601471));
#1127 = DIRECTION('',(0.977464285862,-0.211100852353));
#1128 = ( GEOMETRIC_REPRESENTATION_CONTEXT(2) 
PARAMETRIC_REPRESENTATION_CONTEXT() REPRESENTATION_CONTEXT('2D SPACE',''
  ) );
#1129 = ADVANCED_FACE('',(#1130),#1096,.T.);
#1130 = FACE_BOUND('',#1131,.T.);
#1131 = EDGE_LOOP('',(#1132,#1133,#1156,#1187));
#1132 = ORIENTED_EDGE('',*,*,#1080,.T.);
#1133 = ORIENTED_EDGE('',*,*,#1134,.T.);
#1134 = EDGE_CURVE('',#1057,#1135,#1137,.T.);
#1135 = VERTEX_POINT('',#1136);
#1136 = CARTESIAN_POINT('',(-4.062350068399,3.243341077443,3.6));
#1137 = SURFACE_CURVE('',#1138,(#1142,#1149),.PCURVE_S1.);
#1138 = LINE('',#1139,#1140);
#1139 = CARTESIAN_POINT('',(-3.638085999687,2.819077008731,3.6));
#1140 = VECTOR('',#1141,1.);
#1141 = DIRECTION('',(-0.707106781187,0.707106781187,0.));
#1142 = PCURVE('',#1096,#1143);
#1143 = DEFINITIONAL_REPRESENTATION('',(#1144),#1148);
#1144 = LINE('',#1145,#1146);
#1145 = CARTESIAN_POINT('',(0.,-1.2));
#1146 = VECTOR('',#1147,1.);
#1147 = DIRECTION('',(1.,0.));
#1148 = ( GEOMETRIC_REPRESENTATION_CONTEXT(2) 
PARAMETRIC_REPRESENTATION_CONTEXT() REPRESENTATION_CONTEXT('2D SPACE',''
  ) );
#1149 = PCURVE('',#575,#1150);
#1150 = DEFINITIONAL_REPRESENTATION('',(#1151),#1155);
#1151 = LINE('',#1152,#1153);
#1152 = CARTESIAN_POINT('',(-7.813703268529,-1.341732286333));
#1153 = VECTOR('',#1154,1.);
#1154 = DIRECTION('',(-0.707106781187,0.707106781187));
#1155 = ( GEOMETRIC_REPRESENTATION_CONTEXT(2) 
PARAMETRIC_REPRESENTATION_CONTEXT() REPRESENTATION_CONTEXT('2D SPACE',''
  ) );
#1156 = ORIENTED_EDGE('',*,*,#1157,.F.);
#1157 = EDGE_CURVE('',#1158,#1135,#1160,.T.);
#1158 = VERTEX_POINT('',#1159);
#1159 = CARTESIAN_POINT('',(-4.062350068399,3.243341077443,2.4));
#1160 = SURFACE_CURVE('',#1161,(#1165,#1172),.PCURVE_S1.);
#1161 = LINE('',#1162,#1163);
#1162 = CARTESIAN_POINT('',(-4.062350068399,3.243341077443,2.4));
#1163 = VECTOR('',#1164,1.);
#1164 = DIRECTION('',(0.,0.,1.));
#1165 = PCURVE('',#1096,#1166);
#1166 = DEFINITIONAL_REPRESENTATION('',(#1167),#1171);
#1167 = LINE('',#1168,#1169);
#1168 = CARTESIAN_POINT('',(0.6,0.));
#1169 = VECTOR('',#1170,1.);
#1170 = DIRECTION('',(0.,-1.));
#1171 = ( GEOMETRIC_REPRESENTATION_CONTEXT(2) 
PARAMETRIC_REPRESENTATION_CONTEXT() REPRESENTATION_CONTEXT('2D SPACE',''
  ) );
#1172 = PCURVE('',#1173,#1181);
#1173 = SURFACE_OF_LINEAR_EXTRUSION('',#1174,#1179);
#1174 = B_SPLINE_CURVE_WITH_KNOTS('',3,(#1175,#1176,#1177,#1178),
  .UNSPECIFIED.,.F.,.F.,(4,4),(0.,1.),.PIECEWISE_BEZIER_KNOTS.);
#1175 = CARTESIAN_POINT('',(-4.062350068399,3.243341077443,2.4));
#1176 = CARTESIAN_POINT('',(-1.982588196781,4.805634258316,2.4));
#1177 = CARTESIAN_POINT('',(1.021155454921,6.776471448108,2.4));
#1178 = CARTESIAN_POINT('',(4.120512367593,8.406505608039,2.4));
#1179 = VECTOR('',#1180,1.);
#1180 = DIRECTION('',(-0.,-0.,-1.));
#1181 = DEFINITIONAL_REPRESENTATION('',(#1182),#1186);
#1182 = LINE('',#1183,#1184);
#1183 = CARTESIAN_POINT('',(0.,0.));
#1184 = VECTOR('',#1185,1.);
#1185 = DIRECTION('',(0.,-1.));
#1186 = ( GEOMETRIC_REPRESENTATION_CONTEXT(2) 
PARAMETRIC_REPRESENTATION_CONTEXT() REPRESENTATION_CONTEXT('2D SPACE',''
  ) );
#1187 = ORIENTED_EDGE('',*,*,#1188,.F.);
#1188 = EDGE_CURVE('',#1081,#1158,#1189,.T.);
#1189 = SURFACE_CURVE('',#1190,(#1194,#1201),.PCURVE_S1.);
#1190 = LINE('',#1191,#1192);
#1191 = CARTESIAN_POINT('',(-3.638085999687,2.819077008731,2.4));
#1192 = VECTOR('',#1193,1.);
#1193 = DIRECTION('',(-0.707106781187,0.707106781187,0.));
#1194 = PCURVE('',#1096,#1195);
#1195 = DEFINITIONAL_REPRESENTATION('',(#1196),#1200);
#1196 = LINE('',#1197,#1198);
#1197 = CARTESIAN_POINT('',(0.,0.));
#1198 = VECTOR('',#1199,1.);
#1199 = DIRECTION('',(1.,0.));
#1200 = ( GEOMETRIC_REPRESENTATION_CONTEXT(2) 
PARAMETRIC_REPRESENTATION_CONTEXT() REPRESENTATION_CONTEXT('2D SPACE',''
  ) );
#1201 = PCURVE('',#634,#1202);
#1202 = DEFINITIONAL_REPRESENTATION('',(#1203),#1207);
#1203 = LINE('',#1204,#1205);
#1204 = CARTESIAN_POINT('',(-7.813703268529,-1.341732286333));
#1205 = VECTOR('',#1206,1.);
#1206 = DIRECTION('',(-0.707106781187,0.707106781187));
#1207 = ( GEOMETRIC_REPRESENTATION_CONTEXT(2) 
PARAMETRIC_REPRESENTATION_CONTEXT() REPRESENTATION_CONTEXT('2D SPACE',''
  ) );
#1208 = ADVANCED_FACE('',(#1209),#1173,.T.);
#1209 = FACE_BOUND('',#1210,.T.);
#1210 = EDGE_LOOP('',(#1211,#1212,#1237,#1268));
#1211 = ORIENTED_EDGE('',*,*,#1157,.T.);
#1212 = ORIENTED_EDGE('',*,*,#1213,.T.);
#1213 = EDGE_CURVE('',#1135,#1214,#1216,.T.);
#1214 = VERTEX_POINT('',#1215);
#1215 = CARTESIAN_POINT('',(4.120512367593,8.406505608039,3.6));
#1216 = SURFACE_CURVE('',#1217,(#1222,#1229),.PCURVE_S1.);
#1217 = B_SPLINE_CURVE_WITH_KNOTS('',3,(#1218,#1219,#1220,#1221),
  .UNSPECIFIED.,.F.,.F.,(4,4),(0.,1.),.PIECEWISE_BEZIER_KNOTS.);
#1218 = CARTESIAN_POINT('',(-4.062350068399,3.243341077443,3.6));
#1219 = CARTESIAN_POINT('',(-1.982588196781,4.805634258316,3.6));
#1220 = CARTESIAN_POINT('',(1.021155454921,6.776471448108,3.6));
#1221 = CARTESIAN_POINT('',(4.120512367593,8.406505608039,3.6));
#1222 = PCURVE('',#1173,#1223);
#1223 = DEFINITIONAL_REPRESENTATION('',(#1224),#1228);
#1224 = LINE('',#1225,#1226);
#1225 = CARTESIAN_POINT('',(0.,-1.2));
#1226 = VECTOR('',#1227,1.);
#1227 = DIRECTION('',(1.,0.));
#1228 = ( GEOMETRIC_REPRESENTATION_CONTEXT(2) 
PARAMETRIC_REPRESENTATION_CONTEXT() REPRESENTATION_CONTEXT('2D SPACE',''
  ) );
#1229 = PCURVE('',#575,#1230);
#1230 = DEFINITIONAL_REPRESENTATION('',(#1231),#1236);
#1231 = B_SPLINE_CURVE_WITH_KNOTS('',3,(#1232,#1233,#1234,#1235),
  .UNSPECIFIED.,.F.,.F.,(4,4),(0.,1.),.PIECEWISE_BEZIER_KNOTS.);
#1232 = CARTESIAN_POINT('',(-8.237967337241,-0.917468217621));
#1233 = CARTESIAN_POINT('',(-6.158205465624,0.644824963252));
#1234 = CARTESIAN_POINT('',(-3.154461813922,2.615662153045));
#1235 = CARTESIAN_POINT('',(-5.510490124992E-02,4.245696312975));
#1236 = ( GEOMETRIC_REPRESENTATION_CONTEXT(2) 
PARAMETRIC_REPRESENTATION_CONTEXT() REPRESENTATION_CONTEXT('2D SPACE',''
  ) );
#1237 = ORIENTED_EDGE('',*,*,#1238,.F.);
#1238 = EDGE_CURVE('',#1239,#1214,#1241,.T.);
#1239 = VERTEX_POINT('',#1240);
#1240 = CARTESIAN_POINT('',(4.120512367593,8.406505608039,2.4));
#1241 = SURFACE_CURVE('',#1242,(#1246,#1253),.PCURVE_S1.);
#1242 = LINE('',#1243,#1244);
#1243 = CARTESIAN_POINT('',(4.120512367593,8.406505608039,2.4));
#1244 = VECTOR('',#1245,1.);
#1245 = DIRECTION('',(0.,0.,1.));
#1246 = PCURVE('',#1173,#1247);
#1247 = DEFINITIONAL_REPRESENTATION('',(#1248),#1252);
#1248 = LINE('',#1249,#1250);
#1249 = CARTESIAN_POINT('',(1.,0.));
#1250 = VECTOR('',#1251,1.);
#1251 = DIRECTION('',(0.,-1.));
#1252 = ( GEOMETRIC_REPRESENTATION_CONTEXT(2) 
PARAMETRIC_REPRESENTATION_CONTEXT() REPRESENTATION_CONTEXT('2D SPACE',''
  ) );
#1253 = PCURVE('',#1254,#1262);
#1254 = SURFACE_OF_LINEAR_EXTRUSION('',#1255,#1260);
#1255 = B_SPLINE_CURVE_WITH_KNOTS('',3,(#1256,#1257,#1258,#1259),
  .UNSPECIFIED.,.F.,.F.,(4,4),(0.,1.),.PIECEWISE_BEZIER_KNOTS.);
#1256 = CARTESIAN_POINT('',(4.120512367593,8.406505608039,2.4));
#1257 = CARTESIAN_POINT('',(5.626325993747,9.198453008187,2.4));
#1258 = CARTESIAN_POINT('',(7.052834485813,9.865417367018,2.4));
#1259 = CARTESIAN_POINT('',(8.366591989397,10.359466172963,2.4));
#1260 = VECTOR('',#1261,1.);
#1261 = DIRECTION('',(-0.,-0.,-1.));
#1262 = DEFINITIONAL_REPRESENTATION('',(#1263),#1267);
#1263 = LINE('',#1264,#1265);
#1264 = CARTESIAN_POINT('',(0.,0.));
#1265 = VECTOR('',#1266,1.);
#1266 = DIRECTION('',(0.,-1.));
#1267 = ( GEOMETRIC_REPRESENTATION_CONTEXT(2) 
PARAMETRIC_REPRESENTATION_CONTEXT() REPRESENTATION_CONTEXT('2D SPACE',''
  ) );
#1268 = ORIENTED_EDGE('',*,*,#1269,.F.);
#1269 = EDGE_CURVE('',#1158,#1239,#1270,.T.);
#1270 = SURFACE_CURVE('',#1271,(#1276,#1283),.PCURVE_S1.);
#1271 = B_SPLINE_CURVE_WITH_KNOTS('',3,(#1272,#1273,#1274,#1275),
  .UNSPECIFIED.,.F.,.F.,(4,4),(0.,1.),.PIECEWISE_BEZIER_KNOTS.);
#1272 = CARTESIAN_POINT('',(-4.062350068399,3.243341077443,2.4));
#1273 = CARTESIAN_POINT('',(-1.982588196781,4.805634258316,2.4));
#1274 = CARTESIAN_POINT('',(1.021155454921,6.776471448108,2.4));
#1275 = CARTESIAN_POINT('',(4.120512367593,8.406505608039,2.4));
#1276 = PCURVE('',#1173,#1277);
#1277 = DEFINITIONAL_REPRESENTATION('',(#1278),#1282);
#1278 = LINE('',#1279,#1280);
#1279 = CARTESIAN_POINT('',(0.,0.));
#1280 = VECTOR('',#1281,1.);
#1281 = DIRECTION('',(1.,0.));
#1282 = ( GEOMETRIC_REPRESENTATION_CONTEXT(2) 
PARAMETRIC_REPRESENTATION_CONTEXT() REPRESENTATION_CONTEXT('2D SPACE',''
  ) );
#1283 = PCURVE('',#634,#1284);
#1284 = DEFINITIONAL_REPRESENTATION('',(#1285),#1290);
#1285 = B_SPLINE_CURVE_WITH_KNOTS('',3,(#1286,#1287,#1288,#1289),
  .UNSPECIFIED.,.F.,.F.,(4,4),(0.,1.),.PIECEWISE_BEZIER_KNOTS.);
#1286 = CARTESIAN_POINT('',(-8.237967337241,-0.917468217621));
#1287 = CARTESIAN_POINT('',(-6.158205465624,0.644824963252));
#1288 = CARTESIAN_POINT('',(-3.154461813922,2.615662153045));
#1289 = CARTESIAN_POINT('',(-5.510490124992E-02,4.245696312975));
#1290 = ( GEOMETRIC_REPRESENTATION_CONTEXT(2) 
PARAMETRIC_REPRESENTATION_CONTEXT() REPRESENTATION_CONTEXT('2D SPACE',''
  ) );
#1291 = ADVANCED_FACE('',(#1292),#1254,.T.);
#1292 = FACE_BOUND('',#1293,.T.);
#1293 = EDGE_LOOP('',(#1294,#1295,#1320,#1351));
#1294 = ORIENTED_EDGE('',*,*,#1238,.T.);
#1295 = ORIENTED_EDGE('',*,*,#1296,.T.);
#1296 = EDGE_CURVE('',#1214,#1297,#1299,.T.);
#1297 = VERTEX_POINT('',#1298);
#1298 = CARTESIAN_POINT('',(8.366591989397,10.359466172963,3.6));
#1299 = SURFACE_CURVE('',#1300,(#1305,#1312),.PCURVE_S1.);
#1300 = B_SPLINE_CURVE_WITH_KNOTS('',3,(#1301,#1302,#1303,#1304),
  .UNSPECIFIED.,.F.,.F.,(4,4),(0.,1.),.PIECEWISE_BEZIER_KNOTS.);
#1301 = CARTESIAN_POINT('',(4.120512367593,8.406505608039,3.6));
#1302 = CARTESIAN_POINT('',(5.626325993747,9.198453008187,3.6));
#1303 = CARTESIAN_POINT('',(7.052834485813,9.865417367018,3.6));
#1304 = CARTESIAN_POINT('',(8.366591989397,10.359466172963,3.6));
#1305 = PCURVE('',#1254,#1306);
#1306 = DEFINITIONAL_REPRESENTATION('',(#1307),#1311);
#1307 = LINE('',#1308,#1309);
#1308 = CARTESIAN_POINT('',(0.,-1.2));
#1309 = VECTOR('',#1310,1.);
#1310 = DIRECTION('',(1.,0.));
#1311 = ( GEOMETRIC_REPRESENTATION_CONTEXT(2) 
PARAMETRIC_REPRESENTATION_CONTEXT() REPRESENTATION_CONTEXT('2D SPACE',''
  ) );
#1312 = PCURVE('',#575,#1313);
#1313 = DEFINITIONAL_REPRESENTATION('',(#1314),#1319);
#1314 = B_SPLINE_CURVE_WITH_KNOTS('',3,(#1315,#1316,#1317,#1318),
  .UNSPECIFIED.,.F.,.F.,(4,4),(0.,1.),.PIECEWISE_BEZIER_KNOTS.);
#1315 = CARTESIAN_POINT('',(-5.510490124992E-02,4.245696312975));
#1316 = CARTESIAN_POINT('',(1.450708724905,5.037643713123));
#1317 = CARTESIAN_POINT('',(2.877217216971,5.704608071954));
#1318 = CARTESIAN_POINT('',(4.190974720554,6.1986568779));
#1319 = ( GEOMETRIC_REPRESENTATION_CONTEXT(2) 
PARAMETRIC_REPRESENTATION_CONTEXT() REPRESENTATION_CONTEXT('2D SPACE',''
  ) );
#1320 = ORIENTED_EDGE('',*,*,#1321,.F.);
#1321 = EDGE_CURVE('',#1322,#1297,#1324,.T.);
#1322 = VERTEX_POINT('',#1323);
#1323 = CARTESIAN_POINT('',(8.366591989397,10.359466172963,2.4));
#1324 = SURFACE_CURVE('',#1325,(#1329,#1336),.PCURVE_S1.);
#1325 = LINE('',#1326,#1327);
#1326 = CARTESIAN_POINT('',(8.366591989397,10.359466172963,2.4));
#1327 = VECTOR('',#1328,1.);
#1328 = DIRECTION('',(0.,0.,1.));
#1329 = PCURVE('',#1254,#1330);
#1330 = DEFINITIONAL_REPRESENTATION('',(#1331),#1335);
#1331 = LINE('',#1332,#1333);
#1332 = CARTESIAN_POINT('',(1.,0.));
#1333 = VECTOR('',#1334,1.);
#1334 = DIRECTION('',(0.,-1.));
#1335 = ( GEOMETRIC_REPRESENTATION_CONTEXT(2) 
PARAMETRIC_REPRESENTATION_CONTEXT() REPRESENTATION_CONTEXT('2D SPACE',''
  ) );
#1336 = PCURVE('',#1337,#1345);
#1337 = SURFACE_OF_LINEAR_EXTRUSION('',#1338,#1343);
#1338 = B_SPLINE_CURVE_WITH_KNOTS('',3,(#1339,#1340,#1341,#1342),
  .UNSPECIFIED.,.F.,.F.,(4,4),(0.,1.),.PIECEWISE_BEZIER_KNOTS.);
#1339 = CARTESIAN_POINT('',(8.366591989397,10.359466172963,2.4));
#1340 = CARTESIAN_POINT('',(9.008511809328,10.600865152367,2.4));
#1341 = CARTESIAN_POINT('',(9.647546641532,10.812104056841,2.4));
#1342 = CARTESIAN_POINT('',(10.223299051321,10.928470488454,2.4));
#1343 = VECTOR('',#1344,1.);
#1344 = DIRECTION('',(-0.,-0.,-1.));
#1345 = DEFINITIONAL_REPRESENTATION('',(#1346),#1350);
#1346 = LINE('',#1347,#1348);
#1347 = CARTESIAN_POINT('',(0.,0.));
#1348 = VECTOR('',#1349,1.);
#1349 = DIRECTION('',(0.,-1.));
#1350 = ( GEOMETRIC_REPRESENTATION_CONTEXT(2) 
PARAMETRIC_REPRESENTATION_CONTEXT() REPRESENTATION_CONTEXT('2D SPACE',''
  ) );
#1351 = ORIENTED_EDGE('',*,*,#1352,.F.);
#1352 = EDGE_CURVE('',#1239,#1322,#1353,.T.);
#1353 = SURFACE_CURVE('',#1354,(#1359,#1366),.PCURVE_S1.);
#1354 = B_SPLINE_CURVE_WITH_KNOTS('',3,(#1355,#1356,#1357,#1358),
  .UNSPECIFIED.,.F.,.F.,(4,4),(0.,1.),.PIECEWISE_BEZIER_KNOTS.);
#1355 = CARTESIAN_POINT('',(4.120512367593,8.406505608039,2.4));
#1356 = CARTESIAN_POINT('',(5.626325993747,9.198453008187,2.4));
#1357 = CARTESIAN_POINT('',(7.052834485813,9.865417367018,2.4));
#1358 = CARTESIAN_POINT('',(8.366591989397,10.359466172963,2.4));
#1359 = PCURVE('',#1254,#1360);
#1360 = DEFINITIONAL_REPRESENTATION('',(#1361),#1365);
#1361 = LINE('',#1362,#1363);
#1362 = CARTESIAN_POINT('',(0.,0.));
#1363 = VECTOR('',#1364,1.);
#1364 = DIRECTION('',(1.,0.));
#1365 = ( GEOMETRIC_REPRESENTATION_CONTEXT(2) 
PARAMETRIC_REPRESENTATION_CONTEXT() REPRESENTATION_CONTEXT('2D SPACE',''
  ) );
#1366 = PCURVE('',#634,#1367);
#1367 = DEFINITIONAL_REPRESENTATION('',(#1368),#1373);
#1368 = B_SPLINE_CURVE_WITH_KNOTS('',3,(#1369,#1370,#1371,#1372),
  .UNSPECIFIED.,.F.,.F.,(4,4),(0.,1.),.PIECEWISE_BEZIER_KNOTS.);
#1369 = CARTESIAN_POINT('',(-5.510490124992E-02,4.245696312975));
#1370 = CARTESIAN_POINT('',(1.450708724905,5.037643713123));
#1371 = CARTESIAN_POINT('',(2.877217216971,5.704608071954));
#1372 = CARTESIAN_POINT('',(4.190974720554,6.1986568779));
#1373 = ( GEOMETRIC_REPRESENTATION_CONTEXT(2) 
PARAMETRIC_REPRESENTATION_CONTEXT() REPRESENTATION_CONTEXT('2D SPACE',''
  ) );
#1374 = ADVANCED_FACE('',(#1375),#1337,.T.);
#1375 = FACE_BOUND('',#1376,.T.);
#1376 = EDGE_LOOP('',(#1377,#1378,#1403,#1434));
#1377 = ORIENTED_EDGE('',*,*,#1321,.T.);
#1378 = ORIENTED_EDGE('',*,*,#1379,.T.);
#1379 = EDGE_CURVE('',#1297,#1380,#1382,.T.);
#1380 = VERTEX_POINT('',#1381);
#1381 = CARTESIAN_POINT('',(10.223299051321,10.928470488454,3.6));
#1382 = SURFACE_CURVE('',#1383,(#1388,#1395),.PCURVE_S1.);
#1383 = B_SPLINE_CURVE_WITH_KNOTS('',3,(#1384,#1385,#1386,#1387),
  .UNSPECIFIED.,.F.,.F.,(4,4),(0.,1.),.PIECEWISE_BEZIER_KNOTS.);
#1384 = CARTESIAN_POINT('',(8.366591989397,10.359466172963,3.6));
#1385 = CARTESIAN_POINT('',(9.008511809328,10.600865152367,3.6));
#1386 = CARTESIAN_POINT('',(9.647546641532,10.812104056841,3.6));
#1387 = CARTESIAN_POINT('',(10.223299051321,10.928470488454,3.6));
#1388 = PCURVE('',#1337,#1389);
#1389 = DEFINITIONAL_REPRESENTATION('',(#1390),#1394);
#1390 = LINE('',#1391,#1392);
#1391 = CARTESIAN_POINT('',(0.,-1.2));
#1392 = VECTOR('',#1393,1.);
#1393 = DIRECTION('',(1.,0.));
#1394 = ( GEOMETRIC_REPRESENTATION_CONTEXT(2) 
PARAMETRIC_REPRESENTATION_CONTEXT() REPRESENTATION_CONTEXT('2D SPACE',''
  ) );
#1395 = PCURVE('',#575,#1396);
#1396 = DEFINITIONAL_REPRESENTATION('',(#1397),#1402);
#1397 = B_SPLINE_CURVE_WITH_KNOTS('',3,(#1398,#1399,#1400,#1401),
  .UNSPECIFIED.,.F.,.F.,(4,4),(0.,1.),.PIECEWISE_BEZIER_KNOTS.);
#1398 = CARTESIAN_POINT('',(4.190974720554,6.1986568779));
#1399 = CARTESIAN_POINT('',(4.832894540485,6.440055857304));
#1400 = CARTESIAN_POINT('',(5.471929372689,6.651294761777));
#1401 = CARTESIAN_POINT('',(6.047681782479,6.76766119339));
#1402 = ( GEOMETRIC_REPRESENTATION_CONTEXT(2) 
PARAMETRIC_REPRESENTATION_CONTEXT() REPRESENTATION_CONTEXT('2D SPACE',''
  ) );
#1403 = ORIENTED_EDGE('',*,*,#1404,.F.);
#1404 = EDGE_CURVE('',#1405,#1380,#1407,.T.);
#1405 = VERTEX_POINT('',#1406);
#1406 = CARTESIAN_POINT('',(10.223299051321,10.928470488454,2.4));
#1407 = SURFACE_CURVE('',#1408,(#1412,#1419),.PCURVE_S1.);
#1408 = LINE('',#1409,#1410);
#1409 = CARTESIAN_POINT('',(10.223299051321,10.928470488454,2.4));
#1410 = VECTOR('',#1411,1.);
#1411 = DIRECTION('',(0.,0.,1.));
#1412 = PCURVE('',#1337,#1413);
#1413 = DEFINITIONAL_REPRESENTATION('',(#1414),#1418);
#1414 = LINE('',#1415,#1416);
#1415 = CARTESIAN_POINT('',(1.,0.));
#1416 = VECTOR('',#1417,1.);
#1417 = DIRECTION('',(0.,-1.));
#1418 = ( GEOMETRIC_REPRESENTATION_CONTEXT(2) 
PARAMETRIC_REPRESENTATION_CONTEXT() REPRESENTATION_CONTEXT('2D SPACE',''
  ) );
#1419 = PCURVE('',#1420,#1428);
#1420 = SURFACE_OF_LINEAR_EXTRUSION('',#1421,#1426);
#1421 = B_SPLINE_CURVE_WITH_KNOTS('',3,(#1422,#1423,#1424,#1425),
  .UNSPECIFIED.,.F.,.F.,(4,4),(0.,1.),.PIECEWISE_BEZIER_KNOTS.);
#1422 = CARTESIAN_POINT('',(10.223299051321,10.928470488454,2.4));
#1423 = CARTESIAN_POINT('',(10.423800244958,10.96899417197,2.4));
#1424 = CARTESIAN_POINT('',(10.673204610061,11.007918427415,2.4));
#1425 = CARTESIAN_POINT('',(10.853923625342,10.99860697902,2.4));
#1426 = VECTOR('',#1427,1.);
#1427 = DIRECTION('',(-0.,-0.,-1.));
#1428 = DEFINITIONAL_REPRESENTATION('',(#1429),#1433);
#1429 = LINE('',#1430,#1431);
#1430 = CARTESIAN_POINT('',(0.,0.));
#1431 = VECTOR('',#1432,1.);
#1432 = DIRECTION('',(0.,-1.));
#1433 = ( GEOMETRIC_REPRESENTATION_CONTEXT(2) 
PARAMETRIC_REPRESENTATION_CONTEXT() REPRESENTATION_CONTEXT('2D SPACE',''
  ) );
#1434 = ORIENTED_EDGE('',*,*,#1435,.F.);
#1435 = EDGE_CURVE('',#1322,#1405,#1436,.T.);
#1436 = SURFACE_CURVE('',#1437,(#1442,#1449),.PCURVE_S1.);
#1437 = B_SPLINE_CURVE_WITH_KNOTS('',3,(#1438,#1439,#1440,#1441),
  .UNSPECIFIED.,.F.,.F.,(4,4),(0.,1.),.PIECEWISE_BEZIER_KNOTS.);
#1438 = CARTESIAN_POINT('',(8.366591989397,10.359466172963,2.4));
#1439 = CARTESIAN_POINT('',(9.008511809328,10.600865152367,2.4));
#1440 = CARTESIAN_POINT('',(9.647546641532,10.812104056841,2.4));
#1441 = CARTESIAN_POINT('',(10.223299051321,10.928470488454,2.4));
#1442 = PCURVE('',#1337,#1443);
#1443 = DEFINITIONAL_REPRESENTATION('',(#1444),#1448);
#1444 = LINE('',#1445,#1446);
#1445 = CARTESIAN_POINT('',(0.,0.));
#1446 = VECTOR('',#1447,1.);
#1447 = DIRECTION('',(1.,0.));
#1448 = ( GEOMETRIC_REPRESENTATION_CONTEXT(2) 
PARAMETRIC_REPRESENTATION_CONTEXT() REPRESENTATION_CONTEXT('2D SPACE',''
  ) );
#1449 = PCURVE('',#634,#1450);
#1450 = DEFINITIONAL_REPRESENTATION('',(#1451),#1456);
#1451 = B_SPLINE_CURVE_WITH_KNOTS('',3,(#1452,#1453,#1454,#1455),
  .UNSPECIFIED.,.F.,.F.,(4,4),(0.,1.),.PIECEWISE_BEZIER_KNOTS.);
#1452 = CARTESIAN_POINT('',(4.190974720554,6.1986568779));
#1453 = CARTESIAN_POINT('',(4.832894540485,6.440055857304));
#1454 = CARTESIAN_POINT('',(5.471929372689,6.651294761777));
#1455 = CARTESIAN_POINT('',(6.047681782479,6.76766119339));
#1456 = ( GEOMETRIC_REPRESENTATION_CONTEXT(2) 
PARAMETRIC_REPRESENTATION_CONTEXT() REPRESENTATION_CONTEXT('2D SPACE',''
  ) );
#1457 = ADVANCED_FACE('',(#1458),#1420,.T.);
#1458 = FACE_BOUND('',#1459,.T.);
#1459 = EDGE_LOOP('',(#1460,#1461,#1486,#1509));
#1460 = ORIENTED_EDGE('',*,*,#1404,.T.);
#1461 = ORIENTED_EDGE('',*,*,#1462,.T.);
#1462 = EDGE_CURVE('',#1380,#1463,#1465,.T.);
#1463 = VERTEX_POINT('',#1464);
#1464 = CARTESIAN_POINT('',(10.853923625342,10.99860697902,3.6));
#1465 = SURFACE_CURVE('',#1466,(#1471,#1478),.PCURVE_S1.);
#1466 = B_SPLINE_CURVE_WITH_KNOTS('',3,(#1467,#1468,#1469,#1470),
  .UNSPECIFIED.,.F.,.F.,(4,4),(0.,1.),.PIECEWISE_BEZIER_KNOTS.);
#1467 = CARTESIAN_POINT('',(10.223299051321,10.928470488454,3.6));
#1468 = CARTESIAN_POINT('',(10.423800244958,10.96899417197,3.6));
#1469 = CARTESIAN_POINT('',(10.673204610061,11.007918427415,3.6));
#1470 = CARTESIAN_POINT('',(10.853923625342,10.99860697902,3.6));
#1471 = PCURVE('',#1420,#1472);
#1472 = DEFINITIONAL_REPRESENTATION('',(#1473),#1477);
#1473 = LINE('',#1474,#1475);
#1474 = CARTESIAN_POINT('',(0.,-1.2));
#1475 = VECTOR('',#1476,1.);
#1476 = DIRECTION('',(1.,0.));
#1477 = ( GEOMETRIC_REPRESENTATION_CONTEXT(2) 
PARAMETRIC_REPRESENTATION_CONTEXT() REPRESENTATION_CONTEXT('2D SPACE',''
  ) );
#1478 = PCURVE('',#575,#1479);
#1479 = DEFINITIONAL_REPRESENTATION('',(#1480),#1485);
#1480 = B_SPLINE_CURVE_WITH_KNOTS('',3,(#1481,#1482,#1483,#1484),
  .UNSPECIFIED.,.F.,.F.,(4,4),(0.,1.),.PIECEWISE_BEZIER_KNOTS.);
#1481 = CARTESIAN_POINT('',(6.047681782479,6.76766119339));
#1482 = CARTESIAN_POINT('',(6.248182976115,6.808184876906));
#1483 = CARTESIAN_POINT('',(6.497587341218,6.847109132351));
#1484 = CARTESIAN_POINT('',(6.678306356499,6.837797683957));
#1485 = ( GEOMETRIC_REPRESENTATION_CONTEXT(2) 
PARAMETRIC_REPRESENTATION_CONTEXT() REPRESENTATION_CONTEXT('2D SPACE',''
  ) );
#1486 = ORIENTED_EDGE('',*,*,#1487,.F.);
#1487 = EDGE_CURVE('',#1488,#1463,#1490,.T.);
#1488 = VERTEX_POINT('',#1489);
#1489 = CARTESIAN_POINT('',(10.853923625342,10.99860697902,2.4));
#1490 = SURFACE_CURVE('',#1491,(#1495,#1502),.PCURVE_S1.);
#1491 = LINE('',#1492,#1493);
#1492 = CARTESIAN_POINT('',(10.853923625342,10.99860697902,2.4));
#1493 = VECTOR('',#1494,1.);
#1494 = DIRECTION('',(0.,0.,1.));
#1495 = PCURVE('',#1420,#1496);
#1496 = DEFINITIONAL_REPRESENTATION('',(#1497),#1501);
#1497 = LINE('',#1498,#1499);
#1498 = CARTESIAN_POINT('',(1.,0.));
#1499 = VECTOR('',#1500,1.);
#1500 = DIRECTION('',(0.,-1.));
#1501 = ( GEOMETRIC_REPRESENTATION_CONTEXT(2) 
PARAMETRIC_REPRESENTATION_CONTEXT() REPRESENTATION_CONTEXT('2D SPACE',''
  ) );
#1502 = PCURVE('',#543,#1503);
#1503 = DEFINITIONAL_REPRESENTATION('',(#1504),#1508);
#1504 = LINE('',#1505,#1506);
#1505 = CARTESIAN_POINT('',(0.,0.));
#1506 = VECTOR('',#1507,1.);
#1507 = DIRECTION('',(0.,-1.));
#1508 = ( GEOMETRIC_REPRESENTATION_CONTEXT(2) 
PARAMETRIC_REPRESENTATION_CONTEXT() REPRESENTATION_CONTEXT('2D SPACE',''
  ) );
#1509 = ORIENTED_EDGE('',*,*,#1510,.F.);
#1510 = EDGE_CURVE('',#1405,#1488,#1511,.T.);
#1511 = SURFACE_CURVE('',#1512,(#1517,#1524),.PCURVE_S1.);
#1512 = B_SPLINE_CURVE_WITH_KNOTS('',3,(#1513,#1514,#1515,#1516),
  .UNSPECIFIED.,.F.,.F.,(4,4),(0.,1.),.PIECEWISE_BEZIER_KNOTS.);
#1513 = CARTESIAN_POINT('',(10.223299051321,10.928470488454,2.4));
#1514 = CARTESIAN_POINT('',(10.423800244958,10.96899417197,2.4));
#1515 = CARTESIAN_POINT('',(10.673204610061,11.007918427415,2.4));
#1516 = CARTESIAN_POINT('',(10.853923625342,10.99860697902,2.4));
#1517 = PCURVE('',#1420,#1518);
#1518 = DEFINITIONAL_REPRESENTATION('',(#1519),#1523);
#1519 = LINE('',#1520,#1521);
#1520 = CARTESIAN_POINT('',(0.,0.));
#1521 = VECTOR('',#1522,1.);
#1522 = DIRECTION('',(1.,0.));
#1523 = ( GEOMETRIC_REPRESENTATION_CONTEXT(2) 
PARAMETRIC_REPRESENTATION_CONTEXT() REPRESENTATION_CONTEXT('2D SPACE',''
  ) );
#1524 = PCURVE('',#634,#1525);
#1525 = DEFINITIONAL_REPRESENTATION('',(#1526),#1531);
#1526 = B_SPLINE_CURVE_WITH_KNOTS('',3,(#1527,#1528,#1529,#1530),
  .UNSPECIFIED.,.F.,.F.,(4,4),(0.,1.),.PIECEWISE_BEZIER_KNOTS.);
#1527 = CARTESIAN_POINT('',(6.047681782479,6.76766119339));
#1528 = CARTESIAN_POINT('',(6.248182976115,6.808184876906));
#1529 = CARTESIAN_POINT('',(6.497587341218,6.847109132351));
#1530 = CARTESIAN_POINT('',(6.678306356499,6.837797683957));
#1531 = ( GEOMETRIC_REPRESENTATION_CONTEXT(2) 
PARAMETRIC_REPRESENTATION_CONTEXT() REPRESENTATION_CONTEXT('2D SPACE',''
  ) );
#1532 = ADVANCED_FACE('',(#1533),#543,.T.);
#1533 = FACE_BOUND('',#1534,.T.);
#1534 = EDGE_LOOP('',(#1535,#1536,#1559,#1560));
#1535 = ORIENTED_EDGE('',*,*,#1487,.T.);
#1536 = ORIENTED_EDGE('',*,*,#1537,.T.);
#1537 = EDGE_CURVE('',#1463,#520,#1538,.T.);
#1538 = SURFACE_CURVE('',#1539,(#1544,#1551),.PCURVE_S1.);
#1539 = B_SPLINE_CURVE_WITH_KNOTS('',3,(#1540,#1541,#1542,#1543),
  .UNSPECIFIED.,.F.,.F.,(4,4),(0.,1.),.PIECEWISE_BEZIER_KNOTS.);
#1540 = CARTESIAN_POINT('',(10.853923625342,10.99860697902,3.6));
#1541 = CARTESIAN_POINT('',(10.906595878091,10.995893070014,3.6));
#1542 = CARTESIAN_POINT('',(10.974310725709,10.986029273205,3.6));
#1543 = CARTESIAN_POINT('',(10.987573986346,10.972766012567,3.6));
#1544 = PCURVE('',#543,#1545);
#1545 = DEFINITIONAL_REPRESENTATION('',(#1546),#1550);
#1546 = LINE('',#1547,#1548);
#1547 = CARTESIAN_POINT('',(0.,-1.2));
#1548 = VECTOR('',#1549,1.);
#1549 = DIRECTION('',(1.,0.));
#1550 = ( GEOMETRIC_REPRESENTATION_CONTEXT(2) 
PARAMETRIC_REPRESENTATION_CONTEXT() REPRESENTATION_CONTEXT('2D SPACE',''
  ) );
#1551 = PCURVE('',#575,#1552);
#1552 = DEFINITIONAL_REPRESENTATION('',(#1553),#1558);
#1553 = B_SPLINE_CURVE_WITH_KNOTS('',3,(#1554,#1555,#1556,#1557),
  .UNSPECIFIED.,.F.,.F.,(4,4),(0.,1.),.PIECEWISE_BEZIER_KNOTS.);
#1554 = CARTESIAN_POINT('',(6.678306356499,6.837797683957));
#1555 = CARTESIAN_POINT('',(6.730978609249,6.83508377495));
#1556 = CARTESIAN_POINT('',(6.798693456866,6.825219978141));
#1557 = CARTESIAN_POINT('',(6.811956717504,6.811956717504));
#1558 = ( GEOMETRIC_REPRESENTATION_CONTEXT(2) 
PARAMETRIC_REPRESENTATION_CONTEXT() REPRESENTATION_CONTEXT('2D SPACE',''
  ) );
#1559 = ORIENTED_EDGE('',*,*,#517,.F.);
#1560 = ORIENTED_EDGE('',*,*,#1561,.F.);
#1561 = EDGE_CURVE('',#1488,#518,#1562,.T.);
#1562 = SURFACE_CURVE('',#1563,(#1568,#1575),.PCURVE_S1.);
#1563 = B_SPLINE_CURVE_WITH_KNOTS('',3,(#1564,#1565,#1566,#1567),
  .UNSPECIFIED.,.F.,.F.,(4,4),(0.,1.),.PIECEWISE_BEZIER_KNOTS.);
#1564 = CARTESIAN_POINT('',(10.853923625342,10.99860697902,2.4));
#1565 = CARTESIAN_POINT('',(10.906595878091,10.995893070014,2.4));
#1566 = CARTESIAN_POINT('',(10.974310725709,10.986029273205,2.4));
#1567 = CARTESIAN_POINT('',(10.987573986346,10.972766012567,2.4));
#1568 = PCURVE('',#543,#1569);
#1569 = DEFINITIONAL_REPRESENTATION('',(#1570),#1574);
#1570 = LINE('',#1571,#1572);
#1571 = CARTESIAN_POINT('',(0.,0.));
#1572 = VECTOR('',#1573,1.);
#1573 = DIRECTION('',(1.,0.));
#1574 = ( GEOMETRIC_REPRESENTATION_CONTEXT(2) 
PARAMETRIC_REPRESENTATION_CONTEXT() REPRESENTATION_CONTEXT('2D SPACE',''
  ) );
#1575 = PCURVE('',#634,#1576);
#1576 = DEFINITIONAL_REPRESENTATION('',(#1577),#1582);
#1577 = B_SPLINE_CURVE_WITH_KNOTS('',3,(#1578,#1579,#1580,#1581),
  .UNSPECIFIED.,.F.,.F.,(4,4),(0.,1.),.PIECEWISE_BEZIER_KNOTS.);
#1578 = CARTESIAN_POINT('',(6.678306356499,6.837797683957));
#1579 = CARTESIAN_POINT('',(6.730978609249,6.83508377495));
#1580 = CARTESIAN_POINT('',(6.798693456866,6.825219978141));
#1581 = CARTESIAN_POINT('',(6.811956717504,6.811956717504));
#1582 = ( GEOMETRIC_REPRESENTATION_CONTEXT(2) 
PARAMETRIC_REPRESENTATION_CONTEXT() REPRESENTATION_CONTEXT('2D SPACE',''
  ) );
#1583 = ADVANCED_FACE('',(#1584),#634,.F.);
#1584 = FACE_BOUND('',#1585,.T.);
#1585 = EDGE_LOOP('',(#1586,#1587,#1588,#1589,#1590,#1591,#1592,#1593,
    #1594,#1595,#1596,#1597,#1598));
#1586 = ORIENTED_EDGE('',*,*,#619,.T.);
#1587 = ORIENTED_EDGE('',*,*,#707,.T.);
#1588 = ORIENTED_EDGE('',*,*,#790,.T.);
#1589 = ORIENTED_EDGE('',*,*,#873,.T.);
#1590 = ORIENTED_EDGE('',*,*,#953,.T.);
#1591 = ORIENTED_EDGE('',*,*,#1031,.T.);
#1592 = ORIENTED_EDGE('',*,*,#1108,.T.);
#1593 = ORIENTED_EDGE('',*,*,#1188,.T.);
#1594 = ORIENTED_EDGE('',*,*,#1269,.T.);
#1595 = ORIENTED_EDGE('',*,*,#1352,.T.);
#1596 = ORIENTED_EDGE('',*,*,#1435,.T.);
#1597 = ORIENTED_EDGE('',*,*,#1510,.T.);
#1598 = ORIENTED_EDGE('',*,*,#1561,.T.);
#1599 = ADVANCED_FACE('',(#1600),#575,.T.);
#1600 = FACE_BOUND('',#1601,.F.);
#1601 = EDGE_LOOP('',(#1602,#1603,#1604,#1605,#1606,#1607,#1608,#1609,
    #1610,#1611,#1612,#1613,#1614));
#1602 = ORIENTED_EDGE('',*,*,#558,.T.);
#1603 = ORIENTED_EDGE('',*,*,#651,.T.);
#1604 = ORIENTED_EDGE('',*,*,#734,.T.);
#1605 = ORIENTED_EDGE('',*,*,#817,.T.);
#1606 = ORIENTED_EDGE('',*,*,#900,.T.);
#1607 = ORIENTED_EDGE('',*,*,#980,.T.);
#1608 = ORIENTED_EDGE('',*,*,#1056,.T.);
#1609 = ORIENTED_EDGE('',*,*,#1134,.T.);
#1610 = ORIENTED_EDGE('',*,*,#1213,.T.);
#1611 = ORIENTED_EDGE('',*,*,#1296,.T.);
#1612 = ORIENTED_EDGE('',*,*,#1379,.T.);
#1613 = ORIENTED_EDGE('',*,*,#1462,.T.);
#1614 = ORIENTED_EDGE('',*,*,#1537,.T.);
#1615 = MANIFOLD_SOLID_BREP('',#1616);
#1616 = CLOSED_SHELL('',(#1617,#1753,#1839,#1915,#1996,#2043,#2051));
#1617 = ADVANCED_FACE('',(#1618),#1632,.F.);
#1618 = FACE_BOUND('',#1619,.F.);
#1619 = EDGE_LOOP('',(#1620,#1661,#1694,#1722));
#1620 = ORIENTED_EDGE('',*,*,#1621,.T.);
#1621 = EDGE_CURVE('',#1622,#1624,#1626,.T.);
#1622 = VERTEX_POINT('',#1623);
#1623 = CARTESIAN_POINT('',(4.809748432818,-6.750588451379,2.4));
#1624 = VERTEX_POINT('',#1625);
#1625 = CARTESIAN_POINT('',(4.809748432818,-6.750588451379,3.6));
#1626 = SURFACE_CURVE('',#1627,(#1631,#1646),.PCURVE_S1.);
#1627 = LINE('',#1628,#1629);
#1628 = CARTESIAN_POINT('',(4.809748432818,-6.750588451379,2.4));
#1629 = VECTOR('',#1630,1.);
#1630 = DIRECTION('',(0.,0.,1.));
#1631 = PCURVE('',#1632,#1640);
#1632 = SURFACE_OF_LINEAR_EXTRUSION('',#1633,#1638);
#1633 = ELLIPSE('',#1634,5.717456547239,1.633559013497);
#1634 = AXIS2_PLACEMENT_3D('',#1635,#1636,#1637);
#1635 = CARTESIAN_POINT('',(0.766896137126,-10.79344074707,2.4));
#1636 = DIRECTION('',(0.,0.,1.));
#1637 = DIRECTION('',(-0.707106781187,-0.707106781187,0.));
#1638 = VECTOR('',#1639,1.);
#1639 = DIRECTION('',(-0.,-0.,-1.));
#1640 = DEFINITIONAL_REPRESENTATION('',(#1641),#1645);
#1641 = LINE('',#1642,#1643);
#1642 = CARTESIAN_POINT('',(3.14159265359,0.));
#1643 = VECTOR('',#1644,1.);
#1644 = DIRECTION('',(0.,-1.));
#1645 = ( GEOMETRIC_REPRESENTATION_CONTEXT(2) 
PARAMETRIC_REPRESENTATION_CONTEXT() REPRESENTATION_CONTEXT('2D SPACE',''
  ) );
#1646 = PCURVE('',#1647,#1655);
#1647 = SURFACE_OF_LINEAR_EXTRUSION('',#1648,#1653);
#1648 = ELLIPSE('',#1649,5.717456547239,1.633559013497);
#1649 = AXIS2_PLACEMENT_3D('',#1650,#1651,#1652);
#1650 = CARTESIAN_POINT('',(0.766896137126,-10.79344074707,2.4));
#1651 = DIRECTION('',(0.,0.,1.));
#1652 = DIRECTION('',(-0.707106781187,-0.707106781187,0.));
#1653 = VECTOR('',#1654,1.);
#1654 = DIRECTION('',(-0.,-0.,-1.));
#1655 = DEFINITIONAL_REPRESENTATION('',(#1656),#1660);
#1656 = LINE('',#1657,#1658);
#1657 = CARTESIAN_POINT('',(3.14159265359,0.));
#1658 = VECTOR('',#1659,1.);
#1659 = DIRECTION('',(0.,-1.));
#1660 = ( GEOMETRIC_REPRESENTATION_CONTEXT(2) 
PARAMETRIC_REPRESENTATION_CONTEXT() REPRESENTATION_CONTEXT('2D SPACE',''
  ) );
#1661 = ORIENTED_EDGE('',*,*,#1662,.T.);
#1662 = EDGE_CURVE('',#1624,#1663,#1665,.T.);
#1663 = VERTEX_POINT('',#1664);
#1664 = CARTESIAN_POINT('',(0.560336905497,-8.750189447252,3.6));
#1665 = SURFACE_CURVE('',#1666,(#1671,#1678),.PCURVE_S1.);
#1666 = ELLIPSE('',#1667,5.717456547239,1.633559013497);
#1667 = AXIS2_PLACEMENT_3D('',#1668,#1669,#1670);
#1668 = CARTESIAN_POINT('',(0.766896137126,-10.79344074707,3.6));
#1669 = DIRECTION('',(0.,0.,1.));
#1670 = DIRECTION('',(-0.707106781187,-0.707106781187,0.));
#1671 = PCURVE('',#1632,#1672);
#1672 = DEFINITIONAL_REPRESENTATION('',(#1673),#1677);
#1673 = LINE('',#1674,#1675);
#1674 = CARTESIAN_POINT('',(0.,-1.2));
#1675 = VECTOR('',#1676,1.);
#1676 = DIRECTION('',(1.,0.));
#1677 = ( GEOMETRIC_REPRESENTATION_CONTEXT(2) 
PARAMETRIC_REPRESENTATION_CONTEXT() REPRESENTATION_CONTEXT('2D SPACE',''
  ) );
#1678 = PCURVE('',#1679,#1684);
#1679 = PLANE('',#1680);
#1680 = AXIS2_PLACEMENT_3D('',#1681,#1682,#1683);
#1681 = CARTESIAN_POINT('',(2.95193725178,-8.608399632416,3.6));
#1682 = DIRECTION('',(-0.,-0.,-1.));
#1683 = DIRECTION('',(-1.,0.,0.));
#1684 = DEFINITIONAL_REPRESENTATION('',(#1685),#1693);
#1685 = ( BOUNDED_CURVE() B_SPLINE_CURVE(2,(#1686,#1687,#1688,#1689,
#1690,#1691,#1692),.UNSPECIFIED.,.T.,.F.) B_SPLINE_CURVE_WITH_KNOTS((1,2
    ,2,2,2,1),(-2.094395102393,0.,2.094395102393,4.188790204786,
6.28318530718,8.377580409573),.UNSPECIFIED.) CURVE() 
GEOMETRIC_REPRESENTATION_ITEM() RATIONAL_B_SPLINE_CURVE((1.,0.5,1.,0.5,
1.,0.5,1.)) REPRESENTATION_ITEM('') );
#1686 = CARTESIAN_POINT('',(6.227893410347,-6.227893410347));
#1687 = CARTESIAN_POINT('',(4.227200386451,-8.228586434243));
#1688 = CARTESIAN_POINT('',(-0.83673154514,-1.163961478756));
#1689 = CARTESIAN_POINT('',(-5.90066347673,5.90066347673));
#1690 = CARTESIAN_POINT('',(1.163961478756,0.83673154514));
#1691 = CARTESIAN_POINT('',(8.228586434243,-4.227200386451));
#1692 = CARTESIAN_POINT('',(6.227893410347,-6.227893410347));
#1693 = ( GEOMETRIC_REPRESENTATION_CONTEXT(2) 
PARAMETRIC_REPRESENTATION_CONTEXT() REPRESENTATION_CONTEXT('2D SPACE',''
  ) );
#1694 = ORIENTED_EDGE('',*,*,#1695,.F.);
#1695 = EDGE_CURVE('',#1696,#1663,#1698,.T.);
#1696 = VERTEX_POINT('',#1697);
#1697 = CARTESIAN_POINT('',(0.560336905497,-8.750189447252,2.4));
#1698 = SURFACE_CURVE('',#1699,(#1703,#1710),.PCURVE_S1.);
#1699 = LINE('',#1700,#1701);
#1700 = CARTESIAN_POINT('',(0.560336905497,-8.750189447252,2.4));
#1701 = VECTOR('',#1702,1.);
#1702 = DIRECTION('',(0.,0.,1.));
#1703 = PCURVE('',#1632,#1704);
#1704 = DEFINITIONAL_REPRESENTATION('',(#1705),#1709);
#1705 = LINE('',#1706,#1707);
#1706 = CARTESIAN_POINT('',(4.483235718329,0.));
#1707 = VECTOR('',#1708,1.);
#1708 = DIRECTION('',(0.,-1.));
#1709 = ( GEOMETRIC_REPRESENTATION_CONTEXT(2) 
PARAMETRIC_REPRESENTATION_CONTEXT() REPRESENTATION_CONTEXT('2D SPACE',''
  ) );
#1710 = PCURVE('',#1711,#1716);
#1711 = PLANE('',#1712);
#1712 = AXIS2_PLACEMENT_3D('',#1713,#1714,#1715);
#1713 = CARTESIAN_POINT('',(0.984600974209,-9.174453515964,2.4));
#1714 = DIRECTION('',(-0.707106781187,-0.707106781187,0.));
#1715 = DIRECTION('',(-0.707106781187,0.707106781187,0.));
#1716 = DEFINITIONAL_REPRESENTATION('',(#1717),#1721);
#1717 = LINE('',#1718,#1719);
#1718 = CARTESIAN_POINT('',(0.6,0.));
#1719 = VECTOR('',#1720,1.);
#1720 = DIRECTION('',(0.,-1.));
#1721 = ( GEOMETRIC_REPRESENTATION_CONTEXT(2) 
PARAMETRIC_REPRESENTATION_CONTEXT() REPRESENTATION_CONTEXT('2D SPACE',''
  ) );
#1722 = ORIENTED_EDGE('',*,*,#1723,.F.);
#1723 = EDGE_CURVE('',#1622,#1696,#1724,.T.);
#1724 = SURFACE_CURVE('',#1725,(#1730,#1737),.PCURVE_S1.);
#1725 = ELLIPSE('',#1726,5.717456547239,1.633559013497);
#1726 = AXIS2_PLACEMENT_3D('',#1727,#1728,#1729);
#1727 = CARTESIAN_POINT('',(0.766896137126,-10.79344074707,2.4));
#1728 = DIRECTION('',(0.,0.,1.));
#1729 = DIRECTION('',(-0.707106781187,-0.707106781187,0.));
#1730 = PCURVE('',#1632,#1731);
#1731 = DEFINITIONAL_REPRESENTATION('',(#1732),#1736);
#1732 = LINE('',#1733,#1734);
#1733 = CARTESIAN_POINT('',(0.,0.));
#1734 = VECTOR('',#1735,1.);
#1735 = DIRECTION('',(1.,0.));
#1736 = ( GEOMETRIC_REPRESENTATION_CONTEXT(2) 
PARAMETRIC_REPRESENTATION_CONTEXT() REPRESENTATION_CONTEXT('2D SPACE',''
  ) );
#1737 = PCURVE('',#1738,#1743);
#1738 = PLANE('',#1739);
#1739 = AXIS2_PLACEMENT_3D('',#1740,#1741,#1742);
#1740 = CARTESIAN_POINT('',(2.95193725178,-8.608399632416,2.4));
#1741 = DIRECTION('',(-0.,-0.,-1.));
#1742 = DIRECTION('',(-1.,0.,0.));
#1743 = DEFINITIONAL_REPRESENTATION('',(#1744),#1752);
#1744 = ( BOUNDED_CURVE() B_SPLINE_CURVE(2,(#1745,#1746,#1747,#1748,
#1749,#1750,#1751),.UNSPECIFIED.,.T.,.F.) B_SPLINE_CURVE_WITH_KNOTS((1,2
    ,2,2,2,1),(-2.094395102393,0.,2.094395102393,4.188790204786,
6.28318530718,8.377580409573),.UNSPECIFIED.) CURVE() 
GEOMETRIC_REPRESENTATION_ITEM() RATIONAL_B_SPLINE_CURVE((1.,0.5,1.,0.5,
1.,0.5,1.)) REPRESENTATION_ITEM('') );
#1745 = CARTESIAN_POINT('',(6.227893410347,-6.227893410347));
#1746 = CARTESIAN_POINT('',(4.227200386451,-8.228586434243));
#1747 = CARTESIAN_POINT('',(-0.83673154514,-1.163961478756));
#1748 = CARTESIAN_POINT('',(-5.90066347673,5.90066347673));
#1749 = CARTESIAN_POINT('',(1.163961478756,0.83673154514));
#1750 = CARTESIAN_POINT('',(8.228586434243,-4.227200386451));
#1751 = CARTESIAN_POINT('',(6.227893410347,-6.227893410347));
#1752 = ( GEOMETRIC_REPRESENTATION_CONTEXT(2) 
PARAMETRIC_REPRESENTATION_CONTEXT() REPRESENTATION_CONTEXT('2D SPACE',''
  ) );
#1753 = ADVANCED_FACE('',(#1754),#1647,.F.);
#1754 = FACE_BOUND('',#1755,.F.);
#1755 = EDGE_LOOP('',(#1756,#1786,#1812,#1813));
#1756 = ORIENTED_EDGE('',*,*,#1757,.T.);
#1757 = EDGE_CURVE('',#1758,#1760,#1762,.T.);
#1758 = VERTEX_POINT('',#1759);
#1759 = CARTESIAN_POINT('',(2.810147436945,-10.99999997869,2.4));
#1760 = VERTEX_POINT('',#1761);
#1761 = CARTESIAN_POINT('',(2.810147436945,-10.99999997869,3.6));
#1762 = SURFACE_CURVE('',#1763,(#1767,#1774),.PCURVE_S1.);
#1763 = LINE('',#1764,#1765);
#1764 = CARTESIAN_POINT('',(2.810147436945,-10.99999997869,2.4));
#1765 = VECTOR('',#1766,1.);
#1766 = DIRECTION('',(0.,0.,1.));
#1767 = PCURVE('',#1647,#1768);
#1768 = DEFINITIONAL_REPRESENTATION('',(#1769),#1773);
#1769 = LINE('',#1770,#1771);
#1770 = CARTESIAN_POINT('',(1.79994958885,0.));
#1771 = VECTOR('',#1772,1.);
#1772 = DIRECTION('',(0.,-1.));
#1773 = ( GEOMETRIC_REPRESENTATION_CONTEXT(2) 
PARAMETRIC_REPRESENTATION_CONTEXT() REPRESENTATION_CONTEXT('2D SPACE',''
  ) );
#1774 = PCURVE('',#1775,#1780);
#1775 = PLANE('',#1776);
#1776 = AXIS2_PLACEMENT_3D('',#1777,#1778,#1779);
#1777 = CARTESIAN_POINT('',(2.810147436945,-10.99999997869,2.4));
#1778 = DIRECTION('',(-0.707106781187,-0.707106781187,0.));
#1779 = DIRECTION('',(-0.707106781187,0.707106781187,0.));
#1780 = DEFINITIONAL_REPRESENTATION('',(#1781),#1785);
#1781 = LINE('',#1782,#1783);
#1782 = CARTESIAN_POINT('',(-3.140184917368E-16,0.));
#1783 = VECTOR('',#1784,1.);
#1784 = DIRECTION('',(0.,-1.));
#1785 = ( GEOMETRIC_REPRESENTATION_CONTEXT(2) 
PARAMETRIC_REPRESENTATION_CONTEXT() REPRESENTATION_CONTEXT('2D SPACE',''
  ) );
#1786 = ORIENTED_EDGE('',*,*,#1787,.T.);
#1787 = EDGE_CURVE('',#1760,#1624,#1788,.T.);
#1788 = SURFACE_CURVE('',#1789,(#1794,#1801),.PCURVE_S1.);
#1789 = ELLIPSE('',#1790,5.717456547239,1.633559013497);
#1790 = AXIS2_PLACEMENT_3D('',#1791,#1792,#1793);
#1791 = CARTESIAN_POINT('',(0.766896137126,-10.79344074707,3.6));
#1792 = DIRECTION('',(0.,0.,1.));
#1793 = DIRECTION('',(-0.707106781187,-0.707106781187,0.));
#1794 = PCURVE('',#1647,#1795);
#1795 = DEFINITIONAL_REPRESENTATION('',(#1796),#1800);
#1796 = LINE('',#1797,#1798);
#1797 = CARTESIAN_POINT('',(0.,-1.2));
#1798 = VECTOR('',#1799,1.);
#1799 = DIRECTION('',(1.,0.));
#1800 = ( GEOMETRIC_REPRESENTATION_CONTEXT(2) 
PARAMETRIC_REPRESENTATION_CONTEXT() REPRESENTATION_CONTEXT('2D SPACE',''
  ) );
#1801 = PCURVE('',#1679,#1802);
#1802 = DEFINITIONAL_REPRESENTATION('',(#1803),#1811);
#1803 = ( BOUNDED_CURVE() B_SPLINE_CURVE(2,(#1804,#1805,#1806,#1807,
#1808,#1809,#1810),.UNSPECIFIED.,.T.,.F.) B_SPLINE_CURVE_WITH_KNOTS((1,2
    ,2,2,2,1),(-2.094395102393,0.,2.094395102393,4.188790204786,
6.28318530718,8.377580409573),.UNSPECIFIED.) CURVE() 
GEOMETRIC_REPRESENTATION_ITEM() RATIONAL_B_SPLINE_CURVE((1.,0.5,1.,0.5,
1.,0.5,1.)) REPRESENTATION_ITEM('') );
#1804 = CARTESIAN_POINT('',(6.227893410347,-6.227893410347));
#1805 = CARTESIAN_POINT('',(4.227200386451,-8.228586434243));
#1806 = CARTESIAN_POINT('',(-0.83673154514,-1.163961478756));
#1807 = CARTESIAN_POINT('',(-5.90066347673,5.90066347673));
#1808 = CARTESIAN_POINT('',(1.163961478756,0.83673154514));
#1809 = CARTESIAN_POINT('',(8.228586434243,-4.227200386451));
#1810 = CARTESIAN_POINT('',(6.227893410347,-6.227893410347));
#1811 = ( GEOMETRIC_REPRESENTATION_CONTEXT(2) 
PARAMETRIC_REPRESENTATION_CONTEXT() REPRESENTATION_CONTEXT('2D SPACE',''
  ) );
#1812 = ORIENTED_EDGE('',*,*,#1621,.F.);
#1813 = ORIENTED_EDGE('',*,*,#1814,.F.);
#1814 = EDGE_CURVE('',#1758,#1622,#1815,.T.);
#1815 = SURFACE_CURVE('',#1816,(#1821,#1828),.PCURVE_S1.);
#1816 = ELLIPSE('',#1817,5.717456547239,1.633559013497);
#1817 = AXIS2_PLACEMENT_3D('',#1818,#1819,#1820);
#1818 = CARTESIAN_POINT('',(0.766896137126,-10.79344074707,2.4));
#1819 = DIRECTION('',(0.,0.,1.));
#1820 = DIRECTION('',(-0.707106781187,-0.707106781187,0.));
#1821 = PCURVE('',#1647,#1822);
#1822 = DEFINITIONAL_REPRESENTATION('',(#1823),#1827);
#1823 = LINE('',#1824,#1825);
#1824 = CARTESIAN_POINT('',(0.,0.));
#1825 = VECTOR('',#1826,1.);
#1826 = DIRECTION('',(1.,0.));
#1827 = ( GEOMETRIC_REPRESENTATION_CONTEXT(2) 
PARAMETRIC_REPRESENTATION_CONTEXT() REPRESENTATION_CONTEXT('2D SPACE',''
  ) );
#1828 = PCURVE('',#1738,#1829);
#1829 = DEFINITIONAL_REPRESENTATION('',(#1830),#1838);
#1830 = ( BOUNDED_CURVE() B_SPLINE_CURVE(2,(#1831,#1832,#1833,#1834,
#1835,#1836,#1837),.UNSPECIFIED.,.T.,.F.) B_SPLINE_CURVE_WITH_KNOTS((1,2
    ,2,2,2,1),(-2.094395102393,0.,2.094395102393,4.188790204786,
6.28318530718,8.377580409573),.UNSPECIFIED.) CURVE() 
GEOMETRIC_REPRESENTATION_ITEM() RATIONAL_B_SPLINE_CURVE((1.,0.5,1.,0.5,
1.,0.5,1.)) REPRESENTATION_ITEM('') );
#1831 = CARTESIAN_POINT('',(6.227893410347,-6.227893410347));
#1832 = CARTESIAN_POINT('',(4.227200386451,-8.228586434243));
#1833 = CARTESIAN_POINT('',(-0.83673154514,-1.163961478756));
#1834 = CARTESIAN_POINT('',(-5.90066347673,5.90066347673));
#1835 = CARTESIAN_POINT('',(1.163961478756,0.83673154514));
#1836 = CARTESIAN_POINT('',(8.228586434243,-4.227200386451));
#1837 = CARTESIAN_POINT('',(6.227893410347,-6.227893410347));
#1838 = ( GEOMETRIC_REPRESENTATION_CONTEXT(2) 
PARAMETRIC_REPRESENTATION_CONTEXT() REPRESENTATION_CONTEXT('2D SPACE',''
  ) );
#1839 = ADVANCED_FACE('',(#1840),#1775,.T.);
#1840 = FACE_BOUND('',#1841,.T.);
#1841 = EDGE_LOOP('',(#1842,#1843,#1866,#1894));
#1842 = ORIENTED_EDGE('',*,*,#1757,.T.);
#1843 = ORIENTED_EDGE('',*,*,#1844,.T.);
#1844 = EDGE_CURVE('',#1760,#1845,#1847,.T.);
#1845 = VERTEX_POINT('',#1846);
#1846 = CARTESIAN_POINT('',(2.385883368233,-10.57573590998,3.6));
#1847 = SURFACE_CURVE('',#1848,(#1852,#1859),.PCURVE_S1.);
#1848 = LINE('',#1849,#1850);
#1849 = CARTESIAN_POINT('',(2.810147436945,-10.99999997869,3.6));
#1850 = VECTOR('',#1851,1.);
#1851 = DIRECTION('',(-0.707106781187,0.707106781187,0.));
#1852 = PCURVE('',#1775,#1853);
#1853 = DEFINITIONAL_REPRESENTATION('',(#1854),#1858);
#1854 = LINE('',#1855,#1856);
#1855 = CARTESIAN_POINT('',(0.,-1.2));
#1856 = VECTOR('',#1857,1.);
#1857 = DIRECTION('',(1.,0.));
#1858 = ( GEOMETRIC_REPRESENTATION_CONTEXT(2) 
PARAMETRIC_REPRESENTATION_CONTEXT() REPRESENTATION_CONTEXT('2D SPACE',''
  ) );
#1859 = PCURVE('',#1679,#1860);
#1860 = DEFINITIONAL_REPRESENTATION('',(#1861),#1865);
#1861 = LINE('',#1862,#1863);
#1862 = CARTESIAN_POINT('',(0.141789814836,-2.391600346283));
#1863 = VECTOR('',#1864,1.);
#1864 = DIRECTION('',(0.707106781187,0.707106781187));
#1865 = ( GEOMETRIC_REPRESENTATION_CONTEXT(2) 
PARAMETRIC_REPRESENTATION_CONTEXT() REPRESENTATION_CONTEXT('2D SPACE',''
  ) );
#1866 = ORIENTED_EDGE('',*,*,#1867,.F.);
#1867 = EDGE_CURVE('',#1868,#1845,#1870,.T.);
#1868 = VERTEX_POINT('',#1869);
#1869 = CARTESIAN_POINT('',(2.385883368233,-10.57573590998,2.4));
#1870 = SURFACE_CURVE('',#1871,(#1875,#1882),.PCURVE_S1.);
#1871 = LINE('',#1872,#1873);
#1872 = CARTESIAN_POINT('',(2.385883368233,-10.57573590998,2.4));
#1873 = VECTOR('',#1874,1.);
#1874 = DIRECTION('',(0.,0.,1.));
#1875 = PCURVE('',#1775,#1876);
#1876 = DEFINITIONAL_REPRESENTATION('',(#1877),#1881);
#1877 = LINE('',#1878,#1879);
#1878 = CARTESIAN_POINT('',(0.6,0.));
#1879 = VECTOR('',#1880,1.);
#1880 = DIRECTION('',(0.,-1.));
#1881 = ( GEOMETRIC_REPRESENTATION_CONTEXT(2) 
PARAMETRIC_REPRESENTATION_CONTEXT() REPRESENTATION_CONTEXT('2D SPACE',''
  ) );
#1882 = PCURVE('',#1883,#1888);
#1883 = CYLINDRICAL_SURFACE('',#1884,1.633559013497);
#1884 = AXIS2_PLACEMENT_3D('',#1885,#1886,#1887);
#1885 = CARTESIAN_POINT('',(0.766896137126,-10.79344074707,2.4));
#1886 = DIRECTION('',(-0.,-0.,-1.));
#1887 = DIRECTION('',(0.991079733105,0.13327026161,-0.));
#1888 = DEFINITIONAL_REPRESENTATION('',(#1889),#1893);
#1889 = LINE('',#1890,#1891);
#1890 = CARTESIAN_POINT('',(-0.,0.));
#1891 = VECTOR('',#1892,1.);
#1892 = DIRECTION('',(-0.,-1.));
#1893 = ( GEOMETRIC_REPRESENTATION_CONTEXT(2) 
PARAMETRIC_REPRESENTATION_CONTEXT() REPRESENTATION_CONTEXT('2D SPACE',''
  ) );
#1894 = ORIENTED_EDGE('',*,*,#1895,.F.);
#1895 = EDGE_CURVE('',#1758,#1868,#1896,.T.);
#1896 = SURFACE_CURVE('',#1897,(#1901,#1908),.PCURVE_S1.);
#1897 = LINE('',#1898,#1899);
#1898 = CARTESIAN_POINT('',(2.810147436945,-10.99999997869,2.4));
#1899 = VECTOR('',#1900,1.);
#1900 = DIRECTION('',(-0.707106781187,0.707106781187,0.));
#1901 = PCURVE('',#1775,#1902);
#1902 = DEFINITIONAL_REPRESENTATION('',(#1903),#1907);
#1903 = LINE('',#1904,#1905);
#1904 = CARTESIAN_POINT('',(0.,0.));
#1905 = VECTOR('',#1906,1.);
#1906 = DIRECTION('',(1.,0.));
#1907 = ( GEOMETRIC_REPRESENTATION_CONTEXT(2) 
PARAMETRIC_REPRESENTATION_CONTEXT() REPRESENTATION_CONTEXT('2D SPACE',''
  ) );
#1908 = PCURVE('',#1738,#1909);
#1909 = DEFINITIONAL_REPRESENTATION('',(#1910),#1914);
#1910 = LINE('',#1911,#1912);
#1911 = CARTESIAN_POINT('',(0.141789814836,-2.391600346283));
#1912 = VECTOR('',#1913,1.);
#1913 = DIRECTION('',(0.707106781187,0.707106781187));
#1914 = ( GEOMETRIC_REPRESENTATION_CONTEXT(2) 
PARAMETRIC_REPRESENTATION_CONTEXT() REPRESENTATION_CONTEXT('2D SPACE',''
  ) );
#1915 = ADVANCED_FACE('',(#1916),#1883,.F.);
#1916 = FACE_BOUND('',#1917,.T.);
#1917 = EDGE_LOOP('',(#1918,#1919,#1947,#1970));
#1918 = ORIENTED_EDGE('',*,*,#1867,.T.);
#1919 = ORIENTED_EDGE('',*,*,#1920,.T.);
#1920 = EDGE_CURVE('',#1845,#1921,#1923,.T.);
#1921 = VERTEX_POINT('',#1922);
#1922 = CARTESIAN_POINT('',(0.984600974209,-9.174453515964,3.6));
#1923 = SURFACE_CURVE('',#1924,(#1929,#1936),.PCURVE_S1.);
#1924 = CIRCLE('',#1925,1.633559013497);
#1925 = AXIS2_PLACEMENT_3D('',#1926,#1927,#1928);
#1926 = CARTESIAN_POINT('',(0.766896137126,-10.79344074707,3.6));
#1927 = DIRECTION('',(0.,0.,1.));
#1928 = DIRECTION('',(0.991079733105,0.13327026161,-0.));
#1929 = PCURVE('',#1883,#1930);
#1930 = DEFINITIONAL_REPRESENTATION('',(#1931),#1935);
#1931 = LINE('',#1932,#1933);
#1932 = CARTESIAN_POINT('',(-0.,-1.2));
#1933 = VECTOR('',#1934,1.);
#1934 = DIRECTION('',(-1.,0.));
#1935 = ( GEOMETRIC_REPRESENTATION_CONTEXT(2) 
PARAMETRIC_REPRESENTATION_CONTEXT() REPRESENTATION_CONTEXT('2D SPACE',''
  ) );
#1936 = PCURVE('',#1679,#1937);
#1937 = DEFINITIONAL_REPRESENTATION('',(#1938),#1946);
#1938 = ( BOUNDED_CURVE() B_SPLINE_CURVE(2,(#1939,#1940,#1941,#1942,
#1943,#1944,#1945),.UNSPECIFIED.,.T.,.F.) B_SPLINE_CURVE_WITH_KNOTS((1,2
    ,2,2,2,1),(-2.094395102393,0.,2.094395102393,4.188790204786,
6.28318530718,8.377580409573),.UNSPECIFIED.) CURVE() 
GEOMETRIC_REPRESENTATION_ITEM() RATIONAL_B_SPLINE_CURVE((1.,0.5,1.,0.5,
1.,0.5,1.)) REPRESENTATION_ITEM('') );
#1939 = CARTESIAN_POINT('',(0.566053883548,-1.967336277571));
#1940 = CARTESIAN_POINT('',(0.94312972243,0.836831863512));
#1941 = CARTESIAN_POINT('',(3.183072649649,-0.891809462655));
#1942 = CARTESIAN_POINT('',(5.423015576869,-2.620450788822));
#1943 = CARTESIAN_POINT('',(2.805996810767,-3.695977603738));
#1944 = CARTESIAN_POINT('',(0.188978044665,-4.771504418654));
#1945 = CARTESIAN_POINT('',(0.566053883548,-1.967336277571));
#1946 = ( GEOMETRIC_REPRESENTATION_CONTEXT(2) 
PARAMETRIC_REPRESENTATION_CONTEXT() REPRESENTATION_CONTEXT('2D SPACE',''
  ) );
#1947 = ORIENTED_EDGE('',*,*,#1948,.F.);
#1948 = EDGE_CURVE('',#1949,#1921,#1951,.T.);
#1949 = VERTEX_POINT('',#1950);
#1950 = CARTESIAN_POINT('',(0.984600974209,-9.174453515964,2.4));
#1951 = SURFACE_CURVE('',#1952,(#1956,#1963),.PCURVE_S1.);
#1952 = LINE('',#1953,#1954);
#1953 = CARTESIAN_POINT('',(0.984600974209,-9.174453515964,2.4));
#1954 = VECTOR('',#1955,1.);
#1955 = DIRECTION('',(0.,0.,1.));
#1956 = PCURVE('',#1883,#1957);
#1957 = DEFINITIONAL_REPRESENTATION('',(#1958),#1962);
#1958 = LINE('',#1959,#1960);
#1959 = CARTESIAN_POINT('',(-1.303460427328,0.));
#1960 = VECTOR('',#1961,1.);
#1961 = DIRECTION('',(-0.,-1.));
#1962 = ( GEOMETRIC_REPRESENTATION_CONTEXT(2) 
PARAMETRIC_REPRESENTATION_CONTEXT() REPRESENTATION_CONTEXT('2D SPACE',''
  ) );
#1963 = PCURVE('',#1711,#1964);
#1964 = DEFINITIONAL_REPRESENTATION('',(#1965),#1969);
#1965 = LINE('',#1966,#1967);
#1966 = CARTESIAN_POINT('',(7.850462293419E-17,0.));
#1967 = VECTOR('',#1968,1.);
#1968 = DIRECTION('',(0.,-1.));
#1969 = ( GEOMETRIC_REPRESENTATION_CONTEXT(2) 
PARAMETRIC_REPRESENTATION_CONTEXT() REPRESENTATION_CONTEXT('2D SPACE',''
  ) );
#1970 = ORIENTED_EDGE('',*,*,#1971,.F.);
#1971 = EDGE_CURVE('',#1868,#1949,#1972,.T.);
#1972 = SURFACE_CURVE('',#1973,(#1978,#1985),.PCURVE_S1.);
#1973 = CIRCLE('',#1974,1.633559013497);
#1974 = AXIS2_PLACEMENT_3D('',#1975,#1976,#1977);
#1975 = CARTESIAN_POINT('',(0.766896137126,-10.79344074707,2.4));
#1976 = DIRECTION('',(0.,0.,1.));
#1977 = DIRECTION('',(0.991079733105,0.13327026161,-0.));
#1978 = PCURVE('',#1883,#1979);
#1979 = DEFINITIONAL_REPRESENTATION('',(#1980),#1984);
#1980 = LINE('',#1981,#1982);
#1981 = CARTESIAN_POINT('',(-0.,0.));
#1982 = VECTOR('',#1983,1.);
#1983 = DIRECTION('',(-1.,0.));
#1984 = ( GEOMETRIC_REPRESENTATION_CONTEXT(2) 
PARAMETRIC_REPRESENTATION_CONTEXT() REPRESENTATION_CONTEXT('2D SPACE',''
  ) );
#1985 = PCURVE('',#1738,#1986);
#1986 = DEFINITIONAL_REPRESENTATION('',(#1987),#1995);
#1987 = ( BOUNDED_CURVE() B_SPLINE_CURVE(2,(#1988,#1989,#1990,#1991,
#1992,#1993,#1994),.UNSPECIFIED.,.T.,.F.) B_SPLINE_CURVE_WITH_KNOTS((1,2
    ,2,2,2,1),(-2.094395102393,0.,2.094395102393,4.188790204786,
6.28318530718,8.377580409573),.UNSPECIFIED.) CURVE() 
GEOMETRIC_REPRESENTATION_ITEM() RATIONAL_B_SPLINE_CURVE((1.,0.5,1.,0.5,
1.,0.5,1.)) REPRESENTATION_ITEM('') );
#1988 = CARTESIAN_POINT('',(0.566053883548,-1.967336277571));
#1989 = CARTESIAN_POINT('',(0.94312972243,0.836831863512));
#1990 = CARTESIAN_POINT('',(3.183072649649,-0.891809462655));
#1991 = CARTESIAN_POINT('',(5.423015576869,-2.620450788822));
#1992 = CARTESIAN_POINT('',(2.805996810767,-3.695977603738));
#1993 = CARTESIAN_POINT('',(0.188978044665,-4.771504418654));
#1994 = CARTESIAN_POINT('',(0.566053883548,-1.967336277571));
#1995 = ( GEOMETRIC_REPRESENTATION_CONTEXT(2) 
PARAMETRIC_REPRESENTATION_CONTEXT() REPRESENTATION_CONTEXT('2D SPACE',''
  ) );
#1996 = ADVANCED_FACE('',(#1997),#1711,.T.);
#1997 = FACE_BOUND('',#1998,.T.);
#1998 = EDGE_LOOP('',(#1999,#2000,#2021,#2022));
#1999 = ORIENTED_EDGE('',*,*,#1948,.T.);
#2000 = ORIENTED_EDGE('',*,*,#2001,.T.);
#2001 = EDGE_CURVE('',#1921,#1663,#2002,.T.);
#2002 = SURFACE_CURVE('',#2003,(#2007,#2014),.PCURVE_S1.);
#2003 = LINE('',#2004,#2005);
#2004 = CARTESIAN_POINT('',(0.984600974209,-9.174453515964,3.6));
#2005 = VECTOR('',#2006,1.);
#2006 = DIRECTION('',(-0.707106781187,0.707106781187,0.));
#2007 = PCURVE('',#1711,#2008);
#2008 = DEFINITIONAL_REPRESENTATION('',(#2009),#2013);
#2009 = LINE('',#2010,#2011);
#2010 = CARTESIAN_POINT('',(0.,-1.2));
#2011 = VECTOR('',#2012,1.);
#2012 = DIRECTION('',(1.,0.));
#2013 = ( GEOMETRIC_REPRESENTATION_CONTEXT(2) 
PARAMETRIC_REPRESENTATION_CONTEXT() REPRESENTATION_CONTEXT('2D SPACE',''
  ) );
#2014 = PCURVE('',#1679,#2015);
#2015 = DEFINITIONAL_REPRESENTATION('',(#2016),#2020);
#2016 = LINE('',#2017,#2018);
#2017 = CARTESIAN_POINT('',(1.967336277571,-0.566053883548));
#2018 = VECTOR('',#2019,1.);
#2019 = DIRECTION('',(0.707106781187,0.707106781187));
#2020 = ( GEOMETRIC_REPRESENTATION_CONTEXT(2) 
PARAMETRIC_REPRESENTATION_CONTEXT() REPRESENTATION_CONTEXT('2D SPACE',''
  ) );
#2021 = ORIENTED_EDGE('',*,*,#1695,.F.);
#2022 = ORIENTED_EDGE('',*,*,#2023,.F.);
#2023 = EDGE_CURVE('',#1949,#1696,#2024,.T.);
#2024 = SURFACE_CURVE('',#2025,(#2029,#2036),.PCURVE_S1.);
#2025 = LINE('',#2026,#2027);
#2026 = CARTESIAN_POINT('',(0.984600974209,-9.174453515964,2.4));
#2027 = VECTOR('',#2028,1.);
#2028 = DIRECTION('',(-0.707106781187,0.707106781187,0.));
#2029 = PCURVE('',#1711,#2030);
#2030 = DEFINITIONAL_REPRESENTATION('',(#2031),#2035);
#2031 = LINE('',#2032,#2033);
#2032 = CARTESIAN_POINT('',(0.,0.));
#2033 = VECTOR('',#2034,1.);
#2034 = DIRECTION('',(1.,0.));
#2035 = ( GEOMETRIC_REPRESENTATION_CONTEXT(2) 
PARAMETRIC_REPRESENTATION_CONTEXT() REPRESENTATION_CONTEXT('2D SPACE',''
  ) );
#2036 = PCURVE('',#1738,#2037);
#2037 = DEFINITIONAL_REPRESENTATION('',(#2038),#2042);
#2038 = LINE('',#2039,#2040);
#2039 = CARTESIAN_POINT('',(1.967336277571,-0.566053883548));
#2040 = VECTOR('',#2041,1.);
#2041 = DIRECTION('',(0.707106781187,0.707106781187));
#2042 = ( GEOMETRIC_REPRESENTATION_CONTEXT(2) 
PARAMETRIC_REPRESENTATION_CONTEXT() REPRESENTATION_CONTEXT('2D SPACE',''
  ) );
#2043 = ADVANCED_FACE('',(#2044),#1738,.T.);
#2044 = FACE_BOUND('',#2045,.T.);
#2045 = EDGE_LOOP('',(#2046,#2047,#2048,#2049,#2050));
#2046 = ORIENTED_EDGE('',*,*,#1723,.F.);
#2047 = ORIENTED_EDGE('',*,*,#1814,.F.);
#2048 = ORIENTED_EDGE('',*,*,#1895,.T.);
#2049 = ORIENTED_EDGE('',*,*,#1971,.T.);
#2050 = ORIENTED_EDGE('',*,*,#2023,.T.);
#2051 = ADVANCED_FACE('',(#2052),#1679,.F.);
#2052 = FACE_BOUND('',#2053,.F.);
#2053 = EDGE_LOOP('',(#2054,#2055,#2056,#2057,#2058));
#2054 = ORIENTED_EDGE('',*,*,#1662,.F.);
#2055 = ORIENTED_EDGE('',*,*,#1787,.F.);
#2056 = ORIENTED_EDGE('',*,*,#1844,.T.);
#2057 = ORIENTED_EDGE('',*,*,#1920,.T.);
#2058 = ORIENTED_EDGE('',*,*,#2001,.T.);
#2059 = ( GEOMETRIC_REPRESENTATION_CONTEXT(3) 
GLOBAL_UNCERTAINTY_ASSIGNED_CONTEXT((#2063)) 
GLOBAL_UNIT_ASSIGNED_CONTEXT((#2060,#2061,#2062)) REPRESENTATION_CONTEXT
('Context #1','3D Context with UNIT and UNCERTAINTY') );
#2060 = ( LENGTH_UNIT() NAMED_UNIT(*) SI_UNIT(.MILLI.,.METRE.) );
#2061 = ( NAMED_UNIT(*) PLANE_ANGLE_UNIT() SI_UNIT($,.RADIAN.) );
#2062 = ( NAMED_UNIT(*) SI_UNIT($,.STERADIAN.) SOLID_ANGLE_UNIT() );
#2063 = UNCERTAINTY_MEASURE_WITH_UNIT(LENGTH_MEASURE(1.E-07),#2060,
  'distance_accuracy_value','confusion accuracy');
#2064 = PRODUCT_RELATED_PRODUCT_CATEGORY('part',$,(#507));
#2065 = SHAPE_DEFINITION_REPRESENTATION(#2066,#2072);
#2066 = PRODUCT_DEFINITION_SHAPE('','',#2067);
#2067 = PRODUCT_DEFINITION('design','',#2068,#2071);
#2068 = PRODUCT_DEFINITION_FORMATION('','',#2069);
#2069 = PRODUCT('cones, M orange','cones, M orange','',(#2070));
#2070 = PRODUCT_CONTEXT('',#2,'mechanical');
#2071 = PRODUCT_DEFINITION_CONTEXT('part definition',#2,'design');
#2072 = SHAPE_REPRESENTATION('',(#11,#2073,#2483),#2913);
#2073 = MANIFOLD_SOLID_BREP('',#2074);
#2074 = CLOSED_SHELL('',(#2075,#2195,#2271,#2349,#2420,#2467,#2475));
#2075 = ADVANCED_FACE('',(#2076),#2090,.T.);
#2076 = FACE_BOUND('',#2077,.T.);
#2077 = EDGE_LOOP('',(#2078,#2113,#2141,#2169));
#2078 = ORIENTED_EDGE('',*,*,#2079,.T.);
#2079 = EDGE_CURVE('',#2080,#2082,#2084,.T.);
#2080 = VERTEX_POINT('',#2081);
#2081 = CARTESIAN_POINT('',(-5.829116038349,5.608411581453,2.4));
#2082 = VERTEX_POINT('',#2083);
#2083 = CARTESIAN_POINT('',(-5.829116038349,5.608411581453,3.6));
#2084 = SURFACE_CURVE('',#2085,(#2089,#2101),.PCURVE_S1.);
#2085 = LINE('',#2086,#2087);
#2086 = CARTESIAN_POINT('',(-5.829116038349,5.608411581453,2.4));
#2087 = VECTOR('',#2088,1.);
#2088 = DIRECTION('',(0.,0.,1.));
#2089 = PCURVE('',#2090,#2095);
#2090 = PLANE('',#2091);
#2091 = AXIS2_PLACEMENT_3D('',#2092,#2093,#2094);
#2092 = CARTESIAN_POINT('',(-5.829116038349,5.608411581453,2.4));
#2093 = DIRECTION('',(0.874157276122,-0.485642931179,0.));
#2094 = DIRECTION('',(-0.485642931179,-0.874157276122,0.));
#2095 = DEFINITIONAL_REPRESENTATION('',(#2096),#2100);
#2096 = LINE('',#2097,#2098);
#2097 = CARTESIAN_POINT('',(0.,0.));
#2098 = VECTOR('',#2099,1.);
#2099 = DIRECTION('',(0.,-1.));
#2100 = ( GEOMETRIC_REPRESENTATION_CONTEXT(2) 
PARAMETRIC_REPRESENTATION_CONTEXT() REPRESENTATION_CONTEXT('2D SPACE',''
  ) );
#2101 = PCURVE('',#2102,#2107);
#2102 = PLANE('',#2103);
#2103 = AXIS2_PLACEMENT_3D('',#2104,#2105,#2106);
#2104 = CARTESIAN_POINT('',(-11.01480795247,2.727471629159,2.4));
#2105 = DIRECTION('',(-0.485642931179,0.874157276122,0.));
#2106 = DIRECTION('',(0.874157276122,0.485642931179,0.));
#2107 = DEFINITIONAL_REPRESENTATION('',(#2108),#2112);
#2108 = LINE('',#2109,#2110);
#2109 = CARTESIAN_POINT('',(5.932218441443,0.));
#2110 = VECTOR('',#2111,1.);
#2111 = DIRECTION('',(0.,-1.));
#2112 = ( GEOMETRIC_REPRESENTATION_CONTEXT(2) 
PARAMETRIC_REPRESENTATION_CONTEXT() REPRESENTATION_CONTEXT('2D SPACE',''
  ) );
#2113 = ORIENTED_EDGE('',*,*,#2114,.T.);
#2114 = EDGE_CURVE('',#2082,#2115,#2117,.T.);
#2115 = VERTEX_POINT('',#2116);
#2116 = CARTESIAN_POINT('',(-8.710055990643,0.422719667324,3.6));
#2117 = SURFACE_CURVE('',#2118,(#2122,#2129),.PCURVE_S1.);
#2118 = LINE('',#2119,#2120);
#2119 = CARTESIAN_POINT('',(-5.829116038349,5.608411581453,3.6));
#2120 = VECTOR('',#2121,1.);
#2121 = DIRECTION('',(-0.485642931179,-0.874157276122,0.));
#2122 = PCURVE('',#2090,#2123);
#2123 = DEFINITIONAL_REPRESENTATION('',(#2124),#2128);
#2124 = LINE('',#2125,#2126);
#2125 = CARTESIAN_POINT('',(0.,-1.2));
#2126 = VECTOR('',#2127,1.);
#2127 = DIRECTION('',(1.,0.));
#2128 = ( GEOMETRIC_REPRESENTATION_CONTEXT(2) 
PARAMETRIC_REPRESENTATION_CONTEXT() REPRESENTATION_CONTEXT('2D SPACE',''
  ) );
#2129 = PCURVE('',#2130,#2135);
#2130 = PLANE('',#2131);
#2131 = AXIS2_PLACEMENT_3D('',#2132,#2133,#2134);
#2132 = CARTESIAN_POINT('',(-8.273106956053,3.164420663749,3.6));
#2133 = DIRECTION('',(0.,0.,1.));
#2134 = DIRECTION('',(1.,0.,-0.));
#2135 = DEFINITIONAL_REPRESENTATION('',(#2136),#2140);
#2136 = LINE('',#2137,#2138);
#2137 = CARTESIAN_POINT('',(2.443990917704,2.443990917704));
#2138 = VECTOR('',#2139,1.);
#2139 = DIRECTION('',(-0.485642931179,-0.874157276122));
#2140 = ( GEOMETRIC_REPRESENTATION_CONTEXT(2) 
PARAMETRIC_REPRESENTATION_CONTEXT() REPRESENTATION_CONTEXT('2D SPACE',''
  ) );
#2141 = ORIENTED_EDGE('',*,*,#2142,.F.);
#2142 = EDGE_CURVE('',#2143,#2115,#2145,.T.);
#2143 = VERTEX_POINT('',#2144);
#2144 = CARTESIAN_POINT('',(-8.710055990643,0.422719667324,2.4));
#2145 = SURFACE_CURVE('',#2146,(#2150,#2157),.PCURVE_S1.);
#2146 = LINE('',#2147,#2148);
#2147 = CARTESIAN_POINT('',(-8.710055990643,0.422719667324,2.4));
#2148 = VECTOR('',#2149,1.);
#2149 = DIRECTION('',(0.,0.,1.));
#2150 = PCURVE('',#2090,#2151);
#2151 = DEFINITIONAL_REPRESENTATION('',(#2152),#2156);
#2152 = LINE('',#2153,#2154);
#2153 = CARTESIAN_POINT('',(5.932218441443,0.));
#2154 = VECTOR('',#2155,1.);
#2155 = DIRECTION('',(0.,-1.));
#2156 = ( GEOMETRIC_REPRESENTATION_CONTEXT(2) 
PARAMETRIC_REPRESENTATION_CONTEXT() REPRESENTATION_CONTEXT('2D SPACE',''
  ) );
#2157 = PCURVE('',#2158,#2163);
#2158 = PLANE('',#2159);
#2159 = AXIS2_PLACEMENT_3D('',#2160,#2161,#2162);
#2160 = CARTESIAN_POINT('',(-8.710055990643,0.422719667324,2.4));
#2161 = DIRECTION('',(-0.707106781187,-0.707106781187,0.));
#2162 = DIRECTION('',(-0.707106781187,0.707106781187,0.));
#2163 = DEFINITIONAL_REPRESENTATION('',(#2164),#2168);
#2164 = LINE('',#2165,#2166);
#2165 = CARTESIAN_POINT('',(0.,0.));
#2166 = VECTOR('',#2167,1.);
#2167 = DIRECTION('',(0.,-1.));
#2168 = ( GEOMETRIC_REPRESENTATION_CONTEXT(2) 
PARAMETRIC_REPRESENTATION_CONTEXT() REPRESENTATION_CONTEXT('2D SPACE',''
  ) );
#2169 = ORIENTED_EDGE('',*,*,#2170,.F.);
#2170 = EDGE_CURVE('',#2080,#2143,#2171,.T.);
#2171 = SURFACE_CURVE('',#2172,(#2176,#2183),.PCURVE_S1.);
#2172 = LINE('',#2173,#2174);
#2173 = CARTESIAN_POINT('',(-5.829116038349,5.608411581453,2.4));
#2174 = VECTOR('',#2175,1.);
#2175 = DIRECTION('',(-0.485642931179,-0.874157276122,0.));
#2176 = PCURVE('',#2090,#2177);
#2177 = DEFINITIONAL_REPRESENTATION('',(#2178),#2182);
#2178 = LINE('',#2179,#2180);
#2179 = CARTESIAN_POINT('',(0.,0.));
#2180 = VECTOR('',#2181,1.);
#2181 = DIRECTION('',(1.,0.));
#2182 = ( GEOMETRIC_REPRESENTATION_CONTEXT(2) 
PARAMETRIC_REPRESENTATION_CONTEXT() REPRESENTATION_CONTEXT('2D SPACE',''
  ) );
#2183 = PCURVE('',#2184,#2189);
#2184 = PLANE('',#2185);
#2185 = AXIS2_PLACEMENT_3D('',#2186,#2187,#2188);
#2186 = CARTESIAN_POINT('',(-8.273106956053,3.164420663749,2.4));
#2187 = DIRECTION('',(0.,0.,1.));
#2188 = DIRECTION('',(1.,0.,-0.));
#2189 = DEFINITIONAL_REPRESENTATION('',(#2190),#2194);
#2190 = LINE('',#2191,#2192);
#2191 = CARTESIAN_POINT('',(2.443990917704,2.443990917704));
#2192 = VECTOR('',#2193,1.);
#2193 = DIRECTION('',(-0.485642931179,-0.874157276122));
#2194 = ( GEOMETRIC_REPRESENTATION_CONTEXT(2) 
PARAMETRIC_REPRESENTATION_CONTEXT() REPRESENTATION_CONTEXT('2D SPACE',''
  ) );
#2195 = ADVANCED_FACE('',(#2196),#2158,.T.);
#2196 = FACE_BOUND('',#2197,.T.);
#2197 = EDGE_LOOP('',(#2198,#2199,#2222,#2250));
#2198 = ORIENTED_EDGE('',*,*,#2142,.T.);
#2199 = ORIENTED_EDGE('',*,*,#2200,.T.);
#2200 = EDGE_CURVE('',#2115,#2201,#2203,.T.);
#2201 = VERTEX_POINT('',#2202);
#2202 = CARTESIAN_POINT('',(-9.134320059355,0.846983736036,3.6));
#2203 = SURFACE_CURVE('',#2204,(#2208,#2215),.PCURVE_S1.);
#2204 = LINE('',#2205,#2206);
#2205 = CARTESIAN_POINT('',(-8.710055990643,0.422719667324,3.6));
#2206 = VECTOR('',#2207,1.);
#2207 = DIRECTION('',(-0.707106781187,0.707106781187,0.));
#2208 = PCURVE('',#2158,#2209);
#2209 = DEFINITIONAL_REPRESENTATION('',(#2210),#2214);
#2210 = LINE('',#2211,#2212);
#2211 = CARTESIAN_POINT('',(0.,-1.2));
#2212 = VECTOR('',#2213,1.);
#2213 = DIRECTION('',(1.,0.));
#2214 = ( GEOMETRIC_REPRESENTATION_CONTEXT(2) 
PARAMETRIC_REPRESENTATION_CONTEXT() REPRESENTATION_CONTEXT('2D SPACE',''
  ) );
#2215 = PCURVE('',#2130,#2216);
#2216 = DEFINITIONAL_REPRESENTATION('',(#2217),#2221);
#2217 = LINE('',#2218,#2219);
#2218 = CARTESIAN_POINT('',(-0.43694903459,-2.741700996426));
#2219 = VECTOR('',#2220,1.);
#2220 = DIRECTION('',(-0.707106781187,0.707106781187));
#2221 = ( GEOMETRIC_REPRESENTATION_CONTEXT(2) 
PARAMETRIC_REPRESENTATION_CONTEXT() REPRESENTATION_CONTEXT('2D SPACE',''
  ) );
#2222 = ORIENTED_EDGE('',*,*,#2223,.F.);
#2223 = EDGE_CURVE('',#2224,#2201,#2226,.T.);
#2224 = VERTEX_POINT('',#2225);
#2225 = CARTESIAN_POINT('',(-9.134320059355,0.846983736036,2.4));
#2226 = SURFACE_CURVE('',#2227,(#2231,#2238),.PCURVE_S1.);
#2227 = LINE('',#2228,#2229);
#2228 = CARTESIAN_POINT('',(-9.134320059355,0.846983736036,2.4));
#2229 = VECTOR('',#2230,1.);
#2230 = DIRECTION('',(0.,0.,1.));
#2231 = PCURVE('',#2158,#2232);
#2232 = DEFINITIONAL_REPRESENTATION('',(#2233),#2237);
#2233 = LINE('',#2234,#2235);
#2234 = CARTESIAN_POINT('',(0.6,0.));
#2235 = VECTOR('',#2236,1.);
#2236 = DIRECTION('',(0.,-1.));
#2237 = ( GEOMETRIC_REPRESENTATION_CONTEXT(2) 
PARAMETRIC_REPRESENTATION_CONTEXT() REPRESENTATION_CONTEXT('2D SPACE',''
  ) );
#2238 = PCURVE('',#2239,#2244);
#2239 = CYLINDRICAL_SURFACE('',#2240,2.178078684663);
#2240 = AXIS2_PLACEMENT_3D('',#2241,#2242,#2243);
#2241 = CARTESIAN_POINT('',(-11.21958576593,0.217941853863,2.4));
#2242 = DIRECTION('',(-0.,-0.,-1.));
#2243 = DIRECTION('',(0.957387683589,0.288805857475,-0.));
#2244 = DEFINITIONAL_REPRESENTATION('',(#2245),#2249);
#2245 = LINE('',#2246,#2247);
#2246 = CARTESIAN_POINT('',(-0.,0.));
#2247 = VECTOR('',#2248,1.);
#2248 = DIRECTION('',(-0.,-1.));
#2249 = ( GEOMETRIC_REPRESENTATION_CONTEXT(2) 
PARAMETRIC_REPRESENTATION_CONTEXT() REPRESENTATION_CONTEXT('2D SPACE',''
  ) );
#2250 = ORIENTED_EDGE('',*,*,#2251,.F.);
#2251 = EDGE_CURVE('',#2143,#2224,#2252,.T.);
#2252 = SURFACE_CURVE('',#2253,(#2257,#2264),.PCURVE_S1.);
#2253 = LINE('',#2254,#2255);
#2254 = CARTESIAN_POINT('',(-8.710055990643,0.422719667324,2.4));
#2255 = VECTOR('',#2256,1.);
#2256 = DIRECTION('',(-0.707106781187,0.707106781187,0.));
#2257 = PCURVE('',#2158,#2258);
#2258 = DEFINITIONAL_REPRESENTATION('',(#2259),#2263);
#2259 = LINE('',#2260,#2261);
#2260 = CARTESIAN_POINT('',(0.,0.));
#2261 = VECTOR('',#2262,1.);
#2262 = DIRECTION('',(1.,0.));
#2263 = ( GEOMETRIC_REPRESENTATION_CONTEXT(2) 
PARAMETRIC_REPRESENTATION_CONTEXT() REPRESENTATION_CONTEXT('2D SPACE',''
  ) );
#2264 = PCURVE('',#2184,#2265);
#2265 = DEFINITIONAL_REPRESENTATION('',(#2266),#2270);
#2266 = LINE('',#2267,#2268);
#2267 = CARTESIAN_POINT('',(-0.43694903459,-2.741700996426));
#2268 = VECTOR('',#2269,1.);
#2269 = DIRECTION('',(-0.707106781187,0.707106781187));
#2270 = ( GEOMETRIC_REPRESENTATION_CONTEXT(2) 
PARAMETRIC_REPRESENTATION_CONTEXT() REPRESENTATION_CONTEXT('2D SPACE',''
  ) );
#2271 = ADVANCED_FACE('',(#2272),#2239,.F.);
#2272 = FACE_BOUND('',#2273,.T.);
#2273 = EDGE_LOOP('',(#2274,#2275,#2299,#2327));
#2274 = ORIENTED_EDGE('',*,*,#2223,.T.);
#2275 = ORIENTED_EDGE('',*,*,#2276,.T.);
#2276 = EDGE_CURVE('',#2201,#2277,#2279,.T.);
#2277 = VERTEX_POINT('',#2278);
#2278 = CARTESIAN_POINT('',(-10.59054388376,2.303207560447,3.6));
#2279 = SURFACE_CURVE('',#2280,(#2285,#2292),.PCURVE_S1.);
#2280 = CIRCLE('',#2281,2.178078684663);
#2281 = AXIS2_PLACEMENT_3D('',#2282,#2283,#2284);
#2282 = CARTESIAN_POINT('',(-11.21958576593,0.217941853863,3.6));
#2283 = DIRECTION('',(0.,0.,1.));
#2284 = DIRECTION('',(0.957387683589,0.288805857475,-0.));
#2285 = PCURVE('',#2239,#2286);
#2286 = DEFINITIONAL_REPRESENTATION('',(#2287),#2291);
#2287 = LINE('',#2288,#2289);
#2288 = CARTESIAN_POINT('',(-0.,-1.2));
#2289 = VECTOR('',#2290,1.);
#2290 = DIRECTION('',(-1.,0.));
#2291 = ( GEOMETRIC_REPRESENTATION_CONTEXT(2) 
PARAMETRIC_REPRESENTATION_CONTEXT() REPRESENTATION_CONTEXT('2D SPACE',''
  ) );
#2292 = PCURVE('',#2130,#2293);
#2293 = DEFINITIONAL_REPRESENTATION('',(#2294),#2298);
#2294 = CIRCLE('',#2295,2.178078684663);
#2295 = AXIS2_PLACEMENT_2D('',#2296,#2297);
#2296 = CARTESIAN_POINT('',(-2.946478809886,-2.946478809886));
#2297 = DIRECTION('',(0.957387683589,0.288805857475));
#2298 = ( GEOMETRIC_REPRESENTATION_CONTEXT(2) 
PARAMETRIC_REPRESENTATION_CONTEXT() REPRESENTATION_CONTEXT('2D SPACE',''
  ) );
#2299 = ORIENTED_EDGE('',*,*,#2300,.F.);
#2300 = EDGE_CURVE('',#2301,#2277,#2303,.T.);
#2301 = VERTEX_POINT('',#2302);
#2302 = CARTESIAN_POINT('',(-10.59054388376,2.303207560447,2.4));
#2303 = SURFACE_CURVE('',#2304,(#2308,#2315),.PCURVE_S1.);
#2304 = LINE('',#2305,#2306);
#2305 = CARTESIAN_POINT('',(-10.59054388376,2.303207560447,2.4));
#2306 = VECTOR('',#2307,1.);
#2307 = DIRECTION('',(0.,0.,1.));
#2308 = PCURVE('',#2239,#2309);
#2309 = DEFINITIONAL_REPRESENTATION('',(#2310),#2314);
#2310 = LINE('',#2311,#2312);
#2311 = CARTESIAN_POINT('',(-0.984837706525,0.));
#2312 = VECTOR('',#2313,1.);
#2313 = DIRECTION('',(-0.,-1.));
#2314 = ( GEOMETRIC_REPRESENTATION_CONTEXT(2) 
PARAMETRIC_REPRESENTATION_CONTEXT() REPRESENTATION_CONTEXT('2D SPACE',''
  ) );
#2315 = PCURVE('',#2316,#2321);
#2316 = PLANE('',#2317);
#2317 = AXIS2_PLACEMENT_3D('',#2318,#2319,#2320);
#2318 = CARTESIAN_POINT('',(-10.59054388376,2.303207560447,2.4));
#2319 = DIRECTION('',(-0.707106781187,-0.707106781187,0.));
#2320 = DIRECTION('',(-0.707106781187,0.707106781187,0.));
#2321 = DEFINITIONAL_REPRESENTATION('',(#2322),#2326);
#2322 = LINE('',#2323,#2324);
#2323 = CARTESIAN_POINT('',(0.,0.));
#2324 = VECTOR('',#2325,1.);
#2325 = DIRECTION('',(0.,-1.));
#2326 = ( GEOMETRIC_REPRESENTATION_CONTEXT(2) 
PARAMETRIC_REPRESENTATION_CONTEXT() REPRESENTATION_CONTEXT('2D SPACE',''
  ) );
#2327 = ORIENTED_EDGE('',*,*,#2328,.F.);
#2328 = EDGE_CURVE('',#2224,#2301,#2329,.T.);
#2329 = SURFACE_CURVE('',#2330,(#2335,#2342),.PCURVE_S1.);
#2330 = CIRCLE('',#2331,2.178078684663);
#2331 = AXIS2_PLACEMENT_3D('',#2332,#2333,#2334);
#2332 = CARTESIAN_POINT('',(-11.21958576593,0.217941853863,2.4));
#2333 = DIRECTION('',(0.,0.,1.));
#2334 = DIRECTION('',(0.957387683589,0.288805857475,-0.));
#2335 = PCURVE('',#2239,#2336);
#2336 = DEFINITIONAL_REPRESENTATION('',(#2337),#2341);
#2337 = LINE('',#2338,#2339);
#2338 = CARTESIAN_POINT('',(-0.,0.));
#2339 = VECTOR('',#2340,1.);
#2340 = DIRECTION('',(-1.,0.));
#2341 = ( GEOMETRIC_REPRESENTATION_CONTEXT(2) 
PARAMETRIC_REPRESENTATION_CONTEXT() REPRESENTATION_CONTEXT('2D SPACE',''
  ) );
#2342 = PCURVE('',#2184,#2343);
#2343 = DEFINITIONAL_REPRESENTATION('',(#2344),#2348);
#2344 = CIRCLE('',#2345,2.178078684663);
#2345 = AXIS2_PLACEMENT_2D('',#2346,#2347);
#2346 = CARTESIAN_POINT('',(-2.946478809886,-2.946478809886));
#2347 = DIRECTION('',(0.957387683589,0.288805857475));
#2348 = ( GEOMETRIC_REPRESENTATION_CONTEXT(2) 
PARAMETRIC_REPRESENTATION_CONTEXT() REPRESENTATION_CONTEXT('2D SPACE',''
  ) );
#2349 = ADVANCED_FACE('',(#2350),#2316,.T.);
#2350 = FACE_BOUND('',#2351,.T.);
#2351 = EDGE_LOOP('',(#2352,#2353,#2376,#2399));
#2352 = ORIENTED_EDGE('',*,*,#2300,.T.);
#2353 = ORIENTED_EDGE('',*,*,#2354,.T.);
#2354 = EDGE_CURVE('',#2277,#2355,#2357,.T.);
#2355 = VERTEX_POINT('',#2356);
#2356 = CARTESIAN_POINT('',(-11.01480795247,2.727471629159,3.6));
#2357 = SURFACE_CURVE('',#2358,(#2362,#2369),.PCURVE_S1.);
#2358 = LINE('',#2359,#2360);
#2359 = CARTESIAN_POINT('',(-10.59054388376,2.303207560447,3.6));
#2360 = VECTOR('',#2361,1.);
#2361 = DIRECTION('',(-0.707106781187,0.707106781187,0.));
#2362 = PCURVE('',#2316,#2363);
#2363 = DEFINITIONAL_REPRESENTATION('',(#2364),#2368);
#2364 = LINE('',#2365,#2366);
#2365 = CARTESIAN_POINT('',(0.,-1.2));
#2366 = VECTOR('',#2367,1.);
#2367 = DIRECTION('',(1.,0.));
#2368 = ( GEOMETRIC_REPRESENTATION_CONTEXT(2) 
PARAMETRIC_REPRESENTATION_CONTEXT() REPRESENTATION_CONTEXT('2D SPACE',''
  ) );
#2369 = PCURVE('',#2130,#2370);
#2370 = DEFINITIONAL_REPRESENTATION('',(#2371),#2375);
#2371 = LINE('',#2372,#2373);
#2372 = CARTESIAN_POINT('',(-2.317436927714,-0.861213103302));
#2373 = VECTOR('',#2374,1.);
#2374 = DIRECTION('',(-0.707106781187,0.707106781187));
#2375 = ( GEOMETRIC_REPRESENTATION_CONTEXT(2) 
PARAMETRIC_REPRESENTATION_CONTEXT() REPRESENTATION_CONTEXT('2D SPACE',''
  ) );
#2376 = ORIENTED_EDGE('',*,*,#2377,.F.);
#2377 = EDGE_CURVE('',#2378,#2355,#2380,.T.);
#2378 = VERTEX_POINT('',#2379);
#2379 = CARTESIAN_POINT('',(-11.01480795247,2.727471629159,2.4));
#2380 = SURFACE_CURVE('',#2381,(#2385,#2392),.PCURVE_S1.);
#2381 = LINE('',#2382,#2383);
#2382 = CARTESIAN_POINT('',(-11.01480795247,2.727471629159,2.4));
#2383 = VECTOR('',#2384,1.);
#2384 = DIRECTION('',(0.,0.,1.));
#2385 = PCURVE('',#2316,#2386);
#2386 = DEFINITIONAL_REPRESENTATION('',(#2387),#2391);
#2387 = LINE('',#2388,#2389);
#2388 = CARTESIAN_POINT('',(0.6,0.));
#2389 = VECTOR('',#2390,1.);
#2390 = DIRECTION('',(0.,-1.));
#2391 = ( GEOMETRIC_REPRESENTATION_CONTEXT(2) 
PARAMETRIC_REPRESENTATION_CONTEXT() REPRESENTATION_CONTEXT('2D SPACE',''
  ) );
#2392 = PCURVE('',#2102,#2393);
#2393 = DEFINITIONAL_REPRESENTATION('',(#2394),#2398);
#2394 = LINE('',#2395,#2396);
#2395 = CARTESIAN_POINT('',(0.,0.));
#2396 = VECTOR('',#2397,1.);
#2397 = DIRECTION('',(0.,-1.));
#2398 = ( GEOMETRIC_REPRESENTATION_CONTEXT(2) 
PARAMETRIC_REPRESENTATION_CONTEXT() REPRESENTATION_CONTEXT('2D SPACE',''
  ) );
#2399 = ORIENTED_EDGE('',*,*,#2400,.F.);
#2400 = EDGE_CURVE('',#2301,#2378,#2401,.T.);
#2401 = SURFACE_CURVE('',#2402,(#2406,#2413),.PCURVE_S1.);
#2402 = LINE('',#2403,#2404);
#2403 = CARTESIAN_POINT('',(-10.59054388376,2.303207560447,2.4));
#2404 = VECTOR('',#2405,1.);
#2405 = DIRECTION('',(-0.707106781187,0.707106781187,0.));
#2406 = PCURVE('',#2316,#2407);
#2407 = DEFINITIONAL_REPRESENTATION('',(#2408),#2412);
#2408 = LINE('',#2409,#2410);
#2409 = CARTESIAN_POINT('',(0.,0.));
#2410 = VECTOR('',#2411,1.);
#2411 = DIRECTION('',(1.,0.));
#2412 = ( GEOMETRIC_REPRESENTATION_CONTEXT(2) 
PARAMETRIC_REPRESENTATION_CONTEXT() REPRESENTATION_CONTEXT('2D SPACE',''
  ) );
#2413 = PCURVE('',#2184,#2414);
#2414 = DEFINITIONAL_REPRESENTATION('',(#2415),#2419);
#2415 = LINE('',#2416,#2417);
#2416 = CARTESIAN_POINT('',(-2.317436927714,-0.861213103302));
#2417 = VECTOR('',#2418,1.);
#2418 = DIRECTION('',(-0.707106781187,0.707106781187));
#2419 = ( GEOMETRIC_REPRESENTATION_CONTEXT(2) 
PARAMETRIC_REPRESENTATION_CONTEXT() REPRESENTATION_CONTEXT('2D SPACE',''
  ) );
#2420 = ADVANCED_FACE('',(#2421),#2102,.T.);
#2421 = FACE_BOUND('',#2422,.T.);
#2422 = EDGE_LOOP('',(#2423,#2424,#2445,#2446));
#2423 = ORIENTED_EDGE('',*,*,#2377,.T.);
#2424 = ORIENTED_EDGE('',*,*,#2425,.T.);
#2425 = EDGE_CURVE('',#2355,#2082,#2426,.T.);
#2426 = SURFACE_CURVE('',#2427,(#2431,#2438),.PCURVE_S1.);
#2427 = LINE('',#2428,#2429);
#2428 = CARTESIAN_POINT('',(-11.01480795247,2.727471629159,3.6));
#2429 = VECTOR('',#2430,1.);
#2430 = DIRECTION('',(0.874157276122,0.485642931179,0.));
#2431 = PCURVE('',#2102,#2432);
#2432 = DEFINITIONAL_REPRESENTATION('',(#2433),#2437);
#2433 = LINE('',#2434,#2435);
#2434 = CARTESIAN_POINT('',(0.,-1.2));
#2435 = VECTOR('',#2436,1.);
#2436 = DIRECTION('',(1.,0.));
#2437 = ( GEOMETRIC_REPRESENTATION_CONTEXT(2) 
PARAMETRIC_REPRESENTATION_CONTEXT() REPRESENTATION_CONTEXT('2D SPACE',''
  ) );
#2438 = PCURVE('',#2130,#2439);
#2439 = DEFINITIONAL_REPRESENTATION('',(#2440),#2444);
#2440 = LINE('',#2441,#2442);
#2441 = CARTESIAN_POINT('',(-2.741700996426,-0.43694903459));
#2442 = VECTOR('',#2443,1.);
#2443 = DIRECTION('',(0.874157276122,0.485642931179));
#2444 = ( GEOMETRIC_REPRESENTATION_CONTEXT(2) 
PARAMETRIC_REPRESENTATION_CONTEXT() REPRESENTATION_CONTEXT('2D SPACE',''
  ) );
#2445 = ORIENTED_EDGE('',*,*,#2079,.F.);
#2446 = ORIENTED_EDGE('',*,*,#2447,.F.);
#2447 = EDGE_CURVE('',#2378,#2080,#2448,.T.);
#2448 = SURFACE_CURVE('',#2449,(#2453,#2460),.PCURVE_S1.);
#2449 = LINE('',#2450,#2451);
#2450 = CARTESIAN_POINT('',(-11.01480795247,2.727471629159,2.4));
#2451 = VECTOR('',#2452,1.);
#2452 = DIRECTION('',(0.874157276122,0.485642931179,0.));
#2453 = PCURVE('',#2102,#2454);
#2454 = DEFINITIONAL_REPRESENTATION('',(#2455),#2459);
#2455 = LINE('',#2456,#2457);
#2456 = CARTESIAN_POINT('',(0.,0.));
#2457 = VECTOR('',#2458,1.);
#2458 = DIRECTION('',(1.,0.));
#2459 = ( GEOMETRIC_REPRESENTATION_CONTEXT(2) 
PARAMETRIC_REPRESENTATION_CONTEXT() REPRESENTATION_CONTEXT('2D SPACE',''
  ) );
#2460 = PCURVE('',#2184,#2461);
#2461 = DEFINITIONAL_REPRESENTATION('',(#2462),#2466);
#2462 = LINE('',#2463,#2464);
#2463 = CARTESIAN_POINT('',(-2.741700996426,-0.43694903459));
#2464 = VECTOR('',#2465,1.);
#2465 = DIRECTION('',(0.874157276122,0.485642931179));
#2466 = ( GEOMETRIC_REPRESENTATION_CONTEXT(2) 
PARAMETRIC_REPRESENTATION_CONTEXT() REPRESENTATION_CONTEXT('2D SPACE',''
  ) );
#2467 = ADVANCED_FACE('',(#2468),#2184,.F.);
#2468 = FACE_BOUND('',#2469,.T.);
#2469 = EDGE_LOOP('',(#2470,#2471,#2472,#2473,#2474));
#2470 = ORIENTED_EDGE('',*,*,#2170,.T.);
#2471 = ORIENTED_EDGE('',*,*,#2251,.T.);
#2472 = ORIENTED_EDGE('',*,*,#2328,.T.);
#2473 = ORIENTED_EDGE('',*,*,#2400,.T.);
#2474 = ORIENTED_EDGE('',*,*,#2447,.T.);
#2475 = ADVANCED_FACE('',(#2476),#2130,.T.);
#2476 = FACE_BOUND('',#2477,.F.);
#2477 = EDGE_LOOP('',(#2478,#2479,#2480,#2481,#2482));
#2478 = ORIENTED_EDGE('',*,*,#2114,.T.);
#2479 = ORIENTED_EDGE('',*,*,#2200,.T.);
#2480 = ORIENTED_EDGE('',*,*,#2276,.T.);
#2481 = ORIENTED_EDGE('',*,*,#2354,.T.);
#2482 = ORIENTED_EDGE('',*,*,#2425,.T.);
#2483 = MANIFOLD_SOLID_BREP('',#2484);
#2484 = CLOSED_SHELL('',(#2485,#2615,#2691,#2769,#2840,#2897,#2905));
#2485 = ADVANCED_FACE('',(#2486),#2500,.T.);
#2486 = FACE_BOUND('',#2487,.T.);
#2487 = EDGE_LOOP('',(#2488,#2523,#2556,#2584));
#2488 = ORIENTED_EDGE('',*,*,#2489,.T.);
#2489 = EDGE_CURVE('',#2490,#2492,#2494,.T.);
#2490 = VERTEX_POINT('',#2491);
#2491 = CARTESIAN_POINT('',(-1.793458570635,-1.808266544413,2.4));
#2492 = VERTEX_POINT('',#2493);
#2493 = CARTESIAN_POINT('',(-1.793458570635,-1.808266544413,3.6));
#2494 = SURFACE_CURVE('',#2495,(#2499,#2511),.PCURVE_S1.);
#2495 = LINE('',#2496,#2497);
#2496 = CARTESIAN_POINT('',(-1.793458570635,-1.808266544413,2.4));
#2497 = VECTOR('',#2498,1.);
#2498 = DIRECTION('',(0.,0.,1.));
#2499 = PCURVE('',#2500,#2505);
#2500 = CYLINDRICAL_SURFACE('',#2501,18.037214107362);
#2501 = AXIS2_PLACEMENT_3D('',#2502,#2503,#2504);
#2502 = CARTESIAN_POINT('',(-19.36061437929,2.282714945275,2.4));
#2503 = DIRECTION('',(0.,0.,-1.));
#2504 = DIRECTION('',(0.973939528804,-0.226807835475,0.));
#2505 = DEFINITIONAL_REPRESENTATION('',(#2506),#2510);
#2506 = LINE('',#2507,#2508);
#2507 = CARTESIAN_POINT('',(0.,0.));
#2508 = VECTOR('',#2509,1.);
#2509 = DIRECTION('',(0.,-1.));
#2510 = ( GEOMETRIC_REPRESENTATION_CONTEXT(2) 
PARAMETRIC_REPRESENTATION_CONTEXT() REPRESENTATION_CONTEXT('2D SPACE',''
  ) );
#2511 = PCURVE('',#2512,#2517);
#2512 = CYLINDRICAL_SURFACE('',#2513,18.037214107362);
#2513 = AXIS2_PLACEMENT_3D('',#2514,#2515,#2516);
#2514 = CARTESIAN_POINT('',(2.297522919054,-19.37542235307,2.4));
#2515 = DIRECTION('',(0.,0.,-1.));
#2516 = DIRECTION('',(-0.632456747313,0.774595676969,0.));
#2517 = DEFINITIONAL_REPRESENTATION('',(#2518),#2522);
#2518 = LINE('',#2519,#2520);
#2519 = CARTESIAN_POINT('',(0.455921926534,0.));
#2520 = VECTOR('',#2521,1.);
#2521 = DIRECTION('',(0.,-1.));
#2522 = ( GEOMETRIC_REPRESENTATION_CONTEXT(2) 
PARAMETRIC_REPRESENTATION_CONTEXT() REPRESENTATION_CONTEXT('2D SPACE',''
  ) );
#2523 = ORIENTED_EDGE('',*,*,#2524,.T.);
#2524 = EDGE_CURVE('',#2492,#2525,#2527,.T.);
#2525 = VERTEX_POINT('',#2526);
#2526 = CARTESIAN_POINT('',(-5.389066307173,-9.125042819647,3.6));
#2527 = SURFACE_CURVE('',#2528,(#2533,#2540),.PCURVE_S1.);
#2528 = CIRCLE('',#2529,18.037214107362);
#2529 = AXIS2_PLACEMENT_3D('',#2530,#2531,#2532);
#2530 = CARTESIAN_POINT('',(-19.36061437929,2.282714945275,3.6));
#2531 = DIRECTION('',(0.,0.,-1.));
#2532 = DIRECTION('',(0.973939528804,-0.226807835475,0.));
#2533 = PCURVE('',#2500,#2534);
#2534 = DEFINITIONAL_REPRESENTATION('',(#2535),#2539);
#2535 = LINE('',#2536,#2537);
#2536 = CARTESIAN_POINT('',(0.,-1.2));
#2537 = VECTOR('',#2538,1.);
#2538 = DIRECTION('',(1.,0.));
#2539 = ( GEOMETRIC_REPRESENTATION_CONTEXT(2) 
PARAMETRIC_REPRESENTATION_CONTEXT() REPRESENTATION_CONTEXT('2D SPACE',''
  ) );
#2540 = PCURVE('',#2541,#2546);
#2541 = PLANE('',#2542);
#2542 = AXIS2_PLACEMENT_3D('',#2543,#2544,#2545);
#2543 = CARTESIAN_POINT('',(-5.102421510566,-5.117229484345,3.6));
#2544 = DIRECTION('',(0.,0.,1.));
#2545 = DIRECTION('',(1.,0.,-0.));
#2546 = DEFINITIONAL_REPRESENTATION('',(#2547),#2555);
#2547 = ( BOUNDED_CURVE() B_SPLINE_CURVE(2,(#2548,#2549,#2550,#2551,
#2552,#2553,#2554),.UNSPECIFIED.,.T.,.F.) B_SPLINE_CURVE_WITH_KNOTS((1,2
    ,2,2,2,1),(-2.094395102393,0.,2.094395102393,4.188790204786,
6.28318530718,8.377580409573),.UNSPECIFIED.) CURVE() 
GEOMETRIC_REPRESENTATION_ITEM() RATIONAL_B_SPLINE_CURVE((1.,0.5,1.,0.5,
1.,0.5,1.)) REPRESENTATION_ITEM('') );
#2548 = CARTESIAN_POINT('',(3.308962939931,3.308962939931));
#2549 = CARTESIAN_POINT('',(-3.776824853034,-27.11824346515));
#2550 = CARTESIAN_POINT('',(-26.58466466954,-5.768168028078));
#2551 = CARTESIAN_POINT('',(-49.39250448605,15.581907408997));
#2552 = CARTESIAN_POINT('',(-19.49887687658,24.659038377006));
#2553 = CARTESIAN_POINT('',(10.394750732896,33.736169345015));
#2554 = CARTESIAN_POINT('',(3.308962939931,3.308962939931));
#2555 = ( GEOMETRIC_REPRESENTATION_CONTEXT(2) 
PARAMETRIC_REPRESENTATION_CONTEXT() REPRESENTATION_CONTEXT('2D SPACE',''
  ) );
#2556 = ORIENTED_EDGE('',*,*,#2557,.F.);
#2557 = EDGE_CURVE('',#2558,#2525,#2560,.T.);
#2558 = VERTEX_POINT('',#2559);
#2559 = CARTESIAN_POINT('',(-5.389066307173,-9.125042819647,2.4));
#2560 = SURFACE_CURVE('',#2561,(#2565,#2572),.PCURVE_S1.);
#2561 = LINE('',#2562,#2563);
#2562 = CARTESIAN_POINT('',(-5.389066307173,-9.125042819647,2.4));
#2563 = VECTOR('',#2564,1.);
#2564 = DIRECTION('',(0.,0.,1.));
#2565 = PCURVE('',#2500,#2566);
#2566 = DEFINITIONAL_REPRESENTATION('',(#2567),#2571);
#2567 = LINE('',#2568,#2569);
#2568 = CARTESIAN_POINT('',(0.455921926534,0.));
#2569 = VECTOR('',#2570,1.);
#2570 = DIRECTION('',(0.,-1.));
#2571 = ( GEOMETRIC_REPRESENTATION_CONTEXT(2) 
PARAMETRIC_REPRESENTATION_CONTEXT() REPRESENTATION_CONTEXT('2D SPACE',''
  ) );
#2572 = PCURVE('',#2573,#2578);
#2573 = PLANE('',#2574);
#2574 = AXIS2_PLACEMENT_3D('',#2575,#2576,#2577);
#2575 = CARTESIAN_POINT('',(-5.389066307173,-9.125042819647,2.4));
#2576 = DIRECTION('',(-0.707106781187,-0.707106781187,0.));
#2577 = DIRECTION('',(-0.707106781187,0.707106781187,0.));
#2578 = DEFINITIONAL_REPRESENTATION('',(#2579),#2583);
#2579 = LINE('',#2580,#2581);
#2580 = CARTESIAN_POINT('',(0.,0.));
#2581 = VECTOR('',#2582,1.);
#2582 = DIRECTION('',(0.,-1.));
#2583 = ( GEOMETRIC_REPRESENTATION_CONTEXT(2) 
PARAMETRIC_REPRESENTATION_CONTEXT() REPRESENTATION_CONTEXT('2D SPACE',''
  ) );
#2584 = ORIENTED_EDGE('',*,*,#2585,.F.);
#2585 = EDGE_CURVE('',#2490,#2558,#2586,.T.);
#2586 = SURFACE_CURVE('',#2587,(#2592,#2599),.PCURVE_S1.);
#2587 = CIRCLE('',#2588,18.037214107362);
#2588 = AXIS2_PLACEMENT_3D('',#2589,#2590,#2591);
#2589 = CARTESIAN_POINT('',(-19.36061437929,2.282714945275,2.4));
#2590 = DIRECTION('',(0.,0.,-1.));
#2591 = DIRECTION('',(0.973939528804,-0.226807835475,0.));
#2592 = PCURVE('',#2500,#2593);
#2593 = DEFINITIONAL_REPRESENTATION('',(#2594),#2598);
#2594 = LINE('',#2595,#2596);
#2595 = CARTESIAN_POINT('',(0.,0.));
#2596 = VECTOR('',#2597,1.);
#2597 = DIRECTION('',(1.,0.));
#2598 = ( GEOMETRIC_REPRESENTATION_CONTEXT(2) 
PARAMETRIC_REPRESENTATION_CONTEXT() REPRESENTATION_CONTEXT('2D SPACE',''
  ) );
#2599 = PCURVE('',#2600,#2605);
#2600 = PLANE('',#2601);
#2601 = AXIS2_PLACEMENT_3D('',#2602,#2603,#2604);
#2602 = CARTESIAN_POINT('',(-5.102421510566,-5.117229484345,2.4));
#2603 = DIRECTION('',(0.,0.,1.));
#2604 = DIRECTION('',(1.,0.,-0.));
#2605 = DEFINITIONAL_REPRESENTATION('',(#2606),#2614);
#2606 = ( BOUNDED_CURVE() B_SPLINE_CURVE(2,(#2607,#2608,#2609,#2610,
#2611,#2612,#2613),.UNSPECIFIED.,.T.,.F.) B_SPLINE_CURVE_WITH_KNOTS((1,2
    ,2,2,2,1),(-2.094395102393,0.,2.094395102393,4.188790204786,
6.28318530718,8.377580409573),.UNSPECIFIED.) CURVE() 
GEOMETRIC_REPRESENTATION_ITEM() RATIONAL_B_SPLINE_CURVE((1.,0.5,1.,0.5,
1.,0.5,1.)) REPRESENTATION_ITEM('') );
#2607 = CARTESIAN_POINT('',(3.308962939931,3.308962939931));
#2608 = CARTESIAN_POINT('',(-3.776824853034,-27.11824346515));
#2609 = CARTESIAN_POINT('',(-26.58466466954,-5.768168028078));
#2610 = CARTESIAN_POINT('',(-49.39250448605,15.581907408997));
#2611 = CARTESIAN_POINT('',(-19.49887687658,24.659038377006));
#2612 = CARTESIAN_POINT('',(10.394750732896,33.736169345015));
#2613 = CARTESIAN_POINT('',(3.308962939931,3.308962939931));
#2614 = ( GEOMETRIC_REPRESENTATION_CONTEXT(2) 
PARAMETRIC_REPRESENTATION_CONTEXT() REPRESENTATION_CONTEXT('2D SPACE',''
  ) );
#2615 = ADVANCED_FACE('',(#2616),#2573,.T.);
#2616 = FACE_BOUND('',#2617,.T.);
#2617 = EDGE_LOOP('',(#2618,#2619,#2642,#2670));
#2618 = ORIENTED_EDGE('',*,*,#2557,.T.);
#2619 = ORIENTED_EDGE('',*,*,#2620,.T.);
#2620 = EDGE_CURVE('',#2525,#2621,#2623,.T.);
#2621 = VERTEX_POINT('',#2622);
#2622 = CARTESIAN_POINT('',(-5.813330375885,-8.700778750935,3.6));
#2623 = SURFACE_CURVE('',#2624,(#2628,#2635),.PCURVE_S1.);
#2624 = LINE('',#2625,#2626);
#2625 = CARTESIAN_POINT('',(-5.389066307173,-9.125042819647,3.6));
#2626 = VECTOR('',#2627,1.);
#2627 = DIRECTION('',(-0.707106781187,0.707106781187,0.));
#2628 = PCURVE('',#2573,#2629);
#2629 = DEFINITIONAL_REPRESENTATION('',(#2630),#2634);
#2630 = LINE('',#2631,#2632);
#2631 = CARTESIAN_POINT('',(0.,-1.2));
#2632 = VECTOR('',#2633,1.);
#2633 = DIRECTION('',(1.,0.));
#2634 = ( GEOMETRIC_REPRESENTATION_CONTEXT(2) 
PARAMETRIC_REPRESENTATION_CONTEXT() REPRESENTATION_CONTEXT('2D SPACE',''
  ) );
#2635 = PCURVE('',#2541,#2636);
#2636 = DEFINITIONAL_REPRESENTATION('',(#2637),#2641);
#2637 = LINE('',#2638,#2639);
#2638 = CARTESIAN_POINT('',(-0.286644796608,-4.007813335302));
#2639 = VECTOR('',#2640,1.);
#2640 = DIRECTION('',(-0.707106781187,0.707106781187));
#2641 = ( GEOMETRIC_REPRESENTATION_CONTEXT(2) 
PARAMETRIC_REPRESENTATION_CONTEXT() REPRESENTATION_CONTEXT('2D SPACE',''
  ) );
#2642 = ORIENTED_EDGE('',*,*,#2643,.F.);
#2643 = EDGE_CURVE('',#2644,#2621,#2646,.T.);
#2644 = VERTEX_POINT('',#2645);
#2645 = CARTESIAN_POINT('',(-5.813330375885,-8.700778750935,2.4));
#2646 = SURFACE_CURVE('',#2647,(#2651,#2658),.PCURVE_S1.);
#2647 = LINE('',#2648,#2649);
#2648 = CARTESIAN_POINT('',(-5.813330375885,-8.700778750935,2.4));
#2649 = VECTOR('',#2650,1.);
#2650 = DIRECTION('',(0.,0.,1.));
#2651 = PCURVE('',#2573,#2652);
#2652 = DEFINITIONAL_REPRESENTATION('',(#2653),#2657);
#2653 = LINE('',#2654,#2655);
#2654 = CARTESIAN_POINT('',(0.6,0.));
#2655 = VECTOR('',#2656,1.);
#2656 = DIRECTION('',(0.,-1.));
#2657 = ( GEOMETRIC_REPRESENTATION_CONTEXT(2) 
PARAMETRIC_REPRESENTATION_CONTEXT() REPRESENTATION_CONTEXT('2D SPACE',''
  ) );
#2658 = PCURVE('',#2659,#2664);
#2659 = CYLINDRICAL_SURFACE('',#2660,2.722598355828);
#2660 = AXIS2_PLACEMENT_3D('',#2661,#2662,#2663);
#2661 = CARTESIAN_POINT('',(-8.531545730122,-8.546353703901,2.4));
#2662 = DIRECTION('',(-0.,-0.,-1.));
#2663 = DIRECTION('',(0.998390140219,-5.671973124634E-02,0.));
#2664 = DEFINITIONAL_REPRESENTATION('',(#2665),#2669);
#2665 = LINE('',#2666,#2667);
#2666 = CARTESIAN_POINT('',(-0.,0.));
#2667 = VECTOR('',#2668,1.);
#2668 = DIRECTION('',(-0.,-1.));
#2669 = ( GEOMETRIC_REPRESENTATION_CONTEXT(2) 
PARAMETRIC_REPRESENTATION_CONTEXT() REPRESENTATION_CONTEXT('2D SPACE',''
  ) );
#2670 = ORIENTED_EDGE('',*,*,#2671,.F.);
#2671 = EDGE_CURVE('',#2558,#2644,#2672,.T.);
#2672 = SURFACE_CURVE('',#2673,(#2677,#2684),.PCURVE_S1.);
#2673 = LINE('',#2674,#2675);
#2674 = CARTESIAN_POINT('',(-5.389066307173,-9.125042819647,2.4));
#2675 = VECTOR('',#2676,1.);
#2676 = DIRECTION('',(-0.707106781187,0.707106781187,0.));
#2677 = PCURVE('',#2573,#2678);
#2678 = DEFINITIONAL_REPRESENTATION('',(#2679),#2683);
#2679 = LINE('',#2680,#2681);
#2680 = CARTESIAN_POINT('',(0.,0.));
#2681 = VECTOR('',#2682,1.);
#2682 = DIRECTION('',(1.,0.));
#2683 = ( GEOMETRIC_REPRESENTATION_CONTEXT(2) 
PARAMETRIC_REPRESENTATION_CONTEXT() REPRESENTATION_CONTEXT('2D SPACE',''
  ) );
#2684 = PCURVE('',#2600,#2685);
#2685 = DEFINITIONAL_REPRESENTATION('',(#2686),#2690);
#2686 = LINE('',#2687,#2688);
#2687 = CARTESIAN_POINT('',(-0.286644796608,-4.007813335302));
#2688 = VECTOR('',#2689,1.);
#2689 = DIRECTION('',(-0.707106781187,0.707106781187));
#2690 = ( GEOMETRIC_REPRESENTATION_CONTEXT(2) 
PARAMETRIC_REPRESENTATION_CONTEXT() REPRESENTATION_CONTEXT('2D SPACE',''
  ) );
#2691 = ADVANCED_FACE('',(#2692),#2659,.F.);
#2692 = FACE_BOUND('',#2693,.T.);
#2693 = EDGE_LOOP('',(#2694,#2695,#2719,#2747));
#2694 = ORIENTED_EDGE('',*,*,#2643,.T.);
#2695 = ORIENTED_EDGE('',*,*,#2696,.T.);
#2696 = EDGE_CURVE('',#2621,#2697,#2699,.T.);
#2697 = VERTEX_POINT('',#2698);
#2698 = CARTESIAN_POINT('',(-8.685970777156,-5.828138349664,3.6));
#2699 = SURFACE_CURVE('',#2700,(#2705,#2712),.PCURVE_S1.);
#2700 = CIRCLE('',#2701,2.722598355828);
#2701 = AXIS2_PLACEMENT_3D('',#2702,#2703,#2704);
#2702 = CARTESIAN_POINT('',(-8.531545730122,-8.546353703901,3.6));
#2703 = DIRECTION('',(0.,0.,1.));
#2704 = DIRECTION('',(0.998390140219,-5.671973124634E-02,0.));
#2705 = PCURVE('',#2659,#2706);
#2706 = DEFINITIONAL_REPRESENTATION('',(#2707),#2711);
#2707 = LINE('',#2708,#2709);
#2708 = CARTESIAN_POINT('',(-0.,-1.2));
#2709 = VECTOR('',#2710,1.);
#2710 = DIRECTION('',(-1.,0.));
#2711 = ( GEOMETRIC_REPRESENTATION_CONTEXT(2) 
PARAMETRIC_REPRESENTATION_CONTEXT() REPRESENTATION_CONTEXT('2D SPACE',''
  ) );
#2712 = PCURVE('',#2541,#2713);
#2713 = DEFINITIONAL_REPRESENTATION('',(#2714),#2718);
#2714 = CIRCLE('',#2715,2.722598355828);
#2715 = AXIS2_PLACEMENT_2D('',#2716,#2717);
#2716 = CARTESIAN_POINT('',(-3.429124219556,-3.429124219556));
#2717 = DIRECTION('',(0.998390140219,-5.671973124634E-02));
#2718 = ( GEOMETRIC_REPRESENTATION_CONTEXT(2) 
PARAMETRIC_REPRESENTATION_CONTEXT() REPRESENTATION_CONTEXT('2D SPACE',''
  ) );
#2719 = ORIENTED_EDGE('',*,*,#2720,.F.);
#2720 = EDGE_CURVE('',#2721,#2697,#2723,.T.);
#2721 = VERTEX_POINT('',#2722);
#2722 = CARTESIAN_POINT('',(-8.685970777156,-5.828138349664,2.4));
#2723 = SURFACE_CURVE('',#2724,(#2728,#2735),.PCURVE_S1.);
#2724 = LINE('',#2725,#2726);
#2725 = CARTESIAN_POINT('',(-8.685970777156,-5.828138349664,2.4));
#2726 = VECTOR('',#2727,1.);
#2727 = DIRECTION('',(0.,0.,1.));
#2728 = PCURVE('',#2659,#2729);
#2729 = DEFINITIONAL_REPRESENTATION('',(#2730),#2734);
#2730 = LINE('',#2731,#2732);
#2731 = CARTESIAN_POINT('',(-1.68429670239,0.));
#2732 = VECTOR('',#2733,1.);
#2733 = DIRECTION('',(-0.,-1.));
#2734 = ( GEOMETRIC_REPRESENTATION_CONTEXT(2) 
PARAMETRIC_REPRESENTATION_CONTEXT() REPRESENTATION_CONTEXT('2D SPACE',''
  ) );
#2735 = PCURVE('',#2736,#2741);
#2736 = PLANE('',#2737);
#2737 = AXIS2_PLACEMENT_3D('',#2738,#2739,#2740);
#2738 = CARTESIAN_POINT('',(-8.685970777156,-5.828138349664,2.4));
#2739 = DIRECTION('',(-0.707106781187,-0.707106781187,0.));
#2740 = DIRECTION('',(-0.707106781187,0.707106781187,0.));
#2741 = DEFINITIONAL_REPRESENTATION('',(#2742),#2746);
#2742 = LINE('',#2743,#2744);
#2743 = CARTESIAN_POINT('',(0.,0.));
#2744 = VECTOR('',#2745,1.);
#2745 = DIRECTION('',(0.,-1.));
#2746 = ( GEOMETRIC_REPRESENTATION_CONTEXT(2) 
PARAMETRIC_REPRESENTATION_CONTEXT() REPRESENTATION_CONTEXT('2D SPACE',''
  ) );
#2747 = ORIENTED_EDGE('',*,*,#2748,.F.);
#2748 = EDGE_CURVE('',#2644,#2721,#2749,.T.);
#2749 = SURFACE_CURVE('',#2750,(#2755,#2762),.PCURVE_S1.);
#2750 = CIRCLE('',#2751,2.722598355828);
#2751 = AXIS2_PLACEMENT_3D('',#2752,#2753,#2754);
#2752 = CARTESIAN_POINT('',(-8.531545730122,-8.546353703901,2.4));
#2753 = DIRECTION('',(0.,0.,1.));
#2754 = DIRECTION('',(0.998390140219,-5.671973124634E-02,0.));
#2755 = PCURVE('',#2659,#2756);
#2756 = DEFINITIONAL_REPRESENTATION('',(#2757),#2761);
#2757 = LINE('',#2758,#2759);
#2758 = CARTESIAN_POINT('',(-0.,0.));
#2759 = VECTOR('',#2760,1.);
#2760 = DIRECTION('',(-1.,0.));
#2761 = ( GEOMETRIC_REPRESENTATION_CONTEXT(2) 
PARAMETRIC_REPRESENTATION_CONTEXT() REPRESENTATION_CONTEXT('2D SPACE',''
  ) );
#2762 = PCURVE('',#2600,#2763);
#2763 = DEFINITIONAL_REPRESENTATION('',(#2764),#2768);
#2764 = CIRCLE('',#2765,2.722598355828);
#2765 = AXIS2_PLACEMENT_2D('',#2766,#2767);
#2766 = CARTESIAN_POINT('',(-3.429124219556,-3.429124219556));
#2767 = DIRECTION('',(0.998390140219,-5.671973124634E-02));
#2768 = ( GEOMETRIC_REPRESENTATION_CONTEXT(2) 
PARAMETRIC_REPRESENTATION_CONTEXT() REPRESENTATION_CONTEXT('2D SPACE',''
  ) );
#2769 = ADVANCED_FACE('',(#2770),#2736,.T.);
#2770 = FACE_BOUND('',#2771,.T.);
#2771 = EDGE_LOOP('',(#2772,#2773,#2796,#2819));
#2772 = ORIENTED_EDGE('',*,*,#2720,.T.);
#2773 = ORIENTED_EDGE('',*,*,#2774,.T.);
#2774 = EDGE_CURVE('',#2697,#2775,#2777,.T.);
#2775 = VERTEX_POINT('',#2776);
#2776 = CARTESIAN_POINT('',(-9.110234845868,-5.403874280952,3.6));
#2777 = SURFACE_CURVE('',#2778,(#2782,#2789),.PCURVE_S1.);
#2778 = LINE('',#2779,#2780);
#2779 = CARTESIAN_POINT('',(-8.685970777156,-5.828138349664,3.6));
#2780 = VECTOR('',#2781,1.);
#2781 = DIRECTION('',(-0.707106781187,0.707106781187,0.));
#2782 = PCURVE('',#2736,#2783);
#2783 = DEFINITIONAL_REPRESENTATION('',(#2784),#2788);
#2784 = LINE('',#2785,#2786);
#2785 = CARTESIAN_POINT('',(0.,-1.2));
#2786 = VECTOR('',#2787,1.);
#2787 = DIRECTION('',(1.,0.));
#2788 = ( GEOMETRIC_REPRESENTATION_CONTEXT(2) 
PARAMETRIC_REPRESENTATION_CONTEXT() REPRESENTATION_CONTEXT('2D SPACE',''
  ) );
#2789 = PCURVE('',#2541,#2790);
#2790 = DEFINITIONAL_REPRESENTATION('',(#2791),#2795);
#2791 = LINE('',#2792,#2793);
#2792 = CARTESIAN_POINT('',(-3.583549266591,-0.71090886532));
#2793 = VECTOR('',#2794,1.);
#2794 = DIRECTION('',(-0.707106781187,0.707106781187));
#2795 = ( GEOMETRIC_REPRESENTATION_CONTEXT(2) 
PARAMETRIC_REPRESENTATION_CONTEXT() REPRESENTATION_CONTEXT('2D SPACE',''
  ) );
#2796 = ORIENTED_EDGE('',*,*,#2797,.F.);
#2797 = EDGE_CURVE('',#2798,#2775,#2800,.T.);
#2798 = VERTEX_POINT('',#2799);
#2799 = CARTESIAN_POINT('',(-9.110234845868,-5.403874280952,2.4));
#2800 = SURFACE_CURVE('',#2801,(#2805,#2812),.PCURVE_S1.);
#2801 = LINE('',#2802,#2803);
#2802 = CARTESIAN_POINT('',(-9.110234845868,-5.403874280952,2.4));
#2803 = VECTOR('',#2804,1.);
#2804 = DIRECTION('',(0.,0.,1.));
#2805 = PCURVE('',#2736,#2806);
#2806 = DEFINITIONAL_REPRESENTATION('',(#2807),#2811);
#2807 = LINE('',#2808,#2809);
#2808 = CARTESIAN_POINT('',(0.6,0.));
#2809 = VECTOR('',#2810,1.);
#2810 = DIRECTION('',(0.,-1.));
#2811 = ( GEOMETRIC_REPRESENTATION_CONTEXT(2) 
PARAMETRIC_REPRESENTATION_CONTEXT() REPRESENTATION_CONTEXT('2D SPACE',''
  ) );
#2812 = PCURVE('',#2512,#2813);
#2813 = DEFINITIONAL_REPRESENTATION('',(#2814),#2818);
#2814 = LINE('',#2815,#2816);
#2815 = CARTESIAN_POINT('',(0.,0.));
#2816 = VECTOR('',#2817,1.);
#2817 = DIRECTION('',(0.,-1.));
#2818 = ( GEOMETRIC_REPRESENTATION_CONTEXT(2) 
PARAMETRIC_REPRESENTATION_CONTEXT() REPRESENTATION_CONTEXT('2D SPACE',''
  ) );
#2819 = ORIENTED_EDGE('',*,*,#2820,.F.);
#2820 = EDGE_CURVE('',#2721,#2798,#2821,.T.);
#2821 = SURFACE_CURVE('',#2822,(#2826,#2833),.PCURVE_S1.);
#2822 = LINE('',#2823,#2824);
#2823 = CARTESIAN_POINT('',(-8.685970777156,-5.828138349664,2.4));
#2824 = VECTOR('',#2825,1.);
#2825 = DIRECTION('',(-0.707106781187,0.707106781187,0.));
#2826 = PCURVE('',#2736,#2827);
#2827 = DEFINITIONAL_REPRESENTATION('',(#2828),#2832);
#2828 = LINE('',#2829,#2830);
#2829 = CARTESIAN_POINT('',(0.,0.));
#2830 = VECTOR('',#2831,1.);
#2831 = DIRECTION('',(1.,0.));
#2832 = ( GEOMETRIC_REPRESENTATION_CONTEXT(2) 
PARAMETRIC_REPRESENTATION_CONTEXT() REPRESENTATION_CONTEXT('2D SPACE',''
  ) );
#2833 = PCURVE('',#2600,#2834);
#2834 = DEFINITIONAL_REPRESENTATION('',(#2835),#2839);
#2835 = LINE('',#2836,#2837);
#2836 = CARTESIAN_POINT('',(-3.583549266591,-0.71090886532));
#2837 = VECTOR('',#2838,1.);
#2838 = DIRECTION('',(-0.707106781187,0.707106781187));
#2839 = ( GEOMETRIC_REPRESENTATION_CONTEXT(2) 
PARAMETRIC_REPRESENTATION_CONTEXT() REPRESENTATION_CONTEXT('2D SPACE',''
  ) );
#2840 = ADVANCED_FACE('',(#2841),#2512,.T.);
#2841 = FACE_BOUND('',#2842,.T.);
#2842 = EDGE_LOOP('',(#2843,#2844,#2870,#2871));
#2843 = ORIENTED_EDGE('',*,*,#2797,.T.);
#2844 = ORIENTED_EDGE('',*,*,#2845,.T.);
#2845 = EDGE_CURVE('',#2775,#2492,#2846,.T.);
#2846 = SURFACE_CURVE('',#2847,(#2852,#2859),.PCURVE_S1.);
#2847 = CIRCLE('',#2848,18.037214107362);
#2848 = AXIS2_PLACEMENT_3D('',#2849,#2850,#2851);
#2849 = CARTESIAN_POINT('',(2.297522919054,-19.37542235307,3.6));
#2850 = DIRECTION('',(0.,0.,-1.));
#2851 = DIRECTION('',(-0.632456747313,0.774595676969,0.));
#2852 = PCURVE('',#2512,#2853);
#2853 = DEFINITIONAL_REPRESENTATION('',(#2854),#2858);
#2854 = LINE('',#2855,#2856);
#2855 = CARTESIAN_POINT('',(0.,-1.2));
#2856 = VECTOR('',#2857,1.);
#2857 = DIRECTION('',(1.,0.));
#2858 = ( GEOMETRIC_REPRESENTATION_CONTEXT(2) 
PARAMETRIC_REPRESENTATION_CONTEXT() REPRESENTATION_CONTEXT('2D SPACE',''
  ) );
#2859 = PCURVE('',#2541,#2860);
#2860 = DEFINITIONAL_REPRESENTATION('',(#2861),#2869);
#2861 = ( BOUNDED_CURVE() B_SPLINE_CURVE(2,(#2862,#2863,#2864,#2865,
#2866,#2867,#2868),.UNSPECIFIED.,.T.,.F.) B_SPLINE_CURVE_WITH_KNOTS((1,2
    ,2,2,2,1),(-2.094395102393,0.,2.094395102393,4.188790204786,
6.28318530718,8.377580409573),.UNSPECIFIED.) CURVE() 
GEOMETRIC_REPRESENTATION_ITEM() RATIONAL_B_SPLINE_CURVE((1.,0.5,1.,0.5,
1.,0.5,1.)) REPRESENTATION_ITEM('') );
#2862 = CARTESIAN_POINT('',(-4.007813335302,-0.286644796608));
#2863 = CARTESIAN_POINT('',(20.191617786008,19.472171252676));
#2864 = CARTESIAN_POINT('',(25.203538872736,-11.36455888015));
#2865 = CARTESIAN_POINT('',(30.215459959465,-42.20128901298));
#2866 = CARTESIAN_POINT('',(1.004107751426,-31.12337492943));
#2867 = CARTESIAN_POINT('',(-28.20724445661,-20.04546084589));
#2868 = CARTESIAN_POINT('',(-4.007813335302,-0.286644796608));
#2869 = ( GEOMETRIC_REPRESENTATION_CONTEXT(2) 
PARAMETRIC_REPRESENTATION_CONTEXT() REPRESENTATION_CONTEXT('2D SPACE',''
  ) );
#2870 = ORIENTED_EDGE('',*,*,#2489,.F.);
#2871 = ORIENTED_EDGE('',*,*,#2872,.F.);
#2872 = EDGE_CURVE('',#2798,#2490,#2873,.T.);
#2873 = SURFACE_CURVE('',#2874,(#2879,#2886),.PCURVE_S1.);
#2874 = CIRCLE('',#2875,18.037214107362);
#2875 = AXIS2_PLACEMENT_3D('',#2876,#2877,#2878);
#2876 = CARTESIAN_POINT('',(2.297522919054,-19.37542235307,2.4));
#2877 = DIRECTION('',(0.,0.,-1.));
#2878 = DIRECTION('',(-0.632456747313,0.774595676969,0.));
#2879 = PCURVE('',#2512,#2880);
#2880 = DEFINITIONAL_REPRESENTATION('',(#2881),#2885);
#2881 = LINE('',#2882,#2883);
#2882 = CARTESIAN_POINT('',(0.,0.));
#2883 = VECTOR('',#2884,1.);
#2884 = DIRECTION('',(1.,0.));
#2885 = ( GEOMETRIC_REPRESENTATION_CONTEXT(2) 
PARAMETRIC_REPRESENTATION_CONTEXT() REPRESENTATION_CONTEXT('2D SPACE',''
  ) );
#2886 = PCURVE('',#2600,#2887);
#2887 = DEFINITIONAL_REPRESENTATION('',(#2888),#2896);
#2888 = ( BOUNDED_CURVE() B_SPLINE_CURVE(2,(#2889,#2890,#2891,#2892,
#2893,#2894,#2895),.UNSPECIFIED.,.T.,.F.) B_SPLINE_CURVE_WITH_KNOTS((1,2
    ,2,2,2,1),(-2.094395102393,0.,2.094395102393,4.188790204786,
6.28318530718,8.377580409573),.UNSPECIFIED.) CURVE() 
GEOMETRIC_REPRESENTATION_ITEM() RATIONAL_B_SPLINE_CURVE((1.,0.5,1.,0.5,
1.,0.5,1.)) REPRESENTATION_ITEM('') );
#2889 = CARTESIAN_POINT('',(-4.007813335302,-0.286644796608));
#2890 = CARTESIAN_POINT('',(20.191617786008,19.472171252676));
#2891 = CARTESIAN_POINT('',(25.203538872736,-11.36455888015));
#2892 = CARTESIAN_POINT('',(30.215459959465,-42.20128901298));
#2893 = CARTESIAN_POINT('',(1.004107751426,-31.12337492943));
#2894 = CARTESIAN_POINT('',(-28.20724445661,-20.04546084589));
#2895 = CARTESIAN_POINT('',(-4.007813335302,-0.286644796608));
#2896 = ( GEOMETRIC_REPRESENTATION_CONTEXT(2) 
PARAMETRIC_REPRESENTATION_CONTEXT() REPRESENTATION_CONTEXT('2D SPACE',''
  ) );
#2897 = ADVANCED_FACE('',(#2898),#2600,.F.);
#2898 = FACE_BOUND('',#2899,.T.);
#2899 = EDGE_LOOP('',(#2900,#2901,#2902,#2903,#2904));
#2900 = ORIENTED_EDGE('',*,*,#2585,.T.);
#2901 = ORIENTED_EDGE('',*,*,#2671,.T.);
#2902 = ORIENTED_EDGE('',*,*,#2748,.T.);
#2903 = ORIENTED_EDGE('',*,*,#2820,.T.);
#2904 = ORIENTED_EDGE('',*,*,#2872,.T.);
#2905 = ADVANCED_FACE('',(#2906),#2541,.T.);
#2906 = FACE_BOUND('',#2907,.F.);
#2907 = EDGE_LOOP('',(#2908,#2909,#2910,#2911,#2912));
#2908 = ORIENTED_EDGE('',*,*,#2524,.T.);
#2909 = ORIENTED_EDGE('',*,*,#2620,.T.);
#2910 = ORIENTED_EDGE('',*,*,#2696,.T.);
#2911 = ORIENTED_EDGE('',*,*,#2774,.T.);
#2912 = ORIENTED_EDGE('',*,*,#2845,.T.);
#2913 = ( GEOMETRIC_REPRESENTATION_CONTEXT(3) 
GLOBAL_UNCERTAINTY_ASSIGNED_CONTEXT((#2917)) 
GLOBAL_UNIT_ASSIGNED_CONTEXT((#2914,#2915,#2916)) REPRESENTATION_CONTEXT
('Context #1','3D Context with UNIT and UNCERTAINTY') );
#2914 = ( LENGTH_UNIT() NAMED_UNIT(*) SI_UNIT(.MILLI.,.METRE.) );
#2915 = ( NAMED_UNIT(*) PLANE_ANGLE_UNIT() SI_UNIT($,.RADIAN.) );
#2916 = ( NAMED_UNIT(*) SI_UNIT($,.STERADIAN.) SOLID_ANGLE_UNIT() );
#2917 = UNCERTAINTY_MEASURE_WITH_UNIT(LENGTH_MEASURE(1.E-07),#2914,
  'distance_accuracy_value','confusion accuracy');
#2918 = PRODUCT_RELATED_PRODUCT_CATEGORY('part',$,(#2069));
#2919 = MECHANICAL_DESIGN_GEOMETRIC_PRESENTATION_REPRESENTATION('',(
    #2920),#497);
#2920 = STYLED_ITEM('color',(#2921),#15);
#2921 = PRESENTATION_STYLE_ASSIGNMENT((#2922));
#2922 = SURFACE_STYLE_USAGE(.BOTH.,#2923);
#2923 = SURFACE_SIDE_STYLE('',(#2924));
#2924 = SURFACE_STYLE_FILL_AREA(#2925);
#2925 = FILL_AREA_STYLE('',(#2926));
#2926 = FILL_AREA_STYLE_COLOUR('',#2927);
#2927 = COLOUR_RGB('',4.313725586683E-02,5.882352716007E-02,
  0.109803919806);
#2928 = MECHANICAL_DESIGN_GEOMETRIC_PRESENTATION_REPRESENTATION('',(
    #2929,#2937),#2059);
#2929 = STYLED_ITEM('color',(#2930),#511);
#2930 = PRESENTATION_STYLE_ASSIGNMENT((#2931));
#2931 = SURFACE_STYLE_USAGE(.BOTH.,#2932);
#2932 = SURFACE_SIDE_STYLE('',(#2933));
#2933 = SURFACE_STYLE_FILL_AREA(#2934);
#2934 = FILL_AREA_STYLE('',(#2935));
#2935 = FILL_AREA_STYLE_COLOUR('',#2936);
#2936 = COLOUR_RGB('',0.462745104622,0.552941175644,0.960784305148);
#2937 = STYLED_ITEM('color',(#2938),#1615);
#2938 = PRESENTATION_STYLE_ASSIGNMENT((#2939));
#2939 = SURFACE_STYLE_USAGE(.BOTH.,#2940);
#2940 = SURFACE_SIDE_STYLE('',(#2941));
#2941 = SURFACE_STYLE_FILL_AREA(#2942);
#2942 = FILL_AREA_STYLE('',(#2943));
#2943 = FILL_AREA_STYLE_COLOUR('',#2936);
#2944 = MECHANICAL_DESIGN_GEOMETRIC_PRESENTATION_REPRESENTATION('',(
    #2945,#2953),#2913);
#2945 = STYLED_ITEM('color',(#2946),#2073);
#2946 = PRESENTATION_STYLE_ASSIGNMENT((#2947));
#2947 = SURFACE_STYLE_USAGE(.BOTH.,#2948);
#2948 = SURFACE_SIDE_STYLE('',(#2949));
#2949 = SURFACE_STYLE_FILL_AREA(#2950);
#2950 = FILL_AREA_STYLE('',(#2951));
#2951 = FILL_AREA_STYLE_COLOUR('',#2952);
#2952 = COLOUR_RGB('',0.854901964685,0.486274506065,0.188235296286);
#2953 = STYLED_ITEM('color',(#2954),#2483);
#2954 = PRESENTATION_STYLE_ASSIGNMENT((#2955));
#2955 = SURFACE_STYLE_USAGE(.BOTH.,#2956);
#2956 = SURFACE_SIDE_STYLE('',(#2957));
#2957 = SURFACE_STYLE_FILL_AREA(#2958);
#2958 = FILL_AREA_STYLE('',(#2959));
#2959 = FILL_AREA_STYLE_COLOUR('',#2952);
ENDSEC;
END-ISO-10303-21;
