ISO-10303-21;
HEADER;
FILE_DESCRIPTION(('FusionSpace fusion-space-stencil-mark-50mm'),'2;1');
FILE_NAME('fusion-space-stencil-mark-50mm.step','2026-10-01T00:00:00',('Author'),(
    'Open CASCADE'),'Open CASCADE STEP processor 8.0','Open CASCADE 8.0'
  ,'Unknown');
FILE_SCHEMA(('AUTOMOTIVE_DESIGN { 1 0 10303 214 1 1 1 1 }'));
ENDSEC;
DATA;
#1 = APPLICATION_PROTOCOL_DEFINITION('international standard',
  'automotive_design',2000,#2);
#2 = APPLICATION_CONTEXT(
  'core data for automotive mechanical design processes');
#3 = SHAPE_DEFINITION_REPRESENTATION(#4,#10);
#4 = PRODUCT_DEFINITION_SHAPE('','',#5);
#5 = PRODUCT_DEFINITION('design','',#6,#9);
#6 = PRODUCT_DEFINITION_FORMATION('','',#7);
#7 = PRODUCT('part','part','',(#8));
#8 = PRODUCT_CONTEXT('',#2,'mechanical');
#9 = PRODUCT_DEFINITION_CONTEXT('part definition',#2,'design');
#10 = ADVANCED_BREP_SHAPE_REPRESENTATION('',(#11,#15),#4387);
#11 = AXIS2_PLACEMENT_3D('',#12,#13,#14);
#12 = CARTESIAN_POINT('',(0.,0.,0.));
#13 = DIRECTION('',(0.,0.,1.));
#14 = DIRECTION('',(1.,0.,-0.));
#15 = MANIFOLD_SOLID_BREP('',#16);
#16 = CLOSED_SHELL('',(#17,#143,#223,#303,#2008,#3516,#3543,#3570,#3597,
    #3624,#3631,#3678,#3705,#3732,#3759,#3766,#3813,#3840,#3867,#3894,
    #3901,#3948,#3975,#4002,#4029,#4036,#4083,#4110,#4137,#4164,#4191,
    #4218,#4245,#4272,#4299,#4326,#4353,#4380));
#17 = ADVANCED_FACE('',(#18),#32,.F.);
#18 = FACE_BOUND('',#19,.F.);
#19 = EDGE_LOOP('',(#20,#58,#86,#117));
#20 = ORIENTED_EDGE('',*,*,#21,.T.);
#21 = EDGE_CURVE('',#22,#24,#26,.T.);
#22 = VERTEX_POINT('',#23);
#23 = CARTESIAN_POINT('',(38.,-32.,0.));
#24 = VERTEX_POINT('',#25);
#25 = CARTESIAN_POINT('',(38.,-32.,1.2));
#26 = SURFACE_CURVE('',#27,(#31,#43),.PCURVE_S1.);
#27 = LINE('',#28,#29);
#28 = CARTESIAN_POINT('',(38.,-32.,0.));
#29 = VECTOR('',#30,1.);
#30 = DIRECTION('',(0.,0.,1.));
#31 = PCURVE('',#32,#37);
#32 = PLANE('',#33);
#33 = AXIS2_PLACEMENT_3D('',#34,#35,#36);
#34 = CARTESIAN_POINT('',(38.,-32.,0.));
#35 = DIRECTION('',(-1.,0.,0.));
#36 = DIRECTION('',(0.,1.,0.));
#37 = DEFINITIONAL_REPRESENTATION('',(#38),#42);
#38 = LINE('',#39,#40);
#39 = CARTESIAN_POINT('',(0.,0.));
#40 = VECTOR('',#41,1.);
#41 = DIRECTION('',(0.,-1.));
#42 = ( GEOMETRIC_REPRESENTATION_CONTEXT(2) 
PARAMETRIC_REPRESENTATION_CONTEXT() REPRESENTATION_CONTEXT('2D SPACE',''
  ) );
#43 = PCURVE('',#44,#52);
#44 = SURFACE_OF_LINEAR_EXTRUSION('',#45,#50);
#45 = B_SPLINE_CURVE_WITH_KNOTS('',3,(#46,#47,#48,#49),.UNSPECIFIED.,.F.
  ,.F.,(4,4),(0.,1.),.PIECEWISE_BEZIER_KNOTS.);
#46 = CARTESIAN_POINT('',(32.,-38.,0.));
#47 = CARTESIAN_POINT('',(35.319370236609,-37.99362250359,0.));
#48 = CARTESIAN_POINT('',(37.993622503592,-35.3193702366,0.));
#49 = CARTESIAN_POINT('',(38.,-32.,0.));
#50 = VECTOR('',#51,1.);
#51 = DIRECTION('',(-0.,-0.,-1.));
#52 = DEFINITIONAL_REPRESENTATION('',(#53),#57);
#53 = LINE('',#54,#55);
#54 = CARTESIAN_POINT('',(1.,0.));
#55 = VECTOR('',#56,1.);
#56 = DIRECTION('',(0.,-1.));
#57 = ( GEOMETRIC_REPRESENTATION_CONTEXT(2) 
PARAMETRIC_REPRESENTATION_CONTEXT() REPRESENTATION_CONTEXT('2D SPACE',''
  ) );
#58 = ORIENTED_EDGE('',*,*,#59,.T.);
#59 = EDGE_CURVE('',#24,#60,#62,.T.);
#60 = VERTEX_POINT('',#61);
#61 = CARTESIAN_POINT('',(38.,32.,1.2));
#62 = SURFACE_CURVE('',#63,(#67,#74),.PCURVE_S1.);
#63 = LINE('',#64,#65);
#64 = CARTESIAN_POINT('',(38.,-32.,1.2));
#65 = VECTOR('',#66,1.);
#66 = DIRECTION('',(0.,1.,0.));
#67 = PCURVE('',#32,#68);
#68 = DEFINITIONAL_REPRESENTATION('',(#69),#73);
#69 = LINE('',#70,#71);
#70 = CARTESIAN_POINT('',(0.,-1.2));
#71 = VECTOR('',#72,1.);
#72 = DIRECTION('',(1.,0.));
#73 = ( GEOMETRIC_REPRESENTATION_CONTEXT(2) 
PARAMETRIC_REPRESENTATION_CONTEXT() REPRESENTATION_CONTEXT('2D SPACE',''
  ) );
#74 = PCURVE('',#75,#80);
#75 = PLANE('',#76);
#76 = AXIS2_PLACEMENT_3D('',#77,#78,#79);
#77 = CARTESIAN_POINT('',(8.508962341582E-14,-1.362839213309E-13,1.2));
#78 = DIRECTION('',(0.,0.,1.));
#79 = DIRECTION('',(1.,0.,-0.));
#80 = DEFINITIONAL_REPRESENTATION('',(#81),#85);
#81 = LINE('',#82,#83);
#82 = CARTESIAN_POINT('',(38.,-32.));
#83 = VECTOR('',#84,1.);
#84 = DIRECTION('',(0.,1.));
#85 = ( GEOMETRIC_REPRESENTATION_CONTEXT(2) 
PARAMETRIC_REPRESENTATION_CONTEXT() REPRESENTATION_CONTEXT('2D SPACE',''
  ) );
#86 = ORIENTED_EDGE('',*,*,#87,.F.);
#87 = EDGE_CURVE('',#88,#60,#90,.T.);
#88 = VERTEX_POINT('',#89);
#89 = CARTESIAN_POINT('',(38.,32.,0.));
#90 = SURFACE_CURVE('',#91,(#95,#102),.PCURVE_S1.);
#91 = LINE('',#92,#93);
#92 = CARTESIAN_POINT('',(38.,32.,0.));
#93 = VECTOR('',#94,1.);
#94 = DIRECTION('',(0.,0.,1.));
#95 = PCURVE('',#32,#96);
#96 = DEFINITIONAL_REPRESENTATION('',(#97),#101);
#97 = LINE('',#98,#99);
#98 = CARTESIAN_POINT('',(64.,0.));
#99 = VECTOR('',#100,1.);
#100 = DIRECTION('',(0.,-1.));
#101 = ( GEOMETRIC_REPRESENTATION_CONTEXT(2) 
PARAMETRIC_REPRESENTATION_CONTEXT() REPRESENTATION_CONTEXT('2D SPACE',''
  ) );
#102 = PCURVE('',#103,#111);
#103 = SURFACE_OF_LINEAR_EXTRUSION('',#104,#109);
#104 = B_SPLINE_CURVE_WITH_KNOTS('',3,(#105,#106,#107,#108),
  .UNSPECIFIED.,.F.,.F.,(4,4),(0.,1.),.PIECEWISE_BEZIER_KNOTS.);
#105 = CARTESIAN_POINT('',(38.,32.,0.));
#106 = CARTESIAN_POINT('',(37.993622503597,35.319370236603,0.));
#107 = CARTESIAN_POINT('',(35.319370236603,37.993622503597,0.));
#108 = CARTESIAN_POINT('',(32.,38.,0.));
#109 = VECTOR('',#110,1.);
#110 = DIRECTION('',(-0.,-0.,-1.));
#111 = DEFINITIONAL_REPRESENTATION('',(#112),#116);
#112 = LINE('',#113,#114);
#113 = CARTESIAN_POINT('',(0.,0.));
#114 = VECTOR('',#115,1.);
#115 = DIRECTION('',(0.,-1.));
#116 = ( GEOMETRIC_REPRESENTATION_CONTEXT(2) 
PARAMETRIC_REPRESENTATION_CONTEXT() REPRESENTATION_CONTEXT('2D SPACE',''
  ) );
#117 = ORIENTED_EDGE('',*,*,#118,.F.);
#118 = EDGE_CURVE('',#22,#88,#119,.T.);
#119 = SURFACE_CURVE('',#120,(#124,#131),.PCURVE_S1.);
#120 = LINE('',#121,#122);
#121 = CARTESIAN_POINT('',(38.,-32.,0.));
#122 = VECTOR('',#123,1.);
#123 = DIRECTION('',(0.,1.,0.));
#124 = PCURVE('',#32,#125);
#125 = DEFINITIONAL_REPRESENTATION('',(#126),#130);
#126 = LINE('',#127,#128);
#127 = CARTESIAN_POINT('',(0.,0.));
#128 = VECTOR('',#129,1.);
#129 = DIRECTION('',(1.,0.));
#130 = ( GEOMETRIC_REPRESENTATION_CONTEXT(2) 
PARAMETRIC_REPRESENTATION_CONTEXT() REPRESENTATION_CONTEXT('2D SPACE',''
  ) );
#131 = PCURVE('',#132,#137);
#132 = PLANE('',#133);
#133 = AXIS2_PLACEMENT_3D('',#134,#135,#136);
#134 = CARTESIAN_POINT('',(8.508962341582E-14,-1.362839213309E-13,0.));
#135 = DIRECTION('',(0.,0.,1.));
#136 = DIRECTION('',(1.,0.,-0.));
#137 = DEFINITIONAL_REPRESENTATION('',(#138),#142);
#138 = LINE('',#139,#140);
#139 = CARTESIAN_POINT('',(38.,-32.));
#140 = VECTOR('',#141,1.);
#141 = DIRECTION('',(0.,1.));
#142 = ( GEOMETRIC_REPRESENTATION_CONTEXT(2) 
PARAMETRIC_REPRESENTATION_CONTEXT() REPRESENTATION_CONTEXT('2D SPACE',''
  ) );
#143 = ADVANCED_FACE('',(#144),#44,.F.);
#144 = FACE_BOUND('',#145,.F.);
#145 = EDGE_LOOP('',(#146,#176,#199,#200));
#146 = ORIENTED_EDGE('',*,*,#147,.T.);
#147 = EDGE_CURVE('',#148,#150,#152,.T.);
#148 = VERTEX_POINT('',#149);
#149 = CARTESIAN_POINT('',(32.,-38.,0.));
#150 = VERTEX_POINT('',#151);
#151 = CARTESIAN_POINT('',(32.,-38.,1.2));
#152 = SURFACE_CURVE('',#153,(#157,#164),.PCURVE_S1.);
#153 = LINE('',#154,#155);
#154 = CARTESIAN_POINT('',(32.,-38.,0.));
#155 = VECTOR('',#156,1.);
#156 = DIRECTION('',(0.,0.,1.));
#157 = PCURVE('',#44,#158);
#158 = DEFINITIONAL_REPRESENTATION('',(#159),#163);
#159 = LINE('',#160,#161);
#160 = CARTESIAN_POINT('',(0.,0.));
#161 = VECTOR('',#162,1.);
#162 = DIRECTION('',(0.,-1.));
#163 = ( GEOMETRIC_REPRESENTATION_CONTEXT(2) 
PARAMETRIC_REPRESENTATION_CONTEXT() REPRESENTATION_CONTEXT('2D SPACE',''
  ) );
#164 = PCURVE('',#165,#170);
#165 = PLANE('',#166);
#166 = AXIS2_PLACEMENT_3D('',#167,#168,#169);
#167 = CARTESIAN_POINT('',(-32.,-38.,0.));
#168 = DIRECTION('',(0.,1.,0.));
#169 = DIRECTION('',(1.,0.,0.));
#170 = DEFINITIONAL_REPRESENTATION('',(#171),#175);
#171 = LINE('',#172,#173);
#172 = CARTESIAN_POINT('',(64.,0.));
#173 = VECTOR('',#174,1.);
#174 = DIRECTION('',(0.,-1.));
#175 = ( GEOMETRIC_REPRESENTATION_CONTEXT(2) 
PARAMETRIC_REPRESENTATION_CONTEXT() REPRESENTATION_CONTEXT('2D SPACE',''
  ) );
#176 = ORIENTED_EDGE('',*,*,#177,.T.);
#177 = EDGE_CURVE('',#150,#24,#178,.T.);
#178 = SURFACE_CURVE('',#179,(#184,#191),.PCURVE_S1.);
#179 = B_SPLINE_CURVE_WITH_KNOTS('',3,(#180,#181,#182,#183),
  .UNSPECIFIED.,.F.,.F.,(4,4),(0.,1.),.PIECEWISE_BEZIER_KNOTS.);
#180 = CARTESIAN_POINT('',(32.,-38.,1.2));
#181 = CARTESIAN_POINT('',(35.319370236609,-37.99362250359,1.2));
#182 = CARTESIAN_POINT('',(37.993622503592,-35.3193702366,1.2));
#183 = CARTESIAN_POINT('',(38.,-32.,1.2));
#184 = PCURVE('',#44,#185);
#185 = DEFINITIONAL_REPRESENTATION('',(#186),#190);
#186 = LINE('',#187,#188);
#187 = CARTESIAN_POINT('',(0.,-1.2));
#188 = VECTOR('',#189,1.);
#189 = DIRECTION('',(1.,0.));
#190 = ( GEOMETRIC_REPRESENTATION_CONTEXT(2) 
PARAMETRIC_REPRESENTATION_CONTEXT() REPRESENTATION_CONTEXT('2D SPACE',''
  ) );
#191 = PCURVE('',#75,#192);
#192 = DEFINITIONAL_REPRESENTATION('',(#193),#198);
#193 = B_SPLINE_CURVE_WITH_KNOTS('',3,(#194,#195,#196,#197),
  .UNSPECIFIED.,.F.,.F.,(4,4),(0.,1.),.PIECEWISE_BEZIER_KNOTS.);
#194 = CARTESIAN_POINT('',(32.,-38.));
#195 = CARTESIAN_POINT('',(35.319370236609,-37.99362250359));
#196 = CARTESIAN_POINT('',(37.993622503592,-35.3193702366));
#197 = CARTESIAN_POINT('',(38.,-32.));
#198 = ( GEOMETRIC_REPRESENTATION_CONTEXT(2) 
PARAMETRIC_REPRESENTATION_CONTEXT() REPRESENTATION_CONTEXT('2D SPACE',''
  ) );
#199 = ORIENTED_EDGE('',*,*,#21,.F.);
#200 = ORIENTED_EDGE('',*,*,#201,.F.);
#201 = EDGE_CURVE('',#148,#22,#202,.T.);
#202 = SURFACE_CURVE('',#203,(#208,#215),.PCURVE_S1.);
#203 = B_SPLINE_CURVE_WITH_KNOTS('',3,(#204,#205,#206,#207),
  .UNSPECIFIED.,.F.,.F.,(4,4),(0.,1.),.PIECEWISE_BEZIER_KNOTS.);
#204 = CARTESIAN_POINT('',(32.,-38.,0.));
#205 = CARTESIAN_POINT('',(35.319370236609,-37.99362250359,0.));
#206 = CARTESIAN_POINT('',(37.993622503592,-35.3193702366,0.));
#207 = CARTESIAN_POINT('',(38.,-32.,0.));
#208 = PCURVE('',#44,#209);
#209 = DEFINITIONAL_REPRESENTATION('',(#210),#214);
#210 = LINE('',#211,#212);
#211 = CARTESIAN_POINT('',(0.,0.));
#212 = VECTOR('',#213,1.);
#213 = DIRECTION('',(1.,0.));
#214 = ( GEOMETRIC_REPRESENTATION_CONTEXT(2) 
PARAMETRIC_REPRESENTATION_CONTEXT() REPRESENTATION_CONTEXT('2D SPACE',''
  ) );
#215 = PCURVE('',#132,#216);
#216 = DEFINITIONAL_REPRESENTATION('',(#217),#222);
#217 = B_SPLINE_CURVE_WITH_KNOTS('',3,(#218,#219,#220,#221),
  .UNSPECIFIED.,.F.,.F.,(4,4),(0.,1.),.PIECEWISE_BEZIER_KNOTS.);
#218 = CARTESIAN_POINT('',(32.,-38.));
#219 = CARTESIAN_POINT('',(35.319370236609,-37.99362250359));
#220 = CARTESIAN_POINT('',(37.993622503592,-35.3193702366));
#221 = CARTESIAN_POINT('',(38.,-32.));
#222 = ( GEOMETRIC_REPRESENTATION_CONTEXT(2) 
PARAMETRIC_REPRESENTATION_CONTEXT() REPRESENTATION_CONTEXT('2D SPACE',''
  ) );
#223 = ADVANCED_FACE('',(#224),#103,.F.);
#224 = FACE_BOUND('',#225,.F.);
#225 = EDGE_LOOP('',(#226,#227,#252,#280));
#226 = ORIENTED_EDGE('',*,*,#87,.T.);
#227 = ORIENTED_EDGE('',*,*,#228,.T.);
#228 = EDGE_CURVE('',#60,#229,#231,.T.);
#229 = VERTEX_POINT('',#230);
#230 = CARTESIAN_POINT('',(32.,38.,1.2));
#231 = SURFACE_CURVE('',#232,(#237,#244),.PCURVE_S1.);
#232 = B_SPLINE_CURVE_WITH_KNOTS('',3,(#233,#234,#235,#236),
  .UNSPECIFIED.,.F.,.F.,(4,4),(0.,1.),.PIECEWISE_BEZIER_KNOTS.);
#233 = CARTESIAN_POINT('',(38.,32.,1.2));
#234 = CARTESIAN_POINT('',(37.993622503597,35.319370236603,1.2));
#235 = CARTESIAN_POINT('',(35.319370236603,37.993622503597,1.2));
#236 = CARTESIAN_POINT('',(32.,38.,1.2));
#237 = PCURVE('',#103,#238);
#238 = DEFINITIONAL_REPRESENTATION('',(#239),#243);
#239 = LINE('',#240,#241);
#240 = CARTESIAN_POINT('',(0.,-1.2));
#241 = VECTOR('',#242,1.);
#242 = DIRECTION('',(1.,0.));
#243 = ( GEOMETRIC_REPRESENTATION_CONTEXT(2) 
PARAMETRIC_REPRESENTATION_CONTEXT() REPRESENTATION_CONTEXT('2D SPACE',''
  ) );
#244 = PCURVE('',#75,#245);
#245 = DEFINITIONAL_REPRESENTATION('',(#246),#251);
#246 = B_SPLINE_CURVE_WITH_KNOTS('',3,(#247,#248,#249,#250),
  .UNSPECIFIED.,.F.,.F.,(4,4),(0.,1.),.PIECEWISE_BEZIER_KNOTS.);
#247 = CARTESIAN_POINT('',(38.,32.));
#248 = CARTESIAN_POINT('',(37.993622503597,35.319370236603));
#249 = CARTESIAN_POINT('',(35.319370236603,37.993622503597));
#250 = CARTESIAN_POINT('',(32.,38.));
#251 = ( GEOMETRIC_REPRESENTATION_CONTEXT(2) 
PARAMETRIC_REPRESENTATION_CONTEXT() REPRESENTATION_CONTEXT('2D SPACE',''
  ) );
#252 = ORIENTED_EDGE('',*,*,#253,.F.);
#253 = EDGE_CURVE('',#254,#229,#256,.T.);
#254 = VERTEX_POINT('',#255);
#255 = CARTESIAN_POINT('',(32.,38.,0.));
#256 = SURFACE_CURVE('',#257,(#261,#268),.PCURVE_S1.);
#257 = LINE('',#258,#259);
#258 = CARTESIAN_POINT('',(32.,38.,0.));
#259 = VECTOR('',#260,1.);
#260 = DIRECTION('',(0.,0.,1.));
#261 = PCURVE('',#103,#262);
#262 = DEFINITIONAL_REPRESENTATION('',(#263),#267);
#263 = LINE('',#264,#265);
#264 = CARTESIAN_POINT('',(1.,0.));
#265 = VECTOR('',#266,1.);
#266 = DIRECTION('',(0.,-1.));
#267 = ( GEOMETRIC_REPRESENTATION_CONTEXT(2) 
PARAMETRIC_REPRESENTATION_CONTEXT() REPRESENTATION_CONTEXT('2D SPACE',''
  ) );
#268 = PCURVE('',#269,#274);
#269 = PLANE('',#270);
#270 = AXIS2_PLACEMENT_3D('',#271,#272,#273);
#271 = CARTESIAN_POINT('',(32.,38.,0.));
#272 = DIRECTION('',(0.,-1.,0.));
#273 = DIRECTION('',(-1.,0.,0.));
#274 = DEFINITIONAL_REPRESENTATION('',(#275),#279);
#275 = LINE('',#276,#277);
#276 = CARTESIAN_POINT('',(0.,-0.));
#277 = VECTOR('',#278,1.);
#278 = DIRECTION('',(0.,-1.));
#279 = ( GEOMETRIC_REPRESENTATION_CONTEXT(2) 
PARAMETRIC_REPRESENTATION_CONTEXT() REPRESENTATION_CONTEXT('2D SPACE',''
  ) );
#280 = ORIENTED_EDGE('',*,*,#281,.F.);
#281 = EDGE_CURVE('',#88,#254,#282,.T.);
#282 = SURFACE_CURVE('',#283,(#288,#295),.PCURVE_S1.);
#283 = B_SPLINE_CURVE_WITH_KNOTS('',3,(#284,#285,#286,#287),
  .UNSPECIFIED.,.F.,.F.,(4,4),(0.,1.),.PIECEWISE_BEZIER_KNOTS.);
#284 = CARTESIAN_POINT('',(38.,32.,0.));
#285 = CARTESIAN_POINT('',(37.993622503597,35.319370236603,0.));
#286 = CARTESIAN_POINT('',(35.319370236603,37.993622503597,0.));
#287 = CARTESIAN_POINT('',(32.,38.,0.));
#288 = PCURVE('',#103,#289);
#289 = DEFINITIONAL_REPRESENTATION('',(#290),#294);
#290 = LINE('',#291,#292);
#291 = CARTESIAN_POINT('',(0.,0.));
#292 = VECTOR('',#293,1.);
#293 = DIRECTION('',(1.,0.));
#294 = ( GEOMETRIC_REPRESENTATION_CONTEXT(2) 
PARAMETRIC_REPRESENTATION_CONTEXT() REPRESENTATION_CONTEXT('2D SPACE',''
  ) );
#295 = PCURVE('',#132,#296);
#296 = DEFINITIONAL_REPRESENTATION('',(#297),#302);
#297 = B_SPLINE_CURVE_WITH_KNOTS('',3,(#298,#299,#300,#301),
  .UNSPECIFIED.,.F.,.F.,(4,4),(0.,1.),.PIECEWISE_BEZIER_KNOTS.);
#298 = CARTESIAN_POINT('',(38.,32.));
#299 = CARTESIAN_POINT('',(37.993622503597,35.319370236603));
#300 = CARTESIAN_POINT('',(35.319370236603,37.993622503597));
#301 = CARTESIAN_POINT('',(32.,38.));
#302 = ( GEOMETRIC_REPRESENTATION_CONTEXT(2) 
PARAMETRIC_REPRESENTATION_CONTEXT() REPRESENTATION_CONTEXT('2D SPACE',''
  ) );
#303 = ADVANCED_FACE('',(#304,#447,#600,#1013,#1152),#132,.F.);
#304 = FACE_BOUND('',#305,.F.);
#305 = EDGE_LOOP('',(#306,#307,#308,#331,#364,#392,#425,#446));
#306 = ORIENTED_EDGE('',*,*,#118,.T.);
#307 = ORIENTED_EDGE('',*,*,#281,.T.);
#308 = ORIENTED_EDGE('',*,*,#309,.T.);
#309 = EDGE_CURVE('',#254,#310,#312,.T.);
#310 = VERTEX_POINT('',#311);
#311 = CARTESIAN_POINT('',(-32.,38.,0.));
#312 = SURFACE_CURVE('',#313,(#317,#324),.PCURVE_S1.);
#313 = LINE('',#314,#315);
#314 = CARTESIAN_POINT('',(32.,38.,0.));
#315 = VECTOR('',#316,1.);
#316 = DIRECTION('',(-1.,0.,0.));
#317 = PCURVE('',#132,#318);
#318 = DEFINITIONAL_REPRESENTATION('',(#319),#323);
#319 = LINE('',#320,#321);
#320 = CARTESIAN_POINT('',(32.,38.));
#321 = VECTOR('',#322,1.);
#322 = DIRECTION('',(-1.,0.));
#323 = ( GEOMETRIC_REPRESENTATION_CONTEXT(2) 
PARAMETRIC_REPRESENTATION_CONTEXT() REPRESENTATION_CONTEXT('2D SPACE',''
  ) );
#324 = PCURVE('',#269,#325);
#325 = DEFINITIONAL_REPRESENTATION('',(#326),#330);
#326 = LINE('',#327,#328);
#327 = CARTESIAN_POINT('',(0.,-0.));
#328 = VECTOR('',#329,1.);
#329 = DIRECTION('',(1.,0.));
#330 = ( GEOMETRIC_REPRESENTATION_CONTEXT(2) 
PARAMETRIC_REPRESENTATION_CONTEXT() REPRESENTATION_CONTEXT('2D SPACE',''
  ) );
#331 = ORIENTED_EDGE('',*,*,#332,.T.);
#332 = EDGE_CURVE('',#310,#333,#335,.T.);
#333 = VERTEX_POINT('',#334);
#334 = CARTESIAN_POINT('',(-38.,32.,0.));
#335 = SURFACE_CURVE('',#336,(#341,#349),.PCURVE_S1.);
#336 = B_SPLINE_CURVE_WITH_KNOTS('',3,(#337,#338,#339,#340),
  .UNSPECIFIED.,.F.,.F.,(4,4),(0.,1.),.PIECEWISE_BEZIER_KNOTS.);
#337 = CARTESIAN_POINT('',(-32.,38.,0.));
#338 = CARTESIAN_POINT('',(-35.31937023657,37.993622503617,0.));
#339 = CARTESIAN_POINT('',(-37.99362250361,35.319370236578,0.));
#340 = CARTESIAN_POINT('',(-38.,32.,0.));
#341 = PCURVE('',#132,#342);
#342 = DEFINITIONAL_REPRESENTATION('',(#343),#348);
#343 = B_SPLINE_CURVE_WITH_KNOTS('',3,(#344,#345,#346,#347),
  .UNSPECIFIED.,.F.,.F.,(4,4),(0.,1.),.PIECEWISE_BEZIER_KNOTS.);
#344 = CARTESIAN_POINT('',(-32.,38.));
#345 = CARTESIAN_POINT('',(-35.31937023657,37.993622503617));
#346 = CARTESIAN_POINT('',(-37.99362250361,35.319370236578));
#347 = CARTESIAN_POINT('',(-38.,32.));
#348 = ( GEOMETRIC_REPRESENTATION_CONTEXT(2) 
PARAMETRIC_REPRESENTATION_CONTEXT() REPRESENTATION_CONTEXT('2D SPACE',''
  ) );
#349 = PCURVE('',#350,#358);
#350 = SURFACE_OF_LINEAR_EXTRUSION('',#351,#356);
#351 = B_SPLINE_CURVE_WITH_KNOTS('',3,(#352,#353,#354,#355),
  .UNSPECIFIED.,.F.,.F.,(4,4),(0.,1.),.PIECEWISE_BEZIER_KNOTS.);
#352 = CARTESIAN_POINT('',(-32.,38.,0.));
#353 = CARTESIAN_POINT('',(-35.31937023657,37.993622503617,0.));
#354 = CARTESIAN_POINT('',(-37.99362250361,35.319370236578,0.));
#355 = CARTESIAN_POINT('',(-38.,32.,0.));
#356 = VECTOR('',#357,1.);
#357 = DIRECTION('',(-0.,-0.,-1.));
#358 = DEFINITIONAL_REPRESENTATION('',(#359),#363);
#359 = LINE('',#360,#361);
#360 = CARTESIAN_POINT('',(0.,0.));
#361 = VECTOR('',#362,1.);
#362 = DIRECTION('',(1.,0.));
#363 = ( GEOMETRIC_REPRESENTATION_CONTEXT(2) 
PARAMETRIC_REPRESENTATION_CONTEXT() REPRESENTATION_CONTEXT('2D SPACE',''
  ) );
#364 = ORIENTED_EDGE('',*,*,#365,.T.);
#365 = EDGE_CURVE('',#333,#366,#368,.T.);
#366 = VERTEX_POINT('',#367);
#367 = CARTESIAN_POINT('',(-38.,-32.,0.));
#368 = SURFACE_CURVE('',#369,(#373,#380),.PCURVE_S1.);
#369 = LINE('',#370,#371);
#370 = CARTESIAN_POINT('',(-38.,32.,0.));
#371 = VECTOR('',#372,1.);
#372 = DIRECTION('',(0.,-1.,0.));
#373 = PCURVE('',#132,#374);
#374 = DEFINITIONAL_REPRESENTATION('',(#375),#379);
#375 = LINE('',#376,#377);
#376 = CARTESIAN_POINT('',(-38.,32.));
#377 = VECTOR('',#378,1.);
#378 = DIRECTION('',(0.,-1.));
#379 = ( GEOMETRIC_REPRESENTATION_CONTEXT(2) 
PARAMETRIC_REPRESENTATION_CONTEXT() REPRESENTATION_CONTEXT('2D SPACE',''
  ) );
#380 = PCURVE('',#381,#386);
#381 = PLANE('',#382);
#382 = AXIS2_PLACEMENT_3D('',#383,#384,#385);
#383 = CARTESIAN_POINT('',(-38.,32.,0.));
#384 = DIRECTION('',(1.,0.,-0.));
#385 = DIRECTION('',(0.,-1.,0.));
#386 = DEFINITIONAL_REPRESENTATION('',(#387),#391);
#387 = LINE('',#388,#389);
#388 = CARTESIAN_POINT('',(0.,0.));
#389 = VECTOR('',#390,1.);
#390 = DIRECTION('',(1.,0.));
#391 = ( GEOMETRIC_REPRESENTATION_CONTEXT(2) 
PARAMETRIC_REPRESENTATION_CONTEXT() REPRESENTATION_CONTEXT('2D SPACE',''
  ) );
#392 = ORIENTED_EDGE('',*,*,#393,.T.);
#393 = EDGE_CURVE('',#366,#394,#396,.T.);
#394 = VERTEX_POINT('',#395);
#395 = CARTESIAN_POINT('',(-32.,-38.,0.));
#396 = SURFACE_CURVE('',#397,(#402,#410),.PCURVE_S1.);
#397 = B_SPLINE_CURVE_WITH_KNOTS('',3,(#398,#399,#400,#401),
  .UNSPECIFIED.,.F.,.F.,(4,4),(0.,1.),.PIECEWISE_BEZIER_KNOTS.);
#398 = CARTESIAN_POINT('',(-38.,-32.,0.));
#399 = CARTESIAN_POINT('',(-37.99362250359,-35.31937023661,0.));
#400 = CARTESIAN_POINT('',(-35.3193702366,-37.99362250359,0.));
#401 = CARTESIAN_POINT('',(-32.,-38.,0.));
#402 = PCURVE('',#132,#403);
#403 = DEFINITIONAL_REPRESENTATION('',(#404),#409);
#404 = B_SPLINE_CURVE_WITH_KNOTS('',3,(#405,#406,#407,#408),
  .UNSPECIFIED.,.F.,.F.,(4,4),(0.,1.),.PIECEWISE_BEZIER_KNOTS.);
#405 = CARTESIAN_POINT('',(-38.,-32.));
#406 = CARTESIAN_POINT('',(-37.99362250359,-35.31937023661));
#407 = CARTESIAN_POINT('',(-35.31937023661,-37.99362250359));
#408 = CARTESIAN_POINT('',(-32.,-38.));
#409 = ( GEOMETRIC_REPRESENTATION_CONTEXT(2) 
PARAMETRIC_REPRESENTATION_CONTEXT() REPRESENTATION_CONTEXT('2D SPACE',''
  ) );
#410 = PCURVE('',#411,#419);
#411 = SURFACE_OF_LINEAR_EXTRUSION('',#412,#417);
#412 = B_SPLINE_CURVE_WITH_KNOTS('',3,(#413,#414,#415,#416),
  .UNSPECIFIED.,.F.,.F.,(4,4),(0.,1.),.PIECEWISE_BEZIER_KNOTS.);
#413 = CARTESIAN_POINT('',(-38.,-32.,0.));
#414 = CARTESIAN_POINT('',(-37.99362250359,-35.31937023661,0.));
#415 = CARTESIAN_POINT('',(-35.3193702366,-37.99362250359,0.));
#416 = CARTESIAN_POINT('',(-32.,-38.,0.));
#417 = VECTOR('',#418,1.);
#418 = DIRECTION('',(-0.,-0.,-1.));
#419 = DEFINITIONAL_REPRESENTATION('',(#420),#424);
#420 = LINE('',#421,#422);
#421 = CARTESIAN_POINT('',(0.,0.));
#422 = VECTOR('',#423,1.);
#423 = DIRECTION('',(1.,0.));
#424 = ( GEOMETRIC_REPRESENTATION_CONTEXT(2) 
PARAMETRIC_REPRESENTATION_CONTEXT() REPRESENTATION_CONTEXT('2D SPACE',''
  ) );
#425 = ORIENTED_EDGE('',*,*,#426,.T.);
#426 = EDGE_CURVE('',#394,#148,#427,.T.);
#427 = SURFACE_CURVE('',#428,(#432,#439),.PCURVE_S1.);
#428 = LINE('',#429,#430);
#429 = CARTESIAN_POINT('',(-32.,-38.,0.));
#430 = VECTOR('',#431,1.);
#431 = DIRECTION('',(1.,0.,0.));
#432 = PCURVE('',#132,#433);
#433 = DEFINITIONAL_REPRESENTATION('',(#434),#438);
#434 = LINE('',#435,#436);
#435 = CARTESIAN_POINT('',(-32.,-38.));
#436 = VECTOR('',#437,1.);
#437 = DIRECTION('',(1.,0.));
#438 = ( GEOMETRIC_REPRESENTATION_CONTEXT(2) 
PARAMETRIC_REPRESENTATION_CONTEXT() REPRESENTATION_CONTEXT('2D SPACE',''
  ) );
#439 = PCURVE('',#165,#440);
#440 = DEFINITIONAL_REPRESENTATION('',(#441),#445);
#441 = LINE('',#442,#443);
#442 = CARTESIAN_POINT('',(0.,0.));
#443 = VECTOR('',#444,1.);
#444 = DIRECTION('',(1.,0.));
#445 = ( GEOMETRIC_REPRESENTATION_CONTEXT(2) 
PARAMETRIC_REPRESENTATION_CONTEXT() REPRESENTATION_CONTEXT('2D SPACE',''
  ) );
#446 = ORIENTED_EDGE('',*,*,#201,.T.);
#447 = FACE_BOUND('',#448,.F.);
#448 = EDGE_LOOP('',(#449,#484,#517,#543,#576));
#449 = ORIENTED_EDGE('',*,*,#450,.T.);
#450 = EDGE_CURVE('',#451,#453,#455,.T.);
#451 = VERTEX_POINT('',#452);
#452 = CARTESIAN_POINT('',(-21.09571051639,-12.61251627009,0.));
#453 = VERTEX_POINT('',#454);
#454 = CARTESIAN_POINT('',(-3.729726053375,-3.747400678543,0.));
#455 = SURFACE_CURVE('',#456,(#461,#472),.PCURVE_S1.);
#456 = CIRCLE('',#457,40.483465886407);
#457 = AXIS2_PLACEMENT_3D('',#458,#459,#460);
#458 = CARTESIAN_POINT('',(5.452241216844,-43.1758483683,0.));
#459 = DIRECTION('',(0.,0.,-1.));
#460 = DIRECTION('',(-0.655772700088,0.754958386813,0.));
#461 = PCURVE('',#132,#462);
#462 = DEFINITIONAL_REPRESENTATION('',(#463),#471);
#463 = ( BOUNDED_CURVE() B_SPLINE_CURVE(2,(#464,#465,#466,#467,#468,#469
,#470),.UNSPECIFIED.,.T.,.F.) B_SPLINE_CURVE_WITH_KNOTS((1,2,2,2,2,1),(
    -2.094395102393,0.,2.094395102393,4.188790204786,6.28318530718,
8.377580409573),.UNSPECIFIED.) CURVE() GEOMETRIC_REPRESENTATION_ITEM() 
RATIONAL_B_SPLINE_CURVE((1.,0.5,1.,0.5,1.,0.5,1.)) REPRESENTATION_ITEM(
  '') );
#464 = CARTESIAN_POINT('',(-21.09571051639,-12.61251627009));
#465 = CARTESIAN_POINT('',(31.841533526313,33.369884968757));
#466 = CARTESIAN_POINT('',(45.194839104815,-35.46631379798));
#467 = CARTESIAN_POINT('',(58.548144683318,-104.3025125647));
#468 = CARTESIAN_POINT('',(-7.74240493789,-81.44871503684));
#469 = CARTESIAN_POINT('',(-74.03295455909,-58.59491750894));
#470 = CARTESIAN_POINT('',(-21.09571051639,-12.61251627009));
#471 = ( GEOMETRIC_REPRESENTATION_CONTEXT(2) 
PARAMETRIC_REPRESENTATION_CONTEXT() REPRESENTATION_CONTEXT('2D SPACE',''
  ) );
#472 = PCURVE('',#473,#478);
#473 = CYLINDRICAL_SURFACE('',#474,40.483465886407);
#474 = AXIS2_PLACEMENT_3D('',#475,#476,#477);
#475 = CARTESIAN_POINT('',(5.452241216844,-43.1758483683,-1.));
#476 = DIRECTION('',(0.,0.,-1.));
#477 = DIRECTION('',(-0.655772700088,0.754958386813,0.));
#478 = DEFINITIONAL_REPRESENTATION('',(#479),#483);
#479 = LINE('',#480,#481);
#480 = CARTESIAN_POINT('',(0.,-1.));
#481 = VECTOR('',#482,1.);
#482 = DIRECTION('',(1.,0.));
#483 = ( GEOMETRIC_REPRESENTATION_CONTEXT(2) 
PARAMETRIC_REPRESENTATION_CONTEXT() REPRESENTATION_CONTEXT('2D SPACE',''
  ) );
#484 = ORIENTED_EDGE('',*,*,#485,.T.);
#485 = EDGE_CURVE('',#453,#486,#488,.T.);
#486 = VERTEX_POINT('',#487);
#487 = CARTESIAN_POINT('',(-12.59484164492,-21.11338514156,0.));
#488 = SURFACE_CURVE('',#489,(#494,#505),.PCURVE_S1.);
#489 = CIRCLE('',#490,40.483465886407);
#490 = AXIS2_PLACEMENT_3D('',#491,#492,#493);
#491 = CARTESIAN_POINT('',(-43.15817374314,5.434566591676,0.));
#492 = DIRECTION('',(0.,0.,-1.));
#493 = DIRECTION('',(0.973939528804,-0.226807835475,0.));
#494 = PCURVE('',#132,#495);
#495 = DEFINITIONAL_REPRESENTATION('',(#496),#504);
#496 = ( BOUNDED_CURVE() B_SPLINE_CURVE(2,(#497,#498,#499,#500,#501,#502
,#503),.UNSPECIFIED.,.T.,.F.) B_SPLINE_CURVE_WITH_KNOTS((1,2,2,2,2,1),(
    -2.094395102393,0.,2.094395102393,4.188790204786,6.28318530718,
8.377580409573),.UNSPECIFIED.) CURVE() GEOMETRIC_REPRESENTATION_ITEM() 
RATIONAL_B_SPLINE_CURVE((1.,0.5,1.,0.5,1.,0.5,1.)) REPRESENTATION_ITEM(
  '') );
#497 = CARTESIAN_POINT('',(-3.729726053375,-3.747400678543));
#498 = CARTESIAN_POINT('',(-19.63335987882,-72.03947534078));
#499 = CARTESIAN_POINT('',(-70.82421450075,-24.12048710433));
#500 = CARTESIAN_POINT('',(-122.0150691226,23.798501132115));
#501 = CARTESIAN_POINT('',(-54.92058067529,44.171587557908));
#502 = CARTESIAN_POINT('',(12.173907772079,64.544673983702));
#503 = CARTESIAN_POINT('',(-3.729726053375,-3.747400678543));
#504 = ( GEOMETRIC_REPRESENTATION_CONTEXT(2) 
PARAMETRIC_REPRESENTATION_CONTEXT() REPRESENTATION_CONTEXT('2D SPACE',''
  ) );
#505 = PCURVE('',#506,#511);
#506 = CYLINDRICAL_SURFACE('',#507,40.483465886407);
#507 = AXIS2_PLACEMENT_3D('',#508,#509,#510);
#508 = CARTESIAN_POINT('',(-43.15817374314,5.434566591676,-1.));
#509 = DIRECTION('',(0.,0.,-1.));
#510 = DIRECTION('',(0.973939528804,-0.226807835475,0.));
#511 = DEFINITIONAL_REPRESENTATION('',(#512),#516);
#512 = LINE('',#513,#514);
#513 = CARTESIAN_POINT('',(1.047213850719E-17,-1.));
#514 = VECTOR('',#515,1.);
#515 = DIRECTION('',(1.,0.));
#516 = ( GEOMETRIC_REPRESENTATION_CONTEXT(2) 
PARAMETRIC_REPRESENTATION_CONTEXT() REPRESENTATION_CONTEXT('2D SPACE',''
  ) );
#517 = ORIENTED_EDGE('',*,*,#518,.F.);
#518 = EDGE_CURVE('',#519,#486,#521,.T.);
#519 = VERTEX_POINT('',#520);
#520 = CARTESIAN_POINT('',(-13.01910571363,-20.68912107284,0.));
#521 = SURFACE_CURVE('',#522,(#526,#532),.PCURVE_S1.);
#522 = LINE('',#523,#524);
#523 = CARTESIAN_POINT('',(-14.72447751908,-18.9837492674,
    1.110223024625E-16));
#524 = VECTOR('',#525,1.);
#525 = DIRECTION('',(0.707106781187,-0.707106781187,0.));
#526 = PCURVE('',#132,#527);
#527 = DEFINITIONAL_REPRESENTATION('',(#528),#531);
#528 = B_SPLINE_CURVE_WITH_KNOTS('',1,(#529,#530),.UNSPECIFIED.,.F.,.F.,
  (2,2),(2.411759936151,3.011759936151),.PIECEWISE_BEZIER_KNOTS.);
#529 = CARTESIAN_POINT('',(-13.01910571363,-20.68912107284));
#530 = CARTESIAN_POINT('',(-12.59484164492,-21.11338514156));
#531 = ( GEOMETRIC_REPRESENTATION_CONTEXT(2) 
PARAMETRIC_REPRESENTATION_CONTEXT() REPRESENTATION_CONTEXT('2D SPACE',''
  ) );
#532 = PCURVE('',#533,#538);
#533 = PLANE('',#534);
#534 = AXIS2_PLACEMENT_3D('',#535,#536,#537);
#535 = CARTESIAN_POINT('',(-12.59484164492,-21.11338514156,-1.));
#536 = DIRECTION('',(-0.707106781187,-0.707106781187,0.));
#537 = DIRECTION('',(-0.707106781187,0.707106781187,0.));
#538 = DEFINITIONAL_REPRESENTATION('',(#539),#542);
#539 = B_SPLINE_CURVE_WITH_KNOTS('',1,(#540,#541),.UNSPECIFIED.,.F.,.F.,
  (2,2),(2.411759936151,3.011759936151),.PIECEWISE_BEZIER_KNOTS.);
#540 = CARTESIAN_POINT('',(0.6,-1.));
#541 = CARTESIAN_POINT('',(0.,-1.));
#542 = ( GEOMETRIC_REPRESENTATION_CONTEXT(2) 
PARAMETRIC_REPRESENTATION_CONTEXT() REPRESENTATION_CONTEXT('2D SPACE',''
  ) );
#543 = ORIENTED_EDGE('',*,*,#544,.F.);
#544 = EDGE_CURVE('',#545,#519,#547,.T.);
#545 = VERTEX_POINT('',#546);
#546 = CARTESIAN_POINT('',(-20.67144644768,-13.0367803388,0.));
#547 = SURFACE_CURVE('',#548,(#553,#564),.PCURVE_S1.);
#548 = CIRCLE('',#549,6.110711831911);
#549 = AXIS2_PLACEMENT_3D('',#550,#551,#552);
#550 = CARTESIAN_POINT('',(-18.85296626314,-18.87064088831,0.));
#551 = DIRECTION('',(0.,-0.,-1.));
#552 = DIRECTION('',(0.954694102747,-0.297588928189,0.));
#553 = PCURVE('',#132,#554);
#554 = DEFINITIONAL_REPRESENTATION('',(#555),#563);
#555 = ( BOUNDED_CURVE() B_SPLINE_CURVE(2,(#556,#557,#558,#559,#560,#561
,#562),.UNSPECIFIED.,.T.,.F.) B_SPLINE_CURVE_WITH_KNOTS((1,2,2,2,2,1),(
    -2.094395102393,0.,2.094395102393,4.188790204786,6.28318530718,
8.377580409573),.UNSPECIFIED.) CURVE() GEOMETRIC_REPRESENTATION_ITEM() 
RATIONAL_B_SPLINE_CURVE((1.,0.5,1.,0.5,1.,0.5,1.)) REPRESENTATION_ITEM(
  '') );
#556 = CARTESIAN_POINT('',(-13.01910571363,-20.68912107284));
#557 = CARTESIAN_POINT('',(-16.1688057858,-30.79366394886));
#558 = CARTESIAN_POINT('',(-23.34474657398,-23.01367223405));
#559 = CARTESIAN_POINT('',(-30.52068736216,-15.23368051925));
#560 = CARTESIAN_POINT('',(-20.19504650181,-12.90912935803));
#561 = CARTESIAN_POINT('',(-9.869405641471,-10.58457819682));
#562 = CARTESIAN_POINT('',(-13.01910571363,-20.68912107284));
#563 = ( GEOMETRIC_REPRESENTATION_CONTEXT(2) 
PARAMETRIC_REPRESENTATION_CONTEXT() REPRESENTATION_CONTEXT('2D SPACE',''
  ) );
#564 = PCURVE('',#565,#570);
#565 = CYLINDRICAL_SURFACE('',#566,6.110711831911);
#566 = AXIS2_PLACEMENT_3D('',#567,#568,#569);
#567 = CARTESIAN_POINT('',(-18.85296626314,-18.87064088831,-1.));
#568 = DIRECTION('',(-0.,-0.,-1.));
#569 = DIRECTION('',(0.954694102747,-0.297588928189,0.));
#570 = DEFINITIONAL_REPRESENTATION('',(#571),#575);
#571 = LINE('',#572,#573);
#572 = CARTESIAN_POINT('',(-6.28318530718,-1.));
#573 = VECTOR('',#574,1.);
#574 = DIRECTION('',(1.,-0.));
#575 = ( GEOMETRIC_REPRESENTATION_CONTEXT(2) 
PARAMETRIC_REPRESENTATION_CONTEXT() REPRESENTATION_CONTEXT('2D SPACE',''
  ) );
#576 = ORIENTED_EDGE('',*,*,#577,.F.);
#577 = EDGE_CURVE('',#451,#545,#578,.T.);
#578 = SURFACE_CURVE('',#579,(#583,#589),.PCURVE_S1.);
#579 = LINE('',#580,#581);
#580 = CARTESIAN_POINT('',(-18.76277992046,-14.94544686602,
    1.110223024625E-16));
#581 = VECTOR('',#582,1.);
#582 = DIRECTION('',(0.707106781187,-0.707106781187,0.));
#583 = PCURVE('',#132,#584);
#584 = DEFINITIONAL_REPRESENTATION('',(#585),#588);
#585 = B_SPLINE_CURVE_WITH_KNOTS('',1,(#586,#587),.UNSPECIFIED.,.F.,.F.,
  (2,2),(-3.29926208884,-2.69926208884),.PIECEWISE_BEZIER_KNOTS.);
#586 = CARTESIAN_POINT('',(-21.09571051639,-12.61251627009));
#587 = CARTESIAN_POINT('',(-20.67144644768,-13.0367803388));
#588 = ( GEOMETRIC_REPRESENTATION_CONTEXT(2) 
PARAMETRIC_REPRESENTATION_CONTEXT() REPRESENTATION_CONTEXT('2D SPACE',''
  ) );
#589 = PCURVE('',#590,#595);
#590 = PLANE('',#591);
#591 = AXIS2_PLACEMENT_3D('',#592,#593,#594);
#592 = CARTESIAN_POINT('',(-20.67144644768,-13.0367803388,-1.));
#593 = DIRECTION('',(-0.707106781187,-0.707106781187,0.));
#594 = DIRECTION('',(-0.707106781187,0.707106781187,0.));
#595 = DEFINITIONAL_REPRESENTATION('',(#596),#599);
#596 = B_SPLINE_CURVE_WITH_KNOTS('',1,(#597,#598),.UNSPECIFIED.,.F.,.F.,
  (2,2),(-3.29926208884,-2.69926208884),.PIECEWISE_BEZIER_KNOTS.);
#597 = CARTESIAN_POINT('',(0.6,-1.));
#598 = CARTESIAN_POINT('',(0.,-1.));
#599 = ( GEOMETRIC_REPRESENTATION_CONTEXT(2) 
PARAMETRIC_REPRESENTATION_CONTEXT() REPRESENTATION_CONTEXT('2D SPACE',''
  ) );
#600 = FACE_BOUND('',#601,.F.);
#601 = EDGE_LOOP('',(#602,#630,#784,#956,#982));
#602 = ORIENTED_EDGE('',*,*,#603,.F.);
#603 = EDGE_CURVE('',#604,#606,#608,.T.);
#604 = VERTEX_POINT('',#605);
#605 = CARTESIAN_POINT('',(0.93093502225,-19.88359803513,0.));
#606 = VERTEX_POINT('',#607);
#607 = CARTESIAN_POINT('',(1.355199090961,-20.30786210384,0.));
#608 = SURFACE_CURVE('',#609,(#613,#619),.PCURVE_S1.);
#609 = LINE('',#610,#611);
#610 = CARTESIAN_POINT('',(-4.060566207739,-14.89209680514,
    1.110223024625E-16));
#611 = VECTOR('',#612,1.);
#612 = DIRECTION('',(0.707106781187,-0.707106781187,0.));
#613 = PCURVE('',#132,#614);
#614 = DEFINITIONAL_REPRESENTATION('',(#615),#618);
#615 = B_SPLINE_CURVE_WITH_KNOTS('',1,(#616,#617),.UNSPECIFIED.,.F.,.F.,
  (2,2),(7.059048736052,7.659048736052),.PIECEWISE_BEZIER_KNOTS.);
#616 = CARTESIAN_POINT('',(0.930935022249,-19.88359803513));
#617 = CARTESIAN_POINT('',(1.355199090961,-20.30786210384));
#618 = ( GEOMETRIC_REPRESENTATION_CONTEXT(2) 
PARAMETRIC_REPRESENTATION_CONTEXT() REPRESENTATION_CONTEXT('2D SPACE',''
  ) );
#619 = PCURVE('',#620,#625);
#620 = PLANE('',#621);
#621 = AXIS2_PLACEMENT_3D('',#622,#623,#624);
#622 = CARTESIAN_POINT('',(1.355199090961,-20.30786210384,-1.));
#623 = DIRECTION('',(-0.707106781187,-0.707106781187,0.));
#624 = DIRECTION('',(-0.707106781187,0.707106781187,0.));
#625 = DEFINITIONAL_REPRESENTATION('',(#626),#629);
#626 = B_SPLINE_CURVE_WITH_KNOTS('',1,(#627,#628),.UNSPECIFIED.,.F.,.F.,
  (2,2),(7.059048736052,7.659048736052),.PIECEWISE_BEZIER_KNOTS.);
#627 = CARTESIAN_POINT('',(0.6,-1.));
#628 = CARTESIAN_POINT('',(0.,-1.));
#629 = ( GEOMETRIC_REPRESENTATION_CONTEXT(2) 
PARAMETRIC_REPRESENTATION_CONTEXT() REPRESENTATION_CONTEXT('2D SPACE',''
  ) );
#630 = ORIENTED_EDGE('',*,*,#631,.T.);
#631 = EDGE_CURVE('',#604,#632,#634,.T.);
#632 = VERTEX_POINT('',#633);
#633 = CARTESIAN_POINT('',(11.090783581539,-14.8401514287,0.));
#634 = SURFACE_CURVE('',#635,(#680,#728),.PCURVE_S1.);
#635 = B_SPLINE_CURVE_WITH_KNOTS('',8,(#636,#637,#638,#639,#640,#641,
    #642,#643,#644,#645,#646,#647,#648,#649,#650,#651,#652,#653,#654,
    #655,#656,#657,#658,#659,#660,#661,#662,#663,#664,#665,#666,#667,
    #668,#669,#670,#671,#672,#673,#674,#675,#676,#677,#678,#679),
  .UNSPECIFIED.,.F.,.F.,(9,7,7,7,7,7,9),(0.,0.353810423479,
    0.650794061183,0.754859770542,0.841670727138,0.935742212819,1.),
  .UNSPECIFIED.);
#636 = CARTESIAN_POINT('',(0.93093502225,-19.88359803513,0.));
#637 = CARTESIAN_POINT('',(1.322019016454,-19.52761230829,0.));
#638 = CARTESIAN_POINT('',(1.718031694974,-19.17712300999,0.));
#639 = CARTESIAN_POINT('',(2.119029496507,-18.83232747799,0.));
#640 = CARTESIAN_POINT('',(2.525094552787,-18.49350889525,0.));
#641 = CARTESIAN_POINT('',(2.93634637023,-18.16105291698,0.));
#642 = CARTESIAN_POINT('',(3.35294941574,-17.83545785392,0.));
#643 = CARTESIAN_POINT('',(3.775142847679,-17.51737353711,0.));
#644 = CARTESIAN_POINT('',(4.562723539875,-16.94777159957,0.));
#645 = CARTESIAN_POINT('',(4.926204350069,-16.69386926108,0.));
#646 = CARTESIAN_POINT('',(5.294101969182,-16.44643787077,0.));
#647 = CARTESIAN_POINT('',(5.666734354507,-16.20615062316,0.));
#648 = CARTESIAN_POINT('',(6.044395152018,-15.97390555447,0.));
#649 = CARTESIAN_POINT('',(6.427445350982,-15.75099990878,0.));
#650 = CARTESIAN_POINT('',(6.816298582232,-15.53909799301,0.));
#651 = CARTESIAN_POINT('',(7.350482396004,-15.27163527741,0.));
#652 = CARTESIAN_POINT('',(7.489898345545,-15.20394334399,0.));
#653 = CARTESIAN_POINT('',(7.630156415397,-15.13808282974,0.));
#654 = CARTESIAN_POINT('',(7.771290465711,-15.07420043801,0.));
#655 = CARTESIAN_POINT('',(7.913330638359,-15.01246947014,0.));
#656 = CARTESIAN_POINT('',(8.056305810748,-14.95309598498,0.));
#657 = CARTESIAN_POINT('',(8.200247997353,-14.89633004651,0.));
#658 = CARTESIAN_POINT('',(8.466115657525,-14.79756240921,0.));
#659 = CARTESIAN_POINT('',(8.587709827525,-14.75468290569,0.));
#660 = CARTESIAN_POINT('',(8.710021410572,-14.71401513504,0.));
#661 = CARTESIAN_POINT('',(8.833071878084,-14.67577503553,0.));
#662 = CARTESIAN_POINT('',(8.956864120569,-14.64022239363,0.));
#663 = CARTESIAN_POINT('',(9.081385006746,-14.60767113778,0.));
#664 = CARTESIAN_POINT('',(9.20661035249,-14.57851042972,0.));
#665 = CARTESIAN_POINT('',(9.468944193495,-14.52584886886,0.));
#666 = CARTESIAN_POINT('',(9.605891367472,-14.50308145495,0.));
#667 = CARTESIAN_POINT('',(9.743590444864,-14.48548262065,0.));
#668 = CARTESIAN_POINT('',(9.88199523722,-14.47384632557,0.));
#669 = CARTESIAN_POINT('',(10.02077055646,-14.46924139353,0.));
#670 = CARTESIAN_POINT('',(10.159292755166,-14.47299876949,0.));
#671 = CARTESIAN_POINT('',(10.296648165086,-14.48674984884,0.));
#672 = CARTESIAN_POINT('',(10.523816769305,-14.53027255816,0.));
#673 = CARTESIAN_POINT('',(10.614937126964,-14.55359286758,0.));
#674 = CARTESIAN_POINT('',(10.70430190659,-14.58319715551,0.));
#675 = CARTESIAN_POINT('',(10.791036857843,-14.61969613971,0.));
#676 = CARTESIAN_POINT('',(10.874120335282,-14.66359845573,0.));
#677 = CARTESIAN_POINT('',(10.95245179217,-14.7151886191,0.));
#678 = CARTESIAN_POINT('',(11.024961783867,-14.77432963103,0.));
#679 = CARTESIAN_POINT('',(11.090783581539,-14.8401514287,0.));
#680 = PCURVE('',#132,#681);
#681 = DEFINITIONAL_REPRESENTATION('',(#682),#727);
#682 = B_SPLINE_CURVE_WITH_KNOTS('',8,(#683,#684,#685,#686,#687,#688,
    #689,#690,#691,#692,#693,#694,#695,#696,#697,#698,#699,#700,#701,
    #702,#703,#704,#705,#706,#707,#708,#709,#710,#711,#712,#713,#714,
    #715,#716,#717,#718,#719,#720,#721,#722,#723,#724,#725,#726),
  .UNSPECIFIED.,.F.,.F.,(9,7,7,7,7,7,9),(0.,0.353810423479,
    0.650794061183,0.754859770542,0.841670727138,0.935742212819,1.),
  .UNSPECIFIED.);
#683 = CARTESIAN_POINT('',(0.930935022249,-19.88359803513));
#684 = CARTESIAN_POINT('',(1.322019016454,-19.52761230829));
#685 = CARTESIAN_POINT('',(1.718031694974,-19.17712300999));
#686 = CARTESIAN_POINT('',(2.119029496507,-18.83232747799));
#687 = CARTESIAN_POINT('',(2.525094552787,-18.49350889525));
#688 = CARTESIAN_POINT('',(2.93634637023,-18.16105291698));
#689 = CARTESIAN_POINT('',(3.35294941574,-17.83545785392));
#690 = CARTESIAN_POINT('',(3.775142847679,-17.51737353711));
#691 = CARTESIAN_POINT('',(4.562723539874,-16.94777159957));
#692 = CARTESIAN_POINT('',(4.926204350069,-16.69386926108));
#693 = CARTESIAN_POINT('',(5.294101969182,-16.44643787077));
#694 = CARTESIAN_POINT('',(5.666734354507,-16.20615062316));
#695 = CARTESIAN_POINT('',(6.044395152018,-15.97390555447));
#696 = CARTESIAN_POINT('',(6.427445350982,-15.75099990878));
#697 = CARTESIAN_POINT('',(6.816298582232,-15.53909799301));
#698 = CARTESIAN_POINT('',(7.350482396004,-15.27163527741));
#699 = CARTESIAN_POINT('',(7.489898345544,-15.20394334399));
#700 = CARTESIAN_POINT('',(7.630156415397,-15.13808282974));
#701 = CARTESIAN_POINT('',(7.771290465711,-15.07420043801));
#702 = CARTESIAN_POINT('',(7.913330638359,-15.01246947014));
#703 = CARTESIAN_POINT('',(8.056305810747,-14.95309598498));
#704 = CARTESIAN_POINT('',(8.200247997353,-14.89633004651));
#705 = CARTESIAN_POINT('',(8.466115657525,-14.79756240921));
#706 = CARTESIAN_POINT('',(8.587709827525,-14.75468290569));
#707 = CARTESIAN_POINT('',(8.710021410572,-14.71401513504));
#708 = CARTESIAN_POINT('',(8.833071878084,-14.67577503553));
#709 = CARTESIAN_POINT('',(8.956864120569,-14.64022239363));
#710 = CARTESIAN_POINT('',(9.081385006746,-14.60767113778));
#711 = CARTESIAN_POINT('',(9.20661035249,-14.57851042972));
#712 = CARTESIAN_POINT('',(9.468944193495,-14.52584886886));
#713 = CARTESIAN_POINT('',(9.605891367472,-14.50308145495));
#714 = CARTESIAN_POINT('',(9.743590444864,-14.48548262065));
#715 = CARTESIAN_POINT('',(9.88199523722,-14.47384632557));
#716 = CARTESIAN_POINT('',(10.02077055646,-14.46924139353));
#717 = CARTESIAN_POINT('',(10.159292755166,-14.47299876949));
#718 = CARTESIAN_POINT('',(10.296648165086,-14.48674984884));
#719 = CARTESIAN_POINT('',(10.523816769305,-14.53027255816));
#720 = CARTESIAN_POINT('',(10.614937126964,-14.55359286758));
#721 = CARTESIAN_POINT('',(10.70430190659,-14.58319715551));
#722 = CARTESIAN_POINT('',(10.791036857843,-14.61969613971));
#723 = CARTESIAN_POINT('',(10.874120335282,-14.66359845573));
#724 = CARTESIAN_POINT('',(10.95245179217,-14.7151886191));
#725 = CARTESIAN_POINT('',(11.024961783867,-14.77432963103));
#726 = CARTESIAN_POINT('',(11.090783581538,-14.8401514287));
#727 = ( GEOMETRIC_REPRESENTATION_CONTEXT(2) 
PARAMETRIC_REPRESENTATION_CONTEXT() REPRESENTATION_CONTEXT('2D SPACE',''
  ) );
#728 = PCURVE('',#729,#737);
#729 = SURFACE_OF_LINEAR_EXTRUSION('',#730,#735);
#730 = ELLIPSE('',#731,12.832494847012,3.666427099146);
#731 = AXIS2_PLACEMENT_3D('',#732,#733,#734);
#732 = CARTESIAN_POINT('',(2.016839455675,-23.91409555456,-1.));
#733 = DIRECTION('',(0.,0.,1.));
#734 = DIRECTION('',(-0.707106781187,-0.707106781187,0.));
#735 = VECTOR('',#736,1.);
#736 = DIRECTION('',(-0.,-0.,-1.));
#737 = DEFINITIONAL_REPRESENTATION('',(#738),#783);
#738 = B_SPLINE_CURVE_WITH_KNOTS('',8,(#739,#740,#741,#742,#743,#744,
    #745,#746,#747,#748,#749,#750,#751,#752,#753,#754,#755,#756,#757,
    #758,#759,#760,#761,#762,#763,#764,#765,#766,#767,#768,#769,#770,
    #771,#772,#773,#774,#775,#776,#777,#778,#779,#780,#781,#782),
  .UNSPECIFIED.,.F.,.F.,(9,7,7,7,7,7,9),(0.,0.353810423479,
    0.650794061183,0.754859770542,0.841670727138,0.935742212819,1.),
  .UNSPECIFIED.);
#739 = CARTESIAN_POINT('',(4.549413054489,-1.));
#740 = CARTESIAN_POINT('',(4.507694578558,-1.));
#741 = CARTESIAN_POINT('',(4.465680780075,-1.));
#742 = CARTESIAN_POINT('',(4.423260522707,-1.));
#743 = CARTESIAN_POINT('',(4.380316633325,-1.));
#744 = CARTESIAN_POINT('',(4.336717482624,-1.));
#745 = CARTESIAN_POINT('',(4.292311727329,-1.));
#746 = CARTESIAN_POINT('',(4.246914532824,-1.));
#747 = CARTESIAN_POINT('',(4.161123828858,-1.));
#748 = CARTESIAN_POINT('',(4.121112799163,-1.));
#749 = CARTESIAN_POINT('',(4.080080433071,-1.));
#750 = CARTESIAN_POINT('',(4.037840167503,-1.));
#751 = CARTESIAN_POINT('',(3.994177992584,-1.));
#752 = CARTESIAN_POINT('',(3.948800754125,-1.));
#753 = CARTESIAN_POINT('',(3.901343700221,-1.));
#754 = CARTESIAN_POINT('',(3.833540257426,-1.));
#755 = CARTESIAN_POINT('',(3.815611022832,-1.));
#756 = CARTESIAN_POINT('',(3.797317861515,-1.));
#757 = CARTESIAN_POINT('',(3.778628704165,-1.));
#758 = CARTESIAN_POINT('',(3.759507601948,-1.));
#759 = CARTESIAN_POINT('',(3.739913009488,-1.));
#760 = CARTESIAN_POINT('',(3.719794731398,-1.));
#761 = CARTESIAN_POINT('',(3.681817386244,-1.));
#762 = CARTESIAN_POINT('',(3.664140239012,-1.));
#763 = CARTESIAN_POINT('',(3.646019490451,-1.));
#764 = CARTESIAN_POINT('',(3.627412433606,-1.));
#765 = CARTESIAN_POINT('',(3.608272134813,-1.));
#766 = CARTESIAN_POINT('',(3.588544756557,-1.));
#767 = CARTESIAN_POINT('',(3.568164323125,-1.));
#768 = CARTESIAN_POINT('',(3.524159191402,-1.));
#769 = CARTESIAN_POINT('',(3.500452553527,-1.));
#770 = CARTESIAN_POINT('',(3.475774293797,-1.));
#771 = CARTESIAN_POINT('',(3.449986683112,-1.));
#772 = CARTESIAN_POINT('',(3.42295721532,-1.));
#773 = CARTESIAN_POINT('',(3.394557491238,-1.));
#774 = CARTESIAN_POINT('',(3.364651523329,-1.));
#775 = CARTESIAN_POINT('',(3.311474303034,-1.));
#776 = CARTESIAN_POINT('',(3.289095651903,-1.));
#777 = CARTESIAN_POINT('',(3.265928612298,-1.));
#778 = CARTESIAN_POINT('',(3.242018527003,-1.));
#779 = CARTESIAN_POINT('',(3.217453238499,-1.));
#780 = CARTESIAN_POINT('',(3.192371622946,-1.));
#781 = CARTESIAN_POINT('',(3.166981424851,-1.));
#782 = CARTESIAN_POINT('',(3.14159265359,-1.));
#783 = ( GEOMETRIC_REPRESENTATION_CONTEXT(2) 
PARAMETRIC_REPRESENTATION_CONTEXT() REPRESENTATION_CONTEXT('2D SPACE',''
  ) );
#784 = ORIENTED_EDGE('',*,*,#785,.T.);
#785 = EDGE_CURVE('',#632,#786,#788,.T.);
#786 = VERTEX_POINT('',#787);
#787 = CARTESIAN_POINT('',(6.047336975113,-24.99999998799,0.));
#788 = SURFACE_CURVE('',#789,(#840,#894),.PCURVE_S1.);
#789 = B_SPLINE_CURVE_WITH_KNOTS('',7,(#790,#791,#792,#793,#794,#795,
    #796,#797,#798,#799,#800,#801,#802,#803,#804,#805,#806,#807,#808,
    #809,#810,#811,#812,#813,#814,#815,#816,#817,#818,#819,#820,#821,
    #822,#823,#824,#825,#826,#827,#828,#829,#830,#831,#832,#833,#834,
    #835,#836,#837,#838,#839),.UNSPECIFIED.,.F.,.F.,(8,6,6,6,6,6,6,6,8),
  (0.,4.608485926197E-02,8.052326376329E-02,0.142066053358,
    0.220947485818,0.346081588568,0.496966528451,0.734819653688,1.),
  .UNSPECIFIED.);
#790 = CARTESIAN_POINT('',(11.090783581539,-14.8401514287,0.));
#791 = CARTESIAN_POINT('',(11.144667793278,-14.89403564044,0.));
#792 = CARTESIAN_POINT('',(11.194001048692,-14.9525150633,0.));
#793 = CARTESIAN_POINT('',(11.238271395958,-15.01509141886,0.));
#794 = CARTESIAN_POINT('',(11.277331205229,-15.08114446626,0.));
#795 = CARTESIAN_POINT('',(11.311269893401,-15.15001392849,0.));
#796 = CARTESIAN_POINT('',(11.340319327278,-15.22106032387,0.));
#797 = CARTESIAN_POINT('',(11.383079832011,-15.34799056954,0.));
#798 = CARTESIAN_POINT('',(11.39882197394,-15.40319994883,0.));
#799 = CARTESIAN_POINT('',(11.412159360391,-15.45913580696,0.));
#800 = CARTESIAN_POINT('',(11.423244230768,-15.51562790821,0.));
#801 = CARTESIAN_POINT('',(11.432231679446,-15.5725350084,0.));
#802 = CARTESIAN_POINT('',(11.4392713008,-15.62974704815,0.));
#803 = CARTESIAN_POINT('',(11.453840643015,-15.78983542819,0.));
#804 = CARTESIAN_POINT('',(11.45739133026,-15.89315201261,0.));
#805 = CARTESIAN_POINT('',(11.455946867033,-15.99673684039,0.));
#806 = CARTESIAN_POINT('',(11.450153306465,-16.10029047912,0.));
#807 = CARTESIAN_POINT('',(11.440544107266,-16.20361302043,0.));
#808 = CARTESIAN_POINT('',(11.427557562865,-16.30660358272,0.));
#809 = CARTESIAN_POINT('',(11.390996835651,-16.54083954407,0.));
#810 = CARTESIAN_POINT('',(11.365485972839,-16.67177669684,0.));
#811 = CARTESIAN_POINT('',(11.335744455469,-16.80198588851,0.));
#812 = CARTESIAN_POINT('',(11.302323375575,-16.93140096117,0.));
#813 = CARTESIAN_POINT('',(11.265655308563,-17.05998960395,0.));
#814 = CARTESIAN_POINT('',(11.226090508736,-17.1877604957,0.));
#815 = CARTESIAN_POINT('',(11.116960971472,-17.51623629893,0.));
#816 = CARTESIAN_POINT('',(11.043441475657,-17.71568128126,0.));
#817 = CARTESIAN_POINT('',(10.96444911709,-17.91322140241,0.));
#818 = CARTESIAN_POINT('',(10.880735941186,-18.1089197676,0.));
#819 = CARTESIAN_POINT('',(10.792892355539,-18.30285259487,0.));
#820 = CARTESIAN_POINT('',(10.701362005219,-18.49511543803,0.));
#821 = CARTESIAN_POINT('',(10.492075345794,-18.91580586937,0.));
#822 = CARTESIAN_POINT('',(10.372827697107,-19.14347484228,0.));
#823 = CARTESIAN_POINT('',(10.249359165776,-19.36900876937,0.));
#824 = CARTESIAN_POINT('',(10.12212950358,-19.59252297423,0.));
#825 = CARTESIAN_POINT('',(9.991498634921,-19.81411456608,0.));
#826 = CARTESIAN_POINT('',(9.857758742197,-20.03387912529,0.));
#827 = CARTESIAN_POINT('',(9.505768567813,-20.59561765834,0.));
#828 = CARTESIAN_POINT('',(9.283267635128,-20.93497789413,0.));
#829 = CARTESIAN_POINT('',(9.054549964695,-21.27033867095,0.));
#830 = CARTESIAN_POINT('',(8.820266711559,-21.60192372952,0.));
#831 = CARTESIAN_POINT('',(8.580912404432,-21.92990502227,0.));
#832 = CARTESIAN_POINT('',(8.336878915113,-22.25443803497,0.));
#833 = CARTESIAN_POINT('',(7.811490554697,-22.93379287486,0.));
#834 = CARTESIAN_POINT('',(7.529090068834,-23.28778504566,0.));
#835 = CARTESIAN_POINT('',(7.241677593218,-23.63781207526,0.));
#836 = CARTESIAN_POINT('',(6.9495738281,-23.98398501697,0.));
#837 = CARTESIAN_POINT('',(6.653028153711,-24.3263778075,0.));
#838 = CARTESIAN_POINT('',(6.352235265863,-24.66504037477,0.));
#839 = CARTESIAN_POINT('',(6.047336975113,-24.99999998799,0.));
#840 = PCURVE('',#132,#841);
#841 = DEFINITIONAL_REPRESENTATION('',(#842),#893);
#842 = B_SPLINE_CURVE_WITH_KNOTS('',7,(#843,#844,#845,#846,#847,#848,
    #849,#850,#851,#852,#853,#854,#855,#856,#857,#858,#859,#860,#861,
    #862,#863,#864,#865,#866,#867,#868,#869,#870,#871,#872,#873,#874,
    #875,#876,#877,#878,#879,#880,#881,#882,#883,#884,#885,#886,#887,
    #888,#889,#890,#891,#892),.UNSPECIFIED.,.F.,.F.,(8,6,6,6,6,6,6,6,8),
  (0.,4.608485926197E-02,8.052326376329E-02,0.142066053358,
    0.220947485818,0.346081588568,0.496966528451,0.734819653688,1.),
  .UNSPECIFIED.);
#843 = CARTESIAN_POINT('',(11.090783581538,-14.8401514287));
#844 = CARTESIAN_POINT('',(11.144667793278,-14.89403564044));
#845 = CARTESIAN_POINT('',(11.194001048692,-14.9525150633));
#846 = CARTESIAN_POINT('',(11.238271395958,-15.01509141886));
#847 = CARTESIAN_POINT('',(11.277331205229,-15.08114446626));
#848 = CARTESIAN_POINT('',(11.3112698934,-15.15001392849));
#849 = CARTESIAN_POINT('',(11.340319327278,-15.22106032387));
#850 = CARTESIAN_POINT('',(11.383079832011,-15.34799056954));
#851 = CARTESIAN_POINT('',(11.39882197394,-15.40319994883));
#852 = CARTESIAN_POINT('',(11.412159360391,-15.45913580696));
#853 = CARTESIAN_POINT('',(11.423244230768,-15.51562790821));
#854 = CARTESIAN_POINT('',(11.432231679446,-15.5725350084));
#855 = CARTESIAN_POINT('',(11.4392713008,-15.62974704815));
#856 = CARTESIAN_POINT('',(11.453840643015,-15.78983542819));
#857 = CARTESIAN_POINT('',(11.45739133026,-15.89315201261));
#858 = CARTESIAN_POINT('',(11.455946867033,-15.99673684039));
#859 = CARTESIAN_POINT('',(11.450153306465,-16.10029047912));
#860 = CARTESIAN_POINT('',(11.440544107266,-16.20361302043));
#861 = CARTESIAN_POINT('',(11.427557562865,-16.30660358272));
#862 = CARTESIAN_POINT('',(11.390996835651,-16.54083954407));
#863 = CARTESIAN_POINT('',(11.365485972839,-16.67177669684));
#864 = CARTESIAN_POINT('',(11.335744455469,-16.80198588851));
#865 = CARTESIAN_POINT('',(11.302323375575,-16.93140096117));
#866 = CARTESIAN_POINT('',(11.265655308563,-17.05998960395));
#867 = CARTESIAN_POINT('',(11.226090508736,-17.1877604957));
#868 = CARTESIAN_POINT('',(11.116960971472,-17.51623629893));
#869 = CARTESIAN_POINT('',(11.043441475656,-17.71568128126));
#870 = CARTESIAN_POINT('',(10.96444911709,-17.91322140241));
#871 = CARTESIAN_POINT('',(10.880735941186,-18.1089197676));
#872 = CARTESIAN_POINT('',(10.792892355539,-18.30285259487));
#873 = CARTESIAN_POINT('',(10.701362005219,-18.49511543803));
#874 = CARTESIAN_POINT('',(10.492075345793,-18.91580586937));
#875 = CARTESIAN_POINT('',(10.372827697107,-19.14347484228));
#876 = CARTESIAN_POINT('',(10.249359165776,-19.36900876937));
#877 = CARTESIAN_POINT('',(10.12212950358,-19.59252297423));
#878 = CARTESIAN_POINT('',(9.991498634921,-19.81411456608));
#879 = CARTESIAN_POINT('',(9.857758742197,-20.03387912529));
#880 = CARTESIAN_POINT('',(9.505768567812,-20.59561765834));
#881 = CARTESIAN_POINT('',(9.283267635128,-20.93497789413));
#882 = CARTESIAN_POINT('',(9.054549964695,-21.27033867094));
#883 = CARTESIAN_POINT('',(8.820266711559,-21.60192372952));
#884 = CARTESIAN_POINT('',(8.580912404432,-21.92990502227));
#885 = CARTESIAN_POINT('',(8.336878915112,-22.25443803497));
#886 = CARTESIAN_POINT('',(7.811490554697,-22.93379287486));
#887 = CARTESIAN_POINT('',(7.529090068834,-23.28778504566));
#888 = CARTESIAN_POINT('',(7.241677593218,-23.63781207526));
#889 = CARTESIAN_POINT('',(6.9495738281,-23.98398501697));
#890 = CARTESIAN_POINT('',(6.653028153711,-24.3263778075));
#891 = CARTESIAN_POINT('',(6.352235265863,-24.66504037477));
#892 = CARTESIAN_POINT('',(6.047336975113,-24.99999998799));
#893 = ( GEOMETRIC_REPRESENTATION_CONTEXT(2) 
PARAMETRIC_REPRESENTATION_CONTEXT() REPRESENTATION_CONTEXT('2D SPACE',''
  ) );
#894 = PCURVE('',#895,#903);
#895 = SURFACE_OF_LINEAR_EXTRUSION('',#896,#901);
#896 = ELLIPSE('',#897,12.832494847012,3.666427099146);
#897 = AXIS2_PLACEMENT_3D('',#898,#899,#900);
#898 = CARTESIAN_POINT('',(2.016839455675,-23.91409555456,-1.));
#899 = DIRECTION('',(0.,0.,1.));
#900 = DIRECTION('',(-0.707106781187,-0.707106781187,0.));
#901 = VECTOR('',#902,1.);
#902 = DIRECTION('',(-0.,-0.,-1.));
#903 = DEFINITIONAL_REPRESENTATION('',(#904),#955);
#904 = B_SPLINE_CURVE_WITH_KNOTS('',7,(#905,#906,#907,#908,#909,#910,
    #911,#912,#913,#914,#915,#916,#917,#918,#919,#920,#921,#922,#923,
    #924,#925,#926,#927,#928,#929,#930,#931,#932,#933,#934,#935,#936,
    #937,#938,#939,#940,#941,#942,#943,#944,#945,#946,#947,#948,#949,
    #950,#951,#952,#953,#954),.UNSPECIFIED.,.F.,.F.,(8,6,6,6,6,6,6,6,8),
  (0.,4.608485926197E-02,8.052326376329E-02,0.142066053358,
    0.220947485818,0.346081588568,0.496966528451,0.734819653688,1.),
  .UNSPECIFIED.);
#905 = CARTESIAN_POINT('',(3.14159265359,-1.));
#906 = CARTESIAN_POINT('',(3.120808445701,-1.));
#907 = CARTESIAN_POINT('',(3.100015710347,-1.));
#908 = CARTESIAN_POINT('',(3.079394574998,-1.));
#909 = CARTESIAN_POINT('',(3.059078503423,-1.));
#910 = CARTESIAN_POINT('',(3.039165927797,-1.));
#911 = CARTESIAN_POINT('',(3.019727735911,-1.));
#912 = CARTESIAN_POINT('',(2.986674180753,-1.));
#913 = CARTESIAN_POINT('',(2.972820706408,-1.));
#914 = CARTESIAN_POINT('',(2.959258856829,-1.));
#915 = CARTESIAN_POINT('',(2.945990818236,-1.));
#916 = CARTESIAN_POINT('',(2.93301326045,-1.));
#917 = CARTESIAN_POINT('',(2.920318300634,-1.));
#918 = CARTESIAN_POINT('',(2.885692585511,-1.));
#919 = CARTESIAN_POINT('',(2.864369361081,-1.));
#920 = CARTESIAN_POINT('',(2.843847980351,-1.));
#921 = CARTESIAN_POINT('',(2.824063863282,-1.));
#922 = CARTESIAN_POINT('',(2.804956058335,-1.));
#923 = CARTESIAN_POINT('',(2.786462659806,-1.));
#924 = CARTESIAN_POINT('',(2.74552286284,-1.));
#925 = CARTESIAN_POINT('',(2.72344690961,-1.));
#926 = CARTESIAN_POINT('',(2.702171352448,-1.));
#927 = CARTESIAN_POINT('',(2.681608554325,-1.));
#928 = CARTESIAN_POINT('',(2.661686846997,-1.));
#929 = CARTESIAN_POINT('',(2.642341594005,-1.));
#930 = CARTESIAN_POINT('',(2.593648646371,-1.));
#931 = CARTESIAN_POINT('',(2.565101117198,-1.));
#932 = CARTESIAN_POINT('',(2.537648918829,-1.));
#933 = CARTESIAN_POINT('',(2.511147783106,-1.));
#934 = CARTESIAN_POINT('',(2.485480158804,-1.));
#935 = CARTESIAN_POINT('',(2.460550533403,-1.));
#936 = CARTESIAN_POINT('',(2.407003093392,-1.));
#937 = CARTESIAN_POINT('',(2.378689483029,-1.));
#938 = CARTESIAN_POINT('',(2.351193856529,-1.));
#939 = CARTESIAN_POINT('',(2.324414771753,-1.));
#940 = CARTESIAN_POINT('',(2.298271632536,-1.));
#941 = CARTESIAN_POINT('',(2.272695260978,-1.));
#942 = CARTESIAN_POINT('',(2.208108932622,-1.));
#943 = CARTESIAN_POINT('',(2.169857719868,-1.));
#944 = CARTESIAN_POINT('',(2.132644893608,-1.));
#945 = CARTESIAN_POINT('',(2.096310171172,-1.));
#946 = CARTESIAN_POINT('',(2.060727868306,-1.));
#947 = CARTESIAN_POINT('',(2.025789659692,-1.));
#948 = CARTESIAN_POINT('',(1.953066433609,-1.));
#949 = CARTESIAN_POINT('',(1.9154181014,-1.));
#950 = CARTESIAN_POINT('',(1.878332138169,-1.));
#951 = CARTESIAN_POINT('',(1.841707537467,-1.));
#952 = CARTESIAN_POINT('',(1.805457677901,-1.));
#953 = CARTESIAN_POINT('',(1.769503718997,-1.));
#954 = CARTESIAN_POINT('',(1.733772252691,-1.));
#955 = ( GEOMETRIC_REPRESENTATION_CONTEXT(2) 
PARAMETRIC_REPRESENTATION_CONTEXT() REPRESENTATION_CONTEXT('2D SPACE',''
  ) );
#956 = ORIENTED_EDGE('',*,*,#957,.F.);
#957 = EDGE_CURVE('',#958,#786,#960,.T.);
#958 = VERTEX_POINT('',#959);
#959 = CARTESIAN_POINT('',(5.623072906401,-24.57573591928,0.));
#960 = SURFACE_CURVE('',#961,(#965,#971),.PCURVE_S1.);
#961 = LINE('',#962,#963);
#962 = CARTESIAN_POINT('',(-1.714497265664,-17.23816574721,0.));
#963 = VECTOR('',#964,1.);
#964 = DIRECTION('',(0.707106781187,-0.707106781187,0.));
#965 = PCURVE('',#132,#966);
#966 = DEFINITIONAL_REPRESENTATION('',(#967),#970);
#967 = B_SPLINE_CURVE_WITH_KNOTS('',1,(#968,#969),.UNSPECIFIED.,.F.,.F.,
  (2,2),(10.376891252198,10.976891252198),.PIECEWISE_BEZIER_KNOTS.);
#968 = CARTESIAN_POINT('',(5.623072906401,-24.57573591928));
#969 = CARTESIAN_POINT('',(6.047336975113,-24.99999998799));
#970 = ( GEOMETRIC_REPRESENTATION_CONTEXT(2) 
PARAMETRIC_REPRESENTATION_CONTEXT() REPRESENTATION_CONTEXT('2D SPACE',''
  ) );
#971 = PCURVE('',#972,#977);
#972 = PLANE('',#973);
#973 = AXIS2_PLACEMENT_3D('',#974,#975,#976);
#974 = CARTESIAN_POINT('',(6.047336975113,-24.99999998799,-1.));
#975 = DIRECTION('',(-0.707106781187,-0.707106781187,0.));
#976 = DIRECTION('',(-0.707106781187,0.707106781187,0.));
#977 = DEFINITIONAL_REPRESENTATION('',(#978),#981);
#978 = B_SPLINE_CURVE_WITH_KNOTS('',1,(#979,#980),.UNSPECIFIED.,.F.,.F.,
  (2,2),(10.376891252198,10.976891252198),.PIECEWISE_BEZIER_KNOTS.);
#979 = CARTESIAN_POINT('',(0.6,-1.));
#980 = CARTESIAN_POINT('',(0.,-1.));
#981 = ( GEOMETRIC_REPRESENTATION_CONTEXT(2) 
PARAMETRIC_REPRESENTATION_CONTEXT() REPRESENTATION_CONTEXT('2D SPACE',''
  ) );
#982 = ORIENTED_EDGE('',*,*,#983,.F.);
#983 = EDGE_CURVE('',#606,#958,#984,.T.);
#984 = SURFACE_CURVE('',#985,(#990,#1001),.PCURVE_S1.);
#985 = CIRCLE('',#986,3.666427099146);
#986 = AXIS2_PLACEMENT_3D('',#987,#988,#989);
#987 = CARTESIAN_POINT('',(2.016839455675,-23.91409555456,0.));
#988 = DIRECTION('',(0.,-0.,-1.));
#989 = DIRECTION('',(0.983582477766,-0.180459162782,0.));
#990 = PCURVE('',#132,#991);
#991 = DEFINITIONAL_REPRESENTATION('',(#992),#1000);
#992 = ( BOUNDED_CURVE() B_SPLINE_CURVE(2,(#993,#994,#995,#996,#997,#998
,#999),.UNSPECIFIED.,.T.,.F.) B_SPLINE_CURVE_WITH_KNOTS((1,2,2,2,2,1),(
    -2.094395102393,0.,2.094395102393,4.188790204786,6.28318530718,
8.377580409573),.UNSPECIFIED.) CURVE() GEOMETRIC_REPRESENTATION_ITEM() 
RATIONAL_B_SPLINE_CURVE((1.,0.5,1.,0.5,1.,0.5,1.)) REPRESENTATION_ITEM(
  '') );
#993 = CARTESIAN_POINT('',(5.623072906401,-24.57573591928));
#994 = CARTESIAN_POINT('',(4.477078178379,-30.82191547989));
#995 = CARTESIAN_POINT('',(-0.359274633699,-26.70636515251));
#996 = CARTESIAN_POINT('',(-5.195627445778,-22.59081482514));
#997 = CARTESIAN_POINT('',(0.786720094323,-20.4601855919));
#998 = CARTESIAN_POINT('',(6.769067634423,-18.32955635866));
#999 = CARTESIAN_POINT('',(5.623072906401,-24.57573591928));
#1000 = ( GEOMETRIC_REPRESENTATION_CONTEXT(2) 
PARAMETRIC_REPRESENTATION_CONTEXT() REPRESENTATION_CONTEXT('2D SPACE',''
  ) );
#1001 = PCURVE('',#1002,#1007);
#1002 = CYLINDRICAL_SURFACE('',#1003,3.666427099146);
#1003 = AXIS2_PLACEMENT_3D('',#1004,#1005,#1006);
#1004 = CARTESIAN_POINT('',(2.016839455675,-23.91409555456,-1.));
#1005 = DIRECTION('',(-0.,-0.,-1.));
#1006 = DIRECTION('',(0.983582477766,-0.180459162782,0.));
#1007 = DEFINITIONAL_REPRESENTATION('',(#1008),#1012);
#1008 = LINE('',#1009,#1010);
#1009 = CARTESIAN_POINT('',(-6.28318530718,-1.));
#1010 = VECTOR('',#1011,1.);
#1011 = DIRECTION('',(1.,-0.));
#1012 = ( GEOMETRIC_REPRESENTATION_CONTEXT(2) 
PARAMETRIC_REPRESENTATION_CONTEXT() REPRESENTATION_CONTEXT('2D SPACE',''
  ) );
#1013 = FACE_BOUND('',#1014,.F.);
#1014 = EDGE_LOOP('',(#1015,#1043,#1069,#1102,#1128));
#1015 = ORIENTED_EDGE('',*,*,#1016,.F.);
#1016 = EDGE_CURVE('',#1017,#1019,#1021,.T.);
#1017 = VERTEX_POINT('',#1018);
#1018 = CARTESIAN_POINT('',(-19.58205113308,0.668744252437,0.));
#1019 = VERTEX_POINT('',#1020);
#1020 = CARTESIAN_POINT('',(-12.78752181113,12.898897031946,0.));
#1021 = SURFACE_CURVE('',#1022,(#1026,#1032),.PCURVE_S1.);
#1022 = LINE('',#1023,#1024);
#1023 = CARTESIAN_POINT('',(-14.01753275999,10.68487732399,0.));
#1024 = VECTOR('',#1025,1.);
#1025 = DIRECTION('',(0.485642931179,0.874157276122,-0.));
#1026 = PCURVE('',#132,#1027);
#1027 = DEFINITIONAL_REPRESENTATION('',(#1028),#1031);
#1028 = B_SPLINE_CURVE_WITH_KNOTS('',1,(#1029,#1030),.UNSPECIFIED.,.F.,
  .F.,(2,2),(-11.4580446164,2.532747559774),.PIECEWISE_BEZIER_KNOTS.);
#1029 = CARTESIAN_POINT('',(-19.58205113308,0.668744252437));
#1030 = CARTESIAN_POINT('',(-12.78752181113,12.898897031946));
#1031 = ( GEOMETRIC_REPRESENTATION_CONTEXT(2) 
PARAMETRIC_REPRESENTATION_CONTEXT() REPRESENTATION_CONTEXT('2D SPACE',''
  ) );
#1032 = PCURVE('',#1033,#1038);
#1033 = PLANE('',#1034);
#1034 = AXIS2_PLACEMENT_3D('',#1035,#1036,#1037);
#1035 = CARTESIAN_POINT('',(-12.78752181113,12.898897031946,-1.));
#1036 = DIRECTION('',(0.874157276122,-0.485642931179,0.));
#1037 = DIRECTION('',(-0.485642931179,-0.874157276122,0.));
#1038 = DEFINITIONAL_REPRESENTATION('',(#1039),#1042);
#1039 = B_SPLINE_CURVE_WITH_KNOTS('',1,(#1040,#1041),.UNSPECIFIED.,.F.,
  .F.,(2,2),(-11.4580446164,2.532747559774),.PIECEWISE_BEZIER_KNOTS.);
#1040 = CARTESIAN_POINT('',(13.990792176176,-1.));
#1041 = CARTESIAN_POINT('',(0.,-1.));
#1042 = ( GEOMETRIC_REPRESENTATION_CONTEXT(2) 
PARAMETRIC_REPRESENTATION_CONTEXT() REPRESENTATION_CONTEXT('2D SPACE',''
  ) );
#1043 = ORIENTED_EDGE('',*,*,#1044,.F.);
#1044 = EDGE_CURVE('',#1045,#1017,#1047,.T.);
#1045 = VERTEX_POINT('',#1046);
#1046 = CARTESIAN_POINT('',(-20.00631520179,1.093008321149,0.));
#1047 = SURFACE_CURVE('',#1048,(#1052,#1058),.PCURVE_S1.);
#1048 = LINE('',#1049,#1050);
#1049 = CARTESIAN_POINT('',(-14.5193522867,-4.393954593943,
    1.110223024625E-16));
#1050 = VECTOR('',#1051,1.);
#1051 = DIRECTION('',(0.707106781187,-0.707106781187,0.));
#1052 = PCURVE('',#132,#1053);
#1053 = DEFINITIONAL_REPRESENTATION('',(#1054),#1057);
#1054 = B_SPLINE_CURVE_WITH_KNOTS('',1,(#1055,#1056),.UNSPECIFIED.,.F.,
  .F.,(2,2),(-7.759737370761,-7.159737370761),.PIECEWISE_BEZIER_KNOTS.);
#1055 = CARTESIAN_POINT('',(-20.00631520179,1.093008321149));
#1056 = CARTESIAN_POINT('',(-19.58205113308,0.668744252437));
#1057 = ( GEOMETRIC_REPRESENTATION_CONTEXT(2) 
PARAMETRIC_REPRESENTATION_CONTEXT() REPRESENTATION_CONTEXT('2D SPACE',''
  ) );
#1058 = PCURVE('',#1059,#1064);
#1059 = PLANE('',#1060);
#1060 = AXIS2_PLACEMENT_3D('',#1061,#1062,#1063);
#1061 = CARTESIAN_POINT('',(-19.58205113308,0.668744252437,-1.));
#1062 = DIRECTION('',(-0.707106781187,-0.707106781187,0.));
#1063 = DIRECTION('',(-0.707106781187,0.707106781187,0.));
#1064 = DEFINITIONAL_REPRESENTATION('',(#1065),#1068);
#1065 = B_SPLINE_CURVE_WITH_KNOTS('',1,(#1066,#1067),.UNSPECIFIED.,.F.,
  .F.,(2,2),(-7.759737370761,-7.159737370761),.PIECEWISE_BEZIER_KNOTS.);
#1066 = CARTESIAN_POINT('',(0.6,-1.));
#1067 = CARTESIAN_POINT('',(0.,-1.));
#1068 = ( GEOMETRIC_REPRESENTATION_CONTEXT(2) 
PARAMETRIC_REPRESENTATION_CONTEXT() REPRESENTATION_CONTEXT('2D SPACE',''
  ) );
#1069 = ORIENTED_EDGE('',*,*,#1070,.F.);
#1070 = EDGE_CURVE('',#1071,#1045,#1073,.T.);
#1071 = VERTEX_POINT('',#1072);
#1072 = CARTESIAN_POINT('',(-24.59341052192,5.680103641285,0.));
#1073 = SURFACE_CURVE('',#1074,(#1079,#1090),.PCURVE_S1.);
#1074 = CIRCLE('',#1075,4.888569465528);
#1075 = AXIS2_PLACEMENT_3D('',#1076,#1077,#1078);
#1076 = CARTESIAN_POINT('',(-24.88611397895,0.800304864127,0.));
#1077 = DIRECTION('',(0.,-0.,-1.));
#1078 = DIRECTION('',(0.998205878339,5.987507369705E-02,-0.));
#1079 = PCURVE('',#132,#1080);
#1080 = DEFINITIONAL_REPRESENTATION('',(#1081),#1089);
#1081 = ( BOUNDED_CURVE() B_SPLINE_CURVE(2,(#1082,#1083,#1084,#1085,
#1086,#1087,#1088),.UNSPECIFIED.,.T.,.F.) B_SPLINE_CURVE_WITH_KNOTS((1,2
    ,2,2,2,1),(-2.094395102393,0.,2.094395102393,4.188790204786,
6.28318530718,8.377580409573),.UNSPECIFIED.) CURVE() 
GEOMETRIC_REPRESENTATION_ITEM() RATIONAL_B_SPLINE_CURVE((1.,0.5,1.,0.5,
1.,0.5,1.)) REPRESENTATION_ITEM('') );
#1082 = CARTESIAN_POINT('',(-20.00631520179,1.093008321149));
#1083 = CARTESIAN_POINT('',(-19.49933794268,-7.359051091599));
#1084 = CARTESIAN_POINT('',(-27.07252473797,-3.572076570758));
#1085 = CARTESIAN_POINT('',(-34.64571153326,0.214897950084));
#1086 = CARTESIAN_POINT('',(-27.57950199708,4.879982841991));
#1087 = CARTESIAN_POINT('',(-20.5132924609,9.545067733898));
#1088 = CARTESIAN_POINT('',(-20.00631520179,1.093008321149));
#1089 = ( GEOMETRIC_REPRESENTATION_CONTEXT(2) 
PARAMETRIC_REPRESENTATION_CONTEXT() REPRESENTATION_CONTEXT('2D SPACE',''
  ) );
#1090 = PCURVE('',#1091,#1096);
#1091 = CYLINDRICAL_SURFACE('',#1092,4.888569465528);
#1092 = AXIS2_PLACEMENT_3D('',#1093,#1094,#1095);
#1093 = CARTESIAN_POINT('',(-24.88611397895,0.800304864127,-1.));
#1094 = DIRECTION('',(-0.,-0.,-1.));
#1095 = DIRECTION('',(0.998205878339,5.987507369705E-02,-0.));
#1096 = DEFINITIONAL_REPRESENTATION('',(#1097),#1101);
#1097 = LINE('',#1098,#1099);
#1098 = CARTESIAN_POINT('',(-6.28318530718,-1.));
#1099 = VECTOR('',#1100,1.);
#1100 = DIRECTION('',(1.,-0.));
#1101 = ( GEOMETRIC_REPRESENTATION_CONTEXT(2) 
PARAMETRIC_REPRESENTATION_CONTEXT() REPRESENTATION_CONTEXT('2D SPACE',''
  ) );
#1102 = ORIENTED_EDGE('',*,*,#1103,.F.);
#1103 = EDGE_CURVE('',#1104,#1071,#1106,.T.);
#1104 = VERTEX_POINT('',#1105);
#1105 = CARTESIAN_POINT('',(-25.01767459064,6.104367709996,0.));
#1106 = SURFACE_CURVE('',#1107,(#1111,#1117),.PCURVE_S1.);
#1107 = LINE('',#1108,#1109);
#1108 = CARTESIAN_POINT('',(-17.02503198112,-1.888274899519,
    1.110223024625E-16));
#1109 = VECTOR('',#1110,1.);
#1110 = DIRECTION('',(0.707106781187,-0.707106781187,0.));
#1111 = PCURVE('',#132,#1112);
#1112 = DEFINITIONAL_REPRESENTATION('',(#1113),#1116);
#1113 = B_SPLINE_CURVE_WITH_KNOTS('',1,(#1114,#1115),.UNSPECIFIED.,.F.,
  .F.,(2,2),(-11.30330357757,-10.70330357757),.PIECEWISE_BEZIER_KNOTS.);
#1114 = CARTESIAN_POINT('',(-25.01767459064,6.104367709997));
#1115 = CARTESIAN_POINT('',(-24.59341052192,5.680103641285));
#1116 = ( GEOMETRIC_REPRESENTATION_CONTEXT(2) 
PARAMETRIC_REPRESENTATION_CONTEXT() REPRESENTATION_CONTEXT('2D SPACE',''
  ) );
#1117 = PCURVE('',#1118,#1123);
#1118 = PLANE('',#1119);
#1119 = AXIS2_PLACEMENT_3D('',#1120,#1121,#1122);
#1120 = CARTESIAN_POINT('',(-24.59341052192,5.680103641285,-1.));
#1121 = DIRECTION('',(-0.707106781187,-0.707106781187,0.));
#1122 = DIRECTION('',(-0.707106781187,0.707106781187,0.));
#1123 = DEFINITIONAL_REPRESENTATION('',(#1124),#1127);
#1124 = B_SPLINE_CURVE_WITH_KNOTS('',1,(#1125,#1126),.UNSPECIFIED.,.F.,
  .F.,(2,2),(-11.30330357757,-10.70330357757),.PIECEWISE_BEZIER_KNOTS.);
#1125 = CARTESIAN_POINT('',(0.6,-1.));
#1126 = CARTESIAN_POINT('',(0.,-1.));
#1127 = ( GEOMETRIC_REPRESENTATION_CONTEXT(2) 
PARAMETRIC_REPRESENTATION_CONTEXT() REPRESENTATION_CONTEXT('2D SPACE',''
  ) );
#1128 = ORIENTED_EDGE('',*,*,#1129,.F.);
#1129 = EDGE_CURVE('',#1019,#1104,#1130,.T.);
#1130 = SURFACE_CURVE('',#1131,(#1135,#1141),.PCURVE_S1.);
#1131 = LINE('',#1132,#1133);
#1132 = CARTESIAN_POINT('',(-16.75477319964,10.694868482775,
    1.110223024625E-16));
#1133 = VECTOR('',#1134,1.);
#1134 = DIRECTION('',(-0.874157276122,-0.485642931179,0.));
#1135 = PCURVE('',#132,#1136);
#1136 = DEFINITIONAL_REPRESENTATION('',(#1137),#1140);
#1137 = B_SPLINE_CURVE_WITH_KNOTS('',1,(#1138,#1139),.UNSPECIFIED.,.F.,
  .F.,(2,2),(-4.538372552488,9.452419623688),.PIECEWISE_BEZIER_KNOTS.);
#1138 = CARTESIAN_POINT('',(-12.78752181113,12.898897031946));
#1139 = CARTESIAN_POINT('',(-25.01767459064,6.104367709997));
#1140 = ( GEOMETRIC_REPRESENTATION_CONTEXT(2) 
PARAMETRIC_REPRESENTATION_CONTEXT() REPRESENTATION_CONTEXT('2D SPACE',''
  ) );
#1141 = PCURVE('',#1142,#1147);
#1142 = PLANE('',#1143);
#1143 = AXIS2_PLACEMENT_3D('',#1144,#1145,#1146);
#1144 = CARTESIAN_POINT('',(-25.01767459064,6.104367709996,-1.));
#1145 = DIRECTION('',(-0.485642931179,0.874157276122,0.));
#1146 = DIRECTION('',(0.874157276122,0.485642931179,0.));
#1147 = DEFINITIONAL_REPRESENTATION('',(#1148),#1151);
#1148 = B_SPLINE_CURVE_WITH_KNOTS('',1,(#1149,#1150),.UNSPECIFIED.,.F.,
  .F.,(2,2),(-4.538372552488,9.452419623688),.PIECEWISE_BEZIER_KNOTS.);
#1149 = CARTESIAN_POINT('',(13.990792176176,-1.));
#1150 = CARTESIAN_POINT('',(0.,-1.));
#1151 = ( GEOMETRIC_REPRESENTATION_CONTEXT(2) 
PARAMETRIC_REPRESENTATION_CONTEXT() REPRESENTATION_CONTEXT('2D SPACE',''
  ) );
#1152 = FACE_BOUND('',#1153,.F.);
#1153 = EDGE_LOOP('',(#1154,#1244,#1326,#1390,#1466,#1548,#1574,#1607,
    #1633,#1715,#1791,#1855,#1937));
#1154 = ORIENTED_EDGE('',*,*,#1155,.F.);
#1155 = EDGE_CURVE('',#1156,#1158,#1160,.T.);
#1156 = VERTEX_POINT('',#1157);
#1157 = CARTESIAN_POINT('',(25.014548107336,24.638904580991,0.));
#1158 = VERTEX_POINT('',#1159);
#1159 = CARTESIAN_POINT('',(24.956549578425,24.938874953258,0.));
#1160 = SURFACE_CURVE('',#1161,(#1184,#1210),.PCURVE_S1.);
#1161 = B_SPLINE_CURVE_WITH_KNOTS('',6,(#1162,#1163,#1164,#1165,#1166,
    #1167,#1168,#1169,#1170,#1171,#1172,#1173,#1174,#1175,#1176,#1177,
    #1178,#1179,#1180,#1181,#1182,#1183),.UNSPECIFIED.,.F.,.F.,(7,5,5,5,
    7),(0.,0.223642315092,0.495886583062,0.959591983398,1.),
  .UNSPECIFIED.);
#1162 = CARTESIAN_POINT('',(25.014548107336,24.638904580991,0.));
#1163 = CARTESIAN_POINT('',(25.013874743965,24.651973392652,0.));
#1164 = CARTESIAN_POINT('',(25.013046448935,24.665334336877,0.));
#1165 = CARTESIAN_POINT('',(25.012069012265,24.678908477657,0.));
#1166 = CARTESIAN_POINT('',(25.010947381863,24.692620919213,0.));
#1167 = CARTESIAN_POINT('',(25.009685717139,24.70639909835,0.));
#1168 = CARTESIAN_POINT('',(25.006585295078,24.736935981945,0.));
#1169 = CARTESIAN_POINT('',(25.004680790509,24.753690918902,0.));
#1170 = CARTESIAN_POINT('',(25.002580072323,24.770306517123,0.));
#1171 = CARTESIAN_POINT('',(25.000287952287,24.786651778296,0.));
#1172 = CARTESIAN_POINT('',(24.99780822358,24.802589641196,0.));
#1173 = CARTESIAN_POINT('',(24.990606038104,24.844173782364,0.));
#1174 = CARTESIAN_POINT('',(24.985535234221,24.868751079362,0.));
#1175 = CARTESIAN_POINT('',(24.979943891688,24.890999486799,0.));
#1176 = CARTESIAN_POINT('',(24.973844368243,24.910073207235,0.));
#1177 = CARTESIAN_POINT('',(24.967264686968,24.924921827063,0.));
#1178 = CARTESIAN_POINT('',(24.959648972213,24.935322602064,0.));
#1179 = CARTESIAN_POINT('',(24.959035320572,24.936116148047,0.));
#1180 = CARTESIAN_POINT('',(24.958418509308,24.936868849772,0.));
#1181 = CARTESIAN_POINT('',(24.957798583207,24.937580011664,0.));
#1182 = CARTESIAN_POINT('',(24.957175589614,24.938248942069,0.));
#1183 = CARTESIAN_POINT('',(24.956549578425,24.938874953258,0.));
#1184 = PCURVE('',#132,#1185);
#1185 = DEFINITIONAL_REPRESENTATION('',(#1186),#1209);
#1186 = B_SPLINE_CURVE_WITH_KNOTS('',6,(#1187,#1188,#1189,#1190,#1191,
    #1192,#1193,#1194,#1195,#1196,#1197,#1198,#1199,#1200,#1201,#1202,
    #1203,#1204,#1205,#1206,#1207,#1208),.UNSPECIFIED.,.F.,.F.,(7,5,5,5,
    7),(0.,0.223642315092,0.495886583062,0.959591983398,1.),
  .UNSPECIFIED.);
#1187 = CARTESIAN_POINT('',(25.014548107336,24.638904580991));
#1188 = CARTESIAN_POINT('',(25.013874743965,24.651973392652));
#1189 = CARTESIAN_POINT('',(25.013046448934,24.665334336877));
#1190 = CARTESIAN_POINT('',(25.012069012265,24.678908477657));
#1191 = CARTESIAN_POINT('',(25.010947381863,24.692620919213));
#1192 = CARTESIAN_POINT('',(25.009685717139,24.70639909835));
#1193 = CARTESIAN_POINT('',(25.006585295078,24.736935981945));
#1194 = CARTESIAN_POINT('',(25.004680790508,24.753690918902));
#1195 = CARTESIAN_POINT('',(25.002580072323,24.770306517123));
#1196 = CARTESIAN_POINT('',(25.000287952287,24.786651778296));
#1197 = CARTESIAN_POINT('',(24.99780822358,24.802589641196));
#1198 = CARTESIAN_POINT('',(24.990606038104,24.844173782364));
#1199 = CARTESIAN_POINT('',(24.985535234221,24.868751079362));
#1200 = CARTESIAN_POINT('',(24.979943891688,24.890999486799));
#1201 = CARTESIAN_POINT('',(24.973844368243,24.910073207235));
#1202 = CARTESIAN_POINT('',(24.967264686968,24.924921827063));
#1203 = CARTESIAN_POINT('',(24.959648972213,24.935322602064));
#1204 = CARTESIAN_POINT('',(24.959035320572,24.936116148047));
#1205 = CARTESIAN_POINT('',(24.958418509308,24.936868849772));
#1206 = CARTESIAN_POINT('',(24.957798583207,24.937580011664));
#1207 = CARTESIAN_POINT('',(24.957175589613,24.93824894207));
#1208 = CARTESIAN_POINT('',(24.956549578425,24.938874953258));
#1209 = ( GEOMETRIC_REPRESENTATION_CONTEXT(2) 
PARAMETRIC_REPRESENTATION_CONTEXT() REPRESENTATION_CONTEXT('2D SPACE',''
  ) );
#1210 = PCURVE('',#1211,#1219);
#1211 = SURFACE_OF_LINEAR_EXTRUSION('',#1212,#1217);
#1212 = B_SPLINE_CURVE_WITH_KNOTS('',3,(#1213,#1214,#1215,#1216),
  .UNSPECIFIED.,.F.,.F.,(4,4),(0.,1.),.PIECEWISE_BEZIER_KNOTS.);
#1213 = CARTESIAN_POINT('',(24.956549578425,24.938874953258,-1.));
#1214 = CARTESIAN_POINT('',(24.986318186613,24.90910634507,-1.));
#1215 = CARTESIAN_POINT('',(25.008456898236,24.757124353438,-1.));
#1216 = CARTESIAN_POINT('',(25.014548107336,24.638904580991,-1.));
#1217 = VECTOR('',#1218,1.);
#1218 = DIRECTION('',(-0.,-0.,-1.));
#1219 = DEFINITIONAL_REPRESENTATION('',(#1220),#1243);
#1220 = B_SPLINE_CURVE_WITH_KNOTS('',6,(#1221,#1222,#1223,#1224,#1225,
    #1226,#1227,#1228,#1229,#1230,#1231,#1232,#1233,#1234,#1235,#1236,
    #1237,#1238,#1239,#1240,#1241,#1242),.UNSPECIFIED.,.F.,.F.,(7,5,5,5,
    7),(0.,0.223642315092,0.495886583062,0.959591983398,1.),
  .UNSPECIFIED.);
#1221 = CARTESIAN_POINT('',(1.,-1.));
#1222 = CARTESIAN_POINT('',(0.963151083244,-1.));
#1223 = CARTESIAN_POINT('',(0.92640915207,-1.));
#1224 = CARTESIAN_POINT('',(0.889748983023,-1.));
#1225 = CARTESIAN_POINT('',(0.853145153525,-1.));
#1226 = CARTESIAN_POINT('',(0.816571404,-1.));
#1227 = CARTESIAN_POINT('',(0.735480897671,-1.));
#1228 = CARTESIAN_POINT('',(0.69096730325,-1.));
#1229 = CARTESIAN_POINT('',(0.646408226664,-1.));
#1230 = CARTESIAN_POINT('',(0.601756792974,-1.));
#1231 = CARTESIAN_POINT('',(0.556968587344,-1.));
#1232 = CARTESIAN_POINT('',(0.435406369756,-1.));
#1233 = CARTESIAN_POINT('',(0.358330869193,-1.));
#1234 = CARTESIAN_POINT('',(0.280493854722,-1.));
#1235 = CARTESIAN_POINT('',(0.201777606312,-1.));
#1236 = CARTESIAN_POINT('',(0.122208171483,-1.));
#1237 = CARTESIAN_POINT('',(3.501053401032E-02,-1.));
#1238 = CARTESIAN_POINT('',(2.801655933934E-02,-1.));
#1239 = CARTESIAN_POINT('',(2.101828233931E-02,-1.));
#1240 = CARTESIAN_POINT('',(1.401592930331E-02,-1.));
#1241 = CARTESIAN_POINT('',(7.009746465282E-03,-1.));
#1242 = CARTESIAN_POINT('',(0.,-1.));
#1243 = ( GEOMETRIC_REPRESENTATION_CONTEXT(2) 
PARAMETRIC_REPRESENTATION_CONTEXT() REPRESENTATION_CONTEXT('2D SPACE',''
  ) );
#1244 = ORIENTED_EDGE('',*,*,#1245,.F.);
#1245 = EDGE_CURVE('',#1246,#1156,#1248,.T.);
#1246 = VERTEX_POINT('',#1247);
#1247 = CARTESIAN_POINT('',(24.857130880577,23.223504825933,0.));
#1248 = SURFACE_CURVE('',#1249,(#1270,#1294),.PCURVE_S1.);
#1249 = B_SPLINE_CURVE_WITH_KNOTS('',7,(#1250,#1251,#1252,#1253,#1254,
    #1255,#1256,#1257,#1258,#1259,#1260,#1261,#1262,#1263,#1264,#1265,
    #1266,#1267,#1268,#1269),.UNSPECIFIED.,.F.,.F.,(8,6,6,8),(0.,
    0.30394619261,0.839998256485,1.),.UNSPECIFIED.);
#1250 = CARTESIAN_POINT('',(24.857130880577,23.223504825933,0.));
#1251 = CARTESIAN_POINT('',(24.869267236359,23.283552521739,0.));
#1252 = CARTESIAN_POINT('',(24.881161456155,23.344168033637,0.));
#1253 = CARTESIAN_POINT('',(24.892767038614,23.405239935632,0.));
#1254 = CARTESIAN_POINT('',(24.904040634776,23.466678364685,0.));
#1255 = CARTESIAN_POINT('',(24.914939568293,23.528409538954,0.));
#1256 = CARTESIAN_POINT('',(24.925419355643,23.590370276042,0.));
#1257 = CARTESIAN_POINT('',(24.953088575194,23.762081488453,0.));
#1258 = CARTESIAN_POINT('',(24.96928297848,23.872146225488,0.));
#1259 = CARTESIAN_POINT('',(24.983754926504,23.982426485084,0.));
#1260 = CARTESIAN_POINT('',(24.996195188825,24.092641185183,0.));
#1261 = CARTESIAN_POINT('',(25.006181186588,24.202422896559,0.));
#1262 = CARTESIAN_POINT('',(25.0131842308,24.311316574321,0.));
#1263 = CARTESIAN_POINT('',(25.017224276989,24.450649762143,0.));
#1264 = CARTESIAN_POINT('',(25.017806131246,24.482532604989,0.));
#1265 = CARTESIAN_POINT('',(25.018016925152,24.514249744458,0.));
#1266 = CARTESIAN_POINT('',(25.017829604064,24.545777058004,0.));
#1267 = CARTESIAN_POINT('',(25.017213435019,24.577085725959,0.));
#1268 = CARTESIAN_POINT('',(25.016133153021,24.608141601565,0.));
#1269 = CARTESIAN_POINT('',(25.014548107336,24.638904580991,0.));
#1270 = PCURVE('',#132,#1271);
#1271 = DEFINITIONAL_REPRESENTATION('',(#1272),#1293);
#1272 = B_SPLINE_CURVE_WITH_KNOTS('',7,(#1273,#1274,#1275,#1276,#1277,
    #1278,#1279,#1280,#1281,#1282,#1283,#1284,#1285,#1286,#1287,#1288,
    #1289,#1290,#1291,#1292),.UNSPECIFIED.,.F.,.F.,(8,6,6,8),(0.,
    0.30394619261,0.839998256485,1.),.UNSPECIFIED.);
#1273 = CARTESIAN_POINT('',(24.857130880577,23.223504825933));
#1274 = CARTESIAN_POINT('',(24.869267236359,23.283552521739));
#1275 = CARTESIAN_POINT('',(24.881161456155,23.344168033637));
#1276 = CARTESIAN_POINT('',(24.892767038614,23.405239935632));
#1277 = CARTESIAN_POINT('',(24.904040634775,23.466678364686));
#1278 = CARTESIAN_POINT('',(24.914939568293,23.528409538955));
#1279 = CARTESIAN_POINT('',(24.925419355643,23.590370276042));
#1280 = CARTESIAN_POINT('',(24.953088575194,23.762081488453));
#1281 = CARTESIAN_POINT('',(24.969282978479,23.872146225488));
#1282 = CARTESIAN_POINT('',(24.983754926504,23.982426485084));
#1283 = CARTESIAN_POINT('',(24.996195188825,24.092641185184));
#1284 = CARTESIAN_POINT('',(25.006181186588,24.20242289656));
#1285 = CARTESIAN_POINT('',(25.0131842308,24.311316574321));
#1286 = CARTESIAN_POINT('',(25.017224276989,24.450649762143));
#1287 = CARTESIAN_POINT('',(25.017806131246,24.482532604989));
#1288 = CARTESIAN_POINT('',(25.018016925152,24.514249744458));
#1289 = CARTESIAN_POINT('',(25.017829604064,24.545777058004));
#1290 = CARTESIAN_POINT('',(25.017213435018,24.57708572596));
#1291 = CARTESIAN_POINT('',(25.016133153021,24.608141601565));
#1292 = CARTESIAN_POINT('',(25.014548107336,24.638904580991));
#1293 = ( GEOMETRIC_REPRESENTATION_CONTEXT(2) 
PARAMETRIC_REPRESENTATION_CONTEXT() REPRESENTATION_CONTEXT('2D SPACE',''
  ) );
#1294 = PCURVE('',#1295,#1303);
#1295 = SURFACE_OF_LINEAR_EXTRUSION('',#1296,#1301);
#1296 = B_SPLINE_CURVE_WITH_KNOTS('',3,(#1297,#1298,#1299,#1300),
  .UNSPECIFIED.,.F.,.F.,(4,4),(0.,1.),.PIECEWISE_BEZIER_KNOTS.);
#1297 = CARTESIAN_POINT('',(25.014548107336,24.638904580991,-1.));
#1298 = CARTESIAN_POINT('',(25.03544710544,24.233291383376,-1.));
#1299 = CARTESIAN_POINT('',(24.948083904111,23.673517959028,-1.));
#1300 = CARTESIAN_POINT('',(24.857130880577,23.223504825933,-1.));
#1301 = VECTOR('',#1302,1.);
#1302 = DIRECTION('',(-0.,-0.,-1.));
#1303 = DEFINITIONAL_REPRESENTATION('',(#1304),#1325);
#1304 = B_SPLINE_CURVE_WITH_KNOTS('',7,(#1305,#1306,#1307,#1308,#1309,
    #1310,#1311,#1312,#1313,#1314,#1315,#1316,#1317,#1318,#1319,#1320,
    #1321,#1322,#1323,#1324),.UNSPECIFIED.,.F.,.F.,(8,6,6,8),(0.,
    0.30394619261,0.839998256485,1.),.UNSPECIFIED.);
#1305 = CARTESIAN_POINT('',(1.,-1.));
#1306 = CARTESIAN_POINT('',(0.955521523418,-1.));
#1307 = CARTESIAN_POINT('',(0.911747668634,-1.));
#1308 = CARTESIAN_POINT('',(0.868530895834,-1.));
#1309 = CARTESIAN_POINT('',(0.825749174972,-1.));
#1310 = CARTESIAN_POINT('',(0.783297572908,-1.));
#1311 = CARTESIAN_POINT('',(0.741079840553,-1.));
#1312 = CARTESIAN_POINT('',(0.624786254527,-1.));
#1313 = CARTESIAN_POINT('',(0.551035481208,-1.));
#1314 = CARTESIAN_POINT('',(0.477195116114,-1.));
#1315 = CARTESIAN_POINT('',(0.402803148565,-1.));
#1316 = CARTESIAN_POINT('',(0.327370397657,-1.));
#1317 = CARTESIAN_POINT('',(0.250375828627,-1.));
#1318 = CARTESIAN_POINT('',(0.147307765926,-1.));
#1319 = CARTESIAN_POINT('',(0.123406410195,-1.));
#1320 = CARTESIAN_POINT('',(9.927510113802E-02,-1.));
#1321 = CARTESIAN_POINT('',(7.489251471656E-02,-1.));
#1322 = CARTESIAN_POINT('',(5.023605046072E-02,-1.));
#1323 = CARTESIAN_POINT('',(2.528104740057E-02,-1.));
#1324 = CARTESIAN_POINT('',(0.,-1.));
#1325 = ( GEOMETRIC_REPRESENTATION_CONTEXT(2) 
PARAMETRIC_REPRESENTATION_CONTEXT() REPRESENTATION_CONTEXT('2D SPACE',''
  ) );
#1326 = ORIENTED_EDGE('',*,*,#1327,.F.);
#1327 = EDGE_CURVE('',#1328,#1246,#1330,.T.);
#1328 = VERTEX_POINT('',#1329);
#1329 = CARTESIAN_POINT('',(23.580034170504,19.056235060488,0.));
#1330 = SURFACE_CURVE('',#1331,(#1346,#1364),.PCURVE_S1.);
#1331 = B_SPLINE_CURVE_WITH_KNOTS('',7,(#1332,#1333,#1334,#1335,#1336,
    #1337,#1338,#1339,#1340,#1341,#1342,#1343,#1344,#1345),
  .UNSPECIFIED.,.F.,.F.,(8,6,8),(0.,0.799827260195,1.),.UNSPECIFIED.);
#1332 = CARTESIAN_POINT('',(23.580034170504,19.056235060488,0.));
#1333 = CARTESIAN_POINT('',(23.756004152808,19.524168353463,0.));
#1334 = CARTESIAN_POINT('',(23.927210641082,19.993670258538,0.));
#1335 = CARTESIAN_POINT('',(24.092540154695,20.465137959623,0.));
#1336 = CARTESIAN_POINT('',(24.250665731498,20.938861215948,0.));
#1337 = CARTESIAN_POINT('',(24.3998640483,21.415062439998,0.));
#1338 = CARTESIAN_POINT('',(24.5379719696,21.893909499813,0.));
#1339 = CARTESIAN_POINT('',(24.692569739738,22.496277685834,0.));
#1340 = CARTESIAN_POINT('',(24.722608903025,22.617033505166,0.));
#1341 = CARTESIAN_POINT('',(24.751687553062,22.737969685299,0.));
#1342 = CARTESIAN_POINT('',(24.779747224587,22.859086714298,0.));
#1343 = CARTESIAN_POINT('',(24.806723398884,22.980383489245,0.));
#1344 = CARTESIAN_POINT('',(24.83254449827,23.101857468829,0.));
#1345 = CARTESIAN_POINT('',(24.857130880577,23.223504825933,0.));
#1346 = PCURVE('',#132,#1347);
#1347 = DEFINITIONAL_REPRESENTATION('',(#1348),#1363);
#1348 = B_SPLINE_CURVE_WITH_KNOTS('',7,(#1349,#1350,#1351,#1352,#1353,
    #1354,#1355,#1356,#1357,#1358,#1359,#1360,#1361,#1362),
  .UNSPECIFIED.,.F.,.F.,(8,6,8),(0.,0.799827260195,1.),.UNSPECIFIED.);
#1349 = CARTESIAN_POINT('',(23.580034170504,19.056235060488));
#1350 = CARTESIAN_POINT('',(23.756004152808,19.524168353463));
#1351 = CARTESIAN_POINT('',(23.927210641082,19.993670258538));
#1352 = CARTESIAN_POINT('',(24.092540154695,20.465137959623));
#1353 = CARTESIAN_POINT('',(24.250665731498,20.938861215948));
#1354 = CARTESIAN_POINT('',(24.3998640483,21.415062439998));
#1355 = CARTESIAN_POINT('',(24.5379719696,21.893909499813));
#1356 = CARTESIAN_POINT('',(24.692569739738,22.496277685834));
#1357 = CARTESIAN_POINT('',(24.722608903025,22.617033505166));
#1358 = CARTESIAN_POINT('',(24.751687553062,22.737969685299));
#1359 = CARTESIAN_POINT('',(24.779747224587,22.859086714298));
#1360 = CARTESIAN_POINT('',(24.806723398884,22.980383489245));
#1361 = CARTESIAN_POINT('',(24.83254449827,23.101857468829));
#1362 = CARTESIAN_POINT('',(24.857130880577,23.223504825933));
#1363 = ( GEOMETRIC_REPRESENTATION_CONTEXT(2) 
PARAMETRIC_REPRESENTATION_CONTEXT() REPRESENTATION_CONTEXT('2D SPACE',''
  ) );
#1364 = PCURVE('',#1365,#1373);
#1365 = SURFACE_OF_LINEAR_EXTRUSION('',#1366,#1371);
#1366 = B_SPLINE_CURVE_WITH_KNOTS('',3,(#1367,#1368,#1369,#1370),
  .UNSPECIFIED.,.F.,.F.,(4,4),(0.,1.),.PIECEWISE_BEZIER_KNOTS.);
#1367 = CARTESIAN_POINT('',(24.857130880577,23.223504825933,-1.));
#1368 = CARTESIAN_POINT('',(24.59595327097,21.931262415216,-1.));
#1369 = CARTESIAN_POINT('',(24.121839977629,20.496986330462,-1.));
#1370 = CARTESIAN_POINT('',(23.580034170504,19.056235060488,-1.));
#1371 = VECTOR('',#1372,1.);
#1372 = DIRECTION('',(-0.,-0.,-1.));
#1373 = DEFINITIONAL_REPRESENTATION('',(#1374),#1389);
#1374 = B_SPLINE_CURVE_WITH_KNOTS('',7,(#1375,#1376,#1377,#1378,#1379,
    #1380,#1381,#1382,#1383,#1384,#1385,#1386,#1387,#1388),
  .UNSPECIFIED.,.F.,.F.,(8,6,8),(0.,0.799827260195,1.),.UNSPECIFIED.);
#1375 = CARTESIAN_POINT('',(1.,-1.));
#1376 = CARTESIAN_POINT('',(0.891738589737,-1.));
#1377 = CARTESIAN_POINT('',(0.782991485719,-1.));
#1378 = CARTESIAN_POINT('',(0.673273875514,-1.));
#1379 = CARTESIAN_POINT('',(0.562110860512,-1.));
#1380 = CARTESIAN_POINT('',(0.448969710175,-1.));
#1381 = CARTESIAN_POINT('',(0.333241072442,-1.));
#1382 = CARTESIAN_POINT('',(0.184157541064,-1.));
#1383 = CARTESIAN_POINT('',(0.154096619136,-1.));
#1384 = CARTESIAN_POINT('',(0.123803322114,-1.));
#1385 = CARTESIAN_POINT('',(9.326310998716E-02,-1.));
#1386 = CARTESIAN_POINT('',(6.246052129637E-02,-1.));
#1387 = CARTESIAN_POINT('',(3.137887961154E-02,-1.));
#1388 = CARTESIAN_POINT('',(0.,-1.));
#1389 = ( GEOMETRIC_REPRESENTATION_CONTEXT(2) 
PARAMETRIC_REPRESENTATION_CONTEXT() REPRESENTATION_CONTEXT('2D SPACE',''
  ) );
#1390 = ORIENTED_EDGE('',*,*,#1391,.F.);
#1391 = EDGE_CURVE('',#1392,#1328,#1394,.T.);
#1392 = VERTEX_POINT('',#1393);
#1393 = CARTESIAN_POINT('',(19.196729080427,9.526159157574,0.));
#1394 = SURFACE_CURVE('',#1395,(#1414,#1436),.PCURVE_S1.);
#1395 = B_SPLINE_CURVE_WITH_KNOTS('',5,(#1396,#1397,#1398,#1399,#1400,
    #1401,#1402,#1403,#1404,#1405,#1406,#1407,#1408,#1409,#1410,#1411,
    #1412,#1413),.UNSPECIFIED.,.F.,.F.,(6,4,4,4,6),(0.,0.273684130934,
    0.527728224676,0.770066320676,1.),.UNSPECIFIED.);
#1396 = CARTESIAN_POINT('',(19.196729080427,9.526159157574,0.));
#1397 = CARTESIAN_POINT('',(19.464360948342,10.0350360267,0.));
#1398 = CARTESIAN_POINT('',(19.729207500645,10.545330795111,0.));
#1399 = CARTESIAN_POINT('',(19.991068785618,11.057120580872,0.));
#1400 = CARTESIAN_POINT('',(20.249715494554,11.570486873549,0.));
#1401 = CARTESIAN_POINT('',(20.741726516625,12.56359677209,0.));
#1402 = CARTESIAN_POINT('',(20.975572798747,13.043108722879,0.));
#1403 = CARTESIAN_POINT('',(21.206198197714,13.524131707029,0.));
#1404 = CARTESIAN_POINT('',(21.433352392057,14.006742897075,0.));
#1405 = CARTESIAN_POINT('',(21.869828990729,14.953000128642,0.));
#1406 = CARTESIAN_POINT('',(22.079490252257,15.41649423257,0.));
#1407 = CARTESIAN_POINT('',(22.285462283374,15.881587679357,0.));
#1408 = CARTESIAN_POINT('',(22.487443818941,16.348357613076,0.));
#1409 = CARTESIAN_POINT('',(22.872583918636,17.261440379554,0.));
#1410 = CARTESIAN_POINT('',(23.056176062591,17.707575671697,0.));
#1411 = CARTESIAN_POINT('',(23.235538000259,18.155371057988,0.));
#1412 = CARTESIAN_POINT('',(23.410305396375,18.604898172507,0.));
#1413 = CARTESIAN_POINT('',(23.580034170504,19.056235060488,0.));
#1414 = PCURVE('',#132,#1415);
#1415 = DEFINITIONAL_REPRESENTATION('',(#1416),#1435);
#1416 = B_SPLINE_CURVE_WITH_KNOTS('',5,(#1417,#1418,#1419,#1420,#1421,
    #1422,#1423,#1424,#1425,#1426,#1427,#1428,#1429,#1430,#1431,#1432,
    #1433,#1434),.UNSPECIFIED.,.F.,.F.,(6,4,4,4,6),(0.,0.273684130934,
    0.527728224676,0.770066320676,1.),.UNSPECIFIED.);
#1417 = CARTESIAN_POINT('',(19.196729080427,9.526159157574));
#1418 = CARTESIAN_POINT('',(19.464360948342,10.0350360267));
#1419 = CARTESIAN_POINT('',(19.729207500645,10.545330795111));
#1420 = CARTESIAN_POINT('',(19.991068785618,11.057120580872));
#1421 = CARTESIAN_POINT('',(20.249715494554,11.570486873549));
#1422 = CARTESIAN_POINT('',(20.741726516625,12.56359677209));
#1423 = CARTESIAN_POINT('',(20.975572798746,13.043108722879));
#1424 = CARTESIAN_POINT('',(21.206198197714,13.524131707029));
#1425 = CARTESIAN_POINT('',(21.433352392057,14.006742897075));
#1426 = CARTESIAN_POINT('',(21.869828990729,14.953000128643));
#1427 = CARTESIAN_POINT('',(22.079490252257,15.41649423257));
#1428 = CARTESIAN_POINT('',(22.285462283374,15.881587679357));
#1429 = CARTESIAN_POINT('',(22.487443818941,16.348357613076));
#1430 = CARTESIAN_POINT('',(22.872583918636,17.261440379554));
#1431 = CARTESIAN_POINT('',(23.056176062591,17.707575671697));
#1432 = CARTESIAN_POINT('',(23.235538000259,18.155371057988));
#1433 = CARTESIAN_POINT('',(23.410305396375,18.604898172507));
#1434 = CARTESIAN_POINT('',(23.580034170504,19.056235060488));
#1435 = ( GEOMETRIC_REPRESENTATION_CONTEXT(2) 
PARAMETRIC_REPRESENTATION_CONTEXT() REPRESENTATION_CONTEXT('2D SPACE',''
  ) );
#1436 = PCURVE('',#1437,#1445);
#1437 = SURFACE_OF_LINEAR_EXTRUSION('',#1438,#1443);
#1438 = B_SPLINE_CURVE_WITH_KNOTS('',3,(#1439,#1440,#1441,#1442),
  .UNSPECIFIED.,.F.,.F.,(4,4),(0.,1.),.PIECEWISE_BEZIER_KNOTS.);
#1439 = CARTESIAN_POINT('',(23.580034170504,19.056235060488,-1.));
#1440 = CARTESIAN_POINT('',(22.471170691773,16.107583635564,-1.));
#1441 = CARTESIAN_POINT('',(20.974208427675,12.905869250433,-1.));
#1442 = CARTESIAN_POINT('',(19.196729080427,9.526159157574,-1.));
#1443 = VECTOR('',#1444,1.);
#1444 = DIRECTION('',(-0.,-0.,-1.));
#1445 = DEFINITIONAL_REPRESENTATION('',(#1446),#1465);
#1446 = B_SPLINE_CURVE_WITH_KNOTS('',5,(#1447,#1448,#1449,#1450,#1451,
    #1452,#1453,#1454,#1455,#1456,#1457,#1458,#1459,#1460,#1461,#1462,
    #1463,#1464),.UNSPECIFIED.,.F.,.F.,(6,4,4,4,6),(0.,0.273684130934,
    0.527728224676,0.770066320676,1.),.UNSPECIFIED.);
#1447 = CARTESIAN_POINT('',(1.,-1.));
#1448 = CARTESIAN_POINT('',(0.949810599613,-1.));
#1449 = CARTESIAN_POINT('',(0.899149697305,-1.));
#1450 = CARTESIAN_POINT('',(0.847985504021,-1.));
#1451 = CARTESIAN_POINT('',(0.796282651674,-1.));
#1452 = CARTESIAN_POINT('',(0.695469240041,-1.));
#1453 = CARTESIAN_POINT('',(0.646438988918,-1.));
#1454 = CARTESIAN_POINT('',(0.596876250615,-1.));
#1455 = CARTESIAN_POINT('',(0.546744254078,-1.));
#1456 = CARTESIAN_POINT('',(0.44759397042,-1.));
#1457 = CARTESIAN_POINT('',(0.398630926884,-1.));
#1458 = CARTESIAN_POINT('',(0.349073404441,-1.));
#1459 = CARTESIAN_POINT('',(0.298879560762,-1.));
#1460 = CARTESIAN_POINT('',(0.199724781198,-1.));
#1461 = CARTESIAN_POINT('',(0.150832434857,-1.));
#1462 = CARTESIAN_POINT('',(0.101280561216,-1.));
#1463 = CARTESIAN_POINT('',(5.102184275001E-02,-1.));
#1464 = CARTESIAN_POINT('',(0.,-1.));
#1465 = ( GEOMETRIC_REPRESENTATION_CONTEXT(2) 
PARAMETRIC_REPRESENTATION_CONTEXT() REPRESENTATION_CONTEXT('2D SPACE',''
  ) );
#1466 = ORIENTED_EDGE('',*,*,#1467,.F.);
#1467 = EDGE_CURVE('',#1468,#1392,#1470,.T.);
#1468 = VERTEX_POINT('',#1469);
#1469 = CARTESIAN_POINT('',(6.472720464161,-10.32026954573,0.));
#1470 = SURFACE_CURVE('',#1471,(#1492,#1516),.PCURVE_S1.);
#1471 = B_SPLINE_CURVE_WITH_KNOTS('',7,(#1472,#1473,#1474,#1475,#1476,
    #1477,#1478,#1479,#1480,#1481,#1482,#1483,#1484,#1485,#1486,#1487,
    #1488,#1489,#1490,#1491),.UNSPECIFIED.,.F.,.F.,(8,6,6,8),(0.,
    0.2452716746,0.533822845144,1.),.UNSPECIFIED.);
#1472 = CARTESIAN_POINT('',(6.472720464161,-10.32026954573,0.));
#1473 = CARTESIAN_POINT('',(6.98283876024,-9.670011159363,0.));
#1474 = CARTESIAN_POINT('',(7.485065371021,-9.013398904621,0.));
#1475 = CARTESIAN_POINT('',(7.980725602937,-8.351659827551,0.));
#1476 = CARTESIAN_POINT('',(8.470428661512,-7.685415840234,0.));
#1477 = CARTESIAN_POINT('',(8.954659435987,-7.015147168754,0.));
#1478 = CARTESIAN_POINT('',(9.433730150977,-6.341152284211,0.));
#1479 = CARTESIAN_POINT('',(10.465723938826,-4.866573329782,0.));
#1480 = CARTESIAN_POINT('',(11.016736807692,-4.064672991976,0.));
#1481 = CARTESIAN_POINT('',(11.561305598553,-3.258306328376,0.));
#1482 = CARTESIAN_POINT('',(12.099622913436,-2.447706787426,0.));
#1483 = CARTESIAN_POINT('',(12.631779439537,-1.633028041672,0.));
#1484 = CARTESIAN_POINT('',(13.157802141363,-0.814370684947,0.));
#1485 = CARTESIAN_POINT('',(14.517507670215,1.337180606793,0.));
#1486 = CARTESIAN_POINT('',(15.341218867051,2.676355940699,0.));
#1487 = CARTESIAN_POINT('',(16.148637514335,4.025570484284,0.));
#1488 = CARTESIAN_POINT('',(16.939130678705,5.384868296579,0.));
#1489 = CARTESIAN_POINT('',(17.711692280272,6.754443015257,0.));
#1490 = CARTESIAN_POINT('',(18.464901820728,8.134658333858,0.));
#1491 = CARTESIAN_POINT('',(19.196729080427,9.526159157574,0.));
#1492 = PCURVE('',#132,#1493);
#1493 = DEFINITIONAL_REPRESENTATION('',(#1494),#1515);
#1494 = B_SPLINE_CURVE_WITH_KNOTS('',7,(#1495,#1496,#1497,#1498,#1499,
    #1500,#1501,#1502,#1503,#1504,#1505,#1506,#1507,#1508,#1509,#1510,
    #1511,#1512,#1513,#1514),.UNSPECIFIED.,.F.,.F.,(8,6,6,8),(0.,
    0.2452716746,0.533822845144,1.),.UNSPECIFIED.);
#1495 = CARTESIAN_POINT('',(6.472720464161,-10.32026954573));
#1496 = CARTESIAN_POINT('',(6.98283876024,-9.670011159363));
#1497 = CARTESIAN_POINT('',(7.485065371021,-9.013398904621));
#1498 = CARTESIAN_POINT('',(7.980725602937,-8.35165982755));
#1499 = CARTESIAN_POINT('',(8.470428661512,-7.685415840234));
#1500 = CARTESIAN_POINT('',(8.954659435987,-7.015147168754));
#1501 = CARTESIAN_POINT('',(9.433730150977,-6.341152284211));
#1502 = CARTESIAN_POINT('',(10.465723938825,-4.866573329781));
#1503 = CARTESIAN_POINT('',(11.016736807692,-4.064672991976));
#1504 = CARTESIAN_POINT('',(11.561305598553,-3.258306328376));
#1505 = CARTESIAN_POINT('',(12.099622913436,-2.447706787425));
#1506 = CARTESIAN_POINT('',(12.631779439537,-1.633028041671));
#1507 = CARTESIAN_POINT('',(13.157802141362,-0.814370684947));
#1508 = CARTESIAN_POINT('',(14.517507670215,1.337180606793));
#1509 = CARTESIAN_POINT('',(15.341218867051,2.676355940699));
#1510 = CARTESIAN_POINT('',(16.148637514335,4.025570484284));
#1511 = CARTESIAN_POINT('',(16.939130678705,5.384868296579));
#1512 = CARTESIAN_POINT('',(17.711692280272,6.754443015257));
#1513 = CARTESIAN_POINT('',(18.464901820728,8.134658333858));
#1514 = CARTESIAN_POINT('',(19.196729080427,9.526159157574));
#1515 = ( GEOMETRIC_REPRESENTATION_CONTEXT(2) 
PARAMETRIC_REPRESENTATION_CONTEXT() REPRESENTATION_CONTEXT('2D SPACE',''
  ) );
#1516 = PCURVE('',#1517,#1525);
#1517 = SURFACE_OF_LINEAR_EXTRUSION('',#1518,#1523);
#1518 = B_SPLINE_CURVE_WITH_KNOTS('',3,(#1519,#1520,#1521,#1522),
  .UNSPECIFIED.,.F.,.F.,(4,4),(0.,1.),.PIECEWISE_BEZIER_KNOTS.);
#1519 = CARTESIAN_POINT('',(19.196729080427,9.526159157574,-1.));
#1520 = CARTESIAN_POINT('',(15.130584490048,1.794766985615,-1.));
#1521 = CARTESIAN_POINT('',(10.119579939709,-5.671542032688,-1.));
#1522 = CARTESIAN_POINT('',(6.472720464161,-10.32026954573,-1.));
#1523 = VECTOR('',#1524,1.);
#1524 = DIRECTION('',(-0.,-0.,-1.));
#1525 = DEFINITIONAL_REPRESENTATION('',(#1526),#1547);
#1526 = B_SPLINE_CURVE_WITH_KNOTS('',7,(#1527,#1528,#1529,#1530,#1531,
    #1532,#1533,#1534,#1535,#1536,#1537,#1538,#1539,#1540,#1541,#1542,
    #1543,#1544,#1545,#1546),.UNSPECIFIED.,.F.,.F.,(8,6,6,8),(0.,
    0.2452716746,0.533822845144,1.),.UNSPECIFIED.);
#1527 = CARTESIAN_POINT('',(1.,-1.));
#1528 = CARTESIAN_POINT('',(0.953373736179,-1.));
#1529 = CARTESIAN_POINT('',(0.909365916611,-1.));
#1530 = CARTESIAN_POINT('',(0.86726502931,-1.));
#1531 = CARTESIAN_POINT('',(0.826722482045,-1.));
#1532 = CARTESIAN_POINT('',(0.787454447729,-1.));
#1533 = CARTESIAN_POINT('',(0.74926736529,-1.));
#1534 = CARTESIAN_POINT('',(0.668156609217,-1.));
#1535 = CARTESIAN_POINT('',(0.625588308778,-1.));
#1536 = CARTESIAN_POINT('',(0.584039545235,-1.));
#1537 = CARTESIAN_POINT('',(0.543333329867,-1.));
#1538 = CARTESIAN_POINT('',(0.503332627872,-1.));
#1539 = CARTESIAN_POINT('',(0.463920643339,-1.));
#1540 = CARTESIAN_POINT('',(0.362120633602,-1.));
#1541 = CARTESIAN_POINT('',(0.300525202396,-1.));
#1542 = CARTESIAN_POINT('',(0.239800443881,-1.));
#1543 = CARTESIAN_POINT('',(0.179641178111,-1.));
#1544 = CARTESIAN_POINT('',(0.119788824449,-1.));
#1545 = CARTESIAN_POINT('',(5.999354289486E-02,-1.));
#1546 = CARTESIAN_POINT('',(0.,-1.));
#1547 = ( GEOMETRIC_REPRESENTATION_CONTEXT(2) 
PARAMETRIC_REPRESENTATION_CONTEXT() REPRESENTATION_CONTEXT('2D SPACE',''
  ) );
#1548 = ORIENTED_EDGE('',*,*,#1549,.F.);
#1549 = EDGE_CURVE('',#1550,#1468,#1552,.T.);
#1550 = VERTEX_POINT('',#1551);
#1551 = CARTESIAN_POINT('',(6.040627886739,-9.888176968311,0.));
#1552 = SURFACE_CURVE('',#1553,(#1557,#1563),.PCURVE_S1.);
#1553 = LINE('',#1554,#1555);
#1554 = CARTESIAN_POINT('',(2.274472961687,-6.12202204326,
    1.110223024625E-16));
#1555 = VECTOR('',#1556,1.);
#1556 = DIRECTION('',(0.707106781187,-0.707106781187,0.));
#1557 = PCURVE('',#132,#1558);
#1558 = DEFINITIONAL_REPRESENTATION('',(#1559),#1562);
#1559 = B_SPLINE_CURVE_WITH_KNOTS('',1,(#1560,#1561),.UNSPECIFIED.,.F.,
  .F.,(2,2),(5.326147373006,5.937218556197),.PIECEWISE_BEZIER_KNOTS.);
#1560 = CARTESIAN_POINT('',(6.040627886739,-9.888176968311));
#1561 = CARTESIAN_POINT('',(6.472720464161,-10.32026954573));
#1562 = ( GEOMETRIC_REPRESENTATION_CONTEXT(2) 
PARAMETRIC_REPRESENTATION_CONTEXT() REPRESENTATION_CONTEXT('2D SPACE',''
  ) );
#1563 = PCURVE('',#1564,#1569);
#1564 = PLANE('',#1565);
#1565 = AXIS2_PLACEMENT_3D('',#1566,#1567,#1568);
#1566 = CARTESIAN_POINT('',(6.472720464161,-10.32026954573,-1.));
#1567 = DIRECTION('',(-0.707106781187,-0.707106781187,0.));
#1568 = DIRECTION('',(-0.707106781187,0.707106781187,0.));
#1569 = DEFINITIONAL_REPRESENTATION('',(#1570),#1573);
#1570 = B_SPLINE_CURVE_WITH_KNOTS('',1,(#1571,#1572),.UNSPECIFIED.,.F.,
  .F.,(2,2),(5.326147373006,5.937218556197),.PIECEWISE_BEZIER_KNOTS.);
#1571 = CARTESIAN_POINT('',(0.611071183191,-1.));
#1572 = CARTESIAN_POINT('',(0.,-1.));
#1573 = ( GEOMETRIC_REPRESENTATION_CONTEXT(2) 
PARAMETRIC_REPRESENTATION_CONTEXT() REPRESENTATION_CONTEXT('2D SPACE',''
  ) );
#1574 = ORIENTED_EDGE('',*,*,#1575,.F.);
#1575 = EDGE_CURVE('',#1576,#1550,#1578,.T.);
#1576 = VERTEX_POINT('',#1577);
#1577 = CARTESIAN_POINT('',(-9.870502343143,6.022953261571,0.));
#1578 = SURFACE_CURVE('',#1579,(#1584,#1595),.PCURVE_S1.);
#1579 = CIRCLE('',#1580,12.221423663821);
#1580 = AXIS2_PLACEMENT_3D('',#1581,#1582,#1583);
#1581 = CARTESIAN_POINT('',(-5.28993084112,-5.307605466288,0.));
#1582 = DIRECTION('',(0.,-0.,-1.));
#1583 = DIRECTION('',(0.927106288067,-0.374798520043,0.));
#1584 = PCURVE('',#132,#1585);
#1585 = DEFINITIONAL_REPRESENTATION('',(#1586),#1594);
#1586 = ( BOUNDED_CURVE() B_SPLINE_CURVE(2,(#1587,#1588,#1589,#1590,
#1591,#1592,#1593),.UNSPECIFIED.,.T.,.F.) B_SPLINE_CURVE_WITH_KNOTS((1,2
    ,2,2,2,1),(-2.094395102393,0.,2.094395102393,4.188790204786,
6.28318530718,8.377580409573),.UNSPECIFIED.) CURVE() 
GEOMETRIC_REPRESENTATION_ITEM() RATIONAL_B_SPLINE_CURVE((1.,0.5,1.,0.5,
1.,0.5,1.)) REPRESENTATION_ITEM('') );
#1587 = CARTESIAN_POINT('',(6.040627886739,-9.888176968311));
#1588 = CARTESIAN_POINT('',(-1.893154682467,-29.5132803631));
#1589 = CARTESIAN_POINT('',(-14.92210148965,-12.82987141267));
#1590 = CARTESIAN_POINT('',(-27.95104829683,3.853537537758));
#1591 = CARTESIAN_POINT('',(-6.988318920447,6.795231982121));
#1592 = CARTESIAN_POINT('',(13.974410455945,9.736926426484));
#1593 = CARTESIAN_POINT('',(6.040627886739,-9.888176968311));
#1594 = ( GEOMETRIC_REPRESENTATION_CONTEXT(2) 
PARAMETRIC_REPRESENTATION_CONTEXT() REPRESENTATION_CONTEXT('2D SPACE',''
  ) );
#1595 = PCURVE('',#1596,#1601);
#1596 = CYLINDRICAL_SURFACE('',#1597,12.221423663821);
#1597 = AXIS2_PLACEMENT_3D('',#1598,#1599,#1600);
#1598 = CARTESIAN_POINT('',(-5.28993084112,-5.307605466288,-1.));
#1599 = DIRECTION('',(-0.,-0.,-1.));
#1600 = DIRECTION('',(0.927106288067,-0.374798520043,0.));
#1601 = DEFINITIONAL_REPRESENTATION('',(#1602),#1606);
#1602 = LINE('',#1603,#1604);
#1603 = CARTESIAN_POINT('',(-6.28318530718,-1.));
#1604 = VECTOR('',#1605,1.);
#1605 = DIRECTION('',(1.,-0.));
#1606 = ( GEOMETRIC_REPRESENTATION_CONTEXT(2) 
PARAMETRIC_REPRESENTATION_CONTEXT() REPRESENTATION_CONTEXT('2D SPACE',''
  ) );
#1607 = ORIENTED_EDGE('',*,*,#1608,.F.);
#1608 = EDGE_CURVE('',#1609,#1576,#1611,.T.);
#1609 = VERTEX_POINT('',#1610);
#1610 = CARTESIAN_POINT('',(-10.30259492056,6.455045838993,0.));
#1611 = SURFACE_CURVE('',#1612,(#1616,#1622),.PCURVE_S1.);
#1612 = LINE('',#1613,#1614);
#1613 = CARTESIAN_POINT('',(-5.897138441965,2.049589360392,0.));
#1614 = VECTOR('',#1615,1.);
#1615 = DIRECTION('',(0.707106781187,-0.707106781187,0.));
#1616 = PCURVE('',#132,#1617);
#1617 = DEFINITIONAL_REPRESENTATION('',(#1618),#1621);
#1618 = B_SPLINE_CURVE_WITH_KNOTS('',1,(#1619,#1620),.UNSPECIFIED.,.F.,
  .F.,(2,2),(-6.230256300481,-5.61918511729),.PIECEWISE_BEZIER_KNOTS.);
#1619 = CARTESIAN_POINT('',(-10.30259492056,6.455045838993));
#1620 = CARTESIAN_POINT('',(-9.870502343143,6.022953261571));
#1621 = ( GEOMETRIC_REPRESENTATION_CONTEXT(2) 
PARAMETRIC_REPRESENTATION_CONTEXT() REPRESENTATION_CONTEXT('2D SPACE',''
  ) );
#1622 = PCURVE('',#1623,#1628);
#1623 = PLANE('',#1624);
#1624 = AXIS2_PLACEMENT_3D('',#1625,#1626,#1627);
#1625 = CARTESIAN_POINT('',(-9.870502343143,6.022953261571,-1.));
#1626 = DIRECTION('',(-0.707106781187,-0.707106781187,0.));
#1627 = DIRECTION('',(-0.707106781187,0.707106781187,0.));
#1628 = DEFINITIONAL_REPRESENTATION('',(#1629),#1632);
#1629 = B_SPLINE_CURVE_WITH_KNOTS('',1,(#1630,#1631),.UNSPECIFIED.,.F.,
  .F.,(2,2),(-6.230256300481,-5.61918511729),.PIECEWISE_BEZIER_KNOTS.);
#1630 = CARTESIAN_POINT('',(0.611071183191,-1.));
#1631 = CARTESIAN_POINT('',(0.,-1.));
#1632 = ( GEOMETRIC_REPRESENTATION_CONTEXT(2) 
PARAMETRIC_REPRESENTATION_CONTEXT() REPRESENTATION_CONTEXT('2D SPACE',''
  ) );
#1633 = ORIENTED_EDGE('',*,*,#1634,.F.);
#1634 = EDGE_CURVE('',#1635,#1609,#1637,.T.);
#1635 = VERTEX_POINT('',#1636);
#1636 = CARTESIAN_POINT('',(9.543833782742,19.179054455259,0.));
#1637 = SURFACE_CURVE('',#1638,(#1659,#1683),.PCURVE_S1.);
#1638 = B_SPLINE_CURVE_WITH_KNOTS('',7,(#1639,#1640,#1641,#1642,#1643,
    #1644,#1645,#1646,#1647,#1648,#1649,#1650,#1651,#1652,#1653,#1654,
    #1655,#1656,#1657,#1658),.UNSPECIFIED.,.F.,.F.,(8,6,6,8),(0.,
    0.466177154855,0.754728325399,1.),.UNSPECIFIED.);
#1639 = CARTESIAN_POINT('',(9.543833782742,19.179054455259,0.));
#1640 = CARTESIAN_POINT('',(8.152332959023,18.447227195559,0.));
#1641 = CARTESIAN_POINT('',(6.772117640432,17.694017655108,0.));
#1642 = CARTESIAN_POINT('',(5.402542921742,16.921456053534,0.));
#1643 = CARTESIAN_POINT('',(4.043245109447,16.130962889164,0.));
#1644 = CARTESIAN_POINT('',(2.694030565875,15.323544241887,0.));
#1645 = CARTESIAN_POINT('',(1.354855231957,14.499833045045,0.));
#1646 = CARTESIAN_POINT('',(-0.796696059779,13.140127516194,0.));
#1647 = CARTESIAN_POINT('',(-1.615353416502,12.61410481437,0.));
#1648 = CARTESIAN_POINT('',(-2.430032162259,12.081948288268,0.));
#1649 = CARTESIAN_POINT('',(-3.240631703209,11.543630973384,0.));
#1650 = CARTESIAN_POINT('',(-4.046998366806,10.999062182525,0.));
#1651 = CARTESIAN_POINT('',(-4.848898704614,10.448049313657,0.));
#1652 = CARTESIAN_POINT('',(-6.323477659044,9.416055525809,0.));
#1653 = CARTESIAN_POINT('',(-6.997472543585,8.93698481082,0.));
#1654 = CARTESIAN_POINT('',(-7.667741215068,8.452754036343,0.));
#1655 = CARTESIAN_POINT('',(-8.33398520238,7.963050977771,0.));
#1656 = CARTESIAN_POINT('',(-8.995724279455,7.467390745852,0.));
#1657 = CARTESIAN_POINT('',(-9.652336534194,6.965164135072,0.));
#1658 = CARTESIAN_POINT('',(-10.30259492056,6.455045838993,0.));
#1659 = PCURVE('',#132,#1660);
#1660 = DEFINITIONAL_REPRESENTATION('',(#1661),#1682);
#1661 = B_SPLINE_CURVE_WITH_KNOTS('',7,(#1662,#1663,#1664,#1665,#1666,
    #1667,#1668,#1669,#1670,#1671,#1672,#1673,#1674,#1675,#1676,#1677,
    #1678,#1679,#1680,#1681),.UNSPECIFIED.,.F.,.F.,(8,6,6,8),(0.,
    0.466177154855,0.754728325399,1.),.UNSPECIFIED.);
#1662 = CARTESIAN_POINT('',(9.543833782742,19.179054455259));
#1663 = CARTESIAN_POINT('',(8.152332959023,18.447227195559));
#1664 = CARTESIAN_POINT('',(6.772117640432,17.694017655108));
#1665 = CARTESIAN_POINT('',(5.402542921742,16.921456053534));
#1666 = CARTESIAN_POINT('',(4.043245109447,16.130962889165));
#1667 = CARTESIAN_POINT('',(2.694030565875,15.323544241888));
#1668 = CARTESIAN_POINT('',(1.354855231957,14.499833045045));
#1669 = CARTESIAN_POINT('',(-0.79669605978,13.140127516194));
#1670 = CARTESIAN_POINT('',(-1.615353416502,12.61410481437));
#1671 = CARTESIAN_POINT('',(-2.430032162259,12.081948288268));
#1672 = CARTESIAN_POINT('',(-3.24063170321,11.543630973384));
#1673 = CARTESIAN_POINT('',(-4.046998366806,10.999062182526));
#1674 = CARTESIAN_POINT('',(-4.848898704614,10.448049313657));
#1675 = CARTESIAN_POINT('',(-6.323477659044,9.416055525809));
#1676 = CARTESIAN_POINT('',(-6.997472543585,8.93698481082));
#1677 = CARTESIAN_POINT('',(-7.667741215068,8.452754036343));
#1678 = CARTESIAN_POINT('',(-8.33398520238,7.963050977771));
#1679 = CARTESIAN_POINT('',(-8.995724279455,7.467390745852));
#1680 = CARTESIAN_POINT('',(-9.652336534194,6.965164135072));
#1681 = CARTESIAN_POINT('',(-10.30259492056,6.455045838993));
#1682 = ( GEOMETRIC_REPRESENTATION_CONTEXT(2) 
PARAMETRIC_REPRESENTATION_CONTEXT() REPRESENTATION_CONTEXT('2D SPACE',''
  ) );
#1683 = PCURVE('',#1684,#1692);
#1684 = SURFACE_OF_LINEAR_EXTRUSION('',#1685,#1690);
#1685 = B_SPLINE_CURVE_WITH_KNOTS('',3,(#1686,#1687,#1688,#1689),
  .UNSPECIFIED.,.F.,.F.,(4,4),(0.,1.),.PIECEWISE_BEZIER_KNOTS.);
#1686 = CARTESIAN_POINT('',(-10.30259492056,6.455045838993,-1.));
#1687 = CARTESIAN_POINT('',(-5.65386740752,10.101905314541,-1.));
#1688 = CARTESIAN_POINT('',(1.812441610783,15.11290986488,-1.));
#1689 = CARTESIAN_POINT('',(9.543833782742,19.179054455259,-1.));
#1690 = VECTOR('',#1691,1.);
#1691 = DIRECTION('',(-0.,-0.,-1.));
#1692 = DEFINITIONAL_REPRESENTATION('',(#1693),#1714);
#1693 = B_SPLINE_CURVE_WITH_KNOTS('',7,(#1694,#1695,#1696,#1697,#1698,
    #1699,#1700,#1701,#1702,#1703,#1704,#1705,#1706,#1707,#1708,#1709,
    #1710,#1711,#1712,#1713),.UNSPECIFIED.,.F.,.F.,(8,6,6,8),(0.,
    0.466177154855,0.754728325399,1.),.UNSPECIFIED.);
#1694 = CARTESIAN_POINT('',(1.,-1.));
#1695 = CARTESIAN_POINT('',(0.940006457105,-1.));
#1696 = CARTESIAN_POINT('',(0.880211175551,-1.));
#1697 = CARTESIAN_POINT('',(0.820358821888,-1.));
#1698 = CARTESIAN_POINT('',(0.760199556119,-1.));
#1699 = CARTESIAN_POINT('',(0.699474797604,-1.));
#1700 = CARTESIAN_POINT('',(0.637879366397,-1.));
#1701 = CARTESIAN_POINT('',(0.536079356661,-1.));
#1702 = CARTESIAN_POINT('',(0.496667372128,-1.));
#1703 = CARTESIAN_POINT('',(0.456666670133,-1.));
#1704 = CARTESIAN_POINT('',(0.415960454765,-1.));
#1705 = CARTESIAN_POINT('',(0.374411691223,-1.));
#1706 = CARTESIAN_POINT('',(0.331843390783,-1.));
#1707 = CARTESIAN_POINT('',(0.25073263471,-1.));
#1708 = CARTESIAN_POINT('',(0.212545552271,-1.));
#1709 = CARTESIAN_POINT('',(0.173277517955,-1.));
#1710 = CARTESIAN_POINT('',(0.13273497069,-1.));
#1711 = CARTESIAN_POINT('',(9.063408338888E-02,-1.));
#1712 = CARTESIAN_POINT('',(4.662626382138E-02,-1.));
#1713 = CARTESIAN_POINT('',(0.,-1.));
#1714 = ( GEOMETRIC_REPRESENTATION_CONTEXT(2) 
PARAMETRIC_REPRESENTATION_CONTEXT() REPRESENTATION_CONTEXT('2D SPACE',''
  ) );
#1715 = ORIENTED_EDGE('',*,*,#1716,.F.);
#1716 = EDGE_CURVE('',#1717,#1635,#1719,.T.);
#1717 = VERTEX_POINT('',#1718);
#1718 = CARTESIAN_POINT('',(19.073909685656,23.562359545336,0.));
#1719 = SURFACE_CURVE('',#1720,(#1739,#1761),.PCURVE_S1.);
#1720 = B_SPLINE_CURVE_WITH_KNOTS('',5,(#1721,#1722,#1723,#1724,#1725,
    #1726,#1727,#1728,#1729,#1730,#1731,#1732,#1733,#1734,#1735,#1736,
    #1737,#1738),.UNSPECIFIED.,.F.,.F.,(6,4,4,4,6),(0.,0.230886377519,
    0.473273144617,0.727362899667,1.),.UNSPECIFIED.);
#1721 = CARTESIAN_POINT('',(19.073909685656,23.562359545336,0.));
#1722 = CARTESIAN_POINT('',(18.620702746065,23.391927523642,0.));
#1723 = CARTESIAN_POINT('',(18.169320619545,23.216415045277,0.));
#1724 = CARTESIAN_POINT('',(17.719684264511,23.036271720128,0.));
#1725 = CARTESIAN_POINT('',(17.271721181486,22.851866106449,0.));
#1726 = CARTESIAN_POINT('',(16.356756478816,22.46577574119,0.));
#1727 = CARTESIAN_POINT('',(15.889919863813,22.263688613484,0.));
#1728 = CARTESIAN_POINT('',(15.424759434851,22.057613242924,0.));
#1729 = CARTESIAN_POINT('',(14.961198038878,21.847850666467,0.));
#1730 = CARTESIAN_POINT('',(14.014812563017,21.411175023775,0.));
#1731 = CARTESIAN_POINT('',(13.53214031765,21.183923440412,0.));
#1732 = CARTESIAN_POINT('',(13.051055875616,20.953202596784,0.));
#1733 = CARTESIAN_POINT('',(12.571482071538,20.71926263037,0.));
#1734 = CARTESIAN_POINT('',(11.580305722298,20.22808258136,0.));
#1735 = CARTESIAN_POINT('',(11.068921431499,19.970388633521,0.));
#1736 = CARTESIAN_POINT('',(10.55910098801,19.709506395823,0.));
#1737 = CARTESIAN_POINT('',(10.050763847721,19.445662447141,0.));
#1738 = CARTESIAN_POINT('',(9.543833782742,19.179054455259,0.));
#1739 = PCURVE('',#132,#1740);
#1740 = DEFINITIONAL_REPRESENTATION('',(#1741),#1760);
#1741 = B_SPLINE_CURVE_WITH_KNOTS('',5,(#1742,#1743,#1744,#1745,#1746,
    #1747,#1748,#1749,#1750,#1751,#1752,#1753,#1754,#1755,#1756,#1757,
    #1758,#1759),.UNSPECIFIED.,.F.,.F.,(6,4,4,4,6),(0.,0.230886377519,
    0.473273144617,0.727362899667,1.),.UNSPECIFIED.);
#1742 = CARTESIAN_POINT('',(19.073909685656,23.562359545336));
#1743 = CARTESIAN_POINT('',(18.620702746064,23.391927523643));
#1744 = CARTESIAN_POINT('',(18.169320619545,23.216415045277));
#1745 = CARTESIAN_POINT('',(17.719684264511,23.036271720128));
#1746 = CARTESIAN_POINT('',(17.271721181486,22.851866106449));
#1747 = CARTESIAN_POINT('',(16.356756478816,22.46577574119));
#1748 = CARTESIAN_POINT('',(15.889919863813,22.263688613484));
#1749 = CARTESIAN_POINT('',(15.424759434851,22.057613242924));
#1750 = CARTESIAN_POINT('',(14.961198038878,21.847850666467));
#1751 = CARTESIAN_POINT('',(14.014812563017,21.411175023775));
#1752 = CARTESIAN_POINT('',(13.532140317649,21.183923440412));
#1753 = CARTESIAN_POINT('',(13.051055875616,20.953202596784));
#1754 = CARTESIAN_POINT('',(12.571482071538,20.719262630371));
#1755 = CARTESIAN_POINT('',(11.580305722298,20.22808258136));
#1756 = CARTESIAN_POINT('',(11.068921431499,19.970388633521));
#1757 = CARTESIAN_POINT('',(10.55910098801,19.709506395824));
#1758 = CARTESIAN_POINT('',(10.050763847721,19.445662447141));
#1759 = CARTESIAN_POINT('',(9.543833782742,19.179054455259));
#1760 = ( GEOMETRIC_REPRESENTATION_CONTEXT(2) 
PARAMETRIC_REPRESENTATION_CONTEXT() REPRESENTATION_CONTEXT('2D SPACE',''
  ) );
#1761 = PCURVE('',#1762,#1770);
#1762 = SURFACE_OF_LINEAR_EXTRUSION('',#1763,#1768);
#1763 = B_SPLINE_CURVE_WITH_KNOTS('',3,(#1764,#1765,#1766,#1767),
  .UNSPECIFIED.,.F.,.F.,(4,4),(0.,1.),.PIECEWISE_BEZIER_KNOTS.);
#1764 = CARTESIAN_POINT('',(9.543833782742,19.179054455259,-1.));
#1765 = CARTESIAN_POINT('',(12.923543875601,20.956533802507,-1.));
#1766 = CARTESIAN_POINT('',(16.125258260732,22.453496066605,-1.));
#1767 = CARTESIAN_POINT('',(19.073909685656,23.562359545336,-1.));
#1768 = VECTOR('',#1769,1.);
#1769 = DIRECTION('',(-0.,-0.,-1.));
#1770 = DEFINITIONAL_REPRESENTATION('',(#1771),#1790);
#1771 = B_SPLINE_CURVE_WITH_KNOTS('',5,(#1772,#1773,#1774,#1775,#1776,
    #1777,#1778,#1779,#1780,#1781,#1782,#1783,#1784,#1785,#1786,#1787,
    #1788,#1789),.UNSPECIFIED.,.F.,.F.,(6,4,4,4,6),(0.,0.230886377519,
    0.473273144617,0.727362899667,1.),.UNSPECIFIED.);
#1772 = CARTESIAN_POINT('',(1.,-1.));
#1773 = CARTESIAN_POINT('',(0.948766755342,-1.));
#1774 = CARTESIAN_POINT('',(0.898302973045,-1.));
#1775 = CARTESIAN_POINT('',(0.848551669186,-1.));
#1776 = CARTESIAN_POINT('',(0.799464972499,-1.));
#1777 = CARTESIAN_POINT('',(0.700121000001,-1.));
#1778 = CARTESIAN_POINT('',(0.649927412158,-1.));
#1779 = CARTESIAN_POINT('',(0.600369867649,-1.));
#1780 = CARTESIAN_POINT('',(0.551406545566,-1.));
#1781 = CARTESIAN_POINT('',(0.452256275609,-1.));
#1782 = CARTESIAN_POINT('',(0.40212452177,-1.));
#1783 = CARTESIAN_POINT('',(0.352561763574,-1.));
#1784 = CARTESIAN_POINT('',(0.30353124934,-1.));
#1785 = CARTESIAN_POINT('',(0.202926199964,-1.));
#1786 = CARTESIAN_POINT('',(0.151427303665,-1.));
#1787 = CARTESIAN_POINT('',(0.10046268444,-1.));
#1788 = CARTESIAN_POINT('',(4.999739139856E-02,-1.));
#1789 = CARTESIAN_POINT('',(0.,-1.));
#1790 = ( GEOMETRIC_REPRESENTATION_CONTEXT(2) 
PARAMETRIC_REPRESENTATION_CONTEXT() REPRESENTATION_CONTEXT('2D SPACE',''
  ) );
#1791 = ORIENTED_EDGE('',*,*,#1792,.F.);
#1792 = EDGE_CURVE('',#1793,#1717,#1795,.T.);
#1793 = VERTEX_POINT('',#1794);
#1794 = CARTESIAN_POINT('',(23.241179451101,24.839456255409,0.));
#1795 = SURFACE_CURVE('',#1796,(#1811,#1829),.PCURVE_S1.);
#1796 = B_SPLINE_CURVE_WITH_KNOTS('',7,(#1797,#1798,#1799,#1800,#1801,
    #1802,#1803,#1804,#1805,#1806,#1807,#1808,#1809,#1810),
  .UNSPECIFIED.,.F.,.F.,(8,6,8),(0.,0.791054022232,1.),.UNSPECIFIED.);
#1797 = CARTESIAN_POINT('',(23.241179451101,24.839456255409,0.));
#1798 = CARTESIAN_POINT('',(22.76044263527,24.742293609014,0.));
#1799 = CARTESIAN_POINT('',(22.282574399127,24.625881561223,0.));
#1800 = CARTESIAN_POINT('',(21.807457751399,24.495081953422,0.));
#1801 = CARTESIAN_POINT('',(21.335094906272,24.352777414895,0.));
#1802 = CARTESIAN_POINT('',(20.865335064037,24.201239219249,0.));
#1803 = CARTESIAN_POINT('',(20.397873488565,24.042096353757,0.));
#1804 = CARTESIAN_POINT('',(19.809199598833,23.832925533798,0.));
#1805 = CARTESIAN_POINT('',(19.686335941592,23.78878350091,0.));
#1806 = CARTESIAN_POINT('',(19.563604832176,23.744229841806,0.));
#1807 = CARTESIAN_POINT('',(19.441001449633,23.69928843305,0.));
#1808 = CARTESIAN_POINT('',(19.318520988475,23.653982022594,0.));
#1809 = CARTESIAN_POINT('',(19.196158658673,23.608332229779,0.));
#1810 = CARTESIAN_POINT('',(19.073909685656,23.562359545336,0.));
#1811 = PCURVE('',#132,#1812);
#1812 = DEFINITIONAL_REPRESENTATION('',(#1813),#1828);
#1813 = B_SPLINE_CURVE_WITH_KNOTS('',7,(#1814,#1815,#1816,#1817,#1818,
    #1819,#1820,#1821,#1822,#1823,#1824,#1825,#1826,#1827),
  .UNSPECIFIED.,.F.,.F.,(8,6,8),(0.,0.791054022232,1.),.UNSPECIFIED.);
#1814 = CARTESIAN_POINT('',(23.241179451101,24.839456255409));
#1815 = CARTESIAN_POINT('',(22.76044263527,24.742293609014));
#1816 = CARTESIAN_POINT('',(22.282574399127,24.625881561224));
#1817 = CARTESIAN_POINT('',(21.807457751399,24.495081953422));
#1818 = CARTESIAN_POINT('',(21.335094906272,24.352777414896));
#1819 = CARTESIAN_POINT('',(20.865335064037,24.201239219249));
#1820 = CARTESIAN_POINT('',(20.397873488565,24.042096353757));
#1821 = CARTESIAN_POINT('',(19.809199598833,23.832925533798));
#1822 = CARTESIAN_POINT('',(19.686335941592,23.78878350091));
#1823 = CARTESIAN_POINT('',(19.563604832175,23.744229841806));
#1824 = CARTESIAN_POINT('',(19.441001449633,23.69928843305));
#1825 = CARTESIAN_POINT('',(19.318520988475,23.653982022594));
#1826 = CARTESIAN_POINT('',(19.196158658672,23.60833222978));
#1827 = CARTESIAN_POINT('',(19.073909685656,23.562359545336));
#1828 = ( GEOMETRIC_REPRESENTATION_CONTEXT(2) 
PARAMETRIC_REPRESENTATION_CONTEXT() REPRESENTATION_CONTEXT('2D SPACE',''
  ) );
#1829 = PCURVE('',#1830,#1838);
#1830 = SURFACE_OF_LINEAR_EXTRUSION('',#1831,#1836);
#1831 = B_SPLINE_CURVE_WITH_KNOTS('',3,(#1832,#1833,#1834,#1835),
  .UNSPECIFIED.,.F.,.F.,(4,4),(0.,1.),.PIECEWISE_BEZIER_KNOTS.);
#1832 = CARTESIAN_POINT('',(19.073909685656,23.562359545336,-1.));
#1833 = CARTESIAN_POINT('',(20.51466095563,24.104165352461,-1.));
#1834 = CARTESIAN_POINT('',(21.948937040384,24.578278645802,-1.));
#1835 = CARTESIAN_POINT('',(23.241179451101,24.839456255409,-1.));
#1836 = VECTOR('',#1837,1.);
#1837 = DIRECTION('',(-0.,-0.,-1.));
#1838 = DEFINITIONAL_REPRESENTATION('',(#1839),#1854);
#1839 = B_SPLINE_CURVE_WITH_KNOTS('',7,(#1840,#1841,#1842,#1843,#1844,
    #1845,#1846,#1847,#1848,#1849,#1850,#1851,#1852,#1853),
  .UNSPECIFIED.,.F.,.F.,(8,6,8),(0.,0.791054022232,1.),.UNSPECIFIED.);
#1840 = CARTESIAN_POINT('',(1.,-1.));
#1841 = CARTESIAN_POINT('',(0.875994160269,-1.));
#1842 = CARTESIAN_POINT('',(0.756671629224,-1.));
#1843 = CARTESIAN_POINT('',(0.640815631741,-1.));
#1844 = CARTESIAN_POINT('',(0.527709317509,-1.));
#1845 = CARTESIAN_POINT('',(0.416726942352,-1.));
#1846 = CARTESIAN_POINT('',(0.307335876718,-1.));
#1847 = CARTESIAN_POINT('',(0.170384576714,-1.));
#1848 = CARTESIAN_POINT('',(0.141845693832,-1.));
#1849 = CARTESIAN_POINT('',(0.113374623176,-1.));
#1850 = CARTESIAN_POINT('',(8.496281087449E-02,-1.));
#1851 = CARTESIAN_POINT('',(5.660187736404E-02,-1.));
#1852 = CARTESIAN_POINT('',(2.828361738872E-02,-1.));
#1853 = CARTESIAN_POINT('',(0.,-1.));
#1854 = ( GEOMETRIC_REPRESENTATION_CONTEXT(2) 
PARAMETRIC_REPRESENTATION_CONTEXT() REPRESENTATION_CONTEXT('2D SPACE',''
  ) );
#1855 = ORIENTED_EDGE('',*,*,#1856,.F.);
#1856 = EDGE_CURVE('',#1857,#1793,#1859,.T.);
#1857 = VERTEX_POINT('',#1858);
#1858 = CARTESIAN_POINT('',(24.656579206159,24.996873482168,0.));
#1859 = SURFACE_CURVE('',#1860,(#1881,#1905),.PCURVE_S1.);
#1860 = B_SPLINE_CURVE_WITH_KNOTS('',7,(#1861,#1862,#1863,#1864,#1865,
    #1866,#1867,#1868,#1869,#1870,#1871,#1872,#1873,#1874,#1875,#1876,
    #1877,#1878,#1879,#1880),.UNSPECIFIED.,.F.,.F.,(8,6,6,8),(0.,
    0.424585060619,0.695017569213,1.),.UNSPECIFIED.);
#1861 = CARTESIAN_POINT('',(24.656579206159,24.996873482168,0.));
#1862 = CARTESIAN_POINT('',(24.574947135886,25.00107952993,0.));
#1863 = CARTESIAN_POINT('',(24.4912867052,25.001729501553,0.));
#1864 = CARTESIAN_POINT('',(24.406285086599,24.999592619723,0.));
#1865 = CARTESIAN_POINT('',(24.320384584663,24.995139608633,0.));
#1866 = CARTESIAN_POINT('',(24.233910205413,24.988742409747,0.));
#1867 = CARTESIAN_POINT('',(24.147071153027,24.980673082411,0.));
#1868 = CARTESIAN_POINT('',(24.004534314253,24.965074900501,0.));
#1869 = CARTESIAN_POINT('',(23.948994513834,24.958415408814,0.));
#1870 = CARTESIAN_POINT('',(23.893423002645,24.951222224238,0.));
#1871 = CARTESIAN_POINT('',(23.837862664136,24.943543675613,0.));
#1872 = CARTESIAN_POINT('',(23.78235414125,24.93542171755,0.));
#1873 = CARTESIAN_POINT('',(23.726937477691,24.926893747256,0.));
#1874 = CARTESIAN_POINT('',(23.609307102235,24.90795813522,0.));
#1875 = CARTESIAN_POINT('',(23.547132389324,24.8974499399,0.));
#1876 = CARTESIAN_POINT('',(23.485187142258,24.88651906495,0.));
#1877 = CARTESIAN_POINT('',(23.423536364958,24.875210585164,0.));
#1878 = CARTESIAN_POINT('',(23.362254512352,24.863567613851,0.));
#1879 = CARTESIAN_POINT('',(23.301431028092,24.851633818011,0.));
#1880 = CARTESIAN_POINT('',(23.241179451101,24.839456255409,0.));
#1881 = PCURVE('',#132,#1882);
#1882 = DEFINITIONAL_REPRESENTATION('',(#1883),#1904);
#1883 = B_SPLINE_CURVE_WITH_KNOTS('',7,(#1884,#1885,#1886,#1887,#1888,
    #1889,#1890,#1891,#1892,#1893,#1894,#1895,#1896,#1897,#1898,#1899,
    #1900,#1901,#1902,#1903),.UNSPECIFIED.,.F.,.F.,(8,6,6,8),(0.,
    0.424585060619,0.695017569213,1.),.UNSPECIFIED.);
#1884 = CARTESIAN_POINT('',(24.656579206158,24.996873482168));
#1885 = CARTESIAN_POINT('',(24.574947135886,25.00107952993));
#1886 = CARTESIAN_POINT('',(24.4912867052,25.001729501553));
#1887 = CARTESIAN_POINT('',(24.406285086599,24.999592619723));
#1888 = CARTESIAN_POINT('',(24.320384584663,24.995139608633));
#1889 = CARTESIAN_POINT('',(24.233910205413,24.988742409747));
#1890 = CARTESIAN_POINT('',(24.147071153027,24.980673082411));
#1891 = CARTESIAN_POINT('',(24.004534314253,24.965074900501));
#1892 = CARTESIAN_POINT('',(23.948994513834,24.958415408814));
#1893 = CARTESIAN_POINT('',(23.893423002644,24.951222224238));
#1894 = CARTESIAN_POINT('',(23.837862664136,24.943543675614));
#1895 = CARTESIAN_POINT('',(23.78235414125,24.93542171755));
#1896 = CARTESIAN_POINT('',(23.726937477691,24.926893747256));
#1897 = CARTESIAN_POINT('',(23.609307102235,24.90795813522));
#1898 = CARTESIAN_POINT('',(23.547132389323,24.8974499399));
#1899 = CARTESIAN_POINT('',(23.485187142258,24.88651906495));
#1900 = CARTESIAN_POINT('',(23.423536364958,24.875210585164));
#1901 = CARTESIAN_POINT('',(23.362254512352,24.863567613852));
#1902 = CARTESIAN_POINT('',(23.301431028092,24.851633818011));
#1903 = CARTESIAN_POINT('',(23.241179451101,24.839456255409));
#1904 = ( GEOMETRIC_REPRESENTATION_CONTEXT(2) 
PARAMETRIC_REPRESENTATION_CONTEXT() REPRESENTATION_CONTEXT('2D SPACE',''
  ) );
#1905 = PCURVE('',#1906,#1914);
#1906 = SURFACE_OF_LINEAR_EXTRUSION('',#1907,#1912);
#1907 = B_SPLINE_CURVE_WITH_KNOTS('',3,(#1908,#1909,#1910,#1911),
  .UNSPECIFIED.,.F.,.F.,(4,4),(0.,1.),.PIECEWISE_BEZIER_KNOTS.);
#1908 = CARTESIAN_POINT('',(23.241179451101,24.839456255409,-1.));
#1909 = CARTESIAN_POINT('',(23.691192584196,24.930409278943,-1.));
#1910 = CARTESIAN_POINT('',(24.250966008544,25.017772480272,-1.));
#1911 = CARTESIAN_POINT('',(24.656579206159,24.996873482168,-1.));
#1912 = VECTOR('',#1913,1.);
#1913 = DIRECTION('',(-0.,-0.,-1.));
#1914 = DEFINITIONAL_REPRESENTATION('',(#1915),#1936);
#1915 = B_SPLINE_CURVE_WITH_KNOTS('',7,(#1916,#1917,#1918,#1919,#1920,
    #1921,#1922,#1923,#1924,#1925,#1926,#1927,#1928,#1929,#1930,#1931,
    #1932,#1933,#1934,#1935),.UNSPECIFIED.,.F.,.F.,(8,6,6,8),(0.,
    0.424585060619,0.695017569213,1.),.UNSPECIFIED.);
#1916 = CARTESIAN_POINT('',(1.,-1.));
#1917 = CARTESIAN_POINT('',(0.932914682632,-1.));
#1918 = CARTESIAN_POINT('',(0.868153236459,-1.));
#1919 = CARTESIAN_POINT('',(0.805143397156,-1.));
#1920 = CARTESIAN_POINT('',(0.74352962106,-1.));
#1921 = CARTESIAN_POINT('',(0.682993917236,-1.));
#1922 = CARTESIAN_POINT('',(0.623250681063,-1.));
#1923 = CARTESIAN_POINT('',(0.526261247976,-1.));
#1924 = CARTESIAN_POINT('',(0.48873424971,-1.));
#1925 = CARTESIAN_POINT('',(0.451351015807,-1.));
#1926 = CARTESIAN_POINT('',(0.414048209825,-1.));
#1927 = CARTESIAN_POINT('',(0.376764348783,-1.));
#1928 = CARTESIAN_POINT('',(0.33943700368,-1.));
#1929 = CARTESIAN_POINT('',(0.259780118806,-1.));
#1930 = CARTESIAN_POINT('',(0.21742264151,-1.));
#1931 = CARTESIAN_POINT('',(0.174832104568,-1.));
#1932 = CARTESIAN_POINT('',(0.131909566463,-1.));
#1933 = CARTESIAN_POINT('',(8.854915587186E-02,-1.));
#1934 = CARTESIAN_POINT('',(4.462949527437E-02,-1.));
#1935 = CARTESIAN_POINT('',(0.,-1.));
#1936 = ( GEOMETRIC_REPRESENTATION_CONTEXT(2) 
PARAMETRIC_REPRESENTATION_CONTEXT() REPRESENTATION_CONTEXT('2D SPACE',''
  ) );
#1937 = ORIENTED_EDGE('',*,*,#1938,.F.);
#1938 = EDGE_CURVE('',#1158,#1857,#1939,.T.);
#1939 = SURFACE_CURVE('',#1940,(#1958,#1979),.PCURVE_S1.);
#1940 = B_SPLINE_CURVE_WITH_KNOTS('',6,(#1941,#1942,#1943,#1944,#1945,
    #1946,#1947,#1948,#1949,#1950,#1951,#1952,#1953,#1954,#1955,#1956,
    #1957),.UNSPECIFIED.,.F.,.F.,(7,5,5,7),(0.,0.48596976017,
    0.742727356727,1.),.UNSPECIFIED.);
#1941 = CARTESIAN_POINT('',(24.956549578425,24.938874953258,0.));
#1942 = CARTESIAN_POINT('',(24.949020489585,24.946404042098,0.));
#1943 = CARTESIAN_POINT('',(24.935288169134,24.953491283136,0.));
#1944 = CARTESIAN_POINT('',(24.916554895824,24.960061949129,0.));
#1945 = CARTESIAN_POINT('',(24.89408472119,24.966078439751,0.));
#1946 = CARTESIAN_POINT('',(24.868879841743,24.971525970344,0.));
#1947 = CARTESIAN_POINT('',(24.82743538831,24.978961925011,0.));
#1948 = CARTESIAN_POINT('',(24.812579024054,24.981369145763,0.));
#1949 = CARTESIAN_POINT('',(24.797319377832,24.983610468827,0.));
#1950 = CARTESIAN_POINT('',(24.781773440201,24.985682877606,0.));
#1951 = CARTESIAN_POINT('',(24.766052498467,24.987582631617,0.));
#1952 = CARTESIAN_POINT('',(24.734446551077,24.991030858903,0.));
#1953 = CARTESIAN_POINT('',(24.718562039329,24.992578537985,0.));
#1954 = CARTESIAN_POINT('',(24.702721387145,24.993943309134,0.));
#1955 = CARTESIAN_POINT('',(24.68703416896,24.995119191691,0.));
#1956 = CARTESIAN_POINT('',(24.671613440024,24.996098851493,0.));
#1957 = CARTESIAN_POINT('',(24.656579206159,24.996873482168,0.));
#1958 = PCURVE('',#132,#1959);
#1959 = DEFINITIONAL_REPRESENTATION('',(#1960),#1978);
#1960 = B_SPLINE_CURVE_WITH_KNOTS('',6,(#1961,#1962,#1963,#1964,#1965,
    #1966,#1967,#1968,#1969,#1970,#1971,#1972,#1973,#1974,#1975,#1976,
    #1977),.UNSPECIFIED.,.F.,.F.,(7,5,5,7),(0.,0.48596976017,
    0.742727356727,1.),.UNSPECIFIED.);
#1961 = CARTESIAN_POINT('',(24.956549578425,24.938874953258));
#1962 = CARTESIAN_POINT('',(24.949020489585,24.946404042099));
#1963 = CARTESIAN_POINT('',(24.935288169134,24.953491283136));
#1964 = CARTESIAN_POINT('',(24.916554895824,24.960061949129));
#1965 = CARTESIAN_POINT('',(24.89408472119,24.966078439751));
#1966 = CARTESIAN_POINT('',(24.868879841743,24.971525970344));
#1967 = CARTESIAN_POINT('',(24.827435388309,24.978961925011));
#1968 = CARTESIAN_POINT('',(24.812579024054,24.981369145764));
#1969 = CARTESIAN_POINT('',(24.797319377832,24.983610468827));
#1970 = CARTESIAN_POINT('',(24.781773440201,24.985682877606));
#1971 = CARTESIAN_POINT('',(24.766052498467,24.987582631617));
#1972 = CARTESIAN_POINT('',(24.734446551077,24.991030858903));
#1973 = CARTESIAN_POINT('',(24.718562039329,24.992578537985));
#1974 = CARTESIAN_POINT('',(24.702721387145,24.993943309134));
#1975 = CARTESIAN_POINT('',(24.68703416896,24.995119191691));
#1976 = CARTESIAN_POINT('',(24.671613440024,24.996098851493));
#1977 = CARTESIAN_POINT('',(24.656579206158,24.996873482168));
#1978 = ( GEOMETRIC_REPRESENTATION_CONTEXT(2) 
PARAMETRIC_REPRESENTATION_CONTEXT() REPRESENTATION_CONTEXT('2D SPACE',''
  ) );
#1979 = PCURVE('',#1980,#1988);
#1980 = SURFACE_OF_LINEAR_EXTRUSION('',#1981,#1986);
#1981 = B_SPLINE_CURVE_WITH_KNOTS('',3,(#1982,#1983,#1984,#1985),
  .UNSPECIFIED.,.F.,.F.,(4,4),(0.,1.),.PIECEWISE_BEZIER_KNOTS.);
#1982 = CARTESIAN_POINT('',(24.656579206159,24.996873482168,-1.));
#1983 = CARTESIAN_POINT('',(24.774798978606,24.990782273068,-1.));
#1984 = CARTESIAN_POINT('',(24.926780970238,24.968643561445,-1.));
#1985 = CARTESIAN_POINT('',(24.956549578425,24.938874953258,-1.));
#1986 = VECTOR('',#1987,1.);
#1987 = DIRECTION('',(-0.,-0.,-1.));
#1988 = DEFINITIONAL_REPRESENTATION('',(#1989),#2007);
#1989 = B_SPLINE_CURVE_WITH_KNOTS('',6,(#1990,#1991,#1992,#1993,#1994,
    #1995,#1996,#1997,#1998,#1999,#2000,#2001,#2002,#2003,#2004,#2005,
    #2006),.UNSPECIFIED.,.F.,.F.,(7,5,5,7),(0.,0.48596976017,
    0.742727356727,1.),.UNSPECIFIED.);
#1990 = CARTESIAN_POINT('',(1.,-1.));
#1991 = CARTESIAN_POINT('',(0.915693193834,-1.));
#1992 = CARTESIAN_POINT('',(0.831961771404,-1.));
#1993 = CARTESIAN_POINT('',(0.749144580087,-1.));
#1994 = CARTESIAN_POINT('',(0.667321747925,-1.));
#1995 = CARTESIAN_POINT('',(0.586381979294,-1.));
#1996 = CARTESIAN_POINT('',(0.463530929903,-1.));
#1997 = CARTESIAN_POINT('',(0.42123164333,-1.));
#1998 = CARTESIAN_POINT('',(0.379066771086,-1.));
#1999 = CARTESIAN_POINT('',(0.336999758047,-1.));
#2000 = CARTESIAN_POINT('',(0.29499166992,-1.));
#2001 = CARTESIAN_POINT('',(0.210924096266,-1.));
#2002 = CARTESIAN_POINT('',(0.168866659792,-1.));
#2003 = CARTESIAN_POINT('',(0.126785102797,-1.));
#2004 = CARTESIAN_POINT('',(8.463936999626E-02,-1.));
#2005 = CARTESIAN_POINT('',(4.239063554846E-02,-1.));
#2006 = CARTESIAN_POINT('',(0.,-1.));
#2007 = ( GEOMETRIC_REPRESENTATION_CONTEXT(2) 
PARAMETRIC_REPRESENTATION_CONTEXT() REPRESENTATION_CONTEXT('2D SPACE',''
  ) );
#2008 = ADVANCED_FACE('',(#2009,#2131,#2259,#2641,#2755),#75,.T.);
#2009 = FACE_BOUND('',#2010,.T.);
#2010 = EDGE_LOOP('',(#2011,#2012,#2013,#2036,#2061,#2084,#2109,#2130));
#2011 = ORIENTED_EDGE('',*,*,#59,.T.);
#2012 = ORIENTED_EDGE('',*,*,#228,.T.);
#2013 = ORIENTED_EDGE('',*,*,#2014,.T.);
#2014 = EDGE_CURVE('',#229,#2015,#2017,.T.);
#2015 = VERTEX_POINT('',#2016);
#2016 = CARTESIAN_POINT('',(-32.,38.,1.2));
#2017 = SURFACE_CURVE('',#2018,(#2022,#2029),.PCURVE_S1.);
#2018 = LINE('',#2019,#2020);
#2019 = CARTESIAN_POINT('',(32.,38.,1.2));
#2020 = VECTOR('',#2021,1.);
#2021 = DIRECTION('',(-1.,0.,0.));
#2022 = PCURVE('',#75,#2023);
#2023 = DEFINITIONAL_REPRESENTATION('',(#2024),#2028);
#2024 = LINE('',#2025,#2026);
#2025 = CARTESIAN_POINT('',(32.,38.));
#2026 = VECTOR('',#2027,1.);
#2027 = DIRECTION('',(-1.,0.));
#2028 = ( GEOMETRIC_REPRESENTATION_CONTEXT(2) 
PARAMETRIC_REPRESENTATION_CONTEXT() REPRESENTATION_CONTEXT('2D SPACE',''
  ) );
#2029 = PCURVE('',#269,#2030);
#2030 = DEFINITIONAL_REPRESENTATION('',(#2031),#2035);
#2031 = LINE('',#2032,#2033);
#2032 = CARTESIAN_POINT('',(0.,-1.2));
#2033 = VECTOR('',#2034,1.);
#2034 = DIRECTION('',(1.,0.));
#2035 = ( GEOMETRIC_REPRESENTATION_CONTEXT(2) 
PARAMETRIC_REPRESENTATION_CONTEXT() REPRESENTATION_CONTEXT('2D SPACE',''
  ) );
#2036 = ORIENTED_EDGE('',*,*,#2037,.T.);
#2037 = EDGE_CURVE('',#2015,#2038,#2040,.T.);
#2038 = VERTEX_POINT('',#2039);
#2039 = CARTESIAN_POINT('',(-38.,32.,1.2));
#2040 = SURFACE_CURVE('',#2041,(#2046,#2054),.PCURVE_S1.);
#2041 = B_SPLINE_CURVE_WITH_KNOTS('',3,(#2042,#2043,#2044,#2045),
  .UNSPECIFIED.,.F.,.F.,(4,4),(0.,1.),.PIECEWISE_BEZIER_KNOTS.);
#2042 = CARTESIAN_POINT('',(-32.,38.,1.2));
#2043 = CARTESIAN_POINT('',(-35.31937023657,37.993622503617,1.2));
#2044 = CARTESIAN_POINT('',(-37.99362250361,35.319370236578,1.2));
#2045 = CARTESIAN_POINT('',(-38.,32.,1.2));
#2046 = PCURVE('',#75,#2047);
#2047 = DEFINITIONAL_REPRESENTATION('',(#2048),#2053);
#2048 = B_SPLINE_CURVE_WITH_KNOTS('',3,(#2049,#2050,#2051,#2052),
  .UNSPECIFIED.,.F.,.F.,(4,4),(0.,1.),.PIECEWISE_BEZIER_KNOTS.);
#2049 = CARTESIAN_POINT('',(-32.,38.));
#2050 = CARTESIAN_POINT('',(-35.31937023657,37.993622503617));
#2051 = CARTESIAN_POINT('',(-37.99362250361,35.319370236578));
#2052 = CARTESIAN_POINT('',(-38.,32.));
#2053 = ( GEOMETRIC_REPRESENTATION_CONTEXT(2) 
PARAMETRIC_REPRESENTATION_CONTEXT() REPRESENTATION_CONTEXT('2D SPACE',''
  ) );
#2054 = PCURVE('',#350,#2055);
#2055 = DEFINITIONAL_REPRESENTATION('',(#2056),#2060);
#2056 = LINE('',#2057,#2058);
#2057 = CARTESIAN_POINT('',(0.,-1.2));
#2058 = VECTOR('',#2059,1.);
#2059 = DIRECTION('',(1.,0.));
#2060 = ( GEOMETRIC_REPRESENTATION_CONTEXT(2) 
PARAMETRIC_REPRESENTATION_CONTEXT() REPRESENTATION_CONTEXT('2D SPACE',''
  ) );
#2061 = ORIENTED_EDGE('',*,*,#2062,.T.);
#2062 = EDGE_CURVE('',#2038,#2063,#2065,.T.);
#2063 = VERTEX_POINT('',#2064);
#2064 = CARTESIAN_POINT('',(-38.,-32.,1.2));
#2065 = SURFACE_CURVE('',#2066,(#2070,#2077),.PCURVE_S1.);
#2066 = LINE('',#2067,#2068);
#2067 = CARTESIAN_POINT('',(-38.,32.,1.2));
#2068 = VECTOR('',#2069,1.);
#2069 = DIRECTION('',(0.,-1.,0.));
#2070 = PCURVE('',#75,#2071);
#2071 = DEFINITIONAL_REPRESENTATION('',(#2072),#2076);
#2072 = LINE('',#2073,#2074);
#2073 = CARTESIAN_POINT('',(-38.,32.));
#2074 = VECTOR('',#2075,1.);
#2075 = DIRECTION('',(0.,-1.));
#2076 = ( GEOMETRIC_REPRESENTATION_CONTEXT(2) 
PARAMETRIC_REPRESENTATION_CONTEXT() REPRESENTATION_CONTEXT('2D SPACE',''
  ) );
#2077 = PCURVE('',#381,#2078);
#2078 = DEFINITIONAL_REPRESENTATION('',(#2079),#2083);
#2079 = LINE('',#2080,#2081);
#2080 = CARTESIAN_POINT('',(0.,-1.2));
#2081 = VECTOR('',#2082,1.);
#2082 = DIRECTION('',(1.,0.));
#2083 = ( GEOMETRIC_REPRESENTATION_CONTEXT(2) 
PARAMETRIC_REPRESENTATION_CONTEXT() REPRESENTATION_CONTEXT('2D SPACE',''
  ) );
#2084 = ORIENTED_EDGE('',*,*,#2085,.T.);
#2085 = EDGE_CURVE('',#2063,#2086,#2088,.T.);
#2086 = VERTEX_POINT('',#2087);
#2087 = CARTESIAN_POINT('',(-32.,-38.,1.2));
#2088 = SURFACE_CURVE('',#2089,(#2094,#2102),.PCURVE_S1.);
#2089 = B_SPLINE_CURVE_WITH_KNOTS('',3,(#2090,#2091,#2092,#2093),
  .UNSPECIFIED.,.F.,.F.,(4,4),(0.,1.),.PIECEWISE_BEZIER_KNOTS.);
#2090 = CARTESIAN_POINT('',(-38.,-32.,1.2));
#2091 = CARTESIAN_POINT('',(-37.99362250359,-35.31937023661,1.2));
#2092 = CARTESIAN_POINT('',(-35.3193702366,-37.99362250359,1.2));
#2093 = CARTESIAN_POINT('',(-32.,-38.,1.2));
#2094 = PCURVE('',#75,#2095);
#2095 = DEFINITIONAL_REPRESENTATION('',(#2096),#2101);
#2096 = B_SPLINE_CURVE_WITH_KNOTS('',3,(#2097,#2098,#2099,#2100),
  .UNSPECIFIED.,.F.,.F.,(4,4),(0.,1.),.PIECEWISE_BEZIER_KNOTS.);
#2097 = CARTESIAN_POINT('',(-38.,-32.));
#2098 = CARTESIAN_POINT('',(-37.99362250359,-35.31937023661));
#2099 = CARTESIAN_POINT('',(-35.31937023661,-37.99362250359));
#2100 = CARTESIAN_POINT('',(-32.,-38.));
#2101 = ( GEOMETRIC_REPRESENTATION_CONTEXT(2) 
PARAMETRIC_REPRESENTATION_CONTEXT() REPRESENTATION_CONTEXT('2D SPACE',''
  ) );
#2102 = PCURVE('',#411,#2103);
#2103 = DEFINITIONAL_REPRESENTATION('',(#2104),#2108);
#2104 = LINE('',#2105,#2106);
#2105 = CARTESIAN_POINT('',(0.,-1.2));
#2106 = VECTOR('',#2107,1.);
#2107 = DIRECTION('',(1.,0.));
#2108 = ( GEOMETRIC_REPRESENTATION_CONTEXT(2) 
PARAMETRIC_REPRESENTATION_CONTEXT() REPRESENTATION_CONTEXT('2D SPACE',''
  ) );
#2109 = ORIENTED_EDGE('',*,*,#2110,.T.);
#2110 = EDGE_CURVE('',#2086,#150,#2111,.T.);
#2111 = SURFACE_CURVE('',#2112,(#2116,#2123),.PCURVE_S1.);
#2112 = LINE('',#2113,#2114);
#2113 = CARTESIAN_POINT('',(-32.,-38.,1.2));
#2114 = VECTOR('',#2115,1.);
#2115 = DIRECTION('',(1.,0.,0.));
#2116 = PCURVE('',#75,#2117);
#2117 = DEFINITIONAL_REPRESENTATION('',(#2118),#2122);
#2118 = LINE('',#2119,#2120);
#2119 = CARTESIAN_POINT('',(-32.,-38.));
#2120 = VECTOR('',#2121,1.);
#2121 = DIRECTION('',(1.,0.));
#2122 = ( GEOMETRIC_REPRESENTATION_CONTEXT(2) 
PARAMETRIC_REPRESENTATION_CONTEXT() REPRESENTATION_CONTEXT('2D SPACE',''
  ) );
#2123 = PCURVE('',#165,#2124);
#2124 = DEFINITIONAL_REPRESENTATION('',(#2125),#2129);
#2125 = LINE('',#2126,#2127);
#2126 = CARTESIAN_POINT('',(0.,-1.2));
#2127 = VECTOR('',#2128,1.);
#2128 = DIRECTION('',(1.,0.));
#2129 = ( GEOMETRIC_REPRESENTATION_CONTEXT(2) 
PARAMETRIC_REPRESENTATION_CONTEXT() REPRESENTATION_CONTEXT('2D SPACE',''
  ) );
#2130 = ORIENTED_EDGE('',*,*,#177,.T.);
#2131 = FACE_BOUND('',#2132,.T.);
#2132 = EDGE_LOOP('',(#2133,#2163,#2191,#2212,#2240));
#2133 = ORIENTED_EDGE('',*,*,#2134,.T.);
#2134 = EDGE_CURVE('',#2135,#2137,#2139,.T.);
#2135 = VERTEX_POINT('',#2136);
#2136 = CARTESIAN_POINT('',(-21.09571051639,-12.61251627009,1.2));
#2137 = VERTEX_POINT('',#2138);
#2138 = CARTESIAN_POINT('',(-3.729726053375,-3.747400678543,1.2));
#2139 = SURFACE_CURVE('',#2140,(#2145,#2156),.PCURVE_S1.);
#2140 = CIRCLE('',#2141,40.483465886407);
#2141 = AXIS2_PLACEMENT_3D('',#2142,#2143,#2144);
#2142 = CARTESIAN_POINT('',(5.452241216844,-43.1758483683,1.2));
#2143 = DIRECTION('',(0.,0.,-1.));
#2144 = DIRECTION('',(-0.655772700088,0.754958386813,0.));
#2145 = PCURVE('',#75,#2146);
#2146 = DEFINITIONAL_REPRESENTATION('',(#2147),#2155);
#2147 = ( BOUNDED_CURVE() B_SPLINE_CURVE(2,(#2148,#2149,#2150,#2151,
#2152,#2153,#2154),.UNSPECIFIED.,.T.,.F.) B_SPLINE_CURVE_WITH_KNOTS((1,2
    ,2,2,2,1),(-2.094395102393,0.,2.094395102393,4.188790204786,
6.28318530718,8.377580409573),.UNSPECIFIED.) CURVE() 
GEOMETRIC_REPRESENTATION_ITEM() RATIONAL_B_SPLINE_CURVE((1.,0.5,1.,0.5,
1.,0.5,1.)) REPRESENTATION_ITEM('') );
#2148 = CARTESIAN_POINT('',(-21.09571051639,-12.61251627009));
#2149 = CARTESIAN_POINT('',(31.841533526313,33.369884968757));
#2150 = CARTESIAN_POINT('',(45.194839104815,-35.46631379798));
#2151 = CARTESIAN_POINT('',(58.548144683318,-104.3025125647));
#2152 = CARTESIAN_POINT('',(-7.74240493789,-81.44871503684));
#2153 = CARTESIAN_POINT('',(-74.03295455909,-58.59491750894));
#2154 = CARTESIAN_POINT('',(-21.09571051639,-12.61251627009));
#2155 = ( GEOMETRIC_REPRESENTATION_CONTEXT(2) 
PARAMETRIC_REPRESENTATION_CONTEXT() REPRESENTATION_CONTEXT('2D SPACE',''
  ) );
#2156 = PCURVE('',#473,#2157);
#2157 = DEFINITIONAL_REPRESENTATION('',(#2158),#2162);
#2158 = LINE('',#2159,#2160);
#2159 = CARTESIAN_POINT('',(0.,-2.2));
#2160 = VECTOR('',#2161,1.);
#2161 = DIRECTION('',(1.,0.));
#2162 = ( GEOMETRIC_REPRESENTATION_CONTEXT(2) 
PARAMETRIC_REPRESENTATION_CONTEXT() REPRESENTATION_CONTEXT('2D SPACE',''
  ) );
#2163 = ORIENTED_EDGE('',*,*,#2164,.T.);
#2164 = EDGE_CURVE('',#2137,#2165,#2167,.T.);
#2165 = VERTEX_POINT('',#2166);
#2166 = CARTESIAN_POINT('',(-12.59484164492,-21.11338514156,1.2));
#2167 = SURFACE_CURVE('',#2168,(#2173,#2184),.PCURVE_S1.);
#2168 = CIRCLE('',#2169,40.483465886407);
#2169 = AXIS2_PLACEMENT_3D('',#2170,#2171,#2172);
#2170 = CARTESIAN_POINT('',(-43.15817374314,5.434566591676,1.2));
#2171 = DIRECTION('',(0.,0.,-1.));
#2172 = DIRECTION('',(0.973939528804,-0.226807835475,0.));
#2173 = PCURVE('',#75,#2174);
#2174 = DEFINITIONAL_REPRESENTATION('',(#2175),#2183);
#2175 = ( BOUNDED_CURVE() B_SPLINE_CURVE(2,(#2176,#2177,#2178,#2179,
#2180,#2181,#2182),.UNSPECIFIED.,.T.,.F.) B_SPLINE_CURVE_WITH_KNOTS((1,2
    ,2,2,2,1),(-2.094395102393,0.,2.094395102393,4.188790204786,
6.28318530718,8.377580409573),.UNSPECIFIED.) CURVE() 
GEOMETRIC_REPRESENTATION_ITEM() RATIONAL_B_SPLINE_CURVE((1.,0.5,1.,0.5,
1.,0.5,1.)) REPRESENTATION_ITEM('') );
#2176 = CARTESIAN_POINT('',(-3.729726053375,-3.747400678543));
#2177 = CARTESIAN_POINT('',(-19.63335987882,-72.03947534078));
#2178 = CARTESIAN_POINT('',(-70.82421450075,-24.12048710433));
#2179 = CARTESIAN_POINT('',(-122.0150691226,23.798501132115));
#2180 = CARTESIAN_POINT('',(-54.92058067529,44.171587557908));
#2181 = CARTESIAN_POINT('',(12.173907772079,64.544673983702));
#2182 = CARTESIAN_POINT('',(-3.729726053375,-3.747400678543));
#2183 = ( GEOMETRIC_REPRESENTATION_CONTEXT(2) 
PARAMETRIC_REPRESENTATION_CONTEXT() REPRESENTATION_CONTEXT('2D SPACE',''
  ) );
#2184 = PCURVE('',#506,#2185);
#2185 = DEFINITIONAL_REPRESENTATION('',(#2186),#2190);
#2186 = LINE('',#2187,#2188);
#2187 = CARTESIAN_POINT('',(1.047213850719E-17,-2.2));
#2188 = VECTOR('',#2189,1.);
#2189 = DIRECTION('',(1.,0.));
#2190 = ( GEOMETRIC_REPRESENTATION_CONTEXT(2) 
PARAMETRIC_REPRESENTATION_CONTEXT() REPRESENTATION_CONTEXT('2D SPACE',''
  ) );
#2191 = ORIENTED_EDGE('',*,*,#2192,.F.);
#2192 = EDGE_CURVE('',#2193,#2165,#2195,.T.);
#2193 = VERTEX_POINT('',#2194);
#2194 = CARTESIAN_POINT('',(-13.01910571363,-20.68912107284,1.2));
#2195 = SURFACE_CURVE('',#2196,(#2200,#2206),.PCURVE_S1.);
#2196 = LINE('',#2197,#2198);
#2197 = CARTESIAN_POINT('',(-14.72447751908,-18.9837492674,1.2));
#2198 = VECTOR('',#2199,1.);
#2199 = DIRECTION('',(0.707106781187,-0.707106781187,0.));
#2200 = PCURVE('',#75,#2201);
#2201 = DEFINITIONAL_REPRESENTATION('',(#2202),#2205);
#2202 = B_SPLINE_CURVE_WITH_KNOTS('',1,(#2203,#2204),.UNSPECIFIED.,.F.,
  .F.,(2,2),(2.411759936151,3.011759936151),.PIECEWISE_BEZIER_KNOTS.);
#2203 = CARTESIAN_POINT('',(-13.01910571363,-20.68912107284));
#2204 = CARTESIAN_POINT('',(-12.59484164492,-21.11338514156));
#2205 = ( GEOMETRIC_REPRESENTATION_CONTEXT(2) 
PARAMETRIC_REPRESENTATION_CONTEXT() REPRESENTATION_CONTEXT('2D SPACE',''
  ) );
#2206 = PCURVE('',#533,#2207);
#2207 = DEFINITIONAL_REPRESENTATION('',(#2208),#2211);
#2208 = B_SPLINE_CURVE_WITH_KNOTS('',1,(#2209,#2210),.UNSPECIFIED.,.F.,
  .F.,(2,2),(2.411759936151,3.011759936151),.PIECEWISE_BEZIER_KNOTS.);
#2209 = CARTESIAN_POINT('',(0.6,-2.2));
#2210 = CARTESIAN_POINT('',(0.,-2.2));
#2211 = ( GEOMETRIC_REPRESENTATION_CONTEXT(2) 
PARAMETRIC_REPRESENTATION_CONTEXT() REPRESENTATION_CONTEXT('2D SPACE',''
  ) );
#2212 = ORIENTED_EDGE('',*,*,#2213,.F.);
#2213 = EDGE_CURVE('',#2214,#2193,#2216,.T.);
#2214 = VERTEX_POINT('',#2215);
#2215 = CARTESIAN_POINT('',(-20.67144644768,-13.0367803388,1.2));
#2216 = SURFACE_CURVE('',#2217,(#2222,#2233),.PCURVE_S1.);
#2217 = CIRCLE('',#2218,6.110711831911);
#2218 = AXIS2_PLACEMENT_3D('',#2219,#2220,#2221);
#2219 = CARTESIAN_POINT('',(-18.85296626314,-18.87064088831,1.2));
#2220 = DIRECTION('',(0.,-0.,-1.));
#2221 = DIRECTION('',(0.954694102747,-0.297588928189,0.));
#2222 = PCURVE('',#75,#2223);
#2223 = DEFINITIONAL_REPRESENTATION('',(#2224),#2232);
#2224 = ( BOUNDED_CURVE() B_SPLINE_CURVE(2,(#2225,#2226,#2227,#2228,
#2229,#2230,#2231),.UNSPECIFIED.,.T.,.F.) B_SPLINE_CURVE_WITH_KNOTS((1,2
    ,2,2,2,1),(-2.094395102393,0.,2.094395102393,4.188790204786,
6.28318530718,8.377580409573),.UNSPECIFIED.) CURVE() 
GEOMETRIC_REPRESENTATION_ITEM() RATIONAL_B_SPLINE_CURVE((1.,0.5,1.,0.5,
1.,0.5,1.)) REPRESENTATION_ITEM('') );
#2225 = CARTESIAN_POINT('',(-13.01910571363,-20.68912107284));
#2226 = CARTESIAN_POINT('',(-16.1688057858,-30.79366394886));
#2227 = CARTESIAN_POINT('',(-23.34474657398,-23.01367223405));
#2228 = CARTESIAN_POINT('',(-30.52068736216,-15.23368051925));
#2229 = CARTESIAN_POINT('',(-20.19504650181,-12.90912935803));
#2230 = CARTESIAN_POINT('',(-9.869405641471,-10.58457819682));
#2231 = CARTESIAN_POINT('',(-13.01910571363,-20.68912107284));
#2232 = ( GEOMETRIC_REPRESENTATION_CONTEXT(2) 
PARAMETRIC_REPRESENTATION_CONTEXT() REPRESENTATION_CONTEXT('2D SPACE',''
  ) );
#2233 = PCURVE('',#565,#2234);
#2234 = DEFINITIONAL_REPRESENTATION('',(#2235),#2239);
#2235 = LINE('',#2236,#2237);
#2236 = CARTESIAN_POINT('',(-6.28318530718,-2.2));
#2237 = VECTOR('',#2238,1.);
#2238 = DIRECTION('',(1.,-0.));
#2239 = ( GEOMETRIC_REPRESENTATION_CONTEXT(2) 
PARAMETRIC_REPRESENTATION_CONTEXT() REPRESENTATION_CONTEXT('2D SPACE',''
  ) );
#2240 = ORIENTED_EDGE('',*,*,#2241,.F.);
#2241 = EDGE_CURVE('',#2135,#2214,#2242,.T.);
#2242 = SURFACE_CURVE('',#2243,(#2247,#2253),.PCURVE_S1.);
#2243 = LINE('',#2244,#2245);
#2244 = CARTESIAN_POINT('',(-18.76277992046,-14.94544686602,1.2));
#2245 = VECTOR('',#2246,1.);
#2246 = DIRECTION('',(0.707106781187,-0.707106781187,0.));
#2247 = PCURVE('',#75,#2248);
#2248 = DEFINITIONAL_REPRESENTATION('',(#2249),#2252);
#2249 = B_SPLINE_CURVE_WITH_KNOTS('',1,(#2250,#2251),.UNSPECIFIED.,.F.,
  .F.,(2,2),(-3.29926208884,-2.69926208884),.PIECEWISE_BEZIER_KNOTS.);
#2250 = CARTESIAN_POINT('',(-21.09571051639,-12.61251627009));
#2251 = CARTESIAN_POINT('',(-20.67144644768,-13.0367803388));
#2252 = ( GEOMETRIC_REPRESENTATION_CONTEXT(2) 
PARAMETRIC_REPRESENTATION_CONTEXT() REPRESENTATION_CONTEXT('2D SPACE',''
  ) );
#2253 = PCURVE('',#590,#2254);
#2254 = DEFINITIONAL_REPRESENTATION('',(#2255),#2258);
#2255 = B_SPLINE_CURVE_WITH_KNOTS('',1,(#2256,#2257),.UNSPECIFIED.,.F.,
  .F.,(2,2),(-3.29926208884,-2.69926208884),.PIECEWISE_BEZIER_KNOTS.);
#2256 = CARTESIAN_POINT('',(0.6,-2.2));
#2257 = CARTESIAN_POINT('',(0.,-2.2));
#2258 = ( GEOMETRIC_REPRESENTATION_CONTEXT(2) 
PARAMETRIC_REPRESENTATION_CONTEXT() REPRESENTATION_CONTEXT('2D SPACE',''
  ) );
#2259 = FACE_BOUND('',#2260,.T.);
#2260 = EDGE_LOOP('',(#2261,#2284,#2430,#2594,#2615));
#2261 = ORIENTED_EDGE('',*,*,#2262,.F.);
#2262 = EDGE_CURVE('',#2263,#2265,#2267,.T.);
#2263 = VERTEX_POINT('',#2264);
#2264 = CARTESIAN_POINT('',(0.93093502225,-19.88359803513,1.2));
#2265 = VERTEX_POINT('',#2266);
#2266 = CARTESIAN_POINT('',(1.355199090961,-20.30786210384,1.2));
#2267 = SURFACE_CURVE('',#2268,(#2272,#2278),.PCURVE_S1.);
#2268 = LINE('',#2269,#2270);
#2269 = CARTESIAN_POINT('',(-4.060566207739,-14.89209680514,1.2));
#2270 = VECTOR('',#2271,1.);
#2271 = DIRECTION('',(0.707106781187,-0.707106781187,0.));
#2272 = PCURVE('',#75,#2273);
#2273 = DEFINITIONAL_REPRESENTATION('',(#2274),#2277);
#2274 = B_SPLINE_CURVE_WITH_KNOTS('',1,(#2275,#2276),.UNSPECIFIED.,.F.,
  .F.,(2,2),(7.059048736052,7.659048736052),.PIECEWISE_BEZIER_KNOTS.);
#2275 = CARTESIAN_POINT('',(0.930935022249,-19.88359803513));
#2276 = CARTESIAN_POINT('',(1.355199090961,-20.30786210384));
#2277 = ( GEOMETRIC_REPRESENTATION_CONTEXT(2) 
PARAMETRIC_REPRESENTATION_CONTEXT() REPRESENTATION_CONTEXT('2D SPACE',''
  ) );
#2278 = PCURVE('',#620,#2279);
#2279 = DEFINITIONAL_REPRESENTATION('',(#2280),#2283);
#2280 = B_SPLINE_CURVE_WITH_KNOTS('',1,(#2281,#2282),.UNSPECIFIED.,.F.,
  .F.,(2,2),(7.059048736052,7.659048736052),.PIECEWISE_BEZIER_KNOTS.);
#2281 = CARTESIAN_POINT('',(0.6,-2.2));
#2282 = CARTESIAN_POINT('',(0.,-2.2));
#2283 = ( GEOMETRIC_REPRESENTATION_CONTEXT(2) 
PARAMETRIC_REPRESENTATION_CONTEXT() REPRESENTATION_CONTEXT('2D SPACE',''
  ) );
#2284 = ORIENTED_EDGE('',*,*,#2285,.T.);
#2285 = EDGE_CURVE('',#2263,#2286,#2288,.T.);
#2286 = VERTEX_POINT('',#2287);
#2287 = CARTESIAN_POINT('',(11.090783581539,-14.8401514287,1.2));
#2288 = SURFACE_CURVE('',#2289,(#2334,#2382),.PCURVE_S1.);
#2289 = B_SPLINE_CURVE_WITH_KNOTS('',8,(#2290,#2291,#2292,#2293,#2294,
    #2295,#2296,#2297,#2298,#2299,#2300,#2301,#2302,#2303,#2304,#2305,
    #2306,#2307,#2308,#2309,#2310,#2311,#2312,#2313,#2314,#2315,#2316,
    #2317,#2318,#2319,#2320,#2321,#2322,#2323,#2324,#2325,#2326,#2327,
    #2328,#2329,#2330,#2331,#2332,#2333),.UNSPECIFIED.,.F.,.F.,(9,7,7,7,
    7,7,9),(0.,0.353810423479,0.650794061183,0.754859770542,
    0.841670727138,0.935742212819,1.),.UNSPECIFIED.);
#2290 = CARTESIAN_POINT('',(0.93093502225,-19.88359803513,1.2));
#2291 = CARTESIAN_POINT('',(1.322019016454,-19.52761230829,1.2));
#2292 = CARTESIAN_POINT('',(1.718031694974,-19.17712300999,1.2));
#2293 = CARTESIAN_POINT('',(2.119029496507,-18.83232747799,1.2));
#2294 = CARTESIAN_POINT('',(2.525094552787,-18.49350889525,1.2));
#2295 = CARTESIAN_POINT('',(2.93634637023,-18.16105291698,1.2));
#2296 = CARTESIAN_POINT('',(3.35294941574,-17.83545785392,1.2));
#2297 = CARTESIAN_POINT('',(3.775142847679,-17.51737353711,1.2));
#2298 = CARTESIAN_POINT('',(4.562723539875,-16.94777159957,1.2));
#2299 = CARTESIAN_POINT('',(4.926204350069,-16.69386926108,1.2));
#2300 = CARTESIAN_POINT('',(5.294101969182,-16.44643787077,1.2));
#2301 = CARTESIAN_POINT('',(5.666734354507,-16.20615062316,1.2));
#2302 = CARTESIAN_POINT('',(6.044395152018,-15.97390555447,1.2));
#2303 = CARTESIAN_POINT('',(6.427445350982,-15.75099990878,1.2));
#2304 = CARTESIAN_POINT('',(6.816298582232,-15.53909799301,1.2));
#2305 = CARTESIAN_POINT('',(7.350482396004,-15.27163527741,1.2));
#2306 = CARTESIAN_POINT('',(7.489898345545,-15.20394334399,1.2));
#2307 = CARTESIAN_POINT('',(7.630156415397,-15.13808282974,1.2));
#2308 = CARTESIAN_POINT('',(7.771290465711,-15.07420043801,1.2));
#2309 = CARTESIAN_POINT('',(7.913330638359,-15.01246947014,1.2));
#2310 = CARTESIAN_POINT('',(8.056305810748,-14.95309598498,1.2));
#2311 = CARTESIAN_POINT('',(8.200247997353,-14.89633004651,1.2));
#2312 = CARTESIAN_POINT('',(8.466115657525,-14.79756240921,1.2));
#2313 = CARTESIAN_POINT('',(8.587709827525,-14.75468290569,1.2));
#2314 = CARTESIAN_POINT('',(8.710021410572,-14.71401513504,1.2));
#2315 = CARTESIAN_POINT('',(8.833071878084,-14.67577503553,1.2));
#2316 = CARTESIAN_POINT('',(8.956864120569,-14.64022239363,1.2));
#2317 = CARTESIAN_POINT('',(9.081385006746,-14.60767113778,1.2));
#2318 = CARTESIAN_POINT('',(9.20661035249,-14.57851042972,1.2));
#2319 = CARTESIAN_POINT('',(9.468944193495,-14.52584886886,1.2));
#2320 = CARTESIAN_POINT('',(9.605891367472,-14.50308145495,1.2));
#2321 = CARTESIAN_POINT('',(9.743590444864,-14.48548262065,1.2));
#2322 = CARTESIAN_POINT('',(9.88199523722,-14.47384632557,1.2));
#2323 = CARTESIAN_POINT('',(10.02077055646,-14.46924139353,1.2));
#2324 = CARTESIAN_POINT('',(10.159292755166,-14.47299876949,1.2));
#2325 = CARTESIAN_POINT('',(10.296648165086,-14.48674984884,1.2));
#2326 = CARTESIAN_POINT('',(10.523816769305,-14.53027255816,1.2));
#2327 = CARTESIAN_POINT('',(10.614937126964,-14.55359286758,1.2));
#2328 = CARTESIAN_POINT('',(10.70430190659,-14.58319715551,1.2));
#2329 = CARTESIAN_POINT('',(10.791036857843,-14.61969613971,1.2));
#2330 = CARTESIAN_POINT('',(10.874120335282,-14.66359845573,1.2));
#2331 = CARTESIAN_POINT('',(10.95245179217,-14.7151886191,1.2));
#2332 = CARTESIAN_POINT('',(11.024961783867,-14.77432963103,1.2));
#2333 = CARTESIAN_POINT('',(11.090783581539,-14.8401514287,1.2));
#2334 = PCURVE('',#75,#2335);
#2335 = DEFINITIONAL_REPRESENTATION('',(#2336),#2381);
#2336 = B_SPLINE_CURVE_WITH_KNOTS('',8,(#2337,#2338,#2339,#2340,#2341,
    #2342,#2343,#2344,#2345,#2346,#2347,#2348,#2349,#2350,#2351,#2352,
    #2353,#2354,#2355,#2356,#2357,#2358,#2359,#2360,#2361,#2362,#2363,
    #2364,#2365,#2366,#2367,#2368,#2369,#2370,#2371,#2372,#2373,#2374,
    #2375,#2376,#2377,#2378,#2379,#2380),.UNSPECIFIED.,.F.,.F.,(9,7,7,7,
    7,7,9),(0.,0.353810423479,0.650794061183,0.754859770542,
    0.841670727138,0.935742212819,1.),.UNSPECIFIED.);
#2337 = CARTESIAN_POINT('',(0.930935022249,-19.88359803513));
#2338 = CARTESIAN_POINT('',(1.322019016454,-19.52761230829));
#2339 = CARTESIAN_POINT('',(1.718031694974,-19.17712300999));
#2340 = CARTESIAN_POINT('',(2.119029496507,-18.83232747799));
#2341 = CARTESIAN_POINT('',(2.525094552787,-18.49350889525));
#2342 = CARTESIAN_POINT('',(2.93634637023,-18.16105291698));
#2343 = CARTESIAN_POINT('',(3.35294941574,-17.83545785392));
#2344 = CARTESIAN_POINT('',(3.775142847679,-17.51737353711));
#2345 = CARTESIAN_POINT('',(4.562723539874,-16.94777159957));
#2346 = CARTESIAN_POINT('',(4.926204350069,-16.69386926108));
#2347 = CARTESIAN_POINT('',(5.294101969182,-16.44643787077));
#2348 = CARTESIAN_POINT('',(5.666734354507,-16.20615062316));
#2349 = CARTESIAN_POINT('',(6.044395152018,-15.97390555447));
#2350 = CARTESIAN_POINT('',(6.427445350982,-15.75099990878));
#2351 = CARTESIAN_POINT('',(6.816298582232,-15.53909799301));
#2352 = CARTESIAN_POINT('',(7.350482396004,-15.27163527741));
#2353 = CARTESIAN_POINT('',(7.489898345544,-15.20394334399));
#2354 = CARTESIAN_POINT('',(7.630156415397,-15.13808282974));
#2355 = CARTESIAN_POINT('',(7.771290465711,-15.07420043801));
#2356 = CARTESIAN_POINT('',(7.913330638359,-15.01246947014));
#2357 = CARTESIAN_POINT('',(8.056305810747,-14.95309598498));
#2358 = CARTESIAN_POINT('',(8.200247997353,-14.89633004651));
#2359 = CARTESIAN_POINT('',(8.466115657525,-14.79756240921));
#2360 = CARTESIAN_POINT('',(8.587709827525,-14.75468290569));
#2361 = CARTESIAN_POINT('',(8.710021410572,-14.71401513504));
#2362 = CARTESIAN_POINT('',(8.833071878084,-14.67577503553));
#2363 = CARTESIAN_POINT('',(8.956864120569,-14.64022239363));
#2364 = CARTESIAN_POINT('',(9.081385006746,-14.60767113778));
#2365 = CARTESIAN_POINT('',(9.20661035249,-14.57851042972));
#2366 = CARTESIAN_POINT('',(9.468944193495,-14.52584886886));
#2367 = CARTESIAN_POINT('',(9.605891367472,-14.50308145495));
#2368 = CARTESIAN_POINT('',(9.743590444864,-14.48548262065));
#2369 = CARTESIAN_POINT('',(9.88199523722,-14.47384632557));
#2370 = CARTESIAN_POINT('',(10.02077055646,-14.46924139353));
#2371 = CARTESIAN_POINT('',(10.159292755166,-14.47299876949));
#2372 = CARTESIAN_POINT('',(10.296648165086,-14.48674984884));
#2373 = CARTESIAN_POINT('',(10.523816769305,-14.53027255816));
#2374 = CARTESIAN_POINT('',(10.614937126964,-14.55359286758));
#2375 = CARTESIAN_POINT('',(10.70430190659,-14.58319715551));
#2376 = CARTESIAN_POINT('',(10.791036857843,-14.61969613971));
#2377 = CARTESIAN_POINT('',(10.874120335282,-14.66359845573));
#2378 = CARTESIAN_POINT('',(10.95245179217,-14.7151886191));
#2379 = CARTESIAN_POINT('',(11.024961783867,-14.77432963103));
#2380 = CARTESIAN_POINT('',(11.090783581538,-14.8401514287));
#2381 = ( GEOMETRIC_REPRESENTATION_CONTEXT(2) 
PARAMETRIC_REPRESENTATION_CONTEXT() REPRESENTATION_CONTEXT('2D SPACE',''
  ) );
#2382 = PCURVE('',#729,#2383);
#2383 = DEFINITIONAL_REPRESENTATION('',(#2384),#2429);
#2384 = B_SPLINE_CURVE_WITH_KNOTS('',8,(#2385,#2386,#2387,#2388,#2389,
    #2390,#2391,#2392,#2393,#2394,#2395,#2396,#2397,#2398,#2399,#2400,
    #2401,#2402,#2403,#2404,#2405,#2406,#2407,#2408,#2409,#2410,#2411,
    #2412,#2413,#2414,#2415,#2416,#2417,#2418,#2419,#2420,#2421,#2422,
    #2423,#2424,#2425,#2426,#2427,#2428),.UNSPECIFIED.,.F.,.F.,(9,7,7,7,
    7,7,9),(0.,0.353810423479,0.650794061183,0.754859770542,
    0.841670727138,0.935742212819,1.),.UNSPECIFIED.);
#2385 = CARTESIAN_POINT('',(4.549413054489,-2.2));
#2386 = CARTESIAN_POINT('',(4.507694578558,-2.2));
#2387 = CARTESIAN_POINT('',(4.465680780075,-2.2));
#2388 = CARTESIAN_POINT('',(4.423260522707,-2.2));
#2389 = CARTESIAN_POINT('',(4.380316633325,-2.2));
#2390 = CARTESIAN_POINT('',(4.336717482624,-2.2));
#2391 = CARTESIAN_POINT('',(4.292311727329,-2.2));
#2392 = CARTESIAN_POINT('',(4.246914532824,-2.2));
#2393 = CARTESIAN_POINT('',(4.161123828858,-2.2));
#2394 = CARTESIAN_POINT('',(4.121112799163,-2.2));
#2395 = CARTESIAN_POINT('',(4.080080433071,-2.2));
#2396 = CARTESIAN_POINT('',(4.037840167503,-2.2));
#2397 = CARTESIAN_POINT('',(3.994177992584,-2.2));
#2398 = CARTESIAN_POINT('',(3.948800754125,-2.2));
#2399 = CARTESIAN_POINT('',(3.901343700221,-2.2));
#2400 = CARTESIAN_POINT('',(3.833540257426,-2.2));
#2401 = CARTESIAN_POINT('',(3.815611022832,-2.2));
#2402 = CARTESIAN_POINT('',(3.797317861515,-2.2));
#2403 = CARTESIAN_POINT('',(3.778628704165,-2.2));
#2404 = CARTESIAN_POINT('',(3.759507601948,-2.2));
#2405 = CARTESIAN_POINT('',(3.739913009488,-2.2));
#2406 = CARTESIAN_POINT('',(3.719794731398,-2.2));
#2407 = CARTESIAN_POINT('',(3.681817386244,-2.2));
#2408 = CARTESIAN_POINT('',(3.664140239012,-2.2));
#2409 = CARTESIAN_POINT('',(3.646019490451,-2.2));
#2410 = CARTESIAN_POINT('',(3.627412433606,-2.2));
#2411 = CARTESIAN_POINT('',(3.608272134813,-2.2));
#2412 = CARTESIAN_POINT('',(3.588544756557,-2.2));
#2413 = CARTESIAN_POINT('',(3.568164323125,-2.2));
#2414 = CARTESIAN_POINT('',(3.524159191402,-2.2));
#2415 = CARTESIAN_POINT('',(3.500452553527,-2.2));
#2416 = CARTESIAN_POINT('',(3.475774293797,-2.2));
#2417 = CARTESIAN_POINT('',(3.449986683112,-2.2));
#2418 = CARTESIAN_POINT('',(3.42295721532,-2.2));
#2419 = CARTESIAN_POINT('',(3.394557491238,-2.2));
#2420 = CARTESIAN_POINT('',(3.364651523329,-2.2));
#2421 = CARTESIAN_POINT('',(3.311474303034,-2.2));
#2422 = CARTESIAN_POINT('',(3.289095651903,-2.2));
#2423 = CARTESIAN_POINT('',(3.265928612298,-2.2));
#2424 = CARTESIAN_POINT('',(3.242018527003,-2.2));
#2425 = CARTESIAN_POINT('',(3.217453238499,-2.2));
#2426 = CARTESIAN_POINT('',(3.192371622946,-2.2));
#2427 = CARTESIAN_POINT('',(3.166981424851,-2.2));
#2428 = CARTESIAN_POINT('',(3.14159265359,-2.2));
#2429 = ( GEOMETRIC_REPRESENTATION_CONTEXT(2) 
PARAMETRIC_REPRESENTATION_CONTEXT() REPRESENTATION_CONTEXT('2D SPACE',''
  ) );
#2430 = ORIENTED_EDGE('',*,*,#2431,.T.);
#2431 = EDGE_CURVE('',#2286,#2432,#2434,.T.);
#2432 = VERTEX_POINT('',#2433);
#2433 = CARTESIAN_POINT('',(6.047336975113,-24.99999998799,1.2));
#2434 = SURFACE_CURVE('',#2435,(#2486,#2540),.PCURVE_S1.);
#2435 = B_SPLINE_CURVE_WITH_KNOTS('',7,(#2436,#2437,#2438,#2439,#2440,
    #2441,#2442,#2443,#2444,#2445,#2446,#2447,#2448,#2449,#2450,#2451,
    #2452,#2453,#2454,#2455,#2456,#2457,#2458,#2459,#2460,#2461,#2462,
    #2463,#2464,#2465,#2466,#2467,#2468,#2469,#2470,#2471,#2472,#2473,
    #2474,#2475,#2476,#2477,#2478,#2479,#2480,#2481,#2482,#2483,#2484,
    #2485),.UNSPECIFIED.,.F.,.F.,(8,6,6,6,6,6,6,6,8),(0.,
    4.608485926197E-02,8.052326376329E-02,0.142066053358,0.220947485818,
    0.346081588568,0.496966528451,0.734819653688,1.),.UNSPECIFIED.);
#2436 = CARTESIAN_POINT('',(11.090783581539,-14.8401514287,1.2));
#2437 = CARTESIAN_POINT('',(11.144667793278,-14.89403564044,1.2));
#2438 = CARTESIAN_POINT('',(11.194001048692,-14.9525150633,1.2));
#2439 = CARTESIAN_POINT('',(11.238271395958,-15.01509141886,1.2));
#2440 = CARTESIAN_POINT('',(11.277331205229,-15.08114446626,1.2));
#2441 = CARTESIAN_POINT('',(11.311269893401,-15.15001392849,1.2));
#2442 = CARTESIAN_POINT('',(11.340319327278,-15.22106032387,1.2));
#2443 = CARTESIAN_POINT('',(11.383079832011,-15.34799056954,1.2));
#2444 = CARTESIAN_POINT('',(11.39882197394,-15.40319994883,1.2));
#2445 = CARTESIAN_POINT('',(11.412159360391,-15.45913580696,1.2));
#2446 = CARTESIAN_POINT('',(11.423244230768,-15.51562790821,1.2));
#2447 = CARTESIAN_POINT('',(11.432231679446,-15.5725350084,1.2));
#2448 = CARTESIAN_POINT('',(11.4392713008,-15.62974704815,1.2));
#2449 = CARTESIAN_POINT('',(11.453840643015,-15.78983542819,1.2));
#2450 = CARTESIAN_POINT('',(11.45739133026,-15.89315201261,1.2));
#2451 = CARTESIAN_POINT('',(11.455946867033,-15.99673684039,1.2));
#2452 = CARTESIAN_POINT('',(11.450153306465,-16.10029047912,1.2));
#2453 = CARTESIAN_POINT('',(11.440544107266,-16.20361302043,1.2));
#2454 = CARTESIAN_POINT('',(11.427557562865,-16.30660358272,1.2));
#2455 = CARTESIAN_POINT('',(11.390996835651,-16.54083954407,1.2));
#2456 = CARTESIAN_POINT('',(11.365485972839,-16.67177669684,1.2));
#2457 = CARTESIAN_POINT('',(11.335744455469,-16.80198588851,1.2));
#2458 = CARTESIAN_POINT('',(11.302323375575,-16.93140096117,1.2));
#2459 = CARTESIAN_POINT('',(11.265655308563,-17.05998960395,1.2));
#2460 = CARTESIAN_POINT('',(11.226090508736,-17.1877604957,1.2));
#2461 = CARTESIAN_POINT('',(11.116960971472,-17.51623629893,1.2));
#2462 = CARTESIAN_POINT('',(11.043441475657,-17.71568128126,1.2));
#2463 = CARTESIAN_POINT('',(10.96444911709,-17.91322140241,1.2));
#2464 = CARTESIAN_POINT('',(10.880735941186,-18.1089197676,1.2));
#2465 = CARTESIAN_POINT('',(10.792892355539,-18.30285259487,1.2));
#2466 = CARTESIAN_POINT('',(10.701362005219,-18.49511543803,1.2));
#2467 = CARTESIAN_POINT('',(10.492075345794,-18.91580586937,1.2));
#2468 = CARTESIAN_POINT('',(10.372827697107,-19.14347484228,1.2));
#2469 = CARTESIAN_POINT('',(10.249359165776,-19.36900876937,1.2));
#2470 = CARTESIAN_POINT('',(10.12212950358,-19.59252297423,1.2));
#2471 = CARTESIAN_POINT('',(9.991498634921,-19.81411456608,1.2));
#2472 = CARTESIAN_POINT('',(9.857758742197,-20.03387912529,1.2));
#2473 = CARTESIAN_POINT('',(9.505768567813,-20.59561765834,1.2));
#2474 = CARTESIAN_POINT('',(9.283267635128,-20.93497789413,1.2));
#2475 = CARTESIAN_POINT('',(9.054549964695,-21.27033867095,1.2));
#2476 = CARTESIAN_POINT('',(8.820266711559,-21.60192372952,1.2));
#2477 = CARTESIAN_POINT('',(8.580912404432,-21.92990502227,1.2));
#2478 = CARTESIAN_POINT('',(8.336878915113,-22.25443803497,1.2));
#2479 = CARTESIAN_POINT('',(7.811490554697,-22.93379287486,1.2));
#2480 = CARTESIAN_POINT('',(7.529090068834,-23.28778504566,1.2));
#2481 = CARTESIAN_POINT('',(7.241677593218,-23.63781207526,1.2));
#2482 = CARTESIAN_POINT('',(6.9495738281,-23.98398501697,1.2));
#2483 = CARTESIAN_POINT('',(6.653028153711,-24.3263778075,1.2));
#2484 = CARTESIAN_POINT('',(6.352235265863,-24.66504037477,1.2));
#2485 = CARTESIAN_POINT('',(6.047336975113,-24.99999998799,1.2));
#2486 = PCURVE('',#75,#2487);
#2487 = DEFINITIONAL_REPRESENTATION('',(#2488),#2539);
#2488 = B_SPLINE_CURVE_WITH_KNOTS('',7,(#2489,#2490,#2491,#2492,#2493,
    #2494,#2495,#2496,#2497,#2498,#2499,#2500,#2501,#2502,#2503,#2504,
    #2505,#2506,#2507,#2508,#2509,#2510,#2511,#2512,#2513,#2514,#2515,
    #2516,#2517,#2518,#2519,#2520,#2521,#2522,#2523,#2524,#2525,#2526,
    #2527,#2528,#2529,#2530,#2531,#2532,#2533,#2534,#2535,#2536,#2537,
    #2538),.UNSPECIFIED.,.F.,.F.,(8,6,6,6,6,6,6,6,8),(0.,
    4.608485926197E-02,8.052326376329E-02,0.142066053358,0.220947485818,
    0.346081588568,0.496966528451,0.734819653688,1.),.UNSPECIFIED.);
#2489 = CARTESIAN_POINT('',(11.090783581538,-14.8401514287));
#2490 = CARTESIAN_POINT('',(11.144667793278,-14.89403564044));
#2491 = CARTESIAN_POINT('',(11.194001048692,-14.9525150633));
#2492 = CARTESIAN_POINT('',(11.238271395958,-15.01509141886));
#2493 = CARTESIAN_POINT('',(11.277331205229,-15.08114446626));
#2494 = CARTESIAN_POINT('',(11.3112698934,-15.15001392849));
#2495 = CARTESIAN_POINT('',(11.340319327278,-15.22106032387));
#2496 = CARTESIAN_POINT('',(11.383079832011,-15.34799056954));
#2497 = CARTESIAN_POINT('',(11.39882197394,-15.40319994883));
#2498 = CARTESIAN_POINT('',(11.412159360391,-15.45913580696));
#2499 = CARTESIAN_POINT('',(11.423244230768,-15.51562790821));
#2500 = CARTESIAN_POINT('',(11.432231679446,-15.5725350084));
#2501 = CARTESIAN_POINT('',(11.4392713008,-15.62974704815));
#2502 = CARTESIAN_POINT('',(11.453840643015,-15.78983542819));
#2503 = CARTESIAN_POINT('',(11.45739133026,-15.89315201261));
#2504 = CARTESIAN_POINT('',(11.455946867033,-15.99673684039));
#2505 = CARTESIAN_POINT('',(11.450153306465,-16.10029047912));
#2506 = CARTESIAN_POINT('',(11.440544107266,-16.20361302043));
#2507 = CARTESIAN_POINT('',(11.427557562865,-16.30660358272));
#2508 = CARTESIAN_POINT('',(11.390996835651,-16.54083954407));
#2509 = CARTESIAN_POINT('',(11.365485972839,-16.67177669684));
#2510 = CARTESIAN_POINT('',(11.335744455469,-16.80198588851));
#2511 = CARTESIAN_POINT('',(11.302323375575,-16.93140096117));
#2512 = CARTESIAN_POINT('',(11.265655308563,-17.05998960395));
#2513 = CARTESIAN_POINT('',(11.226090508736,-17.1877604957));
#2514 = CARTESIAN_POINT('',(11.116960971472,-17.51623629893));
#2515 = CARTESIAN_POINT('',(11.043441475656,-17.71568128126));
#2516 = CARTESIAN_POINT('',(10.96444911709,-17.91322140241));
#2517 = CARTESIAN_POINT('',(10.880735941186,-18.1089197676));
#2518 = CARTESIAN_POINT('',(10.792892355539,-18.30285259487));
#2519 = CARTESIAN_POINT('',(10.701362005219,-18.49511543803));
#2520 = CARTESIAN_POINT('',(10.492075345793,-18.91580586937));
#2521 = CARTESIAN_POINT('',(10.372827697107,-19.14347484228));
#2522 = CARTESIAN_POINT('',(10.249359165776,-19.36900876937));
#2523 = CARTESIAN_POINT('',(10.12212950358,-19.59252297423));
#2524 = CARTESIAN_POINT('',(9.991498634921,-19.81411456608));
#2525 = CARTESIAN_POINT('',(9.857758742197,-20.03387912529));
#2526 = CARTESIAN_POINT('',(9.505768567812,-20.59561765834));
#2527 = CARTESIAN_POINT('',(9.283267635128,-20.93497789413));
#2528 = CARTESIAN_POINT('',(9.054549964695,-21.27033867094));
#2529 = CARTESIAN_POINT('',(8.820266711559,-21.60192372952));
#2530 = CARTESIAN_POINT('',(8.580912404432,-21.92990502227));
#2531 = CARTESIAN_POINT('',(8.336878915112,-22.25443803497));
#2532 = CARTESIAN_POINT('',(7.811490554697,-22.93379287486));
#2533 = CARTESIAN_POINT('',(7.529090068834,-23.28778504566));
#2534 = CARTESIAN_POINT('',(7.241677593218,-23.63781207526));
#2535 = CARTESIAN_POINT('',(6.9495738281,-23.98398501697));
#2536 = CARTESIAN_POINT('',(6.653028153711,-24.3263778075));
#2537 = CARTESIAN_POINT('',(6.352235265863,-24.66504037477));
#2538 = CARTESIAN_POINT('',(6.047336975113,-24.99999998799));
#2539 = ( GEOMETRIC_REPRESENTATION_CONTEXT(2) 
PARAMETRIC_REPRESENTATION_CONTEXT() REPRESENTATION_CONTEXT('2D SPACE',''
  ) );
#2540 = PCURVE('',#895,#2541);
#2541 = DEFINITIONAL_REPRESENTATION('',(#2542),#2593);
#2542 = B_SPLINE_CURVE_WITH_KNOTS('',7,(#2543,#2544,#2545,#2546,#2547,
    #2548,#2549,#2550,#2551,#2552,#2553,#2554,#2555,#2556,#2557,#2558,
    #2559,#2560,#2561,#2562,#2563,#2564,#2565,#2566,#2567,#2568,#2569,
    #2570,#2571,#2572,#2573,#2574,#2575,#2576,#2577,#2578,#2579,#2580,
    #2581,#2582,#2583,#2584,#2585,#2586,#2587,#2588,#2589,#2590,#2591,
    #2592),.UNSPECIFIED.,.F.,.F.,(8,6,6,6,6,6,6,6,8),(0.,
    4.608485926197E-02,8.052326376329E-02,0.142066053358,0.220947485818,
    0.346081588568,0.496966528451,0.734819653688,1.),.UNSPECIFIED.);
#2543 = CARTESIAN_POINT('',(3.14159265359,-2.2));
#2544 = CARTESIAN_POINT('',(3.120808445701,-2.2));
#2545 = CARTESIAN_POINT('',(3.100015710347,-2.2));
#2546 = CARTESIAN_POINT('',(3.079394574998,-2.2));
#2547 = CARTESIAN_POINT('',(3.059078503423,-2.2));
#2548 = CARTESIAN_POINT('',(3.039165927797,-2.2));
#2549 = CARTESIAN_POINT('',(3.019727735911,-2.2));
#2550 = CARTESIAN_POINT('',(2.986674180753,-2.2));
#2551 = CARTESIAN_POINT('',(2.972820706408,-2.2));
#2552 = CARTESIAN_POINT('',(2.959258856829,-2.2));
#2553 = CARTESIAN_POINT('',(2.945990818236,-2.2));
#2554 = CARTESIAN_POINT('',(2.93301326045,-2.2));
#2555 = CARTESIAN_POINT('',(2.920318300634,-2.2));
#2556 = CARTESIAN_POINT('',(2.885692585511,-2.2));
#2557 = CARTESIAN_POINT('',(2.864369361081,-2.2));
#2558 = CARTESIAN_POINT('',(2.843847980351,-2.2));
#2559 = CARTESIAN_POINT('',(2.824063863282,-2.2));
#2560 = CARTESIAN_POINT('',(2.804956058335,-2.2));
#2561 = CARTESIAN_POINT('',(2.786462659806,-2.2));
#2562 = CARTESIAN_POINT('',(2.74552286284,-2.2));
#2563 = CARTESIAN_POINT('',(2.72344690961,-2.2));
#2564 = CARTESIAN_POINT('',(2.702171352448,-2.2));
#2565 = CARTESIAN_POINT('',(2.681608554325,-2.2));
#2566 = CARTESIAN_POINT('',(2.661686846997,-2.2));
#2567 = CARTESIAN_POINT('',(2.642341594005,-2.2));
#2568 = CARTESIAN_POINT('',(2.593648646371,-2.2));
#2569 = CARTESIAN_POINT('',(2.565101117198,-2.2));
#2570 = CARTESIAN_POINT('',(2.537648918829,-2.2));
#2571 = CARTESIAN_POINT('',(2.511147783106,-2.2));
#2572 = CARTESIAN_POINT('',(2.485480158804,-2.2));
#2573 = CARTESIAN_POINT('',(2.460550533403,-2.2));
#2574 = CARTESIAN_POINT('',(2.407003093392,-2.2));
#2575 = CARTESIAN_POINT('',(2.378689483029,-2.2));
#2576 = CARTESIAN_POINT('',(2.351193856529,-2.2));
#2577 = CARTESIAN_POINT('',(2.324414771753,-2.2));
#2578 = CARTESIAN_POINT('',(2.298271632536,-2.2));
#2579 = CARTESIAN_POINT('',(2.272695260978,-2.2));
#2580 = CARTESIAN_POINT('',(2.208108932622,-2.2));
#2581 = CARTESIAN_POINT('',(2.169857719868,-2.2));
#2582 = CARTESIAN_POINT('',(2.132644893608,-2.2));
#2583 = CARTESIAN_POINT('',(2.096310171172,-2.2));
#2584 = CARTESIAN_POINT('',(2.060727868306,-2.2));
#2585 = CARTESIAN_POINT('',(2.025789659692,-2.2));
#2586 = CARTESIAN_POINT('',(1.953066433609,-2.2));
#2587 = CARTESIAN_POINT('',(1.9154181014,-2.2));
#2588 = CARTESIAN_POINT('',(1.878332138169,-2.2));
#2589 = CARTESIAN_POINT('',(1.841707537467,-2.2));
#2590 = CARTESIAN_POINT('',(1.805457677901,-2.2));
#2591 = CARTESIAN_POINT('',(1.769503718997,-2.2));
#2592 = CARTESIAN_POINT('',(1.733772252691,-2.2));
#2593 = ( GEOMETRIC_REPRESENTATION_CONTEXT(2) 
PARAMETRIC_REPRESENTATION_CONTEXT() REPRESENTATION_CONTEXT('2D SPACE',''
  ) );
#2594 = ORIENTED_EDGE('',*,*,#2595,.F.);
#2595 = EDGE_CURVE('',#2596,#2432,#2598,.T.);
#2596 = VERTEX_POINT('',#2597);
#2597 = CARTESIAN_POINT('',(5.623072906401,-24.57573591928,1.2));
#2598 = SURFACE_CURVE('',#2599,(#2603,#2609),.PCURVE_S1.);
#2599 = LINE('',#2600,#2601);
#2600 = CARTESIAN_POINT('',(-1.714497265664,-17.23816574721,1.2));
#2601 = VECTOR('',#2602,1.);
#2602 = DIRECTION('',(0.707106781187,-0.707106781187,0.));
#2603 = PCURVE('',#75,#2604);
#2604 = DEFINITIONAL_REPRESENTATION('',(#2605),#2608);
#2605 = B_SPLINE_CURVE_WITH_KNOTS('',1,(#2606,#2607),.UNSPECIFIED.,.F.,
  .F.,(2,2),(10.376891252198,10.976891252198),.PIECEWISE_BEZIER_KNOTS.);
#2606 = CARTESIAN_POINT('',(5.623072906401,-24.57573591928));
#2607 = CARTESIAN_POINT('',(6.047336975113,-24.99999998799));
#2608 = ( GEOMETRIC_REPRESENTATION_CONTEXT(2) 
PARAMETRIC_REPRESENTATION_CONTEXT() REPRESENTATION_CONTEXT('2D SPACE',''
  ) );
#2609 = PCURVE('',#972,#2610);
#2610 = DEFINITIONAL_REPRESENTATION('',(#2611),#2614);
#2611 = B_SPLINE_CURVE_WITH_KNOTS('',1,(#2612,#2613),.UNSPECIFIED.,.F.,
  .F.,(2,2),(10.376891252198,10.976891252198),.PIECEWISE_BEZIER_KNOTS.);
#2612 = CARTESIAN_POINT('',(0.6,-2.2));
#2613 = CARTESIAN_POINT('',(0.,-2.2));
#2614 = ( GEOMETRIC_REPRESENTATION_CONTEXT(2) 
PARAMETRIC_REPRESENTATION_CONTEXT() REPRESENTATION_CONTEXT('2D SPACE',''
  ) );
#2615 = ORIENTED_EDGE('',*,*,#2616,.F.);
#2616 = EDGE_CURVE('',#2265,#2596,#2617,.T.);
#2617 = SURFACE_CURVE('',#2618,(#2623,#2634),.PCURVE_S1.);
#2618 = CIRCLE('',#2619,3.666427099146);
#2619 = AXIS2_PLACEMENT_3D('',#2620,#2621,#2622);
#2620 = CARTESIAN_POINT('',(2.016839455675,-23.91409555456,1.2));
#2621 = DIRECTION('',(0.,-0.,-1.));
#2622 = DIRECTION('',(0.983582477766,-0.180459162782,0.));
#2623 = PCURVE('',#75,#2624);
#2624 = DEFINITIONAL_REPRESENTATION('',(#2625),#2633);
#2625 = ( BOUNDED_CURVE() B_SPLINE_CURVE(2,(#2626,#2627,#2628,#2629,
#2630,#2631,#2632),.UNSPECIFIED.,.T.,.F.) B_SPLINE_CURVE_WITH_KNOTS((1,2
    ,2,2,2,1),(-2.094395102393,0.,2.094395102393,4.188790204786,
6.28318530718,8.377580409573),.UNSPECIFIED.) CURVE() 
GEOMETRIC_REPRESENTATION_ITEM() RATIONAL_B_SPLINE_CURVE((1.,0.5,1.,0.5,
1.,0.5,1.)) REPRESENTATION_ITEM('') );
#2626 = CARTESIAN_POINT('',(5.623072906401,-24.57573591928));
#2627 = CARTESIAN_POINT('',(4.477078178379,-30.82191547989));
#2628 = CARTESIAN_POINT('',(-0.359274633699,-26.70636515251));
#2629 = CARTESIAN_POINT('',(-5.195627445778,-22.59081482514));
#2630 = CARTESIAN_POINT('',(0.786720094323,-20.4601855919));
#2631 = CARTESIAN_POINT('',(6.769067634423,-18.32955635866));
#2632 = CARTESIAN_POINT('',(5.623072906401,-24.57573591928));
#2633 = ( GEOMETRIC_REPRESENTATION_CONTEXT(2) 
PARAMETRIC_REPRESENTATION_CONTEXT() REPRESENTATION_CONTEXT('2D SPACE',''
  ) );
#2634 = PCURVE('',#1002,#2635);
#2635 = DEFINITIONAL_REPRESENTATION('',(#2636),#2640);
#2636 = LINE('',#2637,#2638);
#2637 = CARTESIAN_POINT('',(-6.28318530718,-2.2));
#2638 = VECTOR('',#2639,1.);
#2639 = DIRECTION('',(1.,-0.));
#2640 = ( GEOMETRIC_REPRESENTATION_CONTEXT(2) 
PARAMETRIC_REPRESENTATION_CONTEXT() REPRESENTATION_CONTEXT('2D SPACE',''
  ) );
#2641 = FACE_BOUND('',#2642,.T.);
#2642 = EDGE_LOOP('',(#2643,#2666,#2687,#2715,#2736));
#2643 = ORIENTED_EDGE('',*,*,#2644,.F.);
#2644 = EDGE_CURVE('',#2645,#2647,#2649,.T.);
#2645 = VERTEX_POINT('',#2646);
#2646 = CARTESIAN_POINT('',(-19.58205113308,0.668744252437,1.2));
#2647 = VERTEX_POINT('',#2648);
#2648 = CARTESIAN_POINT('',(-12.78752181113,12.898897031946,1.2));
#2649 = SURFACE_CURVE('',#2650,(#2654,#2660),.PCURVE_S1.);
#2650 = LINE('',#2651,#2652);
#2651 = CARTESIAN_POINT('',(-14.01753275999,10.68487732399,1.2));
#2652 = VECTOR('',#2653,1.);
#2653 = DIRECTION('',(0.485642931179,0.874157276122,-0.));
#2654 = PCURVE('',#75,#2655);
#2655 = DEFINITIONAL_REPRESENTATION('',(#2656),#2659);
#2656 = B_SPLINE_CURVE_WITH_KNOTS('',1,(#2657,#2658),.UNSPECIFIED.,.F.,
  .F.,(2,2),(-11.4580446164,2.532747559774),.PIECEWISE_BEZIER_KNOTS.);
#2657 = CARTESIAN_POINT('',(-19.58205113308,0.668744252437));
#2658 = CARTESIAN_POINT('',(-12.78752181113,12.898897031946));
#2659 = ( GEOMETRIC_REPRESENTATION_CONTEXT(2) 
PARAMETRIC_REPRESENTATION_CONTEXT() REPRESENTATION_CONTEXT('2D SPACE',''
  ) );
#2660 = PCURVE('',#1033,#2661);
#2661 = DEFINITIONAL_REPRESENTATION('',(#2662),#2665);
#2662 = B_SPLINE_CURVE_WITH_KNOTS('',1,(#2663,#2664),.UNSPECIFIED.,.F.,
  .F.,(2,2),(-11.4580446164,2.532747559774),.PIECEWISE_BEZIER_KNOTS.);
#2663 = CARTESIAN_POINT('',(13.990792176176,-2.2));
#2664 = CARTESIAN_POINT('',(0.,-2.2));
#2665 = ( GEOMETRIC_REPRESENTATION_CONTEXT(2) 
PARAMETRIC_REPRESENTATION_CONTEXT() REPRESENTATION_CONTEXT('2D SPACE',''
  ) );
#2666 = ORIENTED_EDGE('',*,*,#2667,.F.);
#2667 = EDGE_CURVE('',#2668,#2645,#2670,.T.);
#2668 = VERTEX_POINT('',#2669);
#2669 = CARTESIAN_POINT('',(-20.00631520179,1.093008321149,1.2));
#2670 = SURFACE_CURVE('',#2671,(#2675,#2681),.PCURVE_S1.);
#2671 = LINE('',#2672,#2673);
#2672 = CARTESIAN_POINT('',(-14.5193522867,-4.393954593943,1.2));
#2673 = VECTOR('',#2674,1.);
#2674 = DIRECTION('',(0.707106781187,-0.707106781187,0.));
#2675 = PCURVE('',#75,#2676);
#2676 = DEFINITIONAL_REPRESENTATION('',(#2677),#2680);
#2677 = B_SPLINE_CURVE_WITH_KNOTS('',1,(#2678,#2679),.UNSPECIFIED.,.F.,
  .F.,(2,2),(-7.759737370761,-7.159737370761),.PIECEWISE_BEZIER_KNOTS.);
#2678 = CARTESIAN_POINT('',(-20.00631520179,1.093008321149));
#2679 = CARTESIAN_POINT('',(-19.58205113308,0.668744252437));
#2680 = ( GEOMETRIC_REPRESENTATION_CONTEXT(2) 
PARAMETRIC_REPRESENTATION_CONTEXT() REPRESENTATION_CONTEXT('2D SPACE',''
  ) );
#2681 = PCURVE('',#1059,#2682);
#2682 = DEFINITIONAL_REPRESENTATION('',(#2683),#2686);
#2683 = B_SPLINE_CURVE_WITH_KNOTS('',1,(#2684,#2685),.UNSPECIFIED.,.F.,
  .F.,(2,2),(-7.759737370761,-7.159737370761),.PIECEWISE_BEZIER_KNOTS.);
#2684 = CARTESIAN_POINT('',(0.6,-2.2));
#2685 = CARTESIAN_POINT('',(0.,-2.2));
#2686 = ( GEOMETRIC_REPRESENTATION_CONTEXT(2) 
PARAMETRIC_REPRESENTATION_CONTEXT() REPRESENTATION_CONTEXT('2D SPACE',''
  ) );
#2687 = ORIENTED_EDGE('',*,*,#2688,.F.);
#2688 = EDGE_CURVE('',#2689,#2668,#2691,.T.);
#2689 = VERTEX_POINT('',#2690);
#2690 = CARTESIAN_POINT('',(-24.59341052192,5.680103641285,1.2));
#2691 = SURFACE_CURVE('',#2692,(#2697,#2708),.PCURVE_S1.);
#2692 = CIRCLE('',#2693,4.888569465528);
#2693 = AXIS2_PLACEMENT_3D('',#2694,#2695,#2696);
#2694 = CARTESIAN_POINT('',(-24.88611397895,0.800304864127,1.2));
#2695 = DIRECTION('',(0.,-0.,-1.));
#2696 = DIRECTION('',(0.998205878339,5.987507369705E-02,-0.));
#2697 = PCURVE('',#75,#2698);
#2698 = DEFINITIONAL_REPRESENTATION('',(#2699),#2707);
#2699 = ( BOUNDED_CURVE() B_SPLINE_CURVE(2,(#2700,#2701,#2702,#2703,
#2704,#2705,#2706),.UNSPECIFIED.,.T.,.F.) B_SPLINE_CURVE_WITH_KNOTS((1,2
    ,2,2,2,1),(-2.094395102393,0.,2.094395102393,4.188790204786,
6.28318530718,8.377580409573),.UNSPECIFIED.) CURVE() 
GEOMETRIC_REPRESENTATION_ITEM() RATIONAL_B_SPLINE_CURVE((1.,0.5,1.,0.5,
1.,0.5,1.)) REPRESENTATION_ITEM('') );
#2700 = CARTESIAN_POINT('',(-20.00631520179,1.093008321149));
#2701 = CARTESIAN_POINT('',(-19.49933794268,-7.359051091599));
#2702 = CARTESIAN_POINT('',(-27.07252473797,-3.572076570758));
#2703 = CARTESIAN_POINT('',(-34.64571153326,0.214897950084));
#2704 = CARTESIAN_POINT('',(-27.57950199708,4.879982841991));
#2705 = CARTESIAN_POINT('',(-20.5132924609,9.545067733898));
#2706 = CARTESIAN_POINT('',(-20.00631520179,1.093008321149));
#2707 = ( GEOMETRIC_REPRESENTATION_CONTEXT(2) 
PARAMETRIC_REPRESENTATION_CONTEXT() REPRESENTATION_CONTEXT('2D SPACE',''
  ) );
#2708 = PCURVE('',#1091,#2709);
#2709 = DEFINITIONAL_REPRESENTATION('',(#2710),#2714);
#2710 = LINE('',#2711,#2712);
#2711 = CARTESIAN_POINT('',(-6.28318530718,-2.2));
#2712 = VECTOR('',#2713,1.);
#2713 = DIRECTION('',(1.,-0.));
#2714 = ( GEOMETRIC_REPRESENTATION_CONTEXT(2) 
PARAMETRIC_REPRESENTATION_CONTEXT() REPRESENTATION_CONTEXT('2D SPACE',''
  ) );
#2715 = ORIENTED_EDGE('',*,*,#2716,.F.);
#2716 = EDGE_CURVE('',#2717,#2689,#2719,.T.);
#2717 = VERTEX_POINT('',#2718);
#2718 = CARTESIAN_POINT('',(-25.01767459064,6.104367709996,1.2));
#2719 = SURFACE_CURVE('',#2720,(#2724,#2730),.PCURVE_S1.);
#2720 = LINE('',#2721,#2722);
#2721 = CARTESIAN_POINT('',(-17.02503198112,-1.888274899519,1.2));
#2722 = VECTOR('',#2723,1.);
#2723 = DIRECTION('',(0.707106781187,-0.707106781187,0.));
#2724 = PCURVE('',#75,#2725);
#2725 = DEFINITIONAL_REPRESENTATION('',(#2726),#2729);
#2726 = B_SPLINE_CURVE_WITH_KNOTS('',1,(#2727,#2728),.UNSPECIFIED.,.F.,
  .F.,(2,2),(-11.30330357757,-10.70330357757),.PIECEWISE_BEZIER_KNOTS.);
#2727 = CARTESIAN_POINT('',(-25.01767459064,6.104367709997));
#2728 = CARTESIAN_POINT('',(-24.59341052192,5.680103641285));
#2729 = ( GEOMETRIC_REPRESENTATION_CONTEXT(2) 
PARAMETRIC_REPRESENTATION_CONTEXT() REPRESENTATION_CONTEXT('2D SPACE',''
  ) );
#2730 = PCURVE('',#1118,#2731);
#2731 = DEFINITIONAL_REPRESENTATION('',(#2732),#2735);
#2732 = B_SPLINE_CURVE_WITH_KNOTS('',1,(#2733,#2734),.UNSPECIFIED.,.F.,
  .F.,(2,2),(-11.30330357757,-10.70330357757),.PIECEWISE_BEZIER_KNOTS.);
#2733 = CARTESIAN_POINT('',(0.6,-2.2));
#2734 = CARTESIAN_POINT('',(0.,-2.2));
#2735 = ( GEOMETRIC_REPRESENTATION_CONTEXT(2) 
PARAMETRIC_REPRESENTATION_CONTEXT() REPRESENTATION_CONTEXT('2D SPACE',''
  ) );
#2736 = ORIENTED_EDGE('',*,*,#2737,.F.);
#2737 = EDGE_CURVE('',#2647,#2717,#2738,.T.);
#2738 = SURFACE_CURVE('',#2739,(#2743,#2749),.PCURVE_S1.);
#2739 = LINE('',#2740,#2741);
#2740 = CARTESIAN_POINT('',(-16.75477319964,10.694868482775,1.2));
#2741 = VECTOR('',#2742,1.);
#2742 = DIRECTION('',(-0.874157276122,-0.485642931179,0.));
#2743 = PCURVE('',#75,#2744);
#2744 = DEFINITIONAL_REPRESENTATION('',(#2745),#2748);
#2745 = B_SPLINE_CURVE_WITH_KNOTS('',1,(#2746,#2747),.UNSPECIFIED.,.F.,
  .F.,(2,2),(-4.538372552488,9.452419623688),.PIECEWISE_BEZIER_KNOTS.);
#2746 = CARTESIAN_POINT('',(-12.78752181113,12.898897031946));
#2747 = CARTESIAN_POINT('',(-25.01767459064,6.104367709997));
#2748 = ( GEOMETRIC_REPRESENTATION_CONTEXT(2) 
PARAMETRIC_REPRESENTATION_CONTEXT() REPRESENTATION_CONTEXT('2D SPACE',''
  ) );
#2749 = PCURVE('',#1142,#2750);
#2750 = DEFINITIONAL_REPRESENTATION('',(#2751),#2754);
#2751 = B_SPLINE_CURVE_WITH_KNOTS('',1,(#2752,#2753),.UNSPECIFIED.,.F.,
  .F.,(2,2),(-4.538372552488,9.452419623688),.PIECEWISE_BEZIER_KNOTS.);
#2752 = CARTESIAN_POINT('',(13.990792176176,-2.2));
#2753 = CARTESIAN_POINT('',(0.,-2.2));
#2754 = ( GEOMETRIC_REPRESENTATION_CONTEXT(2) 
PARAMETRIC_REPRESENTATION_CONTEXT() REPRESENTATION_CONTEXT('2D SPACE',''
  ) );
#2755 = FACE_BOUND('',#2756,.T.);
#2756 = EDGE_LOOP('',(#2757,#2839,#2913,#2969,#3037,#3111,#3132,#3160,
    #3181,#3255,#3323,#3379,#3453));
#2757 = ORIENTED_EDGE('',*,*,#2758,.F.);
#2758 = EDGE_CURVE('',#2759,#2761,#2763,.T.);
#2759 = VERTEX_POINT('',#2760);
#2760 = CARTESIAN_POINT('',(25.014548107336,24.638904580991,1.2));
#2761 = VERTEX_POINT('',#2762);
#2762 = CARTESIAN_POINT('',(24.956549578425,24.938874953258,1.2));
#2763 = SURFACE_CURVE('',#2764,(#2787,#2813),.PCURVE_S1.);
#2764 = B_SPLINE_CURVE_WITH_KNOTS('',6,(#2765,#2766,#2767,#2768,#2769,
    #2770,#2771,#2772,#2773,#2774,#2775,#2776,#2777,#2778,#2779,#2780,
    #2781,#2782,#2783,#2784,#2785,#2786),.UNSPECIFIED.,.F.,.F.,(7,5,5,5,
    7),(0.,0.223642315092,0.495886583062,0.959591983398,1.),
  .UNSPECIFIED.);
#2765 = CARTESIAN_POINT('',(25.014548107336,24.638904580991,1.2));
#2766 = CARTESIAN_POINT('',(25.013874743965,24.651973392652,1.2));
#2767 = CARTESIAN_POINT('',(25.013046448935,24.665334336877,1.2));
#2768 = CARTESIAN_POINT('',(25.012069012265,24.678908477657,1.2));
#2769 = CARTESIAN_POINT('',(25.010947381863,24.692620919213,1.2));
#2770 = CARTESIAN_POINT('',(25.009685717139,24.70639909835,1.2));
#2771 = CARTESIAN_POINT('',(25.006585295078,24.736935981945,1.2));
#2772 = CARTESIAN_POINT('',(25.004680790509,24.753690918902,1.2));
#2773 = CARTESIAN_POINT('',(25.002580072323,24.770306517123,1.2));
#2774 = CARTESIAN_POINT('',(25.000287952287,24.786651778296,1.2));
#2775 = CARTESIAN_POINT('',(24.99780822358,24.802589641196,1.2));
#2776 = CARTESIAN_POINT('',(24.990606038104,24.844173782364,1.2));
#2777 = CARTESIAN_POINT('',(24.985535234221,24.868751079362,1.2));
#2778 = CARTESIAN_POINT('',(24.979943891688,24.890999486799,1.2));
#2779 = CARTESIAN_POINT('',(24.973844368243,24.910073207235,1.2));
#2780 = CARTESIAN_POINT('',(24.967264686968,24.924921827063,1.2));
#2781 = CARTESIAN_POINT('',(24.959648972213,24.935322602064,1.2));
#2782 = CARTESIAN_POINT('',(24.959035320572,24.936116148047,1.2));
#2783 = CARTESIAN_POINT('',(24.958418509308,24.936868849772,1.2));
#2784 = CARTESIAN_POINT('',(24.957798583207,24.937580011664,1.2));
#2785 = CARTESIAN_POINT('',(24.957175589614,24.938248942069,1.2));
#2786 = CARTESIAN_POINT('',(24.956549578425,24.938874953258,1.2));
#2787 = PCURVE('',#75,#2788);
#2788 = DEFINITIONAL_REPRESENTATION('',(#2789),#2812);
#2789 = B_SPLINE_CURVE_WITH_KNOTS('',6,(#2790,#2791,#2792,#2793,#2794,
    #2795,#2796,#2797,#2798,#2799,#2800,#2801,#2802,#2803,#2804,#2805,
    #2806,#2807,#2808,#2809,#2810,#2811),.UNSPECIFIED.,.F.,.F.,(7,5,5,5,
    7),(0.,0.223642315092,0.495886583062,0.959591983398,1.),
  .UNSPECIFIED.);
#2790 = CARTESIAN_POINT('',(25.014548107336,24.638904580991));
#2791 = CARTESIAN_POINT('',(25.013874743965,24.651973392652));
#2792 = CARTESIAN_POINT('',(25.013046448934,24.665334336877));
#2793 = CARTESIAN_POINT('',(25.012069012265,24.678908477657));
#2794 = CARTESIAN_POINT('',(25.010947381863,24.692620919213));
#2795 = CARTESIAN_POINT('',(25.009685717139,24.70639909835));
#2796 = CARTESIAN_POINT('',(25.006585295078,24.736935981945));
#2797 = CARTESIAN_POINT('',(25.004680790508,24.753690918902));
#2798 = CARTESIAN_POINT('',(25.002580072323,24.770306517123));
#2799 = CARTESIAN_POINT('',(25.000287952287,24.786651778296));
#2800 = CARTESIAN_POINT('',(24.99780822358,24.802589641196));
#2801 = CARTESIAN_POINT('',(24.990606038104,24.844173782364));
#2802 = CARTESIAN_POINT('',(24.985535234221,24.868751079362));
#2803 = CARTESIAN_POINT('',(24.979943891688,24.890999486799));
#2804 = CARTESIAN_POINT('',(24.973844368243,24.910073207235));
#2805 = CARTESIAN_POINT('',(24.967264686968,24.924921827063));
#2806 = CARTESIAN_POINT('',(24.959648972213,24.935322602064));
#2807 = CARTESIAN_POINT('',(24.959035320572,24.936116148047));
#2808 = CARTESIAN_POINT('',(24.958418509308,24.936868849772));
#2809 = CARTESIAN_POINT('',(24.957798583207,24.937580011664));
#2810 = CARTESIAN_POINT('',(24.957175589613,24.93824894207));
#2811 = CARTESIAN_POINT('',(24.956549578425,24.938874953258));
#2812 = ( GEOMETRIC_REPRESENTATION_CONTEXT(2) 
PARAMETRIC_REPRESENTATION_CONTEXT() REPRESENTATION_CONTEXT('2D SPACE',''
  ) );
#2813 = PCURVE('',#1211,#2814);
#2814 = DEFINITIONAL_REPRESENTATION('',(#2815),#2838);
#2815 = B_SPLINE_CURVE_WITH_KNOTS('',6,(#2816,#2817,#2818,#2819,#2820,
    #2821,#2822,#2823,#2824,#2825,#2826,#2827,#2828,#2829,#2830,#2831,
    #2832,#2833,#2834,#2835,#2836,#2837),.UNSPECIFIED.,.F.,.F.,(7,5,5,5,
    7),(0.,0.223642315092,0.495886583062,0.959591983398,1.),
  .UNSPECIFIED.);
#2816 = CARTESIAN_POINT('',(1.,-2.2));
#2817 = CARTESIAN_POINT('',(0.963151083244,-2.2));
#2818 = CARTESIAN_POINT('',(0.92640915207,-2.2));
#2819 = CARTESIAN_POINT('',(0.889748983023,-2.2));
#2820 = CARTESIAN_POINT('',(0.853145153525,-2.2));
#2821 = CARTESIAN_POINT('',(0.816571404,-2.2));
#2822 = CARTESIAN_POINT('',(0.735480897671,-2.2));
#2823 = CARTESIAN_POINT('',(0.69096730325,-2.2));
#2824 = CARTESIAN_POINT('',(0.646408226664,-2.2));
#2825 = CARTESIAN_POINT('',(0.601756792974,-2.2));
#2826 = CARTESIAN_POINT('',(0.556968587344,-2.2));
#2827 = CARTESIAN_POINT('',(0.435406369756,-2.2));
#2828 = CARTESIAN_POINT('',(0.358330869193,-2.2));
#2829 = CARTESIAN_POINT('',(0.280493854722,-2.2));
#2830 = CARTESIAN_POINT('',(0.201777606312,-2.2));
#2831 = CARTESIAN_POINT('',(0.122208171483,-2.2));
#2832 = CARTESIAN_POINT('',(3.501053401032E-02,-2.2));
#2833 = CARTESIAN_POINT('',(2.801655933934E-02,-2.2));
#2834 = CARTESIAN_POINT('',(2.101828233931E-02,-2.2));
#2835 = CARTESIAN_POINT('',(1.401592930331E-02,-2.2));
#2836 = CARTESIAN_POINT('',(7.009746465282E-03,-2.2));
#2837 = CARTESIAN_POINT('',(0.,-2.2));
#2838 = ( GEOMETRIC_REPRESENTATION_CONTEXT(2) 
PARAMETRIC_REPRESENTATION_CONTEXT() REPRESENTATION_CONTEXT('2D SPACE',''
  ) );
#2839 = ORIENTED_EDGE('',*,*,#2840,.F.);
#2840 = EDGE_CURVE('',#2841,#2759,#2843,.T.);
#2841 = VERTEX_POINT('',#2842);
#2842 = CARTESIAN_POINT('',(24.857130880577,23.223504825933,1.2));
#2843 = SURFACE_CURVE('',#2844,(#2865,#2889),.PCURVE_S1.);
#2844 = B_SPLINE_CURVE_WITH_KNOTS('',7,(#2845,#2846,#2847,#2848,#2849,
    #2850,#2851,#2852,#2853,#2854,#2855,#2856,#2857,#2858,#2859,#2860,
    #2861,#2862,#2863,#2864),.UNSPECIFIED.,.F.,.F.,(8,6,6,8),(0.,
    0.30394619261,0.839998256485,1.),.UNSPECIFIED.);
#2845 = CARTESIAN_POINT('',(24.857130880577,23.223504825933,1.2));
#2846 = CARTESIAN_POINT('',(24.869267236359,23.283552521739,1.2));
#2847 = CARTESIAN_POINT('',(24.881161456155,23.344168033637,1.2));
#2848 = CARTESIAN_POINT('',(24.892767038614,23.405239935632,1.2));
#2849 = CARTESIAN_POINT('',(24.904040634776,23.466678364685,1.2));
#2850 = CARTESIAN_POINT('',(24.914939568293,23.528409538954,1.2));
#2851 = CARTESIAN_POINT('',(24.925419355643,23.590370276042,1.2));
#2852 = CARTESIAN_POINT('',(24.953088575194,23.762081488453,1.2));
#2853 = CARTESIAN_POINT('',(24.96928297848,23.872146225488,1.2));
#2854 = CARTESIAN_POINT('',(24.983754926504,23.982426485084,1.2));
#2855 = CARTESIAN_POINT('',(24.996195188825,24.092641185183,1.2));
#2856 = CARTESIAN_POINT('',(25.006181186588,24.202422896559,1.2));
#2857 = CARTESIAN_POINT('',(25.0131842308,24.311316574321,1.2));
#2858 = CARTESIAN_POINT('',(25.017224276989,24.450649762143,1.2));
#2859 = CARTESIAN_POINT('',(25.017806131246,24.482532604989,1.2));
#2860 = CARTESIAN_POINT('',(25.018016925152,24.514249744458,1.2));
#2861 = CARTESIAN_POINT('',(25.017829604064,24.545777058004,1.2));
#2862 = CARTESIAN_POINT('',(25.017213435019,24.577085725959,1.2));
#2863 = CARTESIAN_POINT('',(25.016133153021,24.608141601565,1.2));
#2864 = CARTESIAN_POINT('',(25.014548107336,24.638904580991,1.2));
#2865 = PCURVE('',#75,#2866);
#2866 = DEFINITIONAL_REPRESENTATION('',(#2867),#2888);
#2867 = B_SPLINE_CURVE_WITH_KNOTS('',7,(#2868,#2869,#2870,#2871,#2872,
    #2873,#2874,#2875,#2876,#2877,#2878,#2879,#2880,#2881,#2882,#2883,
    #2884,#2885,#2886,#2887),.UNSPECIFIED.,.F.,.F.,(8,6,6,8),(0.,
    0.30394619261,0.839998256485,1.),.UNSPECIFIED.);
#2868 = CARTESIAN_POINT('',(24.857130880577,23.223504825933));
#2869 = CARTESIAN_POINT('',(24.869267236359,23.283552521739));
#2870 = CARTESIAN_POINT('',(24.881161456155,23.344168033637));
#2871 = CARTESIAN_POINT('',(24.892767038614,23.405239935632));
#2872 = CARTESIAN_POINT('',(24.904040634775,23.466678364686));
#2873 = CARTESIAN_POINT('',(24.914939568293,23.528409538955));
#2874 = CARTESIAN_POINT('',(24.925419355643,23.590370276042));
#2875 = CARTESIAN_POINT('',(24.953088575194,23.762081488453));
#2876 = CARTESIAN_POINT('',(24.969282978479,23.872146225488));
#2877 = CARTESIAN_POINT('',(24.983754926504,23.982426485084));
#2878 = CARTESIAN_POINT('',(24.996195188825,24.092641185184));
#2879 = CARTESIAN_POINT('',(25.006181186588,24.20242289656));
#2880 = CARTESIAN_POINT('',(25.0131842308,24.311316574321));
#2881 = CARTESIAN_POINT('',(25.017224276989,24.450649762143));
#2882 = CARTESIAN_POINT('',(25.017806131246,24.482532604989));
#2883 = CARTESIAN_POINT('',(25.018016925152,24.514249744458));
#2884 = CARTESIAN_POINT('',(25.017829604064,24.545777058004));
#2885 = CARTESIAN_POINT('',(25.017213435018,24.57708572596));
#2886 = CARTESIAN_POINT('',(25.016133153021,24.608141601565));
#2887 = CARTESIAN_POINT('',(25.014548107336,24.638904580991));
#2888 = ( GEOMETRIC_REPRESENTATION_CONTEXT(2) 
PARAMETRIC_REPRESENTATION_CONTEXT() REPRESENTATION_CONTEXT('2D SPACE',''
  ) );
#2889 = PCURVE('',#1295,#2890);
#2890 = DEFINITIONAL_REPRESENTATION('',(#2891),#2912);
#2891 = B_SPLINE_CURVE_WITH_KNOTS('',7,(#2892,#2893,#2894,#2895,#2896,
    #2897,#2898,#2899,#2900,#2901,#2902,#2903,#2904,#2905,#2906,#2907,
    #2908,#2909,#2910,#2911),.UNSPECIFIED.,.F.,.F.,(8,6,6,8),(0.,
    0.30394619261,0.839998256485,1.),.UNSPECIFIED.);
#2892 = CARTESIAN_POINT('',(1.,-2.2));
#2893 = CARTESIAN_POINT('',(0.955521523418,-2.2));
#2894 = CARTESIAN_POINT('',(0.911747668634,-2.2));
#2895 = CARTESIAN_POINT('',(0.868530895834,-2.2));
#2896 = CARTESIAN_POINT('',(0.825749174972,-2.2));
#2897 = CARTESIAN_POINT('',(0.783297572908,-2.2));
#2898 = CARTESIAN_POINT('',(0.741079840553,-2.2));
#2899 = CARTESIAN_POINT('',(0.624786254527,-2.2));
#2900 = CARTESIAN_POINT('',(0.551035481208,-2.2));
#2901 = CARTESIAN_POINT('',(0.477195116114,-2.2));
#2902 = CARTESIAN_POINT('',(0.402803148565,-2.2));
#2903 = CARTESIAN_POINT('',(0.327370397657,-2.2));
#2904 = CARTESIAN_POINT('',(0.250375828627,-2.2));
#2905 = CARTESIAN_POINT('',(0.147307765926,-2.2));
#2906 = CARTESIAN_POINT('',(0.123406410195,-2.2));
#2907 = CARTESIAN_POINT('',(9.927510113802E-02,-2.2));
#2908 = CARTESIAN_POINT('',(7.489251471656E-02,-2.2));
#2909 = CARTESIAN_POINT('',(5.023605046072E-02,-2.2));
#2910 = CARTESIAN_POINT('',(2.528104740057E-02,-2.2));
#2911 = CARTESIAN_POINT('',(0.,-2.2));
#2912 = ( GEOMETRIC_REPRESENTATION_CONTEXT(2) 
PARAMETRIC_REPRESENTATION_CONTEXT() REPRESENTATION_CONTEXT('2D SPACE',''
  ) );
#2913 = ORIENTED_EDGE('',*,*,#2914,.F.);
#2914 = EDGE_CURVE('',#2915,#2841,#2917,.T.);
#2915 = VERTEX_POINT('',#2916);
#2916 = CARTESIAN_POINT('',(23.580034170504,19.056235060488,1.2));
#2917 = SURFACE_CURVE('',#2918,(#2933,#2951),.PCURVE_S1.);
#2918 = B_SPLINE_CURVE_WITH_KNOTS('',7,(#2919,#2920,#2921,#2922,#2923,
    #2924,#2925,#2926,#2927,#2928,#2929,#2930,#2931,#2932),
  .UNSPECIFIED.,.F.,.F.,(8,6,8),(0.,0.799827260195,1.),.UNSPECIFIED.);
#2919 = CARTESIAN_POINT('',(23.580034170504,19.056235060488,1.2));
#2920 = CARTESIAN_POINT('',(23.756004152808,19.524168353463,1.2));
#2921 = CARTESIAN_POINT('',(23.927210641082,19.993670258538,1.2));
#2922 = CARTESIAN_POINT('',(24.092540154695,20.465137959623,1.2));
#2923 = CARTESIAN_POINT('',(24.250665731498,20.938861215948,1.2));
#2924 = CARTESIAN_POINT('',(24.3998640483,21.415062439998,1.2));
#2925 = CARTESIAN_POINT('',(24.5379719696,21.893909499813,1.2));
#2926 = CARTESIAN_POINT('',(24.692569739738,22.496277685834,1.2));
#2927 = CARTESIAN_POINT('',(24.722608903025,22.617033505166,1.2));
#2928 = CARTESIAN_POINT('',(24.751687553062,22.737969685299,1.2));
#2929 = CARTESIAN_POINT('',(24.779747224587,22.859086714298,1.2));
#2930 = CARTESIAN_POINT('',(24.806723398884,22.980383489245,1.2));
#2931 = CARTESIAN_POINT('',(24.83254449827,23.101857468829,1.2));
#2932 = CARTESIAN_POINT('',(24.857130880577,23.223504825933,1.2));
#2933 = PCURVE('',#75,#2934);
#2934 = DEFINITIONAL_REPRESENTATION('',(#2935),#2950);
#2935 = B_SPLINE_CURVE_WITH_KNOTS('',7,(#2936,#2937,#2938,#2939,#2940,
    #2941,#2942,#2943,#2944,#2945,#2946,#2947,#2948,#2949),
  .UNSPECIFIED.,.F.,.F.,(8,6,8),(0.,0.799827260195,1.),.UNSPECIFIED.);
#2936 = CARTESIAN_POINT('',(23.580034170504,19.056235060488));
#2937 = CARTESIAN_POINT('',(23.756004152808,19.524168353463));
#2938 = CARTESIAN_POINT('',(23.927210641082,19.993670258538));
#2939 = CARTESIAN_POINT('',(24.092540154695,20.465137959623));
#2940 = CARTESIAN_POINT('',(24.250665731498,20.938861215948));
#2941 = CARTESIAN_POINT('',(24.3998640483,21.415062439998));
#2942 = CARTESIAN_POINT('',(24.5379719696,21.893909499813));
#2943 = CARTESIAN_POINT('',(24.692569739738,22.496277685834));
#2944 = CARTESIAN_POINT('',(24.722608903025,22.617033505166));
#2945 = CARTESIAN_POINT('',(24.751687553062,22.737969685299));
#2946 = CARTESIAN_POINT('',(24.779747224587,22.859086714298));
#2947 = CARTESIAN_POINT('',(24.806723398884,22.980383489245));
#2948 = CARTESIAN_POINT('',(24.83254449827,23.101857468829));
#2949 = CARTESIAN_POINT('',(24.857130880577,23.223504825933));
#2950 = ( GEOMETRIC_REPRESENTATION_CONTEXT(2) 
PARAMETRIC_REPRESENTATION_CONTEXT() REPRESENTATION_CONTEXT('2D SPACE',''
  ) );
#2951 = PCURVE('',#1365,#2952);
#2952 = DEFINITIONAL_REPRESENTATION('',(#2953),#2968);
#2953 = B_SPLINE_CURVE_WITH_KNOTS('',7,(#2954,#2955,#2956,#2957,#2958,
    #2959,#2960,#2961,#2962,#2963,#2964,#2965,#2966,#2967),
  .UNSPECIFIED.,.F.,.F.,(8,6,8),(0.,0.799827260195,1.),.UNSPECIFIED.);
#2954 = CARTESIAN_POINT('',(1.,-2.2));
#2955 = CARTESIAN_POINT('',(0.891738589737,-2.2));
#2956 = CARTESIAN_POINT('',(0.782991485719,-2.2));
#2957 = CARTESIAN_POINT('',(0.673273875514,-2.2));
#2958 = CARTESIAN_POINT('',(0.562110860512,-2.2));
#2959 = CARTESIAN_POINT('',(0.448969710175,-2.2));
#2960 = CARTESIAN_POINT('',(0.333241072442,-2.2));
#2961 = CARTESIAN_POINT('',(0.184157541064,-2.2));
#2962 = CARTESIAN_POINT('',(0.154096619136,-2.2));
#2963 = CARTESIAN_POINT('',(0.123803322114,-2.2));
#2964 = CARTESIAN_POINT('',(9.326310998716E-02,-2.2));
#2965 = CARTESIAN_POINT('',(6.246052129637E-02,-2.2));
#2966 = CARTESIAN_POINT('',(3.137887961154E-02,-2.2));
#2967 = CARTESIAN_POINT('',(0.,-2.2));
#2968 = ( GEOMETRIC_REPRESENTATION_CONTEXT(2) 
PARAMETRIC_REPRESENTATION_CONTEXT() REPRESENTATION_CONTEXT('2D SPACE',''
  ) );
#2969 = ORIENTED_EDGE('',*,*,#2970,.F.);
#2970 = EDGE_CURVE('',#2971,#2915,#2973,.T.);
#2971 = VERTEX_POINT('',#2972);
#2972 = CARTESIAN_POINT('',(19.196729080427,9.526159157574,1.2));
#2973 = SURFACE_CURVE('',#2974,(#2993,#3015),.PCURVE_S1.);
#2974 = B_SPLINE_CURVE_WITH_KNOTS('',5,(#2975,#2976,#2977,#2978,#2979,
    #2980,#2981,#2982,#2983,#2984,#2985,#2986,#2987,#2988,#2989,#2990,
    #2991,#2992),.UNSPECIFIED.,.F.,.F.,(6,4,4,4,6),(0.,0.273684130934,
    0.527728224676,0.770066320676,1.),.UNSPECIFIED.);
#2975 = CARTESIAN_POINT('',(19.196729080427,9.526159157574,1.2));
#2976 = CARTESIAN_POINT('',(19.464360948342,10.0350360267,1.2));
#2977 = CARTESIAN_POINT('',(19.729207500645,10.545330795111,1.2));
#2978 = CARTESIAN_POINT('',(19.991068785618,11.057120580872,1.2));
#2979 = CARTESIAN_POINT('',(20.249715494554,11.570486873549,1.2));
#2980 = CARTESIAN_POINT('',(20.741726516625,12.56359677209,1.2));
#2981 = CARTESIAN_POINT('',(20.975572798747,13.043108722879,1.2));
#2982 = CARTESIAN_POINT('',(21.206198197714,13.524131707029,1.2));
#2983 = CARTESIAN_POINT('',(21.433352392057,14.006742897075,1.2));
#2984 = CARTESIAN_POINT('',(21.869828990729,14.953000128642,1.2));
#2985 = CARTESIAN_POINT('',(22.079490252257,15.41649423257,1.2));
#2986 = CARTESIAN_POINT('',(22.285462283374,15.881587679357,1.2));
#2987 = CARTESIAN_POINT('',(22.487443818941,16.348357613076,1.2));
#2988 = CARTESIAN_POINT('',(22.872583918636,17.261440379554,1.2));
#2989 = CARTESIAN_POINT('',(23.056176062591,17.707575671697,1.2));
#2990 = CARTESIAN_POINT('',(23.235538000259,18.155371057988,1.2));
#2991 = CARTESIAN_POINT('',(23.410305396375,18.604898172507,1.2));
#2992 = CARTESIAN_POINT('',(23.580034170504,19.056235060488,1.2));
#2993 = PCURVE('',#75,#2994);
#2994 = DEFINITIONAL_REPRESENTATION('',(#2995),#3014);
#2995 = B_SPLINE_CURVE_WITH_KNOTS('',5,(#2996,#2997,#2998,#2999,#3000,
    #3001,#3002,#3003,#3004,#3005,#3006,#3007,#3008,#3009,#3010,#3011,
    #3012,#3013),.UNSPECIFIED.,.F.,.F.,(6,4,4,4,6),(0.,0.273684130934,
    0.527728224676,0.770066320676,1.),.UNSPECIFIED.);
#2996 = CARTESIAN_POINT('',(19.196729080427,9.526159157574));
#2997 = CARTESIAN_POINT('',(19.464360948342,10.0350360267));
#2998 = CARTESIAN_POINT('',(19.729207500645,10.545330795111));
#2999 = CARTESIAN_POINT('',(19.991068785618,11.057120580872));
#3000 = CARTESIAN_POINT('',(20.249715494554,11.570486873549));
#3001 = CARTESIAN_POINT('',(20.741726516625,12.56359677209));
#3002 = CARTESIAN_POINT('',(20.975572798746,13.043108722879));
#3003 = CARTESIAN_POINT('',(21.206198197714,13.524131707029));
#3004 = CARTESIAN_POINT('',(21.433352392057,14.006742897075));
#3005 = CARTESIAN_POINT('',(21.869828990729,14.953000128643));
#3006 = CARTESIAN_POINT('',(22.079490252257,15.41649423257));
#3007 = CARTESIAN_POINT('',(22.285462283374,15.881587679357));
#3008 = CARTESIAN_POINT('',(22.487443818941,16.348357613076));
#3009 = CARTESIAN_POINT('',(22.872583918636,17.261440379554));
#3010 = CARTESIAN_POINT('',(23.056176062591,17.707575671697));
#3011 = CARTESIAN_POINT('',(23.235538000259,18.155371057988));
#3012 = CARTESIAN_POINT('',(23.410305396375,18.604898172507));
#3013 = CARTESIAN_POINT('',(23.580034170504,19.056235060488));
#3014 = ( GEOMETRIC_REPRESENTATION_CONTEXT(2) 
PARAMETRIC_REPRESENTATION_CONTEXT() REPRESENTATION_CONTEXT('2D SPACE',''
  ) );
#3015 = PCURVE('',#1437,#3016);
#3016 = DEFINITIONAL_REPRESENTATION('',(#3017),#3036);
#3017 = B_SPLINE_CURVE_WITH_KNOTS('',5,(#3018,#3019,#3020,#3021,#3022,
    #3023,#3024,#3025,#3026,#3027,#3028,#3029,#3030,#3031,#3032,#3033,
    #3034,#3035),.UNSPECIFIED.,.F.,.F.,(6,4,4,4,6),(0.,0.273684130934,
    0.527728224676,0.770066320676,1.),.UNSPECIFIED.);
#3018 = CARTESIAN_POINT('',(1.,-2.2));
#3019 = CARTESIAN_POINT('',(0.949810599613,-2.2));
#3020 = CARTESIAN_POINT('',(0.899149697305,-2.2));
#3021 = CARTESIAN_POINT('',(0.847985504021,-2.2));
#3022 = CARTESIAN_POINT('',(0.796282651674,-2.2));
#3023 = CARTESIAN_POINT('',(0.695469240041,-2.2));
#3024 = CARTESIAN_POINT('',(0.646438988918,-2.2));
#3025 = CARTESIAN_POINT('',(0.596876250615,-2.2));
#3026 = CARTESIAN_POINT('',(0.546744254078,-2.2));
#3027 = CARTESIAN_POINT('',(0.44759397042,-2.2));
#3028 = CARTESIAN_POINT('',(0.398630926884,-2.2));
#3029 = CARTESIAN_POINT('',(0.349073404441,-2.2));
#3030 = CARTESIAN_POINT('',(0.298879560762,-2.2));
#3031 = CARTESIAN_POINT('',(0.199724781198,-2.2));
#3032 = CARTESIAN_POINT('',(0.150832434857,-2.2));
#3033 = CARTESIAN_POINT('',(0.101280561216,-2.2));
#3034 = CARTESIAN_POINT('',(5.102184275001E-02,-2.2));
#3035 = CARTESIAN_POINT('',(0.,-2.2));
#3036 = ( GEOMETRIC_REPRESENTATION_CONTEXT(2) 
PARAMETRIC_REPRESENTATION_CONTEXT() REPRESENTATION_CONTEXT('2D SPACE',''
  ) );
#3037 = ORIENTED_EDGE('',*,*,#3038,.F.);
#3038 = EDGE_CURVE('',#3039,#2971,#3041,.T.);
#3039 = VERTEX_POINT('',#3040);
#3040 = CARTESIAN_POINT('',(6.472720464161,-10.32026954573,1.2));
#3041 = SURFACE_CURVE('',#3042,(#3063,#3087),.PCURVE_S1.);
#3042 = B_SPLINE_CURVE_WITH_KNOTS('',7,(#3043,#3044,#3045,#3046,#3047,
    #3048,#3049,#3050,#3051,#3052,#3053,#3054,#3055,#3056,#3057,#3058,
    #3059,#3060,#3061,#3062),.UNSPECIFIED.,.F.,.F.,(8,6,6,8),(0.,
    0.2452716746,0.533822845144,1.),.UNSPECIFIED.);
#3043 = CARTESIAN_POINT('',(6.472720464161,-10.32026954573,1.2));
#3044 = CARTESIAN_POINT('',(6.98283876024,-9.670011159363,1.2));
#3045 = CARTESIAN_POINT('',(7.485065371021,-9.013398904621,1.2));
#3046 = CARTESIAN_POINT('',(7.980725602937,-8.351659827551,1.2));
#3047 = CARTESIAN_POINT('',(8.470428661512,-7.685415840234,1.2));
#3048 = CARTESIAN_POINT('',(8.954659435987,-7.015147168754,1.2));
#3049 = CARTESIAN_POINT('',(9.433730150977,-6.341152284211,1.2));
#3050 = CARTESIAN_POINT('',(10.465723938826,-4.866573329782,1.2));
#3051 = CARTESIAN_POINT('',(11.016736807692,-4.064672991976,1.2));
#3052 = CARTESIAN_POINT('',(11.561305598553,-3.258306328376,1.2));
#3053 = CARTESIAN_POINT('',(12.099622913436,-2.447706787426,1.2));
#3054 = CARTESIAN_POINT('',(12.631779439537,-1.633028041672,1.2));
#3055 = CARTESIAN_POINT('',(13.157802141363,-0.814370684947,1.2));
#3056 = CARTESIAN_POINT('',(14.517507670215,1.337180606793,1.2));
#3057 = CARTESIAN_POINT('',(15.341218867051,2.676355940699,1.2));
#3058 = CARTESIAN_POINT('',(16.148637514335,4.025570484284,1.2));
#3059 = CARTESIAN_POINT('',(16.939130678705,5.384868296579,1.2));
#3060 = CARTESIAN_POINT('',(17.711692280272,6.754443015257,1.2));
#3061 = CARTESIAN_POINT('',(18.464901820728,8.134658333858,1.2));
#3062 = CARTESIAN_POINT('',(19.196729080427,9.526159157574,1.2));
#3063 = PCURVE('',#75,#3064);
#3064 = DEFINITIONAL_REPRESENTATION('',(#3065),#3086);
#3065 = B_SPLINE_CURVE_WITH_KNOTS('',7,(#3066,#3067,#3068,#3069,#3070,
    #3071,#3072,#3073,#3074,#3075,#3076,#3077,#3078,#3079,#3080,#3081,
    #3082,#3083,#3084,#3085),.UNSPECIFIED.,.F.,.F.,(8,6,6,8),(0.,
    0.2452716746,0.533822845144,1.),.UNSPECIFIED.);
#3066 = CARTESIAN_POINT('',(6.472720464161,-10.32026954573));
#3067 = CARTESIAN_POINT('',(6.98283876024,-9.670011159363));
#3068 = CARTESIAN_POINT('',(7.485065371021,-9.013398904621));
#3069 = CARTESIAN_POINT('',(7.980725602937,-8.35165982755));
#3070 = CARTESIAN_POINT('',(8.470428661512,-7.685415840234));
#3071 = CARTESIAN_POINT('',(8.954659435987,-7.015147168754));
#3072 = CARTESIAN_POINT('',(9.433730150977,-6.341152284211));
#3073 = CARTESIAN_POINT('',(10.465723938825,-4.866573329781));
#3074 = CARTESIAN_POINT('',(11.016736807692,-4.064672991976));
#3075 = CARTESIAN_POINT('',(11.561305598553,-3.258306328376));
#3076 = CARTESIAN_POINT('',(12.099622913436,-2.447706787425));
#3077 = CARTESIAN_POINT('',(12.631779439537,-1.633028041671));
#3078 = CARTESIAN_POINT('',(13.157802141362,-0.814370684947));
#3079 = CARTESIAN_POINT('',(14.517507670215,1.337180606793));
#3080 = CARTESIAN_POINT('',(15.341218867051,2.676355940699));
#3081 = CARTESIAN_POINT('',(16.148637514335,4.025570484284));
#3082 = CARTESIAN_POINT('',(16.939130678705,5.384868296579));
#3083 = CARTESIAN_POINT('',(17.711692280272,6.754443015257));
#3084 = CARTESIAN_POINT('',(18.464901820728,8.134658333858));
#3085 = CARTESIAN_POINT('',(19.196729080427,9.526159157574));
#3086 = ( GEOMETRIC_REPRESENTATION_CONTEXT(2) 
PARAMETRIC_REPRESENTATION_CONTEXT() REPRESENTATION_CONTEXT('2D SPACE',''
  ) );
#3087 = PCURVE('',#1517,#3088);
#3088 = DEFINITIONAL_REPRESENTATION('',(#3089),#3110);
#3089 = B_SPLINE_CURVE_WITH_KNOTS('',7,(#3090,#3091,#3092,#3093,#3094,
    #3095,#3096,#3097,#3098,#3099,#3100,#3101,#3102,#3103,#3104,#3105,
    #3106,#3107,#3108,#3109),.UNSPECIFIED.,.F.,.F.,(8,6,6,8),(0.,
    0.2452716746,0.533822845144,1.),.UNSPECIFIED.);
#3090 = CARTESIAN_POINT('',(1.,-2.2));
#3091 = CARTESIAN_POINT('',(0.953373736179,-2.2));
#3092 = CARTESIAN_POINT('',(0.909365916611,-2.2));
#3093 = CARTESIAN_POINT('',(0.86726502931,-2.2));
#3094 = CARTESIAN_POINT('',(0.826722482045,-2.2));
#3095 = CARTESIAN_POINT('',(0.787454447729,-2.2));
#3096 = CARTESIAN_POINT('',(0.74926736529,-2.2));
#3097 = CARTESIAN_POINT('',(0.668156609217,-2.2));
#3098 = CARTESIAN_POINT('',(0.625588308778,-2.2));
#3099 = CARTESIAN_POINT('',(0.584039545235,-2.2));
#3100 = CARTESIAN_POINT('',(0.543333329867,-2.2));
#3101 = CARTESIAN_POINT('',(0.503332627872,-2.2));
#3102 = CARTESIAN_POINT('',(0.463920643339,-2.2));
#3103 = CARTESIAN_POINT('',(0.362120633602,-2.2));
#3104 = CARTESIAN_POINT('',(0.300525202396,-2.2));
#3105 = CARTESIAN_POINT('',(0.239800443881,-2.2));
#3106 = CARTESIAN_POINT('',(0.179641178111,-2.2));
#3107 = CARTESIAN_POINT('',(0.119788824449,-2.2));
#3108 = CARTESIAN_POINT('',(5.999354289486E-02,-2.2));
#3109 = CARTESIAN_POINT('',(0.,-2.2));
#3110 = ( GEOMETRIC_REPRESENTATION_CONTEXT(2) 
PARAMETRIC_REPRESENTATION_CONTEXT() REPRESENTATION_CONTEXT('2D SPACE',''
  ) );
#3111 = ORIENTED_EDGE('',*,*,#3112,.F.);
#3112 = EDGE_CURVE('',#3113,#3039,#3115,.T.);
#3113 = VERTEX_POINT('',#3114);
#3114 = CARTESIAN_POINT('',(6.040627886739,-9.888176968311,1.2));
#3115 = SURFACE_CURVE('',#3116,(#3120,#3126),.PCURVE_S1.);
#3116 = LINE('',#3117,#3118);
#3117 = CARTESIAN_POINT('',(2.274472961687,-6.12202204326,1.2));
#3118 = VECTOR('',#3119,1.);
#3119 = DIRECTION('',(0.707106781187,-0.707106781187,0.));
#3120 = PCURVE('',#75,#3121);
#3121 = DEFINITIONAL_REPRESENTATION('',(#3122),#3125);
#3122 = B_SPLINE_CURVE_WITH_KNOTS('',1,(#3123,#3124),.UNSPECIFIED.,.F.,
  .F.,(2,2),(5.326147373006,5.937218556197),.PIECEWISE_BEZIER_KNOTS.);
#3123 = CARTESIAN_POINT('',(6.040627886739,-9.888176968311));
#3124 = CARTESIAN_POINT('',(6.472720464161,-10.32026954573));
#3125 = ( GEOMETRIC_REPRESENTATION_CONTEXT(2) 
PARAMETRIC_REPRESENTATION_CONTEXT() REPRESENTATION_CONTEXT('2D SPACE',''
  ) );
#3126 = PCURVE('',#1564,#3127);
#3127 = DEFINITIONAL_REPRESENTATION('',(#3128),#3131);
#3128 = B_SPLINE_CURVE_WITH_KNOTS('',1,(#3129,#3130),.UNSPECIFIED.,.F.,
  .F.,(2,2),(5.326147373006,5.937218556197),.PIECEWISE_BEZIER_KNOTS.);
#3129 = CARTESIAN_POINT('',(0.611071183191,-2.2));
#3130 = CARTESIAN_POINT('',(0.,-2.2));
#3131 = ( GEOMETRIC_REPRESENTATION_CONTEXT(2) 
PARAMETRIC_REPRESENTATION_CONTEXT() REPRESENTATION_CONTEXT('2D SPACE',''
  ) );
#3132 = ORIENTED_EDGE('',*,*,#3133,.F.);
#3133 = EDGE_CURVE('',#3134,#3113,#3136,.T.);
#3134 = VERTEX_POINT('',#3135);
#3135 = CARTESIAN_POINT('',(-9.870502343143,6.022953261571,1.2));
#3136 = SURFACE_CURVE('',#3137,(#3142,#3153),.PCURVE_S1.);
#3137 = CIRCLE('',#3138,12.221423663821);
#3138 = AXIS2_PLACEMENT_3D('',#3139,#3140,#3141);
#3139 = CARTESIAN_POINT('',(-5.28993084112,-5.307605466288,1.2));
#3140 = DIRECTION('',(0.,-0.,-1.));
#3141 = DIRECTION('',(0.927106288067,-0.374798520043,0.));
#3142 = PCURVE('',#75,#3143);
#3143 = DEFINITIONAL_REPRESENTATION('',(#3144),#3152);
#3144 = ( BOUNDED_CURVE() B_SPLINE_CURVE(2,(#3145,#3146,#3147,#3148,
#3149,#3150,#3151),.UNSPECIFIED.,.T.,.F.) B_SPLINE_CURVE_WITH_KNOTS((1,2
    ,2,2,2,1),(-2.094395102393,0.,2.094395102393,4.188790204786,
6.28318530718,8.377580409573),.UNSPECIFIED.) CURVE() 
GEOMETRIC_REPRESENTATION_ITEM() RATIONAL_B_SPLINE_CURVE((1.,0.5,1.,0.5,
1.,0.5,1.)) REPRESENTATION_ITEM('') );
#3145 = CARTESIAN_POINT('',(6.040627886739,-9.888176968311));
#3146 = CARTESIAN_POINT('',(-1.893154682467,-29.5132803631));
#3147 = CARTESIAN_POINT('',(-14.92210148965,-12.82987141267));
#3148 = CARTESIAN_POINT('',(-27.95104829683,3.853537537758));
#3149 = CARTESIAN_POINT('',(-6.988318920447,6.795231982121));
#3150 = CARTESIAN_POINT('',(13.974410455945,9.736926426484));
#3151 = CARTESIAN_POINT('',(6.040627886739,-9.888176968311));
#3152 = ( GEOMETRIC_REPRESENTATION_CONTEXT(2) 
PARAMETRIC_REPRESENTATION_CONTEXT() REPRESENTATION_CONTEXT('2D SPACE',''
  ) );
#3153 = PCURVE('',#1596,#3154);
#3154 = DEFINITIONAL_REPRESENTATION('',(#3155),#3159);
#3155 = LINE('',#3156,#3157);
#3156 = CARTESIAN_POINT('',(-6.28318530718,-2.2));
#3157 = VECTOR('',#3158,1.);
#3158 = DIRECTION('',(1.,-0.));
#3159 = ( GEOMETRIC_REPRESENTATION_CONTEXT(2) 
PARAMETRIC_REPRESENTATION_CONTEXT() REPRESENTATION_CONTEXT('2D SPACE',''
  ) );
#3160 = ORIENTED_EDGE('',*,*,#3161,.F.);
#3161 = EDGE_CURVE('',#3162,#3134,#3164,.T.);
#3162 = VERTEX_POINT('',#3163);
#3163 = CARTESIAN_POINT('',(-10.30259492056,6.455045838993,1.2));
#3164 = SURFACE_CURVE('',#3165,(#3169,#3175),.PCURVE_S1.);
#3165 = LINE('',#3166,#3167);
#3166 = CARTESIAN_POINT('',(-5.897138441965,2.049589360392,1.2));
#3167 = VECTOR('',#3168,1.);
#3168 = DIRECTION('',(0.707106781187,-0.707106781187,0.));
#3169 = PCURVE('',#75,#3170);
#3170 = DEFINITIONAL_REPRESENTATION('',(#3171),#3174);
#3171 = B_SPLINE_CURVE_WITH_KNOTS('',1,(#3172,#3173),.UNSPECIFIED.,.F.,
  .F.,(2,2),(-6.230256300481,-5.61918511729),.PIECEWISE_BEZIER_KNOTS.);
#3172 = CARTESIAN_POINT('',(-10.30259492056,6.455045838993));
#3173 = CARTESIAN_POINT('',(-9.870502343143,6.022953261571));
#3174 = ( GEOMETRIC_REPRESENTATION_CONTEXT(2) 
PARAMETRIC_REPRESENTATION_CONTEXT() REPRESENTATION_CONTEXT('2D SPACE',''
  ) );
#3175 = PCURVE('',#1623,#3176);
#3176 = DEFINITIONAL_REPRESENTATION('',(#3177),#3180);
#3177 = B_SPLINE_CURVE_WITH_KNOTS('',1,(#3178,#3179),.UNSPECIFIED.,.F.,
  .F.,(2,2),(-6.230256300481,-5.61918511729),.PIECEWISE_BEZIER_KNOTS.);
#3178 = CARTESIAN_POINT('',(0.611071183191,-2.2));
#3179 = CARTESIAN_POINT('',(0.,-2.2));
#3180 = ( GEOMETRIC_REPRESENTATION_CONTEXT(2) 
PARAMETRIC_REPRESENTATION_CONTEXT() REPRESENTATION_CONTEXT('2D SPACE',''
  ) );
#3181 = ORIENTED_EDGE('',*,*,#3182,.F.);
#3182 = EDGE_CURVE('',#3183,#3162,#3185,.T.);
#3183 = VERTEX_POINT('',#3184);
#3184 = CARTESIAN_POINT('',(9.543833782742,19.179054455259,1.2));
#3185 = SURFACE_CURVE('',#3186,(#3207,#3231),.PCURVE_S1.);
#3186 = B_SPLINE_CURVE_WITH_KNOTS('',7,(#3187,#3188,#3189,#3190,#3191,
    #3192,#3193,#3194,#3195,#3196,#3197,#3198,#3199,#3200,#3201,#3202,
    #3203,#3204,#3205,#3206),.UNSPECIFIED.,.F.,.F.,(8,6,6,8),(0.,
    0.466177154855,0.754728325399,1.),.UNSPECIFIED.);
#3187 = CARTESIAN_POINT('',(9.543833782742,19.179054455259,1.2));
#3188 = CARTESIAN_POINT('',(8.152332959023,18.447227195559,1.2));
#3189 = CARTESIAN_POINT('',(6.772117640432,17.694017655108,1.2));
#3190 = CARTESIAN_POINT('',(5.402542921742,16.921456053534,1.2));
#3191 = CARTESIAN_POINT('',(4.043245109447,16.130962889164,1.2));
#3192 = CARTESIAN_POINT('',(2.694030565875,15.323544241887,1.2));
#3193 = CARTESIAN_POINT('',(1.354855231957,14.499833045045,1.2));
#3194 = CARTESIAN_POINT('',(-0.796696059779,13.140127516194,1.2));
#3195 = CARTESIAN_POINT('',(-1.615353416502,12.61410481437,1.2));
#3196 = CARTESIAN_POINT('',(-2.430032162259,12.081948288268,1.2));
#3197 = CARTESIAN_POINT('',(-3.240631703209,11.543630973384,1.2));
#3198 = CARTESIAN_POINT('',(-4.046998366806,10.999062182525,1.2));
#3199 = CARTESIAN_POINT('',(-4.848898704614,10.448049313657,1.2));
#3200 = CARTESIAN_POINT('',(-6.323477659044,9.416055525809,1.2));
#3201 = CARTESIAN_POINT('',(-6.997472543585,8.93698481082,1.2));
#3202 = CARTESIAN_POINT('',(-7.667741215068,8.452754036343,1.2));
#3203 = CARTESIAN_POINT('',(-8.33398520238,7.963050977771,1.2));
#3204 = CARTESIAN_POINT('',(-8.995724279455,7.467390745852,1.2));
#3205 = CARTESIAN_POINT('',(-9.652336534194,6.965164135072,1.2));
#3206 = CARTESIAN_POINT('',(-10.30259492056,6.455045838993,1.2));
#3207 = PCURVE('',#75,#3208);
#3208 = DEFINITIONAL_REPRESENTATION('',(#3209),#3230);
#3209 = B_SPLINE_CURVE_WITH_KNOTS('',7,(#3210,#3211,#3212,#3213,#3214,
    #3215,#3216,#3217,#3218,#3219,#3220,#3221,#3222,#3223,#3224,#3225,
    #3226,#3227,#3228,#3229),.UNSPECIFIED.,.F.,.F.,(8,6,6,8),(0.,
    0.466177154855,0.754728325399,1.),.UNSPECIFIED.);
#3210 = CARTESIAN_POINT('',(9.543833782742,19.179054455259));
#3211 = CARTESIAN_POINT('',(8.152332959023,18.447227195559));
#3212 = CARTESIAN_POINT('',(6.772117640432,17.694017655108));
#3213 = CARTESIAN_POINT('',(5.402542921742,16.921456053534));
#3214 = CARTESIAN_POINT('',(4.043245109447,16.130962889165));
#3215 = CARTESIAN_POINT('',(2.694030565875,15.323544241888));
#3216 = CARTESIAN_POINT('',(1.354855231957,14.499833045045));
#3217 = CARTESIAN_POINT('',(-0.79669605978,13.140127516194));
#3218 = CARTESIAN_POINT('',(-1.615353416502,12.61410481437));
#3219 = CARTESIAN_POINT('',(-2.430032162259,12.081948288268));
#3220 = CARTESIAN_POINT('',(-3.24063170321,11.543630973384));
#3221 = CARTESIAN_POINT('',(-4.046998366806,10.999062182526));
#3222 = CARTESIAN_POINT('',(-4.848898704614,10.448049313657));
#3223 = CARTESIAN_POINT('',(-6.323477659044,9.416055525809));
#3224 = CARTESIAN_POINT('',(-6.997472543585,8.93698481082));
#3225 = CARTESIAN_POINT('',(-7.667741215068,8.452754036343));
#3226 = CARTESIAN_POINT('',(-8.33398520238,7.963050977771));
#3227 = CARTESIAN_POINT('',(-8.995724279455,7.467390745852));
#3228 = CARTESIAN_POINT('',(-9.652336534194,6.965164135072));
#3229 = CARTESIAN_POINT('',(-10.30259492056,6.455045838993));
#3230 = ( GEOMETRIC_REPRESENTATION_CONTEXT(2) 
PARAMETRIC_REPRESENTATION_CONTEXT() REPRESENTATION_CONTEXT('2D SPACE',''
  ) );
#3231 = PCURVE('',#1684,#3232);
#3232 = DEFINITIONAL_REPRESENTATION('',(#3233),#3254);
#3233 = B_SPLINE_CURVE_WITH_KNOTS('',7,(#3234,#3235,#3236,#3237,#3238,
    #3239,#3240,#3241,#3242,#3243,#3244,#3245,#3246,#3247,#3248,#3249,
    #3250,#3251,#3252,#3253),.UNSPECIFIED.,.F.,.F.,(8,6,6,8),(0.,
    0.466177154855,0.754728325399,1.),.UNSPECIFIED.);
#3234 = CARTESIAN_POINT('',(1.,-2.2));
#3235 = CARTESIAN_POINT('',(0.940006457105,-2.2));
#3236 = CARTESIAN_POINT('',(0.880211175551,-2.2));
#3237 = CARTESIAN_POINT('',(0.820358821888,-2.2));
#3238 = CARTESIAN_POINT('',(0.760199556119,-2.2));
#3239 = CARTESIAN_POINT('',(0.699474797604,-2.2));
#3240 = CARTESIAN_POINT('',(0.637879366397,-2.2));
#3241 = CARTESIAN_POINT('',(0.536079356661,-2.2));
#3242 = CARTESIAN_POINT('',(0.496667372128,-2.2));
#3243 = CARTESIAN_POINT('',(0.456666670133,-2.2));
#3244 = CARTESIAN_POINT('',(0.415960454765,-2.2));
#3245 = CARTESIAN_POINT('',(0.374411691223,-2.2));
#3246 = CARTESIAN_POINT('',(0.331843390783,-2.2));
#3247 = CARTESIAN_POINT('',(0.25073263471,-2.2));
#3248 = CARTESIAN_POINT('',(0.212545552271,-2.2));
#3249 = CARTESIAN_POINT('',(0.173277517955,-2.2));
#3250 = CARTESIAN_POINT('',(0.13273497069,-2.2));
#3251 = CARTESIAN_POINT('',(9.063408338888E-02,-2.2));
#3252 = CARTESIAN_POINT('',(4.662626382138E-02,-2.2));
#3253 = CARTESIAN_POINT('',(0.,-2.2));
#3254 = ( GEOMETRIC_REPRESENTATION_CONTEXT(2) 
PARAMETRIC_REPRESENTATION_CONTEXT() REPRESENTATION_CONTEXT('2D SPACE',''
  ) );
#3255 = ORIENTED_EDGE('',*,*,#3256,.F.);
#3256 = EDGE_CURVE('',#3257,#3183,#3259,.T.);
#3257 = VERTEX_POINT('',#3258);
#3258 = CARTESIAN_POINT('',(19.073909685656,23.562359545336,1.2));
#3259 = SURFACE_CURVE('',#3260,(#3279,#3301),.PCURVE_S1.);
#3260 = B_SPLINE_CURVE_WITH_KNOTS('',5,(#3261,#3262,#3263,#3264,#3265,
    #3266,#3267,#3268,#3269,#3270,#3271,#3272,#3273,#3274,#3275,#3276,
    #3277,#3278),.UNSPECIFIED.,.F.,.F.,(6,4,4,4,6),(0.,0.230886377519,
    0.473273144617,0.727362899667,1.),.UNSPECIFIED.);
#3261 = CARTESIAN_POINT('',(19.073909685656,23.562359545336,1.2));
#3262 = CARTESIAN_POINT('',(18.620702746065,23.391927523642,1.2));
#3263 = CARTESIAN_POINT('',(18.169320619545,23.216415045277,1.2));
#3264 = CARTESIAN_POINT('',(17.719684264511,23.036271720128,1.2));
#3265 = CARTESIAN_POINT('',(17.271721181486,22.851866106449,1.2));
#3266 = CARTESIAN_POINT('',(16.356756478816,22.46577574119,1.2));
#3267 = CARTESIAN_POINT('',(15.889919863813,22.263688613484,1.2));
#3268 = CARTESIAN_POINT('',(15.424759434851,22.057613242924,1.2));
#3269 = CARTESIAN_POINT('',(14.961198038878,21.847850666467,1.2));
#3270 = CARTESIAN_POINT('',(14.014812563017,21.411175023775,1.2));
#3271 = CARTESIAN_POINT('',(13.53214031765,21.183923440412,1.2));
#3272 = CARTESIAN_POINT('',(13.051055875616,20.953202596784,1.2));
#3273 = CARTESIAN_POINT('',(12.571482071538,20.71926263037,1.2));
#3274 = CARTESIAN_POINT('',(11.580305722298,20.22808258136,1.2));
#3275 = CARTESIAN_POINT('',(11.068921431499,19.970388633521,1.2));
#3276 = CARTESIAN_POINT('',(10.55910098801,19.709506395823,1.2));
#3277 = CARTESIAN_POINT('',(10.050763847721,19.445662447141,1.2));
#3278 = CARTESIAN_POINT('',(9.543833782742,19.179054455259,1.2));
#3279 = PCURVE('',#75,#3280);
#3280 = DEFINITIONAL_REPRESENTATION('',(#3281),#3300);
#3281 = B_SPLINE_CURVE_WITH_KNOTS('',5,(#3282,#3283,#3284,#3285,#3286,
    #3287,#3288,#3289,#3290,#3291,#3292,#3293,#3294,#3295,#3296,#3297,
    #3298,#3299),.UNSPECIFIED.,.F.,.F.,(6,4,4,4,6),(0.,0.230886377519,
    0.473273144617,0.727362899667,1.),.UNSPECIFIED.);
#3282 = CARTESIAN_POINT('',(19.073909685656,23.562359545336));
#3283 = CARTESIAN_POINT('',(18.620702746064,23.391927523643));
#3284 = CARTESIAN_POINT('',(18.169320619545,23.216415045277));
#3285 = CARTESIAN_POINT('',(17.719684264511,23.036271720128));
#3286 = CARTESIAN_POINT('',(17.271721181486,22.851866106449));
#3287 = CARTESIAN_POINT('',(16.356756478816,22.46577574119));
#3288 = CARTESIAN_POINT('',(15.889919863813,22.263688613484));
#3289 = CARTESIAN_POINT('',(15.424759434851,22.057613242924));
#3290 = CARTESIAN_POINT('',(14.961198038878,21.847850666467));
#3291 = CARTESIAN_POINT('',(14.014812563017,21.411175023775));
#3292 = CARTESIAN_POINT('',(13.532140317649,21.183923440412));
#3293 = CARTESIAN_POINT('',(13.051055875616,20.953202596784));
#3294 = CARTESIAN_POINT('',(12.571482071538,20.719262630371));
#3295 = CARTESIAN_POINT('',(11.580305722298,20.22808258136));
#3296 = CARTESIAN_POINT('',(11.068921431499,19.970388633521));
#3297 = CARTESIAN_POINT('',(10.55910098801,19.709506395824));
#3298 = CARTESIAN_POINT('',(10.050763847721,19.445662447141));
#3299 = CARTESIAN_POINT('',(9.543833782742,19.179054455259));
#3300 = ( GEOMETRIC_REPRESENTATION_CONTEXT(2) 
PARAMETRIC_REPRESENTATION_CONTEXT() REPRESENTATION_CONTEXT('2D SPACE',''
  ) );
#3301 = PCURVE('',#1762,#3302);
#3302 = DEFINITIONAL_REPRESENTATION('',(#3303),#3322);
#3303 = B_SPLINE_CURVE_WITH_KNOTS('',5,(#3304,#3305,#3306,#3307,#3308,
    #3309,#3310,#3311,#3312,#3313,#3314,#3315,#3316,#3317,#3318,#3319,
    #3320,#3321),.UNSPECIFIED.,.F.,.F.,(6,4,4,4,6),(0.,0.230886377519,
    0.473273144617,0.727362899667,1.),.UNSPECIFIED.);
#3304 = CARTESIAN_POINT('',(1.,-2.2));
#3305 = CARTESIAN_POINT('',(0.948766755342,-2.2));
#3306 = CARTESIAN_POINT('',(0.898302973045,-2.2));
#3307 = CARTESIAN_POINT('',(0.848551669186,-2.2));
#3308 = CARTESIAN_POINT('',(0.799464972499,-2.2));
#3309 = CARTESIAN_POINT('',(0.700121000001,-2.2));
#3310 = CARTESIAN_POINT('',(0.649927412158,-2.2));
#3311 = CARTESIAN_POINT('',(0.600369867649,-2.2));
#3312 = CARTESIAN_POINT('',(0.551406545566,-2.2));
#3313 = CARTESIAN_POINT('',(0.452256275609,-2.2));
#3314 = CARTESIAN_POINT('',(0.40212452177,-2.2));
#3315 = CARTESIAN_POINT('',(0.352561763574,-2.2));
#3316 = CARTESIAN_POINT('',(0.30353124934,-2.2));
#3317 = CARTESIAN_POINT('',(0.202926199964,-2.2));
#3318 = CARTESIAN_POINT('',(0.151427303665,-2.2));
#3319 = CARTESIAN_POINT('',(0.10046268444,-2.2));
#3320 = CARTESIAN_POINT('',(4.999739139856E-02,-2.2));
#3321 = CARTESIAN_POINT('',(0.,-2.2));
#3322 = ( GEOMETRIC_REPRESENTATION_CONTEXT(2) 
PARAMETRIC_REPRESENTATION_CONTEXT() REPRESENTATION_CONTEXT('2D SPACE',''
  ) );
#3323 = ORIENTED_EDGE('',*,*,#3324,.F.);
#3324 = EDGE_CURVE('',#3325,#3257,#3327,.T.);
#3325 = VERTEX_POINT('',#3326);
#3326 = CARTESIAN_POINT('',(23.241179451101,24.839456255409,1.2));
#3327 = SURFACE_CURVE('',#3328,(#3343,#3361),.PCURVE_S1.);
#3328 = B_SPLINE_CURVE_WITH_KNOTS('',7,(#3329,#3330,#3331,#3332,#3333,
    #3334,#3335,#3336,#3337,#3338,#3339,#3340,#3341,#3342),
  .UNSPECIFIED.,.F.,.F.,(8,6,8),(0.,0.791054022232,1.),.UNSPECIFIED.);
#3329 = CARTESIAN_POINT('',(23.241179451101,24.839456255409,1.2));
#3330 = CARTESIAN_POINT('',(22.76044263527,24.742293609014,1.2));
#3331 = CARTESIAN_POINT('',(22.282574399127,24.625881561223,1.2));
#3332 = CARTESIAN_POINT('',(21.807457751399,24.495081953422,1.2));
#3333 = CARTESIAN_POINT('',(21.335094906272,24.352777414895,1.2));
#3334 = CARTESIAN_POINT('',(20.865335064037,24.201239219249,1.2));
#3335 = CARTESIAN_POINT('',(20.397873488565,24.042096353757,1.2));
#3336 = CARTESIAN_POINT('',(19.809199598833,23.832925533798,1.2));
#3337 = CARTESIAN_POINT('',(19.686335941592,23.78878350091,1.2));
#3338 = CARTESIAN_POINT('',(19.563604832176,23.744229841806,1.2));
#3339 = CARTESIAN_POINT('',(19.441001449633,23.69928843305,1.2));
#3340 = CARTESIAN_POINT('',(19.318520988475,23.653982022594,1.2));
#3341 = CARTESIAN_POINT('',(19.196158658673,23.608332229779,1.2));
#3342 = CARTESIAN_POINT('',(19.073909685656,23.562359545336,1.2));
#3343 = PCURVE('',#75,#3344);
#3344 = DEFINITIONAL_REPRESENTATION('',(#3345),#3360);
#3345 = B_SPLINE_CURVE_WITH_KNOTS('',7,(#3346,#3347,#3348,#3349,#3350,
    #3351,#3352,#3353,#3354,#3355,#3356,#3357,#3358,#3359),
  .UNSPECIFIED.,.F.,.F.,(8,6,8),(0.,0.791054022232,1.),.UNSPECIFIED.);
#3346 = CARTESIAN_POINT('',(23.241179451101,24.839456255409));
#3347 = CARTESIAN_POINT('',(22.76044263527,24.742293609014));
#3348 = CARTESIAN_POINT('',(22.282574399127,24.625881561224));
#3349 = CARTESIAN_POINT('',(21.807457751399,24.495081953422));
#3350 = CARTESIAN_POINT('',(21.335094906272,24.352777414896));
#3351 = CARTESIAN_POINT('',(20.865335064037,24.201239219249));
#3352 = CARTESIAN_POINT('',(20.397873488565,24.042096353757));
#3353 = CARTESIAN_POINT('',(19.809199598833,23.832925533798));
#3354 = CARTESIAN_POINT('',(19.686335941592,23.78878350091));
#3355 = CARTESIAN_POINT('',(19.563604832175,23.744229841806));
#3356 = CARTESIAN_POINT('',(19.441001449633,23.69928843305));
#3357 = CARTESIAN_POINT('',(19.318520988475,23.653982022594));
#3358 = CARTESIAN_POINT('',(19.196158658672,23.60833222978));
#3359 = CARTESIAN_POINT('',(19.073909685656,23.562359545336));
#3360 = ( GEOMETRIC_REPRESENTATION_CONTEXT(2) 
PARAMETRIC_REPRESENTATION_CONTEXT() REPRESENTATION_CONTEXT('2D SPACE',''
  ) );
#3361 = PCURVE('',#1830,#3362);
#3362 = DEFINITIONAL_REPRESENTATION('',(#3363),#3378);
#3363 = B_SPLINE_CURVE_WITH_KNOTS('',7,(#3364,#3365,#3366,#3367,#3368,
    #3369,#3370,#3371,#3372,#3373,#3374,#3375,#3376,#3377),
  .UNSPECIFIED.,.F.,.F.,(8,6,8),(0.,0.791054022232,1.),.UNSPECIFIED.);
#3364 = CARTESIAN_POINT('',(1.,-2.2));
#3365 = CARTESIAN_POINT('',(0.875994160269,-2.2));
#3366 = CARTESIAN_POINT('',(0.756671629224,-2.2));
#3367 = CARTESIAN_POINT('',(0.640815631741,-2.2));
#3368 = CARTESIAN_POINT('',(0.527709317509,-2.2));
#3369 = CARTESIAN_POINT('',(0.416726942352,-2.2));
#3370 = CARTESIAN_POINT('',(0.307335876718,-2.2));
#3371 = CARTESIAN_POINT('',(0.170384576714,-2.2));
#3372 = CARTESIAN_POINT('',(0.141845693832,-2.2));
#3373 = CARTESIAN_POINT('',(0.113374623176,-2.2));
#3374 = CARTESIAN_POINT('',(8.496281087449E-02,-2.2));
#3375 = CARTESIAN_POINT('',(5.660187736404E-02,-2.2));
#3376 = CARTESIAN_POINT('',(2.828361738872E-02,-2.2));
#3377 = CARTESIAN_POINT('',(0.,-2.2));
#3378 = ( GEOMETRIC_REPRESENTATION_CONTEXT(2) 
PARAMETRIC_REPRESENTATION_CONTEXT() REPRESENTATION_CONTEXT('2D SPACE',''
  ) );
#3379 = ORIENTED_EDGE('',*,*,#3380,.F.);
#3380 = EDGE_CURVE('',#3381,#3325,#3383,.T.);
#3381 = VERTEX_POINT('',#3382);
#3382 = CARTESIAN_POINT('',(24.656579206159,24.996873482168,1.2));
#3383 = SURFACE_CURVE('',#3384,(#3405,#3429),.PCURVE_S1.);
#3384 = B_SPLINE_CURVE_WITH_KNOTS('',7,(#3385,#3386,#3387,#3388,#3389,
    #3390,#3391,#3392,#3393,#3394,#3395,#3396,#3397,#3398,#3399,#3400,
    #3401,#3402,#3403,#3404),.UNSPECIFIED.,.F.,.F.,(8,6,6,8),(0.,
    0.424585060619,0.695017569213,1.),.UNSPECIFIED.);
#3385 = CARTESIAN_POINT('',(24.656579206159,24.996873482168,1.2));
#3386 = CARTESIAN_POINT('',(24.574947135886,25.00107952993,1.2));
#3387 = CARTESIAN_POINT('',(24.4912867052,25.001729501553,1.2));
#3388 = CARTESIAN_POINT('',(24.406285086599,24.999592619723,1.2));
#3389 = CARTESIAN_POINT('',(24.320384584663,24.995139608633,1.2));
#3390 = CARTESIAN_POINT('',(24.233910205413,24.988742409747,1.2));
#3391 = CARTESIAN_POINT('',(24.147071153027,24.980673082411,1.2));
#3392 = CARTESIAN_POINT('',(24.004534314253,24.965074900501,1.2));
#3393 = CARTESIAN_POINT('',(23.948994513834,24.958415408814,1.2));
#3394 = CARTESIAN_POINT('',(23.893423002645,24.951222224238,1.2));
#3395 = CARTESIAN_POINT('',(23.837862664136,24.943543675613,1.2));
#3396 = CARTESIAN_POINT('',(23.78235414125,24.93542171755,1.2));
#3397 = CARTESIAN_POINT('',(23.726937477691,24.926893747256,1.2));
#3398 = CARTESIAN_POINT('',(23.609307102235,24.90795813522,1.2));
#3399 = CARTESIAN_POINT('',(23.547132389324,24.8974499399,1.2));
#3400 = CARTESIAN_POINT('',(23.485187142258,24.88651906495,1.2));
#3401 = CARTESIAN_POINT('',(23.423536364958,24.875210585164,1.2));
#3402 = CARTESIAN_POINT('',(23.362254512352,24.863567613851,1.2));
#3403 = CARTESIAN_POINT('',(23.301431028092,24.851633818011,1.2));
#3404 = CARTESIAN_POINT('',(23.241179451101,24.839456255409,1.2));
#3405 = PCURVE('',#75,#3406);
#3406 = DEFINITIONAL_REPRESENTATION('',(#3407),#3428);
#3407 = B_SPLINE_CURVE_WITH_KNOTS('',7,(#3408,#3409,#3410,#3411,#3412,
    #3413,#3414,#3415,#3416,#3417,#3418,#3419,#3420,#3421,#3422,#3423,
    #3424,#3425,#3426,#3427),.UNSPECIFIED.,.F.,.F.,(8,6,6,8),(0.,
    0.424585060619,0.695017569213,1.),.UNSPECIFIED.);
#3408 = CARTESIAN_POINT('',(24.656579206158,24.996873482168));
#3409 = CARTESIAN_POINT('',(24.574947135886,25.00107952993));
#3410 = CARTESIAN_POINT('',(24.4912867052,25.001729501553));
#3411 = CARTESIAN_POINT('',(24.406285086599,24.999592619723));
#3412 = CARTESIAN_POINT('',(24.320384584663,24.995139608633));
#3413 = CARTESIAN_POINT('',(24.233910205413,24.988742409747));
#3414 = CARTESIAN_POINT('',(24.147071153027,24.980673082411));
#3415 = CARTESIAN_POINT('',(24.004534314253,24.965074900501));
#3416 = CARTESIAN_POINT('',(23.948994513834,24.958415408814));
#3417 = CARTESIAN_POINT('',(23.893423002644,24.951222224238));
#3418 = CARTESIAN_POINT('',(23.837862664136,24.943543675614));
#3419 = CARTESIAN_POINT('',(23.78235414125,24.93542171755));
#3420 = CARTESIAN_POINT('',(23.726937477691,24.926893747256));
#3421 = CARTESIAN_POINT('',(23.609307102235,24.90795813522));
#3422 = CARTESIAN_POINT('',(23.547132389323,24.8974499399));
#3423 = CARTESIAN_POINT('',(23.485187142258,24.88651906495));
#3424 = CARTESIAN_POINT('',(23.423536364958,24.875210585164));
#3425 = CARTESIAN_POINT('',(23.362254512352,24.863567613852));
#3426 = CARTESIAN_POINT('',(23.301431028092,24.851633818011));
#3427 = CARTESIAN_POINT('',(23.241179451101,24.839456255409));
#3428 = ( GEOMETRIC_REPRESENTATION_CONTEXT(2) 
PARAMETRIC_REPRESENTATION_CONTEXT() REPRESENTATION_CONTEXT('2D SPACE',''
  ) );
#3429 = PCURVE('',#1906,#3430);
#3430 = DEFINITIONAL_REPRESENTATION('',(#3431),#3452);
#3431 = B_SPLINE_CURVE_WITH_KNOTS('',7,(#3432,#3433,#3434,#3435,#3436,
    #3437,#3438,#3439,#3440,#3441,#3442,#3443,#3444,#3445,#3446,#3447,
    #3448,#3449,#3450,#3451),.UNSPECIFIED.,.F.,.F.,(8,6,6,8),(0.,
    0.424585060619,0.695017569213,1.),.UNSPECIFIED.);
#3432 = CARTESIAN_POINT('',(1.,-2.2));
#3433 = CARTESIAN_POINT('',(0.932914682632,-2.2));
#3434 = CARTESIAN_POINT('',(0.868153236459,-2.2));
#3435 = CARTESIAN_POINT('',(0.805143397156,-2.2));
#3436 = CARTESIAN_POINT('',(0.74352962106,-2.2));
#3437 = CARTESIAN_POINT('',(0.682993917236,-2.2));
#3438 = CARTESIAN_POINT('',(0.623250681063,-2.2));
#3439 = CARTESIAN_POINT('',(0.526261247976,-2.2));
#3440 = CARTESIAN_POINT('',(0.48873424971,-2.2));
#3441 = CARTESIAN_POINT('',(0.451351015807,-2.2));
#3442 = CARTESIAN_POINT('',(0.414048209825,-2.2));
#3443 = CARTESIAN_POINT('',(0.376764348783,-2.2));
#3444 = CARTESIAN_POINT('',(0.33943700368,-2.2));
#3445 = CARTESIAN_POINT('',(0.259780118806,-2.2));
#3446 = CARTESIAN_POINT('',(0.21742264151,-2.2));
#3447 = CARTESIAN_POINT('',(0.174832104568,-2.2));
#3448 = CARTESIAN_POINT('',(0.131909566463,-2.2));
#3449 = CARTESIAN_POINT('',(8.854915587186E-02,-2.2));
#3450 = CARTESIAN_POINT('',(4.462949527437E-02,-2.2));
#3451 = CARTESIAN_POINT('',(0.,-2.2));
#3452 = ( GEOMETRIC_REPRESENTATION_CONTEXT(2) 
PARAMETRIC_REPRESENTATION_CONTEXT() REPRESENTATION_CONTEXT('2D SPACE',''
  ) );
#3453 = ORIENTED_EDGE('',*,*,#3454,.F.);
#3454 = EDGE_CURVE('',#2761,#3381,#3455,.T.);
#3455 = SURFACE_CURVE('',#3456,(#3474,#3495),.PCURVE_S1.);
#3456 = B_SPLINE_CURVE_WITH_KNOTS('',6,(#3457,#3458,#3459,#3460,#3461,
    #3462,#3463,#3464,#3465,#3466,#3467,#3468,#3469,#3470,#3471,#3472,
    #3473),.UNSPECIFIED.,.F.,.F.,(7,5,5,7),(0.,0.48596976017,
    0.742727356727,1.),.UNSPECIFIED.);
#3457 = CARTESIAN_POINT('',(24.956549578425,24.938874953258,1.2));
#3458 = CARTESIAN_POINT('',(24.949020489585,24.946404042098,1.2));
#3459 = CARTESIAN_POINT('',(24.935288169134,24.953491283136,1.2));
#3460 = CARTESIAN_POINT('',(24.916554895824,24.960061949129,1.2));
#3461 = CARTESIAN_POINT('',(24.89408472119,24.966078439751,1.2));
#3462 = CARTESIAN_POINT('',(24.868879841743,24.971525970344,1.2));
#3463 = CARTESIAN_POINT('',(24.82743538831,24.978961925011,1.2));
#3464 = CARTESIAN_POINT('',(24.812579024054,24.981369145763,1.2));
#3465 = CARTESIAN_POINT('',(24.797319377832,24.983610468827,1.2));
#3466 = CARTESIAN_POINT('',(24.781773440201,24.985682877606,1.2));
#3467 = CARTESIAN_POINT('',(24.766052498467,24.987582631617,1.2));
#3468 = CARTESIAN_POINT('',(24.734446551077,24.991030858903,1.2));
#3469 = CARTESIAN_POINT('',(24.718562039329,24.992578537985,1.2));
#3470 = CARTESIAN_POINT('',(24.702721387145,24.993943309134,1.2));
#3471 = CARTESIAN_POINT('',(24.68703416896,24.995119191691,1.2));
#3472 = CARTESIAN_POINT('',(24.671613440024,24.996098851493,1.2));
#3473 = CARTESIAN_POINT('',(24.656579206159,24.996873482168,1.2));
#3474 = PCURVE('',#75,#3475);
#3475 = DEFINITIONAL_REPRESENTATION('',(#3476),#3494);
#3476 = B_SPLINE_CURVE_WITH_KNOTS('',6,(#3477,#3478,#3479,#3480,#3481,
    #3482,#3483,#3484,#3485,#3486,#3487,#3488,#3489,#3490,#3491,#3492,
    #3493),.UNSPECIFIED.,.F.,.F.,(7,5,5,7),(0.,0.48596976017,
    0.742727356727,1.),.UNSPECIFIED.);
#3477 = CARTESIAN_POINT('',(24.956549578425,24.938874953258));
#3478 = CARTESIAN_POINT('',(24.949020489585,24.946404042099));
#3479 = CARTESIAN_POINT('',(24.935288169134,24.953491283136));
#3480 = CARTESIAN_POINT('',(24.916554895824,24.960061949129));
#3481 = CARTESIAN_POINT('',(24.89408472119,24.966078439751));
#3482 = CARTESIAN_POINT('',(24.868879841743,24.971525970344));
#3483 = CARTESIAN_POINT('',(24.827435388309,24.978961925011));
#3484 = CARTESIAN_POINT('',(24.812579024054,24.981369145764));
#3485 = CARTESIAN_POINT('',(24.797319377832,24.983610468827));
#3486 = CARTESIAN_POINT('',(24.781773440201,24.985682877606));
#3487 = CARTESIAN_POINT('',(24.766052498467,24.987582631617));
#3488 = CARTESIAN_POINT('',(24.734446551077,24.991030858903));
#3489 = CARTESIAN_POINT('',(24.718562039329,24.992578537985));
#3490 = CARTESIAN_POINT('',(24.702721387145,24.993943309134));
#3491 = CARTESIAN_POINT('',(24.68703416896,24.995119191691));
#3492 = CARTESIAN_POINT('',(24.671613440024,24.996098851493));
#3493 = CARTESIAN_POINT('',(24.656579206158,24.996873482168));
#3494 = ( GEOMETRIC_REPRESENTATION_CONTEXT(2) 
PARAMETRIC_REPRESENTATION_CONTEXT() REPRESENTATION_CONTEXT('2D SPACE',''
  ) );
#3495 = PCURVE('',#1980,#3496);
#3496 = DEFINITIONAL_REPRESENTATION('',(#3497),#3515);
#3497 = B_SPLINE_CURVE_WITH_KNOTS('',6,(#3498,#3499,#3500,#3501,#3502,
    #3503,#3504,#3505,#3506,#3507,#3508,#3509,#3510,#3511,#3512,#3513,
    #3514),.UNSPECIFIED.,.F.,.F.,(7,5,5,7),(0.,0.48596976017,
    0.742727356727,1.),.UNSPECIFIED.);
#3498 = CARTESIAN_POINT('',(1.,-2.2));
#3499 = CARTESIAN_POINT('',(0.915693193834,-2.2));
#3500 = CARTESIAN_POINT('',(0.831961771404,-2.2));
#3501 = CARTESIAN_POINT('',(0.749144580087,-2.2));
#3502 = CARTESIAN_POINT('',(0.667321747925,-2.2));
#3503 = CARTESIAN_POINT('',(0.586381979294,-2.2));
#3504 = CARTESIAN_POINT('',(0.463530929903,-2.2));
#3505 = CARTESIAN_POINT('',(0.42123164333,-2.2));
#3506 = CARTESIAN_POINT('',(0.379066771086,-2.2));
#3507 = CARTESIAN_POINT('',(0.336999758047,-2.2));
#3508 = CARTESIAN_POINT('',(0.29499166992,-2.2));
#3509 = CARTESIAN_POINT('',(0.210924096266,-2.2));
#3510 = CARTESIAN_POINT('',(0.168866659792,-2.2));
#3511 = CARTESIAN_POINT('',(0.126785102797,-2.2));
#3512 = CARTESIAN_POINT('',(8.463936999626E-02,-2.2));
#3513 = CARTESIAN_POINT('',(4.239063554846E-02,-2.2));
#3514 = CARTESIAN_POINT('',(0.,-2.2));
#3515 = ( GEOMETRIC_REPRESENTATION_CONTEXT(2) 
PARAMETRIC_REPRESENTATION_CONTEXT() REPRESENTATION_CONTEXT('2D SPACE',''
  ) );
#3516 = ADVANCED_FACE('',(#3517),#165,.F.);
#3517 = FACE_BOUND('',#3518,.F.);
#3518 = EDGE_LOOP('',(#3519,#3540,#3541,#3542));
#3519 = ORIENTED_EDGE('',*,*,#3520,.T.);
#3520 = EDGE_CURVE('',#394,#2086,#3521,.T.);
#3521 = SURFACE_CURVE('',#3522,(#3526,#3533),.PCURVE_S1.);
#3522 = LINE('',#3523,#3524);
#3523 = CARTESIAN_POINT('',(-32.,-38.,0.));
#3524 = VECTOR('',#3525,1.);
#3525 = DIRECTION('',(0.,0.,1.));
#3526 = PCURVE('',#165,#3527);
#3527 = DEFINITIONAL_REPRESENTATION('',(#3528),#3532);
#3528 = LINE('',#3529,#3530);
#3529 = CARTESIAN_POINT('',(0.,0.));
#3530 = VECTOR('',#3531,1.);
#3531 = DIRECTION('',(0.,-1.));
#3532 = ( GEOMETRIC_REPRESENTATION_CONTEXT(2) 
PARAMETRIC_REPRESENTATION_CONTEXT() REPRESENTATION_CONTEXT('2D SPACE',''
  ) );
#3533 = PCURVE('',#411,#3534);
#3534 = DEFINITIONAL_REPRESENTATION('',(#3535),#3539);
#3535 = LINE('',#3536,#3537);
#3536 = CARTESIAN_POINT('',(1.,0.));
#3537 = VECTOR('',#3538,1.);
#3538 = DIRECTION('',(0.,-1.));
#3539 = ( GEOMETRIC_REPRESENTATION_CONTEXT(2) 
PARAMETRIC_REPRESENTATION_CONTEXT() REPRESENTATION_CONTEXT('2D SPACE',''
  ) );
#3540 = ORIENTED_EDGE('',*,*,#2110,.T.);
#3541 = ORIENTED_EDGE('',*,*,#147,.F.);
#3542 = ORIENTED_EDGE('',*,*,#426,.F.);
#3543 = ADVANCED_FACE('',(#3544),#269,.F.);
#3544 = FACE_BOUND('',#3545,.F.);
#3545 = EDGE_LOOP('',(#3546,#3547,#3548,#3569));
#3546 = ORIENTED_EDGE('',*,*,#253,.T.);
#3547 = ORIENTED_EDGE('',*,*,#2014,.T.);
#3548 = ORIENTED_EDGE('',*,*,#3549,.F.);
#3549 = EDGE_CURVE('',#310,#2015,#3550,.T.);
#3550 = SURFACE_CURVE('',#3551,(#3555,#3562),.PCURVE_S1.);
#3551 = LINE('',#3552,#3553);
#3552 = CARTESIAN_POINT('',(-32.,38.,0.));
#3553 = VECTOR('',#3554,1.);
#3554 = DIRECTION('',(0.,0.,1.));
#3555 = PCURVE('',#269,#3556);
#3556 = DEFINITIONAL_REPRESENTATION('',(#3557),#3561);
#3557 = LINE('',#3558,#3559);
#3558 = CARTESIAN_POINT('',(64.,0.));
#3559 = VECTOR('',#3560,1.);
#3560 = DIRECTION('',(0.,-1.));
#3561 = ( GEOMETRIC_REPRESENTATION_CONTEXT(2) 
PARAMETRIC_REPRESENTATION_CONTEXT() REPRESENTATION_CONTEXT('2D SPACE',''
  ) );
#3562 = PCURVE('',#350,#3563);
#3563 = DEFINITIONAL_REPRESENTATION('',(#3564),#3568);
#3564 = LINE('',#3565,#3566);
#3565 = CARTESIAN_POINT('',(0.,0.));
#3566 = VECTOR('',#3567,1.);
#3567 = DIRECTION('',(0.,-1.));
#3568 = ( GEOMETRIC_REPRESENTATION_CONTEXT(2) 
PARAMETRIC_REPRESENTATION_CONTEXT() REPRESENTATION_CONTEXT('2D SPACE',''
  ) );
#3569 = ORIENTED_EDGE('',*,*,#309,.F.);
#3570 = ADVANCED_FACE('',(#3571),#411,.F.);
#3571 = FACE_BOUND('',#3572,.F.);
#3572 = EDGE_LOOP('',(#3573,#3594,#3595,#3596));
#3573 = ORIENTED_EDGE('',*,*,#3574,.T.);
#3574 = EDGE_CURVE('',#366,#2063,#3575,.T.);
#3575 = SURFACE_CURVE('',#3576,(#3580,#3587),.PCURVE_S1.);
#3576 = LINE('',#3577,#3578);
#3577 = CARTESIAN_POINT('',(-38.,-32.,0.));
#3578 = VECTOR('',#3579,1.);
#3579 = DIRECTION('',(0.,0.,1.));
#3580 = PCURVE('',#411,#3581);
#3581 = DEFINITIONAL_REPRESENTATION('',(#3582),#3586);
#3582 = LINE('',#3583,#3584);
#3583 = CARTESIAN_POINT('',(0.,0.));
#3584 = VECTOR('',#3585,1.);
#3585 = DIRECTION('',(0.,-1.));
#3586 = ( GEOMETRIC_REPRESENTATION_CONTEXT(2) 
PARAMETRIC_REPRESENTATION_CONTEXT() REPRESENTATION_CONTEXT('2D SPACE',''
  ) );
#3587 = PCURVE('',#381,#3588);
#3588 = DEFINITIONAL_REPRESENTATION('',(#3589),#3593);
#3589 = LINE('',#3590,#3591);
#3590 = CARTESIAN_POINT('',(64.,0.));
#3591 = VECTOR('',#3592,1.);
#3592 = DIRECTION('',(0.,-1.));
#3593 = ( GEOMETRIC_REPRESENTATION_CONTEXT(2) 
PARAMETRIC_REPRESENTATION_CONTEXT() REPRESENTATION_CONTEXT('2D SPACE',''
  ) );
#3594 = ORIENTED_EDGE('',*,*,#2085,.T.);
#3595 = ORIENTED_EDGE('',*,*,#3520,.F.);
#3596 = ORIENTED_EDGE('',*,*,#393,.F.);
#3597 = ADVANCED_FACE('',(#3598),#350,.F.);
#3598 = FACE_BOUND('',#3599,.F.);
#3599 = EDGE_LOOP('',(#3600,#3601,#3602,#3623));
#3600 = ORIENTED_EDGE('',*,*,#3549,.T.);
#3601 = ORIENTED_EDGE('',*,*,#2037,.T.);
#3602 = ORIENTED_EDGE('',*,*,#3603,.F.);
#3603 = EDGE_CURVE('',#333,#2038,#3604,.T.);
#3604 = SURFACE_CURVE('',#3605,(#3609,#3616),.PCURVE_S1.);
#3605 = LINE('',#3606,#3607);
#3606 = CARTESIAN_POINT('',(-38.,32.,0.));
#3607 = VECTOR('',#3608,1.);
#3608 = DIRECTION('',(0.,0.,1.));
#3609 = PCURVE('',#350,#3610);
#3610 = DEFINITIONAL_REPRESENTATION('',(#3611),#3615);
#3611 = LINE('',#3612,#3613);
#3612 = CARTESIAN_POINT('',(1.,0.));
#3613 = VECTOR('',#3614,1.);
#3614 = DIRECTION('',(0.,-1.));
#3615 = ( GEOMETRIC_REPRESENTATION_CONTEXT(2) 
PARAMETRIC_REPRESENTATION_CONTEXT() REPRESENTATION_CONTEXT('2D SPACE',''
  ) );
#3616 = PCURVE('',#381,#3617);
#3617 = DEFINITIONAL_REPRESENTATION('',(#3618),#3622);
#3618 = LINE('',#3619,#3620);
#3619 = CARTESIAN_POINT('',(0.,0.));
#3620 = VECTOR('',#3621,1.);
#3621 = DIRECTION('',(0.,-1.));
#3622 = ( GEOMETRIC_REPRESENTATION_CONTEXT(2) 
PARAMETRIC_REPRESENTATION_CONTEXT() REPRESENTATION_CONTEXT('2D SPACE',''
  ) );
#3623 = ORIENTED_EDGE('',*,*,#332,.F.);
#3624 = ADVANCED_FACE('',(#3625),#381,.F.);
#3625 = FACE_BOUND('',#3626,.F.);
#3626 = EDGE_LOOP('',(#3627,#3628,#3629,#3630));
#3627 = ORIENTED_EDGE('',*,*,#3603,.T.);
#3628 = ORIENTED_EDGE('',*,*,#2062,.T.);
#3629 = ORIENTED_EDGE('',*,*,#3574,.F.);
#3630 = ORIENTED_EDGE('',*,*,#365,.F.);
#3631 = ADVANCED_FACE('',(#3632),#473,.F.);
#3632 = FACE_BOUND('',#3633,.F.);
#3633 = EDGE_LOOP('',(#3634,#3635,#3656,#3657));
#3634 = ORIENTED_EDGE('',*,*,#450,.F.);
#3635 = ORIENTED_EDGE('',*,*,#3636,.T.);
#3636 = EDGE_CURVE('',#451,#2135,#3637,.T.);
#3637 = SURFACE_CURVE('',#3638,(#3642,#3649),.PCURVE_S1.);
#3638 = LINE('',#3639,#3640);
#3639 = CARTESIAN_POINT('',(-21.09571051639,-12.61251627009,-1.));
#3640 = VECTOR('',#3641,1.);
#3641 = DIRECTION('',(0.,0.,1.));
#3642 = PCURVE('',#473,#3643);
#3643 = DEFINITIONAL_REPRESENTATION('',(#3644),#3648);
#3644 = LINE('',#3645,#3646);
#3645 = CARTESIAN_POINT('',(0.,0.));
#3646 = VECTOR('',#3647,1.);
#3647 = DIRECTION('',(0.,-1.));
#3648 = ( GEOMETRIC_REPRESENTATION_CONTEXT(2) 
PARAMETRIC_REPRESENTATION_CONTEXT() REPRESENTATION_CONTEXT('2D SPACE',''
  ) );
#3649 = PCURVE('',#590,#3650);
#3650 = DEFINITIONAL_REPRESENTATION('',(#3651),#3655);
#3651 = LINE('',#3652,#3653);
#3652 = CARTESIAN_POINT('',(0.6,0.));
#3653 = VECTOR('',#3654,1.);
#3654 = DIRECTION('',(0.,-1.));
#3655 = ( GEOMETRIC_REPRESENTATION_CONTEXT(2) 
PARAMETRIC_REPRESENTATION_CONTEXT() REPRESENTATION_CONTEXT('2D SPACE',''
  ) );
#3656 = ORIENTED_EDGE('',*,*,#2134,.T.);
#3657 = ORIENTED_EDGE('',*,*,#3658,.F.);
#3658 = EDGE_CURVE('',#453,#2137,#3659,.T.);
#3659 = SURFACE_CURVE('',#3660,(#3664,#3671),.PCURVE_S1.);
#3660 = LINE('',#3661,#3662);
#3661 = CARTESIAN_POINT('',(-3.729726053375,-3.747400678543,-1.));
#3662 = VECTOR('',#3663,1.);
#3663 = DIRECTION('',(0.,0.,1.));
#3664 = PCURVE('',#473,#3665);
#3665 = DEFINITIONAL_REPRESENTATION('',(#3666),#3670);
#3666 = LINE('',#3667,#3668);
#3667 = CARTESIAN_POINT('',(0.486406820945,0.));
#3668 = VECTOR('',#3669,1.);
#3669 = DIRECTION('',(0.,-1.));
#3670 = ( GEOMETRIC_REPRESENTATION_CONTEXT(2) 
PARAMETRIC_REPRESENTATION_CONTEXT() REPRESENTATION_CONTEXT('2D SPACE',''
  ) );
#3671 = PCURVE('',#506,#3672);
#3672 = DEFINITIONAL_REPRESENTATION('',(#3673),#3677);
#3673 = LINE('',#3674,#3675);
#3674 = CARTESIAN_POINT('',(0.,0.));
#3675 = VECTOR('',#3676,1.);
#3676 = DIRECTION('',(0.,-1.));
#3677 = ( GEOMETRIC_REPRESENTATION_CONTEXT(2) 
PARAMETRIC_REPRESENTATION_CONTEXT() REPRESENTATION_CONTEXT('2D SPACE',''
  ) );
#3678 = ADVANCED_FACE('',(#3679),#590,.F.);
#3679 = FACE_BOUND('',#3680,.F.);
#3680 = EDGE_LOOP('',(#3681,#3682,#3703,#3704));
#3681 = ORIENTED_EDGE('',*,*,#577,.T.);
#3682 = ORIENTED_EDGE('',*,*,#3683,.T.);
#3683 = EDGE_CURVE('',#545,#2214,#3684,.T.);
#3684 = SURFACE_CURVE('',#3685,(#3689,#3696),.PCURVE_S1.);
#3685 = LINE('',#3686,#3687);
#3686 = CARTESIAN_POINT('',(-20.67144644768,-13.0367803388,-1.));
#3687 = VECTOR('',#3688,1.);
#3688 = DIRECTION('',(0.,0.,1.));
#3689 = PCURVE('',#590,#3690);
#3690 = DEFINITIONAL_REPRESENTATION('',(#3691),#3695);
#3691 = LINE('',#3692,#3693);
#3692 = CARTESIAN_POINT('',(0.,0.));
#3693 = VECTOR('',#3694,1.);
#3694 = DIRECTION('',(0.,-1.));
#3695 = ( GEOMETRIC_REPRESENTATION_CONTEXT(2) 
PARAMETRIC_REPRESENTATION_CONTEXT() REPRESENTATION_CONTEXT('2D SPACE',''
  ) );
#3696 = PCURVE('',#565,#3697);
#3697 = DEFINITIONAL_REPRESENTATION('',(#3698),#3702);
#3698 = LINE('',#3699,#3700);
#3699 = CARTESIAN_POINT('',(-2.175128656817,0.));
#3700 = VECTOR('',#3701,1.);
#3701 = DIRECTION('',(-0.,-1.));
#3702 = ( GEOMETRIC_REPRESENTATION_CONTEXT(2) 
PARAMETRIC_REPRESENTATION_CONTEXT() REPRESENTATION_CONTEXT('2D SPACE',''
  ) );
#3703 = ORIENTED_EDGE('',*,*,#2241,.F.);
#3704 = ORIENTED_EDGE('',*,*,#3636,.F.);
#3705 = ADVANCED_FACE('',(#3706),#565,.T.);
#3706 = FACE_BOUND('',#3707,.F.);
#3707 = EDGE_LOOP('',(#3708,#3709,#3730,#3731));
#3708 = ORIENTED_EDGE('',*,*,#544,.T.);
#3709 = ORIENTED_EDGE('',*,*,#3710,.T.);
#3710 = EDGE_CURVE('',#519,#2193,#3711,.T.);
#3711 = SURFACE_CURVE('',#3712,(#3716,#3723),.PCURVE_S1.);
#3712 = LINE('',#3713,#3714);
#3713 = CARTESIAN_POINT('',(-13.01910571363,-20.68912107284,-1.));
#3714 = VECTOR('',#3715,1.);
#3715 = DIRECTION('',(0.,0.,1.));
#3716 = PCURVE('',#565,#3717);
#3717 = DEFINITIONAL_REPRESENTATION('',(#3718),#3722);
#3718 = LINE('',#3719,#3720);
#3719 = CARTESIAN_POINT('',(-0.,0.));
#3720 = VECTOR('',#3721,1.);
#3721 = DIRECTION('',(-0.,-1.));
#3722 = ( GEOMETRIC_REPRESENTATION_CONTEXT(2) 
PARAMETRIC_REPRESENTATION_CONTEXT() REPRESENTATION_CONTEXT('2D SPACE',''
  ) );
#3723 = PCURVE('',#533,#3724);
#3724 = DEFINITIONAL_REPRESENTATION('',(#3725),#3729);
#3725 = LINE('',#3726,#3727);
#3726 = CARTESIAN_POINT('',(0.6,0.));
#3727 = VECTOR('',#3728,1.);
#3728 = DIRECTION('',(0.,-1.));
#3729 = ( GEOMETRIC_REPRESENTATION_CONTEXT(2) 
PARAMETRIC_REPRESENTATION_CONTEXT() REPRESENTATION_CONTEXT('2D SPACE',''
  ) );
#3730 = ORIENTED_EDGE('',*,*,#2213,.F.);
#3731 = ORIENTED_EDGE('',*,*,#3683,.F.);
#3732 = ADVANCED_FACE('',(#3733),#533,.F.);
#3733 = FACE_BOUND('',#3734,.F.);
#3734 = EDGE_LOOP('',(#3735,#3736,#3757,#3758));
#3735 = ORIENTED_EDGE('',*,*,#518,.T.);
#3736 = ORIENTED_EDGE('',*,*,#3737,.T.);
#3737 = EDGE_CURVE('',#486,#2165,#3738,.T.);
#3738 = SURFACE_CURVE('',#3739,(#3743,#3750),.PCURVE_S1.);
#3739 = LINE('',#3740,#3741);
#3740 = CARTESIAN_POINT('',(-12.59484164492,-21.11338514156,-1.));
#3741 = VECTOR('',#3742,1.);
#3742 = DIRECTION('',(0.,0.,1.));
#3743 = PCURVE('',#533,#3744);
#3744 = DEFINITIONAL_REPRESENTATION('',(#3745),#3749);
#3745 = LINE('',#3746,#3747);
#3746 = CARTESIAN_POINT('',(0.,0.));
#3747 = VECTOR('',#3748,1.);
#3748 = DIRECTION('',(0.,-1.));
#3749 = ( GEOMETRIC_REPRESENTATION_CONTEXT(2) 
PARAMETRIC_REPRESENTATION_CONTEXT() REPRESENTATION_CONTEXT('2D SPACE',''
  ) );
#3750 = PCURVE('',#506,#3751);
#3751 = DEFINITIONAL_REPRESENTATION('',(#3752),#3756);
#3752 = LINE('',#3753,#3754);
#3753 = CARTESIAN_POINT('',(0.486406820945,0.));
#3754 = VECTOR('',#3755,1.);
#3755 = DIRECTION('',(0.,-1.));
#3756 = ( GEOMETRIC_REPRESENTATION_CONTEXT(2) 
PARAMETRIC_REPRESENTATION_CONTEXT() REPRESENTATION_CONTEXT('2D SPACE',''
  ) );
#3757 = ORIENTED_EDGE('',*,*,#2192,.F.);
#3758 = ORIENTED_EDGE('',*,*,#3710,.F.);
#3759 = ADVANCED_FACE('',(#3760),#506,.F.);
#3760 = FACE_BOUND('',#3761,.F.);
#3761 = EDGE_LOOP('',(#3762,#3763,#3764,#3765));
#3762 = ORIENTED_EDGE('',*,*,#485,.F.);
#3763 = ORIENTED_EDGE('',*,*,#3658,.T.);
#3764 = ORIENTED_EDGE('',*,*,#2164,.T.);
#3765 = ORIENTED_EDGE('',*,*,#3737,.F.);
#3766 = ADVANCED_FACE('',(#3767),#620,.F.);
#3767 = FACE_BOUND('',#3768,.F.);
#3768 = EDGE_LOOP('',(#3769,#3770,#3791,#3792));
#3769 = ORIENTED_EDGE('',*,*,#603,.T.);
#3770 = ORIENTED_EDGE('',*,*,#3771,.T.);
#3771 = EDGE_CURVE('',#606,#2265,#3772,.T.);
#3772 = SURFACE_CURVE('',#3773,(#3777,#3784),.PCURVE_S1.);
#3773 = LINE('',#3774,#3775);
#3774 = CARTESIAN_POINT('',(1.355199090961,-20.30786210384,-1.));
#3775 = VECTOR('',#3776,1.);
#3776 = DIRECTION('',(0.,0.,1.));
#3777 = PCURVE('',#620,#3778);
#3778 = DEFINITIONAL_REPRESENTATION('',(#3779),#3783);
#3779 = LINE('',#3780,#3781);
#3780 = CARTESIAN_POINT('',(-1.570092458684E-16,0.));
#3781 = VECTOR('',#3782,1.);
#3782 = DIRECTION('',(0.,-1.));
#3783 = ( GEOMETRIC_REPRESENTATION_CONTEXT(2) 
PARAMETRIC_REPRESENTATION_CONTEXT() REPRESENTATION_CONTEXT('2D SPACE',''
  ) );
#3784 = PCURVE('',#1002,#3785);
#3785 = DEFINITIONAL_REPRESENTATION('',(#3786),#3790);
#3786 = LINE('',#3787,#3788);
#3787 = CARTESIAN_POINT('',(-1.933702843189,0.));
#3788 = VECTOR('',#3789,1.);
#3789 = DIRECTION('',(-0.,-1.));
#3790 = ( GEOMETRIC_REPRESENTATION_CONTEXT(2) 
PARAMETRIC_REPRESENTATION_CONTEXT() REPRESENTATION_CONTEXT('2D SPACE',''
  ) );
#3791 = ORIENTED_EDGE('',*,*,#2262,.F.);
#3792 = ORIENTED_EDGE('',*,*,#3793,.F.);
#3793 = EDGE_CURVE('',#604,#2263,#3794,.T.);
#3794 = SURFACE_CURVE('',#3795,(#3799,#3806),.PCURVE_S1.);
#3795 = LINE('',#3796,#3797);
#3796 = CARTESIAN_POINT('',(0.93093502225,-19.88359803513,-1.));
#3797 = VECTOR('',#3798,1.);
#3798 = DIRECTION('',(0.,0.,1.));
#3799 = PCURVE('',#620,#3800);
#3800 = DEFINITIONAL_REPRESENTATION('',(#3801),#3805);
#3801 = LINE('',#3802,#3803);
#3802 = CARTESIAN_POINT('',(0.6,0.));
#3803 = VECTOR('',#3804,1.);
#3804 = DIRECTION('',(0.,-1.));
#3805 = ( GEOMETRIC_REPRESENTATION_CONTEXT(2) 
PARAMETRIC_REPRESENTATION_CONTEXT() REPRESENTATION_CONTEXT('2D SPACE',''
  ) );
#3806 = PCURVE('',#729,#3807);
#3807 = DEFINITIONAL_REPRESENTATION('',(#3808),#3812);
#3808 = LINE('',#3809,#3810);
#3809 = CARTESIAN_POINT('',(4.549413054489,0.));
#3810 = VECTOR('',#3811,1.);
#3811 = DIRECTION('',(0.,-1.));
#3812 = ( GEOMETRIC_REPRESENTATION_CONTEXT(2) 
PARAMETRIC_REPRESENTATION_CONTEXT() REPRESENTATION_CONTEXT('2D SPACE',''
  ) );
#3813 = ADVANCED_FACE('',(#3814),#1002,.T.);
#3814 = FACE_BOUND('',#3815,.F.);
#3815 = EDGE_LOOP('',(#3816,#3817,#3838,#3839));
#3816 = ORIENTED_EDGE('',*,*,#983,.T.);
#3817 = ORIENTED_EDGE('',*,*,#3818,.T.);
#3818 = EDGE_CURVE('',#958,#2596,#3819,.T.);
#3819 = SURFACE_CURVE('',#3820,(#3824,#3831),.PCURVE_S1.);
#3820 = LINE('',#3821,#3822);
#3821 = CARTESIAN_POINT('',(5.623072906401,-24.57573591928,-1.));
#3822 = VECTOR('',#3823,1.);
#3823 = DIRECTION('',(0.,0.,1.));
#3824 = PCURVE('',#1002,#3825);
#3825 = DEFINITIONAL_REPRESENTATION('',(#3826),#3830);
#3826 = LINE('',#3827,#3828);
#3827 = CARTESIAN_POINT('',(-0.,0.));
#3828 = VECTOR('',#3829,1.);
#3829 = DIRECTION('',(-0.,-1.));
#3830 = ( GEOMETRIC_REPRESENTATION_CONTEXT(2) 
PARAMETRIC_REPRESENTATION_CONTEXT() REPRESENTATION_CONTEXT('2D SPACE',''
  ) );
#3831 = PCURVE('',#972,#3832);
#3832 = DEFINITIONAL_REPRESENTATION('',(#3833),#3837);
#3833 = LINE('',#3834,#3835);
#3834 = CARTESIAN_POINT('',(0.6,0.));
#3835 = VECTOR('',#3836,1.);
#3836 = DIRECTION('',(0.,-1.));
#3837 = ( GEOMETRIC_REPRESENTATION_CONTEXT(2) 
PARAMETRIC_REPRESENTATION_CONTEXT() REPRESENTATION_CONTEXT('2D SPACE',''
  ) );
#3838 = ORIENTED_EDGE('',*,*,#2616,.F.);
#3839 = ORIENTED_EDGE('',*,*,#3771,.F.);
#3840 = ADVANCED_FACE('',(#3841),#972,.F.);
#3841 = FACE_BOUND('',#3842,.F.);
#3842 = EDGE_LOOP('',(#3843,#3844,#3865,#3866));
#3843 = ORIENTED_EDGE('',*,*,#957,.T.);
#3844 = ORIENTED_EDGE('',*,*,#3845,.T.);
#3845 = EDGE_CURVE('',#786,#2432,#3846,.T.);
#3846 = SURFACE_CURVE('',#3847,(#3851,#3858),.PCURVE_S1.);
#3847 = LINE('',#3848,#3849);
#3848 = CARTESIAN_POINT('',(6.047336975113,-24.99999998799,-1.));
#3849 = VECTOR('',#3850,1.);
#3850 = DIRECTION('',(0.,0.,1.));
#3851 = PCURVE('',#972,#3852);
#3852 = DEFINITIONAL_REPRESENTATION('',(#3853),#3857);
#3853 = LINE('',#3854,#3855);
#3854 = CARTESIAN_POINT('',(0.,0.));
#3855 = VECTOR('',#3856,1.);
#3856 = DIRECTION('',(0.,-1.));
#3857 = ( GEOMETRIC_REPRESENTATION_CONTEXT(2) 
PARAMETRIC_REPRESENTATION_CONTEXT() REPRESENTATION_CONTEXT('2D SPACE',''
  ) );
#3858 = PCURVE('',#895,#3859);
#3859 = DEFINITIONAL_REPRESENTATION('',(#3860),#3864);
#3860 = LINE('',#3861,#3862);
#3861 = CARTESIAN_POINT('',(1.733772252691,0.));
#3862 = VECTOR('',#3863,1.);
#3863 = DIRECTION('',(0.,-1.));
#3864 = ( GEOMETRIC_REPRESENTATION_CONTEXT(2) 
PARAMETRIC_REPRESENTATION_CONTEXT() REPRESENTATION_CONTEXT('2D SPACE',''
  ) );
#3865 = ORIENTED_EDGE('',*,*,#2595,.F.);
#3866 = ORIENTED_EDGE('',*,*,#3818,.F.);
#3867 = ADVANCED_FACE('',(#3868),#895,.T.);
#3868 = FACE_BOUND('',#3869,.T.);
#3869 = EDGE_LOOP('',(#3870,#3871,#3872,#3873));
#3870 = ORIENTED_EDGE('',*,*,#785,.T.);
#3871 = ORIENTED_EDGE('',*,*,#3845,.T.);
#3872 = ORIENTED_EDGE('',*,*,#2431,.F.);
#3873 = ORIENTED_EDGE('',*,*,#3874,.F.);
#3874 = EDGE_CURVE('',#632,#2286,#3875,.T.);
#3875 = SURFACE_CURVE('',#3876,(#3880,#3887),.PCURVE_S1.);
#3876 = LINE('',#3877,#3878);
#3877 = CARTESIAN_POINT('',(11.090783581539,-14.8401514287,-1.));
#3878 = VECTOR('',#3879,1.);
#3879 = DIRECTION('',(0.,0.,1.));
#3880 = PCURVE('',#895,#3881);
#3881 = DEFINITIONAL_REPRESENTATION('',(#3882),#3886);
#3882 = LINE('',#3883,#3884);
#3883 = CARTESIAN_POINT('',(3.14159265359,0.));
#3884 = VECTOR('',#3885,1.);
#3885 = DIRECTION('',(0.,-1.));
#3886 = ( GEOMETRIC_REPRESENTATION_CONTEXT(2) 
PARAMETRIC_REPRESENTATION_CONTEXT() REPRESENTATION_CONTEXT('2D SPACE',''
  ) );
#3887 = PCURVE('',#729,#3888);
#3888 = DEFINITIONAL_REPRESENTATION('',(#3889),#3893);
#3889 = LINE('',#3890,#3891);
#3890 = CARTESIAN_POINT('',(3.14159265359,0.));
#3891 = VECTOR('',#3892,1.);
#3892 = DIRECTION('',(0.,-1.));
#3893 = ( GEOMETRIC_REPRESENTATION_CONTEXT(2) 
PARAMETRIC_REPRESENTATION_CONTEXT() REPRESENTATION_CONTEXT('2D SPACE',''
  ) );
#3894 = ADVANCED_FACE('',(#3895),#729,.T.);
#3895 = FACE_BOUND('',#3896,.T.);
#3896 = EDGE_LOOP('',(#3897,#3898,#3899,#3900));
#3897 = ORIENTED_EDGE('',*,*,#631,.T.);
#3898 = ORIENTED_EDGE('',*,*,#3874,.T.);
#3899 = ORIENTED_EDGE('',*,*,#2285,.F.);
#3900 = ORIENTED_EDGE('',*,*,#3793,.F.);
#3901 = ADVANCED_FACE('',(#3902),#1033,.F.);
#3902 = FACE_BOUND('',#3903,.F.);
#3903 = EDGE_LOOP('',(#3904,#3905,#3926,#3927));
#3904 = ORIENTED_EDGE('',*,*,#1016,.T.);
#3905 = ORIENTED_EDGE('',*,*,#3906,.T.);
#3906 = EDGE_CURVE('',#1019,#2647,#3907,.T.);
#3907 = SURFACE_CURVE('',#3908,(#3912,#3919),.PCURVE_S1.);
#3908 = LINE('',#3909,#3910);
#3909 = CARTESIAN_POINT('',(-12.78752181113,12.898897031946,-1.));
#3910 = VECTOR('',#3911,1.);
#3911 = DIRECTION('',(0.,0.,1.));
#3912 = PCURVE('',#1033,#3913);
#3913 = DEFINITIONAL_REPRESENTATION('',(#3914),#3918);
#3914 = LINE('',#3915,#3916);
#3915 = CARTESIAN_POINT('',(0.,0.));
#3916 = VECTOR('',#3917,1.);
#3917 = DIRECTION('',(0.,-1.));
#3918 = ( GEOMETRIC_REPRESENTATION_CONTEXT(2) 
PARAMETRIC_REPRESENTATION_CONTEXT() REPRESENTATION_CONTEXT('2D SPACE',''
  ) );
#3919 = PCURVE('',#1142,#3920);
#3920 = DEFINITIONAL_REPRESENTATION('',(#3921),#3925);
#3921 = LINE('',#3922,#3923);
#3922 = CARTESIAN_POINT('',(13.990792176176,0.));
#3923 = VECTOR('',#3924,1.);
#3924 = DIRECTION('',(0.,-1.));
#3925 = ( GEOMETRIC_REPRESENTATION_CONTEXT(2) 
PARAMETRIC_REPRESENTATION_CONTEXT() REPRESENTATION_CONTEXT('2D SPACE',''
  ) );
#3926 = ORIENTED_EDGE('',*,*,#2644,.F.);
#3927 = ORIENTED_EDGE('',*,*,#3928,.F.);
#3928 = EDGE_CURVE('',#1017,#2645,#3929,.T.);
#3929 = SURFACE_CURVE('',#3930,(#3934,#3941),.PCURVE_S1.);
#3930 = LINE('',#3931,#3932);
#3931 = CARTESIAN_POINT('',(-19.58205113308,0.668744252437,-1.));
#3932 = VECTOR('',#3933,1.);
#3933 = DIRECTION('',(0.,0.,1.));
#3934 = PCURVE('',#1033,#3935);
#3935 = DEFINITIONAL_REPRESENTATION('',(#3936),#3940);
#3936 = LINE('',#3937,#3938);
#3937 = CARTESIAN_POINT('',(13.990792176176,0.));
#3938 = VECTOR('',#3939,1.);
#3939 = DIRECTION('',(0.,-1.));
#3940 = ( GEOMETRIC_REPRESENTATION_CONTEXT(2) 
PARAMETRIC_REPRESENTATION_CONTEXT() REPRESENTATION_CONTEXT('2D SPACE',''
  ) );
#3941 = PCURVE('',#1059,#3942);
#3942 = DEFINITIONAL_REPRESENTATION('',(#3943),#3947);
#3943 = LINE('',#3944,#3945);
#3944 = CARTESIAN_POINT('',(0.,0.));
#3945 = VECTOR('',#3946,1.);
#3946 = DIRECTION('',(0.,-1.));
#3947 = ( GEOMETRIC_REPRESENTATION_CONTEXT(2) 
PARAMETRIC_REPRESENTATION_CONTEXT() REPRESENTATION_CONTEXT('2D SPACE',''
  ) );
#3948 = ADVANCED_FACE('',(#3949),#1142,.F.);
#3949 = FACE_BOUND('',#3950,.F.);
#3950 = EDGE_LOOP('',(#3951,#3952,#3973,#3974));
#3951 = ORIENTED_EDGE('',*,*,#1129,.T.);
#3952 = ORIENTED_EDGE('',*,*,#3953,.T.);
#3953 = EDGE_CURVE('',#1104,#2717,#3954,.T.);
#3954 = SURFACE_CURVE('',#3955,(#3959,#3966),.PCURVE_S1.);
#3955 = LINE('',#3956,#3957);
#3956 = CARTESIAN_POINT('',(-25.01767459064,6.104367709996,-1.));
#3957 = VECTOR('',#3958,1.);
#3958 = DIRECTION('',(0.,0.,1.));
#3959 = PCURVE('',#1142,#3960);
#3960 = DEFINITIONAL_REPRESENTATION('',(#3961),#3965);
#3961 = LINE('',#3962,#3963);
#3962 = CARTESIAN_POINT('',(0.,0.));
#3963 = VECTOR('',#3964,1.);
#3964 = DIRECTION('',(0.,-1.));
#3965 = ( GEOMETRIC_REPRESENTATION_CONTEXT(2) 
PARAMETRIC_REPRESENTATION_CONTEXT() REPRESENTATION_CONTEXT('2D SPACE',''
  ) );
#3966 = PCURVE('',#1118,#3967);
#3967 = DEFINITIONAL_REPRESENTATION('',(#3968),#3972);
#3968 = LINE('',#3969,#3970);
#3969 = CARTESIAN_POINT('',(0.6,0.));
#3970 = VECTOR('',#3971,1.);
#3971 = DIRECTION('',(0.,-1.));
#3972 = ( GEOMETRIC_REPRESENTATION_CONTEXT(2) 
PARAMETRIC_REPRESENTATION_CONTEXT() REPRESENTATION_CONTEXT('2D SPACE',''
  ) );
#3973 = ORIENTED_EDGE('',*,*,#2737,.F.);
#3974 = ORIENTED_EDGE('',*,*,#3906,.F.);
#3975 = ADVANCED_FACE('',(#3976),#1118,.F.);
#3976 = FACE_BOUND('',#3977,.F.);
#3977 = EDGE_LOOP('',(#3978,#3979,#4000,#4001));
#3978 = ORIENTED_EDGE('',*,*,#1103,.T.);
#3979 = ORIENTED_EDGE('',*,*,#3980,.T.);
#3980 = EDGE_CURVE('',#1071,#2689,#3981,.T.);
#3981 = SURFACE_CURVE('',#3982,(#3986,#3993),.PCURVE_S1.);
#3982 = LINE('',#3983,#3984);
#3983 = CARTESIAN_POINT('',(-24.59341052192,5.680103641285,-1.));
#3984 = VECTOR('',#3985,1.);
#3985 = DIRECTION('',(0.,0.,1.));
#3986 = PCURVE('',#1118,#3987);
#3987 = DEFINITIONAL_REPRESENTATION('',(#3988),#3992);
#3988 = LINE('',#3989,#3990);
#3989 = CARTESIAN_POINT('',(0.,0.));
#3990 = VECTOR('',#3991,1.);
#3991 = DIRECTION('',(0.,-1.));
#3992 = ( GEOMETRIC_REPRESENTATION_CONTEXT(2) 
PARAMETRIC_REPRESENTATION_CONTEXT() REPRESENTATION_CONTEXT('2D SPACE',''
  ) );
#3993 = PCURVE('',#1091,#3994);
#3994 = DEFINITIONAL_REPRESENTATION('',(#3995),#3999);
#3995 = LINE('',#3996,#3997);
#3996 = CARTESIAN_POINT('',(-1.450974512522,0.));
#3997 = VECTOR('',#3998,1.);
#3998 = DIRECTION('',(-0.,-1.));
#3999 = ( GEOMETRIC_REPRESENTATION_CONTEXT(2) 
PARAMETRIC_REPRESENTATION_CONTEXT() REPRESENTATION_CONTEXT('2D SPACE',''
  ) );
#4000 = ORIENTED_EDGE('',*,*,#2716,.F.);
#4001 = ORIENTED_EDGE('',*,*,#3953,.F.);
#4002 = ADVANCED_FACE('',(#4003),#1091,.T.);
#4003 = FACE_BOUND('',#4004,.F.);
#4004 = EDGE_LOOP('',(#4005,#4006,#4027,#4028));
#4005 = ORIENTED_EDGE('',*,*,#1070,.T.);
#4006 = ORIENTED_EDGE('',*,*,#4007,.T.);
#4007 = EDGE_CURVE('',#1045,#2668,#4008,.T.);
#4008 = SURFACE_CURVE('',#4009,(#4013,#4020),.PCURVE_S1.);
#4009 = LINE('',#4010,#4011);
#4010 = CARTESIAN_POINT('',(-20.00631520179,1.093008321149,-1.));
#4011 = VECTOR('',#4012,1.);
#4012 = DIRECTION('',(0.,0.,1.));
#4013 = PCURVE('',#1091,#4014);
#4014 = DEFINITIONAL_REPRESENTATION('',(#4015),#4019);
#4015 = LINE('',#4016,#4017);
#4016 = CARTESIAN_POINT('',(-0.,0.));
#4017 = VECTOR('',#4018,1.);
#4018 = DIRECTION('',(-0.,-1.));
#4019 = ( GEOMETRIC_REPRESENTATION_CONTEXT(2) 
PARAMETRIC_REPRESENTATION_CONTEXT() REPRESENTATION_CONTEXT('2D SPACE',''
  ) );
#4020 = PCURVE('',#1059,#4021);
#4021 = DEFINITIONAL_REPRESENTATION('',(#4022),#4026);
#4022 = LINE('',#4023,#4024);
#4023 = CARTESIAN_POINT('',(0.6,0.));
#4024 = VECTOR('',#4025,1.);
#4025 = DIRECTION('',(0.,-1.));
#4026 = ( GEOMETRIC_REPRESENTATION_CONTEXT(2) 
PARAMETRIC_REPRESENTATION_CONTEXT() REPRESENTATION_CONTEXT('2D SPACE',''
  ) );
#4027 = ORIENTED_EDGE('',*,*,#2688,.F.);
#4028 = ORIENTED_EDGE('',*,*,#3980,.F.);
#4029 = ADVANCED_FACE('',(#4030),#1059,.F.);
#4030 = FACE_BOUND('',#4031,.F.);
#4031 = EDGE_LOOP('',(#4032,#4033,#4034,#4035));
#4032 = ORIENTED_EDGE('',*,*,#1044,.T.);
#4033 = ORIENTED_EDGE('',*,*,#3928,.T.);
#4034 = ORIENTED_EDGE('',*,*,#2667,.F.);
#4035 = ORIENTED_EDGE('',*,*,#4007,.F.);
#4036 = ADVANCED_FACE('',(#4037),#1211,.F.);
#4037 = FACE_BOUND('',#4038,.F.);
#4038 = EDGE_LOOP('',(#4039,#4040,#4061,#4062));
#4039 = ORIENTED_EDGE('',*,*,#1155,.T.);
#4040 = ORIENTED_EDGE('',*,*,#4041,.T.);
#4041 = EDGE_CURVE('',#1158,#2761,#4042,.T.);
#4042 = SURFACE_CURVE('',#4043,(#4047,#4054),.PCURVE_S1.);
#4043 = LINE('',#4044,#4045);
#4044 = CARTESIAN_POINT('',(24.956549578425,24.938874953258,-1.));
#4045 = VECTOR('',#4046,1.);
#4046 = DIRECTION('',(0.,0.,1.));
#4047 = PCURVE('',#1211,#4048);
#4048 = DEFINITIONAL_REPRESENTATION('',(#4049),#4053);
#4049 = LINE('',#4050,#4051);
#4050 = CARTESIAN_POINT('',(0.,0.));
#4051 = VECTOR('',#4052,1.);
#4052 = DIRECTION('',(0.,-1.));
#4053 = ( GEOMETRIC_REPRESENTATION_CONTEXT(2) 
PARAMETRIC_REPRESENTATION_CONTEXT() REPRESENTATION_CONTEXT('2D SPACE',''
  ) );
#4054 = PCURVE('',#1980,#4055);
#4055 = DEFINITIONAL_REPRESENTATION('',(#4056),#4060);
#4056 = LINE('',#4057,#4058);
#4057 = CARTESIAN_POINT('',(1.,0.));
#4058 = VECTOR('',#4059,1.);
#4059 = DIRECTION('',(0.,-1.));
#4060 = ( GEOMETRIC_REPRESENTATION_CONTEXT(2) 
PARAMETRIC_REPRESENTATION_CONTEXT() REPRESENTATION_CONTEXT('2D SPACE',''
  ) );
#4061 = ORIENTED_EDGE('',*,*,#2758,.F.);
#4062 = ORIENTED_EDGE('',*,*,#4063,.F.);
#4063 = EDGE_CURVE('',#1156,#2759,#4064,.T.);
#4064 = SURFACE_CURVE('',#4065,(#4069,#4076),.PCURVE_S1.);
#4065 = LINE('',#4066,#4067);
#4066 = CARTESIAN_POINT('',(25.014548107336,24.638904580991,-1.));
#4067 = VECTOR('',#4068,1.);
#4068 = DIRECTION('',(0.,0.,1.));
#4069 = PCURVE('',#1211,#4070);
#4070 = DEFINITIONAL_REPRESENTATION('',(#4071),#4075);
#4071 = LINE('',#4072,#4073);
#4072 = CARTESIAN_POINT('',(1.,0.));
#4073 = VECTOR('',#4074,1.);
#4074 = DIRECTION('',(0.,-1.));
#4075 = ( GEOMETRIC_REPRESENTATION_CONTEXT(2) 
PARAMETRIC_REPRESENTATION_CONTEXT() REPRESENTATION_CONTEXT('2D SPACE',''
  ) );
#4076 = PCURVE('',#1295,#4077);
#4077 = DEFINITIONAL_REPRESENTATION('',(#4078),#4082);
#4078 = LINE('',#4079,#4080);
#4079 = CARTESIAN_POINT('',(0.,0.));
#4080 = VECTOR('',#4081,1.);
#4081 = DIRECTION('',(0.,-1.));
#4082 = ( GEOMETRIC_REPRESENTATION_CONTEXT(2) 
PARAMETRIC_REPRESENTATION_CONTEXT() REPRESENTATION_CONTEXT('2D SPACE',''
  ) );
#4083 = ADVANCED_FACE('',(#4084),#1980,.F.);
#4084 = FACE_BOUND('',#4085,.F.);
#4085 = EDGE_LOOP('',(#4086,#4087,#4108,#4109));
#4086 = ORIENTED_EDGE('',*,*,#1938,.T.);
#4087 = ORIENTED_EDGE('',*,*,#4088,.T.);
#4088 = EDGE_CURVE('',#1857,#3381,#4089,.T.);
#4089 = SURFACE_CURVE('',#4090,(#4094,#4101),.PCURVE_S1.);
#4090 = LINE('',#4091,#4092);
#4091 = CARTESIAN_POINT('',(24.656579206159,24.996873482168,-1.));
#4092 = VECTOR('',#4093,1.);
#4093 = DIRECTION('',(0.,0.,1.));
#4094 = PCURVE('',#1980,#4095);
#4095 = DEFINITIONAL_REPRESENTATION('',(#4096),#4100);
#4096 = LINE('',#4097,#4098);
#4097 = CARTESIAN_POINT('',(0.,0.));
#4098 = VECTOR('',#4099,1.);
#4099 = DIRECTION('',(0.,-1.));
#4100 = ( GEOMETRIC_REPRESENTATION_CONTEXT(2) 
PARAMETRIC_REPRESENTATION_CONTEXT() REPRESENTATION_CONTEXT('2D SPACE',''
  ) );
#4101 = PCURVE('',#1906,#4102);
#4102 = DEFINITIONAL_REPRESENTATION('',(#4103),#4107);
#4103 = LINE('',#4104,#4105);
#4104 = CARTESIAN_POINT('',(1.,0.));
#4105 = VECTOR('',#4106,1.);
#4106 = DIRECTION('',(0.,-1.));
#4107 = ( GEOMETRIC_REPRESENTATION_CONTEXT(2) 
PARAMETRIC_REPRESENTATION_CONTEXT() REPRESENTATION_CONTEXT('2D SPACE',''
  ) );
#4108 = ORIENTED_EDGE('',*,*,#3454,.F.);
#4109 = ORIENTED_EDGE('',*,*,#4041,.F.);
#4110 = ADVANCED_FACE('',(#4111),#1906,.F.);
#4111 = FACE_BOUND('',#4112,.F.);
#4112 = EDGE_LOOP('',(#4113,#4114,#4135,#4136));
#4113 = ORIENTED_EDGE('',*,*,#1856,.T.);
#4114 = ORIENTED_EDGE('',*,*,#4115,.T.);
#4115 = EDGE_CURVE('',#1793,#3325,#4116,.T.);
#4116 = SURFACE_CURVE('',#4117,(#4121,#4128),.PCURVE_S1.);
#4117 = LINE('',#4118,#4119);
#4118 = CARTESIAN_POINT('',(23.241179451101,24.839456255409,-1.));
#4119 = VECTOR('',#4120,1.);
#4120 = DIRECTION('',(0.,0.,1.));
#4121 = PCURVE('',#1906,#4122);
#4122 = DEFINITIONAL_REPRESENTATION('',(#4123),#4127);
#4123 = LINE('',#4124,#4125);
#4124 = CARTESIAN_POINT('',(0.,0.));
#4125 = VECTOR('',#4126,1.);
#4126 = DIRECTION('',(0.,-1.));
#4127 = ( GEOMETRIC_REPRESENTATION_CONTEXT(2) 
PARAMETRIC_REPRESENTATION_CONTEXT() REPRESENTATION_CONTEXT('2D SPACE',''
  ) );
#4128 = PCURVE('',#1830,#4129);
#4129 = DEFINITIONAL_REPRESENTATION('',(#4130),#4134);
#4130 = LINE('',#4131,#4132);
#4131 = CARTESIAN_POINT('',(1.,0.));
#4132 = VECTOR('',#4133,1.);
#4133 = DIRECTION('',(0.,-1.));
#4134 = ( GEOMETRIC_REPRESENTATION_CONTEXT(2) 
PARAMETRIC_REPRESENTATION_CONTEXT() REPRESENTATION_CONTEXT('2D SPACE',''
  ) );
#4135 = ORIENTED_EDGE('',*,*,#3380,.F.);
#4136 = ORIENTED_EDGE('',*,*,#4088,.F.);
#4137 = ADVANCED_FACE('',(#4138),#1830,.F.);
#4138 = FACE_BOUND('',#4139,.F.);
#4139 = EDGE_LOOP('',(#4140,#4141,#4162,#4163));
#4140 = ORIENTED_EDGE('',*,*,#1792,.T.);
#4141 = ORIENTED_EDGE('',*,*,#4142,.T.);
#4142 = EDGE_CURVE('',#1717,#3257,#4143,.T.);
#4143 = SURFACE_CURVE('',#4144,(#4148,#4155),.PCURVE_S1.);
#4144 = LINE('',#4145,#4146);
#4145 = CARTESIAN_POINT('',(19.073909685656,23.562359545336,-1.));
#4146 = VECTOR('',#4147,1.);
#4147 = DIRECTION('',(0.,0.,1.));
#4148 = PCURVE('',#1830,#4149);
#4149 = DEFINITIONAL_REPRESENTATION('',(#4150),#4154);
#4150 = LINE('',#4151,#4152);
#4151 = CARTESIAN_POINT('',(0.,0.));
#4152 = VECTOR('',#4153,1.);
#4153 = DIRECTION('',(0.,-1.));
#4154 = ( GEOMETRIC_REPRESENTATION_CONTEXT(2) 
PARAMETRIC_REPRESENTATION_CONTEXT() REPRESENTATION_CONTEXT('2D SPACE',''
  ) );
#4155 = PCURVE('',#1762,#4156);
#4156 = DEFINITIONAL_REPRESENTATION('',(#4157),#4161);
#4157 = LINE('',#4158,#4159);
#4158 = CARTESIAN_POINT('',(1.,0.));
#4159 = VECTOR('',#4160,1.);
#4160 = DIRECTION('',(0.,-1.));
#4161 = ( GEOMETRIC_REPRESENTATION_CONTEXT(2) 
PARAMETRIC_REPRESENTATION_CONTEXT() REPRESENTATION_CONTEXT('2D SPACE',''
  ) );
#4162 = ORIENTED_EDGE('',*,*,#3324,.F.);
#4163 = ORIENTED_EDGE('',*,*,#4115,.F.);
#4164 = ADVANCED_FACE('',(#4165),#1762,.F.);
#4165 = FACE_BOUND('',#4166,.F.);
#4166 = EDGE_LOOP('',(#4167,#4168,#4189,#4190));
#4167 = ORIENTED_EDGE('',*,*,#1716,.T.);
#4168 = ORIENTED_EDGE('',*,*,#4169,.T.);
#4169 = EDGE_CURVE('',#1635,#3183,#4170,.T.);
#4170 = SURFACE_CURVE('',#4171,(#4175,#4182),.PCURVE_S1.);
#4171 = LINE('',#4172,#4173);
#4172 = CARTESIAN_POINT('',(9.543833782742,19.179054455259,-1.));
#4173 = VECTOR('',#4174,1.);
#4174 = DIRECTION('',(0.,0.,1.));
#4175 = PCURVE('',#1762,#4176);
#4176 = DEFINITIONAL_REPRESENTATION('',(#4177),#4181);
#4177 = LINE('',#4178,#4179);
#4178 = CARTESIAN_POINT('',(0.,0.));
#4179 = VECTOR('',#4180,1.);
#4180 = DIRECTION('',(0.,-1.));
#4181 = ( GEOMETRIC_REPRESENTATION_CONTEXT(2) 
PARAMETRIC_REPRESENTATION_CONTEXT() REPRESENTATION_CONTEXT('2D SPACE',''
  ) );
#4182 = PCURVE('',#1684,#4183);
#4183 = DEFINITIONAL_REPRESENTATION('',(#4184),#4188);
#4184 = LINE('',#4185,#4186);
#4185 = CARTESIAN_POINT('',(1.,0.));
#4186 = VECTOR('',#4187,1.);
#4187 = DIRECTION('',(0.,-1.));
#4188 = ( GEOMETRIC_REPRESENTATION_CONTEXT(2) 
PARAMETRIC_REPRESENTATION_CONTEXT() REPRESENTATION_CONTEXT('2D SPACE',''
  ) );
#4189 = ORIENTED_EDGE('',*,*,#3256,.F.);
#4190 = ORIENTED_EDGE('',*,*,#4142,.F.);
#4191 = ADVANCED_FACE('',(#4192),#1684,.F.);
#4192 = FACE_BOUND('',#4193,.F.);
#4193 = EDGE_LOOP('',(#4194,#4195,#4216,#4217));
#4194 = ORIENTED_EDGE('',*,*,#1634,.T.);
#4195 = ORIENTED_EDGE('',*,*,#4196,.T.);
#4196 = EDGE_CURVE('',#1609,#3162,#4197,.T.);
#4197 = SURFACE_CURVE('',#4198,(#4202,#4209),.PCURVE_S1.);
#4198 = LINE('',#4199,#4200);
#4199 = CARTESIAN_POINT('',(-10.30259492056,6.455045838993,-1.));
#4200 = VECTOR('',#4201,1.);
#4201 = DIRECTION('',(0.,0.,1.));
#4202 = PCURVE('',#1684,#4203);
#4203 = DEFINITIONAL_REPRESENTATION('',(#4204),#4208);
#4204 = LINE('',#4205,#4206);
#4205 = CARTESIAN_POINT('',(0.,0.));
#4206 = VECTOR('',#4207,1.);
#4207 = DIRECTION('',(0.,-1.));
#4208 = ( GEOMETRIC_REPRESENTATION_CONTEXT(2) 
PARAMETRIC_REPRESENTATION_CONTEXT() REPRESENTATION_CONTEXT('2D SPACE',''
  ) );
#4209 = PCURVE('',#1623,#4210);
#4210 = DEFINITIONAL_REPRESENTATION('',(#4211),#4215);
#4211 = LINE('',#4212,#4213);
#4212 = CARTESIAN_POINT('',(0.611071183191,0.));
#4213 = VECTOR('',#4214,1.);
#4214 = DIRECTION('',(0.,-1.));
#4215 = ( GEOMETRIC_REPRESENTATION_CONTEXT(2) 
PARAMETRIC_REPRESENTATION_CONTEXT() REPRESENTATION_CONTEXT('2D SPACE',''
  ) );
#4216 = ORIENTED_EDGE('',*,*,#3182,.F.);
#4217 = ORIENTED_EDGE('',*,*,#4169,.F.);
#4218 = ADVANCED_FACE('',(#4219),#1623,.F.);
#4219 = FACE_BOUND('',#4220,.F.);
#4220 = EDGE_LOOP('',(#4221,#4222,#4243,#4244));
#4221 = ORIENTED_EDGE('',*,*,#1608,.T.);
#4222 = ORIENTED_EDGE('',*,*,#4223,.T.);
#4223 = EDGE_CURVE('',#1576,#3134,#4224,.T.);
#4224 = SURFACE_CURVE('',#4225,(#4229,#4236),.PCURVE_S1.);
#4225 = LINE('',#4226,#4227);
#4226 = CARTESIAN_POINT('',(-9.870502343143,6.022953261571,-1.));
#4227 = VECTOR('',#4228,1.);
#4228 = DIRECTION('',(0.,0.,1.));
#4229 = PCURVE('',#1623,#4230);
#4230 = DEFINITIONAL_REPRESENTATION('',(#4231),#4235);
#4231 = LINE('',#4232,#4233);
#4232 = CARTESIAN_POINT('',(0.,0.));
#4233 = VECTOR('',#4234,1.);
#4234 = DIRECTION('',(0.,-1.));
#4235 = ( GEOMETRIC_REPRESENTATION_CONTEXT(2) 
PARAMETRIC_REPRESENTATION_CONTEXT() REPRESENTATION_CONTEXT('2D SPACE',''
  ) );
#4236 = PCURVE('',#1596,#4237);
#4237 = DEFINITIONAL_REPRESENTATION('',(#4238),#4242);
#4238 = LINE('',#4239,#4240);
#4239 = CARTESIAN_POINT('',(-2.33915521406,0.));
#4240 = VECTOR('',#4241,1.);
#4241 = DIRECTION('',(-0.,-1.));
#4242 = ( GEOMETRIC_REPRESENTATION_CONTEXT(2) 
PARAMETRIC_REPRESENTATION_CONTEXT() REPRESENTATION_CONTEXT('2D SPACE',''
  ) );
#4243 = ORIENTED_EDGE('',*,*,#3161,.F.);
#4244 = ORIENTED_EDGE('',*,*,#4196,.F.);
#4245 = ADVANCED_FACE('',(#4246),#1596,.T.);
#4246 = FACE_BOUND('',#4247,.F.);
#4247 = EDGE_LOOP('',(#4248,#4249,#4270,#4271));
#4248 = ORIENTED_EDGE('',*,*,#1575,.T.);
#4249 = ORIENTED_EDGE('',*,*,#4250,.T.);
#4250 = EDGE_CURVE('',#1550,#3113,#4251,.T.);
#4251 = SURFACE_CURVE('',#4252,(#4256,#4263),.PCURVE_S1.);
#4252 = LINE('',#4253,#4254);
#4253 = CARTESIAN_POINT('',(6.040627886739,-9.888176968311,-1.));
#4254 = VECTOR('',#4255,1.);
#4255 = DIRECTION('',(0.,0.,1.));
#4256 = PCURVE('',#1596,#4257);
#4257 = DEFINITIONAL_REPRESENTATION('',(#4258),#4262);
#4258 = LINE('',#4259,#4260);
#4259 = CARTESIAN_POINT('',(-0.,0.));
#4260 = VECTOR('',#4261,1.);
#4261 = DIRECTION('',(-0.,-1.));
#4262 = ( GEOMETRIC_REPRESENTATION_CONTEXT(2) 
PARAMETRIC_REPRESENTATION_CONTEXT() REPRESENTATION_CONTEXT('2D SPACE',''
  ) );
#4263 = PCURVE('',#1564,#4264);
#4264 = DEFINITIONAL_REPRESENTATION('',(#4265),#4269);
#4265 = LINE('',#4266,#4267);
#4266 = CARTESIAN_POINT('',(0.611071183191,0.));
#4267 = VECTOR('',#4268,1.);
#4268 = DIRECTION('',(0.,-1.));
#4269 = ( GEOMETRIC_REPRESENTATION_CONTEXT(2) 
PARAMETRIC_REPRESENTATION_CONTEXT() REPRESENTATION_CONTEXT('2D SPACE',''
  ) );
#4270 = ORIENTED_EDGE('',*,*,#3133,.F.);
#4271 = ORIENTED_EDGE('',*,*,#4223,.F.);
#4272 = ADVANCED_FACE('',(#4273),#1564,.F.);
#4273 = FACE_BOUND('',#4274,.F.);
#4274 = EDGE_LOOP('',(#4275,#4276,#4297,#4298));
#4275 = ORIENTED_EDGE('',*,*,#1549,.T.);
#4276 = ORIENTED_EDGE('',*,*,#4277,.T.);
#4277 = EDGE_CURVE('',#1468,#3039,#4278,.T.);
#4278 = SURFACE_CURVE('',#4279,(#4283,#4290),.PCURVE_S1.);
#4279 = LINE('',#4280,#4281);
#4280 = CARTESIAN_POINT('',(6.472720464161,-10.32026954573,-1.));
#4281 = VECTOR('',#4282,1.);
#4282 = DIRECTION('',(0.,0.,1.));
#4283 = PCURVE('',#1564,#4284);
#4284 = DEFINITIONAL_REPRESENTATION('',(#4285),#4289);
#4285 = LINE('',#4286,#4287);
#4286 = CARTESIAN_POINT('',(0.,0.));
#4287 = VECTOR('',#4288,1.);
#4288 = DIRECTION('',(0.,-1.));
#4289 = ( GEOMETRIC_REPRESENTATION_CONTEXT(2) 
PARAMETRIC_REPRESENTATION_CONTEXT() REPRESENTATION_CONTEXT('2D SPACE',''
  ) );
#4290 = PCURVE('',#1517,#4291);
#4291 = DEFINITIONAL_REPRESENTATION('',(#4292),#4296);
#4292 = LINE('',#4293,#4294);
#4293 = CARTESIAN_POINT('',(1.,0.));
#4294 = VECTOR('',#4295,1.);
#4295 = DIRECTION('',(0.,-1.));
#4296 = ( GEOMETRIC_REPRESENTATION_CONTEXT(2) 
PARAMETRIC_REPRESENTATION_CONTEXT() REPRESENTATION_CONTEXT('2D SPACE',''
  ) );
#4297 = ORIENTED_EDGE('',*,*,#3112,.F.);
#4298 = ORIENTED_EDGE('',*,*,#4250,.F.);
#4299 = ADVANCED_FACE('',(#4300),#1517,.F.);
#4300 = FACE_BOUND('',#4301,.F.);
#4301 = EDGE_LOOP('',(#4302,#4303,#4324,#4325));
#4302 = ORIENTED_EDGE('',*,*,#1467,.T.);
#4303 = ORIENTED_EDGE('',*,*,#4304,.T.);
#4304 = EDGE_CURVE('',#1392,#2971,#4305,.T.);
#4305 = SURFACE_CURVE('',#4306,(#4310,#4317),.PCURVE_S1.);
#4306 = LINE('',#4307,#4308);
#4307 = CARTESIAN_POINT('',(19.196729080427,9.526159157574,-1.));
#4308 = VECTOR('',#4309,1.);
#4309 = DIRECTION('',(0.,0.,1.));
#4310 = PCURVE('',#1517,#4311);
#4311 = DEFINITIONAL_REPRESENTATION('',(#4312),#4316);
#4312 = LINE('',#4313,#4314);
#4313 = CARTESIAN_POINT('',(0.,0.));
#4314 = VECTOR('',#4315,1.);
#4315 = DIRECTION('',(0.,-1.));
#4316 = ( GEOMETRIC_REPRESENTATION_CONTEXT(2) 
PARAMETRIC_REPRESENTATION_CONTEXT() REPRESENTATION_CONTEXT('2D SPACE',''
  ) );
#4317 = PCURVE('',#1437,#4318);
#4318 = DEFINITIONAL_REPRESENTATION('',(#4319),#4323);
#4319 = LINE('',#4320,#4321);
#4320 = CARTESIAN_POINT('',(1.,0.));
#4321 = VECTOR('',#4322,1.);
#4322 = DIRECTION('',(0.,-1.));
#4323 = ( GEOMETRIC_REPRESENTATION_CONTEXT(2) 
PARAMETRIC_REPRESENTATION_CONTEXT() REPRESENTATION_CONTEXT('2D SPACE',''
  ) );
#4324 = ORIENTED_EDGE('',*,*,#3038,.F.);
#4325 = ORIENTED_EDGE('',*,*,#4277,.F.);
#4326 = ADVANCED_FACE('',(#4327),#1437,.F.);
#4327 = FACE_BOUND('',#4328,.F.);
#4328 = EDGE_LOOP('',(#4329,#4330,#4351,#4352));
#4329 = ORIENTED_EDGE('',*,*,#1391,.T.);
#4330 = ORIENTED_EDGE('',*,*,#4331,.T.);
#4331 = EDGE_CURVE('',#1328,#2915,#4332,.T.);
#4332 = SURFACE_CURVE('',#4333,(#4337,#4344),.PCURVE_S1.);
#4333 = LINE('',#4334,#4335);
#4334 = CARTESIAN_POINT('',(23.580034170504,19.056235060488,-1.));
#4335 = VECTOR('',#4336,1.);
#4336 = DIRECTION('',(0.,0.,1.));
#4337 = PCURVE('',#1437,#4338);
#4338 = DEFINITIONAL_REPRESENTATION('',(#4339),#4343);
#4339 = LINE('',#4340,#4341);
#4340 = CARTESIAN_POINT('',(0.,0.));
#4341 = VECTOR('',#4342,1.);
#4342 = DIRECTION('',(0.,-1.));
#4343 = ( GEOMETRIC_REPRESENTATION_CONTEXT(2) 
PARAMETRIC_REPRESENTATION_CONTEXT() REPRESENTATION_CONTEXT('2D SPACE',''
  ) );
#4344 = PCURVE('',#1365,#4345);
#4345 = DEFINITIONAL_REPRESENTATION('',(#4346),#4350);
#4346 = LINE('',#4347,#4348);
#4347 = CARTESIAN_POINT('',(1.,0.));
#4348 = VECTOR('',#4349,1.);
#4349 = DIRECTION('',(0.,-1.));
#4350 = ( GEOMETRIC_REPRESENTATION_CONTEXT(2) 
PARAMETRIC_REPRESENTATION_CONTEXT() REPRESENTATION_CONTEXT('2D SPACE',''
  ) );
#4351 = ORIENTED_EDGE('',*,*,#2970,.F.);
#4352 = ORIENTED_EDGE('',*,*,#4304,.F.);
#4353 = ADVANCED_FACE('',(#4354),#1365,.F.);
#4354 = FACE_BOUND('',#4355,.F.);
#4355 = EDGE_LOOP('',(#4356,#4357,#4378,#4379));
#4356 = ORIENTED_EDGE('',*,*,#1327,.T.);
#4357 = ORIENTED_EDGE('',*,*,#4358,.T.);
#4358 = EDGE_CURVE('',#1246,#2841,#4359,.T.);
#4359 = SURFACE_CURVE('',#4360,(#4364,#4371),.PCURVE_S1.);
#4360 = LINE('',#4361,#4362);
#4361 = CARTESIAN_POINT('',(24.857130880577,23.223504825933,-1.));
#4362 = VECTOR('',#4363,1.);
#4363 = DIRECTION('',(0.,0.,1.));
#4364 = PCURVE('',#1365,#4365);
#4365 = DEFINITIONAL_REPRESENTATION('',(#4366),#4370);
#4366 = LINE('',#4367,#4368);
#4367 = CARTESIAN_POINT('',(0.,0.));
#4368 = VECTOR('',#4369,1.);
#4369 = DIRECTION('',(0.,-1.));
#4370 = ( GEOMETRIC_REPRESENTATION_CONTEXT(2) 
PARAMETRIC_REPRESENTATION_CONTEXT() REPRESENTATION_CONTEXT('2D SPACE',''
  ) );
#4371 = PCURVE('',#1295,#4372);
#4372 = DEFINITIONAL_REPRESENTATION('',(#4373),#4377);
#4373 = LINE('',#4374,#4375);
#4374 = CARTESIAN_POINT('',(1.,0.));
#4375 = VECTOR('',#4376,1.);
#4376 = DIRECTION('',(0.,-1.));
#4377 = ( GEOMETRIC_REPRESENTATION_CONTEXT(2) 
PARAMETRIC_REPRESENTATION_CONTEXT() REPRESENTATION_CONTEXT('2D SPACE',''
  ) );
#4378 = ORIENTED_EDGE('',*,*,#2914,.F.);
#4379 = ORIENTED_EDGE('',*,*,#4331,.F.);
#4380 = ADVANCED_FACE('',(#4381),#1295,.F.);
#4381 = FACE_BOUND('',#4382,.F.);
#4382 = EDGE_LOOP('',(#4383,#4384,#4385,#4386));
#4383 = ORIENTED_EDGE('',*,*,#1245,.T.);
#4384 = ORIENTED_EDGE('',*,*,#4063,.T.);
#4385 = ORIENTED_EDGE('',*,*,#2840,.F.);
#4386 = ORIENTED_EDGE('',*,*,#4358,.F.);
#4387 = ( GEOMETRIC_REPRESENTATION_CONTEXT(3) 
GLOBAL_UNCERTAINTY_ASSIGNED_CONTEXT((#4391)) 
GLOBAL_UNIT_ASSIGNED_CONTEXT((#4388,#4389,#4390)) REPRESENTATION_CONTEXT
('Context #1','3D Context with UNIT and UNCERTAINTY') );
#4388 = ( LENGTH_UNIT() NAMED_UNIT(*) SI_UNIT(.MILLI.,.METRE.) );
#4389 = ( NAMED_UNIT(*) PLANE_ANGLE_UNIT() SI_UNIT($,.RADIAN.) );
#4390 = ( NAMED_UNIT(*) SI_UNIT($,.STERADIAN.) SOLID_ANGLE_UNIT() );
#4391 = UNCERTAINTY_MEASURE_WITH_UNIT(LENGTH_MEASURE(2.E-06),#4388,
  'distance_accuracy_value','confusion accuracy');
#4392 = PRODUCT_RELATED_PRODUCT_CATEGORY('part',$,(#7));
#4393 = MECHANICAL_DESIGN_GEOMETRIC_PRESENTATION_REPRESENTATION('',(
    #4394),#4387);
#4394 = STYLED_ITEM('color',(#4395),#15);
#4395 = PRESENTATION_STYLE_ASSIGNMENT((#4396));
#4396 = SURFACE_STYLE_USAGE(.BOTH.,#4397);
#4397 = SURFACE_SIDE_STYLE('',(#4398));
#4398 = SURFACE_STYLE_FILL_AREA(#4399);
#4399 = FILL_AREA_STYLE('',(#4400));
#4400 = FILL_AREA_STYLE_COLOUR('',#4401);
#4401 = COLOUR_RGB('',0.462745104622,0.552941175644,0.960784305148);
ENDSEC;
END-ISO-10303-21;
