ISO-10303-21;
HEADER;
FILE_DESCRIPTION(('FusionSpace fusion-space-badge-50mm'),'2;1');
FILE_NAME('fusion-space-badge-50mm.step','2026-10-01T00:00:00',('Author'),(
    'Open CASCADE'),'Open CASCADE STEP processor 7.9','Open CASCADE 7.9'
  ,'Unknown');
FILE_SCHEMA(('AUTOMOTIVE_DESIGN { 1 0 10303 214 1 1 1 1 }'));
ENDSEC;
DATA;
#1 = APPLICATION_PROTOCOL_DEFINITION('international standard',
  'automotive_design',2000,#2);
#2 = APPLICATION_CONTEXT(
  'core data for automotive mechanical design processes');
#3 = SHAPE_DEFINITION_REPRESENTATION(#4,#10);
#4 = PRODUCT_DEFINITION_SHAPE('','',#5);
#5 = PRODUCT_DEFINITION('design','',#6,#9);
#6 = PRODUCT_DEFINITION_FORMATION('','',#7);
#7 = PRODUCT('base','base','',(#8));
#8 = PRODUCT_CONTEXT('',#2,'mechanical');
#9 = PRODUCT_DEFINITION_CONTEXT('part definition',#2,'design');
#10 = ADVANCED_BREP_SHAPE_REPRESENTATION('',(#11,#15),#6882);
#11 = AXIS2_PLACEMENT_3D('',#12,#13,#14);
#12 = CARTESIAN_POINT('',(0.,0.,0.));
#13 = DIRECTION('',(0.,0.,1.));
#14 = DIRECTION('',(1.,0.,-0.));
#15 = MANIFOLD_SOLID_BREP('',#16);
#16 = CLOSED_SHELL('',(#17,#140,#216,#292,#368,#444,#520,#596,#672,#748,
    #829,#917,#993,#1069,#1145,#1221,#1297,#1373,#1449,#1525,#1606,#1694
    ,#1770,#1846,#1922,#1998,#2074,#2150,#2226,#2302,#2378,#2457,#2537,
    #2617,#2701,#2777,#2853,#2929,#3005,#3081,#3157,#3233,#3309,#3385,
    #3461,#3537,#3613,#3689,#3765,#3841,#3917,#3993,#4069,#4145,#4253,
    #4449,#4525,#4601,#4677,#4753,#4829,#4905,#4981,#5057,#5133,#5209,
    #5285,#5364,#5444,#5520,#5596,#5672,#5748,#5824,#5900,#5976,#6052,
    #6128,#6204,#6280,#6356,#6432,#6508,#6584,#6655,#6706,#6794));
#17 = ADVANCED_FACE('',(#18),#32,.F.);
#18 = FACE_BOUND('',#19,.F.);
#19 = EDGE_LOOP('',(#20,#58,#86,#114));
#20 = ORIENTED_EDGE('',*,*,#21,.T.);
#21 = EDGE_CURVE('',#22,#24,#26,.T.);
#22 = VERTEX_POINT('',#23);
#23 = CARTESIAN_POINT('',(-2.77667478468,30.008162686486,0.));
#24 = VERTEX_POINT('',#25);
#25 = CARTESIAN_POINT('',(-2.77667478468,30.008162686486,2.));
#26 = SURFACE_CURVE('',#27,(#31,#43),.PCURVE_S1.);
#27 = LINE('',#28,#29);
#28 = CARTESIAN_POINT('',(-2.77667478468,30.008162686486,0.));
#29 = VECTOR('',#30,1.);
#30 = DIRECTION('',(0.,0.,1.));
#31 = PCURVE('',#32,#37);
#32 = PLANE('',#33);
#33 = AXIS2_PLACEMENT_3D('',#34,#35,#36);
#34 = CARTESIAN_POINT('',(-2.77667478468,30.008162686486,0.));
#35 = DIRECTION('',(0.931680526907,0.363278675099,-0.));
#36 = DIRECTION('',(0.363278675099,-0.931680526907,0.));
#37 = DEFINITIONAL_REPRESENTATION('',(#38),#42);
#38 = LINE('',#39,#40);
#39 = CARTESIAN_POINT('',(0.,0.));
#40 = VECTOR('',#41,1.);
#41 = DIRECTION('',(0.,-1.));
#42 = ( GEOMETRIC_REPRESENTATION_CONTEXT(2) 
PARAMETRIC_REPRESENTATION_CONTEXT() REPRESENTATION_CONTEXT('2D SPACE',''
  ) );
#43 = PCURVE('',#44,#52);
#44 = SURFACE_OF_LINEAR_EXTRUSION('',#45,#50);
#45 = B_SPLINE_CURVE_WITH_KNOTS('',3,(#46,#47,#48,#49),.UNSPECIFIED.,.F.
  ,.F.,(4,4),(0.,1.),.PIECEWISE_BEZIER_KNOTS.);
#46 = CARTESIAN_POINT('',(-1.50192979397,33.684250493492,0.));
#47 = CARTESIAN_POINT('',(-2.772253674357,32.935544418372,0.));
#48 = CARTESIAN_POINT('',(-3.310769676462,31.382581179731,0.));
#49 = CARTESIAN_POINT('',(-2.77667478468,30.008162686486,0.));
#50 = VECTOR('',#51,1.);
#51 = DIRECTION('',(-0.,-0.,-1.));
#52 = DEFINITIONAL_REPRESENTATION('',(#53),#57);
#53 = LINE('',#54,#55);
#54 = CARTESIAN_POINT('',(1.,0.));
#55 = VECTOR('',#56,1.);
#56 = DIRECTION('',(0.,-1.));
#57 = ( GEOMETRIC_REPRESENTATION_CONTEXT(2) 
PARAMETRIC_REPRESENTATION_CONTEXT() REPRESENTATION_CONTEXT('2D SPACE',''
  ) );
#58 = ORIENTED_EDGE('',*,*,#59,.T.);
#59 = EDGE_CURVE('',#24,#60,#62,.T.);
#60 = VERTEX_POINT('',#61);
#61 = CARTESIAN_POINT('',(-2.399113042064,29.039851174103,2.));
#62 = SURFACE_CURVE('',#63,(#67,#74),.PCURVE_S1.);
#63 = LINE('',#64,#65);
#64 = CARTESIAN_POINT('',(-2.77667478468,30.008162686486,2.));
#65 = VECTOR('',#66,1.);
#66 = DIRECTION('',(0.363278675099,-0.931680526907,0.));
#67 = PCURVE('',#32,#68);
#68 = DEFINITIONAL_REPRESENTATION('',(#69),#73);
#69 = LINE('',#70,#71);
#70 = CARTESIAN_POINT('',(0.,-2.));
#71 = VECTOR('',#72,1.);
#72 = DIRECTION('',(1.,0.));
#73 = ( GEOMETRIC_REPRESENTATION_CONTEXT(2) 
PARAMETRIC_REPRESENTATION_CONTEXT() REPRESENTATION_CONTEXT('2D SPACE',''
  ) );
#74 = PCURVE('',#75,#80);
#75 = PLANE('',#76);
#76 = AXIS2_PLACEMENT_3D('',#77,#78,#79);
#77 = CARTESIAN_POINT('',(26.062294276663,26.068378869996,2.));
#78 = DIRECTION('',(0.,0.,1.));
#79 = DIRECTION('',(1.,0.,-0.));
#80 = DEFINITIONAL_REPRESENTATION('',(#81),#85);
#81 = LINE('',#82,#83);
#82 = CARTESIAN_POINT('',(-28.83896906134,3.939783816489));
#83 = VECTOR('',#84,1.);
#84 = DIRECTION('',(0.363278675099,-0.931680526907));
#85 = ( GEOMETRIC_REPRESENTATION_CONTEXT(2) 
PARAMETRIC_REPRESENTATION_CONTEXT() REPRESENTATION_CONTEXT('2D SPACE',''
  ) );
#86 = ORIENTED_EDGE('',*,*,#87,.F.);
#87 = EDGE_CURVE('',#88,#60,#90,.T.);
#88 = VERTEX_POINT('',#89);
#89 = CARTESIAN_POINT('',(-2.399113042064,29.039851174103,0.));
#90 = SURFACE_CURVE('',#91,(#95,#102),.PCURVE_S1.);
#91 = LINE('',#92,#93);
#92 = CARTESIAN_POINT('',(-2.399113042064,29.039851174103,0.));
#93 = VECTOR('',#94,1.);
#94 = DIRECTION('',(0.,0.,1.));
#95 = PCURVE('',#32,#96);
#96 = DEFINITIONAL_REPRESENTATION('',(#97),#101);
#97 = LINE('',#98,#99);
#98 = CARTESIAN_POINT('',(1.039317109693,0.));
#99 = VECTOR('',#100,1.);
#100 = DIRECTION('',(0.,-1.));
#101 = ( GEOMETRIC_REPRESENTATION_CONTEXT(2) 
PARAMETRIC_REPRESENTATION_CONTEXT() REPRESENTATION_CONTEXT('2D SPACE',''
  ) );
#102 = PCURVE('',#103,#108);
#103 = PLANE('',#104);
#104 = AXIS2_PLACEMENT_3D('',#105,#106,#107);
#105 = CARTESIAN_POINT('',(-2.399113042064,29.039851174103,0.));
#106 = DIRECTION('',(0.923680928781,0.383162552719,-0.));
#107 = DIRECTION('',(0.383162552719,-0.923680928781,0.));
#108 = DEFINITIONAL_REPRESENTATION('',(#109),#113);
#109 = LINE('',#110,#111);
#110 = CARTESIAN_POINT('',(0.,0.));
#111 = VECTOR('',#112,1.);
#112 = DIRECTION('',(0.,-1.));
#113 = ( GEOMETRIC_REPRESENTATION_CONTEXT(2) 
PARAMETRIC_REPRESENTATION_CONTEXT() REPRESENTATION_CONTEXT('2D SPACE',''
  ) );
#114 = ORIENTED_EDGE('',*,*,#115,.F.);
#115 = EDGE_CURVE('',#22,#88,#116,.T.);
#116 = SURFACE_CURVE('',#117,(#121,#128),.PCURVE_S1.);
#117 = LINE('',#118,#119);
#118 = CARTESIAN_POINT('',(-2.77667478468,30.008162686486,0.));
#119 = VECTOR('',#120,1.);
#120 = DIRECTION('',(0.363278675099,-0.931680526907,0.));
#121 = PCURVE('',#32,#122);
#122 = DEFINITIONAL_REPRESENTATION('',(#123),#127);
#123 = LINE('',#124,#125);
#124 = CARTESIAN_POINT('',(0.,0.));
#125 = VECTOR('',#126,1.);
#126 = DIRECTION('',(1.,0.));
#127 = ( GEOMETRIC_REPRESENTATION_CONTEXT(2) 
PARAMETRIC_REPRESENTATION_CONTEXT() REPRESENTATION_CONTEXT('2D SPACE',''
  ) );
#128 = PCURVE('',#129,#134);
#129 = PLANE('',#130);
#130 = AXIS2_PLACEMENT_3D('',#131,#132,#133);
#131 = CARTESIAN_POINT('',(26.062294276663,26.068378869996,0.));
#132 = DIRECTION('',(0.,0.,1.));
#133 = DIRECTION('',(1.,0.,-0.));
#134 = DEFINITIONAL_REPRESENTATION('',(#135),#139);
#135 = LINE('',#136,#137);
#136 = CARTESIAN_POINT('',(-28.83896906134,3.939783816489));
#137 = VECTOR('',#138,1.);
#138 = DIRECTION('',(0.363278675099,-0.931680526907));
#139 = ( GEOMETRIC_REPRESENTATION_CONTEXT(2) 
PARAMETRIC_REPRESENTATION_CONTEXT() REPRESENTATION_CONTEXT('2D SPACE',''
  ) );
#140 = ADVANCED_FACE('',(#141),#103,.F.);
#141 = FACE_BOUND('',#142,.F.);
#142 = EDGE_LOOP('',(#143,#144,#167,#195));
#143 = ORIENTED_EDGE('',*,*,#87,.T.);
#144 = ORIENTED_EDGE('',*,*,#145,.T.);
#145 = EDGE_CURVE('',#60,#146,#148,.T.);
#146 = VERTEX_POINT('',#147);
#147 = CARTESIAN_POINT('',(-2.287731120276,28.771345402241,2.));
#148 = SURFACE_CURVE('',#149,(#153,#160),.PCURVE_S1.);
#149 = LINE('',#150,#151);
#150 = CARTESIAN_POINT('',(-2.399113042064,29.039851174103,2.));
#151 = VECTOR('',#152,1.);
#152 = DIRECTION('',(0.383162552719,-0.923680928781,0.));
#153 = PCURVE('',#103,#154);
#154 = DEFINITIONAL_REPRESENTATION('',(#155),#159);
#155 = LINE('',#156,#157);
#156 = CARTESIAN_POINT('',(0.,-2.));
#157 = VECTOR('',#158,1.);
#158 = DIRECTION('',(1.,0.));
#159 = ( GEOMETRIC_REPRESENTATION_CONTEXT(2) 
PARAMETRIC_REPRESENTATION_CONTEXT() REPRESENTATION_CONTEXT('2D SPACE',''
  ) );
#160 = PCURVE('',#75,#161);
#161 = DEFINITIONAL_REPRESENTATION('',(#162),#166);
#162 = LINE('',#163,#164);
#163 = CARTESIAN_POINT('',(-28.46140731872,2.971472304107));
#164 = VECTOR('',#165,1.);
#165 = DIRECTION('',(0.383162552719,-0.923680928781));
#166 = ( GEOMETRIC_REPRESENTATION_CONTEXT(2) 
PARAMETRIC_REPRESENTATION_CONTEXT() REPRESENTATION_CONTEXT('2D SPACE',''
  ) );
#167 = ORIENTED_EDGE('',*,*,#168,.F.);
#168 = EDGE_CURVE('',#169,#146,#171,.T.);
#169 = VERTEX_POINT('',#170);
#170 = CARTESIAN_POINT('',(-2.287731120276,28.771345402241,0.));
#171 = SURFACE_CURVE('',#172,(#176,#183),.PCURVE_S1.);
#172 = LINE('',#173,#174);
#173 = CARTESIAN_POINT('',(-2.287731120276,28.771345402241,0.));
#174 = VECTOR('',#175,1.);
#175 = DIRECTION('',(0.,0.,1.));
#176 = PCURVE('',#103,#177);
#177 = DEFINITIONAL_REPRESENTATION('',(#178),#182);
#178 = LINE('',#179,#180);
#179 = CARTESIAN_POINT('',(0.290691042216,0.));
#180 = VECTOR('',#181,1.);
#181 = DIRECTION('',(0.,-1.));
#182 = ( GEOMETRIC_REPRESENTATION_CONTEXT(2) 
PARAMETRIC_REPRESENTATION_CONTEXT() REPRESENTATION_CONTEXT('2D SPACE',''
  ) );
#183 = PCURVE('',#184,#189);
#184 = PLANE('',#185);
#185 = AXIS2_PLACEMENT_3D('',#186,#187,#188);
#186 = CARTESIAN_POINT('',(-2.287731120276,28.771345402241,0.));
#187 = DIRECTION('',(0.940027412282,0.341098906711,-0.));
#188 = DIRECTION('',(0.341098906711,-0.940027412282,0.));
#189 = DEFINITIONAL_REPRESENTATION('',(#190),#194);
#190 = LINE('',#191,#192);
#191 = CARTESIAN_POINT('',(0.,0.));
#192 = VECTOR('',#193,1.);
#193 = DIRECTION('',(0.,-1.));
#194 = ( GEOMETRIC_REPRESENTATION_CONTEXT(2) 
PARAMETRIC_REPRESENTATION_CONTEXT() REPRESENTATION_CONTEXT('2D SPACE',''
  ) );
#195 = ORIENTED_EDGE('',*,*,#196,.F.);
#196 = EDGE_CURVE('',#88,#169,#197,.T.);
#197 = SURFACE_CURVE('',#198,(#202,#209),.PCURVE_S1.);
#198 = LINE('',#199,#200);
#199 = CARTESIAN_POINT('',(-2.399113042064,29.039851174103,0.));
#200 = VECTOR('',#201,1.);
#201 = DIRECTION('',(0.383162552719,-0.923680928781,0.));
#202 = PCURVE('',#103,#203);
#203 = DEFINITIONAL_REPRESENTATION('',(#204),#208);
#204 = LINE('',#205,#206);
#205 = CARTESIAN_POINT('',(0.,0.));
#206 = VECTOR('',#207,1.);
#207 = DIRECTION('',(1.,0.));
#208 = ( GEOMETRIC_REPRESENTATION_CONTEXT(2) 
PARAMETRIC_REPRESENTATION_CONTEXT() REPRESENTATION_CONTEXT('2D SPACE',''
  ) );
#209 = PCURVE('',#129,#210);
#210 = DEFINITIONAL_REPRESENTATION('',(#211),#215);
#211 = LINE('',#212,#213);
#212 = CARTESIAN_POINT('',(-28.46140731872,2.971472304107));
#213 = VECTOR('',#214,1.);
#214 = DIRECTION('',(0.383162552719,-0.923680928781));
#215 = ( GEOMETRIC_REPRESENTATION_CONTEXT(2) 
PARAMETRIC_REPRESENTATION_CONTEXT() REPRESENTATION_CONTEXT('2D SPACE',''
  ) );
#216 = ADVANCED_FACE('',(#217),#184,.F.);
#217 = FACE_BOUND('',#218,.F.);
#218 = EDGE_LOOP('',(#219,#220,#243,#271));
#219 = ORIENTED_EDGE('',*,*,#168,.T.);
#220 = ORIENTED_EDGE('',*,*,#221,.T.);
#221 = EDGE_CURVE('',#146,#222,#224,.T.);
#222 = VERTEX_POINT('',#223);
#223 = CARTESIAN_POINT('',(-1.514460759901,26.640305631794,2.));
#224 = SURFACE_CURVE('',#225,(#229,#236),.PCURVE_S1.);
#225 = LINE('',#226,#227);
#226 = CARTESIAN_POINT('',(-2.287731120276,28.771345402241,2.));
#227 = VECTOR('',#228,1.);
#228 = DIRECTION('',(0.341098906711,-0.940027412282,0.));
#229 = PCURVE('',#184,#230);
#230 = DEFINITIONAL_REPRESENTATION('',(#231),#235);
#231 = LINE('',#232,#233);
#232 = CARTESIAN_POINT('',(0.,-2.));
#233 = VECTOR('',#234,1.);
#234 = DIRECTION('',(1.,0.));
#235 = ( GEOMETRIC_REPRESENTATION_CONTEXT(2) 
PARAMETRIC_REPRESENTATION_CONTEXT() REPRESENTATION_CONTEXT('2D SPACE',''
  ) );
#236 = PCURVE('',#75,#237);
#237 = DEFINITIONAL_REPRESENTATION('',(#238),#242);
#238 = LINE('',#239,#240);
#239 = CARTESIAN_POINT('',(-28.35002539693,2.702966532244));
#240 = VECTOR('',#241,1.);
#241 = DIRECTION('',(0.341098906711,-0.940027412282));
#242 = ( GEOMETRIC_REPRESENTATION_CONTEXT(2) 
PARAMETRIC_REPRESENTATION_CONTEXT() REPRESENTATION_CONTEXT('2D SPACE',''
  ) );
#243 = ORIENTED_EDGE('',*,*,#244,.F.);
#244 = EDGE_CURVE('',#245,#222,#247,.T.);
#245 = VERTEX_POINT('',#246);
#246 = CARTESIAN_POINT('',(-1.514460759901,26.640305631794,0.));
#247 = SURFACE_CURVE('',#248,(#252,#259),.PCURVE_S1.);
#248 = LINE('',#249,#250);
#249 = CARTESIAN_POINT('',(-1.514460759901,26.640305631794,0.));
#250 = VECTOR('',#251,1.);
#251 = DIRECTION('',(0.,0.,1.));
#252 = PCURVE('',#184,#253);
#253 = DEFINITIONAL_REPRESENTATION('',(#254),#258);
#254 = LINE('',#255,#256);
#255 = CARTESIAN_POINT('',(2.266997475398,0.));
#256 = VECTOR('',#257,1.);
#257 = DIRECTION('',(0.,-1.));
#258 = ( GEOMETRIC_REPRESENTATION_CONTEXT(2) 
PARAMETRIC_REPRESENTATION_CONTEXT() REPRESENTATION_CONTEXT('2D SPACE',''
  ) );
#259 = PCURVE('',#260,#265);
#260 = PLANE('',#261);
#261 = AXIS2_PLACEMENT_3D('',#262,#263,#264);
#262 = CARTESIAN_POINT('',(-1.514460759901,26.640305631794,0.));
#263 = DIRECTION('',(0.955381957271,0.295373180436,-0.));
#264 = DIRECTION('',(0.295373180436,-0.955381957271,0.));
#265 = DEFINITIONAL_REPRESENTATION('',(#266),#270);
#266 = LINE('',#267,#268);
#267 = CARTESIAN_POINT('',(0.,0.));
#268 = VECTOR('',#269,1.);
#269 = DIRECTION('',(0.,-1.));
#270 = ( GEOMETRIC_REPRESENTATION_CONTEXT(2) 
PARAMETRIC_REPRESENTATION_CONTEXT() REPRESENTATION_CONTEXT('2D SPACE',''
  ) );
#271 = ORIENTED_EDGE('',*,*,#272,.F.);
#272 = EDGE_CURVE('',#169,#245,#273,.T.);
#273 = SURFACE_CURVE('',#274,(#278,#285),.PCURVE_S1.);
#274 = LINE('',#275,#276);
#275 = CARTESIAN_POINT('',(-2.287731120276,28.771345402241,0.));
#276 = VECTOR('',#277,1.);
#277 = DIRECTION('',(0.341098906711,-0.940027412282,0.));
#278 = PCURVE('',#184,#279);
#279 = DEFINITIONAL_REPRESENTATION('',(#280),#284);
#280 = LINE('',#281,#282);
#281 = CARTESIAN_POINT('',(0.,0.));
#282 = VECTOR('',#283,1.);
#283 = DIRECTION('',(1.,0.));
#284 = ( GEOMETRIC_REPRESENTATION_CONTEXT(2) 
PARAMETRIC_REPRESENTATION_CONTEXT() REPRESENTATION_CONTEXT('2D SPACE',''
  ) );
#285 = PCURVE('',#129,#286);
#286 = DEFINITIONAL_REPRESENTATION('',(#287),#291);
#287 = LINE('',#288,#289);
#288 = CARTESIAN_POINT('',(-28.35002539693,2.702966532244));
#289 = VECTOR('',#290,1.);
#290 = DIRECTION('',(0.341098906711,-0.940027412282));
#291 = ( GEOMETRIC_REPRESENTATION_CONTEXT(2) 
PARAMETRIC_REPRESENTATION_CONTEXT() REPRESENTATION_CONTEXT('2D SPACE',''
  ) );
#292 = ADVANCED_FACE('',(#293),#260,.F.);
#293 = FACE_BOUND('',#294,.F.);
#294 = EDGE_LOOP('',(#295,#296,#319,#347));
#295 = ORIENTED_EDGE('',*,*,#244,.T.);
#296 = ORIENTED_EDGE('',*,*,#297,.T.);
#297 = EDGE_CURVE('',#222,#298,#300,.T.);
#298 = VERTEX_POINT('',#299);
#299 = CARTESIAN_POINT('',(-0.844850505553,24.47445714662,2.));
#300 = SURFACE_CURVE('',#301,(#305,#312),.PCURVE_S1.);
#301 = LINE('',#302,#303);
#302 = CARTESIAN_POINT('',(-1.514460759901,26.640305631794,2.));
#303 = VECTOR('',#304,1.);
#304 = DIRECTION('',(0.295373180436,-0.955381957271,0.));
#305 = PCURVE('',#260,#306);
#306 = DEFINITIONAL_REPRESENTATION('',(#307),#311);
#307 = LINE('',#308,#309);
#308 = CARTESIAN_POINT('',(0.,-2.));
#309 = VECTOR('',#310,1.);
#310 = DIRECTION('',(1.,0.));
#311 = ( GEOMETRIC_REPRESENTATION_CONTEXT(2) 
PARAMETRIC_REPRESENTATION_CONTEXT() REPRESENTATION_CONTEXT('2D SPACE',''
  ) );
#312 = PCURVE('',#75,#313);
#313 = DEFINITIONAL_REPRESENTATION('',(#314),#318);
#314 = LINE('',#315,#316);
#315 = CARTESIAN_POINT('',(-27.57675503656,0.571926761797));
#316 = VECTOR('',#317,1.);
#317 = DIRECTION('',(0.295373180436,-0.955381957271));
#318 = ( GEOMETRIC_REPRESENTATION_CONTEXT(2) 
PARAMETRIC_REPRESENTATION_CONTEXT() REPRESENTATION_CONTEXT('2D SPACE',''
  ) );
#319 = ORIENTED_EDGE('',*,*,#320,.F.);
#320 = EDGE_CURVE('',#321,#298,#323,.T.);
#321 = VERTEX_POINT('',#322);
#322 = CARTESIAN_POINT('',(-0.844850505553,24.47445714662,0.));
#323 = SURFACE_CURVE('',#324,(#328,#335),.PCURVE_S1.);
#324 = LINE('',#325,#326);
#325 = CARTESIAN_POINT('',(-0.844850505553,24.47445714662,0.));
#326 = VECTOR('',#327,1.);
#327 = DIRECTION('',(0.,0.,1.));
#328 = PCURVE('',#260,#329);
#329 = DEFINITIONAL_REPRESENTATION('',(#330),#334);
#330 = LINE('',#331,#332);
#331 = CARTESIAN_POINT('',(2.266997475398,0.));
#332 = VECTOR('',#333,1.);
#333 = DIRECTION('',(0.,-1.));
#334 = ( GEOMETRIC_REPRESENTATION_CONTEXT(2) 
PARAMETRIC_REPRESENTATION_CONTEXT() REPRESENTATION_CONTEXT('2D SPACE',''
  ) );
#335 = PCURVE('',#336,#341);
#336 = PLANE('',#337);
#337 = AXIS2_PLACEMENT_3D('',#338,#339,#340);
#338 = CARTESIAN_POINT('',(-0.844850505553,24.47445714662,0.));
#339 = DIRECTION('',(0.968513706686,0.24896023771,-0.));
#340 = DIRECTION('',(0.24896023771,-0.968513706686,0.));
#341 = DEFINITIONAL_REPRESENTATION('',(#342),#346);
#342 = LINE('',#343,#344);
#343 = CARTESIAN_POINT('',(0.,0.));
#344 = VECTOR('',#345,1.);
#345 = DIRECTION('',(0.,-1.));
#346 = ( GEOMETRIC_REPRESENTATION_CONTEXT(2) 
PARAMETRIC_REPRESENTATION_CONTEXT() REPRESENTATION_CONTEXT('2D SPACE',''
  ) );
#347 = ORIENTED_EDGE('',*,*,#348,.F.);
#348 = EDGE_CURVE('',#245,#321,#349,.T.);
#349 = SURFACE_CURVE('',#350,(#354,#361),.PCURVE_S1.);
#350 = LINE('',#351,#352);
#351 = CARTESIAN_POINT('',(-1.514460759901,26.640305631794,0.));
#352 = VECTOR('',#353,1.);
#353 = DIRECTION('',(0.295373180436,-0.955381957271,0.));
#354 = PCURVE('',#260,#355);
#355 = DEFINITIONAL_REPRESENTATION('',(#356),#360);
#356 = LINE('',#357,#358);
#357 = CARTESIAN_POINT('',(0.,0.));
#358 = VECTOR('',#359,1.);
#359 = DIRECTION('',(1.,0.));
#360 = ( GEOMETRIC_REPRESENTATION_CONTEXT(2) 
PARAMETRIC_REPRESENTATION_CONTEXT() REPRESENTATION_CONTEXT('2D SPACE',''
  ) );
#361 = PCURVE('',#129,#362);
#362 = DEFINITIONAL_REPRESENTATION('',(#363),#367);
#363 = LINE('',#364,#365);
#364 = CARTESIAN_POINT('',(-27.57675503656,0.571926761797));
#365 = VECTOR('',#366,1.);
#366 = DIRECTION('',(0.295373180436,-0.955381957271));
#367 = ( GEOMETRIC_REPRESENTATION_CONTEXT(2) 
PARAMETRIC_REPRESENTATION_CONTEXT() REPRESENTATION_CONTEXT('2D SPACE',''
  ) );
#368 = ADVANCED_FACE('',(#369),#336,.F.);
#369 = FACE_BOUND('',#370,.F.);
#370 = EDGE_LOOP('',(#371,#372,#395,#423));
#371 = ORIENTED_EDGE('',*,*,#320,.T.);
#372 = ORIENTED_EDGE('',*,*,#373,.T.);
#373 = EDGE_CURVE('',#298,#374,#376,.T.);
#374 = VERTEX_POINT('',#375);
#375 = CARTESIAN_POINT('',(-0.280458275189,22.278839018673,2.));
#376 = SURFACE_CURVE('',#377,(#381,#388),.PCURVE_S1.);
#377 = LINE('',#378,#379);
#378 = CARTESIAN_POINT('',(-0.844850505553,24.47445714662,2.));
#379 = VECTOR('',#380,1.);
#380 = DIRECTION('',(0.24896023771,-0.968513706686,0.));
#381 = PCURVE('',#336,#382);
#382 = DEFINITIONAL_REPRESENTATION('',(#383),#387);
#383 = LINE('',#384,#385);
#384 = CARTESIAN_POINT('',(0.,-2.));
#385 = VECTOR('',#386,1.);
#386 = DIRECTION('',(1.,0.));
#387 = ( GEOMETRIC_REPRESENTATION_CONTEXT(2) 
PARAMETRIC_REPRESENTATION_CONTEXT() REPRESENTATION_CONTEXT('2D SPACE',''
  ) );
#388 = PCURVE('',#75,#389);
#389 = DEFINITIONAL_REPRESENTATION('',(#390),#394);
#390 = LINE('',#391,#392);
#391 = CARTESIAN_POINT('',(-26.90714478221,-1.593921723377));
#392 = VECTOR('',#393,1.);
#393 = DIRECTION('',(0.24896023771,-0.968513706686));
#394 = ( GEOMETRIC_REPRESENTATION_CONTEXT(2) 
PARAMETRIC_REPRESENTATION_CONTEXT() REPRESENTATION_CONTEXT('2D SPACE',''
  ) );
#395 = ORIENTED_EDGE('',*,*,#396,.F.);
#396 = EDGE_CURVE('',#397,#374,#399,.T.);
#397 = VERTEX_POINT('',#398);
#398 = CARTESIAN_POINT('',(-0.280458275189,22.278839018673,0.));
#399 = SURFACE_CURVE('',#400,(#404,#411),.PCURVE_S1.);
#400 = LINE('',#401,#402);
#401 = CARTESIAN_POINT('',(-0.280458275189,22.278839018673,0.));
#402 = VECTOR('',#403,1.);
#403 = DIRECTION('',(0.,0.,1.));
#404 = PCURVE('',#336,#405);
#405 = DEFINITIONAL_REPRESENTATION('',(#406),#410);
#406 = LINE('',#407,#408);
#407 = CARTESIAN_POINT('',(2.266997475398,0.));
#408 = VECTOR('',#409,1.);
#409 = DIRECTION('',(0.,-1.));
#410 = ( GEOMETRIC_REPRESENTATION_CONTEXT(2) 
PARAMETRIC_REPRESENTATION_CONTEXT() REPRESENTATION_CONTEXT('2D SPACE',''
  ) );
#411 = PCURVE('',#412,#417);
#412 = PLANE('',#413);
#413 = AXIS2_PLACEMENT_3D('',#414,#415,#416);
#414 = CARTESIAN_POINT('',(-0.280458275189,22.278839018673,0.));
#415 = DIRECTION('',(0.979392108145,0.201968063076,-0.));
#416 = DIRECTION('',(0.201968063076,-0.979392108145,0.));
#417 = DEFINITIONAL_REPRESENTATION('',(#418),#422);
#418 = LINE('',#419,#420);
#419 = CARTESIAN_POINT('',(0.,0.));
#420 = VECTOR('',#421,1.);
#421 = DIRECTION('',(0.,-1.));
#422 = ( GEOMETRIC_REPRESENTATION_CONTEXT(2) 
PARAMETRIC_REPRESENTATION_CONTEXT() REPRESENTATION_CONTEXT('2D SPACE',''
  ) );
#423 = ORIENTED_EDGE('',*,*,#424,.F.);
#424 = EDGE_CURVE('',#321,#397,#425,.T.);
#425 = SURFACE_CURVE('',#426,(#430,#437),.PCURVE_S1.);
#426 = LINE('',#427,#428);
#427 = CARTESIAN_POINT('',(-0.844850505553,24.47445714662,0.));
#428 = VECTOR('',#429,1.);
#429 = DIRECTION('',(0.24896023771,-0.968513706686,0.));
#430 = PCURVE('',#336,#431);
#431 = DEFINITIONAL_REPRESENTATION('',(#432),#436);
#432 = LINE('',#433,#434);
#433 = CARTESIAN_POINT('',(0.,0.));
#434 = VECTOR('',#435,1.);
#435 = DIRECTION('',(1.,0.));
#436 = ( GEOMETRIC_REPRESENTATION_CONTEXT(2) 
PARAMETRIC_REPRESENTATION_CONTEXT() REPRESENTATION_CONTEXT('2D SPACE',''
  ) );
#437 = PCURVE('',#129,#438);
#438 = DEFINITIONAL_REPRESENTATION('',(#439),#443);
#439 = LINE('',#440,#441);
#440 = CARTESIAN_POINT('',(-26.90714478221,-1.593921723377));
#441 = VECTOR('',#442,1.);
#442 = DIRECTION('',(0.24896023771,-0.968513706686));
#443 = ( GEOMETRIC_REPRESENTATION_CONTEXT(2) 
PARAMETRIC_REPRESENTATION_CONTEXT() REPRESENTATION_CONTEXT('2D SPACE',''
  ) );
#444 = ADVANCED_FACE('',(#445),#412,.F.);
#445 = FACE_BOUND('',#446,.F.);
#446 = EDGE_LOOP('',(#447,#448,#471,#499));
#447 = ORIENTED_EDGE('',*,*,#396,.T.);
#448 = ORIENTED_EDGE('',*,*,#449,.T.);
#449 = EDGE_CURVE('',#374,#450,#452,.T.);
#450 = VERTEX_POINT('',#451);
#451 = CARTESIAN_POINT('',(0.177402813914,20.058559582083,2.));
#452 = SURFACE_CURVE('',#453,(#457,#464),.PCURVE_S1.);
#453 = LINE('',#454,#455);
#454 = CARTESIAN_POINT('',(-0.280458275189,22.278839018673,2.));
#455 = VECTOR('',#456,1.);
#456 = DIRECTION('',(0.201968063076,-0.979392108145,0.));
#457 = PCURVE('',#412,#458);
#458 = DEFINITIONAL_REPRESENTATION('',(#459),#463);
#459 = LINE('',#460,#461);
#460 = CARTESIAN_POINT('',(0.,-2.));
#461 = VECTOR('',#462,1.);
#462 = DIRECTION('',(1.,0.));
#463 = ( GEOMETRIC_REPRESENTATION_CONTEXT(2) 
PARAMETRIC_REPRESENTATION_CONTEXT() REPRESENTATION_CONTEXT('2D SPACE',''
  ) );
#464 = PCURVE('',#75,#465);
#465 = DEFINITIONAL_REPRESENTATION('',(#466),#470);
#466 = LINE('',#467,#468);
#467 = CARTESIAN_POINT('',(-26.34275255185,-3.789539851323));
#468 = VECTOR('',#469,1.);
#469 = DIRECTION('',(0.201968063076,-0.979392108145));
#470 = ( GEOMETRIC_REPRESENTATION_CONTEXT(2) 
PARAMETRIC_REPRESENTATION_CONTEXT() REPRESENTATION_CONTEXT('2D SPACE',''
  ) );
#471 = ORIENTED_EDGE('',*,*,#472,.F.);
#472 = EDGE_CURVE('',#473,#450,#475,.T.);
#473 = VERTEX_POINT('',#474);
#474 = CARTESIAN_POINT('',(0.177402813914,20.058559582083,0.));
#475 = SURFACE_CURVE('',#476,(#480,#487),.PCURVE_S1.);
#476 = LINE('',#477,#478);
#477 = CARTESIAN_POINT('',(0.177402813914,20.058559582083,0.));
#478 = VECTOR('',#479,1.);
#479 = DIRECTION('',(0.,0.,1.));
#480 = PCURVE('',#412,#481);
#481 = DEFINITIONAL_REPRESENTATION('',(#482),#486);
#482 = LINE('',#483,#484);
#483 = CARTESIAN_POINT('',(2.266997475398,0.));
#484 = VECTOR('',#485,1.);
#485 = DIRECTION('',(0.,-1.));
#486 = ( GEOMETRIC_REPRESENTATION_CONTEXT(2) 
PARAMETRIC_REPRESENTATION_CONTEXT() REPRESENTATION_CONTEXT('2D SPACE',''
  ) );
#487 = PCURVE('',#488,#493);
#488 = PLANE('',#489);
#489 = AXIS2_PLACEMENT_3D('',#490,#491,#492);
#490 = CARTESIAN_POINT('',(0.177402813914,20.058559582083,0.));
#491 = DIRECTION('',(0.987991851915,0.154505988718,-0.));
#492 = DIRECTION('',(0.154505988718,-0.987991851915,0.));
#493 = DEFINITIONAL_REPRESENTATION('',(#494),#498);
#494 = LINE('',#495,#496);
#495 = CARTESIAN_POINT('',(0.,0.));
#496 = VECTOR('',#497,1.);
#497 = DIRECTION('',(0.,-1.));
#498 = ( GEOMETRIC_REPRESENTATION_CONTEXT(2) 
PARAMETRIC_REPRESENTATION_CONTEXT() REPRESENTATION_CONTEXT('2D SPACE',''
  ) );
#499 = ORIENTED_EDGE('',*,*,#500,.F.);
#500 = EDGE_CURVE('',#397,#473,#501,.T.);
#501 = SURFACE_CURVE('',#502,(#506,#513),.PCURVE_S1.);
#502 = LINE('',#503,#504);
#503 = CARTESIAN_POINT('',(-0.280458275189,22.278839018673,0.));
#504 = VECTOR('',#505,1.);
#505 = DIRECTION('',(0.201968063076,-0.979392108145,0.));
#506 = PCURVE('',#412,#507);
#507 = DEFINITIONAL_REPRESENTATION('',(#508),#512);
#508 = LINE('',#509,#510);
#509 = CARTESIAN_POINT('',(0.,0.));
#510 = VECTOR('',#511,1.);
#511 = DIRECTION('',(1.,0.));
#512 = ( GEOMETRIC_REPRESENTATION_CONTEXT(2) 
PARAMETRIC_REPRESENTATION_CONTEXT() REPRESENTATION_CONTEXT('2D SPACE',''
  ) );
#513 = PCURVE('',#129,#514);
#514 = DEFINITIONAL_REPRESENTATION('',(#515),#519);
#515 = LINE('',#516,#517);
#516 = CARTESIAN_POINT('',(-26.34275255185,-3.789539851323));
#517 = VECTOR('',#518,1.);
#518 = DIRECTION('',(0.201968063076,-0.979392108145));
#519 = ( GEOMETRIC_REPRESENTATION_CONTEXT(2) 
PARAMETRIC_REPRESENTATION_CONTEXT() REPRESENTATION_CONTEXT('2D SPACE',''
  ) );
#520 = ADVANCED_FACE('',(#521),#488,.F.);
#521 = FACE_BOUND('',#522,.F.);
#522 = EDGE_LOOP('',(#523,#524,#547,#575));
#523 = ORIENTED_EDGE('',*,*,#472,.T.);
#524 = ORIENTED_EDGE('',*,*,#525,.T.);
#525 = EDGE_CURVE('',#450,#526,#528,.T.);
#526 = VERTEX_POINT('',#527);
#527 = CARTESIAN_POINT('',(0.527667500272,17.818784548078,2.));
#528 = SURFACE_CURVE('',#529,(#533,#540),.PCURVE_S1.);
#529 = LINE('',#530,#531);
#530 = CARTESIAN_POINT('',(0.177402813914,20.058559582083,2.));
#531 = VECTOR('',#532,1.);
#532 = DIRECTION('',(0.154505988718,-0.987991851915,0.));
#533 = PCURVE('',#488,#534);
#534 = DEFINITIONAL_REPRESENTATION('',(#535),#539);
#535 = LINE('',#536,#537);
#536 = CARTESIAN_POINT('',(0.,-2.));
#537 = VECTOR('',#538,1.);
#538 = DIRECTION('',(1.,0.));
#539 = ( GEOMETRIC_REPRESENTATION_CONTEXT(2) 
PARAMETRIC_REPRESENTATION_CONTEXT() REPRESENTATION_CONTEXT('2D SPACE',''
  ) );
#540 = PCURVE('',#75,#541);
#541 = DEFINITIONAL_REPRESENTATION('',(#542),#546);
#542 = LINE('',#543,#544);
#543 = CARTESIAN_POINT('',(-25.88489146274,-6.009819287913));
#544 = VECTOR('',#545,1.);
#545 = DIRECTION('',(0.154505988718,-0.987991851915));
#546 = ( GEOMETRIC_REPRESENTATION_CONTEXT(2) 
PARAMETRIC_REPRESENTATION_CONTEXT() REPRESENTATION_CONTEXT('2D SPACE',''
  ) );
#547 = ORIENTED_EDGE('',*,*,#548,.F.);
#548 = EDGE_CURVE('',#549,#526,#551,.T.);
#549 = VERTEX_POINT('',#550);
#550 = CARTESIAN_POINT('',(0.527667500272,17.818784548078,0.));
#551 = SURFACE_CURVE('',#552,(#556,#563),.PCURVE_S1.);
#552 = LINE('',#553,#554);
#553 = CARTESIAN_POINT('',(0.527667500272,17.818784548078,0.));
#554 = VECTOR('',#555,1.);
#555 = DIRECTION('',(0.,0.,1.));
#556 = PCURVE('',#488,#557);
#557 = DEFINITIONAL_REPRESENTATION('',(#558),#562);
#558 = LINE('',#559,#560);
#559 = CARTESIAN_POINT('',(2.266997475398,0.));
#560 = VECTOR('',#561,1.);
#561 = DIRECTION('',(0.,-1.));
#562 = ( GEOMETRIC_REPRESENTATION_CONTEXT(2) 
PARAMETRIC_REPRESENTATION_CONTEXT() REPRESENTATION_CONTEXT('2D SPACE',''
  ) );
#563 = PCURVE('',#564,#569);
#564 = PLANE('',#565);
#565 = AXIS2_PLACEMENT_3D('',#566,#567,#568);
#566 = CARTESIAN_POINT('',(0.527667500272,17.818784548078,0.));
#567 = DIRECTION('',(0.994292929796,0.106684440095,-0.));
#568 = DIRECTION('',(0.106684440095,-0.994292929796,0.));
#569 = DEFINITIONAL_REPRESENTATION('',(#570),#574);
#570 = LINE('',#571,#572);
#571 = CARTESIAN_POINT('',(0.,0.));
#572 = VECTOR('',#573,1.);
#573 = DIRECTION('',(0.,-1.));
#574 = ( GEOMETRIC_REPRESENTATION_CONTEXT(2) 
PARAMETRIC_REPRESENTATION_CONTEXT() REPRESENTATION_CONTEXT('2D SPACE',''
  ) );
#575 = ORIENTED_EDGE('',*,*,#576,.F.);
#576 = EDGE_CURVE('',#473,#549,#577,.T.);
#577 = SURFACE_CURVE('',#578,(#582,#589),.PCURVE_S1.);
#578 = LINE('',#579,#580);
#579 = CARTESIAN_POINT('',(0.177402813914,20.058559582083,0.));
#580 = VECTOR('',#581,1.);
#581 = DIRECTION('',(0.154505988718,-0.987991851915,0.));
#582 = PCURVE('',#488,#583);
#583 = DEFINITIONAL_REPRESENTATION('',(#584),#588);
#584 = LINE('',#585,#586);
#585 = CARTESIAN_POINT('',(0.,0.));
#586 = VECTOR('',#587,1.);
#587 = DIRECTION('',(1.,0.));
#588 = ( GEOMETRIC_REPRESENTATION_CONTEXT(2) 
PARAMETRIC_REPRESENTATION_CONTEXT() REPRESENTATION_CONTEXT('2D SPACE',''
  ) );
#589 = PCURVE('',#129,#590);
#590 = DEFINITIONAL_REPRESENTATION('',(#591),#595);
#591 = LINE('',#592,#593);
#592 = CARTESIAN_POINT('',(-25.88489146274,-6.009819287913));
#593 = VECTOR('',#594,1.);
#594 = DIRECTION('',(0.154505988718,-0.987991851915));
#595 = ( GEOMETRIC_REPRESENTATION_CONTEXT(2) 
PARAMETRIC_REPRESENTATION_CONTEXT() REPRESENTATION_CONTEXT('2D SPACE',''
  ) );
#596 = ADVANCED_FACE('',(#597),#564,.F.);
#597 = FACE_BOUND('',#598,.F.);
#598 = EDGE_LOOP('',(#599,#600,#623,#651));
#599 = ORIENTED_EDGE('',*,*,#548,.T.);
#600 = ORIENTED_EDGE('',*,*,#601,.T.);
#601 = EDGE_CURVE('',#526,#602,#604,.T.);
#602 = VERTEX_POINT('',#603);
#603 = CARTESIAN_POINT('',(0.769520856632,15.564724986426,2.));
#604 = SURFACE_CURVE('',#605,(#609,#616),.PCURVE_S1.);
#605 = LINE('',#606,#607);
#606 = CARTESIAN_POINT('',(0.527667500272,17.818784548078,2.));
#607 = VECTOR('',#608,1.);
#608 = DIRECTION('',(0.106684440095,-0.994292929796,0.));
#609 = PCURVE('',#564,#610);
#610 = DEFINITIONAL_REPRESENTATION('',(#611),#615);
#611 = LINE('',#612,#613);
#612 = CARTESIAN_POINT('',(0.,-2.));
#613 = VECTOR('',#614,1.);
#614 = DIRECTION('',(1.,0.));
#615 = ( GEOMETRIC_REPRESENTATION_CONTEXT(2) 
PARAMETRIC_REPRESENTATION_CONTEXT() REPRESENTATION_CONTEXT('2D SPACE',''
  ) );
#616 = PCURVE('',#75,#617);
#617 = DEFINITIONAL_REPRESENTATION('',(#618),#622);
#618 = LINE('',#619,#620);
#619 = CARTESIAN_POINT('',(-25.53462677639,-8.249594321918));
#620 = VECTOR('',#621,1.);
#621 = DIRECTION('',(0.106684440095,-0.994292929796));
#622 = ( GEOMETRIC_REPRESENTATION_CONTEXT(2) 
PARAMETRIC_REPRESENTATION_CONTEXT() REPRESENTATION_CONTEXT('2D SPACE',''
  ) );
#623 = ORIENTED_EDGE('',*,*,#624,.F.);
#624 = EDGE_CURVE('',#625,#602,#627,.T.);
#625 = VERTEX_POINT('',#626);
#626 = CARTESIAN_POINT('',(0.769520856632,15.564724986426,0.));
#627 = SURFACE_CURVE('',#628,(#632,#639),.PCURVE_S1.);
#628 = LINE('',#629,#630);
#629 = CARTESIAN_POINT('',(0.769520856632,15.564724986426,0.));
#630 = VECTOR('',#631,1.);
#631 = DIRECTION('',(0.,0.,1.));
#632 = PCURVE('',#564,#633);
#633 = DEFINITIONAL_REPRESENTATION('',(#634),#638);
#634 = LINE('',#635,#636);
#635 = CARTESIAN_POINT('',(2.266997475398,0.));
#636 = VECTOR('',#637,1.);
#637 = DIRECTION('',(0.,-1.));
#638 = ( GEOMETRIC_REPRESENTATION_CONTEXT(2) 
PARAMETRIC_REPRESENTATION_CONTEXT() REPRESENTATION_CONTEXT('2D SPACE',''
  ) );
#639 = PCURVE('',#640,#645);
#640 = PLANE('',#641);
#641 = AXIS2_PLACEMENT_3D('',#642,#643,#644);
#642 = CARTESIAN_POINT('',(0.769520856632,15.564724986426,0.));
#643 = DIRECTION('',(0.998280681674,5.861467901656E-02,-0.));
#644 = DIRECTION('',(5.861467901656E-02,-0.998280681674,0.));
#645 = DEFINITIONAL_REPRESENTATION('',(#646),#650);
#646 = LINE('',#647,#648);
#647 = CARTESIAN_POINT('',(0.,0.));
#648 = VECTOR('',#649,1.);
#649 = DIRECTION('',(0.,-1.));
#650 = ( GEOMETRIC_REPRESENTATION_CONTEXT(2) 
PARAMETRIC_REPRESENTATION_CONTEXT() REPRESENTATION_CONTEXT('2D SPACE',''
  ) );
#651 = ORIENTED_EDGE('',*,*,#652,.F.);
#652 = EDGE_CURVE('',#549,#625,#653,.T.);
#653 = SURFACE_CURVE('',#654,(#658,#665),.PCURVE_S1.);
#654 = LINE('',#655,#656);
#655 = CARTESIAN_POINT('',(0.527667500272,17.818784548078,0.));
#656 = VECTOR('',#657,1.);
#657 = DIRECTION('',(0.106684440095,-0.994292929796,0.));
#658 = PCURVE('',#564,#659);
#659 = DEFINITIONAL_REPRESENTATION('',(#660),#664);
#660 = LINE('',#661,#662);
#661 = CARTESIAN_POINT('',(0.,0.));
#662 = VECTOR('',#663,1.);
#663 = DIRECTION('',(1.,0.));
#664 = ( GEOMETRIC_REPRESENTATION_CONTEXT(2) 
PARAMETRIC_REPRESENTATION_CONTEXT() REPRESENTATION_CONTEXT('2D SPACE',''
  ) );
#665 = PCURVE('',#129,#666);
#666 = DEFINITIONAL_REPRESENTATION('',(#667),#671);
#667 = LINE('',#668,#669);
#668 = CARTESIAN_POINT('',(-25.53462677639,-8.249594321918));
#669 = VECTOR('',#670,1.);
#670 = DIRECTION('',(0.106684440095,-0.994292929796));
#671 = ( GEOMETRIC_REPRESENTATION_CONTEXT(2) 
PARAMETRIC_REPRESENTATION_CONTEXT() REPRESENTATION_CONTEXT('2D SPACE',''
  ) );
#672 = ADVANCED_FACE('',(#673),#640,.F.);
#673 = FACE_BOUND('',#674,.F.);
#674 = EDGE_LOOP('',(#675,#676,#699,#727));
#675 = ORIENTED_EDGE('',*,*,#624,.T.);
#676 = ORIENTED_EDGE('',*,*,#677,.T.);
#677 = EDGE_CURVE('',#602,#678,#680,.T.);
#678 = VERTEX_POINT('',#679);
#679 = CARTESIAN_POINT('',(0.904459342565,13.266555210838,2.));
#680 = SURFACE_CURVE('',#681,(#685,#692),.PCURVE_S1.);
#681 = LINE('',#682,#683);
#682 = CARTESIAN_POINT('',(0.769520856632,15.564724986426,2.));
#683 = VECTOR('',#684,1.);
#684 = DIRECTION('',(5.861467901656E-02,-0.998280681674,0.));
#685 = PCURVE('',#640,#686);
#686 = DEFINITIONAL_REPRESENTATION('',(#687),#691);
#687 = LINE('',#688,#689);
#688 = CARTESIAN_POINT('',(0.,-2.));
#689 = VECTOR('',#690,1.);
#690 = DIRECTION('',(1.,0.));
#691 = ( GEOMETRIC_REPRESENTATION_CONTEXT(2) 
PARAMETRIC_REPRESENTATION_CONTEXT() REPRESENTATION_CONTEXT('2D SPACE',''
  ) );
#692 = PCURVE('',#75,#693);
#693 = DEFINITIONAL_REPRESENTATION('',(#694),#698);
#694 = LINE('',#695,#696);
#695 = CARTESIAN_POINT('',(-25.29277342003,-10.50365388357));
#696 = VECTOR('',#697,1.);
#697 = DIRECTION('',(5.861467901656E-02,-0.998280681674));
#698 = ( GEOMETRIC_REPRESENTATION_CONTEXT(2) 
PARAMETRIC_REPRESENTATION_CONTEXT() REPRESENTATION_CONTEXT('2D SPACE',''
  ) );
#699 = ORIENTED_EDGE('',*,*,#700,.F.);
#700 = EDGE_CURVE('',#701,#678,#703,.T.);
#701 = VERTEX_POINT('',#702);
#702 = CARTESIAN_POINT('',(0.904459342565,13.266555210838,0.));
#703 = SURFACE_CURVE('',#704,(#708,#715),.PCURVE_S1.);
#704 = LINE('',#705,#706);
#705 = CARTESIAN_POINT('',(0.904459342565,13.266555210838,0.));
#706 = VECTOR('',#707,1.);
#707 = DIRECTION('',(0.,0.,1.));
#708 = PCURVE('',#640,#709);
#709 = DEFINITIONAL_REPRESENTATION('',(#710),#714);
#710 = LINE('',#711,#712);
#711 = CARTESIAN_POINT('',(2.302127866217,0.));
#712 = VECTOR('',#713,1.);
#713 = DIRECTION('',(0.,-1.));
#714 = ( GEOMETRIC_REPRESENTATION_CONTEXT(2) 
PARAMETRIC_REPRESENTATION_CONTEXT() REPRESENTATION_CONTEXT('2D SPACE',''
  ) );
#715 = PCURVE('',#716,#721);
#716 = PLANE('',#717);
#717 = AXIS2_PLACEMENT_3D('',#718,#719,#720);
#718 = CARTESIAN_POINT('',(0.904459342565,13.266555210838,0.));
#719 = DIRECTION('',(0.999428127477,3.381446447321E-02,-0.));
#720 = DIRECTION('',(3.381446447321E-02,-0.999428127477,0.));
#721 = DEFINITIONAL_REPRESENTATION('',(#722),#726);
#722 = LINE('',#723,#724);
#723 = CARTESIAN_POINT('',(0.,0.));
#724 = VECTOR('',#725,1.);
#725 = DIRECTION('',(0.,-1.));
#726 = ( GEOMETRIC_REPRESENTATION_CONTEXT(2) 
PARAMETRIC_REPRESENTATION_CONTEXT() REPRESENTATION_CONTEXT('2D SPACE',''
  ) );
#727 = ORIENTED_EDGE('',*,*,#728,.F.);
#728 = EDGE_CURVE('',#625,#701,#729,.T.);
#729 = SURFACE_CURVE('',#730,(#734,#741),.PCURVE_S1.);
#730 = LINE('',#731,#732);
#731 = CARTESIAN_POINT('',(0.769520856632,15.564724986426,0.));
#732 = VECTOR('',#733,1.);
#733 = DIRECTION('',(5.861467901656E-02,-0.998280681674,0.));
#734 = PCURVE('',#640,#735);
#735 = DEFINITIONAL_REPRESENTATION('',(#736),#740);
#736 = LINE('',#737,#738);
#737 = CARTESIAN_POINT('',(0.,0.));
#738 = VECTOR('',#739,1.);
#739 = DIRECTION('',(1.,0.));
#740 = ( GEOMETRIC_REPRESENTATION_CONTEXT(2) 
PARAMETRIC_REPRESENTATION_CONTEXT() REPRESENTATION_CONTEXT('2D SPACE',''
  ) );
#741 = PCURVE('',#129,#742);
#742 = DEFINITIONAL_REPRESENTATION('',(#743),#747);
#743 = LINE('',#744,#745);
#744 = CARTESIAN_POINT('',(-25.29277342003,-10.50365388357));
#745 = VECTOR('',#746,1.);
#746 = DIRECTION('',(5.861467901656E-02,-0.998280681674));
#747 = ( GEOMETRIC_REPRESENTATION_CONTEXT(2) 
PARAMETRIC_REPRESENTATION_CONTEXT() REPRESENTATION_CONTEXT('2D SPACE',''
  ) );
#748 = ADVANCED_FACE('',(#749),#716,.F.);
#749 = FACE_BOUND('',#750,.F.);
#750 = EDGE_LOOP('',(#751,#752,#775,#808));
#751 = ORIENTED_EDGE('',*,*,#700,.T.);
#752 = ORIENTED_EDGE('',*,*,#753,.T.);
#753 = EDGE_CURVE('',#678,#754,#756,.T.);
#754 = VERTEX_POINT('',#755);
#755 = CARTESIAN_POINT('',(0.937401827886,12.292899500739,2.));
#756 = SURFACE_CURVE('',#757,(#761,#768),.PCURVE_S1.);
#757 = LINE('',#758,#759);
#758 = CARTESIAN_POINT('',(0.904459342565,13.266555210838,2.));
#759 = VECTOR('',#760,1.);
#760 = DIRECTION('',(3.381446447321E-02,-0.999428127477,0.));
#761 = PCURVE('',#716,#762);
#762 = DEFINITIONAL_REPRESENTATION('',(#763),#767);
#763 = LINE('',#764,#765);
#764 = CARTESIAN_POINT('',(0.,-2.));
#765 = VECTOR('',#766,1.);
#766 = DIRECTION('',(1.,0.));
#767 = ( GEOMETRIC_REPRESENTATION_CONTEXT(2) 
PARAMETRIC_REPRESENTATION_CONTEXT() REPRESENTATION_CONTEXT('2D SPACE',''
  ) );
#768 = PCURVE('',#75,#769);
#769 = DEFINITIONAL_REPRESENTATION('',(#770),#774);
#770 = LINE('',#771,#772);
#771 = CARTESIAN_POINT('',(-25.15783493409,-12.80182365915));
#772 = VECTOR('',#773,1.);
#773 = DIRECTION('',(3.381446447321E-02,-0.999428127477));
#774 = ( GEOMETRIC_REPRESENTATION_CONTEXT(2) 
PARAMETRIC_REPRESENTATION_CONTEXT() REPRESENTATION_CONTEXT('2D SPACE',''
  ) );
#775 = ORIENTED_EDGE('',*,*,#776,.F.);
#776 = EDGE_CURVE('',#777,#754,#779,.T.);
#777 = VERTEX_POINT('',#778);
#778 = CARTESIAN_POINT('',(0.937401827886,12.292899500739,0.));
#779 = SURFACE_CURVE('',#780,(#784,#791),.PCURVE_S1.);
#780 = LINE('',#781,#782);
#781 = CARTESIAN_POINT('',(0.937401827886,12.292899500739,0.));
#782 = VECTOR('',#783,1.);
#783 = DIRECTION('',(0.,0.,1.));
#784 = PCURVE('',#716,#785);
#785 = DEFINITIONAL_REPRESENTATION('',(#786),#790);
#786 = LINE('',#787,#788);
#787 = CARTESIAN_POINT('',(0.97421283565,0.));
#788 = VECTOR('',#789,1.);
#789 = DIRECTION('',(0.,-1.));
#790 = ( GEOMETRIC_REPRESENTATION_CONTEXT(2) 
PARAMETRIC_REPRESENTATION_CONTEXT() REPRESENTATION_CONTEXT('2D SPACE',''
  ) );
#791 = PCURVE('',#792,#802);
#792 = SURFACE_OF_LINEAR_EXTRUSION('',#793,#800);
#793 = B_SPLINE_CURVE_WITH_KNOTS('',5,(#794,#795,#796,#797,#798,#799),
  .UNSPECIFIED.,.F.,.F.,(6,6),(0.,1.),.PIECEWISE_BEZIER_KNOTS.);
#794 = CARTESIAN_POINT('',(0.937401827886,12.292899500739,0.));
#795 = CARTESIAN_POINT('',(0.948280596601,11.718802647442,0.));
#796 = CARTESIAN_POINT('',(1.167345533224,10.977980858083,0.));
#797 = CARTESIAN_POINT('',(1.426042336732,10.595161539882,0.));
#798 = CARTESIAN_POINT('',(1.974060116147,10.094219608033,0.));
#799 = CARTESIAN_POINT('',(2.397252188209,9.702477592358,0.));
#800 = VECTOR('',#801,1.);
#801 = DIRECTION('',(-0.,-0.,-1.));
#802 = DEFINITIONAL_REPRESENTATION('',(#803),#807);
#803 = LINE('',#804,#805);
#804 = CARTESIAN_POINT('',(0.,0.));
#805 = VECTOR('',#806,1.);
#806 = DIRECTION('',(0.,-1.));
#807 = ( GEOMETRIC_REPRESENTATION_CONTEXT(2) 
PARAMETRIC_REPRESENTATION_CONTEXT() REPRESENTATION_CONTEXT('2D SPACE',''
  ) );
#808 = ORIENTED_EDGE('',*,*,#809,.F.);
#809 = EDGE_CURVE('',#701,#777,#810,.T.);
#810 = SURFACE_CURVE('',#811,(#815,#822),.PCURVE_S1.);
#811 = LINE('',#812,#813);
#812 = CARTESIAN_POINT('',(0.904459342565,13.266555210838,0.));
#813 = VECTOR('',#814,1.);
#814 = DIRECTION('',(3.381446447321E-02,-0.999428127477,0.));
#815 = PCURVE('',#716,#816);
#816 = DEFINITIONAL_REPRESENTATION('',(#817),#821);
#817 = LINE('',#818,#819);
#818 = CARTESIAN_POINT('',(0.,0.));
#819 = VECTOR('',#820,1.);
#820 = DIRECTION('',(1.,0.));
#821 = ( GEOMETRIC_REPRESENTATION_CONTEXT(2) 
PARAMETRIC_REPRESENTATION_CONTEXT() REPRESENTATION_CONTEXT('2D SPACE',''
  ) );
#822 = PCURVE('',#129,#823);
#823 = DEFINITIONAL_REPRESENTATION('',(#824),#828);
#824 = LINE('',#825,#826);
#825 = CARTESIAN_POINT('',(-25.15783493409,-12.80182365915));
#826 = VECTOR('',#827,1.);
#827 = DIRECTION('',(3.381446447321E-02,-0.999428127477));
#828 = ( GEOMETRIC_REPRESENTATION_CONTEXT(2) 
PARAMETRIC_REPRESENTATION_CONTEXT() REPRESENTATION_CONTEXT('2D SPACE',''
  ) );
#829 = ADVANCED_FACE('',(#830),#792,.F.);
#830 = FACE_BOUND('',#831,.F.);
#831 = EDGE_LOOP('',(#832,#833,#862,#890));
#832 = ORIENTED_EDGE('',*,*,#776,.T.);
#833 = ORIENTED_EDGE('',*,*,#834,.T.);
#834 = EDGE_CURVE('',#754,#835,#837,.T.);
#835 = VERTEX_POINT('',#836);
#836 = CARTESIAN_POINT('',(2.397252188209,9.702477592358,2.));
#837 = SURFACE_CURVE('',#838,(#845,#852),.PCURVE_S1.);
#838 = B_SPLINE_CURVE_WITH_KNOTS('',5,(#839,#840,#841,#842,#843,#844),
  .UNSPECIFIED.,.F.,.F.,(6,6),(0.,1.),.PIECEWISE_BEZIER_KNOTS.);
#839 = CARTESIAN_POINT('',(0.937401827886,12.292899500739,2.));
#840 = CARTESIAN_POINT('',(0.948280596601,11.718802647442,2.));
#841 = CARTESIAN_POINT('',(1.167345533224,10.977980858083,2.));
#842 = CARTESIAN_POINT('',(1.426042336732,10.595161539882,2.));
#843 = CARTESIAN_POINT('',(1.974060116147,10.094219608033,2.));
#844 = CARTESIAN_POINT('',(2.397252188209,9.702477592358,2.));
#845 = PCURVE('',#792,#846);
#846 = DEFINITIONAL_REPRESENTATION('',(#847),#851);
#847 = LINE('',#848,#849);
#848 = CARTESIAN_POINT('',(0.,-2.));
#849 = VECTOR('',#850,1.);
#850 = DIRECTION('',(1.,0.));
#851 = ( GEOMETRIC_REPRESENTATION_CONTEXT(2) 
PARAMETRIC_REPRESENTATION_CONTEXT() REPRESENTATION_CONTEXT('2D SPACE',''
  ) );
#852 = PCURVE('',#75,#853);
#853 = DEFINITIONAL_REPRESENTATION('',(#854),#861);
#854 = B_SPLINE_CURVE_WITH_KNOTS('',5,(#855,#856,#857,#858,#859,#860),
  .UNSPECIFIED.,.F.,.F.,(6,6),(0.,1.),.PIECEWISE_BEZIER_KNOTS.);
#855 = CARTESIAN_POINT('',(-25.12489244877,-13.77547936925));
#856 = CARTESIAN_POINT('',(-25.11401368006,-14.34957622255));
#857 = CARTESIAN_POINT('',(-24.89494874343,-15.09039801191));
#858 = CARTESIAN_POINT('',(-24.63625193993,-15.47321733011));
#859 = CARTESIAN_POINT('',(-24.08823416051,-15.97415926196));
#860 = CARTESIAN_POINT('',(-23.66504208845,-16.36590127763));
#861 = ( GEOMETRIC_REPRESENTATION_CONTEXT(2) 
PARAMETRIC_REPRESENTATION_CONTEXT() REPRESENTATION_CONTEXT('2D SPACE',''
  ) );
#862 = ORIENTED_EDGE('',*,*,#863,.F.);
#863 = EDGE_CURVE('',#864,#835,#866,.T.);
#864 = VERTEX_POINT('',#865);
#865 = CARTESIAN_POINT('',(2.397252188209,9.702477592358,0.));
#866 = SURFACE_CURVE('',#867,(#871,#878),.PCURVE_S1.);
#867 = LINE('',#868,#869);
#868 = CARTESIAN_POINT('',(2.397252188209,9.702477592358,0.));
#869 = VECTOR('',#870,1.);
#870 = DIRECTION('',(0.,0.,1.));
#871 = PCURVE('',#792,#872);
#872 = DEFINITIONAL_REPRESENTATION('',(#873),#877);
#873 = LINE('',#874,#875);
#874 = CARTESIAN_POINT('',(1.,0.));
#875 = VECTOR('',#876,1.);
#876 = DIRECTION('',(0.,-1.));
#877 = ( GEOMETRIC_REPRESENTATION_CONTEXT(2) 
PARAMETRIC_REPRESENTATION_CONTEXT() REPRESENTATION_CONTEXT('2D SPACE',''
  ) );
#878 = PCURVE('',#879,#884);
#879 = PLANE('',#880);
#880 = AXIS2_PLACEMENT_3D('',#881,#882,#883);
#881 = CARTESIAN_POINT('',(2.397252188209,9.702477592358,0.));
#882 = DIRECTION('',(0.653045675526,0.757318523263,-0.));
#883 = DIRECTION('',(0.757318523263,-0.653045675526,0.));
#884 = DEFINITIONAL_REPRESENTATION('',(#885),#889);
#885 = LINE('',#886,#887);
#886 = CARTESIAN_POINT('',(0.,0.));
#887 = VECTOR('',#888,1.);
#888 = DIRECTION('',(0.,-1.));
#889 = ( GEOMETRIC_REPRESENTATION_CONTEXT(2) 
PARAMETRIC_REPRESENTATION_CONTEXT() REPRESENTATION_CONTEXT('2D SPACE',''
  ) );
#890 = ORIENTED_EDGE('',*,*,#891,.F.);
#891 = EDGE_CURVE('',#777,#864,#892,.T.);
#892 = SURFACE_CURVE('',#893,(#900,#907),.PCURVE_S1.);
#893 = B_SPLINE_CURVE_WITH_KNOTS('',5,(#894,#895,#896,#897,#898,#899),
  .UNSPECIFIED.,.F.,.F.,(6,6),(0.,1.),.PIECEWISE_BEZIER_KNOTS.);
#894 = CARTESIAN_POINT('',(0.937401827886,12.292899500739,0.));
#895 = CARTESIAN_POINT('',(0.948280596601,11.718802647442,0.));
#896 = CARTESIAN_POINT('',(1.167345533224,10.977980858083,0.));
#897 = CARTESIAN_POINT('',(1.426042336732,10.595161539882,0.));
#898 = CARTESIAN_POINT('',(1.974060116147,10.094219608033,0.));
#899 = CARTESIAN_POINT('',(2.397252188209,9.702477592358,0.));
#900 = PCURVE('',#792,#901);
#901 = DEFINITIONAL_REPRESENTATION('',(#902),#906);
#902 = LINE('',#903,#904);
#903 = CARTESIAN_POINT('',(0.,0.));
#904 = VECTOR('',#905,1.);
#905 = DIRECTION('',(1.,0.));
#906 = ( GEOMETRIC_REPRESENTATION_CONTEXT(2) 
PARAMETRIC_REPRESENTATION_CONTEXT() REPRESENTATION_CONTEXT('2D SPACE',''
  ) );
#907 = PCURVE('',#129,#908);
#908 = DEFINITIONAL_REPRESENTATION('',(#909),#916);
#909 = B_SPLINE_CURVE_WITH_KNOTS('',5,(#910,#911,#912,#913,#914,#915),
  .UNSPECIFIED.,.F.,.F.,(6,6),(0.,1.),.PIECEWISE_BEZIER_KNOTS.);
#910 = CARTESIAN_POINT('',(-25.12489244877,-13.77547936925));
#911 = CARTESIAN_POINT('',(-25.11401368006,-14.34957622255));
#912 = CARTESIAN_POINT('',(-24.89494874343,-15.09039801191));
#913 = CARTESIAN_POINT('',(-24.63625193993,-15.47321733011));
#914 = CARTESIAN_POINT('',(-24.08823416051,-15.97415926196));
#915 = CARTESIAN_POINT('',(-23.66504208845,-16.36590127763));
#916 = ( GEOMETRIC_REPRESENTATION_CONTEXT(2) 
PARAMETRIC_REPRESENTATION_CONTEXT() REPRESENTATION_CONTEXT('2D SPACE',''
  ) );
#917 = ADVANCED_FACE('',(#918),#879,.F.);
#918 = FACE_BOUND('',#919,.F.);
#919 = EDGE_LOOP('',(#920,#921,#944,#972));
#920 = ORIENTED_EDGE('',*,*,#863,.T.);
#921 = ORIENTED_EDGE('',*,*,#922,.T.);
#922 = EDGE_CURVE('',#835,#923,#925,.T.);
#923 = VERTEX_POINT('',#924);
#924 = CARTESIAN_POINT('',(2.947568903798,9.227932285138,2.));
#925 = SURFACE_CURVE('',#926,(#930,#937),.PCURVE_S1.);
#926 = LINE('',#927,#928);
#927 = CARTESIAN_POINT('',(2.397252188209,9.702477592358,2.));
#928 = VECTOR('',#929,1.);
#929 = DIRECTION('',(0.757318523263,-0.653045675526,0.));
#930 = PCURVE('',#879,#931);
#931 = DEFINITIONAL_REPRESENTATION('',(#932),#936);
#932 = LINE('',#933,#934);
#933 = CARTESIAN_POINT('',(0.,-2.));
#934 = VECTOR('',#935,1.);
#935 = DIRECTION('',(1.,0.));
#936 = ( GEOMETRIC_REPRESENTATION_CONTEXT(2) 
PARAMETRIC_REPRESENTATION_CONTEXT() REPRESENTATION_CONTEXT('2D SPACE',''
  ) );
#937 = PCURVE('',#75,#938);
#938 = DEFINITIONAL_REPRESENTATION('',(#939),#943);
#939 = LINE('',#940,#941);
#940 = CARTESIAN_POINT('',(-23.66504208845,-16.36590127763));
#941 = VECTOR('',#942,1.);
#942 = DIRECTION('',(0.757318523263,-0.653045675526));
#943 = ( GEOMETRIC_REPRESENTATION_CONTEXT(2) 
PARAMETRIC_REPRESENTATION_CONTEXT() REPRESENTATION_CONTEXT('2D SPACE',''
  ) );
#944 = ORIENTED_EDGE('',*,*,#945,.F.);
#945 = EDGE_CURVE('',#946,#923,#948,.T.);
#946 = VERTEX_POINT('',#947);
#947 = CARTESIAN_POINT('',(2.947568903798,9.227932285138,0.));
#948 = SURFACE_CURVE('',#949,(#953,#960),.PCURVE_S1.);
#949 = LINE('',#950,#951);
#950 = CARTESIAN_POINT('',(2.947568903798,9.227932285138,0.));
#951 = VECTOR('',#952,1.);
#952 = DIRECTION('',(0.,0.,1.));
#953 = PCURVE('',#879,#954);
#954 = DEFINITIONAL_REPRESENTATION('',(#955),#959);
#955 = LINE('',#956,#957);
#956 = CARTESIAN_POINT('',(0.726664803098,0.));
#957 = VECTOR('',#958,1.);
#958 = DIRECTION('',(0.,-1.));
#959 = ( GEOMETRIC_REPRESENTATION_CONTEXT(2) 
PARAMETRIC_REPRESENTATION_CONTEXT() REPRESENTATION_CONTEXT('2D SPACE',''
  ) );
#960 = PCURVE('',#961,#966);
#961 = PLANE('',#962);
#962 = AXIS2_PLACEMENT_3D('',#963,#964,#965);
#963 = CARTESIAN_POINT('',(2.947568903798,9.227932285138,0.));
#964 = DIRECTION('',(0.643681620078,0.765293389475,-0.));
#965 = DIRECTION('',(0.765293389475,-0.643681620078,0.));
#966 = DEFINITIONAL_REPRESENTATION('',(#967),#971);
#967 = LINE('',#968,#969);
#968 = CARTESIAN_POINT('',(0.,0.));
#969 = VECTOR('',#970,1.);
#970 = DIRECTION('',(0.,-1.));
#971 = ( GEOMETRIC_REPRESENTATION_CONTEXT(2) 
PARAMETRIC_REPRESENTATION_CONTEXT() REPRESENTATION_CONTEXT('2D SPACE',''
  ) );
#972 = ORIENTED_EDGE('',*,*,#973,.F.);
#973 = EDGE_CURVE('',#864,#946,#974,.T.);
#974 = SURFACE_CURVE('',#975,(#979,#986),.PCURVE_S1.);
#975 = LINE('',#976,#977);
#976 = CARTESIAN_POINT('',(2.397252188209,9.702477592358,0.));
#977 = VECTOR('',#978,1.);
#978 = DIRECTION('',(0.757318523263,-0.653045675526,0.));
#979 = PCURVE('',#879,#980);
#980 = DEFINITIONAL_REPRESENTATION('',(#981),#985);
#981 = LINE('',#982,#983);
#982 = CARTESIAN_POINT('',(0.,0.));
#983 = VECTOR('',#984,1.);
#984 = DIRECTION('',(1.,0.));
#985 = ( GEOMETRIC_REPRESENTATION_CONTEXT(2) 
PARAMETRIC_REPRESENTATION_CONTEXT() REPRESENTATION_CONTEXT('2D SPACE',''
  ) );
#986 = PCURVE('',#129,#987);
#987 = DEFINITIONAL_REPRESENTATION('',(#988),#992);
#988 = LINE('',#989,#990);
#989 = CARTESIAN_POINT('',(-23.66504208845,-16.36590127763));
#990 = VECTOR('',#991,1.);
#991 = DIRECTION('',(0.757318523263,-0.653045675526));
#992 = ( GEOMETRIC_REPRESENTATION_CONTEXT(2) 
PARAMETRIC_REPRESENTATION_CONTEXT() REPRESENTATION_CONTEXT('2D SPACE',''
  ) );
#993 = ADVANCED_FACE('',(#994),#961,.F.);
#994 = FACE_BOUND('',#995,.F.);
#995 = EDGE_LOOP('',(#996,#997,#1020,#1048));
#996 = ORIENTED_EDGE('',*,*,#945,.T.);
#997 = ORIENTED_EDGE('',*,*,#998,.T.);
#998 = EDGE_CURVE('',#923,#999,#1001,.T.);
#999 = VERTEX_POINT('',#1000);
#1000 = CARTESIAN_POINT('',(3.004045372729,9.180430417857,2.));
#1001 = SURFACE_CURVE('',#1002,(#1006,#1013),.PCURVE_S1.);
#1002 = LINE('',#1003,#1004);
#1003 = CARTESIAN_POINT('',(2.947568903798,9.227932285138,2.));
#1004 = VECTOR('',#1005,1.);
#1005 = DIRECTION('',(0.765293389475,-0.643681620078,0.));
#1006 = PCURVE('',#961,#1007);
#1007 = DEFINITIONAL_REPRESENTATION('',(#1008),#1012);
#1008 = LINE('',#1009,#1010);
#1009 = CARTESIAN_POINT('',(0.,-2.));
#1010 = VECTOR('',#1011,1.);
#1011 = DIRECTION('',(1.,0.));
#1012 = ( GEOMETRIC_REPRESENTATION_CONTEXT(2) 
PARAMETRIC_REPRESENTATION_CONTEXT() REPRESENTATION_CONTEXT('2D SPACE',''
  ) );
#1013 = PCURVE('',#75,#1014);
#1014 = DEFINITIONAL_REPRESENTATION('',(#1015),#1019);
#1015 = LINE('',#1016,#1017);
#1016 = CARTESIAN_POINT('',(-23.11472537286,-16.84044658485));
#1017 = VECTOR('',#1018,1.);
#1018 = DIRECTION('',(0.765293389475,-0.643681620078));
#1019 = ( GEOMETRIC_REPRESENTATION_CONTEXT(2) 
PARAMETRIC_REPRESENTATION_CONTEXT() REPRESENTATION_CONTEXT('2D SPACE',''
  ) );
#1020 = ORIENTED_EDGE('',*,*,#1021,.F.);
#1021 = EDGE_CURVE('',#1022,#999,#1024,.T.);
#1022 = VERTEX_POINT('',#1023);
#1023 = CARTESIAN_POINT('',(3.004045372729,9.180430417857,0.));
#1024 = SURFACE_CURVE('',#1025,(#1029,#1036),.PCURVE_S1.);
#1025 = LINE('',#1026,#1027);
#1026 = CARTESIAN_POINT('',(3.004045372729,9.180430417857,0.));
#1027 = VECTOR('',#1028,1.);
#1028 = DIRECTION('',(0.,0.,1.));
#1029 = PCURVE('',#961,#1030);
#1030 = DEFINITIONAL_REPRESENTATION('',(#1031),#1035);
#1031 = LINE('',#1032,#1033);
#1032 = CARTESIAN_POINT('',(7.379714722125E-02,0.));
#1033 = VECTOR('',#1034,1.);
#1034 = DIRECTION('',(0.,-1.));
#1035 = ( GEOMETRIC_REPRESENTATION_CONTEXT(2) 
PARAMETRIC_REPRESENTATION_CONTEXT() REPRESENTATION_CONTEXT('2D SPACE',''
  ) );
#1036 = PCURVE('',#1037,#1042);
#1037 = PLANE('',#1038);
#1038 = AXIS2_PLACEMENT_3D('',#1039,#1040,#1041);
#1039 = CARTESIAN_POINT('',(3.004045372729,9.180430417857,0.));
#1040 = DIRECTION('',(0.634220185883,0.773152479023,-0.));
#1041 = DIRECTION('',(0.773152479023,-0.634220185883,0.));
#1042 = DEFINITIONAL_REPRESENTATION('',(#1043),#1047);
#1043 = LINE('',#1044,#1045);
#1044 = CARTESIAN_POINT('',(0.,0.));
#1045 = VECTOR('',#1046,1.);
#1046 = DIRECTION('',(0.,-1.));
#1047 = ( GEOMETRIC_REPRESENTATION_CONTEXT(2) 
PARAMETRIC_REPRESENTATION_CONTEXT() REPRESENTATION_CONTEXT('2D SPACE',''
  ) );
#1048 = ORIENTED_EDGE('',*,*,#1049,.F.);
#1049 = EDGE_CURVE('',#946,#1022,#1050,.T.);
#1050 = SURFACE_CURVE('',#1051,(#1055,#1062),.PCURVE_S1.);
#1051 = LINE('',#1052,#1053);
#1052 = CARTESIAN_POINT('',(2.947568903798,9.227932285138,0.));
#1053 = VECTOR('',#1054,1.);
#1054 = DIRECTION('',(0.765293389475,-0.643681620078,0.));
#1055 = PCURVE('',#961,#1056);
#1056 = DEFINITIONAL_REPRESENTATION('',(#1057),#1061);
#1057 = LINE('',#1058,#1059);
#1058 = CARTESIAN_POINT('',(0.,0.));
#1059 = VECTOR('',#1060,1.);
#1060 = DIRECTION('',(1.,0.));
#1061 = ( GEOMETRIC_REPRESENTATION_CONTEXT(2) 
PARAMETRIC_REPRESENTATION_CONTEXT() REPRESENTATION_CONTEXT('2D SPACE',''
  ) );
#1062 = PCURVE('',#129,#1063);
#1063 = DEFINITIONAL_REPRESENTATION('',(#1064),#1068);
#1064 = LINE('',#1065,#1066);
#1065 = CARTESIAN_POINT('',(-23.11472537286,-16.84044658485));
#1066 = VECTOR('',#1067,1.);
#1067 = DIRECTION('',(0.765293389475,-0.643681620078));
#1068 = ( GEOMETRIC_REPRESENTATION_CONTEXT(2) 
PARAMETRIC_REPRESENTATION_CONTEXT() REPRESENTATION_CONTEXT('2D SPACE',''
  ) );
#1069 = ADVANCED_FACE('',(#1070),#1037,.F.);
#1070 = FACE_BOUND('',#1071,.F.);
#1071 = EDGE_LOOP('',(#1072,#1073,#1096,#1124));
#1072 = ORIENTED_EDGE('',*,*,#1021,.T.);
#1073 = ORIENTED_EDGE('',*,*,#1074,.T.);
#1074 = EDGE_CURVE('',#999,#1075,#1077,.T.);
#1075 = VERTEX_POINT('',#1076);
#1076 = CARTESIAN_POINT('',(3.724257501544,8.589637420867,2.));
#1077 = SURFACE_CURVE('',#1078,(#1082,#1089),.PCURVE_S1.);
#1078 = LINE('',#1079,#1080);
#1079 = CARTESIAN_POINT('',(3.004045372729,9.180430417857,2.));
#1080 = VECTOR('',#1081,1.);
#1081 = DIRECTION('',(0.773152479023,-0.634220185883,0.));
#1082 = PCURVE('',#1037,#1083);
#1083 = DEFINITIONAL_REPRESENTATION('',(#1084),#1088);
#1084 = LINE('',#1085,#1086);
#1085 = CARTESIAN_POINT('',(0.,-2.));
#1086 = VECTOR('',#1087,1.);
#1087 = DIRECTION('',(1.,0.));
#1088 = ( GEOMETRIC_REPRESENTATION_CONTEXT(2) 
PARAMETRIC_REPRESENTATION_CONTEXT() REPRESENTATION_CONTEXT('2D SPACE',''
  ) );
#1089 = PCURVE('',#75,#1090);
#1090 = DEFINITIONAL_REPRESENTATION('',(#1091),#1095);
#1091 = LINE('',#1092,#1093);
#1092 = CARTESIAN_POINT('',(-23.05824890393,-16.88794845213));
#1093 = VECTOR('',#1094,1.);
#1094 = DIRECTION('',(0.773152479023,-0.634220185883));
#1095 = ( GEOMETRIC_REPRESENTATION_CONTEXT(2) 
PARAMETRIC_REPRESENTATION_CONTEXT() REPRESENTATION_CONTEXT('2D SPACE',''
  ) );
#1096 = ORIENTED_EDGE('',*,*,#1097,.F.);
#1097 = EDGE_CURVE('',#1098,#1075,#1100,.T.);
#1098 = VERTEX_POINT('',#1099);
#1099 = CARTESIAN_POINT('',(3.724257501544,8.589637420867,0.));
#1100 = SURFACE_CURVE('',#1101,(#1105,#1112),.PCURVE_S1.);
#1101 = LINE('',#1102,#1103);
#1102 = CARTESIAN_POINT('',(3.724257501544,8.589637420867,0.));
#1103 = VECTOR('',#1104,1.);
#1104 = DIRECTION('',(0.,0.,1.));
#1105 = PCURVE('',#1037,#1106);
#1106 = DEFINITIONAL_REPRESENTATION('',(#1107),#1111);
#1107 = LINE('',#1108,#1109);
#1108 = CARTESIAN_POINT('',(0.931526637185,0.));
#1109 = VECTOR('',#1110,1.);
#1110 = DIRECTION('',(0.,-1.));
#1111 = ( GEOMETRIC_REPRESENTATION_CONTEXT(2) 
PARAMETRIC_REPRESENTATION_CONTEXT() REPRESENTATION_CONTEXT('2D SPACE',''
  ) );
#1112 = PCURVE('',#1113,#1118);
#1113 = PLANE('',#1114);
#1114 = AXIS2_PLACEMENT_3D('',#1115,#1116,#1117);
#1115 = CARTESIAN_POINT('',(3.724257501544,8.589637420867,0.));
#1116 = DIRECTION('',(0.671475998601,0.741026304056,-0.));
#1117 = DIRECTION('',(0.741026304056,-0.671475998601,0.));
#1118 = DEFINITIONAL_REPRESENTATION('',(#1119),#1123);
#1119 = LINE('',#1120,#1121);
#1120 = CARTESIAN_POINT('',(0.,0.));
#1121 = VECTOR('',#1122,1.);
#1122 = DIRECTION('',(0.,-1.));
#1123 = ( GEOMETRIC_REPRESENTATION_CONTEXT(2) 
PARAMETRIC_REPRESENTATION_CONTEXT() REPRESENTATION_CONTEXT('2D SPACE',''
  ) );
#1124 = ORIENTED_EDGE('',*,*,#1125,.F.);
#1125 = EDGE_CURVE('',#1022,#1098,#1126,.T.);
#1126 = SURFACE_CURVE('',#1127,(#1131,#1138),.PCURVE_S1.);
#1127 = LINE('',#1128,#1129);
#1128 = CARTESIAN_POINT('',(3.004045372729,9.180430417857,0.));
#1129 = VECTOR('',#1130,1.);
#1130 = DIRECTION('',(0.773152479023,-0.634220185883,0.));
#1131 = PCURVE('',#1037,#1132);
#1132 = DEFINITIONAL_REPRESENTATION('',(#1133),#1137);
#1133 = LINE('',#1134,#1135);
#1134 = CARTESIAN_POINT('',(0.,0.));
#1135 = VECTOR('',#1136,1.);
#1136 = DIRECTION('',(1.,0.));
#1137 = ( GEOMETRIC_REPRESENTATION_CONTEXT(2) 
PARAMETRIC_REPRESENTATION_CONTEXT() REPRESENTATION_CONTEXT('2D SPACE',''
  ) );
#1138 = PCURVE('',#129,#1139);
#1139 = DEFINITIONAL_REPRESENTATION('',(#1140),#1144);
#1140 = LINE('',#1141,#1142);
#1141 = CARTESIAN_POINT('',(-23.05824890393,-16.88794845213));
#1142 = VECTOR('',#1143,1.);
#1143 = DIRECTION('',(0.773152479023,-0.634220185883));
#1144 = ( GEOMETRIC_REPRESENTATION_CONTEXT(2) 
PARAMETRIC_REPRESENTATION_CONTEXT() REPRESENTATION_CONTEXT('2D SPACE',''
  ) );
#1145 = ADVANCED_FACE('',(#1146),#1113,.F.);
#1146 = FACE_BOUND('',#1147,.F.);
#1147 = EDGE_LOOP('',(#1148,#1149,#1172,#1200));
#1148 = ORIENTED_EDGE('',*,*,#1097,.T.);
#1149 = ORIENTED_EDGE('',*,*,#1150,.T.);
#1150 = EDGE_CURVE('',#1075,#1151,#1153,.T.);
#1151 = VERTEX_POINT('',#1152);
#1152 = CARTESIAN_POINT('',(5.437577779067,7.03712378137,2.));
#1153 = SURFACE_CURVE('',#1154,(#1158,#1165),.PCURVE_S1.);
#1154 = LINE('',#1155,#1156);
#1155 = CARTESIAN_POINT('',(3.724257501544,8.589637420867,2.));
#1156 = VECTOR('',#1157,1.);
#1157 = DIRECTION('',(0.741026304056,-0.671475998601,0.));
#1158 = PCURVE('',#1113,#1159);
#1159 = DEFINITIONAL_REPRESENTATION('',(#1160),#1164);
#1160 = LINE('',#1161,#1162);
#1161 = CARTESIAN_POINT('',(0.,-2.));
#1162 = VECTOR('',#1163,1.);
#1163 = DIRECTION('',(1.,0.));
#1164 = ( GEOMETRIC_REPRESENTATION_CONTEXT(2) 
PARAMETRIC_REPRESENTATION_CONTEXT() REPRESENTATION_CONTEXT('2D SPACE',''
  ) );
#1165 = PCURVE('',#75,#1166);
#1166 = DEFINITIONAL_REPRESENTATION('',(#1167),#1171);
#1167 = LINE('',#1168,#1169);
#1168 = CARTESIAN_POINT('',(-22.33803677511,-17.47874144912));
#1169 = VECTOR('',#1170,1.);
#1170 = DIRECTION('',(0.741026304056,-0.671475998601));
#1171 = ( GEOMETRIC_REPRESENTATION_CONTEXT(2) 
PARAMETRIC_REPRESENTATION_CONTEXT() REPRESENTATION_CONTEXT('2D SPACE',''
  ) );
#1172 = ORIENTED_EDGE('',*,*,#1173,.F.);
#1173 = EDGE_CURVE('',#1174,#1151,#1176,.T.);
#1174 = VERTEX_POINT('',#1175);
#1175 = CARTESIAN_POINT('',(5.437577779067,7.03712378137,0.));
#1176 = SURFACE_CURVE('',#1177,(#1181,#1188),.PCURVE_S1.);
#1177 = LINE('',#1178,#1179);
#1178 = CARTESIAN_POINT('',(5.437577779067,7.03712378137,0.));
#1179 = VECTOR('',#1180,1.);
#1180 = DIRECTION('',(0.,0.,1.));
#1181 = PCURVE('',#1113,#1182);
#1182 = DEFINITIONAL_REPRESENTATION('',(#1183),#1187);
#1183 = LINE('',#1184,#1185);
#1184 = CARTESIAN_POINT('',(2.31209103934,0.));
#1185 = VECTOR('',#1186,1.);
#1186 = DIRECTION('',(0.,-1.));
#1187 = ( GEOMETRIC_REPRESENTATION_CONTEXT(2) 
PARAMETRIC_REPRESENTATION_CONTEXT() REPRESENTATION_CONTEXT('2D SPACE',''
  ) );
#1188 = PCURVE('',#1189,#1194);
#1189 = PLANE('',#1190);
#1190 = AXIS2_PLACEMENT_3D('',#1191,#1192,#1193);
#1191 = CARTESIAN_POINT('',(5.437577779067,7.03712378137,0.));
#1192 = DIRECTION('',(0.707106781187,0.707106781187,-0.));
#1193 = DIRECTION('',(0.707106781187,-0.707106781187,0.));
#1194 = DEFINITIONAL_REPRESENTATION('',(#1195),#1199);
#1195 = LINE('',#1196,#1197);
#1196 = CARTESIAN_POINT('',(0.,0.));
#1197 = VECTOR('',#1198,1.);
#1198 = DIRECTION('',(0.,-1.));
#1199 = ( GEOMETRIC_REPRESENTATION_CONTEXT(2) 
PARAMETRIC_REPRESENTATION_CONTEXT() REPRESENTATION_CONTEXT('2D SPACE',''
  ) );
#1200 = ORIENTED_EDGE('',*,*,#1201,.F.);
#1201 = EDGE_CURVE('',#1098,#1174,#1202,.T.);
#1202 = SURFACE_CURVE('',#1203,(#1207,#1214),.PCURVE_S1.);
#1203 = LINE('',#1204,#1205);
#1204 = CARTESIAN_POINT('',(3.724257501544,8.589637420867,0.));
#1205 = VECTOR('',#1206,1.);
#1206 = DIRECTION('',(0.741026304056,-0.671475998601,0.));
#1207 = PCURVE('',#1113,#1208);
#1208 = DEFINITIONAL_REPRESENTATION('',(#1209),#1213);
#1209 = LINE('',#1210,#1211);
#1210 = CARTESIAN_POINT('',(0.,0.));
#1211 = VECTOR('',#1212,1.);
#1212 = DIRECTION('',(1.,0.));
#1213 = ( GEOMETRIC_REPRESENTATION_CONTEXT(2) 
PARAMETRIC_REPRESENTATION_CONTEXT() REPRESENTATION_CONTEXT('2D SPACE',''
  ) );
#1214 = PCURVE('',#129,#1215);
#1215 = DEFINITIONAL_REPRESENTATION('',(#1216),#1220);
#1216 = LINE('',#1217,#1218);
#1217 = CARTESIAN_POINT('',(-22.33803677511,-17.47874144912));
#1218 = VECTOR('',#1219,1.);
#1219 = DIRECTION('',(0.741026304056,-0.671475998601));
#1220 = ( GEOMETRIC_REPRESENTATION_CONTEXT(2) 
PARAMETRIC_REPRESENTATION_CONTEXT() REPRESENTATION_CONTEXT('2D SPACE',''
  ) );
#1221 = ADVANCED_FACE('',(#1222),#1189,.F.);
#1222 = FACE_BOUND('',#1223,.F.);
#1223 = EDGE_LOOP('',(#1224,#1225,#1248,#1276));
#1224 = ORIENTED_EDGE('',*,*,#1173,.T.);
#1225 = ORIENTED_EDGE('',*,*,#1226,.T.);
#1226 = EDGE_CURVE('',#1151,#1227,#1229,.T.);
#1227 = VERTEX_POINT('',#1228);
#1228 = CARTESIAN_POINT('',(7.072473031705,5.402228528732,2.));
#1229 = SURFACE_CURVE('',#1230,(#1234,#1241),.PCURVE_S1.);
#1230 = LINE('',#1231,#1232);
#1231 = CARTESIAN_POINT('',(5.437577779067,7.03712378137,2.));
#1232 = VECTOR('',#1233,1.);
#1233 = DIRECTION('',(0.707106781187,-0.707106781187,0.));
#1234 = PCURVE('',#1189,#1235);
#1235 = DEFINITIONAL_REPRESENTATION('',(#1236),#1240);
#1236 = LINE('',#1237,#1238);
#1237 = CARTESIAN_POINT('',(0.,-2.));
#1238 = VECTOR('',#1239,1.);
#1239 = DIRECTION('',(1.,0.));
#1240 = ( GEOMETRIC_REPRESENTATION_CONTEXT(2) 
PARAMETRIC_REPRESENTATION_CONTEXT() REPRESENTATION_CONTEXT('2D SPACE',''
  ) );
#1241 = PCURVE('',#75,#1242);
#1242 = DEFINITIONAL_REPRESENTATION('',(#1243),#1247);
#1243 = LINE('',#1244,#1245);
#1244 = CARTESIAN_POINT('',(-20.62471649759,-19.03125508862));
#1245 = VECTOR('',#1246,1.);
#1246 = DIRECTION('',(0.707106781187,-0.707106781187));
#1247 = ( GEOMETRIC_REPRESENTATION_CONTEXT(2) 
PARAMETRIC_REPRESENTATION_CONTEXT() REPRESENTATION_CONTEXT('2D SPACE',''
  ) );
#1248 = ORIENTED_EDGE('',*,*,#1249,.F.);
#1249 = EDGE_CURVE('',#1250,#1227,#1252,.T.);
#1250 = VERTEX_POINT('',#1251);
#1251 = CARTESIAN_POINT('',(7.072473031705,5.402228528732,0.));
#1252 = SURFACE_CURVE('',#1253,(#1257,#1264),.PCURVE_S1.);
#1253 = LINE('',#1254,#1255);
#1254 = CARTESIAN_POINT('',(7.072473031705,5.402228528732,0.));
#1255 = VECTOR('',#1256,1.);
#1256 = DIRECTION('',(0.,0.,1.));
#1257 = PCURVE('',#1189,#1258);
#1258 = DEFINITIONAL_REPRESENTATION('',(#1259),#1263);
#1259 = LINE('',#1260,#1261);
#1260 = CARTESIAN_POINT('',(2.31209103934,0.));
#1261 = VECTOR('',#1262,1.);
#1262 = DIRECTION('',(0.,-1.));
#1263 = ( GEOMETRIC_REPRESENTATION_CONTEXT(2) 
PARAMETRIC_REPRESENTATION_CONTEXT() REPRESENTATION_CONTEXT('2D SPACE',''
  ) );
#1264 = PCURVE('',#1265,#1270);
#1265 = PLANE('',#1266);
#1266 = AXIS2_PLACEMENT_3D('',#1267,#1268,#1269);
#1267 = CARTESIAN_POINT('',(7.072473031705,5.402228528732,0.));
#1268 = DIRECTION('',(0.741026304056,0.671475998601,-0.));
#1269 = DIRECTION('',(0.671475998601,-0.741026304056,0.));
#1270 = DEFINITIONAL_REPRESENTATION('',(#1271),#1275);
#1271 = LINE('',#1272,#1273);
#1272 = CARTESIAN_POINT('',(0.,0.));
#1273 = VECTOR('',#1274,1.);
#1274 = DIRECTION('',(0.,-1.));
#1275 = ( GEOMETRIC_REPRESENTATION_CONTEXT(2) 
PARAMETRIC_REPRESENTATION_CONTEXT() REPRESENTATION_CONTEXT('2D SPACE',''
  ) );
#1276 = ORIENTED_EDGE('',*,*,#1277,.F.);
#1277 = EDGE_CURVE('',#1174,#1250,#1278,.T.);
#1278 = SURFACE_CURVE('',#1279,(#1283,#1290),.PCURVE_S1.);
#1279 = LINE('',#1280,#1281);
#1280 = CARTESIAN_POINT('',(5.437577779067,7.03712378137,0.));
#1281 = VECTOR('',#1282,1.);
#1282 = DIRECTION('',(0.707106781187,-0.707106781187,0.));
#1283 = PCURVE('',#1189,#1284);
#1284 = DEFINITIONAL_REPRESENTATION('',(#1285),#1289);
#1285 = LINE('',#1286,#1287);
#1286 = CARTESIAN_POINT('',(0.,0.));
#1287 = VECTOR('',#1288,1.);
#1288 = DIRECTION('',(1.,0.));
#1289 = ( GEOMETRIC_REPRESENTATION_CONTEXT(2) 
PARAMETRIC_REPRESENTATION_CONTEXT() REPRESENTATION_CONTEXT('2D SPACE',''
  ) );
#1290 = PCURVE('',#129,#1291);
#1291 = DEFINITIONAL_REPRESENTATION('',(#1292),#1296);
#1292 = LINE('',#1293,#1294);
#1293 = CARTESIAN_POINT('',(-20.62471649759,-19.03125508862));
#1294 = VECTOR('',#1295,1.);
#1295 = DIRECTION('',(0.707106781187,-0.707106781187));
#1296 = ( GEOMETRIC_REPRESENTATION_CONTEXT(2) 
PARAMETRIC_REPRESENTATION_CONTEXT() REPRESENTATION_CONTEXT('2D SPACE',''
  ) );
#1297 = ADVANCED_FACE('',(#1298),#1265,.F.);
#1298 = FACE_BOUND('',#1299,.F.);
#1299 = EDGE_LOOP('',(#1300,#1301,#1324,#1352));
#1300 = ORIENTED_EDGE('',*,*,#1249,.T.);
#1301 = ORIENTED_EDGE('',*,*,#1302,.T.);
#1302 = EDGE_CURVE('',#1227,#1303,#1305,.T.);
#1303 = VERTEX_POINT('',#1304);
#1304 = CARTESIAN_POINT('',(8.624986671202,3.688908251209,2.));
#1305 = SURFACE_CURVE('',#1306,(#1310,#1317),.PCURVE_S1.);
#1306 = LINE('',#1307,#1308);
#1307 = CARTESIAN_POINT('',(7.072473031705,5.402228528732,2.));
#1308 = VECTOR('',#1309,1.);
#1309 = DIRECTION('',(0.671475998601,-0.741026304056,0.));
#1310 = PCURVE('',#1265,#1311);
#1311 = DEFINITIONAL_REPRESENTATION('',(#1312),#1316);
#1312 = LINE('',#1313,#1314);
#1313 = CARTESIAN_POINT('',(0.,-2.));
#1314 = VECTOR('',#1315,1.);
#1315 = DIRECTION('',(1.,0.));
#1316 = ( GEOMETRIC_REPRESENTATION_CONTEXT(2) 
PARAMETRIC_REPRESENTATION_CONTEXT() REPRESENTATION_CONTEXT('2D SPACE',''
  ) );
#1317 = PCURVE('',#75,#1318);
#1318 = DEFINITIONAL_REPRESENTATION('',(#1319),#1323);
#1319 = LINE('',#1320,#1321);
#1320 = CARTESIAN_POINT('',(-18.98982124495,-20.66615034126));
#1321 = VECTOR('',#1322,1.);
#1322 = DIRECTION('',(0.671475998601,-0.741026304056));
#1323 = ( GEOMETRIC_REPRESENTATION_CONTEXT(2) 
PARAMETRIC_REPRESENTATION_CONTEXT() REPRESENTATION_CONTEXT('2D SPACE',''
  ) );
#1324 = ORIENTED_EDGE('',*,*,#1325,.F.);
#1325 = EDGE_CURVE('',#1326,#1303,#1328,.T.);
#1326 = VERTEX_POINT('',#1327);
#1327 = CARTESIAN_POINT('',(8.624986671202,3.688908251209,0.));
#1328 = SURFACE_CURVE('',#1329,(#1333,#1340),.PCURVE_S1.);
#1329 = LINE('',#1330,#1331);
#1330 = CARTESIAN_POINT('',(8.624986671202,3.688908251209,0.));
#1331 = VECTOR('',#1332,1.);
#1332 = DIRECTION('',(0.,0.,1.));
#1333 = PCURVE('',#1265,#1334);
#1334 = DEFINITIONAL_REPRESENTATION('',(#1335),#1339);
#1335 = LINE('',#1336,#1337);
#1336 = CARTESIAN_POINT('',(2.31209103934,0.));
#1337 = VECTOR('',#1338,1.);
#1338 = DIRECTION('',(0.,-1.));
#1339 = ( GEOMETRIC_REPRESENTATION_CONTEXT(2) 
PARAMETRIC_REPRESENTATION_CONTEXT() REPRESENTATION_CONTEXT('2D SPACE',''
  ) );
#1340 = PCURVE('',#1341,#1346);
#1341 = PLANE('',#1342);
#1342 = AXIS2_PLACEMENT_3D('',#1343,#1344,#1345);
#1343 = CARTESIAN_POINT('',(8.624986671202,3.688908251209,0.));
#1344 = DIRECTION('',(0.773152479023,0.634220185883,-0.));
#1345 = DIRECTION('',(0.634220185883,-0.773152479023,0.));
#1346 = DEFINITIONAL_REPRESENTATION('',(#1347),#1351);
#1347 = LINE('',#1348,#1349);
#1348 = CARTESIAN_POINT('',(0.,0.));
#1349 = VECTOR('',#1350,1.);
#1350 = DIRECTION('',(0.,-1.));
#1351 = ( GEOMETRIC_REPRESENTATION_CONTEXT(2) 
PARAMETRIC_REPRESENTATION_CONTEXT() REPRESENTATION_CONTEXT('2D SPACE',''
  ) );
#1352 = ORIENTED_EDGE('',*,*,#1353,.F.);
#1353 = EDGE_CURVE('',#1250,#1326,#1354,.T.);
#1354 = SURFACE_CURVE('',#1355,(#1359,#1366),.PCURVE_S1.);
#1355 = LINE('',#1356,#1357);
#1356 = CARTESIAN_POINT('',(7.072473031705,5.402228528732,0.));
#1357 = VECTOR('',#1358,1.);
#1358 = DIRECTION('',(0.671475998601,-0.741026304056,0.));
#1359 = PCURVE('',#1265,#1360);
#1360 = DEFINITIONAL_REPRESENTATION('',(#1361),#1365);
#1361 = LINE('',#1362,#1363);
#1362 = CARTESIAN_POINT('',(0.,0.));
#1363 = VECTOR('',#1364,1.);
#1364 = DIRECTION('',(1.,0.));
#1365 = ( GEOMETRIC_REPRESENTATION_CONTEXT(2) 
PARAMETRIC_REPRESENTATION_CONTEXT() REPRESENTATION_CONTEXT('2D SPACE',''
  ) );
#1366 = PCURVE('',#129,#1367);
#1367 = DEFINITIONAL_REPRESENTATION('',(#1368),#1372);
#1368 = LINE('',#1369,#1370);
#1369 = CARTESIAN_POINT('',(-18.98982124495,-20.66615034126));
#1370 = VECTOR('',#1371,1.);
#1371 = DIRECTION('',(0.671475998601,-0.741026304056));
#1372 = ( GEOMETRIC_REPRESENTATION_CONTEXT(2) 
PARAMETRIC_REPRESENTATION_CONTEXT() REPRESENTATION_CONTEXT('2D SPACE',''
  ) );
#1373 = ADVANCED_FACE('',(#1374),#1341,.F.);
#1374 = FACE_BOUND('',#1375,.F.);
#1375 = EDGE_LOOP('',(#1376,#1377,#1400,#1428));
#1376 = ORIENTED_EDGE('',*,*,#1325,.T.);
#1377 = ORIENTED_EDGE('',*,*,#1378,.T.);
#1378 = EDGE_CURVE('',#1303,#1379,#1381,.T.);
#1379 = VERTEX_POINT('',#1380);
#1380 = CARTESIAN_POINT('',(9.215779668195,2.968696122391,2.));
#1381 = SURFACE_CURVE('',#1382,(#1386,#1393),.PCURVE_S1.);
#1382 = LINE('',#1383,#1384);
#1383 = CARTESIAN_POINT('',(8.624986671202,3.688908251209,2.));
#1384 = VECTOR('',#1385,1.);
#1385 = DIRECTION('',(0.634220185883,-0.773152479023,0.));
#1386 = PCURVE('',#1341,#1387);
#1387 = DEFINITIONAL_REPRESENTATION('',(#1388),#1392);
#1388 = LINE('',#1389,#1390);
#1389 = CARTESIAN_POINT('',(0.,-2.));
#1390 = VECTOR('',#1391,1.);
#1391 = DIRECTION('',(1.,0.));
#1392 = ( GEOMETRIC_REPRESENTATION_CONTEXT(2) 
PARAMETRIC_REPRESENTATION_CONTEXT() REPRESENTATION_CONTEXT('2D SPACE',''
  ) );
#1393 = PCURVE('',#75,#1394);
#1394 = DEFINITIONAL_REPRESENTATION('',(#1395),#1399);
#1395 = LINE('',#1396,#1397);
#1396 = CARTESIAN_POINT('',(-17.43730760546,-22.37947061878));
#1397 = VECTOR('',#1398,1.);
#1398 = DIRECTION('',(0.634220185883,-0.773152479023));
#1399 = ( GEOMETRIC_REPRESENTATION_CONTEXT(2) 
PARAMETRIC_REPRESENTATION_CONTEXT() REPRESENTATION_CONTEXT('2D SPACE',''
  ) );
#1400 = ORIENTED_EDGE('',*,*,#1401,.F.);
#1401 = EDGE_CURVE('',#1402,#1379,#1404,.T.);
#1402 = VERTEX_POINT('',#1403);
#1403 = CARTESIAN_POINT('',(9.215779668195,2.968696122391,0.));
#1404 = SURFACE_CURVE('',#1405,(#1409,#1416),.PCURVE_S1.);
#1405 = LINE('',#1406,#1407);
#1406 = CARTESIAN_POINT('',(9.215779668195,2.968696122391,0.));
#1407 = VECTOR('',#1408,1.);
#1408 = DIRECTION('',(0.,0.,1.));
#1409 = PCURVE('',#1341,#1410);
#1410 = DEFINITIONAL_REPRESENTATION('',(#1411),#1415);
#1411 = LINE('',#1412,#1413);
#1412 = CARTESIAN_POINT('',(0.931526637188,0.));
#1413 = VECTOR('',#1414,1.);
#1414 = DIRECTION('',(0.,-1.));
#1415 = ( GEOMETRIC_REPRESENTATION_CONTEXT(2) 
PARAMETRIC_REPRESENTATION_CONTEXT() REPRESENTATION_CONTEXT('2D SPACE',''
  ) );
#1416 = PCURVE('',#1417,#1422);
#1417 = PLANE('',#1418);
#1418 = AXIS2_PLACEMENT_3D('',#1419,#1420,#1421);
#1419 = CARTESIAN_POINT('',(9.215779668195,2.968696122391,0.));
#1420 = DIRECTION('',(0.765293389475,0.643681620078,-0.));
#1421 = DIRECTION('',(0.643681620078,-0.765293389475,0.));
#1422 = DEFINITIONAL_REPRESENTATION('',(#1423),#1427);
#1423 = LINE('',#1424,#1425);
#1424 = CARTESIAN_POINT('',(0.,0.));
#1425 = VECTOR('',#1426,1.);
#1426 = DIRECTION('',(0.,-1.));
#1427 = ( GEOMETRIC_REPRESENTATION_CONTEXT(2) 
PARAMETRIC_REPRESENTATION_CONTEXT() REPRESENTATION_CONTEXT('2D SPACE',''
  ) );
#1428 = ORIENTED_EDGE('',*,*,#1429,.F.);
#1429 = EDGE_CURVE('',#1326,#1402,#1430,.T.);
#1430 = SURFACE_CURVE('',#1431,(#1435,#1442),.PCURVE_S1.);
#1431 = LINE('',#1432,#1433);
#1432 = CARTESIAN_POINT('',(8.624986671202,3.688908251209,0.));
#1433 = VECTOR('',#1434,1.);
#1434 = DIRECTION('',(0.634220185883,-0.773152479023,0.));
#1435 = PCURVE('',#1341,#1436);
#1436 = DEFINITIONAL_REPRESENTATION('',(#1437),#1441);
#1437 = LINE('',#1438,#1439);
#1438 = CARTESIAN_POINT('',(0.,0.));
#1439 = VECTOR('',#1440,1.);
#1440 = DIRECTION('',(1.,0.));
#1441 = ( GEOMETRIC_REPRESENTATION_CONTEXT(2) 
PARAMETRIC_REPRESENTATION_CONTEXT() REPRESENTATION_CONTEXT('2D SPACE',''
  ) );
#1442 = PCURVE('',#129,#1443);
#1443 = DEFINITIONAL_REPRESENTATION('',(#1444),#1448);
#1444 = LINE('',#1445,#1446);
#1445 = CARTESIAN_POINT('',(-17.43730760546,-22.37947061878));
#1446 = VECTOR('',#1447,1.);
#1447 = DIRECTION('',(0.634220185883,-0.773152479023));
#1448 = ( GEOMETRIC_REPRESENTATION_CONTEXT(2) 
PARAMETRIC_REPRESENTATION_CONTEXT() REPRESENTATION_CONTEXT('2D SPACE',''
  ) );
#1449 = ADVANCED_FACE('',(#1450),#1417,.F.);
#1450 = FACE_BOUND('',#1451,.F.);
#1451 = EDGE_LOOP('',(#1452,#1453,#1476,#1504));
#1452 = ORIENTED_EDGE('',*,*,#1401,.T.);
#1453 = ORIENTED_EDGE('',*,*,#1454,.T.);
#1454 = EDGE_CURVE('',#1379,#1455,#1457,.T.);
#1455 = VERTEX_POINT('',#1456);
#1456 = CARTESIAN_POINT('',(9.263281535475,2.912219653461,2.));
#1457 = SURFACE_CURVE('',#1458,(#1462,#1469),.PCURVE_S1.);
#1458 = LINE('',#1459,#1460);
#1459 = CARTESIAN_POINT('',(9.215779668195,2.968696122391,2.));
#1460 = VECTOR('',#1461,1.);
#1461 = DIRECTION('',(0.643681620078,-0.765293389475,0.));
#1462 = PCURVE('',#1417,#1463);
#1463 = DEFINITIONAL_REPRESENTATION('',(#1464),#1468);
#1464 = LINE('',#1465,#1466);
#1465 = CARTESIAN_POINT('',(0.,-2.));
#1466 = VECTOR('',#1467,1.);
#1467 = DIRECTION('',(1.,0.));
#1468 = ( GEOMETRIC_REPRESENTATION_CONTEXT(2) 
PARAMETRIC_REPRESENTATION_CONTEXT() REPRESENTATION_CONTEXT('2D SPACE',''
  ) );
#1469 = PCURVE('',#75,#1470);
#1470 = DEFINITIONAL_REPRESENTATION('',(#1471),#1475);
#1471 = LINE('',#1472,#1473);
#1472 = CARTESIAN_POINT('',(-16.84651460846,-23.0996827476));
#1473 = VECTOR('',#1474,1.);
#1474 = DIRECTION('',(0.643681620078,-0.765293389475));
#1475 = ( GEOMETRIC_REPRESENTATION_CONTEXT(2) 
PARAMETRIC_REPRESENTATION_CONTEXT() REPRESENTATION_CONTEXT('2D SPACE',''
  ) );
#1476 = ORIENTED_EDGE('',*,*,#1477,.F.);
#1477 = EDGE_CURVE('',#1478,#1455,#1480,.T.);
#1478 = VERTEX_POINT('',#1479);
#1479 = CARTESIAN_POINT('',(9.263281535475,2.912219653461,0.));
#1480 = SURFACE_CURVE('',#1481,(#1485,#1492),.PCURVE_S1.);
#1481 = LINE('',#1482,#1483);
#1482 = CARTESIAN_POINT('',(9.263281535475,2.912219653461,0.));
#1483 = VECTOR('',#1484,1.);
#1484 = DIRECTION('',(0.,0.,1.));
#1485 = PCURVE('',#1417,#1486);
#1486 = DEFINITIONAL_REPRESENTATION('',(#1487),#1491);
#1487 = LINE('',#1488,#1489);
#1488 = CARTESIAN_POINT('',(7.379714722124E-02,0.));
#1489 = VECTOR('',#1490,1.);
#1490 = DIRECTION('',(0.,-1.));
#1491 = ( GEOMETRIC_REPRESENTATION_CONTEXT(2) 
PARAMETRIC_REPRESENTATION_CONTEXT() REPRESENTATION_CONTEXT('2D SPACE',''
  ) );
#1492 = PCURVE('',#1493,#1498);
#1493 = PLANE('',#1494);
#1494 = AXIS2_PLACEMENT_3D('',#1495,#1496,#1497);
#1495 = CARTESIAN_POINT('',(9.263281535475,2.912219653461,0.));
#1496 = DIRECTION('',(0.757318523263,0.653045675526,-0.));
#1497 = DIRECTION('',(0.653045675526,-0.757318523263,0.));
#1498 = DEFINITIONAL_REPRESENTATION('',(#1499),#1503);
#1499 = LINE('',#1500,#1501);
#1500 = CARTESIAN_POINT('',(0.,0.));
#1501 = VECTOR('',#1502,1.);
#1502 = DIRECTION('',(0.,-1.));
#1503 = ( GEOMETRIC_REPRESENTATION_CONTEXT(2) 
PARAMETRIC_REPRESENTATION_CONTEXT() REPRESENTATION_CONTEXT('2D SPACE',''
  ) );
#1504 = ORIENTED_EDGE('',*,*,#1505,.F.);
#1505 = EDGE_CURVE('',#1402,#1478,#1506,.T.);
#1506 = SURFACE_CURVE('',#1507,(#1511,#1518),.PCURVE_S1.);
#1507 = LINE('',#1508,#1509);
#1508 = CARTESIAN_POINT('',(9.215779668195,2.968696122391,0.));
#1509 = VECTOR('',#1510,1.);
#1510 = DIRECTION('',(0.643681620078,-0.765293389475,0.));
#1511 = PCURVE('',#1417,#1512);
#1512 = DEFINITIONAL_REPRESENTATION('',(#1513),#1517);
#1513 = LINE('',#1514,#1515);
#1514 = CARTESIAN_POINT('',(0.,0.));
#1515 = VECTOR('',#1516,1.);
#1516 = DIRECTION('',(1.,0.));
#1517 = ( GEOMETRIC_REPRESENTATION_CONTEXT(2) 
PARAMETRIC_REPRESENTATION_CONTEXT() REPRESENTATION_CONTEXT('2D SPACE',''
  ) );
#1518 = PCURVE('',#129,#1519);
#1519 = DEFINITIONAL_REPRESENTATION('',(#1520),#1524);
#1520 = LINE('',#1521,#1522);
#1521 = CARTESIAN_POINT('',(-16.84651460846,-23.0996827476));
#1522 = VECTOR('',#1523,1.);
#1523 = DIRECTION('',(0.643681620078,-0.765293389475));
#1524 = ( GEOMETRIC_REPRESENTATION_CONTEXT(2) 
PARAMETRIC_REPRESENTATION_CONTEXT() REPRESENTATION_CONTEXT('2D SPACE',''
  ) );
#1525 = ADVANCED_FACE('',(#1526),#1493,.F.);
#1526 = FACE_BOUND('',#1527,.F.);
#1527 = EDGE_LOOP('',(#1528,#1529,#1552,#1585));
#1528 = ORIENTED_EDGE('',*,*,#1477,.T.);
#1529 = ORIENTED_EDGE('',*,*,#1530,.T.);
#1530 = EDGE_CURVE('',#1455,#1531,#1533,.T.);
#1531 = VERTEX_POINT('',#1532);
#1532 = CARTESIAN_POINT('',(9.737826842694,2.361902937873,2.));
#1533 = SURFACE_CURVE('',#1534,(#1538,#1545),.PCURVE_S1.);
#1534 = LINE('',#1535,#1536);
#1535 = CARTESIAN_POINT('',(9.263281535475,2.912219653461,2.));
#1536 = VECTOR('',#1537,1.);
#1537 = DIRECTION('',(0.653045675526,-0.757318523263,0.));
#1538 = PCURVE('',#1493,#1539);
#1539 = DEFINITIONAL_REPRESENTATION('',(#1540),#1544);
#1540 = LINE('',#1541,#1542);
#1541 = CARTESIAN_POINT('',(0.,-2.));
#1542 = VECTOR('',#1543,1.);
#1543 = DIRECTION('',(1.,0.));
#1544 = ( GEOMETRIC_REPRESENTATION_CONTEXT(2) 
PARAMETRIC_REPRESENTATION_CONTEXT() REPRESENTATION_CONTEXT('2D SPACE',''
  ) );
#1545 = PCURVE('',#75,#1546);
#1546 = DEFINITIONAL_REPRESENTATION('',(#1547),#1551);
#1547 = LINE('',#1548,#1549);
#1548 = CARTESIAN_POINT('',(-16.79901274118,-23.15615921653));
#1549 = VECTOR('',#1550,1.);
#1550 = DIRECTION('',(0.653045675526,-0.757318523263));
#1551 = ( GEOMETRIC_REPRESENTATION_CONTEXT(2) 
PARAMETRIC_REPRESENTATION_CONTEXT() REPRESENTATION_CONTEXT('2D SPACE',''
  ) );
#1552 = ORIENTED_EDGE('',*,*,#1553,.F.);
#1553 = EDGE_CURVE('',#1554,#1531,#1556,.T.);
#1554 = VERTEX_POINT('',#1555);
#1555 = CARTESIAN_POINT('',(9.737826842694,2.361902937873,0.));
#1556 = SURFACE_CURVE('',#1557,(#1561,#1568),.PCURVE_S1.);
#1557 = LINE('',#1558,#1559);
#1558 = CARTESIAN_POINT('',(9.737826842694,2.361902937873,0.));
#1559 = VECTOR('',#1560,1.);
#1560 = DIRECTION('',(0.,0.,1.));
#1561 = PCURVE('',#1493,#1562);
#1562 = DEFINITIONAL_REPRESENTATION('',(#1563),#1567);
#1563 = LINE('',#1564,#1565);
#1564 = CARTESIAN_POINT('',(0.726664803097,0.));
#1565 = VECTOR('',#1566,1.);
#1566 = DIRECTION('',(0.,-1.));
#1567 = ( GEOMETRIC_REPRESENTATION_CONTEXT(2) 
PARAMETRIC_REPRESENTATION_CONTEXT() REPRESENTATION_CONTEXT('2D SPACE',''
  ) );
#1568 = PCURVE('',#1569,#1579);
#1569 = SURFACE_OF_LINEAR_EXTRUSION('',#1570,#1577);
#1570 = B_SPLINE_CURVE_WITH_KNOTS('',5,(#1571,#1572,#1573,#1574,#1575,
    #1576),.UNSPECIFIED.,.F.,.F.,(6,6),(0.,1.),
  .PIECEWISE_BEZIER_KNOTS.);
#1571 = CARTESIAN_POINT('',(9.737826842694,2.361902937873,0.));
#1572 = CARTESIAN_POINT('',(10.130156756157,1.939122961204,0.));
#1573 = CARTESIAN_POINT('',(10.624826653131,1.391472630119,0.));
#1574 = CARTESIAN_POINT('',(11.015223150545,1.132843541205,0.));
#1575 = CARTESIAN_POINT('',(11.749336492579,0.914379611495,0.));
#1576 = CARTESIAN_POINT('',(12.324270263187,0.902905386745,0.));
#1577 = VECTOR('',#1578,1.);
#1578 = DIRECTION('',(-0.,-0.,-1.));
#1579 = DEFINITIONAL_REPRESENTATION('',(#1580),#1584);
#1580 = LINE('',#1581,#1582);
#1581 = CARTESIAN_POINT('',(0.,0.));
#1582 = VECTOR('',#1583,1.);
#1583 = DIRECTION('',(0.,-1.));
#1584 = ( GEOMETRIC_REPRESENTATION_CONTEXT(2) 
PARAMETRIC_REPRESENTATION_CONTEXT() REPRESENTATION_CONTEXT('2D SPACE',''
  ) );
#1585 = ORIENTED_EDGE('',*,*,#1586,.F.);
#1586 = EDGE_CURVE('',#1478,#1554,#1587,.T.);
#1587 = SURFACE_CURVE('',#1588,(#1592,#1599),.PCURVE_S1.);
#1588 = LINE('',#1589,#1590);
#1589 = CARTESIAN_POINT('',(9.263281535475,2.912219653461,0.));
#1590 = VECTOR('',#1591,1.);
#1591 = DIRECTION('',(0.653045675526,-0.757318523263,0.));
#1592 = PCURVE('',#1493,#1593);
#1593 = DEFINITIONAL_REPRESENTATION('',(#1594),#1598);
#1594 = LINE('',#1595,#1596);
#1595 = CARTESIAN_POINT('',(0.,0.));
#1596 = VECTOR('',#1597,1.);
#1597 = DIRECTION('',(1.,0.));
#1598 = ( GEOMETRIC_REPRESENTATION_CONTEXT(2) 
PARAMETRIC_REPRESENTATION_CONTEXT() REPRESENTATION_CONTEXT('2D SPACE',''
  ) );
#1599 = PCURVE('',#129,#1600);
#1600 = DEFINITIONAL_REPRESENTATION('',(#1601),#1605);
#1601 = LINE('',#1602,#1603);
#1602 = CARTESIAN_POINT('',(-16.79901274118,-23.15615921653));
#1603 = VECTOR('',#1604,1.);
#1604 = DIRECTION('',(0.653045675526,-0.757318523263));
#1605 = ( GEOMETRIC_REPRESENTATION_CONTEXT(2) 
PARAMETRIC_REPRESENTATION_CONTEXT() REPRESENTATION_CONTEXT('2D SPACE',''
  ) );
#1606 = ADVANCED_FACE('',(#1607),#1569,.F.);
#1607 = FACE_BOUND('',#1608,.F.);
#1608 = EDGE_LOOP('',(#1609,#1610,#1639,#1667));
#1609 = ORIENTED_EDGE('',*,*,#1553,.T.);
#1610 = ORIENTED_EDGE('',*,*,#1611,.T.);
#1611 = EDGE_CURVE('',#1531,#1612,#1614,.T.);
#1612 = VERTEX_POINT('',#1613);
#1613 = CARTESIAN_POINT('',(12.324270263187,0.902905386745,2.));
#1614 = SURFACE_CURVE('',#1615,(#1622,#1629),.PCURVE_S1.);
#1615 = B_SPLINE_CURVE_WITH_KNOTS('',5,(#1616,#1617,#1618,#1619,#1620,
    #1621),.UNSPECIFIED.,.F.,.F.,(6,6),(0.,1.),
  .PIECEWISE_BEZIER_KNOTS.);
#1616 = CARTESIAN_POINT('',(9.737826842694,2.361902937873,2.));
#1617 = CARTESIAN_POINT('',(10.130156756157,1.939122961204,2.));
#1618 = CARTESIAN_POINT('',(10.624826653131,1.391472630119,2.));
#1619 = CARTESIAN_POINT('',(11.015223150545,1.132843541205,2.));
#1620 = CARTESIAN_POINT('',(11.749336492579,0.914379611495,2.));
#1621 = CARTESIAN_POINT('',(12.324270263187,0.902905386745,2.));
#1622 = PCURVE('',#1569,#1623);
#1623 = DEFINITIONAL_REPRESENTATION('',(#1624),#1628);
#1624 = LINE('',#1625,#1626);
#1625 = CARTESIAN_POINT('',(0.,-2.));
#1626 = VECTOR('',#1627,1.);
#1627 = DIRECTION('',(1.,0.));
#1628 = ( GEOMETRIC_REPRESENTATION_CONTEXT(2) 
PARAMETRIC_REPRESENTATION_CONTEXT() REPRESENTATION_CONTEXT('2D SPACE',''
  ) );
#1629 = PCURVE('',#75,#1630);
#1630 = DEFINITIONAL_REPRESENTATION('',(#1631),#1638);
#1631 = B_SPLINE_CURVE_WITH_KNOTS('',5,(#1632,#1633,#1634,#1635,#1636,
    #1637),.UNSPECIFIED.,.F.,.F.,(6,6),(0.,1.),
  .PIECEWISE_BEZIER_KNOTS.);
#1632 = CARTESIAN_POINT('',(-16.32446743396,-23.70647593212));
#1633 = CARTESIAN_POINT('',(-15.9321375205,-24.12925590879));
#1634 = CARTESIAN_POINT('',(-15.43746762353,-24.67690623987));
#1635 = CARTESIAN_POINT('',(-15.04707112611,-24.93553532879));
#1636 = CARTESIAN_POINT('',(-14.31295778408,-25.1539992585));
#1637 = CARTESIAN_POINT('',(-13.73802401347,-25.16547348325));
#1638 = ( GEOMETRIC_REPRESENTATION_CONTEXT(2) 
PARAMETRIC_REPRESENTATION_CONTEXT() REPRESENTATION_CONTEXT('2D SPACE',''
  ) );
#1639 = ORIENTED_EDGE('',*,*,#1640,.F.);
#1640 = EDGE_CURVE('',#1641,#1612,#1643,.T.);
#1641 = VERTEX_POINT('',#1642);
#1642 = CARTESIAN_POINT('',(12.324270263187,0.902905386745,0.));
#1643 = SURFACE_CURVE('',#1644,(#1648,#1655),.PCURVE_S1.);
#1644 = LINE('',#1645,#1646);
#1645 = CARTESIAN_POINT('',(12.324270263187,0.902905386745,0.));
#1646 = VECTOR('',#1647,1.);
#1647 = DIRECTION('',(0.,0.,1.));
#1648 = PCURVE('',#1569,#1649);
#1649 = DEFINITIONAL_REPRESENTATION('',(#1650),#1654);
#1650 = LINE('',#1651,#1652);
#1651 = CARTESIAN_POINT('',(1.,0.));
#1652 = VECTOR('',#1653,1.);
#1653 = DIRECTION('',(0.,-1.));
#1654 = ( GEOMETRIC_REPRESENTATION_CONTEXT(2) 
PARAMETRIC_REPRESENTATION_CONTEXT() REPRESENTATION_CONTEXT('2D SPACE',''
  ) );
#1655 = PCURVE('',#1656,#1661);
#1656 = PLANE('',#1657);
#1657 = AXIS2_PLACEMENT_3D('',#1658,#1659,#1660);
#1658 = CARTESIAN_POINT('',(12.324270263187,0.902905386745,0.));
#1659 = DIRECTION('',(3.4521653139E-02,0.999403950095,-0.));
#1660 = DIRECTION('',(0.999403950095,-3.4521653139E-02,0.));
#1661 = DEFINITIONAL_REPRESENTATION('',(#1662),#1666);
#1662 = LINE('',#1663,#1664);
#1663 = CARTESIAN_POINT('',(0.,0.));
#1664 = VECTOR('',#1665,1.);
#1665 = DIRECTION('',(0.,-1.));
#1666 = ( GEOMETRIC_REPRESENTATION_CONTEXT(2) 
PARAMETRIC_REPRESENTATION_CONTEXT() REPRESENTATION_CONTEXT('2D SPACE',''
  ) );
#1667 = ORIENTED_EDGE('',*,*,#1668,.F.);
#1668 = EDGE_CURVE('',#1554,#1641,#1669,.T.);
#1669 = SURFACE_CURVE('',#1670,(#1677,#1684),.PCURVE_S1.);
#1670 = B_SPLINE_CURVE_WITH_KNOTS('',5,(#1671,#1672,#1673,#1674,#1675,
    #1676),.UNSPECIFIED.,.F.,.F.,(6,6),(0.,1.),
  .PIECEWISE_BEZIER_KNOTS.);
#1671 = CARTESIAN_POINT('',(9.737826842694,2.361902937873,0.));
#1672 = CARTESIAN_POINT('',(10.130156756157,1.939122961204,0.));
#1673 = CARTESIAN_POINT('',(10.624826653131,1.391472630119,0.));
#1674 = CARTESIAN_POINT('',(11.015223150545,1.132843541205,0.));
#1675 = CARTESIAN_POINT('',(11.749336492579,0.914379611495,0.));
#1676 = CARTESIAN_POINT('',(12.324270263187,0.902905386745,0.));
#1677 = PCURVE('',#1569,#1678);
#1678 = DEFINITIONAL_REPRESENTATION('',(#1679),#1683);
#1679 = LINE('',#1680,#1681);
#1680 = CARTESIAN_POINT('',(0.,0.));
#1681 = VECTOR('',#1682,1.);
#1682 = DIRECTION('',(1.,0.));
#1683 = ( GEOMETRIC_REPRESENTATION_CONTEXT(2) 
PARAMETRIC_REPRESENTATION_CONTEXT() REPRESENTATION_CONTEXT('2D SPACE',''
  ) );
#1684 = PCURVE('',#129,#1685);
#1685 = DEFINITIONAL_REPRESENTATION('',(#1686),#1693);
#1686 = B_SPLINE_CURVE_WITH_KNOTS('',5,(#1687,#1688,#1689,#1690,#1691,
    #1692),.UNSPECIFIED.,.F.,.F.,(6,6),(0.,1.),
  .PIECEWISE_BEZIER_KNOTS.);
#1687 = CARTESIAN_POINT('',(-16.32446743396,-23.70647593212));
#1688 = CARTESIAN_POINT('',(-15.9321375205,-24.12925590879));
#1689 = CARTESIAN_POINT('',(-15.43746762353,-24.67690623987));
#1690 = CARTESIAN_POINT('',(-15.04707112611,-24.93553532879));
#1691 = CARTESIAN_POINT('',(-14.31295778408,-25.1539992585));
#1692 = CARTESIAN_POINT('',(-13.73802401347,-25.16547348325));
#1693 = ( GEOMETRIC_REPRESENTATION_CONTEXT(2) 
PARAMETRIC_REPRESENTATION_CONTEXT() REPRESENTATION_CONTEXT('2D SPACE',''
  ) );
#1694 = ADVANCED_FACE('',(#1695),#1656,.F.);
#1695 = FACE_BOUND('',#1696,.F.);
#1696 = EDGE_LOOP('',(#1697,#1698,#1721,#1749));
#1697 = ORIENTED_EDGE('',*,*,#1640,.T.);
#1698 = ORIENTED_EDGE('',*,*,#1699,.T.);
#1699 = EDGE_CURVE('',#1612,#1700,#1702,.T.);
#1700 = VERTEX_POINT('',#1701);
#1701 = CARTESIAN_POINT('',(13.317835585582,0.868585412897,2.));
#1702 = SURFACE_CURVE('',#1703,(#1707,#1714),.PCURVE_S1.);
#1703 = LINE('',#1704,#1705);
#1704 = CARTESIAN_POINT('',(12.324270263187,0.902905386745,2.));
#1705 = VECTOR('',#1706,1.);
#1706 = DIRECTION('',(0.999403950095,-3.4521653139E-02,0.));
#1707 = PCURVE('',#1656,#1708);
#1708 = DEFINITIONAL_REPRESENTATION('',(#1709),#1713);
#1709 = LINE('',#1710,#1711);
#1710 = CARTESIAN_POINT('',(0.,-2.));
#1711 = VECTOR('',#1712,1.);
#1712 = DIRECTION('',(1.,0.));
#1713 = ( GEOMETRIC_REPRESENTATION_CONTEXT(2) 
PARAMETRIC_REPRESENTATION_CONTEXT() REPRESENTATION_CONTEXT('2D SPACE',''
  ) );
#1714 = PCURVE('',#75,#1715);
#1715 = DEFINITIONAL_REPRESENTATION('',(#1716),#1720);
#1716 = LINE('',#1717,#1718);
#1717 = CARTESIAN_POINT('',(-13.73802401347,-25.16547348325));
#1718 = VECTOR('',#1719,1.);
#1719 = DIRECTION('',(0.999403950095,-3.4521653139E-02));
#1720 = ( GEOMETRIC_REPRESENTATION_CONTEXT(2) 
PARAMETRIC_REPRESENTATION_CONTEXT() REPRESENTATION_CONTEXT('2D SPACE',''
  ) );
#1721 = ORIENTED_EDGE('',*,*,#1722,.F.);
#1722 = EDGE_CURVE('',#1723,#1700,#1725,.T.);
#1723 = VERTEX_POINT('',#1724);
#1724 = CARTESIAN_POINT('',(13.317835585582,0.868585412897,0.));
#1725 = SURFACE_CURVE('',#1726,(#1730,#1737),.PCURVE_S1.);
#1726 = LINE('',#1727,#1728);
#1727 = CARTESIAN_POINT('',(13.317835585582,0.868585412897,0.));
#1728 = VECTOR('',#1729,1.);
#1729 = DIRECTION('',(0.,0.,1.));
#1730 = PCURVE('',#1656,#1731);
#1731 = DEFINITIONAL_REPRESENTATION('',(#1732),#1736);
#1732 = LINE('',#1733,#1734);
#1733 = CARTESIAN_POINT('',(0.994157890112,0.));
#1734 = VECTOR('',#1735,1.);
#1735 = DIRECTION('',(0.,-1.));
#1736 = ( GEOMETRIC_REPRESENTATION_CONTEXT(2) 
PARAMETRIC_REPRESENTATION_CONTEXT() REPRESENTATION_CONTEXT('2D SPACE',''
  ) );
#1737 = PCURVE('',#1738,#1743);
#1738 = PLANE('',#1739);
#1739 = AXIS2_PLACEMENT_3D('',#1740,#1741,#1742);
#1740 = CARTESIAN_POINT('',(13.317835585582,0.868585412897,0.));
#1741 = DIRECTION('',(5.83719722183E-02,0.998294902751,-0.));
#1742 = DIRECTION('',(0.998294902751,-5.83719722183E-02,0.));
#1743 = DEFINITIONAL_REPRESENTATION('',(#1744),#1748);
#1744 = LINE('',#1745,#1746);
#1745 = CARTESIAN_POINT('',(0.,0.));
#1746 = VECTOR('',#1747,1.);
#1747 = DIRECTION('',(0.,-1.));
#1748 = ( GEOMETRIC_REPRESENTATION_CONTEXT(2) 
PARAMETRIC_REPRESENTATION_CONTEXT() REPRESENTATION_CONTEXT('2D SPACE',''
  ) );
#1749 = ORIENTED_EDGE('',*,*,#1750,.F.);
#1750 = EDGE_CURVE('',#1641,#1723,#1751,.T.);
#1751 = SURFACE_CURVE('',#1752,(#1756,#1763),.PCURVE_S1.);
#1752 = LINE('',#1753,#1754);
#1753 = CARTESIAN_POINT('',(12.324270263187,0.902905386745,0.));
#1754 = VECTOR('',#1755,1.);
#1755 = DIRECTION('',(0.999403950095,-3.4521653139E-02,0.));
#1756 = PCURVE('',#1656,#1757);
#1757 = DEFINITIONAL_REPRESENTATION('',(#1758),#1762);
#1758 = LINE('',#1759,#1760);
#1759 = CARTESIAN_POINT('',(0.,0.));
#1760 = VECTOR('',#1761,1.);
#1761 = DIRECTION('',(1.,0.));
#1762 = ( GEOMETRIC_REPRESENTATION_CONTEXT(2) 
PARAMETRIC_REPRESENTATION_CONTEXT() REPRESENTATION_CONTEXT('2D SPACE',''
  ) );
#1763 = PCURVE('',#129,#1764);
#1764 = DEFINITIONAL_REPRESENTATION('',(#1765),#1769);
#1765 = LINE('',#1766,#1767);
#1766 = CARTESIAN_POINT('',(-13.73802401347,-25.16547348325));
#1767 = VECTOR('',#1768,1.);
#1768 = DIRECTION('',(0.999403950095,-3.4521653139E-02));
#1769 = ( GEOMETRIC_REPRESENTATION_CONTEXT(2) 
PARAMETRIC_REPRESENTATION_CONTEXT() REPRESENTATION_CONTEXT('2D SPACE',''
  ) );
#1770 = ADVANCED_FACE('',(#1771),#1738,.F.);
#1771 = FACE_BOUND('',#1772,.F.);
#1772 = EDGE_LOOP('',(#1773,#1774,#1797,#1825));
#1773 = ORIENTED_EDGE('',*,*,#1722,.T.);
#1774 = ORIENTED_EDGE('',*,*,#1775,.T.);
#1775 = EDGE_CURVE('',#1700,#1776,#1778,.T.);
#1776 = VERTEX_POINT('',#1777);
#1777 = CARTESIAN_POINT('',(15.593926647977,0.735498562615,2.));
#1778 = SURFACE_CURVE('',#1779,(#1783,#1790),.PCURVE_S1.);
#1779 = LINE('',#1780,#1781);
#1780 = CARTESIAN_POINT('',(13.317835585582,0.868585412897,2.));
#1781 = VECTOR('',#1782,1.);
#1782 = DIRECTION('',(0.998294902751,-5.83719722183E-02,0.));
#1783 = PCURVE('',#1738,#1784);
#1784 = DEFINITIONAL_REPRESENTATION('',(#1785),#1789);
#1785 = LINE('',#1786,#1787);
#1786 = CARTESIAN_POINT('',(0.,-2.));
#1787 = VECTOR('',#1788,1.);
#1788 = DIRECTION('',(1.,0.));
#1789 = ( GEOMETRIC_REPRESENTATION_CONTEXT(2) 
PARAMETRIC_REPRESENTATION_CONTEXT() REPRESENTATION_CONTEXT('2D SPACE',''
  ) );
#1790 = PCURVE('',#75,#1791);
#1791 = DEFINITIONAL_REPRESENTATION('',(#1792),#1796);
#1792 = LINE('',#1793,#1794);
#1793 = CARTESIAN_POINT('',(-12.74445869108,-25.19979345709));
#1794 = VECTOR('',#1795,1.);
#1795 = DIRECTION('',(0.998294902751,-5.83719722183E-02));
#1796 = ( GEOMETRIC_REPRESENTATION_CONTEXT(2) 
PARAMETRIC_REPRESENTATION_CONTEXT() REPRESENTATION_CONTEXT('2D SPACE',''
  ) );
#1797 = ORIENTED_EDGE('',*,*,#1798,.F.);
#1798 = EDGE_CURVE('',#1799,#1776,#1801,.T.);
#1799 = VERTEX_POINT('',#1800);
#1800 = CARTESIAN_POINT('',(15.593926647977,0.735498562615,0.));
#1801 = SURFACE_CURVE('',#1802,(#1806,#1813),.PCURVE_S1.);
#1802 = LINE('',#1803,#1804);
#1803 = CARTESIAN_POINT('',(15.593926647977,0.735498562615,0.));
#1804 = VECTOR('',#1805,1.);
#1805 = DIRECTION('',(0.,0.,1.));
#1806 = PCURVE('',#1738,#1807);
#1807 = DEFINITIONAL_REPRESENTATION('',(#1808),#1812);
#1808 = LINE('',#1809,#1810);
#1809 = CARTESIAN_POINT('',(2.279978647714,0.));
#1810 = VECTOR('',#1811,1.);
#1811 = DIRECTION('',(0.,-1.));
#1812 = ( GEOMETRIC_REPRESENTATION_CONTEXT(2) 
PARAMETRIC_REPRESENTATION_CONTEXT() REPRESENTATION_CONTEXT('2D SPACE',''
  ) );
#1813 = PCURVE('',#1814,#1819);
#1814 = PLANE('',#1815);
#1815 = AXIS2_PLACEMENT_3D('',#1816,#1817,#1818);
#1816 = CARTESIAN_POINT('',(15.593926647977,0.735498562615,0.));
#1817 = DIRECTION('',(0.105959205121,0.994370477664,-0.));
#1818 = DIRECTION('',(0.994370477664,-0.105959205121,0.));
#1819 = DEFINITIONAL_REPRESENTATION('',(#1820),#1824);
#1820 = LINE('',#1821,#1822);
#1821 = CARTESIAN_POINT('',(0.,0.));
#1822 = VECTOR('',#1823,1.);
#1823 = DIRECTION('',(0.,-1.));
#1824 = ( GEOMETRIC_REPRESENTATION_CONTEXT(2) 
PARAMETRIC_REPRESENTATION_CONTEXT() REPRESENTATION_CONTEXT('2D SPACE',''
  ) );
#1825 = ORIENTED_EDGE('',*,*,#1826,.F.);
#1826 = EDGE_CURVE('',#1723,#1799,#1827,.T.);
#1827 = SURFACE_CURVE('',#1828,(#1832,#1839),.PCURVE_S1.);
#1828 = LINE('',#1829,#1830);
#1829 = CARTESIAN_POINT('',(13.317835585582,0.868585412897,0.));
#1830 = VECTOR('',#1831,1.);
#1831 = DIRECTION('',(0.998294902751,-5.83719722183E-02,0.));
#1832 = PCURVE('',#1738,#1833);
#1833 = DEFINITIONAL_REPRESENTATION('',(#1834),#1838);
#1834 = LINE('',#1835,#1836);
#1835 = CARTESIAN_POINT('',(0.,0.));
#1836 = VECTOR('',#1837,1.);
#1837 = DIRECTION('',(1.,0.));
#1838 = ( GEOMETRIC_REPRESENTATION_CONTEXT(2) 
PARAMETRIC_REPRESENTATION_CONTEXT() REPRESENTATION_CONTEXT('2D SPACE',''
  ) );
#1839 = PCURVE('',#129,#1840);
#1840 = DEFINITIONAL_REPRESENTATION('',(#1841),#1845);
#1841 = LINE('',#1842,#1843);
#1842 = CARTESIAN_POINT('',(-12.74445869108,-25.19979345709));
#1843 = VECTOR('',#1844,1.);
#1844 = DIRECTION('',(0.998294902751,-5.83719722183E-02));
#1845 = ( GEOMETRIC_REPRESENTATION_CONTEXT(2) 
PARAMETRIC_REPRESENTATION_CONTEXT() REPRESENTATION_CONTEXT('2D SPACE',''
  ) );
#1846 = ADVANCED_FACE('',(#1847),#1814,.F.);
#1847 = FACE_BOUND('',#1848,.F.);
#1848 = EDGE_LOOP('',(#1849,#1850,#1873,#1901));
#1849 = ORIENTED_EDGE('',*,*,#1798,.T.);
#1850 = ORIENTED_EDGE('',*,*,#1851,.T.);
#1851 = EDGE_CURVE('',#1776,#1852,#1854,.T.);
#1852 = VERTEX_POINT('',#1853);
#1853 = CARTESIAN_POINT('',(17.82544489307,0.497710027281,2.));
#1854 = SURFACE_CURVE('',#1855,(#1859,#1866),.PCURVE_S1.);
#1855 = LINE('',#1856,#1857);
#1856 = CARTESIAN_POINT('',(15.593926647977,0.735498562615,2.));
#1857 = VECTOR('',#1858,1.);
#1858 = DIRECTION('',(0.994370477664,-0.105959205121,0.));
#1859 = PCURVE('',#1814,#1860);
#1860 = DEFINITIONAL_REPRESENTATION('',(#1861),#1865);
#1861 = LINE('',#1862,#1863);
#1862 = CARTESIAN_POINT('',(0.,-2.));
#1863 = VECTOR('',#1864,1.);
#1864 = DIRECTION('',(1.,0.));
#1865 = ( GEOMETRIC_REPRESENTATION_CONTEXT(2) 
PARAMETRIC_REPRESENTATION_CONTEXT() REPRESENTATION_CONTEXT('2D SPACE',''
  ) );
#1866 = PCURVE('',#75,#1867);
#1867 = DEFINITIONAL_REPRESENTATION('',(#1868),#1872);
#1868 = LINE('',#1869,#1870);
#1869 = CARTESIAN_POINT('',(-10.46836762868,-25.33288030738));
#1870 = VECTOR('',#1871,1.);
#1871 = DIRECTION('',(0.994370477664,-0.105959205121));
#1872 = ( GEOMETRIC_REPRESENTATION_CONTEXT(2) 
PARAMETRIC_REPRESENTATION_CONTEXT() REPRESENTATION_CONTEXT('2D SPACE',''
  ) );
#1873 = ORIENTED_EDGE('',*,*,#1874,.F.);
#1874 = EDGE_CURVE('',#1875,#1852,#1877,.T.);
#1875 = VERTEX_POINT('',#1876);
#1876 = CARTESIAN_POINT('',(17.82544489307,0.497710027281,0.));
#1877 = SURFACE_CURVE('',#1878,(#1882,#1889),.PCURVE_S1.);
#1878 = LINE('',#1879,#1880);
#1879 = CARTESIAN_POINT('',(17.82544489307,0.497710027281,0.));
#1880 = VECTOR('',#1881,1.);
#1881 = DIRECTION('',(0.,0.,1.));
#1882 = PCURVE('',#1814,#1883);
#1883 = DEFINITIONAL_REPRESENTATION('',(#1884),#1888);
#1884 = LINE('',#1885,#1886);
#1885 = CARTESIAN_POINT('',(2.24415174748,0.));
#1886 = VECTOR('',#1887,1.);
#1887 = DIRECTION('',(0.,-1.));
#1888 = ( GEOMETRIC_REPRESENTATION_CONTEXT(2) 
PARAMETRIC_REPRESENTATION_CONTEXT() REPRESENTATION_CONTEXT('2D SPACE',''
  ) );
#1889 = PCURVE('',#1890,#1895);
#1890 = PLANE('',#1891);
#1891 = AXIS2_PLACEMENT_3D('',#1892,#1893,#1894);
#1892 = CARTESIAN_POINT('',(17.82544489307,0.497710027281,0.));
#1893 = DIRECTION('',(0.153304856774,0.988178941736,-0.));
#1894 = DIRECTION('',(0.988178941736,-0.153304856774,0.));
#1895 = DEFINITIONAL_REPRESENTATION('',(#1896),#1900);
#1896 = LINE('',#1897,#1898);
#1897 = CARTESIAN_POINT('',(0.,0.));
#1898 = VECTOR('',#1899,1.);
#1899 = DIRECTION('',(0.,-1.));
#1900 = ( GEOMETRIC_REPRESENTATION_CONTEXT(2) 
PARAMETRIC_REPRESENTATION_CONTEXT() REPRESENTATION_CONTEXT('2D SPACE',''
  ) );
#1901 = ORIENTED_EDGE('',*,*,#1902,.F.);
#1902 = EDGE_CURVE('',#1799,#1875,#1903,.T.);
#1903 = SURFACE_CURVE('',#1904,(#1908,#1915),.PCURVE_S1.);
#1904 = LINE('',#1905,#1906);
#1905 = CARTESIAN_POINT('',(15.593926647977,0.735498562615,0.));
#1906 = VECTOR('',#1907,1.);
#1907 = DIRECTION('',(0.994370477664,-0.105959205121,0.));
#1908 = PCURVE('',#1814,#1909);
#1909 = DEFINITIONAL_REPRESENTATION('',(#1910),#1914);
#1910 = LINE('',#1911,#1912);
#1911 = CARTESIAN_POINT('',(0.,0.));
#1912 = VECTOR('',#1913,1.);
#1913 = DIRECTION('',(1.,0.));
#1914 = ( GEOMETRIC_REPRESENTATION_CONTEXT(2) 
PARAMETRIC_REPRESENTATION_CONTEXT() REPRESENTATION_CONTEXT('2D SPACE',''
  ) );
#1915 = PCURVE('',#129,#1916);
#1916 = DEFINITIONAL_REPRESENTATION('',(#1917),#1921);
#1917 = LINE('',#1918,#1919);
#1918 = CARTESIAN_POINT('',(-10.46836762868,-25.33288030738));
#1919 = VECTOR('',#1920,1.);
#1920 = DIRECTION('',(0.994370477664,-0.105959205121));
#1921 = ( GEOMETRIC_REPRESENTATION_CONTEXT(2) 
PARAMETRIC_REPRESENTATION_CONTEXT() REPRESENTATION_CONTEXT('2D SPACE',''
  ) );
#1922 = ADVANCED_FACE('',(#1923),#1890,.F.);
#1923 = FACE_BOUND('',#1924,.F.);
#1924 = EDGE_LOOP('',(#1925,#1926,#1949,#1977));
#1925 = ORIENTED_EDGE('',*,*,#1874,.T.);
#1926 = ORIENTED_EDGE('',*,*,#1927,.T.);
#1927 = EDGE_CURVE('',#1852,#1928,#1930,.T.);
#1928 = VERTEX_POINT('',#1929);
#1929 = CARTESIAN_POINT('',(20.043068391988,0.153670665055,2.));
#1930 = SURFACE_CURVE('',#1931,(#1935,#1942),.PCURVE_S1.);
#1931 = LINE('',#1932,#1933);
#1932 = CARTESIAN_POINT('',(17.82544489307,0.497710027281,2.));
#1933 = VECTOR('',#1934,1.);
#1934 = DIRECTION('',(0.988178941736,-0.153304856774,0.));
#1935 = PCURVE('',#1890,#1936);
#1936 = DEFINITIONAL_REPRESENTATION('',(#1937),#1941);
#1937 = LINE('',#1938,#1939);
#1938 = CARTESIAN_POINT('',(0.,-2.));
#1939 = VECTOR('',#1940,1.);
#1940 = DIRECTION('',(1.,0.));
#1941 = ( GEOMETRIC_REPRESENTATION_CONTEXT(2) 
PARAMETRIC_REPRESENTATION_CONTEXT() REPRESENTATION_CONTEXT('2D SPACE',''
  ) );
#1942 = PCURVE('',#75,#1943);
#1943 = DEFINITIONAL_REPRESENTATION('',(#1944),#1948);
#1944 = LINE('',#1945,#1946);
#1945 = CARTESIAN_POINT('',(-8.236849383593,-25.57066884271));
#1946 = VECTOR('',#1947,1.);
#1947 = DIRECTION('',(0.988178941736,-0.153304856774));
#1948 = ( GEOMETRIC_REPRESENTATION_CONTEXT(2) 
PARAMETRIC_REPRESENTATION_CONTEXT() REPRESENTATION_CONTEXT('2D SPACE',''
  ) );
#1949 = ORIENTED_EDGE('',*,*,#1950,.F.);
#1950 = EDGE_CURVE('',#1951,#1928,#1953,.T.);
#1951 = VERTEX_POINT('',#1952);
#1952 = CARTESIAN_POINT('',(20.043068391988,0.153670665055,0.));
#1953 = SURFACE_CURVE('',#1954,(#1958,#1965),.PCURVE_S1.);
#1954 = LINE('',#1955,#1956);
#1955 = CARTESIAN_POINT('',(20.043068391988,0.153670665055,0.));
#1956 = VECTOR('',#1957,1.);
#1957 = DIRECTION('',(0.,0.,1.));
#1958 = PCURVE('',#1890,#1959);
#1959 = DEFINITIONAL_REPRESENTATION('',(#1960),#1964);
#1960 = LINE('',#1961,#1962);
#1961 = CARTESIAN_POINT('',(2.24415174748,0.));
#1962 = VECTOR('',#1963,1.);
#1963 = DIRECTION('',(0.,-1.));
#1964 = ( GEOMETRIC_REPRESENTATION_CONTEXT(2) 
PARAMETRIC_REPRESENTATION_CONTEXT() REPRESENTATION_CONTEXT('2D SPACE',''
  ) );
#1965 = PCURVE('',#1966,#1971);
#1966 = PLANE('',#1967);
#1967 = AXIS2_PLACEMENT_3D('',#1968,#1969,#1970);
#1968 = CARTESIAN_POINT('',(20.043068391988,0.153670665055,0.));
#1969 = DIRECTION('',(0.200300981655,0.979734411332,-0.));
#1970 = DIRECTION('',(0.979734411332,-0.200300981655,0.));
#1971 = DEFINITIONAL_REPRESENTATION('',(#1972),#1976);
#1972 = LINE('',#1973,#1974);
#1973 = CARTESIAN_POINT('',(0.,0.));
#1974 = VECTOR('',#1975,1.);
#1975 = DIRECTION('',(0.,-1.));
#1976 = ( GEOMETRIC_REPRESENTATION_CONTEXT(2) 
PARAMETRIC_REPRESENTATION_CONTEXT() REPRESENTATION_CONTEXT('2D SPACE',''
  ) );
#1977 = ORIENTED_EDGE('',*,*,#1978,.F.);
#1978 = EDGE_CURVE('',#1875,#1951,#1979,.T.);
#1979 = SURFACE_CURVE('',#1980,(#1984,#1991),.PCURVE_S1.);
#1980 = LINE('',#1981,#1982);
#1981 = CARTESIAN_POINT('',(17.82544489307,0.497710027281,0.));
#1982 = VECTOR('',#1983,1.);
#1983 = DIRECTION('',(0.988178941736,-0.153304856774,0.));
#1984 = PCURVE('',#1890,#1985);
#1985 = DEFINITIONAL_REPRESENTATION('',(#1986),#1990);
#1986 = LINE('',#1987,#1988);
#1987 = CARTESIAN_POINT('',(0.,0.));
#1988 = VECTOR('',#1989,1.);
#1989 = DIRECTION('',(1.,0.));
#1990 = ( GEOMETRIC_REPRESENTATION_CONTEXT(2) 
PARAMETRIC_REPRESENTATION_CONTEXT() REPRESENTATION_CONTEXT('2D SPACE',''
  ) );
#1991 = PCURVE('',#129,#1992);
#1992 = DEFINITIONAL_REPRESENTATION('',(#1993),#1997);
#1993 = LINE('',#1994,#1995);
#1994 = CARTESIAN_POINT('',(-8.236849383593,-25.57066884271));
#1995 = VECTOR('',#1996,1.);
#1996 = DIRECTION('',(0.988178941736,-0.153304856774));
#1997 = ( GEOMETRIC_REPRESENTATION_CONTEXT(2) 
PARAMETRIC_REPRESENTATION_CONTEXT() REPRESENTATION_CONTEXT('2D SPACE',''
  ) );
#1998 = ADVANCED_FACE('',(#1999),#1966,.F.);
#1999 = FACE_BOUND('',#2000,.F.);
#2000 = EDGE_LOOP('',(#2001,#2002,#2025,#2053));
#2001 = ORIENTED_EDGE('',*,*,#1950,.T.);
#2002 = ORIENTED_EDGE('',*,*,#2003,.T.);
#2003 = EDGE_CURVE('',#1928,#2004,#2006,.T.);
#2004 = VERTEX_POINT('',#2005);
#2005 = CARTESIAN_POINT('',(22.241741083246,-0.295835132947,2.));
#2006 = SURFACE_CURVE('',#2007,(#2011,#2018),.PCURVE_S1.);
#2007 = LINE('',#2008,#2009);
#2008 = CARTESIAN_POINT('',(20.043068391988,0.153670665055,2.));
#2009 = VECTOR('',#2010,1.);
#2010 = DIRECTION('',(0.979734411332,-0.200300981655,0.));
#2011 = PCURVE('',#1966,#2012);
#2012 = DEFINITIONAL_REPRESENTATION('',(#2013),#2017);
#2013 = LINE('',#2014,#2015);
#2014 = CARTESIAN_POINT('',(0.,-2.));
#2015 = VECTOR('',#2016,1.);
#2016 = DIRECTION('',(1.,0.));
#2017 = ( GEOMETRIC_REPRESENTATION_CONTEXT(2) 
PARAMETRIC_REPRESENTATION_CONTEXT() REPRESENTATION_CONTEXT('2D SPACE',''
  ) );
#2018 = PCURVE('',#75,#2019);
#2019 = DEFINITIONAL_REPRESENTATION('',(#2020),#2024);
#2020 = LINE('',#2021,#2022);
#2021 = CARTESIAN_POINT('',(-6.019225884674,-25.91470820494));
#2022 = VECTOR('',#2023,1.);
#2023 = DIRECTION('',(0.979734411332,-0.200300981655));
#2024 = ( GEOMETRIC_REPRESENTATION_CONTEXT(2) 
PARAMETRIC_REPRESENTATION_CONTEXT() REPRESENTATION_CONTEXT('2D SPACE',''
  ) );
#2025 = ORIENTED_EDGE('',*,*,#2026,.F.);
#2026 = EDGE_CURVE('',#2027,#2004,#2029,.T.);
#2027 = VERTEX_POINT('',#2028);
#2028 = CARTESIAN_POINT('',(22.241741083246,-0.295835132947,0.));
#2029 = SURFACE_CURVE('',#2030,(#2034,#2041),.PCURVE_S1.);
#2030 = LINE('',#2031,#2032);
#2031 = CARTESIAN_POINT('',(22.241741083246,-0.295835132947,0.));
#2032 = VECTOR('',#2033,1.);
#2033 = DIRECTION('',(0.,0.,1.));
#2034 = PCURVE('',#1966,#2035);
#2035 = DEFINITIONAL_REPRESENTATION('',(#2036),#2040);
#2036 = LINE('',#2037,#2038);
#2037 = CARTESIAN_POINT('',(2.24415174748,0.));
#2038 = VECTOR('',#2039,1.);
#2039 = DIRECTION('',(0.,-1.));
#2040 = ( GEOMETRIC_REPRESENTATION_CONTEXT(2) 
PARAMETRIC_REPRESENTATION_CONTEXT() REPRESENTATION_CONTEXT('2D SPACE',''
  ) );
#2041 = PCURVE('',#2042,#2047);
#2042 = PLANE('',#2043);
#2043 = AXIS2_PLACEMENT_3D('',#2044,#2045,#2046);
#2044 = CARTESIAN_POINT('',(22.241741083246,-0.295835132947,0.));
#2045 = DIRECTION('',(0.246840431145,0.969056139526,-0.));
#2046 = DIRECTION('',(0.969056139526,-0.246840431145,0.));
#2047 = DEFINITIONAL_REPRESENTATION('',(#2048),#2052);
#2048 = LINE('',#2049,#2050);
#2049 = CARTESIAN_POINT('',(0.,0.));
#2050 = VECTOR('',#2051,1.);
#2051 = DIRECTION('',(0.,-1.));
#2052 = ( GEOMETRIC_REPRESENTATION_CONTEXT(2) 
PARAMETRIC_REPRESENTATION_CONTEXT() REPRESENTATION_CONTEXT('2D SPACE',''
  ) );
#2053 = ORIENTED_EDGE('',*,*,#2054,.F.);
#2054 = EDGE_CURVE('',#1951,#2027,#2055,.T.);
#2055 = SURFACE_CURVE('',#2056,(#2060,#2067),.PCURVE_S1.);
#2056 = LINE('',#2057,#2058);
#2057 = CARTESIAN_POINT('',(20.043068391988,0.153670665055,0.));
#2058 = VECTOR('',#2059,1.);
#2059 = DIRECTION('',(0.979734411332,-0.200300981655,0.));
#2060 = PCURVE('',#1966,#2061);
#2061 = DEFINITIONAL_REPRESENTATION('',(#2062),#2066);
#2062 = LINE('',#2063,#2064);
#2063 = CARTESIAN_POINT('',(0.,0.));
#2064 = VECTOR('',#2065,1.);
#2065 = DIRECTION('',(1.,0.));
#2066 = ( GEOMETRIC_REPRESENTATION_CONTEXT(2) 
PARAMETRIC_REPRESENTATION_CONTEXT() REPRESENTATION_CONTEXT('2D SPACE',''
  ) );
#2067 = PCURVE('',#129,#2068);
#2068 = DEFINITIONAL_REPRESENTATION('',(#2069),#2073);
#2069 = LINE('',#2070,#2071);
#2070 = CARTESIAN_POINT('',(-6.019225884674,-25.91470820494));
#2071 = VECTOR('',#2072,1.);
#2072 = DIRECTION('',(0.979734411332,-0.200300981655));
#2073 = ( GEOMETRIC_REPRESENTATION_CONTEXT(2) 
PARAMETRIC_REPRESENTATION_CONTEXT() REPRESENTATION_CONTEXT('2D SPACE',''
  ) );
#2074 = ADVANCED_FACE('',(#2075),#2042,.F.);
#2075 = FACE_BOUND('',#2076,.F.);
#2076 = EDGE_LOOP('',(#2077,#2078,#2101,#2129));
#2077 = ORIENTED_EDGE('',*,*,#2026,.T.);
#2078 = ORIENTED_EDGE('',*,*,#2079,.T.);
#2079 = EDGE_CURVE('',#2004,#2080,#2082,.T.);
#2080 = VERTEX_POINT('',#2081);
#2081 = CARTESIAN_POINT('',(24.416450112168,-0.849782517849,2.));
#2082 = SURFACE_CURVE('',#2083,(#2087,#2094),.PCURVE_S1.);
#2083 = LINE('',#2084,#2085);
#2084 = CARTESIAN_POINT('',(22.241741083246,-0.295835132947,2.));
#2085 = VECTOR('',#2086,1.);
#2086 = DIRECTION('',(0.969056139526,-0.246840431145,0.));
#2087 = PCURVE('',#2042,#2088);
#2088 = DEFINITIONAL_REPRESENTATION('',(#2089),#2093);
#2089 = LINE('',#2090,#2091);
#2090 = CARTESIAN_POINT('',(0.,-2.));
#2091 = VECTOR('',#2092,1.);
#2092 = DIRECTION('',(1.,0.));
#2093 = ( GEOMETRIC_REPRESENTATION_CONTEXT(2) 
PARAMETRIC_REPRESENTATION_CONTEXT() REPRESENTATION_CONTEXT('2D SPACE',''
  ) );
#2094 = PCURVE('',#75,#2095);
#2095 = DEFINITIONAL_REPRESENTATION('',(#2096),#2100);
#2096 = LINE('',#2097,#2098);
#2097 = CARTESIAN_POINT('',(-3.820553193417,-26.36421400294));
#2098 = VECTOR('',#2099,1.);
#2099 = DIRECTION('',(0.969056139526,-0.246840431145));
#2100 = ( GEOMETRIC_REPRESENTATION_CONTEXT(2) 
PARAMETRIC_REPRESENTATION_CONTEXT() REPRESENTATION_CONTEXT('2D SPACE',''
  ) );
#2101 = ORIENTED_EDGE('',*,*,#2102,.F.);
#2102 = EDGE_CURVE('',#2103,#2080,#2105,.T.);
#2103 = VERTEX_POINT('',#2104);
#2104 = CARTESIAN_POINT('',(24.416450112168,-0.849782517849,0.));
#2105 = SURFACE_CURVE('',#2106,(#2110,#2117),.PCURVE_S1.);
#2106 = LINE('',#2107,#2108);
#2107 = CARTESIAN_POINT('',(24.416450112168,-0.849782517849,0.));
#2108 = VECTOR('',#2109,1.);
#2109 = DIRECTION('',(0.,0.,1.));
#2110 = PCURVE('',#2042,#2111);
#2111 = DEFINITIONAL_REPRESENTATION('',(#2112),#2116);
#2112 = LINE('',#2113,#2114);
#2113 = CARTESIAN_POINT('',(2.24415174748,0.));
#2114 = VECTOR('',#2115,1.);
#2115 = DIRECTION('',(0.,-1.));
#2116 = ( GEOMETRIC_REPRESENTATION_CONTEXT(2) 
PARAMETRIC_REPRESENTATION_CONTEXT() REPRESENTATION_CONTEXT('2D SPACE',''
  ) );
#2117 = PCURVE('',#2118,#2123);
#2118 = PLANE('',#2119);
#2119 = AXIS2_PLACEMENT_3D('',#2120,#2121,#2122);
#2120 = CARTESIAN_POINT('',(24.416450112168,-0.849782517849,0.));
#2121 = DIRECTION('',(0.292817097818,0.956168472198,-0.));
#2122 = DIRECTION('',(0.956168472198,-0.292817097818,0.));
#2123 = DEFINITIONAL_REPRESENTATION('',(#2124),#2128);
#2124 = LINE('',#2125,#2126);
#2125 = CARTESIAN_POINT('',(0.,0.));
#2126 = VECTOR('',#2127,1.);
#2127 = DIRECTION('',(0.,-1.));
#2128 = ( GEOMETRIC_REPRESENTATION_CONTEXT(2) 
PARAMETRIC_REPRESENTATION_CONTEXT() REPRESENTATION_CONTEXT('2D SPACE',''
  ) );
#2129 = ORIENTED_EDGE('',*,*,#2130,.F.);
#2130 = EDGE_CURVE('',#2027,#2103,#2131,.T.);
#2131 = SURFACE_CURVE('',#2132,(#2136,#2143),.PCURVE_S1.);
#2132 = LINE('',#2133,#2134);
#2133 = CARTESIAN_POINT('',(22.241741083246,-0.295835132947,0.));
#2134 = VECTOR('',#2135,1.);
#2135 = DIRECTION('',(0.969056139526,-0.246840431145,0.));
#2136 = PCURVE('',#2042,#2137);
#2137 = DEFINITIONAL_REPRESENTATION('',(#2138),#2142);
#2138 = LINE('',#2139,#2140);
#2139 = CARTESIAN_POINT('',(0.,0.));
#2140 = VECTOR('',#2141,1.);
#2141 = DIRECTION('',(1.,0.));
#2142 = ( GEOMETRIC_REPRESENTATION_CONTEXT(2) 
PARAMETRIC_REPRESENTATION_CONTEXT() REPRESENTATION_CONTEXT('2D SPACE',''
  ) );
#2143 = PCURVE('',#129,#2144);
#2144 = DEFINITIONAL_REPRESENTATION('',(#2145),#2149);
#2145 = LINE('',#2146,#2147);
#2146 = CARTESIAN_POINT('',(-3.820553193417,-26.36421400294));
#2147 = VECTOR('',#2148,1.);
#2148 = DIRECTION('',(0.969056139526,-0.246840431145));
#2149 = ( GEOMETRIC_REPRESENTATION_CONTEXT(2) 
PARAMETRIC_REPRESENTATION_CONTEXT() REPRESENTATION_CONTEXT('2D SPACE',''
  ) );
#2150 = ADVANCED_FACE('',(#2151),#2118,.F.);
#2151 = FACE_BOUND('',#2152,.F.);
#2152 = EDGE_LOOP('',(#2153,#2154,#2177,#2205));
#2153 = ORIENTED_EDGE('',*,*,#2102,.T.);
#2154 = ORIENTED_EDGE('',*,*,#2155,.T.);
#2155 = EDGE_CURVE('',#2080,#2156,#2158,.T.);
#2156 = VERTEX_POINT('',#2157);
#2157 = CARTESIAN_POINT('',(26.562237259937,-1.506908519611,2.));
#2158 = SURFACE_CURVE('',#2159,(#2163,#2170),.PCURVE_S1.);
#2159 = LINE('',#2160,#2161);
#2160 = CARTESIAN_POINT('',(24.416450112168,-0.849782517849,2.));
#2161 = VECTOR('',#2162,1.);
#2162 = DIRECTION('',(0.956168472198,-0.292817097818,0.));
#2163 = PCURVE('',#2118,#2164);
#2164 = DEFINITIONAL_REPRESENTATION('',(#2165),#2169);
#2165 = LINE('',#2166,#2167);
#2166 = CARTESIAN_POINT('',(0.,-2.));
#2167 = VECTOR('',#2168,1.);
#2168 = DIRECTION('',(1.,0.));
#2169 = ( GEOMETRIC_REPRESENTATION_CONTEXT(2) 
PARAMETRIC_REPRESENTATION_CONTEXT() REPRESENTATION_CONTEXT('2D SPACE',''
  ) );
#2170 = PCURVE('',#75,#2171);
#2171 = DEFINITIONAL_REPRESENTATION('',(#2172),#2176);
#2172 = LINE('',#2173,#2174);
#2173 = CARTESIAN_POINT('',(-1.645844164494,-26.91816138784));
#2174 = VECTOR('',#2175,1.);
#2175 = DIRECTION('',(0.956168472198,-0.292817097818));
#2176 = ( GEOMETRIC_REPRESENTATION_CONTEXT(2) 
PARAMETRIC_REPRESENTATION_CONTEXT() REPRESENTATION_CONTEXT('2D SPACE',''
  ) );
#2177 = ORIENTED_EDGE('',*,*,#2178,.F.);
#2178 = EDGE_CURVE('',#2179,#2156,#2181,.T.);
#2179 = VERTEX_POINT('',#2180);
#2180 = CARTESIAN_POINT('',(26.562237259937,-1.506908519611,0.));
#2181 = SURFACE_CURVE('',#2182,(#2186,#2193),.PCURVE_S1.);
#2182 = LINE('',#2183,#2184);
#2183 = CARTESIAN_POINT('',(26.562237259937,-1.506908519611,0.));
#2184 = VECTOR('',#2185,1.);
#2185 = DIRECTION('',(0.,0.,1.));
#2186 = PCURVE('',#2118,#2187);
#2187 = DEFINITIONAL_REPRESENTATION('',(#2188),#2192);
#2188 = LINE('',#2189,#2190);
#2189 = CARTESIAN_POINT('',(2.24415174748,0.));
#2190 = VECTOR('',#2191,1.);
#2191 = DIRECTION('',(0.,-1.));
#2192 = ( GEOMETRIC_REPRESENTATION_CONTEXT(2) 
PARAMETRIC_REPRESENTATION_CONTEXT() REPRESENTATION_CONTEXT('2D SPACE',''
  ) );
#2193 = PCURVE('',#2194,#2199);
#2194 = PLANE('',#2195);
#2195 = AXIS2_PLACEMENT_3D('',#2196,#2197,#2198);
#2196 = CARTESIAN_POINT('',(26.562237259937,-1.506908519611,0.));
#2197 = DIRECTION('',(0.338126157366,0.941100792532,-0.));
#2198 = DIRECTION('',(0.941100792532,-0.338126157366,0.));
#2199 = DEFINITIONAL_REPRESENTATION('',(#2200),#2204);
#2200 = LINE('',#2201,#2202);
#2201 = CARTESIAN_POINT('',(0.,0.));
#2202 = VECTOR('',#2203,1.);
#2203 = DIRECTION('',(0.,-1.));
#2204 = ( GEOMETRIC_REPRESENTATION_CONTEXT(2) 
PARAMETRIC_REPRESENTATION_CONTEXT() REPRESENTATION_CONTEXT('2D SPACE',''
  ) );
#2205 = ORIENTED_EDGE('',*,*,#2206,.F.);
#2206 = EDGE_CURVE('',#2103,#2179,#2207,.T.);
#2207 = SURFACE_CURVE('',#2208,(#2212,#2219),.PCURVE_S1.);
#2208 = LINE('',#2209,#2210);
#2209 = CARTESIAN_POINT('',(24.416450112168,-0.849782517849,0.));
#2210 = VECTOR('',#2211,1.);
#2211 = DIRECTION('',(0.956168472198,-0.292817097818,0.));
#2212 = PCURVE('',#2118,#2213);
#2213 = DEFINITIONAL_REPRESENTATION('',(#2214),#2218);
#2214 = LINE('',#2215,#2216);
#2215 = CARTESIAN_POINT('',(0.,0.));
#2216 = VECTOR('',#2217,1.);
#2217 = DIRECTION('',(1.,0.));
#2218 = ( GEOMETRIC_REPRESENTATION_CONTEXT(2) 
PARAMETRIC_REPRESENTATION_CONTEXT() REPRESENTATION_CONTEXT('2D SPACE',''
  ) );
#2219 = PCURVE('',#129,#2220);
#2220 = DEFINITIONAL_REPRESENTATION('',(#2221),#2225);
#2221 = LINE('',#2222,#2223);
#2222 = CARTESIAN_POINT('',(-1.645844164494,-26.91816138784));
#2223 = VECTOR('',#2224,1.);
#2224 = DIRECTION('',(0.956168472198,-0.292817097818));
#2225 = ( GEOMETRIC_REPRESENTATION_CONTEXT(2) 
PARAMETRIC_REPRESENTATION_CONTEXT() REPRESENTATION_CONTEXT('2D SPACE',''
  ) );
#2226 = ADVANCED_FACE('',(#2227),#2194,.F.);
#2227 = FACE_BOUND('',#2228,.F.);
#2228 = EDGE_LOOP('',(#2229,#2230,#2253,#2281));
#2229 = ORIENTED_EDGE('',*,*,#2178,.T.);
#2230 = ORIENTED_EDGE('',*,*,#2231,.T.);
#2231 = EDGE_CURVE('',#2156,#2232,#2234,.T.);
#2232 = VERTEX_POINT('',#2233);
#2233 = CARTESIAN_POINT('',(28.674210248053,-2.265714926532,2.));
#2234 = SURFACE_CURVE('',#2235,(#2239,#2246),.PCURVE_S1.);
#2235 = LINE('',#2236,#2237);
#2236 = CARTESIAN_POINT('',(26.562237259937,-1.506908519611,2.));
#2237 = VECTOR('',#2238,1.);
#2238 = DIRECTION('',(0.941100792532,-0.338126157366,0.));
#2239 = PCURVE('',#2194,#2240);
#2240 = DEFINITIONAL_REPRESENTATION('',(#2241),#2245);
#2241 = LINE('',#2242,#2243);
#2242 = CARTESIAN_POINT('',(0.,-2.));
#2243 = VECTOR('',#2244,1.);
#2244 = DIRECTION('',(1.,0.));
#2245 = ( GEOMETRIC_REPRESENTATION_CONTEXT(2) 
PARAMETRIC_REPRESENTATION_CONTEXT() REPRESENTATION_CONTEXT('2D SPACE',''
  ) );
#2246 = PCURVE('',#75,#2247);
#2247 = DEFINITIONAL_REPRESENTATION('',(#2248),#2252);
#2248 = LINE('',#2249,#2250);
#2249 = CARTESIAN_POINT('',(0.499942983274,-27.5752873896));
#2250 = VECTOR('',#2251,1.);
#2251 = DIRECTION('',(0.941100792532,-0.338126157366));
#2252 = ( GEOMETRIC_REPRESENTATION_CONTEXT(2) 
PARAMETRIC_REPRESENTATION_CONTEXT() REPRESENTATION_CONTEXT('2D SPACE',''
  ) );
#2253 = ORIENTED_EDGE('',*,*,#2254,.F.);
#2254 = EDGE_CURVE('',#2255,#2232,#2257,.T.);
#2255 = VERTEX_POINT('',#2256);
#2256 = CARTESIAN_POINT('',(28.674210248053,-2.265714926532,0.));
#2257 = SURFACE_CURVE('',#2258,(#2262,#2269),.PCURVE_S1.);
#2258 = LINE('',#2259,#2260);
#2259 = CARTESIAN_POINT('',(28.674210248053,-2.265714926532,0.));
#2260 = VECTOR('',#2261,1.);
#2261 = DIRECTION('',(0.,0.,1.));
#2262 = PCURVE('',#2194,#2263);
#2263 = DEFINITIONAL_REPRESENTATION('',(#2264),#2268);
#2264 = LINE('',#2265,#2266);
#2265 = CARTESIAN_POINT('',(2.24415174748,0.));
#2266 = VECTOR('',#2267,1.);
#2267 = DIRECTION('',(0.,-1.));
#2268 = ( GEOMETRIC_REPRESENTATION_CONTEXT(2) 
PARAMETRIC_REPRESENTATION_CONTEXT() REPRESENTATION_CONTEXT('2D SPACE',''
  ) );
#2269 = PCURVE('',#2270,#2275);
#2270 = PLANE('',#2271);
#2271 = AXIS2_PLACEMENT_3D('',#2272,#2273,#2274);
#2272 = CARTESIAN_POINT('',(28.674210248053,-2.265714926532,0.));
#2273 = DIRECTION('',(0.380889547489,0.924620545204,-0.));
#2274 = DIRECTION('',(0.924620545204,-0.380889547489,0.));
#2275 = DEFINITIONAL_REPRESENTATION('',(#2276),#2280);
#2276 = LINE('',#2277,#2278);
#2277 = CARTESIAN_POINT('',(0.,0.));
#2278 = VECTOR('',#2279,1.);
#2279 = DIRECTION('',(0.,-1.));
#2280 = ( GEOMETRIC_REPRESENTATION_CONTEXT(2) 
PARAMETRIC_REPRESENTATION_CONTEXT() REPRESENTATION_CONTEXT('2D SPACE',''
  ) );
#2281 = ORIENTED_EDGE('',*,*,#2282,.F.);
#2282 = EDGE_CURVE('',#2179,#2255,#2283,.T.);
#2283 = SURFACE_CURVE('',#2284,(#2288,#2295),.PCURVE_S1.);
#2284 = LINE('',#2285,#2286);
#2285 = CARTESIAN_POINT('',(26.562237259937,-1.506908519611,0.));
#2286 = VECTOR('',#2287,1.);
#2287 = DIRECTION('',(0.941100792532,-0.338126157366,0.));
#2288 = PCURVE('',#2194,#2289);
#2289 = DEFINITIONAL_REPRESENTATION('',(#2290),#2294);
#2290 = LINE('',#2291,#2292);
#2291 = CARTESIAN_POINT('',(0.,0.));
#2292 = VECTOR('',#2293,1.);
#2293 = DIRECTION('',(1.,0.));
#2294 = ( GEOMETRIC_REPRESENTATION_CONTEXT(2) 
PARAMETRIC_REPRESENTATION_CONTEXT() REPRESENTATION_CONTEXT('2D SPACE',''
  ) );
#2295 = PCURVE('',#129,#2296);
#2296 = DEFINITIONAL_REPRESENTATION('',(#2297),#2301);
#2297 = LINE('',#2298,#2299);
#2298 = CARTESIAN_POINT('',(0.499942983274,-27.5752873896));
#2299 = VECTOR('',#2300,1.);
#2300 = DIRECTION('',(0.941100792532,-0.338126157366));
#2301 = ( GEOMETRIC_REPRESENTATION_CONTEXT(2) 
PARAMETRIC_REPRESENTATION_CONTEXT() REPRESENTATION_CONTEXT('2D SPACE',''
  ) );
#2302 = ADVANCED_FACE('',(#2303),#2270,.F.);
#2303 = FACE_BOUND('',#2304,.F.);
#2304 = EDGE_LOOP('',(#2305,#2306,#2329,#2357));
#2305 = ORIENTED_EDGE('',*,*,#2254,.T.);
#2306 = ORIENTED_EDGE('',*,*,#2307,.T.);
#2307 = EDGE_CURVE('',#2232,#2308,#2310,.T.);
#2308 = VERTEX_POINT('',#2309);
#2309 = CARTESIAN_POINT('',(29.135512862707,-2.455744604179,2.));
#2310 = SURFACE_CURVE('',#2311,(#2315,#2322),.PCURVE_S1.);
#2311 = LINE('',#2312,#2313);
#2312 = CARTESIAN_POINT('',(28.674210248053,-2.265714926532,2.));
#2313 = VECTOR('',#2314,1.);
#2314 = DIRECTION('',(0.924620545204,-0.380889547489,0.));
#2315 = PCURVE('',#2270,#2316);
#2316 = DEFINITIONAL_REPRESENTATION('',(#2317),#2321);
#2317 = LINE('',#2318,#2319);
#2318 = CARTESIAN_POINT('',(0.,-2.));
#2319 = VECTOR('',#2320,1.);
#2320 = DIRECTION('',(1.,0.));
#2321 = ( GEOMETRIC_REPRESENTATION_CONTEXT(2) 
PARAMETRIC_REPRESENTATION_CONTEXT() REPRESENTATION_CONTEXT('2D SPACE',''
  ) );
#2322 = PCURVE('',#75,#2323);
#2323 = DEFINITIONAL_REPRESENTATION('',(#2324),#2328);
#2324 = LINE('',#2325,#2326);
#2325 = CARTESIAN_POINT('',(2.61191597139,-28.33409379652));
#2326 = VECTOR('',#2327,1.);
#2327 = DIRECTION('',(0.924620545204,-0.380889547489));
#2328 = ( GEOMETRIC_REPRESENTATION_CONTEXT(2) 
PARAMETRIC_REPRESENTATION_CONTEXT() REPRESENTATION_CONTEXT('2D SPACE',''
  ) );
#2329 = ORIENTED_EDGE('',*,*,#2330,.F.);
#2330 = EDGE_CURVE('',#2331,#2308,#2333,.T.);
#2331 = VERTEX_POINT('',#2332);
#2332 = CARTESIAN_POINT('',(29.135512862707,-2.455744604179,0.));
#2333 = SURFACE_CURVE('',#2334,(#2338,#2345),.PCURVE_S1.);
#2334 = LINE('',#2335,#2336);
#2335 = CARTESIAN_POINT('',(29.135512862707,-2.455744604179,0.));
#2336 = VECTOR('',#2337,1.);
#2337 = DIRECTION('',(0.,0.,1.));
#2338 = PCURVE('',#2270,#2339);
#2339 = DEFINITIONAL_REPRESENTATION('',(#2340),#2344);
#2340 = LINE('',#2341,#2342);
#2341 = CARTESIAN_POINT('',(0.498910192994,0.));
#2342 = VECTOR('',#2343,1.);
#2343 = DIRECTION('',(0.,-1.));
#2344 = ( GEOMETRIC_REPRESENTATION_CONTEXT(2) 
PARAMETRIC_REPRESENTATION_CONTEXT() REPRESENTATION_CONTEXT('2D SPACE',''
  ) );
#2345 = PCURVE('',#2346,#2351);
#2346 = PLANE('',#2347);
#2347 = AXIS2_PLACEMENT_3D('',#2348,#2349,#2350);
#2348 = CARTESIAN_POINT('',(29.135512862707,-2.455744604179,0.));
#2349 = DIRECTION('',(0.35919549426,0.933262340879,-0.));
#2350 = DIRECTION('',(0.933262340879,-0.35919549426,0.));
#2351 = DEFINITIONAL_REPRESENTATION('',(#2352),#2356);
#2352 = LINE('',#2353,#2354);
#2353 = CARTESIAN_POINT('',(0.,0.));
#2354 = VECTOR('',#2355,1.);
#2355 = DIRECTION('',(0.,-1.));
#2356 = ( GEOMETRIC_REPRESENTATION_CONTEXT(2) 
PARAMETRIC_REPRESENTATION_CONTEXT() REPRESENTATION_CONTEXT('2D SPACE',''
  ) );
#2357 = ORIENTED_EDGE('',*,*,#2358,.F.);
#2358 = EDGE_CURVE('',#2255,#2331,#2359,.T.);
#2359 = SURFACE_CURVE('',#2360,(#2364,#2371),.PCURVE_S1.);
#2360 = LINE('',#2361,#2362);
#2361 = CARTESIAN_POINT('',(28.674210248053,-2.265714926532,0.));
#2362 = VECTOR('',#2363,1.);
#2363 = DIRECTION('',(0.924620545204,-0.380889547489,0.));
#2364 = PCURVE('',#2270,#2365);
#2365 = DEFINITIONAL_REPRESENTATION('',(#2366),#2370);
#2366 = LINE('',#2367,#2368);
#2367 = CARTESIAN_POINT('',(0.,0.));
#2368 = VECTOR('',#2369,1.);
#2369 = DIRECTION('',(1.,0.));
#2370 = ( GEOMETRIC_REPRESENTATION_CONTEXT(2) 
PARAMETRIC_REPRESENTATION_CONTEXT() REPRESENTATION_CONTEXT('2D SPACE',''
  ) );
#2371 = PCURVE('',#129,#2372);
#2372 = DEFINITIONAL_REPRESENTATION('',(#2373),#2377);
#2373 = LINE('',#2374,#2375);
#2374 = CARTESIAN_POINT('',(2.61191597139,-28.33409379652));
#2375 = VECTOR('',#2376,1.);
#2376 = DIRECTION('',(0.924620545204,-0.380889547489));
#2377 = ( GEOMETRIC_REPRESENTATION_CONTEXT(2) 
PARAMETRIC_REPRESENTATION_CONTEXT() REPRESENTATION_CONTEXT('2D SPACE',''
  ) );
#2378 = ADVANCED_FACE('',(#2379),#2346,.F.);
#2379 = FACE_BOUND('',#2380,.F.);
#2380 = EDGE_LOOP('',(#2381,#2382,#2405,#2436));
#2381 = ORIENTED_EDGE('',*,*,#2330,.T.);
#2382 = ORIENTED_EDGE('',*,*,#2383,.T.);
#2383 = EDGE_CURVE('',#2308,#2384,#2386,.T.);
#2384 = VERTEX_POINT('',#2385);
#2385 = CARTESIAN_POINT('',(29.978316029709,-2.780124027707,2.));
#2386 = SURFACE_CURVE('',#2387,(#2391,#2398),.PCURVE_S1.);
#2387 = LINE('',#2388,#2389);
#2388 = CARTESIAN_POINT('',(29.135512862707,-2.455744604179,2.));
#2389 = VECTOR('',#2390,1.);
#2390 = DIRECTION('',(0.933262340879,-0.35919549426,0.));
#2391 = PCURVE('',#2346,#2392);
#2392 = DEFINITIONAL_REPRESENTATION('',(#2393),#2397);
#2393 = LINE('',#2394,#2395);
#2394 = CARTESIAN_POINT('',(0.,-2.));
#2395 = VECTOR('',#2396,1.);
#2396 = DIRECTION('',(1.,0.));
#2397 = ( GEOMETRIC_REPRESENTATION_CONTEXT(2) 
PARAMETRIC_REPRESENTATION_CONTEXT() REPRESENTATION_CONTEXT('2D SPACE',''
  ) );
#2398 = PCURVE('',#75,#2399);
#2399 = DEFINITIONAL_REPRESENTATION('',(#2400),#2404);
#2400 = LINE('',#2401,#2402);
#2401 = CARTESIAN_POINT('',(3.073218586045,-28.52412347417));
#2402 = VECTOR('',#2403,1.);
#2403 = DIRECTION('',(0.933262340879,-0.35919549426));
#2404 = ( GEOMETRIC_REPRESENTATION_CONTEXT(2) 
PARAMETRIC_REPRESENTATION_CONTEXT() REPRESENTATION_CONTEXT('2D SPACE',''
  ) );
#2405 = ORIENTED_EDGE('',*,*,#2406,.F.);
#2406 = EDGE_CURVE('',#2407,#2384,#2409,.T.);
#2407 = VERTEX_POINT('',#2408);
#2408 = CARTESIAN_POINT('',(29.978316029709,-2.780124027707,0.));
#2409 = SURFACE_CURVE('',#2410,(#2414,#2421),.PCURVE_S1.);
#2410 = LINE('',#2411,#2412);
#2411 = CARTESIAN_POINT('',(29.978316029709,-2.780124027707,0.));
#2412 = VECTOR('',#2413,1.);
#2413 = DIRECTION('',(0.,0.,1.));
#2414 = PCURVE('',#2346,#2415);
#2415 = DEFINITIONAL_REPRESENTATION('',(#2416),#2420);
#2416 = LINE('',#2417,#2418);
#2417 = CARTESIAN_POINT('',(0.903072083898,0.));
#2418 = VECTOR('',#2419,1.);
#2419 = DIRECTION('',(0.,-1.));
#2420 = ( GEOMETRIC_REPRESENTATION_CONTEXT(2) 
PARAMETRIC_REPRESENTATION_CONTEXT() REPRESENTATION_CONTEXT('2D SPACE',''
  ) );
#2421 = PCURVE('',#2422,#2430);
#2422 = SURFACE_OF_LINEAR_EXTRUSION('',#2423,#2428);
#2423 = B_SPLINE_CURVE_WITH_KNOTS('',3,(#2424,#2425,#2426,#2427),
  .UNSPECIFIED.,.F.,.F.,(4,4),(0.,1.),.PIECEWISE_BEZIER_KNOTS.);
#2424 = CARTESIAN_POINT('',(29.978316029709,-2.780124027707,0.));
#2425 = CARTESIAN_POINT('',(31.117803944893,-3.218052377262,0.));
#2426 = CARTESIAN_POINT('',(32.406350150924,-2.923621529969,0.));
#2427 = CARTESIAN_POINT('',(33.242552293845,-2.034251008551,0.));
#2428 = VECTOR('',#2429,1.);
#2429 = DIRECTION('',(-0.,-0.,-1.));
#2430 = DEFINITIONAL_REPRESENTATION('',(#2431),#2435);
#2431 = LINE('',#2432,#2433);
#2432 = CARTESIAN_POINT('',(0.,0.));
#2433 = VECTOR('',#2434,1.);
#2434 = DIRECTION('',(0.,-1.));
#2435 = ( GEOMETRIC_REPRESENTATION_CONTEXT(2) 
PARAMETRIC_REPRESENTATION_CONTEXT() REPRESENTATION_CONTEXT('2D SPACE',''
  ) );
#2436 = ORIENTED_EDGE('',*,*,#2437,.F.);
#2437 = EDGE_CURVE('',#2331,#2407,#2438,.T.);
#2438 = SURFACE_CURVE('',#2439,(#2443,#2450),.PCURVE_S1.);
#2439 = LINE('',#2440,#2441);
#2440 = CARTESIAN_POINT('',(29.135512862707,-2.455744604179,0.));
#2441 = VECTOR('',#2442,1.);
#2442 = DIRECTION('',(0.933262340879,-0.35919549426,0.));
#2443 = PCURVE('',#2346,#2444);
#2444 = DEFINITIONAL_REPRESENTATION('',(#2445),#2449);
#2445 = LINE('',#2446,#2447);
#2446 = CARTESIAN_POINT('',(0.,0.));
#2447 = VECTOR('',#2448,1.);
#2448 = DIRECTION('',(1.,0.));
#2449 = ( GEOMETRIC_REPRESENTATION_CONTEXT(2) 
PARAMETRIC_REPRESENTATION_CONTEXT() REPRESENTATION_CONTEXT('2D SPACE',''
  ) );
#2450 = PCURVE('',#129,#2451);
#2451 = DEFINITIONAL_REPRESENTATION('',(#2452),#2456);
#2452 = LINE('',#2453,#2454);
#2453 = CARTESIAN_POINT('',(3.073218586045,-28.52412347417));
#2454 = VECTOR('',#2455,1.);
#2455 = DIRECTION('',(0.933262340879,-0.35919549426));
#2456 = ( GEOMETRIC_REPRESENTATION_CONTEXT(2) 
PARAMETRIC_REPRESENTATION_CONTEXT() REPRESENTATION_CONTEXT('2D SPACE',''
  ) );
#2457 = ADVANCED_FACE('',(#2458),#2422,.F.);
#2458 = FACE_BOUND('',#2459,.F.);
#2459 = EDGE_LOOP('',(#2460,#2461,#2486,#2514));
#2460 = ORIENTED_EDGE('',*,*,#2406,.T.);
#2461 = ORIENTED_EDGE('',*,*,#2462,.T.);
#2462 = EDGE_CURVE('',#2384,#2463,#2465,.T.);
#2463 = VERTEX_POINT('',#2464);
#2464 = CARTESIAN_POINT('',(33.242552293845,-2.034251008551,2.));
#2465 = SURFACE_CURVE('',#2466,(#2471,#2478),.PCURVE_S1.);
#2466 = B_SPLINE_CURVE_WITH_KNOTS('',3,(#2467,#2468,#2469,#2470),
  .UNSPECIFIED.,.F.,.F.,(4,4),(0.,1.),.PIECEWISE_BEZIER_KNOTS.);
#2467 = CARTESIAN_POINT('',(29.978316029709,-2.780124027707,2.));
#2468 = CARTESIAN_POINT('',(31.117803944893,-3.218052377262,2.));
#2469 = CARTESIAN_POINT('',(32.406350150924,-2.923621529969,2.));
#2470 = CARTESIAN_POINT('',(33.242552293845,-2.034251008551,2.));
#2471 = PCURVE('',#2422,#2472);
#2472 = DEFINITIONAL_REPRESENTATION('',(#2473),#2477);
#2473 = LINE('',#2474,#2475);
#2474 = CARTESIAN_POINT('',(0.,-2.));
#2475 = VECTOR('',#2476,1.);
#2476 = DIRECTION('',(1.,0.));
#2477 = ( GEOMETRIC_REPRESENTATION_CONTEXT(2) 
PARAMETRIC_REPRESENTATION_CONTEXT() REPRESENTATION_CONTEXT('2D SPACE',''
  ) );
#2478 = PCURVE('',#75,#2479);
#2479 = DEFINITIONAL_REPRESENTATION('',(#2480),#2485);
#2480 = B_SPLINE_CURVE_WITH_KNOTS('',3,(#2481,#2482,#2483,#2484),
  .UNSPECIFIED.,.F.,.F.,(4,4),(0.,1.),.PIECEWISE_BEZIER_KNOTS.);
#2481 = CARTESIAN_POINT('',(3.916021753047,-28.8485028977));
#2482 = CARTESIAN_POINT('',(5.055509668231,-29.28643124725));
#2483 = CARTESIAN_POINT('',(6.344055874261,-28.99200039996));
#2484 = CARTESIAN_POINT('',(7.180258017183,-28.10262987854));
#2485 = ( GEOMETRIC_REPRESENTATION_CONTEXT(2) 
PARAMETRIC_REPRESENTATION_CONTEXT() REPRESENTATION_CONTEXT('2D SPACE',''
  ) );
#2486 = ORIENTED_EDGE('',*,*,#2487,.F.);
#2487 = EDGE_CURVE('',#2488,#2463,#2490,.T.);
#2488 = VERTEX_POINT('',#2489);
#2489 = CARTESIAN_POINT('',(33.242552293845,-2.034251008551,0.));
#2490 = SURFACE_CURVE('',#2491,(#2495,#2502),.PCURVE_S1.);
#2491 = LINE('',#2492,#2493);
#2492 = CARTESIAN_POINT('',(33.242552293845,-2.034251008551,0.));
#2493 = VECTOR('',#2494,1.);
#2494 = DIRECTION('',(0.,0.,1.));
#2495 = PCURVE('',#2422,#2496);
#2496 = DEFINITIONAL_REPRESENTATION('',(#2497),#2501);
#2497 = LINE('',#2498,#2499);
#2498 = CARTESIAN_POINT('',(1.,0.));
#2499 = VECTOR('',#2500,1.);
#2500 = DIRECTION('',(0.,-1.));
#2501 = ( GEOMETRIC_REPRESENTATION_CONTEXT(2) 
PARAMETRIC_REPRESENTATION_CONTEXT() REPRESENTATION_CONTEXT('2D SPACE',''
  ) );
#2502 = PCURVE('',#2503,#2508);
#2503 = PLANE('',#2504);
#2504 = AXIS2_PLACEMENT_3D('',#2505,#2506,#2507);
#2505 = CARTESIAN_POINT('',(33.242552293845,-2.034251008551,0.));
#2506 = DIRECTION('',(-0.728883260452,0.68463800116,0.));
#2507 = DIRECTION('',(0.68463800116,0.728883260452,0.));
#2508 = DEFINITIONAL_REPRESENTATION('',(#2509),#2513);
#2509 = LINE('',#2510,#2511);
#2510 = CARTESIAN_POINT('',(0.,0.));
#2511 = VECTOR('',#2512,1.);
#2512 = DIRECTION('',(0.,-1.));
#2513 = ( GEOMETRIC_REPRESENTATION_CONTEXT(2) 
PARAMETRIC_REPRESENTATION_CONTEXT() REPRESENTATION_CONTEXT('2D SPACE',''
  ) );
#2514 = ORIENTED_EDGE('',*,*,#2515,.F.);
#2515 = EDGE_CURVE('',#2407,#2488,#2516,.T.);
#2516 = SURFACE_CURVE('',#2517,(#2522,#2529),.PCURVE_S1.);
#2517 = B_SPLINE_CURVE_WITH_KNOTS('',3,(#2518,#2519,#2520,#2521),
  .UNSPECIFIED.,.F.,.F.,(4,4),(0.,1.),.PIECEWISE_BEZIER_KNOTS.);
#2518 = CARTESIAN_POINT('',(29.978316029709,-2.780124027707,0.));
#2519 = CARTESIAN_POINT('',(31.117803944893,-3.218052377262,0.));
#2520 = CARTESIAN_POINT('',(32.406350150924,-2.923621529969,0.));
#2521 = CARTESIAN_POINT('',(33.242552293845,-2.034251008551,0.));
#2522 = PCURVE('',#2422,#2523);
#2523 = DEFINITIONAL_REPRESENTATION('',(#2524),#2528);
#2524 = LINE('',#2525,#2526);
#2525 = CARTESIAN_POINT('',(0.,0.));
#2526 = VECTOR('',#2527,1.);
#2527 = DIRECTION('',(1.,0.));
#2528 = ( GEOMETRIC_REPRESENTATION_CONTEXT(2) 
PARAMETRIC_REPRESENTATION_CONTEXT() REPRESENTATION_CONTEXT('2D SPACE',''
  ) );
#2529 = PCURVE('',#129,#2530);
#2530 = DEFINITIONAL_REPRESENTATION('',(#2531),#2536);
#2531 = B_SPLINE_CURVE_WITH_KNOTS('',3,(#2532,#2533,#2534,#2535),
  .UNSPECIFIED.,.F.,.F.,(4,4),(0.,1.),.PIECEWISE_BEZIER_KNOTS.);
#2532 = CARTESIAN_POINT('',(3.916021753047,-28.8485028977));
#2533 = CARTESIAN_POINT('',(5.055509668231,-29.28643124725));
#2534 = CARTESIAN_POINT('',(6.344055874261,-28.99200039996));
#2535 = CARTESIAN_POINT('',(7.180258017183,-28.10262987854));
#2536 = ( GEOMETRIC_REPRESENTATION_CONTEXT(2) 
PARAMETRIC_REPRESENTATION_CONTEXT() REPRESENTATION_CONTEXT('2D SPACE',''
  ) );
#2537 = ADVANCED_FACE('',(#2538),#2503,.F.);
#2538 = FACE_BOUND('',#2539,.F.);
#2539 = EDGE_LOOP('',(#2540,#2541,#2564,#2596));
#2540 = ORIENTED_EDGE('',*,*,#2487,.T.);
#2541 = ORIENTED_EDGE('',*,*,#2542,.T.);
#2542 = EDGE_CURVE('',#2463,#2543,#2545,.T.);
#2543 = VERTEX_POINT('',#2544);
#2544 = CARTESIAN_POINT('',(33.765791708185,-1.477196843174,2.));
#2545 = SURFACE_CURVE('',#2546,(#2550,#2557),.PCURVE_S1.);
#2546 = LINE('',#2547,#2548);
#2547 = CARTESIAN_POINT('',(33.242552293845,-2.034251008551,2.));
#2548 = VECTOR('',#2549,1.);
#2549 = DIRECTION('',(0.68463800116,0.728883260452,0.));
#2550 = PCURVE('',#2503,#2551);
#2551 = DEFINITIONAL_REPRESENTATION('',(#2552),#2556);
#2552 = LINE('',#2553,#2554);
#2553 = CARTESIAN_POINT('',(0.,-2.));
#2554 = VECTOR('',#2555,1.);
#2555 = DIRECTION('',(1.,0.));
#2556 = ( GEOMETRIC_REPRESENTATION_CONTEXT(2) 
PARAMETRIC_REPRESENTATION_CONTEXT() REPRESENTATION_CONTEXT('2D SPACE',''
  ) );
#2557 = PCURVE('',#75,#2558);
#2558 = DEFINITIONAL_REPRESENTATION('',(#2559),#2563);
#2559 = LINE('',#2560,#2561);
#2560 = CARTESIAN_POINT('',(7.180258017183,-28.10262987854));
#2561 = VECTOR('',#2562,1.);
#2562 = DIRECTION('',(0.68463800116,0.728883260452));
#2563 = ( GEOMETRIC_REPRESENTATION_CONTEXT(2) 
PARAMETRIC_REPRESENTATION_CONTEXT() REPRESENTATION_CONTEXT('2D SPACE',''
  ) );
#2564 = ORIENTED_EDGE('',*,*,#2565,.F.);
#2565 = EDGE_CURVE('',#2566,#2543,#2568,.T.);
#2566 = VERTEX_POINT('',#2567);
#2567 = CARTESIAN_POINT('',(33.765791708185,-1.477196843174,0.));
#2568 = SURFACE_CURVE('',#2569,(#2573,#2580),.PCURVE_S1.);
#2569 = LINE('',#2570,#2571);
#2570 = CARTESIAN_POINT('',(33.765791708185,-1.477196843174,0.));
#2571 = VECTOR('',#2572,1.);
#2572 = DIRECTION('',(0.,0.,1.));
#2573 = PCURVE('',#2503,#2574);
#2574 = DEFINITIONAL_REPRESENTATION('',(#2575),#2579);
#2575 = LINE('',#2576,#2577);
#2576 = CARTESIAN_POINT('',(0.76425704307,0.));
#2577 = VECTOR('',#2578,1.);
#2578 = DIRECTION('',(0.,-1.));
#2579 = ( GEOMETRIC_REPRESENTATION_CONTEXT(2) 
PARAMETRIC_REPRESENTATION_CONTEXT() REPRESENTATION_CONTEXT('2D SPACE',''
  ) );
#2580 = PCURVE('',#2581,#2590);
#2581 = SURFACE_OF_LINEAR_EXTRUSION('',#2582,#2588);
#2582 = B_SPLINE_CURVE_WITH_KNOTS('',4,(#2583,#2584,#2585,#2586,#2587),
  .UNSPECIFIED.,.F.,.F.,(5,5),(0.,1.),.PIECEWISE_BEZIER_KNOTS.);
#2583 = CARTESIAN_POINT('',(33.765791708185,-1.477196843174,0.));
#2584 = CARTESIAN_POINT('',(35.806780478803,0.828797886356,0.));
#2585 = CARTESIAN_POINT('',(37.212025590213,2.85757423994,0.));
#2586 = CARTESIAN_POINT('',(39.21263608183,5.765852715694,0.));
#2587 = CARTESIAN_POINT('',(39.427844514035,8.578258880271,0.));
#2588 = VECTOR('',#2589,1.);
#2589 = DIRECTION('',(-0.,-0.,-1.));
#2590 = DEFINITIONAL_REPRESENTATION('',(#2591),#2595);
#2591 = LINE('',#2592,#2593);
#2592 = CARTESIAN_POINT('',(0.,0.));
#2593 = VECTOR('',#2594,1.);
#2594 = DIRECTION('',(0.,-1.));
#2595 = ( GEOMETRIC_REPRESENTATION_CONTEXT(2) 
PARAMETRIC_REPRESENTATION_CONTEXT() REPRESENTATION_CONTEXT('2D SPACE',''
  ) );
#2596 = ORIENTED_EDGE('',*,*,#2597,.F.);
#2597 = EDGE_CURVE('',#2488,#2566,#2598,.T.);
#2598 = SURFACE_CURVE('',#2599,(#2603,#2610),.PCURVE_S1.);
#2599 = LINE('',#2600,#2601);
#2600 = CARTESIAN_POINT('',(33.242552293845,-2.034251008551,0.));
#2601 = VECTOR('',#2602,1.);
#2602 = DIRECTION('',(0.68463800116,0.728883260452,0.));
#2603 = PCURVE('',#2503,#2604);
#2604 = DEFINITIONAL_REPRESENTATION('',(#2605),#2609);
#2605 = LINE('',#2606,#2607);
#2606 = CARTESIAN_POINT('',(0.,0.));
#2607 = VECTOR('',#2608,1.);
#2608 = DIRECTION('',(1.,0.));
#2609 = ( GEOMETRIC_REPRESENTATION_CONTEXT(2) 
PARAMETRIC_REPRESENTATION_CONTEXT() REPRESENTATION_CONTEXT('2D SPACE',''
  ) );
#2610 = PCURVE('',#129,#2611);
#2611 = DEFINITIONAL_REPRESENTATION('',(#2612),#2616);
#2612 = LINE('',#2613,#2614);
#2613 = CARTESIAN_POINT('',(7.180258017183,-28.10262987854));
#2614 = VECTOR('',#2615,1.);
#2615 = DIRECTION('',(0.68463800116,0.728883260452));
#2616 = ( GEOMETRIC_REPRESENTATION_CONTEXT(2) 
PARAMETRIC_REPRESENTATION_CONTEXT() REPRESENTATION_CONTEXT('2D SPACE',''
  ) );
#2617 = ADVANCED_FACE('',(#2618),#2581,.F.);
#2618 = FACE_BOUND('',#2619,.F.);
#2619 = EDGE_LOOP('',(#2620,#2621,#2648,#2676));
#2620 = ORIENTED_EDGE('',*,*,#2565,.T.);
#2621 = ORIENTED_EDGE('',*,*,#2622,.T.);
#2622 = EDGE_CURVE('',#2543,#2623,#2625,.T.);
#2623 = VERTEX_POINT('',#2624);
#2624 = CARTESIAN_POINT('',(39.427844514035,8.578258880271,2.));
#2625 = SURFACE_CURVE('',#2626,(#2632,#2639),.PCURVE_S1.);
#2626 = B_SPLINE_CURVE_WITH_KNOTS('',4,(#2627,#2628,#2629,#2630,#2631),
  .UNSPECIFIED.,.F.,.F.,(5,5),(0.,1.),.PIECEWISE_BEZIER_KNOTS.);
#2627 = CARTESIAN_POINT('',(33.765791708185,-1.477196843174,2.));
#2628 = CARTESIAN_POINT('',(35.806780478803,0.828797886356,2.));
#2629 = CARTESIAN_POINT('',(37.212025590213,2.85757423994,2.));
#2630 = CARTESIAN_POINT('',(39.21263608183,5.765852715694,2.));
#2631 = CARTESIAN_POINT('',(39.427844514035,8.578258880271,2.));
#2632 = PCURVE('',#2581,#2633);
#2633 = DEFINITIONAL_REPRESENTATION('',(#2634),#2638);
#2634 = LINE('',#2635,#2636);
#2635 = CARTESIAN_POINT('',(0.,-2.));
#2636 = VECTOR('',#2637,1.);
#2637 = DIRECTION('',(1.,0.));
#2638 = ( GEOMETRIC_REPRESENTATION_CONTEXT(2) 
PARAMETRIC_REPRESENTATION_CONTEXT() REPRESENTATION_CONTEXT('2D SPACE',''
  ) );
#2639 = PCURVE('',#75,#2640);
#2640 = DEFINITIONAL_REPRESENTATION('',(#2641),#2647);
#2641 = B_SPLINE_CURVE_WITH_KNOTS('',4,(#2642,#2643,#2644,#2645,#2646),
  .UNSPECIFIED.,.F.,.F.,(5,5),(0.,1.),.PIECEWISE_BEZIER_KNOTS.);
#2642 = CARTESIAN_POINT('',(7.703497431523,-27.54557571317));
#2643 = CARTESIAN_POINT('',(9.744486202141,-25.23958098364));
#2644 = CARTESIAN_POINT('',(11.14973131355,-23.21080463005));
#2645 = CARTESIAN_POINT('',(13.150341805167,-20.3025261543));
#2646 = CARTESIAN_POINT('',(13.365550237372,-17.49011998972));
#2647 = ( GEOMETRIC_REPRESENTATION_CONTEXT(2) 
PARAMETRIC_REPRESENTATION_CONTEXT() REPRESENTATION_CONTEXT('2D SPACE',''
  ) );
#2648 = ORIENTED_EDGE('',*,*,#2649,.F.);
#2649 = EDGE_CURVE('',#2650,#2623,#2652,.T.);
#2650 = VERTEX_POINT('',#2651);
#2651 = CARTESIAN_POINT('',(39.427844514035,8.578258880271,0.));
#2652 = SURFACE_CURVE('',#2653,(#2657,#2664),.PCURVE_S1.);
#2653 = LINE('',#2654,#2655);
#2654 = CARTESIAN_POINT('',(39.427844514035,8.578258880271,0.));
#2655 = VECTOR('',#2656,1.);
#2656 = DIRECTION('',(0.,0.,1.));
#2657 = PCURVE('',#2581,#2658);
#2658 = DEFINITIONAL_REPRESENTATION('',(#2659),#2663);
#2659 = LINE('',#2660,#2661);
#2660 = CARTESIAN_POINT('',(1.,0.));
#2661 = VECTOR('',#2662,1.);
#2662 = DIRECTION('',(0.,-1.));
#2663 = ( GEOMETRIC_REPRESENTATION_CONTEXT(2) 
PARAMETRIC_REPRESENTATION_CONTEXT() REPRESENTATION_CONTEXT('2D SPACE',''
  ) );
#2664 = PCURVE('',#2665,#2670);
#2665 = PLANE('',#2666);
#2666 = AXIS2_PLACEMENT_3D('',#2667,#2668,#2669);
#2667 = CARTESIAN_POINT('',(39.427844514035,8.578258880271,0.));
#2668 = DIRECTION('',(-0.997711884109,6.760914367642E-02,0.));
#2669 = DIRECTION('',(6.760914367642E-02,0.997711884109,0.));
#2670 = DEFINITIONAL_REPRESENTATION('',(#2671),#2675);
#2671 = LINE('',#2672,#2673);
#2672 = CARTESIAN_POINT('',(0.,0.));
#2673 = VECTOR('',#2674,1.);
#2674 = DIRECTION('',(0.,-1.));
#2675 = ( GEOMETRIC_REPRESENTATION_CONTEXT(2) 
PARAMETRIC_REPRESENTATION_CONTEXT() REPRESENTATION_CONTEXT('2D SPACE',''
  ) );
#2676 = ORIENTED_EDGE('',*,*,#2677,.F.);
#2677 = EDGE_CURVE('',#2566,#2650,#2678,.T.);
#2678 = SURFACE_CURVE('',#2679,(#2685,#2692),.PCURVE_S1.);
#2679 = B_SPLINE_CURVE_WITH_KNOTS('',4,(#2680,#2681,#2682,#2683,#2684),
  .UNSPECIFIED.,.F.,.F.,(5,5),(0.,1.),.PIECEWISE_BEZIER_KNOTS.);
#2680 = CARTESIAN_POINT('',(33.765791708185,-1.477196843174,0.));
#2681 = CARTESIAN_POINT('',(35.806780478803,0.828797886356,0.));
#2682 = CARTESIAN_POINT('',(37.212025590213,2.85757423994,0.));
#2683 = CARTESIAN_POINT('',(39.21263608183,5.765852715694,0.));
#2684 = CARTESIAN_POINT('',(39.427844514035,8.578258880271,0.));
#2685 = PCURVE('',#2581,#2686);
#2686 = DEFINITIONAL_REPRESENTATION('',(#2687),#2691);
#2687 = LINE('',#2688,#2689);
#2688 = CARTESIAN_POINT('',(0.,0.));
#2689 = VECTOR('',#2690,1.);
#2690 = DIRECTION('',(1.,0.));
#2691 = ( GEOMETRIC_REPRESENTATION_CONTEXT(2) 
PARAMETRIC_REPRESENTATION_CONTEXT() REPRESENTATION_CONTEXT('2D SPACE',''
  ) );
#2692 = PCURVE('',#129,#2693);
#2693 = DEFINITIONAL_REPRESENTATION('',(#2694),#2700);
#2694 = B_SPLINE_CURVE_WITH_KNOTS('',4,(#2695,#2696,#2697,#2698,#2699),
  .UNSPECIFIED.,.F.,.F.,(5,5),(0.,1.),.PIECEWISE_BEZIER_KNOTS.);
#2695 = CARTESIAN_POINT('',(7.703497431523,-27.54557571317));
#2696 = CARTESIAN_POINT('',(9.744486202141,-25.23958098364));
#2697 = CARTESIAN_POINT('',(11.14973131355,-23.21080463005));
#2698 = CARTESIAN_POINT('',(13.150341805167,-20.3025261543));
#2699 = CARTESIAN_POINT('',(13.365550237372,-17.49011998972));
#2700 = ( GEOMETRIC_REPRESENTATION_CONTEXT(2) 
PARAMETRIC_REPRESENTATION_CONTEXT() REPRESENTATION_CONTEXT('2D SPACE',''
  ) );
#2701 = ADVANCED_FACE('',(#2702),#2665,.F.);
#2702 = FACE_BOUND('',#2703,.F.);
#2703 = EDGE_LOOP('',(#2704,#2705,#2728,#2756));
#2704 = ORIENTED_EDGE('',*,*,#2649,.T.);
#2705 = ORIENTED_EDGE('',*,*,#2706,.T.);
#2706 = EDGE_CURVE('',#2623,#2707,#2709,.T.);
#2707 = VERTEX_POINT('',#2708);
#2708 = CARTESIAN_POINT('',(39.497497199137,9.606127418573,2.));
#2709 = SURFACE_CURVE('',#2710,(#2714,#2721),.PCURVE_S1.);
#2710 = LINE('',#2711,#2712);
#2711 = CARTESIAN_POINT('',(39.427844514035,8.578258880271,2.));
#2712 = VECTOR('',#2713,1.);
#2713 = DIRECTION('',(6.760914367642E-02,0.997711884109,0.));
#2714 = PCURVE('',#2665,#2715);
#2715 = DEFINITIONAL_REPRESENTATION('',(#2716),#2720);
#2716 = LINE('',#2717,#2718);
#2717 = CARTESIAN_POINT('',(0.,-2.));
#2718 = VECTOR('',#2719,1.);
#2719 = DIRECTION('',(1.,0.));
#2720 = ( GEOMETRIC_REPRESENTATION_CONTEXT(2) 
PARAMETRIC_REPRESENTATION_CONTEXT() REPRESENTATION_CONTEXT('2D SPACE',''
  ) );
#2721 = PCURVE('',#75,#2722);
#2722 = DEFINITIONAL_REPRESENTATION('',(#2723),#2727);
#2723 = LINE('',#2724,#2725);
#2724 = CARTESIAN_POINT('',(13.365550237372,-17.49011998972));
#2725 = VECTOR('',#2726,1.);
#2726 = DIRECTION('',(6.760914367642E-02,0.997711884109));
#2727 = ( GEOMETRIC_REPRESENTATION_CONTEXT(2) 
PARAMETRIC_REPRESENTATION_CONTEXT() REPRESENTATION_CONTEXT('2D SPACE',''
  ) );
#2728 = ORIENTED_EDGE('',*,*,#2729,.F.);
#2729 = EDGE_CURVE('',#2730,#2707,#2732,.T.);
#2730 = VERTEX_POINT('',#2731);
#2731 = CARTESIAN_POINT('',(39.497497199137,9.606127418573,0.));
#2732 = SURFACE_CURVE('',#2733,(#2737,#2744),.PCURVE_S1.);
#2733 = LINE('',#2734,#2735);
#2734 = CARTESIAN_POINT('',(39.497497199137,9.606127418573,0.));
#2735 = VECTOR('',#2736,1.);
#2736 = DIRECTION('',(0.,0.,1.));
#2737 = PCURVE('',#2665,#2738);
#2738 = DEFINITIONAL_REPRESENTATION('',(#2739),#2743);
#2739 = LINE('',#2740,#2741);
#2740 = CARTESIAN_POINT('',(1.030225814359,0.));
#2741 = VECTOR('',#2742,1.);
#2742 = DIRECTION('',(0.,-1.));
#2743 = ( GEOMETRIC_REPRESENTATION_CONTEXT(2) 
PARAMETRIC_REPRESENTATION_CONTEXT() REPRESENTATION_CONTEXT('2D SPACE',''
  ) );
#2744 = PCURVE('',#2745,#2750);
#2745 = PLANE('',#2746);
#2746 = AXIS2_PLACEMENT_3D('',#2747,#2748,#2749);
#2747 = CARTESIAN_POINT('',(39.497497199137,9.606127418573,0.));
#2748 = DIRECTION('',(-0.998514253911,5.449114365259E-02,0.));
#2749 = DIRECTION('',(5.449114365259E-02,0.998514253911,0.));
#2750 = DEFINITIONAL_REPRESENTATION('',(#2751),#2755);
#2751 = LINE('',#2752,#2753);
#2752 = CARTESIAN_POINT('',(0.,0.));
#2753 = VECTOR('',#2754,1.);
#2754 = DIRECTION('',(0.,-1.));
#2755 = ( GEOMETRIC_REPRESENTATION_CONTEXT(2) 
PARAMETRIC_REPRESENTATION_CONTEXT() REPRESENTATION_CONTEXT('2D SPACE',''
  ) );
#2756 = ORIENTED_EDGE('',*,*,#2757,.F.);
#2757 = EDGE_CURVE('',#2650,#2730,#2758,.T.);
#2758 = SURFACE_CURVE('',#2759,(#2763,#2770),.PCURVE_S1.);
#2759 = LINE('',#2760,#2761);
#2760 = CARTESIAN_POINT('',(39.427844514035,8.578258880271,0.));
#2761 = VECTOR('',#2762,1.);
#2762 = DIRECTION('',(6.760914367642E-02,0.997711884109,0.));
#2763 = PCURVE('',#2665,#2764);
#2764 = DEFINITIONAL_REPRESENTATION('',(#2765),#2769);
#2765 = LINE('',#2766,#2767);
#2766 = CARTESIAN_POINT('',(0.,0.));
#2767 = VECTOR('',#2768,1.);
#2768 = DIRECTION('',(1.,0.));
#2769 = ( GEOMETRIC_REPRESENTATION_CONTEXT(2) 
PARAMETRIC_REPRESENTATION_CONTEXT() REPRESENTATION_CONTEXT('2D SPACE',''
  ) );
#2770 = PCURVE('',#129,#2771);
#2771 = DEFINITIONAL_REPRESENTATION('',(#2772),#2776);
#2772 = LINE('',#2773,#2774);
#2773 = CARTESIAN_POINT('',(13.365550237372,-17.49011998972));
#2774 = VECTOR('',#2775,1.);
#2775 = DIRECTION('',(6.760914367642E-02,0.997711884109));
#2776 = ( GEOMETRIC_REPRESENTATION_CONTEXT(2) 
PARAMETRIC_REPRESENTATION_CONTEXT() REPRESENTATION_CONTEXT('2D SPACE',''
  ) );
#2777 = ADVANCED_FACE('',(#2778),#2745,.F.);
#2778 = FACE_BOUND('',#2779,.F.);
#2779 = EDGE_LOOP('',(#2780,#2781,#2804,#2832));
#2780 = ORIENTED_EDGE('',*,*,#2729,.T.);
#2781 = ORIENTED_EDGE('',*,*,#2782,.T.);
#2782 = EDGE_CURVE('',#2707,#2783,#2785,.T.);
#2783 = VERTEX_POINT('',#2784);
#2784 = CARTESIAN_POINT('',(39.501794010666,9.684863654782,2.));
#2785 = SURFACE_CURVE('',#2786,(#2790,#2797),.PCURVE_S1.);
#2786 = LINE('',#2787,#2788);
#2787 = CARTESIAN_POINT('',(39.497497199137,9.606127418573,2.));
#2788 = VECTOR('',#2789,1.);
#2789 = DIRECTION('',(5.449114365259E-02,0.998514253911,0.));
#2790 = PCURVE('',#2745,#2791);
#2791 = DEFINITIONAL_REPRESENTATION('',(#2792),#2796);
#2792 = LINE('',#2793,#2794);
#2793 = CARTESIAN_POINT('',(0.,-2.));
#2794 = VECTOR('',#2795,1.);
#2795 = DIRECTION('',(1.,0.));
#2796 = ( GEOMETRIC_REPRESENTATION_CONTEXT(2) 
PARAMETRIC_REPRESENTATION_CONTEXT() REPRESENTATION_CONTEXT('2D SPACE',''
  ) );
#2797 = PCURVE('',#75,#2798);
#2798 = DEFINITIONAL_REPRESENTATION('',(#2799),#2803);
#2799 = LINE('',#2800,#2801);
#2800 = CARTESIAN_POINT('',(13.435202922474,-16.46225145142));
#2801 = VECTOR('',#2802,1.);
#2802 = DIRECTION('',(5.449114365259E-02,0.998514253911));
#2803 = ( GEOMETRIC_REPRESENTATION_CONTEXT(2) 
PARAMETRIC_REPRESENTATION_CONTEXT() REPRESENTATION_CONTEXT('2D SPACE',''
  ) );
#2804 = ORIENTED_EDGE('',*,*,#2805,.F.);
#2805 = EDGE_CURVE('',#2806,#2783,#2808,.T.);
#2806 = VERTEX_POINT('',#2807);
#2807 = CARTESIAN_POINT('',(39.501794010666,9.684863654782,0.));
#2808 = SURFACE_CURVE('',#2809,(#2813,#2820),.PCURVE_S1.);
#2809 = LINE('',#2810,#2811);
#2810 = CARTESIAN_POINT('',(39.501794010666,9.684863654782,0.));
#2811 = VECTOR('',#2812,1.);
#2812 = DIRECTION('',(0.,0.,1.));
#2813 = PCURVE('',#2745,#2814);
#2814 = DEFINITIONAL_REPRESENTATION('',(#2815),#2819);
#2815 = LINE('',#2816,#2817);
#2816 = CARTESIAN_POINT('',(7.885339232838E-02,0.));
#2817 = VECTOR('',#2818,1.);
#2818 = DIRECTION('',(0.,-1.));
#2819 = ( GEOMETRIC_REPRESENTATION_CONTEXT(2) 
PARAMETRIC_REPRESENTATION_CONTEXT() REPRESENTATION_CONTEXT('2D SPACE',''
  ) );
#2820 = PCURVE('',#2821,#2826);
#2821 = PLANE('',#2822);
#2822 = AXIS2_PLACEMENT_3D('',#2823,#2824,#2825);
#2823 = CARTESIAN_POINT('',(39.501794010666,9.684863654782,0.));
#2824 = DIRECTION('',(-0.999144154618,4.136373160672E-02,0.));
#2825 = DIRECTION('',(4.136373160672E-02,0.999144154618,0.));
#2826 = DEFINITIONAL_REPRESENTATION('',(#2827),#2831);
#2827 = LINE('',#2828,#2829);
#2828 = CARTESIAN_POINT('',(0.,0.));
#2829 = VECTOR('',#2830,1.);
#2830 = DIRECTION('',(0.,-1.));
#2831 = ( GEOMETRIC_REPRESENTATION_CONTEXT(2) 
PARAMETRIC_REPRESENTATION_CONTEXT() REPRESENTATION_CONTEXT('2D SPACE',''
  ) );
#2832 = ORIENTED_EDGE('',*,*,#2833,.F.);
#2833 = EDGE_CURVE('',#2730,#2806,#2834,.T.);
#2834 = SURFACE_CURVE('',#2835,(#2839,#2846),.PCURVE_S1.);
#2835 = LINE('',#2836,#2837);
#2836 = CARTESIAN_POINT('',(39.497497199137,9.606127418573,0.));
#2837 = VECTOR('',#2838,1.);
#2838 = DIRECTION('',(5.449114365259E-02,0.998514253911,0.));
#2839 = PCURVE('',#2745,#2840);
#2840 = DEFINITIONAL_REPRESENTATION('',(#2841),#2845);
#2841 = LINE('',#2842,#2843);
#2842 = CARTESIAN_POINT('',(0.,0.));
#2843 = VECTOR('',#2844,1.);
#2844 = DIRECTION('',(1.,0.));
#2845 = ( GEOMETRIC_REPRESENTATION_CONTEXT(2) 
PARAMETRIC_REPRESENTATION_CONTEXT() REPRESENTATION_CONTEXT('2D SPACE',''
  ) );
#2846 = PCURVE('',#129,#2847);
#2847 = DEFINITIONAL_REPRESENTATION('',(#2848),#2852);
#2848 = LINE('',#2849,#2850);
#2849 = CARTESIAN_POINT('',(13.435202922474,-16.46225145142));
#2850 = VECTOR('',#2851,1.);
#2851 = DIRECTION('',(5.449114365259E-02,0.998514253911));
#2852 = ( GEOMETRIC_REPRESENTATION_CONTEXT(2) 
PARAMETRIC_REPRESENTATION_CONTEXT() REPRESENTATION_CONTEXT('2D SPACE',''
  ) );
#2853 = ADVANCED_FACE('',(#2854),#2821,.F.);
#2854 = FACE_BOUND('',#2855,.F.);
#2855 = EDGE_LOOP('',(#2856,#2857,#2880,#2908));
#2856 = ORIENTED_EDGE('',*,*,#2805,.T.);
#2857 = ORIENTED_EDGE('',*,*,#2858,.T.);
#2858 = EDGE_CURVE('',#2783,#2859,#2861,.T.);
#2859 = VERTEX_POINT('',#2860);
#2860 = CARTESIAN_POINT('',(39.539591755607,10.597871124104,2.));
#2861 = SURFACE_CURVE('',#2862,(#2866,#2873),.PCURVE_S1.);
#2862 = LINE('',#2863,#2864);
#2863 = CARTESIAN_POINT('',(39.501794010666,9.684863654782,2.));
#2864 = VECTOR('',#2865,1.);
#2865 = DIRECTION('',(4.136373160672E-02,0.999144154618,0.));
#2866 = PCURVE('',#2821,#2867);
#2867 = DEFINITIONAL_REPRESENTATION('',(#2868),#2872);
#2868 = LINE('',#2869,#2870);
#2869 = CARTESIAN_POINT('',(0.,-2.));
#2870 = VECTOR('',#2871,1.);
#2871 = DIRECTION('',(1.,0.));
#2872 = ( GEOMETRIC_REPRESENTATION_CONTEXT(2) 
PARAMETRIC_REPRESENTATION_CONTEXT() REPRESENTATION_CONTEXT('2D SPACE',''
  ) );
#2873 = PCURVE('',#75,#2874);
#2874 = DEFINITIONAL_REPRESENTATION('',(#2875),#2879);
#2875 = LINE('',#2876,#2877);
#2876 = CARTESIAN_POINT('',(13.439499734003,-16.38351521521));
#2877 = VECTOR('',#2878,1.);
#2878 = DIRECTION('',(4.136373160672E-02,0.999144154618));
#2879 = ( GEOMETRIC_REPRESENTATION_CONTEXT(2) 
PARAMETRIC_REPRESENTATION_CONTEXT() REPRESENTATION_CONTEXT('2D SPACE',''
  ) );
#2880 = ORIENTED_EDGE('',*,*,#2881,.F.);
#2881 = EDGE_CURVE('',#2882,#2859,#2884,.T.);
#2882 = VERTEX_POINT('',#2883);
#2883 = CARTESIAN_POINT('',(39.539591755607,10.597871124104,0.));
#2884 = SURFACE_CURVE('',#2885,(#2889,#2896),.PCURVE_S1.);
#2885 = LINE('',#2886,#2887);
#2886 = CARTESIAN_POINT('',(39.539591755607,10.597871124104,0.));
#2887 = VECTOR('',#2888,1.);
#2888 = DIRECTION('',(0.,0.,1.));
#2889 = PCURVE('',#2821,#2890);
#2890 = DEFINITIONAL_REPRESENTATION('',(#2891),#2895);
#2891 = LINE('',#2892,#2893);
#2892 = CARTESIAN_POINT('',(0.913789531873,0.));
#2893 = VECTOR('',#2894,1.);
#2894 = DIRECTION('',(0.,-1.));
#2895 = ( GEOMETRIC_REPRESENTATION_CONTEXT(2) 
PARAMETRIC_REPRESENTATION_CONTEXT() REPRESENTATION_CONTEXT('2D SPACE',''
  ) );
#2896 = PCURVE('',#2897,#2902);
#2897 = PLANE('',#2898);
#2898 = AXIS2_PLACEMENT_3D('',#2899,#2900,#2901);
#2899 = CARTESIAN_POINT('',(39.539591755607,10.597871124104,0.));
#2900 = DIRECTION('',(-0.995920048634,9.023999516798E-02,0.));
#2901 = DIRECTION('',(9.023999516798E-02,0.995920048634,0.));
#2902 = DEFINITIONAL_REPRESENTATION('',(#2903),#2907);
#2903 = LINE('',#2904,#2905);
#2904 = CARTESIAN_POINT('',(0.,0.));
#2905 = VECTOR('',#2906,1.);
#2906 = DIRECTION('',(0.,-1.));
#2907 = ( GEOMETRIC_REPRESENTATION_CONTEXT(2) 
PARAMETRIC_REPRESENTATION_CONTEXT() REPRESENTATION_CONTEXT('2D SPACE',''
  ) );
#2908 = ORIENTED_EDGE('',*,*,#2909,.F.);
#2909 = EDGE_CURVE('',#2806,#2882,#2910,.T.);
#2910 = SURFACE_CURVE('',#2911,(#2915,#2922),.PCURVE_S1.);
#2911 = LINE('',#2912,#2913);
#2912 = CARTESIAN_POINT('',(39.501794010666,9.684863654782,0.));
#2913 = VECTOR('',#2914,1.);
#2914 = DIRECTION('',(4.136373160672E-02,0.999144154618,0.));
#2915 = PCURVE('',#2821,#2916);
#2916 = DEFINITIONAL_REPRESENTATION('',(#2917),#2921);
#2917 = LINE('',#2918,#2919);
#2918 = CARTESIAN_POINT('',(0.,0.));
#2919 = VECTOR('',#2920,1.);
#2920 = DIRECTION('',(1.,0.));
#2921 = ( GEOMETRIC_REPRESENTATION_CONTEXT(2) 
PARAMETRIC_REPRESENTATION_CONTEXT() REPRESENTATION_CONTEXT('2D SPACE',''
  ) );
#2922 = PCURVE('',#129,#2923);
#2923 = DEFINITIONAL_REPRESENTATION('',(#2924),#2928);
#2924 = LINE('',#2925,#2926);
#2925 = CARTESIAN_POINT('',(13.439499734003,-16.38351521521));
#2926 = VECTOR('',#2927,1.);
#2927 = DIRECTION('',(4.136373160672E-02,0.999144154618));
#2928 = ( GEOMETRIC_REPRESENTATION_CONTEXT(2) 
PARAMETRIC_REPRESENTATION_CONTEXT() REPRESENTATION_CONTEXT('2D SPACE',''
  ) );
#2929 = ADVANCED_FACE('',(#2930),#2897,.F.);
#2930 = FACE_BOUND('',#2931,.F.);
#2931 = EDGE_LOOP('',(#2932,#2933,#2956,#2984));
#2932 = ORIENTED_EDGE('',*,*,#2881,.T.);
#2933 = ORIENTED_EDGE('',*,*,#2934,.T.);
#2934 = EDGE_CURVE('',#2859,#2935,#2937,.T.);
#2935 = VERTEX_POINT('',#2936);
#2936 = CARTESIAN_POINT('',(39.747336206727,12.890611316275,2.));
#2937 = SURFACE_CURVE('',#2938,(#2942,#2949),.PCURVE_S1.);
#2938 = LINE('',#2939,#2940);
#2939 = CARTESIAN_POINT('',(39.539591755607,10.597871124104,2.));
#2940 = VECTOR('',#2941,1.);
#2941 = DIRECTION('',(9.023999516798E-02,0.995920048634,0.));
#2942 = PCURVE('',#2897,#2943);
#2943 = DEFINITIONAL_REPRESENTATION('',(#2944),#2948);
#2944 = LINE('',#2945,#2946);
#2945 = CARTESIAN_POINT('',(0.,-2.));
#2946 = VECTOR('',#2947,1.);
#2947 = DIRECTION('',(1.,0.));
#2948 = ( GEOMETRIC_REPRESENTATION_CONTEXT(2) 
PARAMETRIC_REPRESENTATION_CONTEXT() REPRESENTATION_CONTEXT('2D SPACE',''
  ) );
#2949 = PCURVE('',#75,#2950);
#2950 = DEFINITIONAL_REPRESENTATION('',(#2951),#2955);
#2951 = LINE('',#2952,#2953);
#2952 = CARTESIAN_POINT('',(13.477297478944,-15.47050774589));
#2953 = VECTOR('',#2954,1.);
#2954 = DIRECTION('',(9.023999516798E-02,0.995920048634));
#2955 = ( GEOMETRIC_REPRESENTATION_CONTEXT(2) 
PARAMETRIC_REPRESENTATION_CONTEXT() REPRESENTATION_CONTEXT('2D SPACE',''
  ) );
#2956 = ORIENTED_EDGE('',*,*,#2957,.F.);
#2957 = EDGE_CURVE('',#2958,#2935,#2960,.T.);
#2958 = VERTEX_POINT('',#2959);
#2959 = CARTESIAN_POINT('',(39.747336206727,12.890611316275,0.));
#2960 = SURFACE_CURVE('',#2961,(#2965,#2972),.PCURVE_S1.);
#2961 = LINE('',#2962,#2963);
#2962 = CARTESIAN_POINT('',(39.747336206727,12.890611316275,0.));
#2963 = VECTOR('',#2964,1.);
#2964 = DIRECTION('',(0.,0.,1.));
#2965 = PCURVE('',#2897,#2966);
#2966 = DEFINITIONAL_REPRESENTATION('',(#2967),#2971);
#2967 = LINE('',#2968,#2969);
#2968 = CARTESIAN_POINT('',(2.302132781958,0.));
#2969 = VECTOR('',#2970,1.);
#2970 = DIRECTION('',(0.,-1.));
#2971 = ( GEOMETRIC_REPRESENTATION_CONTEXT(2) 
PARAMETRIC_REPRESENTATION_CONTEXT() REPRESENTATION_CONTEXT('2D SPACE',''
  ) );
#2972 = PCURVE('',#2973,#2978);
#2973 = PLANE('',#2974);
#2974 = AXIS2_PLACEMENT_3D('',#2975,#2976,#2977);
#2975 = CARTESIAN_POINT('',(39.747336206727,12.890611316275,0.));
#2976 = DIRECTION('',(-0.990306447614,0.138899747353,0.));
#2977 = DIRECTION('',(0.138899747353,0.990306447614,0.));
#2978 = DEFINITIONAL_REPRESENTATION('',(#2979),#2983);
#2979 = LINE('',#2980,#2981);
#2980 = CARTESIAN_POINT('',(0.,0.));
#2981 = VECTOR('',#2982,1.);
#2982 = DIRECTION('',(0.,-1.));
#2983 = ( GEOMETRIC_REPRESENTATION_CONTEXT(2) 
PARAMETRIC_REPRESENTATION_CONTEXT() REPRESENTATION_CONTEXT('2D SPACE',''
  ) );
#2984 = ORIENTED_EDGE('',*,*,#2985,.F.);
#2985 = EDGE_CURVE('',#2882,#2958,#2986,.T.);
#2986 = SURFACE_CURVE('',#2987,(#2991,#2998),.PCURVE_S1.);
#2987 = LINE('',#2988,#2989);
#2988 = CARTESIAN_POINT('',(39.539591755607,10.597871124104,0.));
#2989 = VECTOR('',#2990,1.);
#2990 = DIRECTION('',(9.023999516798E-02,0.995920048634,0.));
#2991 = PCURVE('',#2897,#2992);
#2992 = DEFINITIONAL_REPRESENTATION('',(#2993),#2997);
#2993 = LINE('',#2994,#2995);
#2994 = CARTESIAN_POINT('',(0.,0.));
#2995 = VECTOR('',#2996,1.);
#2996 = DIRECTION('',(1.,0.));
#2997 = ( GEOMETRIC_REPRESENTATION_CONTEXT(2) 
PARAMETRIC_REPRESENTATION_CONTEXT() REPRESENTATION_CONTEXT('2D SPACE',''
  ) );
#2998 = PCURVE('',#129,#2999);
#2999 = DEFINITIONAL_REPRESENTATION('',(#3000),#3004);
#3000 = LINE('',#3001,#3002);
#3001 = CARTESIAN_POINT('',(13.477297478944,-15.47050774589));
#3002 = VECTOR('',#3003,1.);
#3003 = DIRECTION('',(9.023999516798E-02,0.995920048634));
#3004 = ( GEOMETRIC_REPRESENTATION_CONTEXT(2) 
PARAMETRIC_REPRESENTATION_CONTEXT() REPRESENTATION_CONTEXT('2D SPACE',''
  ) );
#3005 = ADVANCED_FACE('',(#3006),#2973,.F.);
#3006 = FACE_BOUND('',#3007,.F.);
#3007 = EDGE_LOOP('',(#3008,#3009,#3032,#3060));
#3008 = ORIENTED_EDGE('',*,*,#2957,.T.);
#3009 = ORIENTED_EDGE('',*,*,#3010,.T.);
#3010 = EDGE_CURVE('',#2935,#3011,#3013,.T.);
#3011 = VERTEX_POINT('',#3012);
#3012 = CARTESIAN_POINT('',(40.067101868514,15.17042825351,2.));
#3013 = SURFACE_CURVE('',#3014,(#3018,#3025),.PCURVE_S1.);
#3014 = LINE('',#3015,#3016);
#3015 = CARTESIAN_POINT('',(39.747336206727,12.890611316275,2.));
#3016 = VECTOR('',#3017,1.);
#3017 = DIRECTION('',(0.138899747353,0.990306447614,0.));
#3018 = PCURVE('',#2973,#3019);
#3019 = DEFINITIONAL_REPRESENTATION('',(#3020),#3024);
#3020 = LINE('',#3021,#3022);
#3021 = CARTESIAN_POINT('',(0.,-2.));
#3022 = VECTOR('',#3023,1.);
#3023 = DIRECTION('',(1.,0.));
#3024 = ( GEOMETRIC_REPRESENTATION_CONTEXT(2) 
PARAMETRIC_REPRESENTATION_CONTEXT() REPRESENTATION_CONTEXT('2D SPACE',''
  ) );
#3025 = PCURVE('',#75,#3026);
#3026 = DEFINITIONAL_REPRESENTATION('',(#3027),#3031);
#3027 = LINE('',#3028,#3029);
#3028 = CARTESIAN_POINT('',(13.685041930064,-13.17776755372));
#3029 = VECTOR('',#3030,1.);
#3030 = DIRECTION('',(0.138899747353,0.990306447614));
#3031 = ( GEOMETRIC_REPRESENTATION_CONTEXT(2) 
PARAMETRIC_REPRESENTATION_CONTEXT() REPRESENTATION_CONTEXT('2D SPACE',''
  ) );
#3032 = ORIENTED_EDGE('',*,*,#3033,.F.);
#3033 = EDGE_CURVE('',#3034,#3011,#3036,.T.);
#3034 = VERTEX_POINT('',#3035);
#3035 = CARTESIAN_POINT('',(40.067101868514,15.17042825351,0.));
#3036 = SURFACE_CURVE('',#3037,(#3041,#3048),.PCURVE_S1.);
#3037 = LINE('',#3038,#3039);
#3038 = CARTESIAN_POINT('',(40.067101868514,15.17042825351,0.));
#3039 = VECTOR('',#3040,1.);
#3040 = DIRECTION('',(0.,0.,1.));
#3041 = PCURVE('',#2973,#3042);
#3042 = DEFINITIONAL_REPRESENTATION('',(#3043),#3047);
#3043 = LINE('',#3044,#3045);
#3044 = CARTESIAN_POINT('',(2.302132781958,0.));
#3045 = VECTOR('',#3046,1.);
#3046 = DIRECTION('',(0.,-1.));
#3047 = ( GEOMETRIC_REPRESENTATION_CONTEXT(2) 
PARAMETRIC_REPRESENTATION_CONTEXT() REPRESENTATION_CONTEXT('2D SPACE',''
  ) );
#3048 = PCURVE('',#3049,#3054);
#3049 = PLANE('',#3050);
#3050 = AXIS2_PLACEMENT_3D('',#3051,#3052,#3053);
#3051 = CARTESIAN_POINT('',(40.067101868514,15.17042825351,0.));
#3052 = DIRECTION('',(-0.982316820179,0.187226239596,0.));
#3053 = DIRECTION('',(0.187226239596,0.982316820179,0.));
#3054 = DEFINITIONAL_REPRESENTATION('',(#3055),#3059);
#3055 = LINE('',#3056,#3057);
#3056 = CARTESIAN_POINT('',(0.,0.));
#3057 = VECTOR('',#3058,1.);
#3058 = DIRECTION('',(0.,-1.));
#3059 = ( GEOMETRIC_REPRESENTATION_CONTEXT(2) 
PARAMETRIC_REPRESENTATION_CONTEXT() REPRESENTATION_CONTEXT('2D SPACE',''
  ) );
#3060 = ORIENTED_EDGE('',*,*,#3061,.F.);
#3061 = EDGE_CURVE('',#2958,#3034,#3062,.T.);
#3062 = SURFACE_CURVE('',#3063,(#3067,#3074),.PCURVE_S1.);
#3063 = LINE('',#3064,#3065);
#3064 = CARTESIAN_POINT('',(39.747336206727,12.890611316275,0.));
#3065 = VECTOR('',#3066,1.);
#3066 = DIRECTION('',(0.138899747353,0.990306447614,0.));
#3067 = PCURVE('',#2973,#3068);
#3068 = DEFINITIONAL_REPRESENTATION('',(#3069),#3073);
#3069 = LINE('',#3070,#3071);
#3070 = CARTESIAN_POINT('',(0.,0.));
#3071 = VECTOR('',#3072,1.);
#3072 = DIRECTION('',(1.,0.));
#3073 = ( GEOMETRIC_REPRESENTATION_CONTEXT(2) 
PARAMETRIC_REPRESENTATION_CONTEXT() REPRESENTATION_CONTEXT('2D SPACE',''
  ) );
#3074 = PCURVE('',#129,#3075);
#3075 = DEFINITIONAL_REPRESENTATION('',(#3076),#3080);
#3076 = LINE('',#3077,#3078);
#3077 = CARTESIAN_POINT('',(13.685041930064,-13.17776755372));
#3078 = VECTOR('',#3079,1.);
#3079 = DIRECTION('',(0.138899747353,0.990306447614));
#3080 = ( GEOMETRIC_REPRESENTATION_CONTEXT(2) 
PARAMETRIC_REPRESENTATION_CONTEXT() REPRESENTATION_CONTEXT('2D SPACE',''
  ) );
#3081 = ADVANCED_FACE('',(#3082),#3049,.F.);
#3082 = FACE_BOUND('',#3083,.F.);
#3083 = EDGE_LOOP('',(#3084,#3085,#3108,#3136));
#3084 = ORIENTED_EDGE('',*,*,#3033,.T.);
#3085 = ORIENTED_EDGE('',*,*,#3086,.T.);
#3086 = EDGE_CURVE('',#3011,#3087,#3089,.T.);
#3087 = VERTEX_POINT('',#3088);
#3088 = CARTESIAN_POINT('',(40.498121532331,17.431852007513,2.));
#3089 = SURFACE_CURVE('',#3090,(#3094,#3101),.PCURVE_S1.);
#3090 = LINE('',#3091,#3092);
#3091 = CARTESIAN_POINT('',(40.067101868514,15.17042825351,2.));
#3092 = VECTOR('',#3093,1.);
#3093 = DIRECTION('',(0.187226239596,0.982316820179,0.));
#3094 = PCURVE('',#3049,#3095);
#3095 = DEFINITIONAL_REPRESENTATION('',(#3096),#3100);
#3096 = LINE('',#3097,#3098);
#3097 = CARTESIAN_POINT('',(0.,-2.));
#3098 = VECTOR('',#3099,1.);
#3099 = DIRECTION('',(1.,0.));
#3100 = ( GEOMETRIC_REPRESENTATION_CONTEXT(2) 
PARAMETRIC_REPRESENTATION_CONTEXT() REPRESENTATION_CONTEXT('2D SPACE',''
  ) );
#3101 = PCURVE('',#75,#3102);
#3102 = DEFINITIONAL_REPRESENTATION('',(#3103),#3107);
#3103 = LINE('',#3104,#3105);
#3104 = CARTESIAN_POINT('',(14.004807591851,-10.89795061648));
#3105 = VECTOR('',#3106,1.);
#3106 = DIRECTION('',(0.187226239596,0.982316820179));
#3107 = ( GEOMETRIC_REPRESENTATION_CONTEXT(2) 
PARAMETRIC_REPRESENTATION_CONTEXT() REPRESENTATION_CONTEXT('2D SPACE',''
  ) );
#3108 = ORIENTED_EDGE('',*,*,#3109,.F.);
#3109 = EDGE_CURVE('',#3110,#3087,#3112,.T.);
#3110 = VERTEX_POINT('',#3111);
#3111 = CARTESIAN_POINT('',(40.498121532331,17.431852007513,0.));
#3112 = SURFACE_CURVE('',#3113,(#3117,#3124),.PCURVE_S1.);
#3113 = LINE('',#3114,#3115);
#3114 = CARTESIAN_POINT('',(40.498121532331,17.431852007513,0.));
#3115 = VECTOR('',#3116,1.);
#3116 = DIRECTION('',(0.,0.,1.));
#3117 = PCURVE('',#3049,#3118);
#3118 = DEFINITIONAL_REPRESENTATION('',(#3119),#3123);
#3119 = LINE('',#3120,#3121);
#3120 = CARTESIAN_POINT('',(2.302132781958,0.));
#3121 = VECTOR('',#3122,1.);
#3122 = DIRECTION('',(0.,-1.));
#3123 = ( GEOMETRIC_REPRESENTATION_CONTEXT(2) 
PARAMETRIC_REPRESENTATION_CONTEXT() REPRESENTATION_CONTEXT('2D SPACE',''
  ) );
#3124 = PCURVE('',#3125,#3130);
#3125 = PLANE('',#3126);
#3126 = AXIS2_PLACEMENT_3D('',#3127,#3128,#3129);
#3127 = CARTESIAN_POINT('',(40.498121532331,17.431852007513,0.));
#3128 = DIRECTION('',(-0.971970335716,0.235103522919,0.));
#3129 = DIRECTION('',(0.235103522919,0.971970335716,0.));
#3130 = DEFINITIONAL_REPRESENTATION('',(#3131),#3135);
#3131 = LINE('',#3132,#3133);
#3132 = CARTESIAN_POINT('',(0.,0.));
#3133 = VECTOR('',#3134,1.);
#3134 = DIRECTION('',(0.,-1.));
#3135 = ( GEOMETRIC_REPRESENTATION_CONTEXT(2) 
PARAMETRIC_REPRESENTATION_CONTEXT() REPRESENTATION_CONTEXT('2D SPACE',''
  ) );
#3136 = ORIENTED_EDGE('',*,*,#3137,.F.);
#3137 = EDGE_CURVE('',#3034,#3110,#3138,.T.);
#3138 = SURFACE_CURVE('',#3139,(#3143,#3150),.PCURVE_S1.);
#3139 = LINE('',#3140,#3141);
#3140 = CARTESIAN_POINT('',(40.067101868514,15.17042825351,0.));
#3141 = VECTOR('',#3142,1.);
#3142 = DIRECTION('',(0.187226239596,0.982316820179,0.));
#3143 = PCURVE('',#3049,#3144);
#3144 = DEFINITIONAL_REPRESENTATION('',(#3145),#3149);
#3145 = LINE('',#3146,#3147);
#3146 = CARTESIAN_POINT('',(0.,0.));
#3147 = VECTOR('',#3148,1.);
#3148 = DIRECTION('',(1.,0.));
#3149 = ( GEOMETRIC_REPRESENTATION_CONTEXT(2) 
PARAMETRIC_REPRESENTATION_CONTEXT() REPRESENTATION_CONTEXT('2D SPACE',''
  ) );
#3150 = PCURVE('',#129,#3151);
#3151 = DEFINITIONAL_REPRESENTATION('',(#3152),#3156);
#3152 = LINE('',#3153,#3154);
#3153 = CARTESIAN_POINT('',(14.004807591851,-10.89795061648));
#3154 = VECTOR('',#3155,1.);
#3155 = DIRECTION('',(0.187226239596,0.982316820179));
#3156 = ( GEOMETRIC_REPRESENTATION_CONTEXT(2) 
PARAMETRIC_REPRESENTATION_CONTEXT() REPRESENTATION_CONTEXT('2D SPACE',''
  ) );
#3157 = ADVANCED_FACE('',(#3158),#3125,.F.);
#3158 = FACE_BOUND('',#3159,.F.);
#3159 = EDGE_LOOP('',(#3160,#3161,#3184,#3212));
#3160 = ORIENTED_EDGE('',*,*,#3109,.T.);
#3161 = ORIENTED_EDGE('',*,*,#3162,.T.);
#3162 = EDGE_CURVE('',#3087,#3163,#3165,.T.);
#3163 = VERTEX_POINT('',#3164);
#3164 = CARTESIAN_POINT('',(41.039361059596,19.669456780454,2.));
#3165 = SURFACE_CURVE('',#3166,(#3170,#3177),.PCURVE_S1.);
#3166 = LINE('',#3167,#3168);
#3167 = CARTESIAN_POINT('',(40.498121532331,17.431852007513,2.));
#3168 = VECTOR('',#3169,1.);
#3169 = DIRECTION('',(0.235103522919,0.971970335716,0.));
#3170 = PCURVE('',#3125,#3171);
#3171 = DEFINITIONAL_REPRESENTATION('',(#3172),#3176);
#3172 = LINE('',#3173,#3174);
#3173 = CARTESIAN_POINT('',(0.,-2.));
#3174 = VECTOR('',#3175,1.);
#3175 = DIRECTION('',(1.,0.));
#3176 = ( GEOMETRIC_REPRESENTATION_CONTEXT(2) 
PARAMETRIC_REPRESENTATION_CONTEXT() REPRESENTATION_CONTEXT('2D SPACE',''
  ) );
#3177 = PCURVE('',#75,#3178);
#3178 = DEFINITIONAL_REPRESENTATION('',(#3179),#3183);
#3179 = LINE('',#3180,#3181);
#3180 = CARTESIAN_POINT('',(14.435827255668,-8.636526862483));
#3181 = VECTOR('',#3182,1.);
#3182 = DIRECTION('',(0.235103522919,0.971970335716));
#3183 = ( GEOMETRIC_REPRESENTATION_CONTEXT(2) 
PARAMETRIC_REPRESENTATION_CONTEXT() REPRESENTATION_CONTEXT('2D SPACE',''
  ) );
#3184 = ORIENTED_EDGE('',*,*,#3185,.F.);
#3185 = EDGE_CURVE('',#3186,#3163,#3188,.T.);
#3186 = VERTEX_POINT('',#3187);
#3187 = CARTESIAN_POINT('',(41.039361059596,19.669456780454,0.));
#3188 = SURFACE_CURVE('',#3189,(#3193,#3200),.PCURVE_S1.);
#3189 = LINE('',#3190,#3191);
#3190 = CARTESIAN_POINT('',(41.039361059596,19.669456780454,0.));
#3191 = VECTOR('',#3192,1.);
#3192 = DIRECTION('',(0.,0.,1.));
#3193 = PCURVE('',#3125,#3194);
#3194 = DEFINITIONAL_REPRESENTATION('',(#3195),#3199);
#3195 = LINE('',#3196,#3197);
#3196 = CARTESIAN_POINT('',(2.302132781958,0.));
#3197 = VECTOR('',#3198,1.);
#3198 = DIRECTION('',(0.,-1.));
#3199 = ( GEOMETRIC_REPRESENTATION_CONTEXT(2) 
PARAMETRIC_REPRESENTATION_CONTEXT() REPRESENTATION_CONTEXT('2D SPACE',''
  ) );
#3200 = PCURVE('',#3201,#3206);
#3201 = PLANE('',#3202);
#3202 = AXIS2_PLACEMENT_3D('',#3203,#3204,#3205);
#3203 = CARTESIAN_POINT('',(41.039361059596,19.669456780454,0.));
#3204 = DIRECTION('',(-0.959291818378,0.282416726121,0.));
#3205 = DIRECTION('',(0.282416726121,0.959291818378,0.));
#3206 = DEFINITIONAL_REPRESENTATION('',(#3207),#3211);
#3207 = LINE('',#3208,#3209);
#3208 = CARTESIAN_POINT('',(0.,0.));
#3209 = VECTOR('',#3210,1.);
#3210 = DIRECTION('',(0.,-1.));
#3211 = ( GEOMETRIC_REPRESENTATION_CONTEXT(2) 
PARAMETRIC_REPRESENTATION_CONTEXT() REPRESENTATION_CONTEXT('2D SPACE',''
  ) );
#3212 = ORIENTED_EDGE('',*,*,#3213,.F.);
#3213 = EDGE_CURVE('',#3110,#3186,#3214,.T.);
#3214 = SURFACE_CURVE('',#3215,(#3219,#3226),.PCURVE_S1.);
#3215 = LINE('',#3216,#3217);
#3216 = CARTESIAN_POINT('',(40.498121532331,17.431852007513,0.));
#3217 = VECTOR('',#3218,1.);
#3218 = DIRECTION('',(0.235103522919,0.971970335716,0.));
#3219 = PCURVE('',#3125,#3220);
#3220 = DEFINITIONAL_REPRESENTATION('',(#3221),#3225);
#3221 = LINE('',#3222,#3223);
#3222 = CARTESIAN_POINT('',(0.,0.));
#3223 = VECTOR('',#3224,1.);
#3224 = DIRECTION('',(1.,0.));
#3225 = ( GEOMETRIC_REPRESENTATION_CONTEXT(2) 
PARAMETRIC_REPRESENTATION_CONTEXT() REPRESENTATION_CONTEXT('2D SPACE',''
  ) );
#3226 = PCURVE('',#129,#3227);
#3227 = DEFINITIONAL_REPRESENTATION('',(#3228),#3232);
#3228 = LINE('',#3229,#3230);
#3229 = CARTESIAN_POINT('',(14.435827255668,-8.636526862483));
#3230 = VECTOR('',#3231,1.);
#3231 = DIRECTION('',(0.235103522919,0.971970335716));
#3232 = ( GEOMETRIC_REPRESENTATION_CONTEXT(2) 
PARAMETRIC_REPRESENTATION_CONTEXT() REPRESENTATION_CONTEXT('2D SPACE',''
  ) );
#3233 = ADVANCED_FACE('',(#3234),#3201,.F.);
#3234 = FACE_BOUND('',#3235,.F.);
#3235 = EDGE_LOOP('',(#3236,#3237,#3260,#3288));
#3236 = ORIENTED_EDGE('',*,*,#3185,.T.);
#3237 = ORIENTED_EDGE('',*,*,#3238,.T.);
#3238 = EDGE_CURVE('',#3163,#3239,#3241,.T.);
#3239 = VERTEX_POINT('',#3240);
#3240 = CARTESIAN_POINT('',(41.689521862972,21.877873923006,2.));
#3241 = SURFACE_CURVE('',#3242,(#3246,#3253),.PCURVE_S1.);
#3242 = LINE('',#3243,#3244);
#3243 = CARTESIAN_POINT('',(41.039361059596,19.669456780454,2.));
#3244 = VECTOR('',#3245,1.);
#3245 = DIRECTION('',(0.282416726121,0.959291818378,0.));
#3246 = PCURVE('',#3201,#3247);
#3247 = DEFINITIONAL_REPRESENTATION('',(#3248),#3252);
#3248 = LINE('',#3249,#3250);
#3249 = CARTESIAN_POINT('',(0.,-2.));
#3250 = VECTOR('',#3251,1.);
#3251 = DIRECTION('',(1.,0.));
#3252 = ( GEOMETRIC_REPRESENTATION_CONTEXT(2) 
PARAMETRIC_REPRESENTATION_CONTEXT() REPRESENTATION_CONTEXT('2D SPACE',''
  ) );
#3253 = PCURVE('',#75,#3254);
#3254 = DEFINITIONAL_REPRESENTATION('',(#3255),#3259);
#3255 = LINE('',#3256,#3257);
#3256 = CARTESIAN_POINT('',(14.977066782933,-6.398922089542));
#3257 = VECTOR('',#3258,1.);
#3258 = DIRECTION('',(0.282416726121,0.959291818378));
#3259 = ( GEOMETRIC_REPRESENTATION_CONTEXT(2) 
PARAMETRIC_REPRESENTATION_CONTEXT() REPRESENTATION_CONTEXT('2D SPACE',''
  ) );
#3260 = ORIENTED_EDGE('',*,*,#3261,.F.);
#3261 = EDGE_CURVE('',#3262,#3239,#3264,.T.);
#3262 = VERTEX_POINT('',#3263);
#3263 = CARTESIAN_POINT('',(41.689521862972,21.877873923006,0.));
#3264 = SURFACE_CURVE('',#3265,(#3269,#3276),.PCURVE_S1.);
#3265 = LINE('',#3266,#3267);
#3266 = CARTESIAN_POINT('',(41.689521862972,21.877873923006,0.));
#3267 = VECTOR('',#3268,1.);
#3268 = DIRECTION('',(0.,0.,1.));
#3269 = PCURVE('',#3201,#3270);
#3270 = DEFINITIONAL_REPRESENTATION('',(#3271),#3275);
#3271 = LINE('',#3272,#3273);
#3272 = CARTESIAN_POINT('',(2.302132781958,0.));
#3273 = VECTOR('',#3274,1.);
#3274 = DIRECTION('',(0.,-1.));
#3275 = ( GEOMETRIC_REPRESENTATION_CONTEXT(2) 
PARAMETRIC_REPRESENTATION_CONTEXT() REPRESENTATION_CONTEXT('2D SPACE',''
  ) );
#3276 = PCURVE('',#3277,#3282);
#3277 = PLANE('',#3278);
#3278 = AXIS2_PLACEMENT_3D('',#3279,#3280,#3281);
#3279 = CARTESIAN_POINT('',(41.689521862972,21.877873923006,0.));
#3280 = DIRECTION('',(-0.94431168753,0.329052331391,0.));
#3281 = DIRECTION('',(0.329052331391,0.94431168753,0.));
#3282 = DEFINITIONAL_REPRESENTATION('',(#3283),#3287);
#3283 = LINE('',#3284,#3285);
#3284 = CARTESIAN_POINT('',(0.,0.));
#3285 = VECTOR('',#3286,1.);
#3286 = DIRECTION('',(0.,-1.));
#3287 = ( GEOMETRIC_REPRESENTATION_CONTEXT(2) 
PARAMETRIC_REPRESENTATION_CONTEXT() REPRESENTATION_CONTEXT('2D SPACE',''
  ) );
#3288 = ORIENTED_EDGE('',*,*,#3289,.F.);
#3289 = EDGE_CURVE('',#3186,#3262,#3290,.T.);
#3290 = SURFACE_CURVE('',#3291,(#3295,#3302),.PCURVE_S1.);
#3291 = LINE('',#3292,#3293);
#3292 = CARTESIAN_POINT('',(41.039361059596,19.669456780454,0.));
#3293 = VECTOR('',#3294,1.);
#3294 = DIRECTION('',(0.282416726121,0.959291818378,0.));
#3295 = PCURVE('',#3201,#3296);
#3296 = DEFINITIONAL_REPRESENTATION('',(#3297),#3301);
#3297 = LINE('',#3298,#3299);
#3298 = CARTESIAN_POINT('',(0.,0.));
#3299 = VECTOR('',#3300,1.);
#3300 = DIRECTION('',(1.,0.));
#3301 = ( GEOMETRIC_REPRESENTATION_CONTEXT(2) 
PARAMETRIC_REPRESENTATION_CONTEXT() REPRESENTATION_CONTEXT('2D SPACE',''
  ) );
#3302 = PCURVE('',#129,#3303);
#3303 = DEFINITIONAL_REPRESENTATION('',(#3304),#3308);
#3304 = LINE('',#3305,#3306);
#3305 = CARTESIAN_POINT('',(14.977066782933,-6.398922089542));
#3306 = VECTOR('',#3307,1.);
#3307 = DIRECTION('',(0.282416726121,0.959291818378));
#3308 = ( GEOMETRIC_REPRESENTATION_CONTEXT(2) 
PARAMETRIC_REPRESENTATION_CONTEXT() REPRESENTATION_CONTEXT('2D SPACE',''
  ) );
#3309 = ADVANCED_FACE('',(#3310),#3277,.F.);
#3310 = FACE_BOUND('',#3311,.F.);
#3311 = EDGE_LOOP('',(#3312,#3313,#3336,#3364));
#3312 = ORIENTED_EDGE('',*,*,#3261,.T.);
#3313 = ORIENTED_EDGE('',*,*,#3314,.T.);
#3314 = EDGE_CURVE('',#3239,#3315,#3317,.T.);
#3315 = VERTEX_POINT('',#3316);
#3316 = CARTESIAN_POINT('',(42.447044022046,24.051804815256,2.));
#3317 = SURFACE_CURVE('',#3318,(#3322,#3329),.PCURVE_S1.);
#3318 = LINE('',#3319,#3320);
#3319 = CARTESIAN_POINT('',(41.689521862972,21.877873923006,2.));
#3320 = VECTOR('',#3321,1.);
#3321 = DIRECTION('',(0.329052331391,0.94431168753,0.));
#3322 = PCURVE('',#3277,#3323);
#3323 = DEFINITIONAL_REPRESENTATION('',(#3324),#3328);
#3324 = LINE('',#3325,#3326);
#3325 = CARTESIAN_POINT('',(0.,-2.));
#3326 = VECTOR('',#3327,1.);
#3327 = DIRECTION('',(1.,0.));
#3328 = ( GEOMETRIC_REPRESENTATION_CONTEXT(2) 
PARAMETRIC_REPRESENTATION_CONTEXT() REPRESENTATION_CONTEXT('2D SPACE',''
  ) );
#3329 = PCURVE('',#75,#3330);
#3330 = DEFINITIONAL_REPRESENTATION('',(#3331),#3335);
#3331 = LINE('',#3332,#3333);
#3332 = CARTESIAN_POINT('',(15.627227586309,-4.19050494699));
#3333 = VECTOR('',#3334,1.);
#3334 = DIRECTION('',(0.329052331391,0.94431168753));
#3335 = ( GEOMETRIC_REPRESENTATION_CONTEXT(2) 
PARAMETRIC_REPRESENTATION_CONTEXT() REPRESENTATION_CONTEXT('2D SPACE',''
  ) );
#3336 = ORIENTED_EDGE('',*,*,#3337,.F.);
#3337 = EDGE_CURVE('',#3338,#3315,#3340,.T.);
#3338 = VERTEX_POINT('',#3339);
#3339 = CARTESIAN_POINT('',(42.447044022046,24.051804815256,0.));
#3340 = SURFACE_CURVE('',#3341,(#3345,#3352),.PCURVE_S1.);
#3341 = LINE('',#3342,#3343);
#3342 = CARTESIAN_POINT('',(42.447044022046,24.051804815256,0.));
#3343 = VECTOR('',#3344,1.);
#3344 = DIRECTION('',(0.,0.,1.));
#3345 = PCURVE('',#3277,#3346);
#3346 = DEFINITIONAL_REPRESENTATION('',(#3347),#3351);
#3347 = LINE('',#3348,#3349);
#3348 = CARTESIAN_POINT('',(2.302132781958,0.));
#3349 = VECTOR('',#3350,1.);
#3350 = DIRECTION('',(0.,-1.));
#3351 = ( GEOMETRIC_REPRESENTATION_CONTEXT(2) 
PARAMETRIC_REPRESENTATION_CONTEXT() REPRESENTATION_CONTEXT('2D SPACE',''
  ) );
#3352 = PCURVE('',#3353,#3358);
#3353 = PLANE('',#3354);
#3354 = AXIS2_PLACEMENT_3D('',#3355,#3356,#3357);
#3355 = CARTESIAN_POINT('',(42.447044022046,24.051804815256,0.));
#3356 = DIRECTION('',(-0.92706588476,0.374898446667,0.));
#3357 = DIRECTION('',(0.374898446667,0.92706588476,0.));
#3358 = DEFINITIONAL_REPRESENTATION('',(#3359),#3363);
#3359 = LINE('',#3360,#3361);
#3360 = CARTESIAN_POINT('',(0.,0.));
#3361 = VECTOR('',#3362,1.);
#3362 = DIRECTION('',(0.,-1.));
#3363 = ( GEOMETRIC_REPRESENTATION_CONTEXT(2) 
PARAMETRIC_REPRESENTATION_CONTEXT() REPRESENTATION_CONTEXT('2D SPACE',''
  ) );
#3364 = ORIENTED_EDGE('',*,*,#3365,.F.);
#3365 = EDGE_CURVE('',#3262,#3338,#3366,.T.);
#3366 = SURFACE_CURVE('',#3367,(#3371,#3378),.PCURVE_S1.);
#3367 = LINE('',#3368,#3369);
#3368 = CARTESIAN_POINT('',(41.689521862972,21.877873923006,0.));
#3369 = VECTOR('',#3370,1.);
#3370 = DIRECTION('',(0.329052331391,0.94431168753,0.));
#3371 = PCURVE('',#3277,#3372);
#3372 = DEFINITIONAL_REPRESENTATION('',(#3373),#3377);
#3373 = LINE('',#3374,#3375);
#3374 = CARTESIAN_POINT('',(0.,0.));
#3375 = VECTOR('',#3376,1.);
#3376 = DIRECTION('',(1.,0.));
#3377 = ( GEOMETRIC_REPRESENTATION_CONTEXT(2) 
PARAMETRIC_REPRESENTATION_CONTEXT() REPRESENTATION_CONTEXT('2D SPACE',''
  ) );
#3378 = PCURVE('',#129,#3379);
#3379 = DEFINITIONAL_REPRESENTATION('',(#3380),#3384);
#3380 = LINE('',#3381,#3382);
#3381 = CARTESIAN_POINT('',(15.627227586309,-4.19050494699));
#3382 = VECTOR('',#3383,1.);
#3383 = DIRECTION('',(0.329052331391,0.94431168753));
#3384 = ( GEOMETRIC_REPRESENTATION_CONTEXT(2) 
PARAMETRIC_REPRESENTATION_CONTEXT() REPRESENTATION_CONTEXT('2D SPACE',''
  ) );
#3385 = ADVANCED_FACE('',(#3386),#3353,.F.);
#3386 = FACE_BOUND('',#3387,.F.);
#3387 = EDGE_LOOP('',(#3388,#3389,#3412,#3440));
#3388 = ORIENTED_EDGE('',*,*,#3337,.T.);
#3389 = ORIENTED_EDGE('',*,*,#3390,.T.);
#3390 = EDGE_CURVE('',#3315,#3391,#3393,.T.);
#3391 = VERTEX_POINT('',#3392);
#3392 = CARTESIAN_POINT('',(43.310110026023,26.186033579597,2.));
#3393 = SURFACE_CURVE('',#3394,(#3398,#3405),.PCURVE_S1.);
#3394 = LINE('',#3395,#3396);
#3395 = CARTESIAN_POINT('',(42.447044022046,24.051804815256,2.));
#3396 = VECTOR('',#3397,1.);
#3397 = DIRECTION('',(0.374898446667,0.92706588476,0.));
#3398 = PCURVE('',#3353,#3399);
#3399 = DEFINITIONAL_REPRESENTATION('',(#3400),#3404);
#3400 = LINE('',#3401,#3402);
#3401 = CARTESIAN_POINT('',(0.,-2.));
#3402 = VECTOR('',#3403,1.);
#3403 = DIRECTION('',(1.,0.));
#3404 = ( GEOMETRIC_REPRESENTATION_CONTEXT(2) 
PARAMETRIC_REPRESENTATION_CONTEXT() REPRESENTATION_CONTEXT('2D SPACE',''
  ) );
#3405 = PCURVE('',#75,#3406);
#3406 = DEFINITIONAL_REPRESENTATION('',(#3407),#3411);
#3407 = LINE('',#3408,#3409);
#3408 = CARTESIAN_POINT('',(16.384749745383,-2.016574054741));
#3409 = VECTOR('',#3410,1.);
#3410 = DIRECTION('',(0.374898446667,0.92706588476));
#3411 = ( GEOMETRIC_REPRESENTATION_CONTEXT(2) 
PARAMETRIC_REPRESENTATION_CONTEXT() REPRESENTATION_CONTEXT('2D SPACE',''
  ) );
#3412 = ORIENTED_EDGE('',*,*,#3413,.F.);
#3413 = EDGE_CURVE('',#3414,#3391,#3416,.T.);
#3414 = VERTEX_POINT('',#3415);
#3415 = CARTESIAN_POINT('',(43.310110026023,26.186033579597,0.));
#3416 = SURFACE_CURVE('',#3417,(#3421,#3428),.PCURVE_S1.);
#3417 = LINE('',#3418,#3419);
#3418 = CARTESIAN_POINT('',(43.310110026023,26.186033579597,0.));
#3419 = VECTOR('',#3420,1.);
#3420 = DIRECTION('',(0.,0.,1.));
#3421 = PCURVE('',#3353,#3422);
#3422 = DEFINITIONAL_REPRESENTATION('',(#3423),#3427);
#3423 = LINE('',#3424,#3425);
#3424 = CARTESIAN_POINT('',(2.302132781958,0.));
#3425 = VECTOR('',#3426,1.);
#3426 = DIRECTION('',(0.,-1.));
#3427 = ( GEOMETRIC_REPRESENTATION_CONTEXT(2) 
PARAMETRIC_REPRESENTATION_CONTEXT() REPRESENTATION_CONTEXT('2D SPACE',''
  ) );
#3428 = PCURVE('',#3429,#3434);
#3429 = PLANE('',#3430);
#3430 = AXIS2_PLACEMENT_3D('',#3431,#3432,#3433);
#3431 = CARTESIAN_POINT('',(43.310110026023,26.186033579597,0.));
#3432 = DIRECTION('',(-0.907595787647,0.419845074099,0.));
#3433 = DIRECTION('',(0.419845074099,0.907595787647,0.));
#3434 = DEFINITIONAL_REPRESENTATION('',(#3435),#3439);
#3435 = LINE('',#3436,#3437);
#3436 = CARTESIAN_POINT('',(0.,0.));
#3437 = VECTOR('',#3438,1.);
#3438 = DIRECTION('',(0.,-1.));
#3439 = ( GEOMETRIC_REPRESENTATION_CONTEXT(2) 
PARAMETRIC_REPRESENTATION_CONTEXT() REPRESENTATION_CONTEXT('2D SPACE',''
  ) );
#3440 = ORIENTED_EDGE('',*,*,#3441,.F.);
#3441 = EDGE_CURVE('',#3338,#3414,#3442,.T.);
#3442 = SURFACE_CURVE('',#3443,(#3447,#3454),.PCURVE_S1.);
#3443 = LINE('',#3444,#3445);
#3444 = CARTESIAN_POINT('',(42.447044022046,24.051804815256,0.));
#3445 = VECTOR('',#3446,1.);
#3446 = DIRECTION('',(0.374898446667,0.92706588476,0.));
#3447 = PCURVE('',#3353,#3448);
#3448 = DEFINITIONAL_REPRESENTATION('',(#3449),#3453);
#3449 = LINE('',#3450,#3451);
#3450 = CARTESIAN_POINT('',(0.,0.));
#3451 = VECTOR('',#3452,1.);
#3452 = DIRECTION('',(1.,0.));
#3453 = ( GEOMETRIC_REPRESENTATION_CONTEXT(2) 
PARAMETRIC_REPRESENTATION_CONTEXT() REPRESENTATION_CONTEXT('2D SPACE',''
  ) );
#3454 = PCURVE('',#129,#3455);
#3455 = DEFINITIONAL_REPRESENTATION('',(#3456),#3460);
#3456 = LINE('',#3457,#3458);
#3457 = CARTESIAN_POINT('',(16.384749745383,-2.016574054741));
#3458 = VECTOR('',#3459,1.);
#3459 = DIRECTION('',(0.374898446667,0.92706588476));
#3460 = ( GEOMETRIC_REPRESENTATION_CONTEXT(2) 
PARAMETRIC_REPRESENTATION_CONTEXT() REPRESENTATION_CONTEXT('2D SPACE',''
  ) );
#3461 = ADVANCED_FACE('',(#3462),#3429,.F.);
#3462 = FACE_BOUND('',#3463,.F.);
#3463 = EDGE_LOOP('',(#3464,#3465,#3488,#3516));
#3464 = ORIENTED_EDGE('',*,*,#3413,.T.);
#3465 = ORIENTED_EDGE('',*,*,#3466,.T.);
#3466 = EDGE_CURVE('',#3391,#3467,#3469,.T.);
#3467 = VERTEX_POINT('',#3468);
#3468 = CARTESIAN_POINT('',(44.27664913445,28.275439595106,2.));
#3469 = SURFACE_CURVE('',#3470,(#3474,#3481),.PCURVE_S1.);
#3470 = LINE('',#3471,#3472);
#3471 = CARTESIAN_POINT('',(43.310110026023,26.186033579597,2.));
#3472 = VECTOR('',#3473,1.);
#3473 = DIRECTION('',(0.419845074099,0.907595787647,0.));
#3474 = PCURVE('',#3429,#3475);
#3475 = DEFINITIONAL_REPRESENTATION('',(#3476),#3480);
#3476 = LINE('',#3477,#3478);
#3477 = CARTESIAN_POINT('',(0.,-2.));
#3478 = VECTOR('',#3479,1.);
#3479 = DIRECTION('',(1.,0.));
#3480 = ( GEOMETRIC_REPRESENTATION_CONTEXT(2) 
PARAMETRIC_REPRESENTATION_CONTEXT() REPRESENTATION_CONTEXT('2D SPACE',''
  ) );
#3481 = PCURVE('',#75,#3482);
#3482 = DEFINITIONAL_REPRESENTATION('',(#3483),#3487);
#3483 = LINE('',#3484,#3485);
#3484 = CARTESIAN_POINT('',(17.24781574936,0.117654709601));
#3485 = VECTOR('',#3486,1.);
#3486 = DIRECTION('',(0.419845074099,0.907595787647));
#3487 = ( GEOMETRIC_REPRESENTATION_CONTEXT(2) 
PARAMETRIC_REPRESENTATION_CONTEXT() REPRESENTATION_CONTEXT('2D SPACE',''
  ) );
#3488 = ORIENTED_EDGE('',*,*,#3489,.F.);
#3489 = EDGE_CURVE('',#3490,#3467,#3492,.T.);
#3490 = VERTEX_POINT('',#3491);
#3491 = CARTESIAN_POINT('',(44.27664913445,28.275439595106,0.));
#3492 = SURFACE_CURVE('',#3493,(#3497,#3504),.PCURVE_S1.);
#3493 = LINE('',#3494,#3495);
#3494 = CARTESIAN_POINT('',(44.27664913445,28.275439595106,0.));
#3495 = VECTOR('',#3496,1.);
#3496 = DIRECTION('',(0.,0.,1.));
#3497 = PCURVE('',#3429,#3498);
#3498 = DEFINITIONAL_REPRESENTATION('',(#3499),#3503);
#3499 = LINE('',#3500,#3501);
#3500 = CARTESIAN_POINT('',(2.302132781958,0.));
#3501 = VECTOR('',#3502,1.);
#3502 = DIRECTION('',(0.,-1.));
#3503 = ( GEOMETRIC_REPRESENTATION_CONTEXT(2) 
PARAMETRIC_REPRESENTATION_CONTEXT() REPRESENTATION_CONTEXT('2D SPACE',''
  ) );
#3504 = PCURVE('',#3505,#3510);
#3505 = PLANE('',#3506);
#3506 = AXIS2_PLACEMENT_3D('',#3507,#3508,#3509);
#3507 = CARTESIAN_POINT('',(44.27664913445,28.275439595106,0.));
#3508 = DIRECTION('',(-0.885948110483,0.463784373962,0.));
#3509 = DIRECTION('',(0.463784373962,0.885948110483,0.));
#3510 = DEFINITIONAL_REPRESENTATION('',(#3511),#3515);
#3511 = LINE('',#3512,#3513);
#3512 = CARTESIAN_POINT('',(0.,0.));
#3513 = VECTOR('',#3514,1.);
#3514 = DIRECTION('',(0.,-1.));
#3515 = ( GEOMETRIC_REPRESENTATION_CONTEXT(2) 
PARAMETRIC_REPRESENTATION_CONTEXT() REPRESENTATION_CONTEXT('2D SPACE',''
  ) );
#3516 = ORIENTED_EDGE('',*,*,#3517,.F.);
#3517 = EDGE_CURVE('',#3414,#3490,#3518,.T.);
#3518 = SURFACE_CURVE('',#3519,(#3523,#3530),.PCURVE_S1.);
#3519 = LINE('',#3520,#3521);
#3520 = CARTESIAN_POINT('',(43.310110026023,26.186033579597,0.));
#3521 = VECTOR('',#3522,1.);
#3522 = DIRECTION('',(0.419845074099,0.907595787647,0.));
#3523 = PCURVE('',#3429,#3524);
#3524 = DEFINITIONAL_REPRESENTATION('',(#3525),#3529);
#3525 = LINE('',#3526,#3527);
#3526 = CARTESIAN_POINT('',(0.,0.));
#3527 = VECTOR('',#3528,1.);
#3528 = DIRECTION('',(1.,0.));
#3529 = ( GEOMETRIC_REPRESENTATION_CONTEXT(2) 
PARAMETRIC_REPRESENTATION_CONTEXT() REPRESENTATION_CONTEXT('2D SPACE',''
  ) );
#3530 = PCURVE('',#129,#3531);
#3531 = DEFINITIONAL_REPRESENTATION('',(#3532),#3536);
#3532 = LINE('',#3533,#3534);
#3533 = CARTESIAN_POINT('',(17.24781574936,0.117654709601));
#3534 = VECTOR('',#3535,1.);
#3535 = DIRECTION('',(0.419845074099,0.907595787647));
#3536 = ( GEOMETRIC_REPRESENTATION_CONTEXT(2) 
PARAMETRIC_REPRESENTATION_CONTEXT() REPRESENTATION_CONTEXT('2D SPACE',''
  ) );
#3537 = ADVANCED_FACE('',(#3538),#3505,.F.);
#3538 = FACE_BOUND('',#3539,.F.);
#3539 = EDGE_LOOP('',(#3540,#3541,#3564,#3592));
#3540 = ORIENTED_EDGE('',*,*,#3489,.T.);
#3541 = ORIENTED_EDGE('',*,*,#3542,.T.);
#3542 = EDGE_CURVE('',#3467,#3543,#3545,.T.);
#3543 = VERTEX_POINT('',#3544);
#3544 = CARTESIAN_POINT('',(45.361387998079,30.347571388572,2.));
#3545 = SURFACE_CURVE('',#3546,(#3550,#3557),.PCURVE_S1.);
#3546 = LINE('',#3547,#3548);
#3547 = CARTESIAN_POINT('',(44.27664913445,28.275439595106,2.));
#3548 = VECTOR('',#3549,1.);
#3549 = DIRECTION('',(0.463784373962,0.885948110483,0.));
#3550 = PCURVE('',#3505,#3551);
#3551 = DEFINITIONAL_REPRESENTATION('',(#3552),#3556);
#3552 = LINE('',#3553,#3554);
#3553 = CARTESIAN_POINT('',(0.,-2.));
#3554 = VECTOR('',#3555,1.);
#3555 = DIRECTION('',(1.,0.));
#3556 = ( GEOMETRIC_REPRESENTATION_CONTEXT(2) 
PARAMETRIC_REPRESENTATION_CONTEXT() REPRESENTATION_CONTEXT('2D SPACE',''
  ) );
#3557 = PCURVE('',#75,#3558);
#3558 = DEFINITIONAL_REPRESENTATION('',(#3559),#3563);
#3559 = LINE('',#3560,#3561);
#3560 = CARTESIAN_POINT('',(18.214354857787,2.20706072511));
#3561 = VECTOR('',#3562,1.);
#3562 = DIRECTION('',(0.463784373962,0.885948110483));
#3563 = ( GEOMETRIC_REPRESENTATION_CONTEXT(2) 
PARAMETRIC_REPRESENTATION_CONTEXT() REPRESENTATION_CONTEXT('2D SPACE',''
  ) );
#3564 = ORIENTED_EDGE('',*,*,#3565,.F.);
#3565 = EDGE_CURVE('',#3566,#3543,#3568,.T.);
#3566 = VERTEX_POINT('',#3567);
#3567 = CARTESIAN_POINT('',(45.361387998079,30.347571388572,0.));
#3568 = SURFACE_CURVE('',#3569,(#3573,#3580),.PCURVE_S1.);
#3569 = LINE('',#3570,#3571);
#3570 = CARTESIAN_POINT('',(45.361387998079,30.347571388572,0.));
#3571 = VECTOR('',#3572,1.);
#3572 = DIRECTION('',(0.,0.,1.));
#3573 = PCURVE('',#3505,#3574);
#3574 = DEFINITIONAL_REPRESENTATION('',(#3575),#3579);
#3575 = LINE('',#3576,#3577);
#3576 = CARTESIAN_POINT('',(2.338886181873,0.));
#3577 = VECTOR('',#3578,1.);
#3578 = DIRECTION('',(0.,-1.));
#3579 = ( GEOMETRIC_REPRESENTATION_CONTEXT(2) 
PARAMETRIC_REPRESENTATION_CONTEXT() REPRESENTATION_CONTEXT('2D SPACE',''
  ) );
#3580 = PCURVE('',#3581,#3586);
#3581 = PLANE('',#3582);
#3582 = AXIS2_PLACEMENT_3D('',#3583,#3584,#3585);
#3583 = CARTESIAN_POINT('',(45.361387998079,30.347571388572,0.));
#3584 = DIRECTION('',(-0.87435364033,0.485289307158,0.));
#3585 = DIRECTION('',(0.485289307158,0.87435364033,0.));
#3586 = DEFINITIONAL_REPRESENTATION('',(#3587),#3591);
#3587 = LINE('',#3588,#3589);
#3588 = CARTESIAN_POINT('',(0.,0.));
#3589 = VECTOR('',#3590,1.);
#3590 = DIRECTION('',(0.,-1.));
#3591 = ( GEOMETRIC_REPRESENTATION_CONTEXT(2) 
PARAMETRIC_REPRESENTATION_CONTEXT() REPRESENTATION_CONTEXT('2D SPACE',''
  ) );
#3592 = ORIENTED_EDGE('',*,*,#3593,.F.);
#3593 = EDGE_CURVE('',#3490,#3566,#3594,.T.);
#3594 = SURFACE_CURVE('',#3595,(#3599,#3606),.PCURVE_S1.);
#3595 = LINE('',#3596,#3597);
#3596 = CARTESIAN_POINT('',(44.27664913445,28.275439595106,0.));
#3597 = VECTOR('',#3598,1.);
#3598 = DIRECTION('',(0.463784373962,0.885948110483,0.));
#3599 = PCURVE('',#3505,#3600);
#3600 = DEFINITIONAL_REPRESENTATION('',(#3601),#3605);
#3601 = LINE('',#3602,#3603);
#3602 = CARTESIAN_POINT('',(0.,0.));
#3603 = VECTOR('',#3604,1.);
#3604 = DIRECTION('',(1.,0.));
#3605 = ( GEOMETRIC_REPRESENTATION_CONTEXT(2) 
PARAMETRIC_REPRESENTATION_CONTEXT() REPRESENTATION_CONTEXT('2D SPACE',''
  ) );
#3606 = PCURVE('',#129,#3607);
#3607 = DEFINITIONAL_REPRESENTATION('',(#3608),#3612);
#3608 = LINE('',#3609,#3610);
#3609 = CARTESIAN_POINT('',(18.214354857787,2.20706072511));
#3610 = VECTOR('',#3611,1.);
#3611 = DIRECTION('',(0.463784373962,0.885948110483));
#3612 = ( GEOMETRIC_REPRESENTATION_CONTEXT(2) 
PARAMETRIC_REPRESENTATION_CONTEXT() REPRESENTATION_CONTEXT('2D SPACE',''
  ) );
#3613 = ADVANCED_FACE('',(#3614),#3581,.F.);
#3614 = FACE_BOUND('',#3615,.F.);
#3615 = EDGE_LOOP('',(#3616,#3617,#3640,#3668));
#3616 = ORIENTED_EDGE('',*,*,#3565,.T.);
#3617 = ORIENTED_EDGE('',*,*,#3618,.T.);
#3618 = EDGE_CURVE('',#3543,#3619,#3621,.T.);
#3619 = VERTEX_POINT('',#3620);
#3620 = CARTESIAN_POINT('',(45.63962177849,30.848869717582,2.));
#3621 = SURFACE_CURVE('',#3622,(#3626,#3633),.PCURVE_S1.);
#3622 = LINE('',#3623,#3624);
#3623 = CARTESIAN_POINT('',(45.361387998079,30.347571388572,2.));
#3624 = VECTOR('',#3625,1.);
#3625 = DIRECTION('',(0.485289307158,0.87435364033,0.));
#3626 = PCURVE('',#3581,#3627);
#3627 = DEFINITIONAL_REPRESENTATION('',(#3628),#3632);
#3628 = LINE('',#3629,#3630);
#3629 = CARTESIAN_POINT('',(0.,-2.));
#3630 = VECTOR('',#3631,1.);
#3631 = DIRECTION('',(1.,0.));
#3632 = ( GEOMETRIC_REPRESENTATION_CONTEXT(2) 
PARAMETRIC_REPRESENTATION_CONTEXT() REPRESENTATION_CONTEXT('2D SPACE',''
  ) );
#3633 = PCURVE('',#75,#3634);
#3634 = DEFINITIONAL_REPRESENTATION('',(#3635),#3639);
#3635 = LINE('',#3636,#3637);
#3636 = CARTESIAN_POINT('',(19.299093721416,4.279192518575));
#3637 = VECTOR('',#3638,1.);
#3638 = DIRECTION('',(0.485289307158,0.87435364033));
#3639 = ( GEOMETRIC_REPRESENTATION_CONTEXT(2) 
PARAMETRIC_REPRESENTATION_CONTEXT() REPRESENTATION_CONTEXT('2D SPACE',''
  ) );
#3640 = ORIENTED_EDGE('',*,*,#3641,.F.);
#3641 = EDGE_CURVE('',#3642,#3619,#3644,.T.);
#3642 = VERTEX_POINT('',#3643);
#3643 = CARTESIAN_POINT('',(45.63962177849,30.848869717582,0.));
#3644 = SURFACE_CURVE('',#3645,(#3649,#3656),.PCURVE_S1.);
#3645 = LINE('',#3646,#3647);
#3646 = CARTESIAN_POINT('',(45.63962177849,30.848869717582,0.));
#3647 = VECTOR('',#3648,1.);
#3648 = DIRECTION('',(0.,0.,1.));
#3649 = PCURVE('',#3581,#3650);
#3650 = DEFINITIONAL_REPRESENTATION('',(#3651),#3655);
#3651 = LINE('',#3652,#3653);
#3652 = CARTESIAN_POINT('',(0.573335897385,0.));
#3653 = VECTOR('',#3654,1.);
#3654 = DIRECTION('',(0.,-1.));
#3655 = ( GEOMETRIC_REPRESENTATION_CONTEXT(2) 
PARAMETRIC_REPRESENTATION_CONTEXT() REPRESENTATION_CONTEXT('2D SPACE',''
  ) );
#3656 = PCURVE('',#3657,#3662);
#3657 = PLANE('',#3658);
#3658 = AXIS2_PLACEMENT_3D('',#3659,#3660,#3661);
#3659 = CARTESIAN_POINT('',(45.63962177849,30.848869717582,0.));
#3660 = DIRECTION('',(-0.876669827959,0.481092519944,0.));
#3661 = DIRECTION('',(0.481092519944,0.876669827959,0.));
#3662 = DEFINITIONAL_REPRESENTATION('',(#3663),#3667);
#3663 = LINE('',#3664,#3665);
#3664 = CARTESIAN_POINT('',(0.,0.));
#3665 = VECTOR('',#3666,1.);
#3666 = DIRECTION('',(0.,-1.));
#3667 = ( GEOMETRIC_REPRESENTATION_CONTEXT(2) 
PARAMETRIC_REPRESENTATION_CONTEXT() REPRESENTATION_CONTEXT('2D SPACE',''
  ) );
#3668 = ORIENTED_EDGE('',*,*,#3669,.F.);
#3669 = EDGE_CURVE('',#3566,#3642,#3670,.T.);
#3670 = SURFACE_CURVE('',#3671,(#3675,#3682),.PCURVE_S1.);
#3671 = LINE('',#3672,#3673);
#3672 = CARTESIAN_POINT('',(45.361387998079,30.347571388572,0.));
#3673 = VECTOR('',#3674,1.);
#3674 = DIRECTION('',(0.485289307158,0.87435364033,0.));
#3675 = PCURVE('',#3581,#3676);
#3676 = DEFINITIONAL_REPRESENTATION('',(#3677),#3681);
#3677 = LINE('',#3678,#3679);
#3678 = CARTESIAN_POINT('',(0.,0.));
#3679 = VECTOR('',#3680,1.);
#3680 = DIRECTION('',(1.,0.));
#3681 = ( GEOMETRIC_REPRESENTATION_CONTEXT(2) 
PARAMETRIC_REPRESENTATION_CONTEXT() REPRESENTATION_CONTEXT('2D SPACE',''
  ) );
#3682 = PCURVE('',#129,#3683);
#3683 = DEFINITIONAL_REPRESENTATION('',(#3684),#3688);
#3684 = LINE('',#3685,#3686);
#3685 = CARTESIAN_POINT('',(19.299093721416,4.279192518575));
#3686 = VECTOR('',#3687,1.);
#3687 = DIRECTION('',(0.485289307158,0.87435364033));
#3688 = ( GEOMETRIC_REPRESENTATION_CONTEXT(2) 
PARAMETRIC_REPRESENTATION_CONTEXT() REPRESENTATION_CONTEXT('2D SPACE',''
  ) );
#3689 = ADVANCED_FACE('',(#3690),#3657,.F.);
#3690 = FACE_BOUND('',#3691,.F.);
#3691 = EDGE_LOOP('',(#3692,#3693,#3716,#3744));
#3692 = ORIENTED_EDGE('',*,*,#3641,.T.);
#3693 = ORIENTED_EDGE('',*,*,#3694,.T.);
#3694 = EDGE_CURVE('',#3619,#3695,#3697,.T.);
#3695 = VERTEX_POINT('',#3696);
#3696 = CARTESIAN_POINT('',(45.958101504019,31.429218724506,2.));
#3697 = SURFACE_CURVE('',#3698,(#3702,#3709),.PCURVE_S1.);
#3698 = LINE('',#3699,#3700);
#3699 = CARTESIAN_POINT('',(45.63962177849,30.848869717582,2.));
#3700 = VECTOR('',#3701,1.);
#3701 = DIRECTION('',(0.481092519944,0.876669827959,0.));
#3702 = PCURVE('',#3657,#3703);
#3703 = DEFINITIONAL_REPRESENTATION('',(#3704),#3708);
#3704 = LINE('',#3705,#3706);
#3705 = CARTESIAN_POINT('',(0.,-2.));
#3706 = VECTOR('',#3707,1.);
#3707 = DIRECTION('',(1.,0.));
#3708 = ( GEOMETRIC_REPRESENTATION_CONTEXT(2) 
PARAMETRIC_REPRESENTATION_CONTEXT() REPRESENTATION_CONTEXT('2D SPACE',''
  ) );
#3709 = PCURVE('',#75,#3710);
#3710 = DEFINITIONAL_REPRESENTATION('',(#3711),#3715);
#3711 = LINE('',#3712,#3713);
#3712 = CARTESIAN_POINT('',(19.577327501827,4.780490847585));
#3713 = VECTOR('',#3714,1.);
#3714 = DIRECTION('',(0.481092519944,0.876669827959));
#3715 = ( GEOMETRIC_REPRESENTATION_CONTEXT(2) 
PARAMETRIC_REPRESENTATION_CONTEXT() REPRESENTATION_CONTEXT('2D SPACE',''
  ) );
#3716 = ORIENTED_EDGE('',*,*,#3717,.F.);
#3717 = EDGE_CURVE('',#3718,#3695,#3720,.T.);
#3718 = VERTEX_POINT('',#3719);
#3719 = CARTESIAN_POINT('',(45.958101504019,31.429218724506,0.));
#3720 = SURFACE_CURVE('',#3721,(#3725,#3732),.PCURVE_S1.);
#3721 = LINE('',#3722,#3723);
#3722 = CARTESIAN_POINT('',(45.958101504019,31.429218724506,0.));
#3723 = VECTOR('',#3724,1.);
#3724 = DIRECTION('',(0.,0.,1.));
#3725 = PCURVE('',#3657,#3726);
#3726 = DEFINITIONAL_REPRESENTATION('',(#3727),#3731);
#3727 = LINE('',#3728,#3729);
#3728 = CARTESIAN_POINT('',(0.661992677762,0.));
#3729 = VECTOR('',#3730,1.);
#3730 = DIRECTION('',(0.,-1.));
#3731 = ( GEOMETRIC_REPRESENTATION_CONTEXT(2) 
PARAMETRIC_REPRESENTATION_CONTEXT() REPRESENTATION_CONTEXT('2D SPACE',''
  ) );
#3732 = PCURVE('',#3733,#3738);
#3733 = PLANE('',#3734);
#3734 = AXIS2_PLACEMENT_3D('',#3735,#3736,#3737);
#3735 = CARTESIAN_POINT('',(45.958101504019,31.429218724506,0.));
#3736 = DIRECTION('',(-0.87790571429,0.47883353769,0.));
#3737 = DIRECTION('',(0.47883353769,0.87790571429,0.));
#3738 = DEFINITIONAL_REPRESENTATION('',(#3739),#3743);
#3739 = LINE('',#3740,#3741);
#3740 = CARTESIAN_POINT('',(0.,0.));
#3741 = VECTOR('',#3742,1.);
#3742 = DIRECTION('',(0.,-1.));
#3743 = ( GEOMETRIC_REPRESENTATION_CONTEXT(2) 
PARAMETRIC_REPRESENTATION_CONTEXT() REPRESENTATION_CONTEXT('2D SPACE',''
  ) );
#3744 = ORIENTED_EDGE('',*,*,#3745,.F.);
#3745 = EDGE_CURVE('',#3642,#3718,#3746,.T.);
#3746 = SURFACE_CURVE('',#3747,(#3751,#3758),.PCURVE_S1.);
#3747 = LINE('',#3748,#3749);
#3748 = CARTESIAN_POINT('',(45.63962177849,30.848869717582,0.));
#3749 = VECTOR('',#3750,1.);
#3750 = DIRECTION('',(0.481092519944,0.876669827959,0.));
#3751 = PCURVE('',#3657,#3752);
#3752 = DEFINITIONAL_REPRESENTATION('',(#3753),#3757);
#3753 = LINE('',#3754,#3755);
#3754 = CARTESIAN_POINT('',(0.,0.));
#3755 = VECTOR('',#3756,1.);
#3756 = DIRECTION('',(1.,0.));
#3757 = ( GEOMETRIC_REPRESENTATION_CONTEXT(2) 
PARAMETRIC_REPRESENTATION_CONTEXT() REPRESENTATION_CONTEXT('2D SPACE',''
  ) );
#3758 = PCURVE('',#129,#3759);
#3759 = DEFINITIONAL_REPRESENTATION('',(#3760),#3764);
#3760 = LINE('',#3761,#3762);
#3761 = CARTESIAN_POINT('',(19.577327501827,4.780490847585));
#3762 = VECTOR('',#3763,1.);
#3763 = DIRECTION('',(0.481092519944,0.876669827959));
#3764 = ( GEOMETRIC_REPRESENTATION_CONTEXT(2) 
PARAMETRIC_REPRESENTATION_CONTEXT() REPRESENTATION_CONTEXT('2D SPACE',''
  ) );
#3765 = ADVANCED_FACE('',(#3766),#3733,.F.);
#3766 = FACE_BOUND('',#3767,.F.);
#3767 = EDGE_LOOP('',(#3768,#3769,#3792,#3820));
#3768 = ORIENTED_EDGE('',*,*,#3717,.T.);
#3769 = ORIENTED_EDGE('',*,*,#3770,.T.);
#3770 = EDGE_CURVE('',#3695,#3771,#3773,.T.);
#3771 = VERTEX_POINT('',#3772);
#3772 = CARTESIAN_POINT('',(45.965499359364,31.442782142625,2.));
#3773 = SURFACE_CURVE('',#3774,(#3778,#3785),.PCURVE_S1.);
#3774 = LINE('',#3775,#3776);
#3775 = CARTESIAN_POINT('',(45.958101504019,31.429218724506,2.));
#3776 = VECTOR('',#3777,1.);
#3777 = DIRECTION('',(0.47883353769,0.87790571429,0.));
#3778 = PCURVE('',#3733,#3779);
#3779 = DEFINITIONAL_REPRESENTATION('',(#3780),#3784);
#3780 = LINE('',#3781,#3782);
#3781 = CARTESIAN_POINT('',(0.,-2.));
#3782 = VECTOR('',#3783,1.);
#3783 = DIRECTION('',(1.,0.));
#3784 = ( GEOMETRIC_REPRESENTATION_CONTEXT(2) 
PARAMETRIC_REPRESENTATION_CONTEXT() REPRESENTATION_CONTEXT('2D SPACE',''
  ) );
#3785 = PCURVE('',#75,#3786);
#3786 = DEFINITIONAL_REPRESENTATION('',(#3787),#3791);
#3787 = LINE('',#3788,#3789);
#3788 = CARTESIAN_POINT('',(19.895807227356,5.36083985451));
#3789 = VECTOR('',#3790,1.);
#3790 = DIRECTION('',(0.47883353769,0.87790571429));
#3791 = ( GEOMETRIC_REPRESENTATION_CONTEXT(2) 
PARAMETRIC_REPRESENTATION_CONTEXT() REPRESENTATION_CONTEXT('2D SPACE',''
  ) );
#3792 = ORIENTED_EDGE('',*,*,#3793,.F.);
#3793 = EDGE_CURVE('',#3794,#3771,#3796,.T.);
#3794 = VERTEX_POINT('',#3795);
#3795 = CARTESIAN_POINT('',(45.965499359364,31.442782142625,0.));
#3796 = SURFACE_CURVE('',#3797,(#3801,#3808),.PCURVE_S1.);
#3797 = LINE('',#3798,#3799);
#3798 = CARTESIAN_POINT('',(45.965499359364,31.442782142625,0.));
#3799 = VECTOR('',#3800,1.);
#3800 = DIRECTION('',(0.,0.,1.));
#3801 = PCURVE('',#3733,#3802);
#3802 = DEFINITIONAL_REPRESENTATION('',(#3803),#3807);
#3803 = LINE('',#3804,#3805);
#3804 = CARTESIAN_POINT('',(1.544974351809E-02,0.));
#3805 = VECTOR('',#3806,1.);
#3806 = DIRECTION('',(0.,-1.));
#3807 = ( GEOMETRIC_REPRESENTATION_CONTEXT(2) 
PARAMETRIC_REPRESENTATION_CONTEXT() REPRESENTATION_CONTEXT('2D SPACE',''
  ) );
#3808 = PCURVE('',#3809,#3814);
#3809 = PLANE('',#3810);
#3810 = AXIS2_PLACEMENT_3D('',#3811,#3812,#3813);
#3811 = CARTESIAN_POINT('',(45.965499359364,31.442782142625,0.));
#3812 = DIRECTION('',(-0.879135779741,0.476571380571,0.));
#3813 = DIRECTION('',(0.476571380571,0.879135779741,0.));
#3814 = DEFINITIONAL_REPRESENTATION('',(#3815),#3819);
#3815 = LINE('',#3816,#3817);
#3816 = CARTESIAN_POINT('',(0.,0.));
#3817 = VECTOR('',#3818,1.);
#3818 = DIRECTION('',(0.,-1.));
#3819 = ( GEOMETRIC_REPRESENTATION_CONTEXT(2) 
PARAMETRIC_REPRESENTATION_CONTEXT() REPRESENTATION_CONTEXT('2D SPACE',''
  ) );
#3820 = ORIENTED_EDGE('',*,*,#3821,.F.);
#3821 = EDGE_CURVE('',#3718,#3794,#3822,.T.);
#3822 = SURFACE_CURVE('',#3823,(#3827,#3834),.PCURVE_S1.);
#3823 = LINE('',#3824,#3825);
#3824 = CARTESIAN_POINT('',(45.958101504019,31.429218724506,0.));
#3825 = VECTOR('',#3826,1.);
#3826 = DIRECTION('',(0.47883353769,0.87790571429,0.));
#3827 = PCURVE('',#3733,#3828);
#3828 = DEFINITIONAL_REPRESENTATION('',(#3829),#3833);
#3829 = LINE('',#3830,#3831);
#3830 = CARTESIAN_POINT('',(0.,0.));
#3831 = VECTOR('',#3832,1.);
#3832 = DIRECTION('',(1.,0.));
#3833 = ( GEOMETRIC_REPRESENTATION_CONTEXT(2) 
PARAMETRIC_REPRESENTATION_CONTEXT() REPRESENTATION_CONTEXT('2D SPACE',''
  ) );
#3834 = PCURVE('',#129,#3835);
#3835 = DEFINITIONAL_REPRESENTATION('',(#3836),#3840);
#3836 = LINE('',#3837,#3838);
#3837 = CARTESIAN_POINT('',(19.895807227356,5.36083985451));
#3838 = VECTOR('',#3839,1.);
#3839 = DIRECTION('',(0.47883353769,0.87790571429));
#3840 = ( GEOMETRIC_REPRESENTATION_CONTEXT(2) 
PARAMETRIC_REPRESENTATION_CONTEXT() REPRESENTATION_CONTEXT('2D SPACE',''
  ) );
#3841 = ADVANCED_FACE('',(#3842),#3809,.F.);
#3842 = FACE_BOUND('',#3843,.F.);
#3843 = EDGE_LOOP('',(#3844,#3845,#3868,#3896));
#3844 = ORIENTED_EDGE('',*,*,#3793,.T.);
#3845 = ORIENTED_EDGE('',*,*,#3846,.T.);
#3846 = EDGE_CURVE('',#3771,#3847,#3849,.T.);
#3847 = VERTEX_POINT('',#3848);
#3848 = CARTESIAN_POINT('',(46.278887357741,32.020891977891,2.));
#3849 = SURFACE_CURVE('',#3850,(#3854,#3861),.PCURVE_S1.);
#3850 = LINE('',#3851,#3852);
#3851 = CARTESIAN_POINT('',(45.965499359364,31.442782142625,2.));
#3852 = VECTOR('',#3853,1.);
#3853 = DIRECTION('',(0.476571380571,0.879135779741,0.));
#3854 = PCURVE('',#3809,#3855);
#3855 = DEFINITIONAL_REPRESENTATION('',(#3856),#3860);
#3856 = LINE('',#3857,#3858);
#3857 = CARTESIAN_POINT('',(0.,-2.));
#3858 = VECTOR('',#3859,1.);
#3859 = DIRECTION('',(1.,0.));
#3860 = ( GEOMETRIC_REPRESENTATION_CONTEXT(2) 
PARAMETRIC_REPRESENTATION_CONTEXT() REPRESENTATION_CONTEXT('2D SPACE',''
  ) );
#3861 = PCURVE('',#75,#3862);
#3862 = DEFINITIONAL_REPRESENTATION('',(#3863),#3867);
#3863 = LINE('',#3864,#3865);
#3864 = CARTESIAN_POINT('',(19.903205082702,5.374403272628));
#3865 = VECTOR('',#3866,1.);
#3866 = DIRECTION('',(0.476571380571,0.879135779741));
#3867 = ( GEOMETRIC_REPRESENTATION_CONTEXT(2) 
PARAMETRIC_REPRESENTATION_CONTEXT() REPRESENTATION_CONTEXT('2D SPACE',''
  ) );
#3868 = ORIENTED_EDGE('',*,*,#3869,.F.);
#3869 = EDGE_CURVE('',#3870,#3847,#3872,.T.);
#3870 = VERTEX_POINT('',#3871);
#3871 = CARTESIAN_POINT('',(46.278887357741,32.020891977891,0.));
#3872 = SURFACE_CURVE('',#3873,(#3877,#3884),.PCURVE_S1.);
#3873 = LINE('',#3874,#3875);
#3874 = CARTESIAN_POINT('',(46.278887357741,32.020891977891,0.));
#3875 = VECTOR('',#3876,1.);
#3876 = DIRECTION('',(0.,0.,1.));
#3877 = PCURVE('',#3809,#3878);
#3878 = DEFINITIONAL_REPRESENTATION('',(#3879),#3883);
#3879 = LINE('',#3880,#3881);
#3880 = CARTESIAN_POINT('',(0.657588791843,0.));
#3881 = VECTOR('',#3882,1.);
#3882 = DIRECTION('',(0.,-1.));
#3883 = ( GEOMETRIC_REPRESENTATION_CONTEXT(2) 
PARAMETRIC_REPRESENTATION_CONTEXT() REPRESENTATION_CONTEXT('2D SPACE',''
  ) );
#3884 = PCURVE('',#3885,#3890);
#3885 = PLANE('',#3886);
#3886 = AXIS2_PLACEMENT_3D('',#3887,#3888,#3889);
#3887 = CARTESIAN_POINT('',(46.278887357741,32.020891977891,0.));
#3888 = DIRECTION('',(-0.880388202379,0.474253743382,0.));
#3889 = DIRECTION('',(0.474253743382,0.880388202379,0.));
#3890 = DEFINITIONAL_REPRESENTATION('',(#3891),#3895);
#3891 = LINE('',#3892,#3893);
#3892 = CARTESIAN_POINT('',(0.,0.));
#3893 = VECTOR('',#3894,1.);
#3894 = DIRECTION('',(0.,-1.));
#3895 = ( GEOMETRIC_REPRESENTATION_CONTEXT(2) 
PARAMETRIC_REPRESENTATION_CONTEXT() REPRESENTATION_CONTEXT('2D SPACE',''
  ) );
#3896 = ORIENTED_EDGE('',*,*,#3897,.F.);
#3897 = EDGE_CURVE('',#3794,#3870,#3898,.T.);
#3898 = SURFACE_CURVE('',#3899,(#3903,#3910),.PCURVE_S1.);
#3899 = LINE('',#3900,#3901);
#3900 = CARTESIAN_POINT('',(45.965499359364,31.442782142625,0.));
#3901 = VECTOR('',#3902,1.);
#3902 = DIRECTION('',(0.476571380571,0.879135779741,0.));
#3903 = PCURVE('',#3809,#3904);
#3904 = DEFINITIONAL_REPRESENTATION('',(#3905),#3909);
#3905 = LINE('',#3906,#3907);
#3906 = CARTESIAN_POINT('',(0.,0.));
#3907 = VECTOR('',#3908,1.);
#3908 = DIRECTION('',(1.,0.));
#3909 = ( GEOMETRIC_REPRESENTATION_CONTEXT(2) 
PARAMETRIC_REPRESENTATION_CONTEXT() REPRESENTATION_CONTEXT('2D SPACE',''
  ) );
#3910 = PCURVE('',#129,#3911);
#3911 = DEFINITIONAL_REPRESENTATION('',(#3912),#3916);
#3912 = LINE('',#3913,#3914);
#3913 = CARTESIAN_POINT('',(19.903205082702,5.374403272628));
#3914 = VECTOR('',#3915,1.);
#3915 = DIRECTION('',(0.476571380571,0.879135779741));
#3916 = ( GEOMETRIC_REPRESENTATION_CONTEXT(2) 
PARAMETRIC_REPRESENTATION_CONTEXT() REPRESENTATION_CONTEXT('2D SPACE',''
  ) );
#3917 = ADVANCED_FACE('',(#3918),#3885,.F.);
#3918 = FACE_BOUND('',#3919,.F.);
#3919 = EDGE_LOOP('',(#3920,#3921,#3944,#3972));
#3920 = ORIENTED_EDGE('',*,*,#3869,.T.);
#3921 = ORIENTED_EDGE('',*,*,#3922,.T.);
#3922 = EDGE_CURVE('',#3847,#3923,#3925,.T.);
#3923 = VERTEX_POINT('',#3924);
#3924 = CARTESIAN_POINT('',(46.286383563874,32.034807674993,2.));
#3925 = SURFACE_CURVE('',#3926,(#3930,#3937),.PCURVE_S1.);
#3926 = LINE('',#3927,#3928);
#3927 = CARTESIAN_POINT('',(46.278887357741,32.020891977891,2.));
#3928 = VECTOR('',#3929,1.);
#3929 = DIRECTION('',(0.474253743382,0.880388202379,0.));
#3930 = PCURVE('',#3885,#3931);
#3931 = DEFINITIONAL_REPRESENTATION('',(#3932),#3936);
#3932 = LINE('',#3933,#3934);
#3933 = CARTESIAN_POINT('',(0.,-2.));
#3934 = VECTOR('',#3935,1.);
#3935 = DIRECTION('',(1.,0.));
#3936 = ( GEOMETRIC_REPRESENTATION_CONTEXT(2) 
PARAMETRIC_REPRESENTATION_CONTEXT() REPRESENTATION_CONTEXT('2D SPACE',''
  ) );
#3937 = PCURVE('',#75,#3938);
#3938 = DEFINITIONAL_REPRESENTATION('',(#3939),#3943);
#3939 = LINE('',#3940,#3941);
#3940 = CARTESIAN_POINT('',(20.216593081078,5.952513107895));
#3941 = VECTOR('',#3942,1.);
#3942 = DIRECTION('',(0.474253743382,0.880388202379));
#3943 = ( GEOMETRIC_REPRESENTATION_CONTEXT(2) 
PARAMETRIC_REPRESENTATION_CONTEXT() REPRESENTATION_CONTEXT('2D SPACE',''
  ) );
#3944 = ORIENTED_EDGE('',*,*,#3945,.F.);
#3945 = EDGE_CURVE('',#3946,#3923,#3948,.T.);
#3946 = VERTEX_POINT('',#3947);
#3947 = CARTESIAN_POINT('',(46.286383563874,32.034807674993,0.));
#3948 = SURFACE_CURVE('',#3949,(#3953,#3960),.PCURVE_S1.);
#3949 = LINE('',#3950,#3951);
#3950 = CARTESIAN_POINT('',(46.286383563874,32.034807674993,0.));
#3951 = VECTOR('',#3952,1.);
#3952 = DIRECTION('',(0.,0.,1.));
#3953 = PCURVE('',#3885,#3954);
#3954 = DEFINITIONAL_REPRESENTATION('',(#3955),#3959);
#3955 = LINE('',#3956,#3957);
#3956 = CARTESIAN_POINT('',(1.580631937612E-02,0.));
#3957 = VECTOR('',#3958,1.);
#3958 = DIRECTION('',(0.,-1.));
#3959 = ( GEOMETRIC_REPRESENTATION_CONTEXT(2) 
PARAMETRIC_REPRESENTATION_CONTEXT() REPRESENTATION_CONTEXT('2D SPACE',''
  ) );
#3960 = PCURVE('',#3961,#3966);
#3961 = PLANE('',#3962);
#3962 = AXIS2_PLACEMENT_3D('',#3963,#3964,#3965);
#3963 = CARTESIAN_POINT('',(46.286383563874,32.034807674993,0.));
#3964 = DIRECTION('',(-0.881634515119,0.47193281487,0.));
#3965 = DIRECTION('',(0.47193281487,0.881634515119,0.));
#3966 = DEFINITIONAL_REPRESENTATION('',(#3967),#3971);
#3967 = LINE('',#3968,#3969);
#3968 = CARTESIAN_POINT('',(0.,0.));
#3969 = VECTOR('',#3970,1.);
#3970 = DIRECTION('',(0.,-1.));
#3971 = ( GEOMETRIC_REPRESENTATION_CONTEXT(2) 
PARAMETRIC_REPRESENTATION_CONTEXT() REPRESENTATION_CONTEXT('2D SPACE',''
  ) );
#3972 = ORIENTED_EDGE('',*,*,#3973,.F.);
#3973 = EDGE_CURVE('',#3870,#3946,#3974,.T.);
#3974 = SURFACE_CURVE('',#3975,(#3979,#3986),.PCURVE_S1.);
#3975 = LINE('',#3976,#3977);
#3976 = CARTESIAN_POINT('',(46.278887357741,32.020891977891,0.));
#3977 = VECTOR('',#3978,1.);
#3978 = DIRECTION('',(0.474253743382,0.880388202379,0.));
#3979 = PCURVE('',#3885,#3980);
#3980 = DEFINITIONAL_REPRESENTATION('',(#3981),#3985);
#3981 = LINE('',#3982,#3983);
#3982 = CARTESIAN_POINT('',(0.,0.));
#3983 = VECTOR('',#3984,1.);
#3984 = DIRECTION('',(1.,0.));
#3985 = ( GEOMETRIC_REPRESENTATION_CONTEXT(2) 
PARAMETRIC_REPRESENTATION_CONTEXT() REPRESENTATION_CONTEXT('2D SPACE',''
  ) );
#3986 = PCURVE('',#129,#3987);
#3987 = DEFINITIONAL_REPRESENTATION('',(#3988),#3992);
#3988 = LINE('',#3989,#3990);
#3989 = CARTESIAN_POINT('',(20.216593081078,5.952513107895));
#3990 = VECTOR('',#3991,1.);
#3991 = DIRECTION('',(0.474253743382,0.880388202379));
#3992 = ( GEOMETRIC_REPRESENTATION_CONTEXT(2) 
PARAMETRIC_REPRESENTATION_CONTEXT() REPRESENTATION_CONTEXT('2D SPACE',''
  ) );
#3993 = ADVANCED_FACE('',(#3994),#3961,.F.);
#3994 = FACE_BOUND('',#3995,.F.);
#3995 = EDGE_LOOP('',(#3996,#3997,#4020,#4048));
#3996 = ORIENTED_EDGE('',*,*,#3945,.T.);
#3997 = ORIENTED_EDGE('',*,*,#3998,.T.);
#3998 = EDGE_CURVE('',#3923,#3999,#4001,.T.);
#3999 = VERTEX_POINT('',#4000);
#4000 = CARTESIAN_POINT('',(46.591083190369,32.604027909308,2.));
#4001 = SURFACE_CURVE('',#4002,(#4006,#4013),.PCURVE_S1.);
#4002 = LINE('',#4003,#4004);
#4003 = CARTESIAN_POINT('',(46.286383563874,32.034807674993,2.));
#4004 = VECTOR('',#4005,1.);
#4005 = DIRECTION('',(0.47193281487,0.881634515119,0.));
#4006 = PCURVE('',#3961,#4007);
#4007 = DEFINITIONAL_REPRESENTATION('',(#4008),#4012);
#4008 = LINE('',#4009,#4010);
#4009 = CARTESIAN_POINT('',(0.,-2.));
#4010 = VECTOR('',#4011,1.);
#4011 = DIRECTION('',(1.,0.));
#4012 = ( GEOMETRIC_REPRESENTATION_CONTEXT(2) 
PARAMETRIC_REPRESENTATION_CONTEXT() REPRESENTATION_CONTEXT('2D SPACE',''
  ) );
#4013 = PCURVE('',#75,#4014);
#4014 = DEFINITIONAL_REPRESENTATION('',(#4015),#4019);
#4015 = LINE('',#4016,#4017);
#4016 = CARTESIAN_POINT('',(20.224089287212,5.966428804996));
#4017 = VECTOR('',#4018,1.);
#4018 = DIRECTION('',(0.47193281487,0.881634515119));
#4019 = ( GEOMETRIC_REPRESENTATION_CONTEXT(2) 
PARAMETRIC_REPRESENTATION_CONTEXT() REPRESENTATION_CONTEXT('2D SPACE',''
  ) );
#4020 = ORIENTED_EDGE('',*,*,#4021,.F.);
#4021 = EDGE_CURVE('',#4022,#3999,#4024,.T.);
#4022 = VERTEX_POINT('',#4023);
#4023 = CARTESIAN_POINT('',(46.591083190369,32.604027909308,0.));
#4024 = SURFACE_CURVE('',#4025,(#4029,#4036),.PCURVE_S1.);
#4025 = LINE('',#4026,#4027);
#4026 = CARTESIAN_POINT('',(46.591083190369,32.604027909308,0.));
#4027 = VECTOR('',#4028,1.);
#4028 = DIRECTION('',(0.,0.,1.));
#4029 = PCURVE('',#3961,#4030);
#4030 = DEFINITIONAL_REPRESENTATION('',(#4031),#4035);
#4031 = LINE('',#4032,#4033);
#4032 = CARTESIAN_POINT('',(0.645641957697,0.));
#4033 = VECTOR('',#4034,1.);
#4034 = DIRECTION('',(0.,-1.));
#4035 = ( GEOMETRIC_REPRESENTATION_CONTEXT(2) 
PARAMETRIC_REPRESENTATION_CONTEXT() REPRESENTATION_CONTEXT('2D SPACE',''
  ) );
#4036 = PCURVE('',#4037,#4042);
#4037 = PLANE('',#4038);
#4038 = AXIS2_PLACEMENT_3D('',#4039,#4040,#4041);
#4039 = CARTESIAN_POINT('',(46.591083190369,32.604027909308,0.));
#4040 = DIRECTION('',(-0.883015376263,0.469344058536,0.));
#4041 = DIRECTION('',(0.469344058536,0.883015376263,0.));
#4042 = DEFINITIONAL_REPRESENTATION('',(#4043),#4047);
#4043 = LINE('',#4044,#4045);
#4044 = CARTESIAN_POINT('',(0.,0.));
#4045 = VECTOR('',#4046,1.);
#4046 = DIRECTION('',(0.,-1.));
#4047 = ( GEOMETRIC_REPRESENTATION_CONTEXT(2) 
PARAMETRIC_REPRESENTATION_CONTEXT() REPRESENTATION_CONTEXT('2D SPACE',''
  ) );
#4048 = ORIENTED_EDGE('',*,*,#4049,.F.);
#4049 = EDGE_CURVE('',#3946,#4022,#4050,.T.);
#4050 = SURFACE_CURVE('',#4051,(#4055,#4062),.PCURVE_S1.);
#4051 = LINE('',#4052,#4053);
#4052 = CARTESIAN_POINT('',(46.286383563874,32.034807674993,0.));
#4053 = VECTOR('',#4054,1.);
#4054 = DIRECTION('',(0.47193281487,0.881634515119,0.));
#4055 = PCURVE('',#3961,#4056);
#4056 = DEFINITIONAL_REPRESENTATION('',(#4057),#4061);
#4057 = LINE('',#4058,#4059);
#4058 = CARTESIAN_POINT('',(0.,0.));
#4059 = VECTOR('',#4060,1.);
#4060 = DIRECTION('',(1.,0.));
#4061 = ( GEOMETRIC_REPRESENTATION_CONTEXT(2) 
PARAMETRIC_REPRESENTATION_CONTEXT() REPRESENTATION_CONTEXT('2D SPACE',''
  ) );
#4062 = PCURVE('',#129,#4063);
#4063 = DEFINITIONAL_REPRESENTATION('',(#4064),#4068);
#4064 = LINE('',#4065,#4066);
#4065 = CARTESIAN_POINT('',(20.224089287212,5.966428804996));
#4066 = VECTOR('',#4067,1.);
#4067 = DIRECTION('',(0.47193281487,0.881634515119));
#4068 = ( GEOMETRIC_REPRESENTATION_CONTEXT(2) 
PARAMETRIC_REPRESENTATION_CONTEXT() REPRESENTATION_CONTEXT('2D SPACE',''
  ) );
#4069 = ADVANCED_FACE('',(#4070),#4037,.F.);
#4070 = FACE_BOUND('',#4071,.F.);
#4071 = EDGE_LOOP('',(#4072,#4073,#4096,#4124));
#4072 = ORIENTED_EDGE('',*,*,#4021,.T.);
#4073 = ORIENTED_EDGE('',*,*,#4074,.T.);
#4074 = EDGE_CURVE('',#3999,#4075,#4077,.T.);
#4075 = VERTEX_POINT('',#4076);
#4076 = CARTESIAN_POINT('',(46.599345553087,32.619572568268,2.));
#4077 = SURFACE_CURVE('',#4078,(#4082,#4089),.PCURVE_S1.);
#4078 = LINE('',#4079,#4080);
#4079 = CARTESIAN_POINT('',(46.591083190369,32.604027909308,2.));
#4080 = VECTOR('',#4081,1.);
#4081 = DIRECTION('',(0.469344058536,0.883015376263,0.));
#4082 = PCURVE('',#4037,#4083);
#4083 = DEFINITIONAL_REPRESENTATION('',(#4084),#4088);
#4084 = LINE('',#4085,#4086);
#4085 = CARTESIAN_POINT('',(0.,-2.));
#4086 = VECTOR('',#4087,1.);
#4087 = DIRECTION('',(1.,0.));
#4088 = ( GEOMETRIC_REPRESENTATION_CONTEXT(2) 
PARAMETRIC_REPRESENTATION_CONTEXT() REPRESENTATION_CONTEXT('2D SPACE',''
  ) );
#4089 = PCURVE('',#75,#4090);
#4090 = DEFINITIONAL_REPRESENTATION('',(#4091),#4095);
#4091 = LINE('',#4092,#4093);
#4092 = CARTESIAN_POINT('',(20.528788913706,6.535649039311));
#4093 = VECTOR('',#4094,1.);
#4094 = DIRECTION('',(0.469344058536,0.883015376263));
#4095 = ( GEOMETRIC_REPRESENTATION_CONTEXT(2) 
PARAMETRIC_REPRESENTATION_CONTEXT() REPRESENTATION_CONTEXT('2D SPACE',''
  ) );
#4096 = ORIENTED_EDGE('',*,*,#4097,.F.);
#4097 = EDGE_CURVE('',#4098,#4075,#4100,.T.);
#4098 = VERTEX_POINT('',#4099);
#4099 = CARTESIAN_POINT('',(46.599345553087,32.619572568268,0.));
#4100 = SURFACE_CURVE('',#4101,(#4105,#4112),.PCURVE_S1.);
#4101 = LINE('',#4102,#4103);
#4102 = CARTESIAN_POINT('',(46.599345553087,32.619572568268,0.));
#4103 = VECTOR('',#4104,1.);
#4104 = DIRECTION('',(0.,0.,1.));
#4105 = PCURVE('',#4037,#4106);
#4106 = DEFINITIONAL_REPRESENTATION('',(#4107),#4111);
#4107 = LINE('',#4108,#4109);
#4108 = CARTESIAN_POINT('',(1.760406373235E-02,0.));
#4109 = VECTOR('',#4110,1.);
#4110 = DIRECTION('',(0.,-1.));
#4111 = ( GEOMETRIC_REPRESENTATION_CONTEXT(2) 
PARAMETRIC_REPRESENTATION_CONTEXT() REPRESENTATION_CONTEXT('2D SPACE',''
  ) );
#4112 = PCURVE('',#4113,#4118);
#4113 = PLANE('',#4114);
#4114 = AXIS2_PLACEMENT_3D('',#4115,#4116,#4117);
#4115 = CARTESIAN_POINT('',(46.599345553087,32.619572568268,0.));
#4116 = DIRECTION('',(-0.884388636025,0.466751261883,0.));
#4117 = DIRECTION('',(0.466751261883,0.884388636025,0.));
#4118 = DEFINITIONAL_REPRESENTATION('',(#4119),#4123);
#4119 = LINE('',#4120,#4121);
#4120 = CARTESIAN_POINT('',(0.,0.));
#4121 = VECTOR('',#4122,1.);
#4122 = DIRECTION('',(0.,-1.));
#4123 = ( GEOMETRIC_REPRESENTATION_CONTEXT(2) 
PARAMETRIC_REPRESENTATION_CONTEXT() REPRESENTATION_CONTEXT('2D SPACE',''
  ) );
#4124 = ORIENTED_EDGE('',*,*,#4125,.F.);
#4125 = EDGE_CURVE('',#4022,#4098,#4126,.T.);
#4126 = SURFACE_CURVE('',#4127,(#4131,#4138),.PCURVE_S1.);
#4127 = LINE('',#4128,#4129);
#4128 = CARTESIAN_POINT('',(46.591083190369,32.604027909308,0.));
#4129 = VECTOR('',#4130,1.);
#4130 = DIRECTION('',(0.469344058536,0.883015376263,0.));
#4131 = PCURVE('',#4037,#4132);
#4132 = DEFINITIONAL_REPRESENTATION('',(#4133),#4137);
#4133 = LINE('',#4134,#4135);
#4134 = CARTESIAN_POINT('',(0.,0.));
#4135 = VECTOR('',#4136,1.);
#4136 = DIRECTION('',(1.,0.));
#4137 = ( GEOMETRIC_REPRESENTATION_CONTEXT(2) 
PARAMETRIC_REPRESENTATION_CONTEXT() REPRESENTATION_CONTEXT('2D SPACE',''
  ) );
#4138 = PCURVE('',#129,#4139);
#4139 = DEFINITIONAL_REPRESENTATION('',(#4140),#4144);
#4140 = LINE('',#4141,#4142);
#4141 = CARTESIAN_POINT('',(20.528788913706,6.535649039311));
#4142 = VECTOR('',#4143,1.);
#4143 = DIRECTION('',(0.469344058536,0.883015376263));
#4144 = ( GEOMETRIC_REPRESENTATION_CONTEXT(2) 
PARAMETRIC_REPRESENTATION_CONTEXT() REPRESENTATION_CONTEXT('2D SPACE',''
  ) );
#4145 = ADVANCED_FACE('',(#4146),#4113,.F.);
#4146 = FACE_BOUND('',#4147,.F.);
#4147 = EDGE_LOOP('',(#4148,#4149,#4172,#4232));
#4148 = ORIENTED_EDGE('',*,*,#4097,.T.);
#4149 = ORIENTED_EDGE('',*,*,#4150,.T.);
#4150 = EDGE_CURVE('',#4075,#4151,#4153,.T.);
#4151 = VERTEX_POINT('',#4152);
#4152 = CARTESIAN_POINT('',(46.99458474991,33.368461929105,2.));
#4153 = SURFACE_CURVE('',#4154,(#4158,#4165),.PCURVE_S1.);
#4154 = LINE('',#4155,#4156);
#4155 = CARTESIAN_POINT('',(46.599345553087,32.619572568268,2.));
#4156 = VECTOR('',#4157,1.);
#4157 = DIRECTION('',(0.466751261883,0.884388636025,0.));
#4158 = PCURVE('',#4113,#4159);
#4159 = DEFINITIONAL_REPRESENTATION('',(#4160),#4164);
#4160 = LINE('',#4161,#4162);
#4161 = CARTESIAN_POINT('',(0.,-2.));
#4162 = VECTOR('',#4163,1.);
#4163 = DIRECTION('',(1.,0.));
#4164 = ( GEOMETRIC_REPRESENTATION_CONTEXT(2) 
PARAMETRIC_REPRESENTATION_CONTEXT() REPRESENTATION_CONTEXT('2D SPACE',''
  ) );
#4165 = PCURVE('',#75,#4166);
#4166 = DEFINITIONAL_REPRESENTATION('',(#4167),#4171);
#4167 = LINE('',#4168,#4169);
#4168 = CARTESIAN_POINT('',(20.537051276425,6.551193698272));
#4169 = VECTOR('',#4170,1.);
#4170 = DIRECTION('',(0.466751261883,0.884388636025));
#4171 = ( GEOMETRIC_REPRESENTATION_CONTEXT(2) 
PARAMETRIC_REPRESENTATION_CONTEXT() REPRESENTATION_CONTEXT('2D SPACE',''
  ) );
#4172 = ORIENTED_EDGE('',*,*,#4173,.F.);
#4173 = EDGE_CURVE('',#4174,#4151,#4176,.T.);
#4174 = VERTEX_POINT('',#4175);
#4175 = CARTESIAN_POINT('',(46.99458474991,33.368461929105,0.));
#4176 = SURFACE_CURVE('',#4177,(#4181,#4188),.PCURVE_S1.);
#4177 = LINE('',#4178,#4179);
#4178 = CARTESIAN_POINT('',(46.99458474991,33.368461929105,0.));
#4179 = VECTOR('',#4180,1.);
#4180 = DIRECTION('',(0.,0.,1.));
#4181 = PCURVE('',#4113,#4182);
#4182 = DEFINITIONAL_REPRESENTATION('',(#4183),#4187);
#4183 = LINE('',#4184,#4185);
#4184 = CARTESIAN_POINT('',(0.846787634227,0.));
#4185 = VECTOR('',#4186,1.);
#4186 = DIRECTION('',(0.,-1.));
#4187 = ( GEOMETRIC_REPRESENTATION_CONTEXT(2) 
PARAMETRIC_REPRESENTATION_CONTEXT() REPRESENTATION_CONTEXT('2D SPACE',''
  ) );
#4188 = PCURVE('',#4189,#4226);
#4189 = SURFACE_OF_LINEAR_EXTRUSION('',#4190,#4224);
#4190 = B_SPLINE_CURVE_WITH_KNOTS('',7,(#4191,#4192,#4193,#4194,#4195,
    #4196,#4197,#4198,#4199,#4200,#4201,#4202,#4203,#4204,#4205,#4206,
    #4207,#4208,#4209,#4210,#4211,#4212,#4213,#4214,#4215,#4216,#4217,
    #4218,#4219,#4220,#4221,#4222,#4223),.UNSPECIFIED.,.F.,.F.,(8,5,5,5,
    5,5,8),(0.,0.298922982155,0.421766581357,0.495918860595,
    0.580726029957,0.698797816385,1.),.UNSPECIFIED.);
#4191 = CARTESIAN_POINT('',(46.99458474991,33.368461929105,0.));
#4192 = CARTESIAN_POINT('',(47.784651480765,34.878826757999,0.));
#4193 = CARTESIAN_POINT('',(48.561432728531,36.412533173443,0.));
#4194 = CARTESIAN_POINT('',(49.283589176392,37.928032436043,0.));
#4195 = CARTESIAN_POINT('',(50.022930789322,39.510778087372,0.));
#4196 = CARTESIAN_POINT('',(50.669084152954,41.056292852144,0.));
#4197 = CARTESIAN_POINT('',(51.56942727994,43.316169068375,0.));
#4198 = CARTESIAN_POINT('',(52.307691674353,45.592626339599,0.));
#4199 = CARTESIAN_POINT('',(52.517068763575,46.295691979,0.));
#4200 = CARTESIAN_POINT('',(52.677066879142,46.914003671591,0.));
#4201 = CARTESIAN_POINT('',(52.844742207512,47.660055897146,0.));
#4202 = CARTESIAN_POINT('',(53.038836076791,48.721778480699,0.));
#4203 = CARTESIAN_POINT('',(53.050309647316,49.895587901495,0.));
#4204 = CARTESIAN_POINT('',(53.021208353008,50.222342085974,0.));
#4205 = CARTESIAN_POINT('',(52.930040336853,50.829976367901,0.));
#4206 = CARTESIAN_POINT('',(52.784867714425,51.071650346974,0.));
#4207 = CARTESIAN_POINT('',(52.258630114436,51.970599300165,0.));
#4208 = CARTESIAN_POINT('',(51.627673930277,52.452907896232,0.));
#4209 = CARTESIAN_POINT('',(51.084245732906,52.834782243312,0.));
#4210 = CARTESIAN_POINT('',(50.763748072827,52.907724790588,0.));
#4211 = CARTESIAN_POINT('',(50.183922595149,53.003452994867,0.));
#4212 = CARTESIAN_POINT('',(49.070433296795,53.031022144972,0.));
#4213 = CARTESIAN_POINT('',(47.87135974036,52.85510105054,0.));
#4214 = CARTESIAN_POINT('',(47.266766585178,52.70123100412,0.));
#4215 = CARTESIAN_POINT('',(46.560543601958,52.550962353144,0.));
#4216 = CARTESIAN_POINT('',(45.934274935485,52.361317193534,0.));
#4217 = CARTESIAN_POINT('',(43.64040849837,51.647836344012,0.));
#4218 = CARTESIAN_POINT('',(41.421876432418,50.764031463825,0.));
#4219 = CARTESIAN_POINT('',(39.816919465651,50.118316306978,0.));
#4220 = CARTESIAN_POINT('',(38.269486724733,49.3825934339,0.));
#4221 = CARTESIAN_POINT('',(36.705483526982,48.656414201757,0.));
#4222 = CARTESIAN_POINT('',(35.172340795243,47.878859949214,0.));
#4223 = CARTESIAN_POINT('',(33.6460791795,47.085760209667,0.));
#4224 = VECTOR('',#4225,1.);
#4225 = DIRECTION('',(-0.,-0.,-1.));
#4226 = DEFINITIONAL_REPRESENTATION('',(#4227),#4231);
#4227 = LINE('',#4228,#4229);
#4228 = CARTESIAN_POINT('',(0.,0.));
#4229 = VECTOR('',#4230,1.);
#4230 = DIRECTION('',(0.,-1.));
#4231 = ( GEOMETRIC_REPRESENTATION_CONTEXT(2) 
PARAMETRIC_REPRESENTATION_CONTEXT() REPRESENTATION_CONTEXT('2D SPACE',''
  ) );
#4232 = ORIENTED_EDGE('',*,*,#4233,.F.);
#4233 = EDGE_CURVE('',#4098,#4174,#4234,.T.);
#4234 = SURFACE_CURVE('',#4235,(#4239,#4246),.PCURVE_S1.);
#4235 = LINE('',#4236,#4237);
#4236 = CARTESIAN_POINT('',(46.599345553087,32.619572568268,0.));
#4237 = VECTOR('',#4238,1.);
#4238 = DIRECTION('',(0.466751261883,0.884388636025,0.));
#4239 = PCURVE('',#4113,#4240);
#4240 = DEFINITIONAL_REPRESENTATION('',(#4241),#4245);
#4241 = LINE('',#4242,#4243);
#4242 = CARTESIAN_POINT('',(0.,0.));
#4243 = VECTOR('',#4244,1.);
#4244 = DIRECTION('',(1.,0.));
#4245 = ( GEOMETRIC_REPRESENTATION_CONTEXT(2) 
PARAMETRIC_REPRESENTATION_CONTEXT() REPRESENTATION_CONTEXT('2D SPACE',''
  ) );
#4246 = PCURVE('',#129,#4247);
#4247 = DEFINITIONAL_REPRESENTATION('',(#4248),#4252);
#4248 = LINE('',#4249,#4250);
#4249 = CARTESIAN_POINT('',(20.537051276425,6.551193698272));
#4250 = VECTOR('',#4251,1.);
#4251 = DIRECTION('',(0.466751261883,0.884388636025));
#4252 = ( GEOMETRIC_REPRESENTATION_CONTEXT(2) 
PARAMETRIC_REPRESENTATION_CONTEXT() REPRESENTATION_CONTEXT('2D SPACE',''
  ) );
#4253 = ADVANCED_FACE('',(#4254),#4189,.F.);
#4254 = FACE_BOUND('',#4255,.F.);
#4255 = EDGE_LOOP('',(#4256,#4257,#4340,#4368));
#4256 = ORIENTED_EDGE('',*,*,#4173,.T.);
#4257 = ORIENTED_EDGE('',*,*,#4258,.T.);
#4258 = EDGE_CURVE('',#4151,#4259,#4261,.T.);
#4259 = VERTEX_POINT('',#4260);
#4260 = CARTESIAN_POINT('',(33.6460791795,47.085760209667,2.));
#4261 = SURFACE_CURVE('',#4262,(#4296,#4303),.PCURVE_S1.);
#4262 = B_SPLINE_CURVE_WITH_KNOTS('',7,(#4263,#4264,#4265,#4266,#4267,
    #4268,#4269,#4270,#4271,#4272,#4273,#4274,#4275,#4276,#4277,#4278,
    #4279,#4280,#4281,#4282,#4283,#4284,#4285,#4286,#4287,#4288,#4289,
    #4290,#4291,#4292,#4293,#4294,#4295),.UNSPECIFIED.,.F.,.F.,(8,5,5,5,
    5,5,8),(0.,0.298922982155,0.421766581357,0.495918860595,
    0.580726029957,0.698797816385,1.),.UNSPECIFIED.);
#4263 = CARTESIAN_POINT('',(46.99458474991,33.368461929105,2.));
#4264 = CARTESIAN_POINT('',(47.784651480765,34.878826757999,2.));
#4265 = CARTESIAN_POINT('',(48.561432728531,36.412533173443,2.));
#4266 = CARTESIAN_POINT('',(49.283589176392,37.928032436043,2.));
#4267 = CARTESIAN_POINT('',(50.022930789322,39.510778087372,2.));
#4268 = CARTESIAN_POINT('',(50.669084152954,41.056292852144,2.));
#4269 = CARTESIAN_POINT('',(51.56942727994,43.316169068375,2.));
#4270 = CARTESIAN_POINT('',(52.307691674353,45.592626339599,2.));
#4271 = CARTESIAN_POINT('',(52.517068763575,46.295691979,2.));
#4272 = CARTESIAN_POINT('',(52.677066879142,46.914003671591,2.));
#4273 = CARTESIAN_POINT('',(52.844742207512,47.660055897146,2.));
#4274 = CARTESIAN_POINT('',(53.038836076791,48.721778480699,2.));
#4275 = CARTESIAN_POINT('',(53.050309647316,49.895587901495,2.));
#4276 = CARTESIAN_POINT('',(53.021208353008,50.222342085974,2.));
#4277 = CARTESIAN_POINT('',(52.930040336853,50.829976367901,2.));
#4278 = CARTESIAN_POINT('',(52.784867714425,51.071650346974,2.));
#4279 = CARTESIAN_POINT('',(52.258630114436,51.970599300165,2.));
#4280 = CARTESIAN_POINT('',(51.627673930277,52.452907896232,2.));
#4281 = CARTESIAN_POINT('',(51.084245732906,52.834782243312,2.));
#4282 = CARTESIAN_POINT('',(50.763748072827,52.907724790588,2.));
#4283 = CARTESIAN_POINT('',(50.183922595149,53.003452994867,2.));
#4284 = CARTESIAN_POINT('',(49.070433296795,53.031022144972,2.));
#4285 = CARTESIAN_POINT('',(47.87135974036,52.85510105054,2.));
#4286 = CARTESIAN_POINT('',(47.266766585178,52.70123100412,2.));
#4287 = CARTESIAN_POINT('',(46.560543601958,52.550962353144,2.));
#4288 = CARTESIAN_POINT('',(45.934274935485,52.361317193534,2.));
#4289 = CARTESIAN_POINT('',(43.64040849837,51.647836344012,2.));
#4290 = CARTESIAN_POINT('',(41.421876432418,50.764031463825,2.));
#4291 = CARTESIAN_POINT('',(39.816919465651,50.118316306978,2.));
#4292 = CARTESIAN_POINT('',(38.269486724733,49.3825934339,2.));
#4293 = CARTESIAN_POINT('',(36.705483526982,48.656414201757,2.));
#4294 = CARTESIAN_POINT('',(35.172340795243,47.878859949214,2.));
#4295 = CARTESIAN_POINT('',(33.6460791795,47.085760209667,2.));
#4296 = PCURVE('',#4189,#4297);
#4297 = DEFINITIONAL_REPRESENTATION('',(#4298),#4302);
#4298 = LINE('',#4299,#4300);
#4299 = CARTESIAN_POINT('',(0.,-2.));
#4300 = VECTOR('',#4301,1.);
#4301 = DIRECTION('',(1.,0.));
#4302 = ( GEOMETRIC_REPRESENTATION_CONTEXT(2) 
PARAMETRIC_REPRESENTATION_CONTEXT() REPRESENTATION_CONTEXT('2D SPACE',''
  ) );
#4303 = PCURVE('',#75,#4304);
#4304 = DEFINITIONAL_REPRESENTATION('',(#4305),#4339);
#4305 = B_SPLINE_CURVE_WITH_KNOTS('',7,(#4306,#4307,#4308,#4309,#4310,
    #4311,#4312,#4313,#4314,#4315,#4316,#4317,#4318,#4319,#4320,#4321,
    #4322,#4323,#4324,#4325,#4326,#4327,#4328,#4329,#4330,#4331,#4332,
    #4333,#4334,#4335,#4336,#4337,#4338),.UNSPECIFIED.,.F.,.F.,(8,5,5,5,
    5,5,8),(0.,0.298922982155,0.421766581357,0.495918860595,
    0.580726029957,0.698797816385,1.),.UNSPECIFIED.);
#4306 = CARTESIAN_POINT('',(20.932290473247,7.300083059108));
#4307 = CARTESIAN_POINT('',(21.722357204103,8.810447888003));
#4308 = CARTESIAN_POINT('',(22.499138451868,10.344154303447));
#4309 = CARTESIAN_POINT('',(23.221294899729,11.859653566047));
#4310 = CARTESIAN_POINT('',(23.960636512659,13.442399217375));
#4311 = CARTESIAN_POINT('',(24.606789876291,14.987913982148));
#4312 = CARTESIAN_POINT('',(25.507133003277,17.247790198379));
#4313 = CARTESIAN_POINT('',(26.245397397691,19.524247469602));
#4314 = CARTESIAN_POINT('',(26.454774486913,20.227313109003));
#4315 = CARTESIAN_POINT('',(26.614772602479,20.845624801594));
#4316 = CARTESIAN_POINT('',(26.78244793085,21.591677027149));
#4317 = CARTESIAN_POINT('',(26.976541800128,22.653399610703));
#4318 = CARTESIAN_POINT('',(26.988015370653,23.827209031499));
#4319 = CARTESIAN_POINT('',(26.958914076345,24.153963215977));
#4320 = CARTESIAN_POINT('',(26.86774606019,24.761597497905));
#4321 = CARTESIAN_POINT('',(26.722573437762,25.003271476977));
#4322 = CARTESIAN_POINT('',(26.196335837773,25.902220430169));
#4323 = CARTESIAN_POINT('',(25.565379653614,26.384529026236));
#4324 = CARTESIAN_POINT('',(25.021951456244,26.766403373316));
#4325 = CARTESIAN_POINT('',(24.701453796164,26.839345920591));
#4326 = CARTESIAN_POINT('',(24.121628318486,26.935074124871));
#4327 = CARTESIAN_POINT('',(23.008139020132,26.962643274976));
#4328 = CARTESIAN_POINT('',(21.809065463697,26.786722180543));
#4329 = CARTESIAN_POINT('',(21.204472308515,26.632852134123));
#4330 = CARTESIAN_POINT('',(20.498249325295,26.482583483148));
#4331 = CARTESIAN_POINT('',(19.871980658822,26.292938323537));
#4332 = CARTESIAN_POINT('',(17.578114221707,25.579457474015));
#4333 = CARTESIAN_POINT('',(15.359582155755,24.695652593829));
#4334 = CARTESIAN_POINT('',(13.754625188989,24.049937436982));
#4335 = CARTESIAN_POINT('',(12.20719244807,23.314214563903));
#4336 = CARTESIAN_POINT('',(10.643189250319,22.58803533176));
#4337 = CARTESIAN_POINT('',(9.11004651858,21.810481079218));
#4338 = CARTESIAN_POINT('',(7.583784902837,21.017381339671));
#4339 = ( GEOMETRIC_REPRESENTATION_CONTEXT(2) 
PARAMETRIC_REPRESENTATION_CONTEXT() REPRESENTATION_CONTEXT('2D SPACE',''
  ) );
#4340 = ORIENTED_EDGE('',*,*,#4341,.F.);
#4341 = EDGE_CURVE('',#4342,#4259,#4344,.T.);
#4342 = VERTEX_POINT('',#4343);
#4343 = CARTESIAN_POINT('',(33.6460791795,47.085760209667,0.));
#4344 = SURFACE_CURVE('',#4345,(#4349,#4356),.PCURVE_S1.);
#4345 = LINE('',#4346,#4347);
#4346 = CARTESIAN_POINT('',(33.6460791795,47.085760209667,0.));
#4347 = VECTOR('',#4348,1.);
#4348 = DIRECTION('',(0.,0.,1.));
#4349 = PCURVE('',#4189,#4350);
#4350 = DEFINITIONAL_REPRESENTATION('',(#4351),#4355);
#4351 = LINE('',#4352,#4353);
#4352 = CARTESIAN_POINT('',(1.,0.));
#4353 = VECTOR('',#4354,1.);
#4354 = DIRECTION('',(0.,-1.));
#4355 = ( GEOMETRIC_REPRESENTATION_CONTEXT(2) 
PARAMETRIC_REPRESENTATION_CONTEXT() REPRESENTATION_CONTEXT('2D SPACE',''
  ) );
#4356 = PCURVE('',#4357,#4362);
#4357 = PLANE('',#4358);
#4358 = AXIS2_PLACEMENT_3D('',#4359,#4360,#4361);
#4359 = CARTESIAN_POINT('',(33.6460791795,47.085760209667,0.));
#4360 = DIRECTION('',(0.464121856898,-0.885771359861,0.));
#4361 = DIRECTION('',(-0.885771359861,-0.464121856898,0.));
#4362 = DEFINITIONAL_REPRESENTATION('',(#4363),#4367);
#4363 = LINE('',#4364,#4365);
#4364 = CARTESIAN_POINT('',(0.,0.));
#4365 = VECTOR('',#4366,1.);
#4366 = DIRECTION('',(0.,-1.));
#4367 = ( GEOMETRIC_REPRESENTATION_CONTEXT(2) 
PARAMETRIC_REPRESENTATION_CONTEXT() REPRESENTATION_CONTEXT('2D SPACE',''
  ) );
#4368 = ORIENTED_EDGE('',*,*,#4369,.F.);
#4369 = EDGE_CURVE('',#4174,#4342,#4370,.T.);
#4370 = SURFACE_CURVE('',#4371,(#4405,#4412),.PCURVE_S1.);
#4371 = B_SPLINE_CURVE_WITH_KNOTS('',7,(#4372,#4373,#4374,#4375,#4376,
    #4377,#4378,#4379,#4380,#4381,#4382,#4383,#4384,#4385,#4386,#4387,
    #4388,#4389,#4390,#4391,#4392,#4393,#4394,#4395,#4396,#4397,#4398,
    #4399,#4400,#4401,#4402,#4403,#4404),.UNSPECIFIED.,.F.,.F.,(8,5,5,5,
    5,5,8),(0.,0.298922982155,0.421766581357,0.495918860595,
    0.580726029957,0.698797816385,1.),.UNSPECIFIED.);
#4372 = CARTESIAN_POINT('',(46.99458474991,33.368461929105,0.));
#4373 = CARTESIAN_POINT('',(47.784651480765,34.878826757999,0.));
#4374 = CARTESIAN_POINT('',(48.561432728531,36.412533173443,0.));
#4375 = CARTESIAN_POINT('',(49.283589176392,37.928032436043,0.));
#4376 = CARTESIAN_POINT('',(50.022930789322,39.510778087372,0.));
#4377 = CARTESIAN_POINT('',(50.669084152954,41.056292852144,0.));
#4378 = CARTESIAN_POINT('',(51.56942727994,43.316169068375,0.));
#4379 = CARTESIAN_POINT('',(52.307691674353,45.592626339599,0.));
#4380 = CARTESIAN_POINT('',(52.517068763575,46.295691979,0.));
#4381 = CARTESIAN_POINT('',(52.677066879142,46.914003671591,0.));
#4382 = CARTESIAN_POINT('',(52.844742207512,47.660055897146,0.));
#4383 = CARTESIAN_POINT('',(53.038836076791,48.721778480699,0.));
#4384 = CARTESIAN_POINT('',(53.050309647316,49.895587901495,0.));
#4385 = CARTESIAN_POINT('',(53.021208353008,50.222342085974,0.));
#4386 = CARTESIAN_POINT('',(52.930040336853,50.829976367901,0.));
#4387 = CARTESIAN_POINT('',(52.784867714425,51.071650346974,0.));
#4388 = CARTESIAN_POINT('',(52.258630114436,51.970599300165,0.));
#4389 = CARTESIAN_POINT('',(51.627673930277,52.452907896232,0.));
#4390 = CARTESIAN_POINT('',(51.084245732906,52.834782243312,0.));
#4391 = CARTESIAN_POINT('',(50.763748072827,52.907724790588,0.));
#4392 = CARTESIAN_POINT('',(50.183922595149,53.003452994867,0.));
#4393 = CARTESIAN_POINT('',(49.070433296795,53.031022144972,0.));
#4394 = CARTESIAN_POINT('',(47.87135974036,52.85510105054,0.));
#4395 = CARTESIAN_POINT('',(47.266766585178,52.70123100412,0.));
#4396 = CARTESIAN_POINT('',(46.560543601958,52.550962353144,0.));
#4397 = CARTESIAN_POINT('',(45.934274935485,52.361317193534,0.));
#4398 = CARTESIAN_POINT('',(43.64040849837,51.647836344012,0.));
#4399 = CARTESIAN_POINT('',(41.421876432418,50.764031463825,0.));
#4400 = CARTESIAN_POINT('',(39.816919465651,50.118316306978,0.));
#4401 = CARTESIAN_POINT('',(38.269486724733,49.3825934339,0.));
#4402 = CARTESIAN_POINT('',(36.705483526982,48.656414201757,0.));
#4403 = CARTESIAN_POINT('',(35.172340795243,47.878859949214,0.));
#4404 = CARTESIAN_POINT('',(33.6460791795,47.085760209667,0.));
#4405 = PCURVE('',#4189,#4406);
#4406 = DEFINITIONAL_REPRESENTATION('',(#4407),#4411);
#4407 = LINE('',#4408,#4409);
#4408 = CARTESIAN_POINT('',(0.,0.));
#4409 = VECTOR('',#4410,1.);
#4410 = DIRECTION('',(1.,0.));
#4411 = ( GEOMETRIC_REPRESENTATION_CONTEXT(2) 
PARAMETRIC_REPRESENTATION_CONTEXT() REPRESENTATION_CONTEXT('2D SPACE',''
  ) );
#4412 = PCURVE('',#129,#4413);
#4413 = DEFINITIONAL_REPRESENTATION('',(#4414),#4448);
#4414 = B_SPLINE_CURVE_WITH_KNOTS('',7,(#4415,#4416,#4417,#4418,#4419,
    #4420,#4421,#4422,#4423,#4424,#4425,#4426,#4427,#4428,#4429,#4430,
    #4431,#4432,#4433,#4434,#4435,#4436,#4437,#4438,#4439,#4440,#4441,
    #4442,#4443,#4444,#4445,#4446,#4447),.UNSPECIFIED.,.F.,.F.,(8,5,5,5,
    5,5,8),(0.,0.298922982155,0.421766581357,0.495918860595,
    0.580726029957,0.698797816385,1.),.UNSPECIFIED.);
#4415 = CARTESIAN_POINT('',(20.932290473247,7.300083059108));
#4416 = CARTESIAN_POINT('',(21.722357204103,8.810447888003));
#4417 = CARTESIAN_POINT('',(22.499138451868,10.344154303447));
#4418 = CARTESIAN_POINT('',(23.221294899729,11.859653566047));
#4419 = CARTESIAN_POINT('',(23.960636512659,13.442399217375));
#4420 = CARTESIAN_POINT('',(24.606789876291,14.987913982148));
#4421 = CARTESIAN_POINT('',(25.507133003277,17.247790198379));
#4422 = CARTESIAN_POINT('',(26.245397397691,19.524247469602));
#4423 = CARTESIAN_POINT('',(26.454774486913,20.227313109003));
#4424 = CARTESIAN_POINT('',(26.614772602479,20.845624801594));
#4425 = CARTESIAN_POINT('',(26.78244793085,21.591677027149));
#4426 = CARTESIAN_POINT('',(26.976541800128,22.653399610703));
#4427 = CARTESIAN_POINT('',(26.988015370653,23.827209031499));
#4428 = CARTESIAN_POINT('',(26.958914076345,24.153963215977));
#4429 = CARTESIAN_POINT('',(26.86774606019,24.761597497905));
#4430 = CARTESIAN_POINT('',(26.722573437762,25.003271476977));
#4431 = CARTESIAN_POINT('',(26.196335837773,25.902220430169));
#4432 = CARTESIAN_POINT('',(25.565379653614,26.384529026236));
#4433 = CARTESIAN_POINT('',(25.021951456244,26.766403373316));
#4434 = CARTESIAN_POINT('',(24.701453796164,26.839345920591));
#4435 = CARTESIAN_POINT('',(24.121628318486,26.935074124871));
#4436 = CARTESIAN_POINT('',(23.008139020132,26.962643274976));
#4437 = CARTESIAN_POINT('',(21.809065463697,26.786722180543));
#4438 = CARTESIAN_POINT('',(21.204472308515,26.632852134123));
#4439 = CARTESIAN_POINT('',(20.498249325295,26.482583483148));
#4440 = CARTESIAN_POINT('',(19.871980658822,26.292938323537));
#4441 = CARTESIAN_POINT('',(17.578114221707,25.579457474015));
#4442 = CARTESIAN_POINT('',(15.359582155755,24.695652593829));
#4443 = CARTESIAN_POINT('',(13.754625188989,24.049937436982));
#4444 = CARTESIAN_POINT('',(12.20719244807,23.314214563903));
#4445 = CARTESIAN_POINT('',(10.643189250319,22.58803533176));
#4446 = CARTESIAN_POINT('',(9.11004651858,21.810481079218));
#4447 = CARTESIAN_POINT('',(7.583784902837,21.017381339671));
#4448 = ( GEOMETRIC_REPRESENTATION_CONTEXT(2) 
PARAMETRIC_REPRESENTATION_CONTEXT() REPRESENTATION_CONTEXT('2D SPACE',''
  ) );
#4449 = ADVANCED_FACE('',(#4450),#4357,.F.);
#4450 = FACE_BOUND('',#4451,.F.);
#4451 = EDGE_LOOP('',(#4452,#4453,#4476,#4504));
#4452 = ORIENTED_EDGE('',*,*,#4341,.T.);
#4453 = ORIENTED_EDGE('',*,*,#4454,.T.);
#4454 = EDGE_CURVE('',#4259,#4455,#4457,.T.);
#4455 = VERTEX_POINT('',#4456);
#4456 = CARTESIAN_POINT('',(33.110308488767,46.805029877753,2.));
#4457 = SURFACE_CURVE('',#4458,(#4462,#4469),.PCURVE_S1.);
#4458 = LINE('',#4459,#4460);
#4459 = CARTESIAN_POINT('',(33.6460791795,47.085760209667,2.));
#4460 = VECTOR('',#4461,1.);
#4461 = DIRECTION('',(-0.885771359861,-0.464121856898,0.));
#4462 = PCURVE('',#4357,#4463);
#4463 = DEFINITIONAL_REPRESENTATION('',(#4464),#4468);
#4464 = LINE('',#4465,#4466);
#4465 = CARTESIAN_POINT('',(0.,-2.));
#4466 = VECTOR('',#4467,1.);
#4467 = DIRECTION('',(1.,0.));
#4468 = ( GEOMETRIC_REPRESENTATION_CONTEXT(2) 
PARAMETRIC_REPRESENTATION_CONTEXT() REPRESENTATION_CONTEXT('2D SPACE',''
  ) );
#4469 = PCURVE('',#75,#4470);
#4470 = DEFINITIONAL_REPRESENTATION('',(#4471),#4475);
#4471 = LINE('',#4472,#4473);
#4472 = CARTESIAN_POINT('',(7.583784902837,21.017381339671));
#4473 = VECTOR('',#4474,1.);
#4474 = DIRECTION('',(-0.885771359861,-0.464121856898));
#4475 = ( GEOMETRIC_REPRESENTATION_CONTEXT(2) 
PARAMETRIC_REPRESENTATION_CONTEXT() REPRESENTATION_CONTEXT('2D SPACE',''
  ) );
#4476 = ORIENTED_EDGE('',*,*,#4477,.F.);
#4477 = EDGE_CURVE('',#4478,#4455,#4480,.T.);
#4478 = VERTEX_POINT('',#4479);
#4479 = CARTESIAN_POINT('',(33.110308488767,46.805029877753,0.));
#4480 = SURFACE_CURVE('',#4481,(#4485,#4492),.PCURVE_S1.);
#4481 = LINE('',#4482,#4483);
#4482 = CARTESIAN_POINT('',(33.110308488767,46.805029877753,0.));
#4483 = VECTOR('',#4484,1.);
#4484 = DIRECTION('',(0.,0.,1.));
#4485 = PCURVE('',#4357,#4486);
#4486 = DEFINITIONAL_REPRESENTATION('',(#4487),#4491);
#4487 = LINE('',#4488,#4489);
#4488 = CARTESIAN_POINT('',(0.604863416239,0.));
#4489 = VECTOR('',#4490,1.);
#4490 = DIRECTION('',(0.,-1.));
#4491 = ( GEOMETRIC_REPRESENTATION_CONTEXT(2) 
PARAMETRIC_REPRESENTATION_CONTEXT() REPRESENTATION_CONTEXT('2D SPACE',''
  ) );
#4492 = PCURVE('',#4493,#4498);
#4493 = PLANE('',#4494);
#4494 = AXIS2_PLACEMENT_3D('',#4495,#4496,#4497);
#4495 = CARTESIAN_POINT('',(33.110308488767,46.805029877753,0.));
#4496 = DIRECTION('',(0.466707706024,-0.884411622005,0.));
#4497 = DIRECTION('',(-0.884411622005,-0.466707706024,0.));
#4498 = DEFINITIONAL_REPRESENTATION('',(#4499),#4503);
#4499 = LINE('',#4500,#4501);
#4500 = CARTESIAN_POINT('',(0.,0.));
#4501 = VECTOR('',#4502,1.);
#4502 = DIRECTION('',(0.,-1.));
#4503 = ( GEOMETRIC_REPRESENTATION_CONTEXT(2) 
PARAMETRIC_REPRESENTATION_CONTEXT() REPRESENTATION_CONTEXT('2D SPACE',''
  ) );
#4504 = ORIENTED_EDGE('',*,*,#4505,.F.);
#4505 = EDGE_CURVE('',#4342,#4478,#4506,.T.);
#4506 = SURFACE_CURVE('',#4507,(#4511,#4518),.PCURVE_S1.);
#4507 = LINE('',#4508,#4509);
#4508 = CARTESIAN_POINT('',(33.6460791795,47.085760209667,0.));
#4509 = VECTOR('',#4510,1.);
#4510 = DIRECTION('',(-0.885771359861,-0.464121856898,0.));
#4511 = PCURVE('',#4357,#4512);
#4512 = DEFINITIONAL_REPRESENTATION('',(#4513),#4517);
#4513 = LINE('',#4514,#4515);
#4514 = CARTESIAN_POINT('',(0.,0.));
#4515 = VECTOR('',#4516,1.);
#4516 = DIRECTION('',(1.,0.));
#4517 = ( GEOMETRIC_REPRESENTATION_CONTEXT(2) 
PARAMETRIC_REPRESENTATION_CONTEXT() REPRESENTATION_CONTEXT('2D SPACE',''
  ) );
#4518 = PCURVE('',#129,#4519);
#4519 = DEFINITIONAL_REPRESENTATION('',(#4520),#4524);
#4520 = LINE('',#4521,#4522);
#4521 = CARTESIAN_POINT('',(7.583784902837,21.017381339671));
#4522 = VECTOR('',#4523,1.);
#4523 = DIRECTION('',(-0.885771359861,-0.464121856898));
#4524 = ( GEOMETRIC_REPRESENTATION_CONTEXT(2) 
PARAMETRIC_REPRESENTATION_CONTEXT() REPRESENTATION_CONTEXT('2D SPACE',''
  ) );
#4525 = ADVANCED_FACE('',(#4526),#4493,.F.);
#4526 = FACE_BOUND('',#4527,.F.);
#4527 = EDGE_LOOP('',(#4528,#4529,#4552,#4580));
#4528 = ORIENTED_EDGE('',*,*,#4477,.T.);
#4529 = ORIENTED_EDGE('',*,*,#4530,.T.);
#4530 = EDGE_CURVE('',#4455,#4531,#4533,.T.);
#4531 = VERTEX_POINT('',#4532);
#4532 = CARTESIAN_POINT('',(33.094805344767,46.796848803927,2.));
#4533 = SURFACE_CURVE('',#4534,(#4538,#4545),.PCURVE_S1.);
#4534 = LINE('',#4535,#4536);
#4535 = CARTESIAN_POINT('',(33.110308488767,46.805029877753,2.));
#4536 = VECTOR('',#4537,1.);
#4537 = DIRECTION('',(-0.884411622005,-0.466707706024,0.));
#4538 = PCURVE('',#4493,#4539);
#4539 = DEFINITIONAL_REPRESENTATION('',(#4540),#4544);
#4540 = LINE('',#4541,#4542);
#4541 = CARTESIAN_POINT('',(0.,-2.));
#4542 = VECTOR('',#4543,1.);
#4543 = DIRECTION('',(1.,0.));
#4544 = ( GEOMETRIC_REPRESENTATION_CONTEXT(2) 
PARAMETRIC_REPRESENTATION_CONTEXT() REPRESENTATION_CONTEXT('2D SPACE',''
  ) );
#4545 = PCURVE('',#75,#4546);
#4546 = DEFINITIONAL_REPRESENTATION('',(#4547),#4551);
#4547 = LINE('',#4548,#4549);
#4548 = CARTESIAN_POINT('',(7.048014212105,20.736651007756));
#4549 = VECTOR('',#4550,1.);
#4550 = DIRECTION('',(-0.884411622005,-0.466707706024));
#4551 = ( GEOMETRIC_REPRESENTATION_CONTEXT(2) 
PARAMETRIC_REPRESENTATION_CONTEXT() REPRESENTATION_CONTEXT('2D SPACE',''
  ) );
#4552 = ORIENTED_EDGE('',*,*,#4553,.F.);
#4553 = EDGE_CURVE('',#4554,#4531,#4556,.T.);
#4554 = VERTEX_POINT('',#4555);
#4555 = CARTESIAN_POINT('',(33.094805344767,46.796848803927,0.));
#4556 = SURFACE_CURVE('',#4557,(#4561,#4568),.PCURVE_S1.);
#4557 = LINE('',#4558,#4559);
#4558 = CARTESIAN_POINT('',(33.094805344767,46.796848803927,0.));
#4559 = VECTOR('',#4560,1.);
#4560 = DIRECTION('',(0.,0.,1.));
#4561 = PCURVE('',#4493,#4562);
#4562 = DEFINITIONAL_REPRESENTATION('',(#4563),#4567);
#4563 = LINE('',#4564,#4565);
#4564 = CARTESIAN_POINT('',(1.752933092924E-02,0.));
#4565 = VECTOR('',#4566,1.);
#4566 = DIRECTION('',(0.,-1.));
#4567 = ( GEOMETRIC_REPRESENTATION_CONTEXT(2) 
PARAMETRIC_REPRESENTATION_CONTEXT() REPRESENTATION_CONTEXT('2D SPACE',''
  ) );
#4568 = PCURVE('',#4569,#4574);
#4569 = PLANE('',#4570);
#4570 = AXIS2_PLACEMENT_3D('',#4571,#4572,#4573);
#4571 = CARTESIAN_POINT('',(33.094805344767,46.796848803927,0.));
#4572 = DIRECTION('',(0.469289571564,-0.883044335252,0.));
#4573 = DIRECTION('',(-0.883044335252,-0.469289571564,0.));
#4574 = DEFINITIONAL_REPRESENTATION('',(#4575),#4579);
#4575 = LINE('',#4576,#4577);
#4576 = CARTESIAN_POINT('',(0.,0.));
#4577 = VECTOR('',#4578,1.);
#4578 = DIRECTION('',(0.,-1.));
#4579 = ( GEOMETRIC_REPRESENTATION_CONTEXT(2) 
PARAMETRIC_REPRESENTATION_CONTEXT() REPRESENTATION_CONTEXT('2D SPACE',''
  ) );
#4580 = ORIENTED_EDGE('',*,*,#4581,.F.);
#4581 = EDGE_CURVE('',#4478,#4554,#4582,.T.);
#4582 = SURFACE_CURVE('',#4583,(#4587,#4594),.PCURVE_S1.);
#4583 = LINE('',#4584,#4585);
#4584 = CARTESIAN_POINT('',(33.110308488767,46.805029877753,0.));
#4585 = VECTOR('',#4586,1.);
#4586 = DIRECTION('',(-0.884411622005,-0.466707706024,0.));
#4587 = PCURVE('',#4493,#4588);
#4588 = DEFINITIONAL_REPRESENTATION('',(#4589),#4593);
#4589 = LINE('',#4590,#4591);
#4590 = CARTESIAN_POINT('',(0.,0.));
#4591 = VECTOR('',#4592,1.);
#4592 = DIRECTION('',(1.,0.));
#4593 = ( GEOMETRIC_REPRESENTATION_CONTEXT(2) 
PARAMETRIC_REPRESENTATION_CONTEXT() REPRESENTATION_CONTEXT('2D SPACE',''
  ) );
#4594 = PCURVE('',#129,#4595);
#4595 = DEFINITIONAL_REPRESENTATION('',(#4596),#4600);
#4596 = LINE('',#4597,#4598);
#4597 = CARTESIAN_POINT('',(7.048014212105,20.736651007756));
#4598 = VECTOR('',#4599,1.);
#4599 = DIRECTION('',(-0.884411622005,-0.466707706024));
#4600 = ( GEOMETRIC_REPRESENTATION_CONTEXT(2) 
PARAMETRIC_REPRESENTATION_CONTEXT() REPRESENTATION_CONTEXT('2D SPACE',''
  ) );
#4601 = ADVANCED_FACE('',(#4602),#4569,.F.);
#4602 = FACE_BOUND('',#4603,.F.);
#4603 = EDGE_LOOP('',(#4604,#4605,#4628,#4656));
#4604 = ORIENTED_EDGE('',*,*,#4553,.T.);
#4605 = ORIENTED_EDGE('',*,*,#4606,.T.);
#4606 = EDGE_CURVE('',#4531,#4607,#4609,.T.);
#4607 = VERTEX_POINT('',#4608);
#4608 = CARTESIAN_POINT('',(32.265863165174,46.35631155706,2.));
#4609 = SURFACE_CURVE('',#4610,(#4614,#4621),.PCURVE_S1.);
#4610 = LINE('',#4611,#4612);
#4611 = CARTESIAN_POINT('',(33.094805344767,46.796848803927,2.));
#4612 = VECTOR('',#4613,1.);
#4613 = DIRECTION('',(-0.883044335252,-0.469289571564,0.));
#4614 = PCURVE('',#4569,#4615);
#4615 = DEFINITIONAL_REPRESENTATION('',(#4616),#4620);
#4616 = LINE('',#4617,#4618);
#4617 = CARTESIAN_POINT('',(0.,-2.));
#4618 = VECTOR('',#4619,1.);
#4619 = DIRECTION('',(1.,0.));
#4620 = ( GEOMETRIC_REPRESENTATION_CONTEXT(2) 
PARAMETRIC_REPRESENTATION_CONTEXT() REPRESENTATION_CONTEXT('2D SPACE',''
  ) );
#4621 = PCURVE('',#75,#4622);
#4622 = DEFINITIONAL_REPRESENTATION('',(#4623),#4627);
#4623 = LINE('',#4624,#4625);
#4624 = CARTESIAN_POINT('',(7.032511068105,20.72846993393));
#4625 = VECTOR('',#4626,1.);
#4626 = DIRECTION('',(-0.883044335252,-0.469289571564));
#4627 = ( GEOMETRIC_REPRESENTATION_CONTEXT(2) 
PARAMETRIC_REPRESENTATION_CONTEXT() REPRESENTATION_CONTEXT('2D SPACE',''
  ) );
#4628 = ORIENTED_EDGE('',*,*,#4629,.F.);
#4629 = EDGE_CURVE('',#4630,#4607,#4632,.T.);
#4630 = VERTEX_POINT('',#4631);
#4631 = CARTESIAN_POINT('',(32.265863165174,46.35631155706,0.));
#4632 = SURFACE_CURVE('',#4633,(#4637,#4644),.PCURVE_S1.);
#4633 = LINE('',#4634,#4635);
#4634 = CARTESIAN_POINT('',(32.265863165174,46.35631155706,0.));
#4635 = VECTOR('',#4636,1.);
#4636 = DIRECTION('',(0.,0.,1.));
#4637 = PCURVE('',#4569,#4638);
#4638 = DEFINITIONAL_REPRESENTATION('',(#4639),#4643);
#4639 = LINE('',#4640,#4641);
#4640 = CARTESIAN_POINT('',(0.938732231782,0.));
#4641 = VECTOR('',#4642,1.);
#4642 = DIRECTION('',(0.,-1.));
#4643 = ( GEOMETRIC_REPRESENTATION_CONTEXT(2) 
PARAMETRIC_REPRESENTATION_CONTEXT() REPRESENTATION_CONTEXT('2D SPACE',''
  ) );
#4644 = PCURVE('',#4645,#4650);
#4645 = PLANE('',#4646);
#4646 = AXIS2_PLACEMENT_3D('',#4647,#4648,#4649);
#4647 = CARTESIAN_POINT('',(32.265863165174,46.35631155706,0.));
#4648 = DIRECTION('',(0.447330717357,-0.894368620485,0.));
#4649 = DIRECTION('',(-0.894368620485,-0.447330717357,0.));
#4650 = DEFINITIONAL_REPRESENTATION('',(#4651),#4655);
#4651 = LINE('',#4652,#4653);
#4652 = CARTESIAN_POINT('',(0.,0.));
#4653 = VECTOR('',#4654,1.);
#4654 = DIRECTION('',(0.,-1.));
#4655 = ( GEOMETRIC_REPRESENTATION_CONTEXT(2) 
PARAMETRIC_REPRESENTATION_CONTEXT() REPRESENTATION_CONTEXT('2D SPACE',''
  ) );
#4656 = ORIENTED_EDGE('',*,*,#4657,.F.);
#4657 = EDGE_CURVE('',#4554,#4630,#4658,.T.);
#4658 = SURFACE_CURVE('',#4659,(#4663,#4670),.PCURVE_S1.);
#4659 = LINE('',#4660,#4661);
#4660 = CARTESIAN_POINT('',(33.094805344767,46.796848803927,0.));
#4661 = VECTOR('',#4662,1.);
#4662 = DIRECTION('',(-0.883044335252,-0.469289571564,0.));
#4663 = PCURVE('',#4569,#4664);
#4664 = DEFINITIONAL_REPRESENTATION('',(#4665),#4669);
#4665 = LINE('',#4666,#4667);
#4666 = CARTESIAN_POINT('',(0.,0.));
#4667 = VECTOR('',#4668,1.);
#4668 = DIRECTION('',(1.,0.));
#4669 = ( GEOMETRIC_REPRESENTATION_CONTEXT(2) 
PARAMETRIC_REPRESENTATION_CONTEXT() REPRESENTATION_CONTEXT('2D SPACE',''
  ) );
#4670 = PCURVE('',#129,#4671);
#4671 = DEFINITIONAL_REPRESENTATION('',(#4672),#4676);
#4672 = LINE('',#4673,#4674);
#4673 = CARTESIAN_POINT('',(7.032511068105,20.72846993393));
#4674 = VECTOR('',#4675,1.);
#4675 = DIRECTION('',(-0.883044335252,-0.469289571564));
#4676 = ( GEOMETRIC_REPRESENTATION_CONTEXT(2) 
PARAMETRIC_REPRESENTATION_CONTEXT() REPRESENTATION_CONTEXT('2D SPACE',''
  ) );
#4677 = ADVANCED_FACE('',(#4678),#4645,.F.);
#4678 = FACE_BOUND('',#4679,.F.);
#4679 = EDGE_LOOP('',(#4680,#4681,#4704,#4732));
#4680 = ORIENTED_EDGE('',*,*,#4629,.T.);
#4681 = ORIENTED_EDGE('',*,*,#4682,.T.);
#4682 = EDGE_CURVE('',#4607,#4683,#4685,.T.);
#4683 = VERTEX_POINT('',#4684);
#4684 = CARTESIAN_POINT('',(30.155779059218,45.300924085742,2.));
#4685 = SURFACE_CURVE('',#4686,(#4690,#4697),.PCURVE_S1.);
#4686 = LINE('',#4687,#4688);
#4687 = CARTESIAN_POINT('',(32.265863165174,46.35631155706,2.));
#4688 = VECTOR('',#4689,1.);
#4689 = DIRECTION('',(-0.894368620485,-0.447330717357,0.));
#4690 = PCURVE('',#4645,#4691);
#4691 = DEFINITIONAL_REPRESENTATION('',(#4692),#4696);
#4692 = LINE('',#4693,#4694);
#4693 = CARTESIAN_POINT('',(0.,-2.));
#4694 = VECTOR('',#4695,1.);
#4695 = DIRECTION('',(1.,0.));
#4696 = ( GEOMETRIC_REPRESENTATION_CONTEXT(2) 
PARAMETRIC_REPRESENTATION_CONTEXT() REPRESENTATION_CONTEXT('2D SPACE',''
  ) );
#4697 = PCURVE('',#75,#4698);
#4698 = DEFINITIONAL_REPRESENTATION('',(#4699),#4703);
#4699 = LINE('',#4700,#4701);
#4700 = CARTESIAN_POINT('',(6.203568888511,20.287932687064));
#4701 = VECTOR('',#4702,1.);
#4702 = DIRECTION('',(-0.894368620485,-0.447330717357));
#4703 = ( GEOMETRIC_REPRESENTATION_CONTEXT(2) 
PARAMETRIC_REPRESENTATION_CONTEXT() REPRESENTATION_CONTEXT('2D SPACE',''
  ) );
#4704 = ORIENTED_EDGE('',*,*,#4705,.F.);
#4705 = EDGE_CURVE('',#4706,#4683,#4708,.T.);
#4706 = VERTEX_POINT('',#4707);
#4707 = CARTESIAN_POINT('',(30.155779059218,45.300924085742,0.));
#4708 = SURFACE_CURVE('',#4709,(#4713,#4720),.PCURVE_S1.);
#4709 = LINE('',#4710,#4711);
#4710 = CARTESIAN_POINT('',(30.155779059218,45.300924085742,0.));
#4711 = VECTOR('',#4712,1.);
#4712 = DIRECTION('',(0.,0.,1.));
#4713 = PCURVE('',#4645,#4714);
#4714 = DEFINITIONAL_REPRESENTATION('',(#4715),#4719);
#4715 = LINE('',#4716,#4717);
#4716 = CARTESIAN_POINT('',(2.359300245586,0.));
#4717 = VECTOR('',#4718,1.);
#4718 = DIRECTION('',(0.,-1.));
#4719 = ( GEOMETRIC_REPRESENTATION_CONTEXT(2) 
PARAMETRIC_REPRESENTATION_CONTEXT() REPRESENTATION_CONTEXT('2D SPACE',''
  ) );
#4720 = PCURVE('',#4721,#4726);
#4721 = PLANE('',#4722);
#4722 = AXIS2_PLACEMENT_3D('',#4723,#4724,#4725);
#4723 = CARTESIAN_POINT('',(30.155779059218,45.300924085742,0.));
#4724 = DIRECTION('',(0.40260738676,-0.915372761298,0.));
#4725 = DIRECTION('',(-0.915372761298,-0.40260738676,0.));
#4726 = DEFINITIONAL_REPRESENTATION('',(#4727),#4731);
#4727 = LINE('',#4728,#4729);
#4728 = CARTESIAN_POINT('',(0.,0.));
#4729 = VECTOR('',#4730,1.);
#4730 = DIRECTION('',(0.,-1.));
#4731 = ( GEOMETRIC_REPRESENTATION_CONTEXT(2) 
PARAMETRIC_REPRESENTATION_CONTEXT() REPRESENTATION_CONTEXT('2D SPACE',''
  ) );
#4732 = ORIENTED_EDGE('',*,*,#4733,.F.);
#4733 = EDGE_CURVE('',#4630,#4706,#4734,.T.);
#4734 = SURFACE_CURVE('',#4735,(#4739,#4746),.PCURVE_S1.);
#4735 = LINE('',#4736,#4737);
#4736 = CARTESIAN_POINT('',(32.265863165174,46.35631155706,0.));
#4737 = VECTOR('',#4738,1.);
#4738 = DIRECTION('',(-0.894368620485,-0.447330717357,0.));
#4739 = PCURVE('',#4645,#4740);
#4740 = DEFINITIONAL_REPRESENTATION('',(#4741),#4745);
#4741 = LINE('',#4742,#4743);
#4742 = CARTESIAN_POINT('',(0.,0.));
#4743 = VECTOR('',#4744,1.);
#4744 = DIRECTION('',(1.,0.));
#4745 = ( GEOMETRIC_REPRESENTATION_CONTEXT(2) 
PARAMETRIC_REPRESENTATION_CONTEXT() REPRESENTATION_CONTEXT('2D SPACE',''
  ) );
#4746 = PCURVE('',#129,#4747);
#4747 = DEFINITIONAL_REPRESENTATION('',(#4748),#4752);
#4748 = LINE('',#4749,#4750);
#4749 = CARTESIAN_POINT('',(6.203568888511,20.287932687064));
#4750 = VECTOR('',#4751,1.);
#4751 = DIRECTION('',(-0.894368620485,-0.447330717357));
#4752 = ( GEOMETRIC_REPRESENTATION_CONTEXT(2) 
PARAMETRIC_REPRESENTATION_CONTEXT() REPRESENTATION_CONTEXT('2D SPACE',''
  ) );
#4753 = ADVANCED_FACE('',(#4754),#4721,.F.);
#4754 = FACE_BOUND('',#4755,.F.);
#4755 = EDGE_LOOP('',(#4756,#4757,#4780,#4808));
#4756 = ORIENTED_EDGE('',*,*,#4705,.T.);
#4757 = ORIENTED_EDGE('',*,*,#4758,.T.);
#4758 = EDGE_CURVE('',#4683,#4759,#4761,.T.);
#4759 = VERTEX_POINT('',#4760);
#4760 = CARTESIAN_POINT('',(28.03007685514,44.365978842013,2.));
#4761 = SURFACE_CURVE('',#4762,(#4766,#4773),.PCURVE_S1.);
#4762 = LINE('',#4763,#4764);
#4763 = CARTESIAN_POINT('',(30.155779059218,45.300924085742,2.));
#4764 = VECTOR('',#4765,1.);
#4765 = DIRECTION('',(-0.915372761298,-0.40260738676,0.));
#4766 = PCURVE('',#4721,#4767);
#4767 = DEFINITIONAL_REPRESENTATION('',(#4768),#4772);
#4768 = LINE('',#4769,#4770);
#4769 = CARTESIAN_POINT('',(0.,-2.));
#4770 = VECTOR('',#4771,1.);
#4771 = DIRECTION('',(1.,0.));
#4772 = ( GEOMETRIC_REPRESENTATION_CONTEXT(2) 
PARAMETRIC_REPRESENTATION_CONTEXT() REPRESENTATION_CONTEXT('2D SPACE',''
  ) );
#4773 = PCURVE('',#75,#4774);
#4774 = DEFINITIONAL_REPRESENTATION('',(#4775),#4779);
#4775 = LINE('',#4776,#4777);
#4776 = CARTESIAN_POINT('',(4.093484782556,19.232545215745));
#4777 = VECTOR('',#4778,1.);
#4778 = DIRECTION('',(-0.915372761298,-0.40260738676));
#4779 = ( GEOMETRIC_REPRESENTATION_CONTEXT(2) 
PARAMETRIC_REPRESENTATION_CONTEXT() REPRESENTATION_CONTEXT('2D SPACE',''
  ) );
#4780 = ORIENTED_EDGE('',*,*,#4781,.F.);
#4781 = EDGE_CURVE('',#4782,#4759,#4784,.T.);
#4782 = VERTEX_POINT('',#4783);
#4783 = CARTESIAN_POINT('',(28.03007685514,44.365978842013,0.));
#4784 = SURFACE_CURVE('',#4785,(#4789,#4796),.PCURVE_S1.);
#4785 = LINE('',#4786,#4787);
#4786 = CARTESIAN_POINT('',(28.03007685514,44.365978842013,0.));
#4787 = VECTOR('',#4788,1.);
#4788 = DIRECTION('',(0.,0.,1.));
#4789 = PCURVE('',#4721,#4790);
#4790 = DEFINITIONAL_REPRESENTATION('',(#4791),#4795);
#4791 = LINE('',#4792,#4793);
#4792 = CARTESIAN_POINT('',(2.322225757586,0.));
#4793 = VECTOR('',#4794,1.);
#4794 = DIRECTION('',(0.,-1.));
#4795 = ( GEOMETRIC_REPRESENTATION_CONTEXT(2) 
PARAMETRIC_REPRESENTATION_CONTEXT() REPRESENTATION_CONTEXT('2D SPACE',''
  ) );
#4796 = PCURVE('',#4797,#4802);
#4797 = PLANE('',#4798);
#4798 = AXIS2_PLACEMENT_3D('',#4799,#4800,#4801);
#4799 = CARTESIAN_POINT('',(28.03007685514,44.365978842013,0.));
#4800 = DIRECTION('',(0.356901150527,-0.934142156608,0.));
#4801 = DIRECTION('',(-0.934142156608,-0.356901150527,0.));
#4802 = DEFINITIONAL_REPRESENTATION('',(#4803),#4807);
#4803 = LINE('',#4804,#4805);
#4804 = CARTESIAN_POINT('',(0.,0.));
#4805 = VECTOR('',#4806,1.);
#4806 = DIRECTION('',(0.,-1.));
#4807 = ( GEOMETRIC_REPRESENTATION_CONTEXT(2) 
PARAMETRIC_REPRESENTATION_CONTEXT() REPRESENTATION_CONTEXT('2D SPACE',''
  ) );
#4808 = ORIENTED_EDGE('',*,*,#4809,.F.);
#4809 = EDGE_CURVE('',#4706,#4782,#4810,.T.);
#4810 = SURFACE_CURVE('',#4811,(#4815,#4822),.PCURVE_S1.);
#4811 = LINE('',#4812,#4813);
#4812 = CARTESIAN_POINT('',(30.155779059218,45.300924085742,0.));
#4813 = VECTOR('',#4814,1.);
#4814 = DIRECTION('',(-0.915372761298,-0.40260738676,0.));
#4815 = PCURVE('',#4721,#4816);
#4816 = DEFINITIONAL_REPRESENTATION('',(#4817),#4821);
#4817 = LINE('',#4818,#4819);
#4818 = CARTESIAN_POINT('',(0.,0.));
#4819 = VECTOR('',#4820,1.);
#4820 = DIRECTION('',(1.,0.));
#4821 = ( GEOMETRIC_REPRESENTATION_CONTEXT(2) 
PARAMETRIC_REPRESENTATION_CONTEXT() REPRESENTATION_CONTEXT('2D SPACE',''
  ) );
#4822 = PCURVE('',#129,#4823);
#4823 = DEFINITIONAL_REPRESENTATION('',(#4824),#4828);
#4824 = LINE('',#4825,#4826);
#4825 = CARTESIAN_POINT('',(4.093484782556,19.232545215745));
#4826 = VECTOR('',#4827,1.);
#4827 = DIRECTION('',(-0.915372761298,-0.40260738676));
#4828 = ( GEOMETRIC_REPRESENTATION_CONTEXT(2) 
PARAMETRIC_REPRESENTATION_CONTEXT() REPRESENTATION_CONTEXT('2D SPACE',''
  ) );
#4829 = ADVANCED_FACE('',(#4830),#4797,.F.);
#4830 = FACE_BOUND('',#4831,.F.);
#4831 = EDGE_LOOP('',(#4832,#4833,#4856,#4884));
#4832 = ORIENTED_EDGE('',*,*,#4781,.T.);
#4833 = ORIENTED_EDGE('',*,*,#4834,.T.);
#4834 = EDGE_CURVE('',#4759,#4835,#4837,.T.);
#4835 = VERTEX_POINT('',#4836);
#4836 = CARTESIAN_POINT('',(25.860787877819,43.537173797347,2.));
#4837 = SURFACE_CURVE('',#4838,(#4842,#4849),.PCURVE_S1.);
#4838 = LINE('',#4839,#4840);
#4839 = CARTESIAN_POINT('',(28.03007685514,44.365978842013,2.));
#4840 = VECTOR('',#4841,1.);
#4841 = DIRECTION('',(-0.934142156608,-0.356901150527,0.));
#4842 = PCURVE('',#4797,#4843);
#4843 = DEFINITIONAL_REPRESENTATION('',(#4844),#4848);
#4844 = LINE('',#4845,#4846);
#4845 = CARTESIAN_POINT('',(0.,-2.));
#4846 = VECTOR('',#4847,1.);
#4847 = DIRECTION('',(1.,0.));
#4848 = ( GEOMETRIC_REPRESENTATION_CONTEXT(2) 
PARAMETRIC_REPRESENTATION_CONTEXT() REPRESENTATION_CONTEXT('2D SPACE',''
  ) );
#4849 = PCURVE('',#75,#4850);
#4850 = DEFINITIONAL_REPRESENTATION('',(#4851),#4855);
#4851 = LINE('',#4852,#4853);
#4852 = CARTESIAN_POINT('',(1.967782578478,18.297599972016));
#4853 = VECTOR('',#4854,1.);
#4854 = DIRECTION('',(-0.934142156608,-0.356901150527));
#4855 = ( GEOMETRIC_REPRESENTATION_CONTEXT(2) 
PARAMETRIC_REPRESENTATION_CONTEXT() REPRESENTATION_CONTEXT('2D SPACE',''
  ) );
#4856 = ORIENTED_EDGE('',*,*,#4857,.F.);
#4857 = EDGE_CURVE('',#4858,#4835,#4860,.T.);
#4858 = VERTEX_POINT('',#4859);
#4859 = CARTESIAN_POINT('',(25.860787877819,43.537173797347,0.));
#4860 = SURFACE_CURVE('',#4861,(#4865,#4872),.PCURVE_S1.);
#4861 = LINE('',#4862,#4863);
#4862 = CARTESIAN_POINT('',(25.860787877819,43.537173797347,0.));
#4863 = VECTOR('',#4864,1.);
#4864 = DIRECTION('',(0.,0.,1.));
#4865 = PCURVE('',#4797,#4866);
#4866 = DEFINITIONAL_REPRESENTATION('',(#4867),#4871);
#4867 = LINE('',#4868,#4869);
#4868 = CARTESIAN_POINT('',(2.322225757585,0.));
#4869 = VECTOR('',#4870,1.);
#4870 = DIRECTION('',(0.,-1.));
#4871 = ( GEOMETRIC_REPRESENTATION_CONTEXT(2) 
PARAMETRIC_REPRESENTATION_CONTEXT() REPRESENTATION_CONTEXT('2D SPACE',''
  ) );
#4872 = PCURVE('',#4873,#4878);
#4873 = PLANE('',#4874);
#4874 = AXIS2_PLACEMENT_3D('',#4875,#4876,#4877);
#4875 = CARTESIAN_POINT('',(25.860787877819,43.537173797347,0.));
#4876 = DIRECTION('',(0.310323593588,-0.950630983749,0.));
#4877 = DIRECTION('',(-0.950630983749,-0.310323593588,0.));
#4878 = DEFINITIONAL_REPRESENTATION('',(#4879),#4883);
#4879 = LINE('',#4880,#4881);
#4880 = CARTESIAN_POINT('',(0.,0.));
#4881 = VECTOR('',#4882,1.);
#4882 = DIRECTION('',(0.,-1.));
#4883 = ( GEOMETRIC_REPRESENTATION_CONTEXT(2) 
PARAMETRIC_REPRESENTATION_CONTEXT() REPRESENTATION_CONTEXT('2D SPACE',''
  ) );
#4884 = ORIENTED_EDGE('',*,*,#4885,.F.);
#4885 = EDGE_CURVE('',#4782,#4858,#4886,.T.);
#4886 = SURFACE_CURVE('',#4887,(#4891,#4898),.PCURVE_S1.);
#4887 = LINE('',#4888,#4889);
#4888 = CARTESIAN_POINT('',(28.03007685514,44.365978842013,0.));
#4889 = VECTOR('',#4890,1.);
#4890 = DIRECTION('',(-0.934142156608,-0.356901150527,0.));
#4891 = PCURVE('',#4797,#4892);
#4892 = DEFINITIONAL_REPRESENTATION('',(#4893),#4897);
#4893 = LINE('',#4894,#4895);
#4894 = CARTESIAN_POINT('',(0.,0.));
#4895 = VECTOR('',#4896,1.);
#4896 = DIRECTION('',(1.,0.));
#4897 = ( GEOMETRIC_REPRESENTATION_CONTEXT(2) 
PARAMETRIC_REPRESENTATION_CONTEXT() REPRESENTATION_CONTEXT('2D SPACE',''
  ) );
#4898 = PCURVE('',#129,#4899);
#4899 = DEFINITIONAL_REPRESENTATION('',(#4900),#4904);
#4900 = LINE('',#4901,#4902);
#4901 = CARTESIAN_POINT('',(1.967782578478,18.297599972016));
#4902 = VECTOR('',#4903,1.);
#4903 = DIRECTION('',(-0.934142156608,-0.356901150527));
#4904 = ( GEOMETRIC_REPRESENTATION_CONTEXT(2) 
PARAMETRIC_REPRESENTATION_CONTEXT() REPRESENTATION_CONTEXT('2D SPACE',''
  ) );
#4905 = ADVANCED_FACE('',(#4906),#4873,.F.);
#4906 = FACE_BOUND('',#4907,.F.);
#4907 = EDGE_LOOP('',(#4908,#4909,#4932,#4960));
#4908 = ORIENTED_EDGE('',*,*,#4857,.T.);
#4909 = ORIENTED_EDGE('',*,*,#4910,.T.);
#4910 = EDGE_CURVE('',#4835,#4911,#4913,.T.);
#4911 = VERTEX_POINT('',#4912);
#4912 = CARTESIAN_POINT('',(23.653208121399,42.816532355131,2.));
#4913 = SURFACE_CURVE('',#4914,(#4918,#4925),.PCURVE_S1.);
#4914 = LINE('',#4915,#4916);
#4915 = CARTESIAN_POINT('',(25.860787877819,43.537173797347,2.));
#4916 = VECTOR('',#4917,1.);
#4917 = DIRECTION('',(-0.950630983749,-0.310323593588,0.));
#4918 = PCURVE('',#4873,#4919);
#4919 = DEFINITIONAL_REPRESENTATION('',(#4920),#4924);
#4920 = LINE('',#4921,#4922);
#4921 = CARTESIAN_POINT('',(0.,-2.));
#4922 = VECTOR('',#4923,1.);
#4923 = DIRECTION('',(1.,0.));
#4924 = ( GEOMETRIC_REPRESENTATION_CONTEXT(2) 
PARAMETRIC_REPRESENTATION_CONTEXT() REPRESENTATION_CONTEXT('2D SPACE',''
  ) );
#4925 = PCURVE('',#75,#4926);
#4926 = DEFINITIONAL_REPRESENTATION('',(#4927),#4931);
#4927 = LINE('',#4928,#4929);
#4928 = CARTESIAN_POINT('',(-0.201506398844,17.46879492735));
#4929 = VECTOR('',#4930,1.);
#4930 = DIRECTION('',(-0.950630983749,-0.310323593588));
#4931 = ( GEOMETRIC_REPRESENTATION_CONTEXT(2) 
PARAMETRIC_REPRESENTATION_CONTEXT() REPRESENTATION_CONTEXT('2D SPACE',''
  ) );
#4932 = ORIENTED_EDGE('',*,*,#4933,.F.);
#4933 = EDGE_CURVE('',#4934,#4911,#4936,.T.);
#4934 = VERTEX_POINT('',#4935);
#4935 = CARTESIAN_POINT('',(23.653208121399,42.816532355131,0.));
#4936 = SURFACE_CURVE('',#4937,(#4941,#4948),.PCURVE_S1.);
#4937 = LINE('',#4938,#4939);
#4938 = CARTESIAN_POINT('',(23.653208121399,42.816532355131,0.));
#4939 = VECTOR('',#4940,1.);
#4940 = DIRECTION('',(0.,0.,1.));
#4941 = PCURVE('',#4873,#4942);
#4942 = DEFINITIONAL_REPRESENTATION('',(#4943),#4947);
#4943 = LINE('',#4944,#4945);
#4944 = CARTESIAN_POINT('',(2.322225757585,0.));
#4945 = VECTOR('',#4946,1.);
#4946 = DIRECTION('',(0.,-1.));
#4947 = ( GEOMETRIC_REPRESENTATION_CONTEXT(2) 
PARAMETRIC_REPRESENTATION_CONTEXT() REPRESENTATION_CONTEXT('2D SPACE',''
  ) );
#4948 = PCURVE('',#4949,#4954);
#4949 = PLANE('',#4950);
#4950 = AXIS2_PLACEMENT_3D('',#4951,#4952,#4953);
#4951 = CARTESIAN_POINT('',(23.653208121399,42.816532355131,0.));
#4952 = DIRECTION('',(0.262988428071,-0.964798987717,0.));
#4953 = DIRECTION('',(-0.964798987717,-0.262988428071,0.));
#4954 = DEFINITIONAL_REPRESENTATION('',(#4955),#4959);
#4955 = LINE('',#4956,#4957);
#4956 = CARTESIAN_POINT('',(0.,0.));
#4957 = VECTOR('',#4958,1.);
#4958 = DIRECTION('',(0.,-1.));
#4959 = ( GEOMETRIC_REPRESENTATION_CONTEXT(2) 
PARAMETRIC_REPRESENTATION_CONTEXT() REPRESENTATION_CONTEXT('2D SPACE',''
  ) );
#4960 = ORIENTED_EDGE('',*,*,#4961,.F.);
#4961 = EDGE_CURVE('',#4858,#4934,#4962,.T.);
#4962 = SURFACE_CURVE('',#4963,(#4967,#4974),.PCURVE_S1.);
#4963 = LINE('',#4964,#4965);
#4964 = CARTESIAN_POINT('',(25.860787877819,43.537173797347,0.));
#4965 = VECTOR('',#4966,1.);
#4966 = DIRECTION('',(-0.950630983749,-0.310323593588,0.));
#4967 = PCURVE('',#4873,#4968);
#4968 = DEFINITIONAL_REPRESENTATION('',(#4969),#4973);
#4969 = LINE('',#4970,#4971);
#4970 = CARTESIAN_POINT('',(0.,0.));
#4971 = VECTOR('',#4972,1.);
#4972 = DIRECTION('',(1.,0.));
#4973 = ( GEOMETRIC_REPRESENTATION_CONTEXT(2) 
PARAMETRIC_REPRESENTATION_CONTEXT() REPRESENTATION_CONTEXT('2D SPACE',''
  ) );
#4974 = PCURVE('',#129,#4975);
#4975 = DEFINITIONAL_REPRESENTATION('',(#4976),#4980);
#4976 = LINE('',#4977,#4978);
#4977 = CARTESIAN_POINT('',(-0.201506398844,17.46879492735));
#4978 = VECTOR('',#4979,1.);
#4979 = DIRECTION('',(-0.950630983749,-0.310323593588));
#4980 = ( GEOMETRIC_REPRESENTATION_CONTEXT(2) 
PARAMETRIC_REPRESENTATION_CONTEXT() REPRESENTATION_CONTEXT('2D SPACE',''
  ) );
#4981 = ADVANCED_FACE('',(#4982),#4949,.F.);
#4982 = FACE_BOUND('',#4983,.F.);
#4983 = EDGE_LOOP('',(#4984,#4985,#5008,#5036));
#4984 = ORIENTED_EDGE('',*,*,#4933,.T.);
#4985 = ORIENTED_EDGE('',*,*,#4986,.T.);
#4986 = EDGE_CURVE('',#4911,#4987,#4989,.T.);
#4987 = VERTEX_POINT('',#4988);
#4988 = CARTESIAN_POINT('',(21.41272706123,42.205813853517,2.));
#4989 = SURFACE_CURVE('',#4990,(#4994,#5001),.PCURVE_S1.);
#4990 = LINE('',#4991,#4992);
#4991 = CARTESIAN_POINT('',(23.653208121399,42.816532355131,2.));
#4992 = VECTOR('',#4993,1.);
#4993 = DIRECTION('',(-0.964798987717,-0.262988428071,0.));
#4994 = PCURVE('',#4949,#4995);
#4995 = DEFINITIONAL_REPRESENTATION('',(#4996),#5000);
#4996 = LINE('',#4997,#4998);
#4997 = CARTESIAN_POINT('',(0.,-2.));
#4998 = VECTOR('',#4999,1.);
#4999 = DIRECTION('',(1.,0.));
#5000 = ( GEOMETRIC_REPRESENTATION_CONTEXT(2) 
PARAMETRIC_REPRESENTATION_CONTEXT() REPRESENTATION_CONTEXT('2D SPACE',''
  ) );
#5001 = PCURVE('',#75,#5002);
#5002 = DEFINITIONAL_REPRESENTATION('',(#5003),#5007);
#5003 = LINE('',#5004,#5005);
#5004 = CARTESIAN_POINT('',(-2.409086155263,16.748153485135));
#5005 = VECTOR('',#5006,1.);
#5006 = DIRECTION('',(-0.964798987717,-0.262988428071));
#5007 = ( GEOMETRIC_REPRESENTATION_CONTEXT(2) 
PARAMETRIC_REPRESENTATION_CONTEXT() REPRESENTATION_CONTEXT('2D SPACE',''
  ) );
#5008 = ORIENTED_EDGE('',*,*,#5009,.F.);
#5009 = EDGE_CURVE('',#5010,#4987,#5012,.T.);
#5010 = VERTEX_POINT('',#5011);
#5011 = CARTESIAN_POINT('',(21.41272706123,42.205813853517,0.));
#5012 = SURFACE_CURVE('',#5013,(#5017,#5024),.PCURVE_S1.);
#5013 = LINE('',#5014,#5015);
#5014 = CARTESIAN_POINT('',(21.41272706123,42.205813853517,0.));
#5015 = VECTOR('',#5016,1.);
#5016 = DIRECTION('',(0.,0.,1.));
#5017 = PCURVE('',#4949,#5018);
#5018 = DEFINITIONAL_REPRESENTATION('',(#5019),#5023);
#5019 = LINE('',#5020,#5021);
#5020 = CARTESIAN_POINT('',(2.322225757585,0.));
#5021 = VECTOR('',#5022,1.);
#5022 = DIRECTION('',(0.,-1.));
#5023 = ( GEOMETRIC_REPRESENTATION_CONTEXT(2) 
PARAMETRIC_REPRESENTATION_CONTEXT() REPRESENTATION_CONTEXT('2D SPACE',''
  ) );
#5024 = PCURVE('',#5025,#5030);
#5025 = PLANE('',#5026);
#5026 = AXIS2_PLACEMENT_3D('',#5027,#5028,#5029);
#5027 = CARTESIAN_POINT('',(21.41272706123,42.205813853517,0.));
#5028 = DIRECTION('',(0.215011215695,-0.976611579455,0.));
#5029 = DIRECTION('',(-0.976611579455,-0.215011215695,0.));
#5030 = DEFINITIONAL_REPRESENTATION('',(#5031),#5035);
#5031 = LINE('',#5032,#5033);
#5032 = CARTESIAN_POINT('',(0.,0.));
#5033 = VECTOR('',#5034,1.);
#5034 = DIRECTION('',(0.,-1.));
#5035 = ( GEOMETRIC_REPRESENTATION_CONTEXT(2) 
PARAMETRIC_REPRESENTATION_CONTEXT() REPRESENTATION_CONTEXT('2D SPACE',''
  ) );
#5036 = ORIENTED_EDGE('',*,*,#5037,.F.);
#5037 = EDGE_CURVE('',#4934,#5010,#5038,.T.);
#5038 = SURFACE_CURVE('',#5039,(#5043,#5050),.PCURVE_S1.);
#5039 = LINE('',#5040,#5041);
#5040 = CARTESIAN_POINT('',(23.653208121399,42.816532355131,0.));
#5041 = VECTOR('',#5042,1.);
#5042 = DIRECTION('',(-0.964798987717,-0.262988428071,0.));
#5043 = PCURVE('',#4949,#5044);
#5044 = DEFINITIONAL_REPRESENTATION('',(#5045),#5049);
#5045 = LINE('',#5046,#5047);
#5046 = CARTESIAN_POINT('',(0.,0.));
#5047 = VECTOR('',#5048,1.);
#5048 = DIRECTION('',(1.,0.));
#5049 = ( GEOMETRIC_REPRESENTATION_CONTEXT(2) 
PARAMETRIC_REPRESENTATION_CONTEXT() REPRESENTATION_CONTEXT('2D SPACE',''
  ) );
#5050 = PCURVE('',#129,#5051);
#5051 = DEFINITIONAL_REPRESENTATION('',(#5052),#5056);
#5052 = LINE('',#5053,#5054);
#5053 = CARTESIAN_POINT('',(-2.409086155263,16.748153485135));
#5054 = VECTOR('',#5055,1.);
#5055 = DIRECTION('',(-0.964798987717,-0.262988428071));
#5056 = ( GEOMETRIC_REPRESENTATION_CONTEXT(2) 
PARAMETRIC_REPRESENTATION_CONTEXT() REPRESENTATION_CONTEXT('2D SPACE',''
  ) );
#5057 = ADVANCED_FACE('',(#5058),#5025,.F.);
#5058 = FACE_BOUND('',#5059,.F.);
#5059 = EDGE_LOOP('',(#5060,#5061,#5084,#5112));
#5060 = ORIENTED_EDGE('',*,*,#5009,.T.);
#5061 = ORIENTED_EDGE('',*,*,#5062,.T.);
#5062 = EDGE_CURVE('',#4987,#5063,#5065,.T.);
#5063 = VERTEX_POINT('',#5064);
#5064 = CARTESIAN_POINT('',(19.144814496264,41.706509270259,2.));
#5065 = SURFACE_CURVE('',#5066,(#5070,#5077),.PCURVE_S1.);
#5066 = LINE('',#5067,#5068);
#5067 = CARTESIAN_POINT('',(21.41272706123,42.205813853517,2.));
#5068 = VECTOR('',#5069,1.);
#5069 = DIRECTION('',(-0.976611579455,-0.215011215695,0.));
#5070 = PCURVE('',#5025,#5071);
#5071 = DEFINITIONAL_REPRESENTATION('',(#5072),#5076);
#5072 = LINE('',#5073,#5074);
#5073 = CARTESIAN_POINT('',(0.,-2.));
#5074 = VECTOR('',#5075,1.);
#5075 = DIRECTION('',(1.,0.));
#5076 = ( GEOMETRIC_REPRESENTATION_CONTEXT(2) 
PARAMETRIC_REPRESENTATION_CONTEXT() REPRESENTATION_CONTEXT('2D SPACE',''
  ) );
#5077 = PCURVE('',#75,#5078);
#5078 = DEFINITIONAL_REPRESENTATION('',(#5079),#5083);
#5079 = LINE('',#5080,#5081);
#5080 = CARTESIAN_POINT('',(-4.649567215433,16.13743498352));
#5081 = VECTOR('',#5082,1.);
#5082 = DIRECTION('',(-0.976611579455,-0.215011215695));
#5083 = ( GEOMETRIC_REPRESENTATION_CONTEXT(2) 
PARAMETRIC_REPRESENTATION_CONTEXT() REPRESENTATION_CONTEXT('2D SPACE',''
  ) );
#5084 = ORIENTED_EDGE('',*,*,#5085,.F.);
#5085 = EDGE_CURVE('',#5086,#5063,#5088,.T.);
#5086 = VERTEX_POINT('',#5087);
#5087 = CARTESIAN_POINT('',(19.144814496264,41.706509270259,0.));
#5088 = SURFACE_CURVE('',#5089,(#5093,#5100),.PCURVE_S1.);
#5089 = LINE('',#5090,#5091);
#5090 = CARTESIAN_POINT('',(19.144814496264,41.706509270259,0.));
#5091 = VECTOR('',#5092,1.);
#5092 = DIRECTION('',(0.,0.,1.));
#5093 = PCURVE('',#5025,#5094);
#5094 = DEFINITIONAL_REPRESENTATION('',(#5095),#5099);
#5095 = LINE('',#5096,#5097);
#5096 = CARTESIAN_POINT('',(2.322225757585,0.));
#5097 = VECTOR('',#5098,1.);
#5098 = DIRECTION('',(0.,-1.));
#5099 = ( GEOMETRIC_REPRESENTATION_CONTEXT(2) 
PARAMETRIC_REPRESENTATION_CONTEXT() REPRESENTATION_CONTEXT('2D SPACE',''
  ) );
#5100 = PCURVE('',#5101,#5106);
#5101 = PLANE('',#5102);
#5102 = AXIS2_PLACEMENT_3D('',#5103,#5104,#5105);
#5103 = CARTESIAN_POINT('',(19.144814496264,41.706509270259,0.));
#5104 = DIRECTION('',(0.166509085638,-0.986039920287,0.));
#5105 = DIRECTION('',(-0.986039920287,-0.166509085638,0.));
#5106 = DEFINITIONAL_REPRESENTATION('',(#5107),#5111);
#5107 = LINE('',#5108,#5109);
#5108 = CARTESIAN_POINT('',(0.,0.));
#5109 = VECTOR('',#5110,1.);
#5110 = DIRECTION('',(0.,-1.));
#5111 = ( GEOMETRIC_REPRESENTATION_CONTEXT(2) 
PARAMETRIC_REPRESENTATION_CONTEXT() REPRESENTATION_CONTEXT('2D SPACE',''
  ) );
#5112 = ORIENTED_EDGE('',*,*,#5113,.F.);
#5113 = EDGE_CURVE('',#5010,#5086,#5114,.T.);
#5114 = SURFACE_CURVE('',#5115,(#5119,#5126),.PCURVE_S1.);
#5115 = LINE('',#5116,#5117);
#5116 = CARTESIAN_POINT('',(21.41272706123,42.205813853517,0.));
#5117 = VECTOR('',#5118,1.);
#5118 = DIRECTION('',(-0.976611579455,-0.215011215695,0.));
#5119 = PCURVE('',#5025,#5120);
#5120 = DEFINITIONAL_REPRESENTATION('',(#5121),#5125);
#5121 = LINE('',#5122,#5123);
#5122 = CARTESIAN_POINT('',(0.,0.));
#5123 = VECTOR('',#5124,1.);
#5124 = DIRECTION('',(1.,0.));
#5125 = ( GEOMETRIC_REPRESENTATION_CONTEXT(2) 
PARAMETRIC_REPRESENTATION_CONTEXT() REPRESENTATION_CONTEXT('2D SPACE',''
  ) );
#5126 = PCURVE('',#129,#5127);
#5127 = DEFINITIONAL_REPRESENTATION('',(#5128),#5132);
#5128 = LINE('',#5129,#5130);
#5129 = CARTESIAN_POINT('',(-4.649567215433,16.13743498352));
#5130 = VECTOR('',#5131,1.);
#5131 = DIRECTION('',(-0.976611579455,-0.215011215695));
#5132 = ( GEOMETRIC_REPRESENTATION_CONTEXT(2) 
PARAMETRIC_REPRESENTATION_CONTEXT() REPRESENTATION_CONTEXT('2D SPACE',''
  ) );
#5133 = ADVANCED_FACE('',(#5134),#5101,.F.);
#5134 = FACE_BOUND('',#5135,.F.);
#5135 = EDGE_LOOP('',(#5136,#5137,#5160,#5188));
#5136 = ORIENTED_EDGE('',*,*,#5085,.T.);
#5137 = ORIENTED_EDGE('',*,*,#5138,.T.);
#5138 = EDGE_CURVE('',#5063,#5139,#5141,.T.);
#5139 = VERTEX_POINT('',#5140);
#5140 = CARTESIAN_POINT('',(16.855007195365,41.319837582717,2.));
#5141 = SURFACE_CURVE('',#5142,(#5146,#5153),.PCURVE_S1.);
#5142 = LINE('',#5143,#5144);
#5143 = CARTESIAN_POINT('',(19.144814496264,41.706509270259,2.));
#5144 = VECTOR('',#5145,1.);
#5145 = DIRECTION('',(-0.986039920287,-0.166509085638,0.));
#5146 = PCURVE('',#5101,#5147);
#5147 = DEFINITIONAL_REPRESENTATION('',(#5148),#5152);
#5148 = LINE('',#5149,#5150);
#5149 = CARTESIAN_POINT('',(0.,-2.));
#5150 = VECTOR('',#5151,1.);
#5151 = DIRECTION('',(1.,0.));
#5152 = ( GEOMETRIC_REPRESENTATION_CONTEXT(2) 
PARAMETRIC_REPRESENTATION_CONTEXT() REPRESENTATION_CONTEXT('2D SPACE',''
  ) );
#5153 = PCURVE('',#75,#5154);
#5154 = DEFINITIONAL_REPRESENTATION('',(#5155),#5159);
#5155 = LINE('',#5156,#5157);
#5156 = CARTESIAN_POINT('',(-6.917479780399,15.638130400263));
#5157 = VECTOR('',#5158,1.);
#5158 = DIRECTION('',(-0.986039920287,-0.166509085638));
#5159 = ( GEOMETRIC_REPRESENTATION_CONTEXT(2) 
PARAMETRIC_REPRESENTATION_CONTEXT() REPRESENTATION_CONTEXT('2D SPACE',''
  ) );
#5160 = ORIENTED_EDGE('',*,*,#5161,.F.);
#5161 = EDGE_CURVE('',#5162,#5139,#5164,.T.);
#5162 = VERTEX_POINT('',#5163);
#5163 = CARTESIAN_POINT('',(16.855007195365,41.319837582717,0.));
#5164 = SURFACE_CURVE('',#5165,(#5169,#5176),.PCURVE_S1.);
#5165 = LINE('',#5166,#5167);
#5166 = CARTESIAN_POINT('',(16.855007195365,41.319837582717,0.));
#5167 = VECTOR('',#5168,1.);
#5168 = DIRECTION('',(0.,0.,1.));
#5169 = PCURVE('',#5101,#5170);
#5170 = DEFINITIONAL_REPRESENTATION('',(#5171),#5175);
#5171 = LINE('',#5172,#5173);
#5172 = CARTESIAN_POINT('',(2.322225757585,0.));
#5173 = VECTOR('',#5174,1.);
#5174 = DIRECTION('',(0.,-1.));
#5175 = ( GEOMETRIC_REPRESENTATION_CONTEXT(2) 
PARAMETRIC_REPRESENTATION_CONTEXT() REPRESENTATION_CONTEXT('2D SPACE',''
  ) );
#5176 = PCURVE('',#5177,#5182);
#5177 = PLANE('',#5178);
#5178 = AXIS2_PLACEMENT_3D('',#5179,#5180,#5181);
#5179 = CARTESIAN_POINT('',(16.855007195365,41.319837582717,0.));
#5180 = DIRECTION('',(0.117600448587,-0.993060992332,0.));
#5181 = DIRECTION('',(-0.993060992332,-0.117600448587,0.));
#5182 = DEFINITIONAL_REPRESENTATION('',(#5183),#5187);
#5183 = LINE('',#5184,#5185);
#5184 = CARTESIAN_POINT('',(0.,0.));
#5185 = VECTOR('',#5186,1.);
#5186 = DIRECTION('',(0.,-1.));
#5187 = ( GEOMETRIC_REPRESENTATION_CONTEXT(2) 
PARAMETRIC_REPRESENTATION_CONTEXT() REPRESENTATION_CONTEXT('2D SPACE',''
  ) );
#5188 = ORIENTED_EDGE('',*,*,#5189,.F.);
#5189 = EDGE_CURVE('',#5086,#5162,#5190,.T.);
#5190 = SURFACE_CURVE('',#5191,(#5195,#5202),.PCURVE_S1.);
#5191 = LINE('',#5192,#5193);
#5192 = CARTESIAN_POINT('',(19.144814496264,41.706509270259,0.));
#5193 = VECTOR('',#5194,1.);
#5194 = DIRECTION('',(-0.986039920287,-0.166509085638,0.));
#5195 = PCURVE('',#5101,#5196);
#5196 = DEFINITIONAL_REPRESENTATION('',(#5197),#5201);
#5197 = LINE('',#5198,#5199);
#5198 = CARTESIAN_POINT('',(0.,0.));
#5199 = VECTOR('',#5200,1.);
#5200 = DIRECTION('',(1.,0.));
#5201 = ( GEOMETRIC_REPRESENTATION_CONTEXT(2) 
PARAMETRIC_REPRESENTATION_CONTEXT() REPRESENTATION_CONTEXT('2D SPACE',''
  ) );
#5202 = PCURVE('',#129,#5203);
#5203 = DEFINITIONAL_REPRESENTATION('',(#5204),#5208);
#5204 = LINE('',#5205,#5206);
#5205 = CARTESIAN_POINT('',(-6.917479780399,15.638130400263));
#5206 = VECTOR('',#5207,1.);
#5207 = DIRECTION('',(-0.986039920287,-0.166509085638));
#5208 = ( GEOMETRIC_REPRESENTATION_CONTEXT(2) 
PARAMETRIC_REPRESENTATION_CONTEXT() REPRESENTATION_CONTEXT('2D SPACE',''
  ) );
#5209 = ADVANCED_FACE('',(#5210),#5177,.F.);
#5210 = FACE_BOUND('',#5211,.F.);
#5211 = EDGE_LOOP('',(#5212,#5213,#5236,#5264));
#5212 = ORIENTED_EDGE('',*,*,#5161,.T.);
#5213 = ORIENTED_EDGE('',*,*,#5214,.T.);
#5214 = EDGE_CURVE('',#5139,#5215,#5217,.T.);
#5215 = VERTEX_POINT('',#5216);
#5216 = CARTESIAN_POINT('',(14.548895380118,41.046742791905,2.));
#5217 = SURFACE_CURVE('',#5218,(#5222,#5229),.PCURVE_S1.);
#5218 = LINE('',#5219,#5220);
#5219 = CARTESIAN_POINT('',(16.855007195365,41.319837582717,2.));
#5220 = VECTOR('',#5221,1.);
#5221 = DIRECTION('',(-0.993060992332,-0.117600448587,0.));
#5222 = PCURVE('',#5177,#5223);
#5223 = DEFINITIONAL_REPRESENTATION('',(#5224),#5228);
#5224 = LINE('',#5225,#5226);
#5225 = CARTESIAN_POINT('',(0.,-2.));
#5226 = VECTOR('',#5227,1.);
#5227 = DIRECTION('',(1.,0.));
#5228 = ( GEOMETRIC_REPRESENTATION_CONTEXT(2) 
PARAMETRIC_REPRESENTATION_CONTEXT() REPRESENTATION_CONTEXT('2D SPACE',''
  ) );
#5229 = PCURVE('',#75,#5230);
#5230 = DEFINITIONAL_REPRESENTATION('',(#5231),#5235);
#5231 = LINE('',#5232,#5233);
#5232 = CARTESIAN_POINT('',(-9.207287081297,15.251458712721));
#5233 = VECTOR('',#5234,1.);
#5234 = DIRECTION('',(-0.993060992332,-0.117600448587));
#5235 = ( GEOMETRIC_REPRESENTATION_CONTEXT(2) 
PARAMETRIC_REPRESENTATION_CONTEXT() REPRESENTATION_CONTEXT('2D SPACE',''
  ) );
#5236 = ORIENTED_EDGE('',*,*,#5237,.F.);
#5237 = EDGE_CURVE('',#5238,#5215,#5240,.T.);
#5238 = VERTEX_POINT('',#5239);
#5239 = CARTESIAN_POINT('',(14.548895380118,41.046742791905,0.));
#5240 = SURFACE_CURVE('',#5241,(#5245,#5252),.PCURVE_S1.);
#5241 = LINE('',#5242,#5243);
#5242 = CARTESIAN_POINT('',(14.548895380118,41.046742791905,0.));
#5243 = VECTOR('',#5244,1.);
#5244 = DIRECTION('',(0.,0.,1.));
#5245 = PCURVE('',#5177,#5246);
#5246 = DEFINITIONAL_REPRESENTATION('',(#5247),#5251);
#5247 = LINE('',#5248,#5249);
#5248 = CARTESIAN_POINT('',(2.322225757585,0.));
#5249 = VECTOR('',#5250,1.);
#5250 = DIRECTION('',(0.,-1.));
#5251 = ( GEOMETRIC_REPRESENTATION_CONTEXT(2) 
PARAMETRIC_REPRESENTATION_CONTEXT() REPRESENTATION_CONTEXT('2D SPACE',''
  ) );
#5252 = PCURVE('',#5253,#5258);
#5253 = PLANE('',#5254);
#5254 = AXIS2_PLACEMENT_3D('',#5255,#5256,#5257);
#5255 = CARTESIAN_POINT('',(14.548895380118,41.046742791905,0.));
#5256 = DIRECTION('',(6.840470765281E-02,-0.997657654695,0.));
#5257 = DIRECTION('',(-0.997657654695,-6.840470765281E-02,0.));
#5258 = DEFINITIONAL_REPRESENTATION('',(#5259),#5263);
#5259 = LINE('',#5260,#5261);
#5260 = CARTESIAN_POINT('',(0.,0.));
#5261 = VECTOR('',#5262,1.);
#5262 = DIRECTION('',(0.,-1.));
#5263 = ( GEOMETRIC_REPRESENTATION_CONTEXT(2) 
PARAMETRIC_REPRESENTATION_CONTEXT() REPRESENTATION_CONTEXT('2D SPACE',''
  ) );
#5264 = ORIENTED_EDGE('',*,*,#5265,.F.);
#5265 = EDGE_CURVE('',#5162,#5238,#5266,.T.);
#5266 = SURFACE_CURVE('',#5267,(#5271,#5278),.PCURVE_S1.);
#5267 = LINE('',#5268,#5269);
#5268 = CARTESIAN_POINT('',(16.855007195365,41.319837582717,0.));
#5269 = VECTOR('',#5270,1.);
#5270 = DIRECTION('',(-0.993060992332,-0.117600448587,0.));
#5271 = PCURVE('',#5177,#5272);
#5272 = DEFINITIONAL_REPRESENTATION('',(#5273),#5277);
#5273 = LINE('',#5274,#5275);
#5274 = CARTESIAN_POINT('',(0.,0.));
#5275 = VECTOR('',#5276,1.);
#5276 = DIRECTION('',(1.,0.));
#5277 = ( GEOMETRIC_REPRESENTATION_CONTEXT(2) 
PARAMETRIC_REPRESENTATION_CONTEXT() REPRESENTATION_CONTEXT('2D SPACE',''
  ) );
#5278 = PCURVE('',#129,#5279);
#5279 = DEFINITIONAL_REPRESENTATION('',(#5280),#5284);
#5280 = LINE('',#5281,#5282);
#5281 = CARTESIAN_POINT('',(-9.207287081297,15.251458712721));
#5282 = VECTOR('',#5283,1.);
#5283 = DIRECTION('',(-0.993060992332,-0.117600448587));
#5284 = ( GEOMETRIC_REPRESENTATION_CONTEXT(2) 
PARAMETRIC_REPRESENTATION_CONTEXT() REPRESENTATION_CONTEXT('2D SPACE',''
  ) );
#5285 = ADVANCED_FACE('',(#5286),#5253,.F.);
#5286 = FACE_BOUND('',#5287,.F.);
#5287 = EDGE_LOOP('',(#5288,#5289,#5312,#5343));
#5288 = ORIENTED_EDGE('',*,*,#5237,.T.);
#5289 = ORIENTED_EDGE('',*,*,#5290,.T.);
#5290 = EDGE_CURVE('',#5215,#5291,#5293,.T.);
#5291 = VERTEX_POINT('',#5292);
#5292 = CARTESIAN_POINT('',(12.195121430386,40.885355548341,2.));
#5293 = SURFACE_CURVE('',#5294,(#5298,#5305),.PCURVE_S1.);
#5294 = LINE('',#5295,#5296);
#5295 = CARTESIAN_POINT('',(14.548895380118,41.046742791905,2.));
#5296 = VECTOR('',#5297,1.);
#5297 = DIRECTION('',(-0.997657654695,-6.840470765281E-02,0.));
#5298 = PCURVE('',#5253,#5299);
#5299 = DEFINITIONAL_REPRESENTATION('',(#5300),#5304);
#5300 = LINE('',#5301,#5302);
#5301 = CARTESIAN_POINT('',(0.,-2.));
#5302 = VECTOR('',#5303,1.);
#5303 = DIRECTION('',(1.,0.));
#5304 = ( GEOMETRIC_REPRESENTATION_CONTEXT(2) 
PARAMETRIC_REPRESENTATION_CONTEXT() REPRESENTATION_CONTEXT('2D SPACE',''
  ) );
#5305 = PCURVE('',#75,#5306);
#5306 = DEFINITIONAL_REPRESENTATION('',(#5307),#5311);
#5307 = LINE('',#5308,#5309);
#5308 = CARTESIAN_POINT('',(-11.51339889654,14.978363921909));
#5309 = VECTOR('',#5310,1.);
#5310 = DIRECTION('',(-0.997657654695,-6.840470765281E-02));
#5311 = ( GEOMETRIC_REPRESENTATION_CONTEXT(2) 
PARAMETRIC_REPRESENTATION_CONTEXT() REPRESENTATION_CONTEXT('2D SPACE',''
  ) );
#5312 = ORIENTED_EDGE('',*,*,#5313,.F.);
#5313 = EDGE_CURVE('',#5314,#5291,#5316,.T.);
#5314 = VERTEX_POINT('',#5315);
#5315 = CARTESIAN_POINT('',(12.195121430386,40.885355548341,0.));
#5316 = SURFACE_CURVE('',#5317,(#5321,#5328),.PCURVE_S1.);
#5317 = LINE('',#5318,#5319);
#5318 = CARTESIAN_POINT('',(12.195121430386,40.885355548341,0.));
#5319 = VECTOR('',#5320,1.);
#5320 = DIRECTION('',(0.,0.,1.));
#5321 = PCURVE('',#5253,#5322);
#5322 = DEFINITIONAL_REPRESENTATION('',(#5323),#5327);
#5323 = LINE('',#5324,#5325);
#5324 = CARTESIAN_POINT('',(2.359300245586,0.));
#5325 = VECTOR('',#5326,1.);
#5326 = DIRECTION('',(0.,-1.));
#5327 = ( GEOMETRIC_REPRESENTATION_CONTEXT(2) 
PARAMETRIC_REPRESENTATION_CONTEXT() REPRESENTATION_CONTEXT('2D SPACE',''
  ) );
#5328 = PCURVE('',#5329,#5337);
#5329 = SURFACE_OF_LINEAR_EXTRUSION('',#5330,#5335);
#5330 = B_SPLINE_CURVE_WITH_KNOTS('',3,(#5331,#5332,#5333,#5334),
  .UNSPECIFIED.,.F.,.F.,(4,4),(0.,1.),.PIECEWISE_BEZIER_KNOTS.);
#5331 = CARTESIAN_POINT('',(12.195121430386,40.885355548341,0.));
#5332 = CARTESIAN_POINT('',(11.725402303296,40.875479488602,0.));
#5333 = CARTESIAN_POINT('',(11.258032991387,40.758087202655,0.));
#5334 = CARTESIAN_POINT('',(10.842726449715,40.537541501129,0.));
#5335 = VECTOR('',#5336,1.);
#5336 = DIRECTION('',(-0.,-0.,-1.));
#5337 = DEFINITIONAL_REPRESENTATION('',(#5338),#5342);
#5338 = LINE('',#5339,#5340);
#5339 = CARTESIAN_POINT('',(0.,0.));
#5340 = VECTOR('',#5341,1.);
#5341 = DIRECTION('',(0.,-1.));
#5342 = ( GEOMETRIC_REPRESENTATION_CONTEXT(2) 
PARAMETRIC_REPRESENTATION_CONTEXT() REPRESENTATION_CONTEXT('2D SPACE',''
  ) );
#5343 = ORIENTED_EDGE('',*,*,#5344,.F.);
#5344 = EDGE_CURVE('',#5238,#5314,#5345,.T.);
#5345 = SURFACE_CURVE('',#5346,(#5350,#5357),.PCURVE_S1.);
#5346 = LINE('',#5347,#5348);
#5347 = CARTESIAN_POINT('',(14.548895380118,41.046742791905,0.));
#5348 = VECTOR('',#5349,1.);
#5349 = DIRECTION('',(-0.997657654695,-6.840470765281E-02,0.));
#5350 = PCURVE('',#5253,#5351);
#5351 = DEFINITIONAL_REPRESENTATION('',(#5352),#5356);
#5352 = LINE('',#5353,#5354);
#5353 = CARTESIAN_POINT('',(0.,0.));
#5354 = VECTOR('',#5355,1.);
#5355 = DIRECTION('',(1.,0.));
#5356 = ( GEOMETRIC_REPRESENTATION_CONTEXT(2) 
PARAMETRIC_REPRESENTATION_CONTEXT() REPRESENTATION_CONTEXT('2D SPACE',''
  ) );
#5357 = PCURVE('',#129,#5358);
#5358 = DEFINITIONAL_REPRESENTATION('',(#5359),#5363);
#5359 = LINE('',#5360,#5361);
#5360 = CARTESIAN_POINT('',(-11.51339889654,14.978363921909));
#5361 = VECTOR('',#5362,1.);
#5362 = DIRECTION('',(-0.997657654695,-6.840470765281E-02));
#5363 = ( GEOMETRIC_REPRESENTATION_CONTEXT(2) 
PARAMETRIC_REPRESENTATION_CONTEXT() REPRESENTATION_CONTEXT('2D SPACE',''
  ) );
#5364 = ADVANCED_FACE('',(#5365),#5329,.F.);
#5365 = FACE_BOUND('',#5366,.F.);
#5366 = EDGE_LOOP('',(#5367,#5368,#5393,#5421));
#5367 = ORIENTED_EDGE('',*,*,#5313,.T.);
#5368 = ORIENTED_EDGE('',*,*,#5369,.T.);
#5369 = EDGE_CURVE('',#5291,#5370,#5372,.T.);
#5370 = VERTEX_POINT('',#5371);
#5371 = CARTESIAN_POINT('',(10.842726449715,40.537541501129,2.));
#5372 = SURFACE_CURVE('',#5373,(#5378,#5385),.PCURVE_S1.);
#5373 = B_SPLINE_CURVE_WITH_KNOTS('',3,(#5374,#5375,#5376,#5377),
  .UNSPECIFIED.,.F.,.F.,(4,4),(0.,1.),.PIECEWISE_BEZIER_KNOTS.);
#5374 = CARTESIAN_POINT('',(12.195121430386,40.885355548341,2.));
#5375 = CARTESIAN_POINT('',(11.725402303296,40.875479488602,2.));
#5376 = CARTESIAN_POINT('',(11.258032991387,40.758087202655,2.));
#5377 = CARTESIAN_POINT('',(10.842726449715,40.537541501129,2.));
#5378 = PCURVE('',#5329,#5379);
#5379 = DEFINITIONAL_REPRESENTATION('',(#5380),#5384);
#5380 = LINE('',#5381,#5382);
#5381 = CARTESIAN_POINT('',(0.,-2.));
#5382 = VECTOR('',#5383,1.);
#5383 = DIRECTION('',(1.,0.));
#5384 = ( GEOMETRIC_REPRESENTATION_CONTEXT(2) 
PARAMETRIC_REPRESENTATION_CONTEXT() REPRESENTATION_CONTEXT('2D SPACE',''
  ) );
#5385 = PCURVE('',#75,#5386);
#5386 = DEFINITIONAL_REPRESENTATION('',(#5387),#5392);
#5387 = B_SPLINE_CURVE_WITH_KNOTS('',3,(#5388,#5389,#5390,#5391),
  .UNSPECIFIED.,.F.,.F.,(4,4),(0.,1.),.PIECEWISE_BEZIER_KNOTS.);
#5388 = CARTESIAN_POINT('',(-13.86717284627,14.816976678345));
#5389 = CARTESIAN_POINT('',(-14.33689197336,14.807100618606));
#5390 = CARTESIAN_POINT('',(-14.80426128527,14.689708332659));
#5391 = CARTESIAN_POINT('',(-15.21956782694,14.469162631133));
#5392 = ( GEOMETRIC_REPRESENTATION_CONTEXT(2) 
PARAMETRIC_REPRESENTATION_CONTEXT() REPRESENTATION_CONTEXT('2D SPACE',''
  ) );
#5393 = ORIENTED_EDGE('',*,*,#5394,.F.);
#5394 = EDGE_CURVE('',#5395,#5370,#5397,.T.);
#5395 = VERTEX_POINT('',#5396);
#5396 = CARTESIAN_POINT('',(10.842726449715,40.537541501129,0.));
#5397 = SURFACE_CURVE('',#5398,(#5402,#5409),.PCURVE_S1.);
#5398 = LINE('',#5399,#5400);
#5399 = CARTESIAN_POINT('',(10.842726449715,40.537541501129,0.));
#5400 = VECTOR('',#5401,1.);
#5401 = DIRECTION('',(0.,0.,1.));
#5402 = PCURVE('',#5329,#5403);
#5403 = DEFINITIONAL_REPRESENTATION('',(#5404),#5408);
#5404 = LINE('',#5405,#5406);
#5405 = CARTESIAN_POINT('',(1.,0.));
#5406 = VECTOR('',#5407,1.);
#5407 = DIRECTION('',(0.,-1.));
#5408 = ( GEOMETRIC_REPRESENTATION_CONTEXT(2) 
PARAMETRIC_REPRESENTATION_CONTEXT() REPRESENTATION_CONTEXT('2D SPACE',''
  ) );
#5409 = PCURVE('',#5410,#5415);
#5410 = PLANE('',#5411);
#5411 = AXIS2_PLACEMENT_3D('',#5412,#5413,#5414);
#5412 = CARTESIAN_POINT('',(10.842726449715,40.537541501129,0.));
#5413 = DIRECTION('',(0.466890131666,-0.884315331176,0.));
#5414 = DIRECTION('',(-0.884315331176,-0.466890131666,0.));
#5415 = DEFINITIONAL_REPRESENTATION('',(#5416),#5420);
#5416 = LINE('',#5417,#5418);
#5417 = CARTESIAN_POINT('',(0.,0.));
#5418 = VECTOR('',#5419,1.);
#5419 = DIRECTION('',(0.,-1.));
#5420 = ( GEOMETRIC_REPRESENTATION_CONTEXT(2) 
PARAMETRIC_REPRESENTATION_CONTEXT() REPRESENTATION_CONTEXT('2D SPACE',''
  ) );
#5421 = ORIENTED_EDGE('',*,*,#5422,.F.);
#5422 = EDGE_CURVE('',#5314,#5395,#5423,.T.);
#5423 = SURFACE_CURVE('',#5424,(#5429,#5436),.PCURVE_S1.);
#5424 = B_SPLINE_CURVE_WITH_KNOTS('',3,(#5425,#5426,#5427,#5428),
  .UNSPECIFIED.,.F.,.F.,(4,4),(0.,1.),.PIECEWISE_BEZIER_KNOTS.);
#5425 = CARTESIAN_POINT('',(12.195121430386,40.885355548341,0.));
#5426 = CARTESIAN_POINT('',(11.725402303296,40.875479488602,0.));
#5427 = CARTESIAN_POINT('',(11.258032991387,40.758087202655,0.));
#5428 = CARTESIAN_POINT('',(10.842726449715,40.537541501129,0.));
#5429 = PCURVE('',#5329,#5430);
#5430 = DEFINITIONAL_REPRESENTATION('',(#5431),#5435);
#5431 = LINE('',#5432,#5433);
#5432 = CARTESIAN_POINT('',(0.,0.));
#5433 = VECTOR('',#5434,1.);
#5434 = DIRECTION('',(1.,0.));
#5435 = ( GEOMETRIC_REPRESENTATION_CONTEXT(2) 
PARAMETRIC_REPRESENTATION_CONTEXT() REPRESENTATION_CONTEXT('2D SPACE',''
  ) );
#5436 = PCURVE('',#129,#5437);
#5437 = DEFINITIONAL_REPRESENTATION('',(#5438),#5443);
#5438 = B_SPLINE_CURVE_WITH_KNOTS('',3,(#5439,#5440,#5441,#5442),
  .UNSPECIFIED.,.F.,.F.,(4,4),(0.,1.),.PIECEWISE_BEZIER_KNOTS.);
#5439 = CARTESIAN_POINT('',(-13.86717284627,14.816976678345));
#5440 = CARTESIAN_POINT('',(-14.33689197336,14.807100618606));
#5441 = CARTESIAN_POINT('',(-14.80426128527,14.689708332659));
#5442 = CARTESIAN_POINT('',(-15.21956782694,14.469162631133));
#5443 = ( GEOMETRIC_REPRESENTATION_CONTEXT(2) 
PARAMETRIC_REPRESENTATION_CONTEXT() REPRESENTATION_CONTEXT('2D SPACE',''
  ) );
#5444 = ADVANCED_FACE('',(#5445),#5410,.F.);
#5445 = FACE_BOUND('',#5446,.F.);
#5446 = EDGE_LOOP('',(#5447,#5448,#5471,#5499));
#5447 = ORIENTED_EDGE('',*,*,#5394,.T.);
#5448 = ORIENTED_EDGE('',*,*,#5449,.T.);
#5449 = EDGE_CURVE('',#5370,#5450,#5452,.T.);
#5450 = VERTEX_POINT('',#5451);
#5451 = CARTESIAN_POINT('',(10.057616801844,40.123028788363,2.));
#5452 = SURFACE_CURVE('',#5453,(#5457,#5464),.PCURVE_S1.);
#5453 = LINE('',#5454,#5455);
#5454 = CARTESIAN_POINT('',(10.842726449715,40.537541501129,2.));
#5455 = VECTOR('',#5456,1.);
#5456 = DIRECTION('',(-0.884315331176,-0.466890131666,0.));
#5457 = PCURVE('',#5410,#5458);
#5458 = DEFINITIONAL_REPRESENTATION('',(#5459),#5463);
#5459 = LINE('',#5460,#5461);
#5460 = CARTESIAN_POINT('',(0.,-2.));
#5461 = VECTOR('',#5462,1.);
#5462 = DIRECTION('',(1.,0.));
#5463 = ( GEOMETRIC_REPRESENTATION_CONTEXT(2) 
PARAMETRIC_REPRESENTATION_CONTEXT() REPRESENTATION_CONTEXT('2D SPACE',''
  ) );
#5464 = PCURVE('',#75,#5465);
#5465 = DEFINITIONAL_REPRESENTATION('',(#5466),#5470);
#5466 = LINE('',#5467,#5468);
#5467 = CARTESIAN_POINT('',(-15.21956782694,14.469162631133));
#5468 = VECTOR('',#5469,1.);
#5469 = DIRECTION('',(-0.884315331176,-0.466890131666));
#5470 = ( GEOMETRIC_REPRESENTATION_CONTEXT(2) 
PARAMETRIC_REPRESENTATION_CONTEXT() REPRESENTATION_CONTEXT('2D SPACE',''
  ) );
#5471 = ORIENTED_EDGE('',*,*,#5472,.F.);
#5472 = EDGE_CURVE('',#5473,#5450,#5475,.T.);
#5473 = VERTEX_POINT('',#5474);
#5474 = CARTESIAN_POINT('',(10.057616801844,40.123028788363,0.));
#5475 = SURFACE_CURVE('',#5476,(#5480,#5487),.PCURVE_S1.);
#5476 = LINE('',#5477,#5478);
#5477 = CARTESIAN_POINT('',(10.057616801844,40.123028788363,0.));
#5478 = VECTOR('',#5479,1.);
#5479 = DIRECTION('',(0.,0.,1.));
#5480 = PCURVE('',#5410,#5481);
#5481 = DEFINITIONAL_REPRESENTATION('',(#5482),#5486);
#5482 = LINE('',#5483,#5484);
#5483 = CARTESIAN_POINT('',(0.887816393307,0.));
#5484 = VECTOR('',#5485,1.);
#5485 = DIRECTION('',(0.,-1.));
#5486 = ( GEOMETRIC_REPRESENTATION_CONTEXT(2) 
PARAMETRIC_REPRESENTATION_CONTEXT() REPRESENTATION_CONTEXT('2D SPACE',''
  ) );
#5487 = PCURVE('',#5488,#5493);
#5488 = PLANE('',#5489);
#5489 = AXIS2_PLACEMENT_3D('',#5490,#5491,#5492);
#5490 = CARTESIAN_POINT('',(10.057616801844,40.123028788363,0.));
#5491 = DIRECTION('',(0.483051115191,-0.875592153981,0.));
#5492 = DIRECTION('',(-0.875592153981,-0.483051115191,0.));
#5493 = DEFINITIONAL_REPRESENTATION('',(#5494),#5498);
#5494 = LINE('',#5495,#5496);
#5495 = CARTESIAN_POINT('',(0.,0.));
#5496 = VECTOR('',#5497,1.);
#5497 = DIRECTION('',(0.,-1.));
#5498 = ( GEOMETRIC_REPRESENTATION_CONTEXT(2) 
PARAMETRIC_REPRESENTATION_CONTEXT() REPRESENTATION_CONTEXT('2D SPACE',''
  ) );
#5499 = ORIENTED_EDGE('',*,*,#5500,.F.);
#5500 = EDGE_CURVE('',#5395,#5473,#5501,.T.);
#5501 = SURFACE_CURVE('',#5502,(#5506,#5513),.PCURVE_S1.);
#5502 = LINE('',#5503,#5504);
#5503 = CARTESIAN_POINT('',(10.842726449715,40.537541501129,0.));
#5504 = VECTOR('',#5505,1.);
#5505 = DIRECTION('',(-0.884315331176,-0.466890131666,0.));
#5506 = PCURVE('',#5410,#5507);
#5507 = DEFINITIONAL_REPRESENTATION('',(#5508),#5512);
#5508 = LINE('',#5509,#5510);
#5509 = CARTESIAN_POINT('',(0.,0.));
#5510 = VECTOR('',#5511,1.);
#5511 = DIRECTION('',(1.,0.));
#5512 = ( GEOMETRIC_REPRESENTATION_CONTEXT(2) 
PARAMETRIC_REPRESENTATION_CONTEXT() REPRESENTATION_CONTEXT('2D SPACE',''
  ) );
#5513 = PCURVE('',#129,#5514);
#5514 = DEFINITIONAL_REPRESENTATION('',(#5515),#5519);
#5515 = LINE('',#5516,#5517);
#5516 = CARTESIAN_POINT('',(-15.21956782694,14.469162631133));
#5517 = VECTOR('',#5518,1.);
#5518 = DIRECTION('',(-0.884315331176,-0.466890131666));
#5519 = ( GEOMETRIC_REPRESENTATION_CONTEXT(2) 
PARAMETRIC_REPRESENTATION_CONTEXT() REPRESENTATION_CONTEXT('2D SPACE',''
  ) );
#5520 = ADVANCED_FACE('',(#5521),#5488,.F.);
#5521 = FACE_BOUND('',#5522,.F.);
#5522 = EDGE_LOOP('',(#5523,#5524,#5547,#5575));
#5523 = ORIENTED_EDGE('',*,*,#5472,.T.);
#5524 = ORIENTED_EDGE('',*,*,#5525,.T.);
#5525 = EDGE_CURVE('',#5450,#5526,#5528,.T.);
#5526 = VERTEX_POINT('',#5527);
#5527 = CARTESIAN_POINT('',(9.85596255003,40.011779149158,2.));
#5528 = SURFACE_CURVE('',#5529,(#5533,#5540),.PCURVE_S1.);
#5529 = LINE('',#5530,#5531);
#5530 = CARTESIAN_POINT('',(10.057616801844,40.123028788363,2.));
#5531 = VECTOR('',#5532,1.);
#5532 = DIRECTION('',(-0.875592153981,-0.483051115191,0.));
#5533 = PCURVE('',#5488,#5534);
#5534 = DEFINITIONAL_REPRESENTATION('',(#5535),#5539);
#5535 = LINE('',#5536,#5537);
#5536 = CARTESIAN_POINT('',(0.,-2.));
#5537 = VECTOR('',#5538,1.);
#5538 = DIRECTION('',(1.,0.));
#5539 = ( GEOMETRIC_REPRESENTATION_CONTEXT(2) 
PARAMETRIC_REPRESENTATION_CONTEXT() REPRESENTATION_CONTEXT('2D SPACE',''
  ) );
#5540 = PCURVE('',#75,#5541);
#5541 = DEFINITIONAL_REPRESENTATION('',(#5542),#5546);
#5542 = LINE('',#5543,#5544);
#5543 = CARTESIAN_POINT('',(-16.00467747481,14.054649918367));
#5544 = VECTOR('',#5545,1.);
#5545 = DIRECTION('',(-0.875592153981,-0.483051115191));
#5546 = ( GEOMETRIC_REPRESENTATION_CONTEXT(2) 
PARAMETRIC_REPRESENTATION_CONTEXT() REPRESENTATION_CONTEXT('2D SPACE',''
  ) );
#5547 = ORIENTED_EDGE('',*,*,#5548,.F.);
#5548 = EDGE_CURVE('',#5549,#5526,#5551,.T.);
#5549 = VERTEX_POINT('',#5550);
#5550 = CARTESIAN_POINT('',(9.85596255003,40.011779149158,0.));
#5551 = SURFACE_CURVE('',#5552,(#5556,#5563),.PCURVE_S1.);
#5552 = LINE('',#5553,#5554);
#5553 = CARTESIAN_POINT('',(9.85596255003,40.011779149158,0.));
#5554 = VECTOR('',#5555,1.);
#5555 = DIRECTION('',(0.,0.,1.));
#5556 = PCURVE('',#5488,#5557);
#5557 = DEFINITIONAL_REPRESENTATION('',(#5558),#5562);
#5558 = LINE('',#5559,#5560);
#5559 = CARTESIAN_POINT('',(0.230306142988,0.));
#5560 = VECTOR('',#5561,1.);
#5561 = DIRECTION('',(0.,-1.));
#5562 = ( GEOMETRIC_REPRESENTATION_CONTEXT(2) 
PARAMETRIC_REPRESENTATION_CONTEXT() REPRESENTATION_CONTEXT('2D SPACE',''
  ) );
#5563 = PCURVE('',#5564,#5569);
#5564 = PLANE('',#5565);
#5565 = AXIS2_PLACEMENT_3D('',#5566,#5567,#5568);
#5566 = CARTESIAN_POINT('',(9.85596255003,40.011779149158,0.));
#5567 = DIRECTION('',(0.485642931179,-0.874157276122,0.));
#5568 = DIRECTION('',(-0.874157276122,-0.485642931179,0.));
#5569 = DEFINITIONAL_REPRESENTATION('',(#5570),#5574);
#5570 = LINE('',#5571,#5572);
#5571 = CARTESIAN_POINT('',(0.,0.));
#5572 = VECTOR('',#5573,1.);
#5573 = DIRECTION('',(0.,-1.));
#5574 = ( GEOMETRIC_REPRESENTATION_CONTEXT(2) 
PARAMETRIC_REPRESENTATION_CONTEXT() REPRESENTATION_CONTEXT('2D SPACE',''
  ) );
#5575 = ORIENTED_EDGE('',*,*,#5576,.F.);
#5576 = EDGE_CURVE('',#5473,#5549,#5577,.T.);
#5577 = SURFACE_CURVE('',#5578,(#5582,#5589),.PCURVE_S1.);
#5578 = LINE('',#5579,#5580);
#5579 = CARTESIAN_POINT('',(10.057616801844,40.123028788363,0.));
#5580 = VECTOR('',#5581,1.);
#5581 = DIRECTION('',(-0.875592153981,-0.483051115191,0.));
#5582 = PCURVE('',#5488,#5583);
#5583 = DEFINITIONAL_REPRESENTATION('',(#5584),#5588);
#5584 = LINE('',#5585,#5586);
#5585 = CARTESIAN_POINT('',(0.,0.));
#5586 = VECTOR('',#5587,1.);
#5587 = DIRECTION('',(1.,0.));
#5588 = ( GEOMETRIC_REPRESENTATION_CONTEXT(2) 
PARAMETRIC_REPRESENTATION_CONTEXT() REPRESENTATION_CONTEXT('2D SPACE',''
  ) );
#5589 = PCURVE('',#129,#5590);
#5590 = DEFINITIONAL_REPRESENTATION('',(#5591),#5595);
#5591 = LINE('',#5592,#5593);
#5592 = CARTESIAN_POINT('',(-16.00467747481,14.054649918367));
#5593 = VECTOR('',#5594,1.);
#5594 = DIRECTION('',(-0.875592153981,-0.483051115191));
#5595 = ( GEOMETRIC_REPRESENTATION_CONTEXT(2) 
PARAMETRIC_REPRESENTATION_CONTEXT() REPRESENTATION_CONTEXT('2D SPACE',''
  ) );
#5596 = ADVANCED_FACE('',(#5597),#5564,.F.);
#5597 = FACE_BOUND('',#5598,.F.);
#5598 = EDGE_LOOP('',(#5599,#5600,#5623,#5651));
#5599 = ORIENTED_EDGE('',*,*,#5548,.T.);
#5600 = ORIENTED_EDGE('',*,*,#5601,.T.);
#5601 = EDGE_CURVE('',#5526,#5602,#5604,.T.);
#5602 = VERTEX_POINT('',#5603);
#5603 = CARTESIAN_POINT('',(8.938701091566,39.502189450011,2.));
#5604 = SURFACE_CURVE('',#5605,(#5609,#5616),.PCURVE_S1.);
#5605 = LINE('',#5606,#5607);
#5606 = CARTESIAN_POINT('',(9.85596255003,40.011779149158,2.));
#5607 = VECTOR('',#5608,1.);
#5608 = DIRECTION('',(-0.874157276122,-0.485642931179,0.));
#5609 = PCURVE('',#5564,#5610);
#5610 = DEFINITIONAL_REPRESENTATION('',(#5611),#5615);
#5611 = LINE('',#5612,#5613);
#5612 = CARTESIAN_POINT('',(0.,-2.));
#5613 = VECTOR('',#5614,1.);
#5614 = DIRECTION('',(1.,0.));
#5615 = ( GEOMETRIC_REPRESENTATION_CONTEXT(2) 
PARAMETRIC_REPRESENTATION_CONTEXT() REPRESENTATION_CONTEXT('2D SPACE',''
  ) );
#5616 = PCURVE('',#75,#5617);
#5617 = DEFINITIONAL_REPRESENTATION('',(#5618),#5622);
#5618 = LINE('',#5619,#5620);
#5619 = CARTESIAN_POINT('',(-16.20633172663,13.943400279161));
#5620 = VECTOR('',#5621,1.);
#5621 = DIRECTION('',(-0.874157276122,-0.485642931179));
#5622 = ( GEOMETRIC_REPRESENTATION_CONTEXT(2) 
PARAMETRIC_REPRESENTATION_CONTEXT() REPRESENTATION_CONTEXT('2D SPACE',''
  ) );
#5623 = ORIENTED_EDGE('',*,*,#5624,.F.);
#5624 = EDGE_CURVE('',#5625,#5602,#5627,.T.);
#5625 = VERTEX_POINT('',#5626);
#5626 = CARTESIAN_POINT('',(8.938701091566,39.502189450011,0.));
#5627 = SURFACE_CURVE('',#5628,(#5632,#5639),.PCURVE_S1.);
#5628 = LINE('',#5629,#5630);
#5629 = CARTESIAN_POINT('',(8.938701091566,39.502189450011,0.));
#5630 = VECTOR('',#5631,1.);
#5631 = DIRECTION('',(0.,0.,1.));
#5632 = PCURVE('',#5564,#5633);
#5633 = DEFINITIONAL_REPRESENTATION('',(#5634),#5638);
#5634 = LINE('',#5635,#5636);
#5635 = CARTESIAN_POINT('',(1.049309413214,0.));
#5636 = VECTOR('',#5637,1.);
#5637 = DIRECTION('',(0.,-1.));
#5638 = ( GEOMETRIC_REPRESENTATION_CONTEXT(2) 
PARAMETRIC_REPRESENTATION_CONTEXT() REPRESENTATION_CONTEXT('2D SPACE',''
  ) );
#5639 = PCURVE('',#5640,#5645);
#5640 = PLANE('',#5641);
#5641 = AXIS2_PLACEMENT_3D('',#5642,#5643,#5644);
#5642 = CARTESIAN_POINT('',(8.938701091566,39.502189450011,0.));
#5643 = DIRECTION('',(0.485642931179,-0.874157276122,0.));
#5644 = DIRECTION('',(-0.874157276122,-0.485642931179,0.));
#5645 = DEFINITIONAL_REPRESENTATION('',(#5646),#5650);
#5646 = LINE('',#5647,#5648);
#5647 = CARTESIAN_POINT('',(0.,0.));
#5648 = VECTOR('',#5649,1.);
#5649 = DIRECTION('',(0.,-1.));
#5650 = ( GEOMETRIC_REPRESENTATION_CONTEXT(2) 
PARAMETRIC_REPRESENTATION_CONTEXT() REPRESENTATION_CONTEXT('2D SPACE',''
  ) );
#5651 = ORIENTED_EDGE('',*,*,#5652,.F.);
#5652 = EDGE_CURVE('',#5549,#5625,#5653,.T.);
#5653 = SURFACE_CURVE('',#5654,(#5658,#5665),.PCURVE_S1.);
#5654 = LINE('',#5655,#5656);
#5655 = CARTESIAN_POINT('',(9.85596255003,40.011779149158,0.));
#5656 = VECTOR('',#5657,1.);
#5657 = DIRECTION('',(-0.874157276122,-0.485642931179,0.));
#5658 = PCURVE('',#5564,#5659);
#5659 = DEFINITIONAL_REPRESENTATION('',(#5660),#5664);
#5660 = LINE('',#5661,#5662);
#5661 = CARTESIAN_POINT('',(0.,0.));
#5662 = VECTOR('',#5663,1.);
#5663 = DIRECTION('',(1.,0.));
#5664 = ( GEOMETRIC_REPRESENTATION_CONTEXT(2) 
PARAMETRIC_REPRESENTATION_CONTEXT() REPRESENTATION_CONTEXT('2D SPACE',''
  ) );
#5665 = PCURVE('',#129,#5666);
#5666 = DEFINITIONAL_REPRESENTATION('',(#5667),#5671);
#5667 = LINE('',#5668,#5669);
#5668 = CARTESIAN_POINT('',(-16.20633172663,13.943400279161));
#5669 = VECTOR('',#5670,1.);
#5670 = DIRECTION('',(-0.874157276122,-0.485642931179));
#5671 = ( GEOMETRIC_REPRESENTATION_CONTEXT(2) 
PARAMETRIC_REPRESENTATION_CONTEXT() REPRESENTATION_CONTEXT('2D SPACE',''
  ) );
#5672 = ADVANCED_FACE('',(#5673),#5640,.F.);
#5673 = FACE_BOUND('',#5674,.F.);
#5674 = EDGE_LOOP('',(#5675,#5676,#5699,#5727));
#5675 = ORIENTED_EDGE('',*,*,#5624,.T.);
#5676 = ORIENTED_EDGE('',*,*,#5677,.T.);
#5677 = EDGE_CURVE('',#5602,#5678,#5680,.T.);
#5678 = VERTEX_POINT('',#5679);
#5679 = CARTESIAN_POINT('',(8.327193452591,39.162462983914,2.));
#5680 = SURFACE_CURVE('',#5681,(#5685,#5692),.PCURVE_S1.);
#5681 = LINE('',#5682,#5683);
#5682 = CARTESIAN_POINT('',(8.938701091566,39.502189450011,2.));
#5683 = VECTOR('',#5684,1.);
#5684 = DIRECTION('',(-0.874157276122,-0.485642931179,0.));
#5685 = PCURVE('',#5640,#5686);
#5686 = DEFINITIONAL_REPRESENTATION('',(#5687),#5691);
#5687 = LINE('',#5688,#5689);
#5688 = CARTESIAN_POINT('',(0.,-2.));
#5689 = VECTOR('',#5690,1.);
#5690 = DIRECTION('',(1.,0.));
#5691 = ( GEOMETRIC_REPRESENTATION_CONTEXT(2) 
PARAMETRIC_REPRESENTATION_CONTEXT() REPRESENTATION_CONTEXT('2D SPACE',''
  ) );
#5692 = PCURVE('',#75,#5693);
#5693 = DEFINITIONAL_REPRESENTATION('',(#5694),#5698);
#5694 = LINE('',#5695,#5696);
#5695 = CARTESIAN_POINT('',(-17.12359318509,13.433810580015));
#5696 = VECTOR('',#5697,1.);
#5697 = DIRECTION('',(-0.874157276122,-0.485642931179));
#5698 = ( GEOMETRIC_REPRESENTATION_CONTEXT(2) 
PARAMETRIC_REPRESENTATION_CONTEXT() REPRESENTATION_CONTEXT('2D SPACE',''
  ) );
#5699 = ORIENTED_EDGE('',*,*,#5700,.F.);
#5700 = EDGE_CURVE('',#5701,#5678,#5703,.T.);
#5701 = VERTEX_POINT('',#5702);
#5702 = CARTESIAN_POINT('',(8.327193452591,39.162462983914,0.));
#5703 = SURFACE_CURVE('',#5704,(#5708,#5715),.PCURVE_S1.);
#5704 = LINE('',#5705,#5706);
#5705 = CARTESIAN_POINT('',(8.327193452591,39.162462983914,0.));
#5706 = VECTOR('',#5707,1.);
#5707 = DIRECTION('',(0.,0.,1.));
#5708 = PCURVE('',#5640,#5709);
#5709 = DEFINITIONAL_REPRESENTATION('',(#5710),#5714);
#5710 = LINE('',#5711,#5712);
#5711 = CARTESIAN_POINT('',(0.699539608809,0.));
#5712 = VECTOR('',#5713,1.);
#5713 = DIRECTION('',(0.,-1.));
#5714 = ( GEOMETRIC_REPRESENTATION_CONTEXT(2) 
PARAMETRIC_REPRESENTATION_CONTEXT() REPRESENTATION_CONTEXT('2D SPACE',''
  ) );
#5715 = PCURVE('',#5716,#5721);
#5716 = PLANE('',#5717);
#5717 = AXIS2_PLACEMENT_3D('',#5718,#5719,#5720);
#5718 = CARTESIAN_POINT('',(8.327193452591,39.162462983914,0.));
#5719 = DIRECTION('',(0.485642931179,-0.874157276122,0.));
#5720 = DIRECTION('',(-0.874157276122,-0.485642931179,0.));
#5721 = DEFINITIONAL_REPRESENTATION('',(#5722),#5726);
#5722 = LINE('',#5723,#5724);
#5723 = CARTESIAN_POINT('',(0.,0.));
#5724 = VECTOR('',#5725,1.);
#5725 = DIRECTION('',(0.,-1.));
#5726 = ( GEOMETRIC_REPRESENTATION_CONTEXT(2) 
PARAMETRIC_REPRESENTATION_CONTEXT() REPRESENTATION_CONTEXT('2D SPACE',''
  ) );
#5727 = ORIENTED_EDGE('',*,*,#5728,.F.);
#5728 = EDGE_CURVE('',#5625,#5701,#5729,.T.);
#5729 = SURFACE_CURVE('',#5730,(#5734,#5741),.PCURVE_S1.);
#5730 = LINE('',#5731,#5732);
#5731 = CARTESIAN_POINT('',(8.938701091566,39.502189450011,0.));
#5732 = VECTOR('',#5733,1.);
#5733 = DIRECTION('',(-0.874157276122,-0.485642931179,0.));
#5734 = PCURVE('',#5640,#5735);
#5735 = DEFINITIONAL_REPRESENTATION('',(#5736),#5740);
#5736 = LINE('',#5737,#5738);
#5737 = CARTESIAN_POINT('',(0.,0.));
#5738 = VECTOR('',#5739,1.);
#5739 = DIRECTION('',(1.,0.));
#5740 = ( GEOMETRIC_REPRESENTATION_CONTEXT(2) 
PARAMETRIC_REPRESENTATION_CONTEXT() REPRESENTATION_CONTEXT('2D SPACE',''
  ) );
#5741 = PCURVE('',#129,#5742);
#5742 = DEFINITIONAL_REPRESENTATION('',(#5743),#5747);
#5743 = LINE('',#5744,#5745);
#5744 = CARTESIAN_POINT('',(-17.12359318509,13.433810580015));
#5745 = VECTOR('',#5746,1.);
#5746 = DIRECTION('',(-0.874157276122,-0.485642931179));
#5747 = ( GEOMETRIC_REPRESENTATION_CONTEXT(2) 
PARAMETRIC_REPRESENTATION_CONTEXT() REPRESENTATION_CONTEXT('2D SPACE',''
  ) );
#5748 = ADVANCED_FACE('',(#5749),#5716,.F.);
#5749 = FACE_BOUND('',#5750,.F.);
#5750 = EDGE_LOOP('',(#5751,#5752,#5775,#5803));
#5751 = ORIENTED_EDGE('',*,*,#5700,.T.);
#5752 = ORIENTED_EDGE('',*,*,#5753,.T.);
#5753 = EDGE_CURVE('',#5678,#5754,#5756,.T.);
#5754 = VERTEX_POINT('',#5755);
#5755 = CARTESIAN_POINT('',(7.10417817464,38.483010051719,2.));
#5756 = SURFACE_CURVE('',#5757,(#5761,#5768),.PCURVE_S1.);
#5757 = LINE('',#5758,#5759);
#5758 = CARTESIAN_POINT('',(8.327193452591,39.162462983914,2.));
#5759 = VECTOR('',#5760,1.);
#5760 = DIRECTION('',(-0.874157276122,-0.485642931179,0.));
#5761 = PCURVE('',#5716,#5762);
#5762 = DEFINITIONAL_REPRESENTATION('',(#5763),#5767);
#5763 = LINE('',#5764,#5765);
#5764 = CARTESIAN_POINT('',(0.,-2.));
#5765 = VECTOR('',#5766,1.);
#5766 = DIRECTION('',(1.,0.));
#5767 = ( GEOMETRIC_REPRESENTATION_CONTEXT(2) 
PARAMETRIC_REPRESENTATION_CONTEXT() REPRESENTATION_CONTEXT('2D SPACE',''
  ) );
#5768 = PCURVE('',#75,#5769);
#5769 = DEFINITIONAL_REPRESENTATION('',(#5770),#5774);
#5770 = LINE('',#5771,#5772);
#5771 = CARTESIAN_POINT('',(-17.73510082407,13.094084113918));
#5772 = VECTOR('',#5773,1.);
#5773 = DIRECTION('',(-0.874157276122,-0.485642931179));
#5774 = ( GEOMETRIC_REPRESENTATION_CONTEXT(2) 
PARAMETRIC_REPRESENTATION_CONTEXT() REPRESENTATION_CONTEXT('2D SPACE',''
  ) );
#5775 = ORIENTED_EDGE('',*,*,#5776,.F.);
#5776 = EDGE_CURVE('',#5777,#5754,#5779,.T.);
#5777 = VERTEX_POINT('',#5778);
#5778 = CARTESIAN_POINT('',(7.10417817464,38.483010051719,0.));
#5779 = SURFACE_CURVE('',#5780,(#5784,#5791),.PCURVE_S1.);
#5780 = LINE('',#5781,#5782);
#5781 = CARTESIAN_POINT('',(7.10417817464,38.483010051719,0.));
#5782 = VECTOR('',#5783,1.);
#5783 = DIRECTION('',(0.,0.,1.));
#5784 = PCURVE('',#5716,#5785);
#5785 = DEFINITIONAL_REPRESENTATION('',(#5786),#5790);
#5786 = LINE('',#5787,#5788);
#5787 = CARTESIAN_POINT('',(1.399079217617,0.));
#5788 = VECTOR('',#5789,1.);
#5789 = DIRECTION('',(0.,-1.));
#5790 = ( GEOMETRIC_REPRESENTATION_CONTEXT(2) 
PARAMETRIC_REPRESENTATION_CONTEXT() REPRESENTATION_CONTEXT('2D SPACE',''
  ) );
#5791 = PCURVE('',#5792,#5797);
#5792 = PLANE('',#5793);
#5793 = AXIS2_PLACEMENT_3D('',#5794,#5795,#5796);
#5794 = CARTESIAN_POINT('',(7.10417817464,38.483010051719,0.));
#5795 = DIRECTION('',(0.485642931179,-0.874157276122,0.));
#5796 = DIRECTION('',(-0.874157276122,-0.485642931179,0.));
#5797 = DEFINITIONAL_REPRESENTATION('',(#5798),#5802);
#5798 = LINE('',#5799,#5800);
#5799 = CARTESIAN_POINT('',(0.,0.));
#5800 = VECTOR('',#5801,1.);
#5801 = DIRECTION('',(0.,-1.));
#5802 = ( GEOMETRIC_REPRESENTATION_CONTEXT(2) 
PARAMETRIC_REPRESENTATION_CONTEXT() REPRESENTATION_CONTEXT('2D SPACE',''
  ) );
#5803 = ORIENTED_EDGE('',*,*,#5804,.F.);
#5804 = EDGE_CURVE('',#5701,#5777,#5805,.T.);
#5805 = SURFACE_CURVE('',#5806,(#5810,#5817),.PCURVE_S1.);
#5806 = LINE('',#5807,#5808);
#5807 = CARTESIAN_POINT('',(8.327193452591,39.162462983914,0.));
#5808 = VECTOR('',#5809,1.);
#5809 = DIRECTION('',(-0.874157276122,-0.485642931179,0.));
#5810 = PCURVE('',#5716,#5811);
#5811 = DEFINITIONAL_REPRESENTATION('',(#5812),#5816);
#5812 = LINE('',#5813,#5814);
#5813 = CARTESIAN_POINT('',(0.,0.));
#5814 = VECTOR('',#5815,1.);
#5815 = DIRECTION('',(1.,0.));
#5816 = ( GEOMETRIC_REPRESENTATION_CONTEXT(2) 
PARAMETRIC_REPRESENTATION_CONTEXT() REPRESENTATION_CONTEXT('2D SPACE',''
  ) );
#5817 = PCURVE('',#129,#5818);
#5818 = DEFINITIONAL_REPRESENTATION('',(#5819),#5823);
#5819 = LINE('',#5820,#5821);
#5820 = CARTESIAN_POINT('',(-17.73510082407,13.094084113918));
#5821 = VECTOR('',#5822,1.);
#5822 = DIRECTION('',(-0.874157276122,-0.485642931179));
#5823 = ( GEOMETRIC_REPRESENTATION_CONTEXT(2) 
PARAMETRIC_REPRESENTATION_CONTEXT() REPRESENTATION_CONTEXT('2D SPACE',''
  ) );
#5824 = ADVANCED_FACE('',(#5825),#5792,.F.);
#5825 = FACE_BOUND('',#5826,.F.);
#5826 = EDGE_LOOP('',(#5827,#5828,#5851,#5879));
#5827 = ORIENTED_EDGE('',*,*,#5776,.T.);
#5828 = ORIENTED_EDGE('',*,*,#5829,.T.);
#5829 = EDGE_CURVE('',#5754,#5830,#5832,.T.);
#5830 = VERTEX_POINT('',#5831);
#5831 = CARTESIAN_POINT('',(5.575409077201,37.633693886475,2.));
#5832 = SURFACE_CURVE('',#5833,(#5837,#5844),.PCURVE_S1.);
#5833 = LINE('',#5834,#5835);
#5834 = CARTESIAN_POINT('',(7.10417817464,38.483010051719,2.));
#5835 = VECTOR('',#5836,1.);
#5836 = DIRECTION('',(-0.874157276122,-0.485642931179,0.));
#5837 = PCURVE('',#5792,#5838);
#5838 = DEFINITIONAL_REPRESENTATION('',(#5839),#5843);
#5839 = LINE('',#5840,#5841);
#5840 = CARTESIAN_POINT('',(0.,-2.));
#5841 = VECTOR('',#5842,1.);
#5842 = DIRECTION('',(1.,0.));
#5843 = ( GEOMETRIC_REPRESENTATION_CONTEXT(2) 
PARAMETRIC_REPRESENTATION_CONTEXT() REPRESENTATION_CONTEXT('2D SPACE',''
  ) );
#5844 = PCURVE('',#75,#5845);
#5845 = DEFINITIONAL_REPRESENTATION('',(#5846),#5850);
#5846 = LINE('',#5847,#5848);
#5847 = CARTESIAN_POINT('',(-18.95811610202,12.414631181723));
#5848 = VECTOR('',#5849,1.);
#5849 = DIRECTION('',(-0.874157276122,-0.485642931179));
#5850 = ( GEOMETRIC_REPRESENTATION_CONTEXT(2) 
PARAMETRIC_REPRESENTATION_CONTEXT() REPRESENTATION_CONTEXT('2D SPACE',''
  ) );
#5851 = ORIENTED_EDGE('',*,*,#5852,.F.);
#5852 = EDGE_CURVE('',#5853,#5830,#5855,.T.);
#5853 = VERTEX_POINT('',#5854);
#5854 = CARTESIAN_POINT('',(5.575409077201,37.633693886475,0.));
#5855 = SURFACE_CURVE('',#5856,(#5860,#5867),.PCURVE_S1.);
#5856 = LINE('',#5857,#5858);
#5857 = CARTESIAN_POINT('',(5.575409077201,37.633693886475,0.));
#5858 = VECTOR('',#5859,1.);
#5859 = DIRECTION('',(0.,0.,1.));
#5860 = PCURVE('',#5792,#5861);
#5861 = DEFINITIONAL_REPRESENTATION('',(#5862),#5866);
#5862 = LINE('',#5863,#5864);
#5863 = CARTESIAN_POINT('',(1.748849022023,0.));
#5864 = VECTOR('',#5865,1.);
#5865 = DIRECTION('',(0.,-1.));
#5866 = ( GEOMETRIC_REPRESENTATION_CONTEXT(2) 
PARAMETRIC_REPRESENTATION_CONTEXT() REPRESENTATION_CONTEXT('2D SPACE',''
  ) );
#5867 = PCURVE('',#5868,#5873);
#5868 = PLANE('',#5869);
#5869 = AXIS2_PLACEMENT_3D('',#5870,#5871,#5872);
#5870 = CARTESIAN_POINT('',(5.575409077201,37.633693886475,0.));
#5871 = DIRECTION('',(0.485642931179,-0.874157276122,0.));
#5872 = DIRECTION('',(-0.874157276122,-0.485642931179,0.));
#5873 = DEFINITIONAL_REPRESENTATION('',(#5874),#5878);
#5874 = LINE('',#5875,#5876);
#5875 = CARTESIAN_POINT('',(0.,0.));
#5876 = VECTOR('',#5877,1.);
#5877 = DIRECTION('',(0.,-1.));
#5878 = ( GEOMETRIC_REPRESENTATION_CONTEXT(2) 
PARAMETRIC_REPRESENTATION_CONTEXT() REPRESENTATION_CONTEXT('2D SPACE',''
  ) );
#5879 = ORIENTED_EDGE('',*,*,#5880,.F.);
#5880 = EDGE_CURVE('',#5777,#5853,#5881,.T.);
#5881 = SURFACE_CURVE('',#5882,(#5886,#5893),.PCURVE_S1.);
#5882 = LINE('',#5883,#5884);
#5883 = CARTESIAN_POINT('',(7.10417817464,38.483010051719,0.));
#5884 = VECTOR('',#5885,1.);
#5885 = DIRECTION('',(-0.874157276122,-0.485642931179,0.));
#5886 = PCURVE('',#5792,#5887);
#5887 = DEFINITIONAL_REPRESENTATION('',(#5888),#5892);
#5888 = LINE('',#5889,#5890);
#5889 = CARTESIAN_POINT('',(0.,0.));
#5890 = VECTOR('',#5891,1.);
#5891 = DIRECTION('',(1.,0.));
#5892 = ( GEOMETRIC_REPRESENTATION_CONTEXT(2) 
PARAMETRIC_REPRESENTATION_CONTEXT() REPRESENTATION_CONTEXT('2D SPACE',''
  ) );
#5893 = PCURVE('',#129,#5894);
#5894 = DEFINITIONAL_REPRESENTATION('',(#5895),#5899);
#5895 = LINE('',#5896,#5897);
#5896 = CARTESIAN_POINT('',(-18.95811610202,12.414631181723));
#5897 = VECTOR('',#5898,1.);
#5898 = DIRECTION('',(-0.874157276122,-0.485642931179));
#5899 = ( GEOMETRIC_REPRESENTATION_CONTEXT(2) 
PARAMETRIC_REPRESENTATION_CONTEXT() REPRESENTATION_CONTEXT('2D SPACE',''
  ) );
#5900 = ADVANCED_FACE('',(#5901),#5868,.F.);
#5901 = FACE_BOUND('',#5902,.F.);
#5902 = EDGE_LOOP('',(#5903,#5904,#5927,#5955));
#5903 = ORIENTED_EDGE('',*,*,#5852,.T.);
#5904 = ORIENTED_EDGE('',*,*,#5905,.T.);
#5905 = EDGE_CURVE('',#5830,#5906,#5908,.T.);
#5906 = VERTEX_POINT('',#5907);
#5907 = CARTESIAN_POINT('',(4.963901438226,37.293967420378,2.));
#5908 = SURFACE_CURVE('',#5909,(#5913,#5920),.PCURVE_S1.);
#5909 = LINE('',#5910,#5911);
#5910 = CARTESIAN_POINT('',(5.575409077201,37.633693886475,2.));
#5911 = VECTOR('',#5912,1.);
#5912 = DIRECTION('',(-0.874157276122,-0.485642931179,0.));
#5913 = PCURVE('',#5868,#5914);
#5914 = DEFINITIONAL_REPRESENTATION('',(#5915),#5919);
#5915 = LINE('',#5916,#5917);
#5916 = CARTESIAN_POINT('',(0.,-2.));
#5917 = VECTOR('',#5918,1.);
#5918 = DIRECTION('',(1.,0.));
#5919 = ( GEOMETRIC_REPRESENTATION_CONTEXT(2) 
PARAMETRIC_REPRESENTATION_CONTEXT() REPRESENTATION_CONTEXT('2D SPACE',''
  ) );
#5920 = PCURVE('',#75,#5921);
#5921 = DEFINITIONAL_REPRESENTATION('',(#5922),#5926);
#5922 = LINE('',#5923,#5924);
#5923 = CARTESIAN_POINT('',(-20.48688519946,11.565315016479));
#5924 = VECTOR('',#5925,1.);
#5925 = DIRECTION('',(-0.874157276122,-0.485642931179));
#5926 = ( GEOMETRIC_REPRESENTATION_CONTEXT(2) 
PARAMETRIC_REPRESENTATION_CONTEXT() REPRESENTATION_CONTEXT('2D SPACE',''
  ) );
#5927 = ORIENTED_EDGE('',*,*,#5928,.F.);
#5928 = EDGE_CURVE('',#5929,#5906,#5931,.T.);
#5929 = VERTEX_POINT('',#5930);
#5930 = CARTESIAN_POINT('',(4.963901438226,37.293967420378,0.));
#5931 = SURFACE_CURVE('',#5932,(#5936,#5943),.PCURVE_S1.);
#5932 = LINE('',#5933,#5934);
#5933 = CARTESIAN_POINT('',(4.963901438226,37.293967420378,0.));
#5934 = VECTOR('',#5935,1.);
#5935 = DIRECTION('',(0.,0.,1.));
#5936 = PCURVE('',#5868,#5937);
#5937 = DEFINITIONAL_REPRESENTATION('',(#5938),#5942);
#5938 = LINE('',#5939,#5940);
#5939 = CARTESIAN_POINT('',(0.699539608808,0.));
#5940 = VECTOR('',#5941,1.);
#5941 = DIRECTION('',(0.,-1.));
#5942 = ( GEOMETRIC_REPRESENTATION_CONTEXT(2) 
PARAMETRIC_REPRESENTATION_CONTEXT() REPRESENTATION_CONTEXT('2D SPACE',''
  ) );
#5943 = PCURVE('',#5944,#5949);
#5944 = PLANE('',#5945);
#5945 = AXIS2_PLACEMENT_3D('',#5946,#5947,#5948);
#5946 = CARTESIAN_POINT('',(4.963901438226,37.293967420378,0.));
#5947 = DIRECTION('',(0.485642931179,-0.874157276122,0.));
#5948 = DIRECTION('',(-0.874157276122,-0.485642931179,0.));
#5949 = DEFINITIONAL_REPRESENTATION('',(#5950),#5954);
#5950 = LINE('',#5951,#5952);
#5951 = CARTESIAN_POINT('',(0.,0.));
#5952 = VECTOR('',#5953,1.);
#5953 = DIRECTION('',(0.,-1.));
#5954 = ( GEOMETRIC_REPRESENTATION_CONTEXT(2) 
PARAMETRIC_REPRESENTATION_CONTEXT() REPRESENTATION_CONTEXT('2D SPACE',''
  ) );
#5955 = ORIENTED_EDGE('',*,*,#5956,.F.);
#5956 = EDGE_CURVE('',#5853,#5929,#5957,.T.);
#5957 = SURFACE_CURVE('',#5958,(#5962,#5969),.PCURVE_S1.);
#5958 = LINE('',#5959,#5960);
#5959 = CARTESIAN_POINT('',(5.575409077201,37.633693886475,0.));
#5960 = VECTOR('',#5961,1.);
#5961 = DIRECTION('',(-0.874157276122,-0.485642931179,0.));
#5962 = PCURVE('',#5868,#5963);
#5963 = DEFINITIONAL_REPRESENTATION('',(#5964),#5968);
#5964 = LINE('',#5965,#5966);
#5965 = CARTESIAN_POINT('',(0.,0.));
#5966 = VECTOR('',#5967,1.);
#5967 = DIRECTION('',(1.,0.));
#5968 = ( GEOMETRIC_REPRESENTATION_CONTEXT(2) 
PARAMETRIC_REPRESENTATION_CONTEXT() REPRESENTATION_CONTEXT('2D SPACE',''
  ) );
#5969 = PCURVE('',#129,#5970);
#5970 = DEFINITIONAL_REPRESENTATION('',(#5971),#5975);
#5971 = LINE('',#5972,#5973);
#5972 = CARTESIAN_POINT('',(-20.48688519946,11.565315016479));
#5973 = VECTOR('',#5974,1.);
#5974 = DIRECTION('',(-0.874157276122,-0.485642931179));
#5975 = ( GEOMETRIC_REPRESENTATION_CONTEXT(2) 
PARAMETRIC_REPRESENTATION_CONTEXT() REPRESENTATION_CONTEXT('2D SPACE',''
  ) );
#5976 = ADVANCED_FACE('',(#5977),#5944,.F.);
#5977 = FACE_BOUND('',#5978,.F.);
#5978 = EDGE_LOOP('',(#5979,#5980,#6003,#6031));
#5979 = ORIENTED_EDGE('',*,*,#5928,.T.);
#5980 = ORIENTED_EDGE('',*,*,#5981,.T.);
#5981 = EDGE_CURVE('',#5906,#5982,#5984,.T.);
#5982 = VERTEX_POINT('',#5983);
#5983 = CARTESIAN_POINT('',(3.740886160276,36.614514488183,2.));
#5984 = SURFACE_CURVE('',#5985,(#5989,#5996),.PCURVE_S1.);
#5985 = LINE('',#5986,#5987);
#5986 = CARTESIAN_POINT('',(4.963901438226,37.293967420378,2.));
#5987 = VECTOR('',#5988,1.);
#5988 = DIRECTION('',(-0.874157276122,-0.485642931179,0.));
#5989 = PCURVE('',#5944,#5990);
#5990 = DEFINITIONAL_REPRESENTATION('',(#5991),#5995);
#5991 = LINE('',#5992,#5993);
#5992 = CARTESIAN_POINT('',(0.,-2.));
#5993 = VECTOR('',#5994,1.);
#5994 = DIRECTION('',(1.,0.));
#5995 = ( GEOMETRIC_REPRESENTATION_CONTEXT(2) 
PARAMETRIC_REPRESENTATION_CONTEXT() REPRESENTATION_CONTEXT('2D SPACE',''
  ) );
#5996 = PCURVE('',#75,#5997);
#5997 = DEFINITIONAL_REPRESENTATION('',(#5998),#6002);
#5998 = LINE('',#5999,#6000);
#5999 = CARTESIAN_POINT('',(-21.09839283843,11.225588550382));
#6000 = VECTOR('',#6001,1.);
#6001 = DIRECTION('',(-0.874157276122,-0.485642931179));
#6002 = ( GEOMETRIC_REPRESENTATION_CONTEXT(2) 
PARAMETRIC_REPRESENTATION_CONTEXT() REPRESENTATION_CONTEXT('2D SPACE',''
  ) );
#6003 = ORIENTED_EDGE('',*,*,#6004,.F.);
#6004 = EDGE_CURVE('',#6005,#5982,#6007,.T.);
#6005 = VERTEX_POINT('',#6006);
#6006 = CARTESIAN_POINT('',(3.740886160276,36.614514488183,0.));
#6007 = SURFACE_CURVE('',#6008,(#6012,#6019),.PCURVE_S1.);
#6008 = LINE('',#6009,#6010);
#6009 = CARTESIAN_POINT('',(3.740886160276,36.614514488183,0.));
#6010 = VECTOR('',#6011,1.);
#6011 = DIRECTION('',(0.,0.,1.));
#6012 = PCURVE('',#5944,#6013);
#6013 = DEFINITIONAL_REPRESENTATION('',(#6014),#6018);
#6014 = LINE('',#6015,#6016);
#6015 = CARTESIAN_POINT('',(1.399079217617,0.));
#6016 = VECTOR('',#6017,1.);
#6017 = DIRECTION('',(0.,-1.));
#6018 = ( GEOMETRIC_REPRESENTATION_CONTEXT(2) 
PARAMETRIC_REPRESENTATION_CONTEXT() REPRESENTATION_CONTEXT('2D SPACE',''
  ) );
#6019 = PCURVE('',#6020,#6025);
#6020 = PLANE('',#6021);
#6021 = AXIS2_PLACEMENT_3D('',#6022,#6023,#6024);
#6022 = CARTESIAN_POINT('',(3.740886160276,36.614514488183,0.));
#6023 = DIRECTION('',(0.485642931179,-0.874157276122,0.));
#6024 = DIRECTION('',(-0.874157276122,-0.485642931179,0.));
#6025 = DEFINITIONAL_REPRESENTATION('',(#6026),#6030);
#6026 = LINE('',#6027,#6028);
#6027 = CARTESIAN_POINT('',(0.,0.));
#6028 = VECTOR('',#6029,1.);
#6029 = DIRECTION('',(0.,-1.));
#6030 = ( GEOMETRIC_REPRESENTATION_CONTEXT(2) 
PARAMETRIC_REPRESENTATION_CONTEXT() REPRESENTATION_CONTEXT('2D SPACE',''
  ) );
#6031 = ORIENTED_EDGE('',*,*,#6032,.F.);
#6032 = EDGE_CURVE('',#5929,#6005,#6033,.T.);
#6033 = SURFACE_CURVE('',#6034,(#6038,#6045),.PCURVE_S1.);
#6034 = LINE('',#6035,#6036);
#6035 = CARTESIAN_POINT('',(4.963901438226,37.293967420378,0.));
#6036 = VECTOR('',#6037,1.);
#6037 = DIRECTION('',(-0.874157276122,-0.485642931179,0.));
#6038 = PCURVE('',#5944,#6039);
#6039 = DEFINITIONAL_REPRESENTATION('',(#6040),#6044);
#6040 = LINE('',#6041,#6042);
#6041 = CARTESIAN_POINT('',(0.,0.));
#6042 = VECTOR('',#6043,1.);
#6043 = DIRECTION('',(1.,0.));
#6044 = ( GEOMETRIC_REPRESENTATION_CONTEXT(2) 
PARAMETRIC_REPRESENTATION_CONTEXT() REPRESENTATION_CONTEXT('2D SPACE',''
  ) );
#6045 = PCURVE('',#129,#6046);
#6046 = DEFINITIONAL_REPRESENTATION('',(#6047),#6051);
#6047 = LINE('',#6048,#6049);
#6048 = CARTESIAN_POINT('',(-21.09839283843,11.225588550382));
#6049 = VECTOR('',#6050,1.);
#6050 = DIRECTION('',(-0.874157276122,-0.485642931179));
#6051 = ( GEOMETRIC_REPRESENTATION_CONTEXT(2) 
PARAMETRIC_REPRESENTATION_CONTEXT() REPRESENTATION_CONTEXT('2D SPACE',''
  ) );
#6052 = ADVANCED_FACE('',(#6053),#6020,.F.);
#6053 = FACE_BOUND('',#6054,.F.);
#6054 = EDGE_LOOP('',(#6055,#6056,#6079,#6107));
#6055 = ORIENTED_EDGE('',*,*,#6004,.T.);
#6056 = ORIENTED_EDGE('',*,*,#6057,.T.);
#6057 = EDGE_CURVE('',#5982,#6058,#6060,.T.);
#6058 = VERTEX_POINT('',#6059);
#6059 = CARTESIAN_POINT('',(2.823624701812,36.104924789037,2.));
#6060 = SURFACE_CURVE('',#6061,(#6065,#6072),.PCURVE_S1.);
#6061 = LINE('',#6062,#6063);
#6062 = CARTESIAN_POINT('',(3.740886160276,36.614514488183,2.));
#6063 = VECTOR('',#6064,1.);
#6064 = DIRECTION('',(-0.874157276122,-0.485642931179,0.));
#6065 = PCURVE('',#6020,#6066);
#6066 = DEFINITIONAL_REPRESENTATION('',(#6067),#6071);
#6067 = LINE('',#6068,#6069);
#6068 = CARTESIAN_POINT('',(0.,-2.));
#6069 = VECTOR('',#6070,1.);
#6070 = DIRECTION('',(1.,0.));
#6071 = ( GEOMETRIC_REPRESENTATION_CONTEXT(2) 
PARAMETRIC_REPRESENTATION_CONTEXT() REPRESENTATION_CONTEXT('2D SPACE',''
  ) );
#6072 = PCURVE('',#75,#6073);
#6073 = DEFINITIONAL_REPRESENTATION('',(#6074),#6078);
#6074 = LINE('',#6075,#6076);
#6075 = CARTESIAN_POINT('',(-22.32140811638,10.546135618187));
#6076 = VECTOR('',#6077,1.);
#6077 = DIRECTION('',(-0.874157276122,-0.485642931179));
#6078 = ( GEOMETRIC_REPRESENTATION_CONTEXT(2) 
PARAMETRIC_REPRESENTATION_CONTEXT() REPRESENTATION_CONTEXT('2D SPACE',''
  ) );
#6079 = ORIENTED_EDGE('',*,*,#6080,.F.);
#6080 = EDGE_CURVE('',#6081,#6058,#6083,.T.);
#6081 = VERTEX_POINT('',#6082);
#6082 = CARTESIAN_POINT('',(2.823624701812,36.104924789037,0.));
#6083 = SURFACE_CURVE('',#6084,(#6088,#6095),.PCURVE_S1.);
#6084 = LINE('',#6085,#6086);
#6085 = CARTESIAN_POINT('',(2.823624701812,36.104924789037,0.));
#6086 = VECTOR('',#6087,1.);
#6087 = DIRECTION('',(0.,0.,1.));
#6088 = PCURVE('',#6020,#6089);
#6089 = DEFINITIONAL_REPRESENTATION('',(#6090),#6094);
#6090 = LINE('',#6091,#6092);
#6091 = CARTESIAN_POINT('',(1.049309413214,0.));
#6092 = VECTOR('',#6093,1.);
#6093 = DIRECTION('',(0.,-1.));
#6094 = ( GEOMETRIC_REPRESENTATION_CONTEXT(2) 
PARAMETRIC_REPRESENTATION_CONTEXT() REPRESENTATION_CONTEXT('2D SPACE',''
  ) );
#6095 = PCURVE('',#6096,#6101);
#6096 = PLANE('',#6097);
#6097 = AXIS2_PLACEMENT_3D('',#6098,#6099,#6100);
#6098 = CARTESIAN_POINT('',(2.823624701812,36.104924789037,0.));
#6099 = DIRECTION('',(0.485642931179,-0.874157276122,0.));
#6100 = DIRECTION('',(-0.874157276122,-0.485642931179,0.));
#6101 = DEFINITIONAL_REPRESENTATION('',(#6102),#6106);
#6102 = LINE('',#6103,#6104);
#6103 = CARTESIAN_POINT('',(0.,0.));
#6104 = VECTOR('',#6105,1.);
#6105 = DIRECTION('',(0.,-1.));
#6106 = ( GEOMETRIC_REPRESENTATION_CONTEXT(2) 
PARAMETRIC_REPRESENTATION_CONTEXT() REPRESENTATION_CONTEXT('2D SPACE',''
  ) );
#6107 = ORIENTED_EDGE('',*,*,#6108,.F.);
#6108 = EDGE_CURVE('',#6005,#6081,#6109,.T.);
#6109 = SURFACE_CURVE('',#6110,(#6114,#6121),.PCURVE_S1.);
#6110 = LINE('',#6111,#6112);
#6111 = CARTESIAN_POINT('',(3.740886160276,36.614514488183,0.));
#6112 = VECTOR('',#6113,1.);
#6113 = DIRECTION('',(-0.874157276122,-0.485642931179,0.));
#6114 = PCURVE('',#6020,#6115);
#6115 = DEFINITIONAL_REPRESENTATION('',(#6116),#6120);
#6116 = LINE('',#6117,#6118);
#6117 = CARTESIAN_POINT('',(0.,0.));
#6118 = VECTOR('',#6119,1.);
#6119 = DIRECTION('',(1.,0.));
#6120 = ( GEOMETRIC_REPRESENTATION_CONTEXT(2) 
PARAMETRIC_REPRESENTATION_CONTEXT() REPRESENTATION_CONTEXT('2D SPACE',''
  ) );
#6121 = PCURVE('',#129,#6122);
#6122 = DEFINITIONAL_REPRESENTATION('',(#6123),#6127);
#6123 = LINE('',#6124,#6125);
#6124 = CARTESIAN_POINT('',(-22.32140811638,10.546135618187));
#6125 = VECTOR('',#6126,1.);
#6126 = DIRECTION('',(-0.874157276122,-0.485642931179));
#6127 = ( GEOMETRIC_REPRESENTATION_CONTEXT(2) 
PARAMETRIC_REPRESENTATION_CONTEXT() REPRESENTATION_CONTEXT('2D SPACE',''
  ) );
#6128 = ADVANCED_FACE('',(#6129),#6096,.F.);
#6129 = FACE_BOUND('',#6130,.F.);
#6130 = EDGE_LOOP('',(#6131,#6132,#6155,#6183));
#6131 = ORIENTED_EDGE('',*,*,#6080,.T.);
#6132 = ORIENTED_EDGE('',*,*,#6133,.T.);
#6133 = EDGE_CURVE('',#6058,#6134,#6136,.T.);
#6134 = VERTEX_POINT('',#6135);
#6135 = CARTESIAN_POINT('',(1.600609423861,35.425471856842,2.));
#6136 = SURFACE_CURVE('',#6137,(#6141,#6148),.PCURVE_S1.);
#6137 = LINE('',#6138,#6139);
#6138 = CARTESIAN_POINT('',(2.823624701812,36.104924789037,2.));
#6139 = VECTOR('',#6140,1.);
#6140 = DIRECTION('',(-0.874157276122,-0.485642931179,0.));
#6141 = PCURVE('',#6096,#6142);
#6142 = DEFINITIONAL_REPRESENTATION('',(#6143),#6147);
#6143 = LINE('',#6144,#6145);
#6144 = CARTESIAN_POINT('',(0.,-2.));
#6145 = VECTOR('',#6146,1.);
#6146 = DIRECTION('',(1.,0.));
#6147 = ( GEOMETRIC_REPRESENTATION_CONTEXT(2) 
PARAMETRIC_REPRESENTATION_CONTEXT() REPRESENTATION_CONTEXT('2D SPACE',''
  ) );
#6148 = PCURVE('',#75,#6149);
#6149 = DEFINITIONAL_REPRESENTATION('',(#6150),#6154);
#6150 = LINE('',#6151,#6152);
#6151 = CARTESIAN_POINT('',(-23.23866957485,10.036545919041));
#6152 = VECTOR('',#6153,1.);
#6153 = DIRECTION('',(-0.874157276122,-0.485642931179));
#6154 = ( GEOMETRIC_REPRESENTATION_CONTEXT(2) 
PARAMETRIC_REPRESENTATION_CONTEXT() REPRESENTATION_CONTEXT('2D SPACE',''
  ) );
#6155 = ORIENTED_EDGE('',*,*,#6156,.F.);
#6156 = EDGE_CURVE('',#6157,#6134,#6159,.T.);
#6157 = VERTEX_POINT('',#6158);
#6158 = CARTESIAN_POINT('',(1.600609423861,35.425471856842,0.));
#6159 = SURFACE_CURVE('',#6160,(#6164,#6171),.PCURVE_S1.);
#6160 = LINE('',#6161,#6162);
#6161 = CARTESIAN_POINT('',(1.600609423861,35.425471856842,0.));
#6162 = VECTOR('',#6163,1.);
#6163 = DIRECTION('',(0.,0.,1.));
#6164 = PCURVE('',#6096,#6165);
#6165 = DEFINITIONAL_REPRESENTATION('',(#6166),#6170);
#6166 = LINE('',#6167,#6168);
#6167 = CARTESIAN_POINT('',(1.399079217618,0.));
#6168 = VECTOR('',#6169,1.);
#6169 = DIRECTION('',(0.,-1.));
#6170 = ( GEOMETRIC_REPRESENTATION_CONTEXT(2) 
PARAMETRIC_REPRESENTATION_CONTEXT() REPRESENTATION_CONTEXT('2D SPACE',''
  ) );
#6171 = PCURVE('',#6172,#6177);
#6172 = PLANE('',#6173);
#6173 = AXIS2_PLACEMENT_3D('',#6174,#6175,#6176);
#6174 = CARTESIAN_POINT('',(1.600609423861,35.425471856842,0.));
#6175 = DIRECTION('',(0.485642931179,-0.874157276122,0.));
#6176 = DIRECTION('',(-0.874157276122,-0.485642931179,0.));
#6177 = DEFINITIONAL_REPRESENTATION('',(#6178),#6182);
#6178 = LINE('',#6179,#6180);
#6179 = CARTESIAN_POINT('',(0.,0.));
#6180 = VECTOR('',#6181,1.);
#6181 = DIRECTION('',(0.,-1.));
#6182 = ( GEOMETRIC_REPRESENTATION_CONTEXT(2) 
PARAMETRIC_REPRESENTATION_CONTEXT() REPRESENTATION_CONTEXT('2D SPACE',''
  ) );
#6183 = ORIENTED_EDGE('',*,*,#6184,.F.);
#6184 = EDGE_CURVE('',#6081,#6157,#6185,.T.);
#6185 = SURFACE_CURVE('',#6186,(#6190,#6197),.PCURVE_S1.);
#6186 = LINE('',#6187,#6188);
#6187 = CARTESIAN_POINT('',(2.823624701812,36.104924789037,0.));
#6188 = VECTOR('',#6189,1.);
#6189 = DIRECTION('',(-0.874157276122,-0.485642931179,0.));
#6190 = PCURVE('',#6096,#6191);
#6191 = DEFINITIONAL_REPRESENTATION('',(#6192),#6196);
#6192 = LINE('',#6193,#6194);
#6193 = CARTESIAN_POINT('',(0.,0.));
#6194 = VECTOR('',#6195,1.);
#6195 = DIRECTION('',(1.,0.));
#6196 = ( GEOMETRIC_REPRESENTATION_CONTEXT(2) 
PARAMETRIC_REPRESENTATION_CONTEXT() REPRESENTATION_CONTEXT('2D SPACE',''
  ) );
#6197 = PCURVE('',#129,#6198);
#6198 = DEFINITIONAL_REPRESENTATION('',(#6199),#6203);
#6199 = LINE('',#6200,#6201);
#6200 = CARTESIAN_POINT('',(-23.23866957485,10.036545919041));
#6201 = VECTOR('',#6202,1.);
#6202 = DIRECTION('',(-0.874157276122,-0.485642931179));
#6203 = ( GEOMETRIC_REPRESENTATION_CONTEXT(2) 
PARAMETRIC_REPRESENTATION_CONTEXT() REPRESENTATION_CONTEXT('2D SPACE',''
  ) );
#6204 = ADVANCED_FACE('',(#6205),#6172,.F.);
#6205 = FACE_BOUND('',#6206,.F.);
#6206 = EDGE_LOOP('',(#6207,#6208,#6231,#6259));
#6207 = ORIENTED_EDGE('',*,*,#6156,.T.);
#6208 = ORIENTED_EDGE('',*,*,#6209,.T.);
#6209 = EDGE_CURVE('',#6134,#6210,#6212,.T.);
#6210 = VERTEX_POINT('',#6211);
#6211 = CARTESIAN_POINT('',(0.683347965399,34.915882157696,2.));
#6212 = SURFACE_CURVE('',#6213,(#6217,#6224),.PCURVE_S1.);
#6213 = LINE('',#6214,#6215);
#6214 = CARTESIAN_POINT('',(1.600609423861,35.425471856842,2.));
#6215 = VECTOR('',#6216,1.);
#6216 = DIRECTION('',(-0.874157276122,-0.485642931179,0.));
#6217 = PCURVE('',#6172,#6218);
#6218 = DEFINITIONAL_REPRESENTATION('',(#6219),#6223);
#6219 = LINE('',#6220,#6221);
#6220 = CARTESIAN_POINT('',(0.,-2.));
#6221 = VECTOR('',#6222,1.);
#6222 = DIRECTION('',(1.,0.));
#6223 = ( GEOMETRIC_REPRESENTATION_CONTEXT(2) 
PARAMETRIC_REPRESENTATION_CONTEXT() REPRESENTATION_CONTEXT('2D SPACE',''
  ) );
#6224 = PCURVE('',#75,#6225);
#6225 = DEFINITIONAL_REPRESENTATION('',(#6226),#6230);
#6226 = LINE('',#6227,#6228);
#6227 = CARTESIAN_POINT('',(-24.4616848528,9.357092986845));
#6228 = VECTOR('',#6229,1.);
#6229 = DIRECTION('',(-0.874157276122,-0.485642931179));
#6230 = ( GEOMETRIC_REPRESENTATION_CONTEXT(2) 
PARAMETRIC_REPRESENTATION_CONTEXT() REPRESENTATION_CONTEXT('2D SPACE',''
  ) );
#6231 = ORIENTED_EDGE('',*,*,#6232,.F.);
#6232 = EDGE_CURVE('',#6233,#6210,#6235,.T.);
#6233 = VERTEX_POINT('',#6234);
#6234 = CARTESIAN_POINT('',(0.683347965399,34.915882157696,0.));
#6235 = SURFACE_CURVE('',#6236,(#6240,#6247),.PCURVE_S1.);
#6236 = LINE('',#6237,#6238);
#6237 = CARTESIAN_POINT('',(0.683347965399,34.915882157696,0.));
#6238 = VECTOR('',#6239,1.);
#6239 = DIRECTION('',(0.,0.,1.));
#6240 = PCURVE('',#6172,#6241);
#6241 = DEFINITIONAL_REPRESENTATION('',(#6242),#6246);
#6242 = LINE('',#6243,#6244);
#6243 = CARTESIAN_POINT('',(1.049309413212,0.));
#6244 = VECTOR('',#6245,1.);
#6245 = DIRECTION('',(0.,-1.));
#6246 = ( GEOMETRIC_REPRESENTATION_CONTEXT(2) 
PARAMETRIC_REPRESENTATION_CONTEXT() REPRESENTATION_CONTEXT('2D SPACE',''
  ) );
#6247 = PCURVE('',#6248,#6253);
#6248 = PLANE('',#6249);
#6249 = AXIS2_PLACEMENT_3D('',#6250,#6251,#6252);
#6250 = CARTESIAN_POINT('',(0.683347965399,34.915882157696,0.));
#6251 = DIRECTION('',(0.485642931179,-0.874157276122,0.));
#6252 = DIRECTION('',(-0.874157276122,-0.485642931179,0.));
#6253 = DEFINITIONAL_REPRESENTATION('',(#6254),#6258);
#6254 = LINE('',#6255,#6256);
#6255 = CARTESIAN_POINT('',(0.,0.));
#6256 = VECTOR('',#6257,1.);
#6257 = DIRECTION('',(0.,-1.));
#6258 = ( GEOMETRIC_REPRESENTATION_CONTEXT(2) 
PARAMETRIC_REPRESENTATION_CONTEXT() REPRESENTATION_CONTEXT('2D SPACE',''
  ) );
#6259 = ORIENTED_EDGE('',*,*,#6260,.F.);
#6260 = EDGE_CURVE('',#6157,#6233,#6261,.T.);
#6261 = SURFACE_CURVE('',#6262,(#6266,#6273),.PCURVE_S1.);
#6262 = LINE('',#6263,#6264);
#6263 = CARTESIAN_POINT('',(1.600609423861,35.425471856842,0.));
#6264 = VECTOR('',#6265,1.);
#6265 = DIRECTION('',(-0.874157276122,-0.485642931179,0.));
#6266 = PCURVE('',#6172,#6267);
#6267 = DEFINITIONAL_REPRESENTATION('',(#6268),#6272);
#6268 = LINE('',#6269,#6270);
#6269 = CARTESIAN_POINT('',(0.,0.));
#6270 = VECTOR('',#6271,1.);
#6271 = DIRECTION('',(1.,0.));
#6272 = ( GEOMETRIC_REPRESENTATION_CONTEXT(2) 
PARAMETRIC_REPRESENTATION_CONTEXT() REPRESENTATION_CONTEXT('2D SPACE',''
  ) );
#6273 = PCURVE('',#129,#6274);
#6274 = DEFINITIONAL_REPRESENTATION('',(#6275),#6279);
#6275 = LINE('',#6276,#6277);
#6276 = CARTESIAN_POINT('',(-24.4616848528,9.357092986845));
#6277 = VECTOR('',#6278,1.);
#6278 = DIRECTION('',(-0.874157276122,-0.485642931179));
#6279 = ( GEOMETRIC_REPRESENTATION_CONTEXT(2) 
PARAMETRIC_REPRESENTATION_CONTEXT() REPRESENTATION_CONTEXT('2D SPACE',''
  ) );
#6280 = ADVANCED_FACE('',(#6281),#6248,.F.);
#6281 = FACE_BOUND('',#6282,.F.);
#6282 = EDGE_LOOP('',(#6283,#6284,#6307,#6335));
#6283 = ORIENTED_EDGE('',*,*,#6232,.T.);
#6284 = ORIENTED_EDGE('',*,*,#6285,.T.);
#6285 = EDGE_CURVE('',#6210,#6286,#6288,.T.);
#6286 = VERTEX_POINT('',#6287);
#6287 = CARTESIAN_POINT('',(7.18403264223E-02,34.576155691598,2.));
#6288 = SURFACE_CURVE('',#6289,(#6293,#6300),.PCURVE_S1.);
#6289 = LINE('',#6290,#6291);
#6290 = CARTESIAN_POINT('',(0.683347965399,34.915882157696,2.));
#6291 = VECTOR('',#6292,1.);
#6292 = DIRECTION('',(-0.874157276122,-0.485642931179,0.));
#6293 = PCURVE('',#6248,#6294);
#6294 = DEFINITIONAL_REPRESENTATION('',(#6295),#6299);
#6295 = LINE('',#6296,#6297);
#6296 = CARTESIAN_POINT('',(0.,-2.));
#6297 = VECTOR('',#6298,1.);
#6298 = DIRECTION('',(1.,0.));
#6299 = ( GEOMETRIC_REPRESENTATION_CONTEXT(2) 
PARAMETRIC_REPRESENTATION_CONTEXT() REPRESENTATION_CONTEXT('2D SPACE',''
  ) );
#6300 = PCURVE('',#75,#6301);
#6301 = DEFINITIONAL_REPRESENTATION('',(#6302),#6306);
#6302 = LINE('',#6303,#6304);
#6303 = CARTESIAN_POINT('',(-25.37894631126,8.8475032877));
#6304 = VECTOR('',#6305,1.);
#6305 = DIRECTION('',(-0.874157276122,-0.485642931179));
#6306 = ( GEOMETRIC_REPRESENTATION_CONTEXT(2) 
PARAMETRIC_REPRESENTATION_CONTEXT() REPRESENTATION_CONTEXT('2D SPACE',''
  ) );
#6307 = ORIENTED_EDGE('',*,*,#6308,.F.);
#6308 = EDGE_CURVE('',#6309,#6286,#6311,.T.);
#6309 = VERTEX_POINT('',#6310);
#6310 = CARTESIAN_POINT('',(7.18403264223E-02,34.576155691598,0.));
#6311 = SURFACE_CURVE('',#6312,(#6316,#6323),.PCURVE_S1.);
#6312 = LINE('',#6313,#6314);
#6313 = CARTESIAN_POINT('',(7.18403264223E-02,34.576155691598,0.));
#6314 = VECTOR('',#6315,1.);
#6315 = DIRECTION('',(0.,0.,1.));
#6316 = PCURVE('',#6248,#6317);
#6317 = DEFINITIONAL_REPRESENTATION('',(#6318),#6322);
#6318 = LINE('',#6319,#6320);
#6319 = CARTESIAN_POINT('',(0.69953960881,0.));
#6320 = VECTOR('',#6321,1.);
#6321 = DIRECTION('',(0.,-1.));
#6322 = ( GEOMETRIC_REPRESENTATION_CONTEXT(2) 
PARAMETRIC_REPRESENTATION_CONTEXT() REPRESENTATION_CONTEXT('2D SPACE',''
  ) );
#6323 = PCURVE('',#6324,#6329);
#6324 = PLANE('',#6325);
#6325 = AXIS2_PLACEMENT_3D('',#6326,#6327,#6328);
#6326 = CARTESIAN_POINT('',(7.18403264223E-02,34.576155691598,0.));
#6327 = DIRECTION('',(0.485642931179,-0.874157276122,0.));
#6328 = DIRECTION('',(-0.874157276122,-0.485642931179,0.));
#6329 = DEFINITIONAL_REPRESENTATION('',(#6330),#6334);
#6330 = LINE('',#6331,#6332);
#6331 = CARTESIAN_POINT('',(0.,0.));
#6332 = VECTOR('',#6333,1.);
#6333 = DIRECTION('',(0.,-1.));
#6334 = ( GEOMETRIC_REPRESENTATION_CONTEXT(2) 
PARAMETRIC_REPRESENTATION_CONTEXT() REPRESENTATION_CONTEXT('2D SPACE',''
  ) );
#6335 = ORIENTED_EDGE('',*,*,#6336,.F.);
#6336 = EDGE_CURVE('',#6233,#6309,#6337,.T.);
#6337 = SURFACE_CURVE('',#6338,(#6342,#6349),.PCURVE_S1.);
#6338 = LINE('',#6339,#6340);
#6339 = CARTESIAN_POINT('',(0.683347965399,34.915882157696,0.));
#6340 = VECTOR('',#6341,1.);
#6341 = DIRECTION('',(-0.874157276122,-0.485642931179,0.));
#6342 = PCURVE('',#6248,#6343);
#6343 = DEFINITIONAL_REPRESENTATION('',(#6344),#6348);
#6344 = LINE('',#6345,#6346);
#6345 = CARTESIAN_POINT('',(0.,0.));
#6346 = VECTOR('',#6347,1.);
#6347 = DIRECTION('',(1.,0.));
#6348 = ( GEOMETRIC_REPRESENTATION_CONTEXT(2) 
PARAMETRIC_REPRESENTATION_CONTEXT() REPRESENTATION_CONTEXT('2D SPACE',''
  ) );
#6349 = PCURVE('',#129,#6350);
#6350 = DEFINITIONAL_REPRESENTATION('',(#6351),#6355);
#6351 = LINE('',#6352,#6353);
#6352 = CARTESIAN_POINT('',(-25.37894631126,8.8475032877));
#6353 = VECTOR('',#6354,1.);
#6354 = DIRECTION('',(-0.874157276122,-0.485642931179));
#6355 = ( GEOMETRIC_REPRESENTATION_CONTEXT(2) 
PARAMETRIC_REPRESENTATION_CONTEXT() REPRESENTATION_CONTEXT('2D SPACE',''
  ) );
#6356 = ADVANCED_FACE('',(#6357),#6324,.F.);
#6357 = FACE_BOUND('',#6358,.F.);
#6358 = EDGE_LOOP('',(#6359,#6360,#6383,#6411));
#6359 = ORIENTED_EDGE('',*,*,#6308,.T.);
#6360 = ORIENTED_EDGE('',*,*,#6361,.T.);
#6361 = EDGE_CURVE('',#6286,#6362,#6364,.T.);
#6362 = VERTEX_POINT('',#6363);
#6363 = CARTESIAN_POINT('',(-0.233913493064,34.40629245855,2.));
#6364 = SURFACE_CURVE('',#6365,(#6369,#6376),.PCURVE_S1.);
#6365 = LINE('',#6366,#6367);
#6366 = CARTESIAN_POINT('',(7.18403264223E-02,34.576155691598,2.));
#6367 = VECTOR('',#6368,1.);
#6368 = DIRECTION('',(-0.874157276122,-0.485642931179,0.));
#6369 = PCURVE('',#6324,#6370);
#6370 = DEFINITIONAL_REPRESENTATION('',(#6371),#6375);
#6371 = LINE('',#6372,#6373);
#6372 = CARTESIAN_POINT('',(0.,-2.));
#6373 = VECTOR('',#6374,1.);
#6374 = DIRECTION('',(1.,0.));
#6375 = ( GEOMETRIC_REPRESENTATION_CONTEXT(2) 
PARAMETRIC_REPRESENTATION_CONTEXT() REPRESENTATION_CONTEXT('2D SPACE',''
  ) );
#6376 = PCURVE('',#75,#6377);
#6377 = DEFINITIONAL_REPRESENTATION('',(#6378),#6382);
#6378 = LINE('',#6379,#6380);
#6379 = CARTESIAN_POINT('',(-25.99045395024,8.507776821602));
#6380 = VECTOR('',#6381,1.);
#6381 = DIRECTION('',(-0.874157276122,-0.485642931179));
#6382 = ( GEOMETRIC_REPRESENTATION_CONTEXT(2) 
PARAMETRIC_REPRESENTATION_CONTEXT() REPRESENTATION_CONTEXT('2D SPACE',''
  ) );
#6383 = ORIENTED_EDGE('',*,*,#6384,.F.);
#6384 = EDGE_CURVE('',#6385,#6362,#6387,.T.);
#6385 = VERTEX_POINT('',#6386);
#6386 = CARTESIAN_POINT('',(-0.233913493064,34.40629245855,0.));
#6387 = SURFACE_CURVE('',#6388,(#6392,#6399),.PCURVE_S1.);
#6388 = LINE('',#6389,#6390);
#6389 = CARTESIAN_POINT('',(-0.233913493064,34.40629245855,0.));
#6390 = VECTOR('',#6391,1.);
#6391 = DIRECTION('',(0.,0.,1.));
#6392 = PCURVE('',#6324,#6393);
#6393 = DEFINITIONAL_REPRESENTATION('',(#6394),#6398);
#6394 = LINE('',#6395,#6396);
#6395 = CARTESIAN_POINT('',(0.349769804403,0.));
#6396 = VECTOR('',#6397,1.);
#6397 = DIRECTION('',(0.,-1.));
#6398 = ( GEOMETRIC_REPRESENTATION_CONTEXT(2) 
PARAMETRIC_REPRESENTATION_CONTEXT() REPRESENTATION_CONTEXT('2D SPACE',''
  ) );
#6399 = PCURVE('',#6400,#6405);
#6400 = PLANE('',#6401);
#6401 = AXIS2_PLACEMENT_3D('',#6402,#6403,#6404);
#6402 = CARTESIAN_POINT('',(-0.233913493064,34.40629245855,0.));
#6403 = DIRECTION('',(0.485642931179,-0.874157276122,0.));
#6404 = DIRECTION('',(-0.874157276122,-0.485642931179,0.));
#6405 = DEFINITIONAL_REPRESENTATION('',(#6406),#6410);
#6406 = LINE('',#6407,#6408);
#6407 = CARTESIAN_POINT('',(0.,0.));
#6408 = VECTOR('',#6409,1.);
#6409 = DIRECTION('',(0.,-1.));
#6410 = ( GEOMETRIC_REPRESENTATION_CONTEXT(2) 
PARAMETRIC_REPRESENTATION_CONTEXT() REPRESENTATION_CONTEXT('2D SPACE',''
  ) );
#6411 = ORIENTED_EDGE('',*,*,#6412,.F.);
#6412 = EDGE_CURVE('',#6309,#6385,#6413,.T.);
#6413 = SURFACE_CURVE('',#6414,(#6418,#6425),.PCURVE_S1.);
#6414 = LINE('',#6415,#6416);
#6415 = CARTESIAN_POINT('',(7.18403264223E-02,34.576155691598,0.));
#6416 = VECTOR('',#6417,1.);
#6417 = DIRECTION('',(-0.874157276122,-0.485642931179,0.));
#6418 = PCURVE('',#6324,#6419);
#6419 = DEFINITIONAL_REPRESENTATION('',(#6420),#6424);
#6420 = LINE('',#6421,#6422);
#6421 = CARTESIAN_POINT('',(0.,0.));
#6422 = VECTOR('',#6423,1.);
#6423 = DIRECTION('',(1.,0.));
#6424 = ( GEOMETRIC_REPRESENTATION_CONTEXT(2) 
PARAMETRIC_REPRESENTATION_CONTEXT() REPRESENTATION_CONTEXT('2D SPACE',''
  ) );
#6425 = PCURVE('',#129,#6426);
#6426 = DEFINITIONAL_REPRESENTATION('',(#6427),#6431);
#6427 = LINE('',#6428,#6429);
#6428 = CARTESIAN_POINT('',(-25.99045395024,8.507776821602));
#6429 = VECTOR('',#6430,1.);
#6430 = DIRECTION('',(-0.874157276122,-0.485642931179));
#6431 = ( GEOMETRIC_REPRESENTATION_CONTEXT(2) 
PARAMETRIC_REPRESENTATION_CONTEXT() REPRESENTATION_CONTEXT('2D SPACE',''
  ) );
#6432 = ADVANCED_FACE('',(#6433),#6400,.F.);
#6433 = FACE_BOUND('',#6434,.F.);
#6434 = EDGE_LOOP('',(#6435,#6436,#6459,#6487));
#6435 = ORIENTED_EDGE('',*,*,#6384,.T.);
#6436 = ORIENTED_EDGE('',*,*,#6437,.T.);
#6437 = EDGE_CURVE('',#6362,#6438,#6440,.T.);
#6438 = VERTEX_POINT('',#6439);
#6439 = CARTESIAN_POINT('',(-0.84542113204,34.066565992452,2.));
#6440 = SURFACE_CURVE('',#6441,(#6445,#6452),.PCURVE_S1.);
#6441 = LINE('',#6442,#6443);
#6442 = CARTESIAN_POINT('',(-0.233913493064,34.40629245855,2.));
#6443 = VECTOR('',#6444,1.);
#6444 = DIRECTION('',(-0.874157276122,-0.485642931179,0.));
#6445 = PCURVE('',#6400,#6446);
#6446 = DEFINITIONAL_REPRESENTATION('',(#6447),#6451);
#6447 = LINE('',#6448,#6449);
#6448 = CARTESIAN_POINT('',(0.,-2.));
#6449 = VECTOR('',#6450,1.);
#6450 = DIRECTION('',(1.,0.));
#6451 = ( GEOMETRIC_REPRESENTATION_CONTEXT(2) 
PARAMETRIC_REPRESENTATION_CONTEXT() REPRESENTATION_CONTEXT('2D SPACE',''
  ) );
#6452 = PCURVE('',#75,#6453);
#6453 = DEFINITIONAL_REPRESENTATION('',(#6454),#6458);
#6454 = LINE('',#6455,#6456);
#6455 = CARTESIAN_POINT('',(-26.29620776972,8.337913588553));
#6456 = VECTOR('',#6457,1.);
#6457 = DIRECTION('',(-0.874157276122,-0.485642931179));
#6458 = ( GEOMETRIC_REPRESENTATION_CONTEXT(2) 
PARAMETRIC_REPRESENTATION_CONTEXT() REPRESENTATION_CONTEXT('2D SPACE',''
  ) );
#6459 = ORIENTED_EDGE('',*,*,#6460,.F.);
#6460 = EDGE_CURVE('',#6461,#6438,#6463,.T.);
#6461 = VERTEX_POINT('',#6462);
#6462 = CARTESIAN_POINT('',(-0.84542113204,34.066565992452,0.));
#6463 = SURFACE_CURVE('',#6464,(#6468,#6475),.PCURVE_S1.);
#6464 = LINE('',#6465,#6466);
#6465 = CARTESIAN_POINT('',(-0.84542113204,34.066565992452,0.));
#6466 = VECTOR('',#6467,1.);
#6467 = DIRECTION('',(0.,0.,1.));
#6468 = PCURVE('',#6400,#6469);
#6469 = DEFINITIONAL_REPRESENTATION('',(#6470),#6474);
#6470 = LINE('',#6471,#6472);
#6471 = CARTESIAN_POINT('',(0.699539608809,0.));
#6472 = VECTOR('',#6473,1.);
#6473 = DIRECTION('',(0.,-1.));
#6474 = ( GEOMETRIC_REPRESENTATION_CONTEXT(2) 
PARAMETRIC_REPRESENTATION_CONTEXT() REPRESENTATION_CONTEXT('2D SPACE',''
  ) );
#6475 = PCURVE('',#6476,#6481);
#6476 = PLANE('',#6477);
#6477 = AXIS2_PLACEMENT_3D('',#6478,#6479,#6480);
#6478 = CARTESIAN_POINT('',(-0.84542113204,34.066565992452,0.));
#6479 = DIRECTION('',(0.490361595404,-0.871519079397,0.));
#6480 = DIRECTION('',(-0.871519079397,-0.490361595404,0.));
#6481 = DEFINITIONAL_REPRESENTATION('',(#6482),#6486);
#6482 = LINE('',#6483,#6484);
#6483 = CARTESIAN_POINT('',(0.,0.));
#6484 = VECTOR('',#6485,1.);
#6485 = DIRECTION('',(0.,-1.));
#6486 = ( GEOMETRIC_REPRESENTATION_CONTEXT(2) 
PARAMETRIC_REPRESENTATION_CONTEXT() REPRESENTATION_CONTEXT('2D SPACE',''
  ) );
#6487 = ORIENTED_EDGE('',*,*,#6488,.F.);
#6488 = EDGE_CURVE('',#6385,#6461,#6489,.T.);
#6489 = SURFACE_CURVE('',#6490,(#6494,#6501),.PCURVE_S1.);
#6490 = LINE('',#6491,#6492);
#6491 = CARTESIAN_POINT('',(-0.233913493064,34.40629245855,0.));
#6492 = VECTOR('',#6493,1.);
#6493 = DIRECTION('',(-0.874157276122,-0.485642931179,0.));
#6494 = PCURVE('',#6400,#6495);
#6495 = DEFINITIONAL_REPRESENTATION('',(#6496),#6500);
#6496 = LINE('',#6497,#6498);
#6497 = CARTESIAN_POINT('',(0.,0.));
#6498 = VECTOR('',#6499,1.);
#6499 = DIRECTION('',(1.,0.));
#6500 = ( GEOMETRIC_REPRESENTATION_CONTEXT(2) 
PARAMETRIC_REPRESENTATION_CONTEXT() REPRESENTATION_CONTEXT('2D SPACE',''
  ) );
#6501 = PCURVE('',#129,#6502);
#6502 = DEFINITIONAL_REPRESENTATION('',(#6503),#6507);
#6503 = LINE('',#6504,#6505);
#6504 = CARTESIAN_POINT('',(-26.29620776972,8.337913588553));
#6505 = VECTOR('',#6506,1.);
#6506 = DIRECTION('',(-0.874157276122,-0.485642931179));
#6507 = ( GEOMETRIC_REPRESENTATION_CONTEXT(2) 
PARAMETRIC_REPRESENTATION_CONTEXT() REPRESENTATION_CONTEXT('2D SPACE',''
  ) );
#6508 = ADVANCED_FACE('',(#6509),#6476,.F.);
#6509 = FACE_BOUND('',#6510,.F.);
#6510 = EDGE_LOOP('',(#6511,#6512,#6535,#6563));
#6511 = ORIENTED_EDGE('',*,*,#6460,.T.);
#6512 = ORIENTED_EDGE('',*,*,#6513,.T.);
#6513 = EDGE_CURVE('',#6438,#6514,#6516,.T.);
#6514 = VERTEX_POINT('',#6515);
#6515 = CARTESIAN_POINT('',(-0.988559576741,33.986028919006,2.));
#6516 = SURFACE_CURVE('',#6517,(#6521,#6528),.PCURVE_S1.);
#6517 = LINE('',#6518,#6519);
#6518 = CARTESIAN_POINT('',(-0.84542113204,34.066565992452,2.));
#6519 = VECTOR('',#6520,1.);
#6520 = DIRECTION('',(-0.871519079397,-0.490361595404,0.));
#6521 = PCURVE('',#6476,#6522);
#6522 = DEFINITIONAL_REPRESENTATION('',(#6523),#6527);
#6523 = LINE('',#6524,#6525);
#6524 = CARTESIAN_POINT('',(0.,-2.));
#6525 = VECTOR('',#6526,1.);
#6526 = DIRECTION('',(1.,0.));
#6527 = ( GEOMETRIC_REPRESENTATION_CONTEXT(2) 
PARAMETRIC_REPRESENTATION_CONTEXT() REPRESENTATION_CONTEXT('2D SPACE',''
  ) );
#6528 = PCURVE('',#75,#6529);
#6529 = DEFINITIONAL_REPRESENTATION('',(#6530),#6534);
#6530 = LINE('',#6531,#6532);
#6531 = CARTESIAN_POINT('',(-26.9077154087,7.998187122456));
#6532 = VECTOR('',#6533,1.);
#6533 = DIRECTION('',(-0.871519079397,-0.490361595404));
#6534 = ( GEOMETRIC_REPRESENTATION_CONTEXT(2) 
PARAMETRIC_REPRESENTATION_CONTEXT() REPRESENTATION_CONTEXT('2D SPACE',''
  ) );
#6535 = ORIENTED_EDGE('',*,*,#6536,.F.);
#6536 = EDGE_CURVE('',#6537,#6514,#6539,.T.);
#6537 = VERTEX_POINT('',#6538);
#6538 = CARTESIAN_POINT('',(-0.988559576741,33.986028919006,0.));
#6539 = SURFACE_CURVE('',#6540,(#6544,#6551),.PCURVE_S1.);
#6540 = LINE('',#6541,#6542);
#6541 = CARTESIAN_POINT('',(-0.988559576741,33.986028919006,0.));
#6542 = VECTOR('',#6543,1.);
#6543 = DIRECTION('',(0.,0.,1.));
#6544 = PCURVE('',#6476,#6545);
#6545 = DEFINITIONAL_REPRESENTATION('',(#6546),#6550);
#6546 = LINE('',#6547,#6548);
#6547 = CARTESIAN_POINT('',(0.164240173376,0.));
#6548 = VECTOR('',#6549,1.);
#6549 = DIRECTION('',(0.,-1.));
#6550 = ( GEOMETRIC_REPRESENTATION_CONTEXT(2) 
PARAMETRIC_REPRESENTATION_CONTEXT() REPRESENTATION_CONTEXT('2D SPACE',''
  ) );
#6551 = PCURVE('',#6552,#6557);
#6552 = PLANE('',#6553);
#6553 = AXIS2_PLACEMENT_3D('',#6554,#6555,#6556);
#6554 = CARTESIAN_POINT('',(-0.988559576741,33.986028919006,0.));
#6555 = DIRECTION('',(0.506765530004,-0.862083927237,0.));
#6556 = DIRECTION('',(-0.862083927237,-0.506765530004,0.));
#6557 = DEFINITIONAL_REPRESENTATION('',(#6558),#6562);
#6558 = LINE('',#6559,#6560);
#6559 = CARTESIAN_POINT('',(0.,0.));
#6560 = VECTOR('',#6561,1.);
#6561 = DIRECTION('',(0.,-1.));
#6562 = ( GEOMETRIC_REPRESENTATION_CONTEXT(2) 
PARAMETRIC_REPRESENTATION_CONTEXT() REPRESENTATION_CONTEXT('2D SPACE',''
  ) );
#6563 = ORIENTED_EDGE('',*,*,#6564,.F.);
#6564 = EDGE_CURVE('',#6461,#6537,#6565,.T.);
#6565 = SURFACE_CURVE('',#6566,(#6570,#6577),.PCURVE_S1.);
#6566 = LINE('',#6567,#6568);
#6567 = CARTESIAN_POINT('',(-0.84542113204,34.066565992452,0.));
#6568 = VECTOR('',#6569,1.);
#6569 = DIRECTION('',(-0.871519079397,-0.490361595404,0.));
#6570 = PCURVE('',#6476,#6571);
#6571 = DEFINITIONAL_REPRESENTATION('',(#6572),#6576);
#6572 = LINE('',#6573,#6574);
#6573 = CARTESIAN_POINT('',(0.,0.));
#6574 = VECTOR('',#6575,1.);
#6575 = DIRECTION('',(1.,0.));
#6576 = ( GEOMETRIC_REPRESENTATION_CONTEXT(2) 
PARAMETRIC_REPRESENTATION_CONTEXT() REPRESENTATION_CONTEXT('2D SPACE',''
  ) );
#6577 = PCURVE('',#129,#6578);
#6578 = DEFINITIONAL_REPRESENTATION('',(#6579),#6583);
#6579 = LINE('',#6580,#6581);
#6580 = CARTESIAN_POINT('',(-26.9077154087,7.998187122456));
#6581 = VECTOR('',#6582,1.);
#6582 = DIRECTION('',(-0.871519079397,-0.490361595404));
#6583 = ( GEOMETRIC_REPRESENTATION_CONTEXT(2) 
PARAMETRIC_REPRESENTATION_CONTEXT() REPRESENTATION_CONTEXT('2D SPACE',''
  ) );
#6584 = ADVANCED_FACE('',(#6585),#6552,.F.);
#6585 = FACE_BOUND('',#6586,.F.);
#6586 = EDGE_LOOP('',(#6587,#6588,#6611,#6634));
#6587 = ORIENTED_EDGE('',*,*,#6536,.T.);
#6588 = ORIENTED_EDGE('',*,*,#6589,.T.);
#6589 = EDGE_CURVE('',#6514,#6590,#6592,.T.);
#6590 = VERTEX_POINT('',#6591);
#6591 = CARTESIAN_POINT('',(-1.50192979397,33.684250493492,2.));
#6592 = SURFACE_CURVE('',#6593,(#6597,#6604),.PCURVE_S1.);
#6593 = LINE('',#6594,#6595);
#6594 = CARTESIAN_POINT('',(-0.988559576741,33.986028919006,2.));
#6595 = VECTOR('',#6596,1.);
#6596 = DIRECTION('',(-0.862083927237,-0.506765530004,0.));
#6597 = PCURVE('',#6552,#6598);
#6598 = DEFINITIONAL_REPRESENTATION('',(#6599),#6603);
#6599 = LINE('',#6600,#6601);
#6600 = CARTESIAN_POINT('',(0.,-2.));
#6601 = VECTOR('',#6602,1.);
#6602 = DIRECTION('',(1.,0.));
#6603 = ( GEOMETRIC_REPRESENTATION_CONTEXT(2) 
PARAMETRIC_REPRESENTATION_CONTEXT() REPRESENTATION_CONTEXT('2D SPACE',''
  ) );
#6604 = PCURVE('',#75,#6605);
#6605 = DEFINITIONAL_REPRESENTATION('',(#6606),#6610);
#6606 = LINE('',#6607,#6608);
#6607 = CARTESIAN_POINT('',(-27.0508538534,7.91765004901));
#6608 = VECTOR('',#6609,1.);
#6609 = DIRECTION('',(-0.862083927237,-0.506765530004));
#6610 = ( GEOMETRIC_REPRESENTATION_CONTEXT(2) 
PARAMETRIC_REPRESENTATION_CONTEXT() REPRESENTATION_CONTEXT('2D SPACE',''
  ) );
#6611 = ORIENTED_EDGE('',*,*,#6612,.F.);
#6612 = EDGE_CURVE('',#6613,#6590,#6615,.T.);
#6613 = VERTEX_POINT('',#6614);
#6614 = CARTESIAN_POINT('',(-1.50192979397,33.684250493492,0.));
#6615 = SURFACE_CURVE('',#6616,(#6620,#6627),.PCURVE_S1.);
#6616 = LINE('',#6617,#6618);
#6617 = CARTESIAN_POINT('',(-1.50192979397,33.684250493492,0.));
#6618 = VECTOR('',#6619,1.);
#6619 = DIRECTION('',(0.,0.,1.));
#6620 = PCURVE('',#6552,#6621);
#6621 = DEFINITIONAL_REPRESENTATION('',(#6622),#6626);
#6622 = LINE('',#6623,#6624);
#6623 = CARTESIAN_POINT('',(0.595499116745,0.));
#6624 = VECTOR('',#6625,1.);
#6625 = DIRECTION('',(0.,-1.));
#6626 = ( GEOMETRIC_REPRESENTATION_CONTEXT(2) 
PARAMETRIC_REPRESENTATION_CONTEXT() REPRESENTATION_CONTEXT('2D SPACE',''
  ) );
#6627 = PCURVE('',#44,#6628);
#6628 = DEFINITIONAL_REPRESENTATION('',(#6629),#6633);
#6629 = LINE('',#6630,#6631);
#6630 = CARTESIAN_POINT('',(0.,0.));
#6631 = VECTOR('',#6632,1.);
#6632 = DIRECTION('',(0.,-1.));
#6633 = ( GEOMETRIC_REPRESENTATION_CONTEXT(2) 
PARAMETRIC_REPRESENTATION_CONTEXT() REPRESENTATION_CONTEXT('2D SPACE',''
  ) );
#6634 = ORIENTED_EDGE('',*,*,#6635,.F.);
#6635 = EDGE_CURVE('',#6537,#6613,#6636,.T.);
#6636 = SURFACE_CURVE('',#6637,(#6641,#6648),.PCURVE_S1.);
#6637 = LINE('',#6638,#6639);
#6638 = CARTESIAN_POINT('',(-0.988559576741,33.986028919006,0.));
#6639 = VECTOR('',#6640,1.);
#6640 = DIRECTION('',(-0.862083927237,-0.506765530004,0.));
#6641 = PCURVE('',#6552,#6642);
#6642 = DEFINITIONAL_REPRESENTATION('',(#6643),#6647);
#6643 = LINE('',#6644,#6645);
#6644 = CARTESIAN_POINT('',(0.,0.));
#6645 = VECTOR('',#6646,1.);
#6646 = DIRECTION('',(1.,0.));
#6647 = ( GEOMETRIC_REPRESENTATION_CONTEXT(2) 
PARAMETRIC_REPRESENTATION_CONTEXT() REPRESENTATION_CONTEXT('2D SPACE',''
  ) );
#6648 = PCURVE('',#129,#6649);
#6649 = DEFINITIONAL_REPRESENTATION('',(#6650),#6654);
#6650 = LINE('',#6651,#6652);
#6651 = CARTESIAN_POINT('',(-27.0508538534,7.91765004901));
#6652 = VECTOR('',#6653,1.);
#6653 = DIRECTION('',(-0.862083927237,-0.506765530004));
#6654 = ( GEOMETRIC_REPRESENTATION_CONTEXT(2) 
PARAMETRIC_REPRESENTATION_CONTEXT() REPRESENTATION_CONTEXT('2D SPACE',''
  ) );
#6655 = ADVANCED_FACE('',(#6656),#44,.F.);
#6656 = FACE_BOUND('',#6657,.F.);
#6657 = EDGE_LOOP('',(#6658,#6659,#6682,#6683));
#6658 = ORIENTED_EDGE('',*,*,#6612,.T.);
#6659 = ORIENTED_EDGE('',*,*,#6660,.T.);
#6660 = EDGE_CURVE('',#6590,#24,#6661,.T.);
#6661 = SURFACE_CURVE('',#6662,(#6667,#6674),.PCURVE_S1.);
#6662 = B_SPLINE_CURVE_WITH_KNOTS('',3,(#6663,#6664,#6665,#6666),
  .UNSPECIFIED.,.F.,.F.,(4,4),(0.,1.),.PIECEWISE_BEZIER_KNOTS.);
#6663 = CARTESIAN_POINT('',(-1.50192979397,33.684250493492,2.));
#6664 = CARTESIAN_POINT('',(-2.772253674357,32.935544418372,2.));
#6665 = CARTESIAN_POINT('',(-3.310769676462,31.382581179731,2.));
#6666 = CARTESIAN_POINT('',(-2.77667478468,30.008162686486,2.));
#6667 = PCURVE('',#44,#6668);
#6668 = DEFINITIONAL_REPRESENTATION('',(#6669),#6673);
#6669 = LINE('',#6670,#6671);
#6670 = CARTESIAN_POINT('',(0.,-2.));
#6671 = VECTOR('',#6672,1.);
#6672 = DIRECTION('',(1.,0.));
#6673 = ( GEOMETRIC_REPRESENTATION_CONTEXT(2) 
PARAMETRIC_REPRESENTATION_CONTEXT() REPRESENTATION_CONTEXT('2D SPACE',''
  ) );
#6674 = PCURVE('',#75,#6675);
#6675 = DEFINITIONAL_REPRESENTATION('',(#6676),#6681);
#6676 = B_SPLINE_CURVE_WITH_KNOTS('',3,(#6677,#6678,#6679,#6680),
  .UNSPECIFIED.,.F.,.F.,(4,4),(0.,1.),.PIECEWISE_BEZIER_KNOTS.);
#6677 = CARTESIAN_POINT('',(-27.56422407063,7.615871623495));
#6678 = CARTESIAN_POINT('',(-28.83454795102,6.867165548375));
#6679 = CARTESIAN_POINT('',(-29.37306395312,5.314202309735));
#6680 = CARTESIAN_POINT('',(-28.83896906134,3.939783816489));
#6681 = ( GEOMETRIC_REPRESENTATION_CONTEXT(2) 
PARAMETRIC_REPRESENTATION_CONTEXT() REPRESENTATION_CONTEXT('2D SPACE',''
  ) );
#6682 = ORIENTED_EDGE('',*,*,#21,.F.);
#6683 = ORIENTED_EDGE('',*,*,#6684,.F.);
#6684 = EDGE_CURVE('',#6613,#22,#6685,.T.);
#6685 = SURFACE_CURVE('',#6686,(#6691,#6698),.PCURVE_S1.);
#6686 = B_SPLINE_CURVE_WITH_KNOTS('',3,(#6687,#6688,#6689,#6690),
  .UNSPECIFIED.,.F.,.F.,(4,4),(0.,1.),.PIECEWISE_BEZIER_KNOTS.);
#6687 = CARTESIAN_POINT('',(-1.50192979397,33.684250493492,0.));
#6688 = CARTESIAN_POINT('',(-2.772253674357,32.935544418372,0.));
#6689 = CARTESIAN_POINT('',(-3.310769676462,31.382581179731,0.));
#6690 = CARTESIAN_POINT('',(-2.77667478468,30.008162686486,0.));
#6691 = PCURVE('',#44,#6692);
#6692 = DEFINITIONAL_REPRESENTATION('',(#6693),#6697);
#6693 = LINE('',#6694,#6695);
#6694 = CARTESIAN_POINT('',(0.,0.));
#6695 = VECTOR('',#6696,1.);
#6696 = DIRECTION('',(1.,0.));
#6697 = ( GEOMETRIC_REPRESENTATION_CONTEXT(2) 
PARAMETRIC_REPRESENTATION_CONTEXT() REPRESENTATION_CONTEXT('2D SPACE',''
  ) );
#6698 = PCURVE('',#129,#6699);
#6699 = DEFINITIONAL_REPRESENTATION('',(#6700),#6705);
#6700 = B_SPLINE_CURVE_WITH_KNOTS('',3,(#6701,#6702,#6703,#6704),
  .UNSPECIFIED.,.F.,.F.,(4,4),(0.,1.),.PIECEWISE_BEZIER_KNOTS.);
#6701 = CARTESIAN_POINT('',(-27.56422407063,7.615871623495));
#6702 = CARTESIAN_POINT('',(-28.83454795102,6.867165548375));
#6703 = CARTESIAN_POINT('',(-29.37306395312,5.314202309735));
#6704 = CARTESIAN_POINT('',(-28.83896906134,3.939783816489));
#6705 = ( GEOMETRIC_REPRESENTATION_CONTEXT(2) 
PARAMETRIC_REPRESENTATION_CONTEXT() REPRESENTATION_CONTEXT('2D SPACE',''
  ) );
#6706 = ADVANCED_FACE('',(#6707),#129,.F.);
#6707 = FACE_BOUND('',#6708,.F.);
#6708 = EDGE_LOOP('',(#6709,#6710,#6711,#6712,#6713,#6714,#6715,#6716,
    #6717,#6718,#6719,#6720,#6721,#6722,#6723,#6724,#6725,#6726,#6727,
    #6728,#6729,#6730,#6731,#6732,#6733,#6734,#6735,#6736,#6737,#6738,
    #6739,#6740,#6741,#6742,#6743,#6744,#6745,#6746,#6747,#6748,#6749,
    #6750,#6751,#6752,#6753,#6754,#6755,#6756,#6757,#6758,#6759,#6760,
    #6761,#6762,#6763,#6764,#6765,#6766,#6767,#6768,#6769,#6770,#6771,
    #6772,#6773,#6774,#6775,#6776,#6777,#6778,#6779,#6780,#6781,#6782,
    #6783,#6784,#6785,#6786,#6787,#6788,#6789,#6790,#6791,#6792,#6793));
#6709 = ORIENTED_EDGE('',*,*,#115,.T.);
#6710 = ORIENTED_EDGE('',*,*,#196,.T.);
#6711 = ORIENTED_EDGE('',*,*,#272,.T.);
#6712 = ORIENTED_EDGE('',*,*,#348,.T.);
#6713 = ORIENTED_EDGE('',*,*,#424,.T.);
#6714 = ORIENTED_EDGE('',*,*,#500,.T.);
#6715 = ORIENTED_EDGE('',*,*,#576,.T.);
#6716 = ORIENTED_EDGE('',*,*,#652,.T.);
#6717 = ORIENTED_EDGE('',*,*,#728,.T.);
#6718 = ORIENTED_EDGE('',*,*,#809,.T.);
#6719 = ORIENTED_EDGE('',*,*,#891,.T.);
#6720 = ORIENTED_EDGE('',*,*,#973,.T.);
#6721 = ORIENTED_EDGE('',*,*,#1049,.T.);
#6722 = ORIENTED_EDGE('',*,*,#1125,.T.);
#6723 = ORIENTED_EDGE('',*,*,#1201,.T.);
#6724 = ORIENTED_EDGE('',*,*,#1277,.T.);
#6725 = ORIENTED_EDGE('',*,*,#1353,.T.);
#6726 = ORIENTED_EDGE('',*,*,#1429,.T.);
#6727 = ORIENTED_EDGE('',*,*,#1505,.T.);
#6728 = ORIENTED_EDGE('',*,*,#1586,.T.);
#6729 = ORIENTED_EDGE('',*,*,#1668,.T.);
#6730 = ORIENTED_EDGE('',*,*,#1750,.T.);
#6731 = ORIENTED_EDGE('',*,*,#1826,.T.);
#6732 = ORIENTED_EDGE('',*,*,#1902,.T.);
#6733 = ORIENTED_EDGE('',*,*,#1978,.T.);
#6734 = ORIENTED_EDGE('',*,*,#2054,.T.);
#6735 = ORIENTED_EDGE('',*,*,#2130,.T.);
#6736 = ORIENTED_EDGE('',*,*,#2206,.T.);
#6737 = ORIENTED_EDGE('',*,*,#2282,.T.);
#6738 = ORIENTED_EDGE('',*,*,#2358,.T.);
#6739 = ORIENTED_EDGE('',*,*,#2437,.T.);
#6740 = ORIENTED_EDGE('',*,*,#2515,.T.);
#6741 = ORIENTED_EDGE('',*,*,#2597,.T.);
#6742 = ORIENTED_EDGE('',*,*,#2677,.T.);
#6743 = ORIENTED_EDGE('',*,*,#2757,.T.);
#6744 = ORIENTED_EDGE('',*,*,#2833,.T.);
#6745 = ORIENTED_EDGE('',*,*,#2909,.T.);
#6746 = ORIENTED_EDGE('',*,*,#2985,.T.);
#6747 = ORIENTED_EDGE('',*,*,#3061,.T.);
#6748 = ORIENTED_EDGE('',*,*,#3137,.T.);
#6749 = ORIENTED_EDGE('',*,*,#3213,.T.);
#6750 = ORIENTED_EDGE('',*,*,#3289,.T.);
#6751 = ORIENTED_EDGE('',*,*,#3365,.T.);
#6752 = ORIENTED_EDGE('',*,*,#3441,.T.);
#6753 = ORIENTED_EDGE('',*,*,#3517,.T.);
#6754 = ORIENTED_EDGE('',*,*,#3593,.T.);
#6755 = ORIENTED_EDGE('',*,*,#3669,.T.);
#6756 = ORIENTED_EDGE('',*,*,#3745,.T.);
#6757 = ORIENTED_EDGE('',*,*,#3821,.T.);
#6758 = ORIENTED_EDGE('',*,*,#3897,.T.);
#6759 = ORIENTED_EDGE('',*,*,#3973,.T.);
#6760 = ORIENTED_EDGE('',*,*,#4049,.T.);
#6761 = ORIENTED_EDGE('',*,*,#4125,.T.);
#6762 = ORIENTED_EDGE('',*,*,#4233,.T.);
#6763 = ORIENTED_EDGE('',*,*,#4369,.T.);
#6764 = ORIENTED_EDGE('',*,*,#4505,.T.);
#6765 = ORIENTED_EDGE('',*,*,#4581,.T.);
#6766 = ORIENTED_EDGE('',*,*,#4657,.T.);
#6767 = ORIENTED_EDGE('',*,*,#4733,.T.);
#6768 = ORIENTED_EDGE('',*,*,#4809,.T.);
#6769 = ORIENTED_EDGE('',*,*,#4885,.T.);
#6770 = ORIENTED_EDGE('',*,*,#4961,.T.);
#6771 = ORIENTED_EDGE('',*,*,#5037,.T.);
#6772 = ORIENTED_EDGE('',*,*,#5113,.T.);
#6773 = ORIENTED_EDGE('',*,*,#5189,.T.);
#6774 = ORIENTED_EDGE('',*,*,#5265,.T.);
#6775 = ORIENTED_EDGE('',*,*,#5344,.T.);
#6776 = ORIENTED_EDGE('',*,*,#5422,.T.);
#6777 = ORIENTED_EDGE('',*,*,#5500,.T.);
#6778 = ORIENTED_EDGE('',*,*,#5576,.T.);
#6779 = ORIENTED_EDGE('',*,*,#5652,.T.);
#6780 = ORIENTED_EDGE('',*,*,#5728,.T.);
#6781 = ORIENTED_EDGE('',*,*,#5804,.T.);
#6782 = ORIENTED_EDGE('',*,*,#5880,.T.);
#6783 = ORIENTED_EDGE('',*,*,#5956,.T.);
#6784 = ORIENTED_EDGE('',*,*,#6032,.T.);
#6785 = ORIENTED_EDGE('',*,*,#6108,.T.);
#6786 = ORIENTED_EDGE('',*,*,#6184,.T.);
#6787 = ORIENTED_EDGE('',*,*,#6260,.T.);
#6788 = ORIENTED_EDGE('',*,*,#6336,.T.);
#6789 = ORIENTED_EDGE('',*,*,#6412,.T.);
#6790 = ORIENTED_EDGE('',*,*,#6488,.T.);
#6791 = ORIENTED_EDGE('',*,*,#6564,.T.);
#6792 = ORIENTED_EDGE('',*,*,#6635,.T.);
#6793 = ORIENTED_EDGE('',*,*,#6684,.T.);
#6794 = ADVANCED_FACE('',(#6795),#75,.T.);
#6795 = FACE_BOUND('',#6796,.T.);
#6796 = EDGE_LOOP('',(#6797,#6798,#6799,#6800,#6801,#6802,#6803,#6804,
    #6805,#6806,#6807,#6808,#6809,#6810,#6811,#6812,#6813,#6814,#6815,
    #6816,#6817,#6818,#6819,#6820,#6821,#6822,#6823,#6824,#6825,#6826,
    #6827,#6828,#6829,#6830,#6831,#6832,#6833,#6834,#6835,#6836,#6837,
    #6838,#6839,#6840,#6841,#6842,#6843,#6844,#6845,#6846,#6847,#6848,
    #6849,#6850,#6851,#6852,#6853,#6854,#6855,#6856,#6857,#6858,#6859,
    #6860,#6861,#6862,#6863,#6864,#6865,#6866,#6867,#6868,#6869,#6870,
    #6871,#6872,#6873,#6874,#6875,#6876,#6877,#6878,#6879,#6880,#6881));
#6797 = ORIENTED_EDGE('',*,*,#59,.T.);
#6798 = ORIENTED_EDGE('',*,*,#145,.T.);
#6799 = ORIENTED_EDGE('',*,*,#221,.T.);
#6800 = ORIENTED_EDGE('',*,*,#297,.T.);
#6801 = ORIENTED_EDGE('',*,*,#373,.T.);
#6802 = ORIENTED_EDGE('',*,*,#449,.T.);
#6803 = ORIENTED_EDGE('',*,*,#525,.T.);
#6804 = ORIENTED_EDGE('',*,*,#601,.T.);
#6805 = ORIENTED_EDGE('',*,*,#677,.T.);
#6806 = ORIENTED_EDGE('',*,*,#753,.T.);
#6807 = ORIENTED_EDGE('',*,*,#834,.T.);
#6808 = ORIENTED_EDGE('',*,*,#922,.T.);
#6809 = ORIENTED_EDGE('',*,*,#998,.T.);
#6810 = ORIENTED_EDGE('',*,*,#1074,.T.);
#6811 = ORIENTED_EDGE('',*,*,#1150,.T.);
#6812 = ORIENTED_EDGE('',*,*,#1226,.T.);
#6813 = ORIENTED_EDGE('',*,*,#1302,.T.);
#6814 = ORIENTED_EDGE('',*,*,#1378,.T.);
#6815 = ORIENTED_EDGE('',*,*,#1454,.T.);
#6816 = ORIENTED_EDGE('',*,*,#1530,.T.);
#6817 = ORIENTED_EDGE('',*,*,#1611,.T.);
#6818 = ORIENTED_EDGE('',*,*,#1699,.T.);
#6819 = ORIENTED_EDGE('',*,*,#1775,.T.);
#6820 = ORIENTED_EDGE('',*,*,#1851,.T.);
#6821 = ORIENTED_EDGE('',*,*,#1927,.T.);
#6822 = ORIENTED_EDGE('',*,*,#2003,.T.);
#6823 = ORIENTED_EDGE('',*,*,#2079,.T.);
#6824 = ORIENTED_EDGE('',*,*,#2155,.T.);
#6825 = ORIENTED_EDGE('',*,*,#2231,.T.);
#6826 = ORIENTED_EDGE('',*,*,#2307,.T.);
#6827 = ORIENTED_EDGE('',*,*,#2383,.T.);
#6828 = ORIENTED_EDGE('',*,*,#2462,.T.);
#6829 = ORIENTED_EDGE('',*,*,#2542,.T.);
#6830 = ORIENTED_EDGE('',*,*,#2622,.T.);
#6831 = ORIENTED_EDGE('',*,*,#2706,.T.);
#6832 = ORIENTED_EDGE('',*,*,#2782,.T.);
#6833 = ORIENTED_EDGE('',*,*,#2858,.T.);
#6834 = ORIENTED_EDGE('',*,*,#2934,.T.);
#6835 = ORIENTED_EDGE('',*,*,#3010,.T.);
#6836 = ORIENTED_EDGE('',*,*,#3086,.T.);
#6837 = ORIENTED_EDGE('',*,*,#3162,.T.);
#6838 = ORIENTED_EDGE('',*,*,#3238,.T.);
#6839 = ORIENTED_EDGE('',*,*,#3314,.T.);
#6840 = ORIENTED_EDGE('',*,*,#3390,.T.);
#6841 = ORIENTED_EDGE('',*,*,#3466,.T.);
#6842 = ORIENTED_EDGE('',*,*,#3542,.T.);
#6843 = ORIENTED_EDGE('',*,*,#3618,.T.);
#6844 = ORIENTED_EDGE('',*,*,#3694,.T.);
#6845 = ORIENTED_EDGE('',*,*,#3770,.T.);
#6846 = ORIENTED_EDGE('',*,*,#3846,.T.);
#6847 = ORIENTED_EDGE('',*,*,#3922,.T.);
#6848 = ORIENTED_EDGE('',*,*,#3998,.T.);
#6849 = ORIENTED_EDGE('',*,*,#4074,.T.);
#6850 = ORIENTED_EDGE('',*,*,#4150,.T.);
#6851 = ORIENTED_EDGE('',*,*,#4258,.T.);
#6852 = ORIENTED_EDGE('',*,*,#4454,.T.);
#6853 = ORIENTED_EDGE('',*,*,#4530,.T.);
#6854 = ORIENTED_EDGE('',*,*,#4606,.T.);
#6855 = ORIENTED_EDGE('',*,*,#4682,.T.);
#6856 = ORIENTED_EDGE('',*,*,#4758,.T.);
#6857 = ORIENTED_EDGE('',*,*,#4834,.T.);
#6858 = ORIENTED_EDGE('',*,*,#4910,.T.);
#6859 = ORIENTED_EDGE('',*,*,#4986,.T.);
#6860 = ORIENTED_EDGE('',*,*,#5062,.T.);
#6861 = ORIENTED_EDGE('',*,*,#5138,.T.);
#6862 = ORIENTED_EDGE('',*,*,#5214,.T.);
#6863 = ORIENTED_EDGE('',*,*,#5290,.T.);
#6864 = ORIENTED_EDGE('',*,*,#5369,.T.);
#6865 = ORIENTED_EDGE('',*,*,#5449,.T.);
#6866 = ORIENTED_EDGE('',*,*,#5525,.T.);
#6867 = ORIENTED_EDGE('',*,*,#5601,.T.);
#6868 = ORIENTED_EDGE('',*,*,#5677,.T.);
#6869 = ORIENTED_EDGE('',*,*,#5753,.T.);
#6870 = ORIENTED_EDGE('',*,*,#5829,.T.);
#6871 = ORIENTED_EDGE('',*,*,#5905,.T.);
#6872 = ORIENTED_EDGE('',*,*,#5981,.T.);
#6873 = ORIENTED_EDGE('',*,*,#6057,.T.);
#6874 = ORIENTED_EDGE('',*,*,#6133,.T.);
#6875 = ORIENTED_EDGE('',*,*,#6209,.T.);
#6876 = ORIENTED_EDGE('',*,*,#6285,.T.);
#6877 = ORIENTED_EDGE('',*,*,#6361,.T.);
#6878 = ORIENTED_EDGE('',*,*,#6437,.T.);
#6879 = ORIENTED_EDGE('',*,*,#6513,.T.);
#6880 = ORIENTED_EDGE('',*,*,#6589,.T.);
#6881 = ORIENTED_EDGE('',*,*,#6660,.T.);
#6882 = ( GEOMETRIC_REPRESENTATION_CONTEXT(3) 
GLOBAL_UNCERTAINTY_ASSIGNED_CONTEXT((#6886)) 
GLOBAL_UNIT_ASSIGNED_CONTEXT((#6883,#6884,#6885)) REPRESENTATION_CONTEXT
('Context #1','3D Context with UNIT and UNCERTAINTY') );
#6883 = ( LENGTH_UNIT() NAMED_UNIT(*) SI_UNIT(.MILLI.,.METRE.) );
#6884 = ( NAMED_UNIT(*) PLANE_ANGLE_UNIT() SI_UNIT($,.RADIAN.) );
#6885 = ( NAMED_UNIT(*) SI_UNIT($,.STERADIAN.) SOLID_ANGLE_UNIT() );
#6886 = UNCERTAINTY_MEASURE_WITH_UNIT(LENGTH_MEASURE(1.E-07),#6883,
  'distance_accuracy_value','confusion accuracy');
#6887 = PRODUCT_RELATED_PRODUCT_CATEGORY('part',$,(#7));
#6888 = SHAPE_DEFINITION_REPRESENTATION(#6889,#6895);
#6889 = PRODUCT_DEFINITION_SHAPE('','',#6890);
#6890 = PRODUCT_DEFINITION('design','',#6891,#6894);
#6891 = PRODUCT_DEFINITION_FORMATION('','',#6892);
#6892 = PRODUCT('cones, O blue','cones, O blue','',(#6893));
#6893 = PRODUCT_CONTEXT('',#2,'mechanical');
#6894 = PRODUCT_DEFINITION_CONTEXT('part definition',#2,'design');
#6895 = SHAPE_REPRESENTATION('',(#11,#6896,#8000),#8444);
#6896 = MANIFOLD_SOLID_BREP('',#6897);
#6897 = CLOSED_SHELL('',(#6898,#7031,#7114,#7197,#7280,#7360,#7436,#7514
    ,#7593,#7676,#7759,#7842,#7917,#7968,#7984));
#6898 = ADVANCED_FACE('',(#6899),#6913,.T.);
#6899 = FACE_BOUND('',#6900,.T.);
#6900 = EDGE_LOOP('',(#6901,#6942,#6972,#7003));
#6901 = ORIENTED_EDGE('',*,*,#6902,.T.);
#6902 = EDGE_CURVE('',#6903,#6905,#6907,.T.);
#6903 = VERTEX_POINT('',#6904);
#6904 = CARTESIAN_POINT('',(49.974224191587,49.938874941251,2.));
#6905 = VERTEX_POINT('',#6906);
#6906 = CARTESIAN_POINT('',(49.974224191587,49.938874941251,3.6));
#6907 = SURFACE_CURVE('',#6908,(#6912,#6927),.PCURVE_S1.);
#6908 = LINE('',#6909,#6910);
#6909 = CARTESIAN_POINT('',(49.974224191587,49.938874941251,2.));
#6910 = VECTOR('',#6911,1.);
#6911 = DIRECTION('',(0.,0.,1.));
#6912 = PCURVE('',#6913,#6921);
#6913 = SURFACE_OF_LINEAR_EXTRUSION('',#6914,#6919);
#6914 = B_SPLINE_CURVE_WITH_KNOTS('',3,(#6915,#6916,#6917,#6918),
  .UNSPECIFIED.,.F.,.F.,(4,4),(0.,1.),.PIECEWISE_BEZIER_KNOTS.);
#6915 = CARTESIAN_POINT('',(49.974224191587,49.938874941251,2.));
#6916 = CARTESIAN_POINT('',(50.003992799774,49.909106333064,2.));
#6917 = CARTESIAN_POINT('',(50.026131511398,49.757124341431,2.));
#6918 = CARTESIAN_POINT('',(50.032222720498,49.638904568984,2.));
#6919 = VECTOR('',#6920,1.);
#6920 = DIRECTION('',(-0.,-0.,-1.));
#6921 = DEFINITIONAL_REPRESENTATION('',(#6922),#6926);
#6922 = LINE('',#6923,#6924);
#6923 = CARTESIAN_POINT('',(0.,0.));
#6924 = VECTOR('',#6925,1.);
#6925 = DIRECTION('',(0.,-1.));
#6926 = ( GEOMETRIC_REPRESENTATION_CONTEXT(2) 
PARAMETRIC_REPRESENTATION_CONTEXT() REPRESENTATION_CONTEXT('2D SPACE',''
  ) );
#6927 = PCURVE('',#6928,#6936);
#6928 = SURFACE_OF_LINEAR_EXTRUSION('',#6929,#6934);
#6929 = B_SPLINE_CURVE_WITH_KNOTS('',3,(#6930,#6931,#6932,#6933),
  .UNSPECIFIED.,.F.,.F.,(4,4),(0.,1.),.PIECEWISE_BEZIER_KNOTS.);
#6930 = CARTESIAN_POINT('',(49.67425381932,49.996873470162,2.));
#6931 = CARTESIAN_POINT('',(49.792473591767,49.990782261062,2.));
#6932 = CARTESIAN_POINT('',(49.9444555834,49.968643549438,2.));
#6933 = CARTESIAN_POINT('',(49.974224191587,49.938874941251,2.));
#6934 = VECTOR('',#6935,1.);
#6935 = DIRECTION('',(-0.,-0.,-1.));
#6936 = DEFINITIONAL_REPRESENTATION('',(#6937),#6941);
#6937 = LINE('',#6938,#6939);
#6938 = CARTESIAN_POINT('',(1.,0.));
#6939 = VECTOR('',#6940,1.);
#6940 = DIRECTION('',(0.,-1.));
#6941 = ( GEOMETRIC_REPRESENTATION_CONTEXT(2) 
PARAMETRIC_REPRESENTATION_CONTEXT() REPRESENTATION_CONTEXT('2D SPACE',''
  ) );
#6942 = ORIENTED_EDGE('',*,*,#6943,.T.);
#6943 = EDGE_CURVE('',#6905,#6944,#6946,.T.);
#6944 = VERTEX_POINT('',#6945);
#6945 = CARTESIAN_POINT('',(50.032222720498,49.638904568984,3.6));
#6946 = SURFACE_CURVE('',#6947,(#6952,#6959),.PCURVE_S1.);
#6947 = B_SPLINE_CURVE_WITH_KNOTS('',3,(#6948,#6949,#6950,#6951),
  .UNSPECIFIED.,.F.,.F.,(4,4),(0.,1.),.PIECEWISE_BEZIER_KNOTS.);
#6948 = CARTESIAN_POINT('',(49.974224191587,49.938874941251,3.6));
#6949 = CARTESIAN_POINT('',(50.003992799774,49.909106333064,3.6));
#6950 = CARTESIAN_POINT('',(50.026131511398,49.757124341431,3.6));
#6951 = CARTESIAN_POINT('',(50.032222720498,49.638904568984,3.6));
#6952 = PCURVE('',#6913,#6953);
#6953 = DEFINITIONAL_REPRESENTATION('',(#6954),#6958);
#6954 = LINE('',#6955,#6956);
#6955 = CARTESIAN_POINT('',(0.,-1.6));
#6956 = VECTOR('',#6957,1.);
#6957 = DIRECTION('',(1.,0.));
#6958 = ( GEOMETRIC_REPRESENTATION_CONTEXT(2) 
PARAMETRIC_REPRESENTATION_CONTEXT() REPRESENTATION_CONTEXT('2D SPACE',''
  ) );
#6959 = PCURVE('',#6960,#6965);
#6960 = PLANE('',#6961);
#6961 = AXIS2_PLACEMENT_3D('',#6962,#6963,#6964);
#6962 = CARTESIAN_POINT('',(34.010306141101,33.974956890765,3.6));
#6963 = DIRECTION('',(0.,0.,1.));
#6964 = DIRECTION('',(1.,0.,-0.));
#6965 = DEFINITIONAL_REPRESENTATION('',(#6966),#6971);
#6966 = B_SPLINE_CURVE_WITH_KNOTS('',3,(#6967,#6968,#6969,#6970),
  .UNSPECIFIED.,.F.,.F.,(4,4),(0.,1.),.PIECEWISE_BEZIER_KNOTS.);
#6967 = CARTESIAN_POINT('',(15.963918050486,15.963918050486));
#6968 = CARTESIAN_POINT('',(15.993686658673,15.934149442298));
#6969 = CARTESIAN_POINT('',(16.015825370297,15.782167450666));
#6970 = CARTESIAN_POINT('',(16.021916579396,15.663947678219));
#6971 = ( GEOMETRIC_REPRESENTATION_CONTEXT(2) 
PARAMETRIC_REPRESENTATION_CONTEXT() REPRESENTATION_CONTEXT('2D SPACE',''
  ) );
#6972 = ORIENTED_EDGE('',*,*,#6973,.F.);
#6973 = EDGE_CURVE('',#6974,#6944,#6976,.T.);
#6974 = VERTEX_POINT('',#6975);
#6975 = CARTESIAN_POINT('',(50.032222720498,49.638904568984,2.));
#6976 = SURFACE_CURVE('',#6977,(#6981,#6988),.PCURVE_S1.);
#6977 = LINE('',#6978,#6979);
#6978 = CARTESIAN_POINT('',(50.032222720498,49.638904568984,2.));
#6979 = VECTOR('',#6980,1.);
#6980 = DIRECTION('',(0.,0.,1.));
#6981 = PCURVE('',#6913,#6982);
#6982 = DEFINITIONAL_REPRESENTATION('',(#6983),#6987);
#6983 = LINE('',#6984,#6985);
#6984 = CARTESIAN_POINT('',(1.,0.));
#6985 = VECTOR('',#6986,1.);
#6986 = DIRECTION('',(0.,-1.));
#6987 = ( GEOMETRIC_REPRESENTATION_CONTEXT(2) 
PARAMETRIC_REPRESENTATION_CONTEXT() REPRESENTATION_CONTEXT('2D SPACE',''
  ) );
#6988 = PCURVE('',#6989,#6997);
#6989 = SURFACE_OF_LINEAR_EXTRUSION('',#6990,#6995);
#6990 = B_SPLINE_CURVE_WITH_KNOTS('',3,(#6991,#6992,#6993,#6994),
  .UNSPECIFIED.,.F.,.F.,(4,4),(0.,1.),.PIECEWISE_BEZIER_KNOTS.);
#6991 = CARTESIAN_POINT('',(50.032222720498,49.638904568984,2.));
#6992 = CARTESIAN_POINT('',(50.053121718602,49.233291371369,2.));
#6993 = CARTESIAN_POINT('',(49.965758517273,48.673517947022,2.));
#6994 = CARTESIAN_POINT('',(49.874805493739,48.223504813927,2.));
#6995 = VECTOR('',#6996,1.);
#6996 = DIRECTION('',(-0.,-0.,-1.));
#6997 = DEFINITIONAL_REPRESENTATION('',(#6998),#7002);
#6998 = LINE('',#6999,#7000);
#6999 = CARTESIAN_POINT('',(0.,0.));
#7000 = VECTOR('',#7001,1.);
#7001 = DIRECTION('',(0.,-1.));
#7002 = ( GEOMETRIC_REPRESENTATION_CONTEXT(2) 
PARAMETRIC_REPRESENTATION_CONTEXT() REPRESENTATION_CONTEXT('2D SPACE',''
  ) );
#7003 = ORIENTED_EDGE('',*,*,#7004,.F.);
#7004 = EDGE_CURVE('',#6903,#6974,#7005,.T.);
#7005 = SURFACE_CURVE('',#7006,(#7011,#7018),.PCURVE_S1.);
#7006 = B_SPLINE_CURVE_WITH_KNOTS('',3,(#7007,#7008,#7009,#7010),
  .UNSPECIFIED.,.F.,.F.,(4,4),(0.,1.),.PIECEWISE_BEZIER_KNOTS.);
#7007 = CARTESIAN_POINT('',(49.974224191587,49.938874941251,2.));
#7008 = CARTESIAN_POINT('',(50.003992799774,49.909106333064,2.));
#7009 = CARTESIAN_POINT('',(50.026131511398,49.757124341431,2.));
#7010 = CARTESIAN_POINT('',(50.032222720498,49.638904568984,2.));
#7011 = PCURVE('',#6913,#7012);
#7012 = DEFINITIONAL_REPRESENTATION('',(#7013),#7017);
#7013 = LINE('',#7014,#7015);
#7014 = CARTESIAN_POINT('',(0.,0.));
#7015 = VECTOR('',#7016,1.);
#7016 = DIRECTION('',(1.,0.));
#7017 = ( GEOMETRIC_REPRESENTATION_CONTEXT(2) 
PARAMETRIC_REPRESENTATION_CONTEXT() REPRESENTATION_CONTEXT('2D SPACE',''
  ) );
#7018 = PCURVE('',#7019,#7024);
#7019 = PLANE('',#7020);
#7020 = AXIS2_PLACEMENT_3D('',#7021,#7022,#7023);
#7021 = CARTESIAN_POINT('',(34.010306141101,33.974956890765,2.));
#7022 = DIRECTION('',(0.,0.,1.));
#7023 = DIRECTION('',(1.,0.,-0.));
#7024 = DEFINITIONAL_REPRESENTATION('',(#7025),#7030);
#7025 = B_SPLINE_CURVE_WITH_KNOTS('',3,(#7026,#7027,#7028,#7029),
  .UNSPECIFIED.,.F.,.F.,(4,4),(0.,1.),.PIECEWISE_BEZIER_KNOTS.);
#7026 = CARTESIAN_POINT('',(15.963918050486,15.963918050486));
#7027 = CARTESIAN_POINT('',(15.993686658673,15.934149442298));
#7028 = CARTESIAN_POINT('',(16.015825370297,15.782167450666));
#7029 = CARTESIAN_POINT('',(16.021916579396,15.663947678219));
#7030 = ( GEOMETRIC_REPRESENTATION_CONTEXT(2) 
PARAMETRIC_REPRESENTATION_CONTEXT() REPRESENTATION_CONTEXT('2D SPACE',''
  ) );
#7031 = ADVANCED_FACE('',(#7032),#6989,.T.);
#7032 = FACE_BOUND('',#7033,.T.);
#7033 = EDGE_LOOP('',(#7034,#7035,#7060,#7091));
#7034 = ORIENTED_EDGE('',*,*,#6973,.T.);
#7035 = ORIENTED_EDGE('',*,*,#7036,.T.);
#7036 = EDGE_CURVE('',#6944,#7037,#7039,.T.);
#7037 = VERTEX_POINT('',#7038);
#7038 = CARTESIAN_POINT('',(49.874805493739,48.223504813927,3.6));
#7039 = SURFACE_CURVE('',#7040,(#7045,#7052),.PCURVE_S1.);
#7040 = B_SPLINE_CURVE_WITH_KNOTS('',3,(#7041,#7042,#7043,#7044),
  .UNSPECIFIED.,.F.,.F.,(4,4),(0.,1.),.PIECEWISE_BEZIER_KNOTS.);
#7041 = CARTESIAN_POINT('',(50.032222720498,49.638904568984,3.6));
#7042 = CARTESIAN_POINT('',(50.053121718602,49.233291371369,3.6));
#7043 = CARTESIAN_POINT('',(49.965758517273,48.673517947022,3.6));
#7044 = CARTESIAN_POINT('',(49.874805493739,48.223504813927,3.6));
#7045 = PCURVE('',#6989,#7046);
#7046 = DEFINITIONAL_REPRESENTATION('',(#7047),#7051);
#7047 = LINE('',#7048,#7049);
#7048 = CARTESIAN_POINT('',(0.,-1.6));
#7049 = VECTOR('',#7050,1.);
#7050 = DIRECTION('',(1.,0.));
#7051 = ( GEOMETRIC_REPRESENTATION_CONTEXT(2) 
PARAMETRIC_REPRESENTATION_CONTEXT() REPRESENTATION_CONTEXT('2D SPACE',''
  ) );
#7052 = PCURVE('',#6960,#7053);
#7053 = DEFINITIONAL_REPRESENTATION('',(#7054),#7059);
#7054 = B_SPLINE_CURVE_WITH_KNOTS('',3,(#7055,#7056,#7057,#7058),
  .UNSPECIFIED.,.F.,.F.,(4,4),(0.,1.),.PIECEWISE_BEZIER_KNOTS.);
#7055 = CARTESIAN_POINT('',(16.021916579396,15.663947678219));
#7056 = CARTESIAN_POINT('',(16.0428155775,15.258334480604));
#7057 = CARTESIAN_POINT('',(15.955452376172,14.698561056257));
#7058 = CARTESIAN_POINT('',(15.864499352637,14.248547923161));
#7059 = ( GEOMETRIC_REPRESENTATION_CONTEXT(2) 
PARAMETRIC_REPRESENTATION_CONTEXT() REPRESENTATION_CONTEXT('2D SPACE',''
  ) );
#7060 = ORIENTED_EDGE('',*,*,#7061,.F.);
#7061 = EDGE_CURVE('',#7062,#7037,#7064,.T.);
#7062 = VERTEX_POINT('',#7063);
#7063 = CARTESIAN_POINT('',(49.874805493739,48.223504813927,2.));
#7064 = SURFACE_CURVE('',#7065,(#7069,#7076),.PCURVE_S1.);
#7065 = LINE('',#7066,#7067);
#7066 = CARTESIAN_POINT('',(49.874805493739,48.223504813927,2.));
#7067 = VECTOR('',#7068,1.);
#7068 = DIRECTION('',(0.,0.,1.));
#7069 = PCURVE('',#6989,#7070);
#7070 = DEFINITIONAL_REPRESENTATION('',(#7071),#7075);
#7071 = LINE('',#7072,#7073);
#7072 = CARTESIAN_POINT('',(1.,0.));
#7073 = VECTOR('',#7074,1.);
#7074 = DIRECTION('',(0.,-1.));
#7075 = ( GEOMETRIC_REPRESENTATION_CONTEXT(2) 
PARAMETRIC_REPRESENTATION_CONTEXT() REPRESENTATION_CONTEXT('2D SPACE',''
  ) );
#7076 = PCURVE('',#7077,#7085);
#7077 = SURFACE_OF_LINEAR_EXTRUSION('',#7078,#7083);
#7078 = B_SPLINE_CURVE_WITH_KNOTS('',3,(#7079,#7080,#7081,#7082),
  .UNSPECIFIED.,.F.,.F.,(4,4),(0.,1.),.PIECEWISE_BEZIER_KNOTS.);
#7079 = CARTESIAN_POINT('',(49.874805493739,48.223504813927,2.));
#7080 = CARTESIAN_POINT('',(49.613627884131,46.931262403209,2.));
#7081 = CARTESIAN_POINT('',(49.13951459079,45.496986318456,2.));
#7082 = CARTESIAN_POINT('',(48.597708783666,44.056235048481,2.));
#7083 = VECTOR('',#7084,1.);
#7084 = DIRECTION('',(-0.,-0.,-1.));
#7085 = DEFINITIONAL_REPRESENTATION('',(#7086),#7090);
#7086 = LINE('',#7087,#7088);
#7087 = CARTESIAN_POINT('',(0.,0.));
#7088 = VECTOR('',#7089,1.);
#7089 = DIRECTION('',(0.,-1.));
#7090 = ( GEOMETRIC_REPRESENTATION_CONTEXT(2) 
PARAMETRIC_REPRESENTATION_CONTEXT() REPRESENTATION_CONTEXT('2D SPACE',''
  ) );
#7091 = ORIENTED_EDGE('',*,*,#7092,.F.);
#7092 = EDGE_CURVE('',#6974,#7062,#7093,.T.);
#7093 = SURFACE_CURVE('',#7094,(#7099,#7106),.PCURVE_S1.);
#7094 = B_SPLINE_CURVE_WITH_KNOTS('',3,(#7095,#7096,#7097,#7098),
  .UNSPECIFIED.,.F.,.F.,(4,4),(0.,1.),.PIECEWISE_BEZIER_KNOTS.);
#7095 = CARTESIAN_POINT('',(50.032222720498,49.638904568984,2.));
#7096 = CARTESIAN_POINT('',(50.053121718602,49.233291371369,2.));
#7097 = CARTESIAN_POINT('',(49.965758517273,48.673517947022,2.));
#7098 = CARTESIAN_POINT('',(49.874805493739,48.223504813927,2.));
#7099 = PCURVE('',#6989,#7100);
#7100 = DEFINITIONAL_REPRESENTATION('',(#7101),#7105);
#7101 = LINE('',#7102,#7103);
#7102 = CARTESIAN_POINT('',(0.,0.));
#7103 = VECTOR('',#7104,1.);
#7104 = DIRECTION('',(1.,0.));
#7105 = ( GEOMETRIC_REPRESENTATION_CONTEXT(2) 
PARAMETRIC_REPRESENTATION_CONTEXT() REPRESENTATION_CONTEXT('2D SPACE',''
  ) );
#7106 = PCURVE('',#7019,#7107);
#7107 = DEFINITIONAL_REPRESENTATION('',(#7108),#7113);
#7108 = B_SPLINE_CURVE_WITH_KNOTS('',3,(#7109,#7110,#7111,#7112),
  .UNSPECIFIED.,.F.,.F.,(4,4),(0.,1.),.PIECEWISE_BEZIER_KNOTS.);
#7109 = CARTESIAN_POINT('',(16.021916579396,15.663947678219));
#7110 = CARTESIAN_POINT('',(16.0428155775,15.258334480604));
#7111 = CARTESIAN_POINT('',(15.955452376172,14.698561056257));
#7112 = CARTESIAN_POINT('',(15.864499352637,14.248547923161));
#7113 = ( GEOMETRIC_REPRESENTATION_CONTEXT(2) 
PARAMETRIC_REPRESENTATION_CONTEXT() REPRESENTATION_CONTEXT('2D SPACE',''
  ) );
#7114 = ADVANCED_FACE('',(#7115),#7077,.T.);
#7115 = FACE_BOUND('',#7116,.T.);
#7116 = EDGE_LOOP('',(#7117,#7118,#7143,#7174));
#7117 = ORIENTED_EDGE('',*,*,#7061,.T.);
#7118 = ORIENTED_EDGE('',*,*,#7119,.T.);
#7119 = EDGE_CURVE('',#7037,#7120,#7122,.T.);
#7120 = VERTEX_POINT('',#7121);
#7121 = CARTESIAN_POINT('',(48.597708783666,44.056235048481,3.6));
#7122 = SURFACE_CURVE('',#7123,(#7128,#7135),.PCURVE_S1.);
#7123 = B_SPLINE_CURVE_WITH_KNOTS('',3,(#7124,#7125,#7126,#7127),
  .UNSPECIFIED.,.F.,.F.,(4,4),(0.,1.),.PIECEWISE_BEZIER_KNOTS.);
#7124 = CARTESIAN_POINT('',(49.874805493739,48.223504813927,3.6));
#7125 = CARTESIAN_POINT('',(49.613627884131,46.931262403209,3.6));
#7126 = CARTESIAN_POINT('',(49.13951459079,45.496986318456,3.6));
#7127 = CARTESIAN_POINT('',(48.597708783666,44.056235048481,3.6));
#7128 = PCURVE('',#7077,#7129);
#7129 = DEFINITIONAL_REPRESENTATION('',(#7130),#7134);
#7130 = LINE('',#7131,#7132);
#7131 = CARTESIAN_POINT('',(0.,-1.6));
#7132 = VECTOR('',#7133,1.);
#7133 = DIRECTION('',(1.,0.));
#7134 = ( GEOMETRIC_REPRESENTATION_CONTEXT(2) 
PARAMETRIC_REPRESENTATION_CONTEXT() REPRESENTATION_CONTEXT('2D SPACE',''
  ) );
#7135 = PCURVE('',#6960,#7136);
#7136 = DEFINITIONAL_REPRESENTATION('',(#7137),#7142);
#7137 = B_SPLINE_CURVE_WITH_KNOTS('',3,(#7138,#7139,#7140,#7141),
  .UNSPECIFIED.,.F.,.F.,(4,4),(0.,1.),.PIECEWISE_BEZIER_KNOTS.);
#7138 = CARTESIAN_POINT('',(15.864499352637,14.248547923161));
#7139 = CARTESIAN_POINT('',(15.60332174303,12.956305512444));
#7140 = CARTESIAN_POINT('',(15.129208449689,11.52202942769));
#7141 = CARTESIAN_POINT('',(14.587402642565,10.081278157716));
#7142 = ( GEOMETRIC_REPRESENTATION_CONTEXT(2) 
PARAMETRIC_REPRESENTATION_CONTEXT() REPRESENTATION_CONTEXT('2D SPACE',''
  ) );
#7143 = ORIENTED_EDGE('',*,*,#7144,.F.);
#7144 = EDGE_CURVE('',#7145,#7120,#7147,.T.);
#7145 = VERTEX_POINT('',#7146);
#7146 = CARTESIAN_POINT('',(48.597708783666,44.056235048481,2.));
#7147 = SURFACE_CURVE('',#7148,(#7152,#7159),.PCURVE_S1.);
#7148 = LINE('',#7149,#7150);
#7149 = CARTESIAN_POINT('',(48.597708783666,44.056235048481,2.));
#7150 = VECTOR('',#7151,1.);
#7151 = DIRECTION('',(0.,0.,1.));
#7152 = PCURVE('',#7077,#7153);
#7153 = DEFINITIONAL_REPRESENTATION('',(#7154),#7158);
#7154 = LINE('',#7155,#7156);
#7155 = CARTESIAN_POINT('',(1.,0.));
#7156 = VECTOR('',#7157,1.);
#7157 = DIRECTION('',(0.,-1.));
#7158 = ( GEOMETRIC_REPRESENTATION_CONTEXT(2) 
PARAMETRIC_REPRESENTATION_CONTEXT() REPRESENTATION_CONTEXT('2D SPACE',''
  ) );
#7159 = PCURVE('',#7160,#7168);
#7160 = SURFACE_OF_LINEAR_EXTRUSION('',#7161,#7166);
#7161 = B_SPLINE_CURVE_WITH_KNOTS('',3,(#7162,#7163,#7164,#7165),
  .UNSPECIFIED.,.F.,.F.,(4,4),(0.,1.),.PIECEWISE_BEZIER_KNOTS.);
#7162 = CARTESIAN_POINT('',(48.597708783666,44.056235048481,2.));
#7163 = CARTESIAN_POINT('',(47.488845304935,41.107583623558,2.));
#7164 = CARTESIAN_POINT('',(45.991883040836,37.905869238427,2.));
#7165 = CARTESIAN_POINT('',(44.214403693589,34.526159145567,2.));
#7166 = VECTOR('',#7167,1.);
#7167 = DIRECTION('',(-0.,-0.,-1.));
#7168 = DEFINITIONAL_REPRESENTATION('',(#7169),#7173);
#7169 = LINE('',#7170,#7171);
#7170 = CARTESIAN_POINT('',(0.,0.));
#7171 = VECTOR('',#7172,1.);
#7172 = DIRECTION('',(0.,-1.));
#7173 = ( GEOMETRIC_REPRESENTATION_CONTEXT(2) 
PARAMETRIC_REPRESENTATION_CONTEXT() REPRESENTATION_CONTEXT('2D SPACE',''
  ) );
#7174 = ORIENTED_EDGE('',*,*,#7175,.F.);
#7175 = EDGE_CURVE('',#7062,#7145,#7176,.T.);
#7176 = SURFACE_CURVE('',#7177,(#7182,#7189),.PCURVE_S1.);
#7177 = B_SPLINE_CURVE_WITH_KNOTS('',3,(#7178,#7179,#7180,#7181),
  .UNSPECIFIED.,.F.,.F.,(4,4),(0.,1.),.PIECEWISE_BEZIER_KNOTS.);
#7178 = CARTESIAN_POINT('',(49.874805493739,48.223504813927,2.));
#7179 = CARTESIAN_POINT('',(49.613627884131,46.931262403209,2.));
#7180 = CARTESIAN_POINT('',(49.13951459079,45.496986318456,2.));
#7181 = CARTESIAN_POINT('',(48.597708783666,44.056235048481,2.));
#7182 = PCURVE('',#7077,#7183);
#7183 = DEFINITIONAL_REPRESENTATION('',(#7184),#7188);
#7184 = LINE('',#7185,#7186);
#7185 = CARTESIAN_POINT('',(0.,0.));
#7186 = VECTOR('',#7187,1.);
#7187 = DIRECTION('',(1.,0.));
#7188 = ( GEOMETRIC_REPRESENTATION_CONTEXT(2) 
PARAMETRIC_REPRESENTATION_CONTEXT() REPRESENTATION_CONTEXT('2D SPACE',''
  ) );
#7189 = PCURVE('',#7019,#7190);
#7190 = DEFINITIONAL_REPRESENTATION('',(#7191),#7196);
#7191 = B_SPLINE_CURVE_WITH_KNOTS('',3,(#7192,#7193,#7194,#7195),
  .UNSPECIFIED.,.F.,.F.,(4,4),(0.,1.),.PIECEWISE_BEZIER_KNOTS.);
#7192 = CARTESIAN_POINT('',(15.864499352637,14.248547923161));
#7193 = CARTESIAN_POINT('',(15.60332174303,12.956305512444));
#7194 = CARTESIAN_POINT('',(15.129208449689,11.52202942769));
#7195 = CARTESIAN_POINT('',(14.587402642565,10.081278157716));
#7196 = ( GEOMETRIC_REPRESENTATION_CONTEXT(2) 
PARAMETRIC_REPRESENTATION_CONTEXT() REPRESENTATION_CONTEXT('2D SPACE',''
  ) );
#7197 = ADVANCED_FACE('',(#7198),#7160,.T.);
#7198 = FACE_BOUND('',#7199,.T.);
#7199 = EDGE_LOOP('',(#7200,#7201,#7226,#7257));
#7200 = ORIENTED_EDGE('',*,*,#7144,.T.);
#7201 = ORIENTED_EDGE('',*,*,#7202,.T.);
#7202 = EDGE_CURVE('',#7120,#7203,#7205,.T.);
#7203 = VERTEX_POINT('',#7204);
#7204 = CARTESIAN_POINT('',(44.214403693589,34.526159145567,3.6));
#7205 = SURFACE_CURVE('',#7206,(#7211,#7218),.PCURVE_S1.);
#7206 = B_SPLINE_CURVE_WITH_KNOTS('',3,(#7207,#7208,#7209,#7210),
  .UNSPECIFIED.,.F.,.F.,(4,4),(0.,1.),.PIECEWISE_BEZIER_KNOTS.);
#7207 = CARTESIAN_POINT('',(48.597708783666,44.056235048481,3.6));
#7208 = CARTESIAN_POINT('',(47.488845304935,41.107583623558,3.6));
#7209 = CARTESIAN_POINT('',(45.991883040836,37.905869238427,3.6));
#7210 = CARTESIAN_POINT('',(44.214403693589,34.526159145567,3.6));
#7211 = PCURVE('',#7160,#7212);
#7212 = DEFINITIONAL_REPRESENTATION('',(#7213),#7217);
#7213 = LINE('',#7214,#7215);
#7214 = CARTESIAN_POINT('',(0.,-1.6));
#7215 = VECTOR('',#7216,1.);
#7216 = DIRECTION('',(1.,0.));
#7217 = ( GEOMETRIC_REPRESENTATION_CONTEXT(2) 
PARAMETRIC_REPRESENTATION_CONTEXT() REPRESENTATION_CONTEXT('2D SPACE',''
  ) );
#7218 = PCURVE('',#6960,#7219);
#7219 = DEFINITIONAL_REPRESENTATION('',(#7220),#7225);
#7220 = B_SPLINE_CURVE_WITH_KNOTS('',3,(#7221,#7222,#7223,#7224),
  .UNSPECIFIED.,.F.,.F.,(4,4),(0.,1.),.PIECEWISE_BEZIER_KNOTS.);
#7221 = CARTESIAN_POINT('',(14.587402642565,10.081278157716));
#7222 = CARTESIAN_POINT('',(13.478539163834,7.132626732792));
#7223 = CARTESIAN_POINT('',(11.981576899735,3.930912347662));
#7224 = CARTESIAN_POINT('',(10.204097552488,0.551202254802));
#7225 = ( GEOMETRIC_REPRESENTATION_CONTEXT(2) 
PARAMETRIC_REPRESENTATION_CONTEXT() REPRESENTATION_CONTEXT('2D SPACE',''
  ) );
#7226 = ORIENTED_EDGE('',*,*,#7227,.F.);
#7227 = EDGE_CURVE('',#7228,#7203,#7230,.T.);
#7228 = VERTEX_POINT('',#7229);
#7229 = CARTESIAN_POINT('',(44.214403693589,34.526159145567,2.));
#7230 = SURFACE_CURVE('',#7231,(#7235,#7242),.PCURVE_S1.);
#7231 = LINE('',#7232,#7233);
#7232 = CARTESIAN_POINT('',(44.214403693589,34.526159145567,2.));
#7233 = VECTOR('',#7234,1.);
#7234 = DIRECTION('',(0.,0.,1.));
#7235 = PCURVE('',#7160,#7236);
#7236 = DEFINITIONAL_REPRESENTATION('',(#7237),#7241);
#7237 = LINE('',#7238,#7239);
#7238 = CARTESIAN_POINT('',(1.,0.));
#7239 = VECTOR('',#7240,1.);
#7240 = DIRECTION('',(0.,-1.));
#7241 = ( GEOMETRIC_REPRESENTATION_CONTEXT(2) 
PARAMETRIC_REPRESENTATION_CONTEXT() REPRESENTATION_CONTEXT('2D SPACE',''
  ) );
#7242 = PCURVE('',#7243,#7251);
#7243 = SURFACE_OF_LINEAR_EXTRUSION('',#7244,#7249);
#7244 = B_SPLINE_CURVE_WITH_KNOTS('',3,(#7245,#7246,#7247,#7248),
  .UNSPECIFIED.,.F.,.F.,(4,4),(0.,1.),.PIECEWISE_BEZIER_KNOTS.);
#7245 = CARTESIAN_POINT('',(44.214403693589,34.526159145567,2.));
#7246 = CARTESIAN_POINT('',(40.14825910321,26.794766973609,2.));
#7247 = CARTESIAN_POINT('',(35.137254552871,19.328457955306,2.));
#7248 = CARTESIAN_POINT('',(31.490395077322,14.67973044226,2.));
#7249 = VECTOR('',#7250,1.);
#7250 = DIRECTION('',(-0.,-0.,-1.));
#7251 = DEFINITIONAL_REPRESENTATION('',(#7252),#7256);
#7252 = LINE('',#7253,#7254);
#7253 = CARTESIAN_POINT('',(0.,0.));
#7254 = VECTOR('',#7255,1.);
#7255 = DIRECTION('',(0.,-1.));
#7256 = ( GEOMETRIC_REPRESENTATION_CONTEXT(2) 
PARAMETRIC_REPRESENTATION_CONTEXT() REPRESENTATION_CONTEXT('2D SPACE',''
  ) );
#7257 = ORIENTED_EDGE('',*,*,#7258,.F.);
#7258 = EDGE_CURVE('',#7145,#7228,#7259,.T.);
#7259 = SURFACE_CURVE('',#7260,(#7265,#7272),.PCURVE_S1.);
#7260 = B_SPLINE_CURVE_WITH_KNOTS('',3,(#7261,#7262,#7263,#7264),
  .UNSPECIFIED.,.F.,.F.,(4,4),(0.,1.),.PIECEWISE_BEZIER_KNOTS.);
#7261 = CARTESIAN_POINT('',(48.597708783666,44.056235048481,2.));
#7262 = CARTESIAN_POINT('',(47.488845304935,41.107583623558,2.));
#7263 = CARTESIAN_POINT('',(45.991883040836,37.905869238427,2.));
#7264 = CARTESIAN_POINT('',(44.214403693589,34.526159145567,2.));
#7265 = PCURVE('',#7160,#7266);
#7266 = DEFINITIONAL_REPRESENTATION('',(#7267),#7271);
#7267 = LINE('',#7268,#7269);
#7268 = CARTESIAN_POINT('',(0.,0.));
#7269 = VECTOR('',#7270,1.);
#7270 = DIRECTION('',(1.,0.));
#7271 = ( GEOMETRIC_REPRESENTATION_CONTEXT(2) 
PARAMETRIC_REPRESENTATION_CONTEXT() REPRESENTATION_CONTEXT('2D SPACE',''
  ) );
#7272 = PCURVE('',#7019,#7273);
#7273 = DEFINITIONAL_REPRESENTATION('',(#7274),#7279);
#7274 = B_SPLINE_CURVE_WITH_KNOTS('',3,(#7275,#7276,#7277,#7278),
  .UNSPECIFIED.,.F.,.F.,(4,4),(0.,1.),.PIECEWISE_BEZIER_KNOTS.);
#7275 = CARTESIAN_POINT('',(14.587402642565,10.081278157716));
#7276 = CARTESIAN_POINT('',(13.478539163834,7.132626732792));
#7277 = CARTESIAN_POINT('',(11.981576899735,3.930912347662));
#7278 = CARTESIAN_POINT('',(10.204097552488,0.551202254802));
#7279 = ( GEOMETRIC_REPRESENTATION_CONTEXT(2) 
PARAMETRIC_REPRESENTATION_CONTEXT() REPRESENTATION_CONTEXT('2D SPACE',''
  ) );
#7280 = ADVANCED_FACE('',(#7281),#7243,.T.);
#7281 = FACE_BOUND('',#7282,.T.);
#7282 = EDGE_LOOP('',(#7283,#7284,#7309,#7337));
#7283 = ORIENTED_EDGE('',*,*,#7227,.T.);
#7284 = ORIENTED_EDGE('',*,*,#7285,.T.);
#7285 = EDGE_CURVE('',#7203,#7286,#7288,.T.);
#7286 = VERTEX_POINT('',#7287);
#7287 = CARTESIAN_POINT('',(31.490395077322,14.67973044226,3.6));
#7288 = SURFACE_CURVE('',#7289,(#7294,#7301),.PCURVE_S1.);
#7289 = B_SPLINE_CURVE_WITH_KNOTS('',3,(#7290,#7291,#7292,#7293),
  .UNSPECIFIED.,.F.,.F.,(4,4),(0.,1.),.PIECEWISE_BEZIER_KNOTS.);
#7290 = CARTESIAN_POINT('',(44.214403693589,34.526159145567,3.6));
#7291 = CARTESIAN_POINT('',(40.14825910321,26.794766973609,3.6));
#7292 = CARTESIAN_POINT('',(35.137254552871,19.328457955306,3.6));
#7293 = CARTESIAN_POINT('',(31.490395077322,14.67973044226,3.6));
#7294 = PCURVE('',#7243,#7295);
#7295 = DEFINITIONAL_REPRESENTATION('',(#7296),#7300);
#7296 = LINE('',#7297,#7298);
#7297 = CARTESIAN_POINT('',(0.,-1.6));
#7298 = VECTOR('',#7299,1.);
#7299 = DIRECTION('',(1.,0.));
#7300 = ( GEOMETRIC_REPRESENTATION_CONTEXT(2) 
PARAMETRIC_REPRESENTATION_CONTEXT() REPRESENTATION_CONTEXT('2D SPACE',''
  ) );
#7301 = PCURVE('',#6960,#7302);
#7302 = DEFINITIONAL_REPRESENTATION('',(#7303),#7308);
#7303 = B_SPLINE_CURVE_WITH_KNOTS('',3,(#7304,#7305,#7306,#7307),
  .UNSPECIFIED.,.F.,.F.,(4,4),(0.,1.),.PIECEWISE_BEZIER_KNOTS.);
#7304 = CARTESIAN_POINT('',(10.204097552488,0.551202254802));
#7305 = CARTESIAN_POINT('',(6.137952962109,-7.180189917157));
#7306 = CARTESIAN_POINT('',(1.12694841177,-14.64649893545));
#7307 = CARTESIAN_POINT('',(-2.519911063779,-19.2952264485));
#7308 = ( GEOMETRIC_REPRESENTATION_CONTEXT(2) 
PARAMETRIC_REPRESENTATION_CONTEXT() REPRESENTATION_CONTEXT('2D SPACE',''
  ) );
#7309 = ORIENTED_EDGE('',*,*,#7310,.F.);
#7310 = EDGE_CURVE('',#7311,#7286,#7313,.T.);
#7311 = VERTEX_POINT('',#7312);
#7312 = CARTESIAN_POINT('',(31.490395077322,14.67973044226,2.));
#7313 = SURFACE_CURVE('',#7314,(#7318,#7325),.PCURVE_S1.);
#7314 = LINE('',#7315,#7316);
#7315 = CARTESIAN_POINT('',(31.490395077322,14.67973044226,2.));
#7316 = VECTOR('',#7317,1.);
#7317 = DIRECTION('',(0.,0.,1.));
#7318 = PCURVE('',#7243,#7319);
#7319 = DEFINITIONAL_REPRESENTATION('',(#7320),#7324);
#7320 = LINE('',#7321,#7322);
#7321 = CARTESIAN_POINT('',(1.,0.));
#7322 = VECTOR('',#7323,1.);
#7323 = DIRECTION('',(0.,-1.));
#7324 = ( GEOMETRIC_REPRESENTATION_CONTEXT(2) 
PARAMETRIC_REPRESENTATION_CONTEXT() REPRESENTATION_CONTEXT('2D SPACE',''
  ) );
#7325 = PCURVE('',#7326,#7331);
#7326 = PLANE('',#7327);
#7327 = AXIS2_PLACEMENT_3D('',#7328,#7329,#7330);
#7328 = CARTESIAN_POINT('',(31.490395077322,14.67973044226,2.));
#7329 = DIRECTION('',(-0.707106781187,-0.707106781187,0.));
#7330 = DIRECTION('',(-0.707106781187,0.707106781187,0.));
#7331 = DEFINITIONAL_REPRESENTATION('',(#7332),#7336);
#7332 = LINE('',#7333,#7334);
#7333 = CARTESIAN_POINT('',(0.,0.));
#7334 = VECTOR('',#7335,1.);
#7335 = DIRECTION('',(0.,-1.));
#7336 = ( GEOMETRIC_REPRESENTATION_CONTEXT(2) 
PARAMETRIC_REPRESENTATION_CONTEXT() REPRESENTATION_CONTEXT('2D SPACE',''
  ) );
#7337 = ORIENTED_EDGE('',*,*,#7338,.F.);
#7338 = EDGE_CURVE('',#7228,#7311,#7339,.T.);
#7339 = SURFACE_CURVE('',#7340,(#7345,#7352),.PCURVE_S1.);
#7340 = B_SPLINE_CURVE_WITH_KNOTS('',3,(#7341,#7342,#7343,#7344),
  .UNSPECIFIED.,.F.,.F.,(4,4),(0.,1.),.PIECEWISE_BEZIER_KNOTS.);
#7341 = CARTESIAN_POINT('',(44.214403693589,34.526159145567,2.));
#7342 = CARTESIAN_POINT('',(40.14825910321,26.794766973609,2.));
#7343 = CARTESIAN_POINT('',(35.137254552871,19.328457955306,2.));
#7344 = CARTESIAN_POINT('',(31.490395077322,14.67973044226,2.));
#7345 = PCURVE('',#7243,#7346);
#7346 = DEFINITIONAL_REPRESENTATION('',(#7347),#7351);
#7347 = LINE('',#7348,#7349);
#7348 = CARTESIAN_POINT('',(0.,0.));
#7349 = VECTOR('',#7350,1.);
#7350 = DIRECTION('',(1.,0.));
#7351 = ( GEOMETRIC_REPRESENTATION_CONTEXT(2) 
PARAMETRIC_REPRESENTATION_CONTEXT() REPRESENTATION_CONTEXT('2D SPACE',''
  ) );
#7352 = PCURVE('',#7019,#7353);
#7353 = DEFINITIONAL_REPRESENTATION('',(#7354),#7359);
#7354 = B_SPLINE_CURVE_WITH_KNOTS('',3,(#7355,#7356,#7357,#7358),
  .UNSPECIFIED.,.F.,.F.,(4,4),(0.,1.),.PIECEWISE_BEZIER_KNOTS.);
#7355 = CARTESIAN_POINT('',(10.204097552488,0.551202254802));
#7356 = CARTESIAN_POINT('',(6.137952962109,-7.180189917157));
#7357 = CARTESIAN_POINT('',(1.12694841177,-14.64649893545));
#7358 = CARTESIAN_POINT('',(-2.519911063779,-19.2952264485));
#7359 = ( GEOMETRIC_REPRESENTATION_CONTEXT(2) 
PARAMETRIC_REPRESENTATION_CONTEXT() REPRESENTATION_CONTEXT('2D SPACE',''
  ) );
#7360 = ADVANCED_FACE('',(#7361),#7326,.T.);
#7361 = FACE_BOUND('',#7362,.T.);
#7362 = EDGE_LOOP('',(#7363,#7364,#7387,#7415));
#7363 = ORIENTED_EDGE('',*,*,#7310,.T.);
#7364 = ORIENTED_EDGE('',*,*,#7365,.T.);
#7365 = EDGE_CURVE('',#7286,#7366,#7368,.T.);
#7366 = VERTEX_POINT('',#7367);
#7367 = CARTESIAN_POINT('',(31.0583024999,15.111823019682,3.6));
#7368 = SURFACE_CURVE('',#7369,(#7373,#7380),.PCURVE_S1.);
#7369 = LINE('',#7370,#7371);
#7370 = CARTESIAN_POINT('',(31.490395077322,14.67973044226,3.6));
#7371 = VECTOR('',#7372,1.);
#7372 = DIRECTION('',(-0.707106781187,0.707106781187,0.));
#7373 = PCURVE('',#7326,#7374);
#7374 = DEFINITIONAL_REPRESENTATION('',(#7375),#7379);
#7375 = LINE('',#7376,#7377);
#7376 = CARTESIAN_POINT('',(0.,-1.6));
#7377 = VECTOR('',#7378,1.);
#7378 = DIRECTION('',(1.,0.));
#7379 = ( GEOMETRIC_REPRESENTATION_CONTEXT(2) 
PARAMETRIC_REPRESENTATION_CONTEXT() REPRESENTATION_CONTEXT('2D SPACE',''
  ) );
#7380 = PCURVE('',#6960,#7381);
#7381 = DEFINITIONAL_REPRESENTATION('',(#7382),#7386);
#7382 = LINE('',#7383,#7384);
#7383 = CARTESIAN_POINT('',(-2.519911063779,-19.2952264485));
#7384 = VECTOR('',#7385,1.);
#7385 = DIRECTION('',(-0.707106781187,0.707106781187));
#7386 = ( GEOMETRIC_REPRESENTATION_CONTEXT(2) 
PARAMETRIC_REPRESENTATION_CONTEXT() REPRESENTATION_CONTEXT('2D SPACE',''
  ) );
#7387 = ORIENTED_EDGE('',*,*,#7388,.F.);
#7388 = EDGE_CURVE('',#7389,#7366,#7391,.T.);
#7389 = VERTEX_POINT('',#7390);
#7390 = CARTESIAN_POINT('',(31.0583024999,15.111823019682,2.));
#7391 = SURFACE_CURVE('',#7392,(#7396,#7403),.PCURVE_S1.);
#7392 = LINE('',#7393,#7394);
#7393 = CARTESIAN_POINT('',(31.0583024999,15.111823019682,2.));
#7394 = VECTOR('',#7395,1.);
#7395 = DIRECTION('',(0.,0.,1.));
#7396 = PCURVE('',#7326,#7397);
#7397 = DEFINITIONAL_REPRESENTATION('',(#7398),#7402);
#7398 = LINE('',#7399,#7400);
#7399 = CARTESIAN_POINT('',(0.611071183191,0.));
#7400 = VECTOR('',#7401,1.);
#7401 = DIRECTION('',(0.,-1.));
#7402 = ( GEOMETRIC_REPRESENTATION_CONTEXT(2) 
PARAMETRIC_REPRESENTATION_CONTEXT() REPRESENTATION_CONTEXT('2D SPACE',''
  ) );
#7403 = PCURVE('',#7404,#7409);
#7404 = CYLINDRICAL_SURFACE('',#7405,12.221423663821);
#7405 = AXIS2_PLACEMENT_3D('',#7406,#7407,#7408);
#7406 = CARTESIAN_POINT('',(19.727743772041,19.692394521705,2.));
#7407 = DIRECTION('',(-0.,-0.,-1.));
#7408 = DIRECTION('',(0.927106288067,-0.374798520043,0.));
#7409 = DEFINITIONAL_REPRESENTATION('',(#7410),#7414);
#7410 = LINE('',#7411,#7412);
#7411 = CARTESIAN_POINT('',(-0.,0.));
#7412 = VECTOR('',#7413,1.);
#7413 = DIRECTION('',(-0.,-1.));
#7414 = ( GEOMETRIC_REPRESENTATION_CONTEXT(2) 
PARAMETRIC_REPRESENTATION_CONTEXT() REPRESENTATION_CONTEXT('2D SPACE',''
  ) );
#7415 = ORIENTED_EDGE('',*,*,#7416,.F.);
#7416 = EDGE_CURVE('',#7311,#7389,#7417,.T.);
#7417 = SURFACE_CURVE('',#7418,(#7422,#7429),.PCURVE_S1.);
#7418 = LINE('',#7419,#7420);
#7419 = CARTESIAN_POINT('',(31.490395077322,14.67973044226,2.));
#7420 = VECTOR('',#7421,1.);
#7421 = DIRECTION('',(-0.707106781187,0.707106781187,0.));
#7422 = PCURVE('',#7326,#7423);
#7423 = DEFINITIONAL_REPRESENTATION('',(#7424),#7428);
#7424 = LINE('',#7425,#7426);
#7425 = CARTESIAN_POINT('',(0.,0.));
#7426 = VECTOR('',#7427,1.);
#7427 = DIRECTION('',(1.,0.));
#7428 = ( GEOMETRIC_REPRESENTATION_CONTEXT(2) 
PARAMETRIC_REPRESENTATION_CONTEXT() REPRESENTATION_CONTEXT('2D SPACE',''
  ) );
#7429 = PCURVE('',#7019,#7430);
#7430 = DEFINITIONAL_REPRESENTATION('',(#7431),#7435);
#7431 = LINE('',#7432,#7433);
#7432 = CARTESIAN_POINT('',(-2.519911063779,-19.2952264485));
#7433 = VECTOR('',#7434,1.);
#7434 = DIRECTION('',(-0.707106781187,0.707106781187));
#7435 = ( GEOMETRIC_REPRESENTATION_CONTEXT(2) 
PARAMETRIC_REPRESENTATION_CONTEXT() REPRESENTATION_CONTEXT('2D SPACE',''
  ) );
#7436 = ADVANCED_FACE('',(#7437),#7404,.F.);
#7437 = FACE_BOUND('',#7438,.T.);
#7438 = EDGE_LOOP('',(#7439,#7440,#7464,#7492));
#7439 = ORIENTED_EDGE('',*,*,#7388,.T.);
#7440 = ORIENTED_EDGE('',*,*,#7441,.T.);
#7441 = EDGE_CURVE('',#7366,#7442,#7444,.T.);
#7442 = VERTEX_POINT('',#7443);
#7443 = CARTESIAN_POINT('',(15.147172270018,31.022953249564,3.6));
#7444 = SURFACE_CURVE('',#7445,(#7450,#7457),.PCURVE_S1.);
#7445 = CIRCLE('',#7446,12.221423663821);
#7446 = AXIS2_PLACEMENT_3D('',#7447,#7448,#7449);
#7447 = CARTESIAN_POINT('',(19.727743772041,19.692394521705,3.6));
#7448 = DIRECTION('',(0.,0.,1.));
#7449 = DIRECTION('',(0.927106288067,-0.374798520043,0.));
#7450 = PCURVE('',#7404,#7451);
#7451 = DEFINITIONAL_REPRESENTATION('',(#7452),#7456);
#7452 = LINE('',#7453,#7454);
#7453 = CARTESIAN_POINT('',(-0.,-1.6));
#7454 = VECTOR('',#7455,1.);
#7455 = DIRECTION('',(-1.,0.));
#7456 = ( GEOMETRIC_REPRESENTATION_CONTEXT(2) 
PARAMETRIC_REPRESENTATION_CONTEXT() REPRESENTATION_CONTEXT('2D SPACE',''
  ) );
#7457 = PCURVE('',#6960,#7458);
#7458 = DEFINITIONAL_REPRESENTATION('',(#7459),#7463);
#7459 = CIRCLE('',#7460,12.221423663821);
#7460 = AXIS2_PLACEMENT_2D('',#7461,#7462);
#7461 = CARTESIAN_POINT('',(-14.28256236906,-14.28256236906));
#7462 = DIRECTION('',(0.927106288067,-0.374798520043));
#7463 = ( GEOMETRIC_REPRESENTATION_CONTEXT(2) 
PARAMETRIC_REPRESENTATION_CONTEXT() REPRESENTATION_CONTEXT('2D SPACE',''
  ) );
#7464 = ORIENTED_EDGE('',*,*,#7465,.F.);
#7465 = EDGE_CURVE('',#7466,#7442,#7468,.T.);
#7466 = VERTEX_POINT('',#7467);
#7467 = CARTESIAN_POINT('',(15.147172270018,31.022953249564,2.));
#7468 = SURFACE_CURVE('',#7469,(#7473,#7480),.PCURVE_S1.);
#7469 = LINE('',#7470,#7471);
#7470 = CARTESIAN_POINT('',(15.147172270018,31.022953249564,2.));
#7471 = VECTOR('',#7472,1.);
#7472 = DIRECTION('',(0.,0.,1.));
#7473 = PCURVE('',#7404,#7474);
#7474 = DEFINITIONAL_REPRESENTATION('',(#7475),#7479);
#7475 = LINE('',#7476,#7477);
#7476 = CARTESIAN_POINT('',(-2.33915521406,0.));
#7477 = VECTOR('',#7478,1.);
#7478 = DIRECTION('',(-0.,-1.));
#7479 = ( GEOMETRIC_REPRESENTATION_CONTEXT(2) 
PARAMETRIC_REPRESENTATION_CONTEXT() REPRESENTATION_CONTEXT('2D SPACE',''
  ) );
#7480 = PCURVE('',#7481,#7486);
#7481 = PLANE('',#7482);
#7482 = AXIS2_PLACEMENT_3D('',#7483,#7484,#7485);
#7483 = CARTESIAN_POINT('',(15.147172270018,31.022953249564,2.));
#7484 = DIRECTION('',(-0.707106781187,-0.707106781187,0.));
#7485 = DIRECTION('',(-0.707106781187,0.707106781187,0.));
#7486 = DEFINITIONAL_REPRESENTATION('',(#7487),#7491);
#7487 = LINE('',#7488,#7489);
#7488 = CARTESIAN_POINT('',(0.,0.));
#7489 = VECTOR('',#7490,1.);
#7490 = DIRECTION('',(0.,-1.));
#7491 = ( GEOMETRIC_REPRESENTATION_CONTEXT(2) 
PARAMETRIC_REPRESENTATION_CONTEXT() REPRESENTATION_CONTEXT('2D SPACE',''
  ) );
#7492 = ORIENTED_EDGE('',*,*,#7493,.F.);
#7493 = EDGE_CURVE('',#7389,#7466,#7494,.T.);
#7494 = SURFACE_CURVE('',#7495,(#7500,#7507),.PCURVE_S1.);
#7495 = CIRCLE('',#7496,12.221423663821);
#7496 = AXIS2_PLACEMENT_3D('',#7497,#7498,#7499);
#7497 = CARTESIAN_POINT('',(19.727743772041,19.692394521705,2.));
#7498 = DIRECTION('',(0.,0.,1.));
#7499 = DIRECTION('',(0.927106288067,-0.374798520043,0.));
#7500 = PCURVE('',#7404,#7501);
#7501 = DEFINITIONAL_REPRESENTATION('',(#7502),#7506);
#7502 = LINE('',#7503,#7504);
#7503 = CARTESIAN_POINT('',(-0.,0.));
#7504 = VECTOR('',#7505,1.);
#7505 = DIRECTION('',(-1.,0.));
#7506 = ( GEOMETRIC_REPRESENTATION_CONTEXT(2) 
PARAMETRIC_REPRESENTATION_CONTEXT() REPRESENTATION_CONTEXT('2D SPACE',''
  ) );
#7507 = PCURVE('',#7019,#7508);
#7508 = DEFINITIONAL_REPRESENTATION('',(#7509),#7513);
#7509 = CIRCLE('',#7510,12.221423663821);
#7510 = AXIS2_PLACEMENT_2D('',#7511,#7512);
#7511 = CARTESIAN_POINT('',(-14.28256236906,-14.28256236906));
#7512 = DIRECTION('',(0.927106288067,-0.374798520043));
#7513 = ( GEOMETRIC_REPRESENTATION_CONTEXT(2) 
PARAMETRIC_REPRESENTATION_CONTEXT() REPRESENTATION_CONTEXT('2D SPACE',''
  ) );
#7514 = ADVANCED_FACE('',(#7515),#7481,.T.);
#7515 = FACE_BOUND('',#7516,.T.);
#7516 = EDGE_LOOP('',(#7517,#7518,#7541,#7572));
#7517 = ORIENTED_EDGE('',*,*,#7465,.T.);
#7518 = ORIENTED_EDGE('',*,*,#7519,.T.);
#7519 = EDGE_CURVE('',#7442,#7520,#7522,.T.);
#7520 = VERTEX_POINT('',#7521);
#7521 = CARTESIAN_POINT('',(14.715079692596,31.455045826986,3.6));
#7522 = SURFACE_CURVE('',#7523,(#7527,#7534),.PCURVE_S1.);
#7523 = LINE('',#7524,#7525);
#7524 = CARTESIAN_POINT('',(15.147172270018,31.022953249564,3.6));
#7525 = VECTOR('',#7526,1.);
#7526 = DIRECTION('',(-0.707106781187,0.707106781187,0.));
#7527 = PCURVE('',#7481,#7528);
#7528 = DEFINITIONAL_REPRESENTATION('',(#7529),#7533);
#7529 = LINE('',#7530,#7531);
#7530 = CARTESIAN_POINT('',(0.,-1.6));
#7531 = VECTOR('',#7532,1.);
#7532 = DIRECTION('',(1.,0.));
#7533 = ( GEOMETRIC_REPRESENTATION_CONTEXT(2) 
PARAMETRIC_REPRESENTATION_CONTEXT() REPRESENTATION_CONTEXT('2D SPACE',''
  ) );
#7534 = PCURVE('',#6960,#7535);
#7535 = DEFINITIONAL_REPRESENTATION('',(#7536),#7540);
#7536 = LINE('',#7537,#7538);
#7537 = CARTESIAN_POINT('',(-18.86313387108,-2.952003641201));
#7538 = VECTOR('',#7539,1.);
#7539 = DIRECTION('',(-0.707106781187,0.707106781187));
#7540 = ( GEOMETRIC_REPRESENTATION_CONTEXT(2) 
PARAMETRIC_REPRESENTATION_CONTEXT() REPRESENTATION_CONTEXT('2D SPACE',''
  ) );
#7541 = ORIENTED_EDGE('',*,*,#7542,.F.);
#7542 = EDGE_CURVE('',#7543,#7520,#7545,.T.);
#7543 = VERTEX_POINT('',#7544);
#7544 = CARTESIAN_POINT('',(14.715079692596,31.455045826986,2.));
#7545 = SURFACE_CURVE('',#7546,(#7550,#7557),.PCURVE_S1.);
#7546 = LINE('',#7547,#7548);
#7547 = CARTESIAN_POINT('',(14.715079692596,31.455045826986,2.));
#7548 = VECTOR('',#7549,1.);
#7549 = DIRECTION('',(0.,0.,1.));
#7550 = PCURVE('',#7481,#7551);
#7551 = DEFINITIONAL_REPRESENTATION('',(#7552),#7556);
#7552 = LINE('',#7553,#7554);
#7553 = CARTESIAN_POINT('',(0.611071183191,0.));
#7554 = VECTOR('',#7555,1.);
#7555 = DIRECTION('',(0.,-1.));
#7556 = ( GEOMETRIC_REPRESENTATION_CONTEXT(2) 
PARAMETRIC_REPRESENTATION_CONTEXT() REPRESENTATION_CONTEXT('2D SPACE',''
  ) );
#7557 = PCURVE('',#7558,#7566);
#7558 = SURFACE_OF_LINEAR_EXTRUSION('',#7559,#7564);
#7559 = B_SPLINE_CURVE_WITH_KNOTS('',3,(#7560,#7561,#7562,#7563),
  .UNSPECIFIED.,.F.,.F.,(4,4),(0.,1.),.PIECEWISE_BEZIER_KNOTS.);
#7560 = CARTESIAN_POINT('',(14.715079692596,31.455045826986,2.));
#7561 = CARTESIAN_POINT('',(19.363807205642,35.101905302535,2.));
#7562 = CARTESIAN_POINT('',(26.830116223945,40.112909852874,2.));
#7563 = CARTESIAN_POINT('',(34.561508395903,44.179054443253,2.));
#7564 = VECTOR('',#7565,1.);
#7565 = DIRECTION('',(-0.,-0.,-1.));
#7566 = DEFINITIONAL_REPRESENTATION('',(#7567),#7571);
#7567 = LINE('',#7568,#7569);
#7568 = CARTESIAN_POINT('',(0.,0.));
#7569 = VECTOR('',#7570,1.);
#7570 = DIRECTION('',(0.,-1.));
#7571 = ( GEOMETRIC_REPRESENTATION_CONTEXT(2) 
PARAMETRIC_REPRESENTATION_CONTEXT() REPRESENTATION_CONTEXT('2D SPACE',''
  ) );
#7572 = ORIENTED_EDGE('',*,*,#7573,.F.);
#7573 = EDGE_CURVE('',#7466,#7543,#7574,.T.);
#7574 = SURFACE_CURVE('',#7575,(#7579,#7586),.PCURVE_S1.);
#7575 = LINE('',#7576,#7577);
#7576 = CARTESIAN_POINT('',(15.147172270018,31.022953249564,2.));
#7577 = VECTOR('',#7578,1.);
#7578 = DIRECTION('',(-0.707106781187,0.707106781187,0.));
#7579 = PCURVE('',#7481,#7580);
#7580 = DEFINITIONAL_REPRESENTATION('',(#7581),#7585);
#7581 = LINE('',#7582,#7583);
#7582 = CARTESIAN_POINT('',(0.,0.));
#7583 = VECTOR('',#7584,1.);
#7584 = DIRECTION('',(1.,0.));
#7585 = ( GEOMETRIC_REPRESENTATION_CONTEXT(2) 
PARAMETRIC_REPRESENTATION_CONTEXT() REPRESENTATION_CONTEXT('2D SPACE',''
  ) );
#7586 = PCURVE('',#7019,#7587);
#7587 = DEFINITIONAL_REPRESENTATION('',(#7588),#7592);
#7588 = LINE('',#7589,#7590);
#7589 = CARTESIAN_POINT('',(-18.86313387108,-2.952003641201));
#7590 = VECTOR('',#7591,1.);
#7591 = DIRECTION('',(-0.707106781187,0.707106781187));
#7592 = ( GEOMETRIC_REPRESENTATION_CONTEXT(2) 
PARAMETRIC_REPRESENTATION_CONTEXT() REPRESENTATION_CONTEXT('2D SPACE',''
  ) );
#7593 = ADVANCED_FACE('',(#7594),#7558,.T.);
#7594 = FACE_BOUND('',#7595,.T.);
#7595 = EDGE_LOOP('',(#7596,#7597,#7622,#7653));
#7596 = ORIENTED_EDGE('',*,*,#7542,.T.);
#7597 = ORIENTED_EDGE('',*,*,#7598,.T.);
#7598 = EDGE_CURVE('',#7520,#7599,#7601,.T.);
#7599 = VERTEX_POINT('',#7600);
#7600 = CARTESIAN_POINT('',(34.561508395903,44.179054443253,3.6));
#7601 = SURFACE_CURVE('',#7602,(#7607,#7614),.PCURVE_S1.);
#7602 = B_SPLINE_CURVE_WITH_KNOTS('',3,(#7603,#7604,#7605,#7606),
  .UNSPECIFIED.,.F.,.F.,(4,4),(0.,1.),.PIECEWISE_BEZIER_KNOTS.);
#7603 = CARTESIAN_POINT('',(14.715079692596,31.455045826986,3.6));
#7604 = CARTESIAN_POINT('',(19.363807205642,35.101905302535,3.6));
#7605 = CARTESIAN_POINT('',(26.830116223945,40.112909852874,3.6));
#7606 = CARTESIAN_POINT('',(34.561508395903,44.179054443253,3.6));
#7607 = PCURVE('',#7558,#7608);
#7608 = DEFINITIONAL_REPRESENTATION('',(#7609),#7613);
#7609 = LINE('',#7610,#7611);
#7610 = CARTESIAN_POINT('',(0.,-1.6));
#7611 = VECTOR('',#7612,1.);
#7612 = DIRECTION('',(1.,0.));
#7613 = ( GEOMETRIC_REPRESENTATION_CONTEXT(2) 
PARAMETRIC_REPRESENTATION_CONTEXT() REPRESENTATION_CONTEXT('2D SPACE',''
  ) );
#7614 = PCURVE('',#6960,#7615);
#7615 = DEFINITIONAL_REPRESENTATION('',(#7616),#7621);
#7616 = B_SPLINE_CURVE_WITH_KNOTS('',3,(#7617,#7618,#7619,#7620),
  .UNSPECIFIED.,.F.,.F.,(4,4),(0.,1.),.PIECEWISE_BEZIER_KNOTS.);
#7617 = CARTESIAN_POINT('',(-19.2952264485,-2.519911063779));
#7618 = CARTESIAN_POINT('',(-14.64649893545,1.12694841177));
#7619 = CARTESIAN_POINT('',(-7.180189917157,6.137952962109));
#7620 = CARTESIAN_POINT('',(0.551202254802,10.204097552488));
#7621 = ( GEOMETRIC_REPRESENTATION_CONTEXT(2) 
PARAMETRIC_REPRESENTATION_CONTEXT() REPRESENTATION_CONTEXT('2D SPACE',''
  ) );
#7622 = ORIENTED_EDGE('',*,*,#7623,.F.);
#7623 = EDGE_CURVE('',#7624,#7599,#7626,.T.);
#7624 = VERTEX_POINT('',#7625);
#7625 = CARTESIAN_POINT('',(34.561508395903,44.179054443253,2.));
#7626 = SURFACE_CURVE('',#7627,(#7631,#7638),.PCURVE_S1.);
#7627 = LINE('',#7628,#7629);
#7628 = CARTESIAN_POINT('',(34.561508395903,44.179054443253,2.));
#7629 = VECTOR('',#7630,1.);
#7630 = DIRECTION('',(0.,0.,1.));
#7631 = PCURVE('',#7558,#7632);
#7632 = DEFINITIONAL_REPRESENTATION('',(#7633),#7637);
#7633 = LINE('',#7634,#7635);
#7634 = CARTESIAN_POINT('',(1.,0.));
#7635 = VECTOR('',#7636,1.);
#7636 = DIRECTION('',(0.,-1.));
#7637 = ( GEOMETRIC_REPRESENTATION_CONTEXT(2) 
PARAMETRIC_REPRESENTATION_CONTEXT() REPRESENTATION_CONTEXT('2D SPACE',''
  ) );
#7638 = PCURVE('',#7639,#7647);
#7639 = SURFACE_OF_LINEAR_EXTRUSION('',#7640,#7645);
#7640 = B_SPLINE_CURVE_WITH_KNOTS('',3,(#7641,#7642,#7643,#7644),
  .UNSPECIFIED.,.F.,.F.,(4,4),(0.,1.),.PIECEWISE_BEZIER_KNOTS.);
#7641 = CARTESIAN_POINT('',(34.561508395903,44.179054443253,2.));
#7642 = CARTESIAN_POINT('',(37.941218488763,45.9565337905,2.));
#7643 = CARTESIAN_POINT('',(41.142932873894,47.453496054599,2.));
#7644 = CARTESIAN_POINT('',(44.091584298817,48.56235953333,2.));
#7645 = VECTOR('',#7646,1.);
#7646 = DIRECTION('',(-0.,-0.,-1.));
#7647 = DEFINITIONAL_REPRESENTATION('',(#7648),#7652);
#7648 = LINE('',#7649,#7650);
#7649 = CARTESIAN_POINT('',(0.,0.));
#7650 = VECTOR('',#7651,1.);
#7651 = DIRECTION('',(0.,-1.));
#7652 = ( GEOMETRIC_REPRESENTATION_CONTEXT(2) 
PARAMETRIC_REPRESENTATION_CONTEXT() REPRESENTATION_CONTEXT('2D SPACE',''
  ) );
#7653 = ORIENTED_EDGE('',*,*,#7654,.F.);
#7654 = EDGE_CURVE('',#7543,#7624,#7655,.T.);
#7655 = SURFACE_CURVE('',#7656,(#7661,#7668),.PCURVE_S1.);
#7656 = B_SPLINE_CURVE_WITH_KNOTS('',3,(#7657,#7658,#7659,#7660),
  .UNSPECIFIED.,.F.,.F.,(4,4),(0.,1.),.PIECEWISE_BEZIER_KNOTS.);
#7657 = CARTESIAN_POINT('',(14.715079692596,31.455045826986,2.));
#7658 = CARTESIAN_POINT('',(19.363807205642,35.101905302535,2.));
#7659 = CARTESIAN_POINT('',(26.830116223945,40.112909852874,2.));
#7660 = CARTESIAN_POINT('',(34.561508395903,44.179054443253,2.));
#7661 = PCURVE('',#7558,#7662);
#7662 = DEFINITIONAL_REPRESENTATION('',(#7663),#7667);
#7663 = LINE('',#7664,#7665);
#7664 = CARTESIAN_POINT('',(0.,0.));
#7665 = VECTOR('',#7666,1.);
#7666 = DIRECTION('',(1.,0.));
#7667 = ( GEOMETRIC_REPRESENTATION_CONTEXT(2) 
PARAMETRIC_REPRESENTATION_CONTEXT() REPRESENTATION_CONTEXT('2D SPACE',''
  ) );
#7668 = PCURVE('',#7019,#7669);
#7669 = DEFINITIONAL_REPRESENTATION('',(#7670),#7675);
#7670 = B_SPLINE_CURVE_WITH_KNOTS('',3,(#7671,#7672,#7673,#7674),
  .UNSPECIFIED.,.F.,.F.,(4,4),(0.,1.),.PIECEWISE_BEZIER_KNOTS.);
#7671 = CARTESIAN_POINT('',(-19.2952264485,-2.519911063779));
#7672 = CARTESIAN_POINT('',(-14.64649893545,1.12694841177));
#7673 = CARTESIAN_POINT('',(-7.180189917157,6.137952962109));
#7674 = CARTESIAN_POINT('',(0.551202254802,10.204097552488));
#7675 = ( GEOMETRIC_REPRESENTATION_CONTEXT(2) 
PARAMETRIC_REPRESENTATION_CONTEXT() REPRESENTATION_CONTEXT('2D SPACE',''
  ) );
#7676 = ADVANCED_FACE('',(#7677),#7639,.T.);
#7677 = FACE_BOUND('',#7678,.T.);
#7678 = EDGE_LOOP('',(#7679,#7680,#7705,#7736));
#7679 = ORIENTED_EDGE('',*,*,#7623,.T.);
#7680 = ORIENTED_EDGE('',*,*,#7681,.T.);
#7681 = EDGE_CURVE('',#7599,#7682,#7684,.T.);
#7682 = VERTEX_POINT('',#7683);
#7683 = CARTESIAN_POINT('',(44.091584298817,48.56235953333,3.6));
#7684 = SURFACE_CURVE('',#7685,(#7690,#7697),.PCURVE_S1.);
#7685 = B_SPLINE_CURVE_WITH_KNOTS('',3,(#7686,#7687,#7688,#7689),
  .UNSPECIFIED.,.F.,.F.,(4,4),(0.,1.),.PIECEWISE_BEZIER_KNOTS.);
#7686 = CARTESIAN_POINT('',(34.561508395903,44.179054443253,3.6));
#7687 = CARTESIAN_POINT('',(37.941218488763,45.9565337905,3.6));
#7688 = CARTESIAN_POINT('',(41.142932873894,47.453496054599,3.6));
#7689 = CARTESIAN_POINT('',(44.091584298817,48.56235953333,3.6));
#7690 = PCURVE('',#7639,#7691);
#7691 = DEFINITIONAL_REPRESENTATION('',(#7692),#7696);
#7692 = LINE('',#7693,#7694);
#7693 = CARTESIAN_POINT('',(0.,-1.6));
#7694 = VECTOR('',#7695,1.);
#7695 = DIRECTION('',(1.,0.));
#7696 = ( GEOMETRIC_REPRESENTATION_CONTEXT(2) 
PARAMETRIC_REPRESENTATION_CONTEXT() REPRESENTATION_CONTEXT('2D SPACE',''
  ) );
#7697 = PCURVE('',#6960,#7698);
#7698 = DEFINITIONAL_REPRESENTATION('',(#7699),#7704);
#7699 = B_SPLINE_CURVE_WITH_KNOTS('',3,(#7700,#7701,#7702,#7703),
  .UNSPECIFIED.,.F.,.F.,(4,4),(0.,1.),.PIECEWISE_BEZIER_KNOTS.);
#7700 = CARTESIAN_POINT('',(0.551202254802,10.204097552488));
#7701 = CARTESIAN_POINT('',(3.930912347662,11.981576899735));
#7702 = CARTESIAN_POINT('',(7.132626732792,13.478539163834));
#7703 = CARTESIAN_POINT('',(10.081278157716,14.587402642565));
#7704 = ( GEOMETRIC_REPRESENTATION_CONTEXT(2) 
PARAMETRIC_REPRESENTATION_CONTEXT() REPRESENTATION_CONTEXT('2D SPACE',''
  ) );
#7705 = ORIENTED_EDGE('',*,*,#7706,.F.);
#7706 = EDGE_CURVE('',#7707,#7682,#7709,.T.);
#7707 = VERTEX_POINT('',#7708);
#7708 = CARTESIAN_POINT('',(44.091584298817,48.56235953333,2.));
#7709 = SURFACE_CURVE('',#7710,(#7714,#7721),.PCURVE_S1.);
#7710 = LINE('',#7711,#7712);
#7711 = CARTESIAN_POINT('',(44.091584298817,48.56235953333,2.));
#7712 = VECTOR('',#7713,1.);
#7713 = DIRECTION('',(0.,0.,1.));
#7714 = PCURVE('',#7639,#7715);
#7715 = DEFINITIONAL_REPRESENTATION('',(#7716),#7720);
#7716 = LINE('',#7717,#7718);
#7717 = CARTESIAN_POINT('',(1.,0.));
#7718 = VECTOR('',#7719,1.);
#7719 = DIRECTION('',(0.,-1.));
#7720 = ( GEOMETRIC_REPRESENTATION_CONTEXT(2) 
PARAMETRIC_REPRESENTATION_CONTEXT() REPRESENTATION_CONTEXT('2D SPACE',''
  ) );
#7721 = PCURVE('',#7722,#7730);
#7722 = SURFACE_OF_LINEAR_EXTRUSION('',#7723,#7728);
#7723 = B_SPLINE_CURVE_WITH_KNOTS('',3,(#7724,#7725,#7726,#7727),
  .UNSPECIFIED.,.F.,.F.,(4,4),(0.,1.),.PIECEWISE_BEZIER_KNOTS.);
#7724 = CARTESIAN_POINT('',(44.091584298817,48.56235953333,2.));
#7725 = CARTESIAN_POINT('',(45.532335568792,49.104165340454,2.));
#7726 = CARTESIAN_POINT('',(46.966611653545,49.578278633795,2.));
#7727 = CARTESIAN_POINT('',(48.258854064263,49.839456243403,2.));
#7728 = VECTOR('',#7729,1.);
#7729 = DIRECTION('',(-0.,-0.,-1.));
#7730 = DEFINITIONAL_REPRESENTATION('',(#7731),#7735);
#7731 = LINE('',#7732,#7733);
#7732 = CARTESIAN_POINT('',(0.,0.));
#7733 = VECTOR('',#7734,1.);
#7734 = DIRECTION('',(0.,-1.));
#7735 = ( GEOMETRIC_REPRESENTATION_CONTEXT(2) 
PARAMETRIC_REPRESENTATION_CONTEXT() REPRESENTATION_CONTEXT('2D SPACE',''
  ) );
#7736 = ORIENTED_EDGE('',*,*,#7737,.F.);
#7737 = EDGE_CURVE('',#7624,#7707,#7738,.T.);
#7738 = SURFACE_CURVE('',#7739,(#7744,#7751),.PCURVE_S1.);
#7739 = B_SPLINE_CURVE_WITH_KNOTS('',3,(#7740,#7741,#7742,#7743),
  .UNSPECIFIED.,.F.,.F.,(4,4),(0.,1.),.PIECEWISE_BEZIER_KNOTS.);
#7740 = CARTESIAN_POINT('',(34.561508395903,44.179054443253,2.));
#7741 = CARTESIAN_POINT('',(37.941218488763,45.9565337905,2.));
#7742 = CARTESIAN_POINT('',(41.142932873894,47.453496054599,2.));
#7743 = CARTESIAN_POINT('',(44.091584298817,48.56235953333,2.));
#7744 = PCURVE('',#7639,#7745);
#7745 = DEFINITIONAL_REPRESENTATION('',(#7746),#7750);
#7746 = LINE('',#7747,#7748);
#7747 = CARTESIAN_POINT('',(0.,0.));
#7748 = VECTOR('',#7749,1.);
#7749 = DIRECTION('',(1.,0.));
#7750 = ( GEOMETRIC_REPRESENTATION_CONTEXT(2) 
PARAMETRIC_REPRESENTATION_CONTEXT() REPRESENTATION_CONTEXT('2D SPACE',''
  ) );
#7751 = PCURVE('',#7019,#7752);
#7752 = DEFINITIONAL_REPRESENTATION('',(#7753),#7758);
#7753 = B_SPLINE_CURVE_WITH_KNOTS('',3,(#7754,#7755,#7756,#7757),
  .UNSPECIFIED.,.F.,.F.,(4,4),(0.,1.),.PIECEWISE_BEZIER_KNOTS.);
#7754 = CARTESIAN_POINT('',(0.551202254802,10.204097552488));
#7755 = CARTESIAN_POINT('',(3.930912347662,11.981576899735));
#7756 = CARTESIAN_POINT('',(7.132626732792,13.478539163834));
#7757 = CARTESIAN_POINT('',(10.081278157716,14.587402642565));
#7758 = ( GEOMETRIC_REPRESENTATION_CONTEXT(2) 
PARAMETRIC_REPRESENTATION_CONTEXT() REPRESENTATION_CONTEXT('2D SPACE',''
  ) );
#7759 = ADVANCED_FACE('',(#7760),#7722,.T.);
#7760 = FACE_BOUND('',#7761,.T.);
#7761 = EDGE_LOOP('',(#7762,#7763,#7788,#7819));
#7762 = ORIENTED_EDGE('',*,*,#7706,.T.);
#7763 = ORIENTED_EDGE('',*,*,#7764,.T.);
#7764 = EDGE_CURVE('',#7682,#7765,#7767,.T.);
#7765 = VERTEX_POINT('',#7766);
#7766 = CARTESIAN_POINT('',(48.258854064263,49.839456243403,3.6));
#7767 = SURFACE_CURVE('',#7768,(#7773,#7780),.PCURVE_S1.);
#7768 = B_SPLINE_CURVE_WITH_KNOTS('',3,(#7769,#7770,#7771,#7772),
  .UNSPECIFIED.,.F.,.F.,(4,4),(0.,1.),.PIECEWISE_BEZIER_KNOTS.);
#7769 = CARTESIAN_POINT('',(44.091584298817,48.56235953333,3.6));
#7770 = CARTESIAN_POINT('',(45.532335568792,49.104165340454,3.6));
#7771 = CARTESIAN_POINT('',(46.966611653545,49.578278633795,3.6));
#7772 = CARTESIAN_POINT('',(48.258854064263,49.839456243403,3.6));
#7773 = PCURVE('',#7722,#7774);
#7774 = DEFINITIONAL_REPRESENTATION('',(#7775),#7779);
#7775 = LINE('',#7776,#7777);
#7776 = CARTESIAN_POINT('',(0.,-1.6));
#7777 = VECTOR('',#7778,1.);
#7778 = DIRECTION('',(1.,0.));
#7779 = ( GEOMETRIC_REPRESENTATION_CONTEXT(2) 
PARAMETRIC_REPRESENTATION_CONTEXT() REPRESENTATION_CONTEXT('2D SPACE',''
  ) );
#7780 = PCURVE('',#6960,#7781);
#7781 = DEFINITIONAL_REPRESENTATION('',(#7782),#7787);
#7782 = B_SPLINE_CURVE_WITH_KNOTS('',3,(#7783,#7784,#7785,#7786),
  .UNSPECIFIED.,.F.,.F.,(4,4),(0.,1.),.PIECEWISE_BEZIER_KNOTS.);
#7783 = CARTESIAN_POINT('',(10.081278157716,14.587402642565));
#7784 = CARTESIAN_POINT('',(11.52202942769,15.129208449689));
#7785 = CARTESIAN_POINT('',(12.956305512444,15.60332174303));
#7786 = CARTESIAN_POINT('',(14.248547923161,15.864499352637));
#7787 = ( GEOMETRIC_REPRESENTATION_CONTEXT(2) 
PARAMETRIC_REPRESENTATION_CONTEXT() REPRESENTATION_CONTEXT('2D SPACE',''
  ) );
#7788 = ORIENTED_EDGE('',*,*,#7789,.F.);
#7789 = EDGE_CURVE('',#7790,#7765,#7792,.T.);
#7790 = VERTEX_POINT('',#7791);
#7791 = CARTESIAN_POINT('',(48.258854064263,49.839456243403,2.));
#7792 = SURFACE_CURVE('',#7793,(#7797,#7804),.PCURVE_S1.);
#7793 = LINE('',#7794,#7795);
#7794 = CARTESIAN_POINT('',(48.258854064263,49.839456243403,2.));
#7795 = VECTOR('',#7796,1.);
#7796 = DIRECTION('',(0.,0.,1.));
#7797 = PCURVE('',#7722,#7798);
#7798 = DEFINITIONAL_REPRESENTATION('',(#7799),#7803);
#7799 = LINE('',#7800,#7801);
#7800 = CARTESIAN_POINT('',(1.,0.));
#7801 = VECTOR('',#7802,1.);
#7802 = DIRECTION('',(0.,-1.));
#7803 = ( GEOMETRIC_REPRESENTATION_CONTEXT(2) 
PARAMETRIC_REPRESENTATION_CONTEXT() REPRESENTATION_CONTEXT('2D SPACE',''
  ) );
#7804 = PCURVE('',#7805,#7813);
#7805 = SURFACE_OF_LINEAR_EXTRUSION('',#7806,#7811);
#7806 = B_SPLINE_CURVE_WITH_KNOTS('',3,(#7807,#7808,#7809,#7810),
  .UNSPECIFIED.,.F.,.F.,(4,4),(0.,1.),.PIECEWISE_BEZIER_KNOTS.);
#7807 = CARTESIAN_POINT('',(48.258854064263,49.839456243403,2.));
#7808 = CARTESIAN_POINT('',(48.708867197358,49.930409266937,2.));
#7809 = CARTESIAN_POINT('',(49.268640621705,50.017772468266,2.));
#7810 = CARTESIAN_POINT('',(49.67425381932,49.996873470162,2.));
#7811 = VECTOR('',#7812,1.);
#7812 = DIRECTION('',(-0.,-0.,-1.));
#7813 = DEFINITIONAL_REPRESENTATION('',(#7814),#7818);
#7814 = LINE('',#7815,#7816);
#7815 = CARTESIAN_POINT('',(0.,0.));
#7816 = VECTOR('',#7817,1.);
#7817 = DIRECTION('',(0.,-1.));
#7818 = ( GEOMETRIC_REPRESENTATION_CONTEXT(2) 
PARAMETRIC_REPRESENTATION_CONTEXT() REPRESENTATION_CONTEXT('2D SPACE',''
  ) );
#7819 = ORIENTED_EDGE('',*,*,#7820,.F.);
#7820 = EDGE_CURVE('',#7707,#7790,#7821,.T.);
#7821 = SURFACE_CURVE('',#7822,(#7827,#7834),.PCURVE_S1.);
#7822 = B_SPLINE_CURVE_WITH_KNOTS('',3,(#7823,#7824,#7825,#7826),
  .UNSPECIFIED.,.F.,.F.,(4,4),(0.,1.),.PIECEWISE_BEZIER_KNOTS.);
#7823 = CARTESIAN_POINT('',(44.091584298817,48.56235953333,2.));
#7824 = CARTESIAN_POINT('',(45.532335568792,49.104165340454,2.));
#7825 = CARTESIAN_POINT('',(46.966611653545,49.578278633795,2.));
#7826 = CARTESIAN_POINT('',(48.258854064263,49.839456243403,2.));
#7827 = PCURVE('',#7722,#7828);
#7828 = DEFINITIONAL_REPRESENTATION('',(#7829),#7833);
#7829 = LINE('',#7830,#7831);
#7830 = CARTESIAN_POINT('',(0.,0.));
#7831 = VECTOR('',#7832,1.);
#7832 = DIRECTION('',(1.,0.));
#7833 = ( GEOMETRIC_REPRESENTATION_CONTEXT(2) 
PARAMETRIC_REPRESENTATION_CONTEXT() REPRESENTATION_CONTEXT('2D SPACE',''
  ) );
#7834 = PCURVE('',#7019,#7835);
#7835 = DEFINITIONAL_REPRESENTATION('',(#7836),#7841);
#7836 = B_SPLINE_CURVE_WITH_KNOTS('',3,(#7837,#7838,#7839,#7840),
  .UNSPECIFIED.,.F.,.F.,(4,4),(0.,1.),.PIECEWISE_BEZIER_KNOTS.);
#7837 = CARTESIAN_POINT('',(10.081278157716,14.587402642565));
#7838 = CARTESIAN_POINT('',(11.52202942769,15.129208449689));
#7839 = CARTESIAN_POINT('',(12.956305512444,15.60332174303));
#7840 = CARTESIAN_POINT('',(14.248547923161,15.864499352637));
#7841 = ( GEOMETRIC_REPRESENTATION_CONTEXT(2) 
PARAMETRIC_REPRESENTATION_CONTEXT() REPRESENTATION_CONTEXT('2D SPACE',''
  ) );
#7842 = ADVANCED_FACE('',(#7843),#7805,.T.);
#7843 = FACE_BOUND('',#7844,.T.);
#7844 = EDGE_LOOP('',(#7845,#7846,#7871,#7894));
#7845 = ORIENTED_EDGE('',*,*,#7789,.T.);
#7846 = ORIENTED_EDGE('',*,*,#7847,.T.);
#7847 = EDGE_CURVE('',#7765,#7848,#7850,.T.);
#7848 = VERTEX_POINT('',#7849);
#7849 = CARTESIAN_POINT('',(49.67425381932,49.996873470162,3.6));
#7850 = SURFACE_CURVE('',#7851,(#7856,#7863),.PCURVE_S1.);
#7851 = B_SPLINE_CURVE_WITH_KNOTS('',3,(#7852,#7853,#7854,#7855),
  .UNSPECIFIED.,.F.,.F.,(4,4),(0.,1.),.PIECEWISE_BEZIER_KNOTS.);
#7852 = CARTESIAN_POINT('',(48.258854064263,49.839456243403,3.6));
#7853 = CARTESIAN_POINT('',(48.708867197358,49.930409266937,3.6));
#7854 = CARTESIAN_POINT('',(49.268640621705,50.017772468266,3.6));
#7855 = CARTESIAN_POINT('',(49.67425381932,49.996873470162,3.6));
#7856 = PCURVE('',#7805,#7857);
#7857 = DEFINITIONAL_REPRESENTATION('',(#7858),#7862);
#7858 = LINE('',#7859,#7860);
#7859 = CARTESIAN_POINT('',(0.,-1.6));
#7860 = VECTOR('',#7861,1.);
#7861 = DIRECTION('',(1.,0.));
#7862 = ( GEOMETRIC_REPRESENTATION_CONTEXT(2) 
PARAMETRIC_REPRESENTATION_CONTEXT() REPRESENTATION_CONTEXT('2D SPACE',''
  ) );
#7863 = PCURVE('',#6960,#7864);
#7864 = DEFINITIONAL_REPRESENTATION('',(#7865),#7870);
#7865 = B_SPLINE_CURVE_WITH_KNOTS('',3,(#7866,#7867,#7868,#7869),
  .UNSPECIFIED.,.F.,.F.,(4,4),(0.,1.),.PIECEWISE_BEZIER_KNOTS.);
#7866 = CARTESIAN_POINT('',(14.248547923161,15.864499352637));
#7867 = CARTESIAN_POINT('',(14.698561056257,15.955452376172));
#7868 = CARTESIAN_POINT('',(15.258334480604,16.0428155775));
#7869 = CARTESIAN_POINT('',(15.663947678219,16.021916579396));
#7870 = ( GEOMETRIC_REPRESENTATION_CONTEXT(2) 
PARAMETRIC_REPRESENTATION_CONTEXT() REPRESENTATION_CONTEXT('2D SPACE',''
  ) );
#7871 = ORIENTED_EDGE('',*,*,#7872,.F.);
#7872 = EDGE_CURVE('',#7873,#7848,#7875,.T.);
#7873 = VERTEX_POINT('',#7874);
#7874 = CARTESIAN_POINT('',(49.67425381932,49.996873470162,2.));
#7875 = SURFACE_CURVE('',#7876,(#7880,#7887),.PCURVE_S1.);
#7876 = LINE('',#7877,#7878);
#7877 = CARTESIAN_POINT('',(49.67425381932,49.996873470162,2.));
#7878 = VECTOR('',#7879,1.);
#7879 = DIRECTION('',(0.,0.,1.));
#7880 = PCURVE('',#7805,#7881);
#7881 = DEFINITIONAL_REPRESENTATION('',(#7882),#7886);
#7882 = LINE('',#7883,#7884);
#7883 = CARTESIAN_POINT('',(1.,0.));
#7884 = VECTOR('',#7885,1.);
#7885 = DIRECTION('',(0.,-1.));
#7886 = ( GEOMETRIC_REPRESENTATION_CONTEXT(2) 
PARAMETRIC_REPRESENTATION_CONTEXT() REPRESENTATION_CONTEXT('2D SPACE',''
  ) );
#7887 = PCURVE('',#6928,#7888);
#7888 = DEFINITIONAL_REPRESENTATION('',(#7889),#7893);
#7889 = LINE('',#7890,#7891);
#7890 = CARTESIAN_POINT('',(0.,0.));
#7891 = VECTOR('',#7892,1.);
#7892 = DIRECTION('',(0.,-1.));
#7893 = ( GEOMETRIC_REPRESENTATION_CONTEXT(2) 
PARAMETRIC_REPRESENTATION_CONTEXT() REPRESENTATION_CONTEXT('2D SPACE',''
  ) );
#7894 = ORIENTED_EDGE('',*,*,#7895,.F.);
#7895 = EDGE_CURVE('',#7790,#7873,#7896,.T.);
#7896 = SURFACE_CURVE('',#7897,(#7902,#7909),.PCURVE_S1.);
#7897 = B_SPLINE_CURVE_WITH_KNOTS('',3,(#7898,#7899,#7900,#7901),
  .UNSPECIFIED.,.F.,.F.,(4,4),(0.,1.),.PIECEWISE_BEZIER_KNOTS.);
#7898 = CARTESIAN_POINT('',(48.258854064263,49.839456243403,2.));
#7899 = CARTESIAN_POINT('',(48.708867197358,49.930409266937,2.));
#7900 = CARTESIAN_POINT('',(49.268640621705,50.017772468266,2.));
#7901 = CARTESIAN_POINT('',(49.67425381932,49.996873470162,2.));
#7902 = PCURVE('',#7805,#7903);
#7903 = DEFINITIONAL_REPRESENTATION('',(#7904),#7908);
#7904 = LINE('',#7905,#7906);
#7905 = CARTESIAN_POINT('',(0.,0.));
#7906 = VECTOR('',#7907,1.);
#7907 = DIRECTION('',(1.,0.));
#7908 = ( GEOMETRIC_REPRESENTATION_CONTEXT(2) 
PARAMETRIC_REPRESENTATION_CONTEXT() REPRESENTATION_CONTEXT('2D SPACE',''
  ) );
#7909 = PCURVE('',#7019,#7910);
#7910 = DEFINITIONAL_REPRESENTATION('',(#7911),#7916);
#7911 = B_SPLINE_CURVE_WITH_KNOTS('',3,(#7912,#7913,#7914,#7915),
  .UNSPECIFIED.,.F.,.F.,(4,4),(0.,1.),.PIECEWISE_BEZIER_KNOTS.);
#7912 = CARTESIAN_POINT('',(14.248547923161,15.864499352637));
#7913 = CARTESIAN_POINT('',(14.698561056257,15.955452376172));
#7914 = CARTESIAN_POINT('',(15.258334480604,16.0428155775));
#7915 = CARTESIAN_POINT('',(15.663947678219,16.021916579396));
#7916 = ( GEOMETRIC_REPRESENTATION_CONTEXT(2) 
PARAMETRIC_REPRESENTATION_CONTEXT() REPRESENTATION_CONTEXT('2D SPACE',''
  ) );
#7917 = ADVANCED_FACE('',(#7918),#6928,.T.);
#7918 = FACE_BOUND('',#7919,.T.);
#7919 = EDGE_LOOP('',(#7920,#7921,#7944,#7945));
#7920 = ORIENTED_EDGE('',*,*,#7872,.T.);
#7921 = ORIENTED_EDGE('',*,*,#7922,.T.);
#7922 = EDGE_CURVE('',#7848,#6905,#7923,.T.);
#7923 = SURFACE_CURVE('',#7924,(#7929,#7936),.PCURVE_S1.);
#7924 = B_SPLINE_CURVE_WITH_KNOTS('',3,(#7925,#7926,#7927,#7928),
  .UNSPECIFIED.,.F.,.F.,(4,4),(0.,1.),.PIECEWISE_BEZIER_KNOTS.);
#7925 = CARTESIAN_POINT('',(49.67425381932,49.996873470162,3.6));
#7926 = CARTESIAN_POINT('',(49.792473591767,49.990782261062,3.6));
#7927 = CARTESIAN_POINT('',(49.9444555834,49.968643549438,3.6));
#7928 = CARTESIAN_POINT('',(49.974224191587,49.938874941251,3.6));
#7929 = PCURVE('',#6928,#7930);
#7930 = DEFINITIONAL_REPRESENTATION('',(#7931),#7935);
#7931 = LINE('',#7932,#7933);
#7932 = CARTESIAN_POINT('',(0.,-1.6));
#7933 = VECTOR('',#7934,1.);
#7934 = DIRECTION('',(1.,0.));
#7935 = ( GEOMETRIC_REPRESENTATION_CONTEXT(2) 
PARAMETRIC_REPRESENTATION_CONTEXT() REPRESENTATION_CONTEXT('2D SPACE',''
  ) );
#7936 = PCURVE('',#6960,#7937);
#7937 = DEFINITIONAL_REPRESENTATION('',(#7938),#7943);
#7938 = B_SPLINE_CURVE_WITH_KNOTS('',3,(#7939,#7940,#7941,#7942),
  .UNSPECIFIED.,.F.,.F.,(4,4),(0.,1.),.PIECEWISE_BEZIER_KNOTS.);
#7939 = CARTESIAN_POINT('',(15.663947678219,16.021916579396));
#7940 = CARTESIAN_POINT('',(15.782167450666,16.015825370297));
#7941 = CARTESIAN_POINT('',(15.934149442298,15.993686658673));
#7942 = CARTESIAN_POINT('',(15.963918050486,15.963918050486));
#7943 = ( GEOMETRIC_REPRESENTATION_CONTEXT(2) 
PARAMETRIC_REPRESENTATION_CONTEXT() REPRESENTATION_CONTEXT('2D SPACE',''
  ) );
#7944 = ORIENTED_EDGE('',*,*,#6902,.F.);
#7945 = ORIENTED_EDGE('',*,*,#7946,.F.);
#7946 = EDGE_CURVE('',#7873,#6903,#7947,.T.);
#7947 = SURFACE_CURVE('',#7948,(#7953,#7960),.PCURVE_S1.);
#7948 = B_SPLINE_CURVE_WITH_KNOTS('',3,(#7949,#7950,#7951,#7952),
  .UNSPECIFIED.,.F.,.F.,(4,4),(0.,1.),.PIECEWISE_BEZIER_KNOTS.);
#7949 = CARTESIAN_POINT('',(49.67425381932,49.996873470162,2.));
#7950 = CARTESIAN_POINT('',(49.792473591767,49.990782261062,2.));
#7951 = CARTESIAN_POINT('',(49.9444555834,49.968643549438,2.));
#7952 = CARTESIAN_POINT('',(49.974224191587,49.938874941251,2.));
#7953 = PCURVE('',#6928,#7954);
#7954 = DEFINITIONAL_REPRESENTATION('',(#7955),#7959);
#7955 = LINE('',#7956,#7957);
#7956 = CARTESIAN_POINT('',(0.,0.));
#7957 = VECTOR('',#7958,1.);
#7958 = DIRECTION('',(1.,0.));
#7959 = ( GEOMETRIC_REPRESENTATION_CONTEXT(2) 
PARAMETRIC_REPRESENTATION_CONTEXT() REPRESENTATION_CONTEXT('2D SPACE',''
  ) );
#7960 = PCURVE('',#7019,#7961);
#7961 = DEFINITIONAL_REPRESENTATION('',(#7962),#7967);
#7962 = B_SPLINE_CURVE_WITH_KNOTS('',3,(#7963,#7964,#7965,#7966),
  .UNSPECIFIED.,.F.,.F.,(4,4),(0.,1.),.PIECEWISE_BEZIER_KNOTS.);
#7963 = CARTESIAN_POINT('',(15.663947678219,16.021916579396));
#7964 = CARTESIAN_POINT('',(15.782167450666,16.015825370297));
#7965 = CARTESIAN_POINT('',(15.934149442298,15.993686658673));
#7966 = CARTESIAN_POINT('',(15.963918050486,15.963918050486));
#7967 = ( GEOMETRIC_REPRESENTATION_CONTEXT(2) 
PARAMETRIC_REPRESENTATION_CONTEXT() REPRESENTATION_CONTEXT('2D SPACE',''
  ) );
#7968 = ADVANCED_FACE('',(#7969),#7019,.F.);
#7969 = FACE_BOUND('',#7970,.T.);
#7970 = EDGE_LOOP('',(#7971,#7972,#7973,#7974,#7975,#7976,#7977,#7978,
    #7979,#7980,#7981,#7982,#7983));
#7971 = ORIENTED_EDGE('',*,*,#7004,.T.);
#7972 = ORIENTED_EDGE('',*,*,#7092,.T.);
#7973 = ORIENTED_EDGE('',*,*,#7175,.T.);
#7974 = ORIENTED_EDGE('',*,*,#7258,.T.);
#7975 = ORIENTED_EDGE('',*,*,#7338,.T.);
#7976 = ORIENTED_EDGE('',*,*,#7416,.T.);
#7977 = ORIENTED_EDGE('',*,*,#7493,.T.);
#7978 = ORIENTED_EDGE('',*,*,#7573,.T.);
#7979 = ORIENTED_EDGE('',*,*,#7654,.T.);
#7980 = ORIENTED_EDGE('',*,*,#7737,.T.);
#7981 = ORIENTED_EDGE('',*,*,#7820,.T.);
#7982 = ORIENTED_EDGE('',*,*,#7895,.T.);
#7983 = ORIENTED_EDGE('',*,*,#7946,.T.);
#7984 = ADVANCED_FACE('',(#7985),#6960,.T.);
#7985 = FACE_BOUND('',#7986,.F.);
#7986 = EDGE_LOOP('',(#7987,#7988,#7989,#7990,#7991,#7992,#7993,#7994,
    #7995,#7996,#7997,#7998,#7999));
#7987 = ORIENTED_EDGE('',*,*,#6943,.T.);
#7988 = ORIENTED_EDGE('',*,*,#7036,.T.);
#7989 = ORIENTED_EDGE('',*,*,#7119,.T.);
#7990 = ORIENTED_EDGE('',*,*,#7202,.T.);
#7991 = ORIENTED_EDGE('',*,*,#7285,.T.);
#7992 = ORIENTED_EDGE('',*,*,#7365,.T.);
#7993 = ORIENTED_EDGE('',*,*,#7441,.T.);
#7994 = ORIENTED_EDGE('',*,*,#7519,.T.);
#7995 = ORIENTED_EDGE('',*,*,#7598,.T.);
#7996 = ORIENTED_EDGE('',*,*,#7681,.T.);
#7997 = ORIENTED_EDGE('',*,*,#7764,.T.);
#7998 = ORIENTED_EDGE('',*,*,#7847,.T.);
#7999 = ORIENTED_EDGE('',*,*,#7922,.T.);
#8000 = MANIFOLD_SOLID_BREP('',#8001);
#8001 = CLOSED_SHELL('',(#8002,#8138,#8224,#8300,#8381,#8428,#8436));
#8002 = ADVANCED_FACE('',(#8003),#8017,.F.);
#8003 = FACE_BOUND('',#8004,.F.);
#8004 = EDGE_LOOP('',(#8005,#8046,#8079,#8107));
#8005 = ORIENTED_EDGE('',*,*,#8006,.T.);
#8006 = EDGE_CURVE('',#8007,#8009,#8011,.T.);
#8007 = VERTEX_POINT('',#8008);
#8008 = CARTESIAN_POINT('',(36.1084581947,10.159848559289,2.));
#8009 = VERTEX_POINT('',#8010);
#8010 = CARTESIAN_POINT('',(36.1084581947,10.159848559289,3.6));
#8011 = SURFACE_CURVE('',#8012,(#8016,#8031),.PCURVE_S1.);
#8012 = LINE('',#8013,#8014);
#8013 = CARTESIAN_POINT('',(36.1084581947,10.159848559289,2.));
#8014 = VECTOR('',#8015,1.);
#8015 = DIRECTION('',(0.,0.,1.));
#8016 = PCURVE('',#8017,#8025);
#8017 = SURFACE_OF_LINEAR_EXTRUSION('',#8018,#8023);
#8018 = ELLIPSE('',#8019,12.832494847012,3.666427099146);
#8019 = AXIS2_PLACEMENT_3D('',#8020,#8021,#8022);
#8020 = CARTESIAN_POINT('',(27.034514068836,1.085904433425,2.));
#8021 = DIRECTION('',(0.,0.,1.));
#8022 = DIRECTION('',(-0.707106781187,-0.707106781187,0.));
#8023 = VECTOR('',#8024,1.);
#8024 = DIRECTION('',(-0.,-0.,-1.));
#8025 = DEFINITIONAL_REPRESENTATION('',(#8026),#8030);
#8026 = LINE('',#8027,#8028);
#8027 = CARTESIAN_POINT('',(3.14159265359,0.));
#8028 = VECTOR('',#8029,1.);
#8029 = DIRECTION('',(0.,-1.));
#8030 = ( GEOMETRIC_REPRESENTATION_CONTEXT(2) 
PARAMETRIC_REPRESENTATION_CONTEXT() REPRESENTATION_CONTEXT('2D SPACE',''
  ) );
#8031 = PCURVE('',#8032,#8040);
#8032 = SURFACE_OF_LINEAR_EXTRUSION('',#8033,#8038);
#8033 = ELLIPSE('',#8034,12.832494847012,3.666427099146);
#8034 = AXIS2_PLACEMENT_3D('',#8035,#8036,#8037);
#8035 = CARTESIAN_POINT('',(27.034514068836,1.085904433425,2.));
#8036 = DIRECTION('',(0.,0.,1.));
#8037 = DIRECTION('',(-0.707106781187,-0.707106781187,0.));
#8038 = VECTOR('',#8039,1.);
#8039 = DIRECTION('',(-0.,-0.,-1.));
#8040 = DEFINITIONAL_REPRESENTATION('',(#8041),#8045);
#8041 = LINE('',#8042,#8043);
#8042 = CARTESIAN_POINT('',(3.14159265359,0.));
#8043 = VECTOR('',#8044,1.);
#8044 = DIRECTION('',(0.,-1.));
#8045 = ( GEOMETRIC_REPRESENTATION_CONTEXT(2) 
PARAMETRIC_REPRESENTATION_CONTEXT() REPRESENTATION_CONTEXT('2D SPACE',''
  ) );
#8046 = ORIENTED_EDGE('',*,*,#8047,.T.);
#8047 = EDGE_CURVE('',#8009,#8048,#8050,.T.);
#8048 = VERTEX_POINT('',#8049);
#8049 = CARTESIAN_POINT('',(25.948609635411,5.116401952863,3.6));
#8050 = SURFACE_CURVE('',#8051,(#8056,#8063),.PCURVE_S1.);
#8051 = ELLIPSE('',#8052,12.832494847012,3.666427099146);
#8052 = AXIS2_PLACEMENT_3D('',#8053,#8054,#8055);
#8053 = CARTESIAN_POINT('',(27.034514068836,1.085904433425,3.6));
#8054 = DIRECTION('',(0.,0.,1.));
#8055 = DIRECTION('',(-0.707106781187,-0.707106781187,0.));
#8056 = PCURVE('',#8017,#8057);
#8057 = DEFINITIONAL_REPRESENTATION('',(#8058),#8062);
#8058 = LINE('',#8059,#8060);
#8059 = CARTESIAN_POINT('',(0.,-1.6));
#8060 = VECTOR('',#8061,1.);
#8061 = DIRECTION('',(1.,0.));
#8062 = ( GEOMETRIC_REPRESENTATION_CONTEXT(2) 
PARAMETRIC_REPRESENTATION_CONTEXT() REPRESENTATION_CONTEXT('2D SPACE',''
  ) );
#8063 = PCURVE('',#8064,#8069);
#8064 = PLANE('',#8065);
#8065 = AXIS2_PLACEMENT_3D('',#8066,#8067,#8068);
#8066 = CARTESIAN_POINT('',(31.650087107985,5.701477472574,3.6));
#8067 = DIRECTION('',(-0.,-0.,-1.));
#8068 = DIRECTION('',(-1.,0.,0.));
#8069 = DEFINITIONAL_REPRESENTATION('',(#8070),#8078);
#8070 = ( BOUNDED_CURVE() B_SPLINE_CURVE(2,(#8071,#8072,#8073,#8074,
#8075,#8076,#8077),.UNSPECIFIED.,.T.,.F.) B_SPLINE_CURVE_WITH_KNOTS((1,2
    ,2,2,2,1),(-2.094395102393,0.,2.094395102393,4.188790204786,
6.28318530718,8.377580409573),.UNSPECIFIED.) CURVE() 
GEOMETRIC_REPRESENTATION_ITEM() RATIONAL_B_SPLINE_CURVE((1.,0.5,1.,0.5,
1.,0.5,1.)) REPRESENTATION_ITEM('') );
#8071 = CARTESIAN_POINT('',(13.689517165013,-13.68951716501));
#8072 = CARTESIAN_POINT('',(9.199079379002,-18.17995495102));
#8073 = CARTESIAN_POINT('',(-2.166617916788,-2.323819869223));
#8074 = CARTESIAN_POINT('',(-13.53231521257,13.532315212578));
#8075 = CARTESIAN_POINT('',(2.323819869222,2.166617916788));
#8076 = CARTESIAN_POINT('',(18.179954951023,-9.199079379002));
#8077 = CARTESIAN_POINT('',(13.689517165013,-13.68951716501));
#8078 = ( GEOMETRIC_REPRESENTATION_CONTEXT(2) 
PARAMETRIC_REPRESENTATION_CONTEXT() REPRESENTATION_CONTEXT('2D SPACE',''
  ) );
#8079 = ORIENTED_EDGE('',*,*,#8080,.F.);
#8080 = EDGE_CURVE('',#8081,#8048,#8083,.T.);
#8081 = VERTEX_POINT('',#8082);
#8082 = CARTESIAN_POINT('',(25.948609635411,5.116401952863,2.));
#8083 = SURFACE_CURVE('',#8084,(#8088,#8095),.PCURVE_S1.);
#8084 = LINE('',#8085,#8086);
#8085 = CARTESIAN_POINT('',(25.948609635411,5.116401952863,2.));
#8086 = VECTOR('',#8087,1.);
#8087 = DIRECTION('',(0.,0.,1.));
#8088 = PCURVE('',#8017,#8089);
#8089 = DEFINITIONAL_REPRESENTATION('',(#8090),#8094);
#8090 = LINE('',#8091,#8092);
#8091 = CARTESIAN_POINT('',(4.549413054489,0.));
#8092 = VECTOR('',#8093,1.);
#8093 = DIRECTION('',(0.,-1.));
#8094 = ( GEOMETRIC_REPRESENTATION_CONTEXT(2) 
PARAMETRIC_REPRESENTATION_CONTEXT() REPRESENTATION_CONTEXT('2D SPACE',''
  ) );
#8095 = PCURVE('',#8096,#8101);
#8096 = PLANE('',#8097);
#8097 = AXIS2_PLACEMENT_3D('',#8098,#8099,#8100);
#8098 = CARTESIAN_POINT('',(26.372873704123,4.692137884151,2.));
#8099 = DIRECTION('',(-0.707106781187,-0.707106781187,0.));
#8100 = DIRECTION('',(-0.707106781187,0.707106781187,0.));
#8101 = DEFINITIONAL_REPRESENTATION('',(#8102),#8106);
#8102 = LINE('',#8103,#8104);
#8103 = CARTESIAN_POINT('',(0.6,0.));
#8104 = VECTOR('',#8105,1.);
#8105 = DIRECTION('',(0.,-1.));
#8106 = ( GEOMETRIC_REPRESENTATION_CONTEXT(2) 
PARAMETRIC_REPRESENTATION_CONTEXT() REPRESENTATION_CONTEXT('2D SPACE',''
  ) );
#8107 = ORIENTED_EDGE('',*,*,#8108,.F.);
#8108 = EDGE_CURVE('',#8007,#8081,#8109,.T.);
#8109 = SURFACE_CURVE('',#8110,(#8115,#8122),.PCURVE_S1.);
#8110 = ELLIPSE('',#8111,12.832494847012,3.666427099146);
#8111 = AXIS2_PLACEMENT_3D('',#8112,#8113,#8114);
#8112 = CARTESIAN_POINT('',(27.034514068836,1.085904433425,2.));
#8113 = DIRECTION('',(0.,0.,1.));
#8114 = DIRECTION('',(-0.707106781187,-0.707106781187,0.));
#8115 = PCURVE('',#8017,#8116);
#8116 = DEFINITIONAL_REPRESENTATION('',(#8117),#8121);
#8117 = LINE('',#8118,#8119);
#8118 = CARTESIAN_POINT('',(0.,0.));
#8119 = VECTOR('',#8120,1.);
#8120 = DIRECTION('',(1.,0.));
#8121 = ( GEOMETRIC_REPRESENTATION_CONTEXT(2) 
PARAMETRIC_REPRESENTATION_CONTEXT() REPRESENTATION_CONTEXT('2D SPACE',''
  ) );
#8122 = PCURVE('',#8123,#8128);
#8123 = PLANE('',#8124);
#8124 = AXIS2_PLACEMENT_3D('',#8125,#8126,#8127);
#8125 = CARTESIAN_POINT('',(31.650087107985,5.701477472574,2.));
#8126 = DIRECTION('',(-0.,-0.,-1.));
#8127 = DIRECTION('',(-1.,0.,0.));
#8128 = DEFINITIONAL_REPRESENTATION('',(#8129),#8137);
#8129 = ( BOUNDED_CURVE() B_SPLINE_CURVE(2,(#8130,#8131,#8132,#8133,
#8134,#8135,#8136),.UNSPECIFIED.,.T.,.F.) B_SPLINE_CURVE_WITH_KNOTS((1,2
    ,2,2,2,1),(-2.094395102393,0.,2.094395102393,4.188790204786,
6.28318530718,8.377580409573),.UNSPECIFIED.) CURVE() 
GEOMETRIC_REPRESENTATION_ITEM() RATIONAL_B_SPLINE_CURVE((1.,0.5,1.,0.5,
1.,0.5,1.)) REPRESENTATION_ITEM('') );
#8130 = CARTESIAN_POINT('',(13.689517165013,-13.68951716501));
#8131 = CARTESIAN_POINT('',(9.199079379002,-18.17995495102));
#8132 = CARTESIAN_POINT('',(-2.166617916788,-2.323819869223));
#8133 = CARTESIAN_POINT('',(-13.53231521257,13.532315212578));
#8134 = CARTESIAN_POINT('',(2.323819869222,2.166617916788));
#8135 = CARTESIAN_POINT('',(18.179954951023,-9.199079379002));
#8136 = CARTESIAN_POINT('',(13.689517165013,-13.68951716501));
#8137 = ( GEOMETRIC_REPRESENTATION_CONTEXT(2) 
PARAMETRIC_REPRESENTATION_CONTEXT() REPRESENTATION_CONTEXT('2D SPACE',''
  ) );
#8138 = ADVANCED_FACE('',(#8139),#8032,.F.);
#8139 = FACE_BOUND('',#8140,.F.);
#8140 = EDGE_LOOP('',(#8141,#8171,#8197,#8198));
#8141 = ORIENTED_EDGE('',*,*,#8142,.T.);
#8142 = EDGE_CURVE('',#8143,#8145,#8147,.T.);
#8143 = VERTEX_POINT('',#8144);
#8144 = CARTESIAN_POINT('',(31.065011588275,-8.881784197001E-16,2.));
#8145 = VERTEX_POINT('',#8146);
#8146 = CARTESIAN_POINT('',(31.065011588275,-8.881784197001E-16,3.6));
#8147 = SURFACE_CURVE('',#8148,(#8152,#8159),.PCURVE_S1.);
#8148 = LINE('',#8149,#8150);
#8149 = CARTESIAN_POINT('',(31.065011588275,-8.881784197001E-16,2.));
#8150 = VECTOR('',#8151,1.);
#8151 = DIRECTION('',(0.,0.,1.));
#8152 = PCURVE('',#8032,#8153);
#8153 = DEFINITIONAL_REPRESENTATION('',(#8154),#8158);
#8154 = LINE('',#8155,#8156);
#8155 = CARTESIAN_POINT('',(1.733772252691,0.));
#8156 = VECTOR('',#8157,1.);
#8157 = DIRECTION('',(0.,-1.));
#8158 = ( GEOMETRIC_REPRESENTATION_CONTEXT(2) 
PARAMETRIC_REPRESENTATION_CONTEXT() REPRESENTATION_CONTEXT('2D SPACE',''
  ) );
#8159 = PCURVE('',#8160,#8165);
#8160 = PLANE('',#8161);
#8161 = AXIS2_PLACEMENT_3D('',#8162,#8163,#8164);
#8162 = CARTESIAN_POINT('',(31.065011588275,0.,2.));
#8163 = DIRECTION('',(-0.707106781187,-0.707106781187,0.));
#8164 = DIRECTION('',(-0.707106781187,0.707106781187,0.));
#8165 = DEFINITIONAL_REPRESENTATION('',(#8166),#8170);
#8166 = LINE('',#8167,#8168);
#8167 = CARTESIAN_POINT('',(-3.140184917368E-16,-0.));
#8168 = VECTOR('',#8169,1.);
#8169 = DIRECTION('',(0.,-1.));
#8170 = ( GEOMETRIC_REPRESENTATION_CONTEXT(2) 
PARAMETRIC_REPRESENTATION_CONTEXT() REPRESENTATION_CONTEXT('2D SPACE',''
  ) );
#8171 = ORIENTED_EDGE('',*,*,#8172,.T.);
#8172 = EDGE_CURVE('',#8145,#8009,#8173,.T.);
#8173 = SURFACE_CURVE('',#8174,(#8179,#8186),.PCURVE_S1.);
#8174 = ELLIPSE('',#8175,12.832494847012,3.666427099146);
#8175 = AXIS2_PLACEMENT_3D('',#8176,#8177,#8178);
#8176 = CARTESIAN_POINT('',(27.034514068836,1.085904433425,3.6));
#8177 = DIRECTION('',(0.,0.,1.));
#8178 = DIRECTION('',(-0.707106781187,-0.707106781187,0.));
#8179 = PCURVE('',#8032,#8180);
#8180 = DEFINITIONAL_REPRESENTATION('',(#8181),#8185);
#8181 = LINE('',#8182,#8183);
#8182 = CARTESIAN_POINT('',(0.,-1.6));
#8183 = VECTOR('',#8184,1.);
#8184 = DIRECTION('',(1.,0.));
#8185 = ( GEOMETRIC_REPRESENTATION_CONTEXT(2) 
PARAMETRIC_REPRESENTATION_CONTEXT() REPRESENTATION_CONTEXT('2D SPACE',''
  ) );
#8186 = PCURVE('',#8064,#8187);
#8187 = DEFINITIONAL_REPRESENTATION('',(#8188),#8196);
#8188 = ( BOUNDED_CURVE() B_SPLINE_CURVE(2,(#8189,#8190,#8191,#8192,
#8193,#8194,#8195),.UNSPECIFIED.,.T.,.F.) B_SPLINE_CURVE_WITH_KNOTS((1,2
    ,2,2,2,1),(-2.094395102393,0.,2.094395102393,4.188790204786,
6.28318530718,8.377580409573),.UNSPECIFIED.) CURVE() 
GEOMETRIC_REPRESENTATION_ITEM() RATIONAL_B_SPLINE_CURVE((1.,0.5,1.,0.5,
1.,0.5,1.)) REPRESENTATION_ITEM('') );
#8189 = CARTESIAN_POINT('',(13.689517165013,-13.68951716501));
#8190 = CARTESIAN_POINT('',(9.199079379002,-18.17995495102));
#8191 = CARTESIAN_POINT('',(-2.166617916788,-2.323819869223));
#8192 = CARTESIAN_POINT('',(-13.53231521257,13.532315212578));
#8193 = CARTESIAN_POINT('',(2.323819869222,2.166617916788));
#8194 = CARTESIAN_POINT('',(18.179954951023,-9.199079379002));
#8195 = CARTESIAN_POINT('',(13.689517165013,-13.68951716501));
#8196 = ( GEOMETRIC_REPRESENTATION_CONTEXT(2) 
PARAMETRIC_REPRESENTATION_CONTEXT() REPRESENTATION_CONTEXT('2D SPACE',''
  ) );
#8197 = ORIENTED_EDGE('',*,*,#8006,.F.);
#8198 = ORIENTED_EDGE('',*,*,#8199,.F.);
#8199 = EDGE_CURVE('',#8143,#8007,#8200,.T.);
#8200 = SURFACE_CURVE('',#8201,(#8206,#8213),.PCURVE_S1.);
#8201 = ELLIPSE('',#8202,12.832494847012,3.666427099146);
#8202 = AXIS2_PLACEMENT_3D('',#8203,#8204,#8205);
#8203 = CARTESIAN_POINT('',(27.034514068836,1.085904433425,2.));
#8204 = DIRECTION('',(0.,0.,1.));
#8205 = DIRECTION('',(-0.707106781187,-0.707106781187,0.));
#8206 = PCURVE('',#8032,#8207);
#8207 = DEFINITIONAL_REPRESENTATION('',(#8208),#8212);
#8208 = LINE('',#8209,#8210);
#8209 = CARTESIAN_POINT('',(0.,0.));
#8210 = VECTOR('',#8211,1.);
#8211 = DIRECTION('',(1.,0.));
#8212 = ( GEOMETRIC_REPRESENTATION_CONTEXT(2) 
PARAMETRIC_REPRESENTATION_CONTEXT() REPRESENTATION_CONTEXT('2D SPACE',''
  ) );
#8213 = PCURVE('',#8123,#8214);
#8214 = DEFINITIONAL_REPRESENTATION('',(#8215),#8223);
#8215 = ( BOUNDED_CURVE() B_SPLINE_CURVE(2,(#8216,#8217,#8218,#8219,
#8220,#8221,#8222),.UNSPECIFIED.,.T.,.F.) B_SPLINE_CURVE_WITH_KNOTS((1,2
    ,2,2,2,1),(-2.094395102393,0.,2.094395102393,4.188790204786,
6.28318530718,8.377580409573),.UNSPECIFIED.) CURVE() 
GEOMETRIC_REPRESENTATION_ITEM() RATIONAL_B_SPLINE_CURVE((1.,0.5,1.,0.5,
1.,0.5,1.)) REPRESENTATION_ITEM('') );
#8216 = CARTESIAN_POINT('',(13.689517165013,-13.68951716501));
#8217 = CARTESIAN_POINT('',(9.199079379002,-18.17995495102));
#8218 = CARTESIAN_POINT('',(-2.166617916788,-2.323819869223));
#8219 = CARTESIAN_POINT('',(-13.53231521257,13.532315212578));
#8220 = CARTESIAN_POINT('',(2.323819869222,2.166617916788));
#8221 = CARTESIAN_POINT('',(18.179954951023,-9.199079379002));
#8222 = CARTESIAN_POINT('',(13.689517165013,-13.68951716501));
#8223 = ( GEOMETRIC_REPRESENTATION_CONTEXT(2) 
PARAMETRIC_REPRESENTATION_CONTEXT() REPRESENTATION_CONTEXT('2D SPACE',''
  ) );
#8224 = ADVANCED_FACE('',(#8225),#8160,.T.);
#8225 = FACE_BOUND('',#8226,.T.);
#8226 = EDGE_LOOP('',(#8227,#8228,#8251,#8279));
#8227 = ORIENTED_EDGE('',*,*,#8142,.T.);
#8228 = ORIENTED_EDGE('',*,*,#8229,.T.);
#8229 = EDGE_CURVE('',#8145,#8230,#8232,.T.);
#8230 = VERTEX_POINT('',#8231);
#8231 = CARTESIAN_POINT('',(30.640747519563,0.424264068712,3.6));
#8232 = SURFACE_CURVE('',#8233,(#8237,#8244),.PCURVE_S1.);
#8233 = LINE('',#8234,#8235);
#8234 = CARTESIAN_POINT('',(31.065011588275,0.,3.6));
#8235 = VECTOR('',#8236,1.);
#8236 = DIRECTION('',(-0.707106781187,0.707106781187,0.));
#8237 = PCURVE('',#8160,#8238);
#8238 = DEFINITIONAL_REPRESENTATION('',(#8239),#8243);
#8239 = LINE('',#8240,#8241);
#8240 = CARTESIAN_POINT('',(0.,-1.6));
#8241 = VECTOR('',#8242,1.);
#8242 = DIRECTION('',(1.,0.));
#8243 = ( GEOMETRIC_REPRESENTATION_CONTEXT(2) 
PARAMETRIC_REPRESENTATION_CONTEXT() REPRESENTATION_CONTEXT('2D SPACE',''
  ) );
#8244 = PCURVE('',#8064,#8245);
#8245 = DEFINITIONAL_REPRESENTATION('',(#8246),#8250);
#8246 = LINE('',#8247,#8248);
#8247 = CARTESIAN_POINT('',(0.585075519711,-5.701477472574));
#8248 = VECTOR('',#8249,1.);
#8249 = DIRECTION('',(0.707106781187,0.707106781187));
#8250 = ( GEOMETRIC_REPRESENTATION_CONTEXT(2) 
PARAMETRIC_REPRESENTATION_CONTEXT() REPRESENTATION_CONTEXT('2D SPACE',''
  ) );
#8251 = ORIENTED_EDGE('',*,*,#8252,.F.);
#8252 = EDGE_CURVE('',#8253,#8230,#8255,.T.);
#8253 = VERTEX_POINT('',#8254);
#8254 = CARTESIAN_POINT('',(30.640747519563,0.424264068712,2.));
#8255 = SURFACE_CURVE('',#8256,(#8260,#8267),.PCURVE_S1.);
#8256 = LINE('',#8257,#8258);
#8257 = CARTESIAN_POINT('',(30.640747519563,0.424264068712,2.));
#8258 = VECTOR('',#8259,1.);
#8259 = DIRECTION('',(0.,0.,1.));
#8260 = PCURVE('',#8160,#8261);
#8261 = DEFINITIONAL_REPRESENTATION('',(#8262),#8266);
#8262 = LINE('',#8263,#8264);
#8263 = CARTESIAN_POINT('',(0.6,0.));
#8264 = VECTOR('',#8265,1.);
#8265 = DIRECTION('',(0.,-1.));
#8266 = ( GEOMETRIC_REPRESENTATION_CONTEXT(2) 
PARAMETRIC_REPRESENTATION_CONTEXT() REPRESENTATION_CONTEXT('2D SPACE',''
  ) );
#8267 = PCURVE('',#8268,#8273);
#8268 = CYLINDRICAL_SURFACE('',#8269,3.666427099146);
#8269 = AXIS2_PLACEMENT_3D('',#8270,#8271,#8272);
#8270 = CARTESIAN_POINT('',(27.034514068836,1.085904433425,2.));
#8271 = DIRECTION('',(-0.,-0.,-1.));
#8272 = DIRECTION('',(0.983582477766,-0.180459162782,0.));
#8273 = DEFINITIONAL_REPRESENTATION('',(#8274),#8278);
#8274 = LINE('',#8275,#8276);
#8275 = CARTESIAN_POINT('',(-0.,0.));
#8276 = VECTOR('',#8277,1.);
#8277 = DIRECTION('',(-0.,-1.));
#8278 = ( GEOMETRIC_REPRESENTATION_CONTEXT(2) 
PARAMETRIC_REPRESENTATION_CONTEXT() REPRESENTATION_CONTEXT('2D SPACE',''
  ) );
#8279 = ORIENTED_EDGE('',*,*,#8280,.F.);
#8280 = EDGE_CURVE('',#8143,#8253,#8281,.T.);
#8281 = SURFACE_CURVE('',#8282,(#8286,#8293),.PCURVE_S1.);
#8282 = LINE('',#8283,#8284);
#8283 = CARTESIAN_POINT('',(31.065011588275,0.,2.));
#8284 = VECTOR('',#8285,1.);
#8285 = DIRECTION('',(-0.707106781187,0.707106781187,0.));
#8286 = PCURVE('',#8160,#8287);
#8287 = DEFINITIONAL_REPRESENTATION('',(#8288),#8292);
#8288 = LINE('',#8289,#8290);
#8289 = CARTESIAN_POINT('',(0.,0.));
#8290 = VECTOR('',#8291,1.);
#8291 = DIRECTION('',(1.,0.));
#8292 = ( GEOMETRIC_REPRESENTATION_CONTEXT(2) 
PARAMETRIC_REPRESENTATION_CONTEXT() REPRESENTATION_CONTEXT('2D SPACE',''
  ) );
#8293 = PCURVE('',#8123,#8294);
#8294 = DEFINITIONAL_REPRESENTATION('',(#8295),#8299);
#8295 = LINE('',#8296,#8297);
#8296 = CARTESIAN_POINT('',(0.585075519711,-5.701477472574));
#8297 = VECTOR('',#8298,1.);
#8298 = DIRECTION('',(0.707106781187,0.707106781187));
#8299 = ( GEOMETRIC_REPRESENTATION_CONTEXT(2) 
PARAMETRIC_REPRESENTATION_CONTEXT() REPRESENTATION_CONTEXT('2D SPACE',''
  ) );
#8300 = ADVANCED_FACE('',(#8301),#8268,.F.);
#8301 = FACE_BOUND('',#8302,.T.);
#8302 = EDGE_LOOP('',(#8303,#8304,#8332,#8355));
#8303 = ORIENTED_EDGE('',*,*,#8252,.T.);
#8304 = ORIENTED_EDGE('',*,*,#8305,.T.);
#8305 = EDGE_CURVE('',#8230,#8306,#8308,.T.);
#8306 = VERTEX_POINT('',#8307);
#8307 = CARTESIAN_POINT('',(26.372873704123,4.692137884151,3.6));
#8308 = SURFACE_CURVE('',#8309,(#8314,#8321),.PCURVE_S1.);
#8309 = CIRCLE('',#8310,3.666427099146);
#8310 = AXIS2_PLACEMENT_3D('',#8311,#8312,#8313);
#8311 = CARTESIAN_POINT('',(27.034514068836,1.085904433425,3.6));
#8312 = DIRECTION('',(0.,0.,1.));
#8313 = DIRECTION('',(0.983582477766,-0.180459162782,0.));
#8314 = PCURVE('',#8268,#8315);
#8315 = DEFINITIONAL_REPRESENTATION('',(#8316),#8320);
#8316 = LINE('',#8317,#8318);
#8317 = CARTESIAN_POINT('',(-0.,-1.6));
#8318 = VECTOR('',#8319,1.);
#8319 = DIRECTION('',(-1.,0.));
#8320 = ( GEOMETRIC_REPRESENTATION_CONTEXT(2) 
PARAMETRIC_REPRESENTATION_CONTEXT() REPRESENTATION_CONTEXT('2D SPACE',''
  ) );
#8321 = PCURVE('',#8064,#8322);
#8322 = DEFINITIONAL_REPRESENTATION('',(#8323),#8331);
#8323 = ( BOUNDED_CURVE() B_SPLINE_CURVE(2,(#8324,#8325,#8326,#8327,
#8328,#8329,#8330),.UNSPECIFIED.,.T.,.F.) B_SPLINE_CURVE_WITH_KNOTS((1,2
    ,2,2,2,1),(-2.094395102393,0.,2.094395102393,4.188790204786,
6.28318530718,8.377580409573),.UNSPECIFIED.) CURVE() 
GEOMETRIC_REPRESENTATION_ITEM() RATIONAL_B_SPLINE_CURVE((1.,0.5,1.,0.5,
1.,0.5,1.)) REPRESENTATION_ITEM('') );
#8324 = CARTESIAN_POINT('',(1.009339588423,-5.277213403862));
#8325 = CARTESIAN_POINT('',(-0.136655139599,0.96896615675));
#8326 = CARTESIAN_POINT('',(5.845692400501,-1.161663076486));
#8327 = CARTESIAN_POINT('',(11.828039940601,-3.292292309722));
#8328 = CARTESIAN_POINT('',(6.991687128523,-7.407842637098));
#8329 = CARTESIAN_POINT('',(2.155334316445,-11.52339296447));
#8330 = CARTESIAN_POINT('',(1.009339588423,-5.277213403862));
#8331 = ( GEOMETRIC_REPRESENTATION_CONTEXT(2) 
PARAMETRIC_REPRESENTATION_CONTEXT() REPRESENTATION_CONTEXT('2D SPACE',''
  ) );
#8332 = ORIENTED_EDGE('',*,*,#8333,.F.);
#8333 = EDGE_CURVE('',#8334,#8306,#8336,.T.);
#8334 = VERTEX_POINT('',#8335);
#8335 = CARTESIAN_POINT('',(26.372873704123,4.692137884151,2.));
#8336 = SURFACE_CURVE('',#8337,(#8341,#8348),.PCURVE_S1.);
#8337 = LINE('',#8338,#8339);
#8338 = CARTESIAN_POINT('',(26.372873704123,4.692137884151,2.));
#8339 = VECTOR('',#8340,1.);
#8340 = DIRECTION('',(0.,0.,1.));
#8341 = PCURVE('',#8268,#8342);
#8342 = DEFINITIONAL_REPRESENTATION('',(#8343),#8347);
#8343 = LINE('',#8344,#8345);
#8344 = CARTESIAN_POINT('',(-1.933702843189,0.));
#8345 = VECTOR('',#8346,1.);
#8346 = DIRECTION('',(-0.,-1.));
#8347 = ( GEOMETRIC_REPRESENTATION_CONTEXT(2) 
PARAMETRIC_REPRESENTATION_CONTEXT() REPRESENTATION_CONTEXT('2D SPACE',''
  ) );
#8348 = PCURVE('',#8096,#8349);
#8349 = DEFINITIONAL_REPRESENTATION('',(#8350),#8354);
#8350 = LINE('',#8351,#8352);
#8351 = CARTESIAN_POINT('',(0.,0.));
#8352 = VECTOR('',#8353,1.);
#8353 = DIRECTION('',(0.,-1.));
#8354 = ( GEOMETRIC_REPRESENTATION_CONTEXT(2) 
PARAMETRIC_REPRESENTATION_CONTEXT() REPRESENTATION_CONTEXT('2D SPACE',''
  ) );
#8355 = ORIENTED_EDGE('',*,*,#8356,.F.);
#8356 = EDGE_CURVE('',#8253,#8334,#8357,.T.);
#8357 = SURFACE_CURVE('',#8358,(#8363,#8370),.PCURVE_S1.);
#8358 = CIRCLE('',#8359,3.666427099146);
#8359 = AXIS2_PLACEMENT_3D('',#8360,#8361,#8362);
#8360 = CARTESIAN_POINT('',(27.034514068836,1.085904433425,2.));
#8361 = DIRECTION('',(0.,0.,1.));
#8362 = DIRECTION('',(0.983582477766,-0.180459162782,0.));
#8363 = PCURVE('',#8268,#8364);
#8364 = DEFINITIONAL_REPRESENTATION('',(#8365),#8369);
#8365 = LINE('',#8366,#8367);
#8366 = CARTESIAN_POINT('',(-0.,0.));
#8367 = VECTOR('',#8368,1.);
#8368 = DIRECTION('',(-1.,0.));
#8369 = ( GEOMETRIC_REPRESENTATION_CONTEXT(2) 
PARAMETRIC_REPRESENTATION_CONTEXT() REPRESENTATION_CONTEXT('2D SPACE',''
  ) );
#8370 = PCURVE('',#8123,#8371);
#8371 = DEFINITIONAL_REPRESENTATION('',(#8372),#8380);
#8372 = ( BOUNDED_CURVE() B_SPLINE_CURVE(2,(#8373,#8374,#8375,#8376,
#8377,#8378,#8379),.UNSPECIFIED.,.T.,.F.) B_SPLINE_CURVE_WITH_KNOTS((1,2
    ,2,2,2,1),(-2.094395102393,0.,2.094395102393,4.188790204786,
6.28318530718,8.377580409573),.UNSPECIFIED.) CURVE() 
GEOMETRIC_REPRESENTATION_ITEM() RATIONAL_B_SPLINE_CURVE((1.,0.5,1.,0.5,
1.,0.5,1.)) REPRESENTATION_ITEM('') );
#8373 = CARTESIAN_POINT('',(1.009339588423,-5.277213403862));
#8374 = CARTESIAN_POINT('',(-0.136655139599,0.96896615675));
#8375 = CARTESIAN_POINT('',(5.845692400501,-1.161663076486));
#8376 = CARTESIAN_POINT('',(11.828039940601,-3.292292309722));
#8377 = CARTESIAN_POINT('',(6.991687128523,-7.407842637098));
#8378 = CARTESIAN_POINT('',(2.155334316445,-11.52339296447));
#8379 = CARTESIAN_POINT('',(1.009339588423,-5.277213403862));
#8380 = ( GEOMETRIC_REPRESENTATION_CONTEXT(2) 
PARAMETRIC_REPRESENTATION_CONTEXT() REPRESENTATION_CONTEXT('2D SPACE',''
  ) );
#8381 = ADVANCED_FACE('',(#8382),#8096,.T.);
#8382 = FACE_BOUND('',#8383,.T.);
#8383 = EDGE_LOOP('',(#8384,#8385,#8406,#8407));
#8384 = ORIENTED_EDGE('',*,*,#8333,.T.);
#8385 = ORIENTED_EDGE('',*,*,#8386,.T.);
#8386 = EDGE_CURVE('',#8306,#8048,#8387,.T.);
#8387 = SURFACE_CURVE('',#8388,(#8392,#8399),.PCURVE_S1.);
#8388 = LINE('',#8389,#8390);
#8389 = CARTESIAN_POINT('',(26.372873704123,4.692137884151,3.6));
#8390 = VECTOR('',#8391,1.);
#8391 = DIRECTION('',(-0.707106781187,0.707106781187,0.));
#8392 = PCURVE('',#8096,#8393);
#8393 = DEFINITIONAL_REPRESENTATION('',(#8394),#8398);
#8394 = LINE('',#8395,#8396);
#8395 = CARTESIAN_POINT('',(0.,-1.6));
#8396 = VECTOR('',#8397,1.);
#8397 = DIRECTION('',(1.,0.));
#8398 = ( GEOMETRIC_REPRESENTATION_CONTEXT(2) 
PARAMETRIC_REPRESENTATION_CONTEXT() REPRESENTATION_CONTEXT('2D SPACE',''
  ) );
#8399 = PCURVE('',#8064,#8400);
#8400 = DEFINITIONAL_REPRESENTATION('',(#8401),#8405);
#8401 = LINE('',#8402,#8403);
#8402 = CARTESIAN_POINT('',(5.277213403862,-1.009339588423));
#8403 = VECTOR('',#8404,1.);
#8404 = DIRECTION('',(0.707106781187,0.707106781187));
#8405 = ( GEOMETRIC_REPRESENTATION_CONTEXT(2) 
PARAMETRIC_REPRESENTATION_CONTEXT() REPRESENTATION_CONTEXT('2D SPACE',''
  ) );
#8406 = ORIENTED_EDGE('',*,*,#8080,.F.);
#8407 = ORIENTED_EDGE('',*,*,#8408,.F.);
#8408 = EDGE_CURVE('',#8334,#8081,#8409,.T.);
#8409 = SURFACE_CURVE('',#8410,(#8414,#8421),.PCURVE_S1.);
#8410 = LINE('',#8411,#8412);
#8411 = CARTESIAN_POINT('',(26.372873704123,4.692137884151,2.));
#8412 = VECTOR('',#8413,1.);
#8413 = DIRECTION('',(-0.707106781187,0.707106781187,0.));
#8414 = PCURVE('',#8096,#8415);
#8415 = DEFINITIONAL_REPRESENTATION('',(#8416),#8420);
#8416 = LINE('',#8417,#8418);
#8417 = CARTESIAN_POINT('',(0.,0.));
#8418 = VECTOR('',#8419,1.);
#8419 = DIRECTION('',(1.,0.));
#8420 = ( GEOMETRIC_REPRESENTATION_CONTEXT(2) 
PARAMETRIC_REPRESENTATION_CONTEXT() REPRESENTATION_CONTEXT('2D SPACE',''
  ) );
#8421 = PCURVE('',#8123,#8422);
#8422 = DEFINITIONAL_REPRESENTATION('',(#8423),#8427);
#8423 = LINE('',#8424,#8425);
#8424 = CARTESIAN_POINT('',(5.277213403862,-1.009339588423));
#8425 = VECTOR('',#8426,1.);
#8426 = DIRECTION('',(0.707106781187,0.707106781187));
#8427 = ( GEOMETRIC_REPRESENTATION_CONTEXT(2) 
PARAMETRIC_REPRESENTATION_CONTEXT() REPRESENTATION_CONTEXT('2D SPACE',''
  ) );
#8428 = ADVANCED_FACE('',(#8429),#8123,.T.);
#8429 = FACE_BOUND('',#8430,.T.);
#8430 = EDGE_LOOP('',(#8431,#8432,#8433,#8434,#8435));
#8431 = ORIENTED_EDGE('',*,*,#8108,.F.);
#8432 = ORIENTED_EDGE('',*,*,#8199,.F.);
#8433 = ORIENTED_EDGE('',*,*,#8280,.T.);
#8434 = ORIENTED_EDGE('',*,*,#8356,.T.);
#8435 = ORIENTED_EDGE('',*,*,#8408,.T.);
#8436 = ADVANCED_FACE('',(#8437),#8064,.F.);
#8437 = FACE_BOUND('',#8438,.F.);
#8438 = EDGE_LOOP('',(#8439,#8440,#8441,#8442,#8443));
#8439 = ORIENTED_EDGE('',*,*,#8047,.F.);
#8440 = ORIENTED_EDGE('',*,*,#8172,.F.);
#8441 = ORIENTED_EDGE('',*,*,#8229,.T.);
#8442 = ORIENTED_EDGE('',*,*,#8305,.T.);
#8443 = ORIENTED_EDGE('',*,*,#8386,.T.);
#8444 = ( GEOMETRIC_REPRESENTATION_CONTEXT(3) 
GLOBAL_UNCERTAINTY_ASSIGNED_CONTEXT((#8448)) 
GLOBAL_UNIT_ASSIGNED_CONTEXT((#8445,#8446,#8447)) REPRESENTATION_CONTEXT
('Context #1','3D Context with UNIT and UNCERTAINTY') );
#8445 = ( LENGTH_UNIT() NAMED_UNIT(*) SI_UNIT(.MILLI.,.METRE.) );
#8446 = ( NAMED_UNIT(*) PLANE_ANGLE_UNIT() SI_UNIT($,.RADIAN.) );
#8447 = ( NAMED_UNIT(*) SI_UNIT($,.STERADIAN.) SOLID_ANGLE_UNIT() );
#8448 = UNCERTAINTY_MEASURE_WITH_UNIT(LENGTH_MEASURE(1.E-07),#8445,
  'distance_accuracy_value','confusion accuracy');
#8449 = PRODUCT_RELATED_PRODUCT_CATEGORY('part',$,(#6892));
#8450 = SHAPE_DEFINITION_REPRESENTATION(#8451,#8457);
#8451 = PRODUCT_DEFINITION_SHAPE('','',#8452);
#8452 = PRODUCT_DEFINITION('design','',#8453,#8456);
#8453 = PRODUCT_DEFINITION_FORMATION('','',#8454);
#8454 = PRODUCT('cones, M orange','cones, M orange','',(#8455));
#8455 = PRODUCT_CONTEXT('',#2,'mechanical');
#8456 = PRODUCT_DEFINITION_CONTEXT('part definition',#2,'design');
#8457 = SHAPE_REPRESENTATION('',(#11,#8458,#8868),#9298);
#8458 = MANIFOLD_SOLID_BREP('',#8459);
#8459 = CLOSED_SHELL('',(#8460,#8580,#8656,#8734,#8805,#8852,#8860));
#8460 = ADVANCED_FACE('',(#8461),#8475,.T.);
#8461 = FACE_BOUND('',#8462,.T.);
#8462 = EDGE_LOOP('',(#8463,#8498,#8526,#8554));
#8463 = ORIENTED_EDGE('',*,*,#8464,.T.);
#8464 = EDGE_CURVE('',#8465,#8467,#8469,.T.);
#8465 = VERTEX_POINT('',#8466);
#8466 = CARTESIAN_POINT('',(12.230152802029,37.898897019939,2.));
#8467 = VERTEX_POINT('',#8468);
#8468 = CARTESIAN_POINT('',(12.230152802029,37.898897019939,3.6));
#8469 = SURFACE_CURVE('',#8470,(#8474,#8486),.PCURVE_S1.);
#8470 = LINE('',#8471,#8472);
#8471 = CARTESIAN_POINT('',(12.230152802029,37.898897019939,2.));
#8472 = VECTOR('',#8473,1.);
#8473 = DIRECTION('',(0.,0.,1.));
#8474 = PCURVE('',#8475,#8480);
#8475 = PLANE('',#8476);
#8476 = AXIS2_PLACEMENT_3D('',#8477,#8478,#8479);
#8477 = CARTESIAN_POINT('',(12.230152802029,37.898897019939,2.));
#8478 = DIRECTION('',(0.874157276122,-0.485642931179,0.));
#8479 = DIRECTION('',(-0.485642931179,-0.874157276122,0.));
#8480 = DEFINITIONAL_REPRESENTATION('',(#8481),#8485);
#8481 = LINE('',#8482,#8483);
#8482 = CARTESIAN_POINT('',(0.,0.));
#8483 = VECTOR('',#8484,1.);
#8484 = DIRECTION('',(0.,-1.));
#8485 = ( GEOMETRIC_REPRESENTATION_CONTEXT(2) 
PARAMETRIC_REPRESENTATION_CONTEXT() REPRESENTATION_CONTEXT('2D SPACE',''
  ) );
#8486 = PCURVE('',#8487,#8492);
#8487 = PLANE('',#8488);
#8488 = AXIS2_PLACEMENT_3D('',#8489,#8490,#8491);
#8489 = CARTESIAN_POINT('',(2.252020436799E-08,31.10436769799,2.));
#8490 = DIRECTION('',(-0.485642931179,0.874157276122,0.));
#8491 = DIRECTION('',(0.874157276122,0.485642931179,0.));
#8492 = DEFINITIONAL_REPRESENTATION('',(#8493),#8497);
#8493 = LINE('',#8494,#8495);
#8494 = CARTESIAN_POINT('',(13.990792176176,0.));
#8495 = VECTOR('',#8496,1.);
#8496 = DIRECTION('',(0.,-1.));
#8497 = ( GEOMETRIC_REPRESENTATION_CONTEXT(2) 
PARAMETRIC_REPRESENTATION_CONTEXT() REPRESENTATION_CONTEXT('2D SPACE',''
  ) );
#8498 = ORIENTED_EDGE('',*,*,#8499,.T.);
#8499 = EDGE_CURVE('',#8467,#8500,#8502,.T.);
#8500 = VERTEX_POINT('',#8501);
#8501 = CARTESIAN_POINT('',(5.43562348008,25.668744240431,3.6));
#8502 = SURFACE_CURVE('',#8503,(#8507,#8514),.PCURVE_S1.);
#8503 = LINE('',#8504,#8505);
#8504 = CARTESIAN_POINT('',(12.230152802029,37.898897019939,3.6));
#8505 = VECTOR('',#8506,1.);
#8506 = DIRECTION('',(-0.485642931179,-0.874157276122,0.));
#8507 = PCURVE('',#8475,#8508);
#8508 = DEFINITIONAL_REPRESENTATION('',(#8509),#8513);
#8509 = LINE('',#8510,#8511);
#8510 = CARTESIAN_POINT('',(0.,-1.6));
#8511 = VECTOR('',#8512,1.);
#8512 = DIRECTION('',(1.,0.));
#8513 = ( GEOMETRIC_REPRESENTATION_CONTEXT(2) 
PARAMETRIC_REPRESENTATION_CONTEXT() REPRESENTATION_CONTEXT('2D SPACE',''
  ) );
#8514 = PCURVE('',#8515,#8520);
#8515 = PLANE('',#8516);
#8516 = AXIS2_PLACEMENT_3D('',#8517,#8518,#8519);
#8517 = CARTESIAN_POINT('',(6.493183973497,32.161928191407,3.6));
#8518 = DIRECTION('',(0.,0.,1.));
#8519 = DIRECTION('',(1.,0.,-0.));
#8520 = DEFINITIONAL_REPRESENTATION('',(#8521),#8525);
#8521 = LINE('',#8522,#8523);
#8522 = CARTESIAN_POINT('',(5.736968828532,5.736968828532));
#8523 = VECTOR('',#8524,1.);
#8524 = DIRECTION('',(-0.485642931179,-0.874157276122));
#8525 = ( GEOMETRIC_REPRESENTATION_CONTEXT(2) 
PARAMETRIC_REPRESENTATION_CONTEXT() REPRESENTATION_CONTEXT('2D SPACE',''
  ) );
#8526 = ORIENTED_EDGE('',*,*,#8527,.F.);
#8527 = EDGE_CURVE('',#8528,#8500,#8530,.T.);
#8528 = VERTEX_POINT('',#8529);
#8529 = CARTESIAN_POINT('',(5.43562348008,25.668744240431,2.));
#8530 = SURFACE_CURVE('',#8531,(#8535,#8542),.PCURVE_S1.);
#8531 = LINE('',#8532,#8533);
#8532 = CARTESIAN_POINT('',(5.43562348008,25.668744240431,2.));
#8533 = VECTOR('',#8534,1.);
#8534 = DIRECTION('',(0.,0.,1.));
#8535 = PCURVE('',#8475,#8536);
#8536 = DEFINITIONAL_REPRESENTATION('',(#8537),#8541);
#8537 = LINE('',#8538,#8539);
#8538 = CARTESIAN_POINT('',(13.990792176176,0.));
#8539 = VECTOR('',#8540,1.);
#8540 = DIRECTION('',(0.,-1.));
#8541 = ( GEOMETRIC_REPRESENTATION_CONTEXT(2) 
PARAMETRIC_REPRESENTATION_CONTEXT() REPRESENTATION_CONTEXT('2D SPACE',''
  ) );
#8542 = PCURVE('',#8543,#8548);
#8543 = PLANE('',#8544);
#8544 = AXIS2_PLACEMENT_3D('',#8545,#8546,#8547);
#8545 = CARTESIAN_POINT('',(5.43562348008,25.668744240431,2.));
#8546 = DIRECTION('',(-0.707106781187,-0.707106781187,0.));
#8547 = DIRECTION('',(-0.707106781187,0.707106781187,0.));
#8548 = DEFINITIONAL_REPRESENTATION('',(#8549),#8553);
#8549 = LINE('',#8550,#8551);
#8550 = CARTESIAN_POINT('',(0.,0.));
#8551 = VECTOR('',#8552,1.);
#8552 = DIRECTION('',(0.,-1.));
#8553 = ( GEOMETRIC_REPRESENTATION_CONTEXT(2) 
PARAMETRIC_REPRESENTATION_CONTEXT() REPRESENTATION_CONTEXT('2D SPACE',''
  ) );
#8554 = ORIENTED_EDGE('',*,*,#8555,.F.);
#8555 = EDGE_CURVE('',#8465,#8528,#8556,.T.);
#8556 = SURFACE_CURVE('',#8557,(#8561,#8568),.PCURVE_S1.);
#8557 = LINE('',#8558,#8559);
#8558 = CARTESIAN_POINT('',(12.230152802029,37.898897019939,2.));
#8559 = VECTOR('',#8560,1.);
#8560 = DIRECTION('',(-0.485642931179,-0.874157276122,0.));
#8561 = PCURVE('',#8475,#8562);
#8562 = DEFINITIONAL_REPRESENTATION('',(#8563),#8567);
#8563 = LINE('',#8564,#8565);
#8564 = CARTESIAN_POINT('',(0.,0.));
#8565 = VECTOR('',#8566,1.);
#8566 = DIRECTION('',(1.,0.));
#8567 = ( GEOMETRIC_REPRESENTATION_CONTEXT(2) 
PARAMETRIC_REPRESENTATION_CONTEXT() REPRESENTATION_CONTEXT('2D SPACE',''
  ) );
#8568 = PCURVE('',#8569,#8574);
#8569 = PLANE('',#8570);
#8570 = AXIS2_PLACEMENT_3D('',#8571,#8572,#8573);
#8571 = CARTESIAN_POINT('',(6.493183973497,32.161928191407,2.));
#8572 = DIRECTION('',(0.,0.,1.));
#8573 = DIRECTION('',(1.,0.,-0.));
#8574 = DEFINITIONAL_REPRESENTATION('',(#8575),#8579);
#8575 = LINE('',#8576,#8577);
#8576 = CARTESIAN_POINT('',(5.736968828532,5.736968828532));
#8577 = VECTOR('',#8578,1.);
#8578 = DIRECTION('',(-0.485642931179,-0.874157276122));
#8579 = ( GEOMETRIC_REPRESENTATION_CONTEXT(2) 
PARAMETRIC_REPRESENTATION_CONTEXT() REPRESENTATION_CONTEXT('2D SPACE',''
  ) );
#8580 = ADVANCED_FACE('',(#8581),#8543,.T.);
#8581 = FACE_BOUND('',#8582,.T.);
#8582 = EDGE_LOOP('',(#8583,#8584,#8607,#8635));
#8583 = ORIENTED_EDGE('',*,*,#8527,.T.);
#8584 = ORIENTED_EDGE('',*,*,#8585,.T.);
#8585 = EDGE_CURVE('',#8500,#8586,#8588,.T.);
#8586 = VERTEX_POINT('',#8587);
#8587 = CARTESIAN_POINT('',(5.011359411368,26.093008309143,3.6));
#8588 = SURFACE_CURVE('',#8589,(#8593,#8600),.PCURVE_S1.);
#8589 = LINE('',#8590,#8591);
#8590 = CARTESIAN_POINT('',(5.43562348008,25.668744240431,3.6));
#8591 = VECTOR('',#8592,1.);
#8592 = DIRECTION('',(-0.707106781187,0.707106781187,0.));
#8593 = PCURVE('',#8543,#8594);
#8594 = DEFINITIONAL_REPRESENTATION('',(#8595),#8599);
#8595 = LINE('',#8596,#8597);
#8596 = CARTESIAN_POINT('',(0.,-1.6));
#8597 = VECTOR('',#8598,1.);
#8598 = DIRECTION('',(1.,0.));
#8599 = ( GEOMETRIC_REPRESENTATION_CONTEXT(2) 
PARAMETRIC_REPRESENTATION_CONTEXT() REPRESENTATION_CONTEXT('2D SPACE',''
  ) );
#8600 = PCURVE('',#8515,#8601);
#8601 = DEFINITIONAL_REPRESENTATION('',(#8602),#8606);
#8602 = LINE('',#8603,#8604);
#8603 = CARTESIAN_POINT('',(-1.057560493417,-6.493183950976));
#8604 = VECTOR('',#8605,1.);
#8605 = DIRECTION('',(-0.707106781187,0.707106781187));
#8606 = ( GEOMETRIC_REPRESENTATION_CONTEXT(2) 
PARAMETRIC_REPRESENTATION_CONTEXT() REPRESENTATION_CONTEXT('2D SPACE',''
  ) );
#8607 = ORIENTED_EDGE('',*,*,#8608,.F.);
#8608 = EDGE_CURVE('',#8609,#8586,#8611,.T.);
#8609 = VERTEX_POINT('',#8610);
#8610 = CARTESIAN_POINT('',(5.011359411368,26.093008309143,2.));
#8611 = SURFACE_CURVE('',#8612,(#8616,#8623),.PCURVE_S1.);
#8612 = LINE('',#8613,#8614);
#8613 = CARTESIAN_POINT('',(5.011359411368,26.093008309143,2.));
#8614 = VECTOR('',#8615,1.);
#8615 = DIRECTION('',(0.,0.,1.));
#8616 = PCURVE('',#8543,#8617);
#8617 = DEFINITIONAL_REPRESENTATION('',(#8618),#8622);
#8618 = LINE('',#8619,#8620);
#8619 = CARTESIAN_POINT('',(0.6,0.));
#8620 = VECTOR('',#8621,1.);
#8621 = DIRECTION('',(0.,-1.));
#8622 = ( GEOMETRIC_REPRESENTATION_CONTEXT(2) 
PARAMETRIC_REPRESENTATION_CONTEXT() REPRESENTATION_CONTEXT('2D SPACE',''
  ) );
#8623 = PCURVE('',#8624,#8629);
#8624 = CYLINDRICAL_SURFACE('',#8625,4.888569465528);
#8625 = AXIS2_PLACEMENT_3D('',#8626,#8627,#8628);
#8626 = CARTESIAN_POINT('',(0.13156063421,25.800304852121,2.));
#8627 = DIRECTION('',(-0.,-0.,-1.));
#8628 = DIRECTION('',(0.998205878339,5.987507369705E-02,-0.));
#8629 = DEFINITIONAL_REPRESENTATION('',(#8630),#8634);
#8630 = LINE('',#8631,#8632);
#8631 = CARTESIAN_POINT('',(-0.,0.));
#8632 = VECTOR('',#8633,1.);
#8633 = DIRECTION('',(-0.,-1.));
#8634 = ( GEOMETRIC_REPRESENTATION_CONTEXT(2) 
PARAMETRIC_REPRESENTATION_CONTEXT() REPRESENTATION_CONTEXT('2D SPACE',''
  ) );
#8635 = ORIENTED_EDGE('',*,*,#8636,.F.);
#8636 = EDGE_CURVE('',#8528,#8609,#8637,.T.);
#8637 = SURFACE_CURVE('',#8638,(#8642,#8649),.PCURVE_S1.);
#8638 = LINE('',#8639,#8640);
#8639 = CARTESIAN_POINT('',(5.43562348008,25.668744240431,2.));
#8640 = VECTOR('',#8641,1.);
#8641 = DIRECTION('',(-0.707106781187,0.707106781187,0.));
#8642 = PCURVE('',#8543,#8643);
#8643 = DEFINITIONAL_REPRESENTATION('',(#8644),#8648);
#8644 = LINE('',#8645,#8646);
#8645 = CARTESIAN_POINT('',(0.,0.));
#8646 = VECTOR('',#8647,1.);
#8647 = DIRECTION('',(1.,0.));
#8648 = ( GEOMETRIC_REPRESENTATION_CONTEXT(2) 
PARAMETRIC_REPRESENTATION_CONTEXT() REPRESENTATION_CONTEXT('2D SPACE',''
  ) );
#8649 = PCURVE('',#8569,#8650);
#8650 = DEFINITIONAL_REPRESENTATION('',(#8651),#8655);
#8651 = LINE('',#8652,#8653);
#8652 = CARTESIAN_POINT('',(-1.057560493417,-6.493183950976));
#8653 = VECTOR('',#8654,1.);
#8654 = DIRECTION('',(-0.707106781187,0.707106781187));
#8655 = ( GEOMETRIC_REPRESENTATION_CONTEXT(2) 
PARAMETRIC_REPRESENTATION_CONTEXT() REPRESENTATION_CONTEXT('2D SPACE',''
  ) );
#8656 = ADVANCED_FACE('',(#8657),#8624,.F.);
#8657 = FACE_BOUND('',#8658,.T.);
#8658 = EDGE_LOOP('',(#8659,#8660,#8684,#8712));
#8659 = ORIENTED_EDGE('',*,*,#8608,.T.);
#8660 = ORIENTED_EDGE('',*,*,#8661,.T.);
#8661 = EDGE_CURVE('',#8586,#8662,#8664,.T.);
#8662 = VERTEX_POINT('',#8663);
#8663 = CARTESIAN_POINT('',(0.424264091232,30.680103629278,3.6));
#8664 = SURFACE_CURVE('',#8665,(#8670,#8677),.PCURVE_S1.);
#8665 = CIRCLE('',#8666,4.888569465528);
#8666 = AXIS2_PLACEMENT_3D('',#8667,#8668,#8669);
#8667 = CARTESIAN_POINT('',(0.13156063421,25.800304852121,3.6));
#8668 = DIRECTION('',(0.,0.,1.));
#8669 = DIRECTION('',(0.998205878339,5.987507369705E-02,-0.));
#8670 = PCURVE('',#8624,#8671);
#8671 = DEFINITIONAL_REPRESENTATION('',(#8672),#8676);
#8672 = LINE('',#8673,#8674);
#8673 = CARTESIAN_POINT('',(-0.,-1.6));
#8674 = VECTOR('',#8675,1.);
#8675 = DIRECTION('',(-1.,0.));
#8676 = ( GEOMETRIC_REPRESENTATION_CONTEXT(2) 
PARAMETRIC_REPRESENTATION_CONTEXT() REPRESENTATION_CONTEXT('2D SPACE',''
  ) );
#8677 = PCURVE('',#8515,#8678);
#8678 = DEFINITIONAL_REPRESENTATION('',(#8679),#8683);
#8679 = CIRCLE('',#8680,4.888569465528);
#8680 = AXIS2_PLACEMENT_2D('',#8681,#8682);
#8681 = CARTESIAN_POINT('',(-6.361623339286,-6.361623339286));
#8682 = DIRECTION('',(0.998205878339,5.987507369705E-02));
#8683 = ( GEOMETRIC_REPRESENTATION_CONTEXT(2) 
PARAMETRIC_REPRESENTATION_CONTEXT() REPRESENTATION_CONTEXT('2D SPACE',''
  ) );
#8684 = ORIENTED_EDGE('',*,*,#8685,.F.);
#8685 = EDGE_CURVE('',#8686,#8662,#8688,.T.);
#8686 = VERTEX_POINT('',#8687);
#8687 = CARTESIAN_POINT('',(0.424264091232,30.680103629278,2.));
#8688 = SURFACE_CURVE('',#8689,(#8693,#8700),.PCURVE_S1.);
#8689 = LINE('',#8690,#8691);
#8690 = CARTESIAN_POINT('',(0.424264091232,30.680103629278,2.));
#8691 = VECTOR('',#8692,1.);
#8692 = DIRECTION('',(0.,0.,1.));
#8693 = PCURVE('',#8624,#8694);
#8694 = DEFINITIONAL_REPRESENTATION('',(#8695),#8699);
#8695 = LINE('',#8696,#8697);
#8696 = CARTESIAN_POINT('',(-1.450974512522,0.));
#8697 = VECTOR('',#8698,1.);
#8698 = DIRECTION('',(-0.,-1.));
#8699 = ( GEOMETRIC_REPRESENTATION_CONTEXT(2) 
PARAMETRIC_REPRESENTATION_CONTEXT() REPRESENTATION_CONTEXT('2D SPACE',''
  ) );
#8700 = PCURVE('',#8701,#8706);
#8701 = PLANE('',#8702);
#8702 = AXIS2_PLACEMENT_3D('',#8703,#8704,#8705);
#8703 = CARTESIAN_POINT('',(0.424264091232,30.680103629278,2.));
#8704 = DIRECTION('',(-0.707106781187,-0.707106781187,0.));
#8705 = DIRECTION('',(-0.707106781187,0.707106781187,0.));
#8706 = DEFINITIONAL_REPRESENTATION('',(#8707),#8711);
#8707 = LINE('',#8708,#8709);
#8708 = CARTESIAN_POINT('',(0.,0.));
#8709 = VECTOR('',#8710,1.);
#8710 = DIRECTION('',(0.,-1.));
#8711 = ( GEOMETRIC_REPRESENTATION_CONTEXT(2) 
PARAMETRIC_REPRESENTATION_CONTEXT() REPRESENTATION_CONTEXT('2D SPACE',''
  ) );
#8712 = ORIENTED_EDGE('',*,*,#8713,.F.);
#8713 = EDGE_CURVE('',#8609,#8686,#8714,.T.);
#8714 = SURFACE_CURVE('',#8715,(#8720,#8727),.PCURVE_S1.);
#8715 = CIRCLE('',#8716,4.888569465528);
#8716 = AXIS2_PLACEMENT_3D('',#8717,#8718,#8719);
#8717 = CARTESIAN_POINT('',(0.13156063421,25.800304852121,2.));
#8718 = DIRECTION('',(0.,0.,1.));
#8719 = DIRECTION('',(0.998205878339,5.987507369705E-02,-0.));
#8720 = PCURVE('',#8624,#8721);
#8721 = DEFINITIONAL_REPRESENTATION('',(#8722),#8726);
#8722 = LINE('',#8723,#8724);
#8723 = CARTESIAN_POINT('',(-0.,0.));
#8724 = VECTOR('',#8725,1.);
#8725 = DIRECTION('',(-1.,0.));
#8726 = ( GEOMETRIC_REPRESENTATION_CONTEXT(2) 
PARAMETRIC_REPRESENTATION_CONTEXT() REPRESENTATION_CONTEXT('2D SPACE',''
  ) );
#8727 = PCURVE('',#8569,#8728);
#8728 = DEFINITIONAL_REPRESENTATION('',(#8729),#8733);
#8729 = CIRCLE('',#8730,4.888569465528);
#8730 = AXIS2_PLACEMENT_2D('',#8731,#8732);
#8731 = CARTESIAN_POINT('',(-6.361623339286,-6.361623339286));
#8732 = DIRECTION('',(0.998205878339,5.987507369705E-02));
#8733 = ( GEOMETRIC_REPRESENTATION_CONTEXT(2) 
PARAMETRIC_REPRESENTATION_CONTEXT() REPRESENTATION_CONTEXT('2D SPACE',''
  ) );
#8734 = ADVANCED_FACE('',(#8735),#8701,.T.);
#8735 = FACE_BOUND('',#8736,.T.);
#8736 = EDGE_LOOP('',(#8737,#8738,#8761,#8784));
#8737 = ORIENTED_EDGE('',*,*,#8685,.T.);
#8738 = ORIENTED_EDGE('',*,*,#8739,.T.);
#8739 = EDGE_CURVE('',#8662,#8740,#8742,.T.);
#8740 = VERTEX_POINT('',#8741);
#8741 = CARTESIAN_POINT('',(2.252020436799E-08,31.10436769799,3.6));
#8742 = SURFACE_CURVE('',#8743,(#8747,#8754),.PCURVE_S1.);
#8743 = LINE('',#8744,#8745);
#8744 = CARTESIAN_POINT('',(0.424264091232,30.680103629278,3.6));
#8745 = VECTOR('',#8746,1.);
#8746 = DIRECTION('',(-0.707106781187,0.707106781187,0.));
#8747 = PCURVE('',#8701,#8748);
#8748 = DEFINITIONAL_REPRESENTATION('',(#8749),#8753);
#8749 = LINE('',#8750,#8751);
#8750 = CARTESIAN_POINT('',(0.,-1.6));
#8751 = VECTOR('',#8752,1.);
#8752 = DIRECTION('',(1.,0.));
#8753 = ( GEOMETRIC_REPRESENTATION_CONTEXT(2) 
PARAMETRIC_REPRESENTATION_CONTEXT() REPRESENTATION_CONTEXT('2D SPACE',''
  ) );
#8754 = PCURVE('',#8515,#8755);
#8755 = DEFINITIONAL_REPRESENTATION('',(#8756),#8760);
#8756 = LINE('',#8757,#8758);
#8757 = CARTESIAN_POINT('',(-6.068919882264,-1.481824562129));
#8758 = VECTOR('',#8759,1.);
#8759 = DIRECTION('',(-0.707106781187,0.707106781187));
#8760 = ( GEOMETRIC_REPRESENTATION_CONTEXT(2) 
PARAMETRIC_REPRESENTATION_CONTEXT() REPRESENTATION_CONTEXT('2D SPACE',''
  ) );
#8761 = ORIENTED_EDGE('',*,*,#8762,.F.);
#8762 = EDGE_CURVE('',#8763,#8740,#8765,.T.);
#8763 = VERTEX_POINT('',#8764);
#8764 = CARTESIAN_POINT('',(2.252020436799E-08,31.10436769799,2.));
#8765 = SURFACE_CURVE('',#8766,(#8770,#8777),.PCURVE_S1.);
#8766 = LINE('',#8767,#8768);
#8767 = CARTESIAN_POINT('',(2.252020436799E-08,31.10436769799,2.));
#8768 = VECTOR('',#8769,1.);
#8769 = DIRECTION('',(0.,0.,1.));
#8770 = PCURVE('',#8701,#8771);
#8771 = DEFINITIONAL_REPRESENTATION('',(#8772),#8776);
#8772 = LINE('',#8773,#8774);
#8773 = CARTESIAN_POINT('',(0.6,0.));
#8774 = VECTOR('',#8775,1.);
#8775 = DIRECTION('',(0.,-1.));
#8776 = ( GEOMETRIC_REPRESENTATION_CONTEXT(2) 
PARAMETRIC_REPRESENTATION_CONTEXT() REPRESENTATION_CONTEXT('2D SPACE',''
  ) );
#8777 = PCURVE('',#8487,#8778);
#8778 = DEFINITIONAL_REPRESENTATION('',(#8779),#8783);
#8779 = LINE('',#8780,#8781);
#8780 = CARTESIAN_POINT('',(0.,0.));
#8781 = VECTOR('',#8782,1.);
#8782 = DIRECTION('',(0.,-1.));
#8783 = ( GEOMETRIC_REPRESENTATION_CONTEXT(2) 
PARAMETRIC_REPRESENTATION_CONTEXT() REPRESENTATION_CONTEXT('2D SPACE',''
  ) );
#8784 = ORIENTED_EDGE('',*,*,#8785,.F.);
#8785 = EDGE_CURVE('',#8686,#8763,#8786,.T.);
#8786 = SURFACE_CURVE('',#8787,(#8791,#8798),.PCURVE_S1.);
#8787 = LINE('',#8788,#8789);
#8788 = CARTESIAN_POINT('',(0.424264091232,30.680103629278,2.));
#8789 = VECTOR('',#8790,1.);
#8790 = DIRECTION('',(-0.707106781187,0.707106781187,0.));
#8791 = PCURVE('',#8701,#8792);
#8792 = DEFINITIONAL_REPRESENTATION('',(#8793),#8797);
#8793 = LINE('',#8794,#8795);
#8794 = CARTESIAN_POINT('',(0.,0.));
#8795 = VECTOR('',#8796,1.);
#8796 = DIRECTION('',(1.,0.));
#8797 = ( GEOMETRIC_REPRESENTATION_CONTEXT(2) 
PARAMETRIC_REPRESENTATION_CONTEXT() REPRESENTATION_CONTEXT('2D SPACE',''
  ) );
#8798 = PCURVE('',#8569,#8799);
#8799 = DEFINITIONAL_REPRESENTATION('',(#8800),#8804);
#8800 = LINE('',#8801,#8802);
#8801 = CARTESIAN_POINT('',(-6.068919882264,-1.481824562129));
#8802 = VECTOR('',#8803,1.);
#8803 = DIRECTION('',(-0.707106781187,0.707106781187));
#8804 = ( GEOMETRIC_REPRESENTATION_CONTEXT(2) 
PARAMETRIC_REPRESENTATION_CONTEXT() REPRESENTATION_CONTEXT('2D SPACE',''
  ) );
#8805 = ADVANCED_FACE('',(#8806),#8487,.T.);
#8806 = FACE_BOUND('',#8807,.T.);
#8807 = EDGE_LOOP('',(#8808,#8809,#8830,#8831));
#8808 = ORIENTED_EDGE('',*,*,#8762,.T.);
#8809 = ORIENTED_EDGE('',*,*,#8810,.T.);
#8810 = EDGE_CURVE('',#8740,#8467,#8811,.T.);
#8811 = SURFACE_CURVE('',#8812,(#8816,#8823),.PCURVE_S1.);
#8812 = LINE('',#8813,#8814);
#8813 = CARTESIAN_POINT('',(2.252020436799E-08,31.10436769799,3.6));
#8814 = VECTOR('',#8815,1.);
#8815 = DIRECTION('',(0.874157276122,0.485642931179,0.));
#8816 = PCURVE('',#8487,#8817);
#8817 = DEFINITIONAL_REPRESENTATION('',(#8818),#8822);
#8818 = LINE('',#8819,#8820);
#8819 = CARTESIAN_POINT('',(0.,-1.6));
#8820 = VECTOR('',#8821,1.);
#8821 = DIRECTION('',(1.,0.));
#8822 = ( GEOMETRIC_REPRESENTATION_CONTEXT(2) 
PARAMETRIC_REPRESENTATION_CONTEXT() REPRESENTATION_CONTEXT('2D SPACE',''
  ) );
#8823 = PCURVE('',#8515,#8824);
#8824 = DEFINITIONAL_REPRESENTATION('',(#8825),#8829);
#8825 = LINE('',#8826,#8827);
#8826 = CARTESIAN_POINT('',(-6.493183950976,-1.057560493417));
#8827 = VECTOR('',#8828,1.);
#8828 = DIRECTION('',(0.874157276122,0.485642931179));
#8829 = ( GEOMETRIC_REPRESENTATION_CONTEXT(2) 
PARAMETRIC_REPRESENTATION_CONTEXT() REPRESENTATION_CONTEXT('2D SPACE',''
  ) );
#8830 = ORIENTED_EDGE('',*,*,#8464,.F.);
#8831 = ORIENTED_EDGE('',*,*,#8832,.F.);
#8832 = EDGE_CURVE('',#8763,#8465,#8833,.T.);
#8833 = SURFACE_CURVE('',#8834,(#8838,#8845),.PCURVE_S1.);
#8834 = LINE('',#8835,#8836);
#8835 = CARTESIAN_POINT('',(2.252020436799E-08,31.10436769799,2.));
#8836 = VECTOR('',#8837,1.);
#8837 = DIRECTION('',(0.874157276122,0.485642931179,0.));
#8838 = PCURVE('',#8487,#8839);
#8839 = DEFINITIONAL_REPRESENTATION('',(#8840),#8844);
#8840 = LINE('',#8841,#8842);
#8841 = CARTESIAN_POINT('',(0.,0.));
#8842 = VECTOR('',#8843,1.);
#8843 = DIRECTION('',(1.,0.));
#8844 = ( GEOMETRIC_REPRESENTATION_CONTEXT(2) 
PARAMETRIC_REPRESENTATION_CONTEXT() REPRESENTATION_CONTEXT('2D SPACE',''
  ) );
#8845 = PCURVE('',#8569,#8846);
#8846 = DEFINITIONAL_REPRESENTATION('',(#8847),#8851);
#8847 = LINE('',#8848,#8849);
#8848 = CARTESIAN_POINT('',(-6.493183950976,-1.057560493417));
#8849 = VECTOR('',#8850,1.);
#8850 = DIRECTION('',(0.874157276122,0.485642931179));
#8851 = ( GEOMETRIC_REPRESENTATION_CONTEXT(2) 
PARAMETRIC_REPRESENTATION_CONTEXT() REPRESENTATION_CONTEXT('2D SPACE',''
  ) );
#8852 = ADVANCED_FACE('',(#8853),#8569,.F.);
#8853 = FACE_BOUND('',#8854,.T.);
#8854 = EDGE_LOOP('',(#8855,#8856,#8857,#8858,#8859));
#8855 = ORIENTED_EDGE('',*,*,#8555,.T.);
#8856 = ORIENTED_EDGE('',*,*,#8636,.T.);
#8857 = ORIENTED_EDGE('',*,*,#8713,.T.);
#8858 = ORIENTED_EDGE('',*,*,#8785,.T.);
#8859 = ORIENTED_EDGE('',*,*,#8832,.T.);
#8860 = ADVANCED_FACE('',(#8861),#8515,.T.);
#8861 = FACE_BOUND('',#8862,.F.);
#8862 = EDGE_LOOP('',(#8863,#8864,#8865,#8866,#8867));
#8863 = ORIENTED_EDGE('',*,*,#8499,.T.);
#8864 = ORIENTED_EDGE('',*,*,#8585,.T.);
#8865 = ORIENTED_EDGE('',*,*,#8661,.T.);
#8866 = ORIENTED_EDGE('',*,*,#8739,.T.);
#8867 = ORIENTED_EDGE('',*,*,#8810,.T.);
#8868 = MANIFOLD_SOLID_BREP('',#8869);
#8869 = CLOSED_SHELL('',(#8870,#9000,#9076,#9154,#9225,#9282,#9290));
#8870 = ADVANCED_FACE('',(#8871),#8885,.T.);
#8871 = FACE_BOUND('',#8872,.T.);
#8872 = EDGE_LOOP('',(#8873,#8908,#8941,#8969));
#8873 = ORIENTED_EDGE('',*,*,#8874,.T.);
#8874 = EDGE_CURVE('',#8875,#8877,#8879,.T.);
#8875 = VERTEX_POINT('',#8876);
#8876 = CARTESIAN_POINT('',(21.287948559787,21.252599309451,2.));
#8877 = VERTEX_POINT('',#8878);
#8878 = CARTESIAN_POINT('',(21.287948559787,21.252599309451,3.6));
#8879 = SURFACE_CURVE('',#8880,(#8884,#8896),.PCURVE_S1.);
#8880 = LINE('',#8881,#8882);
#8881 = CARTESIAN_POINT('',(21.287948559787,21.252599309451,2.));
#8882 = VECTOR('',#8883,1.);
#8883 = DIRECTION('',(0.,0.,1.));
#8884 = PCURVE('',#8885,#8890);
#8885 = CYLINDRICAL_SURFACE('',#8886,40.483465886407);
#8886 = AXIS2_PLACEMENT_3D('',#8887,#8888,#8889);
#8887 = CARTESIAN_POINT('',(-18.14049912997,30.43456657967,2.));
#8888 = DIRECTION('',(0.,0.,-1.));
#8889 = DIRECTION('',(0.973939528804,-0.226807835475,0.));
#8890 = DEFINITIONAL_REPRESENTATION('',(#8891),#8895);
#8891 = LINE('',#8892,#8893);
#8892 = CARTESIAN_POINT('',(0.,0.));
#8893 = VECTOR('',#8894,1.);
#8894 = DIRECTION('',(0.,-1.));
#8895 = ( GEOMETRIC_REPRESENTATION_CONTEXT(2) 
PARAMETRIC_REPRESENTATION_CONTEXT() REPRESENTATION_CONTEXT('2D SPACE',''
  ) );
#8896 = PCURVE('',#8897,#8902);
#8897 = CYLINDRICAL_SURFACE('',#8898,40.483465886407);
#8898 = AXIS2_PLACEMENT_3D('',#8899,#8900,#8901);
#8899 = CARTESIAN_POINT('',(30.469915830006,-18.17584838031,2.));
#8900 = DIRECTION('',(0.,0.,-1.));
#8901 = DIRECTION('',(-0.655772700088,0.754958386813,0.));
#8902 = DEFINITIONAL_REPRESENTATION('',(#8903),#8907);
#8903 = LINE('',#8904,#8905);
#8904 = CARTESIAN_POINT('',(0.486406820945,0.));
#8905 = VECTOR('',#8906,1.);
#8906 = DIRECTION('',(0.,-1.));
#8907 = ( GEOMETRIC_REPRESENTATION_CONTEXT(2) 
PARAMETRIC_REPRESENTATION_CONTEXT() REPRESENTATION_CONTEXT('2D SPACE',''
  ) );
#8908 = ORIENTED_EDGE('',*,*,#8909,.T.);
#8909 = EDGE_CURVE('',#8877,#8910,#8912,.T.);
#8910 = VERTEX_POINT('',#8911);
#8911 = CARTESIAN_POINT('',(12.422832968234,3.886614846433,3.6));
#8912 = SURFACE_CURVE('',#8913,(#8918,#8925),.PCURVE_S1.);
#8913 = CIRCLE('',#8914,40.483465886407);
#8914 = AXIS2_PLACEMENT_3D('',#8915,#8916,#8917);
#8915 = CARTESIAN_POINT('',(-18.14049912997,30.43456657967,3.6));
#8916 = DIRECTION('',(0.,0.,-1.));
#8917 = DIRECTION('',(0.973939528804,-0.226807835475,0.));
#8918 = PCURVE('',#8885,#8919);
#8919 = DEFINITIONAL_REPRESENTATION('',(#8920),#8924);
#8920 = LINE('',#8921,#8922);
#8921 = CARTESIAN_POINT('',(0.,-1.6));
#8922 = VECTOR('',#8923,1.);
#8923 = DIRECTION('',(1.,0.));
#8924 = ( GEOMETRIC_REPRESENTATION_CONTEXT(2) 
PARAMETRIC_REPRESENTATION_CONTEXT() REPRESENTATION_CONTEXT('2D SPACE',''
  ) );
#8925 = PCURVE('',#8926,#8931);
#8926 = PLANE('',#8927);
#8927 = AXIS2_PLACEMENT_3D('',#8928,#8929,#8930);
#8928 = CARTESIAN_POINT('',(13.432739275285,13.397390024949,3.6));
#8929 = DIRECTION('',(0.,0.,1.));
#8930 = DIRECTION('',(1.,0.,-0.));
#8931 = DEFINITIONAL_REPRESENTATION('',(#8932),#8940);
#8932 = ( BOUNDED_CURVE() B_SPLINE_CURVE(2,(#8933,#8934,#8935,#8936,
#8937,#8938,#8939),.UNSPECIFIED.,.T.,.F.) B_SPLINE_CURVE_WITH_KNOTS((1,2
    ,2,2,2,1),(-2.094395102393,0.,2.094395102393,4.188790204786,
6.28318530718,8.377580409573),.UNSPECIFIED.) CURVE() 
GEOMETRIC_REPRESENTATION_ITEM() RATIONAL_B_SPLINE_CURVE((1.,0.5,1.,0.5,
1.,0.5,1.)) REPRESENTATION_ITEM('') );
#8933 = CARTESIAN_POINT('',(7.855209284501,7.855209284501));
#8934 = CARTESIAN_POINT('',(-8.048424540953,-60.43686537774));
#8935 = CARTESIAN_POINT('',(-59.23927916287,-12.51787714129));
#8936 = CARTESIAN_POINT('',(-110.4301337847,35.401111095159));
#8937 = CARTESIAN_POINT('',(-43.33564533741,55.774197520953));
#8938 = CARTESIAN_POINT('',(23.758843109956,76.147283946746));
#8939 = CARTESIAN_POINT('',(7.855209284501,7.855209284501));
#8940 = ( GEOMETRIC_REPRESENTATION_CONTEXT(2) 
PARAMETRIC_REPRESENTATION_CONTEXT() REPRESENTATION_CONTEXT('2D SPACE',''
  ) );
#8941 = ORIENTED_EDGE('',*,*,#8942,.F.);
#8942 = EDGE_CURVE('',#8943,#8910,#8945,.T.);
#8943 = VERTEX_POINT('',#8944);
#8944 = CARTESIAN_POINT('',(12.422832968234,3.886614846433,2.));
#8945 = SURFACE_CURVE('',#8946,(#8950,#8957),.PCURVE_S1.);
#8946 = LINE('',#8947,#8948);
#8947 = CARTESIAN_POINT('',(12.422832968234,3.886614846433,2.));
#8948 = VECTOR('',#8949,1.);
#8949 = DIRECTION('',(0.,0.,1.));
#8950 = PCURVE('',#8885,#8951);
#8951 = DEFINITIONAL_REPRESENTATION('',(#8952),#8956);
#8952 = LINE('',#8953,#8954);
#8953 = CARTESIAN_POINT('',(0.486406820945,0.));
#8954 = VECTOR('',#8955,1.);
#8955 = DIRECTION('',(0.,-1.));
#8956 = ( GEOMETRIC_REPRESENTATION_CONTEXT(2) 
PARAMETRIC_REPRESENTATION_CONTEXT() REPRESENTATION_CONTEXT('2D SPACE',''
  ) );
#8957 = PCURVE('',#8958,#8963);
#8958 = PLANE('',#8959);
#8959 = AXIS2_PLACEMENT_3D('',#8960,#8961,#8962);
#8960 = CARTESIAN_POINT('',(12.422832968234,3.886614846433,2.));
#8961 = DIRECTION('',(-0.707106781187,-0.707106781187,0.));
#8962 = DIRECTION('',(-0.707106781187,0.707106781187,0.));
#8963 = DEFINITIONAL_REPRESENTATION('',(#8964),#8968);
#8964 = LINE('',#8965,#8966);
#8965 = CARTESIAN_POINT('',(-6.280369834735E-16,-0.));
#8966 = VECTOR('',#8967,1.);
#8967 = DIRECTION('',(0.,-1.));
#8968 = ( GEOMETRIC_REPRESENTATION_CONTEXT(2) 
PARAMETRIC_REPRESENTATION_CONTEXT() REPRESENTATION_CONTEXT('2D SPACE',''
  ) );
#8969 = ORIENTED_EDGE('',*,*,#8970,.F.);
#8970 = EDGE_CURVE('',#8875,#8943,#8971,.T.);
#8971 = SURFACE_CURVE('',#8972,(#8977,#8984),.PCURVE_S1.);
#8972 = CIRCLE('',#8973,40.483465886407);
#8973 = AXIS2_PLACEMENT_3D('',#8974,#8975,#8976);
#8974 = CARTESIAN_POINT('',(-18.14049912997,30.43456657967,2.));
#8975 = DIRECTION('',(0.,0.,-1.));
#8976 = DIRECTION('',(0.973939528804,-0.226807835475,0.));
#8977 = PCURVE('',#8885,#8978);
#8978 = DEFINITIONAL_REPRESENTATION('',(#8979),#8983);
#8979 = LINE('',#8980,#8981);
#8980 = CARTESIAN_POINT('',(0.,0.));
#8981 = VECTOR('',#8982,1.);
#8982 = DIRECTION('',(1.,0.));
#8983 = ( GEOMETRIC_REPRESENTATION_CONTEXT(2) 
PARAMETRIC_REPRESENTATION_CONTEXT() REPRESENTATION_CONTEXT('2D SPACE',''
  ) );
#8984 = PCURVE('',#8985,#8990);
#8985 = PLANE('',#8986);
#8986 = AXIS2_PLACEMENT_3D('',#8987,#8988,#8989);
#8987 = CARTESIAN_POINT('',(13.432739275285,13.397390024949,2.));
#8988 = DIRECTION('',(0.,0.,1.));
#8989 = DIRECTION('',(1.,0.,-0.));
#8990 = DEFINITIONAL_REPRESENTATION('',(#8991),#8999);
#8991 = ( BOUNDED_CURVE() B_SPLINE_CURVE(2,(#8992,#8993,#8994,#8995,
#8996,#8997,#8998),.UNSPECIFIED.,.T.,.F.) B_SPLINE_CURVE_WITH_KNOTS((1,2
    ,2,2,2,1),(-2.094395102393,0.,2.094395102393,4.188790204786,
6.28318530718,8.377580409573),.UNSPECIFIED.) CURVE() 
GEOMETRIC_REPRESENTATION_ITEM() RATIONAL_B_SPLINE_CURVE((1.,0.5,1.,0.5,
1.,0.5,1.)) REPRESENTATION_ITEM('') );
#8992 = CARTESIAN_POINT('',(7.855209284501,7.855209284501));
#8993 = CARTESIAN_POINT('',(-8.048424540953,-60.43686537774));
#8994 = CARTESIAN_POINT('',(-59.23927916287,-12.51787714129));
#8995 = CARTESIAN_POINT('',(-110.4301337847,35.401111095159));
#8996 = CARTESIAN_POINT('',(-43.33564533741,55.774197520953));
#8997 = CARTESIAN_POINT('',(23.758843109956,76.147283946746));
#8998 = CARTESIAN_POINT('',(7.855209284501,7.855209284501));
#8999 = ( GEOMETRIC_REPRESENTATION_CONTEXT(2) 
PARAMETRIC_REPRESENTATION_CONTEXT() REPRESENTATION_CONTEXT('2D SPACE',''
  ) );
#9000 = ADVANCED_FACE('',(#9001),#8958,.T.);
#9001 = FACE_BOUND('',#9002,.T.);
#9002 = EDGE_LOOP('',(#9003,#9004,#9027,#9055));
#9003 = ORIENTED_EDGE('',*,*,#8942,.T.);
#9004 = ORIENTED_EDGE('',*,*,#9005,.T.);
#9005 = EDGE_CURVE('',#8910,#9006,#9008,.T.);
#9006 = VERTEX_POINT('',#9007);
#9007 = CARTESIAN_POINT('',(11.998568899522,4.310878915145,3.6));
#9008 = SURFACE_CURVE('',#9009,(#9013,#9020),.PCURVE_S1.);
#9009 = LINE('',#9010,#9011);
#9010 = CARTESIAN_POINT('',(12.422832968234,3.886614846433,3.6));
#9011 = VECTOR('',#9012,1.);
#9012 = DIRECTION('',(-0.707106781187,0.707106781187,0.));
#9013 = PCURVE('',#8958,#9014);
#9014 = DEFINITIONAL_REPRESENTATION('',(#9015),#9019);
#9015 = LINE('',#9016,#9017);
#9016 = CARTESIAN_POINT('',(0.,-1.6));
#9017 = VECTOR('',#9018,1.);
#9018 = DIRECTION('',(1.,0.));
#9019 = ( GEOMETRIC_REPRESENTATION_CONTEXT(2) 
PARAMETRIC_REPRESENTATION_CONTEXT() REPRESENTATION_CONTEXT('2D SPACE',''
  ) );
#9020 = PCURVE('',#8926,#9021);
#9021 = DEFINITIONAL_REPRESENTATION('',(#9022),#9026);
#9022 = LINE('',#9023,#9024);
#9023 = CARTESIAN_POINT('',(-1.009906307051,-9.510775178516));
#9024 = VECTOR('',#9025,1.);
#9025 = DIRECTION('',(-0.707106781187,0.707106781187));
#9026 = ( GEOMETRIC_REPRESENTATION_CONTEXT(2) 
PARAMETRIC_REPRESENTATION_CONTEXT() REPRESENTATION_CONTEXT('2D SPACE',''
  ) );
#9027 = ORIENTED_EDGE('',*,*,#9028,.F.);
#9028 = EDGE_CURVE('',#9029,#9006,#9031,.T.);
#9029 = VERTEX_POINT('',#9030);
#9030 = CARTESIAN_POINT('',(11.998568899522,4.310878915145,2.));
#9031 = SURFACE_CURVE('',#9032,(#9036,#9043),.PCURVE_S1.);
#9032 = LINE('',#9033,#9034);
#9033 = CARTESIAN_POINT('',(11.998568899522,4.310878915145,2.));
#9034 = VECTOR('',#9035,1.);
#9035 = DIRECTION('',(0.,0.,1.));
#9036 = PCURVE('',#8958,#9037);
#9037 = DEFINITIONAL_REPRESENTATION('',(#9038),#9042);
#9038 = LINE('',#9039,#9040);
#9039 = CARTESIAN_POINT('',(0.6,0.));
#9040 = VECTOR('',#9041,1.);
#9041 = DIRECTION('',(0.,-1.));
#9042 = ( GEOMETRIC_REPRESENTATION_CONTEXT(2) 
PARAMETRIC_REPRESENTATION_CONTEXT() REPRESENTATION_CONTEXT('2D SPACE',''
  ) );
#9043 = PCURVE('',#9044,#9049);
#9044 = CYLINDRICAL_SURFACE('',#9045,6.110711831911);
#9045 = AXIS2_PLACEMENT_3D('',#9046,#9047,#9048);
#9046 = CARTESIAN_POINT('',(6.164708350014,6.129359099678,2.));
#9047 = DIRECTION('',(-0.,-0.,-1.));
#9048 = DIRECTION('',(0.954694102747,-0.297588928189,0.));
#9049 = DEFINITIONAL_REPRESENTATION('',(#9050),#9054);
#9050 = LINE('',#9051,#9052);
#9051 = CARTESIAN_POINT('',(-0.,0.));
#9052 = VECTOR('',#9053,1.);
#9053 = DIRECTION('',(-0.,-1.));
#9054 = ( GEOMETRIC_REPRESENTATION_CONTEXT(2) 
PARAMETRIC_REPRESENTATION_CONTEXT() REPRESENTATION_CONTEXT('2D SPACE',''
  ) );
#9055 = ORIENTED_EDGE('',*,*,#9056,.F.);
#9056 = EDGE_CURVE('',#8943,#9029,#9057,.T.);
#9057 = SURFACE_CURVE('',#9058,(#9062,#9069),.PCURVE_S1.);
#9058 = LINE('',#9059,#9060);
#9059 = CARTESIAN_POINT('',(12.422832968234,3.886614846433,2.));
#9060 = VECTOR('',#9061,1.);
#9061 = DIRECTION('',(-0.707106781187,0.707106781187,0.));
#9062 = PCURVE('',#8958,#9063);
#9063 = DEFINITIONAL_REPRESENTATION('',(#9064),#9068);
#9064 = LINE('',#9065,#9066);
#9065 = CARTESIAN_POINT('',(0.,0.));
#9066 = VECTOR('',#9067,1.);
#9067 = DIRECTION('',(1.,0.));
#9068 = ( GEOMETRIC_REPRESENTATION_CONTEXT(2) 
PARAMETRIC_REPRESENTATION_CONTEXT() REPRESENTATION_CONTEXT('2D SPACE',''
  ) );
#9069 = PCURVE('',#8985,#9070);
#9070 = DEFINITIONAL_REPRESENTATION('',(#9071),#9075);
#9071 = LINE('',#9072,#9073);
#9072 = CARTESIAN_POINT('',(-1.009906307051,-9.510775178516));
#9073 = VECTOR('',#9074,1.);
#9074 = DIRECTION('',(-0.707106781187,0.707106781187));
#9075 = ( GEOMETRIC_REPRESENTATION_CONTEXT(2) 
PARAMETRIC_REPRESENTATION_CONTEXT() REPRESENTATION_CONTEXT('2D SPACE',''
  ) );
#9076 = ADVANCED_FACE('',(#9077),#9044,.F.);
#9077 = FACE_BOUND('',#9078,.T.);
#9078 = EDGE_LOOP('',(#9079,#9080,#9104,#9132));
#9079 = ORIENTED_EDGE('',*,*,#9028,.T.);
#9080 = ORIENTED_EDGE('',*,*,#9081,.T.);
#9081 = EDGE_CURVE('',#9006,#9082,#9084,.T.);
#9082 = VERTEX_POINT('',#9083);
#9083 = CARTESIAN_POINT('',(4.346228165481,11.963219649186,3.6));
#9084 = SURFACE_CURVE('',#9085,(#9090,#9097),.PCURVE_S1.);
#9085 = CIRCLE('',#9086,6.110711831911);
#9086 = AXIS2_PLACEMENT_3D('',#9087,#9088,#9089);
#9087 = CARTESIAN_POINT('',(6.164708350014,6.129359099678,3.6));
#9088 = DIRECTION('',(0.,0.,1.));
#9089 = DIRECTION('',(0.954694102747,-0.297588928189,0.));
#9090 = PCURVE('',#9044,#9091);
#9091 = DEFINITIONAL_REPRESENTATION('',(#9092),#9096);
#9092 = LINE('',#9093,#9094);
#9093 = CARTESIAN_POINT('',(-0.,-1.6));
#9094 = VECTOR('',#9095,1.);
#9095 = DIRECTION('',(-1.,0.));
#9096 = ( GEOMETRIC_REPRESENTATION_CONTEXT(2) 
PARAMETRIC_REPRESENTATION_CONTEXT() REPRESENTATION_CONTEXT('2D SPACE',''
  ) );
#9097 = PCURVE('',#8926,#9098);
#9098 = DEFINITIONAL_REPRESENTATION('',(#9099),#9103);
#9099 = CIRCLE('',#9100,6.110711831911);
#9100 = AXIS2_PLACEMENT_2D('',#9101,#9102);
#9101 = CARTESIAN_POINT('',(-7.268030925271,-7.268030925271));
#9102 = DIRECTION('',(0.954694102747,-0.297588928189));
#9103 = ( GEOMETRIC_REPRESENTATION_CONTEXT(2) 
PARAMETRIC_REPRESENTATION_CONTEXT() REPRESENTATION_CONTEXT('2D SPACE',''
  ) );
#9104 = ORIENTED_EDGE('',*,*,#9105,.F.);
#9105 = EDGE_CURVE('',#9106,#9082,#9108,.T.);
#9106 = VERTEX_POINT('',#9107);
#9107 = CARTESIAN_POINT('',(4.346228165481,11.963219649186,2.));
#9108 = SURFACE_CURVE('',#9109,(#9113,#9120),.PCURVE_S1.);
#9109 = LINE('',#9110,#9111);
#9110 = CARTESIAN_POINT('',(4.346228165481,11.963219649186,2.));
#9111 = VECTOR('',#9112,1.);
#9112 = DIRECTION('',(0.,0.,1.));
#9113 = PCURVE('',#9044,#9114);
#9114 = DEFINITIONAL_REPRESENTATION('',(#9115),#9119);
#9115 = LINE('',#9116,#9117);
#9116 = CARTESIAN_POINT('',(-2.175128656817,0.));
#9117 = VECTOR('',#9118,1.);
#9118 = DIRECTION('',(-0.,-1.));
#9119 = ( GEOMETRIC_REPRESENTATION_CONTEXT(2) 
PARAMETRIC_REPRESENTATION_CONTEXT() REPRESENTATION_CONTEXT('2D SPACE',''
  ) );
#9120 = PCURVE('',#9121,#9126);
#9121 = PLANE('',#9122);
#9122 = AXIS2_PLACEMENT_3D('',#9123,#9124,#9125);
#9123 = CARTESIAN_POINT('',(4.346228165481,11.963219649186,2.));
#9124 = DIRECTION('',(-0.707106781187,-0.707106781187,0.));
#9125 = DIRECTION('',(-0.707106781187,0.707106781187,0.));
#9126 = DEFINITIONAL_REPRESENTATION('',(#9127),#9131);
#9127 = LINE('',#9128,#9129);
#9128 = CARTESIAN_POINT('',(0.,0.));
#9129 = VECTOR('',#9130,1.);
#9130 = DIRECTION('',(0.,-1.));
#9131 = ( GEOMETRIC_REPRESENTATION_CONTEXT(2) 
PARAMETRIC_REPRESENTATION_CONTEXT() REPRESENTATION_CONTEXT('2D SPACE',''
  ) );
#9132 = ORIENTED_EDGE('',*,*,#9133,.F.);
#9133 = EDGE_CURVE('',#9029,#9106,#9134,.T.);
#9134 = SURFACE_CURVE('',#9135,(#9140,#9147),.PCURVE_S1.);
#9135 = CIRCLE('',#9136,6.110711831911);
#9136 = AXIS2_PLACEMENT_3D('',#9137,#9138,#9139);
#9137 = CARTESIAN_POINT('',(6.164708350014,6.129359099678,2.));
#9138 = DIRECTION('',(0.,0.,1.));
#9139 = DIRECTION('',(0.954694102747,-0.297588928189,0.));
#9140 = PCURVE('',#9044,#9141);
#9141 = DEFINITIONAL_REPRESENTATION('',(#9142),#9146);
#9142 = LINE('',#9143,#9144);
#9143 = CARTESIAN_POINT('',(-0.,0.));
#9144 = VECTOR('',#9145,1.);
#9145 = DIRECTION('',(-1.,0.));
#9146 = ( GEOMETRIC_REPRESENTATION_CONTEXT(2) 
PARAMETRIC_REPRESENTATION_CONTEXT() REPRESENTATION_CONTEXT('2D SPACE',''
  ) );
#9147 = PCURVE('',#8985,#9148);
#9148 = DEFINITIONAL_REPRESENTATION('',(#9149),#9153);
#9149 = CIRCLE('',#9150,6.110711831911);
#9150 = AXIS2_PLACEMENT_2D('',#9151,#9152);
#9151 = CARTESIAN_POINT('',(-7.268030925271,-7.268030925271));
#9152 = DIRECTION('',(0.954694102747,-0.297588928189));
#9153 = ( GEOMETRIC_REPRESENTATION_CONTEXT(2) 
PARAMETRIC_REPRESENTATION_CONTEXT() REPRESENTATION_CONTEXT('2D SPACE',''
  ) );
#9154 = ADVANCED_FACE('',(#9155),#9121,.T.);
#9155 = FACE_BOUND('',#9156,.T.);
#9156 = EDGE_LOOP('',(#9157,#9158,#9181,#9204));
#9157 = ORIENTED_EDGE('',*,*,#9105,.T.);
#9158 = ORIENTED_EDGE('',*,*,#9159,.T.);
#9159 = EDGE_CURVE('',#9082,#9160,#9162,.T.);
#9160 = VERTEX_POINT('',#9161);
#9161 = CARTESIAN_POINT('',(3.921964096769,12.387483717898,3.6));
#9162 = SURFACE_CURVE('',#9163,(#9167,#9174),.PCURVE_S1.);
#9163 = LINE('',#9164,#9165);
#9164 = CARTESIAN_POINT('',(4.346228165481,11.963219649186,3.6));
#9165 = VECTOR('',#9166,1.);
#9166 = DIRECTION('',(-0.707106781187,0.707106781187,0.));
#9167 = PCURVE('',#9121,#9168);
#9168 = DEFINITIONAL_REPRESENTATION('',(#9169),#9173);
#9169 = LINE('',#9170,#9171);
#9170 = CARTESIAN_POINT('',(0.,-1.6));
#9171 = VECTOR('',#9172,1.);
#9172 = DIRECTION('',(1.,0.));
#9173 = ( GEOMETRIC_REPRESENTATION_CONTEXT(2) 
PARAMETRIC_REPRESENTATION_CONTEXT() REPRESENTATION_CONTEXT('2D SPACE',''
  ) );
#9174 = PCURVE('',#8926,#9175);
#9175 = DEFINITIONAL_REPRESENTATION('',(#9176),#9180);
#9176 = LINE('',#9177,#9178);
#9177 = CARTESIAN_POINT('',(-9.086511109804,-1.434170375763));
#9178 = VECTOR('',#9179,1.);
#9179 = DIRECTION('',(-0.707106781187,0.707106781187));
#9180 = ( GEOMETRIC_REPRESENTATION_CONTEXT(2) 
PARAMETRIC_REPRESENTATION_CONTEXT() REPRESENTATION_CONTEXT('2D SPACE',''
  ) );
#9181 = ORIENTED_EDGE('',*,*,#9182,.F.);
#9182 = EDGE_CURVE('',#9183,#9160,#9185,.T.);
#9183 = VERTEX_POINT('',#9184);
#9184 = CARTESIAN_POINT('',(3.921964096769,12.387483717898,2.));
#9185 = SURFACE_CURVE('',#9186,(#9190,#9197),.PCURVE_S1.);
#9186 = LINE('',#9187,#9188);
#9187 = CARTESIAN_POINT('',(3.921964096769,12.387483717898,2.));
#9188 = VECTOR('',#9189,1.);
#9189 = DIRECTION('',(0.,0.,1.));
#9190 = PCURVE('',#9121,#9191);
#9191 = DEFINITIONAL_REPRESENTATION('',(#9192),#9196);
#9192 = LINE('',#9193,#9194);
#9193 = CARTESIAN_POINT('',(0.6,0.));
#9194 = VECTOR('',#9195,1.);
#9195 = DIRECTION('',(0.,-1.));
#9196 = ( GEOMETRIC_REPRESENTATION_CONTEXT(2) 
PARAMETRIC_REPRESENTATION_CONTEXT() REPRESENTATION_CONTEXT('2D SPACE',''
  ) );
#9197 = PCURVE('',#8897,#9198);
#9198 = DEFINITIONAL_REPRESENTATION('',(#9199),#9203);
#9199 = LINE('',#9200,#9201);
#9200 = CARTESIAN_POINT('',(0.,0.));
#9201 = VECTOR('',#9202,1.);
#9202 = DIRECTION('',(0.,-1.));
#9203 = ( GEOMETRIC_REPRESENTATION_CONTEXT(2) 
PARAMETRIC_REPRESENTATION_CONTEXT() REPRESENTATION_CONTEXT('2D SPACE',''
  ) );
#9204 = ORIENTED_EDGE('',*,*,#9205,.F.);
#9205 = EDGE_CURVE('',#9106,#9183,#9206,.T.);
#9206 = SURFACE_CURVE('',#9207,(#9211,#9218),.PCURVE_S1.);
#9207 = LINE('',#9208,#9209);
#9208 = CARTESIAN_POINT('',(4.346228165481,11.963219649186,2.));
#9209 = VECTOR('',#9210,1.);
#9210 = DIRECTION('',(-0.707106781187,0.707106781187,0.));
#9211 = PCURVE('',#9121,#9212);
#9212 = DEFINITIONAL_REPRESENTATION('',(#9213),#9217);
#9213 = LINE('',#9214,#9215);
#9214 = CARTESIAN_POINT('',(0.,0.));
#9215 = VECTOR('',#9216,1.);
#9216 = DIRECTION('',(1.,0.));
#9217 = ( GEOMETRIC_REPRESENTATION_CONTEXT(2) 
PARAMETRIC_REPRESENTATION_CONTEXT() REPRESENTATION_CONTEXT('2D SPACE',''
  ) );
#9218 = PCURVE('',#8985,#9219);
#9219 = DEFINITIONAL_REPRESENTATION('',(#9220),#9224);
#9220 = LINE('',#9221,#9222);
#9221 = CARTESIAN_POINT('',(-9.086511109804,-1.434170375763));
#9222 = VECTOR('',#9223,1.);
#9223 = DIRECTION('',(-0.707106781187,0.707106781187));
#9224 = ( GEOMETRIC_REPRESENTATION_CONTEXT(2) 
PARAMETRIC_REPRESENTATION_CONTEXT() REPRESENTATION_CONTEXT('2D SPACE',''
  ) );
#9225 = ADVANCED_FACE('',(#9226),#8897,.T.);
#9226 = FACE_BOUND('',#9227,.T.);
#9227 = EDGE_LOOP('',(#9228,#9229,#9255,#9256));
#9228 = ORIENTED_EDGE('',*,*,#9182,.T.);
#9229 = ORIENTED_EDGE('',*,*,#9230,.T.);
#9230 = EDGE_CURVE('',#9160,#8877,#9231,.T.);
#9231 = SURFACE_CURVE('',#9232,(#9237,#9244),.PCURVE_S1.);
#9232 = CIRCLE('',#9233,40.483465886407);
#9233 = AXIS2_PLACEMENT_3D('',#9234,#9235,#9236);
#9234 = CARTESIAN_POINT('',(30.469915830006,-18.17584838031,3.6));
#9235 = DIRECTION('',(0.,0.,-1.));
#9236 = DIRECTION('',(-0.655772700088,0.754958386813,0.));
#9237 = PCURVE('',#8897,#9238);
#9238 = DEFINITIONAL_REPRESENTATION('',(#9239),#9243);
#9239 = LINE('',#9240,#9241);
#9240 = CARTESIAN_POINT('',(0.,-1.6));
#9241 = VECTOR('',#9242,1.);
#9242 = DIRECTION('',(1.,0.));
#9243 = ( GEOMETRIC_REPRESENTATION_CONTEXT(2) 
PARAMETRIC_REPRESENTATION_CONTEXT() REPRESENTATION_CONTEXT('2D SPACE',''
  ) );
#9244 = PCURVE('',#8926,#9245);
#9245 = DEFINITIONAL_REPRESENTATION('',(#9246),#9254);
#9246 = ( BOUNDED_CURVE() B_SPLINE_CURVE(2,(#9247,#9248,#9249,#9250,
#9251,#9252,#9253),.UNSPECIFIED.,.T.,.F.) B_SPLINE_CURVE_WITH_KNOTS((1,2
    ,2,2,2,1),(-2.094395102393,0.,2.094395102393,4.188790204786,
6.28318530718,8.377580409573),.UNSPECIFIED.) CURVE() 
GEOMETRIC_REPRESENTATION_ITEM() RATIONAL_B_SPLINE_CURVE((1.,0.5,1.,0.5,
1.,0.5,1.)) REPRESENTATION_ITEM('') );
#9247 = CARTESIAN_POINT('',(-9.510775178516,-1.009906307051));
#9248 = CARTESIAN_POINT('',(43.426468864189,44.972494931802));
#9249 = CARTESIAN_POINT('',(56.779774442692,-23.86370383494));
#9250 = CARTESIAN_POINT('',(70.133080021195,-92.69990260168));
#9251 = CARTESIAN_POINT('',(3.842530399987,-69.84610507379));
#9252 = CARTESIAN_POINT('',(-62.44801922122,-46.9923075459));
#9253 = CARTESIAN_POINT('',(-9.510775178516,-1.009906307051));
#9254 = ( GEOMETRIC_REPRESENTATION_CONTEXT(2) 
PARAMETRIC_REPRESENTATION_CONTEXT() REPRESENTATION_CONTEXT('2D SPACE',''
  ) );
#9255 = ORIENTED_EDGE('',*,*,#8874,.F.);
#9256 = ORIENTED_EDGE('',*,*,#9257,.F.);
#9257 = EDGE_CURVE('',#9183,#8875,#9258,.T.);
#9258 = SURFACE_CURVE('',#9259,(#9264,#9271),.PCURVE_S1.);
#9259 = CIRCLE('',#9260,40.483465886407);
#9260 = AXIS2_PLACEMENT_3D('',#9261,#9262,#9263);
#9261 = CARTESIAN_POINT('',(30.469915830006,-18.17584838031,2.));
#9262 = DIRECTION('',(0.,0.,-1.));
#9263 = DIRECTION('',(-0.655772700088,0.754958386813,0.));
#9264 = PCURVE('',#8897,#9265);
#9265 = DEFINITIONAL_REPRESENTATION('',(#9266),#9270);
#9266 = LINE('',#9267,#9268);
#9267 = CARTESIAN_POINT('',(0.,0.));
#9268 = VECTOR('',#9269,1.);
#9269 = DIRECTION('',(1.,0.));
#9270 = ( GEOMETRIC_REPRESENTATION_CONTEXT(2) 
PARAMETRIC_REPRESENTATION_CONTEXT() REPRESENTATION_CONTEXT('2D SPACE',''
  ) );
#9271 = PCURVE('',#8985,#9272);
#9272 = DEFINITIONAL_REPRESENTATION('',(#9273),#9281);
#9273 = ( BOUNDED_CURVE() B_SPLINE_CURVE(2,(#9274,#9275,#9276,#9277,
#9278,#9279,#9280),.UNSPECIFIED.,.T.,.F.) B_SPLINE_CURVE_WITH_KNOTS((1,2
    ,2,2,2,1),(-2.094395102393,0.,2.094395102393,4.188790204786,
6.28318530718,8.377580409573),.UNSPECIFIED.) CURVE() 
GEOMETRIC_REPRESENTATION_ITEM() RATIONAL_B_SPLINE_CURVE((1.,0.5,1.,0.5,
1.,0.5,1.)) REPRESENTATION_ITEM('') );
#9274 = CARTESIAN_POINT('',(-9.510775178516,-1.009906307051));
#9275 = CARTESIAN_POINT('',(43.426468864189,44.972494931802));
#9276 = CARTESIAN_POINT('',(56.779774442692,-23.86370383494));
#9277 = CARTESIAN_POINT('',(70.133080021195,-92.69990260168));
#9278 = CARTESIAN_POINT('',(3.842530399987,-69.84610507379));
#9279 = CARTESIAN_POINT('',(-62.44801922122,-46.9923075459));
#9280 = CARTESIAN_POINT('',(-9.510775178516,-1.009906307051));
#9281 = ( GEOMETRIC_REPRESENTATION_CONTEXT(2) 
PARAMETRIC_REPRESENTATION_CONTEXT() REPRESENTATION_CONTEXT('2D SPACE',''
  ) );
#9282 = ADVANCED_FACE('',(#9283),#8985,.F.);
#9283 = FACE_BOUND('',#9284,.T.);
#9284 = EDGE_LOOP('',(#9285,#9286,#9287,#9288,#9289));
#9285 = ORIENTED_EDGE('',*,*,#8970,.T.);
#9286 = ORIENTED_EDGE('',*,*,#9056,.T.);
#9287 = ORIENTED_EDGE('',*,*,#9133,.T.);
#9288 = ORIENTED_EDGE('',*,*,#9205,.T.);
#9289 = ORIENTED_EDGE('',*,*,#9257,.T.);
#9290 = ADVANCED_FACE('',(#9291),#8926,.T.);
#9291 = FACE_BOUND('',#9292,.F.);
#9292 = EDGE_LOOP('',(#9293,#9294,#9295,#9296,#9297));
#9293 = ORIENTED_EDGE('',*,*,#8909,.T.);
#9294 = ORIENTED_EDGE('',*,*,#9005,.T.);
#9295 = ORIENTED_EDGE('',*,*,#9081,.T.);
#9296 = ORIENTED_EDGE('',*,*,#9159,.T.);
#9297 = ORIENTED_EDGE('',*,*,#9230,.T.);
#9298 = ( GEOMETRIC_REPRESENTATION_CONTEXT(3) 
GLOBAL_UNCERTAINTY_ASSIGNED_CONTEXT((#9302)) 
GLOBAL_UNIT_ASSIGNED_CONTEXT((#9299,#9300,#9301)) REPRESENTATION_CONTEXT
('Context #1','3D Context with UNIT and UNCERTAINTY') );
#9299 = ( LENGTH_UNIT() NAMED_UNIT(*) SI_UNIT(.MILLI.,.METRE.) );
#9300 = ( NAMED_UNIT(*) PLANE_ANGLE_UNIT() SI_UNIT($,.RADIAN.) );
#9301 = ( NAMED_UNIT(*) SI_UNIT($,.STERADIAN.) SOLID_ANGLE_UNIT() );
#9302 = UNCERTAINTY_MEASURE_WITH_UNIT(LENGTH_MEASURE(1.E-07),#9299,
  'distance_accuracy_value','confusion accuracy');
#9303 = PRODUCT_RELATED_PRODUCT_CATEGORY('part',$,(#8454));
#9304 = MECHANICAL_DESIGN_GEOMETRIC_PRESENTATION_REPRESENTATION('',(
    #9305),#6882);
#9305 = STYLED_ITEM('color',(#9306),#15);
#9306 = PRESENTATION_STYLE_ASSIGNMENT((#9307));
#9307 = SURFACE_STYLE_USAGE(.BOTH.,#9308);
#9308 = SURFACE_SIDE_STYLE('',(#9309));
#9309 = SURFACE_STYLE_FILL_AREA(#9310);
#9310 = FILL_AREA_STYLE('',(#9311));
#9311 = FILL_AREA_STYLE_COLOUR('',#9312);
#9312 = COLOUR_RGB('',4.313725586683E-02,5.882352716007E-02,
  0.109803919806);
#9313 = MECHANICAL_DESIGN_GEOMETRIC_PRESENTATION_REPRESENTATION('',(
    #9314,#9322),#8444);
#9314 = STYLED_ITEM('color',(#9315),#6896);
#9315 = PRESENTATION_STYLE_ASSIGNMENT((#9316));
#9316 = SURFACE_STYLE_USAGE(.BOTH.,#9317);
#9317 = SURFACE_SIDE_STYLE('',(#9318));
#9318 = SURFACE_STYLE_FILL_AREA(#9319);
#9319 = FILL_AREA_STYLE('',(#9320));
#9320 = FILL_AREA_STYLE_COLOUR('',#9321);
#9321 = COLOUR_RGB('',0.462745104622,0.552941175644,0.960784305148);
#9322 = STYLED_ITEM('color',(#9323),#8000);
#9323 = PRESENTATION_STYLE_ASSIGNMENT((#9324));
#9324 = SURFACE_STYLE_USAGE(.BOTH.,#9325);
#9325 = SURFACE_SIDE_STYLE('',(#9326));
#9326 = SURFACE_STYLE_FILL_AREA(#9327);
#9327 = FILL_AREA_STYLE('',(#9328));
#9328 = FILL_AREA_STYLE_COLOUR('',#9321);
#9329 = MECHANICAL_DESIGN_GEOMETRIC_PRESENTATION_REPRESENTATION('',(
    #9330,#9338),#9298);
#9330 = STYLED_ITEM('color',(#9331),#8458);
#9331 = PRESENTATION_STYLE_ASSIGNMENT((#9332));
#9332 = SURFACE_STYLE_USAGE(.BOTH.,#9333);
#9333 = SURFACE_SIDE_STYLE('',(#9334));
#9334 = SURFACE_STYLE_FILL_AREA(#9335);
#9335 = FILL_AREA_STYLE('',(#9336));
#9336 = FILL_AREA_STYLE_COLOUR('',#9337);
#9337 = COLOUR_RGB('',0.854901964685,0.486274506065,0.188235296286);
#9338 = STYLED_ITEM('color',(#9339),#8868);
#9339 = PRESENTATION_STYLE_ASSIGNMENT((#9340));
#9340 = SURFACE_STYLE_USAGE(.BOTH.,#9341);
#9341 = SURFACE_SIDE_STYLE('',(#9342));
#9342 = SURFACE_STYLE_FILL_AREA(#9343);
#9343 = FILL_AREA_STYLE('',(#9344));
#9344 = FILL_AREA_STYLE_COLOUR('',#9337);
ENDSEC;
END-ISO-10303-21;
