ISO-10303-21;
HEADER;
FILE_DESCRIPTION(('FusionSpace fusion-space-sign-horizontal-150mm'),'2;1');
FILE_NAME('fusion-space-sign-horizontal-150mm.step','2026-10-01T00:00:00',('Author'),(
    'Open CASCADE'),'Open CASCADE STEP processor 8.0','Open CASCADE 8.0'
  ,'Unknown');
FILE_SCHEMA(('AUTOMOTIVE_DESIGN { 1 0 10303 214 1 1 1 1 }'));
ENDSEC;
DATA;
#1 = APPLICATION_PROTOCOL_DEFINITION('international standard',
  'automotive_design',2000,#2);
#2 = APPLICATION_CONTEXT(
  'core data for automotive mechanical design processes');
#3 = SHAPE_DEFINITION_REPRESENTATION(#4,#10);
#4 = PRODUCT_DEFINITION_SHAPE('','',#5);
#5 = PRODUCT_DEFINITION('design','',#6,#9);
#6 = PRODUCT_DEFINITION_FORMATION('','',#7);
#7 = PRODUCT('base','base','',(#8));
#8 = PRODUCT_CONTEXT('',#2,'mechanical');
#9 = PRODUCT_DEFINITION_CONTEXT('part definition',#2,'design');
#10 = ADVANCED_BREP_SHAPE_REPRESENTATION('',(#11,#15),#685);
#11 = AXIS2_PLACEMENT_3D('',#12,#13,#14);
#12 = CARTESIAN_POINT('',(0.,0.,0.));
#13 = DIRECTION('',(0.,0.,1.));
#14 = DIRECTION('',(1.,0.,-0.));
#15 = MANIFOLD_SOLID_BREP('',#16);
#16 = CLOSED_SHELL('',(#17,#143,#223,#302,#382,#461,#541,#612,#663,#674)
  );
#17 = ADVANCED_FACE('',(#18),#32,.F.);
#18 = FACE_BOUND('',#19,.F.);
#19 = EDGE_LOOP('',(#20,#58,#86,#117));
#20 = ORIENTED_EDGE('',*,*,#21,.T.);
#21 = EDGE_CURVE('',#22,#24,#26,.T.);
#22 = VERTEX_POINT('',#23);
#23 = CARTESIAN_POINT('',(140.,-6.,0.));
#24 = VERTEX_POINT('',#25);
#25 = CARTESIAN_POINT('',(140.,-6.,3.));
#26 = SURFACE_CURVE('',#27,(#31,#43),.PCURVE_S1.);
#27 = LINE('',#28,#29);
#28 = CARTESIAN_POINT('',(140.,-6.,0.));
#29 = VECTOR('',#30,1.);
#30 = DIRECTION('',(0.,0.,1.));
#31 = PCURVE('',#32,#37);
#32 = PLANE('',#33);
#33 = AXIS2_PLACEMENT_3D('',#34,#35,#36);
#34 = CARTESIAN_POINT('',(140.,-6.,0.));
#35 = DIRECTION('',(-1.,0.,0.));
#36 = DIRECTION('',(0.,1.,0.));
#37 = DEFINITIONAL_REPRESENTATION('',(#38),#42);
#38 = LINE('',#39,#40);
#39 = CARTESIAN_POINT('',(0.,0.));
#40 = VECTOR('',#41,1.);
#41 = DIRECTION('',(0.,-1.));
#42 = ( GEOMETRIC_REPRESENTATION_CONTEXT(2) 
PARAMETRIC_REPRESENTATION_CONTEXT() REPRESENTATION_CONTEXT('2D SPACE',''
  ) );
#43 = PCURVE('',#44,#52);
#44 = SURFACE_OF_LINEAR_EXTRUSION('',#45,#50);
#45 = B_SPLINE_CURVE_WITH_KNOTS('',3,(#46,#47,#48,#49),.UNSPECIFIED.,.F.
  ,.F.,(4,4),(0.,1.),.PIECEWISE_BEZIER_KNOTS.);
#46 = CARTESIAN_POINT('',(136.,-10.,0.));
#47 = CARTESIAN_POINT('',(138.21291349104,-9.995748335754,0.));
#48 = CARTESIAN_POINT('',(139.99574833575,-8.21291349104,0.));
#49 = CARTESIAN_POINT('',(140.,-6.,0.));
#50 = VECTOR('',#51,1.);
#51 = DIRECTION('',(-0.,-0.,-1.));
#52 = DEFINITIONAL_REPRESENTATION('',(#53),#57);
#53 = LINE('',#54,#55);
#54 = CARTESIAN_POINT('',(1.,0.));
#55 = VECTOR('',#56,1.);
#56 = DIRECTION('',(0.,-1.));
#57 = ( GEOMETRIC_REPRESENTATION_CONTEXT(2) 
PARAMETRIC_REPRESENTATION_CONTEXT() REPRESENTATION_CONTEXT('2D SPACE',''
  ) );
#58 = ORIENTED_EDGE('',*,*,#59,.T.);
#59 = EDGE_CURVE('',#24,#60,#62,.T.);
#60 = VERTEX_POINT('',#61);
#61 = CARTESIAN_POINT('',(140.,27.969638029351,3.));
#62 = SURFACE_CURVE('',#63,(#67,#74),.PCURVE_S1.);
#63 = LINE('',#64,#65);
#64 = CARTESIAN_POINT('',(140.,-6.,3.));
#65 = VECTOR('',#66,1.);
#66 = DIRECTION('',(0.,1.,0.));
#67 = PCURVE('',#32,#68);
#68 = DEFINITIONAL_REPRESENTATION('',(#69),#73);
#69 = LINE('',#70,#71);
#70 = CARTESIAN_POINT('',(0.,-3.));
#71 = VECTOR('',#72,1.);
#72 = DIRECTION('',(1.,0.));
#73 = ( GEOMETRIC_REPRESENTATION_CONTEXT(2) 
PARAMETRIC_REPRESENTATION_CONTEXT() REPRESENTATION_CONTEXT('2D SPACE',''
  ) );
#74 = PCURVE('',#75,#80);
#75 = PLANE('',#76);
#76 = AXIS2_PLACEMENT_3D('',#77,#78,#79);
#77 = CARTESIAN_POINT('',(65.,10.984819014675,3.));
#78 = DIRECTION('',(0.,0.,1.));
#79 = DIRECTION('',(1.,0.,-0.));
#80 = DEFINITIONAL_REPRESENTATION('',(#81),#85);
#81 = LINE('',#82,#83);
#82 = CARTESIAN_POINT('',(75.,-16.98481901467));
#83 = VECTOR('',#84,1.);
#84 = DIRECTION('',(0.,1.));
#85 = ( GEOMETRIC_REPRESENTATION_CONTEXT(2) 
PARAMETRIC_REPRESENTATION_CONTEXT() REPRESENTATION_CONTEXT('2D SPACE',''
  ) );
#86 = ORIENTED_EDGE('',*,*,#87,.F.);
#87 = EDGE_CURVE('',#88,#60,#90,.T.);
#88 = VERTEX_POINT('',#89);
#89 = CARTESIAN_POINT('',(140.,27.969638029351,0.));
#90 = SURFACE_CURVE('',#91,(#95,#102),.PCURVE_S1.);
#91 = LINE('',#92,#93);
#92 = CARTESIAN_POINT('',(140.,27.969638029351,0.));
#93 = VECTOR('',#94,1.);
#94 = DIRECTION('',(0.,0.,1.));
#95 = PCURVE('',#32,#96);
#96 = DEFINITIONAL_REPRESENTATION('',(#97),#101);
#97 = LINE('',#98,#99);
#98 = CARTESIAN_POINT('',(33.969638029351,0.));
#99 = VECTOR('',#100,1.);
#100 = DIRECTION('',(0.,-1.));
#101 = ( GEOMETRIC_REPRESENTATION_CONTEXT(2) 
PARAMETRIC_REPRESENTATION_CONTEXT() REPRESENTATION_CONTEXT('2D SPACE',''
  ) );
#102 = PCURVE('',#103,#111);
#103 = SURFACE_OF_LINEAR_EXTRUSION('',#104,#109);
#104 = B_SPLINE_CURVE_WITH_KNOTS('',3,(#105,#106,#107,#108),
  .UNSPECIFIED.,.F.,.F.,(4,4),(0.,1.),.PIECEWISE_BEZIER_KNOTS.);
#105 = CARTESIAN_POINT('',(140.,27.969638029351,0.));
#106 = CARTESIAN_POINT('',(139.99574833575,30.182551520392,0.));
#107 = CARTESIAN_POINT('',(138.21291349104,31.965386365103,0.));
#108 = CARTESIAN_POINT('',(136.,31.969638029351,0.));
#109 = VECTOR('',#110,1.);
#110 = DIRECTION('',(-0.,-0.,-1.));
#111 = DEFINITIONAL_REPRESENTATION('',(#112),#116);
#112 = LINE('',#113,#114);
#113 = CARTESIAN_POINT('',(0.,0.));
#114 = VECTOR('',#115,1.);
#115 = DIRECTION('',(0.,-1.));
#116 = ( GEOMETRIC_REPRESENTATION_CONTEXT(2) 
PARAMETRIC_REPRESENTATION_CONTEXT() REPRESENTATION_CONTEXT('2D SPACE',''
  ) );
#117 = ORIENTED_EDGE('',*,*,#118,.F.);
#118 = EDGE_CURVE('',#22,#88,#119,.T.);
#119 = SURFACE_CURVE('',#120,(#124,#131),.PCURVE_S1.);
#120 = LINE('',#121,#122);
#121 = CARTESIAN_POINT('',(140.,-6.,0.));
#122 = VECTOR('',#123,1.);
#123 = DIRECTION('',(0.,1.,0.));
#124 = PCURVE('',#32,#125);
#125 = DEFINITIONAL_REPRESENTATION('',(#126),#130);
#126 = LINE('',#127,#128);
#127 = CARTESIAN_POINT('',(0.,0.));
#128 = VECTOR('',#129,1.);
#129 = DIRECTION('',(1.,0.));
#130 = ( GEOMETRIC_REPRESENTATION_CONTEXT(2) 
PARAMETRIC_REPRESENTATION_CONTEXT() REPRESENTATION_CONTEXT('2D SPACE',''
  ) );
#131 = PCURVE('',#132,#137);
#132 = PLANE('',#133);
#133 = AXIS2_PLACEMENT_3D('',#134,#135,#136);
#134 = CARTESIAN_POINT('',(65.,10.984819014675,0.));
#135 = DIRECTION('',(0.,0.,1.));
#136 = DIRECTION('',(1.,0.,-0.));
#137 = DEFINITIONAL_REPRESENTATION('',(#138),#142);
#138 = LINE('',#139,#140);
#139 = CARTESIAN_POINT('',(75.,-16.98481901467));
#140 = VECTOR('',#141,1.);
#141 = DIRECTION('',(0.,1.));
#142 = ( GEOMETRIC_REPRESENTATION_CONTEXT(2) 
PARAMETRIC_REPRESENTATION_CONTEXT() REPRESENTATION_CONTEXT('2D SPACE',''
  ) );
#143 = ADVANCED_FACE('',(#144),#103,.F.);
#144 = FACE_BOUND('',#145,.F.);
#145 = EDGE_LOOP('',(#146,#147,#172,#200));
#146 = ORIENTED_EDGE('',*,*,#87,.T.);
#147 = ORIENTED_EDGE('',*,*,#148,.T.);
#148 = EDGE_CURVE('',#60,#149,#151,.T.);
#149 = VERTEX_POINT('',#150);
#150 = CARTESIAN_POINT('',(136.,31.969638029351,3.));
#151 = SURFACE_CURVE('',#152,(#157,#164),.PCURVE_S1.);
#152 = B_SPLINE_CURVE_WITH_KNOTS('',3,(#153,#154,#155,#156),
  .UNSPECIFIED.,.F.,.F.,(4,4),(0.,1.),.PIECEWISE_BEZIER_KNOTS.);
#153 = CARTESIAN_POINT('',(140.,27.969638029351,3.));
#154 = CARTESIAN_POINT('',(139.99574833575,30.182551520392,3.));
#155 = CARTESIAN_POINT('',(138.21291349104,31.965386365103,3.));
#156 = CARTESIAN_POINT('',(136.,31.969638029351,3.));
#157 = PCURVE('',#103,#158);
#158 = DEFINITIONAL_REPRESENTATION('',(#159),#163);
#159 = LINE('',#160,#161);
#160 = CARTESIAN_POINT('',(0.,-3.));
#161 = VECTOR('',#162,1.);
#162 = DIRECTION('',(1.,0.));
#163 = ( GEOMETRIC_REPRESENTATION_CONTEXT(2) 
PARAMETRIC_REPRESENTATION_CONTEXT() REPRESENTATION_CONTEXT('2D SPACE',''
  ) );
#164 = PCURVE('',#75,#165);
#165 = DEFINITIONAL_REPRESENTATION('',(#166),#171);
#166 = B_SPLINE_CURVE_WITH_KNOTS('',3,(#167,#168,#169,#170),
  .UNSPECIFIED.,.F.,.F.,(4,4),(0.,1.),.PIECEWISE_BEZIER_KNOTS.);
#167 = CARTESIAN_POINT('',(75.,16.984819014675));
#168 = CARTESIAN_POINT('',(74.995748335752,19.197732505717));
#169 = CARTESIAN_POINT('',(73.212913491043,20.980567350428));
#170 = CARTESIAN_POINT('',(71.,20.984819014675));
#171 = ( GEOMETRIC_REPRESENTATION_CONTEXT(2) 
PARAMETRIC_REPRESENTATION_CONTEXT() REPRESENTATION_CONTEXT('2D SPACE',''
  ) );
#172 = ORIENTED_EDGE('',*,*,#173,.F.);
#173 = EDGE_CURVE('',#174,#149,#176,.T.);
#174 = VERTEX_POINT('',#175);
#175 = CARTESIAN_POINT('',(136.,31.969638029351,0.));
#176 = SURFACE_CURVE('',#177,(#181,#188),.PCURVE_S1.);
#177 = LINE('',#178,#179);
#178 = CARTESIAN_POINT('',(136.,31.969638029351,0.));
#179 = VECTOR('',#180,1.);
#180 = DIRECTION('',(0.,0.,1.));
#181 = PCURVE('',#103,#182);
#182 = DEFINITIONAL_REPRESENTATION('',(#183),#187);
#183 = LINE('',#184,#185);
#184 = CARTESIAN_POINT('',(1.,0.));
#185 = VECTOR('',#186,1.);
#186 = DIRECTION('',(0.,-1.));
#187 = ( GEOMETRIC_REPRESENTATION_CONTEXT(2) 
PARAMETRIC_REPRESENTATION_CONTEXT() REPRESENTATION_CONTEXT('2D SPACE',''
  ) );
#188 = PCURVE('',#189,#194);
#189 = PLANE('',#190);
#190 = AXIS2_PLACEMENT_3D('',#191,#192,#193);
#191 = CARTESIAN_POINT('',(136.,31.969638029351,0.));
#192 = DIRECTION('',(0.,-1.,0.));
#193 = DIRECTION('',(-1.,0.,0.));
#194 = DEFINITIONAL_REPRESENTATION('',(#195),#199);
#195 = LINE('',#196,#197);
#196 = CARTESIAN_POINT('',(0.,-0.));
#197 = VECTOR('',#198,1.);
#198 = DIRECTION('',(0.,-1.));
#199 = ( GEOMETRIC_REPRESENTATION_CONTEXT(2) 
PARAMETRIC_REPRESENTATION_CONTEXT() REPRESENTATION_CONTEXT('2D SPACE',''
  ) );
#200 = ORIENTED_EDGE('',*,*,#201,.F.);
#201 = EDGE_CURVE('',#88,#174,#202,.T.);
#202 = SURFACE_CURVE('',#203,(#208,#215),.PCURVE_S1.);
#203 = B_SPLINE_CURVE_WITH_KNOTS('',3,(#204,#205,#206,#207),
  .UNSPECIFIED.,.F.,.F.,(4,4),(0.,1.),.PIECEWISE_BEZIER_KNOTS.);
#204 = CARTESIAN_POINT('',(140.,27.969638029351,0.));
#205 = CARTESIAN_POINT('',(139.99574833575,30.182551520392,0.));
#206 = CARTESIAN_POINT('',(138.21291349104,31.965386365103,0.));
#207 = CARTESIAN_POINT('',(136.,31.969638029351,0.));
#208 = PCURVE('',#103,#209);
#209 = DEFINITIONAL_REPRESENTATION('',(#210),#214);
#210 = LINE('',#211,#212);
#211 = CARTESIAN_POINT('',(0.,0.));
#212 = VECTOR('',#213,1.);
#213 = DIRECTION('',(1.,0.));
#214 = ( GEOMETRIC_REPRESENTATION_CONTEXT(2) 
PARAMETRIC_REPRESENTATION_CONTEXT() REPRESENTATION_CONTEXT('2D SPACE',''
  ) );
#215 = PCURVE('',#132,#216);
#216 = DEFINITIONAL_REPRESENTATION('',(#217),#222);
#217 = B_SPLINE_CURVE_WITH_KNOTS('',3,(#218,#219,#220,#221),
  .UNSPECIFIED.,.F.,.F.,(4,4),(0.,1.),.PIECEWISE_BEZIER_KNOTS.);
#218 = CARTESIAN_POINT('',(75.,16.984819014675));
#219 = CARTESIAN_POINT('',(74.995748335752,19.197732505717));
#220 = CARTESIAN_POINT('',(73.212913491043,20.980567350428));
#221 = CARTESIAN_POINT('',(71.,20.984819014675));
#222 = ( GEOMETRIC_REPRESENTATION_CONTEXT(2) 
PARAMETRIC_REPRESENTATION_CONTEXT() REPRESENTATION_CONTEXT('2D SPACE',''
  ) );
#223 = ADVANCED_FACE('',(#224),#189,.F.);
#224 = FACE_BOUND('',#225,.F.);
#225 = EDGE_LOOP('',(#226,#227,#250,#281));
#226 = ORIENTED_EDGE('',*,*,#173,.T.);
#227 = ORIENTED_EDGE('',*,*,#228,.T.);
#228 = EDGE_CURVE('',#149,#229,#231,.T.);
#229 = VERTEX_POINT('',#230);
#230 = CARTESIAN_POINT('',(-6.,31.969638029351,3.));
#231 = SURFACE_CURVE('',#232,(#236,#243),.PCURVE_S1.);
#232 = LINE('',#233,#234);
#233 = CARTESIAN_POINT('',(136.,31.969638029351,3.));
#234 = VECTOR('',#235,1.);
#235 = DIRECTION('',(-1.,0.,0.));
#236 = PCURVE('',#189,#237);
#237 = DEFINITIONAL_REPRESENTATION('',(#238),#242);
#238 = LINE('',#239,#240);
#239 = CARTESIAN_POINT('',(0.,-3.));
#240 = VECTOR('',#241,1.);
#241 = DIRECTION('',(1.,0.));
#242 = ( GEOMETRIC_REPRESENTATION_CONTEXT(2) 
PARAMETRIC_REPRESENTATION_CONTEXT() REPRESENTATION_CONTEXT('2D SPACE',''
  ) );
#243 = PCURVE('',#75,#244);
#244 = DEFINITIONAL_REPRESENTATION('',(#245),#249);
#245 = LINE('',#246,#247);
#246 = CARTESIAN_POINT('',(71.,20.984819014675));
#247 = VECTOR('',#248,1.);
#248 = DIRECTION('',(-1.,0.));
#249 = ( GEOMETRIC_REPRESENTATION_CONTEXT(2) 
PARAMETRIC_REPRESENTATION_CONTEXT() REPRESENTATION_CONTEXT('2D SPACE',''
  ) );
#250 = ORIENTED_EDGE('',*,*,#251,.F.);
#251 = EDGE_CURVE('',#252,#229,#254,.T.);
#252 = VERTEX_POINT('',#253);
#253 = CARTESIAN_POINT('',(-6.,31.969638029351,0.));
#254 = SURFACE_CURVE('',#255,(#259,#266),.PCURVE_S1.);
#255 = LINE('',#256,#257);
#256 = CARTESIAN_POINT('',(-6.,31.969638029351,0.));
#257 = VECTOR('',#258,1.);
#258 = DIRECTION('',(0.,0.,1.));
#259 = PCURVE('',#189,#260);
#260 = DEFINITIONAL_REPRESENTATION('',(#261),#265);
#261 = LINE('',#262,#263);
#262 = CARTESIAN_POINT('',(142.,0.));
#263 = VECTOR('',#264,1.);
#264 = DIRECTION('',(0.,-1.));
#265 = ( GEOMETRIC_REPRESENTATION_CONTEXT(2) 
PARAMETRIC_REPRESENTATION_CONTEXT() REPRESENTATION_CONTEXT('2D SPACE',''
  ) );
#266 = PCURVE('',#267,#275);
#267 = SURFACE_OF_LINEAR_EXTRUSION('',#268,#273);
#268 = B_SPLINE_CURVE_WITH_KNOTS('',3,(#269,#270,#271,#272),
  .UNSPECIFIED.,.F.,.F.,(4,4),(0.,1.),.PIECEWISE_BEZIER_KNOTS.);
#269 = CARTESIAN_POINT('',(-6.,31.969638029351,0.));
#270 = CARTESIAN_POINT('',(-8.212913491064,31.965386365086,0.));
#271 = CARTESIAN_POINT('',(-9.995748335735,30.182551520415,0.));
#272 = CARTESIAN_POINT('',(-10.,27.969638029351,0.));
#273 = VECTOR('',#274,1.);
#274 = DIRECTION('',(-0.,-0.,-1.));
#275 = DEFINITIONAL_REPRESENTATION('',(#276),#280);
#276 = LINE('',#277,#278);
#277 = CARTESIAN_POINT('',(0.,0.));
#278 = VECTOR('',#279,1.);
#279 = DIRECTION('',(0.,-1.));
#280 = ( GEOMETRIC_REPRESENTATION_CONTEXT(2) 
PARAMETRIC_REPRESENTATION_CONTEXT() REPRESENTATION_CONTEXT('2D SPACE',''
  ) );
#281 = ORIENTED_EDGE('',*,*,#282,.F.);
#282 = EDGE_CURVE('',#174,#252,#283,.T.);
#283 = SURFACE_CURVE('',#284,(#288,#295),.PCURVE_S1.);
#284 = LINE('',#285,#286);
#285 = CARTESIAN_POINT('',(136.,31.969638029351,0.));
#286 = VECTOR('',#287,1.);
#287 = DIRECTION('',(-1.,0.,0.));
#288 = PCURVE('',#189,#289);
#289 = DEFINITIONAL_REPRESENTATION('',(#290),#294);
#290 = LINE('',#291,#292);
#291 = CARTESIAN_POINT('',(0.,-0.));
#292 = VECTOR('',#293,1.);
#293 = DIRECTION('',(1.,0.));
#294 = ( GEOMETRIC_REPRESENTATION_CONTEXT(2) 
PARAMETRIC_REPRESENTATION_CONTEXT() REPRESENTATION_CONTEXT('2D SPACE',''
  ) );
#295 = PCURVE('',#132,#296);
#296 = DEFINITIONAL_REPRESENTATION('',(#297),#301);
#297 = LINE('',#298,#299);
#298 = CARTESIAN_POINT('',(71.,20.984819014675));
#299 = VECTOR('',#300,1.);
#300 = DIRECTION('',(-1.,0.));
#301 = ( GEOMETRIC_REPRESENTATION_CONTEXT(2) 
PARAMETRIC_REPRESENTATION_CONTEXT() REPRESENTATION_CONTEXT('2D SPACE',''
  ) );
#302 = ADVANCED_FACE('',(#303),#267,.F.);
#303 = FACE_BOUND('',#304,.F.);
#304 = EDGE_LOOP('',(#305,#306,#331,#359));
#305 = ORIENTED_EDGE('',*,*,#251,.T.);
#306 = ORIENTED_EDGE('',*,*,#307,.T.);
#307 = EDGE_CURVE('',#229,#308,#310,.T.);
#308 = VERTEX_POINT('',#309);
#309 = CARTESIAN_POINT('',(-10.,27.969638029351,3.));
#310 = SURFACE_CURVE('',#311,(#316,#323),.PCURVE_S1.);
#311 = B_SPLINE_CURVE_WITH_KNOTS('',3,(#312,#313,#314,#315),
  .UNSPECIFIED.,.F.,.F.,(4,4),(0.,1.),.PIECEWISE_BEZIER_KNOTS.);
#312 = CARTESIAN_POINT('',(-6.,31.969638029351,3.));
#313 = CARTESIAN_POINT('',(-8.212913491064,31.965386365086,3.));
#314 = CARTESIAN_POINT('',(-9.995748335735,30.182551520415,3.));
#315 = CARTESIAN_POINT('',(-10.,27.969638029351,3.));
#316 = PCURVE('',#267,#317);
#317 = DEFINITIONAL_REPRESENTATION('',(#318),#322);
#318 = LINE('',#319,#320);
#319 = CARTESIAN_POINT('',(0.,-3.));
#320 = VECTOR('',#321,1.);
#321 = DIRECTION('',(1.,0.));
#322 = ( GEOMETRIC_REPRESENTATION_CONTEXT(2) 
PARAMETRIC_REPRESENTATION_CONTEXT() REPRESENTATION_CONTEXT('2D SPACE',''
  ) );
#323 = PCURVE('',#75,#324);
#324 = DEFINITIONAL_REPRESENTATION('',(#325),#330);
#325 = B_SPLINE_CURVE_WITH_KNOTS('',3,(#326,#327,#328,#329),
  .UNSPECIFIED.,.F.,.F.,(4,4),(0.,1.),.PIECEWISE_BEZIER_KNOTS.);
#326 = CARTESIAN_POINT('',(-71.,20.984819014675));
#327 = CARTESIAN_POINT('',(-73.21291349106,20.98056735041));
#328 = CARTESIAN_POINT('',(-74.99574833573,19.197732505739));
#329 = CARTESIAN_POINT('',(-75.,16.984819014675));
#330 = ( GEOMETRIC_REPRESENTATION_CONTEXT(2) 
PARAMETRIC_REPRESENTATION_CONTEXT() REPRESENTATION_CONTEXT('2D SPACE',''
  ) );
#331 = ORIENTED_EDGE('',*,*,#332,.F.);
#332 = EDGE_CURVE('',#333,#308,#335,.T.);
#333 = VERTEX_POINT('',#334);
#334 = CARTESIAN_POINT('',(-10.,27.969638029351,0.));
#335 = SURFACE_CURVE('',#336,(#340,#347),.PCURVE_S1.);
#336 = LINE('',#337,#338);
#337 = CARTESIAN_POINT('',(-10.,27.969638029351,0.));
#338 = VECTOR('',#339,1.);
#339 = DIRECTION('',(0.,0.,1.));
#340 = PCURVE('',#267,#341);
#341 = DEFINITIONAL_REPRESENTATION('',(#342),#346);
#342 = LINE('',#343,#344);
#343 = CARTESIAN_POINT('',(1.,0.));
#344 = VECTOR('',#345,1.);
#345 = DIRECTION('',(0.,-1.));
#346 = ( GEOMETRIC_REPRESENTATION_CONTEXT(2) 
PARAMETRIC_REPRESENTATION_CONTEXT() REPRESENTATION_CONTEXT('2D SPACE',''
  ) );
#347 = PCURVE('',#348,#353);
#348 = PLANE('',#349);
#349 = AXIS2_PLACEMENT_3D('',#350,#351,#352);
#350 = CARTESIAN_POINT('',(-10.,27.969638029351,0.));
#351 = DIRECTION('',(1.,0.,-0.));
#352 = DIRECTION('',(0.,-1.,0.));
#353 = DEFINITIONAL_REPRESENTATION('',(#354),#358);
#354 = LINE('',#355,#356);
#355 = CARTESIAN_POINT('',(0.,0.));
#356 = VECTOR('',#357,1.);
#357 = DIRECTION('',(0.,-1.));
#358 = ( GEOMETRIC_REPRESENTATION_CONTEXT(2) 
PARAMETRIC_REPRESENTATION_CONTEXT() REPRESENTATION_CONTEXT('2D SPACE',''
  ) );
#359 = ORIENTED_EDGE('',*,*,#360,.F.);
#360 = EDGE_CURVE('',#252,#333,#361,.T.);
#361 = SURFACE_CURVE('',#362,(#367,#374),.PCURVE_S1.);
#362 = B_SPLINE_CURVE_WITH_KNOTS('',3,(#363,#364,#365,#366),
  .UNSPECIFIED.,.F.,.F.,(4,4),(0.,1.),.PIECEWISE_BEZIER_KNOTS.);
#363 = CARTESIAN_POINT('',(-6.,31.969638029351,0.));
#364 = CARTESIAN_POINT('',(-8.212913491064,31.965386365086,0.));
#365 = CARTESIAN_POINT('',(-9.995748335735,30.182551520415,0.));
#366 = CARTESIAN_POINT('',(-10.,27.969638029351,0.));
#367 = PCURVE('',#267,#368);
#368 = DEFINITIONAL_REPRESENTATION('',(#369),#373);
#369 = LINE('',#370,#371);
#370 = CARTESIAN_POINT('',(0.,0.));
#371 = VECTOR('',#372,1.);
#372 = DIRECTION('',(1.,0.));
#373 = ( GEOMETRIC_REPRESENTATION_CONTEXT(2) 
PARAMETRIC_REPRESENTATION_CONTEXT() REPRESENTATION_CONTEXT('2D SPACE',''
  ) );
#374 = PCURVE('',#132,#375);
#375 = DEFINITIONAL_REPRESENTATION('',(#376),#381);
#376 = B_SPLINE_CURVE_WITH_KNOTS('',3,(#377,#378,#379,#380),
  .UNSPECIFIED.,.F.,.F.,(4,4),(0.,1.),.PIECEWISE_BEZIER_KNOTS.);
#377 = CARTESIAN_POINT('',(-71.,20.984819014675));
#378 = CARTESIAN_POINT('',(-73.21291349106,20.98056735041));
#379 = CARTESIAN_POINT('',(-74.99574833573,19.197732505739));
#380 = CARTESIAN_POINT('',(-75.,16.984819014675));
#381 = ( GEOMETRIC_REPRESENTATION_CONTEXT(2) 
PARAMETRIC_REPRESENTATION_CONTEXT() REPRESENTATION_CONTEXT('2D SPACE',''
  ) );
#382 = ADVANCED_FACE('',(#383),#348,.F.);
#383 = FACE_BOUND('',#384,.F.);
#384 = EDGE_LOOP('',(#385,#386,#409,#440));
#385 = ORIENTED_EDGE('',*,*,#332,.T.);
#386 = ORIENTED_EDGE('',*,*,#387,.T.);
#387 = EDGE_CURVE('',#308,#388,#390,.T.);
#388 = VERTEX_POINT('',#389);
#389 = CARTESIAN_POINT('',(-10.,-6.,3.));
#390 = SURFACE_CURVE('',#391,(#395,#402),.PCURVE_S1.);
#391 = LINE('',#392,#393);
#392 = CARTESIAN_POINT('',(-10.,27.969638029351,3.));
#393 = VECTOR('',#394,1.);
#394 = DIRECTION('',(0.,-1.,0.));
#395 = PCURVE('',#348,#396);
#396 = DEFINITIONAL_REPRESENTATION('',(#397),#401);
#397 = LINE('',#398,#399);
#398 = CARTESIAN_POINT('',(0.,-3.));
#399 = VECTOR('',#400,1.);
#400 = DIRECTION('',(1.,0.));
#401 = ( GEOMETRIC_REPRESENTATION_CONTEXT(2) 
PARAMETRIC_REPRESENTATION_CONTEXT() REPRESENTATION_CONTEXT('2D SPACE',''
  ) );
#402 = PCURVE('',#75,#403);
#403 = DEFINITIONAL_REPRESENTATION('',(#404),#408);
#404 = LINE('',#405,#406);
#405 = CARTESIAN_POINT('',(-75.,16.984819014675));
#406 = VECTOR('',#407,1.);
#407 = DIRECTION('',(0.,-1.));
#408 = ( GEOMETRIC_REPRESENTATION_CONTEXT(2) 
PARAMETRIC_REPRESENTATION_CONTEXT() REPRESENTATION_CONTEXT('2D SPACE',''
  ) );
#409 = ORIENTED_EDGE('',*,*,#410,.F.);
#410 = EDGE_CURVE('',#411,#388,#413,.T.);
#411 = VERTEX_POINT('',#412);
#412 = CARTESIAN_POINT('',(-10.,-6.,0.));
#413 = SURFACE_CURVE('',#414,(#418,#425),.PCURVE_S1.);
#414 = LINE('',#415,#416);
#415 = CARTESIAN_POINT('',(-10.,-6.,0.));
#416 = VECTOR('',#417,1.);
#417 = DIRECTION('',(0.,0.,1.));
#418 = PCURVE('',#348,#419);
#419 = DEFINITIONAL_REPRESENTATION('',(#420),#424);
#420 = LINE('',#421,#422);
#421 = CARTESIAN_POINT('',(33.969638029351,0.));
#422 = VECTOR('',#423,1.);
#423 = DIRECTION('',(0.,-1.));
#424 = ( GEOMETRIC_REPRESENTATION_CONTEXT(2) 
PARAMETRIC_REPRESENTATION_CONTEXT() REPRESENTATION_CONTEXT('2D SPACE',''
  ) );
#425 = PCURVE('',#426,#434);
#426 = SURFACE_OF_LINEAR_EXTRUSION('',#427,#432);
#427 = B_SPLINE_CURVE_WITH_KNOTS('',3,(#428,#429,#430,#431),
  .UNSPECIFIED.,.F.,.F.,(4,4),(0.,1.),.PIECEWISE_BEZIER_KNOTS.);
#428 = CARTESIAN_POINT('',(-10.,-6.,0.));
#429 = CARTESIAN_POINT('',(-9.995748335734,-8.212913491066,0.));
#430 = CARTESIAN_POINT('',(-8.212913491066,-9.995748335734,0.));
#431 = CARTESIAN_POINT('',(-6.,-10.,0.));
#432 = VECTOR('',#433,1.);
#433 = DIRECTION('',(-0.,-0.,-1.));
#434 = DEFINITIONAL_REPRESENTATION('',(#435),#439);
#435 = LINE('',#436,#437);
#436 = CARTESIAN_POINT('',(0.,0.));
#437 = VECTOR('',#438,1.);
#438 = DIRECTION('',(0.,-1.));
#439 = ( GEOMETRIC_REPRESENTATION_CONTEXT(2) 
PARAMETRIC_REPRESENTATION_CONTEXT() REPRESENTATION_CONTEXT('2D SPACE',''
  ) );
#440 = ORIENTED_EDGE('',*,*,#441,.F.);
#441 = EDGE_CURVE('',#333,#411,#442,.T.);
#442 = SURFACE_CURVE('',#443,(#447,#454),.PCURVE_S1.);
#443 = LINE('',#444,#445);
#444 = CARTESIAN_POINT('',(-10.,27.969638029351,0.));
#445 = VECTOR('',#446,1.);
#446 = DIRECTION('',(0.,-1.,0.));
#447 = PCURVE('',#348,#448);
#448 = DEFINITIONAL_REPRESENTATION('',(#449),#453);
#449 = LINE('',#450,#451);
#450 = CARTESIAN_POINT('',(0.,0.));
#451 = VECTOR('',#452,1.);
#452 = DIRECTION('',(1.,0.));
#453 = ( GEOMETRIC_REPRESENTATION_CONTEXT(2) 
PARAMETRIC_REPRESENTATION_CONTEXT() REPRESENTATION_CONTEXT('2D SPACE',''
  ) );
#454 = PCURVE('',#132,#455);
#455 = DEFINITIONAL_REPRESENTATION('',(#456),#460);
#456 = LINE('',#457,#458);
#457 = CARTESIAN_POINT('',(-75.,16.984819014675));
#458 = VECTOR('',#459,1.);
#459 = DIRECTION('',(0.,-1.));
#460 = ( GEOMETRIC_REPRESENTATION_CONTEXT(2) 
PARAMETRIC_REPRESENTATION_CONTEXT() REPRESENTATION_CONTEXT('2D SPACE',''
  ) );
#461 = ADVANCED_FACE('',(#462),#426,.F.);
#462 = FACE_BOUND('',#463,.F.);
#463 = EDGE_LOOP('',(#464,#465,#490,#518));
#464 = ORIENTED_EDGE('',*,*,#410,.T.);
#465 = ORIENTED_EDGE('',*,*,#466,.T.);
#466 = EDGE_CURVE('',#388,#467,#469,.T.);
#467 = VERTEX_POINT('',#468);
#468 = CARTESIAN_POINT('',(-6.,-10.,3.));
#469 = SURFACE_CURVE('',#470,(#475,#482),.PCURVE_S1.);
#470 = B_SPLINE_CURVE_WITH_KNOTS('',3,(#471,#472,#473,#474),
  .UNSPECIFIED.,.F.,.F.,(4,4),(0.,1.),.PIECEWISE_BEZIER_KNOTS.);
#471 = CARTESIAN_POINT('',(-10.,-6.,3.));
#472 = CARTESIAN_POINT('',(-9.995748335734,-8.212913491066,3.));
#473 = CARTESIAN_POINT('',(-8.212913491066,-9.995748335734,3.));
#474 = CARTESIAN_POINT('',(-6.,-10.,3.));
#475 = PCURVE('',#426,#476);
#476 = DEFINITIONAL_REPRESENTATION('',(#477),#481);
#477 = LINE('',#478,#479);
#478 = CARTESIAN_POINT('',(0.,-3.));
#479 = VECTOR('',#480,1.);
#480 = DIRECTION('',(1.,0.));
#481 = ( GEOMETRIC_REPRESENTATION_CONTEXT(2) 
PARAMETRIC_REPRESENTATION_CONTEXT() REPRESENTATION_CONTEXT('2D SPACE',''
  ) );
#482 = PCURVE('',#75,#483);
#483 = DEFINITIONAL_REPRESENTATION('',(#484),#489);
#484 = B_SPLINE_CURVE_WITH_KNOTS('',3,(#485,#486,#487,#488),
  .UNSPECIFIED.,.F.,.F.,(4,4),(0.,1.),.PIECEWISE_BEZIER_KNOTS.);
#485 = CARTESIAN_POINT('',(-75.,-16.98481901467));
#486 = CARTESIAN_POINT('',(-74.99574833573,-19.19773250574));
#487 = CARTESIAN_POINT('',(-73.21291349106,-20.9805673504));
#488 = CARTESIAN_POINT('',(-71.,-20.98481901467));
#489 = ( GEOMETRIC_REPRESENTATION_CONTEXT(2) 
PARAMETRIC_REPRESENTATION_CONTEXT() REPRESENTATION_CONTEXT('2D SPACE',''
  ) );
#490 = ORIENTED_EDGE('',*,*,#491,.F.);
#491 = EDGE_CURVE('',#492,#467,#494,.T.);
#492 = VERTEX_POINT('',#493);
#493 = CARTESIAN_POINT('',(-6.,-10.,0.));
#494 = SURFACE_CURVE('',#495,(#499,#506),.PCURVE_S1.);
#495 = LINE('',#496,#497);
#496 = CARTESIAN_POINT('',(-6.,-10.,0.));
#497 = VECTOR('',#498,1.);
#498 = DIRECTION('',(0.,0.,1.));
#499 = PCURVE('',#426,#500);
#500 = DEFINITIONAL_REPRESENTATION('',(#501),#505);
#501 = LINE('',#502,#503);
#502 = CARTESIAN_POINT('',(1.,0.));
#503 = VECTOR('',#504,1.);
#504 = DIRECTION('',(0.,-1.));
#505 = ( GEOMETRIC_REPRESENTATION_CONTEXT(2) 
PARAMETRIC_REPRESENTATION_CONTEXT() REPRESENTATION_CONTEXT('2D SPACE',''
  ) );
#506 = PCURVE('',#507,#512);
#507 = PLANE('',#508);
#508 = AXIS2_PLACEMENT_3D('',#509,#510,#511);
#509 = CARTESIAN_POINT('',(-6.,-10.,0.));
#510 = DIRECTION('',(0.,1.,0.));
#511 = DIRECTION('',(1.,0.,0.));
#512 = DEFINITIONAL_REPRESENTATION('',(#513),#517);
#513 = LINE('',#514,#515);
#514 = CARTESIAN_POINT('',(0.,0.));
#515 = VECTOR('',#516,1.);
#516 = DIRECTION('',(0.,-1.));
#517 = ( GEOMETRIC_REPRESENTATION_CONTEXT(2) 
PARAMETRIC_REPRESENTATION_CONTEXT() REPRESENTATION_CONTEXT('2D SPACE',''
  ) );
#518 = ORIENTED_EDGE('',*,*,#519,.F.);
#519 = EDGE_CURVE('',#411,#492,#520,.T.);
#520 = SURFACE_CURVE('',#521,(#526,#533),.PCURVE_S1.);
#521 = B_SPLINE_CURVE_WITH_KNOTS('',3,(#522,#523,#524,#525),
  .UNSPECIFIED.,.F.,.F.,(4,4),(0.,1.),.PIECEWISE_BEZIER_KNOTS.);
#522 = CARTESIAN_POINT('',(-10.,-6.,0.));
#523 = CARTESIAN_POINT('',(-9.995748335734,-8.212913491066,0.));
#524 = CARTESIAN_POINT('',(-8.212913491066,-9.995748335734,0.));
#525 = CARTESIAN_POINT('',(-6.,-10.,0.));
#526 = PCURVE('',#426,#527);
#527 = DEFINITIONAL_REPRESENTATION('',(#528),#532);
#528 = LINE('',#529,#530);
#529 = CARTESIAN_POINT('',(0.,0.));
#530 = VECTOR('',#531,1.);
#531 = DIRECTION('',(1.,0.));
#532 = ( GEOMETRIC_REPRESENTATION_CONTEXT(2) 
PARAMETRIC_REPRESENTATION_CONTEXT() REPRESENTATION_CONTEXT('2D SPACE',''
  ) );
#533 = PCURVE('',#132,#534);
#534 = DEFINITIONAL_REPRESENTATION('',(#535),#540);
#535 = B_SPLINE_CURVE_WITH_KNOTS('',3,(#536,#537,#538,#539),
  .UNSPECIFIED.,.F.,.F.,(4,4),(0.,1.),.PIECEWISE_BEZIER_KNOTS.);
#536 = CARTESIAN_POINT('',(-75.,-16.98481901467));
#537 = CARTESIAN_POINT('',(-74.99574833573,-19.19773250574));
#538 = CARTESIAN_POINT('',(-73.21291349106,-20.9805673504));
#539 = CARTESIAN_POINT('',(-71.,-20.98481901467));
#540 = ( GEOMETRIC_REPRESENTATION_CONTEXT(2) 
PARAMETRIC_REPRESENTATION_CONTEXT() REPRESENTATION_CONTEXT('2D SPACE',''
  ) );
#541 = ADVANCED_FACE('',(#542),#507,.F.);
#542 = FACE_BOUND('',#543,.F.);
#543 = EDGE_LOOP('',(#544,#545,#568,#591));
#544 = ORIENTED_EDGE('',*,*,#491,.T.);
#545 = ORIENTED_EDGE('',*,*,#546,.T.);
#546 = EDGE_CURVE('',#467,#547,#549,.T.);
#547 = VERTEX_POINT('',#548);
#548 = CARTESIAN_POINT('',(136.,-10.,3.));
#549 = SURFACE_CURVE('',#550,(#554,#561),.PCURVE_S1.);
#550 = LINE('',#551,#552);
#551 = CARTESIAN_POINT('',(-6.,-10.,3.));
#552 = VECTOR('',#553,1.);
#553 = DIRECTION('',(1.,0.,0.));
#554 = PCURVE('',#507,#555);
#555 = DEFINITIONAL_REPRESENTATION('',(#556),#560);
#556 = LINE('',#557,#558);
#557 = CARTESIAN_POINT('',(0.,-3.));
#558 = VECTOR('',#559,1.);
#559 = DIRECTION('',(1.,0.));
#560 = ( GEOMETRIC_REPRESENTATION_CONTEXT(2) 
PARAMETRIC_REPRESENTATION_CONTEXT() REPRESENTATION_CONTEXT('2D SPACE',''
  ) );
#561 = PCURVE('',#75,#562);
#562 = DEFINITIONAL_REPRESENTATION('',(#563),#567);
#563 = LINE('',#564,#565);
#564 = CARTESIAN_POINT('',(-71.,-20.98481901467));
#565 = VECTOR('',#566,1.);
#566 = DIRECTION('',(1.,0.));
#567 = ( GEOMETRIC_REPRESENTATION_CONTEXT(2) 
PARAMETRIC_REPRESENTATION_CONTEXT() REPRESENTATION_CONTEXT('2D SPACE',''
  ) );
#568 = ORIENTED_EDGE('',*,*,#569,.F.);
#569 = EDGE_CURVE('',#570,#547,#572,.T.);
#570 = VERTEX_POINT('',#571);
#571 = CARTESIAN_POINT('',(136.,-10.,0.));
#572 = SURFACE_CURVE('',#573,(#577,#584),.PCURVE_S1.);
#573 = LINE('',#574,#575);
#574 = CARTESIAN_POINT('',(136.,-10.,0.));
#575 = VECTOR('',#576,1.);
#576 = DIRECTION('',(0.,0.,1.));
#577 = PCURVE('',#507,#578);
#578 = DEFINITIONAL_REPRESENTATION('',(#579),#583);
#579 = LINE('',#580,#581);
#580 = CARTESIAN_POINT('',(142.,0.));
#581 = VECTOR('',#582,1.);
#582 = DIRECTION('',(0.,-1.));
#583 = ( GEOMETRIC_REPRESENTATION_CONTEXT(2) 
PARAMETRIC_REPRESENTATION_CONTEXT() REPRESENTATION_CONTEXT('2D SPACE',''
  ) );
#584 = PCURVE('',#44,#585);
#585 = DEFINITIONAL_REPRESENTATION('',(#586),#590);
#586 = LINE('',#587,#588);
#587 = CARTESIAN_POINT('',(0.,0.));
#588 = VECTOR('',#589,1.);
#589 = DIRECTION('',(0.,-1.));
#590 = ( GEOMETRIC_REPRESENTATION_CONTEXT(2) 
PARAMETRIC_REPRESENTATION_CONTEXT() REPRESENTATION_CONTEXT('2D SPACE',''
  ) );
#591 = ORIENTED_EDGE('',*,*,#592,.F.);
#592 = EDGE_CURVE('',#492,#570,#593,.T.);
#593 = SURFACE_CURVE('',#594,(#598,#605),.PCURVE_S1.);
#594 = LINE('',#595,#596);
#595 = CARTESIAN_POINT('',(-6.,-10.,0.));
#596 = VECTOR('',#597,1.);
#597 = DIRECTION('',(1.,0.,0.));
#598 = PCURVE('',#507,#599);
#599 = DEFINITIONAL_REPRESENTATION('',(#600),#604);
#600 = LINE('',#601,#602);
#601 = CARTESIAN_POINT('',(0.,0.));
#602 = VECTOR('',#603,1.);
#603 = DIRECTION('',(1.,0.));
#604 = ( GEOMETRIC_REPRESENTATION_CONTEXT(2) 
PARAMETRIC_REPRESENTATION_CONTEXT() REPRESENTATION_CONTEXT('2D SPACE',''
  ) );
#605 = PCURVE('',#132,#606);
#606 = DEFINITIONAL_REPRESENTATION('',(#607),#611);
#607 = LINE('',#608,#609);
#608 = CARTESIAN_POINT('',(-71.,-20.98481901467));
#609 = VECTOR('',#610,1.);
#610 = DIRECTION('',(1.,0.));
#611 = ( GEOMETRIC_REPRESENTATION_CONTEXT(2) 
PARAMETRIC_REPRESENTATION_CONTEXT() REPRESENTATION_CONTEXT('2D SPACE',''
  ) );
#612 = ADVANCED_FACE('',(#613),#44,.F.);
#613 = FACE_BOUND('',#614,.F.);
#614 = EDGE_LOOP('',(#615,#616,#639,#640));
#615 = ORIENTED_EDGE('',*,*,#569,.T.);
#616 = ORIENTED_EDGE('',*,*,#617,.T.);
#617 = EDGE_CURVE('',#547,#24,#618,.T.);
#618 = SURFACE_CURVE('',#619,(#624,#631),.PCURVE_S1.);
#619 = B_SPLINE_CURVE_WITH_KNOTS('',3,(#620,#621,#622,#623),
  .UNSPECIFIED.,.F.,.F.,(4,4),(0.,1.),.PIECEWISE_BEZIER_KNOTS.);
#620 = CARTESIAN_POINT('',(136.,-10.,3.));
#621 = CARTESIAN_POINT('',(138.21291349104,-9.995748335754,3.));
#622 = CARTESIAN_POINT('',(139.99574833575,-8.21291349104,3.));
#623 = CARTESIAN_POINT('',(140.,-6.,3.));
#624 = PCURVE('',#44,#625);
#625 = DEFINITIONAL_REPRESENTATION('',(#626),#630);
#626 = LINE('',#627,#628);
#627 = CARTESIAN_POINT('',(0.,-3.));
#628 = VECTOR('',#629,1.);
#629 = DIRECTION('',(1.,0.));
#630 = ( GEOMETRIC_REPRESENTATION_CONTEXT(2) 
PARAMETRIC_REPRESENTATION_CONTEXT() REPRESENTATION_CONTEXT('2D SPACE',''
  ) );
#631 = PCURVE('',#75,#632);
#632 = DEFINITIONAL_REPRESENTATION('',(#633),#638);
#633 = B_SPLINE_CURVE_WITH_KNOTS('',3,(#634,#635,#636,#637),
  .UNSPECIFIED.,.F.,.F.,(4,4),(0.,1.),.PIECEWISE_BEZIER_KNOTS.);
#634 = CARTESIAN_POINT('',(71.,-20.98481901467));
#635 = CARTESIAN_POINT('',(73.21291349104,-20.98056735042));
#636 = CARTESIAN_POINT('',(74.995748335754,-19.19773250571));
#637 = CARTESIAN_POINT('',(75.,-16.98481901467));
#638 = ( GEOMETRIC_REPRESENTATION_CONTEXT(2) 
PARAMETRIC_REPRESENTATION_CONTEXT() REPRESENTATION_CONTEXT('2D SPACE',''
  ) );
#639 = ORIENTED_EDGE('',*,*,#21,.F.);
#640 = ORIENTED_EDGE('',*,*,#641,.F.);
#641 = EDGE_CURVE('',#570,#22,#642,.T.);
#642 = SURFACE_CURVE('',#643,(#648,#655),.PCURVE_S1.);
#643 = B_SPLINE_CURVE_WITH_KNOTS('',3,(#644,#645,#646,#647),
  .UNSPECIFIED.,.F.,.F.,(4,4),(0.,1.),.PIECEWISE_BEZIER_KNOTS.);
#644 = CARTESIAN_POINT('',(136.,-10.,0.));
#645 = CARTESIAN_POINT('',(138.21291349104,-9.995748335754,0.));
#646 = CARTESIAN_POINT('',(139.99574833575,-8.21291349104,0.));
#647 = CARTESIAN_POINT('',(140.,-6.,0.));
#648 = PCURVE('',#44,#649);
#649 = DEFINITIONAL_REPRESENTATION('',(#650),#654);
#650 = LINE('',#651,#652);
#651 = CARTESIAN_POINT('',(0.,0.));
#652 = VECTOR('',#653,1.);
#653 = DIRECTION('',(1.,0.));
#654 = ( GEOMETRIC_REPRESENTATION_CONTEXT(2) 
PARAMETRIC_REPRESENTATION_CONTEXT() REPRESENTATION_CONTEXT('2D SPACE',''
  ) );
#655 = PCURVE('',#132,#656);
#656 = DEFINITIONAL_REPRESENTATION('',(#657),#662);
#657 = B_SPLINE_CURVE_WITH_KNOTS('',3,(#658,#659,#660,#661),
  .UNSPECIFIED.,.F.,.F.,(4,4),(0.,1.),.PIECEWISE_BEZIER_KNOTS.);
#658 = CARTESIAN_POINT('',(71.,-20.98481901467));
#659 = CARTESIAN_POINT('',(73.21291349104,-20.98056735042));
#660 = CARTESIAN_POINT('',(74.995748335754,-19.19773250571));
#661 = CARTESIAN_POINT('',(75.,-16.98481901467));
#662 = ( GEOMETRIC_REPRESENTATION_CONTEXT(2) 
PARAMETRIC_REPRESENTATION_CONTEXT() REPRESENTATION_CONTEXT('2D SPACE',''
  ) );
#663 = ADVANCED_FACE('',(#664),#132,.F.);
#664 = FACE_BOUND('',#665,.F.);
#665 = EDGE_LOOP('',(#666,#667,#668,#669,#670,#671,#672,#673));
#666 = ORIENTED_EDGE('',*,*,#118,.T.);
#667 = ORIENTED_EDGE('',*,*,#201,.T.);
#668 = ORIENTED_EDGE('',*,*,#282,.T.);
#669 = ORIENTED_EDGE('',*,*,#360,.T.);
#670 = ORIENTED_EDGE('',*,*,#441,.T.);
#671 = ORIENTED_EDGE('',*,*,#519,.T.);
#672 = ORIENTED_EDGE('',*,*,#592,.T.);
#673 = ORIENTED_EDGE('',*,*,#641,.T.);
#674 = ADVANCED_FACE('',(#675),#75,.T.);
#675 = FACE_BOUND('',#676,.T.);
#676 = EDGE_LOOP('',(#677,#678,#679,#680,#681,#682,#683,#684));
#677 = ORIENTED_EDGE('',*,*,#59,.T.);
#678 = ORIENTED_EDGE('',*,*,#148,.T.);
#679 = ORIENTED_EDGE('',*,*,#228,.T.);
#680 = ORIENTED_EDGE('',*,*,#307,.T.);
#681 = ORIENTED_EDGE('',*,*,#387,.T.);
#682 = ORIENTED_EDGE('',*,*,#466,.T.);
#683 = ORIENTED_EDGE('',*,*,#546,.T.);
#684 = ORIENTED_EDGE('',*,*,#617,.T.);
#685 = ( GEOMETRIC_REPRESENTATION_CONTEXT(3) 
GLOBAL_UNCERTAINTY_ASSIGNED_CONTEXT((#689)) GLOBAL_UNIT_ASSIGNED_CONTEXT
((#686,#687,#688)) REPRESENTATION_CONTEXT('Context #1',
  '3D Context with UNIT and UNCERTAINTY') );
#686 = ( LENGTH_UNIT() NAMED_UNIT(*) SI_UNIT(.MILLI.,.METRE.) );
#687 = ( NAMED_UNIT(*) PLANE_ANGLE_UNIT() SI_UNIT($,.RADIAN.) );
#688 = ( NAMED_UNIT(*) SI_UNIT($,.STERADIAN.) SOLID_ANGLE_UNIT() );
#689 = UNCERTAINTY_MEASURE_WITH_UNIT(LENGTH_MEASURE(1.E-07),#686,
  'distance_accuracy_value','confusion accuracy');
#690 = PRODUCT_RELATED_PRODUCT_CATEGORY('part',$,(#7));
#691 = SHAPE_DEFINITION_REPRESENTATION(#692,#698);
#692 = PRODUCT_DEFINITION_SHAPE('','',#693);
#693 = PRODUCT_DEFINITION('design','',#694,#697);
#694 = PRODUCT_DEFINITION_FORMATION('','',#695);
#695 = PRODUCT('cones, O blue','cones, O blue','',(#696));
#696 = PRODUCT_CONTEXT('',#2,'mechanical');
#697 = PRODUCT_DEFINITION_CONTEXT('part definition',#2,'design');
#698 = SHAPE_REPRESENTATION('',(#11,#699,#1803),#2247);
#699 = MANIFOLD_SOLID_BREP('',#700);
#700 = CLOSED_SHELL('',(#701,#834,#917,#1000,#1083,#1163,#1239,#1317,
    #1396,#1479,#1562,#1645,#1720,#1771,#1787));
#701 = ADVANCED_FACE('',(#702),#716,.T.);
#702 = FACE_BOUND('',#703,.T.);
#703 = EDGE_LOOP('',(#704,#745,#775,#806));
#704 = ORIENTED_EDGE('',*,*,#705,.T.);
#705 = EDGE_CURVE('',#706,#708,#710,.T.);
#706 = VERTEX_POINT('',#707);
#707 = CARTESIAN_POINT('',(21.972041371016,21.942440995032,3.));
#708 = VERTEX_POINT('',#709);
#709 = CARTESIAN_POINT('',(21.972041371016,21.942440995032,4.2));
#710 = SURFACE_CURVE('',#711,(#715,#730),.PCURVE_S1.);
#711 = LINE('',#712,#713);
#712 = CARTESIAN_POINT('',(21.972041371016,21.942440995032,3.));
#713 = VECTOR('',#714,1.);
#714 = DIRECTION('',(0.,0.,1.));
#715 = PCURVE('',#716,#724);
#716 = SURFACE_OF_LINEAR_EXTRUSION('',#717,#722);
#717 = B_SPLINE_CURVE_WITH_KNOTS('',3,(#718,#719,#720,#721),
  .UNSPECIFIED.,.F.,.F.,(4,4),(0.,1.),.PIECEWISE_BEZIER_KNOTS.);
#718 = CARTESIAN_POINT('',(21.972041371016,21.942440995032,3.));
#719 = CARTESIAN_POINT('',(21.985286624692,21.929195741356,3.));
#720 = CARTESIAN_POINT('',(21.995137029845,21.861572827293,3.));
#721 = CARTESIAN_POINT('',(21.997847254294,21.808972085409,3.));
#722 = VECTOR('',#723,1.);
#723 = DIRECTION('',(-0.,-0.,-1.));
#724 = DEFINITIONAL_REPRESENTATION('',(#725),#729);
#725 = LINE('',#726,#727);
#726 = CARTESIAN_POINT('',(0.,0.));
#727 = VECTOR('',#728,1.);
#728 = DIRECTION('',(0.,-1.));
#729 = ( GEOMETRIC_REPRESENTATION_CONTEXT(2) 
PARAMETRIC_REPRESENTATION_CONTEXT() REPRESENTATION_CONTEXT('2D SPACE',''
  ) );
#730 = PCURVE('',#731,#739);
#731 = SURFACE_OF_LINEAR_EXTRUSION('',#732,#737);
#732 = B_SPLINE_CURVE_WITH_KNOTS('',3,(#733,#734,#735,#736),
  .UNSPECIFIED.,.F.,.F.,(4,4),(0.,1.),.PIECEWISE_BEZIER_KNOTS.);
#733 = CARTESIAN_POINT('',(21.838572461394,21.968246878309,3.));
#734 = CARTESIAN_POINT('',(21.891173203277,21.96553665386,3.));
#735 = CARTESIAN_POINT('',(21.958796117341,21.955686248707,3.));
#736 = CARTESIAN_POINT('',(21.972041371016,21.942440995032,3.));
#737 = VECTOR('',#738,1.);
#738 = DIRECTION('',(-0.,-0.,-1.));
#739 = DEFINITIONAL_REPRESENTATION('',(#740),#744);
#740 = LINE('',#741,#742);
#741 = CARTESIAN_POINT('',(1.,0.));
#742 = VECTOR('',#743,1.);
#743 = DIRECTION('',(0.,-1.));
#744 = ( GEOMETRIC_REPRESENTATION_CONTEXT(2) 
PARAMETRIC_REPRESENTATION_CONTEXT() REPRESENTATION_CONTEXT('2D SPACE',''
  ) );
#745 = ORIENTED_EDGE('',*,*,#746,.T.);
#746 = EDGE_CURVE('',#708,#747,#749,.T.);
#747 = VERTEX_POINT('',#748);
#748 = CARTESIAN_POINT('',(21.997847254294,21.808972085409,4.2));
#749 = SURFACE_CURVE('',#750,(#755,#762),.PCURVE_S1.);
#750 = B_SPLINE_CURVE_WITH_KNOTS('',3,(#751,#752,#753,#754),
  .UNSPECIFIED.,.F.,.F.,(4,4),(0.,1.),.PIECEWISE_BEZIER_KNOTS.);
#751 = CARTESIAN_POINT('',(21.972041371016,21.942440995032,4.2));
#752 = CARTESIAN_POINT('',(21.985286624692,21.929195741356,4.2));
#753 = CARTESIAN_POINT('',(21.995137029845,21.861572827293,4.2));
#754 = CARTESIAN_POINT('',(21.997847254294,21.808972085409,4.2));
#755 = PCURVE('',#716,#756);
#756 = DEFINITIONAL_REPRESENTATION('',(#757),#761);
#757 = LINE('',#758,#759);
#758 = CARTESIAN_POINT('',(0.,-1.2));
#759 = VECTOR('',#760,1.);
#760 = DIRECTION('',(1.,0.));
#761 = ( GEOMETRIC_REPRESENTATION_CONTEXT(2) 
PARAMETRIC_REPRESENTATION_CONTEXT() REPRESENTATION_CONTEXT('2D SPACE',''
  ) );
#762 = PCURVE('',#763,#768);
#763 = PLANE('',#764);
#764 = AXIS2_PLACEMENT_3D('',#765,#766,#767);
#765 = CARTESIAN_POINT('',(15.169918557259,15.140318181274,4.2));
#766 = DIRECTION('',(0.,0.,1.));
#767 = DIRECTION('',(1.,0.,-0.));
#768 = DEFINITIONAL_REPRESENTATION('',(#769),#774);
#769 = B_SPLINE_CURVE_WITH_KNOTS('',3,(#770,#771,#772,#773),
  .UNSPECIFIED.,.F.,.F.,(4,4),(0.,1.),.PIECEWISE_BEZIER_KNOTS.);
#770 = CARTESIAN_POINT('',(6.802122813758,6.802122813758));
#771 = CARTESIAN_POINT('',(6.815368067433,6.788877560082));
#772 = CARTESIAN_POINT('',(6.825218472586,6.721254646019));
#773 = CARTESIAN_POINT('',(6.827928697035,6.668653904135));
#774 = ( GEOMETRIC_REPRESENTATION_CONTEXT(2) 
PARAMETRIC_REPRESENTATION_CONTEXT() REPRESENTATION_CONTEXT('2D SPACE',''
  ) );
#775 = ORIENTED_EDGE('',*,*,#776,.F.);
#776 = EDGE_CURVE('',#777,#747,#779,.T.);
#777 = VERTEX_POINT('',#778);
#778 = CARTESIAN_POINT('',(21.997847254294,21.808972085409,3.));
#779 = SURFACE_CURVE('',#780,(#784,#791),.PCURVE_S1.);
#780 = LINE('',#781,#782);
#781 = CARTESIAN_POINT('',(21.997847254294,21.808972085409,3.));
#782 = VECTOR('',#783,1.);
#783 = DIRECTION('',(0.,0.,1.));
#784 = PCURVE('',#716,#785);
#785 = DEFINITIONAL_REPRESENTATION('',(#786),#790);
#786 = LINE('',#787,#788);
#787 = CARTESIAN_POINT('',(1.,0.));
#788 = VECTOR('',#789,1.);
#789 = DIRECTION('',(0.,-1.));
#790 = ( GEOMETRIC_REPRESENTATION_CONTEXT(2) 
PARAMETRIC_REPRESENTATION_CONTEXT() REPRESENTATION_CONTEXT('2D SPACE',''
  ) );
#791 = PCURVE('',#792,#800);
#792 = SURFACE_OF_LINEAR_EXTRUSION('',#793,#798);
#793 = B_SPLINE_CURVE_WITH_KNOTS('',3,(#794,#795,#796,#797),
  .UNSPECIFIED.,.F.,.F.,(4,4),(0.,1.),.PIECEWISE_BEZIER_KNOTS.);
#794 = CARTESIAN_POINT('',(21.997847254294,21.808972085409,3.));
#795 = CARTESIAN_POINT('',(22.007146060933,21.62849842461,3.));
#796 = CARTESIAN_POINT('',(21.968274651285,21.379432665152,3.));
#797 = CARTESIAN_POINT('',(21.927805985043,21.179203683416,3.));
#798 = VECTOR('',#799,1.);
#799 = DIRECTION('',(-0.,-0.,-1.));
#800 = DEFINITIONAL_REPRESENTATION('',(#801),#805);
#801 = LINE('',#802,#803);
#802 = CARTESIAN_POINT('',(0.,0.));
#803 = VECTOR('',#804,1.);
#804 = DIRECTION('',(0.,-1.));
#805 = ( GEOMETRIC_REPRESENTATION_CONTEXT(2) 
PARAMETRIC_REPRESENTATION_CONTEXT() REPRESENTATION_CONTEXT('2D SPACE',''
  ) );
#806 = ORIENTED_EDGE('',*,*,#807,.F.);
#807 = EDGE_CURVE('',#706,#777,#808,.T.);
#808 = SURFACE_CURVE('',#809,(#814,#821),.PCURVE_S1.);
#809 = B_SPLINE_CURVE_WITH_KNOTS('',3,(#810,#811,#812,#813),
  .UNSPECIFIED.,.F.,.F.,(4,4),(0.,1.),.PIECEWISE_BEZIER_KNOTS.);
#810 = CARTESIAN_POINT('',(21.972041371016,21.942440995032,3.));
#811 = CARTESIAN_POINT('',(21.985286624692,21.929195741356,3.));
#812 = CARTESIAN_POINT('',(21.995137029845,21.861572827293,3.));
#813 = CARTESIAN_POINT('',(21.997847254294,21.808972085409,3.));
#814 = PCURVE('',#716,#815);
#815 = DEFINITIONAL_REPRESENTATION('',(#816),#820);
#816 = LINE('',#817,#818);
#817 = CARTESIAN_POINT('',(0.,0.));
#818 = VECTOR('',#819,1.);
#819 = DIRECTION('',(1.,0.));
#820 = ( GEOMETRIC_REPRESENTATION_CONTEXT(2) 
PARAMETRIC_REPRESENTATION_CONTEXT() REPRESENTATION_CONTEXT('2D SPACE',''
  ) );
#821 = PCURVE('',#822,#827);
#822 = PLANE('',#823);
#823 = AXIS2_PLACEMENT_3D('',#824,#825,#826);
#824 = CARTESIAN_POINT('',(15.169918557259,15.140318181274,3.));
#825 = DIRECTION('',(0.,0.,1.));
#826 = DIRECTION('',(1.,0.,-0.));
#827 = DEFINITIONAL_REPRESENTATION('',(#828),#833);
#828 = B_SPLINE_CURVE_WITH_KNOTS('',3,(#829,#830,#831,#832),
  .UNSPECIFIED.,.F.,.F.,(4,4),(0.,1.),.PIECEWISE_BEZIER_KNOTS.);
#829 = CARTESIAN_POINT('',(6.802122813758,6.802122813758));
#830 = CARTESIAN_POINT('',(6.815368067433,6.788877560082));
#831 = CARTESIAN_POINT('',(6.825218472586,6.721254646019));
#832 = CARTESIAN_POINT('',(6.827928697035,6.668653904135));
#833 = ( GEOMETRIC_REPRESENTATION_CONTEXT(2) 
PARAMETRIC_REPRESENTATION_CONTEXT() REPRESENTATION_CONTEXT('2D SPACE',''
  ) );
#834 = ADVANCED_FACE('',(#835),#792,.T.);
#835 = FACE_BOUND('',#836,.T.);
#836 = EDGE_LOOP('',(#837,#838,#863,#894));
#837 = ORIENTED_EDGE('',*,*,#776,.T.);
#838 = ORIENTED_EDGE('',*,*,#839,.T.);
#839 = EDGE_CURVE('',#747,#840,#842,.T.);
#840 = VERTEX_POINT('',#841);
#841 = CARTESIAN_POINT('',(21.927805985043,21.179203683416,4.2));
#842 = SURFACE_CURVE('',#843,(#848,#855),.PCURVE_S1.);
#843 = B_SPLINE_CURVE_WITH_KNOTS('',3,(#844,#845,#846,#847),
  .UNSPECIFIED.,.F.,.F.,(4,4),(0.,1.),.PIECEWISE_BEZIER_KNOTS.);
#844 = CARTESIAN_POINT('',(21.997847254294,21.808972085409,4.2));
#845 = CARTESIAN_POINT('',(22.007146060933,21.62849842461,4.2));
#846 = CARTESIAN_POINT('',(21.968274651285,21.379432665152,4.2));
#847 = CARTESIAN_POINT('',(21.927805985043,21.179203683416,4.2));
#848 = PCURVE('',#792,#849);
#849 = DEFINITIONAL_REPRESENTATION('',(#850),#854);
#850 = LINE('',#851,#852);
#851 = CARTESIAN_POINT('',(0.,-1.2));
#852 = VECTOR('',#853,1.);
#853 = DIRECTION('',(1.,0.));
#854 = ( GEOMETRIC_REPRESENTATION_CONTEXT(2) 
PARAMETRIC_REPRESENTATION_CONTEXT() REPRESENTATION_CONTEXT('2D SPACE',''
  ) );
#855 = PCURVE('',#763,#856);
#856 = DEFINITIONAL_REPRESENTATION('',(#857),#862);
#857 = B_SPLINE_CURVE_WITH_KNOTS('',3,(#858,#859,#860,#861),
  .UNSPECIFIED.,.F.,.F.,(4,4),(0.,1.),.PIECEWISE_BEZIER_KNOTS.);
#858 = CARTESIAN_POINT('',(6.827928697035,6.668653904135));
#859 = CARTESIAN_POINT('',(6.837227503674,6.488180243336));
#860 = CARTESIAN_POINT('',(6.798356094027,6.239114483878));
#861 = CARTESIAN_POINT('',(6.757887427784,6.038885502142));
#862 = ( GEOMETRIC_REPRESENTATION_CONTEXT(2) 
PARAMETRIC_REPRESENTATION_CONTEXT() REPRESENTATION_CONTEXT('2D SPACE',''
  ) );
#863 = ORIENTED_EDGE('',*,*,#864,.F.);
#864 = EDGE_CURVE('',#865,#840,#867,.T.);
#865 = VERTEX_POINT('',#866);
#866 = CARTESIAN_POINT('',(21.927805985043,21.179203683416,3.));
#867 = SURFACE_CURVE('',#868,(#872,#879),.PCURVE_S1.);
#868 = LINE('',#869,#870);
#869 = CARTESIAN_POINT('',(21.927805985043,21.179203683416,3.));
#870 = VECTOR('',#871,1.);
#871 = DIRECTION('',(0.,0.,1.));
#872 = PCURVE('',#792,#873);
#873 = DEFINITIONAL_REPRESENTATION('',(#874),#878);
#874 = LINE('',#875,#876);
#875 = CARTESIAN_POINT('',(1.,0.));
#876 = VECTOR('',#877,1.);
#877 = DIRECTION('',(0.,-1.));
#878 = ( GEOMETRIC_REPRESENTATION_CONTEXT(2) 
PARAMETRIC_REPRESENTATION_CONTEXT() REPRESENTATION_CONTEXT('2D SPACE',''
  ) );
#879 = PCURVE('',#880,#888);
#880 = SURFACE_OF_LINEAR_EXTRUSION('',#881,#886);
#881 = B_SPLINE_CURVE_WITH_KNOTS('',3,(#882,#883,#884,#885),
  .UNSPECIFIED.,.F.,.F.,(4,4),(0.,1.),.PIECEWISE_BEZIER_KNOTS.);
#882 = CARTESIAN_POINT('',(21.927805985043,21.179203683416,3.));
#883 = CARTESIAN_POINT('',(21.811597539159,20.604232948062,3.));
#884 = CARTESIAN_POINT('',(21.600645424717,19.966065706132,3.));
#885 = CARTESIAN_POINT('',(21.359574182388,19.325017393301,3.));
#886 = VECTOR('',#887,1.);
#887 = DIRECTION('',(-0.,-0.,-1.));
#888 = DEFINITIONAL_REPRESENTATION('',(#889),#893);
#889 = LINE('',#890,#891);
#890 = CARTESIAN_POINT('',(0.,0.));
#891 = VECTOR('',#892,1.);
#892 = DIRECTION('',(0.,-1.));
#893 = ( GEOMETRIC_REPRESENTATION_CONTEXT(2) 
PARAMETRIC_REPRESENTATION_CONTEXT() REPRESENTATION_CONTEXT('2D SPACE',''
  ) );
#894 = ORIENTED_EDGE('',*,*,#895,.F.);
#895 = EDGE_CURVE('',#777,#865,#896,.T.);
#896 = SURFACE_CURVE('',#897,(#902,#909),.PCURVE_S1.);
#897 = B_SPLINE_CURVE_WITH_KNOTS('',3,(#898,#899,#900,#901),
  .UNSPECIFIED.,.F.,.F.,(4,4),(0.,1.),.PIECEWISE_BEZIER_KNOTS.);
#898 = CARTESIAN_POINT('',(21.997847254294,21.808972085409,3.));
#899 = CARTESIAN_POINT('',(22.007146060933,21.62849842461,3.));
#900 = CARTESIAN_POINT('',(21.968274651285,21.379432665152,3.));
#901 = CARTESIAN_POINT('',(21.927805985043,21.179203683416,3.));
#902 = PCURVE('',#792,#903);
#903 = DEFINITIONAL_REPRESENTATION('',(#904),#908);
#904 = LINE('',#905,#906);
#905 = CARTESIAN_POINT('',(0.,0.));
#906 = VECTOR('',#907,1.);
#907 = DIRECTION('',(1.,0.));
#908 = ( GEOMETRIC_REPRESENTATION_CONTEXT(2) 
PARAMETRIC_REPRESENTATION_CONTEXT() REPRESENTATION_CONTEXT('2D SPACE',''
  ) );
#909 = PCURVE('',#822,#910);
#910 = DEFINITIONAL_REPRESENTATION('',(#911),#916);
#911 = B_SPLINE_CURVE_WITH_KNOTS('',3,(#912,#913,#914,#915),
  .UNSPECIFIED.,.F.,.F.,(4,4),(0.,1.),.PIECEWISE_BEZIER_KNOTS.);
#912 = CARTESIAN_POINT('',(6.827928697035,6.668653904135));
#913 = CARTESIAN_POINT('',(6.837227503674,6.488180243336));
#914 = CARTESIAN_POINT('',(6.798356094027,6.239114483878));
#915 = CARTESIAN_POINT('',(6.757887427784,6.038885502142));
#916 = ( GEOMETRIC_REPRESENTATION_CONTEXT(2) 
PARAMETRIC_REPRESENTATION_CONTEXT() REPRESENTATION_CONTEXT('2D SPACE',''
  ) );
#917 = ADVANCED_FACE('',(#918),#880,.T.);
#918 = FACE_BOUND('',#919,.T.);
#919 = EDGE_LOOP('',(#920,#921,#946,#977));
#920 = ORIENTED_EDGE('',*,*,#864,.T.);
#921 = ORIENTED_EDGE('',*,*,#922,.T.);
#922 = EDGE_CURVE('',#840,#923,#925,.T.);
#923 = VERTEX_POINT('',#924);
#924 = CARTESIAN_POINT('',(21.359574182388,19.325017393301,4.2));
#925 = SURFACE_CURVE('',#926,(#931,#938),.PCURVE_S1.);
#926 = B_SPLINE_CURVE_WITH_KNOTS('',3,(#927,#928,#929,#930),
  .UNSPECIFIED.,.F.,.F.,(4,4),(0.,1.),.PIECEWISE_BEZIER_KNOTS.);
#927 = CARTESIAN_POINT('',(21.927805985043,21.179203683416,4.2));
#928 = CARTESIAN_POINT('',(21.811597539159,20.604232948062,4.2));
#929 = CARTESIAN_POINT('',(21.600645424717,19.966065706132,4.2));
#930 = CARTESIAN_POINT('',(21.359574182388,19.325017393301,4.2));
#931 = PCURVE('',#880,#932);
#932 = DEFINITIONAL_REPRESENTATION('',(#933),#937);
#933 = LINE('',#934,#935);
#934 = CARTESIAN_POINT('',(0.,-1.2));
#935 = VECTOR('',#936,1.);
#936 = DIRECTION('',(1.,0.));
#937 = ( GEOMETRIC_REPRESENTATION_CONTEXT(2) 
PARAMETRIC_REPRESENTATION_CONTEXT() REPRESENTATION_CONTEXT('2D SPACE',''
  ) );
#938 = PCURVE('',#763,#939);
#939 = DEFINITIONAL_REPRESENTATION('',(#940),#945);
#940 = B_SPLINE_CURVE_WITH_KNOTS('',3,(#941,#942,#943,#944),
  .UNSPECIFIED.,.F.,.F.,(4,4),(0.,1.),.PIECEWISE_BEZIER_KNOTS.);
#941 = CARTESIAN_POINT('',(6.757887427784,6.038885502142));
#942 = CARTESIAN_POINT('',(6.6416789819,5.463914766788));
#943 = CARTESIAN_POINT('',(6.430726867458,4.825747524858));
#944 = CARTESIAN_POINT('',(6.189655625129,4.184699212027));
#945 = ( GEOMETRIC_REPRESENTATION_CONTEXT(2) 
PARAMETRIC_REPRESENTATION_CONTEXT() REPRESENTATION_CONTEXT('2D SPACE',''
  ) );
#946 = ORIENTED_EDGE('',*,*,#947,.F.);
#947 = EDGE_CURVE('',#948,#923,#950,.T.);
#948 = VERTEX_POINT('',#949);
#949 = CARTESIAN_POINT('',(21.359574182388,19.325017393301,3.));
#950 = SURFACE_CURVE('',#951,(#955,#962),.PCURVE_S1.);
#951 = LINE('',#952,#953);
#952 = CARTESIAN_POINT('',(21.359574182388,19.325017393301,3.));
#953 = VECTOR('',#954,1.);
#954 = DIRECTION('',(0.,0.,1.));
#955 = PCURVE('',#880,#956);
#956 = DEFINITIONAL_REPRESENTATION('',(#957),#961);
#957 = LINE('',#958,#959);
#958 = CARTESIAN_POINT('',(1.,0.));
#959 = VECTOR('',#960,1.);
#960 = DIRECTION('',(0.,-1.));
#961 = ( GEOMETRIC_REPRESENTATION_CONTEXT(2) 
PARAMETRIC_REPRESENTATION_CONTEXT() REPRESENTATION_CONTEXT('2D SPACE',''
  ) );
#962 = PCURVE('',#963,#971);
#963 = SURFACE_OF_LINEAR_EXTRUSION('',#964,#969);
#964 = B_SPLINE_CURVE_WITH_KNOTS('',3,(#965,#966,#967,#968),
  .UNSPECIFIED.,.F.,.F.,(4,4),(0.,1.),.PIECEWISE_BEZIER_KNOTS.);
#965 = CARTESIAN_POINT('',(21.359574182388,19.325017393301,3.));
#966 = CARTESIAN_POINT('',(20.866196125387,18.013043522121,3.));
#967 = CARTESIAN_POINT('',(20.200137275556,16.588471739656,3.));
#968 = CARTESIAN_POINT('',(19.40926506854,15.084702492293,3.));
#969 = VECTOR('',#970,1.);
#970 = DIRECTION('',(-0.,-0.,-1.));
#971 = DEFINITIONAL_REPRESENTATION('',(#972),#976);
#972 = LINE('',#973,#974);
#973 = CARTESIAN_POINT('',(0.,0.));
#974 = VECTOR('',#975,1.);
#975 = DIRECTION('',(0.,-1.));
#976 = ( GEOMETRIC_REPRESENTATION_CONTEXT(2) 
PARAMETRIC_REPRESENTATION_CONTEXT() REPRESENTATION_CONTEXT('2D SPACE',''
  ) );
#977 = ORIENTED_EDGE('',*,*,#978,.F.);
#978 = EDGE_CURVE('',#865,#948,#979,.T.);
#979 = SURFACE_CURVE('',#980,(#985,#992),.PCURVE_S1.);
#980 = B_SPLINE_CURVE_WITH_KNOTS('',3,(#981,#982,#983,#984),
  .UNSPECIFIED.,.F.,.F.,(4,4),(0.,1.),.PIECEWISE_BEZIER_KNOTS.);
#981 = CARTESIAN_POINT('',(21.927805985043,21.179203683416,3.));
#982 = CARTESIAN_POINT('',(21.811597539159,20.604232948062,3.));
#983 = CARTESIAN_POINT('',(21.600645424717,19.966065706132,3.));
#984 = CARTESIAN_POINT('',(21.359574182388,19.325017393301,3.));
#985 = PCURVE('',#880,#986);
#986 = DEFINITIONAL_REPRESENTATION('',(#987),#991);
#987 = LINE('',#988,#989);
#988 = CARTESIAN_POINT('',(0.,0.));
#989 = VECTOR('',#990,1.);
#990 = DIRECTION('',(1.,0.));
#991 = ( GEOMETRIC_REPRESENTATION_CONTEXT(2) 
PARAMETRIC_REPRESENTATION_CONTEXT() REPRESENTATION_CONTEXT('2D SPACE',''
  ) );
#992 = PCURVE('',#822,#993);
#993 = DEFINITIONAL_REPRESENTATION('',(#994),#999);
#994 = B_SPLINE_CURVE_WITH_KNOTS('',3,(#995,#996,#997,#998),
  .UNSPECIFIED.,.F.,.F.,(4,4),(0.,1.),.PIECEWISE_BEZIER_KNOTS.);
#995 = CARTESIAN_POINT('',(6.757887427784,6.038885502142));
#996 = CARTESIAN_POINT('',(6.6416789819,5.463914766788));
#997 = CARTESIAN_POINT('',(6.430726867458,4.825747524858));
#998 = CARTESIAN_POINT('',(6.189655625129,4.184699212027));
#999 = ( GEOMETRIC_REPRESENTATION_CONTEXT(2) 
PARAMETRIC_REPRESENTATION_CONTEXT() REPRESENTATION_CONTEXT('2D SPACE',''
  ) );
#1000 = ADVANCED_FACE('',(#1001),#963,.T.);
#1001 = FACE_BOUND('',#1002,.T.);
#1002 = EDGE_LOOP('',(#1003,#1004,#1029,#1060));
#1003 = ORIENTED_EDGE('',*,*,#947,.T.);
#1004 = ORIENTED_EDGE('',*,*,#1005,.T.);
#1005 = EDGE_CURVE('',#923,#1006,#1008,.T.);
#1006 = VERTEX_POINT('',#1007);
#1007 = CARTESIAN_POINT('',(19.40926506854,15.084702492293,4.2));
#1008 = SURFACE_CURVE('',#1009,(#1014,#1021),.PCURVE_S1.);
#1009 = B_SPLINE_CURVE_WITH_KNOTS('',3,(#1010,#1011,#1012,#1013),
  .UNSPECIFIED.,.F.,.F.,(4,4),(0.,1.),.PIECEWISE_BEZIER_KNOTS.);
#1010 = CARTESIAN_POINT('',(21.359574182388,19.325017393301,4.2));
#1011 = CARTESIAN_POINT('',(20.866196125387,18.013043522121,4.2));
#1012 = CARTESIAN_POINT('',(20.200137275556,16.588471739656,4.2));
#1013 = CARTESIAN_POINT('',(19.40926506854,15.084702492293,4.2));
#1014 = PCURVE('',#963,#1015);
#1015 = DEFINITIONAL_REPRESENTATION('',(#1016),#1020);
#1016 = LINE('',#1017,#1018);
#1017 = CARTESIAN_POINT('',(0.,-1.2));
#1018 = VECTOR('',#1019,1.);
#1019 = DIRECTION('',(1.,0.));
#1020 = ( GEOMETRIC_REPRESENTATION_CONTEXT(2) 
PARAMETRIC_REPRESENTATION_CONTEXT() REPRESENTATION_CONTEXT('2D SPACE',''
  ) );
#1021 = PCURVE('',#763,#1022);
#1022 = DEFINITIONAL_REPRESENTATION('',(#1023),#1028);
#1023 = B_SPLINE_CURVE_WITH_KNOTS('',3,(#1024,#1025,#1026,#1027),
  .UNSPECIFIED.,.F.,.F.,(4,4),(0.,1.),.PIECEWISE_BEZIER_KNOTS.);
#1024 = CARTESIAN_POINT('',(6.189655625129,4.184699212027));
#1025 = CARTESIAN_POINT('',(5.696277568129,2.872725340847));
#1026 = CARTESIAN_POINT('',(5.030218718297,1.448153558382));
#1027 = CARTESIAN_POINT('',(4.239346511281,-5.561568898058E-02));
#1028 = ( GEOMETRIC_REPRESENTATION_CONTEXT(2) 
PARAMETRIC_REPRESENTATION_CONTEXT() REPRESENTATION_CONTEXT('2D SPACE',''
  ) );
#1029 = ORIENTED_EDGE('',*,*,#1030,.F.);
#1030 = EDGE_CURVE('',#1031,#1006,#1033,.T.);
#1031 = VERTEX_POINT('',#1032);
#1032 = CARTESIAN_POINT('',(19.40926506854,15.084702492293,3.));
#1033 = SURFACE_CURVE('',#1034,(#1038,#1045),.PCURVE_S1.);
#1034 = LINE('',#1035,#1036);
#1035 = CARTESIAN_POINT('',(19.40926506854,15.084702492293,3.));
#1036 = VECTOR('',#1037,1.);
#1037 = DIRECTION('',(0.,0.,1.));
#1038 = PCURVE('',#963,#1039);
#1039 = DEFINITIONAL_REPRESENTATION('',(#1040),#1044);
#1040 = LINE('',#1041,#1042);
#1041 = CARTESIAN_POINT('',(1.,0.));
#1042 = VECTOR('',#1043,1.);
#1043 = DIRECTION('',(0.,-1.));
#1044 = ( GEOMETRIC_REPRESENTATION_CONTEXT(2) 
PARAMETRIC_REPRESENTATION_CONTEXT() REPRESENTATION_CONTEXT('2D SPACE',''
  ) );
#1045 = PCURVE('',#1046,#1054);
#1046 = SURFACE_OF_LINEAR_EXTRUSION('',#1047,#1052);
#1047 = B_SPLINE_CURVE_WITH_KNOTS('',3,(#1048,#1049,#1050,#1051),
  .UNSPECIFIED.,.F.,.F.,(4,4),(0.,1.),.PIECEWISE_BEZIER_KNOTS.);
#1048 = CARTESIAN_POINT('',(19.40926506854,15.084702492293,3.));
#1049 = CARTESIAN_POINT('',(17.781785635235,11.990203152439,3.));
#1050 = CARTESIAN_POINT('',(15.814108733708,8.991147181511,3.));
#1051 = CARTESIAN_POINT('',(14.254092895435,6.914257622593,3.));
#1052 = VECTOR('',#1053,1.);
#1053 = DIRECTION('',(-0.,-0.,-1.));
#1054 = DEFINITIONAL_REPRESENTATION('',(#1055),#1059);
#1055 = LINE('',#1056,#1057);
#1056 = CARTESIAN_POINT('',(0.,0.));
#1057 = VECTOR('',#1058,1.);
#1058 = DIRECTION('',(0.,-1.));
#1059 = ( GEOMETRIC_REPRESENTATION_CONTEXT(2) 
PARAMETRIC_REPRESENTATION_CONTEXT() REPRESENTATION_CONTEXT('2D SPACE',''
  ) );
#1060 = ORIENTED_EDGE('',*,*,#1061,.F.);
#1061 = EDGE_CURVE('',#948,#1031,#1062,.T.);
#1062 = SURFACE_CURVE('',#1063,(#1068,#1075),.PCURVE_S1.);
#1063 = B_SPLINE_CURVE_WITH_KNOTS('',3,(#1064,#1065,#1066,#1067),
  .UNSPECIFIED.,.F.,.F.,(4,4),(0.,1.),.PIECEWISE_BEZIER_KNOTS.);
#1064 = CARTESIAN_POINT('',(21.359574182388,19.325017393301,3.));
#1065 = CARTESIAN_POINT('',(20.866196125387,18.013043522121,3.));
#1066 = CARTESIAN_POINT('',(20.200137275556,16.588471739656,3.));
#1067 = CARTESIAN_POINT('',(19.40926506854,15.084702492293,3.));
#1068 = PCURVE('',#963,#1069);
#1069 = DEFINITIONAL_REPRESENTATION('',(#1070),#1074);
#1070 = LINE('',#1071,#1072);
#1071 = CARTESIAN_POINT('',(0.,0.));
#1072 = VECTOR('',#1073,1.);
#1073 = DIRECTION('',(1.,0.));
#1074 = ( GEOMETRIC_REPRESENTATION_CONTEXT(2) 
PARAMETRIC_REPRESENTATION_CONTEXT() REPRESENTATION_CONTEXT('2D SPACE',''
  ) );
#1075 = PCURVE('',#822,#1076);
#1076 = DEFINITIONAL_REPRESENTATION('',(#1077),#1082);
#1077 = B_SPLINE_CURVE_WITH_KNOTS('',3,(#1078,#1079,#1080,#1081),
  .UNSPECIFIED.,.F.,.F.,(4,4),(0.,1.),.PIECEWISE_BEZIER_KNOTS.);
#1078 = CARTESIAN_POINT('',(6.189655625129,4.184699212027));
#1079 = CARTESIAN_POINT('',(5.696277568129,2.872725340847));
#1080 = CARTESIAN_POINT('',(5.030218718297,1.448153558382));
#1081 = CARTESIAN_POINT('',(4.239346511281,-5.561568898058E-02));
#1082 = ( GEOMETRIC_REPRESENTATION_CONTEXT(2) 
PARAMETRIC_REPRESENTATION_CONTEXT() REPRESENTATION_CONTEXT('2D SPACE',''
  ) );
#1083 = ADVANCED_FACE('',(#1084),#1046,.T.);
#1084 = FACE_BOUND('',#1085,.T.);
#1085 = EDGE_LOOP('',(#1086,#1087,#1112,#1140));
#1086 = ORIENTED_EDGE('',*,*,#1030,.T.);
#1087 = ORIENTED_EDGE('',*,*,#1088,.T.);
#1088 = EDGE_CURVE('',#1006,#1089,#1091,.T.);
#1089 = VERTEX_POINT('',#1090);
#1090 = CARTESIAN_POINT('',(14.254092895435,6.914257622593,4.2));
#1091 = SURFACE_CURVE('',#1092,(#1097,#1104),.PCURVE_S1.);
#1092 = B_SPLINE_CURVE_WITH_KNOTS('',3,(#1093,#1094,#1095,#1096),
  .UNSPECIFIED.,.F.,.F.,(4,4),(0.,1.),.PIECEWISE_BEZIER_KNOTS.);
#1093 = CARTESIAN_POINT('',(19.40926506854,15.084702492293,4.2));
#1094 = CARTESIAN_POINT('',(17.781785635235,11.990203152439,4.2));
#1095 = CARTESIAN_POINT('',(15.814108733708,8.991147181511,4.2));
#1096 = CARTESIAN_POINT('',(14.254092895435,6.914257622593,4.2));
#1097 = PCURVE('',#1046,#1098);
#1098 = DEFINITIONAL_REPRESENTATION('',(#1099),#1103);
#1099 = LINE('',#1100,#1101);
#1100 = CARTESIAN_POINT('',(0.,-1.2));
#1101 = VECTOR('',#1102,1.);
#1102 = DIRECTION('',(1.,0.));
#1103 = ( GEOMETRIC_REPRESENTATION_CONTEXT(2) 
PARAMETRIC_REPRESENTATION_CONTEXT() REPRESENTATION_CONTEXT('2D SPACE',''
  ) );
#1104 = PCURVE('',#763,#1105);
#1105 = DEFINITIONAL_REPRESENTATION('',(#1106),#1111);
#1106 = B_SPLINE_CURVE_WITH_KNOTS('',3,(#1107,#1108,#1109,#1110),
  .UNSPECIFIED.,.F.,.F.,(4,4),(0.,1.),.PIECEWISE_BEZIER_KNOTS.);
#1107 = CARTESIAN_POINT('',(4.239346511281,-5.561568898058E-02));
#1108 = CARTESIAN_POINT('',(2.611867077976,-3.150115028835));
#1109 = CARTESIAN_POINT('',(0.644190176449,-6.149170999763));
#1110 = CARTESIAN_POINT('',(-0.915825661823,-8.226060558681));
#1111 = ( GEOMETRIC_REPRESENTATION_CONTEXT(2) 
PARAMETRIC_REPRESENTATION_CONTEXT() REPRESENTATION_CONTEXT('2D SPACE',''
  ) );
#1112 = ORIENTED_EDGE('',*,*,#1113,.F.);
#1113 = EDGE_CURVE('',#1114,#1089,#1116,.T.);
#1114 = VERTEX_POINT('',#1115);
#1115 = CARTESIAN_POINT('',(14.254092895435,6.914257622593,3.));
#1116 = SURFACE_CURVE('',#1117,(#1121,#1128),.PCURVE_S1.);
#1117 = LINE('',#1118,#1119);
#1118 = CARTESIAN_POINT('',(14.254092895435,6.914257622593,3.));
#1119 = VECTOR('',#1120,1.);
#1120 = DIRECTION('',(0.,0.,1.));
#1121 = PCURVE('',#1046,#1122);
#1122 = DEFINITIONAL_REPRESENTATION('',(#1123),#1127);
#1123 = LINE('',#1124,#1125);
#1124 = CARTESIAN_POINT('',(1.,0.));
#1125 = VECTOR('',#1126,1.);
#1126 = DIRECTION('',(0.,-1.));
#1127 = ( GEOMETRIC_REPRESENTATION_CONTEXT(2) 
PARAMETRIC_REPRESENTATION_CONTEXT() REPRESENTATION_CONTEXT('2D SPACE',''
  ) );
#1128 = PCURVE('',#1129,#1134);
#1129 = PLANE('',#1130);
#1130 = AXIS2_PLACEMENT_3D('',#1131,#1132,#1133);
#1131 = CARTESIAN_POINT('',(14.254092895435,6.914257622593,3.));
#1132 = DIRECTION('',(-0.707106781187,-0.707106781187,0.));
#1133 = DIRECTION('',(-0.707106781187,0.707106781187,0.));
#1134 = DEFINITIONAL_REPRESENTATION('',(#1135),#1139);
#1135 = LINE('',#1136,#1137);
#1136 = CARTESIAN_POINT('',(0.,0.));
#1137 = VECTOR('',#1138,1.);
#1138 = DIRECTION('',(0.,-1.));
#1139 = ( GEOMETRIC_REPRESENTATION_CONTEXT(2) 
PARAMETRIC_REPRESENTATION_CONTEXT() REPRESENTATION_CONTEXT('2D SPACE',''
  ) );
#1140 = ORIENTED_EDGE('',*,*,#1141,.F.);
#1141 = EDGE_CURVE('',#1031,#1114,#1142,.T.);
#1142 = SURFACE_CURVE('',#1143,(#1148,#1155),.PCURVE_S1.);
#1143 = B_SPLINE_CURVE_WITH_KNOTS('',3,(#1144,#1145,#1146,#1147),
  .UNSPECIFIED.,.F.,.F.,(4,4),(0.,1.),.PIECEWISE_BEZIER_KNOTS.);
#1144 = CARTESIAN_POINT('',(19.40926506854,15.084702492293,3.));
#1145 = CARTESIAN_POINT('',(17.781785635235,11.990203152439,3.));
#1146 = CARTESIAN_POINT('',(15.814108733708,8.991147181511,3.));
#1147 = CARTESIAN_POINT('',(14.254092895435,6.914257622593,3.));
#1148 = PCURVE('',#1046,#1149);
#1149 = DEFINITIONAL_REPRESENTATION('',(#1150),#1154);
#1150 = LINE('',#1151,#1152);
#1151 = CARTESIAN_POINT('',(0.,0.));
#1152 = VECTOR('',#1153,1.);
#1153 = DIRECTION('',(1.,0.));
#1154 = ( GEOMETRIC_REPRESENTATION_CONTEXT(2) 
PARAMETRIC_REPRESENTATION_CONTEXT() REPRESENTATION_CONTEXT('2D SPACE',''
  ) );
#1155 = PCURVE('',#822,#1156);
#1156 = DEFINITIONAL_REPRESENTATION('',(#1157),#1162);
#1157 = B_SPLINE_CURVE_WITH_KNOTS('',3,(#1158,#1159,#1160,#1161),
  .UNSPECIFIED.,.F.,.F.,(4,4),(0.,1.),.PIECEWISE_BEZIER_KNOTS.);
#1158 = CARTESIAN_POINT('',(4.239346511281,-5.561568898058E-02));
#1159 = CARTESIAN_POINT('',(2.611867077976,-3.150115028835));
#1160 = CARTESIAN_POINT('',(0.644190176449,-6.149170999763));
#1161 = CARTESIAN_POINT('',(-0.915825661823,-8.226060558681));
#1162 = ( GEOMETRIC_REPRESENTATION_CONTEXT(2) 
PARAMETRIC_REPRESENTATION_CONTEXT() REPRESENTATION_CONTEXT('2D SPACE',''
  ) );
#1163 = ADVANCED_FACE('',(#1164),#1129,.T.);
#1164 = FACE_BOUND('',#1165,.T.);
#1165 = EDGE_LOOP('',(#1166,#1167,#1190,#1218));
#1166 = ORIENTED_EDGE('',*,*,#1113,.T.);
#1167 = ORIENTED_EDGE('',*,*,#1168,.T.);
#1168 = EDGE_CURVE('',#1089,#1169,#1171,.T.);
#1169 = VERTEX_POINT('',#1170);
#1170 = CARTESIAN_POINT('',(13.829828826723,7.338521691305,4.2));
#1171 = SURFACE_CURVE('',#1172,(#1176,#1183),.PCURVE_S1.);
#1172 = LINE('',#1173,#1174);
#1173 = CARTESIAN_POINT('',(14.254092895435,6.914257622593,4.2));
#1174 = VECTOR('',#1175,1.);
#1175 = DIRECTION('',(-0.707106781187,0.707106781187,0.));
#1176 = PCURVE('',#1129,#1177);
#1177 = DEFINITIONAL_REPRESENTATION('',(#1178),#1182);
#1178 = LINE('',#1179,#1180);
#1179 = CARTESIAN_POINT('',(0.,-1.2));
#1180 = VECTOR('',#1181,1.);
#1181 = DIRECTION('',(1.,0.));
#1182 = ( GEOMETRIC_REPRESENTATION_CONTEXT(2) 
PARAMETRIC_REPRESENTATION_CONTEXT() REPRESENTATION_CONTEXT('2D SPACE',''
  ) );
#1183 = PCURVE('',#763,#1184);
#1184 = DEFINITIONAL_REPRESENTATION('',(#1185),#1189);
#1185 = LINE('',#1186,#1187);
#1186 = CARTESIAN_POINT('',(-0.915825661823,-8.226060558681));
#1187 = VECTOR('',#1188,1.);
#1188 = DIRECTION('',(-0.707106781187,0.707106781187));
#1189 = ( GEOMETRIC_REPRESENTATION_CONTEXT(2) 
PARAMETRIC_REPRESENTATION_CONTEXT() REPRESENTATION_CONTEXT('2D SPACE',''
  ) );
#1190 = ORIENTED_EDGE('',*,*,#1191,.F.);
#1191 = EDGE_CURVE('',#1192,#1169,#1194,.T.);
#1192 = VERTEX_POINT('',#1193);
#1193 = CARTESIAN_POINT('',(13.829828826723,7.338521691305,3.));
#1194 = SURFACE_CURVE('',#1195,(#1199,#1206),.PCURVE_S1.);
#1195 = LINE('',#1196,#1197);
#1196 = CARTESIAN_POINT('',(13.829828826723,7.338521691305,3.));
#1197 = VECTOR('',#1198,1.);
#1198 = DIRECTION('',(0.,0.,1.));
#1199 = PCURVE('',#1129,#1200);
#1200 = DEFINITIONAL_REPRESENTATION('',(#1201),#1205);
#1201 = LINE('',#1202,#1203);
#1202 = CARTESIAN_POINT('',(0.6,0.));
#1203 = VECTOR('',#1204,1.);
#1204 = DIRECTION('',(0.,-1.));
#1205 = ( GEOMETRIC_REPRESENTATION_CONTEXT(2) 
PARAMETRIC_REPRESENTATION_CONTEXT() REPRESENTATION_CONTEXT('2D SPACE',''
  ) );
#1206 = PCURVE('',#1207,#1212);
#1207 = CYLINDRICAL_SURFACE('',#1208,5.437804000845);
#1208 = AXIS2_PLACEMENT_3D('',#1209,#1210,#1211);
#1209 = CARTESIAN_POINT('',(8.514163077853,8.484562701868,3.));
#1210 = DIRECTION('',(-0.,-0.,-1.));
#1211 = DIRECTION('',(0.977539048492,-0.210754379964,0.));
#1212 = DEFINITIONAL_REPRESENTATION('',(#1213),#1217);
#1213 = LINE('',#1214,#1215);
#1214 = CARTESIAN_POINT('',(-0.,0.));
#1215 = VECTOR('',#1216,1.);
#1216 = DIRECTION('',(-0.,-1.));
#1217 = ( GEOMETRIC_REPRESENTATION_CONTEXT(2) 
PARAMETRIC_REPRESENTATION_CONTEXT() REPRESENTATION_CONTEXT('2D SPACE',''
  ) );
#1218 = ORIENTED_EDGE('',*,*,#1219,.F.);
#1219 = EDGE_CURVE('',#1114,#1192,#1220,.T.);
#1220 = SURFACE_CURVE('',#1221,(#1225,#1232),.PCURVE_S1.);
#1221 = LINE('',#1222,#1223);
#1222 = CARTESIAN_POINT('',(14.254092895435,6.914257622593,3.));
#1223 = VECTOR('',#1224,1.);
#1224 = DIRECTION('',(-0.707106781187,0.707106781187,0.));
#1225 = PCURVE('',#1129,#1226);
#1226 = DEFINITIONAL_REPRESENTATION('',(#1227),#1231);
#1227 = LINE('',#1228,#1229);
#1228 = CARTESIAN_POINT('',(0.,0.));
#1229 = VECTOR('',#1230,1.);
#1230 = DIRECTION('',(1.,0.));
#1231 = ( GEOMETRIC_REPRESENTATION_CONTEXT(2) 
PARAMETRIC_REPRESENTATION_CONTEXT() REPRESENTATION_CONTEXT('2D SPACE',''
  ) );
#1232 = PCURVE('',#822,#1233);
#1233 = DEFINITIONAL_REPRESENTATION('',(#1234),#1238);
#1234 = LINE('',#1235,#1236);
#1235 = CARTESIAN_POINT('',(-0.915825661823,-8.226060558681));
#1236 = VECTOR('',#1237,1.);
#1237 = DIRECTION('',(-0.707106781187,0.707106781187));
#1238 = ( GEOMETRIC_REPRESENTATION_CONTEXT(2) 
PARAMETRIC_REPRESENTATION_CONTEXT() REPRESENTATION_CONTEXT('2D SPACE',''
  ) );
#1239 = ADVANCED_FACE('',(#1240),#1207,.F.);
#1240 = FACE_BOUND('',#1241,.T.);
#1241 = EDGE_LOOP('',(#1242,#1243,#1267,#1295));
#1242 = ORIENTED_EDGE('',*,*,#1191,.T.);
#1243 = ORIENTED_EDGE('',*,*,#1244,.T.);
#1244 = EDGE_CURVE('',#1169,#1245,#1247,.T.);
#1245 = VERTEX_POINT('',#1246);
#1246 = CARTESIAN_POINT('',(7.36812206729,13.800228450739,4.2));
#1247 = SURFACE_CURVE('',#1248,(#1253,#1260),.PCURVE_S1.);
#1248 = CIRCLE('',#1249,5.437804000845);
#1249 = AXIS2_PLACEMENT_3D('',#1250,#1251,#1252);
#1250 = CARTESIAN_POINT('',(8.514163077853,8.484562701868,4.2));
#1251 = DIRECTION('',(0.,0.,1.));
#1252 = DIRECTION('',(0.977539048492,-0.210754379964,0.));
#1253 = PCURVE('',#1207,#1254);
#1254 = DEFINITIONAL_REPRESENTATION('',(#1255),#1259);
#1255 = LINE('',#1256,#1257);
#1256 = CARTESIAN_POINT('',(-0.,-1.2));
#1257 = VECTOR('',#1258,1.);
#1258 = DIRECTION('',(-1.,0.));
#1259 = ( GEOMETRIC_REPRESENTATION_CONTEXT(2) 
PARAMETRIC_REPRESENTATION_CONTEXT() REPRESENTATION_CONTEXT('2D SPACE',''
  ) );
#1260 = PCURVE('',#763,#1261);
#1261 = DEFINITIONAL_REPRESENTATION('',(#1262),#1266);
#1262 = CIRCLE('',#1263,5.437804000845);
#1263 = AXIS2_PLACEMENT_2D('',#1264,#1265);
#1264 = CARTESIAN_POINT('',(-6.655755479406,-6.655755479406));
#1265 = DIRECTION('',(0.977539048492,-0.210754379964));
#1266 = ( GEOMETRIC_REPRESENTATION_CONTEXT(2) 
PARAMETRIC_REPRESENTATION_CONTEXT() REPRESENTATION_CONTEXT('2D SPACE',''
  ) );
#1267 = ORIENTED_EDGE('',*,*,#1268,.F.);
#1268 = EDGE_CURVE('',#1269,#1245,#1271,.T.);
#1269 = VERTEX_POINT('',#1270);
#1270 = CARTESIAN_POINT('',(7.36812206729,13.800228450739,3.));
#1271 = SURFACE_CURVE('',#1272,(#1276,#1283),.PCURVE_S1.);
#1272 = LINE('',#1273,#1274);
#1273 = CARTESIAN_POINT('',(7.36812206729,13.800228450739,3.));
#1274 = VECTOR('',#1275,1.);
#1275 = DIRECTION('',(0.,0.,1.));
#1276 = PCURVE('',#1207,#1277);
#1277 = DEFINITIONAL_REPRESENTATION('',(#1278),#1282);
#1278 = LINE('',#1279,#1280);
#1279 = CARTESIAN_POINT('',(-1.99548954485,0.));
#1280 = VECTOR('',#1281,1.);
#1281 = DIRECTION('',(-0.,-1.));
#1282 = ( GEOMETRIC_REPRESENTATION_CONTEXT(2) 
PARAMETRIC_REPRESENTATION_CONTEXT() REPRESENTATION_CONTEXT('2D SPACE',''
  ) );
#1283 = PCURVE('',#1284,#1289);
#1284 = PLANE('',#1285);
#1285 = AXIS2_PLACEMENT_3D('',#1286,#1287,#1288);
#1286 = CARTESIAN_POINT('',(7.36812206729,13.800228450739,3.));
#1287 = DIRECTION('',(-0.707106781187,-0.707106781187,0.));
#1288 = DIRECTION('',(-0.707106781187,0.707106781187,0.));
#1289 = DEFINITIONAL_REPRESENTATION('',(#1290),#1294);
#1290 = LINE('',#1291,#1292);
#1291 = CARTESIAN_POINT('',(0.,0.));
#1292 = VECTOR('',#1293,1.);
#1293 = DIRECTION('',(0.,-1.));
#1294 = ( GEOMETRIC_REPRESENTATION_CONTEXT(2) 
PARAMETRIC_REPRESENTATION_CONTEXT() REPRESENTATION_CONTEXT('2D SPACE',''
  ) );
#1295 = ORIENTED_EDGE('',*,*,#1296,.F.);
#1296 = EDGE_CURVE('',#1192,#1269,#1297,.T.);
#1297 = SURFACE_CURVE('',#1298,(#1303,#1310),.PCURVE_S1.);
#1298 = CIRCLE('',#1299,5.437804000845);
#1299 = AXIS2_PLACEMENT_3D('',#1300,#1301,#1302);
#1300 = CARTESIAN_POINT('',(8.514163077853,8.484562701868,3.));
#1301 = DIRECTION('',(0.,0.,1.));
#1302 = DIRECTION('',(0.977539048492,-0.210754379964,0.));
#1303 = PCURVE('',#1207,#1304);
#1304 = DEFINITIONAL_REPRESENTATION('',(#1305),#1309);
#1305 = LINE('',#1306,#1307);
#1306 = CARTESIAN_POINT('',(-0.,0.));
#1307 = VECTOR('',#1308,1.);
#1308 = DIRECTION('',(-1.,0.));
#1309 = ( GEOMETRIC_REPRESENTATION_CONTEXT(2) 
PARAMETRIC_REPRESENTATION_CONTEXT() REPRESENTATION_CONTEXT('2D SPACE',''
  ) );
#1310 = PCURVE('',#822,#1311);
#1311 = DEFINITIONAL_REPRESENTATION('',(#1312),#1316);
#1312 = CIRCLE('',#1313,5.437804000845);
#1313 = AXIS2_PLACEMENT_2D('',#1314,#1315);
#1314 = CARTESIAN_POINT('',(-6.655755479406,-6.655755479406));
#1315 = DIRECTION('',(0.977539048492,-0.210754379964));
#1316 = ( GEOMETRIC_REPRESENTATION_CONTEXT(2) 
PARAMETRIC_REPRESENTATION_CONTEXT() REPRESENTATION_CONTEXT('2D SPACE',''
  ) );
#1317 = ADVANCED_FACE('',(#1318),#1284,.T.);
#1318 = FACE_BOUND('',#1319,.T.);
#1319 = EDGE_LOOP('',(#1320,#1321,#1344,#1375));
#1320 = ORIENTED_EDGE('',*,*,#1268,.T.);
#1321 = ORIENTED_EDGE('',*,*,#1322,.T.);
#1322 = EDGE_CURVE('',#1245,#1323,#1325,.T.);
#1323 = VERTEX_POINT('',#1324);
#1324 = CARTESIAN_POINT('',(6.943857998578,14.224492519451,4.2));
#1325 = SURFACE_CURVE('',#1326,(#1330,#1337),.PCURVE_S1.);
#1326 = LINE('',#1327,#1328);
#1327 = CARTESIAN_POINT('',(7.36812206729,13.800228450739,4.2));
#1328 = VECTOR('',#1329,1.);
#1329 = DIRECTION('',(-0.707106781187,0.707106781187,0.));
#1330 = PCURVE('',#1284,#1331);
#1331 = DEFINITIONAL_REPRESENTATION('',(#1332),#1336);
#1332 = LINE('',#1333,#1334);
#1333 = CARTESIAN_POINT('',(0.,-1.2));
#1334 = VECTOR('',#1335,1.);
#1335 = DIRECTION('',(1.,0.));
#1336 = ( GEOMETRIC_REPRESENTATION_CONTEXT(2) 
PARAMETRIC_REPRESENTATION_CONTEXT() REPRESENTATION_CONTEXT('2D SPACE',''
  ) );
#1337 = PCURVE('',#763,#1338);
#1338 = DEFINITIONAL_REPRESENTATION('',(#1339),#1343);
#1339 = LINE('',#1340,#1341);
#1340 = CARTESIAN_POINT('',(-7.801796489969,-1.340089730535));
#1341 = VECTOR('',#1342,1.);
#1342 = DIRECTION('',(-0.707106781187,0.707106781187));
#1343 = ( GEOMETRIC_REPRESENTATION_CONTEXT(2) 
PARAMETRIC_REPRESENTATION_CONTEXT() REPRESENTATION_CONTEXT('2D SPACE',''
  ) );
#1344 = ORIENTED_EDGE('',*,*,#1345,.F.);
#1345 = EDGE_CURVE('',#1346,#1323,#1348,.T.);
#1346 = VERTEX_POINT('',#1347);
#1347 = CARTESIAN_POINT('',(6.943857998578,14.224492519451,3.));
#1348 = SURFACE_CURVE('',#1349,(#1353,#1360),.PCURVE_S1.);
#1349 = LINE('',#1350,#1351);
#1350 = CARTESIAN_POINT('',(6.943857998578,14.224492519451,3.));
#1351 = VECTOR('',#1352,1.);
#1352 = DIRECTION('',(0.,0.,1.));
#1353 = PCURVE('',#1284,#1354);
#1354 = DEFINITIONAL_REPRESENTATION('',(#1355),#1359);
#1355 = LINE('',#1356,#1357);
#1356 = CARTESIAN_POINT('',(0.6,0.));
#1357 = VECTOR('',#1358,1.);
#1358 = DIRECTION('',(0.,-1.));
#1359 = ( GEOMETRIC_REPRESENTATION_CONTEXT(2) 
PARAMETRIC_REPRESENTATION_CONTEXT() REPRESENTATION_CONTEXT('2D SPACE',''
  ) );
#1360 = PCURVE('',#1361,#1369);
#1361 = SURFACE_OF_LINEAR_EXTRUSION('',#1362,#1367);
#1362 = B_SPLINE_CURVE_WITH_KNOTS('',3,(#1363,#1364,#1365,#1366),
  .UNSPECIFIED.,.F.,.F.,(4,4),(0.,1.),.PIECEWISE_BEZIER_KNOTS.);
#1363 = CARTESIAN_POINT('',(6.943857998578,14.224492519451,3.));
#1364 = CARTESIAN_POINT('',(9.020747557496,15.784508357723,3.));
#1365 = CARTESIAN_POINT('',(12.019803528424,17.75218525925,3.));
#1366 = CARTESIAN_POINT('',(15.114302868278,19.379664692555,3.));
#1367 = VECTOR('',#1368,1.);
#1368 = DIRECTION('',(-0.,-0.,-1.));
#1369 = DEFINITIONAL_REPRESENTATION('',(#1370),#1374);
#1370 = LINE('',#1371,#1372);
#1371 = CARTESIAN_POINT('',(0.,0.));
#1372 = VECTOR('',#1373,1.);
#1373 = DIRECTION('',(0.,-1.));
#1374 = ( GEOMETRIC_REPRESENTATION_CONTEXT(2) 
PARAMETRIC_REPRESENTATION_CONTEXT() REPRESENTATION_CONTEXT('2D SPACE',''
  ) );
#1375 = ORIENTED_EDGE('',*,*,#1376,.F.);
#1376 = EDGE_CURVE('',#1269,#1346,#1377,.T.);
#1377 = SURFACE_CURVE('',#1378,(#1382,#1389),.PCURVE_S1.);
#1378 = LINE('',#1379,#1380);
#1379 = CARTESIAN_POINT('',(7.36812206729,13.800228450739,3.));
#1380 = VECTOR('',#1381,1.);
#1381 = DIRECTION('',(-0.707106781187,0.707106781187,0.));
#1382 = PCURVE('',#1284,#1383);
#1383 = DEFINITIONAL_REPRESENTATION('',(#1384),#1388);
#1384 = LINE('',#1385,#1386);
#1385 = CARTESIAN_POINT('',(0.,0.));
#1386 = VECTOR('',#1387,1.);
#1387 = DIRECTION('',(1.,0.));
#1388 = ( GEOMETRIC_REPRESENTATION_CONTEXT(2) 
PARAMETRIC_REPRESENTATION_CONTEXT() REPRESENTATION_CONTEXT('2D SPACE',''
  ) );
#1389 = PCURVE('',#822,#1390);
#1390 = DEFINITIONAL_REPRESENTATION('',(#1391),#1395);
#1391 = LINE('',#1392,#1393);
#1392 = CARTESIAN_POINT('',(-7.801796489969,-1.340089730535));
#1393 = VECTOR('',#1394,1.);
#1394 = DIRECTION('',(-0.707106781187,0.707106781187));
#1395 = ( GEOMETRIC_REPRESENTATION_CONTEXT(2) 
PARAMETRIC_REPRESENTATION_CONTEXT() REPRESENTATION_CONTEXT('2D SPACE',''
  ) );
#1396 = ADVANCED_FACE('',(#1397),#1361,.T.);
#1397 = FACE_BOUND('',#1398,.T.);
#1398 = EDGE_LOOP('',(#1399,#1400,#1425,#1456));
#1399 = ORIENTED_EDGE('',*,*,#1345,.T.);
#1400 = ORIENTED_EDGE('',*,*,#1401,.T.);
#1401 = EDGE_CURVE('',#1323,#1402,#1404,.T.);
#1402 = VERTEX_POINT('',#1403);
#1403 = CARTESIAN_POINT('',(15.114302868278,19.379664692555,4.2));
#1404 = SURFACE_CURVE('',#1405,(#1410,#1417),.PCURVE_S1.);
#1405 = B_SPLINE_CURVE_WITH_KNOTS('',3,(#1406,#1407,#1408,#1409),
  .UNSPECIFIED.,.F.,.F.,(4,4),(0.,1.),.PIECEWISE_BEZIER_KNOTS.);
#1406 = CARTESIAN_POINT('',(6.943857998578,14.224492519451,4.2));
#1407 = CARTESIAN_POINT('',(9.020747557496,15.784508357723,4.2));
#1408 = CARTESIAN_POINT('',(12.019803528424,17.75218525925,4.2));
#1409 = CARTESIAN_POINT('',(15.114302868278,19.379664692555,4.2));
#1410 = PCURVE('',#1361,#1411);
#1411 = DEFINITIONAL_REPRESENTATION('',(#1412),#1416);
#1412 = LINE('',#1413,#1414);
#1413 = CARTESIAN_POINT('',(0.,-1.2));
#1414 = VECTOR('',#1415,1.);
#1415 = DIRECTION('',(1.,0.));
#1416 = ( GEOMETRIC_REPRESENTATION_CONTEXT(2) 
PARAMETRIC_REPRESENTATION_CONTEXT() REPRESENTATION_CONTEXT('2D SPACE',''
  ) );
#1417 = PCURVE('',#763,#1418);
#1418 = DEFINITIONAL_REPRESENTATION('',(#1419),#1424);
#1419 = B_SPLINE_CURVE_WITH_KNOTS('',3,(#1420,#1421,#1422,#1423),
  .UNSPECIFIED.,.F.,.F.,(4,4),(0.,1.),.PIECEWISE_BEZIER_KNOTS.);
#1420 = CARTESIAN_POINT('',(-8.226060558681,-0.915825661823));
#1421 = CARTESIAN_POINT('',(-6.149170999763,0.644190176449));
#1422 = CARTESIAN_POINT('',(-3.150115028835,2.611867077976));
#1423 = CARTESIAN_POINT('',(-5.561568898058E-02,4.239346511281));
#1424 = ( GEOMETRIC_REPRESENTATION_CONTEXT(2) 
PARAMETRIC_REPRESENTATION_CONTEXT() REPRESENTATION_CONTEXT('2D SPACE',''
  ) );
#1425 = ORIENTED_EDGE('',*,*,#1426,.F.);
#1426 = EDGE_CURVE('',#1427,#1402,#1429,.T.);
#1427 = VERTEX_POINT('',#1428);
#1428 = CARTESIAN_POINT('',(15.114302868278,19.379664692555,3.));
#1429 = SURFACE_CURVE('',#1430,(#1434,#1441),.PCURVE_S1.);
#1430 = LINE('',#1431,#1432);
#1431 = CARTESIAN_POINT('',(15.114302868278,19.379664692555,3.));
#1432 = VECTOR('',#1433,1.);
#1433 = DIRECTION('',(0.,0.,1.));
#1434 = PCURVE('',#1361,#1435);
#1435 = DEFINITIONAL_REPRESENTATION('',(#1436),#1440);
#1436 = LINE('',#1437,#1438);
#1437 = CARTESIAN_POINT('',(1.,0.));
#1438 = VECTOR('',#1439,1.);
#1439 = DIRECTION('',(0.,-1.));
#1440 = ( GEOMETRIC_REPRESENTATION_CONTEXT(2) 
PARAMETRIC_REPRESENTATION_CONTEXT() REPRESENTATION_CONTEXT('2D SPACE',''
  ) );
#1441 = PCURVE('',#1442,#1450);
#1442 = SURFACE_OF_LINEAR_EXTRUSION('',#1443,#1448);
#1443 = B_SPLINE_CURVE_WITH_KNOTS('',3,(#1444,#1445,#1446,#1447),
  .UNSPECIFIED.,.F.,.F.,(4,4),(0.,1.),.PIECEWISE_BEZIER_KNOTS.);
#1444 = CARTESIAN_POINT('',(15.114302868278,19.379664692555,3.));
#1445 = CARTESIAN_POINT('',(16.618072115641,20.170536899571,3.));
#1446 = CARTESIAN_POINT('',(18.042643898106,20.836595749403,3.));
#1447 = CARTESIAN_POINT('',(19.354617769286,21.329973806403,3.));
#1448 = VECTOR('',#1449,1.);
#1449 = DIRECTION('',(-0.,-0.,-1.));
#1450 = DEFINITIONAL_REPRESENTATION('',(#1451),#1455);
#1451 = LINE('',#1452,#1453);
#1452 = CARTESIAN_POINT('',(0.,0.));
#1453 = VECTOR('',#1454,1.);
#1454 = DIRECTION('',(0.,-1.));
#1455 = ( GEOMETRIC_REPRESENTATION_CONTEXT(2) 
PARAMETRIC_REPRESENTATION_CONTEXT() REPRESENTATION_CONTEXT('2D SPACE',''
  ) );
#1456 = ORIENTED_EDGE('',*,*,#1457,.F.);
#1457 = EDGE_CURVE('',#1346,#1427,#1458,.T.);
#1458 = SURFACE_CURVE('',#1459,(#1464,#1471),.PCURVE_S1.);
#1459 = B_SPLINE_CURVE_WITH_KNOTS('',3,(#1460,#1461,#1462,#1463),
  .UNSPECIFIED.,.F.,.F.,(4,4),(0.,1.),.PIECEWISE_BEZIER_KNOTS.);
#1460 = CARTESIAN_POINT('',(6.943857998578,14.224492519451,3.));
#1461 = CARTESIAN_POINT('',(9.020747557496,15.784508357723,3.));
#1462 = CARTESIAN_POINT('',(12.019803528424,17.75218525925,3.));
#1463 = CARTESIAN_POINT('',(15.114302868278,19.379664692555,3.));
#1464 = PCURVE('',#1361,#1465);
#1465 = DEFINITIONAL_REPRESENTATION('',(#1466),#1470);
#1466 = LINE('',#1467,#1468);
#1467 = CARTESIAN_POINT('',(0.,0.));
#1468 = VECTOR('',#1469,1.);
#1469 = DIRECTION('',(1.,0.));
#1470 = ( GEOMETRIC_REPRESENTATION_CONTEXT(2) 
PARAMETRIC_REPRESENTATION_CONTEXT() REPRESENTATION_CONTEXT('2D SPACE',''
  ) );
#1471 = PCURVE('',#822,#1472);
#1472 = DEFINITIONAL_REPRESENTATION('',(#1473),#1478);
#1473 = B_SPLINE_CURVE_WITH_KNOTS('',3,(#1474,#1475,#1476,#1477),
  .UNSPECIFIED.,.F.,.F.,(4,4),(0.,1.),.PIECEWISE_BEZIER_KNOTS.);
#1474 = CARTESIAN_POINT('',(-8.226060558681,-0.915825661823));
#1475 = CARTESIAN_POINT('',(-6.149170999763,0.644190176449));
#1476 = CARTESIAN_POINT('',(-3.150115028835,2.611867077976));
#1477 = CARTESIAN_POINT('',(-5.561568898058E-02,4.239346511281));
#1478 = ( GEOMETRIC_REPRESENTATION_CONTEXT(2) 
PARAMETRIC_REPRESENTATION_CONTEXT() REPRESENTATION_CONTEXT('2D SPACE',''
  ) );
#1479 = ADVANCED_FACE('',(#1480),#1442,.T.);
#1480 = FACE_BOUND('',#1481,.T.);
#1481 = EDGE_LOOP('',(#1482,#1483,#1508,#1539));
#1482 = ORIENTED_EDGE('',*,*,#1426,.T.);
#1483 = ORIENTED_EDGE('',*,*,#1484,.T.);
#1484 = EDGE_CURVE('',#1402,#1485,#1487,.T.);
#1485 = VERTEX_POINT('',#1486);
#1486 = CARTESIAN_POINT('',(19.354617769286,21.329973806403,4.2));
#1487 = SURFACE_CURVE('',#1488,(#1493,#1500),.PCURVE_S1.);
#1488 = B_SPLINE_CURVE_WITH_KNOTS('',3,(#1489,#1490,#1491,#1492),
  .UNSPECIFIED.,.F.,.F.,(4,4),(0.,1.),.PIECEWISE_BEZIER_KNOTS.);
#1489 = CARTESIAN_POINT('',(15.114302868278,19.379664692555,4.2));
#1490 = CARTESIAN_POINT('',(16.618072115641,20.170536899571,4.2));
#1491 = CARTESIAN_POINT('',(18.042643898106,20.836595749403,4.2));
#1492 = CARTESIAN_POINT('',(19.354617769286,21.329973806403,4.2));
#1493 = PCURVE('',#1442,#1494);
#1494 = DEFINITIONAL_REPRESENTATION('',(#1495),#1499);
#1495 = LINE('',#1496,#1497);
#1496 = CARTESIAN_POINT('',(0.,-1.2));
#1497 = VECTOR('',#1498,1.);
#1498 = DIRECTION('',(1.,0.));
#1499 = ( GEOMETRIC_REPRESENTATION_CONTEXT(2) 
PARAMETRIC_REPRESENTATION_CONTEXT() REPRESENTATION_CONTEXT('2D SPACE',''
  ) );
#1500 = PCURVE('',#763,#1501);
#1501 = DEFINITIONAL_REPRESENTATION('',(#1502),#1507);
#1502 = B_SPLINE_CURVE_WITH_KNOTS('',3,(#1503,#1504,#1505,#1506),
  .UNSPECIFIED.,.F.,.F.,(4,4),(0.,1.),.PIECEWISE_BEZIER_KNOTS.);
#1503 = CARTESIAN_POINT('',(-5.561568898058E-02,4.239346511281));
#1504 = CARTESIAN_POINT('',(1.448153558382,5.030218718297));
#1505 = CARTESIAN_POINT('',(2.872725340847,5.696277568129));
#1506 = CARTESIAN_POINT('',(4.184699212027,6.189655625129));
#1507 = ( GEOMETRIC_REPRESENTATION_CONTEXT(2) 
PARAMETRIC_REPRESENTATION_CONTEXT() REPRESENTATION_CONTEXT('2D SPACE',''
  ) );
#1508 = ORIENTED_EDGE('',*,*,#1509,.F.);
#1509 = EDGE_CURVE('',#1510,#1485,#1512,.T.);
#1510 = VERTEX_POINT('',#1511);
#1511 = CARTESIAN_POINT('',(19.354617769286,21.329973806403,3.));
#1512 = SURFACE_CURVE('',#1513,(#1517,#1524),.PCURVE_S1.);
#1513 = LINE('',#1514,#1515);
#1514 = CARTESIAN_POINT('',(19.354617769286,21.329973806403,3.));
#1515 = VECTOR('',#1516,1.);
#1516 = DIRECTION('',(0.,0.,1.));
#1517 = PCURVE('',#1442,#1518);
#1518 = DEFINITIONAL_REPRESENTATION('',(#1519),#1523);
#1519 = LINE('',#1520,#1521);
#1520 = CARTESIAN_POINT('',(1.,0.));
#1521 = VECTOR('',#1522,1.);
#1522 = DIRECTION('',(0.,-1.));
#1523 = ( GEOMETRIC_REPRESENTATION_CONTEXT(2) 
PARAMETRIC_REPRESENTATION_CONTEXT() REPRESENTATION_CONTEXT('2D SPACE',''
  ) );
#1524 = PCURVE('',#1525,#1533);
#1525 = SURFACE_OF_LINEAR_EXTRUSION('',#1526,#1531);
#1526 = B_SPLINE_CURVE_WITH_KNOTS('',3,(#1527,#1528,#1529,#1530),
  .UNSPECIFIED.,.F.,.F.,(4,4),(0.,1.),.PIECEWISE_BEZIER_KNOTS.);
#1527 = CARTESIAN_POINT('',(19.354617769286,21.329973806403,3.));
#1528 = CARTESIAN_POINT('',(19.995666082117,21.571045048732,3.));
#1529 = CARTESIAN_POINT('',(20.633833324046,21.781997163174,3.));
#1530 = CARTESIAN_POINT('',(21.2088040594,21.898205609058,3.));
#1531 = VECTOR('',#1532,1.);
#1532 = DIRECTION('',(-0.,-0.,-1.));
#1533 = DEFINITIONAL_REPRESENTATION('',(#1534),#1538);
#1534 = LINE('',#1535,#1536);
#1535 = CARTESIAN_POINT('',(0.,0.));
#1536 = VECTOR('',#1537,1.);
#1537 = DIRECTION('',(0.,-1.));
#1538 = ( GEOMETRIC_REPRESENTATION_CONTEXT(2) 
PARAMETRIC_REPRESENTATION_CONTEXT() REPRESENTATION_CONTEXT('2D SPACE',''
  ) );
#1539 = ORIENTED_EDGE('',*,*,#1540,.F.);
#1540 = EDGE_CURVE('',#1427,#1510,#1541,.T.);
#1541 = SURFACE_CURVE('',#1542,(#1547,#1554),.PCURVE_S1.);
#1542 = B_SPLINE_CURVE_WITH_KNOTS('',3,(#1543,#1544,#1545,#1546),
  .UNSPECIFIED.,.F.,.F.,(4,4),(0.,1.),.PIECEWISE_BEZIER_KNOTS.);
#1543 = CARTESIAN_POINT('',(15.114302868278,19.379664692555,3.));
#1544 = CARTESIAN_POINT('',(16.618072115641,20.170536899571,3.));
#1545 = CARTESIAN_POINT('',(18.042643898106,20.836595749403,3.));
#1546 = CARTESIAN_POINT('',(19.354617769286,21.329973806403,3.));
#1547 = PCURVE('',#1442,#1548);
#1548 = DEFINITIONAL_REPRESENTATION('',(#1549),#1553);
#1549 = LINE('',#1550,#1551);
#1550 = CARTESIAN_POINT('',(0.,0.));
#1551 = VECTOR('',#1552,1.);
#1552 = DIRECTION('',(1.,0.));
#1553 = ( GEOMETRIC_REPRESENTATION_CONTEXT(2) 
PARAMETRIC_REPRESENTATION_CONTEXT() REPRESENTATION_CONTEXT('2D SPACE',''
  ) );
#1554 = PCURVE('',#822,#1555);
#1555 = DEFINITIONAL_REPRESENTATION('',(#1556),#1561);
#1556 = B_SPLINE_CURVE_WITH_KNOTS('',3,(#1557,#1558,#1559,#1560),
  .UNSPECIFIED.,.F.,.F.,(4,4),(0.,1.),.PIECEWISE_BEZIER_KNOTS.);
#1557 = CARTESIAN_POINT('',(-5.561568898058E-02,4.239346511281));
#1558 = CARTESIAN_POINT('',(1.448153558382,5.030218718297));
#1559 = CARTESIAN_POINT('',(2.872725340847,5.696277568129));
#1560 = CARTESIAN_POINT('',(4.184699212027,6.189655625129));
#1561 = ( GEOMETRIC_REPRESENTATION_CONTEXT(2) 
PARAMETRIC_REPRESENTATION_CONTEXT() REPRESENTATION_CONTEXT('2D SPACE',''
  ) );
#1562 = ADVANCED_FACE('',(#1563),#1525,.T.);
#1563 = FACE_BOUND('',#1564,.T.);
#1564 = EDGE_LOOP('',(#1565,#1566,#1591,#1622));
#1565 = ORIENTED_EDGE('',*,*,#1509,.T.);
#1566 = ORIENTED_EDGE('',*,*,#1567,.T.);
#1567 = EDGE_CURVE('',#1485,#1568,#1570,.T.);
#1568 = VERTEX_POINT('',#1569);
#1569 = CARTESIAN_POINT('',(21.2088040594,21.898205609058,4.2));
#1570 = SURFACE_CURVE('',#1571,(#1576,#1583),.PCURVE_S1.);
#1571 = B_SPLINE_CURVE_WITH_KNOTS('',3,(#1572,#1573,#1574,#1575),
  .UNSPECIFIED.,.F.,.F.,(4,4),(0.,1.),.PIECEWISE_BEZIER_KNOTS.);
#1572 = CARTESIAN_POINT('',(19.354617769286,21.329973806403,4.2));
#1573 = CARTESIAN_POINT('',(19.995666082117,21.571045048732,4.2));
#1574 = CARTESIAN_POINT('',(20.633833324046,21.781997163174,4.2));
#1575 = CARTESIAN_POINT('',(21.2088040594,21.898205609058,4.2));
#1576 = PCURVE('',#1525,#1577);
#1577 = DEFINITIONAL_REPRESENTATION('',(#1578),#1582);
#1578 = LINE('',#1579,#1580);
#1579 = CARTESIAN_POINT('',(0.,-1.2));
#1580 = VECTOR('',#1581,1.);
#1581 = DIRECTION('',(1.,0.));
#1582 = ( GEOMETRIC_REPRESENTATION_CONTEXT(2) 
PARAMETRIC_REPRESENTATION_CONTEXT() REPRESENTATION_CONTEXT('2D SPACE',''
  ) );
#1583 = PCURVE('',#763,#1584);
#1584 = DEFINITIONAL_REPRESENTATION('',(#1585),#1590);
#1585 = B_SPLINE_CURVE_WITH_KNOTS('',3,(#1586,#1587,#1588,#1589),
  .UNSPECIFIED.,.F.,.F.,(4,4),(0.,1.),.PIECEWISE_BEZIER_KNOTS.);
#1586 = CARTESIAN_POINT('',(4.184699212027,6.189655625129));
#1587 = CARTESIAN_POINT('',(4.825747524858,6.430726867458));
#1588 = CARTESIAN_POINT('',(5.463914766787,6.6416789819));
#1589 = CARTESIAN_POINT('',(6.038885502142,6.757887427784));
#1590 = ( GEOMETRIC_REPRESENTATION_CONTEXT(2) 
PARAMETRIC_REPRESENTATION_CONTEXT() REPRESENTATION_CONTEXT('2D SPACE',''
  ) );
#1591 = ORIENTED_EDGE('',*,*,#1592,.F.);
#1592 = EDGE_CURVE('',#1593,#1568,#1595,.T.);
#1593 = VERTEX_POINT('',#1594);
#1594 = CARTESIAN_POINT('',(21.2088040594,21.898205609058,3.));
#1595 = SURFACE_CURVE('',#1596,(#1600,#1607),.PCURVE_S1.);
#1596 = LINE('',#1597,#1598);
#1597 = CARTESIAN_POINT('',(21.2088040594,21.898205609058,3.));
#1598 = VECTOR('',#1599,1.);
#1599 = DIRECTION('',(0.,0.,1.));
#1600 = PCURVE('',#1525,#1601);
#1601 = DEFINITIONAL_REPRESENTATION('',(#1602),#1606);
#1602 = LINE('',#1603,#1604);
#1603 = CARTESIAN_POINT('',(1.,0.));
#1604 = VECTOR('',#1605,1.);
#1605 = DIRECTION('',(0.,-1.));
#1606 = ( GEOMETRIC_REPRESENTATION_CONTEXT(2) 
PARAMETRIC_REPRESENTATION_CONTEXT() REPRESENTATION_CONTEXT('2D SPACE',''
  ) );
#1607 = PCURVE('',#1608,#1616);
#1608 = SURFACE_OF_LINEAR_EXTRUSION('',#1609,#1614);
#1609 = B_SPLINE_CURVE_WITH_KNOTS('',3,(#1610,#1611,#1612,#1613),
  .UNSPECIFIED.,.F.,.F.,(4,4),(0.,1.),.PIECEWISE_BEZIER_KNOTS.);
#1610 = CARTESIAN_POINT('',(21.2088040594,21.898205609058,3.));
#1611 = CARTESIAN_POINT('',(21.409033041137,21.938674275301,3.));
#1612 = CARTESIAN_POINT('',(21.658098800595,21.977545684948,3.));
#1613 = CARTESIAN_POINT('',(21.838572461394,21.968246878309,3.));
#1614 = VECTOR('',#1615,1.);
#1615 = DIRECTION('',(-0.,-0.,-1.));
#1616 = DEFINITIONAL_REPRESENTATION('',(#1617),#1621);
#1617 = LINE('',#1618,#1619);
#1618 = CARTESIAN_POINT('',(0.,0.));
#1619 = VECTOR('',#1620,1.);
#1620 = DIRECTION('',(0.,-1.));
#1621 = ( GEOMETRIC_REPRESENTATION_CONTEXT(2) 
PARAMETRIC_REPRESENTATION_CONTEXT() REPRESENTATION_CONTEXT('2D SPACE',''
  ) );
#1622 = ORIENTED_EDGE('',*,*,#1623,.F.);
#1623 = EDGE_CURVE('',#1510,#1593,#1624,.T.);
#1624 = SURFACE_CURVE('',#1625,(#1630,#1637),.PCURVE_S1.);
#1625 = B_SPLINE_CURVE_WITH_KNOTS('',3,(#1626,#1627,#1628,#1629),
  .UNSPECIFIED.,.F.,.F.,(4,4),(0.,1.),.PIECEWISE_BEZIER_KNOTS.);
#1626 = CARTESIAN_POINT('',(19.354617769286,21.329973806403,3.));
#1627 = CARTESIAN_POINT('',(19.995666082117,21.571045048732,3.));
#1628 = CARTESIAN_POINT('',(20.633833324046,21.781997163174,3.));
#1629 = CARTESIAN_POINT('',(21.2088040594,21.898205609058,3.));
#1630 = PCURVE('',#1525,#1631);
#1631 = DEFINITIONAL_REPRESENTATION('',(#1632),#1636);
#1632 = LINE('',#1633,#1634);
#1633 = CARTESIAN_POINT('',(0.,0.));
#1634 = VECTOR('',#1635,1.);
#1635 = DIRECTION('',(1.,0.));
#1636 = ( GEOMETRIC_REPRESENTATION_CONTEXT(2) 
PARAMETRIC_REPRESENTATION_CONTEXT() REPRESENTATION_CONTEXT('2D SPACE',''
  ) );
#1637 = PCURVE('',#822,#1638);
#1638 = DEFINITIONAL_REPRESENTATION('',(#1639),#1644);
#1639 = B_SPLINE_CURVE_WITH_KNOTS('',3,(#1640,#1641,#1642,#1643),
  .UNSPECIFIED.,.F.,.F.,(4,4),(0.,1.),.PIECEWISE_BEZIER_KNOTS.);
#1640 = CARTESIAN_POINT('',(4.184699212027,6.189655625129));
#1641 = CARTESIAN_POINT('',(4.825747524858,6.430726867458));
#1642 = CARTESIAN_POINT('',(5.463914766787,6.6416789819));
#1643 = CARTESIAN_POINT('',(6.038885502142,6.757887427784));
#1644 = ( GEOMETRIC_REPRESENTATION_CONTEXT(2) 
PARAMETRIC_REPRESENTATION_CONTEXT() REPRESENTATION_CONTEXT('2D SPACE',''
  ) );
#1645 = ADVANCED_FACE('',(#1646),#1608,.T.);
#1646 = FACE_BOUND('',#1647,.T.);
#1647 = EDGE_LOOP('',(#1648,#1649,#1674,#1697));
#1648 = ORIENTED_EDGE('',*,*,#1592,.T.);
#1649 = ORIENTED_EDGE('',*,*,#1650,.T.);
#1650 = EDGE_CURVE('',#1568,#1651,#1653,.T.);
#1651 = VERTEX_POINT('',#1652);
#1652 = CARTESIAN_POINT('',(21.838572461394,21.968246878309,4.2));
#1653 = SURFACE_CURVE('',#1654,(#1659,#1666),.PCURVE_S1.);
#1654 = B_SPLINE_CURVE_WITH_KNOTS('',3,(#1655,#1656,#1657,#1658),
  .UNSPECIFIED.,.F.,.F.,(4,4),(0.,1.),.PIECEWISE_BEZIER_KNOTS.);
#1655 = CARTESIAN_POINT('',(21.2088040594,21.898205609058,4.2));
#1656 = CARTESIAN_POINT('',(21.409033041137,21.938674275301,4.2));
#1657 = CARTESIAN_POINT('',(21.658098800595,21.977545684948,4.2));
#1658 = CARTESIAN_POINT('',(21.838572461394,21.968246878309,4.2));
#1659 = PCURVE('',#1608,#1660);
#1660 = DEFINITIONAL_REPRESENTATION('',(#1661),#1665);
#1661 = LINE('',#1662,#1663);
#1662 = CARTESIAN_POINT('',(0.,-1.2));
#1663 = VECTOR('',#1664,1.);
#1664 = DIRECTION('',(1.,0.));
#1665 = ( GEOMETRIC_REPRESENTATION_CONTEXT(2) 
PARAMETRIC_REPRESENTATION_CONTEXT() REPRESENTATION_CONTEXT('2D SPACE',''
  ) );
#1666 = PCURVE('',#763,#1667);
#1667 = DEFINITIONAL_REPRESENTATION('',(#1668),#1673);
#1668 = B_SPLINE_CURVE_WITH_KNOTS('',3,(#1669,#1670,#1671,#1672),
  .UNSPECIFIED.,.F.,.F.,(4,4),(0.,1.),.PIECEWISE_BEZIER_KNOTS.);
#1669 = CARTESIAN_POINT('',(6.038885502142,6.757887427784));
#1670 = CARTESIAN_POINT('',(6.239114483878,6.798356094027));
#1671 = CARTESIAN_POINT('',(6.488180243336,6.837227503674));
#1672 = CARTESIAN_POINT('',(6.668653904135,6.827928697035));
#1673 = ( GEOMETRIC_REPRESENTATION_CONTEXT(2) 
PARAMETRIC_REPRESENTATION_CONTEXT() REPRESENTATION_CONTEXT('2D SPACE',''
  ) );
#1674 = ORIENTED_EDGE('',*,*,#1675,.F.);
#1675 = EDGE_CURVE('',#1676,#1651,#1678,.T.);
#1676 = VERTEX_POINT('',#1677);
#1677 = CARTESIAN_POINT('',(21.838572461394,21.968246878309,3.));
#1678 = SURFACE_CURVE('',#1679,(#1683,#1690),.PCURVE_S1.);
#1679 = LINE('',#1680,#1681);
#1680 = CARTESIAN_POINT('',(21.838572461394,21.968246878309,3.));
#1681 = VECTOR('',#1682,1.);
#1682 = DIRECTION('',(0.,0.,1.));
#1683 = PCURVE('',#1608,#1684);
#1684 = DEFINITIONAL_REPRESENTATION('',(#1685),#1689);
#1685 = LINE('',#1686,#1687);
#1686 = CARTESIAN_POINT('',(1.,0.));
#1687 = VECTOR('',#1688,1.);
#1688 = DIRECTION('',(0.,-1.));
#1689 = ( GEOMETRIC_REPRESENTATION_CONTEXT(2) 
PARAMETRIC_REPRESENTATION_CONTEXT() REPRESENTATION_CONTEXT('2D SPACE',''
  ) );
#1690 = PCURVE('',#731,#1691);
#1691 = DEFINITIONAL_REPRESENTATION('',(#1692),#1696);
#1692 = LINE('',#1693,#1694);
#1693 = CARTESIAN_POINT('',(0.,0.));
#1694 = VECTOR('',#1695,1.);
#1695 = DIRECTION('',(0.,-1.));
#1696 = ( GEOMETRIC_REPRESENTATION_CONTEXT(2) 
PARAMETRIC_REPRESENTATION_CONTEXT() REPRESENTATION_CONTEXT('2D SPACE',''
  ) );
#1697 = ORIENTED_EDGE('',*,*,#1698,.F.);
#1698 = EDGE_CURVE('',#1593,#1676,#1699,.T.);
#1699 = SURFACE_CURVE('',#1700,(#1705,#1712),.PCURVE_S1.);
#1700 = B_SPLINE_CURVE_WITH_KNOTS('',3,(#1701,#1702,#1703,#1704),
  .UNSPECIFIED.,.F.,.F.,(4,4),(0.,1.),.PIECEWISE_BEZIER_KNOTS.);
#1701 = CARTESIAN_POINT('',(21.2088040594,21.898205609058,3.));
#1702 = CARTESIAN_POINT('',(21.409033041137,21.938674275301,3.));
#1703 = CARTESIAN_POINT('',(21.658098800595,21.977545684948,3.));
#1704 = CARTESIAN_POINT('',(21.838572461394,21.968246878309,3.));
#1705 = PCURVE('',#1608,#1706);
#1706 = DEFINITIONAL_REPRESENTATION('',(#1707),#1711);
#1707 = LINE('',#1708,#1709);
#1708 = CARTESIAN_POINT('',(0.,0.));
#1709 = VECTOR('',#1710,1.);
#1710 = DIRECTION('',(1.,0.));
#1711 = ( GEOMETRIC_REPRESENTATION_CONTEXT(2) 
PARAMETRIC_REPRESENTATION_CONTEXT() REPRESENTATION_CONTEXT('2D SPACE',''
  ) );
#1712 = PCURVE('',#822,#1713);
#1713 = DEFINITIONAL_REPRESENTATION('',(#1714),#1719);
#1714 = B_SPLINE_CURVE_WITH_KNOTS('',3,(#1715,#1716,#1717,#1718),
  .UNSPECIFIED.,.F.,.F.,(4,4),(0.,1.),.PIECEWISE_BEZIER_KNOTS.);
#1715 = CARTESIAN_POINT('',(6.038885502142,6.757887427784));
#1716 = CARTESIAN_POINT('',(6.239114483878,6.798356094027));
#1717 = CARTESIAN_POINT('',(6.488180243336,6.837227503674));
#1718 = CARTESIAN_POINT('',(6.668653904135,6.827928697035));
#1719 = ( GEOMETRIC_REPRESENTATION_CONTEXT(2) 
PARAMETRIC_REPRESENTATION_CONTEXT() REPRESENTATION_CONTEXT('2D SPACE',''
  ) );
#1720 = ADVANCED_FACE('',(#1721),#731,.T.);
#1721 = FACE_BOUND('',#1722,.T.);
#1722 = EDGE_LOOP('',(#1723,#1724,#1747,#1748));
#1723 = ORIENTED_EDGE('',*,*,#1675,.T.);
#1724 = ORIENTED_EDGE('',*,*,#1725,.T.);
#1725 = EDGE_CURVE('',#1651,#708,#1726,.T.);
#1726 = SURFACE_CURVE('',#1727,(#1732,#1739),.PCURVE_S1.);
#1727 = B_SPLINE_CURVE_WITH_KNOTS('',3,(#1728,#1729,#1730,#1731),
  .UNSPECIFIED.,.F.,.F.,(4,4),(0.,1.),.PIECEWISE_BEZIER_KNOTS.);
#1728 = CARTESIAN_POINT('',(21.838572461394,21.968246878309,4.2));
#1729 = CARTESIAN_POINT('',(21.891173203277,21.96553665386,4.2));
#1730 = CARTESIAN_POINT('',(21.958796117341,21.955686248707,4.2));
#1731 = CARTESIAN_POINT('',(21.972041371016,21.942440995032,4.2));
#1732 = PCURVE('',#731,#1733);
#1733 = DEFINITIONAL_REPRESENTATION('',(#1734),#1738);
#1734 = LINE('',#1735,#1736);
#1735 = CARTESIAN_POINT('',(0.,-1.2));
#1736 = VECTOR('',#1737,1.);
#1737 = DIRECTION('',(1.,0.));
#1738 = ( GEOMETRIC_REPRESENTATION_CONTEXT(2) 
PARAMETRIC_REPRESENTATION_CONTEXT() REPRESENTATION_CONTEXT('2D SPACE',''
  ) );
#1739 = PCURVE('',#763,#1740);
#1740 = DEFINITIONAL_REPRESENTATION('',(#1741),#1746);
#1741 = B_SPLINE_CURVE_WITH_KNOTS('',3,(#1742,#1743,#1744,#1745),
  .UNSPECIFIED.,.F.,.F.,(4,4),(0.,1.),.PIECEWISE_BEZIER_KNOTS.);
#1742 = CARTESIAN_POINT('',(6.668653904135,6.827928697035));
#1743 = CARTESIAN_POINT('',(6.721254646019,6.825218472586));
#1744 = CARTESIAN_POINT('',(6.788877560082,6.815368067433));
#1745 = CARTESIAN_POINT('',(6.802122813758,6.802122813758));
#1746 = ( GEOMETRIC_REPRESENTATION_CONTEXT(2) 
PARAMETRIC_REPRESENTATION_CONTEXT() REPRESENTATION_CONTEXT('2D SPACE',''
  ) );
#1747 = ORIENTED_EDGE('',*,*,#705,.F.);
#1748 = ORIENTED_EDGE('',*,*,#1749,.F.);
#1749 = EDGE_CURVE('',#1676,#706,#1750,.T.);
#1750 = SURFACE_CURVE('',#1751,(#1756,#1763),.PCURVE_S1.);
#1751 = B_SPLINE_CURVE_WITH_KNOTS('',3,(#1752,#1753,#1754,#1755),
  .UNSPECIFIED.,.F.,.F.,(4,4),(0.,1.),.PIECEWISE_BEZIER_KNOTS.);
#1752 = CARTESIAN_POINT('',(21.838572461394,21.968246878309,3.));
#1753 = CARTESIAN_POINT('',(21.891173203277,21.96553665386,3.));
#1754 = CARTESIAN_POINT('',(21.958796117341,21.955686248707,3.));
#1755 = CARTESIAN_POINT('',(21.972041371016,21.942440995032,3.));
#1756 = PCURVE('',#731,#1757);
#1757 = DEFINITIONAL_REPRESENTATION('',(#1758),#1762);
#1758 = LINE('',#1759,#1760);
#1759 = CARTESIAN_POINT('',(0.,0.));
#1760 = VECTOR('',#1761,1.);
#1761 = DIRECTION('',(1.,0.));
#1762 = ( GEOMETRIC_REPRESENTATION_CONTEXT(2) 
PARAMETRIC_REPRESENTATION_CONTEXT() REPRESENTATION_CONTEXT('2D SPACE',''
  ) );
#1763 = PCURVE('',#822,#1764);
#1764 = DEFINITIONAL_REPRESENTATION('',(#1765),#1770);
#1765 = B_SPLINE_CURVE_WITH_KNOTS('',3,(#1766,#1767,#1768,#1769),
  .UNSPECIFIED.,.F.,.F.,(4,4),(0.,1.),.PIECEWISE_BEZIER_KNOTS.);
#1766 = CARTESIAN_POINT('',(6.668653904135,6.827928697035));
#1767 = CARTESIAN_POINT('',(6.721254646019,6.825218472586));
#1768 = CARTESIAN_POINT('',(6.788877560082,6.815368067433));
#1769 = CARTESIAN_POINT('',(6.802122813758,6.802122813758));
#1770 = ( GEOMETRIC_REPRESENTATION_CONTEXT(2) 
PARAMETRIC_REPRESENTATION_CONTEXT() REPRESENTATION_CONTEXT('2D SPACE',''
  ) );
#1771 = ADVANCED_FACE('',(#1772),#822,.F.);
#1772 = FACE_BOUND('',#1773,.T.);
#1773 = EDGE_LOOP('',(#1774,#1775,#1776,#1777,#1778,#1779,#1780,#1781,
    #1782,#1783,#1784,#1785,#1786));
#1774 = ORIENTED_EDGE('',*,*,#807,.T.);
#1775 = ORIENTED_EDGE('',*,*,#895,.T.);
#1776 = ORIENTED_EDGE('',*,*,#978,.T.);
#1777 = ORIENTED_EDGE('',*,*,#1061,.T.);
#1778 = ORIENTED_EDGE('',*,*,#1141,.T.);
#1779 = ORIENTED_EDGE('',*,*,#1219,.T.);
#1780 = ORIENTED_EDGE('',*,*,#1296,.T.);
#1781 = ORIENTED_EDGE('',*,*,#1376,.T.);
#1782 = ORIENTED_EDGE('',*,*,#1457,.T.);
#1783 = ORIENTED_EDGE('',*,*,#1540,.T.);
#1784 = ORIENTED_EDGE('',*,*,#1623,.T.);
#1785 = ORIENTED_EDGE('',*,*,#1698,.T.);
#1786 = ORIENTED_EDGE('',*,*,#1749,.T.);
#1787 = ADVANCED_FACE('',(#1788),#763,.T.);
#1788 = FACE_BOUND('',#1789,.F.);
#1789 = EDGE_LOOP('',(#1790,#1791,#1792,#1793,#1794,#1795,#1796,#1797,
    #1798,#1799,#1800,#1801,#1802));
#1790 = ORIENTED_EDGE('',*,*,#746,.T.);
#1791 = ORIENTED_EDGE('',*,*,#839,.T.);
#1792 = ORIENTED_EDGE('',*,*,#922,.T.);
#1793 = ORIENTED_EDGE('',*,*,#1005,.T.);
#1794 = ORIENTED_EDGE('',*,*,#1088,.T.);
#1795 = ORIENTED_EDGE('',*,*,#1168,.T.);
#1796 = ORIENTED_EDGE('',*,*,#1244,.T.);
#1797 = ORIENTED_EDGE('',*,*,#1322,.T.);
#1798 = ORIENTED_EDGE('',*,*,#1401,.T.);
#1799 = ORIENTED_EDGE('',*,*,#1484,.T.);
#1800 = ORIENTED_EDGE('',*,*,#1567,.T.);
#1801 = ORIENTED_EDGE('',*,*,#1650,.T.);
#1802 = ORIENTED_EDGE('',*,*,#1725,.T.);
#1803 = MANIFOLD_SOLID_BREP('',#1804);
#1804 = CLOSED_SHELL('',(#1805,#1941,#2027,#2103,#2184,#2231,#2239));
#1805 = ADVANCED_FACE('',(#1806),#1820,.F.);
#1806 = FACE_BOUND('',#1807,.F.);
#1807 = EDGE_LOOP('',(#1808,#1849,#1882,#1910));
#1808 = ORIENTED_EDGE('',*,*,#1809,.T.);
#1809 = EDGE_CURVE('',#1810,#1812,#1814,.T.);
#1810 = VERTEX_POINT('',#1811);
#1811 = CARTESIAN_POINT('',(15.802603187161,4.243148771826,3.));
#1812 = VERTEX_POINT('',#1813);
#1813 = CARTESIAN_POINT('',(15.802603187161,4.243148771826,4.2));
#1814 = SURFACE_CURVE('',#1815,(#1819,#1834),.PCURVE_S1.);
#1815 = LINE('',#1816,#1817);
#1816 = CARTESIAN_POINT('',(15.802603187161,4.243148771826,3.));
#1817 = VECTOR('',#1818,1.);
#1818 = DIRECTION('',(0.,0.,1.));
#1819 = PCURVE('',#1820,#1828);
#1820 = SURFACE_OF_LINEAR_EXTRUSION('',#1821,#1826);
#1821 = ELLIPSE('',#1822,5.709694200888,1.631341200254);
#1822 = AXIS2_PLACEMENT_3D('',#1823,#1824,#1825);
#1823 = CARTESIAN_POINT('',(11.765239699211,0.205785283877,3.));
#1824 = DIRECTION('',(0.,0.,1.));
#1825 = DIRECTION('',(-0.707106781187,-0.707106781187,0.));
#1826 = VECTOR('',#1827,1.);
#1827 = DIRECTION('',(-0.,-0.,-1.));
#1828 = DEFINITIONAL_REPRESENTATION('',(#1829),#1833);
#1829 = LINE('',#1830,#1831);
#1830 = CARTESIAN_POINT('',(3.14159265359,0.));
#1831 = VECTOR('',#1832,1.);
#1832 = DIRECTION('',(0.,-1.));
#1833 = ( GEOMETRIC_REPRESENTATION_CONTEXT(2) 
PARAMETRIC_REPRESENTATION_CONTEXT() REPRESENTATION_CONTEXT('2D SPACE',''
  ) );
#1834 = PCURVE('',#1835,#1843);
#1835 = SURFACE_OF_LINEAR_EXTRUSION('',#1836,#1841);
#1836 = ELLIPSE('',#1837,5.709694200888,1.631341200254);
#1837 = AXIS2_PLACEMENT_3D('',#1838,#1839,#1840);
#1838 = CARTESIAN_POINT('',(11.765239699211,0.205785283877,3.));
#1839 = DIRECTION('',(0.,0.,1.));
#1840 = DIRECTION('',(-0.707106781187,-0.707106781187,0.));
#1841 = VECTOR('',#1842,1.);
#1842 = DIRECTION('',(-0.,-0.,-1.));
#1843 = DEFINITIONAL_REPRESENTATION('',(#1844),#1848);
#1844 = LINE('',#1845,#1846);
#1845 = CARTESIAN_POINT('',(3.14159265359,0.));
#1846 = VECTOR('',#1847,1.);
#1847 = DIRECTION('',(0.,-1.));
#1848 = ( GEOMETRIC_REPRESENTATION_CONTEXT(2) 
PARAMETRIC_REPRESENTATION_CONTEXT() REPRESENTATION_CONTEXT('2D SPACE',''
  ) );
#1849 = ORIENTED_EDGE('',*,*,#1850,.T.);
#1850 = EDGE_CURVE('',#1812,#1851,#1853,.T.);
#1851 = VERTEX_POINT('',#1852);
#1852 = CARTESIAN_POINT('',(11.559454415334,2.246694376155,4.2));
#1853 = SURFACE_CURVE('',#1854,(#1859,#1866),.PCURVE_S1.);
#1854 = ELLIPSE('',#1855,5.709694200888,1.631341200254);
#1855 = AXIS2_PLACEMENT_3D('',#1856,#1857,#1858);
#1856 = CARTESIAN_POINT('',(11.765239699211,0.205785283877,4.2));
#1857 = DIRECTION('',(0.,0.,1.));
#1858 = DIRECTION('',(-0.707106781187,-0.707106781187,0.));
#1859 = PCURVE('',#1820,#1860);
#1860 = DEFINITIONAL_REPRESENTATION('',(#1861),#1865);
#1861 = LINE('',#1862,#1863);
#1862 = CARTESIAN_POINT('',(0.,-1.2));
#1863 = VECTOR('',#1864,1.);
#1864 = DIRECTION('',(1.,0.));
#1865 = ( GEOMETRIC_REPRESENTATION_CONTEXT(2) 
PARAMETRIC_REPRESENTATION_CONTEXT() REPRESENTATION_CONTEXT('2D SPACE',''
  ) );
#1866 = PCURVE('',#1867,#1872);
#1867 = PLANE('',#1868);
#1868 = AXIS2_PLACEMENT_3D('',#1869,#1870,#1871);
#1869 = CARTESIAN_POINT('',(13.947541872711,2.388087457377,4.2));
#1870 = DIRECTION('',(-0.,-0.,-1.));
#1871 = DIRECTION('',(-1.,0.,0.));
#1872 = DEFINITIONAL_REPRESENTATION('',(#1873),#1881);
#1873 = ( BOUNDED_CURVE() B_SPLINE_CURVE(2,(#1874,#1875,#1876,#1877,
#1878,#1879,#1880),.UNSPECIFIED.,.T.,.F.) B_SPLINE_CURVE_WITH_KNOTS((1,2
    ,2,2,2,1),(-2.094395102393,0.,2.094395102393,4.188790204786,
6.28318530718,8.377580409573),.UNSPECIFIED.) CURVE() 
GEOMETRIC_REPRESENTATION_ITEM() RATIONAL_B_SPLINE_CURVE((1.,0.5,1.,0.5,
1.,0.5,1.)) REPRESENTATION_ITEM('') );
#1874 = CARTESIAN_POINT('',(6.219665661449,-6.219665661449));
#1875 = CARTESIAN_POINT('',(4.221688892948,-8.217642429949));
#1876 = CARTESIAN_POINT('',(-0.835367954725,-1.162608813775));
#1877 = CARTESIAN_POINT('',(-5.892424802399,5.892424802399));
#1878 = CARTESIAN_POINT('',(1.162608813775,0.835367954725));
#1879 = CARTESIAN_POINT('',(8.217642429949,-4.221688892948));
#1880 = CARTESIAN_POINT('',(6.219665661449,-6.219665661449));
#1881 = ( GEOMETRIC_REPRESENTATION_CONTEXT(2) 
PARAMETRIC_REPRESENTATION_CONTEXT() REPRESENTATION_CONTEXT('2D SPACE',''
  ) );
#1882 = ORIENTED_EDGE('',*,*,#1883,.F.);
#1883 = EDGE_CURVE('',#1884,#1851,#1886,.T.);
#1884 = VERTEX_POINT('',#1885);
#1885 = CARTESIAN_POINT('',(11.559454415334,2.246694376155,3.));
#1886 = SURFACE_CURVE('',#1887,(#1891,#1898),.PCURVE_S1.);
#1887 = LINE('',#1888,#1889);
#1888 = CARTESIAN_POINT('',(11.559454415334,2.246694376155,3.));
#1889 = VECTOR('',#1890,1.);
#1890 = DIRECTION('',(0.,0.,1.));
#1891 = PCURVE('',#1820,#1892);
#1892 = DEFINITIONAL_REPRESENTATION('',(#1893),#1897);
#1893 = LINE('',#1894,#1895);
#1894 = CARTESIAN_POINT('',(4.483118043755,0.));
#1895 = VECTOR('',#1896,1.);
#1896 = DIRECTION('',(0.,-1.));
#1897 = ( GEOMETRIC_REPRESENTATION_CONTEXT(2) 
PARAMETRIC_REPRESENTATION_CONTEXT() REPRESENTATION_CONTEXT('2D SPACE',''
  ) );
#1898 = PCURVE('',#1899,#1904);
#1899 = PLANE('',#1900);
#1900 = AXIS2_PLACEMENT_3D('',#1901,#1902,#1903);
#1901 = CARTESIAN_POINT('',(11.983718484046,1.822430307443,3.));
#1902 = DIRECTION('',(-0.707106781187,-0.707106781187,0.));
#1903 = DIRECTION('',(-0.707106781187,0.707106781187,0.));
#1904 = DEFINITIONAL_REPRESENTATION('',(#1905),#1909);
#1905 = LINE('',#1906,#1907);
#1906 = CARTESIAN_POINT('',(0.6,0.));
#1907 = VECTOR('',#1908,1.);
#1908 = DIRECTION('',(0.,-1.));
#1909 = ( GEOMETRIC_REPRESENTATION_CONTEXT(2) 
PARAMETRIC_REPRESENTATION_CONTEXT() REPRESENTATION_CONTEXT('2D SPACE',''
  ) );
#1910 = ORIENTED_EDGE('',*,*,#1911,.F.);
#1911 = EDGE_CURVE('',#1810,#1884,#1912,.T.);
#1912 = SURFACE_CURVE('',#1913,(#1918,#1925),.PCURVE_S1.);
#1913 = ELLIPSE('',#1914,5.709694200888,1.631341200254);
#1914 = AXIS2_PLACEMENT_3D('',#1915,#1916,#1917);
#1915 = CARTESIAN_POINT('',(11.765239699211,0.205785283877,3.));
#1916 = DIRECTION('',(0.,0.,1.));
#1917 = DIRECTION('',(-0.707106781187,-0.707106781187,0.));
#1918 = PCURVE('',#1820,#1919);
#1919 = DEFINITIONAL_REPRESENTATION('',(#1920),#1924);
#1920 = LINE('',#1921,#1922);
#1921 = CARTESIAN_POINT('',(0.,0.));
#1922 = VECTOR('',#1923,1.);
#1923 = DIRECTION('',(1.,0.));
#1924 = ( GEOMETRIC_REPRESENTATION_CONTEXT(2) 
PARAMETRIC_REPRESENTATION_CONTEXT() REPRESENTATION_CONTEXT('2D SPACE',''
  ) );
#1925 = PCURVE('',#1926,#1931);
#1926 = PLANE('',#1927);
#1927 = AXIS2_PLACEMENT_3D('',#1928,#1929,#1930);
#1928 = CARTESIAN_POINT('',(13.947541872711,2.388087457377,3.));
#1929 = DIRECTION('',(-0.,-0.,-1.));
#1930 = DIRECTION('',(-1.,0.,0.));
#1931 = DEFINITIONAL_REPRESENTATION('',(#1932),#1940);
#1932 = ( BOUNDED_CURVE() B_SPLINE_CURVE(2,(#1933,#1934,#1935,#1936,
#1937,#1938,#1939),.UNSPECIFIED.,.T.,.F.) B_SPLINE_CURVE_WITH_KNOTS((1,2
    ,2,2,2,1),(-2.094395102393,0.,2.094395102393,4.188790204786,
6.28318530718,8.377580409573),.UNSPECIFIED.) CURVE() 
GEOMETRIC_REPRESENTATION_ITEM() RATIONAL_B_SPLINE_CURVE((1.,0.5,1.,0.5,
1.,0.5,1.)) REPRESENTATION_ITEM('') );
#1933 = CARTESIAN_POINT('',(6.219665661449,-6.219665661449));
#1934 = CARTESIAN_POINT('',(4.221688892948,-8.217642429949));
#1935 = CARTESIAN_POINT('',(-0.835367954725,-1.162608813775));
#1936 = CARTESIAN_POINT('',(-5.892424802399,5.892424802399));
#1937 = CARTESIAN_POINT('',(1.162608813775,0.835367954725));
#1938 = CARTESIAN_POINT('',(8.217642429949,-4.221688892948));
#1939 = CARTESIAN_POINT('',(6.219665661449,-6.219665661449));
#1940 = ( GEOMETRIC_REPRESENTATION_CONTEXT(2) 
PARAMETRIC_REPRESENTATION_CONTEXT() REPRESENTATION_CONTEXT('2D SPACE',''
  ) );
#1941 = ADVANCED_FACE('',(#1942),#1835,.F.);
#1942 = FACE_BOUND('',#1943,.F.);
#1943 = EDGE_LOOP('',(#1944,#1974,#2000,#2001));
#1944 = ORIENTED_EDGE('',*,*,#1945,.T.);
#1945 = EDGE_CURVE('',#1946,#1948,#1950,.T.);
#1946 = VERTEX_POINT('',#1947);
#1947 = CARTESIAN_POINT('',(13.80614879149,3.844147222765E-15,3.));
#1948 = VERTEX_POINT('',#1949);
#1949 = CARTESIAN_POINT('',(13.80614879149,3.844147222765E-15,4.2));
#1950 = SURFACE_CURVE('',#1951,(#1955,#1962),.PCURVE_S1.);
#1951 = LINE('',#1952,#1953);
#1952 = CARTESIAN_POINT('',(13.80614879149,3.844147222765E-15,3.));
#1953 = VECTOR('',#1954,1.);
#1954 = DIRECTION('',(0.,0.,1.));
#1955 = PCURVE('',#1835,#1956);
#1956 = DEFINITIONAL_REPRESENTATION('',(#1957),#1961);
#1957 = LINE('',#1958,#1959);
#1958 = CARTESIAN_POINT('',(1.800067263425,0.));
#1959 = VECTOR('',#1960,1.);
#1960 = DIRECTION('',(0.,-1.));
#1961 = ( GEOMETRIC_REPRESENTATION_CONTEXT(2) 
PARAMETRIC_REPRESENTATION_CONTEXT() REPRESENTATION_CONTEXT('2D SPACE',''
  ) );
#1962 = PCURVE('',#1963,#1968);
#1963 = PLANE('',#1964);
#1964 = AXIS2_PLACEMENT_3D('',#1965,#1966,#1967);
#1965 = CARTESIAN_POINT('',(13.80614879149,3.552713678801E-15,3.));
#1966 = DIRECTION('',(-0.707106781187,-0.707106781187,0.));
#1967 = DIRECTION('',(-0.707106781187,0.707106781187,0.));
#1968 = DEFINITIONAL_REPRESENTATION('',(#1969),#1973);
#1969 = LINE('',#1970,#1971);
#1970 = CARTESIAN_POINT('',(1.030373176011E-16,0.));
#1971 = VECTOR('',#1972,1.);
#1972 = DIRECTION('',(0.,-1.));
#1973 = ( GEOMETRIC_REPRESENTATION_CONTEXT(2) 
PARAMETRIC_REPRESENTATION_CONTEXT() REPRESENTATION_CONTEXT('2D SPACE',''
  ) );
#1974 = ORIENTED_EDGE('',*,*,#1975,.T.);
#1975 = EDGE_CURVE('',#1948,#1812,#1976,.T.);
#1976 = SURFACE_CURVE('',#1977,(#1982,#1989),.PCURVE_S1.);
#1977 = ELLIPSE('',#1978,5.709694200888,1.631341200254);
#1978 = AXIS2_PLACEMENT_3D('',#1979,#1980,#1981);
#1979 = CARTESIAN_POINT('',(11.765239699211,0.205785283877,4.2));
#1980 = DIRECTION('',(0.,0.,1.));
#1981 = DIRECTION('',(-0.707106781187,-0.707106781187,0.));
#1982 = PCURVE('',#1835,#1983);
#1983 = DEFINITIONAL_REPRESENTATION('',(#1984),#1988);
#1984 = LINE('',#1985,#1986);
#1985 = CARTESIAN_POINT('',(0.,-1.2));
#1986 = VECTOR('',#1987,1.);
#1987 = DIRECTION('',(1.,0.));
#1988 = ( GEOMETRIC_REPRESENTATION_CONTEXT(2) 
PARAMETRIC_REPRESENTATION_CONTEXT() REPRESENTATION_CONTEXT('2D SPACE',''
  ) );
#1989 = PCURVE('',#1867,#1990);
#1990 = DEFINITIONAL_REPRESENTATION('',(#1991),#1999);
#1991 = ( BOUNDED_CURVE() B_SPLINE_CURVE(2,(#1992,#1993,#1994,#1995,
#1996,#1997,#1998),.UNSPECIFIED.,.T.,.F.) B_SPLINE_CURVE_WITH_KNOTS((1,2
    ,2,2,2,1),(-2.094395102393,0.,2.094395102393,4.188790204786,
6.28318530718,8.377580409573),.UNSPECIFIED.) CURVE() 
GEOMETRIC_REPRESENTATION_ITEM() RATIONAL_B_SPLINE_CURVE((1.,0.5,1.,0.5,
1.,0.5,1.)) REPRESENTATION_ITEM('') );
#1992 = CARTESIAN_POINT('',(6.219665661449,-6.219665661449));
#1993 = CARTESIAN_POINT('',(4.221688892948,-8.217642429949));
#1994 = CARTESIAN_POINT('',(-0.835367954725,-1.162608813775));
#1995 = CARTESIAN_POINT('',(-5.892424802399,5.892424802399));
#1996 = CARTESIAN_POINT('',(1.162608813775,0.835367954725));
#1997 = CARTESIAN_POINT('',(8.217642429949,-4.221688892948));
#1998 = CARTESIAN_POINT('',(6.219665661449,-6.219665661449));
#1999 = ( GEOMETRIC_REPRESENTATION_CONTEXT(2) 
PARAMETRIC_REPRESENTATION_CONTEXT() REPRESENTATION_CONTEXT('2D SPACE',''
  ) );
#2000 = ORIENTED_EDGE('',*,*,#1809,.F.);
#2001 = ORIENTED_EDGE('',*,*,#2002,.F.);
#2002 = EDGE_CURVE('',#1946,#1810,#2003,.T.);
#2003 = SURFACE_CURVE('',#2004,(#2009,#2016),.PCURVE_S1.);
#2004 = ELLIPSE('',#2005,5.709694200888,1.631341200254);
#2005 = AXIS2_PLACEMENT_3D('',#2006,#2007,#2008);
#2006 = CARTESIAN_POINT('',(11.765239699211,0.205785283877,3.));
#2007 = DIRECTION('',(0.,0.,1.));
#2008 = DIRECTION('',(-0.707106781187,-0.707106781187,0.));
#2009 = PCURVE('',#1835,#2010);
#2010 = DEFINITIONAL_REPRESENTATION('',(#2011),#2015);
#2011 = LINE('',#2012,#2013);
#2012 = CARTESIAN_POINT('',(0.,0.));
#2013 = VECTOR('',#2014,1.);
#2014 = DIRECTION('',(1.,0.));
#2015 = ( GEOMETRIC_REPRESENTATION_CONTEXT(2) 
PARAMETRIC_REPRESENTATION_CONTEXT() REPRESENTATION_CONTEXT('2D SPACE',''
  ) );
#2016 = PCURVE('',#1926,#2017);
#2017 = DEFINITIONAL_REPRESENTATION('',(#2018),#2026);
#2018 = ( BOUNDED_CURVE() B_SPLINE_CURVE(2,(#2019,#2020,#2021,#2022,
#2023,#2024,#2025),.UNSPECIFIED.,.T.,.F.) B_SPLINE_CURVE_WITH_KNOTS((1,2
    ,2,2,2,1),(-2.094395102393,0.,2.094395102393,4.188790204786,
6.28318530718,8.377580409573),.UNSPECIFIED.) CURVE() 
GEOMETRIC_REPRESENTATION_ITEM() RATIONAL_B_SPLINE_CURVE((1.,0.5,1.,0.5,
1.,0.5,1.)) REPRESENTATION_ITEM('') );
#2019 = CARTESIAN_POINT('',(6.219665661449,-6.219665661449));
#2020 = CARTESIAN_POINT('',(4.221688892948,-8.217642429949));
#2021 = CARTESIAN_POINT('',(-0.835367954725,-1.162608813775));
#2022 = CARTESIAN_POINT('',(-5.892424802399,5.892424802399));
#2023 = CARTESIAN_POINT('',(1.162608813775,0.835367954725));
#2024 = CARTESIAN_POINT('',(8.217642429949,-4.221688892948));
#2025 = CARTESIAN_POINT('',(6.219665661449,-6.219665661449));
#2026 = ( GEOMETRIC_REPRESENTATION_CONTEXT(2) 
PARAMETRIC_REPRESENTATION_CONTEXT() REPRESENTATION_CONTEXT('2D SPACE',''
  ) );
#2027 = ADVANCED_FACE('',(#2028),#1963,.T.);
#2028 = FACE_BOUND('',#2029,.T.);
#2029 = EDGE_LOOP('',(#2030,#2031,#2054,#2082));
#2030 = ORIENTED_EDGE('',*,*,#1945,.T.);
#2031 = ORIENTED_EDGE('',*,*,#2032,.T.);
#2032 = EDGE_CURVE('',#1948,#2033,#2035,.T.);
#2033 = VERTEX_POINT('',#2034);
#2034 = CARTESIAN_POINT('',(13.381884722778,0.424264068712,4.2));
#2035 = SURFACE_CURVE('',#2036,(#2040,#2047),.PCURVE_S1.);
#2036 = LINE('',#2037,#2038);
#2037 = CARTESIAN_POINT('',(13.80614879149,3.552713678801E-15,4.2));
#2038 = VECTOR('',#2039,1.);
#2039 = DIRECTION('',(-0.707106781187,0.707106781187,0.));
#2040 = PCURVE('',#1963,#2041);
#2041 = DEFINITIONAL_REPRESENTATION('',(#2042),#2046);
#2042 = LINE('',#2043,#2044);
#2043 = CARTESIAN_POINT('',(0.,-1.2));
#2044 = VECTOR('',#2045,1.);
#2045 = DIRECTION('',(1.,0.));
#2046 = ( GEOMETRIC_REPRESENTATION_CONTEXT(2) 
PARAMETRIC_REPRESENTATION_CONTEXT() REPRESENTATION_CONTEXT('2D SPACE',''
  ) );
#2047 = PCURVE('',#1867,#2048);
#2048 = DEFINITIONAL_REPRESENTATION('',(#2049),#2053);
#2049 = LINE('',#2050,#2051);
#2050 = CARTESIAN_POINT('',(0.141393081221,-2.388087457377));
#2051 = VECTOR('',#2052,1.);
#2052 = DIRECTION('',(0.707106781187,0.707106781187));
#2053 = ( GEOMETRIC_REPRESENTATION_CONTEXT(2) 
PARAMETRIC_REPRESENTATION_CONTEXT() REPRESENTATION_CONTEXT('2D SPACE',''
  ) );
#2054 = ORIENTED_EDGE('',*,*,#2055,.F.);
#2055 = EDGE_CURVE('',#2056,#2033,#2058,.T.);
#2056 = VERTEX_POINT('',#2057);
#2057 = CARTESIAN_POINT('',(13.381884722778,0.424264068712,3.));
#2058 = SURFACE_CURVE('',#2059,(#2063,#2070),.PCURVE_S1.);
#2059 = LINE('',#2060,#2061);
#2060 = CARTESIAN_POINT('',(13.381884722778,0.424264068712,3.));
#2061 = VECTOR('',#2062,1.);
#2062 = DIRECTION('',(0.,0.,1.));
#2063 = PCURVE('',#1963,#2064);
#2064 = DEFINITIONAL_REPRESENTATION('',(#2065),#2069);
#2065 = LINE('',#2066,#2067);
#2066 = CARTESIAN_POINT('',(0.6,0.));
#2067 = VECTOR('',#2068,1.);
#2068 = DIRECTION('',(0.,-1.));
#2069 = ( GEOMETRIC_REPRESENTATION_CONTEXT(2) 
PARAMETRIC_REPRESENTATION_CONTEXT() REPRESENTATION_CONTEXT('2D SPACE',''
  ) );
#2070 = PCURVE('',#2071,#2076);
#2071 = CYLINDRICAL_SURFACE('',#2072,1.631341200254);
#2072 = AXIS2_PLACEMENT_3D('',#2073,#2074,#2075);
#2073 = CARTESIAN_POINT('',(11.765239699211,0.205785283877,3.));
#2074 = DIRECTION('',(-0.,-0.,-1.));
#2075 = DIRECTION('',(0.990991353198,0.133925867134,-0.));
#2076 = DEFINITIONAL_REPRESENTATION('',(#2077),#2081);
#2077 = LINE('',#2078,#2079);
#2078 = CARTESIAN_POINT('',(-0.,0.));
#2079 = VECTOR('',#2080,1.);
#2080 = DIRECTION('',(-0.,-1.));
#2081 = ( GEOMETRIC_REPRESENTATION_CONTEXT(2) 
PARAMETRIC_REPRESENTATION_CONTEXT() REPRESENTATION_CONTEXT('2D SPACE',''
  ) );
#2082 = ORIENTED_EDGE('',*,*,#2083,.F.);
#2083 = EDGE_CURVE('',#1946,#2056,#2084,.T.);
#2084 = SURFACE_CURVE('',#2085,(#2089,#2096),.PCURVE_S1.);
#2085 = LINE('',#2086,#2087);
#2086 = CARTESIAN_POINT('',(13.80614879149,3.552713678801E-15,3.));
#2087 = VECTOR('',#2088,1.);
#2088 = DIRECTION('',(-0.707106781187,0.707106781187,0.));
#2089 = PCURVE('',#1963,#2090);
#2090 = DEFINITIONAL_REPRESENTATION('',(#2091),#2095);
#2091 = LINE('',#2092,#2093);
#2092 = CARTESIAN_POINT('',(0.,0.));
#2093 = VECTOR('',#2094,1.);
#2094 = DIRECTION('',(1.,0.));
#2095 = ( GEOMETRIC_REPRESENTATION_CONTEXT(2) 
PARAMETRIC_REPRESENTATION_CONTEXT() REPRESENTATION_CONTEXT('2D SPACE',''
  ) );
#2096 = PCURVE('',#1926,#2097);
#2097 = DEFINITIONAL_REPRESENTATION('',(#2098),#2102);
#2098 = LINE('',#2099,#2100);
#2099 = CARTESIAN_POINT('',(0.141393081221,-2.388087457377));
#2100 = VECTOR('',#2101,1.);
#2101 = DIRECTION('',(0.707106781187,0.707106781187));
#2102 = ( GEOMETRIC_REPRESENTATION_CONTEXT(2) 
PARAMETRIC_REPRESENTATION_CONTEXT() REPRESENTATION_CONTEXT('2D SPACE',''
  ) );
#2103 = ADVANCED_FACE('',(#2104),#2071,.F.);
#2104 = FACE_BOUND('',#2105,.T.);
#2105 = EDGE_LOOP('',(#2106,#2107,#2135,#2158));
#2106 = ORIENTED_EDGE('',*,*,#2055,.T.);
#2107 = ORIENTED_EDGE('',*,*,#2108,.T.);
#2108 = EDGE_CURVE('',#2033,#2109,#2111,.T.);
#2109 = VERTEX_POINT('',#2110);
#2110 = CARTESIAN_POINT('',(11.983718484046,1.822430307443,4.2));
#2111 = SURFACE_CURVE('',#2112,(#2117,#2124),.PCURVE_S1.);
#2112 = CIRCLE('',#2113,1.631341200254);
#2113 = AXIS2_PLACEMENT_3D('',#2114,#2115,#2116);
#2114 = CARTESIAN_POINT('',(11.765239699211,0.205785283877,4.2));
#2115 = DIRECTION('',(0.,0.,1.));
#2116 = DIRECTION('',(0.990991353198,0.133925867134,-0.));
#2117 = PCURVE('',#2071,#2118);
#2118 = DEFINITIONAL_REPRESENTATION('',(#2119),#2123);
#2119 = LINE('',#2120,#2121);
#2120 = CARTESIAN_POINT('',(-0.,-1.2));
#2121 = VECTOR('',#2122,1.);
#2122 = DIRECTION('',(-1.,0.));
#2123 = ( GEOMETRIC_REPRESENTATION_CONTEXT(2) 
PARAMETRIC_REPRESENTATION_CONTEXT() REPRESENTATION_CONTEXT('2D SPACE',''
  ) );
#2124 = PCURVE('',#1867,#2125);
#2125 = DEFINITIONAL_REPRESENTATION('',(#2126),#2134);
#2126 = ( BOUNDED_CURVE() B_SPLINE_CURVE(2,(#2127,#2128,#2129,#2130,
#2131,#2132,#2133),.UNSPECIFIED.,.T.,.F.) B_SPLINE_CURVE_WITH_KNOTS((1,2
    ,2,2,2,1),(-2.094395102393,0.,2.094395102393,4.188790204786,
6.28318530718,8.377580409573),.UNSPECIFIED.) CURVE() 
GEOMETRIC_REPRESENTATION_ITEM() RATIONAL_B_SPLINE_CURVE((1.,0.5,1.,0.5,
1.,0.5,1.)) REPRESENTATION_ITEM('') );
#2127 = CARTESIAN_POINT('',(0.565657149933,-1.963823388665));
#2128 = CARTESIAN_POINT('',(0.944073505643,0.836287929956));
#2129 = CARTESIAN_POINT('',(3.179832863138,-0.891485906607));
#2130 = CARTESIAN_POINT('',(5.415592220632,-2.619259743169));
#2131 = CARTESIAN_POINT('',(2.801416507428,-3.691597225227));
#2132 = CARTESIAN_POINT('',(0.187240794223,-4.763934707285));
#2133 = CARTESIAN_POINT('',(0.565657149933,-1.963823388665));
#2134 = ( GEOMETRIC_REPRESENTATION_CONTEXT(2) 
PARAMETRIC_REPRESENTATION_CONTEXT() REPRESENTATION_CONTEXT('2D SPACE',''
  ) );
#2135 = ORIENTED_EDGE('',*,*,#2136,.F.);
#2136 = EDGE_CURVE('',#2137,#2109,#2139,.T.);
#2137 = VERTEX_POINT('',#2138);
#2138 = CARTESIAN_POINT('',(11.983718484046,1.822430307443,3.));
#2139 = SURFACE_CURVE('',#2140,(#2144,#2151),.PCURVE_S1.);
#2140 = LINE('',#2141,#2142);
#2141 = CARTESIAN_POINT('',(11.983718484046,1.822430307443,3.));
#2142 = VECTOR('',#2143,1.);
#2143 = DIRECTION('',(0.,0.,1.));
#2144 = PCURVE('',#2071,#2145);
#2145 = DEFINITIONAL_REPRESENTATION('',(#2146),#2150);
#2146 = LINE('',#2147,#2148);
#2147 = CARTESIAN_POINT('',(-1.302137355709,0.));
#2148 = VECTOR('',#2149,1.);
#2149 = DIRECTION('',(-0.,-1.));
#2150 = ( GEOMETRIC_REPRESENTATION_CONTEXT(2) 
PARAMETRIC_REPRESENTATION_CONTEXT() REPRESENTATION_CONTEXT('2D SPACE',''
  ) );
#2151 = PCURVE('',#1899,#2152);
#2152 = DEFINITIONAL_REPRESENTATION('',(#2153),#2157);
#2153 = LINE('',#2154,#2155);
#2154 = CARTESIAN_POINT('',(0.,0.));
#2155 = VECTOR('',#2156,1.);
#2156 = DIRECTION('',(0.,-1.));
#2157 = ( GEOMETRIC_REPRESENTATION_CONTEXT(2) 
PARAMETRIC_REPRESENTATION_CONTEXT() REPRESENTATION_CONTEXT('2D SPACE',''
  ) );
#2158 = ORIENTED_EDGE('',*,*,#2159,.F.);
#2159 = EDGE_CURVE('',#2056,#2137,#2160,.T.);
#2160 = SURFACE_CURVE('',#2161,(#2166,#2173),.PCURVE_S1.);
#2161 = CIRCLE('',#2162,1.631341200254);
#2162 = AXIS2_PLACEMENT_3D('',#2163,#2164,#2165);
#2163 = CARTESIAN_POINT('',(11.765239699211,0.205785283877,3.));
#2164 = DIRECTION('',(0.,0.,1.));
#2165 = DIRECTION('',(0.990991353198,0.133925867134,-0.));
#2166 = PCURVE('',#2071,#2167);
#2167 = DEFINITIONAL_REPRESENTATION('',(#2168),#2172);
#2168 = LINE('',#2169,#2170);
#2169 = CARTESIAN_POINT('',(-0.,0.));
#2170 = VECTOR('',#2171,1.);
#2171 = DIRECTION('',(-1.,0.));
#2172 = ( GEOMETRIC_REPRESENTATION_CONTEXT(2) 
PARAMETRIC_REPRESENTATION_CONTEXT() REPRESENTATION_CONTEXT('2D SPACE',''
  ) );
#2173 = PCURVE('',#1926,#2174);
#2174 = DEFINITIONAL_REPRESENTATION('',(#2175),#2183);
#2175 = ( BOUNDED_CURVE() B_SPLINE_CURVE(2,(#2176,#2177,#2178,#2179,
#2180,#2181,#2182),.UNSPECIFIED.,.T.,.F.) B_SPLINE_CURVE_WITH_KNOTS((1,2
    ,2,2,2,1),(-2.094395102393,0.,2.094395102393,4.188790204786,
6.28318530718,8.377580409573),.UNSPECIFIED.) CURVE() 
GEOMETRIC_REPRESENTATION_ITEM() RATIONAL_B_SPLINE_CURVE((1.,0.5,1.,0.5,
1.,0.5,1.)) REPRESENTATION_ITEM('') );
#2176 = CARTESIAN_POINT('',(0.565657149933,-1.963823388665));
#2177 = CARTESIAN_POINT('',(0.944073505643,0.836287929956));
#2178 = CARTESIAN_POINT('',(3.179832863138,-0.891485906607));
#2179 = CARTESIAN_POINT('',(5.415592220632,-2.619259743169));
#2180 = CARTESIAN_POINT('',(2.801416507428,-3.691597225227));
#2181 = CARTESIAN_POINT('',(0.187240794223,-4.763934707285));
#2182 = CARTESIAN_POINT('',(0.565657149933,-1.963823388665));
#2183 = ( GEOMETRIC_REPRESENTATION_CONTEXT(2) 
PARAMETRIC_REPRESENTATION_CONTEXT() REPRESENTATION_CONTEXT('2D SPACE',''
  ) );
#2184 = ADVANCED_FACE('',(#2185),#1899,.T.);
#2185 = FACE_BOUND('',#2186,.T.);
#2186 = EDGE_LOOP('',(#2187,#2188,#2209,#2210));
#2187 = ORIENTED_EDGE('',*,*,#2136,.T.);
#2188 = ORIENTED_EDGE('',*,*,#2189,.T.);
#2189 = EDGE_CURVE('',#2109,#1851,#2190,.T.);
#2190 = SURFACE_CURVE('',#2191,(#2195,#2202),.PCURVE_S1.);
#2191 = LINE('',#2192,#2193);
#2192 = CARTESIAN_POINT('',(11.983718484046,1.822430307443,4.2));
#2193 = VECTOR('',#2194,1.);
#2194 = DIRECTION('',(-0.707106781187,0.707106781187,0.));
#2195 = PCURVE('',#1899,#2196);
#2196 = DEFINITIONAL_REPRESENTATION('',(#2197),#2201);
#2197 = LINE('',#2198,#2199);
#2198 = CARTESIAN_POINT('',(0.,-1.2));
#2199 = VECTOR('',#2200,1.);
#2200 = DIRECTION('',(1.,0.));
#2201 = ( GEOMETRIC_REPRESENTATION_CONTEXT(2) 
PARAMETRIC_REPRESENTATION_CONTEXT() REPRESENTATION_CONTEXT('2D SPACE',''
  ) );
#2202 = PCURVE('',#1867,#2203);
#2203 = DEFINITIONAL_REPRESENTATION('',(#2204),#2208);
#2204 = LINE('',#2205,#2206);
#2205 = CARTESIAN_POINT('',(1.963823388665,-0.565657149933));
#2206 = VECTOR('',#2207,1.);
#2207 = DIRECTION('',(0.707106781187,0.707106781187));
#2208 = ( GEOMETRIC_REPRESENTATION_CONTEXT(2) 
PARAMETRIC_REPRESENTATION_CONTEXT() REPRESENTATION_CONTEXT('2D SPACE',''
  ) );
#2209 = ORIENTED_EDGE('',*,*,#1883,.F.);
#2210 = ORIENTED_EDGE('',*,*,#2211,.F.);
#2211 = EDGE_CURVE('',#2137,#1884,#2212,.T.);
#2212 = SURFACE_CURVE('',#2213,(#2217,#2224),.PCURVE_S1.);
#2213 = LINE('',#2214,#2215);
#2214 = CARTESIAN_POINT('',(11.983718484046,1.822430307443,3.));
#2215 = VECTOR('',#2216,1.);
#2216 = DIRECTION('',(-0.707106781187,0.707106781187,0.));
#2217 = PCURVE('',#1899,#2218);
#2218 = DEFINITIONAL_REPRESENTATION('',(#2219),#2223);
#2219 = LINE('',#2220,#2221);
#2220 = CARTESIAN_POINT('',(0.,0.));
#2221 = VECTOR('',#2222,1.);
#2222 = DIRECTION('',(1.,0.));
#2223 = ( GEOMETRIC_REPRESENTATION_CONTEXT(2) 
PARAMETRIC_REPRESENTATION_CONTEXT() REPRESENTATION_CONTEXT('2D SPACE',''
  ) );
#2224 = PCURVE('',#1926,#2225);
#2225 = DEFINITIONAL_REPRESENTATION('',(#2226),#2230);
#2226 = LINE('',#2227,#2228);
#2227 = CARTESIAN_POINT('',(1.963823388665,-0.565657149933));
#2228 = VECTOR('',#2229,1.);
#2229 = DIRECTION('',(0.707106781187,0.707106781187));
#2230 = ( GEOMETRIC_REPRESENTATION_CONTEXT(2) 
PARAMETRIC_REPRESENTATION_CONTEXT() REPRESENTATION_CONTEXT('2D SPACE',''
  ) );
#2231 = ADVANCED_FACE('',(#2232),#1926,.T.);
#2232 = FACE_BOUND('',#2233,.T.);
#2233 = EDGE_LOOP('',(#2234,#2235,#2236,#2237,#2238));
#2234 = ORIENTED_EDGE('',*,*,#1911,.F.);
#2235 = ORIENTED_EDGE('',*,*,#2002,.F.);
#2236 = ORIENTED_EDGE('',*,*,#2083,.T.);
#2237 = ORIENTED_EDGE('',*,*,#2159,.T.);
#2238 = ORIENTED_EDGE('',*,*,#2211,.T.);
#2239 = ADVANCED_FACE('',(#2240),#1867,.F.);
#2240 = FACE_BOUND('',#2241,.F.);
#2241 = EDGE_LOOP('',(#2242,#2243,#2244,#2245,#2246));
#2242 = ORIENTED_EDGE('',*,*,#1850,.F.);
#2243 = ORIENTED_EDGE('',*,*,#1975,.F.);
#2244 = ORIENTED_EDGE('',*,*,#2032,.T.);
#2245 = ORIENTED_EDGE('',*,*,#2108,.T.);
#2246 = ORIENTED_EDGE('',*,*,#2189,.T.);
#2247 = ( GEOMETRIC_REPRESENTATION_CONTEXT(3) 
GLOBAL_UNCERTAINTY_ASSIGNED_CONTEXT((#2251)) 
GLOBAL_UNIT_ASSIGNED_CONTEXT((#2248,#2249,#2250)) REPRESENTATION_CONTEXT
('Context #1','3D Context with UNIT and UNCERTAINTY') );
#2248 = ( LENGTH_UNIT() NAMED_UNIT(*) SI_UNIT(.MILLI.,.METRE.) );
#2249 = ( NAMED_UNIT(*) PLANE_ANGLE_UNIT() SI_UNIT($,.RADIAN.) );
#2250 = ( NAMED_UNIT(*) SI_UNIT($,.STERADIAN.) SOLID_ANGLE_UNIT() );
#2251 = UNCERTAINTY_MEASURE_WITH_UNIT(LENGTH_MEASURE(1.E-07),#2248,
  'distance_accuracy_value','confusion accuracy');
#2252 = PRODUCT_RELATED_PRODUCT_CATEGORY('part',$,(#695));
#2253 = SHAPE_DEFINITION_REPRESENTATION(#2254,#2260);
#2254 = PRODUCT_DEFINITION_SHAPE('','',#2255);
#2255 = PRODUCT_DEFINITION('design','',#2256,#2259);
#2256 = PRODUCT_DEFINITION_FORMATION('','',#2257);
#2257 = PRODUCT('cones, M orange','cones, M orange','',(#2258));
#2258 = PRODUCT_CONTEXT('',#2,'mechanical');
#2259 = PRODUCT_DEFINITION_CONTEXT('part definition',#2,'design');
#2260 = SHAPE_REPRESENTATION('',(#11,#2261,#2671),#3101);
#2261 = MANIFOLD_SOLID_BREP('',#2262);
#2262 = CLOSED_SHELL('',(#2263,#2383,#2459,#2537,#2608,#2655,#2663));
#2263 = ADVANCED_FACE('',(#2264),#2278,.T.);
#2264 = FACE_BOUND('',#2265,.T.);
#2265 = EDGE_LOOP('',(#2266,#2301,#2329,#2357));
#2266 = ORIENTED_EDGE('',*,*,#2267,.T.);
#2267 = EDGE_CURVE('',#2268,#2270,#2272,.T.);
#2268 = VERTEX_POINT('',#2269);
#2269 = CARTESIAN_POINT('',(5.17818264751,16.58536951862,3.));
#2270 = VERTEX_POINT('',#2271);
#2271 = CARTESIAN_POINT('',(5.17818264751,16.58536951862,4.2));
#2272 = SURFACE_CURVE('',#2273,(#2277,#2289),.PCURVE_S1.);
#2273 = LINE('',#2274,#2275);
#2274 = CARTESIAN_POINT('',(5.17818264751,16.58536951862,3.));
#2275 = VECTOR('',#2276,1.);
#2276 = DIRECTION('',(0.,0.,1.));
#2277 = PCURVE('',#2278,#2283);
#2278 = PLANE('',#2279);
#2279 = AXIS2_PLACEMENT_3D('',#2280,#2281,#2282);
#2280 = CARTESIAN_POINT('',(5.17818264751,16.58536951862,3.));
#2281 = DIRECTION('',(0.874157276122,-0.485642931179,0.));
#2282 = DIRECTION('',(-0.485642931179,-0.874157276122,0.));
#2283 = DEFINITIONAL_REPRESENTATION('',(#2284),#2288);
#2284 = LINE('',#2285,#2286);
#2285 = CARTESIAN_POINT('',(0.,0.));
#2286 = VECTOR('',#2287,1.);
#2287 = DIRECTION('',(0.,-1.));
#2288 = ( GEOMETRIC_REPRESENTATION_CONTEXT(2) 
PARAMETRIC_REPRESENTATION_CONTEXT() REPRESENTATION_CONTEXT('2D SPACE',''
  ) );
#2289 = PCURVE('',#2290,#2295);
#2290 = PLANE('',#2291);
#2291 = AXIS2_PLACEMENT_3D('',#2292,#2293,#2294);
#2292 = CARTESIAN_POINT('',(4.045579338197E-08,13.70860140359,3.));
#2293 = DIRECTION('',(-0.485642931179,0.874157276122,0.));
#2294 = DIRECTION('',(0.874157276122,0.485642931179,0.));
#2295 = DEFINITIONAL_REPRESENTATION('',(#2296),#2300);
#2296 = LINE('',#2297,#2298);
#2297 = CARTESIAN_POINT('',(5.923628102746,0.));
#2298 = VECTOR('',#2299,1.);
#2299 = DIRECTION('',(0.,-1.));
#2300 = ( GEOMETRIC_REPRESENTATION_CONTEXT(2) 
PARAMETRIC_REPRESENTATION_CONTEXT() REPRESENTATION_CONTEXT('2D SPACE',''
  ) );
#2301 = ORIENTED_EDGE('',*,*,#2302,.T.);
#2302 = EDGE_CURVE('',#2270,#2303,#2305,.T.);
#2303 = VERTEX_POINT('',#2304);
#2304 = CARTESIAN_POINT('',(2.30141453248,11.407186911566,4.2));
#2305 = SURFACE_CURVE('',#2306,(#2310,#2317),.PCURVE_S1.);
#2306 = LINE('',#2307,#2308);
#2307 = CARTESIAN_POINT('',(5.17818264751,16.58536951862,4.2));
#2308 = VECTOR('',#2309,1.);
#2309 = DIRECTION('',(-0.485642931179,-0.874157276122,0.));
#2310 = PCURVE('',#2278,#2311);
#2311 = DEFINITIONAL_REPRESENTATION('',(#2312),#2316);
#2312 = LINE('',#2313,#2314);
#2313 = CARTESIAN_POINT('',(0.,-1.2));
#2314 = VECTOR('',#2315,1.);
#2315 = DIRECTION('',(1.,0.));
#2316 = ( GEOMETRIC_REPRESENTATION_CONTEXT(2) 
PARAMETRIC_REPRESENTATION_CONTEXT() REPRESENTATION_CONTEXT('2D SPACE',''
  ) );
#2317 = PCURVE('',#2318,#2323);
#2318 = PLANE('',#2319);
#2319 = AXIS2_PLACEMENT_3D('',#2320,#2321,#2322);
#2320 = CARTESIAN_POINT('',(2.737711359706,14.144898230816,4.2));
#2321 = DIRECTION('',(0.,0.,1.));
#2322 = DIRECTION('',(1.,0.,-0.));
#2323 = DEFINITIONAL_REPRESENTATION('',(#2324),#2328);
#2324 = LINE('',#2325,#2326);
#2325 = CARTESIAN_POINT('',(2.440471287803,2.440471287803));
#2326 = VECTOR('',#2327,1.);
#2327 = DIRECTION('',(-0.485642931179,-0.874157276122));
#2328 = ( GEOMETRIC_REPRESENTATION_CONTEXT(2) 
PARAMETRIC_REPRESENTATION_CONTEXT() REPRESENTATION_CONTEXT('2D SPACE',''
  ) );
#2329 = ORIENTED_EDGE('',*,*,#2330,.F.);
#2330 = EDGE_CURVE('',#2331,#2303,#2333,.T.);
#2331 = VERTEX_POINT('',#2332);
#2332 = CARTESIAN_POINT('',(2.30141453248,11.407186911566,3.));
#2333 = SURFACE_CURVE('',#2334,(#2338,#2345),.PCURVE_S1.);
#2334 = LINE('',#2335,#2336);
#2335 = CARTESIAN_POINT('',(2.30141453248,11.407186911566,3.));
#2336 = VECTOR('',#2337,1.);
#2337 = DIRECTION('',(0.,0.,1.));
#2338 = PCURVE('',#2278,#2339);
#2339 = DEFINITIONAL_REPRESENTATION('',(#2340),#2344);
#2340 = LINE('',#2341,#2342);
#2341 = CARTESIAN_POINT('',(5.923628102746,0.));
#2342 = VECTOR('',#2343,1.);
#2343 = DIRECTION('',(0.,-1.));
#2344 = ( GEOMETRIC_REPRESENTATION_CONTEXT(2) 
PARAMETRIC_REPRESENTATION_CONTEXT() REPRESENTATION_CONTEXT('2D SPACE',''
  ) );
#2345 = PCURVE('',#2346,#2351);
#2346 = PLANE('',#2347);
#2347 = AXIS2_PLACEMENT_3D('',#2348,#2349,#2350);
#2348 = CARTESIAN_POINT('',(2.30141453248,11.407186911566,3.));
#2349 = DIRECTION('',(-0.707106781187,-0.707106781187,0.));
#2350 = DIRECTION('',(-0.707106781187,0.707106781187,0.));
#2351 = DEFINITIONAL_REPRESENTATION('',(#2352),#2356);
#2352 = LINE('',#2353,#2354);
#2353 = CARTESIAN_POINT('',(0.,0.));
#2354 = VECTOR('',#2355,1.);
#2355 = DIRECTION('',(0.,-1.));
#2356 = ( GEOMETRIC_REPRESENTATION_CONTEXT(2) 
PARAMETRIC_REPRESENTATION_CONTEXT() REPRESENTATION_CONTEXT('2D SPACE',''
  ) );
#2357 = ORIENTED_EDGE('',*,*,#2358,.F.);
#2358 = EDGE_CURVE('',#2268,#2331,#2359,.T.);
#2359 = SURFACE_CURVE('',#2360,(#2364,#2371),.PCURVE_S1.);
#2360 = LINE('',#2361,#2362);
#2361 = CARTESIAN_POINT('',(5.17818264751,16.58536951862,3.));
#2362 = VECTOR('',#2363,1.);
#2363 = DIRECTION('',(-0.485642931179,-0.874157276122,0.));
#2364 = PCURVE('',#2278,#2365);
#2365 = DEFINITIONAL_REPRESENTATION('',(#2366),#2370);
#2366 = LINE('',#2367,#2368);
#2367 = CARTESIAN_POINT('',(0.,0.));
#2368 = VECTOR('',#2369,1.);
#2369 = DIRECTION('',(1.,0.));
#2370 = ( GEOMETRIC_REPRESENTATION_CONTEXT(2) 
PARAMETRIC_REPRESENTATION_CONTEXT() REPRESENTATION_CONTEXT('2D SPACE',''
  ) );
#2371 = PCURVE('',#2372,#2377);
#2372 = PLANE('',#2373);
#2373 = AXIS2_PLACEMENT_3D('',#2374,#2375,#2376);
#2374 = CARTESIAN_POINT('',(2.737711359706,14.144898230816,3.));
#2375 = DIRECTION('',(0.,0.,1.));
#2376 = DIRECTION('',(1.,0.,-0.));
#2377 = DEFINITIONAL_REPRESENTATION('',(#2378),#2382);
#2378 = LINE('',#2379,#2380);
#2379 = CARTESIAN_POINT('',(2.440471287803,2.440471287803));
#2380 = VECTOR('',#2381,1.);
#2381 = DIRECTION('',(-0.485642931179,-0.874157276122));
#2382 = ( GEOMETRIC_REPRESENTATION_CONTEXT(2) 
PARAMETRIC_REPRESENTATION_CONTEXT() REPRESENTATION_CONTEXT('2D SPACE',''
  ) );
#2383 = ADVANCED_FACE('',(#2384),#2346,.T.);
#2384 = FACE_BOUND('',#2385,.T.);
#2385 = EDGE_LOOP('',(#2386,#2387,#2410,#2438));
#2386 = ORIENTED_EDGE('',*,*,#2330,.T.);
#2387 = ORIENTED_EDGE('',*,*,#2388,.T.);
#2388 = EDGE_CURVE('',#2303,#2389,#2391,.T.);
#2389 = VERTEX_POINT('',#2390);
#2390 = CARTESIAN_POINT('',(1.877150463768,11.831450980278,4.2));
#2391 = SURFACE_CURVE('',#2392,(#2396,#2403),.PCURVE_S1.);
#2392 = LINE('',#2393,#2394);
#2393 = CARTESIAN_POINT('',(2.30141453248,11.407186911566,4.2));
#2394 = VECTOR('',#2395,1.);
#2395 = DIRECTION('',(-0.707106781187,0.707106781187,0.));
#2396 = PCURVE('',#2346,#2397);
#2397 = DEFINITIONAL_REPRESENTATION('',(#2398),#2402);
#2398 = LINE('',#2399,#2400);
#2399 = CARTESIAN_POINT('',(0.,-1.2));
#2400 = VECTOR('',#2401,1.);
#2401 = DIRECTION('',(1.,0.));
#2402 = ( GEOMETRIC_REPRESENTATION_CONTEXT(2) 
PARAMETRIC_REPRESENTATION_CONTEXT() REPRESENTATION_CONTEXT('2D SPACE',''
  ) );
#2403 = PCURVE('',#2318,#2404);
#2404 = DEFINITIONAL_REPRESENTATION('',(#2405),#2409);
#2405 = LINE('',#2406,#2407);
#2406 = CARTESIAN_POINT('',(-0.436296827226,-2.73771131925));
#2407 = VECTOR('',#2408,1.);
#2408 = DIRECTION('',(-0.707106781187,0.707106781187));
#2409 = ( GEOMETRIC_REPRESENTATION_CONTEXT(2) 
PARAMETRIC_REPRESENTATION_CONTEXT() REPRESENTATION_CONTEXT('2D SPACE',''
  ) );
#2410 = ORIENTED_EDGE('',*,*,#2411,.F.);
#2411 = EDGE_CURVE('',#2412,#2389,#2414,.T.);
#2412 = VERTEX_POINT('',#2413);
#2413 = CARTESIAN_POINT('',(1.877150463768,11.831450980278,3.));
#2414 = SURFACE_CURVE('',#2415,(#2419,#2426),.PCURVE_S1.);
#2415 = LINE('',#2416,#2417);
#2416 = CARTESIAN_POINT('',(1.877150463768,11.831450980278,3.));
#2417 = VECTOR('',#2418,1.);
#2418 = DIRECTION('',(0.,0.,1.));
#2419 = PCURVE('',#2346,#2420);
#2420 = DEFINITIONAL_REPRESENTATION('',(#2421),#2425);
#2421 = LINE('',#2422,#2423);
#2422 = CARTESIAN_POINT('',(0.6,0.));
#2423 = VECTOR('',#2424,1.);
#2424 = DIRECTION('',(0.,-1.));
#2425 = ( GEOMETRIC_REPRESENTATION_CONTEXT(2) 
PARAMETRIC_REPRESENTATION_CONTEXT() REPRESENTATION_CONTEXT('2D SPACE',''
  ) );
#2426 = PCURVE('',#2427,#2432);
#2427 = CYLINDRICAL_SURFACE('',#2428,2.175121600338);
#2428 = AXIS2_PLACEMENT_3D('',#2429,#2430,#2431);
#2429 = CARTESIAN_POINT('',(-0.204968669756,11.202218201354,3.));
#2430 = DIRECTION('',(-0.,-0.,-1.));
#2431 = DIRECTION('',(0.95724263563,0.289286253617,-0.));
#2432 = DEFINITIONAL_REPRESENTATION('',(#2433),#2437);
#2433 = LINE('',#2434,#2435);
#2434 = CARTESIAN_POINT('',(-0.,0.));
#2435 = VECTOR('',#2436,1.);
#2436 = DIRECTION('',(-0.,-1.));
#2437 = ( GEOMETRIC_REPRESENTATION_CONTEXT(2) 
PARAMETRIC_REPRESENTATION_CONTEXT() REPRESENTATION_CONTEXT('2D SPACE',''
  ) );
#2438 = ORIENTED_EDGE('',*,*,#2439,.F.);
#2439 = EDGE_CURVE('',#2331,#2412,#2440,.T.);
#2440 = SURFACE_CURVE('',#2441,(#2445,#2452),.PCURVE_S1.);
#2441 = LINE('',#2442,#2443);
#2442 = CARTESIAN_POINT('',(2.30141453248,11.407186911566,3.));
#2443 = VECTOR('',#2444,1.);
#2444 = DIRECTION('',(-0.707106781187,0.707106781187,0.));
#2445 = PCURVE('',#2346,#2446);
#2446 = DEFINITIONAL_REPRESENTATION('',(#2447),#2451);
#2447 = LINE('',#2448,#2449);
#2448 = CARTESIAN_POINT('',(0.,0.));
#2449 = VECTOR('',#2450,1.);
#2450 = DIRECTION('',(1.,0.));
#2451 = ( GEOMETRIC_REPRESENTATION_CONTEXT(2) 
PARAMETRIC_REPRESENTATION_CONTEXT() REPRESENTATION_CONTEXT('2D SPACE',''
  ) );
#2452 = PCURVE('',#2372,#2453);
#2453 = DEFINITIONAL_REPRESENTATION('',(#2454),#2458);
#2454 = LINE('',#2455,#2456);
#2455 = CARTESIAN_POINT('',(-0.436296827226,-2.73771131925));
#2456 = VECTOR('',#2457,1.);
#2457 = DIRECTION('',(-0.707106781187,0.707106781187));
#2458 = ( GEOMETRIC_REPRESENTATION_CONTEXT(2) 
PARAMETRIC_REPRESENTATION_CONTEXT() REPRESENTATION_CONTEXT('2D SPACE',''
  ) );
#2459 = ADVANCED_FACE('',(#2460),#2427,.F.);
#2460 = FACE_BOUND('',#2461,.T.);
#2461 = EDGE_LOOP('',(#2462,#2463,#2487,#2515));
#2462 = ORIENTED_EDGE('',*,*,#2411,.T.);
#2463 = ORIENTED_EDGE('',*,*,#2464,.T.);
#2464 = EDGE_CURVE('',#2389,#2465,#2467,.T.);
#2465 = VERTEX_POINT('',#2466);
#2466 = CARTESIAN_POINT('',(0.424264109168,13.284337334878,4.2));
#2467 = SURFACE_CURVE('',#2468,(#2473,#2480),.PCURVE_S1.);
#2468 = CIRCLE('',#2469,2.175121600338);
#2469 = AXIS2_PLACEMENT_3D('',#2470,#2471,#2472);
#2470 = CARTESIAN_POINT('',(-0.204968669756,11.202218201354,4.2));
#2471 = DIRECTION('',(0.,0.,1.));
#2472 = DIRECTION('',(0.95724263563,0.289286253617,-0.));
#2473 = PCURVE('',#2427,#2474);
#2474 = DEFINITIONAL_REPRESENTATION('',(#2475),#2479);
#2475 = LINE('',#2476,#2477);
#2476 = CARTESIAN_POINT('',(-0.,-1.2));
#2477 = VECTOR('',#2478,1.);
#2478 = DIRECTION('',(-1.,0.));
#2479 = ( GEOMETRIC_REPRESENTATION_CONTEXT(2) 
PARAMETRIC_REPRESENTATION_CONTEXT() REPRESENTATION_CONTEXT('2D SPACE',''
  ) );
#2480 = PCURVE('',#2318,#2481);
#2481 = DEFINITIONAL_REPRESENTATION('',(#2482),#2486);
#2482 = CIRCLE('',#2483,2.175121600338);
#2483 = AXIS2_PLACEMENT_2D('',#2484,#2485);
#2484 = CARTESIAN_POINT('',(-2.942680029462,-2.942680029462));
#2485 = DIRECTION('',(0.95724263563,0.289286253617));
#2486 = ( GEOMETRIC_REPRESENTATION_CONTEXT(2) 
PARAMETRIC_REPRESENTATION_CONTEXT() REPRESENTATION_CONTEXT('2D SPACE',''
  ) );
#2487 = ORIENTED_EDGE('',*,*,#2488,.F.);
#2488 = EDGE_CURVE('',#2489,#2465,#2491,.T.);
#2489 = VERTEX_POINT('',#2490);
#2490 = CARTESIAN_POINT('',(0.424264109168,13.284337334878,3.));
#2491 = SURFACE_CURVE('',#2492,(#2496,#2503),.PCURVE_S1.);
#2492 = LINE('',#2493,#2494);
#2493 = CARTESIAN_POINT('',(0.424264109168,13.284337334878,3.));
#2494 = VECTOR('',#2495,1.);
#2495 = DIRECTION('',(0.,0.,1.));
#2496 = PCURVE('',#2427,#2497);
#2497 = DEFINITIONAL_REPRESENTATION('',(#2498),#2502);
#2498 = LINE('',#2499,#2500);
#2499 = CARTESIAN_POINT('',(-0.983834074383,0.));
#2500 = VECTOR('',#2501,1.);
#2501 = DIRECTION('',(-0.,-1.));
#2502 = ( GEOMETRIC_REPRESENTATION_CONTEXT(2) 
PARAMETRIC_REPRESENTATION_CONTEXT() REPRESENTATION_CONTEXT('2D SPACE',''
  ) );
#2503 = PCURVE('',#2504,#2509);
#2504 = PLANE('',#2505);
#2505 = AXIS2_PLACEMENT_3D('',#2506,#2507,#2508);
#2506 = CARTESIAN_POINT('',(0.424264109168,13.284337334878,3.));
#2507 = DIRECTION('',(-0.707106781187,-0.707106781187,0.));
#2508 = DIRECTION('',(-0.707106781187,0.707106781187,0.));
#2509 = DEFINITIONAL_REPRESENTATION('',(#2510),#2514);
#2510 = LINE('',#2511,#2512);
#2511 = CARTESIAN_POINT('',(0.,0.));
#2512 = VECTOR('',#2513,1.);
#2513 = DIRECTION('',(0.,-1.));
#2514 = ( GEOMETRIC_REPRESENTATION_CONTEXT(2) 
PARAMETRIC_REPRESENTATION_CONTEXT() REPRESENTATION_CONTEXT('2D SPACE',''
  ) );
#2515 = ORIENTED_EDGE('',*,*,#2516,.F.);
#2516 = EDGE_CURVE('',#2412,#2489,#2517,.T.);
#2517 = SURFACE_CURVE('',#2518,(#2523,#2530),.PCURVE_S1.);
#2518 = CIRCLE('',#2519,2.175121600338);
#2519 = AXIS2_PLACEMENT_3D('',#2520,#2521,#2522);
#2520 = CARTESIAN_POINT('',(-0.204968669756,11.202218201354,3.));
#2521 = DIRECTION('',(0.,0.,1.));
#2522 = DIRECTION('',(0.95724263563,0.289286253617,-0.));
#2523 = PCURVE('',#2427,#2524);
#2524 = DEFINITIONAL_REPRESENTATION('',(#2525),#2529);
#2525 = LINE('',#2526,#2527);
#2526 = CARTESIAN_POINT('',(-0.,0.));
#2527 = VECTOR('',#2528,1.);
#2528 = DIRECTION('',(-1.,0.));
#2529 = ( GEOMETRIC_REPRESENTATION_CONTEXT(2) 
PARAMETRIC_REPRESENTATION_CONTEXT() REPRESENTATION_CONTEXT('2D SPACE',''
  ) );
#2530 = PCURVE('',#2372,#2531);
#2531 = DEFINITIONAL_REPRESENTATION('',(#2532),#2536);
#2532 = CIRCLE('',#2533,2.175121600338);
#2533 = AXIS2_PLACEMENT_2D('',#2534,#2535);
#2534 = CARTESIAN_POINT('',(-2.942680029462,-2.942680029462));
#2535 = DIRECTION('',(0.95724263563,0.289286253617));
#2536 = ( GEOMETRIC_REPRESENTATION_CONTEXT(2) 
PARAMETRIC_REPRESENTATION_CONTEXT() REPRESENTATION_CONTEXT('2D SPACE',''
  ) );
#2537 = ADVANCED_FACE('',(#2538),#2504,.T.);
#2538 = FACE_BOUND('',#2539,.T.);
#2539 = EDGE_LOOP('',(#2540,#2541,#2564,#2587));
#2540 = ORIENTED_EDGE('',*,*,#2488,.T.);
#2541 = ORIENTED_EDGE('',*,*,#2542,.T.);
#2542 = EDGE_CURVE('',#2465,#2543,#2545,.T.);
#2543 = VERTEX_POINT('',#2544);
#2544 = CARTESIAN_POINT('',(4.045579338197E-08,13.70860140359,4.2));
#2545 = SURFACE_CURVE('',#2546,(#2550,#2557),.PCURVE_S1.);
#2546 = LINE('',#2547,#2548);
#2547 = CARTESIAN_POINT('',(0.424264109168,13.284337334878,4.2));
#2548 = VECTOR('',#2549,1.);
#2549 = DIRECTION('',(-0.707106781187,0.707106781187,0.));
#2550 = PCURVE('',#2504,#2551);
#2551 = DEFINITIONAL_REPRESENTATION('',(#2552),#2556);
#2552 = LINE('',#2553,#2554);
#2553 = CARTESIAN_POINT('',(0.,-1.2));
#2554 = VECTOR('',#2555,1.);
#2555 = DIRECTION('',(1.,0.));
#2556 = ( GEOMETRIC_REPRESENTATION_CONTEXT(2) 
PARAMETRIC_REPRESENTATION_CONTEXT() REPRESENTATION_CONTEXT('2D SPACE',''
  ) );
#2557 = PCURVE('',#2318,#2558);
#2558 = DEFINITIONAL_REPRESENTATION('',(#2559),#2563);
#2559 = LINE('',#2560,#2561);
#2560 = CARTESIAN_POINT('',(-2.313447250538,-0.860560895938));
#2561 = VECTOR('',#2562,1.);
#2562 = DIRECTION('',(-0.707106781187,0.707106781187));
#2563 = ( GEOMETRIC_REPRESENTATION_CONTEXT(2) 
PARAMETRIC_REPRESENTATION_CONTEXT() REPRESENTATION_CONTEXT('2D SPACE',''
  ) );
#2564 = ORIENTED_EDGE('',*,*,#2565,.F.);
#2565 = EDGE_CURVE('',#2566,#2543,#2568,.T.);
#2566 = VERTEX_POINT('',#2567);
#2567 = CARTESIAN_POINT('',(4.045579338197E-08,13.70860140359,3.));
#2568 = SURFACE_CURVE('',#2569,(#2573,#2580),.PCURVE_S1.);
#2569 = LINE('',#2570,#2571);
#2570 = CARTESIAN_POINT('',(4.045579338197E-08,13.70860140359,3.));
#2571 = VECTOR('',#2572,1.);
#2572 = DIRECTION('',(0.,0.,1.));
#2573 = PCURVE('',#2504,#2574);
#2574 = DEFINITIONAL_REPRESENTATION('',(#2575),#2579);
#2575 = LINE('',#2576,#2577);
#2576 = CARTESIAN_POINT('',(0.6,0.));
#2577 = VECTOR('',#2578,1.);
#2578 = DIRECTION('',(0.,-1.));
#2579 = ( GEOMETRIC_REPRESENTATION_CONTEXT(2) 
PARAMETRIC_REPRESENTATION_CONTEXT() REPRESENTATION_CONTEXT('2D SPACE',''
  ) );
#2580 = PCURVE('',#2290,#2581);
#2581 = DEFINITIONAL_REPRESENTATION('',(#2582),#2586);
#2582 = LINE('',#2583,#2584);
#2583 = CARTESIAN_POINT('',(0.,0.));
#2584 = VECTOR('',#2585,1.);
#2585 = DIRECTION('',(0.,-1.));
#2586 = ( GEOMETRIC_REPRESENTATION_CONTEXT(2) 
PARAMETRIC_REPRESENTATION_CONTEXT() REPRESENTATION_CONTEXT('2D SPACE',''
  ) );
#2587 = ORIENTED_EDGE('',*,*,#2588,.F.);
#2588 = EDGE_CURVE('',#2489,#2566,#2589,.T.);
#2589 = SURFACE_CURVE('',#2590,(#2594,#2601),.PCURVE_S1.);
#2590 = LINE('',#2591,#2592);
#2591 = CARTESIAN_POINT('',(0.424264109168,13.284337334878,3.));
#2592 = VECTOR('',#2593,1.);
#2593 = DIRECTION('',(-0.707106781187,0.707106781187,0.));
#2594 = PCURVE('',#2504,#2595);
#2595 = DEFINITIONAL_REPRESENTATION('',(#2596),#2600);
#2596 = LINE('',#2597,#2598);
#2597 = CARTESIAN_POINT('',(0.,0.));
#2598 = VECTOR('',#2599,1.);
#2599 = DIRECTION('',(1.,0.));
#2600 = ( GEOMETRIC_REPRESENTATION_CONTEXT(2) 
PARAMETRIC_REPRESENTATION_CONTEXT() REPRESENTATION_CONTEXT('2D SPACE',''
  ) );
#2601 = PCURVE('',#2372,#2602);
#2602 = DEFINITIONAL_REPRESENTATION('',(#2603),#2607);
#2603 = LINE('',#2604,#2605);
#2604 = CARTESIAN_POINT('',(-2.313447250538,-0.860560895938));
#2605 = VECTOR('',#2606,1.);
#2606 = DIRECTION('',(-0.707106781187,0.707106781187));
#2607 = ( GEOMETRIC_REPRESENTATION_CONTEXT(2) 
PARAMETRIC_REPRESENTATION_CONTEXT() REPRESENTATION_CONTEXT('2D SPACE',''
  ) );
#2608 = ADVANCED_FACE('',(#2609),#2290,.T.);
#2609 = FACE_BOUND('',#2610,.T.);
#2610 = EDGE_LOOP('',(#2611,#2612,#2633,#2634));
#2611 = ORIENTED_EDGE('',*,*,#2565,.T.);
#2612 = ORIENTED_EDGE('',*,*,#2613,.T.);
#2613 = EDGE_CURVE('',#2543,#2270,#2614,.T.);
#2614 = SURFACE_CURVE('',#2615,(#2619,#2626),.PCURVE_S1.);
#2615 = LINE('',#2616,#2617);
#2616 = CARTESIAN_POINT('',(4.045579338197E-08,13.70860140359,4.2));
#2617 = VECTOR('',#2618,1.);
#2618 = DIRECTION('',(0.874157276122,0.485642931179,0.));
#2619 = PCURVE('',#2290,#2620);
#2620 = DEFINITIONAL_REPRESENTATION('',(#2621),#2625);
#2621 = LINE('',#2622,#2623);
#2622 = CARTESIAN_POINT('',(0.,-1.2));
#2623 = VECTOR('',#2624,1.);
#2624 = DIRECTION('',(1.,0.));
#2625 = ( GEOMETRIC_REPRESENTATION_CONTEXT(2) 
PARAMETRIC_REPRESENTATION_CONTEXT() REPRESENTATION_CONTEXT('2D SPACE',''
  ) );
#2626 = PCURVE('',#2318,#2627);
#2627 = DEFINITIONAL_REPRESENTATION('',(#2628),#2632);
#2628 = LINE('',#2629,#2630);
#2629 = CARTESIAN_POINT('',(-2.73771131925,-0.436296827226));
#2630 = VECTOR('',#2631,1.);
#2631 = DIRECTION('',(0.874157276122,0.485642931179));
#2632 = ( GEOMETRIC_REPRESENTATION_CONTEXT(2) 
PARAMETRIC_REPRESENTATION_CONTEXT() REPRESENTATION_CONTEXT('2D SPACE',''
  ) );
#2633 = ORIENTED_EDGE('',*,*,#2267,.F.);
#2634 = ORIENTED_EDGE('',*,*,#2635,.F.);
#2635 = EDGE_CURVE('',#2566,#2268,#2636,.T.);
#2636 = SURFACE_CURVE('',#2637,(#2641,#2648),.PCURVE_S1.);
#2637 = LINE('',#2638,#2639);
#2638 = CARTESIAN_POINT('',(4.045579338197E-08,13.70860140359,3.));
#2639 = VECTOR('',#2640,1.);
#2640 = DIRECTION('',(0.874157276122,0.485642931179,0.));
#2641 = PCURVE('',#2290,#2642);
#2642 = DEFINITIONAL_REPRESENTATION('',(#2643),#2647);
#2643 = LINE('',#2644,#2645);
#2644 = CARTESIAN_POINT('',(0.,0.));
#2645 = VECTOR('',#2646,1.);
#2646 = DIRECTION('',(1.,0.));
#2647 = ( GEOMETRIC_REPRESENTATION_CONTEXT(2) 
PARAMETRIC_REPRESENTATION_CONTEXT() REPRESENTATION_CONTEXT('2D SPACE',''
  ) );
#2648 = PCURVE('',#2372,#2649);
#2649 = DEFINITIONAL_REPRESENTATION('',(#2650),#2654);
#2650 = LINE('',#2651,#2652);
#2651 = CARTESIAN_POINT('',(-2.73771131925,-0.436296827226));
#2652 = VECTOR('',#2653,1.);
#2653 = DIRECTION('',(0.874157276122,0.485642931179));
#2654 = ( GEOMETRIC_REPRESENTATION_CONTEXT(2) 
PARAMETRIC_REPRESENTATION_CONTEXT() REPRESENTATION_CONTEXT('2D SPACE',''
  ) );
#2655 = ADVANCED_FACE('',(#2656),#2372,.F.);
#2656 = FACE_BOUND('',#2657,.T.);
#2657 = EDGE_LOOP('',(#2658,#2659,#2660,#2661,#2662));
#2658 = ORIENTED_EDGE('',*,*,#2358,.T.);
#2659 = ORIENTED_EDGE('',*,*,#2439,.T.);
#2660 = ORIENTED_EDGE('',*,*,#2516,.T.);
#2661 = ORIENTED_EDGE('',*,*,#2588,.T.);
#2662 = ORIENTED_EDGE('',*,*,#2635,.T.);
#2663 = ADVANCED_FACE('',(#2664),#2318,.T.);
#2664 = FACE_BOUND('',#2665,.F.);
#2665 = EDGE_LOOP('',(#2666,#2667,#2668,#2669,#2670));
#2666 = ORIENTED_EDGE('',*,*,#2302,.T.);
#2667 = ORIENTED_EDGE('',*,*,#2388,.T.);
#2668 = ORIENTED_EDGE('',*,*,#2464,.T.);
#2669 = ORIENTED_EDGE('',*,*,#2542,.T.);
#2670 = ORIENTED_EDGE('',*,*,#2613,.T.);
#2671 = MANIFOLD_SOLID_BREP('',#2672);
#2672 = CLOSED_SHELL('',(#2673,#2803,#2879,#2957,#3028,#3085,#3093));
#2673 = ADVANCED_FACE('',(#2674),#2688,.T.);
#2674 = FACE_BOUND('',#2675,.T.);
#2675 = EDGE_LOOP('',(#2676,#2711,#2744,#2772));
#2676 = ORIENTED_EDGE('',*,*,#2677,.T.);
#2677 = EDGE_CURVE('',#2678,#2680,#2682,.T.);
#2678 = VERTEX_POINT('',#2679);
#2679 = CARTESIAN_POINT('',(9.208361075591,9.178760699606,3.));
#2680 = VERTEX_POINT('',#2681);
#2681 = CARTESIAN_POINT('',(9.208361075591,9.178760699606,4.2));
#2682 = SURFACE_CURVE('',#2683,(#2687,#2699),.PCURVE_S1.);
#2683 = LINE('',#2684,#2685);
#2684 = CARTESIAN_POINT('',(9.208361075591,9.178760699606,3.));
#2685 = VECTOR('',#2686,1.);
#2686 = DIRECTION('',(0.,0.,1.));
#2687 = PCURVE('',#2688,#2693);
#2688 = CYLINDRICAL_SURFACE('',#2689,18.0127257528);
#2689 = AXIS2_PLACEMENT_3D('',#2690,#2691,#2692);
#2690 = CARTESIAN_POINT('',(-8.334944556569,13.264188038603,3.));
#2691 = DIRECTION('',(0.,0.,-1.));
#2692 = DIRECTION('',(0.973939528804,-0.226807835475,0.));
#2693 = DEFINITIONAL_REPRESENTATION('',(#2694),#2698);
#2694 = LINE('',#2695,#2696);
#2695 = CARTESIAN_POINT('',(0.,0.));
#2696 = VECTOR('',#2697,1.);
#2697 = DIRECTION('',(0.,-1.));
#2698 = ( GEOMETRIC_REPRESENTATION_CONTEXT(2) 
PARAMETRIC_REPRESENTATION_CONTEXT() REPRESENTATION_CONTEXT('2D SPACE',''
  ) );
#2699 = PCURVE('',#2700,#2705);
#2700 = CYLINDRICAL_SURFACE('',#2701,18.0127257528);
#2701 = AXIS2_PLACEMENT_3D('',#2702,#2703,#2704);
#2702 = CARTESIAN_POINT('',(13.293788414587,-8.364544932554,3.));
#2703 = DIRECTION('',(0.,0.,-1.));
#2704 = DIRECTION('',(-0.632412285574,0.774631977816,0.));
#2705 = DEFINITIONAL_REPRESENTATION('',(#2706),#2710);
#2706 = LINE('',#2707,#2708);
#2707 = CARTESIAN_POINT('',(0.455864527949,0.));
#2708 = VECTOR('',#2709,1.);
#2709 = DIRECTION('',(0.,-1.));
#2710 = ( GEOMETRIC_REPRESENTATION_CONTEXT(2) 
PARAMETRIC_REPRESENTATION_CONTEXT() REPRESENTATION_CONTEXT('2D SPACE',''
  ) );
#2711 = ORIENTED_EDGE('',*,*,#2712,.T.);
#2712 = EDGE_CURVE('',#2680,#2713,#2715,.T.);
#2713 = VERTEX_POINT('',#2714);
#2714 = CARTESIAN_POINT('',(5.618288819173,1.872718975848,4.2));
#2715 = SURFACE_CURVE('',#2716,(#2721,#2728),.PCURVE_S1.);
#2716 = CIRCLE('',#2717,18.0127257528);
#2717 = AXIS2_PLACEMENT_3D('',#2718,#2719,#2720);
#2718 = CARTESIAN_POINT('',(-8.334944556569,13.264188038603,4.2));
#2719 = DIRECTION('',(0.,0.,-1.));
#2720 = DIRECTION('',(0.973939528804,-0.226807835475,0.));
#2721 = PCURVE('',#2688,#2722);
#2722 = DEFINITIONAL_REPRESENTATION('',(#2723),#2727);
#2723 = LINE('',#2724,#2725);
#2724 = CARTESIAN_POINT('',(0.,-1.2));
#2725 = VECTOR('',#2726,1.);
#2726 = DIRECTION('',(1.,0.));
#2727 = ( GEOMETRIC_REPRESENTATION_CONTEXT(2) 
PARAMETRIC_REPRESENTATION_CONTEXT() REPRESENTATION_CONTEXT('2D SPACE',''
  ) );
#2728 = PCURVE('',#2729,#2734);
#2729 = PLANE('',#2730);
#2730 = AXIS2_PLACEMENT_3D('',#2731,#2732,#2733);
#2731 = CARTESIAN_POINT('',(5.904247458414,5.874647082429,4.2));
#2732 = DIRECTION('',(0.,0.,1.));
#2733 = DIRECTION('',(1.,0.,-0.));
#2734 = DEFINITIONAL_REPRESENTATION('',(#2735),#2743);
#2735 = ( BOUNDED_CURVE() B_SPLINE_CURVE(2,(#2736,#2737,#2738,#2739,
#2740,#2741,#2742),.UNSPECIFIED.,.T.,.F.) B_SPLINE_CURVE_WITH_KNOTS((1,2
    ,2,2,2,1),(-2.094395102393,0.,2.094395102393,4.188790204786,
6.28318530718,8.377580409573),.UNSPECIFIED.) CURVE() 
GEOMETRIC_REPRESENTATION_ITEM() RATIONAL_B_SPLINE_CURVE((1.,0.5,1.,0.5,
1.,0.5,1.)) REPRESENTATION_ITEM('') );
#2736 = CARTESIAN_POINT('',(3.304113617177,3.304113617177));
#2737 = CARTESIAN_POINT('',(-3.772054104595,-27.08178307043));
#2738 = CARTESIAN_POINT('',(-26.54892869194,-5.760693718134));
#2739 = CARTESIAN_POINT('',(-49.3258032793,15.560395634166));
#2740 = CARTESIAN_POINT('',(-19.47276097017,24.625202969477));
#2741 = CARTESIAN_POINT('',(10.380281338949,33.690010304788));
#2742 = CARTESIAN_POINT('',(3.304113617177,3.304113617177));
#2743 = ( GEOMETRIC_REPRESENTATION_CONTEXT(2) 
PARAMETRIC_REPRESENTATION_CONTEXT() REPRESENTATION_CONTEXT('2D SPACE',''
  ) );
#2744 = ORIENTED_EDGE('',*,*,#2745,.F.);
#2745 = EDGE_CURVE('',#2746,#2713,#2748,.T.);
#2746 = VERTEX_POINT('',#2747);
#2747 = CARTESIAN_POINT('',(5.618288819173,1.872718975848,3.));
#2748 = SURFACE_CURVE('',#2749,(#2753,#2760),.PCURVE_S1.);
#2749 = LINE('',#2750,#2751);
#2750 = CARTESIAN_POINT('',(5.618288819173,1.872718975848,3.));
#2751 = VECTOR('',#2752,1.);
#2752 = DIRECTION('',(0.,0.,1.));
#2753 = PCURVE('',#2688,#2754);
#2754 = DEFINITIONAL_REPRESENTATION('',(#2755),#2759);
#2755 = LINE('',#2756,#2757);
#2756 = CARTESIAN_POINT('',(0.455864527949,0.));
#2757 = VECTOR('',#2758,1.);
#2758 = DIRECTION('',(0.,-1.));
#2759 = ( GEOMETRIC_REPRESENTATION_CONTEXT(2) 
PARAMETRIC_REPRESENTATION_CONTEXT() REPRESENTATION_CONTEXT('2D SPACE',''
  ) );
#2760 = PCURVE('',#2761,#2766);
#2761 = PLANE('',#2762);
#2762 = AXIS2_PLACEMENT_3D('',#2763,#2764,#2765);
#2763 = CARTESIAN_POINT('',(5.618288819173,1.872718975848,3.));
#2764 = DIRECTION('',(-0.707106781187,-0.707106781187,0.));
#2765 = DIRECTION('',(-0.707106781187,0.707106781187,0.));
#2766 = DEFINITIONAL_REPRESENTATION('',(#2767),#2771);
#2767 = LINE('',#2768,#2769);
#2768 = CARTESIAN_POINT('',(-1.256073966947E-15,-0.));
#2769 = VECTOR('',#2770,1.);
#2770 = DIRECTION('',(0.,-1.));
#2771 = ( GEOMETRIC_REPRESENTATION_CONTEXT(2) 
PARAMETRIC_REPRESENTATION_CONTEXT() REPRESENTATION_CONTEXT('2D SPACE',''
  ) );
#2772 = ORIENTED_EDGE('',*,*,#2773,.F.);
#2773 = EDGE_CURVE('',#2678,#2746,#2774,.T.);
#2774 = SURFACE_CURVE('',#2775,(#2780,#2787),.PCURVE_S1.);
#2775 = CIRCLE('',#2776,18.0127257528);
#2776 = AXIS2_PLACEMENT_3D('',#2777,#2778,#2779);
#2777 = CARTESIAN_POINT('',(-8.334944556569,13.264188038603,3.));
#2778 = DIRECTION('',(0.,0.,-1.));
#2779 = DIRECTION('',(0.973939528804,-0.226807835475,0.));
#2780 = PCURVE('',#2688,#2781);
#2781 = DEFINITIONAL_REPRESENTATION('',(#2782),#2786);
#2782 = LINE('',#2783,#2784);
#2783 = CARTESIAN_POINT('',(0.,0.));
#2784 = VECTOR('',#2785,1.);
#2785 = DIRECTION('',(1.,0.));
#2786 = ( GEOMETRIC_REPRESENTATION_CONTEXT(2) 
PARAMETRIC_REPRESENTATION_CONTEXT() REPRESENTATION_CONTEXT('2D SPACE',''
  ) );
#2787 = PCURVE('',#2788,#2793);
#2788 = PLANE('',#2789);
#2789 = AXIS2_PLACEMENT_3D('',#2790,#2791,#2792);
#2790 = CARTESIAN_POINT('',(5.904247458414,5.874647082429,3.));
#2791 = DIRECTION('',(0.,0.,1.));
#2792 = DIRECTION('',(1.,0.,-0.));
#2793 = DEFINITIONAL_REPRESENTATION('',(#2794),#2802);
#2794 = ( BOUNDED_CURVE() B_SPLINE_CURVE(2,(#2795,#2796,#2797,#2798,
#2799,#2800,#2801),.UNSPECIFIED.,.T.,.F.) B_SPLINE_CURVE_WITH_KNOTS((1,2
    ,2,2,2,1),(-2.094395102393,0.,2.094395102393,4.188790204786,
6.28318530718,8.377580409573),.UNSPECIFIED.) CURVE() 
GEOMETRIC_REPRESENTATION_ITEM() RATIONAL_B_SPLINE_CURVE((1.,0.5,1.,0.5,
1.,0.5,1.)) REPRESENTATION_ITEM('') );
#2795 = CARTESIAN_POINT('',(3.304113617177,3.304113617177));
#2796 = CARTESIAN_POINT('',(-3.772054104595,-27.08178307043));
#2797 = CARTESIAN_POINT('',(-26.54892869194,-5.760693718134));
#2798 = CARTESIAN_POINT('',(-49.3258032793,15.560395634166));
#2799 = CARTESIAN_POINT('',(-19.47276097017,24.625202969477));
#2800 = CARTESIAN_POINT('',(10.380281338949,33.690010304788));
#2801 = CARTESIAN_POINT('',(3.304113617177,3.304113617177));
#2802 = ( GEOMETRIC_REPRESENTATION_CONTEXT(2) 
PARAMETRIC_REPRESENTATION_CONTEXT() REPRESENTATION_CONTEXT('2D SPACE',''
  ) );
#2803 = ADVANCED_FACE('',(#2804),#2761,.T.);
#2804 = FACE_BOUND('',#2805,.T.);
#2805 = EDGE_LOOP('',(#2806,#2807,#2830,#2858));
#2806 = ORIENTED_EDGE('',*,*,#2745,.T.);
#2807 = ORIENTED_EDGE('',*,*,#2808,.T.);
#2808 = EDGE_CURVE('',#2713,#2809,#2811,.T.);
#2809 = VERTEX_POINT('',#2810);
#2810 = CARTESIAN_POINT('',(5.194024750461,2.29698304456,4.2));
#2811 = SURFACE_CURVE('',#2812,(#2816,#2823),.PCURVE_S1.);
#2812 = LINE('',#2813,#2814);
#2813 = CARTESIAN_POINT('',(5.618288819173,1.872718975848,4.2));
#2814 = VECTOR('',#2815,1.);
#2815 = DIRECTION('',(-0.707106781187,0.707106781187,0.));
#2816 = PCURVE('',#2761,#2817);
#2817 = DEFINITIONAL_REPRESENTATION('',(#2818),#2822);
#2818 = LINE('',#2819,#2820);
#2819 = CARTESIAN_POINT('',(0.,-1.2));
#2820 = VECTOR('',#2821,1.);
#2821 = DIRECTION('',(1.,0.));
#2822 = ( GEOMETRIC_REPRESENTATION_CONTEXT(2) 
PARAMETRIC_REPRESENTATION_CONTEXT() REPRESENTATION_CONTEXT('2D SPACE',''
  ) );
#2823 = PCURVE('',#2729,#2824);
#2824 = DEFINITIONAL_REPRESENTATION('',(#2825),#2829);
#2825 = LINE('',#2826,#2827);
#2826 = CARTESIAN_POINT('',(-0.285958639241,-4.001928106581));
#2827 = VECTOR('',#2828,1.);
#2828 = DIRECTION('',(-0.707106781187,0.707106781187));
#2829 = ( GEOMETRIC_REPRESENTATION_CONTEXT(2) 
PARAMETRIC_REPRESENTATION_CONTEXT() REPRESENTATION_CONTEXT('2D SPACE',''
  ) );
#2830 = ORIENTED_EDGE('',*,*,#2831,.F.);
#2831 = EDGE_CURVE('',#2832,#2809,#2834,.T.);
#2832 = VERTEX_POINT('',#2833);
#2833 = CARTESIAN_POINT('',(5.194024750461,2.29698304456,3.));
#2834 = SURFACE_CURVE('',#2835,(#2839,#2846),.PCURVE_S1.);
#2835 = LINE('',#2836,#2837);
#2836 = CARTESIAN_POINT('',(5.194024750461,2.29698304456,3.));
#2837 = VECTOR('',#2838,1.);
#2838 = DIRECTION('',(0.,0.,1.));
#2839 = PCURVE('',#2761,#2840);
#2840 = DEFINITIONAL_REPRESENTATION('',(#2841),#2845);
#2841 = LINE('',#2842,#2843);
#2842 = CARTESIAN_POINT('',(0.6,0.));
#2843 = VECTOR('',#2844,1.);
#2844 = DIRECTION('',(0.,-1.));
#2845 = ( GEOMETRIC_REPRESENTATION_CONTEXT(2) 
PARAMETRIC_REPRESENTATION_CONTEXT() REPRESENTATION_CONTEXT('2D SPACE',''
  ) );
#2846 = PCURVE('',#2847,#2852);
#2847 = CYLINDRICAL_SURFACE('',#2848,2.718902000423);
#2848 = AXIS2_PLACEMENT_3D('',#2849,#2850,#2851);
#2849 = CARTESIAN_POINT('',(2.479421929009,2.449821553024,3.));
#2850 = DIRECTION('',(-0.,-0.,-1.));
#2851 = DIRECTION('',(0.998418781195,-5.621332009774E-02,0.));
#2852 = DEFINITIONAL_REPRESENTATION('',(#2853),#2857);
#2853 = LINE('',#2854,#2855);
#2854 = CARTESIAN_POINT('',(-0.,0.));
#2855 = VECTOR('',#2856,1.);
#2856 = DIRECTION('',(-0.,-1.));
#2857 = ( GEOMETRIC_REPRESENTATION_CONTEXT(2) 
PARAMETRIC_REPRESENTATION_CONTEXT() REPRESENTATION_CONTEXT('2D SPACE',''
  ) );
#2858 = ORIENTED_EDGE('',*,*,#2859,.F.);
#2859 = EDGE_CURVE('',#2746,#2832,#2860,.T.);
#2860 = SURFACE_CURVE('',#2861,(#2865,#2872),.PCURVE_S1.);
#2861 = LINE('',#2862,#2863);
#2862 = CARTESIAN_POINT('',(5.618288819173,1.872718975848,3.));
#2863 = VECTOR('',#2864,1.);
#2864 = DIRECTION('',(-0.707106781187,0.707106781187,0.));
#2865 = PCURVE('',#2761,#2866);
#2866 = DEFINITIONAL_REPRESENTATION('',(#2867),#2871);
#2867 = LINE('',#2868,#2869);
#2868 = CARTESIAN_POINT('',(0.,0.));
#2869 = VECTOR('',#2870,1.);
#2870 = DIRECTION('',(1.,0.));
#2871 = ( GEOMETRIC_REPRESENTATION_CONTEXT(2) 
PARAMETRIC_REPRESENTATION_CONTEXT() REPRESENTATION_CONTEXT('2D SPACE',''
  ) );
#2872 = PCURVE('',#2788,#2873);
#2873 = DEFINITIONAL_REPRESENTATION('',(#2874),#2878);
#2874 = LINE('',#2875,#2876);
#2875 = CARTESIAN_POINT('',(-0.285958639241,-4.001928106581));
#2876 = VECTOR('',#2877,1.);
#2877 = DIRECTION('',(-0.707106781187,0.707106781187));
#2878 = ( GEOMETRIC_REPRESENTATION_CONTEXT(2) 
PARAMETRIC_REPRESENTATION_CONTEXT() REPRESENTATION_CONTEXT('2D SPACE',''
  ) );
#2879 = ADVANCED_FACE('',(#2880),#2847,.F.);
#2880 = FACE_BOUND('',#2881,.T.);
#2881 = EDGE_LOOP('',(#2882,#2883,#2907,#2935));
#2882 = ORIENTED_EDGE('',*,*,#2831,.T.);
#2883 = ORIENTED_EDGE('',*,*,#2884,.T.);
#2884 = EDGE_CURVE('',#2809,#2885,#2887,.T.);
#2885 = VERTEX_POINT('',#2886);
#2886 = CARTESIAN_POINT('',(2.326583420545,5.164424374476,4.2));
#2887 = SURFACE_CURVE('',#2888,(#2893,#2900),.PCURVE_S1.);
#2888 = CIRCLE('',#2889,2.718902000423);
#2889 = AXIS2_PLACEMENT_3D('',#2890,#2891,#2892);
#2890 = CARTESIAN_POINT('',(2.479421929009,2.449821553024,4.2));
#2891 = DIRECTION('',(0.,0.,1.));
#2892 = DIRECTION('',(0.998418781195,-5.621332009774E-02,0.));
#2893 = PCURVE('',#2847,#2894);
#2894 = DEFINITIONAL_REPRESENTATION('',(#2895),#2899);
#2895 = LINE('',#2896,#2897);
#2896 = CARTESIAN_POINT('',(-0.,-1.2));
#2897 = VECTOR('',#2898,1.);
#2898 = DIRECTION('',(-1.,0.));
#2899 = ( GEOMETRIC_REPRESENTATION_CONTEXT(2) 
PARAMETRIC_REPRESENTATION_CONTEXT() REPRESENTATION_CONTEXT('2D SPACE',''
  ) );
#2900 = PCURVE('',#2729,#2901);
#2901 = DEFINITIONAL_REPRESENTATION('',(#2902),#2906);
#2902 = CIRCLE('',#2903,2.718902000423);
#2903 = AXIS2_PLACEMENT_2D('',#2904,#2905);
#2904 = CARTESIAN_POINT('',(-3.424825529405,-3.424825529405));
#2905 = DIRECTION('',(0.998418781195,-5.621332009774E-02));
#2906 = ( GEOMETRIC_REPRESENTATION_CONTEXT(2) 
PARAMETRIC_REPRESENTATION_CONTEXT() REPRESENTATION_CONTEXT('2D SPACE',''
  ) );
#2907 = ORIENTED_EDGE('',*,*,#2908,.F.);
#2908 = EDGE_CURVE('',#2909,#2885,#2911,.T.);
#2909 = VERTEX_POINT('',#2910);
#2910 = CARTESIAN_POINT('',(2.326583420545,5.164424374476,3.));
#2911 = SURFACE_CURVE('',#2912,(#2916,#2923),.PCURVE_S1.);
#2912 = LINE('',#2913,#2914);
#2913 = CARTESIAN_POINT('',(2.326583420545,5.164424374476,3.));
#2914 = VECTOR('',#2915,1.);
#2915 = DIRECTION('',(0.,0.,1.));
#2916 = PCURVE('',#2847,#2917);
#2917 = DEFINITIONAL_REPRESENTATION('',(#2918),#2922);
#2918 = LINE('',#2919,#2920);
#2919 = CARTESIAN_POINT('',(-1.683282261534,0.));
#2920 = VECTOR('',#2921,1.);
#2921 = DIRECTION('',(-0.,-1.));
#2922 = ( GEOMETRIC_REPRESENTATION_CONTEXT(2) 
PARAMETRIC_REPRESENTATION_CONTEXT() REPRESENTATION_CONTEXT('2D SPACE',''
  ) );
#2923 = PCURVE('',#2924,#2929);
#2924 = PLANE('',#2925);
#2925 = AXIS2_PLACEMENT_3D('',#2926,#2927,#2928);
#2926 = CARTESIAN_POINT('',(2.326583420545,5.164424374476,3.));
#2927 = DIRECTION('',(-0.707106781187,-0.707106781187,0.));
#2928 = DIRECTION('',(-0.707106781187,0.707106781187,0.));
#2929 = DEFINITIONAL_REPRESENTATION('',(#2930),#2934);
#2930 = LINE('',#2931,#2932);
#2931 = CARTESIAN_POINT('',(0.,0.));
#2932 = VECTOR('',#2933,1.);
#2933 = DIRECTION('',(0.,-1.));
#2934 = ( GEOMETRIC_REPRESENTATION_CONTEXT(2) 
PARAMETRIC_REPRESENTATION_CONTEXT() REPRESENTATION_CONTEXT('2D SPACE',''
  ) );
#2935 = ORIENTED_EDGE('',*,*,#2936,.F.);
#2936 = EDGE_CURVE('',#2832,#2909,#2937,.T.);
#2937 = SURFACE_CURVE('',#2938,(#2943,#2950),.PCURVE_S1.);
#2938 = CIRCLE('',#2939,2.718902000423);
#2939 = AXIS2_PLACEMENT_3D('',#2940,#2941,#2942);
#2940 = CARTESIAN_POINT('',(2.479421929009,2.449821553024,3.));
#2941 = DIRECTION('',(0.,0.,1.));
#2942 = DIRECTION('',(0.998418781195,-5.621332009774E-02,0.));
#2943 = PCURVE('',#2847,#2944);
#2944 = DEFINITIONAL_REPRESENTATION('',(#2945),#2949);
#2945 = LINE('',#2946,#2947);
#2946 = CARTESIAN_POINT('',(-0.,0.));
#2947 = VECTOR('',#2948,1.);
#2948 = DIRECTION('',(-1.,0.));
#2949 = ( GEOMETRIC_REPRESENTATION_CONTEXT(2) 
PARAMETRIC_REPRESENTATION_CONTEXT() REPRESENTATION_CONTEXT('2D SPACE',''
  ) );
#2950 = PCURVE('',#2788,#2951);
#2951 = DEFINITIONAL_REPRESENTATION('',(#2952),#2956);
#2952 = CIRCLE('',#2953,2.718902000423);
#2953 = AXIS2_PLACEMENT_2D('',#2954,#2955);
#2954 = CARTESIAN_POINT('',(-3.424825529405,-3.424825529405));
#2955 = DIRECTION('',(0.998418781195,-5.621332009774E-02));
#2956 = ( GEOMETRIC_REPRESENTATION_CONTEXT(2) 
PARAMETRIC_REPRESENTATION_CONTEXT() REPRESENTATION_CONTEXT('2D SPACE',''
  ) );
#2957 = ADVANCED_FACE('',(#2958),#2924,.T.);
#2958 = FACE_BOUND('',#2959,.T.);
#2959 = EDGE_LOOP('',(#2960,#2961,#2984,#3007));
#2960 = ORIENTED_EDGE('',*,*,#2908,.T.);
#2961 = ORIENTED_EDGE('',*,*,#2962,.T.);
#2962 = EDGE_CURVE('',#2885,#2963,#2965,.T.);
#2963 = VERTEX_POINT('',#2964);
#2964 = CARTESIAN_POINT('',(1.902319351833,5.588688443188,4.2));
#2965 = SURFACE_CURVE('',#2966,(#2970,#2977),.PCURVE_S1.);
#2966 = LINE('',#2967,#2968);
#2967 = CARTESIAN_POINT('',(2.326583420545,5.164424374476,4.2));
#2968 = VECTOR('',#2969,1.);
#2969 = DIRECTION('',(-0.707106781187,0.707106781187,0.));
#2970 = PCURVE('',#2924,#2971);
#2971 = DEFINITIONAL_REPRESENTATION('',(#2972),#2976);
#2972 = LINE('',#2973,#2974);
#2973 = CARTESIAN_POINT('',(0.,-1.2));
#2974 = VECTOR('',#2975,1.);
#2975 = DIRECTION('',(1.,0.));
#2976 = ( GEOMETRIC_REPRESENTATION_CONTEXT(2) 
PARAMETRIC_REPRESENTATION_CONTEXT() REPRESENTATION_CONTEXT('2D SPACE',''
  ) );
#2977 = PCURVE('',#2729,#2978);
#2978 = DEFINITIONAL_REPRESENTATION('',(#2979),#2983);
#2979 = LINE('',#2980,#2981);
#2980 = CARTESIAN_POINT('',(-3.577664037869,-0.710222707953));
#2981 = VECTOR('',#2982,1.);
#2982 = DIRECTION('',(-0.707106781187,0.707106781187));
#2983 = ( GEOMETRIC_REPRESENTATION_CONTEXT(2) 
PARAMETRIC_REPRESENTATION_CONTEXT() REPRESENTATION_CONTEXT('2D SPACE',''
  ) );
#2984 = ORIENTED_EDGE('',*,*,#2985,.F.);
#2985 = EDGE_CURVE('',#2986,#2963,#2988,.T.);
#2986 = VERTEX_POINT('',#2987);
#2987 = CARTESIAN_POINT('',(1.902319351833,5.588688443188,3.));
#2988 = SURFACE_CURVE('',#2989,(#2993,#3000),.PCURVE_S1.);
#2989 = LINE('',#2990,#2991);
#2990 = CARTESIAN_POINT('',(1.902319351833,5.588688443188,3.));
#2991 = VECTOR('',#2992,1.);
#2992 = DIRECTION('',(0.,0.,1.));
#2993 = PCURVE('',#2924,#2994);
#2994 = DEFINITIONAL_REPRESENTATION('',(#2995),#2999);
#2995 = LINE('',#2996,#2997);
#2996 = CARTESIAN_POINT('',(0.6,0.));
#2997 = VECTOR('',#2998,1.);
#2998 = DIRECTION('',(0.,-1.));
#2999 = ( GEOMETRIC_REPRESENTATION_CONTEXT(2) 
PARAMETRIC_REPRESENTATION_CONTEXT() REPRESENTATION_CONTEXT('2D SPACE',''
  ) );
#3000 = PCURVE('',#2700,#3001);
#3001 = DEFINITIONAL_REPRESENTATION('',(#3002),#3006);
#3002 = LINE('',#3003,#3004);
#3003 = CARTESIAN_POINT('',(0.,0.));
#3004 = VECTOR('',#3005,1.);
#3005 = DIRECTION('',(0.,-1.));
#3006 = ( GEOMETRIC_REPRESENTATION_CONTEXT(2) 
PARAMETRIC_REPRESENTATION_CONTEXT() REPRESENTATION_CONTEXT('2D SPACE',''
  ) );
#3007 = ORIENTED_EDGE('',*,*,#3008,.F.);
#3008 = EDGE_CURVE('',#2909,#2986,#3009,.T.);
#3009 = SURFACE_CURVE('',#3010,(#3014,#3021),.PCURVE_S1.);
#3010 = LINE('',#3011,#3012);
#3011 = CARTESIAN_POINT('',(2.326583420545,5.164424374476,3.));
#3012 = VECTOR('',#3013,1.);
#3013 = DIRECTION('',(-0.707106781187,0.707106781187,0.));
#3014 = PCURVE('',#2924,#3015);
#3015 = DEFINITIONAL_REPRESENTATION('',(#3016),#3020);
#3016 = LINE('',#3017,#3018);
#3017 = CARTESIAN_POINT('',(0.,0.));
#3018 = VECTOR('',#3019,1.);
#3019 = DIRECTION('',(1.,0.));
#3020 = ( GEOMETRIC_REPRESENTATION_CONTEXT(2) 
PARAMETRIC_REPRESENTATION_CONTEXT() REPRESENTATION_CONTEXT('2D SPACE',''
  ) );
#3021 = PCURVE('',#2788,#3022);
#3022 = DEFINITIONAL_REPRESENTATION('',(#3023),#3027);
#3023 = LINE('',#3024,#3025);
#3024 = CARTESIAN_POINT('',(-3.577664037869,-0.710222707953));
#3025 = VECTOR('',#3026,1.);
#3026 = DIRECTION('',(-0.707106781187,0.707106781187));
#3027 = ( GEOMETRIC_REPRESENTATION_CONTEXT(2) 
PARAMETRIC_REPRESENTATION_CONTEXT() REPRESENTATION_CONTEXT('2D SPACE',''
  ) );
#3028 = ADVANCED_FACE('',(#3029),#2700,.T.);
#3029 = FACE_BOUND('',#3030,.T.);
#3030 = EDGE_LOOP('',(#3031,#3032,#3058,#3059));
#3031 = ORIENTED_EDGE('',*,*,#2985,.T.);
#3032 = ORIENTED_EDGE('',*,*,#3033,.T.);
#3033 = EDGE_CURVE('',#2963,#2680,#3034,.T.);
#3034 = SURFACE_CURVE('',#3035,(#3040,#3047),.PCURVE_S1.);
#3035 = CIRCLE('',#3036,18.0127257528);
#3036 = AXIS2_PLACEMENT_3D('',#3037,#3038,#3039);
#3037 = CARTESIAN_POINT('',(13.293788414587,-8.364544932554,4.2));
#3038 = DIRECTION('',(0.,0.,-1.));
#3039 = DIRECTION('',(-0.632412285574,0.774631977816,0.));
#3040 = PCURVE('',#2700,#3041);
#3041 = DEFINITIONAL_REPRESENTATION('',(#3042),#3046);
#3042 = LINE('',#3043,#3044);
#3043 = CARTESIAN_POINT('',(0.,-1.2));
#3044 = VECTOR('',#3045,1.);
#3045 = DIRECTION('',(1.,0.));
#3046 = ( GEOMETRIC_REPRESENTATION_CONTEXT(2) 
PARAMETRIC_REPRESENTATION_CONTEXT() REPRESENTATION_CONTEXT('2D SPACE',''
  ) );
#3047 = PCURVE('',#2729,#3048);
#3048 = DEFINITIONAL_REPRESENTATION('',(#3049),#3057);
#3049 = ( BOUNDED_CURVE() B_SPLINE_CURVE(2,(#3050,#3051,#3052,#3053,
#3054,#3055,#3056),.UNSPECIFIED.,.T.,.F.) B_SPLINE_CURVE_WITH_KNOTS((1,2
    ,2,2,2,1),(-2.094395102393,0.,2.094395102393,4.188790204786,
6.28318530718,8.377580409573),.UNSPECIFIED.) CURVE() 
GEOMETRIC_REPRESENTATION_ITEM() RATIONAL_B_SPLINE_CURVE((1.,0.5,1.,0.5,
1.,0.5,1.)) REPRESENTATION_ITEM('') );
#3050 = CARTESIAN_POINT('',(-4.001928106581,-0.285958639241));
#3051 = CARTESIAN_POINT('',(20.165781030069,19.444644550298));
#3052 = CARTESIAN_POINT('',(25.169130055875,-11.35050710808));
#3053 = CARTESIAN_POINT('',(30.172479081682,-42.14565876646));
#3054 = CARTESIAN_POINT('',(1.001420919225,-31.08111029762));
#3055 = CARTESIAN_POINT('',(-28.16963724323,-20.01656182878));
#3056 = CARTESIAN_POINT('',(-4.001928106581,-0.285958639241));
#3057 = ( GEOMETRIC_REPRESENTATION_CONTEXT(2) 
PARAMETRIC_REPRESENTATION_CONTEXT() REPRESENTATION_CONTEXT('2D SPACE',''
  ) );
#3058 = ORIENTED_EDGE('',*,*,#2677,.F.);
#3059 = ORIENTED_EDGE('',*,*,#3060,.F.);
#3060 = EDGE_CURVE('',#2986,#2678,#3061,.T.);
#3061 = SURFACE_CURVE('',#3062,(#3067,#3074),.PCURVE_S1.);
#3062 = CIRCLE('',#3063,18.0127257528);
#3063 = AXIS2_PLACEMENT_3D('',#3064,#3065,#3066);
#3064 = CARTESIAN_POINT('',(13.293788414587,-8.364544932554,3.));
#3065 = DIRECTION('',(0.,0.,-1.));
#3066 = DIRECTION('',(-0.632412285574,0.774631977816,0.));
#3067 = PCURVE('',#2700,#3068);
#3068 = DEFINITIONAL_REPRESENTATION('',(#3069),#3073);
#3069 = LINE('',#3070,#3071);
#3070 = CARTESIAN_POINT('',(0.,0.));
#3071 = VECTOR('',#3072,1.);
#3072 = DIRECTION('',(1.,0.));
#3073 = ( GEOMETRIC_REPRESENTATION_CONTEXT(2) 
PARAMETRIC_REPRESENTATION_CONTEXT() REPRESENTATION_CONTEXT('2D SPACE',''
  ) );
#3074 = PCURVE('',#2788,#3075);
#3075 = DEFINITIONAL_REPRESENTATION('',(#3076),#3084);
#3076 = ( BOUNDED_CURVE() B_SPLINE_CURVE(2,(#3077,#3078,#3079,#3080,
#3081,#3082,#3083),.UNSPECIFIED.,.T.,.F.) B_SPLINE_CURVE_WITH_KNOTS((1,2
    ,2,2,2,1),(-2.094395102393,0.,2.094395102393,4.188790204786,
6.28318530718,8.377580409573),.UNSPECIFIED.) CURVE() 
GEOMETRIC_REPRESENTATION_ITEM() RATIONAL_B_SPLINE_CURVE((1.,0.5,1.,0.5,
1.,0.5,1.)) REPRESENTATION_ITEM('') );
#3077 = CARTESIAN_POINT('',(-4.001928106581,-0.285958639241));
#3078 = CARTESIAN_POINT('',(20.165781030069,19.444644550298));
#3079 = CARTESIAN_POINT('',(25.169130055875,-11.35050710808));
#3080 = CARTESIAN_POINT('',(30.172479081682,-42.14565876646));
#3081 = CARTESIAN_POINT('',(1.001420919225,-31.08111029762));
#3082 = CARTESIAN_POINT('',(-28.16963724323,-20.01656182878));
#3083 = CARTESIAN_POINT('',(-4.001928106581,-0.285958639241));
#3084 = ( GEOMETRIC_REPRESENTATION_CONTEXT(2) 
PARAMETRIC_REPRESENTATION_CONTEXT() REPRESENTATION_CONTEXT('2D SPACE',''
  ) );
#3085 = ADVANCED_FACE('',(#3086),#2788,.F.);
#3086 = FACE_BOUND('',#3087,.T.);
#3087 = EDGE_LOOP('',(#3088,#3089,#3090,#3091,#3092));
#3088 = ORIENTED_EDGE('',*,*,#2773,.T.);
#3089 = ORIENTED_EDGE('',*,*,#2859,.T.);
#3090 = ORIENTED_EDGE('',*,*,#2936,.T.);
#3091 = ORIENTED_EDGE('',*,*,#3008,.T.);
#3092 = ORIENTED_EDGE('',*,*,#3060,.T.);
#3093 = ADVANCED_FACE('',(#3094),#2729,.T.);
#3094 = FACE_BOUND('',#3095,.F.);
#3095 = EDGE_LOOP('',(#3096,#3097,#3098,#3099,#3100));
#3096 = ORIENTED_EDGE('',*,*,#2712,.T.);
#3097 = ORIENTED_EDGE('',*,*,#2808,.T.);
#3098 = ORIENTED_EDGE('',*,*,#2884,.T.);
#3099 = ORIENTED_EDGE('',*,*,#2962,.T.);
#3100 = ORIENTED_EDGE('',*,*,#3033,.T.);
#3101 = ( GEOMETRIC_REPRESENTATION_CONTEXT(3) 
GLOBAL_UNCERTAINTY_ASSIGNED_CONTEXT((#3105)) 
GLOBAL_UNIT_ASSIGNED_CONTEXT((#3102,#3103,#3104)) REPRESENTATION_CONTEXT
('Context #1','3D Context with UNIT and UNCERTAINTY') );
#3102 = ( LENGTH_UNIT() NAMED_UNIT(*) SI_UNIT(.MILLI.,.METRE.) );
#3103 = ( NAMED_UNIT(*) PLANE_ANGLE_UNIT() SI_UNIT($,.RADIAN.) );
#3104 = ( NAMED_UNIT(*) SI_UNIT($,.STERADIAN.) SOLID_ANGLE_UNIT() );
#3105 = UNCERTAINTY_MEASURE_WITH_UNIT(LENGTH_MEASURE(1.E-07),#3102,
  'distance_accuracy_value','confusion accuracy');
#3106 = PRODUCT_RELATED_PRODUCT_CATEGORY('part',$,(#2257));
#3107 = SHAPE_DEFINITION_REPRESENTATION(#3108,#3114);
#3108 = PRODUCT_DEFINITION_SHAPE('','',#3109);
#3109 = PRODUCT_DEFINITION('design','',#3110,#3113);
#3110 = PRODUCT_DEFINITION_FORMATION('','',#3111);
#3111 = PRODUCT('name','name','',(#3112));
#3112 = PRODUCT_CONTEXT('',#2,'mechanical');
#3113 = PRODUCT_DEFINITION_CONTEXT('part definition',#2,'design');
#3114 = SHAPE_REPRESENTATION('',(#11,#3115,#4104,#5030,#6299,#7720,#8942
    ,#10169,#10801,#11780,#12073,#13111,#14498),#15359);
#3115 = MANIFOLD_SOLID_BREP('',#3116);
#3116 = CLOSED_SHELL('',(#3117,#3599,#3682,#3773,#3820,#3938,#4009,#4080
    ,#4092));
#3117 = ADVANCED_FACE('',(#3118),#3132,.F.);
#3118 = FACE_BOUND('',#3119,.F.);
#3119 = EDGE_LOOP('',(#3120,#3229,#3401,#3429));
#3120 = ORIENTED_EDGE('',*,*,#3121,.T.);
#3121 = EDGE_CURVE('',#3122,#3124,#3126,.T.);
#3122 = VERTEX_POINT('',#3123);
#3123 = CARTESIAN_POINT('',(129.92700438009,8.708573474504,3.));
#3124 = VERTEX_POINT('',#3125);
#3125 = CARTESIAN_POINT('',(129.92700438009,8.708573474504,4.2));
#3126 = SURFACE_CURVE('',#3127,(#3131,#3217),.PCURVE_S1.);
#3127 = LINE('',#3128,#3129);
#3128 = CARTESIAN_POINT('',(129.92700438009,8.708573474504,3.));
#3129 = VECTOR('',#3130,1.);
#3130 = DIRECTION('',(0.,0.,1.));
#3131 = PCURVE('',#3132,#3211);
#3132 = SURFACE_OF_LINEAR_EXTRUSION('',#3133,#3209);
#3133 = B_SPLINE_CURVE_WITH_KNOTS('',8,(#3134,#3135,#3136,#3137,#3138,
    #3139,#3140,#3141,#3142,#3143,#3144,#3145,#3146,#3147,#3148,#3149,
    #3150,#3151,#3152,#3153,#3154,#3155,#3156,#3157,#3158,#3159,#3160,
    #3161,#3162,#3163,#3164,#3165,#3166,#3167,#3168,#3169,#3170,#3171,
    #3172,#3173,#3174,#3175,#3176,#3177,#3178,#3179,#3180,#3181,#3182,
    #3183,#3184,#3185,#3186,#3187,#3188,#3189,#3190,#3191,#3192,#3193,
    #3194,#3195,#3196,#3197,#3198,#3199,#3200,#3201,#3202,#3203,#3204,
    #3205,#3206,#3207,#3208),.UNSPECIFIED.,.F.,.F.,(9,6,6,6,6,6,6,6,6,6,
    6,6,9),(0.,8.804728737207E-02,0.168289667021,0.245774413998,
    0.335615974776,0.41775848157,0.494596136452,0.582415534331,
    0.671932969475,0.748996240926,0.827784222518,0.915497288295,1.),
  .UNSPECIFIED.);
#3134 = CARTESIAN_POINT('',(129.92700438009,8.708573474504,3.));
#3135 = CARTESIAN_POINT('',(130.04045328303,8.766269961789,3.));
#3136 = CARTESIAN_POINT('',(129.86946066408,9.872400521801,
    3.000000000001));
#3137 = CARTESIAN_POINT('',(130.17112836421,8.415054535765,
    2.999999999998));
#3138 = CARTESIAN_POINT('',(129.84240893818,10.861311272118,
    3.000000000002));
#3139 = CARTESIAN_POINT('',(130.10977520756,9.378677185356,
    2.999999999999));
#3140 = CARTESIAN_POINT('',(129.96117217646,10.48039277693,3.));
#3141 = CARTESIAN_POINT('',(129.98031230358,10.633295391347,3.));
#3142 = CARTESIAN_POINT('',(129.82119983018,11.425331611182,3.));
#3143 = CARTESIAN_POINT('',(129.86586872244,11.259950321288,
    2.999999999999));
#3144 = CARTESIAN_POINT('',(129.61289456712,12.079474096654,
    3.000000000001));
#3145 = CARTESIAN_POINT('',(129.7001579071,11.802646547913,
    2.999999999999));
#3146 = CARTESIAN_POINT('',(129.49497502912,12.264744565551,3.));
#3147 = CARTESIAN_POINT('',(129.29950588745,12.576347444371,3.));
#3148 = CARTESIAN_POINT('',(128.94547097117,13.02013973916,3.));
#3149 = CARTESIAN_POINT('',(128.83770303887,13.084325331818,
    2.999999999999));
#3150 = CARTESIAN_POINT('',(128.56855285057,13.366815941217,
    3.000000000001));
#3151 = CARTESIAN_POINT('',(128.44759012744,13.398178672028,3.));
#3152 = CARTESIAN_POINT('',(128.20757960287,13.55584494046,3.));
#3153 = CARTESIAN_POINT('',(127.76079935948,13.750323604873,3.));
#3154 = CARTESIAN_POINT('',(127.25810993404,13.894663891509,3.));
#3155 = CARTESIAN_POINT('',(127.00731466184,13.926675067171,
    3.000000000001));
#3156 = CARTESIAN_POINT('',(126.71365543479,13.980269946431,
    2.999999999999));
#3157 = CARTESIAN_POINT('',(126.46049752117,13.973043704226,3.));
#3158 = CARTESIAN_POINT('',(126.18071213965,13.984037581743,3.));
#3159 = CARTESIAN_POINT('',(125.66424221595,13.955658098042,3.));
#3160 = CARTESIAN_POINT('',(125.1499365626,13.86781909402,3.));
#3161 = CARTESIAN_POINT('',(124.91103939107,13.806617318589,
    2.999999999999));
#3162 = CARTESIAN_POINT('',(124.66991343296,13.732123911723,
    3.000000000001));
#3163 = CARTESIAN_POINT('',(124.44306362592,13.634575479513,
    2.999999999999));
#3164 = CARTESIAN_POINT('',(124.21997005608,13.518897613106,3.));
#3165 = CARTESIAN_POINT('',(123.81667369937,13.258010364075,3.));
#3166 = CARTESIAN_POINT('',(123.46140436324,12.931103851472,3.));
#3167 = CARTESIAN_POINT('',(123.30664060904,12.760964193252,
    2.999999999999));
#3168 = CARTESIAN_POINT('',(123.15741498542,12.574241356402,
    3.000000000001));
#3169 = CARTESIAN_POINT('',(123.03148432411,12.385261842705,
    2.999999999999));
#3170 = CARTESIAN_POINT('',(122.91428280334,12.180051496681,3.));
#3171 = CARTESIAN_POINT('',(122.69891170451,11.733401217521,3.));
#3172 = CARTESIAN_POINT('',(122.54401115603,11.257834542526,3.));
#3173 = CARTESIAN_POINT('',(122.47998300231,11.003243467536,3.));
#3174 = CARTESIAN_POINT('',(122.42741356312,10.73734610098,3.));
#3175 = CARTESIAN_POINT('',(122.39268458735,10.478830258138,3.));
#3176 = CARTESIAN_POINT('',(122.36667641965,10.212343635429,3.));
#3177 = CARTESIAN_POINT('',(122.33933716984,9.678612209313,3.));
#3178 = CARTESIAN_POINT('',(122.34972332159,9.142454876891,3.));
#3179 = CARTESIAN_POINT('',(122.36776589577,8.873294960896,3.));
#3180 = CARTESIAN_POINT('',(122.39671846441,8.603578297561,3.));
#3181 = CARTESIAN_POINT('',(122.44281341974,8.336092222326,3.));
#3182 = CARTESIAN_POINT('',(122.50257429158,8.072643618548,3.));
#3183 = CARTESIAN_POINT('',(122.65020906686,7.58939394192,3.));
#3184 = CARTESIAN_POINT('',(122.86125857533,7.133833587649,3.));
#3185 = CARTESIAN_POINT('',(122.97750432461,6.925980816816,3.));
#3186 = CARTESIAN_POINT('',(123.09759728851,6.737708384104,3.));
#3187 = CARTESIAN_POINT('',(123.25021842314,6.543380783394,3.));
#3188 = CARTESIAN_POINT('',(123.39942569099,6.37592208774,3.));
#3189 = CARTESIAN_POINT('',(123.74644299169,6.046490788828,3.));
#3190 = CARTESIAN_POINT('',(124.12431689816,5.778482546925,3.));
#3191 = CARTESIAN_POINT('',(124.34723874219,5.647502164047,
    3.000000000002));
#3192 = CARTESIAN_POINT('',(124.5223656084,5.554361609991,2.999999999998
    ));
#3193 = CARTESIAN_POINT('',(124.7873044733,5.445896879119,3.000000000002
    ));
#3194 = CARTESIAN_POINT('',(124.98077053051,5.375661778379,
    2.999999999999));
#3195 = CARTESIAN_POINT('',(125.48744682858,5.230039258788,
    3.000000000001));
#3196 = CARTESIAN_POINT('',(125.95447977858,5.149464259899,
    2.999999999999));
#3197 = CARTESIAN_POINT('',(126.28340935525,5.105967275614,
    3.000000000001));
#3198 = CARTESIAN_POINT('',(126.41838829881,5.107185689043,
    2.999999999998));
#3199 = CARTESIAN_POINT('',(126.8300375246,5.07247469232,3.000000000001)
  );
#3200 = CARTESIAN_POINT('',(126.99620377859,5.094489618135,3.));
#3201 = CARTESIAN_POINT('',(127.58502814127,5.092861173898,3.));
#3202 = CARTESIAN_POINT('',(128.02569739752,5.133854070155,3.));
#3203 = CARTESIAN_POINT('',(128.47358489565,5.11361782226,3.));
#3204 = CARTESIAN_POINT('',(128.30608683148,5.210738655732,
    3.000000000001));
#3205 = CARTESIAN_POINT('',(129.09731262854,5.130057228083,
    2.999999999999));
#3206 = CARTESIAN_POINT('',(128.91846612213,5.290009861917,3.));
#3207 = CARTESIAN_POINT('',(129.38416855758,5.236410348197,3.));
#3208 = CARTESIAN_POINT('',(129.57870139144,5.332753852377,3.));
#3209 = VECTOR('',#3210,1.);
#3210 = DIRECTION('',(-0.,-0.,-1.));
#3211 = DEFINITIONAL_REPRESENTATION('',(#3212),#3216);
#3212 = LINE('',#3213,#3214);
#3213 = CARTESIAN_POINT('',(0.,0.));
#3214 = VECTOR('',#3215,1.);
#3215 = DIRECTION('',(0.,-1.));
#3216 = ( GEOMETRIC_REPRESENTATION_CONTEXT(2) 
PARAMETRIC_REPRESENTATION_CONTEXT() REPRESENTATION_CONTEXT('2D SPACE',''
  ) );
#3217 = PCURVE('',#3218,#3223);
#3218 = PLANE('',#3219);
#3219 = AXIS2_PLACEMENT_3D('',#3220,#3221,#3222);
#3220 = CARTESIAN_POINT('',(124.38045600897,8.708573474504,3.));
#3221 = DIRECTION('',(0.,1.,0.));
#3222 = DIRECTION('',(1.,0.,0.));
#3223 = DEFINITIONAL_REPRESENTATION('',(#3224),#3228);
#3224 = LINE('',#3225,#3226);
#3225 = CARTESIAN_POINT('',(5.546548371127,0.));
#3226 = VECTOR('',#3227,1.);
#3227 = DIRECTION('',(0.,-1.));
#3228 = ( GEOMETRIC_REPRESENTATION_CONTEXT(2) 
PARAMETRIC_REPRESENTATION_CONTEXT() REPRESENTATION_CONTEXT('2D SPACE',''
  ) );
#3229 = ORIENTED_EDGE('',*,*,#3230,.T.);
#3230 = EDGE_CURVE('',#3124,#3231,#3233,.T.);
#3231 = VERTEX_POINT('',#3232);
#3232 = CARTESIAN_POINT('',(129.57870139144,5.332753852377,4.2));
#3233 = SURFACE_CURVE('',#3234,(#3310,#3317),.PCURVE_S1.);
#3234 = B_SPLINE_CURVE_WITH_KNOTS('',8,(#3235,#3236,#3237,#3238,#3239,
    #3240,#3241,#3242,#3243,#3244,#3245,#3246,#3247,#3248,#3249,#3250,
    #3251,#3252,#3253,#3254,#3255,#3256,#3257,#3258,#3259,#3260,#3261,
    #3262,#3263,#3264,#3265,#3266,#3267,#3268,#3269,#3270,#3271,#3272,
    #3273,#3274,#3275,#3276,#3277,#3278,#3279,#3280,#3281,#3282,#3283,
    #3284,#3285,#3286,#3287,#3288,#3289,#3290,#3291,#3292,#3293,#3294,
    #3295,#3296,#3297,#3298,#3299,#3300,#3301,#3302,#3303,#3304,#3305,
    #3306,#3307,#3308,#3309),.UNSPECIFIED.,.F.,.F.,(9,6,6,6,6,6,6,6,6,6,
    6,6,9),(0.,8.804728737207E-02,0.168289667021,0.245774413998,
    0.335615974776,0.41775848157,0.494596136452,0.582415534331,
    0.671932969475,0.748996240926,0.827784222518,0.915497288295,1.),
  .UNSPECIFIED.);
#3235 = CARTESIAN_POINT('',(129.92700438009,8.708573474504,4.2));
#3236 = CARTESIAN_POINT('',(130.04045328303,8.766269961789,4.2));
#3237 = CARTESIAN_POINT('',(129.86946066408,9.872400521801,
    4.200000000001));
#3238 = CARTESIAN_POINT('',(130.17112836421,8.415054535765,
    4.199999999998));
#3239 = CARTESIAN_POINT('',(129.84240893818,10.861311272118,
    4.200000000002));
#3240 = CARTESIAN_POINT('',(130.10977520756,9.378677185356,
    4.199999999999));
#3241 = CARTESIAN_POINT('',(129.96117217646,10.48039277693,4.2));
#3242 = CARTESIAN_POINT('',(129.98031230358,10.633295391347,4.2));
#3243 = CARTESIAN_POINT('',(129.82119983018,11.425331611182,4.2));
#3244 = CARTESIAN_POINT('',(129.86586872244,11.259950321288,
    4.199999999999));
#3245 = CARTESIAN_POINT('',(129.61289456712,12.079474096654,
    4.200000000001));
#3246 = CARTESIAN_POINT('',(129.7001579071,11.802646547913,
    4.199999999999));
#3247 = CARTESIAN_POINT('',(129.49497502912,12.264744565551,4.2));
#3248 = CARTESIAN_POINT('',(129.29950588745,12.576347444371,4.2));
#3249 = CARTESIAN_POINT('',(128.94547097117,13.02013973916,4.2));
#3250 = CARTESIAN_POINT('',(128.83770303887,13.084325331818,
    4.199999999999));
#3251 = CARTESIAN_POINT('',(128.56855285057,13.366815941217,
    4.200000000001));
#3252 = CARTESIAN_POINT('',(128.44759012744,13.398178672028,4.2));
#3253 = CARTESIAN_POINT('',(128.20757960287,13.55584494046,4.2));
#3254 = CARTESIAN_POINT('',(127.76079935948,13.750323604873,4.2));
#3255 = CARTESIAN_POINT('',(127.25810993404,13.894663891509,4.2));
#3256 = CARTESIAN_POINT('',(127.00731466184,13.926675067171,
    4.200000000001));
#3257 = CARTESIAN_POINT('',(126.71365543479,13.980269946431,
    4.199999999999));
#3258 = CARTESIAN_POINT('',(126.46049752117,13.973043704226,4.2));
#3259 = CARTESIAN_POINT('',(126.18071213965,13.984037581743,4.2));
#3260 = CARTESIAN_POINT('',(125.66424221595,13.955658098042,4.2));
#3261 = CARTESIAN_POINT('',(125.1499365626,13.86781909402,4.2));
#3262 = CARTESIAN_POINT('',(124.91103939107,13.806617318589,
    4.199999999999));
#3263 = CARTESIAN_POINT('',(124.66991343296,13.732123911723,
    4.200000000001));
#3264 = CARTESIAN_POINT('',(124.44306362592,13.634575479513,
    4.199999999999));
#3265 = CARTESIAN_POINT('',(124.21997005608,13.518897613106,4.2));
#3266 = CARTESIAN_POINT('',(123.81667369937,13.258010364075,4.2));
#3267 = CARTESIAN_POINT('',(123.46140436324,12.931103851472,4.2));
#3268 = CARTESIAN_POINT('',(123.30664060904,12.760964193252,
    4.199999999999));
#3269 = CARTESIAN_POINT('',(123.15741498542,12.574241356402,
    4.200000000001));
#3270 = CARTESIAN_POINT('',(123.03148432411,12.385261842705,
    4.199999999999));
#3271 = CARTESIAN_POINT('',(122.91428280334,12.180051496681,4.2));
#3272 = CARTESIAN_POINT('',(122.69891170451,11.733401217521,4.2));
#3273 = CARTESIAN_POINT('',(122.54401115603,11.257834542526,4.2));
#3274 = CARTESIAN_POINT('',(122.47998300231,11.003243467536,4.2));
#3275 = CARTESIAN_POINT('',(122.42741356312,10.73734610098,4.2));
#3276 = CARTESIAN_POINT('',(122.39268458735,10.478830258138,4.2));
#3277 = CARTESIAN_POINT('',(122.36667641965,10.212343635429,4.2));
#3278 = CARTESIAN_POINT('',(122.33933716984,9.678612209313,4.2));
#3279 = CARTESIAN_POINT('',(122.34972332159,9.142454876891,4.2));
#3280 = CARTESIAN_POINT('',(122.36776589577,8.873294960896,4.2));
#3281 = CARTESIAN_POINT('',(122.39671846441,8.603578297561,4.2));
#3282 = CARTESIAN_POINT('',(122.44281341974,8.336092222326,4.2));
#3283 = CARTESIAN_POINT('',(122.50257429158,8.072643618548,4.2));
#3284 = CARTESIAN_POINT('',(122.65020906686,7.58939394192,4.2));
#3285 = CARTESIAN_POINT('',(122.86125857533,7.133833587649,4.2));
#3286 = CARTESIAN_POINT('',(122.97750432461,6.925980816816,4.2));
#3287 = CARTESIAN_POINT('',(123.09759728851,6.737708384104,4.2));
#3288 = CARTESIAN_POINT('',(123.25021842314,6.543380783394,4.2));
#3289 = CARTESIAN_POINT('',(123.39942569099,6.37592208774,4.2));
#3290 = CARTESIAN_POINT('',(123.74644299169,6.046490788828,4.2));
#3291 = CARTESIAN_POINT('',(124.12431689816,5.778482546925,4.2));
#3292 = CARTESIAN_POINT('',(124.34723874219,5.647502164047,
    4.200000000002));
#3293 = CARTESIAN_POINT('',(124.5223656084,5.554361609991,4.199999999998
    ));
#3294 = CARTESIAN_POINT('',(124.7873044733,5.445896879119,4.200000000002
    ));
#3295 = CARTESIAN_POINT('',(124.98077053051,5.375661778379,
    4.199999999999));
#3296 = CARTESIAN_POINT('',(125.48744682858,5.230039258788,
    4.200000000001));
#3297 = CARTESIAN_POINT('',(125.95447977858,5.149464259899,
    4.199999999999));
#3298 = CARTESIAN_POINT('',(126.28340935525,5.105967275614,
    4.200000000001));
#3299 = CARTESIAN_POINT('',(126.41838829881,5.107185689043,
    4.199999999998));
#3300 = CARTESIAN_POINT('',(126.8300375246,5.07247469232,4.200000000001)
  );
#3301 = CARTESIAN_POINT('',(126.99620377859,5.094489618135,4.2));
#3302 = CARTESIAN_POINT('',(127.58502814127,5.092861173898,4.2));
#3303 = CARTESIAN_POINT('',(128.02569739752,5.133854070155,4.2));
#3304 = CARTESIAN_POINT('',(128.47358489565,5.11361782226,4.2));
#3305 = CARTESIAN_POINT('',(128.30608683148,5.210738655732,
    4.200000000001));
#3306 = CARTESIAN_POINT('',(129.09731262854,5.130057228083,
    4.199999999999));
#3307 = CARTESIAN_POINT('',(128.91846612213,5.290009861917,4.2));
#3308 = CARTESIAN_POINT('',(129.38416855758,5.236410348197,4.2));
#3309 = CARTESIAN_POINT('',(129.57870139144,5.332753852377,4.2));
#3310 = PCURVE('',#3132,#3311);
#3311 = DEFINITIONAL_REPRESENTATION('',(#3312),#3316);
#3312 = LINE('',#3313,#3314);
#3313 = CARTESIAN_POINT('',(0.,-1.2));
#3314 = VECTOR('',#3315,1.);
#3315 = DIRECTION('',(1.,0.));
#3316 = ( GEOMETRIC_REPRESENTATION_CONTEXT(2) 
PARAMETRIC_REPRESENTATION_CONTEXT() REPRESENTATION_CONTEXT('2D SPACE',''
  ) );
#3317 = PCURVE('',#3318,#3323);
#3318 = PLANE('',#3319);
#3319 = AXIS2_PLACEMENT_3D('',#3320,#3321,#3322);
#3320 = CARTESIAN_POINT('',(126.36269778789,9.032038052268,4.2));
#3321 = DIRECTION('',(0.,0.,1.));
#3322 = DIRECTION('',(1.,0.,-0.));
#3323 = DEFINITIONAL_REPRESENTATION('',(#3324),#3400);
#3324 = B_SPLINE_CURVE_WITH_KNOTS('',8,(#3325,#3326,#3327,#3328,#3329,
    #3330,#3331,#3332,#3333,#3334,#3335,#3336,#3337,#3338,#3339,#3340,
    #3341,#3342,#3343,#3344,#3345,#3346,#3347,#3348,#3349,#3350,#3351,
    #3352,#3353,#3354,#3355,#3356,#3357,#3358,#3359,#3360,#3361,#3362,
    #3363,#3364,#3365,#3366,#3367,#3368,#3369,#3370,#3371,#3372,#3373,
    #3374,#3375,#3376,#3377,#3378,#3379,#3380,#3381,#3382,#3383,#3384,
    #3385,#3386,#3387,#3388,#3389,#3390,#3391,#3392,#3393,#3394,#3395,
    #3396,#3397,#3398,#3399),.UNSPECIFIED.,.F.,.F.,(9,6,6,6,6,6,6,6,6,6,
    6,6,9),(0.,8.804728737207E-02,0.168289667021,0.245774413998,
    0.335615974776,0.41775848157,0.494596136452,0.582415534331,
    0.671932969475,0.748996240926,0.827784222518,0.915497288295,1.),
  .UNSPECIFIED.);
#3325 = CARTESIAN_POINT('',(3.564306592206,-0.323464577764));
#3326 = CARTESIAN_POINT('',(3.677755495146,-0.265768090479));
#3327 = CARTESIAN_POINT('',(3.506762876191,0.840362469533));
#3328 = CARTESIAN_POINT('',(3.808430576327,-0.616983516503));
#3329 = CARTESIAN_POINT('',(3.479711150296,1.82927321985));
#3330 = CARTESIAN_POINT('',(3.747077419671,0.346639133088));
#3331 = CARTESIAN_POINT('',(3.598474388574,1.448354724662));
#3332 = CARTESIAN_POINT('',(3.617614515697,1.60125733908));
#3333 = CARTESIAN_POINT('',(3.458502042294,2.393293558914));
#3334 = CARTESIAN_POINT('',(3.503170934551,2.22791226902));
#3335 = CARTESIAN_POINT('',(3.25019677923,3.047436044386));
#3336 = CARTESIAN_POINT('',(3.337460119218,2.770608495645));
#3337 = CARTESIAN_POINT('',(3.132277241231,3.232706513283));
#3338 = CARTESIAN_POINT('',(2.936808099559,3.544309392103));
#3339 = CARTESIAN_POINT('',(2.582773183288,3.988101686892));
#3340 = CARTESIAN_POINT('',(2.475005250989,4.05228727955));
#3341 = CARTESIAN_POINT('',(2.205855062686,4.334777888949));
#3342 = CARTESIAN_POINT('',(2.084892339552,4.36614061976));
#3343 = CARTESIAN_POINT('',(1.844881814989,4.523806888192));
#3344 = CARTESIAN_POINT('',(1.398101571592,4.718285552606));
#3345 = CARTESIAN_POINT('',(0.895412146154,4.862625839241));
#3346 = CARTESIAN_POINT('',(0.644616873953,4.894637014903));
#3347 = CARTESIAN_POINT('',(0.350957646904,4.948231894163));
#3348 = CARTESIAN_POINT('',(9.779973328479E-02,4.941005651958));
#3349 = CARTESIAN_POINT('',(-0.181985648234,4.951999529475));
#3350 = CARTESIAN_POINT('',(-0.698455571938,4.923620045775));
#3351 = CARTESIAN_POINT('',(-1.212761225281,4.835781041752));
#3352 = CARTESIAN_POINT('',(-1.451658396813,4.774579266321));
#3353 = CARTESIAN_POINT('',(-1.692784354924,4.700085859456));
#3354 = CARTESIAN_POINT('',(-1.91963416197,4.602537427245));
#3355 = CARTESIAN_POINT('',(-2.14272773181,4.486859560838));
#3356 = CARTESIAN_POINT('',(-2.546024088515,4.225972311807));
#3357 = CARTESIAN_POINT('',(-2.901293424649,3.899065799205));
#3358 = CARTESIAN_POINT('',(-3.056057178842,3.728926140984));
#3359 = CARTESIAN_POINT('',(-3.205282802468,3.542203304135));
#3360 = CARTESIAN_POINT('',(-3.331213463781,3.353223790437));
#3361 = CARTESIAN_POINT('',(-3.448414984548,3.148013444413));
#3362 = CARTESIAN_POINT('',(-3.663786083379,2.701363165254));
#3363 = CARTESIAN_POINT('',(-3.818686631856,2.225796490259));
#3364 = CARTESIAN_POINT('',(-3.882714785571,1.971205415268));
#3365 = CARTESIAN_POINT('',(-3.935284224763,1.705308048712));
#3366 = CARTESIAN_POINT('',(-3.970013200535,1.44679220587));
#3367 = CARTESIAN_POINT('',(-3.996021368232,1.180305583161));
#3368 = CARTESIAN_POINT('',(-4.023360618047,0.646574157046));
#3369 = CARTESIAN_POINT('',(-4.012974466292,0.110416824623));
#3370 = CARTESIAN_POINT('',(-3.994931892115,-0.158743091371));
#3371 = CARTESIAN_POINT('',(-3.965979323472,-0.428459754706));
#3372 = CARTESIAN_POINT('',(-3.919884368149,-0.695945829942));
#3373 = CARTESIAN_POINT('',(-3.860123496304,-0.95939443372));
#3374 = CARTESIAN_POINT('',(-3.712488721026,-1.442644110348));
#3375 = CARTESIAN_POINT('',(-3.501439212557,-1.898204464618));
#3376 = CARTESIAN_POINT('',(-3.385193463279,-2.106057235452));
#3377 = CARTESIAN_POINT('',(-3.26510049938,-2.294329668164));
#3378 = CARTESIAN_POINT('',(-3.112479364746,-2.488657268874));
#3379 = CARTESIAN_POINT('',(-2.963272096893,-2.656115964528));
#3380 = CARTESIAN_POINT('',(-2.616254796201,-2.98554726344));
#3381 = CARTESIAN_POINT('',(-2.238380889728,-3.253555505342));
#3382 = CARTESIAN_POINT('',(-2.015459045696,-3.38453588822));
#3383 = CARTESIAN_POINT('',(-1.840332179483,-3.477676442277));
#3384 = CARTESIAN_POINT('',(-1.575393314581,-3.586141173149));
#3385 = CARTESIAN_POINT('',(-1.381927257381,-3.656376273889));
#3386 = CARTESIAN_POINT('',(-0.875250959302,-3.80199879348));
#3387 = CARTESIAN_POINT('',(-0.408218009301,-3.882573792369));
#3388 = CARTESIAN_POINT('',(-7.928843263728E-02,-3.926070776654));
#3389 = CARTESIAN_POINT('',(5.56905109199E-02,-3.924852363225));
#3390 = CARTESIAN_POINT('',(0.467339736715,-3.959563359947));
#3391 = CARTESIAN_POINT('',(0.633505990707,-3.937548434133));
#3392 = CARTESIAN_POINT('',(1.222330353386,-3.93917687837));
#3393 = CARTESIAN_POINT('',(1.662999609635,-3.898183982113));
#3394 = CARTESIAN_POINT('',(2.110887107764,-3.918420230008));
#3395 = CARTESIAN_POINT('',(1.943389043589,-3.821299396536));
#3396 = CARTESIAN_POINT('',(2.734614840654,-3.901980824185));
#3397 = CARTESIAN_POINT('',(2.555768334246,-3.742028190351));
#3398 = CARTESIAN_POINT('',(3.021470769695,-3.795627704071));
#3399 = CARTESIAN_POINT('',(3.216003603558,-3.699284199891));
#3400 = ( GEOMETRIC_REPRESENTATION_CONTEXT(2) 
PARAMETRIC_REPRESENTATION_CONTEXT() REPRESENTATION_CONTEXT('2D SPACE',''
  ) );
#3401 = ORIENTED_EDGE('',*,*,#3402,.F.);
#3402 = EDGE_CURVE('',#3403,#3231,#3405,.T.);
#3403 = VERTEX_POINT('',#3404);
#3404 = CARTESIAN_POINT('',(129.57870139144,5.332753852377,3.));
#3405 = SURFACE_CURVE('',#3406,(#3410,#3417),.PCURVE_S1.);
#3406 = LINE('',#3407,#3408);
#3407 = CARTESIAN_POINT('',(129.57870139144,5.332753852377,3.));
#3408 = VECTOR('',#3409,1.);
#3409 = DIRECTION('',(0.,0.,1.));
#3410 = PCURVE('',#3132,#3411);
#3411 = DEFINITIONAL_REPRESENTATION('',(#3412),#3416);
#3412 = LINE('',#3413,#3414);
#3413 = CARTESIAN_POINT('',(1.,0.));
#3414 = VECTOR('',#3415,1.);
#3415 = DIRECTION('',(0.,-1.));
#3416 = ( GEOMETRIC_REPRESENTATION_CONTEXT(2) 
PARAMETRIC_REPRESENTATION_CONTEXT() REPRESENTATION_CONTEXT('2D SPACE',''
  ) );
#3417 = PCURVE('',#3418,#3423);
#3418 = PLANE('',#3419);
#3419 = AXIS2_PLACEMENT_3D('',#3420,#3421,#3422);
#3420 = CARTESIAN_POINT('',(129.57870139144,5.332753852377,3.));
#3421 = DIRECTION('',(-0.993556252302,-0.11334007902,0.));
#3422 = DIRECTION('',(-0.11334007902,0.993556252302,0.));
#3423 = DEFINITIONAL_REPRESENTATION('',(#3424),#3428);
#3424 = LINE('',#3425,#3426);
#3425 = CARTESIAN_POINT('',(0.,0.));
#3426 = VECTOR('',#3427,1.);
#3427 = DIRECTION('',(0.,-1.));
#3428 = ( GEOMETRIC_REPRESENTATION_CONTEXT(2) 
PARAMETRIC_REPRESENTATION_CONTEXT() REPRESENTATION_CONTEXT('2D SPACE',''
  ) );
#3429 = ORIENTED_EDGE('',*,*,#3430,.F.);
#3430 = EDGE_CURVE('',#3122,#3403,#3431,.T.);
#3431 = SURFACE_CURVE('',#3432,(#3508,#3515),.PCURVE_S1.);
#3432 = B_SPLINE_CURVE_WITH_KNOTS('',8,(#3433,#3434,#3435,#3436,#3437,
    #3438,#3439,#3440,#3441,#3442,#3443,#3444,#3445,#3446,#3447,#3448,
    #3449,#3450,#3451,#3452,#3453,#3454,#3455,#3456,#3457,#3458,#3459,
    #3460,#3461,#3462,#3463,#3464,#3465,#3466,#3467,#3468,#3469,#3470,
    #3471,#3472,#3473,#3474,#3475,#3476,#3477,#3478,#3479,#3480,#3481,
    #3482,#3483,#3484,#3485,#3486,#3487,#3488,#3489,#3490,#3491,#3492,
    #3493,#3494,#3495,#3496,#3497,#3498,#3499,#3500,#3501,#3502,#3503,
    #3504,#3505,#3506,#3507),.UNSPECIFIED.,.F.,.F.,(9,6,6,6,6,6,6,6,6,6,
    6,6,9),(0.,8.804728737207E-02,0.168289667021,0.245774413998,
    0.335615974776,0.41775848157,0.494596136452,0.582415534331,
    0.671932969475,0.748996240926,0.827784222518,0.915497288295,1.),
  .UNSPECIFIED.);
#3433 = CARTESIAN_POINT('',(129.92700438009,8.708573474504,3.));
#3434 = CARTESIAN_POINT('',(130.04045328303,8.766269961789,3.));
#3435 = CARTESIAN_POINT('',(129.86946066408,9.872400521801,
    3.000000000001));
#3436 = CARTESIAN_POINT('',(130.17112836421,8.415054535765,
    2.999999999998));
#3437 = CARTESIAN_POINT('',(129.84240893818,10.861311272118,
    3.000000000002));
#3438 = CARTESIAN_POINT('',(130.10977520756,9.378677185356,
    2.999999999999));
#3439 = CARTESIAN_POINT('',(129.96117217646,10.48039277693,3.));
#3440 = CARTESIAN_POINT('',(129.98031230358,10.633295391347,3.));
#3441 = CARTESIAN_POINT('',(129.82119983018,11.425331611182,3.));
#3442 = CARTESIAN_POINT('',(129.86586872244,11.259950321288,
    2.999999999999));
#3443 = CARTESIAN_POINT('',(129.61289456712,12.079474096654,
    3.000000000001));
#3444 = CARTESIAN_POINT('',(129.7001579071,11.802646547913,
    2.999999999999));
#3445 = CARTESIAN_POINT('',(129.49497502912,12.264744565551,3.));
#3446 = CARTESIAN_POINT('',(129.29950588745,12.576347444371,3.));
#3447 = CARTESIAN_POINT('',(128.94547097117,13.02013973916,3.));
#3448 = CARTESIAN_POINT('',(128.83770303887,13.084325331818,
    2.999999999999));
#3449 = CARTESIAN_POINT('',(128.56855285057,13.366815941217,
    3.000000000001));
#3450 = CARTESIAN_POINT('',(128.44759012744,13.398178672028,3.));
#3451 = CARTESIAN_POINT('',(128.20757960287,13.55584494046,3.));
#3452 = CARTESIAN_POINT('',(127.76079935948,13.750323604873,3.));
#3453 = CARTESIAN_POINT('',(127.25810993404,13.894663891509,3.));
#3454 = CARTESIAN_POINT('',(127.00731466184,13.926675067171,
    3.000000000001));
#3455 = CARTESIAN_POINT('',(126.71365543479,13.980269946431,
    2.999999999999));
#3456 = CARTESIAN_POINT('',(126.46049752117,13.973043704226,3.));
#3457 = CARTESIAN_POINT('',(126.18071213965,13.984037581743,3.));
#3458 = CARTESIAN_POINT('',(125.66424221595,13.955658098042,3.));
#3459 = CARTESIAN_POINT('',(125.1499365626,13.86781909402,3.));
#3460 = CARTESIAN_POINT('',(124.91103939107,13.806617318589,
    2.999999999999));
#3461 = CARTESIAN_POINT('',(124.66991343296,13.732123911723,
    3.000000000001));
#3462 = CARTESIAN_POINT('',(124.44306362592,13.634575479513,
    2.999999999999));
#3463 = CARTESIAN_POINT('',(124.21997005608,13.518897613106,3.));
#3464 = CARTESIAN_POINT('',(123.81667369937,13.258010364075,3.));
#3465 = CARTESIAN_POINT('',(123.46140436324,12.931103851472,3.));
#3466 = CARTESIAN_POINT('',(123.30664060904,12.760964193252,
    2.999999999999));
#3467 = CARTESIAN_POINT('',(123.15741498542,12.574241356402,
    3.000000000001));
#3468 = CARTESIAN_POINT('',(123.03148432411,12.385261842705,
    2.999999999999));
#3469 = CARTESIAN_POINT('',(122.91428280334,12.180051496681,3.));
#3470 = CARTESIAN_POINT('',(122.69891170451,11.733401217521,3.));
#3471 = CARTESIAN_POINT('',(122.54401115603,11.257834542526,3.));
#3472 = CARTESIAN_POINT('',(122.47998300231,11.003243467536,3.));
#3473 = CARTESIAN_POINT('',(122.42741356312,10.73734610098,3.));
#3474 = CARTESIAN_POINT('',(122.39268458735,10.478830258138,3.));
#3475 = CARTESIAN_POINT('',(122.36667641965,10.212343635429,3.));
#3476 = CARTESIAN_POINT('',(122.33933716984,9.678612209313,3.));
#3477 = CARTESIAN_POINT('',(122.34972332159,9.142454876891,3.));
#3478 = CARTESIAN_POINT('',(122.36776589577,8.873294960896,3.));
#3479 = CARTESIAN_POINT('',(122.39671846441,8.603578297561,3.));
#3480 = CARTESIAN_POINT('',(122.44281341974,8.336092222326,3.));
#3481 = CARTESIAN_POINT('',(122.50257429158,8.072643618548,3.));
#3482 = CARTESIAN_POINT('',(122.65020906686,7.58939394192,3.));
#3483 = CARTESIAN_POINT('',(122.86125857533,7.133833587649,3.));
#3484 = CARTESIAN_POINT('',(122.97750432461,6.925980816816,3.));
#3485 = CARTESIAN_POINT('',(123.09759728851,6.737708384104,3.));
#3486 = CARTESIAN_POINT('',(123.25021842314,6.543380783394,3.));
#3487 = CARTESIAN_POINT('',(123.39942569099,6.37592208774,3.));
#3488 = CARTESIAN_POINT('',(123.74644299169,6.046490788828,3.));
#3489 = CARTESIAN_POINT('',(124.12431689816,5.778482546925,3.));
#3490 = CARTESIAN_POINT('',(124.34723874219,5.647502164047,
    3.000000000002));
#3491 = CARTESIAN_POINT('',(124.5223656084,5.554361609991,2.999999999998
    ));
#3492 = CARTESIAN_POINT('',(124.7873044733,5.445896879119,3.000000000002
    ));
#3493 = CARTESIAN_POINT('',(124.98077053051,5.375661778379,
    2.999999999999));
#3494 = CARTESIAN_POINT('',(125.48744682858,5.230039258788,
    3.000000000001));
#3495 = CARTESIAN_POINT('',(125.95447977858,5.149464259899,
    2.999999999999));
#3496 = CARTESIAN_POINT('',(126.28340935525,5.105967275614,
    3.000000000001));
#3497 = CARTESIAN_POINT('',(126.41838829881,5.107185689043,
    2.999999999998));
#3498 = CARTESIAN_POINT('',(126.8300375246,5.07247469232,3.000000000001)
  );
#3499 = CARTESIAN_POINT('',(126.99620377859,5.094489618135,3.));
#3500 = CARTESIAN_POINT('',(127.58502814127,5.092861173898,3.));
#3501 = CARTESIAN_POINT('',(128.02569739752,5.133854070155,3.));
#3502 = CARTESIAN_POINT('',(128.47358489565,5.11361782226,3.));
#3503 = CARTESIAN_POINT('',(128.30608683148,5.210738655732,
    3.000000000001));
#3504 = CARTESIAN_POINT('',(129.09731262854,5.130057228083,
    2.999999999999));
#3505 = CARTESIAN_POINT('',(128.91846612213,5.290009861917,3.));
#3506 = CARTESIAN_POINT('',(129.38416855758,5.236410348197,3.));
#3507 = CARTESIAN_POINT('',(129.57870139144,5.332753852377,3.));
#3508 = PCURVE('',#3132,#3509);
#3509 = DEFINITIONAL_REPRESENTATION('',(#3510),#3514);
#3510 = LINE('',#3511,#3512);
#3511 = CARTESIAN_POINT('',(0.,0.));
#3512 = VECTOR('',#3513,1.);
#3513 = DIRECTION('',(1.,0.));
#3514 = ( GEOMETRIC_REPRESENTATION_CONTEXT(2) 
PARAMETRIC_REPRESENTATION_CONTEXT() REPRESENTATION_CONTEXT('2D SPACE',''
  ) );
#3515 = PCURVE('',#3516,#3521);
#3516 = PLANE('',#3517);
#3517 = AXIS2_PLACEMENT_3D('',#3518,#3519,#3520);
#3518 = CARTESIAN_POINT('',(126.36269778789,9.032038052268,3.));
#3519 = DIRECTION('',(0.,0.,1.));
#3520 = DIRECTION('',(1.,0.,-0.));
#3521 = DEFINITIONAL_REPRESENTATION('',(#3522),#3598);
#3522 = B_SPLINE_CURVE_WITH_KNOTS('',8,(#3523,#3524,#3525,#3526,#3527,
    #3528,#3529,#3530,#3531,#3532,#3533,#3534,#3535,#3536,#3537,#3538,
    #3539,#3540,#3541,#3542,#3543,#3544,#3545,#3546,#3547,#3548,#3549,
    #3550,#3551,#3552,#3553,#3554,#3555,#3556,#3557,#3558,#3559,#3560,
    #3561,#3562,#3563,#3564,#3565,#3566,#3567,#3568,#3569,#3570,#3571,
    #3572,#3573,#3574,#3575,#3576,#3577,#3578,#3579,#3580,#3581,#3582,
    #3583,#3584,#3585,#3586,#3587,#3588,#3589,#3590,#3591,#3592,#3593,
    #3594,#3595,#3596,#3597),.UNSPECIFIED.,.F.,.F.,(9,6,6,6,6,6,6,6,6,6,
    6,6,9),(0.,8.804728737207E-02,0.168289667021,0.245774413998,
    0.335615974776,0.41775848157,0.494596136452,0.582415534331,
    0.671932969475,0.748996240926,0.827784222518,0.915497288295,1.),
  .UNSPECIFIED.);
#3523 = CARTESIAN_POINT('',(3.564306592206,-0.323464577764));
#3524 = CARTESIAN_POINT('',(3.677755495146,-0.265768090479));
#3525 = CARTESIAN_POINT('',(3.506762876191,0.840362469533));
#3526 = CARTESIAN_POINT('',(3.808430576327,-0.616983516503));
#3527 = CARTESIAN_POINT('',(3.479711150296,1.82927321985));
#3528 = CARTESIAN_POINT('',(3.747077419671,0.346639133088));
#3529 = CARTESIAN_POINT('',(3.598474388574,1.448354724662));
#3530 = CARTESIAN_POINT('',(3.617614515697,1.60125733908));
#3531 = CARTESIAN_POINT('',(3.458502042294,2.393293558914));
#3532 = CARTESIAN_POINT('',(3.503170934551,2.22791226902));
#3533 = CARTESIAN_POINT('',(3.25019677923,3.047436044386));
#3534 = CARTESIAN_POINT('',(3.337460119218,2.770608495645));
#3535 = CARTESIAN_POINT('',(3.132277241231,3.232706513283));
#3536 = CARTESIAN_POINT('',(2.936808099559,3.544309392103));
#3537 = CARTESIAN_POINT('',(2.582773183288,3.988101686892));
#3538 = CARTESIAN_POINT('',(2.475005250989,4.05228727955));
#3539 = CARTESIAN_POINT('',(2.205855062686,4.334777888949));
#3540 = CARTESIAN_POINT('',(2.084892339552,4.36614061976));
#3541 = CARTESIAN_POINT('',(1.844881814989,4.523806888192));
#3542 = CARTESIAN_POINT('',(1.398101571592,4.718285552606));
#3543 = CARTESIAN_POINT('',(0.895412146154,4.862625839241));
#3544 = CARTESIAN_POINT('',(0.644616873953,4.894637014903));
#3545 = CARTESIAN_POINT('',(0.350957646904,4.948231894163));
#3546 = CARTESIAN_POINT('',(9.779973328479E-02,4.941005651958));
#3547 = CARTESIAN_POINT('',(-0.181985648234,4.951999529475));
#3548 = CARTESIAN_POINT('',(-0.698455571938,4.923620045775));
#3549 = CARTESIAN_POINT('',(-1.212761225281,4.835781041752));
#3550 = CARTESIAN_POINT('',(-1.451658396813,4.774579266321));
#3551 = CARTESIAN_POINT('',(-1.692784354924,4.700085859456));
#3552 = CARTESIAN_POINT('',(-1.91963416197,4.602537427245));
#3553 = CARTESIAN_POINT('',(-2.14272773181,4.486859560838));
#3554 = CARTESIAN_POINT('',(-2.546024088515,4.225972311807));
#3555 = CARTESIAN_POINT('',(-2.901293424649,3.899065799205));
#3556 = CARTESIAN_POINT('',(-3.056057178842,3.728926140984));
#3557 = CARTESIAN_POINT('',(-3.205282802468,3.542203304135));
#3558 = CARTESIAN_POINT('',(-3.331213463781,3.353223790437));
#3559 = CARTESIAN_POINT('',(-3.448414984548,3.148013444413));
#3560 = CARTESIAN_POINT('',(-3.663786083379,2.701363165254));
#3561 = CARTESIAN_POINT('',(-3.818686631856,2.225796490259));
#3562 = CARTESIAN_POINT('',(-3.882714785571,1.971205415268));
#3563 = CARTESIAN_POINT('',(-3.935284224763,1.705308048712));
#3564 = CARTESIAN_POINT('',(-3.970013200535,1.44679220587));
#3565 = CARTESIAN_POINT('',(-3.996021368232,1.180305583161));
#3566 = CARTESIAN_POINT('',(-4.023360618047,0.646574157046));
#3567 = CARTESIAN_POINT('',(-4.012974466292,0.110416824623));
#3568 = CARTESIAN_POINT('',(-3.994931892115,-0.158743091371));
#3569 = CARTESIAN_POINT('',(-3.965979323472,-0.428459754706));
#3570 = CARTESIAN_POINT('',(-3.919884368149,-0.695945829942));
#3571 = CARTESIAN_POINT('',(-3.860123496304,-0.95939443372));
#3572 = CARTESIAN_POINT('',(-3.712488721026,-1.442644110348));
#3573 = CARTESIAN_POINT('',(-3.501439212557,-1.898204464618));
#3574 = CARTESIAN_POINT('',(-3.385193463279,-2.106057235452));
#3575 = CARTESIAN_POINT('',(-3.26510049938,-2.294329668164));
#3576 = CARTESIAN_POINT('',(-3.112479364746,-2.488657268874));
#3577 = CARTESIAN_POINT('',(-2.963272096893,-2.656115964528));
#3578 = CARTESIAN_POINT('',(-2.616254796201,-2.98554726344));
#3579 = CARTESIAN_POINT('',(-2.238380889728,-3.253555505342));
#3580 = CARTESIAN_POINT('',(-2.015459045696,-3.38453588822));
#3581 = CARTESIAN_POINT('',(-1.840332179483,-3.477676442277));
#3582 = CARTESIAN_POINT('',(-1.575393314581,-3.586141173149));
#3583 = CARTESIAN_POINT('',(-1.381927257381,-3.656376273889));
#3584 = CARTESIAN_POINT('',(-0.875250959302,-3.80199879348));
#3585 = CARTESIAN_POINT('',(-0.408218009301,-3.882573792369));
#3586 = CARTESIAN_POINT('',(-7.928843263728E-02,-3.926070776654));
#3587 = CARTESIAN_POINT('',(5.56905109199E-02,-3.924852363225));
#3588 = CARTESIAN_POINT('',(0.467339736715,-3.959563359947));
#3589 = CARTESIAN_POINT('',(0.633505990707,-3.937548434133));
#3590 = CARTESIAN_POINT('',(1.222330353386,-3.93917687837));
#3591 = CARTESIAN_POINT('',(1.662999609635,-3.898183982113));
#3592 = CARTESIAN_POINT('',(2.110887107764,-3.918420230008));
#3593 = CARTESIAN_POINT('',(1.943389043589,-3.821299396536));
#3594 = CARTESIAN_POINT('',(2.734614840654,-3.901980824185));
#3595 = CARTESIAN_POINT('',(2.555768334246,-3.742028190351));
#3596 = CARTESIAN_POINT('',(3.021470769695,-3.795627704071));
#3597 = CARTESIAN_POINT('',(3.216003603558,-3.699284199891));
#3598 = ( GEOMETRIC_REPRESENTATION_CONTEXT(2) 
PARAMETRIC_REPRESENTATION_CONTEXT() REPRESENTATION_CONTEXT('2D SPACE',''
  ) );
#3599 = ADVANCED_FACE('',(#3600),#3418,.F.);
#3600 = FACE_BOUND('',#3601,.F.);
#3601 = EDGE_LOOP('',(#3602,#3603,#3626,#3661));
#3602 = ORIENTED_EDGE('',*,*,#3402,.T.);
#3603 = ORIENTED_EDGE('',*,*,#3604,.T.);
#3604 = EDGE_CURVE('',#3231,#3605,#3607,.T.);
#3605 = VERTEX_POINT('',#3606);
#3606 = CARTESIAN_POINT('',(129.37064013613,7.156650243373,4.2));
#3607 = SURFACE_CURVE('',#3608,(#3612,#3619),.PCURVE_S1.);
#3608 = LINE('',#3609,#3610);
#3609 = CARTESIAN_POINT('',(129.57870139144,5.332753852377,4.2));
#3610 = VECTOR('',#3611,1.);
#3611 = DIRECTION('',(-0.11334007902,0.993556252302,0.));
#3612 = PCURVE('',#3418,#3613);
#3613 = DEFINITIONAL_REPRESENTATION('',(#3614),#3618);
#3614 = LINE('',#3615,#3616);
#3615 = CARTESIAN_POINT('',(0.,-1.2));
#3616 = VECTOR('',#3617,1.);
#3617 = DIRECTION('',(1.,0.));
#3618 = ( GEOMETRIC_REPRESENTATION_CONTEXT(2) 
PARAMETRIC_REPRESENTATION_CONTEXT() REPRESENTATION_CONTEXT('2D SPACE',''
  ) );
#3619 = PCURVE('',#3318,#3620);
#3620 = DEFINITIONAL_REPRESENTATION('',(#3621),#3625);
#3621 = LINE('',#3622,#3623);
#3622 = CARTESIAN_POINT('',(3.216003603558,-3.699284199891));
#3623 = VECTOR('',#3624,1.);
#3624 = DIRECTION('',(-0.11334007902,0.993556252302));
#3625 = ( GEOMETRIC_REPRESENTATION_CONTEXT(2) 
PARAMETRIC_REPRESENTATION_CONTEXT() REPRESENTATION_CONTEXT('2D SPACE',''
  ) );
#3626 = ORIENTED_EDGE('',*,*,#3627,.F.);
#3627 = EDGE_CURVE('',#3628,#3605,#3630,.T.);
#3628 = VERTEX_POINT('',#3629);
#3629 = CARTESIAN_POINT('',(129.37064013613,7.156650243373,3.));
#3630 = SURFACE_CURVE('',#3631,(#3635,#3642),.PCURVE_S1.);
#3631 = LINE('',#3632,#3633);
#3632 = CARTESIAN_POINT('',(129.37064013613,7.156650243373,3.));
#3633 = VECTOR('',#3634,1.);
#3634 = DIRECTION('',(0.,0.,1.));
#3635 = PCURVE('',#3418,#3636);
#3636 = DEFINITIONAL_REPRESENTATION('',(#3637),#3641);
#3637 = LINE('',#3638,#3639);
#3638 = CARTESIAN_POINT('',(1.835725341942,0.));
#3639 = VECTOR('',#3640,1.);
#3640 = DIRECTION('',(0.,-1.));
#3641 = ( GEOMETRIC_REPRESENTATION_CONTEXT(2) 
PARAMETRIC_REPRESENTATION_CONTEXT() REPRESENTATION_CONTEXT('2D SPACE',''
  ) );
#3642 = PCURVE('',#3643,#3655);
#3643 = SURFACE_OF_LINEAR_EXTRUSION('',#3644,#3653);
#3644 = B_SPLINE_CURVE_WITH_KNOTS('',7,(#3645,#3646,#3647,#3648,#3649,
    #3650,#3651,#3652),.UNSPECIFIED.,.F.,.F.,(8,8),(0.,1.),
  .PIECEWISE_BEZIER_KNOTS.);
#3645 = CARTESIAN_POINT('',(129.37064013613,7.156650243373,3.));
#3646 = CARTESIAN_POINT('',(128.55232114314,7.018702069292,3.));
#3647 = CARTESIAN_POINT('',(127.74190513351,6.857398158776,
    3.000000000001));
#3648 = CARTESIAN_POINT('',(126.86581743636,6.974665441033,
    2.999999999998));
#3649 = CARTESIAN_POINT('',(126.14742398328,6.681877712661,
    3.000000000002));
#3650 = CARTESIAN_POINT('',(125.05551100547,7.188093318612,
    2.999999999999));
#3651 = CARTESIAN_POINT('',(124.59833866087,7.904481163718,3.));
#3652 = CARTESIAN_POINT('',(124.38045600897,8.708573474504,3.));
#3653 = VECTOR('',#3654,1.);
#3654 = DIRECTION('',(-0.,-0.,-1.));
#3655 = DEFINITIONAL_REPRESENTATION('',(#3656),#3660);
#3656 = LINE('',#3657,#3658);
#3657 = CARTESIAN_POINT('',(0.,0.));
#3658 = VECTOR('',#3659,1.);
#3659 = DIRECTION('',(0.,-1.));
#3660 = ( GEOMETRIC_REPRESENTATION_CONTEXT(2) 
PARAMETRIC_REPRESENTATION_CONTEXT() REPRESENTATION_CONTEXT('2D SPACE',''
  ) );
#3661 = ORIENTED_EDGE('',*,*,#3662,.F.);
#3662 = EDGE_CURVE('',#3403,#3628,#3663,.T.);
#3663 = SURFACE_CURVE('',#3664,(#3668,#3675),.PCURVE_S1.);
#3664 = LINE('',#3665,#3666);
#3665 = CARTESIAN_POINT('',(129.57870139144,5.332753852377,3.));
#3666 = VECTOR('',#3667,1.);
#3667 = DIRECTION('',(-0.11334007902,0.993556252302,0.));
#3668 = PCURVE('',#3418,#3669);
#3669 = DEFINITIONAL_REPRESENTATION('',(#3670),#3674);
#3670 = LINE('',#3671,#3672);
#3671 = CARTESIAN_POINT('',(0.,0.));
#3672 = VECTOR('',#3673,1.);
#3673 = DIRECTION('',(1.,0.));
#3674 = ( GEOMETRIC_REPRESENTATION_CONTEXT(2) 
PARAMETRIC_REPRESENTATION_CONTEXT() REPRESENTATION_CONTEXT('2D SPACE',''
  ) );
#3675 = PCURVE('',#3516,#3676);
#3676 = DEFINITIONAL_REPRESENTATION('',(#3677),#3681);
#3677 = LINE('',#3678,#3679);
#3678 = CARTESIAN_POINT('',(3.216003603558,-3.699284199891));
#3679 = VECTOR('',#3680,1.);
#3680 = DIRECTION('',(-0.11334007902,0.993556252302));
#3681 = ( GEOMETRIC_REPRESENTATION_CONTEXT(2) 
PARAMETRIC_REPRESENTATION_CONTEXT() REPRESENTATION_CONTEXT('2D SPACE',''
  ) );
#3682 = ADVANCED_FACE('',(#3683),#3643,.F.);
#3683 = FACE_BOUND('',#3684,.F.);
#3684 = EDGE_LOOP('',(#3685,#3686,#3719,#3742));
#3685 = ORIENTED_EDGE('',*,*,#3627,.T.);
#3686 = ORIENTED_EDGE('',*,*,#3687,.T.);
#3687 = EDGE_CURVE('',#3605,#3688,#3690,.T.);
#3688 = VERTEX_POINT('',#3689);
#3689 = CARTESIAN_POINT('',(124.38045600897,8.708573474504,4.2));
#3690 = SURFACE_CURVE('',#3691,(#3700,#3707),.PCURVE_S1.);
#3691 = B_SPLINE_CURVE_WITH_KNOTS('',7,(#3692,#3693,#3694,#3695,#3696,
    #3697,#3698,#3699),.UNSPECIFIED.,.F.,.F.,(8,8),(0.,1.),
  .PIECEWISE_BEZIER_KNOTS.);
#3692 = CARTESIAN_POINT('',(129.37064013613,7.156650243373,4.2));
#3693 = CARTESIAN_POINT('',(128.55232114314,7.018702069292,4.2));
#3694 = CARTESIAN_POINT('',(127.74190513351,6.857398158776,
    4.200000000001));
#3695 = CARTESIAN_POINT('',(126.86581743636,6.974665441033,
    4.199999999998));
#3696 = CARTESIAN_POINT('',(126.14742398328,6.681877712661,
    4.200000000002));
#3697 = CARTESIAN_POINT('',(125.05551100547,7.188093318612,
    4.199999999999));
#3698 = CARTESIAN_POINT('',(124.59833866087,7.904481163718,4.2));
#3699 = CARTESIAN_POINT('',(124.38045600897,8.708573474504,4.2));
#3700 = PCURVE('',#3643,#3701);
#3701 = DEFINITIONAL_REPRESENTATION('',(#3702),#3706);
#3702 = LINE('',#3703,#3704);
#3703 = CARTESIAN_POINT('',(0.,-1.2));
#3704 = VECTOR('',#3705,1.);
#3705 = DIRECTION('',(1.,0.));
#3706 = ( GEOMETRIC_REPRESENTATION_CONTEXT(2) 
PARAMETRIC_REPRESENTATION_CONTEXT() REPRESENTATION_CONTEXT('2D SPACE',''
  ) );
#3707 = PCURVE('',#3318,#3708);
#3708 = DEFINITIONAL_REPRESENTATION('',(#3709),#3718);
#3709 = B_SPLINE_CURVE_WITH_KNOTS('',7,(#3710,#3711,#3712,#3713,#3714,
    #3715,#3716,#3717),.UNSPECIFIED.,.F.,.F.,(8,8),(0.,1.),
  .PIECEWISE_BEZIER_KNOTS.);
#3710 = CARTESIAN_POINT('',(3.007942348243,-1.875387808895));
#3711 = CARTESIAN_POINT('',(2.189623355257,-2.013335982975));
#3712 = CARTESIAN_POINT('',(1.379207345625,-2.174639893492));
#3713 = CARTESIAN_POINT('',(0.503119648476,-2.057372611235));
#3714 = CARTESIAN_POINT('',(-0.215273804603,-2.350160339607));
#3715 = CARTESIAN_POINT('',(-1.307186782414,-1.843944733656));
#3716 = CARTESIAN_POINT('',(-1.764359127015,-1.12755688855));
#3717 = CARTESIAN_POINT('',(-1.982241778921,-0.323464577764));
#3718 = ( GEOMETRIC_REPRESENTATION_CONTEXT(2) 
PARAMETRIC_REPRESENTATION_CONTEXT() REPRESENTATION_CONTEXT('2D SPACE',''
  ) );
#3719 = ORIENTED_EDGE('',*,*,#3720,.F.);
#3720 = EDGE_CURVE('',#3721,#3688,#3723,.T.);
#3721 = VERTEX_POINT('',#3722);
#3722 = CARTESIAN_POINT('',(124.38045600897,8.708573474504,3.));
#3723 = SURFACE_CURVE('',#3724,(#3728,#3735),.PCURVE_S1.);
#3724 = LINE('',#3725,#3726);
#3725 = CARTESIAN_POINT('',(124.38045600897,8.708573474504,3.));
#3726 = VECTOR('',#3727,1.);
#3727 = DIRECTION('',(0.,0.,1.));
#3728 = PCURVE('',#3643,#3729);
#3729 = DEFINITIONAL_REPRESENTATION('',(#3730),#3734);
#3730 = LINE('',#3731,#3732);
#3731 = CARTESIAN_POINT('',(1.,0.));
#3732 = VECTOR('',#3733,1.);
#3733 = DIRECTION('',(0.,-1.));
#3734 = ( GEOMETRIC_REPRESENTATION_CONTEXT(2) 
PARAMETRIC_REPRESENTATION_CONTEXT() REPRESENTATION_CONTEXT('2D SPACE',''
  ) );
#3735 = PCURVE('',#3218,#3736);
#3736 = DEFINITIONAL_REPRESENTATION('',(#3737),#3741);
#3737 = LINE('',#3738,#3739);
#3738 = CARTESIAN_POINT('',(0.,0.));
#3739 = VECTOR('',#3740,1.);
#3740 = DIRECTION('',(0.,-1.));
#3741 = ( GEOMETRIC_REPRESENTATION_CONTEXT(2) 
PARAMETRIC_REPRESENTATION_CONTEXT() REPRESENTATION_CONTEXT('2D SPACE',''
  ) );
#3742 = ORIENTED_EDGE('',*,*,#3743,.F.);
#3743 = EDGE_CURVE('',#3628,#3721,#3744,.T.);
#3744 = SURFACE_CURVE('',#3745,(#3754,#3761),.PCURVE_S1.);
#3745 = B_SPLINE_CURVE_WITH_KNOTS('',7,(#3746,#3747,#3748,#3749,#3750,
    #3751,#3752,#3753),.UNSPECIFIED.,.F.,.F.,(8,8),(0.,1.),
  .PIECEWISE_BEZIER_KNOTS.);
#3746 = CARTESIAN_POINT('',(129.37064013613,7.156650243373,3.));
#3747 = CARTESIAN_POINT('',(128.55232114314,7.018702069292,3.));
#3748 = CARTESIAN_POINT('',(127.74190513351,6.857398158776,
    3.000000000001));
#3749 = CARTESIAN_POINT('',(126.86581743636,6.974665441033,
    2.999999999998));
#3750 = CARTESIAN_POINT('',(126.14742398328,6.681877712661,
    3.000000000002));
#3751 = CARTESIAN_POINT('',(125.05551100547,7.188093318612,
    2.999999999999));
#3752 = CARTESIAN_POINT('',(124.59833866087,7.904481163718,3.));
#3753 = CARTESIAN_POINT('',(124.38045600897,8.708573474504,3.));
#3754 = PCURVE('',#3643,#3755);
#3755 = DEFINITIONAL_REPRESENTATION('',(#3756),#3760);
#3756 = LINE('',#3757,#3758);
#3757 = CARTESIAN_POINT('',(0.,0.));
#3758 = VECTOR('',#3759,1.);
#3759 = DIRECTION('',(1.,0.));
#3760 = ( GEOMETRIC_REPRESENTATION_CONTEXT(2) 
PARAMETRIC_REPRESENTATION_CONTEXT() REPRESENTATION_CONTEXT('2D SPACE',''
  ) );
#3761 = PCURVE('',#3516,#3762);
#3762 = DEFINITIONAL_REPRESENTATION('',(#3763),#3772);
#3763 = B_SPLINE_CURVE_WITH_KNOTS('',7,(#3764,#3765,#3766,#3767,#3768,
    #3769,#3770,#3771),.UNSPECIFIED.,.F.,.F.,(8,8),(0.,1.),
  .PIECEWISE_BEZIER_KNOTS.);
#3764 = CARTESIAN_POINT('',(3.007942348243,-1.875387808895));
#3765 = CARTESIAN_POINT('',(2.189623355257,-2.013335982975));
#3766 = CARTESIAN_POINT('',(1.379207345625,-2.174639893492));
#3767 = CARTESIAN_POINT('',(0.503119648476,-2.057372611235));
#3768 = CARTESIAN_POINT('',(-0.215273804603,-2.350160339607));
#3769 = CARTESIAN_POINT('',(-1.307186782414,-1.843944733656));
#3770 = CARTESIAN_POINT('',(-1.764359127015,-1.12755688855));
#3771 = CARTESIAN_POINT('',(-1.982241778921,-0.323464577764));
#3772 = ( GEOMETRIC_REPRESENTATION_CONTEXT(2) 
PARAMETRIC_REPRESENTATION_CONTEXT() REPRESENTATION_CONTEXT('2D SPACE',''
  ) );
#3773 = ADVANCED_FACE('',(#3774),#3218,.F.);
#3774 = FACE_BOUND('',#3775,.F.);
#3775 = EDGE_LOOP('',(#3776,#3777,#3798,#3799));
#3776 = ORIENTED_EDGE('',*,*,#3720,.T.);
#3777 = ORIENTED_EDGE('',*,*,#3778,.T.);
#3778 = EDGE_CURVE('',#3688,#3124,#3779,.T.);
#3779 = SURFACE_CURVE('',#3780,(#3784,#3791),.PCURVE_S1.);
#3780 = LINE('',#3781,#3782);
#3781 = CARTESIAN_POINT('',(124.38045600897,8.708573474504,4.2));
#3782 = VECTOR('',#3783,1.);
#3783 = DIRECTION('',(1.,0.,0.));
#3784 = PCURVE('',#3218,#3785);
#3785 = DEFINITIONAL_REPRESENTATION('',(#3786),#3790);
#3786 = LINE('',#3787,#3788);
#3787 = CARTESIAN_POINT('',(0.,-1.2));
#3788 = VECTOR('',#3789,1.);
#3789 = DIRECTION('',(1.,0.));
#3790 = ( GEOMETRIC_REPRESENTATION_CONTEXT(2) 
PARAMETRIC_REPRESENTATION_CONTEXT() REPRESENTATION_CONTEXT('2D SPACE',''
  ) );
#3791 = PCURVE('',#3318,#3792);
#3792 = DEFINITIONAL_REPRESENTATION('',(#3793),#3797);
#3793 = LINE('',#3794,#3795);
#3794 = CARTESIAN_POINT('',(-1.982241778921,-0.323464577764));
#3795 = VECTOR('',#3796,1.);
#3796 = DIRECTION('',(1.,0.));
#3797 = ( GEOMETRIC_REPRESENTATION_CONTEXT(2) 
PARAMETRIC_REPRESENTATION_CONTEXT() REPRESENTATION_CONTEXT('2D SPACE',''
  ) );
#3798 = ORIENTED_EDGE('',*,*,#3121,.F.);
#3799 = ORIENTED_EDGE('',*,*,#3800,.F.);
#3800 = EDGE_CURVE('',#3721,#3122,#3801,.T.);
#3801 = SURFACE_CURVE('',#3802,(#3806,#3813),.PCURVE_S1.);
#3802 = LINE('',#3803,#3804);
#3803 = CARTESIAN_POINT('',(124.38045600897,8.708573474504,3.));
#3804 = VECTOR('',#3805,1.);
#3805 = DIRECTION('',(1.,0.,0.));
#3806 = PCURVE('',#3218,#3807);
#3807 = DEFINITIONAL_REPRESENTATION('',(#3808),#3812);
#3808 = LINE('',#3809,#3810);
#3809 = CARTESIAN_POINT('',(0.,0.));
#3810 = VECTOR('',#3811,1.);
#3811 = DIRECTION('',(1.,0.));
#3812 = ( GEOMETRIC_REPRESENTATION_CONTEXT(2) 
PARAMETRIC_REPRESENTATION_CONTEXT() REPRESENTATION_CONTEXT('2D SPACE',''
  ) );
#3813 = PCURVE('',#3516,#3814);
#3814 = DEFINITIONAL_REPRESENTATION('',(#3815),#3819);
#3815 = LINE('',#3816,#3817);
#3816 = CARTESIAN_POINT('',(-1.982241778921,-0.323464577764));
#3817 = VECTOR('',#3818,1.);
#3818 = DIRECTION('',(1.,0.));
#3819 = ( GEOMETRIC_REPRESENTATION_CONTEXT(2) 
PARAMETRIC_REPRESENTATION_CONTEXT() REPRESENTATION_CONTEXT('2D SPACE',''
  ) );
#3820 = ADVANCED_FACE('',(#3821),#3835,.F.);
#3821 = FACE_BOUND('',#3822,.F.);
#3822 = EDGE_LOOP('',(#3823,#3866,#3889,#3917));
#3823 = ORIENTED_EDGE('',*,*,#3824,.T.);
#3824 = EDGE_CURVE('',#3825,#3827,#3829,.T.);
#3825 = VERTEX_POINT('',#3826);
#3826 = CARTESIAN_POINT('',(128.09468948056,10.196504512301,3.));
#3827 = VERTEX_POINT('',#3828);
#3828 = CARTESIAN_POINT('',(128.09468948056,10.196504512301,4.2));
#3829 = SURFACE_CURVE('',#3830,(#3834,#3846),.PCURVE_S1.);
#3830 = LINE('',#3831,#3832);
#3831 = CARTESIAN_POINT('',(128.09468948056,10.196504512301,3.));
#3832 = VECTOR('',#3833,1.);
#3833 = DIRECTION('',(0.,0.,1.));
#3834 = PCURVE('',#3835,#3840);
#3835 = PLANE('',#3836);
#3836 = AXIS2_PLACEMENT_3D('',#3837,#3838,#3839);
#3837 = CARTESIAN_POINT('',(128.09468948056,10.196504512301,3.));
#3838 = DIRECTION('',(0.654088818691,-0.756417753139,0.));
#3839 = DIRECTION('',(-0.756417753139,-0.654088818691,0.));
#3840 = DEFINITIONAL_REPRESENTATION('',(#3841),#3845);
#3841 = LINE('',#3842,#3843);
#3842 = CARTESIAN_POINT('',(0.,0.));
#3843 = VECTOR('',#3844,1.);
#3844 = DIRECTION('',(0.,-1.));
#3845 = ( GEOMETRIC_REPRESENTATION_CONTEXT(2) 
PARAMETRIC_REPRESENTATION_CONTEXT() REPRESENTATION_CONTEXT('2D SPACE',''
  ) );
#3846 = PCURVE('',#3847,#3860);
#3847 = SURFACE_OF_LINEAR_EXTRUSION('',#3848,#3858);
#3848 = B_SPLINE_CURVE_WITH_KNOTS('',8,(#3849,#3850,#3851,#3852,#3853,
    #3854,#3855,#3856,#3857),.UNSPECIFIED.,.F.,.F.,(9,9),(0.,1.),
  .PIECEWISE_BEZIER_KNOTS.);
#3849 = CARTESIAN_POINT('',(124.29542530739,10.145387801623,3.));
#3850 = CARTESIAN_POINT('',(124.39158351498,11.003027757391,3.));
#3851 = CARTESIAN_POINT('',(124.53819830049,11.182966980072,3.));
#3852 = CARTESIAN_POINT('',(125.30541434914,13.656298434761,3.));
#3853 = CARTESIAN_POINT('',(126.10933875116,10.883185249178,
    2.999999999999));
#3854 = CARTESIAN_POINT('',(127.21756965104,13.57988432104,
    3.000000000001));
#3855 = CARTESIAN_POINT('',(127.97440573458,11.41051835124,
    2.999999999999));
#3856 = CARTESIAN_POINT('',(128.07255230374,11.018294594875,3.));
#3857 = CARTESIAN_POINT('',(128.09468948056,10.196504512301,3.));
#3858 = VECTOR('',#3859,1.);
#3859 = DIRECTION('',(-0.,-0.,-1.));
#3860 = DEFINITIONAL_REPRESENTATION('',(#3861),#3865);
#3861 = LINE('',#3862,#3863);
#3862 = CARTESIAN_POINT('',(1.,0.));
#3863 = VECTOR('',#3864,1.);
#3864 = DIRECTION('',(0.,-1.));
#3865 = ( GEOMETRIC_REPRESENTATION_CONTEXT(2) 
PARAMETRIC_REPRESENTATION_CONTEXT() REPRESENTATION_CONTEXT('2D SPACE',''
  ) );
#3866 = ORIENTED_EDGE('',*,*,#3867,.T.);
#3867 = EDGE_CURVE('',#3827,#3868,#3870,.T.);
#3868 = VERTEX_POINT('',#3869);
#3869 = CARTESIAN_POINT('',(128.03557581536,10.145387801623,4.2));
#3870 = SURFACE_CURVE('',#3871,(#3875,#3882),.PCURVE_S1.);
#3871 = LINE('',#3872,#3873);
#3872 = CARTESIAN_POINT('',(128.09468948056,10.196504512301,4.2));
#3873 = VECTOR('',#3874,1.);
#3874 = DIRECTION('',(-0.756417753139,-0.654088818691,0.));
#3875 = PCURVE('',#3835,#3876);
#3876 = DEFINITIONAL_REPRESENTATION('',(#3877),#3881);
#3877 = LINE('',#3878,#3879);
#3878 = CARTESIAN_POINT('',(0.,-1.2));
#3879 = VECTOR('',#3880,1.);
#3880 = DIRECTION('',(1.,0.));
#3881 = ( GEOMETRIC_REPRESENTATION_CONTEXT(2) 
PARAMETRIC_REPRESENTATION_CONTEXT() REPRESENTATION_CONTEXT('2D SPACE',''
  ) );
#3882 = PCURVE('',#3318,#3883);
#3883 = DEFINITIONAL_REPRESENTATION('',(#3884),#3888);
#3884 = LINE('',#3885,#3886);
#3885 = CARTESIAN_POINT('',(1.731991692677,1.164466460033));
#3886 = VECTOR('',#3887,1.);
#3887 = DIRECTION('',(-0.756417753139,-0.654088818691));
#3888 = ( GEOMETRIC_REPRESENTATION_CONTEXT(2) 
PARAMETRIC_REPRESENTATION_CONTEXT() REPRESENTATION_CONTEXT('2D SPACE',''
  ) );
#3889 = ORIENTED_EDGE('',*,*,#3890,.F.);
#3890 = EDGE_CURVE('',#3891,#3868,#3893,.T.);
#3891 = VERTEX_POINT('',#3892);
#3892 = CARTESIAN_POINT('',(128.03557581536,10.145387801623,3.));
#3893 = SURFACE_CURVE('',#3894,(#3898,#3905),.PCURVE_S1.);
#3894 = LINE('',#3895,#3896);
#3895 = CARTESIAN_POINT('',(128.03557581536,10.145387801623,3.));
#3896 = VECTOR('',#3897,1.);
#3897 = DIRECTION('',(0.,0.,1.));
#3898 = PCURVE('',#3835,#3899);
#3899 = DEFINITIONAL_REPRESENTATION('',(#3900),#3904);
#3900 = LINE('',#3901,#3902);
#3901 = CARTESIAN_POINT('',(7.814949471192E-02,0.));
#3902 = VECTOR('',#3903,1.);
#3903 = DIRECTION('',(0.,-1.));
#3904 = ( GEOMETRIC_REPRESENTATION_CONTEXT(2) 
PARAMETRIC_REPRESENTATION_CONTEXT() REPRESENTATION_CONTEXT('2D SPACE',''
  ) );
#3905 = PCURVE('',#3906,#3911);
#3906 = PLANE('',#3907);
#3907 = AXIS2_PLACEMENT_3D('',#3908,#3909,#3910);
#3908 = CARTESIAN_POINT('',(128.03557581536,10.145387801623,3.));
#3909 = DIRECTION('',(0.,-1.,0.));
#3910 = DIRECTION('',(-1.,0.,0.));
#3911 = DEFINITIONAL_REPRESENTATION('',(#3912),#3916);
#3912 = LINE('',#3913,#3914);
#3913 = CARTESIAN_POINT('',(0.,-0.));
#3914 = VECTOR('',#3915,1.);
#3915 = DIRECTION('',(0.,-1.));
#3916 = ( GEOMETRIC_REPRESENTATION_CONTEXT(2) 
PARAMETRIC_REPRESENTATION_CONTEXT() REPRESENTATION_CONTEXT('2D SPACE',''
  ) );
#3917 = ORIENTED_EDGE('',*,*,#3918,.F.);
#3918 = EDGE_CURVE('',#3825,#3891,#3919,.T.);
#3919 = SURFACE_CURVE('',#3920,(#3924,#3931),.PCURVE_S1.);
#3920 = LINE('',#3921,#3922);
#3921 = CARTESIAN_POINT('',(128.09468948056,10.196504512301,3.));
#3922 = VECTOR('',#3923,1.);
#3923 = DIRECTION('',(-0.756417753139,-0.654088818691,0.));
#3924 = PCURVE('',#3835,#3925);
#3925 = DEFINITIONAL_REPRESENTATION('',(#3926),#3930);
#3926 = LINE('',#3927,#3928);
#3927 = CARTESIAN_POINT('',(0.,0.));
#3928 = VECTOR('',#3929,1.);
#3929 = DIRECTION('',(1.,0.));
#3930 = ( GEOMETRIC_REPRESENTATION_CONTEXT(2) 
PARAMETRIC_REPRESENTATION_CONTEXT() REPRESENTATION_CONTEXT('2D SPACE',''
  ) );
#3931 = PCURVE('',#3516,#3932);
#3932 = DEFINITIONAL_REPRESENTATION('',(#3933),#3937);
#3933 = LINE('',#3934,#3935);
#3934 = CARTESIAN_POINT('',(1.731991692677,1.164466460033));
#3935 = VECTOR('',#3936,1.);
#3936 = DIRECTION('',(-0.756417753139,-0.654088818691));
#3937 = ( GEOMETRIC_REPRESENTATION_CONTEXT(2) 
PARAMETRIC_REPRESENTATION_CONTEXT() REPRESENTATION_CONTEXT('2D SPACE',''
  ) );
#3938 = ADVANCED_FACE('',(#3939),#3906,.F.);
#3939 = FACE_BOUND('',#3940,.F.);
#3940 = EDGE_LOOP('',(#3941,#3942,#3965,#3988));
#3941 = ORIENTED_EDGE('',*,*,#3890,.T.);
#3942 = ORIENTED_EDGE('',*,*,#3943,.T.);
#3943 = EDGE_CURVE('',#3868,#3944,#3946,.T.);
#3944 = VERTEX_POINT('',#3945);
#3945 = CARTESIAN_POINT('',(124.29542530739,10.145387801623,4.2));
#3946 = SURFACE_CURVE('',#3947,(#3951,#3958),.PCURVE_S1.);
#3947 = LINE('',#3948,#3949);
#3948 = CARTESIAN_POINT('',(128.03557581536,10.145387801623,4.2));
#3949 = VECTOR('',#3950,1.);
#3950 = DIRECTION('',(-1.,0.,0.));
#3951 = PCURVE('',#3906,#3952);
#3952 = DEFINITIONAL_REPRESENTATION('',(#3953),#3957);
#3953 = LINE('',#3954,#3955);
#3954 = CARTESIAN_POINT('',(0.,-1.2));
#3955 = VECTOR('',#3956,1.);
#3956 = DIRECTION('',(1.,0.));
#3957 = ( GEOMETRIC_REPRESENTATION_CONTEXT(2) 
PARAMETRIC_REPRESENTATION_CONTEXT() REPRESENTATION_CONTEXT('2D SPACE',''
  ) );
#3958 = PCURVE('',#3318,#3959);
#3959 = DEFINITIONAL_REPRESENTATION('',(#3960),#3964);
#3960 = LINE('',#3961,#3962);
#3961 = CARTESIAN_POINT('',(1.672878027478,1.113349749356));
#3962 = VECTOR('',#3963,1.);
#3963 = DIRECTION('',(-1.,0.));
#3964 = ( GEOMETRIC_REPRESENTATION_CONTEXT(2) 
PARAMETRIC_REPRESENTATION_CONTEXT() REPRESENTATION_CONTEXT('2D SPACE',''
  ) );
#3965 = ORIENTED_EDGE('',*,*,#3966,.F.);
#3966 = EDGE_CURVE('',#3967,#3944,#3969,.T.);
#3967 = VERTEX_POINT('',#3968);
#3968 = CARTESIAN_POINT('',(124.29542530739,10.145387801623,3.));
#3969 = SURFACE_CURVE('',#3970,(#3974,#3981),.PCURVE_S1.);
#3970 = LINE('',#3971,#3972);
#3971 = CARTESIAN_POINT('',(124.29542530739,10.145387801623,3.));
#3972 = VECTOR('',#3973,1.);
#3973 = DIRECTION('',(0.,0.,1.));
#3974 = PCURVE('',#3906,#3975);
#3975 = DEFINITIONAL_REPRESENTATION('',(#3976),#3980);
#3976 = LINE('',#3977,#3978);
#3977 = CARTESIAN_POINT('',(3.740150507975,0.));
#3978 = VECTOR('',#3979,1.);
#3979 = DIRECTION('',(0.,-1.));
#3980 = ( GEOMETRIC_REPRESENTATION_CONTEXT(2) 
PARAMETRIC_REPRESENTATION_CONTEXT() REPRESENTATION_CONTEXT('2D SPACE',''
  ) );
#3981 = PCURVE('',#3847,#3982);
#3982 = DEFINITIONAL_REPRESENTATION('',(#3983),#3987);
#3983 = LINE('',#3984,#3985);
#3984 = CARTESIAN_POINT('',(0.,0.));
#3985 = VECTOR('',#3986,1.);
#3986 = DIRECTION('',(0.,-1.));
#3987 = ( GEOMETRIC_REPRESENTATION_CONTEXT(2) 
PARAMETRIC_REPRESENTATION_CONTEXT() REPRESENTATION_CONTEXT('2D SPACE',''
  ) );
#3988 = ORIENTED_EDGE('',*,*,#3989,.F.);
#3989 = EDGE_CURVE('',#3891,#3967,#3990,.T.);
#3990 = SURFACE_CURVE('',#3991,(#3995,#4002),.PCURVE_S1.);
#3991 = LINE('',#3992,#3993);
#3992 = CARTESIAN_POINT('',(128.03557581536,10.145387801623,3.));
#3993 = VECTOR('',#3994,1.);
#3994 = DIRECTION('',(-1.,0.,0.));
#3995 = PCURVE('',#3906,#3996);
#3996 = DEFINITIONAL_REPRESENTATION('',(#3997),#4001);
#3997 = LINE('',#3998,#3999);
#3998 = CARTESIAN_POINT('',(0.,-0.));
#3999 = VECTOR('',#4000,1.);
#4000 = DIRECTION('',(1.,0.));
#4001 = ( GEOMETRIC_REPRESENTATION_CONTEXT(2) 
PARAMETRIC_REPRESENTATION_CONTEXT() REPRESENTATION_CONTEXT('2D SPACE',''
  ) );
#4002 = PCURVE('',#3516,#4003);
#4003 = DEFINITIONAL_REPRESENTATION('',(#4004),#4008);
#4004 = LINE('',#4005,#4006);
#4005 = CARTESIAN_POINT('',(1.672878027478,1.113349749356));
#4006 = VECTOR('',#4007,1.);
#4007 = DIRECTION('',(-1.,0.));
#4008 = ( GEOMETRIC_REPRESENTATION_CONTEXT(2) 
PARAMETRIC_REPRESENTATION_CONTEXT() REPRESENTATION_CONTEXT('2D SPACE',''
  ) );
#4009 = ADVANCED_FACE('',(#4010),#3847,.F.);
#4010 = FACE_BOUND('',#4011,.F.);
#4011 = EDGE_LOOP('',(#4012,#4013,#4046,#4047));
#4012 = ORIENTED_EDGE('',*,*,#3966,.T.);
#4013 = ORIENTED_EDGE('',*,*,#4014,.T.);
#4014 = EDGE_CURVE('',#3944,#3827,#4015,.T.);
#4015 = SURFACE_CURVE('',#4016,(#4026,#4033),.PCURVE_S1.);
#4016 = B_SPLINE_CURVE_WITH_KNOTS('',8,(#4017,#4018,#4019,#4020,#4021,
    #4022,#4023,#4024,#4025),.UNSPECIFIED.,.F.,.F.,(9,9),(0.,1.),
  .PIECEWISE_BEZIER_KNOTS.);
#4017 = CARTESIAN_POINT('',(124.29542530739,10.145387801623,4.2));
#4018 = CARTESIAN_POINT('',(124.39158351498,11.003027757391,4.2));
#4019 = CARTESIAN_POINT('',(124.53819830049,11.182966980072,4.2));
#4020 = CARTESIAN_POINT('',(125.30541434914,13.656298434761,4.2));
#4021 = CARTESIAN_POINT('',(126.10933875116,10.883185249178,
    4.199999999999));
#4022 = CARTESIAN_POINT('',(127.21756965104,13.57988432104,
    4.200000000001));
#4023 = CARTESIAN_POINT('',(127.97440573458,11.41051835124,
    4.199999999999));
#4024 = CARTESIAN_POINT('',(128.07255230374,11.018294594875,4.2));
#4025 = CARTESIAN_POINT('',(128.09468948056,10.196504512301,4.2));
#4026 = PCURVE('',#3847,#4027);
#4027 = DEFINITIONAL_REPRESENTATION('',(#4028),#4032);
#4028 = LINE('',#4029,#4030);
#4029 = CARTESIAN_POINT('',(0.,-1.2));
#4030 = VECTOR('',#4031,1.);
#4031 = DIRECTION('',(1.,0.));
#4032 = ( GEOMETRIC_REPRESENTATION_CONTEXT(2) 
PARAMETRIC_REPRESENTATION_CONTEXT() REPRESENTATION_CONTEXT('2D SPACE',''
  ) );
#4033 = PCURVE('',#3318,#4034);
#4034 = DEFINITIONAL_REPRESENTATION('',(#4035),#4045);
#4035 = B_SPLINE_CURVE_WITH_KNOTS('',8,(#4036,#4037,#4038,#4039,#4040,
    #4041,#4042,#4043,#4044),.UNSPECIFIED.,.F.,.F.,(9,9),(0.,1.),
  .PIECEWISE_BEZIER_KNOTS.);
#4036 = CARTESIAN_POINT('',(-2.067272480497,1.113349749356));
#4037 = CARTESIAN_POINT('',(-1.971114272903,1.970989705123));
#4038 = CARTESIAN_POINT('',(-1.824499487396,2.150928927804));
#4039 = CARTESIAN_POINT('',(-1.057283438742,4.624260382493));
#4040 = CARTESIAN_POINT('',(-0.253359036723,1.85114719691));
#4041 = CARTESIAN_POINT('',(0.854871863152,4.547846268772));
#4042 = CARTESIAN_POINT('',(1.611707946691,2.378480298972));
#4043 = CARTESIAN_POINT('',(1.709854515854,1.986256542607));
#4044 = CARTESIAN_POINT('',(1.731991692677,1.164466460033));
#4045 = ( GEOMETRIC_REPRESENTATION_CONTEXT(2) 
PARAMETRIC_REPRESENTATION_CONTEXT() REPRESENTATION_CONTEXT('2D SPACE',''
  ) );
#4046 = ORIENTED_EDGE('',*,*,#3824,.F.);
#4047 = ORIENTED_EDGE('',*,*,#4048,.F.);
#4048 = EDGE_CURVE('',#3967,#3825,#4049,.T.);
#4049 = SURFACE_CURVE('',#4050,(#4060,#4067),.PCURVE_S1.);
#4050 = B_SPLINE_CURVE_WITH_KNOTS('',8,(#4051,#4052,#4053,#4054,#4055,
    #4056,#4057,#4058,#4059),.UNSPECIFIED.,.F.,.F.,(9,9),(0.,1.),
  .PIECEWISE_BEZIER_KNOTS.);
#4051 = CARTESIAN_POINT('',(124.29542530739,10.145387801623,3.));
#4052 = CARTESIAN_POINT('',(124.39158351498,11.003027757391,3.));
#4053 = CARTESIAN_POINT('',(124.53819830049,11.182966980072,3.));
#4054 = CARTESIAN_POINT('',(125.30541434914,13.656298434761,3.));
#4055 = CARTESIAN_POINT('',(126.10933875116,10.883185249178,
    2.999999999999));
#4056 = CARTESIAN_POINT('',(127.21756965104,13.57988432104,
    3.000000000001));
#4057 = CARTESIAN_POINT('',(127.97440573458,11.41051835124,
    2.999999999999));
#4058 = CARTESIAN_POINT('',(128.07255230374,11.018294594875,3.));
#4059 = CARTESIAN_POINT('',(128.09468948056,10.196504512301,3.));
#4060 = PCURVE('',#3847,#4061);
#4061 = DEFINITIONAL_REPRESENTATION('',(#4062),#4066);
#4062 = LINE('',#4063,#4064);
#4063 = CARTESIAN_POINT('',(0.,0.));
#4064 = VECTOR('',#4065,1.);
#4065 = DIRECTION('',(1.,0.));
#4066 = ( GEOMETRIC_REPRESENTATION_CONTEXT(2) 
PARAMETRIC_REPRESENTATION_CONTEXT() REPRESENTATION_CONTEXT('2D SPACE',''
  ) );
#4067 = PCURVE('',#3516,#4068);
#4068 = DEFINITIONAL_REPRESENTATION('',(#4069),#4079);
#4069 = B_SPLINE_CURVE_WITH_KNOTS('',8,(#4070,#4071,#4072,#4073,#4074,
    #4075,#4076,#4077,#4078),.UNSPECIFIED.,.F.,.F.,(9,9),(0.,1.),
  .PIECEWISE_BEZIER_KNOTS.);
#4070 = CARTESIAN_POINT('',(-2.067272480497,1.113349749356));
#4071 = CARTESIAN_POINT('',(-1.971114272903,1.970989705123));
#4072 = CARTESIAN_POINT('',(-1.824499487396,2.150928927804));
#4073 = CARTESIAN_POINT('',(-1.057283438742,4.624260382493));
#4074 = CARTESIAN_POINT('',(-0.253359036723,1.85114719691));
#4075 = CARTESIAN_POINT('',(0.854871863152,4.547846268772));
#4076 = CARTESIAN_POINT('',(1.611707946691,2.378480298972));
#4077 = CARTESIAN_POINT('',(1.709854515854,1.986256542607));
#4078 = CARTESIAN_POINT('',(1.731991692677,1.164466460033));
#4079 = ( GEOMETRIC_REPRESENTATION_CONTEXT(2) 
PARAMETRIC_REPRESENTATION_CONTEXT() REPRESENTATION_CONTEXT('2D SPACE',''
  ) );
#4080 = ADVANCED_FACE('',(#4081,#4087),#3516,.F.);
#4081 = FACE_BOUND('',#4082,.F.);
#4082 = EDGE_LOOP('',(#4083,#4084,#4085,#4086));
#4083 = ORIENTED_EDGE('',*,*,#3430,.T.);
#4084 = ORIENTED_EDGE('',*,*,#3662,.T.);
#4085 = ORIENTED_EDGE('',*,*,#3743,.T.);
#4086 = ORIENTED_EDGE('',*,*,#3800,.T.);
#4087 = FACE_BOUND('',#4088,.F.);
#4088 = EDGE_LOOP('',(#4089,#4090,#4091));
#4089 = ORIENTED_EDGE('',*,*,#3918,.T.);
#4090 = ORIENTED_EDGE('',*,*,#3989,.T.);
#4091 = ORIENTED_EDGE('',*,*,#4048,.T.);
#4092 = ADVANCED_FACE('',(#4093,#4099),#3318,.T.);
#4093 = FACE_BOUND('',#4094,.T.);
#4094 = EDGE_LOOP('',(#4095,#4096,#4097,#4098));
#4095 = ORIENTED_EDGE('',*,*,#3230,.T.);
#4096 = ORIENTED_EDGE('',*,*,#3604,.T.);
#4097 = ORIENTED_EDGE('',*,*,#3687,.T.);
#4098 = ORIENTED_EDGE('',*,*,#3778,.T.);
#4099 = FACE_BOUND('',#4100,.T.);
#4100 = EDGE_LOOP('',(#4101,#4102,#4103));
#4101 = ORIENTED_EDGE('',*,*,#3867,.T.);
#4102 = ORIENTED_EDGE('',*,*,#3943,.T.);
#4103 = ORIENTED_EDGE('',*,*,#4014,.T.);
#4104 = MANIFOLD_SOLID_BREP('',#4105);
#4105 = CLOSED_SHELL('',(#4106,#4344,#4618,#4705,#5016,#5023));
#4106 = ADVANCED_FACE('',(#4107),#4121,.F.);
#4107 = FACE_BOUND('',#4108,.F.);
#4108 = EDGE_LOOP('',(#4109,#4212,#4240,#4318));
#4109 = ORIENTED_EDGE('',*,*,#4110,.T.);
#4110 = EDGE_CURVE('',#4111,#4113,#4115,.T.);
#4111 = VERTEX_POINT('',#4112);
#4112 = CARTESIAN_POINT('',(120.21355554266,5.361854169063,3.));
#4113 = VERTEX_POINT('',#4114);
#4114 = CARTESIAN_POINT('',(120.21355554266,5.361854169063,4.2));
#4115 = SURFACE_CURVE('',#4116,(#4120,#4132),.PCURVE_S1.);
#4116 = LINE('',#4117,#4118);
#4117 = CARTESIAN_POINT('',(120.21355554266,5.361854169063,3.));
#4118 = VECTOR('',#4119,1.);
#4119 = DIRECTION('',(0.,0.,1.));
#4120 = PCURVE('',#4121,#4126);
#4121 = PLANE('',#4122);
#4122 = AXIS2_PLACEMENT_3D('',#4123,#4124,#4125);
#4123 = CARTESIAN_POINT('',(120.21355554266,5.361854169063,3.));
#4124 = DIRECTION('',(-0.993442155272,-0.114335839213,0.));
#4125 = DIRECTION('',(-0.114335839213,0.993442155272,0.));
#4126 = DEFINITIONAL_REPRESENTATION('',(#4127),#4131);
#4127 = LINE('',#4128,#4129);
#4128 = CARTESIAN_POINT('',(0.,0.));
#4129 = VECTOR('',#4130,1.);
#4130 = DIRECTION('',(0.,-1.));
#4131 = ( GEOMETRIC_REPRESENTATION_CONTEXT(2) 
PARAMETRIC_REPRESENTATION_CONTEXT() REPRESENTATION_CONTEXT('2D SPACE',''
  ) );
#4132 = PCURVE('',#4133,#4206);
#4133 = SURFACE_OF_LINEAR_EXTRUSION('',#4134,#4204);
#4134 = B_SPLINE_CURVE_WITH_KNOTS('',8,(#4135,#4136,#4137,#4138,#4139,
    #4140,#4141,#4142,#4143,#4144,#4145,#4146,#4147,#4148,#4149,#4150,
    #4151,#4152,#4153,#4154,#4155,#4156,#4157,#4158,#4159,#4160,#4161,
    #4162,#4163,#4164,#4165,#4166,#4167,#4168,#4169,#4170,#4171,#4172,
    #4173,#4174,#4175,#4176,#4177,#4178,#4179,#4180,#4181,#4182,#4183,
    #4184,#4185,#4186,#4187,#4188,#4189,#4190,#4191,#4192,#4193,#4194,
    #4195,#4196,#4197,#4198,#4199,#4200,#4201,#4202,#4203),
  .UNSPECIFIED.,.F.,.F.,(9,6,6,6,6,6,6,6,6,6,6,9),(0.,9.074550853033E-02
    ,0.18008884003,0.278947276247,0.36377126745,0.449029005402,
    0.548596863967,0.641316675227,0.724604235956,0.812232238741,
    0.909399488641,1.),.UNSPECIFIED.);
#4135 = CARTESIAN_POINT('',(120.69495129452,12.069786205225,3.));
#4136 = CARTESIAN_POINT('',(120.64968952967,12.274241406975,3.));
#4137 = CARTESIAN_POINT('',(120.35133331378,12.617517684205,
    2.999999999999));
#4138 = CARTESIAN_POINT('',(120.59451041951,12.515244687172,
    3.000000000002));
#4139 = CARTESIAN_POINT('',(119.92533346874,13.117737965437,
    2.999999999998));
#4140 = CARTESIAN_POINT('',(120.16995522113,12.950421363404,
    3.000000000002));
#4141 = CARTESIAN_POINT('',(119.7681475401,13.25614138432,2.999999999999
    ));
#4142 = CARTESIAN_POINT('',(119.4475767569,13.460512784864,
    3.000000000001));
#4143 = CARTESIAN_POINT('',(118.92677589586,13.70516113961,3.));
#4144 = CARTESIAN_POINT('',(118.80060930368,13.730191091533,
    3.000000000001));
#4145 = CARTESIAN_POINT('',(118.4253541842,13.867902366706,
    2.999999999999));
#4146 = CARTESIAN_POINT('',(118.30587114142,13.864847149471,
    3.000000000001));
#4147 = CARTESIAN_POINT('',(118.01470367393,13.924670849481,3.));
#4148 = CARTESIAN_POINT('',(117.52960846301,13.970747474411,3.));
#4149 = CARTESIAN_POINT('',(117.00544100944,13.981207799234,3.));
#4150 = CARTESIAN_POINT('',(116.75692650275,13.963101260606,
    3.000000000001));
#4151 = CARTESIAN_POINT('',(116.47075765019,13.959831782545,
    2.999999999999));
#4152 = CARTESIAN_POINT('',(116.21815761677,13.916031787772,
    3.000000000001));
#4153 = CARTESIAN_POINT('',(115.95087026424,13.875803124085,
    2.999999999999));
#4154 = CARTESIAN_POINT('',(115.4690793614,13.758401958425,
    3.000000000001));
#4155 = CARTESIAN_POINT('',(115.00504589996,13.584781560796,3.));
#4156 = CARTESIAN_POINT('',(114.79632040647,13.488023799692,
    3.000000000001));
#4157 = CARTESIAN_POINT('',(114.59384995458,13.381929936026,
    2.999999999999));
#4158 = CARTESIAN_POINT('',(114.40054916565,13.256162725804,
    3.000000000001));
#4159 = CARTESIAN_POINT('',(114.21629678708,13.119128499012,3.));
#4160 = CARTESIAN_POINT('',(113.87149426886,12.81604014365,3.));
#4161 = CARTESIAN_POINT('',(113.57370142186,12.465235631651,3.));
#4162 = CARTESIAN_POINT('',(113.43875647412,12.28077034562,3.));
#4163 = CARTESIAN_POINT('',(113.31471508999,12.080185942375,
    2.999999999999));
#4164 = CARTESIAN_POINT('',(113.20982236996,11.880975045217,
    3.000000000001));
#4165 = CARTESIAN_POINT('',(113.11519165732,11.666721873758,3.));
#4166 = CARTESIAN_POINT('',(112.94372737167,11.201030462312,3.));
#4167 = CARTESIAN_POINT('',(112.83034466824,10.711877093082,3.));
#4168 = CARTESIAN_POINT('',(112.78812065127,10.45218970368,
    3.000000000001));
#4169 = CARTESIAN_POINT('',(112.75444164488,10.174958810072,
    2.999999999999));
#4170 = CARTESIAN_POINT('',(112.74158701164,9.916460014132,
    3.000000000001));
#4171 = CARTESIAN_POINT('',(112.73429502471,9.642548406881,3.));
#4172 = CARTESIAN_POINT('',(112.74245558322,9.12665245052,3.));
#4173 = CARTESIAN_POINT('',(112.79802529786,8.608671561976,3.));
#4174 = CARTESIAN_POINT('',(112.83693467387,8.364899818228,3.));
#4175 = CARTESIAN_POINT('',(112.88874307221,8.114527434764,
    3.000000000001));
#4176 = CARTESIAN_POINT('',(112.95680063199,7.877299866481,
    2.999999999999));
#4177 = CARTESIAN_POINT('',(113.03872651991,7.638541691978,
    3.000000000001));
#4178 = CARTESIAN_POINT('',(113.2296413668,7.202929264503,2.999999999999
    ));
#4179 = CARTESIAN_POINT('',(113.47876720276,6.798930055815,
    3.000000000001));
#4180 = CARTESIAN_POINT('',(113.61663208616,6.615483942943,
    2.999999999998));
#4181 = CARTESIAN_POINT('',(113.74858152502,6.446715328028,
    3.000000000003));
#4182 = CARTESIAN_POINT('',(113.92568853462,6.280533478287,
    2.999999999998));
#4183 = CARTESIAN_POINT('',(114.0796464412,6.135981814416,3.000000000001
    ));
#4184 = CARTESIAN_POINT('',(114.45817162533,5.850588535882,
    2.999999999999));
#4185 = CARTESIAN_POINT('',(114.84358931463,5.627474349335,3.));
#4186 = CARTESIAN_POINT('',(115.09902643774,5.513361531755,
    2.999999999999));
#4187 = CARTESIAN_POINT('',(115.2275723112,5.445411512186,3.));
#4188 = CARTESIAN_POINT('',(115.56377280994,5.347870454374,3.));
#4189 = CARTESIAN_POINT('',(115.71130249687,5.297114280447,3.));
#4190 = CARTESIAN_POINT('',(116.26053163186,5.179955708723,3.));
#4191 = CARTESIAN_POINT('',(116.67618231076,5.123479012944,3.));
#4192 = CARTESIAN_POINT('',(117.12782399904,5.092922252858,
    3.000000000001));
#4193 = CARTESIAN_POINT('',(116.99889629212,5.087269309938,
    2.999999999999));
#4194 = CARTESIAN_POINT('',(117.72313001156,5.08822315834,3.000000000001
    ));
#4195 = CARTESIAN_POINT('',(117.65742058923,5.091001616944,3.));
#4196 = CARTESIAN_POINT('',(118.40767062013,5.105232609942,
    3.000000000001));
#4197 = CARTESIAN_POINT('',(118.63307978041,5.131124545817,
    2.999999999999));
#4198 = CARTESIAN_POINT('',(119.62228054502,5.159282070683,
    3.000000000002));
#4199 = CARTESIAN_POINT('',(118.13790751134,5.145049623218,
    2.999999999998));
#4200 = CARTESIAN_POINT('',(120.70490325132,5.211165812955,
    3.000000000002));
#4201 = CARTESIAN_POINT('',(118.9887563769,5.255573586846,2.999999999999
    ));
#4202 = CARTESIAN_POINT('',(120.24124579448,5.250098337022,3.));
#4203 = CARTESIAN_POINT('',(120.21355554266,5.361854169063,3.));
#4204 = VECTOR('',#4205,1.);
#4205 = DIRECTION('',(-0.,-0.,-1.));
#4206 = DEFINITIONAL_REPRESENTATION('',(#4207),#4211);
#4207 = LINE('',#4208,#4209);
#4208 = CARTESIAN_POINT('',(1.,0.));
#4209 = VECTOR('',#4210,1.);
#4210 = DIRECTION('',(0.,-1.));
#4211 = ( GEOMETRIC_REPRESENTATION_CONTEXT(2) 
PARAMETRIC_REPRESENTATION_CONTEXT() REPRESENTATION_CONTEXT('2D SPACE',''
  ) );
#4212 = ORIENTED_EDGE('',*,*,#4213,.T.);
#4213 = EDGE_CURVE('',#4113,#4214,#4216,.T.);
#4214 = VERTEX_POINT('',#4215);
#4215 = CARTESIAN_POINT('',(120.00965196776,7.133533183384,4.2));
#4216 = SURFACE_CURVE('',#4217,(#4221,#4228),.PCURVE_S1.);
#4217 = LINE('',#4218,#4219);
#4218 = CARTESIAN_POINT('',(120.21355554266,5.361854169063,4.2));
#4219 = VECTOR('',#4220,1.);
#4220 = DIRECTION('',(-0.114335839213,0.993442155272,0.));
#4221 = PCURVE('',#4121,#4222);
#4222 = DEFINITIONAL_REPRESENTATION('',(#4223),#4227);
#4223 = LINE('',#4224,#4225);
#4224 = CARTESIAN_POINT('',(0.,-1.2));
#4225 = VECTOR('',#4226,1.);
#4226 = DIRECTION('',(1.,0.));
#4227 = ( GEOMETRIC_REPRESENTATION_CONTEXT(2) 
PARAMETRIC_REPRESENTATION_CONTEXT() REPRESENTATION_CONTEXT('2D SPACE',''
  ) );
#4228 = PCURVE('',#4229,#4234);
#4229 = PLANE('',#4230);
#4230 = AXIS2_PLACEMENT_3D('',#4231,#4232,#4233);
#4231 = CARTESIAN_POINT('',(116.56712837197,9.526320579897,4.2));
#4232 = DIRECTION('',(0.,0.,1.));
#4233 = DIRECTION('',(1.,0.,-0.));
#4234 = DEFINITIONAL_REPRESENTATION('',(#4235),#4239);
#4235 = LINE('',#4236,#4237);
#4236 = CARTESIAN_POINT('',(3.646427170692,-4.164466410833));
#4237 = VECTOR('',#4238,1.);
#4238 = DIRECTION('',(-0.114335839213,0.993442155272));
#4239 = ( GEOMETRIC_REPRESENTATION_CONTEXT(2) 
PARAMETRIC_REPRESENTATION_CONTEXT() REPRESENTATION_CONTEXT('2D SPACE',''
  ) );
#4240 = ORIENTED_EDGE('',*,*,#4241,.F.);
#4241 = EDGE_CURVE('',#4242,#4214,#4244,.T.);
#4242 = VERTEX_POINT('',#4243);
#4243 = CARTESIAN_POINT('',(120.00965196776,7.133533183384,3.));
#4244 = SURFACE_CURVE('',#4245,(#4249,#4256),.PCURVE_S1.);
#4245 = LINE('',#4246,#4247);
#4246 = CARTESIAN_POINT('',(120.00965196776,7.133533183384,3.));
#4247 = VECTOR('',#4248,1.);
#4248 = DIRECTION('',(0.,0.,1.));
#4249 = PCURVE('',#4121,#4250);
#4250 = DEFINITIONAL_REPRESENTATION('',(#4251),#4255);
#4251 = LINE('',#4252,#4253);
#4252 = CARTESIAN_POINT('',(1.783374104792,0.));
#4253 = VECTOR('',#4254,1.);
#4254 = DIRECTION('',(0.,-1.));
#4255 = ( GEOMETRIC_REPRESENTATION_CONTEXT(2) 
PARAMETRIC_REPRESENTATION_CONTEXT() REPRESENTATION_CONTEXT('2D SPACE',''
  ) );
#4256 = PCURVE('',#4257,#4312);
#4257 = SURFACE_OF_LINEAR_EXTRUSION('',#4258,#4310);
#4258 = B_SPLINE_CURVE_WITH_KNOTS('',8,(#4259,#4260,#4261,#4262,#4263,
    #4264,#4265,#4266,#4267,#4268,#4269,#4270,#4271,#4272,#4273,#4274,
    #4275,#4276,#4277,#4278,#4279,#4280,#4281,#4282,#4283,#4284,#4285,
    #4286,#4287,#4288,#4289,#4290,#4291,#4292,#4293,#4294,#4295,#4296,
    #4297,#4298,#4299,#4300,#4301,#4302,#4303,#4304,#4305,#4306,#4307,
    #4308,#4309),.UNSPECIFIED.,.F.,.F.,(9,6,6,6,6,6,6,6,9),(0.,
    0.123552247934,0.256383165204,0.372174162006,0.496445356349,
    0.628503060107,0.745335335698,0.87508929269,1.),.UNSPECIFIED.);
#4259 = CARTESIAN_POINT('',(120.00965196776,7.133533183384,3.));
#4260 = CARTESIAN_POINT('',(119.97595663004,7.222772563095,3.));
#4261 = CARTESIAN_POINT('',(119.22136682376,6.899308612887,3.));
#4262 = CARTESIAN_POINT('',(119.83964270878,7.293456889761,
    3.000000000001));
#4263 = CARTESIAN_POINT('',(118.93851449064,6.867516045756,
    2.999999999999));
#4264 = CARTESIAN_POINT('',(119.0568898664,7.090457965099,3.));
#4265 = CARTESIAN_POINT('',(118.80405021951,6.980666095487,3.));
#4266 = CARTESIAN_POINT('',(118.34593791021,6.97767021153,3.));
#4267 = CARTESIAN_POINT('',(117.97148525825,6.935850171512,3.));
#4268 = CARTESIAN_POINT('',(117.62449406868,6.977914192782,3.));
#4269 = CARTESIAN_POINT('',(117.65339252693,6.895327200524,3.));
#4270 = CARTESIAN_POINT('',(117.16449492992,6.985517555702,3.));
#4271 = CARTESIAN_POINT('',(117.10529048088,6.964196425725,3.));
#4272 = CARTESIAN_POINT('',(116.61538413023,7.059563401355,3.));
#4273 = CARTESIAN_POINT('',(116.29235455881,7.163931797579,3.));
#4274 = CARTESIAN_POINT('',(116.0146237206,7.277519410656,3.));
#4275 = CARTESIAN_POINT('',(115.99052929401,7.294346429861,3.));
#4276 = CARTESIAN_POINT('',(115.69986194417,7.468835324179,3.));
#4277 = CARTESIAN_POINT('',(115.60840513296,7.54982948279,3.));
#4278 = CARTESIAN_POINT('',(115.29547239811,7.846776404407,3.));
#4279 = CARTESIAN_POINT('',(115.09602518097,8.162859212619,3.));
#4280 = CARTESIAN_POINT('',(114.97340425168,8.374192394367,
    2.999999999999));
#4281 = CARTESIAN_POINT('',(114.9365735299,8.531592936601,3.000000000001
    ));
#4282 = CARTESIAN_POINT('',(114.85091205138,8.762164108101,
    2.999999999999));
#4283 = CARTESIAN_POINT('',(114.82538296092,8.951404391948,3.));
#4284 = CARTESIAN_POINT('',(114.76697888338,9.378593033829,3.));
#4285 = CARTESIAN_POINT('',(114.77368630165,9.801319890832,3.));
#4286 = CARTESIAN_POINT('',(114.77307072291,10.019936027495,
    2.999999999999));
#4287 = CARTESIAN_POINT('',(114.81628281298,10.246862837751,
    3.000000000001));
#4288 = CARTESIAN_POINT('',(114.83464255575,10.4477869393,2.999999999999
    ));
#4289 = CARTESIAN_POINT('',(114.91151461682,10.674807604063,3.));
#4290 = CARTESIAN_POINT('',(115.05437207311,11.047510933436,3.));
#4291 = CARTESIAN_POINT('',(115.30798281979,11.401342410524,3.));
#4292 = CARTESIAN_POINT('',(115.39775322631,11.5171041819,3.));
#4293 = CARTESIAN_POINT('',(115.63342969456,11.703601858299,
    2.999999999999));
#4294 = CARTESIAN_POINT('',(115.68743657533,11.761739588293,
    3.000000000001));
#4295 = CARTESIAN_POINT('',(115.93216411025,11.883645962268,3.));
#4296 = CARTESIAN_POINT('',(116.26295980475,12.022951457801,3.));
#4297 = CARTESIAN_POINT('',(116.72497740304,12.11155349682,3.));
#4298 = CARTESIAN_POINT('',(116.82522744808,12.115962288372,
    3.000000000001));
#4299 = CARTESIAN_POINT('',(117.24336002834,12.127550426709,
    2.999999999998));
#4300 = CARTESIAN_POINT('',(117.25980015021,12.135610362618,
    3.000000000001));
#4301 = CARTESIAN_POINT('',(117.58558823656,12.086058372404,
    2.999999999999));
#4302 = CARTESIAN_POINT('',(117.94318974447,11.994346131206,
    3.000000000001));
#4303 = CARTESIAN_POINT('',(118.37202443392,11.794863408349,
    2.999999999999));
#4304 = CARTESIAN_POINT('',(118.47975167228,11.711019540395,
    3.000000000002));
#4305 = CARTESIAN_POINT('',(118.75867198527,11.539520186273,
    2.999999999998));
#4306 = CARTESIAN_POINT('',(118.80280498605,11.44761154654,
    3.000000000001));
#4307 = CARTESIAN_POINT('',(119.00821091094,11.256567239227,
    2.999999999999));
#4308 = CARTESIAN_POINT('',(119.10697483954,11.103744988681,3.));
#4309 = CARTESIAN_POINT('',(119.22077013161,10.925246512013,3.));
#4310 = VECTOR('',#4311,1.);
#4311 = DIRECTION('',(-0.,-0.,-1.));
#4312 = DEFINITIONAL_REPRESENTATION('',(#4313),#4317);
#4313 = LINE('',#4314,#4315);
#4314 = CARTESIAN_POINT('',(0.,0.));
#4315 = VECTOR('',#4316,1.);
#4316 = DIRECTION('',(0.,-1.));
#4317 = ( GEOMETRIC_REPRESENTATION_CONTEXT(2) 
PARAMETRIC_REPRESENTATION_CONTEXT() REPRESENTATION_CONTEXT('2D SPACE',''
  ) );
#4318 = ORIENTED_EDGE('',*,*,#4319,.F.);
#4319 = EDGE_CURVE('',#4111,#4242,#4320,.T.);
#4320 = SURFACE_CURVE('',#4321,(#4325,#4332),.PCURVE_S1.);
#4321 = LINE('',#4322,#4323);
#4322 = CARTESIAN_POINT('',(120.21355554266,5.361854169063,3.));
#4323 = VECTOR('',#4324,1.);
#4324 = DIRECTION('',(-0.114335839213,0.993442155272,0.));
#4325 = PCURVE('',#4121,#4326);
#4326 = DEFINITIONAL_REPRESENTATION('',(#4327),#4331);
#4327 = LINE('',#4328,#4329);
#4328 = CARTESIAN_POINT('',(0.,0.));
#4329 = VECTOR('',#4330,1.);
#4330 = DIRECTION('',(1.,0.));
#4331 = ( GEOMETRIC_REPRESENTATION_CONTEXT(2) 
PARAMETRIC_REPRESENTATION_CONTEXT() REPRESENTATION_CONTEXT('2D SPACE',''
  ) );
#4332 = PCURVE('',#4333,#4338);
#4333 = PLANE('',#4334);
#4334 = AXIS2_PLACEMENT_3D('',#4335,#4336,#4337);
#4335 = CARTESIAN_POINT('',(116.56712837197,9.526320579897,3.));
#4336 = DIRECTION('',(0.,0.,1.));
#4337 = DIRECTION('',(1.,0.,-0.));
#4338 = DEFINITIONAL_REPRESENTATION('',(#4339),#4343);
#4339 = LINE('',#4340,#4341);
#4340 = CARTESIAN_POINT('',(3.646427170692,-4.164466410833));
#4341 = VECTOR('',#4342,1.);
#4342 = DIRECTION('',(-0.114335839213,0.993442155272));
#4343 = ( GEOMETRIC_REPRESENTATION_CONTEXT(2) 
PARAMETRIC_REPRESENTATION_CONTEXT() REPRESENTATION_CONTEXT('2D SPACE',''
  ) );
#4344 = ADVANCED_FACE('',(#4345),#4257,.F.);
#4345 = FACE_BOUND('',#4346,.F.);
#4346 = EDGE_LOOP('',(#4347,#4348,#4467,#4501));
#4347 = ORIENTED_EDGE('',*,*,#4241,.T.);
#4348 = ORIENTED_EDGE('',*,*,#4349,.T.);
#4349 = EDGE_CURVE('',#4214,#4350,#4352,.T.);
#4350 = VERTEX_POINT('',#4351);
#4351 = CARTESIAN_POINT('',(119.22077013161,10.925246512013,4.2));
#4352 = SURFACE_CURVE('',#4353,(#4405,#4412),.PCURVE_S1.);
#4353 = B_SPLINE_CURVE_WITH_KNOTS('',8,(#4354,#4355,#4356,#4357,#4358,
    #4359,#4360,#4361,#4362,#4363,#4364,#4365,#4366,#4367,#4368,#4369,
    #4370,#4371,#4372,#4373,#4374,#4375,#4376,#4377,#4378,#4379,#4380,
    #4381,#4382,#4383,#4384,#4385,#4386,#4387,#4388,#4389,#4390,#4391,
    #4392,#4393,#4394,#4395,#4396,#4397,#4398,#4399,#4400,#4401,#4402,
    #4403,#4404),.UNSPECIFIED.,.F.,.F.,(9,6,6,6,6,6,6,6,9),(0.,
    0.123552247934,0.256383165204,0.372174162006,0.496445356349,
    0.628503060107,0.745335335698,0.87508929269,1.),.UNSPECIFIED.);
#4354 = CARTESIAN_POINT('',(120.00965196776,7.133533183384,4.2));
#4355 = CARTESIAN_POINT('',(119.97595663004,7.222772563095,4.2));
#4356 = CARTESIAN_POINT('',(119.22136682376,6.899308612887,4.2));
#4357 = CARTESIAN_POINT('',(119.83964270878,7.293456889761,
    4.200000000001));
#4358 = CARTESIAN_POINT('',(118.93851449064,6.867516045756,
    4.199999999999));
#4359 = CARTESIAN_POINT('',(119.0568898664,7.090457965099,4.2));
#4360 = CARTESIAN_POINT('',(118.80405021951,6.980666095487,4.2));
#4361 = CARTESIAN_POINT('',(118.34593791021,6.97767021153,4.2));
#4362 = CARTESIAN_POINT('',(117.97148525825,6.935850171512,4.2));
#4363 = CARTESIAN_POINT('',(117.62449406868,6.977914192782,4.2));
#4364 = CARTESIAN_POINT('',(117.65339252693,6.895327200524,4.2));
#4365 = CARTESIAN_POINT('',(117.16449492992,6.985517555702,4.2));
#4366 = CARTESIAN_POINT('',(117.10529048088,6.964196425725,4.2));
#4367 = CARTESIAN_POINT('',(116.61538413023,7.059563401355,4.2));
#4368 = CARTESIAN_POINT('',(116.29235455881,7.163931797579,4.2));
#4369 = CARTESIAN_POINT('',(116.0146237206,7.277519410656,4.2));
#4370 = CARTESIAN_POINT('',(115.99052929401,7.294346429861,4.2));
#4371 = CARTESIAN_POINT('',(115.69986194417,7.468835324179,4.2));
#4372 = CARTESIAN_POINT('',(115.60840513296,7.54982948279,4.2));
#4373 = CARTESIAN_POINT('',(115.29547239811,7.846776404407,4.2));
#4374 = CARTESIAN_POINT('',(115.09602518097,8.162859212619,4.2));
#4375 = CARTESIAN_POINT('',(114.97340425168,8.374192394367,
    4.199999999999));
#4376 = CARTESIAN_POINT('',(114.9365735299,8.531592936601,4.200000000001
    ));
#4377 = CARTESIAN_POINT('',(114.85091205138,8.762164108101,
    4.199999999999));
#4378 = CARTESIAN_POINT('',(114.82538296092,8.951404391948,4.2));
#4379 = CARTESIAN_POINT('',(114.76697888338,9.378593033829,4.2));
#4380 = CARTESIAN_POINT('',(114.77368630165,9.801319890832,4.2));
#4381 = CARTESIAN_POINT('',(114.77307072291,10.019936027495,
    4.199999999999));
#4382 = CARTESIAN_POINT('',(114.81628281298,10.246862837751,
    4.200000000001));
#4383 = CARTESIAN_POINT('',(114.83464255575,10.4477869393,4.199999999999
    ));
#4384 = CARTESIAN_POINT('',(114.91151461682,10.674807604063,4.2));
#4385 = CARTESIAN_POINT('',(115.05437207311,11.047510933436,4.2));
#4386 = CARTESIAN_POINT('',(115.30798281979,11.401342410524,4.2));
#4387 = CARTESIAN_POINT('',(115.39775322631,11.5171041819,4.2));
#4388 = CARTESIAN_POINT('',(115.63342969456,11.703601858299,
    4.199999999999));
#4389 = CARTESIAN_POINT('',(115.68743657533,11.761739588293,
    4.200000000001));
#4390 = CARTESIAN_POINT('',(115.93216411025,11.883645962268,4.2));
#4391 = CARTESIAN_POINT('',(116.26295980475,12.022951457801,4.2));
#4392 = CARTESIAN_POINT('',(116.72497740304,12.11155349682,4.2));
#4393 = CARTESIAN_POINT('',(116.82522744808,12.115962288372,
    4.200000000001));
#4394 = CARTESIAN_POINT('',(117.24336002834,12.127550426709,
    4.199999999998));
#4395 = CARTESIAN_POINT('',(117.25980015021,12.135610362618,
    4.200000000001));
#4396 = CARTESIAN_POINT('',(117.58558823656,12.086058372404,
    4.199999999999));
#4397 = CARTESIAN_POINT('',(117.94318974447,11.994346131206,
    4.200000000001));
#4398 = CARTESIAN_POINT('',(118.37202443392,11.794863408349,
    4.199999999999));
#4399 = CARTESIAN_POINT('',(118.47975167228,11.711019540395,
    4.200000000002));
#4400 = CARTESIAN_POINT('',(118.75867198527,11.539520186273,
    4.199999999998));
#4401 = CARTESIAN_POINT('',(118.80280498605,11.44761154654,
    4.200000000001));
#4402 = CARTESIAN_POINT('',(119.00821091094,11.256567239227,
    4.199999999999));
#4403 = CARTESIAN_POINT('',(119.10697483954,11.103744988681,4.2));
#4404 = CARTESIAN_POINT('',(119.22077013161,10.925246512013,4.2));
#4405 = PCURVE('',#4257,#4406);
#4406 = DEFINITIONAL_REPRESENTATION('',(#4407),#4411);
#4407 = LINE('',#4408,#4409);
#4408 = CARTESIAN_POINT('',(0.,-1.2));
#4409 = VECTOR('',#4410,1.);
#4410 = DIRECTION('',(1.,0.));
#4411 = ( GEOMETRIC_REPRESENTATION_CONTEXT(2) 
PARAMETRIC_REPRESENTATION_CONTEXT() REPRESENTATION_CONTEXT('2D SPACE',''
  ) );
#4412 = PCURVE('',#4229,#4413);
#4413 = DEFINITIONAL_REPRESENTATION('',(#4414),#4466);
#4414 = B_SPLINE_CURVE_WITH_KNOTS('',8,(#4415,#4416,#4417,#4418,#4419,
    #4420,#4421,#4422,#4423,#4424,#4425,#4426,#4427,#4428,#4429,#4430,
    #4431,#4432,#4433,#4434,#4435,#4436,#4437,#4438,#4439,#4440,#4441,
    #4442,#4443,#4444,#4445,#4446,#4447,#4448,#4449,#4450,#4451,#4452,
    #4453,#4454,#4455,#4456,#4457,#4458,#4459,#4460,#4461,#4462,#4463,
    #4464,#4465),.UNSPECIFIED.,.F.,.F.,(9,6,6,6,6,6,6,6,9),(0.,
    0.123552247934,0.256383165204,0.372174162006,0.496445356349,
    0.628503060107,0.745335335698,0.87508929269,1.),.UNSPECIFIED.);
#4415 = CARTESIAN_POINT('',(3.44252359579,-2.392787396512));
#4416 = CARTESIAN_POINT('',(3.408828258075,-2.303548016802));
#4417 = CARTESIAN_POINT('',(2.654238451795,-2.627011967009));
#4418 = CARTESIAN_POINT('',(3.272514336815,-2.232863690135));
#4419 = CARTESIAN_POINT('',(2.371386118678,-2.658804534141));
#4420 = CARTESIAN_POINT('',(2.48976149443,-2.435862614798));
#4421 = CARTESIAN_POINT('',(2.236921847545,-2.54565448441));
#4422 = CARTESIAN_POINT('',(1.778809538243,-2.548650368367));
#4423 = CARTESIAN_POINT('',(1.404356886285,-2.590470408385));
#4424 = CARTESIAN_POINT('',(1.05736569671,-2.548406387115));
#4425 = CARTESIAN_POINT('',(1.086264154966,-2.630993379373));
#4426 = CARTESIAN_POINT('',(0.597366557957,-2.540803024195));
#4427 = CARTESIAN_POINT('',(0.538162108914,-2.562124154171));
#4428 = CARTESIAN_POINT('',(4.825575826175E-02,-2.466757178541));
#4429 = CARTESIAN_POINT('',(-0.274773813154,-2.362388782318));
#4430 = CARTESIAN_POINT('',(-0.552504651364,-2.248801169241));
#4431 = CARTESIAN_POINT('',(-0.576599077955,-2.231974150035));
#4432 = CARTESIAN_POINT('',(-0.867266427792,-2.057485255717));
#4433 = CARTESIAN_POINT('',(-0.958723239004,-1.976491097107));
#4434 = CARTESIAN_POINT('',(-1.271655973852,-1.67954417549));
#4435 = CARTESIAN_POINT('',(-1.47110319099,-1.363461367278));
#4436 = CARTESIAN_POINT('',(-1.593724120288,-1.152128185529));
#4437 = CARTESIAN_POINT('',(-1.630554842068,-0.994727643296));
#4438 = CARTESIAN_POINT('',(-1.716216320582,-0.764156471795));
#4439 = CARTESIAN_POINT('',(-1.741745411044,-0.574916187949));
#4440 = CARTESIAN_POINT('',(-1.800149488584,-0.147727546068));
#4441 = CARTESIAN_POINT('',(-1.79344207032,0.274999310936));
#4442 = CARTESIAN_POINT('',(-1.794057649053,0.493615447598));
#4443 = CARTESIAN_POINT('',(-1.750845558983,0.720542257855));
#4444 = CARTESIAN_POINT('',(-1.73248581622,0.921466359404));
#4445 = CARTESIAN_POINT('',(-1.655613755141,1.148487024166));
#4446 = CARTESIAN_POINT('',(-1.512756298853,1.52119035354));
#4447 = CARTESIAN_POINT('',(-1.259145552173,1.875021830628));
#4448 = CARTESIAN_POINT('',(-1.169375145653,1.990783602003));
#4449 = CARTESIAN_POINT('',(-0.933698677406,2.177281278402));
#4450 = CARTESIAN_POINT('',(-0.87969179664,2.235419008397));
#4451 = CARTESIAN_POINT('',(-0.634964261712,2.357325382371));
#4452 = CARTESIAN_POINT('',(-0.304168567213,2.496630877905));
#4453 = CARTESIAN_POINT('',(0.157849031072,2.585232916924));
#4454 = CARTESIAN_POINT('',(0.258099076119,2.589641708476));
#4455 = CARTESIAN_POINT('',(0.676231656376,2.601229846813));
#4456 = CARTESIAN_POINT('',(0.692671778248,2.609289782722));
#4457 = CARTESIAN_POINT('',(1.018459864597,2.559737792507));
#4458 = CARTESIAN_POINT('',(1.376061372502,2.468025551309));
#4459 = CARTESIAN_POINT('',(1.804896061957,2.268542828453));
#4460 = CARTESIAN_POINT('',(1.912623300319,2.184698960499));
#4461 = CARTESIAN_POINT('',(2.191543613305,2.013199606376));
#4462 = CARTESIAN_POINT('',(2.235676614085,1.921290966643));
#4463 = CARTESIAN_POINT('',(2.44108253897,1.730246659331));
#4464 = CARTESIAN_POINT('',(2.539846467576,1.577424408784));
#4465 = CARTESIAN_POINT('',(2.65364175964,1.398925932117));
#4466 = ( GEOMETRIC_REPRESENTATION_CONTEXT(2) 
PARAMETRIC_REPRESENTATION_CONTEXT() REPRESENTATION_CONTEXT('2D SPACE',''
  ) );
#4467 = ORIENTED_EDGE('',*,*,#4468,.F.);
#4468 = EDGE_CURVE('',#4469,#4350,#4471,.T.);
#4469 = VERTEX_POINT('',#4470);
#4470 = CARTESIAN_POINT('',(119.22077013161,10.925246512013,3.));
#4471 = SURFACE_CURVE('',#4472,(#4476,#4483),.PCURVE_S1.);
#4472 = LINE('',#4473,#4474);
#4473 = CARTESIAN_POINT('',(119.22077013161,10.925246512013,3.));
#4474 = VECTOR('',#4475,1.);
#4475 = DIRECTION('',(0.,0.,1.));
#4476 = PCURVE('',#4257,#4477);
#4477 = DEFINITIONAL_REPRESENTATION('',(#4478),#4482);
#4478 = LINE('',#4479,#4480);
#4479 = CARTESIAN_POINT('',(1.,0.));
#4480 = VECTOR('',#4481,1.);
#4481 = DIRECTION('',(0.,-1.));
#4482 = ( GEOMETRIC_REPRESENTATION_CONTEXT(2) 
PARAMETRIC_REPRESENTATION_CONTEXT() REPRESENTATION_CONTEXT('2D SPACE',''
  ) );
#4483 = PCURVE('',#4484,#4495);
#4484 = SURFACE_OF_LINEAR_EXTRUSION('',#4485,#4493);
#4485 = B_SPLINE_CURVE_WITH_KNOTS('',6,(#4486,#4487,#4488,#4489,#4490,
    #4491,#4492),.UNSPECIFIED.,.F.,.F.,(7,7),(0.,1.),
  .PIECEWISE_BEZIER_KNOTS.);
#4486 = CARTESIAN_POINT('',(119.22077013161,10.925246512013,3.));
#4487 = CARTESIAN_POINT('',(119.47862726998,11.099092397086,3.));
#4488 = CARTESIAN_POINT('',(119.70015486288,11.323662688425,3.));
#4489 = CARTESIAN_POINT('',(119.97268879955,11.476706761719,3.));
#4490 = CARTESIAN_POINT('',(120.19781068787,11.696409461961,3.));
#4491 = CARTESIAN_POINT('',(120.4515375882,11.875827895895,3.));
#4492 = CARTESIAN_POINT('',(120.69495129452,12.069786205225,3.));
#4493 = VECTOR('',#4494,1.);
#4494 = DIRECTION('',(-0.,-0.,-1.));
#4495 = DEFINITIONAL_REPRESENTATION('',(#4496),#4500);
#4496 = LINE('',#4497,#4498);
#4497 = CARTESIAN_POINT('',(0.,0.));
#4498 = VECTOR('',#4499,1.);
#4499 = DIRECTION('',(0.,-1.));
#4500 = ( GEOMETRIC_REPRESENTATION_CONTEXT(2) 
PARAMETRIC_REPRESENTATION_CONTEXT() REPRESENTATION_CONTEXT('2D SPACE',''
  ) );
#4501 = ORIENTED_EDGE('',*,*,#4502,.F.);
#4502 = EDGE_CURVE('',#4242,#4469,#4503,.T.);
#4503 = SURFACE_CURVE('',#4504,(#4556,#4563),.PCURVE_S1.);
#4504 = B_SPLINE_CURVE_WITH_KNOTS('',8,(#4505,#4506,#4507,#4508,#4509,
    #4510,#4511,#4512,#4513,#4514,#4515,#4516,#4517,#4518,#4519,#4520,
    #4521,#4522,#4523,#4524,#4525,#4526,#4527,#4528,#4529,#4530,#4531,
    #4532,#4533,#4534,#4535,#4536,#4537,#4538,#4539,#4540,#4541,#4542,
    #4543,#4544,#4545,#4546,#4547,#4548,#4549,#4550,#4551,#4552,#4553,
    #4554,#4555),.UNSPECIFIED.,.F.,.F.,(9,6,6,6,6,6,6,6,9),(0.,
    0.123552247934,0.256383165204,0.372174162006,0.496445356349,
    0.628503060107,0.745335335698,0.87508929269,1.),.UNSPECIFIED.);
#4505 = CARTESIAN_POINT('',(120.00965196776,7.133533183384,3.));
#4506 = CARTESIAN_POINT('',(119.97595663004,7.222772563095,3.));
#4507 = CARTESIAN_POINT('',(119.22136682376,6.899308612887,3.));
#4508 = CARTESIAN_POINT('',(119.83964270878,7.293456889761,
    3.000000000001));
#4509 = CARTESIAN_POINT('',(118.93851449064,6.867516045756,
    2.999999999999));
#4510 = CARTESIAN_POINT('',(119.0568898664,7.090457965099,3.));
#4511 = CARTESIAN_POINT('',(118.80405021951,6.980666095487,3.));
#4512 = CARTESIAN_POINT('',(118.34593791021,6.97767021153,3.));
#4513 = CARTESIAN_POINT('',(117.97148525825,6.935850171512,3.));
#4514 = CARTESIAN_POINT('',(117.62449406868,6.977914192782,3.));
#4515 = CARTESIAN_POINT('',(117.65339252693,6.895327200524,3.));
#4516 = CARTESIAN_POINT('',(117.16449492992,6.985517555702,3.));
#4517 = CARTESIAN_POINT('',(117.10529048088,6.964196425725,3.));
#4518 = CARTESIAN_POINT('',(116.61538413023,7.059563401355,3.));
#4519 = CARTESIAN_POINT('',(116.29235455881,7.163931797579,3.));
#4520 = CARTESIAN_POINT('',(116.0146237206,7.277519410656,3.));
#4521 = CARTESIAN_POINT('',(115.99052929401,7.294346429861,3.));
#4522 = CARTESIAN_POINT('',(115.69986194417,7.468835324179,3.));
#4523 = CARTESIAN_POINT('',(115.60840513296,7.54982948279,3.));
#4524 = CARTESIAN_POINT('',(115.29547239811,7.846776404407,3.));
#4525 = CARTESIAN_POINT('',(115.09602518097,8.162859212619,3.));
#4526 = CARTESIAN_POINT('',(114.97340425168,8.374192394367,
    2.999999999999));
#4527 = CARTESIAN_POINT('',(114.9365735299,8.531592936601,3.000000000001
    ));
#4528 = CARTESIAN_POINT('',(114.85091205138,8.762164108101,
    2.999999999999));
#4529 = CARTESIAN_POINT('',(114.82538296092,8.951404391948,3.));
#4530 = CARTESIAN_POINT('',(114.76697888338,9.378593033829,3.));
#4531 = CARTESIAN_POINT('',(114.77368630165,9.801319890832,3.));
#4532 = CARTESIAN_POINT('',(114.77307072291,10.019936027495,
    2.999999999999));
#4533 = CARTESIAN_POINT('',(114.81628281298,10.246862837751,
    3.000000000001));
#4534 = CARTESIAN_POINT('',(114.83464255575,10.4477869393,2.999999999999
    ));
#4535 = CARTESIAN_POINT('',(114.91151461682,10.674807604063,3.));
#4536 = CARTESIAN_POINT('',(115.05437207311,11.047510933436,3.));
#4537 = CARTESIAN_POINT('',(115.30798281979,11.401342410524,3.));
#4538 = CARTESIAN_POINT('',(115.39775322631,11.5171041819,3.));
#4539 = CARTESIAN_POINT('',(115.63342969456,11.703601858299,
    2.999999999999));
#4540 = CARTESIAN_POINT('',(115.68743657533,11.761739588293,
    3.000000000001));
#4541 = CARTESIAN_POINT('',(115.93216411025,11.883645962268,3.));
#4542 = CARTESIAN_POINT('',(116.26295980475,12.022951457801,3.));
#4543 = CARTESIAN_POINT('',(116.72497740304,12.11155349682,3.));
#4544 = CARTESIAN_POINT('',(116.82522744808,12.115962288372,
    3.000000000001));
#4545 = CARTESIAN_POINT('',(117.24336002834,12.127550426709,
    2.999999999998));
#4546 = CARTESIAN_POINT('',(117.25980015021,12.135610362618,
    3.000000000001));
#4547 = CARTESIAN_POINT('',(117.58558823656,12.086058372404,
    2.999999999999));
#4548 = CARTESIAN_POINT('',(117.94318974447,11.994346131206,
    3.000000000001));
#4549 = CARTESIAN_POINT('',(118.37202443392,11.794863408349,
    2.999999999999));
#4550 = CARTESIAN_POINT('',(118.47975167228,11.711019540395,
    3.000000000002));
#4551 = CARTESIAN_POINT('',(118.75867198527,11.539520186273,
    2.999999999998));
#4552 = CARTESIAN_POINT('',(118.80280498605,11.44761154654,
    3.000000000001));
#4553 = CARTESIAN_POINT('',(119.00821091094,11.256567239227,
    2.999999999999));
#4554 = CARTESIAN_POINT('',(119.10697483954,11.103744988681,3.));
#4555 = CARTESIAN_POINT('',(119.22077013161,10.925246512013,3.));
#4556 = PCURVE('',#4257,#4557);
#4557 = DEFINITIONAL_REPRESENTATION('',(#4558),#4562);
#4558 = LINE('',#4559,#4560);
#4559 = CARTESIAN_POINT('',(0.,0.));
#4560 = VECTOR('',#4561,1.);
#4561 = DIRECTION('',(1.,0.));
#4562 = ( GEOMETRIC_REPRESENTATION_CONTEXT(2) 
PARAMETRIC_REPRESENTATION_CONTEXT() REPRESENTATION_CONTEXT('2D SPACE',''
  ) );
#4563 = PCURVE('',#4333,#4564);
#4564 = DEFINITIONAL_REPRESENTATION('',(#4565),#4617);
#4565 = B_SPLINE_CURVE_WITH_KNOTS('',8,(#4566,#4567,#4568,#4569,#4570,
    #4571,#4572,#4573,#4574,#4575,#4576,#4577,#4578,#4579,#4580,#4581,
    #4582,#4583,#4584,#4585,#4586,#4587,#4588,#4589,#4590,#4591,#4592,
    #4593,#4594,#4595,#4596,#4597,#4598,#4599,#4600,#4601,#4602,#4603,
    #4604,#4605,#4606,#4607,#4608,#4609,#4610,#4611,#4612,#4613,#4614,
    #4615,#4616),.UNSPECIFIED.,.F.,.F.,(9,6,6,6,6,6,6,6,9),(0.,
    0.123552247934,0.256383165204,0.372174162006,0.496445356349,
    0.628503060107,0.745335335698,0.87508929269,1.),.UNSPECIFIED.);
#4566 = CARTESIAN_POINT('',(3.44252359579,-2.392787396512));
#4567 = CARTESIAN_POINT('',(3.408828258075,-2.303548016802));
#4568 = CARTESIAN_POINT('',(2.654238451795,-2.627011967009));
#4569 = CARTESIAN_POINT('',(3.272514336815,-2.232863690135));
#4570 = CARTESIAN_POINT('',(2.371386118678,-2.658804534141));
#4571 = CARTESIAN_POINT('',(2.48976149443,-2.435862614798));
#4572 = CARTESIAN_POINT('',(2.236921847545,-2.54565448441));
#4573 = CARTESIAN_POINT('',(1.778809538243,-2.548650368367));
#4574 = CARTESIAN_POINT('',(1.404356886285,-2.590470408385));
#4575 = CARTESIAN_POINT('',(1.05736569671,-2.548406387115));
#4576 = CARTESIAN_POINT('',(1.086264154966,-2.630993379373));
#4577 = CARTESIAN_POINT('',(0.597366557957,-2.540803024195));
#4578 = CARTESIAN_POINT('',(0.538162108914,-2.562124154171));
#4579 = CARTESIAN_POINT('',(4.825575826175E-02,-2.466757178541));
#4580 = CARTESIAN_POINT('',(-0.274773813154,-2.362388782318));
#4581 = CARTESIAN_POINT('',(-0.552504651364,-2.248801169241));
#4582 = CARTESIAN_POINT('',(-0.576599077955,-2.231974150035));
#4583 = CARTESIAN_POINT('',(-0.867266427792,-2.057485255717));
#4584 = CARTESIAN_POINT('',(-0.958723239004,-1.976491097107));
#4585 = CARTESIAN_POINT('',(-1.271655973852,-1.67954417549));
#4586 = CARTESIAN_POINT('',(-1.47110319099,-1.363461367278));
#4587 = CARTESIAN_POINT('',(-1.593724120288,-1.152128185529));
#4588 = CARTESIAN_POINT('',(-1.630554842068,-0.994727643296));
#4589 = CARTESIAN_POINT('',(-1.716216320582,-0.764156471795));
#4590 = CARTESIAN_POINT('',(-1.741745411044,-0.574916187949));
#4591 = CARTESIAN_POINT('',(-1.800149488584,-0.147727546068));
#4592 = CARTESIAN_POINT('',(-1.79344207032,0.274999310936));
#4593 = CARTESIAN_POINT('',(-1.794057649053,0.493615447598));
#4594 = CARTESIAN_POINT('',(-1.750845558983,0.720542257855));
#4595 = CARTESIAN_POINT('',(-1.73248581622,0.921466359404));
#4596 = CARTESIAN_POINT('',(-1.655613755141,1.148487024166));
#4597 = CARTESIAN_POINT('',(-1.512756298853,1.52119035354));
#4598 = CARTESIAN_POINT('',(-1.259145552173,1.875021830628));
#4599 = CARTESIAN_POINT('',(-1.169375145653,1.990783602003));
#4600 = CARTESIAN_POINT('',(-0.933698677406,2.177281278402));
#4601 = CARTESIAN_POINT('',(-0.87969179664,2.235419008397));
#4602 = CARTESIAN_POINT('',(-0.634964261712,2.357325382371));
#4603 = CARTESIAN_POINT('',(-0.304168567213,2.496630877905));
#4604 = CARTESIAN_POINT('',(0.157849031072,2.585232916924));
#4605 = CARTESIAN_POINT('',(0.258099076119,2.589641708476));
#4606 = CARTESIAN_POINT('',(0.676231656376,2.601229846813));
#4607 = CARTESIAN_POINT('',(0.692671778248,2.609289782722));
#4608 = CARTESIAN_POINT('',(1.018459864597,2.559737792507));
#4609 = CARTESIAN_POINT('',(1.376061372502,2.468025551309));
#4610 = CARTESIAN_POINT('',(1.804896061957,2.268542828453));
#4611 = CARTESIAN_POINT('',(1.912623300319,2.184698960499));
#4612 = CARTESIAN_POINT('',(2.191543613305,2.013199606376));
#4613 = CARTESIAN_POINT('',(2.235676614085,1.921290966643));
#4614 = CARTESIAN_POINT('',(2.44108253897,1.730246659331));
#4615 = CARTESIAN_POINT('',(2.539846467576,1.577424408784));
#4616 = CARTESIAN_POINT('',(2.65364175964,1.398925932117));
#4617 = ( GEOMETRIC_REPRESENTATION_CONTEXT(2) 
PARAMETRIC_REPRESENTATION_CONTEXT() REPRESENTATION_CONTEXT('2D SPACE',''
  ) );
#4618 = ADVANCED_FACE('',(#4619),#4484,.F.);
#4619 = FACE_BOUND('',#4620,.F.);
#4620 = EDGE_LOOP('',(#4621,#4622,#4653,#4676));
#4621 = ORIENTED_EDGE('',*,*,#4468,.T.);
#4622 = ORIENTED_EDGE('',*,*,#4623,.T.);
#4623 = EDGE_CURVE('',#4350,#4624,#4626,.T.);
#4624 = VERTEX_POINT('',#4625);
#4625 = CARTESIAN_POINT('',(120.69495129452,12.069786205225,4.2));
#4626 = SURFACE_CURVE('',#4627,(#4635,#4642),.PCURVE_S1.);
#4627 = B_SPLINE_CURVE_WITH_KNOTS('',6,(#4628,#4629,#4630,#4631,#4632,
    #4633,#4634),.UNSPECIFIED.,.F.,.F.,(7,7),(0.,1.),
  .PIECEWISE_BEZIER_KNOTS.);
#4628 = CARTESIAN_POINT('',(119.22077013161,10.925246512013,4.2));
#4629 = CARTESIAN_POINT('',(119.47862726998,11.099092397086,4.2));
#4630 = CARTESIAN_POINT('',(119.70015486288,11.323662688425,4.2));
#4631 = CARTESIAN_POINT('',(119.97268879955,11.476706761719,4.2));
#4632 = CARTESIAN_POINT('',(120.19781068787,11.696409461961,4.2));
#4633 = CARTESIAN_POINT('',(120.4515375882,11.875827895895,4.2));
#4634 = CARTESIAN_POINT('',(120.69495129452,12.069786205225,4.2));
#4635 = PCURVE('',#4484,#4636);
#4636 = DEFINITIONAL_REPRESENTATION('',(#4637),#4641);
#4637 = LINE('',#4638,#4639);
#4638 = CARTESIAN_POINT('',(0.,-1.2));
#4639 = VECTOR('',#4640,1.);
#4640 = DIRECTION('',(1.,0.));
#4641 = ( GEOMETRIC_REPRESENTATION_CONTEXT(2) 
PARAMETRIC_REPRESENTATION_CONTEXT() REPRESENTATION_CONTEXT('2D SPACE',''
  ) );
#4642 = PCURVE('',#4229,#4643);
#4643 = DEFINITIONAL_REPRESENTATION('',(#4644),#4652);
#4644 = B_SPLINE_CURVE_WITH_KNOTS('',6,(#4645,#4646,#4647,#4648,#4649,
    #4650,#4651),.UNSPECIFIED.,.F.,.F.,(7,7),(0.,1.),
  .PIECEWISE_BEZIER_KNOTS.);
#4645 = CARTESIAN_POINT('',(2.65364175964,1.398925932117));
#4646 = CARTESIAN_POINT('',(2.911498898017,1.57277181719));
#4647 = CARTESIAN_POINT('',(3.133026490914,1.797342108528));
#4648 = CARTESIAN_POINT('',(3.405560427586,1.950386181823));
#4649 = CARTESIAN_POINT('',(3.630682315905,2.170088882065));
#4650 = CARTESIAN_POINT('',(3.884409216237,2.349507315998));
#4651 = CARTESIAN_POINT('',(4.127822922554,2.543465625328));
#4652 = ( GEOMETRIC_REPRESENTATION_CONTEXT(2) 
PARAMETRIC_REPRESENTATION_CONTEXT() REPRESENTATION_CONTEXT('2D SPACE',''
  ) );
#4653 = ORIENTED_EDGE('',*,*,#4654,.F.);
#4654 = EDGE_CURVE('',#4655,#4624,#4657,.T.);
#4655 = VERTEX_POINT('',#4656);
#4656 = CARTESIAN_POINT('',(120.69495129452,12.069786205225,3.));
#4657 = SURFACE_CURVE('',#4658,(#4662,#4669),.PCURVE_S1.);
#4658 = LINE('',#4659,#4660);
#4659 = CARTESIAN_POINT('',(120.69495129452,12.069786205225,3.));
#4660 = VECTOR('',#4661,1.);
#4661 = DIRECTION('',(0.,0.,1.));
#4662 = PCURVE('',#4484,#4663);
#4663 = DEFINITIONAL_REPRESENTATION('',(#4664),#4668);
#4664 = LINE('',#4665,#4666);
#4665 = CARTESIAN_POINT('',(1.,0.));
#4666 = VECTOR('',#4667,1.);
#4667 = DIRECTION('',(0.,-1.));
#4668 = ( GEOMETRIC_REPRESENTATION_CONTEXT(2) 
PARAMETRIC_REPRESENTATION_CONTEXT() REPRESENTATION_CONTEXT('2D SPACE',''
  ) );
#4669 = PCURVE('',#4133,#4670);
#4670 = DEFINITIONAL_REPRESENTATION('',(#4671),#4675);
#4671 = LINE('',#4672,#4673);
#4672 = CARTESIAN_POINT('',(0.,0.));
#4673 = VECTOR('',#4674,1.);
#4674 = DIRECTION('',(0.,-1.));
#4675 = ( GEOMETRIC_REPRESENTATION_CONTEXT(2) 
PARAMETRIC_REPRESENTATION_CONTEXT() REPRESENTATION_CONTEXT('2D SPACE',''
  ) );
#4676 = ORIENTED_EDGE('',*,*,#4677,.F.);
#4677 = EDGE_CURVE('',#4469,#4655,#4678,.T.);
#4678 = SURFACE_CURVE('',#4679,(#4687,#4694),.PCURVE_S1.);
#4679 = B_SPLINE_CURVE_WITH_KNOTS('',6,(#4680,#4681,#4682,#4683,#4684,
    #4685,#4686),.UNSPECIFIED.,.F.,.F.,(7,7),(0.,1.),
  .PIECEWISE_BEZIER_KNOTS.);
#4680 = CARTESIAN_POINT('',(119.22077013161,10.925246512013,3.));
#4681 = CARTESIAN_POINT('',(119.47862726998,11.099092397086,3.));
#4682 = CARTESIAN_POINT('',(119.70015486288,11.323662688425,3.));
#4683 = CARTESIAN_POINT('',(119.97268879955,11.476706761719,3.));
#4684 = CARTESIAN_POINT('',(120.19781068787,11.696409461961,3.));
#4685 = CARTESIAN_POINT('',(120.4515375882,11.875827895895,3.));
#4686 = CARTESIAN_POINT('',(120.69495129452,12.069786205225,3.));
#4687 = PCURVE('',#4484,#4688);
#4688 = DEFINITIONAL_REPRESENTATION('',(#4689),#4693);
#4689 = LINE('',#4690,#4691);
#4690 = CARTESIAN_POINT('',(0.,0.));
#4691 = VECTOR('',#4692,1.);
#4692 = DIRECTION('',(1.,0.));
#4693 = ( GEOMETRIC_REPRESENTATION_CONTEXT(2) 
PARAMETRIC_REPRESENTATION_CONTEXT() REPRESENTATION_CONTEXT('2D SPACE',''
  ) );
#4694 = PCURVE('',#4333,#4695);
#4695 = DEFINITIONAL_REPRESENTATION('',(#4696),#4704);
#4696 = B_SPLINE_CURVE_WITH_KNOTS('',6,(#4697,#4698,#4699,#4700,#4701,
    #4702,#4703),.UNSPECIFIED.,.F.,.F.,(7,7),(0.,1.),
  .PIECEWISE_BEZIER_KNOTS.);
#4697 = CARTESIAN_POINT('',(2.65364175964,1.398925932117));
#4698 = CARTESIAN_POINT('',(2.911498898017,1.57277181719));
#4699 = CARTESIAN_POINT('',(3.133026490914,1.797342108528));
#4700 = CARTESIAN_POINT('',(3.405560427586,1.950386181823));
#4701 = CARTESIAN_POINT('',(3.630682315905,2.170088882065));
#4702 = CARTESIAN_POINT('',(3.884409216237,2.349507315998));
#4703 = CARTESIAN_POINT('',(4.127822922554,2.543465625328));
#4704 = ( GEOMETRIC_REPRESENTATION_CONTEXT(2) 
PARAMETRIC_REPRESENTATION_CONTEXT() REPRESENTATION_CONTEXT('2D SPACE',''
  ) );
#4705 = ADVANCED_FACE('',(#4706),#4133,.F.);
#4706 = FACE_BOUND('',#4707,.F.);
#4707 = EDGE_LOOP('',(#4708,#4709,#4862,#4863));
#4708 = ORIENTED_EDGE('',*,*,#4654,.T.);
#4709 = ORIENTED_EDGE('',*,*,#4710,.T.);
#4710 = EDGE_CURVE('',#4624,#4113,#4711,.T.);
#4711 = SURFACE_CURVE('',#4712,(#4782,#4789),.PCURVE_S1.);
#4712 = B_SPLINE_CURVE_WITH_KNOTS('',8,(#4713,#4714,#4715,#4716,#4717,
    #4718,#4719,#4720,#4721,#4722,#4723,#4724,#4725,#4726,#4727,#4728,
    #4729,#4730,#4731,#4732,#4733,#4734,#4735,#4736,#4737,#4738,#4739,
    #4740,#4741,#4742,#4743,#4744,#4745,#4746,#4747,#4748,#4749,#4750,
    #4751,#4752,#4753,#4754,#4755,#4756,#4757,#4758,#4759,#4760,#4761,
    #4762,#4763,#4764,#4765,#4766,#4767,#4768,#4769,#4770,#4771,#4772,
    #4773,#4774,#4775,#4776,#4777,#4778,#4779,#4780,#4781),
  .UNSPECIFIED.,.F.,.F.,(9,6,6,6,6,6,6,6,6,6,6,9),(0.,9.074550853033E-02
    ,0.18008884003,0.278947276247,0.36377126745,0.449029005402,
    0.548596863967,0.641316675227,0.724604235956,0.812232238741,
    0.909399488641,1.),.UNSPECIFIED.);
#4713 = CARTESIAN_POINT('',(120.69495129452,12.069786205225,4.2));
#4714 = CARTESIAN_POINT('',(120.64968952967,12.274241406975,4.2));
#4715 = CARTESIAN_POINT('',(120.35133331378,12.617517684205,
    4.199999999999));
#4716 = CARTESIAN_POINT('',(120.59451041951,12.515244687172,
    4.200000000002));
#4717 = CARTESIAN_POINT('',(119.92533346874,13.117737965437,
    4.199999999998));
#4718 = CARTESIAN_POINT('',(120.16995522113,12.950421363404,
    4.200000000002));
#4719 = CARTESIAN_POINT('',(119.7681475401,13.25614138432,4.199999999999
    ));
#4720 = CARTESIAN_POINT('',(119.4475767569,13.460512784864,
    4.200000000001));
#4721 = CARTESIAN_POINT('',(118.92677589586,13.70516113961,4.2));
#4722 = CARTESIAN_POINT('',(118.80060930368,13.730191091533,
    4.200000000001));
#4723 = CARTESIAN_POINT('',(118.4253541842,13.867902366706,
    4.199999999999));
#4724 = CARTESIAN_POINT('',(118.30587114142,13.864847149471,
    4.200000000001));
#4725 = CARTESIAN_POINT('',(118.01470367393,13.924670849481,4.2));
#4726 = CARTESIAN_POINT('',(117.52960846301,13.970747474411,4.2));
#4727 = CARTESIAN_POINT('',(117.00544100944,13.981207799234,4.2));
#4728 = CARTESIAN_POINT('',(116.75692650275,13.963101260606,
    4.200000000001));
#4729 = CARTESIAN_POINT('',(116.47075765019,13.959831782545,
    4.199999999999));
#4730 = CARTESIAN_POINT('',(116.21815761677,13.916031787772,
    4.200000000001));
#4731 = CARTESIAN_POINT('',(115.95087026424,13.875803124085,
    4.199999999999));
#4732 = CARTESIAN_POINT('',(115.4690793614,13.758401958425,
    4.200000000001));
#4733 = CARTESIAN_POINT('',(115.00504589996,13.584781560796,4.2));
#4734 = CARTESIAN_POINT('',(114.79632040647,13.488023799692,
    4.200000000001));
#4735 = CARTESIAN_POINT('',(114.59384995458,13.381929936026,
    4.199999999999));
#4736 = CARTESIAN_POINT('',(114.40054916565,13.256162725804,
    4.200000000001));
#4737 = CARTESIAN_POINT('',(114.21629678708,13.119128499012,4.2));
#4738 = CARTESIAN_POINT('',(113.87149426886,12.81604014365,4.2));
#4739 = CARTESIAN_POINT('',(113.57370142186,12.465235631651,4.2));
#4740 = CARTESIAN_POINT('',(113.43875647412,12.28077034562,4.2));
#4741 = CARTESIAN_POINT('',(113.31471508999,12.080185942375,
    4.199999999999));
#4742 = CARTESIAN_POINT('',(113.20982236996,11.880975045217,
    4.200000000001));
#4743 = CARTESIAN_POINT('',(113.11519165732,11.666721873758,4.2));
#4744 = CARTESIAN_POINT('',(112.94372737167,11.201030462312,4.2));
#4745 = CARTESIAN_POINT('',(112.83034466824,10.711877093082,4.2));
#4746 = CARTESIAN_POINT('',(112.78812065127,10.45218970368,
    4.200000000001));
#4747 = CARTESIAN_POINT('',(112.75444164488,10.174958810072,
    4.199999999999));
#4748 = CARTESIAN_POINT('',(112.74158701164,9.916460014132,
    4.200000000001));
#4749 = CARTESIAN_POINT('',(112.73429502471,9.642548406881,4.2));
#4750 = CARTESIAN_POINT('',(112.74245558322,9.12665245052,4.2));
#4751 = CARTESIAN_POINT('',(112.79802529786,8.608671561976,4.2));
#4752 = CARTESIAN_POINT('',(112.83693467387,8.364899818228,4.2));
#4753 = CARTESIAN_POINT('',(112.88874307221,8.114527434764,
    4.200000000001));
#4754 = CARTESIAN_POINT('',(112.95680063199,7.877299866481,
    4.199999999999));
#4755 = CARTESIAN_POINT('',(113.03872651991,7.638541691978,
    4.200000000001));
#4756 = CARTESIAN_POINT('',(113.2296413668,7.202929264503,4.199999999999
    ));
#4757 = CARTESIAN_POINT('',(113.47876720276,6.798930055815,
    4.200000000001));
#4758 = CARTESIAN_POINT('',(113.61663208616,6.615483942943,
    4.199999999998));
#4759 = CARTESIAN_POINT('',(113.74858152502,6.446715328028,
    4.200000000003));
#4760 = CARTESIAN_POINT('',(113.92568853462,6.280533478287,
    4.199999999998));
#4761 = CARTESIAN_POINT('',(114.0796464412,6.135981814416,4.200000000001
    ));
#4762 = CARTESIAN_POINT('',(114.45817162533,5.850588535882,
    4.199999999999));
#4763 = CARTESIAN_POINT('',(114.84358931463,5.627474349335,4.2));
#4764 = CARTESIAN_POINT('',(115.09902643774,5.513361531755,
    4.199999999999));
#4765 = CARTESIAN_POINT('',(115.2275723112,5.445411512186,4.2));
#4766 = CARTESIAN_POINT('',(115.56377280994,5.347870454374,4.2));
#4767 = CARTESIAN_POINT('',(115.71130249687,5.297114280447,4.2));
#4768 = CARTESIAN_POINT('',(116.26053163186,5.179955708723,4.2));
#4769 = CARTESIAN_POINT('',(116.67618231076,5.123479012944,4.2));
#4770 = CARTESIAN_POINT('',(117.12782399904,5.092922252858,
    4.200000000001));
#4771 = CARTESIAN_POINT('',(116.99889629212,5.087269309938,
    4.199999999999));
#4772 = CARTESIAN_POINT('',(117.72313001156,5.08822315834,4.200000000001
    ));
#4773 = CARTESIAN_POINT('',(117.65742058923,5.091001616944,4.2));
#4774 = CARTESIAN_POINT('',(118.40767062013,5.105232609942,
    4.200000000001));
#4775 = CARTESIAN_POINT('',(118.63307978041,5.131124545817,
    4.199999999999));
#4776 = CARTESIAN_POINT('',(119.62228054502,5.159282070683,
    4.200000000002));
#4777 = CARTESIAN_POINT('',(118.13790751134,5.145049623218,
    4.199999999998));
#4778 = CARTESIAN_POINT('',(120.70490325132,5.211165812955,
    4.200000000002));
#4779 = CARTESIAN_POINT('',(118.9887563769,5.255573586846,4.199999999999
    ));
#4780 = CARTESIAN_POINT('',(120.24124579448,5.250098337022,4.2));
#4781 = CARTESIAN_POINT('',(120.21355554266,5.361854169063,4.2));
#4782 = PCURVE('',#4133,#4783);
#4783 = DEFINITIONAL_REPRESENTATION('',(#4784),#4788);
#4784 = LINE('',#4785,#4786);
#4785 = CARTESIAN_POINT('',(0.,-1.2));
#4786 = VECTOR('',#4787,1.);
#4787 = DIRECTION('',(1.,0.));
#4788 = ( GEOMETRIC_REPRESENTATION_CONTEXT(2) 
PARAMETRIC_REPRESENTATION_CONTEXT() REPRESENTATION_CONTEXT('2D SPACE',''
  ) );
#4789 = PCURVE('',#4229,#4790);
#4790 = DEFINITIONAL_REPRESENTATION('',(#4791),#4861);
#4791 = B_SPLINE_CURVE_WITH_KNOTS('',8,(#4792,#4793,#4794,#4795,#4796,
    #4797,#4798,#4799,#4800,#4801,#4802,#4803,#4804,#4805,#4806,#4807,
    #4808,#4809,#4810,#4811,#4812,#4813,#4814,#4815,#4816,#4817,#4818,
    #4819,#4820,#4821,#4822,#4823,#4824,#4825,#4826,#4827,#4828,#4829,
    #4830,#4831,#4832,#4833,#4834,#4835,#4836,#4837,#4838,#4839,#4840,
    #4841,#4842,#4843,#4844,#4845,#4846,#4847,#4848,#4849,#4850,#4851,
    #4852,#4853,#4854,#4855,#4856,#4857,#4858,#4859,#4860),
  .UNSPECIFIED.,.F.,.F.,(9,6,6,6,6,6,6,6,6,6,6,9),(0.,9.074550853033E-02
    ,0.18008884003,0.278947276247,0.36377126745,0.449029005402,
    0.548596863967,0.641316675227,0.724604235956,0.812232238741,
    0.909399488641,1.),.UNSPECIFIED.);
#4792 = CARTESIAN_POINT('',(4.127822922554,2.543465625328));
#4793 = CARTESIAN_POINT('',(4.082561157702,2.747920827079));
#4794 = CARTESIAN_POINT('',(3.784204941813,3.091197104309));
#4795 = CARTESIAN_POINT('',(4.02738204755,2.988924107276));
#4796 = CARTESIAN_POINT('',(3.358205096771,3.59141738554));
#4797 = CARTESIAN_POINT('',(3.602826849168,3.424100783507));
#4798 = CARTESIAN_POINT('',(3.201019168136,3.729820804423));
#4799 = CARTESIAN_POINT('',(2.880448384937,3.934192204967));
#4800 = CARTESIAN_POINT('',(2.359647523899,4.178840559714));
#4801 = CARTESIAN_POINT('',(2.233480931716,4.203870511637));
#4802 = CARTESIAN_POINT('',(1.858225812236,4.341581786809));
#4803 = CARTESIAN_POINT('',(1.73874276945,4.338526569575));
#4804 = CARTESIAN_POINT('',(1.447575301969,4.398350269585));
#4805 = CARTESIAN_POINT('',(0.962480091047,4.444426894514));
#4806 = CARTESIAN_POINT('',(0.438312637476,4.454887219337));
#4807 = CARTESIAN_POINT('',(0.189798130784,4.43678068071));
#4808 = CARTESIAN_POINT('',(-9.637072177095E-02,4.433511202649));
#4809 = CARTESIAN_POINT('',(-0.348970755198,4.389711207876));
#4810 = CARTESIAN_POINT('',(-0.616258107729,4.349482544189));
#4811 = CARTESIAN_POINT('',(-1.098049010562,4.232081378529));
#4812 = CARTESIAN_POINT('',(-1.562082472009,4.058460980899));
#4813 = CARTESIAN_POINT('',(-1.770807965494,3.961703219796));
#4814 = CARTESIAN_POINT('',(-1.973278417388,3.855609356129));
#4815 = CARTESIAN_POINT('',(-2.166579206318,3.729842145908));
#4816 = CARTESIAN_POINT('',(-2.350831584884,3.592807919115));
#4817 = CARTESIAN_POINT('',(-2.695634103108,3.289719563754));
#4818 = CARTESIAN_POINT('',(-2.993426950108,2.938915051754));
#4819 = CARTESIAN_POINT('',(-3.128371897845,2.754449765724));
#4820 = CARTESIAN_POINT('',(-3.25241328198,2.553865362479));
#4821 = CARTESIAN_POINT('',(-3.357306002008,2.35465446532));
#4822 = CARTESIAN_POINT('',(-3.451936714641,2.140401293862));
#4823 = CARTESIAN_POINT('',(-3.623401000293,1.674709882415));
#4824 = CARTESIAN_POINT('',(-3.736783703724,1.185556513185));
#4825 = CARTESIAN_POINT('',(-3.779007720698,0.925869123783));
#4826 = CARTESIAN_POINT('',(-3.812686727086,0.648638230175));
#4827 = CARTESIAN_POINT('',(-3.82554136033,0.390139434236));
#4828 = CARTESIAN_POINT('',(-3.832833347258,0.116227826984));
#4829 = CARTESIAN_POINT('',(-3.824672788749,-0.399668129376));
#4830 = CARTESIAN_POINT('',(-3.76910307411,-0.91764901792));
#4831 = CARTESIAN_POINT('',(-3.730193698093,-1.161420761668));
#4832 = CARTESIAN_POINT('',(-3.678385299758,-1.411793145132));
#4833 = CARTESIAN_POINT('',(-3.610327739976,-1.649020713416));
#4834 = CARTESIAN_POINT('',(-3.528401852051,-1.887778887918));
#4835 = CARTESIAN_POINT('',(-3.337487005169,-2.323391315393));
#4836 = CARTESIAN_POINT('',(-3.088361169205,-2.727390524081));
#4837 = CARTESIAN_POINT('',(-2.950496285809,-2.910836636954));
#4838 = CARTESIAN_POINT('',(-2.81854684695,-3.079605251868));
#4839 = CARTESIAN_POINT('',(-2.641439837342,-3.245787101609));
#4840 = CARTESIAN_POINT('',(-2.487481930767,-3.39033876548));
#4841 = CARTESIAN_POINT('',(-2.108956746633,-3.675732044014));
#4842 = CARTESIAN_POINT('',(-1.723539057331,-3.898846230561));
#4843 = CARTESIAN_POINT('',(-1.468101934225,-4.012959048142));
#4844 = CARTESIAN_POINT('',(-1.339556060765,-4.080909067711));
#4845 = CARTESIAN_POINT('',(-1.003355562021,-4.178450125523));
#4846 = CARTESIAN_POINT('',(-0.855825875099,-4.22920629945));
#4847 = CARTESIAN_POINT('',(-0.306596740104,-4.346364871174));
#4848 = CARTESIAN_POINT('',(0.109053938799,-4.402841566952));
#4849 = CARTESIAN_POINT('',(0.560695627076,-4.433398327038));
#4850 = CARTESIAN_POINT('',(0.431767920153,-4.439051269959));
#4851 = CARTESIAN_POINT('',(1.156001639599,-4.438097421557));
#4852 = CARTESIAN_POINT('',(1.090292217263,-4.435318962953));
#4853 = CARTESIAN_POINT('',(1.840542248162,-4.421087969955));
#4854 = CARTESIAN_POINT('',(2.065951408445,-4.39519603408));
#4855 = CARTESIAN_POINT('',(3.055152173059,-4.367038509214));
#4856 = CARTESIAN_POINT('',(1.570779139375,-4.381270956679));
#4857 = CARTESIAN_POINT('',(4.137774879354,-4.315154766941));
#4858 = CARTESIAN_POINT('',(2.421628004933,-4.270746993051));
#4859 = CARTESIAN_POINT('',(3.674117422517,-4.276222242875));
#4860 = CARTESIAN_POINT('',(3.646427170692,-4.164466410833));
#4861 = ( GEOMETRIC_REPRESENTATION_CONTEXT(2) 
PARAMETRIC_REPRESENTATION_CONTEXT() REPRESENTATION_CONTEXT('2D SPACE',''
  ) );
#4862 = ORIENTED_EDGE('',*,*,#4110,.F.);
#4863 = ORIENTED_EDGE('',*,*,#4864,.F.);
#4864 = EDGE_CURVE('',#4655,#4111,#4865,.T.);
#4865 = SURFACE_CURVE('',#4866,(#4936,#4943),.PCURVE_S1.);
#4866 = B_SPLINE_CURVE_WITH_KNOTS('',8,(#4867,#4868,#4869,#4870,#4871,
    #4872,#4873,#4874,#4875,#4876,#4877,#4878,#4879,#4880,#4881,#4882,
    #4883,#4884,#4885,#4886,#4887,#4888,#4889,#4890,#4891,#4892,#4893,
    #4894,#4895,#4896,#4897,#4898,#4899,#4900,#4901,#4902,#4903,#4904,
    #4905,#4906,#4907,#4908,#4909,#4910,#4911,#4912,#4913,#4914,#4915,
    #4916,#4917,#4918,#4919,#4920,#4921,#4922,#4923,#4924,#4925,#4926,
    #4927,#4928,#4929,#4930,#4931,#4932,#4933,#4934,#4935),
  .UNSPECIFIED.,.F.,.F.,(9,6,6,6,6,6,6,6,6,6,6,9),(0.,9.074550853033E-02
    ,0.18008884003,0.278947276247,0.36377126745,0.449029005402,
    0.548596863967,0.641316675227,0.724604235956,0.812232238741,
    0.909399488641,1.),.UNSPECIFIED.);
#4867 = CARTESIAN_POINT('',(120.69495129452,12.069786205225,3.));
#4868 = CARTESIAN_POINT('',(120.64968952967,12.274241406975,3.));
#4869 = CARTESIAN_POINT('',(120.35133331378,12.617517684205,
    2.999999999999));
#4870 = CARTESIAN_POINT('',(120.59451041951,12.515244687172,
    3.000000000002));
#4871 = CARTESIAN_POINT('',(119.92533346874,13.117737965437,
    2.999999999998));
#4872 = CARTESIAN_POINT('',(120.16995522113,12.950421363404,
    3.000000000002));
#4873 = CARTESIAN_POINT('',(119.7681475401,13.25614138432,2.999999999999
    ));
#4874 = CARTESIAN_POINT('',(119.4475767569,13.460512784864,
    3.000000000001));
#4875 = CARTESIAN_POINT('',(118.92677589586,13.70516113961,3.));
#4876 = CARTESIAN_POINT('',(118.80060930368,13.730191091533,
    3.000000000001));
#4877 = CARTESIAN_POINT('',(118.4253541842,13.867902366706,
    2.999999999999));
#4878 = CARTESIAN_POINT('',(118.30587114142,13.864847149471,
    3.000000000001));
#4879 = CARTESIAN_POINT('',(118.01470367393,13.924670849481,3.));
#4880 = CARTESIAN_POINT('',(117.52960846301,13.970747474411,3.));
#4881 = CARTESIAN_POINT('',(117.00544100944,13.981207799234,3.));
#4882 = CARTESIAN_POINT('',(116.75692650275,13.963101260606,
    3.000000000001));
#4883 = CARTESIAN_POINT('',(116.47075765019,13.959831782545,
    2.999999999999));
#4884 = CARTESIAN_POINT('',(116.21815761677,13.916031787772,
    3.000000000001));
#4885 = CARTESIAN_POINT('',(115.95087026424,13.875803124085,
    2.999999999999));
#4886 = CARTESIAN_POINT('',(115.4690793614,13.758401958425,
    3.000000000001));
#4887 = CARTESIAN_POINT('',(115.00504589996,13.584781560796,3.));
#4888 = CARTESIAN_POINT('',(114.79632040647,13.488023799692,
    3.000000000001));
#4889 = CARTESIAN_POINT('',(114.59384995458,13.381929936026,
    2.999999999999));
#4890 = CARTESIAN_POINT('',(114.40054916565,13.256162725804,
    3.000000000001));
#4891 = CARTESIAN_POINT('',(114.21629678708,13.119128499012,3.));
#4892 = CARTESIAN_POINT('',(113.87149426886,12.81604014365,3.));
#4893 = CARTESIAN_POINT('',(113.57370142186,12.465235631651,3.));
#4894 = CARTESIAN_POINT('',(113.43875647412,12.28077034562,3.));
#4895 = CARTESIAN_POINT('',(113.31471508999,12.080185942375,
    2.999999999999));
#4896 = CARTESIAN_POINT('',(113.20982236996,11.880975045217,
    3.000000000001));
#4897 = CARTESIAN_POINT('',(113.11519165732,11.666721873758,3.));
#4898 = CARTESIAN_POINT('',(112.94372737167,11.201030462312,3.));
#4899 = CARTESIAN_POINT('',(112.83034466824,10.711877093082,3.));
#4900 = CARTESIAN_POINT('',(112.78812065127,10.45218970368,
    3.000000000001));
#4901 = CARTESIAN_POINT('',(112.75444164488,10.174958810072,
    2.999999999999));
#4902 = CARTESIAN_POINT('',(112.74158701164,9.916460014132,
    3.000000000001));
#4903 = CARTESIAN_POINT('',(112.73429502471,9.642548406881,3.));
#4904 = CARTESIAN_POINT('',(112.74245558322,9.12665245052,3.));
#4905 = CARTESIAN_POINT('',(112.79802529786,8.608671561976,3.));
#4906 = CARTESIAN_POINT('',(112.83693467387,8.364899818228,3.));
#4907 = CARTESIAN_POINT('',(112.88874307221,8.114527434764,
    3.000000000001));
#4908 = CARTESIAN_POINT('',(112.95680063199,7.877299866481,
    2.999999999999));
#4909 = CARTESIAN_POINT('',(113.03872651991,7.638541691978,
    3.000000000001));
#4910 = CARTESIAN_POINT('',(113.2296413668,7.202929264503,2.999999999999
    ));
#4911 = CARTESIAN_POINT('',(113.47876720276,6.798930055815,
    3.000000000001));
#4912 = CARTESIAN_POINT('',(113.61663208616,6.615483942943,
    2.999999999998));
#4913 = CARTESIAN_POINT('',(113.74858152502,6.446715328028,
    3.000000000003));
#4914 = CARTESIAN_POINT('',(113.92568853462,6.280533478287,
    2.999999999998));
#4915 = CARTESIAN_POINT('',(114.0796464412,6.135981814416,3.000000000001
    ));
#4916 = CARTESIAN_POINT('',(114.45817162533,5.850588535882,
    2.999999999999));
#4917 = CARTESIAN_POINT('',(114.84358931463,5.627474349335,3.));
#4918 = CARTESIAN_POINT('',(115.09902643774,5.513361531755,
    2.999999999999));
#4919 = CARTESIAN_POINT('',(115.2275723112,5.445411512186,3.));
#4920 = CARTESIAN_POINT('',(115.56377280994,5.347870454374,3.));
#4921 = CARTESIAN_POINT('',(115.71130249687,5.297114280447,3.));
#4922 = CARTESIAN_POINT('',(116.26053163186,5.179955708723,3.));
#4923 = CARTESIAN_POINT('',(116.67618231076,5.123479012944,3.));
#4924 = CARTESIAN_POINT('',(117.12782399904,5.092922252858,
    3.000000000001));
#4925 = CARTESIAN_POINT('',(116.99889629212,5.087269309938,
    2.999999999999));
#4926 = CARTESIAN_POINT('',(117.72313001156,5.08822315834,3.000000000001
    ));
#4927 = CARTESIAN_POINT('',(117.65742058923,5.091001616944,3.));
#4928 = CARTESIAN_POINT('',(118.40767062013,5.105232609942,
    3.000000000001));
#4929 = CARTESIAN_POINT('',(118.63307978041,5.131124545817,
    2.999999999999));
#4930 = CARTESIAN_POINT('',(119.62228054502,5.159282070683,
    3.000000000002));
#4931 = CARTESIAN_POINT('',(118.13790751134,5.145049623218,
    2.999999999998));
#4932 = CARTESIAN_POINT('',(120.70490325132,5.211165812955,
    3.000000000002));
#4933 = CARTESIAN_POINT('',(118.9887563769,5.255573586846,2.999999999999
    ));
#4934 = CARTESIAN_POINT('',(120.24124579448,5.250098337022,3.));
#4935 = CARTESIAN_POINT('',(120.21355554266,5.361854169063,3.));
#4936 = PCURVE('',#4133,#4937);
#4937 = DEFINITIONAL_REPRESENTATION('',(#4938),#4942);
#4938 = LINE('',#4939,#4940);
#4939 = CARTESIAN_POINT('',(0.,0.));
#4940 = VECTOR('',#4941,1.);
#4941 = DIRECTION('',(1.,0.));
#4942 = ( GEOMETRIC_REPRESENTATION_CONTEXT(2) 
PARAMETRIC_REPRESENTATION_CONTEXT() REPRESENTATION_CONTEXT('2D SPACE',''
  ) );
#4943 = PCURVE('',#4333,#4944);
#4944 = DEFINITIONAL_REPRESENTATION('',(#4945),#5015);
#4945 = B_SPLINE_CURVE_WITH_KNOTS('',8,(#4946,#4947,#4948,#4949,#4950,
    #4951,#4952,#4953,#4954,#4955,#4956,#4957,#4958,#4959,#4960,#4961,
    #4962,#4963,#4964,#4965,#4966,#4967,#4968,#4969,#4970,#4971,#4972,
    #4973,#4974,#4975,#4976,#4977,#4978,#4979,#4980,#4981,#4982,#4983,
    #4984,#4985,#4986,#4987,#4988,#4989,#4990,#4991,#4992,#4993,#4994,
    #4995,#4996,#4997,#4998,#4999,#5000,#5001,#5002,#5003,#5004,#5005,
    #5006,#5007,#5008,#5009,#5010,#5011,#5012,#5013,#5014),
  .UNSPECIFIED.,.F.,.F.,(9,6,6,6,6,6,6,6,6,6,6,9),(0.,9.074550853033E-02
    ,0.18008884003,0.278947276247,0.36377126745,0.449029005402,
    0.548596863967,0.641316675227,0.724604235956,0.812232238741,
    0.909399488641,1.),.UNSPECIFIED.);
#4946 = CARTESIAN_POINT('',(4.127822922554,2.543465625328));
#4947 = CARTESIAN_POINT('',(4.082561157702,2.747920827079));
#4948 = CARTESIAN_POINT('',(3.784204941813,3.091197104309));
#4949 = CARTESIAN_POINT('',(4.02738204755,2.988924107276));
#4950 = CARTESIAN_POINT('',(3.358205096771,3.59141738554));
#4951 = CARTESIAN_POINT('',(3.602826849168,3.424100783507));
#4952 = CARTESIAN_POINT('',(3.201019168136,3.729820804423));
#4953 = CARTESIAN_POINT('',(2.880448384937,3.934192204967));
#4954 = CARTESIAN_POINT('',(2.359647523899,4.178840559714));
#4955 = CARTESIAN_POINT('',(2.233480931716,4.203870511637));
#4956 = CARTESIAN_POINT('',(1.858225812236,4.341581786809));
#4957 = CARTESIAN_POINT('',(1.73874276945,4.338526569575));
#4958 = CARTESIAN_POINT('',(1.447575301969,4.398350269585));
#4959 = CARTESIAN_POINT('',(0.962480091047,4.444426894514));
#4960 = CARTESIAN_POINT('',(0.438312637476,4.454887219337));
#4961 = CARTESIAN_POINT('',(0.189798130784,4.43678068071));
#4962 = CARTESIAN_POINT('',(-9.637072177095E-02,4.433511202649));
#4963 = CARTESIAN_POINT('',(-0.348970755198,4.389711207876));
#4964 = CARTESIAN_POINT('',(-0.616258107729,4.349482544189));
#4965 = CARTESIAN_POINT('',(-1.098049010562,4.232081378529));
#4966 = CARTESIAN_POINT('',(-1.562082472009,4.058460980899));
#4967 = CARTESIAN_POINT('',(-1.770807965494,3.961703219796));
#4968 = CARTESIAN_POINT('',(-1.973278417388,3.855609356129));
#4969 = CARTESIAN_POINT('',(-2.166579206318,3.729842145908));
#4970 = CARTESIAN_POINT('',(-2.350831584884,3.592807919115));
#4971 = CARTESIAN_POINT('',(-2.695634103108,3.289719563754));
#4972 = CARTESIAN_POINT('',(-2.993426950108,2.938915051754));
#4973 = CARTESIAN_POINT('',(-3.128371897845,2.754449765724));
#4974 = CARTESIAN_POINT('',(-3.25241328198,2.553865362479));
#4975 = CARTESIAN_POINT('',(-3.357306002008,2.35465446532));
#4976 = CARTESIAN_POINT('',(-3.451936714641,2.140401293862));
#4977 = CARTESIAN_POINT('',(-3.623401000293,1.674709882415));
#4978 = CARTESIAN_POINT('',(-3.736783703724,1.185556513185));
#4979 = CARTESIAN_POINT('',(-3.779007720698,0.925869123783));
#4980 = CARTESIAN_POINT('',(-3.812686727086,0.648638230175));
#4981 = CARTESIAN_POINT('',(-3.82554136033,0.390139434236));
#4982 = CARTESIAN_POINT('',(-3.832833347258,0.116227826984));
#4983 = CARTESIAN_POINT('',(-3.824672788749,-0.399668129376));
#4984 = CARTESIAN_POINT('',(-3.76910307411,-0.91764901792));
#4985 = CARTESIAN_POINT('',(-3.730193698093,-1.161420761668));
#4986 = CARTESIAN_POINT('',(-3.678385299758,-1.411793145132));
#4987 = CARTESIAN_POINT('',(-3.610327739976,-1.649020713416));
#4988 = CARTESIAN_POINT('',(-3.528401852051,-1.887778887918));
#4989 = CARTESIAN_POINT('',(-3.337487005169,-2.323391315393));
#4990 = CARTESIAN_POINT('',(-3.088361169205,-2.727390524081));
#4991 = CARTESIAN_POINT('',(-2.950496285809,-2.910836636954));
#4992 = CARTESIAN_POINT('',(-2.81854684695,-3.079605251868));
#4993 = CARTESIAN_POINT('',(-2.641439837342,-3.245787101609));
#4994 = CARTESIAN_POINT('',(-2.487481930767,-3.39033876548));
#4995 = CARTESIAN_POINT('',(-2.108956746633,-3.675732044014));
#4996 = CARTESIAN_POINT('',(-1.723539057331,-3.898846230561));
#4997 = CARTESIAN_POINT('',(-1.468101934225,-4.012959048142));
#4998 = CARTESIAN_POINT('',(-1.339556060765,-4.080909067711));
#4999 = CARTESIAN_POINT('',(-1.003355562021,-4.178450125523));
#5000 = CARTESIAN_POINT('',(-0.855825875099,-4.22920629945));
#5001 = CARTESIAN_POINT('',(-0.306596740104,-4.346364871174));
#5002 = CARTESIAN_POINT('',(0.109053938799,-4.402841566952));
#5003 = CARTESIAN_POINT('',(0.560695627076,-4.433398327038));
#5004 = CARTESIAN_POINT('',(0.431767920153,-4.439051269959));
#5005 = CARTESIAN_POINT('',(1.156001639599,-4.438097421557));
#5006 = CARTESIAN_POINT('',(1.090292217263,-4.435318962953));
#5007 = CARTESIAN_POINT('',(1.840542248162,-4.421087969955));
#5008 = CARTESIAN_POINT('',(2.065951408445,-4.39519603408));
#5009 = CARTESIAN_POINT('',(3.055152173059,-4.367038509214));
#5010 = CARTESIAN_POINT('',(1.570779139375,-4.381270956679));
#5011 = CARTESIAN_POINT('',(4.137774879354,-4.315154766941));
#5012 = CARTESIAN_POINT('',(2.421628004933,-4.270746993051));
#5013 = CARTESIAN_POINT('',(3.674117422517,-4.276222242875));
#5014 = CARTESIAN_POINT('',(3.646427170692,-4.164466410833));
#5015 = ( GEOMETRIC_REPRESENTATION_CONTEXT(2) 
PARAMETRIC_REPRESENTATION_CONTEXT() REPRESENTATION_CONTEXT('2D SPACE',''
  ) );
#5016 = ADVANCED_FACE('',(#5017),#4333,.F.);
#5017 = FACE_BOUND('',#5018,.F.);
#5018 = EDGE_LOOP('',(#5019,#5020,#5021,#5022));
#5019 = ORIENTED_EDGE('',*,*,#4319,.T.);
#5020 = ORIENTED_EDGE('',*,*,#4502,.T.);
#5021 = ORIENTED_EDGE('',*,*,#4677,.T.);
#5022 = ORIENTED_EDGE('',*,*,#4864,.T.);
#5023 = ADVANCED_FACE('',(#5024),#4229,.T.);
#5024 = FACE_BOUND('',#5025,.T.);
#5025 = EDGE_LOOP('',(#5026,#5027,#5028,#5029));
#5026 = ORIENTED_EDGE('',*,*,#4213,.T.);
#5027 = ORIENTED_EDGE('',*,*,#4349,.T.);
#5028 = ORIENTED_EDGE('',*,*,#4623,.T.);
#5029 = ORIENTED_EDGE('',*,*,#4710,.T.);
#5030 = MANIFOLD_SOLID_BREP('',#5031);
#5031 = CLOSED_SHELL('',(#5032,#5157,#5251,#5381,#5601,#5697,#5859,#5983
    ,#6054,#6101,#6269,#6284));
#5032 = ADVANCED_FACE('',(#5033),#5047,.F.);
#5033 = FACE_BOUND('',#5034,.F.);
#5034 = EDGE_LOOP('',(#5035,#5070,#5098,#5131));
#5035 = ORIENTED_EDGE('',*,*,#5036,.T.);
#5036 = EDGE_CURVE('',#5037,#5039,#5041,.T.);
#5037 = VERTEX_POINT('',#5038);
#5038 = CARTESIAN_POINT('',(108.52829250201,5.172799034093,3.));
#5039 = VERTEX_POINT('',#5040);
#5040 = CARTESIAN_POINT('',(108.52829250201,5.172799034093,4.2));
#5041 = SURFACE_CURVE('',#5042,(#5046,#5058),.PCURVE_S1.);
#5042 = LINE('',#5043,#5044);
#5043 = CARTESIAN_POINT('',(108.52829250201,5.172799034093,3.));
#5044 = VECTOR('',#5045,1.);
#5045 = DIRECTION('',(0.,0.,1.));
#5046 = PCURVE('',#5047,#5052);
#5047 = PLANE('',#5048);
#5048 = AXIS2_PLACEMENT_3D('',#5049,#5050,#5051);
#5049 = CARTESIAN_POINT('',(108.52829250201,5.172799034093,3.));
#5050 = DIRECTION('',(-2.749285474717E-02,0.999622000027,0.));
#5051 = DIRECTION('',(0.999622000027,2.749285474717E-02,0.));
#5052 = DEFINITIONAL_REPRESENTATION('',(#5053),#5057);
#5053 = LINE('',#5054,#5055);
#5054 = CARTESIAN_POINT('',(0.,0.));
#5055 = VECTOR('',#5056,1.);
#5056 = DIRECTION('',(0.,-1.));
#5057 = ( GEOMETRIC_REPRESENTATION_CONTEXT(2) 
PARAMETRIC_REPRESENTATION_CONTEXT() REPRESENTATION_CONTEXT('2D SPACE',''
  ) );
#5058 = PCURVE('',#5059,#5064);
#5059 = PLANE('',#5060);
#5060 = AXIS2_PLACEMENT_3D('',#5061,#5062,#5063);
#5061 = CARTESIAN_POINT('',(108.41396687251,7.061805823956,3.));
#5062 = DIRECTION('',(0.998173586545,6.041101823902E-02,-0.));
#5063 = DIRECTION('',(6.041101823902E-02,-0.998173586545,0.));
#5064 = DEFINITIONAL_REPRESENTATION('',(#5065),#5069);
#5065 = LINE('',#5066,#5067);
#5066 = CARTESIAN_POINT('',(1.892463210134,0.));
#5067 = VECTOR('',#5068,1.);
#5068 = DIRECTION('',(0.,-1.));
#5069 = ( GEOMETRIC_REPRESENTATION_CONTEXT(2) 
PARAMETRIC_REPRESENTATION_CONTEXT() REPRESENTATION_CONTEXT('2D SPACE',''
  ) );
#5070 = ORIENTED_EDGE('',*,*,#5071,.T.);
#5071 = EDGE_CURVE('',#5039,#5072,#5074,.T.);
#5072 = VERTEX_POINT('',#5073);
#5073 = CARTESIAN_POINT('',(111.46099972114,5.253458016778,4.2));
#5074 = SURFACE_CURVE('',#5075,(#5079,#5086),.PCURVE_S1.);
#5075 = LINE('',#5076,#5077);
#5076 = CARTESIAN_POINT('',(108.52829250201,5.172799034093,4.2));
#5077 = VECTOR('',#5078,1.);
#5078 = DIRECTION('',(0.999622000027,2.749285474717E-02,0.));
#5079 = PCURVE('',#5047,#5080);
#5080 = DEFINITIONAL_REPRESENTATION('',(#5081),#5085);
#5081 = LINE('',#5082,#5083);
#5082 = CARTESIAN_POINT('',(0.,-1.2));
#5083 = VECTOR('',#5084,1.);
#5084 = DIRECTION('',(1.,0.));
#5085 = ( GEOMETRIC_REPRESENTATION_CONTEXT(2) 
PARAMETRIC_REPRESENTATION_CONTEXT() REPRESENTATION_CONTEXT('2D SPACE',''
  ) );
#5086 = PCURVE('',#5087,#5092);
#5087 = PLANE('',#5088);
#5088 = AXIS2_PLACEMENT_3D('',#5089,#5090,#5091);
#5089 = CARTESIAN_POINT('',(107.08955715416,9.250395256309,4.2));
#5090 = DIRECTION('',(3.673092752553E-16,3.077383429189E-16,1.));
#5091 = DIRECTION('',(1.,0.,-3.673092752553E-16));
#5092 = DEFINITIONAL_REPRESENTATION('',(#5093),#5097);
#5093 = LINE('',#5094,#5095);
#5094 = CARTESIAN_POINT('',(1.438735347847,-4.077596222216));
#5095 = VECTOR('',#5096,1.);
#5096 = DIRECTION('',(0.999622000027,2.749285474717E-02));
#5097 = ( GEOMETRIC_REPRESENTATION_CONTEXT(2) 
PARAMETRIC_REPRESENTATION_CONTEXT() REPRESENTATION_CONTEXT('2D SPACE',''
  ) );
#5098 = ORIENTED_EDGE('',*,*,#5099,.F.);
#5099 = EDGE_CURVE('',#5100,#5072,#5102,.T.);
#5100 = VERTEX_POINT('',#5101);
#5101 = CARTESIAN_POINT('',(111.46099972114,5.253458016778,3.));
#5102 = SURFACE_CURVE('',#5103,(#5107,#5114),.PCURVE_S1.);
#5103 = LINE('',#5104,#5105);
#5104 = CARTESIAN_POINT('',(111.46099972114,5.253458016778,3.));
#5105 = VECTOR('',#5106,1.);
#5106 = DIRECTION('',(0.,0.,1.));
#5107 = PCURVE('',#5047,#5108);
#5108 = DEFINITIONAL_REPRESENTATION('',(#5109),#5113);
#5109 = LINE('',#5110,#5111);
#5110 = CARTESIAN_POINT('',(2.933816201573,0.));
#5111 = VECTOR('',#5112,1.);
#5112 = DIRECTION('',(0.,-1.));
#5113 = ( GEOMETRIC_REPRESENTATION_CONTEXT(2) 
PARAMETRIC_REPRESENTATION_CONTEXT() REPRESENTATION_CONTEXT('2D SPACE',''
  ) );
#5114 = PCURVE('',#5115,#5125);
#5115 = SURFACE_OF_LINEAR_EXTRUSION('',#5116,#5123);
#5116 = B_SPLINE_CURVE_WITH_KNOTS('',5,(#5117,#5118,#5119,#5120,#5121,
    #5122),.UNSPECIFIED.,.F.,.F.,(6,6),(0.,1.),
  .PIECEWISE_BEZIER_KNOTS.);
#5117 = CARTESIAN_POINT('',(111.46099972114,5.253458016778,3.));
#5118 = CARTESIAN_POINT('',(111.47898316751,5.571813556687,3.));
#5119 = CARTESIAN_POINT('',(111.45130311901,5.891944704673,3.));
#5120 = CARTESIAN_POINT('',(111.47645782362,6.20991187599,3.));
#5121 = CARTESIAN_POINT('',(111.46353217024,6.529486641839,3.));
#5122 = CARTESIAN_POINT('',(111.46649278802,6.848377332603,3.));
#5123 = VECTOR('',#5124,1.);
#5124 = DIRECTION('',(-0.,-0.,-1.));
#5125 = DEFINITIONAL_REPRESENTATION('',(#5126),#5130);
#5126 = LINE('',#5127,#5128);
#5127 = CARTESIAN_POINT('',(0.,0.));
#5128 = VECTOR('',#5129,1.);
#5129 = DIRECTION('',(0.,-1.));
#5130 = ( GEOMETRIC_REPRESENTATION_CONTEXT(2) 
PARAMETRIC_REPRESENTATION_CONTEXT() REPRESENTATION_CONTEXT('2D SPACE',''
  ) );
#5131 = ORIENTED_EDGE('',*,*,#5132,.F.);
#5132 = EDGE_CURVE('',#5037,#5100,#5133,.T.);
#5133 = SURFACE_CURVE('',#5134,(#5138,#5145),.PCURVE_S1.);
#5134 = LINE('',#5135,#5136);
#5135 = CARTESIAN_POINT('',(108.52829250201,5.172799034093,3.));
#5136 = VECTOR('',#5137,1.);
#5137 = DIRECTION('',(0.999622000027,2.749285474717E-02,0.));
#5138 = PCURVE('',#5047,#5139);
#5139 = DEFINITIONAL_REPRESENTATION('',(#5140),#5144);
#5140 = LINE('',#5141,#5142);
#5141 = CARTESIAN_POINT('',(0.,0.));
#5142 = VECTOR('',#5143,1.);
#5143 = DIRECTION('',(1.,0.));
#5144 = ( GEOMETRIC_REPRESENTATION_CONTEXT(2) 
PARAMETRIC_REPRESENTATION_CONTEXT() REPRESENTATION_CONTEXT('2D SPACE',''
  ) );
#5145 = PCURVE('',#5146,#5151);
#5146 = PLANE('',#5147);
#5147 = AXIS2_PLACEMENT_3D('',#5148,#5149,#5150);
#5148 = CARTESIAN_POINT('',(107.08955715416,9.250395256309,3.));
#5149 = DIRECTION('',(3.673092752553E-16,3.077383429189E-16,1.));
#5150 = DIRECTION('',(1.,0.,-3.673092752553E-16));
#5151 = DEFINITIONAL_REPRESENTATION('',(#5152),#5156);
#5152 = LINE('',#5153,#5154);
#5153 = CARTESIAN_POINT('',(1.438735347847,-4.077596222216));
#5154 = VECTOR('',#5155,1.);
#5155 = DIRECTION('',(0.999622000027,2.749285474717E-02));
#5156 = ( GEOMETRIC_REPRESENTATION_CONTEXT(2) 
PARAMETRIC_REPRESENTATION_CONTEXT() REPRESENTATION_CONTEXT('2D SPACE',''
  ) );
#5157 = ADVANCED_FACE('',(#5158),#5115,.F.);
#5158 = FACE_BOUND('',#5159,.F.);
#5159 = EDGE_LOOP('',(#5160,#5161,#5190,#5224));
#5160 = ORIENTED_EDGE('',*,*,#5099,.T.);
#5161 = ORIENTED_EDGE('',*,*,#5162,.T.);
#5162 = EDGE_CURVE('',#5072,#5163,#5165,.T.);
#5163 = VERTEX_POINT('',#5164);
#5164 = CARTESIAN_POINT('',(111.46649278802,6.848377332603,4.2));
#5165 = SURFACE_CURVE('',#5166,(#5173,#5180),.PCURVE_S1.);
#5166 = B_SPLINE_CURVE_WITH_KNOTS('',5,(#5167,#5168,#5169,#5170,#5171,
    #5172),.UNSPECIFIED.,.F.,.F.,(6,6),(0.,1.),
  .PIECEWISE_BEZIER_KNOTS.);
#5167 = CARTESIAN_POINT('',(111.46099972114,5.253458016778,4.2));
#5168 = CARTESIAN_POINT('',(111.47898316751,5.571813556687,4.2));
#5169 = CARTESIAN_POINT('',(111.45130311901,5.891944704673,4.2));
#5170 = CARTESIAN_POINT('',(111.47645782362,6.20991187599,4.2));
#5171 = CARTESIAN_POINT('',(111.46353217024,6.529486641839,4.2));
#5172 = CARTESIAN_POINT('',(111.46649278802,6.848377332603,4.2));
#5173 = PCURVE('',#5115,#5174);
#5174 = DEFINITIONAL_REPRESENTATION('',(#5175),#5179);
#5175 = LINE('',#5176,#5177);
#5176 = CARTESIAN_POINT('',(0.,-1.2));
#5177 = VECTOR('',#5178,1.);
#5178 = DIRECTION('',(1.,0.));
#5179 = ( GEOMETRIC_REPRESENTATION_CONTEXT(2) 
PARAMETRIC_REPRESENTATION_CONTEXT() REPRESENTATION_CONTEXT('2D SPACE',''
  ) );
#5180 = PCURVE('',#5087,#5181);
#5181 = DEFINITIONAL_REPRESENTATION('',(#5182),#5189);
#5182 = B_SPLINE_CURVE_WITH_KNOTS('',5,(#5183,#5184,#5185,#5186,#5187,
    #5188),.UNSPECIFIED.,.F.,.F.,(6,6),(0.,1.),
  .PIECEWISE_BEZIER_KNOTS.);
#5183 = CARTESIAN_POINT('',(4.371442566975,-3.996937239531));
#5184 = CARTESIAN_POINT('',(4.389426013346,-3.678581699623));
#5185 = CARTESIAN_POINT('',(4.361745964845,-3.358450551637));
#5186 = CARTESIAN_POINT('',(4.386900669455,-3.04048338032));
#5187 = CARTESIAN_POINT('',(4.373975016071,-2.72090861447));
#5188 = CARTESIAN_POINT('',(4.37693563386,-2.402017923707));
#5189 = ( GEOMETRIC_REPRESENTATION_CONTEXT(2) 
PARAMETRIC_REPRESENTATION_CONTEXT() REPRESENTATION_CONTEXT('2D SPACE',''
  ) );
#5190 = ORIENTED_EDGE('',*,*,#5191,.F.);
#5191 = EDGE_CURVE('',#5192,#5163,#5194,.T.);
#5192 = VERTEX_POINT('',#5193);
#5193 = CARTESIAN_POINT('',(111.46649278802,6.848377332603,3.));
#5194 = SURFACE_CURVE('',#5195,(#5199,#5206),.PCURVE_S1.);
#5195 = LINE('',#5196,#5197);
#5196 = CARTESIAN_POINT('',(111.46649278802,6.848377332603,3.));
#5197 = VECTOR('',#5198,1.);
#5198 = DIRECTION('',(0.,0.,1.));
#5199 = PCURVE('',#5115,#5200);
#5200 = DEFINITIONAL_REPRESENTATION('',(#5201),#5205);
#5201 = LINE('',#5202,#5203);
#5202 = CARTESIAN_POINT('',(1.,0.));
#5203 = VECTOR('',#5204,1.);
#5204 = DIRECTION('',(0.,-1.));
#5205 = ( GEOMETRIC_REPRESENTATION_CONTEXT(2) 
PARAMETRIC_REPRESENTATION_CONTEXT() REPRESENTATION_CONTEXT('2D SPACE',''
  ) );
#5206 = PCURVE('',#5207,#5218);
#5207 = SURFACE_OF_LINEAR_EXTRUSION('',#5208,#5216);
#5208 = B_SPLINE_CURVE_WITH_KNOTS('',6,(#5209,#5210,#5211,#5212,#5213,
    #5214,#5215),.UNSPECIFIED.,.F.,.F.,(7,7),(0.,1.),
  .PIECEWISE_BEZIER_KNOTS.);
#5209 = CARTESIAN_POINT('',(111.46649278802,6.848377332603,3.));
#5210 = CARTESIAN_POINT('',(111.56512536906,6.887598232124,3.));
#5211 = CARTESIAN_POINT('',(110.46651919864,6.975064165649,3.));
#5212 = CARTESIAN_POINT('',(111.30887161257,6.895451299793,3.));
#5213 = CARTESIAN_POINT('',(110.43032031735,7.028468357946,3.));
#5214 = CARTESIAN_POINT('',(110.38451544513,6.996205679536,3.));
#5215 = CARTESIAN_POINT('',(110.17486911223,7.055646818637,3.));
#5216 = VECTOR('',#5217,1.);
#5217 = DIRECTION('',(-0.,-0.,-1.));
#5218 = DEFINITIONAL_REPRESENTATION('',(#5219),#5223);
#5219 = LINE('',#5220,#5221);
#5220 = CARTESIAN_POINT('',(0.,0.));
#5221 = VECTOR('',#5222,1.);
#5222 = DIRECTION('',(0.,-1.));
#5223 = ( GEOMETRIC_REPRESENTATION_CONTEXT(2) 
PARAMETRIC_REPRESENTATION_CONTEXT() REPRESENTATION_CONTEXT('2D SPACE',''
  ) );
#5224 = ORIENTED_EDGE('',*,*,#5225,.F.);
#5225 = EDGE_CURVE('',#5100,#5192,#5226,.T.);
#5226 = SURFACE_CURVE('',#5227,(#5234,#5241),.PCURVE_S1.);
#5227 = B_SPLINE_CURVE_WITH_KNOTS('',5,(#5228,#5229,#5230,#5231,#5232,
    #5233),.UNSPECIFIED.,.F.,.F.,(6,6),(0.,1.),
  .PIECEWISE_BEZIER_KNOTS.);
#5228 = CARTESIAN_POINT('',(111.46099972114,5.253458016778,3.));
#5229 = CARTESIAN_POINT('',(111.47898316751,5.571813556687,3.));
#5230 = CARTESIAN_POINT('',(111.45130311901,5.891944704673,3.));
#5231 = CARTESIAN_POINT('',(111.47645782362,6.20991187599,3.));
#5232 = CARTESIAN_POINT('',(111.46353217024,6.529486641839,3.));
#5233 = CARTESIAN_POINT('',(111.46649278802,6.848377332603,3.));
#5234 = PCURVE('',#5115,#5235);
#5235 = DEFINITIONAL_REPRESENTATION('',(#5236),#5240);
#5236 = LINE('',#5237,#5238);
#5237 = CARTESIAN_POINT('',(0.,0.));
#5238 = VECTOR('',#5239,1.);
#5239 = DIRECTION('',(1.,0.));
#5240 = ( GEOMETRIC_REPRESENTATION_CONTEXT(2) 
PARAMETRIC_REPRESENTATION_CONTEXT() REPRESENTATION_CONTEXT('2D SPACE',''
  ) );
#5241 = PCURVE('',#5146,#5242);
#5242 = DEFINITIONAL_REPRESENTATION('',(#5243),#5250);
#5243 = B_SPLINE_CURVE_WITH_KNOTS('',5,(#5244,#5245,#5246,#5247,#5248,
    #5249),.UNSPECIFIED.,.F.,.F.,(6,6),(0.,1.),
  .PIECEWISE_BEZIER_KNOTS.);
#5244 = CARTESIAN_POINT('',(4.371442566975,-3.996937239531));
#5245 = CARTESIAN_POINT('',(4.389426013346,-3.678581699623));
#5246 = CARTESIAN_POINT('',(4.361745964845,-3.358450551637));
#5247 = CARTESIAN_POINT('',(4.386900669455,-3.04048338032));
#5248 = CARTESIAN_POINT('',(4.373975016071,-2.72090861447));
#5249 = CARTESIAN_POINT('',(4.37693563386,-2.402017923707));
#5250 = ( GEOMETRIC_REPRESENTATION_CONTEXT(2) 
PARAMETRIC_REPRESENTATION_CONTEXT() REPRESENTATION_CONTEXT('2D SPACE',''
  ) );
#5251 = ADVANCED_FACE('',(#5252),#5207,.F.);
#5252 = FACE_BOUND('',#5253,.F.);
#5253 = EDGE_LOOP('',(#5254,#5255,#5286,#5352));
#5254 = ORIENTED_EDGE('',*,*,#5191,.T.);
#5255 = ORIENTED_EDGE('',*,*,#5256,.T.);
#5256 = EDGE_CURVE('',#5163,#5257,#5259,.T.);
#5257 = VERTEX_POINT('',#5258);
#5258 = CARTESIAN_POINT('',(110.17486911223,7.055646818637,4.2));
#5259 = SURFACE_CURVE('',#5260,(#5268,#5275),.PCURVE_S1.);
#5260 = B_SPLINE_CURVE_WITH_KNOTS('',6,(#5261,#5262,#5263,#5264,#5265,
    #5266,#5267),.UNSPECIFIED.,.F.,.F.,(7,7),(0.,1.),
  .PIECEWISE_BEZIER_KNOTS.);
#5261 = CARTESIAN_POINT('',(111.46649278802,6.848377332603,4.2));
#5262 = CARTESIAN_POINT('',(111.56512536906,6.887598232124,4.2));
#5263 = CARTESIAN_POINT('',(110.46651919864,6.975064165649,4.2));
#5264 = CARTESIAN_POINT('',(111.30887161257,6.895451299793,4.2));
#5265 = CARTESIAN_POINT('',(110.43032031735,7.028468357946,4.2));
#5266 = CARTESIAN_POINT('',(110.38451544513,6.996205679536,4.2));
#5267 = CARTESIAN_POINT('',(110.17486911223,7.055646818637,4.2));
#5268 = PCURVE('',#5207,#5269);
#5269 = DEFINITIONAL_REPRESENTATION('',(#5270),#5274);
#5270 = LINE('',#5271,#5272);
#5271 = CARTESIAN_POINT('',(0.,-1.2));
#5272 = VECTOR('',#5273,1.);
#5273 = DIRECTION('',(1.,0.));
#5274 = ( GEOMETRIC_REPRESENTATION_CONTEXT(2) 
PARAMETRIC_REPRESENTATION_CONTEXT() REPRESENTATION_CONTEXT('2D SPACE',''
  ) );
#5275 = PCURVE('',#5087,#5276);
#5276 = DEFINITIONAL_REPRESENTATION('',(#5277),#5285);
#5277 = B_SPLINE_CURVE_WITH_KNOTS('',6,(#5278,#5279,#5280,#5281,#5282,
    #5283,#5284),.UNSPECIFIED.,.F.,.F.,(7,7),(0.,1.),
  .PIECEWISE_BEZIER_KNOTS.);
#5278 = CARTESIAN_POINT('',(4.37693563386,-2.402017923707));
#5279 = CARTESIAN_POINT('',(4.475568214893,-2.362797024186));
#5280 = CARTESIAN_POINT('',(3.376962044481,-2.27533109066));
#5281 = CARTESIAN_POINT('',(4.219314458406,-2.354943956516));
#5282 = CARTESIAN_POINT('',(3.340763163184,-2.221926898363));
#5283 = CARTESIAN_POINT('',(3.294958290965,-2.254189576773));
#5284 = CARTESIAN_POINT('',(3.085311958064,-2.194748437673));
#5285 = ( GEOMETRIC_REPRESENTATION_CONTEXT(2) 
PARAMETRIC_REPRESENTATION_CONTEXT() REPRESENTATION_CONTEXT('2D SPACE',''
  ) );
#5286 = ORIENTED_EDGE('',*,*,#5287,.F.);
#5287 = EDGE_CURVE('',#5288,#5257,#5290,.T.);
#5288 = VERTEX_POINT('',#5289);
#5289 = CARTESIAN_POINT('',(110.17486911223,7.055646818637,3.));
#5290 = SURFACE_CURVE('',#5291,(#5295,#5302),.PCURVE_S1.);
#5291 = LINE('',#5292,#5293);
#5292 = CARTESIAN_POINT('',(110.17486911223,7.055646818637,3.));
#5293 = VECTOR('',#5294,1.);
#5294 = DIRECTION('',(0.,0.,1.));
#5295 = PCURVE('',#5207,#5296);
#5296 = DEFINITIONAL_REPRESENTATION('',(#5297),#5301);
#5297 = LINE('',#5298,#5299);
#5298 = CARTESIAN_POINT('',(1.,0.));
#5299 = VECTOR('',#5300,1.);
#5300 = DIRECTION('',(0.,-1.));
#5301 = ( GEOMETRIC_REPRESENTATION_CONTEXT(2) 
PARAMETRIC_REPRESENTATION_CONTEXT() REPRESENTATION_CONTEXT('2D SPACE',''
  ) );
#5302 = PCURVE('',#5303,#5346);
#5303 = SURFACE_OF_LINEAR_EXTRUSION('',#5304,#5344);
#5304 = B_SPLINE_CURVE_WITH_KNOTS('',8,(#5305,#5306,#5307,#5308,#5309,
    #5310,#5311,#5312,#5313,#5314,#5315,#5316,#5317,#5318,#5319,#5320,
    #5321,#5322,#5323,#5324,#5325,#5326,#5327,#5328,#5329,#5330,#5331,
    #5332,#5333,#5334,#5335,#5336,#5337,#5338,#5339,#5340,#5341,#5342,
    #5343),.UNSPECIFIED.,.F.,.F.,(9,6,6,6,6,6,9),(0.,0.166822597525,
    0.339204714733,0.502234653723,0.649446678833,0.83169588974,1.),
  .UNSPECIFIED.);
#5305 = CARTESIAN_POINT('',(110.17486911223,7.055646818637,3.));
#5306 = CARTESIAN_POINT('',(110.17518105002,7.296423650323,3.));
#5307 = CARTESIAN_POINT('',(110.17335363039,7.537224897533,3.));
#5308 = CARTESIAN_POINT('',(110.17841942816,7.777946811439,3.));
#5309 = CARTESIAN_POINT('',(110.16999820754,8.018825755535,3.));
#5310 = CARTESIAN_POINT('',(110.17889546602,8.259499686428,3.));
#5311 = CARTESIAN_POINT('',(110.17303538739,8.500352838104,3.));
#5312 = CARTESIAN_POINT('',(110.17730471743,8.989880191784,3.));
#5313 = CARTESIAN_POINT('',(110.17221787567,9.479539672871,3.));
#5314 = CARTESIAN_POINT('',(110.18381491553,9.728071602846,3.));
#5315 = CARTESIAN_POINT('',(110.16412266148,9.977675645652,3.));
#5316 = CARTESIAN_POINT('',(110.17420217241,10.225163253921,3.));
#5317 = CARTESIAN_POINT('',(110.18928653049,10.475103095747,3.));
#5318 = CARTESIAN_POINT('',(110.15160714626,10.95950742936,3.));
#5319 = CARTESIAN_POINT('',(110.06415823374,11.435379584212,3.));
#5320 = CARTESIAN_POINT('',(109.99315001481,11.663638696398,3.));
#5321 = CARTESIAN_POINT('',(109.92201828352,11.885219715412,
    2.999999999999));
#5322 = CARTESIAN_POINT('',(109.81131303899,12.100909598334,
    3.000000000001));
#5323 = CARTESIAN_POINT('',(109.69169236455,12.302757152911,3.));
#5324 = CARTESIAN_POINT('',(109.41949655393,12.66271262336,3.));
#5325 = CARTESIAN_POINT('',(109.08826913035,12.964780865852,3.));
#5326 = CARTESIAN_POINT('',(108.91859511517,13.097812336757,
    3.000000000001));
#5327 = CARTESIAN_POINT('',(108.73890688589,13.208676060844,
    2.999999999999));
#5328 = CARTESIAN_POINT('',(108.5503458623,13.314520754009,
    3.000000000001));
#5329 = CARTESIAN_POINT('',(108.35714975139,13.40046783369,3.));
#5330 = CARTESIAN_POINT('',(107.91324558578,13.575835935564,3.));
#5331 = CARTESIAN_POINT('',(107.45273465792,13.693699863019,3.));
#5332 = CARTESIAN_POINT('',(107.19382748199,13.755487898005,
    3.000000000001));
#5333 = CARTESIAN_POINT('',(106.93494559935,13.777837613438,
    2.999999999999));
#5334 = CARTESIAN_POINT('',(106.67179632648,13.833176726193,
    3.000000000001));
#5335 = CARTESIAN_POINT('',(106.41061274994,13.836404858541,3.));
#5336 = CARTESIAN_POINT('',(105.90429249107,13.878936626068,3.));
#5337 = CARTESIAN_POINT('',(105.39919192425,13.860765144909,3.));
#5338 = CARTESIAN_POINT('',(105.15330574288,13.9152002159,3.000000000001
    ));
#5339 = CARTESIAN_POINT('',(104.91839724558,13.794914066032,
    2.999999999999));
#5340 = CARTESIAN_POINT('',(104.66310360539,13.98405576914,3.));
#5341 = CARTESIAN_POINT('',(104.43266352515,13.802520437355,3.));
#5342 = CARTESIAN_POINT('',(104.18142904949,13.928898453516,3.));
#5343 = CARTESIAN_POINT('',(103.94219372882,13.878124321833,3.));
#5344 = VECTOR('',#5345,1.);
#5345 = DIRECTION('',(-0.,-0.,-1.));
#5346 = DEFINITIONAL_REPRESENTATION('',(#5347),#5351);
#5347 = LINE('',#5348,#5349);
#5348 = CARTESIAN_POINT('',(0.,0.));
#5349 = VECTOR('',#5350,1.);
#5350 = DIRECTION('',(0.,-1.));
#5351 = ( GEOMETRIC_REPRESENTATION_CONTEXT(2) 
PARAMETRIC_REPRESENTATION_CONTEXT() REPRESENTATION_CONTEXT('2D SPACE',''
  ) );
#5352 = ORIENTED_EDGE('',*,*,#5353,.F.);
#5353 = EDGE_CURVE('',#5192,#5288,#5354,.T.);
#5354 = SURFACE_CURVE('',#5355,(#5363,#5370),.PCURVE_S1.);
#5355 = B_SPLINE_CURVE_WITH_KNOTS('',6,(#5356,#5357,#5358,#5359,#5360,
    #5361,#5362),.UNSPECIFIED.,.F.,.F.,(7,7),(0.,1.),
  .PIECEWISE_BEZIER_KNOTS.);
#5356 = CARTESIAN_POINT('',(111.46649278802,6.848377332603,3.));
#5357 = CARTESIAN_POINT('',(111.56512536906,6.887598232124,3.));
#5358 = CARTESIAN_POINT('',(110.46651919864,6.975064165649,3.));
#5359 = CARTESIAN_POINT('',(111.30887161257,6.895451299793,3.));
#5360 = CARTESIAN_POINT('',(110.43032031735,7.028468357946,3.));
#5361 = CARTESIAN_POINT('',(110.38451544513,6.996205679536,3.));
#5362 = CARTESIAN_POINT('',(110.17486911223,7.055646818637,3.));
#5363 = PCURVE('',#5207,#5364);
#5364 = DEFINITIONAL_REPRESENTATION('',(#5365),#5369);
#5365 = LINE('',#5366,#5367);
#5366 = CARTESIAN_POINT('',(0.,0.));
#5367 = VECTOR('',#5368,1.);
#5368 = DIRECTION('',(1.,0.));
#5369 = ( GEOMETRIC_REPRESENTATION_CONTEXT(2) 
PARAMETRIC_REPRESENTATION_CONTEXT() REPRESENTATION_CONTEXT('2D SPACE',''
  ) );
#5370 = PCURVE('',#5146,#5371);
#5371 = DEFINITIONAL_REPRESENTATION('',(#5372),#5380);
#5372 = B_SPLINE_CURVE_WITH_KNOTS('',6,(#5373,#5374,#5375,#5376,#5377,
    #5378,#5379),.UNSPECIFIED.,.F.,.F.,(7,7),(0.,1.),
  .PIECEWISE_BEZIER_KNOTS.);
#5373 = CARTESIAN_POINT('',(4.37693563386,-2.402017923707));
#5374 = CARTESIAN_POINT('',(4.475568214893,-2.362797024186));
#5375 = CARTESIAN_POINT('',(3.376962044481,-2.27533109066));
#5376 = CARTESIAN_POINT('',(4.219314458406,-2.354943956516));
#5377 = CARTESIAN_POINT('',(3.340763163184,-2.221926898363));
#5378 = CARTESIAN_POINT('',(3.294958290965,-2.254189576773));
#5379 = CARTESIAN_POINT('',(3.085311958064,-2.194748437673));
#5380 = ( GEOMETRIC_REPRESENTATION_CONTEXT(2) 
PARAMETRIC_REPRESENTATION_CONTEXT() REPRESENTATION_CONTEXT('2D SPACE',''
  ) );
#5381 = ADVANCED_FACE('',(#5382),#5303,.F.);
#5382 = FACE_BOUND('',#5383,.F.);
#5383 = EDGE_LOOP('',(#5384,#5385,#5480,#5508));
#5384 = ORIENTED_EDGE('',*,*,#5287,.T.);
#5385 = ORIENTED_EDGE('',*,*,#5386,.T.);
#5386 = EDGE_CURVE('',#5257,#5387,#5389,.T.);
#5387 = VERTEX_POINT('',#5388);
#5388 = CARTESIAN_POINT('',(103.94219372882,13.878124321833,4.2));
#5389 = SURFACE_CURVE('',#5390,(#5430,#5437),.PCURVE_S1.);
#5390 = B_SPLINE_CURVE_WITH_KNOTS('',8,(#5391,#5392,#5393,#5394,#5395,
    #5396,#5397,#5398,#5399,#5400,#5401,#5402,#5403,#5404,#5405,#5406,
    #5407,#5408,#5409,#5410,#5411,#5412,#5413,#5414,#5415,#5416,#5417,
    #5418,#5419,#5420,#5421,#5422,#5423,#5424,#5425,#5426,#5427,#5428,
    #5429),.UNSPECIFIED.,.F.,.F.,(9,6,6,6,6,6,9),(0.,0.166822597525,
    0.339204714733,0.502234653723,0.649446678833,0.83169588974,1.),
  .UNSPECIFIED.);
#5391 = CARTESIAN_POINT('',(110.17486911223,7.055646818637,4.2));
#5392 = CARTESIAN_POINT('',(110.17518105002,7.296423650323,4.2));
#5393 = CARTESIAN_POINT('',(110.17335363039,7.537224897533,4.2));
#5394 = CARTESIAN_POINT('',(110.17841942816,7.777946811439,4.2));
#5395 = CARTESIAN_POINT('',(110.16999820754,8.018825755535,4.2));
#5396 = CARTESIAN_POINT('',(110.17889546602,8.259499686428,4.2));
#5397 = CARTESIAN_POINT('',(110.17303538739,8.500352838104,4.2));
#5398 = CARTESIAN_POINT('',(110.17730471743,8.989880191784,4.2));
#5399 = CARTESIAN_POINT('',(110.17221787567,9.479539672871,4.2));
#5400 = CARTESIAN_POINT('',(110.18381491553,9.728071602846,4.2));
#5401 = CARTESIAN_POINT('',(110.16412266148,9.977675645652,4.2));
#5402 = CARTESIAN_POINT('',(110.17420217241,10.225163253921,4.2));
#5403 = CARTESIAN_POINT('',(110.18928653049,10.475103095747,4.2));
#5404 = CARTESIAN_POINT('',(110.15160714626,10.95950742936,4.2));
#5405 = CARTESIAN_POINT('',(110.06415823374,11.435379584212,4.2));
#5406 = CARTESIAN_POINT('',(109.99315001481,11.663638696398,4.2));
#5407 = CARTESIAN_POINT('',(109.92201828352,11.885219715412,
    4.199999999999));
#5408 = CARTESIAN_POINT('',(109.81131303899,12.100909598334,
    4.200000000001));
#5409 = CARTESIAN_POINT('',(109.69169236455,12.302757152911,4.2));
#5410 = CARTESIAN_POINT('',(109.41949655393,12.66271262336,4.2));
#5411 = CARTESIAN_POINT('',(109.08826913035,12.964780865852,4.2));
#5412 = CARTESIAN_POINT('',(108.91859511517,13.097812336757,
    4.200000000001));
#5413 = CARTESIAN_POINT('',(108.73890688589,13.208676060844,
    4.199999999999));
#5414 = CARTESIAN_POINT('',(108.5503458623,13.314520754009,
    4.200000000001));
#5415 = CARTESIAN_POINT('',(108.35714975139,13.40046783369,4.2));
#5416 = CARTESIAN_POINT('',(107.91324558578,13.575835935564,4.2));
#5417 = CARTESIAN_POINT('',(107.45273465792,13.693699863019,4.2));
#5418 = CARTESIAN_POINT('',(107.19382748199,13.755487898005,
    4.200000000001));
#5419 = CARTESIAN_POINT('',(106.93494559935,13.777837613438,
    4.199999999999));
#5420 = CARTESIAN_POINT('',(106.67179632648,13.833176726193,
    4.200000000001));
#5421 = CARTESIAN_POINT('',(106.41061274994,13.836404858541,4.2));
#5422 = CARTESIAN_POINT('',(105.90429249107,13.878936626068,4.2));
#5423 = CARTESIAN_POINT('',(105.39919192425,13.860765144909,4.2));
#5424 = CARTESIAN_POINT('',(105.15330574288,13.9152002159,4.200000000001
    ));
#5425 = CARTESIAN_POINT('',(104.91839724558,13.794914066032,
    4.199999999999));
#5426 = CARTESIAN_POINT('',(104.66310360539,13.98405576914,4.2));
#5427 = CARTESIAN_POINT('',(104.43266352515,13.802520437355,4.2));
#5428 = CARTESIAN_POINT('',(104.18142904949,13.928898453516,4.2));
#5429 = CARTESIAN_POINT('',(103.94219372882,13.878124321833,4.2));
#5430 = PCURVE('',#5303,#5431);
#5431 = DEFINITIONAL_REPRESENTATION('',(#5432),#5436);
#5432 = LINE('',#5433,#5434);
#5433 = CARTESIAN_POINT('',(0.,-1.2));
#5434 = VECTOR('',#5435,1.);
#5435 = DIRECTION('',(1.,0.));
#5436 = ( GEOMETRIC_REPRESENTATION_CONTEXT(2) 
PARAMETRIC_REPRESENTATION_CONTEXT() REPRESENTATION_CONTEXT('2D SPACE',''
  ) );
#5437 = PCURVE('',#5087,#5438);
#5438 = DEFINITIONAL_REPRESENTATION('',(#5439),#5479);
#5439 = B_SPLINE_CURVE_WITH_KNOTS('',8,(#5440,#5441,#5442,#5443,#5444,
    #5445,#5446,#5447,#5448,#5449,#5450,#5451,#5452,#5453,#5454,#5455,
    #5456,#5457,#5458,#5459,#5460,#5461,#5462,#5463,#5464,#5465,#5466,
    #5467,#5468,#5469,#5470,#5471,#5472,#5473,#5474,#5475,#5476,#5477,
    #5478),.UNSPECIFIED.,.F.,.F.,(9,6,6,6,6,6,9),(0.,0.166822597525,
    0.339204714733,0.502234653723,0.649446678833,0.83169588974,1.),
  .UNSPECIFIED.);
#5440 = CARTESIAN_POINT('',(3.085311958064,-2.194748437673));
#5441 = CARTESIAN_POINT('',(3.085623895855,-1.953971605987));
#5442 = CARTESIAN_POINT('',(3.08379647623,-1.713170358776));
#5443 = CARTESIAN_POINT('',(3.088862273994,-1.47244844487));
#5444 = CARTESIAN_POINT('',(3.080441053374,-1.231569500774));
#5445 = CARTESIAN_POINT('',(3.089338311859,-0.990895569881));
#5446 = CARTESIAN_POINT('',(3.083478233227,-0.750042418205));
#5447 = CARTESIAN_POINT('',(3.087747563265,-0.260515064525));
#5448 = CARTESIAN_POINT('',(3.082660721509,0.229144416562));
#5449 = CARTESIAN_POINT('',(3.09425776137,0.477676346537));
#5450 = CARTESIAN_POINT('',(3.074565507312,0.727280389342));
#5451 = CARTESIAN_POINT('',(3.084645018244,0.974767997612));
#5452 = CARTESIAN_POINT('',(3.099729376323,1.224707839437));
#5453 = CARTESIAN_POINT('',(3.062049992092,1.709112173051));
#5454 = CARTESIAN_POINT('',(2.97460107958,2.184984327902));
#5455 = CARTESIAN_POINT('',(2.903592860648,2.413243440089));
#5456 = CARTESIAN_POINT('',(2.832461129352,2.634824459103));
#5457 = CARTESIAN_POINT('',(2.721755884822,2.850514342025));
#5458 = CARTESIAN_POINT('',(2.602135210383,3.052361896602));
#5459 = CARTESIAN_POINT('',(2.329939399764,3.412317367051));
#5460 = CARTESIAN_POINT('',(1.998711976184,3.714385609543));
#5461 = CARTESIAN_POINT('',(1.829037961004,3.847417080448));
#5462 = CARTESIAN_POINT('',(1.649349731725,3.958280804535));
#5463 = CARTESIAN_POINT('',(1.460788708136,4.0641254977));
#5464 = CARTESIAN_POINT('',(1.267592597229,4.15007257738));
#5465 = CARTESIAN_POINT('',(0.823688431615,4.325440679255));
#5466 = CARTESIAN_POINT('',(0.363177503756,4.44330460671));
#5467 = CARTESIAN_POINT('',(0.104270327826,4.505092641696));
#5468 = CARTESIAN_POINT('',(-0.154611554815,4.527442357129));
#5469 = CARTESIAN_POINT('',(-0.417760827684,4.582781469884));
#5470 = CARTESIAN_POINT('',(-0.67894440422,4.586009602231));
#5471 = CARTESIAN_POINT('',(-1.185264663097,4.628541369758));
#5472 = CARTESIAN_POINT('',(-1.690365229911,4.610369888599));
#5473 = CARTESIAN_POINT('',(-1.936251411282,4.66480495959));
#5474 = CARTESIAN_POINT('',(-2.171159908583,4.544518809722));
#5475 = CARTESIAN_POINT('',(-2.426453548772,4.733660512831));
#5476 = CARTESIAN_POINT('',(-2.656893629011,4.552125181046));
#5477 = CARTESIAN_POINT('',(-2.908128104675,4.678503197207));
#5478 = CARTESIAN_POINT('',(-3.147363425341,4.627729065524));
#5479 = ( GEOMETRIC_REPRESENTATION_CONTEXT(2) 
PARAMETRIC_REPRESENTATION_CONTEXT() REPRESENTATION_CONTEXT('2D SPACE',''
  ) );
#5480 = ORIENTED_EDGE('',*,*,#5481,.F.);
#5481 = EDGE_CURVE('',#5482,#5387,#5484,.T.);
#5482 = VERTEX_POINT('',#5483);
#5483 = CARTESIAN_POINT('',(103.94219372882,13.878124321833,3.));
#5484 = SURFACE_CURVE('',#5485,(#5489,#5496),.PCURVE_S1.);
#5485 = LINE('',#5486,#5487);
#5486 = CARTESIAN_POINT('',(103.94219372882,13.878124321833,3.));
#5487 = VECTOR('',#5488,1.);
#5488 = DIRECTION('',(0.,0.,1.));
#5489 = PCURVE('',#5303,#5490);
#5490 = DEFINITIONAL_REPRESENTATION('',(#5491),#5495);
#5491 = LINE('',#5492,#5493);
#5492 = CARTESIAN_POINT('',(1.,0.));
#5493 = VECTOR('',#5494,1.);
#5494 = DIRECTION('',(0.,-1.));
#5495 = ( GEOMETRIC_REPRESENTATION_CONTEXT(2) 
PARAMETRIC_REPRESENTATION_CONTEXT() REPRESENTATION_CONTEXT('2D SPACE',''
  ) );
#5496 = PCURVE('',#5497,#5502);
#5497 = PLANE('',#5498);
#5498 = AXIS2_PLACEMENT_3D('',#5499,#5500,#5501);
#5499 = CARTESIAN_POINT('',(103.94219372882,13.878124321833,3.));
#5500 = DIRECTION('',(0.996002513525,-8.932520950205E-02,0.));
#5501 = DIRECTION('',(-8.932520950205E-02,-0.996002513525,0.));
#5502 = DEFINITIONAL_REPRESENTATION('',(#5503),#5507);
#5503 = LINE('',#5504,#5505);
#5504 = CARTESIAN_POINT('',(0.,0.));
#5505 = VECTOR('',#5506,1.);
#5506 = DIRECTION('',(0.,-1.));
#5507 = ( GEOMETRIC_REPRESENTATION_CONTEXT(2) 
PARAMETRIC_REPRESENTATION_CONTEXT() REPRESENTATION_CONTEXT('2D SPACE',''
  ) );
#5508 = ORIENTED_EDGE('',*,*,#5509,.F.);
#5509 = EDGE_CURVE('',#5288,#5482,#5510,.T.);
#5510 = SURFACE_CURVE('',#5511,(#5551,#5558),.PCURVE_S1.);
#5511 = B_SPLINE_CURVE_WITH_KNOTS('',8,(#5512,#5513,#5514,#5515,#5516,
    #5517,#5518,#5519,#5520,#5521,#5522,#5523,#5524,#5525,#5526,#5527,
    #5528,#5529,#5530,#5531,#5532,#5533,#5534,#5535,#5536,#5537,#5538,
    #5539,#5540,#5541,#5542,#5543,#5544,#5545,#5546,#5547,#5548,#5549,
    #5550),.UNSPECIFIED.,.F.,.F.,(9,6,6,6,6,6,9),(0.,0.166822597525,
    0.339204714733,0.502234653723,0.649446678833,0.83169588974,1.),
  .UNSPECIFIED.);
#5512 = CARTESIAN_POINT('',(110.17486911223,7.055646818637,3.));
#5513 = CARTESIAN_POINT('',(110.17518105002,7.296423650323,3.));
#5514 = CARTESIAN_POINT('',(110.17335363039,7.537224897533,3.));
#5515 = CARTESIAN_POINT('',(110.17841942816,7.777946811439,3.));
#5516 = CARTESIAN_POINT('',(110.16999820754,8.018825755535,3.));
#5517 = CARTESIAN_POINT('',(110.17889546602,8.259499686428,3.));
#5518 = CARTESIAN_POINT('',(110.17303538739,8.500352838104,3.));
#5519 = CARTESIAN_POINT('',(110.17730471743,8.989880191784,3.));
#5520 = CARTESIAN_POINT('',(110.17221787567,9.479539672871,3.));
#5521 = CARTESIAN_POINT('',(110.18381491553,9.728071602846,3.));
#5522 = CARTESIAN_POINT('',(110.16412266148,9.977675645652,3.));
#5523 = CARTESIAN_POINT('',(110.17420217241,10.225163253921,3.));
#5524 = CARTESIAN_POINT('',(110.18928653049,10.475103095747,3.));
#5525 = CARTESIAN_POINT('',(110.15160714626,10.95950742936,3.));
#5526 = CARTESIAN_POINT('',(110.06415823374,11.435379584212,3.));
#5527 = CARTESIAN_POINT('',(109.99315001481,11.663638696398,3.));
#5528 = CARTESIAN_POINT('',(109.92201828352,11.885219715412,
    2.999999999999));
#5529 = CARTESIAN_POINT('',(109.81131303899,12.100909598334,
    3.000000000001));
#5530 = CARTESIAN_POINT('',(109.69169236455,12.302757152911,3.));
#5531 = CARTESIAN_POINT('',(109.41949655393,12.66271262336,3.));
#5532 = CARTESIAN_POINT('',(109.08826913035,12.964780865852,3.));
#5533 = CARTESIAN_POINT('',(108.91859511517,13.097812336757,
    3.000000000001));
#5534 = CARTESIAN_POINT('',(108.73890688589,13.208676060844,
    2.999999999999));
#5535 = CARTESIAN_POINT('',(108.5503458623,13.314520754009,
    3.000000000001));
#5536 = CARTESIAN_POINT('',(108.35714975139,13.40046783369,3.));
#5537 = CARTESIAN_POINT('',(107.91324558578,13.575835935564,3.));
#5538 = CARTESIAN_POINT('',(107.45273465792,13.693699863019,3.));
#5539 = CARTESIAN_POINT('',(107.19382748199,13.755487898005,
    3.000000000001));
#5540 = CARTESIAN_POINT('',(106.93494559935,13.777837613438,
    2.999999999999));
#5541 = CARTESIAN_POINT('',(106.67179632648,13.833176726193,
    3.000000000001));
#5542 = CARTESIAN_POINT('',(106.41061274994,13.836404858541,3.));
#5543 = CARTESIAN_POINT('',(105.90429249107,13.878936626068,3.));
#5544 = CARTESIAN_POINT('',(105.39919192425,13.860765144909,3.));
#5545 = CARTESIAN_POINT('',(105.15330574288,13.9152002159,3.000000000001
    ));
#5546 = CARTESIAN_POINT('',(104.91839724558,13.794914066032,
    2.999999999999));
#5547 = CARTESIAN_POINT('',(104.66310360539,13.98405576914,3.));
#5548 = CARTESIAN_POINT('',(104.43266352515,13.802520437355,3.));
#5549 = CARTESIAN_POINT('',(104.18142904949,13.928898453516,3.));
#5550 = CARTESIAN_POINT('',(103.94219372882,13.878124321833,3.));
#5551 = PCURVE('',#5303,#5552);
#5552 = DEFINITIONAL_REPRESENTATION('',(#5553),#5557);
#5553 = LINE('',#5554,#5555);
#5554 = CARTESIAN_POINT('',(0.,0.));
#5555 = VECTOR('',#5556,1.);
#5556 = DIRECTION('',(1.,0.));
#5557 = ( GEOMETRIC_REPRESENTATION_CONTEXT(2) 
PARAMETRIC_REPRESENTATION_CONTEXT() REPRESENTATION_CONTEXT('2D SPACE',''
  ) );
#5558 = PCURVE('',#5146,#5559);
#5559 = DEFINITIONAL_REPRESENTATION('',(#5560),#5600);
#5560 = B_SPLINE_CURVE_WITH_KNOTS('',8,(#5561,#5562,#5563,#5564,#5565,
    #5566,#5567,#5568,#5569,#5570,#5571,#5572,#5573,#5574,#5575,#5576,
    #5577,#5578,#5579,#5580,#5581,#5582,#5583,#5584,#5585,#5586,#5587,
    #5588,#5589,#5590,#5591,#5592,#5593,#5594,#5595,#5596,#5597,#5598,
    #5599),.UNSPECIFIED.,.F.,.F.,(9,6,6,6,6,6,9),(0.,0.166822597525,
    0.339204714733,0.502234653723,0.649446678833,0.83169588974,1.),
  .UNSPECIFIED.);
#5561 = CARTESIAN_POINT('',(3.085311958064,-2.194748437673));
#5562 = CARTESIAN_POINT('',(3.085623895855,-1.953971605987));
#5563 = CARTESIAN_POINT('',(3.08379647623,-1.713170358776));
#5564 = CARTESIAN_POINT('',(3.088862273994,-1.47244844487));
#5565 = CARTESIAN_POINT('',(3.080441053374,-1.231569500774));
#5566 = CARTESIAN_POINT('',(3.089338311859,-0.990895569881));
#5567 = CARTESIAN_POINT('',(3.083478233227,-0.750042418205));
#5568 = CARTESIAN_POINT('',(3.087747563265,-0.260515064525));
#5569 = CARTESIAN_POINT('',(3.082660721509,0.229144416562));
#5570 = CARTESIAN_POINT('',(3.09425776137,0.477676346537));
#5571 = CARTESIAN_POINT('',(3.074565507312,0.727280389342));
#5572 = CARTESIAN_POINT('',(3.084645018244,0.974767997612));
#5573 = CARTESIAN_POINT('',(3.099729376323,1.224707839437));
#5574 = CARTESIAN_POINT('',(3.062049992092,1.709112173051));
#5575 = CARTESIAN_POINT('',(2.97460107958,2.184984327902));
#5576 = CARTESIAN_POINT('',(2.903592860648,2.413243440089));
#5577 = CARTESIAN_POINT('',(2.832461129352,2.634824459103));
#5578 = CARTESIAN_POINT('',(2.721755884822,2.850514342025));
#5579 = CARTESIAN_POINT('',(2.602135210383,3.052361896602));
#5580 = CARTESIAN_POINT('',(2.329939399764,3.412317367051));
#5581 = CARTESIAN_POINT('',(1.998711976184,3.714385609543));
#5582 = CARTESIAN_POINT('',(1.829037961004,3.847417080448));
#5583 = CARTESIAN_POINT('',(1.649349731725,3.958280804535));
#5584 = CARTESIAN_POINT('',(1.460788708136,4.0641254977));
#5585 = CARTESIAN_POINT('',(1.267592597229,4.15007257738));
#5586 = CARTESIAN_POINT('',(0.823688431615,4.325440679255));
#5587 = CARTESIAN_POINT('',(0.363177503756,4.44330460671));
#5588 = CARTESIAN_POINT('',(0.104270327826,4.505092641696));
#5589 = CARTESIAN_POINT('',(-0.154611554815,4.527442357129));
#5590 = CARTESIAN_POINT('',(-0.417760827684,4.582781469884));
#5591 = CARTESIAN_POINT('',(-0.67894440422,4.586009602231));
#5592 = CARTESIAN_POINT('',(-1.185264663097,4.628541369758));
#5593 = CARTESIAN_POINT('',(-1.690365229911,4.610369888599));
#5594 = CARTESIAN_POINT('',(-1.936251411282,4.66480495959));
#5595 = CARTESIAN_POINT('',(-2.171159908583,4.544518809722));
#5596 = CARTESIAN_POINT('',(-2.426453548772,4.733660512831));
#5597 = CARTESIAN_POINT('',(-2.656893629011,4.552125181046));
#5598 = CARTESIAN_POINT('',(-2.908128104675,4.678503197207));
#5599 = CARTESIAN_POINT('',(-3.147363425341,4.627729065524));
#5600 = ( GEOMETRIC_REPRESENTATION_CONTEXT(2) 
PARAMETRIC_REPRESENTATION_CONTEXT() REPRESENTATION_CONTEXT('2D SPACE',''
  ) );
#5601 = ADVANCED_FACE('',(#5602),#5497,.F.);
#5602 = FACE_BOUND('',#5603,.F.);
#5603 = EDGE_LOOP('',(#5604,#5605,#5628,#5676));
#5604 = ORIENTED_EDGE('',*,*,#5481,.T.);
#5605 = ORIENTED_EDGE('',*,*,#5606,.T.);
#5606 = EDGE_CURVE('',#5387,#5607,#5609,.T.);
#5607 = VERTEX_POINT('',#5608);
#5608 = CARTESIAN_POINT('',(103.78336721558,12.107161709114,4.2));
#5609 = SURFACE_CURVE('',#5610,(#5614,#5621),.PCURVE_S1.);
#5610 = LINE('',#5611,#5612);
#5611 = CARTESIAN_POINT('',(103.94219372882,13.878124321833,4.2));
#5612 = VECTOR('',#5613,1.);
#5613 = DIRECTION('',(-8.932520950205E-02,-0.996002513525,0.));
#5614 = PCURVE('',#5497,#5615);
#5615 = DEFINITIONAL_REPRESENTATION('',(#5616),#5620);
#5616 = LINE('',#5617,#5618);
#5617 = CARTESIAN_POINT('',(0.,-1.2));
#5618 = VECTOR('',#5619,1.);
#5619 = DIRECTION('',(1.,0.));
#5620 = ( GEOMETRIC_REPRESENTATION_CONTEXT(2) 
PARAMETRIC_REPRESENTATION_CONTEXT() REPRESENTATION_CONTEXT('2D SPACE',''
  ) );
#5621 = PCURVE('',#5087,#5622);
#5622 = DEFINITIONAL_REPRESENTATION('',(#5623),#5627);
#5623 = LINE('',#5624,#5625);
#5624 = CARTESIAN_POINT('',(-3.147363425341,4.627729065524));
#5625 = VECTOR('',#5626,1.);
#5626 = DIRECTION('',(-8.932520950205E-02,-0.996002513525));
#5627 = ( GEOMETRIC_REPRESENTATION_CONTEXT(2) 
PARAMETRIC_REPRESENTATION_CONTEXT() REPRESENTATION_CONTEXT('2D SPACE',''
  ) );
#5628 = ORIENTED_EDGE('',*,*,#5629,.F.);
#5629 = EDGE_CURVE('',#5630,#5607,#5632,.T.);
#5630 = VERTEX_POINT('',#5631);
#5631 = CARTESIAN_POINT('',(103.78336721558,12.107161709114,3.));
#5632 = SURFACE_CURVE('',#5633,(#5637,#5644),.PCURVE_S1.);
#5633 = LINE('',#5634,#5635);
#5634 = CARTESIAN_POINT('',(103.78336721558,12.107161709114,3.));
#5635 = VECTOR('',#5636,1.);
#5636 = DIRECTION('',(0.,0.,1.));
#5637 = PCURVE('',#5497,#5638);
#5638 = DEFINITIONAL_REPRESENTATION('',(#5639),#5643);
#5639 = LINE('',#5640,#5641);
#5640 = CARTESIAN_POINT('',(1.778070425196,0.));
#5641 = VECTOR('',#5642,1.);
#5642 = DIRECTION('',(0.,-1.));
#5643 = ( GEOMETRIC_REPRESENTATION_CONTEXT(2) 
PARAMETRIC_REPRESENTATION_CONTEXT() REPRESENTATION_CONTEXT('2D SPACE',''
  ) );
#5644 = PCURVE('',#5645,#5670);
#5645 = SURFACE_OF_LINEAR_EXTRUSION('',#5646,#5668);
#5646 = B_SPLINE_CURVE_WITH_KNOTS('',8,(#5647,#5648,#5649,#5650,#5651,
    #5652,#5653,#5654,#5655,#5656,#5657,#5658,#5659,#5660,#5661,#5662,
    #5663,#5664,#5665,#5666,#5667),.UNSPECIFIED.,.F.,.F.,(9,6,6,9),(0.,
    0.334983993887,0.684314836476,1.),.UNSPECIFIED.);
#5647 = CARTESIAN_POINT('',(103.78336721558,12.107161709114,3.));
#5648 = CARTESIAN_POINT('',(103.93536648369,12.035481201047,3.));
#5649 = CARTESIAN_POINT('',(104.43411364163,12.172069971358,
    2.999999999999));
#5650 = CARTESIAN_POINT('',(104.18118923171,11.958313227534,
    3.000000000002));
#5651 = CARTESIAN_POINT('',(104.93293394824,12.155987890795,
    2.999999999999));
#5652 = CARTESIAN_POINT('',(104.80081372643,12.019283397778,3.));
#5653 = CARTESIAN_POINT('',(105.17247245891,12.062948348747,3.));
#5654 = CARTESIAN_POINT('',(105.58856798052,12.034736014231,3.));
#5655 = CARTESIAN_POINT('',(106.09418415411,12.035121001089,3.));
#5656 = CARTESIAN_POINT('',(106.28343138229,12.023928731024,
    2.999999999999));
#5657 = CARTESIAN_POINT('',(106.58195900742,11.994405114223,
    3.000000000001));
#5658 = CARTESIAN_POINT('',(106.76822205621,11.971886758836,
    2.999999999999));
#5659 = CARTESIAN_POINT('',(107.02771839254,11.915010549221,3.));
#5660 = CARTESIAN_POINT('',(107.44898587689,11.79534975165,3.));
#5661 = CARTESIAN_POINT('',(107.85982770246,11.554021765243,3.));
#5662 = CARTESIAN_POINT('',(107.98652627423,11.460600899448,3.));
#5663 = CARTESIAN_POINT('',(108.21944225143,11.162800831313,3.));
#5664 = CARTESIAN_POINT('',(108.17490042384,11.091551037739,3.));
#5665 = CARTESIAN_POINT('',(108.30270193902,10.765863168425,3.));
#5666 = CARTESIAN_POINT('',(108.2550541233,10.600244547195,3.));
#5667 = CARTESIAN_POINT('',(108.2617912407,10.375779035743,3.));
#5668 = VECTOR('',#5669,1.);
#5669 = DIRECTION('',(-0.,-0.,-1.));
#5670 = DEFINITIONAL_REPRESENTATION('',(#5671),#5675);
#5671 = LINE('',#5672,#5673);
#5672 = CARTESIAN_POINT('',(0.,0.));
#5673 = VECTOR('',#5674,1.);
#5674 = DIRECTION('',(0.,-1.));
#5675 = ( GEOMETRIC_REPRESENTATION_CONTEXT(2) 
PARAMETRIC_REPRESENTATION_CONTEXT() REPRESENTATION_CONTEXT('2D SPACE',''
  ) );
#5676 = ORIENTED_EDGE('',*,*,#5677,.F.);
#5677 = EDGE_CURVE('',#5482,#5630,#5678,.T.);
#5678 = SURFACE_CURVE('',#5679,(#5683,#5690),.PCURVE_S1.);
#5679 = LINE('',#5680,#5681);
#5680 = CARTESIAN_POINT('',(103.94219372882,13.878124321833,3.));
#5681 = VECTOR('',#5682,1.);
#5682 = DIRECTION('',(-8.932520950205E-02,-0.996002513525,0.));
#5683 = PCURVE('',#5497,#5684);
#5684 = DEFINITIONAL_REPRESENTATION('',(#5685),#5689);
#5685 = LINE('',#5686,#5687);
#5686 = CARTESIAN_POINT('',(0.,0.));
#5687 = VECTOR('',#5688,1.);
#5688 = DIRECTION('',(1.,0.));
#5689 = ( GEOMETRIC_REPRESENTATION_CONTEXT(2) 
PARAMETRIC_REPRESENTATION_CONTEXT() REPRESENTATION_CONTEXT('2D SPACE',''
  ) );
#5690 = PCURVE('',#5146,#5691);
#5691 = DEFINITIONAL_REPRESENTATION('',(#5692),#5696);
#5692 = LINE('',#5693,#5694);
#5693 = CARTESIAN_POINT('',(-3.147363425341,4.627729065524));
#5694 = VECTOR('',#5695,1.);
#5695 = DIRECTION('',(-8.932520950205E-02,-0.996002513525));
#5696 = ( GEOMETRIC_REPRESENTATION_CONTEXT(2) 
PARAMETRIC_REPRESENTATION_CONTEXT() REPRESENTATION_CONTEXT('2D SPACE',''
  ) );
#5697 = ADVANCED_FACE('',(#5698),#5645,.F.);
#5698 = FACE_BOUND('',#5699,.F.);
#5699 = EDGE_LOOP('',(#5700,#5701,#5760,#5802));
#5700 = ORIENTED_EDGE('',*,*,#5629,.T.);
#5701 = ORIENTED_EDGE('',*,*,#5702,.T.);
#5702 = EDGE_CURVE('',#5607,#5703,#5705,.T.);
#5703 = VERTEX_POINT('',#5704);
#5704 = CARTESIAN_POINT('',(108.2617912407,10.375779035743,4.2));
#5705 = SURFACE_CURVE('',#5706,(#5728,#5735),.PCURVE_S1.);
#5706 = B_SPLINE_CURVE_WITH_KNOTS('',8,(#5707,#5708,#5709,#5710,#5711,
    #5712,#5713,#5714,#5715,#5716,#5717,#5718,#5719,#5720,#5721,#5722,
    #5723,#5724,#5725,#5726,#5727),.UNSPECIFIED.,.F.,.F.,(9,6,6,9),(0.,
    0.334983993887,0.684314836476,1.),.UNSPECIFIED.);
#5707 = CARTESIAN_POINT('',(103.78336721558,12.107161709114,4.2));
#5708 = CARTESIAN_POINT('',(103.93536648369,12.035481201047,4.2));
#5709 = CARTESIAN_POINT('',(104.43411364163,12.172069971358,
    4.199999999999));
#5710 = CARTESIAN_POINT('',(104.18118923171,11.958313227534,
    4.200000000002));
#5711 = CARTESIAN_POINT('',(104.93293394824,12.155987890795,
    4.199999999999));
#5712 = CARTESIAN_POINT('',(104.80081372643,12.019283397778,4.2));
#5713 = CARTESIAN_POINT('',(105.17247245891,12.062948348747,4.2));
#5714 = CARTESIAN_POINT('',(105.58856798052,12.034736014231,4.2));
#5715 = CARTESIAN_POINT('',(106.09418415411,12.035121001089,4.2));
#5716 = CARTESIAN_POINT('',(106.28343138229,12.023928731024,
    4.199999999999));
#5717 = CARTESIAN_POINT('',(106.58195900742,11.994405114223,
    4.200000000001));
#5718 = CARTESIAN_POINT('',(106.76822205621,11.971886758836,
    4.199999999999));
#5719 = CARTESIAN_POINT('',(107.02771839254,11.915010549221,4.2));
#5720 = CARTESIAN_POINT('',(107.44898587689,11.79534975165,4.2));
#5721 = CARTESIAN_POINT('',(107.85982770246,11.554021765243,4.2));
#5722 = CARTESIAN_POINT('',(107.98652627423,11.460600899448,4.2));
#5723 = CARTESIAN_POINT('',(108.21944225143,11.162800831313,4.2));
#5724 = CARTESIAN_POINT('',(108.17490042384,11.091551037739,4.2));
#5725 = CARTESIAN_POINT('',(108.30270193902,10.765863168425,4.2));
#5726 = CARTESIAN_POINT('',(108.2550541233,10.600244547195,4.2));
#5727 = CARTESIAN_POINT('',(108.2617912407,10.375779035743,4.2));
#5728 = PCURVE('',#5645,#5729);
#5729 = DEFINITIONAL_REPRESENTATION('',(#5730),#5734);
#5730 = LINE('',#5731,#5732);
#5731 = CARTESIAN_POINT('',(0.,-1.2));
#5732 = VECTOR('',#5733,1.);
#5733 = DIRECTION('',(1.,0.));
#5734 = ( GEOMETRIC_REPRESENTATION_CONTEXT(2) 
PARAMETRIC_REPRESENTATION_CONTEXT() REPRESENTATION_CONTEXT('2D SPACE',''
  ) );
#5735 = PCURVE('',#5087,#5736);
#5736 = DEFINITIONAL_REPRESENTATION('',(#5737),#5759);
#5737 = B_SPLINE_CURVE_WITH_KNOTS('',8,(#5738,#5739,#5740,#5741,#5742,
    #5743,#5744,#5745,#5746,#5747,#5748,#5749,#5750,#5751,#5752,#5753,
    #5754,#5755,#5756,#5757,#5758),.UNSPECIFIED.,.F.,.F.,(9,6,6,9),(0.,
    0.334983993887,0.684314836476,1.),.UNSPECIFIED.);
#5738 = CARTESIAN_POINT('',(-3.306189938581,2.856766452805));
#5739 = CARTESIAN_POINT('',(-3.154190670478,2.785085944738));
#5740 = CARTESIAN_POINT('',(-2.655443512532,2.921674715049));
#5741 = CARTESIAN_POINT('',(-2.908367922458,2.707917971224));
#5742 = CARTESIAN_POINT('',(-2.156623205927,2.905592634486));
#5743 = CARTESIAN_POINT('',(-2.288743427729,2.768888141468));
#5744 = CARTESIAN_POINT('',(-1.917084695249,2.812553092438));
#5745 = CARTESIAN_POINT('',(-1.500989173644,2.784340757922));
#5746 = CARTESIAN_POINT('',(-0.995373000057,2.78472574478));
#5747 = CARTESIAN_POINT('',(-0.806125771875,2.773533474715));
#5748 = CARTESIAN_POINT('',(-0.507598146744,2.744009857914));
#5749 = CARTESIAN_POINT('',(-0.321335097958,2.721491502527));
#5750 = CARTESIAN_POINT('',(-6.183876162329E-02,2.664615292912));
#5751 = CARTESIAN_POINT('',(0.359428722729,2.544954495341));
#5752 = CARTESIAN_POINT('',(0.770270548299,2.303626508934));
#5753 = CARTESIAN_POINT('',(0.896969120061,2.210205643139));
#5754 = CARTESIAN_POINT('',(1.129885097269,1.912405575004));
#5755 = CARTESIAN_POINT('',(1.085343269675,1.84115578143));
#5756 = CARTESIAN_POINT('',(1.213144784853,1.515467912116));
#5757 = CARTESIAN_POINT('',(1.165496969139,1.349849290886));
#5758 = CARTESIAN_POINT('',(1.172234086535,1.125383779434));
#5759 = ( GEOMETRIC_REPRESENTATION_CONTEXT(2) 
PARAMETRIC_REPRESENTATION_CONTEXT() REPRESENTATION_CONTEXT('2D SPACE',''
  ) );
#5760 = ORIENTED_EDGE('',*,*,#5761,.F.);
#5761 = EDGE_CURVE('',#5762,#5703,#5764,.T.);
#5762 = VERTEX_POINT('',#5763);
#5763 = CARTESIAN_POINT('',(108.2617912407,10.375779035743,3.));
#5764 = SURFACE_CURVE('',#5765,(#5769,#5776),.PCURVE_S1.);
#5765 = LINE('',#5766,#5767);
#5766 = CARTESIAN_POINT('',(108.2617912407,10.375779035743,3.));
#5767 = VECTOR('',#5768,1.);
#5768 = DIRECTION('',(0.,0.,1.));
#5769 = PCURVE('',#5645,#5770);
#5770 = DEFINITIONAL_REPRESENTATION('',(#5771),#5775);
#5771 = LINE('',#5772,#5773);
#5772 = CARTESIAN_POINT('',(1.,0.));
#5773 = VECTOR('',#5774,1.);
#5774 = DIRECTION('',(0.,-1.));
#5775 = ( GEOMETRIC_REPRESENTATION_CONTEXT(2) 
PARAMETRIC_REPRESENTATION_CONTEXT() REPRESENTATION_CONTEXT('2D SPACE',''
  ) );
#5776 = PCURVE('',#5777,#5796);
#5777 = SURFACE_OF_LINEAR_EXTRUSION('',#5778,#5794);
#5778 = B_SPLINE_CURVE_WITH_KNOTS('',8,(#5779,#5780,#5781,#5782,#5783,
    #5784,#5785,#5786,#5787,#5788,#5789,#5790,#5791,#5792,#5793),
  .UNSPECIFIED.,.F.,.F.,(9,6,9),(0.,0.504447670584,1.),.UNSPECIFIED.);
#5779 = CARTESIAN_POINT('',(108.2617912407,10.375779035743,3.));
#5780 = CARTESIAN_POINT('',(107.30601359359,10.588014785955,
    3.000000000001));
#5781 = CARTESIAN_POINT('',(106.47072827285,10.559842676599,
    2.999999999997));
#5782 = CARTESIAN_POINT('',(105.08057245533,10.59501651619,
    3.000000000007));
#5783 = CARTESIAN_POINT('',(104.96679593088,10.434427055555,
    2.999999999992));
#5784 = CARTESIAN_POINT('',(102.95548757076,10.188254198519,
    3.000000000005));
#5785 = CARTESIAN_POINT('',(102.8233131181,9.05815079062,2.999999999998)
  );
#5786 = CARTESIAN_POINT('',(102.44719333993,7.09810241984,3.000000000002
    ));
#5787 = CARTESIAN_POINT('',(103.34197488761,5.346241690794,
    2.999999999999));
#5788 = CARTESIAN_POINT('',(104.59731572294,4.419397406686,
    3.000000000003));
#5789 = CARTESIAN_POINT('',(105.67793091546,5.682107993912,
    2.999999999996));
#5790 = CARTESIAN_POINT('',(106.08348635974,4.474651411787,
    3.000000000003));
#5791 = CARTESIAN_POINT('',(107.84072669003,5.173605823635,
    2.999999999999));
#5792 = CARTESIAN_POINT('',(108.11548419687,6.144202043193,3.));
#5793 = CARTESIAN_POINT('',(108.22983353681,7.061805823956,3.));
#5794 = VECTOR('',#5795,1.);
#5795 = DIRECTION('',(-0.,-0.,-1.));
#5796 = DEFINITIONAL_REPRESENTATION('',(#5797),#5801);
#5797 = LINE('',#5798,#5799);
#5798 = CARTESIAN_POINT('',(0.,0.));
#5799 = VECTOR('',#5800,1.);
#5800 = DIRECTION('',(0.,-1.));
#5801 = ( GEOMETRIC_REPRESENTATION_CONTEXT(2) 
PARAMETRIC_REPRESENTATION_CONTEXT() REPRESENTATION_CONTEXT('2D SPACE',''
  ) );
#5802 = ORIENTED_EDGE('',*,*,#5803,.F.);
#5803 = EDGE_CURVE('',#5630,#5762,#5804,.T.);
#5804 = SURFACE_CURVE('',#5805,(#5827,#5834),.PCURVE_S1.);
#5805 = B_SPLINE_CURVE_WITH_KNOTS('',8,(#5806,#5807,#5808,#5809,#5810,
    #5811,#5812,#5813,#5814,#5815,#5816,#5817,#5818,#5819,#5820,#5821,
    #5822,#5823,#5824,#5825,#5826),.UNSPECIFIED.,.F.,.F.,(9,6,6,9),(0.,
    0.334983993887,0.684314836476,1.),.UNSPECIFIED.);
#5806 = CARTESIAN_POINT('',(103.78336721558,12.107161709114,3.));
#5807 = CARTESIAN_POINT('',(103.93536648369,12.035481201047,3.));
#5808 = CARTESIAN_POINT('',(104.43411364163,12.172069971358,
    2.999999999999));
#5809 = CARTESIAN_POINT('',(104.18118923171,11.958313227534,
    3.000000000002));
#5810 = CARTESIAN_POINT('',(104.93293394824,12.155987890795,
    2.999999999999));
#5811 = CARTESIAN_POINT('',(104.80081372643,12.019283397778,3.));
#5812 = CARTESIAN_POINT('',(105.17247245891,12.062948348747,3.));
#5813 = CARTESIAN_POINT('',(105.58856798052,12.034736014231,3.));
#5814 = CARTESIAN_POINT('',(106.09418415411,12.035121001089,3.));
#5815 = CARTESIAN_POINT('',(106.28343138229,12.023928731024,
    2.999999999999));
#5816 = CARTESIAN_POINT('',(106.58195900742,11.994405114223,
    3.000000000001));
#5817 = CARTESIAN_POINT('',(106.76822205621,11.971886758836,
    2.999999999999));
#5818 = CARTESIAN_POINT('',(107.02771839254,11.915010549221,3.));
#5819 = CARTESIAN_POINT('',(107.44898587689,11.79534975165,3.));
#5820 = CARTESIAN_POINT('',(107.85982770246,11.554021765243,3.));
#5821 = CARTESIAN_POINT('',(107.98652627423,11.460600899448,3.));
#5822 = CARTESIAN_POINT('',(108.21944225143,11.162800831313,3.));
#5823 = CARTESIAN_POINT('',(108.17490042384,11.091551037739,3.));
#5824 = CARTESIAN_POINT('',(108.30270193902,10.765863168425,3.));
#5825 = CARTESIAN_POINT('',(108.2550541233,10.600244547195,3.));
#5826 = CARTESIAN_POINT('',(108.2617912407,10.375779035743,3.));
#5827 = PCURVE('',#5645,#5828);
#5828 = DEFINITIONAL_REPRESENTATION('',(#5829),#5833);
#5829 = LINE('',#5830,#5831);
#5830 = CARTESIAN_POINT('',(0.,0.));
#5831 = VECTOR('',#5832,1.);
#5832 = DIRECTION('',(1.,0.));
#5833 = ( GEOMETRIC_REPRESENTATION_CONTEXT(2) 
PARAMETRIC_REPRESENTATION_CONTEXT() REPRESENTATION_CONTEXT('2D SPACE',''
  ) );
#5834 = PCURVE('',#5146,#5835);
#5835 = DEFINITIONAL_REPRESENTATION('',(#5836),#5858);
#5836 = B_SPLINE_CURVE_WITH_KNOTS('',8,(#5837,#5838,#5839,#5840,#5841,
    #5842,#5843,#5844,#5845,#5846,#5847,#5848,#5849,#5850,#5851,#5852,
    #5853,#5854,#5855,#5856,#5857),.UNSPECIFIED.,.F.,.F.,(9,6,6,9),(0.,
    0.334983993887,0.684314836476,1.),.UNSPECIFIED.);
#5837 = CARTESIAN_POINT('',(-3.306189938581,2.856766452805));
#5838 = CARTESIAN_POINT('',(-3.154190670478,2.785085944738));
#5839 = CARTESIAN_POINT('',(-2.655443512532,2.921674715049));
#5840 = CARTESIAN_POINT('',(-2.908367922458,2.707917971224));
#5841 = CARTESIAN_POINT('',(-2.156623205927,2.905592634486));
#5842 = CARTESIAN_POINT('',(-2.288743427729,2.768888141468));
#5843 = CARTESIAN_POINT('',(-1.917084695249,2.812553092438));
#5844 = CARTESIAN_POINT('',(-1.500989173644,2.784340757922));
#5845 = CARTESIAN_POINT('',(-0.995373000057,2.78472574478));
#5846 = CARTESIAN_POINT('',(-0.806125771875,2.773533474715));
#5847 = CARTESIAN_POINT('',(-0.507598146744,2.744009857914));
#5848 = CARTESIAN_POINT('',(-0.321335097958,2.721491502527));
#5849 = CARTESIAN_POINT('',(-6.183876162329E-02,2.664615292912));
#5850 = CARTESIAN_POINT('',(0.359428722729,2.544954495341));
#5851 = CARTESIAN_POINT('',(0.770270548299,2.303626508934));
#5852 = CARTESIAN_POINT('',(0.896969120061,2.210205643139));
#5853 = CARTESIAN_POINT('',(1.129885097269,1.912405575004));
#5854 = CARTESIAN_POINT('',(1.085343269675,1.84115578143));
#5855 = CARTESIAN_POINT('',(1.213144784853,1.515467912116));
#5856 = CARTESIAN_POINT('',(1.165496969139,1.349849290886));
#5857 = CARTESIAN_POINT('',(1.172234086535,1.125383779434));
#5858 = ( GEOMETRIC_REPRESENTATION_CONTEXT(2) 
PARAMETRIC_REPRESENTATION_CONTEXT() REPRESENTATION_CONTEXT('2D SPACE',''
  ) );
#5859 = ADVANCED_FACE('',(#5860),#5777,.F.);
#5860 = FACE_BOUND('',#5861,.F.);
#5861 = EDGE_LOOP('',(#5862,#5863,#5910,#5938));
#5862 = ORIENTED_EDGE('',*,*,#5761,.T.);
#5863 = ORIENTED_EDGE('',*,*,#5864,.T.);
#5864 = EDGE_CURVE('',#5703,#5865,#5867,.T.);
#5865 = VERTEX_POINT('',#5866);
#5866 = CARTESIAN_POINT('',(108.22983353681,7.061805823956,4.2));
#5867 = SURFACE_CURVE('',#5868,(#5884,#5891),.PCURVE_S1.);
#5868 = B_SPLINE_CURVE_WITH_KNOTS('',8,(#5869,#5870,#5871,#5872,#5873,
    #5874,#5875,#5876,#5877,#5878,#5879,#5880,#5881,#5882,#5883),
  .UNSPECIFIED.,.F.,.F.,(9,6,9),(0.,0.504447670584,1.),.UNSPECIFIED.);
#5869 = CARTESIAN_POINT('',(108.2617912407,10.375779035743,4.2));
#5870 = CARTESIAN_POINT('',(107.30601359359,10.588014785955,
    4.200000000001));
#5871 = CARTESIAN_POINT('',(106.47072827285,10.559842676599,
    4.199999999997));
#5872 = CARTESIAN_POINT('',(105.08057245533,10.59501651619,
    4.200000000007));
#5873 = CARTESIAN_POINT('',(104.96679593088,10.434427055555,
    4.199999999992));
#5874 = CARTESIAN_POINT('',(102.95548757076,10.188254198519,
    4.200000000005));
#5875 = CARTESIAN_POINT('',(102.8233131181,9.05815079062,4.199999999998)
  );
#5876 = CARTESIAN_POINT('',(102.44719333993,7.09810241984,4.200000000002
    ));
#5877 = CARTESIAN_POINT('',(103.34197488761,5.346241690794,
    4.199999999999));
#5878 = CARTESIAN_POINT('',(104.59731572294,4.419397406686,
    4.200000000003));
#5879 = CARTESIAN_POINT('',(105.67793091546,5.682107993912,
    4.199999999996));
#5880 = CARTESIAN_POINT('',(106.08348635974,4.474651411787,
    4.200000000003));
#5881 = CARTESIAN_POINT('',(107.84072669003,5.173605823635,
    4.199999999999));
#5882 = CARTESIAN_POINT('',(108.11548419687,6.144202043193,4.2));
#5883 = CARTESIAN_POINT('',(108.22983353681,7.061805823956,4.2));
#5884 = PCURVE('',#5777,#5885);
#5885 = DEFINITIONAL_REPRESENTATION('',(#5886),#5890);
#5886 = LINE('',#5887,#5888);
#5887 = CARTESIAN_POINT('',(0.,-1.2));
#5888 = VECTOR('',#5889,1.);
#5889 = DIRECTION('',(1.,0.));
#5890 = ( GEOMETRIC_REPRESENTATION_CONTEXT(2) 
PARAMETRIC_REPRESENTATION_CONTEXT() REPRESENTATION_CONTEXT('2D SPACE',''
  ) );
#5891 = PCURVE('',#5087,#5892);
#5892 = DEFINITIONAL_REPRESENTATION('',(#5893),#5909);
#5893 = B_SPLINE_CURVE_WITH_KNOTS('',8,(#5894,#5895,#5896,#5897,#5898,
    #5899,#5900,#5901,#5902,#5903,#5904,#5905,#5906,#5907,#5908),
  .UNSPECIFIED.,.F.,.F.,(9,6,9),(0.,0.504447670584,1.),.UNSPECIFIED.);
#5894 = CARTESIAN_POINT('',(1.172234086535,1.125383779434));
#5895 = CARTESIAN_POINT('',(0.216456439427,1.337619529646));
#5896 = CARTESIAN_POINT('',(-0.618828881314,1.309447420289));
#5897 = CARTESIAN_POINT('',(-2.008984698833,1.344621259881));
#5898 = CARTESIAN_POINT('',(-2.122761223286,1.184031799246));
#5899 = CARTESIAN_POINT('',(-4.134069583405,0.937858942209));
#5900 = CARTESIAN_POINT('',(-4.266244036061,-0.192244465689));
#5901 = CARTESIAN_POINT('',(-4.642363814234,-2.15229283647));
#5902 = CARTESIAN_POINT('',(-3.747582266552,-3.904153565515));
#5903 = CARTESIAN_POINT('',(-2.492241431225,-4.830997849624));
#5904 = CARTESIAN_POINT('',(-1.4116262387,-3.568287262397));
#5905 = CARTESIAN_POINT('',(-1.006070794429,-4.775743844522));
#5906 = CARTESIAN_POINT('',(0.751169535867,-4.076789432674));
#5907 = CARTESIAN_POINT('',(1.025927042704,-3.106193213117));
#5908 = CARTESIAN_POINT('',(1.140276382642,-2.188589432353));
#5909 = ( GEOMETRIC_REPRESENTATION_CONTEXT(2) 
PARAMETRIC_REPRESENTATION_CONTEXT() REPRESENTATION_CONTEXT('2D SPACE',''
  ) );
#5910 = ORIENTED_EDGE('',*,*,#5911,.F.);
#5911 = EDGE_CURVE('',#5912,#5865,#5914,.T.);
#5912 = VERTEX_POINT('',#5913);
#5913 = CARTESIAN_POINT('',(108.22983353681,7.061805823956,3.));
#5914 = SURFACE_CURVE('',#5915,(#5919,#5926),.PCURVE_S1.);
#5915 = LINE('',#5916,#5917);
#5916 = CARTESIAN_POINT('',(108.22983353681,7.061805823956,3.));
#5917 = VECTOR('',#5918,1.);
#5918 = DIRECTION('',(0.,0.,1.));
#5919 = PCURVE('',#5777,#5920);
#5920 = DEFINITIONAL_REPRESENTATION('',(#5921),#5925);
#5921 = LINE('',#5922,#5923);
#5922 = CARTESIAN_POINT('',(1.,0.));
#5923 = VECTOR('',#5924,1.);
#5924 = DIRECTION('',(0.,-1.));
#5925 = ( GEOMETRIC_REPRESENTATION_CONTEXT(2) 
PARAMETRIC_REPRESENTATION_CONTEXT() REPRESENTATION_CONTEXT('2D SPACE',''
  ) );
#5926 = PCURVE('',#5927,#5932);
#5927 = PLANE('',#5928);
#5928 = AXIS2_PLACEMENT_3D('',#5929,#5930,#5931);
#5929 = CARTESIAN_POINT('',(108.22983353681,7.061805823956,3.));
#5930 = DIRECTION('',(0.,1.,0.));
#5931 = DIRECTION('',(1.,0.,0.));
#5932 = DEFINITIONAL_REPRESENTATION('',(#5933),#5937);
#5933 = LINE('',#5934,#5935);
#5934 = CARTESIAN_POINT('',(0.,0.));
#5935 = VECTOR('',#5936,1.);
#5936 = DIRECTION('',(0.,-1.));
#5937 = ( GEOMETRIC_REPRESENTATION_CONTEXT(2) 
PARAMETRIC_REPRESENTATION_CONTEXT() REPRESENTATION_CONTEXT('2D SPACE',''
  ) );
#5938 = ORIENTED_EDGE('',*,*,#5939,.F.);
#5939 = EDGE_CURVE('',#5762,#5912,#5940,.T.);
#5940 = SURFACE_CURVE('',#5941,(#5957,#5964),.PCURVE_S1.);
#5941 = B_SPLINE_CURVE_WITH_KNOTS('',8,(#5942,#5943,#5944,#5945,#5946,
    #5947,#5948,#5949,#5950,#5951,#5952,#5953,#5954,#5955,#5956),
  .UNSPECIFIED.,.F.,.F.,(9,6,9),(0.,0.504447670584,1.),.UNSPECIFIED.);
#5942 = CARTESIAN_POINT('',(108.2617912407,10.375779035743,3.));
#5943 = CARTESIAN_POINT('',(107.30601359359,10.588014785955,
    3.000000000001));
#5944 = CARTESIAN_POINT('',(106.47072827285,10.559842676599,
    2.999999999997));
#5945 = CARTESIAN_POINT('',(105.08057245533,10.59501651619,
    3.000000000007));
#5946 = CARTESIAN_POINT('',(104.96679593088,10.434427055555,
    2.999999999992));
#5947 = CARTESIAN_POINT('',(102.95548757076,10.188254198519,
    3.000000000005));
#5948 = CARTESIAN_POINT('',(102.8233131181,9.05815079062,2.999999999998)
  );
#5949 = CARTESIAN_POINT('',(102.44719333993,7.09810241984,3.000000000002
    ));
#5950 = CARTESIAN_POINT('',(103.34197488761,5.346241690794,
    2.999999999999));
#5951 = CARTESIAN_POINT('',(104.59731572294,4.419397406686,
    3.000000000003));
#5952 = CARTESIAN_POINT('',(105.67793091546,5.682107993912,
    2.999999999996));
#5953 = CARTESIAN_POINT('',(106.08348635974,4.474651411787,
    3.000000000003));
#5954 = CARTESIAN_POINT('',(107.84072669003,5.173605823635,
    2.999999999999));
#5955 = CARTESIAN_POINT('',(108.11548419687,6.144202043193,3.));
#5956 = CARTESIAN_POINT('',(108.22983353681,7.061805823956,3.));
#5957 = PCURVE('',#5777,#5958);
#5958 = DEFINITIONAL_REPRESENTATION('',(#5959),#5963);
#5959 = LINE('',#5960,#5961);
#5960 = CARTESIAN_POINT('',(0.,0.));
#5961 = VECTOR('',#5962,1.);
#5962 = DIRECTION('',(1.,0.));
#5963 = ( GEOMETRIC_REPRESENTATION_CONTEXT(2) 
PARAMETRIC_REPRESENTATION_CONTEXT() REPRESENTATION_CONTEXT('2D SPACE',''
  ) );
#5964 = PCURVE('',#5146,#5965);
#5965 = DEFINITIONAL_REPRESENTATION('',(#5966),#5982);
#5966 = B_SPLINE_CURVE_WITH_KNOTS('',8,(#5967,#5968,#5969,#5970,#5971,
    #5972,#5973,#5974,#5975,#5976,#5977,#5978,#5979,#5980,#5981),
  .UNSPECIFIED.,.F.,.F.,(9,6,9),(0.,0.504447670584,1.),.UNSPECIFIED.);
#5967 = CARTESIAN_POINT('',(1.172234086535,1.125383779434));
#5968 = CARTESIAN_POINT('',(0.216456439427,1.337619529646));
#5969 = CARTESIAN_POINT('',(-0.618828881314,1.309447420289));
#5970 = CARTESIAN_POINT('',(-2.008984698833,1.344621259881));
#5971 = CARTESIAN_POINT('',(-2.122761223286,1.184031799246));
#5972 = CARTESIAN_POINT('',(-4.134069583405,0.937858942209));
#5973 = CARTESIAN_POINT('',(-4.266244036061,-0.192244465689));
#5974 = CARTESIAN_POINT('',(-4.642363814234,-2.15229283647));
#5975 = CARTESIAN_POINT('',(-3.747582266552,-3.904153565515));
#5976 = CARTESIAN_POINT('',(-2.492241431225,-4.830997849624));
#5977 = CARTESIAN_POINT('',(-1.4116262387,-3.568287262397));
#5978 = CARTESIAN_POINT('',(-1.006070794429,-4.775743844522));
#5979 = CARTESIAN_POINT('',(0.751169535867,-4.076789432674));
#5980 = CARTESIAN_POINT('',(1.025927042704,-3.106193213117));
#5981 = CARTESIAN_POINT('',(1.140276382642,-2.188589432353));
#5982 = ( GEOMETRIC_REPRESENTATION_CONTEXT(2) 
PARAMETRIC_REPRESENTATION_CONTEXT() REPRESENTATION_CONTEXT('2D SPACE',''
  ) );
#5983 = ADVANCED_FACE('',(#5984),#5927,.F.);
#5984 = FACE_BOUND('',#5985,.F.);
#5985 = EDGE_LOOP('',(#5986,#5987,#6010,#6033));
#5986 = ORIENTED_EDGE('',*,*,#5911,.T.);
#5987 = ORIENTED_EDGE('',*,*,#5988,.T.);
#5988 = EDGE_CURVE('',#5865,#5989,#5991,.T.);
#5989 = VERTEX_POINT('',#5990);
#5990 = CARTESIAN_POINT('',(108.41396687251,7.061805823956,4.2));
#5991 = SURFACE_CURVE('',#5992,(#5996,#6003),.PCURVE_S1.);
#5992 = LINE('',#5993,#5994);
#5993 = CARTESIAN_POINT('',(108.22983353681,7.061805823956,4.2));
#5994 = VECTOR('',#5995,1.);
#5995 = DIRECTION('',(1.,0.,0.));
#5996 = PCURVE('',#5927,#5997);
#5997 = DEFINITIONAL_REPRESENTATION('',(#5998),#6002);
#5998 = LINE('',#5999,#6000);
#5999 = CARTESIAN_POINT('',(0.,-1.2));
#6000 = VECTOR('',#6001,1.);
#6001 = DIRECTION('',(1.,0.));
#6002 = ( GEOMETRIC_REPRESENTATION_CONTEXT(2) 
PARAMETRIC_REPRESENTATION_CONTEXT() REPRESENTATION_CONTEXT('2D SPACE',''
  ) );
#6003 = PCURVE('',#5087,#6004);
#6004 = DEFINITIONAL_REPRESENTATION('',(#6005),#6009);
#6005 = LINE('',#6006,#6007);
#6006 = CARTESIAN_POINT('',(1.140276382642,-2.188589432353));
#6007 = VECTOR('',#6008,1.);
#6008 = DIRECTION('',(1.,-1.130351477058E-31));
#6009 = ( GEOMETRIC_REPRESENTATION_CONTEXT(2) 
PARAMETRIC_REPRESENTATION_CONTEXT() REPRESENTATION_CONTEXT('2D SPACE',''
  ) );
#6010 = ORIENTED_EDGE('',*,*,#6011,.F.);
#6011 = EDGE_CURVE('',#6012,#5989,#6014,.T.);
#6012 = VERTEX_POINT('',#6013);
#6013 = CARTESIAN_POINT('',(108.41396687251,7.061805823956,3.));
#6014 = SURFACE_CURVE('',#6015,(#6019,#6026),.PCURVE_S1.);
#6015 = LINE('',#6016,#6017);
#6016 = CARTESIAN_POINT('',(108.41396687251,7.061805823956,3.));
#6017 = VECTOR('',#6018,1.);
#6018 = DIRECTION('',(0.,0.,1.));
#6019 = PCURVE('',#5927,#6020);
#6020 = DEFINITIONAL_REPRESENTATION('',(#6021),#6025);
#6021 = LINE('',#6022,#6023);
#6022 = CARTESIAN_POINT('',(0.184133335701,0.));
#6023 = VECTOR('',#6024,1.);
#6024 = DIRECTION('',(0.,-1.));
#6025 = ( GEOMETRIC_REPRESENTATION_CONTEXT(2) 
PARAMETRIC_REPRESENTATION_CONTEXT() REPRESENTATION_CONTEXT('2D SPACE',''
  ) );
#6026 = PCURVE('',#5059,#6027);
#6027 = DEFINITIONAL_REPRESENTATION('',(#6028),#6032);
#6028 = LINE('',#6029,#6030);
#6029 = CARTESIAN_POINT('',(0.,0.));
#6030 = VECTOR('',#6031,1.);
#6031 = DIRECTION('',(0.,-1.));
#6032 = ( GEOMETRIC_REPRESENTATION_CONTEXT(2) 
PARAMETRIC_REPRESENTATION_CONTEXT() REPRESENTATION_CONTEXT('2D SPACE',''
  ) );
#6033 = ORIENTED_EDGE('',*,*,#6034,.F.);
#6034 = EDGE_CURVE('',#5912,#6012,#6035,.T.);
#6035 = SURFACE_CURVE('',#6036,(#6040,#6047),.PCURVE_S1.);
#6036 = LINE('',#6037,#6038);
#6037 = CARTESIAN_POINT('',(108.22983353681,7.061805823956,3.));
#6038 = VECTOR('',#6039,1.);
#6039 = DIRECTION('',(1.,0.,0.));
#6040 = PCURVE('',#5927,#6041);
#6041 = DEFINITIONAL_REPRESENTATION('',(#6042),#6046);
#6042 = LINE('',#6043,#6044);
#6043 = CARTESIAN_POINT('',(0.,0.));
#6044 = VECTOR('',#6045,1.);
#6045 = DIRECTION('',(1.,0.));
#6046 = ( GEOMETRIC_REPRESENTATION_CONTEXT(2) 
PARAMETRIC_REPRESENTATION_CONTEXT() REPRESENTATION_CONTEXT('2D SPACE',''
  ) );
#6047 = PCURVE('',#5146,#6048);
#6048 = DEFINITIONAL_REPRESENTATION('',(#6049),#6053);
#6049 = LINE('',#6050,#6051);
#6050 = CARTESIAN_POINT('',(1.140276382642,-2.188589432353));
#6051 = VECTOR('',#6052,1.);
#6052 = DIRECTION('',(1.,-1.130351477058E-31));
#6053 = ( GEOMETRIC_REPRESENTATION_CONTEXT(2) 
PARAMETRIC_REPRESENTATION_CONTEXT() REPRESENTATION_CONTEXT('2D SPACE',''
  ) );
#6054 = ADVANCED_FACE('',(#6055),#5059,.F.);
#6055 = FACE_BOUND('',#6056,.F.);
#6056 = EDGE_LOOP('',(#6057,#6058,#6079,#6080));
#6057 = ORIENTED_EDGE('',*,*,#6011,.T.);
#6058 = ORIENTED_EDGE('',*,*,#6059,.T.);
#6059 = EDGE_CURVE('',#5989,#5039,#6060,.T.);
#6060 = SURFACE_CURVE('',#6061,(#6065,#6072),.PCURVE_S1.);
#6061 = LINE('',#6062,#6063);
#6062 = CARTESIAN_POINT('',(108.41396687251,7.061805823956,4.2));
#6063 = VECTOR('',#6064,1.);
#6064 = DIRECTION('',(6.041101823902E-02,-0.998173586545,0.));
#6065 = PCURVE('',#5059,#6066);
#6066 = DEFINITIONAL_REPRESENTATION('',(#6067),#6071);
#6067 = LINE('',#6068,#6069);
#6068 = CARTESIAN_POINT('',(0.,-1.2));
#6069 = VECTOR('',#6070,1.);
#6070 = DIRECTION('',(1.,0.));
#6071 = ( GEOMETRIC_REPRESENTATION_CONTEXT(2) 
PARAMETRIC_REPRESENTATION_CONTEXT() REPRESENTATION_CONTEXT('2D SPACE',''
  ) );
#6072 = PCURVE('',#5087,#6073);
#6073 = DEFINITIONAL_REPRESENTATION('',(#6074),#6078);
#6074 = LINE('',#6075,#6076);
#6075 = CARTESIAN_POINT('',(1.324409718343,-2.188589432353));
#6076 = VECTOR('',#6077,1.);
#6077 = DIRECTION('',(6.041101823902E-02,-0.998173586545));
#6078 = ( GEOMETRIC_REPRESENTATION_CONTEXT(2) 
PARAMETRIC_REPRESENTATION_CONTEXT() REPRESENTATION_CONTEXT('2D SPACE',''
  ) );
#6079 = ORIENTED_EDGE('',*,*,#5036,.F.);
#6080 = ORIENTED_EDGE('',*,*,#6081,.F.);
#6081 = EDGE_CURVE('',#6012,#5037,#6082,.T.);
#6082 = SURFACE_CURVE('',#6083,(#6087,#6094),.PCURVE_S1.);
#6083 = LINE('',#6084,#6085);
#6084 = CARTESIAN_POINT('',(108.41396687251,7.061805823956,3.));
#6085 = VECTOR('',#6086,1.);
#6086 = DIRECTION('',(6.041101823902E-02,-0.998173586545,0.));
#6087 = PCURVE('',#5059,#6088);
#6088 = DEFINITIONAL_REPRESENTATION('',(#6089),#6093);
#6089 = LINE('',#6090,#6091);
#6090 = CARTESIAN_POINT('',(0.,0.));
#6091 = VECTOR('',#6092,1.);
#6092 = DIRECTION('',(1.,0.));
#6093 = ( GEOMETRIC_REPRESENTATION_CONTEXT(2) 
PARAMETRIC_REPRESENTATION_CONTEXT() REPRESENTATION_CONTEXT('2D SPACE',''
  ) );
#6094 = PCURVE('',#5146,#6095);
#6095 = DEFINITIONAL_REPRESENTATION('',(#6096),#6100);
#6096 = LINE('',#6097,#6098);
#6097 = CARTESIAN_POINT('',(1.324409718343,-2.188589432353));
#6098 = VECTOR('',#6099,1.);
#6099 = DIRECTION('',(6.041101823902E-02,-0.998173586545));
#6100 = ( GEOMETRIC_REPRESENTATION_CONTEXT(2) 
PARAMETRIC_REPRESENTATION_CONTEXT() REPRESENTATION_CONTEXT('2D SPACE',''
  ) );
#6101 = ADVANCED_FACE('',(#6102),#6116,.F.);
#6102 = FACE_BOUND('',#6103,.F.);
#6103 = EDGE_LOOP('',(#6104,#6154,#6211,#6212));
#6104 = ORIENTED_EDGE('',*,*,#6105,.T.);
#6105 = EDGE_CURVE('',#6106,#6108,#6110,.T.);
#6106 = VERTEX_POINT('',#6107);
#6107 = CARTESIAN_POINT('',(108.2617912407,8.773896167354,3.));
#6108 = VERTEX_POINT('',#6109);
#6109 = CARTESIAN_POINT('',(108.2617912407,8.773896167354,4.2));
#6110 = SEAM_CURVE('',#6111,(#6115,#6147),.PCURVE_S1.);
#6111 = LINE('',#6112,#6113);
#6112 = CARTESIAN_POINT('',(108.2617912407,8.773896167354,3.));
#6113 = VECTOR('',#6114,1.);
#6114 = DIRECTION('',(0.,0.,1.));
#6115 = PCURVE('',#6116,#6141);
#6116 = SURFACE_OF_LINEAR_EXTRUSION('',#6117,#6139);
#6117 = B_SPLINE_CURVE_WITH_KNOTS('',8,(#6118,#6119,#6120,#6121,#6122,
    #6123,#6124,#6125,#6126,#6127,#6128,#6129,#6130,#6131,#6132,#6133,
    #6134,#6135,#6136,#6137,#6138),.UNSPECIFIED.,.T.,.F.,(9,6,6,9),(0.,
    0.32299933383,0.645884135802,1.),.UNSPECIFIED.);
#6118 = CARTESIAN_POINT('',(108.2617912407,8.773896167354,3.));
#6119 = CARTESIAN_POINT('',(108.26416537275,8.389206389574,
    3.000000000001));
#6120 = CARTESIAN_POINT('',(108.30132039127,8.018483568422,
    2.999999999997));
#6121 = CARTESIAN_POINT('',(108.01286617358,7.617026440673,
    3.000000000007));
#6122 = CARTESIAN_POINT('',(107.85710749374,7.307209079293,
    2.999999999991));
#6123 = CARTESIAN_POINT('',(107.51009696584,7.099559363954,
    3.000000000006));
#6124 = CARTESIAN_POINT('',(107.13026815388,6.88393612254,2.999999999998
    ));
#6125 = CARTESIAN_POINT('',(106.4380914028,6.730048189014,3.000000000002
    ));
#6126 = CARTESIAN_POINT('',(105.58368406181,6.723350172776,
    2.999999999998));
#6127 = CARTESIAN_POINT('',(105.49362576059,6.827190187131,
    3.000000000005));
#6128 = CARTESIAN_POINT('',(104.42872849848,6.746129643464,
    2.999999999994));
#6129 = CARTESIAN_POINT('',(104.81363613212,7.472806334382,
    3.000000000004));
#6130 = CARTESIAN_POINT('',(104.54127251343,7.79876156774,2.999999999999
    ));
#6131 = CARTESIAN_POINT('',(104.91718506794,8.656854320616,
    3.000000000001));
#6132 = CARTESIAN_POINT('',(105.76216825558,8.8552486316,2.999999999999)
  );
#6133 = CARTESIAN_POINT('',(106.17053804592,8.898345166522,
    3.000000000002));
#6134 = CARTESIAN_POINT('',(106.60201364822,8.942683081987,
    2.999999999997));
#6135 = CARTESIAN_POINT('',(107.00502003498,8.793904899211,
    3.000000000002));
#6136 = CARTESIAN_POINT('',(107.43460589326,8.928901054644,
    2.999999999999));
#6137 = CARTESIAN_POINT('',(107.85036567402,8.846140710601,3.));
#6138 = CARTESIAN_POINT('',(108.2617912407,8.773896167354,3.));
#6139 = VECTOR('',#6140,1.);
#6140 = DIRECTION('',(-0.,-0.,-1.));
#6141 = DEFINITIONAL_REPRESENTATION('',(#6142),#6146);
#6142 = LINE('',#6143,#6144);
#6143 = CARTESIAN_POINT('',(0.,0.));
#6144 = VECTOR('',#6145,1.);
#6145 = DIRECTION('',(0.,-1.));
#6146 = ( GEOMETRIC_REPRESENTATION_CONTEXT(2) 
PARAMETRIC_REPRESENTATION_CONTEXT() REPRESENTATION_CONTEXT('2D SPACE',''
  ) );
#6147 = PCURVE('',#6116,#6148);
#6148 = DEFINITIONAL_REPRESENTATION('',(#6149),#6153);
#6149 = LINE('',#6150,#6151);
#6150 = CARTESIAN_POINT('',(1.,0.));
#6151 = VECTOR('',#6152,1.);
#6152 = DIRECTION('',(0.,-1.));
#6153 = ( GEOMETRIC_REPRESENTATION_CONTEXT(2) 
PARAMETRIC_REPRESENTATION_CONTEXT() REPRESENTATION_CONTEXT('2D SPACE',''
  ) );
#6154 = ORIENTED_EDGE('',*,*,#6155,.T.);
#6155 = EDGE_CURVE('',#6108,#6108,#6156,.T.);
#6156 = SURFACE_CURVE('',#6157,(#6179,#6186),.PCURVE_S1.);
#6157 = B_SPLINE_CURVE_WITH_KNOTS('',8,(#6158,#6159,#6160,#6161,#6162,
    #6163,#6164,#6165,#6166,#6167,#6168,#6169,#6170,#6171,#6172,#6173,
    #6174,#6175,#6176,#6177,#6178),.UNSPECIFIED.,.T.,.F.,(9,6,6,9),(0.,
    0.32299933383,0.645884135802,1.),.UNSPECIFIED.);
#6158 = CARTESIAN_POINT('',(108.2617912407,8.773896167354,4.2));
#6159 = CARTESIAN_POINT('',(108.26416537275,8.389206389574,
    4.200000000001));
#6160 = CARTESIAN_POINT('',(108.30132039127,8.018483568422,
    4.199999999997));
#6161 = CARTESIAN_POINT('',(108.01286617358,7.617026440673,
    4.200000000007));
#6162 = CARTESIAN_POINT('',(107.85710749374,7.307209079293,
    4.199999999991));
#6163 = CARTESIAN_POINT('',(107.51009696584,7.099559363954,
    4.200000000006));
#6164 = CARTESIAN_POINT('',(107.13026815388,6.88393612254,4.199999999998
    ));
#6165 = CARTESIAN_POINT('',(106.4380914028,6.730048189014,4.200000000002
    ));
#6166 = CARTESIAN_POINT('',(105.58368406181,6.723350172776,
    4.199999999998));
#6167 = CARTESIAN_POINT('',(105.49362576059,6.827190187131,
    4.200000000005));
#6168 = CARTESIAN_POINT('',(104.42872849848,6.746129643464,
    4.199999999994));
#6169 = CARTESIAN_POINT('',(104.81363613212,7.472806334382,
    4.200000000004));
#6170 = CARTESIAN_POINT('',(104.54127251343,7.79876156774,4.199999999999
    ));
#6171 = CARTESIAN_POINT('',(104.91718506794,8.656854320616,
    4.200000000001));
#6172 = CARTESIAN_POINT('',(105.76216825558,8.8552486316,4.199999999999)
  );
#6173 = CARTESIAN_POINT('',(106.17053804592,8.898345166522,
    4.200000000002));
#6174 = CARTESIAN_POINT('',(106.60201364822,8.942683081987,
    4.199999999997));
#6175 = CARTESIAN_POINT('',(107.00502003498,8.793904899211,
    4.200000000002));
#6176 = CARTESIAN_POINT('',(107.43460589326,8.928901054644,
    4.199999999999));
#6177 = CARTESIAN_POINT('',(107.85036567402,8.846140710601,4.2));
#6178 = CARTESIAN_POINT('',(108.2617912407,8.773896167354,4.2));
#6179 = PCURVE('',#6116,#6180);
#6180 = DEFINITIONAL_REPRESENTATION('',(#6181),#6185);
#6181 = LINE('',#6182,#6183);
#6182 = CARTESIAN_POINT('',(0.,-1.2));
#6183 = VECTOR('',#6184,1.);
#6184 = DIRECTION('',(1.,0.));
#6185 = ( GEOMETRIC_REPRESENTATION_CONTEXT(2) 
PARAMETRIC_REPRESENTATION_CONTEXT() REPRESENTATION_CONTEXT('2D SPACE',''
  ) );
#6186 = PCURVE('',#5087,#6187);
#6187 = DEFINITIONAL_REPRESENTATION('',(#6188),#6210);
#6188 = B_SPLINE_CURVE_WITH_KNOTS('',8,(#6189,#6190,#6191,#6192,#6193,
    #6194,#6195,#6196,#6197,#6198,#6199,#6200,#6201,#6202,#6203,#6204,
    #6205,#6206,#6207,#6208,#6209),.UNSPECIFIED.,.T.,.F.,(9,6,6,9),(0.,
    0.32299933383,0.645884135802,1.),.UNSPECIFIED.);
#6189 = CARTESIAN_POINT('',(1.172234086535,-0.476499088955));
#6190 = CARTESIAN_POINT('',(1.174608218585,-0.861188866735));
#6191 = CARTESIAN_POINT('',(1.21176323711,-1.231911687887));
#6192 = CARTESIAN_POINT('',(0.923309019418,-1.633368815636));
#6193 = CARTESIAN_POINT('',(0.767550339577,-1.943186177016));
#6194 = CARTESIAN_POINT('',(0.420539811672,-2.150835892355));
#6195 = CARTESIAN_POINT('',(4.071099971181E-02,-2.366459133769));
#6196 = CARTESIAN_POINT('',(-0.651465751366,-2.520347067296));
#6197 = CARTESIAN_POINT('',(-1.505873092358,-2.527045083533));
#6198 = CARTESIAN_POINT('',(-1.59593139357,-2.423205069178));
#6199 = CARTESIAN_POINT('',(-2.660828655686,-2.504265612845));
#6200 = CARTESIAN_POINT('',(-2.275921022042,-1.777588921928));
#6201 = CARTESIAN_POINT('',(-2.54828464073,-1.45163368857));
#6202 = CARTESIAN_POINT('',(-2.172372086224,-0.593540935693));
#6203 = CARTESIAN_POINT('',(-1.327388898582,-0.395146624709));
#6204 = CARTESIAN_POINT('',(-0.919019108247,-0.352050089787));
#6205 = CARTESIAN_POINT('',(-0.487543505947,-0.307712174323));
#6206 = CARTESIAN_POINT('',(-8.453711918838E-02,-0.456490357099));
#6207 = CARTESIAN_POINT('',(0.345048739091,-0.321494201665));
#6208 = CARTESIAN_POINT('',(0.76080851986,-0.404254545708));
#6209 = CARTESIAN_POINT('',(1.172234086535,-0.476499088955));
#6210 = ( GEOMETRIC_REPRESENTATION_CONTEXT(2) 
PARAMETRIC_REPRESENTATION_CONTEXT() REPRESENTATION_CONTEXT('2D SPACE',''
  ) );
#6211 = ORIENTED_EDGE('',*,*,#6105,.F.);
#6212 = ORIENTED_EDGE('',*,*,#6213,.F.);
#6213 = EDGE_CURVE('',#6106,#6106,#6214,.T.);
#6214 = SURFACE_CURVE('',#6215,(#6237,#6244),.PCURVE_S1.);
#6215 = B_SPLINE_CURVE_WITH_KNOTS('',8,(#6216,#6217,#6218,#6219,#6220,
    #6221,#6222,#6223,#6224,#6225,#6226,#6227,#6228,#6229,#6230,#6231,
    #6232,#6233,#6234,#6235,#6236),.UNSPECIFIED.,.T.,.F.,(9,6,6,9),(0.,
    0.32299933383,0.645884135802,1.),.UNSPECIFIED.);
#6216 = CARTESIAN_POINT('',(108.2617912407,8.773896167354,3.));
#6217 = CARTESIAN_POINT('',(108.26416537275,8.389206389574,
    3.000000000001));
#6218 = CARTESIAN_POINT('',(108.30132039127,8.018483568422,
    2.999999999997));
#6219 = CARTESIAN_POINT('',(108.01286617358,7.617026440673,
    3.000000000007));
#6220 = CARTESIAN_POINT('',(107.85710749374,7.307209079293,
    2.999999999991));
#6221 = CARTESIAN_POINT('',(107.51009696584,7.099559363954,
    3.000000000006));
#6222 = CARTESIAN_POINT('',(107.13026815388,6.88393612254,2.999999999998
    ));
#6223 = CARTESIAN_POINT('',(106.4380914028,6.730048189014,3.000000000002
    ));
#6224 = CARTESIAN_POINT('',(105.58368406181,6.723350172776,
    2.999999999998));
#6225 = CARTESIAN_POINT('',(105.49362576059,6.827190187131,
    3.000000000005));
#6226 = CARTESIAN_POINT('',(104.42872849848,6.746129643464,
    2.999999999994));
#6227 = CARTESIAN_POINT('',(104.81363613212,7.472806334382,
    3.000000000004));
#6228 = CARTESIAN_POINT('',(104.54127251343,7.79876156774,2.999999999999
    ));
#6229 = CARTESIAN_POINT('',(104.91718506794,8.656854320616,
    3.000000000001));
#6230 = CARTESIAN_POINT('',(105.76216825558,8.8552486316,2.999999999999)
  );
#6231 = CARTESIAN_POINT('',(106.17053804592,8.898345166522,
    3.000000000002));
#6232 = CARTESIAN_POINT('',(106.60201364822,8.942683081987,
    2.999999999997));
#6233 = CARTESIAN_POINT('',(107.00502003498,8.793904899211,
    3.000000000002));
#6234 = CARTESIAN_POINT('',(107.43460589326,8.928901054644,
    2.999999999999));
#6235 = CARTESIAN_POINT('',(107.85036567402,8.846140710601,3.));
#6236 = CARTESIAN_POINT('',(108.2617912407,8.773896167354,3.));
#6237 = PCURVE('',#6116,#6238);
#6238 = DEFINITIONAL_REPRESENTATION('',(#6239),#6243);
#6239 = LINE('',#6240,#6241);
#6240 = CARTESIAN_POINT('',(0.,0.));
#6241 = VECTOR('',#6242,1.);
#6242 = DIRECTION('',(1.,0.));
#6243 = ( GEOMETRIC_REPRESENTATION_CONTEXT(2) 
PARAMETRIC_REPRESENTATION_CONTEXT() REPRESENTATION_CONTEXT('2D SPACE',''
  ) );
#6244 = PCURVE('',#5146,#6245);
#6245 = DEFINITIONAL_REPRESENTATION('',(#6246),#6268);
#6246 = B_SPLINE_CURVE_WITH_KNOTS('',8,(#6247,#6248,#6249,#6250,#6251,
    #6252,#6253,#6254,#6255,#6256,#6257,#6258,#6259,#6260,#6261,#6262,
    #6263,#6264,#6265,#6266,#6267),.UNSPECIFIED.,.T.,.F.,(9,6,6,9),(0.,
    0.32299933383,0.645884135802,1.),.UNSPECIFIED.);
#6247 = CARTESIAN_POINT('',(1.172234086535,-0.476499088955));
#6248 = CARTESIAN_POINT('',(1.174608218585,-0.861188866735));
#6249 = CARTESIAN_POINT('',(1.21176323711,-1.231911687887));
#6250 = CARTESIAN_POINT('',(0.923309019418,-1.633368815636));
#6251 = CARTESIAN_POINT('',(0.767550339577,-1.943186177016));
#6252 = CARTESIAN_POINT('',(0.420539811672,-2.150835892355));
#6253 = CARTESIAN_POINT('',(4.071099971181E-02,-2.366459133769));
#6254 = CARTESIAN_POINT('',(-0.651465751366,-2.520347067296));
#6255 = CARTESIAN_POINT('',(-1.505873092358,-2.527045083533));
#6256 = CARTESIAN_POINT('',(-1.59593139357,-2.423205069178));
#6257 = CARTESIAN_POINT('',(-2.660828655686,-2.504265612845));
#6258 = CARTESIAN_POINT('',(-2.275921022042,-1.777588921928));
#6259 = CARTESIAN_POINT('',(-2.54828464073,-1.45163368857));
#6260 = CARTESIAN_POINT('',(-2.172372086224,-0.593540935693));
#6261 = CARTESIAN_POINT('',(-1.327388898582,-0.395146624709));
#6262 = CARTESIAN_POINT('',(-0.919019108247,-0.352050089787));
#6263 = CARTESIAN_POINT('',(-0.487543505947,-0.307712174323));
#6264 = CARTESIAN_POINT('',(-8.453711918838E-02,-0.456490357099));
#6265 = CARTESIAN_POINT('',(0.345048739091,-0.321494201665));
#6266 = CARTESIAN_POINT('',(0.76080851986,-0.404254545708));
#6267 = CARTESIAN_POINT('',(1.172234086535,-0.476499088955));
#6268 = ( GEOMETRIC_REPRESENTATION_CONTEXT(2) 
PARAMETRIC_REPRESENTATION_CONTEXT() REPRESENTATION_CONTEXT('2D SPACE',''
  ) );
#6269 = ADVANCED_FACE('',(#6270,#6281),#5146,.F.);
#6270 = FACE_BOUND('',#6271,.F.);
#6271 = EDGE_LOOP('',(#6272,#6273,#6274,#6275,#6276,#6277,#6278,#6279,
    #6280));
#6272 = ORIENTED_EDGE('',*,*,#5132,.T.);
#6273 = ORIENTED_EDGE('',*,*,#5225,.T.);
#6274 = ORIENTED_EDGE('',*,*,#5353,.T.);
#6275 = ORIENTED_EDGE('',*,*,#5509,.T.);
#6276 = ORIENTED_EDGE('',*,*,#5677,.T.);
#6277 = ORIENTED_EDGE('',*,*,#5803,.T.);
#6278 = ORIENTED_EDGE('',*,*,#5939,.T.);
#6279 = ORIENTED_EDGE('',*,*,#6034,.T.);
#6280 = ORIENTED_EDGE('',*,*,#6081,.T.);
#6281 = FACE_BOUND('',#6282,.F.);
#6282 = EDGE_LOOP('',(#6283));
#6283 = ORIENTED_EDGE('',*,*,#6213,.T.);
#6284 = ADVANCED_FACE('',(#6285,#6296),#5087,.T.);
#6285 = FACE_BOUND('',#6286,.T.);
#6286 = EDGE_LOOP('',(#6287,#6288,#6289,#6290,#6291,#6292,#6293,#6294,
    #6295));
#6287 = ORIENTED_EDGE('',*,*,#5071,.T.);
#6288 = ORIENTED_EDGE('',*,*,#5162,.T.);
#6289 = ORIENTED_EDGE('',*,*,#5256,.T.);
#6290 = ORIENTED_EDGE('',*,*,#5386,.T.);
#6291 = ORIENTED_EDGE('',*,*,#5606,.T.);
#6292 = ORIENTED_EDGE('',*,*,#5702,.T.);
#6293 = ORIENTED_EDGE('',*,*,#5864,.T.);
#6294 = ORIENTED_EDGE('',*,*,#5988,.T.);
#6295 = ORIENTED_EDGE('',*,*,#6059,.T.);
#6296 = FACE_BOUND('',#6297,.T.);
#6297 = EDGE_LOOP('',(#6298));
#6298 = ORIENTED_EDGE('',*,*,#6155,.T.);
#6299 = MANIFOLD_SOLID_BREP('',#6300);
#6300 = CLOSED_SHELL('',(#6301,#6460,#6596,#6672,#6748,#6824,#6956,#7248
    ,#7324,#7395,#7442,#7567,#7686,#7703));
#6301 = ADVANCED_FACE('',(#6302),#6316,.F.);
#6302 = FACE_BOUND('',#6303,.F.);
#6303 = EDGE_LOOP('',(#6304,#6345,#6381,#6426));
#6304 = ORIENTED_EDGE('',*,*,#6305,.T.);
#6305 = EDGE_CURVE('',#6306,#6308,#6310,.T.);
#6306 = VERTEX_POINT('',#6307);
#6307 = CARTESIAN_POINT('',(95.466911615514,13.726138121431,3.));
#6308 = VERTEX_POINT('',#6309);
#6309 = CARTESIAN_POINT('',(95.466911615514,13.726138121431,4.2));
#6310 = SURFACE_CURVE('',#6311,(#6315,#6333),.PCURVE_S1.);
#6311 = LINE('',#6312,#6313);
#6312 = CARTESIAN_POINT('',(95.466911615514,13.726138121431,3.));
#6313 = VECTOR('',#6314,1.);
#6314 = DIRECTION('',(0.,0.,1.));
#6315 = PCURVE('',#6316,#6327);
#6316 = SURFACE_OF_LINEAR_EXTRUSION('',#6317,#6325);
#6317 = B_SPLINE_CURVE_WITH_KNOTS('',6,(#6318,#6319,#6320,#6321,#6322,
    #6323,#6324),.UNSPECIFIED.,.F.,.F.,(7,7),(0.,1.),
  .PIECEWISE_BEZIER_KNOTS.);
#6318 = CARTESIAN_POINT('',(95.466911615514,13.726138121431,3.));
#6319 = CARTESIAN_POINT('',(95.511962387398,13.952704387738,3.));
#6320 = CARTESIAN_POINT('',(94.539319692402,13.640481300011,3.));
#6321 = CARTESIAN_POINT('',(94.733989675662,13.946934670561,3.));
#6322 = CARTESIAN_POINT('',(94.255273522448,13.740163768478,3.));
#6323 = CARTESIAN_POINT('',(93.92270918815,13.828849428053,3.));
#6324 = CARTESIAN_POINT('',(93.652213599013,13.81011446525,3.));
#6325 = VECTOR('',#6326,1.);
#6326 = DIRECTION('',(-0.,-0.,-1.));
#6327 = DEFINITIONAL_REPRESENTATION('',(#6328),#6332);
#6328 = LINE('',#6329,#6330);
#6329 = CARTESIAN_POINT('',(0.,0.));
#6330 = VECTOR('',#6331,1.);
#6331 = DIRECTION('',(0.,-1.));
#6332 = ( GEOMETRIC_REPRESENTATION_CONTEXT(2) 
PARAMETRIC_REPRESENTATION_CONTEXT() REPRESENTATION_CONTEXT('2D SPACE',''
  ) );
#6333 = PCURVE('',#6334,#6339);
#6334 = PLANE('',#6335);
#6335 = AXIS2_PLACEMENT_3D('',#6336,#6337,#6338);
#6336 = CARTESIAN_POINT('',(95.597784738696,12.260204262362,3.));
#6337 = DIRECTION('',(-0.996038537554,-8.892261640074E-02,0.));
#6338 = DIRECTION('',(-8.892261640074E-02,0.996038537554,0.));
#6339 = DEFINITIONAL_REPRESENTATION('',(#6340),#6344);
#6340 = LINE('',#6341,#6342);
#6341 = CARTESIAN_POINT('',(1.471764197668,0.));
#6342 = VECTOR('',#6343,1.);
#6343 = DIRECTION('',(0.,-1.));
#6344 = ( GEOMETRIC_REPRESENTATION_CONTEXT(2) 
PARAMETRIC_REPRESENTATION_CONTEXT() REPRESENTATION_CONTEXT('2D SPACE',''
  ) );
#6345 = ORIENTED_EDGE('',*,*,#6346,.T.);
#6346 = EDGE_CURVE('',#6308,#6347,#6349,.T.);
#6347 = VERTEX_POINT('',#6348);
#6348 = CARTESIAN_POINT('',(93.652213599013,13.81011446525,4.2));
#6349 = SURFACE_CURVE('',#6350,(#6358,#6365),.PCURVE_S1.);
#6350 = B_SPLINE_CURVE_WITH_KNOTS('',6,(#6351,#6352,#6353,#6354,#6355,
    #6356,#6357),.UNSPECIFIED.,.F.,.F.,(7,7),(0.,1.),
  .PIECEWISE_BEZIER_KNOTS.);
#6351 = CARTESIAN_POINT('',(95.466911615514,13.726138121431,4.2));
#6352 = CARTESIAN_POINT('',(95.511962387398,13.952704387738,4.2));
#6353 = CARTESIAN_POINT('',(94.539319692402,13.640481300011,4.2));
#6354 = CARTESIAN_POINT('',(94.733989675662,13.946934670561,4.2));
#6355 = CARTESIAN_POINT('',(94.255273522448,13.740163768478,4.2));
#6356 = CARTESIAN_POINT('',(93.92270918815,13.828849428053,4.2));
#6357 = CARTESIAN_POINT('',(93.652213599013,13.81011446525,4.2));
#6358 = PCURVE('',#6316,#6359);
#6359 = DEFINITIONAL_REPRESENTATION('',(#6360),#6364);
#6360 = LINE('',#6361,#6362);
#6361 = CARTESIAN_POINT('',(0.,-1.2));
#6362 = VECTOR('',#6363,1.);
#6363 = DIRECTION('',(1.,0.));
#6364 = ( GEOMETRIC_REPRESENTATION_CONTEXT(2) 
PARAMETRIC_REPRESENTATION_CONTEXT() REPRESENTATION_CONTEXT('2D SPACE',''
  ) );
#6365 = PCURVE('',#6366,#6371);
#6366 = PLANE('',#6367);
#6367 = AXIS2_PLACEMENT_3D('',#6368,#6369,#6370);
#6368 = CARTESIAN_POINT('',(96.497600696958,8.256013782551,4.2));
#6369 = DIRECTION('',(0.,0.,1.));
#6370 = DIRECTION('',(1.,0.,-0.));
#6371 = DEFINITIONAL_REPRESENTATION('',(#6372),#6380);
#6372 = B_SPLINE_CURVE_WITH_KNOTS('',6,(#6373,#6374,#6375,#6376,#6377,
    #6378,#6379),.UNSPECIFIED.,.F.,.F.,(7,7),(0.,1.),
  .PIECEWISE_BEZIER_KNOTS.);
#6373 = CARTESIAN_POINT('',(-1.030689081444,5.470124338879));
#6374 = CARTESIAN_POINT('',(-0.98563830956,5.696690605187));
#6375 = CARTESIAN_POINT('',(-1.958281004556,5.38446751746));
#6376 = CARTESIAN_POINT('',(-1.763611021296,5.69092088801));
#6377 = CARTESIAN_POINT('',(-2.24232717451,5.484149985927));
#6378 = CARTESIAN_POINT('',(-2.574891508808,5.572835645501));
#6379 = CARTESIAN_POINT('',(-2.845387097945,5.554100682698));
#6380 = ( GEOMETRIC_REPRESENTATION_CONTEXT(2) 
PARAMETRIC_REPRESENTATION_CONTEXT() REPRESENTATION_CONTEXT('2D SPACE',''
  ) );
#6381 = ORIENTED_EDGE('',*,*,#6382,.F.);
#6382 = EDGE_CURVE('',#6383,#6347,#6385,.T.);
#6383 = VERTEX_POINT('',#6384);
#6384 = CARTESIAN_POINT('',(93.652213599013,13.81011446525,3.));
#6385 = SURFACE_CURVE('',#6386,(#6390,#6397),.PCURVE_S1.);
#6386 = LINE('',#6387,#6388);
#6387 = CARTESIAN_POINT('',(93.652213599013,13.81011446525,3.));
#6388 = VECTOR('',#6389,1.);
#6389 = DIRECTION('',(0.,0.,1.));
#6390 = PCURVE('',#6316,#6391);
#6391 = DEFINITIONAL_REPRESENTATION('',(#6392),#6396);
#6392 = LINE('',#6393,#6394);
#6393 = CARTESIAN_POINT('',(1.,0.));
#6394 = VECTOR('',#6395,1.);
#6395 = DIRECTION('',(0.,-1.));
#6396 = ( GEOMETRIC_REPRESENTATION_CONTEXT(2) 
PARAMETRIC_REPRESENTATION_CONTEXT() REPRESENTATION_CONTEXT('2D SPACE',''
  ) );
#6397 = PCURVE('',#6398,#6420);
#6398 = SURFACE_OF_LINEAR_EXTRUSION('',#6399,#6418);
#6399 = B_SPLINE_CURVE_WITH_KNOTS('',7,(#6400,#6401,#6402,#6403,#6404,
    #6405,#6406,#6407,#6408,#6409,#6410,#6411,#6412,#6413,#6414,#6415,
    #6416,#6417),.UNSPECIFIED.,.F.,.F.,(8,5,5,8),(0.,0.332051978056,
    0.666025989028,1.),.UNSPECIFIED.);
#6400 = CARTESIAN_POINT('',(93.652213599013,13.81011446525,3.));
#6401 = CARTESIAN_POINT('',(93.568750792441,13.684783639139,3.));
#6402 = CARTESIAN_POINT('',(93.713747602258,11.62292806057,3.));
#6403 = CARTESIAN_POINT('',(93.547197688741,13.208550570466,
    3.000000000001));
#6404 = CARTESIAN_POINT('',(93.669890116405,10.799541646557,
    2.999999999999));
#6405 = CARTESIAN_POINT('',(93.61715563039,11.075527934735,3.));
#6406 = CARTESIAN_POINT('',(93.635736035886,9.581177634052,
    2.999999999999));
#6407 = CARTESIAN_POINT('',(93.621352076786,8.670229177499,3.));
#6408 = CARTESIAN_POINT('',(93.63566463481,7.825351315483,2.999999999999
    ));
#6409 = CARTESIAN_POINT('',(93.621006697062,7.507618519755,
    3.000000000001));
#6410 = CARTESIAN_POINT('',(93.629023710353,6.774976180905,3.));
#6411 = CARTESIAN_POINT('',(93.625401768731,5.670829723925,3.));
#6412 = CARTESIAN_POINT('',(93.628422843578,4.444151664561,3.));
#6413 = CARTESIAN_POINT('',(93.624867027071,3.924288736902,3.));
#6414 = CARTESIAN_POINT('',(93.629294363179,3.257132395119,3.));
#6415 = CARTESIAN_POINT('',(93.626033327444,2.731846742517,3.));
#6416 = CARTESIAN_POINT('',(93.627414982309,2.120868674128,3.));
#6417 = CARTESIAN_POINT('',(93.627146708195,1.540358186354,3.));
#6418 = VECTOR('',#6419,1.);
#6419 = DIRECTION('',(-0.,-0.,-1.));
#6420 = DEFINITIONAL_REPRESENTATION('',(#6421),#6425);
#6421 = LINE('',#6422,#6423);
#6422 = CARTESIAN_POINT('',(0.,0.));
#6423 = VECTOR('',#6424,1.);
#6424 = DIRECTION('',(0.,-1.));
#6425 = ( GEOMETRIC_REPRESENTATION_CONTEXT(2) 
PARAMETRIC_REPRESENTATION_CONTEXT() REPRESENTATION_CONTEXT('2D SPACE',''
  ) );
#6426 = ORIENTED_EDGE('',*,*,#6427,.F.);
#6427 = EDGE_CURVE('',#6306,#6383,#6428,.T.);
#6428 = SURFACE_CURVE('',#6429,(#6437,#6444),.PCURVE_S1.);
#6429 = B_SPLINE_CURVE_WITH_KNOTS('',6,(#6430,#6431,#6432,#6433,#6434,
    #6435,#6436),.UNSPECIFIED.,.F.,.F.,(7,7),(0.,1.),
  .PIECEWISE_BEZIER_KNOTS.);
#6430 = CARTESIAN_POINT('',(95.466911615514,13.726138121431,3.));
#6431 = CARTESIAN_POINT('',(95.511962387398,13.952704387738,3.));
#6432 = CARTESIAN_POINT('',(94.539319692402,13.640481300011,3.));
#6433 = CARTESIAN_POINT('',(94.733989675662,13.946934670561,3.));
#6434 = CARTESIAN_POINT('',(94.255273522448,13.740163768478,3.));
#6435 = CARTESIAN_POINT('',(93.92270918815,13.828849428053,3.));
#6436 = CARTESIAN_POINT('',(93.652213599013,13.81011446525,3.));
#6437 = PCURVE('',#6316,#6438);
#6438 = DEFINITIONAL_REPRESENTATION('',(#6439),#6443);
#6439 = LINE('',#6440,#6441);
#6440 = CARTESIAN_POINT('',(0.,0.));
#6441 = VECTOR('',#6442,1.);
#6442 = DIRECTION('',(1.,0.));
#6443 = ( GEOMETRIC_REPRESENTATION_CONTEXT(2) 
PARAMETRIC_REPRESENTATION_CONTEXT() REPRESENTATION_CONTEXT('2D SPACE',''
  ) );
#6444 = PCURVE('',#6445,#6450);
#6445 = PLANE('',#6446);
#6446 = AXIS2_PLACEMENT_3D('',#6447,#6448,#6449);
#6447 = CARTESIAN_POINT('',(96.497600696958,8.256013782551,3.));
#6448 = DIRECTION('',(0.,0.,1.));
#6449 = DIRECTION('',(1.,0.,-0.));
#6450 = DEFINITIONAL_REPRESENTATION('',(#6451),#6459);
#6451 = B_SPLINE_CURVE_WITH_KNOTS('',6,(#6452,#6453,#6454,#6455,#6456,
    #6457,#6458),.UNSPECIFIED.,.F.,.F.,(7,7),(0.,1.),
  .PIECEWISE_BEZIER_KNOTS.);
#6452 = CARTESIAN_POINT('',(-1.030689081444,5.470124338879));
#6453 = CARTESIAN_POINT('',(-0.98563830956,5.696690605187));
#6454 = CARTESIAN_POINT('',(-1.958281004556,5.38446751746));
#6455 = CARTESIAN_POINT('',(-1.763611021296,5.69092088801));
#6456 = CARTESIAN_POINT('',(-2.24232717451,5.484149985927));
#6457 = CARTESIAN_POINT('',(-2.574891508808,5.572835645501));
#6458 = CARTESIAN_POINT('',(-2.845387097945,5.554100682698));
#6459 = ( GEOMETRIC_REPRESENTATION_CONTEXT(2) 
PARAMETRIC_REPRESENTATION_CONTEXT() REPRESENTATION_CONTEXT('2D SPACE',''
  ) );
#6460 = ADVANCED_FACE('',(#6461),#6398,.F.);
#6461 = FACE_BOUND('',#6462,.F.);
#6462 = EDGE_LOOP('',(#6463,#6464,#6517,#6545));
#6463 = ORIENTED_EDGE('',*,*,#6382,.T.);
#6464 = ORIENTED_EDGE('',*,*,#6465,.T.);
#6465 = EDGE_CURVE('',#6347,#6466,#6468,.T.);
#6466 = VERTEX_POINT('',#6467);
#6467 = CARTESIAN_POINT('',(93.627146708195,1.540358186354,4.2));
#6468 = SURFACE_CURVE('',#6469,(#6488,#6495),.PCURVE_S1.);
#6469 = B_SPLINE_CURVE_WITH_KNOTS('',7,(#6470,#6471,#6472,#6473,#6474,
    #6475,#6476,#6477,#6478,#6479,#6480,#6481,#6482,#6483,#6484,#6485,
    #6486,#6487),.UNSPECIFIED.,.F.,.F.,(8,5,5,8),(0.,0.332051978056,
    0.666025989028,1.),.UNSPECIFIED.);
#6470 = CARTESIAN_POINT('',(93.652213599013,13.81011446525,4.2));
#6471 = CARTESIAN_POINT('',(93.568750792441,13.684783639139,4.2));
#6472 = CARTESIAN_POINT('',(93.713747602258,11.62292806057,4.2));
#6473 = CARTESIAN_POINT('',(93.547197688741,13.208550570466,
    4.200000000001));
#6474 = CARTESIAN_POINT('',(93.669890116405,10.799541646557,
    4.199999999999));
#6475 = CARTESIAN_POINT('',(93.61715563039,11.075527934735,4.2));
#6476 = CARTESIAN_POINT('',(93.635736035886,9.581177634052,
    4.199999999999));
#6477 = CARTESIAN_POINT('',(93.621352076786,8.670229177499,4.2));
#6478 = CARTESIAN_POINT('',(93.63566463481,7.825351315483,4.199999999999
    ));
#6479 = CARTESIAN_POINT('',(93.621006697062,7.507618519755,
    4.200000000001));
#6480 = CARTESIAN_POINT('',(93.629023710353,6.774976180905,4.2));
#6481 = CARTESIAN_POINT('',(93.625401768731,5.670829723925,4.2));
#6482 = CARTESIAN_POINT('',(93.628422843578,4.444151664561,4.2));
#6483 = CARTESIAN_POINT('',(93.624867027071,3.924288736902,4.2));
#6484 = CARTESIAN_POINT('',(93.629294363179,3.257132395119,4.2));
#6485 = CARTESIAN_POINT('',(93.626033327444,2.731846742517,4.2));
#6486 = CARTESIAN_POINT('',(93.627414982309,2.120868674128,4.2));
#6487 = CARTESIAN_POINT('',(93.627146708195,1.540358186354,4.2));
#6488 = PCURVE('',#6398,#6489);
#6489 = DEFINITIONAL_REPRESENTATION('',(#6490),#6494);
#6490 = LINE('',#6491,#6492);
#6491 = CARTESIAN_POINT('',(0.,-1.2));
#6492 = VECTOR('',#6493,1.);
#6493 = DIRECTION('',(1.,0.));
#6494 = ( GEOMETRIC_REPRESENTATION_CONTEXT(2) 
PARAMETRIC_REPRESENTATION_CONTEXT() REPRESENTATION_CONTEXT('2D SPACE',''
  ) );
#6495 = PCURVE('',#6366,#6496);
#6496 = DEFINITIONAL_REPRESENTATION('',(#6497),#6516);
#6497 = B_SPLINE_CURVE_WITH_KNOTS('',7,(#6498,#6499,#6500,#6501,#6502,
    #6503,#6504,#6505,#6506,#6507,#6508,#6509,#6510,#6511,#6512,#6513,
    #6514,#6515),.UNSPECIFIED.,.F.,.F.,(8,5,5,8),(0.,0.332051978056,
    0.666025989028,1.),.UNSPECIFIED.);
#6498 = CARTESIAN_POINT('',(-2.845387097945,5.554100682698));
#6499 = CARTESIAN_POINT('',(-2.928849904517,5.428769856587));
#6500 = CARTESIAN_POINT('',(-2.7838530947,3.366914278019));
#6501 = CARTESIAN_POINT('',(-2.950403008217,4.952536787915));
#6502 = CARTESIAN_POINT('',(-2.827710580554,2.543527864006));
#6503 = CARTESIAN_POINT('',(-2.880445066568,2.819514152184));
#6504 = CARTESIAN_POINT('',(-2.861864661073,1.325163851501));
#6505 = CARTESIAN_POINT('',(-2.876248620172,0.414215394947));
#6506 = CARTESIAN_POINT('',(-2.861936062148,-0.430662467069));
#6507 = CARTESIAN_POINT('',(-2.876593999896,-0.748395262797));
#6508 = CARTESIAN_POINT('',(-2.868576986605,-1.481037601647));
#6509 = CARTESIAN_POINT('',(-2.872198928227,-2.585184058627));
#6510 = CARTESIAN_POINT('',(-2.86917785338,-3.811862117991));
#6511 = CARTESIAN_POINT('',(-2.872733669887,-4.331725045649));
#6512 = CARTESIAN_POINT('',(-2.86830633378,-4.998881387432));
#6513 = CARTESIAN_POINT('',(-2.871567369514,-5.524167040034));
#6514 = CARTESIAN_POINT('',(-2.870185714649,-6.135145108423));
#6515 = CARTESIAN_POINT('',(-2.870453988763,-6.715655596198));
#6516 = ( GEOMETRIC_REPRESENTATION_CONTEXT(2) 
PARAMETRIC_REPRESENTATION_CONTEXT() REPRESENTATION_CONTEXT('2D SPACE',''
  ) );
#6517 = ORIENTED_EDGE('',*,*,#6518,.F.);
#6518 = EDGE_CURVE('',#6519,#6466,#6521,.T.);
#6519 = VERTEX_POINT('',#6520);
#6520 = CARTESIAN_POINT('',(93.627146708195,1.540358186354,3.));
#6521 = SURFACE_CURVE('',#6522,(#6526,#6533),.PCURVE_S1.);
#6522 = LINE('',#6523,#6524);
#6523 = CARTESIAN_POINT('',(93.627146708195,1.540358186354,3.));
#6524 = VECTOR('',#6525,1.);
#6525 = DIRECTION('',(0.,0.,1.));
#6526 = PCURVE('',#6398,#6527);
#6527 = DEFINITIONAL_REPRESENTATION('',(#6528),#6532);
#6528 = LINE('',#6529,#6530);
#6529 = CARTESIAN_POINT('',(1.,0.));
#6530 = VECTOR('',#6531,1.);
#6531 = DIRECTION('',(0.,-1.));
#6532 = ( GEOMETRIC_REPRESENTATION_CONTEXT(2) 
PARAMETRIC_REPRESENTATION_CONTEXT() REPRESENTATION_CONTEXT('2D SPACE',''
  ) );
#6533 = PCURVE('',#6534,#6539);
#6534 = PLANE('',#6535);
#6535 = AXIS2_PLACEMENT_3D('',#6536,#6537,#6538);
#6536 = CARTESIAN_POINT('',(93.627146708195,1.540358186354,3.));
#6537 = DIRECTION('',(0.,1.,0.));
#6538 = DIRECTION('',(1.,0.,0.));
#6539 = DEFINITIONAL_REPRESENTATION('',(#6540),#6544);
#6540 = LINE('',#6541,#6542);
#6541 = CARTESIAN_POINT('',(0.,0.));
#6542 = VECTOR('',#6543,1.);
#6543 = DIRECTION('',(0.,-1.));
#6544 = ( GEOMETRIC_REPRESENTATION_CONTEXT(2) 
PARAMETRIC_REPRESENTATION_CONTEXT() REPRESENTATION_CONTEXT('2D SPACE',''
  ) );
#6545 = ORIENTED_EDGE('',*,*,#6546,.F.);
#6546 = EDGE_CURVE('',#6383,#6519,#6547,.T.);
#6547 = SURFACE_CURVE('',#6548,(#6567,#6574),.PCURVE_S1.);
#6548 = B_SPLINE_CURVE_WITH_KNOTS('',7,(#6549,#6550,#6551,#6552,#6553,
    #6554,#6555,#6556,#6557,#6558,#6559,#6560,#6561,#6562,#6563,#6564,
    #6565,#6566),.UNSPECIFIED.,.F.,.F.,(8,5,5,8),(0.,0.332051978056,
    0.666025989028,1.),.UNSPECIFIED.);
#6549 = CARTESIAN_POINT('',(93.652213599013,13.81011446525,3.));
#6550 = CARTESIAN_POINT('',(93.568750792441,13.684783639139,3.));
#6551 = CARTESIAN_POINT('',(93.713747602258,11.62292806057,3.));
#6552 = CARTESIAN_POINT('',(93.547197688741,13.208550570466,
    3.000000000001));
#6553 = CARTESIAN_POINT('',(93.669890116405,10.799541646557,
    2.999999999999));
#6554 = CARTESIAN_POINT('',(93.61715563039,11.075527934735,3.));
#6555 = CARTESIAN_POINT('',(93.635736035886,9.581177634052,
    2.999999999999));
#6556 = CARTESIAN_POINT('',(93.621352076786,8.670229177499,3.));
#6557 = CARTESIAN_POINT('',(93.63566463481,7.825351315483,2.999999999999
    ));
#6558 = CARTESIAN_POINT('',(93.621006697062,7.507618519755,
    3.000000000001));
#6559 = CARTESIAN_POINT('',(93.629023710353,6.774976180905,3.));
#6560 = CARTESIAN_POINT('',(93.625401768731,5.670829723925,3.));
#6561 = CARTESIAN_POINT('',(93.628422843578,4.444151664561,3.));
#6562 = CARTESIAN_POINT('',(93.624867027071,3.924288736902,3.));
#6563 = CARTESIAN_POINT('',(93.629294363179,3.257132395119,3.));
#6564 = CARTESIAN_POINT('',(93.626033327444,2.731846742517,3.));
#6565 = CARTESIAN_POINT('',(93.627414982309,2.120868674128,3.));
#6566 = CARTESIAN_POINT('',(93.627146708195,1.540358186354,3.));
#6567 = PCURVE('',#6398,#6568);
#6568 = DEFINITIONAL_REPRESENTATION('',(#6569),#6573);
#6569 = LINE('',#6570,#6571);
#6570 = CARTESIAN_POINT('',(0.,0.));
#6571 = VECTOR('',#6572,1.);
#6572 = DIRECTION('',(1.,0.));
#6573 = ( GEOMETRIC_REPRESENTATION_CONTEXT(2) 
PARAMETRIC_REPRESENTATION_CONTEXT() REPRESENTATION_CONTEXT('2D SPACE',''
  ) );
#6574 = PCURVE('',#6445,#6575);
#6575 = DEFINITIONAL_REPRESENTATION('',(#6576),#6595);
#6576 = B_SPLINE_CURVE_WITH_KNOTS('',7,(#6577,#6578,#6579,#6580,#6581,
    #6582,#6583,#6584,#6585,#6586,#6587,#6588,#6589,#6590,#6591,#6592,
    #6593,#6594),.UNSPECIFIED.,.F.,.F.,(8,5,5,8),(0.,0.332051978056,
    0.666025989028,1.),.UNSPECIFIED.);
#6577 = CARTESIAN_POINT('',(-2.845387097945,5.554100682698));
#6578 = CARTESIAN_POINT('',(-2.928849904517,5.428769856587));
#6579 = CARTESIAN_POINT('',(-2.7838530947,3.366914278019));
#6580 = CARTESIAN_POINT('',(-2.950403008217,4.952536787915));
#6581 = CARTESIAN_POINT('',(-2.827710580554,2.543527864006));
#6582 = CARTESIAN_POINT('',(-2.880445066568,2.819514152184));
#6583 = CARTESIAN_POINT('',(-2.861864661073,1.325163851501));
#6584 = CARTESIAN_POINT('',(-2.876248620172,0.414215394947));
#6585 = CARTESIAN_POINT('',(-2.861936062148,-0.430662467069));
#6586 = CARTESIAN_POINT('',(-2.876593999896,-0.748395262797));
#6587 = CARTESIAN_POINT('',(-2.868576986605,-1.481037601647));
#6588 = CARTESIAN_POINT('',(-2.872198928227,-2.585184058627));
#6589 = CARTESIAN_POINT('',(-2.86917785338,-3.811862117991));
#6590 = CARTESIAN_POINT('',(-2.872733669887,-4.331725045649));
#6591 = CARTESIAN_POINT('',(-2.86830633378,-4.998881387432));
#6592 = CARTESIAN_POINT('',(-2.871567369514,-5.524167040034));
#6593 = CARTESIAN_POINT('',(-2.870185714649,-6.135145108423));
#6594 = CARTESIAN_POINT('',(-2.870453988763,-6.715655596198));
#6595 = ( GEOMETRIC_REPRESENTATION_CONTEXT(2) 
PARAMETRIC_REPRESENTATION_CONTEXT() REPRESENTATION_CONTEXT('2D SPACE',''
  ) );
#6596 = ADVANCED_FACE('',(#6597),#6534,.F.);
#6597 = FACE_BOUND('',#6598,.F.);
#6598 = EDGE_LOOP('',(#6599,#6600,#6623,#6651));
#6599 = ORIENTED_EDGE('',*,*,#6518,.T.);
#6600 = ORIENTED_EDGE('',*,*,#6601,.T.);
#6601 = EDGE_CURVE('',#6466,#6602,#6604,.T.);
#6602 = VERTEX_POINT('',#6603);
#6603 = CARTESIAN_POINT('',(95.518657965075,1.540358186354,4.2));
#6604 = SURFACE_CURVE('',#6605,(#6609,#6616),.PCURVE_S1.);
#6605 = LINE('',#6606,#6607);
#6606 = CARTESIAN_POINT('',(93.627146708195,1.540358186354,4.2));
#6607 = VECTOR('',#6608,1.);
#6608 = DIRECTION('',(1.,0.,0.));
#6609 = PCURVE('',#6534,#6610);
#6610 = DEFINITIONAL_REPRESENTATION('',(#6611),#6615);
#6611 = LINE('',#6612,#6613);
#6612 = CARTESIAN_POINT('',(0.,-1.2));
#6613 = VECTOR('',#6614,1.);
#6614 = DIRECTION('',(1.,0.));
#6615 = ( GEOMETRIC_REPRESENTATION_CONTEXT(2) 
PARAMETRIC_REPRESENTATION_CONTEXT() REPRESENTATION_CONTEXT('2D SPACE',''
  ) );
#6616 = PCURVE('',#6366,#6617);
#6617 = DEFINITIONAL_REPRESENTATION('',(#6618),#6622);
#6618 = LINE('',#6619,#6620);
#6619 = CARTESIAN_POINT('',(-2.870453988763,-6.715655596198));
#6620 = VECTOR('',#6621,1.);
#6621 = DIRECTION('',(1.,0.));
#6622 = ( GEOMETRIC_REPRESENTATION_CONTEXT(2) 
PARAMETRIC_REPRESENTATION_CONTEXT() REPRESENTATION_CONTEXT('2D SPACE',''
  ) );
#6623 = ORIENTED_EDGE('',*,*,#6624,.F.);
#6624 = EDGE_CURVE('',#6625,#6602,#6627,.T.);
#6625 = VERTEX_POINT('',#6626);
#6626 = CARTESIAN_POINT('',(95.518657965075,1.540358186354,3.));
#6627 = SURFACE_CURVE('',#6628,(#6632,#6639),.PCURVE_S1.);
#6628 = LINE('',#6629,#6630);
#6629 = CARTESIAN_POINT('',(95.518657965075,1.540358186354,3.));
#6630 = VECTOR('',#6631,1.);
#6631 = DIRECTION('',(0.,0.,1.));
#6632 = PCURVE('',#6534,#6633);
#6633 = DEFINITIONAL_REPRESENTATION('',(#6634),#6638);
#6634 = LINE('',#6635,#6636);
#6635 = CARTESIAN_POINT('',(1.891511256879,0.));
#6636 = VECTOR('',#6637,1.);
#6637 = DIRECTION('',(0.,-1.));
#6638 = ( GEOMETRIC_REPRESENTATION_CONTEXT(2) 
PARAMETRIC_REPRESENTATION_CONTEXT() REPRESENTATION_CONTEXT('2D SPACE',''
  ) );
#6639 = PCURVE('',#6640,#6645);
#6640 = PLANE('',#6641);
#6641 = AXIS2_PLACEMENT_3D('',#6642,#6643,#6644);
#6642 = CARTESIAN_POINT('',(95.518657965075,1.540358186354,3.));
#6643 = DIRECTION('',(-0.795724703255,0.605658481844,0.));
#6644 = DIRECTION('',(0.605658481844,0.795724703255,0.));
#6645 = DEFINITIONAL_REPRESENTATION('',(#6646),#6650);
#6646 = LINE('',#6647,#6648);
#6647 = CARTESIAN_POINT('',(0.,0.));
#6648 = VECTOR('',#6649,1.);
#6649 = DIRECTION('',(0.,-1.));
#6650 = ( GEOMETRIC_REPRESENTATION_CONTEXT(2) 
PARAMETRIC_REPRESENTATION_CONTEXT() REPRESENTATION_CONTEXT('2D SPACE',''
  ) );
#6651 = ORIENTED_EDGE('',*,*,#6652,.F.);
#6652 = EDGE_CURVE('',#6519,#6625,#6653,.T.);
#6653 = SURFACE_CURVE('',#6654,(#6658,#6665),.PCURVE_S1.);
#6654 = LINE('',#6655,#6656);
#6655 = CARTESIAN_POINT('',(93.627146708195,1.540358186354,3.));
#6656 = VECTOR('',#6657,1.);
#6657 = DIRECTION('',(1.,0.,0.));
#6658 = PCURVE('',#6534,#6659);
#6659 = DEFINITIONAL_REPRESENTATION('',(#6660),#6664);
#6660 = LINE('',#6661,#6662);
#6661 = CARTESIAN_POINT('',(0.,0.));
#6662 = VECTOR('',#6663,1.);
#6663 = DIRECTION('',(1.,0.));
#6664 = ( GEOMETRIC_REPRESENTATION_CONTEXT(2) 
PARAMETRIC_REPRESENTATION_CONTEXT() REPRESENTATION_CONTEXT('2D SPACE',''
  ) );
#6665 = PCURVE('',#6445,#6666);
#6666 = DEFINITIONAL_REPRESENTATION('',(#6667),#6671);
#6667 = LINE('',#6668,#6669);
#6668 = CARTESIAN_POINT('',(-2.870453988763,-6.715655596198));
#6669 = VECTOR('',#6670,1.);
#6670 = DIRECTION('',(1.,0.));
#6671 = ( GEOMETRIC_REPRESENTATION_CONTEXT(2) 
PARAMETRIC_REPRESENTATION_CONTEXT() REPRESENTATION_CONTEXT('2D SPACE',''
  ) );
#6672 = ADVANCED_FACE('',(#6673),#6640,.F.);
#6673 = FACE_BOUND('',#6674,.F.);
#6674 = EDGE_LOOP('',(#6675,#6676,#6699,#6727));
#6675 = ORIENTED_EDGE('',*,*,#6624,.T.);
#6676 = ORIENTED_EDGE('',*,*,#6677,.T.);
#6677 = EDGE_CURVE('',#6602,#6678,#6680,.T.);
#6678 = VERTEX_POINT('',#6679);
#6679 = CARTESIAN_POINT('',(95.620843599276,1.674611459262,4.2));
#6680 = SURFACE_CURVE('',#6681,(#6685,#6692),.PCURVE_S1.);
#6681 = LINE('',#6682,#6683);
#6682 = CARTESIAN_POINT('',(95.518657965075,1.540358186354,4.2));
#6683 = VECTOR('',#6684,1.);
#6684 = DIRECTION('',(0.605658481844,0.795724703255,0.));
#6685 = PCURVE('',#6640,#6686);
#6686 = DEFINITIONAL_REPRESENTATION('',(#6687),#6691);
#6687 = LINE('',#6688,#6689);
#6688 = CARTESIAN_POINT('',(0.,-1.2));
#6689 = VECTOR('',#6690,1.);
#6690 = DIRECTION('',(1.,0.));
#6691 = ( GEOMETRIC_REPRESENTATION_CONTEXT(2) 
PARAMETRIC_REPRESENTATION_CONTEXT() REPRESENTATION_CONTEXT('2D SPACE',''
  ) );
#6692 = PCURVE('',#6366,#6693);
#6693 = DEFINITIONAL_REPRESENTATION('',(#6694),#6698);
#6694 = LINE('',#6695,#6696);
#6695 = CARTESIAN_POINT('',(-0.978942731884,-6.715655596198));
#6696 = VECTOR('',#6697,1.);
#6697 = DIRECTION('',(0.605658481844,0.795724703255));
#6698 = ( GEOMETRIC_REPRESENTATION_CONTEXT(2) 
PARAMETRIC_REPRESENTATION_CONTEXT() REPRESENTATION_CONTEXT('2D SPACE',''
  ) );
#6699 = ORIENTED_EDGE('',*,*,#6700,.F.);
#6700 = EDGE_CURVE('',#6701,#6678,#6703,.T.);
#6701 = VERTEX_POINT('',#6702);
#6702 = CARTESIAN_POINT('',(95.620843599276,1.674611459262,3.));
#6703 = SURFACE_CURVE('',#6704,(#6708,#6715),.PCURVE_S1.);
#6704 = LINE('',#6705,#6706);
#6705 = CARTESIAN_POINT('',(95.620843599276,1.674611459262,3.));
#6706 = VECTOR('',#6707,1.);
#6707 = DIRECTION('',(0.,0.,1.));
#6708 = PCURVE('',#6640,#6709);
#6709 = DEFINITIONAL_REPRESENTATION('',(#6710),#6714);
#6710 = LINE('',#6711,#6712);
#6711 = CARTESIAN_POINT('',(0.168718241823,0.));
#6712 = VECTOR('',#6713,1.);
#6713 = DIRECTION('',(0.,-1.));
#6714 = ( GEOMETRIC_REPRESENTATION_CONTEXT(2) 
PARAMETRIC_REPRESENTATION_CONTEXT() REPRESENTATION_CONTEXT('2D SPACE',''
  ) );
#6715 = PCURVE('',#6716,#6721);
#6716 = PLANE('',#6717);
#6717 = AXIS2_PLACEMENT_3D('',#6718,#6719,#6720);
#6718 = CARTESIAN_POINT('',(95.620843599276,1.674611459262,3.));
#6719 = DIRECTION('',(-1.,0.,0.));
#6720 = DIRECTION('',(0.,1.,0.));
#6721 = DEFINITIONAL_REPRESENTATION('',(#6722),#6726);
#6722 = LINE('',#6723,#6724);
#6723 = CARTESIAN_POINT('',(0.,0.));
#6724 = VECTOR('',#6725,1.);
#6725 = DIRECTION('',(0.,-1.));
#6726 = ( GEOMETRIC_REPRESENTATION_CONTEXT(2) 
PARAMETRIC_REPRESENTATION_CONTEXT() REPRESENTATION_CONTEXT('2D SPACE',''
  ) );
#6727 = ORIENTED_EDGE('',*,*,#6728,.F.);
#6728 = EDGE_CURVE('',#6625,#6701,#6729,.T.);
#6729 = SURFACE_CURVE('',#6730,(#6734,#6741),.PCURVE_S1.);
#6730 = LINE('',#6731,#6732);
#6731 = CARTESIAN_POINT('',(95.518657965075,1.540358186354,3.));
#6732 = VECTOR('',#6733,1.);
#6733 = DIRECTION('',(0.605658481844,0.795724703255,0.));
#6734 = PCURVE('',#6640,#6735);
#6735 = DEFINITIONAL_REPRESENTATION('',(#6736),#6740);
#6736 = LINE('',#6737,#6738);
#6737 = CARTESIAN_POINT('',(0.,0.));
#6738 = VECTOR('',#6739,1.);
#6739 = DIRECTION('',(1.,0.));
#6740 = ( GEOMETRIC_REPRESENTATION_CONTEXT(2) 
PARAMETRIC_REPRESENTATION_CONTEXT() REPRESENTATION_CONTEXT('2D SPACE',''
  ) );
#6741 = PCURVE('',#6445,#6742);
#6742 = DEFINITIONAL_REPRESENTATION('',(#6743),#6747);
#6743 = LINE('',#6744,#6745);
#6744 = CARTESIAN_POINT('',(-0.978942731884,-6.715655596198));
#6745 = VECTOR('',#6746,1.);
#6746 = DIRECTION('',(0.605658481844,0.795724703255));
#6747 = ( GEOMETRIC_REPRESENTATION_CONTEXT(2) 
PARAMETRIC_REPRESENTATION_CONTEXT() REPRESENTATION_CONTEXT('2D SPACE',''
  ) );
#6748 = ADVANCED_FACE('',(#6749),#6716,.F.);
#6749 = FACE_BOUND('',#6750,.F.);
#6750 = EDGE_LOOP('',(#6751,#6752,#6775,#6803));
#6751 = ORIENTED_EDGE('',*,*,#6700,.T.);
#6752 = ORIENTED_EDGE('',*,*,#6753,.T.);
#6753 = EDGE_CURVE('',#6678,#6754,#6756,.T.);
#6754 = VERTEX_POINT('',#6755);
#6755 = CARTESIAN_POINT('',(95.620843599276,6.803519296863,4.2));
#6756 = SURFACE_CURVE('',#6757,(#6761,#6768),.PCURVE_S1.);
#6757 = LINE('',#6758,#6759);
#6758 = CARTESIAN_POINT('',(95.620843599276,1.674611459262,4.2));
#6759 = VECTOR('',#6760,1.);
#6760 = DIRECTION('',(0.,1.,0.));
#6761 = PCURVE('',#6716,#6762);
#6762 = DEFINITIONAL_REPRESENTATION('',(#6763),#6767);
#6763 = LINE('',#6764,#6765);
#6764 = CARTESIAN_POINT('',(0.,-1.2));
#6765 = VECTOR('',#6766,1.);
#6766 = DIRECTION('',(1.,0.));
#6767 = ( GEOMETRIC_REPRESENTATION_CONTEXT(2) 
PARAMETRIC_REPRESENTATION_CONTEXT() REPRESENTATION_CONTEXT('2D SPACE',''
  ) );
#6768 = PCURVE('',#6366,#6769);
#6769 = DEFINITIONAL_REPRESENTATION('',(#6770),#6774);
#6770 = LINE('',#6771,#6772);
#6771 = CARTESIAN_POINT('',(-0.876757097682,-6.58140232329));
#6772 = VECTOR('',#6773,1.);
#6773 = DIRECTION('',(0.,1.));
#6774 = ( GEOMETRIC_REPRESENTATION_CONTEXT(2) 
PARAMETRIC_REPRESENTATION_CONTEXT() REPRESENTATION_CONTEXT('2D SPACE',''
  ) );
#6775 = ORIENTED_EDGE('',*,*,#6776,.F.);
#6776 = EDGE_CURVE('',#6777,#6754,#6779,.T.);
#6777 = VERTEX_POINT('',#6778);
#6778 = CARTESIAN_POINT('',(95.620843599276,6.803519296863,3.));
#6779 = SURFACE_CURVE('',#6780,(#6784,#6791),.PCURVE_S1.);
#6780 = LINE('',#6781,#6782);
#6781 = CARTESIAN_POINT('',(95.620843599276,6.803519296863,3.));
#6782 = VECTOR('',#6783,1.);
#6783 = DIRECTION('',(0.,0.,1.));
#6784 = PCURVE('',#6716,#6785);
#6785 = DEFINITIONAL_REPRESENTATION('',(#6786),#6790);
#6786 = LINE('',#6787,#6788);
#6787 = CARTESIAN_POINT('',(5.128907837602,0.));
#6788 = VECTOR('',#6789,1.);
#6789 = DIRECTION('',(0.,-1.));
#6790 = ( GEOMETRIC_REPRESENTATION_CONTEXT(2) 
PARAMETRIC_REPRESENTATION_CONTEXT() REPRESENTATION_CONTEXT('2D SPACE',''
  ) );
#6791 = PCURVE('',#6792,#6797);
#6792 = PLANE('',#6793);
#6793 = AXIS2_PLACEMENT_3D('',#6794,#6795,#6796);
#6794 = CARTESIAN_POINT('',(95.620843599276,6.803519296863,3.));
#6795 = DIRECTION('',(0.,1.,0.));
#6796 = DIRECTION('',(1.,0.,0.));
#6797 = DEFINITIONAL_REPRESENTATION('',(#6798),#6802);
#6798 = LINE('',#6799,#6800);
#6799 = CARTESIAN_POINT('',(0.,0.));
#6800 = VECTOR('',#6801,1.);
#6801 = DIRECTION('',(0.,-1.));
#6802 = ( GEOMETRIC_REPRESENTATION_CONTEXT(2) 
PARAMETRIC_REPRESENTATION_CONTEXT() REPRESENTATION_CONTEXT('2D SPACE',''
  ) );
#6803 = ORIENTED_EDGE('',*,*,#6804,.F.);
#6804 = EDGE_CURVE('',#6701,#6777,#6805,.T.);
#6805 = SURFACE_CURVE('',#6806,(#6810,#6817),.PCURVE_S1.);
#6806 = LINE('',#6807,#6808);
#6807 = CARTESIAN_POINT('',(95.620843599276,1.674611459262,3.));
#6808 = VECTOR('',#6809,1.);
#6809 = DIRECTION('',(0.,1.,0.));
#6810 = PCURVE('',#6716,#6811);
#6811 = DEFINITIONAL_REPRESENTATION('',(#6812),#6816);
#6812 = LINE('',#6813,#6814);
#6813 = CARTESIAN_POINT('',(0.,0.));
#6814 = VECTOR('',#6815,1.);
#6815 = DIRECTION('',(1.,0.));
#6816 = ( GEOMETRIC_REPRESENTATION_CONTEXT(2) 
PARAMETRIC_REPRESENTATION_CONTEXT() REPRESENTATION_CONTEXT('2D SPACE',''
  ) );
#6817 = PCURVE('',#6445,#6818);
#6818 = DEFINITIONAL_REPRESENTATION('',(#6819),#6823);
#6819 = LINE('',#6820,#6821);
#6820 = CARTESIAN_POINT('',(-0.876757097682,-6.58140232329));
#6821 = VECTOR('',#6822,1.);
#6822 = DIRECTION('',(0.,1.));
#6823 = ( GEOMETRIC_REPRESENTATION_CONTEXT(2) 
PARAMETRIC_REPRESENTATION_CONTEXT() REPRESENTATION_CONTEXT('2D SPACE',''
  ) );
#6824 = ADVANCED_FACE('',(#6825),#6792,.F.);
#6825 = FACE_BOUND('',#6826,.F.);
#6826 = EDGE_LOOP('',(#6827,#6828,#6851,#6935));
#6827 = ORIENTED_EDGE('',*,*,#6776,.T.);
#6828 = ORIENTED_EDGE('',*,*,#6829,.T.);
#6829 = EDGE_CURVE('',#6754,#6830,#6832,.T.);
#6830 = VERTEX_POINT('',#6831);
#6831 = CARTESIAN_POINT('',(95.775303547806,6.803519296863,4.2));
#6832 = SURFACE_CURVE('',#6833,(#6837,#6844),.PCURVE_S1.);
#6833 = LINE('',#6834,#6835);
#6834 = CARTESIAN_POINT('',(95.620843599276,6.803519296863,4.2));
#6835 = VECTOR('',#6836,1.);
#6836 = DIRECTION('',(1.,0.,0.));
#6837 = PCURVE('',#6792,#6838);
#6838 = DEFINITIONAL_REPRESENTATION('',(#6839),#6843);
#6839 = LINE('',#6840,#6841);
#6840 = CARTESIAN_POINT('',(0.,-1.2));
#6841 = VECTOR('',#6842,1.);
#6842 = DIRECTION('',(1.,0.));
#6843 = ( GEOMETRIC_REPRESENTATION_CONTEXT(2) 
PARAMETRIC_REPRESENTATION_CONTEXT() REPRESENTATION_CONTEXT('2D SPACE',''
  ) );
#6844 = PCURVE('',#6366,#6845);
#6845 = DEFINITIONAL_REPRESENTATION('',(#6846),#6850);
#6846 = LINE('',#6847,#6848);
#6847 = CARTESIAN_POINT('',(-0.876757097682,-1.452494485688));
#6848 = VECTOR('',#6849,1.);
#6849 = DIRECTION('',(1.,0.));
#6850 = ( GEOMETRIC_REPRESENTATION_CONTEXT(2) 
PARAMETRIC_REPRESENTATION_CONTEXT() REPRESENTATION_CONTEXT('2D SPACE',''
  ) );
#6851 = ORIENTED_EDGE('',*,*,#6852,.F.);
#6852 = EDGE_CURVE('',#6853,#6830,#6855,.T.);
#6853 = VERTEX_POINT('',#6854);
#6854 = CARTESIAN_POINT('',(95.775303547806,6.803519296863,3.));
#6855 = SURFACE_CURVE('',#6856,(#6860,#6867),.PCURVE_S1.);
#6856 = LINE('',#6857,#6858);
#6857 = CARTESIAN_POINT('',(95.775303547806,6.803519296863,3.));
#6858 = VECTOR('',#6859,1.);
#6859 = DIRECTION('',(0.,0.,1.));
#6860 = PCURVE('',#6792,#6861);
#6861 = DEFINITIONAL_REPRESENTATION('',(#6862),#6866);
#6862 = LINE('',#6863,#6864);
#6863 = CARTESIAN_POINT('',(0.15445994853,0.));
#6864 = VECTOR('',#6865,1.);
#6865 = DIRECTION('',(0.,-1.));
#6866 = ( GEOMETRIC_REPRESENTATION_CONTEXT(2) 
PARAMETRIC_REPRESENTATION_CONTEXT() REPRESENTATION_CONTEXT('2D SPACE',''
  ) );
#6867 = PCURVE('',#6868,#6929);
#6868 = SURFACE_OF_LINEAR_EXTRUSION('',#6869,#6927);
#6869 = B_SPLINE_CURVE_WITH_KNOTS('',8,(#6870,#6871,#6872,#6873,#6874,
    #6875,#6876,#6877,#6878,#6879,#6880,#6881,#6882,#6883,#6884,#6885,
    #6886,#6887,#6888,#6889,#6890,#6891,#6892,#6893,#6894,#6895,#6896,
    #6897,#6898,#6899,#6900,#6901,#6902,#6903,#6904,#6905,#6906,#6907,
    #6908,#6909,#6910,#6911,#6912,#6913,#6914,#6915,#6916,#6917,#6918,
    #6919,#6920,#6921,#6922,#6923,#6924,#6925,#6926),.UNSPECIFIED.,.F.,
  .F.,(9,6,6,6,6,6,6,6,6,9),(0.,0.108032437128,0.225056176241,
    0.330092634736,0.435664082822,0.564308011214,0.669470939722,
    0.774706803606,0.892584970312,1.),.UNSPECIFIED.);
#6870 = CARTESIAN_POINT('',(95.775303547806,6.803519296863,3.));
#6871 = CARTESIAN_POINT('',(95.880660136636,6.556959895771,3.));
#6872 = CARTESIAN_POINT('',(95.742687076689,6.335171873383,3.));
#6873 = CARTESIAN_POINT('',(96.193891154737,5.98757333187,3.));
#6874 = CARTESIAN_POINT('',(95.87926280673,5.930907095602,3.000000000001
    ));
#6875 = CARTESIAN_POINT('',(96.406462300514,5.579502460831,
    2.999999999999));
#6876 = CARTESIAN_POINT('',(96.447765538971,5.494671099151,3.));
#6877 = CARTESIAN_POINT('',(96.983494012009,5.205281040384,
    2.999999999999));
#6878 = CARTESIAN_POINT('',(97.442922273953,5.112349262479,
    3.000000000001));
#6879 = CARTESIAN_POINT('',(97.805948101592,5.052598276643,
    2.999999999998));
#6880 = CARTESIAN_POINT('',(97.963001547844,5.097563227241,
    3.000000000002));
#6881 = CARTESIAN_POINT('',(98.335563729299,5.075608927246,
    2.999999999998));
#6882 = CARTESIAN_POINT('',(98.566728600051,5.118225688418,
    3.000000000001));
#6883 = CARTESIAN_POINT('',(99.096445277993,5.226795888966,
    2.999999999999));
#6884 = CARTESIAN_POINT('',(99.565870909563,5.435586437906,
    3.000000000001));
#6885 = CARTESIAN_POINT('',(99.796735625175,5.556577051141,
    2.999999999998));
#6886 = CARTESIAN_POINT('',(99.984871964516,5.701610745911,
    3.000000000003));
#6887 = CARTESIAN_POINT('',(100.18270385537,5.86732896579,2.999999999998
    ));
#6888 = CARTESIAN_POINT('',(100.34694128646,6.050442137648,
    3.000000000001));
#6889 = CARTESIAN_POINT('',(100.65152487324,6.444185132567,
    2.999999999999));
#6890 = CARTESIAN_POINT('',(100.88237621155,6.884270357606,
    3.000000000001));
#6891 = CARTESIAN_POINT('',(100.982858075,7.112674565352,2.999999999998)
  );
#6892 = CARTESIAN_POINT('',(101.06376650336,7.34878590198,3.000000000002
    ));
#6893 = CARTESIAN_POINT('',(101.13413983099,7.587357390865,
    2.999999999998));
#6894 = CARTESIAN_POINT('',(101.18915494222,7.830163628806,
    3.000000000001));
#6895 = CARTESIAN_POINT('',(101.2884755062,8.372481934396,2.999999999999
    ));
#6896 = CARTESIAN_POINT('',(101.33662690048,8.922021863033,
    3.000000000001));
#6897 = CARTESIAN_POINT('',(101.35259813381,9.224656435526,
    2.999999999998));
#6898 = CARTESIAN_POINT('',(101.35018697452,9.527534062578,
    3.000000000002));
#6899 = CARTESIAN_POINT('',(101.35033544929,9.830340789027,
    2.999999999999));
#6900 = CARTESIAN_POINT('',(101.33264889367,10.132903035358,3.));
#6901 = CARTESIAN_POINT('',(101.28105503123,10.681137902429,3.));
#6902 = CARTESIAN_POINT('',(101.17951883405,11.22203774765,3.));
#6903 = CARTESIAN_POINT('',(101.12318489656,11.463662803501,
    3.000000000001));
#6904 = CARTESIAN_POINT('',(101.05381681388,11.700988705301,
    2.999999999998));
#6905 = CARTESIAN_POINT('',(100.9709582234,11.936263185947,
    3.000000000002));
#6906 = CARTESIAN_POINT('',(100.8725214706,12.163467341398,
    2.999999999999));
#6907 = CARTESIAN_POINT('',(100.64163211426,12.603917309521,
    3.000000000001));
#6908 = CARTESIAN_POINT('',(100.34182373787,12.998787380566,
    2.999999999999));
#6909 = CARTESIAN_POINT('',(100.17356918157,13.185047734803,
    3.000000000002));
#6910 = CARTESIAN_POINT('',(99.989498509884,13.349462934834,
    2.999999999997));
#6911 = CARTESIAN_POINT('',(99.784643904428,13.499805259491,
    3.000000000002));
#6912 = CARTESIAN_POINT('',(99.568215794377,13.620761475389,
    2.999999999999));
#6913 = CARTESIAN_POINT('',(99.085500046638,13.834590782008,
    3.000000000001));
#6914 = CARTESIAN_POINT('',(98.569854876921,13.945033733703,
    2.999999999999));
#6915 = CARTESIAN_POINT('',(98.293940450045,13.985074149887,
    3.000000000001));
#6916 = CARTESIAN_POINT('',(98.01105281574,13.978970095721,
    2.999999999999));
#6917 = CARTESIAN_POINT('',(97.740194472566,13.992304877433,
    3.000000000001));
#6918 = CARTESIAN_POINT('',(97.455952543087,13.962194481359,3.));
#6919 = CARTESIAN_POINT('',(96.935111971672,13.857743090536,3.));
#6920 = CARTESIAN_POINT('',(96.457543640669,13.605247147139,3.));
#6921 = CARTESIAN_POINT('',(96.261033604433,13.455504753579,3.));
#6922 = CARTESIAN_POINT('',(96.072849767537,13.236043004541,
    3.000000000001));
#6923 = CARTESIAN_POINT('',(95.954944207124,13.041858407187,
    2.999999999999));
#6924 = CARTESIAN_POINT('',(95.849438848757,12.783523381106,3.));
#6925 = CARTESIAN_POINT('',(95.784695382087,12.548221661537,3.));
#6926 = CARTESIAN_POINT('',(95.740286989702,12.297584872356,3.));
#6927 = VECTOR('',#6928,1.);
#6928 = DIRECTION('',(-0.,-0.,-1.));
#6929 = DEFINITIONAL_REPRESENTATION('',(#6930),#6934);
#6930 = LINE('',#6931,#6932);
#6931 = CARTESIAN_POINT('',(0.,0.));
#6932 = VECTOR('',#6933,1.);
#6933 = DIRECTION('',(0.,-1.));
#6934 = ( GEOMETRIC_REPRESENTATION_CONTEXT(2) 
PARAMETRIC_REPRESENTATION_CONTEXT() REPRESENTATION_CONTEXT('2D SPACE',''
  ) );
#6935 = ORIENTED_EDGE('',*,*,#6936,.F.);
#6936 = EDGE_CURVE('',#6777,#6853,#6937,.T.);
#6937 = SURFACE_CURVE('',#6938,(#6942,#6949),.PCURVE_S1.);
#6938 = LINE('',#6939,#6940);
#6939 = CARTESIAN_POINT('',(95.620843599276,6.803519296863,3.));
#6940 = VECTOR('',#6941,1.);
#6941 = DIRECTION('',(1.,0.,0.));
#6942 = PCURVE('',#6792,#6943);
#6943 = DEFINITIONAL_REPRESENTATION('',(#6944),#6948);
#6944 = LINE('',#6945,#6946);
#6945 = CARTESIAN_POINT('',(0.,0.));
#6946 = VECTOR('',#6947,1.);
#6947 = DIRECTION('',(1.,0.));
#6948 = ( GEOMETRIC_REPRESENTATION_CONTEXT(2) 
PARAMETRIC_REPRESENTATION_CONTEXT() REPRESENTATION_CONTEXT('2D SPACE',''
  ) );
#6949 = PCURVE('',#6445,#6950);
#6950 = DEFINITIONAL_REPRESENTATION('',(#6951),#6955);
#6951 = LINE('',#6952,#6953);
#6952 = CARTESIAN_POINT('',(-0.876757097682,-1.452494485688));
#6953 = VECTOR('',#6954,1.);
#6954 = DIRECTION('',(1.,0.));
#6955 = ( GEOMETRIC_REPRESENTATION_CONTEXT(2) 
PARAMETRIC_REPRESENTATION_CONTEXT() REPRESENTATION_CONTEXT('2D SPACE',''
  ) );
#6956 = ADVANCED_FACE('',(#6957),#6868,.F.);
#6957 = FACE_BOUND('',#6958,.F.);
#6958 = EDGE_LOOP('',(#6959,#6960,#7091,#7119));
#6959 = ORIENTED_EDGE('',*,*,#6852,.T.);
#6960 = ORIENTED_EDGE('',*,*,#6961,.T.);
#6961 = EDGE_CURVE('',#6830,#6962,#6964,.T.);
#6962 = VERTEX_POINT('',#6963);
#6963 = CARTESIAN_POINT('',(95.740286989702,12.297584872356,4.2));
#6964 = SURFACE_CURVE('',#6965,(#7023,#7030),.PCURVE_S1.);
#6965 = B_SPLINE_CURVE_WITH_KNOTS('',8,(#6966,#6967,#6968,#6969,#6970,
    #6971,#6972,#6973,#6974,#6975,#6976,#6977,#6978,#6979,#6980,#6981,
    #6982,#6983,#6984,#6985,#6986,#6987,#6988,#6989,#6990,#6991,#6992,
    #6993,#6994,#6995,#6996,#6997,#6998,#6999,#7000,#7001,#7002,#7003,
    #7004,#7005,#7006,#7007,#7008,#7009,#7010,#7011,#7012,#7013,#7014,
    #7015,#7016,#7017,#7018,#7019,#7020,#7021,#7022),.UNSPECIFIED.,.F.,
  .F.,(9,6,6,6,6,6,6,6,6,9),(0.,0.108032437128,0.225056176241,
    0.330092634736,0.435664082822,0.564308011214,0.669470939722,
    0.774706803606,0.892584970312,1.),.UNSPECIFIED.);
#6966 = CARTESIAN_POINT('',(95.775303547806,6.803519296863,4.2));
#6967 = CARTESIAN_POINT('',(95.880660136636,6.556959895771,4.2));
#6968 = CARTESIAN_POINT('',(95.742687076689,6.335171873383,4.2));
#6969 = CARTESIAN_POINT('',(96.193891154737,5.98757333187,4.2));
#6970 = CARTESIAN_POINT('',(95.87926280673,5.930907095602,4.200000000001
    ));
#6971 = CARTESIAN_POINT('',(96.406462300514,5.579502460831,
    4.199999999999));
#6972 = CARTESIAN_POINT('',(96.447765538971,5.494671099151,4.2));
#6973 = CARTESIAN_POINT('',(96.983494012009,5.205281040384,
    4.199999999999));
#6974 = CARTESIAN_POINT('',(97.442922273953,5.112349262479,
    4.200000000001));
#6975 = CARTESIAN_POINT('',(97.805948101592,5.052598276643,
    4.199999999998));
#6976 = CARTESIAN_POINT('',(97.963001547844,5.097563227241,
    4.200000000002));
#6977 = CARTESIAN_POINT('',(98.335563729299,5.075608927246,
    4.199999999998));
#6978 = CARTESIAN_POINT('',(98.566728600051,5.118225688418,
    4.200000000001));
#6979 = CARTESIAN_POINT('',(99.096445277993,5.226795888966,
    4.199999999999));
#6980 = CARTESIAN_POINT('',(99.565870909563,5.435586437906,
    4.200000000001));
#6981 = CARTESIAN_POINT('',(99.796735625175,5.556577051141,
    4.199999999998));
#6982 = CARTESIAN_POINT('',(99.984871964516,5.701610745911,
    4.200000000003));
#6983 = CARTESIAN_POINT('',(100.18270385537,5.86732896579,4.199999999998
    ));
#6984 = CARTESIAN_POINT('',(100.34694128646,6.050442137648,
    4.200000000001));
#6985 = CARTESIAN_POINT('',(100.65152487324,6.444185132567,
    4.199999999999));
#6986 = CARTESIAN_POINT('',(100.88237621155,6.884270357606,
    4.200000000001));
#6987 = CARTESIAN_POINT('',(100.982858075,7.112674565352,4.199999999998)
  );
#6988 = CARTESIAN_POINT('',(101.06376650336,7.34878590198,4.200000000002
    ));
#6989 = CARTESIAN_POINT('',(101.13413983099,7.587357390865,
    4.199999999998));
#6990 = CARTESIAN_POINT('',(101.18915494222,7.830163628806,
    4.200000000001));
#6991 = CARTESIAN_POINT('',(101.2884755062,8.372481934396,4.199999999999
    ));
#6992 = CARTESIAN_POINT('',(101.33662690048,8.922021863033,
    4.200000000001));
#6993 = CARTESIAN_POINT('',(101.35259813381,9.224656435526,
    4.199999999998));
#6994 = CARTESIAN_POINT('',(101.35018697452,9.527534062578,
    4.200000000002));
#6995 = CARTESIAN_POINT('',(101.35033544929,9.830340789027,
    4.199999999999));
#6996 = CARTESIAN_POINT('',(101.33264889367,10.132903035358,4.2));
#6997 = CARTESIAN_POINT('',(101.28105503123,10.681137902429,4.2));
#6998 = CARTESIAN_POINT('',(101.17951883405,11.22203774765,4.2));
#6999 = CARTESIAN_POINT('',(101.12318489656,11.463662803501,
    4.200000000001));
#7000 = CARTESIAN_POINT('',(101.05381681388,11.700988705301,
    4.199999999998));
#7001 = CARTESIAN_POINT('',(100.9709582234,11.936263185947,
    4.200000000002));
#7002 = CARTESIAN_POINT('',(100.8725214706,12.163467341398,
    4.199999999999));
#7003 = CARTESIAN_POINT('',(100.64163211426,12.603917309521,
    4.200000000001));
#7004 = CARTESIAN_POINT('',(100.34182373787,12.998787380566,
    4.199999999999));
#7005 = CARTESIAN_POINT('',(100.17356918157,13.185047734803,
    4.200000000002));
#7006 = CARTESIAN_POINT('',(99.989498509884,13.349462934834,
    4.199999999997));
#7007 = CARTESIAN_POINT('',(99.784643904428,13.499805259491,
    4.200000000002));
#7008 = CARTESIAN_POINT('',(99.568215794377,13.620761475389,
    4.199999999999));
#7009 = CARTESIAN_POINT('',(99.085500046638,13.834590782008,
    4.200000000001));
#7010 = CARTESIAN_POINT('',(98.569854876921,13.945033733703,
    4.199999999999));
#7011 = CARTESIAN_POINT('',(98.293940450045,13.985074149887,
    4.200000000001));
#7012 = CARTESIAN_POINT('',(98.01105281574,13.978970095721,
    4.199999999999));
#7013 = CARTESIAN_POINT('',(97.740194472566,13.992304877433,
    4.200000000001));
#7014 = CARTESIAN_POINT('',(97.455952543087,13.962194481359,4.2));
#7015 = CARTESIAN_POINT('',(96.935111971672,13.857743090536,4.2));
#7016 = CARTESIAN_POINT('',(96.457543640669,13.605247147139,4.2));
#7017 = CARTESIAN_POINT('',(96.261033604433,13.455504753579,4.2));
#7018 = CARTESIAN_POINT('',(96.072849767537,13.236043004541,
    4.200000000001));
#7019 = CARTESIAN_POINT('',(95.954944207124,13.041858407187,
    4.199999999999));
#7020 = CARTESIAN_POINT('',(95.849438848757,12.783523381106,4.2));
#7021 = CARTESIAN_POINT('',(95.784695382087,12.548221661537,4.2));
#7022 = CARTESIAN_POINT('',(95.740286989702,12.297584872356,4.2));
#7023 = PCURVE('',#6868,#7024);
#7024 = DEFINITIONAL_REPRESENTATION('',(#7025),#7029);
#7025 = LINE('',#7026,#7027);
#7026 = CARTESIAN_POINT('',(0.,-1.2));
#7027 = VECTOR('',#7028,1.);
#7028 = DIRECTION('',(1.,0.));
#7029 = ( GEOMETRIC_REPRESENTATION_CONTEXT(2) 
PARAMETRIC_REPRESENTATION_CONTEXT() REPRESENTATION_CONTEXT('2D SPACE',''
  ) );
#7030 = PCURVE('',#6366,#7031);
#7031 = DEFINITIONAL_REPRESENTATION('',(#7032),#7090);
#7032 = B_SPLINE_CURVE_WITH_KNOTS('',8,(#7033,#7034,#7035,#7036,#7037,
    #7038,#7039,#7040,#7041,#7042,#7043,#7044,#7045,#7046,#7047,#7048,
    #7049,#7050,#7051,#7052,#7053,#7054,#7055,#7056,#7057,#7058,#7059,
    #7060,#7061,#7062,#7063,#7064,#7065,#7066,#7067,#7068,#7069,#7070,
    #7071,#7072,#7073,#7074,#7075,#7076,#7077,#7078,#7079,#7080,#7081,
    #7082,#7083,#7084,#7085,#7086,#7087,#7088,#7089),.UNSPECIFIED.,.F.,
  .F.,(9,6,6,6,6,6,6,6,6,9),(0.,0.108032437128,0.225056176241,
    0.330092634736,0.435664082822,0.564308011214,0.669470939722,
    0.774706803606,0.892584970312,1.),.UNSPECIFIED.);
#7033 = CARTESIAN_POINT('',(-0.722297149152,-1.452494485688));
#7034 = CARTESIAN_POINT('',(-0.616940560322,-1.69905388678));
#7035 = CARTESIAN_POINT('',(-0.754913620269,-1.920841909168));
#7036 = CARTESIAN_POINT('',(-0.303709542221,-2.268440450681));
#7037 = CARTESIAN_POINT('',(-0.618337890228,-2.325106686949));
#7038 = CARTESIAN_POINT('',(-9.113839644391E-02,-2.67651132172));
#7039 = CARTESIAN_POINT('',(-4.983515798735E-02,-2.7613426834));
#7040 = CARTESIAN_POINT('',(0.485893315051,-3.050732742167));
#7041 = CARTESIAN_POINT('',(0.945321576995,-3.143664520073));
#7042 = CARTESIAN_POINT('',(1.308347404634,-3.203415505908));
#7043 = CARTESIAN_POINT('',(1.465400850886,-3.15845055531));
#7044 = CARTESIAN_POINT('',(1.837963032341,-3.180404855306));
#7045 = CARTESIAN_POINT('',(2.069127903092,-3.137788094133));
#7046 = CARTESIAN_POINT('',(2.598844581035,-3.029217893585));
#7047 = CARTESIAN_POINT('',(3.068270212605,-2.820427344645));
#7048 = CARTESIAN_POINT('',(3.299134928216,-2.69943673141));
#7049 = CARTESIAN_POINT('',(3.487271267558,-2.554403036641));
#7050 = CARTESIAN_POINT('',(3.685103158416,-2.388684816761));
#7051 = CARTESIAN_POINT('',(3.849340589505,-2.205571644903));
#7052 = CARTESIAN_POINT('',(4.153924176284,-1.811828649984));
#7053 = CARTESIAN_POINT('',(4.384775514594,-1.371743424945));
#7054 = CARTESIAN_POINT('',(4.485257378046,-1.1433392172));
#7055 = CARTESIAN_POINT('',(4.566165806406,-0.907227880571));
#7056 = CARTESIAN_POINT('',(4.636539134035,-0.668656391686));
#7057 = CARTESIAN_POINT('',(4.691554245263,-0.425850153745));
#7058 = CARTESIAN_POINT('',(4.790874809242,0.116468151845));
#7059 = CARTESIAN_POINT('',(4.83902620353,0.666008080481));
#7060 = CARTESIAN_POINT('',(4.854997436855,0.968642652975));
#7061 = CARTESIAN_POINT('',(4.852586277568,1.271520280027));
#7062 = CARTESIAN_POINT('',(4.852734752341,1.574327006476));
#7063 = CARTESIAN_POINT('',(4.835048196718,1.876889252806));
#7064 = CARTESIAN_POINT('',(4.783454334275,2.425124119878));
#7065 = CARTESIAN_POINT('',(4.681918137096,2.966023965099));
#7066 = CARTESIAN_POINT('',(4.625584199604,3.20764902095));
#7067 = CARTESIAN_POINT('',(4.556216116928,3.444974922749));
#7068 = CARTESIAN_POINT('',(4.47335752645,3.680249403395));
#7069 = CARTESIAN_POINT('',(4.37492077365,3.907453558847));
#7070 = CARTESIAN_POINT('',(4.144031417305,4.34790352697));
#7071 = CARTESIAN_POINT('',(3.844223040914,4.742773598015));
#7072 = CARTESIAN_POINT('',(3.675968484618,4.929033952252));
#7073 = CARTESIAN_POINT('',(3.491897812925,5.093449152283));
#7074 = CARTESIAN_POINT('',(3.28704320747,5.24379147694));
#7075 = CARTESIAN_POINT('',(3.070615097419,5.364747692838));
#7076 = CARTESIAN_POINT('',(2.58789934968,5.578576999457));
#7077 = CARTESIAN_POINT('',(2.072254179962,5.689019951152));
#7078 = CARTESIAN_POINT('',(1.796339753087,5.729060367336));
#7079 = CARTESIAN_POINT('',(1.513452118782,5.72295631317));
#7080 = CARTESIAN_POINT('',(1.242593775608,5.736291094882));
#7081 = CARTESIAN_POINT('',(0.958351846129,5.706180698808));
#7082 = CARTESIAN_POINT('',(0.437511274713,5.601729307985));
#7083 = CARTESIAN_POINT('',(-4.005705628953E-02,5.349233364587));
#7084 = CARTESIAN_POINT('',(-0.236567092525,5.199490971028));
#7085 = CARTESIAN_POINT('',(-0.424750929422,4.980029221989));
#7086 = CARTESIAN_POINT('',(-0.542656489834,4.785844624635));
#7087 = CARTESIAN_POINT('',(-0.648161848201,4.527509598555));
#7088 = CARTESIAN_POINT('',(-0.712905314871,4.292207878986));
#7089 = CARTESIAN_POINT('',(-0.757313707257,4.041571089804));
#7090 = ( GEOMETRIC_REPRESENTATION_CONTEXT(2) 
PARAMETRIC_REPRESENTATION_CONTEXT() REPRESENTATION_CONTEXT('2D SPACE',''
  ) );
#7091 = ORIENTED_EDGE('',*,*,#7092,.F.);
#7092 = EDGE_CURVE('',#7093,#6962,#7095,.T.);
#7093 = VERTEX_POINT('',#7094);
#7094 = CARTESIAN_POINT('',(95.740286989702,12.297584872356,3.));
#7095 = SURFACE_CURVE('',#7096,(#7100,#7107),.PCURVE_S1.);
#7096 = LINE('',#7097,#7098);
#7097 = CARTESIAN_POINT('',(95.740286989702,12.297584872356,3.));
#7098 = VECTOR('',#7099,1.);
#7099 = DIRECTION('',(0.,0.,1.));
#7100 = PCURVE('',#6868,#7101);
#7101 = DEFINITIONAL_REPRESENTATION('',(#7102),#7106);
#7102 = LINE('',#7103,#7104);
#7103 = CARTESIAN_POINT('',(1.,0.));
#7104 = VECTOR('',#7105,1.);
#7105 = DIRECTION('',(0.,-1.));
#7106 = ( GEOMETRIC_REPRESENTATION_CONTEXT(2) 
PARAMETRIC_REPRESENTATION_CONTEXT() REPRESENTATION_CONTEXT('2D SPACE',''
  ) );
#7107 = PCURVE('',#7108,#7113);
#7108 = PLANE('',#7109);
#7109 = AXIS2_PLACEMENT_3D('',#7110,#7111,#7112);
#7110 = CARTESIAN_POINT('',(95.740286989702,12.297584872356,3.));
#7111 = DIRECTION('',(0.551870540162,-0.833929797346,0.));
#7112 = DIRECTION('',(-0.833929797346,-0.551870540162,0.));
#7113 = DEFINITIONAL_REPRESENTATION('',(#7114),#7118);
#7114 = LINE('',#7115,#7116);
#7115 = CARTESIAN_POINT('',(0.,0.));
#7116 = VECTOR('',#7117,1.);
#7117 = DIRECTION('',(0.,-1.));
#7118 = ( GEOMETRIC_REPRESENTATION_CONTEXT(2) 
PARAMETRIC_REPRESENTATION_CONTEXT() REPRESENTATION_CONTEXT('2D SPACE',''
  ) );
#7119 = ORIENTED_EDGE('',*,*,#7120,.F.);
#7120 = EDGE_CURVE('',#6853,#7093,#7121,.T.);
#7121 = SURFACE_CURVE('',#7122,(#7180,#7187),.PCURVE_S1.);
#7122 = B_SPLINE_CURVE_WITH_KNOTS('',8,(#7123,#7124,#7125,#7126,#7127,
    #7128,#7129,#7130,#7131,#7132,#7133,#7134,#7135,#7136,#7137,#7138,
    #7139,#7140,#7141,#7142,#7143,#7144,#7145,#7146,#7147,#7148,#7149,
    #7150,#7151,#7152,#7153,#7154,#7155,#7156,#7157,#7158,#7159,#7160,
    #7161,#7162,#7163,#7164,#7165,#7166,#7167,#7168,#7169,#7170,#7171,
    #7172,#7173,#7174,#7175,#7176,#7177,#7178,#7179),.UNSPECIFIED.,.F.,
  .F.,(9,6,6,6,6,6,6,6,6,9),(0.,0.108032437128,0.225056176241,
    0.330092634736,0.435664082822,0.564308011214,0.669470939722,
    0.774706803606,0.892584970312,1.),.UNSPECIFIED.);
#7123 = CARTESIAN_POINT('',(95.775303547806,6.803519296863,3.));
#7124 = CARTESIAN_POINT('',(95.880660136636,6.556959895771,3.));
#7125 = CARTESIAN_POINT('',(95.742687076689,6.335171873383,3.));
#7126 = CARTESIAN_POINT('',(96.193891154737,5.98757333187,3.));
#7127 = CARTESIAN_POINT('',(95.87926280673,5.930907095602,3.000000000001
    ));
#7128 = CARTESIAN_POINT('',(96.406462300514,5.579502460831,
    2.999999999999));
#7129 = CARTESIAN_POINT('',(96.447765538971,5.494671099151,3.));
#7130 = CARTESIAN_POINT('',(96.983494012009,5.205281040384,
    2.999999999999));
#7131 = CARTESIAN_POINT('',(97.442922273953,5.112349262479,
    3.000000000001));
#7132 = CARTESIAN_POINT('',(97.805948101592,5.052598276643,
    2.999999999998));
#7133 = CARTESIAN_POINT('',(97.963001547844,5.097563227241,
    3.000000000002));
#7134 = CARTESIAN_POINT('',(98.335563729299,5.075608927246,
    2.999999999998));
#7135 = CARTESIAN_POINT('',(98.566728600051,5.118225688418,
    3.000000000001));
#7136 = CARTESIAN_POINT('',(99.096445277993,5.226795888966,
    2.999999999999));
#7137 = CARTESIAN_POINT('',(99.565870909563,5.435586437906,
    3.000000000001));
#7138 = CARTESIAN_POINT('',(99.796735625175,5.556577051141,
    2.999999999998));
#7139 = CARTESIAN_POINT('',(99.984871964516,5.701610745911,
    3.000000000003));
#7140 = CARTESIAN_POINT('',(100.18270385537,5.86732896579,2.999999999998
    ));
#7141 = CARTESIAN_POINT('',(100.34694128646,6.050442137648,
    3.000000000001));
#7142 = CARTESIAN_POINT('',(100.65152487324,6.444185132567,
    2.999999999999));
#7143 = CARTESIAN_POINT('',(100.88237621155,6.884270357606,
    3.000000000001));
#7144 = CARTESIAN_POINT('',(100.982858075,7.112674565352,2.999999999998)
  );
#7145 = CARTESIAN_POINT('',(101.06376650336,7.34878590198,3.000000000002
    ));
#7146 = CARTESIAN_POINT('',(101.13413983099,7.587357390865,
    2.999999999998));
#7147 = CARTESIAN_POINT('',(101.18915494222,7.830163628806,
    3.000000000001));
#7148 = CARTESIAN_POINT('',(101.2884755062,8.372481934396,2.999999999999
    ));
#7149 = CARTESIAN_POINT('',(101.33662690048,8.922021863033,
    3.000000000001));
#7150 = CARTESIAN_POINT('',(101.35259813381,9.224656435526,
    2.999999999998));
#7151 = CARTESIAN_POINT('',(101.35018697452,9.527534062578,
    3.000000000002));
#7152 = CARTESIAN_POINT('',(101.35033544929,9.830340789027,
    2.999999999999));
#7153 = CARTESIAN_POINT('',(101.33264889367,10.132903035358,3.));
#7154 = CARTESIAN_POINT('',(101.28105503123,10.681137902429,3.));
#7155 = CARTESIAN_POINT('',(101.17951883405,11.22203774765,3.));
#7156 = CARTESIAN_POINT('',(101.12318489656,11.463662803501,
    3.000000000001));
#7157 = CARTESIAN_POINT('',(101.05381681388,11.700988705301,
    2.999999999998));
#7158 = CARTESIAN_POINT('',(100.9709582234,11.936263185947,
    3.000000000002));
#7159 = CARTESIAN_POINT('',(100.8725214706,12.163467341398,
    2.999999999999));
#7160 = CARTESIAN_POINT('',(100.64163211426,12.603917309521,
    3.000000000001));
#7161 = CARTESIAN_POINT('',(100.34182373787,12.998787380566,
    2.999999999999));
#7162 = CARTESIAN_POINT('',(100.17356918157,13.185047734803,
    3.000000000002));
#7163 = CARTESIAN_POINT('',(99.989498509884,13.349462934834,
    2.999999999997));
#7164 = CARTESIAN_POINT('',(99.784643904428,13.499805259491,
    3.000000000002));
#7165 = CARTESIAN_POINT('',(99.568215794377,13.620761475389,
    2.999999999999));
#7166 = CARTESIAN_POINT('',(99.085500046638,13.834590782008,
    3.000000000001));
#7167 = CARTESIAN_POINT('',(98.569854876921,13.945033733703,
    2.999999999999));
#7168 = CARTESIAN_POINT('',(98.293940450045,13.985074149887,
    3.000000000001));
#7169 = CARTESIAN_POINT('',(98.01105281574,13.978970095721,
    2.999999999999));
#7170 = CARTESIAN_POINT('',(97.740194472566,13.992304877433,
    3.000000000001));
#7171 = CARTESIAN_POINT('',(97.455952543087,13.962194481359,3.));
#7172 = CARTESIAN_POINT('',(96.935111971672,13.857743090536,3.));
#7173 = CARTESIAN_POINT('',(96.457543640669,13.605247147139,3.));
#7174 = CARTESIAN_POINT('',(96.261033604433,13.455504753579,3.));
#7175 = CARTESIAN_POINT('',(96.072849767537,13.236043004541,
    3.000000000001));
#7176 = CARTESIAN_POINT('',(95.954944207124,13.041858407187,
    2.999999999999));
#7177 = CARTESIAN_POINT('',(95.849438848757,12.783523381106,3.));
#7178 = CARTESIAN_POINT('',(95.784695382087,12.548221661537,3.));
#7179 = CARTESIAN_POINT('',(95.740286989702,12.297584872356,3.));
#7180 = PCURVE('',#6868,#7181);
#7181 = DEFINITIONAL_REPRESENTATION('',(#7182),#7186);
#7182 = LINE('',#7183,#7184);
#7183 = CARTESIAN_POINT('',(0.,0.));
#7184 = VECTOR('',#7185,1.);
#7185 = DIRECTION('',(1.,0.));
#7186 = ( GEOMETRIC_REPRESENTATION_CONTEXT(2) 
PARAMETRIC_REPRESENTATION_CONTEXT() REPRESENTATION_CONTEXT('2D SPACE',''
  ) );
#7187 = PCURVE('',#6445,#7188);
#7188 = DEFINITIONAL_REPRESENTATION('',(#7189),#7247);
#7189 = B_SPLINE_CURVE_WITH_KNOTS('',8,(#7190,#7191,#7192,#7193,#7194,
    #7195,#7196,#7197,#7198,#7199,#7200,#7201,#7202,#7203,#7204,#7205,
    #7206,#7207,#7208,#7209,#7210,#7211,#7212,#7213,#7214,#7215,#7216,
    #7217,#7218,#7219,#7220,#7221,#7222,#7223,#7224,#7225,#7226,#7227,
    #7228,#7229,#7230,#7231,#7232,#7233,#7234,#7235,#7236,#7237,#7238,
    #7239,#7240,#7241,#7242,#7243,#7244,#7245,#7246),.UNSPECIFIED.,.F.,
  .F.,(9,6,6,6,6,6,6,6,6,9),(0.,0.108032437128,0.225056176241,
    0.330092634736,0.435664082822,0.564308011214,0.669470939722,
    0.774706803606,0.892584970312,1.),.UNSPECIFIED.);
#7190 = CARTESIAN_POINT('',(-0.722297149152,-1.452494485688));
#7191 = CARTESIAN_POINT('',(-0.616940560322,-1.69905388678));
#7192 = CARTESIAN_POINT('',(-0.754913620269,-1.920841909168));
#7193 = CARTESIAN_POINT('',(-0.303709542221,-2.268440450681));
#7194 = CARTESIAN_POINT('',(-0.618337890228,-2.325106686949));
#7195 = CARTESIAN_POINT('',(-9.113839644391E-02,-2.67651132172));
#7196 = CARTESIAN_POINT('',(-4.983515798735E-02,-2.7613426834));
#7197 = CARTESIAN_POINT('',(0.485893315051,-3.050732742167));
#7198 = CARTESIAN_POINT('',(0.945321576995,-3.143664520073));
#7199 = CARTESIAN_POINT('',(1.308347404634,-3.203415505908));
#7200 = CARTESIAN_POINT('',(1.465400850886,-3.15845055531));
#7201 = CARTESIAN_POINT('',(1.837963032341,-3.180404855306));
#7202 = CARTESIAN_POINT('',(2.069127903092,-3.137788094133));
#7203 = CARTESIAN_POINT('',(2.598844581035,-3.029217893585));
#7204 = CARTESIAN_POINT('',(3.068270212605,-2.820427344645));
#7205 = CARTESIAN_POINT('',(3.299134928216,-2.69943673141));
#7206 = CARTESIAN_POINT('',(3.487271267558,-2.554403036641));
#7207 = CARTESIAN_POINT('',(3.685103158416,-2.388684816761));
#7208 = CARTESIAN_POINT('',(3.849340589505,-2.205571644903));
#7209 = CARTESIAN_POINT('',(4.153924176284,-1.811828649984));
#7210 = CARTESIAN_POINT('',(4.384775514594,-1.371743424945));
#7211 = CARTESIAN_POINT('',(4.485257378046,-1.1433392172));
#7212 = CARTESIAN_POINT('',(4.566165806406,-0.907227880571));
#7213 = CARTESIAN_POINT('',(4.636539134035,-0.668656391686));
#7214 = CARTESIAN_POINT('',(4.691554245263,-0.425850153745));
#7215 = CARTESIAN_POINT('',(4.790874809242,0.116468151845));
#7216 = CARTESIAN_POINT('',(4.83902620353,0.666008080481));
#7217 = CARTESIAN_POINT('',(4.854997436855,0.968642652975));
#7218 = CARTESIAN_POINT('',(4.852586277568,1.271520280027));
#7219 = CARTESIAN_POINT('',(4.852734752341,1.574327006476));
#7220 = CARTESIAN_POINT('',(4.835048196718,1.876889252806));
#7221 = CARTESIAN_POINT('',(4.783454334275,2.425124119878));
#7222 = CARTESIAN_POINT('',(4.681918137096,2.966023965099));
#7223 = CARTESIAN_POINT('',(4.625584199604,3.20764902095));
#7224 = CARTESIAN_POINT('',(4.556216116928,3.444974922749));
#7225 = CARTESIAN_POINT('',(4.47335752645,3.680249403395));
#7226 = CARTESIAN_POINT('',(4.37492077365,3.907453558847));
#7227 = CARTESIAN_POINT('',(4.144031417305,4.34790352697));
#7228 = CARTESIAN_POINT('',(3.844223040914,4.742773598015));
#7229 = CARTESIAN_POINT('',(3.675968484618,4.929033952252));
#7230 = CARTESIAN_POINT('',(3.491897812925,5.093449152283));
#7231 = CARTESIAN_POINT('',(3.28704320747,5.24379147694));
#7232 = CARTESIAN_POINT('',(3.070615097419,5.364747692838));
#7233 = CARTESIAN_POINT('',(2.58789934968,5.578576999457));
#7234 = CARTESIAN_POINT('',(2.072254179962,5.689019951152));
#7235 = CARTESIAN_POINT('',(1.796339753087,5.729060367336));
#7236 = CARTESIAN_POINT('',(1.513452118782,5.72295631317));
#7237 = CARTESIAN_POINT('',(1.242593775608,5.736291094882));
#7238 = CARTESIAN_POINT('',(0.958351846129,5.706180698808));
#7239 = CARTESIAN_POINT('',(0.437511274713,5.601729307985));
#7240 = CARTESIAN_POINT('',(-4.005705628953E-02,5.349233364587));
#7241 = CARTESIAN_POINT('',(-0.236567092525,5.199490971028));
#7242 = CARTESIAN_POINT('',(-0.424750929422,4.980029221989));
#7243 = CARTESIAN_POINT('',(-0.542656489834,4.785844624635));
#7244 = CARTESIAN_POINT('',(-0.648161848201,4.527509598555));
#7245 = CARTESIAN_POINT('',(-0.712905314871,4.292207878986));
#7246 = CARTESIAN_POINT('',(-0.757313707257,4.041571089804));
#7247 = ( GEOMETRIC_REPRESENTATION_CONTEXT(2) 
PARAMETRIC_REPRESENTATION_CONTEXT() REPRESENTATION_CONTEXT('2D SPACE',''
  ) );
#7248 = ADVANCED_FACE('',(#7249),#7108,.F.);
#7249 = FACE_BOUND('',#7250,.F.);
#7250 = EDGE_LOOP('',(#7251,#7252,#7275,#7303));
#7251 = ORIENTED_EDGE('',*,*,#7092,.T.);
#7252 = ORIENTED_EDGE('',*,*,#7253,.T.);
#7253 = EDGE_CURVE('',#6962,#7254,#7256,.T.);
#7254 = VERTEX_POINT('',#7255);
#7255 = CARTESIAN_POINT('',(95.683801270229,12.260204262362,4.2));
#7256 = SURFACE_CURVE('',#7257,(#7261,#7268),.PCURVE_S1.);
#7257 = LINE('',#7258,#7259);
#7258 = CARTESIAN_POINT('',(95.740286989702,12.297584872356,4.2));
#7259 = VECTOR('',#7260,1.);
#7260 = DIRECTION('',(-0.833929797346,-0.551870540162,0.));
#7261 = PCURVE('',#7108,#7262);
#7262 = DEFINITIONAL_REPRESENTATION('',(#7263),#7267);
#7263 = LINE('',#7264,#7265);
#7264 = CARTESIAN_POINT('',(0.,-1.2));
#7265 = VECTOR('',#7266,1.);
#7266 = DIRECTION('',(1.,0.));
#7267 = ( GEOMETRIC_REPRESENTATION_CONTEXT(2) 
PARAMETRIC_REPRESENTATION_CONTEXT() REPRESENTATION_CONTEXT('2D SPACE',''
  ) );
#7268 = PCURVE('',#6366,#7269);
#7269 = DEFINITIONAL_REPRESENTATION('',(#7270),#7274);
#7270 = LINE('',#7271,#7272);
#7271 = CARTESIAN_POINT('',(-0.757313707257,4.041571089804));
#7272 = VECTOR('',#7273,1.);
#7273 = DIRECTION('',(-0.833929797346,-0.551870540162));
#7274 = ( GEOMETRIC_REPRESENTATION_CONTEXT(2) 
PARAMETRIC_REPRESENTATION_CONTEXT() REPRESENTATION_CONTEXT('2D SPACE',''
  ) );
#7275 = ORIENTED_EDGE('',*,*,#7276,.F.);
#7276 = EDGE_CURVE('',#7277,#7254,#7279,.T.);
#7277 = VERTEX_POINT('',#7278);
#7278 = CARTESIAN_POINT('',(95.683801270229,12.260204262362,3.));
#7279 = SURFACE_CURVE('',#7280,(#7284,#7291),.PCURVE_S1.);
#7280 = LINE('',#7281,#7282);
#7281 = CARTESIAN_POINT('',(95.683801270229,12.260204262362,3.));
#7282 = VECTOR('',#7283,1.);
#7283 = DIRECTION('',(0.,0.,1.));
#7284 = PCURVE('',#7108,#7285);
#7285 = DEFINITIONAL_REPRESENTATION('',(#7286),#7290);
#7286 = LINE('',#7287,#7288);
#7287 = CARTESIAN_POINT('',(6.77343820219E-02,0.));
#7288 = VECTOR('',#7289,1.);
#7289 = DIRECTION('',(0.,-1.));
#7290 = ( GEOMETRIC_REPRESENTATION_CONTEXT(2) 
PARAMETRIC_REPRESENTATION_CONTEXT() REPRESENTATION_CONTEXT('2D SPACE',''
  ) );
#7291 = PCURVE('',#7292,#7297);
#7292 = PLANE('',#7293);
#7293 = AXIS2_PLACEMENT_3D('',#7294,#7295,#7296);
#7294 = CARTESIAN_POINT('',(95.683801270229,12.260204262362,3.));
#7295 = DIRECTION('',(0.,-1.,0.));
#7296 = DIRECTION('',(-1.,0.,0.));
#7297 = DEFINITIONAL_REPRESENTATION('',(#7298),#7302);
#7298 = LINE('',#7299,#7300);
#7299 = CARTESIAN_POINT('',(0.,-0.));
#7300 = VECTOR('',#7301,1.);
#7301 = DIRECTION('',(0.,-1.));
#7302 = ( GEOMETRIC_REPRESENTATION_CONTEXT(2) 
PARAMETRIC_REPRESENTATION_CONTEXT() REPRESENTATION_CONTEXT('2D SPACE',''
  ) );
#7303 = ORIENTED_EDGE('',*,*,#7304,.F.);
#7304 = EDGE_CURVE('',#7093,#7277,#7305,.T.);
#7305 = SURFACE_CURVE('',#7306,(#7310,#7317),.PCURVE_S1.);
#7306 = LINE('',#7307,#7308);
#7307 = CARTESIAN_POINT('',(95.740286989702,12.297584872356,3.));
#7308 = VECTOR('',#7309,1.);
#7309 = DIRECTION('',(-0.833929797346,-0.551870540162,0.));
#7310 = PCURVE('',#7108,#7311);
#7311 = DEFINITIONAL_REPRESENTATION('',(#7312),#7316);
#7312 = LINE('',#7313,#7314);
#7313 = CARTESIAN_POINT('',(0.,0.));
#7314 = VECTOR('',#7315,1.);
#7315 = DIRECTION('',(1.,0.));
#7316 = ( GEOMETRIC_REPRESENTATION_CONTEXT(2) 
PARAMETRIC_REPRESENTATION_CONTEXT() REPRESENTATION_CONTEXT('2D SPACE',''
  ) );
#7317 = PCURVE('',#6445,#7318);
#7318 = DEFINITIONAL_REPRESENTATION('',(#7319),#7323);
#7319 = LINE('',#7320,#7321);
#7320 = CARTESIAN_POINT('',(-0.757313707257,4.041571089804));
#7321 = VECTOR('',#7322,1.);
#7322 = DIRECTION('',(-0.833929797346,-0.551870540162));
#7323 = ( GEOMETRIC_REPRESENTATION_CONTEXT(2) 
PARAMETRIC_REPRESENTATION_CONTEXT() REPRESENTATION_CONTEXT('2D SPACE',''
  ) );
#7324 = ADVANCED_FACE('',(#7325),#7292,.F.);
#7325 = FACE_BOUND('',#7326,.F.);
#7326 = EDGE_LOOP('',(#7327,#7328,#7351,#7374));
#7327 = ORIENTED_EDGE('',*,*,#7276,.T.);
#7328 = ORIENTED_EDGE('',*,*,#7329,.T.);
#7329 = EDGE_CURVE('',#7254,#7330,#7332,.T.);
#7330 = VERTEX_POINT('',#7331);
#7331 = CARTESIAN_POINT('',(95.597784738696,12.260204262362,4.2));
#7332 = SURFACE_CURVE('',#7333,(#7337,#7344),.PCURVE_S1.);
#7333 = LINE('',#7334,#7335);
#7334 = CARTESIAN_POINT('',(95.683801270229,12.260204262362,4.2));
#7335 = VECTOR('',#7336,1.);
#7336 = DIRECTION('',(-1.,0.,0.));
#7337 = PCURVE('',#7292,#7338);
#7338 = DEFINITIONAL_REPRESENTATION('',(#7339),#7343);
#7339 = LINE('',#7340,#7341);
#7340 = CARTESIAN_POINT('',(0.,-1.2));
#7341 = VECTOR('',#7342,1.);
#7342 = DIRECTION('',(1.,0.));
#7343 = ( GEOMETRIC_REPRESENTATION_CONTEXT(2) 
PARAMETRIC_REPRESENTATION_CONTEXT() REPRESENTATION_CONTEXT('2D SPACE',''
  ) );
#7344 = PCURVE('',#6366,#7345);
#7345 = DEFINITIONAL_REPRESENTATION('',(#7346),#7350);
#7346 = LINE('',#7347,#7348);
#7347 = CARTESIAN_POINT('',(-0.813799426729,4.00419047981));
#7348 = VECTOR('',#7349,1.);
#7349 = DIRECTION('',(-1.,0.));
#7350 = ( GEOMETRIC_REPRESENTATION_CONTEXT(2) 
PARAMETRIC_REPRESENTATION_CONTEXT() REPRESENTATION_CONTEXT('2D SPACE',''
  ) );
#7351 = ORIENTED_EDGE('',*,*,#7352,.F.);
#7352 = EDGE_CURVE('',#7353,#7330,#7355,.T.);
#7353 = VERTEX_POINT('',#7354);
#7354 = CARTESIAN_POINT('',(95.597784738696,12.260204262362,3.));
#7355 = SURFACE_CURVE('',#7356,(#7360,#7367),.PCURVE_S1.);
#7356 = LINE('',#7357,#7358);
#7357 = CARTESIAN_POINT('',(95.597784738696,12.260204262362,3.));
#7358 = VECTOR('',#7359,1.);
#7359 = DIRECTION('',(0.,0.,1.));
#7360 = PCURVE('',#7292,#7361);
#7361 = DEFINITIONAL_REPRESENTATION('',(#7362),#7366);
#7362 = LINE('',#7363,#7364);
#7363 = CARTESIAN_POINT('',(8.601653153271E-02,0.));
#7364 = VECTOR('',#7365,1.);
#7365 = DIRECTION('',(0.,-1.));
#7366 = ( GEOMETRIC_REPRESENTATION_CONTEXT(2) 
PARAMETRIC_REPRESENTATION_CONTEXT() REPRESENTATION_CONTEXT('2D SPACE',''
  ) );
#7367 = PCURVE('',#6334,#7368);
#7368 = DEFINITIONAL_REPRESENTATION('',(#7369),#7373);
#7369 = LINE('',#7370,#7371);
#7370 = CARTESIAN_POINT('',(0.,0.));
#7371 = VECTOR('',#7372,1.);
#7372 = DIRECTION('',(0.,-1.));
#7373 = ( GEOMETRIC_REPRESENTATION_CONTEXT(2) 
PARAMETRIC_REPRESENTATION_CONTEXT() REPRESENTATION_CONTEXT('2D SPACE',''
  ) );
#7374 = ORIENTED_EDGE('',*,*,#7375,.F.);
#7375 = EDGE_CURVE('',#7277,#7353,#7376,.T.);
#7376 = SURFACE_CURVE('',#7377,(#7381,#7388),.PCURVE_S1.);
#7377 = LINE('',#7378,#7379);
#7378 = CARTESIAN_POINT('',(95.683801270229,12.260204262362,3.));
#7379 = VECTOR('',#7380,1.);
#7380 = DIRECTION('',(-1.,0.,0.));
#7381 = PCURVE('',#7292,#7382);
#7382 = DEFINITIONAL_REPRESENTATION('',(#7383),#7387);
#7383 = LINE('',#7384,#7385);
#7384 = CARTESIAN_POINT('',(0.,-0.));
#7385 = VECTOR('',#7386,1.);
#7386 = DIRECTION('',(1.,0.));
#7387 = ( GEOMETRIC_REPRESENTATION_CONTEXT(2) 
PARAMETRIC_REPRESENTATION_CONTEXT() REPRESENTATION_CONTEXT('2D SPACE',''
  ) );
#7388 = PCURVE('',#6445,#7389);
#7389 = DEFINITIONAL_REPRESENTATION('',(#7390),#7394);
#7390 = LINE('',#7391,#7392);
#7391 = CARTESIAN_POINT('',(-0.813799426729,4.00419047981));
#7392 = VECTOR('',#7393,1.);
#7393 = DIRECTION('',(-1.,0.));
#7394 = ( GEOMETRIC_REPRESENTATION_CONTEXT(2) 
PARAMETRIC_REPRESENTATION_CONTEXT() REPRESENTATION_CONTEXT('2D SPACE',''
  ) );
#7395 = ADVANCED_FACE('',(#7396),#6334,.F.);
#7396 = FACE_BOUND('',#7397,.F.);
#7397 = EDGE_LOOP('',(#7398,#7399,#7420,#7421));
#7398 = ORIENTED_EDGE('',*,*,#7352,.T.);
#7399 = ORIENTED_EDGE('',*,*,#7400,.T.);
#7400 = EDGE_CURVE('',#7330,#6308,#7401,.T.);
#7401 = SURFACE_CURVE('',#7402,(#7406,#7413),.PCURVE_S1.);
#7402 = LINE('',#7403,#7404);
#7403 = CARTESIAN_POINT('',(95.597784738696,12.260204262362,4.2));
#7404 = VECTOR('',#7405,1.);
#7405 = DIRECTION('',(-8.892261640074E-02,0.996038537554,0.));
#7406 = PCURVE('',#6334,#7407);
#7407 = DEFINITIONAL_REPRESENTATION('',(#7408),#7412);
#7408 = LINE('',#7409,#7410);
#7409 = CARTESIAN_POINT('',(0.,-1.2));
#7410 = VECTOR('',#7411,1.);
#7411 = DIRECTION('',(1.,0.));
#7412 = ( GEOMETRIC_REPRESENTATION_CONTEXT(2) 
PARAMETRIC_REPRESENTATION_CONTEXT() REPRESENTATION_CONTEXT('2D SPACE',''
  ) );
#7413 = PCURVE('',#6366,#7414);
#7414 = DEFINITIONAL_REPRESENTATION('',(#7415),#7419);
#7415 = LINE('',#7416,#7417);
#7416 = CARTESIAN_POINT('',(-0.899815958262,4.00419047981));
#7417 = VECTOR('',#7418,1.);
#7418 = DIRECTION('',(-8.892261640074E-02,0.996038537554));
#7419 = ( GEOMETRIC_REPRESENTATION_CONTEXT(2) 
PARAMETRIC_REPRESENTATION_CONTEXT() REPRESENTATION_CONTEXT('2D SPACE',''
  ) );
#7420 = ORIENTED_EDGE('',*,*,#6305,.F.);
#7421 = ORIENTED_EDGE('',*,*,#7422,.F.);
#7422 = EDGE_CURVE('',#7353,#6306,#7423,.T.);
#7423 = SURFACE_CURVE('',#7424,(#7428,#7435),.PCURVE_S1.);
#7424 = LINE('',#7425,#7426);
#7425 = CARTESIAN_POINT('',(95.597784738696,12.260204262362,3.));
#7426 = VECTOR('',#7427,1.);
#7427 = DIRECTION('',(-8.892261640074E-02,0.996038537554,0.));
#7428 = PCURVE('',#6334,#7429);
#7429 = DEFINITIONAL_REPRESENTATION('',(#7430),#7434);
#7430 = LINE('',#7431,#7432);
#7431 = CARTESIAN_POINT('',(0.,0.));
#7432 = VECTOR('',#7433,1.);
#7433 = DIRECTION('',(1.,0.));
#7434 = ( GEOMETRIC_REPRESENTATION_CONTEXT(2) 
PARAMETRIC_REPRESENTATION_CONTEXT() REPRESENTATION_CONTEXT('2D SPACE',''
  ) );
#7435 = PCURVE('',#6445,#7436);
#7436 = DEFINITIONAL_REPRESENTATION('',(#7437),#7441);
#7437 = LINE('',#7438,#7439);
#7438 = CARTESIAN_POINT('',(-0.899815958262,4.00419047981));
#7439 = VECTOR('',#7440,1.);
#7440 = DIRECTION('',(-8.892261640074E-02,0.996038537554));
#7441 = ( GEOMETRIC_REPRESENTATION_CONTEXT(2) 
PARAMETRIC_REPRESENTATION_CONTEXT() REPRESENTATION_CONTEXT('2D SPACE',''
  ) );
#7442 = ADVANCED_FACE('',(#7443),#7457,.F.);
#7443 = FACE_BOUND('',#7444,.F.);
#7444 = EDGE_LOOP('',(#7445,#7500,#7523,#7546));
#7445 = ORIENTED_EDGE('',*,*,#7446,.T.);
#7446 = EDGE_CURVE('',#7447,#7449,#7451,.T.);
#7447 = VERTEX_POINT('',#7448);
#7448 = CARTESIAN_POINT('',(95.62085444166,9.398074632395,3.));
#7449 = VERTEX_POINT('',#7450);
#7450 = CARTESIAN_POINT('',(95.62085444166,9.398074632395,4.2));
#7451 = SURFACE_CURVE('',#7452,(#7456,#7468),.PCURVE_S1.);
#7452 = LINE('',#7453,#7454);
#7453 = CARTESIAN_POINT('',(95.62085444166,9.398074632395,3.));
#7454 = VECTOR('',#7455,1.);
#7455 = DIRECTION('',(0.,0.,1.));
#7456 = PCURVE('',#7457,#7462);
#7457 = PLANE('',#7458);
#7458 = AXIS2_PLACEMENT_3D('',#7459,#7460,#7461);
#7459 = CARTESIAN_POINT('',(95.62085444166,9.398074632395,3.));
#7460 = DIRECTION('',(0.965107077753,-0.261855548866,0.));
#7461 = DIRECTION('',(-0.261855548866,-0.965107077753,0.));
#7462 = DEFINITIONAL_REPRESENTATION('',(#7463),#7467);
#7463 = LINE('',#7464,#7465);
#7464 = CARTESIAN_POINT('',(0.,0.));
#7465 = VECTOR('',#7466,1.);
#7466 = DIRECTION('',(0.,-1.));
#7467 = ( GEOMETRIC_REPRESENTATION_CONTEXT(2) 
PARAMETRIC_REPRESENTATION_CONTEXT() REPRESENTATION_CONTEXT('2D SPACE',''
  ) );
#7468 = PCURVE('',#7469,#7494);
#7469 = SURFACE_OF_LINEAR_EXTRUSION('',#7470,#7492);
#7470 = B_SPLINE_CURVE_WITH_KNOTS('',8,(#7471,#7472,#7473,#7474,#7475,
    #7476,#7477,#7478,#7479,#7480,#7481,#7482,#7483,#7484,#7485,#7486,
    #7487,#7488,#7489,#7490,#7491),.UNSPECIFIED.,.F.,.F.,(9,6,6,9),(0.,
    0.33305654345,0.666033129131,1.),.UNSPECIFIED.);
#7471 = CARTESIAN_POINT('',(95.620843599276,9.398034671196,3.));
#7472 = CARTESIAN_POINT('',(95.620619305835,9.952896262812,3.));
#7473 = CARTESIAN_POINT('',(95.586204658779,10.886549280599,3.));
#7474 = CARTESIAN_POINT('',(95.894641226935,10.596492749883,3.));
#7475 = CARTESIAN_POINT('',(95.632283001533,12.64248085577,
    3.000000000001));
#7476 = CARTESIAN_POINT('',(96.870057553989,11.928448635998,
    2.999999999999));
#7477 = CARTESIAN_POINT('',(97.283265468774,12.347670759272,
    3.000000000001));
#7478 = CARTESIAN_POINT('',(98.676777795222,12.078771882827,
    2.999999999999));
#7479 = CARTESIAN_POINT('',(99.264739051394,10.885916437354,
    3.000000000001));
#7480 = CARTESIAN_POINT('',(99.411782149448,10.294630711834,
    2.999999999997));
#7481 = CARTESIAN_POINT('',(99.278067766463,9.54337396274,3.000000000004
    ));
#7482 = CARTESIAN_POINT('',(99.441594912646,9.16582177543,2.999999999997
    ));
#7483 = CARTESIAN_POINT('',(99.30257685501,8.356919382923,3.000000000001
    ));
#7484 = CARTESIAN_POINT('',(98.946874762794,7.253595966683,
    2.999999999999));
#7485 = CARTESIAN_POINT('',(97.526861979074,6.600358580638,
    3.000000000001));
#7486 = CARTESIAN_POINT('',(97.224648700913,7.3562453433,2.999999999997)
  );
#7487 = CARTESIAN_POINT('',(95.873234860345,6.046320521366,
    3.000000000004));
#7488 = CARTESIAN_POINT('',(95.849747384646,8.036505125492,
    2.999999999997));
#7489 = CARTESIAN_POINT('',(95.689256181191,8.056028590489,
    3.000000000001));
#7490 = CARTESIAN_POINT('',(95.618988814865,8.798564417791,3.));
#7491 = CARTESIAN_POINT('',(95.62085444166,9.398074632395,3.));
#7492 = VECTOR('',#7493,1.);
#7493 = DIRECTION('',(-0.,-0.,-1.));
#7494 = DEFINITIONAL_REPRESENTATION('',(#7495),#7499);
#7495 = LINE('',#7496,#7497);
#7496 = CARTESIAN_POINT('',(1.,0.));
#7497 = VECTOR('',#7498,1.);
#7498 = DIRECTION('',(0.,-1.));
#7499 = ( GEOMETRIC_REPRESENTATION_CONTEXT(2) 
PARAMETRIC_REPRESENTATION_CONTEXT() REPRESENTATION_CONTEXT('2D SPACE',''
  ) );
#7500 = ORIENTED_EDGE('',*,*,#7501,.T.);
#7501 = EDGE_CURVE('',#7449,#7502,#7504,.T.);
#7502 = VERTEX_POINT('',#7503);
#7503 = CARTESIAN_POINT('',(95.620843599276,9.398034671196,4.2));
#7504 = SURFACE_CURVE('',#7505,(#7509,#7516),.PCURVE_S1.);
#7505 = LINE('',#7506,#7507);
#7506 = CARTESIAN_POINT('',(95.62085444166,9.398074632395,4.2));
#7507 = VECTOR('',#7508,1.);
#7508 = DIRECTION('',(-0.261855548866,-0.965107077753,0.));
#7509 = PCURVE('',#7457,#7510);
#7510 = DEFINITIONAL_REPRESENTATION('',(#7511),#7515);
#7511 = LINE('',#7512,#7513);
#7512 = CARTESIAN_POINT('',(0.,-1.2));
#7513 = VECTOR('',#7514,1.);
#7514 = DIRECTION('',(1.,0.));
#7515 = ( GEOMETRIC_REPRESENTATION_CONTEXT(2) 
PARAMETRIC_REPRESENTATION_CONTEXT() REPRESENTATION_CONTEXT('2D SPACE',''
  ) );
#7516 = PCURVE('',#6366,#7517);
#7517 = DEFINITIONAL_REPRESENTATION('',(#7518),#7522);
#7518 = LINE('',#7519,#7520);
#7519 = CARTESIAN_POINT('',(-0.876746255298,1.142060849843));
#7520 = VECTOR('',#7521,1.);
#7521 = DIRECTION('',(-0.261855548866,-0.965107077753));
#7522 = ( GEOMETRIC_REPRESENTATION_CONTEXT(2) 
PARAMETRIC_REPRESENTATION_CONTEXT() REPRESENTATION_CONTEXT('2D SPACE',''
  ) );
#7523 = ORIENTED_EDGE('',*,*,#7524,.F.);
#7524 = EDGE_CURVE('',#7525,#7502,#7527,.T.);
#7525 = VERTEX_POINT('',#7526);
#7526 = CARTESIAN_POINT('',(95.620843599276,9.398034671196,3.));
#7527 = SURFACE_CURVE('',#7528,(#7532,#7539),.PCURVE_S1.);
#7528 = LINE('',#7529,#7530);
#7529 = CARTESIAN_POINT('',(95.620843599276,9.398034671196,3.));
#7530 = VECTOR('',#7531,1.);
#7531 = DIRECTION('',(0.,0.,1.));
#7532 = PCURVE('',#7457,#7533);
#7533 = DEFINITIONAL_REPRESENTATION('',(#7534),#7538);
#7534 = LINE('',#7535,#7536);
#7535 = CARTESIAN_POINT('',(4.140597349223E-05,0.));
#7536 = VECTOR('',#7537,1.);
#7537 = DIRECTION('',(0.,-1.));
#7538 = ( GEOMETRIC_REPRESENTATION_CONTEXT(2) 
PARAMETRIC_REPRESENTATION_CONTEXT() REPRESENTATION_CONTEXT('2D SPACE',''
  ) );
#7539 = PCURVE('',#7469,#7540);
#7540 = DEFINITIONAL_REPRESENTATION('',(#7541),#7545);
#7541 = LINE('',#7542,#7543);
#7542 = CARTESIAN_POINT('',(0.,0.));
#7543 = VECTOR('',#7544,1.);
#7544 = DIRECTION('',(0.,-1.));
#7545 = ( GEOMETRIC_REPRESENTATION_CONTEXT(2) 
PARAMETRIC_REPRESENTATION_CONTEXT() REPRESENTATION_CONTEXT('2D SPACE',''
  ) );
#7546 = ORIENTED_EDGE('',*,*,#7547,.F.);
#7547 = EDGE_CURVE('',#7447,#7525,#7548,.T.);
#7548 = SURFACE_CURVE('',#7549,(#7553,#7560),.PCURVE_S1.);
#7549 = LINE('',#7550,#7551);
#7550 = CARTESIAN_POINT('',(95.62085444166,9.398074632395,3.));
#7551 = VECTOR('',#7552,1.);
#7552 = DIRECTION('',(-0.261855548866,-0.965107077753,0.));
#7553 = PCURVE('',#7457,#7554);
#7554 = DEFINITIONAL_REPRESENTATION('',(#7555),#7559);
#7555 = LINE('',#7556,#7557);
#7556 = CARTESIAN_POINT('',(0.,0.));
#7557 = VECTOR('',#7558,1.);
#7558 = DIRECTION('',(1.,0.));
#7559 = ( GEOMETRIC_REPRESENTATION_CONTEXT(2) 
PARAMETRIC_REPRESENTATION_CONTEXT() REPRESENTATION_CONTEXT('2D SPACE',''
  ) );
#7560 = PCURVE('',#6445,#7561);
#7561 = DEFINITIONAL_REPRESENTATION('',(#7562),#7566);
#7562 = LINE('',#7563,#7564);
#7563 = CARTESIAN_POINT('',(-0.876746255298,1.142060849843));
#7564 = VECTOR('',#7565,1.);
#7565 = DIRECTION('',(-0.261855548866,-0.965107077753));
#7566 = ( GEOMETRIC_REPRESENTATION_CONTEXT(2) 
PARAMETRIC_REPRESENTATION_CONTEXT() REPRESENTATION_CONTEXT('2D SPACE',''
  ) );
#7567 = ADVANCED_FACE('',(#7568),#7469,.F.);
#7568 = FACE_BOUND('',#7569,.F.);
#7569 = EDGE_LOOP('',(#7570,#7571,#7628,#7629));
#7570 = ORIENTED_EDGE('',*,*,#7524,.T.);
#7571 = ORIENTED_EDGE('',*,*,#7572,.T.);
#7572 = EDGE_CURVE('',#7502,#7449,#7573,.T.);
#7573 = SURFACE_CURVE('',#7574,(#7596,#7603),.PCURVE_S1.);
#7574 = B_SPLINE_CURVE_WITH_KNOTS('',8,(#7575,#7576,#7577,#7578,#7579,
    #7580,#7581,#7582,#7583,#7584,#7585,#7586,#7587,#7588,#7589,#7590,
    #7591,#7592,#7593,#7594,#7595),.UNSPECIFIED.,.F.,.F.,(9,6,6,9),(0.,
    0.33305654345,0.666033129131,1.),.UNSPECIFIED.);
#7575 = CARTESIAN_POINT('',(95.620843599276,9.398034671196,4.2));
#7576 = CARTESIAN_POINT('',(95.620619305835,9.952896262812,4.2));
#7577 = CARTESIAN_POINT('',(95.586204658779,10.886549280599,4.2));
#7578 = CARTESIAN_POINT('',(95.894641226935,10.596492749883,4.2));
#7579 = CARTESIAN_POINT('',(95.632283001533,12.64248085577,
    4.200000000001));
#7580 = CARTESIAN_POINT('',(96.870057553989,11.928448635998,
    4.199999999999));
#7581 = CARTESIAN_POINT('',(97.283265468774,12.347670759272,
    4.200000000001));
#7582 = CARTESIAN_POINT('',(98.676777795222,12.078771882827,
    4.199999999999));
#7583 = CARTESIAN_POINT('',(99.264739051394,10.885916437354,
    4.200000000001));
#7584 = CARTESIAN_POINT('',(99.411782149448,10.294630711834,
    4.199999999997));
#7585 = CARTESIAN_POINT('',(99.278067766463,9.54337396274,4.200000000004
    ));
#7586 = CARTESIAN_POINT('',(99.441594912646,9.16582177543,4.199999999997
    ));
#7587 = CARTESIAN_POINT('',(99.30257685501,8.356919382923,4.200000000001
    ));
#7588 = CARTESIAN_POINT('',(98.946874762794,7.253595966683,
    4.199999999999));
#7589 = CARTESIAN_POINT('',(97.526861979074,6.600358580638,
    4.200000000001));
#7590 = CARTESIAN_POINT('',(97.224648700913,7.3562453433,4.199999999997)
  );
#7591 = CARTESIAN_POINT('',(95.873234860345,6.046320521366,
    4.200000000004));
#7592 = CARTESIAN_POINT('',(95.849747384646,8.036505125492,
    4.199999999997));
#7593 = CARTESIAN_POINT('',(95.689256181191,8.056028590489,
    4.200000000001));
#7594 = CARTESIAN_POINT('',(95.618988814865,8.798564417791,4.2));
#7595 = CARTESIAN_POINT('',(95.62085444166,9.398074632395,4.2));
#7596 = PCURVE('',#7469,#7597);
#7597 = DEFINITIONAL_REPRESENTATION('',(#7598),#7602);
#7598 = LINE('',#7599,#7600);
#7599 = CARTESIAN_POINT('',(0.,-1.2));
#7600 = VECTOR('',#7601,1.);
#7601 = DIRECTION('',(1.,0.));
#7602 = ( GEOMETRIC_REPRESENTATION_CONTEXT(2) 
PARAMETRIC_REPRESENTATION_CONTEXT() REPRESENTATION_CONTEXT('2D SPACE',''
  ) );
#7603 = PCURVE('',#6366,#7604);
#7604 = DEFINITIONAL_REPRESENTATION('',(#7605),#7627);
#7605 = B_SPLINE_CURVE_WITH_KNOTS('',8,(#7606,#7607,#7608,#7609,#7610,
    #7611,#7612,#7613,#7614,#7615,#7616,#7617,#7618,#7619,#7620,#7621,
    #7622,#7623,#7624,#7625,#7626),.UNSPECIFIED.,.F.,.F.,(9,6,6,9),(0.,
    0.33305654345,0.666033129131,1.),.UNSPECIFIED.);
#7606 = CARTESIAN_POINT('',(-0.876757097682,1.142020888645));
#7607 = CARTESIAN_POINT('',(-0.876981391123,1.696882480261));
#7608 = CARTESIAN_POINT('',(-0.911396038179,2.630535498048));
#7609 = CARTESIAN_POINT('',(-0.602959470023,2.340478967332));
#7610 = CARTESIAN_POINT('',(-0.865317695425,4.386467073219));
#7611 = CARTESIAN_POINT('',(0.372456857031,3.672434853446));
#7612 = CARTESIAN_POINT('',(0.785664771816,4.091656976721));
#7613 = CARTESIAN_POINT('',(2.179177098263,3.822758100276));
#7614 = CARTESIAN_POINT('',(2.767138354436,2.629902654803));
#7615 = CARTESIAN_POINT('',(2.91418145249,2.038616929282));
#7616 = CARTESIAN_POINT('',(2.780467069504,1.287360180188));
#7617 = CARTESIAN_POINT('',(2.943994215688,0.909807992878));
#7618 = CARTESIAN_POINT('',(2.804976158052,0.100905600371));
#7619 = CARTESIAN_POINT('',(2.449274065836,-1.002417815868));
#7620 = CARTESIAN_POINT('',(1.029261282115,-1.655655201913));
#7621 = CARTESIAN_POINT('',(0.727048003955,-0.899768439251));
#7622 = CARTESIAN_POINT('',(-0.624365836613,-2.209693261185));
#7623 = CARTESIAN_POINT('',(-0.647853312312,-0.21950865706));
#7624 = CARTESIAN_POINT('',(-0.808344515767,-0.199985192062));
#7625 = CARTESIAN_POINT('',(-0.878611882093,0.54255063524));
#7626 = CARTESIAN_POINT('',(-0.876746255298,1.142060849843));
#7627 = ( GEOMETRIC_REPRESENTATION_CONTEXT(2) 
PARAMETRIC_REPRESENTATION_CONTEXT() REPRESENTATION_CONTEXT('2D SPACE',''
  ) );
#7628 = ORIENTED_EDGE('',*,*,#7446,.F.);
#7629 = ORIENTED_EDGE('',*,*,#7630,.F.);
#7630 = EDGE_CURVE('',#7525,#7447,#7631,.T.);
#7631 = SURFACE_CURVE('',#7632,(#7654,#7661),.PCURVE_S1.);
#7632 = B_SPLINE_CURVE_WITH_KNOTS('',8,(#7633,#7634,#7635,#7636,#7637,
    #7638,#7639,#7640,#7641,#7642,#7643,#7644,#7645,#7646,#7647,#7648,
    #7649,#7650,#7651,#7652,#7653),.UNSPECIFIED.,.F.,.F.,(9,6,6,9),(0.,
    0.33305654345,0.666033129131,1.),.UNSPECIFIED.);
#7633 = CARTESIAN_POINT('',(95.620843599276,9.398034671196,3.));
#7634 = CARTESIAN_POINT('',(95.620619305835,9.952896262812,3.));
#7635 = CARTESIAN_POINT('',(95.586204658779,10.886549280599,3.));
#7636 = CARTESIAN_POINT('',(95.894641226935,10.596492749883,3.));
#7637 = CARTESIAN_POINT('',(95.632283001533,12.64248085577,
    3.000000000001));
#7638 = CARTESIAN_POINT('',(96.870057553989,11.928448635998,
    2.999999999999));
#7639 = CARTESIAN_POINT('',(97.283265468774,12.347670759272,
    3.000000000001));
#7640 = CARTESIAN_POINT('',(98.676777795222,12.078771882827,
    2.999999999999));
#7641 = CARTESIAN_POINT('',(99.264739051394,10.885916437354,
    3.000000000001));
#7642 = CARTESIAN_POINT('',(99.411782149448,10.294630711834,
    2.999999999997));
#7643 = CARTESIAN_POINT('',(99.278067766463,9.54337396274,3.000000000004
    ));
#7644 = CARTESIAN_POINT('',(99.441594912646,9.16582177543,2.999999999997
    ));
#7645 = CARTESIAN_POINT('',(99.30257685501,8.356919382923,3.000000000001
    ));
#7646 = CARTESIAN_POINT('',(98.946874762794,7.253595966683,
    2.999999999999));
#7647 = CARTESIAN_POINT('',(97.526861979074,6.600358580638,
    3.000000000001));
#7648 = CARTESIAN_POINT('',(97.224648700913,7.3562453433,2.999999999997)
  );
#7649 = CARTESIAN_POINT('',(95.873234860345,6.046320521366,
    3.000000000004));
#7650 = CARTESIAN_POINT('',(95.849747384646,8.036505125492,
    2.999999999997));
#7651 = CARTESIAN_POINT('',(95.689256181191,8.056028590489,
    3.000000000001));
#7652 = CARTESIAN_POINT('',(95.618988814865,8.798564417791,3.));
#7653 = CARTESIAN_POINT('',(95.62085444166,9.398074632395,3.));
#7654 = PCURVE('',#7469,#7655);
#7655 = DEFINITIONAL_REPRESENTATION('',(#7656),#7660);
#7656 = LINE('',#7657,#7658);
#7657 = CARTESIAN_POINT('',(0.,0.));
#7658 = VECTOR('',#7659,1.);
#7659 = DIRECTION('',(1.,0.));
#7660 = ( GEOMETRIC_REPRESENTATION_CONTEXT(2) 
PARAMETRIC_REPRESENTATION_CONTEXT() REPRESENTATION_CONTEXT('2D SPACE',''
  ) );
#7661 = PCURVE('',#6445,#7662);
#7662 = DEFINITIONAL_REPRESENTATION('',(#7663),#7685);
#7663 = B_SPLINE_CURVE_WITH_KNOTS('',8,(#7664,#7665,#7666,#7667,#7668,
    #7669,#7670,#7671,#7672,#7673,#7674,#7675,#7676,#7677,#7678,#7679,
    #7680,#7681,#7682,#7683,#7684),.UNSPECIFIED.,.F.,.F.,(9,6,6,9),(0.,
    0.33305654345,0.666033129131,1.),.UNSPECIFIED.);
#7664 = CARTESIAN_POINT('',(-0.876757097682,1.142020888645));
#7665 = CARTESIAN_POINT('',(-0.876981391123,1.696882480261));
#7666 = CARTESIAN_POINT('',(-0.911396038179,2.630535498048));
#7667 = CARTESIAN_POINT('',(-0.602959470023,2.340478967332));
#7668 = CARTESIAN_POINT('',(-0.865317695425,4.386467073219));
#7669 = CARTESIAN_POINT('',(0.372456857031,3.672434853446));
#7670 = CARTESIAN_POINT('',(0.785664771816,4.091656976721));
#7671 = CARTESIAN_POINT('',(2.179177098263,3.822758100276));
#7672 = CARTESIAN_POINT('',(2.767138354436,2.629902654803));
#7673 = CARTESIAN_POINT('',(2.91418145249,2.038616929282));
#7674 = CARTESIAN_POINT('',(2.780467069504,1.287360180188));
#7675 = CARTESIAN_POINT('',(2.943994215688,0.909807992878));
#7676 = CARTESIAN_POINT('',(2.804976158052,0.100905600371));
#7677 = CARTESIAN_POINT('',(2.449274065836,-1.002417815868));
#7678 = CARTESIAN_POINT('',(1.029261282115,-1.655655201913));
#7679 = CARTESIAN_POINT('',(0.727048003955,-0.899768439251));
#7680 = CARTESIAN_POINT('',(-0.624365836613,-2.209693261185));
#7681 = CARTESIAN_POINT('',(-0.647853312312,-0.21950865706));
#7682 = CARTESIAN_POINT('',(-0.808344515767,-0.199985192062));
#7683 = CARTESIAN_POINT('',(-0.878611882093,0.54255063524));
#7684 = CARTESIAN_POINT('',(-0.876746255298,1.142060849843));
#7685 = ( GEOMETRIC_REPRESENTATION_CONTEXT(2) 
PARAMETRIC_REPRESENTATION_CONTEXT() REPRESENTATION_CONTEXT('2D SPACE',''
  ) );
#7686 = ADVANCED_FACE('',(#7687,#7699),#6445,.F.);
#7687 = FACE_BOUND('',#7688,.F.);
#7688 = EDGE_LOOP('',(#7689,#7690,#7691,#7692,#7693,#7694,#7695,#7696,
    #7697,#7698));
#7689 = ORIENTED_EDGE('',*,*,#6427,.T.);
#7690 = ORIENTED_EDGE('',*,*,#6546,.T.);
#7691 = ORIENTED_EDGE('',*,*,#6652,.T.);
#7692 = ORIENTED_EDGE('',*,*,#6728,.T.);
#7693 = ORIENTED_EDGE('',*,*,#6804,.T.);
#7694 = ORIENTED_EDGE('',*,*,#6936,.T.);
#7695 = ORIENTED_EDGE('',*,*,#7120,.T.);
#7696 = ORIENTED_EDGE('',*,*,#7304,.T.);
#7697 = ORIENTED_EDGE('',*,*,#7375,.T.);
#7698 = ORIENTED_EDGE('',*,*,#7422,.T.);
#7699 = FACE_BOUND('',#7700,.F.);
#7700 = EDGE_LOOP('',(#7701,#7702));
#7701 = ORIENTED_EDGE('',*,*,#7547,.T.);
#7702 = ORIENTED_EDGE('',*,*,#7630,.T.);
#7703 = ADVANCED_FACE('',(#7704,#7716),#6366,.T.);
#7704 = FACE_BOUND('',#7705,.T.);
#7705 = EDGE_LOOP('',(#7706,#7707,#7708,#7709,#7710,#7711,#7712,#7713,
    #7714,#7715));
#7706 = ORIENTED_EDGE('',*,*,#6346,.T.);
#7707 = ORIENTED_EDGE('',*,*,#6465,.T.);
#7708 = ORIENTED_EDGE('',*,*,#6601,.T.);
#7709 = ORIENTED_EDGE('',*,*,#6677,.T.);
#7710 = ORIENTED_EDGE('',*,*,#6753,.T.);
#7711 = ORIENTED_EDGE('',*,*,#6829,.T.);
#7712 = ORIENTED_EDGE('',*,*,#6961,.T.);
#7713 = ORIENTED_EDGE('',*,*,#7253,.T.);
#7714 = ORIENTED_EDGE('',*,*,#7329,.T.);
#7715 = ORIENTED_EDGE('',*,*,#7400,.T.);
#7716 = FACE_BOUND('',#7717,.T.);
#7717 = EDGE_LOOP('',(#7718,#7719));
#7718 = ORIENTED_EDGE('',*,*,#7501,.T.);
#7719 = ORIENTED_EDGE('',*,*,#7572,.T.);
#7720 = MANIFOLD_SOLID_BREP('',#7721);
#7721 = CLOSED_SHELL('',(#7722,#7922,#8084,#8496,#8567,#8926,#8934));
#7722 = ADVANCED_FACE('',(#7723),#7737,.F.);
#7723 = FACE_BOUND('',#7724,.F.);
#7724 = EDGE_LOOP('',(#7725,#7840,#7868,#7896));
#7725 = ORIENTED_EDGE('',*,*,#7726,.T.);
#7726 = EDGE_CURVE('',#7727,#7729,#7731,.T.);
#7727 = VERTEX_POINT('',#7728);
#7728 = CARTESIAN_POINT('',(89.982517158339,13.967986631183,3.));
#7729 = VERTEX_POINT('',#7730);
#7730 = CARTESIAN_POINT('',(89.982517158339,13.967986631183,4.2));
#7731 = SURFACE_CURVE('',#7732,(#7736,#7748),.PCURVE_S1.);
#7732 = LINE('',#7733,#7734);
#7733 = CARTESIAN_POINT('',(89.982517158339,13.967986631183,3.));
#7734 = VECTOR('',#7735,1.);
#7735 = DIRECTION('',(0.,0.,1.));
#7736 = PCURVE('',#7737,#7742);
#7737 = PLANE('',#7738);
#7738 = AXIS2_PLACEMENT_3D('',#7739,#7740,#7741);
#7739 = CARTESIAN_POINT('',(89.982517158339,13.967986631183,3.));
#7740 = DIRECTION('',(-0.74084612022,0.67167479196,0.));
#7741 = DIRECTION('',(0.67167479196,0.74084612022,0.));
#7742 = DEFINITIONAL_REPRESENTATION('',(#7743),#7747);
#7743 = LINE('',#7744,#7745);
#7744 = CARTESIAN_POINT('',(0.,0.));
#7745 = VECTOR('',#7746,1.);
#7746 = DIRECTION('',(0.,-1.));
#7747 = ( GEOMETRIC_REPRESENTATION_CONTEXT(2) 
PARAMETRIC_REPRESENTATION_CONTEXT() REPRESENTATION_CONTEXT('2D SPACE',''
  ) );
#7748 = PCURVE('',#7749,#7834);
#7749 = SURFACE_OF_LINEAR_EXTRUSION('',#7750,#7832);
#7750 = B_SPLINE_CURVE_WITH_KNOTS('',8,(#7751,#7752,#7753,#7754,#7755,
    #7756,#7757,#7758,#7759,#7760,#7761,#7762,#7763,#7764,#7765,#7766,
    #7767,#7768,#7769,#7770,#7771,#7772,#7773,#7774,#7775,#7776,#7777,
    #7778,#7779,#7780,#7781,#7782,#7783,#7784,#7785,#7786,#7787,#7788,
    #7789,#7790,#7791,#7792,#7793,#7794,#7795,#7796,#7797,#7798,#7799,
    #7800,#7801,#7802,#7803,#7804,#7805,#7806,#7807,#7808,#7809,#7810,
    #7811,#7812,#7813,#7814,#7815,#7816,#7817,#7818,#7819,#7820,#7821,
    #7822,#7823,#7824,#7825,#7826,#7827,#7828,#7829,#7830,#7831),
  .UNSPECIFIED.,.F.,.F.,(9,6,6,6,6,6,6,6,6,6,6,6,6,9),(0.,
    7.647048244902E-02,0.153348445997,0.238496357036,0.307398170253,
    0.381677665565,0.461605425217,0.535456964133,0.61537617646,
    0.69244177988,0.76914205236,0.844185206462,0.92267634574,1.),
  .UNSPECIFIED.);
#7751 = CARTESIAN_POINT('',(83.627970289872,5.738304803697,3.));
#7752 = CARTESIAN_POINT('',(83.722602016465,5.62135202902,3.));
#7753 = CARTESIAN_POINT('',(84.312993699133,5.567923838777,3.));
#7754 = CARTESIAN_POINT('',(83.750380575481,5.518133472853,3.));
#7755 = CARTESIAN_POINT('',(84.901674599889,5.394305748376,3.));
#7756 = CARTESIAN_POINT('',(84.381876046439,5.402390807246,3.));
#7757 = CARTESIAN_POINT('',(84.923250619355,5.321101078393,3.));
#7758 = CARTESIAN_POINT('',(85.218157540288,5.247375973898,3.));
#7759 = CARTESIAN_POINT('',(85.758940997191,5.172345982848,3.));
#7760 = CARTESIAN_POINT('',(85.82708140857,5.157836500948,3.));
#7761 = CARTESIAN_POINT('',(86.251932701112,5.12141810307,3.));
#7762 = CARTESIAN_POINT('',(86.296583324864,5.115501061927,3.));
#7763 = CARTESIAN_POINT('',(86.594736128406,5.100446206187,3.));
#7764 = CARTESIAN_POINT('',(87.020133856725,5.087575739326,3.));
#7765 = CARTESIAN_POINT('',(87.509208993032,5.094079281173,3.));
#7766 = CARTESIAN_POINT('',(87.708617574381,5.10432941941,3.));
#7767 = CARTESIAN_POINT('',(88.007899720007,5.125763960355,3.));
#7768 = CARTESIAN_POINT('',(88.198126437967,5.14879102584,3.));
#7769 = CARTESIAN_POINT('',(88.461315521064,5.189138733104,3.));
#7770 = CARTESIAN_POINT('',(88.87879690393,5.274686301677,3.));
#7771 = CARTESIAN_POINT('',(89.303724153087,5.406842160412,3.));
#7772 = CARTESIAN_POINT('',(89.475556972701,5.469614504771,3.));
#7773 = CARTESIAN_POINT('',(89.67399521771,5.557226749109,3.000000000001
    ));
#7774 = CARTESIAN_POINT('',(89.830615890433,5.634035705169,
    2.999999999999));
#7775 = CARTESIAN_POINT('',(90.009023237584,5.743279348569,3.));
#7776 = CARTESIAN_POINT('',(90.335046986246,5.971294863937,3.));
#7777 = CARTESIAN_POINT('',(90.630697280356,6.265964914092,3.));
#7778 = CARTESIAN_POINT('',(90.753947120294,6.408569834031,
    2.999999999999));
#7779 = CARTESIAN_POINT('',(90.89517511429,6.625163534877,3.000000000001
    ));
#7780 = CARTESIAN_POINT('',(90.975106209232,6.764352388397,
    2.999999999999));
#7781 = CARTESIAN_POINT('',(91.069739443521,6.991222097471,3.));
#7782 = CARTESIAN_POINT('',(91.199587474858,7.384648621831,3.));
#7783 = CARTESIAN_POINT('',(91.272607675838,7.844254766137,3.));
#7784 = CARTESIAN_POINT('',(91.282712898723,8.014944982367,
    2.999999999999));
#7785 = CARTESIAN_POINT('',(91.289691863089,8.343986565242,
    3.000000000001));
#7786 = CARTESIAN_POINT('',(91.294762319127,8.466078971937,
    2.999999999999));
#7787 = CARTESIAN_POINT('',(91.251510248526,8.753808870257,3.));
#7788 = CARTESIAN_POINT('',(91.163833519898,9.147660801831,3.));
#7789 = CARTESIAN_POINT('',(90.982541765275,9.579062832313,3.));
#7790 = CARTESIAN_POINT('',(90.900799766337,9.717820561797,
    2.999999999999));
#7791 = CARTESIAN_POINT('',(90.755679397543,9.969249168926,3.));
#7792 = CARTESIAN_POINT('',(90.655982551813,10.066998528307,3.));
#7793 = CARTESIAN_POINT('',(90.498922259116,10.257031916991,3.));
#7794 = CARTESIAN_POINT('',(90.202773854004,10.552441975221,3.));
#7795 = CARTESIAN_POINT('',(89.854716877629,10.842012145643,3.));
#7796 = CARTESIAN_POINT('',(89.688127917086,10.955514502351,3.));
#7797 = CARTESIAN_POINT('',(89.477366515062,11.114097340004,3.));
#7798 = CARTESIAN_POINT('',(89.301383016319,11.203553270879,3.));
#7799 = CARTESIAN_POINT('',(89.099699333819,11.33174936709,3.));
#7800 = CARTESIAN_POINT('',(88.703666674326,11.529713548991,3.));
#7801 = CARTESIAN_POINT('',(88.30655293476,11.726974298813,3.));
#7802 = CARTESIAN_POINT('',(88.099665304275,11.828298024198,
    2.999999999999));
#7803 = CARTESIAN_POINT('',(87.93768804457,11.914452556757,
    3.000000000001));
#7804 = CARTESIAN_POINT('',(87.694491429013,12.026406908642,3.));
#7805 = CARTESIAN_POINT('',(87.538121913734,12.112715817502,3.));
#7806 = CARTESIAN_POINT('',(87.114613073946,12.313771934013,3.));
#7807 = CARTESIAN_POINT('',(86.766939643291,12.502103292833,3.));
#7808 = CARTESIAN_POINT('',(86.514246189158,12.687043967398,3.));
#7809 = CARTESIAN_POINT('',(86.486388254965,12.712910075654,
    3.000000000001));
#7810 = CARTESIAN_POINT('',(86.183576270727,12.983241711863,
    2.999999999999));
#7811 = CARTESIAN_POINT('',(86.135635724859,13.108147823903,3.));
#7812 = CARTESIAN_POINT('',(85.961284825923,13.55561328633,3.));
#7813 = CARTESIAN_POINT('',(86.017147420582,13.967894089356,3.));
#7814 = CARTESIAN_POINT('',(86.001845434948,14.190161694085,
    2.999999999999));
#7815 = CARTESIAN_POINT('',(86.141847548985,14.410987901785,
    3.000000000002));
#7816 = CARTESIAN_POINT('',(86.17975180678,14.578915350998,
    2.999999999999));
#7817 = CARTESIAN_POINT('',(86.413272358079,14.742800402021,3.));
#7818 = CARTESIAN_POINT('',(86.735214752471,14.956434076448,3.));
#7819 = CARTESIAN_POINT('',(87.229435256339,15.068403874406,3.));
#7820 = CARTESIAN_POINT('',(87.314237433731,15.069366979071,3.));
#7821 = CARTESIAN_POINT('',(87.793254127944,15.087717799656,3.));
#7822 = CARTESIAN_POINT('',(87.752726391692,15.091579010111,3.));
#7823 = CARTESIAN_POINT('',(88.129013385661,15.029125888104,3.));
#7824 = CARTESIAN_POINT('',(88.469755338441,14.93042141108,3.));
#7825 = CARTESIAN_POINT('',(88.95480803091,14.721617632833,3.));
#7826 = CARTESIAN_POINT('',(88.994231656135,14.652813101299,
    3.000000000001));
#7827 = CARTESIAN_POINT('',(89.455593506209,14.470555338367,
    2.999999999999));
#7828 = CARTESIAN_POINT('',(89.3316385166,14.401850485666,3.000000000001
    ));
#7829 = CARTESIAN_POINT('',(89.718734958185,14.249816462635,
    2.999999999999));
#7830 = CARTESIAN_POINT('',(89.792748584335,14.098884630304,3.));
#7831 = CARTESIAN_POINT('',(89.982517158339,13.967986631183,3.));
#7832 = VECTOR('',#7833,1.);
#7833 = DIRECTION('',(-0.,-0.,-1.));
#7834 = DEFINITIONAL_REPRESENTATION('',(#7835),#7839);
#7835 = LINE('',#7836,#7837);
#7836 = CARTESIAN_POINT('',(1.,0.));
#7837 = VECTOR('',#7838,1.);
#7838 = DIRECTION('',(0.,-1.));
#7839 = ( GEOMETRIC_REPRESENTATION_CONTEXT(2) 
PARAMETRIC_REPRESENTATION_CONTEXT() REPRESENTATION_CONTEXT('2D SPACE',''
  ) );
#7840 = ORIENTED_EDGE('',*,*,#7841,.T.);
#7841 = EDGE_CURVE('',#7729,#7842,#7844,.T.);
#7842 = VERTEX_POINT('',#7843);
#7843 = CARTESIAN_POINT('',(91.290429073398,15.410591712481,4.2));
#7844 = SURFACE_CURVE('',#7845,(#7849,#7856),.PCURVE_S1.);
#7845 = LINE('',#7846,#7847);
#7846 = CARTESIAN_POINT('',(89.982517158339,13.967986631183,4.2));
#7847 = VECTOR('',#7848,1.);
#7848 = DIRECTION('',(0.67167479196,0.74084612022,0.));
#7849 = PCURVE('',#7737,#7850);
#7850 = DEFINITIONAL_REPRESENTATION('',(#7851),#7855);
#7851 = LINE('',#7852,#7853);
#7852 = CARTESIAN_POINT('',(0.,-1.2));
#7853 = VECTOR('',#7854,1.);
#7854 = DIRECTION('',(1.,0.));
#7855 = ( GEOMETRIC_REPRESENTATION_CONTEXT(2) 
PARAMETRIC_REPRESENTATION_CONTEXT() REPRESENTATION_CONTEXT('2D SPACE',''
  ) );
#7856 = PCURVE('',#7857,#7862);
#7857 = PLANE('',#7858);
#7858 = AXIS2_PLACEMENT_3D('',#7859,#7860,#7861);
#7859 = CARTESIAN_POINT('',(87.482749144402,10.856624219308,4.2));
#7860 = DIRECTION('',(0.,0.,1.));
#7861 = DIRECTION('',(1.,0.,-0.));
#7862 = DEFINITIONAL_REPRESENTATION('',(#7863),#7867);
#7863 = LINE('',#7864,#7865);
#7864 = CARTESIAN_POINT('',(2.499768013936,3.111362411875));
#7865 = VECTOR('',#7866,1.);
#7866 = DIRECTION('',(0.67167479196,0.74084612022));
#7867 = ( GEOMETRIC_REPRESENTATION_CONTEXT(2) 
PARAMETRIC_REPRESENTATION_CONTEXT() REPRESENTATION_CONTEXT('2D SPACE',''
  ) );
#7868 = ORIENTED_EDGE('',*,*,#7869,.F.);
#7869 = EDGE_CURVE('',#7870,#7842,#7872,.T.);
#7870 = VERTEX_POINT('',#7871);
#7871 = CARTESIAN_POINT('',(91.290429073398,15.410591712481,3.));
#7872 = SURFACE_CURVE('',#7873,(#7877,#7884),.PCURVE_S1.);
#7873 = LINE('',#7874,#7875);
#7874 = CARTESIAN_POINT('',(91.290429073398,15.410591712481,3.));
#7875 = VECTOR('',#7876,1.);
#7876 = DIRECTION('',(0.,0.,1.));
#7877 = PCURVE('',#7737,#7878);
#7878 = DEFINITIONAL_REPRESENTATION('',(#7879),#7883);
#7879 = LINE('',#7880,#7881);
#7880 = CARTESIAN_POINT('',(1.947239840939,0.));
#7881 = VECTOR('',#7882,1.);
#7882 = DIRECTION('',(0.,-1.));
#7883 = ( GEOMETRIC_REPRESENTATION_CONTEXT(2) 
PARAMETRIC_REPRESENTATION_CONTEXT() REPRESENTATION_CONTEXT('2D SPACE',''
  ) );
#7884 = PCURVE('',#7885,#7890);
#7885 = PLANE('',#7886);
#7886 = AXIS2_PLACEMENT_3D('',#7887,#7888,#7889);
#7887 = CARTESIAN_POINT('',(91.290429073398,15.410591712481,3.));
#7888 = DIRECTION('',(-0.959171376412,-0.282825512768,0.));
#7889 = DIRECTION('',(-0.282825512768,0.959171376412,0.));
#7890 = DEFINITIONAL_REPRESENTATION('',(#7891),#7895);
#7891 = LINE('',#7892,#7893);
#7892 = CARTESIAN_POINT('',(0.,0.));
#7893 = VECTOR('',#7894,1.);
#7894 = DIRECTION('',(0.,-1.));
#7895 = ( GEOMETRIC_REPRESENTATION_CONTEXT(2) 
PARAMETRIC_REPRESENTATION_CONTEXT() REPRESENTATION_CONTEXT('2D SPACE',''
  ) );
#7896 = ORIENTED_EDGE('',*,*,#7897,.F.);
#7897 = EDGE_CURVE('',#7727,#7870,#7898,.T.);
#7898 = SURFACE_CURVE('',#7899,(#7903,#7910),.PCURVE_S1.);
#7899 = LINE('',#7900,#7901);
#7900 = CARTESIAN_POINT('',(89.982517158339,13.967986631183,3.));
#7901 = VECTOR('',#7902,1.);
#7902 = DIRECTION('',(0.67167479196,0.74084612022,0.));
#7903 = PCURVE('',#7737,#7904);
#7904 = DEFINITIONAL_REPRESENTATION('',(#7905),#7909);
#7905 = LINE('',#7906,#7907);
#7906 = CARTESIAN_POINT('',(0.,0.));
#7907 = VECTOR('',#7908,1.);
#7908 = DIRECTION('',(1.,0.));
#7909 = ( GEOMETRIC_REPRESENTATION_CONTEXT(2) 
PARAMETRIC_REPRESENTATION_CONTEXT() REPRESENTATION_CONTEXT('2D SPACE',''
  ) );
#7910 = PCURVE('',#7911,#7916);
#7911 = PLANE('',#7912);
#7912 = AXIS2_PLACEMENT_3D('',#7913,#7914,#7915);
#7913 = CARTESIAN_POINT('',(87.482749144402,10.856624219308,3.));
#7914 = DIRECTION('',(0.,0.,1.));
#7915 = DIRECTION('',(1.,0.,-0.));
#7916 = DEFINITIONAL_REPRESENTATION('',(#7917),#7921);
#7917 = LINE('',#7918,#7919);
#7918 = CARTESIAN_POINT('',(2.499768013936,3.111362411875));
#7919 = VECTOR('',#7920,1.);
#7920 = DIRECTION('',(0.67167479196,0.74084612022));
#7921 = ( GEOMETRIC_REPRESENTATION_CONTEXT(2) 
PARAMETRIC_REPRESENTATION_CONTEXT() REPRESENTATION_CONTEXT('2D SPACE',''
  ) );
#7922 = ADVANCED_FACE('',(#7923),#7885,.F.);
#7923 = FACE_BOUND('',#7924,.F.);
#7924 = EDGE_LOOP('',(#7925,#7926,#7949,#8063));
#7925 = ORIENTED_EDGE('',*,*,#7869,.T.);
#7926 = ORIENTED_EDGE('',*,*,#7927,.T.);
#7927 = EDGE_CURVE('',#7842,#7928,#7930,.T.);
#7928 = VERTEX_POINT('',#7929);
#7929 = CARTESIAN_POINT('',(91.27379326922,15.467010198336,4.2));
#7930 = SURFACE_CURVE('',#7931,(#7935,#7942),.PCURVE_S1.);
#7931 = LINE('',#7932,#7933);
#7932 = CARTESIAN_POINT('',(91.290429073398,15.410591712481,4.2));
#7933 = VECTOR('',#7934,1.);
#7934 = DIRECTION('',(-0.282825512768,0.959171376412,0.));
#7935 = PCURVE('',#7885,#7936);
#7936 = DEFINITIONAL_REPRESENTATION('',(#7937),#7941);
#7937 = LINE('',#7938,#7939);
#7938 = CARTESIAN_POINT('',(0.,-1.2));
#7939 = VECTOR('',#7940,1.);
#7940 = DIRECTION('',(1.,0.));
#7941 = ( GEOMETRIC_REPRESENTATION_CONTEXT(2) 
PARAMETRIC_REPRESENTATION_CONTEXT() REPRESENTATION_CONTEXT('2D SPACE',''
  ) );
#7942 = PCURVE('',#7857,#7943);
#7943 = DEFINITIONAL_REPRESENTATION('',(#7944),#7948);
#7944 = LINE('',#7945,#7946);
#7945 = CARTESIAN_POINT('',(3.807679928996,4.553967493173));
#7946 = VECTOR('',#7947,1.);
#7947 = DIRECTION('',(-0.282825512768,0.959171376412));
#7948 = ( GEOMETRIC_REPRESENTATION_CONTEXT(2) 
PARAMETRIC_REPRESENTATION_CONTEXT() REPRESENTATION_CONTEXT('2D SPACE',''
  ) );
#7949 = ORIENTED_EDGE('',*,*,#7950,.F.);
#7950 = EDGE_CURVE('',#7951,#7928,#7953,.T.);
#7951 = VERTEX_POINT('',#7952);
#7952 = CARTESIAN_POINT('',(91.27379326922,15.467010198336,3.));
#7953 = SURFACE_CURVE('',#7954,(#7958,#7965),.PCURVE_S1.);
#7954 = LINE('',#7955,#7956);
#7955 = CARTESIAN_POINT('',(91.27379326922,15.467010198336,3.));
#7956 = VECTOR('',#7957,1.);
#7957 = DIRECTION('',(0.,0.,1.));
#7958 = PCURVE('',#7885,#7959);
#7959 = DEFINITIONAL_REPRESENTATION('',(#7960),#7964);
#7960 = LINE('',#7961,#7962);
#7961 = CARTESIAN_POINT('',(5.882002657985E-02,0.));
#7962 = VECTOR('',#7963,1.);
#7963 = DIRECTION('',(0.,-1.));
#7964 = ( GEOMETRIC_REPRESENTATION_CONTEXT(2) 
PARAMETRIC_REPRESENTATION_CONTEXT() REPRESENTATION_CONTEXT('2D SPACE',''
  ) );
#7965 = PCURVE('',#7966,#8057);
#7966 = SURFACE_OF_LINEAR_EXTRUSION('',#7967,#8055);
#7967 = B_SPLINE_CURVE_WITH_KNOTS('',8,(#7968,#7969,#7970,#7971,#7972,
    #7973,#7974,#7975,#7976,#7977,#7978,#7979,#7980,#7981,#7982,#7983,
    #7984,#7985,#7986,#7987,#7988,#7989,#7990,#7991,#7992,#7993,#7994,
    #7995,#7996,#7997,#7998,#7999,#8000,#8001,#8002,#8003,#8004,#8005,
    #8006,#8007,#8008,#8009,#8010,#8011,#8012,#8013,#8014,#8015,#8016,
    #8017,#8018,#8019,#8020,#8021,#8022,#8023,#8024,#8025,#8026,#8027,
    #8028,#8029,#8030,#8031,#8032,#8033,#8034,#8035,#8036,#8037,#8038,
    #8039,#8040,#8041,#8042,#8043,#8044,#8045,#8046,#8047,#8048,#8049,
    #8050,#8051,#8052,#8053,#8054),.UNSPECIFIED.,.F.,.F.,(9,6,6,6,6,6,6,
    6,6,6,6,6,6,6,9),(0.,7.162605002397E-02,0.141848370474,
    0.219608953131,0.286503069479,0.354479594121,0.42932601145,
    0.499079953732,0.570317714442,0.643289502789,0.71650241045,
    0.786190052343,0.857516783718,0.928955806354,1.),.UNSPECIFIED.);
#7968 = CARTESIAN_POINT('',(91.27379326922,15.467010198336,3.));
#7969 = CARTESIAN_POINT('',(91.117823236054,15.612307711633,3.));
#7970 = CARTESIAN_POINT('',(90.955510025486,15.751362252757,
    3.000000000001));
#7971 = CARTESIAN_POINT('',(90.788254639047,15.882725991066,
    2.999999999998));
#7972 = CARTESIAN_POINT('',(90.613052333313,16.007511890879,
    3.000000000002));
#7973 = CARTESIAN_POINT('',(90.434682155494,16.122596964962,
    2.999999999999));
#7974 = CARTESIAN_POINT('',(90.248848681772,16.229848444461,3.));
#7975 = CARTESIAN_POINT('',(89.873300608879,16.422699098228,3.));
#7976 = CARTESIAN_POINT('',(89.479494362463,16.578321962812,3.));
#7977 = CARTESIAN_POINT('',(89.282568092813,16.645068676312,
    2.999999999999));
#7978 = CARTESIAN_POINT('',(89.078375883126,16.704078699276,
    3.000000000001));
#7979 = CARTESIAN_POINT('',(88.87782629838,16.751319311676,
    2.999999999999));
#7980 = CARTESIAN_POINT('',(88.670018765719,16.791321289222,3.));
#7981 = CARTESIAN_POINT('',(88.235330880561,16.854965128963,3.));
#7982 = CARTESIAN_POINT('',(87.793397002158,16.882085834919,3.));
#7983 = CARTESIAN_POINT('',(87.565205820277,16.885659127295,3.));
#7984 = CARTESIAN_POINT('',(87.327111470929,16.879519408666,3.));
#7985 = CARTESIAN_POINT('',(87.102026508438,16.870696958952,3.));
#7986 = CARTESIAN_POINT('',(86.867564741147,16.846251280193,3.));
#7987 = CARTESIAN_POINT('',(86.442602547527,16.783505128708,3.));
#7988 = CARTESIAN_POINT('',(86.024110848648,16.674153002242,3.));
#7989 = CARTESIAN_POINT('',(85.835307746019,16.613675071843,
    3.000000000001));
#7990 = CARTESIAN_POINT('',(85.647803071388,16.541062898142,
    2.999999999999));
#7991 = CARTESIAN_POINT('',(85.466713908092,16.455300631524,
    3.000000000001));
#7992 = CARTESIAN_POINT('',(85.293032226507,16.358086189349,3.));
#7993 = CARTESIAN_POINT('',(84.957667263146,16.132097330554,
    3.000000000001));
#7994 = CARTESIAN_POINT('',(84.665665851236,15.857811025873,
    2.999999999999));
#7995 = CARTESIAN_POINT('',(84.525622534523,15.701914922354,
    3.000000000002));
#7996 = CARTESIAN_POINT('',(84.411628163776,15.547738575131,
    2.999999999997));
#7997 = CARTESIAN_POINT('',(84.297320181098,15.361638972842,
    3.000000000002));
#7998 = CARTESIAN_POINT('',(84.213028703099,15.186663402996,
    2.999999999999));
#7999 = CARTESIAN_POINT('',(84.054934630511,14.783775859975,
    3.000000000001));
#8000 = CARTESIAN_POINT('',(83.969979901135,14.372802195158,
    2.999999999999));
#8001 = CARTESIAN_POINT('',(83.931306640215,14.138147319425,
    3.000000000002));
#8002 = CARTESIAN_POINT('',(83.935279564996,13.937305305059,
    2.999999999998));
#8003 = CARTESIAN_POINT('',(83.912778725393,13.692311182359,
    3.000000000001));
#8004 = CARTESIAN_POINT('',(83.928659185381,13.48048282424,3.));
#8005 = CARTESIAN_POINT('',(83.983823125855,13.046111475982,3.));
#8006 = CARTESIAN_POINT('',(84.107886129178,12.637863508434,3.));
#8007 = CARTESIAN_POINT('',(84.184234427774,12.435049913162,
    3.000000000001));
#8008 = CARTESIAN_POINT('',(84.275628905836,12.260800083215,
    2.999999999998));
#8009 = CARTESIAN_POINT('',(84.382699671937,12.068233163196,
    3.000000000002));
#8010 = CARTESIAN_POINT('',(84.503118111221,11.905062053625,
    2.999999999999));
#8011 = CARTESIAN_POINT('',(84.769009564188,11.575792840602,
    3.000000000001));
#8012 = CARTESIAN_POINT('',(85.070132665995,11.28606879317,
    2.999999999999));
#8013 = CARTESIAN_POINT('',(85.234246558971,11.143327201198,
    3.000000000001));
#8014 = CARTESIAN_POINT('',(85.396548978445,11.020227975931,
    2.999999999998));
#8015 = CARTESIAN_POINT('',(85.577727046725,10.891585951736,
    3.000000000001));
#8016 = CARTESIAN_POINT('',(85.752204260712,10.782000870648,3.));
#8017 = CARTESIAN_POINT('',(86.127434337357,10.564071775649,3.));
#8018 = CARTESIAN_POINT('',(86.509722017503,10.379048958949,3.));
#8019 = CARTESIAN_POINT('',(86.722260578984,10.294243811766,3.));
#8020 = CARTESIAN_POINT('',(86.889704290676,10.19443639421,3.));
#8021 = CARTESIAN_POINT('',(87.115977133067,10.099361357393,
    2.999999999999));
#8022 = CARTESIAN_POINT('',(87.292773853956,10.012553485588,3.));
#8023 = CARTESIAN_POINT('',(87.69946648835,9.817475537768,3.));
#8024 = CARTESIAN_POINT('',(88.076957892991,9.642345226029,3.));
#8025 = CARTESIAN_POINT('',(88.303757962838,9.504815584042,
    2.999999999999));
#8026 = CARTESIAN_POINT('',(88.458241632387,9.53096633955,3.000000000001
    ));
#8027 = CARTESIAN_POINT('',(88.690663619899,9.295727374833,3.));
#8028 = CARTESIAN_POINT('',(88.836055025902,9.206043388665,3.));
#8029 = CARTESIAN_POINT('',(89.113804859937,8.847496790301,3.));
#8030 = CARTESIAN_POINT('',(89.221397197462,8.435821746557,3.));
#8031 = CARTESIAN_POINT('',(89.242260526943,8.237346856533,
    3.000000000001));
#8032 = CARTESIAN_POINT('',(89.184582332633,7.97609035433,2.999999999999
    ));
#8033 = CARTESIAN_POINT('',(89.214658448051,7.834435266604,
    3.000000000001));
#8034 = CARTESIAN_POINT('',(89.069654459546,7.589831822512,3.));
#8035 = CARTESIAN_POINT('',(88.822688588004,7.288750849535,3.));
#8036 = CARTESIAN_POINT('',(88.416538910355,7.065055454987,3.));
#8037 = CARTESIAN_POINT('',(88.258752118769,7.027229781455,
    3.000000000001));
#8038 = CARTESIAN_POINT('',(87.973223826136,6.937851245884,
    2.999999999999));
#8039 = CARTESIAN_POINT('',(87.836279013282,6.941517989187,
    3.000000000001));
#8040 = CARTESIAN_POINT('',(87.582788497779,6.90904459528,3.));
#8041 = CARTESIAN_POINT('',(87.179660479937,6.903129305399,3.));
#8042 = CARTESIAN_POINT('',(86.733028914512,6.920542592911,3.));
#8043 = CARTESIAN_POINT('',(86.561334730581,6.948176794535,
    3.000000000001));
#8044 = CARTESIAN_POINT('',(86.278116247723,6.960833876435,
    2.999999999999));
#8045 = CARTESIAN_POINT('',(86.14270538746,7.010266384522,3.000000000001
    ));
#8046 = CARTESIAN_POINT('',(85.888313834609,7.039076620808,3.));
#8047 = CARTESIAN_POINT('',(85.501279818578,7.139648530161,3.));
#8048 = CARTESIAN_POINT('',(85.063874692092,7.240316223081,3.));
#8049 = CARTESIAN_POINT('',(84.913822548735,7.34502800391,3.000000000001
    ));
#8050 = CARTESIAN_POINT('',(84.624423031008,7.287503635326,
    2.999999999998));
#8051 = CARTESIAN_POINT('',(84.506686888832,7.56284312923,3.000000000002
    ));
#8052 = CARTESIAN_POINT('',(84.268234001075,7.421521077783,
    2.999999999999));
#8053 = CARTESIAN_POINT('',(84.082374826705,7.649387264909,3.));
#8054 = CARTESIAN_POINT('',(83.882195941837,7.668877857488,3.));
#8055 = VECTOR('',#8056,1.);
#8056 = DIRECTION('',(-0.,-0.,-1.));
#8057 = DEFINITIONAL_REPRESENTATION('',(#8058),#8062);
#8058 = LINE('',#8059,#8060);
#8059 = CARTESIAN_POINT('',(0.,0.));
#8060 = VECTOR('',#8061,1.);
#8061 = DIRECTION('',(0.,-1.));
#8062 = ( GEOMETRIC_REPRESENTATION_CONTEXT(2) 
PARAMETRIC_REPRESENTATION_CONTEXT() REPRESENTATION_CONTEXT('2D SPACE',''
  ) );
#8063 = ORIENTED_EDGE('',*,*,#8064,.F.);
#8064 = EDGE_CURVE('',#7870,#7951,#8065,.T.);
#8065 = SURFACE_CURVE('',#8066,(#8070,#8077),.PCURVE_S1.);
#8066 = LINE('',#8067,#8068);
#8067 = CARTESIAN_POINT('',(91.290429073398,15.410591712481,3.));
#8068 = VECTOR('',#8069,1.);
#8069 = DIRECTION('',(-0.282825512768,0.959171376412,0.));
#8070 = PCURVE('',#7885,#8071);
#8071 = DEFINITIONAL_REPRESENTATION('',(#8072),#8076);
#8072 = LINE('',#8073,#8074);
#8073 = CARTESIAN_POINT('',(0.,0.));
#8074 = VECTOR('',#8075,1.);
#8075 = DIRECTION('',(1.,0.));
#8076 = ( GEOMETRIC_REPRESENTATION_CONTEXT(2) 
PARAMETRIC_REPRESENTATION_CONTEXT() REPRESENTATION_CONTEXT('2D SPACE',''
  ) );
#8077 = PCURVE('',#7911,#8078);
#8078 = DEFINITIONAL_REPRESENTATION('',(#8079),#8083);
#8079 = LINE('',#8080,#8081);
#8080 = CARTESIAN_POINT('',(3.807679928996,4.553967493173));
#8081 = VECTOR('',#8082,1.);
#8082 = DIRECTION('',(-0.282825512768,0.959171376412));
#8083 = ( GEOMETRIC_REPRESENTATION_CONTEXT(2) 
PARAMETRIC_REPRESENTATION_CONTEXT() REPRESENTATION_CONTEXT('2D SPACE',''
  ) );
#8084 = ADVANCED_FACE('',(#8085),#7966,.F.);
#8085 = FACE_BOUND('',#8086,.F.);
#8086 = EDGE_LOOP('',(#8087,#8088,#8279,#8307));
#8087 = ORIENTED_EDGE('',*,*,#7950,.T.);
#8088 = ORIENTED_EDGE('',*,*,#8089,.T.);
#8089 = EDGE_CURVE('',#7928,#8090,#8092,.T.);
#8090 = VERTEX_POINT('',#8091);
#8091 = CARTESIAN_POINT('',(83.882195941837,7.668877857488,4.2));
#8092 = SURFACE_CURVE('',#8093,(#8181,#8188),.PCURVE_S1.);
#8093 = B_SPLINE_CURVE_WITH_KNOTS('',8,(#8094,#8095,#8096,#8097,#8098,
    #8099,#8100,#8101,#8102,#8103,#8104,#8105,#8106,#8107,#8108,#8109,
    #8110,#8111,#8112,#8113,#8114,#8115,#8116,#8117,#8118,#8119,#8120,
    #8121,#8122,#8123,#8124,#8125,#8126,#8127,#8128,#8129,#8130,#8131,
    #8132,#8133,#8134,#8135,#8136,#8137,#8138,#8139,#8140,#8141,#8142,
    #8143,#8144,#8145,#8146,#8147,#8148,#8149,#8150,#8151,#8152,#8153,
    #8154,#8155,#8156,#8157,#8158,#8159,#8160,#8161,#8162,#8163,#8164,
    #8165,#8166,#8167,#8168,#8169,#8170,#8171,#8172,#8173,#8174,#8175,
    #8176,#8177,#8178,#8179,#8180),.UNSPECIFIED.,.F.,.F.,(9,6,6,6,6,6,6,
    6,6,6,6,6,6,6,9),(0.,7.162605002397E-02,0.141848370474,
    0.219608953131,0.286503069479,0.354479594121,0.42932601145,
    0.499079953732,0.570317714442,0.643289502789,0.71650241045,
    0.786190052343,0.857516783718,0.928955806354,1.),.UNSPECIFIED.);
#8094 = CARTESIAN_POINT('',(91.27379326922,15.467010198336,4.2));
#8095 = CARTESIAN_POINT('',(91.117823236054,15.612307711633,4.2));
#8096 = CARTESIAN_POINT('',(90.955510025486,15.751362252757,
    4.200000000001));
#8097 = CARTESIAN_POINT('',(90.788254639047,15.882725991066,
    4.199999999998));
#8098 = CARTESIAN_POINT('',(90.613052333313,16.007511890879,
    4.200000000002));
#8099 = CARTESIAN_POINT('',(90.434682155494,16.122596964962,
    4.199999999999));
#8100 = CARTESIAN_POINT('',(90.248848681772,16.229848444461,4.2));
#8101 = CARTESIAN_POINT('',(89.873300608879,16.422699098228,4.2));
#8102 = CARTESIAN_POINT('',(89.479494362463,16.578321962812,4.2));
#8103 = CARTESIAN_POINT('',(89.282568092813,16.645068676312,
    4.199999999999));
#8104 = CARTESIAN_POINT('',(89.078375883126,16.704078699276,
    4.200000000001));
#8105 = CARTESIAN_POINT('',(88.87782629838,16.751319311676,
    4.199999999999));
#8106 = CARTESIAN_POINT('',(88.670018765719,16.791321289222,4.2));
#8107 = CARTESIAN_POINT('',(88.235330880561,16.854965128963,4.2));
#8108 = CARTESIAN_POINT('',(87.793397002158,16.882085834919,4.2));
#8109 = CARTESIAN_POINT('',(87.565205820277,16.885659127295,4.2));
#8110 = CARTESIAN_POINT('',(87.327111470929,16.879519408666,4.2));
#8111 = CARTESIAN_POINT('',(87.102026508438,16.870696958952,4.2));
#8112 = CARTESIAN_POINT('',(86.867564741147,16.846251280193,4.2));
#8113 = CARTESIAN_POINT('',(86.442602547527,16.783505128708,4.2));
#8114 = CARTESIAN_POINT('',(86.024110848648,16.674153002242,4.2));
#8115 = CARTESIAN_POINT('',(85.835307746019,16.613675071843,
    4.200000000001));
#8116 = CARTESIAN_POINT('',(85.647803071388,16.541062898142,
    4.199999999999));
#8117 = CARTESIAN_POINT('',(85.466713908092,16.455300631524,
    4.200000000001));
#8118 = CARTESIAN_POINT('',(85.293032226507,16.358086189349,4.2));
#8119 = CARTESIAN_POINT('',(84.957667263146,16.132097330554,
    4.200000000001));
#8120 = CARTESIAN_POINT('',(84.665665851236,15.857811025873,
    4.199999999999));
#8121 = CARTESIAN_POINT('',(84.525622534523,15.701914922354,
    4.200000000002));
#8122 = CARTESIAN_POINT('',(84.411628163776,15.547738575131,
    4.199999999997));
#8123 = CARTESIAN_POINT('',(84.297320181098,15.361638972842,
    4.200000000002));
#8124 = CARTESIAN_POINT('',(84.213028703099,15.186663402996,
    4.199999999999));
#8125 = CARTESIAN_POINT('',(84.054934630511,14.783775859975,
    4.200000000001));
#8126 = CARTESIAN_POINT('',(83.969979901135,14.372802195158,
    4.199999999999));
#8127 = CARTESIAN_POINT('',(83.931306640215,14.138147319425,
    4.200000000002));
#8128 = CARTESIAN_POINT('',(83.935279564996,13.937305305059,
    4.199999999998));
#8129 = CARTESIAN_POINT('',(83.912778725393,13.692311182359,
    4.200000000001));
#8130 = CARTESIAN_POINT('',(83.928659185381,13.48048282424,4.2));
#8131 = CARTESIAN_POINT('',(83.983823125855,13.046111475982,4.2));
#8132 = CARTESIAN_POINT('',(84.107886129178,12.637863508434,4.2));
#8133 = CARTESIAN_POINT('',(84.184234427774,12.435049913162,
    4.200000000001));
#8134 = CARTESIAN_POINT('',(84.275628905836,12.260800083215,
    4.199999999998));
#8135 = CARTESIAN_POINT('',(84.382699671937,12.068233163196,
    4.200000000002));
#8136 = CARTESIAN_POINT('',(84.503118111221,11.905062053625,
    4.199999999999));
#8137 = CARTESIAN_POINT('',(84.769009564188,11.575792840602,
    4.200000000001));
#8138 = CARTESIAN_POINT('',(85.070132665995,11.28606879317,
    4.199999999999));
#8139 = CARTESIAN_POINT('',(85.234246558971,11.143327201198,
    4.200000000001));
#8140 = CARTESIAN_POINT('',(85.396548978445,11.020227975931,
    4.199999999998));
#8141 = CARTESIAN_POINT('',(85.577727046725,10.891585951736,
    4.200000000001));
#8142 = CARTESIAN_POINT('',(85.752204260712,10.782000870648,4.2));
#8143 = CARTESIAN_POINT('',(86.127434337357,10.564071775649,4.2));
#8144 = CARTESIAN_POINT('',(86.509722017503,10.379048958949,4.2));
#8145 = CARTESIAN_POINT('',(86.722260578984,10.294243811766,4.2));
#8146 = CARTESIAN_POINT('',(86.889704290676,10.19443639421,4.2));
#8147 = CARTESIAN_POINT('',(87.115977133067,10.099361357393,
    4.199999999999));
#8148 = CARTESIAN_POINT('',(87.292773853956,10.012553485588,4.2));
#8149 = CARTESIAN_POINT('',(87.69946648835,9.817475537768,4.2));
#8150 = CARTESIAN_POINT('',(88.076957892991,9.642345226029,4.2));
#8151 = CARTESIAN_POINT('',(88.303757962838,9.504815584042,
    4.199999999999));
#8152 = CARTESIAN_POINT('',(88.458241632387,9.53096633955,4.200000000001
    ));
#8153 = CARTESIAN_POINT('',(88.690663619899,9.295727374833,4.2));
#8154 = CARTESIAN_POINT('',(88.836055025902,9.206043388665,4.2));
#8155 = CARTESIAN_POINT('',(89.113804859937,8.847496790301,4.2));
#8156 = CARTESIAN_POINT('',(89.221397197462,8.435821746557,4.2));
#8157 = CARTESIAN_POINT('',(89.242260526943,8.237346856533,
    4.200000000001));
#8158 = CARTESIAN_POINT('',(89.184582332633,7.97609035433,4.199999999999
    ));
#8159 = CARTESIAN_POINT('',(89.214658448051,7.834435266604,
    4.200000000001));
#8160 = CARTESIAN_POINT('',(89.069654459546,7.589831822512,4.2));
#8161 = CARTESIAN_POINT('',(88.822688588004,7.288750849535,4.2));
#8162 = CARTESIAN_POINT('',(88.416538910355,7.065055454987,4.2));
#8163 = CARTESIAN_POINT('',(88.258752118769,7.027229781455,
    4.200000000001));
#8164 = CARTESIAN_POINT('',(87.973223826136,6.937851245884,
    4.199999999999));
#8165 = CARTESIAN_POINT('',(87.836279013282,6.941517989187,
    4.200000000001));
#8166 = CARTESIAN_POINT('',(87.582788497779,6.90904459528,4.2));
#8167 = CARTESIAN_POINT('',(87.179660479937,6.903129305399,4.2));
#8168 = CARTESIAN_POINT('',(86.733028914512,6.920542592911,4.2));
#8169 = CARTESIAN_POINT('',(86.561334730581,6.948176794535,
    4.200000000001));
#8170 = CARTESIAN_POINT('',(86.278116247723,6.960833876435,
    4.199999999999));
#8171 = CARTESIAN_POINT('',(86.14270538746,7.010266384522,4.200000000001
    ));
#8172 = CARTESIAN_POINT('',(85.888313834609,7.039076620808,4.2));
#8173 = CARTESIAN_POINT('',(85.501279818578,7.139648530161,4.2));
#8174 = CARTESIAN_POINT('',(85.063874692092,7.240316223081,4.2));
#8175 = CARTESIAN_POINT('',(84.913822548735,7.34502800391,4.200000000001
    ));
#8176 = CARTESIAN_POINT('',(84.624423031008,7.287503635326,
    4.199999999998));
#8177 = CARTESIAN_POINT('',(84.506686888832,7.56284312923,4.200000000002
    ));
#8178 = CARTESIAN_POINT('',(84.268234001075,7.421521077783,
    4.199999999999));
#8179 = CARTESIAN_POINT('',(84.082374826705,7.649387264909,4.2));
#8180 = CARTESIAN_POINT('',(83.882195941837,7.668877857488,4.2));
#8181 = PCURVE('',#7966,#8182);
#8182 = DEFINITIONAL_REPRESENTATION('',(#8183),#8187);
#8183 = LINE('',#8184,#8185);
#8184 = CARTESIAN_POINT('',(0.,-1.2));
#8185 = VECTOR('',#8186,1.);
#8186 = DIRECTION('',(1.,0.));
#8187 = ( GEOMETRIC_REPRESENTATION_CONTEXT(2) 
PARAMETRIC_REPRESENTATION_CONTEXT() REPRESENTATION_CONTEXT('2D SPACE',''
  ) );
#8188 = PCURVE('',#7857,#8189);
#8189 = DEFINITIONAL_REPRESENTATION('',(#8190),#8278);
#8190 = B_SPLINE_CURVE_WITH_KNOTS('',8,(#8191,#8192,#8193,#8194,#8195,
    #8196,#8197,#8198,#8199,#8200,#8201,#8202,#8203,#8204,#8205,#8206,
    #8207,#8208,#8209,#8210,#8211,#8212,#8213,#8214,#8215,#8216,#8217,
    #8218,#8219,#8220,#8221,#8222,#8223,#8224,#8225,#8226,#8227,#8228,
    #8229,#8230,#8231,#8232,#8233,#8234,#8235,#8236,#8237,#8238,#8239,
    #8240,#8241,#8242,#8243,#8244,#8245,#8246,#8247,#8248,#8249,#8250,
    #8251,#8252,#8253,#8254,#8255,#8256,#8257,#8258,#8259,#8260,#8261,
    #8262,#8263,#8264,#8265,#8266,#8267,#8268,#8269,#8270,#8271,#8272,
    #8273,#8274,#8275,#8276,#8277),.UNSPECIFIED.,.F.,.F.,(9,6,6,6,6,6,6,
    6,6,6,6,6,6,6,9),(0.,7.162605002397E-02,0.141848370474,
    0.219608953131,0.286503069479,0.354479594121,0.42932601145,
    0.499079953732,0.570317714442,0.643289502789,0.71650241045,
    0.786190052343,0.857516783718,0.928955806354,1.),.UNSPECIFIED.);
#8191 = CARTESIAN_POINT('',(3.791044124817,4.610385979028));
#8192 = CARTESIAN_POINT('',(3.635074091652,4.755683492325));
#8193 = CARTESIAN_POINT('',(3.472760881084,4.894738033449));
#8194 = CARTESIAN_POINT('',(3.305505494645,5.026101771758));
#8195 = CARTESIAN_POINT('',(3.130303188911,5.150887671571));
#8196 = CARTESIAN_POINT('',(2.951933011092,5.265972745654));
#8197 = CARTESIAN_POINT('',(2.76609953737,5.373224225153));
#8198 = CARTESIAN_POINT('',(2.390551464477,5.56607487892));
#8199 = CARTESIAN_POINT('',(1.996745218061,5.721697743504));
#8200 = CARTESIAN_POINT('',(1.799818948411,5.788444457004));
#8201 = CARTESIAN_POINT('',(1.595626738724,5.847454479968));
#8202 = CARTESIAN_POINT('',(1.395077153978,5.894695092368));
#8203 = CARTESIAN_POINT('',(1.187269621317,5.934697069914));
#8204 = CARTESIAN_POINT('',(0.752581736159,5.998340909655));
#8205 = CARTESIAN_POINT('',(0.310647857756,6.025461615611));
#8206 = CARTESIAN_POINT('',(8.245667587444E-02,6.029034907987));
#8207 = CARTESIAN_POINT('',(-0.155637673473,6.022895189358));
#8208 = CARTESIAN_POINT('',(-0.380722635964,6.014072739644));
#8209 = CARTESIAN_POINT('',(-0.615184403255,5.989627060885));
#8210 = CARTESIAN_POINT('',(-1.040146596875,5.9268809094));
#8211 = CARTESIAN_POINT('',(-1.458638295754,5.817528782934));
#8212 = CARTESIAN_POINT('',(-1.647441398383,5.757050852535));
#8213 = CARTESIAN_POINT('',(-1.834946073014,5.684438678834));
#8214 = CARTESIAN_POINT('',(-2.01603523631,5.598676412216));
#8215 = CARTESIAN_POINT('',(-2.189716917895,5.501461970041));
#8216 = CARTESIAN_POINT('',(-2.525081881256,5.275473111246));
#8217 = CARTESIAN_POINT('',(-2.817083293166,5.001186806565));
#8218 = CARTESIAN_POINT('',(-2.957126609879,4.845290703046));
#8219 = CARTESIAN_POINT('',(-3.071120980626,4.691114355823));
#8220 = CARTESIAN_POINT('',(-3.185428963304,4.505014753534));
#8221 = CARTESIAN_POINT('',(-3.269720441303,4.330039183688));
#8222 = CARTESIAN_POINT('',(-3.427814513892,3.927151640667));
#8223 = CARTESIAN_POINT('',(-3.512769243267,3.51617797585));
#8224 = CARTESIAN_POINT('',(-3.551442504188,3.281523100117));
#8225 = CARTESIAN_POINT('',(-3.547469579406,3.080681085751));
#8226 = CARTESIAN_POINT('',(-3.569970419009,2.835686963051));
#8227 = CARTESIAN_POINT('',(-3.554089959021,2.623858604932));
#8228 = CARTESIAN_POINT('',(-3.498926018547,2.189487256674));
#8229 = CARTESIAN_POINT('',(-3.374863015224,1.781239289126));
#8230 = CARTESIAN_POINT('',(-3.298514716628,1.578425693854));
#8231 = CARTESIAN_POINT('',(-3.207120238566,1.404175863907));
#8232 = CARTESIAN_POINT('',(-3.100049472466,1.211608943888));
#8233 = CARTESIAN_POINT('',(-2.979631033181,1.048437834317));
#8234 = CARTESIAN_POINT('',(-2.713739580214,0.719168621294));
#8235 = CARTESIAN_POINT('',(-2.412616478407,0.429444573862));
#8236 = CARTESIAN_POINT('',(-2.248502585431,0.28670298189));
#8237 = CARTESIAN_POINT('',(-2.086200165957,0.163603756623));
#8238 = CARTESIAN_POINT('',(-1.905022097677,3.496173242818E-02));
#8239 = CARTESIAN_POINT('',(-1.73054488369,-7.462334865976E-02));
#8240 = CARTESIAN_POINT('',(-1.355314807046,-0.292552443659));
#8241 = CARTESIAN_POINT('',(-0.973027126899,-0.477575260359));
#8242 = CARTESIAN_POINT('',(-0.760488565418,-0.562380407542));
#8243 = CARTESIAN_POINT('',(-0.593044853726,-0.662187825098));
#8244 = CARTESIAN_POINT('',(-0.366772011335,-0.757262861915));
#8245 = CARTESIAN_POINT('',(-0.189975290446,-0.84407073372));
#8246 = CARTESIAN_POINT('',(0.216717343948,-1.03914868154));
#8247 = CARTESIAN_POINT('',(0.594208748589,-1.214278993279));
#8248 = CARTESIAN_POINT('',(0.821008818436,-1.351808635266));
#8249 = CARTESIAN_POINT('',(0.975492487984,-1.325657879758));
#8250 = CARTESIAN_POINT('',(1.207914475496,-1.560896844475));
#8251 = CARTESIAN_POINT('',(1.3533058815,-1.650580830643));
#8252 = CARTESIAN_POINT('',(1.631055715535,-2.009127429007));
#8253 = CARTESIAN_POINT('',(1.73864805306,-2.420802472751));
#8254 = CARTESIAN_POINT('',(1.75951138254,-2.619277362775));
#8255 = CARTESIAN_POINT('',(1.70183318823,-2.880533864978));
#8256 = CARTESIAN_POINT('',(1.731909303649,-3.022188952704));
#8257 = CARTESIAN_POINT('',(1.586905315144,-3.266792396796));
#8258 = CARTESIAN_POINT('',(1.339939443602,-3.567873369773));
#8259 = CARTESIAN_POINT('',(0.933789765953,-3.791568764321));
#8260 = CARTESIAN_POINT('',(0.776002974367,-3.829394437853));
#8261 = CARTESIAN_POINT('',(0.490474681734,-3.918772973424));
#8262 = CARTESIAN_POINT('',(0.35352986888,-3.915106230121));
#8263 = CARTESIAN_POINT('',(0.100039353377,-3.947579624028));
#8264 = CARTESIAN_POINT('',(-0.303088664465,-3.95349491391));
#8265 = CARTESIAN_POINT('',(-0.74972022989,-3.936081626397));
#8266 = CARTESIAN_POINT('',(-0.921414413821,-3.908447424773));
#8267 = CARTESIAN_POINT('',(-1.204632896679,-3.895790342873));
#8268 = CARTESIAN_POINT('',(-1.340043756942,-3.846357834786));
#8269 = CARTESIAN_POINT('',(-1.594435309793,-3.8175475985));
#8270 = CARTESIAN_POINT('',(-1.981469325824,-3.716975689147));
#8271 = CARTESIAN_POINT('',(-2.41887445231,-3.616307996227));
#8272 = CARTESIAN_POINT('',(-2.568926595667,-3.511596215398));
#8273 = CARTESIAN_POINT('',(-2.858326113395,-3.569120583982));
#8274 = CARTESIAN_POINT('',(-2.97606225557,-3.293781090078));
#8275 = CARTESIAN_POINT('',(-3.214515143327,-3.435103141525));
#8276 = CARTESIAN_POINT('',(-3.400374317698,-3.2072369544));
#8277 = CARTESIAN_POINT('',(-3.600553202566,-3.18774636182));
#8278 = ( GEOMETRIC_REPRESENTATION_CONTEXT(2) 
PARAMETRIC_REPRESENTATION_CONTEXT() REPRESENTATION_CONTEXT('2D SPACE',''
  ) );
#8279 = ORIENTED_EDGE('',*,*,#8280,.F.);
#8280 = EDGE_CURVE('',#8281,#8090,#8283,.T.);
#8281 = VERTEX_POINT('',#8282);
#8282 = CARTESIAN_POINT('',(83.882195941837,7.668877857488,3.));
#8283 = SURFACE_CURVE('',#8284,(#8288,#8295),.PCURVE_S1.);
#8284 = LINE('',#8285,#8286);
#8285 = CARTESIAN_POINT('',(83.882195941837,7.668877857488,3.));
#8286 = VECTOR('',#8287,1.);
#8287 = DIRECTION('',(0.,0.,1.));
#8288 = PCURVE('',#7966,#8289);
#8289 = DEFINITIONAL_REPRESENTATION('',(#8290),#8294);
#8290 = LINE('',#8291,#8292);
#8291 = CARTESIAN_POINT('',(1.,0.));
#8292 = VECTOR('',#8293,1.);
#8293 = DIRECTION('',(0.,-1.));
#8294 = ( GEOMETRIC_REPRESENTATION_CONTEXT(2) 
PARAMETRIC_REPRESENTATION_CONTEXT() REPRESENTATION_CONTEXT('2D SPACE',''
  ) );
#8295 = PCURVE('',#8296,#8301);
#8296 = PLANE('',#8297);
#8297 = AXIS2_PLACEMENT_3D('',#8298,#8299,#8300);
#8298 = CARTESIAN_POINT('',(83.882195941837,7.668877857488,3.));
#8299 = DIRECTION('',(0.99144081443,-0.13055692813,0.));
#8300 = DIRECTION('',(-0.13055692813,-0.99144081443,0.));
#8301 = DEFINITIONAL_REPRESENTATION('',(#8302),#8306);
#8302 = LINE('',#8303,#8304);
#8303 = CARTESIAN_POINT('',(0.,0.));
#8304 = VECTOR('',#8305,1.);
#8305 = DIRECTION('',(0.,-1.));
#8306 = ( GEOMETRIC_REPRESENTATION_CONTEXT(2) 
PARAMETRIC_REPRESENTATION_CONTEXT() REPRESENTATION_CONTEXT('2D SPACE',''
  ) );
#8307 = ORIENTED_EDGE('',*,*,#8308,.F.);
#8308 = EDGE_CURVE('',#7951,#8281,#8309,.T.);
#8309 = SURFACE_CURVE('',#8310,(#8398,#8405),.PCURVE_S1.);
#8310 = B_SPLINE_CURVE_WITH_KNOTS('',8,(#8311,#8312,#8313,#8314,#8315,
    #8316,#8317,#8318,#8319,#8320,#8321,#8322,#8323,#8324,#8325,#8326,
    #8327,#8328,#8329,#8330,#8331,#8332,#8333,#8334,#8335,#8336,#8337,
    #8338,#8339,#8340,#8341,#8342,#8343,#8344,#8345,#8346,#8347,#8348,
    #8349,#8350,#8351,#8352,#8353,#8354,#8355,#8356,#8357,#8358,#8359,
    #8360,#8361,#8362,#8363,#8364,#8365,#8366,#8367,#8368,#8369,#8370,
    #8371,#8372,#8373,#8374,#8375,#8376,#8377,#8378,#8379,#8380,#8381,
    #8382,#8383,#8384,#8385,#8386,#8387,#8388,#8389,#8390,#8391,#8392,
    #8393,#8394,#8395,#8396,#8397),.UNSPECIFIED.,.F.,.F.,(9,6,6,6,6,6,6,
    6,6,6,6,6,6,6,9),(0.,7.162605002397E-02,0.141848370474,
    0.219608953131,0.286503069479,0.354479594121,0.42932601145,
    0.499079953732,0.570317714442,0.643289502789,0.71650241045,
    0.786190052343,0.857516783718,0.928955806354,1.),.UNSPECIFIED.);
#8311 = CARTESIAN_POINT('',(91.27379326922,15.467010198336,3.));
#8312 = CARTESIAN_POINT('',(91.117823236054,15.612307711633,3.));
#8313 = CARTESIAN_POINT('',(90.955510025486,15.751362252757,
    3.000000000001));
#8314 = CARTESIAN_POINT('',(90.788254639047,15.882725991066,
    2.999999999998));
#8315 = CARTESIAN_POINT('',(90.613052333313,16.007511890879,
    3.000000000002));
#8316 = CARTESIAN_POINT('',(90.434682155494,16.122596964962,
    2.999999999999));
#8317 = CARTESIAN_POINT('',(90.248848681772,16.229848444461,3.));
#8318 = CARTESIAN_POINT('',(89.873300608879,16.422699098228,3.));
#8319 = CARTESIAN_POINT('',(89.479494362463,16.578321962812,3.));
#8320 = CARTESIAN_POINT('',(89.282568092813,16.645068676312,
    2.999999999999));
#8321 = CARTESIAN_POINT('',(89.078375883126,16.704078699276,
    3.000000000001));
#8322 = CARTESIAN_POINT('',(88.87782629838,16.751319311676,
    2.999999999999));
#8323 = CARTESIAN_POINT('',(88.670018765719,16.791321289222,3.));
#8324 = CARTESIAN_POINT('',(88.235330880561,16.854965128963,3.));
#8325 = CARTESIAN_POINT('',(87.793397002158,16.882085834919,3.));
#8326 = CARTESIAN_POINT('',(87.565205820277,16.885659127295,3.));
#8327 = CARTESIAN_POINT('',(87.327111470929,16.879519408666,3.));
#8328 = CARTESIAN_POINT('',(87.102026508438,16.870696958952,3.));
#8329 = CARTESIAN_POINT('',(86.867564741147,16.846251280193,3.));
#8330 = CARTESIAN_POINT('',(86.442602547527,16.783505128708,3.));
#8331 = CARTESIAN_POINT('',(86.024110848648,16.674153002242,3.));
#8332 = CARTESIAN_POINT('',(85.835307746019,16.613675071843,
    3.000000000001));
#8333 = CARTESIAN_POINT('',(85.647803071388,16.541062898142,
    2.999999999999));
#8334 = CARTESIAN_POINT('',(85.466713908092,16.455300631524,
    3.000000000001));
#8335 = CARTESIAN_POINT('',(85.293032226507,16.358086189349,3.));
#8336 = CARTESIAN_POINT('',(84.957667263146,16.132097330554,
    3.000000000001));
#8337 = CARTESIAN_POINT('',(84.665665851236,15.857811025873,
    2.999999999999));
#8338 = CARTESIAN_POINT('',(84.525622534523,15.701914922354,
    3.000000000002));
#8339 = CARTESIAN_POINT('',(84.411628163776,15.547738575131,
    2.999999999997));
#8340 = CARTESIAN_POINT('',(84.297320181098,15.361638972842,
    3.000000000002));
#8341 = CARTESIAN_POINT('',(84.213028703099,15.186663402996,
    2.999999999999));
#8342 = CARTESIAN_POINT('',(84.054934630511,14.783775859975,
    3.000000000001));
#8343 = CARTESIAN_POINT('',(83.969979901135,14.372802195158,
    2.999999999999));
#8344 = CARTESIAN_POINT('',(83.931306640215,14.138147319425,
    3.000000000002));
#8345 = CARTESIAN_POINT('',(83.935279564996,13.937305305059,
    2.999999999998));
#8346 = CARTESIAN_POINT('',(83.912778725393,13.692311182359,
    3.000000000001));
#8347 = CARTESIAN_POINT('',(83.928659185381,13.48048282424,3.));
#8348 = CARTESIAN_POINT('',(83.983823125855,13.046111475982,3.));
#8349 = CARTESIAN_POINT('',(84.107886129178,12.637863508434,3.));
#8350 = CARTESIAN_POINT('',(84.184234427774,12.435049913162,
    3.000000000001));
#8351 = CARTESIAN_POINT('',(84.275628905836,12.260800083215,
    2.999999999998));
#8352 = CARTESIAN_POINT('',(84.382699671937,12.068233163196,
    3.000000000002));
#8353 = CARTESIAN_POINT('',(84.503118111221,11.905062053625,
    2.999999999999));
#8354 = CARTESIAN_POINT('',(84.769009564188,11.575792840602,
    3.000000000001));
#8355 = CARTESIAN_POINT('',(85.070132665995,11.28606879317,
    2.999999999999));
#8356 = CARTESIAN_POINT('',(85.234246558971,11.143327201198,
    3.000000000001));
#8357 = CARTESIAN_POINT('',(85.396548978445,11.020227975931,
    2.999999999998));
#8358 = CARTESIAN_POINT('',(85.577727046725,10.891585951736,
    3.000000000001));
#8359 = CARTESIAN_POINT('',(85.752204260712,10.782000870648,3.));
#8360 = CARTESIAN_POINT('',(86.127434337357,10.564071775649,3.));
#8361 = CARTESIAN_POINT('',(86.509722017503,10.379048958949,3.));
#8362 = CARTESIAN_POINT('',(86.722260578984,10.294243811766,3.));
#8363 = CARTESIAN_POINT('',(86.889704290676,10.19443639421,3.));
#8364 = CARTESIAN_POINT('',(87.115977133067,10.099361357393,
    2.999999999999));
#8365 = CARTESIAN_POINT('',(87.292773853956,10.012553485588,3.));
#8366 = CARTESIAN_POINT('',(87.69946648835,9.817475537768,3.));
#8367 = CARTESIAN_POINT('',(88.076957892991,9.642345226029,3.));
#8368 = CARTESIAN_POINT('',(88.303757962838,9.504815584042,
    2.999999999999));
#8369 = CARTESIAN_POINT('',(88.458241632387,9.53096633955,3.000000000001
    ));
#8370 = CARTESIAN_POINT('',(88.690663619899,9.295727374833,3.));
#8371 = CARTESIAN_POINT('',(88.836055025902,9.206043388665,3.));
#8372 = CARTESIAN_POINT('',(89.113804859937,8.847496790301,3.));
#8373 = CARTESIAN_POINT('',(89.221397197462,8.435821746557,3.));
#8374 = CARTESIAN_POINT('',(89.242260526943,8.237346856533,
    3.000000000001));
#8375 = CARTESIAN_POINT('',(89.184582332633,7.97609035433,2.999999999999
    ));
#8376 = CARTESIAN_POINT('',(89.214658448051,7.834435266604,
    3.000000000001));
#8377 = CARTESIAN_POINT('',(89.069654459546,7.589831822512,3.));
#8378 = CARTESIAN_POINT('',(88.822688588004,7.288750849535,3.));
#8379 = CARTESIAN_POINT('',(88.416538910355,7.065055454987,3.));
#8380 = CARTESIAN_POINT('',(88.258752118769,7.027229781455,
    3.000000000001));
#8381 = CARTESIAN_POINT('',(87.973223826136,6.937851245884,
    2.999999999999));
#8382 = CARTESIAN_POINT('',(87.836279013282,6.941517989187,
    3.000000000001));
#8383 = CARTESIAN_POINT('',(87.582788497779,6.90904459528,3.));
#8384 = CARTESIAN_POINT('',(87.179660479937,6.903129305399,3.));
#8385 = CARTESIAN_POINT('',(86.733028914512,6.920542592911,3.));
#8386 = CARTESIAN_POINT('',(86.561334730581,6.948176794535,
    3.000000000001));
#8387 = CARTESIAN_POINT('',(86.278116247723,6.960833876435,
    2.999999999999));
#8388 = CARTESIAN_POINT('',(86.14270538746,7.010266384522,3.000000000001
    ));
#8389 = CARTESIAN_POINT('',(85.888313834609,7.039076620808,3.));
#8390 = CARTESIAN_POINT('',(85.501279818578,7.139648530161,3.));
#8391 = CARTESIAN_POINT('',(85.063874692092,7.240316223081,3.));
#8392 = CARTESIAN_POINT('',(84.913822548735,7.34502800391,3.000000000001
    ));
#8393 = CARTESIAN_POINT('',(84.624423031008,7.287503635326,
    2.999999999998));
#8394 = CARTESIAN_POINT('',(84.506686888832,7.56284312923,3.000000000002
    ));
#8395 = CARTESIAN_POINT('',(84.268234001075,7.421521077783,
    2.999999999999));
#8396 = CARTESIAN_POINT('',(84.082374826705,7.649387264909,3.));
#8397 = CARTESIAN_POINT('',(83.882195941837,7.668877857488,3.));
#8398 = PCURVE('',#7966,#8399);
#8399 = DEFINITIONAL_REPRESENTATION('',(#8400),#8404);
#8400 = LINE('',#8401,#8402);
#8401 = CARTESIAN_POINT('',(0.,0.));
#8402 = VECTOR('',#8403,1.);
#8403 = DIRECTION('',(1.,0.));
#8404 = ( GEOMETRIC_REPRESENTATION_CONTEXT(2) 
PARAMETRIC_REPRESENTATION_CONTEXT() REPRESENTATION_CONTEXT('2D SPACE',''
  ) );
#8405 = PCURVE('',#7911,#8406);
#8406 = DEFINITIONAL_REPRESENTATION('',(#8407),#8495);
#8407 = B_SPLINE_CURVE_WITH_KNOTS('',8,(#8408,#8409,#8410,#8411,#8412,
    #8413,#8414,#8415,#8416,#8417,#8418,#8419,#8420,#8421,#8422,#8423,
    #8424,#8425,#8426,#8427,#8428,#8429,#8430,#8431,#8432,#8433,#8434,
    #8435,#8436,#8437,#8438,#8439,#8440,#8441,#8442,#8443,#8444,#8445,
    #8446,#8447,#8448,#8449,#8450,#8451,#8452,#8453,#8454,#8455,#8456,
    #8457,#8458,#8459,#8460,#8461,#8462,#8463,#8464,#8465,#8466,#8467,
    #8468,#8469,#8470,#8471,#8472,#8473,#8474,#8475,#8476,#8477,#8478,
    #8479,#8480,#8481,#8482,#8483,#8484,#8485,#8486,#8487,#8488,#8489,
    #8490,#8491,#8492,#8493,#8494),.UNSPECIFIED.,.F.,.F.,(9,6,6,6,6,6,6,
    6,6,6,6,6,6,6,9),(0.,7.162605002397E-02,0.141848370474,
    0.219608953131,0.286503069479,0.354479594121,0.42932601145,
    0.499079953732,0.570317714442,0.643289502789,0.71650241045,
    0.786190052343,0.857516783718,0.928955806354,1.),.UNSPECIFIED.);
#8408 = CARTESIAN_POINT('',(3.791044124817,4.610385979028));
#8409 = CARTESIAN_POINT('',(3.635074091652,4.755683492325));
#8410 = CARTESIAN_POINT('',(3.472760881084,4.894738033449));
#8411 = CARTESIAN_POINT('',(3.305505494645,5.026101771758));
#8412 = CARTESIAN_POINT('',(3.130303188911,5.150887671571));
#8413 = CARTESIAN_POINT('',(2.951933011092,5.265972745654));
#8414 = CARTESIAN_POINT('',(2.76609953737,5.373224225153));
#8415 = CARTESIAN_POINT('',(2.390551464477,5.56607487892));
#8416 = CARTESIAN_POINT('',(1.996745218061,5.721697743504));
#8417 = CARTESIAN_POINT('',(1.799818948411,5.788444457004));
#8418 = CARTESIAN_POINT('',(1.595626738724,5.847454479968));
#8419 = CARTESIAN_POINT('',(1.395077153978,5.894695092368));
#8420 = CARTESIAN_POINT('',(1.187269621317,5.934697069914));
#8421 = CARTESIAN_POINT('',(0.752581736159,5.998340909655));
#8422 = CARTESIAN_POINT('',(0.310647857756,6.025461615611));
#8423 = CARTESIAN_POINT('',(8.245667587444E-02,6.029034907987));
#8424 = CARTESIAN_POINT('',(-0.155637673473,6.022895189358));
#8425 = CARTESIAN_POINT('',(-0.380722635964,6.014072739644));
#8426 = CARTESIAN_POINT('',(-0.615184403255,5.989627060885));
#8427 = CARTESIAN_POINT('',(-1.040146596875,5.9268809094));
#8428 = CARTESIAN_POINT('',(-1.458638295754,5.817528782934));
#8429 = CARTESIAN_POINT('',(-1.647441398383,5.757050852535));
#8430 = CARTESIAN_POINT('',(-1.834946073014,5.684438678834));
#8431 = CARTESIAN_POINT('',(-2.01603523631,5.598676412216));
#8432 = CARTESIAN_POINT('',(-2.189716917895,5.501461970041));
#8433 = CARTESIAN_POINT('',(-2.525081881256,5.275473111246));
#8434 = CARTESIAN_POINT('',(-2.817083293166,5.001186806565));
#8435 = CARTESIAN_POINT('',(-2.957126609879,4.845290703046));
#8436 = CARTESIAN_POINT('',(-3.071120980626,4.691114355823));
#8437 = CARTESIAN_POINT('',(-3.185428963304,4.505014753534));
#8438 = CARTESIAN_POINT('',(-3.269720441303,4.330039183688));
#8439 = CARTESIAN_POINT('',(-3.427814513892,3.927151640667));
#8440 = CARTESIAN_POINT('',(-3.512769243267,3.51617797585));
#8441 = CARTESIAN_POINT('',(-3.551442504188,3.281523100117));
#8442 = CARTESIAN_POINT('',(-3.547469579406,3.080681085751));
#8443 = CARTESIAN_POINT('',(-3.569970419009,2.835686963051));
#8444 = CARTESIAN_POINT('',(-3.554089959021,2.623858604932));
#8445 = CARTESIAN_POINT('',(-3.498926018547,2.189487256674));
#8446 = CARTESIAN_POINT('',(-3.374863015224,1.781239289126));
#8447 = CARTESIAN_POINT('',(-3.298514716628,1.578425693854));
#8448 = CARTESIAN_POINT('',(-3.207120238566,1.404175863907));
#8449 = CARTESIAN_POINT('',(-3.100049472466,1.211608943888));
#8450 = CARTESIAN_POINT('',(-2.979631033181,1.048437834317));
#8451 = CARTESIAN_POINT('',(-2.713739580214,0.719168621294));
#8452 = CARTESIAN_POINT('',(-2.412616478407,0.429444573862));
#8453 = CARTESIAN_POINT('',(-2.248502585431,0.28670298189));
#8454 = CARTESIAN_POINT('',(-2.086200165957,0.163603756623));
#8455 = CARTESIAN_POINT('',(-1.905022097677,3.496173242818E-02));
#8456 = CARTESIAN_POINT('',(-1.73054488369,-7.462334865976E-02));
#8457 = CARTESIAN_POINT('',(-1.355314807046,-0.292552443659));
#8458 = CARTESIAN_POINT('',(-0.973027126899,-0.477575260359));
#8459 = CARTESIAN_POINT('',(-0.760488565418,-0.562380407542));
#8460 = CARTESIAN_POINT('',(-0.593044853726,-0.662187825098));
#8461 = CARTESIAN_POINT('',(-0.366772011335,-0.757262861915));
#8462 = CARTESIAN_POINT('',(-0.189975290446,-0.84407073372));
#8463 = CARTESIAN_POINT('',(0.216717343948,-1.03914868154));
#8464 = CARTESIAN_POINT('',(0.594208748589,-1.214278993279));
#8465 = CARTESIAN_POINT('',(0.821008818436,-1.351808635266));
#8466 = CARTESIAN_POINT('',(0.975492487984,-1.325657879758));
#8467 = CARTESIAN_POINT('',(1.207914475496,-1.560896844475));
#8468 = CARTESIAN_POINT('',(1.3533058815,-1.650580830643));
#8469 = CARTESIAN_POINT('',(1.631055715535,-2.009127429007));
#8470 = CARTESIAN_POINT('',(1.73864805306,-2.420802472751));
#8471 = CARTESIAN_POINT('',(1.75951138254,-2.619277362775));
#8472 = CARTESIAN_POINT('',(1.70183318823,-2.880533864978));
#8473 = CARTESIAN_POINT('',(1.731909303649,-3.022188952704));
#8474 = CARTESIAN_POINT('',(1.586905315144,-3.266792396796));
#8475 = CARTESIAN_POINT('',(1.339939443602,-3.567873369773));
#8476 = CARTESIAN_POINT('',(0.933789765953,-3.791568764321));
#8477 = CARTESIAN_POINT('',(0.776002974367,-3.829394437853));
#8478 = CARTESIAN_POINT('',(0.490474681734,-3.918772973424));
#8479 = CARTESIAN_POINT('',(0.35352986888,-3.915106230121));
#8480 = CARTESIAN_POINT('',(0.100039353377,-3.947579624028));
#8481 = CARTESIAN_POINT('',(-0.303088664465,-3.95349491391));
#8482 = CARTESIAN_POINT('',(-0.74972022989,-3.936081626397));
#8483 = CARTESIAN_POINT('',(-0.921414413821,-3.908447424773));
#8484 = CARTESIAN_POINT('',(-1.204632896679,-3.895790342873));
#8485 = CARTESIAN_POINT('',(-1.340043756942,-3.846357834786));
#8486 = CARTESIAN_POINT('',(-1.594435309793,-3.8175475985));
#8487 = CARTESIAN_POINT('',(-1.981469325824,-3.716975689147));
#8488 = CARTESIAN_POINT('',(-2.41887445231,-3.616307996227));
#8489 = CARTESIAN_POINT('',(-2.568926595667,-3.511596215398));
#8490 = CARTESIAN_POINT('',(-2.858326113395,-3.569120583982));
#8491 = CARTESIAN_POINT('',(-2.97606225557,-3.293781090078));
#8492 = CARTESIAN_POINT('',(-3.214515143327,-3.435103141525));
#8493 = CARTESIAN_POINT('',(-3.400374317698,-3.2072369544));
#8494 = CARTESIAN_POINT('',(-3.600553202566,-3.18774636182));
#8495 = ( GEOMETRIC_REPRESENTATION_CONTEXT(2) 
PARAMETRIC_REPRESENTATION_CONTEXT() REPRESENTATION_CONTEXT('2D SPACE',''
  ) );
#8496 = ADVANCED_FACE('',(#8497),#8296,.F.);
#8497 = FACE_BOUND('',#8498,.F.);
#8498 = EDGE_LOOP('',(#8499,#8500,#8523,#8546));
#8499 = ORIENTED_EDGE('',*,*,#8280,.T.);
#8500 = ORIENTED_EDGE('',*,*,#8501,.T.);
#8501 = EDGE_CURVE('',#8090,#8502,#8504,.T.);
#8502 = VERTEX_POINT('',#8503);
#8503 = CARTESIAN_POINT('',(83.627970289872,5.738304803697,4.2));
#8504 = SURFACE_CURVE('',#8505,(#8509,#8516),.PCURVE_S1.);
#8505 = LINE('',#8506,#8507);
#8506 = CARTESIAN_POINT('',(83.882195941837,7.668877857488,4.2));
#8507 = VECTOR('',#8508,1.);
#8508 = DIRECTION('',(-0.13055692813,-0.99144081443,0.));
#8509 = PCURVE('',#8296,#8510);
#8510 = DEFINITIONAL_REPRESENTATION('',(#8511),#8515);
#8511 = LINE('',#8512,#8513);
#8512 = CARTESIAN_POINT('',(0.,-1.2));
#8513 = VECTOR('',#8514,1.);
#8514 = DIRECTION('',(1.,0.));
#8515 = ( GEOMETRIC_REPRESENTATION_CONTEXT(2) 
PARAMETRIC_REPRESENTATION_CONTEXT() REPRESENTATION_CONTEXT('2D SPACE',''
  ) );
#8516 = PCURVE('',#7857,#8517);
#8517 = DEFINITIONAL_REPRESENTATION('',(#8518),#8522);
#8518 = LINE('',#8519,#8520);
#8519 = CARTESIAN_POINT('',(-3.600553202566,-3.18774636182));
#8520 = VECTOR('',#8521,1.);
#8521 = DIRECTION('',(-0.13055692813,-0.99144081443));
#8522 = ( GEOMETRIC_REPRESENTATION_CONTEXT(2) 
PARAMETRIC_REPRESENTATION_CONTEXT() REPRESENTATION_CONTEXT('2D SPACE',''
  ) );
#8523 = ORIENTED_EDGE('',*,*,#8524,.F.);
#8524 = EDGE_CURVE('',#8525,#8502,#8527,.T.);
#8525 = VERTEX_POINT('',#8526);
#8526 = CARTESIAN_POINT('',(83.627970289872,5.738304803697,3.));
#8527 = SURFACE_CURVE('',#8528,(#8532,#8539),.PCURVE_S1.);
#8528 = LINE('',#8529,#8530);
#8529 = CARTESIAN_POINT('',(83.627970289872,5.738304803697,3.));
#8530 = VECTOR('',#8531,1.);
#8531 = DIRECTION('',(0.,0.,1.));
#8532 = PCURVE('',#8296,#8533);
#8533 = DEFINITIONAL_REPRESENTATION('',(#8534),#8538);
#8534 = LINE('',#8535,#8536);
#8535 = CARTESIAN_POINT('',(1.947239840939,0.));
#8536 = VECTOR('',#8537,1.);
#8537 = DIRECTION('',(0.,-1.));
#8538 = ( GEOMETRIC_REPRESENTATION_CONTEXT(2) 
PARAMETRIC_REPRESENTATION_CONTEXT() REPRESENTATION_CONTEXT('2D SPACE',''
  ) );
#8539 = PCURVE('',#7749,#8540);
#8540 = DEFINITIONAL_REPRESENTATION('',(#8541),#8545);
#8541 = LINE('',#8542,#8543);
#8542 = CARTESIAN_POINT('',(0.,0.));
#8543 = VECTOR('',#8544,1.);
#8544 = DIRECTION('',(0.,-1.));
#8545 = ( GEOMETRIC_REPRESENTATION_CONTEXT(2) 
PARAMETRIC_REPRESENTATION_CONTEXT() REPRESENTATION_CONTEXT('2D SPACE',''
  ) );
#8546 = ORIENTED_EDGE('',*,*,#8547,.F.);
#8547 = EDGE_CURVE('',#8281,#8525,#8548,.T.);
#8548 = SURFACE_CURVE('',#8549,(#8553,#8560),.PCURVE_S1.);
#8549 = LINE('',#8550,#8551);
#8550 = CARTESIAN_POINT('',(83.882195941837,7.668877857488,3.));
#8551 = VECTOR('',#8552,1.);
#8552 = DIRECTION('',(-0.13055692813,-0.99144081443,0.));
#8553 = PCURVE('',#8296,#8554);
#8554 = DEFINITIONAL_REPRESENTATION('',(#8555),#8559);
#8555 = LINE('',#8556,#8557);
#8556 = CARTESIAN_POINT('',(0.,0.));
#8557 = VECTOR('',#8558,1.);
#8558 = DIRECTION('',(1.,0.));
#8559 = ( GEOMETRIC_REPRESENTATION_CONTEXT(2) 
PARAMETRIC_REPRESENTATION_CONTEXT() REPRESENTATION_CONTEXT('2D SPACE',''
  ) );
#8560 = PCURVE('',#7911,#8561);
#8561 = DEFINITIONAL_REPRESENTATION('',(#8562),#8566);
#8562 = LINE('',#8563,#8564);
#8563 = CARTESIAN_POINT('',(-3.600553202566,-3.18774636182));
#8564 = VECTOR('',#8565,1.);
#8565 = DIRECTION('',(-0.13055692813,-0.99144081443));
#8566 = ( GEOMETRIC_REPRESENTATION_CONTEXT(2) 
PARAMETRIC_REPRESENTATION_CONTEXT() REPRESENTATION_CONTEXT('2D SPACE',''
  ) );
#8567 = ADVANCED_FACE('',(#8568),#7749,.F.);
#8568 = FACE_BOUND('',#8569,.F.);
#8569 = EDGE_LOOP('',(#8570,#8571,#8748,#8749));
#8570 = ORIENTED_EDGE('',*,*,#8524,.T.);
#8571 = ORIENTED_EDGE('',*,*,#8572,.T.);
#8572 = EDGE_CURVE('',#8502,#7729,#8573,.T.);
#8573 = SURFACE_CURVE('',#8574,(#8656,#8663),.PCURVE_S1.);
#8574 = B_SPLINE_CURVE_WITH_KNOTS('',8,(#8575,#8576,#8577,#8578,#8579,
    #8580,#8581,#8582,#8583,#8584,#8585,#8586,#8587,#8588,#8589,#8590,
    #8591,#8592,#8593,#8594,#8595,#8596,#8597,#8598,#8599,#8600,#8601,
    #8602,#8603,#8604,#8605,#8606,#8607,#8608,#8609,#8610,#8611,#8612,
    #8613,#8614,#8615,#8616,#8617,#8618,#8619,#8620,#8621,#8622,#8623,
    #8624,#8625,#8626,#8627,#8628,#8629,#8630,#8631,#8632,#8633,#8634,
    #8635,#8636,#8637,#8638,#8639,#8640,#8641,#8642,#8643,#8644,#8645,
    #8646,#8647,#8648,#8649,#8650,#8651,#8652,#8653,#8654,#8655),
  .UNSPECIFIED.,.F.,.F.,(9,6,6,6,6,6,6,6,6,6,6,6,6,9),(0.,
    7.647048244902E-02,0.153348445997,0.238496357036,0.307398170253,
    0.381677665565,0.461605425217,0.535456964133,0.61537617646,
    0.69244177988,0.76914205236,0.844185206462,0.92267634574,1.),
  .UNSPECIFIED.);
#8575 = CARTESIAN_POINT('',(83.627970289872,5.738304803697,4.2));
#8576 = CARTESIAN_POINT('',(83.722602016465,5.62135202902,4.2));
#8577 = CARTESIAN_POINT('',(84.312993699133,5.567923838777,4.2));
#8578 = CARTESIAN_POINT('',(83.750380575481,5.518133472853,4.2));
#8579 = CARTESIAN_POINT('',(84.901674599889,5.394305748376,4.2));
#8580 = CARTESIAN_POINT('',(84.381876046439,5.402390807246,4.2));
#8581 = CARTESIAN_POINT('',(84.923250619355,5.321101078393,4.2));
#8582 = CARTESIAN_POINT('',(85.218157540288,5.247375973898,4.2));
#8583 = CARTESIAN_POINT('',(85.758940997191,5.172345982848,4.2));
#8584 = CARTESIAN_POINT('',(85.82708140857,5.157836500948,4.2));
#8585 = CARTESIAN_POINT('',(86.251932701112,5.12141810307,4.2));
#8586 = CARTESIAN_POINT('',(86.296583324864,5.115501061927,4.2));
#8587 = CARTESIAN_POINT('',(86.594736128406,5.100446206187,4.2));
#8588 = CARTESIAN_POINT('',(87.020133856725,5.087575739326,4.2));
#8589 = CARTESIAN_POINT('',(87.509208993032,5.094079281173,4.2));
#8590 = CARTESIAN_POINT('',(87.708617574381,5.10432941941,4.2));
#8591 = CARTESIAN_POINT('',(88.007899720007,5.125763960355,4.2));
#8592 = CARTESIAN_POINT('',(88.198126437967,5.14879102584,4.2));
#8593 = CARTESIAN_POINT('',(88.461315521064,5.189138733104,4.2));
#8594 = CARTESIAN_POINT('',(88.87879690393,5.274686301677,4.2));
#8595 = CARTESIAN_POINT('',(89.303724153087,5.406842160412,4.2));
#8596 = CARTESIAN_POINT('',(89.475556972701,5.469614504771,4.2));
#8597 = CARTESIAN_POINT('',(89.67399521771,5.557226749109,4.200000000001
    ));
#8598 = CARTESIAN_POINT('',(89.830615890433,5.634035705169,
    4.199999999999));
#8599 = CARTESIAN_POINT('',(90.009023237584,5.743279348569,4.2));
#8600 = CARTESIAN_POINT('',(90.335046986246,5.971294863937,4.2));
#8601 = CARTESIAN_POINT('',(90.630697280356,6.265964914092,4.2));
#8602 = CARTESIAN_POINT('',(90.753947120294,6.408569834031,
    4.199999999999));
#8603 = CARTESIAN_POINT('',(90.89517511429,6.625163534877,4.200000000001
    ));
#8604 = CARTESIAN_POINT('',(90.975106209232,6.764352388397,
    4.199999999999));
#8605 = CARTESIAN_POINT('',(91.069739443521,6.991222097471,4.2));
#8606 = CARTESIAN_POINT('',(91.199587474858,7.384648621831,4.2));
#8607 = CARTESIAN_POINT('',(91.272607675838,7.844254766137,4.2));
#8608 = CARTESIAN_POINT('',(91.282712898723,8.014944982367,
    4.199999999999));
#8609 = CARTESIAN_POINT('',(91.289691863089,8.343986565242,
    4.200000000001));
#8610 = CARTESIAN_POINT('',(91.294762319127,8.466078971937,
    4.199999999999));
#8611 = CARTESIAN_POINT('',(91.251510248526,8.753808870257,4.2));
#8612 = CARTESIAN_POINT('',(91.163833519898,9.147660801831,4.2));
#8613 = CARTESIAN_POINT('',(90.982541765275,9.579062832313,4.2));
#8614 = CARTESIAN_POINT('',(90.900799766337,9.717820561797,
    4.199999999999));
#8615 = CARTESIAN_POINT('',(90.755679397543,9.969249168926,4.2));
#8616 = CARTESIAN_POINT('',(90.655982551813,10.066998528307,4.2));
#8617 = CARTESIAN_POINT('',(90.498922259116,10.257031916991,4.2));
#8618 = CARTESIAN_POINT('',(90.202773854004,10.552441975221,4.2));
#8619 = CARTESIAN_POINT('',(89.854716877629,10.842012145643,4.2));
#8620 = CARTESIAN_POINT('',(89.688127917086,10.955514502351,4.2));
#8621 = CARTESIAN_POINT('',(89.477366515062,11.114097340004,4.2));
#8622 = CARTESIAN_POINT('',(89.301383016319,11.203553270879,4.2));
#8623 = CARTESIAN_POINT('',(89.099699333819,11.33174936709,4.2));
#8624 = CARTESIAN_POINT('',(88.703666674326,11.529713548991,4.2));
#8625 = CARTESIAN_POINT('',(88.30655293476,11.726974298813,4.2));
#8626 = CARTESIAN_POINT('',(88.099665304275,11.828298024198,
    4.199999999999));
#8627 = CARTESIAN_POINT('',(87.93768804457,11.914452556757,
    4.200000000001));
#8628 = CARTESIAN_POINT('',(87.694491429013,12.026406908642,4.2));
#8629 = CARTESIAN_POINT('',(87.538121913734,12.112715817502,4.2));
#8630 = CARTESIAN_POINT('',(87.114613073946,12.313771934013,4.2));
#8631 = CARTESIAN_POINT('',(86.766939643291,12.502103292833,4.2));
#8632 = CARTESIAN_POINT('',(86.514246189158,12.687043967398,4.2));
#8633 = CARTESIAN_POINT('',(86.486388254965,12.712910075654,
    4.200000000001));
#8634 = CARTESIAN_POINT('',(86.183576270727,12.983241711863,
    4.199999999999));
#8635 = CARTESIAN_POINT('',(86.135635724859,13.108147823903,4.2));
#8636 = CARTESIAN_POINT('',(85.961284825923,13.55561328633,4.2));
#8637 = CARTESIAN_POINT('',(86.017147420582,13.967894089356,4.2));
#8638 = CARTESIAN_POINT('',(86.001845434948,14.190161694085,
    4.199999999999));
#8639 = CARTESIAN_POINT('',(86.141847548985,14.410987901785,
    4.200000000002));
#8640 = CARTESIAN_POINT('',(86.17975180678,14.578915350998,
    4.199999999999));
#8641 = CARTESIAN_POINT('',(86.413272358079,14.742800402021,4.2));
#8642 = CARTESIAN_POINT('',(86.735214752471,14.956434076448,4.2));
#8643 = CARTESIAN_POINT('',(87.229435256339,15.068403874406,4.2));
#8644 = CARTESIAN_POINT('',(87.314237433731,15.069366979071,4.2));
#8645 = CARTESIAN_POINT('',(87.793254127944,15.087717799656,4.2));
#8646 = CARTESIAN_POINT('',(87.752726391692,15.091579010111,4.2));
#8647 = CARTESIAN_POINT('',(88.129013385661,15.029125888104,4.2));
#8648 = CARTESIAN_POINT('',(88.469755338441,14.93042141108,4.2));
#8649 = CARTESIAN_POINT('',(88.95480803091,14.721617632833,4.2));
#8650 = CARTESIAN_POINT('',(88.994231656135,14.652813101299,
    4.200000000001));
#8651 = CARTESIAN_POINT('',(89.455593506209,14.470555338367,
    4.199999999999));
#8652 = CARTESIAN_POINT('',(89.3316385166,14.401850485666,4.200000000001
    ));
#8653 = CARTESIAN_POINT('',(89.718734958185,14.249816462635,
    4.199999999999));
#8654 = CARTESIAN_POINT('',(89.792748584335,14.098884630304,4.2));
#8655 = CARTESIAN_POINT('',(89.982517158339,13.967986631183,4.2));
#8656 = PCURVE('',#7749,#8657);
#8657 = DEFINITIONAL_REPRESENTATION('',(#8658),#8662);
#8658 = LINE('',#8659,#8660);
#8659 = CARTESIAN_POINT('',(0.,-1.2));
#8660 = VECTOR('',#8661,1.);
#8661 = DIRECTION('',(1.,0.));
#8662 = ( GEOMETRIC_REPRESENTATION_CONTEXT(2) 
PARAMETRIC_REPRESENTATION_CONTEXT() REPRESENTATION_CONTEXT('2D SPACE',''
  ) );
#8663 = PCURVE('',#7857,#8664);
#8664 = DEFINITIONAL_REPRESENTATION('',(#8665),#8747);
#8665 = B_SPLINE_CURVE_WITH_KNOTS('',8,(#8666,#8667,#8668,#8669,#8670,
    #8671,#8672,#8673,#8674,#8675,#8676,#8677,#8678,#8679,#8680,#8681,
    #8682,#8683,#8684,#8685,#8686,#8687,#8688,#8689,#8690,#8691,#8692,
    #8693,#8694,#8695,#8696,#8697,#8698,#8699,#8700,#8701,#8702,#8703,
    #8704,#8705,#8706,#8707,#8708,#8709,#8710,#8711,#8712,#8713,#8714,
    #8715,#8716,#8717,#8718,#8719,#8720,#8721,#8722,#8723,#8724,#8725,
    #8726,#8727,#8728,#8729,#8730,#8731,#8732,#8733,#8734,#8735,#8736,
    #8737,#8738,#8739,#8740,#8741,#8742,#8743,#8744,#8745,#8746),
  .UNSPECIFIED.,.F.,.F.,(9,6,6,6,6,6,6,6,6,6,6,6,6,9),(0.,
    7.647048244902E-02,0.153348445997,0.238496357036,0.307398170253,
    0.381677665565,0.461605425217,0.535456964133,0.61537617646,
    0.69244177988,0.76914205236,0.844185206462,0.92267634574,1.),
  .UNSPECIFIED.);
#8666 = CARTESIAN_POINT('',(-3.854778854531,-5.118319415611));
#8667 = CARTESIAN_POINT('',(-3.760147127937,-5.235272190288));
#8668 = CARTESIAN_POINT('',(-3.169755445269,-5.288700380531));
#8669 = CARTESIAN_POINT('',(-3.732368568921,-5.338490746455));
#8670 = CARTESIAN_POINT('',(-2.581074544513,-5.462318470932));
#8671 = CARTESIAN_POINT('',(-3.100873097963,-5.454233412062));
#8672 = CARTESIAN_POINT('',(-2.559498525047,-5.535523140915));
#8673 = CARTESIAN_POINT('',(-2.264591604114,-5.60924824541));
#8674 = CARTESIAN_POINT('',(-1.723808147211,-5.68427823646));
#8675 = CARTESIAN_POINT('',(-1.655667735833,-5.69878771836));
#8676 = CARTESIAN_POINT('',(-1.23081644329,-5.735206116238));
#8677 = CARTESIAN_POINT('',(-1.186165819538,-5.741123157381));
#8678 = CARTESIAN_POINT('',(-0.888013015997,-5.756178013121));
#8679 = CARTESIAN_POINT('',(-0.462615287677,-5.769048479982));
#8680 = CARTESIAN_POINT('',(2.645984863E-02,-5.762544938135));
#8681 = CARTESIAN_POINT('',(0.225868429979,-5.752294799898));
#8682 = CARTESIAN_POINT('',(0.525150575605,-5.730860258953));
#8683 = CARTESIAN_POINT('',(0.715377293565,-5.707833193468));
#8684 = CARTESIAN_POINT('',(0.978566376662,-5.667485486204));
#8685 = CARTESIAN_POINT('',(1.396047759528,-5.581937917631));
#8686 = CARTESIAN_POINT('',(1.820975008685,-5.449782058896));
#8687 = CARTESIAN_POINT('',(1.992807828299,-5.387009714537));
#8688 = CARTESIAN_POINT('',(2.191246073308,-5.299397470199));
#8689 = CARTESIAN_POINT('',(2.347866746031,-5.222588514139));
#8690 = CARTESIAN_POINT('',(2.526274093182,-5.113344870739));
#8691 = CARTESIAN_POINT('',(2.852297841844,-4.885329355372));
#8692 = CARTESIAN_POINT('',(3.147948135954,-4.590659305217));
#8693 = CARTESIAN_POINT('',(3.271197975892,-4.448054385277));
#8694 = CARTESIAN_POINT('',(3.412425969887,-4.231460684431));
#8695 = CARTESIAN_POINT('',(3.492357064829,-4.092271830911));
#8696 = CARTESIAN_POINT('',(3.586990299119,-3.865402121837));
#8697 = CARTESIAN_POINT('',(3.716838330456,-3.471975597477));
#8698 = CARTESIAN_POINT('',(3.789858531436,-3.012369453171));
#8699 = CARTESIAN_POINT('',(3.79996375432,-2.841679236941));
#8700 = CARTESIAN_POINT('',(3.806942718687,-2.512637654066));
#8701 = CARTESIAN_POINT('',(3.812013174725,-2.390545247371));
#8702 = CARTESIAN_POINT('',(3.768761104124,-2.102815349051));
#8703 = CARTESIAN_POINT('',(3.681084375496,-1.708963417477));
#8704 = CARTESIAN_POINT('',(3.499792620873,-1.277561386995));
#8705 = CARTESIAN_POINT('',(3.418050621935,-1.138803657511));
#8706 = CARTESIAN_POINT('',(3.272930253141,-0.887375050382));
#8707 = CARTESIAN_POINT('',(3.17323340741,-0.789625691001));
#8708 = CARTESIAN_POINT('',(3.016173114714,-0.599592302317));
#8709 = CARTESIAN_POINT('',(2.720024709602,-0.304182244087));
#8710 = CARTESIAN_POINT('',(2.371967733227,-1.46120736654E-02));
#8711 = CARTESIAN_POINT('',(2.205378772683,9.889028304288E-02));
#8712 = CARTESIAN_POINT('',(1.99461737066,0.257473120695));
#8713 = CARTESIAN_POINT('',(1.818633871917,0.346929051571));
#8714 = CARTESIAN_POINT('',(1.616950189417,0.475125147782));
#8715 = CARTESIAN_POINT('',(1.220917529924,0.673089329683));
#8716 = CARTESIAN_POINT('',(0.823803790358,0.870350079505));
#8717 = CARTESIAN_POINT('',(0.616916159873,0.97167380489));
#8718 = CARTESIAN_POINT('',(0.454938900168,1.057828337449));
#8719 = CARTESIAN_POINT('',(0.211742284611,1.169782689334));
#8720 = CARTESIAN_POINT('',(5.537276933163E-02,1.256091598194));
#8721 = CARTESIAN_POINT('',(-0.368136070456,1.457147714705));
#8722 = CARTESIAN_POINT('',(-0.715809501112,1.645479073524));
#8723 = CARTESIAN_POINT('',(-0.968502955244,1.83041974809));
#8724 = CARTESIAN_POINT('',(-0.996360889438,1.856285856346));
#8725 = CARTESIAN_POINT('',(-1.299172873676,2.126617492555));
#8726 = CARTESIAN_POINT('',(-1.347113419543,2.251523604595));
#8727 = CARTESIAN_POINT('',(-1.521464318479,2.698989067022));
#8728 = CARTESIAN_POINT('',(-1.46560172382,3.111269870048));
#8729 = CARTESIAN_POINT('',(-1.480903709454,3.333537474777));
#8730 = CARTESIAN_POINT('',(-1.340901595417,3.554363682477));
#8731 = CARTESIAN_POINT('',(-1.302997337622,3.72229113169));
#8732 = CARTESIAN_POINT('',(-1.069476786323,3.886176182713));
#8733 = CARTESIAN_POINT('',(-0.747534391931,4.09980985714));
#8734 = CARTESIAN_POINT('',(-0.253313888063,4.211779655098));
#8735 = CARTESIAN_POINT('',(-0.168511710672,4.212742759763));
#8736 = CARTESIAN_POINT('',(0.310504983542,4.231093580348));
#8737 = CARTESIAN_POINT('',(0.26997724729,4.234954790803));
#8738 = CARTESIAN_POINT('',(0.646264241258,4.172501668796));
#8739 = CARTESIAN_POINT('',(0.987006194039,4.073797191772));
#8740 = CARTESIAN_POINT('',(1.472058886508,3.864993413525));
#8741 = CARTESIAN_POINT('',(1.511482511733,3.796188881991));
#8742 = CARTESIAN_POINT('',(1.972844361807,3.613931119059));
#8743 = CARTESIAN_POINT('',(1.848889372198,3.545226266358));
#8744 = CARTESIAN_POINT('',(2.235985813783,3.393192243327));
#8745 = CARTESIAN_POINT('',(2.309999439933,3.242260410996));
#8746 = CARTESIAN_POINT('',(2.499768013936,3.111362411875));
#8747 = ( GEOMETRIC_REPRESENTATION_CONTEXT(2) 
PARAMETRIC_REPRESENTATION_CONTEXT() REPRESENTATION_CONTEXT('2D SPACE',''
  ) );
#8748 = ORIENTED_EDGE('',*,*,#7726,.F.);
#8749 = ORIENTED_EDGE('',*,*,#8750,.F.);
#8750 = EDGE_CURVE('',#8525,#7727,#8751,.T.);
#8751 = SURFACE_CURVE('',#8752,(#8834,#8841),.PCURVE_S1.);
#8752 = B_SPLINE_CURVE_WITH_KNOTS('',8,(#8753,#8754,#8755,#8756,#8757,
    #8758,#8759,#8760,#8761,#8762,#8763,#8764,#8765,#8766,#8767,#8768,
    #8769,#8770,#8771,#8772,#8773,#8774,#8775,#8776,#8777,#8778,#8779,
    #8780,#8781,#8782,#8783,#8784,#8785,#8786,#8787,#8788,#8789,#8790,
    #8791,#8792,#8793,#8794,#8795,#8796,#8797,#8798,#8799,#8800,#8801,
    #8802,#8803,#8804,#8805,#8806,#8807,#8808,#8809,#8810,#8811,#8812,
    #8813,#8814,#8815,#8816,#8817,#8818,#8819,#8820,#8821,#8822,#8823,
    #8824,#8825,#8826,#8827,#8828,#8829,#8830,#8831,#8832,#8833),
  .UNSPECIFIED.,.F.,.F.,(9,6,6,6,6,6,6,6,6,6,6,6,6,9),(0.,
    7.647048244902E-02,0.153348445997,0.238496357036,0.307398170253,
    0.381677665565,0.461605425217,0.535456964133,0.61537617646,
    0.69244177988,0.76914205236,0.844185206462,0.92267634574,1.),
  .UNSPECIFIED.);
#8753 = CARTESIAN_POINT('',(83.627970289872,5.738304803697,3.));
#8754 = CARTESIAN_POINT('',(83.722602016465,5.62135202902,3.));
#8755 = CARTESIAN_POINT('',(84.312993699133,5.567923838777,3.));
#8756 = CARTESIAN_POINT('',(83.750380575481,5.518133472853,3.));
#8757 = CARTESIAN_POINT('',(84.901674599889,5.394305748376,3.));
#8758 = CARTESIAN_POINT('',(84.381876046439,5.402390807246,3.));
#8759 = CARTESIAN_POINT('',(84.923250619355,5.321101078393,3.));
#8760 = CARTESIAN_POINT('',(85.218157540288,5.247375973898,3.));
#8761 = CARTESIAN_POINT('',(85.758940997191,5.172345982848,3.));
#8762 = CARTESIAN_POINT('',(85.82708140857,5.157836500948,3.));
#8763 = CARTESIAN_POINT('',(86.251932701112,5.12141810307,3.));
#8764 = CARTESIAN_POINT('',(86.296583324864,5.115501061927,3.));
#8765 = CARTESIAN_POINT('',(86.594736128406,5.100446206187,3.));
#8766 = CARTESIAN_POINT('',(87.020133856725,5.087575739326,3.));
#8767 = CARTESIAN_POINT('',(87.509208993032,5.094079281173,3.));
#8768 = CARTESIAN_POINT('',(87.708617574381,5.10432941941,3.));
#8769 = CARTESIAN_POINT('',(88.007899720007,5.125763960355,3.));
#8770 = CARTESIAN_POINT('',(88.198126437967,5.14879102584,3.));
#8771 = CARTESIAN_POINT('',(88.461315521064,5.189138733104,3.));
#8772 = CARTESIAN_POINT('',(88.87879690393,5.274686301677,3.));
#8773 = CARTESIAN_POINT('',(89.303724153087,5.406842160412,3.));
#8774 = CARTESIAN_POINT('',(89.475556972701,5.469614504771,3.));
#8775 = CARTESIAN_POINT('',(89.67399521771,5.557226749109,3.000000000001
    ));
#8776 = CARTESIAN_POINT('',(89.830615890433,5.634035705169,
    2.999999999999));
#8777 = CARTESIAN_POINT('',(90.009023237584,5.743279348569,3.));
#8778 = CARTESIAN_POINT('',(90.335046986246,5.971294863937,3.));
#8779 = CARTESIAN_POINT('',(90.630697280356,6.265964914092,3.));
#8780 = CARTESIAN_POINT('',(90.753947120294,6.408569834031,
    2.999999999999));
#8781 = CARTESIAN_POINT('',(90.89517511429,6.625163534877,3.000000000001
    ));
#8782 = CARTESIAN_POINT('',(90.975106209232,6.764352388397,
    2.999999999999));
#8783 = CARTESIAN_POINT('',(91.069739443521,6.991222097471,3.));
#8784 = CARTESIAN_POINT('',(91.199587474858,7.384648621831,3.));
#8785 = CARTESIAN_POINT('',(91.272607675838,7.844254766137,3.));
#8786 = CARTESIAN_POINT('',(91.282712898723,8.014944982367,
    2.999999999999));
#8787 = CARTESIAN_POINT('',(91.289691863089,8.343986565242,
    3.000000000001));
#8788 = CARTESIAN_POINT('',(91.294762319127,8.466078971937,
    2.999999999999));
#8789 = CARTESIAN_POINT('',(91.251510248526,8.753808870257,3.));
#8790 = CARTESIAN_POINT('',(91.163833519898,9.147660801831,3.));
#8791 = CARTESIAN_POINT('',(90.982541765275,9.579062832313,3.));
#8792 = CARTESIAN_POINT('',(90.900799766337,9.717820561797,
    2.999999999999));
#8793 = CARTESIAN_POINT('',(90.755679397543,9.969249168926,3.));
#8794 = CARTESIAN_POINT('',(90.655982551813,10.066998528307,3.));
#8795 = CARTESIAN_POINT('',(90.498922259116,10.257031916991,3.));
#8796 = CARTESIAN_POINT('',(90.202773854004,10.552441975221,3.));
#8797 = CARTESIAN_POINT('',(89.854716877629,10.842012145643,3.));
#8798 = CARTESIAN_POINT('',(89.688127917086,10.955514502351,3.));
#8799 = CARTESIAN_POINT('',(89.477366515062,11.114097340004,3.));
#8800 = CARTESIAN_POINT('',(89.301383016319,11.203553270879,3.));
#8801 = CARTESIAN_POINT('',(89.099699333819,11.33174936709,3.));
#8802 = CARTESIAN_POINT('',(88.703666674326,11.529713548991,3.));
#8803 = CARTESIAN_POINT('',(88.30655293476,11.726974298813,3.));
#8804 = CARTESIAN_POINT('',(88.099665304275,11.828298024198,
    2.999999999999));
#8805 = CARTESIAN_POINT('',(87.93768804457,11.914452556757,
    3.000000000001));
#8806 = CARTESIAN_POINT('',(87.694491429013,12.026406908642,3.));
#8807 = CARTESIAN_POINT('',(87.538121913734,12.112715817502,3.));
#8808 = CARTESIAN_POINT('',(87.114613073946,12.313771934013,3.));
#8809 = CARTESIAN_POINT('',(86.766939643291,12.502103292833,3.));
#8810 = CARTESIAN_POINT('',(86.514246189158,12.687043967398,3.));
#8811 = CARTESIAN_POINT('',(86.486388254965,12.712910075654,
    3.000000000001));
#8812 = CARTESIAN_POINT('',(86.183576270727,12.983241711863,
    2.999999999999));
#8813 = CARTESIAN_POINT('',(86.135635724859,13.108147823903,3.));
#8814 = CARTESIAN_POINT('',(85.961284825923,13.55561328633,3.));
#8815 = CARTESIAN_POINT('',(86.017147420582,13.967894089356,3.));
#8816 = CARTESIAN_POINT('',(86.001845434948,14.190161694085,
    2.999999999999));
#8817 = CARTESIAN_POINT('',(86.141847548985,14.410987901785,
    3.000000000002));
#8818 = CARTESIAN_POINT('',(86.17975180678,14.578915350998,
    2.999999999999));
#8819 = CARTESIAN_POINT('',(86.413272358079,14.742800402021,3.));
#8820 = CARTESIAN_POINT('',(86.735214752471,14.956434076448,3.));
#8821 = CARTESIAN_POINT('',(87.229435256339,15.068403874406,3.));
#8822 = CARTESIAN_POINT('',(87.314237433731,15.069366979071,3.));
#8823 = CARTESIAN_POINT('',(87.793254127944,15.087717799656,3.));
#8824 = CARTESIAN_POINT('',(87.752726391692,15.091579010111,3.));
#8825 = CARTESIAN_POINT('',(88.129013385661,15.029125888104,3.));
#8826 = CARTESIAN_POINT('',(88.469755338441,14.93042141108,3.));
#8827 = CARTESIAN_POINT('',(88.95480803091,14.721617632833,3.));
#8828 = CARTESIAN_POINT('',(88.994231656135,14.652813101299,
    3.000000000001));
#8829 = CARTESIAN_POINT('',(89.455593506209,14.470555338367,
    2.999999999999));
#8830 = CARTESIAN_POINT('',(89.3316385166,14.401850485666,3.000000000001
    ));
#8831 = CARTESIAN_POINT('',(89.718734958185,14.249816462635,
    2.999999999999));
#8832 = CARTESIAN_POINT('',(89.792748584335,14.098884630304,3.));
#8833 = CARTESIAN_POINT('',(89.982517158339,13.967986631183,3.));
#8834 = PCURVE('',#7749,#8835);
#8835 = DEFINITIONAL_REPRESENTATION('',(#8836),#8840);
#8836 = LINE('',#8837,#8838);
#8837 = CARTESIAN_POINT('',(0.,0.));
#8838 = VECTOR('',#8839,1.);
#8839 = DIRECTION('',(1.,0.));
#8840 = ( GEOMETRIC_REPRESENTATION_CONTEXT(2) 
PARAMETRIC_REPRESENTATION_CONTEXT() REPRESENTATION_CONTEXT('2D SPACE',''
  ) );
#8841 = PCURVE('',#7911,#8842);
#8842 = DEFINITIONAL_REPRESENTATION('',(#8843),#8925);
#8843 = B_SPLINE_CURVE_WITH_KNOTS('',8,(#8844,#8845,#8846,#8847,#8848,
    #8849,#8850,#8851,#8852,#8853,#8854,#8855,#8856,#8857,#8858,#8859,
    #8860,#8861,#8862,#8863,#8864,#8865,#8866,#8867,#8868,#8869,#8870,
    #8871,#8872,#8873,#8874,#8875,#8876,#8877,#8878,#8879,#8880,#8881,
    #8882,#8883,#8884,#8885,#8886,#8887,#8888,#8889,#8890,#8891,#8892,
    #8893,#8894,#8895,#8896,#8897,#8898,#8899,#8900,#8901,#8902,#8903,
    #8904,#8905,#8906,#8907,#8908,#8909,#8910,#8911,#8912,#8913,#8914,
    #8915,#8916,#8917,#8918,#8919,#8920,#8921,#8922,#8923,#8924),
  .UNSPECIFIED.,.F.,.F.,(9,6,6,6,6,6,6,6,6,6,6,6,6,9),(0.,
    7.647048244902E-02,0.153348445997,0.238496357036,0.307398170253,
    0.381677665565,0.461605425217,0.535456964133,0.61537617646,
    0.69244177988,0.76914205236,0.844185206462,0.92267634574,1.),
  .UNSPECIFIED.);
#8844 = CARTESIAN_POINT('',(-3.854778854531,-5.118319415611));
#8845 = CARTESIAN_POINT('',(-3.760147127937,-5.235272190288));
#8846 = CARTESIAN_POINT('',(-3.169755445269,-5.288700380531));
#8847 = CARTESIAN_POINT('',(-3.732368568921,-5.338490746455));
#8848 = CARTESIAN_POINT('',(-2.581074544513,-5.462318470932));
#8849 = CARTESIAN_POINT('',(-3.100873097963,-5.454233412062));
#8850 = CARTESIAN_POINT('',(-2.559498525047,-5.535523140915));
#8851 = CARTESIAN_POINT('',(-2.264591604114,-5.60924824541));
#8852 = CARTESIAN_POINT('',(-1.723808147211,-5.68427823646));
#8853 = CARTESIAN_POINT('',(-1.655667735833,-5.69878771836));
#8854 = CARTESIAN_POINT('',(-1.23081644329,-5.735206116238));
#8855 = CARTESIAN_POINT('',(-1.186165819538,-5.741123157381));
#8856 = CARTESIAN_POINT('',(-0.888013015997,-5.756178013121));
#8857 = CARTESIAN_POINT('',(-0.462615287677,-5.769048479982));
#8858 = CARTESIAN_POINT('',(2.645984863E-02,-5.762544938135));
#8859 = CARTESIAN_POINT('',(0.225868429979,-5.752294799898));
#8860 = CARTESIAN_POINT('',(0.525150575605,-5.730860258953));
#8861 = CARTESIAN_POINT('',(0.715377293565,-5.707833193468));
#8862 = CARTESIAN_POINT('',(0.978566376662,-5.667485486204));
#8863 = CARTESIAN_POINT('',(1.396047759528,-5.581937917631));
#8864 = CARTESIAN_POINT('',(1.820975008685,-5.449782058896));
#8865 = CARTESIAN_POINT('',(1.992807828299,-5.387009714537));
#8866 = CARTESIAN_POINT('',(2.191246073308,-5.299397470199));
#8867 = CARTESIAN_POINT('',(2.347866746031,-5.222588514139));
#8868 = CARTESIAN_POINT('',(2.526274093182,-5.113344870739));
#8869 = CARTESIAN_POINT('',(2.852297841844,-4.885329355372));
#8870 = CARTESIAN_POINT('',(3.147948135954,-4.590659305217));
#8871 = CARTESIAN_POINT('',(3.271197975892,-4.448054385277));
#8872 = CARTESIAN_POINT('',(3.412425969887,-4.231460684431));
#8873 = CARTESIAN_POINT('',(3.492357064829,-4.092271830911));
#8874 = CARTESIAN_POINT('',(3.586990299119,-3.865402121837));
#8875 = CARTESIAN_POINT('',(3.716838330456,-3.471975597477));
#8876 = CARTESIAN_POINT('',(3.789858531436,-3.012369453171));
#8877 = CARTESIAN_POINT('',(3.79996375432,-2.841679236941));
#8878 = CARTESIAN_POINT('',(3.806942718687,-2.512637654066));
#8879 = CARTESIAN_POINT('',(3.812013174725,-2.390545247371));
#8880 = CARTESIAN_POINT('',(3.768761104124,-2.102815349051));
#8881 = CARTESIAN_POINT('',(3.681084375496,-1.708963417477));
#8882 = CARTESIAN_POINT('',(3.499792620873,-1.277561386995));
#8883 = CARTESIAN_POINT('',(3.418050621935,-1.138803657511));
#8884 = CARTESIAN_POINT('',(3.272930253141,-0.887375050382));
#8885 = CARTESIAN_POINT('',(3.17323340741,-0.789625691001));
#8886 = CARTESIAN_POINT('',(3.016173114714,-0.599592302317));
#8887 = CARTESIAN_POINT('',(2.720024709602,-0.304182244087));
#8888 = CARTESIAN_POINT('',(2.371967733227,-1.46120736654E-02));
#8889 = CARTESIAN_POINT('',(2.205378772683,9.889028304288E-02));
#8890 = CARTESIAN_POINT('',(1.99461737066,0.257473120695));
#8891 = CARTESIAN_POINT('',(1.818633871917,0.346929051571));
#8892 = CARTESIAN_POINT('',(1.616950189417,0.475125147782));
#8893 = CARTESIAN_POINT('',(1.220917529924,0.673089329683));
#8894 = CARTESIAN_POINT('',(0.823803790358,0.870350079505));
#8895 = CARTESIAN_POINT('',(0.616916159873,0.97167380489));
#8896 = CARTESIAN_POINT('',(0.454938900168,1.057828337449));
#8897 = CARTESIAN_POINT('',(0.211742284611,1.169782689334));
#8898 = CARTESIAN_POINT('',(5.537276933163E-02,1.256091598194));
#8899 = CARTESIAN_POINT('',(-0.368136070456,1.457147714705));
#8900 = CARTESIAN_POINT('',(-0.715809501112,1.645479073524));
#8901 = CARTESIAN_POINT('',(-0.968502955244,1.83041974809));
#8902 = CARTESIAN_POINT('',(-0.996360889438,1.856285856346));
#8903 = CARTESIAN_POINT('',(-1.299172873676,2.126617492555));
#8904 = CARTESIAN_POINT('',(-1.347113419543,2.251523604595));
#8905 = CARTESIAN_POINT('',(-1.521464318479,2.698989067022));
#8906 = CARTESIAN_POINT('',(-1.46560172382,3.111269870048));
#8907 = CARTESIAN_POINT('',(-1.480903709454,3.333537474777));
#8908 = CARTESIAN_POINT('',(-1.340901595417,3.554363682477));
#8909 = CARTESIAN_POINT('',(-1.302997337622,3.72229113169));
#8910 = CARTESIAN_POINT('',(-1.069476786323,3.886176182713));
#8911 = CARTESIAN_POINT('',(-0.747534391931,4.09980985714));
#8912 = CARTESIAN_POINT('',(-0.253313888063,4.211779655098));
#8913 = CARTESIAN_POINT('',(-0.168511710672,4.212742759763));
#8914 = CARTESIAN_POINT('',(0.310504983542,4.231093580348));
#8915 = CARTESIAN_POINT('',(0.26997724729,4.234954790803));
#8916 = CARTESIAN_POINT('',(0.646264241258,4.172501668796));
#8917 = CARTESIAN_POINT('',(0.987006194039,4.073797191772));
#8918 = CARTESIAN_POINT('',(1.472058886508,3.864993413525));
#8919 = CARTESIAN_POINT('',(1.511482511733,3.796188881991));
#8920 = CARTESIAN_POINT('',(1.972844361807,3.613931119059));
#8921 = CARTESIAN_POINT('',(1.848889372198,3.545226266358));
#8922 = CARTESIAN_POINT('',(2.235985813783,3.393192243327));
#8923 = CARTESIAN_POINT('',(2.309999439933,3.242260410996));
#8924 = CARTESIAN_POINT('',(2.499768013936,3.111362411875));
#8925 = ( GEOMETRIC_REPRESENTATION_CONTEXT(2) 
PARAMETRIC_REPRESENTATION_CONTEXT() REPRESENTATION_CONTEXT('2D SPACE',''
  ) );
#8926 = ADVANCED_FACE('',(#8927),#7911,.F.);
#8927 = FACE_BOUND('',#8928,.F.);
#8928 = EDGE_LOOP('',(#8929,#8930,#8931,#8932,#8933));
#8929 = ORIENTED_EDGE('',*,*,#7897,.T.);
#8930 = ORIENTED_EDGE('',*,*,#8064,.T.);
#8931 = ORIENTED_EDGE('',*,*,#8308,.T.);
#8932 = ORIENTED_EDGE('',*,*,#8547,.T.);
#8933 = ORIENTED_EDGE('',*,*,#8750,.T.);
#8934 = ADVANCED_FACE('',(#8935),#7857,.T.);
#8935 = FACE_BOUND('',#8936,.T.);
#8936 = EDGE_LOOP('',(#8937,#8938,#8939,#8940,#8941));
#8937 = ORIENTED_EDGE('',*,*,#7841,.T.);
#8938 = ORIENTED_EDGE('',*,*,#7927,.T.);
#8939 = ORIENTED_EDGE('',*,*,#8089,.T.);
#8940 = ORIENTED_EDGE('',*,*,#8501,.T.);
#8941 = ORIENTED_EDGE('',*,*,#8572,.T.);
#8942 = MANIFOLD_SOLID_BREP('',#8943);
#8943 = CLOSED_SHELL('',(#8944,#9134,#9378,#9454,#9530,#9606,#9687,#9775
    ,#9851,#9927,#9998,#10141,#10155));
#8944 = ADVANCED_FACE('',(#8945),#8959,.F.);
#8945 = FACE_BOUND('',#8946,.F.);
#8946 = EDGE_LOOP('',(#8947,#9008,#9036,#9108));
#8947 = ORIENTED_EDGE('',*,*,#8948,.T.);
#8948 = EDGE_CURVE('',#8949,#8951,#8953,.T.);
#8949 = VERTEX_POINT('',#8950);
#8950 = CARTESIAN_POINT('',(79.395979354105,5.253609093975,3.));
#8951 = VERTEX_POINT('',#8952);
#8952 = CARTESIAN_POINT('',(79.395979354105,5.253609093975,4.2));
#8953 = SURFACE_CURVE('',#8954,(#8958,#8970),.PCURVE_S1.);
#8954 = LINE('',#8955,#8956);
#8955 = CARTESIAN_POINT('',(79.395979354105,5.253609093975,3.));
#8956 = VECTOR('',#8957,1.);
#8957 = DIRECTION('',(0.,0.,1.));
#8958 = PCURVE('',#8959,#8964);
#8959 = PLANE('',#8960);
#8960 = AXIS2_PLACEMENT_3D('',#8961,#8962,#8963);
#8961 = CARTESIAN_POINT('',(79.395979354105,5.253609093975,3.));
#8962 = DIRECTION('',(0.,1.,0.));
#8963 = DIRECTION('',(1.,0.,0.));
#8964 = DEFINITIONAL_REPRESENTATION('',(#8965),#8969);
#8965 = LINE('',#8966,#8967);
#8966 = CARTESIAN_POINT('',(0.,0.));
#8967 = VECTOR('',#8968,1.);
#8968 = DIRECTION('',(0.,-1.));
#8969 = ( GEOMETRIC_REPRESENTATION_CONTEXT(2) 
PARAMETRIC_REPRESENTATION_CONTEXT() REPRESENTATION_CONTEXT('2D SPACE',''
  ) );
#8970 = PCURVE('',#8971,#9002);
#8971 = SURFACE_OF_LINEAR_EXTRUSION('',#8972,#9000);
#8972 = B_SPLINE_CURVE_WITH_KNOTS('',8,(#8973,#8974,#8975,#8976,#8977,
    #8978,#8979,#8980,#8981,#8982,#8983,#8984,#8985,#8986,#8987,#8988,
    #8989,#8990,#8991,#8992,#8993,#8994,#8995,#8996,#8997,#8998,#8999),
  .UNSPECIFIED.,.F.,.F.,(9,6,6,6,9),(0.,0.344495256222,0.555886992583,
    0.777442361545,1.),.UNSPECIFIED.);
#8973 = CARTESIAN_POINT('',(76.247825744664,5.350747871715,3.));
#8974 = CARTESIAN_POINT('',(76.255501518818,6.014341880228,3.));
#8975 = CARTESIAN_POINT('',(76.207818766708,6.682357576309,
    3.000000000001));
#8976 = CARTESIAN_POINT('',(76.348617248716,7.336942963857,
    2.999999999998));
#8977 = CARTESIAN_POINT('',(76.100005580012,8.014971154046,
    3.000000000003));
#8978 = CARTESIAN_POINT('',(76.370969667131,8.669678332417,
    2.999999999998));
#8979 = CARTESIAN_POINT('',(76.216008771353,9.332129559027,
    3.000000000001));
#8980 = CARTESIAN_POINT('',(76.178998140718,10.421867514748,3.));
#8981 = CARTESIAN_POINT('',(76.562865555041,11.450603598753,3.));
#8982 = CARTESIAN_POINT('',(76.744487302294,11.760110241364,3.));
#8983 = CARTESIAN_POINT('',(77.177867404658,12.244384554367,3.));
#8984 = CARTESIAN_POINT('',(77.628861764598,12.013244487665,3.));
#8985 = CARTESIAN_POINT('',(77.995865113957,12.227653948976,3.));
#8986 = CARTESIAN_POINT('',(78.932135316899,12.04485174815,3.));
#8987 = CARTESIAN_POINT('',(79.382724934152,11.296381645401,3.));
#8988 = CARTESIAN_POINT('',(79.556729736782,10.782731487467,
    3.000000000001));
#8989 = CARTESIAN_POINT('',(79.293482247484,10.417448399158,
    2.999999999999));
#8990 = CARTESIAN_POINT('',(79.421377614522,9.96027217102,3.));
#8991 = CARTESIAN_POINT('',(79.395664199451,9.542608348266,3.));
#8992 = CARTESIAN_POINT('',(79.395447767997,8.683456896397,3.));
#8993 = CARTESIAN_POINT('',(79.396776354388,7.829417844749,3.));
#8994 = CARTESIAN_POINT('',(79.393512948517,7.397233402463,
    2.999999999999));
#8995 = CARTESIAN_POINT('',(79.39934107494,6.972601034965,3.000000000003
    ));
#8996 = CARTESIAN_POINT('',(79.39337963779,6.53927249458,2.999999999998)
  );
#8997 = CARTESIAN_POINT('',(79.397125256344,6.112620087127,
    3.000000000001));
#8998 = CARTESIAN_POINT('',(79.395740014155,5.682598148521,3.));
#8999 = CARTESIAN_POINT('',(79.395979354105,5.253609093975,3.));
#9000 = VECTOR('',#9001,1.);
#9001 = DIRECTION('',(-0.,-0.,-1.));
#9002 = DEFINITIONAL_REPRESENTATION('',(#9003),#9007);
#9003 = LINE('',#9004,#9005);
#9004 = CARTESIAN_POINT('',(1.,0.));
#9005 = VECTOR('',#9006,1.);
#9006 = DIRECTION('',(0.,-1.));
#9007 = ( GEOMETRIC_REPRESENTATION_CONTEXT(2) 
PARAMETRIC_REPRESENTATION_CONTEXT() REPRESENTATION_CONTEXT('2D SPACE',''
  ) );
#9008 = ORIENTED_EDGE('',*,*,#9009,.T.);
#9009 = EDGE_CURVE('',#8951,#9010,#9012,.T.);
#9010 = VERTEX_POINT('',#9011);
#9011 = CARTESIAN_POINT('',(81.357751907571,5.253609093975,4.2));
#9012 = SURFACE_CURVE('',#9013,(#9017,#9024),.PCURVE_S1.);
#9013 = LINE('',#9014,#9015);
#9014 = CARTESIAN_POINT('',(79.395979354105,5.253609093975,4.2));
#9015 = VECTOR('',#9016,1.);
#9016 = DIRECTION('',(1.,0.,0.));
#9017 = PCURVE('',#8959,#9018);
#9018 = DEFINITIONAL_REPRESENTATION('',(#9019),#9023);
#9019 = LINE('',#9020,#9021);
#9020 = CARTESIAN_POINT('',(0.,-1.2));
#9021 = VECTOR('',#9022,1.);
#9022 = DIRECTION('',(1.,0.));
#9023 = ( GEOMETRIC_REPRESENTATION_CONTEXT(2) 
PARAMETRIC_REPRESENTATION_CONTEXT() REPRESENTATION_CONTEXT('2D SPACE',''
  ) );
#9024 = PCURVE('',#9025,#9030);
#9025 = PLANE('',#9026);
#9026 = AXIS2_PLACEMENT_3D('',#9027,#9028,#9029);
#9027 = CARTESIAN_POINT('',(77.666101457317,9.728489985976,4.2));
#9028 = DIRECTION('',(0.,0.,1.));
#9029 = DIRECTION('',(1.,0.,-0.));
#9030 = DEFINITIONAL_REPRESENTATION('',(#9031),#9035);
#9031 = LINE('',#9032,#9033);
#9032 = CARTESIAN_POINT('',(1.729877896788,-4.474880892001));
#9033 = VECTOR('',#9034,1.);
#9034 = DIRECTION('',(1.,0.));
#9035 = ( GEOMETRIC_REPRESENTATION_CONTEXT(2) 
PARAMETRIC_REPRESENTATION_CONTEXT() REPRESENTATION_CONTEXT('2D SPACE',''
  ) );
#9036 = ORIENTED_EDGE('',*,*,#9037,.F.);
#9037 = EDGE_CURVE('',#9038,#9010,#9040,.T.);
#9038 = VERTEX_POINT('',#9039);
#9039 = CARTESIAN_POINT('',(81.357751907571,5.253609093975,3.));
#9040 = SURFACE_CURVE('',#9041,(#9045,#9052),.PCURVE_S1.);
#9041 = LINE('',#9042,#9043);
#9042 = CARTESIAN_POINT('',(81.357751907571,5.253609093975,3.));
#9043 = VECTOR('',#9044,1.);
#9044 = DIRECTION('',(0.,0.,1.));
#9045 = PCURVE('',#8959,#9046);
#9046 = DEFINITIONAL_REPRESENTATION('',(#9047),#9051);
#9047 = LINE('',#9048,#9049);
#9048 = CARTESIAN_POINT('',(1.961772553467,0.));
#9049 = VECTOR('',#9050,1.);
#9050 = DIRECTION('',(0.,-1.));
#9051 = ( GEOMETRIC_REPRESENTATION_CONTEXT(2) 
PARAMETRIC_REPRESENTATION_CONTEXT() REPRESENTATION_CONTEXT('2D SPACE',''
  ) );
#9052 = PCURVE('',#9053,#9102);
#9053 = SURFACE_OF_LINEAR_EXTRUSION('',#9054,#9100);
#9054 = B_SPLINE_CURVE_WITH_KNOTS('',8,(#9055,#9056,#9057,#9058,#9059,
    #9060,#9061,#9062,#9063,#9064,#9065,#9066,#9067,#9068,#9069,#9070,
    #9071,#9072,#9073,#9074,#9075,#9076,#9077,#9078,#9079,#9080,#9081,
    #9082,#9083,#9084,#9085,#9086,#9087,#9088,#9089,#9090,#9091,#9092,
    #9093,#9094,#9095,#9096,#9097,#9098,#9099),.UNSPECIFIED.,.F.,.F.,(9,
    6,6,6,6,6,6,9),(0.,0.141361829643,0.284599049546,0.429917388634,
    0.574523961321,0.709186393535,0.862865059308,1.),.UNSPECIFIED.);
#9055 = CARTESIAN_POINT('',(81.357751907571,5.253609093975,3.));
#9056 = CARTESIAN_POINT('',(81.475837005993,5.232998595157,3.));
#9057 = CARTESIAN_POINT('',(81.236105212956,6.379067855729,3.));
#9058 = CARTESIAN_POINT('',(81.570424426791,5.02932565883,3.));
#9059 = CARTESIAN_POINT('',(81.252132865693,6.975942501817,
    3.000000000001));
#9060 = CARTESIAN_POINT('',(81.452079844225,6.047629529765,
    2.999999999999));
#9061 = CARTESIAN_POINT('',(81.377014297146,6.748949991932,3.));
#9062 = CARTESIAN_POINT('',(81.400794267056,7.068510479328,3.));
#9063 = CARTESIAN_POINT('',(81.381631379668,7.672393898142,3.));
#9064 = CARTESIAN_POINT('',(81.40472712627,7.756598307563,2.999999999999
    ));
#9065 = CARTESIAN_POINT('',(81.374492439493,8.201639214258,
    3.000000000001));
#9066 = CARTESIAN_POINT('',(81.398098525171,8.279199843816,
    2.999999999999));
#9067 = CARTESIAN_POINT('',(81.387621986698,8.592167384192,3.));
#9068 = CARTESIAN_POINT('',(81.391564798634,9.046163947632,3.));
#9069 = CARTESIAN_POINT('',(81.388239800707,9.554146775115,3.));
#9070 = CARTESIAN_POINT('',(81.393040805378,9.760751323226,3.));
#9071 = CARTESIAN_POINT('',(81.384482795218,10.0616814963,3.));
#9072 = CARTESIAN_POINT('',(81.395903391457,10.24856984679,3.));
#9073 = CARTESIAN_POINT('',(81.383634132541,10.525314831596,3.));
#9074 = CARTESIAN_POINT('',(81.404800271101,10.989629457994,3.));
#9075 = CARTESIAN_POINT('',(81.355430895629,11.496563921626,3.));
#9076 = CARTESIAN_POINT('',(81.340067817746,11.69412329748,
    3.000000000001));
#9077 = CARTESIAN_POINT('',(81.260000207471,12.006058431565,
    2.999999999999));
#9078 = CARTESIAN_POINT('',(81.225303997258,12.169257570933,
    3.000000000001));
#9079 = CARTESIAN_POINT('',(81.118042507224,12.434750840992,3.));
#9080 = CARTESIAN_POINT('',(80.915255815622,12.836900394849,3.));
#9081 = CARTESIAN_POINT('',(80.609946582409,13.215569927823,3.));
#9082 = CARTESIAN_POINT('',(80.465257563581,13.359571375802,3.));
#9083 = CARTESIAN_POINT('',(80.259002038167,13.52520631954,3.));
#9084 = CARTESIAN_POINT('',(80.095105254921,13.628079444254,3.));
#9085 = CARTESIAN_POINT('',(79.869594697956,13.732900542726,3.));
#9086 = CARTESIAN_POINT('',(79.428901472884,13.894238095323,3.));
#9087 = CARTESIAN_POINT('',(78.93031725433,13.969716332481,3.));
#9088 = CARTESIAN_POINT('',(78.716970162287,13.991970420896,3.));
#9089 = CARTESIAN_POINT('',(78.371904595812,13.96888492614,3.));
#9090 = CARTESIAN_POINT('',(78.21020540167,13.990695270124,3.));
#9091 = CARTESIAN_POINT('',(77.892313411843,13.934443099608,3.));
#9092 = CARTESIAN_POINT('',(77.449513074143,13.832411287632,3.));
#9093 = CARTESIAN_POINT('',(76.996730232962,13.555012202382,3.));
#9094 = CARTESIAN_POINT('',(76.883596079103,13.44435426639,3.));
#9095 = CARTESIAN_POINT('',(76.636453534855,13.135592851883,3.));
#9096 = CARTESIAN_POINT('',(76.652319893423,13.06533072594,3.));
#9097 = CARTESIAN_POINT('',(76.504803374624,12.740470218168,3.));
#9098 = CARTESIAN_POINT('',(76.484588305166,12.560622403217,3.));
#9099 = CARTESIAN_POINT('',(76.44935096582,12.324156402213,3.));
#9100 = VECTOR('',#9101,1.);
#9101 = DIRECTION('',(-0.,-0.,-1.));
#9102 = DEFINITIONAL_REPRESENTATION('',(#9103),#9107);
#9103 = LINE('',#9104,#9105);
#9104 = CARTESIAN_POINT('',(0.,0.));
#9105 = VECTOR('',#9106,1.);
#9106 = DIRECTION('',(0.,-1.));
#9107 = ( GEOMETRIC_REPRESENTATION_CONTEXT(2) 
PARAMETRIC_REPRESENTATION_CONTEXT() REPRESENTATION_CONTEXT('2D SPACE',''
  ) );
#9108 = ORIENTED_EDGE('',*,*,#9109,.F.);
#9109 = EDGE_CURVE('',#8949,#9038,#9110,.T.);
#9110 = SURFACE_CURVE('',#9111,(#9115,#9122),.PCURVE_S1.);
#9111 = LINE('',#9112,#9113);
#9112 = CARTESIAN_POINT('',(79.395979354105,5.253609093975,3.));
#9113 = VECTOR('',#9114,1.);
#9114 = DIRECTION('',(1.,0.,0.));
#9115 = PCURVE('',#8959,#9116);
#9116 = DEFINITIONAL_REPRESENTATION('',(#9117),#9121);
#9117 = LINE('',#9118,#9119);
#9118 = CARTESIAN_POINT('',(0.,0.));
#9119 = VECTOR('',#9120,1.);
#9120 = DIRECTION('',(1.,0.));
#9121 = ( GEOMETRIC_REPRESENTATION_CONTEXT(2) 
PARAMETRIC_REPRESENTATION_CONTEXT() REPRESENTATION_CONTEXT('2D SPACE',''
  ) );
#9122 = PCURVE('',#9123,#9128);
#9123 = PLANE('',#9124);
#9124 = AXIS2_PLACEMENT_3D('',#9125,#9126,#9127);
#9125 = CARTESIAN_POINT('',(77.666101457317,9.728489985976,3.));
#9126 = DIRECTION('',(0.,0.,1.));
#9127 = DIRECTION('',(1.,0.,-0.));
#9128 = DEFINITIONAL_REPRESENTATION('',(#9129),#9133);
#9129 = LINE('',#9130,#9131);
#9130 = CARTESIAN_POINT('',(1.729877896788,-4.474880892001));
#9131 = VECTOR('',#9132,1.);
#9132 = DIRECTION('',(1.,0.));
#9133 = ( GEOMETRIC_REPRESENTATION_CONTEXT(2) 
PARAMETRIC_REPRESENTATION_CONTEXT() REPRESENTATION_CONTEXT('2D SPACE',''
  ) );
#9134 = ADVANCED_FACE('',(#9135),#9053,.F.);
#9135 = FACE_BOUND('',#9136,.F.);
#9136 = EDGE_LOOP('',(#9137,#9138,#9245,#9273));
#9137 = ORIENTED_EDGE('',*,*,#9037,.T.);
#9138 = ORIENTED_EDGE('',*,*,#9139,.T.);
#9139 = EDGE_CURVE('',#9010,#9140,#9142,.T.);
#9140 = VERTEX_POINT('',#9141);
#9141 = CARTESIAN_POINT('',(76.44935096582,12.324156402213,4.2));
#9142 = SURFACE_CURVE('',#9143,(#9189,#9196),.PCURVE_S1.);
#9143 = B_SPLINE_CURVE_WITH_KNOTS('',8,(#9144,#9145,#9146,#9147,#9148,
    #9149,#9150,#9151,#9152,#9153,#9154,#9155,#9156,#9157,#9158,#9159,
    #9160,#9161,#9162,#9163,#9164,#9165,#9166,#9167,#9168,#9169,#9170,
    #9171,#9172,#9173,#9174,#9175,#9176,#9177,#9178,#9179,#9180,#9181,
    #9182,#9183,#9184,#9185,#9186,#9187,#9188),.UNSPECIFIED.,.F.,.F.,(9,
    6,6,6,6,6,6,9),(0.,0.141361829643,0.284599049546,0.429917388634,
    0.574523961321,0.709186393535,0.862865059308,1.),.UNSPECIFIED.);
#9144 = CARTESIAN_POINT('',(81.357751907571,5.253609093975,4.2));
#9145 = CARTESIAN_POINT('',(81.475837005993,5.232998595157,4.2));
#9146 = CARTESIAN_POINT('',(81.236105212956,6.379067855729,4.2));
#9147 = CARTESIAN_POINT('',(81.570424426791,5.02932565883,4.2));
#9148 = CARTESIAN_POINT('',(81.252132865693,6.975942501817,
    4.200000000001));
#9149 = CARTESIAN_POINT('',(81.452079844225,6.047629529765,
    4.199999999999));
#9150 = CARTESIAN_POINT('',(81.377014297146,6.748949991932,4.2));
#9151 = CARTESIAN_POINT('',(81.400794267056,7.068510479328,4.2));
#9152 = CARTESIAN_POINT('',(81.381631379668,7.672393898142,4.2));
#9153 = CARTESIAN_POINT('',(81.40472712627,7.756598307563,4.199999999999
    ));
#9154 = CARTESIAN_POINT('',(81.374492439493,8.201639214258,
    4.200000000001));
#9155 = CARTESIAN_POINT('',(81.398098525171,8.279199843816,
    4.199999999999));
#9156 = CARTESIAN_POINT('',(81.387621986698,8.592167384192,4.2));
#9157 = CARTESIAN_POINT('',(81.391564798634,9.046163947632,4.2));
#9158 = CARTESIAN_POINT('',(81.388239800707,9.554146775115,4.2));
#9159 = CARTESIAN_POINT('',(81.393040805378,9.760751323226,4.2));
#9160 = CARTESIAN_POINT('',(81.384482795218,10.0616814963,4.2));
#9161 = CARTESIAN_POINT('',(81.395903391457,10.24856984679,4.2));
#9162 = CARTESIAN_POINT('',(81.383634132541,10.525314831596,4.2));
#9163 = CARTESIAN_POINT('',(81.404800271101,10.989629457994,4.2));
#9164 = CARTESIAN_POINT('',(81.355430895629,11.496563921626,4.2));
#9165 = CARTESIAN_POINT('',(81.340067817746,11.69412329748,
    4.200000000001));
#9166 = CARTESIAN_POINT('',(81.260000207471,12.006058431565,
    4.199999999999));
#9167 = CARTESIAN_POINT('',(81.225303997258,12.169257570933,
    4.200000000001));
#9168 = CARTESIAN_POINT('',(81.118042507224,12.434750840992,4.2));
#9169 = CARTESIAN_POINT('',(80.915255815622,12.836900394849,4.2));
#9170 = CARTESIAN_POINT('',(80.609946582409,13.215569927823,4.2));
#9171 = CARTESIAN_POINT('',(80.465257563581,13.359571375802,4.2));
#9172 = CARTESIAN_POINT('',(80.259002038167,13.52520631954,4.2));
#9173 = CARTESIAN_POINT('',(80.095105254921,13.628079444254,4.2));
#9174 = CARTESIAN_POINT('',(79.869594697956,13.732900542726,4.2));
#9175 = CARTESIAN_POINT('',(79.428901472884,13.894238095323,4.2));
#9176 = CARTESIAN_POINT('',(78.93031725433,13.969716332481,4.2));
#9177 = CARTESIAN_POINT('',(78.716970162287,13.991970420896,4.2));
#9178 = CARTESIAN_POINT('',(78.371904595812,13.96888492614,4.2));
#9179 = CARTESIAN_POINT('',(78.21020540167,13.990695270124,4.2));
#9180 = CARTESIAN_POINT('',(77.892313411843,13.934443099608,4.2));
#9181 = CARTESIAN_POINT('',(77.449513074143,13.832411287632,4.2));
#9182 = CARTESIAN_POINT('',(76.996730232962,13.555012202382,4.2));
#9183 = CARTESIAN_POINT('',(76.883596079103,13.44435426639,4.2));
#9184 = CARTESIAN_POINT('',(76.636453534855,13.135592851883,4.2));
#9185 = CARTESIAN_POINT('',(76.652319893423,13.06533072594,4.2));
#9186 = CARTESIAN_POINT('',(76.504803374624,12.740470218168,4.2));
#9187 = CARTESIAN_POINT('',(76.484588305166,12.560622403217,4.2));
#9188 = CARTESIAN_POINT('',(76.44935096582,12.324156402213,4.2));
#9189 = PCURVE('',#9053,#9190);
#9190 = DEFINITIONAL_REPRESENTATION('',(#9191),#9195);
#9191 = LINE('',#9192,#9193);
#9192 = CARTESIAN_POINT('',(0.,-1.2));
#9193 = VECTOR('',#9194,1.);
#9194 = DIRECTION('',(1.,0.));
#9195 = ( GEOMETRIC_REPRESENTATION_CONTEXT(2) 
PARAMETRIC_REPRESENTATION_CONTEXT() REPRESENTATION_CONTEXT('2D SPACE',''
  ) );
#9196 = PCURVE('',#9025,#9197);
#9197 = DEFINITIONAL_REPRESENTATION('',(#9198),#9244);
#9198 = B_SPLINE_CURVE_WITH_KNOTS('',8,(#9199,#9200,#9201,#9202,#9203,
    #9204,#9205,#9206,#9207,#9208,#9209,#9210,#9211,#9212,#9213,#9214,
    #9215,#9216,#9217,#9218,#9219,#9220,#9221,#9222,#9223,#9224,#9225,
    #9226,#9227,#9228,#9229,#9230,#9231,#9232,#9233,#9234,#9235,#9236,
    #9237,#9238,#9239,#9240,#9241,#9242,#9243),.UNSPECIFIED.,.F.,.F.,(9,
    6,6,6,6,6,6,9),(0.,0.141361829643,0.284599049546,0.429917388634,
    0.574523961321,0.709186393535,0.862865059308,1.),.UNSPECIFIED.);
#9199 = CARTESIAN_POINT('',(3.691650450254,-4.474880892001));
#9200 = CARTESIAN_POINT('',(3.809735548676,-4.49549139082));
#9201 = CARTESIAN_POINT('',(3.570003755638,-3.349422130247));
#9202 = CARTESIAN_POINT('',(3.904322969474,-4.699164327146));
#9203 = CARTESIAN_POINT('',(3.586031408376,-2.752547484159));
#9204 = CARTESIAN_POINT('',(3.785978386908,-3.680860456211));
#9205 = CARTESIAN_POINT('',(3.710912839828,-2.979539994044));
#9206 = CARTESIAN_POINT('',(3.734692809739,-2.659979506648));
#9207 = CARTESIAN_POINT('',(3.715529922351,-2.056096087834));
#9208 = CARTESIAN_POINT('',(3.738625668952,-1.971891678413));
#9209 = CARTESIAN_POINT('',(3.708390982175,-1.526850771718));
#9210 = CARTESIAN_POINT('',(3.731997067854,-1.44929014216));
#9211 = CARTESIAN_POINT('',(3.721520529381,-1.136322601784));
#9212 = CARTESIAN_POINT('',(3.725463341317,-0.682326038344));
#9213 = CARTESIAN_POINT('',(3.72213834339,-0.174343210861));
#9214 = CARTESIAN_POINT('',(3.726939348061,3.226133724969E-02));
#9215 = CARTESIAN_POINT('',(3.718381337901,0.333191510324));
#9216 = CARTESIAN_POINT('',(3.72980193414,0.520079860814));
#9217 = CARTESIAN_POINT('',(3.717532675224,0.79682484562));
#9218 = CARTESIAN_POINT('',(3.738698813783,1.261139472018));
#9219 = CARTESIAN_POINT('',(3.689329438311,1.76807393565));
#9220 = CARTESIAN_POINT('',(3.673966360429,1.965633311504));
#9221 = CARTESIAN_POINT('',(3.593898750154,2.277568445589));
#9222 = CARTESIAN_POINT('',(3.559202539941,2.440767584957));
#9223 = CARTESIAN_POINT('',(3.451941049907,2.706260855016));
#9224 = CARTESIAN_POINT('',(3.249154358305,3.108410408873));
#9225 = CARTESIAN_POINT('',(2.943845125091,3.487079941847));
#9226 = CARTESIAN_POINT('',(2.799156106264,3.631081389826));
#9227 = CARTESIAN_POINT('',(2.59290058085,3.796716333564));
#9228 = CARTESIAN_POINT('',(2.429003797604,3.899589458278));
#9229 = CARTESIAN_POINT('',(2.203493240639,4.00441055675));
#9230 = CARTESIAN_POINT('',(1.762800015567,4.165748109347));
#9231 = CARTESIAN_POINT('',(1.264215797012,4.241226346505));
#9232 = CARTESIAN_POINT('',(1.05086870497,4.26348043492));
#9233 = CARTESIAN_POINT('',(0.705803138495,4.240394940164));
#9234 = CARTESIAN_POINT('',(0.544103944353,4.262205284148));
#9235 = CARTESIAN_POINT('',(0.226211954526,4.205953113632));
#9236 = CARTESIAN_POINT('',(-0.216588383174,4.103921301656));
#9237 = CARTESIAN_POINT('',(-0.669371224355,3.826522216406));
#9238 = CARTESIAN_POINT('',(-0.782505378215,3.715864280414));
#9239 = CARTESIAN_POINT('',(-1.029647922462,3.407102865907));
#9240 = CARTESIAN_POINT('',(-1.013781563894,3.336840739964));
#9241 = CARTESIAN_POINT('',(-1.161298082693,3.011980232192));
#9242 = CARTESIAN_POINT('',(-1.181513152151,2.832132417241));
#9243 = CARTESIAN_POINT('',(-1.216750491497,2.595666416237));
#9244 = ( GEOMETRIC_REPRESENTATION_CONTEXT(2) 
PARAMETRIC_REPRESENTATION_CONTEXT() REPRESENTATION_CONTEXT('2D SPACE',''
  ) );
#9245 = ORIENTED_EDGE('',*,*,#9246,.F.);
#9246 = EDGE_CURVE('',#9247,#9140,#9249,.T.);
#9247 = VERTEX_POINT('',#9248);
#9248 = CARTESIAN_POINT('',(76.44935096582,12.324156402213,3.));
#9249 = SURFACE_CURVE('',#9250,(#9254,#9261),.PCURVE_S1.);
#9250 = LINE('',#9251,#9252);
#9251 = CARTESIAN_POINT('',(76.44935096582,12.324156402213,3.));
#9252 = VECTOR('',#9253,1.);
#9253 = DIRECTION('',(0.,0.,1.));
#9254 = PCURVE('',#9053,#9255);
#9255 = DEFINITIONAL_REPRESENTATION('',(#9256),#9260);
#9256 = LINE('',#9257,#9258);
#9257 = CARTESIAN_POINT('',(1.,0.));
#9258 = VECTOR('',#9259,1.);
#9259 = DIRECTION('',(0.,-1.));
#9260 = ( GEOMETRIC_REPRESENTATION_CONTEXT(2) 
PARAMETRIC_REPRESENTATION_CONTEXT() REPRESENTATION_CONTEXT('2D SPACE',''
  ) );
#9261 = PCURVE('',#9262,#9267);
#9262 = PLANE('',#9263);
#9263 = AXIS2_PLACEMENT_3D('',#9264,#9265,#9266);
#9264 = CARTESIAN_POINT('',(76.44935096582,12.324156402213,3.));
#9265 = DIRECTION('',(0.748800757891,-0.662795160651,0.));
#9266 = DIRECTION('',(-0.662795160651,-0.748800757891,0.));
#9267 = DEFINITIONAL_REPRESENTATION('',(#9268),#9272);
#9268 = LINE('',#9269,#9270);
#9269 = CARTESIAN_POINT('',(0.,0.));
#9270 = VECTOR('',#9271,1.);
#9271 = DIRECTION('',(0.,-1.));
#9272 = ( GEOMETRIC_REPRESENTATION_CONTEXT(2) 
PARAMETRIC_REPRESENTATION_CONTEXT() REPRESENTATION_CONTEXT('2D SPACE',''
  ) );
#9273 = ORIENTED_EDGE('',*,*,#9274,.F.);
#9274 = EDGE_CURVE('',#9038,#9247,#9275,.T.);
#9275 = SURFACE_CURVE('',#9276,(#9322,#9329),.PCURVE_S1.);
#9276 = B_SPLINE_CURVE_WITH_KNOTS('',8,(#9277,#9278,#9279,#9280,#9281,
    #9282,#9283,#9284,#9285,#9286,#9287,#9288,#9289,#9290,#9291,#9292,
    #9293,#9294,#9295,#9296,#9297,#9298,#9299,#9300,#9301,#9302,#9303,
    #9304,#9305,#9306,#9307,#9308,#9309,#9310,#9311,#9312,#9313,#9314,
    #9315,#9316,#9317,#9318,#9319,#9320,#9321),.UNSPECIFIED.,.F.,.F.,(9,
    6,6,6,6,6,6,9),(0.,0.141361829643,0.284599049546,0.429917388634,
    0.574523961321,0.709186393535,0.862865059308,1.),.UNSPECIFIED.);
#9277 = CARTESIAN_POINT('',(81.357751907571,5.253609093975,3.));
#9278 = CARTESIAN_POINT('',(81.475837005993,5.232998595157,3.));
#9279 = CARTESIAN_POINT('',(81.236105212956,6.379067855729,3.));
#9280 = CARTESIAN_POINT('',(81.570424426791,5.02932565883,3.));
#9281 = CARTESIAN_POINT('',(81.252132865693,6.975942501817,
    3.000000000001));
#9282 = CARTESIAN_POINT('',(81.452079844225,6.047629529765,
    2.999999999999));
#9283 = CARTESIAN_POINT('',(81.377014297146,6.748949991932,3.));
#9284 = CARTESIAN_POINT('',(81.400794267056,7.068510479328,3.));
#9285 = CARTESIAN_POINT('',(81.381631379668,7.672393898142,3.));
#9286 = CARTESIAN_POINT('',(81.40472712627,7.756598307563,2.999999999999
    ));
#9287 = CARTESIAN_POINT('',(81.374492439493,8.201639214258,
    3.000000000001));
#9288 = CARTESIAN_POINT('',(81.398098525171,8.279199843816,
    2.999999999999));
#9289 = CARTESIAN_POINT('',(81.387621986698,8.592167384192,3.));
#9290 = CARTESIAN_POINT('',(81.391564798634,9.046163947632,3.));
#9291 = CARTESIAN_POINT('',(81.388239800707,9.554146775115,3.));
#9292 = CARTESIAN_POINT('',(81.393040805378,9.760751323226,3.));
#9293 = CARTESIAN_POINT('',(81.384482795218,10.0616814963,3.));
#9294 = CARTESIAN_POINT('',(81.395903391457,10.24856984679,3.));
#9295 = CARTESIAN_POINT('',(81.383634132541,10.525314831596,3.));
#9296 = CARTESIAN_POINT('',(81.404800271101,10.989629457994,3.));
#9297 = CARTESIAN_POINT('',(81.355430895629,11.496563921626,3.));
#9298 = CARTESIAN_POINT('',(81.340067817746,11.69412329748,
    3.000000000001));
#9299 = CARTESIAN_POINT('',(81.260000207471,12.006058431565,
    2.999999999999));
#9300 = CARTESIAN_POINT('',(81.225303997258,12.169257570933,
    3.000000000001));
#9301 = CARTESIAN_POINT('',(81.118042507224,12.434750840992,3.));
#9302 = CARTESIAN_POINT('',(80.915255815622,12.836900394849,3.));
#9303 = CARTESIAN_POINT('',(80.609946582409,13.215569927823,3.));
#9304 = CARTESIAN_POINT('',(80.465257563581,13.359571375802,3.));
#9305 = CARTESIAN_POINT('',(80.259002038167,13.52520631954,3.));
#9306 = CARTESIAN_POINT('',(80.095105254921,13.628079444254,3.));
#9307 = CARTESIAN_POINT('',(79.869594697956,13.732900542726,3.));
#9308 = CARTESIAN_POINT('',(79.428901472884,13.894238095323,3.));
#9309 = CARTESIAN_POINT('',(78.93031725433,13.969716332481,3.));
#9310 = CARTESIAN_POINT('',(78.716970162287,13.991970420896,3.));
#9311 = CARTESIAN_POINT('',(78.371904595812,13.96888492614,3.));
#9312 = CARTESIAN_POINT('',(78.21020540167,13.990695270124,3.));
#9313 = CARTESIAN_POINT('',(77.892313411843,13.934443099608,3.));
#9314 = CARTESIAN_POINT('',(77.449513074143,13.832411287632,3.));
#9315 = CARTESIAN_POINT('',(76.996730232962,13.555012202382,3.));
#9316 = CARTESIAN_POINT('',(76.883596079103,13.44435426639,3.));
#9317 = CARTESIAN_POINT('',(76.636453534855,13.135592851883,3.));
#9318 = CARTESIAN_POINT('',(76.652319893423,13.06533072594,3.));
#9319 = CARTESIAN_POINT('',(76.504803374624,12.740470218168,3.));
#9320 = CARTESIAN_POINT('',(76.484588305166,12.560622403217,3.));
#9321 = CARTESIAN_POINT('',(76.44935096582,12.324156402213,3.));
#9322 = PCURVE('',#9053,#9323);
#9323 = DEFINITIONAL_REPRESENTATION('',(#9324),#9328);
#9324 = LINE('',#9325,#9326);
#9325 = CARTESIAN_POINT('',(0.,0.));
#9326 = VECTOR('',#9327,1.);
#9327 = DIRECTION('',(1.,0.));
#9328 = ( GEOMETRIC_REPRESENTATION_CONTEXT(2) 
PARAMETRIC_REPRESENTATION_CONTEXT() REPRESENTATION_CONTEXT('2D SPACE',''
  ) );
#9329 = PCURVE('',#9123,#9330);
#9330 = DEFINITIONAL_REPRESENTATION('',(#9331),#9377);
#9331 = B_SPLINE_CURVE_WITH_KNOTS('',8,(#9332,#9333,#9334,#9335,#9336,
    #9337,#9338,#9339,#9340,#9341,#9342,#9343,#9344,#9345,#9346,#9347,
    #9348,#9349,#9350,#9351,#9352,#9353,#9354,#9355,#9356,#9357,#9358,
    #9359,#9360,#9361,#9362,#9363,#9364,#9365,#9366,#9367,#9368,#9369,
    #9370,#9371,#9372,#9373,#9374,#9375,#9376),.UNSPECIFIED.,.F.,.F.,(9,
    6,6,6,6,6,6,9),(0.,0.141361829643,0.284599049546,0.429917388634,
    0.574523961321,0.709186393535,0.862865059308,1.),.UNSPECIFIED.);
#9332 = CARTESIAN_POINT('',(3.691650450254,-4.474880892001));
#9333 = CARTESIAN_POINT('',(3.809735548676,-4.49549139082));
#9334 = CARTESIAN_POINT('',(3.570003755638,-3.349422130247));
#9335 = CARTESIAN_POINT('',(3.904322969474,-4.699164327146));
#9336 = CARTESIAN_POINT('',(3.586031408376,-2.752547484159));
#9337 = CARTESIAN_POINT('',(3.785978386908,-3.680860456211));
#9338 = CARTESIAN_POINT('',(3.710912839828,-2.979539994044));
#9339 = CARTESIAN_POINT('',(3.734692809739,-2.659979506648));
#9340 = CARTESIAN_POINT('',(3.715529922351,-2.056096087834));
#9341 = CARTESIAN_POINT('',(3.738625668952,-1.971891678413));
#9342 = CARTESIAN_POINT('',(3.708390982175,-1.526850771718));
#9343 = CARTESIAN_POINT('',(3.731997067854,-1.44929014216));
#9344 = CARTESIAN_POINT('',(3.721520529381,-1.136322601784));
#9345 = CARTESIAN_POINT('',(3.725463341317,-0.682326038344));
#9346 = CARTESIAN_POINT('',(3.72213834339,-0.174343210861));
#9347 = CARTESIAN_POINT('',(3.726939348061,3.226133724969E-02));
#9348 = CARTESIAN_POINT('',(3.718381337901,0.333191510324));
#9349 = CARTESIAN_POINT('',(3.72980193414,0.520079860814));
#9350 = CARTESIAN_POINT('',(3.717532675224,0.79682484562));
#9351 = CARTESIAN_POINT('',(3.738698813783,1.261139472018));
#9352 = CARTESIAN_POINT('',(3.689329438311,1.76807393565));
#9353 = CARTESIAN_POINT('',(3.673966360429,1.965633311504));
#9354 = CARTESIAN_POINT('',(3.593898750154,2.277568445589));
#9355 = CARTESIAN_POINT('',(3.559202539941,2.440767584957));
#9356 = CARTESIAN_POINT('',(3.451941049907,2.706260855016));
#9357 = CARTESIAN_POINT('',(3.249154358305,3.108410408873));
#9358 = CARTESIAN_POINT('',(2.943845125091,3.487079941847));
#9359 = CARTESIAN_POINT('',(2.799156106264,3.631081389826));
#9360 = CARTESIAN_POINT('',(2.59290058085,3.796716333564));
#9361 = CARTESIAN_POINT('',(2.429003797604,3.899589458278));
#9362 = CARTESIAN_POINT('',(2.203493240639,4.00441055675));
#9363 = CARTESIAN_POINT('',(1.762800015567,4.165748109347));
#9364 = CARTESIAN_POINT('',(1.264215797012,4.241226346505));
#9365 = CARTESIAN_POINT('',(1.05086870497,4.26348043492));
#9366 = CARTESIAN_POINT('',(0.705803138495,4.240394940164));
#9367 = CARTESIAN_POINT('',(0.544103944353,4.262205284148));
#9368 = CARTESIAN_POINT('',(0.226211954526,4.205953113632));
#9369 = CARTESIAN_POINT('',(-0.216588383174,4.103921301656));
#9370 = CARTESIAN_POINT('',(-0.669371224355,3.826522216406));
#9371 = CARTESIAN_POINT('',(-0.782505378215,3.715864280414));
#9372 = CARTESIAN_POINT('',(-1.029647922462,3.407102865907));
#9373 = CARTESIAN_POINT('',(-1.013781563894,3.336840739964));
#9374 = CARTESIAN_POINT('',(-1.161298082693,3.011980232192));
#9375 = CARTESIAN_POINT('',(-1.181513152151,2.832132417241));
#9376 = CARTESIAN_POINT('',(-1.216750491497,2.595666416237));
#9377 = ( GEOMETRIC_REPRESENTATION_CONTEXT(2) 
PARAMETRIC_REPRESENTATION_CONTEXT() REPRESENTATION_CONTEXT('2D SPACE',''
  ) );
#9378 = ADVANCED_FACE('',(#9379),#9262,.F.);
#9379 = FACE_BOUND('',#9380,.F.);
#9380 = EDGE_LOOP('',(#9381,#9382,#9405,#9433));
#9381 = ORIENTED_EDGE('',*,*,#9246,.T.);
#9382 = ORIENTED_EDGE('',*,*,#9383,.T.);
#9383 = EDGE_CURVE('',#9140,#9384,#9386,.T.);
#9384 = VERTEX_POINT('',#9385);
#9385 = CARTESIAN_POINT('',(76.392744227165,12.260204262362,4.2));
#9386 = SURFACE_CURVE('',#9387,(#9391,#9398),.PCURVE_S1.);
#9387 = LINE('',#9388,#9389);
#9388 = CARTESIAN_POINT('',(76.44935096582,12.324156402213,4.2));
#9389 = VECTOR('',#9390,1.);
#9390 = DIRECTION('',(-0.662795160651,-0.748800757891,0.));
#9391 = PCURVE('',#9262,#9392);
#9392 = DEFINITIONAL_REPRESENTATION('',(#9393),#9397);
#9393 = LINE('',#9394,#9395);
#9394 = CARTESIAN_POINT('',(0.,-1.2));
#9395 = VECTOR('',#9396,1.);
#9396 = DIRECTION('',(1.,0.));
#9397 = ( GEOMETRIC_REPRESENTATION_CONTEXT(2) 
PARAMETRIC_REPRESENTATION_CONTEXT() REPRESENTATION_CONTEXT('2D SPACE',''
  ) );
#9398 = PCURVE('',#9025,#9399);
#9399 = DEFINITIONAL_REPRESENTATION('',(#9400),#9404);
#9400 = LINE('',#9401,#9402);
#9401 = CARTESIAN_POINT('',(-1.216750491497,2.595666416237));
#9402 = VECTOR('',#9403,1.);
#9403 = DIRECTION('',(-0.662795160651,-0.748800757891));
#9404 = ( GEOMETRIC_REPRESENTATION_CONTEXT(2) 
PARAMETRIC_REPRESENTATION_CONTEXT() REPRESENTATION_CONTEXT('2D SPACE',''
  ) );
#9405 = ORIENTED_EDGE('',*,*,#9406,.F.);
#9406 = EDGE_CURVE('',#9407,#9384,#9409,.T.);
#9407 = VERTEX_POINT('',#9408);
#9408 = CARTESIAN_POINT('',(76.392744227165,12.260204262362,3.));
#9409 = SURFACE_CURVE('',#9410,(#9414,#9421),.PCURVE_S1.);
#9410 = LINE('',#9411,#9412);
#9411 = CARTESIAN_POINT('',(76.392744227165,12.260204262362,3.));
#9412 = VECTOR('',#9413,1.);
#9413 = DIRECTION('',(0.,0.,1.));
#9414 = PCURVE('',#9262,#9415);
#9415 = DEFINITIONAL_REPRESENTATION('',(#9416),#9420);
#9416 = LINE('',#9417,#9418);
#9417 = CARTESIAN_POINT('',(8.540608323022E-02,0.));
#9418 = VECTOR('',#9419,1.);
#9419 = DIRECTION('',(0.,-1.));
#9420 = ( GEOMETRIC_REPRESENTATION_CONTEXT(2) 
PARAMETRIC_REPRESENTATION_CONTEXT() REPRESENTATION_CONTEXT('2D SPACE',''
  ) );
#9421 = PCURVE('',#9422,#9427);
#9422 = PLANE('',#9423);
#9423 = AXIS2_PLACEMENT_3D('',#9424,#9425,#9426);
#9424 = CARTESIAN_POINT('',(76.392744227165,12.260204262362,3.));
#9425 = DIRECTION('',(0.,-1.,0.));
#9426 = DIRECTION('',(-1.,0.,0.));
#9427 = DEFINITIONAL_REPRESENTATION('',(#9428),#9432);
#9428 = LINE('',#9429,#9430);
#9429 = CARTESIAN_POINT('',(0.,-0.));
#9430 = VECTOR('',#9431,1.);
#9431 = DIRECTION('',(0.,-1.));
#9432 = ( GEOMETRIC_REPRESENTATION_CONTEXT(2) 
PARAMETRIC_REPRESENTATION_CONTEXT() REPRESENTATION_CONTEXT('2D SPACE',''
  ) );
#9433 = ORIENTED_EDGE('',*,*,#9434,.F.);
#9434 = EDGE_CURVE('',#9247,#9407,#9435,.T.);
#9435 = SURFACE_CURVE('',#9436,(#9440,#9447),.PCURVE_S1.);
#9436 = LINE('',#9437,#9438);
#9437 = CARTESIAN_POINT('',(76.44935096582,12.324156402213,3.));
#9438 = VECTOR('',#9439,1.);
#9439 = DIRECTION('',(-0.662795160651,-0.748800757891,0.));
#9440 = PCURVE('',#9262,#9441);
#9441 = DEFINITIONAL_REPRESENTATION('',(#9442),#9446);
#9442 = LINE('',#9443,#9444);
#9443 = CARTESIAN_POINT('',(0.,0.));
#9444 = VECTOR('',#9445,1.);
#9445 = DIRECTION('',(1.,0.));
#9446 = ( GEOMETRIC_REPRESENTATION_CONTEXT(2) 
PARAMETRIC_REPRESENTATION_CONTEXT() REPRESENTATION_CONTEXT('2D SPACE',''
  ) );
#9447 = PCURVE('',#9123,#9448);
#9448 = DEFINITIONAL_REPRESENTATION('',(#9449),#9453);
#9449 = LINE('',#9450,#9451);
#9450 = CARTESIAN_POINT('',(-1.216750491497,2.595666416237));
#9451 = VECTOR('',#9452,1.);
#9452 = DIRECTION('',(-0.662795160651,-0.748800757891));
#9453 = ( GEOMETRIC_REPRESENTATION_CONTEXT(2) 
PARAMETRIC_REPRESENTATION_CONTEXT() REPRESENTATION_CONTEXT('2D SPACE',''
  ) );
#9454 = ADVANCED_FACE('',(#9455),#9422,.F.);
#9455 = FACE_BOUND('',#9456,.F.);
#9456 = EDGE_LOOP('',(#9457,#9458,#9481,#9509));
#9457 = ORIENTED_EDGE('',*,*,#9406,.T.);
#9458 = ORIENTED_EDGE('',*,*,#9459,.T.);
#9459 = EDGE_CURVE('',#9384,#9460,#9462,.T.);
#9460 = VERTEX_POINT('',#9461);
#9461 = CARTESIAN_POINT('',(76.219008991087,12.260204262362,4.2));
#9462 = SURFACE_CURVE('',#9463,(#9467,#9474),.PCURVE_S1.);
#9463 = LINE('',#9464,#9465);
#9464 = CARTESIAN_POINT('',(76.392744227165,12.260204262362,4.2));
#9465 = VECTOR('',#9466,1.);
#9466 = DIRECTION('',(-1.,0.,0.));
#9467 = PCURVE('',#9422,#9468);
#9468 = DEFINITIONAL_REPRESENTATION('',(#9469),#9473);
#9469 = LINE('',#9470,#9471);
#9470 = CARTESIAN_POINT('',(0.,-1.2));
#9471 = VECTOR('',#9472,1.);
#9472 = DIRECTION('',(1.,0.));
#9473 = ( GEOMETRIC_REPRESENTATION_CONTEXT(2) 
PARAMETRIC_REPRESENTATION_CONTEXT() REPRESENTATION_CONTEXT('2D SPACE',''
  ) );
#9474 = PCURVE('',#9025,#9475);
#9475 = DEFINITIONAL_REPRESENTATION('',(#9476),#9480);
#9476 = LINE('',#9477,#9478);
#9477 = CARTESIAN_POINT('',(-1.273357230152,2.531714276386));
#9478 = VECTOR('',#9479,1.);
#9479 = DIRECTION('',(-1.,0.));
#9480 = ( GEOMETRIC_REPRESENTATION_CONTEXT(2) 
PARAMETRIC_REPRESENTATION_CONTEXT() REPRESENTATION_CONTEXT('2D SPACE',''
  ) );
#9481 = ORIENTED_EDGE('',*,*,#9482,.F.);
#9482 = EDGE_CURVE('',#9483,#9460,#9485,.T.);
#9483 = VERTEX_POINT('',#9484);
#9484 = CARTESIAN_POINT('',(76.219008991087,12.260204262362,3.));
#9485 = SURFACE_CURVE('',#9486,(#9490,#9497),.PCURVE_S1.);
#9486 = LINE('',#9487,#9488);
#9487 = CARTESIAN_POINT('',(76.219008991087,12.260204262362,3.));
#9488 = VECTOR('',#9489,1.);
#9489 = DIRECTION('',(0.,0.,1.));
#9490 = PCURVE('',#9422,#9491);
#9491 = DEFINITIONAL_REPRESENTATION('',(#9492),#9496);
#9492 = LINE('',#9493,#9494);
#9493 = CARTESIAN_POINT('',(0.173735236078,0.));
#9494 = VECTOR('',#9495,1.);
#9495 = DIRECTION('',(0.,-1.));
#9496 = ( GEOMETRIC_REPRESENTATION_CONTEXT(2) 
PARAMETRIC_REPRESENTATION_CONTEXT() REPRESENTATION_CONTEXT('2D SPACE',''
  ) );
#9497 = PCURVE('',#9498,#9503);
#9498 = PLANE('',#9499);
#9499 = AXIS2_PLACEMENT_3D('',#9500,#9501,#9502);
#9500 = CARTESIAN_POINT('',(76.219008991087,12.260204262362,3.));
#9501 = DIRECTION('',(-0.993833693586,-0.110880969934,0.));
#9502 = DIRECTION('',(-0.110880969934,0.993833693586,0.));
#9503 = DEFINITIONAL_REPRESENTATION('',(#9504),#9508);
#9504 = LINE('',#9505,#9506);
#9505 = CARTESIAN_POINT('',(0.,0.));
#9506 = VECTOR('',#9507,1.);
#9507 = DIRECTION('',(0.,-1.));
#9508 = ( GEOMETRIC_REPRESENTATION_CONTEXT(2) 
PARAMETRIC_REPRESENTATION_CONTEXT() REPRESENTATION_CONTEXT('2D SPACE',''
  ) );
#9509 = ORIENTED_EDGE('',*,*,#9510,.F.);
#9510 = EDGE_CURVE('',#9407,#9483,#9511,.T.);
#9511 = SURFACE_CURVE('',#9512,(#9516,#9523),.PCURVE_S1.);
#9512 = LINE('',#9513,#9514);
#9513 = CARTESIAN_POINT('',(76.392744227165,12.260204262362,3.));
#9514 = VECTOR('',#9515,1.);
#9515 = DIRECTION('',(-1.,0.,0.));
#9516 = PCURVE('',#9422,#9517);
#9517 = DEFINITIONAL_REPRESENTATION('',(#9518),#9522);
#9518 = LINE('',#9519,#9520);
#9519 = CARTESIAN_POINT('',(0.,-0.));
#9520 = VECTOR('',#9521,1.);
#9521 = DIRECTION('',(1.,0.));
#9522 = ( GEOMETRIC_REPRESENTATION_CONTEXT(2) 
PARAMETRIC_REPRESENTATION_CONTEXT() REPRESENTATION_CONTEXT('2D SPACE',''
  ) );
#9523 = PCURVE('',#9123,#9524);
#9524 = DEFINITIONAL_REPRESENTATION('',(#9525),#9529);
#9525 = LINE('',#9526,#9527);
#9526 = CARTESIAN_POINT('',(-1.273357230152,2.531714276386));
#9527 = VECTOR('',#9528,1.);
#9528 = DIRECTION('',(-1.,0.));
#9529 = ( GEOMETRIC_REPRESENTATION_CONTEXT(2) 
PARAMETRIC_REPRESENTATION_CONTEXT() REPRESENTATION_CONTEXT('2D SPACE',''
  ) );
#9530 = ADVANCED_FACE('',(#9531),#9498,.F.);
#9531 = FACE_BOUND('',#9532,.F.);
#9532 = EDGE_LOOP('',(#9533,#9534,#9557,#9585));
#9533 = ORIENTED_EDGE('',*,*,#9482,.T.);
#9534 = ORIENTED_EDGE('',*,*,#9535,.T.);
#9535 = EDGE_CURVE('',#9460,#9536,#9538,.T.);
#9536 = VERTEX_POINT('',#9537);
#9537 = CARTESIAN_POINT('',(76.057893631656,13.704292214077,4.2));
#9538 = SURFACE_CURVE('',#9539,(#9543,#9550),.PCURVE_S1.);
#9539 = LINE('',#9540,#9541);
#9540 = CARTESIAN_POINT('',(76.219008991087,12.260204262362,4.2));
#9541 = VECTOR('',#9542,1.);
#9542 = DIRECTION('',(-0.110880969934,0.993833693586,0.));
#9543 = PCURVE('',#9498,#9544);
#9544 = DEFINITIONAL_REPRESENTATION('',(#9545),#9549);
#9545 = LINE('',#9546,#9547);
#9546 = CARTESIAN_POINT('',(0.,-1.2));
#9547 = VECTOR('',#9548,1.);
#9548 = DIRECTION('',(1.,0.));
#9549 = ( GEOMETRIC_REPRESENTATION_CONTEXT(2) 
PARAMETRIC_REPRESENTATION_CONTEXT() REPRESENTATION_CONTEXT('2D SPACE',''
  ) );
#9550 = PCURVE('',#9025,#9551);
#9551 = DEFINITIONAL_REPRESENTATION('',(#9552),#9556);
#9552 = LINE('',#9553,#9554);
#9553 = CARTESIAN_POINT('',(-1.44709246623,2.531714276386));
#9554 = VECTOR('',#9555,1.);
#9555 = DIRECTION('',(-0.110880969934,0.993833693586));
#9556 = ( GEOMETRIC_REPRESENTATION_CONTEXT(2) 
PARAMETRIC_REPRESENTATION_CONTEXT() REPRESENTATION_CONTEXT('2D SPACE',''
  ) );
#9557 = ORIENTED_EDGE('',*,*,#9558,.F.);
#9558 = EDGE_CURVE('',#9559,#9536,#9561,.T.);
#9559 = VERTEX_POINT('',#9560);
#9560 = CARTESIAN_POINT('',(76.057893631656,13.704292214077,3.));
#9561 = SURFACE_CURVE('',#9562,(#9566,#9573),.PCURVE_S1.);
#9562 = LINE('',#9563,#9564);
#9563 = CARTESIAN_POINT('',(76.057893631656,13.704292214077,3.));
#9564 = VECTOR('',#9565,1.);
#9565 = DIRECTION('',(0.,0.,1.));
#9566 = PCURVE('',#9498,#9567);
#9567 = DEFINITIONAL_REPRESENTATION('',(#9568),#9572);
#9568 = LINE('',#9569,#9570);
#9569 = CARTESIAN_POINT('',(1.453047890241,0.));
#9570 = VECTOR('',#9571,1.);
#9571 = DIRECTION('',(0.,-1.));
#9572 = ( GEOMETRIC_REPRESENTATION_CONTEXT(2) 
PARAMETRIC_REPRESENTATION_CONTEXT() REPRESENTATION_CONTEXT('2D SPACE',''
  ) );
#9573 = PCURVE('',#9574,#9579);
#9574 = PLANE('',#9575);
#9575 = AXIS2_PLACEMENT_3D('',#9576,#9577,#9578);
#9576 = CARTESIAN_POINT('',(76.057893631656,13.704292214077,3.));
#9577 = DIRECTION('',(-0.799226507685,-0.60102994053,0.));
#9578 = DIRECTION('',(-0.60102994053,0.799226507685,0.));
#9579 = DEFINITIONAL_REPRESENTATION('',(#9580),#9584);
#9580 = LINE('',#9581,#9582);
#9581 = CARTESIAN_POINT('',(0.,0.));
#9582 = VECTOR('',#9583,1.);
#9583 = DIRECTION('',(0.,-1.));
#9584 = ( GEOMETRIC_REPRESENTATION_CONTEXT(2) 
PARAMETRIC_REPRESENTATION_CONTEXT() REPRESENTATION_CONTEXT('2D SPACE',''
  ) );
#9585 = ORIENTED_EDGE('',*,*,#9586,.F.);
#9586 = EDGE_CURVE('',#9483,#9559,#9587,.T.);
#9587 = SURFACE_CURVE('',#9588,(#9592,#9599),.PCURVE_S1.);
#9588 = LINE('',#9589,#9590);
#9589 = CARTESIAN_POINT('',(76.219008991087,12.260204262362,3.));
#9590 = VECTOR('',#9591,1.);
#9591 = DIRECTION('',(-0.110880969934,0.993833693586,0.));
#9592 = PCURVE('',#9498,#9593);
#9593 = DEFINITIONAL_REPRESENTATION('',(#9594),#9598);
#9594 = LINE('',#9595,#9596);
#9595 = CARTESIAN_POINT('',(0.,0.));
#9596 = VECTOR('',#9597,1.);
#9597 = DIRECTION('',(1.,0.));
#9598 = ( GEOMETRIC_REPRESENTATION_CONTEXT(2) 
PARAMETRIC_REPRESENTATION_CONTEXT() REPRESENTATION_CONTEXT('2D SPACE',''
  ) );
#9599 = PCURVE('',#9123,#9600);
#9600 = DEFINITIONAL_REPRESENTATION('',(#9601),#9605);
#9601 = LINE('',#9602,#9603);
#9602 = CARTESIAN_POINT('',(-1.44709246623,2.531714276386));
#9603 = VECTOR('',#9604,1.);
#9604 = DIRECTION('',(-0.110880969934,0.993833693586));
#9605 = ( GEOMETRIC_REPRESENTATION_CONTEXT(2) 
PARAMETRIC_REPRESENTATION_CONTEXT() REPRESENTATION_CONTEXT('2D SPACE',''
  ) );
#9606 = ADVANCED_FACE('',(#9607),#9574,.F.);
#9607 = FACE_BOUND('',#9608,.F.);
#9608 = EDGE_LOOP('',(#9609,#9610,#9633,#9666));
#9609 = ORIENTED_EDGE('',*,*,#9558,.T.);
#9610 = ORIENTED_EDGE('',*,*,#9611,.T.);
#9611 = EDGE_CURVE('',#9536,#9612,#9614,.T.);
#9612 = VERTEX_POINT('',#9613);
#9613 = CARTESIAN_POINT('',(75.978313761973,13.81011446525,4.2));
#9614 = SURFACE_CURVE('',#9615,(#9619,#9626),.PCURVE_S1.);
#9615 = LINE('',#9616,#9617);
#9616 = CARTESIAN_POINT('',(76.057893631656,13.704292214077,4.2));
#9617 = VECTOR('',#9618,1.);
#9618 = DIRECTION('',(-0.60102994053,0.799226507685,0.));
#9619 = PCURVE('',#9574,#9620);
#9620 = DEFINITIONAL_REPRESENTATION('',(#9621),#9625);
#9621 = LINE('',#9622,#9623);
#9622 = CARTESIAN_POINT('',(0.,-1.2));
#9623 = VECTOR('',#9624,1.);
#9624 = DIRECTION('',(1.,0.));
#9625 = ( GEOMETRIC_REPRESENTATION_CONTEXT(2) 
PARAMETRIC_REPRESENTATION_CONTEXT() REPRESENTATION_CONTEXT('2D SPACE',''
  ) );
#9626 = PCURVE('',#9025,#9627);
#9627 = DEFINITIONAL_REPRESENTATION('',(#9628),#9632);
#9628 = LINE('',#9629,#9630);
#9629 = CARTESIAN_POINT('',(-1.608207825661,3.975802228101));
#9630 = VECTOR('',#9631,1.);
#9631 = DIRECTION('',(-0.60102994053,0.799226507685));
#9632 = ( GEOMETRIC_REPRESENTATION_CONTEXT(2) 
PARAMETRIC_REPRESENTATION_CONTEXT() REPRESENTATION_CONTEXT('2D SPACE',''
  ) );
#9633 = ORIENTED_EDGE('',*,*,#9634,.F.);
#9634 = EDGE_CURVE('',#9635,#9612,#9637,.T.);
#9635 = VERTEX_POINT('',#9636);
#9636 = CARTESIAN_POINT('',(75.978313761973,13.81011446525,3.));
#9637 = SURFACE_CURVE('',#9638,(#9642,#9649),.PCURVE_S1.);
#9638 = LINE('',#9639,#9640);
#9639 = CARTESIAN_POINT('',(75.978313761973,13.81011446525,3.));
#9640 = VECTOR('',#9641,1.);
#9641 = DIRECTION('',(0.,0.,1.));
#9642 = PCURVE('',#9574,#9643);
#9643 = DEFINITIONAL_REPRESENTATION('',(#9644),#9648);
#9644 = LINE('',#9645,#9646);
#9645 = CARTESIAN_POINT('',(0.132405832584,0.));
#9646 = VECTOR('',#9647,1.);
#9647 = DIRECTION('',(0.,-1.));
#9648 = ( GEOMETRIC_REPRESENTATION_CONTEXT(2) 
PARAMETRIC_REPRESENTATION_CONTEXT() REPRESENTATION_CONTEXT('2D SPACE',''
  ) );
#9649 = PCURVE('',#9650,#9660);
#9650 = SURFACE_OF_LINEAR_EXTRUSION('',#9651,#9658);
#9651 = B_SPLINE_CURVE_WITH_KNOTS('',5,(#9652,#9653,#9654,#9655,#9656,
    #9657),.UNSPECIFIED.,.F.,.F.,(6,6),(0.,1.),
  .PIECEWISE_BEZIER_KNOTS.);
#9652 = CARTESIAN_POINT('',(75.978313761973,13.81011446525,3.));
#9653 = CARTESIAN_POINT('',(75.670948037405,13.802884210711,3.));
#9654 = CARTESIAN_POINT('',(75.174006254744,13.834793532253,3.));
#9655 = CARTESIAN_POINT('',(75.096224828967,13.770883929604,3.));
#9656 = CARTESIAN_POINT('',(74.502789766669,13.845089198492,3.));
#9657 = CARTESIAN_POINT('',(74.253937813253,13.791968156343,3.));
#9658 = VECTOR('',#9659,1.);
#9659 = DIRECTION('',(-0.,-0.,-1.));
#9660 = DEFINITIONAL_REPRESENTATION('',(#9661),#9665);
#9661 = LINE('',#9662,#9663);
#9662 = CARTESIAN_POINT('',(0.,0.));
#9663 = VECTOR('',#9664,1.);
#9664 = DIRECTION('',(0.,-1.));
#9665 = ( GEOMETRIC_REPRESENTATION_CONTEXT(2) 
PARAMETRIC_REPRESENTATION_CONTEXT() REPRESENTATION_CONTEXT('2D SPACE',''
  ) );
#9666 = ORIENTED_EDGE('',*,*,#9667,.F.);
#9667 = EDGE_CURVE('',#9559,#9635,#9668,.T.);
#9668 = SURFACE_CURVE('',#9669,(#9673,#9680),.PCURVE_S1.);
#9669 = LINE('',#9670,#9671);
#9670 = CARTESIAN_POINT('',(76.057893631656,13.704292214077,3.));
#9671 = VECTOR('',#9672,1.);
#9672 = DIRECTION('',(-0.60102994053,0.799226507685,0.));
#9673 = PCURVE('',#9574,#9674);
#9674 = DEFINITIONAL_REPRESENTATION('',(#9675),#9679);
#9675 = LINE('',#9676,#9677);
#9676 = CARTESIAN_POINT('',(0.,0.));
#9677 = VECTOR('',#9678,1.);
#9678 = DIRECTION('',(1.,0.));
#9679 = ( GEOMETRIC_REPRESENTATION_CONTEXT(2) 
PARAMETRIC_REPRESENTATION_CONTEXT() REPRESENTATION_CONTEXT('2D SPACE',''
  ) );
#9680 = PCURVE('',#9123,#9681);
#9681 = DEFINITIONAL_REPRESENTATION('',(#9682),#9686);
#9682 = LINE('',#9683,#9684);
#9683 = CARTESIAN_POINT('',(-1.608207825661,3.975802228101));
#9684 = VECTOR('',#9685,1.);
#9685 = DIRECTION('',(-0.60102994053,0.799226507685));
#9686 = ( GEOMETRIC_REPRESENTATION_CONTEXT(2) 
PARAMETRIC_REPRESENTATION_CONTEXT() REPRESENTATION_CONTEXT('2D SPACE',''
  ) );
#9687 = ADVANCED_FACE('',(#9688),#9650,.F.);
#9688 = FACE_BOUND('',#9689,.F.);
#9689 = EDGE_LOOP('',(#9690,#9691,#9720,#9748));
#9690 = ORIENTED_EDGE('',*,*,#9634,.T.);
#9691 = ORIENTED_EDGE('',*,*,#9692,.T.);
#9692 = EDGE_CURVE('',#9612,#9693,#9695,.T.);
#9693 = VERTEX_POINT('',#9694);
#9694 = CARTESIAN_POINT('',(74.253937813253,13.791968156343,4.2));
#9695 = SURFACE_CURVE('',#9696,(#9703,#9710),.PCURVE_S1.);
#9696 = B_SPLINE_CURVE_WITH_KNOTS('',5,(#9697,#9698,#9699,#9700,#9701,
    #9702),.UNSPECIFIED.,.F.,.F.,(6,6),(0.,1.),
  .PIECEWISE_BEZIER_KNOTS.);
#9697 = CARTESIAN_POINT('',(75.978313761973,13.81011446525,4.2));
#9698 = CARTESIAN_POINT('',(75.670948037405,13.802884210711,4.2));
#9699 = CARTESIAN_POINT('',(75.174006254744,13.834793532253,4.2));
#9700 = CARTESIAN_POINT('',(75.096224828967,13.770883929604,4.2));
#9701 = CARTESIAN_POINT('',(74.502789766669,13.845089198492,4.2));
#9702 = CARTESIAN_POINT('',(74.253937813253,13.791968156343,4.2));
#9703 = PCURVE('',#9650,#9704);
#9704 = DEFINITIONAL_REPRESENTATION('',(#9705),#9709);
#9705 = LINE('',#9706,#9707);
#9706 = CARTESIAN_POINT('',(0.,-1.2));
#9707 = VECTOR('',#9708,1.);
#9708 = DIRECTION('',(1.,0.));
#9709 = ( GEOMETRIC_REPRESENTATION_CONTEXT(2) 
PARAMETRIC_REPRESENTATION_CONTEXT() REPRESENTATION_CONTEXT('2D SPACE',''
  ) );
#9710 = PCURVE('',#9025,#9711);
#9711 = DEFINITIONAL_REPRESENTATION('',(#9712),#9719);
#9712 = B_SPLINE_CURVE_WITH_KNOTS('',5,(#9713,#9714,#9715,#9716,#9717,
    #9718),.UNSPECIFIED.,.F.,.F.,(6,6),(0.,1.),
  .PIECEWISE_BEZIER_KNOTS.);
#9713 = CARTESIAN_POINT('',(-1.687787695345,4.081624479274));
#9714 = CARTESIAN_POINT('',(-1.995153419912,4.074394224735));
#9715 = CARTESIAN_POINT('',(-2.492095202573,4.106303546277));
#9716 = CARTESIAN_POINT('',(-2.56987662835,4.042393943628));
#9717 = CARTESIAN_POINT('',(-3.163311690649,4.116599212516));
#9718 = CARTESIAN_POINT('',(-3.412163644064,4.063478170367));
#9719 = ( GEOMETRIC_REPRESENTATION_CONTEXT(2) 
PARAMETRIC_REPRESENTATION_CONTEXT() REPRESENTATION_CONTEXT('2D SPACE',''
  ) );
#9720 = ORIENTED_EDGE('',*,*,#9721,.F.);
#9721 = EDGE_CURVE('',#9722,#9693,#9724,.T.);
#9722 = VERTEX_POINT('',#9723);
#9723 = CARTESIAN_POINT('',(74.253937813253,13.791968156343,3.));
#9724 = SURFACE_CURVE('',#9725,(#9729,#9736),.PCURVE_S1.);
#9725 = LINE('',#9726,#9727);
#9726 = CARTESIAN_POINT('',(74.253937813253,13.791968156343,3.));
#9727 = VECTOR('',#9728,1.);
#9728 = DIRECTION('',(0.,0.,1.));
#9729 = PCURVE('',#9650,#9730);
#9730 = DEFINITIONAL_REPRESENTATION('',(#9731),#9735);
#9731 = LINE('',#9732,#9733);
#9732 = CARTESIAN_POINT('',(1.,0.));
#9733 = VECTOR('',#9734,1.);
#9734 = DIRECTION('',(0.,-1.));
#9735 = ( GEOMETRIC_REPRESENTATION_CONTEXT(2) 
PARAMETRIC_REPRESENTATION_CONTEXT() REPRESENTATION_CONTEXT('2D SPACE',''
  ) );
#9736 = PCURVE('',#9737,#9742);
#9737 = PLANE('',#9738);
#9738 = AXIS2_PLACEMENT_3D('',#9739,#9740,#9741);
#9739 = CARTESIAN_POINT('',(74.253937813253,13.791968156343,3.));
#9740 = DIRECTION('',(1.,0.,-0.));
#9741 = DIRECTION('',(0.,-1.,0.));
#9742 = DEFINITIONAL_REPRESENTATION('',(#9743),#9747);
#9743 = LINE('',#9744,#9745);
#9744 = CARTESIAN_POINT('',(0.,0.));
#9745 = VECTOR('',#9746,1.);
#9746 = DIRECTION('',(0.,-1.));
#9747 = ( GEOMETRIC_REPRESENTATION_CONTEXT(2) 
PARAMETRIC_REPRESENTATION_CONTEXT() REPRESENTATION_CONTEXT('2D SPACE',''
  ) );
#9748 = ORIENTED_EDGE('',*,*,#9749,.F.);
#9749 = EDGE_CURVE('',#9635,#9722,#9750,.T.);
#9750 = SURFACE_CURVE('',#9751,(#9758,#9765),.PCURVE_S1.);
#9751 = B_SPLINE_CURVE_WITH_KNOTS('',5,(#9752,#9753,#9754,#9755,#9756,
    #9757),.UNSPECIFIED.,.F.,.F.,(6,6),(0.,1.),
  .PIECEWISE_BEZIER_KNOTS.);
#9752 = CARTESIAN_POINT('',(75.978313761973,13.81011446525,3.));
#9753 = CARTESIAN_POINT('',(75.670948037405,13.802884210711,3.));
#9754 = CARTESIAN_POINT('',(75.174006254744,13.834793532253,3.));
#9755 = CARTESIAN_POINT('',(75.096224828967,13.770883929604,3.));
#9756 = CARTESIAN_POINT('',(74.502789766669,13.845089198492,3.));
#9757 = CARTESIAN_POINT('',(74.253937813253,13.791968156343,3.));
#9758 = PCURVE('',#9650,#9759);
#9759 = DEFINITIONAL_REPRESENTATION('',(#9760),#9764);
#9760 = LINE('',#9761,#9762);
#9761 = CARTESIAN_POINT('',(0.,0.));
#9762 = VECTOR('',#9763,1.);
#9763 = DIRECTION('',(1.,0.));
#9764 = ( GEOMETRIC_REPRESENTATION_CONTEXT(2) 
PARAMETRIC_REPRESENTATION_CONTEXT() REPRESENTATION_CONTEXT('2D SPACE',''
  ) );
#9765 = PCURVE('',#9123,#9766);
#9766 = DEFINITIONAL_REPRESENTATION('',(#9767),#9774);
#9767 = B_SPLINE_CURVE_WITH_KNOTS('',5,(#9768,#9769,#9770,#9771,#9772,
    #9773),.UNSPECIFIED.,.F.,.F.,(6,6),(0.,1.),
  .PIECEWISE_BEZIER_KNOTS.);
#9768 = CARTESIAN_POINT('',(-1.687787695345,4.081624479274));
#9769 = CARTESIAN_POINT('',(-1.995153419912,4.074394224735));
#9770 = CARTESIAN_POINT('',(-2.492095202573,4.106303546277));
#9771 = CARTESIAN_POINT('',(-2.56987662835,4.042393943628));
#9772 = CARTESIAN_POINT('',(-3.163311690649,4.116599212516));
#9773 = CARTESIAN_POINT('',(-3.412163644064,4.063478170367));
#9774 = ( GEOMETRIC_REPRESENTATION_CONTEXT(2) 
PARAMETRIC_REPRESENTATION_CONTEXT() REPRESENTATION_CONTEXT('2D SPACE',''
  ) );
#9775 = ADVANCED_FACE('',(#9776),#9737,.F.);
#9776 = FACE_BOUND('',#9777,.F.);
#9777 = EDGE_LOOP('',(#9778,#9779,#9802,#9830));
#9778 = ORIENTED_EDGE('',*,*,#9721,.T.);
#9779 = ORIENTED_EDGE('',*,*,#9780,.T.);
#9780 = EDGE_CURVE('',#9693,#9781,#9783,.T.);
#9781 = VERTEX_POINT('',#9782);
#9782 = CARTESIAN_POINT('',(74.253937813253,5.253609093975,4.2));
#9783 = SURFACE_CURVE('',#9784,(#9788,#9795),.PCURVE_S1.);
#9784 = LINE('',#9785,#9786);
#9785 = CARTESIAN_POINT('',(74.253937813253,13.791968156343,4.2));
#9786 = VECTOR('',#9787,1.);
#9787 = DIRECTION('',(0.,-1.,0.));
#9788 = PCURVE('',#9737,#9789);
#9789 = DEFINITIONAL_REPRESENTATION('',(#9790),#9794);
#9790 = LINE('',#9791,#9792);
#9791 = CARTESIAN_POINT('',(0.,-1.2));
#9792 = VECTOR('',#9793,1.);
#9793 = DIRECTION('',(1.,0.));
#9794 = ( GEOMETRIC_REPRESENTATION_CONTEXT(2) 
PARAMETRIC_REPRESENTATION_CONTEXT() REPRESENTATION_CONTEXT('2D SPACE',''
  ) );
#9795 = PCURVE('',#9025,#9796);
#9796 = DEFINITIONAL_REPRESENTATION('',(#9797),#9801);
#9797 = LINE('',#9798,#9799);
#9798 = CARTESIAN_POINT('',(-3.412163644064,4.063478170367));
#9799 = VECTOR('',#9800,1.);
#9800 = DIRECTION('',(0.,-1.));
#9801 = ( GEOMETRIC_REPRESENTATION_CONTEXT(2) 
PARAMETRIC_REPRESENTATION_CONTEXT() REPRESENTATION_CONTEXT('2D SPACE',''
  ) );
#9802 = ORIENTED_EDGE('',*,*,#9803,.F.);
#9803 = EDGE_CURVE('',#9804,#9781,#9806,.T.);
#9804 = VERTEX_POINT('',#9805);
#9805 = CARTESIAN_POINT('',(74.253937813253,5.253609093975,3.));
#9806 = SURFACE_CURVE('',#9807,(#9811,#9818),.PCURVE_S1.);
#9807 = LINE('',#9808,#9809);
#9808 = CARTESIAN_POINT('',(74.253937813253,5.253609093975,3.));
#9809 = VECTOR('',#9810,1.);
#9810 = DIRECTION('',(0.,0.,1.));
#9811 = PCURVE('',#9737,#9812);
#9812 = DEFINITIONAL_REPRESENTATION('',(#9813),#9817);
#9813 = LINE('',#9814,#9815);
#9814 = CARTESIAN_POINT('',(8.538359062368,0.));
#9815 = VECTOR('',#9816,1.);
#9816 = DIRECTION('',(0.,-1.));
#9817 = ( GEOMETRIC_REPRESENTATION_CONTEXT(2) 
PARAMETRIC_REPRESENTATION_CONTEXT() REPRESENTATION_CONTEXT('2D SPACE',''
  ) );
#9818 = PCURVE('',#9819,#9824);
#9819 = PLANE('',#9820);
#9820 = AXIS2_PLACEMENT_3D('',#9821,#9822,#9823);
#9821 = CARTESIAN_POINT('',(74.253937813253,5.253609093975,3.));
#9822 = DIRECTION('',(0.,1.,0.));
#9823 = DIRECTION('',(1.,0.,0.));
#9824 = DEFINITIONAL_REPRESENTATION('',(#9825),#9829);
#9825 = LINE('',#9826,#9827);
#9826 = CARTESIAN_POINT('',(0.,0.));
#9827 = VECTOR('',#9828,1.);
#9828 = DIRECTION('',(0.,-1.));
#9829 = ( GEOMETRIC_REPRESENTATION_CONTEXT(2) 
PARAMETRIC_REPRESENTATION_CONTEXT() REPRESENTATION_CONTEXT('2D SPACE',''
  ) );
#9830 = ORIENTED_EDGE('',*,*,#9831,.F.);
#9831 = EDGE_CURVE('',#9722,#9804,#9832,.T.);
#9832 = SURFACE_CURVE('',#9833,(#9837,#9844),.PCURVE_S1.);
#9833 = LINE('',#9834,#9835);
#9834 = CARTESIAN_POINT('',(74.253937813253,13.791968156343,3.));
#9835 = VECTOR('',#9836,1.);
#9836 = DIRECTION('',(0.,-1.,0.));
#9837 = PCURVE('',#9737,#9838);
#9838 = DEFINITIONAL_REPRESENTATION('',(#9839),#9843);
#9839 = LINE('',#9840,#9841);
#9840 = CARTESIAN_POINT('',(0.,0.));
#9841 = VECTOR('',#9842,1.);
#9842 = DIRECTION('',(1.,0.));
#9843 = ( GEOMETRIC_REPRESENTATION_CONTEXT(2) 
PARAMETRIC_REPRESENTATION_CONTEXT() REPRESENTATION_CONTEXT('2D SPACE',''
  ) );
#9844 = PCURVE('',#9123,#9845);
#9845 = DEFINITIONAL_REPRESENTATION('',(#9846),#9850);
#9846 = LINE('',#9847,#9848);
#9847 = CARTESIAN_POINT('',(-3.412163644064,4.063478170367));
#9848 = VECTOR('',#9849,1.);
#9849 = DIRECTION('',(0.,-1.));
#9850 = ( GEOMETRIC_REPRESENTATION_CONTEXT(2) 
PARAMETRIC_REPRESENTATION_CONTEXT() REPRESENTATION_CONTEXT('2D SPACE',''
  ) );
#9851 = ADVANCED_FACE('',(#9852),#9819,.F.);
#9852 = FACE_BOUND('',#9853,.F.);
#9853 = EDGE_LOOP('',(#9854,#9855,#9878,#9906));
#9854 = ORIENTED_EDGE('',*,*,#9803,.T.);
#9855 = ORIENTED_EDGE('',*,*,#9856,.T.);
#9856 = EDGE_CURVE('',#9781,#9857,#9859,.T.);
#9857 = VERTEX_POINT('',#9858);
#9858 = CARTESIAN_POINT('',(76.170712296641,5.253609093975,4.2));
#9859 = SURFACE_CURVE('',#9860,(#9864,#9871),.PCURVE_S1.);
#9860 = LINE('',#9861,#9862);
#9861 = CARTESIAN_POINT('',(74.253937813253,5.253609093975,4.2));
#9862 = VECTOR('',#9863,1.);
#9863 = DIRECTION('',(1.,0.,0.));
#9864 = PCURVE('',#9819,#9865);
#9865 = DEFINITIONAL_REPRESENTATION('',(#9866),#9870);
#9866 = LINE('',#9867,#9868);
#9867 = CARTESIAN_POINT('',(0.,-1.2));
#9868 = VECTOR('',#9869,1.);
#9869 = DIRECTION('',(1.,0.));
#9870 = ( GEOMETRIC_REPRESENTATION_CONTEXT(2) 
PARAMETRIC_REPRESENTATION_CONTEXT() REPRESENTATION_CONTEXT('2D SPACE',''
  ) );
#9871 = PCURVE('',#9025,#9872);
#9872 = DEFINITIONAL_REPRESENTATION('',(#9873),#9877);
#9873 = LINE('',#9874,#9875);
#9874 = CARTESIAN_POINT('',(-3.412163644064,-4.474880892001));
#9875 = VECTOR('',#9876,1.);
#9876 = DIRECTION('',(1.,0.));
#9877 = ( GEOMETRIC_REPRESENTATION_CONTEXT(2) 
PARAMETRIC_REPRESENTATION_CONTEXT() REPRESENTATION_CONTEXT('2D SPACE',''
  ) );
#9878 = ORIENTED_EDGE('',*,*,#9879,.F.);
#9879 = EDGE_CURVE('',#9880,#9857,#9882,.T.);
#9880 = VERTEX_POINT('',#9881);
#9881 = CARTESIAN_POINT('',(76.170712296641,5.253609093975,3.));
#9882 = SURFACE_CURVE('',#9883,(#9887,#9894),.PCURVE_S1.);
#9883 = LINE('',#9884,#9885);
#9884 = CARTESIAN_POINT('',(76.170712296641,5.253609093975,3.));
#9885 = VECTOR('',#9886,1.);
#9886 = DIRECTION('',(0.,0.,1.));
#9887 = PCURVE('',#9819,#9888);
#9888 = DEFINITIONAL_REPRESENTATION('',(#9889),#9893);
#9889 = LINE('',#9890,#9891);
#9890 = CARTESIAN_POINT('',(1.916774483389,0.));
#9891 = VECTOR('',#9892,1.);
#9892 = DIRECTION('',(0.,-1.));
#9893 = ( GEOMETRIC_REPRESENTATION_CONTEXT(2) 
PARAMETRIC_REPRESENTATION_CONTEXT() REPRESENTATION_CONTEXT('2D SPACE',''
  ) );
#9894 = PCURVE('',#9895,#9900);
#9895 = PLANE('',#9896);
#9896 = AXIS2_PLACEMENT_3D('',#9897,#9898,#9899);
#9897 = CARTESIAN_POINT('',(76.170712296641,5.253609093975,3.));
#9898 = DIRECTION('',(-0.783213594868,0.621752736073,0.));
#9899 = DIRECTION('',(0.621752736073,0.783213594868,0.));
#9900 = DEFINITIONAL_REPRESENTATION('',(#9901),#9905);
#9901 = LINE('',#9902,#9903);
#9902 = CARTESIAN_POINT('',(0.,0.));
#9903 = VECTOR('',#9904,1.);
#9904 = DIRECTION('',(0.,-1.));
#9905 = ( GEOMETRIC_REPRESENTATION_CONTEXT(2) 
PARAMETRIC_REPRESENTATION_CONTEXT() REPRESENTATION_CONTEXT('2D SPACE',''
  ) );
#9906 = ORIENTED_EDGE('',*,*,#9907,.F.);
#9907 = EDGE_CURVE('',#9804,#9880,#9908,.T.);
#9908 = SURFACE_CURVE('',#9909,(#9913,#9920),.PCURVE_S1.);
#9909 = LINE('',#9910,#9911);
#9910 = CARTESIAN_POINT('',(74.253937813253,5.253609093975,3.));
#9911 = VECTOR('',#9912,1.);
#9912 = DIRECTION('',(1.,0.,0.));
#9913 = PCURVE('',#9819,#9914);
#9914 = DEFINITIONAL_REPRESENTATION('',(#9915),#9919);
#9915 = LINE('',#9916,#9917);
#9916 = CARTESIAN_POINT('',(0.,0.));
#9917 = VECTOR('',#9918,1.);
#9918 = DIRECTION('',(1.,0.));
#9919 = ( GEOMETRIC_REPRESENTATION_CONTEXT(2) 
PARAMETRIC_REPRESENTATION_CONTEXT() REPRESENTATION_CONTEXT('2D SPACE',''
  ) );
#9920 = PCURVE('',#9123,#9921);
#9921 = DEFINITIONAL_REPRESENTATION('',(#9922),#9926);
#9922 = LINE('',#9923,#9924);
#9923 = CARTESIAN_POINT('',(-3.412163644064,-4.474880892001));
#9924 = VECTOR('',#9925,1.);
#9925 = DIRECTION('',(1.,0.));
#9926 = ( GEOMETRIC_REPRESENTATION_CONTEXT(2) 
PARAMETRIC_REPRESENTATION_CONTEXT() REPRESENTATION_CONTEXT('2D SPACE',''
  ) );
#9927 = ADVANCED_FACE('',(#9928),#9895,.F.);
#9928 = FACE_BOUND('',#9929,.F.);
#9929 = EDGE_LOOP('',(#9930,#9931,#9954,#9977));
#9930 = ORIENTED_EDGE('',*,*,#9879,.T.);
#9931 = ORIENTED_EDGE('',*,*,#9932,.T.);
#9932 = EDGE_CURVE('',#9857,#9933,#9935,.T.);
#9933 = VERTEX_POINT('',#9934);
#9934 = CARTESIAN_POINT('',(76.247825744664,5.350747871715,4.2));
#9935 = SURFACE_CURVE('',#9936,(#9940,#9947),.PCURVE_S1.);
#9936 = LINE('',#9937,#9938);
#9937 = CARTESIAN_POINT('',(76.170712296641,5.253609093975,4.2));
#9938 = VECTOR('',#9939,1.);
#9939 = DIRECTION('',(0.621752736073,0.783213594868,0.));
#9940 = PCURVE('',#9895,#9941);
#9941 = DEFINITIONAL_REPRESENTATION('',(#9942),#9946);
#9942 = LINE('',#9943,#9944);
#9943 = CARTESIAN_POINT('',(0.,-1.2));
#9944 = VECTOR('',#9945,1.);
#9945 = DIRECTION('',(1.,0.));
#9946 = ( GEOMETRIC_REPRESENTATION_CONTEXT(2) 
PARAMETRIC_REPRESENTATION_CONTEXT() REPRESENTATION_CONTEXT('2D SPACE',''
  ) );
#9947 = PCURVE('',#9025,#9948);
#9948 = DEFINITIONAL_REPRESENTATION('',(#9949),#9953);
#9949 = LINE('',#9950,#9951);
#9950 = CARTESIAN_POINT('',(-1.495389160676,-4.474880892001));
#9951 = VECTOR('',#9952,1.);
#9952 = DIRECTION('',(0.621752736073,0.783213594868));
#9953 = ( GEOMETRIC_REPRESENTATION_CONTEXT(2) 
PARAMETRIC_REPRESENTATION_CONTEXT() REPRESENTATION_CONTEXT('2D SPACE',''
  ) );
#9954 = ORIENTED_EDGE('',*,*,#9955,.F.);
#9955 = EDGE_CURVE('',#9956,#9933,#9958,.T.);
#9956 = VERTEX_POINT('',#9957);
#9957 = CARTESIAN_POINT('',(76.247825744664,5.350747871715,3.));
#9958 = SURFACE_CURVE('',#9959,(#9963,#9970),.PCURVE_S1.);
#9959 = LINE('',#9960,#9961);
#9960 = CARTESIAN_POINT('',(76.247825744664,5.350747871715,3.));
#9961 = VECTOR('',#9962,1.);
#9962 = DIRECTION('',(0.,0.,1.));
#9963 = PCURVE('',#9895,#9964);
#9964 = DEFINITIONAL_REPRESENTATION('',(#9965),#9969);
#9965 = LINE('',#9966,#9967);
#9966 = CARTESIAN_POINT('',(0.124025908611,0.));
#9967 = VECTOR('',#9968,1.);
#9968 = DIRECTION('',(0.,-1.));
#9969 = ( GEOMETRIC_REPRESENTATION_CONTEXT(2) 
PARAMETRIC_REPRESENTATION_CONTEXT() REPRESENTATION_CONTEXT('2D SPACE',''
  ) );
#9970 = PCURVE('',#8971,#9971);
#9971 = DEFINITIONAL_REPRESENTATION('',(#9972),#9976);
#9972 = LINE('',#9973,#9974);
#9973 = CARTESIAN_POINT('',(0.,0.));
#9974 = VECTOR('',#9975,1.);
#9975 = DIRECTION('',(0.,-1.));
#9976 = ( GEOMETRIC_REPRESENTATION_CONTEXT(2) 
PARAMETRIC_REPRESENTATION_CONTEXT() REPRESENTATION_CONTEXT('2D SPACE',''
  ) );
#9977 = ORIENTED_EDGE('',*,*,#9978,.F.);
#9978 = EDGE_CURVE('',#9880,#9956,#9979,.T.);
#9979 = SURFACE_CURVE('',#9980,(#9984,#9991),.PCURVE_S1.);
#9980 = LINE('',#9981,#9982);
#9981 = CARTESIAN_POINT('',(76.170712296641,5.253609093975,3.));
#9982 = VECTOR('',#9983,1.);
#9983 = DIRECTION('',(0.621752736073,0.783213594868,0.));
#9984 = PCURVE('',#9895,#9985);
#9985 = DEFINITIONAL_REPRESENTATION('',(#9986),#9990);
#9986 = LINE('',#9987,#9988);
#9987 = CARTESIAN_POINT('',(0.,0.));
#9988 = VECTOR('',#9989,1.);
#9989 = DIRECTION('',(1.,0.));
#9990 = ( GEOMETRIC_REPRESENTATION_CONTEXT(2) 
PARAMETRIC_REPRESENTATION_CONTEXT() REPRESENTATION_CONTEXT('2D SPACE',''
  ) );
#9991 = PCURVE('',#9123,#9992);
#9992 = DEFINITIONAL_REPRESENTATION('',(#9993),#9997);
#9993 = LINE('',#9994,#9995);
#9994 = CARTESIAN_POINT('',(-1.495389160676,-4.474880892001));
#9995 = VECTOR('',#9996,1.);
#9996 = DIRECTION('',(0.621752736073,0.783213594868));
#9997 = ( GEOMETRIC_REPRESENTATION_CONTEXT(2) 
PARAMETRIC_REPRESENTATION_CONTEXT() REPRESENTATION_CONTEXT('2D SPACE',''
  ) );
#9998 = ADVANCED_FACE('',(#9999),#8971,.F.);
#9999 = FACE_BOUND('',#10000,.F.);
#10000 = EDGE_LOOP('',(#10001,#10002,#10071,#10072));
#10001 = ORIENTED_EDGE('',*,*,#9955,.T.);
#10002 = ORIENTED_EDGE('',*,*,#10003,.T.);
#10003 = EDGE_CURVE('',#9933,#8951,#10004,.T.);
#10004 = SURFACE_CURVE('',#10005,(#10033,#10040),.PCURVE_S1.);
#10005 = B_SPLINE_CURVE_WITH_KNOTS('',8,(#10006,#10007,#10008,#10009,
    #10010,#10011,#10012,#10013,#10014,#10015,#10016,#10017,#10018,
    #10019,#10020,#10021,#10022,#10023,#10024,#10025,#10026,#10027,
    #10028,#10029,#10030,#10031,#10032),.UNSPECIFIED.,.F.,.F.,(9,6,6,6,9
    ),(0.,0.344495256222,0.555886992583,0.777442361545,1.),
  .UNSPECIFIED.);
#10006 = CARTESIAN_POINT('',(76.247825744664,5.350747871715,4.2));
#10007 = CARTESIAN_POINT('',(76.255501518818,6.014341880228,4.2));
#10008 = CARTESIAN_POINT('',(76.207818766708,6.682357576309,
    4.200000000001));
#10009 = CARTESIAN_POINT('',(76.348617248716,7.336942963857,
    4.199999999998));
#10010 = CARTESIAN_POINT('',(76.100005580012,8.014971154046,
    4.200000000003));
#10011 = CARTESIAN_POINT('',(76.370969667131,8.669678332417,
    4.199999999998));
#10012 = CARTESIAN_POINT('',(76.216008771353,9.332129559027,
    4.200000000001));
#10013 = CARTESIAN_POINT('',(76.178998140718,10.421867514748,4.2));
#10014 = CARTESIAN_POINT('',(76.562865555041,11.450603598753,4.2));
#10015 = CARTESIAN_POINT('',(76.744487302294,11.760110241364,4.2));
#10016 = CARTESIAN_POINT('',(77.177867404658,12.244384554367,4.2));
#10017 = CARTESIAN_POINT('',(77.628861764598,12.013244487665,4.2));
#10018 = CARTESIAN_POINT('',(77.995865113957,12.227653948976,4.2));
#10019 = CARTESIAN_POINT('',(78.932135316899,12.04485174815,4.2));
#10020 = CARTESIAN_POINT('',(79.382724934152,11.296381645401,4.2));
#10021 = CARTESIAN_POINT('',(79.556729736782,10.782731487467,
    4.200000000001));
#10022 = CARTESIAN_POINT('',(79.293482247484,10.417448399158,
    4.199999999999));
#10023 = CARTESIAN_POINT('',(79.421377614522,9.96027217102,4.2));
#10024 = CARTESIAN_POINT('',(79.395664199451,9.542608348266,4.2));
#10025 = CARTESIAN_POINT('',(79.395447767997,8.683456896397,4.2));
#10026 = CARTESIAN_POINT('',(79.396776354388,7.829417844749,4.2));
#10027 = CARTESIAN_POINT('',(79.393512948517,7.397233402463,
    4.199999999999));
#10028 = CARTESIAN_POINT('',(79.39934107494,6.972601034965,
    4.200000000003));
#10029 = CARTESIAN_POINT('',(79.39337963779,6.53927249458,4.199999999998
    ));
#10030 = CARTESIAN_POINT('',(79.397125256344,6.112620087127,
    4.200000000001));
#10031 = CARTESIAN_POINT('',(79.395740014155,5.682598148521,4.2));
#10032 = CARTESIAN_POINT('',(79.395979354105,5.253609093975,4.2));
#10033 = PCURVE('',#8971,#10034);
#10034 = DEFINITIONAL_REPRESENTATION('',(#10035),#10039);
#10035 = LINE('',#10036,#10037);
#10036 = CARTESIAN_POINT('',(0.,-1.2));
#10037 = VECTOR('',#10038,1.);
#10038 = DIRECTION('',(1.,0.));
#10039 = ( GEOMETRIC_REPRESENTATION_CONTEXT(2) 
PARAMETRIC_REPRESENTATION_CONTEXT() REPRESENTATION_CONTEXT('2D SPACE',''
  ) );
#10040 = PCURVE('',#9025,#10041);
#10041 = DEFINITIONAL_REPRESENTATION('',(#10042),#10070);
#10042 = B_SPLINE_CURVE_WITH_KNOTS('',8,(#10043,#10044,#10045,#10046,
    #10047,#10048,#10049,#10050,#10051,#10052,#10053,#10054,#10055,
    #10056,#10057,#10058,#10059,#10060,#10061,#10062,#10063,#10064,
    #10065,#10066,#10067,#10068,#10069),.UNSPECIFIED.,.F.,.F.,(9,6,6,6,9
    ),(0.,0.344495256222,0.555886992583,0.777442361545,1.),
  .UNSPECIFIED.);
#10043 = CARTESIAN_POINT('',(-1.418275712653,-4.377742114261));
#10044 = CARTESIAN_POINT('',(-1.410599938499,-3.714148105748));
#10045 = CARTESIAN_POINT('',(-1.458282690609,-3.046132409667));
#10046 = CARTESIAN_POINT('',(-1.317484208602,-2.391547022119));
#10047 = CARTESIAN_POINT('',(-1.566095877305,-1.71351883193));
#10048 = CARTESIAN_POINT('',(-1.295131790186,-1.058811653559));
#10049 = CARTESIAN_POINT('',(-1.450092685964,-0.39636042695));
#10050 = CARTESIAN_POINT('',(-1.487103316599,0.693377528772));
#10051 = CARTESIAN_POINT('',(-1.103235902276,1.722113612777));
#10052 = CARTESIAN_POINT('',(-0.921614155024,2.031620255388));
#10053 = CARTESIAN_POINT('',(-0.488234052659,2.515894568391));
#10054 = CARTESIAN_POINT('',(-3.723969271962E-02,2.284754501689));
#10055 = CARTESIAN_POINT('',(0.32976365664,2.499163962999));
#10056 = CARTESIAN_POINT('',(1.266033859582,2.316361762174));
#10057 = CARTESIAN_POINT('',(1.716623476835,1.567891659425));
#10058 = CARTESIAN_POINT('',(1.890628279464,1.054241501491));
#10059 = CARTESIAN_POINT('',(1.627380790167,0.688958413182));
#10060 = CARTESIAN_POINT('',(1.755276157205,0.231782185044));
#10061 = CARTESIAN_POINT('',(1.729562742134,-0.18588163771));
#10062 = CARTESIAN_POINT('',(1.729346310679,-1.045033089579));
#10063 = CARTESIAN_POINT('',(1.730674897071,-1.899072141227));
#10064 = CARTESIAN_POINT('',(1.727411491199,-2.331256583513));
#10065 = CARTESIAN_POINT('',(1.733239617623,-2.755888951011));
#10066 = CARTESIAN_POINT('',(1.727278180473,-3.189217491396));
#10067 = CARTESIAN_POINT('',(1.731023799027,-3.615869898849));
#10068 = CARTESIAN_POINT('',(1.729638556838,-4.045891837455));
#10069 = CARTESIAN_POINT('',(1.729877896788,-4.474880892001));
#10070 = ( GEOMETRIC_REPRESENTATION_CONTEXT(2) 
PARAMETRIC_REPRESENTATION_CONTEXT() REPRESENTATION_CONTEXT('2D SPACE',''
  ) );
#10071 = ORIENTED_EDGE('',*,*,#8948,.F.);
#10072 = ORIENTED_EDGE('',*,*,#10073,.F.);
#10073 = EDGE_CURVE('',#9956,#8949,#10074,.T.);
#10074 = SURFACE_CURVE('',#10075,(#10103,#10110),.PCURVE_S1.);
#10075 = B_SPLINE_CURVE_WITH_KNOTS('',8,(#10076,#10077,#10078,#10079,
    #10080,#10081,#10082,#10083,#10084,#10085,#10086,#10087,#10088,
    #10089,#10090,#10091,#10092,#10093,#10094,#10095,#10096,#10097,
    #10098,#10099,#10100,#10101,#10102),.UNSPECIFIED.,.F.,.F.,(9,6,6,6,9
    ),(0.,0.344495256222,0.555886992583,0.777442361545,1.),
  .UNSPECIFIED.);
#10076 = CARTESIAN_POINT('',(76.247825744664,5.350747871715,3.));
#10077 = CARTESIAN_POINT('',(76.255501518818,6.014341880228,3.));
#10078 = CARTESIAN_POINT('',(76.207818766708,6.682357576309,
    3.000000000001));
#10079 = CARTESIAN_POINT('',(76.348617248716,7.336942963857,
    2.999999999998));
#10080 = CARTESIAN_POINT('',(76.100005580012,8.014971154046,
    3.000000000003));
#10081 = CARTESIAN_POINT('',(76.370969667131,8.669678332417,
    2.999999999998));
#10082 = CARTESIAN_POINT('',(76.216008771353,9.332129559027,
    3.000000000001));
#10083 = CARTESIAN_POINT('',(76.178998140718,10.421867514748,3.));
#10084 = CARTESIAN_POINT('',(76.562865555041,11.450603598753,3.));
#10085 = CARTESIAN_POINT('',(76.744487302294,11.760110241364,3.));
#10086 = CARTESIAN_POINT('',(77.177867404658,12.244384554367,3.));
#10087 = CARTESIAN_POINT('',(77.628861764598,12.013244487665,3.));
#10088 = CARTESIAN_POINT('',(77.995865113957,12.227653948976,3.));
#10089 = CARTESIAN_POINT('',(78.932135316899,12.04485174815,3.));
#10090 = CARTESIAN_POINT('',(79.382724934152,11.296381645401,3.));
#10091 = CARTESIAN_POINT('',(79.556729736782,10.782731487467,
    3.000000000001));
#10092 = CARTESIAN_POINT('',(79.293482247484,10.417448399158,
    2.999999999999));
#10093 = CARTESIAN_POINT('',(79.421377614522,9.96027217102,3.));
#10094 = CARTESIAN_POINT('',(79.395664199451,9.542608348266,3.));
#10095 = CARTESIAN_POINT('',(79.395447767997,8.683456896397,3.));
#10096 = CARTESIAN_POINT('',(79.396776354388,7.829417844749,3.));
#10097 = CARTESIAN_POINT('',(79.393512948517,7.397233402463,
    2.999999999999));
#10098 = CARTESIAN_POINT('',(79.39934107494,6.972601034965,
    3.000000000003));
#10099 = CARTESIAN_POINT('',(79.39337963779,6.53927249458,2.999999999998
    ));
#10100 = CARTESIAN_POINT('',(79.397125256344,6.112620087127,
    3.000000000001));
#10101 = CARTESIAN_POINT('',(79.395740014155,5.682598148521,3.));
#10102 = CARTESIAN_POINT('',(79.395979354105,5.253609093975,3.));
#10103 = PCURVE('',#8971,#10104);
#10104 = DEFINITIONAL_REPRESENTATION('',(#10105),#10109);
#10105 = LINE('',#10106,#10107);
#10106 = CARTESIAN_POINT('',(0.,0.));
#10107 = VECTOR('',#10108,1.);
#10108 = DIRECTION('',(1.,0.));
#10109 = ( GEOMETRIC_REPRESENTATION_CONTEXT(2) 
PARAMETRIC_REPRESENTATION_CONTEXT() REPRESENTATION_CONTEXT('2D SPACE',''
  ) );
#10110 = PCURVE('',#9123,#10111);
#10111 = DEFINITIONAL_REPRESENTATION('',(#10112),#10140);
#10112 = B_SPLINE_CURVE_WITH_KNOTS('',8,(#10113,#10114,#10115,#10116,
    #10117,#10118,#10119,#10120,#10121,#10122,#10123,#10124,#10125,
    #10126,#10127,#10128,#10129,#10130,#10131,#10132,#10133,#10134,
    #10135,#10136,#10137,#10138,#10139),.UNSPECIFIED.,.F.,.F.,(9,6,6,6,9
    ),(0.,0.344495256222,0.555886992583,0.777442361545,1.),
  .UNSPECIFIED.);
#10113 = CARTESIAN_POINT('',(-1.418275712653,-4.377742114261));
#10114 = CARTESIAN_POINT('',(-1.410599938499,-3.714148105748));
#10115 = CARTESIAN_POINT('',(-1.458282690609,-3.046132409667));
#10116 = CARTESIAN_POINT('',(-1.317484208602,-2.391547022119));
#10117 = CARTESIAN_POINT('',(-1.566095877305,-1.71351883193));
#10118 = CARTESIAN_POINT('',(-1.295131790186,-1.058811653559));
#10119 = CARTESIAN_POINT('',(-1.450092685964,-0.39636042695));
#10120 = CARTESIAN_POINT('',(-1.487103316599,0.693377528772));
#10121 = CARTESIAN_POINT('',(-1.103235902276,1.722113612777));
#10122 = CARTESIAN_POINT('',(-0.921614155024,2.031620255388));
#10123 = CARTESIAN_POINT('',(-0.488234052659,2.515894568391));
#10124 = CARTESIAN_POINT('',(-3.723969271962E-02,2.284754501689));
#10125 = CARTESIAN_POINT('',(0.32976365664,2.499163962999));
#10126 = CARTESIAN_POINT('',(1.266033859582,2.316361762174));
#10127 = CARTESIAN_POINT('',(1.716623476835,1.567891659425));
#10128 = CARTESIAN_POINT('',(1.890628279464,1.054241501491));
#10129 = CARTESIAN_POINT('',(1.627380790167,0.688958413182));
#10130 = CARTESIAN_POINT('',(1.755276157205,0.231782185044));
#10131 = CARTESIAN_POINT('',(1.729562742134,-0.18588163771));
#10132 = CARTESIAN_POINT('',(1.729346310679,-1.045033089579));
#10133 = CARTESIAN_POINT('',(1.730674897071,-1.899072141227));
#10134 = CARTESIAN_POINT('',(1.727411491199,-2.331256583513));
#10135 = CARTESIAN_POINT('',(1.733239617623,-2.755888951011));
#10136 = CARTESIAN_POINT('',(1.727278180473,-3.189217491396));
#10137 = CARTESIAN_POINT('',(1.731023799027,-3.615869898849));
#10138 = CARTESIAN_POINT('',(1.729638556838,-4.045891837455));
#10139 = CARTESIAN_POINT('',(1.729877896788,-4.474880892001));
#10140 = ( GEOMETRIC_REPRESENTATION_CONTEXT(2) 
PARAMETRIC_REPRESENTATION_CONTEXT() REPRESENTATION_CONTEXT('2D SPACE',''
  ) );
#10141 = ADVANCED_FACE('',(#10142),#9123,.F.);
#10142 = FACE_BOUND('',#10143,.F.);
#10143 = EDGE_LOOP('',(#10144,#10145,#10146,#10147,#10148,#10149,#10150,
    #10151,#10152,#10153,#10154));
#10144 = ORIENTED_EDGE('',*,*,#9109,.T.);
#10145 = ORIENTED_EDGE('',*,*,#9274,.T.);
#10146 = ORIENTED_EDGE('',*,*,#9434,.T.);
#10147 = ORIENTED_EDGE('',*,*,#9510,.T.);
#10148 = ORIENTED_EDGE('',*,*,#9586,.T.);
#10149 = ORIENTED_EDGE('',*,*,#9667,.T.);
#10150 = ORIENTED_EDGE('',*,*,#9749,.T.);
#10151 = ORIENTED_EDGE('',*,*,#9831,.T.);
#10152 = ORIENTED_EDGE('',*,*,#9907,.T.);
#10153 = ORIENTED_EDGE('',*,*,#9978,.T.);
#10154 = ORIENTED_EDGE('',*,*,#10073,.T.);
#10155 = ADVANCED_FACE('',(#10156),#9025,.T.);
#10156 = FACE_BOUND('',#10157,.T.);
#10157 = EDGE_LOOP('',(#10158,#10159,#10160,#10161,#10162,#10163,#10164,
    #10165,#10166,#10167,#10168));
#10158 = ORIENTED_EDGE('',*,*,#9009,.T.);
#10159 = ORIENTED_EDGE('',*,*,#9139,.T.);
#10160 = ORIENTED_EDGE('',*,*,#9383,.T.);
#10161 = ORIENTED_EDGE('',*,*,#9459,.T.);
#10162 = ORIENTED_EDGE('',*,*,#9535,.T.);
#10163 = ORIENTED_EDGE('',*,*,#9611,.T.);
#10164 = ORIENTED_EDGE('',*,*,#9692,.T.);
#10165 = ORIENTED_EDGE('',*,*,#9780,.T.);
#10166 = ORIENTED_EDGE('',*,*,#9856,.T.);
#10167 = ORIENTED_EDGE('',*,*,#9932,.T.);
#10168 = ORIENTED_EDGE('',*,*,#10003,.T.);
#10169 = MANIFOLD_SOLID_BREP('',#10170);
#10170 = CLOSED_SHELL('',(#10171,#10332,#10423,#10490,#10629,#10720,
    #10779,#10790));
#10171 = ADVANCED_FACE('',(#10172),#10186,.F.);
#10172 = FACE_BOUND('',#10173,.F.);
#10173 = EDGE_LOOP('',(#10174,#10223,#10261,#10296));
#10174 = ORIENTED_EDGE('',*,*,#10175,.T.);
#10175 = EDGE_CURVE('',#10176,#10178,#10180,.T.);
#10176 = VERTEX_POINT('',#10177);
#10177 = CARTESIAN_POINT('',(68.896968974822,5.148255393934,3.));
#10178 = VERTEX_POINT('',#10179);
#10179 = CARTESIAN_POINT('',(68.896968974822,5.148255393934,4.2));
#10180 = SURFACE_CURVE('',#10181,(#10185,#10204),.PCURVE_S1.);
#10181 = LINE('',#10182,#10183);
#10182 = CARTESIAN_POINT('',(68.896968974822,5.148255393934,3.));
#10183 = VECTOR('',#10184,1.);
#10184 = DIRECTION('',(0.,0.,1.));
#10185 = PCURVE('',#10186,#10198);
#10186 = SURFACE_OF_LINEAR_EXTRUSION('',#10187,#10196);
#10187 = B_SPLINE_CURVE_WITH_KNOTS('',7,(#10188,#10189,#10190,#10191,
    #10192,#10193,#10194,#10195),.UNSPECIFIED.,.F.,.F.,(8,8),(0.,1.),
  .PIECEWISE_BEZIER_KNOTS.);
#10188 = CARTESIAN_POINT('',(68.896968974822,5.148255393934,3.));
#10189 = CARTESIAN_POINT('',(70.155459180933,5.351013012462,3.));
#10190 = CARTESIAN_POINT('',(71.313567394621,5.898707324289,
    3.000000000001));
#10191 = CARTESIAN_POINT('',(72.323643147439,7.533297743077,
    2.999999999999));
#10192 = CARTESIAN_POINT('',(71.792311657391,8.68910276393,
    3.000000000001));
#10193 = CARTESIAN_POINT('',(72.223059744811,9.955225892727,
    2.999999999999));
#10194 = CARTESIAN_POINT('',(71.940255913712,11.322975660423,3.));
#10195 = CARTESIAN_POINT('',(71.270227146628,12.394136612531,3.));
#10196 = VECTOR('',#10197,1.);
#10197 = DIRECTION('',(-0.,-0.,-1.));
#10198 = DEFINITIONAL_REPRESENTATION('',(#10199),#10203);
#10199 = LINE('',#10200,#10201);
#10200 = CARTESIAN_POINT('',(0.,0.));
#10201 = VECTOR('',#10202,1.);
#10202 = DIRECTION('',(0.,-1.));
#10203 = ( GEOMETRIC_REPRESENTATION_CONTEXT(2) 
PARAMETRIC_REPRESENTATION_CONTEXT() REPRESENTATION_CONTEXT('2D SPACE',''
  ) );
#10204 = PCURVE('',#10205,#10217);
#10205 = SURFACE_OF_LINEAR_EXTRUSION('',#10206,#10215);
#10206 = B_SPLINE_CURVE_WITH_KNOTS('',7,(#10207,#10208,#10209,#10210,
    #10211,#10212,#10213,#10214),.UNSPECIFIED.,.F.,.F.,(8,8),(0.,1.),
  .PIECEWISE_BEZIER_KNOTS.);
#10207 = CARTESIAN_POINT('',(64.5000050886,11.199033940703,3.));
#10208 = CARTESIAN_POINT('',(64.167678879785,9.971341833597,3.));
#10209 = CARTESIAN_POINT('',(64.28970420448,8.425798492298,3.));
#10210 = CARTESIAN_POINT('',(64.28689231879,7.712380052258,
    2.999999999999));
#10211 = CARTESIAN_POINT('',(64.666372751314,5.434747305985,
    3.000000000001));
#10212 = CARTESIAN_POINT('',(66.379316224096,5.154105216032,3.));
#10213 = CARTESIAN_POINT('',(67.594862089518,4.961810499852,3.));
#10214 = CARTESIAN_POINT('',(68.896968974822,5.148255393934,3.));
#10215 = VECTOR('',#10216,1.);
#10216 = DIRECTION('',(-0.,-0.,-1.));
#10217 = DEFINITIONAL_REPRESENTATION('',(#10218),#10222);
#10218 = LINE('',#10219,#10220);
#10219 = CARTESIAN_POINT('',(1.,0.));
#10220 = VECTOR('',#10221,1.);
#10221 = DIRECTION('',(0.,-1.));
#10222 = ( GEOMETRIC_REPRESENTATION_CONTEXT(2) 
PARAMETRIC_REPRESENTATION_CONTEXT() REPRESENTATION_CONTEXT('2D SPACE',''
  ) );
#10223 = ORIENTED_EDGE('',*,*,#10224,.T.);
#10224 = EDGE_CURVE('',#10178,#10225,#10227,.T.);
#10225 = VERTEX_POINT('',#10226);
#10226 = CARTESIAN_POINT('',(71.270227146628,12.394136612531,4.2));
#10227 = SURFACE_CURVE('',#10228,(#10237,#10244),.PCURVE_S1.);
#10228 = B_SPLINE_CURVE_WITH_KNOTS('',7,(#10229,#10230,#10231,#10232,
    #10233,#10234,#10235,#10236),.UNSPECIFIED.,.F.,.F.,(8,8),(0.,1.),
  .PIECEWISE_BEZIER_KNOTS.);
#10229 = CARTESIAN_POINT('',(68.896968974822,5.148255393934,4.2));
#10230 = CARTESIAN_POINT('',(70.155459180933,5.351013012462,4.2));
#10231 = CARTESIAN_POINT('',(71.313567394621,5.898707324289,
    4.200000000001));
#10232 = CARTESIAN_POINT('',(72.323643147439,7.533297743077,
    4.199999999999));
#10233 = CARTESIAN_POINT('',(71.792311657391,8.68910276393,
    4.200000000001));
#10234 = CARTESIAN_POINT('',(72.223059744811,9.955225892727,
    4.199999999999));
#10235 = CARTESIAN_POINT('',(71.940255913712,11.322975660423,4.2));
#10236 = CARTESIAN_POINT('',(71.270227146628,12.394136612531,4.2));
#10237 = PCURVE('',#10186,#10238);
#10238 = DEFINITIONAL_REPRESENTATION('',(#10239),#10243);
#10239 = LINE('',#10240,#10241);
#10240 = CARTESIAN_POINT('',(0.,-1.2));
#10241 = VECTOR('',#10242,1.);
#10242 = DIRECTION('',(1.,0.));
#10243 = ( GEOMETRIC_REPRESENTATION_CONTEXT(2) 
PARAMETRIC_REPRESENTATION_CONTEXT() REPRESENTATION_CONTEXT('2D SPACE',''
  ) );
#10244 = PCURVE('',#10245,#10250);
#10245 = PLANE('',#10246);
#10246 = AXIS2_PLACEMENT_3D('',#10247,#10248,#10249);
#10247 = CARTESIAN_POINT('',(68.136702525157,9.533823033069,4.2));
#10248 = DIRECTION('',(0.,0.,1.));
#10249 = DIRECTION('',(1.,0.,-0.));
#10250 = DEFINITIONAL_REPRESENTATION('',(#10251),#10260);
#10251 = B_SPLINE_CURVE_WITH_KNOTS('',7,(#10252,#10253,#10254,#10255,
    #10256,#10257,#10258,#10259),.UNSPECIFIED.,.F.,.F.,(8,8),(0.,1.),
  .PIECEWISE_BEZIER_KNOTS.);
#10252 = CARTESIAN_POINT('',(0.760266449665,-4.385567639135));
#10253 = CARTESIAN_POINT('',(2.018756655776,-4.182810020607));
#10254 = CARTESIAN_POINT('',(3.176864869464,-3.63511570878));
#10255 = CARTESIAN_POINT('',(4.186940622282,-2.000525289992));
#10256 = CARTESIAN_POINT('',(3.655609132234,-0.844720269139));
#10257 = CARTESIAN_POINT('',(4.086357219654,0.421402859657));
#10258 = CARTESIAN_POINT('',(3.803553388555,1.789152627354));
#10259 = CARTESIAN_POINT('',(3.133524621471,2.860313579462));
#10260 = ( GEOMETRIC_REPRESENTATION_CONTEXT(2) 
PARAMETRIC_REPRESENTATION_CONTEXT() REPRESENTATION_CONTEXT('2D SPACE',''
  ) );
#10261 = ORIENTED_EDGE('',*,*,#10262,.F.);
#10262 = EDGE_CURVE('',#10263,#10225,#10265,.T.);
#10263 = VERTEX_POINT('',#10264);
#10264 = CARTESIAN_POINT('',(71.270227146628,12.394136612531,3.));
#10265 = SURFACE_CURVE('',#10266,(#10270,#10277),.PCURVE_S1.);
#10266 = LINE('',#10267,#10268);
#10267 = CARTESIAN_POINT('',(71.270227146628,12.394136612531,3.));
#10268 = VECTOR('',#10269,1.);
#10269 = DIRECTION('',(0.,0.,1.));
#10270 = PCURVE('',#10186,#10271);
#10271 = DEFINITIONAL_REPRESENTATION('',(#10272),#10276);
#10272 = LINE('',#10273,#10274);
#10273 = CARTESIAN_POINT('',(1.,0.));
#10274 = VECTOR('',#10275,1.);
#10275 = DIRECTION('',(0.,-1.));
#10276 = ( GEOMETRIC_REPRESENTATION_CONTEXT(2) 
PARAMETRIC_REPRESENTATION_CONTEXT() REPRESENTATION_CONTEXT('2D SPACE',''
  ) );
#10277 = PCURVE('',#10278,#10290);
#10278 = SURFACE_OF_LINEAR_EXTRUSION('',#10279,#10288);
#10279 = B_SPLINE_CURVE_WITH_KNOTS('',7,(#10280,#10281,#10282,#10283,
    #10284,#10285,#10286,#10287),.UNSPECIFIED.,.F.,.F.,(8,8),(0.,1.),
  .PIECEWISE_BEZIER_KNOTS.);
#10280 = CARTESIAN_POINT('',(71.270227146628,12.394136612531,3.));
#10281 = CARTESIAN_POINT('',(70.664892927681,13.35600265094,3.));
#10282 = CARTESIAN_POINT('',(69.327345340521,14.620541917929,
    3.000000000001));
#10283 = CARTESIAN_POINT('',(68.303295123144,13.537271099994,
    2.999999999998));
#10284 = CARTESIAN_POINT('',(66.645424915902,14.748781331838,
    3.000000000002));
#10285 = CARTESIAN_POINT('',(65.477217983472,13.443766706546,
    2.999999999999));
#10286 = CARTESIAN_POINT('',(64.796485206404,12.391888239037,3.));
#10287 = CARTESIAN_POINT('',(64.5000050886,11.199033940703,3.));
#10288 = VECTOR('',#10289,1.);
#10289 = DIRECTION('',(-0.,-0.,-1.));
#10290 = DEFINITIONAL_REPRESENTATION('',(#10291),#10295);
#10291 = LINE('',#10292,#10293);
#10292 = CARTESIAN_POINT('',(0.,0.));
#10293 = VECTOR('',#10294,1.);
#10294 = DIRECTION('',(0.,-1.));
#10295 = ( GEOMETRIC_REPRESENTATION_CONTEXT(2) 
PARAMETRIC_REPRESENTATION_CONTEXT() REPRESENTATION_CONTEXT('2D SPACE',''
  ) );
#10296 = ORIENTED_EDGE('',*,*,#10297,.F.);
#10297 = EDGE_CURVE('',#10176,#10263,#10298,.T.);
#10298 = SURFACE_CURVE('',#10299,(#10308,#10315),.PCURVE_S1.);
#10299 = B_SPLINE_CURVE_WITH_KNOTS('',7,(#10300,#10301,#10302,#10303,
    #10304,#10305,#10306,#10307),.UNSPECIFIED.,.F.,.F.,(8,8),(0.,1.),
  .PIECEWISE_BEZIER_KNOTS.);
#10300 = CARTESIAN_POINT('',(68.896968974822,5.148255393934,3.));
#10301 = CARTESIAN_POINT('',(70.155459180933,5.351013012462,3.));
#10302 = CARTESIAN_POINT('',(71.313567394621,5.898707324289,
    3.000000000001));
#10303 = CARTESIAN_POINT('',(72.323643147439,7.533297743077,
    2.999999999999));
#10304 = CARTESIAN_POINT('',(71.792311657391,8.68910276393,
    3.000000000001));
#10305 = CARTESIAN_POINT('',(72.223059744811,9.955225892727,
    2.999999999999));
#10306 = CARTESIAN_POINT('',(71.940255913712,11.322975660423,3.));
#10307 = CARTESIAN_POINT('',(71.270227146628,12.394136612531,3.));
#10308 = PCURVE('',#10186,#10309);
#10309 = DEFINITIONAL_REPRESENTATION('',(#10310),#10314);
#10310 = LINE('',#10311,#10312);
#10311 = CARTESIAN_POINT('',(0.,0.));
#10312 = VECTOR('',#10313,1.);
#10313 = DIRECTION('',(1.,0.));
#10314 = ( GEOMETRIC_REPRESENTATION_CONTEXT(2) 
PARAMETRIC_REPRESENTATION_CONTEXT() REPRESENTATION_CONTEXT('2D SPACE',''
  ) );
#10315 = PCURVE('',#10316,#10321);
#10316 = PLANE('',#10317);
#10317 = AXIS2_PLACEMENT_3D('',#10318,#10319,#10320);
#10318 = CARTESIAN_POINT('',(68.136702525157,9.533823033069,3.));
#10319 = DIRECTION('',(0.,0.,1.));
#10320 = DIRECTION('',(1.,0.,-0.));
#10321 = DEFINITIONAL_REPRESENTATION('',(#10322),#10331);
#10322 = B_SPLINE_CURVE_WITH_KNOTS('',7,(#10323,#10324,#10325,#10326,
    #10327,#10328,#10329,#10330),.UNSPECIFIED.,.F.,.F.,(8,8),(0.,1.),
  .PIECEWISE_BEZIER_KNOTS.);
#10323 = CARTESIAN_POINT('',(0.760266449665,-4.385567639135));
#10324 = CARTESIAN_POINT('',(2.018756655776,-4.182810020607));
#10325 = CARTESIAN_POINT('',(3.176864869464,-3.63511570878));
#10326 = CARTESIAN_POINT('',(4.186940622282,-2.000525289992));
#10327 = CARTESIAN_POINT('',(3.655609132234,-0.844720269139));
#10328 = CARTESIAN_POINT('',(4.086357219654,0.421402859657));
#10329 = CARTESIAN_POINT('',(3.803553388555,1.789152627354));
#10330 = CARTESIAN_POINT('',(3.133524621471,2.860313579462));
#10331 = ( GEOMETRIC_REPRESENTATION_CONTEXT(2) 
PARAMETRIC_REPRESENTATION_CONTEXT() REPRESENTATION_CONTEXT('2D SPACE',''
  ) );
#10332 = ADVANCED_FACE('',(#10333),#10278,.F.);
#10333 = FACE_BOUND('',#10334,.F.);
#10334 = EDGE_LOOP('',(#10335,#10336,#10369,#10392));
#10335 = ORIENTED_EDGE('',*,*,#10262,.T.);
#10336 = ORIENTED_EDGE('',*,*,#10337,.T.);
#10337 = EDGE_CURVE('',#10225,#10338,#10340,.T.);
#10338 = VERTEX_POINT('',#10339);
#10339 = CARTESIAN_POINT('',(64.5000050886,11.199033940703,4.2));
#10340 = SURFACE_CURVE('',#10341,(#10350,#10357),.PCURVE_S1.);
#10341 = B_SPLINE_CURVE_WITH_KNOTS('',7,(#10342,#10343,#10344,#10345,
    #10346,#10347,#10348,#10349),.UNSPECIFIED.,.F.,.F.,(8,8),(0.,1.),
  .PIECEWISE_BEZIER_KNOTS.);
#10342 = CARTESIAN_POINT('',(71.270227146628,12.394136612531,4.2));
#10343 = CARTESIAN_POINT('',(70.664892927681,13.35600265094,4.2));
#10344 = CARTESIAN_POINT('',(69.327345340521,14.620541917929,
    4.200000000001));
#10345 = CARTESIAN_POINT('',(68.303295123144,13.537271099994,
    4.199999999998));
#10346 = CARTESIAN_POINT('',(66.645424915902,14.748781331838,
    4.200000000002));
#10347 = CARTESIAN_POINT('',(65.477217983472,13.443766706546,
    4.199999999999));
#10348 = CARTESIAN_POINT('',(64.796485206404,12.391888239037,4.2));
#10349 = CARTESIAN_POINT('',(64.5000050886,11.199033940703,4.2));
#10350 = PCURVE('',#10278,#10351);
#10351 = DEFINITIONAL_REPRESENTATION('',(#10352),#10356);
#10352 = LINE('',#10353,#10354);
#10353 = CARTESIAN_POINT('',(0.,-1.2));
#10354 = VECTOR('',#10355,1.);
#10355 = DIRECTION('',(1.,0.));
#10356 = ( GEOMETRIC_REPRESENTATION_CONTEXT(2) 
PARAMETRIC_REPRESENTATION_CONTEXT() REPRESENTATION_CONTEXT('2D SPACE',''
  ) );
#10357 = PCURVE('',#10245,#10358);
#10358 = DEFINITIONAL_REPRESENTATION('',(#10359),#10368);
#10359 = B_SPLINE_CURVE_WITH_KNOTS('',7,(#10360,#10361,#10362,#10363,
    #10364,#10365,#10366,#10367),.UNSPECIFIED.,.F.,.F.,(8,8),(0.,1.),
  .PIECEWISE_BEZIER_KNOTS.);
#10360 = CARTESIAN_POINT('',(3.133524621471,2.860313579462));
#10361 = CARTESIAN_POINT('',(2.528190402523,3.822179617871));
#10362 = CARTESIAN_POINT('',(1.190642815363,5.08671888486));
#10363 = CARTESIAN_POINT('',(0.166592597987,4.003448066925));
#10364 = CARTESIAN_POINT('',(-1.491277609255,5.214958298769));
#10365 = CARTESIAN_POINT('',(-2.659484541685,3.909943673477));
#10366 = CARTESIAN_POINT('',(-3.340217318753,2.858065205968));
#10367 = CARTESIAN_POINT('',(-3.636697436557,1.665210907634));
#10368 = ( GEOMETRIC_REPRESENTATION_CONTEXT(2) 
PARAMETRIC_REPRESENTATION_CONTEXT() REPRESENTATION_CONTEXT('2D SPACE',''
  ) );
#10369 = ORIENTED_EDGE('',*,*,#10370,.F.);
#10370 = EDGE_CURVE('',#10371,#10338,#10373,.T.);
#10371 = VERTEX_POINT('',#10372);
#10372 = CARTESIAN_POINT('',(64.5000050886,11.199033940703,3.));
#10373 = SURFACE_CURVE('',#10374,(#10378,#10385),.PCURVE_S1.);
#10374 = LINE('',#10375,#10376);
#10375 = CARTESIAN_POINT('',(64.5000050886,11.199033940703,3.));
#10376 = VECTOR('',#10377,1.);
#10377 = DIRECTION('',(0.,0.,1.));
#10378 = PCURVE('',#10278,#10379);
#10379 = DEFINITIONAL_REPRESENTATION('',(#10380),#10384);
#10380 = LINE('',#10381,#10382);
#10381 = CARTESIAN_POINT('',(1.,0.));
#10382 = VECTOR('',#10383,1.);
#10383 = DIRECTION('',(0.,-1.));
#10384 = ( GEOMETRIC_REPRESENTATION_CONTEXT(2) 
PARAMETRIC_REPRESENTATION_CONTEXT() REPRESENTATION_CONTEXT('2D SPACE',''
  ) );
#10385 = PCURVE('',#10205,#10386);
#10386 = DEFINITIONAL_REPRESENTATION('',(#10387),#10391);
#10387 = LINE('',#10388,#10389);
#10388 = CARTESIAN_POINT('',(0.,0.));
#10389 = VECTOR('',#10390,1.);
#10390 = DIRECTION('',(0.,-1.));
#10391 = ( GEOMETRIC_REPRESENTATION_CONTEXT(2) 
PARAMETRIC_REPRESENTATION_CONTEXT() REPRESENTATION_CONTEXT('2D SPACE',''
  ) );
#10392 = ORIENTED_EDGE('',*,*,#10393,.F.);
#10393 = EDGE_CURVE('',#10263,#10371,#10394,.T.);
#10394 = SURFACE_CURVE('',#10395,(#10404,#10411),.PCURVE_S1.);
#10395 = B_SPLINE_CURVE_WITH_KNOTS('',7,(#10396,#10397,#10398,#10399,
    #10400,#10401,#10402,#10403),.UNSPECIFIED.,.F.,.F.,(8,8),(0.,1.),
  .PIECEWISE_BEZIER_KNOTS.);
#10396 = CARTESIAN_POINT('',(71.270227146628,12.394136612531,3.));
#10397 = CARTESIAN_POINT('',(70.664892927681,13.35600265094,3.));
#10398 = CARTESIAN_POINT('',(69.327345340521,14.620541917929,
    3.000000000001));
#10399 = CARTESIAN_POINT('',(68.303295123144,13.537271099994,
    2.999999999998));
#10400 = CARTESIAN_POINT('',(66.645424915902,14.748781331838,
    3.000000000002));
#10401 = CARTESIAN_POINT('',(65.477217983472,13.443766706546,
    2.999999999999));
#10402 = CARTESIAN_POINT('',(64.796485206404,12.391888239037,3.));
#10403 = CARTESIAN_POINT('',(64.5000050886,11.199033940703,3.));
#10404 = PCURVE('',#10278,#10405);
#10405 = DEFINITIONAL_REPRESENTATION('',(#10406),#10410);
#10406 = LINE('',#10407,#10408);
#10407 = CARTESIAN_POINT('',(0.,0.));
#10408 = VECTOR('',#10409,1.);
#10409 = DIRECTION('',(1.,0.));
#10410 = ( GEOMETRIC_REPRESENTATION_CONTEXT(2) 
PARAMETRIC_REPRESENTATION_CONTEXT() REPRESENTATION_CONTEXT('2D SPACE',''
  ) );
#10411 = PCURVE('',#10316,#10412);
#10412 = DEFINITIONAL_REPRESENTATION('',(#10413),#10422);
#10413 = B_SPLINE_CURVE_WITH_KNOTS('',7,(#10414,#10415,#10416,#10417,
    #10418,#10419,#10420,#10421),.UNSPECIFIED.,.F.,.F.,(8,8),(0.,1.),
  .PIECEWISE_BEZIER_KNOTS.);
#10414 = CARTESIAN_POINT('',(3.133524621471,2.860313579462));
#10415 = CARTESIAN_POINT('',(2.528190402523,3.822179617871));
#10416 = CARTESIAN_POINT('',(1.190642815363,5.08671888486));
#10417 = CARTESIAN_POINT('',(0.166592597987,4.003448066925));
#10418 = CARTESIAN_POINT('',(-1.491277609255,5.214958298769));
#10419 = CARTESIAN_POINT('',(-2.659484541685,3.909943673477));
#10420 = CARTESIAN_POINT('',(-3.340217318753,2.858065205968));
#10421 = CARTESIAN_POINT('',(-3.636697436557,1.665210907634));
#10422 = ( GEOMETRIC_REPRESENTATION_CONTEXT(2) 
PARAMETRIC_REPRESENTATION_CONTEXT() REPRESENTATION_CONTEXT('2D SPACE',''
  ) );
#10423 = ADVANCED_FACE('',(#10424),#10205,.F.);
#10424 = FACE_BOUND('',#10425,.F.);
#10425 = EDGE_LOOP('',(#10426,#10427,#10458,#10459));
#10426 = ORIENTED_EDGE('',*,*,#10370,.T.);
#10427 = ORIENTED_EDGE('',*,*,#10428,.T.);
#10428 = EDGE_CURVE('',#10338,#10178,#10429,.T.);
#10429 = SURFACE_CURVE('',#10430,(#10439,#10446),.PCURVE_S1.);
#10430 = B_SPLINE_CURVE_WITH_KNOTS('',7,(#10431,#10432,#10433,#10434,
    #10435,#10436,#10437,#10438),.UNSPECIFIED.,.F.,.F.,(8,8),(0.,1.),
  .PIECEWISE_BEZIER_KNOTS.);
#10431 = CARTESIAN_POINT('',(64.5000050886,11.199033940703,4.2));
#10432 = CARTESIAN_POINT('',(64.167678879785,9.971341833597,4.2));
#10433 = CARTESIAN_POINT('',(64.28970420448,8.425798492298,4.2));
#10434 = CARTESIAN_POINT('',(64.28689231879,7.712380052258,
    4.199999999999));
#10435 = CARTESIAN_POINT('',(64.666372751314,5.434747305985,
    4.200000000001));
#10436 = CARTESIAN_POINT('',(66.379316224096,5.154105216032,4.2));
#10437 = CARTESIAN_POINT('',(67.594862089518,4.961810499852,4.2));
#10438 = CARTESIAN_POINT('',(68.896968974822,5.148255393934,4.2));
#10439 = PCURVE('',#10205,#10440);
#10440 = DEFINITIONAL_REPRESENTATION('',(#10441),#10445);
#10441 = LINE('',#10442,#10443);
#10442 = CARTESIAN_POINT('',(0.,-1.2));
#10443 = VECTOR('',#10444,1.);
#10444 = DIRECTION('',(1.,0.));
#10445 = ( GEOMETRIC_REPRESENTATION_CONTEXT(2) 
PARAMETRIC_REPRESENTATION_CONTEXT() REPRESENTATION_CONTEXT('2D SPACE',''
  ) );
#10446 = PCURVE('',#10245,#10447);
#10447 = DEFINITIONAL_REPRESENTATION('',(#10448),#10457);
#10448 = B_SPLINE_CURVE_WITH_KNOTS('',7,(#10449,#10450,#10451,#10452,
    #10453,#10454,#10455,#10456),.UNSPECIFIED.,.F.,.F.,(8,8),(0.,1.),
  .PIECEWISE_BEZIER_KNOTS.);
#10449 = CARTESIAN_POINT('',(-3.636697436557,1.665210907634));
#10450 = CARTESIAN_POINT('',(-3.969023645372,0.437518800527));
#10451 = CARTESIAN_POINT('',(-3.846998320677,-1.108024540771));
#10452 = CARTESIAN_POINT('',(-3.849810206367,-1.821442980811));
#10453 = CARTESIAN_POINT('',(-3.470329773843,-4.099075727084));
#10454 = CARTESIAN_POINT('',(-1.757386301061,-4.379717817037));
#10455 = CARTESIAN_POINT('',(-0.541840435639,-4.572012533217));
#10456 = CARTESIAN_POINT('',(0.760266449665,-4.385567639135));
#10457 = ( GEOMETRIC_REPRESENTATION_CONTEXT(2) 
PARAMETRIC_REPRESENTATION_CONTEXT() REPRESENTATION_CONTEXT('2D SPACE',''
  ) );
#10458 = ORIENTED_EDGE('',*,*,#10175,.F.);
#10459 = ORIENTED_EDGE('',*,*,#10460,.F.);
#10460 = EDGE_CURVE('',#10371,#10176,#10461,.T.);
#10461 = SURFACE_CURVE('',#10462,(#10471,#10478),.PCURVE_S1.);
#10462 = B_SPLINE_CURVE_WITH_KNOTS('',7,(#10463,#10464,#10465,#10466,
    #10467,#10468,#10469,#10470),.UNSPECIFIED.,.F.,.F.,(8,8),(0.,1.),
  .PIECEWISE_BEZIER_KNOTS.);
#10463 = CARTESIAN_POINT('',(64.5000050886,11.199033940703,3.));
#10464 = CARTESIAN_POINT('',(64.167678879785,9.971341833597,3.));
#10465 = CARTESIAN_POINT('',(64.28970420448,8.425798492298,3.));
#10466 = CARTESIAN_POINT('',(64.28689231879,7.712380052258,
    2.999999999999));
#10467 = CARTESIAN_POINT('',(64.666372751314,5.434747305985,
    3.000000000001));
#10468 = CARTESIAN_POINT('',(66.379316224096,5.154105216032,3.));
#10469 = CARTESIAN_POINT('',(67.594862089518,4.961810499852,3.));
#10470 = CARTESIAN_POINT('',(68.896968974822,5.148255393934,3.));
#10471 = PCURVE('',#10205,#10472);
#10472 = DEFINITIONAL_REPRESENTATION('',(#10473),#10477);
#10473 = LINE('',#10474,#10475);
#10474 = CARTESIAN_POINT('',(0.,0.));
#10475 = VECTOR('',#10476,1.);
#10476 = DIRECTION('',(1.,0.));
#10477 = ( GEOMETRIC_REPRESENTATION_CONTEXT(2) 
PARAMETRIC_REPRESENTATION_CONTEXT() REPRESENTATION_CONTEXT('2D SPACE',''
  ) );
#10478 = PCURVE('',#10316,#10479);
#10479 = DEFINITIONAL_REPRESENTATION('',(#10480),#10489);
#10480 = B_SPLINE_CURVE_WITH_KNOTS('',7,(#10481,#10482,#10483,#10484,
    #10485,#10486,#10487,#10488),.UNSPECIFIED.,.F.,.F.,(8,8),(0.,1.),
  .PIECEWISE_BEZIER_KNOTS.);
#10481 = CARTESIAN_POINT('',(-3.636697436557,1.665210907634));
#10482 = CARTESIAN_POINT('',(-3.969023645372,0.437518800527));
#10483 = CARTESIAN_POINT('',(-3.846998320677,-1.108024540771));
#10484 = CARTESIAN_POINT('',(-3.849810206367,-1.821442980811));
#10485 = CARTESIAN_POINT('',(-3.470329773843,-4.099075727084));
#10486 = CARTESIAN_POINT('',(-1.757386301061,-4.379717817037));
#10487 = CARTESIAN_POINT('',(-0.541840435639,-4.572012533217));
#10488 = CARTESIAN_POINT('',(0.760266449665,-4.385567639135));
#10489 = ( GEOMETRIC_REPRESENTATION_CONTEXT(2) 
PARAMETRIC_REPRESENTATION_CONTEXT() REPRESENTATION_CONTEXT('2D SPACE',''
  ) );
#10490 = ADVANCED_FACE('',(#10491),#10505,.F.);
#10491 = FACE_BOUND('',#10492,.F.);
#10492 = EDGE_LOOP('',(#10493,#10538,#10567,#10602));
#10493 = ORIENTED_EDGE('',*,*,#10494,.T.);
#10494 = EDGE_CURVE('',#10495,#10497,#10499,.T.);
#10495 = VERTEX_POINT('',#10496);
#10496 = CARTESIAN_POINT('',(67.751803520149,6.987258389485,3.));
#10497 = VERTEX_POINT('',#10498);
#10498 = CARTESIAN_POINT('',(67.751803520149,6.987258389485,4.2));
#10499 = SURFACE_CURVE('',#10500,(#10504,#10521),.PCURVE_S1.);
#10500 = LINE('',#10501,#10502);
#10501 = CARTESIAN_POINT('',(67.751803520149,6.987258389485,3.));
#10502 = VECTOR('',#10503,1.);
#10503 = DIRECTION('',(0.,0.,1.));
#10504 = PCURVE('',#10505,#10515);
#10505 = SURFACE_OF_LINEAR_EXTRUSION('',#10506,#10513);
#10506 = B_SPLINE_CURVE_WITH_KNOTS('',5,(#10507,#10508,#10509,#10510,
    #10511,#10512),.UNSPECIFIED.,.F.,.F.,(6,6),(0.,1.),
  .PIECEWISE_BEZIER_KNOTS.);
#10507 = CARTESIAN_POINT('',(67.751803520149,6.987258389485,3.));
#10508 = CARTESIAN_POINT('',(66.755494281623,7.188274112743,3.));
#10509 = CARTESIAN_POINT('',(66.187113467372,8.236345110389,3.));
#10510 = CARTESIAN_POINT('',(66.401887546457,9.321842892637,3.));
#10511 = CARTESIAN_POINT('',(66.223224520595,10.192831968095,3.));
#10512 = CARTESIAN_POINT('',(66.638180958865,11.114265913194,3.));
#10513 = VECTOR('',#10514,1.);
#10514 = DIRECTION('',(-0.,-0.,-1.));
#10515 = DEFINITIONAL_REPRESENTATION('',(#10516),#10520);
#10516 = LINE('',#10517,#10518);
#10517 = CARTESIAN_POINT('',(0.,0.));
#10518 = VECTOR('',#10519,1.);
#10519 = DIRECTION('',(0.,-1.));
#10520 = ( GEOMETRIC_REPRESENTATION_CONTEXT(2) 
PARAMETRIC_REPRESENTATION_CONTEXT() REPRESENTATION_CONTEXT('2D SPACE',''
  ) );
#10521 = PCURVE('',#10522,#10532);
#10522 = SURFACE_OF_LINEAR_EXTRUSION('',#10523,#10530);
#10523 = B_SPLINE_CURVE_WITH_KNOTS('',5,(#10524,#10525,#10526,#10527,
    #10528,#10529),.UNSPECIFIED.,.F.,.F.,(6,6),(0.,1.),
  .PIECEWISE_BEZIER_KNOTS.);
#10524 = CARTESIAN_POINT('',(69.835119512118,10.444372155518,3.));
#10525 = CARTESIAN_POINT('',(70.015916032042,9.382775279594,3.));
#10526 = CARTESIAN_POINT('',(69.848527880102,8.844007945475,3.));
#10527 = CARTESIAN_POINT('',(70.0010931092,7.073388332819,3.));
#10528 = CARTESIAN_POINT('',(68.682389886571,6.806003747149,3.));
#10529 = CARTESIAN_POINT('',(67.751803520149,6.987258389485,3.));
#10530 = VECTOR('',#10531,1.);
#10531 = DIRECTION('',(-0.,-0.,-1.));
#10532 = DEFINITIONAL_REPRESENTATION('',(#10533),#10537);
#10533 = LINE('',#10534,#10535);
#10534 = CARTESIAN_POINT('',(1.,0.));
#10535 = VECTOR('',#10536,1.);
#10536 = DIRECTION('',(0.,-1.));
#10537 = ( GEOMETRIC_REPRESENTATION_CONTEXT(2) 
PARAMETRIC_REPRESENTATION_CONTEXT() REPRESENTATION_CONTEXT('2D SPACE',''
  ) );
#10538 = ORIENTED_EDGE('',*,*,#10539,.T.);
#10539 = EDGE_CURVE('',#10497,#10540,#10542,.T.);
#10540 = VERTEX_POINT('',#10541);
#10541 = CARTESIAN_POINT('',(66.638180958865,11.114265913194,4.2));
#10542 = SURFACE_CURVE('',#10543,(#10550,#10557),.PCURVE_S1.);
#10543 = B_SPLINE_CURVE_WITH_KNOTS('',5,(#10544,#10545,#10546,#10547,
    #10548,#10549),.UNSPECIFIED.,.F.,.F.,(6,6),(0.,1.),
  .PIECEWISE_BEZIER_KNOTS.);
#10544 = CARTESIAN_POINT('',(67.751803520149,6.987258389485,4.2));
#10545 = CARTESIAN_POINT('',(66.755494281623,7.188274112743,4.2));
#10546 = CARTESIAN_POINT('',(66.187113467372,8.236345110389,4.2));
#10547 = CARTESIAN_POINT('',(66.401887546457,9.321842892637,4.2));
#10548 = CARTESIAN_POINT('',(66.223224520595,10.192831968095,4.2));
#10549 = CARTESIAN_POINT('',(66.638180958865,11.114265913194,4.2));
#10550 = PCURVE('',#10505,#10551);
#10551 = DEFINITIONAL_REPRESENTATION('',(#10552),#10556);
#10552 = LINE('',#10553,#10554);
#10553 = CARTESIAN_POINT('',(0.,-1.2));
#10554 = VECTOR('',#10555,1.);
#10555 = DIRECTION('',(1.,0.));
#10556 = ( GEOMETRIC_REPRESENTATION_CONTEXT(2) 
PARAMETRIC_REPRESENTATION_CONTEXT() REPRESENTATION_CONTEXT('2D SPACE',''
  ) );
#10557 = PCURVE('',#10245,#10558);
#10558 = DEFINITIONAL_REPRESENTATION('',(#10559),#10566);
#10559 = B_SPLINE_CURVE_WITH_KNOTS('',5,(#10560,#10561,#10562,#10563,
    #10564,#10565),.UNSPECIFIED.,.F.,.F.,(6,6),(0.,1.),
  .PIECEWISE_BEZIER_KNOTS.);
#10560 = CARTESIAN_POINT('',(-0.384899005008,-2.546564643584));
#10561 = CARTESIAN_POINT('',(-1.381208243535,-2.345548920326));
#10562 = CARTESIAN_POINT('',(-1.949589057785,-1.29747792268));
#10563 = CARTESIAN_POINT('',(-1.734814978701,-0.211980140432));
#10564 = CARTESIAN_POINT('',(-1.913478004562,0.659008935026));
#10565 = CARTESIAN_POINT('',(-1.498521566292,1.580442880125));
#10566 = ( GEOMETRIC_REPRESENTATION_CONTEXT(2) 
PARAMETRIC_REPRESENTATION_CONTEXT() REPRESENTATION_CONTEXT('2D SPACE',''
  ) );
#10567 = ORIENTED_EDGE('',*,*,#10568,.F.);
#10568 = EDGE_CURVE('',#10569,#10540,#10571,.T.);
#10569 = VERTEX_POINT('',#10570);
#10570 = CARTESIAN_POINT('',(66.638180958865,11.114265913194,3.));
#10571 = SURFACE_CURVE('',#10572,(#10576,#10583),.PCURVE_S1.);
#10572 = LINE('',#10573,#10574);
#10573 = CARTESIAN_POINT('',(66.638180958865,11.114265913194,3.));
#10574 = VECTOR('',#10575,1.);
#10575 = DIRECTION('',(0.,0.,1.));
#10576 = PCURVE('',#10505,#10577);
#10577 = DEFINITIONAL_REPRESENTATION('',(#10578),#10582);
#10578 = LINE('',#10579,#10580);
#10579 = CARTESIAN_POINT('',(1.,0.));
#10580 = VECTOR('',#10581,1.);
#10581 = DIRECTION('',(0.,-1.));
#10582 = ( GEOMETRIC_REPRESENTATION_CONTEXT(2) 
PARAMETRIC_REPRESENTATION_CONTEXT() REPRESENTATION_CONTEXT('2D SPACE',''
  ) );
#10583 = PCURVE('',#10584,#10596);
#10584 = SURFACE_OF_LINEAR_EXTRUSION('',#10585,#10594);
#10585 = B_SPLINE_CURVE_WITH_KNOTS('',7,(#10586,#10587,#10588,#10589,
    #10590,#10591,#10592,#10593),.UNSPECIFIED.,.F.,.F.,(8,8),(0.,1.),
  .PIECEWISE_BEZIER_KNOTS.);
#10586 = CARTESIAN_POINT('',(66.638180958865,11.114265913194,3.));
#10587 = CARTESIAN_POINT('',(66.889456817292,11.647277427167,3.));
#10588 = CARTESIAN_POINT('',(67.41921691354,12.486697043911,3.));
#10589 = CARTESIAN_POINT('',(68.028296957851,11.932996515206,3.));
#10590 = CARTESIAN_POINT('',(69.097420997928,12.667380272869,3.));
#10591 = CARTESIAN_POINT('',(69.446791247135,11.55246108452,3.));
#10592 = CARTESIAN_POINT('',(69.722338812489,11.102837909388,3.));
#10593 = CARTESIAN_POINT('',(69.835119512118,10.444372155518,3.));
#10594 = VECTOR('',#10595,1.);
#10595 = DIRECTION('',(-0.,-0.,-1.));
#10596 = DEFINITIONAL_REPRESENTATION('',(#10597),#10601);
#10597 = LINE('',#10598,#10599);
#10598 = CARTESIAN_POINT('',(0.,0.));
#10599 = VECTOR('',#10600,1.);
#10600 = DIRECTION('',(0.,-1.));
#10601 = ( GEOMETRIC_REPRESENTATION_CONTEXT(2) 
PARAMETRIC_REPRESENTATION_CONTEXT() REPRESENTATION_CONTEXT('2D SPACE',''
  ) );
#10602 = ORIENTED_EDGE('',*,*,#10603,.F.);
#10603 = EDGE_CURVE('',#10495,#10569,#10604,.T.);
#10604 = SURFACE_CURVE('',#10605,(#10612,#10619),.PCURVE_S1.);
#10605 = B_SPLINE_CURVE_WITH_KNOTS('',5,(#10606,#10607,#10608,#10609,
    #10610,#10611),.UNSPECIFIED.,.F.,.F.,(6,6),(0.,1.),
  .PIECEWISE_BEZIER_KNOTS.);
#10606 = CARTESIAN_POINT('',(67.751803520149,6.987258389485,3.));
#10607 = CARTESIAN_POINT('',(66.755494281623,7.188274112743,3.));
#10608 = CARTESIAN_POINT('',(66.187113467372,8.236345110389,3.));
#10609 = CARTESIAN_POINT('',(66.401887546457,9.321842892637,3.));
#10610 = CARTESIAN_POINT('',(66.223224520595,10.192831968095,3.));
#10611 = CARTESIAN_POINT('',(66.638180958865,11.114265913194,3.));
#10612 = PCURVE('',#10505,#10613);
#10613 = DEFINITIONAL_REPRESENTATION('',(#10614),#10618);
#10614 = LINE('',#10615,#10616);
#10615 = CARTESIAN_POINT('',(0.,0.));
#10616 = VECTOR('',#10617,1.);
#10617 = DIRECTION('',(1.,0.));
#10618 = ( GEOMETRIC_REPRESENTATION_CONTEXT(2) 
PARAMETRIC_REPRESENTATION_CONTEXT() REPRESENTATION_CONTEXT('2D SPACE',''
  ) );
#10619 = PCURVE('',#10316,#10620);
#10620 = DEFINITIONAL_REPRESENTATION('',(#10621),#10628);
#10621 = B_SPLINE_CURVE_WITH_KNOTS('',5,(#10622,#10623,#10624,#10625,
    #10626,#10627),.UNSPECIFIED.,.F.,.F.,(6,6),(0.,1.),
  .PIECEWISE_BEZIER_KNOTS.);
#10622 = CARTESIAN_POINT('',(-0.384899005008,-2.546564643584));
#10623 = CARTESIAN_POINT('',(-1.381208243535,-2.345548920326));
#10624 = CARTESIAN_POINT('',(-1.949589057785,-1.29747792268));
#10625 = CARTESIAN_POINT('',(-1.734814978701,-0.211980140432));
#10626 = CARTESIAN_POINT('',(-1.913478004562,0.659008935026));
#10627 = CARTESIAN_POINT('',(-1.498521566292,1.580442880125));
#10628 = ( GEOMETRIC_REPRESENTATION_CONTEXT(2) 
PARAMETRIC_REPRESENTATION_CONTEXT() REPRESENTATION_CONTEXT('2D SPACE',''
  ) );
#10629 = ADVANCED_FACE('',(#10630),#10584,.F.);
#10630 = FACE_BOUND('',#10631,.F.);
#10631 = EDGE_LOOP('',(#10632,#10633,#10666,#10689));
#10632 = ORIENTED_EDGE('',*,*,#10568,.T.);
#10633 = ORIENTED_EDGE('',*,*,#10634,.T.);
#10634 = EDGE_CURVE('',#10540,#10635,#10637,.T.);
#10635 = VERTEX_POINT('',#10636);
#10636 = CARTESIAN_POINT('',(69.835119512118,10.444372155518,4.2));
#10637 = SURFACE_CURVE('',#10638,(#10647,#10654),.PCURVE_S1.);
#10638 = B_SPLINE_CURVE_WITH_KNOTS('',7,(#10639,#10640,#10641,#10642,
    #10643,#10644,#10645,#10646),.UNSPECIFIED.,.F.,.F.,(8,8),(0.,1.),
  .PIECEWISE_BEZIER_KNOTS.);
#10639 = CARTESIAN_POINT('',(66.638180958865,11.114265913194,4.2));
#10640 = CARTESIAN_POINT('',(66.889456817292,11.647277427167,4.2));
#10641 = CARTESIAN_POINT('',(67.41921691354,12.486697043911,4.2));
#10642 = CARTESIAN_POINT('',(68.028296957851,11.932996515206,4.2));
#10643 = CARTESIAN_POINT('',(69.097420997928,12.667380272869,4.2));
#10644 = CARTESIAN_POINT('',(69.446791247135,11.55246108452,4.2));
#10645 = CARTESIAN_POINT('',(69.722338812489,11.102837909388,4.2));
#10646 = CARTESIAN_POINT('',(69.835119512118,10.444372155518,4.2));
#10647 = PCURVE('',#10584,#10648);
#10648 = DEFINITIONAL_REPRESENTATION('',(#10649),#10653);
#10649 = LINE('',#10650,#10651);
#10650 = CARTESIAN_POINT('',(0.,-1.2));
#10651 = VECTOR('',#10652,1.);
#10652 = DIRECTION('',(1.,0.));
#10653 = ( GEOMETRIC_REPRESENTATION_CONTEXT(2) 
PARAMETRIC_REPRESENTATION_CONTEXT() REPRESENTATION_CONTEXT('2D SPACE',''
  ) );
#10654 = PCURVE('',#10245,#10655);
#10655 = DEFINITIONAL_REPRESENTATION('',(#10656),#10665);
#10656 = B_SPLINE_CURVE_WITH_KNOTS('',7,(#10657,#10658,#10659,#10660,
    #10661,#10662,#10663,#10664),.UNSPECIFIED.,.F.,.F.,(8,8),(0.,1.),
  .PIECEWISE_BEZIER_KNOTS.);
#10657 = CARTESIAN_POINT('',(-1.498521566292,1.580442880125));
#10658 = CARTESIAN_POINT('',(-1.247245707865,2.113454394098));
#10659 = CARTESIAN_POINT('',(-0.717485611617,2.952874010842));
#10660 = CARTESIAN_POINT('',(-0.108405567307,2.399173482137));
#10661 = CARTESIAN_POINT('',(0.960718472771,3.1335572398));
#10662 = CARTESIAN_POINT('',(1.310088721978,2.018638051451));
#10663 = CARTESIAN_POINT('',(1.585636287332,1.569014876319));
#10664 = CARTESIAN_POINT('',(1.698416986961,0.910549122449));
#10665 = ( GEOMETRIC_REPRESENTATION_CONTEXT(2) 
PARAMETRIC_REPRESENTATION_CONTEXT() REPRESENTATION_CONTEXT('2D SPACE',''
  ) );
#10666 = ORIENTED_EDGE('',*,*,#10667,.F.);
#10667 = EDGE_CURVE('',#10668,#10635,#10670,.T.);
#10668 = VERTEX_POINT('',#10669);
#10669 = CARTESIAN_POINT('',(69.835119512118,10.444372155518,3.));
#10670 = SURFACE_CURVE('',#10671,(#10675,#10682),.PCURVE_S1.);
#10671 = LINE('',#10672,#10673);
#10672 = CARTESIAN_POINT('',(69.835119512118,10.444372155518,3.));
#10673 = VECTOR('',#10674,1.);
#10674 = DIRECTION('',(0.,0.,1.));
#10675 = PCURVE('',#10584,#10676);
#10676 = DEFINITIONAL_REPRESENTATION('',(#10677),#10681);
#10677 = LINE('',#10678,#10679);
#10678 = CARTESIAN_POINT('',(1.,0.));
#10679 = VECTOR('',#10680,1.);
#10680 = DIRECTION('',(0.,-1.));
#10681 = ( GEOMETRIC_REPRESENTATION_CONTEXT(2) 
PARAMETRIC_REPRESENTATION_CONTEXT() REPRESENTATION_CONTEXT('2D SPACE',''
  ) );
#10682 = PCURVE('',#10522,#10683);
#10683 = DEFINITIONAL_REPRESENTATION('',(#10684),#10688);
#10684 = LINE('',#10685,#10686);
#10685 = CARTESIAN_POINT('',(0.,0.));
#10686 = VECTOR('',#10687,1.);
#10687 = DIRECTION('',(0.,-1.));
#10688 = ( GEOMETRIC_REPRESENTATION_CONTEXT(2) 
PARAMETRIC_REPRESENTATION_CONTEXT() REPRESENTATION_CONTEXT('2D SPACE',''
  ) );
#10689 = ORIENTED_EDGE('',*,*,#10690,.F.);
#10690 = EDGE_CURVE('',#10569,#10668,#10691,.T.);
#10691 = SURFACE_CURVE('',#10692,(#10701,#10708),.PCURVE_S1.);
#10692 = B_SPLINE_CURVE_WITH_KNOTS('',7,(#10693,#10694,#10695,#10696,
    #10697,#10698,#10699,#10700),.UNSPECIFIED.,.F.,.F.,(8,8),(0.,1.),
  .PIECEWISE_BEZIER_KNOTS.);
#10693 = CARTESIAN_POINT('',(66.638180958865,11.114265913194,3.));
#10694 = CARTESIAN_POINT('',(66.889456817292,11.647277427167,3.));
#10695 = CARTESIAN_POINT('',(67.41921691354,12.486697043911,3.));
#10696 = CARTESIAN_POINT('',(68.028296957851,11.932996515206,3.));
#10697 = CARTESIAN_POINT('',(69.097420997928,12.667380272869,3.));
#10698 = CARTESIAN_POINT('',(69.446791247135,11.55246108452,3.));
#10699 = CARTESIAN_POINT('',(69.722338812489,11.102837909388,3.));
#10700 = CARTESIAN_POINT('',(69.835119512118,10.444372155518,3.));
#10701 = PCURVE('',#10584,#10702);
#10702 = DEFINITIONAL_REPRESENTATION('',(#10703),#10707);
#10703 = LINE('',#10704,#10705);
#10704 = CARTESIAN_POINT('',(0.,0.));
#10705 = VECTOR('',#10706,1.);
#10706 = DIRECTION('',(1.,0.));
#10707 = ( GEOMETRIC_REPRESENTATION_CONTEXT(2) 
PARAMETRIC_REPRESENTATION_CONTEXT() REPRESENTATION_CONTEXT('2D SPACE',''
  ) );
#10708 = PCURVE('',#10316,#10709);
#10709 = DEFINITIONAL_REPRESENTATION('',(#10710),#10719);
#10710 = B_SPLINE_CURVE_WITH_KNOTS('',7,(#10711,#10712,#10713,#10714,
    #10715,#10716,#10717,#10718),.UNSPECIFIED.,.F.,.F.,(8,8),(0.,1.),
  .PIECEWISE_BEZIER_KNOTS.);
#10711 = CARTESIAN_POINT('',(-1.498521566292,1.580442880125));
#10712 = CARTESIAN_POINT('',(-1.247245707865,2.113454394098));
#10713 = CARTESIAN_POINT('',(-0.717485611617,2.952874010842));
#10714 = CARTESIAN_POINT('',(-0.108405567307,2.399173482137));
#10715 = CARTESIAN_POINT('',(0.960718472771,3.1335572398));
#10716 = CARTESIAN_POINT('',(1.310088721978,2.018638051451));
#10717 = CARTESIAN_POINT('',(1.585636287332,1.569014876319));
#10718 = CARTESIAN_POINT('',(1.698416986961,0.910549122449));
#10719 = ( GEOMETRIC_REPRESENTATION_CONTEXT(2) 
PARAMETRIC_REPRESENTATION_CONTEXT() REPRESENTATION_CONTEXT('2D SPACE',''
  ) );
#10720 = ADVANCED_FACE('',(#10721),#10522,.F.);
#10721 = FACE_BOUND('',#10722,.F.);
#10722 = EDGE_LOOP('',(#10723,#10724,#10751,#10752));
#10723 = ORIENTED_EDGE('',*,*,#10667,.T.);
#10724 = ORIENTED_EDGE('',*,*,#10725,.T.);
#10725 = EDGE_CURVE('',#10635,#10497,#10726,.T.);
#10726 = SURFACE_CURVE('',#10727,(#10734,#10741),.PCURVE_S1.);
#10727 = B_SPLINE_CURVE_WITH_KNOTS('',5,(#10728,#10729,#10730,#10731,
    #10732,#10733),.UNSPECIFIED.,.F.,.F.,(6,6),(0.,1.),
  .PIECEWISE_BEZIER_KNOTS.);
#10728 = CARTESIAN_POINT('',(69.835119512118,10.444372155518,4.2));
#10729 = CARTESIAN_POINT('',(70.015916032042,9.382775279594,4.2));
#10730 = CARTESIAN_POINT('',(69.848527880102,8.844007945475,4.2));
#10731 = CARTESIAN_POINT('',(70.0010931092,7.073388332819,4.2));
#10732 = CARTESIAN_POINT('',(68.682389886571,6.806003747149,4.2));
#10733 = CARTESIAN_POINT('',(67.751803520149,6.987258389485,4.2));
#10734 = PCURVE('',#10522,#10735);
#10735 = DEFINITIONAL_REPRESENTATION('',(#10736),#10740);
#10736 = LINE('',#10737,#10738);
#10737 = CARTESIAN_POINT('',(0.,-1.2));
#10738 = VECTOR('',#10739,1.);
#10739 = DIRECTION('',(1.,0.));
#10740 = ( GEOMETRIC_REPRESENTATION_CONTEXT(2) 
PARAMETRIC_REPRESENTATION_CONTEXT() REPRESENTATION_CONTEXT('2D SPACE',''
  ) );
#10741 = PCURVE('',#10245,#10742);
#10742 = DEFINITIONAL_REPRESENTATION('',(#10743),#10750);
#10743 = B_SPLINE_CURVE_WITH_KNOTS('',5,(#10744,#10745,#10746,#10747,
    #10748,#10749),.UNSPECIFIED.,.F.,.F.,(6,6),(0.,1.),
  .PIECEWISE_BEZIER_KNOTS.);
#10744 = CARTESIAN_POINT('',(1.698416986961,0.910549122449));
#10745 = CARTESIAN_POINT('',(1.879213506885,-0.151047753475));
#10746 = CARTESIAN_POINT('',(1.711825354945,-0.689815087594));
#10747 = CARTESIAN_POINT('',(1.864390584043,-2.46043470025));
#10748 = CARTESIAN_POINT('',(0.545687361414,-2.72781928592));
#10749 = CARTESIAN_POINT('',(-0.384899005008,-2.546564643584));
#10750 = ( GEOMETRIC_REPRESENTATION_CONTEXT(2) 
PARAMETRIC_REPRESENTATION_CONTEXT() REPRESENTATION_CONTEXT('2D SPACE',''
  ) );
#10751 = ORIENTED_EDGE('',*,*,#10494,.F.);
#10752 = ORIENTED_EDGE('',*,*,#10753,.F.);
#10753 = EDGE_CURVE('',#10668,#10495,#10754,.T.);
#10754 = SURFACE_CURVE('',#10755,(#10762,#10769),.PCURVE_S1.);
#10755 = B_SPLINE_CURVE_WITH_KNOTS('',5,(#10756,#10757,#10758,#10759,
    #10760,#10761),.UNSPECIFIED.,.F.,.F.,(6,6),(0.,1.),
  .PIECEWISE_BEZIER_KNOTS.);
#10756 = CARTESIAN_POINT('',(69.835119512118,10.444372155518,3.));
#10757 = CARTESIAN_POINT('',(70.015916032042,9.382775279594,3.));
#10758 = CARTESIAN_POINT('',(69.848527880102,8.844007945475,3.));
#10759 = CARTESIAN_POINT('',(70.0010931092,7.073388332819,3.));
#10760 = CARTESIAN_POINT('',(68.682389886571,6.806003747149,3.));
#10761 = CARTESIAN_POINT('',(67.751803520149,6.987258389485,3.));
#10762 = PCURVE('',#10522,#10763);
#10763 = DEFINITIONAL_REPRESENTATION('',(#10764),#10768);
#10764 = LINE('',#10765,#10766);
#10765 = CARTESIAN_POINT('',(0.,0.));
#10766 = VECTOR('',#10767,1.);
#10767 = DIRECTION('',(1.,0.));
#10768 = ( GEOMETRIC_REPRESENTATION_CONTEXT(2) 
PARAMETRIC_REPRESENTATION_CONTEXT() REPRESENTATION_CONTEXT('2D SPACE',''
  ) );
#10769 = PCURVE('',#10316,#10770);
#10770 = DEFINITIONAL_REPRESENTATION('',(#10771),#10778);
#10771 = B_SPLINE_CURVE_WITH_KNOTS('',5,(#10772,#10773,#10774,#10775,
    #10776,#10777),.UNSPECIFIED.,.F.,.F.,(6,6),(0.,1.),
  .PIECEWISE_BEZIER_KNOTS.);
#10772 = CARTESIAN_POINT('',(1.698416986961,0.910549122449));
#10773 = CARTESIAN_POINT('',(1.879213506885,-0.151047753475));
#10774 = CARTESIAN_POINT('',(1.711825354945,-0.689815087594));
#10775 = CARTESIAN_POINT('',(1.864390584043,-2.46043470025));
#10776 = CARTESIAN_POINT('',(0.545687361414,-2.72781928592));
#10777 = CARTESIAN_POINT('',(-0.384899005008,-2.546564643584));
#10778 = ( GEOMETRIC_REPRESENTATION_CONTEXT(2) 
PARAMETRIC_REPRESENTATION_CONTEXT() REPRESENTATION_CONTEXT('2D SPACE',''
  ) );
#10779 = ADVANCED_FACE('',(#10780,#10785),#10316,.F.);
#10780 = FACE_BOUND('',#10781,.F.);
#10781 = EDGE_LOOP('',(#10782,#10783,#10784));
#10782 = ORIENTED_EDGE('',*,*,#10297,.T.);
#10783 = ORIENTED_EDGE('',*,*,#10393,.T.);
#10784 = ORIENTED_EDGE('',*,*,#10460,.T.);
#10785 = FACE_BOUND('',#10786,.F.);
#10786 = EDGE_LOOP('',(#10787,#10788,#10789));
#10787 = ORIENTED_EDGE('',*,*,#10603,.T.);
#10788 = ORIENTED_EDGE('',*,*,#10690,.T.);
#10789 = ORIENTED_EDGE('',*,*,#10753,.T.);
#10790 = ADVANCED_FACE('',(#10791,#10796),#10245,.T.);
#10791 = FACE_BOUND('',#10792,.T.);
#10792 = EDGE_LOOP('',(#10793,#10794,#10795));
#10793 = ORIENTED_EDGE('',*,*,#10224,.T.);
#10794 = ORIENTED_EDGE('',*,*,#10337,.T.);
#10795 = ORIENTED_EDGE('',*,*,#10428,.T.);
#10796 = FACE_BOUND('',#10797,.T.);
#10797 = EDGE_LOOP('',(#10798,#10799,#10800));
#10798 = ORIENTED_EDGE('',*,*,#10539,.T.);
#10799 = ORIENTED_EDGE('',*,*,#10634,.T.);
#10800 = ORIENTED_EDGE('',*,*,#10725,.T.);
#10801 = MANIFOLD_SOLID_BREP('',#10802);
#10802 = CLOSED_SHELL('',(#10803,#10940,#11016,#11092,#11175,#11288,
    #11424,#11500,#11576,#11647,#11754,#11767));
#10803 = ADVANCED_FACE('',(#10804),#10818,.F.);
#10804 = FACE_BOUND('',#10805,.F.);
#10805 = EDGE_LOOP('',(#10806,#10858,#10886,#10914));
#10806 = ORIENTED_EDGE('',*,*,#10807,.T.);
#10807 = EDGE_CURVE('',#10808,#10810,#10812,.T.);
#10808 = VERTEX_POINT('',#10809);
#10809 = CARTESIAN_POINT('',(55.300635565167,13.766203049239,3.));
#10810 = VERTEX_POINT('',#10811);
#10811 = CARTESIAN_POINT('',(55.300635565167,13.766203049239,4.2));
#10812 = SURFACE_CURVE('',#10813,(#10817,#10829),.PCURVE_S1.);
#10813 = LINE('',#10814,#10815);
#10814 = CARTESIAN_POINT('',(55.300635565167,13.766203049239,3.));
#10815 = VECTOR('',#10816,1.);
#10816 = DIRECTION('',(0.,0.,1.));
#10817 = PCURVE('',#10818,#10823);
#10818 = PLANE('',#10819);
#10819 = AXIS2_PLACEMENT_3D('',#10820,#10821,#10822);
#10820 = CARTESIAN_POINT('',(55.300635565167,13.766203049239,3.));
#10821 = DIRECTION('',(1.,0.,-0.));
#10822 = DIRECTION('',(0.,-1.,0.));
#10823 = DEFINITIONAL_REPRESENTATION('',(#10824),#10828);
#10824 = LINE('',#10825,#10826);
#10825 = CARTESIAN_POINT('',(0.,0.));
#10826 = VECTOR('',#10827,1.);
#10827 = DIRECTION('',(0.,-1.));
#10828 = ( GEOMETRIC_REPRESENTATION_CONTEXT(2) 
PARAMETRIC_REPRESENTATION_CONTEXT() REPRESENTATION_CONTEXT('2D SPACE',''
  ) );
#10829 = PCURVE('',#10830,#10852);
#10830 = SURFACE_OF_LINEAR_EXTRUSION('',#10831,#10850);
#10831 = B_SPLINE_CURVE_WITH_KNOTS('',7,(#10832,#10833,#10834,#10835,
    #10836,#10837,#10838,#10839,#10840,#10841,#10842,#10843,#10844,
    #10845,#10846,#10847,#10848,#10849),.UNSPECIFIED.,.F.,.F.,(8,5,5,8),
  (0.,0.335732937362,0.671465874724,1.),.UNSPECIFIED.);
#10832 = CARTESIAN_POINT('',(60.006723071384,13.81011446525,3.));
#10833 = CARTESIAN_POINT('',(59.782339722766,13.809734485265,3.));
#10834 = CARTESIAN_POINT('',(59.547220733576,13.811619263167,3.));
#10835 = CARTESIAN_POINT('',(59.341453800988,13.807298895421,3.));
#10836 = CARTESIAN_POINT('',(59.088138960083,13.813039547816,3.));
#10837 = CARTESIAN_POINT('',(58.883399272573,13.808504313244,3.));
#10838 = CARTESIAN_POINT('',(58.412983353022,13.812303449599,3.));
#10839 = CARTESIAN_POINT('',(57.982165145301,13.80777340592,3.));
#10840 = CARTESIAN_POINT('',(57.708576362313,13.817718093256,3.));
#10841 = CARTESIAN_POINT('',(57.568761001018,13.799583947089,3.));
#10842 = CARTESIAN_POINT('',(57.258272874174,13.817300097034,3.));
#10843 = CARTESIAN_POINT('',(56.895302388678,13.799524811473,3.));
#10844 = CARTESIAN_POINT('',(56.337870757486,13.822412075134,3.));
#10845 = CARTESIAN_POINT('',(56.436643525318,13.75492265037,
    3.000000000001));
#10846 = CARTESIAN_POINT('',(55.475106807199,13.918157074438,
    2.999999999999));
#10847 = CARTESIAN_POINT('',(56.217177679638,13.686144263497,
    3.000000000001));
#10848 = CARTESIAN_POINT('',(55.255833666753,13.900817129759,3.));
#10849 = CARTESIAN_POINT('',(55.300635565167,13.766203049239,3.));
#10850 = VECTOR('',#10851,1.);
#10851 = DIRECTION('',(-0.,-0.,-1.));
#10852 = DEFINITIONAL_REPRESENTATION('',(#10853),#10857);
#10853 = LINE('',#10854,#10855);
#10854 = CARTESIAN_POINT('',(1.,0.));
#10855 = VECTOR('',#10856,1.);
#10856 = DIRECTION('',(0.,-1.));
#10857 = ( GEOMETRIC_REPRESENTATION_CONTEXT(2) 
PARAMETRIC_REPRESENTATION_CONTEXT() REPRESENTATION_CONTEXT('2D SPACE',''
  ) );
#10858 = ORIENTED_EDGE('',*,*,#10859,.T.);
#10859 = EDGE_CURVE('',#10810,#10860,#10862,.T.);
#10860 = VERTEX_POINT('',#10861);
#10861 = CARTESIAN_POINT('',(55.300635565167,12.001917735269,4.2));
#10862 = SURFACE_CURVE('',#10863,(#10867,#10874),.PCURVE_S1.);
#10863 = LINE('',#10864,#10865);
#10864 = CARTESIAN_POINT('',(55.300635565167,13.766203049239,4.2));
#10865 = VECTOR('',#10866,1.);
#10866 = DIRECTION('',(0.,-1.,0.));
#10867 = PCURVE('',#10818,#10868);
#10868 = DEFINITIONAL_REPRESENTATION('',(#10869),#10873);
#10869 = LINE('',#10870,#10871);
#10870 = CARTESIAN_POINT('',(0.,-1.2));
#10871 = VECTOR('',#10872,1.);
#10872 = DIRECTION('',(1.,0.));
#10873 = ( GEOMETRIC_REPRESENTATION_CONTEXT(2) 
PARAMETRIC_REPRESENTATION_CONTEXT() REPRESENTATION_CONTEXT('2D SPACE',''
  ) );
#10874 = PCURVE('',#10875,#10880);
#10875 = PLANE('',#10876);
#10876 = AXIS2_PLACEMENT_3D('',#10877,#10878,#10879);
#10877 = CARTESIAN_POINT('',(58.394608164319,8.986924070071,4.2));
#10878 = DIRECTION('',(0.,0.,1.));
#10879 = DIRECTION('',(1.,0.,-0.));
#10880 = DEFINITIONAL_REPRESENTATION('',(#10881),#10885);
#10881 = LINE('',#10882,#10883);
#10882 = CARTESIAN_POINT('',(-3.093972599152,4.779278979168));
#10883 = VECTOR('',#10884,1.);
#10884 = DIRECTION('',(0.,-1.));
#10885 = ( GEOMETRIC_REPRESENTATION_CONTEXT(2) 
PARAMETRIC_REPRESENTATION_CONTEXT() REPRESENTATION_CONTEXT('2D SPACE',''
  ) );
#10886 = ORIENTED_EDGE('',*,*,#10887,.F.);
#10887 = EDGE_CURVE('',#10888,#10860,#10890,.T.);
#10888 = VERTEX_POINT('',#10889);
#10889 = CARTESIAN_POINT('',(55.300635565167,12.001917735269,3.));
#10890 = SURFACE_CURVE('',#10891,(#10895,#10902),.PCURVE_S1.);
#10891 = LINE('',#10892,#10893);
#10892 = CARTESIAN_POINT('',(55.300635565167,12.001917735269,3.));
#10893 = VECTOR('',#10894,1.);
#10894 = DIRECTION('',(0.,0.,1.));
#10895 = PCURVE('',#10818,#10896);
#10896 = DEFINITIONAL_REPRESENTATION('',(#10897),#10901);
#10897 = LINE('',#10898,#10899);
#10898 = CARTESIAN_POINT('',(1.76428531397,0.));
#10899 = VECTOR('',#10900,1.);
#10900 = DIRECTION('',(0.,-1.));
#10901 = ( GEOMETRIC_REPRESENTATION_CONTEXT(2) 
PARAMETRIC_REPRESENTATION_CONTEXT() REPRESENTATION_CONTEXT('2D SPACE',''
  ) );
#10902 = PCURVE('',#10903,#10908);
#10903 = PLANE('',#10904);
#10904 = AXIS2_PLACEMENT_3D('',#10905,#10906,#10907);
#10905 = CARTESIAN_POINT('',(55.300635565167,12.001917735269,3.));
#10906 = DIRECTION('',(0.,1.,0.));
#10907 = DIRECTION('',(1.,0.,0.));
#10908 = DEFINITIONAL_REPRESENTATION('',(#10909),#10913);
#10909 = LINE('',#10910,#10911);
#10910 = CARTESIAN_POINT('',(0.,0.));
#10911 = VECTOR('',#10912,1.);
#10912 = DIRECTION('',(0.,-1.));
#10913 = ( GEOMETRIC_REPRESENTATION_CONTEXT(2) 
PARAMETRIC_REPRESENTATION_CONTEXT() REPRESENTATION_CONTEXT('2D SPACE',''
  ) );
#10914 = ORIENTED_EDGE('',*,*,#10915,.F.);
#10915 = EDGE_CURVE('',#10808,#10888,#10916,.T.);
#10916 = SURFACE_CURVE('',#10917,(#10921,#10928),.PCURVE_S1.);
#10917 = LINE('',#10918,#10919);
#10918 = CARTESIAN_POINT('',(55.300635565167,13.766203049239,3.));
#10919 = VECTOR('',#10920,1.);
#10920 = DIRECTION('',(0.,-1.,0.));
#10921 = PCURVE('',#10818,#10922);
#10922 = DEFINITIONAL_REPRESENTATION('',(#10923),#10927);
#10923 = LINE('',#10924,#10925);
#10924 = CARTESIAN_POINT('',(0.,0.));
#10925 = VECTOR('',#10926,1.);
#10926 = DIRECTION('',(1.,0.));
#10927 = ( GEOMETRIC_REPRESENTATION_CONTEXT(2) 
PARAMETRIC_REPRESENTATION_CONTEXT() REPRESENTATION_CONTEXT('2D SPACE',''
  ) );
#10928 = PCURVE('',#10929,#10934);
#10929 = PLANE('',#10930);
#10930 = AXIS2_PLACEMENT_3D('',#10931,#10932,#10933);
#10931 = CARTESIAN_POINT('',(58.394608164319,8.986924070071,3.));
#10932 = DIRECTION('',(0.,0.,1.));
#10933 = DIRECTION('',(1.,0.,-0.));
#10934 = DEFINITIONAL_REPRESENTATION('',(#10935),#10939);
#10935 = LINE('',#10936,#10937);
#10936 = CARTESIAN_POINT('',(-3.093972599152,4.779278979168));
#10937 = VECTOR('',#10938,1.);
#10938 = DIRECTION('',(0.,-1.));
#10939 = ( GEOMETRIC_REPRESENTATION_CONTEXT(2) 
PARAMETRIC_REPRESENTATION_CONTEXT() REPRESENTATION_CONTEXT('2D SPACE',''
  ) );
#10940 = ADVANCED_FACE('',(#10941),#10903,.F.);
#10941 = FACE_BOUND('',#10942,.F.);
#10942 = EDGE_LOOP('',(#10943,#10944,#10967,#10995));
#10943 = ORIENTED_EDGE('',*,*,#10887,.T.);
#10944 = ORIENTED_EDGE('',*,*,#10945,.T.);
#10945 = EDGE_CURVE('',#10860,#10946,#10948,.T.);
#10946 = VERTEX_POINT('',#10947);
#10947 = CARTESIAN_POINT('',(58.020858833862,12.001917735269,4.2));
#10948 = SURFACE_CURVE('',#10949,(#10953,#10960),.PCURVE_S1.);
#10949 = LINE('',#10950,#10951);
#10950 = CARTESIAN_POINT('',(55.300635565167,12.001917735269,4.2));
#10951 = VECTOR('',#10952,1.);
#10952 = DIRECTION('',(1.,0.,0.));
#10953 = PCURVE('',#10903,#10954);
#10954 = DEFINITIONAL_REPRESENTATION('',(#10955),#10959);
#10955 = LINE('',#10956,#10957);
#10956 = CARTESIAN_POINT('',(0.,-1.2));
#10957 = VECTOR('',#10958,1.);
#10958 = DIRECTION('',(1.,0.));
#10959 = ( GEOMETRIC_REPRESENTATION_CONTEXT(2) 
PARAMETRIC_REPRESENTATION_CONTEXT() REPRESENTATION_CONTEXT('2D SPACE',''
  ) );
#10960 = PCURVE('',#10875,#10961);
#10961 = DEFINITIONAL_REPRESENTATION('',(#10962),#10966);
#10962 = LINE('',#10963,#10964);
#10963 = CARTESIAN_POINT('',(-3.093972599152,3.014993665197));
#10964 = VECTOR('',#10965,1.);
#10965 = DIRECTION('',(1.,0.));
#10966 = ( GEOMETRIC_REPRESENTATION_CONTEXT(2) 
PARAMETRIC_REPRESENTATION_CONTEXT() REPRESENTATION_CONTEXT('2D SPACE',''
  ) );
#10967 = ORIENTED_EDGE('',*,*,#10968,.F.);
#10968 = EDGE_CURVE('',#10969,#10946,#10971,.T.);
#10969 = VERTEX_POINT('',#10970);
#10970 = CARTESIAN_POINT('',(58.020858833862,12.001917735269,3.));
#10971 = SURFACE_CURVE('',#10972,(#10976,#10983),.PCURVE_S1.);
#10972 = LINE('',#10973,#10974);
#10973 = CARTESIAN_POINT('',(58.020858833862,12.001917735269,3.));
#10974 = VECTOR('',#10975,1.);
#10975 = DIRECTION('',(0.,0.,1.));
#10976 = PCURVE('',#10903,#10977);
#10977 = DEFINITIONAL_REPRESENTATION('',(#10978),#10982);
#10978 = LINE('',#10979,#10980);
#10979 = CARTESIAN_POINT('',(2.720223268695,0.));
#10980 = VECTOR('',#10981,1.);
#10981 = DIRECTION('',(0.,-1.));
#10982 = ( GEOMETRIC_REPRESENTATION_CONTEXT(2) 
PARAMETRIC_REPRESENTATION_CONTEXT() REPRESENTATION_CONTEXT('2D SPACE',''
  ) );
#10983 = PCURVE('',#10984,#10989);
#10984 = PLANE('',#10985);
#10985 = AXIS2_PLACEMENT_3D('',#10986,#10987,#10988);
#10986 = CARTESIAN_POINT('',(58.020858833862,12.001917735269,3.));
#10987 = DIRECTION('',(1.,0.,-0.));
#10988 = DIRECTION('',(0.,-1.,0.));
#10989 = DEFINITIONAL_REPRESENTATION('',(#10990),#10994);
#10990 = LINE('',#10991,#10992);
#10991 = CARTESIAN_POINT('',(0.,0.));
#10992 = VECTOR('',#10993,1.);
#10993 = DIRECTION('',(0.,-1.));
#10994 = ( GEOMETRIC_REPRESENTATION_CONTEXT(2) 
PARAMETRIC_REPRESENTATION_CONTEXT() REPRESENTATION_CONTEXT('2D SPACE',''
  ) );
#10995 = ORIENTED_EDGE('',*,*,#10996,.F.);
#10996 = EDGE_CURVE('',#10888,#10969,#10997,.T.);
#10997 = SURFACE_CURVE('',#10998,(#11002,#11009),.PCURVE_S1.);
#10998 = LINE('',#10999,#11000);
#10999 = CARTESIAN_POINT('',(55.300635565167,12.001917735269,3.));
#11000 = VECTOR('',#11001,1.);
#11001 = DIRECTION('',(1.,0.,0.));
#11002 = PCURVE('',#10903,#11003);
#11003 = DEFINITIONAL_REPRESENTATION('',(#11004),#11008);
#11004 = LINE('',#11005,#11006);
#11005 = CARTESIAN_POINT('',(0.,0.));
#11006 = VECTOR('',#11007,1.);
#11007 = DIRECTION('',(1.,0.));
#11008 = ( GEOMETRIC_REPRESENTATION_CONTEXT(2) 
PARAMETRIC_REPRESENTATION_CONTEXT() REPRESENTATION_CONTEXT('2D SPACE',''
  ) );
#11009 = PCURVE('',#10929,#11010);
#11010 = DEFINITIONAL_REPRESENTATION('',(#11011),#11015);
#11011 = LINE('',#11012,#11013);
#11012 = CARTESIAN_POINT('',(-3.093972599152,3.014993665197));
#11013 = VECTOR('',#11014,1.);
#11014 = DIRECTION('',(1.,0.));
#11015 = ( GEOMETRIC_REPRESENTATION_CONTEXT(2) 
PARAMETRIC_REPRESENTATION_CONTEXT() REPRESENTATION_CONTEXT('2D SPACE',''
  ) );
#11016 = ADVANCED_FACE('',(#11017),#10984,.F.);
#11017 = FACE_BOUND('',#11018,.F.);
#11018 = EDGE_LOOP('',(#11019,#11020,#11043,#11071));
#11019 = ORIENTED_EDGE('',*,*,#10968,.T.);
#11020 = ORIENTED_EDGE('',*,*,#11021,.T.);
#11021 = EDGE_CURVE('',#10946,#11022,#11024,.T.);
#11022 = VERTEX_POINT('',#11023);
#11023 = CARTESIAN_POINT('',(58.020858833862,7.061805823956,4.2));
#11024 = SURFACE_CURVE('',#11025,(#11029,#11036),.PCURVE_S1.);
#11025 = LINE('',#11026,#11027);
#11026 = CARTESIAN_POINT('',(58.020858833862,12.001917735269,4.2));
#11027 = VECTOR('',#11028,1.);
#11028 = DIRECTION('',(0.,-1.,0.));
#11029 = PCURVE('',#10984,#11030);
#11030 = DEFINITIONAL_REPRESENTATION('',(#11031),#11035);
#11031 = LINE('',#11032,#11033);
#11032 = CARTESIAN_POINT('',(0.,-1.2));
#11033 = VECTOR('',#11034,1.);
#11034 = DIRECTION('',(1.,0.));
#11035 = ( GEOMETRIC_REPRESENTATION_CONTEXT(2) 
PARAMETRIC_REPRESENTATION_CONTEXT() REPRESENTATION_CONTEXT('2D SPACE',''
  ) );
#11036 = PCURVE('',#10875,#11037);
#11037 = DEFINITIONAL_REPRESENTATION('',(#11038),#11042);
#11038 = LINE('',#11039,#11040);
#11039 = CARTESIAN_POINT('',(-0.373749330457,3.014993665197));
#11040 = VECTOR('',#11041,1.);
#11041 = DIRECTION('',(0.,-1.));
#11042 = ( GEOMETRIC_REPRESENTATION_CONTEXT(2) 
PARAMETRIC_REPRESENTATION_CONTEXT() REPRESENTATION_CONTEXT('2D SPACE',''
  ) );
#11043 = ORIENTED_EDGE('',*,*,#11044,.F.);
#11044 = EDGE_CURVE('',#11045,#11022,#11047,.T.);
#11045 = VERTEX_POINT('',#11046);
#11046 = CARTESIAN_POINT('',(58.020858833862,7.061805823956,3.));
#11047 = SURFACE_CURVE('',#11048,(#11052,#11059),.PCURVE_S1.);
#11048 = LINE('',#11049,#11050);
#11049 = CARTESIAN_POINT('',(58.020858833862,7.061805823956,3.));
#11050 = VECTOR('',#11051,1.);
#11051 = DIRECTION('',(0.,0.,1.));
#11052 = PCURVE('',#10984,#11053);
#11053 = DEFINITIONAL_REPRESENTATION('',(#11054),#11058);
#11054 = LINE('',#11055,#11056);
#11055 = CARTESIAN_POINT('',(4.940111911313,0.));
#11056 = VECTOR('',#11057,1.);
#11057 = DIRECTION('',(0.,-1.));
#11058 = ( GEOMETRIC_REPRESENTATION_CONTEXT(2) 
PARAMETRIC_REPRESENTATION_CONTEXT() REPRESENTATION_CONTEXT('2D SPACE',''
  ) );
#11059 = PCURVE('',#11060,#11065);
#11060 = PLANE('',#11061);
#11061 = AXIS2_PLACEMENT_3D('',#11062,#11063,#11064);
#11062 = CARTESIAN_POINT('',(58.020858833862,7.061805823956,3.));
#11063 = DIRECTION('',(0.,-1.,0.));
#11064 = DIRECTION('',(-1.,0.,0.));
#11065 = DEFINITIONAL_REPRESENTATION('',(#11066),#11070);
#11066 = LINE('',#11067,#11068);
#11067 = CARTESIAN_POINT('',(0.,-0.));
#11068 = VECTOR('',#11069,1.);
#11069 = DIRECTION('',(0.,-1.));
#11070 = ( GEOMETRIC_REPRESENTATION_CONTEXT(2) 
PARAMETRIC_REPRESENTATION_CONTEXT() REPRESENTATION_CONTEXT('2D SPACE',''
  ) );
#11071 = ORIENTED_EDGE('',*,*,#11072,.F.);
#11072 = EDGE_CURVE('',#10969,#11045,#11073,.T.);
#11073 = SURFACE_CURVE('',#11074,(#11078,#11085),.PCURVE_S1.);
#11074 = LINE('',#11075,#11076);
#11075 = CARTESIAN_POINT('',(58.020858833862,12.001917735269,3.));
#11076 = VECTOR('',#11077,1.);
#11077 = DIRECTION('',(0.,-1.,0.));
#11078 = PCURVE('',#10984,#11079);
#11079 = DEFINITIONAL_REPRESENTATION('',(#11080),#11084);
#11080 = LINE('',#11081,#11082);
#11081 = CARTESIAN_POINT('',(0.,0.));
#11082 = VECTOR('',#11083,1.);
#11083 = DIRECTION('',(1.,0.));
#11084 = ( GEOMETRIC_REPRESENTATION_CONTEXT(2) 
PARAMETRIC_REPRESENTATION_CONTEXT() REPRESENTATION_CONTEXT('2D SPACE',''
  ) );
#11085 = PCURVE('',#10929,#11086);
#11086 = DEFINITIONAL_REPRESENTATION('',(#11087),#11091);
#11087 = LINE('',#11088,#11089);
#11088 = CARTESIAN_POINT('',(-0.373749330457,3.014993665197));
#11089 = VECTOR('',#11090,1.);
#11090 = DIRECTION('',(0.,-1.));
#11091 = ( GEOMETRIC_REPRESENTATION_CONTEXT(2) 
PARAMETRIC_REPRESENTATION_CONTEXT() REPRESENTATION_CONTEXT('2D SPACE',''
  ) );
#11092 = ADVANCED_FACE('',(#11093),#11060,.F.);
#11093 = FACE_BOUND('',#11094,.F.);
#11094 = EDGE_LOOP('',(#11095,#11096,#11119,#11154));
#11095 = ORIENTED_EDGE('',*,*,#11044,.T.);
#11096 = ORIENTED_EDGE('',*,*,#11097,.T.);
#11097 = EDGE_CURVE('',#11022,#11098,#11100,.T.);
#11098 = VERTEX_POINT('',#11099);
#11099 = CARTESIAN_POINT('',(54.840725869065,7.061805823956,4.2));
#11100 = SURFACE_CURVE('',#11101,(#11105,#11112),.PCURVE_S1.);
#11101 = LINE('',#11102,#11103);
#11102 = CARTESIAN_POINT('',(58.020858833862,7.061805823956,4.2));
#11103 = VECTOR('',#11104,1.);
#11104 = DIRECTION('',(-1.,0.,0.));
#11105 = PCURVE('',#11060,#11106);
#11106 = DEFINITIONAL_REPRESENTATION('',(#11107),#11111);
#11107 = LINE('',#11108,#11109);
#11108 = CARTESIAN_POINT('',(0.,-1.2));
#11109 = VECTOR('',#11110,1.);
#11110 = DIRECTION('',(1.,0.));
#11111 = ( GEOMETRIC_REPRESENTATION_CONTEXT(2) 
PARAMETRIC_REPRESENTATION_CONTEXT() REPRESENTATION_CONTEXT('2D SPACE',''
  ) );
#11112 = PCURVE('',#10875,#11113);
#11113 = DEFINITIONAL_REPRESENTATION('',(#11114),#11118);
#11114 = LINE('',#11115,#11116);
#11115 = CARTESIAN_POINT('',(-0.373749330457,-1.925118246115));
#11116 = VECTOR('',#11117,1.);
#11117 = DIRECTION('',(-1.,0.));
#11118 = ( GEOMETRIC_REPRESENTATION_CONTEXT(2) 
PARAMETRIC_REPRESENTATION_CONTEXT() REPRESENTATION_CONTEXT('2D SPACE',''
  ) );
#11119 = ORIENTED_EDGE('',*,*,#11120,.F.);
#11120 = EDGE_CURVE('',#11121,#11098,#11123,.T.);
#11121 = VERTEX_POINT('',#11122);
#11122 = CARTESIAN_POINT('',(54.840725869065,7.061805823956,3.));
#11123 = SURFACE_CURVE('',#11124,(#11128,#11135),.PCURVE_S1.);
#11124 = LINE('',#11125,#11126);
#11125 = CARTESIAN_POINT('',(54.840725869065,7.061805823956,3.));
#11126 = VECTOR('',#11127,1.);
#11127 = DIRECTION('',(0.,0.,1.));
#11128 = PCURVE('',#11060,#11129);
#11129 = DEFINITIONAL_REPRESENTATION('',(#11130),#11134);
#11130 = LINE('',#11131,#11132);
#11131 = CARTESIAN_POINT('',(3.180132964797,0.));
#11132 = VECTOR('',#11133,1.);
#11133 = DIRECTION('',(0.,-1.));
#11134 = ( GEOMETRIC_REPRESENTATION_CONTEXT(2) 
PARAMETRIC_REPRESENTATION_CONTEXT() REPRESENTATION_CONTEXT('2D SPACE',''
  ) );
#11135 = PCURVE('',#11136,#11148);
#11136 = SURFACE_OF_LINEAR_EXTRUSION('',#11137,#11146);
#11137 = B_SPLINE_CURVE_WITH_KNOTS('',7,(#11138,#11139,#11140,#11141,
    #11142,#11143,#11144,#11145),.UNSPECIFIED.,.F.,.F.,(8,8),(0.,1.),
  .PIECEWISE_BEZIER_KNOTS.);
#11138 = CARTESIAN_POINT('',(54.840725869065,7.061805823956,3.));
#11139 = CARTESIAN_POINT('',(54.756429947284,7.090367267485,3.));
#11140 = CARTESIAN_POINT('',(54.914470567348,5.836602095242,3.));
#11141 = CARTESIAN_POINT('',(54.70987165505,7.229197620228,3.));
#11142 = CARTESIAN_POINT('',(54.891570308326,5.282172097825,3.));
#11143 = CARTESIAN_POINT('',(54.783944975548,6.122093202008,3.));
#11144 = CARTESIAN_POINT('',(54.823269755192,5.431551081712,3.));
#11145 = CARTESIAN_POINT('',(54.816348326867,5.253609093975,3.));
#11146 = VECTOR('',#11147,1.);
#11147 = DIRECTION('',(-0.,-0.,-1.));
#11148 = DEFINITIONAL_REPRESENTATION('',(#11149),#11153);
#11149 = LINE('',#11150,#11151);
#11150 = CARTESIAN_POINT('',(0.,0.));
#11151 = VECTOR('',#11152,1.);
#11152 = DIRECTION('',(0.,-1.));
#11153 = ( GEOMETRIC_REPRESENTATION_CONTEXT(2) 
PARAMETRIC_REPRESENTATION_CONTEXT() REPRESENTATION_CONTEXT('2D SPACE',''
  ) );
#11154 = ORIENTED_EDGE('',*,*,#11155,.F.);
#11155 = EDGE_CURVE('',#11045,#11121,#11156,.T.);
#11156 = SURFACE_CURVE('',#11157,(#11161,#11168),.PCURVE_S1.);
#11157 = LINE('',#11158,#11159);
#11158 = CARTESIAN_POINT('',(58.020858833862,7.061805823956,3.));
#11159 = VECTOR('',#11160,1.);
#11160 = DIRECTION('',(-1.,0.,0.));
#11161 = PCURVE('',#11060,#11162);
#11162 = DEFINITIONAL_REPRESENTATION('',(#11163),#11167);
#11163 = LINE('',#11164,#11165);
#11164 = CARTESIAN_POINT('',(0.,-0.));
#11165 = VECTOR('',#11166,1.);
#11166 = DIRECTION('',(1.,0.));
#11167 = ( GEOMETRIC_REPRESENTATION_CONTEXT(2) 
PARAMETRIC_REPRESENTATION_CONTEXT() REPRESENTATION_CONTEXT('2D SPACE',''
  ) );
#11168 = PCURVE('',#10929,#11169);
#11169 = DEFINITIONAL_REPRESENTATION('',(#11170),#11174);
#11170 = LINE('',#11171,#11172);
#11171 = CARTESIAN_POINT('',(-0.373749330457,-1.925118246115));
#11172 = VECTOR('',#11173,1.);
#11173 = DIRECTION('',(-1.,0.));
#11174 = ( GEOMETRIC_REPRESENTATION_CONTEXT(2) 
PARAMETRIC_REPRESENTATION_CONTEXT() REPRESENTATION_CONTEXT('2D SPACE',''
  ) );
#11175 = ADVANCED_FACE('',(#11176),#11136,.F.);
#11176 = FACE_BOUND('',#11177,.F.);
#11177 = EDGE_LOOP('',(#11178,#11179,#11212,#11257));
#11178 = ORIENTED_EDGE('',*,*,#11120,.T.);
#11179 = ORIENTED_EDGE('',*,*,#11180,.T.);
#11180 = EDGE_CURVE('',#11098,#11181,#11183,.T.);
#11181 = VERTEX_POINT('',#11182);
#11182 = CARTESIAN_POINT('',(54.816348326867,5.253609093975,4.2));
#11183 = SURFACE_CURVE('',#11184,(#11193,#11200),.PCURVE_S1.);
#11184 = B_SPLINE_CURVE_WITH_KNOTS('',7,(#11185,#11186,#11187,#11188,
    #11189,#11190,#11191,#11192),.UNSPECIFIED.,.F.,.F.,(8,8),(0.,1.),
  .PIECEWISE_BEZIER_KNOTS.);
#11185 = CARTESIAN_POINT('',(54.840725869065,7.061805823956,4.2));
#11186 = CARTESIAN_POINT('',(54.756429947284,7.090367267485,4.2));
#11187 = CARTESIAN_POINT('',(54.914470567348,5.836602095242,4.2));
#11188 = CARTESIAN_POINT('',(54.70987165505,7.229197620228,4.2));
#11189 = CARTESIAN_POINT('',(54.891570308326,5.282172097825,4.2));
#11190 = CARTESIAN_POINT('',(54.783944975548,6.122093202008,4.2));
#11191 = CARTESIAN_POINT('',(54.823269755192,5.431551081712,4.2));
#11192 = CARTESIAN_POINT('',(54.816348326867,5.253609093975,4.2));
#11193 = PCURVE('',#11136,#11194);
#11194 = DEFINITIONAL_REPRESENTATION('',(#11195),#11199);
#11195 = LINE('',#11196,#11197);
#11196 = CARTESIAN_POINT('',(0.,-1.2));
#11197 = VECTOR('',#11198,1.);
#11198 = DIRECTION('',(1.,0.));
#11199 = ( GEOMETRIC_REPRESENTATION_CONTEXT(2) 
PARAMETRIC_REPRESENTATION_CONTEXT() REPRESENTATION_CONTEXT('2D SPACE',''
  ) );
#11200 = PCURVE('',#10875,#11201);
#11201 = DEFINITIONAL_REPRESENTATION('',(#11202),#11211);
#11202 = B_SPLINE_CURVE_WITH_KNOTS('',7,(#11203,#11204,#11205,#11206,
    #11207,#11208,#11209,#11210),.UNSPECIFIED.,.F.,.F.,(8,8),(0.,1.),
  .PIECEWISE_BEZIER_KNOTS.);
#11203 = CARTESIAN_POINT('',(-3.553882295254,-1.925118246115));
#11204 = CARTESIAN_POINT('',(-3.638178217034,-1.896556802586));
#11205 = CARTESIAN_POINT('',(-3.480137596971,-3.150321974829));
#11206 = CARTESIAN_POINT('',(-3.684736509269,-1.757726449844));
#11207 = CARTESIAN_POINT('',(-3.503037855993,-3.704751972246));
#11208 = CARTESIAN_POINT('',(-3.610663188771,-2.864830868064));
#11209 = CARTESIAN_POINT('',(-3.571338409126,-3.555372988359));
#11210 = CARTESIAN_POINT('',(-3.578259837451,-3.733314976096));
#11211 = ( GEOMETRIC_REPRESENTATION_CONTEXT(2) 
PARAMETRIC_REPRESENTATION_CONTEXT() REPRESENTATION_CONTEXT('2D SPACE',''
  ) );
#11212 = ORIENTED_EDGE('',*,*,#11213,.F.);
#11213 = EDGE_CURVE('',#11214,#11181,#11216,.T.);
#11214 = VERTEX_POINT('',#11215);
#11215 = CARTESIAN_POINT('',(54.816348326867,5.253609093975,3.));
#11216 = SURFACE_CURVE('',#11217,(#11221,#11228),.PCURVE_S1.);
#11217 = LINE('',#11218,#11219);
#11218 = CARTESIAN_POINT('',(54.816348326867,5.253609093975,3.));
#11219 = VECTOR('',#11220,1.);
#11220 = DIRECTION('',(0.,0.,1.));
#11221 = PCURVE('',#11136,#11222);
#11222 = DEFINITIONAL_REPRESENTATION('',(#11223),#11227);
#11223 = LINE('',#11224,#11225);
#11224 = CARTESIAN_POINT('',(1.,0.));
#11225 = VECTOR('',#11226,1.);
#11226 = DIRECTION('',(0.,-1.));
#11227 = ( GEOMETRIC_REPRESENTATION_CONTEXT(2) 
PARAMETRIC_REPRESENTATION_CONTEXT() REPRESENTATION_CONTEXT('2D SPACE',''
  ) );
#11228 = PCURVE('',#11229,#11251);
#11229 = SURFACE_OF_LINEAR_EXTRUSION('',#11230,#11249);
#11230 = B_SPLINE_CURVE_WITH_KNOTS('',7,(#11231,#11232,#11233,#11234,
    #11235,#11236,#11237,#11238,#11239,#11240,#11241,#11242,#11243,
    #11244,#11245,#11246,#11247,#11248),.UNSPECIFIED.,.F.,.F.,(8,5,5,8),
  (0.,0.328516711654,0.712589832732,1.),.UNSPECIFIED.);
#11231 = CARTESIAN_POINT('',(54.816348326867,5.253609093975,3.));
#11232 = CARTESIAN_POINT('',(55.179130950541,5.253741922707,3.));
#11233 = CARTESIAN_POINT('',(55.552267760743,5.25305538068,
    2.999999999999));
#11234 = CARTESIAN_POINT('',(55.896273849172,5.254674433473,
    3.000000000001));
#11235 = CARTESIAN_POINT('',(56.288320586667,5.252490934918,
    2.999999999999));
#11236 = CARTESIAN_POINT('',(56.630990466199,5.25421584692,3.));
#11237 = CARTESIAN_POINT('',(57.440767771927,5.252694664892,3.));
#11238 = CARTESIAN_POINT('',(58.206013628683,5.254698670135,3.));
#11239 = CARTESIAN_POINT('',(58.690639723317,5.250053855562,
    2.999999999999));
#11240 = CARTESIAN_POINT('',(59.009023966018,5.258630023661,
    3.000000000001));
#11241 = CARTESIAN_POINT('',(59.541488150433,5.250118266329,3.));
#11242 = CARTESIAN_POINT('',(60.190096559941,5.257896941781,3.));
#11243 = CARTESIAN_POINT('',(61.038616495227,5.249463046593,3.));
#11244 = CARTESIAN_POINT('',(61.085412520986,5.273250630485,3.));
#11245 = CARTESIAN_POINT('',(62.003463051028,5.216534049176,3.));
#11246 = CARTESIAN_POINT('',(61.609575204421,5.292673143195,3.));
#11247 = CARTESIAN_POINT('',(62.406827307429,5.228956919391,3.));
#11248 = CARTESIAN_POINT('',(62.581755688755,5.262878530021,3.));
#11249 = VECTOR('',#11250,1.);
#11250 = DIRECTION('',(-0.,-0.,-1.));
#11251 = DEFINITIONAL_REPRESENTATION('',(#11252),#11256);
#11252 = LINE('',#11253,#11254);
#11253 = CARTESIAN_POINT('',(0.,0.));
#11254 = VECTOR('',#11255,1.);
#11255 = DIRECTION('',(0.,-1.));
#11256 = ( GEOMETRIC_REPRESENTATION_CONTEXT(2) 
PARAMETRIC_REPRESENTATION_CONTEXT() REPRESENTATION_CONTEXT('2D SPACE',''
  ) );
#11257 = ORIENTED_EDGE('',*,*,#11258,.F.);
#11258 = EDGE_CURVE('',#11121,#11214,#11259,.T.);
#11259 = SURFACE_CURVE('',#11260,(#11269,#11276),.PCURVE_S1.);
#11260 = B_SPLINE_CURVE_WITH_KNOTS('',7,(#11261,#11262,#11263,#11264,
    #11265,#11266,#11267,#11268),.UNSPECIFIED.,.F.,.F.,(8,8),(0.,1.),
  .PIECEWISE_BEZIER_KNOTS.);
#11261 = CARTESIAN_POINT('',(54.840725869065,7.061805823956,3.));
#11262 = CARTESIAN_POINT('',(54.756429947284,7.090367267485,3.));
#11263 = CARTESIAN_POINT('',(54.914470567348,5.836602095242,3.));
#11264 = CARTESIAN_POINT('',(54.70987165505,7.229197620228,3.));
#11265 = CARTESIAN_POINT('',(54.891570308326,5.282172097825,3.));
#11266 = CARTESIAN_POINT('',(54.783944975548,6.122093202008,3.));
#11267 = CARTESIAN_POINT('',(54.823269755192,5.431551081712,3.));
#11268 = CARTESIAN_POINT('',(54.816348326867,5.253609093975,3.));
#11269 = PCURVE('',#11136,#11270);
#11270 = DEFINITIONAL_REPRESENTATION('',(#11271),#11275);
#11271 = LINE('',#11272,#11273);
#11272 = CARTESIAN_POINT('',(0.,0.));
#11273 = VECTOR('',#11274,1.);
#11274 = DIRECTION('',(1.,0.));
#11275 = ( GEOMETRIC_REPRESENTATION_CONTEXT(2) 
PARAMETRIC_REPRESENTATION_CONTEXT() REPRESENTATION_CONTEXT('2D SPACE',''
  ) );
#11276 = PCURVE('',#10929,#11277);
#11277 = DEFINITIONAL_REPRESENTATION('',(#11278),#11287);
#11278 = B_SPLINE_CURVE_WITH_KNOTS('',7,(#11279,#11280,#11281,#11282,
    #11283,#11284,#11285,#11286),.UNSPECIFIED.,.F.,.F.,(8,8),(0.,1.),
  .PIECEWISE_BEZIER_KNOTS.);
#11279 = CARTESIAN_POINT('',(-3.553882295254,-1.925118246115));
#11280 = CARTESIAN_POINT('',(-3.638178217034,-1.896556802586));
#11281 = CARTESIAN_POINT('',(-3.480137596971,-3.150321974829));
#11282 = CARTESIAN_POINT('',(-3.684736509269,-1.757726449844));
#11283 = CARTESIAN_POINT('',(-3.503037855993,-3.704751972246));
#11284 = CARTESIAN_POINT('',(-3.610663188771,-2.864830868064));
#11285 = CARTESIAN_POINT('',(-3.571338409126,-3.555372988359));
#11286 = CARTESIAN_POINT('',(-3.578259837451,-3.733314976096));
#11287 = ( GEOMETRIC_REPRESENTATION_CONTEXT(2) 
PARAMETRIC_REPRESENTATION_CONTEXT() REPRESENTATION_CONTEXT('2D SPACE',''
  ) );
#11288 = ADVANCED_FACE('',(#11289),#11229,.F.);
#11289 = FACE_BOUND('',#11290,.F.);
#11290 = EDGE_LOOP('',(#11291,#11292,#11345,#11373));
#11291 = ORIENTED_EDGE('',*,*,#11213,.T.);
#11292 = ORIENTED_EDGE('',*,*,#11293,.T.);
#11293 = EDGE_CURVE('',#11181,#11294,#11296,.T.);
#11294 = VERTEX_POINT('',#11295);
#11295 = CARTESIAN_POINT('',(62.581755688755,5.262878530021,4.2));
#11296 = SURFACE_CURVE('',#11297,(#11316,#11323),.PCURVE_S1.);
#11297 = B_SPLINE_CURVE_WITH_KNOTS('',7,(#11298,#11299,#11300,#11301,
    #11302,#11303,#11304,#11305,#11306,#11307,#11308,#11309,#11310,
    #11311,#11312,#11313,#11314,#11315),.UNSPECIFIED.,.F.,.F.,(8,5,5,8),
  (0.,0.328516711654,0.712589832732,1.),.UNSPECIFIED.);
#11298 = CARTESIAN_POINT('',(54.816348326867,5.253609093975,4.2));
#11299 = CARTESIAN_POINT('',(55.179130950541,5.253741922707,4.2));
#11300 = CARTESIAN_POINT('',(55.552267760743,5.25305538068,
    4.199999999999));
#11301 = CARTESIAN_POINT('',(55.896273849172,5.254674433473,
    4.200000000001));
#11302 = CARTESIAN_POINT('',(56.288320586667,5.252490934918,
    4.199999999999));
#11303 = CARTESIAN_POINT('',(56.630990466199,5.25421584692,4.2));
#11304 = CARTESIAN_POINT('',(57.440767771927,5.252694664892,4.2));
#11305 = CARTESIAN_POINT('',(58.206013628683,5.254698670135,4.2));
#11306 = CARTESIAN_POINT('',(58.690639723317,5.250053855562,
    4.199999999999));
#11307 = CARTESIAN_POINT('',(59.009023966018,5.258630023661,
    4.200000000001));
#11308 = CARTESIAN_POINT('',(59.541488150433,5.250118266329,4.2));
#11309 = CARTESIAN_POINT('',(60.190096559941,5.257896941781,4.2));
#11310 = CARTESIAN_POINT('',(61.038616495227,5.249463046593,4.2));
#11311 = CARTESIAN_POINT('',(61.085412520986,5.273250630485,4.2));
#11312 = CARTESIAN_POINT('',(62.003463051028,5.216534049176,4.2));
#11313 = CARTESIAN_POINT('',(61.609575204421,5.292673143195,4.2));
#11314 = CARTESIAN_POINT('',(62.406827307429,5.228956919391,4.2));
#11315 = CARTESIAN_POINT('',(62.581755688755,5.262878530021,4.2));
#11316 = PCURVE('',#11229,#11317);
#11317 = DEFINITIONAL_REPRESENTATION('',(#11318),#11322);
#11318 = LINE('',#11319,#11320);
#11319 = CARTESIAN_POINT('',(0.,-1.2));
#11320 = VECTOR('',#11321,1.);
#11321 = DIRECTION('',(1.,0.));
#11322 = ( GEOMETRIC_REPRESENTATION_CONTEXT(2) 
PARAMETRIC_REPRESENTATION_CONTEXT() REPRESENTATION_CONTEXT('2D SPACE',''
  ) );
#11323 = PCURVE('',#10875,#11324);
#11324 = DEFINITIONAL_REPRESENTATION('',(#11325),#11344);
#11325 = B_SPLINE_CURVE_WITH_KNOTS('',7,(#11326,#11327,#11328,#11329,
    #11330,#11331,#11332,#11333,#11334,#11335,#11336,#11337,#11338,
    #11339,#11340,#11341,#11342,#11343),.UNSPECIFIED.,.F.,.F.,(8,5,5,8),
  (0.,0.328516711654,0.712589832732,1.),.UNSPECIFIED.);
#11326 = CARTESIAN_POINT('',(-3.578259837451,-3.733314976096));
#11327 = CARTESIAN_POINT('',(-3.215477213778,-3.733182147365));
#11328 = CARTESIAN_POINT('',(-2.842340403576,-3.733868689391));
#11329 = CARTESIAN_POINT('',(-2.498334315147,-3.732249636599));
#11330 = CARTESIAN_POINT('',(-2.106287577652,-3.734433135153));
#11331 = CARTESIAN_POINT('',(-1.76361769812,-3.732708223151));
#11332 = CARTESIAN_POINT('',(-0.953840392391,-3.73422940518));
#11333 = CARTESIAN_POINT('',(-0.188594535635,-3.732225399936));
#11334 = CARTESIAN_POINT('',(0.296031558998,-3.73687021451));
#11335 = CARTESIAN_POINT('',(0.6144158017,-3.72829404641));
#11336 = CARTESIAN_POINT('',(1.146879986114,-3.736805803742));
#11337 = CARTESIAN_POINT('',(1.795488395622,-3.72902712829));
#11338 = CARTESIAN_POINT('',(2.644008330908,-3.737461023479));
#11339 = CARTESIAN_POINT('',(2.690804356667,-3.713673439586));
#11340 = CARTESIAN_POINT('',(3.60885488671,-3.770390020895));
#11341 = CARTESIAN_POINT('',(3.214967040102,-3.694250926876));
#11342 = CARTESIAN_POINT('',(4.01221914311,-3.75796715068));
#11343 = CARTESIAN_POINT('',(4.187147524436,-3.724045540051));
#11344 = ( GEOMETRIC_REPRESENTATION_CONTEXT(2) 
PARAMETRIC_REPRESENTATION_CONTEXT() REPRESENTATION_CONTEXT('2D SPACE',''
  ) );
#11345 = ORIENTED_EDGE('',*,*,#11346,.F.);
#11346 = EDGE_CURVE('',#11347,#11294,#11349,.T.);
#11347 = VERTEX_POINT('',#11348);
#11348 = CARTESIAN_POINT('',(62.581755688755,5.262878530021,3.));
#11349 = SURFACE_CURVE('',#11350,(#11354,#11361),.PCURVE_S1.);
#11350 = LINE('',#11351,#11352);
#11351 = CARTESIAN_POINT('',(62.581755688755,5.262878530021,3.));
#11352 = VECTOR('',#11353,1.);
#11353 = DIRECTION('',(0.,0.,1.));
#11354 = PCURVE('',#11229,#11355);
#11355 = DEFINITIONAL_REPRESENTATION('',(#11356),#11360);
#11356 = LINE('',#11357,#11358);
#11357 = CARTESIAN_POINT('',(1.,0.));
#11358 = VECTOR('',#11359,1.);
#11359 = DIRECTION('',(0.,-1.));
#11360 = ( GEOMETRIC_REPRESENTATION_CONTEXT(2) 
PARAMETRIC_REPRESENTATION_CONTEXT() REPRESENTATION_CONTEXT('2D SPACE',''
  ) );
#11361 = PCURVE('',#11362,#11367);
#11362 = PLANE('',#11363);
#11363 = AXIS2_PLACEMENT_3D('',#11364,#11365,#11366);
#11364 = CARTESIAN_POINT('',(62.581755688755,5.262878530021,3.));
#11365 = DIRECTION('',(-1.,0.,0.));
#11366 = DIRECTION('',(0.,1.,0.));
#11367 = DEFINITIONAL_REPRESENTATION('',(#11368),#11372);
#11368 = LINE('',#11369,#11370);
#11369 = CARTESIAN_POINT('',(0.,0.));
#11370 = VECTOR('',#11371,1.);
#11371 = DIRECTION('',(0.,-1.));
#11372 = ( GEOMETRIC_REPRESENTATION_CONTEXT(2) 
PARAMETRIC_REPRESENTATION_CONTEXT() REPRESENTATION_CONTEXT('2D SPACE',''
  ) );
#11373 = ORIENTED_EDGE('',*,*,#11374,.F.);
#11374 = EDGE_CURVE('',#11214,#11347,#11375,.T.);
#11375 = SURFACE_CURVE('',#11376,(#11395,#11402),.PCURVE_S1.);
#11376 = B_SPLINE_CURVE_WITH_KNOTS('',7,(#11377,#11378,#11379,#11380,
    #11381,#11382,#11383,#11384,#11385,#11386,#11387,#11388,#11389,
    #11390,#11391,#11392,#11393,#11394),.UNSPECIFIED.,.F.,.F.,(8,5,5,8),
  (0.,0.328516711654,0.712589832732,1.),.UNSPECIFIED.);
#11377 = CARTESIAN_POINT('',(54.816348326867,5.253609093975,3.));
#11378 = CARTESIAN_POINT('',(55.179130950541,5.253741922707,3.));
#11379 = CARTESIAN_POINT('',(55.552267760743,5.25305538068,
    2.999999999999));
#11380 = CARTESIAN_POINT('',(55.896273849172,5.254674433473,
    3.000000000001));
#11381 = CARTESIAN_POINT('',(56.288320586667,5.252490934918,
    2.999999999999));
#11382 = CARTESIAN_POINT('',(56.630990466199,5.25421584692,3.));
#11383 = CARTESIAN_POINT('',(57.440767771927,5.252694664892,3.));
#11384 = CARTESIAN_POINT('',(58.206013628683,5.254698670135,3.));
#11385 = CARTESIAN_POINT('',(58.690639723317,5.250053855562,
    2.999999999999));
#11386 = CARTESIAN_POINT('',(59.009023966018,5.258630023661,
    3.000000000001));
#11387 = CARTESIAN_POINT('',(59.541488150433,5.250118266329,3.));
#11388 = CARTESIAN_POINT('',(60.190096559941,5.257896941781,3.));
#11389 = CARTESIAN_POINT('',(61.038616495227,5.249463046593,3.));
#11390 = CARTESIAN_POINT('',(61.085412520986,5.273250630485,3.));
#11391 = CARTESIAN_POINT('',(62.003463051028,5.216534049176,3.));
#11392 = CARTESIAN_POINT('',(61.609575204421,5.292673143195,3.));
#11393 = CARTESIAN_POINT('',(62.406827307429,5.228956919391,3.));
#11394 = CARTESIAN_POINT('',(62.581755688755,5.262878530021,3.));
#11395 = PCURVE('',#11229,#11396);
#11396 = DEFINITIONAL_REPRESENTATION('',(#11397),#11401);
#11397 = LINE('',#11398,#11399);
#11398 = CARTESIAN_POINT('',(0.,0.));
#11399 = VECTOR('',#11400,1.);
#11400 = DIRECTION('',(1.,0.));
#11401 = ( GEOMETRIC_REPRESENTATION_CONTEXT(2) 
PARAMETRIC_REPRESENTATION_CONTEXT() REPRESENTATION_CONTEXT('2D SPACE',''
  ) );
#11402 = PCURVE('',#10929,#11403);
#11403 = DEFINITIONAL_REPRESENTATION('',(#11404),#11423);
#11404 = B_SPLINE_CURVE_WITH_KNOTS('',7,(#11405,#11406,#11407,#11408,
    #11409,#11410,#11411,#11412,#11413,#11414,#11415,#11416,#11417,
    #11418,#11419,#11420,#11421,#11422),.UNSPECIFIED.,.F.,.F.,(8,5,5,8),
  (0.,0.328516711654,0.712589832732,1.),.UNSPECIFIED.);
#11405 = CARTESIAN_POINT('',(-3.578259837451,-3.733314976096));
#11406 = CARTESIAN_POINT('',(-3.215477213778,-3.733182147365));
#11407 = CARTESIAN_POINT('',(-2.842340403576,-3.733868689391));
#11408 = CARTESIAN_POINT('',(-2.498334315147,-3.732249636599));
#11409 = CARTESIAN_POINT('',(-2.106287577652,-3.734433135153));
#11410 = CARTESIAN_POINT('',(-1.76361769812,-3.732708223151));
#11411 = CARTESIAN_POINT('',(-0.953840392391,-3.73422940518));
#11412 = CARTESIAN_POINT('',(-0.188594535635,-3.732225399936));
#11413 = CARTESIAN_POINT('',(0.296031558998,-3.73687021451));
#11414 = CARTESIAN_POINT('',(0.6144158017,-3.72829404641));
#11415 = CARTESIAN_POINT('',(1.146879986114,-3.736805803742));
#11416 = CARTESIAN_POINT('',(1.795488395622,-3.72902712829));
#11417 = CARTESIAN_POINT('',(2.644008330908,-3.737461023479));
#11418 = CARTESIAN_POINT('',(2.690804356667,-3.713673439586));
#11419 = CARTESIAN_POINT('',(3.60885488671,-3.770390020895));
#11420 = CARTESIAN_POINT('',(3.214967040102,-3.694250926876));
#11421 = CARTESIAN_POINT('',(4.01221914311,-3.75796715068));
#11422 = CARTESIAN_POINT('',(4.187147524436,-3.724045540051));
#11423 = ( GEOMETRIC_REPRESENTATION_CONTEXT(2) 
PARAMETRIC_REPRESENTATION_CONTEXT() REPRESENTATION_CONTEXT('2D SPACE',''
  ) );
#11424 = ADVANCED_FACE('',(#11425),#11362,.F.);
#11425 = FACE_BOUND('',#11426,.F.);
#11426 = EDGE_LOOP('',(#11427,#11428,#11451,#11479));
#11427 = ORIENTED_EDGE('',*,*,#11346,.T.);
#11428 = ORIENTED_EDGE('',*,*,#11429,.T.);
#11429 = EDGE_CURVE('',#11294,#11430,#11432,.T.);
#11430 = VERTEX_POINT('',#11431);
#11431 = CARTESIAN_POINT('',(62.581755688755,7.061805823956,4.2));
#11432 = SURFACE_CURVE('',#11433,(#11437,#11444),.PCURVE_S1.);
#11433 = LINE('',#11434,#11435);
#11434 = CARTESIAN_POINT('',(62.581755688755,5.262878530021,4.2));
#11435 = VECTOR('',#11436,1.);
#11436 = DIRECTION('',(0.,1.,0.));
#11437 = PCURVE('',#11362,#11438);
#11438 = DEFINITIONAL_REPRESENTATION('',(#11439),#11443);
#11439 = LINE('',#11440,#11441);
#11440 = CARTESIAN_POINT('',(0.,-1.2));
#11441 = VECTOR('',#11442,1.);
#11442 = DIRECTION('',(1.,0.));
#11443 = ( GEOMETRIC_REPRESENTATION_CONTEXT(2) 
PARAMETRIC_REPRESENTATION_CONTEXT() REPRESENTATION_CONTEXT('2D SPACE',''
  ) );
#11444 = PCURVE('',#10875,#11445);
#11445 = DEFINITIONAL_REPRESENTATION('',(#11446),#11450);
#11446 = LINE('',#11447,#11448);
#11447 = CARTESIAN_POINT('',(4.187147524436,-3.724045540051));
#11448 = VECTOR('',#11449,1.);
#11449 = DIRECTION('',(0.,1.));
#11450 = ( GEOMETRIC_REPRESENTATION_CONTEXT(2) 
PARAMETRIC_REPRESENTATION_CONTEXT() REPRESENTATION_CONTEXT('2D SPACE',''
  ) );
#11451 = ORIENTED_EDGE('',*,*,#11452,.F.);
#11452 = EDGE_CURVE('',#11453,#11430,#11455,.T.);
#11453 = VERTEX_POINT('',#11454);
#11454 = CARTESIAN_POINT('',(62.581755688755,7.061805823956,3.));
#11455 = SURFACE_CURVE('',#11456,(#11460,#11467),.PCURVE_S1.);
#11456 = LINE('',#11457,#11458);
#11457 = CARTESIAN_POINT('',(62.581755688755,7.061805823956,3.));
#11458 = VECTOR('',#11459,1.);
#11459 = DIRECTION('',(0.,0.,1.));
#11460 = PCURVE('',#11362,#11461);
#11461 = DEFINITIONAL_REPRESENTATION('',(#11462),#11466);
#11462 = LINE('',#11463,#11464);
#11463 = CARTESIAN_POINT('',(1.798927293936,0.));
#11464 = VECTOR('',#11465,1.);
#11465 = DIRECTION('',(0.,-1.));
#11466 = ( GEOMETRIC_REPRESENTATION_CONTEXT(2) 
PARAMETRIC_REPRESENTATION_CONTEXT() REPRESENTATION_CONTEXT('2D SPACE',''
  ) );
#11467 = PCURVE('',#11468,#11473);
#11468 = PLANE('',#11469);
#11469 = AXIS2_PLACEMENT_3D('',#11470,#11471,#11472);
#11470 = CARTESIAN_POINT('',(62.581755688755,7.061805823956,3.));
#11471 = DIRECTION('',(0.,-1.,0.));
#11472 = DIRECTION('',(-1.,0.,0.));
#11473 = DEFINITIONAL_REPRESENTATION('',(#11474),#11478);
#11474 = LINE('',#11475,#11476);
#11475 = CARTESIAN_POINT('',(0.,-0.));
#11476 = VECTOR('',#11477,1.);
#11477 = DIRECTION('',(0.,-1.));
#11478 = ( GEOMETRIC_REPRESENTATION_CONTEXT(2) 
PARAMETRIC_REPRESENTATION_CONTEXT() REPRESENTATION_CONTEXT('2D SPACE',''
  ) );
#11479 = ORIENTED_EDGE('',*,*,#11480,.F.);
#11480 = EDGE_CURVE('',#11347,#11453,#11481,.T.);
#11481 = SURFACE_CURVE('',#11482,(#11486,#11493),.PCURVE_S1.);
#11482 = LINE('',#11483,#11484);
#11483 = CARTESIAN_POINT('',(62.581755688755,5.262878530021,3.));
#11484 = VECTOR('',#11485,1.);
#11485 = DIRECTION('',(0.,1.,0.));
#11486 = PCURVE('',#11362,#11487);
#11487 = DEFINITIONAL_REPRESENTATION('',(#11488),#11492);
#11488 = LINE('',#11489,#11490);
#11489 = CARTESIAN_POINT('',(0.,0.));
#11490 = VECTOR('',#11491,1.);
#11491 = DIRECTION('',(1.,0.));
#11492 = ( GEOMETRIC_REPRESENTATION_CONTEXT(2) 
PARAMETRIC_REPRESENTATION_CONTEXT() REPRESENTATION_CONTEXT('2D SPACE',''
  ) );
#11493 = PCURVE('',#10929,#11494);
#11494 = DEFINITIONAL_REPRESENTATION('',(#11495),#11499);
#11495 = LINE('',#11496,#11497);
#11496 = CARTESIAN_POINT('',(4.187147524436,-3.724045540051));
#11497 = VECTOR('',#11498,1.);
#11498 = DIRECTION('',(0.,1.));
#11499 = ( GEOMETRIC_REPRESENTATION_CONTEXT(2) 
PARAMETRIC_REPRESENTATION_CONTEXT() REPRESENTATION_CONTEXT('2D SPACE',''
  ) );
#11500 = ADVANCED_FACE('',(#11501),#11468,.F.);
#11501 = FACE_BOUND('',#11502,.F.);
#11502 = EDGE_LOOP('',(#11503,#11504,#11527,#11555));
#11503 = ORIENTED_EDGE('',*,*,#11452,.T.);
#11504 = ORIENTED_EDGE('',*,*,#11505,.T.);
#11505 = EDGE_CURVE('',#11430,#11506,#11508,.T.);
#11506 = VERTEX_POINT('',#11507);
#11507 = CARTESIAN_POINT('',(60.006723071384,7.061805823956,4.2));
#11508 = SURFACE_CURVE('',#11509,(#11513,#11520),.PCURVE_S1.);
#11509 = LINE('',#11510,#11511);
#11510 = CARTESIAN_POINT('',(62.581755688755,7.061805823956,4.2));
#11511 = VECTOR('',#11512,1.);
#11512 = DIRECTION('',(-1.,0.,0.));
#11513 = PCURVE('',#11468,#11514);
#11514 = DEFINITIONAL_REPRESENTATION('',(#11515),#11519);
#11515 = LINE('',#11516,#11517);
#11516 = CARTESIAN_POINT('',(0.,-1.2));
#11517 = VECTOR('',#11518,1.);
#11518 = DIRECTION('',(1.,0.));
#11519 = ( GEOMETRIC_REPRESENTATION_CONTEXT(2) 
PARAMETRIC_REPRESENTATION_CONTEXT() REPRESENTATION_CONTEXT('2D SPACE',''
  ) );
#11520 = PCURVE('',#10875,#11521);
#11521 = DEFINITIONAL_REPRESENTATION('',(#11522),#11526);
#11522 = LINE('',#11523,#11524);
#11523 = CARTESIAN_POINT('',(4.187147524436,-1.925118246115));
#11524 = VECTOR('',#11525,1.);
#11525 = DIRECTION('',(-1.,0.));
#11526 = ( GEOMETRIC_REPRESENTATION_CONTEXT(2) 
PARAMETRIC_REPRESENTATION_CONTEXT() REPRESENTATION_CONTEXT('2D SPACE',''
  ) );
#11527 = ORIENTED_EDGE('',*,*,#11528,.F.);
#11528 = EDGE_CURVE('',#11529,#11506,#11531,.T.);
#11529 = VERTEX_POINT('',#11530);
#11530 = CARTESIAN_POINT('',(60.006723071384,7.061805823956,3.));
#11531 = SURFACE_CURVE('',#11532,(#11536,#11543),.PCURVE_S1.);
#11532 = LINE('',#11533,#11534);
#11533 = CARTESIAN_POINT('',(60.006723071384,7.061805823956,3.));
#11534 = VECTOR('',#11535,1.);
#11535 = DIRECTION('',(0.,0.,1.));
#11536 = PCURVE('',#11468,#11537);
#11537 = DEFINITIONAL_REPRESENTATION('',(#11538),#11542);
#11538 = LINE('',#11539,#11540);
#11539 = CARTESIAN_POINT('',(2.575032617371,0.));
#11540 = VECTOR('',#11541,1.);
#11541 = DIRECTION('',(0.,-1.));
#11542 = ( GEOMETRIC_REPRESENTATION_CONTEXT(2) 
PARAMETRIC_REPRESENTATION_CONTEXT() REPRESENTATION_CONTEXT('2D SPACE',''
  ) );
#11543 = PCURVE('',#11544,#11549);
#11544 = PLANE('',#11545);
#11545 = AXIS2_PLACEMENT_3D('',#11546,#11547,#11548);
#11546 = CARTESIAN_POINT('',(60.006723071384,7.061805823956,3.));
#11547 = DIRECTION('',(-1.,0.,0.));
#11548 = DIRECTION('',(0.,1.,0.));
#11549 = DEFINITIONAL_REPRESENTATION('',(#11550),#11554);
#11550 = LINE('',#11551,#11552);
#11551 = CARTESIAN_POINT('',(0.,0.));
#11552 = VECTOR('',#11553,1.);
#11553 = DIRECTION('',(0.,-1.));
#11554 = ( GEOMETRIC_REPRESENTATION_CONTEXT(2) 
PARAMETRIC_REPRESENTATION_CONTEXT() REPRESENTATION_CONTEXT('2D SPACE',''
  ) );
#11555 = ORIENTED_EDGE('',*,*,#11556,.F.);
#11556 = EDGE_CURVE('',#11453,#11529,#11557,.T.);
#11557 = SURFACE_CURVE('',#11558,(#11562,#11569),.PCURVE_S1.);
#11558 = LINE('',#11559,#11560);
#11559 = CARTESIAN_POINT('',(62.581755688755,7.061805823956,3.));
#11560 = VECTOR('',#11561,1.);
#11561 = DIRECTION('',(-1.,0.,0.));
#11562 = PCURVE('',#11468,#11563);
#11563 = DEFINITIONAL_REPRESENTATION('',(#11564),#11568);
#11564 = LINE('',#11565,#11566);
#11565 = CARTESIAN_POINT('',(0.,-0.));
#11566 = VECTOR('',#11567,1.);
#11567 = DIRECTION('',(1.,0.));
#11568 = ( GEOMETRIC_REPRESENTATION_CONTEXT(2) 
PARAMETRIC_REPRESENTATION_CONTEXT() REPRESENTATION_CONTEXT('2D SPACE',''
  ) );
#11569 = PCURVE('',#10929,#11570);
#11570 = DEFINITIONAL_REPRESENTATION('',(#11571),#11575);
#11571 = LINE('',#11572,#11573);
#11572 = CARTESIAN_POINT('',(4.187147524436,-1.925118246115));
#11573 = VECTOR('',#11574,1.);
#11574 = DIRECTION('',(-1.,0.));
#11575 = ( GEOMETRIC_REPRESENTATION_CONTEXT(2) 
PARAMETRIC_REPRESENTATION_CONTEXT() REPRESENTATION_CONTEXT('2D SPACE',''
  ) );
#11576 = ADVANCED_FACE('',(#11577),#11544,.F.);
#11577 = FACE_BOUND('',#11578,.F.);
#11578 = EDGE_LOOP('',(#11579,#11580,#11603,#11626));
#11579 = ORIENTED_EDGE('',*,*,#11528,.T.);
#11580 = ORIENTED_EDGE('',*,*,#11581,.T.);
#11581 = EDGE_CURVE('',#11506,#11582,#11584,.T.);
#11582 = VERTEX_POINT('',#11583);
#11583 = CARTESIAN_POINT('',(60.006723071384,13.81011446525,4.2));
#11584 = SURFACE_CURVE('',#11585,(#11589,#11596),.PCURVE_S1.);
#11585 = LINE('',#11586,#11587);
#11586 = CARTESIAN_POINT('',(60.006723071384,7.061805823956,4.2));
#11587 = VECTOR('',#11588,1.);
#11588 = DIRECTION('',(0.,1.,0.));
#11589 = PCURVE('',#11544,#11590);
#11590 = DEFINITIONAL_REPRESENTATION('',(#11591),#11595);
#11591 = LINE('',#11592,#11593);
#11592 = CARTESIAN_POINT('',(0.,-1.2));
#11593 = VECTOR('',#11594,1.);
#11594 = DIRECTION('',(1.,0.));
#11595 = ( GEOMETRIC_REPRESENTATION_CONTEXT(2) 
PARAMETRIC_REPRESENTATION_CONTEXT() REPRESENTATION_CONTEXT('2D SPACE',''
  ) );
#11596 = PCURVE('',#10875,#11597);
#11597 = DEFINITIONAL_REPRESENTATION('',(#11598),#11602);
#11598 = LINE('',#11599,#11600);
#11599 = CARTESIAN_POINT('',(1.612114907065,-1.925118246115));
#11600 = VECTOR('',#11601,1.);
#11601 = DIRECTION('',(0.,1.));
#11602 = ( GEOMETRIC_REPRESENTATION_CONTEXT(2) 
PARAMETRIC_REPRESENTATION_CONTEXT() REPRESENTATION_CONTEXT('2D SPACE',''
  ) );
#11603 = ORIENTED_EDGE('',*,*,#11604,.F.);
#11604 = EDGE_CURVE('',#11605,#11582,#11607,.T.);
#11605 = VERTEX_POINT('',#11606);
#11606 = CARTESIAN_POINT('',(60.006723071384,13.81011446525,3.));
#11607 = SURFACE_CURVE('',#11608,(#11612,#11619),.PCURVE_S1.);
#11608 = LINE('',#11609,#11610);
#11609 = CARTESIAN_POINT('',(60.006723071384,13.81011446525,3.));
#11610 = VECTOR('',#11611,1.);
#11611 = DIRECTION('',(0.,0.,1.));
#11612 = PCURVE('',#11544,#11613);
#11613 = DEFINITIONAL_REPRESENTATION('',(#11614),#11618);
#11614 = LINE('',#11615,#11616);
#11615 = CARTESIAN_POINT('',(6.748308641294,0.));
#11616 = VECTOR('',#11617,1.);
#11617 = DIRECTION('',(0.,-1.));
#11618 = ( GEOMETRIC_REPRESENTATION_CONTEXT(2) 
PARAMETRIC_REPRESENTATION_CONTEXT() REPRESENTATION_CONTEXT('2D SPACE',''
  ) );
#11619 = PCURVE('',#10830,#11620);
#11620 = DEFINITIONAL_REPRESENTATION('',(#11621),#11625);
#11621 = LINE('',#11622,#11623);
#11622 = CARTESIAN_POINT('',(0.,0.));
#11623 = VECTOR('',#11624,1.);
#11624 = DIRECTION('',(0.,-1.));
#11625 = ( GEOMETRIC_REPRESENTATION_CONTEXT(2) 
PARAMETRIC_REPRESENTATION_CONTEXT() REPRESENTATION_CONTEXT('2D SPACE',''
  ) );
#11626 = ORIENTED_EDGE('',*,*,#11627,.F.);
#11627 = EDGE_CURVE('',#11529,#11605,#11628,.T.);
#11628 = SURFACE_CURVE('',#11629,(#11633,#11640),.PCURVE_S1.);
#11629 = LINE('',#11630,#11631);
#11630 = CARTESIAN_POINT('',(60.006723071384,7.061805823956,3.));
#11631 = VECTOR('',#11632,1.);
#11632 = DIRECTION('',(0.,1.,0.));
#11633 = PCURVE('',#11544,#11634);
#11634 = DEFINITIONAL_REPRESENTATION('',(#11635),#11639);
#11635 = LINE('',#11636,#11637);
#11636 = CARTESIAN_POINT('',(0.,0.));
#11637 = VECTOR('',#11638,1.);
#11638 = DIRECTION('',(1.,0.));
#11639 = ( GEOMETRIC_REPRESENTATION_CONTEXT(2) 
PARAMETRIC_REPRESENTATION_CONTEXT() REPRESENTATION_CONTEXT('2D SPACE',''
  ) );
#11640 = PCURVE('',#10929,#11641);
#11641 = DEFINITIONAL_REPRESENTATION('',(#11642),#11646);
#11642 = LINE('',#11643,#11644);
#11643 = CARTESIAN_POINT('',(1.612114907065,-1.925118246115));
#11644 = VECTOR('',#11645,1.);
#11645 = DIRECTION('',(0.,1.));
#11646 = ( GEOMETRIC_REPRESENTATION_CONTEXT(2) 
PARAMETRIC_REPRESENTATION_CONTEXT() REPRESENTATION_CONTEXT('2D SPACE',''
  ) );
#11647 = ADVANCED_FACE('',(#11648),#10830,.F.);
#11648 = FACE_BOUND('',#11649,.F.);
#11649 = EDGE_LOOP('',(#11650,#11651,#11702,#11703));
#11650 = ORIENTED_EDGE('',*,*,#11604,.T.);
#11651 = ORIENTED_EDGE('',*,*,#11652,.T.);
#11652 = EDGE_CURVE('',#11582,#10810,#11653,.T.);
#11653 = SURFACE_CURVE('',#11654,(#11673,#11680),.PCURVE_S1.);
#11654 = B_SPLINE_CURVE_WITH_KNOTS('',7,(#11655,#11656,#11657,#11658,
    #11659,#11660,#11661,#11662,#11663,#11664,#11665,#11666,#11667,
    #11668,#11669,#11670,#11671,#11672),.UNSPECIFIED.,.F.,.F.,(8,5,5,8),
  (0.,0.335732937362,0.671465874724,1.),.UNSPECIFIED.);
#11655 = CARTESIAN_POINT('',(60.006723071384,13.81011446525,4.2));
#11656 = CARTESIAN_POINT('',(59.782339722766,13.809734485265,4.2));
#11657 = CARTESIAN_POINT('',(59.547220733576,13.811619263167,4.2));
#11658 = CARTESIAN_POINT('',(59.341453800988,13.807298895421,4.2));
#11659 = CARTESIAN_POINT('',(59.088138960083,13.813039547816,4.2));
#11660 = CARTESIAN_POINT('',(58.883399272573,13.808504313244,4.2));
#11661 = CARTESIAN_POINT('',(58.412983353022,13.812303449599,4.2));
#11662 = CARTESIAN_POINT('',(57.982165145301,13.80777340592,4.2));
#11663 = CARTESIAN_POINT('',(57.708576362313,13.817718093256,4.2));
#11664 = CARTESIAN_POINT('',(57.568761001018,13.799583947089,4.2));
#11665 = CARTESIAN_POINT('',(57.258272874174,13.817300097034,4.2));
#11666 = CARTESIAN_POINT('',(56.895302388678,13.799524811473,4.2));
#11667 = CARTESIAN_POINT('',(56.337870757486,13.822412075134,4.2));
#11668 = CARTESIAN_POINT('',(56.436643525318,13.75492265037,
    4.200000000001));
#11669 = CARTESIAN_POINT('',(55.475106807199,13.918157074438,
    4.199999999999));
#11670 = CARTESIAN_POINT('',(56.217177679638,13.686144263497,
    4.200000000001));
#11671 = CARTESIAN_POINT('',(55.255833666753,13.900817129759,4.2));
#11672 = CARTESIAN_POINT('',(55.300635565167,13.766203049239,4.2));
#11673 = PCURVE('',#10830,#11674);
#11674 = DEFINITIONAL_REPRESENTATION('',(#11675),#11679);
#11675 = LINE('',#11676,#11677);
#11676 = CARTESIAN_POINT('',(0.,-1.2));
#11677 = VECTOR('',#11678,1.);
#11678 = DIRECTION('',(1.,0.));
#11679 = ( GEOMETRIC_REPRESENTATION_CONTEXT(2) 
PARAMETRIC_REPRESENTATION_CONTEXT() REPRESENTATION_CONTEXT('2D SPACE',''
  ) );
#11680 = PCURVE('',#10875,#11681);
#11681 = DEFINITIONAL_REPRESENTATION('',(#11682),#11701);
#11682 = B_SPLINE_CURVE_WITH_KNOTS('',7,(#11683,#11684,#11685,#11686,
    #11687,#11688,#11689,#11690,#11691,#11692,#11693,#11694,#11695,
    #11696,#11697,#11698,#11699,#11700),.UNSPECIFIED.,.F.,.F.,(8,5,5,8),
  (0.,0.335732937362,0.671465874724,1.),.UNSPECIFIED.);
#11683 = CARTESIAN_POINT('',(1.612114907065,4.823190395178));
#11684 = CARTESIAN_POINT('',(1.387731558447,4.822810415194));
#11685 = CARTESIAN_POINT('',(1.152612569257,4.824695193096));
#11686 = CARTESIAN_POINT('',(0.946845636669,4.820374825349));
#11687 = CARTESIAN_POINT('',(0.693530795764,4.826115477745));
#11688 = CARTESIAN_POINT('',(0.488791108255,4.821580243173));
#11689 = CARTESIAN_POINT('',(1.837518870361E-02,4.825379379527));
#11690 = CARTESIAN_POINT('',(-0.412443019018,4.820849335849));
#11691 = CARTESIAN_POINT('',(-0.686031802006,4.830794023185));
#11692 = CARTESIAN_POINT('',(-0.825847163301,4.812659877018));
#11693 = CARTESIAN_POINT('',(-1.136335290145,4.830376026963));
#11694 = CARTESIAN_POINT('',(-1.49930577564,4.812600741402));
#11695 = CARTESIAN_POINT('',(-2.056737406833,4.835488005063));
#11696 = CARTESIAN_POINT('',(-1.957964639001,4.767998580299));
#11697 = CARTESIAN_POINT('',(-2.91950135712,4.931233004366));
#11698 = CARTESIAN_POINT('',(-2.17743048468,4.699220193426));
#11699 = CARTESIAN_POINT('',(-3.138774497566,4.913893059688));
#11700 = CARTESIAN_POINT('',(-3.093972599152,4.779278979168));
#11701 = ( GEOMETRIC_REPRESENTATION_CONTEXT(2) 
PARAMETRIC_REPRESENTATION_CONTEXT() REPRESENTATION_CONTEXT('2D SPACE',''
  ) );
#11702 = ORIENTED_EDGE('',*,*,#10807,.F.);
#11703 = ORIENTED_EDGE('',*,*,#11704,.F.);
#11704 = EDGE_CURVE('',#11605,#10808,#11705,.T.);
#11705 = SURFACE_CURVE('',#11706,(#11725,#11732),.PCURVE_S1.);
#11706 = B_SPLINE_CURVE_WITH_KNOTS('',7,(#11707,#11708,#11709,#11710,
    #11711,#11712,#11713,#11714,#11715,#11716,#11717,#11718,#11719,
    #11720,#11721,#11722,#11723,#11724),.UNSPECIFIED.,.F.,.F.,(8,5,5,8),
  (0.,0.335732937362,0.671465874724,1.),.UNSPECIFIED.);
#11707 = CARTESIAN_POINT('',(60.006723071384,13.81011446525,3.));
#11708 = CARTESIAN_POINT('',(59.782339722766,13.809734485265,3.));
#11709 = CARTESIAN_POINT('',(59.547220733576,13.811619263167,3.));
#11710 = CARTESIAN_POINT('',(59.341453800988,13.807298895421,3.));
#11711 = CARTESIAN_POINT('',(59.088138960083,13.813039547816,3.));
#11712 = CARTESIAN_POINT('',(58.883399272573,13.808504313244,3.));
#11713 = CARTESIAN_POINT('',(58.412983353022,13.812303449599,3.));
#11714 = CARTESIAN_POINT('',(57.982165145301,13.80777340592,3.));
#11715 = CARTESIAN_POINT('',(57.708576362313,13.817718093256,3.));
#11716 = CARTESIAN_POINT('',(57.568761001018,13.799583947089,3.));
#11717 = CARTESIAN_POINT('',(57.258272874174,13.817300097034,3.));
#11718 = CARTESIAN_POINT('',(56.895302388678,13.799524811473,3.));
#11719 = CARTESIAN_POINT('',(56.337870757486,13.822412075134,3.));
#11720 = CARTESIAN_POINT('',(56.436643525318,13.75492265037,
    3.000000000001));
#11721 = CARTESIAN_POINT('',(55.475106807199,13.918157074438,
    2.999999999999));
#11722 = CARTESIAN_POINT('',(56.217177679638,13.686144263497,
    3.000000000001));
#11723 = CARTESIAN_POINT('',(55.255833666753,13.900817129759,3.));
#11724 = CARTESIAN_POINT('',(55.300635565167,13.766203049239,3.));
#11725 = PCURVE('',#10830,#11726);
#11726 = DEFINITIONAL_REPRESENTATION('',(#11727),#11731);
#11727 = LINE('',#11728,#11729);
#11728 = CARTESIAN_POINT('',(0.,0.));
#11729 = VECTOR('',#11730,1.);
#11730 = DIRECTION('',(1.,0.));
#11731 = ( GEOMETRIC_REPRESENTATION_CONTEXT(2) 
PARAMETRIC_REPRESENTATION_CONTEXT() REPRESENTATION_CONTEXT('2D SPACE',''
  ) );
#11732 = PCURVE('',#10929,#11733);
#11733 = DEFINITIONAL_REPRESENTATION('',(#11734),#11753);
#11734 = B_SPLINE_CURVE_WITH_KNOTS('',7,(#11735,#11736,#11737,#11738,
    #11739,#11740,#11741,#11742,#11743,#11744,#11745,#11746,#11747,
    #11748,#11749,#11750,#11751,#11752),.UNSPECIFIED.,.F.,.F.,(8,5,5,8),
  (0.,0.335732937362,0.671465874724,1.),.UNSPECIFIED.);
#11735 = CARTESIAN_POINT('',(1.612114907065,4.823190395178));
#11736 = CARTESIAN_POINT('',(1.387731558447,4.822810415194));
#11737 = CARTESIAN_POINT('',(1.152612569257,4.824695193096));
#11738 = CARTESIAN_POINT('',(0.946845636669,4.820374825349));
#11739 = CARTESIAN_POINT('',(0.693530795764,4.826115477745));
#11740 = CARTESIAN_POINT('',(0.488791108255,4.821580243173));
#11741 = CARTESIAN_POINT('',(1.837518870361E-02,4.825379379527));
#11742 = CARTESIAN_POINT('',(-0.412443019018,4.820849335849));
#11743 = CARTESIAN_POINT('',(-0.686031802006,4.830794023185));
#11744 = CARTESIAN_POINT('',(-0.825847163301,4.812659877018));
#11745 = CARTESIAN_POINT('',(-1.136335290145,4.830376026963));
#11746 = CARTESIAN_POINT('',(-1.49930577564,4.812600741402));
#11747 = CARTESIAN_POINT('',(-2.056737406833,4.835488005063));
#11748 = CARTESIAN_POINT('',(-1.957964639001,4.767998580299));
#11749 = CARTESIAN_POINT('',(-2.91950135712,4.931233004366));
#11750 = CARTESIAN_POINT('',(-2.17743048468,4.699220193426));
#11751 = CARTESIAN_POINT('',(-3.138774497566,4.913893059688));
#11752 = CARTESIAN_POINT('',(-3.093972599152,4.779278979168));
#11753 = ( GEOMETRIC_REPRESENTATION_CONTEXT(2) 
PARAMETRIC_REPRESENTATION_CONTEXT() REPRESENTATION_CONTEXT('2D SPACE',''
  ) );
#11754 = ADVANCED_FACE('',(#11755),#10929,.F.);
#11755 = FACE_BOUND('',#11756,.F.);
#11756 = EDGE_LOOP('',(#11757,#11758,#11759,#11760,#11761,#11762,#11763,
    #11764,#11765,#11766));
#11757 = ORIENTED_EDGE('',*,*,#10915,.T.);
#11758 = ORIENTED_EDGE('',*,*,#10996,.T.);
#11759 = ORIENTED_EDGE('',*,*,#11072,.T.);
#11760 = ORIENTED_EDGE('',*,*,#11155,.T.);
#11761 = ORIENTED_EDGE('',*,*,#11258,.T.);
#11762 = ORIENTED_EDGE('',*,*,#11374,.T.);
#11763 = ORIENTED_EDGE('',*,*,#11480,.T.);
#11764 = ORIENTED_EDGE('',*,*,#11556,.T.);
#11765 = ORIENTED_EDGE('',*,*,#11627,.T.);
#11766 = ORIENTED_EDGE('',*,*,#11704,.T.);
#11767 = ADVANCED_FACE('',(#11768),#10875,.T.);
#11768 = FACE_BOUND('',#11769,.T.);
#11769 = EDGE_LOOP('',(#11770,#11771,#11772,#11773,#11774,#11775,#11776,
    #11777,#11778,#11779));
#11770 = ORIENTED_EDGE('',*,*,#10859,.T.);
#11771 = ORIENTED_EDGE('',*,*,#10945,.T.);
#11772 = ORIENTED_EDGE('',*,*,#11021,.T.);
#11773 = ORIENTED_EDGE('',*,*,#11097,.T.);
#11774 = ORIENTED_EDGE('',*,*,#11180,.T.);
#11775 = ORIENTED_EDGE('',*,*,#11293,.T.);
#11776 = ORIENTED_EDGE('',*,*,#11429,.T.);
#11777 = ORIENTED_EDGE('',*,*,#11505,.T.);
#11778 = ORIENTED_EDGE('',*,*,#11581,.T.);
#11779 = ORIENTED_EDGE('',*,*,#11652,.T.);
#11780 = MANIFOLD_SOLID_BREP('',#11781);
#11781 = CLOSED_SHELL('',(#11782,#11927,#12010,#12061,#12067));
#11782 = ADVANCED_FACE('',(#11783),#11797,.F.);
#11783 = FACE_BOUND('',#11784,.F.);
#11784 = EDGE_LOOP('',(#11785,#11828,#11862,#11895));
#11785 = ORIENTED_EDGE('',*,*,#11786,.T.);
#11786 = EDGE_CURVE('',#11787,#11789,#11791,.T.);
#11787 = VERTEX_POINT('',#11788);
#11788 = CARTESIAN_POINT('',(59.207028247116,15.068389663319,3.));
#11789 = VERTEX_POINT('',#11790);
#11790 = CARTESIAN_POINT('',(59.207028247116,15.068389663319,4.2));
#11791 = SURFACE_CURVE('',#11792,(#11796,#11813),.PCURVE_S1.);
#11792 = LINE('',#11793,#11794);
#11793 = CARTESIAN_POINT('',(59.207028247116,15.068389663319,3.));
#11794 = VECTOR('',#11795,1.);
#11795 = DIRECTION('',(0.,0.,1.));
#11796 = PCURVE('',#11797,#11807);
#11797 = SURFACE_OF_LINEAR_EXTRUSION('',#11798,#11805);
#11798 = B_SPLINE_CURVE_WITH_KNOTS('',5,(#11799,#11800,#11801,#11802,
    #11803,#11804),.UNSPECIFIED.,.F.,.F.,(6,6),(0.,1.),
  .PIECEWISE_BEZIER_KNOTS.);
#11799 = CARTESIAN_POINT('',(59.207028247116,15.068389663319,3.));
#11800 = CARTESIAN_POINT('',(59.735909332712,15.159024879128,3.));
#11801 = CARTESIAN_POINT('',(60.307555659056,15.568127208876,3.));
#11802 = CARTESIAN_POINT('',(60.356676766592,16.212368976732,3.));
#11803 = CARTESIAN_POINT('',(60.317293436698,16.823283290672,3.));
#11804 = CARTESIAN_POINT('',(59.936867317131,17.242090325986,3.));
#11805 = VECTOR('',#11806,1.);
#11806 = DIRECTION('',(-0.,-0.,-1.));
#11807 = DEFINITIONAL_REPRESENTATION('',(#11808),#11812);
#11808 = LINE('',#11809,#11810);
#11809 = CARTESIAN_POINT('',(0.,0.));
#11810 = VECTOR('',#11811,1.);
#11811 = DIRECTION('',(0.,-1.));
#11812 = ( GEOMETRIC_REPRESENTATION_CONTEXT(2) 
PARAMETRIC_REPRESENTATION_CONTEXT() REPRESENTATION_CONTEXT('2D SPACE',''
  ) );
#11813 = PCURVE('',#11814,#11822);
#11814 = SURFACE_OF_LINEAR_EXTRUSION('',#11815,#11820);
#11815 = B_SPLINE_CURVE_WITH_KNOTS('',3,(#11816,#11817,#11818,#11819),
  .UNSPECIFIED.,.F.,.F.,(4,4),(0.,1.),.PIECEWISE_BEZIER_KNOTS.);
#11816 = CARTESIAN_POINT('',(57.681824600328,16.803461726721,3.));
#11817 = CARTESIAN_POINT('',(57.384957028622,15.76685098247,3.));
#11818 = CARTESIAN_POINT('',(58.130074749551,14.884884758429,3.));
#11819 = CARTESIAN_POINT('',(59.207028247116,15.068389663319,3.));
#11820 = VECTOR('',#11821,1.);
#11821 = DIRECTION('',(-0.,-0.,-1.));
#11822 = DEFINITIONAL_REPRESENTATION('',(#11823),#11827);
#11823 = LINE('',#11824,#11825);
#11824 = CARTESIAN_POINT('',(1.,0.));
#11825 = VECTOR('',#11826,1.);
#11826 = DIRECTION('',(0.,-1.));
#11827 = ( GEOMETRIC_REPRESENTATION_CONTEXT(2) 
PARAMETRIC_REPRESENTATION_CONTEXT() REPRESENTATION_CONTEXT('2D SPACE',''
  ) );
#11828 = ORIENTED_EDGE('',*,*,#11829,.T.);
#11829 = EDGE_CURVE('',#11789,#11830,#11832,.T.);
#11830 = VERTEX_POINT('',#11831);
#11831 = CARTESIAN_POINT('',(59.936867317131,17.242090325986,4.2));
#11832 = SURFACE_CURVE('',#11833,(#11840,#11847),.PCURVE_S1.);
#11833 = B_SPLINE_CURVE_WITH_KNOTS('',5,(#11834,#11835,#11836,#11837,
    #11838,#11839),.UNSPECIFIED.,.F.,.F.,(6,6),(0.,1.),
  .PIECEWISE_BEZIER_KNOTS.);
#11834 = CARTESIAN_POINT('',(59.207028247116,15.068389663319,4.2));
#11835 = CARTESIAN_POINT('',(59.735909332712,15.159024879128,4.2));
#11836 = CARTESIAN_POINT('',(60.307555659056,15.568127208876,4.2));
#11837 = CARTESIAN_POINT('',(60.356676766592,16.212368976732,4.2));
#11838 = CARTESIAN_POINT('',(60.317293436698,16.823283290672,4.2));
#11839 = CARTESIAN_POINT('',(59.936867317131,17.242090325986,4.2));
#11840 = PCURVE('',#11797,#11841);
#11841 = DEFINITIONAL_REPRESENTATION('',(#11842),#11846);
#11842 = LINE('',#11843,#11844);
#11843 = CARTESIAN_POINT('',(0.,-1.2));
#11844 = VECTOR('',#11845,1.);
#11845 = DIRECTION('',(1.,0.));
#11846 = ( GEOMETRIC_REPRESENTATION_CONTEXT(2) 
PARAMETRIC_REPRESENTATION_CONTEXT() REPRESENTATION_CONTEXT('2D SPACE',''
  ) );
#11847 = PCURVE('',#11848,#11853);
#11848 = PLANE('',#11849);
#11849 = AXIS2_PLACEMENT_3D('',#11850,#11851,#11852);
#11850 = CARTESIAN_POINT('',(58.943130746281,16.370132424684,4.2));
#11851 = DIRECTION('',(0.,2.851192043671E-16,1.));
#11852 = DIRECTION('',(0.,1.,-2.851192043671E-16));
#11853 = DEFINITIONAL_REPRESENTATION('',(#11854),#11861);
#11854 = B_SPLINE_CURVE_WITH_KNOTS('',5,(#11855,#11856,#11857,#11858,
    #11859,#11860),.UNSPECIFIED.,.F.,.F.,(6,6),(0.,1.),
  .PIECEWISE_BEZIER_KNOTS.);
#11855 = CARTESIAN_POINT('',(-1.301742761366,-0.263897500835));
#11856 = CARTESIAN_POINT('',(-1.211107545556,-0.792778586432));
#11857 = CARTESIAN_POINT('',(-0.802005215808,-1.364424912776));
#11858 = CARTESIAN_POINT('',(-0.157763447952,-1.413546020311));
#11859 = CARTESIAN_POINT('',(0.453150865988,-1.374162690417));
#11860 = CARTESIAN_POINT('',(0.871957901301,-0.99373657085));
#11861 = ( GEOMETRIC_REPRESENTATION_CONTEXT(2) 
PARAMETRIC_REPRESENTATION_CONTEXT() REPRESENTATION_CONTEXT('2D SPACE',''
  ) );
#11862 = ORIENTED_EDGE('',*,*,#11863,.F.);
#11863 = EDGE_CURVE('',#11864,#11830,#11866,.T.);
#11864 = VERTEX_POINT('',#11865);
#11865 = CARTESIAN_POINT('',(59.936867317131,17.242090325986,3.));
#11866 = SURFACE_CURVE('',#11867,(#11871,#11878),.PCURVE_S1.);
#11867 = LINE('',#11868,#11869);
#11868 = CARTESIAN_POINT('',(59.936867317131,17.242090325986,3.));
#11869 = VECTOR('',#11870,1.);
#11870 = DIRECTION('',(0.,0.,1.));
#11871 = PCURVE('',#11797,#11872);
#11872 = DEFINITIONAL_REPRESENTATION('',(#11873),#11877);
#11873 = LINE('',#11874,#11875);
#11874 = CARTESIAN_POINT('',(1.,0.));
#11875 = VECTOR('',#11876,1.);
#11876 = DIRECTION('',(0.,-1.));
#11877 = ( GEOMETRIC_REPRESENTATION_CONTEXT(2) 
PARAMETRIC_REPRESENTATION_CONTEXT() REPRESENTATION_CONTEXT('2D SPACE',''
  ) );
#11878 = PCURVE('',#11879,#11889);
#11879 = SURFACE_OF_LINEAR_EXTRUSION('',#11880,#11887);
#11880 = B_SPLINE_CURVE_WITH_KNOTS('',5,(#11881,#11882,#11883,#11884,
    #11885,#11886),.UNSPECIFIED.,.F.,.F.,(6,6),(0.,1.),
  .PIECEWISE_BEZIER_KNOTS.);
#11881 = CARTESIAN_POINT('',(59.936867317131,17.242090325986,3.));
#11882 = CARTESIAN_POINT('',(59.562971975364,17.686732175817,3.));
#11883 = CARTESIAN_POINT('',(59.003721386243,17.794439666485,3.));
#11884 = CARTESIAN_POINT('',(58.300220873084,17.797531622752,3.));
#11885 = CARTESIAN_POINT('',(57.855495601385,17.326518162619,3.));
#11886 = CARTESIAN_POINT('',(57.681824600328,16.803461726721,3.));
#11887 = VECTOR('',#11888,1.);
#11888 = DIRECTION('',(-0.,-0.,-1.));
#11889 = DEFINITIONAL_REPRESENTATION('',(#11890),#11894);
#11890 = LINE('',#11891,#11892);
#11891 = CARTESIAN_POINT('',(0.,0.));
#11892 = VECTOR('',#11893,1.);
#11893 = DIRECTION('',(0.,-1.));
#11894 = ( GEOMETRIC_REPRESENTATION_CONTEXT(2) 
PARAMETRIC_REPRESENTATION_CONTEXT() REPRESENTATION_CONTEXT('2D SPACE',''
  ) );
#11895 = ORIENTED_EDGE('',*,*,#11896,.F.);
#11896 = EDGE_CURVE('',#11787,#11864,#11897,.T.);
#11897 = SURFACE_CURVE('',#11898,(#11905,#11912),.PCURVE_S1.);
#11898 = B_SPLINE_CURVE_WITH_KNOTS('',5,(#11899,#11900,#11901,#11902,
    #11903,#11904),.UNSPECIFIED.,.F.,.F.,(6,6),(0.,1.),
  .PIECEWISE_BEZIER_KNOTS.);
#11899 = CARTESIAN_POINT('',(59.207028247116,15.068389663319,3.));
#11900 = CARTESIAN_POINT('',(59.735909332712,15.159024879128,3.));
#11901 = CARTESIAN_POINT('',(60.307555659056,15.568127208876,3.));
#11902 = CARTESIAN_POINT('',(60.356676766592,16.212368976732,3.));
#11903 = CARTESIAN_POINT('',(60.317293436698,16.823283290672,3.));
#11904 = CARTESIAN_POINT('',(59.936867317131,17.242090325986,3.));
#11905 = PCURVE('',#11797,#11906);
#11906 = DEFINITIONAL_REPRESENTATION('',(#11907),#11911);
#11907 = LINE('',#11908,#11909);
#11908 = CARTESIAN_POINT('',(0.,0.));
#11909 = VECTOR('',#11910,1.);
#11910 = DIRECTION('',(1.,0.));
#11911 = ( GEOMETRIC_REPRESENTATION_CONTEXT(2) 
PARAMETRIC_REPRESENTATION_CONTEXT() REPRESENTATION_CONTEXT('2D SPACE',''
  ) );
#11912 = PCURVE('',#11913,#11918);
#11913 = PLANE('',#11914);
#11914 = AXIS2_PLACEMENT_3D('',#11915,#11916,#11917);
#11915 = CARTESIAN_POINT('',(58.943130746281,16.370132424684,3.));
#11916 = DIRECTION('',(0.,2.851192043671E-16,1.));
#11917 = DIRECTION('',(0.,1.,-2.851192043671E-16));
#11918 = DEFINITIONAL_REPRESENTATION('',(#11919),#11926);
#11919 = B_SPLINE_CURVE_WITH_KNOTS('',5,(#11920,#11921,#11922,#11923,
    #11924,#11925),.UNSPECIFIED.,.F.,.F.,(6,6),(0.,1.),
  .PIECEWISE_BEZIER_KNOTS.);
#11920 = CARTESIAN_POINT('',(-1.301742761366,-0.263897500835));
#11921 = CARTESIAN_POINT('',(-1.211107545556,-0.792778586432));
#11922 = CARTESIAN_POINT('',(-0.802005215808,-1.364424912776));
#11923 = CARTESIAN_POINT('',(-0.157763447952,-1.413546020311));
#11924 = CARTESIAN_POINT('',(0.453150865988,-1.374162690417));
#11925 = CARTESIAN_POINT('',(0.871957901301,-0.99373657085));
#11926 = ( GEOMETRIC_REPRESENTATION_CONTEXT(2) 
PARAMETRIC_REPRESENTATION_CONTEXT() REPRESENTATION_CONTEXT('2D SPACE',''
  ) );
#11927 = ADVANCED_FACE('',(#11928),#11879,.F.);
#11928 = FACE_BOUND('',#11929,.F.);
#11929 = EDGE_LOOP('',(#11930,#11931,#11960,#11983));
#11930 = ORIENTED_EDGE('',*,*,#11863,.T.);
#11931 = ORIENTED_EDGE('',*,*,#11932,.T.);
#11932 = EDGE_CURVE('',#11830,#11933,#11935,.T.);
#11933 = VERTEX_POINT('',#11934);
#11934 = CARTESIAN_POINT('',(57.681824600328,16.803461726721,4.2));
#11935 = SURFACE_CURVE('',#11936,(#11943,#11950),.PCURVE_S1.);
#11936 = B_SPLINE_CURVE_WITH_KNOTS('',5,(#11937,#11938,#11939,#11940,
    #11941,#11942),.UNSPECIFIED.,.F.,.F.,(6,6),(0.,1.),
  .PIECEWISE_BEZIER_KNOTS.);
#11937 = CARTESIAN_POINT('',(59.936867317131,17.242090325986,4.2));
#11938 = CARTESIAN_POINT('',(59.562971975364,17.686732175817,4.2));
#11939 = CARTESIAN_POINT('',(59.003721386243,17.794439666485,4.2));
#11940 = CARTESIAN_POINT('',(58.300220873084,17.797531622752,4.2));
#11941 = CARTESIAN_POINT('',(57.855495601385,17.326518162619,4.2));
#11942 = CARTESIAN_POINT('',(57.681824600328,16.803461726721,4.2));
#11943 = PCURVE('',#11879,#11944);
#11944 = DEFINITIONAL_REPRESENTATION('',(#11945),#11949);
#11945 = LINE('',#11946,#11947);
#11946 = CARTESIAN_POINT('',(0.,-1.2));
#11947 = VECTOR('',#11948,1.);
#11948 = DIRECTION('',(1.,0.));
#11949 = ( GEOMETRIC_REPRESENTATION_CONTEXT(2) 
PARAMETRIC_REPRESENTATION_CONTEXT() REPRESENTATION_CONTEXT('2D SPACE',''
  ) );
#11950 = PCURVE('',#11848,#11951);
#11951 = DEFINITIONAL_REPRESENTATION('',(#11952),#11959);
#11952 = B_SPLINE_CURVE_WITH_KNOTS('',5,(#11953,#11954,#11955,#11956,
    #11957,#11958),.UNSPECIFIED.,.F.,.F.,(6,6),(0.,1.),
  .PIECEWISE_BEZIER_KNOTS.);
#11953 = CARTESIAN_POINT('',(0.871957901301,-0.99373657085));
#11954 = CARTESIAN_POINT('',(1.316599751132,-0.619841229084));
#11955 = CARTESIAN_POINT('',(1.424307241801,-6.059063996195E-02));
#11956 = CARTESIAN_POINT('',(1.427399198067,0.642909873197));
#11957 = CARTESIAN_POINT('',(0.956385737935,1.087635144896));
#11958 = CARTESIAN_POINT('',(0.433329302037,1.261306145953));
#11959 = ( GEOMETRIC_REPRESENTATION_CONTEXT(2) 
PARAMETRIC_REPRESENTATION_CONTEXT() REPRESENTATION_CONTEXT('2D SPACE',''
  ) );
#11960 = ORIENTED_EDGE('',*,*,#11961,.F.);
#11961 = EDGE_CURVE('',#11962,#11933,#11964,.T.);
#11962 = VERTEX_POINT('',#11963);
#11963 = CARTESIAN_POINT('',(57.681824600328,16.803461726721,3.));
#11964 = SURFACE_CURVE('',#11965,(#11969,#11976),.PCURVE_S1.);
#11965 = LINE('',#11966,#11967);
#11966 = CARTESIAN_POINT('',(57.681824600328,16.803461726721,3.));
#11967 = VECTOR('',#11968,1.);
#11968 = DIRECTION('',(0.,0.,1.));
#11969 = PCURVE('',#11879,#11970);
#11970 = DEFINITIONAL_REPRESENTATION('',(#11971),#11975);
#11971 = LINE('',#11972,#11973);
#11972 = CARTESIAN_POINT('',(1.,0.));
#11973 = VECTOR('',#11974,1.);
#11974 = DIRECTION('',(0.,-1.));
#11975 = ( GEOMETRIC_REPRESENTATION_CONTEXT(2) 
PARAMETRIC_REPRESENTATION_CONTEXT() REPRESENTATION_CONTEXT('2D SPACE',''
  ) );
#11976 = PCURVE('',#11814,#11977);
#11977 = DEFINITIONAL_REPRESENTATION('',(#11978),#11982);
#11978 = LINE('',#11979,#11980);
#11979 = CARTESIAN_POINT('',(0.,0.));
#11980 = VECTOR('',#11981,1.);
#11981 = DIRECTION('',(0.,-1.));
#11982 = ( GEOMETRIC_REPRESENTATION_CONTEXT(2) 
PARAMETRIC_REPRESENTATION_CONTEXT() REPRESENTATION_CONTEXT('2D SPACE',''
  ) );
#11983 = ORIENTED_EDGE('',*,*,#11984,.F.);
#11984 = EDGE_CURVE('',#11864,#11962,#11985,.T.);
#11985 = SURFACE_CURVE('',#11986,(#11993,#12000),.PCURVE_S1.);
#11986 = B_SPLINE_CURVE_WITH_KNOTS('',5,(#11987,#11988,#11989,#11990,
    #11991,#11992),.UNSPECIFIED.,.F.,.F.,(6,6),(0.,1.),
  .PIECEWISE_BEZIER_KNOTS.);
#11987 = CARTESIAN_POINT('',(59.936867317131,17.242090325986,3.));
#11988 = CARTESIAN_POINT('',(59.562971975364,17.686732175817,3.));
#11989 = CARTESIAN_POINT('',(59.003721386243,17.794439666485,3.));
#11990 = CARTESIAN_POINT('',(58.300220873084,17.797531622752,3.));
#11991 = CARTESIAN_POINT('',(57.855495601385,17.326518162619,3.));
#11992 = CARTESIAN_POINT('',(57.681824600328,16.803461726721,3.));
#11993 = PCURVE('',#11879,#11994);
#11994 = DEFINITIONAL_REPRESENTATION('',(#11995),#11999);
#11995 = LINE('',#11996,#11997);
#11996 = CARTESIAN_POINT('',(0.,0.));
#11997 = VECTOR('',#11998,1.);
#11998 = DIRECTION('',(1.,0.));
#11999 = ( GEOMETRIC_REPRESENTATION_CONTEXT(2) 
PARAMETRIC_REPRESENTATION_CONTEXT() REPRESENTATION_CONTEXT('2D SPACE',''
  ) );
#12000 = PCURVE('',#11913,#12001);
#12001 = DEFINITIONAL_REPRESENTATION('',(#12002),#12009);
#12002 = B_SPLINE_CURVE_WITH_KNOTS('',5,(#12003,#12004,#12005,#12006,
    #12007,#12008),.UNSPECIFIED.,.F.,.F.,(6,6),(0.,1.),
  .PIECEWISE_BEZIER_KNOTS.);
#12003 = CARTESIAN_POINT('',(0.871957901301,-0.99373657085));
#12004 = CARTESIAN_POINT('',(1.316599751132,-0.619841229084));
#12005 = CARTESIAN_POINT('',(1.424307241801,-6.059063996195E-02));
#12006 = CARTESIAN_POINT('',(1.427399198067,0.642909873197));
#12007 = CARTESIAN_POINT('',(0.956385737935,1.087635144896));
#12008 = CARTESIAN_POINT('',(0.433329302037,1.261306145953));
#12009 = ( GEOMETRIC_REPRESENTATION_CONTEXT(2) 
PARAMETRIC_REPRESENTATION_CONTEXT() REPRESENTATION_CONTEXT('2D SPACE',''
  ) );
#12010 = ADVANCED_FACE('',(#12011),#11814,.F.);
#12011 = FACE_BOUND('',#12012,.F.);
#12012 = EDGE_LOOP('',(#12013,#12014,#12037,#12038));
#12013 = ORIENTED_EDGE('',*,*,#11961,.T.);
#12014 = ORIENTED_EDGE('',*,*,#12015,.T.);
#12015 = EDGE_CURVE('',#11933,#11789,#12016,.T.);
#12016 = SURFACE_CURVE('',#12017,(#12022,#12029),.PCURVE_S1.);
#12017 = B_SPLINE_CURVE_WITH_KNOTS('',3,(#12018,#12019,#12020,#12021),
  .UNSPECIFIED.,.F.,.F.,(4,4),(0.,1.),.PIECEWISE_BEZIER_KNOTS.);
#12018 = CARTESIAN_POINT('',(57.681824600328,16.803461726721,4.2));
#12019 = CARTESIAN_POINT('',(57.384957028622,15.76685098247,4.2));
#12020 = CARTESIAN_POINT('',(58.130074749551,14.884884758429,4.2));
#12021 = CARTESIAN_POINT('',(59.207028247116,15.068389663319,4.2));
#12022 = PCURVE('',#11814,#12023);
#12023 = DEFINITIONAL_REPRESENTATION('',(#12024),#12028);
#12024 = LINE('',#12025,#12026);
#12025 = CARTESIAN_POINT('',(0.,-1.2));
#12026 = VECTOR('',#12027,1.);
#12027 = DIRECTION('',(1.,0.));
#12028 = ( GEOMETRIC_REPRESENTATION_CONTEXT(2) 
PARAMETRIC_REPRESENTATION_CONTEXT() REPRESENTATION_CONTEXT('2D SPACE',''
  ) );
#12029 = PCURVE('',#11848,#12030);
#12030 = DEFINITIONAL_REPRESENTATION('',(#12031),#12036);
#12031 = B_SPLINE_CURVE_WITH_KNOTS('',3,(#12032,#12033,#12034,#12035),
  .UNSPECIFIED.,.F.,.F.,(4,4),(0.,1.),.PIECEWISE_BEZIER_KNOTS.);
#12032 = CARTESIAN_POINT('',(0.433329302037,1.261306145953));
#12033 = CARTESIAN_POINT('',(-0.603281442215,1.558173717658));
#12034 = CARTESIAN_POINT('',(-1.485247666255,0.81305599673));
#12035 = CARTESIAN_POINT('',(-1.301742761366,-0.263897500835));
#12036 = ( GEOMETRIC_REPRESENTATION_CONTEXT(2) 
PARAMETRIC_REPRESENTATION_CONTEXT() REPRESENTATION_CONTEXT('2D SPACE',''
  ) );
#12037 = ORIENTED_EDGE('',*,*,#11786,.F.);
#12038 = ORIENTED_EDGE('',*,*,#12039,.F.);
#12039 = EDGE_CURVE('',#11962,#11787,#12040,.T.);
#12040 = SURFACE_CURVE('',#12041,(#12046,#12053),.PCURVE_S1.);
#12041 = B_SPLINE_CURVE_WITH_KNOTS('',3,(#12042,#12043,#12044,#12045),
  .UNSPECIFIED.,.F.,.F.,(4,4),(0.,1.),.PIECEWISE_BEZIER_KNOTS.);
#12042 = CARTESIAN_POINT('',(57.681824600328,16.803461726721,3.));
#12043 = CARTESIAN_POINT('',(57.384957028622,15.76685098247,3.));
#12044 = CARTESIAN_POINT('',(58.130074749551,14.884884758429,3.));
#12045 = CARTESIAN_POINT('',(59.207028247116,15.068389663319,3.));
#12046 = PCURVE('',#11814,#12047);
#12047 = DEFINITIONAL_REPRESENTATION('',(#12048),#12052);
#12048 = LINE('',#12049,#12050);
#12049 = CARTESIAN_POINT('',(0.,0.));
#12050 = VECTOR('',#12051,1.);
#12051 = DIRECTION('',(1.,0.));
#12052 = ( GEOMETRIC_REPRESENTATION_CONTEXT(2) 
PARAMETRIC_REPRESENTATION_CONTEXT() REPRESENTATION_CONTEXT('2D SPACE',''
  ) );
#12053 = PCURVE('',#11913,#12054);
#12054 = DEFINITIONAL_REPRESENTATION('',(#12055),#12060);
#12055 = B_SPLINE_CURVE_WITH_KNOTS('',3,(#12056,#12057,#12058,#12059),
  .UNSPECIFIED.,.F.,.F.,(4,4),(0.,1.),.PIECEWISE_BEZIER_KNOTS.);
#12056 = CARTESIAN_POINT('',(0.433329302037,1.261306145953));
#12057 = CARTESIAN_POINT('',(-0.603281442215,1.558173717658));
#12058 = CARTESIAN_POINT('',(-1.485247666255,0.81305599673));
#12059 = CARTESIAN_POINT('',(-1.301742761366,-0.263897500835));
#12060 = ( GEOMETRIC_REPRESENTATION_CONTEXT(2) 
PARAMETRIC_REPRESENTATION_CONTEXT() REPRESENTATION_CONTEXT('2D SPACE',''
  ) );
#12061 = ADVANCED_FACE('',(#12062),#11913,.F.);
#12062 = FACE_BOUND('',#12063,.F.);
#12063 = EDGE_LOOP('',(#12064,#12065,#12066));
#12064 = ORIENTED_EDGE('',*,*,#11896,.T.);
#12065 = ORIENTED_EDGE('',*,*,#11984,.T.);
#12066 = ORIENTED_EDGE('',*,*,#12039,.T.);
#12067 = ADVANCED_FACE('',(#12068),#11848,.T.);
#12068 = FACE_BOUND('',#12069,.T.);
#12069 = EDGE_LOOP('',(#12070,#12071,#12072));
#12070 = ORIENTED_EDGE('',*,*,#11829,.T.);
#12071 = ORIENTED_EDGE('',*,*,#11932,.T.);
#12072 = ORIENTED_EDGE('',*,*,#12015,.T.);
#12073 = MANIFOLD_SOLID_BREP('',#12074);
#12074 = CLOSED_SHELL('',(#12075,#12353,#12771,#12858,#13097,#13104));
#12075 = ADVANCED_FACE('',(#12076),#12090,.F.);
#12076 = FACE_BOUND('',#12077,.F.);
#12077 = EDGE_LOOP('',(#12078,#12169,#12205,#12319));
#12078 = ORIENTED_EDGE('',*,*,#12079,.T.);
#12079 = EDGE_CURVE('',#12080,#12082,#12084,.T.);
#12080 = VERTEX_POINT('',#12081);
#12081 = CARTESIAN_POINT('',(51.986343843752,12.002350446253,3.));
#12082 = VERTEX_POINT('',#12083);
#12083 = CARTESIAN_POINT('',(51.986343843752,12.002350446253,4.2));
#12084 = SURFACE_CURVE('',#12085,(#12089,#12107),.PCURVE_S1.);
#12085 = LINE('',#12086,#12087);
#12086 = CARTESIAN_POINT('',(51.986343843752,12.002350446253,3.));
#12087 = VECTOR('',#12088,1.);
#12088 = DIRECTION('',(0.,0.,1.));
#12089 = PCURVE('',#12090,#12101);
#12090 = SURFACE_OF_LINEAR_EXTRUSION('',#12091,#12099);
#12091 = B_SPLINE_CURVE_WITH_KNOTS('',6,(#12092,#12093,#12094,#12095,
    #12096,#12097,#12098),.UNSPECIFIED.,.F.,.F.,(7,7),(0.,1.),
  .PIECEWISE_BEZIER_KNOTS.);
#12092 = CARTESIAN_POINT('',(51.986343843752,12.002350446253,3.));
#12093 = CARTESIAN_POINT('',(52.038747850262,12.298179139466,3.));
#12094 = CARTESIAN_POINT('',(52.039948975014,12.602255707206,3.));
#12095 = CARTESIAN_POINT('',(52.113943295442,12.894453258237,3.));
#12096 = CARTESIAN_POINT('',(52.11973236918,13.19786815093,3.));
#12097 = CARTESIAN_POINT('',(52.166885967361,13.494445405361,3.));
#12098 = CARTESIAN_POINT('',(52.199077566882,13.793504356224,3.));
#12099 = VECTOR('',#12100,1.);
#12100 = DIRECTION('',(-0.,-0.,-1.));
#12101 = DEFINITIONAL_REPRESENTATION('',(#12102),#12106);
#12102 = LINE('',#12103,#12104);
#12103 = CARTESIAN_POINT('',(0.,0.));
#12104 = VECTOR('',#12105,1.);
#12105 = DIRECTION('',(0.,-1.));
#12106 = ( GEOMETRIC_REPRESENTATION_CONTEXT(2) 
PARAMETRIC_REPRESENTATION_CONTEXT() REPRESENTATION_CONTEXT('2D SPACE',''
  ) );
#12107 = PCURVE('',#12108,#12163);
#12108 = SURFACE_OF_LINEAR_EXTRUSION('',#12109,#12161);
#12109 = B_SPLINE_CURVE_WITH_KNOTS('',8,(#12110,#12111,#12112,#12113,
    #12114,#12115,#12116,#12117,#12118,#12119,#12120,#12121,#12122,
    #12123,#12124,#12125,#12126,#12127,#12128,#12129,#12130,#12131,
    #12132,#12133,#12134,#12135,#12136,#12137,#12138,#12139,#12140,
    #12141,#12142,#12143,#12144,#12145,#12146,#12147,#12148,#12149,
    #12150,#12151,#12152,#12153,#12154,#12155,#12156,#12157,#12158,
    #12159,#12160),.UNSPECIFIED.,.F.,.F.,(9,6,6,6,6,6,6,6,9),(0.,
    0.122782914114,0.260919281727,0.372959530899,0.500275569938,
    0.62504587647,0.749336605983,0.869340871166,1.),.UNSPECIFIED.);
#12110 = CARTESIAN_POINT('',(45.101805579799,5.333521842961,3.));
#12111 = CARTESIAN_POINT('',(45.412425503092,5.268256362903,3.));
#12112 = CARTESIAN_POINT('',(45.726643795654,5.216445684821,3.));
#12113 = CARTESIAN_POINT('',(46.041003911506,5.180517657241,3.));
#12114 = CARTESIAN_POINT('',(46.358828939612,5.145548178989,3.));
#12115 = CARTESIAN_POINT('',(46.674179316848,5.126467369283,3.));
#12116 = CARTESIAN_POINT('',(46.992432299028,5.110942091238,3.));
#12117 = CARTESIAN_POINT('',(47.666221259941,5.090240637814,3.));
#12118 = CARTESIAN_POINT('',(48.341867418753,5.090020982236,3.));
#12119 = CARTESIAN_POINT('',(48.697211949434,5.087044877609,
    2.999999999999));
#12120 = CARTESIAN_POINT('',(49.058341912248,5.119637445304,
    3.000000000002));
#12121 = CARTESIAN_POINT('',(49.410257977318,5.140420086711,
    2.999999999998));
#12122 = CARTESIAN_POINT('',(49.767962837746,5.193298165483,
    3.000000000001));
#12123 = CARTESIAN_POINT('',(50.40317407219,5.315874532869,
    2.999999999999));
#12124 = CARTESIAN_POINT('',(51.015973652547,5.534326619497,
    3.000000000001));
#12125 = CARTESIAN_POINT('',(51.277772166563,5.652165531777,
    2.999999999998));
#12126 = CARTESIAN_POINT('',(51.539653166596,5.800879505965,
    3.000000000002));
#12127 = CARTESIAN_POINT('',(51.764741337683,5.982861804122,
    2.999999999999));
#12128 = CARTESIAN_POINT('',(51.968488382074,6.206623547673,3.));
#12129 = CARTESIAN_POINT('',(52.294252694764,6.73815697833,3.));
#12130 = CARTESIAN_POINT('',(52.440480319265,7.351475921743,3.));
#12131 = CARTESIAN_POINT('',(52.452662383212,7.686666663278,
    3.000000000001));
#12132 = CARTESIAN_POINT('',(52.449250239867,8.012062900774,
    2.999999999998));
#12133 = CARTESIAN_POINT('',(52.437089112463,8.350231908131,
    3.000000000002));
#12134 = CARTESIAN_POINT('',(52.313958541573,8.677920071087,
    2.999999999999));
#12135 = CARTESIAN_POINT('',(51.98276104294,9.249184691633,
    3.000000000001));
#12136 = CARTESIAN_POINT('',(51.427939379577,9.635818313857,3.));
#12137 = CARTESIAN_POINT('',(51.183772778912,9.796783096915,
    3.000000000001));
#12138 = CARTESIAN_POINT('',(50.786186279182,9.907059683383,
    2.999999999998));
#12139 = CARTESIAN_POINT('',(50.613781946433,10.043041638712,
    3.000000000001));
#12140 = CARTESIAN_POINT('',(50.195546043329,10.100060718723,
    2.999999999999));
#12141 = CARTESIAN_POINT('',(49.657682817053,10.268564437205,
    3.000000000001));
#12142 = CARTESIAN_POINT('',(48.934386078786,10.440086961359,
    2.999999999999));
#12143 = CARTESIAN_POINT('',(48.890224391438,10.507678547038,
    3.000000000002));
#12144 = CARTESIAN_POINT('',(47.998312371406,10.609497995323,
    2.999999999998));
#12145 = CARTESIAN_POINT('',(48.389580107477,10.729008558766,
    3.000000000001));
#12146 = CARTESIAN_POINT('',(47.622411669388,10.69401221787,3.));
#12147 = CARTESIAN_POINT('',(47.126417876661,11.015674397305,3.));
#12148 = CARTESIAN_POINT('',(47.308100919349,11.947360117666,3.));
#12149 = CARTESIAN_POINT('',(47.81153749348,11.823349147238,
    2.999999999998));
#12150 = CARTESIAN_POINT('',(48.086947330118,12.101388665579,
    3.000000000003));
#12151 = CARTESIAN_POINT('',(48.298732559829,11.996089275299,
    2.999999999997));
#12152 = CARTESIAN_POINT('',(48.689522781134,12.0906149486,
    3.000000000001));
#12153 = CARTESIAN_POINT('',(49.290744028974,12.104678984629,
    2.999999999998));
#12154 = CARTESIAN_POINT('',(49.982424428502,12.128356816262,
    3.000000000002));
#12155 = CARTESIAN_POINT('',(50.257924555201,12.098911212672,
    2.999999999995));
#12156 = CARTESIAN_POINT('',(50.689866341883,12.113713257647,
    3.000000000006));
#12157 = CARTESIAN_POINT('',(50.938691405494,12.079785371177,
    2.999999999995));
#12158 = CARTESIAN_POINT('',(51.329119772039,12.062823662131,
    3.000000000002));
#12159 = CARTESIAN_POINT('',(51.646571513478,12.03286392768,3.));
#12160 = CARTESIAN_POINT('',(51.986343843752,12.002350446253,3.));
#12161 = VECTOR('',#12162,1.);
#12162 = DIRECTION('',(-0.,-0.,-1.));
#12163 = DEFINITIONAL_REPRESENTATION('',(#12164),#12168);
#12164 = LINE('',#12165,#12166);
#12165 = CARTESIAN_POINT('',(1.,0.));
#12166 = VECTOR('',#12167,1.);
#12167 = DIRECTION('',(0.,-1.));
#12168 = ( GEOMETRIC_REPRESENTATION_CONTEXT(2) 
PARAMETRIC_REPRESENTATION_CONTEXT() REPRESENTATION_CONTEXT('2D SPACE',''
  ) );
#12169 = ORIENTED_EDGE('',*,*,#12170,.T.);
#12170 = EDGE_CURVE('',#12082,#12171,#12173,.T.);
#12171 = VERTEX_POINT('',#12172);
#12172 = CARTESIAN_POINT('',(52.199077566882,13.793504356224,4.2));
#12173 = SURFACE_CURVE('',#12174,(#12182,#12189),.PCURVE_S1.);
#12174 = B_SPLINE_CURVE_WITH_KNOTS('',6,(#12175,#12176,#12177,#12178,
    #12179,#12180,#12181),.UNSPECIFIED.,.F.,.F.,(7,7),(0.,1.),
  .PIECEWISE_BEZIER_KNOTS.);
#12175 = CARTESIAN_POINT('',(51.986343843752,12.002350446253,4.2));
#12176 = CARTESIAN_POINT('',(52.038747850262,12.298179139466,4.2));
#12177 = CARTESIAN_POINT('',(52.039948975014,12.602255707206,4.2));
#12178 = CARTESIAN_POINT('',(52.113943295442,12.894453258237,4.2));
#12179 = CARTESIAN_POINT('',(52.11973236918,13.19786815093,4.2));
#12180 = CARTESIAN_POINT('',(52.166885967361,13.494445405361,4.2));
#12181 = CARTESIAN_POINT('',(52.199077566882,13.793504356224,4.2));
#12182 = PCURVE('',#12090,#12183);
#12183 = DEFINITIONAL_REPRESENTATION('',(#12184),#12188);
#12184 = LINE('',#12185,#12186);
#12185 = CARTESIAN_POINT('',(0.,-1.2));
#12186 = VECTOR('',#12187,1.);
#12187 = DIRECTION('',(1.,0.));
#12188 = ( GEOMETRIC_REPRESENTATION_CONTEXT(2) 
PARAMETRIC_REPRESENTATION_CONTEXT() REPRESENTATION_CONTEXT('2D SPACE',''
  ) );
#12189 = PCURVE('',#12190,#12195);
#12190 = PLANE('',#12191);
#12191 = AXIS2_PLACEMENT_3D('',#12192,#12193,#12194);
#12192 = CARTESIAN_POINT('',(48.758097149261,9.481704977962,4.2));
#12193 = DIRECTION('',(0.,0.,1.));
#12194 = DIRECTION('',(1.,0.,-0.));
#12195 = DEFINITIONAL_REPRESENTATION('',(#12196),#12204);
#12196 = B_SPLINE_CURVE_WITH_KNOTS('',6,(#12197,#12198,#12199,#12200,
    #12201,#12202,#12203),.UNSPECIFIED.,.F.,.F.,(7,7),(0.,1.),
  .PIECEWISE_BEZIER_KNOTS.);
#12197 = CARTESIAN_POINT('',(3.228246694491,2.52064546829));
#12198 = CARTESIAN_POINT('',(3.280650701001,2.816474161504));
#12199 = CARTESIAN_POINT('',(3.281851825753,3.120550729244));
#12200 = CARTESIAN_POINT('',(3.355846146181,3.412748280275));
#12201 = CARTESIAN_POINT('',(3.361635219919,3.716163172968));
#12202 = CARTESIAN_POINT('',(3.4087888181,4.012740427399));
#12203 = CARTESIAN_POINT('',(3.440980417621,4.311799378262));
#12204 = ( GEOMETRIC_REPRESENTATION_CONTEXT(2) 
PARAMETRIC_REPRESENTATION_CONTEXT() REPRESENTATION_CONTEXT('2D SPACE',''
  ) );
#12205 = ORIENTED_EDGE('',*,*,#12206,.F.);
#12206 = EDGE_CURVE('',#12207,#12171,#12209,.T.);
#12207 = VERTEX_POINT('',#12208);
#12208 = CARTESIAN_POINT('',(52.199077566882,13.793504356224,3.));
#12209 = SURFACE_CURVE('',#12210,(#12214,#12221),.PCURVE_S1.);
#12210 = LINE('',#12211,#12212);
#12211 = CARTESIAN_POINT('',(52.199077566882,13.793504356224,3.));
#12212 = VECTOR('',#12213,1.);
#12213 = DIRECTION('',(0.,0.,1.));
#12214 = PCURVE('',#12090,#12215);
#12215 = DEFINITIONAL_REPRESENTATION('',(#12216),#12220);
#12216 = LINE('',#12217,#12218);
#12217 = CARTESIAN_POINT('',(1.,0.));
#12218 = VECTOR('',#12219,1.);
#12219 = DIRECTION('',(0.,-1.));
#12220 = ( GEOMETRIC_REPRESENTATION_CONTEXT(2) 
PARAMETRIC_REPRESENTATION_CONTEXT() REPRESENTATION_CONTEXT('2D SPACE',''
  ) );
#12221 = PCURVE('',#12222,#12313);
#12222 = SURFACE_OF_LINEAR_EXTRUSION('',#12223,#12311);
#12223 = B_SPLINE_CURVE_WITH_KNOTS('',8,(#12224,#12225,#12226,#12227,
    #12228,#12229,#12230,#12231,#12232,#12233,#12234,#12235,#12236,
    #12237,#12238,#12239,#12240,#12241,#12242,#12243,#12244,#12245,
    #12246,#12247,#12248,#12249,#12250,#12251,#12252,#12253,#12254,
    #12255,#12256,#12257,#12258,#12259,#12260,#12261,#12262,#12263,
    #12264,#12265,#12266,#12267,#12268,#12269,#12270,#12271,#12272,
    #12273,#12274,#12275,#12276,#12277,#12278,#12279,#12280,#12281,
    #12282,#12283,#12284,#12285,#12286,#12287,#12288,#12289,#12290,
    #12291,#12292,#12293,#12294,#12295,#12296,#12297,#12298,#12299,
    #12300,#12301,#12302,#12303,#12304,#12305,#12306,#12307,#12308,
    #12309,#12310),.UNSPECIFIED.,.F.,.F.,(9,6,6,6,6,6,6,6,6,6,6,6,6,6,9)
  ,(0.,7.076769560575E-02,0.149864915995,0.226827208278,0.286497980682,
    0.355515582136,0.430850143716,0.497365589616,0.571568158562,
    0.643099954677,0.715082256895,0.784436614701,0.855291505905,
    0.927908701697,1.),.UNSPECIFIED.);
#12224 = CARTESIAN_POINT('',(52.199077566882,13.793504356224,3.));
#12225 = CARTESIAN_POINT('',(52.143996068414,13.869152681715,3.));
#12226 = CARTESIAN_POINT('',(51.499679849386,13.799400593634,
    2.999999999999));
#12227 = CARTESIAN_POINT('',(52.179738560659,13.933851688246,
    3.000000000001));
#12228 = CARTESIAN_POINT('',(51.010343669983,13.853253742092,
    2.999999999998));
#12229 = CARTESIAN_POINT('',(51.543992608199,13.926991831178,
    3.000000000001));
#12230 = CARTESIAN_POINT('',(51.059634423868,13.921954699374,3.));
#12231 = CARTESIAN_POINT('',(50.788994105066,13.954210483667,3.));
#12232 = CARTESIAN_POINT('',(50.30020177981,13.964097798894,3.));
#12233 = CARTESIAN_POINT('',(50.238081512082,13.977277316649,3.));
#12234 = CARTESIAN_POINT('',(49.834705225946,13.967765085792,3.));
#12235 = CARTESIAN_POINT('',(49.799620262843,13.977860602732,3.));
#12236 = CARTESIAN_POINT('',(49.51455387826,13.969394441428,3.));
#12237 = CARTESIAN_POINT('',(49.146928229341,13.959502613437,3.));
#12238 = CARTESIAN_POINT('',(48.71738129864,13.930765009769,3.));
#12239 = CARTESIAN_POINT('',(48.558232657212,13.917806535668,3.));
#12240 = CARTESIAN_POINT('',(48.306251021413,13.89079954022,3.));
#12241 = CARTESIAN_POINT('',(48.156510296715,13.871282417201,3.));
#12242 = CARTESIAN_POINT('',(47.937411355839,13.837286929271,3.));
#12243 = CARTESIAN_POINT('',(47.601127357655,13.773975245606,3.));
#12244 = CARTESIAN_POINT('',(47.253050996033,13.686028436935,3.));
#12245 = CARTESIAN_POINT('',(47.114145795035,13.645547430374,
    2.999999999999));
#12246 = CARTESIAN_POINT('',(46.955222698767,13.59494620886,
    3.000000000001));
#12247 = CARTESIAN_POINT('',(46.821314354737,13.544581225517,
    2.999999999999));
#12248 = CARTESIAN_POINT('',(46.674589678551,13.483536547832,3.));
#12249 = CARTESIAN_POINT('',(46.377632336604,13.340099661835,
    2.999999999999));
#12250 = CARTESIAN_POINT('',(46.097663347423,13.158132814564,
    3.000000000001));
#12251 = CARTESIAN_POINT('',(45.958608538828,13.049720353145,
    2.999999999998));
#12252 = CARTESIAN_POINT('',(45.823628249951,12.928211382424,
    3.000000000002));
#12253 = CARTESIAN_POINT('',(45.706281630007,12.793689769227,
    2.999999999999));
#12254 = CARTESIAN_POINT('',(45.60045678296,12.649429494842,3.));
#12255 = CARTESIAN_POINT('',(45.413986175513,12.324809241471,3.));
#12256 = CARTESIAN_POINT('',(45.295877836258,11.972086028617,3.));
#12257 = CARTESIAN_POINT('',(45.253885906945,11.776574848746,3.));
#12258 = CARTESIAN_POINT('',(45.225040160716,11.592573660685,
    3.000000000001));
#12259 = CARTESIAN_POINT('',(45.220858659444,11.387407998888,
    2.999999999999));
#12260 = CARTESIAN_POINT('',(45.215871072233,11.19991379652,3.));
#12261 = CARTESIAN_POINT('',(45.243024703519,10.829830323358,3.));
#12262 = CARTESIAN_POINT('',(45.332616304971,10.47869262299,3.));
#12263 = CARTESIAN_POINT('',(45.391713487275,10.309042369077,
    2.999999999999));
#12264 = CARTESIAN_POINT('',(45.47065443874,10.167394959291,
    3.000000000002));
#12265 = CARTESIAN_POINT('',(45.562396115669,10.006404270164,
    2.999999999999));
#12266 = CARTESIAN_POINT('',(45.68601990573,9.888401420013,3.));
#12267 = CARTESIAN_POINT('',(45.955180811047,9.645764400193,3.));
#12268 = CARTESIAN_POINT('',(46.268573314832,9.455979486229,3.));
#12269 = CARTESIAN_POINT('',(46.431960659396,9.369916645973,
    2.999999999999));
#12270 = CARTESIAN_POINT('',(46.619428963635,9.287418778276,
    3.000000000001));
#12271 = CARTESIAN_POINT('',(46.787424718242,9.226612286229,
    2.999999999999));
#12272 = CARTESIAN_POINT('',(46.972864726435,9.158760381815,3.));
#12273 = CARTESIAN_POINT('',(47.334046128861,9.062644966428,3.));
#12274 = CARTESIAN_POINT('',(47.694678878447,8.958751451248,3.));
#12275 = CARTESIAN_POINT('',(47.877575699222,8.912345051577,3.));
#12276 = CARTESIAN_POINT('',(48.039366660583,8.859990876656,3.));
#12277 = CARTESIAN_POINT('',(48.238902385926,8.811738164116,3.));
#12278 = CARTESIAN_POINT('',(48.398303868022,8.762674550256,3.));
#12279 = CARTESIAN_POINT('',(48.769634090311,8.662432455102,3.));
#12280 = CARTESIAN_POINT('',(49.106186477264,8.56489134706,3.));
#12281 = CARTESIAN_POINT('',(49.337338906006,8.508659986554,3.));
#12282 = CARTESIAN_POINT('',(49.4002632948,8.480047071966,3.000000000001
    ));
#12283 = CARTESIAN_POINT('',(49.71407044539,8.386538316281,3.));
#12284 = CARTESIAN_POINT('',(49.810980988372,8.397048966938,3.));
#12285 = CARTESIAN_POINT('',(50.205415510001,8.227798482963,3.));
#12286 = CARTESIAN_POINT('',(50.38717702145,7.924850313784,3.));
#12287 = CARTESIAN_POINT('',(50.311982056625,7.666569274123,3.));
#12288 = CARTESIAN_POINT('',(50.463192302025,7.537280596358,
    3.000000000001));
#12289 = CARTESIAN_POINT('',(50.190441078925,7.318789630489,
    2.999999999999));
#12290 = CARTESIAN_POINT('',(50.075134762089,7.250433638981,3.));
#12291 = CARTESIAN_POINT('',(49.744229604383,7.09677464381,3.));
#12292 = CARTESIAN_POINT('',(49.381978052717,7.028554469344,3.));
#12293 = CARTESIAN_POINT('',(49.224267599687,7.001306538738,
    2.999999999999));
#12294 = CARTESIAN_POINT('',(48.994855175331,6.978880689527,
    3.000000000001));
#12295 = CARTESIAN_POINT('',(48.865360711789,6.971007731159,
    2.999999999999));
#12296 = CARTESIAN_POINT('',(48.651236255042,6.956770271004,3.));
#12297 = CARTESIAN_POINT('',(48.300316138651,6.949256142646,3.));
#12298 = CARTESIAN_POINT('',(47.912901652126,6.945206435445,3.));
#12299 = CARTESIAN_POINT('',(47.753201834959,6.958455730386,3.));
#12300 = CARTESIAN_POINT('',(47.529998238266,6.954549052459,3.));
#12301 = CARTESIAN_POINT('',(47.36605267548,6.986819511653,3.));
#12302 = CARTESIAN_POINT('',(47.178711273342,6.985815117645,3.));
#12303 = CARTESIAN_POINT('',(46.795314743982,7.035299179445,3.));
#12304 = CARTESIAN_POINT('',(46.446744853232,7.056728130142,3.));
#12305 = CARTESIAN_POINT('',(46.16449798165,7.141392935333,
    3.000000000001));
#12306 = CARTESIAN_POINT('',(46.266796393304,6.992067417591,
    2.999999999998));
#12307 = CARTESIAN_POINT('',(45.618779789908,7.287858025041,
    3.000000000002));
#12308 = CARTESIAN_POINT('',(45.89547042651,7.032398078514,
    2.999999999999));
#12309 = CARTESIAN_POINT('',(45.435935678147,7.245092687147,3.));
#12310 = CARTESIAN_POINT('',(45.329433309884,7.189835542673,3.));
#12311 = VECTOR('',#12312,1.);
#12312 = DIRECTION('',(-0.,-0.,-1.));
#12313 = DEFINITIONAL_REPRESENTATION('',(#12314),#12318);
#12314 = LINE('',#12315,#12316);
#12315 = CARTESIAN_POINT('',(0.,0.));
#12316 = VECTOR('',#12317,1.);
#12317 = DIRECTION('',(0.,-1.));
#12318 = ( GEOMETRIC_REPRESENTATION_CONTEXT(2) 
PARAMETRIC_REPRESENTATION_CONTEXT() REPRESENTATION_CONTEXT('2D SPACE',''
  ) );
#12319 = ORIENTED_EDGE('',*,*,#12320,.F.);
#12320 = EDGE_CURVE('',#12080,#12207,#12321,.T.);
#12321 = SURFACE_CURVE('',#12322,(#12330,#12337),.PCURVE_S1.);
#12322 = B_SPLINE_CURVE_WITH_KNOTS('',6,(#12323,#12324,#12325,#12326,
    #12327,#12328,#12329),.UNSPECIFIED.,.F.,.F.,(7,7),(0.,1.),
  .PIECEWISE_BEZIER_KNOTS.);
#12323 = CARTESIAN_POINT('',(51.986343843752,12.002350446253,3.));
#12324 = CARTESIAN_POINT('',(52.038747850262,12.298179139466,3.));
#12325 = CARTESIAN_POINT('',(52.039948975014,12.602255707206,3.));
#12326 = CARTESIAN_POINT('',(52.113943295442,12.894453258237,3.));
#12327 = CARTESIAN_POINT('',(52.11973236918,13.19786815093,3.));
#12328 = CARTESIAN_POINT('',(52.166885967361,13.494445405361,3.));
#12329 = CARTESIAN_POINT('',(52.199077566882,13.793504356224,3.));
#12330 = PCURVE('',#12090,#12331);
#12331 = DEFINITIONAL_REPRESENTATION('',(#12332),#12336);
#12332 = LINE('',#12333,#12334);
#12333 = CARTESIAN_POINT('',(0.,0.));
#12334 = VECTOR('',#12335,1.);
#12335 = DIRECTION('',(1.,0.));
#12336 = ( GEOMETRIC_REPRESENTATION_CONTEXT(2) 
PARAMETRIC_REPRESENTATION_CONTEXT() REPRESENTATION_CONTEXT('2D SPACE',''
  ) );
#12337 = PCURVE('',#12338,#12343);
#12338 = PLANE('',#12339);
#12339 = AXIS2_PLACEMENT_3D('',#12340,#12341,#12342);
#12340 = CARTESIAN_POINT('',(48.758097149261,9.481704977962,3.));
#12341 = DIRECTION('',(0.,0.,1.));
#12342 = DIRECTION('',(1.,0.,-0.));
#12343 = DEFINITIONAL_REPRESENTATION('',(#12344),#12352);
#12344 = B_SPLINE_CURVE_WITH_KNOTS('',6,(#12345,#12346,#12347,#12348,
    #12349,#12350,#12351),.UNSPECIFIED.,.F.,.F.,(7,7),(0.,1.),
  .PIECEWISE_BEZIER_KNOTS.);
#12345 = CARTESIAN_POINT('',(3.228246694491,2.52064546829));
#12346 = CARTESIAN_POINT('',(3.280650701001,2.816474161504));
#12347 = CARTESIAN_POINT('',(3.281851825753,3.120550729244));
#12348 = CARTESIAN_POINT('',(3.355846146181,3.412748280275));
#12349 = CARTESIAN_POINT('',(3.361635219919,3.716163172968));
#12350 = CARTESIAN_POINT('',(3.4087888181,4.012740427399));
#12351 = CARTESIAN_POINT('',(3.440980417621,4.311799378262));
#12352 = ( GEOMETRIC_REPRESENTATION_CONTEXT(2) 
PARAMETRIC_REPRESENTATION_CONTEXT() REPRESENTATION_CONTEXT('2D SPACE',''
  ) );
#12353 = ADVANCED_FACE('',(#12354),#12222,.F.);
#12354 = FACE_BOUND('',#12355,.F.);
#12355 = EDGE_LOOP('',(#12356,#12357,#12548,#12582));
#12356 = ORIENTED_EDGE('',*,*,#12206,.T.);
#12357 = ORIENTED_EDGE('',*,*,#12358,.T.);
#12358 = EDGE_CURVE('',#12171,#12359,#12361,.T.);
#12359 = VERTEX_POINT('',#12360);
#12360 = CARTESIAN_POINT('',(45.329433309884,7.189835542673,4.2));
#12361 = SURFACE_CURVE('',#12362,(#12450,#12457),.PCURVE_S1.);
#12362 = B_SPLINE_CURVE_WITH_KNOTS('',8,(#12363,#12364,#12365,#12366,
    #12367,#12368,#12369,#12370,#12371,#12372,#12373,#12374,#12375,
    #12376,#12377,#12378,#12379,#12380,#12381,#12382,#12383,#12384,
    #12385,#12386,#12387,#12388,#12389,#12390,#12391,#12392,#12393,
    #12394,#12395,#12396,#12397,#12398,#12399,#12400,#12401,#12402,
    #12403,#12404,#12405,#12406,#12407,#12408,#12409,#12410,#12411,
    #12412,#12413,#12414,#12415,#12416,#12417,#12418,#12419,#12420,
    #12421,#12422,#12423,#12424,#12425,#12426,#12427,#12428,#12429,
    #12430,#12431,#12432,#12433,#12434,#12435,#12436,#12437,#12438,
    #12439,#12440,#12441,#12442,#12443,#12444,#12445,#12446,#12447,
    #12448,#12449),.UNSPECIFIED.,.F.,.F.,(9,6,6,6,6,6,6,6,6,6,6,6,6,6,9)
  ,(0.,7.076769560575E-02,0.149864915995,0.226827208278,0.286497980682,
    0.355515582136,0.430850143716,0.497365589616,0.571568158562,
    0.643099954677,0.715082256895,0.784436614701,0.855291505905,
    0.927908701697,1.),.UNSPECIFIED.);
#12363 = CARTESIAN_POINT('',(52.199077566882,13.793504356224,4.2));
#12364 = CARTESIAN_POINT('',(52.143996068414,13.869152681715,4.2));
#12365 = CARTESIAN_POINT('',(51.499679849386,13.799400593634,
    4.199999999999));
#12366 = CARTESIAN_POINT('',(52.179738560659,13.933851688246,
    4.200000000001));
#12367 = CARTESIAN_POINT('',(51.010343669983,13.853253742092,
    4.199999999998));
#12368 = CARTESIAN_POINT('',(51.543992608199,13.926991831178,
    4.200000000001));
#12369 = CARTESIAN_POINT('',(51.059634423868,13.921954699374,4.2));
#12370 = CARTESIAN_POINT('',(50.788994105066,13.954210483667,4.2));
#12371 = CARTESIAN_POINT('',(50.30020177981,13.964097798894,4.2));
#12372 = CARTESIAN_POINT('',(50.238081512082,13.977277316649,4.2));
#12373 = CARTESIAN_POINT('',(49.834705225946,13.967765085792,4.2));
#12374 = CARTESIAN_POINT('',(49.799620262843,13.977860602732,4.2));
#12375 = CARTESIAN_POINT('',(49.51455387826,13.969394441428,4.2));
#12376 = CARTESIAN_POINT('',(49.146928229341,13.959502613437,4.2));
#12377 = CARTESIAN_POINT('',(48.71738129864,13.930765009769,4.2));
#12378 = CARTESIAN_POINT('',(48.558232657212,13.917806535668,4.2));
#12379 = CARTESIAN_POINT('',(48.306251021413,13.89079954022,4.2));
#12380 = CARTESIAN_POINT('',(48.156510296715,13.871282417201,4.2));
#12381 = CARTESIAN_POINT('',(47.937411355839,13.837286929271,4.2));
#12382 = CARTESIAN_POINT('',(47.601127357655,13.773975245606,4.2));
#12383 = CARTESIAN_POINT('',(47.253050996033,13.686028436935,4.2));
#12384 = CARTESIAN_POINT('',(47.114145795035,13.645547430374,
    4.199999999999));
#12385 = CARTESIAN_POINT('',(46.955222698767,13.59494620886,
    4.200000000001));
#12386 = CARTESIAN_POINT('',(46.821314354737,13.544581225517,
    4.199999999999));
#12387 = CARTESIAN_POINT('',(46.674589678551,13.483536547832,4.2));
#12388 = CARTESIAN_POINT('',(46.377632336604,13.340099661835,
    4.199999999999));
#12389 = CARTESIAN_POINT('',(46.097663347423,13.158132814564,
    4.200000000001));
#12390 = CARTESIAN_POINT('',(45.958608538828,13.049720353145,
    4.199999999998));
#12391 = CARTESIAN_POINT('',(45.823628249951,12.928211382424,
    4.200000000002));
#12392 = CARTESIAN_POINT('',(45.706281630007,12.793689769227,
    4.199999999999));
#12393 = CARTESIAN_POINT('',(45.60045678296,12.649429494842,4.2));
#12394 = CARTESIAN_POINT('',(45.413986175513,12.324809241471,4.2));
#12395 = CARTESIAN_POINT('',(45.295877836258,11.972086028617,4.2));
#12396 = CARTESIAN_POINT('',(45.253885906945,11.776574848746,4.2));
#12397 = CARTESIAN_POINT('',(45.225040160716,11.592573660685,
    4.200000000001));
#12398 = CARTESIAN_POINT('',(45.220858659444,11.387407998888,
    4.199999999999));
#12399 = CARTESIAN_POINT('',(45.215871072233,11.19991379652,4.2));
#12400 = CARTESIAN_POINT('',(45.243024703519,10.829830323358,4.2));
#12401 = CARTESIAN_POINT('',(45.332616304971,10.47869262299,4.2));
#12402 = CARTESIAN_POINT('',(45.391713487275,10.309042369077,
    4.199999999999));
#12403 = CARTESIAN_POINT('',(45.47065443874,10.167394959291,
    4.200000000002));
#12404 = CARTESIAN_POINT('',(45.562396115669,10.006404270164,
    4.199999999999));
#12405 = CARTESIAN_POINT('',(45.68601990573,9.888401420013,4.2));
#12406 = CARTESIAN_POINT('',(45.955180811047,9.645764400193,4.2));
#12407 = CARTESIAN_POINT('',(46.268573314832,9.455979486229,4.2));
#12408 = CARTESIAN_POINT('',(46.431960659396,9.369916645973,
    4.199999999999));
#12409 = CARTESIAN_POINT('',(46.619428963635,9.287418778276,
    4.200000000001));
#12410 = CARTESIAN_POINT('',(46.787424718242,9.226612286229,
    4.199999999999));
#12411 = CARTESIAN_POINT('',(46.972864726435,9.158760381815,4.2));
#12412 = CARTESIAN_POINT('',(47.334046128861,9.062644966428,4.2));
#12413 = CARTESIAN_POINT('',(47.694678878447,8.958751451248,4.2));
#12414 = CARTESIAN_POINT('',(47.877575699222,8.912345051577,4.2));
#12415 = CARTESIAN_POINT('',(48.039366660583,8.859990876656,4.2));
#12416 = CARTESIAN_POINT('',(48.238902385926,8.811738164116,4.2));
#12417 = CARTESIAN_POINT('',(48.398303868022,8.762674550256,4.2));
#12418 = CARTESIAN_POINT('',(48.769634090311,8.662432455102,4.2));
#12419 = CARTESIAN_POINT('',(49.106186477264,8.56489134706,4.2));
#12420 = CARTESIAN_POINT('',(49.337338906006,8.508659986554,4.2));
#12421 = CARTESIAN_POINT('',(49.4002632948,8.480047071966,4.200000000001
    ));
#12422 = CARTESIAN_POINT('',(49.71407044539,8.386538316281,4.2));
#12423 = CARTESIAN_POINT('',(49.810980988372,8.397048966938,4.2));
#12424 = CARTESIAN_POINT('',(50.205415510001,8.227798482963,4.2));
#12425 = CARTESIAN_POINT('',(50.38717702145,7.924850313784,4.2));
#12426 = CARTESIAN_POINT('',(50.311982056625,7.666569274123,4.2));
#12427 = CARTESIAN_POINT('',(50.463192302025,7.537280596358,
    4.200000000001));
#12428 = CARTESIAN_POINT('',(50.190441078925,7.318789630489,
    4.199999999999));
#12429 = CARTESIAN_POINT('',(50.075134762089,7.250433638981,4.2));
#12430 = CARTESIAN_POINT('',(49.744229604383,7.09677464381,4.2));
#12431 = CARTESIAN_POINT('',(49.381978052717,7.028554469344,4.2));
#12432 = CARTESIAN_POINT('',(49.224267599687,7.001306538738,
    4.199999999999));
#12433 = CARTESIAN_POINT('',(48.994855175331,6.978880689527,
    4.200000000001));
#12434 = CARTESIAN_POINT('',(48.865360711789,6.971007731159,4.2));
#12435 = CARTESIAN_POINT('',(48.651236255042,6.956770271004,4.2));
#12436 = CARTESIAN_POINT('',(48.300316138651,6.949256142646,4.2));
#12437 = CARTESIAN_POINT('',(47.912901652126,6.945206435445,4.2));
#12438 = CARTESIAN_POINT('',(47.753201834959,6.958455730386,4.2));
#12439 = CARTESIAN_POINT('',(47.529998238266,6.954549052459,4.2));
#12440 = CARTESIAN_POINT('',(47.36605267548,6.986819511653,4.2));
#12441 = CARTESIAN_POINT('',(47.178711273342,6.985815117645,4.2));
#12442 = CARTESIAN_POINT('',(46.795314743982,7.035299179445,4.2));
#12443 = CARTESIAN_POINT('',(46.446744853232,7.056728130142,4.2));
#12444 = CARTESIAN_POINT('',(46.16449798165,7.141392935333,
    4.200000000001));
#12445 = CARTESIAN_POINT('',(46.266796393304,6.992067417591,
    4.199999999998));
#12446 = CARTESIAN_POINT('',(45.618779789908,7.287858025041,
    4.200000000002));
#12447 = CARTESIAN_POINT('',(45.89547042651,7.032398078514,
    4.199999999999));
#12448 = CARTESIAN_POINT('',(45.435935678147,7.245092687147,4.2));
#12449 = CARTESIAN_POINT('',(45.329433309884,7.189835542673,4.2));
#12450 = PCURVE('',#12222,#12451);
#12451 = DEFINITIONAL_REPRESENTATION('',(#12452),#12456);
#12452 = LINE('',#12453,#12454);
#12453 = CARTESIAN_POINT('',(0.,-1.2));
#12454 = VECTOR('',#12455,1.);
#12455 = DIRECTION('',(1.,0.));
#12456 = ( GEOMETRIC_REPRESENTATION_CONTEXT(2) 
PARAMETRIC_REPRESENTATION_CONTEXT() REPRESENTATION_CONTEXT('2D SPACE',''
  ) );
#12457 = PCURVE('',#12190,#12458);
#12458 = DEFINITIONAL_REPRESENTATION('',(#12459),#12547);
#12459 = B_SPLINE_CURVE_WITH_KNOTS('',8,(#12460,#12461,#12462,#12463,
    #12464,#12465,#12466,#12467,#12468,#12469,#12470,#12471,#12472,
    #12473,#12474,#12475,#12476,#12477,#12478,#12479,#12480,#12481,
    #12482,#12483,#12484,#12485,#12486,#12487,#12488,#12489,#12490,
    #12491,#12492,#12493,#12494,#12495,#12496,#12497,#12498,#12499,
    #12500,#12501,#12502,#12503,#12504,#12505,#12506,#12507,#12508,
    #12509,#12510,#12511,#12512,#12513,#12514,#12515,#12516,#12517,
    #12518,#12519,#12520,#12521,#12522,#12523,#12524,#12525,#12526,
    #12527,#12528,#12529,#12530,#12531,#12532,#12533,#12534,#12535,
    #12536,#12537,#12538,#12539,#12540,#12541,#12542,#12543,#12544,
    #12545,#12546),.UNSPECIFIED.,.F.,.F.,(9,6,6,6,6,6,6,6,6,6,6,6,6,6,9)
  ,(0.,7.076769560575E-02,0.149864915995,0.226827208278,0.286497980682,
    0.355515582136,0.430850143716,0.497365589616,0.571568158562,
    0.643099954677,0.715082256895,0.784436614701,0.855291505905,
    0.927908701697,1.),.UNSPECIFIED.);
#12460 = CARTESIAN_POINT('',(3.440980417621,4.311799378262));
#12461 = CARTESIAN_POINT('',(3.385898919153,4.387447703752));
#12462 = CARTESIAN_POINT('',(2.741582700125,4.317695615671));
#12463 = CARTESIAN_POINT('',(3.421641411398,4.452146710284));
#12464 = CARTESIAN_POINT('',(2.252246520722,4.37154876413));
#12465 = CARTESIAN_POINT('',(2.785895458938,4.445286853216));
#12466 = CARTESIAN_POINT('',(2.301537274607,4.440249721412));
#12467 = CARTESIAN_POINT('',(2.030896955805,4.472505505705));
#12468 = CARTESIAN_POINT('',(1.542104630549,4.482392820931));
#12469 = CARTESIAN_POINT('',(1.479984362821,4.495572338687));
#12470 = CARTESIAN_POINT('',(1.076608076685,4.48606010783));
#12471 = CARTESIAN_POINT('',(1.041523113582,4.49615562477));
#12472 = CARTESIAN_POINT('',(0.756456728999,4.487689463466));
#12473 = CARTESIAN_POINT('',(0.38883108008,4.477797635474));
#12474 = CARTESIAN_POINT('',(-4.071585062151E-02,4.449060031807));
#12475 = CARTESIAN_POINT('',(-0.199864492049,4.436101557705));
#12476 = CARTESIAN_POINT('',(-0.451846127848,4.409094562257));
#12477 = CARTESIAN_POINT('',(-0.601586852546,4.389577439239));
#12478 = CARTESIAN_POINT('',(-0.820685793422,4.355581951309));
#12479 = CARTESIAN_POINT('',(-1.156969791606,4.292270267643));
#12480 = CARTESIAN_POINT('',(-1.505046153228,4.204323458972));
#12481 = CARTESIAN_POINT('',(-1.643951354226,4.163842452411));
#12482 = CARTESIAN_POINT('',(-1.802874450494,4.113241230898));
#12483 = CARTESIAN_POINT('',(-1.936782794524,4.062876247555));
#12484 = CARTESIAN_POINT('',(-2.08350747071,4.00183156987));
#12485 = CARTESIAN_POINT('',(-2.380464812657,3.858394683873));
#12486 = CARTESIAN_POINT('',(-2.660433801838,3.676427836602));
#12487 = CARTESIAN_POINT('',(-2.799488610433,3.568015375183));
#12488 = CARTESIAN_POINT('',(-2.93446889931,3.446506404462));
#12489 = CARTESIAN_POINT('',(-3.051815519254,3.311984791265));
#12490 = CARTESIAN_POINT('',(-3.157640366301,3.167724516879));
#12491 = CARTESIAN_POINT('',(-3.344110973748,2.843104263508));
#12492 = CARTESIAN_POINT('',(-3.462219313003,2.490381050654));
#12493 = CARTESIAN_POINT('',(-3.504211242316,2.294869870784));
#12494 = CARTESIAN_POINT('',(-3.533056988545,2.110868682723));
#12495 = CARTESIAN_POINT('',(-3.537238489817,1.905703020925));
#12496 = CARTESIAN_POINT('',(-3.542226077028,1.718208818558));
#12497 = CARTESIAN_POINT('',(-3.515072445742,1.348125345396));
#12498 = CARTESIAN_POINT('',(-3.42548084429,0.996987645028));
#12499 = CARTESIAN_POINT('',(-3.366383661986,0.827337391115));
#12500 = CARTESIAN_POINT('',(-3.287442710521,0.685689981328));
#12501 = CARTESIAN_POINT('',(-3.195701033592,0.524699292201));
#12502 = CARTESIAN_POINT('',(-3.072077243531,0.406696442051));
#12503 = CARTESIAN_POINT('',(-2.802916338214,0.164059422231));
#12504 = CARTESIAN_POINT('',(-2.489523834429,-2.572549173313E-02));
#12505 = CARTESIAN_POINT('',(-2.326136489865,-0.11178833199));
#12506 = CARTESIAN_POINT('',(-2.138668185626,-0.194286199686));
#12507 = CARTESIAN_POINT('',(-1.970672431019,-0.255092691734));
#12508 = CARTESIAN_POINT('',(-1.785232422826,-0.322944596148));
#12509 = CARTESIAN_POINT('',(-1.4240510204,-0.419060011534));
#12510 = CARTESIAN_POINT('',(-1.063418270814,-0.522953526715));
#12511 = CARTESIAN_POINT('',(-0.88052145004,-0.569359926385));
#12512 = CARTESIAN_POINT('',(-0.718730488678,-0.621714101307));
#12513 = CARTESIAN_POINT('',(-0.519194763335,-0.669966813847));
#12514 = CARTESIAN_POINT('',(-0.359793281239,-0.719030427706));
#12515 = CARTESIAN_POINT('',(1.153694104971E-02,-0.81927252286));
#12516 = CARTESIAN_POINT('',(0.348089328003,-0.916813630902));
#12517 = CARTESIAN_POINT('',(0.579241756745,-0.973044991408));
#12518 = CARTESIAN_POINT('',(0.642166145539,-1.001657905996));
#12519 = CARTESIAN_POINT('',(0.955973296129,-1.095166661682));
#12520 = CARTESIAN_POINT('',(1.052883839111,-1.084656011024));
#12521 = CARTESIAN_POINT('',(1.44731836074,-1.253906494999));
#12522 = CARTESIAN_POINT('',(1.629079872189,-1.556854664178));
#12523 = CARTESIAN_POINT('',(1.553884907364,-1.815135703839));
#12524 = CARTESIAN_POINT('',(1.705095152764,-1.944424381605));
#12525 = CARTESIAN_POINT('',(1.432343929664,-2.162915347473));
#12526 = CARTESIAN_POINT('',(1.317037612828,-2.231271338981));
#12527 = CARTESIAN_POINT('',(0.986132455122,-2.384930334152));
#12528 = CARTESIAN_POINT('',(0.623880903456,-2.453150508618));
#12529 = CARTESIAN_POINT('',(0.466170450426,-2.480398439224));
#12530 = CARTESIAN_POINT('',(0.23675802607,-2.502824288435));
#12531 = CARTESIAN_POINT('',(0.107263562528,-2.510697246803));
#12532 = CARTESIAN_POINT('',(-0.106860894219,-2.524934706959));
#12533 = CARTESIAN_POINT('',(-0.457781010611,-2.532448835316));
#12534 = CARTESIAN_POINT('',(-0.845195497135,-2.536498542517));
#12535 = CARTESIAN_POINT('',(-1.004895314302,-2.523249247576));
#12536 = CARTESIAN_POINT('',(-1.228098910995,-2.527155925503));
#12537 = CARTESIAN_POINT('',(-1.392044473781,-2.494885466309));
#12538 = CARTESIAN_POINT('',(-1.579385875919,-2.495889860317));
#12539 = CARTESIAN_POINT('',(-1.962782405279,-2.446405798517));
#12540 = CARTESIAN_POINT('',(-2.311352296029,-2.42497684782));
#12541 = CARTESIAN_POINT('',(-2.593599167611,-2.340312042629));
#12542 = CARTESIAN_POINT('',(-2.491300755957,-2.489637560372));
#12543 = CARTESIAN_POINT('',(-3.139317359353,-2.193846952921));
#12544 = CARTESIAN_POINT('',(-2.862626722751,-2.449306899448));
#12545 = CARTESIAN_POINT('',(-3.322161471114,-2.236612290815));
#12546 = CARTESIAN_POINT('',(-3.428663839377,-2.291869435289));
#12547 = ( GEOMETRIC_REPRESENTATION_CONTEXT(2) 
PARAMETRIC_REPRESENTATION_CONTEXT() REPRESENTATION_CONTEXT('2D SPACE',''
  ) );
#12548 = ORIENTED_EDGE('',*,*,#12549,.F.);
#12549 = EDGE_CURVE('',#12550,#12359,#12552,.T.);
#12550 = VERTEX_POINT('',#12551);
#12551 = CARTESIAN_POINT('',(45.329433309884,7.189835542673,3.));
#12552 = SURFACE_CURVE('',#12553,(#12557,#12564),.PCURVE_S1.);
#12553 = LINE('',#12554,#12555);
#12554 = CARTESIAN_POINT('',(45.329433309884,7.189835542673,3.));
#12555 = VECTOR('',#12556,1.);
#12556 = DIRECTION('',(0.,0.,1.));
#12557 = PCURVE('',#12222,#12558);
#12558 = DEFINITIONAL_REPRESENTATION('',(#12559),#12563);
#12559 = LINE('',#12560,#12561);
#12560 = CARTESIAN_POINT('',(1.,0.));
#12561 = VECTOR('',#12562,1.);
#12562 = DIRECTION('',(0.,-1.));
#12563 = ( GEOMETRIC_REPRESENTATION_CONTEXT(2) 
PARAMETRIC_REPRESENTATION_CONTEXT() REPRESENTATION_CONTEXT('2D SPACE',''
  ) );
#12564 = PCURVE('',#12565,#12576);
#12565 = SURFACE_OF_LINEAR_EXTRUSION('',#12566,#12574);
#12566 = B_SPLINE_CURVE_WITH_KNOTS('',6,(#12567,#12568,#12569,#12570,
    #12571,#12572,#12573),.UNSPECIFIED.,.F.,.F.,(7,7),(0.,1.),
  .PIECEWISE_BEZIER_KNOTS.);
#12567 = CARTESIAN_POINT('',(45.329433309884,7.189835542673,3.));
#12568 = CARTESIAN_POINT('',(45.288454144913,6.880698741728,3.));
#12569 = CARTESIAN_POINT('',(45.261450446763,6.570449120922,3.));
#12570 = CARTESIAN_POINT('',(45.19583523611,6.263293473021,3.));
#12571 = CARTESIAN_POINT('',(45.193824003516,5.950993728753,3.));
#12572 = CARTESIAN_POINT('',(45.12402766171,5.644253211192,3.));
#12573 = CARTESIAN_POINT('',(45.101805579799,5.333521842961,3.));
#12574 = VECTOR('',#12575,1.);
#12575 = DIRECTION('',(-0.,-0.,-1.));
#12576 = DEFINITIONAL_REPRESENTATION('',(#12577),#12581);
#12577 = LINE('',#12578,#12579);
#12578 = CARTESIAN_POINT('',(0.,0.));
#12579 = VECTOR('',#12580,1.);
#12580 = DIRECTION('',(0.,-1.));
#12581 = ( GEOMETRIC_REPRESENTATION_CONTEXT(2) 
PARAMETRIC_REPRESENTATION_CONTEXT() REPRESENTATION_CONTEXT('2D SPACE',''
  ) );
#12582 = ORIENTED_EDGE('',*,*,#12583,.F.);
#12583 = EDGE_CURVE('',#12207,#12550,#12584,.T.);
#12584 = SURFACE_CURVE('',#12585,(#12673,#12680),.PCURVE_S1.);
#12585 = B_SPLINE_CURVE_WITH_KNOTS('',8,(#12586,#12587,#12588,#12589,
    #12590,#12591,#12592,#12593,#12594,#12595,#12596,#12597,#12598,
    #12599,#12600,#12601,#12602,#12603,#12604,#12605,#12606,#12607,
    #12608,#12609,#12610,#12611,#12612,#12613,#12614,#12615,#12616,
    #12617,#12618,#12619,#12620,#12621,#12622,#12623,#12624,#12625,
    #12626,#12627,#12628,#12629,#12630,#12631,#12632,#12633,#12634,
    #12635,#12636,#12637,#12638,#12639,#12640,#12641,#12642,#12643,
    #12644,#12645,#12646,#12647,#12648,#12649,#12650,#12651,#12652,
    #12653,#12654,#12655,#12656,#12657,#12658,#12659,#12660,#12661,
    #12662,#12663,#12664,#12665,#12666,#12667,#12668,#12669,#12670,
    #12671,#12672),.UNSPECIFIED.,.F.,.F.,(9,6,6,6,6,6,6,6,6,6,6,6,6,6,9)
  ,(0.,7.076769560575E-02,0.149864915995,0.226827208278,0.286497980682,
    0.355515582136,0.430850143716,0.497365589616,0.571568158562,
    0.643099954677,0.715082256895,0.784436614701,0.855291505905,
    0.927908701697,1.),.UNSPECIFIED.);
#12586 = CARTESIAN_POINT('',(52.199077566882,13.793504356224,3.));
#12587 = CARTESIAN_POINT('',(52.143996068414,13.869152681715,3.));
#12588 = CARTESIAN_POINT('',(51.499679849386,13.799400593634,
    2.999999999999));
#12589 = CARTESIAN_POINT('',(52.179738560659,13.933851688246,
    3.000000000001));
#12590 = CARTESIAN_POINT('',(51.010343669983,13.853253742092,
    2.999999999998));
#12591 = CARTESIAN_POINT('',(51.543992608199,13.926991831178,
    3.000000000001));
#12592 = CARTESIAN_POINT('',(51.059634423868,13.921954699374,3.));
#12593 = CARTESIAN_POINT('',(50.788994105066,13.954210483667,3.));
#12594 = CARTESIAN_POINT('',(50.30020177981,13.964097798894,3.));
#12595 = CARTESIAN_POINT('',(50.238081512082,13.977277316649,3.));
#12596 = CARTESIAN_POINT('',(49.834705225946,13.967765085792,3.));
#12597 = CARTESIAN_POINT('',(49.799620262843,13.977860602732,3.));
#12598 = CARTESIAN_POINT('',(49.51455387826,13.969394441428,3.));
#12599 = CARTESIAN_POINT('',(49.146928229341,13.959502613437,3.));
#12600 = CARTESIAN_POINT('',(48.71738129864,13.930765009769,3.));
#12601 = CARTESIAN_POINT('',(48.558232657212,13.917806535668,3.));
#12602 = CARTESIAN_POINT('',(48.306251021413,13.89079954022,3.));
#12603 = CARTESIAN_POINT('',(48.156510296715,13.871282417201,3.));
#12604 = CARTESIAN_POINT('',(47.937411355839,13.837286929271,3.));
#12605 = CARTESIAN_POINT('',(47.601127357655,13.773975245606,3.));
#12606 = CARTESIAN_POINT('',(47.253050996033,13.686028436935,3.));
#12607 = CARTESIAN_POINT('',(47.114145795035,13.645547430374,
    2.999999999999));
#12608 = CARTESIAN_POINT('',(46.955222698767,13.59494620886,
    3.000000000001));
#12609 = CARTESIAN_POINT('',(46.821314354737,13.544581225517,
    2.999999999999));
#12610 = CARTESIAN_POINT('',(46.674589678551,13.483536547832,3.));
#12611 = CARTESIAN_POINT('',(46.377632336604,13.340099661835,
    2.999999999999));
#12612 = CARTESIAN_POINT('',(46.097663347423,13.158132814564,
    3.000000000001));
#12613 = CARTESIAN_POINT('',(45.958608538828,13.049720353145,
    2.999999999998));
#12614 = CARTESIAN_POINT('',(45.823628249951,12.928211382424,
    3.000000000002));
#12615 = CARTESIAN_POINT('',(45.706281630007,12.793689769227,
    2.999999999999));
#12616 = CARTESIAN_POINT('',(45.60045678296,12.649429494842,3.));
#12617 = CARTESIAN_POINT('',(45.413986175513,12.324809241471,3.));
#12618 = CARTESIAN_POINT('',(45.295877836258,11.972086028617,3.));
#12619 = CARTESIAN_POINT('',(45.253885906945,11.776574848746,3.));
#12620 = CARTESIAN_POINT('',(45.225040160716,11.592573660685,
    3.000000000001));
#12621 = CARTESIAN_POINT('',(45.220858659444,11.387407998888,
    2.999999999999));
#12622 = CARTESIAN_POINT('',(45.215871072233,11.19991379652,3.));
#12623 = CARTESIAN_POINT('',(45.243024703519,10.829830323358,3.));
#12624 = CARTESIAN_POINT('',(45.332616304971,10.47869262299,3.));
#12625 = CARTESIAN_POINT('',(45.391713487275,10.309042369077,
    2.999999999999));
#12626 = CARTESIAN_POINT('',(45.47065443874,10.167394959291,
    3.000000000002));
#12627 = CARTESIAN_POINT('',(45.562396115669,10.006404270164,
    2.999999999999));
#12628 = CARTESIAN_POINT('',(45.68601990573,9.888401420013,3.));
#12629 = CARTESIAN_POINT('',(45.955180811047,9.645764400193,3.));
#12630 = CARTESIAN_POINT('',(46.268573314832,9.455979486229,3.));
#12631 = CARTESIAN_POINT('',(46.431960659396,9.369916645973,
    2.999999999999));
#12632 = CARTESIAN_POINT('',(46.619428963635,9.287418778276,
    3.000000000001));
#12633 = CARTESIAN_POINT('',(46.787424718242,9.226612286229,
    2.999999999999));
#12634 = CARTESIAN_POINT('',(46.972864726435,9.158760381815,3.));
#12635 = CARTESIAN_POINT('',(47.334046128861,9.062644966428,3.));
#12636 = CARTESIAN_POINT('',(47.694678878447,8.958751451248,3.));
#12637 = CARTESIAN_POINT('',(47.877575699222,8.912345051577,3.));
#12638 = CARTESIAN_POINT('',(48.039366660583,8.859990876656,3.));
#12639 = CARTESIAN_POINT('',(48.238902385926,8.811738164116,3.));
#12640 = CARTESIAN_POINT('',(48.398303868022,8.762674550256,3.));
#12641 = CARTESIAN_POINT('',(48.769634090311,8.662432455102,3.));
#12642 = CARTESIAN_POINT('',(49.106186477264,8.56489134706,3.));
#12643 = CARTESIAN_POINT('',(49.337338906006,8.508659986554,3.));
#12644 = CARTESIAN_POINT('',(49.4002632948,8.480047071966,3.000000000001
    ));
#12645 = CARTESIAN_POINT('',(49.71407044539,8.386538316281,3.));
#12646 = CARTESIAN_POINT('',(49.810980988372,8.397048966938,3.));
#12647 = CARTESIAN_POINT('',(50.205415510001,8.227798482963,3.));
#12648 = CARTESIAN_POINT('',(50.38717702145,7.924850313784,3.));
#12649 = CARTESIAN_POINT('',(50.311982056625,7.666569274123,3.));
#12650 = CARTESIAN_POINT('',(50.463192302025,7.537280596358,
    3.000000000001));
#12651 = CARTESIAN_POINT('',(50.190441078925,7.318789630489,
    2.999999999999));
#12652 = CARTESIAN_POINT('',(50.075134762089,7.250433638981,3.));
#12653 = CARTESIAN_POINT('',(49.744229604383,7.09677464381,3.));
#12654 = CARTESIAN_POINT('',(49.381978052717,7.028554469344,3.));
#12655 = CARTESIAN_POINT('',(49.224267599687,7.001306538738,
    2.999999999999));
#12656 = CARTESIAN_POINT('',(48.994855175331,6.978880689527,
    3.000000000001));
#12657 = CARTESIAN_POINT('',(48.865360711789,6.971007731159,
    2.999999999999));
#12658 = CARTESIAN_POINT('',(48.651236255042,6.956770271004,3.));
#12659 = CARTESIAN_POINT('',(48.300316138651,6.949256142646,3.));
#12660 = CARTESIAN_POINT('',(47.912901652126,6.945206435445,3.));
#12661 = CARTESIAN_POINT('',(47.753201834959,6.958455730386,3.));
#12662 = CARTESIAN_POINT('',(47.529998238266,6.954549052459,3.));
#12663 = CARTESIAN_POINT('',(47.36605267548,6.986819511653,3.));
#12664 = CARTESIAN_POINT('',(47.178711273342,6.985815117645,3.));
#12665 = CARTESIAN_POINT('',(46.795314743982,7.035299179445,3.));
#12666 = CARTESIAN_POINT('',(46.446744853232,7.056728130142,3.));
#12667 = CARTESIAN_POINT('',(46.16449798165,7.141392935333,
    3.000000000001));
#12668 = CARTESIAN_POINT('',(46.266796393304,6.992067417591,
    2.999999999998));
#12669 = CARTESIAN_POINT('',(45.618779789908,7.287858025041,
    3.000000000002));
#12670 = CARTESIAN_POINT('',(45.89547042651,7.032398078514,
    2.999999999999));
#12671 = CARTESIAN_POINT('',(45.435935678147,7.245092687147,3.));
#12672 = CARTESIAN_POINT('',(45.329433309884,7.189835542673,3.));
#12673 = PCURVE('',#12222,#12674);
#12674 = DEFINITIONAL_REPRESENTATION('',(#12675),#12679);
#12675 = LINE('',#12676,#12677);
#12676 = CARTESIAN_POINT('',(0.,0.));
#12677 = VECTOR('',#12678,1.);
#12678 = DIRECTION('',(1.,0.));
#12679 = ( GEOMETRIC_REPRESENTATION_CONTEXT(2) 
PARAMETRIC_REPRESENTATION_CONTEXT() REPRESENTATION_CONTEXT('2D SPACE',''
  ) );
#12680 = PCURVE('',#12338,#12681);
#12681 = DEFINITIONAL_REPRESENTATION('',(#12682),#12770);
#12682 = B_SPLINE_CURVE_WITH_KNOTS('',8,(#12683,#12684,#12685,#12686,
    #12687,#12688,#12689,#12690,#12691,#12692,#12693,#12694,#12695,
    #12696,#12697,#12698,#12699,#12700,#12701,#12702,#12703,#12704,
    #12705,#12706,#12707,#12708,#12709,#12710,#12711,#12712,#12713,
    #12714,#12715,#12716,#12717,#12718,#12719,#12720,#12721,#12722,
    #12723,#12724,#12725,#12726,#12727,#12728,#12729,#12730,#12731,
    #12732,#12733,#12734,#12735,#12736,#12737,#12738,#12739,#12740,
    #12741,#12742,#12743,#12744,#12745,#12746,#12747,#12748,#12749,
    #12750,#12751,#12752,#12753,#12754,#12755,#12756,#12757,#12758,
    #12759,#12760,#12761,#12762,#12763,#12764,#12765,#12766,#12767,
    #12768,#12769),.UNSPECIFIED.,.F.,.F.,(9,6,6,6,6,6,6,6,6,6,6,6,6,6,9)
  ,(0.,7.076769560575E-02,0.149864915995,0.226827208278,0.286497980682,
    0.355515582136,0.430850143716,0.497365589616,0.571568158562,
    0.643099954677,0.715082256895,0.784436614701,0.855291505905,
    0.927908701697,1.),.UNSPECIFIED.);
#12683 = CARTESIAN_POINT('',(3.440980417621,4.311799378262));
#12684 = CARTESIAN_POINT('',(3.385898919153,4.387447703752));
#12685 = CARTESIAN_POINT('',(2.741582700125,4.317695615671));
#12686 = CARTESIAN_POINT('',(3.421641411398,4.452146710284));
#12687 = CARTESIAN_POINT('',(2.252246520722,4.37154876413));
#12688 = CARTESIAN_POINT('',(2.785895458938,4.445286853216));
#12689 = CARTESIAN_POINT('',(2.301537274607,4.440249721412));
#12690 = CARTESIAN_POINT('',(2.030896955805,4.472505505705));
#12691 = CARTESIAN_POINT('',(1.542104630549,4.482392820931));
#12692 = CARTESIAN_POINT('',(1.479984362821,4.495572338687));
#12693 = CARTESIAN_POINT('',(1.076608076685,4.48606010783));
#12694 = CARTESIAN_POINT('',(1.041523113582,4.49615562477));
#12695 = CARTESIAN_POINT('',(0.756456728999,4.487689463466));
#12696 = CARTESIAN_POINT('',(0.38883108008,4.477797635474));
#12697 = CARTESIAN_POINT('',(-4.071585062151E-02,4.449060031807));
#12698 = CARTESIAN_POINT('',(-0.199864492049,4.436101557705));
#12699 = CARTESIAN_POINT('',(-0.451846127848,4.409094562257));
#12700 = CARTESIAN_POINT('',(-0.601586852546,4.389577439239));
#12701 = CARTESIAN_POINT('',(-0.820685793422,4.355581951309));
#12702 = CARTESIAN_POINT('',(-1.156969791606,4.292270267643));
#12703 = CARTESIAN_POINT('',(-1.505046153228,4.204323458972));
#12704 = CARTESIAN_POINT('',(-1.643951354226,4.163842452411));
#12705 = CARTESIAN_POINT('',(-1.802874450494,4.113241230898));
#12706 = CARTESIAN_POINT('',(-1.936782794524,4.062876247555));
#12707 = CARTESIAN_POINT('',(-2.08350747071,4.00183156987));
#12708 = CARTESIAN_POINT('',(-2.380464812657,3.858394683873));
#12709 = CARTESIAN_POINT('',(-2.660433801838,3.676427836602));
#12710 = CARTESIAN_POINT('',(-2.799488610433,3.568015375183));
#12711 = CARTESIAN_POINT('',(-2.93446889931,3.446506404462));
#12712 = CARTESIAN_POINT('',(-3.051815519254,3.311984791265));
#12713 = CARTESIAN_POINT('',(-3.157640366301,3.167724516879));
#12714 = CARTESIAN_POINT('',(-3.344110973748,2.843104263508));
#12715 = CARTESIAN_POINT('',(-3.462219313003,2.490381050654));
#12716 = CARTESIAN_POINT('',(-3.504211242316,2.294869870784));
#12717 = CARTESIAN_POINT('',(-3.533056988545,2.110868682723));
#12718 = CARTESIAN_POINT('',(-3.537238489817,1.905703020925));
#12719 = CARTESIAN_POINT('',(-3.542226077028,1.718208818558));
#12720 = CARTESIAN_POINT('',(-3.515072445742,1.348125345396));
#12721 = CARTESIAN_POINT('',(-3.42548084429,0.996987645028));
#12722 = CARTESIAN_POINT('',(-3.366383661986,0.827337391115));
#12723 = CARTESIAN_POINT('',(-3.287442710521,0.685689981328));
#12724 = CARTESIAN_POINT('',(-3.195701033592,0.524699292201));
#12725 = CARTESIAN_POINT('',(-3.072077243531,0.406696442051));
#12726 = CARTESIAN_POINT('',(-2.802916338214,0.164059422231));
#12727 = CARTESIAN_POINT('',(-2.489523834429,-2.572549173313E-02));
#12728 = CARTESIAN_POINT('',(-2.326136489865,-0.11178833199));
#12729 = CARTESIAN_POINT('',(-2.138668185626,-0.194286199686));
#12730 = CARTESIAN_POINT('',(-1.970672431019,-0.255092691734));
#12731 = CARTESIAN_POINT('',(-1.785232422826,-0.322944596148));
#12732 = CARTESIAN_POINT('',(-1.4240510204,-0.419060011534));
#12733 = CARTESIAN_POINT('',(-1.063418270814,-0.522953526715));
#12734 = CARTESIAN_POINT('',(-0.88052145004,-0.569359926385));
#12735 = CARTESIAN_POINT('',(-0.718730488678,-0.621714101307));
#12736 = CARTESIAN_POINT('',(-0.519194763335,-0.669966813847));
#12737 = CARTESIAN_POINT('',(-0.359793281239,-0.719030427706));
#12738 = CARTESIAN_POINT('',(1.153694104971E-02,-0.81927252286));
#12739 = CARTESIAN_POINT('',(0.348089328003,-0.916813630902));
#12740 = CARTESIAN_POINT('',(0.579241756745,-0.973044991408));
#12741 = CARTESIAN_POINT('',(0.642166145539,-1.001657905996));
#12742 = CARTESIAN_POINT('',(0.955973296129,-1.095166661682));
#12743 = CARTESIAN_POINT('',(1.052883839111,-1.084656011024));
#12744 = CARTESIAN_POINT('',(1.44731836074,-1.253906494999));
#12745 = CARTESIAN_POINT('',(1.629079872189,-1.556854664178));
#12746 = CARTESIAN_POINT('',(1.553884907364,-1.815135703839));
#12747 = CARTESIAN_POINT('',(1.705095152764,-1.944424381605));
#12748 = CARTESIAN_POINT('',(1.432343929664,-2.162915347473));
#12749 = CARTESIAN_POINT('',(1.317037612828,-2.231271338981));
#12750 = CARTESIAN_POINT('',(0.986132455122,-2.384930334152));
#12751 = CARTESIAN_POINT('',(0.623880903456,-2.453150508618));
#12752 = CARTESIAN_POINT('',(0.466170450426,-2.480398439224));
#12753 = CARTESIAN_POINT('',(0.23675802607,-2.502824288435));
#12754 = CARTESIAN_POINT('',(0.107263562528,-2.510697246803));
#12755 = CARTESIAN_POINT('',(-0.106860894219,-2.524934706959));
#12756 = CARTESIAN_POINT('',(-0.457781010611,-2.532448835316));
#12757 = CARTESIAN_POINT('',(-0.845195497135,-2.536498542517));
#12758 = CARTESIAN_POINT('',(-1.004895314302,-2.523249247576));
#12759 = CARTESIAN_POINT('',(-1.228098910995,-2.527155925503));
#12760 = CARTESIAN_POINT('',(-1.392044473781,-2.494885466309));
#12761 = CARTESIAN_POINT('',(-1.579385875919,-2.495889860317));
#12762 = CARTESIAN_POINT('',(-1.962782405279,-2.446405798517));
#12763 = CARTESIAN_POINT('',(-2.311352296029,-2.42497684782));
#12764 = CARTESIAN_POINT('',(-2.593599167611,-2.340312042629));
#12765 = CARTESIAN_POINT('',(-2.491300755957,-2.489637560372));
#12766 = CARTESIAN_POINT('',(-3.139317359353,-2.193846952921));
#12767 = CARTESIAN_POINT('',(-2.862626722751,-2.449306899448));
#12768 = CARTESIAN_POINT('',(-3.322161471114,-2.236612290815));
#12769 = CARTESIAN_POINT('',(-3.428663839377,-2.291869435289));
#12770 = ( GEOMETRIC_REPRESENTATION_CONTEXT(2) 
PARAMETRIC_REPRESENTATION_CONTEXT() REPRESENTATION_CONTEXT('2D SPACE',''
  ) );
#12771 = ADVANCED_FACE('',(#12772),#12565,.F.);
#12772 = FACE_BOUND('',#12773,.F.);
#12773 = EDGE_LOOP('',(#12774,#12775,#12806,#12829));
#12774 = ORIENTED_EDGE('',*,*,#12549,.T.);
#12775 = ORIENTED_EDGE('',*,*,#12776,.T.);
#12776 = EDGE_CURVE('',#12359,#12777,#12779,.T.);
#12777 = VERTEX_POINT('',#12778);
#12778 = CARTESIAN_POINT('',(45.101805579799,5.333521842961,4.2));
#12779 = SURFACE_CURVE('',#12780,(#12788,#12795),.PCURVE_S1.);
#12780 = B_SPLINE_CURVE_WITH_KNOTS('',6,(#12781,#12782,#12783,#12784,
    #12785,#12786,#12787),.UNSPECIFIED.,.F.,.F.,(7,7),(0.,1.),
  .PIECEWISE_BEZIER_KNOTS.);
#12781 = CARTESIAN_POINT('',(45.329433309884,7.189835542673,4.2));
#12782 = CARTESIAN_POINT('',(45.288454144913,6.880698741728,4.2));
#12783 = CARTESIAN_POINT('',(45.261450446763,6.570449120922,4.2));
#12784 = CARTESIAN_POINT('',(45.19583523611,6.263293473021,4.2));
#12785 = CARTESIAN_POINT('',(45.193824003516,5.950993728753,4.2));
#12786 = CARTESIAN_POINT('',(45.12402766171,5.644253211192,4.2));
#12787 = CARTESIAN_POINT('',(45.101805579799,5.333521842961,4.2));
#12788 = PCURVE('',#12565,#12789);
#12789 = DEFINITIONAL_REPRESENTATION('',(#12790),#12794);
#12790 = LINE('',#12791,#12792);
#12791 = CARTESIAN_POINT('',(0.,-1.2));
#12792 = VECTOR('',#12793,1.);
#12793 = DIRECTION('',(1.,0.));
#12794 = ( GEOMETRIC_REPRESENTATION_CONTEXT(2) 
PARAMETRIC_REPRESENTATION_CONTEXT() REPRESENTATION_CONTEXT('2D SPACE',''
  ) );
#12795 = PCURVE('',#12190,#12796);
#12796 = DEFINITIONAL_REPRESENTATION('',(#12797),#12805);
#12797 = B_SPLINE_CURVE_WITH_KNOTS('',6,(#12798,#12799,#12800,#12801,
    #12802,#12803,#12804),.UNSPECIFIED.,.F.,.F.,(7,7),(0.,1.),
  .PIECEWISE_BEZIER_KNOTS.);
#12798 = CARTESIAN_POINT('',(-3.428663839377,-2.291869435289));
#12799 = CARTESIAN_POINT('',(-3.469643004348,-2.601006236234));
#12800 = CARTESIAN_POINT('',(-3.496646702498,-2.91125585704));
#12801 = CARTESIAN_POINT('',(-3.562261913151,-3.218411504941));
#12802 = CARTESIAN_POINT('',(-3.564273145745,-3.530711249209));
#12803 = CARTESIAN_POINT('',(-3.634069487551,-3.83745176677));
#12804 = CARTESIAN_POINT('',(-3.656291569462,-4.148183135001));
#12805 = ( GEOMETRIC_REPRESENTATION_CONTEXT(2) 
PARAMETRIC_REPRESENTATION_CONTEXT() REPRESENTATION_CONTEXT('2D SPACE',''
  ) );
#12806 = ORIENTED_EDGE('',*,*,#12807,.F.);
#12807 = EDGE_CURVE('',#12808,#12777,#12810,.T.);
#12808 = VERTEX_POINT('',#12809);
#12809 = CARTESIAN_POINT('',(45.101805579799,5.333521842961,3.));
#12810 = SURFACE_CURVE('',#12811,(#12815,#12822),.PCURVE_S1.);
#12811 = LINE('',#12812,#12813);
#12812 = CARTESIAN_POINT('',(45.101805579799,5.333521842961,3.));
#12813 = VECTOR('',#12814,1.);
#12814 = DIRECTION('',(0.,0.,1.));
#12815 = PCURVE('',#12565,#12816);
#12816 = DEFINITIONAL_REPRESENTATION('',(#12817),#12821);
#12817 = LINE('',#12818,#12819);
#12818 = CARTESIAN_POINT('',(1.,0.));
#12819 = VECTOR('',#12820,1.);
#12820 = DIRECTION('',(0.,-1.));
#12821 = ( GEOMETRIC_REPRESENTATION_CONTEXT(2) 
PARAMETRIC_REPRESENTATION_CONTEXT() REPRESENTATION_CONTEXT('2D SPACE',''
  ) );
#12822 = PCURVE('',#12108,#12823);
#12823 = DEFINITIONAL_REPRESENTATION('',(#12824),#12828);
#12824 = LINE('',#12825,#12826);
#12825 = CARTESIAN_POINT('',(0.,0.));
#12826 = VECTOR('',#12827,1.);
#12827 = DIRECTION('',(0.,-1.));
#12828 = ( GEOMETRIC_REPRESENTATION_CONTEXT(2) 
PARAMETRIC_REPRESENTATION_CONTEXT() REPRESENTATION_CONTEXT('2D SPACE',''
  ) );
#12829 = ORIENTED_EDGE('',*,*,#12830,.F.);
#12830 = EDGE_CURVE('',#12550,#12808,#12831,.T.);
#12831 = SURFACE_CURVE('',#12832,(#12840,#12847),.PCURVE_S1.);
#12832 = B_SPLINE_CURVE_WITH_KNOTS('',6,(#12833,#12834,#12835,#12836,
    #12837,#12838,#12839),.UNSPECIFIED.,.F.,.F.,(7,7),(0.,1.),
  .PIECEWISE_BEZIER_KNOTS.);
#12833 = CARTESIAN_POINT('',(45.329433309884,7.189835542673,3.));
#12834 = CARTESIAN_POINT('',(45.288454144913,6.880698741728,3.));
#12835 = CARTESIAN_POINT('',(45.261450446763,6.570449120922,3.));
#12836 = CARTESIAN_POINT('',(45.19583523611,6.263293473021,3.));
#12837 = CARTESIAN_POINT('',(45.193824003516,5.950993728753,3.));
#12838 = CARTESIAN_POINT('',(45.12402766171,5.644253211192,3.));
#12839 = CARTESIAN_POINT('',(45.101805579799,5.333521842961,3.));
#12840 = PCURVE('',#12565,#12841);
#12841 = DEFINITIONAL_REPRESENTATION('',(#12842),#12846);
#12842 = LINE('',#12843,#12844);
#12843 = CARTESIAN_POINT('',(0.,0.));
#12844 = VECTOR('',#12845,1.);
#12845 = DIRECTION('',(1.,0.));
#12846 = ( GEOMETRIC_REPRESENTATION_CONTEXT(2) 
PARAMETRIC_REPRESENTATION_CONTEXT() REPRESENTATION_CONTEXT('2D SPACE',''
  ) );
#12847 = PCURVE('',#12338,#12848);
#12848 = DEFINITIONAL_REPRESENTATION('',(#12849),#12857);
#12849 = B_SPLINE_CURVE_WITH_KNOTS('',6,(#12850,#12851,#12852,#12853,
    #12854,#12855,#12856),.UNSPECIFIED.,.F.,.F.,(7,7),(0.,1.),
  .PIECEWISE_BEZIER_KNOTS.);
#12850 = CARTESIAN_POINT('',(-3.428663839377,-2.291869435289));
#12851 = CARTESIAN_POINT('',(-3.469643004348,-2.601006236234));
#12852 = CARTESIAN_POINT('',(-3.496646702498,-2.91125585704));
#12853 = CARTESIAN_POINT('',(-3.562261913151,-3.218411504941));
#12854 = CARTESIAN_POINT('',(-3.564273145745,-3.530711249209));
#12855 = CARTESIAN_POINT('',(-3.634069487551,-3.83745176677));
#12856 = CARTESIAN_POINT('',(-3.656291569462,-4.148183135001));
#12857 = ( GEOMETRIC_REPRESENTATION_CONTEXT(2) 
PARAMETRIC_REPRESENTATION_CONTEXT() REPRESENTATION_CONTEXT('2D SPACE',''
  ) );
#12858 = ADVANCED_FACE('',(#12859),#12108,.F.);
#12859 = FACE_BOUND('',#12860,.F.);
#12860 = EDGE_LOOP('',(#12861,#12862,#12979,#12980));
#12861 = ORIENTED_EDGE('',*,*,#12807,.T.);
#12862 = ORIENTED_EDGE('',*,*,#12863,.T.);
#12863 = EDGE_CURVE('',#12777,#12082,#12864,.T.);
#12864 = SURFACE_CURVE('',#12865,(#12917,#12924),.PCURVE_S1.);
#12865 = B_SPLINE_CURVE_WITH_KNOTS('',8,(#12866,#12867,#12868,#12869,
    #12870,#12871,#12872,#12873,#12874,#12875,#12876,#12877,#12878,
    #12879,#12880,#12881,#12882,#12883,#12884,#12885,#12886,#12887,
    #12888,#12889,#12890,#12891,#12892,#12893,#12894,#12895,#12896,
    #12897,#12898,#12899,#12900,#12901,#12902,#12903,#12904,#12905,
    #12906,#12907,#12908,#12909,#12910,#12911,#12912,#12913,#12914,
    #12915,#12916),.UNSPECIFIED.,.F.,.F.,(9,6,6,6,6,6,6,6,9),(0.,
    0.122782914114,0.260919281727,0.372959530899,0.500275569938,
    0.62504587647,0.749336605983,0.869340871166,1.),.UNSPECIFIED.);
#12866 = CARTESIAN_POINT('',(45.101805579799,5.333521842961,4.2));
#12867 = CARTESIAN_POINT('',(45.412425503092,5.268256362903,4.2));
#12868 = CARTESIAN_POINT('',(45.726643795654,5.216445684821,4.2));
#12869 = CARTESIAN_POINT('',(46.041003911506,5.180517657241,4.2));
#12870 = CARTESIAN_POINT('',(46.358828939612,5.145548178989,4.2));
#12871 = CARTESIAN_POINT('',(46.674179316848,5.126467369283,4.2));
#12872 = CARTESIAN_POINT('',(46.992432299028,5.110942091238,4.2));
#12873 = CARTESIAN_POINT('',(47.666221259941,5.090240637814,4.2));
#12874 = CARTESIAN_POINT('',(48.341867418753,5.090020982236,4.2));
#12875 = CARTESIAN_POINT('',(48.697211949434,5.087044877609,
    4.199999999999));
#12876 = CARTESIAN_POINT('',(49.058341912248,5.119637445304,
    4.200000000002));
#12877 = CARTESIAN_POINT('',(49.410257977318,5.140420086711,
    4.199999999998));
#12878 = CARTESIAN_POINT('',(49.767962837746,5.193298165483,
    4.200000000001));
#12879 = CARTESIAN_POINT('',(50.40317407219,5.315874532869,
    4.199999999999));
#12880 = CARTESIAN_POINT('',(51.015973652547,5.534326619497,
    4.200000000001));
#12881 = CARTESIAN_POINT('',(51.277772166563,5.652165531777,
    4.199999999998));
#12882 = CARTESIAN_POINT('',(51.539653166596,5.800879505965,
    4.200000000002));
#12883 = CARTESIAN_POINT('',(51.764741337683,5.982861804122,
    4.199999999999));
#12884 = CARTESIAN_POINT('',(51.968488382074,6.206623547673,4.2));
#12885 = CARTESIAN_POINT('',(52.294252694764,6.73815697833,4.2));
#12886 = CARTESIAN_POINT('',(52.440480319265,7.351475921743,4.2));
#12887 = CARTESIAN_POINT('',(52.452662383212,7.686666663278,
    4.200000000001));
#12888 = CARTESIAN_POINT('',(52.449250239867,8.012062900774,
    4.199999999998));
#12889 = CARTESIAN_POINT('',(52.437089112463,8.350231908131,
    4.200000000002));
#12890 = CARTESIAN_POINT('',(52.313958541573,8.677920071087,
    4.199999999999));
#12891 = CARTESIAN_POINT('',(51.98276104294,9.249184691633,
    4.200000000001));
#12892 = CARTESIAN_POINT('',(51.427939379577,9.635818313857,4.2));
#12893 = CARTESIAN_POINT('',(51.183772778912,9.796783096915,
    4.200000000001));
#12894 = CARTESIAN_POINT('',(50.786186279182,9.907059683383,
    4.199999999998));
#12895 = CARTESIAN_POINT('',(50.613781946433,10.043041638712,
    4.200000000001));
#12896 = CARTESIAN_POINT('',(50.195546043329,10.100060718723,
    4.199999999999));
#12897 = CARTESIAN_POINT('',(49.657682817053,10.268564437205,
    4.200000000001));
#12898 = CARTESIAN_POINT('',(48.934386078786,10.440086961359,
    4.199999999999));
#12899 = CARTESIAN_POINT('',(48.890224391438,10.507678547038,
    4.200000000002));
#12900 = CARTESIAN_POINT('',(47.998312371406,10.609497995323,
    4.199999999998));
#12901 = CARTESIAN_POINT('',(48.389580107477,10.729008558766,
    4.200000000001));
#12902 = CARTESIAN_POINT('',(47.622411669388,10.69401221787,4.2));
#12903 = CARTESIAN_POINT('',(47.126417876661,11.015674397305,4.2));
#12904 = CARTESIAN_POINT('',(47.308100919349,11.947360117666,4.2));
#12905 = CARTESIAN_POINT('',(47.81153749348,11.823349147238,
    4.199999999998));
#12906 = CARTESIAN_POINT('',(48.086947330118,12.101388665579,
    4.200000000003));
#12907 = CARTESIAN_POINT('',(48.298732559829,11.996089275299,
    4.199999999997));
#12908 = CARTESIAN_POINT('',(48.689522781134,12.0906149486,
    4.200000000001));
#12909 = CARTESIAN_POINT('',(49.290744028974,12.104678984629,
    4.199999999998));
#12910 = CARTESIAN_POINT('',(49.982424428502,12.128356816262,
    4.200000000002));
#12911 = CARTESIAN_POINT('',(50.257924555201,12.098911212672,
    4.199999999995));
#12912 = CARTESIAN_POINT('',(50.689866341883,12.113713257647,
    4.200000000006));
#12913 = CARTESIAN_POINT('',(50.938691405494,12.079785371177,
    4.199999999995));
#12914 = CARTESIAN_POINT('',(51.329119772039,12.062823662131,
    4.200000000002));
#12915 = CARTESIAN_POINT('',(51.646571513478,12.03286392768,4.2));
#12916 = CARTESIAN_POINT('',(51.986343843752,12.002350446253,4.2));
#12917 = PCURVE('',#12108,#12918);
#12918 = DEFINITIONAL_REPRESENTATION('',(#12919),#12923);
#12919 = LINE('',#12920,#12921);
#12920 = CARTESIAN_POINT('',(0.,-1.2));
#12921 = VECTOR('',#12922,1.);
#12922 = DIRECTION('',(1.,0.));
#12923 = ( GEOMETRIC_REPRESENTATION_CONTEXT(2) 
PARAMETRIC_REPRESENTATION_CONTEXT() REPRESENTATION_CONTEXT('2D SPACE',''
  ) );
#12924 = PCURVE('',#12190,#12925);
#12925 = DEFINITIONAL_REPRESENTATION('',(#12926),#12978);
#12926 = B_SPLINE_CURVE_WITH_KNOTS('',8,(#12927,#12928,#12929,#12930,
    #12931,#12932,#12933,#12934,#12935,#12936,#12937,#12938,#12939,
    #12940,#12941,#12942,#12943,#12944,#12945,#12946,#12947,#12948,
    #12949,#12950,#12951,#12952,#12953,#12954,#12955,#12956,#12957,
    #12958,#12959,#12960,#12961,#12962,#12963,#12964,#12965,#12966,
    #12967,#12968,#12969,#12970,#12971,#12972,#12973,#12974,#12975,
    #12976,#12977),.UNSPECIFIED.,.F.,.F.,(9,6,6,6,6,6,6,6,9),(0.,
    0.122782914114,0.260919281727,0.372959530899,0.500275569938,
    0.62504587647,0.749336605983,0.869340871166,1.),.UNSPECIFIED.);
#12927 = CARTESIAN_POINT('',(-3.656291569462,-4.148183135001));
#12928 = CARTESIAN_POINT('',(-3.345671646169,-4.213448615059));
#12929 = CARTESIAN_POINT('',(-3.031453353607,-4.265259293141));
#12930 = CARTESIAN_POINT('',(-2.717093237755,-4.301187320721));
#12931 = CARTESIAN_POINT('',(-2.399268209649,-4.336156798973));
#12932 = CARTESIAN_POINT('',(-2.083917832413,-4.355237608679));
#12933 = CARTESIAN_POINT('',(-1.765664850233,-4.370762886724));
#12934 = CARTESIAN_POINT('',(-1.09187588932,-4.391464340148));
#12935 = CARTESIAN_POINT('',(-0.416229730508,-4.391683995727));
#12936 = CARTESIAN_POINT('',(-6.08851998272E-02,-4.394660100353));
#12937 = CARTESIAN_POINT('',(0.300244762987,-4.362067532659));
#12938 = CARTESIAN_POINT('',(0.652160828057,-4.341284891251));
#12939 = CARTESIAN_POINT('',(1.009865688485,-4.288406812479));
#12940 = CARTESIAN_POINT('',(1.645076922929,-4.165830445093));
#12941 = CARTESIAN_POINT('',(2.257876503286,-3.947378358466));
#12942 = CARTESIAN_POINT('',(2.519675017302,-3.829539446186));
#12943 = CARTESIAN_POINT('',(2.781556017335,-3.680825471997));
#12944 = CARTESIAN_POINT('',(3.006644188422,-3.498843173841));
#12945 = CARTESIAN_POINT('',(3.210391232813,-3.27508143029));
#12946 = CARTESIAN_POINT('',(3.536155545503,-2.743547999633));
#12947 = CARTESIAN_POINT('',(3.682383170004,-2.130229056219));
#12948 = CARTESIAN_POINT('',(3.694565233951,-1.795038314685));
#12949 = CARTESIAN_POINT('',(3.691153090606,-1.469642077188));
#12950 = CARTESIAN_POINT('',(3.678991963202,-1.131473069831));
#12951 = CARTESIAN_POINT('',(3.555861392312,-0.803784906876));
#12952 = CARTESIAN_POINT('',(3.224663893679,-0.232520286329));
#12953 = CARTESIAN_POINT('',(2.669842230316,0.154113335895));
#12954 = CARTESIAN_POINT('',(2.425675629651,0.315078118952));
#12955 = CARTESIAN_POINT('',(2.028089129921,0.42535470542));
#12956 = CARTESIAN_POINT('',(1.855684797172,0.561336660749));
#12957 = CARTESIAN_POINT('',(1.437448894068,0.618355740761));
#12958 = CARTESIAN_POINT('',(0.899585667792,0.786859459243));
#12959 = CARTESIAN_POINT('',(0.176288929525,0.958381983397));
#12960 = CARTESIAN_POINT('',(0.132127242177,1.025973569076));
#12961 = CARTESIAN_POINT('',(-0.759784777855,1.127793017361));
#12962 = CARTESIAN_POINT('',(-0.368517041784,1.247303580803));
#12963 = CARTESIAN_POINT('',(-1.135685479873,1.212307239908));
#12964 = CARTESIAN_POINT('',(-1.6316792726,1.533969419343));
#12965 = CARTESIAN_POINT('',(-1.449996229912,2.465655139703));
#12966 = CARTESIAN_POINT('',(-0.946559655781,2.341644169276));
#12967 = CARTESIAN_POINT('',(-0.671149819143,2.619683687616));
#12968 = CARTESIAN_POINT('',(-0.459364589432,2.514384297337));
#12969 = CARTESIAN_POINT('',(-6.857436812737E-02,2.608909970637));
#12970 = CARTESIAN_POINT('',(0.532646879713,2.622974006667));
#12971 = CARTESIAN_POINT('',(1.224327279241,2.646651838299));
#12972 = CARTESIAN_POINT('',(1.49982740594,2.617206234709));
#12973 = CARTESIAN_POINT('',(1.931769192622,2.632008279685));
#12974 = CARTESIAN_POINT('',(2.180594256233,2.598080393215));
#12975 = CARTESIAN_POINT('',(2.571022622778,2.581118684169));
#12976 = CARTESIAN_POINT('',(2.888474364217,2.551158949718));
#12977 = CARTESIAN_POINT('',(3.228246694491,2.52064546829));
#12978 = ( GEOMETRIC_REPRESENTATION_CONTEXT(2) 
PARAMETRIC_REPRESENTATION_CONTEXT() REPRESENTATION_CONTEXT('2D SPACE',''
  ) );
#12979 = ORIENTED_EDGE('',*,*,#12079,.F.);
#12980 = ORIENTED_EDGE('',*,*,#12981,.F.);
#12981 = EDGE_CURVE('',#12808,#12080,#12982,.T.);
#12982 = SURFACE_CURVE('',#12983,(#13035,#13042),.PCURVE_S1.);
#12983 = B_SPLINE_CURVE_WITH_KNOTS('',8,(#12984,#12985,#12986,#12987,
    #12988,#12989,#12990,#12991,#12992,#12993,#12994,#12995,#12996,
    #12997,#12998,#12999,#13000,#13001,#13002,#13003,#13004,#13005,
    #13006,#13007,#13008,#13009,#13010,#13011,#13012,#13013,#13014,
    #13015,#13016,#13017,#13018,#13019,#13020,#13021,#13022,#13023,
    #13024,#13025,#13026,#13027,#13028,#13029,#13030,#13031,#13032,
    #13033,#13034),.UNSPECIFIED.,.F.,.F.,(9,6,6,6,6,6,6,6,9),(0.,
    0.122782914114,0.260919281727,0.372959530899,0.500275569938,
    0.62504587647,0.749336605983,0.869340871166,1.),.UNSPECIFIED.);
#12984 = CARTESIAN_POINT('',(45.101805579799,5.333521842961,3.));
#12985 = CARTESIAN_POINT('',(45.412425503092,5.268256362903,3.));
#12986 = CARTESIAN_POINT('',(45.726643795654,5.216445684821,3.));
#12987 = CARTESIAN_POINT('',(46.041003911506,5.180517657241,3.));
#12988 = CARTESIAN_POINT('',(46.358828939612,5.145548178989,3.));
#12989 = CARTESIAN_POINT('',(46.674179316848,5.126467369283,3.));
#12990 = CARTESIAN_POINT('',(46.992432299028,5.110942091238,3.));
#12991 = CARTESIAN_POINT('',(47.666221259941,5.090240637814,3.));
#12992 = CARTESIAN_POINT('',(48.341867418753,5.090020982236,3.));
#12993 = CARTESIAN_POINT('',(48.697211949434,5.087044877609,
    2.999999999999));
#12994 = CARTESIAN_POINT('',(49.058341912248,5.119637445304,
    3.000000000002));
#12995 = CARTESIAN_POINT('',(49.410257977318,5.140420086711,
    2.999999999998));
#12996 = CARTESIAN_POINT('',(49.767962837746,5.193298165483,
    3.000000000001));
#12997 = CARTESIAN_POINT('',(50.40317407219,5.315874532869,
    2.999999999999));
#12998 = CARTESIAN_POINT('',(51.015973652547,5.534326619497,
    3.000000000001));
#12999 = CARTESIAN_POINT('',(51.277772166563,5.652165531777,
    2.999999999998));
#13000 = CARTESIAN_POINT('',(51.539653166596,5.800879505965,
    3.000000000002));
#13001 = CARTESIAN_POINT('',(51.764741337683,5.982861804122,
    2.999999999999));
#13002 = CARTESIAN_POINT('',(51.968488382074,6.206623547673,3.));
#13003 = CARTESIAN_POINT('',(52.294252694764,6.73815697833,3.));
#13004 = CARTESIAN_POINT('',(52.440480319265,7.351475921743,3.));
#13005 = CARTESIAN_POINT('',(52.452662383212,7.686666663278,
    3.000000000001));
#13006 = CARTESIAN_POINT('',(52.449250239867,8.012062900774,
    2.999999999998));
#13007 = CARTESIAN_POINT('',(52.437089112463,8.350231908131,
    3.000000000002));
#13008 = CARTESIAN_POINT('',(52.313958541573,8.677920071087,
    2.999999999999));
#13009 = CARTESIAN_POINT('',(51.98276104294,9.249184691633,
    3.000000000001));
#13010 = CARTESIAN_POINT('',(51.427939379577,9.635818313857,3.));
#13011 = CARTESIAN_POINT('',(51.183772778912,9.796783096915,
    3.000000000001));
#13012 = CARTESIAN_POINT('',(50.786186279182,9.907059683383,
    2.999999999998));
#13013 = CARTESIAN_POINT('',(50.613781946433,10.043041638712,
    3.000000000001));
#13014 = CARTESIAN_POINT('',(50.195546043329,10.100060718723,
    2.999999999999));
#13015 = CARTESIAN_POINT('',(49.657682817053,10.268564437205,
    3.000000000001));
#13016 = CARTESIAN_POINT('',(48.934386078786,10.440086961359,
    2.999999999999));
#13017 = CARTESIAN_POINT('',(48.890224391438,10.507678547038,
    3.000000000002));
#13018 = CARTESIAN_POINT('',(47.998312371406,10.609497995323,
    2.999999999998));
#13019 = CARTESIAN_POINT('',(48.389580107477,10.729008558766,
    3.000000000001));
#13020 = CARTESIAN_POINT('',(47.622411669388,10.69401221787,3.));
#13021 = CARTESIAN_POINT('',(47.126417876661,11.015674397305,3.));
#13022 = CARTESIAN_POINT('',(47.308100919349,11.947360117666,3.));
#13023 = CARTESIAN_POINT('',(47.81153749348,11.823349147238,
    2.999999999998));
#13024 = CARTESIAN_POINT('',(48.086947330118,12.101388665579,
    3.000000000003));
#13025 = CARTESIAN_POINT('',(48.298732559829,11.996089275299,
    2.999999999997));
#13026 = CARTESIAN_POINT('',(48.689522781134,12.0906149486,
    3.000000000001));
#13027 = CARTESIAN_POINT('',(49.290744028974,12.104678984629,
    2.999999999998));
#13028 = CARTESIAN_POINT('',(49.982424428502,12.128356816262,
    3.000000000002));
#13029 = CARTESIAN_POINT('',(50.257924555201,12.098911212672,
    2.999999999995));
#13030 = CARTESIAN_POINT('',(50.689866341883,12.113713257647,
    3.000000000006));
#13031 = CARTESIAN_POINT('',(50.938691405494,12.079785371177,
    2.999999999995));
#13032 = CARTESIAN_POINT('',(51.329119772039,12.062823662131,
    3.000000000002));
#13033 = CARTESIAN_POINT('',(51.646571513478,12.03286392768,3.));
#13034 = CARTESIAN_POINT('',(51.986343843752,12.002350446253,3.));
#13035 = PCURVE('',#12108,#13036);
#13036 = DEFINITIONAL_REPRESENTATION('',(#13037),#13041);
#13037 = LINE('',#13038,#13039);
#13038 = CARTESIAN_POINT('',(0.,0.));
#13039 = VECTOR('',#13040,1.);
#13040 = DIRECTION('',(1.,0.));
#13041 = ( GEOMETRIC_REPRESENTATION_CONTEXT(2) 
PARAMETRIC_REPRESENTATION_CONTEXT() REPRESENTATION_CONTEXT('2D SPACE',''
  ) );
#13042 = PCURVE('',#12338,#13043);
#13043 = DEFINITIONAL_REPRESENTATION('',(#13044),#13096);
#13044 = B_SPLINE_CURVE_WITH_KNOTS('',8,(#13045,#13046,#13047,#13048,
    #13049,#13050,#13051,#13052,#13053,#13054,#13055,#13056,#13057,
    #13058,#13059,#13060,#13061,#13062,#13063,#13064,#13065,#13066,
    #13067,#13068,#13069,#13070,#13071,#13072,#13073,#13074,#13075,
    #13076,#13077,#13078,#13079,#13080,#13081,#13082,#13083,#13084,
    #13085,#13086,#13087,#13088,#13089,#13090,#13091,#13092,#13093,
    #13094,#13095),.UNSPECIFIED.,.F.,.F.,(9,6,6,6,6,6,6,6,9),(0.,
    0.122782914114,0.260919281727,0.372959530899,0.500275569938,
    0.62504587647,0.749336605983,0.869340871166,1.),.UNSPECIFIED.);
#13045 = CARTESIAN_POINT('',(-3.656291569462,-4.148183135001));
#13046 = CARTESIAN_POINT('',(-3.345671646169,-4.213448615059));
#13047 = CARTESIAN_POINT('',(-3.031453353607,-4.265259293141));
#13048 = CARTESIAN_POINT('',(-2.717093237755,-4.301187320721));
#13049 = CARTESIAN_POINT('',(-2.399268209649,-4.336156798973));
#13050 = CARTESIAN_POINT('',(-2.083917832413,-4.355237608679));
#13051 = CARTESIAN_POINT('',(-1.765664850233,-4.370762886724));
#13052 = CARTESIAN_POINT('',(-1.09187588932,-4.391464340148));
#13053 = CARTESIAN_POINT('',(-0.416229730508,-4.391683995727));
#13054 = CARTESIAN_POINT('',(-6.08851998272E-02,-4.394660100353));
#13055 = CARTESIAN_POINT('',(0.300244762987,-4.362067532659));
#13056 = CARTESIAN_POINT('',(0.652160828057,-4.341284891251));
#13057 = CARTESIAN_POINT('',(1.009865688485,-4.288406812479));
#13058 = CARTESIAN_POINT('',(1.645076922929,-4.165830445093));
#13059 = CARTESIAN_POINT('',(2.257876503286,-3.947378358466));
#13060 = CARTESIAN_POINT('',(2.519675017302,-3.829539446186));
#13061 = CARTESIAN_POINT('',(2.781556017335,-3.680825471997));
#13062 = CARTESIAN_POINT('',(3.006644188422,-3.498843173841));
#13063 = CARTESIAN_POINT('',(3.210391232813,-3.27508143029));
#13064 = CARTESIAN_POINT('',(3.536155545503,-2.743547999633));
#13065 = CARTESIAN_POINT('',(3.682383170004,-2.130229056219));
#13066 = CARTESIAN_POINT('',(3.694565233951,-1.795038314685));
#13067 = CARTESIAN_POINT('',(3.691153090606,-1.469642077188));
#13068 = CARTESIAN_POINT('',(3.678991963202,-1.131473069831));
#13069 = CARTESIAN_POINT('',(3.555861392312,-0.803784906876));
#13070 = CARTESIAN_POINT('',(3.224663893679,-0.232520286329));
#13071 = CARTESIAN_POINT('',(2.669842230316,0.154113335895));
#13072 = CARTESIAN_POINT('',(2.425675629651,0.315078118952));
#13073 = CARTESIAN_POINT('',(2.028089129921,0.42535470542));
#13074 = CARTESIAN_POINT('',(1.855684797172,0.561336660749));
#13075 = CARTESIAN_POINT('',(1.437448894068,0.618355740761));
#13076 = CARTESIAN_POINT('',(0.899585667792,0.786859459243));
#13077 = CARTESIAN_POINT('',(0.176288929525,0.958381983397));
#13078 = CARTESIAN_POINT('',(0.132127242177,1.025973569076));
#13079 = CARTESIAN_POINT('',(-0.759784777855,1.127793017361));
#13080 = CARTESIAN_POINT('',(-0.368517041784,1.247303580803));
#13081 = CARTESIAN_POINT('',(-1.135685479873,1.212307239908));
#13082 = CARTESIAN_POINT('',(-1.6316792726,1.533969419343));
#13083 = CARTESIAN_POINT('',(-1.449996229912,2.465655139703));
#13084 = CARTESIAN_POINT('',(-0.946559655781,2.341644169276));
#13085 = CARTESIAN_POINT('',(-0.671149819143,2.619683687616));
#13086 = CARTESIAN_POINT('',(-0.459364589432,2.514384297337));
#13087 = CARTESIAN_POINT('',(-6.857436812737E-02,2.608909970637));
#13088 = CARTESIAN_POINT('',(0.532646879713,2.622974006667));
#13089 = CARTESIAN_POINT('',(1.224327279241,2.646651838299));
#13090 = CARTESIAN_POINT('',(1.49982740594,2.617206234709));
#13091 = CARTESIAN_POINT('',(1.931769192622,2.632008279685));
#13092 = CARTESIAN_POINT('',(2.180594256233,2.598080393215));
#13093 = CARTESIAN_POINT('',(2.571022622778,2.581118684169));
#13094 = CARTESIAN_POINT('',(2.888474364217,2.551158949718));
#13095 = CARTESIAN_POINT('',(3.228246694491,2.52064546829));
#13096 = ( GEOMETRIC_REPRESENTATION_CONTEXT(2) 
PARAMETRIC_REPRESENTATION_CONTEXT() REPRESENTATION_CONTEXT('2D SPACE',''
  ) );
#13097 = ADVANCED_FACE('',(#13098),#12338,.F.);
#13098 = FACE_BOUND('',#13099,.F.);
#13099 = EDGE_LOOP('',(#13100,#13101,#13102,#13103));
#13100 = ORIENTED_EDGE('',*,*,#12320,.T.);
#13101 = ORIENTED_EDGE('',*,*,#12583,.T.);
#13102 = ORIENTED_EDGE('',*,*,#12830,.T.);
#13103 = ORIENTED_EDGE('',*,*,#12981,.T.);
#13104 = ADVANCED_FACE('',(#13105),#12190,.T.);
#13105 = FACE_BOUND('',#13106,.T.);
#13106 = EDGE_LOOP('',(#13107,#13108,#13109,#13110));
#13107 = ORIENTED_EDGE('',*,*,#12170,.T.);
#13108 = ORIENTED_EDGE('',*,*,#12358,.T.);
#13109 = ORIENTED_EDGE('',*,*,#12776,.T.);
#13110 = ORIENTED_EDGE('',*,*,#12863,.T.);
#13111 = MANIFOLD_SOLID_BREP('',#13112);
#13112 = CLOSED_SHELL('',(#13113,#13307,#13486,#13632,#13900,#13976,
    #14059,#14162,#14258,#14329,#14472,#14485));
#13113 = ADVANCED_FACE('',(#13114),#13128,.F.);
#13114 = FACE_BOUND('',#13115,.F.);
#13115 = EDGE_LOOP('',(#13116,#13183,#13219,#13273));
#13116 = ORIENTED_EDGE('',*,*,#13117,.T.);
#13117 = EDGE_CURVE('',#13118,#13120,#13122,.T.);
#13118 = VERTEX_POINT('',#13119);
#13119 = CARTESIAN_POINT('',(42.353151544872,13.81011446525,3.));
#13120 = VERTEX_POINT('',#13121);
#13121 = CARTESIAN_POINT('',(42.353151544872,13.81011446525,4.2));
#13122 = SURFACE_CURVE('',#13123,(#13127,#13145),.PCURVE_S1.);
#13123 = LINE('',#13124,#13125);
#13124 = CARTESIAN_POINT('',(42.353151544872,13.81011446525,3.));
#13125 = VECTOR('',#13126,1.);
#13126 = DIRECTION('',(0.,0.,1.));
#13127 = PCURVE('',#13128,#13139);
#13128 = SURFACE_OF_LINEAR_EXTRUSION('',#13129,#13137);
#13129 = B_SPLINE_CURVE_WITH_KNOTS('',6,(#13130,#13131,#13132,#13133,
    #13134,#13135,#13136),.UNSPECIFIED.,.F.,.F.,(7,7),(0.,1.),
  .PIECEWISE_BEZIER_KNOTS.);
#13130 = CARTESIAN_POINT('',(42.353151544872,13.81011446525,3.));
#13131 = CARTESIAN_POINT('',(41.94823749159,13.818801346537,3.));
#13132 = CARTESIAN_POINT('',(42.037362821967,13.773920029499,3.));
#13133 = CARTESIAN_POINT('',(40.74961692036,13.88309521881,3.));
#13134 = CARTESIAN_POINT('',(41.694562613879,13.722477445543,3.));
#13135 = CARTESIAN_POINT('',(40.398727183804,13.876853702901,3.));
#13136 = CARTESIAN_POINT('',(40.407513465235,13.776850613682,3.));
#13137 = VECTOR('',#13138,1.);
#13138 = DIRECTION('',(-0.,-0.,-1.));
#13139 = DEFINITIONAL_REPRESENTATION('',(#13140),#13144);
#13140 = LINE('',#13141,#13142);
#13141 = CARTESIAN_POINT('',(0.,0.));
#13142 = VECTOR('',#13143,1.);
#13143 = DIRECTION('',(0.,-1.));
#13144 = ( GEOMETRIC_REPRESENTATION_CONTEXT(2) 
PARAMETRIC_REPRESENTATION_CONTEXT() REPRESENTATION_CONTEXT('2D SPACE',''
  ) );
#13145 = PCURVE('',#13146,#13177);
#13146 = SURFACE_OF_LINEAR_EXTRUSION('',#13147,#13175);
#13147 = B_SPLINE_CURVE_WITH_KNOTS('',8,(#13148,#13149,#13150,#13151,
    #13152,#13153,#13154,#13155,#13156,#13157,#13158,#13159,#13160,
    #13161,#13162,#13163,#13164,#13165,#13166,#13167,#13168,#13169,
    #13170,#13171,#13172,#13173,#13174),.UNSPECIFIED.,.F.,.F.,(9,6,6,6,9
    ),(0.,0.160442588703,0.32411424839,0.664910888942,1.),
  .UNSPECIFIED.);
#13148 = CARTESIAN_POINT('',(42.403501919371,7.045251074627,3.));
#13149 = CARTESIAN_POINT('',(42.396065469156,7.180745502977,3.));
#13150 = CARTESIAN_POINT('',(42.410311254498,7.317161113901,
    2.999999999999));
#13151 = CARTESIAN_POINT('',(42.391558642007,7.453539598608,
    3.000000000002));
#13152 = CARTESIAN_POINT('',(42.408373929192,7.586923045668,
    2.999999999998));
#13153 = CARTESIAN_POINT('',(42.398556048652,7.726326906384,
    3.000000000001));
#13154 = CARTESIAN_POINT('',(42.401833620483,7.859507367716,3.));
#13155 = CARTESIAN_POINT('',(42.401117018987,8.136071007935,3.));
#13156 = CARTESIAN_POINT('',(42.401513872403,8.408048555551,3.));
#13157 = CARTESIAN_POINT('',(42.401780521703,8.553072821723,
    3.000000000001));
#13158 = CARTESIAN_POINT('',(42.400124962903,8.677166241726,
    2.999999999999));
#13159 = CARTESIAN_POINT('',(42.402979831602,8.834333542685,
    3.000000000001));
#13160 = CARTESIAN_POINT('',(42.400587919021,8.959564736673,3.));
#13161 = CARTESIAN_POINT('',(42.403172291256,9.399752266249,3.));
#13162 = CARTESIAN_POINT('',(42.398359622338,9.803320498625,
    2.999999999999));
#13163 = CARTESIAN_POINT('',(42.411138610926,10.152856486005,
    3.000000000001));
#13164 = CARTESIAN_POINT('',(42.38546729027,10.320600146847,
    2.999999999999));
#13165 = CARTESIAN_POINT('',(42.416415444731,10.753874184003,
    3.000000000001));
#13166 = CARTESIAN_POINT('',(42.393580769845,10.935955245041,3.));
#13167 = CARTESIAN_POINT('',(42.412210049662,11.595801256157,3.));
#13168 = CARTESIAN_POINT('',(42.38895864517,12.057396044405,3.));
#13169 = CARTESIAN_POINT('',(42.465825411144,12.714378843549,3.));
#13170 = CARTESIAN_POINT('',(42.253406657209,11.976488700459,3.));
#13171 = CARTESIAN_POINT('',(42.605553771693,13.900634584796,3.));
#13172 = CARTESIAN_POINT('',(42.216454555137,12.496817560635,3.));
#13173 = CARTESIAN_POINT('',(42.515149423806,13.876864396847,3.));
#13174 = CARTESIAN_POINT('',(42.353151544872,13.81011446525,3.));
#13175 = VECTOR('',#13176,1.);
#13176 = DIRECTION('',(-0.,-0.,-1.));
#13177 = DEFINITIONAL_REPRESENTATION('',(#13178),#13182);
#13178 = LINE('',#13179,#13180);
#13179 = CARTESIAN_POINT('',(1.,0.));
#13180 = VECTOR('',#13181,1.);
#13181 = DIRECTION('',(0.,-1.));
#13182 = ( GEOMETRIC_REPRESENTATION_CONTEXT(2) 
PARAMETRIC_REPRESENTATION_CONTEXT() REPRESENTATION_CONTEXT('2D SPACE',''
  ) );
#13183 = ORIENTED_EDGE('',*,*,#13184,.T.);
#13184 = EDGE_CURVE('',#13120,#13185,#13187,.T.);
#13185 = VERTEX_POINT('',#13186);
#13186 = CARTESIAN_POINT('',(40.407513465235,13.776850613682,4.2));
#13187 = SURFACE_CURVE('',#13188,(#13196,#13203),.PCURVE_S1.);
#13188 = B_SPLINE_CURVE_WITH_KNOTS('',6,(#13189,#13190,#13191,#13192,
    #13193,#13194,#13195),.UNSPECIFIED.,.F.,.F.,(7,7),(0.,1.),
  .PIECEWISE_BEZIER_KNOTS.);
#13189 = CARTESIAN_POINT('',(42.353151544872,13.81011446525,4.2));
#13190 = CARTESIAN_POINT('',(41.94823749159,13.818801346537,4.2));
#13191 = CARTESIAN_POINT('',(42.037362821967,13.773920029499,4.2));
#13192 = CARTESIAN_POINT('',(40.74961692036,13.88309521881,4.2));
#13193 = CARTESIAN_POINT('',(41.694562613879,13.722477445543,4.2));
#13194 = CARTESIAN_POINT('',(40.398727183804,13.876853702901,4.2));
#13195 = CARTESIAN_POINT('',(40.407513465235,13.776850613682,4.2));
#13196 = PCURVE('',#13128,#13197);
#13197 = DEFINITIONAL_REPRESENTATION('',(#13198),#13202);
#13198 = LINE('',#13199,#13200);
#13199 = CARTESIAN_POINT('',(0.,-1.2));
#13200 = VECTOR('',#13201,1.);
#13201 = DIRECTION('',(1.,0.));
#13202 = ( GEOMETRIC_REPRESENTATION_CONTEXT(2) 
PARAMETRIC_REPRESENTATION_CONTEXT() REPRESENTATION_CONTEXT('2D SPACE',''
  ) );
#13203 = PCURVE('',#13204,#13209);
#13204 = PLANE('',#13205);
#13205 = AXIS2_PLACEMENT_3D('',#13206,#13207,#13208);
#13206 = CARTESIAN_POINT('',(39.242058704733,9.168810629213,4.2));
#13207 = DIRECTION('',(0.,0.,1.));
#13208 = DIRECTION('',(1.,0.,-0.));
#13209 = DEFINITIONAL_REPRESENTATION('',(#13210),#13218);
#13210 = B_SPLINE_CURVE_WITH_KNOTS('',6,(#13211,#13212,#13213,#13214,
    #13215,#13216,#13217),.UNSPECIFIED.,.F.,.F.,(7,7),(0.,1.),
  .PIECEWISE_BEZIER_KNOTS.);
#13211 = CARTESIAN_POINT('',(3.111092840138,4.641303836037));
#13212 = CARTESIAN_POINT('',(2.706178786856,4.649990717324));
#13213 = CARTESIAN_POINT('',(2.795304117233,4.605109400286));
#13214 = CARTESIAN_POINT('',(1.507558215626,4.714284589597));
#13215 = CARTESIAN_POINT('',(2.452503909146,4.553666816329));
#13216 = CARTESIAN_POINT('',(1.156668479071,4.708043073688));
#13217 = CARTESIAN_POINT('',(1.165454760502,4.608039984469));
#13218 = ( GEOMETRIC_REPRESENTATION_CONTEXT(2) 
PARAMETRIC_REPRESENTATION_CONTEXT() REPRESENTATION_CONTEXT('2D SPACE',''
  ) );
#13219 = ORIENTED_EDGE('',*,*,#13220,.F.);
#13220 = EDGE_CURVE('',#13221,#13185,#13223,.T.);
#13221 = VERTEX_POINT('',#13222);
#13222 = CARTESIAN_POINT('',(40.407513465235,13.776850613682,3.));
#13223 = SURFACE_CURVE('',#13224,(#13228,#13235),.PCURVE_S1.);
#13224 = LINE('',#13225,#13226);
#13225 = CARTESIAN_POINT('',(40.407513465235,13.776850613682,3.));
#13226 = VECTOR('',#13227,1.);
#13227 = DIRECTION('',(0.,0.,1.));
#13228 = PCURVE('',#13128,#13229);
#13229 = DEFINITIONAL_REPRESENTATION('',(#13230),#13234);
#13230 = LINE('',#13231,#13232);
#13231 = CARTESIAN_POINT('',(1.,0.));
#13232 = VECTOR('',#13233,1.);
#13233 = DIRECTION('',(0.,-1.));
#13234 = ( GEOMETRIC_REPRESENTATION_CONTEXT(2) 
PARAMETRIC_REPRESENTATION_CONTEXT() REPRESENTATION_CONTEXT('2D SPACE',''
  ) );
#13235 = PCURVE('',#13236,#13267);
#13236 = SURFACE_OF_LINEAR_EXTRUSION('',#13237,#13265);
#13237 = B_SPLINE_CURVE_WITH_KNOTS('',8,(#13238,#13239,#13240,#13241,
    #13242,#13243,#13244,#13245,#13246,#13247,#13248,#13249,#13250,
    #13251,#13252,#13253,#13254,#13255,#13256,#13257,#13258,#13259,
    #13260,#13261,#13262,#13263,#13264),.UNSPECIFIED.,.F.,.F.,(9,6,6,6,9
    ),(0.,0.346191811803,0.557819817141,0.778482838658,1.),
  .UNSPECIFIED.);
#13238 = CARTESIAN_POINT('',(40.407513465235,13.776850613682,3.));
#13239 = CARTESIAN_POINT('',(40.403768515166,13.109469185973,3.));
#13240 = CARTESIAN_POINT('',(40.42876945024,12.434889140388,
    2.999999999999));
#13241 = CARTESIAN_POINT('',(40.348232216879,11.783320004971,
    3.000000000003));
#13242 = CARTESIAN_POINT('',(40.506191885773,11.087806381579,
    2.999999999997));
#13243 = CARTESIAN_POINT('',(40.309343101811,10.44541603462,
    3.000000000002));
#13244 = CARTESIAN_POINT('',(40.448424199058,9.76474894699,3.));
#13245 = CARTESIAN_POINT('',(40.443001654473,8.683043402019,3.));
#13246 = CARTESIAN_POINT('',(40.123778379504,7.633162988425,3.));
#13247 = CARTESIAN_POINT('',(39.965254834051,7.310813069244,3.));
#13248 = CARTESIAN_POINT('',(39.530861673628,6.807196264524,3.));
#13249 = CARTESIAN_POINT('',(39.07233884564,7.020153028028,3.));
#13250 = CARTESIAN_POINT('',(38.698551779654,6.840215166608,3.));
#13251 = CARTESIAN_POINT('',(37.77777919688,7.045201021958,3.));
#13252 = CARTESIAN_POINT('',(37.318134862975,7.777193237176,3.));
#13253 = CARTESIAN_POINT('',(37.118154082266,8.304279816208,3.));
#13254 = CARTESIAN_POINT('',(37.503681856576,8.662969797233,3.));
#13255 = CARTESIAN_POINT('',(37.252337592194,9.115807108548,3.));
#13256 = CARTESIAN_POINT('',(37.334653517759,9.535883764704,3.));
#13257 = CARTESIAN_POINT('',(37.315637481295,10.390494432706,3.));
#13258 = CARTESIAN_POINT('',(37.329116702018,11.243671144893,3.));
#13259 = CARTESIAN_POINT('',(37.31844439371,11.67207725017,
    3.000000000001));
#13260 = CARTESIAN_POINT('',(37.322162837952,12.098708395379,
    2.999999999999));
#13261 = CARTESIAN_POINT('',(37.334714596814,12.527563822269,
    3.000000000001));
#13262 = CARTESIAN_POINT('',(37.311373277891,12.954406535903,
    2.999999999999));
#13263 = CARTESIAN_POINT('',(37.331454804553,13.382569298681,3.));
#13264 = CARTESIAN_POINT('',(37.321487519269,13.81011446525,3.));
#13265 = VECTOR('',#13266,1.);
#13266 = DIRECTION('',(-0.,-0.,-1.));
#13267 = DEFINITIONAL_REPRESENTATION('',(#13268),#13272);
#13268 = LINE('',#13269,#13270);
#13269 = CARTESIAN_POINT('',(0.,0.));
#13270 = VECTOR('',#13271,1.);
#13271 = DIRECTION('',(0.,-1.));
#13272 = ( GEOMETRIC_REPRESENTATION_CONTEXT(2) 
PARAMETRIC_REPRESENTATION_CONTEXT() REPRESENTATION_CONTEXT('2D SPACE',''
  ) );
#13273 = ORIENTED_EDGE('',*,*,#13274,.F.);
#13274 = EDGE_CURVE('',#13118,#13221,#13275,.T.);
#13275 = SURFACE_CURVE('',#13276,(#13284,#13291),.PCURVE_S1.);
#13276 = B_SPLINE_CURVE_WITH_KNOTS('',6,(#13277,#13278,#13279,#13280,
    #13281,#13282,#13283),.UNSPECIFIED.,.F.,.F.,(7,7),(0.,1.),
  .PIECEWISE_BEZIER_KNOTS.);
#13277 = CARTESIAN_POINT('',(42.353151544872,13.81011446525,3.));
#13278 = CARTESIAN_POINT('',(41.94823749159,13.818801346537,3.));
#13279 = CARTESIAN_POINT('',(42.037362821967,13.773920029499,3.));
#13280 = CARTESIAN_POINT('',(40.74961692036,13.88309521881,3.));
#13281 = CARTESIAN_POINT('',(41.694562613879,13.722477445543,3.));
#13282 = CARTESIAN_POINT('',(40.398727183804,13.876853702901,3.));
#13283 = CARTESIAN_POINT('',(40.407513465235,13.776850613682,3.));
#13284 = PCURVE('',#13128,#13285);
#13285 = DEFINITIONAL_REPRESENTATION('',(#13286),#13290);
#13286 = LINE('',#13287,#13288);
#13287 = CARTESIAN_POINT('',(0.,0.));
#13288 = VECTOR('',#13289,1.);
#13289 = DIRECTION('',(1.,0.));
#13290 = ( GEOMETRIC_REPRESENTATION_CONTEXT(2) 
PARAMETRIC_REPRESENTATION_CONTEXT() REPRESENTATION_CONTEXT('2D SPACE',''
  ) );
#13291 = PCURVE('',#13292,#13297);
#13292 = PLANE('',#13293);
#13293 = AXIS2_PLACEMENT_3D('',#13294,#13295,#13296);
#13294 = CARTESIAN_POINT('',(39.242058704733,9.168810629213,3.));
#13295 = DIRECTION('',(0.,0.,1.));
#13296 = DIRECTION('',(1.,0.,-0.));
#13297 = DEFINITIONAL_REPRESENTATION('',(#13298),#13306);
#13298 = B_SPLINE_CURVE_WITH_KNOTS('',6,(#13299,#13300,#13301,#13302,
    #13303,#13304,#13305),.UNSPECIFIED.,.F.,.F.,(7,7),(0.,1.),
  .PIECEWISE_BEZIER_KNOTS.);
#13299 = CARTESIAN_POINT('',(3.111092840138,4.641303836037));
#13300 = CARTESIAN_POINT('',(2.706178786856,4.649990717324));
#13301 = CARTESIAN_POINT('',(2.795304117233,4.605109400286));
#13302 = CARTESIAN_POINT('',(1.507558215626,4.714284589597));
#13303 = CARTESIAN_POINT('',(2.452503909146,4.553666816329));
#13304 = CARTESIAN_POINT('',(1.156668479071,4.708043073688));
#13305 = CARTESIAN_POINT('',(1.165454760502,4.608039984469));
#13306 = ( GEOMETRIC_REPRESENTATION_CONTEXT(2) 
PARAMETRIC_REPRESENTATION_CONTEXT() REPRESENTATION_CONTEXT('2D SPACE',''
  ) );
#13307 = ADVANCED_FACE('',(#13308),#13236,.F.);
#13308 = FACE_BOUND('',#13309,.F.);
#13309 = EDGE_LOOP('',(#13310,#13311,#13382,#13417));
#13310 = ORIENTED_EDGE('',*,*,#13220,.T.);
#13311 = ORIENTED_EDGE('',*,*,#13312,.T.);
#13312 = EDGE_CURVE('',#13185,#13313,#13315,.T.);
#13313 = VERTEX_POINT('',#13314);
#13314 = CARTESIAN_POINT('',(37.321487519269,13.81011446525,4.2));
#13315 = SURFACE_CURVE('',#13316,(#13344,#13351),.PCURVE_S1.);
#13316 = B_SPLINE_CURVE_WITH_KNOTS('',8,(#13317,#13318,#13319,#13320,
    #13321,#13322,#13323,#13324,#13325,#13326,#13327,#13328,#13329,
    #13330,#13331,#13332,#13333,#13334,#13335,#13336,#13337,#13338,
    #13339,#13340,#13341,#13342,#13343),.UNSPECIFIED.,.F.,.F.,(9,6,6,6,9
    ),(0.,0.346191811803,0.557819817141,0.778482838658,1.),
  .UNSPECIFIED.);
#13317 = CARTESIAN_POINT('',(40.407513465235,13.776850613682,4.2));
#13318 = CARTESIAN_POINT('',(40.403768515166,13.109469185973,4.2));
#13319 = CARTESIAN_POINT('',(40.42876945024,12.434889140388,
    4.199999999999));
#13320 = CARTESIAN_POINT('',(40.348232216879,11.783320004971,
    4.200000000003));
#13321 = CARTESIAN_POINT('',(40.506191885773,11.087806381579,
    4.199999999997));
#13322 = CARTESIAN_POINT('',(40.309343101811,10.44541603462,
    4.200000000002));
#13323 = CARTESIAN_POINT('',(40.448424199058,9.76474894699,4.2));
#13324 = CARTESIAN_POINT('',(40.443001654473,8.683043402019,4.2));
#13325 = CARTESIAN_POINT('',(40.123778379504,7.633162988425,4.2));
#13326 = CARTESIAN_POINT('',(39.965254834051,7.310813069244,4.2));
#13327 = CARTESIAN_POINT('',(39.530861673628,6.807196264524,4.2));
#13328 = CARTESIAN_POINT('',(39.07233884564,7.020153028028,4.2));
#13329 = CARTESIAN_POINT('',(38.698551779654,6.840215166608,4.2));
#13330 = CARTESIAN_POINT('',(37.77777919688,7.045201021958,4.2));
#13331 = CARTESIAN_POINT('',(37.318134862975,7.777193237176,4.2));
#13332 = CARTESIAN_POINT('',(37.118154082266,8.304279816208,4.2));
#13333 = CARTESIAN_POINT('',(37.503681856576,8.662969797233,4.2));
#13334 = CARTESIAN_POINT('',(37.252337592194,9.115807108548,4.2));
#13335 = CARTESIAN_POINT('',(37.334653517759,9.535883764704,4.2));
#13336 = CARTESIAN_POINT('',(37.315637481295,10.390494432706,4.2));
#13337 = CARTESIAN_POINT('',(37.329116702018,11.243671144893,4.2));
#13338 = CARTESIAN_POINT('',(37.31844439371,11.67207725017,
    4.200000000001));
#13339 = CARTESIAN_POINT('',(37.322162837952,12.098708395379,
    4.199999999999));
#13340 = CARTESIAN_POINT('',(37.334714596814,12.527563822269,
    4.200000000001));
#13341 = CARTESIAN_POINT('',(37.311373277891,12.954406535903,
    4.199999999999));
#13342 = CARTESIAN_POINT('',(37.331454804553,13.382569298681,4.2));
#13343 = CARTESIAN_POINT('',(37.321487519269,13.81011446525,4.2));
#13344 = PCURVE('',#13236,#13345);
#13345 = DEFINITIONAL_REPRESENTATION('',(#13346),#13350);
#13346 = LINE('',#13347,#13348);
#13347 = CARTESIAN_POINT('',(0.,-1.2));
#13348 = VECTOR('',#13349,1.);
#13349 = DIRECTION('',(1.,0.));
#13350 = ( GEOMETRIC_REPRESENTATION_CONTEXT(2) 
PARAMETRIC_REPRESENTATION_CONTEXT() REPRESENTATION_CONTEXT('2D SPACE',''
  ) );
#13351 = PCURVE('',#13204,#13352);
#13352 = DEFINITIONAL_REPRESENTATION('',(#13353),#13381);
#13353 = B_SPLINE_CURVE_WITH_KNOTS('',8,(#13354,#13355,#13356,#13357,
    #13358,#13359,#13360,#13361,#13362,#13363,#13364,#13365,#13366,
    #13367,#13368,#13369,#13370,#13371,#13372,#13373,#13374,#13375,
    #13376,#13377,#13378,#13379,#13380),.UNSPECIFIED.,.F.,.F.,(9,6,6,6,9
    ),(0.,0.346191811803,0.557819817141,0.778482838658,1.),
  .UNSPECIFIED.);
#13354 = CARTESIAN_POINT('',(1.165454760502,4.608039984469));
#13355 = CARTESIAN_POINT('',(1.161709810432,3.94065855676));
#13356 = CARTESIAN_POINT('',(1.186710745506,3.266078511175));
#13357 = CARTESIAN_POINT('',(1.106173512146,2.614509375758));
#13358 = CARTESIAN_POINT('',(1.264133181039,1.918995752366));
#13359 = CARTESIAN_POINT('',(1.067284397078,1.276605405407));
#13360 = CARTESIAN_POINT('',(1.206365494325,0.595938317777));
#13361 = CARTESIAN_POINT('',(1.20094294974,-0.485767227194));
#13362 = CARTESIAN_POINT('',(0.881719674771,-1.535647640788));
#13363 = CARTESIAN_POINT('',(0.723196129318,-1.857997559969));
#13364 = CARTESIAN_POINT('',(0.288802968895,-2.361614364689));
#13365 = CARTESIAN_POINT('',(-0.169719859093,-2.148657601185));
#13366 = CARTESIAN_POINT('',(-0.54350692508,-2.328595462605));
#13367 = CARTESIAN_POINT('',(-1.464279507854,-2.123609607255));
#13368 = CARTESIAN_POINT('',(-1.923923841758,-1.391617392038));
#13369 = CARTESIAN_POINT('',(-2.123904622468,-0.864530813006));
#13370 = CARTESIAN_POINT('',(-1.738376848157,-0.50584083198));
#13371 = CARTESIAN_POINT('',(-1.98972111254,-5.300352066537E-02));
#13372 = CARTESIAN_POINT('',(-1.907405186974,0.367073135491));
#13373 = CARTESIAN_POINT('',(-1.926421223438,1.221683803493));
#13374 = CARTESIAN_POINT('',(-1.912942002715,2.07486051568));
#13375 = CARTESIAN_POINT('',(-1.923614311023,2.503266620957));
#13376 = CARTESIAN_POINT('',(-1.919895866781,2.929897766166));
#13377 = CARTESIAN_POINT('',(-1.907344107919,3.358753193056));
#13378 = CARTESIAN_POINT('',(-1.930685426842,3.78559590669));
#13379 = CARTESIAN_POINT('',(-1.91060390018,4.213758669468));
#13380 = CARTESIAN_POINT('',(-1.920571185464,4.641303836037));
#13381 = ( GEOMETRIC_REPRESENTATION_CONTEXT(2) 
PARAMETRIC_REPRESENTATION_CONTEXT() REPRESENTATION_CONTEXT('2D SPACE',''
  ) );
#13382 = ORIENTED_EDGE('',*,*,#13383,.F.);
#13383 = EDGE_CURVE('',#13384,#13313,#13386,.T.);
#13384 = VERTEX_POINT('',#13385);
#13385 = CARTESIAN_POINT('',(37.321487519269,13.81011446525,3.));
#13386 = SURFACE_CURVE('',#13387,(#13391,#13398),.PCURVE_S1.);
#13387 = LINE('',#13388,#13389);
#13388 = CARTESIAN_POINT('',(37.321487519269,13.81011446525,3.));
#13389 = VECTOR('',#13390,1.);
#13390 = DIRECTION('',(0.,0.,1.));
#13391 = PCURVE('',#13236,#13392);
#13392 = DEFINITIONAL_REPRESENTATION('',(#13393),#13397);
#13393 = LINE('',#13394,#13395);
#13394 = CARTESIAN_POINT('',(1.,0.));
#13395 = VECTOR('',#13396,1.);
#13396 = DIRECTION('',(0.,-1.));
#13397 = ( GEOMETRIC_REPRESENTATION_CONTEXT(2) 
PARAMETRIC_REPRESENTATION_CONTEXT() REPRESENTATION_CONTEXT('2D SPACE',''
  ) );
#13398 = PCURVE('',#13399,#13411);
#13399 = SURFACE_OF_LINEAR_EXTRUSION('',#13400,#13409);
#13400 = B_SPLINE_CURVE_WITH_KNOTS('',7,(#13401,#13402,#13403,#13404,
    #13405,#13406,#13407,#13408),.UNSPECIFIED.,.F.,.F.,(8,8),(0.,1.),
  .PIECEWISE_BEZIER_KNOTS.);
#13401 = CARTESIAN_POINT('',(37.321487519269,13.81011446525,3.));
#13402 = CARTESIAN_POINT('',(37.141304511532,13.80431547097,3.));
#13403 = CARTESIAN_POINT('',(36.28898037687,13.837580824671,
    3.000000000001));
#13404 = CARTESIAN_POINT('',(37.457920100028,13.746080099018,
    2.999999999999));
#13405 = CARTESIAN_POINT('',(34.94345128298,13.900669982504,
    3.000000000001));
#13406 = CARTESIAN_POINT('',(36.81889705916,13.727133046856,
    2.999999999999));
#13407 = CARTESIAN_POINT('',(35.255831931291,13.860221355985,3.));
#13408 = CARTESIAN_POINT('',(35.330234596487,13.790025553067,3.));
#13409 = VECTOR('',#13410,1.);
#13410 = DIRECTION('',(-0.,-0.,-1.));
#13411 = DEFINITIONAL_REPRESENTATION('',(#13412),#13416);
#13412 = LINE('',#13413,#13414);
#13413 = CARTESIAN_POINT('',(0.,0.));
#13414 = VECTOR('',#13415,1.);
#13415 = DIRECTION('',(0.,-1.));
#13416 = ( GEOMETRIC_REPRESENTATION_CONTEXT(2) 
PARAMETRIC_REPRESENTATION_CONTEXT() REPRESENTATION_CONTEXT('2D SPACE',''
  ) );
#13417 = ORIENTED_EDGE('',*,*,#13418,.F.);
#13418 = EDGE_CURVE('',#13221,#13384,#13419,.T.);
#13419 = SURFACE_CURVE('',#13420,(#13448,#13455),.PCURVE_S1.);
#13420 = B_SPLINE_CURVE_WITH_KNOTS('',8,(#13421,#13422,#13423,#13424,
    #13425,#13426,#13427,#13428,#13429,#13430,#13431,#13432,#13433,
    #13434,#13435,#13436,#13437,#13438,#13439,#13440,#13441,#13442,
    #13443,#13444,#13445,#13446,#13447),.UNSPECIFIED.,.F.,.F.,(9,6,6,6,9
    ),(0.,0.346191811803,0.557819817141,0.778482838658,1.),
  .UNSPECIFIED.);
#13421 = CARTESIAN_POINT('',(40.407513465235,13.776850613682,3.));
#13422 = CARTESIAN_POINT('',(40.403768515166,13.109469185973,3.));
#13423 = CARTESIAN_POINT('',(40.42876945024,12.434889140388,
    2.999999999999));
#13424 = CARTESIAN_POINT('',(40.348232216879,11.783320004971,
    3.000000000003));
#13425 = CARTESIAN_POINT('',(40.506191885773,11.087806381579,
    2.999999999997));
#13426 = CARTESIAN_POINT('',(40.309343101811,10.44541603462,
    3.000000000002));
#13427 = CARTESIAN_POINT('',(40.448424199058,9.76474894699,3.));
#13428 = CARTESIAN_POINT('',(40.443001654473,8.683043402019,3.));
#13429 = CARTESIAN_POINT('',(40.123778379504,7.633162988425,3.));
#13430 = CARTESIAN_POINT('',(39.965254834051,7.310813069244,3.));
#13431 = CARTESIAN_POINT('',(39.530861673628,6.807196264524,3.));
#13432 = CARTESIAN_POINT('',(39.07233884564,7.020153028028,3.));
#13433 = CARTESIAN_POINT('',(38.698551779654,6.840215166608,3.));
#13434 = CARTESIAN_POINT('',(37.77777919688,7.045201021958,3.));
#13435 = CARTESIAN_POINT('',(37.318134862975,7.777193237176,3.));
#13436 = CARTESIAN_POINT('',(37.118154082266,8.304279816208,3.));
#13437 = CARTESIAN_POINT('',(37.503681856576,8.662969797233,3.));
#13438 = CARTESIAN_POINT('',(37.252337592194,9.115807108548,3.));
#13439 = CARTESIAN_POINT('',(37.334653517759,9.535883764704,3.));
#13440 = CARTESIAN_POINT('',(37.315637481295,10.390494432706,3.));
#13441 = CARTESIAN_POINT('',(37.329116702018,11.243671144893,3.));
#13442 = CARTESIAN_POINT('',(37.31844439371,11.67207725017,
    3.000000000001));
#13443 = CARTESIAN_POINT('',(37.322162837952,12.098708395379,
    2.999999999999));
#13444 = CARTESIAN_POINT('',(37.334714596814,12.527563822269,
    3.000000000001));
#13445 = CARTESIAN_POINT('',(37.311373277891,12.954406535903,
    2.999999999999));
#13446 = CARTESIAN_POINT('',(37.331454804553,13.382569298681,3.));
#13447 = CARTESIAN_POINT('',(37.321487519269,13.81011446525,3.));
#13448 = PCURVE('',#13236,#13449);
#13449 = DEFINITIONAL_REPRESENTATION('',(#13450),#13454);
#13450 = LINE('',#13451,#13452);
#13451 = CARTESIAN_POINT('',(0.,0.));
#13452 = VECTOR('',#13453,1.);
#13453 = DIRECTION('',(1.,0.));
#13454 = ( GEOMETRIC_REPRESENTATION_CONTEXT(2) 
PARAMETRIC_REPRESENTATION_CONTEXT() REPRESENTATION_CONTEXT('2D SPACE',''
  ) );
#13455 = PCURVE('',#13292,#13456);
#13456 = DEFINITIONAL_REPRESENTATION('',(#13457),#13485);
#13457 = B_SPLINE_CURVE_WITH_KNOTS('',8,(#13458,#13459,#13460,#13461,
    #13462,#13463,#13464,#13465,#13466,#13467,#13468,#13469,#13470,
    #13471,#13472,#13473,#13474,#13475,#13476,#13477,#13478,#13479,
    #13480,#13481,#13482,#13483,#13484),.UNSPECIFIED.,.F.,.F.,(9,6,6,6,9
    ),(0.,0.346191811803,0.557819817141,0.778482838658,1.),
  .UNSPECIFIED.);
#13458 = CARTESIAN_POINT('',(1.165454760502,4.608039984469));
#13459 = CARTESIAN_POINT('',(1.161709810432,3.94065855676));
#13460 = CARTESIAN_POINT('',(1.186710745506,3.266078511175));
#13461 = CARTESIAN_POINT('',(1.106173512146,2.614509375758));
#13462 = CARTESIAN_POINT('',(1.264133181039,1.918995752366));
#13463 = CARTESIAN_POINT('',(1.067284397078,1.276605405407));
#13464 = CARTESIAN_POINT('',(1.206365494325,0.595938317777));
#13465 = CARTESIAN_POINT('',(1.20094294974,-0.485767227194));
#13466 = CARTESIAN_POINT('',(0.881719674771,-1.535647640788));
#13467 = CARTESIAN_POINT('',(0.723196129318,-1.857997559969));
#13468 = CARTESIAN_POINT('',(0.288802968895,-2.361614364689));
#13469 = CARTESIAN_POINT('',(-0.169719859093,-2.148657601185));
#13470 = CARTESIAN_POINT('',(-0.54350692508,-2.328595462605));
#13471 = CARTESIAN_POINT('',(-1.464279507854,-2.123609607255));
#13472 = CARTESIAN_POINT('',(-1.923923841758,-1.391617392038));
#13473 = CARTESIAN_POINT('',(-2.123904622468,-0.864530813006));
#13474 = CARTESIAN_POINT('',(-1.738376848157,-0.50584083198));
#13475 = CARTESIAN_POINT('',(-1.98972111254,-5.300352066537E-02));
#13476 = CARTESIAN_POINT('',(-1.907405186974,0.367073135491));
#13477 = CARTESIAN_POINT('',(-1.926421223438,1.221683803493));
#13478 = CARTESIAN_POINT('',(-1.912942002715,2.07486051568));
#13479 = CARTESIAN_POINT('',(-1.923614311023,2.503266620957));
#13480 = CARTESIAN_POINT('',(-1.919895866781,2.929897766166));
#13481 = CARTESIAN_POINT('',(-1.907344107919,3.358753193056));
#13482 = CARTESIAN_POINT('',(-1.930685426842,3.78559590669));
#13483 = CARTESIAN_POINT('',(-1.91060390018,4.213758669468));
#13484 = CARTESIAN_POINT('',(-1.920571185464,4.641303836037));
#13485 = ( GEOMETRIC_REPRESENTATION_CONTEXT(2) 
PARAMETRIC_REPRESENTATION_CONTEXT() REPRESENTATION_CONTEXT('2D SPACE',''
  ) );
#13486 = ADVANCED_FACE('',(#13487),#13399,.F.);
#13487 = FACE_BOUND('',#13488,.F.);
#13488 = EDGE_LOOP('',(#13489,#13490,#13523,#13601));
#13489 = ORIENTED_EDGE('',*,*,#13383,.T.);
#13490 = ORIENTED_EDGE('',*,*,#13491,.T.);
#13491 = EDGE_CURVE('',#13313,#13492,#13494,.T.);
#13492 = VERTEX_POINT('',#13493);
#13493 = CARTESIAN_POINT('',(35.330234596487,13.790025553067,4.2));
#13494 = SURFACE_CURVE('',#13495,(#13504,#13511),.PCURVE_S1.);
#13495 = B_SPLINE_CURVE_WITH_KNOTS('',7,(#13496,#13497,#13498,#13499,
    #13500,#13501,#13502,#13503),.UNSPECIFIED.,.F.,.F.,(8,8),(0.,1.),
  .PIECEWISE_BEZIER_KNOTS.);
#13496 = CARTESIAN_POINT('',(37.321487519269,13.81011446525,4.2));
#13497 = CARTESIAN_POINT('',(37.141304511532,13.80431547097,4.2));
#13498 = CARTESIAN_POINT('',(36.28898037687,13.837580824671,
    4.200000000001));
#13499 = CARTESIAN_POINT('',(37.457920100028,13.746080099018,
    4.199999999999));
#13500 = CARTESIAN_POINT('',(34.94345128298,13.900669982504,
    4.200000000001));
#13501 = CARTESIAN_POINT('',(36.81889705916,13.727133046856,
    4.199999999999));
#13502 = CARTESIAN_POINT('',(35.255831931291,13.860221355985,4.2));
#13503 = CARTESIAN_POINT('',(35.330234596487,13.790025553067,4.2));
#13504 = PCURVE('',#13399,#13505);
#13505 = DEFINITIONAL_REPRESENTATION('',(#13506),#13510);
#13506 = LINE('',#13507,#13508);
#13507 = CARTESIAN_POINT('',(0.,-1.2));
#13508 = VECTOR('',#13509,1.);
#13509 = DIRECTION('',(1.,0.));
#13510 = ( GEOMETRIC_REPRESENTATION_CONTEXT(2) 
PARAMETRIC_REPRESENTATION_CONTEXT() REPRESENTATION_CONTEXT('2D SPACE',''
  ) );
#13511 = PCURVE('',#13204,#13512);
#13512 = DEFINITIONAL_REPRESENTATION('',(#13513),#13522);
#13513 = B_SPLINE_CURVE_WITH_KNOTS('',7,(#13514,#13515,#13516,#13517,
    #13518,#13519,#13520,#13521),.UNSPECIFIED.,.F.,.F.,(8,8),(0.,1.),
  .PIECEWISE_BEZIER_KNOTS.);
#13514 = CARTESIAN_POINT('',(-1.920571185464,4.641303836037));
#13515 = CARTESIAN_POINT('',(-2.100754193201,4.635504841757));
#13516 = CARTESIAN_POINT('',(-2.953078327863,4.668770195458));
#13517 = CARTESIAN_POINT('',(-1.784138604705,4.577269469805));
#13518 = CARTESIAN_POINT('',(-4.298607421754,4.731859353291));
#13519 = CARTESIAN_POINT('',(-2.423161645573,4.558322417642));
#13520 = CARTESIAN_POINT('',(-3.986226773443,4.691410726772));
#13521 = CARTESIAN_POINT('',(-3.911824108246,4.621214923854));
#13522 = ( GEOMETRIC_REPRESENTATION_CONTEXT(2) 
PARAMETRIC_REPRESENTATION_CONTEXT() REPRESENTATION_CONTEXT('2D SPACE',''
  ) );
#13523 = ORIENTED_EDGE('',*,*,#13524,.F.);
#13524 = EDGE_CURVE('',#13525,#13492,#13527,.T.);
#13525 = VERTEX_POINT('',#13526);
#13526 = CARTESIAN_POINT('',(35.330234596487,13.790025553067,3.));
#13527 = SURFACE_CURVE('',#13528,(#13532,#13539),.PCURVE_S1.);
#13528 = LINE('',#13529,#13530);
#13529 = CARTESIAN_POINT('',(35.330234596487,13.790025553067,3.));
#13530 = VECTOR('',#13531,1.);
#13531 = DIRECTION('',(0.,0.,1.));
#13532 = PCURVE('',#13399,#13533);
#13533 = DEFINITIONAL_REPRESENTATION('',(#13534),#13538);
#13534 = LINE('',#13535,#13536);
#13535 = CARTESIAN_POINT('',(1.,0.));
#13536 = VECTOR('',#13537,1.);
#13537 = DIRECTION('',(0.,-1.));
#13538 = ( GEOMETRIC_REPRESENTATION_CONTEXT(2) 
PARAMETRIC_REPRESENTATION_CONTEXT() REPRESENTATION_CONTEXT('2D SPACE',''
  ) );
#13539 = PCURVE('',#13540,#13595);
#13540 = SURFACE_OF_LINEAR_EXTRUSION('',#13541,#13593);
#13541 = B_SPLINE_CURVE_WITH_KNOTS('',8,(#13542,#13543,#13544,#13545,
    #13546,#13547,#13548,#13549,#13550,#13551,#13552,#13553,#13554,
    #13555,#13556,#13557,#13558,#13559,#13560,#13561,#13562,#13563,
    #13564,#13565,#13566,#13567,#13568,#13569,#13570,#13571,#13572,
    #13573,#13574,#13575,#13576,#13577,#13578,#13579,#13580,#13581,
    #13582,#13583,#13584,#13585,#13586,#13587,#13588,#13589,#13590,
    #13591,#13592),.UNSPECIFIED.,.F.,.F.,(9,6,6,6,6,6,6,6,9),(0.,
    0.125173586764,0.250347173528,0.375520760292,0.50850175796,
    0.624707509634,0.749051338716,0.876341566974,1.),.UNSPECIFIED.);
#13542 = CARTESIAN_POINT('',(35.330234596487,13.790025553067,3.));
#13543 = CARTESIAN_POINT('',(35.330231586723,13.580497540984,3.));
#13544 = CARTESIAN_POINT('',(35.330248970754,13.371059226369,3.));
#13545 = CARTESIAN_POINT('',(35.330201247376,13.161334547549,3.));
#13546 = CARTESIAN_POINT('',(35.330280130883,12.952166738429,3.));
#13547 = CARTESIAN_POINT('',(35.330196955798,12.742286110179,3.));
#13548 = CARTESIAN_POINT('',(35.330251895175,12.533013005684,3.));
#13549 = CARTESIAN_POINT('',(35.330211944347,12.113807696612,3.));
#13550 = CARTESIAN_POINT('',(35.330259041248,11.694985372781,3.));
#13551 = CARTESIAN_POINT('',(35.330137767246,11.484936601254,
    3.000000000001));
#13552 = CARTESIAN_POINT('',(35.33040582237,11.276603116548,
    2.999999999999));
#13553 = CARTESIAN_POINT('',(35.330068081637,11.065598165231,
    3.000000000001));
#13554 = CARTESIAN_POINT('',(35.330320956413,10.857201401526,
    2.999999999999));
#13555 = CARTESIAN_POINT('',(35.330117403857,10.437267809694,
    3.000000000001));
#13556 = CARTESIAN_POINT('',(35.330364073517,10.01933908217,
    2.999999999999));
#13557 = CARTESIAN_POINT('',(35.329723298635,9.806881055096,
    3.000000000002));
#13558 = CARTESIAN_POINT('',(35.331107795563,9.603941591792,
    2.999999999997));
#13559 = CARTESIAN_POINT('',(35.329447488839,9.386126802082,
    3.000000000002));
#13560 = CARTESIAN_POINT('',(35.330569483262,9.182790663568,
    2.999999999999));
#13561 = CARTESIAN_POINT('',(35.329877109923,8.745673750049,
    3.000000000001));
#13562 = CARTESIAN_POINT('',(35.330427803528,8.319834886797,
    2.999999999999));
#13563 = CARTESIAN_POINT('',(35.335969200257,8.081657603323,
    3.000000000001));
#13564 = CARTESIAN_POINT('',(35.305694692459,7.890743689389,
    2.999999999999));
#13565 = CARTESIAN_POINT('',(35.355629346653,7.632648975568,3.));
#13566 = CARTESIAN_POINT('',(35.365385577403,7.432555087895,3.));
#13567 = CARTESIAN_POINT('',(35.449475326763,7.010394357264,3.));
#13568 = CARTESIAN_POINT('',(35.575720800866,6.623167014034,3.));
#13569 = CARTESIAN_POINT('',(35.65782797592,6.429978382935,
    2.999999999999));
#13570 = CARTESIAN_POINT('',(35.737655372861,6.273649781697,
    3.000000000002));
#13571 = CARTESIAN_POINT('',(35.847887920301,6.093231230593,
    2.999999999999));
#13572 = CARTESIAN_POINT('',(35.967376972897,5.944124092992,
    3.000000000001));
#13573 = CARTESIAN_POINT('',(36.23993031316,5.646334275401,
    2.999999999999));
#13574 = CARTESIAN_POINT('',(36.578247517193,5.415768980449,
    3.000000000001));
#13575 = CARTESIAN_POINT('',(36.741870544038,5.314743038452,
    2.999999999999));
#13576 = CARTESIAN_POINT('',(36.988739077568,5.237268140973,
    3.000000000001));
#13577 = CARTESIAN_POINT('',(37.121810840677,5.174605596259,
    2.999999999999));
#13578 = CARTESIAN_POINT('',(37.379331494657,5.137991059679,3.));
#13579 = CARTESIAN_POINT('',(37.755296567504,5.080031388969,3.));
#13580 = CARTESIAN_POINT('',(38.229733225694,5.093676366756,3.));
#13581 = CARTESIAN_POINT('',(38.316107495553,5.069411150039,3.));
#13582 = CARTESIAN_POINT('',(38.786566460105,5.206597763974,3.));
#13583 = CARTESIAN_POINT('',(38.698287264228,5.136306258444,3.));
#13584 = CARTESIAN_POINT('',(39.09313381082,5.321937920364,3.));
#13585 = CARTESIAN_POINT('',(39.326148832881,5.45633374393,3.));
#13586 = CARTESIAN_POINT('',(39.775267746623,5.839325167626,3.));
#13587 = CARTESIAN_POINT('',(39.598962680561,5.793072405579,3.));
#13588 = CARTESIAN_POINT('',(40.340714242098,6.366520431538,
    3.000000000001));
#13589 = CARTESIAN_POINT('',(39.662485408026,6.152428358572,
    2.999999999999));
#13590 = CARTESIAN_POINT('',(40.3578463733,6.546456438731,3.000000000001
    ));
#13591 = CARTESIAN_POINT('',(40.08009966461,6.73590865309,3.));
#13592 = CARTESIAN_POINT('',(40.252724918011,6.900376744523,3.));
#13593 = VECTOR('',#13594,1.);
#13594 = DIRECTION('',(-0.,-0.,-1.));
#13595 = DEFINITIONAL_REPRESENTATION('',(#13596),#13600);
#13596 = LINE('',#13597,#13598);
#13597 = CARTESIAN_POINT('',(0.,0.));
#13598 = VECTOR('',#13599,1.);
#13599 = DIRECTION('',(0.,-1.));
#13600 = ( GEOMETRIC_REPRESENTATION_CONTEXT(2) 
PARAMETRIC_REPRESENTATION_CONTEXT() REPRESENTATION_CONTEXT('2D SPACE',''
  ) );
#13601 = ORIENTED_EDGE('',*,*,#13602,.F.);
#13602 = EDGE_CURVE('',#13384,#13525,#13603,.T.);
#13603 = SURFACE_CURVE('',#13604,(#13613,#13620),.PCURVE_S1.);
#13604 = B_SPLINE_CURVE_WITH_KNOTS('',7,(#13605,#13606,#13607,#13608,
    #13609,#13610,#13611,#13612),.UNSPECIFIED.,.F.,.F.,(8,8),(0.,1.),
  .PIECEWISE_BEZIER_KNOTS.);
#13605 = CARTESIAN_POINT('',(37.321487519269,13.81011446525,3.));
#13606 = CARTESIAN_POINT('',(37.141304511532,13.80431547097,3.));
#13607 = CARTESIAN_POINT('',(36.28898037687,13.837580824671,
    3.000000000001));
#13608 = CARTESIAN_POINT('',(37.457920100028,13.746080099018,
    2.999999999999));
#13609 = CARTESIAN_POINT('',(34.94345128298,13.900669982504,
    3.000000000001));
#13610 = CARTESIAN_POINT('',(36.81889705916,13.727133046856,
    2.999999999999));
#13611 = CARTESIAN_POINT('',(35.255831931291,13.860221355985,3.));
#13612 = CARTESIAN_POINT('',(35.330234596487,13.790025553067,3.));
#13613 = PCURVE('',#13399,#13614);
#13614 = DEFINITIONAL_REPRESENTATION('',(#13615),#13619);
#13615 = LINE('',#13616,#13617);
#13616 = CARTESIAN_POINT('',(0.,0.));
#13617 = VECTOR('',#13618,1.);
#13618 = DIRECTION('',(1.,0.));
#13619 = ( GEOMETRIC_REPRESENTATION_CONTEXT(2) 
PARAMETRIC_REPRESENTATION_CONTEXT() REPRESENTATION_CONTEXT('2D SPACE',''
  ) );
#13620 = PCURVE('',#13292,#13621);
#13621 = DEFINITIONAL_REPRESENTATION('',(#13622),#13631);
#13622 = B_SPLINE_CURVE_WITH_KNOTS('',7,(#13623,#13624,#13625,#13626,
    #13627,#13628,#13629,#13630),.UNSPECIFIED.,.F.,.F.,(8,8),(0.,1.),
  .PIECEWISE_BEZIER_KNOTS.);
#13623 = CARTESIAN_POINT('',(-1.920571185464,4.641303836037));
#13624 = CARTESIAN_POINT('',(-2.100754193201,4.635504841757));
#13625 = CARTESIAN_POINT('',(-2.953078327863,4.668770195458));
#13626 = CARTESIAN_POINT('',(-1.784138604705,4.577269469805));
#13627 = CARTESIAN_POINT('',(-4.298607421754,4.731859353291));
#13628 = CARTESIAN_POINT('',(-2.423161645573,4.558322417642));
#13629 = CARTESIAN_POINT('',(-3.986226773443,4.691410726772));
#13630 = CARTESIAN_POINT('',(-3.911824108246,4.621214923854));
#13631 = ( GEOMETRIC_REPRESENTATION_CONTEXT(2) 
PARAMETRIC_REPRESENTATION_CONTEXT() REPRESENTATION_CONTEXT('2D SPACE',''
  ) );
#13632 = ADVANCED_FACE('',(#13633),#13540,.F.);
#13633 = FACE_BOUND('',#13634,.F.);
#13634 = EDGE_LOOP('',(#13635,#13636,#13755,#13783));
#13635 = ORIENTED_EDGE('',*,*,#13524,.T.);
#13636 = ORIENTED_EDGE('',*,*,#13637,.T.);
#13637 = EDGE_CURVE('',#13492,#13638,#13640,.T.);
#13638 = VERTEX_POINT('',#13639);
#13639 = CARTESIAN_POINT('',(40.252724918011,6.900376744523,4.2));
#13640 = SURFACE_CURVE('',#13641,(#13693,#13700),.PCURVE_S1.);
#13641 = B_SPLINE_CURVE_WITH_KNOTS('',8,(#13642,#13643,#13644,#13645,
    #13646,#13647,#13648,#13649,#13650,#13651,#13652,#13653,#13654,
    #13655,#13656,#13657,#13658,#13659,#13660,#13661,#13662,#13663,
    #13664,#13665,#13666,#13667,#13668,#13669,#13670,#13671,#13672,
    #13673,#13674,#13675,#13676,#13677,#13678,#13679,#13680,#13681,
    #13682,#13683,#13684,#13685,#13686,#13687,#13688,#13689,#13690,
    #13691,#13692),.UNSPECIFIED.,.F.,.F.,(9,6,6,6,6,6,6,6,9),(0.,
    0.125173586764,0.250347173528,0.375520760292,0.50850175796,
    0.624707509634,0.749051338716,0.876341566974,1.),.UNSPECIFIED.);
#13642 = CARTESIAN_POINT('',(35.330234596487,13.790025553067,4.2));
#13643 = CARTESIAN_POINT('',(35.330231586723,13.580497540984,4.2));
#13644 = CARTESIAN_POINT('',(35.330248970754,13.371059226369,4.2));
#13645 = CARTESIAN_POINT('',(35.330201247376,13.161334547549,4.2));
#13646 = CARTESIAN_POINT('',(35.330280130883,12.952166738429,4.2));
#13647 = CARTESIAN_POINT('',(35.330196955798,12.742286110179,4.2));
#13648 = CARTESIAN_POINT('',(35.330251895175,12.533013005684,4.2));
#13649 = CARTESIAN_POINT('',(35.330211944347,12.113807696612,4.2));
#13650 = CARTESIAN_POINT('',(35.330259041248,11.694985372781,4.2));
#13651 = CARTESIAN_POINT('',(35.330137767246,11.484936601254,
    4.200000000001));
#13652 = CARTESIAN_POINT('',(35.33040582237,11.276603116548,
    4.199999999999));
#13653 = CARTESIAN_POINT('',(35.330068081637,11.065598165231,
    4.200000000001));
#13654 = CARTESIAN_POINT('',(35.330320956413,10.857201401526,
    4.199999999999));
#13655 = CARTESIAN_POINT('',(35.330117403857,10.437267809694,
    4.200000000001));
#13656 = CARTESIAN_POINT('',(35.330364073517,10.01933908217,
    4.199999999999));
#13657 = CARTESIAN_POINT('',(35.329723298635,9.806881055096,
    4.200000000002));
#13658 = CARTESIAN_POINT('',(35.331107795563,9.603941591792,
    4.199999999997));
#13659 = CARTESIAN_POINT('',(35.329447488839,9.386126802082,
    4.200000000002));
#13660 = CARTESIAN_POINT('',(35.330569483262,9.182790663568,
    4.199999999999));
#13661 = CARTESIAN_POINT('',(35.329877109923,8.745673750049,
    4.200000000001));
#13662 = CARTESIAN_POINT('',(35.330427803528,8.319834886797,
    4.199999999999));
#13663 = CARTESIAN_POINT('',(35.335969200257,8.081657603323,
    4.200000000001));
#13664 = CARTESIAN_POINT('',(35.305694692459,7.890743689389,
    4.199999999999));
#13665 = CARTESIAN_POINT('',(35.355629346653,7.632648975568,4.2));
#13666 = CARTESIAN_POINT('',(35.365385577403,7.432555087895,4.2));
#13667 = CARTESIAN_POINT('',(35.449475326763,7.010394357264,4.2));
#13668 = CARTESIAN_POINT('',(35.575720800866,6.623167014034,4.2));
#13669 = CARTESIAN_POINT('',(35.65782797592,6.429978382935,
    4.199999999999));
#13670 = CARTESIAN_POINT('',(35.737655372861,6.273649781697,
    4.200000000002));
#13671 = CARTESIAN_POINT('',(35.847887920301,6.093231230593,
    4.199999999999));
#13672 = CARTESIAN_POINT('',(35.967376972897,5.944124092992,
    4.200000000001));
#13673 = CARTESIAN_POINT('',(36.23993031316,5.646334275401,
    4.199999999999));
#13674 = CARTESIAN_POINT('',(36.578247517193,5.415768980449,
    4.200000000001));
#13675 = CARTESIAN_POINT('',(36.741870544038,5.314743038452,
    4.199999999999));
#13676 = CARTESIAN_POINT('',(36.988739077568,5.237268140973,
    4.200000000001));
#13677 = CARTESIAN_POINT('',(37.121810840677,5.174605596259,
    4.199999999999));
#13678 = CARTESIAN_POINT('',(37.379331494657,5.137991059679,4.2));
#13679 = CARTESIAN_POINT('',(37.755296567504,5.080031388969,4.2));
#13680 = CARTESIAN_POINT('',(38.229733225694,5.093676366756,4.2));
#13681 = CARTESIAN_POINT('',(38.316107495553,5.069411150039,4.2));
#13682 = CARTESIAN_POINT('',(38.786566460105,5.206597763974,4.2));
#13683 = CARTESIAN_POINT('',(38.698287264228,5.136306258444,4.2));
#13684 = CARTESIAN_POINT('',(39.09313381082,5.321937920364,4.2));
#13685 = CARTESIAN_POINT('',(39.326148832881,5.45633374393,4.2));
#13686 = CARTESIAN_POINT('',(39.775267746623,5.839325167626,4.2));
#13687 = CARTESIAN_POINT('',(39.598962680561,5.793072405579,4.2));
#13688 = CARTESIAN_POINT('',(40.340714242098,6.366520431538,
    4.200000000001));
#13689 = CARTESIAN_POINT('',(39.662485408026,6.152428358572,
    4.199999999999));
#13690 = CARTESIAN_POINT('',(40.3578463733,6.546456438731,4.200000000001
    ));
#13691 = CARTESIAN_POINT('',(40.08009966461,6.73590865309,4.2));
#13692 = CARTESIAN_POINT('',(40.252724918011,6.900376744523,4.2));
#13693 = PCURVE('',#13540,#13694);
#13694 = DEFINITIONAL_REPRESENTATION('',(#13695),#13699);
#13695 = LINE('',#13696,#13697);
#13696 = CARTESIAN_POINT('',(0.,-1.2));
#13697 = VECTOR('',#13698,1.);
#13698 = DIRECTION('',(1.,0.));
#13699 = ( GEOMETRIC_REPRESENTATION_CONTEXT(2) 
PARAMETRIC_REPRESENTATION_CONTEXT() REPRESENTATION_CONTEXT('2D SPACE',''
  ) );
#13700 = PCURVE('',#13204,#13701);
#13701 = DEFINITIONAL_REPRESENTATION('',(#13702),#13754);
#13702 = B_SPLINE_CURVE_WITH_KNOTS('',8,(#13703,#13704,#13705,#13706,
    #13707,#13708,#13709,#13710,#13711,#13712,#13713,#13714,#13715,
    #13716,#13717,#13718,#13719,#13720,#13721,#13722,#13723,#13724,
    #13725,#13726,#13727,#13728,#13729,#13730,#13731,#13732,#13733,
    #13734,#13735,#13736,#13737,#13738,#13739,#13740,#13741,#13742,
    #13743,#13744,#13745,#13746,#13747,#13748,#13749,#13750,#13751,
    #13752,#13753),.UNSPECIFIED.,.F.,.F.,(9,6,6,6,6,6,6,6,9),(0.,
    0.125173586764,0.250347173528,0.375520760292,0.50850175796,
    0.624707509634,0.749051338716,0.876341566974,1.),.UNSPECIFIED.);
#13703 = CARTESIAN_POINT('',(-3.911824108246,4.621214923854));
#13704 = CARTESIAN_POINT('',(-3.91182711801,4.411686911771));
#13705 = CARTESIAN_POINT('',(-3.911809733979,4.202248597156));
#13706 = CARTESIAN_POINT('',(-3.911857457357,3.992523918336));
#13707 = CARTESIAN_POINT('',(-3.911778573851,3.783356109216));
#13708 = CARTESIAN_POINT('',(-3.911861748936,3.573475480966));
#13709 = CARTESIAN_POINT('',(-3.911806809559,3.364202376471));
#13710 = CARTESIAN_POINT('',(-3.911846760386,2.944997067399));
#13711 = CARTESIAN_POINT('',(-3.911799663485,2.526174743568));
#13712 = CARTESIAN_POINT('',(-3.911920937487,2.316125972041));
#13713 = CARTESIAN_POINT('',(-3.911652882363,2.107792487335));
#13714 = CARTESIAN_POINT('',(-3.911990623096,1.896787536018));
#13715 = CARTESIAN_POINT('',(-3.911737748321,1.688390772313));
#13716 = CARTESIAN_POINT('',(-3.911941300876,1.268457180481));
#13717 = CARTESIAN_POINT('',(-3.911694631216,0.850528452957));
#13718 = CARTESIAN_POINT('',(-3.912335406098,0.638070425883));
#13719 = CARTESIAN_POINT('',(-3.910950909171,0.435130962579));
#13720 = CARTESIAN_POINT('',(-3.912611215895,0.217316172869));
#13721 = CARTESIAN_POINT('',(-3.911489221472,1.398003435501E-02));
#13722 = CARTESIAN_POINT('',(-3.91218159481,-0.423136879164));
#13723 = CARTESIAN_POINT('',(-3.911630901205,-0.848975742416));
#13724 = CARTESIAN_POINT('',(-3.906089504476,-1.08715302589));
#13725 = CARTESIAN_POINT('',(-3.936364012274,-1.278066939824));
#13726 = CARTESIAN_POINT('',(-3.88642935808,-1.536161653645));
#13727 = CARTESIAN_POINT('',(-3.87667312733,-1.736255541318));
#13728 = CARTESIAN_POINT('',(-3.79258337797,-2.158416271949));
#13729 = CARTESIAN_POINT('',(-3.666337903868,-2.545643615179));
#13730 = CARTESIAN_POINT('',(-3.584230728813,-2.738832246278));
#13731 = CARTESIAN_POINT('',(-3.504403331873,-2.895160847516));
#13732 = CARTESIAN_POINT('',(-3.394170784432,-3.07557939862));
#13733 = CARTESIAN_POINT('',(-3.274681731836,-3.224686536221));
#13734 = CARTESIAN_POINT('',(-3.002128391574,-3.522476353812));
#13735 = CARTESIAN_POINT('',(-2.66381118754,-3.753041648764));
#13736 = CARTESIAN_POINT('',(-2.500188160695,-3.854067590761));
#13737 = CARTESIAN_POINT('',(-2.253319627165,-3.93154248824));
#13738 = CARTESIAN_POINT('',(-2.120247864056,-3.994205032954));
#13739 = CARTESIAN_POINT('',(-1.862727210076,-4.030819569534));
#13740 = CARTESIAN_POINT('',(-1.486762137229,-4.088779240244));
#13741 = CARTESIAN_POINT('',(-1.01232547904,-4.075134262457));
#13742 = CARTESIAN_POINT('',(-0.92595120918,-4.099399479174));
#13743 = CARTESIAN_POINT('',(-0.455492244628,-3.962212865239));
#13744 = CARTESIAN_POINT('',(-0.543771440505,-4.032504370769));
#13745 = CARTESIAN_POINT('',(-0.148924893913,-3.846872708849));
#13746 = CARTESIAN_POINT('',(8.409012814749E-02,-3.712476885283));
#13747 = CARTESIAN_POINT('',(0.53320904189,-3.329485461587));
#13748 = CARTESIAN_POINT('',(0.356903975828,-3.375738223634));
#13749 = CARTESIAN_POINT('',(1.098655537365,-2.802290197675));
#13750 = CARTESIAN_POINT('',(0.420426703292,-3.016382270642));
#13751 = CARTESIAN_POINT('',(1.115787668566,-2.622354190483));
#13752 = CARTESIAN_POINT('',(0.838040959876,-2.432901976123));
#13753 = CARTESIAN_POINT('',(1.010666213278,-2.26843388469));
#13754 = ( GEOMETRIC_REPRESENTATION_CONTEXT(2) 
PARAMETRIC_REPRESENTATION_CONTEXT() REPRESENTATION_CONTEXT('2D SPACE',''
  ) );
#13755 = ORIENTED_EDGE('',*,*,#13756,.F.);
#13756 = EDGE_CURVE('',#13757,#13638,#13759,.T.);
#13757 = VERTEX_POINT('',#13758);
#13758 = CARTESIAN_POINT('',(40.252724918011,6.900376744523,3.));
#13759 = SURFACE_CURVE('',#13760,(#13764,#13771),.PCURVE_S1.);
#13760 = LINE('',#13761,#13762);
#13761 = CARTESIAN_POINT('',(40.252724918011,6.900376744523,3.));
#13762 = VECTOR('',#13763,1.);
#13763 = DIRECTION('',(0.,0.,1.));
#13764 = PCURVE('',#13540,#13765);
#13765 = DEFINITIONAL_REPRESENTATION('',(#13766),#13770);
#13766 = LINE('',#13767,#13768);
#13767 = CARTESIAN_POINT('',(1.,0.));
#13768 = VECTOR('',#13769,1.);
#13769 = DIRECTION('',(0.,-1.));
#13770 = ( GEOMETRIC_REPRESENTATION_CONTEXT(2) 
PARAMETRIC_REPRESENTATION_CONTEXT() REPRESENTATION_CONTEXT('2D SPACE',''
  ) );
#13771 = PCURVE('',#13772,#13777);
#13772 = PLANE('',#13773);
#13773 = AXIS2_PLACEMENT_3D('',#13774,#13775,#13776);
#13774 = CARTESIAN_POINT('',(40.252724918011,6.900376744523,3.));
#13775 = DIRECTION('',(0.,1.,0.));
#13776 = DIRECTION('',(1.,0.,0.));
#13777 = DEFINITIONAL_REPRESENTATION('',(#13778),#13782);
#13778 = LINE('',#13779,#13780);
#13779 = CARTESIAN_POINT('',(0.,0.));
#13780 = VECTOR('',#13781,1.);
#13781 = DIRECTION('',(0.,-1.));
#13782 = ( GEOMETRIC_REPRESENTATION_CONTEXT(2) 
PARAMETRIC_REPRESENTATION_CONTEXT() REPRESENTATION_CONTEXT('2D SPACE',''
  ) );
#13783 = ORIENTED_EDGE('',*,*,#13784,.F.);
#13784 = EDGE_CURVE('',#13525,#13757,#13785,.T.);
#13785 = SURFACE_CURVE('',#13786,(#13838,#13845),.PCURVE_S1.);
#13786 = B_SPLINE_CURVE_WITH_KNOTS('',8,(#13787,#13788,#13789,#13790,
    #13791,#13792,#13793,#13794,#13795,#13796,#13797,#13798,#13799,
    #13800,#13801,#13802,#13803,#13804,#13805,#13806,#13807,#13808,
    #13809,#13810,#13811,#13812,#13813,#13814,#13815,#13816,#13817,
    #13818,#13819,#13820,#13821,#13822,#13823,#13824,#13825,#13826,
    #13827,#13828,#13829,#13830,#13831,#13832,#13833,#13834,#13835,
    #13836,#13837),.UNSPECIFIED.,.F.,.F.,(9,6,6,6,6,6,6,6,9),(0.,
    0.125173586764,0.250347173528,0.375520760292,0.50850175796,
    0.624707509634,0.749051338716,0.876341566974,1.),.UNSPECIFIED.);
#13787 = CARTESIAN_POINT('',(35.330234596487,13.790025553067,3.));
#13788 = CARTESIAN_POINT('',(35.330231586723,13.580497540984,3.));
#13789 = CARTESIAN_POINT('',(35.330248970754,13.371059226369,3.));
#13790 = CARTESIAN_POINT('',(35.330201247376,13.161334547549,3.));
#13791 = CARTESIAN_POINT('',(35.330280130883,12.952166738429,3.));
#13792 = CARTESIAN_POINT('',(35.330196955798,12.742286110179,3.));
#13793 = CARTESIAN_POINT('',(35.330251895175,12.533013005684,3.));
#13794 = CARTESIAN_POINT('',(35.330211944347,12.113807696612,3.));
#13795 = CARTESIAN_POINT('',(35.330259041248,11.694985372781,3.));
#13796 = CARTESIAN_POINT('',(35.330137767246,11.484936601254,
    3.000000000001));
#13797 = CARTESIAN_POINT('',(35.33040582237,11.276603116548,
    2.999999999999));
#13798 = CARTESIAN_POINT('',(35.330068081637,11.065598165231,
    3.000000000001));
#13799 = CARTESIAN_POINT('',(35.330320956413,10.857201401526,
    2.999999999999));
#13800 = CARTESIAN_POINT('',(35.330117403857,10.437267809694,
    3.000000000001));
#13801 = CARTESIAN_POINT('',(35.330364073517,10.01933908217,
    2.999999999999));
#13802 = CARTESIAN_POINT('',(35.329723298635,9.806881055096,
    3.000000000002));
#13803 = CARTESIAN_POINT('',(35.331107795563,9.603941591792,
    2.999999999997));
#13804 = CARTESIAN_POINT('',(35.329447488839,9.386126802082,
    3.000000000002));
#13805 = CARTESIAN_POINT('',(35.330569483262,9.182790663568,
    2.999999999999));
#13806 = CARTESIAN_POINT('',(35.329877109923,8.745673750049,
    3.000000000001));
#13807 = CARTESIAN_POINT('',(35.330427803528,8.319834886797,
    2.999999999999));
#13808 = CARTESIAN_POINT('',(35.335969200257,8.081657603323,
    3.000000000001));
#13809 = CARTESIAN_POINT('',(35.305694692459,7.890743689389,
    2.999999999999));
#13810 = CARTESIAN_POINT('',(35.355629346653,7.632648975568,3.));
#13811 = CARTESIAN_POINT('',(35.365385577403,7.432555087895,3.));
#13812 = CARTESIAN_POINT('',(35.449475326763,7.010394357264,3.));
#13813 = CARTESIAN_POINT('',(35.575720800866,6.623167014034,3.));
#13814 = CARTESIAN_POINT('',(35.65782797592,6.429978382935,
    2.999999999999));
#13815 = CARTESIAN_POINT('',(35.737655372861,6.273649781697,
    3.000000000002));
#13816 = CARTESIAN_POINT('',(35.847887920301,6.093231230593,
    2.999999999999));
#13817 = CARTESIAN_POINT('',(35.967376972897,5.944124092992,
    3.000000000001));
#13818 = CARTESIAN_POINT('',(36.23993031316,5.646334275401,
    2.999999999999));
#13819 = CARTESIAN_POINT('',(36.578247517193,5.415768980449,
    3.000000000001));
#13820 = CARTESIAN_POINT('',(36.741870544038,5.314743038452,
    2.999999999999));
#13821 = CARTESIAN_POINT('',(36.988739077568,5.237268140973,
    3.000000000001));
#13822 = CARTESIAN_POINT('',(37.121810840677,5.174605596259,
    2.999999999999));
#13823 = CARTESIAN_POINT('',(37.379331494657,5.137991059679,3.));
#13824 = CARTESIAN_POINT('',(37.755296567504,5.080031388969,3.));
#13825 = CARTESIAN_POINT('',(38.229733225694,5.093676366756,3.));
#13826 = CARTESIAN_POINT('',(38.316107495553,5.069411150039,3.));
#13827 = CARTESIAN_POINT('',(38.786566460105,5.206597763974,3.));
#13828 = CARTESIAN_POINT('',(38.698287264228,5.136306258444,3.));
#13829 = CARTESIAN_POINT('',(39.09313381082,5.321937920364,3.));
#13830 = CARTESIAN_POINT('',(39.326148832881,5.45633374393,3.));
#13831 = CARTESIAN_POINT('',(39.775267746623,5.839325167626,3.));
#13832 = CARTESIAN_POINT('',(39.598962680561,5.793072405579,3.));
#13833 = CARTESIAN_POINT('',(40.340714242098,6.366520431538,
    3.000000000001));
#13834 = CARTESIAN_POINT('',(39.662485408026,6.152428358572,
    2.999999999999));
#13835 = CARTESIAN_POINT('',(40.3578463733,6.546456438731,3.000000000001
    ));
#13836 = CARTESIAN_POINT('',(40.08009966461,6.73590865309,3.));
#13837 = CARTESIAN_POINT('',(40.252724918011,6.900376744523,3.));
#13838 = PCURVE('',#13540,#13839);
#13839 = DEFINITIONAL_REPRESENTATION('',(#13840),#13844);
#13840 = LINE('',#13841,#13842);
#13841 = CARTESIAN_POINT('',(0.,0.));
#13842 = VECTOR('',#13843,1.);
#13843 = DIRECTION('',(1.,0.));
#13844 = ( GEOMETRIC_REPRESENTATION_CONTEXT(2) 
PARAMETRIC_REPRESENTATION_CONTEXT() REPRESENTATION_CONTEXT('2D SPACE',''
  ) );
#13845 = PCURVE('',#13292,#13846);
#13846 = DEFINITIONAL_REPRESENTATION('',(#13847),#13899);
#13847 = B_SPLINE_CURVE_WITH_KNOTS('',8,(#13848,#13849,#13850,#13851,
    #13852,#13853,#13854,#13855,#13856,#13857,#13858,#13859,#13860,
    #13861,#13862,#13863,#13864,#13865,#13866,#13867,#13868,#13869,
    #13870,#13871,#13872,#13873,#13874,#13875,#13876,#13877,#13878,
    #13879,#13880,#13881,#13882,#13883,#13884,#13885,#13886,#13887,
    #13888,#13889,#13890,#13891,#13892,#13893,#13894,#13895,#13896,
    #13897,#13898),.UNSPECIFIED.,.F.,.F.,(9,6,6,6,6,6,6,6,9),(0.,
    0.125173586764,0.250347173528,0.375520760292,0.50850175796,
    0.624707509634,0.749051338716,0.876341566974,1.),.UNSPECIFIED.);
#13848 = CARTESIAN_POINT('',(-3.911824108246,4.621214923854));
#13849 = CARTESIAN_POINT('',(-3.91182711801,4.411686911771));
#13850 = CARTESIAN_POINT('',(-3.911809733979,4.202248597156));
#13851 = CARTESIAN_POINT('',(-3.911857457357,3.992523918336));
#13852 = CARTESIAN_POINT('',(-3.911778573851,3.783356109216));
#13853 = CARTESIAN_POINT('',(-3.911861748936,3.573475480966));
#13854 = CARTESIAN_POINT('',(-3.911806809559,3.364202376471));
#13855 = CARTESIAN_POINT('',(-3.911846760386,2.944997067399));
#13856 = CARTESIAN_POINT('',(-3.911799663485,2.526174743568));
#13857 = CARTESIAN_POINT('',(-3.911920937487,2.316125972041));
#13858 = CARTESIAN_POINT('',(-3.911652882363,2.107792487335));
#13859 = CARTESIAN_POINT('',(-3.911990623096,1.896787536018));
#13860 = CARTESIAN_POINT('',(-3.911737748321,1.688390772313));
#13861 = CARTESIAN_POINT('',(-3.911941300876,1.268457180481));
#13862 = CARTESIAN_POINT('',(-3.911694631216,0.850528452957));
#13863 = CARTESIAN_POINT('',(-3.912335406098,0.638070425883));
#13864 = CARTESIAN_POINT('',(-3.910950909171,0.435130962579));
#13865 = CARTESIAN_POINT('',(-3.912611215895,0.217316172869));
#13866 = CARTESIAN_POINT('',(-3.911489221472,1.398003435501E-02));
#13867 = CARTESIAN_POINT('',(-3.91218159481,-0.423136879164));
#13868 = CARTESIAN_POINT('',(-3.911630901205,-0.848975742416));
#13869 = CARTESIAN_POINT('',(-3.906089504476,-1.08715302589));
#13870 = CARTESIAN_POINT('',(-3.936364012274,-1.278066939824));
#13871 = CARTESIAN_POINT('',(-3.88642935808,-1.536161653645));
#13872 = CARTESIAN_POINT('',(-3.87667312733,-1.736255541318));
#13873 = CARTESIAN_POINT('',(-3.79258337797,-2.158416271949));
#13874 = CARTESIAN_POINT('',(-3.666337903868,-2.545643615179));
#13875 = CARTESIAN_POINT('',(-3.584230728813,-2.738832246278));
#13876 = CARTESIAN_POINT('',(-3.504403331873,-2.895160847516));
#13877 = CARTESIAN_POINT('',(-3.394170784432,-3.07557939862));
#13878 = CARTESIAN_POINT('',(-3.274681731836,-3.224686536221));
#13879 = CARTESIAN_POINT('',(-3.002128391574,-3.522476353812));
#13880 = CARTESIAN_POINT('',(-2.66381118754,-3.753041648764));
#13881 = CARTESIAN_POINT('',(-2.500188160695,-3.854067590761));
#13882 = CARTESIAN_POINT('',(-2.253319627165,-3.93154248824));
#13883 = CARTESIAN_POINT('',(-2.120247864056,-3.994205032954));
#13884 = CARTESIAN_POINT('',(-1.862727210076,-4.030819569534));
#13885 = CARTESIAN_POINT('',(-1.486762137229,-4.088779240244));
#13886 = CARTESIAN_POINT('',(-1.01232547904,-4.075134262457));
#13887 = CARTESIAN_POINT('',(-0.92595120918,-4.099399479174));
#13888 = CARTESIAN_POINT('',(-0.455492244628,-3.962212865239));
#13889 = CARTESIAN_POINT('',(-0.543771440505,-4.032504370769));
#13890 = CARTESIAN_POINT('',(-0.148924893913,-3.846872708849));
#13891 = CARTESIAN_POINT('',(8.409012814749E-02,-3.712476885283));
#13892 = CARTESIAN_POINT('',(0.53320904189,-3.329485461587));
#13893 = CARTESIAN_POINT('',(0.356903975828,-3.375738223634));
#13894 = CARTESIAN_POINT('',(1.098655537365,-2.802290197675));
#13895 = CARTESIAN_POINT('',(0.420426703292,-3.016382270642));
#13896 = CARTESIAN_POINT('',(1.115787668566,-2.622354190483));
#13897 = CARTESIAN_POINT('',(0.838040959876,-2.432901976123));
#13898 = CARTESIAN_POINT('',(1.010666213278,-2.26843388469));
#13899 = ( GEOMETRIC_REPRESENTATION_CONTEXT(2) 
PARAMETRIC_REPRESENTATION_CONTEXT() REPRESENTATION_CONTEXT('2D SPACE',''
  ) );
#13900 = ADVANCED_FACE('',(#13901),#13772,.F.);
#13901 = FACE_BOUND('',#13902,.F.);
#13902 = EDGE_LOOP('',(#13903,#13904,#13927,#13955));
#13903 = ORIENTED_EDGE('',*,*,#13756,.T.);
#13904 = ORIENTED_EDGE('',*,*,#13905,.T.);
#13905 = EDGE_CURVE('',#13638,#13906,#13908,.T.);
#13906 = VERTEX_POINT('',#13907);
#13907 = CARTESIAN_POINT('',(40.43040502015,6.900376744523,4.2));
#13908 = SURFACE_CURVE('',#13909,(#13913,#13920),.PCURVE_S1.);
#13909 = LINE('',#13910,#13911);
#13910 = CARTESIAN_POINT('',(40.252724918011,6.900376744523,4.2));
#13911 = VECTOR('',#13912,1.);
#13912 = DIRECTION('',(1.,0.,0.));
#13913 = PCURVE('',#13772,#13914);
#13914 = DEFINITIONAL_REPRESENTATION('',(#13915),#13919);
#13915 = LINE('',#13916,#13917);
#13916 = CARTESIAN_POINT('',(0.,-1.2));
#13917 = VECTOR('',#13918,1.);
#13918 = DIRECTION('',(1.,0.));
#13919 = ( GEOMETRIC_REPRESENTATION_CONTEXT(2) 
PARAMETRIC_REPRESENTATION_CONTEXT() REPRESENTATION_CONTEXT('2D SPACE',''
  ) );
#13920 = PCURVE('',#13204,#13921);
#13921 = DEFINITIONAL_REPRESENTATION('',(#13922),#13926);
#13922 = LINE('',#13923,#13924);
#13923 = CARTESIAN_POINT('',(1.010666213278,-2.26843388469));
#13924 = VECTOR('',#13925,1.);
#13925 = DIRECTION('',(1.,0.));
#13926 = ( GEOMETRIC_REPRESENTATION_CONTEXT(2) 
PARAMETRIC_REPRESENTATION_CONTEXT() REPRESENTATION_CONTEXT('2D SPACE',''
  ) );
#13927 = ORIENTED_EDGE('',*,*,#13928,.F.);
#13928 = EDGE_CURVE('',#13929,#13906,#13931,.T.);
#13929 = VERTEX_POINT('',#13930);
#13930 = CARTESIAN_POINT('',(40.43040502015,6.900376744523,3.));
#13931 = SURFACE_CURVE('',#13932,(#13936,#13943),.PCURVE_S1.);
#13932 = LINE('',#13933,#13934);
#13933 = CARTESIAN_POINT('',(40.43040502015,6.900376744523,3.));
#13934 = VECTOR('',#13935,1.);
#13935 = DIRECTION('',(0.,0.,1.));
#13936 = PCURVE('',#13772,#13937);
#13937 = DEFINITIONAL_REPRESENTATION('',(#13938),#13942);
#13938 = LINE('',#13939,#13940);
#13939 = CARTESIAN_POINT('',(0.177680102138,0.));
#13940 = VECTOR('',#13941,1.);
#13941 = DIRECTION('',(0.,-1.));
#13942 = ( GEOMETRIC_REPRESENTATION_CONTEXT(2) 
PARAMETRIC_REPRESENTATION_CONTEXT() REPRESENTATION_CONTEXT('2D SPACE',''
  ) );
#13943 = PCURVE('',#13944,#13949);
#13944 = PLANE('',#13945);
#13945 = AXIS2_PLACEMENT_3D('',#13946,#13947,#13948);
#13946 = CARTESIAN_POINT('',(40.43040502015,6.900376744523,3.));
#13947 = DIRECTION('',(0.997495832627,7.072527053285E-02,-0.));
#13948 = DIRECTION('',(7.072527053285E-02,-0.997495832627,0.));
#13949 = DEFINITIONAL_REPRESENTATION('',(#13950),#13954);
#13950 = LINE('',#13951,#13952);
#13951 = CARTESIAN_POINT('',(0.,0.));
#13952 = VECTOR('',#13953,1.);
#13953 = DIRECTION('',(0.,-1.));
#13954 = ( GEOMETRIC_REPRESENTATION_CONTEXT(2) 
PARAMETRIC_REPRESENTATION_CONTEXT() REPRESENTATION_CONTEXT('2D SPACE',''
  ) );
#13955 = ORIENTED_EDGE('',*,*,#13956,.F.);
#13956 = EDGE_CURVE('',#13757,#13929,#13957,.T.);
#13957 = SURFACE_CURVE('',#13958,(#13962,#13969),.PCURVE_S1.);
#13958 = LINE('',#13959,#13960);
#13959 = CARTESIAN_POINT('',(40.252724918011,6.900376744523,3.));
#13960 = VECTOR('',#13961,1.);
#13961 = DIRECTION('',(1.,0.,0.));
#13962 = PCURVE('',#13772,#13963);
#13963 = DEFINITIONAL_REPRESENTATION('',(#13964),#13968);
#13964 = LINE('',#13965,#13966);
#13965 = CARTESIAN_POINT('',(0.,0.));
#13966 = VECTOR('',#13967,1.);
#13967 = DIRECTION('',(1.,0.));
#13968 = ( GEOMETRIC_REPRESENTATION_CONTEXT(2) 
PARAMETRIC_REPRESENTATION_CONTEXT() REPRESENTATION_CONTEXT('2D SPACE',''
  ) );
#13969 = PCURVE('',#13292,#13970);
#13970 = DEFINITIONAL_REPRESENTATION('',(#13971),#13975);
#13971 = LINE('',#13972,#13973);
#13972 = CARTESIAN_POINT('',(1.010666213278,-2.26843388469));
#13973 = VECTOR('',#13974,1.);
#13974 = DIRECTION('',(1.,0.));
#13975 = ( GEOMETRIC_REPRESENTATION_CONTEXT(2) 
PARAMETRIC_REPRESENTATION_CONTEXT() REPRESENTATION_CONTEXT('2D SPACE',''
  ) );
#13976 = ADVANCED_FACE('',(#13977),#13944,.F.);
#13977 = FACE_BOUND('',#13978,.F.);
#13978 = EDGE_LOOP('',(#13979,#13980,#14003,#14038));
#13979 = ORIENTED_EDGE('',*,*,#13928,.T.);
#13980 = ORIENTED_EDGE('',*,*,#13981,.T.);
#13981 = EDGE_CURVE('',#13906,#13982,#13984,.T.);
#13982 = VERTEX_POINT('',#13983);
#13983 = CARTESIAN_POINT('',(40.55289515689,5.172799034093,4.2));
#13984 = SURFACE_CURVE('',#13985,(#13989,#13996),.PCURVE_S1.);
#13985 = LINE('',#13986,#13987);
#13986 = CARTESIAN_POINT('',(40.43040502015,6.900376744523,4.2));
#13987 = VECTOR('',#13988,1.);
#13988 = DIRECTION('',(7.072527053285E-02,-0.997495832627,0.));
#13989 = PCURVE('',#13944,#13990);
#13990 = DEFINITIONAL_REPRESENTATION('',(#13991),#13995);
#13991 = LINE('',#13992,#13993);
#13992 = CARTESIAN_POINT('',(0.,-1.2));
#13993 = VECTOR('',#13994,1.);
#13994 = DIRECTION('',(1.,0.));
#13995 = ( GEOMETRIC_REPRESENTATION_CONTEXT(2) 
PARAMETRIC_REPRESENTATION_CONTEXT() REPRESENTATION_CONTEXT('2D SPACE',''
  ) );
#13996 = PCURVE('',#13204,#13997);
#13997 = DEFINITIONAL_REPRESENTATION('',(#13998),#14002);
#13998 = LINE('',#13999,#14000);
#13999 = CARTESIAN_POINT('',(1.188346315416,-2.26843388469));
#14000 = VECTOR('',#14001,1.);
#14001 = DIRECTION('',(7.072527053285E-02,-0.997495832627));
#14002 = ( GEOMETRIC_REPRESENTATION_CONTEXT(2) 
PARAMETRIC_REPRESENTATION_CONTEXT() REPRESENTATION_CONTEXT('2D SPACE',''
  ) );
#14003 = ORIENTED_EDGE('',*,*,#14004,.F.);
#14004 = EDGE_CURVE('',#14005,#13982,#14007,.T.);
#14005 = VERTEX_POINT('',#14006);
#14006 = CARTESIAN_POINT('',(40.55289515689,5.172799034093,3.));
#14007 = SURFACE_CURVE('',#14008,(#14012,#14019),.PCURVE_S1.);
#14008 = LINE('',#14009,#14010);
#14009 = CARTESIAN_POINT('',(40.55289515689,5.172799034093,3.));
#14010 = VECTOR('',#14011,1.);
#14011 = DIRECTION('',(0.,0.,1.));
#14012 = PCURVE('',#13944,#14013);
#14013 = DEFINITIONAL_REPRESENTATION('',(#14014),#14018);
#14014 = LINE('',#14015,#14016);
#14015 = CARTESIAN_POINT('',(1.731914714751,0.));
#14016 = VECTOR('',#14017,1.);
#14017 = DIRECTION('',(0.,-1.));
#14018 = ( GEOMETRIC_REPRESENTATION_CONTEXT(2) 
PARAMETRIC_REPRESENTATION_CONTEXT() REPRESENTATION_CONTEXT('2D SPACE',''
  ) );
#14019 = PCURVE('',#14020,#14032);
#14020 = SURFACE_OF_LINEAR_EXTRUSION('',#14021,#14030);
#14021 = B_SPLINE_CURVE_WITH_KNOTS('',7,(#14022,#14023,#14024,#14025,
    #14026,#14027,#14028,#14029),.UNSPECIFIED.,.F.,.F.,(8,8),(0.,1.),
  .PIECEWISE_BEZIER_KNOTS.);
#14022 = CARTESIAN_POINT('',(40.55289515689,5.172799034093,3.));
#14023 = CARTESIAN_POINT('',(40.985198861918,5.186813764905,3.));
#14024 = CARTESIAN_POINT('',(41.418625882545,5.184330377289,
    2.999999999999));
#14025 = CARTESIAN_POINT('',(41.848550387278,5.233565377909,
    3.000000000001));
#14026 = CARTESIAN_POINT('',(42.285125520075,5.183898984837,
    2.999999999999));
#14027 = CARTESIAN_POINT('',(42.713321614902,5.260070226242,
    3.000000000001));
#14028 = CARTESIAN_POINT('',(43.148711348198,5.226606939778,3.));
#14029 = CARTESIAN_POINT('',(43.579929196673,5.258285442095,3.));
#14030 = VECTOR('',#14031,1.);
#14031 = DIRECTION('',(-0.,-0.,-1.));
#14032 = DEFINITIONAL_REPRESENTATION('',(#14033),#14037);
#14033 = LINE('',#14034,#14035);
#14034 = CARTESIAN_POINT('',(0.,0.));
#14035 = VECTOR('',#14036,1.);
#14036 = DIRECTION('',(0.,-1.));
#14037 = ( GEOMETRIC_REPRESENTATION_CONTEXT(2) 
PARAMETRIC_REPRESENTATION_CONTEXT() REPRESENTATION_CONTEXT('2D SPACE',''
  ) );
#14038 = ORIENTED_EDGE('',*,*,#14039,.F.);
#14039 = EDGE_CURVE('',#13929,#14005,#14040,.T.);
#14040 = SURFACE_CURVE('',#14041,(#14045,#14052),.PCURVE_S1.);
#14041 = LINE('',#14042,#14043);
#14042 = CARTESIAN_POINT('',(40.43040502015,6.900376744523,3.));
#14043 = VECTOR('',#14044,1.);
#14044 = DIRECTION('',(7.072527053285E-02,-0.997495832627,0.));
#14045 = PCURVE('',#13944,#14046);
#14046 = DEFINITIONAL_REPRESENTATION('',(#14047),#14051);
#14047 = LINE('',#14048,#14049);
#14048 = CARTESIAN_POINT('',(0.,0.));
#14049 = VECTOR('',#14050,1.);
#14050 = DIRECTION('',(1.,0.));
#14051 = ( GEOMETRIC_REPRESENTATION_CONTEXT(2) 
PARAMETRIC_REPRESENTATION_CONTEXT() REPRESENTATION_CONTEXT('2D SPACE',''
  ) );
#14052 = PCURVE('',#13292,#14053);
#14053 = DEFINITIONAL_REPRESENTATION('',(#14054),#14058);
#14054 = LINE('',#14055,#14056);
#14055 = CARTESIAN_POINT('',(1.188346315416,-2.26843388469));
#14056 = VECTOR('',#14057,1.);
#14057 = DIRECTION('',(7.072527053285E-02,-0.997495832627));
#14058 = ( GEOMETRIC_REPRESENTATION_CONTEXT(2) 
PARAMETRIC_REPRESENTATION_CONTEXT() REPRESENTATION_CONTEXT('2D SPACE',''
  ) );
#14059 = ADVANCED_FACE('',(#14060),#14020,.F.);
#14060 = FACE_BOUND('',#14061,.F.);
#14061 = EDGE_LOOP('',(#14062,#14063,#14096,#14131));
#14062 = ORIENTED_EDGE('',*,*,#14004,.T.);
#14063 = ORIENTED_EDGE('',*,*,#14064,.T.);
#14064 = EDGE_CURVE('',#13982,#14065,#14067,.T.);
#14065 = VERTEX_POINT('',#14066);
#14066 = CARTESIAN_POINT('',(43.579929196673,5.258285442095,4.2));
#14067 = SURFACE_CURVE('',#14068,(#14077,#14084),.PCURVE_S1.);
#14068 = B_SPLINE_CURVE_WITH_KNOTS('',7,(#14069,#14070,#14071,#14072,
    #14073,#14074,#14075,#14076),.UNSPECIFIED.,.F.,.F.,(8,8),(0.,1.),
  .PIECEWISE_BEZIER_KNOTS.);
#14069 = CARTESIAN_POINT('',(40.55289515689,5.172799034093,4.2));
#14070 = CARTESIAN_POINT('',(40.985198861918,5.186813764905,4.2));
#14071 = CARTESIAN_POINT('',(41.418625882545,5.184330377289,
    4.199999999999));
#14072 = CARTESIAN_POINT('',(41.848550387278,5.233565377909,
    4.200000000001));
#14073 = CARTESIAN_POINT('',(42.285125520075,5.183898984837,
    4.199999999999));
#14074 = CARTESIAN_POINT('',(42.713321614902,5.260070226242,
    4.200000000001));
#14075 = CARTESIAN_POINT('',(43.148711348198,5.226606939778,4.2));
#14076 = CARTESIAN_POINT('',(43.579929196673,5.258285442095,4.2));
#14077 = PCURVE('',#14020,#14078);
#14078 = DEFINITIONAL_REPRESENTATION('',(#14079),#14083);
#14079 = LINE('',#14080,#14081);
#14080 = CARTESIAN_POINT('',(0.,-1.2));
#14081 = VECTOR('',#14082,1.);
#14082 = DIRECTION('',(1.,0.));
#14083 = ( GEOMETRIC_REPRESENTATION_CONTEXT(2) 
PARAMETRIC_REPRESENTATION_CONTEXT() REPRESENTATION_CONTEXT('2D SPACE',''
  ) );
#14084 = PCURVE('',#13204,#14085);
#14085 = DEFINITIONAL_REPRESENTATION('',(#14086),#14095);
#14086 = B_SPLINE_CURVE_WITH_KNOTS('',7,(#14087,#14088,#14089,#14090,
    #14091,#14092,#14093,#14094),.UNSPECIFIED.,.F.,.F.,(8,8),(0.,1.),
  .PIECEWISE_BEZIER_KNOTS.);
#14087 = CARTESIAN_POINT('',(1.310836452157,-3.99601159512));
#14088 = CARTESIAN_POINT('',(1.743140157185,-3.981996864308));
#14089 = CARTESIAN_POINT('',(2.176567177812,-3.984480251924));
#14090 = CARTESIAN_POINT('',(2.606491682545,-3.935245251305));
#14091 = CARTESIAN_POINT('',(3.043066815342,-3.984911644376));
#14092 = CARTESIAN_POINT('',(3.471262910169,-3.908740402971));
#14093 = CARTESIAN_POINT('',(3.906652643465,-3.942203689435));
#14094 = CARTESIAN_POINT('',(4.33787049194,-3.910525187118));
#14095 = ( GEOMETRIC_REPRESENTATION_CONTEXT(2) 
PARAMETRIC_REPRESENTATION_CONTEXT() REPRESENTATION_CONTEXT('2D SPACE',''
  ) );
#14096 = ORIENTED_EDGE('',*,*,#14097,.F.);
#14097 = EDGE_CURVE('',#14098,#14065,#14100,.T.);
#14098 = VERTEX_POINT('',#14099);
#14099 = CARTESIAN_POINT('',(43.579929196673,5.258285442095,3.));
#14100 = SURFACE_CURVE('',#14101,(#14105,#14112),.PCURVE_S1.);
#14101 = LINE('',#14102,#14103);
#14102 = CARTESIAN_POINT('',(43.579929196673,5.258285442095,3.));
#14103 = VECTOR('',#14104,1.);
#14104 = DIRECTION('',(0.,0.,1.));
#14105 = PCURVE('',#14020,#14106);
#14106 = DEFINITIONAL_REPRESENTATION('',(#14107),#14111);
#14107 = LINE('',#14108,#14109);
#14108 = CARTESIAN_POINT('',(1.,0.));
#14109 = VECTOR('',#14110,1.);
#14110 = DIRECTION('',(0.,-1.));
#14111 = ( GEOMETRIC_REPRESENTATION_CONTEXT(2) 
PARAMETRIC_REPRESENTATION_CONTEXT() REPRESENTATION_CONTEXT('2D SPACE',''
  ) );
#14112 = PCURVE('',#14113,#14125);
#14113 = SURFACE_OF_LINEAR_EXTRUSION('',#14114,#14123);
#14114 = B_SPLINE_CURVE_WITH_KNOTS('',7,(#14115,#14116,#14117,#14118,
    #14119,#14120,#14121,#14122),.UNSPECIFIED.,.F.,.F.,(8,8),(0.,1.),
  .PIECEWISE_BEZIER_KNOTS.);
#14115 = CARTESIAN_POINT('',(43.579929196673,5.258285442095,3.));
#14116 = CARTESIAN_POINT('',(43.573398891564,5.399921633923,3.));
#14117 = CARTESIAN_POINT('',(43.610867486931,6.115967093994,3.));
#14118 = CARTESIAN_POINT('',(43.507734844141,5.104907128818,
    3.000000000001));
#14119 = CARTESIAN_POINT('',(43.682182271362,7.241058038491,
    2.999999999999));
#14120 = CARTESIAN_POINT('',(43.485996322533,5.625617027992,3.));
#14121 = CARTESIAN_POINT('',(43.636871525696,6.95123888441,3.));
#14122 = CARTESIAN_POINT('',(43.556953589662,6.87155086362,3.));
#14123 = VECTOR('',#14124,1.);
#14124 = DIRECTION('',(-0.,-0.,-1.));
#14125 = DEFINITIONAL_REPRESENTATION('',(#14126),#14130);
#14126 = LINE('',#14127,#14128);
#14127 = CARTESIAN_POINT('',(0.,0.));
#14128 = VECTOR('',#14129,1.);
#14129 = DIRECTION('',(0.,-1.));
#14130 = ( GEOMETRIC_REPRESENTATION_CONTEXT(2) 
PARAMETRIC_REPRESENTATION_CONTEXT() REPRESENTATION_CONTEXT('2D SPACE',''
  ) );
#14131 = ORIENTED_EDGE('',*,*,#14132,.F.);
#14132 = EDGE_CURVE('',#14005,#14098,#14133,.T.);
#14133 = SURFACE_CURVE('',#14134,(#14143,#14150),.PCURVE_S1.);
#14134 = B_SPLINE_CURVE_WITH_KNOTS('',7,(#14135,#14136,#14137,#14138,
    #14139,#14140,#14141,#14142),.UNSPECIFIED.,.F.,.F.,(8,8),(0.,1.),
  .PIECEWISE_BEZIER_KNOTS.);
#14135 = CARTESIAN_POINT('',(40.55289515689,5.172799034093,3.));
#14136 = CARTESIAN_POINT('',(40.985198861918,5.186813764905,3.));
#14137 = CARTESIAN_POINT('',(41.418625882545,5.184330377289,
    2.999999999999));
#14138 = CARTESIAN_POINT('',(41.848550387278,5.233565377909,
    3.000000000001));
#14139 = CARTESIAN_POINT('',(42.285125520075,5.183898984837,
    2.999999999999));
#14140 = CARTESIAN_POINT('',(42.713321614902,5.260070226242,
    3.000000000001));
#14141 = CARTESIAN_POINT('',(43.148711348198,5.226606939778,3.));
#14142 = CARTESIAN_POINT('',(43.579929196673,5.258285442095,3.));
#14143 = PCURVE('',#14020,#14144);
#14144 = DEFINITIONAL_REPRESENTATION('',(#14145),#14149);
#14145 = LINE('',#14146,#14147);
#14146 = CARTESIAN_POINT('',(0.,0.));
#14147 = VECTOR('',#14148,1.);
#14148 = DIRECTION('',(1.,0.));
#14149 = ( GEOMETRIC_REPRESENTATION_CONTEXT(2) 
PARAMETRIC_REPRESENTATION_CONTEXT() REPRESENTATION_CONTEXT('2D SPACE',''
  ) );
#14150 = PCURVE('',#13292,#14151);
#14151 = DEFINITIONAL_REPRESENTATION('',(#14152),#14161);
#14152 = B_SPLINE_CURVE_WITH_KNOTS('',7,(#14153,#14154,#14155,#14156,
    #14157,#14158,#14159,#14160),.UNSPECIFIED.,.F.,.F.,(8,8),(0.,1.),
  .PIECEWISE_BEZIER_KNOTS.);
#14153 = CARTESIAN_POINT('',(1.310836452157,-3.99601159512));
#14154 = CARTESIAN_POINT('',(1.743140157185,-3.981996864308));
#14155 = CARTESIAN_POINT('',(2.176567177812,-3.984480251924));
#14156 = CARTESIAN_POINT('',(2.606491682545,-3.935245251305));
#14157 = CARTESIAN_POINT('',(3.043066815342,-3.984911644376));
#14158 = CARTESIAN_POINT('',(3.471262910169,-3.908740402971));
#14159 = CARTESIAN_POINT('',(3.906652643465,-3.942203689435));
#14160 = CARTESIAN_POINT('',(4.33787049194,-3.910525187118));
#14161 = ( GEOMETRIC_REPRESENTATION_CONTEXT(2) 
PARAMETRIC_REPRESENTATION_CONTEXT() REPRESENTATION_CONTEXT('2D SPACE',''
  ) );
#14162 = ADVANCED_FACE('',(#14163),#14113,.F.);
#14163 = FACE_BOUND('',#14164,.F.);
#14164 = EDGE_LOOP('',(#14165,#14166,#14199,#14227));
#14165 = ORIENTED_EDGE('',*,*,#14097,.T.);
#14166 = ORIENTED_EDGE('',*,*,#14167,.T.);
#14167 = EDGE_CURVE('',#14065,#14168,#14170,.T.);
#14168 = VERTEX_POINT('',#14169);
#14169 = CARTESIAN_POINT('',(43.556953589662,6.87155086362,4.2));
#14170 = SURFACE_CURVE('',#14171,(#14180,#14187),.PCURVE_S1.);
#14171 = B_SPLINE_CURVE_WITH_KNOTS('',7,(#14172,#14173,#14174,#14175,
    #14176,#14177,#14178,#14179),.UNSPECIFIED.,.F.,.F.,(8,8),(0.,1.),
  .PIECEWISE_BEZIER_KNOTS.);
#14172 = CARTESIAN_POINT('',(43.579929196673,5.258285442095,4.2));
#14173 = CARTESIAN_POINT('',(43.573398891564,5.399921633923,4.2));
#14174 = CARTESIAN_POINT('',(43.610867486931,6.115967093994,4.2));
#14175 = CARTESIAN_POINT('',(43.507734844141,5.104907128818,
    4.200000000001));
#14176 = CARTESIAN_POINT('',(43.682182271362,7.241058038491,
    4.199999999999));
#14177 = CARTESIAN_POINT('',(43.485996322533,5.625617027992,4.2));
#14178 = CARTESIAN_POINT('',(43.636871525696,6.95123888441,4.2));
#14179 = CARTESIAN_POINT('',(43.556953589662,6.87155086362,4.2));
#14180 = PCURVE('',#14113,#14181);
#14181 = DEFINITIONAL_REPRESENTATION('',(#14182),#14186);
#14182 = LINE('',#14183,#14184);
#14183 = CARTESIAN_POINT('',(0.,-1.2));
#14184 = VECTOR('',#14185,1.);
#14185 = DIRECTION('',(1.,0.));
#14186 = ( GEOMETRIC_REPRESENTATION_CONTEXT(2) 
PARAMETRIC_REPRESENTATION_CONTEXT() REPRESENTATION_CONTEXT('2D SPACE',''
  ) );
#14187 = PCURVE('',#13204,#14188);
#14188 = DEFINITIONAL_REPRESENTATION('',(#14189),#14198);
#14189 = B_SPLINE_CURVE_WITH_KNOTS('',7,(#14190,#14191,#14192,#14193,
    #14194,#14195,#14196,#14197),.UNSPECIFIED.,.F.,.F.,(8,8),(0.,1.),
  .PIECEWISE_BEZIER_KNOTS.);
#14190 = CARTESIAN_POINT('',(4.33787049194,-3.910525187118));
#14191 = CARTESIAN_POINT('',(4.331340186831,-3.76888899529));
#14192 = CARTESIAN_POINT('',(4.368808782198,-3.052843535219));
#14193 = CARTESIAN_POINT('',(4.265676139408,-4.063903500395));
#14194 = CARTESIAN_POINT('',(4.440123566629,-1.927752590722));
#14195 = CARTESIAN_POINT('',(4.2439376178,-3.543193601221));
#14196 = CARTESIAN_POINT('',(4.394812820963,-2.217571744803));
#14197 = CARTESIAN_POINT('',(4.314894884929,-2.297259765593));
#14198 = ( GEOMETRIC_REPRESENTATION_CONTEXT(2) 
PARAMETRIC_REPRESENTATION_CONTEXT() REPRESENTATION_CONTEXT('2D SPACE',''
  ) );
#14199 = ORIENTED_EDGE('',*,*,#14200,.F.);
#14200 = EDGE_CURVE('',#14201,#14168,#14203,.T.);
#14201 = VERTEX_POINT('',#14202);
#14202 = CARTESIAN_POINT('',(43.556953589662,6.87155086362,3.));
#14203 = SURFACE_CURVE('',#14204,(#14208,#14215),.PCURVE_S1.);
#14204 = LINE('',#14205,#14206);
#14205 = CARTESIAN_POINT('',(43.556953589662,6.87155086362,3.));
#14206 = VECTOR('',#14207,1.);
#14207 = DIRECTION('',(0.,0.,1.));
#14208 = PCURVE('',#14113,#14209);
#14209 = DEFINITIONAL_REPRESENTATION('',(#14210),#14214);
#14210 = LINE('',#14211,#14212);
#14211 = CARTESIAN_POINT('',(1.,0.));
#14212 = VECTOR('',#14213,1.);
#14213 = DIRECTION('',(0.,-1.));
#14214 = ( GEOMETRIC_REPRESENTATION_CONTEXT(2) 
PARAMETRIC_REPRESENTATION_CONTEXT() REPRESENTATION_CONTEXT('2D SPACE',''
  ) );
#14215 = PCURVE('',#14216,#14221);
#14216 = PLANE('',#14217);
#14217 = AXIS2_PLACEMENT_3D('',#14218,#14219,#14220);
#14218 = CARTESIAN_POINT('',(43.556953589662,6.87155086362,3.));
#14219 = DIRECTION('',(-0.148912624805,-0.988850357827,0.));
#14220 = DIRECTION('',(-0.988850357827,0.148912624805,0.));
#14221 = DEFINITIONAL_REPRESENTATION('',(#14222),#14226);
#14222 = LINE('',#14223,#14224);
#14223 = CARTESIAN_POINT('',(0.,0.));
#14224 = VECTOR('',#14225,1.);
#14225 = DIRECTION('',(0.,-1.));
#14226 = ( GEOMETRIC_REPRESENTATION_CONTEXT(2) 
PARAMETRIC_REPRESENTATION_CONTEXT() REPRESENTATION_CONTEXT('2D SPACE',''
  ) );
#14227 = ORIENTED_EDGE('',*,*,#14228,.F.);
#14228 = EDGE_CURVE('',#14098,#14201,#14229,.T.);
#14229 = SURFACE_CURVE('',#14230,(#14239,#14246),.PCURVE_S1.);
#14230 = B_SPLINE_CURVE_WITH_KNOTS('',7,(#14231,#14232,#14233,#14234,
    #14235,#14236,#14237,#14238),.UNSPECIFIED.,.F.,.F.,(8,8),(0.,1.),
  .PIECEWISE_BEZIER_KNOTS.);
#14231 = CARTESIAN_POINT('',(43.579929196673,5.258285442095,3.));
#14232 = CARTESIAN_POINT('',(43.573398891564,5.399921633923,3.));
#14233 = CARTESIAN_POINT('',(43.610867486931,6.115967093994,3.));
#14234 = CARTESIAN_POINT('',(43.507734844141,5.104907128818,
    3.000000000001));
#14235 = CARTESIAN_POINT('',(43.682182271362,7.241058038491,
    2.999999999999));
#14236 = CARTESIAN_POINT('',(43.485996322533,5.625617027992,3.));
#14237 = CARTESIAN_POINT('',(43.636871525696,6.95123888441,3.));
#14238 = CARTESIAN_POINT('',(43.556953589662,6.87155086362,3.));
#14239 = PCURVE('',#14113,#14240);
#14240 = DEFINITIONAL_REPRESENTATION('',(#14241),#14245);
#14241 = LINE('',#14242,#14243);
#14242 = CARTESIAN_POINT('',(0.,0.));
#14243 = VECTOR('',#14244,1.);
#14244 = DIRECTION('',(1.,0.));
#14245 = ( GEOMETRIC_REPRESENTATION_CONTEXT(2) 
PARAMETRIC_REPRESENTATION_CONTEXT() REPRESENTATION_CONTEXT('2D SPACE',''
  ) );
#14246 = PCURVE('',#13292,#14247);
#14247 = DEFINITIONAL_REPRESENTATION('',(#14248),#14257);
#14248 = B_SPLINE_CURVE_WITH_KNOTS('',7,(#14249,#14250,#14251,#14252,
    #14253,#14254,#14255,#14256),.UNSPECIFIED.,.F.,.F.,(8,8),(0.,1.),
  .PIECEWISE_BEZIER_KNOTS.);
#14249 = CARTESIAN_POINT('',(4.33787049194,-3.910525187118));
#14250 = CARTESIAN_POINT('',(4.331340186831,-3.76888899529));
#14251 = CARTESIAN_POINT('',(4.368808782198,-3.052843535219));
#14252 = CARTESIAN_POINT('',(4.265676139408,-4.063903500395));
#14253 = CARTESIAN_POINT('',(4.440123566629,-1.927752590722));
#14254 = CARTESIAN_POINT('',(4.2439376178,-3.543193601221));
#14255 = CARTESIAN_POINT('',(4.394812820963,-2.217571744803));
#14256 = CARTESIAN_POINT('',(4.314894884929,-2.297259765593));
#14257 = ( GEOMETRIC_REPRESENTATION_CONTEXT(2) 
PARAMETRIC_REPRESENTATION_CONTEXT() REPRESENTATION_CONTEXT('2D SPACE',''
  ) );
#14258 = ADVANCED_FACE('',(#14259),#14216,.F.);
#14259 = FACE_BOUND('',#14260,.F.);
#14260 = EDGE_LOOP('',(#14261,#14262,#14285,#14308));
#14261 = ORIENTED_EDGE('',*,*,#14200,.T.);
#14262 = ORIENTED_EDGE('',*,*,#14263,.T.);
#14263 = EDGE_CURVE('',#14168,#14264,#14266,.T.);
#14264 = VERTEX_POINT('',#14265);
#14265 = CARTESIAN_POINT('',(42.403501919371,7.045251074627,4.2));
#14266 = SURFACE_CURVE('',#14267,(#14271,#14278),.PCURVE_S1.);
#14267 = LINE('',#14268,#14269);
#14268 = CARTESIAN_POINT('',(43.556953589662,6.87155086362,4.2));
#14269 = VECTOR('',#14270,1.);
#14270 = DIRECTION('',(-0.988850357827,0.148912624805,0.));
#14271 = PCURVE('',#14216,#14272);
#14272 = DEFINITIONAL_REPRESENTATION('',(#14273),#14277);
#14273 = LINE('',#14274,#14275);
#14274 = CARTESIAN_POINT('',(0.,-1.2));
#14275 = VECTOR('',#14276,1.);
#14276 = DIRECTION('',(1.,0.));
#14277 = ( GEOMETRIC_REPRESENTATION_CONTEXT(2) 
PARAMETRIC_REPRESENTATION_CONTEXT() REPRESENTATION_CONTEXT('2D SPACE',''
  ) );
#14278 = PCURVE('',#13204,#14279);
#14279 = DEFINITIONAL_REPRESENTATION('',(#14280),#14284);
#14280 = LINE('',#14281,#14282);
#14281 = CARTESIAN_POINT('',(4.314894884929,-2.297259765593));
#14282 = VECTOR('',#14283,1.);
#14283 = DIRECTION('',(-0.988850357827,0.148912624805));
#14284 = ( GEOMETRIC_REPRESENTATION_CONTEXT(2) 
PARAMETRIC_REPRESENTATION_CONTEXT() REPRESENTATION_CONTEXT('2D SPACE',''
  ) );
#14285 = ORIENTED_EDGE('',*,*,#14286,.F.);
#14286 = EDGE_CURVE('',#14287,#14264,#14289,.T.);
#14287 = VERTEX_POINT('',#14288);
#14288 = CARTESIAN_POINT('',(42.403501919371,7.045251074627,3.));
#14289 = SURFACE_CURVE('',#14290,(#14294,#14301),.PCURVE_S1.);
#14290 = LINE('',#14291,#14292);
#14291 = CARTESIAN_POINT('',(42.403501919371,7.045251074627,3.));
#14292 = VECTOR('',#14293,1.);
#14293 = DIRECTION('',(0.,0.,1.));
#14294 = PCURVE('',#14216,#14295);
#14295 = DEFINITIONAL_REPRESENTATION('',(#14296),#14300);
#14296 = LINE('',#14297,#14298);
#14297 = CARTESIAN_POINT('',(1.166457251254,0.));
#14298 = VECTOR('',#14299,1.);
#14299 = DIRECTION('',(0.,-1.));
#14300 = ( GEOMETRIC_REPRESENTATION_CONTEXT(2) 
PARAMETRIC_REPRESENTATION_CONTEXT() REPRESENTATION_CONTEXT('2D SPACE',''
  ) );
#14301 = PCURVE('',#13146,#14302);
#14302 = DEFINITIONAL_REPRESENTATION('',(#14303),#14307);
#14303 = LINE('',#14304,#14305);
#14304 = CARTESIAN_POINT('',(0.,0.));
#14305 = VECTOR('',#14306,1.);
#14306 = DIRECTION('',(0.,-1.));
#14307 = ( GEOMETRIC_REPRESENTATION_CONTEXT(2) 
PARAMETRIC_REPRESENTATION_CONTEXT() REPRESENTATION_CONTEXT('2D SPACE',''
  ) );
#14308 = ORIENTED_EDGE('',*,*,#14309,.F.);
#14309 = EDGE_CURVE('',#14201,#14287,#14310,.T.);
#14310 = SURFACE_CURVE('',#14311,(#14315,#14322),.PCURVE_S1.);
#14311 = LINE('',#14312,#14313);
#14312 = CARTESIAN_POINT('',(43.556953589662,6.87155086362,3.));
#14313 = VECTOR('',#14314,1.);
#14314 = DIRECTION('',(-0.988850357827,0.148912624805,0.));
#14315 = PCURVE('',#14216,#14316);
#14316 = DEFINITIONAL_REPRESENTATION('',(#14317),#14321);
#14317 = LINE('',#14318,#14319);
#14318 = CARTESIAN_POINT('',(0.,0.));
#14319 = VECTOR('',#14320,1.);
#14320 = DIRECTION('',(1.,0.));
#14321 = ( GEOMETRIC_REPRESENTATION_CONTEXT(2) 
PARAMETRIC_REPRESENTATION_CONTEXT() REPRESENTATION_CONTEXT('2D SPACE',''
  ) );
#14322 = PCURVE('',#13292,#14323);
#14323 = DEFINITIONAL_REPRESENTATION('',(#14324),#14328);
#14324 = LINE('',#14325,#14326);
#14325 = CARTESIAN_POINT('',(4.314894884929,-2.297259765593));
#14326 = VECTOR('',#14327,1.);
#14327 = DIRECTION('',(-0.988850357827,0.148912624805));
#14328 = ( GEOMETRIC_REPRESENTATION_CONTEXT(2) 
PARAMETRIC_REPRESENTATION_CONTEXT() REPRESENTATION_CONTEXT('2D SPACE',''
  ) );
#14329 = ADVANCED_FACE('',(#14330),#13146,.F.);
#14330 = FACE_BOUND('',#14331,.F.);
#14331 = EDGE_LOOP('',(#14332,#14333,#14402,#14403));
#14332 = ORIENTED_EDGE('',*,*,#14286,.T.);
#14333 = ORIENTED_EDGE('',*,*,#14334,.T.);
#14334 = EDGE_CURVE('',#14264,#13120,#14335,.T.);
#14335 = SURFACE_CURVE('',#14336,(#14364,#14371),.PCURVE_S1.);
#14336 = B_SPLINE_CURVE_WITH_KNOTS('',8,(#14337,#14338,#14339,#14340,
    #14341,#14342,#14343,#14344,#14345,#14346,#14347,#14348,#14349,
    #14350,#14351,#14352,#14353,#14354,#14355,#14356,#14357,#14358,
    #14359,#14360,#14361,#14362,#14363),.UNSPECIFIED.,.F.,.F.,(9,6,6,6,9
    ),(0.,0.160442588703,0.32411424839,0.664910888942,1.),
  .UNSPECIFIED.);
#14337 = CARTESIAN_POINT('',(42.403501919371,7.045251074627,4.2));
#14338 = CARTESIAN_POINT('',(42.396065469156,7.180745502977,4.2));
#14339 = CARTESIAN_POINT('',(42.410311254498,7.317161113901,
    4.199999999999));
#14340 = CARTESIAN_POINT('',(42.391558642007,7.453539598608,
    4.200000000002));
#14341 = CARTESIAN_POINT('',(42.408373929192,7.586923045668,
    4.199999999998));
#14342 = CARTESIAN_POINT('',(42.398556048652,7.726326906384,
    4.200000000001));
#14343 = CARTESIAN_POINT('',(42.401833620483,7.859507367716,4.2));
#14344 = CARTESIAN_POINT('',(42.401117018987,8.136071007935,4.2));
#14345 = CARTESIAN_POINT('',(42.401513872403,8.408048555551,4.2));
#14346 = CARTESIAN_POINT('',(42.401780521703,8.553072821723,
    4.200000000001));
#14347 = CARTESIAN_POINT('',(42.400124962903,8.677166241726,
    4.199999999999));
#14348 = CARTESIAN_POINT('',(42.402979831602,8.834333542685,
    4.200000000001));
#14349 = CARTESIAN_POINT('',(42.400587919021,8.959564736673,4.2));
#14350 = CARTESIAN_POINT('',(42.403172291256,9.399752266249,4.2));
#14351 = CARTESIAN_POINT('',(42.398359622338,9.803320498625,
    4.199999999999));
#14352 = CARTESIAN_POINT('',(42.411138610926,10.152856486005,
    4.200000000001));
#14353 = CARTESIAN_POINT('',(42.38546729027,10.320600146847,
    4.199999999999));
#14354 = CARTESIAN_POINT('',(42.416415444731,10.753874184003,
    4.200000000001));
#14355 = CARTESIAN_POINT('',(42.393580769845,10.935955245041,4.2));
#14356 = CARTESIAN_POINT('',(42.412210049662,11.595801256157,4.2));
#14357 = CARTESIAN_POINT('',(42.38895864517,12.057396044405,4.2));
#14358 = CARTESIAN_POINT('',(42.465825411144,12.714378843549,4.2));
#14359 = CARTESIAN_POINT('',(42.253406657209,11.976488700459,4.2));
#14360 = CARTESIAN_POINT('',(42.605553771693,13.900634584796,4.2));
#14361 = CARTESIAN_POINT('',(42.216454555137,12.496817560635,4.2));
#14362 = CARTESIAN_POINT('',(42.515149423806,13.876864396847,4.2));
#14363 = CARTESIAN_POINT('',(42.353151544872,13.81011446525,4.2));
#14364 = PCURVE('',#13146,#14365);
#14365 = DEFINITIONAL_REPRESENTATION('',(#14366),#14370);
#14366 = LINE('',#14367,#14368);
#14367 = CARTESIAN_POINT('',(0.,-1.2));
#14368 = VECTOR('',#14369,1.);
#14369 = DIRECTION('',(1.,0.));
#14370 = ( GEOMETRIC_REPRESENTATION_CONTEXT(2) 
PARAMETRIC_REPRESENTATION_CONTEXT() REPRESENTATION_CONTEXT('2D SPACE',''
  ) );
#14371 = PCURVE('',#13204,#14372);
#14372 = DEFINITIONAL_REPRESENTATION('',(#14373),#14401);
#14373 = B_SPLINE_CURVE_WITH_KNOTS('',8,(#14374,#14375,#14376,#14377,
    #14378,#14379,#14380,#14381,#14382,#14383,#14384,#14385,#14386,
    #14387,#14388,#14389,#14390,#14391,#14392,#14393,#14394,#14395,
    #14396,#14397,#14398,#14399,#14400),.UNSPECIFIED.,.F.,.F.,(9,6,6,6,9
    ),(0.,0.160442588703,0.32411424839,0.664910888942,1.),
  .UNSPECIFIED.);
#14374 = CARTESIAN_POINT('',(3.161443214637,-2.123559554586));
#14375 = CARTESIAN_POINT('',(3.154006764423,-1.988065126236));
#14376 = CARTESIAN_POINT('',(3.168252549765,-1.851649515312));
#14377 = CARTESIAN_POINT('',(3.149499937274,-1.715271030605));
#14378 = CARTESIAN_POINT('',(3.166315224458,-1.581887583545));
#14379 = CARTESIAN_POINT('',(3.156497343919,-1.44248372283));
#14380 = CARTESIAN_POINT('',(3.159774915749,-1.309303261497));
#14381 = CARTESIAN_POINT('',(3.159058314253,-1.032739621278));
#14382 = CARTESIAN_POINT('',(3.15945516767,-0.760762073662));
#14383 = CARTESIAN_POINT('',(3.15972181697,-0.61573780749));
#14384 = CARTESIAN_POINT('',(3.15806625817,-0.491644387487));
#14385 = CARTESIAN_POINT('',(3.160921126869,-0.334477086529));
#14386 = CARTESIAN_POINT('',(3.158529214288,-0.20924589254));
#14387 = CARTESIAN_POINT('',(3.161113586523,0.230941637036));
#14388 = CARTESIAN_POINT('',(3.156300917605,0.634509869412));
#14389 = CARTESIAN_POINT('',(3.169079906193,0.984045856792));
#14390 = CARTESIAN_POINT('',(3.143408585537,1.151789517634));
#14391 = CARTESIAN_POINT('',(3.174356739998,1.58506355479));
#14392 = CARTESIAN_POINT('',(3.151522065111,1.767144615828));
#14393 = CARTESIAN_POINT('',(3.170151344929,2.426990626943));
#14394 = CARTESIAN_POINT('',(3.146899940436,2.888585415192));
#14395 = CARTESIAN_POINT('',(3.223766706411,3.545568214336));
#14396 = CARTESIAN_POINT('',(3.011347952476,2.807678071246));
#14397 = CARTESIAN_POINT('',(3.36349506696,4.731823955583));
#14398 = CARTESIAN_POINT('',(2.974395850404,3.328006931422));
#14399 = CARTESIAN_POINT('',(3.273090719073,4.708053767634));
#14400 = CARTESIAN_POINT('',(3.111092840138,4.641303836037));
#14401 = ( GEOMETRIC_REPRESENTATION_CONTEXT(2) 
PARAMETRIC_REPRESENTATION_CONTEXT() REPRESENTATION_CONTEXT('2D SPACE',''
  ) );
#14402 = ORIENTED_EDGE('',*,*,#13117,.F.);
#14403 = ORIENTED_EDGE('',*,*,#14404,.F.);
#14404 = EDGE_CURVE('',#14287,#13118,#14405,.T.);
#14405 = SURFACE_CURVE('',#14406,(#14434,#14441),.PCURVE_S1.);
#14406 = B_SPLINE_CURVE_WITH_KNOTS('',8,(#14407,#14408,#14409,#14410,
    #14411,#14412,#14413,#14414,#14415,#14416,#14417,#14418,#14419,
    #14420,#14421,#14422,#14423,#14424,#14425,#14426,#14427,#14428,
    #14429,#14430,#14431,#14432,#14433),.UNSPECIFIED.,.F.,.F.,(9,6,6,6,9
    ),(0.,0.160442588703,0.32411424839,0.664910888942,1.),
  .UNSPECIFIED.);
#14407 = CARTESIAN_POINT('',(42.403501919371,7.045251074627,3.));
#14408 = CARTESIAN_POINT('',(42.396065469156,7.180745502977,3.));
#14409 = CARTESIAN_POINT('',(42.410311254498,7.317161113901,
    2.999999999999));
#14410 = CARTESIAN_POINT('',(42.391558642007,7.453539598608,
    3.000000000002));
#14411 = CARTESIAN_POINT('',(42.408373929192,7.586923045668,
    2.999999999998));
#14412 = CARTESIAN_POINT('',(42.398556048652,7.726326906384,
    3.000000000001));
#14413 = CARTESIAN_POINT('',(42.401833620483,7.859507367716,3.));
#14414 = CARTESIAN_POINT('',(42.401117018987,8.136071007935,3.));
#14415 = CARTESIAN_POINT('',(42.401513872403,8.408048555551,3.));
#14416 = CARTESIAN_POINT('',(42.401780521703,8.553072821723,
    3.000000000001));
#14417 = CARTESIAN_POINT('',(42.400124962903,8.677166241726,
    2.999999999999));
#14418 = CARTESIAN_POINT('',(42.402979831602,8.834333542685,
    3.000000000001));
#14419 = CARTESIAN_POINT('',(42.400587919021,8.959564736673,3.));
#14420 = CARTESIAN_POINT('',(42.403172291256,9.399752266249,3.));
#14421 = CARTESIAN_POINT('',(42.398359622338,9.803320498625,
    2.999999999999));
#14422 = CARTESIAN_POINT('',(42.411138610926,10.152856486005,
    3.000000000001));
#14423 = CARTESIAN_POINT('',(42.38546729027,10.320600146847,
    2.999999999999));
#14424 = CARTESIAN_POINT('',(42.416415444731,10.753874184003,
    3.000000000001));
#14425 = CARTESIAN_POINT('',(42.393580769845,10.935955245041,3.));
#14426 = CARTESIAN_POINT('',(42.412210049662,11.595801256157,3.));
#14427 = CARTESIAN_POINT('',(42.38895864517,12.057396044405,3.));
#14428 = CARTESIAN_POINT('',(42.465825411144,12.714378843549,3.));
#14429 = CARTESIAN_POINT('',(42.253406657209,11.976488700459,3.));
#14430 = CARTESIAN_POINT('',(42.605553771693,13.900634584796,3.));
#14431 = CARTESIAN_POINT('',(42.216454555137,12.496817560635,3.));
#14432 = CARTESIAN_POINT('',(42.515149423806,13.876864396847,3.));
#14433 = CARTESIAN_POINT('',(42.353151544872,13.81011446525,3.));
#14434 = PCURVE('',#13146,#14435);
#14435 = DEFINITIONAL_REPRESENTATION('',(#14436),#14440);
#14436 = LINE('',#14437,#14438);
#14437 = CARTESIAN_POINT('',(0.,0.));
#14438 = VECTOR('',#14439,1.);
#14439 = DIRECTION('',(1.,0.));
#14440 = ( GEOMETRIC_REPRESENTATION_CONTEXT(2) 
PARAMETRIC_REPRESENTATION_CONTEXT() REPRESENTATION_CONTEXT('2D SPACE',''
  ) );
#14441 = PCURVE('',#13292,#14442);
#14442 = DEFINITIONAL_REPRESENTATION('',(#14443),#14471);
#14443 = B_SPLINE_CURVE_WITH_KNOTS('',8,(#14444,#14445,#14446,#14447,
    #14448,#14449,#14450,#14451,#14452,#14453,#14454,#14455,#14456,
    #14457,#14458,#14459,#14460,#14461,#14462,#14463,#14464,#14465,
    #14466,#14467,#14468,#14469,#14470),.UNSPECIFIED.,.F.,.F.,(9,6,6,6,9
    ),(0.,0.160442588703,0.32411424839,0.664910888942,1.),
  .UNSPECIFIED.);
#14444 = CARTESIAN_POINT('',(3.161443214637,-2.123559554586));
#14445 = CARTESIAN_POINT('',(3.154006764423,-1.988065126236));
#14446 = CARTESIAN_POINT('',(3.168252549765,-1.851649515312));
#14447 = CARTESIAN_POINT('',(3.149499937274,-1.715271030605));
#14448 = CARTESIAN_POINT('',(3.166315224458,-1.581887583545));
#14449 = CARTESIAN_POINT('',(3.156497343919,-1.44248372283));
#14450 = CARTESIAN_POINT('',(3.159774915749,-1.309303261497));
#14451 = CARTESIAN_POINT('',(3.159058314253,-1.032739621278));
#14452 = CARTESIAN_POINT('',(3.15945516767,-0.760762073662));
#14453 = CARTESIAN_POINT('',(3.15972181697,-0.61573780749));
#14454 = CARTESIAN_POINT('',(3.15806625817,-0.491644387487));
#14455 = CARTESIAN_POINT('',(3.160921126869,-0.334477086529));
#14456 = CARTESIAN_POINT('',(3.158529214288,-0.20924589254));
#14457 = CARTESIAN_POINT('',(3.161113586523,0.230941637036));
#14458 = CARTESIAN_POINT('',(3.156300917605,0.634509869412));
#14459 = CARTESIAN_POINT('',(3.169079906193,0.984045856792));
#14460 = CARTESIAN_POINT('',(3.143408585537,1.151789517634));
#14461 = CARTESIAN_POINT('',(3.174356739998,1.58506355479));
#14462 = CARTESIAN_POINT('',(3.151522065111,1.767144615828));
#14463 = CARTESIAN_POINT('',(3.170151344929,2.426990626943));
#14464 = CARTESIAN_POINT('',(3.146899940436,2.888585415192));
#14465 = CARTESIAN_POINT('',(3.223766706411,3.545568214336));
#14466 = CARTESIAN_POINT('',(3.011347952476,2.807678071246));
#14467 = CARTESIAN_POINT('',(3.36349506696,4.731823955583));
#14468 = CARTESIAN_POINT('',(2.974395850404,3.328006931422));
#14469 = CARTESIAN_POINT('',(3.273090719073,4.708053767634));
#14470 = CARTESIAN_POINT('',(3.111092840138,4.641303836037));
#14471 = ( GEOMETRIC_REPRESENTATION_CONTEXT(2) 
PARAMETRIC_REPRESENTATION_CONTEXT() REPRESENTATION_CONTEXT('2D SPACE',''
  ) );
#14472 = ADVANCED_FACE('',(#14473),#13292,.F.);
#14473 = FACE_BOUND('',#14474,.F.);
#14474 = EDGE_LOOP('',(#14475,#14476,#14477,#14478,#14479,#14480,#14481,
    #14482,#14483,#14484));
#14475 = ORIENTED_EDGE('',*,*,#13274,.T.);
#14476 = ORIENTED_EDGE('',*,*,#13418,.T.);
#14477 = ORIENTED_EDGE('',*,*,#13602,.T.);
#14478 = ORIENTED_EDGE('',*,*,#13784,.T.);
#14479 = ORIENTED_EDGE('',*,*,#13956,.T.);
#14480 = ORIENTED_EDGE('',*,*,#14039,.T.);
#14481 = ORIENTED_EDGE('',*,*,#14132,.T.);
#14482 = ORIENTED_EDGE('',*,*,#14228,.T.);
#14483 = ORIENTED_EDGE('',*,*,#14309,.T.);
#14484 = ORIENTED_EDGE('',*,*,#14404,.T.);
#14485 = ADVANCED_FACE('',(#14486),#13204,.T.);
#14486 = FACE_BOUND('',#14487,.T.);
#14487 = EDGE_LOOP('',(#14488,#14489,#14490,#14491,#14492,#14493,#14494,
    #14495,#14496,#14497));
#14488 = ORIENTED_EDGE('',*,*,#13184,.T.);
#14489 = ORIENTED_EDGE('',*,*,#13312,.T.);
#14490 = ORIENTED_EDGE('',*,*,#13491,.T.);
#14491 = ORIENTED_EDGE('',*,*,#13637,.T.);
#14492 = ORIENTED_EDGE('',*,*,#13905,.T.);
#14493 = ORIENTED_EDGE('',*,*,#13981,.T.);
#14494 = ORIENTED_EDGE('',*,*,#14064,.T.);
#14495 = ORIENTED_EDGE('',*,*,#14167,.T.);
#14496 = ORIENTED_EDGE('',*,*,#14263,.T.);
#14497 = ORIENTED_EDGE('',*,*,#14334,.T.);
#14498 = MANIFOLD_SOLID_BREP('',#14499);
#14499 = CLOSED_SHELL('',(#14500,#14632,#14708,#14790,#14882,#14958,
    #15038,#15122,#15203,#15286,#15333,#15346));
#14500 = ADVANCED_FACE('',(#14501),#14515,.F.);
#14501 = FACE_BOUND('',#14502,.F.);
#14502 = EDGE_LOOP('',(#14503,#14542,#14574,#14602));
#14503 = ORIENTED_EDGE('',*,*,#14504,.T.);
#14504 = EDGE_CURVE('',#14505,#14507,#14509,.T.);
#14505 = VERTEX_POINT('',#14506);
#14506 = CARTESIAN_POINT('',(25.918059584052,5.253609093975,3.));
#14507 = VERTEX_POINT('',#14508);
#14508 = CARTESIAN_POINT('',(25.918059584052,5.253609093975,4.2));
#14509 = SURFACE_CURVE('',#14510,(#14514,#14530),.PCURVE_S1.);
#14510 = LINE('',#14511,#14512);
#14511 = CARTESIAN_POINT('',(25.918059584052,5.253609093975,3.));
#14512 = VECTOR('',#14513,1.);
#14513 = DIRECTION('',(0.,0.,1.));
#14514 = PCURVE('',#14515,#14524);
#14515 = SURFACE_OF_LINEAR_EXTRUSION('',#14516,#14522);
#14516 = B_SPLINE_CURVE_WITH_KNOTS('',4,(#14517,#14518,#14519,#14520,
    #14521),.UNSPECIFIED.,.F.,.F.,(5,5),(0.,1.),
  .PIECEWISE_BEZIER_KNOTS.);
#14517 = CARTESIAN_POINT('',(25.918059584052,5.253609093975,3.));
#14518 = CARTESIAN_POINT('',(26.404544657341,5.249184070373,3.));
#14519 = CARTESIAN_POINT('',(26.890560006237,5.266001807974,3.));
#14520 = CARTESIAN_POINT('',(27.377545058827,5.238232050298,3.));
#14521 = CARTESIAN_POINT('',(27.863423271468,5.263547171178,3.));
#14522 = VECTOR('',#14523,1.);
#14523 = DIRECTION('',(-0.,-0.,-1.));
#14524 = DEFINITIONAL_REPRESENTATION('',(#14525),#14529);
#14525 = LINE('',#14526,#14527);
#14526 = CARTESIAN_POINT('',(0.,0.));
#14527 = VECTOR('',#14528,1.);
#14528 = DIRECTION('',(0.,-1.));
#14529 = ( GEOMETRIC_REPRESENTATION_CONTEXT(2) 
PARAMETRIC_REPRESENTATION_CONTEXT() REPRESENTATION_CONTEXT('2D SPACE',''
  ) );
#14530 = PCURVE('',#14531,#14536);
#14531 = PLANE('',#14532);
#14532 = AXIS2_PLACEMENT_3D('',#14533,#14534,#14535);
#14533 = CARTESIAN_POINT('',(25.918059584052,16.71306781025,3.));
#14534 = DIRECTION('',(1.,0.,-0.));
#14535 = DIRECTION('',(0.,-1.,0.));
#14536 = DEFINITIONAL_REPRESENTATION('',(#14537),#14541);
#14537 = LINE('',#14538,#14539);
#14538 = CARTESIAN_POINT('',(11.459458716275,0.));
#14539 = VECTOR('',#14540,1.);
#14540 = DIRECTION('',(0.,-1.));
#14541 = ( GEOMETRIC_REPRESENTATION_CONTEXT(2) 
PARAMETRIC_REPRESENTATION_CONTEXT() REPRESENTATION_CONTEXT('2D SPACE',''
  ) );
#14542 = ORIENTED_EDGE('',*,*,#14543,.T.);
#14543 = EDGE_CURVE('',#14507,#14544,#14546,.T.);
#14544 = VERTEX_POINT('',#14545);
#14545 = CARTESIAN_POINT('',(27.863423271468,5.263547171178,4.2));
#14546 = SURFACE_CURVE('',#14547,(#14553,#14560),.PCURVE_S1.);
#14547 = B_SPLINE_CURVE_WITH_KNOTS('',4,(#14548,#14549,#14550,#14551,
    #14552),.UNSPECIFIED.,.F.,.F.,(5,5),(0.,1.),
  .PIECEWISE_BEZIER_KNOTS.);
#14548 = CARTESIAN_POINT('',(25.918059584052,5.253609093975,4.2));
#14549 = CARTESIAN_POINT('',(26.404544657341,5.249184070373,4.2));
#14550 = CARTESIAN_POINT('',(26.890560006237,5.266001807974,4.2));
#14551 = CARTESIAN_POINT('',(27.377545058827,5.238232050298,4.2));
#14552 = CARTESIAN_POINT('',(27.863423271468,5.263547171178,4.2));
#14553 = PCURVE('',#14515,#14554);
#14554 = DEFINITIONAL_REPRESENTATION('',(#14555),#14559);
#14555 = LINE('',#14556,#14557);
#14556 = CARTESIAN_POINT('',(0.,-1.2));
#14557 = VECTOR('',#14558,1.);
#14558 = DIRECTION('',(1.,0.));
#14559 = ( GEOMETRIC_REPRESENTATION_CONTEXT(2) 
PARAMETRIC_REPRESENTATION_CONTEXT() REPRESENTATION_CONTEXT('2D SPACE',''
  ) );
#14560 = PCURVE('',#14561,#14566);
#14561 = PLANE('',#14562);
#14562 = AXIS2_PLACEMENT_3D('',#14563,#14564,#14565);
#14563 = CARTESIAN_POINT('',(28.796261877417,12.096871566711,4.2));
#14564 = DIRECTION('',(0.,0.,1.));
#14565 = DIRECTION('',(1.,0.,-0.));
#14566 = DEFINITIONAL_REPRESENTATION('',(#14567),#14573);
#14567 = B_SPLINE_CURVE_WITH_KNOTS('',4,(#14568,#14569,#14570,#14571,
    #14572),.UNSPECIFIED.,.F.,.F.,(5,5),(0.,1.),
  .PIECEWISE_BEZIER_KNOTS.);
#14568 = CARTESIAN_POINT('',(-2.878202293365,-6.843262472736));
#14569 = CARTESIAN_POINT('',(-2.391717220075,-6.847687496338));
#14570 = CARTESIAN_POINT('',(-1.90570187118,-6.830869758737));
#14571 = CARTESIAN_POINT('',(-1.41871681859,-6.858639516413));
#14572 = CARTESIAN_POINT('',(-0.932838605949,-6.833324395533));
#14573 = ( GEOMETRIC_REPRESENTATION_CONTEXT(2) 
PARAMETRIC_REPRESENTATION_CONTEXT() REPRESENTATION_CONTEXT('2D SPACE',''
  ) );
#14574 = ORIENTED_EDGE('',*,*,#14575,.F.);
#14575 = EDGE_CURVE('',#14576,#14544,#14578,.T.);
#14576 = VERTEX_POINT('',#14577);
#14577 = CARTESIAN_POINT('',(27.863423271468,5.263547171178,3.));
#14578 = SURFACE_CURVE('',#14579,(#14583,#14590),.PCURVE_S1.);
#14579 = LINE('',#14580,#14581);
#14580 = CARTESIAN_POINT('',(27.863423271468,5.263547171178,3.));
#14581 = VECTOR('',#14582,1.);
#14582 = DIRECTION('',(0.,0.,1.));
#14583 = PCURVE('',#14515,#14584);
#14584 = DEFINITIONAL_REPRESENTATION('',(#14585),#14589);
#14585 = LINE('',#14586,#14587);
#14586 = CARTESIAN_POINT('',(1.,0.));
#14587 = VECTOR('',#14588,1.);
#14588 = DIRECTION('',(0.,-1.));
#14589 = ( GEOMETRIC_REPRESENTATION_CONTEXT(2) 
PARAMETRIC_REPRESENTATION_CONTEXT() REPRESENTATION_CONTEXT('2D SPACE',''
  ) );
#14590 = PCURVE('',#14591,#14596);
#14591 = PLANE('',#14592);
#14592 = AXIS2_PLACEMENT_3D('',#14593,#14594,#14595);
#14593 = CARTESIAN_POINT('',(27.863423271468,5.263547171178,3.));
#14594 = DIRECTION('',(-1.,0.,0.));
#14595 = DIRECTION('',(0.,1.,0.));
#14596 = DEFINITIONAL_REPRESENTATION('',(#14597),#14601);
#14597 = LINE('',#14598,#14599);
#14598 = CARTESIAN_POINT('',(0.,0.));
#14599 = VECTOR('',#14600,1.);
#14600 = DIRECTION('',(0.,-1.));
#14601 = ( GEOMETRIC_REPRESENTATION_CONTEXT(2) 
PARAMETRIC_REPRESENTATION_CONTEXT() REPRESENTATION_CONTEXT('2D SPACE',''
  ) );
#14602 = ORIENTED_EDGE('',*,*,#14603,.F.);
#14603 = EDGE_CURVE('',#14505,#14576,#14604,.T.);
#14604 = SURFACE_CURVE('',#14605,(#14611,#14618),.PCURVE_S1.);
#14605 = B_SPLINE_CURVE_WITH_KNOTS('',4,(#14606,#14607,#14608,#14609,
    #14610),.UNSPECIFIED.,.F.,.F.,(5,5),(0.,1.),
  .PIECEWISE_BEZIER_KNOTS.);
#14606 = CARTESIAN_POINT('',(25.918059584052,5.253609093975,3.));
#14607 = CARTESIAN_POINT('',(26.404544657341,5.249184070373,3.));
#14608 = CARTESIAN_POINT('',(26.890560006237,5.266001807974,3.));
#14609 = CARTESIAN_POINT('',(27.377545058827,5.238232050298,3.));
#14610 = CARTESIAN_POINT('',(27.863423271468,5.263547171178,3.));
#14611 = PCURVE('',#14515,#14612);
#14612 = DEFINITIONAL_REPRESENTATION('',(#14613),#14617);
#14613 = LINE('',#14614,#14615);
#14614 = CARTESIAN_POINT('',(0.,0.));
#14615 = VECTOR('',#14616,1.);
#14616 = DIRECTION('',(1.,0.));
#14617 = ( GEOMETRIC_REPRESENTATION_CONTEXT(2) 
PARAMETRIC_REPRESENTATION_CONTEXT() REPRESENTATION_CONTEXT('2D SPACE',''
  ) );
#14618 = PCURVE('',#14619,#14624);
#14619 = PLANE('',#14620);
#14620 = AXIS2_PLACEMENT_3D('',#14621,#14622,#14623);
#14621 = CARTESIAN_POINT('',(28.796261877417,12.096871566711,3.));
#14622 = DIRECTION('',(0.,0.,1.));
#14623 = DIRECTION('',(1.,0.,-0.));
#14624 = DEFINITIONAL_REPRESENTATION('',(#14625),#14631);
#14625 = B_SPLINE_CURVE_WITH_KNOTS('',4,(#14626,#14627,#14628,#14629,
    #14630),.UNSPECIFIED.,.F.,.F.,(5,5),(0.,1.),
  .PIECEWISE_BEZIER_KNOTS.);
#14626 = CARTESIAN_POINT('',(-2.878202293365,-6.843262472736));
#14627 = CARTESIAN_POINT('',(-2.391717220075,-6.847687496338));
#14628 = CARTESIAN_POINT('',(-1.90570187118,-6.830869758737));
#14629 = CARTESIAN_POINT('',(-1.41871681859,-6.858639516413));
#14630 = CARTESIAN_POINT('',(-0.932838605949,-6.833324395533));
#14631 = ( GEOMETRIC_REPRESENTATION_CONTEXT(2) 
PARAMETRIC_REPRESENTATION_CONTEXT() REPRESENTATION_CONTEXT('2D SPACE',''
  ) );
#14632 = ADVANCED_FACE('',(#14633),#14591,.F.);
#14633 = FACE_BOUND('',#14634,.F.);
#14634 = EDGE_LOOP('',(#14635,#14636,#14659,#14687));
#14635 = ORIENTED_EDGE('',*,*,#14575,.T.);
#14636 = ORIENTED_EDGE('',*,*,#14637,.T.);
#14637 = EDGE_CURVE('',#14544,#14638,#14640,.T.);
#14638 = VERTEX_POINT('',#14639);
#14639 = CARTESIAN_POINT('',(27.863423271468,9.612576319329,4.2));
#14640 = SURFACE_CURVE('',#14641,(#14645,#14652),.PCURVE_S1.);
#14641 = LINE('',#14642,#14643);
#14642 = CARTESIAN_POINT('',(27.863423271468,5.263547171178,4.2));
#14643 = VECTOR('',#14644,1.);
#14644 = DIRECTION('',(0.,1.,0.));
#14645 = PCURVE('',#14591,#14646);
#14646 = DEFINITIONAL_REPRESENTATION('',(#14647),#14651);
#14647 = LINE('',#14648,#14649);
#14648 = CARTESIAN_POINT('',(0.,-1.2));
#14649 = VECTOR('',#14650,1.);
#14650 = DIRECTION('',(1.,0.));
#14651 = ( GEOMETRIC_REPRESENTATION_CONTEXT(2) 
PARAMETRIC_REPRESENTATION_CONTEXT() REPRESENTATION_CONTEXT('2D SPACE',''
  ) );
#14652 = PCURVE('',#14561,#14653);
#14653 = DEFINITIONAL_REPRESENTATION('',(#14654),#14658);
#14654 = LINE('',#14655,#14656);
#14655 = CARTESIAN_POINT('',(-0.932838605949,-6.833324395533));
#14656 = VECTOR('',#14657,1.);
#14657 = DIRECTION('',(0.,1.));
#14658 = ( GEOMETRIC_REPRESENTATION_CONTEXT(2) 
PARAMETRIC_REPRESENTATION_CONTEXT() REPRESENTATION_CONTEXT('2D SPACE',''
  ) );
#14659 = ORIENTED_EDGE('',*,*,#14660,.F.);
#14660 = EDGE_CURVE('',#14661,#14638,#14663,.T.);
#14661 = VERTEX_POINT('',#14662);
#14662 = CARTESIAN_POINT('',(27.863423271468,9.612576319329,3.));
#14663 = SURFACE_CURVE('',#14664,(#14668,#14675),.PCURVE_S1.);
#14664 = LINE('',#14665,#14666);
#14665 = CARTESIAN_POINT('',(27.863423271468,9.612576319329,3.));
#14666 = VECTOR('',#14667,1.);
#14667 = DIRECTION('',(0.,0.,1.));
#14668 = PCURVE('',#14591,#14669);
#14669 = DEFINITIONAL_REPRESENTATION('',(#14670),#14674);
#14670 = LINE('',#14671,#14672);
#14671 = CARTESIAN_POINT('',(4.349029148151,0.));
#14672 = VECTOR('',#14673,1.);
#14673 = DIRECTION('',(0.,-1.));
#14674 = ( GEOMETRIC_REPRESENTATION_CONTEXT(2) 
PARAMETRIC_REPRESENTATION_CONTEXT() REPRESENTATION_CONTEXT('2D SPACE',''
  ) );
#14675 = PCURVE('',#14676,#14681);
#14676 = PLANE('',#14677);
#14677 = AXIS2_PLACEMENT_3D('',#14678,#14679,#14680);
#14678 = CARTESIAN_POINT('',(27.863423271468,9.612576319329,3.));
#14679 = DIRECTION('',(0.,1.,0.));
#14680 = DIRECTION('',(1.,0.,0.));
#14681 = DEFINITIONAL_REPRESENTATION('',(#14682),#14686);
#14682 = LINE('',#14683,#14684);
#14683 = CARTESIAN_POINT('',(0.,0.));
#14684 = VECTOR('',#14685,1.);
#14685 = DIRECTION('',(0.,-1.));
#14686 = ( GEOMETRIC_REPRESENTATION_CONTEXT(2) 
PARAMETRIC_REPRESENTATION_CONTEXT() REPRESENTATION_CONTEXT('2D SPACE',''
  ) );
#14687 = ORIENTED_EDGE('',*,*,#14688,.F.);
#14688 = EDGE_CURVE('',#14576,#14661,#14689,.T.);
#14689 = SURFACE_CURVE('',#14690,(#14694,#14701),.PCURVE_S1.);
#14690 = LINE('',#14691,#14692);
#14691 = CARTESIAN_POINT('',(27.863423271468,5.263547171178,3.));
#14692 = VECTOR('',#14693,1.);
#14693 = DIRECTION('',(0.,1.,0.));
#14694 = PCURVE('',#14591,#14695);
#14695 = DEFINITIONAL_REPRESENTATION('',(#14696),#14700);
#14696 = LINE('',#14697,#14698);
#14697 = CARTESIAN_POINT('',(0.,0.));
#14698 = VECTOR('',#14699,1.);
#14699 = DIRECTION('',(1.,0.));
#14700 = ( GEOMETRIC_REPRESENTATION_CONTEXT(2) 
PARAMETRIC_REPRESENTATION_CONTEXT() REPRESENTATION_CONTEXT('2D SPACE',''
  ) );
#14701 = PCURVE('',#14619,#14702);
#14702 = DEFINITIONAL_REPRESENTATION('',(#14703),#14707);
#14703 = LINE('',#14704,#14705);
#14704 = CARTESIAN_POINT('',(-0.932838605949,-6.833324395533));
#14705 = VECTOR('',#14706,1.);
#14706 = DIRECTION('',(0.,1.));
#14707 = ( GEOMETRIC_REPRESENTATION_CONTEXT(2) 
PARAMETRIC_REPRESENTATION_CONTEXT() REPRESENTATION_CONTEXT('2D SPACE',''
  ) );
#14708 = ADVANCED_FACE('',(#14709),#14676,.F.);
#14709 = FACE_BOUND('',#14710,.F.);
#14710 = EDGE_LOOP('',(#14711,#14712,#14735,#14769));
#14711 = ORIENTED_EDGE('',*,*,#14660,.T.);
#14712 = ORIENTED_EDGE('',*,*,#14713,.T.);
#14713 = EDGE_CURVE('',#14638,#14714,#14716,.T.);
#14714 = VERTEX_POINT('',#14715);
#14715 = CARTESIAN_POINT('',(32.09665809918,9.612576319329,4.2));
#14716 = SURFACE_CURVE('',#14717,(#14721,#14728),.PCURVE_S1.);
#14717 = LINE('',#14718,#14719);
#14718 = CARTESIAN_POINT('',(27.863423271468,9.612576319329,4.2));
#14719 = VECTOR('',#14720,1.);
#14720 = DIRECTION('',(1.,0.,0.));
#14721 = PCURVE('',#14676,#14722);
#14722 = DEFINITIONAL_REPRESENTATION('',(#14723),#14727);
#14723 = LINE('',#14724,#14725);
#14724 = CARTESIAN_POINT('',(0.,-1.2));
#14725 = VECTOR('',#14726,1.);
#14726 = DIRECTION('',(1.,0.));
#14727 = ( GEOMETRIC_REPRESENTATION_CONTEXT(2) 
PARAMETRIC_REPRESENTATION_CONTEXT() REPRESENTATION_CONTEXT('2D SPACE',''
  ) );
#14728 = PCURVE('',#14561,#14729);
#14729 = DEFINITIONAL_REPRESENTATION('',(#14730),#14734);
#14730 = LINE('',#14731,#14732);
#14731 = CARTESIAN_POINT('',(-0.932838605949,-2.484295247382));
#14732 = VECTOR('',#14733,1.);
#14733 = DIRECTION('',(1.,0.));
#14734 = ( GEOMETRIC_REPRESENTATION_CONTEXT(2) 
PARAMETRIC_REPRESENTATION_CONTEXT() REPRESENTATION_CONTEXT('2D SPACE',''
  ) );
#14735 = ORIENTED_EDGE('',*,*,#14736,.F.);
#14736 = EDGE_CURVE('',#14737,#14714,#14739,.T.);
#14737 = VERTEX_POINT('',#14738);
#14738 = CARTESIAN_POINT('',(32.09665809918,9.612576319329,3.));
#14739 = SURFACE_CURVE('',#14740,(#14744,#14751),.PCURVE_S1.);
#14740 = LINE('',#14741,#14742);
#14741 = CARTESIAN_POINT('',(32.09665809918,9.612576319329,3.));
#14742 = VECTOR('',#14743,1.);
#14743 = DIRECTION('',(0.,0.,1.));
#14744 = PCURVE('',#14676,#14745);
#14745 = DEFINITIONAL_REPRESENTATION('',(#14746),#14750);
#14746 = LINE('',#14747,#14748);
#14747 = CARTESIAN_POINT('',(4.233234827712,0.));
#14748 = VECTOR('',#14749,1.);
#14749 = DIRECTION('',(0.,-1.));
#14750 = ( GEOMETRIC_REPRESENTATION_CONTEXT(2) 
PARAMETRIC_REPRESENTATION_CONTEXT() REPRESENTATION_CONTEXT('2D SPACE',''
  ) );
#14751 = PCURVE('',#14752,#14763);
#14752 = SURFACE_OF_LINEAR_EXTRUSION('',#14753,#14761);
#14753 = B_SPLINE_CURVE_WITH_KNOTS('',6,(#14754,#14755,#14756,#14757,
    #14758,#14759,#14760),.UNSPECIFIED.,.F.,.F.,(7,7),(0.,1.),
  .PIECEWISE_BEZIER_KNOTS.);
#14754 = CARTESIAN_POINT('',(32.09665809918,9.612576319329,3.));
#14755 = CARTESIAN_POINT('',(32.206306886769,9.607473259324,3.));
#14756 = CARTESIAN_POINT('',(32.039024892433,10.77073747401,3.));
#14757 = CARTESIAN_POINT('',(32.211982765518,9.975754742969,3.));
#14758 = CARTESIAN_POINT('',(32.094584216593,11.087019459599,3.));
#14759 = CARTESIAN_POINT('',(32.14299756231,11.048231292877,3.));
#14760 = CARTESIAN_POINT('',(32.133556743051,11.41255831509,3.));
#14761 = VECTOR('',#14762,1.);
#14762 = DIRECTION('',(-0.,-0.,-1.));
#14763 = DEFINITIONAL_REPRESENTATION('',(#14764),#14768);
#14764 = LINE('',#14765,#14766);
#14765 = CARTESIAN_POINT('',(0.,0.));
#14766 = VECTOR('',#14767,1.);
#14767 = DIRECTION('',(0.,-1.));
#14768 = ( GEOMETRIC_REPRESENTATION_CONTEXT(2) 
PARAMETRIC_REPRESENTATION_CONTEXT() REPRESENTATION_CONTEXT('2D SPACE',''
  ) );
#14769 = ORIENTED_EDGE('',*,*,#14770,.F.);
#14770 = EDGE_CURVE('',#14661,#14737,#14771,.T.);
#14771 = SURFACE_CURVE('',#14772,(#14776,#14783),.PCURVE_S1.);
#14772 = LINE('',#14773,#14774);
#14773 = CARTESIAN_POINT('',(27.863423271468,9.612576319329,3.));
#14774 = VECTOR('',#14775,1.);
#14775 = DIRECTION('',(1.,0.,0.));
#14776 = PCURVE('',#14676,#14777);
#14777 = DEFINITIONAL_REPRESENTATION('',(#14778),#14782);
#14778 = LINE('',#14779,#14780);
#14779 = CARTESIAN_POINT('',(0.,0.));
#14780 = VECTOR('',#14781,1.);
#14781 = DIRECTION('',(1.,0.));
#14782 = ( GEOMETRIC_REPRESENTATION_CONTEXT(2) 
PARAMETRIC_REPRESENTATION_CONTEXT() REPRESENTATION_CONTEXT('2D SPACE',''
  ) );
#14783 = PCURVE('',#14619,#14784);
#14784 = DEFINITIONAL_REPRESENTATION('',(#14785),#14789);
#14785 = LINE('',#14786,#14787);
#14786 = CARTESIAN_POINT('',(-0.932838605949,-2.484295247382));
#14787 = VECTOR('',#14788,1.);
#14788 = DIRECTION('',(1.,0.));
#14789 = ( GEOMETRIC_REPRESENTATION_CONTEXT(2) 
PARAMETRIC_REPRESENTATION_CONTEXT() REPRESENTATION_CONTEXT('2D SPACE',''
  ) );
#14790 = ADVANCED_FACE('',(#14791),#14752,.F.);
#14791 = FACE_BOUND('',#14792,.F.);
#14792 = EDGE_LOOP('',(#14793,#14794,#14825,#14853));
#14793 = ORIENTED_EDGE('',*,*,#14736,.T.);
#14794 = ORIENTED_EDGE('',*,*,#14795,.T.);
#14795 = EDGE_CURVE('',#14714,#14796,#14798,.T.);
#14796 = VERTEX_POINT('',#14797);
#14797 = CARTESIAN_POINT('',(32.133556743051,11.41255831509,4.2));
#14798 = SURFACE_CURVE('',#14799,(#14807,#14814),.PCURVE_S1.);
#14799 = B_SPLINE_CURVE_WITH_KNOTS('',6,(#14800,#14801,#14802,#14803,
    #14804,#14805,#14806),.UNSPECIFIED.,.F.,.F.,(7,7),(0.,1.),
  .PIECEWISE_BEZIER_KNOTS.);
#14800 = CARTESIAN_POINT('',(32.09665809918,9.612576319329,4.2));
#14801 = CARTESIAN_POINT('',(32.206306886769,9.607473259324,4.2));
#14802 = CARTESIAN_POINT('',(32.039024892433,10.77073747401,4.2));
#14803 = CARTESIAN_POINT('',(32.211982765518,9.975754742969,4.2));
#14804 = CARTESIAN_POINT('',(32.094584216593,11.087019459599,4.2));
#14805 = CARTESIAN_POINT('',(32.14299756231,11.048231292877,4.2));
#14806 = CARTESIAN_POINT('',(32.133556743051,11.41255831509,4.2));
#14807 = PCURVE('',#14752,#14808);
#14808 = DEFINITIONAL_REPRESENTATION('',(#14809),#14813);
#14809 = LINE('',#14810,#14811);
#14810 = CARTESIAN_POINT('',(0.,-1.2));
#14811 = VECTOR('',#14812,1.);
#14812 = DIRECTION('',(1.,0.));
#14813 = ( GEOMETRIC_REPRESENTATION_CONTEXT(2) 
PARAMETRIC_REPRESENTATION_CONTEXT() REPRESENTATION_CONTEXT('2D SPACE',''
  ) );
#14814 = PCURVE('',#14561,#14815);
#14815 = DEFINITIONAL_REPRESENTATION('',(#14816),#14824);
#14816 = B_SPLINE_CURVE_WITH_KNOTS('',6,(#14817,#14818,#14819,#14820,
    #14821,#14822,#14823),.UNSPECIFIED.,.F.,.F.,(7,7),(0.,1.),
  .PIECEWISE_BEZIER_KNOTS.);
#14817 = CARTESIAN_POINT('',(3.300396221763,-2.484295247382));
#14818 = CARTESIAN_POINT('',(3.410045009352,-2.489398307387));
#14819 = CARTESIAN_POINT('',(3.242763015016,-1.326134092701));
#14820 = CARTESIAN_POINT('',(3.415720888102,-2.121116823742));
#14821 = CARTESIAN_POINT('',(3.298322339176,-1.009852107113));
#14822 = CARTESIAN_POINT('',(3.346735684893,-1.048640273834));
#14823 = CARTESIAN_POINT('',(3.337294865634,-0.684313251621));
#14824 = ( GEOMETRIC_REPRESENTATION_CONTEXT(2) 
PARAMETRIC_REPRESENTATION_CONTEXT() REPRESENTATION_CONTEXT('2D SPACE',''
  ) );
#14825 = ORIENTED_EDGE('',*,*,#14826,.F.);
#14826 = EDGE_CURVE('',#14827,#14796,#14829,.T.);
#14827 = VERTEX_POINT('',#14828);
#14828 = CARTESIAN_POINT('',(32.133556743051,11.41255831509,3.));
#14829 = SURFACE_CURVE('',#14830,(#14834,#14841),.PCURVE_S1.);
#14830 = LINE('',#14831,#14832);
#14831 = CARTESIAN_POINT('',(32.133556743051,11.41255831509,3.));
#14832 = VECTOR('',#14833,1.);
#14833 = DIRECTION('',(0.,0.,1.));
#14834 = PCURVE('',#14752,#14835);
#14835 = DEFINITIONAL_REPRESENTATION('',(#14836),#14840);
#14836 = LINE('',#14837,#14838);
#14837 = CARTESIAN_POINT('',(1.,0.));
#14838 = VECTOR('',#14839,1.);
#14839 = DIRECTION('',(0.,-1.));
#14840 = ( GEOMETRIC_REPRESENTATION_CONTEXT(2) 
PARAMETRIC_REPRESENTATION_CONTEXT() REPRESENTATION_CONTEXT('2D SPACE',''
  ) );
#14841 = PCURVE('',#14842,#14847);
#14842 = PLANE('',#14843);
#14843 = AXIS2_PLACEMENT_3D('',#14844,#14845,#14846);
#14844 = CARTESIAN_POINT('',(32.133556743051,11.41255831509,3.));
#14845 = DIRECTION('',(0.,-1.,0.));
#14846 = DIRECTION('',(-1.,0.,0.));
#14847 = DEFINITIONAL_REPRESENTATION('',(#14848),#14852);
#14848 = LINE('',#14849,#14850);
#14849 = CARTESIAN_POINT('',(0.,-0.));
#14850 = VECTOR('',#14851,1.);
#14851 = DIRECTION('',(0.,-1.));
#14852 = ( GEOMETRIC_REPRESENTATION_CONTEXT(2) 
PARAMETRIC_REPRESENTATION_CONTEXT() REPRESENTATION_CONTEXT('2D SPACE',''
  ) );
#14853 = ORIENTED_EDGE('',*,*,#14854,.F.);
#14854 = EDGE_CURVE('',#14737,#14827,#14855,.T.);
#14855 = SURFACE_CURVE('',#14856,(#14864,#14871),.PCURVE_S1.);
#14856 = B_SPLINE_CURVE_WITH_KNOTS('',6,(#14857,#14858,#14859,#14860,
    #14861,#14862,#14863),.UNSPECIFIED.,.F.,.F.,(7,7),(0.,1.),
  .PIECEWISE_BEZIER_KNOTS.);
#14857 = CARTESIAN_POINT('',(32.09665809918,9.612576319329,3.));
#14858 = CARTESIAN_POINT('',(32.206306886769,9.607473259324,3.));
#14859 = CARTESIAN_POINT('',(32.039024892433,10.77073747401,3.));
#14860 = CARTESIAN_POINT('',(32.211982765518,9.975754742969,3.));
#14861 = CARTESIAN_POINT('',(32.094584216593,11.087019459599,3.));
#14862 = CARTESIAN_POINT('',(32.14299756231,11.048231292877,3.));
#14863 = CARTESIAN_POINT('',(32.133556743051,11.41255831509,3.));
#14864 = PCURVE('',#14752,#14865);
#14865 = DEFINITIONAL_REPRESENTATION('',(#14866),#14870);
#14866 = LINE('',#14867,#14868);
#14867 = CARTESIAN_POINT('',(0.,0.));
#14868 = VECTOR('',#14869,1.);
#14869 = DIRECTION('',(1.,0.));
#14870 = ( GEOMETRIC_REPRESENTATION_CONTEXT(2) 
PARAMETRIC_REPRESENTATION_CONTEXT() REPRESENTATION_CONTEXT('2D SPACE',''
  ) );
#14871 = PCURVE('',#14619,#14872);
#14872 = DEFINITIONAL_REPRESENTATION('',(#14873),#14881);
#14873 = B_SPLINE_CURVE_WITH_KNOTS('',6,(#14874,#14875,#14876,#14877,
    #14878,#14879,#14880),.UNSPECIFIED.,.F.,.F.,(7,7),(0.,1.),
  .PIECEWISE_BEZIER_KNOTS.);
#14874 = CARTESIAN_POINT('',(3.300396221763,-2.484295247382));
#14875 = CARTESIAN_POINT('',(3.410045009352,-2.489398307387));
#14876 = CARTESIAN_POINT('',(3.242763015016,-1.326134092701));
#14877 = CARTESIAN_POINT('',(3.415720888102,-2.121116823742));
#14878 = CARTESIAN_POINT('',(3.298322339176,-1.009852107113));
#14879 = CARTESIAN_POINT('',(3.346735684893,-1.048640273834));
#14880 = CARTESIAN_POINT('',(3.337294865634,-0.684313251621));
#14881 = ( GEOMETRIC_REPRESENTATION_CONTEXT(2) 
PARAMETRIC_REPRESENTATION_CONTEXT() REPRESENTATION_CONTEXT('2D SPACE',''
  ) );
#14882 = ADVANCED_FACE('',(#14883),#14842,.F.);
#14883 = FACE_BOUND('',#14884,.F.);
#14884 = EDGE_LOOP('',(#14885,#14886,#14909,#14937));
#14885 = ORIENTED_EDGE('',*,*,#14826,.T.);
#14886 = ORIENTED_EDGE('',*,*,#14887,.T.);
#14887 = EDGE_CURVE('',#14796,#14888,#14890,.T.);
#14888 = VERTEX_POINT('',#14889);
#14889 = CARTESIAN_POINT('',(27.863423271468,11.41255831509,4.2));
#14890 = SURFACE_CURVE('',#14891,(#14895,#14902),.PCURVE_S1.);
#14891 = LINE('',#14892,#14893);
#14892 = CARTESIAN_POINT('',(32.133556743051,11.41255831509,4.2));
#14893 = VECTOR('',#14894,1.);
#14894 = DIRECTION('',(-1.,0.,0.));
#14895 = PCURVE('',#14842,#14896);
#14896 = DEFINITIONAL_REPRESENTATION('',(#14897),#14901);
#14897 = LINE('',#14898,#14899);
#14898 = CARTESIAN_POINT('',(0.,-1.2));
#14899 = VECTOR('',#14900,1.);
#14900 = DIRECTION('',(1.,0.));
#14901 = ( GEOMETRIC_REPRESENTATION_CONTEXT(2) 
PARAMETRIC_REPRESENTATION_CONTEXT() REPRESENTATION_CONTEXT('2D SPACE',''
  ) );
#14902 = PCURVE('',#14561,#14903);
#14903 = DEFINITIONAL_REPRESENTATION('',(#14904),#14908);
#14904 = LINE('',#14905,#14906);
#14905 = CARTESIAN_POINT('',(3.337294865634,-0.684313251621));
#14906 = VECTOR('',#14907,1.);
#14907 = DIRECTION('',(-1.,0.));
#14908 = ( GEOMETRIC_REPRESENTATION_CONTEXT(2) 
PARAMETRIC_REPRESENTATION_CONTEXT() REPRESENTATION_CONTEXT('2D SPACE',''
  ) );
#14909 = ORIENTED_EDGE('',*,*,#14910,.F.);
#14910 = EDGE_CURVE('',#14911,#14888,#14913,.T.);
#14911 = VERTEX_POINT('',#14912);
#14912 = CARTESIAN_POINT('',(27.863423271468,11.41255831509,3.));
#14913 = SURFACE_CURVE('',#14914,(#14918,#14925),.PCURVE_S1.);
#14914 = LINE('',#14915,#14916);
#14915 = CARTESIAN_POINT('',(27.863423271468,11.41255831509,3.));
#14916 = VECTOR('',#14917,1.);
#14917 = DIRECTION('',(0.,0.,1.));
#14918 = PCURVE('',#14842,#14919);
#14919 = DEFINITIONAL_REPRESENTATION('',(#14920),#14924);
#14920 = LINE('',#14921,#14922);
#14921 = CARTESIAN_POINT('',(4.270133471583,0.));
#14922 = VECTOR('',#14923,1.);
#14923 = DIRECTION('',(0.,-1.));
#14924 = ( GEOMETRIC_REPRESENTATION_CONTEXT(2) 
PARAMETRIC_REPRESENTATION_CONTEXT() REPRESENTATION_CONTEXT('2D SPACE',''
  ) );
#14925 = PCURVE('',#14926,#14931);
#14926 = PLANE('',#14927);
#14927 = AXIS2_PLACEMENT_3D('',#14928,#14929,#14930);
#14928 = CARTESIAN_POINT('',(27.863423271468,11.41255831509,3.));
#14929 = DIRECTION('',(-1.,0.,0.));
#14930 = DIRECTION('',(0.,1.,0.));
#14931 = DEFINITIONAL_REPRESENTATION('',(#14932),#14936);
#14932 = LINE('',#14933,#14934);
#14933 = CARTESIAN_POINT('',(0.,0.));
#14934 = VECTOR('',#14935,1.);
#14935 = DIRECTION('',(0.,-1.));
#14936 = ( GEOMETRIC_REPRESENTATION_CONTEXT(2) 
PARAMETRIC_REPRESENTATION_CONTEXT() REPRESENTATION_CONTEXT('2D SPACE',''
  ) );
#14937 = ORIENTED_EDGE('',*,*,#14938,.F.);
#14938 = EDGE_CURVE('',#14827,#14911,#14939,.T.);
#14939 = SURFACE_CURVE('',#14940,(#14944,#14951),.PCURVE_S1.);
#14940 = LINE('',#14941,#14942);
#14941 = CARTESIAN_POINT('',(32.133556743051,11.41255831509,3.));
#14942 = VECTOR('',#14943,1.);
#14943 = DIRECTION('',(-1.,0.,0.));
#14944 = PCURVE('',#14842,#14945);
#14945 = DEFINITIONAL_REPRESENTATION('',(#14946),#14950);
#14946 = LINE('',#14947,#14948);
#14947 = CARTESIAN_POINT('',(0.,-0.));
#14948 = VECTOR('',#14949,1.);
#14949 = DIRECTION('',(1.,0.));
#14950 = ( GEOMETRIC_REPRESENTATION_CONTEXT(2) 
PARAMETRIC_REPRESENTATION_CONTEXT() REPRESENTATION_CONTEXT('2D SPACE',''
  ) );
#14951 = PCURVE('',#14619,#14952);
#14952 = DEFINITIONAL_REPRESENTATION('',(#14953),#14957);
#14953 = LINE('',#14954,#14955);
#14954 = CARTESIAN_POINT('',(3.337294865634,-0.684313251621));
#14955 = VECTOR('',#14956,1.);
#14956 = DIRECTION('',(-1.,0.));
#14957 = ( GEOMETRIC_REPRESENTATION_CONTEXT(2) 
PARAMETRIC_REPRESENTATION_CONTEXT() REPRESENTATION_CONTEXT('2D SPACE',''
  ) );
#14958 = ADVANCED_FACE('',(#14959),#14926,.F.);
#14959 = FACE_BOUND('',#14960,.F.);
#14960 = EDGE_LOOP('',(#14961,#14962,#14985,#15017));
#14961 = ORIENTED_EDGE('',*,*,#14910,.T.);
#14962 = ORIENTED_EDGE('',*,*,#14963,.T.);
#14963 = EDGE_CURVE('',#14888,#14964,#14966,.T.);
#14964 = VERTEX_POINT('',#14965);
#14965 = CARTESIAN_POINT('',(27.863423271468,14.924070633503,4.2));
#14966 = SURFACE_CURVE('',#14967,(#14971,#14978),.PCURVE_S1.);
#14967 = LINE('',#14968,#14969);
#14968 = CARTESIAN_POINT('',(27.863423271468,11.41255831509,4.2));
#14969 = VECTOR('',#14970,1.);
#14970 = DIRECTION('',(0.,1.,0.));
#14971 = PCURVE('',#14926,#14972);
#14972 = DEFINITIONAL_REPRESENTATION('',(#14973),#14977);
#14973 = LINE('',#14974,#14975);
#14974 = CARTESIAN_POINT('',(0.,-1.2));
#14975 = VECTOR('',#14976,1.);
#14976 = DIRECTION('',(1.,0.));
#14977 = ( GEOMETRIC_REPRESENTATION_CONTEXT(2) 
PARAMETRIC_REPRESENTATION_CONTEXT() REPRESENTATION_CONTEXT('2D SPACE',''
  ) );
#14978 = PCURVE('',#14561,#14979);
#14979 = DEFINITIONAL_REPRESENTATION('',(#14980),#14984);
#14980 = LINE('',#14981,#14982);
#14981 = CARTESIAN_POINT('',(-0.932838605949,-0.684313251621));
#14982 = VECTOR('',#14983,1.);
#14983 = DIRECTION('',(0.,1.));
#14984 = ( GEOMETRIC_REPRESENTATION_CONTEXT(2) 
PARAMETRIC_REPRESENTATION_CONTEXT() REPRESENTATION_CONTEXT('2D SPACE',''
  ) );
#14985 = ORIENTED_EDGE('',*,*,#14986,.F.);
#14986 = EDGE_CURVE('',#14987,#14964,#14989,.T.);
#14987 = VERTEX_POINT('',#14988);
#14988 = CARTESIAN_POINT('',(27.863423271468,14.924070633503,3.));
#14989 = SURFACE_CURVE('',#14990,(#14994,#15001),.PCURVE_S1.);
#14990 = LINE('',#14991,#14992);
#14991 = CARTESIAN_POINT('',(27.863423271468,14.924070633503,3.));
#14992 = VECTOR('',#14993,1.);
#14993 = DIRECTION('',(0.,0.,1.));
#14994 = PCURVE('',#14926,#14995);
#14995 = DEFINITIONAL_REPRESENTATION('',(#14996),#15000);
#14996 = LINE('',#14997,#14998);
#14997 = CARTESIAN_POINT('',(3.511512318413,0.));
#14998 = VECTOR('',#14999,1.);
#14999 = DIRECTION('',(0.,-1.));
#15000 = ( GEOMETRIC_REPRESENTATION_CONTEXT(2) 
PARAMETRIC_REPRESENTATION_CONTEXT() REPRESENTATION_CONTEXT('2D SPACE',''
  ) );
#15001 = PCURVE('',#15002,#15011);
#15002 = SURFACE_OF_LINEAR_EXTRUSION('',#15003,#15009);
#15003 = B_SPLINE_CURVE_WITH_KNOTS('',4,(#15004,#15005,#15006,#15007,
    #15008),.UNSPECIFIED.,.F.,.F.,(5,5),(0.,1.),
  .PIECEWISE_BEZIER_KNOTS.);
#15004 = CARTESIAN_POINT('',(27.863423271468,14.924070633503,3.));
#15005 = CARTESIAN_POINT('',(29.314444111205,14.922260424176,3.));
#15006 = CARTESIAN_POINT('',(30.765390220513,14.928914711531,3.));
#15007 = CARTESIAN_POINT('',(32.216483359143,14.918587408737,3.));
#15008 = CARTESIAN_POINT('',(33.667419558161,14.927031758629,3.));
#15009 = VECTOR('',#15010,1.);
#15010 = DIRECTION('',(-0.,-0.,-1.));
#15011 = DEFINITIONAL_REPRESENTATION('',(#15012),#15016);
#15012 = LINE('',#15013,#15014);
#15013 = CARTESIAN_POINT('',(0.,0.));
#15014 = VECTOR('',#15015,1.);
#15015 = DIRECTION('',(0.,-1.));
#15016 = ( GEOMETRIC_REPRESENTATION_CONTEXT(2) 
PARAMETRIC_REPRESENTATION_CONTEXT() REPRESENTATION_CONTEXT('2D SPACE',''
  ) );
#15017 = ORIENTED_EDGE('',*,*,#15018,.F.);
#15018 = EDGE_CURVE('',#14911,#14987,#15019,.T.);
#15019 = SURFACE_CURVE('',#15020,(#15024,#15031),.PCURVE_S1.);
#15020 = LINE('',#15021,#15022);
#15021 = CARTESIAN_POINT('',(27.863423271468,11.41255831509,3.));
#15022 = VECTOR('',#15023,1.);
#15023 = DIRECTION('',(0.,1.,0.));
#15024 = PCURVE('',#14926,#15025);
#15025 = DEFINITIONAL_REPRESENTATION('',(#15026),#15030);
#15026 = LINE('',#15027,#15028);
#15027 = CARTESIAN_POINT('',(0.,0.));
#15028 = VECTOR('',#15029,1.);
#15029 = DIRECTION('',(1.,0.));
#15030 = ( GEOMETRIC_REPRESENTATION_CONTEXT(2) 
PARAMETRIC_REPRESENTATION_CONTEXT() REPRESENTATION_CONTEXT('2D SPACE',''
  ) );
#15031 = PCURVE('',#14619,#15032);
#15032 = DEFINITIONAL_REPRESENTATION('',(#15033),#15037);
#15033 = LINE('',#15034,#15035);
#15034 = CARTESIAN_POINT('',(-0.932838605949,-0.684313251621));
#15035 = VECTOR('',#15036,1.);
#15036 = DIRECTION('',(0.,1.));
#15037 = ( GEOMETRIC_REPRESENTATION_CONTEXT(2) 
PARAMETRIC_REPRESENTATION_CONTEXT() REPRESENTATION_CONTEXT('2D SPACE',''
  ) );
#15038 = ADVANCED_FACE('',(#15039),#15002,.F.);
#15039 = FACE_BOUND('',#15040,.F.);
#15040 = EDGE_LOOP('',(#15041,#15042,#15069,#15097));
#15041 = ORIENTED_EDGE('',*,*,#14986,.T.);
#15042 = ORIENTED_EDGE('',*,*,#15043,.T.);
#15043 = EDGE_CURVE('',#14964,#15044,#15046,.T.);
#15044 = VERTEX_POINT('',#15045);
#15045 = CARTESIAN_POINT('',(33.667419558161,14.927031758629,4.2));
#15046 = SURFACE_CURVE('',#15047,(#15053,#15060),.PCURVE_S1.);
#15047 = B_SPLINE_CURVE_WITH_KNOTS('',4,(#15048,#15049,#15050,#15051,
    #15052),.UNSPECIFIED.,.F.,.F.,(5,5),(0.,1.),
  .PIECEWISE_BEZIER_KNOTS.);
#15048 = CARTESIAN_POINT('',(27.863423271468,14.924070633503,4.2));
#15049 = CARTESIAN_POINT('',(29.314444111205,14.922260424176,4.2));
#15050 = CARTESIAN_POINT('',(30.765390220513,14.928914711531,4.2));
#15051 = CARTESIAN_POINT('',(32.216483359143,14.918587408737,4.2));
#15052 = CARTESIAN_POINT('',(33.667419558161,14.927031758629,4.2));
#15053 = PCURVE('',#15002,#15054);
#15054 = DEFINITIONAL_REPRESENTATION('',(#15055),#15059);
#15055 = LINE('',#15056,#15057);
#15056 = CARTESIAN_POINT('',(0.,-1.2));
#15057 = VECTOR('',#15058,1.);
#15058 = DIRECTION('',(1.,0.));
#15059 = ( GEOMETRIC_REPRESENTATION_CONTEXT(2) 
PARAMETRIC_REPRESENTATION_CONTEXT() REPRESENTATION_CONTEXT('2D SPACE',''
  ) );
#15060 = PCURVE('',#14561,#15061);
#15061 = DEFINITIONAL_REPRESENTATION('',(#15062),#15068);
#15062 = B_SPLINE_CURVE_WITH_KNOTS('',4,(#15063,#15064,#15065,#15066,
    #15067),.UNSPECIFIED.,.F.,.F.,(5,5),(0.,1.),
  .PIECEWISE_BEZIER_KNOTS.);
#15063 = CARTESIAN_POINT('',(-0.932838605949,2.827199066792));
#15064 = CARTESIAN_POINT('',(0.518182233788,2.825388857465));
#15065 = CARTESIAN_POINT('',(1.969128343096,2.83204314482));
#15066 = CARTESIAN_POINT('',(3.420221481726,2.821715842026));
#15067 = CARTESIAN_POINT('',(4.871157680744,2.830160191918));
#15068 = ( GEOMETRIC_REPRESENTATION_CONTEXT(2) 
PARAMETRIC_REPRESENTATION_CONTEXT() REPRESENTATION_CONTEXT('2D SPACE',''
  ) );
#15069 = ORIENTED_EDGE('',*,*,#15070,.F.);
#15070 = EDGE_CURVE('',#15071,#15044,#15073,.T.);
#15071 = VERTEX_POINT('',#15072);
#15072 = CARTESIAN_POINT('',(33.667419558161,14.927031758629,3.));
#15073 = SURFACE_CURVE('',#15074,(#15078,#15085),.PCURVE_S1.);
#15074 = LINE('',#15075,#15076);
#15075 = CARTESIAN_POINT('',(33.667419558161,14.927031758629,3.));
#15076 = VECTOR('',#15077,1.);
#15077 = DIRECTION('',(0.,0.,1.));
#15078 = PCURVE('',#15002,#15079);
#15079 = DEFINITIONAL_REPRESENTATION('',(#15080),#15084);
#15080 = LINE('',#15081,#15082);
#15081 = CARTESIAN_POINT('',(1.,0.));
#15082 = VECTOR('',#15083,1.);
#15083 = DIRECTION('',(0.,-1.));
#15084 = ( GEOMETRIC_REPRESENTATION_CONTEXT(2) 
PARAMETRIC_REPRESENTATION_CONTEXT() REPRESENTATION_CONTEXT('2D SPACE',''
  ) );
#15085 = PCURVE('',#15086,#15091);
#15086 = PLANE('',#15087);
#15087 = AXIS2_PLACEMENT_3D('',#15088,#15089,#15090);
#15088 = CARTESIAN_POINT('',(33.667419558161,14.927031758629,3.));
#15089 = DIRECTION('',(-1.,0.,0.));
#15090 = DIRECTION('',(0.,1.,0.));
#15091 = DEFINITIONAL_REPRESENTATION('',(#15092),#15096);
#15092 = LINE('',#15093,#15094);
#15093 = CARTESIAN_POINT('',(0.,0.));
#15094 = VECTOR('',#15095,1.);
#15095 = DIRECTION('',(0.,-1.));
#15096 = ( GEOMETRIC_REPRESENTATION_CONTEXT(2) 
PARAMETRIC_REPRESENTATION_CONTEXT() REPRESENTATION_CONTEXT('2D SPACE',''
  ) );
#15097 = ORIENTED_EDGE('',*,*,#15098,.F.);
#15098 = EDGE_CURVE('',#14987,#15071,#15099,.T.);
#15099 = SURFACE_CURVE('',#15100,(#15106,#15113),.PCURVE_S1.);
#15100 = B_SPLINE_CURVE_WITH_KNOTS('',4,(#15101,#15102,#15103,#15104,
    #15105),.UNSPECIFIED.,.F.,.F.,(5,5),(0.,1.),
  .PIECEWISE_BEZIER_KNOTS.);
#15101 = CARTESIAN_POINT('',(27.863423271468,14.924070633503,3.));
#15102 = CARTESIAN_POINT('',(29.314444111205,14.922260424176,3.));
#15103 = CARTESIAN_POINT('',(30.765390220513,14.928914711531,3.));
#15104 = CARTESIAN_POINT('',(32.216483359143,14.918587408737,3.));
#15105 = CARTESIAN_POINT('',(33.667419558161,14.927031758629,3.));
#15106 = PCURVE('',#15002,#15107);
#15107 = DEFINITIONAL_REPRESENTATION('',(#15108),#15112);
#15108 = LINE('',#15109,#15110);
#15109 = CARTESIAN_POINT('',(0.,0.));
#15110 = VECTOR('',#15111,1.);
#15111 = DIRECTION('',(1.,0.));
#15112 = ( GEOMETRIC_REPRESENTATION_CONTEXT(2) 
PARAMETRIC_REPRESENTATION_CONTEXT() REPRESENTATION_CONTEXT('2D SPACE',''
  ) );
#15113 = PCURVE('',#14619,#15114);
#15114 = DEFINITIONAL_REPRESENTATION('',(#15115),#15121);
#15115 = B_SPLINE_CURVE_WITH_KNOTS('',4,(#15116,#15117,#15118,#15119,
    #15120),.UNSPECIFIED.,.F.,.F.,(5,5),(0.,1.),
  .PIECEWISE_BEZIER_KNOTS.);
#15116 = CARTESIAN_POINT('',(-0.932838605949,2.827199066792));
#15117 = CARTESIAN_POINT('',(0.518182233788,2.825388857465));
#15118 = CARTESIAN_POINT('',(1.969128343096,2.83204314482));
#15119 = CARTESIAN_POINT('',(3.420221481726,2.821715842026));
#15120 = CARTESIAN_POINT('',(4.871157680744,2.830160191918));
#15121 = ( GEOMETRIC_REPRESENTATION_CONTEXT(2) 
PARAMETRIC_REPRESENTATION_CONTEXT() REPRESENTATION_CONTEXT('2D SPACE',''
  ) );
#15122 = ADVANCED_FACE('',(#15123),#15086,.F.);
#15123 = FACE_BOUND('',#15124,.F.);
#15124 = EDGE_LOOP('',(#15125,#15126,#15149,#15182));
#15125 = ORIENTED_EDGE('',*,*,#15070,.T.);
#15126 = ORIENTED_EDGE('',*,*,#15127,.T.);
#15127 = EDGE_CURVE('',#15044,#15128,#15130,.T.);
#15128 = VERTEX_POINT('',#15129);
#15129 = CARTESIAN_POINT('',(33.667419558161,16.716028935375,4.2));
#15130 = SURFACE_CURVE('',#15131,(#15135,#15142),.PCURVE_S1.);
#15131 = LINE('',#15132,#15133);
#15132 = CARTESIAN_POINT('',(33.667419558161,14.927031758629,4.2));
#15133 = VECTOR('',#15134,1.);
#15134 = DIRECTION('',(0.,1.,0.));
#15135 = PCURVE('',#15086,#15136);
#15136 = DEFINITIONAL_REPRESENTATION('',(#15137),#15141);
#15137 = LINE('',#15138,#15139);
#15138 = CARTESIAN_POINT('',(0.,-1.2));
#15139 = VECTOR('',#15140,1.);
#15140 = DIRECTION('',(1.,0.));
#15141 = ( GEOMETRIC_REPRESENTATION_CONTEXT(2) 
PARAMETRIC_REPRESENTATION_CONTEXT() REPRESENTATION_CONTEXT('2D SPACE',''
  ) );
#15142 = PCURVE('',#14561,#15143);
#15143 = DEFINITIONAL_REPRESENTATION('',(#15144),#15148);
#15144 = LINE('',#15145,#15146);
#15145 = CARTESIAN_POINT('',(4.871157680744,2.830160191918));
#15146 = VECTOR('',#15147,1.);
#15147 = DIRECTION('',(0.,1.));
#15148 = ( GEOMETRIC_REPRESENTATION_CONTEXT(2) 
PARAMETRIC_REPRESENTATION_CONTEXT() REPRESENTATION_CONTEXT('2D SPACE',''
  ) );
#15149 = ORIENTED_EDGE('',*,*,#15150,.F.);
#15150 = EDGE_CURVE('',#15151,#15128,#15153,.T.);
#15151 = VERTEX_POINT('',#15152);
#15152 = CARTESIAN_POINT('',(33.667419558161,16.716028935375,3.));
#15153 = SURFACE_CURVE('',#15154,(#15158,#15165),.PCURVE_S1.);
#15154 = LINE('',#15155,#15156);
#15155 = CARTESIAN_POINT('',(33.667419558161,16.716028935375,3.));
#15156 = VECTOR('',#15157,1.);
#15157 = DIRECTION('',(0.,0.,1.));
#15158 = PCURVE('',#15086,#15159);
#15159 = DEFINITIONAL_REPRESENTATION('',(#15160),#15164);
#15160 = LINE('',#15161,#15162);
#15161 = CARTESIAN_POINT('',(1.788997176747,0.));
#15162 = VECTOR('',#15163,1.);
#15163 = DIRECTION('',(0.,-1.));
#15164 = ( GEOMETRIC_REPRESENTATION_CONTEXT(2) 
PARAMETRIC_REPRESENTATION_CONTEXT() REPRESENTATION_CONTEXT('2D SPACE',''
  ) );
#15165 = PCURVE('',#15166,#15176);
#15166 = SURFACE_OF_LINEAR_EXTRUSION('',#15167,#15174);
#15167 = B_SPLINE_CURVE_WITH_KNOTS('',5,(#15168,#15169,#15170,#15171,
    #15172,#15173),.UNSPECIFIED.,.F.,.F.,(6,6),(0.,1.),
  .PIECEWISE_BEZIER_KNOTS.);
#15168 = CARTESIAN_POINT('',(33.667419558161,16.716028935375,3.));
#15169 = CARTESIAN_POINT('',(32.117562588001,16.713891257991,3.));
#15170 = CARTESIAN_POINT('',(30.567604328266,16.722955497966,3.));
#15171 = CARTESIAN_POINT('',(29.017877465464,16.70609198195,3.));
#15172 = CARTESIAN_POINT('',(27.46785132352,16.723445147614,3.));
#15173 = CARTESIAN_POINT('',(25.918059584052,16.71306781025,3.));
#15174 = VECTOR('',#15175,1.);
#15175 = DIRECTION('',(-0.,-0.,-1.));
#15176 = DEFINITIONAL_REPRESENTATION('',(#15177),#15181);
#15177 = LINE('',#15178,#15179);
#15178 = CARTESIAN_POINT('',(0.,0.));
#15179 = VECTOR('',#15180,1.);
#15180 = DIRECTION('',(0.,-1.));
#15181 = ( GEOMETRIC_REPRESENTATION_CONTEXT(2) 
PARAMETRIC_REPRESENTATION_CONTEXT() REPRESENTATION_CONTEXT('2D SPACE',''
  ) );
#15182 = ORIENTED_EDGE('',*,*,#15183,.F.);
#15183 = EDGE_CURVE('',#15071,#15151,#15184,.T.);
#15184 = SURFACE_CURVE('',#15185,(#15189,#15196),.PCURVE_S1.);
#15185 = LINE('',#15186,#15187);
#15186 = CARTESIAN_POINT('',(33.667419558161,14.927031758629,3.));
#15187 = VECTOR('',#15188,1.);
#15188 = DIRECTION('',(0.,1.,0.));
#15189 = PCURVE('',#15086,#15190);
#15190 = DEFINITIONAL_REPRESENTATION('',(#15191),#15195);
#15191 = LINE('',#15192,#15193);
#15192 = CARTESIAN_POINT('',(0.,0.));
#15193 = VECTOR('',#15194,1.);
#15194 = DIRECTION('',(1.,0.));
#15195 = ( GEOMETRIC_REPRESENTATION_CONTEXT(2) 
PARAMETRIC_REPRESENTATION_CONTEXT() REPRESENTATION_CONTEXT('2D SPACE',''
  ) );
#15196 = PCURVE('',#14619,#15197);
#15197 = DEFINITIONAL_REPRESENTATION('',(#15198),#15202);
#15198 = LINE('',#15199,#15200);
#15199 = CARTESIAN_POINT('',(4.871157680744,2.830160191918));
#15200 = VECTOR('',#15201,1.);
#15201 = DIRECTION('',(0.,1.));
#15202 = ( GEOMETRIC_REPRESENTATION_CONTEXT(2) 
PARAMETRIC_REPRESENTATION_CONTEXT() REPRESENTATION_CONTEXT('2D SPACE',''
  ) );
#15203 = ADVANCED_FACE('',(#15204),#15166,.F.);
#15204 = FACE_BOUND('',#15205,.F.);
#15205 = EDGE_LOOP('',(#15206,#15207,#15236,#15259));
#15206 = ORIENTED_EDGE('',*,*,#15150,.T.);
#15207 = ORIENTED_EDGE('',*,*,#15208,.T.);
#15208 = EDGE_CURVE('',#15128,#15209,#15211,.T.);
#15209 = VERTEX_POINT('',#15210);
#15210 = CARTESIAN_POINT('',(25.918059584052,16.71306781025,4.2));
#15211 = SURFACE_CURVE('',#15212,(#15219,#15226),.PCURVE_S1.);
#15212 = B_SPLINE_CURVE_WITH_KNOTS('',5,(#15213,#15214,#15215,#15216,
    #15217,#15218),.UNSPECIFIED.,.F.,.F.,(6,6),(0.,1.),
  .PIECEWISE_BEZIER_KNOTS.);
#15213 = CARTESIAN_POINT('',(33.667419558161,16.716028935375,4.2));
#15214 = CARTESIAN_POINT('',(32.117562588001,16.713891257991,4.2));
#15215 = CARTESIAN_POINT('',(30.567604328266,16.722955497966,4.2));
#15216 = CARTESIAN_POINT('',(29.017877465464,16.70609198195,4.2));
#15217 = CARTESIAN_POINT('',(27.46785132352,16.723445147614,4.2));
#15218 = CARTESIAN_POINT('',(25.918059584052,16.71306781025,4.2));
#15219 = PCURVE('',#15166,#15220);
#15220 = DEFINITIONAL_REPRESENTATION('',(#15221),#15225);
#15221 = LINE('',#15222,#15223);
#15222 = CARTESIAN_POINT('',(0.,-1.2));
#15223 = VECTOR('',#15224,1.);
#15224 = DIRECTION('',(1.,0.));
#15225 = ( GEOMETRIC_REPRESENTATION_CONTEXT(2) 
PARAMETRIC_REPRESENTATION_CONTEXT() REPRESENTATION_CONTEXT('2D SPACE',''
  ) );
#15226 = PCURVE('',#14561,#15227);
#15227 = DEFINITIONAL_REPRESENTATION('',(#15228),#15235);
#15228 = B_SPLINE_CURVE_WITH_KNOTS('',5,(#15229,#15230,#15231,#15232,
    #15233,#15234),.UNSPECIFIED.,.F.,.F.,(6,6),(0.,1.),
  .PIECEWISE_BEZIER_KNOTS.);
#15229 = CARTESIAN_POINT('',(4.871157680744,4.619157368664));
#15230 = CARTESIAN_POINT('',(3.321300710585,4.61701969128));
#15231 = CARTESIAN_POINT('',(1.77134245085,4.626083931255));
#15232 = CARTESIAN_POINT('',(0.221615588048,4.609220415238));
#15233 = CARTESIAN_POINT('',(-1.328410553896,4.626573580903));
#15234 = CARTESIAN_POINT('',(-2.878202293365,4.616196243539));
#15235 = ( GEOMETRIC_REPRESENTATION_CONTEXT(2) 
PARAMETRIC_REPRESENTATION_CONTEXT() REPRESENTATION_CONTEXT('2D SPACE',''
  ) );
#15236 = ORIENTED_EDGE('',*,*,#15237,.F.);
#15237 = EDGE_CURVE('',#15238,#15209,#15240,.T.);
#15238 = VERTEX_POINT('',#15239);
#15239 = CARTESIAN_POINT('',(25.918059584052,16.71306781025,3.));
#15240 = SURFACE_CURVE('',#15241,(#15245,#15252),.PCURVE_S1.);
#15241 = LINE('',#15242,#15243);
#15242 = CARTESIAN_POINT('',(25.918059584052,16.71306781025,3.));
#15243 = VECTOR('',#15244,1.);
#15244 = DIRECTION('',(0.,0.,1.));
#15245 = PCURVE('',#15166,#15246);
#15246 = DEFINITIONAL_REPRESENTATION('',(#15247),#15251);
#15247 = LINE('',#15248,#15249);
#15248 = CARTESIAN_POINT('',(1.,0.));
#15249 = VECTOR('',#15250,1.);
#15250 = DIRECTION('',(0.,-1.));
#15251 = ( GEOMETRIC_REPRESENTATION_CONTEXT(2) 
PARAMETRIC_REPRESENTATION_CONTEXT() REPRESENTATION_CONTEXT('2D SPACE',''
  ) );
#15252 = PCURVE('',#14531,#15253);
#15253 = DEFINITIONAL_REPRESENTATION('',(#15254),#15258);
#15254 = LINE('',#15255,#15256);
#15255 = CARTESIAN_POINT('',(0.,0.));
#15256 = VECTOR('',#15257,1.);
#15257 = DIRECTION('',(0.,-1.));
#15258 = ( GEOMETRIC_REPRESENTATION_CONTEXT(2) 
PARAMETRIC_REPRESENTATION_CONTEXT() REPRESENTATION_CONTEXT('2D SPACE',''
  ) );
#15259 = ORIENTED_EDGE('',*,*,#15260,.F.);
#15260 = EDGE_CURVE('',#15151,#15238,#15261,.T.);
#15261 = SURFACE_CURVE('',#15262,(#15269,#15276),.PCURVE_S1.);
#15262 = B_SPLINE_CURVE_WITH_KNOTS('',5,(#15263,#15264,#15265,#15266,
    #15267,#15268),.UNSPECIFIED.,.F.,.F.,(6,6),(0.,1.),
  .PIECEWISE_BEZIER_KNOTS.);
#15263 = CARTESIAN_POINT('',(33.667419558161,16.716028935375,3.));
#15264 = CARTESIAN_POINT('',(32.117562588001,16.713891257991,3.));
#15265 = CARTESIAN_POINT('',(30.567604328266,16.722955497966,3.));
#15266 = CARTESIAN_POINT('',(29.017877465464,16.70609198195,3.));
#15267 = CARTESIAN_POINT('',(27.46785132352,16.723445147614,3.));
#15268 = CARTESIAN_POINT('',(25.918059584052,16.71306781025,3.));
#15269 = PCURVE('',#15166,#15270);
#15270 = DEFINITIONAL_REPRESENTATION('',(#15271),#15275);
#15271 = LINE('',#15272,#15273);
#15272 = CARTESIAN_POINT('',(0.,0.));
#15273 = VECTOR('',#15274,1.);
#15274 = DIRECTION('',(1.,0.));
#15275 = ( GEOMETRIC_REPRESENTATION_CONTEXT(2) 
PARAMETRIC_REPRESENTATION_CONTEXT() REPRESENTATION_CONTEXT('2D SPACE',''
  ) );
#15276 = PCURVE('',#14619,#15277);
#15277 = DEFINITIONAL_REPRESENTATION('',(#15278),#15285);
#15278 = B_SPLINE_CURVE_WITH_KNOTS('',5,(#15279,#15280,#15281,#15282,
    #15283,#15284),.UNSPECIFIED.,.F.,.F.,(6,6),(0.,1.),
  .PIECEWISE_BEZIER_KNOTS.);
#15279 = CARTESIAN_POINT('',(4.871157680744,4.619157368664));
#15280 = CARTESIAN_POINT('',(3.321300710585,4.61701969128));
#15281 = CARTESIAN_POINT('',(1.77134245085,4.626083931255));
#15282 = CARTESIAN_POINT('',(0.221615588048,4.609220415238));
#15283 = CARTESIAN_POINT('',(-1.328410553896,4.626573580903));
#15284 = CARTESIAN_POINT('',(-2.878202293365,4.616196243539));
#15285 = ( GEOMETRIC_REPRESENTATION_CONTEXT(2) 
PARAMETRIC_REPRESENTATION_CONTEXT() REPRESENTATION_CONTEXT('2D SPACE',''
  ) );
#15286 = ADVANCED_FACE('',(#15287),#14531,.F.);
#15287 = FACE_BOUND('',#15288,.F.);
#15288 = EDGE_LOOP('',(#15289,#15290,#15311,#15312));
#15289 = ORIENTED_EDGE('',*,*,#15237,.T.);
#15290 = ORIENTED_EDGE('',*,*,#15291,.T.);
#15291 = EDGE_CURVE('',#15209,#14507,#15292,.T.);
#15292 = SURFACE_CURVE('',#15293,(#15297,#15304),.PCURVE_S1.);
#15293 = LINE('',#15294,#15295);
#15294 = CARTESIAN_POINT('',(25.918059584052,16.71306781025,4.2));
#15295 = VECTOR('',#15296,1.);
#15296 = DIRECTION('',(0.,-1.,0.));
#15297 = PCURVE('',#14531,#15298);
#15298 = DEFINITIONAL_REPRESENTATION('',(#15299),#15303);
#15299 = LINE('',#15300,#15301);
#15300 = CARTESIAN_POINT('',(0.,-1.2));
#15301 = VECTOR('',#15302,1.);
#15302 = DIRECTION('',(1.,0.));
#15303 = ( GEOMETRIC_REPRESENTATION_CONTEXT(2) 
PARAMETRIC_REPRESENTATION_CONTEXT() REPRESENTATION_CONTEXT('2D SPACE',''
  ) );
#15304 = PCURVE('',#14561,#15305);
#15305 = DEFINITIONAL_REPRESENTATION('',(#15306),#15310);
#15306 = LINE('',#15307,#15308);
#15307 = CARTESIAN_POINT('',(-2.878202293365,4.616196243539));
#15308 = VECTOR('',#15309,1.);
#15309 = DIRECTION('',(0.,-1.));
#15310 = ( GEOMETRIC_REPRESENTATION_CONTEXT(2) 
PARAMETRIC_REPRESENTATION_CONTEXT() REPRESENTATION_CONTEXT('2D SPACE',''
  ) );
#15311 = ORIENTED_EDGE('',*,*,#14504,.F.);
#15312 = ORIENTED_EDGE('',*,*,#15313,.F.);
#15313 = EDGE_CURVE('',#15238,#14505,#15314,.T.);
#15314 = SURFACE_CURVE('',#15315,(#15319,#15326),.PCURVE_S1.);
#15315 = LINE('',#15316,#15317);
#15316 = CARTESIAN_POINT('',(25.918059584052,16.71306781025,3.));
#15317 = VECTOR('',#15318,1.);
#15318 = DIRECTION('',(0.,-1.,0.));
#15319 = PCURVE('',#14531,#15320);
#15320 = DEFINITIONAL_REPRESENTATION('',(#15321),#15325);
#15321 = LINE('',#15322,#15323);
#15322 = CARTESIAN_POINT('',(0.,0.));
#15323 = VECTOR('',#15324,1.);
#15324 = DIRECTION('',(1.,0.));
#15325 = ( GEOMETRIC_REPRESENTATION_CONTEXT(2) 
PARAMETRIC_REPRESENTATION_CONTEXT() REPRESENTATION_CONTEXT('2D SPACE',''
  ) );
#15326 = PCURVE('',#14619,#15327);
#15327 = DEFINITIONAL_REPRESENTATION('',(#15328),#15332);
#15328 = LINE('',#15329,#15330);
#15329 = CARTESIAN_POINT('',(-2.878202293365,4.616196243539));
#15330 = VECTOR('',#15331,1.);
#15331 = DIRECTION('',(0.,-1.));
#15332 = ( GEOMETRIC_REPRESENTATION_CONTEXT(2) 
PARAMETRIC_REPRESENTATION_CONTEXT() REPRESENTATION_CONTEXT('2D SPACE',''
  ) );
#15333 = ADVANCED_FACE('',(#15334),#14619,.F.);
#15334 = FACE_BOUND('',#15335,.F.);
#15335 = EDGE_LOOP('',(#15336,#15337,#15338,#15339,#15340,#15341,#15342,
    #15343,#15344,#15345));
#15336 = ORIENTED_EDGE('',*,*,#14603,.T.);
#15337 = ORIENTED_EDGE('',*,*,#14688,.T.);
#15338 = ORIENTED_EDGE('',*,*,#14770,.T.);
#15339 = ORIENTED_EDGE('',*,*,#14854,.T.);
#15340 = ORIENTED_EDGE('',*,*,#14938,.T.);
#15341 = ORIENTED_EDGE('',*,*,#15018,.T.);
#15342 = ORIENTED_EDGE('',*,*,#15098,.T.);
#15343 = ORIENTED_EDGE('',*,*,#15183,.T.);
#15344 = ORIENTED_EDGE('',*,*,#15260,.T.);
#15345 = ORIENTED_EDGE('',*,*,#15313,.T.);
#15346 = ADVANCED_FACE('',(#15347),#14561,.T.);
#15347 = FACE_BOUND('',#15348,.T.);
#15348 = EDGE_LOOP('',(#15349,#15350,#15351,#15352,#15353,#15354,#15355,
    #15356,#15357,#15358));
#15349 = ORIENTED_EDGE('',*,*,#14543,.T.);
#15350 = ORIENTED_EDGE('',*,*,#14637,.T.);
#15351 = ORIENTED_EDGE('',*,*,#14713,.T.);
#15352 = ORIENTED_EDGE('',*,*,#14795,.T.);
#15353 = ORIENTED_EDGE('',*,*,#14887,.T.);
#15354 = ORIENTED_EDGE('',*,*,#14963,.T.);
#15355 = ORIENTED_EDGE('',*,*,#15043,.T.);
#15356 = ORIENTED_EDGE('',*,*,#15127,.T.);
#15357 = ORIENTED_EDGE('',*,*,#15208,.T.);
#15358 = ORIENTED_EDGE('',*,*,#15291,.T.);
#15359 = ( GEOMETRIC_REPRESENTATION_CONTEXT(3) 
GLOBAL_UNCERTAINTY_ASSIGNED_CONTEXT((#15363)) 
GLOBAL_UNIT_ASSIGNED_CONTEXT((#15360,#15361,#15362)) 
REPRESENTATION_CONTEXT('Context #1',
  '3D Context with UNIT and UNCERTAINTY') );
#15360 = ( LENGTH_UNIT() NAMED_UNIT(*) SI_UNIT(.MILLI.,.METRE.) );
#15361 = ( NAMED_UNIT(*) PLANE_ANGLE_UNIT() SI_UNIT($,.RADIAN.) );
#15362 = ( NAMED_UNIT(*) SI_UNIT($,.STERADIAN.) SOLID_ANGLE_UNIT() );
#15363 = UNCERTAINTY_MEASURE_WITH_UNIT(LENGTH_MEASURE(1.E-07),#15360,
  'distance_accuracy_value','confusion accuracy');
#15364 = PRODUCT_RELATED_PRODUCT_CATEGORY('part',$,(#3111));
#15365 = MECHANICAL_DESIGN_GEOMETRIC_PRESENTATION_REPRESENTATION('',(
    #15366),#685);
#15366 = STYLED_ITEM('color',(#15367),#15);
#15367 = PRESENTATION_STYLE_ASSIGNMENT((#15368));
#15368 = SURFACE_STYLE_USAGE(.BOTH.,#15369);
#15369 = SURFACE_SIDE_STYLE('',(#15370));
#15370 = SURFACE_STYLE_FILL_AREA(#15371);
#15371 = FILL_AREA_STYLE('',(#15372));
#15372 = FILL_AREA_STYLE_COLOUR('',#15373);
#15373 = COLOUR_RGB('',4.313725586683E-02,5.882352716007E-02,
  0.109803919806);
#15374 = MECHANICAL_DESIGN_GEOMETRIC_PRESENTATION_REPRESENTATION('',(
    #15375,#15383),#2247);
#15375 = STYLED_ITEM('color',(#15376),#699);
#15376 = PRESENTATION_STYLE_ASSIGNMENT((#15377));
#15377 = SURFACE_STYLE_USAGE(.BOTH.,#15378);
#15378 = SURFACE_SIDE_STYLE('',(#15379));
#15379 = SURFACE_STYLE_FILL_AREA(#15380);
#15380 = FILL_AREA_STYLE('',(#15381));
#15381 = FILL_AREA_STYLE_COLOUR('',#15382);
#15382 = COLOUR_RGB('',0.462745104622,0.552941175644,0.960784305148);
#15383 = STYLED_ITEM('color',(#15384),#1803);
#15384 = PRESENTATION_STYLE_ASSIGNMENT((#15385));
#15385 = SURFACE_STYLE_USAGE(.BOTH.,#15386);
#15386 = SURFACE_SIDE_STYLE('',(#15387));
#15387 = SURFACE_STYLE_FILL_AREA(#15388);
#15388 = FILL_AREA_STYLE('',(#15389));
#15389 = FILL_AREA_STYLE_COLOUR('',#15382);
#15390 = MECHANICAL_DESIGN_GEOMETRIC_PRESENTATION_REPRESENTATION('',(
    #15391,#15399),#3101);
#15391 = STYLED_ITEM('color',(#15392),#2261);
#15392 = PRESENTATION_STYLE_ASSIGNMENT((#15393));
#15393 = SURFACE_STYLE_USAGE(.BOTH.,#15394);
#15394 = SURFACE_SIDE_STYLE('',(#15395));
#15395 = SURFACE_STYLE_FILL_AREA(#15396);
#15396 = FILL_AREA_STYLE('',(#15397));
#15397 = FILL_AREA_STYLE_COLOUR('',#15398);
#15398 = COLOUR_RGB('',0.854901964685,0.486274506065,0.188235296286);
#15399 = STYLED_ITEM('color',(#15400),#2671);
#15400 = PRESENTATION_STYLE_ASSIGNMENT((#15401));
#15401 = SURFACE_STYLE_USAGE(.BOTH.,#15402);
#15402 = SURFACE_SIDE_STYLE('',(#15403));
#15403 = SURFACE_STYLE_FILL_AREA(#15404);
#15404 = FILL_AREA_STYLE('',(#15405));
#15405 = FILL_AREA_STYLE_COLOUR('',#15398);
#15406 = MECHANICAL_DESIGN_GEOMETRIC_PRESENTATION_REPRESENTATION('',(
    #15407,#15415,#15422,#15429,#15436,#15443,#15450,#15457,#15464,
    #15471,#15478,#15485),#15359);
#15407 = STYLED_ITEM('color',(#15408),#3115);
#15408 = PRESENTATION_STYLE_ASSIGNMENT((#15409));
#15409 = SURFACE_STYLE_USAGE(.BOTH.,#15410);
#15410 = SURFACE_SIDE_STYLE('',(#15411));
#15411 = SURFACE_STYLE_FILL_AREA(#15412);
#15412 = FILL_AREA_STYLE('',(#15413));
#15413 = FILL_AREA_STYLE_COLOUR('',#15414);
#15414 = DRAUGHTING_PRE_DEFINED_COLOUR('white');
#15415 = STYLED_ITEM('color',(#15416),#4104);
#15416 = PRESENTATION_STYLE_ASSIGNMENT((#15417));
#15417 = SURFACE_STYLE_USAGE(.BOTH.,#15418);
#15418 = SURFACE_SIDE_STYLE('',(#15419));
#15419 = SURFACE_STYLE_FILL_AREA(#15420);
#15420 = FILL_AREA_STYLE('',(#15421));
#15421 = FILL_AREA_STYLE_COLOUR('',#15414);
#15422 = STYLED_ITEM('color',(#15423),#5030);
#15423 = PRESENTATION_STYLE_ASSIGNMENT((#15424));
#15424 = SURFACE_STYLE_USAGE(.BOTH.,#15425);
#15425 = SURFACE_SIDE_STYLE('',(#15426));
#15426 = SURFACE_STYLE_FILL_AREA(#15427);
#15427 = FILL_AREA_STYLE('',(#15428));
#15428 = FILL_AREA_STYLE_COLOUR('',#15414);
#15429 = STYLED_ITEM('color',(#15430),#6299);
#15430 = PRESENTATION_STYLE_ASSIGNMENT((#15431));
#15431 = SURFACE_STYLE_USAGE(.BOTH.,#15432);
#15432 = SURFACE_SIDE_STYLE('',(#15433));
#15433 = SURFACE_STYLE_FILL_AREA(#15434);
#15434 = FILL_AREA_STYLE('',(#15435));
#15435 = FILL_AREA_STYLE_COLOUR('',#15414);
#15436 = STYLED_ITEM('color',(#15437),#7720);
#15437 = PRESENTATION_STYLE_ASSIGNMENT((#15438));
#15438 = SURFACE_STYLE_USAGE(.BOTH.,#15439);
#15439 = SURFACE_SIDE_STYLE('',(#15440));
#15440 = SURFACE_STYLE_FILL_AREA(#15441);
#15441 = FILL_AREA_STYLE('',(#15442));
#15442 = FILL_AREA_STYLE_COLOUR('',#15414);
#15443 = STYLED_ITEM('color',(#15444),#8942);
#15444 = PRESENTATION_STYLE_ASSIGNMENT((#15445));
#15445 = SURFACE_STYLE_USAGE(.BOTH.,#15446);
#15446 = SURFACE_SIDE_STYLE('',(#15447));
#15447 = SURFACE_STYLE_FILL_AREA(#15448);
#15448 = FILL_AREA_STYLE('',(#15449));
#15449 = FILL_AREA_STYLE_COLOUR('',#15414);
#15450 = STYLED_ITEM('color',(#15451),#10169);
#15451 = PRESENTATION_STYLE_ASSIGNMENT((#15452));
#15452 = SURFACE_STYLE_USAGE(.BOTH.,#15453);
#15453 = SURFACE_SIDE_STYLE('',(#15454));
#15454 = SURFACE_STYLE_FILL_AREA(#15455);
#15455 = FILL_AREA_STYLE('',(#15456));
#15456 = FILL_AREA_STYLE_COLOUR('',#15414);
#15457 = STYLED_ITEM('color',(#15458),#10801);
#15458 = PRESENTATION_STYLE_ASSIGNMENT((#15459));
#15459 = SURFACE_STYLE_USAGE(.BOTH.,#15460);
#15460 = SURFACE_SIDE_STYLE('',(#15461));
#15461 = SURFACE_STYLE_FILL_AREA(#15462);
#15462 = FILL_AREA_STYLE('',(#15463));
#15463 = FILL_AREA_STYLE_COLOUR('',#15414);
#15464 = STYLED_ITEM('color',(#15465),#11780);
#15465 = PRESENTATION_STYLE_ASSIGNMENT((#15466));
#15466 = SURFACE_STYLE_USAGE(.BOTH.,#15467);
#15467 = SURFACE_SIDE_STYLE('',(#15468));
#15468 = SURFACE_STYLE_FILL_AREA(#15469);
#15469 = FILL_AREA_STYLE('',(#15470));
#15470 = FILL_AREA_STYLE_COLOUR('',#15414);
#15471 = STYLED_ITEM('color',(#15472),#12073);
#15472 = PRESENTATION_STYLE_ASSIGNMENT((#15473));
#15473 = SURFACE_STYLE_USAGE(.BOTH.,#15474);
#15474 = SURFACE_SIDE_STYLE('',(#15475));
#15475 = SURFACE_STYLE_FILL_AREA(#15476);
#15476 = FILL_AREA_STYLE('',(#15477));
#15477 = FILL_AREA_STYLE_COLOUR('',#15414);
#15478 = STYLED_ITEM('color',(#15479),#13111);
#15479 = PRESENTATION_STYLE_ASSIGNMENT((#15480));
#15480 = SURFACE_STYLE_USAGE(.BOTH.,#15481);
#15481 = SURFACE_SIDE_STYLE('',(#15482));
#15482 = SURFACE_STYLE_FILL_AREA(#15483);
#15483 = FILL_AREA_STYLE('',(#15484));
#15484 = FILL_AREA_STYLE_COLOUR('',#15414);
#15485 = STYLED_ITEM('color',(#15486),#14498);
#15486 = PRESENTATION_STYLE_ASSIGNMENT((#15487));
#15487 = SURFACE_STYLE_USAGE(.BOTH.,#15488);
#15488 = SURFACE_SIDE_STYLE('',(#15489));
#15489 = SURFACE_STYLE_FILL_AREA(#15490);
#15490 = FILL_AREA_STYLE('',(#15491));
#15491 = FILL_AREA_STYLE_COLOUR('',#15414);
ENDSEC;
END-ISO-10303-21;
