ISO-10303-21;
HEADER;
FILE_DESCRIPTION(('FusionSpace fusion-space-stacked-110mm-extruded-2mm'),'2;1');
FILE_NAME('fusion-space-stacked-110mm-extruded-2mm.step','2026-10-01T00:00:00',('Author'),(
    'Open CASCADE'),'Open CASCADE STEP processor 8.0','Open CASCADE 8.0'
  ,'Unknown');
FILE_SCHEMA(('AUTOMOTIVE_DESIGN { 1 0 10303 214 1 1 1 1 }'));
ENDSEC;
DATA;
#1 = APPLICATION_PROTOCOL_DEFINITION('international standard',
  'automotive_design',2000,#2);
#2 = APPLICATION_CONTEXT(
  'core data for automotive mechanical design processes');
#3 = SHAPE_DEFINITION_REPRESENTATION(#4,#10);
#4 = PRODUCT_DEFINITION_SHAPE('','',#5);
#5 = PRODUCT_DEFINITION('design','',#6,#9);
#6 = PRODUCT_DEFINITION_FORMATION('','',#7);
#7 = PRODUCT('cones, O blue','cones, O blue','',(#8));
#8 = PRODUCT_CONTEXT('',#2,'mechanical');
#9 = PRODUCT_DEFINITION_CONTEXT('part definition',#2,'design');
#10 = SHAPE_REPRESENTATION('',(#11,#15,#1119),#1563);
#11 = AXIS2_PLACEMENT_3D('',#12,#13,#14);
#12 = CARTESIAN_POINT('',(0.,0.,0.));
#13 = DIRECTION('',(0.,0.,1.));
#14 = DIRECTION('',(1.,0.,-0.));
#15 = MANIFOLD_SOLID_BREP('',#16);
#16 = CLOSED_SHELL('',(#17,#150,#233,#316,#399,#479,#555,#633,#712,#795,
    #878,#961,#1036,#1087,#1103));
#17 = ADVANCED_FACE('',(#18),#32,.T.);
#18 = FACE_BOUND('',#19,.T.);
#19 = EDGE_LOOP('',(#20,#61,#91,#122));
#20 = ORIENTED_EDGE('',*,*,#21,.T.);
#21 = EDGE_CURVE('',#22,#24,#26,.T.);
#22 = VERTEX_POINT('',#23);
#23 = CARTESIAN_POINT('',(67.869570345291,44.238966567673,0.));
#24 = VERTEX_POINT('',#25);
#25 = CARTESIAN_POINT('',(67.869570345291,44.238966567673,2.));
#26 = SURFACE_CURVE('',#27,(#31,#46),.PCURVE_S1.);
#27 = LINE('',#28,#29);
#28 = CARTESIAN_POINT('',(67.869570345291,44.238966567673,0.));
#29 = VECTOR('',#30,1.);
#30 = DIRECTION('',(0.,0.,1.));
#31 = PCURVE('',#32,#40);
#32 = SURFACE_OF_LINEAR_EXTRUSION('',#33,#38);
#33 = B_SPLINE_CURVE_WITH_KNOTS('',3,(#34,#35,#36,#37),.UNSPECIFIED.,.F.
  ,.F.,(4,4),(0.,1.),.PIECEWISE_BEZIER_KNOTS.);
#34 = CARTESIAN_POINT('',(67.869570345291,44.238966567673,0.));
#35 = CARTESIAN_POINT('',(67.885004873148,44.223532039816,0.));
#36 = CARTESIAN_POINT('',(67.896483426634,44.144731906843,0.));
#37 = CARTESIAN_POINT('',(67.899641617166,44.083436922557,0.));
#38 = VECTOR('',#39,1.);
#39 = DIRECTION('',(-0.,-0.,-1.));
#40 = DEFINITIONAL_REPRESENTATION('',(#41),#45);
#41 = LINE('',#42,#43);
#42 = CARTESIAN_POINT('',(0.,0.));
#43 = VECTOR('',#44,1.);
#44 = DIRECTION('',(0.,-1.));
#45 = ( GEOMETRIC_REPRESENTATION_CONTEXT(2) 
PARAMETRIC_REPRESENTATION_CONTEXT() REPRESENTATION_CONTEXT('2D SPACE',''
  ) );
#46 = PCURVE('',#47,#55);
#47 = SURFACE_OF_LINEAR_EXTRUSION('',#48,#53);
#48 = B_SPLINE_CURVE_WITH_KNOTS('',3,(#49,#50,#51,#52),.UNSPECIFIED.,.F.
  ,.F.,(4,4),(0.,1.),.PIECEWISE_BEZIER_KNOTS.);
#49 = CARTESIAN_POINT('',(67.714040700175,44.269037839548,0.));
#50 = CARTESIAN_POINT('',(67.775335684462,44.265879649016,0.));
#51 = CARTESIAN_POINT('',(67.854135817435,44.25440109553,0.));
#52 = CARTESIAN_POINT('',(67.869570345291,44.238966567673,0.));
#53 = VECTOR('',#54,1.);
#54 = DIRECTION('',(-0.,-0.,-1.));
#55 = DEFINITIONAL_REPRESENTATION('',(#56),#60);
#56 = LINE('',#57,#58);
#57 = CARTESIAN_POINT('',(1.,0.));
#58 = VECTOR('',#59,1.);
#59 = DIRECTION('',(0.,-1.));
#60 = ( GEOMETRIC_REPRESENTATION_CONTEXT(2) 
PARAMETRIC_REPRESENTATION_CONTEXT() REPRESENTATION_CONTEXT('2D SPACE',''
  ) );
#61 = ORIENTED_EDGE('',*,*,#62,.T.);
#62 = EDGE_CURVE('',#24,#63,#65,.T.);
#63 = VERTEX_POINT('',#64);
#64 = CARTESIAN_POINT('',(67.899641617166,44.083436922557,2.));
#65 = SURFACE_CURVE('',#66,(#71,#78),.PCURVE_S1.);
#66 = B_SPLINE_CURVE_WITH_KNOTS('',3,(#67,#68,#69,#70),.UNSPECIFIED.,.F.
  ,.F.,(4,4),(0.,1.),.PIECEWISE_BEZIER_KNOTS.);
#67 = CARTESIAN_POINT('',(67.869570345291,44.238966567673,2.));
#68 = CARTESIAN_POINT('',(67.885004873148,44.223532039816,2.));
#69 = CARTESIAN_POINT('',(67.896483426634,44.144731906843,2.));
#70 = CARTESIAN_POINT('',(67.899641617166,44.083436922557,2.));
#71 = PCURVE('',#32,#72);
#72 = DEFINITIONAL_REPRESENTATION('',(#73),#77);
#73 = LINE('',#74,#75);
#74 = CARTESIAN_POINT('',(0.,-2.));
#75 = VECTOR('',#76,1.);
#76 = DIRECTION('',(1.,0.));
#77 = ( GEOMETRIC_REPRESENTATION_CONTEXT(2) 
PARAMETRIC_REPRESENTATION_CONTEXT() REPRESENTATION_CONTEXT('2D SPACE',''
  ) );
#78 = PCURVE('',#79,#84);
#79 = PLANE('',#80);
#80 = AXIS2_PLACEMENT_3D('',#81,#82,#83);
#81 = CARTESIAN_POINT('',(59.868058776703,36.237454999085,2.));
#82 = DIRECTION('',(0.,0.,1.));
#83 = DIRECTION('',(1.,0.,-0.));
#84 = DEFINITIONAL_REPRESENTATION('',(#85),#90);
#85 = B_SPLINE_CURVE_WITH_KNOTS('',3,(#86,#87,#88,#89),.UNSPECIFIED.,.F.
  ,.F.,(4,4),(0.,1.),.PIECEWISE_BEZIER_KNOTS.);
#86 = CARTESIAN_POINT('',(8.001511568589,8.001511568589));
#87 = CARTESIAN_POINT('',(8.016946096446,7.986077040732));
#88 = CARTESIAN_POINT('',(8.028424649931,7.907276907759));
#89 = CARTESIAN_POINT('',(8.031582840463,7.845981923473));
#90 = ( GEOMETRIC_REPRESENTATION_CONTEXT(2) 
PARAMETRIC_REPRESENTATION_CONTEXT() REPRESENTATION_CONTEXT('2D SPACE',''
  ) );
#91 = ORIENTED_EDGE('',*,*,#92,.F.);
#92 = EDGE_CURVE('',#93,#63,#95,.T.);
#93 = VERTEX_POINT('',#94);
#94 = CARTESIAN_POINT('',(67.899641617166,44.083436922557,0.));
#95 = SURFACE_CURVE('',#96,(#100,#107),.PCURVE_S1.);
#96 = LINE('',#97,#98);
#97 = CARTESIAN_POINT('',(67.899641617166,44.083436922557,0.));
#98 = VECTOR('',#99,1.);
#99 = DIRECTION('',(0.,0.,1.));
#100 = PCURVE('',#32,#101);
#101 = DEFINITIONAL_REPRESENTATION('',(#102),#106);
#102 = LINE('',#103,#104);
#103 = CARTESIAN_POINT('',(1.,0.));
#104 = VECTOR('',#105,1.);
#105 = DIRECTION('',(0.,-1.));
#106 = ( GEOMETRIC_REPRESENTATION_CONTEXT(2) 
PARAMETRIC_REPRESENTATION_CONTEXT() REPRESENTATION_CONTEXT('2D SPACE',''
  ) );
#107 = PCURVE('',#108,#116);
#108 = SURFACE_OF_LINEAR_EXTRUSION('',#109,#114);
#109 = B_SPLINE_CURVE_WITH_KNOTS('',3,(#110,#111,#112,#113),
  .UNSPECIFIED.,.F.,.F.,(4,4),(0.,1.),.PIECEWISE_BEZIER_KNOTS.);
#110 = CARTESIAN_POINT('',(67.899641617166,44.083436922557,0.));
#111 = CARTESIAN_POINT('',(67.910477399826,43.873133230887,0.));
#112 = CARTESIAN_POINT('',(67.865181034068,43.5829000276,0.));
#113 = CARTESIAN_POINT('',(67.818023405247,43.349575708405,0.));
#114 = VECTOR('',#115,1.);
#115 = DIRECTION('',(-0.,-0.,-1.));
#116 = DEFINITIONAL_REPRESENTATION('',(#117),#121);
#117 = LINE('',#118,#119);
#118 = CARTESIAN_POINT('',(0.,0.));
#119 = VECTOR('',#120,1.);
#120 = DIRECTION('',(0.,-1.));
#121 = ( GEOMETRIC_REPRESENTATION_CONTEXT(2) 
PARAMETRIC_REPRESENTATION_CONTEXT() REPRESENTATION_CONTEXT('2D SPACE',''
  ) );
#122 = ORIENTED_EDGE('',*,*,#123,.F.);
#123 = EDGE_CURVE('',#22,#93,#124,.T.);
#124 = SURFACE_CURVE('',#125,(#130,#137),.PCURVE_S1.);
#125 = B_SPLINE_CURVE_WITH_KNOTS('',3,(#126,#127,#128,#129),
  .UNSPECIFIED.,.F.,.F.,(4,4),(0.,1.),.PIECEWISE_BEZIER_KNOTS.);
#126 = CARTESIAN_POINT('',(67.869570345291,44.238966567673,0.));
#127 = CARTESIAN_POINT('',(67.885004873148,44.223532039816,0.));
#128 = CARTESIAN_POINT('',(67.896483426634,44.144731906843,0.));
#129 = CARTESIAN_POINT('',(67.899641617166,44.083436922557,0.));
#130 = PCURVE('',#32,#131);
#131 = DEFINITIONAL_REPRESENTATION('',(#132),#136);
#132 = LINE('',#133,#134);
#133 = CARTESIAN_POINT('',(0.,0.));
#134 = VECTOR('',#135,1.);
#135 = DIRECTION('',(1.,0.));
#136 = ( GEOMETRIC_REPRESENTATION_CONTEXT(2) 
PARAMETRIC_REPRESENTATION_CONTEXT() REPRESENTATION_CONTEXT('2D SPACE',''
  ) );
#137 = PCURVE('',#138,#143);
#138 = PLANE('',#139);
#139 = AXIS2_PLACEMENT_3D('',#140,#141,#142);
#140 = CARTESIAN_POINT('',(59.868058776703,36.237454999085,0.));
#141 = DIRECTION('',(0.,0.,1.));
#142 = DIRECTION('',(1.,0.,-0.));
#143 = DEFINITIONAL_REPRESENTATION('',(#144),#149);
#144 = B_SPLINE_CURVE_WITH_KNOTS('',3,(#145,#146,#147,#148),
  .UNSPECIFIED.,.F.,.F.,(4,4),(0.,1.),.PIECEWISE_BEZIER_KNOTS.);
#145 = CARTESIAN_POINT('',(8.001511568589,8.001511568589));
#146 = CARTESIAN_POINT('',(8.016946096446,7.986077040732));
#147 = CARTESIAN_POINT('',(8.028424649931,7.907276907759));
#148 = CARTESIAN_POINT('',(8.031582840463,7.845981923473));
#149 = ( GEOMETRIC_REPRESENTATION_CONTEXT(2) 
PARAMETRIC_REPRESENTATION_CONTEXT() REPRESENTATION_CONTEXT('2D SPACE',''
  ) );
#150 = ADVANCED_FACE('',(#151),#108,.T.);
#151 = FACE_BOUND('',#152,.T.);
#152 = EDGE_LOOP('',(#153,#154,#179,#210));
#153 = ORIENTED_EDGE('',*,*,#92,.T.);
#154 = ORIENTED_EDGE('',*,*,#155,.T.);
#155 = EDGE_CURVE('',#63,#156,#158,.T.);
#156 = VERTEX_POINT('',#157);
#157 = CARTESIAN_POINT('',(67.818023405247,43.349575708405,2.));
#158 = SURFACE_CURVE('',#159,(#164,#171),.PCURVE_S1.);
#159 = B_SPLINE_CURVE_WITH_KNOTS('',3,(#160,#161,#162,#163),
  .UNSPECIFIED.,.F.,.F.,(4,4),(0.,1.),.PIECEWISE_BEZIER_KNOTS.);
#160 = CARTESIAN_POINT('',(67.899641617166,44.083436922557,2.));
#161 = CARTESIAN_POINT('',(67.910477399826,43.873133230887,2.));
#162 = CARTESIAN_POINT('',(67.865181034068,43.5829000276,2.));
#163 = CARTESIAN_POINT('',(67.818023405247,43.349575708405,2.));
#164 = PCURVE('',#108,#165);
#165 = DEFINITIONAL_REPRESENTATION('',(#166),#170);
#166 = LINE('',#167,#168);
#167 = CARTESIAN_POINT('',(0.,-2.));
#168 = VECTOR('',#169,1.);
#169 = DIRECTION('',(1.,0.));
#170 = ( GEOMETRIC_REPRESENTATION_CONTEXT(2) 
PARAMETRIC_REPRESENTATION_CONTEXT() REPRESENTATION_CONTEXT('2D SPACE',''
  ) );
#171 = PCURVE('',#79,#172);
#172 = DEFINITIONAL_REPRESENTATION('',(#173),#178);
#173 = B_SPLINE_CURVE_WITH_KNOTS('',3,(#174,#175,#176,#177),
  .UNSPECIFIED.,.F.,.F.,(4,4),(0.,1.),.PIECEWISE_BEZIER_KNOTS.);
#174 = CARTESIAN_POINT('',(8.031582840463,7.845981923473));
#175 = CARTESIAN_POINT('',(8.042418623124,7.635678231802));
#176 = CARTESIAN_POINT('',(7.997122257365,7.345445028515));
#177 = CARTESIAN_POINT('',(7.949964628545,7.11212070932));
#178 = ( GEOMETRIC_REPRESENTATION_CONTEXT(2) 
PARAMETRIC_REPRESENTATION_CONTEXT() REPRESENTATION_CONTEXT('2D SPACE',''
  ) );
#179 = ORIENTED_EDGE('',*,*,#180,.F.);
#180 = EDGE_CURVE('',#181,#156,#183,.T.);
#181 = VERTEX_POINT('',#182);
#182 = CARTESIAN_POINT('',(67.818023405247,43.349575708405,0.));
#183 = SURFACE_CURVE('',#184,(#188,#195),.PCURVE_S1.);
#184 = LINE('',#185,#186);
#185 = CARTESIAN_POINT('',(67.818023405247,43.349575708405,0.));
#186 = VECTOR('',#187,1.);
#187 = DIRECTION('',(0.,0.,1.));
#188 = PCURVE('',#108,#189);
#189 = DEFINITIONAL_REPRESENTATION('',(#190),#194);
#190 = LINE('',#191,#192);
#191 = CARTESIAN_POINT('',(1.,0.));
#192 = VECTOR('',#193,1.);
#193 = DIRECTION('',(0.,-1.));
#194 = ( GEOMETRIC_REPRESENTATION_CONTEXT(2) 
PARAMETRIC_REPRESENTATION_CONTEXT() REPRESENTATION_CONTEXT('2D SPACE',''
  ) );
#195 = PCURVE('',#196,#204);
#196 = SURFACE_OF_LINEAR_EXTRUSION('',#197,#202);
#197 = B_SPLINE_CURVE_WITH_KNOTS('',3,(#198,#199,#200,#201),
  .UNSPECIFIED.,.F.,.F.,(4,4),(0.,1.),.PIECEWISE_BEZIER_KNOTS.);
#198 = CARTESIAN_POINT('',(67.818023405247,43.349575708405,0.));
#199 = CARTESIAN_POINT('',(67.682607161878,42.679569527381,0.));
#200 = CARTESIAN_POINT('',(67.436787310734,41.935921250471,0.));
#201 = CARTESIAN_POINT('',(67.155870017913,41.188915697802,0.));
#202 = VECTOR('',#203,1.);
#203 = DIRECTION('',(-0.,-0.,-1.));
#204 = DEFINITIONAL_REPRESENTATION('',(#205),#209);
#205 = LINE('',#206,#207);
#206 = CARTESIAN_POINT('',(0.,0.));
#207 = VECTOR('',#208,1.);
#208 = DIRECTION('',(0.,-1.));
#209 = ( GEOMETRIC_REPRESENTATION_CONTEXT(2) 
PARAMETRIC_REPRESENTATION_CONTEXT() REPRESENTATION_CONTEXT('2D SPACE',''
  ) );
#210 = ORIENTED_EDGE('',*,*,#211,.F.);
#211 = EDGE_CURVE('',#93,#181,#212,.T.);
#212 = SURFACE_CURVE('',#213,(#218,#225),.PCURVE_S1.);
#213 = B_SPLINE_CURVE_WITH_KNOTS('',3,(#214,#215,#216,#217),
  .UNSPECIFIED.,.F.,.F.,(4,4),(0.,1.),.PIECEWISE_BEZIER_KNOTS.);
#214 = CARTESIAN_POINT('',(67.899641617166,44.083436922557,0.));
#215 = CARTESIAN_POINT('',(67.910477399826,43.873133230887,0.));
#216 = CARTESIAN_POINT('',(67.865181034068,43.5829000276,0.));
#217 = CARTESIAN_POINT('',(67.818023405247,43.349575708405,0.));
#218 = PCURVE('',#108,#219);
#219 = DEFINITIONAL_REPRESENTATION('',(#220),#224);
#220 = LINE('',#221,#222);
#221 = CARTESIAN_POINT('',(0.,0.));
#222 = VECTOR('',#223,1.);
#223 = DIRECTION('',(1.,0.));
#224 = ( GEOMETRIC_REPRESENTATION_CONTEXT(2) 
PARAMETRIC_REPRESENTATION_CONTEXT() REPRESENTATION_CONTEXT('2D SPACE',''
  ) );
#225 = PCURVE('',#138,#226);
#226 = DEFINITIONAL_REPRESENTATION('',(#227),#232);
#227 = B_SPLINE_CURVE_WITH_KNOTS('',3,(#228,#229,#230,#231),
  .UNSPECIFIED.,.F.,.F.,(4,4),(0.,1.),.PIECEWISE_BEZIER_KNOTS.);
#228 = CARTESIAN_POINT('',(8.031582840463,7.845981923473));
#229 = CARTESIAN_POINT('',(8.042418623124,7.635678231802));
#230 = CARTESIAN_POINT('',(7.997122257365,7.345445028515));
#231 = CARTESIAN_POINT('',(7.949964628545,7.11212070932));
#232 = ( GEOMETRIC_REPRESENTATION_CONTEXT(2) 
PARAMETRIC_REPRESENTATION_CONTEXT() REPRESENTATION_CONTEXT('2D SPACE',''
  ) );
#233 = ADVANCED_FACE('',(#234),#196,.T.);
#234 = FACE_BOUND('',#235,.T.);
#235 = EDGE_LOOP('',(#236,#237,#262,#293));
#236 = ORIENTED_EDGE('',*,*,#180,.T.);
#237 = ORIENTED_EDGE('',*,*,#238,.T.);
#238 = EDGE_CURVE('',#156,#239,#241,.T.);
#239 = VERTEX_POINT('',#240);
#240 = CARTESIAN_POINT('',(67.155870017913,41.188915697802,2.));
#241 = SURFACE_CURVE('',#242,(#247,#254),.PCURVE_S1.);
#242 = B_SPLINE_CURVE_WITH_KNOTS('',3,(#243,#244,#245,#246),
  .UNSPECIFIED.,.F.,.F.,(4,4),(0.,1.),.PIECEWISE_BEZIER_KNOTS.);
#243 = CARTESIAN_POINT('',(67.818023405247,43.349575708405,2.));
#244 = CARTESIAN_POINT('',(67.682607161878,42.679569527381,2.));
#245 = CARTESIAN_POINT('',(67.436787310734,41.935921250471,2.));
#246 = CARTESIAN_POINT('',(67.155870017913,41.188915697802,2.));
#247 = PCURVE('',#196,#248);
#248 = DEFINITIONAL_REPRESENTATION('',(#249),#253);
#249 = LINE('',#250,#251);
#250 = CARTESIAN_POINT('',(0.,-2.));
#251 = VECTOR('',#252,1.);
#252 = DIRECTION('',(1.,0.));
#253 = ( GEOMETRIC_REPRESENTATION_CONTEXT(2) 
PARAMETRIC_REPRESENTATION_CONTEXT() REPRESENTATION_CONTEXT('2D SPACE',''
  ) );
#254 = PCURVE('',#79,#255);
#255 = DEFINITIONAL_REPRESENTATION('',(#256),#261);
#256 = B_SPLINE_CURVE_WITH_KNOTS('',3,(#257,#258,#259,#260),
  .UNSPECIFIED.,.F.,.F.,(4,4),(0.,1.),.PIECEWISE_BEZIER_KNOTS.);
#257 = CARTESIAN_POINT('',(7.949964628545,7.11212070932));
#258 = CARTESIAN_POINT('',(7.814548385175,6.442114528297));
#259 = CARTESIAN_POINT('',(7.568728534032,5.698466251387));
#260 = CARTESIAN_POINT('',(7.28781124121,4.951460698718));
#261 = ( GEOMETRIC_REPRESENTATION_CONTEXT(2) 
PARAMETRIC_REPRESENTATION_CONTEXT() REPRESENTATION_CONTEXT('2D SPACE',''
  ) );
#262 = ORIENTED_EDGE('',*,*,#263,.F.);
#263 = EDGE_CURVE('',#264,#239,#266,.T.);
#264 = VERTEX_POINT('',#265);
#265 = CARTESIAN_POINT('',(67.155870017913,41.188915697802,0.));
#266 = SURFACE_CURVE('',#267,(#271,#278),.PCURVE_S1.);
#267 = LINE('',#268,#269);
#268 = CARTESIAN_POINT('',(67.155870017913,41.188915697802,0.));
#269 = VECTOR('',#270,1.);
#270 = DIRECTION('',(0.,0.,1.));
#271 = PCURVE('',#196,#272);
#272 = DEFINITIONAL_REPRESENTATION('',(#273),#277);
#273 = LINE('',#274,#275);
#274 = CARTESIAN_POINT('',(1.,0.));
#275 = VECTOR('',#276,1.);
#276 = DIRECTION('',(0.,-1.));
#277 = ( GEOMETRIC_REPRESENTATION_CONTEXT(2) 
PARAMETRIC_REPRESENTATION_CONTEXT() REPRESENTATION_CONTEXT('2D SPACE',''
  ) );
#278 = PCURVE('',#279,#287);
#279 = SURFACE_OF_LINEAR_EXTRUSION('',#280,#285);
#280 = B_SPLINE_CURVE_WITH_KNOTS('',3,(#281,#282,#283,#284),
  .UNSPECIFIED.,.F.,.F.,(4,4),(0.,1.),.PIECEWISE_BEZIER_KNOTS.);
#281 = CARTESIAN_POINT('',(67.155870017913,41.188915697802,0.));
#282 = CARTESIAN_POINT('',(66.580942760844,39.660089013274,0.));
#283 = CARTESIAN_POINT('',(65.804792743334,38.000053396025,0.));
#284 = CARTESIAN_POINT('',(64.883199287322,36.247729966996,0.));
#285 = VECTOR('',#286,1.);
#286 = DIRECTION('',(-0.,-0.,-1.));
#287 = DEFINITIONAL_REPRESENTATION('',(#288),#292);
#288 = LINE('',#289,#290);
#289 = CARTESIAN_POINT('',(0.,0.));
#290 = VECTOR('',#291,1.);
#291 = DIRECTION('',(0.,-1.));
#292 = ( GEOMETRIC_REPRESENTATION_CONTEXT(2) 
PARAMETRIC_REPRESENTATION_CONTEXT() REPRESENTATION_CONTEXT('2D SPACE',''
  ) );
#293 = ORIENTED_EDGE('',*,*,#294,.F.);
#294 = EDGE_CURVE('',#181,#264,#295,.T.);
#295 = SURFACE_CURVE('',#296,(#301,#308),.PCURVE_S1.);
#296 = B_SPLINE_CURVE_WITH_KNOTS('',3,(#297,#298,#299,#300),
  .UNSPECIFIED.,.F.,.F.,(4,4),(0.,1.),.PIECEWISE_BEZIER_KNOTS.);
#297 = CARTESIAN_POINT('',(67.818023405247,43.349575708405,0.));
#298 = CARTESIAN_POINT('',(67.682607161878,42.679569527381,0.));
#299 = CARTESIAN_POINT('',(67.436787310734,41.935921250471,0.));
#300 = CARTESIAN_POINT('',(67.155870017913,41.188915697802,0.));
#301 = PCURVE('',#196,#302);
#302 = DEFINITIONAL_REPRESENTATION('',(#303),#307);
#303 = LINE('',#304,#305);
#304 = CARTESIAN_POINT('',(0.,0.));
#305 = VECTOR('',#306,1.);
#306 = DIRECTION('',(1.,0.));
#307 = ( GEOMETRIC_REPRESENTATION_CONTEXT(2) 
PARAMETRIC_REPRESENTATION_CONTEXT() REPRESENTATION_CONTEXT('2D SPACE',''
  ) );
#308 = PCURVE('',#138,#309);
#309 = DEFINITIONAL_REPRESENTATION('',(#310),#315);
#310 = B_SPLINE_CURVE_WITH_KNOTS('',3,(#311,#312,#313,#314),
  .UNSPECIFIED.,.F.,.F.,(4,4),(0.,1.),.PIECEWISE_BEZIER_KNOTS.);
#311 = CARTESIAN_POINT('',(7.949964628545,7.11212070932));
#312 = CARTESIAN_POINT('',(7.814548385175,6.442114528297));
#313 = CARTESIAN_POINT('',(7.568728534032,5.698466251387));
#314 = CARTESIAN_POINT('',(7.28781124121,4.951460698718));
#315 = ( GEOMETRIC_REPRESENTATION_CONTEXT(2) 
PARAMETRIC_REPRESENTATION_CONTEXT() REPRESENTATION_CONTEXT('2D SPACE',''
  ) );
#316 = ADVANCED_FACE('',(#317),#279,.T.);
#317 = FACE_BOUND('',#318,.T.);
#318 = EDGE_LOOP('',(#319,#320,#345,#376));
#319 = ORIENTED_EDGE('',*,*,#263,.T.);
#320 = ORIENTED_EDGE('',*,*,#321,.T.);
#321 = EDGE_CURVE('',#239,#322,#324,.T.);
#322 = VERTEX_POINT('',#323);
#323 = CARTESIAN_POINT('',(64.883199287322,36.247729966996,2.));
#324 = SURFACE_CURVE('',#325,(#330,#337),.PCURVE_S1.);
#325 = B_SPLINE_CURVE_WITH_KNOTS('',3,(#326,#327,#328,#329),
  .UNSPECIFIED.,.F.,.F.,(4,4),(0.,1.),.PIECEWISE_BEZIER_KNOTS.);
#326 = CARTESIAN_POINT('',(67.155870017913,41.188915697802,2.));
#327 = CARTESIAN_POINT('',(66.580942760844,39.660089013274,2.));
#328 = CARTESIAN_POINT('',(65.804792743334,38.000053396025,2.));
#329 = CARTESIAN_POINT('',(64.883199287322,36.247729966996,2.));
#330 = PCURVE('',#279,#331);
#331 = DEFINITIONAL_REPRESENTATION('',(#332),#336);
#332 = LINE('',#333,#334);
#333 = CARTESIAN_POINT('',(0.,-2.));
#334 = VECTOR('',#335,1.);
#335 = DIRECTION('',(1.,0.));
#336 = ( GEOMETRIC_REPRESENTATION_CONTEXT(2) 
PARAMETRIC_REPRESENTATION_CONTEXT() REPRESENTATION_CONTEXT('2D SPACE',''
  ) );
#337 = PCURVE('',#79,#338);
#338 = DEFINITIONAL_REPRESENTATION('',(#339),#344);
#339 = B_SPLINE_CURVE_WITH_KNOTS('',3,(#340,#341,#342,#343),
  .UNSPECIFIED.,.F.,.F.,(4,4),(0.,1.),.PIECEWISE_BEZIER_KNOTS.);
#340 = CARTESIAN_POINT('',(7.28781124121,4.951460698718));
#341 = CARTESIAN_POINT('',(6.712883984141,3.422634014189));
#342 = CARTESIAN_POINT('',(5.936733966632,1.762598396941));
#343 = CARTESIAN_POINT('',(5.01514051062,1.027496791192E-02));
#344 = ( GEOMETRIC_REPRESENTATION_CONTEXT(2) 
PARAMETRIC_REPRESENTATION_CONTEXT() REPRESENTATION_CONTEXT('2D SPACE',''
  ) );
#345 = ORIENTED_EDGE('',*,*,#346,.F.);
#346 = EDGE_CURVE('',#347,#322,#349,.T.);
#347 = VERTEX_POINT('',#348);
#348 = CARTESIAN_POINT('',(64.883199287322,36.247729966996,0.));
#349 = SURFACE_CURVE('',#350,(#354,#361),.PCURVE_S1.);
#350 = LINE('',#351,#352);
#351 = CARTESIAN_POINT('',(64.883199287322,36.247729966996,0.));
#352 = VECTOR('',#353,1.);
#353 = DIRECTION('',(0.,0.,1.));
#354 = PCURVE('',#279,#355);
#355 = DEFINITIONAL_REPRESENTATION('',(#356),#360);
#356 = LINE('',#357,#358);
#357 = CARTESIAN_POINT('',(1.,0.));
#358 = VECTOR('',#359,1.);
#359 = DIRECTION('',(0.,-1.));
#360 = ( GEOMETRIC_REPRESENTATION_CONTEXT(2) 
PARAMETRIC_REPRESENTATION_CONTEXT() REPRESENTATION_CONTEXT('2D SPACE',''
  ) );
#361 = PCURVE('',#362,#370);
#362 = SURFACE_OF_LINEAR_EXTRUSION('',#363,#368);
#363 = B_SPLINE_CURVE_WITH_KNOTS('',3,(#364,#365,#366,#367),
  .UNSPECIFIED.,.F.,.F.,(4,4),(0.,1.),.PIECEWISE_BEZIER_KNOTS.);
#364 = CARTESIAN_POINT('',(64.883199287322,36.247729966996,0.));
#365 = CARTESIAN_POINT('',(62.942604160741,32.557870534528,0.));
#366 = CARTESIAN_POINT('',(60.586924202421,28.984464334174,0.));
#367 = CARTESIAN_POINT('',(58.749868525141,26.559683637273,0.));
#368 = VECTOR('',#369,1.);
#369 = DIRECTION('',(-0.,-0.,-1.));
#370 = DEFINITIONAL_REPRESENTATION('',(#371),#375);
#371 = LINE('',#372,#373);
#372 = CARTESIAN_POINT('',(0.,0.));
#373 = VECTOR('',#374,1.);
#374 = DIRECTION('',(0.,-1.));
#375 = ( GEOMETRIC_REPRESENTATION_CONTEXT(2) 
PARAMETRIC_REPRESENTATION_CONTEXT() REPRESENTATION_CONTEXT('2D SPACE',''
  ) );
#376 = ORIENTED_EDGE('',*,*,#377,.F.);
#377 = EDGE_CURVE('',#264,#347,#378,.T.);
#378 = SURFACE_CURVE('',#379,(#384,#391),.PCURVE_S1.);
#379 = B_SPLINE_CURVE_WITH_KNOTS('',3,(#380,#381,#382,#383),
  .UNSPECIFIED.,.F.,.F.,(4,4),(0.,1.),.PIECEWISE_BEZIER_KNOTS.);
#380 = CARTESIAN_POINT('',(67.155870017913,41.188915697802,0.));
#381 = CARTESIAN_POINT('',(66.580942760844,39.660089013274,0.));
#382 = CARTESIAN_POINT('',(65.804792743334,38.000053396025,0.));
#383 = CARTESIAN_POINT('',(64.883199287322,36.247729966996,0.));
#384 = PCURVE('',#279,#385);
#385 = DEFINITIONAL_REPRESENTATION('',(#386),#390);
#386 = LINE('',#387,#388);
#387 = CARTESIAN_POINT('',(0.,0.));
#388 = VECTOR('',#389,1.);
#389 = DIRECTION('',(1.,0.));
#390 = ( GEOMETRIC_REPRESENTATION_CONTEXT(2) 
PARAMETRIC_REPRESENTATION_CONTEXT() REPRESENTATION_CONTEXT('2D SPACE',''
  ) );
#391 = PCURVE('',#138,#392);
#392 = DEFINITIONAL_REPRESENTATION('',(#393),#398);
#393 = B_SPLINE_CURVE_WITH_KNOTS('',3,(#394,#395,#396,#397),
  .UNSPECIFIED.,.F.,.F.,(4,4),(0.,1.),.PIECEWISE_BEZIER_KNOTS.);
#394 = CARTESIAN_POINT('',(7.28781124121,4.951460698718));
#395 = CARTESIAN_POINT('',(6.712883984141,3.422634014189));
#396 = CARTESIAN_POINT('',(5.936733966632,1.762598396941));
#397 = CARTESIAN_POINT('',(5.01514051062,1.027496791192E-02));
#398 = ( GEOMETRIC_REPRESENTATION_CONTEXT(2) 
PARAMETRIC_REPRESENTATION_CONTEXT() REPRESENTATION_CONTEXT('2D SPACE',''
  ) );
#399 = ADVANCED_FACE('',(#400),#362,.T.);
#400 = FACE_BOUND('',#401,.T.);
#401 = EDGE_LOOP('',(#402,#403,#428,#456));
#402 = ORIENTED_EDGE('',*,*,#346,.T.);
#403 = ORIENTED_EDGE('',*,*,#404,.T.);
#404 = EDGE_CURVE('',#322,#405,#407,.T.);
#405 = VERTEX_POINT('',#406);
#406 = CARTESIAN_POINT('',(58.749868525141,26.559683637273,2.));
#407 = SURFACE_CURVE('',#408,(#413,#420),.PCURVE_S1.);
#408 = B_SPLINE_CURVE_WITH_KNOTS('',3,(#409,#410,#411,#412),
  .UNSPECIFIED.,.F.,.F.,(4,4),(0.,1.),.PIECEWISE_BEZIER_KNOTS.);
#409 = CARTESIAN_POINT('',(64.883199287322,36.247729966996,2.));
#410 = CARTESIAN_POINT('',(62.942604160741,32.557870534528,2.));
#411 = CARTESIAN_POINT('',(60.586924202421,28.984464334174,2.));
#412 = CARTESIAN_POINT('',(58.749868525141,26.559683637273,2.));
#413 = PCURVE('',#362,#414);
#414 = DEFINITIONAL_REPRESENTATION('',(#415),#419);
#415 = LINE('',#416,#417);
#416 = CARTESIAN_POINT('',(0.,-2.));
#417 = VECTOR('',#418,1.);
#418 = DIRECTION('',(1.,0.));
#419 = ( GEOMETRIC_REPRESENTATION_CONTEXT(2) 
PARAMETRIC_REPRESENTATION_CONTEXT() REPRESENTATION_CONTEXT('2D SPACE',''
  ) );
#420 = PCURVE('',#79,#421);
#421 = DEFINITIONAL_REPRESENTATION('',(#422),#427);
#422 = B_SPLINE_CURVE_WITH_KNOTS('',3,(#423,#424,#425,#426),
  .UNSPECIFIED.,.F.,.F.,(4,4),(0.,1.),.PIECEWISE_BEZIER_KNOTS.);
#423 = CARTESIAN_POINT('',(5.01514051062,1.027496791192E-02));
#424 = CARTESIAN_POINT('',(3.074545384039,-3.679584464556));
#425 = CARTESIAN_POINT('',(0.718865425718,-7.25299066491));
#426 = CARTESIAN_POINT('',(-1.118190251561,-9.677771361812));
#427 = ( GEOMETRIC_REPRESENTATION_CONTEXT(2) 
PARAMETRIC_REPRESENTATION_CONTEXT() REPRESENTATION_CONTEXT('2D SPACE',''
  ) );
#428 = ORIENTED_EDGE('',*,*,#429,.F.);
#429 = EDGE_CURVE('',#430,#405,#432,.T.);
#430 = VERTEX_POINT('',#431);
#431 = CARTESIAN_POINT('',(58.749868525141,26.559683637273,0.));
#432 = SURFACE_CURVE('',#433,(#437,#444),.PCURVE_S1.);
#433 = LINE('',#434,#435);
#434 = CARTESIAN_POINT('',(58.749868525141,26.559683637273,0.));
#435 = VECTOR('',#436,1.);
#436 = DIRECTION('',(0.,0.,1.));
#437 = PCURVE('',#362,#438);
#438 = DEFINITIONAL_REPRESENTATION('',(#439),#443);
#439 = LINE('',#440,#441);
#440 = CARTESIAN_POINT('',(1.,0.));
#441 = VECTOR('',#442,1.);
#442 = DIRECTION('',(0.,-1.));
#443 = ( GEOMETRIC_REPRESENTATION_CONTEXT(2) 
PARAMETRIC_REPRESENTATION_CONTEXT() REPRESENTATION_CONTEXT('2D SPACE',''
  ) );
#444 = PCURVE('',#445,#450);
#445 = PLANE('',#446);
#446 = AXIS2_PLACEMENT_3D('',#447,#448,#449);
#447 = CARTESIAN_POINT('',(58.749868525141,26.559683637273,0.));
#448 = DIRECTION('',(-0.707106781187,-0.707106781187,0.));
#449 = DIRECTION('',(-0.707106781187,0.707106781187,0.));
#450 = DEFINITIONAL_REPRESENTATION('',(#451),#455);
#451 = LINE('',#452,#453);
#452 = CARTESIAN_POINT('',(0.,0.));
#453 = VECTOR('',#454,1.);
#454 = DIRECTION('',(0.,-1.));
#455 = ( GEOMETRIC_REPRESENTATION_CONTEXT(2) 
PARAMETRIC_REPRESENTATION_CONTEXT() REPRESENTATION_CONTEXT('2D SPACE',''
  ) );
#456 = ORIENTED_EDGE('',*,*,#457,.F.);
#457 = EDGE_CURVE('',#347,#430,#458,.T.);
#458 = SURFACE_CURVE('',#459,(#464,#471),.PCURVE_S1.);
#459 = B_SPLINE_CURVE_WITH_KNOTS('',3,(#460,#461,#462,#463),
  .UNSPECIFIED.,.F.,.F.,(4,4),(0.,1.),.PIECEWISE_BEZIER_KNOTS.);
#460 = CARTESIAN_POINT('',(64.883199287322,36.247729966996,0.));
#461 = CARTESIAN_POINT('',(62.942604160741,32.557870534528,0.));
#462 = CARTESIAN_POINT('',(60.586924202421,28.984464334174,0.));
#463 = CARTESIAN_POINT('',(58.749868525141,26.559683637273,0.));
#464 = PCURVE('',#362,#465);
#465 = DEFINITIONAL_REPRESENTATION('',(#466),#470);
#466 = LINE('',#467,#468);
#467 = CARTESIAN_POINT('',(0.,0.));
#468 = VECTOR('',#469,1.);
#469 = DIRECTION('',(1.,0.));
#470 = ( GEOMETRIC_REPRESENTATION_CONTEXT(2) 
PARAMETRIC_REPRESENTATION_CONTEXT() REPRESENTATION_CONTEXT('2D SPACE',''
  ) );
#471 = PCURVE('',#138,#472);
#472 = DEFINITIONAL_REPRESENTATION('',(#473),#478);
#473 = B_SPLINE_CURVE_WITH_KNOTS('',3,(#474,#475,#476,#477),
  .UNSPECIFIED.,.F.,.F.,(4,4),(0.,1.),.PIECEWISE_BEZIER_KNOTS.);
#474 = CARTESIAN_POINT('',(5.01514051062,1.027496791192E-02));
#475 = CARTESIAN_POINT('',(3.074545384039,-3.679584464556));
#476 = CARTESIAN_POINT('',(0.718865425718,-7.25299066491));
#477 = CARTESIAN_POINT('',(-1.118190251561,-9.677771361812));
#478 = ( GEOMETRIC_REPRESENTATION_CONTEXT(2) 
PARAMETRIC_REPRESENTATION_CONTEXT() REPRESENTATION_CONTEXT('2D SPACE',''
  ) );
#479 = ADVANCED_FACE('',(#480),#445,.T.);
#480 = FACE_BOUND('',#481,.T.);
#481 = EDGE_LOOP('',(#482,#483,#506,#534));
#482 = ORIENTED_EDGE('',*,*,#429,.T.);
#483 = ORIENTED_EDGE('',*,*,#484,.T.);
#484 = EDGE_CURVE('',#405,#485,#487,.T.);
#485 = VERTEX_POINT('',#486);
#486 = CARTESIAN_POINT('',(58.325604456429,26.983947705985,2.));
#487 = SURFACE_CURVE('',#488,(#492,#499),.PCURVE_S1.);
#488 = LINE('',#489,#490);
#489 = CARTESIAN_POINT('',(58.749868525141,26.559683637273,2.));
#490 = VECTOR('',#491,1.);
#491 = DIRECTION('',(-0.707106781187,0.707106781187,0.));
#492 = PCURVE('',#445,#493);
#493 = DEFINITIONAL_REPRESENTATION('',(#494),#498);
#494 = LINE('',#495,#496);
#495 = CARTESIAN_POINT('',(0.,-2.));
#496 = VECTOR('',#497,1.);
#497 = DIRECTION('',(1.,0.));
#498 = ( GEOMETRIC_REPRESENTATION_CONTEXT(2) 
PARAMETRIC_REPRESENTATION_CONTEXT() REPRESENTATION_CONTEXT('2D SPACE',''
  ) );
#499 = PCURVE('',#79,#500);
#500 = DEFINITIONAL_REPRESENTATION('',(#501),#505);
#501 = LINE('',#502,#503);
#502 = CARTESIAN_POINT('',(-1.118190251561,-9.677771361812));
#503 = VECTOR('',#504,1.);
#504 = DIRECTION('',(-0.707106781187,0.707106781187));
#505 = ( GEOMETRIC_REPRESENTATION_CONTEXT(2) 
PARAMETRIC_REPRESENTATION_CONTEXT() REPRESENTATION_CONTEXT('2D SPACE',''
  ) );
#506 = ORIENTED_EDGE('',*,*,#507,.F.);
#507 = EDGE_CURVE('',#508,#485,#510,.T.);
#508 = VERTEX_POINT('',#509);
#509 = CARTESIAN_POINT('',(58.325604456429,26.983947705985,0.));
#510 = SURFACE_CURVE('',#511,(#515,#522),.PCURVE_S1.);
#511 = LINE('',#512,#513);
#512 = CARTESIAN_POINT('',(58.325604456429,26.983947705985,0.));
#513 = VECTOR('',#514,1.);
#514 = DIRECTION('',(0.,0.,1.));
#515 = PCURVE('',#445,#516);
#516 = DEFINITIONAL_REPRESENTATION('',(#517),#521);
#517 = LINE('',#518,#519);
#518 = CARTESIAN_POINT('',(0.6,0.));
#519 = VECTOR('',#520,1.);
#520 = DIRECTION('',(0.,-1.));
#521 = ( GEOMETRIC_REPRESENTATION_CONTEXT(2) 
PARAMETRIC_REPRESENTATION_CONTEXT() REPRESENTATION_CONTEXT('2D SPACE',''
  ) );
#522 = PCURVE('',#523,#528);
#523 = CYLINDRICAL_SURFACE('',#524,6.336604748273);
#524 = AXIS2_PLACEMENT_3D('',#525,#526,#527);
#525 = CARTESIAN_POINT('',(52.187273690083,28.556669912465,0.));
#526 = DIRECTION('',(-0.,-0.,-1.));
#527 = DIRECTION('',(0.968709744445,-0.248196355771,0.));
#528 = DEFINITIONAL_REPRESENTATION('',(#529),#533);
#529 = LINE('',#530,#531);
#530 = CARTESIAN_POINT('',(-0.,0.));
#531 = VECTOR('',#532,1.);
#532 = DIRECTION('',(-0.,-1.));
#533 = ( GEOMETRIC_REPRESENTATION_CONTEXT(2) 
PARAMETRIC_REPRESENTATION_CONTEXT() REPRESENTATION_CONTEXT('2D SPACE',''
  ) );
#534 = ORIENTED_EDGE('',*,*,#535,.F.);
#535 = EDGE_CURVE('',#430,#508,#536,.T.);
#536 = SURFACE_CURVE('',#537,(#541,#548),.PCURVE_S1.);
#537 = LINE('',#538,#539);
#538 = CARTESIAN_POINT('',(58.749868525141,26.559683637273,0.));
#539 = VECTOR('',#540,1.);
#540 = DIRECTION('',(-0.707106781187,0.707106781187,0.));
#541 = PCURVE('',#445,#542);
#542 = DEFINITIONAL_REPRESENTATION('',(#543),#547);
#543 = LINE('',#544,#545);
#544 = CARTESIAN_POINT('',(0.,0.));
#545 = VECTOR('',#546,1.);
#546 = DIRECTION('',(1.,0.));
#547 = ( GEOMETRIC_REPRESENTATION_CONTEXT(2) 
PARAMETRIC_REPRESENTATION_CONTEXT() REPRESENTATION_CONTEXT('2D SPACE',''
  ) );
#548 = PCURVE('',#138,#549);
#549 = DEFINITIONAL_REPRESENTATION('',(#550),#554);
#550 = LINE('',#551,#552);
#551 = CARTESIAN_POINT('',(-1.118190251561,-9.677771361812));
#552 = VECTOR('',#553,1.);
#553 = DIRECTION('',(-0.707106781187,0.707106781187));
#554 = ( GEOMETRIC_REPRESENTATION_CONTEXT(2) 
PARAMETRIC_REPRESENTATION_CONTEXT() REPRESENTATION_CONTEXT('2D SPACE',''
  ) );
#555 = ADVANCED_FACE('',(#556),#523,.F.);
#556 = FACE_BOUND('',#557,.T.);
#557 = EDGE_LOOP('',(#558,#559,#583,#611));
#558 = ORIENTED_EDGE('',*,*,#507,.T.);
#559 = ORIENTED_EDGE('',*,*,#560,.T.);
#560 = EDGE_CURVE('',#485,#561,#563,.T.);
#561 = VERTEX_POINT('',#562);
#562 = CARTESIAN_POINT('',(50.614551483603,34.695000678811,2.));
#563 = SURFACE_CURVE('',#564,(#569,#576),.PCURVE_S1.);
#564 = CIRCLE('',#565,6.336604748273);
#565 = AXIS2_PLACEMENT_3D('',#566,#567,#568);
#566 = CARTESIAN_POINT('',(52.187273690083,28.556669912465,2.));
#567 = DIRECTION('',(0.,0.,1.));
#568 = DIRECTION('',(0.968709744445,-0.248196355771,0.));
#569 = PCURVE('',#523,#570);
#570 = DEFINITIONAL_REPRESENTATION('',(#571),#575);
#571 = LINE('',#572,#573);
#572 = CARTESIAN_POINT('',(-0.,-2.));
#573 = VECTOR('',#574,1.);
#574 = DIRECTION('',(-1.,0.));
#575 = ( GEOMETRIC_REPRESENTATION_CONTEXT(2) 
PARAMETRIC_REPRESENTATION_CONTEXT() REPRESENTATION_CONTEXT('2D SPACE',''
  ) );
#576 = PCURVE('',#79,#577);
#577 = DEFINITIONAL_REPRESENTATION('',(#578),#582);
#578 = CIRCLE('',#579,6.336604748273);
#579 = AXIS2_PLACEMENT_2D('',#580,#581);
#580 = CARTESIAN_POINT('',(-7.68078508662,-7.68078508662));
#581 = DIRECTION('',(0.968709744445,-0.248196355771));
#582 = ( GEOMETRIC_REPRESENTATION_CONTEXT(2) 
PARAMETRIC_REPRESENTATION_CONTEXT() REPRESENTATION_CONTEXT('2D SPACE',''
  ) );
#583 = ORIENTED_EDGE('',*,*,#584,.F.);
#584 = EDGE_CURVE('',#585,#561,#587,.T.);
#585 = VERTEX_POINT('',#586);
#586 = CARTESIAN_POINT('',(50.614551483603,34.695000678811,0.));
#587 = SURFACE_CURVE('',#588,(#592,#599),.PCURVE_S1.);
#588 = LINE('',#589,#590);
#589 = CARTESIAN_POINT('',(50.614551483603,34.695000678811,0.));
#590 = VECTOR('',#591,1.);
#591 = DIRECTION('',(0.,0.,1.));
#592 = PCURVE('',#523,#593);
#593 = DEFINITIONAL_REPRESENTATION('',(#594),#598);
#594 = LINE('',#595,#596);
#595 = CARTESIAN_POINT('',(-2.072432138948,0.));
#596 = VECTOR('',#597,1.);
#597 = DIRECTION('',(-0.,-1.));
#598 = ( GEOMETRIC_REPRESENTATION_CONTEXT(2) 
PARAMETRIC_REPRESENTATION_CONTEXT() REPRESENTATION_CONTEXT('2D SPACE',''
  ) );
#599 = PCURVE('',#600,#605);
#600 = PLANE('',#601);
#601 = AXIS2_PLACEMENT_3D('',#602,#603,#604);
#602 = CARTESIAN_POINT('',(50.614551483603,34.695000678811,0.));
#603 = DIRECTION('',(-0.707106781187,-0.707106781187,0.));
#604 = DIRECTION('',(-0.707106781187,0.707106781187,0.));
#605 = DEFINITIONAL_REPRESENTATION('',(#606),#610);
#606 = LINE('',#607,#608);
#607 = CARTESIAN_POINT('',(0.,0.));
#608 = VECTOR('',#609,1.);
#609 = DIRECTION('',(0.,-1.));
#610 = ( GEOMETRIC_REPRESENTATION_CONTEXT(2) 
PARAMETRIC_REPRESENTATION_CONTEXT() REPRESENTATION_CONTEXT('2D SPACE',''
  ) );
#611 = ORIENTED_EDGE('',*,*,#612,.F.);
#612 = EDGE_CURVE('',#508,#585,#613,.T.);
#613 = SURFACE_CURVE('',#614,(#619,#626),.PCURVE_S1.);
#614 = CIRCLE('',#615,6.336604748273);
#615 = AXIS2_PLACEMENT_3D('',#616,#617,#618);
#616 = CARTESIAN_POINT('',(52.187273690083,28.556669912465,0.));
#617 = DIRECTION('',(0.,0.,1.));
#618 = DIRECTION('',(0.968709744445,-0.248196355771,0.));
#619 = PCURVE('',#523,#620);
#620 = DEFINITIONAL_REPRESENTATION('',(#621),#625);
#621 = LINE('',#622,#623);
#622 = CARTESIAN_POINT('',(-0.,0.));
#623 = VECTOR('',#624,1.);
#624 = DIRECTION('',(-1.,0.));
#625 = ( GEOMETRIC_REPRESENTATION_CONTEXT(2) 
PARAMETRIC_REPRESENTATION_CONTEXT() REPRESENTATION_CONTEXT('2D SPACE',''
  ) );
#626 = PCURVE('',#138,#627);
#627 = DEFINITIONAL_REPRESENTATION('',(#628),#632);
#628 = CIRCLE('',#629,6.336604748273);
#629 = AXIS2_PLACEMENT_2D('',#630,#631);
#630 = CARTESIAN_POINT('',(-7.68078508662,-7.68078508662));
#631 = DIRECTION('',(0.968709744445,-0.248196355771));
#632 = ( GEOMETRIC_REPRESENTATION_CONTEXT(2) 
PARAMETRIC_REPRESENTATION_CONTEXT() REPRESENTATION_CONTEXT('2D SPACE',''
  ) );
#633 = ADVANCED_FACE('',(#634),#600,.T.);
#634 = FACE_BOUND('',#635,.T.);
#635 = EDGE_LOOP('',(#636,#637,#660,#691));
#636 = ORIENTED_EDGE('',*,*,#584,.T.);
#637 = ORIENTED_EDGE('',*,*,#638,.T.);
#638 = EDGE_CURVE('',#561,#639,#641,.T.);
#639 = VERTEX_POINT('',#640);
#640 = CARTESIAN_POINT('',(50.190287414891,35.119264747523,2.));
#641 = SURFACE_CURVE('',#642,(#646,#653),.PCURVE_S1.);
#642 = LINE('',#643,#644);
#643 = CARTESIAN_POINT('',(50.614551483603,34.695000678811,2.));
#644 = VECTOR('',#645,1.);
#645 = DIRECTION('',(-0.707106781187,0.707106781187,0.));
#646 = PCURVE('',#600,#647);
#647 = DEFINITIONAL_REPRESENTATION('',(#648),#652);
#648 = LINE('',#649,#650);
#649 = CARTESIAN_POINT('',(0.,-2.));
#650 = VECTOR('',#651,1.);
#651 = DIRECTION('',(1.,0.));
#652 = ( GEOMETRIC_REPRESENTATION_CONTEXT(2) 
PARAMETRIC_REPRESENTATION_CONTEXT() REPRESENTATION_CONTEXT('2D SPACE',''
  ) );
#653 = PCURVE('',#79,#654);
#654 = DEFINITIONAL_REPRESENTATION('',(#655),#659);
#655 = LINE('',#656,#657);
#656 = CARTESIAN_POINT('',(-9.2535072931,-1.542454320273));
#657 = VECTOR('',#658,1.);
#658 = DIRECTION('',(-0.707106781187,0.707106781187));
#659 = ( GEOMETRIC_REPRESENTATION_CONTEXT(2) 
PARAMETRIC_REPRESENTATION_CONTEXT() REPRESENTATION_CONTEXT('2D SPACE',''
  ) );
#660 = ORIENTED_EDGE('',*,*,#661,.F.);
#661 = EDGE_CURVE('',#662,#639,#664,.T.);
#662 = VERTEX_POINT('',#663);
#663 = CARTESIAN_POINT('',(50.190287414891,35.119264747523,0.));
#664 = SURFACE_CURVE('',#665,(#669,#676),.PCURVE_S1.);
#665 = LINE('',#666,#667);
#666 = CARTESIAN_POINT('',(50.190287414891,35.119264747523,0.));
#667 = VECTOR('',#668,1.);
#668 = DIRECTION('',(0.,0.,1.));
#669 = PCURVE('',#600,#670);
#670 = DEFINITIONAL_REPRESENTATION('',(#671),#675);
#671 = LINE('',#672,#673);
#672 = CARTESIAN_POINT('',(0.6,0.));
#673 = VECTOR('',#674,1.);
#674 = DIRECTION('',(0.,-1.));
#675 = ( GEOMETRIC_REPRESENTATION_CONTEXT(2) 
PARAMETRIC_REPRESENTATION_CONTEXT() REPRESENTATION_CONTEXT('2D SPACE',''
  ) );
#676 = PCURVE('',#677,#685);
#677 = SURFACE_OF_LINEAR_EXTRUSION('',#678,#683);
#678 = B_SPLINE_CURVE_WITH_KNOTS('',3,(#679,#680,#681,#682),
  .UNSPECIFIED.,.F.,.F.,(4,4),(0.,1.),.PIECEWISE_BEZIER_KNOTS.);
#679 = CARTESIAN_POINT('',(50.190287414891,35.119264747523,0.));
#680 = CARTESIAN_POINT('',(52.615068111792,36.956320424802,0.));
#681 = CARTESIAN_POINT('',(56.188474312147,39.312000383123,0.));
#682 = CARTESIAN_POINT('',(59.878333744615,41.252595509704,0.));
#683 = VECTOR('',#684,1.);
#684 = DIRECTION('',(-0.,-0.,-1.));
#685 = DEFINITIONAL_REPRESENTATION('',(#686),#690);
#686 = LINE('',#687,#688);
#687 = CARTESIAN_POINT('',(0.,0.));
#688 = VECTOR('',#689,1.);
#689 = DIRECTION('',(0.,-1.));
#690 = ( GEOMETRIC_REPRESENTATION_CONTEXT(2) 
PARAMETRIC_REPRESENTATION_CONTEXT() REPRESENTATION_CONTEXT('2D SPACE',''
  ) );
#691 = ORIENTED_EDGE('',*,*,#692,.F.);
#692 = EDGE_CURVE('',#585,#662,#693,.T.);
#693 = SURFACE_CURVE('',#694,(#698,#705),.PCURVE_S1.);
#694 = LINE('',#695,#696);
#695 = CARTESIAN_POINT('',(50.614551483603,34.695000678811,0.));
#696 = VECTOR('',#697,1.);
#697 = DIRECTION('',(-0.707106781187,0.707106781187,0.));
#698 = PCURVE('',#600,#699);
#699 = DEFINITIONAL_REPRESENTATION('',(#700),#704);
#700 = LINE('',#701,#702);
#701 = CARTESIAN_POINT('',(0.,0.));
#702 = VECTOR('',#703,1.);
#703 = DIRECTION('',(1.,0.));
#704 = ( GEOMETRIC_REPRESENTATION_CONTEXT(2) 
PARAMETRIC_REPRESENTATION_CONTEXT() REPRESENTATION_CONTEXT('2D SPACE',''
  ) );
#705 = PCURVE('',#138,#706);
#706 = DEFINITIONAL_REPRESENTATION('',(#707),#711);
#707 = LINE('',#708,#709);
#708 = CARTESIAN_POINT('',(-9.2535072931,-1.542454320273));
#709 = VECTOR('',#710,1.);
#710 = DIRECTION('',(-0.707106781187,0.707106781187));
#711 = ( GEOMETRIC_REPRESENTATION_CONTEXT(2) 
PARAMETRIC_REPRESENTATION_CONTEXT() REPRESENTATION_CONTEXT('2D SPACE',''
  ) );
#712 = ADVANCED_FACE('',(#713),#677,.T.);
#713 = FACE_BOUND('',#714,.T.);
#714 = EDGE_LOOP('',(#715,#716,#741,#772));
#715 = ORIENTED_EDGE('',*,*,#661,.T.);
#716 = ORIENTED_EDGE('',*,*,#717,.T.);
#717 = EDGE_CURVE('',#639,#718,#720,.T.);
#718 = VERTEX_POINT('',#719);
#719 = CARTESIAN_POINT('',(59.878333744615,41.252595509704,2.));
#720 = SURFACE_CURVE('',#721,(#726,#733),.PCURVE_S1.);
#721 = B_SPLINE_CURVE_WITH_KNOTS('',3,(#722,#723,#724,#725),
  .UNSPECIFIED.,.F.,.F.,(4,4),(0.,1.),.PIECEWISE_BEZIER_KNOTS.);
#722 = CARTESIAN_POINT('',(50.190287414891,35.119264747523,2.));
#723 = CARTESIAN_POINT('',(52.615068111792,36.956320424802,2.));
#724 = CARTESIAN_POINT('',(56.188474312147,39.312000383123,2.));
#725 = CARTESIAN_POINT('',(59.878333744615,41.252595509704,2.));
#726 = PCURVE('',#677,#727);
#727 = DEFINITIONAL_REPRESENTATION('',(#728),#732);
#728 = LINE('',#729,#730);
#729 = CARTESIAN_POINT('',(0.,-2.));
#730 = VECTOR('',#731,1.);
#731 = DIRECTION('',(1.,0.));
#732 = ( GEOMETRIC_REPRESENTATION_CONTEXT(2) 
PARAMETRIC_REPRESENTATION_CONTEXT() REPRESENTATION_CONTEXT('2D SPACE',''
  ) );
#733 = PCURVE('',#79,#734);
#734 = DEFINITIONAL_REPRESENTATION('',(#735),#740);
#735 = B_SPLINE_CURVE_WITH_KNOTS('',3,(#736,#737,#738,#739),
  .UNSPECIFIED.,.F.,.F.,(4,4),(0.,1.),.PIECEWISE_BEZIER_KNOTS.);
#736 = CARTESIAN_POINT('',(-9.677771361812,-1.118190251561));
#737 = CARTESIAN_POINT('',(-7.25299066491,0.718865425718));
#738 = CARTESIAN_POINT('',(-3.679584464556,3.074545384039));
#739 = CARTESIAN_POINT('',(1.027496791194E-02,5.01514051062));
#740 = ( GEOMETRIC_REPRESENTATION_CONTEXT(2) 
PARAMETRIC_REPRESENTATION_CONTEXT() REPRESENTATION_CONTEXT('2D SPACE',''
  ) );
#741 = ORIENTED_EDGE('',*,*,#742,.F.);
#742 = EDGE_CURVE('',#743,#718,#745,.T.);
#743 = VERTEX_POINT('',#744);
#744 = CARTESIAN_POINT('',(59.878333744615,41.252595509704,0.));
#745 = SURFACE_CURVE('',#746,(#750,#757),.PCURVE_S1.);
#746 = LINE('',#747,#748);
#747 = CARTESIAN_POINT('',(59.878333744615,41.252595509704,0.));
#748 = VECTOR('',#749,1.);
#749 = DIRECTION('',(0.,0.,1.));
#750 = PCURVE('',#677,#751);
#751 = DEFINITIONAL_REPRESENTATION('',(#752),#756);
#752 = LINE('',#753,#754);
#753 = CARTESIAN_POINT('',(1.,0.));
#754 = VECTOR('',#755,1.);
#755 = DIRECTION('',(0.,-1.));
#756 = ( GEOMETRIC_REPRESENTATION_CONTEXT(2) 
PARAMETRIC_REPRESENTATION_CONTEXT() REPRESENTATION_CONTEXT('2D SPACE',''
  ) );
#757 = PCURVE('',#758,#766);
#758 = SURFACE_OF_LINEAR_EXTRUSION('',#759,#764);
#759 = B_SPLINE_CURVE_WITH_KNOTS('',3,(#760,#761,#762,#763),
  .UNSPECIFIED.,.F.,.F.,(4,4),(0.,1.),.PIECEWISE_BEZIER_KNOTS.);
#760 = CARTESIAN_POINT('',(59.878333744615,41.252595509704,0.));
#761 = CARTESIAN_POINT('',(61.630657173643,42.174188965716,0.));
#762 = CARTESIAN_POINT('',(63.290692790892,42.950338983226,0.));
#763 = CARTESIAN_POINT('',(64.81951947542,43.525266240295,0.));
#764 = VECTOR('',#765,1.);
#765 = DIRECTION('',(-0.,-0.,-1.));
#766 = DEFINITIONAL_REPRESENTATION('',(#767),#771);
#767 = LINE('',#768,#769);
#768 = CARTESIAN_POINT('',(0.,0.));
#769 = VECTOR('',#770,1.);
#770 = DIRECTION('',(0.,-1.));
#771 = ( GEOMETRIC_REPRESENTATION_CONTEXT(2) 
PARAMETRIC_REPRESENTATION_CONTEXT() REPRESENTATION_CONTEXT('2D SPACE',''
  ) );
#772 = ORIENTED_EDGE('',*,*,#773,.F.);
#773 = EDGE_CURVE('',#662,#743,#774,.T.);
#774 = SURFACE_CURVE('',#775,(#780,#787),.PCURVE_S1.);
#775 = B_SPLINE_CURVE_WITH_KNOTS('',3,(#776,#777,#778,#779),
  .UNSPECIFIED.,.F.,.F.,(4,4),(0.,1.),.PIECEWISE_BEZIER_KNOTS.);
#776 = CARTESIAN_POINT('',(50.190287414891,35.119264747523,0.));
#777 = CARTESIAN_POINT('',(52.615068111792,36.956320424802,0.));
#778 = CARTESIAN_POINT('',(56.188474312147,39.312000383123,0.));
#779 = CARTESIAN_POINT('',(59.878333744615,41.252595509704,0.));
#780 = PCURVE('',#677,#781);
#781 = DEFINITIONAL_REPRESENTATION('',(#782),#786);
#782 = LINE('',#783,#784);
#783 = CARTESIAN_POINT('',(0.,0.));
#784 = VECTOR('',#785,1.);
#785 = DIRECTION('',(1.,0.));
#786 = ( GEOMETRIC_REPRESENTATION_CONTEXT(2) 
PARAMETRIC_REPRESENTATION_CONTEXT() REPRESENTATION_CONTEXT('2D SPACE',''
  ) );
#787 = PCURVE('',#138,#788);
#788 = DEFINITIONAL_REPRESENTATION('',(#789),#794);
#789 = B_SPLINE_CURVE_WITH_KNOTS('',3,(#790,#791,#792,#793),
  .UNSPECIFIED.,.F.,.F.,(4,4),(0.,1.),.PIECEWISE_BEZIER_KNOTS.);
#790 = CARTESIAN_POINT('',(-9.677771361812,-1.118190251561));
#791 = CARTESIAN_POINT('',(-7.25299066491,0.718865425718));
#792 = CARTESIAN_POINT('',(-3.679584464556,3.074545384039));
#793 = CARTESIAN_POINT('',(1.027496791194E-02,5.01514051062));
#794 = ( GEOMETRIC_REPRESENTATION_CONTEXT(2) 
PARAMETRIC_REPRESENTATION_CONTEXT() REPRESENTATION_CONTEXT('2D SPACE',''
  ) );
#795 = ADVANCED_FACE('',(#796),#758,.T.);
#796 = FACE_BOUND('',#797,.T.);
#797 = EDGE_LOOP('',(#798,#799,#824,#855));
#798 = ORIENTED_EDGE('',*,*,#742,.T.);
#799 = ORIENTED_EDGE('',*,*,#800,.T.);
#800 = EDGE_CURVE('',#718,#801,#803,.T.);
#801 = VERTEX_POINT('',#802);
#802 = CARTESIAN_POINT('',(64.81951947542,43.525266240295,2.));
#803 = SURFACE_CURVE('',#804,(#809,#816),.PCURVE_S1.);
#804 = B_SPLINE_CURVE_WITH_KNOTS('',3,(#805,#806,#807,#808),
  .UNSPECIFIED.,.F.,.F.,(4,4),(0.,1.),.PIECEWISE_BEZIER_KNOTS.);
#805 = CARTESIAN_POINT('',(59.878333744615,41.252595509704,2.));
#806 = CARTESIAN_POINT('',(61.630657173643,42.174188965716,2.));
#807 = CARTESIAN_POINT('',(63.290692790892,42.950338983226,2.));
#808 = CARTESIAN_POINT('',(64.81951947542,43.525266240295,2.));
#809 = PCURVE('',#758,#810);
#810 = DEFINITIONAL_REPRESENTATION('',(#811),#815);
#811 = LINE('',#812,#813);
#812 = CARTESIAN_POINT('',(0.,-2.));
#813 = VECTOR('',#814,1.);
#814 = DIRECTION('',(1.,0.));
#815 = ( GEOMETRIC_REPRESENTATION_CONTEXT(2) 
PARAMETRIC_REPRESENTATION_CONTEXT() REPRESENTATION_CONTEXT('2D SPACE',''
  ) );
#816 = PCURVE('',#79,#817);
#817 = DEFINITIONAL_REPRESENTATION('',(#818),#823);
#818 = B_SPLINE_CURVE_WITH_KNOTS('',3,(#819,#820,#821,#822),
  .UNSPECIFIED.,.F.,.F.,(4,4),(0.,1.),.PIECEWISE_BEZIER_KNOTS.);
#819 = CARTESIAN_POINT('',(1.027496791194E-02,5.01514051062));
#820 = CARTESIAN_POINT('',(1.762598396941,5.936733966632));
#821 = CARTESIAN_POINT('',(3.422634014189,6.712883984141));
#822 = CARTESIAN_POINT('',(4.951460698718,7.28781124121));
#823 = ( GEOMETRIC_REPRESENTATION_CONTEXT(2) 
PARAMETRIC_REPRESENTATION_CONTEXT() REPRESENTATION_CONTEXT('2D SPACE',''
  ) );
#824 = ORIENTED_EDGE('',*,*,#825,.F.);
#825 = EDGE_CURVE('',#826,#801,#828,.T.);
#826 = VERTEX_POINT('',#827);
#827 = CARTESIAN_POINT('',(64.81951947542,43.525266240295,0.));
#828 = SURFACE_CURVE('',#829,(#833,#840),.PCURVE_S1.);
#829 = LINE('',#830,#831);
#830 = CARTESIAN_POINT('',(64.81951947542,43.525266240295,0.));
#831 = VECTOR('',#832,1.);
#832 = DIRECTION('',(0.,0.,1.));
#833 = PCURVE('',#758,#834);
#834 = DEFINITIONAL_REPRESENTATION('',(#835),#839);
#835 = LINE('',#836,#837);
#836 = CARTESIAN_POINT('',(1.,0.));
#837 = VECTOR('',#838,1.);
#838 = DIRECTION('',(0.,-1.));
#839 = ( GEOMETRIC_REPRESENTATION_CONTEXT(2) 
PARAMETRIC_REPRESENTATION_CONTEXT() REPRESENTATION_CONTEXT('2D SPACE',''
  ) );
#840 = PCURVE('',#841,#849);
#841 = SURFACE_OF_LINEAR_EXTRUSION('',#842,#847);
#842 = B_SPLINE_CURVE_WITH_KNOTS('',3,(#843,#844,#845,#846),
  .UNSPECIFIED.,.F.,.F.,(4,4),(0.,1.),.PIECEWISE_BEZIER_KNOTS.);
#843 = CARTESIAN_POINT('',(64.81951947542,43.525266240295,0.));
#844 = CARTESIAN_POINT('',(65.56652502809,43.806183533116,0.));
#845 = CARTESIAN_POINT('',(66.310173304999,44.05200338426,0.));
#846 = CARTESIAN_POINT('',(66.980179486023,44.187419627629,0.));
#847 = VECTOR('',#848,1.);
#848 = DIRECTION('',(-0.,-0.,-1.));
#849 = DEFINITIONAL_REPRESENTATION('',(#850),#854);
#850 = LINE('',#851,#852);
#851 = CARTESIAN_POINT('',(0.,0.));
#852 = VECTOR('',#853,1.);
#853 = DIRECTION('',(0.,-1.));
#854 = ( GEOMETRIC_REPRESENTATION_CONTEXT(2) 
PARAMETRIC_REPRESENTATION_CONTEXT() REPRESENTATION_CONTEXT('2D SPACE',''
  ) );
#855 = ORIENTED_EDGE('',*,*,#856,.F.);
#856 = EDGE_CURVE('',#743,#826,#857,.T.);
#857 = SURFACE_CURVE('',#858,(#863,#870),.PCURVE_S1.);
#858 = B_SPLINE_CURVE_WITH_KNOTS('',3,(#859,#860,#861,#862),
  .UNSPECIFIED.,.F.,.F.,(4,4),(0.,1.),.PIECEWISE_BEZIER_KNOTS.);
#859 = CARTESIAN_POINT('',(59.878333744615,41.252595509704,0.));
#860 = CARTESIAN_POINT('',(61.630657173643,42.174188965716,0.));
#861 = CARTESIAN_POINT('',(63.290692790892,42.950338983226,0.));
#862 = CARTESIAN_POINT('',(64.81951947542,43.525266240295,0.));
#863 = PCURVE('',#758,#864);
#864 = DEFINITIONAL_REPRESENTATION('',(#865),#869);
#865 = LINE('',#866,#867);
#866 = CARTESIAN_POINT('',(0.,0.));
#867 = VECTOR('',#868,1.);
#868 = DIRECTION('',(1.,0.));
#869 = ( GEOMETRIC_REPRESENTATION_CONTEXT(2) 
PARAMETRIC_REPRESENTATION_CONTEXT() REPRESENTATION_CONTEXT('2D SPACE',''
  ) );
#870 = PCURVE('',#138,#871);
#871 = DEFINITIONAL_REPRESENTATION('',(#872),#877);
#872 = B_SPLINE_CURVE_WITH_KNOTS('',3,(#873,#874,#875,#876),
  .UNSPECIFIED.,.F.,.F.,(4,4),(0.,1.),.PIECEWISE_BEZIER_KNOTS.);
#873 = CARTESIAN_POINT('',(1.027496791194E-02,5.01514051062));
#874 = CARTESIAN_POINT('',(1.762598396941,5.936733966632));
#875 = CARTESIAN_POINT('',(3.422634014189,6.712883984141));
#876 = CARTESIAN_POINT('',(4.951460698718,7.28781124121));
#877 = ( GEOMETRIC_REPRESENTATION_CONTEXT(2) 
PARAMETRIC_REPRESENTATION_CONTEXT() REPRESENTATION_CONTEXT('2D SPACE',''
  ) );
#878 = ADVANCED_FACE('',(#879),#841,.T.);
#879 = FACE_BOUND('',#880,.T.);
#880 = EDGE_LOOP('',(#881,#882,#907,#938));
#881 = ORIENTED_EDGE('',*,*,#825,.T.);
#882 = ORIENTED_EDGE('',*,*,#883,.T.);
#883 = EDGE_CURVE('',#801,#884,#886,.T.);
#884 = VERTEX_POINT('',#885);
#885 = CARTESIAN_POINT('',(66.980179486023,44.187419627629,2.));
#886 = SURFACE_CURVE('',#887,(#892,#899),.PCURVE_S1.);
#887 = B_SPLINE_CURVE_WITH_KNOTS('',3,(#888,#889,#890,#891),
  .UNSPECIFIED.,.F.,.F.,(4,4),(0.,1.),.PIECEWISE_BEZIER_KNOTS.);
#888 = CARTESIAN_POINT('',(64.81951947542,43.525266240295,2.));
#889 = CARTESIAN_POINT('',(65.56652502809,43.806183533116,2.));
#890 = CARTESIAN_POINT('',(66.310173304999,44.05200338426,2.));
#891 = CARTESIAN_POINT('',(66.980179486023,44.187419627629,2.));
#892 = PCURVE('',#841,#893);
#893 = DEFINITIONAL_REPRESENTATION('',(#894),#898);
#894 = LINE('',#895,#896);
#895 = CARTESIAN_POINT('',(0.,-2.));
#896 = VECTOR('',#897,1.);
#897 = DIRECTION('',(1.,0.));
#898 = ( GEOMETRIC_REPRESENTATION_CONTEXT(2) 
PARAMETRIC_REPRESENTATION_CONTEXT() REPRESENTATION_CONTEXT('2D SPACE',''
  ) );
#899 = PCURVE('',#79,#900);
#900 = DEFINITIONAL_REPRESENTATION('',(#901),#906);
#901 = B_SPLINE_CURVE_WITH_KNOTS('',3,(#902,#903,#904,#905),
  .UNSPECIFIED.,.F.,.F.,(4,4),(0.,1.),.PIECEWISE_BEZIER_KNOTS.);
#902 = CARTESIAN_POINT('',(4.951460698718,7.28781124121));
#903 = CARTESIAN_POINT('',(5.698466251387,7.568728534032));
#904 = CARTESIAN_POINT('',(6.442114528297,7.814548385175));
#905 = CARTESIAN_POINT('',(7.11212070932,7.949964628545));
#906 = ( GEOMETRIC_REPRESENTATION_CONTEXT(2) 
PARAMETRIC_REPRESENTATION_CONTEXT() REPRESENTATION_CONTEXT('2D SPACE',''
  ) );
#907 = ORIENTED_EDGE('',*,*,#908,.F.);
#908 = EDGE_CURVE('',#909,#884,#911,.T.);
#909 = VERTEX_POINT('',#910);
#910 = CARTESIAN_POINT('',(66.980179486023,44.187419627629,0.));
#911 = SURFACE_CURVE('',#912,(#916,#923),.PCURVE_S1.);
#912 = LINE('',#913,#914);
#913 = CARTESIAN_POINT('',(66.980179486023,44.187419627629,0.));
#914 = VECTOR('',#915,1.);
#915 = DIRECTION('',(0.,0.,1.));
#916 = PCURVE('',#841,#917);
#917 = DEFINITIONAL_REPRESENTATION('',(#918),#922);
#918 = LINE('',#919,#920);
#919 = CARTESIAN_POINT('',(1.,0.));
#920 = VECTOR('',#921,1.);
#921 = DIRECTION('',(0.,-1.));
#922 = ( GEOMETRIC_REPRESENTATION_CONTEXT(2) 
PARAMETRIC_REPRESENTATION_CONTEXT() REPRESENTATION_CONTEXT('2D SPACE',''
  ) );
#923 = PCURVE('',#924,#932);
#924 = SURFACE_OF_LINEAR_EXTRUSION('',#925,#930);
#925 = B_SPLINE_CURVE_WITH_KNOTS('',3,(#926,#927,#928,#929),
  .UNSPECIFIED.,.F.,.F.,(4,4),(0.,1.),.PIECEWISE_BEZIER_KNOTS.);
#926 = CARTESIAN_POINT('',(66.980179486023,44.187419627629,0.));
#927 = CARTESIAN_POINT('',(67.213503805218,44.23457725645,0.));
#928 = CARTESIAN_POINT('',(67.503737008505,44.279873622208,0.));
#929 = CARTESIAN_POINT('',(67.714040700175,44.269037839548,0.));
#930 = VECTOR('',#931,1.);
#931 = DIRECTION('',(-0.,-0.,-1.));
#932 = DEFINITIONAL_REPRESENTATION('',(#933),#937);
#933 = LINE('',#934,#935);
#934 = CARTESIAN_POINT('',(0.,0.));
#935 = VECTOR('',#936,1.);
#936 = DIRECTION('',(0.,-1.));
#937 = ( GEOMETRIC_REPRESENTATION_CONTEXT(2) 
PARAMETRIC_REPRESENTATION_CONTEXT() REPRESENTATION_CONTEXT('2D SPACE',''
  ) );
#938 = ORIENTED_EDGE('',*,*,#939,.F.);
#939 = EDGE_CURVE('',#826,#909,#940,.T.);
#940 = SURFACE_CURVE('',#941,(#946,#953),.PCURVE_S1.);
#941 = B_SPLINE_CURVE_WITH_KNOTS('',3,(#942,#943,#944,#945),
  .UNSPECIFIED.,.F.,.F.,(4,4),(0.,1.),.PIECEWISE_BEZIER_KNOTS.);
#942 = CARTESIAN_POINT('',(64.81951947542,43.525266240295,0.));
#943 = CARTESIAN_POINT('',(65.56652502809,43.806183533116,0.));
#944 = CARTESIAN_POINT('',(66.310173304999,44.05200338426,0.));
#945 = CARTESIAN_POINT('',(66.980179486023,44.187419627629,0.));
#946 = PCURVE('',#841,#947);
#947 = DEFINITIONAL_REPRESENTATION('',(#948),#952);
#948 = LINE('',#949,#950);
#949 = CARTESIAN_POINT('',(0.,0.));
#950 = VECTOR('',#951,1.);
#951 = DIRECTION('',(1.,0.));
#952 = ( GEOMETRIC_REPRESENTATION_CONTEXT(2) 
PARAMETRIC_REPRESENTATION_CONTEXT() REPRESENTATION_CONTEXT('2D SPACE',''
  ) );
#953 = PCURVE('',#138,#954);
#954 = DEFINITIONAL_REPRESENTATION('',(#955),#960);
#955 = B_SPLINE_CURVE_WITH_KNOTS('',3,(#956,#957,#958,#959),
  .UNSPECIFIED.,.F.,.F.,(4,4),(0.,1.),.PIECEWISE_BEZIER_KNOTS.);
#956 = CARTESIAN_POINT('',(4.951460698718,7.28781124121));
#957 = CARTESIAN_POINT('',(5.698466251387,7.568728534032));
#958 = CARTESIAN_POINT('',(6.442114528297,7.814548385175));
#959 = CARTESIAN_POINT('',(7.11212070932,7.949964628545));
#960 = ( GEOMETRIC_REPRESENTATION_CONTEXT(2) 
PARAMETRIC_REPRESENTATION_CONTEXT() REPRESENTATION_CONTEXT('2D SPACE',''
  ) );
#961 = ADVANCED_FACE('',(#962),#924,.T.);
#962 = FACE_BOUND('',#963,.T.);
#963 = EDGE_LOOP('',(#964,#965,#990,#1013));
#964 = ORIENTED_EDGE('',*,*,#908,.T.);
#965 = ORIENTED_EDGE('',*,*,#966,.T.);
#966 = EDGE_CURVE('',#884,#967,#969,.T.);
#967 = VERTEX_POINT('',#968);
#968 = CARTESIAN_POINT('',(67.714040700175,44.269037839548,2.));
#969 = SURFACE_CURVE('',#970,(#975,#982),.PCURVE_S1.);
#970 = B_SPLINE_CURVE_WITH_KNOTS('',3,(#971,#972,#973,#974),
  .UNSPECIFIED.,.F.,.F.,(4,4),(0.,1.),.PIECEWISE_BEZIER_KNOTS.);
#971 = CARTESIAN_POINT('',(66.980179486023,44.187419627629,2.));
#972 = CARTESIAN_POINT('',(67.213503805218,44.23457725645,2.));
#973 = CARTESIAN_POINT('',(67.503737008505,44.279873622208,2.));
#974 = CARTESIAN_POINT('',(67.714040700175,44.269037839548,2.));
#975 = PCURVE('',#924,#976);
#976 = DEFINITIONAL_REPRESENTATION('',(#977),#981);
#977 = LINE('',#978,#979);
#978 = CARTESIAN_POINT('',(0.,-2.));
#979 = VECTOR('',#980,1.);
#980 = DIRECTION('',(1.,0.));
#981 = ( GEOMETRIC_REPRESENTATION_CONTEXT(2) 
PARAMETRIC_REPRESENTATION_CONTEXT() REPRESENTATION_CONTEXT('2D SPACE',''
  ) );
#982 = PCURVE('',#79,#983);
#983 = DEFINITIONAL_REPRESENTATION('',(#984),#989);
#984 = B_SPLINE_CURVE_WITH_KNOTS('',3,(#985,#986,#987,#988),
  .UNSPECIFIED.,.F.,.F.,(4,4),(0.,1.),.PIECEWISE_BEZIER_KNOTS.);
#985 = CARTESIAN_POINT('',(7.11212070932,7.949964628545));
#986 = CARTESIAN_POINT('',(7.345445028516,7.997122257365));
#987 = CARTESIAN_POINT('',(7.635678231802,8.042418623123));
#988 = CARTESIAN_POINT('',(7.845981923473,8.031582840463));
#989 = ( GEOMETRIC_REPRESENTATION_CONTEXT(2) 
PARAMETRIC_REPRESENTATION_CONTEXT() REPRESENTATION_CONTEXT('2D SPACE',''
  ) );
#990 = ORIENTED_EDGE('',*,*,#991,.F.);
#991 = EDGE_CURVE('',#992,#967,#994,.T.);
#992 = VERTEX_POINT('',#993);
#993 = CARTESIAN_POINT('',(67.714040700175,44.269037839548,0.));
#994 = SURFACE_CURVE('',#995,(#999,#1006),.PCURVE_S1.);
#995 = LINE('',#996,#997);
#996 = CARTESIAN_POINT('',(67.714040700175,44.269037839548,0.));
#997 = VECTOR('',#998,1.);
#998 = DIRECTION('',(0.,0.,1.));
#999 = PCURVE('',#924,#1000);
#1000 = DEFINITIONAL_REPRESENTATION('',(#1001),#1005);
#1001 = LINE('',#1002,#1003);
#1002 = CARTESIAN_POINT('',(1.,0.));
#1003 = VECTOR('',#1004,1.);
#1004 = DIRECTION('',(0.,-1.));
#1005 = ( GEOMETRIC_REPRESENTATION_CONTEXT(2) 
PARAMETRIC_REPRESENTATION_CONTEXT() REPRESENTATION_CONTEXT('2D SPACE',''
  ) );
#1006 = PCURVE('',#47,#1007);
#1007 = DEFINITIONAL_REPRESENTATION('',(#1008),#1012);
#1008 = LINE('',#1009,#1010);
#1009 = CARTESIAN_POINT('',(0.,0.));
#1010 = VECTOR('',#1011,1.);
#1011 = DIRECTION('',(0.,-1.));
#1012 = ( GEOMETRIC_REPRESENTATION_CONTEXT(2) 
PARAMETRIC_REPRESENTATION_CONTEXT() REPRESENTATION_CONTEXT('2D SPACE',''
  ) );
#1013 = ORIENTED_EDGE('',*,*,#1014,.F.);
#1014 = EDGE_CURVE('',#909,#992,#1015,.T.);
#1015 = SURFACE_CURVE('',#1016,(#1021,#1028),.PCURVE_S1.);
#1016 = B_SPLINE_CURVE_WITH_KNOTS('',3,(#1017,#1018,#1019,#1020),
  .UNSPECIFIED.,.F.,.F.,(4,4),(0.,1.),.PIECEWISE_BEZIER_KNOTS.);
#1017 = CARTESIAN_POINT('',(66.980179486023,44.187419627629,0.));
#1018 = CARTESIAN_POINT('',(67.213503805218,44.23457725645,0.));
#1019 = CARTESIAN_POINT('',(67.503737008505,44.279873622208,0.));
#1020 = CARTESIAN_POINT('',(67.714040700175,44.269037839548,0.));
#1021 = PCURVE('',#924,#1022);
#1022 = DEFINITIONAL_REPRESENTATION('',(#1023),#1027);
#1023 = LINE('',#1024,#1025);
#1024 = CARTESIAN_POINT('',(0.,0.));
#1025 = VECTOR('',#1026,1.);
#1026 = DIRECTION('',(1.,0.));
#1027 = ( GEOMETRIC_REPRESENTATION_CONTEXT(2) 
PARAMETRIC_REPRESENTATION_CONTEXT() REPRESENTATION_CONTEXT('2D SPACE',''
  ) );
#1028 = PCURVE('',#138,#1029);
#1029 = DEFINITIONAL_REPRESENTATION('',(#1030),#1035);
#1030 = B_SPLINE_CURVE_WITH_KNOTS('',3,(#1031,#1032,#1033,#1034),
  .UNSPECIFIED.,.F.,.F.,(4,4),(0.,1.),.PIECEWISE_BEZIER_KNOTS.);
#1031 = CARTESIAN_POINT('',(7.11212070932,7.949964628545));
#1032 = CARTESIAN_POINT('',(7.345445028516,7.997122257365));
#1033 = CARTESIAN_POINT('',(7.635678231802,8.042418623123));
#1034 = CARTESIAN_POINT('',(7.845981923473,8.031582840463));
#1035 = ( GEOMETRIC_REPRESENTATION_CONTEXT(2) 
PARAMETRIC_REPRESENTATION_CONTEXT() REPRESENTATION_CONTEXT('2D SPACE',''
  ) );
#1036 = ADVANCED_FACE('',(#1037),#47,.T.);
#1037 = FACE_BOUND('',#1038,.T.);
#1038 = EDGE_LOOP('',(#1039,#1040,#1063,#1064));
#1039 = ORIENTED_EDGE('',*,*,#991,.T.);
#1040 = ORIENTED_EDGE('',*,*,#1041,.T.);
#1041 = EDGE_CURVE('',#967,#24,#1042,.T.);
#1042 = SURFACE_CURVE('',#1043,(#1048,#1055),.PCURVE_S1.);
#1043 = B_SPLINE_CURVE_WITH_KNOTS('',3,(#1044,#1045,#1046,#1047),
  .UNSPECIFIED.,.F.,.F.,(4,4),(0.,1.),.PIECEWISE_BEZIER_KNOTS.);
#1044 = CARTESIAN_POINT('',(67.714040700175,44.269037839548,2.));
#1045 = CARTESIAN_POINT('',(67.775335684462,44.265879649016,2.));
#1046 = CARTESIAN_POINT('',(67.854135817435,44.25440109553,2.));
#1047 = CARTESIAN_POINT('',(67.869570345291,44.238966567673,2.));
#1048 = PCURVE('',#47,#1049);
#1049 = DEFINITIONAL_REPRESENTATION('',(#1050),#1054);
#1050 = LINE('',#1051,#1052);
#1051 = CARTESIAN_POINT('',(0.,-2.));
#1052 = VECTOR('',#1053,1.);
#1053 = DIRECTION('',(1.,0.));
#1054 = ( GEOMETRIC_REPRESENTATION_CONTEXT(2) 
PARAMETRIC_REPRESENTATION_CONTEXT() REPRESENTATION_CONTEXT('2D SPACE',''
  ) );
#1055 = PCURVE('',#79,#1056);
#1056 = DEFINITIONAL_REPRESENTATION('',(#1057),#1062);
#1057 = B_SPLINE_CURVE_WITH_KNOTS('',3,(#1058,#1059,#1060,#1061),
  .UNSPECIFIED.,.F.,.F.,(4,4),(0.,1.),.PIECEWISE_BEZIER_KNOTS.);
#1058 = CARTESIAN_POINT('',(7.845981923473,8.031582840463));
#1059 = CARTESIAN_POINT('',(7.907276907759,8.028424649931));
#1060 = CARTESIAN_POINT('',(7.986077040732,8.016946096446));
#1061 = CARTESIAN_POINT('',(8.001511568589,8.001511568589));
#1062 = ( GEOMETRIC_REPRESENTATION_CONTEXT(2) 
PARAMETRIC_REPRESENTATION_CONTEXT() REPRESENTATION_CONTEXT('2D SPACE',''
  ) );
#1063 = ORIENTED_EDGE('',*,*,#21,.F.);
#1064 = ORIENTED_EDGE('',*,*,#1065,.F.);
#1065 = EDGE_CURVE('',#992,#22,#1066,.T.);
#1066 = SURFACE_CURVE('',#1067,(#1072,#1079),.PCURVE_S1.);
#1067 = B_SPLINE_CURVE_WITH_KNOTS('',3,(#1068,#1069,#1070,#1071),
  .UNSPECIFIED.,.F.,.F.,(4,4),(0.,1.),.PIECEWISE_BEZIER_KNOTS.);
#1068 = CARTESIAN_POINT('',(67.714040700175,44.269037839548,0.));
#1069 = CARTESIAN_POINT('',(67.775335684462,44.265879649016,0.));
#1070 = CARTESIAN_POINT('',(67.854135817435,44.25440109553,0.));
#1071 = CARTESIAN_POINT('',(67.869570345291,44.238966567673,0.));
#1072 = PCURVE('',#47,#1073);
#1073 = DEFINITIONAL_REPRESENTATION('',(#1074),#1078);
#1074 = LINE('',#1075,#1076);
#1075 = CARTESIAN_POINT('',(0.,0.));
#1076 = VECTOR('',#1077,1.);
#1077 = DIRECTION('',(1.,0.));
#1078 = ( GEOMETRIC_REPRESENTATION_CONTEXT(2) 
PARAMETRIC_REPRESENTATION_CONTEXT() REPRESENTATION_CONTEXT('2D SPACE',''
  ) );
#1079 = PCURVE('',#138,#1080);
#1080 = DEFINITIONAL_REPRESENTATION('',(#1081),#1086);
#1081 = B_SPLINE_CURVE_WITH_KNOTS('',3,(#1082,#1083,#1084,#1085),
  .UNSPECIFIED.,.F.,.F.,(4,4),(0.,1.),.PIECEWISE_BEZIER_KNOTS.);
#1082 = CARTESIAN_POINT('',(7.845981923473,8.031582840463));
#1083 = CARTESIAN_POINT('',(7.907276907759,8.028424649931));
#1084 = CARTESIAN_POINT('',(7.986077040732,8.016946096446));
#1085 = CARTESIAN_POINT('',(8.001511568589,8.001511568589));
#1086 = ( GEOMETRIC_REPRESENTATION_CONTEXT(2) 
PARAMETRIC_REPRESENTATION_CONTEXT() REPRESENTATION_CONTEXT('2D SPACE',''
  ) );
#1087 = ADVANCED_FACE('',(#1088),#138,.F.);
#1088 = FACE_BOUND('',#1089,.T.);
#1089 = EDGE_LOOP('',(#1090,#1091,#1092,#1093,#1094,#1095,#1096,#1097,
    #1098,#1099,#1100,#1101,#1102));
#1090 = ORIENTED_EDGE('',*,*,#123,.T.);
#1091 = ORIENTED_EDGE('',*,*,#211,.T.);
#1092 = ORIENTED_EDGE('',*,*,#294,.T.);
#1093 = ORIENTED_EDGE('',*,*,#377,.T.);
#1094 = ORIENTED_EDGE('',*,*,#457,.T.);
#1095 = ORIENTED_EDGE('',*,*,#535,.T.);
#1096 = ORIENTED_EDGE('',*,*,#612,.T.);
#1097 = ORIENTED_EDGE('',*,*,#692,.T.);
#1098 = ORIENTED_EDGE('',*,*,#773,.T.);
#1099 = ORIENTED_EDGE('',*,*,#856,.T.);
#1100 = ORIENTED_EDGE('',*,*,#939,.T.);
#1101 = ORIENTED_EDGE('',*,*,#1014,.T.);
#1102 = ORIENTED_EDGE('',*,*,#1065,.T.);
#1103 = ADVANCED_FACE('',(#1104),#79,.T.);
#1104 = FACE_BOUND('',#1105,.F.);
#1105 = EDGE_LOOP('',(#1106,#1107,#1108,#1109,#1110,#1111,#1112,#1113,
    #1114,#1115,#1116,#1117,#1118));
#1106 = ORIENTED_EDGE('',*,*,#62,.T.);
#1107 = ORIENTED_EDGE('',*,*,#155,.T.);
#1108 = ORIENTED_EDGE('',*,*,#238,.T.);
#1109 = ORIENTED_EDGE('',*,*,#321,.T.);
#1110 = ORIENTED_EDGE('',*,*,#404,.T.);
#1111 = ORIENTED_EDGE('',*,*,#484,.T.);
#1112 = ORIENTED_EDGE('',*,*,#560,.T.);
#1113 = ORIENTED_EDGE('',*,*,#638,.T.);
#1114 = ORIENTED_EDGE('',*,*,#717,.T.);
#1115 = ORIENTED_EDGE('',*,*,#800,.T.);
#1116 = ORIENTED_EDGE('',*,*,#883,.T.);
#1117 = ORIENTED_EDGE('',*,*,#966,.T.);
#1118 = ORIENTED_EDGE('',*,*,#1041,.T.);
#1119 = MANIFOLD_SOLID_BREP('',#1120);
#1120 = CLOSED_SHELL('',(#1121,#1257,#1343,#1419,#1500,#1547,#1555));
#1121 = ADVANCED_FACE('',(#1122),#1136,.F.);
#1122 = FACE_BOUND('',#1123,.F.);
#1123 = EDGE_LOOP('',(#1124,#1165,#1198,#1226));
#1124 = ORIENTED_EDGE('',*,*,#1125,.T.);
#1125 = EDGE_CURVE('',#1126,#1128,#1130,.T.);
#1126 = VERTEX_POINT('',#1127);
#1127 = CARTESIAN_POINT('',(60.68040146684,23.61420349692,0.));
#1128 = VERTEX_POINT('',#1129);
#1129 = CARTESIAN_POINT('',(60.68040146684,23.61420349692,2.));
#1130 = SURFACE_CURVE('',#1131,(#1135,#1150),.PCURVE_S1.);
#1131 = LINE('',#1132,#1133);
#1132 = CARTESIAN_POINT('',(60.68040146684,23.61420349692,0.));
#1133 = VECTOR('',#1134,1.);
#1134 = DIRECTION('',(0.,0.,1.));
#1135 = PCURVE('',#1136,#1144);
#1136 = SURFACE_OF_LINEAR_EXTRUSION('',#1137,#1142);
#1137 = ELLIPSE('',#1138,6.653434985686,1.900981424482);
#1138 = AXIS2_PLACEMENT_3D('',#1139,#1140,#1141);
#1139 = CARTESIAN_POINT('',(55.975712470278,18.909514500358,0.));
#1140 = DIRECTION('',(0.,0.,1.));
#1141 = DIRECTION('',(-0.707106781187,-0.707106781187,0.));
#1142 = VECTOR('',#1143,1.);
#1143 = DIRECTION('',(-0.,-0.,-1.));
#1144 = DEFINITIONAL_REPRESENTATION('',(#1145),#1149);
#1145 = LINE('',#1146,#1147);
#1146 = CARTESIAN_POINT('',(3.14159265359,0.));
#1147 = VECTOR('',#1148,1.);
#1148 = DIRECTION('',(0.,-1.));
#1149 = ( GEOMETRIC_REPRESENTATION_CONTEXT(2) 
PARAMETRIC_REPRESENTATION_CONTEXT() REPRESENTATION_CONTEXT('2D SPACE',''
  ) );
#1150 = PCURVE('',#1151,#1159);
#1151 = SURFACE_OF_LINEAR_EXTRUSION('',#1152,#1157);
#1152 = ELLIPSE('',#1153,6.653434985686,1.900981424482);
#1153 = AXIS2_PLACEMENT_3D('',#1154,#1155,#1156);
#1154 = CARTESIAN_POINT('',(55.975712470278,18.909514500358,0.));
#1155 = DIRECTION('',(0.,0.,1.));
#1156 = DIRECTION('',(-0.707106781187,-0.707106781187,0.));
#1157 = VECTOR('',#1158,1.);
#1158 = DIRECTION('',(-0.,-0.,-1.));
#1159 = DEFINITIONAL_REPRESENTATION('',(#1160),#1164);
#1160 = LINE('',#1161,#1162);
#1161 = CARTESIAN_POINT('',(3.14159265359,0.));
#1162 = VECTOR('',#1163,1.);
#1163 = DIRECTION('',(0.,-1.));
#1164 = ( GEOMETRIC_REPRESENTATION_CONTEXT(2) 
PARAMETRIC_REPRESENTATION_CONTEXT() REPRESENTATION_CONTEXT('2D SPACE',''
  ) );
#1165 = ORIENTED_EDGE('',*,*,#1166,.T.);
#1166 = EDGE_CURVE('',#1128,#1167,#1169,.T.);
#1167 = VERTEX_POINT('',#1168);
#1168 = CARTESIAN_POINT('',(55.671278447841,21.23097943778,2.));
#1169 = SURFACE_CURVE('',#1170,(#1175,#1182),.PCURVE_S1.);
#1170 = ELLIPSE('',#1171,6.653434985686,1.900981424482);
#1171 = AXIS2_PLACEMENT_3D('',#1172,#1173,#1174);
#1172 = CARTESIAN_POINT('',(55.975712470278,18.909514500358,2.));
#1173 = DIRECTION('',(0.,0.,1.));
#1174 = DIRECTION('',(-0.707106781187,-0.707106781187,0.));
#1175 = PCURVE('',#1136,#1176);
#1176 = DEFINITIONAL_REPRESENTATION('',(#1177),#1181);
#1177 = LINE('',#1178,#1179);
#1178 = CARTESIAN_POINT('',(0.,-2.));
#1179 = VECTOR('',#1180,1.);
#1180 = DIRECTION('',(1.,0.));
#1181 = ( GEOMETRIC_REPRESENTATION_CONTEXT(2) 
PARAMETRIC_REPRESENTATION_CONTEXT() REPRESENTATION_CONTEXT('2D SPACE',''
  ) );
#1182 = PCURVE('',#1183,#1188);
#1183 = PLANE('',#1184);
#1184 = AXIS2_PLACEMENT_3D('',#1185,#1186,#1187);
#1185 = CARTESIAN_POINT('',(58.488928182043,21.422730212124,2.));
#1186 = DIRECTION('',(-0.,-0.,-1.));
#1187 = DIRECTION('',(-1.,0.,0.));
#1188 = DEFINITIONAL_REPRESENTATION('',(#1189),#1197);
#1189 = ( BOUNDED_CURVE() B_SPLINE_CURVE(2,(#1190,#1191,#1192,#1193,
#1194,#1195,#1196),.UNSPECIFIED.,.T.,.F.) B_SPLINE_CURVE_WITH_KNOTS((1,2
    ,2,2,2,1),(-2.094395102393,0.,2.094395102393,4.188790204786,
6.28318530718,8.377580409573),.UNSPECIFIED.) CURVE() 
GEOMETRIC_REPRESENTATION_ITEM() RATIONAL_B_SPLINE_CURVE((1.,0.5,1.,0.5,
1.,0.5,1.)) REPRESENTATION_ITEM('') );
#1190 = CARTESIAN_POINT('',(7.217904708328,-7.217904708328));
#1191 = CARTESIAN_POINT('',(4.889687458084,-9.546121958573));
#1192 = CARTESIAN_POINT('',(-1.003237411638,-1.324979838607));
#1193 = CARTESIAN_POINT('',(-6.896162281359,6.896162281359));
#1194 = CARTESIAN_POINT('',(1.324979838607,1.003237411638));
#1195 = CARTESIAN_POINT('',(9.546121958573,-4.889687458084));
#1196 = CARTESIAN_POINT('',(7.217904708328,-7.217904708328));
#1197 = ( GEOMETRIC_REPRESENTATION_CONTEXT(2) 
PARAMETRIC_REPRESENTATION_CONTEXT() REPRESENTATION_CONTEXT('2D SPACE',''
  ) );
#1198 = ORIENTED_EDGE('',*,*,#1199,.F.);
#1199 = EDGE_CURVE('',#1200,#1167,#1202,.T.);
#1200 = VERTEX_POINT('',#1201);
#1201 = CARTESIAN_POINT('',(55.671278447841,21.23097943778,0.));
#1202 = SURFACE_CURVE('',#1203,(#1207,#1214),.PCURVE_S1.);
#1203 = LINE('',#1204,#1205);
#1204 = CARTESIAN_POINT('',(55.671278447841,21.23097943778,0.));
#1205 = VECTOR('',#1206,1.);
#1206 = DIRECTION('',(0.,0.,1.));
#1207 = PCURVE('',#1136,#1208);
#1208 = DEFINITIONAL_REPRESENTATION('',(#1209),#1213);
#1209 = LINE('',#1210,#1211);
#1210 = CARTESIAN_POINT('',(4.496348441161,0.));
#1211 = VECTOR('',#1212,1.);
#1212 = DIRECTION('',(0.,-1.));
#1213 = ( GEOMETRIC_REPRESENTATION_CONTEXT(2) 
PARAMETRIC_REPRESENTATION_CONTEXT() REPRESENTATION_CONTEXT('2D SPACE',''
  ) );
#1214 = PCURVE('',#1215,#1220);
#1215 = PLANE('',#1216);
#1216 = AXIS2_PLACEMENT_3D('',#1217,#1218,#1219);
#1217 = CARTESIAN_POINT('',(56.095542516553,20.806715369068,0.));
#1218 = DIRECTION('',(-0.707106781187,-0.707106781187,0.));
#1219 = DIRECTION('',(-0.707106781187,0.707106781187,0.));
#1220 = DEFINITIONAL_REPRESENTATION('',(#1221),#1225);
#1221 = LINE('',#1222,#1223);
#1222 = CARTESIAN_POINT('',(0.6,0.));
#1223 = VECTOR('',#1224,1.);
#1224 = DIRECTION('',(0.,-1.));
#1225 = ( GEOMETRIC_REPRESENTATION_CONTEXT(2) 
PARAMETRIC_REPRESENTATION_CONTEXT() REPRESENTATION_CONTEXT('2D SPACE',''
  ) );
#1226 = ORIENTED_EDGE('',*,*,#1227,.F.);
#1227 = EDGE_CURVE('',#1126,#1200,#1228,.T.);
#1228 = SURFACE_CURVE('',#1229,(#1234,#1241),.PCURVE_S1.);
#1229 = ELLIPSE('',#1230,6.653434985686,1.900981424482);
#1230 = AXIS2_PLACEMENT_3D('',#1231,#1232,#1233);
#1231 = CARTESIAN_POINT('',(55.975712470278,18.909514500358,0.));
#1232 = DIRECTION('',(0.,0.,1.));
#1233 = DIRECTION('',(-0.707106781187,-0.707106781187,0.));
#1234 = PCURVE('',#1136,#1235);
#1235 = DEFINITIONAL_REPRESENTATION('',(#1236),#1240);
#1236 = LINE('',#1237,#1238);
#1237 = CARTESIAN_POINT('',(0.,0.));
#1238 = VECTOR('',#1239,1.);
#1239 = DIRECTION('',(1.,0.));
#1240 = ( GEOMETRIC_REPRESENTATION_CONTEXT(2) 
PARAMETRIC_REPRESENTATION_CONTEXT() REPRESENTATION_CONTEXT('2D SPACE',''
  ) );
#1241 = PCURVE('',#1242,#1247);
#1242 = PLANE('',#1243);
#1243 = AXIS2_PLACEMENT_3D('',#1244,#1245,#1246);
#1244 = CARTESIAN_POINT('',(58.488928182043,21.422730212124,0.));
#1245 = DIRECTION('',(-0.,-0.,-1.));
#1246 = DIRECTION('',(-1.,0.,0.));
#1247 = DEFINITIONAL_REPRESENTATION('',(#1248),#1256);
#1248 = ( BOUNDED_CURVE() B_SPLINE_CURVE(2,(#1249,#1250,#1251,#1252,
#1253,#1254,#1255),.UNSPECIFIED.,.T.,.F.) B_SPLINE_CURVE_WITH_KNOTS((1,2
    ,2,2,2,1),(-2.094395102393,0.,2.094395102393,4.188790204786,
6.28318530718,8.377580409573),.UNSPECIFIED.) CURVE() 
GEOMETRIC_REPRESENTATION_ITEM() RATIONAL_B_SPLINE_CURVE((1.,0.5,1.,0.5,
1.,0.5,1.)) REPRESENTATION_ITEM('') );
#1249 = CARTESIAN_POINT('',(7.217904708328,-7.217904708328));
#1250 = CARTESIAN_POINT('',(4.889687458084,-9.546121958573));
#1251 = CARTESIAN_POINT('',(-1.003237411638,-1.324979838607));
#1252 = CARTESIAN_POINT('',(-6.896162281359,6.896162281359));
#1253 = CARTESIAN_POINT('',(1.324979838607,1.003237411638));
#1254 = CARTESIAN_POINT('',(9.546121958573,-4.889687458084));
#1255 = CARTESIAN_POINT('',(7.217904708328,-7.217904708328));
#1256 = ( GEOMETRIC_REPRESENTATION_CONTEXT(2) 
PARAMETRIC_REPRESENTATION_CONTEXT() REPRESENTATION_CONTEXT('2D SPACE',''
  ) );
#1257 = ADVANCED_FACE('',(#1258),#1151,.F.);
#1258 = FACE_BOUND('',#1259,.F.);
#1259 = EDGE_LOOP('',(#1260,#1290,#1316,#1317));
#1260 = ORIENTED_EDGE('',*,*,#1261,.T.);
#1261 = EDGE_CURVE('',#1262,#1264,#1266,.T.);
#1262 = VERTEX_POINT('',#1263);
#1263 = CARTESIAN_POINT('',(58.2971774077,18.605080477921,0.));
#1264 = VERTEX_POINT('',#1265);
#1265 = CARTESIAN_POINT('',(58.2971774077,18.605080477921,2.));
#1266 = SURFACE_CURVE('',#1267,(#1271,#1278),.PCURVE_S1.);
#1267 = LINE('',#1268,#1269);
#1268 = CARTESIAN_POINT('',(58.2971774077,18.605080477921,0.));
#1269 = VECTOR('',#1270,1.);
#1270 = DIRECTION('',(0.,0.,1.));
#1271 = PCURVE('',#1151,#1272);
#1272 = DEFINITIONAL_REPRESENTATION('',(#1273),#1277);
#1273 = LINE('',#1274,#1275);
#1274 = CARTESIAN_POINT('',(1.786836866018,0.));
#1275 = VECTOR('',#1276,1.);
#1276 = DIRECTION('',(0.,-1.));
#1277 = ( GEOMETRIC_REPRESENTATION_CONTEXT(2) 
PARAMETRIC_REPRESENTATION_CONTEXT() REPRESENTATION_CONTEXT('2D SPACE',''
  ) );
#1278 = PCURVE('',#1279,#1284);
#1279 = PLANE('',#1280);
#1280 = AXIS2_PLACEMENT_3D('',#1281,#1282,#1283);
#1281 = CARTESIAN_POINT('',(58.2971774077,18.605080477921,0.));
#1282 = DIRECTION('',(-0.707106781187,-0.707106781187,0.));
#1283 = DIRECTION('',(-0.707106781187,0.707106781187,0.));
#1284 = DEFINITIONAL_REPRESENTATION('',(#1285),#1289);
#1285 = LINE('',#1286,#1287);
#1286 = CARTESIAN_POINT('',(0.,0.));
#1287 = VECTOR('',#1288,1.);
#1288 = DIRECTION('',(0.,-1.));
#1289 = ( GEOMETRIC_REPRESENTATION_CONTEXT(2) 
PARAMETRIC_REPRESENTATION_CONTEXT() REPRESENTATION_CONTEXT('2D SPACE',''
  ) );
#1290 = ORIENTED_EDGE('',*,*,#1291,.T.);
#1291 = EDGE_CURVE('',#1264,#1128,#1292,.T.);
#1292 = SURFACE_CURVE('',#1293,(#1298,#1305),.PCURVE_S1.);
#1293 = ELLIPSE('',#1294,6.653434985686,1.900981424482);
#1294 = AXIS2_PLACEMENT_3D('',#1295,#1296,#1297);
#1295 = CARTESIAN_POINT('',(55.975712470278,18.909514500358,2.));
#1296 = DIRECTION('',(0.,0.,1.));
#1297 = DIRECTION('',(-0.707106781187,-0.707106781187,0.));
#1298 = PCURVE('',#1151,#1299);
#1299 = DEFINITIONAL_REPRESENTATION('',(#1300),#1304);
#1300 = LINE('',#1301,#1302);
#1301 = CARTESIAN_POINT('',(0.,-2.));
#1302 = VECTOR('',#1303,1.);
#1303 = DIRECTION('',(1.,0.));
#1304 = ( GEOMETRIC_REPRESENTATION_CONTEXT(2) 
PARAMETRIC_REPRESENTATION_CONTEXT() REPRESENTATION_CONTEXT('2D SPACE',''
  ) );
#1305 = PCURVE('',#1183,#1306);
#1306 = DEFINITIONAL_REPRESENTATION('',(#1307),#1315);
#1307 = ( BOUNDED_CURVE() B_SPLINE_CURVE(2,(#1308,#1309,#1310,#1311,
#1312,#1313,#1314),.UNSPECIFIED.,.T.,.F.) B_SPLINE_CURVE_WITH_KNOTS((1,2
    ,2,2,2,1),(-2.094395102393,0.,2.094395102393,4.188790204786,
6.28318530718,8.377580409573),.UNSPECIFIED.) CURVE() 
GEOMETRIC_REPRESENTATION_ITEM() RATIONAL_B_SPLINE_CURVE((1.,0.5,1.,0.5,
1.,0.5,1.)) REPRESENTATION_ITEM('') );
#1308 = CARTESIAN_POINT('',(7.217904708328,-7.217904708328));
#1309 = CARTESIAN_POINT('',(4.889687458084,-9.546121958573));
#1310 = CARTESIAN_POINT('',(-1.003237411638,-1.324979838607));
#1311 = CARTESIAN_POINT('',(-6.896162281359,6.896162281359));
#1312 = CARTESIAN_POINT('',(1.324979838607,1.003237411638));
#1313 = CARTESIAN_POINT('',(9.546121958573,-4.889687458084));
#1314 = CARTESIAN_POINT('',(7.217904708328,-7.217904708328));
#1315 = ( GEOMETRIC_REPRESENTATION_CONTEXT(2) 
PARAMETRIC_REPRESENTATION_CONTEXT() REPRESENTATION_CONTEXT('2D SPACE',''
  ) );
#1316 = ORIENTED_EDGE('',*,*,#1125,.F.);
#1317 = ORIENTED_EDGE('',*,*,#1318,.F.);
#1318 = EDGE_CURVE('',#1262,#1126,#1319,.T.);
#1319 = SURFACE_CURVE('',#1320,(#1325,#1332),.PCURVE_S1.);
#1320 = ELLIPSE('',#1321,6.653434985686,1.900981424482);
#1321 = AXIS2_PLACEMENT_3D('',#1322,#1323,#1324);
#1322 = CARTESIAN_POINT('',(55.975712470278,18.909514500358,0.));
#1323 = DIRECTION('',(0.,0.,1.));
#1324 = DIRECTION('',(-0.707106781187,-0.707106781187,0.));
#1325 = PCURVE('',#1151,#1326);
#1326 = DEFINITIONAL_REPRESENTATION('',(#1327),#1331);
#1327 = LINE('',#1328,#1329);
#1328 = CARTESIAN_POINT('',(0.,0.));
#1329 = VECTOR('',#1330,1.);
#1330 = DIRECTION('',(1.,0.));
#1331 = ( GEOMETRIC_REPRESENTATION_CONTEXT(2) 
PARAMETRIC_REPRESENTATION_CONTEXT() REPRESENTATION_CONTEXT('2D SPACE',''
  ) );
#1332 = PCURVE('',#1242,#1333);
#1333 = DEFINITIONAL_REPRESENTATION('',(#1334),#1342);
#1334 = ( BOUNDED_CURVE() B_SPLINE_CURVE(2,(#1335,#1336,#1337,#1338,
#1339,#1340,#1341),.UNSPECIFIED.,.T.,.F.) B_SPLINE_CURVE_WITH_KNOTS((1,2
    ,2,2,2,1),(-2.094395102393,0.,2.094395102393,4.188790204786,
6.28318530718,8.377580409573),.UNSPECIFIED.) CURVE() 
GEOMETRIC_REPRESENTATION_ITEM() RATIONAL_B_SPLINE_CURVE((1.,0.5,1.,0.5,
1.,0.5,1.)) REPRESENTATION_ITEM('') );
#1335 = CARTESIAN_POINT('',(7.217904708328,-7.217904708328));
#1336 = CARTESIAN_POINT('',(4.889687458084,-9.546121958573));
#1337 = CARTESIAN_POINT('',(-1.003237411638,-1.324979838607));
#1338 = CARTESIAN_POINT('',(-6.896162281359,6.896162281359));
#1339 = CARTESIAN_POINT('',(1.324979838607,1.003237411638));
#1340 = CARTESIAN_POINT('',(9.546121958573,-4.889687458084));
#1341 = CARTESIAN_POINT('',(7.217904708328,-7.217904708328));
#1342 = ( GEOMETRIC_REPRESENTATION_CONTEXT(2) 
PARAMETRIC_REPRESENTATION_CONTEXT() REPRESENTATION_CONTEXT('2D SPACE',''
  ) );
#1343 = ADVANCED_FACE('',(#1344),#1279,.T.);
#1344 = FACE_BOUND('',#1345,.T.);
#1345 = EDGE_LOOP('',(#1346,#1347,#1370,#1398));
#1346 = ORIENTED_EDGE('',*,*,#1261,.T.);
#1347 = ORIENTED_EDGE('',*,*,#1348,.T.);
#1348 = EDGE_CURVE('',#1264,#1349,#1351,.T.);
#1349 = VERTEX_POINT('',#1350);
#1350 = CARTESIAN_POINT('',(57.872913338988,19.029344546633,2.));
#1351 = SURFACE_CURVE('',#1352,(#1356,#1363),.PCURVE_S1.);
#1352 = LINE('',#1353,#1354);
#1353 = CARTESIAN_POINT('',(58.2971774077,18.605080477921,2.));
#1354 = VECTOR('',#1355,1.);
#1355 = DIRECTION('',(-0.707106781187,0.707106781187,0.));
#1356 = PCURVE('',#1279,#1357);
#1357 = DEFINITIONAL_REPRESENTATION('',(#1358),#1362);
#1358 = LINE('',#1359,#1360);
#1359 = CARTESIAN_POINT('',(0.,-2.));
#1360 = VECTOR('',#1361,1.);
#1361 = DIRECTION('',(1.,0.));
#1362 = ( GEOMETRIC_REPRESENTATION_CONTEXT(2) 
PARAMETRIC_REPRESENTATION_CONTEXT() REPRESENTATION_CONTEXT('2D SPACE',''
  ) );
#1363 = PCURVE('',#1183,#1364);
#1364 = DEFINITIONAL_REPRESENTATION('',(#1365),#1369);
#1365 = LINE('',#1366,#1367);
#1366 = CARTESIAN_POINT('',(0.191750774344,-2.817649734203));
#1367 = VECTOR('',#1368,1.);
#1368 = DIRECTION('',(0.707106781187,0.707106781187));
#1369 = ( GEOMETRIC_REPRESENTATION_CONTEXT(2) 
PARAMETRIC_REPRESENTATION_CONTEXT() REPRESENTATION_CONTEXT('2D SPACE',''
  ) );
#1370 = ORIENTED_EDGE('',*,*,#1371,.F.);
#1371 = EDGE_CURVE('',#1372,#1349,#1374,.T.);
#1372 = VERTEX_POINT('',#1373);
#1373 = CARTESIAN_POINT('',(57.872913338988,19.029344546633,0.));
#1374 = SURFACE_CURVE('',#1375,(#1379,#1386),.PCURVE_S1.);
#1375 = LINE('',#1376,#1377);
#1376 = CARTESIAN_POINT('',(57.872913338988,19.029344546633,0.));
#1377 = VECTOR('',#1378,1.);
#1378 = DIRECTION('',(0.,0.,1.));
#1379 = PCURVE('',#1279,#1380);
#1380 = DEFINITIONAL_REPRESENTATION('',(#1381),#1385);
#1381 = LINE('',#1382,#1383);
#1382 = CARTESIAN_POINT('',(0.6,0.));
#1383 = VECTOR('',#1384,1.);
#1384 = DIRECTION('',(0.,-1.));
#1385 = ( GEOMETRIC_REPRESENTATION_CONTEXT(2) 
PARAMETRIC_REPRESENTATION_CONTEXT() REPRESENTATION_CONTEXT('2D SPACE',''
  ) );
#1386 = PCURVE('',#1387,#1392);
#1387 = CYLINDRICAL_SURFACE('',#1388,1.900981424482);
#1388 = AXIS2_PLACEMENT_3D('',#1389,#1390,#1391);
#1389 = CARTESIAN_POINT('',(55.975712470278,18.909514500358,0.));
#1390 = DIRECTION('',(-0.,-0.,-1.));
#1391 = DIRECTION('',(0.998011261066,6.303588490234E-02,-0.));
#1392 = DEFINITIONAL_REPRESENTATION('',(#1393),#1397);
#1393 = LINE('',#1394,#1395);
#1394 = CARTESIAN_POINT('',(-0.,0.));
#1395 = VECTOR('',#1396,1.);
#1396 = DIRECTION('',(-0.,-1.));
#1397 = ( GEOMETRIC_REPRESENTATION_CONTEXT(2) 
PARAMETRIC_REPRESENTATION_CONTEXT() REPRESENTATION_CONTEXT('2D SPACE',''
  ) );
#1398 = ORIENTED_EDGE('',*,*,#1399,.F.);
#1399 = EDGE_CURVE('',#1262,#1372,#1400,.T.);
#1400 = SURFACE_CURVE('',#1401,(#1405,#1412),.PCURVE_S1.);
#1401 = LINE('',#1402,#1403);
#1402 = CARTESIAN_POINT('',(58.2971774077,18.605080477921,0.));
#1403 = VECTOR('',#1404,1.);
#1404 = DIRECTION('',(-0.707106781187,0.707106781187,0.));
#1405 = PCURVE('',#1279,#1406);
#1406 = DEFINITIONAL_REPRESENTATION('',(#1407),#1411);
#1407 = LINE('',#1408,#1409);
#1408 = CARTESIAN_POINT('',(0.,0.));
#1409 = VECTOR('',#1410,1.);
#1410 = DIRECTION('',(1.,0.));
#1411 = ( GEOMETRIC_REPRESENTATION_CONTEXT(2) 
PARAMETRIC_REPRESENTATION_CONTEXT() REPRESENTATION_CONTEXT('2D SPACE',''
  ) );
#1412 = PCURVE('',#1242,#1413);
#1413 = DEFINITIONAL_REPRESENTATION('',(#1414),#1418);
#1414 = LINE('',#1415,#1416);
#1415 = CARTESIAN_POINT('',(0.191750774344,-2.817649734203));
#1416 = VECTOR('',#1417,1.);
#1417 = DIRECTION('',(0.707106781187,0.707106781187));
#1418 = ( GEOMETRIC_REPRESENTATION_CONTEXT(2) 
PARAMETRIC_REPRESENTATION_CONTEXT() REPRESENTATION_CONTEXT('2D SPACE',''
  ) );
#1419 = ADVANCED_FACE('',(#1420),#1387,.F.);
#1420 = FACE_BOUND('',#1421,.T.);
#1421 = EDGE_LOOP('',(#1422,#1423,#1451,#1474));
#1422 = ORIENTED_EDGE('',*,*,#1371,.T.);
#1423 = ORIENTED_EDGE('',*,*,#1424,.T.);
#1424 = EDGE_CURVE('',#1349,#1425,#1427,.T.);
#1425 = VERTEX_POINT('',#1426);
#1426 = CARTESIAN_POINT('',(56.095542516553,20.806715369068,2.));
#1427 = SURFACE_CURVE('',#1428,(#1433,#1440),.PCURVE_S1.);
#1428 = CIRCLE('',#1429,1.900981424482);
#1429 = AXIS2_PLACEMENT_3D('',#1430,#1431,#1432);
#1430 = CARTESIAN_POINT('',(55.975712470278,18.909514500358,2.));
#1431 = DIRECTION('',(0.,0.,1.));
#1432 = DIRECTION('',(0.998011261066,6.303588490234E-02,-0.));
#1433 = PCURVE('',#1387,#1434);
#1434 = DEFINITIONAL_REPRESENTATION('',(#1435),#1439);
#1435 = LINE('',#1436,#1437);
#1436 = CARTESIAN_POINT('',(-0.,-2.));
#1437 = VECTOR('',#1438,1.);
#1438 = DIRECTION('',(-1.,0.));
#1439 = ( GEOMETRIC_REPRESENTATION_CONTEXT(2) 
PARAMETRIC_REPRESENTATION_CONTEXT() REPRESENTATION_CONTEXT('2D SPACE',''
  ) );
#1440 = PCURVE('',#1183,#1441);
#1441 = DEFINITIONAL_REPRESENTATION('',(#1442),#1450);
#1442 = ( BOUNDED_CURVE() B_SPLINE_CURVE(2,(#1443,#1444,#1445,#1446,
#1447,#1448,#1449),.UNSPECIFIED.,.T.,.F.) B_SPLINE_CURVE_WITH_KNOTS((1,2
    ,2,2,2,1),(-2.094395102393,0.,2.094395102393,4.188790204786,
6.28318530718,8.377580409573),.UNSPECIFIED.) CURVE() 
GEOMETRIC_REPRESENTATION_ITEM() RATIONAL_B_SPLINE_CURVE((1.,0.5,1.,0.5,
1.,0.5,1.)) REPRESENTATION_ITEM('') );
#1443 = CARTESIAN_POINT('',(0.616014843056,-2.393385665491));
#1444 = CARTESIAN_POINT('',(0.823566571478,0.892662631279));
#1445 = CARTESIAN_POINT('',(3.565592010332,-0.930106586519));
#1446 = CARTESIAN_POINT('',(6.307617449186,-2.752875804316));
#1447 = CARTESIAN_POINT('',(3.35804028191,-4.216154883288));
#1448 = CARTESIAN_POINT('',(0.408463114634,-5.67943396226));
#1449 = CARTESIAN_POINT('',(0.616014843056,-2.393385665491));
#1450 = ( GEOMETRIC_REPRESENTATION_CONTEXT(2) 
PARAMETRIC_REPRESENTATION_CONTEXT() REPRESENTATION_CONTEXT('2D SPACE',''
  ) );
#1451 = ORIENTED_EDGE('',*,*,#1452,.F.);
#1452 = EDGE_CURVE('',#1453,#1425,#1455,.T.);
#1453 = VERTEX_POINT('',#1454);
#1454 = CARTESIAN_POINT('',(56.095542516553,20.806715369068,0.));
#1455 = SURFACE_CURVE('',#1456,(#1460,#1467),.PCURVE_S1.);
#1456 = LINE('',#1457,#1458);
#1457 = CARTESIAN_POINT('',(56.095542516553,20.806715369068,0.));
#1458 = VECTOR('',#1459,1.);
#1459 = DIRECTION('',(0.,0.,1.));
#1460 = PCURVE('',#1387,#1461);
#1461 = DEFINITIONAL_REPRESENTATION('',(#1462),#1466);
#1462 = LINE('',#1463,#1464);
#1463 = CARTESIAN_POINT('',(-1.444640915838,0.));
#1464 = VECTOR('',#1465,1.);
#1465 = DIRECTION('',(-0.,-1.));
#1466 = ( GEOMETRIC_REPRESENTATION_CONTEXT(2) 
PARAMETRIC_REPRESENTATION_CONTEXT() REPRESENTATION_CONTEXT('2D SPACE',''
  ) );
#1467 = PCURVE('',#1215,#1468);
#1468 = DEFINITIONAL_REPRESENTATION('',(#1469),#1473);
#1469 = LINE('',#1470,#1471);
#1470 = CARTESIAN_POINT('',(0.,0.));
#1471 = VECTOR('',#1472,1.);
#1472 = DIRECTION('',(0.,-1.));
#1473 = ( GEOMETRIC_REPRESENTATION_CONTEXT(2) 
PARAMETRIC_REPRESENTATION_CONTEXT() REPRESENTATION_CONTEXT('2D SPACE',''
  ) );
#1474 = ORIENTED_EDGE('',*,*,#1475,.F.);
#1475 = EDGE_CURVE('',#1372,#1453,#1476,.T.);
#1476 = SURFACE_CURVE('',#1477,(#1482,#1489),.PCURVE_S1.);
#1477 = CIRCLE('',#1478,1.900981424482);
#1478 = AXIS2_PLACEMENT_3D('',#1479,#1480,#1481);
#1479 = CARTESIAN_POINT('',(55.975712470278,18.909514500358,0.));
#1480 = DIRECTION('',(0.,0.,1.));
#1481 = DIRECTION('',(0.998011261066,6.303588490234E-02,-0.));
#1482 = PCURVE('',#1387,#1483);
#1483 = DEFINITIONAL_REPRESENTATION('',(#1484),#1488);
#1484 = LINE('',#1485,#1486);
#1485 = CARTESIAN_POINT('',(-0.,0.));
#1486 = VECTOR('',#1487,1.);
#1487 = DIRECTION('',(-1.,0.));
#1488 = ( GEOMETRIC_REPRESENTATION_CONTEXT(2) 
PARAMETRIC_REPRESENTATION_CONTEXT() REPRESENTATION_CONTEXT('2D SPACE',''
  ) );
#1489 = PCURVE('',#1242,#1490);
#1490 = DEFINITIONAL_REPRESENTATION('',(#1491),#1499);
#1491 = ( BOUNDED_CURVE() B_SPLINE_CURVE(2,(#1492,#1493,#1494,#1495,
#1496,#1497,#1498),.UNSPECIFIED.,.T.,.F.) B_SPLINE_CURVE_WITH_KNOTS((1,2
    ,2,2,2,1),(-2.094395102393,0.,2.094395102393,4.188790204786,
6.28318530718,8.377580409573),.UNSPECIFIED.) CURVE() 
GEOMETRIC_REPRESENTATION_ITEM() RATIONAL_B_SPLINE_CURVE((1.,0.5,1.,0.5,
1.,0.5,1.)) REPRESENTATION_ITEM('') );
#1492 = CARTESIAN_POINT('',(0.616014843056,-2.393385665491));
#1493 = CARTESIAN_POINT('',(0.823566571478,0.892662631279));
#1494 = CARTESIAN_POINT('',(3.565592010332,-0.930106586519));
#1495 = CARTESIAN_POINT('',(6.307617449186,-2.752875804316));
#1496 = CARTESIAN_POINT('',(3.35804028191,-4.216154883288));
#1497 = CARTESIAN_POINT('',(0.408463114634,-5.67943396226));
#1498 = CARTESIAN_POINT('',(0.616014843056,-2.393385665491));
#1499 = ( GEOMETRIC_REPRESENTATION_CONTEXT(2) 
PARAMETRIC_REPRESENTATION_CONTEXT() REPRESENTATION_CONTEXT('2D SPACE',''
  ) );
#1500 = ADVANCED_FACE('',(#1501),#1215,.T.);
#1501 = FACE_BOUND('',#1502,.T.);
#1502 = EDGE_LOOP('',(#1503,#1504,#1525,#1526));
#1503 = ORIENTED_EDGE('',*,*,#1452,.T.);
#1504 = ORIENTED_EDGE('',*,*,#1505,.T.);
#1505 = EDGE_CURVE('',#1425,#1167,#1506,.T.);
#1506 = SURFACE_CURVE('',#1507,(#1511,#1518),.PCURVE_S1.);
#1507 = LINE('',#1508,#1509);
#1508 = CARTESIAN_POINT('',(56.095542516553,20.806715369068,2.));
#1509 = VECTOR('',#1510,1.);
#1510 = DIRECTION('',(-0.707106781187,0.707106781187,0.));
#1511 = PCURVE('',#1215,#1512);
#1512 = DEFINITIONAL_REPRESENTATION('',(#1513),#1517);
#1513 = LINE('',#1514,#1515);
#1514 = CARTESIAN_POINT('',(0.,-2.));
#1515 = VECTOR('',#1516,1.);
#1516 = DIRECTION('',(1.,0.));
#1517 = ( GEOMETRIC_REPRESENTATION_CONTEXT(2) 
PARAMETRIC_REPRESENTATION_CONTEXT() REPRESENTATION_CONTEXT('2D SPACE',''
  ) );
#1518 = PCURVE('',#1183,#1519);
#1519 = DEFINITIONAL_REPRESENTATION('',(#1520),#1524);
#1520 = LINE('',#1521,#1522);
#1521 = CARTESIAN_POINT('',(2.393385665491,-0.616014843056));
#1522 = VECTOR('',#1523,1.);
#1523 = DIRECTION('',(0.707106781187,0.707106781187));
#1524 = ( GEOMETRIC_REPRESENTATION_CONTEXT(2) 
PARAMETRIC_REPRESENTATION_CONTEXT() REPRESENTATION_CONTEXT('2D SPACE',''
  ) );
#1525 = ORIENTED_EDGE('',*,*,#1199,.F.);
#1526 = ORIENTED_EDGE('',*,*,#1527,.F.);
#1527 = EDGE_CURVE('',#1453,#1200,#1528,.T.);
#1528 = SURFACE_CURVE('',#1529,(#1533,#1540),.PCURVE_S1.);
#1529 = LINE('',#1530,#1531);
#1530 = CARTESIAN_POINT('',(56.095542516553,20.806715369068,0.));
#1531 = VECTOR('',#1532,1.);
#1532 = DIRECTION('',(-0.707106781187,0.707106781187,0.));
#1533 = PCURVE('',#1215,#1534);
#1534 = DEFINITIONAL_REPRESENTATION('',(#1535),#1539);
#1535 = LINE('',#1536,#1537);
#1536 = CARTESIAN_POINT('',(0.,0.));
#1537 = VECTOR('',#1538,1.);
#1538 = DIRECTION('',(1.,0.));
#1539 = ( GEOMETRIC_REPRESENTATION_CONTEXT(2) 
PARAMETRIC_REPRESENTATION_CONTEXT() REPRESENTATION_CONTEXT('2D SPACE',''
  ) );
#1540 = PCURVE('',#1242,#1541);
#1541 = DEFINITIONAL_REPRESENTATION('',(#1542),#1546);
#1542 = LINE('',#1543,#1544);
#1543 = CARTESIAN_POINT('',(2.393385665491,-0.616014843056));
#1544 = VECTOR('',#1545,1.);
#1545 = DIRECTION('',(0.707106781187,0.707106781187));
#1546 = ( GEOMETRIC_REPRESENTATION_CONTEXT(2) 
PARAMETRIC_REPRESENTATION_CONTEXT() REPRESENTATION_CONTEXT('2D SPACE',''
  ) );
#1547 = ADVANCED_FACE('',(#1548),#1242,.T.);
#1548 = FACE_BOUND('',#1549,.T.);
#1549 = EDGE_LOOP('',(#1550,#1551,#1552,#1553,#1554));
#1550 = ORIENTED_EDGE('',*,*,#1227,.F.);
#1551 = ORIENTED_EDGE('',*,*,#1318,.F.);
#1552 = ORIENTED_EDGE('',*,*,#1399,.T.);
#1553 = ORIENTED_EDGE('',*,*,#1475,.T.);
#1554 = ORIENTED_EDGE('',*,*,#1527,.T.);
#1555 = ADVANCED_FACE('',(#1556),#1183,.F.);
#1556 = FACE_BOUND('',#1557,.F.);
#1557 = EDGE_LOOP('',(#1558,#1559,#1560,#1561,#1562));
#1558 = ORIENTED_EDGE('',*,*,#1166,.F.);
#1559 = ORIENTED_EDGE('',*,*,#1291,.F.);
#1560 = ORIENTED_EDGE('',*,*,#1348,.T.);
#1561 = ORIENTED_EDGE('',*,*,#1424,.T.);
#1562 = ORIENTED_EDGE('',*,*,#1505,.T.);
#1563 = ( GEOMETRIC_REPRESENTATION_CONTEXT(3) 
GLOBAL_UNCERTAINTY_ASSIGNED_CONTEXT((#1567)) 
GLOBAL_UNIT_ASSIGNED_CONTEXT((#1564,#1565,#1566)) REPRESENTATION_CONTEXT
('Context #1','3D Context with UNIT and UNCERTAINTY') );
#1564 = ( LENGTH_UNIT() NAMED_UNIT(*) SI_UNIT(.MILLI.,.METRE.) );
#1565 = ( NAMED_UNIT(*) PLANE_ANGLE_UNIT() SI_UNIT($,.RADIAN.) );
#1566 = ( NAMED_UNIT(*) SI_UNIT($,.STERADIAN.) SOLID_ANGLE_UNIT() );
#1567 = UNCERTAINTY_MEASURE_WITH_UNIT(LENGTH_MEASURE(1.E-07),#1564,
  'distance_accuracy_value','confusion accuracy');
#1568 = PRODUCT_RELATED_PRODUCT_CATEGORY('part',$,(#7));
#1569 = SHAPE_DEFINITION_REPRESENTATION(#1570,#1576);
#1570 = PRODUCT_DEFINITION_SHAPE('','',#1571);
#1571 = PRODUCT_DEFINITION('design','',#1572,#1575);
#1572 = PRODUCT_DEFINITION_FORMATION('','',#1573);
#1573 = PRODUCT('cones, M orange','cones, M orange','',(#1574));
#1574 = PRODUCT_CONTEXT('',#2,'mechanical');
#1575 = PRODUCT_DEFINITION_CONTEXT('part definition',#2,'design');
#1576 = SHAPE_REPRESENTATION('',(#11,#1577,#1987),#2417);
#1577 = MANIFOLD_SOLID_BREP('',#1578);
#1578 = CLOSED_SHELL('',(#1579,#1699,#1775,#1853,#1924,#1971,#1979));
#1579 = ADVANCED_FACE('',(#1580),#1594,.T.);
#1580 = FACE_BOUND('',#1581,.T.);
#1581 = EDGE_LOOP('',(#1582,#1617,#1645,#1673));
#1582 = ORIENTED_EDGE('',*,*,#1583,.T.);
#1583 = EDGE_CURVE('',#1584,#1586,#1588,.T.);
#1584 = VERTEX_POINT('',#1585);
#1585 = CARTESIAN_POINT('',(48.29989756697,37.996438416789,0.));
#1586 = VERTEX_POINT('',#1587);
#1587 = CARTESIAN_POINT('',(48.29989756697,37.996438416789,2.));
#1588 = SURFACE_CURVE('',#1589,(#1593,#1605),.PCURVE_S1.);
#1589 = LINE('',#1590,#1591);
#1590 = CARTESIAN_POINT('',(48.29989756697,37.996438416789,0.));
#1591 = VECTOR('',#1592,1.);
#1592 = DIRECTION('',(0.,0.,1.));
#1593 = PCURVE('',#1594,#1599);
#1594 = PLANE('',#1595);
#1595 = AXIS2_PLACEMENT_3D('',#1596,#1597,#1598);
#1596 = CARTESIAN_POINT('',(48.29989756697,37.996438416789,0.));
#1597 = DIRECTION('',(0.874157276122,-0.485642931179,0.));
#1598 = DIRECTION('',(-0.485642931179,-0.874157276122,0.));
#1599 = DEFINITIONAL_REPRESENTATION('',(#1600),#1604);
#1600 = LINE('',#1601,#1602);
#1601 = CARTESIAN_POINT('',(0.,0.));
#1602 = VECTOR('',#1603,1.);
#1603 = DIRECTION('',(0.,-1.));
#1604 = ( GEOMETRIC_REPRESENTATION_CONTEXT(2) 
PARAMETRIC_REPRESENTATION_CONTEXT() REPRESENTATION_CONTEXT('2D SPACE',''
  ) );
#1605 = PCURVE('',#1606,#1611);
#1606 = PLANE('',#1607);
#1607 = AXIS2_PLACEMENT_3D('',#1608,#1609,#1610);
#1608 = CARTESIAN_POINT('',(42.204304918715,34.609998056648,0.));
#1609 = DIRECTION('',(-0.485642931179,0.874157276122,0.));
#1610 = DIRECTION('',(0.874157276122,0.485642931179,0.));
#1611 = DEFINITIONAL_REPRESENTATION('',(#1612),#1616);
#1612 = LINE('',#1613,#1614);
#1613 = CARTESIAN_POINT('',(6.973107488505,0.));
#1614 = VECTOR('',#1615,1.);
#1615 = DIRECTION('',(0.,-1.));
#1616 = ( GEOMETRIC_REPRESENTATION_CONTEXT(2) 
PARAMETRIC_REPRESENTATION_CONTEXT() REPRESENTATION_CONTEXT('2D SPACE',''
  ) );
#1617 = ORIENTED_EDGE('',*,*,#1618,.T.);
#1618 = EDGE_CURVE('',#1586,#1619,#1621,.T.);
#1619 = VERTEX_POINT('',#1620);
#1620 = CARTESIAN_POINT('',(44.913457206829,31.900845768535,2.));
#1621 = SURFACE_CURVE('',#1622,(#1626,#1633),.PCURVE_S1.);
#1622 = LINE('',#1623,#1624);
#1623 = CARTESIAN_POINT('',(48.29989756697,37.996438416789,2.));
#1624 = VECTOR('',#1625,1.);
#1625 = DIRECTION('',(-0.485642931179,-0.874157276122,0.));
#1626 = PCURVE('',#1594,#1627);
#1627 = DEFINITIONAL_REPRESENTATION('',(#1628),#1632);
#1628 = LINE('',#1629,#1630);
#1629 = CARTESIAN_POINT('',(0.,-2.));
#1630 = VECTOR('',#1631,1.);
#1631 = DIRECTION('',(1.,0.));
#1632 = ( GEOMETRIC_REPRESENTATION_CONTEXT(2) 
PARAMETRIC_REPRESENTATION_CONTEXT() REPRESENTATION_CONTEXT('2D SPACE',''
  ) );
#1633 = PCURVE('',#1634,#1639);
#1634 = PLANE('',#1635);
#1635 = AXIS2_PLACEMENT_3D('',#1636,#1637,#1638);
#1636 = CARTESIAN_POINT('',(45.42968570556,35.126226555379,2.));
#1637 = DIRECTION('',(0.,0.,1.));
#1638 = DIRECTION('',(1.,0.,-0.));
#1639 = DEFINITIONAL_REPRESENTATION('',(#1640),#1644);
#1640 = LINE('',#1641,#1642);
#1641 = CARTESIAN_POINT('',(2.87021186141,2.87021186141));
#1642 = VECTOR('',#1643,1.);
#1643 = DIRECTION('',(-0.485642931179,-0.874157276122));
#1644 = ( GEOMETRIC_REPRESENTATION_CONTEXT(2) 
PARAMETRIC_REPRESENTATION_CONTEXT() REPRESENTATION_CONTEXT('2D SPACE',''
  ) );
#1645 = ORIENTED_EDGE('',*,*,#1646,.F.);
#1646 = EDGE_CURVE('',#1647,#1619,#1649,.T.);
#1647 = VERTEX_POINT('',#1648);
#1648 = CARTESIAN_POINT('',(44.913457206829,31.900845768535,0.));
#1649 = SURFACE_CURVE('',#1650,(#1654,#1661),.PCURVE_S1.);
#1650 = LINE('',#1651,#1652);
#1651 = CARTESIAN_POINT('',(44.913457206829,31.900845768535,0.));
#1652 = VECTOR('',#1653,1.);
#1653 = DIRECTION('',(0.,0.,1.));
#1654 = PCURVE('',#1594,#1655);
#1655 = DEFINITIONAL_REPRESENTATION('',(#1656),#1660);
#1656 = LINE('',#1657,#1658);
#1657 = CARTESIAN_POINT('',(6.973107488505,0.));
#1658 = VECTOR('',#1659,1.);
#1659 = DIRECTION('',(0.,-1.));
#1660 = ( GEOMETRIC_REPRESENTATION_CONTEXT(2) 
PARAMETRIC_REPRESENTATION_CONTEXT() REPRESENTATION_CONTEXT('2D SPACE',''
  ) );
#1661 = PCURVE('',#1662,#1667);
#1662 = PLANE('',#1663);
#1663 = AXIS2_PLACEMENT_3D('',#1664,#1665,#1666);
#1664 = CARTESIAN_POINT('',(44.913457206829,31.900845768535,0.));
#1665 = DIRECTION('',(-0.707106781187,-0.707106781187,0.));
#1666 = DIRECTION('',(-0.707106781187,0.707106781187,0.));
#1667 = DEFINITIONAL_REPRESENTATION('',(#1668),#1672);
#1668 = LINE('',#1669,#1670);
#1669 = CARTESIAN_POINT('',(0.,0.));
#1670 = VECTOR('',#1671,1.);
#1671 = DIRECTION('',(0.,-1.));
#1672 = ( GEOMETRIC_REPRESENTATION_CONTEXT(2) 
PARAMETRIC_REPRESENTATION_CONTEXT() REPRESENTATION_CONTEXT('2D SPACE',''
  ) );
#1673 = ORIENTED_EDGE('',*,*,#1674,.F.);
#1674 = EDGE_CURVE('',#1584,#1647,#1675,.T.);
#1675 = SURFACE_CURVE('',#1676,(#1680,#1687),.PCURVE_S1.);
#1676 = LINE('',#1677,#1678);
#1677 = CARTESIAN_POINT('',(48.29989756697,37.996438416789,0.));
#1678 = VECTOR('',#1679,1.);
#1679 = DIRECTION('',(-0.485642931179,-0.874157276122,0.));
#1680 = PCURVE('',#1594,#1681);
#1681 = DEFINITIONAL_REPRESENTATION('',(#1682),#1686);
#1682 = LINE('',#1683,#1684);
#1683 = CARTESIAN_POINT('',(0.,0.));
#1684 = VECTOR('',#1685,1.);
#1685 = DIRECTION('',(1.,0.));
#1686 = ( GEOMETRIC_REPRESENTATION_CONTEXT(2) 
PARAMETRIC_REPRESENTATION_CONTEXT() REPRESENTATION_CONTEXT('2D SPACE',''
  ) );
#1687 = PCURVE('',#1688,#1693);
#1688 = PLANE('',#1689);
#1689 = AXIS2_PLACEMENT_3D('',#1690,#1691,#1692);
#1690 = CARTESIAN_POINT('',(45.42968570556,35.126226555379,0.));
#1691 = DIRECTION('',(0.,0.,1.));
#1692 = DIRECTION('',(1.,0.,-0.));
#1693 = DEFINITIONAL_REPRESENTATION('',(#1694),#1698);
#1694 = LINE('',#1695,#1696);
#1695 = CARTESIAN_POINT('',(2.87021186141,2.87021186141));
#1696 = VECTOR('',#1697,1.);
#1697 = DIRECTION('',(-0.485642931179,-0.874157276122));
#1698 = ( GEOMETRIC_REPRESENTATION_CONTEXT(2) 
PARAMETRIC_REPRESENTATION_CONTEXT() REPRESENTATION_CONTEXT('2D SPACE',''
  ) );
#1699 = ADVANCED_FACE('',(#1700),#1662,.T.);
#1700 = FACE_BOUND('',#1701,.T.);
#1701 = EDGE_LOOP('',(#1702,#1703,#1726,#1754));
#1702 = ORIENTED_EDGE('',*,*,#1646,.T.);
#1703 = ORIENTED_EDGE('',*,*,#1704,.T.);
#1704 = EDGE_CURVE('',#1619,#1705,#1707,.T.);
#1705 = VERTEX_POINT('',#1706);
#1706 = CARTESIAN_POINT('',(44.489193138117,32.325109837247,2.));
#1707 = SURFACE_CURVE('',#1708,(#1712,#1719),.PCURVE_S1.);
#1708 = LINE('',#1709,#1710);
#1709 = CARTESIAN_POINT('',(44.913457206829,31.900845768535,2.));
#1710 = VECTOR('',#1711,1.);
#1711 = DIRECTION('',(-0.707106781187,0.707106781187,0.));
#1712 = PCURVE('',#1662,#1713);
#1713 = DEFINITIONAL_REPRESENTATION('',(#1714),#1718);
#1714 = LINE('',#1715,#1716);
#1715 = CARTESIAN_POINT('',(0.,-2.));
#1716 = VECTOR('',#1717,1.);
#1717 = DIRECTION('',(1.,0.));
#1718 = ( GEOMETRIC_REPRESENTATION_CONTEXT(2) 
PARAMETRIC_REPRESENTATION_CONTEXT() REPRESENTATION_CONTEXT('2D SPACE',''
  ) );
#1719 = PCURVE('',#1634,#1720);
#1720 = DEFINITIONAL_REPRESENTATION('',(#1721),#1725);
#1721 = LINE('',#1722,#1723);
#1722 = CARTESIAN_POINT('',(-0.516228498731,-3.225380786844));
#1723 = VECTOR('',#1724,1.);
#1724 = DIRECTION('',(-0.707106781187,0.707106781187));
#1725 = ( GEOMETRIC_REPRESENTATION_CONTEXT(2) 
PARAMETRIC_REPRESENTATION_CONTEXT() REPRESENTATION_CONTEXT('2D SPACE',''
  ) );
#1726 = ORIENTED_EDGE('',*,*,#1727,.F.);
#1727 = EDGE_CURVE('',#1728,#1705,#1730,.T.);
#1728 = VERTEX_POINT('',#1729);
#1729 = CARTESIAN_POINT('',(44.489193138117,32.325109837247,0.));
#1730 = SURFACE_CURVE('',#1731,(#1735,#1742),.PCURVE_S1.);
#1731 = LINE('',#1732,#1733);
#1732 = CARTESIAN_POINT('',(44.489193138117,32.325109837247,0.));
#1733 = VECTOR('',#1734,1.);
#1734 = DIRECTION('',(0.,0.,1.));
#1735 = PCURVE('',#1662,#1736);
#1736 = DEFINITIONAL_REPRESENTATION('',(#1737),#1741);
#1737 = LINE('',#1738,#1739);
#1738 = CARTESIAN_POINT('',(0.6,0.));
#1739 = VECTOR('',#1740,1.);
#1740 = DIRECTION('',(0.,-1.));
#1741 = ( GEOMETRIC_REPRESENTATION_CONTEXT(2) 
PARAMETRIC_REPRESENTATION_CONTEXT() REPRESENTATION_CONTEXT('2D SPACE',''
  ) );
#1742 = PCURVE('',#1743,#1748);
#1743 = CYLINDRICAL_SURFACE('',#1744,2.534641899309);
#1744 = AXIS2_PLACEMENT_3D('',#1745,#1746,#1747);
#1745 = CARTESIAN_POINT('',(42.026978904886,31.723519754706,0.));
#1746 = DIRECTION('',(-0.,-0.,-1.));
#1747 = DIRECTION('',(0.971424891974,0.237347170306,-0.));
#1748 = DEFINITIONAL_REPRESENTATION('',(#1749),#1753);
#1749 = LINE('',#1750,#1751);
#1750 = CARTESIAN_POINT('',(-0.,0.));
#1751 = VECTOR('',#1752,1.);
#1752 = DIRECTION('',(-0.,-1.));
#1753 = ( GEOMETRIC_REPRESENTATION_CONTEXT(2) 
PARAMETRIC_REPRESENTATION_CONTEXT() REPRESENTATION_CONTEXT('2D SPACE',''
  ) );
#1754 = ORIENTED_EDGE('',*,*,#1755,.F.);
#1755 = EDGE_CURVE('',#1647,#1728,#1756,.T.);
#1756 = SURFACE_CURVE('',#1757,(#1761,#1768),.PCURVE_S1.);
#1757 = LINE('',#1758,#1759);
#1758 = CARTESIAN_POINT('',(44.913457206829,31.900845768535,0.));
#1759 = VECTOR('',#1760,1.);
#1760 = DIRECTION('',(-0.707106781187,0.707106781187,0.));
#1761 = PCURVE('',#1662,#1762);
#1762 = DEFINITIONAL_REPRESENTATION('',(#1763),#1767);
#1763 = LINE('',#1764,#1765);
#1764 = CARTESIAN_POINT('',(0.,0.));
#1765 = VECTOR('',#1766,1.);
#1766 = DIRECTION('',(1.,0.));
#1767 = ( GEOMETRIC_REPRESENTATION_CONTEXT(2) 
PARAMETRIC_REPRESENTATION_CONTEXT() REPRESENTATION_CONTEXT('2D SPACE',''
  ) );
#1768 = PCURVE('',#1688,#1769);
#1769 = DEFINITIONAL_REPRESENTATION('',(#1770),#1774);
#1770 = LINE('',#1771,#1772);
#1771 = CARTESIAN_POINT('',(-0.516228498731,-3.225380786844));
#1772 = VECTOR('',#1773,1.);
#1773 = DIRECTION('',(-0.707106781187,0.707106781187));
#1774 = ( GEOMETRIC_REPRESENTATION_CONTEXT(2) 
PARAMETRIC_REPRESENTATION_CONTEXT() REPRESENTATION_CONTEXT('2D SPACE',''
  ) );
#1775 = ADVANCED_FACE('',(#1776),#1743,.F.);
#1776 = FACE_BOUND('',#1777,.T.);
#1777 = EDGE_LOOP('',(#1778,#1779,#1803,#1831));
#1778 = ORIENTED_EDGE('',*,*,#1727,.T.);
#1779 = ORIENTED_EDGE('',*,*,#1780,.T.);
#1780 = EDGE_CURVE('',#1705,#1781,#1783,.T.);
#1781 = VERTEX_POINT('',#1782);
#1782 = CARTESIAN_POINT('',(42.628568987427,34.185733987936,2.));
#1783 = SURFACE_CURVE('',#1784,(#1789,#1796),.PCURVE_S1.);
#1784 = CIRCLE('',#1785,2.534641899309);
#1785 = AXIS2_PLACEMENT_3D('',#1786,#1787,#1788);
#1786 = CARTESIAN_POINT('',(42.026978904886,31.723519754706,2.));
#1787 = DIRECTION('',(0.,0.,1.));
#1788 = DIRECTION('',(0.971424891974,0.237347170306,-0.));
#1789 = PCURVE('',#1743,#1790);
#1790 = DEFINITIONAL_REPRESENTATION('',(#1791),#1795);
#1791 = LINE('',#1792,#1793);
#1792 = CARTESIAN_POINT('',(-0.,-2.));
#1793 = VECTOR('',#1794,1.);
#1794 = DIRECTION('',(-1.,0.));
#1795 = ( GEOMETRIC_REPRESENTATION_CONTEXT(2) 
PARAMETRIC_REPRESENTATION_CONTEXT() REPRESENTATION_CONTEXT('2D SPACE',''
  ) );
#1796 = PCURVE('',#1634,#1797);
#1797 = DEFINITIONAL_REPRESENTATION('',(#1798),#1802);
#1798 = CIRCLE('',#1799,2.534641899309);
#1799 = AXIS2_PLACEMENT_2D('',#1800,#1801);
#1800 = CARTESIAN_POINT('',(-3.402706800673,-3.402706800673));
#1801 = DIRECTION('',(0.971424891974,0.237347170306));
#1802 = ( GEOMETRIC_REPRESENTATION_CONTEXT(2) 
PARAMETRIC_REPRESENTATION_CONTEXT() REPRESENTATION_CONTEXT('2D SPACE',''
  ) );
#1803 = ORIENTED_EDGE('',*,*,#1804,.F.);
#1804 = EDGE_CURVE('',#1805,#1781,#1807,.T.);
#1805 = VERTEX_POINT('',#1806);
#1806 = CARTESIAN_POINT('',(42.628568987427,34.185733987936,0.));
#1807 = SURFACE_CURVE('',#1808,(#1812,#1819),.PCURVE_S1.);
#1808 = LINE('',#1809,#1810);
#1809 = CARTESIAN_POINT('',(42.628568987427,34.185733987936,0.));
#1810 = VECTOR('',#1811,1.);
#1811 = DIRECTION('',(0.,0.,1.));
#1812 = PCURVE('',#1743,#1813);
#1813 = DEFINITIONAL_REPRESENTATION('',(#1814),#1818);
#1814 = LINE('',#1815,#1816);
#1815 = CARTESIAN_POINT('',(-1.091528183725,0.));
#1816 = VECTOR('',#1817,1.);
#1817 = DIRECTION('',(-0.,-1.));
#1818 = ( GEOMETRIC_REPRESENTATION_CONTEXT(2) 
PARAMETRIC_REPRESENTATION_CONTEXT() REPRESENTATION_CONTEXT('2D SPACE',''
  ) );
#1819 = PCURVE('',#1820,#1825);
#1820 = PLANE('',#1821);
#1821 = AXIS2_PLACEMENT_3D('',#1822,#1823,#1824);
#1822 = CARTESIAN_POINT('',(42.628568987427,34.185733987936,0.));
#1823 = DIRECTION('',(-0.707106781187,-0.707106781187,0.));
#1824 = DIRECTION('',(-0.707106781187,0.707106781187,0.));
#1825 = DEFINITIONAL_REPRESENTATION('',(#1826),#1830);
#1826 = LINE('',#1827,#1828);
#1827 = CARTESIAN_POINT('',(0.,0.));
#1828 = VECTOR('',#1829,1.);
#1829 = DIRECTION('',(0.,-1.));
#1830 = ( GEOMETRIC_REPRESENTATION_CONTEXT(2) 
PARAMETRIC_REPRESENTATION_CONTEXT() REPRESENTATION_CONTEXT('2D SPACE',''
  ) );
#1831 = ORIENTED_EDGE('',*,*,#1832,.F.);
#1832 = EDGE_CURVE('',#1728,#1805,#1833,.T.);
#1833 = SURFACE_CURVE('',#1834,(#1839,#1846),.PCURVE_S1.);
#1834 = CIRCLE('',#1835,2.534641899309);
#1835 = AXIS2_PLACEMENT_3D('',#1836,#1837,#1838);
#1836 = CARTESIAN_POINT('',(42.026978904886,31.723519754706,0.));
#1837 = DIRECTION('',(0.,0.,1.));
#1838 = DIRECTION('',(0.971424891974,0.237347170306,-0.));
#1839 = PCURVE('',#1743,#1840);
#1840 = DEFINITIONAL_REPRESENTATION('',(#1841),#1845);
#1841 = LINE('',#1842,#1843);
#1842 = CARTESIAN_POINT('',(-0.,0.));
#1843 = VECTOR('',#1844,1.);
#1844 = DIRECTION('',(-1.,0.));
#1845 = ( GEOMETRIC_REPRESENTATION_CONTEXT(2) 
PARAMETRIC_REPRESENTATION_CONTEXT() REPRESENTATION_CONTEXT('2D SPACE',''
  ) );
#1846 = PCURVE('',#1688,#1847);
#1847 = DEFINITIONAL_REPRESENTATION('',(#1848),#1852);
#1848 = CIRCLE('',#1849,2.534641899309);
#1849 = AXIS2_PLACEMENT_2D('',#1850,#1851);
#1850 = CARTESIAN_POINT('',(-3.402706800673,-3.402706800673));
#1851 = DIRECTION('',(0.971424891974,0.237347170306));
#1852 = ( GEOMETRIC_REPRESENTATION_CONTEXT(2) 
PARAMETRIC_REPRESENTATION_CONTEXT() REPRESENTATION_CONTEXT('2D SPACE',''
  ) );
#1853 = ADVANCED_FACE('',(#1854),#1820,.T.);
#1854 = FACE_BOUND('',#1855,.T.);
#1855 = EDGE_LOOP('',(#1856,#1857,#1880,#1903));
#1856 = ORIENTED_EDGE('',*,*,#1804,.T.);
#1857 = ORIENTED_EDGE('',*,*,#1858,.T.);
#1858 = EDGE_CURVE('',#1781,#1859,#1861,.T.);
#1859 = VERTEX_POINT('',#1860);
#1860 = CARTESIAN_POINT('',(42.204304918715,34.609998056648,2.));
#1861 = SURFACE_CURVE('',#1862,(#1866,#1873),.PCURVE_S1.);
#1862 = LINE('',#1863,#1864);
#1863 = CARTESIAN_POINT('',(42.628568987427,34.185733987936,2.));
#1864 = VECTOR('',#1865,1.);
#1865 = DIRECTION('',(-0.707106781187,0.707106781187,0.));
#1866 = PCURVE('',#1820,#1867);
#1867 = DEFINITIONAL_REPRESENTATION('',(#1868),#1872);
#1868 = LINE('',#1869,#1870);
#1869 = CARTESIAN_POINT('',(0.,-2.));
#1870 = VECTOR('',#1871,1.);
#1871 = DIRECTION('',(1.,0.));
#1872 = ( GEOMETRIC_REPRESENTATION_CONTEXT(2) 
PARAMETRIC_REPRESENTATION_CONTEXT() REPRESENTATION_CONTEXT('2D SPACE',''
  ) );
#1873 = PCURVE('',#1634,#1874);
#1874 = DEFINITIONAL_REPRESENTATION('',(#1875),#1879);
#1875 = LINE('',#1876,#1877);
#1876 = CARTESIAN_POINT('',(-2.801116718132,-0.940492567443));
#1877 = VECTOR('',#1878,1.);
#1878 = DIRECTION('',(-0.707106781187,0.707106781187));
#1879 = ( GEOMETRIC_REPRESENTATION_CONTEXT(2) 
PARAMETRIC_REPRESENTATION_CONTEXT() REPRESENTATION_CONTEXT('2D SPACE',''
  ) );
#1880 = ORIENTED_EDGE('',*,*,#1881,.F.);
#1881 = EDGE_CURVE('',#1882,#1859,#1884,.T.);
#1882 = VERTEX_POINT('',#1883);
#1883 = CARTESIAN_POINT('',(42.204304918715,34.609998056648,0.));
#1884 = SURFACE_CURVE('',#1885,(#1889,#1896),.PCURVE_S1.);
#1885 = LINE('',#1886,#1887);
#1886 = CARTESIAN_POINT('',(42.204304918715,34.609998056648,0.));
#1887 = VECTOR('',#1888,1.);
#1888 = DIRECTION('',(0.,0.,1.));
#1889 = PCURVE('',#1820,#1890);
#1890 = DEFINITIONAL_REPRESENTATION('',(#1891),#1895);
#1891 = LINE('',#1892,#1893);
#1892 = CARTESIAN_POINT('',(0.6,0.));
#1893 = VECTOR('',#1894,1.);
#1894 = DIRECTION('',(0.,-1.));
#1895 = ( GEOMETRIC_REPRESENTATION_CONTEXT(2) 
PARAMETRIC_REPRESENTATION_CONTEXT() REPRESENTATION_CONTEXT('2D SPACE',''
  ) );
#1896 = PCURVE('',#1606,#1897);
#1897 = DEFINITIONAL_REPRESENTATION('',(#1898),#1902);
#1898 = LINE('',#1899,#1900);
#1899 = CARTESIAN_POINT('',(0.,0.));
#1900 = VECTOR('',#1901,1.);
#1901 = DIRECTION('',(0.,-1.));
#1902 = ( GEOMETRIC_REPRESENTATION_CONTEXT(2) 
PARAMETRIC_REPRESENTATION_CONTEXT() REPRESENTATION_CONTEXT('2D SPACE',''
  ) );
#1903 = ORIENTED_EDGE('',*,*,#1904,.F.);
#1904 = EDGE_CURVE('',#1805,#1882,#1905,.T.);
#1905 = SURFACE_CURVE('',#1906,(#1910,#1917),.PCURVE_S1.);
#1906 = LINE('',#1907,#1908);
#1907 = CARTESIAN_POINT('',(42.628568987427,34.185733987936,0.));
#1908 = VECTOR('',#1909,1.);
#1909 = DIRECTION('',(-0.707106781187,0.707106781187,0.));
#1910 = PCURVE('',#1820,#1911);
#1911 = DEFINITIONAL_REPRESENTATION('',(#1912),#1916);
#1912 = LINE('',#1913,#1914);
#1913 = CARTESIAN_POINT('',(0.,0.));
#1914 = VECTOR('',#1915,1.);
#1915 = DIRECTION('',(1.,0.));
#1916 = ( GEOMETRIC_REPRESENTATION_CONTEXT(2) 
PARAMETRIC_REPRESENTATION_CONTEXT() REPRESENTATION_CONTEXT('2D SPACE',''
  ) );
#1917 = PCURVE('',#1688,#1918);
#1918 = DEFINITIONAL_REPRESENTATION('',(#1919),#1923);
#1919 = LINE('',#1920,#1921);
#1920 = CARTESIAN_POINT('',(-2.801116718132,-0.940492567443));
#1921 = VECTOR('',#1922,1.);
#1922 = DIRECTION('',(-0.707106781187,0.707106781187));
#1923 = ( GEOMETRIC_REPRESENTATION_CONTEXT(2) 
PARAMETRIC_REPRESENTATION_CONTEXT() REPRESENTATION_CONTEXT('2D SPACE',''
  ) );
#1924 = ADVANCED_FACE('',(#1925),#1606,.T.);
#1925 = FACE_BOUND('',#1926,.T.);
#1926 = EDGE_LOOP('',(#1927,#1928,#1949,#1950));
#1927 = ORIENTED_EDGE('',*,*,#1881,.T.);
#1928 = ORIENTED_EDGE('',*,*,#1929,.T.);
#1929 = EDGE_CURVE('',#1859,#1586,#1930,.T.);
#1930 = SURFACE_CURVE('',#1931,(#1935,#1942),.PCURVE_S1.);
#1931 = LINE('',#1932,#1933);
#1932 = CARTESIAN_POINT('',(42.204304918715,34.609998056648,2.));
#1933 = VECTOR('',#1934,1.);
#1934 = DIRECTION('',(0.874157276122,0.485642931179,0.));
#1935 = PCURVE('',#1606,#1936);
#1936 = DEFINITIONAL_REPRESENTATION('',(#1937),#1941);
#1937 = LINE('',#1938,#1939);
#1938 = CARTESIAN_POINT('',(0.,-2.));
#1939 = VECTOR('',#1940,1.);
#1940 = DIRECTION('',(1.,0.));
#1941 = ( GEOMETRIC_REPRESENTATION_CONTEXT(2) 
PARAMETRIC_REPRESENTATION_CONTEXT() REPRESENTATION_CONTEXT('2D SPACE',''
  ) );
#1942 = PCURVE('',#1634,#1943);
#1943 = DEFINITIONAL_REPRESENTATION('',(#1944),#1948);
#1944 = LINE('',#1945,#1946);
#1945 = CARTESIAN_POINT('',(-3.225380786844,-0.516228498731));
#1946 = VECTOR('',#1947,1.);
#1947 = DIRECTION('',(0.874157276122,0.485642931179));
#1948 = ( GEOMETRIC_REPRESENTATION_CONTEXT(2) 
PARAMETRIC_REPRESENTATION_CONTEXT() REPRESENTATION_CONTEXT('2D SPACE',''
  ) );
#1949 = ORIENTED_EDGE('',*,*,#1583,.F.);
#1950 = ORIENTED_EDGE('',*,*,#1951,.F.);
#1951 = EDGE_CURVE('',#1882,#1584,#1952,.T.);
#1952 = SURFACE_CURVE('',#1953,(#1957,#1964),.PCURVE_S1.);
#1953 = LINE('',#1954,#1955);
#1954 = CARTESIAN_POINT('',(42.204304918715,34.609998056648,0.));
#1955 = VECTOR('',#1956,1.);
#1956 = DIRECTION('',(0.874157276122,0.485642931179,0.));
#1957 = PCURVE('',#1606,#1958);
#1958 = DEFINITIONAL_REPRESENTATION('',(#1959),#1963);
#1959 = LINE('',#1960,#1961);
#1960 = CARTESIAN_POINT('',(0.,0.));
#1961 = VECTOR('',#1962,1.);
#1962 = DIRECTION('',(1.,0.));
#1963 = ( GEOMETRIC_REPRESENTATION_CONTEXT(2) 
PARAMETRIC_REPRESENTATION_CONTEXT() REPRESENTATION_CONTEXT('2D SPACE',''
  ) );
#1964 = PCURVE('',#1688,#1965);
#1965 = DEFINITIONAL_REPRESENTATION('',(#1966),#1970);
#1966 = LINE('',#1967,#1968);
#1967 = CARTESIAN_POINT('',(-3.225380786844,-0.516228498731));
#1968 = VECTOR('',#1969,1.);
#1969 = DIRECTION('',(0.874157276122,0.485642931179));
#1970 = ( GEOMETRIC_REPRESENTATION_CONTEXT(2) 
PARAMETRIC_REPRESENTATION_CONTEXT() REPRESENTATION_CONTEXT('2D SPACE',''
  ) );
#1971 = ADVANCED_FACE('',(#1972),#1688,.F.);
#1972 = FACE_BOUND('',#1973,.T.);
#1973 = EDGE_LOOP('',(#1974,#1975,#1976,#1977,#1978));
#1974 = ORIENTED_EDGE('',*,*,#1674,.T.);
#1975 = ORIENTED_EDGE('',*,*,#1755,.T.);
#1976 = ORIENTED_EDGE('',*,*,#1832,.T.);
#1977 = ORIENTED_EDGE('',*,*,#1904,.T.);
#1978 = ORIENTED_EDGE('',*,*,#1951,.T.);
#1979 = ADVANCED_FACE('',(#1980),#1634,.T.);
#1980 = FACE_BOUND('',#1981,.F.);
#1981 = EDGE_LOOP('',(#1982,#1983,#1984,#1985,#1986));
#1982 = ORIENTED_EDGE('',*,*,#1618,.T.);
#1983 = ORIENTED_EDGE('',*,*,#1704,.T.);
#1984 = ORIENTED_EDGE('',*,*,#1780,.T.);
#1985 = ORIENTED_EDGE('',*,*,#1858,.T.);
#1986 = ORIENTED_EDGE('',*,*,#1929,.T.);
#1987 = MANIFOLD_SOLID_BREP('',#1988);
#1988 = CLOSED_SHELL('',(#1989,#2119,#2195,#2273,#2344,#2401,#2409));
#1989 = ADVANCED_FACE('',(#1990),#2004,.T.);
#1990 = FACE_BOUND('',#1991,.T.);
#1991 = EDGE_LOOP('',(#1992,#2027,#2060,#2088));
#1992 = ORIENTED_EDGE('',*,*,#1993,.T.);
#1993 = EDGE_CURVE('',#1994,#1996,#1998,.T.);
#1994 = VERTEX_POINT('',#1995);
#1995 = CARTESIAN_POINT('',(52.996213903454,29.365610125835,0.));
#1996 = VERTEX_POINT('',#1997);
#1997 = CARTESIAN_POINT('',(52.996213903454,29.365610125835,2.));
#1998 = SURFACE_CURVE('',#1999,(#2003,#2015),.PCURVE_S1.);
#1999 = LINE('',#2000,#2001);
#2000 = CARTESIAN_POINT('',(52.996213903454,29.365610125835,0.));
#2001 = VECTOR('',#2002,1.);
#2002 = DIRECTION('',(0.,0.,1.));
#2003 = PCURVE('',#2004,#2009);
#2004 = CYLINDRICAL_SURFACE('',#2005,20.990003228653);
#2005 = AXIS2_PLACEMENT_3D('',#2006,#2007,#2008);
#2006 = CARTESIAN_POINT('',(32.553220049342,34.126307324738,0.));
#2007 = DIRECTION('',(0.,0.,-1.));
#2008 = DIRECTION('',(0.973939528804,-0.226807835475,0.));
#2009 = DEFINITIONAL_REPRESENTATION('',(#2010),#2014);
#2010 = LINE('',#2011,#2012);
#2011 = CARTESIAN_POINT('',(0.,0.));
#2012 = VECTOR('',#2013,1.);
#2013 = DIRECTION('',(0.,-1.));
#2014 = ( GEOMETRIC_REPRESENTATION_CONTEXT(2) 
PARAMETRIC_REPRESENTATION_CONTEXT() REPRESENTATION_CONTEXT('2D SPACE',''
  ) );
#2015 = PCURVE('',#2016,#2021);
#2016 = CYLINDRICAL_SURFACE('',#2017,20.990003228653);
#2017 = AXIS2_PLACEMENT_3D('',#2018,#2019,#2020);
#2018 = CARTESIAN_POINT('',(57.756911102356,8.922616271724,0.));
#2019 = DIRECTION('',(0.,0.,-1.));
#2020 = DIRECTION('',(-0.637319894269,0.770599346203,0.));
#2021 = DEFINITIONAL_REPRESENTATION('',(#2022),#2026);
#2022 = LINE('',#2023,#2024);
#2023 = CARTESIAN_POINT('',(0.462216447067,0.));
#2024 = VECTOR('',#2025,1.);
#2025 = DIRECTION('',(0.,-1.));
#2026 = ( GEOMETRIC_REPRESENTATION_CONTEXT(2) 
PARAMETRIC_REPRESENTATION_CONTEXT() REPRESENTATION_CONTEXT('2D SPACE',''
  ) );
#2027 = ORIENTED_EDGE('',*,*,#2028,.T.);
#2028 = EDGE_CURVE('',#1996,#2029,#2031,.T.);
#2029 = VERTEX_POINT('',#2030);
#2030 = CARTESIAN_POINT('',(48.728102814139,20.748960686337,2.));
#2031 = SURFACE_CURVE('',#2032,(#2037,#2044),.PCURVE_S1.);
#2032 = CIRCLE('',#2033,20.990003228653);
#2033 = AXIS2_PLACEMENT_3D('',#2034,#2035,#2036);
#2034 = CARTESIAN_POINT('',(32.553220049342,34.126307324738,2.));
#2035 = DIRECTION('',(0.,0.,-1.));
#2036 = DIRECTION('',(0.973939528804,-0.226807835475,0.));
#2037 = PCURVE('',#2004,#2038);
#2038 = DEFINITIONAL_REPRESENTATION('',(#2039),#2043);
#2039 = LINE('',#2040,#2041);
#2040 = CARTESIAN_POINT('',(0.,-2.));
#2041 = VECTOR('',#2042,1.);
#2042 = DIRECTION('',(1.,0.));
#2043 = ( GEOMETRIC_REPRESENTATION_CONTEXT(2) 
PARAMETRIC_REPRESENTATION_CONTEXT() REPRESENTATION_CONTEXT('2D SPACE',''
  ) );
#2044 = PCURVE('',#2045,#2050);
#2045 = PLANE('',#2046);
#2046 = AXIS2_PLACEMENT_3D('',#2047,#2048,#2049);
#2047 = CARTESIAN_POINT('',(49.099934504698,25.46933072708,2.));
#2048 = DIRECTION('',(0.,0.,1.));
#2049 = DIRECTION('',(1.,0.,-0.));
#2050 = DEFINITIONAL_REPRESENTATION('',(#2051),#2059);
#2051 = ( BOUNDED_CURVE() B_SPLINE_CURVE(2,(#2052,#2053,#2054,#2055,
#2056,#2057,#2058),.UNSPECIFIED.,.T.,.F.) B_SPLINE_CURVE_WITH_KNOTS((1,2
    ,2,2,2,1),(-2.094395102393,0.,2.094395102393,4.188790204786,
6.28318530718,8.377580409573),.UNSPECIFIED.) CURVE() 
GEOMETRIC_REPRESENTATION_ITEM() RATIONAL_B_SPLINE_CURVE((1.,0.5,1.,0.5,
1.,0.5,1.)) REPRESENTATION_ITEM('') );
#2052 = CARTESIAN_POINT('',(3.896279398756,3.896279398756));
#2053 = CARTESIAN_POINT('',(-4.349490029194,-31.51202461538));
#2054 = CARTESIAN_POINT('',(-30.89109609638,-6.66682680996));
#2055 = CARTESIAN_POINT('',(-57.43270216357,18.178370995464));
#2056 = CARTESIAN_POINT('',(-22.64532666843,28.741477204179));
#2057 = CARTESIAN_POINT('',(12.142048826706,39.304583412895));
#2058 = CARTESIAN_POINT('',(3.896279398756,3.896279398756));
#2059 = ( GEOMETRIC_REPRESENTATION_CONTEXT(2) 
PARAMETRIC_REPRESENTATION_CONTEXT() REPRESENTATION_CONTEXT('2D SPACE',''
  ) );
#2060 = ORIENTED_EDGE('',*,*,#2061,.F.);
#2061 = EDGE_CURVE('',#2062,#2029,#2064,.T.);
#2062 = VERTEX_POINT('',#2063);
#2063 = CARTESIAN_POINT('',(48.728102814139,20.748960686337,0.));
#2064 = SURFACE_CURVE('',#2065,(#2069,#2076),.PCURVE_S1.);
#2065 = LINE('',#2066,#2067);
#2066 = CARTESIAN_POINT('',(48.728102814139,20.748960686337,0.));
#2067 = VECTOR('',#2068,1.);
#2068 = DIRECTION('',(0.,0.,1.));
#2069 = PCURVE('',#2004,#2070);
#2070 = DEFINITIONAL_REPRESENTATION('',(#2071),#2075);
#2071 = LINE('',#2072,#2073);
#2072 = CARTESIAN_POINT('',(0.462216447067,0.));
#2073 = VECTOR('',#2074,1.);
#2074 = DIRECTION('',(0.,-1.));
#2075 = ( GEOMETRIC_REPRESENTATION_CONTEXT(2) 
PARAMETRIC_REPRESENTATION_CONTEXT() REPRESENTATION_CONTEXT('2D SPACE',''
  ) );
#2076 = PCURVE('',#2077,#2082);
#2077 = PLANE('',#2078);
#2078 = AXIS2_PLACEMENT_3D('',#2079,#2080,#2081);
#2079 = CARTESIAN_POINT('',(48.728102814139,20.748960686337,0.));
#2080 = DIRECTION('',(-0.707106781187,-0.707106781187,0.));
#2081 = DIRECTION('',(-0.707106781187,0.707106781187,0.));
#2082 = DEFINITIONAL_REPRESENTATION('',(#2083),#2087);
#2083 = LINE('',#2084,#2085);
#2084 = CARTESIAN_POINT('',(0.,0.));
#2085 = VECTOR('',#2086,1.);
#2086 = DIRECTION('',(0.,-1.));
#2087 = ( GEOMETRIC_REPRESENTATION_CONTEXT(2) 
PARAMETRIC_REPRESENTATION_CONTEXT() REPRESENTATION_CONTEXT('2D SPACE',''
  ) );
#2088 = ORIENTED_EDGE('',*,*,#2089,.F.);
#2089 = EDGE_CURVE('',#1994,#2062,#2090,.T.);
#2090 = SURFACE_CURVE('',#2091,(#2096,#2103),.PCURVE_S1.);
#2091 = CIRCLE('',#2092,20.990003228653);
#2092 = AXIS2_PLACEMENT_3D('',#2093,#2094,#2095);
#2093 = CARTESIAN_POINT('',(32.553220049342,34.126307324738,0.));
#2094 = DIRECTION('',(0.,0.,-1.));
#2095 = DIRECTION('',(0.973939528804,-0.226807835475,0.));
#2096 = PCURVE('',#2004,#2097);
#2097 = DEFINITIONAL_REPRESENTATION('',(#2098),#2102);
#2098 = LINE('',#2099,#2100);
#2099 = CARTESIAN_POINT('',(0.,0.));
#2100 = VECTOR('',#2101,1.);
#2101 = DIRECTION('',(1.,0.));
#2102 = ( GEOMETRIC_REPRESENTATION_CONTEXT(2) 
PARAMETRIC_REPRESENTATION_CONTEXT() REPRESENTATION_CONTEXT('2D SPACE',''
  ) );
#2103 = PCURVE('',#2104,#2109);
#2104 = PLANE('',#2105);
#2105 = AXIS2_PLACEMENT_3D('',#2106,#2107,#2108);
#2106 = CARTESIAN_POINT('',(49.099934504698,25.46933072708,0.));
#2107 = DIRECTION('',(0.,0.,1.));
#2108 = DIRECTION('',(1.,0.,-0.));
#2109 = DEFINITIONAL_REPRESENTATION('',(#2110),#2118);
#2110 = ( BOUNDED_CURVE() B_SPLINE_CURVE(2,(#2111,#2112,#2113,#2114,
#2115,#2116,#2117),.UNSPECIFIED.,.T.,.F.) B_SPLINE_CURVE_WITH_KNOTS((1,2
    ,2,2,2,1),(-2.094395102393,0.,2.094395102393,4.188790204786,
6.28318530718,8.377580409573),.UNSPECIFIED.) CURVE() 
GEOMETRIC_REPRESENTATION_ITEM() RATIONAL_B_SPLINE_CURVE((1.,0.5,1.,0.5,
1.,0.5,1.)) REPRESENTATION_ITEM('') );
#2111 = CARTESIAN_POINT('',(3.896279398756,3.896279398756));
#2112 = CARTESIAN_POINT('',(-4.349490029194,-31.51202461538));
#2113 = CARTESIAN_POINT('',(-30.89109609638,-6.66682680996));
#2114 = CARTESIAN_POINT('',(-57.43270216357,18.178370995464));
#2115 = CARTESIAN_POINT('',(-22.64532666843,28.741477204179));
#2116 = CARTESIAN_POINT('',(12.142048826706,39.304583412895));
#2117 = CARTESIAN_POINT('',(3.896279398756,3.896279398756));
#2118 = ( GEOMETRIC_REPRESENTATION_CONTEXT(2) 
PARAMETRIC_REPRESENTATION_CONTEXT() REPRESENTATION_CONTEXT('2D SPACE',''
  ) );
#2119 = ADVANCED_FACE('',(#2120),#2077,.T.);
#2120 = FACE_BOUND('',#2121,.T.);
#2121 = EDGE_LOOP('',(#2122,#2123,#2146,#2174));
#2122 = ORIENTED_EDGE('',*,*,#2061,.T.);
#2123 = ORIENTED_EDGE('',*,*,#2124,.T.);
#2124 = EDGE_CURVE('',#2029,#2125,#2127,.T.);
#2125 = VERTEX_POINT('',#2126);
#2126 = CARTESIAN_POINT('',(48.303838745427,21.173224755049,2.));
#2127 = SURFACE_CURVE('',#2128,(#2132,#2139),.PCURVE_S1.);
#2128 = LINE('',#2129,#2130);
#2129 = CARTESIAN_POINT('',(48.728102814139,20.748960686337,2.));
#2130 = VECTOR('',#2131,1.);
#2131 = DIRECTION('',(-0.707106781187,0.707106781187,0.));
#2132 = PCURVE('',#2077,#2133);
#2133 = DEFINITIONAL_REPRESENTATION('',(#2134),#2138);
#2134 = LINE('',#2135,#2136);
#2135 = CARTESIAN_POINT('',(0.,-2.));
#2136 = VECTOR('',#2137,1.);
#2137 = DIRECTION('',(1.,0.));
#2138 = ( GEOMETRIC_REPRESENTATION_CONTEXT(2) 
PARAMETRIC_REPRESENTATION_CONTEXT() REPRESENTATION_CONTEXT('2D SPACE',''
  ) );
#2139 = PCURVE('',#2045,#2140);
#2140 = DEFINITIONAL_REPRESENTATION('',(#2141),#2145);
#2141 = LINE('',#2142,#2143);
#2142 = CARTESIAN_POINT('',(-0.371831690559,-4.720370040743));
#2143 = VECTOR('',#2144,1.);
#2144 = DIRECTION('',(-0.707106781187,0.707106781187));
#2145 = ( GEOMETRIC_REPRESENTATION_CONTEXT(2) 
PARAMETRIC_REPRESENTATION_CONTEXT() REPRESENTATION_CONTEXT('2D SPACE',''
  ) );
#2146 = ORIENTED_EDGE('',*,*,#2147,.F.);
#2147 = EDGE_CURVE('',#2148,#2125,#2150,.T.);
#2148 = VERTEX_POINT('',#2149);
#2149 = CARTESIAN_POINT('',(48.303838745427,21.173224755049,0.));
#2150 = SURFACE_CURVE('',#2151,(#2155,#2162),.PCURVE_S1.);
#2151 = LINE('',#2152,#2153);
#2152 = CARTESIAN_POINT('',(48.303838745427,21.173224755049,0.));
#2153 = VECTOR('',#2154,1.);
#2154 = DIRECTION('',(0.,0.,1.));
#2155 = PCURVE('',#2077,#2156);
#2156 = DEFINITIONAL_REPRESENTATION('',(#2157),#2161);
#2157 = LINE('',#2158,#2159);
#2158 = CARTESIAN_POINT('',(0.6,0.));
#2159 = VECTOR('',#2160,1.);
#2160 = DIRECTION('',(0.,-1.));
#2161 = ( GEOMETRIC_REPRESENTATION_CONTEXT(2) 
PARAMETRIC_REPRESENTATION_CONTEXT() REPRESENTATION_CONTEXT('2D SPACE',''
  ) );
#2162 = PCURVE('',#2163,#2168);
#2163 = CYLINDRICAL_SURFACE('',#2164,3.168302374136);
#2164 = AXIS2_PLACEMENT_3D('',#2165,#2166,#2167);
#2165 = CARTESIAN_POINT('',(45.155065575849,21.524461798231,0.));
#2166 = DIRECTION('',(-0.,-0.,-1.));
#2167 = DIRECTION('',(0.993836066684,-0.110859697625,0.));
#2168 = DEFINITIONAL_REPRESENTATION('',(#2169),#2173);
#2169 = LINE('',#2170,#2171);
#2170 = CARTESIAN_POINT('',(-0.,0.));
#2171 = VECTOR('',#2172,1.);
#2172 = DIRECTION('',(-0.,-1.));
#2173 = ( GEOMETRIC_REPRESENTATION_CONTEXT(2) 
PARAMETRIC_REPRESENTATION_CONTEXT() REPRESENTATION_CONTEXT('2D SPACE',''
  ) );
#2174 = ORIENTED_EDGE('',*,*,#2175,.F.);
#2175 = EDGE_CURVE('',#2062,#2148,#2176,.T.);
#2176 = SURFACE_CURVE('',#2177,(#2181,#2188),.PCURVE_S1.);
#2177 = LINE('',#2178,#2179);
#2178 = CARTESIAN_POINT('',(48.728102814139,20.748960686337,0.));
#2179 = VECTOR('',#2180,1.);
#2180 = DIRECTION('',(-0.707106781187,0.707106781187,0.));
#2181 = PCURVE('',#2077,#2182);
#2182 = DEFINITIONAL_REPRESENTATION('',(#2183),#2187);
#2183 = LINE('',#2184,#2185);
#2184 = CARTESIAN_POINT('',(0.,0.));
#2185 = VECTOR('',#2186,1.);
#2186 = DIRECTION('',(1.,0.));
#2187 = ( GEOMETRIC_REPRESENTATION_CONTEXT(2) 
PARAMETRIC_REPRESENTATION_CONTEXT() REPRESENTATION_CONTEXT('2D SPACE',''
  ) );
#2188 = PCURVE('',#2104,#2189);
#2189 = DEFINITIONAL_REPRESENTATION('',(#2190),#2194);
#2190 = LINE('',#2191,#2192);
#2191 = CARTESIAN_POINT('',(-0.371831690559,-4.720370040743));
#2192 = VECTOR('',#2193,1.);
#2193 = DIRECTION('',(-0.707106781187,0.707106781187));
#2194 = ( GEOMETRIC_REPRESENTATION_CONTEXT(2) 
PARAMETRIC_REPRESENTATION_CONTEXT() REPRESENTATION_CONTEXT('2D SPACE',''
  ) );
#2195 = ADVANCED_FACE('',(#2196),#2163,.F.);
#2196 = FACE_BOUND('',#2197,.T.);
#2197 = EDGE_LOOP('',(#2198,#2199,#2223,#2251));
#2198 = ORIENTED_EDGE('',*,*,#2147,.T.);
#2199 = ORIENTED_EDGE('',*,*,#2200,.T.);
#2200 = EDGE_CURVE('',#2125,#2201,#2203,.T.);
#2201 = VERTEX_POINT('',#2202);
#2202 = CARTESIAN_POINT('',(44.803828532667,24.673234967809,2.));
#2203 = SURFACE_CURVE('',#2204,(#2209,#2216),.PCURVE_S1.);
#2204 = CIRCLE('',#2205,3.168302374136);
#2205 = AXIS2_PLACEMENT_3D('',#2206,#2207,#2208);
#2206 = CARTESIAN_POINT('',(45.155065575849,21.524461798231,2.));
#2207 = DIRECTION('',(0.,0.,1.));
#2208 = DIRECTION('',(0.993836066684,-0.110859697625,0.));
#2209 = PCURVE('',#2163,#2210);
#2210 = DEFINITIONAL_REPRESENTATION('',(#2211),#2215);
#2211 = LINE('',#2212,#2213);
#2212 = CARTESIAN_POINT('',(-0.,-2.));
#2213 = VECTOR('',#2214,1.);
#2214 = DIRECTION('',(-1.,0.));
#2215 = ( GEOMETRIC_REPRESENTATION_CONTEXT(2) 
PARAMETRIC_REPRESENTATION_CONTEXT() REPRESENTATION_CONTEXT('2D SPACE',''
  ) );
#2216 = PCURVE('',#2045,#2217);
#2217 = DEFINITIONAL_REPRESENTATION('',(#2218),#2222);
#2218 = CIRCLE('',#2219,3.168302374136);
#2219 = AXIS2_PLACEMENT_2D('',#2220,#2221);
#2220 = CARTESIAN_POINT('',(-3.944868928848,-3.944868928848));
#2221 = DIRECTION('',(0.993836066684,-0.110859697625));
#2222 = ( GEOMETRIC_REPRESENTATION_CONTEXT(2) 
PARAMETRIC_REPRESENTATION_CONTEXT() REPRESENTATION_CONTEXT('2D SPACE',''
  ) );
#2223 = ORIENTED_EDGE('',*,*,#2224,.F.);
#2224 = EDGE_CURVE('',#2225,#2201,#2227,.T.);
#2225 = VERTEX_POINT('',#2226);
#2226 = CARTESIAN_POINT('',(44.803828532667,24.673234967809,0.));
#2227 = SURFACE_CURVE('',#2228,(#2232,#2239),.PCURVE_S1.);
#2228 = LINE('',#2229,#2230);
#2229 = CARTESIAN_POINT('',(44.803828532667,24.673234967809,0.));
#2230 = VECTOR('',#2231,1.);
#2231 = DIRECTION('',(0.,0.,1.));
#2232 = PCURVE('',#2163,#2233);
#2233 = DEFINITIONAL_REPRESENTATION('',(#2234),#2238);
#2234 = LINE('',#2235,#2236);
#2235 = CARTESIAN_POINT('',(-1.792972402746,0.));
#2236 = VECTOR('',#2237,1.);
#2237 = DIRECTION('',(-0.,-1.));
#2238 = ( GEOMETRIC_REPRESENTATION_CONTEXT(2) 
PARAMETRIC_REPRESENTATION_CONTEXT() REPRESENTATION_CONTEXT('2D SPACE',''
  ) );
#2239 = PCURVE('',#2240,#2245);
#2240 = PLANE('',#2241);
#2241 = AXIS2_PLACEMENT_3D('',#2242,#2243,#2244);
#2242 = CARTESIAN_POINT('',(44.803828532667,24.673234967809,0.));
#2243 = DIRECTION('',(-0.707106781187,-0.707106781187,0.));
#2244 = DIRECTION('',(-0.707106781187,0.707106781187,0.));
#2245 = DEFINITIONAL_REPRESENTATION('',(#2246),#2250);
#2246 = LINE('',#2247,#2248);
#2247 = CARTESIAN_POINT('',(0.,0.));
#2248 = VECTOR('',#2249,1.);
#2249 = DIRECTION('',(0.,-1.));
#2250 = ( GEOMETRIC_REPRESENTATION_CONTEXT(2) 
PARAMETRIC_REPRESENTATION_CONTEXT() REPRESENTATION_CONTEXT('2D SPACE',''
  ) );
#2251 = ORIENTED_EDGE('',*,*,#2252,.F.);
#2252 = EDGE_CURVE('',#2148,#2225,#2253,.T.);
#2253 = SURFACE_CURVE('',#2254,(#2259,#2266),.PCURVE_S1.);
#2254 = CIRCLE('',#2255,3.168302374136);
#2255 = AXIS2_PLACEMENT_3D('',#2256,#2257,#2258);
#2256 = CARTESIAN_POINT('',(45.155065575849,21.524461798231,0.));
#2257 = DIRECTION('',(0.,0.,1.));
#2258 = DIRECTION('',(0.993836066684,-0.110859697625,0.));
#2259 = PCURVE('',#2163,#2260);
#2260 = DEFINITIONAL_REPRESENTATION('',(#2261),#2265);
#2261 = LINE('',#2262,#2263);
#2262 = CARTESIAN_POINT('',(-0.,0.));
#2263 = VECTOR('',#2264,1.);
#2264 = DIRECTION('',(-1.,0.));
#2265 = ( GEOMETRIC_REPRESENTATION_CONTEXT(2) 
PARAMETRIC_REPRESENTATION_CONTEXT() REPRESENTATION_CONTEXT('2D SPACE',''
  ) );
#2266 = PCURVE('',#2104,#2267);
#2267 = DEFINITIONAL_REPRESENTATION('',(#2268),#2272);
#2268 = CIRCLE('',#2269,3.168302374136);
#2269 = AXIS2_PLACEMENT_2D('',#2270,#2271);
#2270 = CARTESIAN_POINT('',(-3.944868928848,-3.944868928848));
#2271 = DIRECTION('',(0.993836066684,-0.110859697625));
#2272 = ( GEOMETRIC_REPRESENTATION_CONTEXT(2) 
PARAMETRIC_REPRESENTATION_CONTEXT() REPRESENTATION_CONTEXT('2D SPACE',''
  ) );
#2273 = ADVANCED_FACE('',(#2274),#2240,.T.);
#2274 = FACE_BOUND('',#2275,.T.);
#2275 = EDGE_LOOP('',(#2276,#2277,#2300,#2323));
#2276 = ORIENTED_EDGE('',*,*,#2224,.T.);
#2277 = ORIENTED_EDGE('',*,*,#2278,.T.);
#2278 = EDGE_CURVE('',#2201,#2279,#2281,.T.);
#2279 = VERTEX_POINT('',#2280);
#2280 = CARTESIAN_POINT('',(44.379564463955,25.097499036521,2.));
#2281 = SURFACE_CURVE('',#2282,(#2286,#2293),.PCURVE_S1.);
#2282 = LINE('',#2283,#2284);
#2283 = CARTESIAN_POINT('',(44.803828532667,24.673234967809,2.));
#2284 = VECTOR('',#2285,1.);
#2285 = DIRECTION('',(-0.707106781187,0.707106781187,0.));
#2286 = PCURVE('',#2240,#2287);
#2287 = DEFINITIONAL_REPRESENTATION('',(#2288),#2292);
#2288 = LINE('',#2289,#2290);
#2289 = CARTESIAN_POINT('',(0.,-2.));
#2290 = VECTOR('',#2291,1.);
#2291 = DIRECTION('',(1.,0.));
#2292 = ( GEOMETRIC_REPRESENTATION_CONTEXT(2) 
PARAMETRIC_REPRESENTATION_CONTEXT() REPRESENTATION_CONTEXT('2D SPACE',''
  ) );
#2293 = PCURVE('',#2045,#2294);
#2294 = DEFINITIONAL_REPRESENTATION('',(#2295),#2299);
#2295 = LINE('',#2296,#2297);
#2296 = CARTESIAN_POINT('',(-4.296105972031,-0.79609575927));
#2297 = VECTOR('',#2298,1.);
#2298 = DIRECTION('',(-0.707106781187,0.707106781187));
#2299 = ( GEOMETRIC_REPRESENTATION_CONTEXT(2) 
PARAMETRIC_REPRESENTATION_CONTEXT() REPRESENTATION_CONTEXT('2D SPACE',''
  ) );
#2300 = ORIENTED_EDGE('',*,*,#2301,.F.);
#2301 = EDGE_CURVE('',#2302,#2279,#2304,.T.);
#2302 = VERTEX_POINT('',#2303);
#2303 = CARTESIAN_POINT('',(44.379564463955,25.097499036521,0.));
#2304 = SURFACE_CURVE('',#2305,(#2309,#2316),.PCURVE_S1.);
#2305 = LINE('',#2306,#2307);
#2306 = CARTESIAN_POINT('',(44.379564463955,25.097499036521,0.));
#2307 = VECTOR('',#2308,1.);
#2308 = DIRECTION('',(0.,0.,1.));
#2309 = PCURVE('',#2240,#2310);
#2310 = DEFINITIONAL_REPRESENTATION('',(#2311),#2315);
#2311 = LINE('',#2312,#2313);
#2312 = CARTESIAN_POINT('',(0.6,0.));
#2313 = VECTOR('',#2314,1.);
#2314 = DIRECTION('',(0.,-1.));
#2315 = ( GEOMETRIC_REPRESENTATION_CONTEXT(2) 
PARAMETRIC_REPRESENTATION_CONTEXT() REPRESENTATION_CONTEXT('2D SPACE',''
  ) );
#2316 = PCURVE('',#2016,#2317);
#2317 = DEFINITIONAL_REPRESENTATION('',(#2318),#2322);
#2318 = LINE('',#2319,#2320);
#2319 = CARTESIAN_POINT('',(0.,0.));
#2320 = VECTOR('',#2321,1.);
#2321 = DIRECTION('',(0.,-1.));
#2322 = ( GEOMETRIC_REPRESENTATION_CONTEXT(2) 
PARAMETRIC_REPRESENTATION_CONTEXT() REPRESENTATION_CONTEXT('2D SPACE',''
  ) );
#2323 = ORIENTED_EDGE('',*,*,#2324,.F.);
#2324 = EDGE_CURVE('',#2225,#2302,#2325,.T.);
#2325 = SURFACE_CURVE('',#2326,(#2330,#2337),.PCURVE_S1.);
#2326 = LINE('',#2327,#2328);
#2327 = CARTESIAN_POINT('',(44.803828532667,24.673234967809,0.));
#2328 = VECTOR('',#2329,1.);
#2329 = DIRECTION('',(-0.707106781187,0.707106781187,0.));
#2330 = PCURVE('',#2240,#2331);
#2331 = DEFINITIONAL_REPRESENTATION('',(#2332),#2336);
#2332 = LINE('',#2333,#2334);
#2333 = CARTESIAN_POINT('',(0.,0.));
#2334 = VECTOR('',#2335,1.);
#2335 = DIRECTION('',(1.,0.));
#2336 = ( GEOMETRIC_REPRESENTATION_CONTEXT(2) 
PARAMETRIC_REPRESENTATION_CONTEXT() REPRESENTATION_CONTEXT('2D SPACE',''
  ) );
#2337 = PCURVE('',#2104,#2338);
#2338 = DEFINITIONAL_REPRESENTATION('',(#2339),#2343);
#2339 = LINE('',#2340,#2341);
#2340 = CARTESIAN_POINT('',(-4.296105972031,-0.79609575927));
#2341 = VECTOR('',#2342,1.);
#2342 = DIRECTION('',(-0.707106781187,0.707106781187));
#2343 = ( GEOMETRIC_REPRESENTATION_CONTEXT(2) 
PARAMETRIC_REPRESENTATION_CONTEXT() REPRESENTATION_CONTEXT('2D SPACE',''
  ) );
#2344 = ADVANCED_FACE('',(#2345),#2016,.T.);
#2345 = FACE_BOUND('',#2346,.T.);
#2346 = EDGE_LOOP('',(#2347,#2348,#2374,#2375));
#2347 = ORIENTED_EDGE('',*,*,#2301,.T.);
#2348 = ORIENTED_EDGE('',*,*,#2349,.T.);
#2349 = EDGE_CURVE('',#2279,#1996,#2350,.T.);
#2350 = SURFACE_CURVE('',#2351,(#2356,#2363),.PCURVE_S1.);
#2351 = CIRCLE('',#2352,20.990003228653);
#2352 = AXIS2_PLACEMENT_3D('',#2353,#2354,#2355);
#2353 = CARTESIAN_POINT('',(57.756911102356,8.922616271724,2.));
#2354 = DIRECTION('',(0.,0.,-1.));
#2355 = DIRECTION('',(-0.637319894269,0.770599346203,0.));
#2356 = PCURVE('',#2016,#2357);
#2357 = DEFINITIONAL_REPRESENTATION('',(#2358),#2362);
#2358 = LINE('',#2359,#2360);
#2359 = CARTESIAN_POINT('',(0.,-2.));
#2360 = VECTOR('',#2361,1.);
#2361 = DIRECTION('',(1.,0.));
#2362 = ( GEOMETRIC_REPRESENTATION_CONTEXT(2) 
PARAMETRIC_REPRESENTATION_CONTEXT() REPRESENTATION_CONTEXT('2D SPACE',''
  ) );
#2363 = PCURVE('',#2045,#2364);
#2364 = DEFINITIONAL_REPRESENTATION('',(#2365),#2373);
#2365 = ( BOUNDED_CURVE() B_SPLINE_CURVE(2,(#2366,#2367,#2368,#2369,
#2370,#2371,#2372),.UNSPECIFIED.,.T.,.F.) B_SPLINE_CURVE_WITH_KNOTS((1,2
    ,2,2,2,1),(-2.094395102393,0.,2.094395102393,4.188790204786,
6.28318530718,8.377580409573),.UNSPECIFIED.) CURVE() 
GEOMETRIC_REPRESENTATION_ITEM() RATIONAL_B_SPLINE_CURVE((1.,0.5,1.,0.5,
1.,0.5,1.)) REPRESENTATION_ITEM('') );
#2366 = CARTESIAN_POINT('',(-4.720370040743,-0.371831690559));
#2367 = CARTESIAN_POINT('',(23.295348714355,22.798412357613));
#2368 = CARTESIAN_POINT('',(29.353509294408,-13.04903381366));
#2369 = CARTESIAN_POINT('',(35.411669874461,-48.89647998494));
#2370 = CARTESIAN_POINT('',(1.33779053931,-36.21927786183));
#2371 = CARTESIAN_POINT('',(-32.73608879584,-23.54207573873));
#2372 = CARTESIAN_POINT('',(-4.720370040743,-0.371831690559));
#2373 = ( GEOMETRIC_REPRESENTATION_CONTEXT(2) 
PARAMETRIC_REPRESENTATION_CONTEXT() REPRESENTATION_CONTEXT('2D SPACE',''
  ) );
#2374 = ORIENTED_EDGE('',*,*,#1993,.F.);
#2375 = ORIENTED_EDGE('',*,*,#2376,.F.);
#2376 = EDGE_CURVE('',#2302,#1994,#2377,.T.);
#2377 = SURFACE_CURVE('',#2378,(#2383,#2390),.PCURVE_S1.);
#2378 = CIRCLE('',#2379,20.990003228653);
#2379 = AXIS2_PLACEMENT_3D('',#2380,#2381,#2382);
#2380 = CARTESIAN_POINT('',(57.756911102356,8.922616271724,0.));
#2381 = DIRECTION('',(0.,0.,-1.));
#2382 = DIRECTION('',(-0.637319894269,0.770599346203,0.));
#2383 = PCURVE('',#2016,#2384);
#2384 = DEFINITIONAL_REPRESENTATION('',(#2385),#2389);
#2385 = LINE('',#2386,#2387);
#2386 = CARTESIAN_POINT('',(0.,0.));
#2387 = VECTOR('',#2388,1.);
#2388 = DIRECTION('',(1.,0.));
#2389 = ( GEOMETRIC_REPRESENTATION_CONTEXT(2) 
PARAMETRIC_REPRESENTATION_CONTEXT() REPRESENTATION_CONTEXT('2D SPACE',''
  ) );
#2390 = PCURVE('',#2104,#2391);
#2391 = DEFINITIONAL_REPRESENTATION('',(#2392),#2400);
#2392 = ( BOUNDED_CURVE() B_SPLINE_CURVE(2,(#2393,#2394,#2395,#2396,
#2397,#2398,#2399),.UNSPECIFIED.,.T.,.F.) B_SPLINE_CURVE_WITH_KNOTS((1,2
    ,2,2,2,1),(-2.094395102393,0.,2.094395102393,4.188790204786,
6.28318530718,8.377580409573),.UNSPECIFIED.) CURVE() 
GEOMETRIC_REPRESENTATION_ITEM() RATIONAL_B_SPLINE_CURVE((1.,0.5,1.,0.5,
1.,0.5,1.)) REPRESENTATION_ITEM('') );
#2393 = CARTESIAN_POINT('',(-4.720370040743,-0.371831690559));
#2394 = CARTESIAN_POINT('',(23.295348714355,22.798412357613));
#2395 = CARTESIAN_POINT('',(29.353509294408,-13.04903381366));
#2396 = CARTESIAN_POINT('',(35.411669874461,-48.89647998494));
#2397 = CARTESIAN_POINT('',(1.33779053931,-36.21927786183));
#2398 = CARTESIAN_POINT('',(-32.73608879584,-23.54207573873));
#2399 = CARTESIAN_POINT('',(-4.720370040743,-0.371831690559));
#2400 = ( GEOMETRIC_REPRESENTATION_CONTEXT(2) 
PARAMETRIC_REPRESENTATION_CONTEXT() REPRESENTATION_CONTEXT('2D SPACE',''
  ) );
#2401 = ADVANCED_FACE('',(#2402),#2104,.F.);
#2402 = FACE_BOUND('',#2403,.T.);
#2403 = EDGE_LOOP('',(#2404,#2405,#2406,#2407,#2408));
#2404 = ORIENTED_EDGE('',*,*,#2089,.T.);
#2405 = ORIENTED_EDGE('',*,*,#2175,.T.);
#2406 = ORIENTED_EDGE('',*,*,#2252,.T.);
#2407 = ORIENTED_EDGE('',*,*,#2324,.T.);
#2408 = ORIENTED_EDGE('',*,*,#2376,.T.);
#2409 = ADVANCED_FACE('',(#2410),#2045,.T.);
#2410 = FACE_BOUND('',#2411,.F.);
#2411 = EDGE_LOOP('',(#2412,#2413,#2414,#2415,#2416));
#2412 = ORIENTED_EDGE('',*,*,#2028,.T.);
#2413 = ORIENTED_EDGE('',*,*,#2124,.T.);
#2414 = ORIENTED_EDGE('',*,*,#2200,.T.);
#2415 = ORIENTED_EDGE('',*,*,#2278,.T.);
#2416 = ORIENTED_EDGE('',*,*,#2349,.T.);
#2417 = ( GEOMETRIC_REPRESENTATION_CONTEXT(3) 
GLOBAL_UNCERTAINTY_ASSIGNED_CONTEXT((#2421)) 
GLOBAL_UNIT_ASSIGNED_CONTEXT((#2418,#2419,#2420)) REPRESENTATION_CONTEXT
('Context #1','3D Context with UNIT and UNCERTAINTY') );
#2418 = ( LENGTH_UNIT() NAMED_UNIT(*) SI_UNIT(.MILLI.,.METRE.) );
#2419 = ( NAMED_UNIT(*) PLANE_ANGLE_UNIT() SI_UNIT($,.RADIAN.) );
#2420 = ( NAMED_UNIT(*) SI_UNIT($,.STERADIAN.) SOLID_ANGLE_UNIT() );
#2421 = UNCERTAINTY_MEASURE_WITH_UNIT(LENGTH_MEASURE(1.E-07),#2418,
  'distance_accuracy_value','confusion accuracy');
#2422 = PRODUCT_RELATED_PRODUCT_CATEGORY('part',$,(#1573));
#2423 = SHAPE_DEFINITION_REPRESENTATION(#2424,#2430);
#2424 = PRODUCT_DEFINITION_SHAPE('','',#2425);
#2425 = PRODUCT_DEFINITION('design','',#2426,#2429);
#2426 = PRODUCT_DEFINITION_FORMATION('','',#2427);
#2427 = PRODUCT('name','name','',(#2428));
#2428 = PRODUCT_CONTEXT('',#2,'mechanical');
#2429 = PRODUCT_DEFINITION_CONTEXT('part definition',#2,'design');
#2430 = SHAPE_REPRESENTATION('',(#11,#2431,#3420,#4376,#5645,#7081,#8303
    ,#9560,#10192,#11171,#11464,#12502,#13894),#14760);
#2431 = MANIFOLD_SOLID_BREP('',#2432);
#2432 = CLOSED_SHELL('',(#2433,#2915,#2998,#3089,#3136,#3254,#3325,#3396
    ,#3408));
#2433 = ADVANCED_FACE('',(#2434),#2448,.F.);
#2434 = FACE_BOUND('',#2435,.F.);
#2435 = EDGE_LOOP('',(#2436,#2545,#2717,#2745));
#2436 = ORIENTED_EDGE('',*,*,#2437,.T.);
#2437 = EDGE_CURVE('',#2438,#2440,#2442,.T.);
#2438 = VERTEX_POINT('',#2439);
#2439 = CARTESIAN_POINT('',(109.92249819221,7.57565745879,0.));
#2440 = VERTEX_POINT('',#2441);
#2441 = CARTESIAN_POINT('',(109.92249819221,7.57565745879,2.));
#2442 = SURFACE_CURVE('',#2443,(#2447,#2533),.PCURVE_S1.);
#2443 = LINE('',#2444,#2445);
#2444 = CARTESIAN_POINT('',(109.92249819221,7.57565745879,0.));
#2445 = VECTOR('',#2446,1.);
#2446 = DIRECTION('',(0.,0.,1.));
#2447 = PCURVE('',#2448,#2527);
#2448 = SURFACE_OF_LINEAR_EXTRUSION('',#2449,#2525);
#2449 = B_SPLINE_CURVE_WITH_KNOTS('',8,(#2450,#2451,#2452,#2453,#2454,
    #2455,#2456,#2457,#2458,#2459,#2460,#2461,#2462,#2463,#2464,#2465,
    #2466,#2467,#2468,#2469,#2470,#2471,#2472,#2473,#2474,#2475,#2476,
    #2477,#2478,#2479,#2480,#2481,#2482,#2483,#2484,#2485,#2486,#2487,
    #2488,#2489,#2490,#2491,#2492,#2493,#2494,#2495,#2496,#2497,#2498,
    #2499,#2500,#2501,#2502,#2503,#2504,#2505,#2506,#2507,#2508,#2509,
    #2510,#2511,#2512,#2513,#2514,#2515,#2516,#2517,#2518,#2519,#2520,
    #2521,#2522,#2523,#2524),.UNSPECIFIED.,.F.,.F.,(9,6,6,6,6,6,6,6,6,6,
    6,6,9),(0.,8.804475853291E-02,0.16828996776,0.245772273976,
    0.335616562303,0.417760141322,0.494597955713,0.582415922485,
    0.671932065409,0.748998776176,0.827789359876,0.915500473052,1.),
  .UNSPECIFIED.);
#2450 = CARTESIAN_POINT('',(109.92249819221,7.57565745879,0.));
#2451 = CARTESIAN_POINT('',(110.0425368384,7.636504352769,0.));
#2452 = CARTESIAN_POINT('',(109.86197005229,8.805896003417,0.));
#2453 = CARTESIAN_POINT('',(110.1806852997,7.264926334142,0.));
#2454 = CARTESIAN_POINT('',(109.83349345948,9.851122388143,0.));
#2455 = CARTESIAN_POINT('',(110.11585336492,8.283652169059,0.));
#2456 = CARTESIAN_POINT('',(109.95891260824,9.448145393779,0.));
#2457 = CARTESIAN_POINT('',(109.97910478622,9.60974485037,0.));
#2458 = CARTESIAN_POINT('',(109.81098246735,10.446820399911,0.));
#2459 = CARTESIAN_POINT('',(109.85816393172,10.272035523754,0.));
#2460 = CARTESIAN_POINT('',(109.59082076201,11.138216662049,0.));
#2461 = CARTESIAN_POINT('',(109.68307451251,10.845557485327,0.));
#2462 = CARTESIAN_POINT('',(109.46617800571,11.334048990044,0.));
#2463 = CARTESIAN_POINT('',(109.259680232,11.663280942655,0.));
#2464 = CARTESIAN_POINT('',(108.88547113253,12.132465338313,0.));
#2465 = CARTESIAN_POINT('',(108.77185469818,12.200073684958,0.));
#2466 = CARTESIAN_POINT('',(108.48682764984,12.499003532196,0.));
#2467 = CARTESIAN_POINT('',(108.3596059267,12.531787344726,0.));
#2468 = CARTESIAN_POINT('',(108.10561163817,12.698593827174,0.));
#2469 = CARTESIAN_POINT('',(107.63358894772,12.904050941641,0.));
#2470 = CARTESIAN_POINT('',(107.10215680718,13.056664902565,0.));
#2471 = CARTESIAN_POINT('',(106.83729476624,13.090411568199,0.));
#2472 = CARTESIAN_POINT('',(106.52667731551,13.147167906937,0.));
#2473 = CARTESIAN_POINT('',(106.25928594785,13.139446756652,0.));
#2474 = CARTESIAN_POINT('',(105.96353347637,13.151117668699,0.));
#2475 = CARTESIAN_POINT('',(105.41767035325,13.121118500669,0.));
#2476 = CARTESIAN_POINT('',(104.87413428543,13.028329850802,0.));
#2477 = CARTESIAN_POINT('',(104.6215356654,12.963607834148,0.));
#2478 = CARTESIAN_POINT('',(104.36693521961,12.885002809502,0.));
#2479 = CARTESIAN_POINT('',(104.12689525409,12.781795362631,0.));
#2480 = CARTESIAN_POINT('',(103.89128337481,12.65963857593,0.));
#2481 = CARTESIAN_POINT('',(103.46492268896,12.383895909661,0.));
#2482 = CARTESIAN_POINT('',(103.08952984744,12.038473221833,0.));
#2483 = CARTESIAN_POINT('',(102.92575069116,11.858604583596,0.));
#2484 = CARTESIAN_POINT('',(102.76836105249,11.66137328172,0.));
#2485 = CARTESIAN_POINT('',(102.63501971332,11.461512258514,0.));
#2486 = CARTESIAN_POINT('',(102.51125859497,11.244713208128,0.));
#2487 = CARTESIAN_POINT('',(102.28360131294,10.772634911367,0.));
#2488 = CARTESIAN_POINT('',(102.11991609752,10.270062616745,0.));
#2489 = CARTESIAN_POINT('',(102.05220855801,10.000975158199,0.));
#2490 = CARTESIAN_POINT('',(101.99668477311,9.719978614611,0.));
#2491 = CARTESIAN_POINT('',(101.95994823469,9.446773626881,0.));
#2492 = CARTESIAN_POINT('',(101.93246641658,9.165125585331,0.));
#2493 = CARTESIAN_POINT('',(101.90355916609,8.601067388721,0.));
#2494 = CARTESIAN_POINT('',(101.91452777588,8.034414708471,0.));
#2495 = CARTESIAN_POINT('',(101.93358762833,7.749988511318,0.));
#2496 = CARTESIAN_POINT('',(101.96419058702,7.464872823667,0.));
#2497 = CARTESIAN_POINT('',(102.01289893752,7.182248738262,0.));
#2498 = CARTESIAN_POINT('',(102.07605772715,6.903783156725,0.));
#2499 = CARTESIAN_POINT('',(102.23209019804,6.393068525533,0.));
#2500 = CARTESIAN_POINT('',(102.45513869181,5.911578599078,0.));
#2501 = CARTESIAN_POINT('',(102.57802198009,5.691925882876,0.));
#2502 = CARTESIAN_POINT('',(102.70487806075,5.49288653603,0.));
#2503 = CARTESIAN_POINT('',(102.86629882448,5.287557320507,0.));
#2504 = CARTESIAN_POINT('',(103.02388575578,5.110522181297,0.));
#2505 = CARTESIAN_POINT('',(103.39074045315,4.762364242685,0.));
#2506 = CARTESIAN_POINT('',(103.79004040218,4.479125683892,0.));
#2507 = CARTESIAN_POINT('',(104.02582101624,4.340639334173,0.));
#2508 = CARTESIAN_POINT('',(104.21057375666,4.242308687192,0.));
#2509 = CARTESIAN_POINT('',(104.49094945341,4.127549396347,0.));
#2510 = CARTESIAN_POINT('',(104.69519753015,4.053383244382,0.));
#2511 = CARTESIAN_POINT('',(105.23082513181,3.899432081676,0.));
#2512 = CARTESIAN_POINT('',(105.72426036152,3.814307751406,0.));
#2513 = CARTESIAN_POINT('',(106.07218842493,3.768266347656,0.));
#2514 = CARTESIAN_POINT('',(106.21430446135,3.769662043954,0.));
#2515 = CARTESIAN_POINT('',(106.64989805842,3.73288177986,0.));
#2516 = CARTESIAN_POINT('',(106.82518388398,3.756187614477,0.));
#2517 = CARTESIAN_POINT('',(107.44766445681,3.754469731383,0.));
#2518 = CARTESIAN_POINT('',(107.91317553372,3.797894774429,0.));
#2519 = CARTESIAN_POINT('',(108.38696449852,3.776423703358,0.));
#2520 = CARTESIAN_POINT('',(108.20890085473,3.879563537963,0.));
#2521 = CARTESIAN_POINT('',(109.04658837589,3.793456449253,0.));
#2522 = CARTESIAN_POINT('',(108.85616841158,3.963284127184,0.));
#2523 = CARTESIAN_POINT('',(109.34919615124,3.906011877505,0.));
#2524 = CARTESIAN_POINT('',(109.55452979371,4.008008829581,0.));
#2525 = VECTOR('',#2526,1.);
#2526 = DIRECTION('',(-0.,-0.,-1.));
#2527 = DEFINITIONAL_REPRESENTATION('',(#2528),#2532);
#2528 = LINE('',#2529,#2530);
#2529 = CARTESIAN_POINT('',(0.,0.));
#2530 = VECTOR('',#2531,1.);
#2531 = DIRECTION('',(0.,-1.));
#2532 = ( GEOMETRIC_REPRESENTATION_CONTEXT(2) 
PARAMETRIC_REPRESENTATION_CONTEXT() REPRESENTATION_CONTEXT('2D SPACE',''
  ) );
#2533 = PCURVE('',#2534,#2539);
#2534 = PLANE('',#2535);
#2535 = AXIS2_PLACEMENT_3D('',#2536,#2537,#2538);
#2536 = CARTESIAN_POINT('',(104.06088884438,7.57565745879,0.));
#2537 = DIRECTION('',(0.,1.,0.));
#2538 = DIRECTION('',(1.,0.,0.));
#2539 = DEFINITIONAL_REPRESENTATION('',(#2540),#2544);
#2540 = LINE('',#2541,#2542);
#2541 = CARTESIAN_POINT('',(5.861609347827,0.));
#2542 = VECTOR('',#2543,1.);
#2543 = DIRECTION('',(0.,-1.));
#2544 = ( GEOMETRIC_REPRESENTATION_CONTEXT(2) 
PARAMETRIC_REPRESENTATION_CONTEXT() REPRESENTATION_CONTEXT('2D SPACE',''
  ) );
#2545 = ORIENTED_EDGE('',*,*,#2546,.T.);
#2546 = EDGE_CURVE('',#2440,#2547,#2549,.T.);
#2547 = VERTEX_POINT('',#2548);
#2548 = CARTESIAN_POINT('',(109.55452979371,4.008008829581,2.));
#2549 = SURFACE_CURVE('',#2550,(#2626,#2633),.PCURVE_S1.);
#2550 = B_SPLINE_CURVE_WITH_KNOTS('',8,(#2551,#2552,#2553,#2554,#2555,
    #2556,#2557,#2558,#2559,#2560,#2561,#2562,#2563,#2564,#2565,#2566,
    #2567,#2568,#2569,#2570,#2571,#2572,#2573,#2574,#2575,#2576,#2577,
    #2578,#2579,#2580,#2581,#2582,#2583,#2584,#2585,#2586,#2587,#2588,
    #2589,#2590,#2591,#2592,#2593,#2594,#2595,#2596,#2597,#2598,#2599,
    #2600,#2601,#2602,#2603,#2604,#2605,#2606,#2607,#2608,#2609,#2610,
    #2611,#2612,#2613,#2614,#2615,#2616,#2617,#2618,#2619,#2620,#2621,
    #2622,#2623,#2624,#2625),.UNSPECIFIED.,.F.,.F.,(9,6,6,6,6,6,6,6,6,6,
    6,6,9),(0.,8.804475853291E-02,0.16828996776,0.245772273976,
    0.335616562303,0.417760141322,0.494597955713,0.582415922485,
    0.671932065409,0.748998776176,0.827789359876,0.915500473052,1.),
  .UNSPECIFIED.);
#2551 = CARTESIAN_POINT('',(109.92249819221,7.57565745879,2.));
#2552 = CARTESIAN_POINT('',(110.0425368384,7.636504352769,2.));
#2553 = CARTESIAN_POINT('',(109.86197005229,8.805896003417,2.));
#2554 = CARTESIAN_POINT('',(110.1806852997,7.264926334142,2.));
#2555 = CARTESIAN_POINT('',(109.83349345948,9.851122388143,2.));
#2556 = CARTESIAN_POINT('',(110.11585336492,8.283652169059,2.));
#2557 = CARTESIAN_POINT('',(109.95891260824,9.448145393779,2.));
#2558 = CARTESIAN_POINT('',(109.97910478622,9.60974485037,2.));
#2559 = CARTESIAN_POINT('',(109.81098246735,10.446820399911,2.));
#2560 = CARTESIAN_POINT('',(109.85816393172,10.272035523754,2.));
#2561 = CARTESIAN_POINT('',(109.59082076201,11.138216662049,2.));
#2562 = CARTESIAN_POINT('',(109.68307451251,10.845557485327,2.));
#2563 = CARTESIAN_POINT('',(109.46617800571,11.334048990044,2.));
#2564 = CARTESIAN_POINT('',(109.259680232,11.663280942655,2.));
#2565 = CARTESIAN_POINT('',(108.88547113253,12.132465338313,2.));
#2566 = CARTESIAN_POINT('',(108.77185469818,12.200073684958,2.));
#2567 = CARTESIAN_POINT('',(108.48682764984,12.499003532196,2.));
#2568 = CARTESIAN_POINT('',(108.3596059267,12.531787344726,2.));
#2569 = CARTESIAN_POINT('',(108.10561163817,12.698593827174,2.));
#2570 = CARTESIAN_POINT('',(107.63358894772,12.904050941641,2.));
#2571 = CARTESIAN_POINT('',(107.10215680718,13.056664902565,2.));
#2572 = CARTESIAN_POINT('',(106.83729476624,13.090411568199,2.));
#2573 = CARTESIAN_POINT('',(106.52667731551,13.147167906937,2.));
#2574 = CARTESIAN_POINT('',(106.25928594785,13.139446756652,2.));
#2575 = CARTESIAN_POINT('',(105.96353347637,13.151117668699,2.));
#2576 = CARTESIAN_POINT('',(105.41767035325,13.121118500669,2.));
#2577 = CARTESIAN_POINT('',(104.87413428543,13.028329850802,2.));
#2578 = CARTESIAN_POINT('',(104.6215356654,12.963607834148,2.));
#2579 = CARTESIAN_POINT('',(104.36693521961,12.885002809502,2.));
#2580 = CARTESIAN_POINT('',(104.12689525409,12.781795362631,2.));
#2581 = CARTESIAN_POINT('',(103.89128337481,12.65963857593,2.));
#2582 = CARTESIAN_POINT('',(103.46492268896,12.383895909661,2.));
#2583 = CARTESIAN_POINT('',(103.08952984744,12.038473221833,2.));
#2584 = CARTESIAN_POINT('',(102.92575069116,11.858604583596,2.));
#2585 = CARTESIAN_POINT('',(102.76836105249,11.66137328172,2.));
#2586 = CARTESIAN_POINT('',(102.63501971332,11.461512258514,2.));
#2587 = CARTESIAN_POINT('',(102.51125859497,11.244713208128,2.));
#2588 = CARTESIAN_POINT('',(102.28360131294,10.772634911367,2.));
#2589 = CARTESIAN_POINT('',(102.11991609752,10.270062616745,2.));
#2590 = CARTESIAN_POINT('',(102.05220855801,10.000975158199,2.));
#2591 = CARTESIAN_POINT('',(101.99668477311,9.719978614611,2.));
#2592 = CARTESIAN_POINT('',(101.95994823469,9.446773626881,2.));
#2593 = CARTESIAN_POINT('',(101.93246641658,9.165125585331,2.));
#2594 = CARTESIAN_POINT('',(101.90355916609,8.601067388721,2.));
#2595 = CARTESIAN_POINT('',(101.91452777588,8.034414708471,2.));
#2596 = CARTESIAN_POINT('',(101.93358762833,7.749988511318,2.));
#2597 = CARTESIAN_POINT('',(101.96419058702,7.464872823667,2.));
#2598 = CARTESIAN_POINT('',(102.01289893752,7.182248738262,2.));
#2599 = CARTESIAN_POINT('',(102.07605772715,6.903783156725,2.));
#2600 = CARTESIAN_POINT('',(102.23209019804,6.393068525533,2.));
#2601 = CARTESIAN_POINT('',(102.45513869181,5.911578599078,2.));
#2602 = CARTESIAN_POINT('',(102.57802198009,5.691925882876,2.));
#2603 = CARTESIAN_POINT('',(102.70487806075,5.49288653603,2.));
#2604 = CARTESIAN_POINT('',(102.86629882448,5.287557320507,2.));
#2605 = CARTESIAN_POINT('',(103.02388575578,5.110522181297,2.));
#2606 = CARTESIAN_POINT('',(103.39074045315,4.762364242685,2.));
#2607 = CARTESIAN_POINT('',(103.79004040218,4.479125683892,2.));
#2608 = CARTESIAN_POINT('',(104.02582101624,4.340639334173,2.));
#2609 = CARTESIAN_POINT('',(104.21057375666,4.242308687192,2.));
#2610 = CARTESIAN_POINT('',(104.49094945341,4.127549396347,2.));
#2611 = CARTESIAN_POINT('',(104.69519753015,4.053383244382,2.));
#2612 = CARTESIAN_POINT('',(105.23082513181,3.899432081676,2.));
#2613 = CARTESIAN_POINT('',(105.72426036152,3.814307751406,2.));
#2614 = CARTESIAN_POINT('',(106.07218842493,3.768266347656,2.));
#2615 = CARTESIAN_POINT('',(106.21430446135,3.769662043954,2.));
#2616 = CARTESIAN_POINT('',(106.64989805842,3.73288177986,2.));
#2617 = CARTESIAN_POINT('',(106.82518388398,3.756187614477,2.));
#2618 = CARTESIAN_POINT('',(107.44766445681,3.754469731383,2.));
#2619 = CARTESIAN_POINT('',(107.91317553372,3.797894774429,2.));
#2620 = CARTESIAN_POINT('',(108.38696449852,3.776423703358,2.));
#2621 = CARTESIAN_POINT('',(108.20890085473,3.879563537963,2.));
#2622 = CARTESIAN_POINT('',(109.04658837589,3.793456449253,2.));
#2623 = CARTESIAN_POINT('',(108.85616841158,3.963284127184,2.));
#2624 = CARTESIAN_POINT('',(109.34919615124,3.906011877505,2.));
#2625 = CARTESIAN_POINT('',(109.55452979371,4.008008829581,2.));
#2626 = PCURVE('',#2448,#2627);
#2627 = DEFINITIONAL_REPRESENTATION('',(#2628),#2632);
#2628 = LINE('',#2629,#2630);
#2629 = CARTESIAN_POINT('',(0.,-2.));
#2630 = VECTOR('',#2631,1.);
#2631 = DIRECTION('',(1.,0.));
#2632 = ( GEOMETRIC_REPRESENTATION_CONTEXT(2) 
PARAMETRIC_REPRESENTATION_CONTEXT() REPRESENTATION_CONTEXT('2D SPACE',''
  ) );
#2633 = PCURVE('',#2634,#2639);
#2634 = PLANE('',#2635);
#2635 = AXIS2_PLACEMENT_3D('',#2636,#2637,#2638);
#2636 = CARTESIAN_POINT('',(106.15574469128,7.9176113592,2.));
#2637 = DIRECTION('',(0.,0.,1.));
#2638 = DIRECTION('',(1.,0.,-0.));
#2639 = DEFINITIONAL_REPRESENTATION('',(#2640),#2716);
#2640 = B_SPLINE_CURVE_WITH_KNOTS('',8,(#2641,#2642,#2643,#2644,#2645,
    #2646,#2647,#2648,#2649,#2650,#2651,#2652,#2653,#2654,#2655,#2656,
    #2657,#2658,#2659,#2660,#2661,#2662,#2663,#2664,#2665,#2666,#2667,
    #2668,#2669,#2670,#2671,#2672,#2673,#2674,#2675,#2676,#2677,#2678,
    #2679,#2680,#2681,#2682,#2683,#2684,#2685,#2686,#2687,#2688,#2689,
    #2690,#2691,#2692,#2693,#2694,#2695,#2696,#2697,#2698,#2699,#2700,
    #2701,#2702,#2703,#2704,#2705,#2706,#2707,#2708,#2709,#2710,#2711,
    #2712,#2713,#2714,#2715),.UNSPECIFIED.,.F.,.F.,(9,6,6,6,6,6,6,6,6,6,
    6,6,9),(0.,8.804475853291E-02,0.16828996776,0.245772273976,
    0.335616562303,0.417760141322,0.494597955713,0.582415922485,
    0.671932065409,0.748998776176,0.827789359876,0.915500473052,1.),
  .UNSPECIFIED.);
#2641 = CARTESIAN_POINT('',(3.766753500929,-0.34195390041));
#2642 = CARTESIAN_POINT('',(3.886792147123,-0.281107006431));
#2643 = CARTESIAN_POINT('',(3.706225361014,0.888284644216));
#2644 = CARTESIAN_POINT('',(4.024940608415,-0.652685025059));
#2645 = CARTESIAN_POINT('',(3.677748768199,1.933511028942));
#2646 = CARTESIAN_POINT('',(3.960108673638,0.366040809859));
#2647 = CARTESIAN_POINT('',(3.803167916957,1.530534034578));
#2648 = CARTESIAN_POINT('',(3.823360094937,1.69213349117));
#2649 = CARTESIAN_POINT('',(3.655237776068,2.529209040711));
#2650 = CARTESIAN_POINT('',(3.702419240437,2.354424164554));
#2651 = CARTESIAN_POINT('',(3.435076070725,3.220605302849));
#2652 = CARTESIAN_POINT('',(3.527329821227,2.927946126127));
#2653 = CARTESIAN_POINT('',(3.310433314426,3.416437630844));
#2654 = CARTESIAN_POINT('',(3.103935540719,3.745669583454));
#2655 = CARTESIAN_POINT('',(2.729726441254,4.214853979113));
#2656 = CARTESIAN_POINT('',(2.616110006898,4.282462325757));
#2657 = CARTESIAN_POINT('',(2.331082958563,4.581392172996));
#2658 = CARTESIAN_POINT('',(2.203861235418,4.614175985525));
#2659 = CARTESIAN_POINT('',(1.949866946893,4.780982467973));
#2660 = CARTESIAN_POINT('',(1.477844256444,4.98643958244));
#2661 = CARTESIAN_POINT('',(0.946412115904,5.139053543364));
#2662 = CARTESIAN_POINT('',(0.681550074958,5.172800208999));
#2663 = CARTESIAN_POINT('',(0.370932624232,5.229556547736));
#2664 = CARTESIAN_POINT('',(0.103541256569,5.221835397452));
#2665 = CARTESIAN_POINT('',(-0.192211214913,5.233506309498));
#2666 = CARTESIAN_POINT('',(-0.738074338032,5.203507141468));
#2667 = CARTESIAN_POINT('',(-1.281610405848,5.110718491601));
#2668 = CARTESIAN_POINT('',(-1.534209025878,5.045996474947));
#2669 = CARTESIAN_POINT('',(-1.78880947167,4.967391450302));
#2670 = CARTESIAN_POINT('',(-2.028849437186,4.86418400343));
#2671 = CARTESIAN_POINT('',(-2.264461316473,4.74202721673));
#2672 = CARTESIAN_POINT('',(-2.690822002319,4.46628455046));
#2673 = CARTESIAN_POINT('',(-3.066214843841,4.120861862632));
#2674 = CARTESIAN_POINT('',(-3.229994000125,3.940993224395));
#2675 = CARTESIAN_POINT('',(-3.387383638794,3.743761922519));
#2676 = CARTESIAN_POINT('',(-3.520724977961,3.543900899314));
#2677 = CARTESIAN_POINT('',(-3.644486096313,3.327101848928));
#2678 = CARTESIAN_POINT('',(-3.872143378338,2.855023552167));
#2679 = CARTESIAN_POINT('',(-4.035828593759,2.352451257545));
#2680 = CARTESIAN_POINT('',(-4.103536133273,2.083363798998));
#2681 = CARTESIAN_POINT('',(-4.159059918172,1.802367255411));
#2682 = CARTESIAN_POINT('',(-4.19579645659,1.529162267681));
#2683 = CARTESIAN_POINT('',(-4.223278274698,1.24751422613));
#2684 = CARTESIAN_POINT('',(-4.252185525191,0.683456029521));
#2685 = CARTESIAN_POINT('',(-4.2412169154,0.11680334927));
#2686 = CARTESIAN_POINT('',(-4.22215706295,-0.167622847883));
#2687 = CARTESIAN_POINT('',(-4.191554104259,-0.452738535534));
#2688 = CARTESIAN_POINT('',(-4.142845753763,-0.735362620938));
#2689 = CARTESIAN_POINT('',(-4.079686964133,-1.013828202476));
#2690 = CARTESIAN_POINT('',(-3.923654493244,-1.524542833668));
#2691 = CARTESIAN_POINT('',(-3.70060599947,-2.006032760123));
#2692 = CARTESIAN_POINT('',(-3.577722711195,-2.225685476324));
#2693 = CARTESIAN_POINT('',(-3.450866630528,-2.424724823171));
#2694 = CARTESIAN_POINT('',(-3.289445866796,-2.630054038693));
#2695 = CARTESIAN_POINT('',(-3.131858935499,-2.807089177904));
#2696 = CARTESIAN_POINT('',(-2.76500423813,-3.155247116516));
#2697 = CARTESIAN_POINT('',(-2.365704289103,-3.438485675308));
#2698 = CARTESIAN_POINT('',(-2.129923675037,-3.576972025027));
#2699 = CARTESIAN_POINT('',(-1.945170934619,-3.675302672008));
#2700 = CARTESIAN_POINT('',(-1.664795237874,-3.790061962854));
#2701 = CARTESIAN_POINT('',(-1.460547161128,-3.864228114819));
#2702 = CARTESIAN_POINT('',(-0.924919559473,-4.018179277525));
#2703 = CARTESIAN_POINT('',(-0.431484329762,-4.103303607794));
#2704 = CARTESIAN_POINT('',(-8.355626635495E-02,-4.149345011544));
#2705 = CARTESIAN_POINT('',(5.855977006721E-02,-4.147949315247));
#2706 = CARTESIAN_POINT('',(0.49415336714,-4.18472957934));
#2707 = CARTESIAN_POINT('',(0.669439192703,-4.161423744723));
#2708 = CARTESIAN_POINT('',(1.291919765525,-4.163141627817));
#2709 = CARTESIAN_POINT('',(1.757430842441,-4.119716584771));
#2710 = CARTESIAN_POINT('',(2.231219807236,-4.141187655842));
#2711 = CARTESIAN_POINT('',(2.053156163448,-4.038047821237));
#2712 = CARTESIAN_POINT('',(2.890843684605,-4.124154909947));
#2713 = CARTESIAN_POINT('',(2.700423720298,-3.954327232016));
#2714 = CARTESIAN_POINT('',(3.193451459956,-4.011599481695));
#2715 = CARTESIAN_POINT('',(3.398785102426,-3.909602529619));
#2716 = ( GEOMETRIC_REPRESENTATION_CONTEXT(2) 
PARAMETRIC_REPRESENTATION_CONTEXT() REPRESENTATION_CONTEXT('2D SPACE',''
  ) );
#2717 = ORIENTED_EDGE('',*,*,#2718,.F.);
#2718 = EDGE_CURVE('',#2719,#2547,#2721,.T.);
#2719 = VERTEX_POINT('',#2720);
#2720 = CARTESIAN_POINT('',(109.55452979371,4.008008829581,0.));
#2721 = SURFACE_CURVE('',#2722,(#2726,#2733),.PCURVE_S1.);
#2722 = LINE('',#2723,#2724);
#2723 = CARTESIAN_POINT('',(109.55452979371,4.008008829581,0.));
#2724 = VECTOR('',#2725,1.);
#2725 = DIRECTION('',(0.,0.,1.));
#2726 = PCURVE('',#2448,#2727);
#2727 = DEFINITIONAL_REPRESENTATION('',(#2728),#2732);
#2728 = LINE('',#2729,#2730);
#2729 = CARTESIAN_POINT('',(1.,0.));
#2730 = VECTOR('',#2731,1.);
#2731 = DIRECTION('',(0.,-1.));
#2732 = ( GEOMETRIC_REPRESENTATION_CONTEXT(2) 
PARAMETRIC_REPRESENTATION_CONTEXT() REPRESENTATION_CONTEXT('2D SPACE',''
  ) );
#2733 = PCURVE('',#2734,#2739);
#2734 = PLANE('',#2735);
#2735 = AXIS2_PLACEMENT_3D('',#2736,#2737,#2738);
#2736 = CARTESIAN_POINT('',(109.55452979371,4.008008829581,0.));
#2737 = DIRECTION('',(-0.993565082656,-0.113262644001,0.));
#2738 = DIRECTION('',(-0.113262644001,0.993565082656,0.));
#2739 = DEFINITIONAL_REPRESENTATION('',(#2740),#2744);
#2740 = LINE('',#2741,#2742);
#2741 = CARTESIAN_POINT('',(0.,0.));
#2742 = VECTOR('',#2743,1.);
#2743 = DIRECTION('',(0.,-1.));
#2744 = ( GEOMETRIC_REPRESENTATION_CONTEXT(2) 
PARAMETRIC_REPRESENTATION_CONTEXT() REPRESENTATION_CONTEXT('2D SPACE',''
  ) );
#2745 = ORIENTED_EDGE('',*,*,#2746,.F.);
#2746 = EDGE_CURVE('',#2438,#2719,#2747,.T.);
#2747 = SURFACE_CURVE('',#2748,(#2824,#2831),.PCURVE_S1.);
#2748 = B_SPLINE_CURVE_WITH_KNOTS('',8,(#2749,#2750,#2751,#2752,#2753,
    #2754,#2755,#2756,#2757,#2758,#2759,#2760,#2761,#2762,#2763,#2764,
    #2765,#2766,#2767,#2768,#2769,#2770,#2771,#2772,#2773,#2774,#2775,
    #2776,#2777,#2778,#2779,#2780,#2781,#2782,#2783,#2784,#2785,#2786,
    #2787,#2788,#2789,#2790,#2791,#2792,#2793,#2794,#2795,#2796,#2797,
    #2798,#2799,#2800,#2801,#2802,#2803,#2804,#2805,#2806,#2807,#2808,
    #2809,#2810,#2811,#2812,#2813,#2814,#2815,#2816,#2817,#2818,#2819,
    #2820,#2821,#2822,#2823),.UNSPECIFIED.,.F.,.F.,(9,6,6,6,6,6,6,6,6,6,
    6,6,9),(0.,8.804475853291E-02,0.16828996776,0.245772273976,
    0.335616562303,0.417760141322,0.494597955713,0.582415922485,
    0.671932065409,0.748998776176,0.827789359876,0.915500473052,1.),
  .UNSPECIFIED.);
#2749 = CARTESIAN_POINT('',(109.92249819221,7.57565745879,0.));
#2750 = CARTESIAN_POINT('',(110.0425368384,7.636504352769,0.));
#2751 = CARTESIAN_POINT('',(109.86197005229,8.805896003417,0.));
#2752 = CARTESIAN_POINT('',(110.1806852997,7.264926334142,0.));
#2753 = CARTESIAN_POINT('',(109.83349345948,9.851122388143,0.));
#2754 = CARTESIAN_POINT('',(110.11585336492,8.283652169059,0.));
#2755 = CARTESIAN_POINT('',(109.95891260824,9.448145393779,0.));
#2756 = CARTESIAN_POINT('',(109.97910478622,9.60974485037,0.));
#2757 = CARTESIAN_POINT('',(109.81098246735,10.446820399911,0.));
#2758 = CARTESIAN_POINT('',(109.85816393172,10.272035523754,0.));
#2759 = CARTESIAN_POINT('',(109.59082076201,11.138216662049,0.));
#2760 = CARTESIAN_POINT('',(109.68307451251,10.845557485327,0.));
#2761 = CARTESIAN_POINT('',(109.46617800571,11.334048990044,0.));
#2762 = CARTESIAN_POINT('',(109.259680232,11.663280942655,0.));
#2763 = CARTESIAN_POINT('',(108.88547113253,12.132465338313,0.));
#2764 = CARTESIAN_POINT('',(108.77185469818,12.200073684958,0.));
#2765 = CARTESIAN_POINT('',(108.48682764984,12.499003532196,0.));
#2766 = CARTESIAN_POINT('',(108.3596059267,12.531787344726,0.));
#2767 = CARTESIAN_POINT('',(108.10561163817,12.698593827174,0.));
#2768 = CARTESIAN_POINT('',(107.63358894772,12.904050941641,0.));
#2769 = CARTESIAN_POINT('',(107.10215680718,13.056664902565,0.));
#2770 = CARTESIAN_POINT('',(106.83729476624,13.090411568199,0.));
#2771 = CARTESIAN_POINT('',(106.52667731551,13.147167906937,0.));
#2772 = CARTESIAN_POINT('',(106.25928594785,13.139446756652,0.));
#2773 = CARTESIAN_POINT('',(105.96353347637,13.151117668699,0.));
#2774 = CARTESIAN_POINT('',(105.41767035325,13.121118500669,0.));
#2775 = CARTESIAN_POINT('',(104.87413428543,13.028329850802,0.));
#2776 = CARTESIAN_POINT('',(104.6215356654,12.963607834148,0.));
#2777 = CARTESIAN_POINT('',(104.36693521961,12.885002809502,0.));
#2778 = CARTESIAN_POINT('',(104.12689525409,12.781795362631,0.));
#2779 = CARTESIAN_POINT('',(103.89128337481,12.65963857593,0.));
#2780 = CARTESIAN_POINT('',(103.46492268896,12.383895909661,0.));
#2781 = CARTESIAN_POINT('',(103.08952984744,12.038473221833,0.));
#2782 = CARTESIAN_POINT('',(102.92575069116,11.858604583596,0.));
#2783 = CARTESIAN_POINT('',(102.76836105249,11.66137328172,0.));
#2784 = CARTESIAN_POINT('',(102.63501971332,11.461512258514,0.));
#2785 = CARTESIAN_POINT('',(102.51125859497,11.244713208128,0.));
#2786 = CARTESIAN_POINT('',(102.28360131294,10.772634911367,0.));
#2787 = CARTESIAN_POINT('',(102.11991609752,10.270062616745,0.));
#2788 = CARTESIAN_POINT('',(102.05220855801,10.000975158199,0.));
#2789 = CARTESIAN_POINT('',(101.99668477311,9.719978614611,0.));
#2790 = CARTESIAN_POINT('',(101.95994823469,9.446773626881,0.));
#2791 = CARTESIAN_POINT('',(101.93246641658,9.165125585331,0.));
#2792 = CARTESIAN_POINT('',(101.90355916609,8.601067388721,0.));
#2793 = CARTESIAN_POINT('',(101.91452777588,8.034414708471,0.));
#2794 = CARTESIAN_POINT('',(101.93358762833,7.749988511318,0.));
#2795 = CARTESIAN_POINT('',(101.96419058702,7.464872823667,0.));
#2796 = CARTESIAN_POINT('',(102.01289893752,7.182248738262,0.));
#2797 = CARTESIAN_POINT('',(102.07605772715,6.903783156725,0.));
#2798 = CARTESIAN_POINT('',(102.23209019804,6.393068525533,0.));
#2799 = CARTESIAN_POINT('',(102.45513869181,5.911578599078,0.));
#2800 = CARTESIAN_POINT('',(102.57802198009,5.691925882876,0.));
#2801 = CARTESIAN_POINT('',(102.70487806075,5.49288653603,0.));
#2802 = CARTESIAN_POINT('',(102.86629882448,5.287557320507,0.));
#2803 = CARTESIAN_POINT('',(103.02388575578,5.110522181297,0.));
#2804 = CARTESIAN_POINT('',(103.39074045315,4.762364242685,0.));
#2805 = CARTESIAN_POINT('',(103.79004040218,4.479125683892,0.));
#2806 = CARTESIAN_POINT('',(104.02582101624,4.340639334173,0.));
#2807 = CARTESIAN_POINT('',(104.21057375666,4.242308687192,0.));
#2808 = CARTESIAN_POINT('',(104.49094945341,4.127549396347,0.));
#2809 = CARTESIAN_POINT('',(104.69519753015,4.053383244382,0.));
#2810 = CARTESIAN_POINT('',(105.23082513181,3.899432081676,0.));
#2811 = CARTESIAN_POINT('',(105.72426036152,3.814307751406,0.));
#2812 = CARTESIAN_POINT('',(106.07218842493,3.768266347656,0.));
#2813 = CARTESIAN_POINT('',(106.21430446135,3.769662043954,0.));
#2814 = CARTESIAN_POINT('',(106.64989805842,3.73288177986,0.));
#2815 = CARTESIAN_POINT('',(106.82518388398,3.756187614477,0.));
#2816 = CARTESIAN_POINT('',(107.44766445681,3.754469731383,0.));
#2817 = CARTESIAN_POINT('',(107.91317553372,3.797894774429,0.));
#2818 = CARTESIAN_POINT('',(108.38696449852,3.776423703358,0.));
#2819 = CARTESIAN_POINT('',(108.20890085473,3.879563537963,0.));
#2820 = CARTESIAN_POINT('',(109.04658837589,3.793456449253,0.));
#2821 = CARTESIAN_POINT('',(108.85616841158,3.963284127184,0.));
#2822 = CARTESIAN_POINT('',(109.34919615124,3.906011877505,0.));
#2823 = CARTESIAN_POINT('',(109.55452979371,4.008008829581,0.));
#2824 = PCURVE('',#2448,#2825);
#2825 = DEFINITIONAL_REPRESENTATION('',(#2826),#2830);
#2826 = LINE('',#2827,#2828);
#2827 = CARTESIAN_POINT('',(0.,0.));
#2828 = VECTOR('',#2829,1.);
#2829 = DIRECTION('',(1.,0.));
#2830 = ( GEOMETRIC_REPRESENTATION_CONTEXT(2) 
PARAMETRIC_REPRESENTATION_CONTEXT() REPRESENTATION_CONTEXT('2D SPACE',''
  ) );
#2831 = PCURVE('',#2832,#2837);
#2832 = PLANE('',#2833);
#2833 = AXIS2_PLACEMENT_3D('',#2834,#2835,#2836);
#2834 = CARTESIAN_POINT('',(106.15574469128,7.9176113592,0.));
#2835 = DIRECTION('',(0.,0.,1.));
#2836 = DIRECTION('',(1.,0.,-0.));
#2837 = DEFINITIONAL_REPRESENTATION('',(#2838),#2914);
#2838 = B_SPLINE_CURVE_WITH_KNOTS('',8,(#2839,#2840,#2841,#2842,#2843,
    #2844,#2845,#2846,#2847,#2848,#2849,#2850,#2851,#2852,#2853,#2854,
    #2855,#2856,#2857,#2858,#2859,#2860,#2861,#2862,#2863,#2864,#2865,
    #2866,#2867,#2868,#2869,#2870,#2871,#2872,#2873,#2874,#2875,#2876,
    #2877,#2878,#2879,#2880,#2881,#2882,#2883,#2884,#2885,#2886,#2887,
    #2888,#2889,#2890,#2891,#2892,#2893,#2894,#2895,#2896,#2897,#2898,
    #2899,#2900,#2901,#2902,#2903,#2904,#2905,#2906,#2907,#2908,#2909,
    #2910,#2911,#2912,#2913),.UNSPECIFIED.,.F.,.F.,(9,6,6,6,6,6,6,6,6,6,
    6,6,9),(0.,8.804475853291E-02,0.16828996776,0.245772273976,
    0.335616562303,0.417760141322,0.494597955713,0.582415922485,
    0.671932065409,0.748998776176,0.827789359876,0.915500473052,1.),
  .UNSPECIFIED.);
#2839 = CARTESIAN_POINT('',(3.766753500929,-0.34195390041));
#2840 = CARTESIAN_POINT('',(3.886792147123,-0.281107006431));
#2841 = CARTESIAN_POINT('',(3.706225361014,0.888284644216));
#2842 = CARTESIAN_POINT('',(4.024940608415,-0.652685025059));
#2843 = CARTESIAN_POINT('',(3.677748768199,1.933511028942));
#2844 = CARTESIAN_POINT('',(3.960108673638,0.366040809859));
#2845 = CARTESIAN_POINT('',(3.803167916957,1.530534034578));
#2846 = CARTESIAN_POINT('',(3.823360094937,1.69213349117));
#2847 = CARTESIAN_POINT('',(3.655237776068,2.529209040711));
#2848 = CARTESIAN_POINT('',(3.702419240437,2.354424164554));
#2849 = CARTESIAN_POINT('',(3.435076070725,3.220605302849));
#2850 = CARTESIAN_POINT('',(3.527329821227,2.927946126127));
#2851 = CARTESIAN_POINT('',(3.310433314426,3.416437630844));
#2852 = CARTESIAN_POINT('',(3.103935540719,3.745669583454));
#2853 = CARTESIAN_POINT('',(2.729726441254,4.214853979113));
#2854 = CARTESIAN_POINT('',(2.616110006898,4.282462325757));
#2855 = CARTESIAN_POINT('',(2.331082958563,4.581392172996));
#2856 = CARTESIAN_POINT('',(2.203861235418,4.614175985525));
#2857 = CARTESIAN_POINT('',(1.949866946893,4.780982467973));
#2858 = CARTESIAN_POINT('',(1.477844256444,4.98643958244));
#2859 = CARTESIAN_POINT('',(0.946412115904,5.139053543364));
#2860 = CARTESIAN_POINT('',(0.681550074958,5.172800208999));
#2861 = CARTESIAN_POINT('',(0.370932624232,5.229556547736));
#2862 = CARTESIAN_POINT('',(0.103541256569,5.221835397452));
#2863 = CARTESIAN_POINT('',(-0.192211214913,5.233506309498));
#2864 = CARTESIAN_POINT('',(-0.738074338032,5.203507141468));
#2865 = CARTESIAN_POINT('',(-1.281610405848,5.110718491601));
#2866 = CARTESIAN_POINT('',(-1.534209025878,5.045996474947));
#2867 = CARTESIAN_POINT('',(-1.78880947167,4.967391450302));
#2868 = CARTESIAN_POINT('',(-2.028849437186,4.86418400343));
#2869 = CARTESIAN_POINT('',(-2.264461316473,4.74202721673));
#2870 = CARTESIAN_POINT('',(-2.690822002319,4.46628455046));
#2871 = CARTESIAN_POINT('',(-3.066214843841,4.120861862632));
#2872 = CARTESIAN_POINT('',(-3.229994000125,3.940993224395));
#2873 = CARTESIAN_POINT('',(-3.387383638794,3.743761922519));
#2874 = CARTESIAN_POINT('',(-3.520724977961,3.543900899314));
#2875 = CARTESIAN_POINT('',(-3.644486096313,3.327101848928));
#2876 = CARTESIAN_POINT('',(-3.872143378338,2.855023552167));
#2877 = CARTESIAN_POINT('',(-4.035828593759,2.352451257545));
#2878 = CARTESIAN_POINT('',(-4.103536133273,2.083363798998));
#2879 = CARTESIAN_POINT('',(-4.159059918172,1.802367255411));
#2880 = CARTESIAN_POINT('',(-4.19579645659,1.529162267681));
#2881 = CARTESIAN_POINT('',(-4.223278274698,1.24751422613));
#2882 = CARTESIAN_POINT('',(-4.252185525191,0.683456029521));
#2883 = CARTESIAN_POINT('',(-4.2412169154,0.11680334927));
#2884 = CARTESIAN_POINT('',(-4.22215706295,-0.167622847883));
#2885 = CARTESIAN_POINT('',(-4.191554104259,-0.452738535534));
#2886 = CARTESIAN_POINT('',(-4.142845753763,-0.735362620938));
#2887 = CARTESIAN_POINT('',(-4.079686964133,-1.013828202476));
#2888 = CARTESIAN_POINT('',(-3.923654493244,-1.524542833668));
#2889 = CARTESIAN_POINT('',(-3.70060599947,-2.006032760123));
#2890 = CARTESIAN_POINT('',(-3.577722711195,-2.225685476324));
#2891 = CARTESIAN_POINT('',(-3.450866630528,-2.424724823171));
#2892 = CARTESIAN_POINT('',(-3.289445866796,-2.630054038693));
#2893 = CARTESIAN_POINT('',(-3.131858935499,-2.807089177904));
#2894 = CARTESIAN_POINT('',(-2.76500423813,-3.155247116516));
#2895 = CARTESIAN_POINT('',(-2.365704289103,-3.438485675308));
#2896 = CARTESIAN_POINT('',(-2.129923675037,-3.576972025027));
#2897 = CARTESIAN_POINT('',(-1.945170934619,-3.675302672008));
#2898 = CARTESIAN_POINT('',(-1.664795237874,-3.790061962854));
#2899 = CARTESIAN_POINT('',(-1.460547161128,-3.864228114819));
#2900 = CARTESIAN_POINT('',(-0.924919559473,-4.018179277525));
#2901 = CARTESIAN_POINT('',(-0.431484329762,-4.103303607794));
#2902 = CARTESIAN_POINT('',(-8.355626635495E-02,-4.149345011544));
#2903 = CARTESIAN_POINT('',(5.855977006721E-02,-4.147949315247));
#2904 = CARTESIAN_POINT('',(0.49415336714,-4.18472957934));
#2905 = CARTESIAN_POINT('',(0.669439192703,-4.161423744723));
#2906 = CARTESIAN_POINT('',(1.291919765525,-4.163141627817));
#2907 = CARTESIAN_POINT('',(1.757430842441,-4.119716584771));
#2908 = CARTESIAN_POINT('',(2.231219807236,-4.141187655842));
#2909 = CARTESIAN_POINT('',(2.053156163448,-4.038047821237));
#2910 = CARTESIAN_POINT('',(2.890843684605,-4.124154909947));
#2911 = CARTESIAN_POINT('',(2.700423720298,-3.954327232016));
#2912 = CARTESIAN_POINT('',(3.193451459956,-4.011599481695));
#2913 = CARTESIAN_POINT('',(3.398785102426,-3.909602529619));
#2914 = ( GEOMETRIC_REPRESENTATION_CONTEXT(2) 
PARAMETRIC_REPRESENTATION_CONTEXT() REPRESENTATION_CONTEXT('2D SPACE',''
  ) );
#2915 = ADVANCED_FACE('',(#2916),#2734,.F.);
#2916 = FACE_BOUND('',#2917,.F.);
#2917 = EDGE_LOOP('',(#2918,#2919,#2942,#2977));
#2918 = ORIENTED_EDGE('',*,*,#2718,.T.);
#2919 = ORIENTED_EDGE('',*,*,#2920,.T.);
#2920 = EDGE_CURVE('',#2547,#2921,#2923,.T.);
#2921 = VERTEX_POINT('',#2922);
#2922 = CARTESIAN_POINT('',(109.33478723683,5.935639370185,2.));
#2923 = SURFACE_CURVE('',#2924,(#2928,#2935),.PCURVE_S1.);
#2924 = LINE('',#2925,#2926);
#2925 = CARTESIAN_POINT('',(109.55452979371,4.008008829581,2.));
#2926 = VECTOR('',#2927,1.);
#2927 = DIRECTION('',(-0.113262644001,0.993565082656,0.));
#2928 = PCURVE('',#2734,#2929);
#2929 = DEFINITIONAL_REPRESENTATION('',(#2930),#2934);
#2930 = LINE('',#2931,#2932);
#2931 = CARTESIAN_POINT('',(0.,-2.));
#2932 = VECTOR('',#2933,1.);
#2933 = DIRECTION('',(1.,0.));
#2934 = ( GEOMETRIC_REPRESENTATION_CONTEXT(2) 
PARAMETRIC_REPRESENTATION_CONTEXT() REPRESENTATION_CONTEXT('2D SPACE',''
  ) );
#2935 = PCURVE('',#2634,#2936);
#2936 = DEFINITIONAL_REPRESENTATION('',(#2937),#2941);
#2937 = LINE('',#2938,#2939);
#2938 = CARTESIAN_POINT('',(3.398785102426,-3.909602529619));
#2939 = VECTOR('',#2940,1.);
#2940 = DIRECTION('',(-0.113262644001,0.993565082656));
#2941 = ( GEOMETRIC_REPRESENTATION_CONTEXT(2) 
PARAMETRIC_REPRESENTATION_CONTEXT() REPRESENTATION_CONTEXT('2D SPACE',''
  ) );
#2942 = ORIENTED_EDGE('',*,*,#2943,.F.);
#2943 = EDGE_CURVE('',#2944,#2921,#2946,.T.);
#2944 = VERTEX_POINT('',#2945);
#2945 = CARTESIAN_POINT('',(109.33478723683,5.935639370185,0.));
#2946 = SURFACE_CURVE('',#2947,(#2951,#2958),.PCURVE_S1.);
#2947 = LINE('',#2948,#2949);
#2948 = CARTESIAN_POINT('',(109.33478723683,5.935639370185,0.));
#2949 = VECTOR('',#2950,1.);
#2950 = DIRECTION('',(0.,0.,1.));
#2951 = PCURVE('',#2734,#2952);
#2952 = DEFINITIONAL_REPRESENTATION('',(#2953),#2957);
#2953 = LINE('',#2954,#2955);
#2954 = CARTESIAN_POINT('',(1.940115020397,0.));
#2955 = VECTOR('',#2956,1.);
#2956 = DIRECTION('',(0.,-1.));
#2957 = ( GEOMETRIC_REPRESENTATION_CONTEXT(2) 
PARAMETRIC_REPRESENTATION_CONTEXT() REPRESENTATION_CONTEXT('2D SPACE',''
  ) );
#2958 = PCURVE('',#2959,#2971);
#2959 = SURFACE_OF_LINEAR_EXTRUSION('',#2960,#2969);
#2960 = B_SPLINE_CURVE_WITH_KNOTS('',7,(#2961,#2962,#2963,#2964,#2965,
    #2966,#2967,#2968),.UNSPECIFIED.,.F.,.F.,(8,8),(0.,1.),
  .PIECEWISE_BEZIER_KNOTS.);
#2961 = CARTESIAN_POINT('',(109.33478723683,5.935639370185,0.));
#2962 = CARTESIAN_POINT('',(108.46998490135,5.789521271074,0.));
#2963 = CARTESIAN_POINT('',(107.61345987944,5.619712926844,0.));
#2964 = CARTESIAN_POINT('',(106.68766150623,5.742733420678,0.));
#2965 = CARTESIAN_POINT('',(105.92814391129,5.433747780729,0.));
#2966 = CARTESIAN_POINT('',(104.7746526826,5.969054201795,0.));
#2967 = CARTESIAN_POINT('',(104.29111434368,6.725774256319,0.));
#2968 = CARTESIAN_POINT('',(104.06088884438,7.57565745879,0.));
#2969 = VECTOR('',#2970,1.);
#2970 = DIRECTION('',(-0.,-0.,-1.));
#2971 = DEFINITIONAL_REPRESENTATION('',(#2972),#2976);
#2972 = LINE('',#2973,#2974);
#2973 = CARTESIAN_POINT('',(0.,0.));
#2974 = VECTOR('',#2975,1.);
#2975 = DIRECTION('',(0.,-1.));
#2976 = ( GEOMETRIC_REPRESENTATION_CONTEXT(2) 
PARAMETRIC_REPRESENTATION_CONTEXT() REPRESENTATION_CONTEXT('2D SPACE',''
  ) );
#2977 = ORIENTED_EDGE('',*,*,#2978,.F.);
#2978 = EDGE_CURVE('',#2719,#2944,#2979,.T.);
#2979 = SURFACE_CURVE('',#2980,(#2984,#2991),.PCURVE_S1.);
#2980 = LINE('',#2981,#2982);
#2981 = CARTESIAN_POINT('',(109.55452979371,4.008008829581,0.));
#2982 = VECTOR('',#2983,1.);
#2983 = DIRECTION('',(-0.113262644001,0.993565082656,0.));
#2984 = PCURVE('',#2734,#2985);
#2985 = DEFINITIONAL_REPRESENTATION('',(#2986),#2990);
#2986 = LINE('',#2987,#2988);
#2987 = CARTESIAN_POINT('',(0.,0.));
#2988 = VECTOR('',#2989,1.);
#2989 = DIRECTION('',(1.,0.));
#2990 = ( GEOMETRIC_REPRESENTATION_CONTEXT(2) 
PARAMETRIC_REPRESENTATION_CONTEXT() REPRESENTATION_CONTEXT('2D SPACE',''
  ) );
#2991 = PCURVE('',#2832,#2992);
#2992 = DEFINITIONAL_REPRESENTATION('',(#2993),#2997);
#2993 = LINE('',#2994,#2995);
#2994 = CARTESIAN_POINT('',(3.398785102426,-3.909602529619));
#2995 = VECTOR('',#2996,1.);
#2996 = DIRECTION('',(-0.113262644001,0.993565082656));
#2997 = ( GEOMETRIC_REPRESENTATION_CONTEXT(2) 
PARAMETRIC_REPRESENTATION_CONTEXT() REPRESENTATION_CONTEXT('2D SPACE',''
  ) );
#2998 = ADVANCED_FACE('',(#2999),#2959,.F.);
#2999 = FACE_BOUND('',#3000,.F.);
#3000 = EDGE_LOOP('',(#3001,#3002,#3035,#3058));
#3001 = ORIENTED_EDGE('',*,*,#2943,.T.);
#3002 = ORIENTED_EDGE('',*,*,#3003,.T.);
#3003 = EDGE_CURVE('',#2921,#3004,#3006,.T.);
#3004 = VERTEX_POINT('',#3005);
#3005 = CARTESIAN_POINT('',(104.06088884438,7.57565745879,2.));
#3006 = SURFACE_CURVE('',#3007,(#3016,#3023),.PCURVE_S1.);
#3007 = B_SPLINE_CURVE_WITH_KNOTS('',7,(#3008,#3009,#3010,#3011,#3012,
    #3013,#3014,#3015),.UNSPECIFIED.,.F.,.F.,(8,8),(0.,1.),
  .PIECEWISE_BEZIER_KNOTS.);
#3008 = CARTESIAN_POINT('',(109.33478723683,5.935639370185,2.));
#3009 = CARTESIAN_POINT('',(108.46998490135,5.789521271074,2.));
#3010 = CARTESIAN_POINT('',(107.61345987944,5.619712926844,2.));
#3011 = CARTESIAN_POINT('',(106.68766150623,5.742733420678,2.));
#3012 = CARTESIAN_POINT('',(105.92814391129,5.433747780729,2.));
#3013 = CARTESIAN_POINT('',(104.7746526826,5.969054201795,2.));
#3014 = CARTESIAN_POINT('',(104.29111434368,6.725774256319,2.));
#3015 = CARTESIAN_POINT('',(104.06088884438,7.57565745879,2.));
#3016 = PCURVE('',#2959,#3017);
#3017 = DEFINITIONAL_REPRESENTATION('',(#3018),#3022);
#3018 = LINE('',#3019,#3020);
#3019 = CARTESIAN_POINT('',(0.,-2.));
#3020 = VECTOR('',#3021,1.);
#3021 = DIRECTION('',(1.,0.));
#3022 = ( GEOMETRIC_REPRESENTATION_CONTEXT(2) 
PARAMETRIC_REPRESENTATION_CONTEXT() REPRESENTATION_CONTEXT('2D SPACE',''
  ) );
#3023 = PCURVE('',#2634,#3024);
#3024 = DEFINITIONAL_REPRESENTATION('',(#3025),#3034);
#3025 = B_SPLINE_CURVE_WITH_KNOTS('',7,(#3026,#3027,#3028,#3029,#3030,
    #3031,#3032,#3033),.UNSPECIFIED.,.F.,.F.,(8,8),(0.,1.),
  .PIECEWISE_BEZIER_KNOTS.);
#3026 = CARTESIAN_POINT('',(3.179042545549,-1.981971989016));
#3027 = CARTESIAN_POINT('',(2.314240210066,-2.128090088126));
#3028 = CARTESIAN_POINT('',(1.457715188155,-2.297898432356));
#3029 = CARTESIAN_POINT('',(0.531916814952,-2.174877938522));
#3030 = CARTESIAN_POINT('',(-0.227600779987,-2.483863578471));
#3031 = CARTESIAN_POINT('',(-1.381092008682,-1.948557157406));
#3032 = CARTESIAN_POINT('',(-1.8646303476,-1.191837102881));
#3033 = CARTESIAN_POINT('',(-2.094855846897,-0.34195390041));
#3034 = ( GEOMETRIC_REPRESENTATION_CONTEXT(2) 
PARAMETRIC_REPRESENTATION_CONTEXT() REPRESENTATION_CONTEXT('2D SPACE',''
  ) );
#3035 = ORIENTED_EDGE('',*,*,#3036,.F.);
#3036 = EDGE_CURVE('',#3037,#3004,#3039,.T.);
#3037 = VERTEX_POINT('',#3038);
#3038 = CARTESIAN_POINT('',(104.06088884438,7.57565745879,0.));
#3039 = SURFACE_CURVE('',#3040,(#3044,#3051),.PCURVE_S1.);
#3040 = LINE('',#3041,#3042);
#3041 = CARTESIAN_POINT('',(104.06088884438,7.57565745879,0.));
#3042 = VECTOR('',#3043,1.);
#3043 = DIRECTION('',(0.,0.,1.));
#3044 = PCURVE('',#2959,#3045);
#3045 = DEFINITIONAL_REPRESENTATION('',(#3046),#3050);
#3046 = LINE('',#3047,#3048);
#3047 = CARTESIAN_POINT('',(1.,0.));
#3048 = VECTOR('',#3049,1.);
#3049 = DIRECTION('',(0.,-1.));
#3050 = ( GEOMETRIC_REPRESENTATION_CONTEXT(2) 
PARAMETRIC_REPRESENTATION_CONTEXT() REPRESENTATION_CONTEXT('2D SPACE',''
  ) );
#3051 = PCURVE('',#2534,#3052);
#3052 = DEFINITIONAL_REPRESENTATION('',(#3053),#3057);
#3053 = LINE('',#3054,#3055);
#3054 = CARTESIAN_POINT('',(0.,0.));
#3055 = VECTOR('',#3056,1.);
#3056 = DIRECTION('',(0.,-1.));
#3057 = ( GEOMETRIC_REPRESENTATION_CONTEXT(2) 
PARAMETRIC_REPRESENTATION_CONTEXT() REPRESENTATION_CONTEXT('2D SPACE',''
  ) );
#3058 = ORIENTED_EDGE('',*,*,#3059,.F.);
#3059 = EDGE_CURVE('',#2944,#3037,#3060,.T.);
#3060 = SURFACE_CURVE('',#3061,(#3070,#3077),.PCURVE_S1.);
#3061 = B_SPLINE_CURVE_WITH_KNOTS('',7,(#3062,#3063,#3064,#3065,#3066,
    #3067,#3068,#3069),.UNSPECIFIED.,.F.,.F.,(8,8),(0.,1.),
  .PIECEWISE_BEZIER_KNOTS.);
#3062 = CARTESIAN_POINT('',(109.33478723683,5.935639370185,0.));
#3063 = CARTESIAN_POINT('',(108.46998490135,5.789521271074,0.));
#3064 = CARTESIAN_POINT('',(107.61345987944,5.619712926844,0.));
#3065 = CARTESIAN_POINT('',(106.68766150623,5.742733420678,0.));
#3066 = CARTESIAN_POINT('',(105.92814391129,5.433747780729,0.));
#3067 = CARTESIAN_POINT('',(104.7746526826,5.969054201795,0.));
#3068 = CARTESIAN_POINT('',(104.29111434368,6.725774256319,0.));
#3069 = CARTESIAN_POINT('',(104.06088884438,7.57565745879,0.));
#3070 = PCURVE('',#2959,#3071);
#3071 = DEFINITIONAL_REPRESENTATION('',(#3072),#3076);
#3072 = LINE('',#3073,#3074);
#3073 = CARTESIAN_POINT('',(0.,0.));
#3074 = VECTOR('',#3075,1.);
#3075 = DIRECTION('',(1.,0.));
#3076 = ( GEOMETRIC_REPRESENTATION_CONTEXT(2) 
PARAMETRIC_REPRESENTATION_CONTEXT() REPRESENTATION_CONTEXT('2D SPACE',''
  ) );
#3077 = PCURVE('',#2832,#3078);
#3078 = DEFINITIONAL_REPRESENTATION('',(#3079),#3088);
#3079 = B_SPLINE_CURVE_WITH_KNOTS('',7,(#3080,#3081,#3082,#3083,#3084,
    #3085,#3086,#3087),.UNSPECIFIED.,.F.,.F.,(8,8),(0.,1.),
  .PIECEWISE_BEZIER_KNOTS.);
#3080 = CARTESIAN_POINT('',(3.179042545549,-1.981971989016));
#3081 = CARTESIAN_POINT('',(2.314240210066,-2.128090088126));
#3082 = CARTESIAN_POINT('',(1.457715188155,-2.297898432356));
#3083 = CARTESIAN_POINT('',(0.531916814952,-2.174877938522));
#3084 = CARTESIAN_POINT('',(-0.227600779987,-2.483863578471));
#3085 = CARTESIAN_POINT('',(-1.381092008682,-1.948557157406));
#3086 = CARTESIAN_POINT('',(-1.8646303476,-1.191837102881));
#3087 = CARTESIAN_POINT('',(-2.094855846897,-0.34195390041));
#3088 = ( GEOMETRIC_REPRESENTATION_CONTEXT(2) 
PARAMETRIC_REPRESENTATION_CONTEXT() REPRESENTATION_CONTEXT('2D SPACE',''
  ) );
#3089 = ADVANCED_FACE('',(#3090),#2534,.F.);
#3090 = FACE_BOUND('',#3091,.F.);
#3091 = EDGE_LOOP('',(#3092,#3093,#3114,#3115));
#3092 = ORIENTED_EDGE('',*,*,#3036,.T.);
#3093 = ORIENTED_EDGE('',*,*,#3094,.T.);
#3094 = EDGE_CURVE('',#3004,#2440,#3095,.T.);
#3095 = SURFACE_CURVE('',#3096,(#3100,#3107),.PCURVE_S1.);
#3096 = LINE('',#3097,#3098);
#3097 = CARTESIAN_POINT('',(104.06088884438,7.57565745879,2.));
#3098 = VECTOR('',#3099,1.);
#3099 = DIRECTION('',(1.,0.,0.));
#3100 = PCURVE('',#2534,#3101);
#3101 = DEFINITIONAL_REPRESENTATION('',(#3102),#3106);
#3102 = LINE('',#3103,#3104);
#3103 = CARTESIAN_POINT('',(0.,-2.));
#3104 = VECTOR('',#3105,1.);
#3105 = DIRECTION('',(1.,0.));
#3106 = ( GEOMETRIC_REPRESENTATION_CONTEXT(2) 
PARAMETRIC_REPRESENTATION_CONTEXT() REPRESENTATION_CONTEXT('2D SPACE',''
  ) );
#3107 = PCURVE('',#2634,#3108);
#3108 = DEFINITIONAL_REPRESENTATION('',(#3109),#3113);
#3109 = LINE('',#3110,#3111);
#3110 = CARTESIAN_POINT('',(-2.094855846897,-0.34195390041));
#3111 = VECTOR('',#3112,1.);
#3112 = DIRECTION('',(1.,0.));
#3113 = ( GEOMETRIC_REPRESENTATION_CONTEXT(2) 
PARAMETRIC_REPRESENTATION_CONTEXT() REPRESENTATION_CONTEXT('2D SPACE',''
  ) );
#3114 = ORIENTED_EDGE('',*,*,#2437,.F.);
#3115 = ORIENTED_EDGE('',*,*,#3116,.F.);
#3116 = EDGE_CURVE('',#3037,#2438,#3117,.T.);
#3117 = SURFACE_CURVE('',#3118,(#3122,#3129),.PCURVE_S1.);
#3118 = LINE('',#3119,#3120);
#3119 = CARTESIAN_POINT('',(104.06088884438,7.57565745879,0.));
#3120 = VECTOR('',#3121,1.);
#3121 = DIRECTION('',(1.,0.,0.));
#3122 = PCURVE('',#2534,#3123);
#3123 = DEFINITIONAL_REPRESENTATION('',(#3124),#3128);
#3124 = LINE('',#3125,#3126);
#3125 = CARTESIAN_POINT('',(0.,0.));
#3126 = VECTOR('',#3127,1.);
#3127 = DIRECTION('',(1.,0.));
#3128 = ( GEOMETRIC_REPRESENTATION_CONTEXT(2) 
PARAMETRIC_REPRESENTATION_CONTEXT() REPRESENTATION_CONTEXT('2D SPACE',''
  ) );
#3129 = PCURVE('',#2832,#3130);
#3130 = DEFINITIONAL_REPRESENTATION('',(#3131),#3135);
#3131 = LINE('',#3132,#3133);
#3132 = CARTESIAN_POINT('',(-2.094855846897,-0.34195390041));
#3133 = VECTOR('',#3134,1.);
#3134 = DIRECTION('',(1.,0.));
#3135 = ( GEOMETRIC_REPRESENTATION_CONTEXT(2) 
PARAMETRIC_REPRESENTATION_CONTEXT() REPRESENTATION_CONTEXT('2D SPACE',''
  ) );
#3136 = ADVANCED_FACE('',(#3137),#3151,.F.);
#3137 = FACE_BOUND('',#3138,.F.);
#3138 = EDGE_LOOP('',(#3139,#3182,#3205,#3233));
#3139 = ORIENTED_EDGE('',*,*,#3140,.T.);
#3140 = EDGE_CURVE('',#3141,#3143,#3145,.T.);
#3141 = VERTEX_POINT('',#3142);
#3142 = CARTESIAN_POINT('',(107.98622822977,9.14853329763,0.));
#3143 = VERTEX_POINT('',#3144);
#3144 = CARTESIAN_POINT('',(107.98622822977,9.14853329763,2.));
#3145 = SURFACE_CURVE('',#3146,(#3150,#3162),.PCURVE_S1.);
#3146 = LINE('',#3147,#3148);
#3147 = CARTESIAN_POINT('',(107.98622822977,9.14853329763,0.));
#3148 = VECTOR('',#3149,1.);
#3149 = DIRECTION('',(0.,0.,1.));
#3150 = PCURVE('',#3151,#3156);
#3151 = PLANE('',#3152);
#3152 = AXIS2_PLACEMENT_3D('',#3153,#3154,#3155);
#3153 = CARTESIAN_POINT('',(107.98622822977,9.14853329763,0.));
#3154 = DIRECTION('',(0.657338555425,-0.753595397777,0.));
#3155 = DIRECTION('',(-0.753595397777,-0.657338555425,0.));
#3156 = DEFINITIONAL_REPRESENTATION('',(#3157),#3161);
#3157 = LINE('',#3158,#3159);
#3158 = CARTESIAN_POINT('',(0.,0.));
#3159 = VECTOR('',#3160,1.);
#3160 = DIRECTION('',(0.,-1.));
#3161 = ( GEOMETRIC_REPRESENTATION_CONTEXT(2) 
PARAMETRIC_REPRESENTATION_CONTEXT() REPRESENTATION_CONTEXT('2D SPACE',''
  ) );
#3162 = PCURVE('',#3163,#3176);
#3163 = SURFACE_OF_LINEAR_EXTRUSION('',#3164,#3174);
#3164 = B_SPLINE_CURVE_WITH_KNOTS('',8,(#3165,#3166,#3167,#3168,#3169,
    #3170,#3171,#3172,#3173),.UNSPECIFIED.,.F.,.F.,(9,9),(0.,1.),
  .PIECEWISE_BEZIER_KNOTS.);
#3165 = CARTESIAN_POINT('',(103.97096133099,9.094238404292,0.));
#3166 = CARTESIAN_POINT('',(104.07250911047,10.000403730353,0.));
#3167 = CARTESIAN_POINT('',(104.22767634171,10.191830352722,0.));
#3168 = CARTESIAN_POINT('',(105.03614416819,12.803472986448,0.));
#3169 = CARTESIAN_POINT('',(105.8908430557,9.875473487182,0.));
#3170 = CARTESIAN_POINT('',(107.05651031302,12.723472247112,0.));
#3171 = CARTESIAN_POINT('',(107.85977964061,10.431595998337,0.));
#3172 = CARTESIAN_POINT('',(107.96263741233,10.017095044228,0.));
#3173 = CARTESIAN_POINT('',(107.98622822977,9.14853329763,0.));
#3174 = VECTOR('',#3175,1.);
#3175 = DIRECTION('',(-0.,-0.,-1.));
#3176 = DEFINITIONAL_REPRESENTATION('',(#3177),#3181);
#3177 = LINE('',#3178,#3179);
#3178 = CARTESIAN_POINT('',(1.,0.));
#3179 = VECTOR('',#3180,1.);
#3180 = DIRECTION('',(0.,-1.));
#3181 = ( GEOMETRIC_REPRESENTATION_CONTEXT(2) 
PARAMETRIC_REPRESENTATION_CONTEXT() REPRESENTATION_CONTEXT('2D SPACE',''
  ) );
#3182 = ORIENTED_EDGE('',*,*,#3183,.T.);
#3183 = EDGE_CURVE('',#3143,#3184,#3186,.T.);
#3184 = VERTEX_POINT('',#3185);
#3185 = CARTESIAN_POINT('',(107.92398270742,9.094238404292,2.));
#3186 = SURFACE_CURVE('',#3187,(#3191,#3198),.PCURVE_S1.);
#3187 = LINE('',#3188,#3189);
#3188 = CARTESIAN_POINT('',(107.98622822977,9.14853329763,2.));
#3189 = VECTOR('',#3190,1.);
#3190 = DIRECTION('',(-0.753595397777,-0.657338555425,0.));
#3191 = PCURVE('',#3151,#3192);
#3192 = DEFINITIONAL_REPRESENTATION('',(#3193),#3197);
#3193 = LINE('',#3194,#3195);
#3194 = CARTESIAN_POINT('',(0.,-2.));
#3195 = VECTOR('',#3196,1.);
#3196 = DIRECTION('',(1.,0.));
#3197 = ( GEOMETRIC_REPRESENTATION_CONTEXT(2) 
PARAMETRIC_REPRESENTATION_CONTEXT() REPRESENTATION_CONTEXT('2D SPACE',''
  ) );
#3198 = PCURVE('',#2634,#3199);
#3199 = DEFINITIONAL_REPRESENTATION('',(#3200),#3204);
#3200 = LINE('',#3201,#3202);
#3201 = CARTESIAN_POINT('',(1.830483538492,1.230921938429));
#3202 = VECTOR('',#3203,1.);
#3203 = DIRECTION('',(-0.753595397777,-0.657338555425));
#3204 = ( GEOMETRIC_REPRESENTATION_CONTEXT(2) 
PARAMETRIC_REPRESENTATION_CONTEXT() REPRESENTATION_CONTEXT('2D SPACE',''
  ) );
#3205 = ORIENTED_EDGE('',*,*,#3206,.F.);
#3206 = EDGE_CURVE('',#3207,#3184,#3209,.T.);
#3207 = VERTEX_POINT('',#3208);
#3208 = CARTESIAN_POINT('',(107.92398270742,9.094238404292,0.));
#3209 = SURFACE_CURVE('',#3210,(#3214,#3221),.PCURVE_S1.);
#3210 = LINE('',#3211,#3212);
#3211 = CARTESIAN_POINT('',(107.92398270742,9.094238404292,0.));
#3212 = VECTOR('',#3213,1.);
#3213 = DIRECTION('',(0.,0.,1.));
#3214 = PCURVE('',#3151,#3215);
#3215 = DEFINITIONAL_REPRESENTATION('',(#3216),#3220);
#3216 = LINE('',#3217,#3218);
#3217 = CARTESIAN_POINT('',(8.259806592814E-02,0.));
#3218 = VECTOR('',#3219,1.);
#3219 = DIRECTION('',(0.,-1.));
#3220 = ( GEOMETRIC_REPRESENTATION_CONTEXT(2) 
PARAMETRIC_REPRESENTATION_CONTEXT() REPRESENTATION_CONTEXT('2D SPACE',''
  ) );
#3221 = PCURVE('',#3222,#3227);
#3222 = PLANE('',#3223);
#3223 = AXIS2_PLACEMENT_3D('',#3224,#3225,#3226);
#3224 = CARTESIAN_POINT('',(107.92398270742,9.094238404292,0.));
#3225 = DIRECTION('',(0.,-1.,0.));
#3226 = DIRECTION('',(-1.,0.,0.));
#3227 = DEFINITIONAL_REPRESENTATION('',(#3228),#3232);
#3228 = LINE('',#3229,#3230);
#3229 = CARTESIAN_POINT('',(0.,-0.));
#3230 = VECTOR('',#3231,1.);
#3231 = DIRECTION('',(0.,-1.));
#3232 = ( GEOMETRIC_REPRESENTATION_CONTEXT(2) 
PARAMETRIC_REPRESENTATION_CONTEXT() REPRESENTATION_CONTEXT('2D SPACE',''
  ) );
#3233 = ORIENTED_EDGE('',*,*,#3234,.F.);
#3234 = EDGE_CURVE('',#3141,#3207,#3235,.T.);
#3235 = SURFACE_CURVE('',#3236,(#3240,#3247),.PCURVE_S1.);
#3236 = LINE('',#3237,#3238);
#3237 = CARTESIAN_POINT('',(107.98622822977,9.14853329763,0.));
#3238 = VECTOR('',#3239,1.);
#3239 = DIRECTION('',(-0.753595397777,-0.657338555425,0.));
#3240 = PCURVE('',#3151,#3241);
#3241 = DEFINITIONAL_REPRESENTATION('',(#3242),#3246);
#3242 = LINE('',#3243,#3244);
#3243 = CARTESIAN_POINT('',(0.,0.));
#3244 = VECTOR('',#3245,1.);
#3245 = DIRECTION('',(1.,0.));
#3246 = ( GEOMETRIC_REPRESENTATION_CONTEXT(2) 
PARAMETRIC_REPRESENTATION_CONTEXT() REPRESENTATION_CONTEXT('2D SPACE',''
  ) );
#3247 = PCURVE('',#2832,#3248);
#3248 = DEFINITIONAL_REPRESENTATION('',(#3249),#3253);
#3249 = LINE('',#3250,#3251);
#3250 = CARTESIAN_POINT('',(1.830483538492,1.230921938429));
#3251 = VECTOR('',#3252,1.);
#3252 = DIRECTION('',(-0.753595397777,-0.657338555425));
#3253 = ( GEOMETRIC_REPRESENTATION_CONTEXT(2) 
PARAMETRIC_REPRESENTATION_CONTEXT() REPRESENTATION_CONTEXT('2D SPACE',''
  ) );
#3254 = ADVANCED_FACE('',(#3255),#3222,.F.);
#3255 = FACE_BOUND('',#3256,.F.);
#3256 = EDGE_LOOP('',(#3257,#3258,#3281,#3304));
#3257 = ORIENTED_EDGE('',*,*,#3206,.T.);
#3258 = ORIENTED_EDGE('',*,*,#3259,.T.);
#3259 = EDGE_CURVE('',#3184,#3260,#3262,.T.);
#3260 = VERTEX_POINT('',#3261);
#3261 = CARTESIAN_POINT('',(103.97096133099,9.094238404292,2.));
#3262 = SURFACE_CURVE('',#3263,(#3267,#3274),.PCURVE_S1.);
#3263 = LINE('',#3264,#3265);
#3264 = CARTESIAN_POINT('',(107.92398270742,9.094238404292,2.));
#3265 = VECTOR('',#3266,1.);
#3266 = DIRECTION('',(-1.,0.,0.));
#3267 = PCURVE('',#3222,#3268);
#3268 = DEFINITIONAL_REPRESENTATION('',(#3269),#3273);
#3269 = LINE('',#3270,#3271);
#3270 = CARTESIAN_POINT('',(0.,-2.));
#3271 = VECTOR('',#3272,1.);
#3272 = DIRECTION('',(1.,0.));
#3273 = ( GEOMETRIC_REPRESENTATION_CONTEXT(2) 
PARAMETRIC_REPRESENTATION_CONTEXT() REPRESENTATION_CONTEXT('2D SPACE',''
  ) );
#3274 = PCURVE('',#2634,#3275);
#3275 = DEFINITIONAL_REPRESENTATION('',(#3276),#3280);
#3276 = LINE('',#3277,#3278);
#3277 = CARTESIAN_POINT('',(1.768238016143,1.176627045091));
#3278 = VECTOR('',#3279,1.);
#3279 = DIRECTION('',(-1.,0.));
#3280 = ( GEOMETRIC_REPRESENTATION_CONTEXT(2) 
PARAMETRIC_REPRESENTATION_CONTEXT() REPRESENTATION_CONTEXT('2D SPACE',''
  ) );
#3281 = ORIENTED_EDGE('',*,*,#3282,.F.);
#3282 = EDGE_CURVE('',#3283,#3260,#3285,.T.);
#3283 = VERTEX_POINT('',#3284);
#3284 = CARTESIAN_POINT('',(103.97096133099,9.094238404292,0.));
#3285 = SURFACE_CURVE('',#3286,(#3290,#3297),.PCURVE_S1.);
#3286 = LINE('',#3287,#3288);
#3287 = CARTESIAN_POINT('',(103.97096133099,9.094238404292,0.));
#3288 = VECTOR('',#3289,1.);
#3289 = DIRECTION('',(0.,0.,1.));
#3290 = PCURVE('',#3222,#3291);
#3291 = DEFINITIONAL_REPRESENTATION('',(#3292),#3296);
#3292 = LINE('',#3293,#3294);
#3293 = CARTESIAN_POINT('',(3.953021376439,0.));
#3294 = VECTOR('',#3295,1.);
#3295 = DIRECTION('',(0.,-1.));
#3296 = ( GEOMETRIC_REPRESENTATION_CONTEXT(2) 
PARAMETRIC_REPRESENTATION_CONTEXT() REPRESENTATION_CONTEXT('2D SPACE',''
  ) );
#3297 = PCURVE('',#3163,#3298);
#3298 = DEFINITIONAL_REPRESENTATION('',(#3299),#3303);
#3299 = LINE('',#3300,#3301);
#3300 = CARTESIAN_POINT('',(0.,0.));
#3301 = VECTOR('',#3302,1.);
#3302 = DIRECTION('',(0.,-1.));
#3303 = ( GEOMETRIC_REPRESENTATION_CONTEXT(2) 
PARAMETRIC_REPRESENTATION_CONTEXT() REPRESENTATION_CONTEXT('2D SPACE',''
  ) );
#3304 = ORIENTED_EDGE('',*,*,#3305,.F.);
#3305 = EDGE_CURVE('',#3207,#3283,#3306,.T.);
#3306 = SURFACE_CURVE('',#3307,(#3311,#3318),.PCURVE_S1.);
#3307 = LINE('',#3308,#3309);
#3308 = CARTESIAN_POINT('',(107.92398270742,9.094238404292,0.));
#3309 = VECTOR('',#3310,1.);
#3310 = DIRECTION('',(-1.,0.,0.));
#3311 = PCURVE('',#3222,#3312);
#3312 = DEFINITIONAL_REPRESENTATION('',(#3313),#3317);
#3313 = LINE('',#3314,#3315);
#3314 = CARTESIAN_POINT('',(0.,-0.));
#3315 = VECTOR('',#3316,1.);
#3316 = DIRECTION('',(1.,0.));
#3317 = ( GEOMETRIC_REPRESENTATION_CONTEXT(2) 
PARAMETRIC_REPRESENTATION_CONTEXT() REPRESENTATION_CONTEXT('2D SPACE',''
  ) );
#3318 = PCURVE('',#2832,#3319);
#3319 = DEFINITIONAL_REPRESENTATION('',(#3320),#3324);
#3320 = LINE('',#3321,#3322);
#3321 = CARTESIAN_POINT('',(1.768238016143,1.176627045091));
#3322 = VECTOR('',#3323,1.);
#3323 = DIRECTION('',(-1.,0.));
#3324 = ( GEOMETRIC_REPRESENTATION_CONTEXT(2) 
PARAMETRIC_REPRESENTATION_CONTEXT() REPRESENTATION_CONTEXT('2D SPACE',''
  ) );
#3325 = ADVANCED_FACE('',(#3326),#3163,.F.);
#3326 = FACE_BOUND('',#3327,.F.);
#3327 = EDGE_LOOP('',(#3328,#3329,#3362,#3363));
#3328 = ORIENTED_EDGE('',*,*,#3282,.T.);
#3329 = ORIENTED_EDGE('',*,*,#3330,.T.);
#3330 = EDGE_CURVE('',#3260,#3143,#3331,.T.);
#3331 = SURFACE_CURVE('',#3332,(#3342,#3349),.PCURVE_S1.);
#3332 = B_SPLINE_CURVE_WITH_KNOTS('',8,(#3333,#3334,#3335,#3336,#3337,
    #3338,#3339,#3340,#3341),.UNSPECIFIED.,.F.,.F.,(9,9),(0.,1.),
  .PIECEWISE_BEZIER_KNOTS.);
#3333 = CARTESIAN_POINT('',(103.97096133099,9.094238404292,2.));
#3334 = CARTESIAN_POINT('',(104.07250911047,10.000403730353,2.));
#3335 = CARTESIAN_POINT('',(104.22767634171,10.191830352722,2.));
#3336 = CARTESIAN_POINT('',(105.03614416819,12.803472986448,2.));
#3337 = CARTESIAN_POINT('',(105.8908430557,9.875473487182,2.));
#3338 = CARTESIAN_POINT('',(107.05651031302,12.723472247112,2.));
#3339 = CARTESIAN_POINT('',(107.85977964061,10.431595998337,2.));
#3340 = CARTESIAN_POINT('',(107.96263741233,10.017095044228,2.));
#3341 = CARTESIAN_POINT('',(107.98622822977,9.14853329763,2.));
#3342 = PCURVE('',#3163,#3343);
#3343 = DEFINITIONAL_REPRESENTATION('',(#3344),#3348);
#3344 = LINE('',#3345,#3346);
#3345 = CARTESIAN_POINT('',(0.,-2.));
#3346 = VECTOR('',#3347,1.);
#3347 = DIRECTION('',(1.,0.));
#3348 = ( GEOMETRIC_REPRESENTATION_CONTEXT(2) 
PARAMETRIC_REPRESENTATION_CONTEXT() REPRESENTATION_CONTEXT('2D SPACE',''
  ) );
#3349 = PCURVE('',#2634,#3350);
#3350 = DEFINITIONAL_REPRESENTATION('',(#3351),#3361);
#3351 = B_SPLINE_CURVE_WITH_KNOTS('',8,(#3352,#3353,#3354,#3355,#3356,
    #3357,#3358,#3359,#3360),.UNSPECIFIED.,.F.,.F.,(9,9),(0.,1.),
  .PIECEWISE_BEZIER_KNOTS.);
#3352 = CARTESIAN_POINT('',(-2.184783360296,1.176627045091));
#3353 = CARTESIAN_POINT('',(-2.083235580807,2.082792371152));
#3354 = CARTESIAN_POINT('',(-1.928068349573,2.274218993522));
#3355 = CARTESIAN_POINT('',(-1.119600523091,4.885861627248));
#3356 = CARTESIAN_POINT('',(-0.264901635576,1.957862127981));
#3357 = CARTESIAN_POINT('',(0.90076562174,4.805860887912));
#3358 = CARTESIAN_POINT('',(1.704034949332,2.513984639136));
#3359 = CARTESIAN_POINT('',(1.806892721046,2.099483685028));
#3360 = CARTESIAN_POINT('',(1.830483538492,1.230921938429));
#3361 = ( GEOMETRIC_REPRESENTATION_CONTEXT(2) 
PARAMETRIC_REPRESENTATION_CONTEXT() REPRESENTATION_CONTEXT('2D SPACE',''
  ) );
#3362 = ORIENTED_EDGE('',*,*,#3140,.F.);
#3363 = ORIENTED_EDGE('',*,*,#3364,.F.);
#3364 = EDGE_CURVE('',#3283,#3141,#3365,.T.);
#3365 = SURFACE_CURVE('',#3366,(#3376,#3383),.PCURVE_S1.);
#3366 = B_SPLINE_CURVE_WITH_KNOTS('',8,(#3367,#3368,#3369,#3370,#3371,
    #3372,#3373,#3374,#3375),.UNSPECIFIED.,.F.,.F.,(9,9),(0.,1.),
  .PIECEWISE_BEZIER_KNOTS.);
#3367 = CARTESIAN_POINT('',(103.97096133099,9.094238404292,0.));
#3368 = CARTESIAN_POINT('',(104.07250911047,10.000403730353,0.));
#3369 = CARTESIAN_POINT('',(104.22767634171,10.191830352722,0.));
#3370 = CARTESIAN_POINT('',(105.03614416819,12.803472986448,0.));
#3371 = CARTESIAN_POINT('',(105.8908430557,9.875473487182,0.));
#3372 = CARTESIAN_POINT('',(107.05651031302,12.723472247112,0.));
#3373 = CARTESIAN_POINT('',(107.85977964061,10.431595998337,0.));
#3374 = CARTESIAN_POINT('',(107.96263741233,10.017095044228,0.));
#3375 = CARTESIAN_POINT('',(107.98622822977,9.14853329763,0.));
#3376 = PCURVE('',#3163,#3377);
#3377 = DEFINITIONAL_REPRESENTATION('',(#3378),#3382);
#3378 = LINE('',#3379,#3380);
#3379 = CARTESIAN_POINT('',(0.,0.));
#3380 = VECTOR('',#3381,1.);
#3381 = DIRECTION('',(1.,0.));
#3382 = ( GEOMETRIC_REPRESENTATION_CONTEXT(2) 
PARAMETRIC_REPRESENTATION_CONTEXT() REPRESENTATION_CONTEXT('2D SPACE',''
  ) );
#3383 = PCURVE('',#2832,#3384);
#3384 = DEFINITIONAL_REPRESENTATION('',(#3385),#3395);
#3385 = B_SPLINE_CURVE_WITH_KNOTS('',8,(#3386,#3387,#3388,#3389,#3390,
    #3391,#3392,#3393,#3394),.UNSPECIFIED.,.F.,.F.,(9,9),(0.,1.),
  .PIECEWISE_BEZIER_KNOTS.);
#3386 = CARTESIAN_POINT('',(-2.184783360296,1.176627045091));
#3387 = CARTESIAN_POINT('',(-2.083235580807,2.082792371152));
#3388 = CARTESIAN_POINT('',(-1.928068349573,2.274218993522));
#3389 = CARTESIAN_POINT('',(-1.119600523091,4.885861627248));
#3390 = CARTESIAN_POINT('',(-0.264901635576,1.957862127981));
#3391 = CARTESIAN_POINT('',(0.90076562174,4.805860887912));
#3392 = CARTESIAN_POINT('',(1.704034949332,2.513984639136));
#3393 = CARTESIAN_POINT('',(1.806892721046,2.099483685028));
#3394 = CARTESIAN_POINT('',(1.830483538492,1.230921938429));
#3395 = ( GEOMETRIC_REPRESENTATION_CONTEXT(2) 
PARAMETRIC_REPRESENTATION_CONTEXT() REPRESENTATION_CONTEXT('2D SPACE',''
  ) );
#3396 = ADVANCED_FACE('',(#3397,#3403),#2832,.F.);
#3397 = FACE_BOUND('',#3398,.F.);
#3398 = EDGE_LOOP('',(#3399,#3400,#3401,#3402));
#3399 = ORIENTED_EDGE('',*,*,#2746,.T.);
#3400 = ORIENTED_EDGE('',*,*,#2978,.T.);
#3401 = ORIENTED_EDGE('',*,*,#3059,.T.);
#3402 = ORIENTED_EDGE('',*,*,#3116,.T.);
#3403 = FACE_BOUND('',#3404,.F.);
#3404 = EDGE_LOOP('',(#3405,#3406,#3407));
#3405 = ORIENTED_EDGE('',*,*,#3234,.T.);
#3406 = ORIENTED_EDGE('',*,*,#3305,.T.);
#3407 = ORIENTED_EDGE('',*,*,#3364,.T.);
#3408 = ADVANCED_FACE('',(#3409,#3415),#2634,.T.);
#3409 = FACE_BOUND('',#3410,.T.);
#3410 = EDGE_LOOP('',(#3411,#3412,#3413,#3414));
#3411 = ORIENTED_EDGE('',*,*,#2546,.T.);
#3412 = ORIENTED_EDGE('',*,*,#2920,.T.);
#3413 = ORIENTED_EDGE('',*,*,#3003,.T.);
#3414 = ORIENTED_EDGE('',*,*,#3094,.T.);
#3415 = FACE_BOUND('',#3416,.T.);
#3416 = EDGE_LOOP('',(#3417,#3418,#3419));
#3417 = ORIENTED_EDGE('',*,*,#3183,.T.);
#3418 = ORIENTED_EDGE('',*,*,#3259,.T.);
#3419 = ORIENTED_EDGE('',*,*,#3330,.T.);
#3420 = MANIFOLD_SOLID_BREP('',#3421);
#3421 = CLOSED_SHELL('',(#3422,#3666,#3940,#4027,#4362,#4369));
#3422 = ADVANCED_FACE('',(#3423),#3437,.F.);
#3423 = FACE_BOUND('',#3424,.F.);
#3424 = EDGE_LOOP('',(#3425,#3534,#3562,#3640));
#3425 = ORIENTED_EDGE('',*,*,#3426,.T.);
#3426 = EDGE_CURVE('',#3427,#3429,#3431,.T.);
#3427 = VERTEX_POINT('',#3428);
#3428 = CARTESIAN_POINT('',(99.656905701578,4.03876710555,0.));
#3429 = VERTEX_POINT('',#3430);
#3430 = CARTESIAN_POINT('',(99.656905701578,4.03876710555,2.));
#3431 = SURFACE_CURVE('',#3432,(#3436,#3448),.PCURVE_S1.);
#3432 = LINE('',#3433,#3434);
#3433 = CARTESIAN_POINT('',(99.656905701578,4.03876710555,0.));
#3434 = VECTOR('',#3435,1.);
#3435 = DIRECTION('',(0.,0.,1.));
#3436 = PCURVE('',#3437,#3442);
#3437 = PLANE('',#3438);
#3438 = AXIS2_PLACEMENT_3D('',#3439,#3440,#3441);
#3439 = CARTESIAN_POINT('',(99.656905701578,4.03876710555,0.));
#3440 = DIRECTION('',(-0.993451952925,-0.114250677155,0.));
#3441 = DIRECTION('',(-0.114250677155,0.993451952925,0.));
#3442 = DEFINITIONAL_REPRESENTATION('',(#3443),#3447);
#3443 = LINE('',#3444,#3445);
#3444 = CARTESIAN_POINT('',(0.,0.));
#3445 = VECTOR('',#3446,1.);
#3446 = DIRECTION('',(0.,-1.));
#3447 = ( GEOMETRIC_REPRESENTATION_CONTEXT(2) 
PARAMETRIC_REPRESENTATION_CONTEXT() REPRESENTATION_CONTEXT('2D SPACE',''
  ) );
#3448 = PCURVE('',#3449,#3528);
#3449 = SURFACE_OF_LINEAR_EXTRUSION('',#3450,#3526);
#3450 = B_SPLINE_CURVE_WITH_KNOTS('',8,(#3451,#3452,#3453,#3454,#3455,
    #3456,#3457,#3458,#3459,#3460,#3461,#3462,#3463,#3464,#3465,#3466,
    #3467,#3468,#3469,#3470,#3471,#3472,#3473,#3474,#3475,#3476,#3477,
    #3478,#3479,#3480,#3481,#3482,#3483,#3484,#3485,#3486,#3487,#3488,
    #3489,#3490,#3491,#3492,#3493,#3494,#3495,#3496,#3497,#3498,#3499,
    #3500,#3501,#3502,#3503,#3504,#3505,#3506,#3507,#3508,#3509,#3510,
    #3511,#3512,#3513,#3514,#3515,#3516,#3517,#3518,#3519,#3520,#3521,
    #3522,#3523,#3524,#3525),.UNSPECIFIED.,.F.,.F.,(9,6,6,6,6,6,6,6,6,6,
    6,6,9),(0.,8.270834370156E-02,0.163986258184,0.25589941489,
    0.336127403836,0.41264717377,0.496419721656,0.589423224706,
    0.669451213211,0.74535285344,0.828468445224,0.917055472035,1.),
  .UNSPECIFIED.);
#3451 = CARTESIAN_POINT('',(100.16570332993,11.128085567325,0.));
#3452 = CARTESIAN_POINT('',(100.12372407187,11.325937515965,0.));
#3453 = CARTESIAN_POINT('',(99.837674480837,11.655984372697,0.));
#3454 = CARTESIAN_POINT('',(100.07187544175,11.55931277077,0.));
#3455 = CARTESIAN_POINT('',(99.43991810386,12.148110624519,0.));
#3456 = CARTESIAN_POINT('',(99.676849712003,11.985266463725,0.));
#3457 = CARTESIAN_POINT('',(99.297258872607,12.294124715654,0.));
#3458 = CARTESIAN_POINT('',(99.003299638876,12.504667154648,0.));
#3459 = CARTESIAN_POINT('',(98.50997871282,12.766583178326,0.));
#3460 = CARTESIAN_POINT('',(98.401067082464,12.797198858301,0.));
#3461 = CARTESIAN_POINT('',(98.029453497687,12.953006703404,0.));
#3462 = CARTESIAN_POINT('',(97.935796510344,12.95516289246,0.));
#3463 = CARTESIAN_POINT('',(97.64669302798,13.031567379132,0.));
#3464 = CARTESIAN_POINT('',(97.187383442655,13.10473870046,0.));
#3465 = CARTESIAN_POINT('',(96.66851184759,13.146171088468,0.));
#3466 = CARTESIAN_POINT('',(96.444934890255,13.143129645362,0.));
#3467 = CARTESIAN_POINT('',(96.125913386044,13.144094442559,0.));
#3468 = CARTESIAN_POINT('',(95.914466765703,13.130472562947,0.));
#3469 = CARTESIAN_POINT('',(95.627681373653,13.104381262486,0.));
#3470 = CARTESIAN_POINT('',(95.153334016878,13.035102238991,0.));
#3471 = CARTESIAN_POINT('',(94.668009032765,12.914000360101,0.));
#3472 = CARTESIAN_POINT('',(94.462552977524,12.849521889548,0.));
#3473 = CARTESIAN_POINT('',(94.227078848398,12.76392158739,0.));
#3474 = CARTESIAN_POINT('',(94.035972024334,12.677371945769,0.));
#3475 = CARTESIAN_POINT('',(93.823169260815,12.56665428727,0.));
#3476 = CARTESIAN_POINT('',(93.447009171275,12.334318607252,0.));
#3477 = CARTESIAN_POINT('',(93.097758404828,12.0469347576,0.));
#3478 = CARTESIAN_POINT('',(92.945538078404,11.901539161644,0.));
#3479 = CARTESIAN_POINT('',(92.787701469,11.730731455763,0.));
#3480 = CARTESIAN_POINT('',(92.658125050152,11.571048142348,0.));
#3481 = CARTESIAN_POINT('',(92.528248717495,11.386284995854,0.));
#3482 = CARTESIAN_POINT('',(92.29178635142,10.999087736171,0.));
#3483 = CARTESIAN_POINT('',(92.104274763992,10.577893761451,0.));
#3484 = CARTESIAN_POINT('',(92.024016405844,10.358455723912,0.));
#3485 = CARTESIAN_POINT('',(91.951161818329,10.121106388452,0.));
#3486 = CARTESIAN_POINT('',(91.898138536758,9.896243527915,0.));
#3487 = CARTESIAN_POINT('',(91.851972605878,9.657443800907,0.));
#3488 = CARTESIAN_POINT('',(91.781879958334,9.160655611907,0.));
#3489 = CARTESIAN_POINT('',(91.754119918458,8.65547905393,0.));
#3490 = CARTESIAN_POINT('',(91.75355417765,8.39345967587,0.));
#3491 = CARTESIAN_POINT('',(91.755038490778,8.123668720065,0.));
#3492 = CARTESIAN_POINT('',(91.773795188099,7.862990335451,0.));
#3493 = CARTESIAN_POINT('',(91.80181893751,7.597079515374,0.));
#3494 = CARTESIAN_POINT('',(91.881669505703,7.110788957463,0.));
#3495 = CARTESIAN_POINT('',(92.013088199462,6.634840603932,0.));
#3496 = CARTESIAN_POINT('',(92.087308256581,6.418623813154,0.));
#3497 = CARTESIAN_POINT('',(92.170146875667,6.207034180171,0.));
#3498 = CARTESIAN_POINT('',(92.273497975256,5.999450958878,0.));
#3499 = CARTESIAN_POINT('',(92.383073319013,5.801889570916,0.));
#3500 = CARTESIAN_POINT('',(92.632042760649,5.429577889164,0.));
#3501 = CARTESIAN_POINT('',(92.922625844064,5.097410739596,0.));
#3502 = CARTESIAN_POINT('',(93.086558756706,4.939739376019,0.));
#3503 = CARTESIAN_POINT('',(93.227531588988,4.80822753239,0.));
#3504 = CARTESIAN_POINT('',(93.428719082443,4.662591520607,0.));
#3505 = CARTESIAN_POINT('',(93.586617396036,4.551007414099,0.));
#3506 = CARTESIAN_POINT('',(93.99605593894,4.314535656005,0.));
#3507 = CARTESIAN_POINT('',(94.388493015248,4.140867032828,0.));
#3508 = CARTESIAN_POINT('',(94.669466938612,4.042755503937,0.));
#3509 = CARTESIAN_POINT('',(94.775184111204,4.002066678792,0.));
#3510 = CARTESIAN_POINT('',(95.148353059907,3.914293748287,0.));
#3511 = CARTESIAN_POINT('',(95.281105567326,3.883866201056,0.));
#3512 = CARTESIAN_POINT('',(95.837878837468,3.795631698031,0.));
#3513 = CARTESIAN_POINT('',(96.237514815066,3.765789474161,0.));
#3514 = CARTESIAN_POINT('',(96.693514855713,3.737413532837,0.));
#3515 = CARTESIAN_POINT('',(96.536031563456,3.757259068278,0.));
#3516 = CARTESIAN_POINT('',(97.264352718039,3.751018620936,0.));
#3517 = CARTESIAN_POINT('',(97.185153834002,3.756862797606,0.));
#3518 = CARTESIAN_POINT('',(97.916210579643,3.776893103104,0.));
#3519 = CARTESIAN_POINT('',(98.127228077014,3.803828950792,0.));
#3520 = CARTESIAN_POINT('',(99.091186369362,3.830047887804,0.));
#3521 = CARTESIAN_POINT('',(97.646417416091,3.831273945888,0.));
#3522 = CARTESIAN_POINT('',(100.13969370682,3.879969902322,0.));
#3523 = CARTESIAN_POINT('',(98.464003190814,3.939926483261,0.));
#3524 = CARTESIAN_POINT('',(99.691986381759,3.923922886544,0.));
#3525 = CARTESIAN_POINT('',(99.656905701578,4.03876710555,0.));
#3526 = VECTOR('',#3527,1.);
#3527 = DIRECTION('',(-0.,-0.,-1.));
#3528 = DEFINITIONAL_REPRESENTATION('',(#3529),#3533);
#3529 = LINE('',#3530,#3531);
#3530 = CARTESIAN_POINT('',(1.,0.));
#3531 = VECTOR('',#3532,1.);
#3532 = DIRECTION('',(0.,-1.));
#3533 = ( GEOMETRIC_REPRESENTATION_CONTEXT(2) 
PARAMETRIC_REPRESENTATION_CONTEXT() REPRESENTATION_CONTEXT('2D SPACE',''
  ) );
#3534 = ORIENTED_EDGE('',*,*,#3535,.T.);
#3535 = EDGE_CURVE('',#3429,#3536,#3538,.T.);
#3536 = VERTEX_POINT('',#3537);
#3537 = CARTESIAN_POINT('',(99.441567522778,5.911212325099,2.));
#3538 = SURFACE_CURVE('',#3539,(#3543,#3550),.PCURVE_S1.);
#3539 = LINE('',#3540,#3541);
#3540 = CARTESIAN_POINT('',(99.656905701578,4.03876710555,2.));
#3541 = VECTOR('',#3542,1.);
#3542 = DIRECTION('',(-0.114250677155,0.993451952925,0.));
#3543 = PCURVE('',#3437,#3544);
#3544 = DEFINITIONAL_REPRESENTATION('',(#3545),#3549);
#3545 = LINE('',#3546,#3547);
#3546 = CARTESIAN_POINT('',(0.,-2.));
#3547 = VECTOR('',#3548,1.);
#3548 = DIRECTION('',(1.,0.));
#3549 = ( GEOMETRIC_REPRESENTATION_CONTEXT(2) 
PARAMETRIC_REPRESENTATION_CONTEXT() REPRESENTATION_CONTEXT('2D SPACE',''
  ) );
#3550 = PCURVE('',#3551,#3556);
#3551 = PLANE('',#3552);
#3552 = AXIS2_PLACEMENT_3D('',#3553,#3554,#3555);
#3553 = CARTESIAN_POINT('',(95.803182743302,8.440016168114,2.));
#3554 = DIRECTION('',(0.,0.,1.));
#3555 = DIRECTION('',(1.,0.,-0.));
#3556 = DEFINITIONAL_REPRESENTATION('',(#3557),#3561);
#3557 = LINE('',#3558,#3559);
#3558 = CARTESIAN_POINT('',(3.853722958276,-4.401249062564));
#3559 = VECTOR('',#3560,1.);
#3560 = DIRECTION('',(-0.114250677155,0.993451952925));
#3561 = ( GEOMETRIC_REPRESENTATION_CONTEXT(2) 
PARAMETRIC_REPRESENTATION_CONTEXT() REPRESENTATION_CONTEXT('2D SPACE',''
  ) );
#3562 = ORIENTED_EDGE('',*,*,#3563,.F.);
#3563 = EDGE_CURVE('',#3564,#3536,#3566,.T.);
#3564 = VERTEX_POINT('',#3565);
#3565 = CARTESIAN_POINT('',(99.441567522778,5.911212325099,0.));
#3566 = SURFACE_CURVE('',#3567,(#3571,#3578),.PCURVE_S1.);
#3567 = LINE('',#3568,#3569);
#3568 = CARTESIAN_POINT('',(99.441567522778,5.911212325099,0.));
#3569 = VECTOR('',#3570,1.);
#3570 = DIRECTION('',(0.,0.,1.));
#3571 = PCURVE('',#3437,#3572);
#3572 = DEFINITIONAL_REPRESENTATION('',(#3573),#3577);
#3573 = LINE('',#3574,#3575);
#3574 = CARTESIAN_POINT('',(1.88478689285,0.));
#3575 = VECTOR('',#3576,1.);
#3576 = DIRECTION('',(0.,-1.));
#3577 = ( GEOMETRIC_REPRESENTATION_CONTEXT(2) 
PARAMETRIC_REPRESENTATION_CONTEXT() REPRESENTATION_CONTEXT('2D SPACE',''
  ) );
#3578 = PCURVE('',#3579,#3634);
#3579 = SURFACE_OF_LINEAR_EXTRUSION('',#3580,#3632);
#3580 = B_SPLINE_CURVE_WITH_KNOTS('',8,(#3581,#3582,#3583,#3584,#3585,
    #3586,#3587,#3588,#3589,#3590,#3591,#3592,#3593,#3594,#3595,#3596,
    #3597,#3598,#3599,#3600,#3601,#3602,#3603,#3604,#3605,#3606,#3607,
    #3608,#3609,#3610,#3611,#3612,#3613,#3614,#3615,#3616,#3617,#3618,
    #3619,#3620,#3621,#3622,#3623,#3624,#3625,#3626,#3627,#3628,#3629,
    #3630,#3631),.UNSPECIFIED.,.F.,.F.,(9,6,6,6,6,6,6,6,9),(0.,
    0.123553675254,0.256385141856,0.372174575209,0.496443750824,
    0.628501356637,0.745338094583,0.875085947325,1.),.UNSPECIFIED.);
#3581 = CARTESIAN_POINT('',(99.441567522778,5.911212325099,0.));
#3582 = CARTESIAN_POINT('',(99.4067696502,6.005642479062,0.));
#3583 = CARTESIAN_POINT('',(98.606708803214,5.663383967259,0.));
#3584 = CARTESIAN_POINT('',(99.263706505421,6.080432399139,0.));
#3585 = CARTESIAN_POINT('',(98.308610190871,5.629865761245,0.));
#3586 = CARTESIAN_POINT('',(98.43470131996,5.865667063368,0.));
#3587 = CARTESIAN_POINT('',(98.167518139947,5.74959583783,0.));
#3588 = CARTESIAN_POINT('',(97.683067295612,5.74644367223,0.));
#3589 = CARTESIAN_POINT('',(97.28767915112,5.702223913694,0.));
#3590 = CARTESIAN_POINT('',(96.920117090326,5.746762357309,0.));
#3591 = CARTESIAN_POINT('',(96.952303872792,5.659258736495,0.));
#3592 = CARTESIAN_POINT('',(96.433782718504,5.754893284462,0.));
#3593 = CARTESIAN_POINT('',(96.37236983607,5.732097581627,0.));
#3594 = CARTESIAN_POINT('',(95.853917588138,5.833081157142,0.));
#3595 = CARTESIAN_POINT('',(95.513164610468,5.943143805373,0.));
#3596 = CARTESIAN_POINT('',(95.21848714017,6.063712345862,0.));
#3597 = CARTESIAN_POINT('',(95.194995786617,6.080392763236,0.));
#3598 = CARTESIAN_POINT('',(94.885925899777,6.266034310352,0.));
#3599 = CARTESIAN_POINT('',(94.790220585614,6.350823890831,0.));
#3600 = CARTESIAN_POINT('',(94.459101982791,6.665179093454,0.));
#3601 = CARTESIAN_POINT('',(94.248725403007,6.998730561194,0.));
#3602 = CARTESIAN_POINT('',(94.118590852589,7.222950590097,0.));
#3603 = CARTESIAN_POINT('',(94.080405768722,7.387855747584,0.));
#3604 = CARTESIAN_POINT('',(93.989281739004,7.632905406415,0.));
#3605 = CARTESIAN_POINT('',(93.962539543997,7.83215390991,0.));
#3606 = CARTESIAN_POINT('',(93.900716280412,8.284013468695,0.));
#3607 = CARTESIAN_POINT('',(93.90783632089,8.730392636053,0.));
#3608 = CARTESIAN_POINT('',(93.90716313415,8.962077931086,0.));
#3609 = CARTESIAN_POINT('',(93.952758937921,9.200877681588,0.));
#3610 = CARTESIAN_POINT('',(93.972278298402,9.414199661491,0.));
#3611 = CARTESIAN_POINT('',(94.053399074883,9.65361155246,0.));
#3612 = CARTESIAN_POINT('',(94.2044241009,10.047772684113,0.));
#3613 = CARTESIAN_POINT('',(94.472343029329,10.421556093775,0.));
#3614 = CARTESIAN_POINT('',(94.5673154624,10.54423634967,0.));
#3615 = CARTESIAN_POINT('',(94.816149631154,10.740910731808,0.));
#3616 = CARTESIAN_POINT('',(94.873596504871,10.802658431481,0.));
#3617 = CARTESIAN_POINT('',(95.13194674595,10.931425923061,0.));
#3618 = CARTESIAN_POINT('',(95.481786695103,11.078670528519,0.));
#3619 = CARTESIAN_POINT('',(95.969746806275,11.172376166411,0.));
#3620 = CARTESIAN_POINT('',(96.076568242574,11.176835431393,0.));
#3621 = CARTESIAN_POINT('',(96.516493294411,11.189671696995,0.));
#3622 = CARTESIAN_POINT('',(96.536366629705,11.197359533476,0.));
#3623 = CARTESIAN_POINT('',(96.878791410338,11.145698217088,0.));
#3624 = CARTESIAN_POINT('',(97.258178064497,11.048041613548,0.));
#3625 = CARTESIAN_POINT('',(97.709674378476,10.837998861144,0.));
#3626 = CARTESIAN_POINT('',(97.827301495124,10.746718980007,0.));
#3627 = CARTESIAN_POINT('',(98.114724948216,10.571927051998,0.));
#3628 = CARTESIAN_POINT('',(98.169945365595,10.466734844655,0.));
#3629 = CARTESIAN_POINT('',(98.381013186113,10.270836818079,0.));
#3630 = CARTESIAN_POINT('',(98.487829206038,10.106697258131,0.));
#3631 = CARTESIAN_POINT('',(98.607587448323,9.918528980505,0.));
#3632 = VECTOR('',#3633,1.);
#3633 = DIRECTION('',(-0.,-0.,-1.));
#3634 = DEFINITIONAL_REPRESENTATION('',(#3635),#3639);
#3635 = LINE('',#3636,#3637);
#3636 = CARTESIAN_POINT('',(0.,0.));
#3637 = VECTOR('',#3638,1.);
#3638 = DIRECTION('',(0.,-1.));
#3639 = ( GEOMETRIC_REPRESENTATION_CONTEXT(2) 
PARAMETRIC_REPRESENTATION_CONTEXT() REPRESENTATION_CONTEXT('2D SPACE',''
  ) );
#3640 = ORIENTED_EDGE('',*,*,#3641,.F.);
#3641 = EDGE_CURVE('',#3427,#3564,#3642,.T.);
#3642 = SURFACE_CURVE('',#3643,(#3647,#3654),.PCURVE_S1.);
#3643 = LINE('',#3644,#3645);
#3644 = CARTESIAN_POINT('',(99.656905701578,4.03876710555,0.));
#3645 = VECTOR('',#3646,1.);
#3646 = DIRECTION('',(-0.114250677155,0.993451952925,0.));
#3647 = PCURVE('',#3437,#3648);
#3648 = DEFINITIONAL_REPRESENTATION('',(#3649),#3653);
#3649 = LINE('',#3650,#3651);
#3650 = CARTESIAN_POINT('',(0.,0.));
#3651 = VECTOR('',#3652,1.);
#3652 = DIRECTION('',(1.,0.));
#3653 = ( GEOMETRIC_REPRESENTATION_CONTEXT(2) 
PARAMETRIC_REPRESENTATION_CONTEXT() REPRESENTATION_CONTEXT('2D SPACE',''
  ) );
#3654 = PCURVE('',#3655,#3660);
#3655 = PLANE('',#3656);
#3656 = AXIS2_PLACEMENT_3D('',#3657,#3658,#3659);
#3657 = CARTESIAN_POINT('',(95.803182743302,8.440016168114,0.));
#3658 = DIRECTION('',(0.,0.,1.));
#3659 = DIRECTION('',(1.,0.,-0.));
#3660 = DEFINITIONAL_REPRESENTATION('',(#3661),#3665);
#3661 = LINE('',#3662,#3663);
#3662 = CARTESIAN_POINT('',(3.853722958276,-4.401249062564));
#3663 = VECTOR('',#3664,1.);
#3664 = DIRECTION('',(-0.114250677155,0.993451952925));
#3665 = ( GEOMETRIC_REPRESENTATION_CONTEXT(2) 
PARAMETRIC_REPRESENTATION_CONTEXT() REPRESENTATION_CONTEXT('2D SPACE',''
  ) );
#3666 = ADVANCED_FACE('',(#3667),#3579,.F.);
#3667 = FACE_BOUND('',#3668,.F.);
#3668 = EDGE_LOOP('',(#3669,#3670,#3789,#3823));
#3669 = ORIENTED_EDGE('',*,*,#3563,.T.);
#3670 = ORIENTED_EDGE('',*,*,#3671,.T.);
#3671 = EDGE_CURVE('',#3536,#3672,#3674,.T.);
#3672 = VERTEX_POINT('',#3673);
#3673 = CARTESIAN_POINT('',(98.607587448323,9.918528980505,2.));
#3674 = SURFACE_CURVE('',#3675,(#3727,#3734),.PCURVE_S1.);
#3675 = B_SPLINE_CURVE_WITH_KNOTS('',8,(#3676,#3677,#3678,#3679,#3680,
    #3681,#3682,#3683,#3684,#3685,#3686,#3687,#3688,#3689,#3690,#3691,
    #3692,#3693,#3694,#3695,#3696,#3697,#3698,#3699,#3700,#3701,#3702,
    #3703,#3704,#3705,#3706,#3707,#3708,#3709,#3710,#3711,#3712,#3713,
    #3714,#3715,#3716,#3717,#3718,#3719,#3720,#3721,#3722,#3723,#3724,
    #3725,#3726),.UNSPECIFIED.,.F.,.F.,(9,6,6,6,6,6,6,6,9),(0.,
    0.123553675254,0.256385141856,0.372174575209,0.496443750824,
    0.628501356637,0.745338094583,0.875085947325,1.),.UNSPECIFIED.);
#3676 = CARTESIAN_POINT('',(99.441567522778,5.911212325099,2.));
#3677 = CARTESIAN_POINT('',(99.4067696502,6.005642479062,2.));
#3678 = CARTESIAN_POINT('',(98.606708803214,5.663383967259,2.));
#3679 = CARTESIAN_POINT('',(99.263706505421,6.080432399139,2.));
#3680 = CARTESIAN_POINT('',(98.308610190871,5.629865761245,2.));
#3681 = CARTESIAN_POINT('',(98.43470131996,5.865667063368,2.));
#3682 = CARTESIAN_POINT('',(98.167518139947,5.74959583783,2.));
#3683 = CARTESIAN_POINT('',(97.683067295612,5.74644367223,2.));
#3684 = CARTESIAN_POINT('',(97.28767915112,5.702223913694,2.));
#3685 = CARTESIAN_POINT('',(96.920117090326,5.746762357309,2.));
#3686 = CARTESIAN_POINT('',(96.952303872792,5.659258736495,2.));
#3687 = CARTESIAN_POINT('',(96.433782718504,5.754893284462,2.));
#3688 = CARTESIAN_POINT('',(96.37236983607,5.732097581627,2.));
#3689 = CARTESIAN_POINT('',(95.853917588138,5.833081157142,2.));
#3690 = CARTESIAN_POINT('',(95.513164610468,5.943143805373,2.));
#3691 = CARTESIAN_POINT('',(95.21848714017,6.063712345862,2.));
#3692 = CARTESIAN_POINT('',(95.194995786617,6.080392763236,2.));
#3693 = CARTESIAN_POINT('',(94.885925899777,6.266034310352,2.));
#3694 = CARTESIAN_POINT('',(94.790220585614,6.350823890831,2.));
#3695 = CARTESIAN_POINT('',(94.459101982791,6.665179093454,2.));
#3696 = CARTESIAN_POINT('',(94.248725403007,6.998730561194,2.));
#3697 = CARTESIAN_POINT('',(94.118590852589,7.222950590097,2.));
#3698 = CARTESIAN_POINT('',(94.080405768722,7.387855747584,2.));
#3699 = CARTESIAN_POINT('',(93.989281739004,7.632905406415,2.));
#3700 = CARTESIAN_POINT('',(93.962539543997,7.83215390991,2.));
#3701 = CARTESIAN_POINT('',(93.900716280412,8.284013468695,2.));
#3702 = CARTESIAN_POINT('',(93.90783632089,8.730392636053,2.));
#3703 = CARTESIAN_POINT('',(93.90716313415,8.962077931086,2.));
#3704 = CARTESIAN_POINT('',(93.952758937921,9.200877681588,2.));
#3705 = CARTESIAN_POINT('',(93.972278298402,9.414199661491,2.));
#3706 = CARTESIAN_POINT('',(94.053399074883,9.65361155246,2.));
#3707 = CARTESIAN_POINT('',(94.2044241009,10.047772684113,2.));
#3708 = CARTESIAN_POINT('',(94.472343029329,10.421556093775,2.));
#3709 = CARTESIAN_POINT('',(94.5673154624,10.54423634967,2.));
#3710 = CARTESIAN_POINT('',(94.816149631154,10.740910731808,2.));
#3711 = CARTESIAN_POINT('',(94.873596504871,10.802658431481,2.));
#3712 = CARTESIAN_POINT('',(95.13194674595,10.931425923061,2.));
#3713 = CARTESIAN_POINT('',(95.481786695103,11.078670528519,2.));
#3714 = CARTESIAN_POINT('',(95.969746806275,11.172376166411,2.));
#3715 = CARTESIAN_POINT('',(96.076568242574,11.176835431393,2.));
#3716 = CARTESIAN_POINT('',(96.516493294411,11.189671696995,2.));
#3717 = CARTESIAN_POINT('',(96.536366629705,11.197359533476,2.));
#3718 = CARTESIAN_POINT('',(96.878791410338,11.145698217088,2.));
#3719 = CARTESIAN_POINT('',(97.258178064497,11.048041613548,2.));
#3720 = CARTESIAN_POINT('',(97.709674378476,10.837998861144,2.));
#3721 = CARTESIAN_POINT('',(97.827301495124,10.746718980007,2.));
#3722 = CARTESIAN_POINT('',(98.114724948216,10.571927051998,2.));
#3723 = CARTESIAN_POINT('',(98.169945365595,10.466734844655,2.));
#3724 = CARTESIAN_POINT('',(98.381013186113,10.270836818079,2.));
#3725 = CARTESIAN_POINT('',(98.487829206038,10.106697258131,2.));
#3726 = CARTESIAN_POINT('',(98.607587448323,9.918528980505,2.));
#3727 = PCURVE('',#3579,#3728);
#3728 = DEFINITIONAL_REPRESENTATION('',(#3729),#3733);
#3729 = LINE('',#3730,#3731);
#3730 = CARTESIAN_POINT('',(0.,-2.));
#3731 = VECTOR('',#3732,1.);
#3732 = DIRECTION('',(1.,0.));
#3733 = ( GEOMETRIC_REPRESENTATION_CONTEXT(2) 
PARAMETRIC_REPRESENTATION_CONTEXT() REPRESENTATION_CONTEXT('2D SPACE',''
  ) );
#3734 = PCURVE('',#3551,#3735);
#3735 = DEFINITIONAL_REPRESENTATION('',(#3736),#3788);
#3736 = B_SPLINE_CURVE_WITH_KNOTS('',8,(#3737,#3738,#3739,#3740,#3741,
    #3742,#3743,#3744,#3745,#3746,#3747,#3748,#3749,#3750,#3751,#3752,
    #3753,#3754,#3755,#3756,#3757,#3758,#3759,#3760,#3761,#3762,#3763,
    #3764,#3765,#3766,#3767,#3768,#3769,#3770,#3771,#3772,#3773,#3774,
    #3775,#3776,#3777,#3778,#3779,#3780,#3781,#3782,#3783,#3784,#3785,
    #3786,#3787),.UNSPECIFIED.,.F.,.F.,(9,6,6,6,6,6,6,6,9),(0.,
    0.123553675254,0.256385141856,0.372174575209,0.496443750824,
    0.628501356637,0.745338094583,0.875085947325,1.),.UNSPECIFIED.);
#3737 = CARTESIAN_POINT('',(3.638384779476,-2.528803843015));
#3738 = CARTESIAN_POINT('',(3.603586906897,-2.434373689052));
#3739 = CARTESIAN_POINT('',(2.803526059912,-2.776632200855));
#3740 = CARTESIAN_POINT('',(3.460523762119,-2.359583768975));
#3741 = CARTESIAN_POINT('',(2.505427447569,-2.810150406868));
#3742 = CARTESIAN_POINT('',(2.631518576658,-2.574349104746));
#3743 = CARTESIAN_POINT('',(2.364335396645,-2.690420330284));
#3744 = CARTESIAN_POINT('',(1.87988455231,-2.693572495884));
#3745 = CARTESIAN_POINT('',(1.484496407817,-2.73779225442));
#3746 = CARTESIAN_POINT('',(1.116934347023,-2.693253810805));
#3747 = CARTESIAN_POINT('',(1.14912112949,-2.780757431619));
#3748 = CARTESIAN_POINT('',(0.630599975202,-2.685122883652));
#3749 = CARTESIAN_POINT('',(0.569187092767,-2.707918586487));
#3750 = CARTESIAN_POINT('',(5.073484483545E-02,-2.606935010972));
#3751 = CARTESIAN_POINT('',(-0.290018132834,-2.496872362741));
#3752 = CARTESIAN_POINT('',(-0.584695603132,-2.376303822252));
#3753 = CARTESIAN_POINT('',(-0.608186956685,-2.359623404877));
#3754 = CARTESIAN_POINT('',(-0.917256843525,-2.173981857762));
#3755 = CARTESIAN_POINT('',(-1.012962157688,-2.089192277283));
#3756 = CARTESIAN_POINT('',(-1.344080760511,-1.77483707466));
#3757 = CARTESIAN_POINT('',(-1.554457340295,-1.44128560692));
#3758 = CARTESIAN_POINT('',(-1.684591890713,-1.217065578017));
#3759 = CARTESIAN_POINT('',(-1.722776974581,-1.052160420529));
#3760 = CARTESIAN_POINT('',(-1.813901004298,-0.807110761699));
#3761 = CARTESIAN_POINT('',(-1.840643199305,-0.607862258203));
#3762 = CARTESIAN_POINT('',(-1.90246646289,-0.156002699419));
#3763 = CARTESIAN_POINT('',(-1.895346422412,0.290376467939));
#3764 = CARTESIAN_POINT('',(-1.896019609153,0.522061762973));
#3765 = CARTESIAN_POINT('',(-1.850423805381,0.760861513474));
#3766 = CARTESIAN_POINT('',(-1.8309044449,0.974183493377));
#3767 = CARTESIAN_POINT('',(-1.74978366842,1.213595384347));
#3768 = CARTESIAN_POINT('',(-1.598758642402,1.607756515999));
#3769 = CARTESIAN_POINT('',(-1.330839713973,1.981539925661));
#3770 = CARTESIAN_POINT('',(-1.235867280902,2.104220181556));
#3771 = CARTESIAN_POINT('',(-0.987033112148,2.300894563694));
#3772 = CARTESIAN_POINT('',(-0.929586238431,2.362642263368));
#3773 = CARTESIAN_POINT('',(-0.671235997352,2.491409754948));
#3774 = CARTESIAN_POINT('',(-0.3213960482,2.638654360405));
#3775 = CARTESIAN_POINT('',(0.166564062973,2.732359998297));
#3776 = CARTESIAN_POINT('',(0.273385499271,2.73681926328));
#3777 = CARTESIAN_POINT('',(0.713310551109,2.749655528881));
#3778 = CARTESIAN_POINT('',(0.733183886403,2.757343365363));
#3779 = CARTESIAN_POINT('',(1.075608667035,2.705682048974));
#3780 = CARTESIAN_POINT('',(1.454995321195,2.608025445435));
#3781 = CARTESIAN_POINT('',(1.906491635173,2.39798269303));
#3782 = CARTESIAN_POINT('',(2.024118751821,2.306702811893));
#3783 = CARTESIAN_POINT('',(2.311542204914,2.131910883884));
#3784 = CARTESIAN_POINT('',(2.366762622292,2.026718676541));
#3785 = CARTESIAN_POINT('',(2.57783044281,1.830820649965));
#3786 = CARTESIAN_POINT('',(2.684646462736,1.666681090018));
#3787 = CARTESIAN_POINT('',(2.804404705021,1.478512812391));
#3788 = ( GEOMETRIC_REPRESENTATION_CONTEXT(2) 
PARAMETRIC_REPRESENTATION_CONTEXT() REPRESENTATION_CONTEXT('2D SPACE',''
  ) );
#3789 = ORIENTED_EDGE('',*,*,#3790,.F.);
#3790 = EDGE_CURVE('',#3791,#3672,#3793,.T.);
#3791 = VERTEX_POINT('',#3792);
#3792 = CARTESIAN_POINT('',(98.607587448323,9.918528980505,0.));
#3793 = SURFACE_CURVE('',#3794,(#3798,#3805),.PCURVE_S1.);
#3794 = LINE('',#3795,#3796);
#3795 = CARTESIAN_POINT('',(98.607587448323,9.918528980505,0.));
#3796 = VECTOR('',#3797,1.);
#3797 = DIRECTION('',(0.,0.,1.));
#3798 = PCURVE('',#3579,#3799);
#3799 = DEFINITIONAL_REPRESENTATION('',(#3800),#3804);
#3800 = LINE('',#3801,#3802);
#3801 = CARTESIAN_POINT('',(1.,0.));
#3802 = VECTOR('',#3803,1.);
#3803 = DIRECTION('',(0.,-1.));
#3804 = ( GEOMETRIC_REPRESENTATION_CONTEXT(2) 
PARAMETRIC_REPRESENTATION_CONTEXT() REPRESENTATION_CONTEXT('2D SPACE',''
  ) );
#3805 = PCURVE('',#3806,#3817);
#3806 = SURFACE_OF_LINEAR_EXTRUSION('',#3807,#3815);
#3807 = B_SPLINE_CURVE_WITH_KNOTS('',6,(#3808,#3809,#3810,#3811,#3812,
    #3813,#3814),.UNSPECIFIED.,.F.,.F.,(7,7),(0.,1.),
  .PIECEWISE_BEZIER_KNOTS.);
#3808 = CARTESIAN_POINT('',(98.607587448323,9.918528980505,0.));
#3809 = CARTESIAN_POINT('',(98.880045372723,10.102367631091,0.));
#3810 = CARTESIAN_POINT('',(99.114347249422,10.339457703424,0.));
#3811 = CARTESIAN_POINT('',(99.402218391697,10.501462578048,0.));
#3812 = CARTESIAN_POINT('',(99.640296131104,10.733440229016,0.));
#3813 = CARTESIAN_POINT('',(99.908415189522,10.923131853687,0.));
#3814 = CARTESIAN_POINT('',(100.16570332993,11.128085567325,0.));
#3815 = VECTOR('',#3816,1.);
#3816 = DIRECTION('',(-0.,-0.,-1.));
#3817 = DEFINITIONAL_REPRESENTATION('',(#3818),#3822);
#3818 = LINE('',#3819,#3820);
#3819 = CARTESIAN_POINT('',(0.,0.));
#3820 = VECTOR('',#3821,1.);
#3821 = DIRECTION('',(0.,-1.));
#3822 = ( GEOMETRIC_REPRESENTATION_CONTEXT(2) 
PARAMETRIC_REPRESENTATION_CONTEXT() REPRESENTATION_CONTEXT('2D SPACE',''
  ) );
#3823 = ORIENTED_EDGE('',*,*,#3824,.F.);
#3824 = EDGE_CURVE('',#3564,#3791,#3825,.T.);
#3825 = SURFACE_CURVE('',#3826,(#3878,#3885),.PCURVE_S1.);
#3826 = B_SPLINE_CURVE_WITH_KNOTS('',8,(#3827,#3828,#3829,#3830,#3831,
    #3832,#3833,#3834,#3835,#3836,#3837,#3838,#3839,#3840,#3841,#3842,
    #3843,#3844,#3845,#3846,#3847,#3848,#3849,#3850,#3851,#3852,#3853,
    #3854,#3855,#3856,#3857,#3858,#3859,#3860,#3861,#3862,#3863,#3864,
    #3865,#3866,#3867,#3868,#3869,#3870,#3871,#3872,#3873,#3874,#3875,
    #3876,#3877),.UNSPECIFIED.,.F.,.F.,(9,6,6,6,6,6,6,6,9),(0.,
    0.123553675254,0.256385141856,0.372174575209,0.496443750824,
    0.628501356637,0.745338094583,0.875085947325,1.),.UNSPECIFIED.);
#3827 = CARTESIAN_POINT('',(99.441567522778,5.911212325099,0.));
#3828 = CARTESIAN_POINT('',(99.4067696502,6.005642479062,0.));
#3829 = CARTESIAN_POINT('',(98.606708803214,5.663383967259,0.));
#3830 = CARTESIAN_POINT('',(99.263706505421,6.080432399139,0.));
#3831 = CARTESIAN_POINT('',(98.308610190871,5.629865761245,0.));
#3832 = CARTESIAN_POINT('',(98.43470131996,5.865667063368,0.));
#3833 = CARTESIAN_POINT('',(98.167518139947,5.74959583783,0.));
#3834 = CARTESIAN_POINT('',(97.683067295612,5.74644367223,0.));
#3835 = CARTESIAN_POINT('',(97.28767915112,5.702223913694,0.));
#3836 = CARTESIAN_POINT('',(96.920117090326,5.746762357309,0.));
#3837 = CARTESIAN_POINT('',(96.952303872792,5.659258736495,0.));
#3838 = CARTESIAN_POINT('',(96.433782718504,5.754893284462,0.));
#3839 = CARTESIAN_POINT('',(96.37236983607,5.732097581627,0.));
#3840 = CARTESIAN_POINT('',(95.853917588138,5.833081157142,0.));
#3841 = CARTESIAN_POINT('',(95.513164610468,5.943143805373,0.));
#3842 = CARTESIAN_POINT('',(95.21848714017,6.063712345862,0.));
#3843 = CARTESIAN_POINT('',(95.194995786617,6.080392763236,0.));
#3844 = CARTESIAN_POINT('',(94.885925899777,6.266034310352,0.));
#3845 = CARTESIAN_POINT('',(94.790220585614,6.350823890831,0.));
#3846 = CARTESIAN_POINT('',(94.459101982791,6.665179093454,0.));
#3847 = CARTESIAN_POINT('',(94.248725403007,6.998730561194,0.));
#3848 = CARTESIAN_POINT('',(94.118590852589,7.222950590097,0.));
#3849 = CARTESIAN_POINT('',(94.080405768722,7.387855747584,0.));
#3850 = CARTESIAN_POINT('',(93.989281739004,7.632905406415,0.));
#3851 = CARTESIAN_POINT('',(93.962539543997,7.83215390991,0.));
#3852 = CARTESIAN_POINT('',(93.900716280412,8.284013468695,0.));
#3853 = CARTESIAN_POINT('',(93.90783632089,8.730392636053,0.));
#3854 = CARTESIAN_POINT('',(93.90716313415,8.962077931086,0.));
#3855 = CARTESIAN_POINT('',(93.952758937921,9.200877681588,0.));
#3856 = CARTESIAN_POINT('',(93.972278298402,9.414199661491,0.));
#3857 = CARTESIAN_POINT('',(94.053399074883,9.65361155246,0.));
#3858 = CARTESIAN_POINT('',(94.2044241009,10.047772684113,0.));
#3859 = CARTESIAN_POINT('',(94.472343029329,10.421556093775,0.));
#3860 = CARTESIAN_POINT('',(94.5673154624,10.54423634967,0.));
#3861 = CARTESIAN_POINT('',(94.816149631154,10.740910731808,0.));
#3862 = CARTESIAN_POINT('',(94.873596504871,10.802658431481,0.));
#3863 = CARTESIAN_POINT('',(95.13194674595,10.931425923061,0.));
#3864 = CARTESIAN_POINT('',(95.481786695103,11.078670528519,0.));
#3865 = CARTESIAN_POINT('',(95.969746806275,11.172376166411,0.));
#3866 = CARTESIAN_POINT('',(96.076568242574,11.176835431393,0.));
#3867 = CARTESIAN_POINT('',(96.516493294411,11.189671696995,0.));
#3868 = CARTESIAN_POINT('',(96.536366629705,11.197359533476,0.));
#3869 = CARTESIAN_POINT('',(96.878791410338,11.145698217088,0.));
#3870 = CARTESIAN_POINT('',(97.258178064497,11.048041613548,0.));
#3871 = CARTESIAN_POINT('',(97.709674378476,10.837998861144,0.));
#3872 = CARTESIAN_POINT('',(97.827301495124,10.746718980007,0.));
#3873 = CARTESIAN_POINT('',(98.114724948216,10.571927051998,0.));
#3874 = CARTESIAN_POINT('',(98.169945365595,10.466734844655,0.));
#3875 = CARTESIAN_POINT('',(98.381013186113,10.270836818079,0.));
#3876 = CARTESIAN_POINT('',(98.487829206038,10.106697258131,0.));
#3877 = CARTESIAN_POINT('',(98.607587448323,9.918528980505,0.));
#3878 = PCURVE('',#3579,#3879);
#3879 = DEFINITIONAL_REPRESENTATION('',(#3880),#3884);
#3880 = LINE('',#3881,#3882);
#3881 = CARTESIAN_POINT('',(0.,0.));
#3882 = VECTOR('',#3883,1.);
#3883 = DIRECTION('',(1.,0.));
#3884 = ( GEOMETRIC_REPRESENTATION_CONTEXT(2) 
PARAMETRIC_REPRESENTATION_CONTEXT() REPRESENTATION_CONTEXT('2D SPACE',''
  ) );
#3885 = PCURVE('',#3655,#3886);
#3886 = DEFINITIONAL_REPRESENTATION('',(#3887),#3939);
#3887 = B_SPLINE_CURVE_WITH_KNOTS('',8,(#3888,#3889,#3890,#3891,#3892,
    #3893,#3894,#3895,#3896,#3897,#3898,#3899,#3900,#3901,#3902,#3903,
    #3904,#3905,#3906,#3907,#3908,#3909,#3910,#3911,#3912,#3913,#3914,
    #3915,#3916,#3917,#3918,#3919,#3920,#3921,#3922,#3923,#3924,#3925,
    #3926,#3927,#3928,#3929,#3930,#3931,#3932,#3933,#3934,#3935,#3936,
    #3937,#3938),.UNSPECIFIED.,.F.,.F.,(9,6,6,6,6,6,6,6,9),(0.,
    0.123553675254,0.256385141856,0.372174575209,0.496443750824,
    0.628501356637,0.745338094583,0.875085947325,1.),.UNSPECIFIED.);
#3888 = CARTESIAN_POINT('',(3.638384779476,-2.528803843015));
#3889 = CARTESIAN_POINT('',(3.603586906897,-2.434373689052));
#3890 = CARTESIAN_POINT('',(2.803526059912,-2.776632200855));
#3891 = CARTESIAN_POINT('',(3.460523762119,-2.359583768975));
#3892 = CARTESIAN_POINT('',(2.505427447569,-2.810150406868));
#3893 = CARTESIAN_POINT('',(2.631518576658,-2.574349104746));
#3894 = CARTESIAN_POINT('',(2.364335396645,-2.690420330284));
#3895 = CARTESIAN_POINT('',(1.87988455231,-2.693572495884));
#3896 = CARTESIAN_POINT('',(1.484496407817,-2.73779225442));
#3897 = CARTESIAN_POINT('',(1.116934347023,-2.693253810805));
#3898 = CARTESIAN_POINT('',(1.14912112949,-2.780757431619));
#3899 = CARTESIAN_POINT('',(0.630599975202,-2.685122883652));
#3900 = CARTESIAN_POINT('',(0.569187092767,-2.707918586487));
#3901 = CARTESIAN_POINT('',(5.073484483545E-02,-2.606935010972));
#3902 = CARTESIAN_POINT('',(-0.290018132834,-2.496872362741));
#3903 = CARTESIAN_POINT('',(-0.584695603132,-2.376303822252));
#3904 = CARTESIAN_POINT('',(-0.608186956685,-2.359623404877));
#3905 = CARTESIAN_POINT('',(-0.917256843525,-2.173981857762));
#3906 = CARTESIAN_POINT('',(-1.012962157688,-2.089192277283));
#3907 = CARTESIAN_POINT('',(-1.344080760511,-1.77483707466));
#3908 = CARTESIAN_POINT('',(-1.554457340295,-1.44128560692));
#3909 = CARTESIAN_POINT('',(-1.684591890713,-1.217065578017));
#3910 = CARTESIAN_POINT('',(-1.722776974581,-1.052160420529));
#3911 = CARTESIAN_POINT('',(-1.813901004298,-0.807110761699));
#3912 = CARTESIAN_POINT('',(-1.840643199305,-0.607862258203));
#3913 = CARTESIAN_POINT('',(-1.90246646289,-0.156002699419));
#3914 = CARTESIAN_POINT('',(-1.895346422412,0.290376467939));
#3915 = CARTESIAN_POINT('',(-1.896019609153,0.522061762973));
#3916 = CARTESIAN_POINT('',(-1.850423805381,0.760861513474));
#3917 = CARTESIAN_POINT('',(-1.8309044449,0.974183493377));
#3918 = CARTESIAN_POINT('',(-1.74978366842,1.213595384347));
#3919 = CARTESIAN_POINT('',(-1.598758642402,1.607756515999));
#3920 = CARTESIAN_POINT('',(-1.330839713973,1.981539925661));
#3921 = CARTESIAN_POINT('',(-1.235867280902,2.104220181556));
#3922 = CARTESIAN_POINT('',(-0.987033112148,2.300894563694));
#3923 = CARTESIAN_POINT('',(-0.929586238431,2.362642263368));
#3924 = CARTESIAN_POINT('',(-0.671235997352,2.491409754948));
#3925 = CARTESIAN_POINT('',(-0.3213960482,2.638654360405));
#3926 = CARTESIAN_POINT('',(0.166564062973,2.732359998297));
#3927 = CARTESIAN_POINT('',(0.273385499271,2.73681926328));
#3928 = CARTESIAN_POINT('',(0.713310551109,2.749655528881));
#3929 = CARTESIAN_POINT('',(0.733183886403,2.757343365363));
#3930 = CARTESIAN_POINT('',(1.075608667035,2.705682048974));
#3931 = CARTESIAN_POINT('',(1.454995321195,2.608025445435));
#3932 = CARTESIAN_POINT('',(1.906491635173,2.39798269303));
#3933 = CARTESIAN_POINT('',(2.024118751821,2.306702811893));
#3934 = CARTESIAN_POINT('',(2.311542204914,2.131910883884));
#3935 = CARTESIAN_POINT('',(2.366762622292,2.026718676541));
#3936 = CARTESIAN_POINT('',(2.57783044281,1.830820649965));
#3937 = CARTESIAN_POINT('',(2.684646462736,1.666681090018));
#3938 = CARTESIAN_POINT('',(2.804404705021,1.478512812391));
#3939 = ( GEOMETRIC_REPRESENTATION_CONTEXT(2) 
PARAMETRIC_REPRESENTATION_CONTEXT() REPRESENTATION_CONTEXT('2D SPACE',''
  ) );
#3940 = ADVANCED_FACE('',(#3941),#3806,.F.);
#3941 = FACE_BOUND('',#3942,.F.);
#3942 = EDGE_LOOP('',(#3943,#3944,#3975,#3998));
#3943 = ORIENTED_EDGE('',*,*,#3790,.T.);
#3944 = ORIENTED_EDGE('',*,*,#3945,.T.);
#3945 = EDGE_CURVE('',#3672,#3946,#3948,.T.);
#3946 = VERTEX_POINT('',#3947);
#3947 = CARTESIAN_POINT('',(100.16570332993,11.128085567325,2.));
#3948 = SURFACE_CURVE('',#3949,(#3957,#3964),.PCURVE_S1.);
#3949 = B_SPLINE_CURVE_WITH_KNOTS('',6,(#3950,#3951,#3952,#3953,#3954,
    #3955,#3956),.UNSPECIFIED.,.F.,.F.,(7,7),(0.,1.),
  .PIECEWISE_BEZIER_KNOTS.);
#3950 = CARTESIAN_POINT('',(98.607587448323,9.918528980505,2.));
#3951 = CARTESIAN_POINT('',(98.880045372723,10.102367631091,2.));
#3952 = CARTESIAN_POINT('',(99.114347249422,10.339457703424,2.));
#3953 = CARTESIAN_POINT('',(99.402218391697,10.501462578048,2.));
#3954 = CARTESIAN_POINT('',(99.640296131104,10.733440229016,2.));
#3955 = CARTESIAN_POINT('',(99.908415189522,10.923131853687,2.));
#3956 = CARTESIAN_POINT('',(100.16570332993,11.128085567325,2.));
#3957 = PCURVE('',#3806,#3958);
#3958 = DEFINITIONAL_REPRESENTATION('',(#3959),#3963);
#3959 = LINE('',#3960,#3961);
#3960 = CARTESIAN_POINT('',(0.,-2.));
#3961 = VECTOR('',#3962,1.);
#3962 = DIRECTION('',(1.,0.));
#3963 = ( GEOMETRIC_REPRESENTATION_CONTEXT(2) 
PARAMETRIC_REPRESENTATION_CONTEXT() REPRESENTATION_CONTEXT('2D SPACE',''
  ) );
#3964 = PCURVE('',#3551,#3965);
#3965 = DEFINITIONAL_REPRESENTATION('',(#3966),#3974);
#3966 = B_SPLINE_CURVE_WITH_KNOTS('',6,(#3967,#3968,#3969,#3970,#3971,
    #3972,#3973),.UNSPECIFIED.,.F.,.F.,(7,7),(0.,1.),
  .PIECEWISE_BEZIER_KNOTS.);
#3967 = CARTESIAN_POINT('',(2.804404705021,1.478512812391));
#3968 = CARTESIAN_POINT('',(3.076862629421,1.662351462977));
#3969 = CARTESIAN_POINT('',(3.31116450612,1.899441535311));
#3970 = CARTESIAN_POINT('',(3.599035648395,2.061446409934));
#3971 = CARTESIAN_POINT('',(3.837113387802,2.293424060902));
#3972 = CARTESIAN_POINT('',(4.10523244622,2.483115685573));
#3973 = CARTESIAN_POINT('',(4.362520586634,2.688069399211));
#3974 = ( GEOMETRIC_REPRESENTATION_CONTEXT(2) 
PARAMETRIC_REPRESENTATION_CONTEXT() REPRESENTATION_CONTEXT('2D SPACE',''
  ) );
#3975 = ORIENTED_EDGE('',*,*,#3976,.F.);
#3976 = EDGE_CURVE('',#3977,#3946,#3979,.T.);
#3977 = VERTEX_POINT('',#3978);
#3978 = CARTESIAN_POINT('',(100.16570332993,11.128085567325,0.));
#3979 = SURFACE_CURVE('',#3980,(#3984,#3991),.PCURVE_S1.);
#3980 = LINE('',#3981,#3982);
#3981 = CARTESIAN_POINT('',(100.16570332993,11.128085567325,0.));
#3982 = VECTOR('',#3983,1.);
#3983 = DIRECTION('',(0.,0.,1.));
#3984 = PCURVE('',#3806,#3985);
#3985 = DEFINITIONAL_REPRESENTATION('',(#3986),#3990);
#3986 = LINE('',#3987,#3988);
#3987 = CARTESIAN_POINT('',(1.,0.));
#3988 = VECTOR('',#3989,1.);
#3989 = DIRECTION('',(0.,-1.));
#3990 = ( GEOMETRIC_REPRESENTATION_CONTEXT(2) 
PARAMETRIC_REPRESENTATION_CONTEXT() REPRESENTATION_CONTEXT('2D SPACE',''
  ) );
#3991 = PCURVE('',#3449,#3992);
#3992 = DEFINITIONAL_REPRESENTATION('',(#3993),#3997);
#3993 = LINE('',#3994,#3995);
#3994 = CARTESIAN_POINT('',(0.,0.));
#3995 = VECTOR('',#3996,1.);
#3996 = DIRECTION('',(0.,-1.));
#3997 = ( GEOMETRIC_REPRESENTATION_CONTEXT(2) 
PARAMETRIC_REPRESENTATION_CONTEXT() REPRESENTATION_CONTEXT('2D SPACE',''
  ) );
#3998 = ORIENTED_EDGE('',*,*,#3999,.F.);
#3999 = EDGE_CURVE('',#3791,#3977,#4000,.T.);
#4000 = SURFACE_CURVE('',#4001,(#4009,#4016),.PCURVE_S1.);
#4001 = B_SPLINE_CURVE_WITH_KNOTS('',6,(#4002,#4003,#4004,#4005,#4006,
    #4007,#4008),.UNSPECIFIED.,.F.,.F.,(7,7),(0.,1.),
  .PIECEWISE_BEZIER_KNOTS.);
#4002 = CARTESIAN_POINT('',(98.607587448323,9.918528980505,0.));
#4003 = CARTESIAN_POINT('',(98.880045372723,10.102367631091,0.));
#4004 = CARTESIAN_POINT('',(99.114347249422,10.339457703424,0.));
#4005 = CARTESIAN_POINT('',(99.402218391697,10.501462578048,0.));
#4006 = CARTESIAN_POINT('',(99.640296131104,10.733440229016,0.));
#4007 = CARTESIAN_POINT('',(99.908415189522,10.923131853687,0.));
#4008 = CARTESIAN_POINT('',(100.16570332993,11.128085567325,0.));
#4009 = PCURVE('',#3806,#4010);
#4010 = DEFINITIONAL_REPRESENTATION('',(#4011),#4015);
#4011 = LINE('',#4012,#4013);
#4012 = CARTESIAN_POINT('',(0.,0.));
#4013 = VECTOR('',#4014,1.);
#4014 = DIRECTION('',(1.,0.));
#4015 = ( GEOMETRIC_REPRESENTATION_CONTEXT(2) 
PARAMETRIC_REPRESENTATION_CONTEXT() REPRESENTATION_CONTEXT('2D SPACE',''
  ) );
#4016 = PCURVE('',#3655,#4017);
#4017 = DEFINITIONAL_REPRESENTATION('',(#4018),#4026);
#4018 = B_SPLINE_CURVE_WITH_KNOTS('',6,(#4019,#4020,#4021,#4022,#4023,
    #4024,#4025),.UNSPECIFIED.,.F.,.F.,(7,7),(0.,1.),
  .PIECEWISE_BEZIER_KNOTS.);
#4019 = CARTESIAN_POINT('',(2.804404705021,1.478512812391));
#4020 = CARTESIAN_POINT('',(3.076862629421,1.662351462977));
#4021 = CARTESIAN_POINT('',(3.31116450612,1.899441535311));
#4022 = CARTESIAN_POINT('',(3.599035648395,2.061446409934));
#4023 = CARTESIAN_POINT('',(3.837113387802,2.293424060902));
#4024 = CARTESIAN_POINT('',(4.10523244622,2.483115685573));
#4025 = CARTESIAN_POINT('',(4.362520586634,2.688069399211));
#4026 = ( GEOMETRIC_REPRESENTATION_CONTEXT(2) 
PARAMETRIC_REPRESENTATION_CONTEXT() REPRESENTATION_CONTEXT('2D SPACE',''
  ) );
#4027 = ADVANCED_FACE('',(#4028),#3449,.F.);
#4028 = FACE_BOUND('',#4029,.F.);
#4029 = EDGE_LOOP('',(#4030,#4031,#4196,#4197));
#4030 = ORIENTED_EDGE('',*,*,#3976,.T.);
#4031 = ORIENTED_EDGE('',*,*,#4032,.T.);
#4032 = EDGE_CURVE('',#3946,#3429,#4033,.T.);
#4033 = SURFACE_CURVE('',#4034,(#4110,#4117),.PCURVE_S1.);
#4034 = B_SPLINE_CURVE_WITH_KNOTS('',8,(#4035,#4036,#4037,#4038,#4039,
    #4040,#4041,#4042,#4043,#4044,#4045,#4046,#4047,#4048,#4049,#4050,
    #4051,#4052,#4053,#4054,#4055,#4056,#4057,#4058,#4059,#4060,#4061,
    #4062,#4063,#4064,#4065,#4066,#4067,#4068,#4069,#4070,#4071,#4072,
    #4073,#4074,#4075,#4076,#4077,#4078,#4079,#4080,#4081,#4082,#4083,
    #4084,#4085,#4086,#4087,#4088,#4089,#4090,#4091,#4092,#4093,#4094,
    #4095,#4096,#4097,#4098,#4099,#4100,#4101,#4102,#4103,#4104,#4105,
    #4106,#4107,#4108,#4109),.UNSPECIFIED.,.F.,.F.,(9,6,6,6,6,6,6,6,6,6,
    6,6,9),(0.,8.270834370156E-02,0.163986258184,0.25589941489,
    0.336127403836,0.41264717377,0.496419721656,0.589423224706,
    0.669451213211,0.74535285344,0.828468445224,0.917055472035,1.),
  .UNSPECIFIED.);
#4035 = CARTESIAN_POINT('',(100.16570332993,11.128085567325,2.));
#4036 = CARTESIAN_POINT('',(100.12372407187,11.325937515965,2.));
#4037 = CARTESIAN_POINT('',(99.837674480837,11.655984372697,2.));
#4038 = CARTESIAN_POINT('',(100.07187544175,11.55931277077,2.));
#4039 = CARTESIAN_POINT('',(99.43991810386,12.148110624519,2.));
#4040 = CARTESIAN_POINT('',(99.676849712003,11.985266463725,2.));
#4041 = CARTESIAN_POINT('',(99.297258872607,12.294124715654,2.));
#4042 = CARTESIAN_POINT('',(99.003299638876,12.504667154648,2.));
#4043 = CARTESIAN_POINT('',(98.50997871282,12.766583178326,2.));
#4044 = CARTESIAN_POINT('',(98.401067082464,12.797198858301,2.));
#4045 = CARTESIAN_POINT('',(98.029453497687,12.953006703404,2.));
#4046 = CARTESIAN_POINT('',(97.935796510344,12.95516289246,2.));
#4047 = CARTESIAN_POINT('',(97.64669302798,13.031567379132,2.));
#4048 = CARTESIAN_POINT('',(97.187383442655,13.10473870046,2.));
#4049 = CARTESIAN_POINT('',(96.66851184759,13.146171088468,2.));
#4050 = CARTESIAN_POINT('',(96.444934890255,13.143129645362,2.));
#4051 = CARTESIAN_POINT('',(96.125913386044,13.144094442559,2.));
#4052 = CARTESIAN_POINT('',(95.914466765703,13.130472562947,2.));
#4053 = CARTESIAN_POINT('',(95.627681373653,13.104381262486,2.));
#4054 = CARTESIAN_POINT('',(95.153334016878,13.035102238991,2.));
#4055 = CARTESIAN_POINT('',(94.668009032765,12.914000360101,2.));
#4056 = CARTESIAN_POINT('',(94.462552977524,12.849521889548,2.));
#4057 = CARTESIAN_POINT('',(94.227078848398,12.76392158739,2.));
#4058 = CARTESIAN_POINT('',(94.035972024334,12.677371945769,2.));
#4059 = CARTESIAN_POINT('',(93.823169260815,12.56665428727,2.));
#4060 = CARTESIAN_POINT('',(93.447009171275,12.334318607252,2.));
#4061 = CARTESIAN_POINT('',(93.097758404828,12.0469347576,2.));
#4062 = CARTESIAN_POINT('',(92.945538078404,11.901539161644,2.));
#4063 = CARTESIAN_POINT('',(92.787701469,11.730731455763,2.));
#4064 = CARTESIAN_POINT('',(92.658125050152,11.571048142348,2.));
#4065 = CARTESIAN_POINT('',(92.528248717495,11.386284995854,2.));
#4066 = CARTESIAN_POINT('',(92.29178635142,10.999087736171,2.));
#4067 = CARTESIAN_POINT('',(92.104274763992,10.577893761451,2.));
#4068 = CARTESIAN_POINT('',(92.024016405844,10.358455723912,2.));
#4069 = CARTESIAN_POINT('',(91.951161818329,10.121106388452,2.));
#4070 = CARTESIAN_POINT('',(91.898138536758,9.896243527915,2.));
#4071 = CARTESIAN_POINT('',(91.851972605878,9.657443800907,2.));
#4072 = CARTESIAN_POINT('',(91.781879958334,9.160655611907,2.));
#4073 = CARTESIAN_POINT('',(91.754119918458,8.65547905393,2.));
#4074 = CARTESIAN_POINT('',(91.75355417765,8.39345967587,2.));
#4075 = CARTESIAN_POINT('',(91.755038490778,8.123668720065,2.));
#4076 = CARTESIAN_POINT('',(91.773795188099,7.862990335451,2.));
#4077 = CARTESIAN_POINT('',(91.80181893751,7.597079515374,2.));
#4078 = CARTESIAN_POINT('',(91.881669505703,7.110788957463,2.));
#4079 = CARTESIAN_POINT('',(92.013088199462,6.634840603932,2.));
#4080 = CARTESIAN_POINT('',(92.087308256581,6.418623813154,2.));
#4081 = CARTESIAN_POINT('',(92.170146875667,6.207034180171,2.));
#4082 = CARTESIAN_POINT('',(92.273497975256,5.999450958878,2.));
#4083 = CARTESIAN_POINT('',(92.383073319013,5.801889570916,2.));
#4084 = CARTESIAN_POINT('',(92.632042760649,5.429577889164,2.));
#4085 = CARTESIAN_POINT('',(92.922625844064,5.097410739596,2.));
#4086 = CARTESIAN_POINT('',(93.086558756706,4.939739376019,2.));
#4087 = CARTESIAN_POINT('',(93.227531588988,4.80822753239,2.));
#4088 = CARTESIAN_POINT('',(93.428719082443,4.662591520607,2.));
#4089 = CARTESIAN_POINT('',(93.586617396036,4.551007414099,2.));
#4090 = CARTESIAN_POINT('',(93.99605593894,4.314535656005,2.));
#4091 = CARTESIAN_POINT('',(94.388493015248,4.140867032828,2.));
#4092 = CARTESIAN_POINT('',(94.669466938612,4.042755503937,2.));
#4093 = CARTESIAN_POINT('',(94.775184111204,4.002066678792,2.));
#4094 = CARTESIAN_POINT('',(95.148353059907,3.914293748287,2.));
#4095 = CARTESIAN_POINT('',(95.281105567326,3.883866201056,2.));
#4096 = CARTESIAN_POINT('',(95.837878837468,3.795631698031,2.));
#4097 = CARTESIAN_POINT('',(96.237514815066,3.765789474161,2.));
#4098 = CARTESIAN_POINT('',(96.693514855713,3.737413532837,2.));
#4099 = CARTESIAN_POINT('',(96.536031563456,3.757259068278,2.));
#4100 = CARTESIAN_POINT('',(97.264352718039,3.751018620936,2.));
#4101 = CARTESIAN_POINT('',(97.185153834002,3.756862797606,2.));
#4102 = CARTESIAN_POINT('',(97.916210579643,3.776893103104,2.));
#4103 = CARTESIAN_POINT('',(98.127228077014,3.803828950792,2.));
#4104 = CARTESIAN_POINT('',(99.091186369362,3.830047887804,2.));
#4105 = CARTESIAN_POINT('',(97.646417416091,3.831273945888,2.));
#4106 = CARTESIAN_POINT('',(100.13969370682,3.879969902322,2.));
#4107 = CARTESIAN_POINT('',(98.464003190814,3.939926483261,2.));
#4108 = CARTESIAN_POINT('',(99.691986381759,3.923922886544,2.));
#4109 = CARTESIAN_POINT('',(99.656905701578,4.03876710555,2.));
#4110 = PCURVE('',#3449,#4111);
#4111 = DEFINITIONAL_REPRESENTATION('',(#4112),#4116);
#4112 = LINE('',#4113,#4114);
#4113 = CARTESIAN_POINT('',(0.,-2.));
#4114 = VECTOR('',#4115,1.);
#4115 = DIRECTION('',(1.,0.));
#4116 = ( GEOMETRIC_REPRESENTATION_CONTEXT(2) 
PARAMETRIC_REPRESENTATION_CONTEXT() REPRESENTATION_CONTEXT('2D SPACE',''
  ) );
#4117 = PCURVE('',#3551,#4118);
#4118 = DEFINITIONAL_REPRESENTATION('',(#4119),#4195);
#4119 = B_SPLINE_CURVE_WITH_KNOTS('',8,(#4120,#4121,#4122,#4123,#4124,
    #4125,#4126,#4127,#4128,#4129,#4130,#4131,#4132,#4133,#4134,#4135,
    #4136,#4137,#4138,#4139,#4140,#4141,#4142,#4143,#4144,#4145,#4146,
    #4147,#4148,#4149,#4150,#4151,#4152,#4153,#4154,#4155,#4156,#4157,
    #4158,#4159,#4160,#4161,#4162,#4163,#4164,#4165,#4166,#4167,#4168,
    #4169,#4170,#4171,#4172,#4173,#4174,#4175,#4176,#4177,#4178,#4179,
    #4180,#4181,#4182,#4183,#4184,#4185,#4186,#4187,#4188,#4189,#4190,
    #4191,#4192,#4193,#4194),.UNSPECIFIED.,.F.,.F.,(9,6,6,6,6,6,6,6,6,6,
    6,6,9),(0.,8.270834370156E-02,0.163986258184,0.25589941489,
    0.336127403836,0.41264717377,0.496419721656,0.589423224706,
    0.669451213211,0.74535285344,0.828468445224,0.917055472035,1.),
  .UNSPECIFIED.);
#4120 = CARTESIAN_POINT('',(4.362520586634,2.688069399211));
#4121 = CARTESIAN_POINT('',(4.320541328576,2.885921347851));
#4122 = CARTESIAN_POINT('',(4.034491737534,3.215968204583));
#4123 = CARTESIAN_POINT('',(4.268692698453,3.119296602656));
#4124 = CARTESIAN_POINT('',(3.636735360557,3.708094456405));
#4125 = CARTESIAN_POINT('',(3.8736669687,3.545250295611));
#4126 = CARTESIAN_POINT('',(3.494076129304,3.85410854754));
#4127 = CARTESIAN_POINT('',(3.200116895574,4.064650986534));
#4128 = CARTESIAN_POINT('',(2.706795969518,4.326567010212));
#4129 = CARTESIAN_POINT('',(2.597884339161,4.357182690187));
#4130 = CARTESIAN_POINT('',(2.226270754385,4.51299053529));
#4131 = CARTESIAN_POINT('',(2.132613767041,4.515146724346));
#4132 = CARTESIAN_POINT('',(1.843510284678,4.591551211018));
#4133 = CARTESIAN_POINT('',(1.384200699352,4.664722532346));
#4134 = CARTESIAN_POINT('',(0.865329104287,4.706154920355));
#4135 = CARTESIAN_POINT('',(0.641752146953,4.703113477248));
#4136 = CARTESIAN_POINT('',(0.322730642741,4.704078274445));
#4137 = CARTESIAN_POINT('',(0.111284022401,4.690456394833));
#4138 = CARTESIAN_POINT('',(-0.175501369649,4.664365094372));
#4139 = CARTESIAN_POINT('',(-0.649848726424,4.595086070877));
#4140 = CARTESIAN_POINT('',(-1.135173710537,4.473984191987));
#4141 = CARTESIAN_POINT('',(-1.340629765778,4.409505721434));
#4142 = CARTESIAN_POINT('',(-1.576103894904,4.323905419276));
#4143 = CARTESIAN_POINT('',(-1.767210718968,4.237355777655));
#4144 = CARTESIAN_POINT('',(-1.980013482487,4.126638119156));
#4145 = CARTESIAN_POINT('',(-2.356173572028,3.894302439138));
#4146 = CARTESIAN_POINT('',(-2.705424338474,3.606918589486));
#4147 = CARTESIAN_POINT('',(-2.857644664898,3.46152299353));
#4148 = CARTESIAN_POINT('',(-3.015481274302,3.290715287649));
#4149 = CARTESIAN_POINT('',(-3.14505769315,3.131031974235));
#4150 = CARTESIAN_POINT('',(-3.274934025807,2.946268827741));
#4151 = CARTESIAN_POINT('',(-3.511396391883,2.559071568057));
#4152 = CARTESIAN_POINT('',(-3.69890797931,2.137877593337));
#4153 = CARTESIAN_POINT('',(-3.779166337458,1.918439555798));
#4154 = CARTESIAN_POINT('',(-3.852020924973,1.681090220339));
#4155 = CARTESIAN_POINT('',(-3.905044206545,1.456227359801));
#4156 = CARTESIAN_POINT('',(-3.951210137424,1.217427632793));
#4157 = CARTESIAN_POINT('',(-4.021302784968,0.720639443793));
#4158 = CARTESIAN_POINT('',(-4.049062824844,0.215462885816));
#4159 = CARTESIAN_POINT('',(-4.049628565652,-4.655649224369E-02));
#4160 = CARTESIAN_POINT('',(-4.048144252525,-0.316347448048));
#4161 = CARTESIAN_POINT('',(-4.029387555203,-0.577025832663));
#4162 = CARTESIAN_POINT('',(-4.001363805792,-0.84293665274));
#4163 = CARTESIAN_POINT('',(-3.9215132376,-1.329227210651));
#4164 = CARTESIAN_POINT('',(-3.79009454384,-1.805175564181));
#4165 = CARTESIAN_POINT('',(-3.715874486721,-2.02139235496));
#4166 = CARTESIAN_POINT('',(-3.633035867635,-2.232981987942));
#4167 = CARTESIAN_POINT('',(-3.529684768046,-2.440565209236));
#4168 = CARTESIAN_POINT('',(-3.420109424289,-2.638126597197));
#4169 = CARTESIAN_POINT('',(-3.171139982653,-3.01043827895));
#4170 = CARTESIAN_POINT('',(-2.880556899238,-3.342605428518));
#4171 = CARTESIAN_POINT('',(-2.716623986596,-3.500276792095));
#4172 = CARTESIAN_POINT('',(-2.575651154314,-3.631788635724));
#4173 = CARTESIAN_POINT('',(-2.374463660859,-3.777424647507));
#4174 = CARTESIAN_POINT('',(-2.216565347266,-3.889008754015));
#4175 = CARTESIAN_POINT('',(-1.807126804362,-4.125480512109));
#4176 = CARTESIAN_POINT('',(-1.414689728054,-4.299149135286));
#4177 = CARTESIAN_POINT('',(-1.13371580469,-4.397260664177));
#4178 = CARTESIAN_POINT('',(-1.027998632098,-4.437949489322));
#4179 = CARTESIAN_POINT('',(-0.654829683396,-4.525722419827));
#4180 = CARTESIAN_POINT('',(-0.522077175976,-4.556149967058));
#4181 = CARTESIAN_POINT('',(3.469609416619E-02,-4.644384470083));
#4182 = CARTESIAN_POINT('',(0.434332071764,-4.674226693953));
#4183 = CARTESIAN_POINT('',(0.890332112411,-4.702602635277));
#4184 = CARTESIAN_POINT('',(0.732848820153,-4.682757099835));
#4185 = CARTESIAN_POINT('',(1.461169974737,-4.688997547178));
#4186 = CARTESIAN_POINT('',(1.3819710907,-4.683153370508));
#4187 = CARTESIAN_POINT('',(2.113027836341,-4.66312306501));
#4188 = CARTESIAN_POINT('',(2.324045333712,-4.636187217321));
#4189 = CARTESIAN_POINT('',(3.28800362606,-4.60996828031));
#4190 = CARTESIAN_POINT('',(1.843234672789,-4.608742222225));
#4191 = CARTESIAN_POINT('',(4.336510963518,-4.560046265792));
#4192 = CARTESIAN_POINT('',(2.660820447511,-4.500089684853));
#4193 = CARTESIAN_POINT('',(3.888803638457,-4.51609328157));
#4194 = CARTESIAN_POINT('',(3.853722958276,-4.401249062564));
#4195 = ( GEOMETRIC_REPRESENTATION_CONTEXT(2) 
PARAMETRIC_REPRESENTATION_CONTEXT() REPRESENTATION_CONTEXT('2D SPACE',''
  ) );
#4196 = ORIENTED_EDGE('',*,*,#3426,.F.);
#4197 = ORIENTED_EDGE('',*,*,#4198,.F.);
#4198 = EDGE_CURVE('',#3977,#3427,#4199,.T.);
#4199 = SURFACE_CURVE('',#4200,(#4276,#4283),.PCURVE_S1.);
#4200 = B_SPLINE_CURVE_WITH_KNOTS('',8,(#4201,#4202,#4203,#4204,#4205,
    #4206,#4207,#4208,#4209,#4210,#4211,#4212,#4213,#4214,#4215,#4216,
    #4217,#4218,#4219,#4220,#4221,#4222,#4223,#4224,#4225,#4226,#4227,
    #4228,#4229,#4230,#4231,#4232,#4233,#4234,#4235,#4236,#4237,#4238,
    #4239,#4240,#4241,#4242,#4243,#4244,#4245,#4246,#4247,#4248,#4249,
    #4250,#4251,#4252,#4253,#4254,#4255,#4256,#4257,#4258,#4259,#4260,
    #4261,#4262,#4263,#4264,#4265,#4266,#4267,#4268,#4269,#4270,#4271,
    #4272,#4273,#4274,#4275),.UNSPECIFIED.,.F.,.F.,(9,6,6,6,6,6,6,6,6,6,
    6,6,9),(0.,8.270834370156E-02,0.163986258184,0.25589941489,
    0.336127403836,0.41264717377,0.496419721656,0.589423224706,
    0.669451213211,0.74535285344,0.828468445224,0.917055472035,1.),
  .UNSPECIFIED.);
#4201 = CARTESIAN_POINT('',(100.16570332993,11.128085567325,0.));
#4202 = CARTESIAN_POINT('',(100.12372407187,11.325937515965,0.));
#4203 = CARTESIAN_POINT('',(99.837674480837,11.655984372697,0.));
#4204 = CARTESIAN_POINT('',(100.07187544175,11.55931277077,0.));
#4205 = CARTESIAN_POINT('',(99.43991810386,12.148110624519,0.));
#4206 = CARTESIAN_POINT('',(99.676849712003,11.985266463725,0.));
#4207 = CARTESIAN_POINT('',(99.297258872607,12.294124715654,0.));
#4208 = CARTESIAN_POINT('',(99.003299638876,12.504667154648,0.));
#4209 = CARTESIAN_POINT('',(98.50997871282,12.766583178326,0.));
#4210 = CARTESIAN_POINT('',(98.401067082464,12.797198858301,0.));
#4211 = CARTESIAN_POINT('',(98.029453497687,12.953006703404,0.));
#4212 = CARTESIAN_POINT('',(97.935796510344,12.95516289246,0.));
#4213 = CARTESIAN_POINT('',(97.64669302798,13.031567379132,0.));
#4214 = CARTESIAN_POINT('',(97.187383442655,13.10473870046,0.));
#4215 = CARTESIAN_POINT('',(96.66851184759,13.146171088468,0.));
#4216 = CARTESIAN_POINT('',(96.444934890255,13.143129645362,0.));
#4217 = CARTESIAN_POINT('',(96.125913386044,13.144094442559,0.));
#4218 = CARTESIAN_POINT('',(95.914466765703,13.130472562947,0.));
#4219 = CARTESIAN_POINT('',(95.627681373653,13.104381262486,0.));
#4220 = CARTESIAN_POINT('',(95.153334016878,13.035102238991,0.));
#4221 = CARTESIAN_POINT('',(94.668009032765,12.914000360101,0.));
#4222 = CARTESIAN_POINT('',(94.462552977524,12.849521889548,0.));
#4223 = CARTESIAN_POINT('',(94.227078848398,12.76392158739,0.));
#4224 = CARTESIAN_POINT('',(94.035972024334,12.677371945769,0.));
#4225 = CARTESIAN_POINT('',(93.823169260815,12.56665428727,0.));
#4226 = CARTESIAN_POINT('',(93.447009171275,12.334318607252,0.));
#4227 = CARTESIAN_POINT('',(93.097758404828,12.0469347576,0.));
#4228 = CARTESIAN_POINT('',(92.945538078404,11.901539161644,0.));
#4229 = CARTESIAN_POINT('',(92.787701469,11.730731455763,0.));
#4230 = CARTESIAN_POINT('',(92.658125050152,11.571048142348,0.));
#4231 = CARTESIAN_POINT('',(92.528248717495,11.386284995854,0.));
#4232 = CARTESIAN_POINT('',(92.29178635142,10.999087736171,0.));
#4233 = CARTESIAN_POINT('',(92.104274763992,10.577893761451,0.));
#4234 = CARTESIAN_POINT('',(92.024016405844,10.358455723912,0.));
#4235 = CARTESIAN_POINT('',(91.951161818329,10.121106388452,0.));
#4236 = CARTESIAN_POINT('',(91.898138536758,9.896243527915,0.));
#4237 = CARTESIAN_POINT('',(91.851972605878,9.657443800907,0.));
#4238 = CARTESIAN_POINT('',(91.781879958334,9.160655611907,0.));
#4239 = CARTESIAN_POINT('',(91.754119918458,8.65547905393,0.));
#4240 = CARTESIAN_POINT('',(91.75355417765,8.39345967587,0.));
#4241 = CARTESIAN_POINT('',(91.755038490778,8.123668720065,0.));
#4242 = CARTESIAN_POINT('',(91.773795188099,7.862990335451,0.));
#4243 = CARTESIAN_POINT('',(91.80181893751,7.597079515374,0.));
#4244 = CARTESIAN_POINT('',(91.881669505703,7.110788957463,0.));
#4245 = CARTESIAN_POINT('',(92.013088199462,6.634840603932,0.));
#4246 = CARTESIAN_POINT('',(92.087308256581,6.418623813154,0.));
#4247 = CARTESIAN_POINT('',(92.170146875667,6.207034180171,0.));
#4248 = CARTESIAN_POINT('',(92.273497975256,5.999450958878,0.));
#4249 = CARTESIAN_POINT('',(92.383073319013,5.801889570916,0.));
#4250 = CARTESIAN_POINT('',(92.632042760649,5.429577889164,0.));
#4251 = CARTESIAN_POINT('',(92.922625844064,5.097410739596,0.));
#4252 = CARTESIAN_POINT('',(93.086558756706,4.939739376019,0.));
#4253 = CARTESIAN_POINT('',(93.227531588988,4.80822753239,0.));
#4254 = CARTESIAN_POINT('',(93.428719082443,4.662591520607,0.));
#4255 = CARTESIAN_POINT('',(93.586617396036,4.551007414099,0.));
#4256 = CARTESIAN_POINT('',(93.99605593894,4.314535656005,0.));
#4257 = CARTESIAN_POINT('',(94.388493015248,4.140867032828,0.));
#4258 = CARTESIAN_POINT('',(94.669466938612,4.042755503937,0.));
#4259 = CARTESIAN_POINT('',(94.775184111204,4.002066678792,0.));
#4260 = CARTESIAN_POINT('',(95.148353059907,3.914293748287,0.));
#4261 = CARTESIAN_POINT('',(95.281105567326,3.883866201056,0.));
#4262 = CARTESIAN_POINT('',(95.837878837468,3.795631698031,0.));
#4263 = CARTESIAN_POINT('',(96.237514815066,3.765789474161,0.));
#4264 = CARTESIAN_POINT('',(96.693514855713,3.737413532837,0.));
#4265 = CARTESIAN_POINT('',(96.536031563456,3.757259068278,0.));
#4266 = CARTESIAN_POINT('',(97.264352718039,3.751018620936,0.));
#4267 = CARTESIAN_POINT('',(97.185153834002,3.756862797606,0.));
#4268 = CARTESIAN_POINT('',(97.916210579643,3.776893103104,0.));
#4269 = CARTESIAN_POINT('',(98.127228077014,3.803828950792,0.));
#4270 = CARTESIAN_POINT('',(99.091186369362,3.830047887804,0.));
#4271 = CARTESIAN_POINT('',(97.646417416091,3.831273945888,0.));
#4272 = CARTESIAN_POINT('',(100.13969370682,3.879969902322,0.));
#4273 = CARTESIAN_POINT('',(98.464003190814,3.939926483261,0.));
#4274 = CARTESIAN_POINT('',(99.691986381759,3.923922886544,0.));
#4275 = CARTESIAN_POINT('',(99.656905701578,4.03876710555,0.));
#4276 = PCURVE('',#3449,#4277);
#4277 = DEFINITIONAL_REPRESENTATION('',(#4278),#4282);
#4278 = LINE('',#4279,#4280);
#4279 = CARTESIAN_POINT('',(0.,0.));
#4280 = VECTOR('',#4281,1.);
#4281 = DIRECTION('',(1.,0.));
#4282 = ( GEOMETRIC_REPRESENTATION_CONTEXT(2) 
PARAMETRIC_REPRESENTATION_CONTEXT() REPRESENTATION_CONTEXT('2D SPACE',''
  ) );
#4283 = PCURVE('',#3655,#4284);
#4284 = DEFINITIONAL_REPRESENTATION('',(#4285),#4361);
#4285 = B_SPLINE_CURVE_WITH_KNOTS('',8,(#4286,#4287,#4288,#4289,#4290,
    #4291,#4292,#4293,#4294,#4295,#4296,#4297,#4298,#4299,#4300,#4301,
    #4302,#4303,#4304,#4305,#4306,#4307,#4308,#4309,#4310,#4311,#4312,
    #4313,#4314,#4315,#4316,#4317,#4318,#4319,#4320,#4321,#4322,#4323,
    #4324,#4325,#4326,#4327,#4328,#4329,#4330,#4331,#4332,#4333,#4334,
    #4335,#4336,#4337,#4338,#4339,#4340,#4341,#4342,#4343,#4344,#4345,
    #4346,#4347,#4348,#4349,#4350,#4351,#4352,#4353,#4354,#4355,#4356,
    #4357,#4358,#4359,#4360),.UNSPECIFIED.,.F.,.F.,(9,6,6,6,6,6,6,6,6,6,
    6,6,9),(0.,8.270834370156E-02,0.163986258184,0.25589941489,
    0.336127403836,0.41264717377,0.496419721656,0.589423224706,
    0.669451213211,0.74535285344,0.828468445224,0.917055472035,1.),
  .UNSPECIFIED.);
#4286 = CARTESIAN_POINT('',(4.362520586634,2.688069399211));
#4287 = CARTESIAN_POINT('',(4.320541328576,2.885921347851));
#4288 = CARTESIAN_POINT('',(4.034491737534,3.215968204583));
#4289 = CARTESIAN_POINT('',(4.268692698453,3.119296602656));
#4290 = CARTESIAN_POINT('',(3.636735360557,3.708094456405));
#4291 = CARTESIAN_POINT('',(3.8736669687,3.545250295611));
#4292 = CARTESIAN_POINT('',(3.494076129304,3.85410854754));
#4293 = CARTESIAN_POINT('',(3.200116895574,4.064650986534));
#4294 = CARTESIAN_POINT('',(2.706795969518,4.326567010212));
#4295 = CARTESIAN_POINT('',(2.597884339161,4.357182690187));
#4296 = CARTESIAN_POINT('',(2.226270754385,4.51299053529));
#4297 = CARTESIAN_POINT('',(2.132613767041,4.515146724346));
#4298 = CARTESIAN_POINT('',(1.843510284678,4.591551211018));
#4299 = CARTESIAN_POINT('',(1.384200699352,4.664722532346));
#4300 = CARTESIAN_POINT('',(0.865329104287,4.706154920355));
#4301 = CARTESIAN_POINT('',(0.641752146953,4.703113477248));
#4302 = CARTESIAN_POINT('',(0.322730642741,4.704078274445));
#4303 = CARTESIAN_POINT('',(0.111284022401,4.690456394833));
#4304 = CARTESIAN_POINT('',(-0.175501369649,4.664365094372));
#4305 = CARTESIAN_POINT('',(-0.649848726424,4.595086070877));
#4306 = CARTESIAN_POINT('',(-1.135173710537,4.473984191987));
#4307 = CARTESIAN_POINT('',(-1.340629765778,4.409505721434));
#4308 = CARTESIAN_POINT('',(-1.576103894904,4.323905419276));
#4309 = CARTESIAN_POINT('',(-1.767210718968,4.237355777655));
#4310 = CARTESIAN_POINT('',(-1.980013482487,4.126638119156));
#4311 = CARTESIAN_POINT('',(-2.356173572028,3.894302439138));
#4312 = CARTESIAN_POINT('',(-2.705424338474,3.606918589486));
#4313 = CARTESIAN_POINT('',(-2.857644664898,3.46152299353));
#4314 = CARTESIAN_POINT('',(-3.015481274302,3.290715287649));
#4315 = CARTESIAN_POINT('',(-3.14505769315,3.131031974235));
#4316 = CARTESIAN_POINT('',(-3.274934025807,2.946268827741));
#4317 = CARTESIAN_POINT('',(-3.511396391883,2.559071568057));
#4318 = CARTESIAN_POINT('',(-3.69890797931,2.137877593337));
#4319 = CARTESIAN_POINT('',(-3.779166337458,1.918439555798));
#4320 = CARTESIAN_POINT('',(-3.852020924973,1.681090220339));
#4321 = CARTESIAN_POINT('',(-3.905044206545,1.456227359801));
#4322 = CARTESIAN_POINT('',(-3.951210137424,1.217427632793));
#4323 = CARTESIAN_POINT('',(-4.021302784968,0.720639443793));
#4324 = CARTESIAN_POINT('',(-4.049062824844,0.215462885816));
#4325 = CARTESIAN_POINT('',(-4.049628565652,-4.655649224369E-02));
#4326 = CARTESIAN_POINT('',(-4.048144252525,-0.316347448048));
#4327 = CARTESIAN_POINT('',(-4.029387555203,-0.577025832663));
#4328 = CARTESIAN_POINT('',(-4.001363805792,-0.84293665274));
#4329 = CARTESIAN_POINT('',(-3.9215132376,-1.329227210651));
#4330 = CARTESIAN_POINT('',(-3.79009454384,-1.805175564181));
#4331 = CARTESIAN_POINT('',(-3.715874486721,-2.02139235496));
#4332 = CARTESIAN_POINT('',(-3.633035867635,-2.232981987942));
#4333 = CARTESIAN_POINT('',(-3.529684768046,-2.440565209236));
#4334 = CARTESIAN_POINT('',(-3.420109424289,-2.638126597197));
#4335 = CARTESIAN_POINT('',(-3.171139982653,-3.01043827895));
#4336 = CARTESIAN_POINT('',(-2.880556899238,-3.342605428518));
#4337 = CARTESIAN_POINT('',(-2.716623986596,-3.500276792095));
#4338 = CARTESIAN_POINT('',(-2.575651154314,-3.631788635724));
#4339 = CARTESIAN_POINT('',(-2.374463660859,-3.777424647507));
#4340 = CARTESIAN_POINT('',(-2.216565347266,-3.889008754015));
#4341 = CARTESIAN_POINT('',(-1.807126804362,-4.125480512109));
#4342 = CARTESIAN_POINT('',(-1.414689728054,-4.299149135286));
#4343 = CARTESIAN_POINT('',(-1.13371580469,-4.397260664177));
#4344 = CARTESIAN_POINT('',(-1.027998632098,-4.437949489322));
#4345 = CARTESIAN_POINT('',(-0.654829683396,-4.525722419827));
#4346 = CARTESIAN_POINT('',(-0.522077175976,-4.556149967058));
#4347 = CARTESIAN_POINT('',(3.469609416619E-02,-4.644384470083));
#4348 = CARTESIAN_POINT('',(0.434332071764,-4.674226693953));
#4349 = CARTESIAN_POINT('',(0.890332112411,-4.702602635277));
#4350 = CARTESIAN_POINT('',(0.732848820153,-4.682757099835));
#4351 = CARTESIAN_POINT('',(1.461169974737,-4.688997547178));
#4352 = CARTESIAN_POINT('',(1.3819710907,-4.683153370508));
#4353 = CARTESIAN_POINT('',(2.113027836341,-4.66312306501));
#4354 = CARTESIAN_POINT('',(2.324045333712,-4.636187217321));
#4355 = CARTESIAN_POINT('',(3.28800362606,-4.60996828031));
#4356 = CARTESIAN_POINT('',(1.843234672789,-4.608742222225));
#4357 = CARTESIAN_POINT('',(4.336510963518,-4.560046265792));
#4358 = CARTESIAN_POINT('',(2.660820447511,-4.500089684853));
#4359 = CARTESIAN_POINT('',(3.888803638457,-4.51609328157));
#4360 = CARTESIAN_POINT('',(3.853722958276,-4.401249062564));
#4361 = ( GEOMETRIC_REPRESENTATION_CONTEXT(2) 
PARAMETRIC_REPRESENTATION_CONTEXT() REPRESENTATION_CONTEXT('2D SPACE',''
  ) );
#4362 = ADVANCED_FACE('',(#4363),#3655,.F.);
#4363 = FACE_BOUND('',#4364,.F.);
#4364 = EDGE_LOOP('',(#4365,#4366,#4367,#4368));
#4365 = ORIENTED_EDGE('',*,*,#3641,.T.);
#4366 = ORIENTED_EDGE('',*,*,#3824,.T.);
#4367 = ORIENTED_EDGE('',*,*,#3999,.T.);
#4368 = ORIENTED_EDGE('',*,*,#4198,.T.);
#4369 = ADVANCED_FACE('',(#4370),#3551,.T.);
#4370 = FACE_BOUND('',#4371,.T.);
#4371 = EDGE_LOOP('',(#4372,#4373,#4374,#4375));
#4372 = ORIENTED_EDGE('',*,*,#3535,.T.);
#4373 = ORIENTED_EDGE('',*,*,#3671,.T.);
#4374 = ORIENTED_EDGE('',*,*,#3945,.T.);
#4375 = ORIENTED_EDGE('',*,*,#4032,.T.);
#4376 = MANIFOLD_SOLID_BREP('',#4377);
#4377 = CLOSED_SHELL('',(#4378,#4503,#4597,#4727,#4947,#5043,#5205,#5329
    ,#5400,#5447,#5615,#5630));
#4378 = ADVANCED_FACE('',(#4379),#4393,.F.);
#4379 = FACE_BOUND('',#4380,.F.);
#4380 = EDGE_LOOP('',(#4381,#4416,#4444,#4477));
#4381 = ORIENTED_EDGE('',*,*,#4382,.T.);
#4382 = EDGE_CURVE('',#4383,#4385,#4387,.T.);
#4383 = VERTEX_POINT('',#4384);
#4384 = CARTESIAN_POINT('',(87.307111511805,3.839159886287,0.));
#4385 = VERTEX_POINT('',#4386);
#4386 = CARTESIAN_POINT('',(87.307111511805,3.839159886287,2.));
#4387 = SURFACE_CURVE('',#4388,(#4392,#4404),.PCURVE_S1.);
#4388 = LINE('',#4389,#4390);
#4389 = CARTESIAN_POINT('',(87.307111511805,3.839159886287,0.));
#4390 = VECTOR('',#4391,1.);
#4391 = DIRECTION('',(0.,0.,1.));
#4392 = PCURVE('',#4393,#4398);
#4393 = PLANE('',#4394);
#4394 = AXIS2_PLACEMENT_3D('',#4395,#4396,#4397);
#4395 = CARTESIAN_POINT('',(87.307111511805,3.839159886287,0.));
#4396 = DIRECTION('',(-2.742950623036E-02,0.999623740308,0.));
#4397 = DIRECTION('',(0.999623740308,2.742950623036E-02,0.));
#4398 = DEFINITIONAL_REPRESENTATION('',(#4399),#4403);
#4399 = LINE('',#4400,#4401);
#4400 = CARTESIAN_POINT('',(0.,0.));
#4401 = VECTOR('',#4402,1.);
#4402 = DIRECTION('',(0.,-1.));
#4403 = ( GEOMETRIC_REPRESENTATION_CONTEXT(2) 
PARAMETRIC_REPRESENTATION_CONTEXT() REPRESENTATION_CONTEXT('2D SPACE',''
  ) );
#4404 = PCURVE('',#4405,#4410);
#4405 = PLANE('',#4406);
#4406 = AXIS2_PLACEMENT_3D('',#4407,#4408,#4409);
#4407 = CARTESIAN_POINT('',(87.186386768814,5.835325915515,0.));
#4408 = DIRECTION('',(0.998176188751,6.036800650963E-02,-0.));
#4409 = DIRECTION('',(6.036800650963E-02,-0.998176188751,0.));
#4410 = DEFINITIONAL_REPRESENTATION('',(#4411),#4415);
#4411 = LINE('',#4412,#4413);
#4412 = CARTESIAN_POINT('',(1.999813311239,0.));
#4413 = VECTOR('',#4414,1.);
#4414 = DIRECTION('',(0.,-1.));
#4415 = ( GEOMETRIC_REPRESENTATION_CONTEXT(2) 
PARAMETRIC_REPRESENTATION_CONTEXT() REPRESENTATION_CONTEXT('2D SPACE',''
  ) );
#4416 = ORIENTED_EDGE('',*,*,#4417,.T.);
#4417 = EDGE_CURVE('',#4385,#4418,#4420,.T.);
#4418 = VERTEX_POINT('',#4419);
#4419 = CARTESIAN_POINT('',(90.406553482094,3.924208049318,2.));
#4420 = SURFACE_CURVE('',#4421,(#4425,#4432),.PCURVE_S1.);
#4421 = LINE('',#4422,#4423);
#4422 = CARTESIAN_POINT('',(87.307111511805,3.839159886287,2.));
#4423 = VECTOR('',#4424,1.);
#4424 = DIRECTION('',(0.999623740308,2.742950623036E-02,0.));
#4425 = PCURVE('',#4393,#4426);
#4426 = DEFINITIONAL_REPRESENTATION('',(#4427),#4431);
#4427 = LINE('',#4428,#4429);
#4428 = CARTESIAN_POINT('',(0.,-2.));
#4429 = VECTOR('',#4430,1.);
#4430 = DIRECTION('',(1.,0.));
#4431 = ( GEOMETRIC_REPRESENTATION_CONTEXT(2) 
PARAMETRIC_REPRESENTATION_CONTEXT() REPRESENTATION_CONTEXT('2D SPACE',''
  ) );
#4432 = PCURVE('',#4433,#4438);
#4433 = PLANE('',#4434);
#4434 = AXIS2_PLACEMENT_3D('',#4435,#4436,#4437);
#4435 = CARTESIAN_POINT('',(85.786641996175,8.14845581558,2.));
#4436 = DIRECTION('',(0.,0.,1.));
#4437 = DIRECTION('',(1.,0.,-0.));
#4438 = DEFINITIONAL_REPRESENTATION('',(#4439),#4443);
#4439 = LINE('',#4440,#4441);
#4440 = CARTESIAN_POINT('',(1.52046951563,-4.309295929293));
#4441 = VECTOR('',#4442,1.);
#4442 = DIRECTION('',(0.999623740308,2.742950623036E-02));
#4443 = ( GEOMETRIC_REPRESENTATION_CONTEXT(2) 
PARAMETRIC_REPRESENTATION_CONTEXT() REPRESENTATION_CONTEXT('2D SPACE',''
  ) );
#4444 = ORIENTED_EDGE('',*,*,#4445,.F.);
#4445 = EDGE_CURVE('',#4446,#4418,#4448,.T.);
#4446 = VERTEX_POINT('',#4447);
#4447 = CARTESIAN_POINT('',(90.406553482094,3.924208049318,0.));
#4448 = SURFACE_CURVE('',#4449,(#4453,#4460),.PCURVE_S1.);
#4449 = LINE('',#4450,#4451);
#4450 = CARTESIAN_POINT('',(90.406553482094,3.924208049318,0.));
#4451 = VECTOR('',#4452,1.);
#4452 = DIRECTION('',(0.,0.,1.));
#4453 = PCURVE('',#4393,#4454);
#4454 = DEFINITIONAL_REPRESENTATION('',(#4455),#4459);
#4455 = LINE('',#4456,#4457);
#4456 = CARTESIAN_POINT('',(3.100608604326,0.));
#4457 = VECTOR('',#4458,1.);
#4458 = DIRECTION('',(0.,-1.));
#4459 = ( GEOMETRIC_REPRESENTATION_CONTEXT(2) 
PARAMETRIC_REPRESENTATION_CONTEXT() REPRESENTATION_CONTEXT('2D SPACE',''
  ) );
#4460 = PCURVE('',#4461,#4471);
#4461 = SURFACE_OF_LINEAR_EXTRUSION('',#4462,#4469);
#4462 = B_SPLINE_CURVE_WITH_KNOTS('',5,(#4463,#4464,#4465,#4466,#4467,
    #4468),.UNSPECIFIED.,.F.,.F.,(6,6),(0.,1.),
  .PIECEWISE_BEZIER_KNOTS.);
#4463 = CARTESIAN_POINT('',(90.406553482094,3.924208049318,0.));
#4464 = CARTESIAN_POINT('',(90.42547706544,4.213957691573,0.));
#4465 = CARTESIAN_POINT('',(90.396739006663,4.679697874581,0.));
#4466 = CARTESIAN_POINT('',(90.42268678448,4.873257770731,0.));
#4467 = CARTESIAN_POINT('',(90.409406372225,5.292800454641,0.));
#4468 = CARTESIAN_POINT('',(90.412441179161,5.60972075043,0.));
#4469 = VECTOR('',#4470,1.);
#4470 = DIRECTION('',(-0.,-0.,-1.));
#4471 = DEFINITIONAL_REPRESENTATION('',(#4472),#4476);
#4472 = LINE('',#4473,#4474);
#4473 = CARTESIAN_POINT('',(0.,0.));
#4474 = VECTOR('',#4475,1.);
#4475 = DIRECTION('',(0.,-1.));
#4476 = ( GEOMETRIC_REPRESENTATION_CONTEXT(2) 
PARAMETRIC_REPRESENTATION_CONTEXT() REPRESENTATION_CONTEXT('2D SPACE',''
  ) );
#4477 = ORIENTED_EDGE('',*,*,#4478,.F.);
#4478 = EDGE_CURVE('',#4383,#4446,#4479,.T.);
#4479 = SURFACE_CURVE('',#4480,(#4484,#4491),.PCURVE_S1.);
#4480 = LINE('',#4481,#4482);
#4481 = CARTESIAN_POINT('',(87.307111511805,3.839159886287,0.));
#4482 = VECTOR('',#4483,1.);
#4483 = DIRECTION('',(0.999623740308,2.742950623036E-02,0.));
#4484 = PCURVE('',#4393,#4485);
#4485 = DEFINITIONAL_REPRESENTATION('',(#4486),#4490);
#4486 = LINE('',#4487,#4488);
#4487 = CARTESIAN_POINT('',(0.,0.));
#4488 = VECTOR('',#4489,1.);
#4489 = DIRECTION('',(1.,0.));
#4490 = ( GEOMETRIC_REPRESENTATION_CONTEXT(2) 
PARAMETRIC_REPRESENTATION_CONTEXT() REPRESENTATION_CONTEXT('2D SPACE',''
  ) );
#4491 = PCURVE('',#4492,#4497);
#4492 = PLANE('',#4493);
#4493 = AXIS2_PLACEMENT_3D('',#4494,#4495,#4496);
#4494 = CARTESIAN_POINT('',(85.786641996175,8.14845581558,0.));
#4495 = DIRECTION('',(0.,0.,1.));
#4496 = DIRECTION('',(1.,0.,-0.));
#4497 = DEFINITIONAL_REPRESENTATION('',(#4498),#4502);
#4498 = LINE('',#4499,#4500);
#4499 = CARTESIAN_POINT('',(1.52046951563,-4.309295929293));
#4500 = VECTOR('',#4501,1.);
#4501 = DIRECTION('',(0.999623740308,2.742950623036E-02));
#4502 = ( GEOMETRIC_REPRESENTATION_CONTEXT(2) 
PARAMETRIC_REPRESENTATION_CONTEXT() REPRESENTATION_CONTEXT('2D SPACE',''
  ) );
#4503 = ADVANCED_FACE('',(#4504),#4461,.F.);
#4504 = FACE_BOUND('',#4505,.F.);
#4505 = EDGE_LOOP('',(#4506,#4507,#4536,#4570));
#4506 = ORIENTED_EDGE('',*,*,#4445,.T.);
#4507 = ORIENTED_EDGE('',*,*,#4508,.T.);
#4508 = EDGE_CURVE('',#4418,#4509,#4511,.T.);
#4509 = VERTEX_POINT('',#4510);
#4510 = CARTESIAN_POINT('',(90.412441179161,5.60972075043,2.));
#4511 = SURFACE_CURVE('',#4512,(#4519,#4526),.PCURVE_S1.);
#4512 = B_SPLINE_CURVE_WITH_KNOTS('',5,(#4513,#4514,#4515,#4516,#4517,
    #4518),.UNSPECIFIED.,.F.,.F.,(6,6),(0.,1.),
  .PIECEWISE_BEZIER_KNOTS.);
#4513 = CARTESIAN_POINT('',(90.406553482094,3.924208049318,2.));
#4514 = CARTESIAN_POINT('',(90.42547706544,4.213957691573,2.));
#4515 = CARTESIAN_POINT('',(90.396739006663,4.679697874581,2.));
#4516 = CARTESIAN_POINT('',(90.42268678448,4.873257770731,2.));
#4517 = CARTESIAN_POINT('',(90.409406372225,5.292800454641,2.));
#4518 = CARTESIAN_POINT('',(90.412441179161,5.60972075043,2.));
#4519 = PCURVE('',#4461,#4520);
#4520 = DEFINITIONAL_REPRESENTATION('',(#4521),#4525);
#4521 = LINE('',#4522,#4523);
#4522 = CARTESIAN_POINT('',(0.,-2.));
#4523 = VECTOR('',#4524,1.);
#4524 = DIRECTION('',(1.,0.));
#4525 = ( GEOMETRIC_REPRESENTATION_CONTEXT(2) 
PARAMETRIC_REPRESENTATION_CONTEXT() REPRESENTATION_CONTEXT('2D SPACE',''
  ) );
#4526 = PCURVE('',#4433,#4527);
#4527 = DEFINITIONAL_REPRESENTATION('',(#4528),#4535);
#4528 = B_SPLINE_CURVE_WITH_KNOTS('',5,(#4529,#4530,#4531,#4532,#4533,
    #4534),.UNSPECIFIED.,.F.,.F.,(6,6),(0.,1.),
  .PIECEWISE_BEZIER_KNOTS.);
#4529 = CARTESIAN_POINT('',(4.619911485919,-4.224247766263));
#4530 = CARTESIAN_POINT('',(4.638835069265,-3.934498124008));
#4531 = CARTESIAN_POINT('',(4.610097010487,-3.468757940999));
#4532 = CARTESIAN_POINT('',(4.636044788305,-3.275198044849));
#4533 = CARTESIAN_POINT('',(4.62276437605,-2.85565536094));
#4534 = CARTESIAN_POINT('',(4.625799182986,-2.538735065151));
#4535 = ( GEOMETRIC_REPRESENTATION_CONTEXT(2) 
PARAMETRIC_REPRESENTATION_CONTEXT() REPRESENTATION_CONTEXT('2D SPACE',''
  ) );
#4536 = ORIENTED_EDGE('',*,*,#4537,.F.);
#4537 = EDGE_CURVE('',#4538,#4509,#4540,.T.);
#4538 = VERTEX_POINT('',#4539);
#4539 = CARTESIAN_POINT('',(90.412441179161,5.60972075043,0.));
#4540 = SURFACE_CURVE('',#4541,(#4545,#4552),.PCURVE_S1.);
#4541 = LINE('',#4542,#4543);
#4542 = CARTESIAN_POINT('',(90.412441179161,5.60972075043,0.));
#4543 = VECTOR('',#4544,1.);
#4544 = DIRECTION('',(0.,0.,1.));
#4545 = PCURVE('',#4461,#4546);
#4546 = DEFINITIONAL_REPRESENTATION('',(#4547),#4551);
#4547 = LINE('',#4548,#4549);
#4548 = CARTESIAN_POINT('',(1.,0.));
#4549 = VECTOR('',#4550,1.);
#4550 = DIRECTION('',(0.,-1.));
#4551 = ( GEOMETRIC_REPRESENTATION_CONTEXT(2) 
PARAMETRIC_REPRESENTATION_CONTEXT() REPRESENTATION_CONTEXT('2D SPACE',''
  ) );
#4552 = PCURVE('',#4553,#4564);
#4553 = SURFACE_OF_LINEAR_EXTRUSION('',#4554,#4562);
#4554 = B_SPLINE_CURVE_WITH_KNOTS('',6,(#4555,#4556,#4557,#4558,#4559,
    #4560,#4561),.UNSPECIFIED.,.F.,.F.,(7,7),(0.,1.),
  .PIECEWISE_BEZIER_KNOTS.);
#4555 = CARTESIAN_POINT('',(90.412441179161,5.60972075043,0.));
#4556 = CARTESIAN_POINT('',(90.51798040192,5.651038644568,0.));
#4557 = CARTESIAN_POINT('',(89.354976039701,5.744086684745,0.));
#4558 = CARTESIAN_POINT('',(90.243908541462,5.659334321565,0.));
#4559 = CARTESIAN_POINT('',(89.321351495978,5.800235157305,0.));
#4560 = CARTESIAN_POINT('',(89.266734344627,5.766033239818,0.));
#4561 = CARTESIAN_POINT('',(89.047648379709,5.829120012493,0.));
#4562 = VECTOR('',#4563,1.);
#4563 = DIRECTION('',(-0.,-0.,-1.));
#4564 = DEFINITIONAL_REPRESENTATION('',(#4565),#4569);
#4565 = LINE('',#4566,#4567);
#4566 = CARTESIAN_POINT('',(0.,0.));
#4567 = VECTOR('',#4568,1.);
#4568 = DIRECTION('',(0.,-1.));
#4569 = ( GEOMETRIC_REPRESENTATION_CONTEXT(2) 
PARAMETRIC_REPRESENTATION_CONTEXT() REPRESENTATION_CONTEXT('2D SPACE',''
  ) );
#4570 = ORIENTED_EDGE('',*,*,#4571,.F.);
#4571 = EDGE_CURVE('',#4446,#4538,#4572,.T.);
#4572 = SURFACE_CURVE('',#4573,(#4580,#4587),.PCURVE_S1.);
#4573 = B_SPLINE_CURVE_WITH_KNOTS('',5,(#4574,#4575,#4576,#4577,#4578,
    #4579),.UNSPECIFIED.,.F.,.F.,(6,6),(0.,1.),
  .PIECEWISE_BEZIER_KNOTS.);
#4574 = CARTESIAN_POINT('',(90.406553482094,3.924208049318,0.));
#4575 = CARTESIAN_POINT('',(90.42547706544,4.213957691573,0.));
#4576 = CARTESIAN_POINT('',(90.396739006663,4.679697874581,0.));
#4577 = CARTESIAN_POINT('',(90.42268678448,4.873257770731,0.));
#4578 = CARTESIAN_POINT('',(90.409406372225,5.292800454641,0.));
#4579 = CARTESIAN_POINT('',(90.412441179161,5.60972075043,0.));
#4580 = PCURVE('',#4461,#4581);
#4581 = DEFINITIONAL_REPRESENTATION('',(#4582),#4586);
#4582 = LINE('',#4583,#4584);
#4583 = CARTESIAN_POINT('',(0.,0.));
#4584 = VECTOR('',#4585,1.);
#4585 = DIRECTION('',(1.,0.));
#4586 = ( GEOMETRIC_REPRESENTATION_CONTEXT(2) 
PARAMETRIC_REPRESENTATION_CONTEXT() REPRESENTATION_CONTEXT('2D SPACE',''
  ) );
#4587 = PCURVE('',#4492,#4588);
#4588 = DEFINITIONAL_REPRESENTATION('',(#4589),#4596);
#4589 = B_SPLINE_CURVE_WITH_KNOTS('',5,(#4590,#4591,#4592,#4593,#4594,
    #4595),.UNSPECIFIED.,.F.,.F.,(6,6),(0.,1.),
  .PIECEWISE_BEZIER_KNOTS.);
#4590 = CARTESIAN_POINT('',(4.619911485919,-4.224247766263));
#4591 = CARTESIAN_POINT('',(4.638835069265,-3.934498124008));
#4592 = CARTESIAN_POINT('',(4.610097010487,-3.468757940999));
#4593 = CARTESIAN_POINT('',(4.636044788305,-3.275198044849));
#4594 = CARTESIAN_POINT('',(4.62276437605,-2.85565536094));
#4595 = CARTESIAN_POINT('',(4.625799182986,-2.538735065151));
#4596 = ( GEOMETRIC_REPRESENTATION_CONTEXT(2) 
PARAMETRIC_REPRESENTATION_CONTEXT() REPRESENTATION_CONTEXT('2D SPACE',''
  ) );
#4597 = ADVANCED_FACE('',(#4598),#4553,.F.);
#4598 = FACE_BOUND('',#4599,.F.);
#4599 = EDGE_LOOP('',(#4600,#4601,#4632,#4698));
#4600 = ORIENTED_EDGE('',*,*,#4537,.T.);
#4601 = ORIENTED_EDGE('',*,*,#4602,.T.);
#4602 = EDGE_CURVE('',#4509,#4603,#4605,.T.);
#4603 = VERTEX_POINT('',#4604);
#4604 = CARTESIAN_POINT('',(89.047648379709,5.829120012493,2.));
#4605 = SURFACE_CURVE('',#4606,(#4614,#4621),.PCURVE_S1.);
#4606 = B_SPLINE_CURVE_WITH_KNOTS('',6,(#4607,#4608,#4609,#4610,#4611,
    #4612,#4613),.UNSPECIFIED.,.F.,.F.,(7,7),(0.,1.),
  .PIECEWISE_BEZIER_KNOTS.);
#4607 = CARTESIAN_POINT('',(90.412441179161,5.60972075043,2.));
#4608 = CARTESIAN_POINT('',(90.51798040192,5.651038644568,2.));
#4609 = CARTESIAN_POINT('',(89.354976039701,5.744086684745,2.));
#4610 = CARTESIAN_POINT('',(90.243908541462,5.659334321565,2.));
#4611 = CARTESIAN_POINT('',(89.321351495978,5.800235157305,2.));
#4612 = CARTESIAN_POINT('',(89.266734344627,5.766033239818,2.));
#4613 = CARTESIAN_POINT('',(89.047648379709,5.829120012493,2.));
#4614 = PCURVE('',#4553,#4615);
#4615 = DEFINITIONAL_REPRESENTATION('',(#4616),#4620);
#4616 = LINE('',#4617,#4618);
#4617 = CARTESIAN_POINT('',(0.,-2.));
#4618 = VECTOR('',#4619,1.);
#4619 = DIRECTION('',(1.,0.));
#4620 = ( GEOMETRIC_REPRESENTATION_CONTEXT(2) 
PARAMETRIC_REPRESENTATION_CONTEXT() REPRESENTATION_CONTEXT('2D SPACE',''
  ) );
#4621 = PCURVE('',#4433,#4622);
#4622 = DEFINITIONAL_REPRESENTATION('',(#4623),#4631);
#4623 = B_SPLINE_CURVE_WITH_KNOTS('',6,(#4624,#4625,#4626,#4627,#4628,
    #4629,#4630),.UNSPECIFIED.,.F.,.F.,(7,7),(0.,1.),
  .PIECEWISE_BEZIER_KNOTS.);
#4624 = CARTESIAN_POINT('',(4.625799182986,-2.538735065151));
#4625 = CARTESIAN_POINT('',(4.731338405745,-2.497417171013));
#4626 = CARTESIAN_POINT('',(3.568334043526,-2.404369130835));
#4627 = CARTESIAN_POINT('',(4.457266545287,-2.489121494015));
#4628 = CARTESIAN_POINT('',(3.534709499803,-2.348220658275));
#4629 = CARTESIAN_POINT('',(3.480092348452,-2.382422575762));
#4630 = CARTESIAN_POINT('',(3.261006383534,-2.319335803087));
#4631 = ( GEOMETRIC_REPRESENTATION_CONTEXT(2) 
PARAMETRIC_REPRESENTATION_CONTEXT() REPRESENTATION_CONTEXT('2D SPACE',''
  ) );
#4632 = ORIENTED_EDGE('',*,*,#4633,.F.);
#4633 = EDGE_CURVE('',#4634,#4603,#4636,.T.);
#4634 = VERTEX_POINT('',#4635);
#4635 = CARTESIAN_POINT('',(89.047648379709,5.829120012493,0.));
#4636 = SURFACE_CURVE('',#4637,(#4641,#4648),.PCURVE_S1.);
#4637 = LINE('',#4638,#4639);
#4638 = CARTESIAN_POINT('',(89.047648379709,5.829120012493,0.));
#4639 = VECTOR('',#4640,1.);
#4640 = DIRECTION('',(0.,0.,1.));
#4641 = PCURVE('',#4553,#4642);
#4642 = DEFINITIONAL_REPRESENTATION('',(#4643),#4647);
#4643 = LINE('',#4644,#4645);
#4644 = CARTESIAN_POINT('',(1.,0.));
#4645 = VECTOR('',#4646,1.);
#4646 = DIRECTION('',(0.,-1.));
#4647 = ( GEOMETRIC_REPRESENTATION_CONTEXT(2) 
PARAMETRIC_REPRESENTATION_CONTEXT() REPRESENTATION_CONTEXT('2D SPACE',''
  ) );
#4648 = PCURVE('',#4649,#4692);
#4649 = SURFACE_OF_LINEAR_EXTRUSION('',#4650,#4690);
#4650 = B_SPLINE_CURVE_WITH_KNOTS('',8,(#4651,#4652,#4653,#4654,#4655,
    #4656,#4657,#4658,#4659,#4660,#4661,#4662,#4663,#4664,#4665,#4666,
    #4667,#4668,#4669,#4670,#4671,#4672,#4673,#4674,#4675,#4676,#4677,
    #4678,#4679,#4680,#4681,#4682,#4683,#4684,#4685,#4686,#4687,#4688,
    #4689),.UNSPECIFIED.,.F.,.F.,(9,6,6,6,6,6,9),(0.,0.166822409649,
    0.339208674078,0.502233772732,0.649449244691,0.831698308239,1.),
  .UNSPECIFIED.);
#4651 = CARTESIAN_POINT('',(89.047648379709,5.829120012493,0.));
#4652 = CARTESIAN_POINT('',(89.04797896865,6.08358550212,0.));
#4653 = CARTESIAN_POINT('',(89.046042268804,6.338076186935,0.));
#4654 = CARTESIAN_POINT('',(89.051411067627,6.592484989572,0.));
#4655 = CARTESIAN_POINT('',(89.042485992005,6.847055909458,0.));
#4656 = CARTESIAN_POINT('',(89.051915842802,7.101415097563,0.));
#4657 = CARTESIAN_POINT('',(89.045704680568,7.355959481327,0.));
#4658 = CARTESIAN_POINT('',(89.050230358956,7.873325141927,0.));
#4659 = CARTESIAN_POINT('',(89.044837305996,8.390827740242,0.));
#4660 = CARTESIAN_POINT('',(89.057144145425,8.653499424967,0.));
#4661 = CARTESIAN_POINT('',(89.036209998979,8.917292879908,0.));
#4662 = CARTESIAN_POINT('',(89.047021892685,9.178865674086,0.));
#4663 = CARTESIAN_POINT('',(89.062867521735,9.443016875666,0.));
#4664 = CARTESIAN_POINT('',(89.023030703578,9.954962518202,0.));
#4665 = CARTESIAN_POINT('',(88.930539016583,10.457873069879,0.));
#4666 = CARTESIAN_POINT('',(88.855498148834,10.699109739488,0.));
#4667 = CARTESIAN_POINT('',(88.780238790249,10.933237130248,0.));
#4668 = CARTESIAN_POINT('',(88.663265224348,11.161208288637,0.));
#4669 = CARTESIAN_POINT('',(88.536769421895,11.37447262571,0.));
#4670 = CARTESIAN_POINT('',(88.249047092572,11.754852787948,0.));
#4671 = CARTESIAN_POINT('',(87.898889155429,12.073992529507,0.));
#4672 = CARTESIAN_POINT('',(87.719486722839,12.214462144114,0.));
#4673 = CARTESIAN_POINT('',(87.529825561364,12.331980175384,0.));
#4674 = CARTESIAN_POINT('',(87.330315010344,12.443535149402,0.));
#4675 = CARTESIAN_POINT('',(87.126236641193,12.53452574496,0.));
#4676 = CARTESIAN_POINT('',(86.657051204109,12.719801798876,0.));
#4677 = CARTESIAN_POINT('',(86.170385778475,12.844420417165,0.));
#4678 = CARTESIAN_POINT('',(85.896709727221,12.909589547121,0.));
#4679 = CARTESIAN_POINT('',(85.623165735674,12.933398898306,0.));
#4680 = CARTESIAN_POINT('',(85.345008384003,12.9916366421,0.));
#4681 = CARTESIAN_POINT('',(85.068992308425,12.995176425486,0.));
#4682 = CARTESIAN_POINT('',(84.533881893053,13.03995917685,0.));
#4683 = CARTESIAN_POINT('',(84.000071421572,13.020817134605,0.));
#4684 = CARTESIAN_POINT('',(83.740220968549,13.07845512986,0.));
#4685 = CARTESIAN_POINT('',(83.49192307184,12.951292599397,0.));
#4686 = CARTESIAN_POINT('',(83.222184930861,13.151160354563,0.));
#4687 = CARTESIAN_POINT('',(82.97857828659,12.959503184563,0.));
#4688 = CARTESIAN_POINT('',(82.713112454902,13.092932316967,0.));
#4689 = CARTESIAN_POINT('',(82.460258596913,13.039387885128,0.));
#4690 = VECTOR('',#4691,1.);
#4691 = DIRECTION('',(-0.,-0.,-1.));
#4692 = DEFINITIONAL_REPRESENTATION('',(#4693),#4697);
#4693 = LINE('',#4694,#4695);
#4694 = CARTESIAN_POINT('',(0.,0.));
#4695 = VECTOR('',#4696,1.);
#4696 = DIRECTION('',(0.,-1.));
#4697 = ( GEOMETRIC_REPRESENTATION_CONTEXT(2) 
PARAMETRIC_REPRESENTATION_CONTEXT() REPRESENTATION_CONTEXT('2D SPACE',''
  ) );
#4698 = ORIENTED_EDGE('',*,*,#4699,.F.);
#4699 = EDGE_CURVE('',#4538,#4634,#4700,.T.);
#4700 = SURFACE_CURVE('',#4701,(#4709,#4716),.PCURVE_S1.);
#4701 = B_SPLINE_CURVE_WITH_KNOTS('',6,(#4702,#4703,#4704,#4705,#4706,
    #4707,#4708),.UNSPECIFIED.,.F.,.F.,(7,7),(0.,1.),
  .PIECEWISE_BEZIER_KNOTS.);
#4702 = CARTESIAN_POINT('',(90.412441179161,5.60972075043,0.));
#4703 = CARTESIAN_POINT('',(90.51798040192,5.651038644568,0.));
#4704 = CARTESIAN_POINT('',(89.354976039701,5.744086684745,0.));
#4705 = CARTESIAN_POINT('',(90.243908541462,5.659334321565,0.));
#4706 = CARTESIAN_POINT('',(89.321351495978,5.800235157305,0.));
#4707 = CARTESIAN_POINT('',(89.266734344627,5.766033239818,0.));
#4708 = CARTESIAN_POINT('',(89.047648379709,5.829120012493,0.));
#4709 = PCURVE('',#4553,#4710);
#4710 = DEFINITIONAL_REPRESENTATION('',(#4711),#4715);
#4711 = LINE('',#4712,#4713);
#4712 = CARTESIAN_POINT('',(0.,0.));
#4713 = VECTOR('',#4714,1.);
#4714 = DIRECTION('',(1.,0.));
#4715 = ( GEOMETRIC_REPRESENTATION_CONTEXT(2) 
PARAMETRIC_REPRESENTATION_CONTEXT() REPRESENTATION_CONTEXT('2D SPACE',''
  ) );
#4716 = PCURVE('',#4492,#4717);
#4717 = DEFINITIONAL_REPRESENTATION('',(#4718),#4726);
#4718 = B_SPLINE_CURVE_WITH_KNOTS('',6,(#4719,#4720,#4721,#4722,#4723,
    #4724,#4725),.UNSPECIFIED.,.F.,.F.,(7,7),(0.,1.),
  .PIECEWISE_BEZIER_KNOTS.);
#4719 = CARTESIAN_POINT('',(4.625799182986,-2.538735065151));
#4720 = CARTESIAN_POINT('',(4.731338405745,-2.497417171013));
#4721 = CARTESIAN_POINT('',(3.568334043526,-2.404369130835));
#4722 = CARTESIAN_POINT('',(4.457266545287,-2.489121494015));
#4723 = CARTESIAN_POINT('',(3.534709499803,-2.348220658275));
#4724 = CARTESIAN_POINT('',(3.480092348452,-2.382422575762));
#4725 = CARTESIAN_POINT('',(3.261006383534,-2.319335803087));
#4726 = ( GEOMETRIC_REPRESENTATION_CONTEXT(2) 
PARAMETRIC_REPRESENTATION_CONTEXT() REPRESENTATION_CONTEXT('2D SPACE',''
  ) );
#4727 = ADVANCED_FACE('',(#4728),#4649,.F.);
#4728 = FACE_BOUND('',#4729,.F.);
#4729 = EDGE_LOOP('',(#4730,#4731,#4826,#4854));
#4730 = ORIENTED_EDGE('',*,*,#4633,.T.);
#4731 = ORIENTED_EDGE('',*,*,#4732,.T.);
#4732 = EDGE_CURVE('',#4603,#4733,#4735,.T.);
#4733 = VERTEX_POINT('',#4734);
#4734 = CARTESIAN_POINT('',(82.460258596913,13.039387885128,2.));
#4735 = SURFACE_CURVE('',#4736,(#4776,#4783),.PCURVE_S1.);
#4736 = B_SPLINE_CURVE_WITH_KNOTS('',8,(#4737,#4738,#4739,#4740,#4741,
    #4742,#4743,#4744,#4745,#4746,#4747,#4748,#4749,#4750,#4751,#4752,
    #4753,#4754,#4755,#4756,#4757,#4758,#4759,#4760,#4761,#4762,#4763,
    #4764,#4765,#4766,#4767,#4768,#4769,#4770,#4771,#4772,#4773,#4774,
    #4775),.UNSPECIFIED.,.F.,.F.,(9,6,6,6,6,6,9),(0.,0.166822409649,
    0.339208674078,0.502233772732,0.649449244691,0.831698308239,1.),
  .UNSPECIFIED.);
#4737 = CARTESIAN_POINT('',(89.047648379709,5.829120012493,2.));
#4738 = CARTESIAN_POINT('',(89.04797896865,6.08358550212,2.));
#4739 = CARTESIAN_POINT('',(89.046042268804,6.338076186935,2.));
#4740 = CARTESIAN_POINT('',(89.051411067627,6.592484989572,2.));
#4741 = CARTESIAN_POINT('',(89.042485992005,6.847055909458,2.));
#4742 = CARTESIAN_POINT('',(89.051915842802,7.101415097563,2.));
#4743 = CARTESIAN_POINT('',(89.045704680568,7.355959481327,2.));
#4744 = CARTESIAN_POINT('',(89.050230358956,7.873325141927,2.));
#4745 = CARTESIAN_POINT('',(89.044837305996,8.390827740242,2.));
#4746 = CARTESIAN_POINT('',(89.057144145425,8.653499424967,2.));
#4747 = CARTESIAN_POINT('',(89.036209998979,8.917292879908,2.));
#4748 = CARTESIAN_POINT('',(89.047021892685,9.178865674086,2.));
#4749 = CARTESIAN_POINT('',(89.062867521735,9.443016875666,2.));
#4750 = CARTESIAN_POINT('',(89.023030703578,9.954962518202,2.));
#4751 = CARTESIAN_POINT('',(88.930539016583,10.457873069879,2.));
#4752 = CARTESIAN_POINT('',(88.855498148834,10.699109739488,2.));
#4753 = CARTESIAN_POINT('',(88.780238790249,10.933237130248,2.));
#4754 = CARTESIAN_POINT('',(88.663265224348,11.161208288637,2.));
#4755 = CARTESIAN_POINT('',(88.536769421895,11.37447262571,2.));
#4756 = CARTESIAN_POINT('',(88.249047092572,11.754852787948,2.));
#4757 = CARTESIAN_POINT('',(87.898889155429,12.073992529507,2.));
#4758 = CARTESIAN_POINT('',(87.719486722839,12.214462144114,2.));
#4759 = CARTESIAN_POINT('',(87.529825561364,12.331980175384,2.));
#4760 = CARTESIAN_POINT('',(87.330315010344,12.443535149402,2.));
#4761 = CARTESIAN_POINT('',(87.126236641193,12.53452574496,2.));
#4762 = CARTESIAN_POINT('',(86.657051204109,12.719801798876,2.));
#4763 = CARTESIAN_POINT('',(86.170385778475,12.844420417165,2.));
#4764 = CARTESIAN_POINT('',(85.896709727221,12.909589547121,2.));
#4765 = CARTESIAN_POINT('',(85.623165735674,12.933398898306,2.));
#4766 = CARTESIAN_POINT('',(85.345008384003,12.9916366421,2.));
#4767 = CARTESIAN_POINT('',(85.068992308425,12.995176425486,2.));
#4768 = CARTESIAN_POINT('',(84.533881893053,13.03995917685,2.));
#4769 = CARTESIAN_POINT('',(84.000071421572,13.020817134605,2.));
#4770 = CARTESIAN_POINT('',(83.740220968549,13.07845512986,2.));
#4771 = CARTESIAN_POINT('',(83.49192307184,12.951292599397,2.));
#4772 = CARTESIAN_POINT('',(83.222184930861,13.151160354563,2.));
#4773 = CARTESIAN_POINT('',(82.97857828659,12.959503184563,2.));
#4774 = CARTESIAN_POINT('',(82.713112454902,13.092932316967,2.));
#4775 = CARTESIAN_POINT('',(82.460258596913,13.039387885128,2.));
#4776 = PCURVE('',#4649,#4777);
#4777 = DEFINITIONAL_REPRESENTATION('',(#4778),#4782);
#4778 = LINE('',#4779,#4780);
#4779 = CARTESIAN_POINT('',(0.,-2.));
#4780 = VECTOR('',#4781,1.);
#4781 = DIRECTION('',(1.,0.));
#4782 = ( GEOMETRIC_REPRESENTATION_CONTEXT(2) 
PARAMETRIC_REPRESENTATION_CONTEXT() REPRESENTATION_CONTEXT('2D SPACE',''
  ) );
#4783 = PCURVE('',#4433,#4784);
#4784 = DEFINITIONAL_REPRESENTATION('',(#4785),#4825);
#4785 = B_SPLINE_CURVE_WITH_KNOTS('',8,(#4786,#4787,#4788,#4789,#4790,
    #4791,#4792,#4793,#4794,#4795,#4796,#4797,#4798,#4799,#4800,#4801,
    #4802,#4803,#4804,#4805,#4806,#4807,#4808,#4809,#4810,#4811,#4812,
    #4813,#4814,#4815,#4816,#4817,#4818,#4819,#4820,#4821,#4822,#4823,
    #4824),.UNSPECIFIED.,.F.,.F.,(9,6,6,6,6,6,9),(0.,0.166822409649,
    0.339208674078,0.502233772732,0.649449244691,0.831698308239,1.),
  .UNSPECIFIED.);
#4786 = CARTESIAN_POINT('',(3.261006383534,-2.319335803087));
#4787 = CARTESIAN_POINT('',(3.261336972475,-2.06487031346));
#4788 = CARTESIAN_POINT('',(3.259400272629,-1.810379628645));
#4789 = CARTESIAN_POINT('',(3.264769071451,-1.555970826008));
#4790 = CARTESIAN_POINT('',(3.25584399583,-1.301399906122));
#4791 = CARTESIAN_POINT('',(3.265273846627,-1.047040718017));
#4792 = CARTESIAN_POINT('',(3.259062684393,-0.792496334253));
#4793 = CARTESIAN_POINT('',(3.263588362781,-0.275130673653));
#4794 = CARTESIAN_POINT('',(3.258195309821,0.242371924661));
#4795 = CARTESIAN_POINT('',(3.27050214925,0.505043609387));
#4796 = CARTESIAN_POINT('',(3.249568002804,0.768837064328));
#4797 = CARTESIAN_POINT('',(3.26037989651,1.030409858506));
#4798 = CARTESIAN_POINT('',(3.27622552556,1.294561060085));
#4799 = CARTESIAN_POINT('',(3.236388707403,1.806506702622));
#4800 = CARTESIAN_POINT('',(3.143897020408,2.309417254299));
#4801 = CARTESIAN_POINT('',(3.068856152659,2.550653923907));
#4802 = CARTESIAN_POINT('',(2.993596794074,2.784781314667));
#4803 = CARTESIAN_POINT('',(2.876623228173,3.012752473057));
#4804 = CARTESIAN_POINT('',(2.750127425719,3.22601681013));
#4805 = CARTESIAN_POINT('',(2.462405096397,3.606396972368));
#4806 = CARTESIAN_POINT('',(2.112247159254,3.925536713927));
#4807 = CARTESIAN_POINT('',(1.932844726664,4.066006328534));
#4808 = CARTESIAN_POINT('',(1.743183565189,4.183524359804));
#4809 = CARTESIAN_POINT('',(1.543673014169,4.295079333822));
#4810 = CARTESIAN_POINT('',(1.339594645018,4.38606992938));
#4811 = CARTESIAN_POINT('',(0.870409207934,4.571345983296));
#4812 = CARTESIAN_POINT('',(0.3837437823,4.695964601585));
#4813 = CARTESIAN_POINT('',(0.110067731046,4.76113373154));
#4814 = CARTESIAN_POINT('',(-0.163476260501,4.784943082726));
#4815 = CARTESIAN_POINT('',(-0.441633612172,4.84318082652));
#4816 = CARTESIAN_POINT('',(-0.71764968775,4.846720609906));
#4817 = CARTESIAN_POINT('',(-1.252760103122,4.89150336127));
#4818 = CARTESIAN_POINT('',(-1.786570574603,4.872361319025));
#4819 = CARTESIAN_POINT('',(-2.046421027627,4.92999931428));
#4820 = CARTESIAN_POINT('',(-2.294718924335,4.802836783816));
#4821 = CARTESIAN_POINT('',(-2.564457065314,5.002704538983));
#4822 = CARTESIAN_POINT('',(-2.808063709585,4.811047368983));
#4823 = CARTESIAN_POINT('',(-3.073529541273,4.944476501386));
#4824 = CARTESIAN_POINT('',(-3.326383399262,4.890932069548));
#4825 = ( GEOMETRIC_REPRESENTATION_CONTEXT(2) 
PARAMETRIC_REPRESENTATION_CONTEXT() REPRESENTATION_CONTEXT('2D SPACE',''
  ) );
#4826 = ORIENTED_EDGE('',*,*,#4827,.F.);
#4827 = EDGE_CURVE('',#4828,#4733,#4830,.T.);
#4828 = VERTEX_POINT('',#4829);
#4829 = CARTESIAN_POINT('',(82.460258596913,13.039387885128,0.));
#4830 = SURFACE_CURVE('',#4831,(#4835,#4842),.PCURVE_S1.);
#4831 = LINE('',#4832,#4833);
#4832 = CARTESIAN_POINT('',(82.460258596913,13.039387885128,0.));
#4833 = VECTOR('',#4834,1.);
#4834 = DIRECTION('',(0.,0.,1.));
#4835 = PCURVE('',#4649,#4836);
#4836 = DEFINITIONAL_REPRESENTATION('',(#4837),#4841);
#4837 = LINE('',#4838,#4839);
#4838 = CARTESIAN_POINT('',(1.,0.));
#4839 = VECTOR('',#4840,1.);
#4840 = DIRECTION('',(0.,-1.));
#4841 = ( GEOMETRIC_REPRESENTATION_CONTEXT(2) 
PARAMETRIC_REPRESENTATION_CONTEXT() REPRESENTATION_CONTEXT('2D SPACE',''
  ) );
#4842 = PCURVE('',#4843,#4848);
#4843 = PLANE('',#4844);
#4844 = AXIS2_PLACEMENT_3D('',#4845,#4846,#4847);
#4845 = CARTESIAN_POINT('',(82.460258596913,13.039387885128,0.));
#4846 = DIRECTION('',(0.996012160308,-8.921757965201E-02,0.));
#4847 = DIRECTION('',(-8.921757965201E-02,-0.996012160308,0.));
#4848 = DEFINITIONAL_REPRESENTATION('',(#4849),#4853);
#4849 = LINE('',#4850,#4851);
#4850 = CARTESIAN_POINT('',(0.,0.));
#4851 = VECTOR('',#4852,1.);
#4852 = DIRECTION('',(0.,-1.));
#4853 = ( GEOMETRIC_REPRESENTATION_CONTEXT(2) 
PARAMETRIC_REPRESENTATION_CONTEXT() REPRESENTATION_CONTEXT('2D SPACE',''
  ) );
#4854 = ORIENTED_EDGE('',*,*,#4855,.F.);
#4855 = EDGE_CURVE('',#4634,#4828,#4856,.T.);
#4856 = SURFACE_CURVE('',#4857,(#4897,#4904),.PCURVE_S1.);
#4857 = B_SPLINE_CURVE_WITH_KNOTS('',8,(#4858,#4859,#4860,#4861,#4862,
    #4863,#4864,#4865,#4866,#4867,#4868,#4869,#4870,#4871,#4872,#4873,
    #4874,#4875,#4876,#4877,#4878,#4879,#4880,#4881,#4882,#4883,#4884,
    #4885,#4886,#4887,#4888,#4889,#4890,#4891,#4892,#4893,#4894,#4895,
    #4896),.UNSPECIFIED.,.F.,.F.,(9,6,6,6,6,6,9),(0.,0.166822409649,
    0.339208674078,0.502233772732,0.649449244691,0.831698308239,1.),
  .UNSPECIFIED.);
#4858 = CARTESIAN_POINT('',(89.047648379709,5.829120012493,0.));
#4859 = CARTESIAN_POINT('',(89.04797896865,6.08358550212,0.));
#4860 = CARTESIAN_POINT('',(89.046042268804,6.338076186935,0.));
#4861 = CARTESIAN_POINT('',(89.051411067627,6.592484989572,0.));
#4862 = CARTESIAN_POINT('',(89.042485992005,6.847055909458,0.));
#4863 = CARTESIAN_POINT('',(89.051915842802,7.101415097563,0.));
#4864 = CARTESIAN_POINT('',(89.045704680568,7.355959481327,0.));
#4865 = CARTESIAN_POINT('',(89.050230358956,7.873325141927,0.));
#4866 = CARTESIAN_POINT('',(89.044837305996,8.390827740242,0.));
#4867 = CARTESIAN_POINT('',(89.057144145425,8.653499424967,0.));
#4868 = CARTESIAN_POINT('',(89.036209998979,8.917292879908,0.));
#4869 = CARTESIAN_POINT('',(89.047021892685,9.178865674086,0.));
#4870 = CARTESIAN_POINT('',(89.062867521735,9.443016875666,0.));
#4871 = CARTESIAN_POINT('',(89.023030703578,9.954962518202,0.));
#4872 = CARTESIAN_POINT('',(88.930539016583,10.457873069879,0.));
#4873 = CARTESIAN_POINT('',(88.855498148834,10.699109739488,0.));
#4874 = CARTESIAN_POINT('',(88.780238790249,10.933237130248,0.));
#4875 = CARTESIAN_POINT('',(88.663265224348,11.161208288637,0.));
#4876 = CARTESIAN_POINT('',(88.536769421895,11.37447262571,0.));
#4877 = CARTESIAN_POINT('',(88.249047092572,11.754852787948,0.));
#4878 = CARTESIAN_POINT('',(87.898889155429,12.073992529507,0.));
#4879 = CARTESIAN_POINT('',(87.719486722839,12.214462144114,0.));
#4880 = CARTESIAN_POINT('',(87.529825561364,12.331980175384,0.));
#4881 = CARTESIAN_POINT('',(87.330315010344,12.443535149402,0.));
#4882 = CARTESIAN_POINT('',(87.126236641193,12.53452574496,0.));
#4883 = CARTESIAN_POINT('',(86.657051204109,12.719801798876,0.));
#4884 = CARTESIAN_POINT('',(86.170385778475,12.844420417165,0.));
#4885 = CARTESIAN_POINT('',(85.896709727221,12.909589547121,0.));
#4886 = CARTESIAN_POINT('',(85.623165735674,12.933398898306,0.));
#4887 = CARTESIAN_POINT('',(85.345008384003,12.9916366421,0.));
#4888 = CARTESIAN_POINT('',(85.068992308425,12.995176425486,0.));
#4889 = CARTESIAN_POINT('',(84.533881893053,13.03995917685,0.));
#4890 = CARTESIAN_POINT('',(84.000071421572,13.020817134605,0.));
#4891 = CARTESIAN_POINT('',(83.740220968549,13.07845512986,0.));
#4892 = CARTESIAN_POINT('',(83.49192307184,12.951292599397,0.));
#4893 = CARTESIAN_POINT('',(83.222184930861,13.151160354563,0.));
#4894 = CARTESIAN_POINT('',(82.97857828659,12.959503184563,0.));
#4895 = CARTESIAN_POINT('',(82.713112454902,13.092932316967,0.));
#4896 = CARTESIAN_POINT('',(82.460258596913,13.039387885128,0.));
#4897 = PCURVE('',#4649,#4898);
#4898 = DEFINITIONAL_REPRESENTATION('',(#4899),#4903);
#4899 = LINE('',#4900,#4901);
#4900 = CARTESIAN_POINT('',(0.,0.));
#4901 = VECTOR('',#4902,1.);
#4902 = DIRECTION('',(1.,0.));
#4903 = ( GEOMETRIC_REPRESENTATION_CONTEXT(2) 
PARAMETRIC_REPRESENTATION_CONTEXT() REPRESENTATION_CONTEXT('2D SPACE',''
  ) );
#4904 = PCURVE('',#4492,#4905);
#4905 = DEFINITIONAL_REPRESENTATION('',(#4906),#4946);
#4906 = B_SPLINE_CURVE_WITH_KNOTS('',8,(#4907,#4908,#4909,#4910,#4911,
    #4912,#4913,#4914,#4915,#4916,#4917,#4918,#4919,#4920,#4921,#4922,
    #4923,#4924,#4925,#4926,#4927,#4928,#4929,#4930,#4931,#4932,#4933,
    #4934,#4935,#4936,#4937,#4938,#4939,#4940,#4941,#4942,#4943,#4944,
    #4945),.UNSPECIFIED.,.F.,.F.,(9,6,6,6,6,6,9),(0.,0.166822409649,
    0.339208674078,0.502233772732,0.649449244691,0.831698308239,1.),
  .UNSPECIFIED.);
#4907 = CARTESIAN_POINT('',(3.261006383534,-2.319335803087));
#4908 = CARTESIAN_POINT('',(3.261336972475,-2.06487031346));
#4909 = CARTESIAN_POINT('',(3.259400272629,-1.810379628645));
#4910 = CARTESIAN_POINT('',(3.264769071451,-1.555970826008));
#4911 = CARTESIAN_POINT('',(3.25584399583,-1.301399906122));
#4912 = CARTESIAN_POINT('',(3.265273846627,-1.047040718017));
#4913 = CARTESIAN_POINT('',(3.259062684393,-0.792496334253));
#4914 = CARTESIAN_POINT('',(3.263588362781,-0.275130673653));
#4915 = CARTESIAN_POINT('',(3.258195309821,0.242371924661));
#4916 = CARTESIAN_POINT('',(3.27050214925,0.505043609387));
#4917 = CARTESIAN_POINT('',(3.249568002804,0.768837064328));
#4918 = CARTESIAN_POINT('',(3.26037989651,1.030409858506));
#4919 = CARTESIAN_POINT('',(3.27622552556,1.294561060085));
#4920 = CARTESIAN_POINT('',(3.236388707403,1.806506702622));
#4921 = CARTESIAN_POINT('',(3.143897020408,2.309417254299));
#4922 = CARTESIAN_POINT('',(3.068856152659,2.550653923907));
#4923 = CARTESIAN_POINT('',(2.993596794074,2.784781314667));
#4924 = CARTESIAN_POINT('',(2.876623228173,3.012752473057));
#4925 = CARTESIAN_POINT('',(2.750127425719,3.22601681013));
#4926 = CARTESIAN_POINT('',(2.462405096397,3.606396972368));
#4927 = CARTESIAN_POINT('',(2.112247159254,3.925536713927));
#4928 = CARTESIAN_POINT('',(1.932844726664,4.066006328534));
#4929 = CARTESIAN_POINT('',(1.743183565189,4.183524359804));
#4930 = CARTESIAN_POINT('',(1.543673014169,4.295079333822));
#4931 = CARTESIAN_POINT('',(1.339594645018,4.38606992938));
#4932 = CARTESIAN_POINT('',(0.870409207934,4.571345983296));
#4933 = CARTESIAN_POINT('',(0.3837437823,4.695964601585));
#4934 = CARTESIAN_POINT('',(0.110067731046,4.76113373154));
#4935 = CARTESIAN_POINT('',(-0.163476260501,4.784943082726));
#4936 = CARTESIAN_POINT('',(-0.441633612172,4.84318082652));
#4937 = CARTESIAN_POINT('',(-0.71764968775,4.846720609906));
#4938 = CARTESIAN_POINT('',(-1.252760103122,4.89150336127));
#4939 = CARTESIAN_POINT('',(-1.786570574603,4.872361319025));
#4940 = CARTESIAN_POINT('',(-2.046421027627,4.92999931428));
#4941 = CARTESIAN_POINT('',(-2.294718924335,4.802836783816));
#4942 = CARTESIAN_POINT('',(-2.564457065314,5.002704538983));
#4943 = CARTESIAN_POINT('',(-2.808063709585,4.811047368983));
#4944 = CARTESIAN_POINT('',(-3.073529541273,4.944476501386));
#4945 = CARTESIAN_POINT('',(-3.326383399262,4.890932069548));
#4946 = ( GEOMETRIC_REPRESENTATION_CONTEXT(2) 
PARAMETRIC_REPRESENTATION_CONTEXT() REPRESENTATION_CONTEXT('2D SPACE',''
  ) );
#4947 = ADVANCED_FACE('',(#4948),#4843,.F.);
#4948 = FACE_BOUND('',#4949,.F.);
#4949 = EDGE_LOOP('',(#4950,#4951,#4974,#5022));
#4950 = ORIENTED_EDGE('',*,*,#4827,.T.);
#4951 = ORIENTED_EDGE('',*,*,#4952,.T.);
#4952 = EDGE_CURVE('',#4733,#4953,#4955,.T.);
#4953 = VERTEX_POINT('',#4954);
#4954 = CARTESIAN_POINT('',(82.292604781686,11.167724931029,2.));
#4955 = SURFACE_CURVE('',#4956,(#4960,#4967),.PCURVE_S1.);
#4956 = LINE('',#4957,#4958);
#4957 = CARTESIAN_POINT('',(82.460258596913,13.039387885128,2.));
#4958 = VECTOR('',#4959,1.);
#4959 = DIRECTION('',(-8.921757965201E-02,-0.996012160308,0.));
#4960 = PCURVE('',#4843,#4961);
#4961 = DEFINITIONAL_REPRESENTATION('',(#4962),#4966);
#4962 = LINE('',#4963,#4964);
#4963 = CARTESIAN_POINT('',(0.,-2.));
#4964 = VECTOR('',#4965,1.);
#4965 = DIRECTION('',(1.,0.));
#4966 = ( GEOMETRIC_REPRESENTATION_CONTEXT(2) 
PARAMETRIC_REPRESENTATION_CONTEXT() REPRESENTATION_CONTEXT('2D SPACE',''
  ) );
#4967 = PCURVE('',#4433,#4968);
#4968 = DEFINITIONAL_REPRESENTATION('',(#4969),#4973);
#4969 = LINE('',#4970,#4971);
#4970 = CARTESIAN_POINT('',(-3.326383399262,4.890932069548));
#4971 = VECTOR('',#4972,1.);
#4972 = DIRECTION('',(-8.921757965201E-02,-0.996012160308));
#4973 = ( GEOMETRIC_REPRESENTATION_CONTEXT(2) 
PARAMETRIC_REPRESENTATION_CONTEXT() REPRESENTATION_CONTEXT('2D SPACE',''
  ) );
#4974 = ORIENTED_EDGE('',*,*,#4975,.F.);
#4975 = EDGE_CURVE('',#4976,#4953,#4978,.T.);
#4976 = VERTEX_POINT('',#4977);
#4977 = CARTESIAN_POINT('',(82.292604781686,11.167724931029,0.));
#4978 = SURFACE_CURVE('',#4979,(#4983,#4990),.PCURVE_S1.);
#4979 = LINE('',#4980,#4981);
#4980 = CARTESIAN_POINT('',(82.292604781686,11.167724931029,0.));
#4981 = VECTOR('',#4982,1.);
#4982 = DIRECTION('',(0.,0.,1.));
#4983 = PCURVE('',#4843,#4984);
#4984 = DEFINITIONAL_REPRESENTATION('',(#4985),#4989);
#4985 = LINE('',#4986,#4987);
#4986 = CARTESIAN_POINT('',(1.879156729895,0.));
#4987 = VECTOR('',#4988,1.);
#4988 = DIRECTION('',(0.,-1.));
#4989 = ( GEOMETRIC_REPRESENTATION_CONTEXT(2) 
PARAMETRIC_REPRESENTATION_CONTEXT() REPRESENTATION_CONTEXT('2D SPACE',''
  ) );
#4990 = PCURVE('',#4991,#5016);
#4991 = SURFACE_OF_LINEAR_EXTRUSION('',#4992,#5014);
#4992 = B_SPLINE_CURVE_WITH_KNOTS('',8,(#4993,#4994,#4995,#4996,#4997,
    #4998,#4999,#5000,#5001,#5002,#5003,#5004,#5005,#5006,#5007,#5008,
    #5009,#5010,#5011,#5012,#5013),.UNSPECIFIED.,.F.,.F.,(9,6,6,9),(0.,
    0.334954118465,0.684295119383,1.),.UNSPECIFIED.);
#4993 = CARTESIAN_POINT('',(82.292604781686,11.167724931029,0.));
#4994 = CARTESIAN_POINT('',(82.450221369529,11.09118365529,0.));
#4995 = CARTESIAN_POINT('',(82.988188159394,11.237063690891,0.));
#4996 = CARTESIAN_POINT('',(82.701612323296,11.009077074359,0.));
#4997 = CARTESIAN_POINT('',(83.516882416435,11.219960439999,0.));
#4998 = CARTESIAN_POINT('',(83.363182749042,11.074236923791,0.));
#4999 = CARTESIAN_POINT('',(83.761381284161,11.120872148338,0.));
#5000 = CARTESIAN_POINT('',(84.199462445814,11.090881950849,0.));
#5001 = CARTESIAN_POINT('',(84.735049072602,11.091456041169,0.));
#5002 = CARTESIAN_POINT('',(84.934094738465,11.079328689273,0.));
#5003 = CARTESIAN_POINT('',(85.250065457814,11.048807643708,0.));
#5004 = CARTESIAN_POINT('',(85.447286153762,11.024231346954,0.));
#5005 = CARTESIAN_POINT('',(85.72098338088,10.964707798085,0.));
#5006 = CARTESIAN_POINT('',(86.166685106362,10.837894689579,0.));
#5007 = CARTESIAN_POINT('',(86.600483642026,10.583273303994,0.));
#5008 = CARTESIAN_POINT('',(86.73505731282,10.483522141867,0.));
#5009 = CARTESIAN_POINT('',(86.980135961028,10.170816054524,0.));
#5010 = CARTESIAN_POINT('',(86.934208419252,10.093278160322,0.));
#5011 = CARTESIAN_POINT('',(87.068671870937,9.750571882913,0.));
#5012 = CARTESIAN_POINT('',(87.01852545443,9.574935889677,0.));
#5013 = CARTESIAN_POINT('',(87.025611447408,9.33780001827,0.));
#5014 = VECTOR('',#5015,1.);
#5015 = DIRECTION('',(-0.,-0.,-1.));
#5016 = DEFINITIONAL_REPRESENTATION('',(#5017),#5021);
#5017 = LINE('',#5018,#5019);
#5018 = CARTESIAN_POINT('',(0.,0.));
#5019 = VECTOR('',#5020,1.);
#5020 = DIRECTION('',(0.,-1.));
#5021 = ( GEOMETRIC_REPRESENTATION_CONTEXT(2) 
PARAMETRIC_REPRESENTATION_CONTEXT() REPRESENTATION_CONTEXT('2D SPACE',''
  ) );
#5022 = ORIENTED_EDGE('',*,*,#5023,.F.);
#5023 = EDGE_CURVE('',#4828,#4976,#5024,.T.);
#5024 = SURFACE_CURVE('',#5025,(#5029,#5036),.PCURVE_S1.);
#5025 = LINE('',#5026,#5027);
#5026 = CARTESIAN_POINT('',(82.460258596913,13.039387885128,0.));
#5027 = VECTOR('',#5028,1.);
#5028 = DIRECTION('',(-8.921757965201E-02,-0.996012160308,0.));
#5029 = PCURVE('',#4843,#5030);
#5030 = DEFINITIONAL_REPRESENTATION('',(#5031),#5035);
#5031 = LINE('',#5032,#5033);
#5032 = CARTESIAN_POINT('',(0.,0.));
#5033 = VECTOR('',#5034,1.);
#5034 = DIRECTION('',(1.,0.));
#5035 = ( GEOMETRIC_REPRESENTATION_CONTEXT(2) 
PARAMETRIC_REPRESENTATION_CONTEXT() REPRESENTATION_CONTEXT('2D SPACE',''
  ) );
#5036 = PCURVE('',#4492,#5037);
#5037 = DEFINITIONAL_REPRESENTATION('',(#5038),#5042);
#5038 = LINE('',#5039,#5040);
#5039 = CARTESIAN_POINT('',(-3.326383399262,4.890932069548));
#5040 = VECTOR('',#5041,1.);
#5041 = DIRECTION('',(-8.921757965201E-02,-0.996012160308));
#5042 = ( GEOMETRIC_REPRESENTATION_CONTEXT(2) 
PARAMETRIC_REPRESENTATION_CONTEXT() REPRESENTATION_CONTEXT('2D SPACE',''
  ) );
#5043 = ADVANCED_FACE('',(#5044),#4991,.F.);
#5044 = FACE_BOUND('',#5045,.F.);
#5045 = EDGE_LOOP('',(#5046,#5047,#5106,#5148));
#5046 = ORIENTED_EDGE('',*,*,#4975,.T.);
#5047 = ORIENTED_EDGE('',*,*,#5048,.T.);
#5048 = EDGE_CURVE('',#4953,#5049,#5051,.T.);
#5049 = VERTEX_POINT('',#5050);
#5050 = CARTESIAN_POINT('',(87.025611447408,9.33780001827,2.));
#5051 = SURFACE_CURVE('',#5052,(#5074,#5081),.PCURVE_S1.);
#5052 = B_SPLINE_CURVE_WITH_KNOTS('',8,(#5053,#5054,#5055,#5056,#5057,
    #5058,#5059,#5060,#5061,#5062,#5063,#5064,#5065,#5066,#5067,#5068,
    #5069,#5070,#5071,#5072,#5073),.UNSPECIFIED.,.F.,.F.,(9,6,6,9),(0.,
    0.334954118465,0.684295119383,1.),.UNSPECIFIED.);
#5053 = CARTESIAN_POINT('',(82.292604781686,11.167724931029,2.));
#5054 = CARTESIAN_POINT('',(82.450221369529,11.09118365529,2.));
#5055 = CARTESIAN_POINT('',(82.988188159394,11.237063690891,2.));
#5056 = CARTESIAN_POINT('',(82.701612323296,11.009077074359,2.));
#5057 = CARTESIAN_POINT('',(83.516882416435,11.219960439999,2.));
#5058 = CARTESIAN_POINT('',(83.363182749042,11.074236923791,2.));
#5059 = CARTESIAN_POINT('',(83.761381284161,11.120872148338,2.));
#5060 = CARTESIAN_POINT('',(84.199462445814,11.090881950849,2.));
#5061 = CARTESIAN_POINT('',(84.735049072602,11.091456041169,2.));
#5062 = CARTESIAN_POINT('',(84.934094738465,11.079328689273,2.));
#5063 = CARTESIAN_POINT('',(85.250065457814,11.048807643708,2.));
#5064 = CARTESIAN_POINT('',(85.447286153762,11.024231346954,2.));
#5065 = CARTESIAN_POINT('',(85.72098338088,10.964707798085,2.));
#5066 = CARTESIAN_POINT('',(86.166685106362,10.837894689579,2.));
#5067 = CARTESIAN_POINT('',(86.600483642026,10.583273303994,2.));
#5068 = CARTESIAN_POINT('',(86.73505731282,10.483522141867,2.));
#5069 = CARTESIAN_POINT('',(86.980135961028,10.170816054524,2.));
#5070 = CARTESIAN_POINT('',(86.934208419252,10.093278160322,2.));
#5071 = CARTESIAN_POINT('',(87.068671870937,9.750571882913,2.));
#5072 = CARTESIAN_POINT('',(87.01852545443,9.574935889677,2.));
#5073 = CARTESIAN_POINT('',(87.025611447408,9.33780001827,2.));
#5074 = PCURVE('',#4991,#5075);
#5075 = DEFINITIONAL_REPRESENTATION('',(#5076),#5080);
#5076 = LINE('',#5077,#5078);
#5077 = CARTESIAN_POINT('',(0.,-2.));
#5078 = VECTOR('',#5079,1.);
#5079 = DIRECTION('',(1.,0.));
#5080 = ( GEOMETRIC_REPRESENTATION_CONTEXT(2) 
PARAMETRIC_REPRESENTATION_CONTEXT() REPRESENTATION_CONTEXT('2D SPACE',''
  ) );
#5081 = PCURVE('',#4433,#5082);
#5082 = DEFINITIONAL_REPRESENTATION('',(#5083),#5105);
#5083 = B_SPLINE_CURVE_WITH_KNOTS('',8,(#5084,#5085,#5086,#5087,#5088,
    #5089,#5090,#5091,#5092,#5093,#5094,#5095,#5096,#5097,#5098,#5099,
    #5100,#5101,#5102,#5103,#5104),.UNSPECIFIED.,.F.,.F.,(9,6,6,9),(0.,
    0.334954118465,0.684295119383,1.),.UNSPECIFIED.);
#5084 = CARTESIAN_POINT('',(-3.49403721449,3.019269115449));
#5085 = CARTESIAN_POINT('',(-3.336420626646,2.94272783971));
#5086 = CARTESIAN_POINT('',(-2.798453836781,3.08860787531));
#5087 = CARTESIAN_POINT('',(-3.085029672879,2.860621258779));
#5088 = CARTESIAN_POINT('',(-2.26975957974,3.071504624419));
#5089 = CARTESIAN_POINT('',(-2.423459247133,2.92578110821));
#5090 = CARTESIAN_POINT('',(-2.025260712014,2.972416332758));
#5091 = CARTESIAN_POINT('',(-1.587179550361,2.942426135268));
#5092 = CARTESIAN_POINT('',(-1.051592923573,2.943000225589));
#5093 = CARTESIAN_POINT('',(-0.85254725771,2.930872873692));
#5094 = CARTESIAN_POINT('',(-0.536576538361,2.900351828128));
#5095 = CARTESIAN_POINT('',(-0.339355842413,2.875775531374));
#5096 = CARTESIAN_POINT('',(-6.565861529529E-02,2.816251982504));
#5097 = CARTESIAN_POINT('',(0.380043110187,2.689438873999));
#5098 = CARTESIAN_POINT('',(0.813841645851,2.434817488414));
#5099 = CARTESIAN_POINT('',(0.948415316645,2.335066326287));
#5100 = CARTESIAN_POINT('',(1.193493964853,2.022360238943));
#5101 = CARTESIAN_POINT('',(1.147566423077,1.944822344742));
#5102 = CARTESIAN_POINT('',(1.282029874762,1.602116067333));
#5103 = CARTESIAN_POINT('',(1.231883458255,1.426480074096));
#5104 = CARTESIAN_POINT('',(1.238969451233,1.189344202689));
#5105 = ( GEOMETRIC_REPRESENTATION_CONTEXT(2) 
PARAMETRIC_REPRESENTATION_CONTEXT() REPRESENTATION_CONTEXT('2D SPACE',''
  ) );
#5106 = ORIENTED_EDGE('',*,*,#5107,.F.);
#5107 = EDGE_CURVE('',#5108,#5049,#5110,.T.);
#5108 = VERTEX_POINT('',#5109);
#5109 = CARTESIAN_POINT('',(87.025611447408,9.33780001827,0.));
#5110 = SURFACE_CURVE('',#5111,(#5115,#5122),.PCURVE_S1.);
#5111 = LINE('',#5112,#5113);
#5112 = CARTESIAN_POINT('',(87.025611447408,9.33780001827,0.));
#5113 = VECTOR('',#5114,1.);
#5114 = DIRECTION('',(0.,0.,1.));
#5115 = PCURVE('',#4991,#5116);
#5116 = DEFINITIONAL_REPRESENTATION('',(#5117),#5121);
#5117 = LINE('',#5118,#5119);
#5118 = CARTESIAN_POINT('',(1.,0.));
#5119 = VECTOR('',#5120,1.);
#5120 = DIRECTION('',(0.,-1.));
#5121 = ( GEOMETRIC_REPRESENTATION_CONTEXT(2) 
PARAMETRIC_REPRESENTATION_CONTEXT() REPRESENTATION_CONTEXT('2D SPACE',''
  ) );
#5122 = PCURVE('',#5123,#5142);
#5123 = SURFACE_OF_LINEAR_EXTRUSION('',#5124,#5140);
#5124 = B_SPLINE_CURVE_WITH_KNOTS('',8,(#5125,#5126,#5127,#5128,#5129,
    #5130,#5131,#5132,#5133,#5134,#5135,#5136,#5137,#5138,#5139),
  .UNSPECIFIED.,.F.,.F.,(9,6,9),(0.,0.504456066451,1.),.UNSPECIFIED.);
#5125 = CARTESIAN_POINT('',(87.025611447408,9.33780001827,0.));
#5126 = CARTESIAN_POINT('',(86.015594724481,9.562456375116,0.));
#5127 = CARTESIAN_POINT('',(85.132200592326,9.53127101688,0.));
#5128 = CARTESIAN_POINT('',(83.66430546891,9.570153121867,0.));
#5129 = CARTESIAN_POINT('',(83.542317740791,9.399528125458,0.));
#5130 = CARTESIAN_POINT('',(81.417846856458,9.139484792831,0.));
#5131 = CARTESIAN_POINT('',(81.277778688999,7.945189708454,0.));
#5132 = CARTESIAN_POINT('',(80.880396780037,5.873428678399,0.));
#5133 = CARTESIAN_POINT('',(81.825895367456,4.022364353545,0.));
#5134 = CARTESIAN_POINT('',(83.153882321886,3.041588427391,0.));
#5135 = CARTESIAN_POINT('',(84.292668911116,4.379681678225,0.));
#5136 = CARTESIAN_POINT('',(84.725820928515,3.098645234407,0.));
#5137 = CARTESIAN_POINT('',(86.579183577116,3.840830722741,0.));
#5138 = CARTESIAN_POINT('',(86.871263380329,4.865405324417,0.));
#5139 = CARTESIAN_POINT('',(86.991783620971,5.835325915515,0.));
#5140 = VECTOR('',#5141,1.);
#5141 = DIRECTION('',(-0.,-0.,-1.));
#5142 = DEFINITIONAL_REPRESENTATION('',(#5143),#5147);
#5143 = LINE('',#5144,#5145);
#5144 = CARTESIAN_POINT('',(0.,0.));
#5145 = VECTOR('',#5146,1.);
#5146 = DIRECTION('',(0.,-1.));
#5147 = ( GEOMETRIC_REPRESENTATION_CONTEXT(2) 
PARAMETRIC_REPRESENTATION_CONTEXT() REPRESENTATION_CONTEXT('2D SPACE',''
  ) );
#5148 = ORIENTED_EDGE('',*,*,#5149,.F.);
#5149 = EDGE_CURVE('',#4976,#5108,#5150,.T.);
#5150 = SURFACE_CURVE('',#5151,(#5173,#5180),.PCURVE_S1.);
#5151 = B_SPLINE_CURVE_WITH_KNOTS('',8,(#5152,#5153,#5154,#5155,#5156,
    #5157,#5158,#5159,#5160,#5161,#5162,#5163,#5164,#5165,#5166,#5167,
    #5168,#5169,#5170,#5171,#5172),.UNSPECIFIED.,.F.,.F.,(9,6,6,9),(0.,
    0.334954118465,0.684295119383,1.),.UNSPECIFIED.);
#5152 = CARTESIAN_POINT('',(82.292604781686,11.167724931029,0.));
#5153 = CARTESIAN_POINT('',(82.450221369529,11.09118365529,0.));
#5154 = CARTESIAN_POINT('',(82.988188159394,11.237063690891,0.));
#5155 = CARTESIAN_POINT('',(82.701612323296,11.009077074359,0.));
#5156 = CARTESIAN_POINT('',(83.516882416435,11.219960439999,0.));
#5157 = CARTESIAN_POINT('',(83.363182749042,11.074236923791,0.));
#5158 = CARTESIAN_POINT('',(83.761381284161,11.120872148338,0.));
#5159 = CARTESIAN_POINT('',(84.199462445814,11.090881950849,0.));
#5160 = CARTESIAN_POINT('',(84.735049072602,11.091456041169,0.));
#5161 = CARTESIAN_POINT('',(84.934094738465,11.079328689273,0.));
#5162 = CARTESIAN_POINT('',(85.250065457814,11.048807643708,0.));
#5163 = CARTESIAN_POINT('',(85.447286153762,11.024231346954,0.));
#5164 = CARTESIAN_POINT('',(85.72098338088,10.964707798085,0.));
#5165 = CARTESIAN_POINT('',(86.166685106362,10.837894689579,0.));
#5166 = CARTESIAN_POINT('',(86.600483642026,10.583273303994,0.));
#5167 = CARTESIAN_POINT('',(86.73505731282,10.483522141867,0.));
#5168 = CARTESIAN_POINT('',(86.980135961028,10.170816054524,0.));
#5169 = CARTESIAN_POINT('',(86.934208419252,10.093278160322,0.));
#5170 = CARTESIAN_POINT('',(87.068671870937,9.750571882913,0.));
#5171 = CARTESIAN_POINT('',(87.01852545443,9.574935889677,0.));
#5172 = CARTESIAN_POINT('',(87.025611447408,9.33780001827,0.));
#5173 = PCURVE('',#4991,#5174);
#5174 = DEFINITIONAL_REPRESENTATION('',(#5175),#5179);
#5175 = LINE('',#5176,#5177);
#5176 = CARTESIAN_POINT('',(0.,0.));
#5177 = VECTOR('',#5178,1.);
#5178 = DIRECTION('',(1.,0.));
#5179 = ( GEOMETRIC_REPRESENTATION_CONTEXT(2) 
PARAMETRIC_REPRESENTATION_CONTEXT() REPRESENTATION_CONTEXT('2D SPACE',''
  ) );
#5180 = PCURVE('',#4492,#5181);
#5181 = DEFINITIONAL_REPRESENTATION('',(#5182),#5204);
#5182 = B_SPLINE_CURVE_WITH_KNOTS('',8,(#5183,#5184,#5185,#5186,#5187,
    #5188,#5189,#5190,#5191,#5192,#5193,#5194,#5195,#5196,#5197,#5198,
    #5199,#5200,#5201,#5202,#5203),.UNSPECIFIED.,.F.,.F.,(9,6,6,9),(0.,
    0.334954118465,0.684295119383,1.),.UNSPECIFIED.);
#5183 = CARTESIAN_POINT('',(-3.49403721449,3.019269115449));
#5184 = CARTESIAN_POINT('',(-3.336420626646,2.94272783971));
#5185 = CARTESIAN_POINT('',(-2.798453836781,3.08860787531));
#5186 = CARTESIAN_POINT('',(-3.085029672879,2.860621258779));
#5187 = CARTESIAN_POINT('',(-2.26975957974,3.071504624419));
#5188 = CARTESIAN_POINT('',(-2.423459247133,2.92578110821));
#5189 = CARTESIAN_POINT('',(-2.025260712014,2.972416332758));
#5190 = CARTESIAN_POINT('',(-1.587179550361,2.942426135268));
#5191 = CARTESIAN_POINT('',(-1.051592923573,2.943000225589));
#5192 = CARTESIAN_POINT('',(-0.85254725771,2.930872873692));
#5193 = CARTESIAN_POINT('',(-0.536576538361,2.900351828128));
#5194 = CARTESIAN_POINT('',(-0.339355842413,2.875775531374));
#5195 = CARTESIAN_POINT('',(-6.565861529529E-02,2.816251982504));
#5196 = CARTESIAN_POINT('',(0.380043110187,2.689438873999));
#5197 = CARTESIAN_POINT('',(0.813841645851,2.434817488414));
#5198 = CARTESIAN_POINT('',(0.948415316645,2.335066326287));
#5199 = CARTESIAN_POINT('',(1.193493964853,2.022360238943));
#5200 = CARTESIAN_POINT('',(1.147566423077,1.944822344742));
#5201 = CARTESIAN_POINT('',(1.282029874762,1.602116067333));
#5202 = CARTESIAN_POINT('',(1.231883458255,1.426480074096));
#5203 = CARTESIAN_POINT('',(1.238969451233,1.189344202689));
#5204 = ( GEOMETRIC_REPRESENTATION_CONTEXT(2) 
PARAMETRIC_REPRESENTATION_CONTEXT() REPRESENTATION_CONTEXT('2D SPACE',''
  ) );
#5205 = ADVANCED_FACE('',(#5206),#5123,.F.);
#5206 = FACE_BOUND('',#5207,.F.);
#5207 = EDGE_LOOP('',(#5208,#5209,#5256,#5284));
#5208 = ORIENTED_EDGE('',*,*,#5107,.T.);
#5209 = ORIENTED_EDGE('',*,*,#5210,.T.);
#5210 = EDGE_CURVE('',#5049,#5211,#5213,.T.);
#5211 = VERTEX_POINT('',#5212);
#5212 = CARTESIAN_POINT('',(86.991783620971,5.835325915515,2.));
#5213 = SURFACE_CURVE('',#5214,(#5230,#5237),.PCURVE_S1.);
#5214 = B_SPLINE_CURVE_WITH_KNOTS('',8,(#5215,#5216,#5217,#5218,#5219,
    #5220,#5221,#5222,#5223,#5224,#5225,#5226,#5227,#5228,#5229),
  .UNSPECIFIED.,.F.,.F.,(9,6,9),(0.,0.504456066451,1.),.UNSPECIFIED.);
#5215 = CARTESIAN_POINT('',(87.025611447408,9.33780001827,2.));
#5216 = CARTESIAN_POINT('',(86.015594724481,9.562456375116,2.));
#5217 = CARTESIAN_POINT('',(85.132200592326,9.53127101688,2.));
#5218 = CARTESIAN_POINT('',(83.66430546891,9.570153121867,2.));
#5219 = CARTESIAN_POINT('',(83.542317740791,9.399528125458,2.));
#5220 = CARTESIAN_POINT('',(81.417846856458,9.139484792831,2.));
#5221 = CARTESIAN_POINT('',(81.277778688999,7.945189708454,2.));
#5222 = CARTESIAN_POINT('',(80.880396780037,5.873428678399,2.));
#5223 = CARTESIAN_POINT('',(81.825895367456,4.022364353545,2.));
#5224 = CARTESIAN_POINT('',(83.153882321886,3.041588427391,2.));
#5225 = CARTESIAN_POINT('',(84.292668911116,4.379681678225,2.));
#5226 = CARTESIAN_POINT('',(84.725820928515,3.098645234407,2.));
#5227 = CARTESIAN_POINT('',(86.579183577116,3.840830722741,2.));
#5228 = CARTESIAN_POINT('',(86.871263380329,4.865405324417,2.));
#5229 = CARTESIAN_POINT('',(86.991783620971,5.835325915515,2.));
#5230 = PCURVE('',#5123,#5231);
#5231 = DEFINITIONAL_REPRESENTATION('',(#5232),#5236);
#5232 = LINE('',#5233,#5234);
#5233 = CARTESIAN_POINT('',(0.,-2.));
#5234 = VECTOR('',#5235,1.);
#5235 = DIRECTION('',(1.,0.));
#5236 = ( GEOMETRIC_REPRESENTATION_CONTEXT(2) 
PARAMETRIC_REPRESENTATION_CONTEXT() REPRESENTATION_CONTEXT('2D SPACE',''
  ) );
#5237 = PCURVE('',#4433,#5238);
#5238 = DEFINITIONAL_REPRESENTATION('',(#5239),#5255);
#5239 = B_SPLINE_CURVE_WITH_KNOTS('',8,(#5240,#5241,#5242,#5243,#5244,
    #5245,#5246,#5247,#5248,#5249,#5250,#5251,#5252,#5253,#5254),
  .UNSPECIFIED.,.F.,.F.,(9,6,9),(0.,0.504456066451,1.),.UNSPECIFIED.);
#5240 = CARTESIAN_POINT('',(1.238969451233,1.189344202689));
#5241 = CARTESIAN_POINT('',(0.228952728306,1.414000559535));
#5242 = CARTESIAN_POINT('',(-0.654441403849,1.3828152013));
#5243 = CARTESIAN_POINT('',(-2.122336527265,1.421697306286));
#5244 = CARTESIAN_POINT('',(-2.244324255384,1.251072309878));
#5245 = CARTESIAN_POINT('',(-4.368795139717,0.99102897725));
#5246 = CARTESIAN_POINT('',(-4.508863307176,-0.203266107127));
#5247 = CARTESIAN_POINT('',(-4.906245216138,-2.275027137181));
#5248 = CARTESIAN_POINT('',(-3.960746628719,-4.126091462035));
#5249 = CARTESIAN_POINT('',(-2.632759674289,-5.10686738819));
#5250 = CARTESIAN_POINT('',(-1.493973085059,-3.768774137356));
#5251 = CARTESIAN_POINT('',(-1.06082106766,-5.049810581173));
#5252 = CARTESIAN_POINT('',(0.792541580941,-4.307625092839));
#5253 = CARTESIAN_POINT('',(1.084621384154,-3.283050491163));
#5254 = CARTESIAN_POINT('',(1.205141624796,-2.313129900066));
#5255 = ( GEOMETRIC_REPRESENTATION_CONTEXT(2) 
PARAMETRIC_REPRESENTATION_CONTEXT() REPRESENTATION_CONTEXT('2D SPACE',''
  ) );
#5256 = ORIENTED_EDGE('',*,*,#5257,.F.);
#5257 = EDGE_CURVE('',#5258,#5211,#5260,.T.);
#5258 = VERTEX_POINT('',#5259);
#5259 = CARTESIAN_POINT('',(86.991783620971,5.835325915515,0.));
#5260 = SURFACE_CURVE('',#5261,(#5265,#5272),.PCURVE_S1.);
#5261 = LINE('',#5262,#5263);
#5262 = CARTESIAN_POINT('',(86.991783620971,5.835325915515,0.));
#5263 = VECTOR('',#5264,1.);
#5264 = DIRECTION('',(0.,0.,1.));
#5265 = PCURVE('',#5123,#5266);
#5266 = DEFINITIONAL_REPRESENTATION('',(#5267),#5271);
#5267 = LINE('',#5268,#5269);
#5268 = CARTESIAN_POINT('',(1.,0.));
#5269 = VECTOR('',#5270,1.);
#5270 = DIRECTION('',(0.,-1.));
#5271 = ( GEOMETRIC_REPRESENTATION_CONTEXT(2) 
PARAMETRIC_REPRESENTATION_CONTEXT() REPRESENTATION_CONTEXT('2D SPACE',''
  ) );
#5272 = PCURVE('',#5273,#5278);
#5273 = PLANE('',#5274);
#5274 = AXIS2_PLACEMENT_3D('',#5275,#5276,#5277);
#5275 = CARTESIAN_POINT('',(86.991783620971,5.835325915515,0.));
#5276 = DIRECTION('',(0.,1.,0.));
#5277 = DIRECTION('',(1.,0.,0.));
#5278 = DEFINITIONAL_REPRESENTATION('',(#5279),#5283);
#5279 = LINE('',#5280,#5281);
#5280 = CARTESIAN_POINT('',(0.,0.));
#5281 = VECTOR('',#5282,1.);
#5282 = DIRECTION('',(0.,-1.));
#5283 = ( GEOMETRIC_REPRESENTATION_CONTEXT(2) 
PARAMETRIC_REPRESENTATION_CONTEXT() REPRESENTATION_CONTEXT('2D SPACE',''
  ) );
#5284 = ORIENTED_EDGE('',*,*,#5285,.F.);
#5285 = EDGE_CURVE('',#5108,#5258,#5286,.T.);
#5286 = SURFACE_CURVE('',#5287,(#5303,#5310),.PCURVE_S1.);
#5287 = B_SPLINE_CURVE_WITH_KNOTS('',8,(#5288,#5289,#5290,#5291,#5292,
    #5293,#5294,#5295,#5296,#5297,#5298,#5299,#5300,#5301,#5302),
  .UNSPECIFIED.,.F.,.F.,(9,6,9),(0.,0.504456066451,1.),.UNSPECIFIED.);
#5288 = CARTESIAN_POINT('',(87.025611447408,9.33780001827,0.));
#5289 = CARTESIAN_POINT('',(86.015594724481,9.562456375116,0.));
#5290 = CARTESIAN_POINT('',(85.132200592326,9.53127101688,0.));
#5291 = CARTESIAN_POINT('',(83.66430546891,9.570153121867,0.));
#5292 = CARTESIAN_POINT('',(83.542317740791,9.399528125458,0.));
#5293 = CARTESIAN_POINT('',(81.417846856458,9.139484792831,0.));
#5294 = CARTESIAN_POINT('',(81.277778688999,7.945189708454,0.));
#5295 = CARTESIAN_POINT('',(80.880396780037,5.873428678399,0.));
#5296 = CARTESIAN_POINT('',(81.825895367456,4.022364353545,0.));
#5297 = CARTESIAN_POINT('',(83.153882321886,3.041588427391,0.));
#5298 = CARTESIAN_POINT('',(84.292668911116,4.379681678225,0.));
#5299 = CARTESIAN_POINT('',(84.725820928515,3.098645234407,0.));
#5300 = CARTESIAN_POINT('',(86.579183577116,3.840830722741,0.));
#5301 = CARTESIAN_POINT('',(86.871263380329,4.865405324417,0.));
#5302 = CARTESIAN_POINT('',(86.991783620971,5.835325915515,0.));
#5303 = PCURVE('',#5123,#5304);
#5304 = DEFINITIONAL_REPRESENTATION('',(#5305),#5309);
#5305 = LINE('',#5306,#5307);
#5306 = CARTESIAN_POINT('',(0.,0.));
#5307 = VECTOR('',#5308,1.);
#5308 = DIRECTION('',(1.,0.));
#5309 = ( GEOMETRIC_REPRESENTATION_CONTEXT(2) 
PARAMETRIC_REPRESENTATION_CONTEXT() REPRESENTATION_CONTEXT('2D SPACE',''
  ) );
#5310 = PCURVE('',#4492,#5311);
#5311 = DEFINITIONAL_REPRESENTATION('',(#5312),#5328);
#5312 = B_SPLINE_CURVE_WITH_KNOTS('',8,(#5313,#5314,#5315,#5316,#5317,
    #5318,#5319,#5320,#5321,#5322,#5323,#5324,#5325,#5326,#5327),
  .UNSPECIFIED.,.F.,.F.,(9,6,9),(0.,0.504456066451,1.),.UNSPECIFIED.);
#5313 = CARTESIAN_POINT('',(1.238969451233,1.189344202689));
#5314 = CARTESIAN_POINT('',(0.228952728306,1.414000559535));
#5315 = CARTESIAN_POINT('',(-0.654441403849,1.3828152013));
#5316 = CARTESIAN_POINT('',(-2.122336527265,1.421697306286));
#5317 = CARTESIAN_POINT('',(-2.244324255384,1.251072309878));
#5318 = CARTESIAN_POINT('',(-4.368795139717,0.99102897725));
#5319 = CARTESIAN_POINT('',(-4.508863307176,-0.203266107127));
#5320 = CARTESIAN_POINT('',(-4.906245216138,-2.275027137181));
#5321 = CARTESIAN_POINT('',(-3.960746628719,-4.126091462035));
#5322 = CARTESIAN_POINT('',(-2.632759674289,-5.10686738819));
#5323 = CARTESIAN_POINT('',(-1.493973085059,-3.768774137356));
#5324 = CARTESIAN_POINT('',(-1.06082106766,-5.049810581173));
#5325 = CARTESIAN_POINT('',(0.792541580941,-4.307625092839));
#5326 = CARTESIAN_POINT('',(1.084621384154,-3.283050491163));
#5327 = CARTESIAN_POINT('',(1.205141624796,-2.313129900066));
#5328 = ( GEOMETRIC_REPRESENTATION_CONTEXT(2) 
PARAMETRIC_REPRESENTATION_CONTEXT() REPRESENTATION_CONTEXT('2D SPACE',''
  ) );
#5329 = ADVANCED_FACE('',(#5330),#5273,.F.);
#5330 = FACE_BOUND('',#5331,.F.);
#5331 = EDGE_LOOP('',(#5332,#5333,#5356,#5379));
#5332 = ORIENTED_EDGE('',*,*,#5257,.T.);
#5333 = ORIENTED_EDGE('',*,*,#5334,.T.);
#5334 = EDGE_CURVE('',#5211,#5335,#5337,.T.);
#5335 = VERTEX_POINT('',#5336);
#5336 = CARTESIAN_POINT('',(87.186386768814,5.835325915515,2.));
#5337 = SURFACE_CURVE('',#5338,(#5342,#5349),.PCURVE_S1.);
#5338 = LINE('',#5339,#5340);
#5339 = CARTESIAN_POINT('',(86.991783620971,5.835325915515,2.));
#5340 = VECTOR('',#5341,1.);
#5341 = DIRECTION('',(1.,0.,0.));
#5342 = PCURVE('',#5273,#5343);
#5343 = DEFINITIONAL_REPRESENTATION('',(#5344),#5348);
#5344 = LINE('',#5345,#5346);
#5345 = CARTESIAN_POINT('',(0.,-2.));
#5346 = VECTOR('',#5347,1.);
#5347 = DIRECTION('',(1.,0.));
#5348 = ( GEOMETRIC_REPRESENTATION_CONTEXT(2) 
PARAMETRIC_REPRESENTATION_CONTEXT() REPRESENTATION_CONTEXT('2D SPACE',''
  ) );
#5349 = PCURVE('',#4433,#5350);
#5350 = DEFINITIONAL_REPRESENTATION('',(#5351),#5355);
#5351 = LINE('',#5352,#5353);
#5352 = CARTESIAN_POINT('',(1.205141624796,-2.313129900066));
#5353 = VECTOR('',#5354,1.);
#5354 = DIRECTION('',(1.,0.));
#5355 = ( GEOMETRIC_REPRESENTATION_CONTEXT(2) 
PARAMETRIC_REPRESENTATION_CONTEXT() REPRESENTATION_CONTEXT('2D SPACE',''
  ) );
#5356 = ORIENTED_EDGE('',*,*,#5357,.F.);
#5357 = EDGE_CURVE('',#5358,#5335,#5360,.T.);
#5358 = VERTEX_POINT('',#5359);
#5359 = CARTESIAN_POINT('',(87.186386768814,5.835325915515,0.));
#5360 = SURFACE_CURVE('',#5361,(#5365,#5372),.PCURVE_S1.);
#5361 = LINE('',#5362,#5363);
#5362 = CARTESIAN_POINT('',(87.186386768814,5.835325915515,0.));
#5363 = VECTOR('',#5364,1.);
#5364 = DIRECTION('',(0.,0.,1.));
#5365 = PCURVE('',#5273,#5366);
#5366 = DEFINITIONAL_REPRESENTATION('',(#5367),#5371);
#5367 = LINE('',#5368,#5369);
#5368 = CARTESIAN_POINT('',(0.194603147843,0.));
#5369 = VECTOR('',#5370,1.);
#5370 = DIRECTION('',(0.,-1.));
#5371 = ( GEOMETRIC_REPRESENTATION_CONTEXT(2) 
PARAMETRIC_REPRESENTATION_CONTEXT() REPRESENTATION_CONTEXT('2D SPACE',''
  ) );
#5372 = PCURVE('',#4405,#5373);
#5373 = DEFINITIONAL_REPRESENTATION('',(#5374),#5378);
#5374 = LINE('',#5375,#5376);
#5375 = CARTESIAN_POINT('',(0.,0.));
#5376 = VECTOR('',#5377,1.);
#5377 = DIRECTION('',(0.,-1.));
#5378 = ( GEOMETRIC_REPRESENTATION_CONTEXT(2) 
PARAMETRIC_REPRESENTATION_CONTEXT() REPRESENTATION_CONTEXT('2D SPACE',''
  ) );
#5379 = ORIENTED_EDGE('',*,*,#5380,.F.);
#5380 = EDGE_CURVE('',#5258,#5358,#5381,.T.);
#5381 = SURFACE_CURVE('',#5382,(#5386,#5393),.PCURVE_S1.);
#5382 = LINE('',#5383,#5384);
#5383 = CARTESIAN_POINT('',(86.991783620971,5.835325915515,0.));
#5384 = VECTOR('',#5385,1.);
#5385 = DIRECTION('',(1.,0.,0.));
#5386 = PCURVE('',#5273,#5387);
#5387 = DEFINITIONAL_REPRESENTATION('',(#5388),#5392);
#5388 = LINE('',#5389,#5390);
#5389 = CARTESIAN_POINT('',(0.,0.));
#5390 = VECTOR('',#5391,1.);
#5391 = DIRECTION('',(1.,0.));
#5392 = ( GEOMETRIC_REPRESENTATION_CONTEXT(2) 
PARAMETRIC_REPRESENTATION_CONTEXT() REPRESENTATION_CONTEXT('2D SPACE',''
  ) );
#5393 = PCURVE('',#4492,#5394);
#5394 = DEFINITIONAL_REPRESENTATION('',(#5395),#5399);
#5395 = LINE('',#5396,#5397);
#5396 = CARTESIAN_POINT('',(1.205141624796,-2.313129900066));
#5397 = VECTOR('',#5398,1.);
#5398 = DIRECTION('',(1.,0.));
#5399 = ( GEOMETRIC_REPRESENTATION_CONTEXT(2) 
PARAMETRIC_REPRESENTATION_CONTEXT() REPRESENTATION_CONTEXT('2D SPACE',''
  ) );
#5400 = ADVANCED_FACE('',(#5401),#4405,.F.);
#5401 = FACE_BOUND('',#5402,.F.);
#5402 = EDGE_LOOP('',(#5403,#5404,#5425,#5426));
#5403 = ORIENTED_EDGE('',*,*,#5357,.T.);
#5404 = ORIENTED_EDGE('',*,*,#5405,.T.);
#5405 = EDGE_CURVE('',#5335,#4385,#5406,.T.);
#5406 = SURFACE_CURVE('',#5407,(#5411,#5418),.PCURVE_S1.);
#5407 = LINE('',#5408,#5409);
#5408 = CARTESIAN_POINT('',(87.186386768814,5.835325915515,2.));
#5409 = VECTOR('',#5410,1.);
#5410 = DIRECTION('',(6.036800650963E-02,-0.998176188751,0.));
#5411 = PCURVE('',#4405,#5412);
#5412 = DEFINITIONAL_REPRESENTATION('',(#5413),#5417);
#5413 = LINE('',#5414,#5415);
#5414 = CARTESIAN_POINT('',(0.,-2.));
#5415 = VECTOR('',#5416,1.);
#5416 = DIRECTION('',(1.,0.));
#5417 = ( GEOMETRIC_REPRESENTATION_CONTEXT(2) 
PARAMETRIC_REPRESENTATION_CONTEXT() REPRESENTATION_CONTEXT('2D SPACE',''
  ) );
#5418 = PCURVE('',#4433,#5419);
#5419 = DEFINITIONAL_REPRESENTATION('',(#5420),#5424);
#5420 = LINE('',#5421,#5422);
#5421 = CARTESIAN_POINT('',(1.399744772639,-2.313129900066));
#5422 = VECTOR('',#5423,1.);
#5423 = DIRECTION('',(6.036800650963E-02,-0.998176188751));
#5424 = ( GEOMETRIC_REPRESENTATION_CONTEXT(2) 
PARAMETRIC_REPRESENTATION_CONTEXT() REPRESENTATION_CONTEXT('2D SPACE',''
  ) );
#5425 = ORIENTED_EDGE('',*,*,#4382,.F.);
#5426 = ORIENTED_EDGE('',*,*,#5427,.F.);
#5427 = EDGE_CURVE('',#5358,#4383,#5428,.T.);
#5428 = SURFACE_CURVE('',#5429,(#5433,#5440),.PCURVE_S1.);
#5429 = LINE('',#5430,#5431);
#5430 = CARTESIAN_POINT('',(87.186386768814,5.835325915515,0.));
#5431 = VECTOR('',#5432,1.);
#5432 = DIRECTION('',(6.036800650963E-02,-0.998176188751,0.));
#5433 = PCURVE('',#4405,#5434);
#5434 = DEFINITIONAL_REPRESENTATION('',(#5435),#5439);
#5435 = LINE('',#5436,#5437);
#5436 = CARTESIAN_POINT('',(0.,0.));
#5437 = VECTOR('',#5438,1.);
#5438 = DIRECTION('',(1.,0.));
#5439 = ( GEOMETRIC_REPRESENTATION_CONTEXT(2) 
PARAMETRIC_REPRESENTATION_CONTEXT() REPRESENTATION_CONTEXT('2D SPACE',''
  ) );
#5440 = PCURVE('',#4492,#5441);
#5441 = DEFINITIONAL_REPRESENTATION('',(#5442),#5446);
#5442 = LINE('',#5443,#5444);
#5443 = CARTESIAN_POINT('',(1.399744772639,-2.313129900066));
#5444 = VECTOR('',#5445,1.);
#5445 = DIRECTION('',(6.036800650963E-02,-0.998176188751));
#5446 = ( GEOMETRIC_REPRESENTATION_CONTEXT(2) 
PARAMETRIC_REPRESENTATION_CONTEXT() REPRESENTATION_CONTEXT('2D SPACE',''
  ) );
#5447 = ADVANCED_FACE('',(#5448),#5462,.F.);
#5448 = FACE_BOUND('',#5449,.F.);
#5449 = EDGE_LOOP('',(#5450,#5500,#5557,#5558));
#5450 = ORIENTED_EDGE('',*,*,#5451,.T.);
#5451 = EDGE_CURVE('',#5452,#5454,#5456,.T.);
#5452 = VERTEX_POINT('',#5453);
#5453 = CARTESIAN_POINT('',(87.025611447408,7.644811359192,0.));
#5454 = VERTEX_POINT('',#5455);
#5455 = CARTESIAN_POINT('',(87.025611447408,7.644811359192,2.));
#5456 = SEAM_CURVE('',#5457,(#5461,#5493),.PCURVE_S1.);
#5457 = LINE('',#5458,#5459);
#5458 = CARTESIAN_POINT('',(87.025611447408,7.644811359192,0.));
#5459 = VECTOR('',#5460,1.);
#5460 = DIRECTION('',(0.,0.,1.));
#5461 = PCURVE('',#5462,#5487);
#5462 = SURFACE_OF_LINEAR_EXTRUSION('',#5463,#5485);
#5463 = B_SPLINE_CURVE_WITH_KNOTS('',8,(#5464,#5465,#5466,#5467,#5468,
    #5469,#5470,#5471,#5472,#5473,#5474,#5475,#5476,#5477,#5478,#5479,
    #5480,#5481,#5482,#5483,#5484),.UNSPECIFIED.,.T.,.F.,(9,6,6,9),(0.,
    0.323023473192,0.645910550211,1.),.UNSPECIFIED.);
#5464 = CARTESIAN_POINT('',(87.025611447408,7.644811359192,0.));
#5465 = CARTESIAN_POINT('',(87.028126423976,7.238229686807,0.));
#5466 = CARTESIAN_POINT('',(87.067382943936,6.846327693708,0.));
#5467 = CARTESIAN_POINT('',(86.762458416674,6.422405006634,0.));
#5468 = CARTESIAN_POINT('',(86.598391890149,6.093861880176,0.));
#5469 = CARTESIAN_POINT('',(86.230405723844,5.875958227121,0.));
#5470 = CARTESIAN_POINT('',(85.829714575361,5.647382812284,0.));
#5471 = CARTESIAN_POINT('',(85.097790869555,5.484775960442,0.));
#5472 = CARTESIAN_POINT('',(84.195151736277,5.477798748042,0.));
#5473 = CARTESIAN_POINT('',(84.099327983764,5.587387795108,0.));
#5474 = CARTESIAN_POINT('',(82.974763503218,5.501904212231,0.));
#5475 = CARTESIAN_POINT('',(83.381200633904,6.270322100549,0.));
#5476 = CARTESIAN_POINT('',(83.09358093689,6.614488637328,0.));
#5477 = CARTESIAN_POINT('',(83.491217994752,7.521370924507,0.));
#5478 = CARTESIAN_POINT('',(84.384034478167,7.730751011404,0.));
#5479 = CARTESIAN_POINT('',(84.815789882355,7.776673472753,0.));
#5480 = CARTESIAN_POINT('',(85.271469771115,7.823001121743,0.));
#5481 = CARTESIAN_POINT('',(85.697597898498,7.665852973758,0.));
#5482 = CARTESIAN_POINT('',(86.151459227458,7.809066034149,0.));
#5483 = CARTESIAN_POINT('',(86.590834865506,7.721053598616,0.));
#5484 = CARTESIAN_POINT('',(87.025611447408,7.644811359192,0.));
#5485 = VECTOR('',#5486,1.);
#5486 = DIRECTION('',(-0.,-0.,-1.));
#5487 = DEFINITIONAL_REPRESENTATION('',(#5488),#5492);
#5488 = LINE('',#5489,#5490);
#5489 = CARTESIAN_POINT('',(0.,0.));
#5490 = VECTOR('',#5491,1.);
#5491 = DIRECTION('',(0.,-1.));
#5492 = ( GEOMETRIC_REPRESENTATION_CONTEXT(2) 
PARAMETRIC_REPRESENTATION_CONTEXT() REPRESENTATION_CONTEXT('2D SPACE',''
  ) );
#5493 = PCURVE('',#5462,#5494);
#5494 = DEFINITIONAL_REPRESENTATION('',(#5495),#5499);
#5495 = LINE('',#5496,#5497);
#5496 = CARTESIAN_POINT('',(1.,0.));
#5497 = VECTOR('',#5498,1.);
#5498 = DIRECTION('',(0.,-1.));
#5499 = ( GEOMETRIC_REPRESENTATION_CONTEXT(2) 
PARAMETRIC_REPRESENTATION_CONTEXT() REPRESENTATION_CONTEXT('2D SPACE',''
  ) );
#5500 = ORIENTED_EDGE('',*,*,#5501,.T.);
#5501 = EDGE_CURVE('',#5454,#5454,#5502,.T.);
#5502 = SURFACE_CURVE('',#5503,(#5525,#5532),.PCURVE_S1.);
#5503 = B_SPLINE_CURVE_WITH_KNOTS('',8,(#5504,#5505,#5506,#5507,#5508,
    #5509,#5510,#5511,#5512,#5513,#5514,#5515,#5516,#5517,#5518,#5519,
    #5520,#5521,#5522,#5523,#5524),.UNSPECIFIED.,.T.,.F.,(9,6,6,9),(0.,
    0.323023473192,0.645910550211,1.),.UNSPECIFIED.);
#5504 = CARTESIAN_POINT('',(87.025611447408,7.644811359192,2.));
#5505 = CARTESIAN_POINT('',(87.028126423976,7.238229686807,2.));
#5506 = CARTESIAN_POINT('',(87.067382943936,6.846327693708,2.));
#5507 = CARTESIAN_POINT('',(86.762458416674,6.422405006634,2.));
#5508 = CARTESIAN_POINT('',(86.598391890149,6.093861880176,2.));
#5509 = CARTESIAN_POINT('',(86.230405723844,5.875958227121,2.));
#5510 = CARTESIAN_POINT('',(85.829714575361,5.647382812284,2.));
#5511 = CARTESIAN_POINT('',(85.097790869555,5.484775960442,2.));
#5512 = CARTESIAN_POINT('',(84.195151736277,5.477798748042,2.));
#5513 = CARTESIAN_POINT('',(84.099327983764,5.587387795108,2.));
#5514 = CARTESIAN_POINT('',(82.974763503218,5.501904212231,2.));
#5515 = CARTESIAN_POINT('',(83.381200633904,6.270322100549,2.));
#5516 = CARTESIAN_POINT('',(83.09358093689,6.614488637328,2.));
#5517 = CARTESIAN_POINT('',(83.491217994752,7.521370924507,2.));
#5518 = CARTESIAN_POINT('',(84.384034478167,7.730751011404,2.));
#5519 = CARTESIAN_POINT('',(84.815789882355,7.776673472753,2.));
#5520 = CARTESIAN_POINT('',(85.271469771115,7.823001121743,2.));
#5521 = CARTESIAN_POINT('',(85.697597898498,7.665852973758,2.));
#5522 = CARTESIAN_POINT('',(86.151459227458,7.809066034149,2.));
#5523 = CARTESIAN_POINT('',(86.590834865506,7.721053598616,2.));
#5524 = CARTESIAN_POINT('',(87.025611447408,7.644811359192,2.));
#5525 = PCURVE('',#5462,#5526);
#5526 = DEFINITIONAL_REPRESENTATION('',(#5527),#5531);
#5527 = LINE('',#5528,#5529);
#5528 = CARTESIAN_POINT('',(0.,-2.));
#5529 = VECTOR('',#5530,1.);
#5530 = DIRECTION('',(1.,0.));
#5531 = ( GEOMETRIC_REPRESENTATION_CONTEXT(2) 
PARAMETRIC_REPRESENTATION_CONTEXT() REPRESENTATION_CONTEXT('2D SPACE',''
  ) );
#5532 = PCURVE('',#4433,#5533);
#5533 = DEFINITIONAL_REPRESENTATION('',(#5534),#5556);
#5534 = B_SPLINE_CURVE_WITH_KNOTS('',8,(#5535,#5536,#5537,#5538,#5539,
    #5540,#5541,#5542,#5543,#5544,#5545,#5546,#5547,#5548,#5549,#5550,
    #5551,#5552,#5553,#5554,#5555),.UNSPECIFIED.,.T.,.F.,(9,6,6,9),(0.,
    0.323023473192,0.645910550211,1.),.UNSPECIFIED.);
#5535 = CARTESIAN_POINT('',(1.238969451233,-0.503644456389));
#5536 = CARTESIAN_POINT('',(1.241484427801,-0.910226128773));
#5537 = CARTESIAN_POINT('',(1.280740947761,-1.302128121873));
#5538 = CARTESIAN_POINT('',(0.975816420499,-1.726050808946));
#5539 = CARTESIAN_POINT('',(0.811749893974,-2.054593935405));
#5540 = CARTESIAN_POINT('',(0.443763727669,-2.272497588459));
#5541 = CARTESIAN_POINT('',(4.307257918559E-02,-2.501073003296));
#5542 = CARTESIAN_POINT('',(-0.68885112662,-2.663679855138));
#5543 = CARTESIAN_POINT('',(-1.591490259899,-2.670657067538));
#5544 = CARTESIAN_POINT('',(-1.687314012411,-2.561068020472));
#5545 = CARTESIAN_POINT('',(-2.811878492957,-2.646551603349));
#5546 = CARTESIAN_POINT('',(-2.405441362271,-1.878133715031));
#5547 = CARTESIAN_POINT('',(-2.693061059285,-1.533967178252));
#5548 = CARTESIAN_POINT('',(-2.295424001423,-0.627084891073));
#5549 = CARTESIAN_POINT('',(-1.402607518008,-0.417704804176));
#5550 = CARTESIAN_POINT('',(-0.97085211382,-0.371782342828));
#5551 = CARTESIAN_POINT('',(-0.51517222506,-0.325454693837));
#5552 = CARTESIAN_POINT('',(-8.904409767665E-02,-0.482602841823));
#5553 = CARTESIAN_POINT('',(0.364817231283,-0.339389781431));
#5554 = CARTESIAN_POINT('',(0.804192869331,-0.427402216964));
#5555 = CARTESIAN_POINT('',(1.238969451233,-0.503644456389));
#5556 = ( GEOMETRIC_REPRESENTATION_CONTEXT(2) 
PARAMETRIC_REPRESENTATION_CONTEXT() REPRESENTATION_CONTEXT('2D SPACE',''
  ) );
#5557 = ORIENTED_EDGE('',*,*,#5451,.F.);
#5558 = ORIENTED_EDGE('',*,*,#5559,.F.);
#5559 = EDGE_CURVE('',#5452,#5452,#5560,.T.);
#5560 = SURFACE_CURVE('',#5561,(#5583,#5590),.PCURVE_S1.);
#5561 = B_SPLINE_CURVE_WITH_KNOTS('',8,(#5562,#5563,#5564,#5565,#5566,
    #5567,#5568,#5569,#5570,#5571,#5572,#5573,#5574,#5575,#5576,#5577,
    #5578,#5579,#5580,#5581,#5582),.UNSPECIFIED.,.T.,.F.,(9,6,6,9),(0.,
    0.323023473192,0.645910550211,1.),.UNSPECIFIED.);
#5562 = CARTESIAN_POINT('',(87.025611447408,7.644811359192,0.));
#5563 = CARTESIAN_POINT('',(87.028126423976,7.238229686807,0.));
#5564 = CARTESIAN_POINT('',(87.067382943936,6.846327693708,0.));
#5565 = CARTESIAN_POINT('',(86.762458416674,6.422405006634,0.));
#5566 = CARTESIAN_POINT('',(86.598391890149,6.093861880176,0.));
#5567 = CARTESIAN_POINT('',(86.230405723844,5.875958227121,0.));
#5568 = CARTESIAN_POINT('',(85.829714575361,5.647382812284,0.));
#5569 = CARTESIAN_POINT('',(85.097790869555,5.484775960442,0.));
#5570 = CARTESIAN_POINT('',(84.195151736277,5.477798748042,0.));
#5571 = CARTESIAN_POINT('',(84.099327983764,5.587387795108,0.));
#5572 = CARTESIAN_POINT('',(82.974763503218,5.501904212231,0.));
#5573 = CARTESIAN_POINT('',(83.381200633904,6.270322100549,0.));
#5574 = CARTESIAN_POINT('',(83.09358093689,6.614488637328,0.));
#5575 = CARTESIAN_POINT('',(83.491217994752,7.521370924507,0.));
#5576 = CARTESIAN_POINT('',(84.384034478167,7.730751011404,0.));
#5577 = CARTESIAN_POINT('',(84.815789882355,7.776673472753,0.));
#5578 = CARTESIAN_POINT('',(85.271469771115,7.823001121743,0.));
#5579 = CARTESIAN_POINT('',(85.697597898498,7.665852973758,0.));
#5580 = CARTESIAN_POINT('',(86.151459227458,7.809066034149,0.));
#5581 = CARTESIAN_POINT('',(86.590834865506,7.721053598616,0.));
#5582 = CARTESIAN_POINT('',(87.025611447408,7.644811359192,0.));
#5583 = PCURVE('',#5462,#5584);
#5584 = DEFINITIONAL_REPRESENTATION('',(#5585),#5589);
#5585 = LINE('',#5586,#5587);
#5586 = CARTESIAN_POINT('',(0.,0.));
#5587 = VECTOR('',#5588,1.);
#5588 = DIRECTION('',(1.,0.));
#5589 = ( GEOMETRIC_REPRESENTATION_CONTEXT(2) 
PARAMETRIC_REPRESENTATION_CONTEXT() REPRESENTATION_CONTEXT('2D SPACE',''
  ) );
#5590 = PCURVE('',#4492,#5591);
#5591 = DEFINITIONAL_REPRESENTATION('',(#5592),#5614);
#5592 = B_SPLINE_CURVE_WITH_KNOTS('',8,(#5593,#5594,#5595,#5596,#5597,
    #5598,#5599,#5600,#5601,#5602,#5603,#5604,#5605,#5606,#5607,#5608,
    #5609,#5610,#5611,#5612,#5613),.UNSPECIFIED.,.T.,.F.,(9,6,6,9),(0.,
    0.323023473192,0.645910550211,1.),.UNSPECIFIED.);
#5593 = CARTESIAN_POINT('',(1.238969451233,-0.503644456389));
#5594 = CARTESIAN_POINT('',(1.241484427801,-0.910226128773));
#5595 = CARTESIAN_POINT('',(1.280740947761,-1.302128121873));
#5596 = CARTESIAN_POINT('',(0.975816420499,-1.726050808946));
#5597 = CARTESIAN_POINT('',(0.811749893974,-2.054593935405));
#5598 = CARTESIAN_POINT('',(0.443763727669,-2.272497588459));
#5599 = CARTESIAN_POINT('',(4.307257918559E-02,-2.501073003296));
#5600 = CARTESIAN_POINT('',(-0.68885112662,-2.663679855138));
#5601 = CARTESIAN_POINT('',(-1.591490259899,-2.670657067538));
#5602 = CARTESIAN_POINT('',(-1.687314012411,-2.561068020472));
#5603 = CARTESIAN_POINT('',(-2.811878492957,-2.646551603349));
#5604 = CARTESIAN_POINT('',(-2.405441362271,-1.878133715031));
#5605 = CARTESIAN_POINT('',(-2.693061059285,-1.533967178252));
#5606 = CARTESIAN_POINT('',(-2.295424001423,-0.627084891073));
#5607 = CARTESIAN_POINT('',(-1.402607518008,-0.417704804176));
#5608 = CARTESIAN_POINT('',(-0.97085211382,-0.371782342828));
#5609 = CARTESIAN_POINT('',(-0.51517222506,-0.325454693837));
#5610 = CARTESIAN_POINT('',(-8.904409767665E-02,-0.482602841823));
#5611 = CARTESIAN_POINT('',(0.364817231283,-0.339389781431));
#5612 = CARTESIAN_POINT('',(0.804192869331,-0.427402216964));
#5613 = CARTESIAN_POINT('',(1.238969451233,-0.503644456389));
#5614 = ( GEOMETRIC_REPRESENTATION_CONTEXT(2) 
PARAMETRIC_REPRESENTATION_CONTEXT() REPRESENTATION_CONTEXT('2D SPACE',''
  ) );
#5615 = ADVANCED_FACE('',(#5616,#5627),#4492,.F.);
#5616 = FACE_BOUND('',#5617,.F.);
#5617 = EDGE_LOOP('',(#5618,#5619,#5620,#5621,#5622,#5623,#5624,#5625,
    #5626));
#5618 = ORIENTED_EDGE('',*,*,#4478,.T.);
#5619 = ORIENTED_EDGE('',*,*,#4571,.T.);
#5620 = ORIENTED_EDGE('',*,*,#4699,.T.);
#5621 = ORIENTED_EDGE('',*,*,#4855,.T.);
#5622 = ORIENTED_EDGE('',*,*,#5023,.T.);
#5623 = ORIENTED_EDGE('',*,*,#5149,.T.);
#5624 = ORIENTED_EDGE('',*,*,#5285,.T.);
#5625 = ORIENTED_EDGE('',*,*,#5380,.T.);
#5626 = ORIENTED_EDGE('',*,*,#5427,.T.);
#5627 = FACE_BOUND('',#5628,.F.);
#5628 = EDGE_LOOP('',(#5629));
#5629 = ORIENTED_EDGE('',*,*,#5559,.T.);
#5630 = ADVANCED_FACE('',(#5631,#5642),#4433,.T.);
#5631 = FACE_BOUND('',#5632,.T.);
#5632 = EDGE_LOOP('',(#5633,#5634,#5635,#5636,#5637,#5638,#5639,#5640,
    #5641));
#5633 = ORIENTED_EDGE('',*,*,#4417,.T.);
#5634 = ORIENTED_EDGE('',*,*,#4508,.T.);
#5635 = ORIENTED_EDGE('',*,*,#4602,.T.);
#5636 = ORIENTED_EDGE('',*,*,#4732,.T.);
#5637 = ORIENTED_EDGE('',*,*,#4952,.T.);
#5638 = ORIENTED_EDGE('',*,*,#5048,.T.);
#5639 = ORIENTED_EDGE('',*,*,#5210,.T.);
#5640 = ORIENTED_EDGE('',*,*,#5334,.T.);
#5641 = ORIENTED_EDGE('',*,*,#5405,.T.);
#5642 = FACE_BOUND('',#5643,.T.);
#5643 = EDGE_LOOP('',(#5644));
#5644 = ORIENTED_EDGE('',*,*,#5501,.T.);
#5645 = MANIFOLD_SOLID_BREP('',#5646);
#5646 = CLOSED_SHELL('',(#5647,#5809,#5957,#6033,#6109,#6185,#6317,#6609
    ,#6685,#6756,#6803,#6928,#7047,#7064));
#5647 = ADVANCED_FACE('',(#5648),#5662,.F.);
#5648 = FACE_BOUND('',#5649,.F.);
#5649 = EDGE_LOOP('',(#5650,#5691,#5727,#5775));
#5650 = ORIENTED_EDGE('',*,*,#5651,.T.);
#5651 = EDGE_CURVE('',#5652,#5654,#5656,.T.);
#5652 = VERTEX_POINT('',#5653);
#5653 = CARTESIAN_POINT('',(73.503259669009,12.878516470855,0.));
#5654 = VERTEX_POINT('',#5655);
#5655 = CARTESIAN_POINT('',(73.503259669009,12.878516470855,2.));
#5656 = SURFACE_CURVE('',#5657,(#5661,#5679),.PCURVE_S1.);
#5657 = LINE('',#5658,#5659);
#5658 = CARTESIAN_POINT('',(73.503259669009,12.878516470855,0.));
#5659 = VECTOR('',#5660,1.);
#5660 = DIRECTION('',(0.,0.,1.));
#5661 = PCURVE('',#5662,#5673);
#5662 = SURFACE_OF_LINEAR_EXTRUSION('',#5663,#5671);
#5663 = B_SPLINE_CURVE_WITH_KNOTS('',6,(#5664,#5665,#5666,#5667,#5668,
    #5669,#5670),.UNSPECIFIED.,.F.,.F.,(7,7),(0.,1.),
  .PIECEWISE_BEZIER_KNOTS.);
#5664 = CARTESIAN_POINT('',(73.503259669009,12.878516470855,0.));
#5665 = CARTESIAN_POINT('',(73.550889947472,13.117990640766,0.));
#5666 = CARTESIAN_POINT('',(72.522907657245,12.787978490974,0.));
#5667 = CARTESIAN_POINT('',(72.728686895225,13.111893007019,0.));
#5668 = CARTESIAN_POINT('',(72.222719637747,12.893340279286,0.));
#5669 = CARTESIAN_POINT('',(71.871259321215,12.987079379752,0.));
#5670 = CARTESIAN_POINT('',(71.585379658942,12.967276854128,0.));
#5671 = VECTOR('',#5672,1.);
#5672 = DIRECTION('',(-0.,-0.,-1.));
#5673 = DEFINITIONAL_REPRESENTATION('',(#5674),#5678);
#5674 = LINE('',#5675,#5676);
#5675 = CARTESIAN_POINT('',(0.,0.));
#5676 = VECTOR('',#5677,1.);
#5677 = DIRECTION('',(0.,-1.));
#5678 = ( GEOMETRIC_REPRESENTATION_CONTEXT(2) 
PARAMETRIC_REPRESENTATION_CONTEXT() REPRESENTATION_CONTEXT('2D SPACE',''
  ) );
#5679 = PCURVE('',#5680,#5685);
#5680 = PLANE('',#5681);
#5681 = AXIS2_PLACEMENT_3D('',#5682,#5683,#5684);
#5682 = CARTESIAN_POINT('',(73.641576406515,11.329402300009,0.));
#5683 = DIRECTION('',(-0.99603753603,-8.893383393588E-02,0.));
#5684 = DIRECTION('',(-8.893383393588E-02,0.99603753603,0.));
#5685 = DEFINITIONAL_REPRESENTATION('',(#5686),#5690);
#5686 = LINE('',#5687,#5688);
#5687 = CARTESIAN_POINT('',(1.555276899523,0.));
#5688 = VECTOR('',#5689,1.);
#5689 = DIRECTION('',(0.,-1.));
#5690 = ( GEOMETRIC_REPRESENTATION_CONTEXT(2) 
PARAMETRIC_REPRESENTATION_CONTEXT() REPRESENTATION_CONTEXT('2D SPACE',''
  ) );
#5691 = ORIENTED_EDGE('',*,*,#5692,.T.);
#5692 = EDGE_CURVE('',#5654,#5693,#5695,.T.);
#5693 = VERTEX_POINT('',#5694);
#5694 = CARTESIAN_POINT('',(71.585379658942,12.967276854128,2.));
#5695 = SURFACE_CURVE('',#5696,(#5704,#5711),.PCURVE_S1.);
#5696 = B_SPLINE_CURVE_WITH_KNOTS('',6,(#5697,#5698,#5699,#5700,#5701,
    #5702,#5703),.UNSPECIFIED.,.F.,.F.,(7,7),(0.,1.),
  .PIECEWISE_BEZIER_KNOTS.);
#5697 = CARTESIAN_POINT('',(73.503259669009,12.878516470855,2.));
#5698 = CARTESIAN_POINT('',(73.550889947472,13.117990640766,2.));
#5699 = CARTESIAN_POINT('',(72.522907657245,12.787978490974,2.));
#5700 = CARTESIAN_POINT('',(72.728686895225,13.111893007019,2.));
#5701 = CARTESIAN_POINT('',(72.222719637747,12.893340279286,2.));
#5702 = CARTESIAN_POINT('',(71.871259321215,12.987079379752,2.));
#5703 = CARTESIAN_POINT('',(71.585379658942,12.967276854128,2.));
#5704 = PCURVE('',#5662,#5705);
#5705 = DEFINITIONAL_REPRESENTATION('',(#5706),#5710);
#5706 = LINE('',#5707,#5708);
#5707 = CARTESIAN_POINT('',(0.,-2.));
#5708 = VECTOR('',#5709,1.);
#5709 = DIRECTION('',(1.,0.));
#5710 = ( GEOMETRIC_REPRESENTATION_CONTEXT(2) 
PARAMETRIC_REPRESENTATION_CONTEXT() REPRESENTATION_CONTEXT('2D SPACE',''
  ) );
#5711 = PCURVE('',#5712,#5717);
#5712 = PLANE('',#5713);
#5713 = AXIS2_PLACEMENT_3D('',#5714,#5715,#5716);
#5714 = CARTESIAN_POINT('',(74.592490967791,7.097428436792,2.));
#5715 = DIRECTION('',(0.,0.,1.));
#5716 = DIRECTION('',(1.,0.,-0.));
#5717 = DEFINITIONAL_REPRESENTATION('',(#5718),#5726);
#5718 = B_SPLINE_CURVE_WITH_KNOTS('',6,(#5719,#5720,#5721,#5722,#5723,
    #5724,#5725),.UNSPECIFIED.,.F.,.F.,(7,7),(0.,1.),
  .PIECEWISE_BEZIER_KNOTS.);
#5719 = CARTESIAN_POINT('',(-1.089231298782,5.781088034064));
#5720 = CARTESIAN_POINT('',(-1.041601020319,6.020562203975));
#5721 = CARTESIAN_POINT('',(-2.069583310545,5.690550054182));
#5722 = CARTESIAN_POINT('',(-1.863804072566,6.014464570228));
#5723 = CARTESIAN_POINT('',(-2.369771330044,5.795911842495));
#5724 = CARTESIAN_POINT('',(-2.721231646576,5.88965094296));
#5725 = CARTESIAN_POINT('',(-3.007111308848,5.869848417337));
#5726 = ( GEOMETRIC_REPRESENTATION_CONTEXT(2) 
PARAMETRIC_REPRESENTATION_CONTEXT() REPRESENTATION_CONTEXT('2D SPACE',''
  ) );
#5727 = ORIENTED_EDGE('',*,*,#5728,.F.);
#5728 = EDGE_CURVE('',#5729,#5693,#5731,.T.);
#5729 = VERTEX_POINT('',#5730);
#5730 = CARTESIAN_POINT('',(71.585379658942,12.967276854128,0.));
#5731 = SURFACE_CURVE('',#5732,(#5736,#5743),.PCURVE_S1.);
#5732 = LINE('',#5733,#5734);
#5733 = CARTESIAN_POINT('',(71.585379658942,12.967276854128,0.));
#5734 = VECTOR('',#5735,1.);
#5735 = DIRECTION('',(0.,0.,1.));
#5736 = PCURVE('',#5662,#5737);
#5737 = DEFINITIONAL_REPRESENTATION('',(#5738),#5742);
#5738 = LINE('',#5739,#5740);
#5739 = CARTESIAN_POINT('',(1.,0.));
#5740 = VECTOR('',#5741,1.);
#5741 = DIRECTION('',(0.,-1.));
#5742 = ( GEOMETRIC_REPRESENTATION_CONTEXT(2) 
PARAMETRIC_REPRESENTATION_CONTEXT() REPRESENTATION_CONTEXT('2D SPACE',''
  ) );
#5743 = PCURVE('',#5744,#5769);
#5744 = SURFACE_OF_LINEAR_EXTRUSION('',#5745,#5767);
#5745 = B_SPLINE_CURVE_WITH_KNOTS('',8,(#5746,#5747,#5748,#5749,#5750,
    #5751,#5752,#5753,#5754,#5755,#5756,#5757,#5758,#5759,#5760,#5761,
    #5762,#5763,#5764,#5765,#5766),.UNSPECIFIED.,.F.,.F.,(9,6,6,9),(0.,
    0.332044101834,0.666022050917,1.),.UNSPECIFIED.);
#5746 = CARTESIAN_POINT('',(71.585379658942,12.967276854128,0.));
#5747 = CARTESIAN_POINT('',(71.485394002581,12.645680659836,0.));
#5748 = CARTESIAN_POINT('',(71.690007444373,11.341936536329,0.));
#5749 = CARTESIAN_POINT('',(71.403886756056,12.106832441912,0.));
#5750 = CARTESIAN_POINT('',(71.676677373729,10.194166232262,0.));
#5751 = CARTESIAN_POINT('',(71.505096274414,10.575082416363,0.));
#5752 = CARTESIAN_POINT('',(71.569638265694,9.675882255043,0.));
#5753 = CARTESIAN_POINT('',(71.549161020912,8.715120162748,0.));
#5754 = CARTESIAN_POINT('',(71.565593994422,7.539780348301,0.));
#5755 = CARTESIAN_POINT('',(71.545780355934,7.11339117441,0.));
#5756 = CARTESIAN_POINT('',(71.571838919534,6.420960898361,0.));
#5757 = CARTESIAN_POINT('',(71.551354564038,5.998136450271,0.));
#5758 = CARTESIAN_POINT('',(71.560554691872,5.403479592974,0.));
#5759 = CARTESIAN_POINT('',(71.55700910315,4.341181615063,0.));
#5760 = CARTESIAN_POINT('',(71.560012423288,3.240961543548,0.));
#5761 = CARTESIAN_POINT('',(71.555884828877,2.723421869731,0.));
#5762 = CARTESIAN_POINT('',(71.562134026577,2.145892325269,0.));
#5763 = CARTESIAN_POINT('',(71.556205670739,1.638710995981,0.));
#5764 = CARTESIAN_POINT('',(71.559793836355,1.076596518482,0.));
#5765 = CARTESIAN_POINT('',(71.558485936377,0.542717722058,0.));
#5766 = CARTESIAN_POINT('',(71.558712577253,0.,0.));
#5767 = VECTOR('',#5768,1.);
#5768 = DIRECTION('',(-0.,-0.,-1.));
#5769 = DEFINITIONAL_REPRESENTATION('',(#5770),#5774);
#5770 = LINE('',#5771,#5772);
#5771 = CARTESIAN_POINT('',(0.,0.));
#5772 = VECTOR('',#5773,1.);
#5773 = DIRECTION('',(0.,-1.));
#5774 = ( GEOMETRIC_REPRESENTATION_CONTEXT(2) 
PARAMETRIC_REPRESENTATION_CONTEXT() REPRESENTATION_CONTEXT('2D SPACE',''
  ) );
#5775 = ORIENTED_EDGE('',*,*,#5776,.F.);
#5776 = EDGE_CURVE('',#5652,#5729,#5777,.T.);
#5777 = SURFACE_CURVE('',#5778,(#5786,#5793),.PCURVE_S1.);
#5778 = B_SPLINE_CURVE_WITH_KNOTS('',6,(#5779,#5780,#5781,#5782,#5783,
    #5784,#5785),.UNSPECIFIED.,.F.,.F.,(7,7),(0.,1.),
  .PIECEWISE_BEZIER_KNOTS.);
#5779 = CARTESIAN_POINT('',(73.503259669009,12.878516470855,0.));
#5780 = CARTESIAN_POINT('',(73.550889947472,13.117990640766,0.));
#5781 = CARTESIAN_POINT('',(72.522907657245,12.787978490974,0.));
#5782 = CARTESIAN_POINT('',(72.728686895225,13.111893007019,0.));
#5783 = CARTESIAN_POINT('',(72.222719637747,12.893340279286,0.));
#5784 = CARTESIAN_POINT('',(71.871259321215,12.987079379752,0.));
#5785 = CARTESIAN_POINT('',(71.585379658942,12.967276854128,0.));
#5786 = PCURVE('',#5662,#5787);
#5787 = DEFINITIONAL_REPRESENTATION('',(#5788),#5792);
#5788 = LINE('',#5789,#5790);
#5789 = CARTESIAN_POINT('',(0.,0.));
#5790 = VECTOR('',#5791,1.);
#5791 = DIRECTION('',(1.,0.));
#5792 = ( GEOMETRIC_REPRESENTATION_CONTEXT(2) 
PARAMETRIC_REPRESENTATION_CONTEXT() REPRESENTATION_CONTEXT('2D SPACE',''
  ) );
#5793 = PCURVE('',#5794,#5799);
#5794 = PLANE('',#5795);
#5795 = AXIS2_PLACEMENT_3D('',#5796,#5797,#5798);
#5796 = CARTESIAN_POINT('',(74.592490967791,7.097428436792,0.));
#5797 = DIRECTION('',(0.,0.,1.));
#5798 = DIRECTION('',(1.,0.,-0.));
#5799 = DEFINITIONAL_REPRESENTATION('',(#5800),#5808);
#5800 = B_SPLINE_CURVE_WITH_KNOTS('',6,(#5801,#5802,#5803,#5804,#5805,
    #5806,#5807),.UNSPECIFIED.,.F.,.F.,(7,7),(0.,1.),
  .PIECEWISE_BEZIER_KNOTS.);
#5801 = CARTESIAN_POINT('',(-1.089231298782,5.781088034064));
#5802 = CARTESIAN_POINT('',(-1.041601020319,6.020562203975));
#5803 = CARTESIAN_POINT('',(-2.069583310545,5.690550054182));
#5804 = CARTESIAN_POINT('',(-1.863804072566,6.014464570228));
#5805 = CARTESIAN_POINT('',(-2.369771330044,5.795911842495));
#5806 = CARTESIAN_POINT('',(-2.721231646576,5.88965094296));
#5807 = CARTESIAN_POINT('',(-3.007111308848,5.869848417337));
#5808 = ( GEOMETRIC_REPRESENTATION_CONTEXT(2) 
PARAMETRIC_REPRESENTATION_CONTEXT() REPRESENTATION_CONTEXT('2D SPACE',''
  ) );
#5809 = ADVANCED_FACE('',(#5810),#5744,.F.);
#5810 = FACE_BOUND('',#5811,.F.);
#5811 = EDGE_LOOP('',(#5812,#5813,#5872,#5900));
#5812 = ORIENTED_EDGE('',*,*,#5728,.T.);
#5813 = ORIENTED_EDGE('',*,*,#5814,.T.);
#5814 = EDGE_CURVE('',#5693,#5815,#5817,.T.);
#5815 = VERTEX_POINT('',#5816);
#5816 = CARTESIAN_POINT('',(71.558712577253,0.,2.));
#5817 = SURFACE_CURVE('',#5818,(#5840,#5847),.PCURVE_S1.);
#5818 = B_SPLINE_CURVE_WITH_KNOTS('',8,(#5819,#5820,#5821,#5822,#5823,
    #5824,#5825,#5826,#5827,#5828,#5829,#5830,#5831,#5832,#5833,#5834,
    #5835,#5836,#5837,#5838,#5839),.UNSPECIFIED.,.F.,.F.,(9,6,6,9),(0.,
    0.332044101834,0.666022050917,1.),.UNSPECIFIED.);
#5819 = CARTESIAN_POINT('',(71.585379658942,12.967276854128,2.));
#5820 = CARTESIAN_POINT('',(71.485394002581,12.645680659836,2.));
#5821 = CARTESIAN_POINT('',(71.690007444373,11.341936536329,2.));
#5822 = CARTESIAN_POINT('',(71.403886756056,12.106832441912,2.));
#5823 = CARTESIAN_POINT('',(71.676677373729,10.194166232262,2.));
#5824 = CARTESIAN_POINT('',(71.505096274414,10.575082416363,2.));
#5825 = CARTESIAN_POINT('',(71.569638265694,9.675882255043,2.));
#5826 = CARTESIAN_POINT('',(71.549161020912,8.715120162748,2.));
#5827 = CARTESIAN_POINT('',(71.565593994422,7.539780348301,2.));
#5828 = CARTESIAN_POINT('',(71.545780355934,7.11339117441,2.));
#5829 = CARTESIAN_POINT('',(71.571838919534,6.420960898361,2.));
#5830 = CARTESIAN_POINT('',(71.551354564038,5.998136450271,2.));
#5831 = CARTESIAN_POINT('',(71.560554691872,5.403479592974,2.));
#5832 = CARTESIAN_POINT('',(71.55700910315,4.341181615063,2.));
#5833 = CARTESIAN_POINT('',(71.560012423288,3.240961543548,2.));
#5834 = CARTESIAN_POINT('',(71.555884828877,2.723421869731,2.));
#5835 = CARTESIAN_POINT('',(71.562134026577,2.145892325269,2.));
#5836 = CARTESIAN_POINT('',(71.556205670739,1.638710995981,2.));
#5837 = CARTESIAN_POINT('',(71.559793836355,1.076596518482,2.));
#5838 = CARTESIAN_POINT('',(71.558485936377,0.542717722058,2.));
#5839 = CARTESIAN_POINT('',(71.558712577253,0.,2.));
#5840 = PCURVE('',#5744,#5841);
#5841 = DEFINITIONAL_REPRESENTATION('',(#5842),#5846);
#5842 = LINE('',#5843,#5844);
#5843 = CARTESIAN_POINT('',(0.,-2.));
#5844 = VECTOR('',#5845,1.);
#5845 = DIRECTION('',(1.,0.));
#5846 = ( GEOMETRIC_REPRESENTATION_CONTEXT(2) 
PARAMETRIC_REPRESENTATION_CONTEXT() REPRESENTATION_CONTEXT('2D SPACE',''
  ) );
#5847 = PCURVE('',#5712,#5848);
#5848 = DEFINITIONAL_REPRESENTATION('',(#5849),#5871);
#5849 = B_SPLINE_CURVE_WITH_KNOTS('',8,(#5850,#5851,#5852,#5853,#5854,
    #5855,#5856,#5857,#5858,#5859,#5860,#5861,#5862,#5863,#5864,#5865,
    #5866,#5867,#5868,#5869,#5870),.UNSPECIFIED.,.F.,.F.,(9,6,6,9),(0.,
    0.332044101834,0.666022050917,1.),.UNSPECIFIED.);
#5850 = CARTESIAN_POINT('',(-3.007111308848,5.869848417337));
#5851 = CARTESIAN_POINT('',(-3.10709696521,5.548252223044));
#5852 = CARTESIAN_POINT('',(-2.902483523417,4.244508099537));
#5853 = CARTESIAN_POINT('',(-3.188604211735,5.00940400512));
#5854 = CARTESIAN_POINT('',(-2.915813594062,3.09673779547));
#5855 = CARTESIAN_POINT('',(-3.087394693376,3.477653979571));
#5856 = CARTESIAN_POINT('',(-3.022852702096,2.578453818252));
#5857 = CARTESIAN_POINT('',(-3.043329946879,1.617691725956));
#5858 = CARTESIAN_POINT('',(-3.026896973369,0.442351911509));
#5859 = CARTESIAN_POINT('',(-3.046710611856,1.596273761835E-02));
#5860 = CARTESIAN_POINT('',(-3.020652048257,-0.67646753843));
#5861 = CARTESIAN_POINT('',(-3.041136403753,-1.099291986521));
#5862 = CARTESIAN_POINT('',(-3.031936275919,-1.693948843818));
#5863 = CARTESIAN_POINT('',(-3.035481864641,-2.756246821729));
#5864 = CARTESIAN_POINT('',(-3.032478544502,-3.856466893243));
#5865 = CARTESIAN_POINT('',(-3.036606138914,-4.374006567061));
#5866 = CARTESIAN_POINT('',(-3.030356941214,-4.951536111522));
#5867 = CARTESIAN_POINT('',(-3.036285297051,-5.45871744081));
#5868 = CARTESIAN_POINT('',(-3.032697131436,-6.020831918309));
#5869 = CARTESIAN_POINT('',(-3.034005031414,-6.554710714733));
#5870 = CARTESIAN_POINT('',(-3.033778390537,-7.097428436792));
#5871 = ( GEOMETRIC_REPRESENTATION_CONTEXT(2) 
PARAMETRIC_REPRESENTATION_CONTEXT() REPRESENTATION_CONTEXT('2D SPACE',''
  ) );
#5872 = ORIENTED_EDGE('',*,*,#5873,.F.);
#5873 = EDGE_CURVE('',#5874,#5815,#5876,.T.);
#5874 = VERTEX_POINT('',#5875);
#5875 = CARTESIAN_POINT('',(71.558712577253,0.,0.));
#5876 = SURFACE_CURVE('',#5877,(#5881,#5888),.PCURVE_S1.);
#5877 = LINE('',#5878,#5879);
#5878 = CARTESIAN_POINT('',(71.558712577253,0.,0.));
#5879 = VECTOR('',#5880,1.);
#5880 = DIRECTION('',(0.,0.,1.));
#5881 = PCURVE('',#5744,#5882);
#5882 = DEFINITIONAL_REPRESENTATION('',(#5883),#5887);
#5883 = LINE('',#5884,#5885);
#5884 = CARTESIAN_POINT('',(1.,0.));
#5885 = VECTOR('',#5886,1.);
#5886 = DIRECTION('',(0.,-1.));
#5887 = ( GEOMETRIC_REPRESENTATION_CONTEXT(2) 
PARAMETRIC_REPRESENTATION_CONTEXT() REPRESENTATION_CONTEXT('2D SPACE',''
  ) );
#5888 = PCURVE('',#5889,#5894);
#5889 = PLANE('',#5890);
#5890 = AXIS2_PLACEMENT_3D('',#5891,#5892,#5893);
#5891 = CARTESIAN_POINT('',(71.558712577253,0.,0.));
#5892 = DIRECTION('',(0.,1.,0.));
#5893 = DIRECTION('',(1.,0.,0.));
#5894 = DEFINITIONAL_REPRESENTATION('',(#5895),#5899);
#5895 = LINE('',#5896,#5897);
#5896 = CARTESIAN_POINT('',(0.,0.));
#5897 = VECTOR('',#5898,1.);
#5898 = DIRECTION('',(0.,-1.));
#5899 = ( GEOMETRIC_REPRESENTATION_CONTEXT(2) 
PARAMETRIC_REPRESENTATION_CONTEXT() REPRESENTATION_CONTEXT('2D SPACE',''
  ) );
#5900 = ORIENTED_EDGE('',*,*,#5901,.F.);
#5901 = EDGE_CURVE('',#5729,#5874,#5902,.T.);
#5902 = SURFACE_CURVE('',#5903,(#5925,#5932),.PCURVE_S1.);
#5903 = B_SPLINE_CURVE_WITH_KNOTS('',8,(#5904,#5905,#5906,#5907,#5908,
    #5909,#5910,#5911,#5912,#5913,#5914,#5915,#5916,#5917,#5918,#5919,
    #5920,#5921,#5922,#5923,#5924),.UNSPECIFIED.,.F.,.F.,(9,6,6,9),(0.,
    0.332044101834,0.666022050917,1.),.UNSPECIFIED.);
#5904 = CARTESIAN_POINT('',(71.585379658942,12.967276854128,0.));
#5905 = CARTESIAN_POINT('',(71.485394002581,12.645680659836,0.));
#5906 = CARTESIAN_POINT('',(71.690007444373,11.341936536329,0.));
#5907 = CARTESIAN_POINT('',(71.403886756056,12.106832441912,0.));
#5908 = CARTESIAN_POINT('',(71.676677373729,10.194166232262,0.));
#5909 = CARTESIAN_POINT('',(71.505096274414,10.575082416363,0.));
#5910 = CARTESIAN_POINT('',(71.569638265694,9.675882255043,0.));
#5911 = CARTESIAN_POINT('',(71.549161020912,8.715120162748,0.));
#5912 = CARTESIAN_POINT('',(71.565593994422,7.539780348301,0.));
#5913 = CARTESIAN_POINT('',(71.545780355934,7.11339117441,0.));
#5914 = CARTESIAN_POINT('',(71.571838919534,6.420960898361,0.));
#5915 = CARTESIAN_POINT('',(71.551354564038,5.998136450271,0.));
#5916 = CARTESIAN_POINT('',(71.560554691872,5.403479592974,0.));
#5917 = CARTESIAN_POINT('',(71.55700910315,4.341181615063,0.));
#5918 = CARTESIAN_POINT('',(71.560012423288,3.240961543548,0.));
#5919 = CARTESIAN_POINT('',(71.555884828877,2.723421869731,0.));
#5920 = CARTESIAN_POINT('',(71.562134026577,2.145892325269,0.));
#5921 = CARTESIAN_POINT('',(71.556205670739,1.638710995981,0.));
#5922 = CARTESIAN_POINT('',(71.559793836355,1.076596518482,0.));
#5923 = CARTESIAN_POINT('',(71.558485936377,0.542717722058,0.));
#5924 = CARTESIAN_POINT('',(71.558712577253,0.,0.));
#5925 = PCURVE('',#5744,#5926);
#5926 = DEFINITIONAL_REPRESENTATION('',(#5927),#5931);
#5927 = LINE('',#5928,#5929);
#5928 = CARTESIAN_POINT('',(0.,0.));
#5929 = VECTOR('',#5930,1.);
#5930 = DIRECTION('',(1.,0.));
#5931 = ( GEOMETRIC_REPRESENTATION_CONTEXT(2) 
PARAMETRIC_REPRESENTATION_CONTEXT() REPRESENTATION_CONTEXT('2D SPACE',''
  ) );
#5932 = PCURVE('',#5794,#5933);
#5933 = DEFINITIONAL_REPRESENTATION('',(#5934),#5956);
#5934 = B_SPLINE_CURVE_WITH_KNOTS('',8,(#5935,#5936,#5937,#5938,#5939,
    #5940,#5941,#5942,#5943,#5944,#5945,#5946,#5947,#5948,#5949,#5950,
    #5951,#5952,#5953,#5954,#5955),.UNSPECIFIED.,.F.,.F.,(9,6,6,9),(0.,
    0.332044101834,0.666022050917,1.),.UNSPECIFIED.);
#5935 = CARTESIAN_POINT('',(-3.007111308848,5.869848417337));
#5936 = CARTESIAN_POINT('',(-3.10709696521,5.548252223044));
#5937 = CARTESIAN_POINT('',(-2.902483523417,4.244508099537));
#5938 = CARTESIAN_POINT('',(-3.188604211735,5.00940400512));
#5939 = CARTESIAN_POINT('',(-2.915813594062,3.09673779547));
#5940 = CARTESIAN_POINT('',(-3.087394693376,3.477653979571));
#5941 = CARTESIAN_POINT('',(-3.022852702096,2.578453818252));
#5942 = CARTESIAN_POINT('',(-3.043329946879,1.617691725956));
#5943 = CARTESIAN_POINT('',(-3.026896973369,0.442351911509));
#5944 = CARTESIAN_POINT('',(-3.046710611856,1.596273761835E-02));
#5945 = CARTESIAN_POINT('',(-3.020652048257,-0.67646753843));
#5946 = CARTESIAN_POINT('',(-3.041136403753,-1.099291986521));
#5947 = CARTESIAN_POINT('',(-3.031936275919,-1.693948843818));
#5948 = CARTESIAN_POINT('',(-3.035481864641,-2.756246821729));
#5949 = CARTESIAN_POINT('',(-3.032478544502,-3.856466893243));
#5950 = CARTESIAN_POINT('',(-3.036606138914,-4.374006567061));
#5951 = CARTESIAN_POINT('',(-3.030356941214,-4.951536111522));
#5952 = CARTESIAN_POINT('',(-3.036285297051,-5.45871744081));
#5953 = CARTESIAN_POINT('',(-3.032697131436,-6.020831918309));
#5954 = CARTESIAN_POINT('',(-3.034005031414,-6.554710714733));
#5955 = CARTESIAN_POINT('',(-3.033778390537,-7.097428436792));
#5956 = ( GEOMETRIC_REPRESENTATION_CONTEXT(2) 
PARAMETRIC_REPRESENTATION_CONTEXT() REPRESENTATION_CONTEXT('2D SPACE',''
  ) );
#5957 = ADVANCED_FACE('',(#5958),#5889,.F.);
#5958 = FACE_BOUND('',#5959,.F.);
#5959 = EDGE_LOOP('',(#5960,#5961,#5984,#6012));
#5960 = ORIENTED_EDGE('',*,*,#5873,.T.);
#5961 = ORIENTED_EDGE('',*,*,#5962,.T.);
#5962 = EDGE_CURVE('',#5815,#5963,#5965,.T.);
#5963 = VERTEX_POINT('',#5964);
#5964 = CARTESIAN_POINT('',(73.557780875071,0.,2.));
#5965 = SURFACE_CURVE('',#5966,(#5970,#5977),.PCURVE_S1.);
#5966 = LINE('',#5967,#5968);
#5967 = CARTESIAN_POINT('',(71.558712577253,0.,2.));
#5968 = VECTOR('',#5969,1.);
#5969 = DIRECTION('',(1.,0.,0.));
#5970 = PCURVE('',#5889,#5971);
#5971 = DEFINITIONAL_REPRESENTATION('',(#5972),#5976);
#5972 = LINE('',#5973,#5974);
#5973 = CARTESIAN_POINT('',(0.,-2.));
#5974 = VECTOR('',#5975,1.);
#5975 = DIRECTION('',(1.,0.));
#5976 = ( GEOMETRIC_REPRESENTATION_CONTEXT(2) 
PARAMETRIC_REPRESENTATION_CONTEXT() REPRESENTATION_CONTEXT('2D SPACE',''
  ) );
#5977 = PCURVE('',#5712,#5978);
#5978 = DEFINITIONAL_REPRESENTATION('',(#5979),#5983);
#5979 = LINE('',#5980,#5981);
#5980 = CARTESIAN_POINT('',(-3.033778390537,-7.097428436792));
#5981 = VECTOR('',#5982,1.);
#5982 = DIRECTION('',(1.,0.));
#5983 = ( GEOMETRIC_REPRESENTATION_CONTEXT(2) 
PARAMETRIC_REPRESENTATION_CONTEXT() REPRESENTATION_CONTEXT('2D SPACE',''
  ) );
#5984 = ORIENTED_EDGE('',*,*,#5985,.F.);
#5985 = EDGE_CURVE('',#5986,#5963,#5988,.T.);
#5986 = VERTEX_POINT('',#5987);
#5987 = CARTESIAN_POINT('',(73.557780875071,0.,0.));
#5988 = SURFACE_CURVE('',#5989,(#5993,#6000),.PCURVE_S1.);
#5989 = LINE('',#5990,#5991);
#5990 = CARTESIAN_POINT('',(73.557780875071,0.,0.));
#5991 = VECTOR('',#5992,1.);
#5992 = DIRECTION('',(0.,0.,1.));
#5993 = PCURVE('',#5889,#5994);
#5994 = DEFINITIONAL_REPRESENTATION('',(#5995),#5999);
#5995 = LINE('',#5996,#5997);
#5996 = CARTESIAN_POINT('',(1.999068297818,0.));
#5997 = VECTOR('',#5998,1.);
#5998 = DIRECTION('',(0.,-1.));
#5999 = ( GEOMETRIC_REPRESENTATION_CONTEXT(2) 
PARAMETRIC_REPRESENTATION_CONTEXT() REPRESENTATION_CONTEXT('2D SPACE',''
  ) );
#6000 = PCURVE('',#6001,#6006);
#6001 = PLANE('',#6002);
#6002 = AXIS2_PLACEMENT_3D('',#6003,#6004,#6005);
#6003 = CARTESIAN_POINT('',(73.557780875071,0.,0.));
#6004 = DIRECTION('',(-0.794856753898,0.606797116656,0.));
#6005 = DIRECTION('',(0.606797116656,0.794856753898,0.));
#6006 = DEFINITIONAL_REPRESENTATION('',(#6007),#6011);
#6007 = LINE('',#6008,#6009);
#6008 = CARTESIAN_POINT('',(0.,0.));
#6009 = VECTOR('',#6010,1.);
#6010 = DIRECTION('',(0.,-1.));
#6011 = ( GEOMETRIC_REPRESENTATION_CONTEXT(2) 
PARAMETRIC_REPRESENTATION_CONTEXT() REPRESENTATION_CONTEXT('2D SPACE',''
  ) );
#6012 = ORIENTED_EDGE('',*,*,#6013,.F.);
#6013 = EDGE_CURVE('',#5874,#5986,#6014,.T.);
#6014 = SURFACE_CURVE('',#6015,(#6019,#6026),.PCURVE_S1.);
#6015 = LINE('',#6016,#6017);
#6016 = CARTESIAN_POINT('',(71.558712577253,0.,0.));
#6017 = VECTOR('',#6018,1.);
#6018 = DIRECTION('',(1.,0.,0.));
#6019 = PCURVE('',#5889,#6020);
#6020 = DEFINITIONAL_REPRESENTATION('',(#6021),#6025);
#6021 = LINE('',#6022,#6023);
#6022 = CARTESIAN_POINT('',(0.,0.));
#6023 = VECTOR('',#6024,1.);
#6024 = DIRECTION('',(1.,0.));
#6025 = ( GEOMETRIC_REPRESENTATION_CONTEXT(2) 
PARAMETRIC_REPRESENTATION_CONTEXT() REPRESENTATION_CONTEXT('2D SPACE',''
  ) );
#6026 = PCURVE('',#5794,#6027);
#6027 = DEFINITIONAL_REPRESENTATION('',(#6028),#6032);
#6028 = LINE('',#6029,#6030);
#6029 = CARTESIAN_POINT('',(-3.033778390537,-7.097428436792));
#6030 = VECTOR('',#6031,1.);
#6031 = DIRECTION('',(1.,0.));
#6032 = ( GEOMETRIC_REPRESENTATION_CONTEXT(2) 
PARAMETRIC_REPRESENTATION_CONTEXT() REPRESENTATION_CONTEXT('2D SPACE',''
  ) );
#6033 = ADVANCED_FACE('',(#6034),#6001,.F.);
#6034 = FACE_BOUND('',#6035,.F.);
#6035 = EDGE_LOOP('',(#6036,#6037,#6060,#6088));
#6036 = ORIENTED_EDGE('',*,*,#5985,.T.);
#6037 = ORIENTED_EDGE('',*,*,#6038,.T.);
#6038 = EDGE_CURVE('',#5963,#6039,#6041,.T.);
#6039 = VERTEX_POINT('',#6040);
#6040 = CARTESIAN_POINT('',(73.665959229995,0.141705182303,2.));
#6041 = SURFACE_CURVE('',#6042,(#6046,#6053),.PCURVE_S1.);
#6042 = LINE('',#6043,#6044);
#6043 = CARTESIAN_POINT('',(73.557780875071,0.,2.));
#6044 = VECTOR('',#6045,1.);
#6045 = DIRECTION('',(0.606797116656,0.794856753898,0.));
#6046 = PCURVE('',#6001,#6047);
#6047 = DEFINITIONAL_REPRESENTATION('',(#6048),#6052);
#6048 = LINE('',#6049,#6050);
#6049 = CARTESIAN_POINT('',(0.,-2.));
#6050 = VECTOR('',#6051,1.);
#6051 = DIRECTION('',(1.,0.));
#6052 = ( GEOMETRIC_REPRESENTATION_CONTEXT(2) 
PARAMETRIC_REPRESENTATION_CONTEXT() REPRESENTATION_CONTEXT('2D SPACE',''
  ) );
#6053 = PCURVE('',#5712,#6054);
#6054 = DEFINITIONAL_REPRESENTATION('',(#6055),#6059);
#6055 = LINE('',#6056,#6057);
#6056 = CARTESIAN_POINT('',(-1.034710092719,-7.097428436792));
#6057 = VECTOR('',#6058,1.);
#6058 = DIRECTION('',(0.606797116656,0.794856753898));
#6059 = ( GEOMETRIC_REPRESENTATION_CONTEXT(2) 
PARAMETRIC_REPRESENTATION_CONTEXT() REPRESENTATION_CONTEXT('2D SPACE',''
  ) );
#6060 = ORIENTED_EDGE('',*,*,#6061,.F.);
#6061 = EDGE_CURVE('',#6062,#6039,#6064,.T.);
#6062 = VERTEX_POINT('',#6063);
#6063 = CARTESIAN_POINT('',(73.665959229995,0.141705182303,0.));
#6064 = SURFACE_CURVE('',#6065,(#6069,#6076),.PCURVE_S1.);
#6065 = LINE('',#6066,#6067);
#6066 = CARTESIAN_POINT('',(73.665959229995,0.141705182303,0.));
#6067 = VECTOR('',#6068,1.);
#6068 = DIRECTION('',(0.,0.,1.));
#6069 = PCURVE('',#6001,#6070);
#6070 = DEFINITIONAL_REPRESENTATION('',(#6071),#6075);
#6071 = LINE('',#6072,#6073);
#6072 = CARTESIAN_POINT('',(0.178277635069,0.));
#6073 = VECTOR('',#6074,1.);
#6074 = DIRECTION('',(0.,-1.));
#6075 = ( GEOMETRIC_REPRESENTATION_CONTEXT(2) 
PARAMETRIC_REPRESENTATION_CONTEXT() REPRESENTATION_CONTEXT('2D SPACE',''
  ) );
#6076 = PCURVE('',#6077,#6082);
#6077 = PLANE('',#6078);
#6078 = AXIS2_PLACEMENT_3D('',#6079,#6080,#6081);
#6079 = CARTESIAN_POINT('',(73.665959229995,0.141705182303,0.));
#6080 = DIRECTION('',(-1.,0.,0.));
#6081 = DIRECTION('',(0.,1.,0.));
#6082 = DEFINITIONAL_REPRESENTATION('',(#6083),#6087);
#6083 = LINE('',#6084,#6085);
#6084 = CARTESIAN_POINT('',(0.,0.));
#6085 = VECTOR('',#6086,1.);
#6086 = DIRECTION('',(0.,-1.));
#6087 = ( GEOMETRIC_REPRESENTATION_CONTEXT(2) 
PARAMETRIC_REPRESENTATION_CONTEXT() REPRESENTATION_CONTEXT('2D SPACE',''
  ) );
#6088 = ORIENTED_EDGE('',*,*,#6089,.F.);
#6089 = EDGE_CURVE('',#5986,#6062,#6090,.T.);
#6090 = SURFACE_CURVE('',#6091,(#6095,#6102),.PCURVE_S1.);
#6091 = LINE('',#6092,#6093);
#6092 = CARTESIAN_POINT('',(73.557780875071,0.,0.));
#6093 = VECTOR('',#6094,1.);
#6094 = DIRECTION('',(0.606797116656,0.794856753898,0.));
#6095 = PCURVE('',#6001,#6096);
#6096 = DEFINITIONAL_REPRESENTATION('',(#6097),#6101);
#6097 = LINE('',#6098,#6099);
#6098 = CARTESIAN_POINT('',(0.,0.));
#6099 = VECTOR('',#6100,1.);
#6100 = DIRECTION('',(1.,0.));
#6101 = ( GEOMETRIC_REPRESENTATION_CONTEXT(2) 
PARAMETRIC_REPRESENTATION_CONTEXT() REPRESENTATION_CONTEXT('2D SPACE',''
  ) );
#6102 = PCURVE('',#5794,#6103);
#6103 = DEFINITIONAL_REPRESENTATION('',(#6104),#6108);
#6104 = LINE('',#6105,#6106);
#6105 = CARTESIAN_POINT('',(-1.034710092719,-7.097428436792));
#6106 = VECTOR('',#6107,1.);
#6107 = DIRECTION('',(0.606797116656,0.794856753898));
#6108 = ( GEOMETRIC_REPRESENTATION_CONTEXT(2) 
PARAMETRIC_REPRESENTATION_CONTEXT() REPRESENTATION_CONTEXT('2D SPACE',''
  ) );
#6109 = ADVANCED_FACE('',(#6110),#6077,.F.);
#6110 = FACE_BOUND('',#6111,.F.);
#6111 = EDGE_LOOP('',(#6112,#6113,#6136,#6164));
#6112 = ORIENTED_EDGE('',*,*,#6061,.T.);
#6113 = ORIENTED_EDGE('',*,*,#6114,.T.);
#6114 = EDGE_CURVE('',#6039,#6115,#6117,.T.);
#6115 = VERTEX_POINT('',#6116);
#6116 = CARTESIAN_POINT('',(73.665959229995,5.562244160848,2.));
#6117 = SURFACE_CURVE('',#6118,(#6122,#6129),.PCURVE_S1.);
#6118 = LINE('',#6119,#6120);
#6119 = CARTESIAN_POINT('',(73.665959229995,0.141705182303,2.));
#6120 = VECTOR('',#6121,1.);
#6121 = DIRECTION('',(0.,1.,0.));
#6122 = PCURVE('',#6077,#6123);
#6123 = DEFINITIONAL_REPRESENTATION('',(#6124),#6128);
#6124 = LINE('',#6125,#6126);
#6125 = CARTESIAN_POINT('',(0.,-2.));
#6126 = VECTOR('',#6127,1.);
#6127 = DIRECTION('',(1.,0.));
#6128 = ( GEOMETRIC_REPRESENTATION_CONTEXT(2) 
PARAMETRIC_REPRESENTATION_CONTEXT() REPRESENTATION_CONTEXT('2D SPACE',''
  ) );
#6129 = PCURVE('',#5712,#6130);
#6130 = DEFINITIONAL_REPRESENTATION('',(#6131),#6135);
#6131 = LINE('',#6132,#6133);
#6132 = CARTESIAN_POINT('',(-0.926531737795,-6.955723254488));
#6133 = VECTOR('',#6134,1.);
#6134 = DIRECTION('',(0.,1.));
#6135 = ( GEOMETRIC_REPRESENTATION_CONTEXT(2) 
PARAMETRIC_REPRESENTATION_CONTEXT() REPRESENTATION_CONTEXT('2D SPACE',''
  ) );
#6136 = ORIENTED_EDGE('',*,*,#6137,.F.);
#6137 = EDGE_CURVE('',#6138,#6115,#6140,.T.);
#6138 = VERTEX_POINT('',#6139);
#6139 = CARTESIAN_POINT('',(73.665959229995,5.562244160848,0.));
#6140 = SURFACE_CURVE('',#6141,(#6145,#6152),.PCURVE_S1.);
#6141 = LINE('',#6142,#6143);
#6142 = CARTESIAN_POINT('',(73.665959229995,5.562244160848,0.));
#6143 = VECTOR('',#6144,1.);
#6144 = DIRECTION('',(0.,0.,1.));
#6145 = PCURVE('',#6077,#6146);
#6146 = DEFINITIONAL_REPRESENTATION('',(#6147),#6151);
#6147 = LINE('',#6148,#6149);
#6148 = CARTESIAN_POINT('',(5.420538978544,0.));
#6149 = VECTOR('',#6150,1.);
#6150 = DIRECTION('',(0.,-1.));
#6151 = ( GEOMETRIC_REPRESENTATION_CONTEXT(2) 
PARAMETRIC_REPRESENTATION_CONTEXT() REPRESENTATION_CONTEXT('2D SPACE',''
  ) );
#6152 = PCURVE('',#6153,#6158);
#6153 = PLANE('',#6154);
#6154 = AXIS2_PLACEMENT_3D('',#6155,#6156,#6157);
#6155 = CARTESIAN_POINT('',(73.665959229995,5.562244160848,0.));
#6156 = DIRECTION('',(0.,1.,0.));
#6157 = DIRECTION('',(1.,0.,0.));
#6158 = DEFINITIONAL_REPRESENTATION('',(#6159),#6163);
#6159 = LINE('',#6160,#6161);
#6160 = CARTESIAN_POINT('',(0.,0.));
#6161 = VECTOR('',#6162,1.);
#6162 = DIRECTION('',(0.,-1.));
#6163 = ( GEOMETRIC_REPRESENTATION_CONTEXT(2) 
PARAMETRIC_REPRESENTATION_CONTEXT() REPRESENTATION_CONTEXT('2D SPACE',''
  ) );
#6164 = ORIENTED_EDGE('',*,*,#6165,.F.);
#6165 = EDGE_CURVE('',#6062,#6138,#6166,.T.);
#6166 = SURFACE_CURVE('',#6167,(#6171,#6178),.PCURVE_S1.);
#6167 = LINE('',#6168,#6169);
#6168 = CARTESIAN_POINT('',(73.665959229995,0.141705182303,0.));
#6169 = VECTOR('',#6170,1.);
#6170 = DIRECTION('',(0.,1.,0.));
#6171 = PCURVE('',#6077,#6172);
#6172 = DEFINITIONAL_REPRESENTATION('',(#6173),#6177);
#6173 = LINE('',#6174,#6175);
#6174 = CARTESIAN_POINT('',(0.,0.));
#6175 = VECTOR('',#6176,1.);
#6176 = DIRECTION('',(1.,0.));
#6177 = ( GEOMETRIC_REPRESENTATION_CONTEXT(2) 
PARAMETRIC_REPRESENTATION_CONTEXT() REPRESENTATION_CONTEXT('2D SPACE',''
  ) );
#6178 = PCURVE('',#5794,#6179);
#6179 = DEFINITIONAL_REPRESENTATION('',(#6180),#6184);
#6180 = LINE('',#6181,#6182);
#6181 = CARTESIAN_POINT('',(-0.926531737795,-6.955723254488));
#6182 = VECTOR('',#6183,1.);
#6183 = DIRECTION('',(0.,1.));
#6184 = ( GEOMETRIC_REPRESENTATION_CONTEXT(2) 
PARAMETRIC_REPRESENTATION_CONTEXT() REPRESENTATION_CONTEXT('2D SPACE',''
  ) );
#6185 = ADVANCED_FACE('',(#6186),#6153,.F.);
#6186 = FACE_BOUND('',#6187,.F.);
#6187 = EDGE_LOOP('',(#6188,#6189,#6212,#6296));
#6188 = ORIENTED_EDGE('',*,*,#6137,.T.);
#6189 = ORIENTED_EDGE('',*,*,#6190,.T.);
#6190 = EDGE_CURVE('',#6115,#6191,#6193,.T.);
#6191 = VERTEX_POINT('',#6192);
#6192 = CARTESIAN_POINT('',(73.82893737728,5.562244160848,2.));
#6193 = SURFACE_CURVE('',#6194,(#6198,#6205),.PCURVE_S1.);
#6194 = LINE('',#6195,#6196);
#6195 = CARTESIAN_POINT('',(73.665959229995,5.562244160848,2.));
#6196 = VECTOR('',#6197,1.);
#6197 = DIRECTION('',(1.,0.,0.));
#6198 = PCURVE('',#6153,#6199);
#6199 = DEFINITIONAL_REPRESENTATION('',(#6200),#6204);
#6200 = LINE('',#6201,#6202);
#6201 = CARTESIAN_POINT('',(0.,-2.));
#6202 = VECTOR('',#6203,1.);
#6203 = DIRECTION('',(1.,0.));
#6204 = ( GEOMETRIC_REPRESENTATION_CONTEXT(2) 
PARAMETRIC_REPRESENTATION_CONTEXT() REPRESENTATION_CONTEXT('2D SPACE',''
  ) );
#6205 = PCURVE('',#5712,#6206);
#6206 = DEFINITIONAL_REPRESENTATION('',(#6207),#6211);
#6207 = LINE('',#6208,#6209);
#6208 = CARTESIAN_POINT('',(-0.926531737795,-1.535184275944));
#6209 = VECTOR('',#6210,1.);
#6210 = DIRECTION('',(1.,0.));
#6211 = ( GEOMETRIC_REPRESENTATION_CONTEXT(2) 
PARAMETRIC_REPRESENTATION_CONTEXT() REPRESENTATION_CONTEXT('2D SPACE',''
  ) );
#6212 = ORIENTED_EDGE('',*,*,#6213,.F.);
#6213 = EDGE_CURVE('',#6214,#6191,#6216,.T.);
#6214 = VERTEX_POINT('',#6215);
#6215 = CARTESIAN_POINT('',(73.82893737728,5.562244160848,0.));
#6216 = SURFACE_CURVE('',#6217,(#6221,#6228),.PCURVE_S1.);
#6217 = LINE('',#6218,#6219);
#6218 = CARTESIAN_POINT('',(73.82893737728,5.562244160848,0.));
#6219 = VECTOR('',#6220,1.);
#6220 = DIRECTION('',(0.,0.,1.));
#6221 = PCURVE('',#6153,#6222);
#6222 = DEFINITIONAL_REPRESENTATION('',(#6223),#6227);
#6223 = LINE('',#6224,#6225);
#6224 = CARTESIAN_POINT('',(0.162978147284,0.));
#6225 = VECTOR('',#6226,1.);
#6226 = DIRECTION('',(0.,-1.));
#6227 = ( GEOMETRIC_REPRESENTATION_CONTEXT(2) 
PARAMETRIC_REPRESENTATION_CONTEXT() REPRESENTATION_CONTEXT('2D SPACE',''
  ) );
#6228 = PCURVE('',#6229,#6290);
#6229 = SURFACE_OF_LINEAR_EXTRUSION('',#6230,#6288);
#6230 = B_SPLINE_CURVE_WITH_KNOTS('',8,(#6231,#6232,#6233,#6234,#6235,
    #6236,#6237,#6238,#6239,#6240,#6241,#6242,#6243,#6244,#6245,#6246,
    #6247,#6248,#6249,#6250,#6251,#6252,#6253,#6254,#6255,#6256,#6257,
    #6258,#6259,#6260,#6261,#6262,#6263,#6264,#6265,#6266,#6267,#6268,
    #6269,#6270,#6271,#6272,#6273,#6274,#6275,#6276,#6277,#6278,#6279,
    #6280,#6281,#6282,#6283,#6284,#6285,#6286,#6287),.UNSPECIFIED.,.F.,
  .F.,(9,6,6,6,6,6,6,6,6,9),(0.,0.108024891637,0.225049574927,
    0.330089785476,0.43566017965,0.564305867595,0.669470720021,
    0.77470611666,0.892588545153,1.),.UNSPECIFIED.);
#6231 = CARTESIAN_POINT('',(73.82893737728,5.562244160848,0.));
#6232 = CARTESIAN_POINT('',(73.941365552697,5.301966832476,0.));
#6233 = CARTESIAN_POINT('',(73.79238270677,5.067484736227,0.));
#6234 = CARTESIAN_POINT('',(74.275273528742,4.69918578469,0.));
#6235 = CARTESIAN_POINT('',(73.935116646137,4.641404521395,0.));
#6236 = CARTESIAN_POINT('',(74.498566978918,4.268084650204,0.));
#6237 = CARTESIAN_POINT('',(74.53915535878,4.179389816329,0.));
#6238 = CARTESIAN_POINT('',(75.106583616077,3.873092150868,0.));
#6239 = CARTESIAN_POINT('',(75.590928994449,3.775200977539,0.));
#6240 = CARTESIAN_POINT('',(75.976228135772,3.711703933234,0.));
#6241 = CARTESIAN_POINT('',(76.13992300779,3.759587853215,0.));
#6242 = CARTESIAN_POINT('',(76.535547035108,3.736181182578,0.));
#6243 = CARTESIAN_POINT('',(76.778977770161,3.781268262092,0.));
#6244 = CARTESIAN_POINT('',(77.339150566254,3.896017368735,0.));
#6245 = CARTESIAN_POINT('',(77.83501631486,4.116664114013,0.));
#6246 = CARTESIAN_POINT('',(78.079316754558,4.244552478707,0.));
#6247 = CARTESIAN_POINT('',(78.277749590355,4.397815185073,0.));
#6248 = CARTESIAN_POINT('',(78.48717980201,4.572938320642,0.));
#6249 = CARTESIAN_POINT('',(78.660587392594,4.766497950465,0.));
#6250 = CARTESIAN_POINT('',(78.982605806358,5.182563011192,0.));
#6251 = CARTESIAN_POINT('',(79.226584783308,5.647665822096,0.));
#6252 = CARTESIAN_POINT('',(79.332848708777,5.889006397469,0.));
#6253 = CARTESIAN_POINT('',(79.418316597366,6.13858830438,0.));
#6254 = CARTESIAN_POINT('',(79.492747987649,6.390659364671,0.));
#6255 = CARTESIAN_POINT('',(79.55088672495,6.647289650496,0.));
#6256 = CARTESIAN_POINT('',(79.655886063919,7.22041943048,0.));
#6257 = CARTESIAN_POINT('',(79.706783774911,7.801209534804,0.));
#6258 = CARTESIAN_POINT('',(79.723678622937,8.121034804166,0.));
#6259 = CARTESIAN_POINT('',(79.721120011391,8.441154928477,0.));
#6260 = CARTESIAN_POINT('',(79.721286103854,8.761161431289,0.));
#6261 = CARTESIAN_POINT('',(79.702595487075,9.080934172555,0.));
#6262 = CARTESIAN_POINT('',(79.648074253649,9.660339557398,0.));
#6263 = CARTESIAN_POINT('',(79.540770036117,10.231997222189,0.));
#6264 = CARTESIAN_POINT('',(79.481235183628,10.48736143036,0.));
#6265 = CARTESIAN_POINT('',(79.40792440548,10.738182269127,0.));
#6266 = CARTESIAN_POINT('',(79.320355503891,10.986837315878,0.));
#6267 = CARTESIAN_POINT('',(79.216321585672,11.2269593418,0.));
#6268 = CARTESIAN_POINT('',(78.972303979444,11.692449441124,0.));
#6269 = CARTESIAN_POINT('',(78.655444033388,12.109761491303,0.));
#6270 = CARTESIAN_POINT('',(78.477618932822,12.306602184648,0.));
#6271 = CARTESIAN_POINT('',(78.283090609393,12.480369780529,0.));
#6272 = CARTESIAN_POINT('',(78.066602794636,12.63925420167,0.));
#6273 = CARTESIAN_POINT('',(77.837867060824,12.767097881514,0.));
#6274 = CARTESIAN_POINT('',(77.327728069072,12.993103750808,0.));
#6275 = CARTESIAN_POINT('',(76.782747950222,13.109858325376,0.));
#6276 = CARTESIAN_POINT('',(76.491201648073,13.152177419142,0.));
#6277 = CARTESIAN_POINT('',(76.192088380799,13.145775795336,0.));
#6278 = CARTESIAN_POINT('',(75.905988382115,13.159812584591,0.));
#6279 = CARTESIAN_POINT('',(75.605462736358,13.128062417277,0.));
#6280 = CARTESIAN_POINT('',(75.055081882864,13.017721653898,0.));
#6281 = CARTESIAN_POINT('',(74.550247315615,12.75094449017,0.));
#6282 = CARTESIAN_POINT('',(74.342793906051,12.592610698599,0.));
#6283 = CARTESIAN_POINT('',(74.143519201442,12.360785024668,0.));
#6284 = CARTESIAN_POINT('',(74.019230680588,12.155622783378,0.));
#6285 = CARTESIAN_POINT('',(73.90750119099,11.882533706797,0.));
#6286 = CARTESIAN_POINT('',(73.839139379589,11.633920091025,0.));
#6287 = CARTESIAN_POINT('',(73.79218826196,11.369034588277,0.));
#6288 = VECTOR('',#6289,1.);
#6289 = DIRECTION('',(-0.,-0.,-1.));
#6290 = DEFINITIONAL_REPRESENTATION('',(#6291),#6295);
#6291 = LINE('',#6292,#6293);
#6292 = CARTESIAN_POINT('',(0.,0.));
#6293 = VECTOR('',#6294,1.);
#6294 = DIRECTION('',(0.,-1.));
#6295 = ( GEOMETRIC_REPRESENTATION_CONTEXT(2) 
PARAMETRIC_REPRESENTATION_CONTEXT() REPRESENTATION_CONTEXT('2D SPACE',''
  ) );
#6296 = ORIENTED_EDGE('',*,*,#6297,.F.);
#6297 = EDGE_CURVE('',#6138,#6214,#6298,.T.);
#6298 = SURFACE_CURVE('',#6299,(#6303,#6310),.PCURVE_S1.);
#6299 = LINE('',#6300,#6301);
#6300 = CARTESIAN_POINT('',(73.665959229995,5.562244160848,0.));
#6301 = VECTOR('',#6302,1.);
#6302 = DIRECTION('',(1.,0.,0.));
#6303 = PCURVE('',#6153,#6304);
#6304 = DEFINITIONAL_REPRESENTATION('',(#6305),#6309);
#6305 = LINE('',#6306,#6307);
#6306 = CARTESIAN_POINT('',(0.,0.));
#6307 = VECTOR('',#6308,1.);
#6308 = DIRECTION('',(1.,0.));
#6309 = ( GEOMETRIC_REPRESENTATION_CONTEXT(2) 
PARAMETRIC_REPRESENTATION_CONTEXT() REPRESENTATION_CONTEXT('2D SPACE',''
  ) );
#6310 = PCURVE('',#5794,#6311);
#6311 = DEFINITIONAL_REPRESENTATION('',(#6312),#6316);
#6312 = LINE('',#6313,#6314);
#6313 = CARTESIAN_POINT('',(-0.926531737795,-1.535184275944));
#6314 = VECTOR('',#6315,1.);
#6315 = DIRECTION('',(1.,0.));
#6316 = ( GEOMETRIC_REPRESENTATION_CONTEXT(2) 
PARAMETRIC_REPRESENTATION_CONTEXT() REPRESENTATION_CONTEXT('2D SPACE',''
  ) );
#6317 = ADVANCED_FACE('',(#6318),#6229,.F.);
#6318 = FACE_BOUND('',#6319,.F.);
#6319 = EDGE_LOOP('',(#6320,#6321,#6452,#6480));
#6320 = ORIENTED_EDGE('',*,*,#6213,.T.);
#6321 = ORIENTED_EDGE('',*,*,#6322,.T.);
#6322 = EDGE_CURVE('',#6191,#6323,#6325,.T.);
#6323 = VERTEX_POINT('',#6324);
#6324 = CARTESIAN_POINT('',(73.79218826196,11.369034588277,2.));
#6325 = SURFACE_CURVE('',#6326,(#6384,#6391),.PCURVE_S1.);
#6326 = B_SPLINE_CURVE_WITH_KNOTS('',8,(#6327,#6328,#6329,#6330,#6331,
    #6332,#6333,#6334,#6335,#6336,#6337,#6338,#6339,#6340,#6341,#6342,
    #6343,#6344,#6345,#6346,#6347,#6348,#6349,#6350,#6351,#6352,#6353,
    #6354,#6355,#6356,#6357,#6358,#6359,#6360,#6361,#6362,#6363,#6364,
    #6365,#6366,#6367,#6368,#6369,#6370,#6371,#6372,#6373,#6374,#6375,
    #6376,#6377,#6378,#6379,#6380,#6381,#6382,#6383),.UNSPECIFIED.,.F.,
  .F.,(9,6,6,6,6,6,6,6,6,9),(0.,0.108024891637,0.225049574927,
    0.330089785476,0.43566017965,0.564305867595,0.669470720021,
    0.77470611666,0.892588545153,1.),.UNSPECIFIED.);
#6327 = CARTESIAN_POINT('',(73.82893737728,5.562244160848,2.));
#6328 = CARTESIAN_POINT('',(73.941365552697,5.301966832476,2.));
#6329 = CARTESIAN_POINT('',(73.79238270677,5.067484736227,2.));
#6330 = CARTESIAN_POINT('',(74.275273528742,4.69918578469,2.));
#6331 = CARTESIAN_POINT('',(73.935116646137,4.641404521395,2.));
#6332 = CARTESIAN_POINT('',(74.498566978918,4.268084650204,2.));
#6333 = CARTESIAN_POINT('',(74.53915535878,4.179389816329,2.));
#6334 = CARTESIAN_POINT('',(75.106583616077,3.873092150868,2.));
#6335 = CARTESIAN_POINT('',(75.590928994449,3.775200977539,2.));
#6336 = CARTESIAN_POINT('',(75.976228135772,3.711703933234,2.));
#6337 = CARTESIAN_POINT('',(76.13992300779,3.759587853215,2.));
#6338 = CARTESIAN_POINT('',(76.535547035108,3.736181182578,2.));
#6339 = CARTESIAN_POINT('',(76.778977770161,3.781268262092,2.));
#6340 = CARTESIAN_POINT('',(77.339150566254,3.896017368735,2.));
#6341 = CARTESIAN_POINT('',(77.83501631486,4.116664114013,2.));
#6342 = CARTESIAN_POINT('',(78.079316754558,4.244552478707,2.));
#6343 = CARTESIAN_POINT('',(78.277749590355,4.397815185073,2.));
#6344 = CARTESIAN_POINT('',(78.48717980201,4.572938320642,2.));
#6345 = CARTESIAN_POINT('',(78.660587392594,4.766497950465,2.));
#6346 = CARTESIAN_POINT('',(78.982605806358,5.182563011192,2.));
#6347 = CARTESIAN_POINT('',(79.226584783308,5.647665822096,2.));
#6348 = CARTESIAN_POINT('',(79.332848708777,5.889006397469,2.));
#6349 = CARTESIAN_POINT('',(79.418316597366,6.13858830438,2.));
#6350 = CARTESIAN_POINT('',(79.492747987649,6.390659364671,2.));
#6351 = CARTESIAN_POINT('',(79.55088672495,6.647289650496,2.));
#6352 = CARTESIAN_POINT('',(79.655886063919,7.22041943048,2.));
#6353 = CARTESIAN_POINT('',(79.706783774911,7.801209534804,2.));
#6354 = CARTESIAN_POINT('',(79.723678622937,8.121034804166,2.));
#6355 = CARTESIAN_POINT('',(79.721120011391,8.441154928477,2.));
#6356 = CARTESIAN_POINT('',(79.721286103854,8.761161431289,2.));
#6357 = CARTESIAN_POINT('',(79.702595487075,9.080934172555,2.));
#6358 = CARTESIAN_POINT('',(79.648074253649,9.660339557398,2.));
#6359 = CARTESIAN_POINT('',(79.540770036117,10.231997222189,2.));
#6360 = CARTESIAN_POINT('',(79.481235183628,10.48736143036,2.));
#6361 = CARTESIAN_POINT('',(79.40792440548,10.738182269127,2.));
#6362 = CARTESIAN_POINT('',(79.320355503891,10.986837315878,2.));
#6363 = CARTESIAN_POINT('',(79.216321585672,11.2269593418,2.));
#6364 = CARTESIAN_POINT('',(78.972303979444,11.692449441124,2.));
#6365 = CARTESIAN_POINT('',(78.655444033388,12.109761491303,2.));
#6366 = CARTESIAN_POINT('',(78.477618932822,12.306602184648,2.));
#6367 = CARTESIAN_POINT('',(78.283090609393,12.480369780529,2.));
#6368 = CARTESIAN_POINT('',(78.066602794636,12.63925420167,2.));
#6369 = CARTESIAN_POINT('',(77.837867060824,12.767097881514,2.));
#6370 = CARTESIAN_POINT('',(77.327728069072,12.993103750808,2.));
#6371 = CARTESIAN_POINT('',(76.782747950222,13.109858325376,2.));
#6372 = CARTESIAN_POINT('',(76.491201648073,13.152177419142,2.));
#6373 = CARTESIAN_POINT('',(76.192088380799,13.145775795336,2.));
#6374 = CARTESIAN_POINT('',(75.905988382115,13.159812584591,2.));
#6375 = CARTESIAN_POINT('',(75.605462736358,13.128062417277,2.));
#6376 = CARTESIAN_POINT('',(75.055081882864,13.017721653898,2.));
#6377 = CARTESIAN_POINT('',(74.550247315615,12.75094449017,2.));
#6378 = CARTESIAN_POINT('',(74.342793906051,12.592610698599,2.));
#6379 = CARTESIAN_POINT('',(74.143519201442,12.360785024668,2.));
#6380 = CARTESIAN_POINT('',(74.019230680588,12.155622783378,2.));
#6381 = CARTESIAN_POINT('',(73.90750119099,11.882533706797,2.));
#6382 = CARTESIAN_POINT('',(73.839139379589,11.633920091025,2.));
#6383 = CARTESIAN_POINT('',(73.79218826196,11.369034588277,2.));
#6384 = PCURVE('',#6229,#6385);
#6385 = DEFINITIONAL_REPRESENTATION('',(#6386),#6390);
#6386 = LINE('',#6387,#6388);
#6387 = CARTESIAN_POINT('',(0.,-2.));
#6388 = VECTOR('',#6389,1.);
#6389 = DIRECTION('',(1.,0.));
#6390 = ( GEOMETRIC_REPRESENTATION_CONTEXT(2) 
PARAMETRIC_REPRESENTATION_CONTEXT() REPRESENTATION_CONTEXT('2D SPACE',''
  ) );
#6391 = PCURVE('',#5712,#6392);
#6392 = DEFINITIONAL_REPRESENTATION('',(#6393),#6451);
#6393 = B_SPLINE_CURVE_WITH_KNOTS('',8,(#6394,#6395,#6396,#6397,#6398,
    #6399,#6400,#6401,#6402,#6403,#6404,#6405,#6406,#6407,#6408,#6409,
    #6410,#6411,#6412,#6413,#6414,#6415,#6416,#6417,#6418,#6419,#6420,
    #6421,#6422,#6423,#6424,#6425,#6426,#6427,#6428,#6429,#6430,#6431,
    #6432,#6433,#6434,#6435,#6436,#6437,#6438,#6439,#6440,#6441,#6442,
    #6443,#6444,#6445,#6446,#6447,#6448,#6449,#6450),.UNSPECIFIED.,.F.,
  .F.,(9,6,6,6,6,6,6,6,6,9),(0.,0.108024891637,0.225049574927,
    0.330089785476,0.43566017965,0.564305867595,0.669470720021,
    0.77470611666,0.892588545153,1.),.UNSPECIFIED.);
#6394 = CARTESIAN_POINT('',(-0.763553590511,-1.535184275944));
#6395 = CARTESIAN_POINT('',(-0.651125415094,-1.795461604316));
#6396 = CARTESIAN_POINT('',(-0.800108261021,-2.029943700564));
#6397 = CARTESIAN_POINT('',(-0.317217439049,-2.398242652101));
#6398 = CARTESIAN_POINT('',(-0.657374321654,-2.456023915397));
#6399 = CARTESIAN_POINT('',(-9.39239888726E-02,-2.829343786587));
#6400 = CARTESIAN_POINT('',(-5.333560901026E-02,-2.918038620463));
#6401 = CARTESIAN_POINT('',(0.514092648286,-3.224336285923));
#6402 = CARTESIAN_POINT('',(0.998438026659,-3.322227459253));
#6403 = CARTESIAN_POINT('',(1.383737167982,-3.385724503558));
#6404 = CARTESIAN_POINT('',(1.547432039999,-3.337840583577));
#6405 = CARTESIAN_POINT('',(1.943056067317,-3.361247254214));
#6406 = CARTESIAN_POINT('',(2.186486802371,-3.316160174699));
#6407 = CARTESIAN_POINT('',(2.746659598464,-3.201411068056));
#6408 = CARTESIAN_POINT('',(3.24252534707,-2.980764322778));
#6409 = CARTESIAN_POINT('',(3.486825786767,-2.852875958084));
#6410 = CARTESIAN_POINT('',(3.685258622564,-2.699613251718));
#6411 = CARTESIAN_POINT('',(3.894688834219,-2.524490116149));
#6412 = CARTESIAN_POINT('',(4.068096424803,-2.330930486327));
#6413 = CARTESIAN_POINT('',(4.390114838567,-1.914865425599));
#6414 = CARTESIAN_POINT('',(4.634093815517,-1.449762614696));
#6415 = CARTESIAN_POINT('',(4.740357740986,-1.208422039322));
#6416 = CARTESIAN_POINT('',(4.825825629576,-0.958840132411));
#6417 = CARTESIAN_POINT('',(4.900257019858,-0.70676907212));
#6418 = CARTESIAN_POINT('',(4.958395757159,-0.450138786296));
#6419 = CARTESIAN_POINT('',(5.063395096129,0.122990993689));
#6420 = CARTESIAN_POINT('',(5.11429280712,0.703781098012));
#6421 = CARTESIAN_POINT('',(5.131187655146,1.023606367375));
#6422 = CARTESIAN_POINT('',(5.1286290436,1.343726491686));
#6423 = CARTESIAN_POINT('',(5.128795136064,1.663732994497));
#6424 = CARTESIAN_POINT('',(5.110104519284,1.983505735763));
#6425 = CARTESIAN_POINT('',(5.055583285858,2.562911120606));
#6426 = CARTESIAN_POINT('',(4.948279068326,3.134568785398));
#6427 = CARTESIAN_POINT('',(4.888744215838,3.389932993569));
#6428 = CARTESIAN_POINT('',(4.815433437689,3.640753832335));
#6429 = CARTESIAN_POINT('',(4.727864536101,3.889408879086));
#6430 = CARTESIAN_POINT('',(4.623830617881,4.129530905008));
#6431 = CARTESIAN_POINT('',(4.379813011653,4.595021004332));
#6432 = CARTESIAN_POINT('',(4.062953065597,5.012333054512));
#6433 = CARTESIAN_POINT('',(3.885127965031,5.209173747857));
#6434 = CARTESIAN_POINT('',(3.690599641602,5.382941343737));
#6435 = CARTESIAN_POINT('',(3.474111826845,5.541825764879));
#6436 = CARTESIAN_POINT('',(3.245376093033,5.669669444722));
#6437 = CARTESIAN_POINT('',(2.735237101282,5.895675314016));
#6438 = CARTESIAN_POINT('',(2.190256982431,6.012429888585));
#6439 = CARTESIAN_POINT('',(1.898710680282,6.05474898235));
#6440 = CARTESIAN_POINT('',(1.599597413008,6.048347358544));
#6441 = CARTESIAN_POINT('',(1.313497414325,6.062384147799));
#6442 = CARTESIAN_POINT('',(1.012971768567,6.030633980485));
#6443 = CARTESIAN_POINT('',(0.462590915073,5.920293217106));
#6444 = CARTESIAN_POINT('',(-4.224365217574E-02,5.653516053379));
#6445 = CARTESIAN_POINT('',(-0.24969706174,5.495182261808));
#6446 = CARTESIAN_POINT('',(-0.448971766349,5.263356587877));
#6447 = CARTESIAN_POINT('',(-0.573260287203,5.058194346587));
#6448 = CARTESIAN_POINT('',(-0.684989776801,4.785105270006));
#6449 = CARTESIAN_POINT('',(-0.753351588202,4.536491654233));
#6450 = CARTESIAN_POINT('',(-0.800302705831,4.271606151485));
#6451 = ( GEOMETRIC_REPRESENTATION_CONTEXT(2) 
PARAMETRIC_REPRESENTATION_CONTEXT() REPRESENTATION_CONTEXT('2D SPACE',''
  ) );
#6452 = ORIENTED_EDGE('',*,*,#6453,.F.);
#6453 = EDGE_CURVE('',#6454,#6323,#6456,.T.);
#6454 = VERTEX_POINT('',#6455);
#6455 = CARTESIAN_POINT('',(73.79218826196,11.369034588277,0.));
#6456 = SURFACE_CURVE('',#6457,(#6461,#6468),.PCURVE_S1.);
#6457 = LINE('',#6458,#6459);
#6458 = CARTESIAN_POINT('',(73.79218826196,11.369034588277,0.));
#6459 = VECTOR('',#6460,1.);
#6460 = DIRECTION('',(0.,0.,1.));
#6461 = PCURVE('',#6229,#6462);
#6462 = DEFINITIONAL_REPRESENTATION('',(#6463),#6467);
#6463 = LINE('',#6464,#6465);
#6464 = CARTESIAN_POINT('',(1.,0.));
#6465 = VECTOR('',#6466,1.);
#6466 = DIRECTION('',(0.,-1.));
#6467 = ( GEOMETRIC_REPRESENTATION_CONTEXT(2) 
PARAMETRIC_REPRESENTATION_CONTEXT() REPRESENTATION_CONTEXT('2D SPACE',''
  ) );
#6468 = PCURVE('',#6469,#6474);
#6469 = PLANE('',#6470);
#6470 = AXIS2_PLACEMENT_3D('',#6471,#6472,#6473);
#6471 = CARTESIAN_POINT('',(73.79218826196,11.369034588277,0.));
#6472 = DIRECTION('',(0.553695239761,-0.83271938939,0.));
#6473 = DIRECTION('',(-0.83271938939,-0.553695239761,0.));
#6474 = DEFINITIONAL_REPRESENTATION('',(#6475),#6479);
#6475 = LINE('',#6476,#6477);
#6476 = CARTESIAN_POINT('',(0.,0.));
#6477 = VECTOR('',#6478,1.);
#6478 = DIRECTION('',(0.,-1.));
#6479 = ( GEOMETRIC_REPRESENTATION_CONTEXT(2) 
PARAMETRIC_REPRESENTATION_CONTEXT() REPRESENTATION_CONTEXT('2D SPACE',''
  ) );
#6480 = ORIENTED_EDGE('',*,*,#6481,.F.);
#6481 = EDGE_CURVE('',#6214,#6454,#6482,.T.);
#6482 = SURFACE_CURVE('',#6483,(#6541,#6548),.PCURVE_S1.);
#6483 = B_SPLINE_CURVE_WITH_KNOTS('',8,(#6484,#6485,#6486,#6487,#6488,
    #6489,#6490,#6491,#6492,#6493,#6494,#6495,#6496,#6497,#6498,#6499,
    #6500,#6501,#6502,#6503,#6504,#6505,#6506,#6507,#6508,#6509,#6510,
    #6511,#6512,#6513,#6514,#6515,#6516,#6517,#6518,#6519,#6520,#6521,
    #6522,#6523,#6524,#6525,#6526,#6527,#6528,#6529,#6530,#6531,#6532,
    #6533,#6534,#6535,#6536,#6537,#6538,#6539,#6540),.UNSPECIFIED.,.F.,
  .F.,(9,6,6,6,6,6,6,6,6,9),(0.,0.108024891637,0.225049574927,
    0.330089785476,0.43566017965,0.564305867595,0.669470720021,
    0.77470611666,0.892588545153,1.),.UNSPECIFIED.);
#6484 = CARTESIAN_POINT('',(73.82893737728,5.562244160848,0.));
#6485 = CARTESIAN_POINT('',(73.941365552697,5.301966832476,0.));
#6486 = CARTESIAN_POINT('',(73.79238270677,5.067484736227,0.));
#6487 = CARTESIAN_POINT('',(74.275273528742,4.69918578469,0.));
#6488 = CARTESIAN_POINT('',(73.935116646137,4.641404521395,0.));
#6489 = CARTESIAN_POINT('',(74.498566978918,4.268084650204,0.));
#6490 = CARTESIAN_POINT('',(74.53915535878,4.179389816329,0.));
#6491 = CARTESIAN_POINT('',(75.106583616077,3.873092150868,0.));
#6492 = CARTESIAN_POINT('',(75.590928994449,3.775200977539,0.));
#6493 = CARTESIAN_POINT('',(75.976228135772,3.711703933234,0.));
#6494 = CARTESIAN_POINT('',(76.13992300779,3.759587853215,0.));
#6495 = CARTESIAN_POINT('',(76.535547035108,3.736181182578,0.));
#6496 = CARTESIAN_POINT('',(76.778977770161,3.781268262092,0.));
#6497 = CARTESIAN_POINT('',(77.339150566254,3.896017368735,0.));
#6498 = CARTESIAN_POINT('',(77.83501631486,4.116664114013,0.));
#6499 = CARTESIAN_POINT('',(78.079316754558,4.244552478707,0.));
#6500 = CARTESIAN_POINT('',(78.277749590355,4.397815185073,0.));
#6501 = CARTESIAN_POINT('',(78.48717980201,4.572938320642,0.));
#6502 = CARTESIAN_POINT('',(78.660587392594,4.766497950465,0.));
#6503 = CARTESIAN_POINT('',(78.982605806358,5.182563011192,0.));
#6504 = CARTESIAN_POINT('',(79.226584783308,5.647665822096,0.));
#6505 = CARTESIAN_POINT('',(79.332848708777,5.889006397469,0.));
#6506 = CARTESIAN_POINT('',(79.418316597366,6.13858830438,0.));
#6507 = CARTESIAN_POINT('',(79.492747987649,6.390659364671,0.));
#6508 = CARTESIAN_POINT('',(79.55088672495,6.647289650496,0.));
#6509 = CARTESIAN_POINT('',(79.655886063919,7.22041943048,0.));
#6510 = CARTESIAN_POINT('',(79.706783774911,7.801209534804,0.));
#6511 = CARTESIAN_POINT('',(79.723678622937,8.121034804166,0.));
#6512 = CARTESIAN_POINT('',(79.721120011391,8.441154928477,0.));
#6513 = CARTESIAN_POINT('',(79.721286103854,8.761161431289,0.));
#6514 = CARTESIAN_POINT('',(79.702595487075,9.080934172555,0.));
#6515 = CARTESIAN_POINT('',(79.648074253649,9.660339557398,0.));
#6516 = CARTESIAN_POINT('',(79.540770036117,10.231997222189,0.));
#6517 = CARTESIAN_POINT('',(79.481235183628,10.48736143036,0.));
#6518 = CARTESIAN_POINT('',(79.40792440548,10.738182269127,0.));
#6519 = CARTESIAN_POINT('',(79.320355503891,10.986837315878,0.));
#6520 = CARTESIAN_POINT('',(79.216321585672,11.2269593418,0.));
#6521 = CARTESIAN_POINT('',(78.972303979444,11.692449441124,0.));
#6522 = CARTESIAN_POINT('',(78.655444033388,12.109761491303,0.));
#6523 = CARTESIAN_POINT('',(78.477618932822,12.306602184648,0.));
#6524 = CARTESIAN_POINT('',(78.283090609393,12.480369780529,0.));
#6525 = CARTESIAN_POINT('',(78.066602794636,12.63925420167,0.));
#6526 = CARTESIAN_POINT('',(77.837867060824,12.767097881514,0.));
#6527 = CARTESIAN_POINT('',(77.327728069072,12.993103750808,0.));
#6528 = CARTESIAN_POINT('',(76.782747950222,13.109858325376,0.));
#6529 = CARTESIAN_POINT('',(76.491201648073,13.152177419142,0.));
#6530 = CARTESIAN_POINT('',(76.192088380799,13.145775795336,0.));
#6531 = CARTESIAN_POINT('',(75.905988382115,13.159812584591,0.));
#6532 = CARTESIAN_POINT('',(75.605462736358,13.128062417277,0.));
#6533 = CARTESIAN_POINT('',(75.055081882864,13.017721653898,0.));
#6534 = CARTESIAN_POINT('',(74.550247315615,12.75094449017,0.));
#6535 = CARTESIAN_POINT('',(74.342793906051,12.592610698599,0.));
#6536 = CARTESIAN_POINT('',(74.143519201442,12.360785024668,0.));
#6537 = CARTESIAN_POINT('',(74.019230680588,12.155622783378,0.));
#6538 = CARTESIAN_POINT('',(73.90750119099,11.882533706797,0.));
#6539 = CARTESIAN_POINT('',(73.839139379589,11.633920091025,0.));
#6540 = CARTESIAN_POINT('',(73.79218826196,11.369034588277,0.));
#6541 = PCURVE('',#6229,#6542);
#6542 = DEFINITIONAL_REPRESENTATION('',(#6543),#6547);
#6543 = LINE('',#6544,#6545);
#6544 = CARTESIAN_POINT('',(0.,0.));
#6545 = VECTOR('',#6546,1.);
#6546 = DIRECTION('',(1.,0.));
#6547 = ( GEOMETRIC_REPRESENTATION_CONTEXT(2) 
PARAMETRIC_REPRESENTATION_CONTEXT() REPRESENTATION_CONTEXT('2D SPACE',''
  ) );
#6548 = PCURVE('',#5794,#6549);
#6549 = DEFINITIONAL_REPRESENTATION('',(#6550),#6608);
#6550 = B_SPLINE_CURVE_WITH_KNOTS('',8,(#6551,#6552,#6553,#6554,#6555,
    #6556,#6557,#6558,#6559,#6560,#6561,#6562,#6563,#6564,#6565,#6566,
    #6567,#6568,#6569,#6570,#6571,#6572,#6573,#6574,#6575,#6576,#6577,
    #6578,#6579,#6580,#6581,#6582,#6583,#6584,#6585,#6586,#6587,#6588,
    #6589,#6590,#6591,#6592,#6593,#6594,#6595,#6596,#6597,#6598,#6599,
    #6600,#6601,#6602,#6603,#6604,#6605,#6606,#6607),.UNSPECIFIED.,.F.,
  .F.,(9,6,6,6,6,6,6,6,6,9),(0.,0.108024891637,0.225049574927,
    0.330089785476,0.43566017965,0.564305867595,0.669470720021,
    0.77470611666,0.892588545153,1.),.UNSPECIFIED.);
#6551 = CARTESIAN_POINT('',(-0.763553590511,-1.535184275944));
#6552 = CARTESIAN_POINT('',(-0.651125415094,-1.795461604316));
#6553 = CARTESIAN_POINT('',(-0.800108261021,-2.029943700564));
#6554 = CARTESIAN_POINT('',(-0.317217439049,-2.398242652101));
#6555 = CARTESIAN_POINT('',(-0.657374321654,-2.456023915397));
#6556 = CARTESIAN_POINT('',(-9.39239888726E-02,-2.829343786587));
#6557 = CARTESIAN_POINT('',(-5.333560901026E-02,-2.918038620463));
#6558 = CARTESIAN_POINT('',(0.514092648286,-3.224336285923));
#6559 = CARTESIAN_POINT('',(0.998438026659,-3.322227459253));
#6560 = CARTESIAN_POINT('',(1.383737167982,-3.385724503558));
#6561 = CARTESIAN_POINT('',(1.547432039999,-3.337840583577));
#6562 = CARTESIAN_POINT('',(1.943056067317,-3.361247254214));
#6563 = CARTESIAN_POINT('',(2.186486802371,-3.316160174699));
#6564 = CARTESIAN_POINT('',(2.746659598464,-3.201411068056));
#6565 = CARTESIAN_POINT('',(3.24252534707,-2.980764322778));
#6566 = CARTESIAN_POINT('',(3.486825786767,-2.852875958084));
#6567 = CARTESIAN_POINT('',(3.685258622564,-2.699613251718));
#6568 = CARTESIAN_POINT('',(3.894688834219,-2.524490116149));
#6569 = CARTESIAN_POINT('',(4.068096424803,-2.330930486327));
#6570 = CARTESIAN_POINT('',(4.390114838567,-1.914865425599));
#6571 = CARTESIAN_POINT('',(4.634093815517,-1.449762614696));
#6572 = CARTESIAN_POINT('',(4.740357740986,-1.208422039322));
#6573 = CARTESIAN_POINT('',(4.825825629576,-0.958840132411));
#6574 = CARTESIAN_POINT('',(4.900257019858,-0.70676907212));
#6575 = CARTESIAN_POINT('',(4.958395757159,-0.450138786296));
#6576 = CARTESIAN_POINT('',(5.063395096129,0.122990993689));
#6577 = CARTESIAN_POINT('',(5.11429280712,0.703781098012));
#6578 = CARTESIAN_POINT('',(5.131187655146,1.023606367375));
#6579 = CARTESIAN_POINT('',(5.1286290436,1.343726491686));
#6580 = CARTESIAN_POINT('',(5.128795136064,1.663732994497));
#6581 = CARTESIAN_POINT('',(5.110104519284,1.983505735763));
#6582 = CARTESIAN_POINT('',(5.055583285858,2.562911120606));
#6583 = CARTESIAN_POINT('',(4.948279068326,3.134568785398));
#6584 = CARTESIAN_POINT('',(4.888744215838,3.389932993569));
#6585 = CARTESIAN_POINT('',(4.815433437689,3.640753832335));
#6586 = CARTESIAN_POINT('',(4.727864536101,3.889408879086));
#6587 = CARTESIAN_POINT('',(4.623830617881,4.129530905008));
#6588 = CARTESIAN_POINT('',(4.379813011653,4.595021004332));
#6589 = CARTESIAN_POINT('',(4.062953065597,5.012333054512));
#6590 = CARTESIAN_POINT('',(3.885127965031,5.209173747857));
#6591 = CARTESIAN_POINT('',(3.690599641602,5.382941343737));
#6592 = CARTESIAN_POINT('',(3.474111826845,5.541825764879));
#6593 = CARTESIAN_POINT('',(3.245376093033,5.669669444722));
#6594 = CARTESIAN_POINT('',(2.735237101282,5.895675314016));
#6595 = CARTESIAN_POINT('',(2.190256982431,6.012429888585));
#6596 = CARTESIAN_POINT('',(1.898710680282,6.05474898235));
#6597 = CARTESIAN_POINT('',(1.599597413008,6.048347358544));
#6598 = CARTESIAN_POINT('',(1.313497414325,6.062384147799));
#6599 = CARTESIAN_POINT('',(1.012971768567,6.030633980485));
#6600 = CARTESIAN_POINT('',(0.462590915073,5.920293217106));
#6601 = CARTESIAN_POINT('',(-4.224365217574E-02,5.653516053379));
#6602 = CARTESIAN_POINT('',(-0.24969706174,5.495182261808));
#6603 = CARTESIAN_POINT('',(-0.448971766349,5.263356587877));
#6604 = CARTESIAN_POINT('',(-0.573260287203,5.058194346587));
#6605 = CARTESIAN_POINT('',(-0.684989776801,4.785105270006));
#6606 = CARTESIAN_POINT('',(-0.753351588202,4.536491654233));
#6607 = CARTESIAN_POINT('',(-0.800302705831,4.271606151485));
#6608 = ( GEOMETRIC_REPRESENTATION_CONTEXT(2) 
PARAMETRIC_REPRESENTATION_CONTEXT() REPRESENTATION_CONTEXT('2D SPACE',''
  ) );
#6609 = ADVANCED_FACE('',(#6610),#6469,.F.);
#6610 = FACE_BOUND('',#6611,.F.);
#6611 = EDGE_LOOP('',(#6612,#6613,#6636,#6664));
#6612 = ORIENTED_EDGE('',*,*,#6453,.T.);
#6613 = ORIENTED_EDGE('',*,*,#6614,.T.);
#6614 = EDGE_CURVE('',#6323,#6615,#6617,.T.);
#6615 = VERTEX_POINT('',#6616);
#6616 = CARTESIAN_POINT('',(73.732584038343,11.329402300009,2.));
#6617 = SURFACE_CURVE('',#6618,(#6622,#6629),.PCURVE_S1.);
#6618 = LINE('',#6619,#6620);
#6619 = CARTESIAN_POINT('',(73.79218826196,11.369034588277,2.));
#6620 = VECTOR('',#6621,1.);
#6621 = DIRECTION('',(-0.83271938939,-0.553695239761,0.));
#6622 = PCURVE('',#6469,#6623);
#6623 = DEFINITIONAL_REPRESENTATION('',(#6624),#6628);
#6624 = LINE('',#6625,#6626);
#6625 = CARTESIAN_POINT('',(0.,-2.));
#6626 = VECTOR('',#6627,1.);
#6627 = DIRECTION('',(1.,0.));
#6628 = ( GEOMETRIC_REPRESENTATION_CONTEXT(2) 
PARAMETRIC_REPRESENTATION_CONTEXT() REPRESENTATION_CONTEXT('2D SPACE',''
  ) );
#6629 = PCURVE('',#5712,#6630);
#6630 = DEFINITIONAL_REPRESENTATION('',(#6631),#6635);
#6631 = LINE('',#6632,#6633);
#6632 = CARTESIAN_POINT('',(-0.800302705831,4.271606151485));
#6633 = VECTOR('',#6634,1.);
#6634 = DIRECTION('',(-0.83271938939,-0.553695239761));
#6635 = ( GEOMETRIC_REPRESENTATION_CONTEXT(2) 
PARAMETRIC_REPRESENTATION_CONTEXT() REPRESENTATION_CONTEXT('2D SPACE',''
  ) );
#6636 = ORIENTED_EDGE('',*,*,#6637,.F.);
#6637 = EDGE_CURVE('',#6638,#6615,#6640,.T.);
#6638 = VERTEX_POINT('',#6639);
#6639 = CARTESIAN_POINT('',(73.732584038343,11.329402300009,0.));
#6640 = SURFACE_CURVE('',#6641,(#6645,#6652),.PCURVE_S1.);
#6641 = LINE('',#6642,#6643);
#6642 = CARTESIAN_POINT('',(73.732584038343,11.329402300009,0.));
#6643 = VECTOR('',#6644,1.);
#6644 = DIRECTION('',(0.,0.,1.));
#6645 = PCURVE('',#6469,#6646);
#6646 = DEFINITIONAL_REPRESENTATION('',(#6647),#6651);
#6647 = LINE('',#6648,#6649);
#6648 = CARTESIAN_POINT('',(7.157780205038E-02,0.));
#6649 = VECTOR('',#6650,1.);
#6650 = DIRECTION('',(0.,-1.));
#6651 = ( GEOMETRIC_REPRESENTATION_CONTEXT(2) 
PARAMETRIC_REPRESENTATION_CONTEXT() REPRESENTATION_CONTEXT('2D SPACE',''
  ) );
#6652 = PCURVE('',#6653,#6658);
#6653 = PLANE('',#6654);
#6654 = AXIS2_PLACEMENT_3D('',#6655,#6656,#6657);
#6655 = CARTESIAN_POINT('',(73.732584038343,11.329402300009,0.));
#6656 = DIRECTION('',(0.,-1.,0.));
#6657 = DIRECTION('',(-1.,0.,0.));
#6658 = DEFINITIONAL_REPRESENTATION('',(#6659),#6663);
#6659 = LINE('',#6660,#6661);
#6660 = CARTESIAN_POINT('',(0.,-0.));
#6661 = VECTOR('',#6662,1.);
#6662 = DIRECTION('',(0.,-1.));
#6663 = ( GEOMETRIC_REPRESENTATION_CONTEXT(2) 
PARAMETRIC_REPRESENTATION_CONTEXT() REPRESENTATION_CONTEXT('2D SPACE',''
  ) );
#6664 = ORIENTED_EDGE('',*,*,#6665,.F.);
#6665 = EDGE_CURVE('',#6454,#6638,#6666,.T.);
#6666 = SURFACE_CURVE('',#6667,(#6671,#6678),.PCURVE_S1.);
#6667 = LINE('',#6668,#6669);
#6668 = CARTESIAN_POINT('',(73.79218826196,11.369034588277,0.));
#6669 = VECTOR('',#6670,1.);
#6670 = DIRECTION('',(-0.83271938939,-0.553695239761,0.));
#6671 = PCURVE('',#6469,#6672);
#6672 = DEFINITIONAL_REPRESENTATION('',(#6673),#6677);
#6673 = LINE('',#6674,#6675);
#6674 = CARTESIAN_POINT('',(0.,0.));
#6675 = VECTOR('',#6676,1.);
#6676 = DIRECTION('',(1.,0.));
#6677 = ( GEOMETRIC_REPRESENTATION_CONTEXT(2) 
PARAMETRIC_REPRESENTATION_CONTEXT() REPRESENTATION_CONTEXT('2D SPACE',''
  ) );
#6678 = PCURVE('',#5794,#6679);
#6679 = DEFINITIONAL_REPRESENTATION('',(#6680),#6684);
#6680 = LINE('',#6681,#6682);
#6681 = CARTESIAN_POINT('',(-0.800302705831,4.271606151485));
#6682 = VECTOR('',#6683,1.);
#6683 = DIRECTION('',(-0.83271938939,-0.553695239761));
#6684 = ( GEOMETRIC_REPRESENTATION_CONTEXT(2) 
PARAMETRIC_REPRESENTATION_CONTEXT() REPRESENTATION_CONTEXT('2D SPACE',''
  ) );
#6685 = ADVANCED_FACE('',(#6686),#6653,.F.);
#6686 = FACE_BOUND('',#6687,.F.);
#6687 = EDGE_LOOP('',(#6688,#6689,#6712,#6735));
#6688 = ORIENTED_EDGE('',*,*,#6637,.T.);
#6689 = ORIENTED_EDGE('',*,*,#6690,.T.);
#6690 = EDGE_CURVE('',#6615,#6691,#6693,.T.);
#6691 = VERTEX_POINT('',#6692);
#6692 = CARTESIAN_POINT('',(73.641576406515,11.329402300009,2.));
#6693 = SURFACE_CURVE('',#6694,(#6698,#6705),.PCURVE_S1.);
#6694 = LINE('',#6695,#6696);
#6695 = CARTESIAN_POINT('',(73.732584038343,11.329402300009,2.));
#6696 = VECTOR('',#6697,1.);
#6697 = DIRECTION('',(-1.,0.,0.));
#6698 = PCURVE('',#6653,#6699);
#6699 = DEFINITIONAL_REPRESENTATION('',(#6700),#6704);
#6700 = LINE('',#6701,#6702);
#6701 = CARTESIAN_POINT('',(0.,-2.));
#6702 = VECTOR('',#6703,1.);
#6703 = DIRECTION('',(1.,0.));
#6704 = ( GEOMETRIC_REPRESENTATION_CONTEXT(2) 
PARAMETRIC_REPRESENTATION_CONTEXT() REPRESENTATION_CONTEXT('2D SPACE',''
  ) );
#6705 = PCURVE('',#5712,#6706);
#6706 = DEFINITIONAL_REPRESENTATION('',(#6707),#6711);
#6707 = LINE('',#6708,#6709);
#6708 = CARTESIAN_POINT('',(-0.859906929448,4.231973863218));
#6709 = VECTOR('',#6710,1.);
#6710 = DIRECTION('',(-1.,0.));
#6711 = ( GEOMETRIC_REPRESENTATION_CONTEXT(2) 
PARAMETRIC_REPRESENTATION_CONTEXT() REPRESENTATION_CONTEXT('2D SPACE',''
  ) );
#6712 = ORIENTED_EDGE('',*,*,#6713,.F.);
#6713 = EDGE_CURVE('',#6714,#6691,#6716,.T.);
#6714 = VERTEX_POINT('',#6715);
#6715 = CARTESIAN_POINT('',(73.641576406515,11.329402300009,0.));
#6716 = SURFACE_CURVE('',#6717,(#6721,#6728),.PCURVE_S1.);
#6717 = LINE('',#6718,#6719);
#6718 = CARTESIAN_POINT('',(73.641576406515,11.329402300009,0.));
#6719 = VECTOR('',#6720,1.);
#6720 = DIRECTION('',(0.,0.,1.));
#6721 = PCURVE('',#6653,#6722);
#6722 = DEFINITIONAL_REPRESENTATION('',(#6723),#6727);
#6723 = LINE('',#6724,#6725);
#6724 = CARTESIAN_POINT('',(9.100763182727E-02,0.));
#6725 = VECTOR('',#6726,1.);
#6726 = DIRECTION('',(0.,-1.));
#6727 = ( GEOMETRIC_REPRESENTATION_CONTEXT(2) 
PARAMETRIC_REPRESENTATION_CONTEXT() REPRESENTATION_CONTEXT('2D SPACE',''
  ) );
#6728 = PCURVE('',#5680,#6729);
#6729 = DEFINITIONAL_REPRESENTATION('',(#6730),#6734);
#6730 = LINE('',#6731,#6732);
#6731 = CARTESIAN_POINT('',(0.,0.));
#6732 = VECTOR('',#6733,1.);
#6733 = DIRECTION('',(0.,-1.));
#6734 = ( GEOMETRIC_REPRESENTATION_CONTEXT(2) 
PARAMETRIC_REPRESENTATION_CONTEXT() REPRESENTATION_CONTEXT('2D SPACE',''
  ) );
#6735 = ORIENTED_EDGE('',*,*,#6736,.F.);
#6736 = EDGE_CURVE('',#6638,#6714,#6737,.T.);
#6737 = SURFACE_CURVE('',#6738,(#6742,#6749),.PCURVE_S1.);
#6738 = LINE('',#6739,#6740);
#6739 = CARTESIAN_POINT('',(73.732584038343,11.329402300009,0.));
#6740 = VECTOR('',#6741,1.);
#6741 = DIRECTION('',(-1.,0.,0.));
#6742 = PCURVE('',#6653,#6743);
#6743 = DEFINITIONAL_REPRESENTATION('',(#6744),#6748);
#6744 = LINE('',#6745,#6746);
#6745 = CARTESIAN_POINT('',(0.,-0.));
#6746 = VECTOR('',#6747,1.);
#6747 = DIRECTION('',(1.,0.));
#6748 = ( GEOMETRIC_REPRESENTATION_CONTEXT(2) 
PARAMETRIC_REPRESENTATION_CONTEXT() REPRESENTATION_CONTEXT('2D SPACE',''
  ) );
#6749 = PCURVE('',#5794,#6750);
#6750 = DEFINITIONAL_REPRESENTATION('',(#6751),#6755);
#6751 = LINE('',#6752,#6753);
#6752 = CARTESIAN_POINT('',(-0.859906929448,4.231973863218));
#6753 = VECTOR('',#6754,1.);
#6754 = DIRECTION('',(-1.,0.));
#6755 = ( GEOMETRIC_REPRESENTATION_CONTEXT(2) 
PARAMETRIC_REPRESENTATION_CONTEXT() REPRESENTATION_CONTEXT('2D SPACE',''
  ) );
#6756 = ADVANCED_FACE('',(#6757),#5680,.F.);
#6757 = FACE_BOUND('',#6758,.F.);
#6758 = EDGE_LOOP('',(#6759,#6760,#6781,#6782));
#6759 = ORIENTED_EDGE('',*,*,#6713,.T.);
#6760 = ORIENTED_EDGE('',*,*,#6761,.T.);
#6761 = EDGE_CURVE('',#6691,#5654,#6762,.T.);
#6762 = SURFACE_CURVE('',#6763,(#6767,#6774),.PCURVE_S1.);
#6763 = LINE('',#6764,#6765);
#6764 = CARTESIAN_POINT('',(73.641576406515,11.329402300009,2.));
#6765 = VECTOR('',#6766,1.);
#6766 = DIRECTION('',(-8.893383393588E-02,0.99603753603,0.));
#6767 = PCURVE('',#5680,#6768);
#6768 = DEFINITIONAL_REPRESENTATION('',(#6769),#6773);
#6769 = LINE('',#6770,#6771);
#6770 = CARTESIAN_POINT('',(0.,-2.));
#6771 = VECTOR('',#6772,1.);
#6772 = DIRECTION('',(1.,0.));
#6773 = ( GEOMETRIC_REPRESENTATION_CONTEXT(2) 
PARAMETRIC_REPRESENTATION_CONTEXT() REPRESENTATION_CONTEXT('2D SPACE',''
  ) );
#6774 = PCURVE('',#5712,#6775);
#6775 = DEFINITIONAL_REPRESENTATION('',(#6776),#6780);
#6776 = LINE('',#6777,#6778);
#6777 = CARTESIAN_POINT('',(-0.950914561275,4.231973863218));
#6778 = VECTOR('',#6779,1.);
#6779 = DIRECTION('',(-8.893383393588E-02,0.99603753603));
#6780 = ( GEOMETRIC_REPRESENTATION_CONTEXT(2) 
PARAMETRIC_REPRESENTATION_CONTEXT() REPRESENTATION_CONTEXT('2D SPACE',''
  ) );
#6781 = ORIENTED_EDGE('',*,*,#5651,.F.);
#6782 = ORIENTED_EDGE('',*,*,#6783,.F.);
#6783 = EDGE_CURVE('',#6714,#5652,#6784,.T.);
#6784 = SURFACE_CURVE('',#6785,(#6789,#6796),.PCURVE_S1.);
#6785 = LINE('',#6786,#6787);
#6786 = CARTESIAN_POINT('',(73.641576406515,11.329402300009,0.));
#6787 = VECTOR('',#6788,1.);
#6788 = DIRECTION('',(-8.893383393588E-02,0.99603753603,0.));
#6789 = PCURVE('',#5680,#6790);
#6790 = DEFINITIONAL_REPRESENTATION('',(#6791),#6795);
#6791 = LINE('',#6792,#6793);
#6792 = CARTESIAN_POINT('',(0.,0.));
#6793 = VECTOR('',#6794,1.);
#6794 = DIRECTION('',(1.,0.));
#6795 = ( GEOMETRIC_REPRESENTATION_CONTEXT(2) 
PARAMETRIC_REPRESENTATION_CONTEXT() REPRESENTATION_CONTEXT('2D SPACE',''
  ) );
#6796 = PCURVE('',#5794,#6797);
#6797 = DEFINITIONAL_REPRESENTATION('',(#6798),#6802);
#6798 = LINE('',#6799,#6800);
#6799 = CARTESIAN_POINT('',(-0.950914561275,4.231973863218));
#6800 = VECTOR('',#6801,1.);
#6801 = DIRECTION('',(-8.893383393588E-02,0.99603753603));
#6802 = ( GEOMETRIC_REPRESENTATION_CONTEXT(2) 
PARAMETRIC_REPRESENTATION_CONTEXT() REPRESENTATION_CONTEXT('2D SPACE',''
  ) );
#6803 = ADVANCED_FACE('',(#6804),#6818,.F.);
#6804 = FACE_BOUND('',#6805,.F.);
#6805 = EDGE_LOOP('',(#6806,#6861,#6884,#6907));
#6806 = ORIENTED_EDGE('',*,*,#6807,.T.);
#6807 = EDGE_CURVE('',#6808,#6810,#6812,.T.);
#6808 = VERTEX_POINT('',#6809);
#6809 = CARTESIAN_POINT('',(73.665971181501,8.304129141679,0.));
#6810 = VERTEX_POINT('',#6811);
#6811 = CARTESIAN_POINT('',(73.665971181501,8.304129141679,2.));
#6812 = SURFACE_CURVE('',#6813,(#6817,#6829),.PCURVE_S1.);
#6813 = LINE('',#6814,#6815);
#6814 = CARTESIAN_POINT('',(73.665971181501,8.304129141679,0.));
#6815 = VECTOR('',#6816,1.);
#6816 = DIRECTION('',(0.,0.,1.));
#6817 = PCURVE('',#6818,#6823);
#6818 = PLANE('',#6819);
#6819 = AXIS2_PLACEMENT_3D('',#6820,#6821,#6822);
#6820 = CARTESIAN_POINT('',(73.665971181501,8.304129141679,0.));
#6821 = DIRECTION('',(0.96476357154,-0.26311832135,0.));
#6822 = DIRECTION('',(-0.26311832135,-0.96476357154,0.));
#6823 = DEFINITIONAL_REPRESENTATION('',(#6824),#6828);
#6824 = LINE('',#6825,#6826);
#6825 = CARTESIAN_POINT('',(0.,0.));
#6826 = VECTOR('',#6827,1.);
#6827 = DIRECTION('',(0.,-1.));
#6828 = ( GEOMETRIC_REPRESENTATION_CONTEXT(2) 
PARAMETRIC_REPRESENTATION_CONTEXT() REPRESENTATION_CONTEXT('2D SPACE',''
  ) );
#6829 = PCURVE('',#6830,#6855);
#6830 = SURFACE_OF_LINEAR_EXTRUSION('',#6831,#6853);
#6831 = B_SPLINE_CURVE_WITH_KNOTS('',8,(#6832,#6833,#6834,#6835,#6836,
    #6837,#6838,#6839,#6840,#6841,#6842,#6843,#6844,#6845,#6846,#6847,
    #6848,#6849,#6850,#6851,#6852),.UNSPECIFIED.,.F.,.F.,(9,6,6,9),(0.,
    0.333065607855,0.666038384617,1.),.UNSPECIFIED.);
#6832 = CARTESIAN_POINT('',(73.665959229995,8.304085319654,0.));
#6833 = CARTESIAN_POINT('',(73.665755251113,8.890660600604,0.));
#6834 = CARTESIAN_POINT('',(73.629087383019,9.876621794794,0.));
#6835 = CARTESIAN_POINT('',(73.955857973083,9.571923425148,0.));
#6836 = CARTESIAN_POINT('',(73.676323951793,11.731988645963,0.));
#6837 = CARTESIAN_POINT('',(74.986732803645,10.979293984947,0.));
#6838 = CARTESIAN_POINT('',(75.422267288468,11.421635380687,0.));
#6839 = CARTESIAN_POINT('',(76.895428890102,11.137906935151,0.));
#6840 = CARTESIAN_POINT('',(77.516957914934,9.877346998488,0.));
#6841 = CARTESIAN_POINT('',(77.671746004503,9.252037612131,0.));
#6842 = CARTESIAN_POINT('',(77.53153120849,8.458658326504,0.));
#6843 = CARTESIAN_POINT('',(77.703561381224,8.059190064469,0.));
#6844 = CARTESIAN_POINT('',(77.55682149656,7.204630052073,0.));
#6845 = CARTESIAN_POINT('',(77.181640035198,6.038096659513,0.));
#6846 = CARTESIAN_POINT('',(75.680360395897,5.348079139002,0.));
#6847 = CARTESIAN_POINT('',(75.361746115332,6.145516057166,0.));
#6848 = CARTESIAN_POINT('',(73.932939291814,4.764080324344,0.));
#6849 = CARTESIAN_POINT('',(73.907642307903,6.863015936667,0.));
#6850 = CARTESIAN_POINT('',(73.738433257446,6.88685341813,0.));
#6851 = CARTESIAN_POINT('',(73.663997308981,7.670314632772,0.));
#6852 = CARTESIAN_POINT('',(73.665971181501,8.304129141679,0.));
#6853 = VECTOR('',#6854,1.);
#6854 = DIRECTION('',(-0.,-0.,-1.));
#6855 = DEFINITIONAL_REPRESENTATION('',(#6856),#6860);
#6856 = LINE('',#6857,#6858);
#6857 = CARTESIAN_POINT('',(1.,0.));
#6858 = VECTOR('',#6859,1.);
#6859 = DIRECTION('',(0.,-1.));
#6860 = ( GEOMETRIC_REPRESENTATION_CONTEXT(2) 
PARAMETRIC_REPRESENTATION_CONTEXT() REPRESENTATION_CONTEXT('2D SPACE',''
  ) );
#6861 = ORIENTED_EDGE('',*,*,#6862,.T.);
#6862 = EDGE_CURVE('',#6810,#6863,#6865,.T.);
#6863 = VERTEX_POINT('',#6864);
#6864 = CARTESIAN_POINT('',(73.665959229995,8.304085319654,2.));
#6865 = SURFACE_CURVE('',#6866,(#6870,#6877),.PCURVE_S1.);
#6866 = LINE('',#6867,#6868);
#6867 = CARTESIAN_POINT('',(73.665971181501,8.304129141679,2.));
#6868 = VECTOR('',#6869,1.);
#6869 = DIRECTION('',(-0.26311832135,-0.96476357154,0.));
#6870 = PCURVE('',#6818,#6871);
#6871 = DEFINITIONAL_REPRESENTATION('',(#6872),#6876);
#6872 = LINE('',#6873,#6874);
#6873 = CARTESIAN_POINT('',(0.,-2.));
#6874 = VECTOR('',#6875,1.);
#6875 = DIRECTION('',(1.,0.));
#6876 = ( GEOMETRIC_REPRESENTATION_CONTEXT(2) 
PARAMETRIC_REPRESENTATION_CONTEXT() REPRESENTATION_CONTEXT('2D SPACE',''
  ) );
#6877 = PCURVE('',#5712,#6878);
#6878 = DEFINITIONAL_REPRESENTATION('',(#6879),#6883);
#6879 = LINE('',#6880,#6881);
#6880 = CARTESIAN_POINT('',(-0.92651978629,1.206700704887));
#6881 = VECTOR('',#6882,1.);
#6882 = DIRECTION('',(-0.26311832135,-0.96476357154));
#6883 = ( GEOMETRIC_REPRESENTATION_CONTEXT(2) 
PARAMETRIC_REPRESENTATION_CONTEXT() REPRESENTATION_CONTEXT('2D SPACE',''
  ) );
#6884 = ORIENTED_EDGE('',*,*,#6885,.F.);
#6885 = EDGE_CURVE('',#6886,#6863,#6888,.T.);
#6886 = VERTEX_POINT('',#6887);
#6887 = CARTESIAN_POINT('',(73.665959229995,8.304085319654,0.));
#6888 = SURFACE_CURVE('',#6889,(#6893,#6900),.PCURVE_S1.);
#6889 = LINE('',#6890,#6891);
#6890 = CARTESIAN_POINT('',(73.665959229995,8.304085319654,0.));
#6891 = VECTOR('',#6892,1.);
#6892 = DIRECTION('',(0.,0.,1.));
#6893 = PCURVE('',#6818,#6894);
#6894 = DEFINITIONAL_REPRESENTATION('',(#6895),#6899);
#6895 = LINE('',#6896,#6897);
#6896 = CARTESIAN_POINT('',(4.542255278458E-05,0.));
#6897 = VECTOR('',#6898,1.);
#6898 = DIRECTION('',(0.,-1.));
#6899 = ( GEOMETRIC_REPRESENTATION_CONTEXT(2) 
PARAMETRIC_REPRESENTATION_CONTEXT() REPRESENTATION_CONTEXT('2D SPACE',''
  ) );
#6900 = PCURVE('',#6830,#6901);
#6901 = DEFINITIONAL_REPRESENTATION('',(#6902),#6906);
#6902 = LINE('',#6903,#6904);
#6903 = CARTESIAN_POINT('',(0.,0.));
#6904 = VECTOR('',#6905,1.);
#6905 = DIRECTION('',(0.,-1.));
#6906 = ( GEOMETRIC_REPRESENTATION_CONTEXT(2) 
PARAMETRIC_REPRESENTATION_CONTEXT() REPRESENTATION_CONTEXT('2D SPACE',''
  ) );
#6907 = ORIENTED_EDGE('',*,*,#6908,.F.);
#6908 = EDGE_CURVE('',#6808,#6886,#6909,.T.);
#6909 = SURFACE_CURVE('',#6910,(#6914,#6921),.PCURVE_S1.);
#6910 = LINE('',#6911,#6912);
#6911 = CARTESIAN_POINT('',(73.665971181501,8.304129141679,0.));
#6912 = VECTOR('',#6913,1.);
#6913 = DIRECTION('',(-0.26311832135,-0.96476357154,0.));
#6914 = PCURVE('',#6818,#6915);
#6915 = DEFINITIONAL_REPRESENTATION('',(#6916),#6920);
#6916 = LINE('',#6917,#6918);
#6917 = CARTESIAN_POINT('',(0.,0.));
#6918 = VECTOR('',#6919,1.);
#6919 = DIRECTION('',(1.,0.));
#6920 = ( GEOMETRIC_REPRESENTATION_CONTEXT(2) 
PARAMETRIC_REPRESENTATION_CONTEXT() REPRESENTATION_CONTEXT('2D SPACE',''
  ) );
#6921 = PCURVE('',#5794,#6922);
#6922 = DEFINITIONAL_REPRESENTATION('',(#6923),#6927);
#6923 = LINE('',#6924,#6925);
#6924 = CARTESIAN_POINT('',(-0.92651978629,1.206700704887));
#6925 = VECTOR('',#6926,1.);
#6926 = DIRECTION('',(-0.26311832135,-0.96476357154));
#6927 = ( GEOMETRIC_REPRESENTATION_CONTEXT(2) 
PARAMETRIC_REPRESENTATION_CONTEXT() REPRESENTATION_CONTEXT('2D SPACE',''
  ) );
#6928 = ADVANCED_FACE('',(#6929),#6830,.F.);
#6929 = FACE_BOUND('',#6930,.F.);
#6930 = EDGE_LOOP('',(#6931,#6932,#6989,#6990));
#6931 = ORIENTED_EDGE('',*,*,#6885,.T.);
#6932 = ORIENTED_EDGE('',*,*,#6933,.T.);
#6933 = EDGE_CURVE('',#6863,#6810,#6934,.T.);
#6934 = SURFACE_CURVE('',#6935,(#6957,#6964),.PCURVE_S1.);
#6935 = B_SPLINE_CURVE_WITH_KNOTS('',8,(#6936,#6937,#6938,#6939,#6940,
    #6941,#6942,#6943,#6944,#6945,#6946,#6947,#6948,#6949,#6950,#6951,
    #6952,#6953,#6954,#6955,#6956),.UNSPECIFIED.,.F.,.F.,(9,6,6,9),(0.,
    0.333065607855,0.666038384617,1.),.UNSPECIFIED.);
#6936 = CARTESIAN_POINT('',(73.665959229995,8.304085319654,2.));
#6937 = CARTESIAN_POINT('',(73.665755251113,8.890660600604,2.));
#6938 = CARTESIAN_POINT('',(73.629087383019,9.876621794794,2.));
#6939 = CARTESIAN_POINT('',(73.955857973083,9.571923425148,2.));
#6940 = CARTESIAN_POINT('',(73.676323951793,11.731988645963,2.));
#6941 = CARTESIAN_POINT('',(74.986732803645,10.979293984947,2.));
#6942 = CARTESIAN_POINT('',(75.422267288468,11.421635380687,2.));
#6943 = CARTESIAN_POINT('',(76.895428890102,11.137906935151,2.));
#6944 = CARTESIAN_POINT('',(77.516957914934,9.877346998488,2.));
#6945 = CARTESIAN_POINT('',(77.671746004503,9.252037612131,2.));
#6946 = CARTESIAN_POINT('',(77.53153120849,8.458658326504,2.));
#6947 = CARTESIAN_POINT('',(77.703561381224,8.059190064469,2.));
#6948 = CARTESIAN_POINT('',(77.55682149656,7.204630052073,2.));
#6949 = CARTESIAN_POINT('',(77.181640035198,6.038096659513,2.));
#6950 = CARTESIAN_POINT('',(75.680360395897,5.348079139002,2.));
#6951 = CARTESIAN_POINT('',(75.361746115332,6.145516057166,2.));
#6952 = CARTESIAN_POINT('',(73.932939291814,4.764080324344,2.));
#6953 = CARTESIAN_POINT('',(73.907642307903,6.863015936667,2.));
#6954 = CARTESIAN_POINT('',(73.738433257446,6.88685341813,2.));
#6955 = CARTESIAN_POINT('',(73.663997308981,7.670314632772,2.));
#6956 = CARTESIAN_POINT('',(73.665971181501,8.304129141679,2.));
#6957 = PCURVE('',#6830,#6958);
#6958 = DEFINITIONAL_REPRESENTATION('',(#6959),#6963);
#6959 = LINE('',#6960,#6961);
#6960 = CARTESIAN_POINT('',(0.,-2.));
#6961 = VECTOR('',#6962,1.);
#6962 = DIRECTION('',(1.,0.));
#6963 = ( GEOMETRIC_REPRESENTATION_CONTEXT(2) 
PARAMETRIC_REPRESENTATION_CONTEXT() REPRESENTATION_CONTEXT('2D SPACE',''
  ) );
#6964 = PCURVE('',#5712,#6965);
#6965 = DEFINITIONAL_REPRESENTATION('',(#6966),#6988);
#6966 = B_SPLINE_CURVE_WITH_KNOTS('',8,(#6967,#6968,#6969,#6970,#6971,
    #6972,#6973,#6974,#6975,#6976,#6977,#6978,#6979,#6980,#6981,#6982,
    #6983,#6984,#6985,#6986,#6987),.UNSPECIFIED.,.F.,.F.,(9,6,6,9),(0.,
    0.333065607855,0.666038384617,1.),.UNSPECIFIED.);
#6967 = CARTESIAN_POINT('',(-0.926531737795,1.206656882863));
#6968 = CARTESIAN_POINT('',(-0.926735716678,1.793232163813));
#6969 = CARTESIAN_POINT('',(-0.963403584772,2.779193358003));
#6970 = CARTESIAN_POINT('',(-0.636632994708,2.474494988357));
#6971 = CARTESIAN_POINT('',(-0.916167015998,4.634560209172));
#6972 = CARTESIAN_POINT('',(0.394241835854,3.881865548155));
#6973 = CARTESIAN_POINT('',(0.829776320677,4.324206943895));
#6974 = CARTESIAN_POINT('',(2.302937922312,4.04047849836));
#6975 = CARTESIAN_POINT('',(2.924466947144,2.779918561697));
#6976 = CARTESIAN_POINT('',(3.079255036712,2.154609175339));
#6977 = CARTESIAN_POINT('',(2.939040240699,1.361229889712));
#6978 = CARTESIAN_POINT('',(3.111070413433,0.961761627677));
#6979 = CARTESIAN_POINT('',(2.96433052877,0.107201615282));
#6980 = CARTESIAN_POINT('',(2.589149067407,-1.059331777278));
#6981 = CARTESIAN_POINT('',(1.087869428106,-1.74934929779));
#6982 = CARTESIAN_POINT('',(0.769255147541,-0.951912379625));
#6983 = CARTESIAN_POINT('',(-0.659551675977,-2.333348112447));
#6984 = CARTESIAN_POINT('',(-0.684848659887,-0.234412500124));
#6985 = CARTESIAN_POINT('',(-0.854057710345,-0.210575018662));
#6986 = CARTESIAN_POINT('',(-0.92849365881,0.57288619598));
#6987 = CARTESIAN_POINT('',(-0.92651978629,1.206700704887));
#6988 = ( GEOMETRIC_REPRESENTATION_CONTEXT(2) 
PARAMETRIC_REPRESENTATION_CONTEXT() REPRESENTATION_CONTEXT('2D SPACE',''
  ) );
#6989 = ORIENTED_EDGE('',*,*,#6807,.F.);
#6990 = ORIENTED_EDGE('',*,*,#6991,.F.);
#6991 = EDGE_CURVE('',#6886,#6808,#6992,.T.);
#6992 = SURFACE_CURVE('',#6993,(#7015,#7022),.PCURVE_S1.);
#6993 = B_SPLINE_CURVE_WITH_KNOTS('',8,(#6994,#6995,#6996,#6997,#6998,
    #6999,#7000,#7001,#7002,#7003,#7004,#7005,#7006,#7007,#7008,#7009,
    #7010,#7011,#7012,#7013,#7014),.UNSPECIFIED.,.F.,.F.,(9,6,6,9),(0.,
    0.333065607855,0.666038384617,1.),.UNSPECIFIED.);
#6994 = CARTESIAN_POINT('',(73.665959229995,8.304085319654,0.));
#6995 = CARTESIAN_POINT('',(73.665755251113,8.890660600604,0.));
#6996 = CARTESIAN_POINT('',(73.629087383019,9.876621794794,0.));
#6997 = CARTESIAN_POINT('',(73.955857973083,9.571923425148,0.));
#6998 = CARTESIAN_POINT('',(73.676323951793,11.731988645963,0.));
#6999 = CARTESIAN_POINT('',(74.986732803645,10.979293984947,0.));
#7000 = CARTESIAN_POINT('',(75.422267288468,11.421635380687,0.));
#7001 = CARTESIAN_POINT('',(76.895428890102,11.137906935151,0.));
#7002 = CARTESIAN_POINT('',(77.516957914934,9.877346998488,0.));
#7003 = CARTESIAN_POINT('',(77.671746004503,9.252037612131,0.));
#7004 = CARTESIAN_POINT('',(77.53153120849,8.458658326504,0.));
#7005 = CARTESIAN_POINT('',(77.703561381224,8.059190064469,0.));
#7006 = CARTESIAN_POINT('',(77.55682149656,7.204630052073,0.));
#7007 = CARTESIAN_POINT('',(77.181640035198,6.038096659513,0.));
#7008 = CARTESIAN_POINT('',(75.680360395897,5.348079139002,0.));
#7009 = CARTESIAN_POINT('',(75.361746115332,6.145516057166,0.));
#7010 = CARTESIAN_POINT('',(73.932939291814,4.764080324344,0.));
#7011 = CARTESIAN_POINT('',(73.907642307903,6.863015936667,0.));
#7012 = CARTESIAN_POINT('',(73.738433257446,6.88685341813,0.));
#7013 = CARTESIAN_POINT('',(73.663997308981,7.670314632772,0.));
#7014 = CARTESIAN_POINT('',(73.665971181501,8.304129141679,0.));
#7015 = PCURVE('',#6830,#7016);
#7016 = DEFINITIONAL_REPRESENTATION('',(#7017),#7021);
#7017 = LINE('',#7018,#7019);
#7018 = CARTESIAN_POINT('',(0.,0.));
#7019 = VECTOR('',#7020,1.);
#7020 = DIRECTION('',(1.,0.));
#7021 = ( GEOMETRIC_REPRESENTATION_CONTEXT(2) 
PARAMETRIC_REPRESENTATION_CONTEXT() REPRESENTATION_CONTEXT('2D SPACE',''
  ) );
#7022 = PCURVE('',#5794,#7023);
#7023 = DEFINITIONAL_REPRESENTATION('',(#7024),#7046);
#7024 = B_SPLINE_CURVE_WITH_KNOTS('',8,(#7025,#7026,#7027,#7028,#7029,
    #7030,#7031,#7032,#7033,#7034,#7035,#7036,#7037,#7038,#7039,#7040,
    #7041,#7042,#7043,#7044,#7045),.UNSPECIFIED.,.F.,.F.,(9,6,6,9),(0.,
    0.333065607855,0.666038384617,1.),.UNSPECIFIED.);
#7025 = CARTESIAN_POINT('',(-0.926531737795,1.206656882863));
#7026 = CARTESIAN_POINT('',(-0.926735716678,1.793232163813));
#7027 = CARTESIAN_POINT('',(-0.963403584772,2.779193358003));
#7028 = CARTESIAN_POINT('',(-0.636632994708,2.474494988357));
#7029 = CARTESIAN_POINT('',(-0.916167015998,4.634560209172));
#7030 = CARTESIAN_POINT('',(0.394241835854,3.881865548155));
#7031 = CARTESIAN_POINT('',(0.829776320677,4.324206943895));
#7032 = CARTESIAN_POINT('',(2.302937922312,4.04047849836));
#7033 = CARTESIAN_POINT('',(2.924466947144,2.779918561697));
#7034 = CARTESIAN_POINT('',(3.079255036712,2.154609175339));
#7035 = CARTESIAN_POINT('',(2.939040240699,1.361229889712));
#7036 = CARTESIAN_POINT('',(3.111070413433,0.961761627677));
#7037 = CARTESIAN_POINT('',(2.96433052877,0.107201615282));
#7038 = CARTESIAN_POINT('',(2.589149067407,-1.059331777278));
#7039 = CARTESIAN_POINT('',(1.087869428106,-1.74934929779));
#7040 = CARTESIAN_POINT('',(0.769255147541,-0.951912379625));
#7041 = CARTESIAN_POINT('',(-0.659551675977,-2.333348112447));
#7042 = CARTESIAN_POINT('',(-0.684848659887,-0.234412500124));
#7043 = CARTESIAN_POINT('',(-0.854057710345,-0.210575018662));
#7044 = CARTESIAN_POINT('',(-0.92849365881,0.57288619598));
#7045 = CARTESIAN_POINT('',(-0.92651978629,1.206700704887));
#7046 = ( GEOMETRIC_REPRESENTATION_CONTEXT(2) 
PARAMETRIC_REPRESENTATION_CONTEXT() REPRESENTATION_CONTEXT('2D SPACE',''
  ) );
#7047 = ADVANCED_FACE('',(#7048,#7060),#5794,.F.);
#7048 = FACE_BOUND('',#7049,.F.);
#7049 = EDGE_LOOP('',(#7050,#7051,#7052,#7053,#7054,#7055,#7056,#7057,
    #7058,#7059));
#7050 = ORIENTED_EDGE('',*,*,#5776,.T.);
#7051 = ORIENTED_EDGE('',*,*,#5901,.T.);
#7052 = ORIENTED_EDGE('',*,*,#6013,.T.);
#7053 = ORIENTED_EDGE('',*,*,#6089,.T.);
#7054 = ORIENTED_EDGE('',*,*,#6165,.T.);
#7055 = ORIENTED_EDGE('',*,*,#6297,.T.);
#7056 = ORIENTED_EDGE('',*,*,#6481,.T.);
#7057 = ORIENTED_EDGE('',*,*,#6665,.T.);
#7058 = ORIENTED_EDGE('',*,*,#6736,.T.);
#7059 = ORIENTED_EDGE('',*,*,#6783,.T.);
#7060 = FACE_BOUND('',#7061,.F.);
#7061 = EDGE_LOOP('',(#7062,#7063));
#7062 = ORIENTED_EDGE('',*,*,#6908,.T.);
#7063 = ORIENTED_EDGE('',*,*,#6991,.T.);
#7064 = ADVANCED_FACE('',(#7065,#7077),#5712,.T.);
#7065 = FACE_BOUND('',#7066,.T.);
#7066 = EDGE_LOOP('',(#7067,#7068,#7069,#7070,#7071,#7072,#7073,#7074,
    #7075,#7076));
#7067 = ORIENTED_EDGE('',*,*,#5692,.T.);
#7068 = ORIENTED_EDGE('',*,*,#5814,.T.);
#7069 = ORIENTED_EDGE('',*,*,#5962,.T.);
#7070 = ORIENTED_EDGE('',*,*,#6038,.T.);
#7071 = ORIENTED_EDGE('',*,*,#6114,.T.);
#7072 = ORIENTED_EDGE('',*,*,#6190,.T.);
#7073 = ORIENTED_EDGE('',*,*,#6322,.T.);
#7074 = ORIENTED_EDGE('',*,*,#6614,.T.);
#7075 = ORIENTED_EDGE('',*,*,#6690,.T.);
#7076 = ORIENTED_EDGE('',*,*,#6761,.T.);
#7077 = FACE_BOUND('',#7078,.T.);
#7078 = EDGE_LOOP('',(#7079,#7080));
#7079 = ORIENTED_EDGE('',*,*,#6862,.T.);
#7080 = ORIENTED_EDGE('',*,*,#6933,.T.);
#7081 = MANIFOLD_SOLID_BREP('',#7082);
#7082 = CLOSED_SHELL('',(#7083,#7283,#7445,#7857,#7928,#8287,#8295));
#7083 = ADVANCED_FACE('',(#7084),#7098,.F.);
#7084 = FACE_BOUND('',#7085,.F.);
#7085 = EDGE_LOOP('',(#7086,#7201,#7229,#7257));
#7086 = ORIENTED_EDGE('',*,*,#7087,.T.);
#7087 = EDGE_CURVE('',#7088,#7090,#7092,.T.);
#7088 = VERTEX_POINT('',#7089);
#7089 = CARTESIAN_POINT('',(67.707054792842,13.134268813225,0.));
#7090 = VERTEX_POINT('',#7091);
#7091 = CARTESIAN_POINT('',(67.707054792842,13.134268813225,2.));
#7092 = SURFACE_CURVE('',#7093,(#7097,#7109),.PCURVE_S1.);
#7093 = LINE('',#7094,#7095);
#7094 = CARTESIAN_POINT('',(67.707054792842,13.134268813225,0.));
#7095 = VECTOR('',#7096,1.);
#7096 = DIRECTION('',(0.,0.,1.));
#7097 = PCURVE('',#7098,#7103);
#7098 = PLANE('',#7099);
#7099 = AXIS2_PLACEMENT_3D('',#7100,#7101,#7102);
#7100 = CARTESIAN_POINT('',(67.707054792842,13.134268813225,0.));
#7101 = DIRECTION('',(-0.740843736587,0.671677421058,0.));
#7102 = DIRECTION('',(0.671677421058,0.740843736587,0.));
#7103 = DEFINITIONAL_REPRESENTATION('',(#7104),#7108);
#7104 = LINE('',#7105,#7106);
#7105 = CARTESIAN_POINT('',(0.,0.));
#7106 = VECTOR('',#7107,1.);
#7107 = DIRECTION('',(0.,-1.));
#7108 = ( GEOMETRIC_REPRESENTATION_CONTEXT(2) 
PARAMETRIC_REPRESENTATION_CONTEXT() REPRESENTATION_CONTEXT('2D SPACE',''
  ) );
#7109 = PCURVE('',#7110,#7195);
#7110 = SURFACE_OF_LINEAR_EXTRUSION('',#7111,#7193);
#7111 = B_SPLINE_CURVE_WITH_KNOTS('',8,(#7112,#7113,#7114,#7115,#7116,
    #7117,#7118,#7119,#7120,#7121,#7122,#7123,#7124,#7125,#7126,#7127,
    #7128,#7129,#7130,#7131,#7132,#7133,#7134,#7135,#7136,#7137,#7138,
    #7139,#7140,#7141,#7142,#7143,#7144,#7145,#7146,#7147,#7148,#7149,
    #7150,#7151,#7152,#7153,#7154,#7155,#7156,#7157,#7158,#7159,#7160,
    #7161,#7162,#7163,#7164,#7165,#7166,#7167,#7168,#7169,#7170,#7171,
    #7172,#7173,#7174,#7175,#7176,#7177,#7178,#7179,#7180,#7181,#7182,
    #7183,#7184,#7185,#7186,#7187,#7188,#7189,#7190,#7191,#7192),
  .UNSPECIFIED.,.F.,.F.,(9,6,6,6,6,6,6,6,6,6,6,6,6,9),(0.,
    7.647185281791E-02,0.15334988176,0.238498331244,0.3073997148,
    0.381678444042,0.461605794712,0.53546279457,0.615378513165,
    0.69244438866,0.769144054853,0.844187982885,0.922676568115,1.),
  .UNSPECIFIED.);
#7112 = CARTESIAN_POINT('',(60.991089907328,4.436551526513,0.));
#7113 = CARTESIAN_POINT('',(61.091916069302,4.312818378362,0.));
#7114 = CARTESIAN_POINT('',(61.712661976845,4.257226509411,0.));
#7115 = CARTESIAN_POINT('',(61.124573474817,4.202813890152,0.));
#7116 = CARTESIAN_POINT('',(62.333285601986,4.074156120519,0.));
#7117 = CARTESIAN_POINT('',(61.790180121304,4.081072242295,0.));
#7118 = CARTESIAN_POINT('',(62.359500849365,3.995858469674,0.));
#7119 = CARTESIAN_POINT('',(62.672312565046,3.91771350315,0.));
#7120 = CARTESIAN_POINT('',(63.242866239168,3.838570375442,0.));
#7121 = CARTESIAN_POINT('',(63.316193989343,3.823023551265,0.));
#7122 = CARTESIAN_POINT('',(63.763322772811,3.784782959133,0.));
#7123 = CARTESIAN_POINT('',(63.812097860131,3.778339268629,0.));
#7124 = CARTESIAN_POINT('',(64.126433553486,3.762494235783,0.));
#7125 = CARTESIAN_POINT('',(64.576361688451,3.748870458237,0.));
#7126 = CARTESIAN_POINT('',(65.092908579395,3.755754376608,0.));
#7127 = CARTESIAN_POINT('',(65.304199529302,3.766605685981,0.));
#7128 = CARTESIAN_POINT('',(65.619604360126,3.789190202219,0.));
#7129 = CARTESIAN_POINT('',(65.821537300696,3.813638523158,0.));
#7130 = CARTESIAN_POINT('',(66.099151104697,3.856192233319,0.));
#7131 = CARTESIAN_POINT('',(66.54068153206,3.94668546448,0.));
#7132 = CARTESIAN_POINT('',(66.989465454536,4.086291754793,0.));
#7133 = CARTESIAN_POINT('',(67.171644807474,4.152824460475,0.));
#7134 = CARTESIAN_POINT('',(67.380274497401,4.245048305429,0.));
#7135 = CARTESIAN_POINT('',(67.546911163335,4.326651604998,0.));
#7136 = CARTESIAN_POINT('',(67.734816083708,4.441853994372,0.));
#7137 = CARTESIAN_POINT('',(68.079663216232,4.683053826119,0.));
#7138 = CARTESIAN_POINT('',(68.391899827146,4.994154248683,0.));
#7139 = CARTESIAN_POINT('',(68.522551340461,5.145378588194,0.));
#7140 = CARTESIAN_POINT('',(68.671266821787,5.373368071123,0.));
#7141 = CARTESIAN_POINT('',(68.756220297812,5.521360715764,0.));
#7142 = CARTESIAN_POINT('',(68.85603063455,5.760608809754,0.));
#7143 = CARTESIAN_POINT('',(68.993357656913,6.176679088888,0.));
#7144 = CARTESIAN_POINT('',(69.070482045875,6.662109246852,0.));
#7145 = CARTESIAN_POINT('',(69.081211646795,6.843057559567,0.));
#7146 = CARTESIAN_POINT('',(69.088594356984,7.189825913407,0.));
#7147 = CARTESIAN_POINT('',(69.093891798933,7.319864504535,0.));
#7148 = CARTESIAN_POINT('',(69.048272206825,7.623345682421,0.));
#7149 = CARTESIAN_POINT('',(68.955506799707,8.039954270244,0.));
#7150 = CARTESIAN_POINT('',(68.763998412999,8.495547024913,0.));
#7151 = CARTESIAN_POINT('',(68.677311056336,8.642801333745,0.));
#7152 = CARTESIAN_POINT('',(68.524506008194,8.90755706977,0.));
#7153 = CARTESIAN_POINT('',(68.418441591089,9.011720495842,0.));
#7154 = CARTESIAN_POINT('',(68.252880334277,9.212172874987,0.));
#7155 = CARTESIAN_POINT('',(67.939687038483,9.524588442577,0.));
#7156 = CARTESIAN_POINT('',(67.572059674537,9.830452499823,0.));
#7157 = CARTESIAN_POINT('',(67.395659726613,9.95064477474,0.));
#7158 = CARTESIAN_POINT('',(67.173452426168,10.117901344114,0.));
#7159 = CARTESIAN_POINT('',(66.986979629439,10.212643635736,0.));
#7160 = CARTESIAN_POINT('',(66.774079290136,10.348062769384,0.));
#7161 = CARTESIAN_POINT('',(66.355370526816,10.557109100954,0.));
#7162 = CARTESIAN_POINT('',(65.93583029993,10.765771324218,0.));
#7163 = CARTESIAN_POINT('',(65.717149655723,10.872680712791,0.));
#7164 = CARTESIAN_POINT('',(65.545875578079,10.964101596922,0.));
#7165 = CARTESIAN_POINT('',(65.289118637339,11.08206200935,0.));
#7166 = CARTESIAN_POINT('',(65.123613239141,11.173559100493,0.));
#7167 = CARTESIAN_POINT('',(64.676301725631,11.385912117672,0.));
#7168 = CARTESIAN_POINT('',(64.308562979893,11.585175881531,0.));
#7169 = CARTESIAN_POINT('',(64.042081428392,11.779840911362,0.));
#7170 = CARTESIAN_POINT('',(64.011609560655,11.808926046064,0.));
#7171 = CARTESIAN_POINT('',(63.692547261338,12.092457765027,0.));
#7172 = CARTESIAN_POINT('',(63.641402778157,12.22598847771,0.));
#7173 = CARTESIAN_POINT('',(63.457311182361,12.697833106251,0.));
#7174 = CARTESIAN_POINT('',(63.51624389867,13.134696991503,0.));
#7175 = CARTESIAN_POINT('',(63.499823399222,13.367367393806,0.));
#7176 = CARTESIAN_POINT('',(63.64866222501,13.604619977981,0.));
#7177 = CARTESIAN_POINT('',(63.687591243506,13.778460793299,0.));
#7178 = CARTESIAN_POINT('',(63.935197659712,13.95340122044,0.));
#7179 = CARTESIAN_POINT('',(64.274895438558,14.178631127621,0.));
#7180 = CARTESIAN_POINT('',(64.797651015306,14.297510659942,0.));
#7181 = CARTESIAN_POINT('',(64.88672259803,14.297916100842,0.));
#7182 = CARTESIAN_POINT('',(65.393653585945,14.318075636853,0.));
#7183 = CARTESIAN_POINT('',(65.350293931729,14.321613757807,0.));
#7184 = CARTESIAN_POINT('',(65.748204495402,14.255741156795,0.));
#7185 = CARTESIAN_POINT('',(66.108158346627,14.151315457204,0.));
#7186 = CARTESIAN_POINT('',(66.620876106105,13.9305545039,0.));
#7187 = CARTESIAN_POINT('',(66.662241833178,13.85790572747,0.));
#7188 = CARTESIAN_POINT('',(67.150606476529,13.665580398695,0.));
#7189 = CARTESIAN_POINT('',(67.018587311227,13.592206818346,0.));
#7190 = CARTESIAN_POINT('',(67.428534243652,13.432505720855,0.));
#7191 = CARTESIAN_POINT('',(67.506298960338,13.27226999534,0.));
#7192 = CARTESIAN_POINT('',(67.707054792842,13.134268813225,0.));
#7193 = VECTOR('',#7194,1.);
#7194 = DIRECTION('',(-0.,-0.,-1.));
#7195 = DEFINITIONAL_REPRESENTATION('',(#7196),#7200);
#7196 = LINE('',#7197,#7198);
#7197 = CARTESIAN_POINT('',(1.,0.));
#7198 = VECTOR('',#7199,1.);
#7199 = DIRECTION('',(0.,-1.));
#7200 = ( GEOMETRIC_REPRESENTATION_CONTEXT(2) 
PARAMETRIC_REPRESENTATION_CONTEXT() REPRESENTATION_CONTEXT('2D SPACE',''
  ) );
#7201 = ORIENTED_EDGE('',*,*,#7202,.T.);
#7202 = EDGE_CURVE('',#7090,#7203,#7205,.T.);
#7203 = VERTEX_POINT('',#7204);
#7204 = CARTESIAN_POINT('',(69.089332085204,14.658886795262,2.));
#7205 = SURFACE_CURVE('',#7206,(#7210,#7217),.PCURVE_S1.);
#7206 = LINE('',#7207,#7208);
#7207 = CARTESIAN_POINT('',(67.707054792842,13.134268813225,2.));
#7208 = VECTOR('',#7209,1.);
#7209 = DIRECTION('',(0.671677421058,0.740843736587,0.));
#7210 = PCURVE('',#7098,#7211);
#7211 = DEFINITIONAL_REPRESENTATION('',(#7212),#7216);
#7212 = LINE('',#7213,#7214);
#7213 = CARTESIAN_POINT('',(0.,-2.));
#7214 = VECTOR('',#7215,1.);
#7215 = DIRECTION('',(1.,0.));
#7216 = ( GEOMETRIC_REPRESENTATION_CONTEXT(2) 
PARAMETRIC_REPRESENTATION_CONTEXT() REPRESENTATION_CONTEXT('2D SPACE',''
  ) );
#7217 = PCURVE('',#7218,#7223);
#7218 = PLANE('',#7219);
#7219 = AXIS2_PLACEMENT_3D('',#7220,#7221,#7222);
#7220 = CARTESIAN_POINT('',(65.065111719749,9.845949591248,2.));
#7221 = DIRECTION('',(0.,0.,1.));
#7222 = DIRECTION('',(1.,0.,-0.));
#7223 = DEFINITIONAL_REPRESENTATION('',(#7224),#7228);
#7224 = LINE('',#7225,#7226);
#7225 = CARTESIAN_POINT('',(2.641943073092,3.288319221977));
#7226 = VECTOR('',#7227,1.);
#7227 = DIRECTION('',(0.671677421058,0.740843736587));
#7228 = ( GEOMETRIC_REPRESENTATION_CONTEXT(2) 
PARAMETRIC_REPRESENTATION_CONTEXT() REPRESENTATION_CONTEXT('2D SPACE',''
  ) );
#7229 = ORIENTED_EDGE('',*,*,#7230,.F.);
#7230 = EDGE_CURVE('',#7231,#7203,#7233,.T.);
#7231 = VERTEX_POINT('',#7232);
#7232 = CARTESIAN_POINT('',(69.089332085204,14.658886795262,0.));
#7233 = SURFACE_CURVE('',#7234,(#7238,#7245),.PCURVE_S1.);
#7234 = LINE('',#7235,#7236);
#7235 = CARTESIAN_POINT('',(69.089332085204,14.658886795262,0.));
#7236 = VECTOR('',#7237,1.);
#7237 = DIRECTION('',(0.,0.,1.));
#7238 = PCURVE('',#7098,#7239);
#7239 = DEFINITIONAL_REPRESENTATION('',(#7240),#7244);
#7240 = LINE('',#7241,#7242);
#7241 = CARTESIAN_POINT('',(2.057948129602,0.));
#7242 = VECTOR('',#7243,1.);
#7243 = DIRECTION('',(0.,-1.));
#7244 = ( GEOMETRIC_REPRESENTATION_CONTEXT(2) 
PARAMETRIC_REPRESENTATION_CONTEXT() REPRESENTATION_CONTEXT('2D SPACE',''
  ) );
#7245 = PCURVE('',#7246,#7251);
#7246 = PLANE('',#7247);
#7247 = AXIS2_PLACEMENT_3D('',#7248,#7249,#7250);
#7248 = CARTESIAN_POINT('',(69.089332085204,14.658886795262,0.));
#7249 = DIRECTION('',(-0.959007300299,-0.283381364902,0.));
#7250 = DIRECTION('',(-0.283381364902,0.959007300299,0.));
#7251 = DEFINITIONAL_REPRESENTATION('',(#7252),#7256);
#7252 = LINE('',#7253,#7254);
#7253 = CARTESIAN_POINT('',(0.,0.));
#7254 = VECTOR('',#7255,1.);
#7255 = DIRECTION('',(0.,-1.));
#7256 = ( GEOMETRIC_REPRESENTATION_CONTEXT(2) 
PARAMETRIC_REPRESENTATION_CONTEXT() REPRESENTATION_CONTEXT('2D SPACE',''
  ) );
#7257 = ORIENTED_EDGE('',*,*,#7258,.F.);
#7258 = EDGE_CURVE('',#7088,#7231,#7259,.T.);
#7259 = SURFACE_CURVE('',#7260,(#7264,#7271),.PCURVE_S1.);
#7260 = LINE('',#7261,#7262);
#7261 = CARTESIAN_POINT('',(67.707054792842,13.134268813225,0.));
#7262 = VECTOR('',#7263,1.);
#7263 = DIRECTION('',(0.671677421058,0.740843736587,0.));
#7264 = PCURVE('',#7098,#7265);
#7265 = DEFINITIONAL_REPRESENTATION('',(#7266),#7270);
#7266 = LINE('',#7267,#7268);
#7267 = CARTESIAN_POINT('',(0.,0.));
#7268 = VECTOR('',#7269,1.);
#7269 = DIRECTION('',(1.,0.));
#7270 = ( GEOMETRIC_REPRESENTATION_CONTEXT(2) 
PARAMETRIC_REPRESENTATION_CONTEXT() REPRESENTATION_CONTEXT('2D SPACE',''
  ) );
#7271 = PCURVE('',#7272,#7277);
#7272 = PLANE('',#7273);
#7273 = AXIS2_PLACEMENT_3D('',#7274,#7275,#7276);
#7274 = CARTESIAN_POINT('',(65.065111719749,9.845949591248,0.));
#7275 = DIRECTION('',(0.,0.,1.));
#7276 = DIRECTION('',(1.,0.,-0.));
#7277 = DEFINITIONAL_REPRESENTATION('',(#7278),#7282);
#7278 = LINE('',#7279,#7280);
#7279 = CARTESIAN_POINT('',(2.641943073092,3.288319221977));
#7280 = VECTOR('',#7281,1.);
#7281 = DIRECTION('',(0.671677421058,0.740843736587));
#7282 = ( GEOMETRIC_REPRESENTATION_CONTEXT(2) 
PARAMETRIC_REPRESENTATION_CONTEXT() REPRESENTATION_CONTEXT('2D SPACE',''
  ) );
#7283 = ADVANCED_FACE('',(#7284),#7246,.F.);
#7284 = FACE_BOUND('',#7285,.F.);
#7285 = EDGE_LOOP('',(#7286,#7287,#7310,#7424));
#7286 = ORIENTED_EDGE('',*,*,#7230,.T.);
#7287 = ORIENTED_EDGE('',*,*,#7288,.T.);
#7288 = EDGE_CURVE('',#7203,#7289,#7291,.T.);
#7289 = VERTEX_POINT('',#7290);
#7290 = CARTESIAN_POINT('',(69.071715187301,14.718505160443,2.));
#7291 = SURFACE_CURVE('',#7292,(#7296,#7303),.PCURVE_S1.);
#7292 = LINE('',#7293,#7294);
#7293 = CARTESIAN_POINT('',(69.089332085204,14.658886795262,2.));
#7294 = VECTOR('',#7295,1.);
#7295 = DIRECTION('',(-0.283381364902,0.959007300299,0.));
#7296 = PCURVE('',#7246,#7297);
#7297 = DEFINITIONAL_REPRESENTATION('',(#7298),#7302);
#7298 = LINE('',#7299,#7300);
#7299 = CARTESIAN_POINT('',(0.,-2.));
#7300 = VECTOR('',#7301,1.);
#7301 = DIRECTION('',(1.,0.));
#7302 = ( GEOMETRIC_REPRESENTATION_CONTEXT(2) 
PARAMETRIC_REPRESENTATION_CONTEXT() REPRESENTATION_CONTEXT('2D SPACE',''
  ) );
#7303 = PCURVE('',#7218,#7304);
#7304 = DEFINITIONAL_REPRESENTATION('',(#7305),#7309);
#7305 = LINE('',#7306,#7307);
#7306 = CARTESIAN_POINT('',(4.024220365455,4.812937204014));
#7307 = VECTOR('',#7308,1.);
#7308 = DIRECTION('',(-0.283381364902,0.959007300299));
#7309 = ( GEOMETRIC_REPRESENTATION_CONTEXT(2) 
PARAMETRIC_REPRESENTATION_CONTEXT() REPRESENTATION_CONTEXT('2D SPACE',''
  ) );
#7310 = ORIENTED_EDGE('',*,*,#7311,.F.);
#7311 = EDGE_CURVE('',#7312,#7289,#7314,.T.);
#7312 = VERTEX_POINT('',#7313);
#7313 = CARTESIAN_POINT('',(69.071715187301,14.718505160443,0.));
#7314 = SURFACE_CURVE('',#7315,(#7319,#7326),.PCURVE_S1.);
#7315 = LINE('',#7316,#7317);
#7316 = CARTESIAN_POINT('',(69.071715187301,14.718505160443,0.));
#7317 = VECTOR('',#7318,1.);
#7318 = DIRECTION('',(0.,0.,1.));
#7319 = PCURVE('',#7246,#7320);
#7320 = DEFINITIONAL_REPRESENTATION('',(#7321),#7325);
#7321 = LINE('',#7322,#7323);
#7322 = CARTESIAN_POINT('',(6.216674801364E-02,0.));
#7323 = VECTOR('',#7324,1.);
#7324 = DIRECTION('',(0.,-1.));
#7325 = ( GEOMETRIC_REPRESENTATION_CONTEXT(2) 
PARAMETRIC_REPRESENTATION_CONTEXT() REPRESENTATION_CONTEXT('2D SPACE',''
  ) );
#7326 = PCURVE('',#7327,#7418);
#7327 = SURFACE_OF_LINEAR_EXTRUSION('',#7328,#7416);
#7328 = B_SPLINE_CURVE_WITH_KNOTS('',8,(#7329,#7330,#7331,#7332,#7333,
    #7334,#7335,#7336,#7337,#7338,#7339,#7340,#7341,#7342,#7343,#7344,
    #7345,#7346,#7347,#7348,#7349,#7350,#7351,#7352,#7353,#7354,#7355,
    #7356,#7357,#7358,#7359,#7360,#7361,#7362,#7363,#7364,#7365,#7366,
    #7367,#7368,#7369,#7370,#7371,#7372,#7373,#7374,#7375,#7376,#7377,
    #7378,#7379,#7380,#7381,#7382,#7383,#7384,#7385,#7386,#7387,#7388,
    #7389,#7390,#7391,#7392,#7393,#7394,#7395,#7396,#7397,#7398,#7399,
    #7400,#7401,#7402,#7403,#7404,#7405,#7406,#7407,#7408,#7409,#7410,
    #7411,#7412,#7413,#7414,#7415),.UNSPECIFIED.,.F.,.F.,(9,6,6,6,6,6,6,
    6,6,6,6,6,6,6,9),(0.,7.162532015857E-02,0.141848853887,
    0.219608820391,0.286503748381,0.354479585382,0.42932884724,
    0.499081561091,0.570320208853,0.643291139893,0.716502275691,
    0.786192903926,0.857518525007,0.928958074154,1.),.UNSPECIFIED.);
#7329 = CARTESIAN_POINT('',(69.071715187301,14.718505160443,0.));
#7330 = CARTESIAN_POINT('',(68.906886066846,14.872043018634,0.));
#7331 = CARTESIAN_POINT('',(68.735230363034,15.019024033653,0.));
#7332 = CARTESIAN_POINT('',(68.558752576695,15.157745593403,0.));
#7333 = CARTESIAN_POINT('',(68.37308410185,15.289762224744,0.));
#7334 = CARTESIAN_POINT('',(68.185102474942,15.411225838308,0.));
#7335 = CARTESIAN_POINT('',(67.988342206882,15.524655913675,0.));
#7336 = CARTESIAN_POINT('',(67.591699112603,15.728404059635,0.));
#7337 = CARTESIAN_POINT('',(67.175204239119,15.892940647838,0.));
#7338 = CARTESIAN_POINT('',(66.967810974703,15.963408772795,0.));
#7339 = CARTESIAN_POINT('',(66.750545917321,16.02600781294,0.));
#7340 = CARTESIAN_POINT('',(66.54027430997,16.075705069544,0.));
#7341 = CARTESIAN_POINT('',(66.319526032382,16.118133054198,0.));
#7342 = CARTESIAN_POINT('',(65.860924643199,16.185336108122,0.));
#7343 = CARTESIAN_POINT('',(65.39292221629,16.214072627087,0.));
#7344 = CARTESIAN_POINT('',(65.153718002368,16.217770132642,0.));
#7345 = CARTESIAN_POINT('',(64.898566564525,16.211342000579,0.));
#7346 = CARTESIAN_POINT('',(64.66423648136,16.202008124305,0.));
#7347 = CARTESIAN_POINT('',(64.414449510285,16.176157492262,0.));
#7348 = CARTESIAN_POINT('',(63.966269228076,16.109843227703,0.));
#7349 = CARTESIAN_POINT('',(63.523234104906,15.994295983818,0.));
#7350 = CARTESIAN_POINT('',(63.324581432517,15.930199172846,0.));
#7351 = CARTESIAN_POINT('',(63.125354345969,15.854027803925,0.));
#7352 = CARTESIAN_POINT('',(62.934563500391,15.762511623682,0.));
#7353 = CARTESIAN_POINT('',(62.750967670289,15.660549197308,0.));
#7354 = CARTESIAN_POINT('',(62.396274718939,15.421003666679,0.));
#7355 = CARTESIAN_POINT('',(62.088043929328,15.132073091398,0.));
#7356 = CARTESIAN_POINT('',(61.939099740946,14.964782118061,0.));
#7357 = CARTESIAN_POINT('',(61.820472558445,14.807088931995,0.));
#7358 = CARTESIAN_POINT('',(61.6978017429,14.604369676657,0.));
#7359 = CARTESIAN_POINT('',(61.609764581755,14.423403572058,0.));
#7360 = CARTESIAN_POINT('',(61.442200017887,13.994916250622,0.));
#7361 = CARTESIAN_POINT('',(61.352891332787,13.5636249664,0.));
#7362 = CARTESIAN_POINT('',(61.311577924562,13.309623384054,0.));
#7363 = CARTESIAN_POINT('',(61.316010269155,13.107731272967,0.));
#7364 = CARTESIAN_POINT('',(61.29252102618,12.838687963451,0.));
#7365 = CARTESIAN_POINT('',(61.308839641052,12.62033403231,0.));
#7366 = CARTESIAN_POINT('',(61.367604379135,12.158640442903,0.));
#7367 = CARTESIAN_POINT('',(61.498216868652,11.729426776884,0.));
#7368 = CARTESIAN_POINT('',(61.579963717458,11.51194547696,0.));
#7369 = CARTESIAN_POINT('',(61.674566428425,11.332453633127,0.));
#7370 = CARTESIAN_POINT('',(61.78980955236,11.124857787651,0.));
#7371 = CARTESIAN_POINT('',(61.915844922234,10.954509212218,0.));
#7372 = CARTESIAN_POINT('',(62.197574709599,10.605499451831,0.));
#7373 = CARTESIAN_POINT('',(62.514992167661,10.300261814669,0.));
#7374 = CARTESIAN_POINT('',(62.690220531536,10.14767692724,0.));
#7375 = CARTESIAN_POINT('',(62.858153562692,10.0206634492,0.));
#7376 = CARTESIAN_POINT('',(63.05385885504,9.881421449678,0.));
#7377 = CARTESIAN_POINT('',(63.235328254079,9.767720253345,0.));
#7378 = CARTESIAN_POINT('',(63.634067105923,9.536013203081,0.));
#7379 = CARTESIAN_POINT('',(64.035613268459,9.342103725004,0.));
#7380 = CARTESIAN_POINT('',(64.266064478609,9.249055690356,0.));
#7381 = CARTESIAN_POINT('',(64.430758371496,9.150325765677,0.));
#7382 = CARTESIAN_POINT('',(64.684795239008,9.041750872998,0.));
#7383 = CARTESIAN_POINT('',(64.860752745836,8.955839414737,0.));
#7384 = CARTESIAN_POINT('',(65.299101344395,8.745021730329,0.));
#7385 = CARTESIAN_POINT('',(65.687746590978,8.565470849462,0.));
#7386 = CARTESIAN_POINT('',(65.952427123015,8.406056844456,0.));
#7387 = CARTESIAN_POINT('',(66.066464553047,8.462218657035,0.));
#7388 = CARTESIAN_POINT('',(66.363467618394,8.183166597591,0.));
#7389 = CARTESIAN_POINT('',(66.488612399722,8.105121661618,0.));
#7390 = CARTESIAN_POINT('',(66.794993657559,7.720069635305,0.));
#7391 = CARTESIAN_POINT('',(66.897866376695,7.287901663758,0.));
#7392 = CARTESIAN_POINT('',(66.936126908502,7.083190465603,0.));
#7393 = CARTESIAN_POINT('',(66.847395267661,6.789074782785,0.));
#7394 = CARTESIAN_POINT('',(66.908012747409,6.662461370575,0.));
#7395 = CARTESIAN_POINT('',(66.737377912316,6.389696134108,0.));
#7396 = CARTESIAN_POINT('',(66.486255852985,6.078334478698,0.));
#7397 = CARTESIAN_POINT('',(66.047516960988,5.836161341706,0.));
#7398 = CARTESIAN_POINT('',(65.895460386591,5.803496139342,0.));
#7399 = CARTESIAN_POINT('',(65.570054339085,5.699967805847,0.));
#7400 = CARTESIAN_POINT('',(65.448134461019,5.71042324421,0.));
#7401 = CARTESIAN_POINT('',(65.167099156074,5.67365755243,0.));
#7402 = CARTESIAN_POINT('',(64.748709742028,5.667914892569,0.));
#7403 = CARTESIAN_POINT('',(64.268663304935,5.686207143266,0.));
#7404 = CARTESIAN_POINT('',(64.103221254179,5.714452383833,0.));
#7405 = CARTESIAN_POINT('',(63.774267964779,5.730918456609,0.));
#7406 = CARTESIAN_POINT('',(63.662519101611,5.778833459718,0.));
#7407 = CARTESIAN_POINT('',(63.374481896671,5.812593780515,0.));
#7408 = CARTESIAN_POINT('',(62.976904984284,5.916509454028,0.));
#7409 = CARTESIAN_POINT('',(62.503011972059,6.025525432728,0.));
#7410 = CARTESIAN_POINT('',(62.362965152881,6.131668975127,0.));
#7411 = CARTESIAN_POINT('',(62.033381617163,6.076290431779,0.));
#7412 = CARTESIAN_POINT('',(61.917353568531,6.367013772068,0.));
#7413 = CARTESIAN_POINT('',(61.678294635491,6.211165279183,0.));
#7414 = CARTESIAN_POINT('',(61.464609371605,6.459101257119,0.));
#7415 = CARTESIAN_POINT('',(61.259673537957,6.476897903355,0.));
#7416 = VECTOR('',#7417,1.);
#7417 = DIRECTION('',(-0.,-0.,-1.));
#7418 = DEFINITIONAL_REPRESENTATION('',(#7419),#7423);
#7419 = LINE('',#7420,#7421);
#7420 = CARTESIAN_POINT('',(0.,0.));
#7421 = VECTOR('',#7422,1.);
#7422 = DIRECTION('',(0.,-1.));
#7423 = ( GEOMETRIC_REPRESENTATION_CONTEXT(2) 
PARAMETRIC_REPRESENTATION_CONTEXT() REPRESENTATION_CONTEXT('2D SPACE',''
  ) );
#7424 = ORIENTED_EDGE('',*,*,#7425,.F.);
#7425 = EDGE_CURVE('',#7231,#7312,#7426,.T.);
#7426 = SURFACE_CURVE('',#7427,(#7431,#7438),.PCURVE_S1.);
#7427 = LINE('',#7428,#7429);
#7428 = CARTESIAN_POINT('',(69.089332085204,14.658886795262,0.));
#7429 = VECTOR('',#7430,1.);
#7430 = DIRECTION('',(-0.283381364902,0.959007300299,0.));
#7431 = PCURVE('',#7246,#7432);
#7432 = DEFINITIONAL_REPRESENTATION('',(#7433),#7437);
#7433 = LINE('',#7434,#7435);
#7434 = CARTESIAN_POINT('',(0.,0.));
#7435 = VECTOR('',#7436,1.);
#7436 = DIRECTION('',(1.,0.));
#7437 = ( GEOMETRIC_REPRESENTATION_CONTEXT(2) 
PARAMETRIC_REPRESENTATION_CONTEXT() REPRESENTATION_CONTEXT('2D SPACE',''
  ) );
#7438 = PCURVE('',#7272,#7439);
#7439 = DEFINITIONAL_REPRESENTATION('',(#7440),#7444);
#7440 = LINE('',#7441,#7442);
#7441 = CARTESIAN_POINT('',(4.024220365455,4.812937204014));
#7442 = VECTOR('',#7443,1.);
#7443 = DIRECTION('',(-0.283381364902,0.959007300299));
#7444 = ( GEOMETRIC_REPRESENTATION_CONTEXT(2) 
PARAMETRIC_REPRESENTATION_CONTEXT() REPRESENTATION_CONTEXT('2D SPACE',''
  ) );
#7445 = ADVANCED_FACE('',(#7446),#7327,.F.);
#7446 = FACE_BOUND('',#7447,.F.);
#7447 = EDGE_LOOP('',(#7448,#7449,#7640,#7668));
#7448 = ORIENTED_EDGE('',*,*,#7311,.T.);
#7449 = ORIENTED_EDGE('',*,*,#7450,.T.);
#7450 = EDGE_CURVE('',#7289,#7451,#7453,.T.);
#7451 = VERTEX_POINT('',#7452);
#7452 = CARTESIAN_POINT('',(61.259673537957,6.476897903355,2.));
#7453 = SURFACE_CURVE('',#7454,(#7542,#7549),.PCURVE_S1.);
#7454 = B_SPLINE_CURVE_WITH_KNOTS('',8,(#7455,#7456,#7457,#7458,#7459,
    #7460,#7461,#7462,#7463,#7464,#7465,#7466,#7467,#7468,#7469,#7470,
    #7471,#7472,#7473,#7474,#7475,#7476,#7477,#7478,#7479,#7480,#7481,
    #7482,#7483,#7484,#7485,#7486,#7487,#7488,#7489,#7490,#7491,#7492,
    #7493,#7494,#7495,#7496,#7497,#7498,#7499,#7500,#7501,#7502,#7503,
    #7504,#7505,#7506,#7507,#7508,#7509,#7510,#7511,#7512,#7513,#7514,
    #7515,#7516,#7517,#7518,#7519,#7520,#7521,#7522,#7523,#7524,#7525,
    #7526,#7527,#7528,#7529,#7530,#7531,#7532,#7533,#7534,#7535,#7536,
    #7537,#7538,#7539,#7540,#7541),.UNSPECIFIED.,.F.,.F.,(9,6,6,6,6,6,6,
    6,6,6,6,6,6,6,9),(0.,7.162532015857E-02,0.141848853887,
    0.219608820391,0.286503748381,0.354479585382,0.42932884724,
    0.499081561091,0.570320208853,0.643291139893,0.716502275691,
    0.786192903926,0.857518525007,0.928958074154,1.),.UNSPECIFIED.);
#7455 = CARTESIAN_POINT('',(69.071715187301,14.718505160443,2.));
#7456 = CARTESIAN_POINT('',(68.906886066846,14.872043018634,2.));
#7457 = CARTESIAN_POINT('',(68.735230363034,15.019024033653,2.));
#7458 = CARTESIAN_POINT('',(68.558752576695,15.157745593403,2.));
#7459 = CARTESIAN_POINT('',(68.37308410185,15.289762224744,2.));
#7460 = CARTESIAN_POINT('',(68.185102474942,15.411225838308,2.));
#7461 = CARTESIAN_POINT('',(67.988342206882,15.524655913675,2.));
#7462 = CARTESIAN_POINT('',(67.591699112603,15.728404059635,2.));
#7463 = CARTESIAN_POINT('',(67.175204239119,15.892940647838,2.));
#7464 = CARTESIAN_POINT('',(66.967810974703,15.963408772795,2.));
#7465 = CARTESIAN_POINT('',(66.750545917321,16.02600781294,2.));
#7466 = CARTESIAN_POINT('',(66.54027430997,16.075705069544,2.));
#7467 = CARTESIAN_POINT('',(66.319526032382,16.118133054198,2.));
#7468 = CARTESIAN_POINT('',(65.860924643199,16.185336108122,2.));
#7469 = CARTESIAN_POINT('',(65.39292221629,16.214072627087,2.));
#7470 = CARTESIAN_POINT('',(65.153718002368,16.217770132642,2.));
#7471 = CARTESIAN_POINT('',(64.898566564525,16.211342000579,2.));
#7472 = CARTESIAN_POINT('',(64.66423648136,16.202008124305,2.));
#7473 = CARTESIAN_POINT('',(64.414449510285,16.176157492262,2.));
#7474 = CARTESIAN_POINT('',(63.966269228076,16.109843227703,2.));
#7475 = CARTESIAN_POINT('',(63.523234104906,15.994295983818,2.));
#7476 = CARTESIAN_POINT('',(63.324581432517,15.930199172846,2.));
#7477 = CARTESIAN_POINT('',(63.125354345969,15.854027803925,2.));
#7478 = CARTESIAN_POINT('',(62.934563500391,15.762511623682,2.));
#7479 = CARTESIAN_POINT('',(62.750967670289,15.660549197308,2.));
#7480 = CARTESIAN_POINT('',(62.396274718939,15.421003666679,2.));
#7481 = CARTESIAN_POINT('',(62.088043929328,15.132073091398,2.));
#7482 = CARTESIAN_POINT('',(61.939099740946,14.964782118061,2.));
#7483 = CARTESIAN_POINT('',(61.820472558445,14.807088931995,2.));
#7484 = CARTESIAN_POINT('',(61.6978017429,14.604369676657,2.));
#7485 = CARTESIAN_POINT('',(61.609764581755,14.423403572058,2.));
#7486 = CARTESIAN_POINT('',(61.442200017887,13.994916250622,2.));
#7487 = CARTESIAN_POINT('',(61.352891332787,13.5636249664,2.));
#7488 = CARTESIAN_POINT('',(61.311577924562,13.309623384054,2.));
#7489 = CARTESIAN_POINT('',(61.316010269155,13.107731272967,2.));
#7490 = CARTESIAN_POINT('',(61.29252102618,12.838687963451,2.));
#7491 = CARTESIAN_POINT('',(61.308839641052,12.62033403231,2.));
#7492 = CARTESIAN_POINT('',(61.367604379135,12.158640442903,2.));
#7493 = CARTESIAN_POINT('',(61.498216868652,11.729426776884,2.));
#7494 = CARTESIAN_POINT('',(61.579963717458,11.51194547696,2.));
#7495 = CARTESIAN_POINT('',(61.674566428425,11.332453633127,2.));
#7496 = CARTESIAN_POINT('',(61.78980955236,11.124857787651,2.));
#7497 = CARTESIAN_POINT('',(61.915844922234,10.954509212218,2.));
#7498 = CARTESIAN_POINT('',(62.197574709599,10.605499451831,2.));
#7499 = CARTESIAN_POINT('',(62.514992167661,10.300261814669,2.));
#7500 = CARTESIAN_POINT('',(62.690220531536,10.14767692724,2.));
#7501 = CARTESIAN_POINT('',(62.858153562692,10.0206634492,2.));
#7502 = CARTESIAN_POINT('',(63.05385885504,9.881421449678,2.));
#7503 = CARTESIAN_POINT('',(63.235328254079,9.767720253345,2.));
#7504 = CARTESIAN_POINT('',(63.634067105923,9.536013203081,2.));
#7505 = CARTESIAN_POINT('',(64.035613268459,9.342103725004,2.));
#7506 = CARTESIAN_POINT('',(64.266064478609,9.249055690356,2.));
#7507 = CARTESIAN_POINT('',(64.430758371496,9.150325765677,2.));
#7508 = CARTESIAN_POINT('',(64.684795239008,9.041750872998,2.));
#7509 = CARTESIAN_POINT('',(64.860752745836,8.955839414737,2.));
#7510 = CARTESIAN_POINT('',(65.299101344395,8.745021730329,2.));
#7511 = CARTESIAN_POINT('',(65.687746590978,8.565470849462,2.));
#7512 = CARTESIAN_POINT('',(65.952427123015,8.406056844456,2.));
#7513 = CARTESIAN_POINT('',(66.066464553047,8.462218657035,2.));
#7514 = CARTESIAN_POINT('',(66.363467618394,8.183166597591,2.));
#7515 = CARTESIAN_POINT('',(66.488612399722,8.105121661618,2.));
#7516 = CARTESIAN_POINT('',(66.794993657559,7.720069635305,2.));
#7517 = CARTESIAN_POINT('',(66.897866376695,7.287901663758,2.));
#7518 = CARTESIAN_POINT('',(66.936126908502,7.083190465603,2.));
#7519 = CARTESIAN_POINT('',(66.847395267661,6.789074782785,2.));
#7520 = CARTESIAN_POINT('',(66.908012747409,6.662461370575,2.));
#7521 = CARTESIAN_POINT('',(66.737377912316,6.389696134108,2.));
#7522 = CARTESIAN_POINT('',(66.486255852985,6.078334478698,2.));
#7523 = CARTESIAN_POINT('',(66.047516960988,5.836161341706,2.));
#7524 = CARTESIAN_POINT('',(65.895460386591,5.803496139342,2.));
#7525 = CARTESIAN_POINT('',(65.570054339085,5.699967805847,2.));
#7526 = CARTESIAN_POINT('',(65.448134461019,5.71042324421,2.));
#7527 = CARTESIAN_POINT('',(65.167099156074,5.67365755243,2.));
#7528 = CARTESIAN_POINT('',(64.748709742028,5.667914892569,2.));
#7529 = CARTESIAN_POINT('',(64.268663304935,5.686207143266,2.));
#7530 = CARTESIAN_POINT('',(64.103221254179,5.714452383833,2.));
#7531 = CARTESIAN_POINT('',(63.774267964779,5.730918456609,2.));
#7532 = CARTESIAN_POINT('',(63.662519101611,5.778833459718,2.));
#7533 = CARTESIAN_POINT('',(63.374481896671,5.812593780515,2.));
#7534 = CARTESIAN_POINT('',(62.976904984284,5.916509454028,2.));
#7535 = CARTESIAN_POINT('',(62.503011972059,6.025525432728,2.));
#7536 = CARTESIAN_POINT('',(62.362965152881,6.131668975127,2.));
#7537 = CARTESIAN_POINT('',(62.033381617163,6.076290431779,2.));
#7538 = CARTESIAN_POINT('',(61.917353568531,6.367013772068,2.));
#7539 = CARTESIAN_POINT('',(61.678294635491,6.211165279183,2.));
#7540 = CARTESIAN_POINT('',(61.464609371605,6.459101257119,2.));
#7541 = CARTESIAN_POINT('',(61.259673537957,6.476897903355,2.));
#7542 = PCURVE('',#7327,#7543);
#7543 = DEFINITIONAL_REPRESENTATION('',(#7544),#7548);
#7544 = LINE('',#7545,#7546);
#7545 = CARTESIAN_POINT('',(0.,-2.));
#7546 = VECTOR('',#7547,1.);
#7547 = DIRECTION('',(1.,0.));
#7548 = ( GEOMETRIC_REPRESENTATION_CONTEXT(2) 
PARAMETRIC_REPRESENTATION_CONTEXT() REPRESENTATION_CONTEXT('2D SPACE',''
  ) );
#7549 = PCURVE('',#7218,#7550);
#7550 = DEFINITIONAL_REPRESENTATION('',(#7551),#7639);
#7551 = B_SPLINE_CURVE_WITH_KNOTS('',8,(#7552,#7553,#7554,#7555,#7556,
    #7557,#7558,#7559,#7560,#7561,#7562,#7563,#7564,#7565,#7566,#7567,
    #7568,#7569,#7570,#7571,#7572,#7573,#7574,#7575,#7576,#7577,#7578,
    #7579,#7580,#7581,#7582,#7583,#7584,#7585,#7586,#7587,#7588,#7589,
    #7590,#7591,#7592,#7593,#7594,#7595,#7596,#7597,#7598,#7599,#7600,
    #7601,#7602,#7603,#7604,#7605,#7606,#7607,#7608,#7609,#7610,#7611,
    #7612,#7613,#7614,#7615,#7616,#7617,#7618,#7619,#7620,#7621,#7622,
    #7623,#7624,#7625,#7626,#7627,#7628,#7629,#7630,#7631,#7632,#7633,
    #7634,#7635,#7636,#7637,#7638),.UNSPECIFIED.,.F.,.F.,(9,6,6,6,6,6,6,
    6,6,6,6,6,6,6,9),(0.,7.162532015857E-02,0.141848853887,
    0.219608820391,0.286503748381,0.354479585382,0.42932884724,
    0.499081561091,0.570320208853,0.643291139893,0.716502275691,
    0.786192903926,0.857518525007,0.928958074154,1.),.UNSPECIFIED.);
#7552 = CARTESIAN_POINT('',(4.006603467551,4.872555569195));
#7553 = CARTESIAN_POINT('',(3.841774347097,5.026093427386));
#7554 = CARTESIAN_POINT('',(3.670118643285,5.173074442405));
#7555 = CARTESIAN_POINT('',(3.493640856946,5.311796002155));
#7556 = CARTESIAN_POINT('',(3.307972382101,5.443812633495));
#7557 = CARTESIAN_POINT('',(3.119990755193,5.565276247059));
#7558 = CARTESIAN_POINT('',(2.923230487132,5.678706322427));
#7559 = CARTESIAN_POINT('',(2.526587392854,5.882454468387));
#7560 = CARTESIAN_POINT('',(2.11009251937,6.04699105659));
#7561 = CARTESIAN_POINT('',(1.902699254954,6.117459181546));
#7562 = CARTESIAN_POINT('',(1.685434197572,6.180058221692));
#7563 = CARTESIAN_POINT('',(1.47516259022,6.229755478295));
#7564 = CARTESIAN_POINT('',(1.254414312633,6.272183462949));
#7565 = CARTESIAN_POINT('',(0.79581292345,6.339386516873));
#7566 = CARTESIAN_POINT('',(0.32781049654,6.368123035839));
#7567 = CARTESIAN_POINT('',(8.860628261883E-02,6.371820541393));
#7568 = CARTESIAN_POINT('',(-0.166545155225,6.36539240933));
#7569 = CARTESIAN_POINT('',(-0.40087523839,6.356058533057));
#7570 = CARTESIAN_POINT('',(-0.650662209464,6.330207901013));
#7571 = CARTESIAN_POINT('',(-1.098842491673,6.263893636455));
#7572 = CARTESIAN_POINT('',(-1.541877614843,6.14834639257));
#7573 = CARTESIAN_POINT('',(-1.740530287232,6.084249581598));
#7574 = CARTESIAN_POINT('',(-1.939757373781,6.008078212677));
#7575 = CARTESIAN_POINT('',(-2.130548219358,5.916562032434));
#7576 = CARTESIAN_POINT('',(-2.314144049461,5.81459960606));
#7577 = CARTESIAN_POINT('',(-2.66883700081,5.575054075431));
#7578 = CARTESIAN_POINT('',(-2.977067790422,5.28612350015));
#7579 = CARTESIAN_POINT('',(-3.126011978803,5.118832526813));
#7580 = CARTESIAN_POINT('',(-3.244639161304,4.961139340747));
#7581 = CARTESIAN_POINT('',(-3.367309976849,4.758420085409));
#7582 = CARTESIAN_POINT('',(-3.455347137994,4.577453980809));
#7583 = CARTESIAN_POINT('',(-3.622911701862,4.148966659374));
#7584 = CARTESIAN_POINT('',(-3.712220386962,3.717675375152));
#7585 = CARTESIAN_POINT('',(-3.753533795188,3.463673792805));
#7586 = CARTESIAN_POINT('',(-3.749101450594,3.261781681718));
#7587 = CARTESIAN_POINT('',(-3.772590693569,2.992738372203));
#7588 = CARTESIAN_POINT('',(-3.756272078697,2.774384441062));
#7589 = CARTESIAN_POINT('',(-3.697507340614,2.312690851655));
#7590 = CARTESIAN_POINT('',(-3.566894851097,1.883477185635));
#7591 = CARTESIAN_POINT('',(-3.485148002291,1.665995885711));
#7592 = CARTESIAN_POINT('',(-3.390545291324,1.486504041879));
#7593 = CARTESIAN_POINT('',(-3.275302167389,1.278908196402));
#7594 = CARTESIAN_POINT('',(-3.149266797515,1.10855962097));
#7595 = CARTESIAN_POINT('',(-2.867537010151,0.759549860583));
#7596 = CARTESIAN_POINT('',(-2.550119552088,0.45431222342));
#7597 = CARTESIAN_POINT('',(-2.374891188213,0.301727335991));
#7598 = CARTESIAN_POINT('',(-2.206958157057,0.174713857951));
#7599 = CARTESIAN_POINT('',(-2.01125286471,3.547185842944E-02));
#7600 = CARTESIAN_POINT('',(-1.82978346567,-7.822933790351E-02));
#7601 = CARTESIAN_POINT('',(-1.431044613826,-0.309936388168));
#7602 = CARTESIAN_POINT('',(-1.029498451291,-0.503845866244));
#7603 = CARTESIAN_POINT('',(-0.79904724114,-0.596893900892));
#7604 = CARTESIAN_POINT('',(-0.634353348254,-0.695623825571));
#7605 = CARTESIAN_POINT('',(-0.380316480741,-0.80419871825));
#7606 = CARTESIAN_POINT('',(-0.204358973913,-0.890110176511));
#7607 = CARTESIAN_POINT('',(0.233989624646,-1.10092786092));
#7608 = CARTESIAN_POINT('',(0.622634871229,-1.280478741786));
#7609 = CARTESIAN_POINT('',(0.887315403265,-1.439892746792));
#7610 = CARTESIAN_POINT('',(1.001352833297,-1.383730934214));
#7611 = CARTESIAN_POINT('',(1.298355898645,-1.662782993658));
#7612 = CARTESIAN_POINT('',(1.423500679973,-1.74082792963));
#7613 = CARTESIAN_POINT('',(1.72988193781,-2.125879955943));
#7614 = CARTESIAN_POINT('',(1.832754656945,-2.55804792749));
#7615 = CARTESIAN_POINT('',(1.871015188752,-2.762759125645));
#7616 = CARTESIAN_POINT('',(1.782283547912,-3.056874808463));
#7617 = CARTESIAN_POINT('',(1.84290102766,-3.183488220673));
#7618 = CARTESIAN_POINT('',(1.672266192567,-3.45625345714));
#7619 = CARTESIAN_POINT('',(1.421144133235,-3.767615112551));
#7620 = CARTESIAN_POINT('',(0.982405241238,-4.009788249542));
#7621 = CARTESIAN_POINT('',(0.830348666842,-4.042453451907));
#7622 = CARTESIAN_POINT('',(0.504942619336,-4.145981785401));
#7623 = CARTESIAN_POINT('',(0.38302274127,-4.135526347038));
#7624 = CARTESIAN_POINT('',(0.101987436325,-4.172292038818));
#7625 = CARTESIAN_POINT('',(-0.316401977721,-4.178034698679));
#7626 = CARTESIAN_POINT('',(-0.796448414814,-4.159742447982));
#7627 = CARTESIAN_POINT('',(-0.96189046557,-4.131497207416));
#7628 = CARTESIAN_POINT('',(-1.29084375497,-4.115031134639));
#7629 = CARTESIAN_POINT('',(-1.402592618138,-4.06711613153));
#7630 = CARTESIAN_POINT('',(-1.690629823079,-4.033355810733));
#7631 = CARTESIAN_POINT('',(-2.088206735465,-3.92944013722));
#7632 = CARTESIAN_POINT('',(-2.562099747691,-3.820424158521));
#7633 = CARTESIAN_POINT('',(-2.702146566868,-3.714280616122));
#7634 = CARTESIAN_POINT('',(-3.031730102586,-3.769659159469));
#7635 = CARTESIAN_POINT('',(-3.147758151218,-3.478935819181));
#7636 = CARTESIAN_POINT('',(-3.386817084259,-3.634784312066));
#7637 = CARTESIAN_POINT('',(-3.600502348144,-3.38684833413));
#7638 = CARTESIAN_POINT('',(-3.805438181793,-3.369051687893));
#7639 = ( GEOMETRIC_REPRESENTATION_CONTEXT(2) 
PARAMETRIC_REPRESENTATION_CONTEXT() REPRESENTATION_CONTEXT('2D SPACE',''
  ) );
#7640 = ORIENTED_EDGE('',*,*,#7641,.F.);
#7641 = EDGE_CURVE('',#7642,#7451,#7644,.T.);
#7642 = VERTEX_POINT('',#7643);
#7643 = CARTESIAN_POINT('',(61.259673537957,6.476897903355,0.));
#7644 = SURFACE_CURVE('',#7645,(#7649,#7656),.PCURVE_S1.);
#7645 = LINE('',#7646,#7647);
#7646 = CARTESIAN_POINT('',(61.259673537957,6.476897903355,0.));
#7647 = VECTOR('',#7648,1.);
#7648 = DIRECTION('',(0.,0.,1.));
#7649 = PCURVE('',#7327,#7650);
#7650 = DEFINITIONAL_REPRESENTATION('',(#7651),#7655);
#7651 = LINE('',#7652,#7653);
#7652 = CARTESIAN_POINT('',(1.,0.));
#7653 = VECTOR('',#7654,1.);
#7654 = DIRECTION('',(0.,-1.));
#7655 = ( GEOMETRIC_REPRESENTATION_CONTEXT(2) 
PARAMETRIC_REPRESENTATION_CONTEXT() REPRESENTATION_CONTEXT('2D SPACE',''
  ) );
#7656 = PCURVE('',#7657,#7662);
#7657 = PLANE('',#7658);
#7658 = AXIS2_PLACEMENT_3D('',#7659,#7660,#7661);
#7659 = CARTESIAN_POINT('',(61.259673537957,6.476897903355,0.));
#7660 = DIRECTION('',(0.991446940519,-0.130510398569,0.));
#7661 = DIRECTION('',(-0.130510398569,-0.991446940519,0.));
#7662 = DEFINITIONAL_REPRESENTATION('',(#7663),#7667);
#7663 = LINE('',#7664,#7665);
#7664 = CARTESIAN_POINT('',(0.,0.));
#7665 = VECTOR('',#7666,1.);
#7666 = DIRECTION('',(0.,-1.));
#7667 = ( GEOMETRIC_REPRESENTATION_CONTEXT(2) 
PARAMETRIC_REPRESENTATION_CONTEXT() REPRESENTATION_CONTEXT('2D SPACE',''
  ) );
#7668 = ORIENTED_EDGE('',*,*,#7669,.F.);
#7669 = EDGE_CURVE('',#7312,#7642,#7670,.T.);
#7670 = SURFACE_CURVE('',#7671,(#7759,#7766),.PCURVE_S1.);
#7671 = B_SPLINE_CURVE_WITH_KNOTS('',8,(#7672,#7673,#7674,#7675,#7676,
    #7677,#7678,#7679,#7680,#7681,#7682,#7683,#7684,#7685,#7686,#7687,
    #7688,#7689,#7690,#7691,#7692,#7693,#7694,#7695,#7696,#7697,#7698,
    #7699,#7700,#7701,#7702,#7703,#7704,#7705,#7706,#7707,#7708,#7709,
    #7710,#7711,#7712,#7713,#7714,#7715,#7716,#7717,#7718,#7719,#7720,
    #7721,#7722,#7723,#7724,#7725,#7726,#7727,#7728,#7729,#7730,#7731,
    #7732,#7733,#7734,#7735,#7736,#7737,#7738,#7739,#7740,#7741,#7742,
    #7743,#7744,#7745,#7746,#7747,#7748,#7749,#7750,#7751,#7752,#7753,
    #7754,#7755,#7756,#7757,#7758),.UNSPECIFIED.,.F.,.F.,(9,6,6,6,6,6,6,
    6,6,6,6,6,6,6,9),(0.,7.162532015857E-02,0.141848853887,
    0.219608820391,0.286503748381,0.354479585382,0.42932884724,
    0.499081561091,0.570320208853,0.643291139893,0.716502275691,
    0.786192903926,0.857518525007,0.928958074154,1.),.UNSPECIFIED.);
#7672 = CARTESIAN_POINT('',(69.071715187301,14.718505160443,0.));
#7673 = CARTESIAN_POINT('',(68.906886066846,14.872043018634,0.));
#7674 = CARTESIAN_POINT('',(68.735230363034,15.019024033653,0.));
#7675 = CARTESIAN_POINT('',(68.558752576695,15.157745593403,0.));
#7676 = CARTESIAN_POINT('',(68.37308410185,15.289762224744,0.));
#7677 = CARTESIAN_POINT('',(68.185102474942,15.411225838308,0.));
#7678 = CARTESIAN_POINT('',(67.988342206882,15.524655913675,0.));
#7679 = CARTESIAN_POINT('',(67.591699112603,15.728404059635,0.));
#7680 = CARTESIAN_POINT('',(67.175204239119,15.892940647838,0.));
#7681 = CARTESIAN_POINT('',(66.967810974703,15.963408772795,0.));
#7682 = CARTESIAN_POINT('',(66.750545917321,16.02600781294,0.));
#7683 = CARTESIAN_POINT('',(66.54027430997,16.075705069544,0.));
#7684 = CARTESIAN_POINT('',(66.319526032382,16.118133054198,0.));
#7685 = CARTESIAN_POINT('',(65.860924643199,16.185336108122,0.));
#7686 = CARTESIAN_POINT('',(65.39292221629,16.214072627087,0.));
#7687 = CARTESIAN_POINT('',(65.153718002368,16.217770132642,0.));
#7688 = CARTESIAN_POINT('',(64.898566564525,16.211342000579,0.));
#7689 = CARTESIAN_POINT('',(64.66423648136,16.202008124305,0.));
#7690 = CARTESIAN_POINT('',(64.414449510285,16.176157492262,0.));
#7691 = CARTESIAN_POINT('',(63.966269228076,16.109843227703,0.));
#7692 = CARTESIAN_POINT('',(63.523234104906,15.994295983818,0.));
#7693 = CARTESIAN_POINT('',(63.324581432517,15.930199172846,0.));
#7694 = CARTESIAN_POINT('',(63.125354345969,15.854027803925,0.));
#7695 = CARTESIAN_POINT('',(62.934563500391,15.762511623682,0.));
#7696 = CARTESIAN_POINT('',(62.750967670289,15.660549197308,0.));
#7697 = CARTESIAN_POINT('',(62.396274718939,15.421003666679,0.));
#7698 = CARTESIAN_POINT('',(62.088043929328,15.132073091398,0.));
#7699 = CARTESIAN_POINT('',(61.939099740946,14.964782118061,0.));
#7700 = CARTESIAN_POINT('',(61.820472558445,14.807088931995,0.));
#7701 = CARTESIAN_POINT('',(61.6978017429,14.604369676657,0.));
#7702 = CARTESIAN_POINT('',(61.609764581755,14.423403572058,0.));
#7703 = CARTESIAN_POINT('',(61.442200017887,13.994916250622,0.));
#7704 = CARTESIAN_POINT('',(61.352891332787,13.5636249664,0.));
#7705 = CARTESIAN_POINT('',(61.311577924562,13.309623384054,0.));
#7706 = CARTESIAN_POINT('',(61.316010269155,13.107731272967,0.));
#7707 = CARTESIAN_POINT('',(61.29252102618,12.838687963451,0.));
#7708 = CARTESIAN_POINT('',(61.308839641052,12.62033403231,0.));
#7709 = CARTESIAN_POINT('',(61.367604379135,12.158640442903,0.));
#7710 = CARTESIAN_POINT('',(61.498216868652,11.729426776884,0.));
#7711 = CARTESIAN_POINT('',(61.579963717458,11.51194547696,0.));
#7712 = CARTESIAN_POINT('',(61.674566428425,11.332453633127,0.));
#7713 = CARTESIAN_POINT('',(61.78980955236,11.124857787651,0.));
#7714 = CARTESIAN_POINT('',(61.915844922234,10.954509212218,0.));
#7715 = CARTESIAN_POINT('',(62.197574709599,10.605499451831,0.));
#7716 = CARTESIAN_POINT('',(62.514992167661,10.300261814669,0.));
#7717 = CARTESIAN_POINT('',(62.690220531536,10.14767692724,0.));
#7718 = CARTESIAN_POINT('',(62.858153562692,10.0206634492,0.));
#7719 = CARTESIAN_POINT('',(63.05385885504,9.881421449678,0.));
#7720 = CARTESIAN_POINT('',(63.235328254079,9.767720253345,0.));
#7721 = CARTESIAN_POINT('',(63.634067105923,9.536013203081,0.));
#7722 = CARTESIAN_POINT('',(64.035613268459,9.342103725004,0.));
#7723 = CARTESIAN_POINT('',(64.266064478609,9.249055690356,0.));
#7724 = CARTESIAN_POINT('',(64.430758371496,9.150325765677,0.));
#7725 = CARTESIAN_POINT('',(64.684795239008,9.041750872998,0.));
#7726 = CARTESIAN_POINT('',(64.860752745836,8.955839414737,0.));
#7727 = CARTESIAN_POINT('',(65.299101344395,8.745021730329,0.));
#7728 = CARTESIAN_POINT('',(65.687746590978,8.565470849462,0.));
#7729 = CARTESIAN_POINT('',(65.952427123015,8.406056844456,0.));
#7730 = CARTESIAN_POINT('',(66.066464553047,8.462218657035,0.));
#7731 = CARTESIAN_POINT('',(66.363467618394,8.183166597591,0.));
#7732 = CARTESIAN_POINT('',(66.488612399722,8.105121661618,0.));
#7733 = CARTESIAN_POINT('',(66.794993657559,7.720069635305,0.));
#7734 = CARTESIAN_POINT('',(66.897866376695,7.287901663758,0.));
#7735 = CARTESIAN_POINT('',(66.936126908502,7.083190465603,0.));
#7736 = CARTESIAN_POINT('',(66.847395267661,6.789074782785,0.));
#7737 = CARTESIAN_POINT('',(66.908012747409,6.662461370575,0.));
#7738 = CARTESIAN_POINT('',(66.737377912316,6.389696134108,0.));
#7739 = CARTESIAN_POINT('',(66.486255852985,6.078334478698,0.));
#7740 = CARTESIAN_POINT('',(66.047516960988,5.836161341706,0.));
#7741 = CARTESIAN_POINT('',(65.895460386591,5.803496139342,0.));
#7742 = CARTESIAN_POINT('',(65.570054339085,5.699967805847,0.));
#7743 = CARTESIAN_POINT('',(65.448134461019,5.71042324421,0.));
#7744 = CARTESIAN_POINT('',(65.167099156074,5.67365755243,0.));
#7745 = CARTESIAN_POINT('',(64.748709742028,5.667914892569,0.));
#7746 = CARTESIAN_POINT('',(64.268663304935,5.686207143266,0.));
#7747 = CARTESIAN_POINT('',(64.103221254179,5.714452383833,0.));
#7748 = CARTESIAN_POINT('',(63.774267964779,5.730918456609,0.));
#7749 = CARTESIAN_POINT('',(63.662519101611,5.778833459718,0.));
#7750 = CARTESIAN_POINT('',(63.374481896671,5.812593780515,0.));
#7751 = CARTESIAN_POINT('',(62.976904984284,5.916509454028,0.));
#7752 = CARTESIAN_POINT('',(62.503011972059,6.025525432728,0.));
#7753 = CARTESIAN_POINT('',(62.362965152881,6.131668975127,0.));
#7754 = CARTESIAN_POINT('',(62.033381617163,6.076290431779,0.));
#7755 = CARTESIAN_POINT('',(61.917353568531,6.367013772068,0.));
#7756 = CARTESIAN_POINT('',(61.678294635491,6.211165279183,0.));
#7757 = CARTESIAN_POINT('',(61.464609371605,6.459101257119,0.));
#7758 = CARTESIAN_POINT('',(61.259673537957,6.476897903355,0.));
#7759 = PCURVE('',#7327,#7760);
#7760 = DEFINITIONAL_REPRESENTATION('',(#7761),#7765);
#7761 = LINE('',#7762,#7763);
#7762 = CARTESIAN_POINT('',(0.,0.));
#7763 = VECTOR('',#7764,1.);
#7764 = DIRECTION('',(1.,0.));
#7765 = ( GEOMETRIC_REPRESENTATION_CONTEXT(2) 
PARAMETRIC_REPRESENTATION_CONTEXT() REPRESENTATION_CONTEXT('2D SPACE',''
  ) );
#7766 = PCURVE('',#7272,#7767);
#7767 = DEFINITIONAL_REPRESENTATION('',(#7768),#7856);
#7768 = B_SPLINE_CURVE_WITH_KNOTS('',8,(#7769,#7770,#7771,#7772,#7773,
    #7774,#7775,#7776,#7777,#7778,#7779,#7780,#7781,#7782,#7783,#7784,
    #7785,#7786,#7787,#7788,#7789,#7790,#7791,#7792,#7793,#7794,#7795,
    #7796,#7797,#7798,#7799,#7800,#7801,#7802,#7803,#7804,#7805,#7806,
    #7807,#7808,#7809,#7810,#7811,#7812,#7813,#7814,#7815,#7816,#7817,
    #7818,#7819,#7820,#7821,#7822,#7823,#7824,#7825,#7826,#7827,#7828,
    #7829,#7830,#7831,#7832,#7833,#7834,#7835,#7836,#7837,#7838,#7839,
    #7840,#7841,#7842,#7843,#7844,#7845,#7846,#7847,#7848,#7849,#7850,
    #7851,#7852,#7853,#7854,#7855),.UNSPECIFIED.,.F.,.F.,(9,6,6,6,6,6,6,
    6,6,6,6,6,6,6,9),(0.,7.162532015857E-02,0.141848853887,
    0.219608820391,0.286503748381,0.354479585382,0.42932884724,
    0.499081561091,0.570320208853,0.643291139893,0.716502275691,
    0.786192903926,0.857518525007,0.928958074154,1.),.UNSPECIFIED.);
#7769 = CARTESIAN_POINT('',(4.006603467551,4.872555569195));
#7770 = CARTESIAN_POINT('',(3.841774347097,5.026093427386));
#7771 = CARTESIAN_POINT('',(3.670118643285,5.173074442405));
#7772 = CARTESIAN_POINT('',(3.493640856946,5.311796002155));
#7773 = CARTESIAN_POINT('',(3.307972382101,5.443812633495));
#7774 = CARTESIAN_POINT('',(3.119990755193,5.565276247059));
#7775 = CARTESIAN_POINT('',(2.923230487132,5.678706322427));
#7776 = CARTESIAN_POINT('',(2.526587392854,5.882454468387));
#7777 = CARTESIAN_POINT('',(2.11009251937,6.04699105659));
#7778 = CARTESIAN_POINT('',(1.902699254954,6.117459181546));
#7779 = CARTESIAN_POINT('',(1.685434197572,6.180058221692));
#7780 = CARTESIAN_POINT('',(1.47516259022,6.229755478295));
#7781 = CARTESIAN_POINT('',(1.254414312633,6.272183462949));
#7782 = CARTESIAN_POINT('',(0.79581292345,6.339386516873));
#7783 = CARTESIAN_POINT('',(0.32781049654,6.368123035839));
#7784 = CARTESIAN_POINT('',(8.860628261883E-02,6.371820541393));
#7785 = CARTESIAN_POINT('',(-0.166545155225,6.36539240933));
#7786 = CARTESIAN_POINT('',(-0.40087523839,6.356058533057));
#7787 = CARTESIAN_POINT('',(-0.650662209464,6.330207901013));
#7788 = CARTESIAN_POINT('',(-1.098842491673,6.263893636455));
#7789 = CARTESIAN_POINT('',(-1.541877614843,6.14834639257));
#7790 = CARTESIAN_POINT('',(-1.740530287232,6.084249581598));
#7791 = CARTESIAN_POINT('',(-1.939757373781,6.008078212677));
#7792 = CARTESIAN_POINT('',(-2.130548219358,5.916562032434));
#7793 = CARTESIAN_POINT('',(-2.314144049461,5.81459960606));
#7794 = CARTESIAN_POINT('',(-2.66883700081,5.575054075431));
#7795 = CARTESIAN_POINT('',(-2.977067790422,5.28612350015));
#7796 = CARTESIAN_POINT('',(-3.126011978803,5.118832526813));
#7797 = CARTESIAN_POINT('',(-3.244639161304,4.961139340747));
#7798 = CARTESIAN_POINT('',(-3.367309976849,4.758420085409));
#7799 = CARTESIAN_POINT('',(-3.455347137994,4.577453980809));
#7800 = CARTESIAN_POINT('',(-3.622911701862,4.148966659374));
#7801 = CARTESIAN_POINT('',(-3.712220386962,3.717675375152));
#7802 = CARTESIAN_POINT('',(-3.753533795188,3.463673792805));
#7803 = CARTESIAN_POINT('',(-3.749101450594,3.261781681718));
#7804 = CARTESIAN_POINT('',(-3.772590693569,2.992738372203));
#7805 = CARTESIAN_POINT('',(-3.756272078697,2.774384441062));
#7806 = CARTESIAN_POINT('',(-3.697507340614,2.312690851655));
#7807 = CARTESIAN_POINT('',(-3.566894851097,1.883477185635));
#7808 = CARTESIAN_POINT('',(-3.485148002291,1.665995885711));
#7809 = CARTESIAN_POINT('',(-3.390545291324,1.486504041879));
#7810 = CARTESIAN_POINT('',(-3.275302167389,1.278908196402));
#7811 = CARTESIAN_POINT('',(-3.149266797515,1.10855962097));
#7812 = CARTESIAN_POINT('',(-2.867537010151,0.759549860583));
#7813 = CARTESIAN_POINT('',(-2.550119552088,0.45431222342));
#7814 = CARTESIAN_POINT('',(-2.374891188213,0.301727335991));
#7815 = CARTESIAN_POINT('',(-2.206958157057,0.174713857951));
#7816 = CARTESIAN_POINT('',(-2.01125286471,3.547185842944E-02));
#7817 = CARTESIAN_POINT('',(-1.82978346567,-7.822933790351E-02));
#7818 = CARTESIAN_POINT('',(-1.431044613826,-0.309936388168));
#7819 = CARTESIAN_POINT('',(-1.029498451291,-0.503845866244));
#7820 = CARTESIAN_POINT('',(-0.79904724114,-0.596893900892));
#7821 = CARTESIAN_POINT('',(-0.634353348254,-0.695623825571));
#7822 = CARTESIAN_POINT('',(-0.380316480741,-0.80419871825));
#7823 = CARTESIAN_POINT('',(-0.204358973913,-0.890110176511));
#7824 = CARTESIAN_POINT('',(0.233989624646,-1.10092786092));
#7825 = CARTESIAN_POINT('',(0.622634871229,-1.280478741786));
#7826 = CARTESIAN_POINT('',(0.887315403265,-1.439892746792));
#7827 = CARTESIAN_POINT('',(1.001352833297,-1.383730934214));
#7828 = CARTESIAN_POINT('',(1.298355898645,-1.662782993658));
#7829 = CARTESIAN_POINT('',(1.423500679973,-1.74082792963));
#7830 = CARTESIAN_POINT('',(1.72988193781,-2.125879955943));
#7831 = CARTESIAN_POINT('',(1.832754656945,-2.55804792749));
#7832 = CARTESIAN_POINT('',(1.871015188752,-2.762759125645));
#7833 = CARTESIAN_POINT('',(1.782283547912,-3.056874808463));
#7834 = CARTESIAN_POINT('',(1.84290102766,-3.183488220673));
#7835 = CARTESIAN_POINT('',(1.672266192567,-3.45625345714));
#7836 = CARTESIAN_POINT('',(1.421144133235,-3.767615112551));
#7837 = CARTESIAN_POINT('',(0.982405241238,-4.009788249542));
#7838 = CARTESIAN_POINT('',(0.830348666842,-4.042453451907));
#7839 = CARTESIAN_POINT('',(0.504942619336,-4.145981785401));
#7840 = CARTESIAN_POINT('',(0.38302274127,-4.135526347038));
#7841 = CARTESIAN_POINT('',(0.101987436325,-4.172292038818));
#7842 = CARTESIAN_POINT('',(-0.316401977721,-4.178034698679));
#7843 = CARTESIAN_POINT('',(-0.796448414814,-4.159742447982));
#7844 = CARTESIAN_POINT('',(-0.96189046557,-4.131497207416));
#7845 = CARTESIAN_POINT('',(-1.29084375497,-4.115031134639));
#7846 = CARTESIAN_POINT('',(-1.402592618138,-4.06711613153));
#7847 = CARTESIAN_POINT('',(-1.690629823079,-4.033355810733));
#7848 = CARTESIAN_POINT('',(-2.088206735465,-3.92944013722));
#7849 = CARTESIAN_POINT('',(-2.562099747691,-3.820424158521));
#7850 = CARTESIAN_POINT('',(-2.702146566868,-3.714280616122));
#7851 = CARTESIAN_POINT('',(-3.031730102586,-3.769659159469));
#7852 = CARTESIAN_POINT('',(-3.147758151218,-3.478935819181));
#7853 = CARTESIAN_POINT('',(-3.386817084259,-3.634784312066));
#7854 = CARTESIAN_POINT('',(-3.600502348144,-3.38684833413));
#7855 = CARTESIAN_POINT('',(-3.805438181793,-3.369051687893));
#7856 = ( GEOMETRIC_REPRESENTATION_CONTEXT(2) 
PARAMETRIC_REPRESENTATION_CONTEXT() REPRESENTATION_CONTEXT('2D SPACE',''
  ) );
#7857 = ADVANCED_FACE('',(#7858),#7657,.F.);
#7858 = FACE_BOUND('',#7859,.F.);
#7859 = EDGE_LOOP('',(#7860,#7861,#7884,#7907));
#7860 = ORIENTED_EDGE('',*,*,#7641,.T.);
#7861 = ORIENTED_EDGE('',*,*,#7862,.T.);
#7862 = EDGE_CURVE('',#7451,#7863,#7865,.T.);
#7863 = VERTEX_POINT('',#7864);
#7864 = CARTESIAN_POINT('',(60.991089907328,4.436551526513,2.));
#7865 = SURFACE_CURVE('',#7866,(#7870,#7877),.PCURVE_S1.);
#7866 = LINE('',#7867,#7868);
#7867 = CARTESIAN_POINT('',(61.259673537957,6.476897903355,2.));
#7868 = VECTOR('',#7869,1.);
#7869 = DIRECTION('',(-0.130510398569,-0.991446940519,0.));
#7870 = PCURVE('',#7657,#7871);
#7871 = DEFINITIONAL_REPRESENTATION('',(#7872),#7876);
#7872 = LINE('',#7873,#7874);
#7873 = CARTESIAN_POINT('',(0.,-2.));
#7874 = VECTOR('',#7875,1.);
#7875 = DIRECTION('',(1.,0.));
#7876 = ( GEOMETRIC_REPRESENTATION_CONTEXT(2) 
PARAMETRIC_REPRESENTATION_CONTEXT() REPRESENTATION_CONTEXT('2D SPACE',''
  ) );
#7877 = PCURVE('',#7218,#7878);
#7878 = DEFINITIONAL_REPRESENTATION('',(#7879),#7883);
#7879 = LINE('',#7880,#7881);
#7880 = CARTESIAN_POINT('',(-3.805438181793,-3.369051687893));
#7881 = VECTOR('',#7882,1.);
#7882 = DIRECTION('',(-0.130510398569,-0.991446940519));
#7883 = ( GEOMETRIC_REPRESENTATION_CONTEXT(2) 
PARAMETRIC_REPRESENTATION_CONTEXT() REPRESENTATION_CONTEXT('2D SPACE',''
  ) );
#7884 = ORIENTED_EDGE('',*,*,#7885,.F.);
#7885 = EDGE_CURVE('',#7886,#7863,#7888,.T.);
#7886 = VERTEX_POINT('',#7887);
#7887 = CARTESIAN_POINT('',(60.991089907328,4.436551526513,0.));
#7888 = SURFACE_CURVE('',#7889,(#7893,#7900),.PCURVE_S1.);
#7889 = LINE('',#7890,#7891);
#7890 = CARTESIAN_POINT('',(60.991089907328,4.436551526513,0.));
#7891 = VECTOR('',#7892,1.);
#7892 = DIRECTION('',(0.,0.,1.));
#7893 = PCURVE('',#7657,#7894);
#7894 = DEFINITIONAL_REPRESENTATION('',(#7895),#7899);
#7895 = LINE('',#7896,#7897);
#7896 = CARTESIAN_POINT('',(2.057948129602,0.));
#7897 = VECTOR('',#7898,1.);
#7898 = DIRECTION('',(0.,-1.));
#7899 = ( GEOMETRIC_REPRESENTATION_CONTEXT(2) 
PARAMETRIC_REPRESENTATION_CONTEXT() REPRESENTATION_CONTEXT('2D SPACE',''
  ) );
#7900 = PCURVE('',#7110,#7901);
#7901 = DEFINITIONAL_REPRESENTATION('',(#7902),#7906);
#7902 = LINE('',#7903,#7904);
#7903 = CARTESIAN_POINT('',(0.,0.));
#7904 = VECTOR('',#7905,1.);
#7905 = DIRECTION('',(0.,-1.));
#7906 = ( GEOMETRIC_REPRESENTATION_CONTEXT(2) 
PARAMETRIC_REPRESENTATION_CONTEXT() REPRESENTATION_CONTEXT('2D SPACE',''
  ) );
#7907 = ORIENTED_EDGE('',*,*,#7908,.F.);
#7908 = EDGE_CURVE('',#7642,#7886,#7909,.T.);
#7909 = SURFACE_CURVE('',#7910,(#7914,#7921),.PCURVE_S1.);
#7910 = LINE('',#7911,#7912);
#7911 = CARTESIAN_POINT('',(61.259673537957,6.476897903355,0.));
#7912 = VECTOR('',#7913,1.);
#7913 = DIRECTION('',(-0.130510398569,-0.991446940519,0.));
#7914 = PCURVE('',#7657,#7915);
#7915 = DEFINITIONAL_REPRESENTATION('',(#7916),#7920);
#7916 = LINE('',#7917,#7918);
#7917 = CARTESIAN_POINT('',(0.,0.));
#7918 = VECTOR('',#7919,1.);
#7919 = DIRECTION('',(1.,0.));
#7920 = ( GEOMETRIC_REPRESENTATION_CONTEXT(2) 
PARAMETRIC_REPRESENTATION_CONTEXT() REPRESENTATION_CONTEXT('2D SPACE',''
  ) );
#7921 = PCURVE('',#7272,#7922);
#7922 = DEFINITIONAL_REPRESENTATION('',(#7923),#7927);
#7923 = LINE('',#7924,#7925);
#7924 = CARTESIAN_POINT('',(-3.805438181793,-3.369051687893));
#7925 = VECTOR('',#7926,1.);
#7926 = DIRECTION('',(-0.130510398569,-0.991446940519));
#7927 = ( GEOMETRIC_REPRESENTATION_CONTEXT(2) 
PARAMETRIC_REPRESENTATION_CONTEXT() REPRESENTATION_CONTEXT('2D SPACE',''
  ) );
#7928 = ADVANCED_FACE('',(#7929),#7110,.F.);
#7929 = FACE_BOUND('',#7930,.F.);
#7930 = EDGE_LOOP('',(#7931,#7932,#8109,#8110));
#7931 = ORIENTED_EDGE('',*,*,#7885,.T.);
#7932 = ORIENTED_EDGE('',*,*,#7933,.T.);
#7933 = EDGE_CURVE('',#7863,#7090,#7934,.T.);
#7934 = SURFACE_CURVE('',#7935,(#8017,#8024),.PCURVE_S1.);
#7935 = B_SPLINE_CURVE_WITH_KNOTS('',8,(#7936,#7937,#7938,#7939,#7940,
    #7941,#7942,#7943,#7944,#7945,#7946,#7947,#7948,#7949,#7950,#7951,
    #7952,#7953,#7954,#7955,#7956,#7957,#7958,#7959,#7960,#7961,#7962,
    #7963,#7964,#7965,#7966,#7967,#7968,#7969,#7970,#7971,#7972,#7973,
    #7974,#7975,#7976,#7977,#7978,#7979,#7980,#7981,#7982,#7983,#7984,
    #7985,#7986,#7987,#7988,#7989,#7990,#7991,#7992,#7993,#7994,#7995,
    #7996,#7997,#7998,#7999,#8000,#8001,#8002,#8003,#8004,#8005,#8006,
    #8007,#8008,#8009,#8010,#8011,#8012,#8013,#8014,#8015,#8016),
  .UNSPECIFIED.,.F.,.F.,(9,6,6,6,6,6,6,6,6,6,6,6,6,9),(0.,
    7.647185281791E-02,0.15334988176,0.238498331244,0.3073997148,
    0.381678444042,0.461605794712,0.53546279457,0.615378513165,
    0.69244438866,0.769144054853,0.844187982885,0.922676568115,1.),
  .UNSPECIFIED.);
#7936 = CARTESIAN_POINT('',(60.991089907328,4.436551526513,2.));
#7937 = CARTESIAN_POINT('',(61.091916069302,4.312818378362,2.));
#7938 = CARTESIAN_POINT('',(61.712661976845,4.257226509411,2.));
#7939 = CARTESIAN_POINT('',(61.124573474817,4.202813890152,2.));
#7940 = CARTESIAN_POINT('',(62.333285601986,4.074156120519,2.));
#7941 = CARTESIAN_POINT('',(61.790180121304,4.081072242295,2.));
#7942 = CARTESIAN_POINT('',(62.359500849365,3.995858469674,2.));
#7943 = CARTESIAN_POINT('',(62.672312565046,3.91771350315,2.));
#7944 = CARTESIAN_POINT('',(63.242866239168,3.838570375442,2.));
#7945 = CARTESIAN_POINT('',(63.316193989343,3.823023551265,2.));
#7946 = CARTESIAN_POINT('',(63.763322772811,3.784782959133,2.));
#7947 = CARTESIAN_POINT('',(63.812097860131,3.778339268629,2.));
#7948 = CARTESIAN_POINT('',(64.126433553486,3.762494235783,2.));
#7949 = CARTESIAN_POINT('',(64.576361688451,3.748870458237,2.));
#7950 = CARTESIAN_POINT('',(65.092908579395,3.755754376608,2.));
#7951 = CARTESIAN_POINT('',(65.304199529302,3.766605685981,2.));
#7952 = CARTESIAN_POINT('',(65.619604360126,3.789190202219,2.));
#7953 = CARTESIAN_POINT('',(65.821537300696,3.813638523158,2.));
#7954 = CARTESIAN_POINT('',(66.099151104697,3.856192233319,2.));
#7955 = CARTESIAN_POINT('',(66.54068153206,3.94668546448,2.));
#7956 = CARTESIAN_POINT('',(66.989465454536,4.086291754793,2.));
#7957 = CARTESIAN_POINT('',(67.171644807474,4.152824460475,2.));
#7958 = CARTESIAN_POINT('',(67.380274497401,4.245048305429,2.));
#7959 = CARTESIAN_POINT('',(67.546911163335,4.326651604998,2.));
#7960 = CARTESIAN_POINT('',(67.734816083708,4.441853994372,2.));
#7961 = CARTESIAN_POINT('',(68.079663216232,4.683053826119,2.));
#7962 = CARTESIAN_POINT('',(68.391899827146,4.994154248683,2.));
#7963 = CARTESIAN_POINT('',(68.522551340461,5.145378588194,2.));
#7964 = CARTESIAN_POINT('',(68.671266821787,5.373368071123,2.));
#7965 = CARTESIAN_POINT('',(68.756220297812,5.521360715764,2.));
#7966 = CARTESIAN_POINT('',(68.85603063455,5.760608809754,2.));
#7967 = CARTESIAN_POINT('',(68.993357656913,6.176679088888,2.));
#7968 = CARTESIAN_POINT('',(69.070482045875,6.662109246852,2.));
#7969 = CARTESIAN_POINT('',(69.081211646795,6.843057559567,2.));
#7970 = CARTESIAN_POINT('',(69.088594356984,7.189825913407,2.));
#7971 = CARTESIAN_POINT('',(69.093891798933,7.319864504535,2.));
#7972 = CARTESIAN_POINT('',(69.048272206825,7.623345682421,2.));
#7973 = CARTESIAN_POINT('',(68.955506799707,8.039954270244,2.));
#7974 = CARTESIAN_POINT('',(68.763998412999,8.495547024913,2.));
#7975 = CARTESIAN_POINT('',(68.677311056336,8.642801333745,2.));
#7976 = CARTESIAN_POINT('',(68.524506008194,8.90755706977,2.));
#7977 = CARTESIAN_POINT('',(68.418441591089,9.011720495842,2.));
#7978 = CARTESIAN_POINT('',(68.252880334277,9.212172874987,2.));
#7979 = CARTESIAN_POINT('',(67.939687038483,9.524588442577,2.));
#7980 = CARTESIAN_POINT('',(67.572059674537,9.830452499823,2.));
#7981 = CARTESIAN_POINT('',(67.395659726613,9.95064477474,2.));
#7982 = CARTESIAN_POINT('',(67.173452426168,10.117901344114,2.));
#7983 = CARTESIAN_POINT('',(66.986979629439,10.212643635736,2.));
#7984 = CARTESIAN_POINT('',(66.774079290136,10.348062769384,2.));
#7985 = CARTESIAN_POINT('',(66.355370526816,10.557109100954,2.));
#7986 = CARTESIAN_POINT('',(65.93583029993,10.765771324218,2.));
#7987 = CARTESIAN_POINT('',(65.717149655723,10.872680712791,2.));
#7988 = CARTESIAN_POINT('',(65.545875578079,10.964101596922,2.));
#7989 = CARTESIAN_POINT('',(65.289118637339,11.08206200935,2.));
#7990 = CARTESIAN_POINT('',(65.123613239141,11.173559100493,2.));
#7991 = CARTESIAN_POINT('',(64.676301725631,11.385912117672,2.));
#7992 = CARTESIAN_POINT('',(64.308562979893,11.585175881531,2.));
#7993 = CARTESIAN_POINT('',(64.042081428392,11.779840911362,2.));
#7994 = CARTESIAN_POINT('',(64.011609560655,11.808926046064,2.));
#7995 = CARTESIAN_POINT('',(63.692547261338,12.092457765027,2.));
#7996 = CARTESIAN_POINT('',(63.641402778157,12.22598847771,2.));
#7997 = CARTESIAN_POINT('',(63.457311182361,12.697833106251,2.));
#7998 = CARTESIAN_POINT('',(63.51624389867,13.134696991503,2.));
#7999 = CARTESIAN_POINT('',(63.499823399222,13.367367393806,2.));
#8000 = CARTESIAN_POINT('',(63.64866222501,13.604619977981,2.));
#8001 = CARTESIAN_POINT('',(63.687591243506,13.778460793299,2.));
#8002 = CARTESIAN_POINT('',(63.935197659712,13.95340122044,2.));
#8003 = CARTESIAN_POINT('',(64.274895438558,14.178631127621,2.));
#8004 = CARTESIAN_POINT('',(64.797651015306,14.297510659942,2.));
#8005 = CARTESIAN_POINT('',(64.88672259803,14.297916100842,2.));
#8006 = CARTESIAN_POINT('',(65.393653585945,14.318075636853,2.));
#8007 = CARTESIAN_POINT('',(65.350293931729,14.321613757807,2.));
#8008 = CARTESIAN_POINT('',(65.748204495402,14.255741156795,2.));
#8009 = CARTESIAN_POINT('',(66.108158346627,14.151315457204,2.));
#8010 = CARTESIAN_POINT('',(66.620876106105,13.9305545039,2.));
#8011 = CARTESIAN_POINT('',(66.662241833178,13.85790572747,2.));
#8012 = CARTESIAN_POINT('',(67.150606476529,13.665580398695,2.));
#8013 = CARTESIAN_POINT('',(67.018587311227,13.592206818346,2.));
#8014 = CARTESIAN_POINT('',(67.428534243652,13.432505720855,2.));
#8015 = CARTESIAN_POINT('',(67.506298960338,13.27226999534,2.));
#8016 = CARTESIAN_POINT('',(67.707054792842,13.134268813225,2.));
#8017 = PCURVE('',#7110,#8018);
#8018 = DEFINITIONAL_REPRESENTATION('',(#8019),#8023);
#8019 = LINE('',#8020,#8021);
#8020 = CARTESIAN_POINT('',(0.,-2.));
#8021 = VECTOR('',#8022,1.);
#8022 = DIRECTION('',(1.,0.));
#8023 = ( GEOMETRIC_REPRESENTATION_CONTEXT(2) 
PARAMETRIC_REPRESENTATION_CONTEXT() REPRESENTATION_CONTEXT('2D SPACE',''
  ) );
#8024 = PCURVE('',#7218,#8025);
#8025 = DEFINITIONAL_REPRESENTATION('',(#8026),#8108);
#8026 = B_SPLINE_CURVE_WITH_KNOTS('',8,(#8027,#8028,#8029,#8030,#8031,
    #8032,#8033,#8034,#8035,#8036,#8037,#8038,#8039,#8040,#8041,#8042,
    #8043,#8044,#8045,#8046,#8047,#8048,#8049,#8050,#8051,#8052,#8053,
    #8054,#8055,#8056,#8057,#8058,#8059,#8060,#8061,#8062,#8063,#8064,
    #8065,#8066,#8067,#8068,#8069,#8070,#8071,#8072,#8073,#8074,#8075,
    #8076,#8077,#8078,#8079,#8080,#8081,#8082,#8083,#8084,#8085,#8086,
    #8087,#8088,#8089,#8090,#8091,#8092,#8093,#8094,#8095,#8096,#8097,
    #8098,#8099,#8100,#8101,#8102,#8103,#8104,#8105,#8106,#8107),
  .UNSPECIFIED.,.F.,.F.,(9,6,6,6,6,6,6,6,6,6,6,6,6,9),(0.,
    7.647185281791E-02,0.15334988176,0.238498331244,0.3073997148,
    0.381678444042,0.461605794712,0.53546279457,0.615378513165,
    0.69244438866,0.769144054853,0.844187982885,0.922676568115,1.),
  .UNSPECIFIED.);
#8027 = CARTESIAN_POINT('',(-4.074021812421,-5.409398064735));
#8028 = CARTESIAN_POINT('',(-3.973195650448,-5.533131212886));
#8029 = CARTESIAN_POINT('',(-3.352449742904,-5.588723081838));
#8030 = CARTESIAN_POINT('',(-3.940538244932,-5.643135701096));
#8031 = CARTESIAN_POINT('',(-2.731826117763,-5.77179347073));
#8032 = CARTESIAN_POINT('',(-3.274931598445,-5.764877348953));
#8033 = CARTESIAN_POINT('',(-2.705610870384,-5.850091121574));
#8034 = CARTESIAN_POINT('',(-2.392799154703,-5.928236088098));
#8035 = CARTESIAN_POINT('',(-1.822245480582,-6.007379215807));
#8036 = CARTESIAN_POINT('',(-1.748917730406,-6.022926039983));
#8037 = CARTESIAN_POINT('',(-1.301788946938,-6.061166632116));
#8038 = CARTESIAN_POINT('',(-1.253013859618,-6.06761032262));
#8039 = CARTESIAN_POINT('',(-0.938678166263,-6.083455355465));
#8040 = CARTESIAN_POINT('',(-0.488750031298,-6.097079133012));
#8041 = CARTESIAN_POINT('',(2.779685964541E-02,-6.090195214641));
#8042 = CARTESIAN_POINT('',(0.239087809553,-6.079343905267));
#8043 = CARTESIAN_POINT('',(0.554492640377,-6.056759389029));
#8044 = CARTESIAN_POINT('',(0.756425580947,-6.03231106809));
#8045 = CARTESIAN_POINT('',(1.034039384948,-5.989757357929));
#8046 = CARTESIAN_POINT('',(1.475569812311,-5.899264126768));
#8047 = CARTESIAN_POINT('',(1.924353734787,-5.759657836456));
#8048 = CARTESIAN_POINT('',(2.106533087725,-5.693125130773));
#8049 = CARTESIAN_POINT('',(2.315162777652,-5.60090128582));
#8050 = CARTESIAN_POINT('',(2.481799443586,-5.519297986251));
#8051 = CARTESIAN_POINT('',(2.669704363959,-5.404095596876));
#8052 = CARTESIAN_POINT('',(3.014551496483,-5.162895765129));
#8053 = CARTESIAN_POINT('',(3.326788107396,-4.851795342566));
#8054 = CARTESIAN_POINT('',(3.457439620712,-4.700571003055));
#8055 = CARTESIAN_POINT('',(3.606155102037,-4.472581520125));
#8056 = CARTESIAN_POINT('',(3.691108578063,-4.324588875484));
#8057 = CARTESIAN_POINT('',(3.790918914801,-4.085340781494));
#8058 = CARTESIAN_POINT('',(3.928245937164,-3.669270502361));
#8059 = CARTESIAN_POINT('',(4.005370326125,-3.183840344397));
#8060 = CARTESIAN_POINT('',(4.016099927046,-3.002892031682));
#8061 = CARTESIAN_POINT('',(4.023482637235,-2.656123677841));
#8062 = CARTESIAN_POINT('',(4.028780079184,-2.526085086713));
#8063 = CARTESIAN_POINT('',(3.983160487076,-2.222603908828));
#8064 = CARTESIAN_POINT('',(3.890395079958,-1.805995321005));
#8065 = CARTESIAN_POINT('',(3.69888669325,-1.350402566335));
#8066 = CARTESIAN_POINT('',(3.612199336587,-1.203148257503));
#8067 = CARTESIAN_POINT('',(3.459394288445,-0.938392521478));
#8068 = CARTESIAN_POINT('',(3.35332987134,-0.834229095406));
#8069 = CARTESIAN_POINT('',(3.187768614527,-0.633776716261));
#8070 = CARTESIAN_POINT('',(2.874575318734,-0.321361148671));
#8071 = CARTESIAN_POINT('',(2.506947954787,-1.54970914255E-02));
#8072 = CARTESIAN_POINT('',(2.330548006863,0.104695183491));
#8073 = CARTESIAN_POINT('',(2.108340706419,0.271951752866));
#8074 = CARTESIAN_POINT('',(1.921867909689,0.366694044488));
#8075 = CARTESIAN_POINT('',(1.708967570387,0.502113178135));
#8076 = CARTESIAN_POINT('',(1.290258807067,0.711159509705));
#8077 = CARTESIAN_POINT('',(0.87071858018,0.919821732969));
#8078 = CARTESIAN_POINT('',(0.652037935974,1.026731121542));
#8079 = CARTESIAN_POINT('',(0.48076385833,1.118152005673));
#8080 = CARTESIAN_POINT('',(0.22400691759,1.236112418102));
#8081 = CARTESIAN_POINT('',(5.85015193919E-02,1.327609509244));
#8082 = CARTESIAN_POINT('',(-0.388809994118,1.539962526424));
#8083 = CARTESIAN_POINT('',(-0.756548739856,1.739226290282));
#8084 = CARTESIAN_POINT('',(-1.023030291357,1.933891320113));
#8085 = CARTESIAN_POINT('',(-1.053502159095,1.962976454816));
#8086 = CARTESIAN_POINT('',(-1.372564458411,2.246508173778));
#8087 = CARTESIAN_POINT('',(-1.423708941592,2.380038886461));
#8088 = CARTESIAN_POINT('',(-1.607800537388,2.851883515002));
#8089 = CARTESIAN_POINT('',(-1.54886782108,3.288747400255));
#8090 = CARTESIAN_POINT('',(-1.565288320527,3.521417802558));
#8091 = CARTESIAN_POINT('',(-1.41644949474,3.758670386733));
#8092 = CARTESIAN_POINT('',(-1.377520476244,3.93251120205));
#8093 = CARTESIAN_POINT('',(-1.129914060037,4.107451629191));
#8094 = CARTESIAN_POINT('',(-0.790216281191,4.332681536372));
#8095 = CARTESIAN_POINT('',(-0.267460704443,4.451561068693));
#8096 = CARTESIAN_POINT('',(-0.178389121719,4.451966509594));
#8097 = CARTESIAN_POINT('',(0.328541866195,4.472126045605));
#8098 = CARTESIAN_POINT('',(0.28518221198,4.475664166558));
#8099 = CARTESIAN_POINT('',(0.683092775653,4.409791565547));
#8100 = CARTESIAN_POINT('',(1.043046626878,4.305365865955));
#8101 = CARTESIAN_POINT('',(1.555764386356,4.084604912651));
#8102 = CARTESIAN_POINT('',(1.597130113429,4.011956136221));
#8103 = CARTESIAN_POINT('',(2.08549475678,3.819630807447));
#8104 = CARTESIAN_POINT('',(1.953475591478,3.746257227098));
#8105 = CARTESIAN_POINT('',(2.363422523903,3.586556129606));
#8106 = CARTESIAN_POINT('',(2.441187240588,3.426320404091));
#8107 = CARTESIAN_POINT('',(2.641943073092,3.288319221977));
#8108 = ( GEOMETRIC_REPRESENTATION_CONTEXT(2) 
PARAMETRIC_REPRESENTATION_CONTEXT() REPRESENTATION_CONTEXT('2D SPACE',''
  ) );
#8109 = ORIENTED_EDGE('',*,*,#7087,.F.);
#8110 = ORIENTED_EDGE('',*,*,#8111,.F.);
#8111 = EDGE_CURVE('',#7886,#7088,#8112,.T.);
#8112 = SURFACE_CURVE('',#8113,(#8195,#8202),.PCURVE_S1.);
#8113 = B_SPLINE_CURVE_WITH_KNOTS('',8,(#8114,#8115,#8116,#8117,#8118,
    #8119,#8120,#8121,#8122,#8123,#8124,#8125,#8126,#8127,#8128,#8129,
    #8130,#8131,#8132,#8133,#8134,#8135,#8136,#8137,#8138,#8139,#8140,
    #8141,#8142,#8143,#8144,#8145,#8146,#8147,#8148,#8149,#8150,#8151,
    #8152,#8153,#8154,#8155,#8156,#8157,#8158,#8159,#8160,#8161,#8162,
    #8163,#8164,#8165,#8166,#8167,#8168,#8169,#8170,#8171,#8172,#8173,
    #8174,#8175,#8176,#8177,#8178,#8179,#8180,#8181,#8182,#8183,#8184,
    #8185,#8186,#8187,#8188,#8189,#8190,#8191,#8192,#8193,#8194),
  .UNSPECIFIED.,.F.,.F.,(9,6,6,6,6,6,6,6,6,6,6,6,6,9),(0.,
    7.647185281791E-02,0.15334988176,0.238498331244,0.3073997148,
    0.381678444042,0.461605794712,0.53546279457,0.615378513165,
    0.69244438866,0.769144054853,0.844187982885,0.922676568115,1.),
  .UNSPECIFIED.);
#8114 = CARTESIAN_POINT('',(60.991089907328,4.436551526513,0.));
#8115 = CARTESIAN_POINT('',(61.091916069302,4.312818378362,0.));
#8116 = CARTESIAN_POINT('',(61.712661976845,4.257226509411,0.));
#8117 = CARTESIAN_POINT('',(61.124573474817,4.202813890152,0.));
#8118 = CARTESIAN_POINT('',(62.333285601986,4.074156120519,0.));
#8119 = CARTESIAN_POINT('',(61.790180121304,4.081072242295,0.));
#8120 = CARTESIAN_POINT('',(62.359500849365,3.995858469674,0.));
#8121 = CARTESIAN_POINT('',(62.672312565046,3.91771350315,0.));
#8122 = CARTESIAN_POINT('',(63.242866239168,3.838570375442,0.));
#8123 = CARTESIAN_POINT('',(63.316193989343,3.823023551265,0.));
#8124 = CARTESIAN_POINT('',(63.763322772811,3.784782959133,0.));
#8125 = CARTESIAN_POINT('',(63.812097860131,3.778339268629,0.));
#8126 = CARTESIAN_POINT('',(64.126433553486,3.762494235783,0.));
#8127 = CARTESIAN_POINT('',(64.576361688451,3.748870458237,0.));
#8128 = CARTESIAN_POINT('',(65.092908579395,3.755754376608,0.));
#8129 = CARTESIAN_POINT('',(65.304199529302,3.766605685981,0.));
#8130 = CARTESIAN_POINT('',(65.619604360126,3.789190202219,0.));
#8131 = CARTESIAN_POINT('',(65.821537300696,3.813638523158,0.));
#8132 = CARTESIAN_POINT('',(66.099151104697,3.856192233319,0.));
#8133 = CARTESIAN_POINT('',(66.54068153206,3.94668546448,0.));
#8134 = CARTESIAN_POINT('',(66.989465454536,4.086291754793,0.));
#8135 = CARTESIAN_POINT('',(67.171644807474,4.152824460475,0.));
#8136 = CARTESIAN_POINT('',(67.380274497401,4.245048305429,0.));
#8137 = CARTESIAN_POINT('',(67.546911163335,4.326651604998,0.));
#8138 = CARTESIAN_POINT('',(67.734816083708,4.441853994372,0.));
#8139 = CARTESIAN_POINT('',(68.079663216232,4.683053826119,0.));
#8140 = CARTESIAN_POINT('',(68.391899827146,4.994154248683,0.));
#8141 = CARTESIAN_POINT('',(68.522551340461,5.145378588194,0.));
#8142 = CARTESIAN_POINT('',(68.671266821787,5.373368071123,0.));
#8143 = CARTESIAN_POINT('',(68.756220297812,5.521360715764,0.));
#8144 = CARTESIAN_POINT('',(68.85603063455,5.760608809754,0.));
#8145 = CARTESIAN_POINT('',(68.993357656913,6.176679088888,0.));
#8146 = CARTESIAN_POINT('',(69.070482045875,6.662109246852,0.));
#8147 = CARTESIAN_POINT('',(69.081211646795,6.843057559567,0.));
#8148 = CARTESIAN_POINT('',(69.088594356984,7.189825913407,0.));
#8149 = CARTESIAN_POINT('',(69.093891798933,7.319864504535,0.));
#8150 = CARTESIAN_POINT('',(69.048272206825,7.623345682421,0.));
#8151 = CARTESIAN_POINT('',(68.955506799707,8.039954270244,0.));
#8152 = CARTESIAN_POINT('',(68.763998412999,8.495547024913,0.));
#8153 = CARTESIAN_POINT('',(68.677311056336,8.642801333745,0.));
#8154 = CARTESIAN_POINT('',(68.524506008194,8.90755706977,0.));
#8155 = CARTESIAN_POINT('',(68.418441591089,9.011720495842,0.));
#8156 = CARTESIAN_POINT('',(68.252880334277,9.212172874987,0.));
#8157 = CARTESIAN_POINT('',(67.939687038483,9.524588442577,0.));
#8158 = CARTESIAN_POINT('',(67.572059674537,9.830452499823,0.));
#8159 = CARTESIAN_POINT('',(67.395659726613,9.95064477474,0.));
#8160 = CARTESIAN_POINT('',(67.173452426168,10.117901344114,0.));
#8161 = CARTESIAN_POINT('',(66.986979629439,10.212643635736,0.));
#8162 = CARTESIAN_POINT('',(66.774079290136,10.348062769384,0.));
#8163 = CARTESIAN_POINT('',(66.355370526816,10.557109100954,0.));
#8164 = CARTESIAN_POINT('',(65.93583029993,10.765771324218,0.));
#8165 = CARTESIAN_POINT('',(65.717149655723,10.872680712791,0.));
#8166 = CARTESIAN_POINT('',(65.545875578079,10.964101596922,0.));
#8167 = CARTESIAN_POINT('',(65.289118637339,11.08206200935,0.));
#8168 = CARTESIAN_POINT('',(65.123613239141,11.173559100493,0.));
#8169 = CARTESIAN_POINT('',(64.676301725631,11.385912117672,0.));
#8170 = CARTESIAN_POINT('',(64.308562979893,11.585175881531,0.));
#8171 = CARTESIAN_POINT('',(64.042081428392,11.779840911362,0.));
#8172 = CARTESIAN_POINT('',(64.011609560655,11.808926046064,0.));
#8173 = CARTESIAN_POINT('',(63.692547261338,12.092457765027,0.));
#8174 = CARTESIAN_POINT('',(63.641402778157,12.22598847771,0.));
#8175 = CARTESIAN_POINT('',(63.457311182361,12.697833106251,0.));
#8176 = CARTESIAN_POINT('',(63.51624389867,13.134696991503,0.));
#8177 = CARTESIAN_POINT('',(63.499823399222,13.367367393806,0.));
#8178 = CARTESIAN_POINT('',(63.64866222501,13.604619977981,0.));
#8179 = CARTESIAN_POINT('',(63.687591243506,13.778460793299,0.));
#8180 = CARTESIAN_POINT('',(63.935197659712,13.95340122044,0.));
#8181 = CARTESIAN_POINT('',(64.274895438558,14.178631127621,0.));
#8182 = CARTESIAN_POINT('',(64.797651015306,14.297510659942,0.));
#8183 = CARTESIAN_POINT('',(64.88672259803,14.297916100842,0.));
#8184 = CARTESIAN_POINT('',(65.393653585945,14.318075636853,0.));
#8185 = CARTESIAN_POINT('',(65.350293931729,14.321613757807,0.));
#8186 = CARTESIAN_POINT('',(65.748204495402,14.255741156795,0.));
#8187 = CARTESIAN_POINT('',(66.108158346627,14.151315457204,0.));
#8188 = CARTESIAN_POINT('',(66.620876106105,13.9305545039,0.));
#8189 = CARTESIAN_POINT('',(66.662241833178,13.85790572747,0.));
#8190 = CARTESIAN_POINT('',(67.150606476529,13.665580398695,0.));
#8191 = CARTESIAN_POINT('',(67.018587311227,13.592206818346,0.));
#8192 = CARTESIAN_POINT('',(67.428534243652,13.432505720855,0.));
#8193 = CARTESIAN_POINT('',(67.506298960338,13.27226999534,0.));
#8194 = CARTESIAN_POINT('',(67.707054792842,13.134268813225,0.));
#8195 = PCURVE('',#7110,#8196);
#8196 = DEFINITIONAL_REPRESENTATION('',(#8197),#8201);
#8197 = LINE('',#8198,#8199);
#8198 = CARTESIAN_POINT('',(0.,0.));
#8199 = VECTOR('',#8200,1.);
#8200 = DIRECTION('',(1.,0.));
#8201 = ( GEOMETRIC_REPRESENTATION_CONTEXT(2) 
PARAMETRIC_REPRESENTATION_CONTEXT() REPRESENTATION_CONTEXT('2D SPACE',''
  ) );
#8202 = PCURVE('',#7272,#8203);
#8203 = DEFINITIONAL_REPRESENTATION('',(#8204),#8286);
#8204 = B_SPLINE_CURVE_WITH_KNOTS('',8,(#8205,#8206,#8207,#8208,#8209,
    #8210,#8211,#8212,#8213,#8214,#8215,#8216,#8217,#8218,#8219,#8220,
    #8221,#8222,#8223,#8224,#8225,#8226,#8227,#8228,#8229,#8230,#8231,
    #8232,#8233,#8234,#8235,#8236,#8237,#8238,#8239,#8240,#8241,#8242,
    #8243,#8244,#8245,#8246,#8247,#8248,#8249,#8250,#8251,#8252,#8253,
    #8254,#8255,#8256,#8257,#8258,#8259,#8260,#8261,#8262,#8263,#8264,
    #8265,#8266,#8267,#8268,#8269,#8270,#8271,#8272,#8273,#8274,#8275,
    #8276,#8277,#8278,#8279,#8280,#8281,#8282,#8283,#8284,#8285),
  .UNSPECIFIED.,.F.,.F.,(9,6,6,6,6,6,6,6,6,6,6,6,6,9),(0.,
    7.647185281791E-02,0.15334988176,0.238498331244,0.3073997148,
    0.381678444042,0.461605794712,0.53546279457,0.615378513165,
    0.69244438866,0.769144054853,0.844187982885,0.922676568115,1.),
  .UNSPECIFIED.);
#8205 = CARTESIAN_POINT('',(-4.074021812421,-5.409398064735));
#8206 = CARTESIAN_POINT('',(-3.973195650448,-5.533131212886));
#8207 = CARTESIAN_POINT('',(-3.352449742904,-5.588723081838));
#8208 = CARTESIAN_POINT('',(-3.940538244932,-5.643135701096));
#8209 = CARTESIAN_POINT('',(-2.731826117763,-5.77179347073));
#8210 = CARTESIAN_POINT('',(-3.274931598445,-5.764877348953));
#8211 = CARTESIAN_POINT('',(-2.705610870384,-5.850091121574));
#8212 = CARTESIAN_POINT('',(-2.392799154703,-5.928236088098));
#8213 = CARTESIAN_POINT('',(-1.822245480582,-6.007379215807));
#8214 = CARTESIAN_POINT('',(-1.748917730406,-6.022926039983));
#8215 = CARTESIAN_POINT('',(-1.301788946938,-6.061166632116));
#8216 = CARTESIAN_POINT('',(-1.253013859618,-6.06761032262));
#8217 = CARTESIAN_POINT('',(-0.938678166263,-6.083455355465));
#8218 = CARTESIAN_POINT('',(-0.488750031298,-6.097079133012));
#8219 = CARTESIAN_POINT('',(2.779685964541E-02,-6.090195214641));
#8220 = CARTESIAN_POINT('',(0.239087809553,-6.079343905267));
#8221 = CARTESIAN_POINT('',(0.554492640377,-6.056759389029));
#8222 = CARTESIAN_POINT('',(0.756425580947,-6.03231106809));
#8223 = CARTESIAN_POINT('',(1.034039384948,-5.989757357929));
#8224 = CARTESIAN_POINT('',(1.475569812311,-5.899264126768));
#8225 = CARTESIAN_POINT('',(1.924353734787,-5.759657836456));
#8226 = CARTESIAN_POINT('',(2.106533087725,-5.693125130773));
#8227 = CARTESIAN_POINT('',(2.315162777652,-5.60090128582));
#8228 = CARTESIAN_POINT('',(2.481799443586,-5.519297986251));
#8229 = CARTESIAN_POINT('',(2.669704363959,-5.404095596876));
#8230 = CARTESIAN_POINT('',(3.014551496483,-5.162895765129));
#8231 = CARTESIAN_POINT('',(3.326788107396,-4.851795342566));
#8232 = CARTESIAN_POINT('',(3.457439620712,-4.700571003055));
#8233 = CARTESIAN_POINT('',(3.606155102037,-4.472581520125));
#8234 = CARTESIAN_POINT('',(3.691108578063,-4.324588875484));
#8235 = CARTESIAN_POINT('',(3.790918914801,-4.085340781494));
#8236 = CARTESIAN_POINT('',(3.928245937164,-3.669270502361));
#8237 = CARTESIAN_POINT('',(4.005370326125,-3.183840344397));
#8238 = CARTESIAN_POINT('',(4.016099927046,-3.002892031682));
#8239 = CARTESIAN_POINT('',(4.023482637235,-2.656123677841));
#8240 = CARTESIAN_POINT('',(4.028780079184,-2.526085086713));
#8241 = CARTESIAN_POINT('',(3.983160487076,-2.222603908828));
#8242 = CARTESIAN_POINT('',(3.890395079958,-1.805995321005));
#8243 = CARTESIAN_POINT('',(3.69888669325,-1.350402566335));
#8244 = CARTESIAN_POINT('',(3.612199336587,-1.203148257503));
#8245 = CARTESIAN_POINT('',(3.459394288445,-0.938392521478));
#8246 = CARTESIAN_POINT('',(3.35332987134,-0.834229095406));
#8247 = CARTESIAN_POINT('',(3.187768614527,-0.633776716261));
#8248 = CARTESIAN_POINT('',(2.874575318734,-0.321361148671));
#8249 = CARTESIAN_POINT('',(2.506947954787,-1.54970914255E-02));
#8250 = CARTESIAN_POINT('',(2.330548006863,0.104695183491));
#8251 = CARTESIAN_POINT('',(2.108340706419,0.271951752866));
#8252 = CARTESIAN_POINT('',(1.921867909689,0.366694044488));
#8253 = CARTESIAN_POINT('',(1.708967570387,0.502113178135));
#8254 = CARTESIAN_POINT('',(1.290258807067,0.711159509705));
#8255 = CARTESIAN_POINT('',(0.87071858018,0.919821732969));
#8256 = CARTESIAN_POINT('',(0.652037935974,1.026731121542));
#8257 = CARTESIAN_POINT('',(0.48076385833,1.118152005673));
#8258 = CARTESIAN_POINT('',(0.22400691759,1.236112418102));
#8259 = CARTESIAN_POINT('',(5.85015193919E-02,1.327609509244));
#8260 = CARTESIAN_POINT('',(-0.388809994118,1.539962526424));
#8261 = CARTESIAN_POINT('',(-0.756548739856,1.739226290282));
#8262 = CARTESIAN_POINT('',(-1.023030291357,1.933891320113));
#8263 = CARTESIAN_POINT('',(-1.053502159095,1.962976454816));
#8264 = CARTESIAN_POINT('',(-1.372564458411,2.246508173778));
#8265 = CARTESIAN_POINT('',(-1.423708941592,2.380038886461));
#8266 = CARTESIAN_POINT('',(-1.607800537388,2.851883515002));
#8267 = CARTESIAN_POINT('',(-1.54886782108,3.288747400255));
#8268 = CARTESIAN_POINT('',(-1.565288320527,3.521417802558));
#8269 = CARTESIAN_POINT('',(-1.41644949474,3.758670386733));
#8270 = CARTESIAN_POINT('',(-1.377520476244,3.93251120205));
#8271 = CARTESIAN_POINT('',(-1.129914060037,4.107451629191));
#8272 = CARTESIAN_POINT('',(-0.790216281191,4.332681536372));
#8273 = CARTESIAN_POINT('',(-0.267460704443,4.451561068693));
#8274 = CARTESIAN_POINT('',(-0.178389121719,4.451966509594));
#8275 = CARTESIAN_POINT('',(0.328541866195,4.472126045605));
#8276 = CARTESIAN_POINT('',(0.28518221198,4.475664166558));
#8277 = CARTESIAN_POINT('',(0.683092775653,4.409791565547));
#8278 = CARTESIAN_POINT('',(1.043046626878,4.305365865955));
#8279 = CARTESIAN_POINT('',(1.555764386356,4.084604912651));
#8280 = CARTESIAN_POINT('',(1.597130113429,4.011956136221));
#8281 = CARTESIAN_POINT('',(2.08549475678,3.819630807447));
#8282 = CARTESIAN_POINT('',(1.953475591478,3.746257227098));
#8283 = CARTESIAN_POINT('',(2.363422523903,3.586556129606));
#8284 = CARTESIAN_POINT('',(2.441187240588,3.426320404091));
#8285 = CARTESIAN_POINT('',(2.641943073092,3.288319221977));
#8286 = ( GEOMETRIC_REPRESENTATION_CONTEXT(2) 
PARAMETRIC_REPRESENTATION_CONTEXT() REPRESENTATION_CONTEXT('2D SPACE',''
  ) );
#8287 = ADVANCED_FACE('',(#8288),#7272,.F.);
#8288 = FACE_BOUND('',#8289,.F.);
#8289 = EDGE_LOOP('',(#8290,#8291,#8292,#8293,#8294));
#8290 = ORIENTED_EDGE('',*,*,#7258,.T.);
#8291 = ORIENTED_EDGE('',*,*,#7425,.T.);
#8292 = ORIENTED_EDGE('',*,*,#7669,.T.);
#8293 = ORIENTED_EDGE('',*,*,#7908,.T.);
#8294 = ORIENTED_EDGE('',*,*,#8111,.T.);
#8295 = ADVANCED_FACE('',(#8296),#7218,.T.);
#8296 = FACE_BOUND('',#8297,.T.);
#8297 = EDGE_LOOP('',(#8298,#8299,#8300,#8301,#8302));
#8298 = ORIENTED_EDGE('',*,*,#7202,.T.);
#8299 = ORIENTED_EDGE('',*,*,#7288,.T.);
#8300 = ORIENTED_EDGE('',*,*,#7450,.T.);
#8301 = ORIENTED_EDGE('',*,*,#7862,.T.);
#8302 = ORIENTED_EDGE('',*,*,#7933,.T.);
#8303 = MANIFOLD_SOLID_BREP('',#8304);
#8304 = CLOSED_SHELL('',(#8305,#8501,#8769,#8845,#8921,#8997,#9078,#9166
    ,#9242,#9318,#9389,#9532,#9546));
#8305 = ADVANCED_FACE('',(#8306),#8320,.F.);
#8306 = FACE_BOUND('',#8307,.F.);
#8307 = EDGE_LOOP('',(#8308,#8369,#8397,#8475));
#8308 = ORIENTED_EDGE('',*,*,#8309,.T.);
#8309 = EDGE_CURVE('',#8310,#8312,#8314,.T.);
#8310 = VERTEX_POINT('',#8311);
#8311 = CARTESIAN_POINT('',(56.518478283187,3.924369606729,0.));
#8312 = VERTEX_POINT('',#8313);
#8313 = CARTESIAN_POINT('',(56.518478283187,3.924369606729,2.));
#8314 = SURFACE_CURVE('',#8315,(#8319,#8331),.PCURVE_S1.);
#8315 = LINE('',#8316,#8317);
#8316 = CARTESIAN_POINT('',(56.518478283187,3.924369606729,0.));
#8317 = VECTOR('',#8318,1.);
#8318 = DIRECTION('',(0.,0.,1.));
#8319 = PCURVE('',#8320,#8325);
#8320 = PLANE('',#8321);
#8321 = AXIS2_PLACEMENT_3D('',#8322,#8323,#8324);
#8322 = CARTESIAN_POINT('',(56.518478283187,3.924369606729,0.));
#8323 = DIRECTION('',(0.,1.,0.));
#8324 = DIRECTION('',(1.,0.,0.));
#8325 = DEFINITIONAL_REPRESENTATION('',(#8326),#8330);
#8326 = LINE('',#8327,#8328);
#8327 = CARTESIAN_POINT('',(0.,0.));
#8328 = VECTOR('',#8329,1.);
#8329 = DIRECTION('',(0.,-1.));
#8330 = ( GEOMETRIC_REPRESENTATION_CONTEXT(2) 
PARAMETRIC_REPRESENTATION_CONTEXT() REPRESENTATION_CONTEXT('2D SPACE',''
  ) );
#8331 = PCURVE('',#8332,#8363);
#8332 = SURFACE_OF_LINEAR_EXTRUSION('',#8333,#8361);
#8333 = B_SPLINE_CURVE_WITH_KNOTS('',8,(#8334,#8335,#8336,#8337,#8338,
    #8339,#8340,#8341,#8342,#8343,#8344,#8345,#8346,#8347,#8348,#8349,
    #8350,#8351,#8352,#8353,#8354,#8355,#8356,#8357,#8358,#8359,#8360),
  .UNSPECIFIED.,.F.,.F.,(9,6,6,6,9),(0.,0.344493242718,0.555885890499,
    0.777441086045,1.),.UNSPECIFIED.);
#8334 = CARTESIAN_POINT('',(53.191398018057,4.027007600525,0.));
#8335 = CARTESIAN_POINT('',(53.199507968116,4.728330243308,0.));
#8336 = CARTESIAN_POINT('',(53.149126902678,5.434348915341,0.));
#8337 = CARTESIAN_POINT('',(53.297897433328,6.126098273125,0.));
#8338 = CARTESIAN_POINT('',(53.03519917412,6.84277446161,0.));
#8339 = CARTESIAN_POINT('',(53.321531775772,7.534603075531,0.));
#8340 = CARTESIAN_POINT('',(53.157765823726,8.234796097496,0.));
#8341 = CARTESIAN_POINT('',(53.118675082438,9.386448910858,0.));
#8342 = CARTESIAN_POINT('',(53.524339739702,10.473731548352,0.));
#8343 = CARTESIAN_POINT('',(53.716268939677,10.800740425807,0.));
#8344 = CARTESIAN_POINT('',(54.174225333489,11.312832020593,0.));
#8345 = CARTESIAN_POINT('',(54.650912869902,11.068348773845,0.));
#8346 = CARTESIAN_POINT('',(55.038739446916,11.29509237807,0.));
#8347 = CARTESIAN_POINT('',(56.028383237316,11.101959919141,0.));
#8348 = CARTESIAN_POINT('',(56.504274222339,10.310607739323,0.));
#8349 = CARTESIAN_POINT('',(56.688760841432,9.768341650453,0.));
#8350 = CARTESIAN_POINT('',(56.409754832565,9.381447795609,0.));
#8351 = CARTESIAN_POINT('',(56.545544453395,8.898940325035,0.));
#8352 = CARTESIAN_POINT('',(56.518089340733,8.457229386021,0.));
#8353 = CARTESIAN_POINT('',(56.517968057504,7.549330967531,0.));
#8354 = CARTESIAN_POINT('',(56.519281329434,6.646629550125,0.));
#8355 = CARTESIAN_POINT('',(56.515955976877,6.18999356955,0.));
#8356 = CARTESIAN_POINT('',(56.521930424968,5.741020517953,0.));
#8357 = CARTESIAN_POINT('',(56.515803379666,5.283226306394,0.));
#8358 = CARTESIAN_POINT('',(56.519658693452,4.832202871979,0.));
#8359 = CARTESIAN_POINT('',(56.518231547354,4.377762597471,0.));
#8360 = CARTESIAN_POINT('',(56.518478283187,3.924369606729,0.));
#8361 = VECTOR('',#8362,1.);
#8362 = DIRECTION('',(-0.,-0.,-1.));
#8363 = DEFINITIONAL_REPRESENTATION('',(#8364),#8368);
#8364 = LINE('',#8365,#8366);
#8365 = CARTESIAN_POINT('',(1.,0.));
#8366 = VECTOR('',#8367,1.);
#8367 = DIRECTION('',(0.,-1.));
#8368 = ( GEOMETRIC_REPRESENTATION_CONTEXT(2) 
PARAMETRIC_REPRESENTATION_CONTEXT() REPRESENTATION_CONTEXT('2D SPACE',''
  ) );
#8369 = ORIENTED_EDGE('',*,*,#8370,.T.);
#8370 = EDGE_CURVE('',#8312,#8371,#8373,.T.);
#8371 = VERTEX_POINT('',#8372);
#8372 = CARTESIAN_POINT('',(58.591821114996,3.924369606729,2.));
#8373 = SURFACE_CURVE('',#8374,(#8378,#8385),.PCURVE_S1.);
#8374 = LINE('',#8375,#8376);
#8375 = CARTESIAN_POINT('',(56.518478283187,3.924369606729,2.));
#8376 = VECTOR('',#8377,1.);
#8377 = DIRECTION('',(1.,0.,0.));
#8378 = PCURVE('',#8320,#8379);
#8379 = DEFINITIONAL_REPRESENTATION('',(#8380),#8384);
#8380 = LINE('',#8381,#8382);
#8381 = CARTESIAN_POINT('',(0.,-2.));
#8382 = VECTOR('',#8383,1.);
#8383 = DIRECTION('',(1.,0.));
#8384 = ( GEOMETRIC_REPRESENTATION_CONTEXT(2) 
PARAMETRIC_REPRESENTATION_CONTEXT() REPRESENTATION_CONTEXT('2D SPACE',''
  ) );
#8385 = PCURVE('',#8386,#8391);
#8386 = PLANE('',#8387);
#8387 = AXIS2_PLACEMENT_3D('',#8388,#8389,#8390);
#8388 = CARTESIAN_POINT('',(54.690406285184,8.653712917248,2.));
#8389 = DIRECTION('',(0.,0.,1.));
#8390 = DIRECTION('',(1.,0.,-0.));
#8391 = DEFINITIONAL_REPRESENTATION('',(#8392),#8396);
#8392 = LINE('',#8393,#8394);
#8393 = CARTESIAN_POINT('',(1.828071998003,-4.729343310519));
#8394 = VECTOR('',#8395,1.);
#8395 = DIRECTION('',(1.,0.));
#8396 = ( GEOMETRIC_REPRESENTATION_CONTEXT(2) 
PARAMETRIC_REPRESENTATION_CONTEXT() REPRESENTATION_CONTEXT('2D SPACE',''
  ) );
#8397 = ORIENTED_EDGE('',*,*,#8398,.F.);
#8398 = EDGE_CURVE('',#8399,#8371,#8401,.T.);
#8399 = VERTEX_POINT('',#8400);
#8400 = CARTESIAN_POINT('',(58.591821114996,3.924369606729,0.));
#8401 = SURFACE_CURVE('',#8402,(#8406,#8413),.PCURVE_S1.);
#8402 = LINE('',#8403,#8404);
#8403 = CARTESIAN_POINT('',(58.591821114996,3.924369606729,0.));
#8404 = VECTOR('',#8405,1.);
#8405 = DIRECTION('',(0.,0.,1.));
#8406 = PCURVE('',#8320,#8407);
#8407 = DEFINITIONAL_REPRESENTATION('',(#8408),#8412);
#8408 = LINE('',#8409,#8410);
#8409 = CARTESIAN_POINT('',(2.073342831808,0.));
#8410 = VECTOR('',#8411,1.);
#8411 = DIRECTION('',(0.,-1.));
#8412 = ( GEOMETRIC_REPRESENTATION_CONTEXT(2) 
PARAMETRIC_REPRESENTATION_CONTEXT() REPRESENTATION_CONTEXT('2D SPACE',''
  ) );
#8413 = PCURVE('',#8414,#8469);
#8414 = SURFACE_OF_LINEAR_EXTRUSION('',#8415,#8467);
#8415 = B_SPLINE_CURVE_WITH_KNOTS('',8,(#8416,#8417,#8418,#8419,#8420,
    #8421,#8422,#8423,#8424,#8425,#8426,#8427,#8428,#8429,#8430,#8431,
    #8432,#8433,#8434,#8435,#8436,#8437,#8438,#8439,#8440,#8441,#8442,
    #8443,#8444,#8445,#8446,#8447,#8448,#8449,#8450,#8451,#8452,#8453,
    #8454,#8455,#8456,#8457,#8458,#8459,#8460,#8461,#8462,#8463,#8464,
    #8465,#8466),.UNSPECIFIED.,.F.,.F.,(9,6,6,6,6,6,6,6,9),(0.,
    0.123452085747,0.248785393029,0.37411870031,0.507164534837,
    0.623578462266,0.746714169816,0.878680633086,1.),.UNSPECIFIED.);
#8416 = CARTESIAN_POINT('',(58.591821114996,3.924369606729,0.));
#8417 = CARTESIAN_POINT('',(58.712850190284,3.893835712807,0.));
#8418 = CARTESIAN_POINT('',(58.475388390084,4.955092352005,0.));
#8419 = CARTESIAN_POINT('',(58.798826802507,3.759180308896,0.));
#8420 = CARTESIAN_POINT('',(58.496082246679,5.456210604291,0.));
#8421 = CARTESIAN_POINT('',(58.683792184231,4.692660461389,0.));
#8422 = CARTESIAN_POINT('',(58.614116215066,5.293094117939,0.));
#8423 = CARTESIAN_POINT('',(58.635878825662,5.609266447535,0.));
#8424 = CARTESIAN_POINT('',(58.618397981047,6.148447468739,0.));
#8425 = CARTESIAN_POINT('',(58.639394134775,6.252866531262,0.));
#8426 = CARTESIAN_POINT('',(58.611923393724,6.625030511974,0.));
#8427 = CARTESIAN_POINT('',(58.633413711967,6.73212678546,0.));
#8428 = CARTESIAN_POINT('',(58.623826339939,7.002425468938,0.));
#8429 = CARTESIAN_POINT('',(58.627456986753,7.42989411404,0.));
#8430 = CARTESIAN_POINT('',(58.624432817317,7.884558964173,0.));
#8431 = CARTESIAN_POINT('',(58.628313082265,8.099643278141,0.));
#8432 = CARTESIAN_POINT('',(58.622945837106,8.317497010048,0.));
#8433 = CARTESIAN_POINT('',(58.627375501582,8.556844225694,0.));
#8434 = CARTESIAN_POINT('',(58.625299356332,8.758916061586,0.));
#8435 = CARTESIAN_POINT('',(58.626076047235,9.235954269038,0.));
#8436 = CARTESIAN_POINT('',(58.6256287781,9.666377060883,0.));
#8437 = CARTESIAN_POINT('',(58.618638321206,9.972255751598,0.));
#8438 = CARTESIAN_POINT('',(58.657093418502,10.061346614274,0.));
#8439 = CARTESIAN_POINT('',(58.586010788497,10.460009150826,0.));
#8440 = CARTESIAN_POINT('',(58.587879599707,10.594169888567,0.));
#8441 = CARTESIAN_POINT('',(58.484041999889,11.080350977111,0.));
#8442 = CARTESIAN_POINT('',(58.356324006955,11.453782074791,0.));
#8443 = CARTESIAN_POINT('',(58.246267076103,11.707483689829,0.));
#8444 = CARTESIAN_POINT('',(58.199495907254,11.795374536637,0.));
#8445 = CARTESIAN_POINT('',(58.038513603043,12.052598823164,0.));
#8446 = CARTESIAN_POINT('',(57.937477033246,12.176121669143,0.));
#8447 = CARTESIAN_POINT('',(57.632916722472,12.502686129034,0.));
#8448 = CARTESIAN_POINT('',(57.29915526171,12.736485989892,0.));
#8449 = CARTESIAN_POINT('',(57.087908320564,12.861882643715,0.));
#8450 = CARTESIAN_POINT('',(56.919211144897,12.929114976417,0.));
#8451 = CARTESIAN_POINT('',(56.678683773041,13.013527190238,0.));
#8452 = CARTESIAN_POINT('',(56.485268488039,13.059172922112,0.));
#8453 = CARTESIAN_POINT('',(56.026965402073,13.134169170954,0.));
#8454 = CARTESIAN_POINT('',(55.588893404835,13.148221170963,0.));
#8455 = CARTESIAN_POINT('',(55.325454647898,13.135278765631,0.));
#8456 = CARTESIAN_POINT('',(55.147579914766,13.139465825867,0.));
#8457 = CARTESIAN_POINT('',(54.856047428934,13.07984906966,0.));
#8458 = CARTESIAN_POINT('',(54.662695773373,13.042614054916,0.));
#8459 = CARTESIAN_POINT('',(54.218809299863,12.864180172775,0.));
#8460 = CARTESIAN_POINT('',(53.888372874492,12.591677337143,0.));
#8461 = CARTESIAN_POINT('',(53.711190337017,12.38523822921,0.));
#8462 = CARTESIAN_POINT('',(53.659574635606,12.278446156928,0.));
#8463 = CARTESIAN_POINT('',(53.50930091304,11.979463297641,0.));
#8464 = CARTESIAN_POINT('',(53.490146856011,11.845365494217,0.));
#8465 = CARTESIAN_POINT('',(53.429380323425,11.603428801561,0.));
#8466 = CARTESIAN_POINT('',(53.404362729548,11.396959305961,0.));
#8467 = VECTOR('',#8468,1.);
#8468 = DIRECTION('',(-0.,-0.,-1.));
#8469 = DEFINITIONAL_REPRESENTATION('',(#8470),#8474);
#8470 = LINE('',#8471,#8472);
#8471 = CARTESIAN_POINT('',(0.,0.));
#8472 = VECTOR('',#8473,1.);
#8473 = DIRECTION('',(0.,-1.));
#8474 = ( GEOMETRIC_REPRESENTATION_CONTEXT(2) 
PARAMETRIC_REPRESENTATION_CONTEXT() REPRESENTATION_CONTEXT('2D SPACE',''
  ) );
#8475 = ORIENTED_EDGE('',*,*,#8476,.F.);
#8476 = EDGE_CURVE('',#8310,#8399,#8477,.T.);
#8477 = SURFACE_CURVE('',#8478,(#8482,#8489),.PCURVE_S1.);
#8478 = LINE('',#8479,#8480);
#8479 = CARTESIAN_POINT('',(56.518478283187,3.924369606729,0.));
#8480 = VECTOR('',#8481,1.);
#8481 = DIRECTION('',(1.,0.,0.));
#8482 = PCURVE('',#8320,#8483);
#8483 = DEFINITIONAL_REPRESENTATION('',(#8484),#8488);
#8484 = LINE('',#8485,#8486);
#8485 = CARTESIAN_POINT('',(0.,0.));
#8486 = VECTOR('',#8487,1.);
#8487 = DIRECTION('',(1.,0.));
#8488 = ( GEOMETRIC_REPRESENTATION_CONTEXT(2) 
PARAMETRIC_REPRESENTATION_CONTEXT() REPRESENTATION_CONTEXT('2D SPACE',''
  ) );
#8489 = PCURVE('',#8490,#8495);
#8490 = PLANE('',#8491);
#8491 = AXIS2_PLACEMENT_3D('',#8492,#8493,#8494);
#8492 = CARTESIAN_POINT('',(54.690406285184,8.653712917248,0.));
#8493 = DIRECTION('',(0.,0.,1.));
#8494 = DIRECTION('',(1.,0.,-0.));
#8495 = DEFINITIONAL_REPRESENTATION('',(#8496),#8500);
#8496 = LINE('',#8497,#8498);
#8497 = CARTESIAN_POINT('',(1.828071998003,-4.729343310519));
#8498 = VECTOR('',#8499,1.);
#8499 = DIRECTION('',(1.,0.));
#8500 = ( GEOMETRIC_REPRESENTATION_CONTEXT(2) 
PARAMETRIC_REPRESENTATION_CONTEXT() REPRESENTATION_CONTEXT('2D SPACE',''
  ) );
#8501 = ADVANCED_FACE('',(#8502),#8414,.F.);
#8502 = FACE_BOUND('',#8503,.F.);
#8503 = EDGE_LOOP('',(#8504,#8505,#8624,#8652));
#8504 = ORIENTED_EDGE('',*,*,#8398,.T.);
#8505 = ORIENTED_EDGE('',*,*,#8506,.T.);
#8506 = EDGE_CURVE('',#8371,#8507,#8509,.T.);
#8507 = VERTEX_POINT('',#8508);
#8508 = CARTESIAN_POINT('',(53.404362729548,11.396959305961,2.));
#8509 = SURFACE_CURVE('',#8510,(#8562,#8569),.PCURVE_S1.);
#8510 = B_SPLINE_CURVE_WITH_KNOTS('',8,(#8511,#8512,#8513,#8514,#8515,
    #8516,#8517,#8518,#8519,#8520,#8521,#8522,#8523,#8524,#8525,#8526,
    #8527,#8528,#8529,#8530,#8531,#8532,#8533,#8534,#8535,#8536,#8537,
    #8538,#8539,#8540,#8541,#8542,#8543,#8544,#8545,#8546,#8547,#8548,
    #8549,#8550,#8551,#8552,#8553,#8554,#8555,#8556,#8557,#8558,#8559,
    #8560,#8561),.UNSPECIFIED.,.F.,.F.,(9,6,6,6,6,6,6,6,9),(0.,
    0.123452085747,0.248785393029,0.37411870031,0.507164534837,
    0.623578462266,0.746714169816,0.878680633086,1.),.UNSPECIFIED.);
#8511 = CARTESIAN_POINT('',(58.591821114996,3.924369606729,2.));
#8512 = CARTESIAN_POINT('',(58.712850190284,3.893835712807,2.));
#8513 = CARTESIAN_POINT('',(58.475388390084,4.955092352005,2.));
#8514 = CARTESIAN_POINT('',(58.798826802507,3.759180308896,2.));
#8515 = CARTESIAN_POINT('',(58.496082246679,5.456210604291,2.));
#8516 = CARTESIAN_POINT('',(58.683792184231,4.692660461389,2.));
#8517 = CARTESIAN_POINT('',(58.614116215066,5.293094117939,2.));
#8518 = CARTESIAN_POINT('',(58.635878825662,5.609266447535,2.));
#8519 = CARTESIAN_POINT('',(58.618397981047,6.148447468739,2.));
#8520 = CARTESIAN_POINT('',(58.639394134775,6.252866531262,2.));
#8521 = CARTESIAN_POINT('',(58.611923393724,6.625030511974,2.));
#8522 = CARTESIAN_POINT('',(58.633413711967,6.73212678546,2.));
#8523 = CARTESIAN_POINT('',(58.623826339939,7.002425468938,2.));
#8524 = CARTESIAN_POINT('',(58.627456986753,7.42989411404,2.));
#8525 = CARTESIAN_POINT('',(58.624432817317,7.884558964173,2.));
#8526 = CARTESIAN_POINT('',(58.628313082265,8.099643278141,2.));
#8527 = CARTESIAN_POINT('',(58.622945837106,8.317497010048,2.));
#8528 = CARTESIAN_POINT('',(58.627375501582,8.556844225694,2.));
#8529 = CARTESIAN_POINT('',(58.625299356332,8.758916061586,2.));
#8530 = CARTESIAN_POINT('',(58.626076047235,9.235954269038,2.));
#8531 = CARTESIAN_POINT('',(58.6256287781,9.666377060883,2.));
#8532 = CARTESIAN_POINT('',(58.618638321206,9.972255751598,2.));
#8533 = CARTESIAN_POINT('',(58.657093418502,10.061346614274,2.));
#8534 = CARTESIAN_POINT('',(58.586010788497,10.460009150826,2.));
#8535 = CARTESIAN_POINT('',(58.587879599707,10.594169888567,2.));
#8536 = CARTESIAN_POINT('',(58.484041999889,11.080350977111,2.));
#8537 = CARTESIAN_POINT('',(58.356324006955,11.453782074791,2.));
#8538 = CARTESIAN_POINT('',(58.246267076103,11.707483689829,2.));
#8539 = CARTESIAN_POINT('',(58.199495907254,11.795374536637,2.));
#8540 = CARTESIAN_POINT('',(58.038513603043,12.052598823164,2.));
#8541 = CARTESIAN_POINT('',(57.937477033246,12.176121669143,2.));
#8542 = CARTESIAN_POINT('',(57.632916722472,12.502686129034,2.));
#8543 = CARTESIAN_POINT('',(57.29915526171,12.736485989892,2.));
#8544 = CARTESIAN_POINT('',(57.087908320564,12.861882643715,2.));
#8545 = CARTESIAN_POINT('',(56.919211144897,12.929114976417,2.));
#8546 = CARTESIAN_POINT('',(56.678683773041,13.013527190238,2.));
#8547 = CARTESIAN_POINT('',(56.485268488039,13.059172922112,2.));
#8548 = CARTESIAN_POINT('',(56.026965402073,13.134169170954,2.));
#8549 = CARTESIAN_POINT('',(55.588893404835,13.148221170963,2.));
#8550 = CARTESIAN_POINT('',(55.325454647898,13.135278765631,2.));
#8551 = CARTESIAN_POINT('',(55.147579914766,13.139465825867,2.));
#8552 = CARTESIAN_POINT('',(54.856047428934,13.07984906966,2.));
#8553 = CARTESIAN_POINT('',(54.662695773373,13.042614054916,2.));
#8554 = CARTESIAN_POINT('',(54.218809299863,12.864180172775,2.));
#8555 = CARTESIAN_POINT('',(53.888372874492,12.591677337143,2.));
#8556 = CARTESIAN_POINT('',(53.711190337017,12.38523822921,2.));
#8557 = CARTESIAN_POINT('',(53.659574635606,12.278446156928,2.));
#8558 = CARTESIAN_POINT('',(53.50930091304,11.979463297641,2.));
#8559 = CARTESIAN_POINT('',(53.490146856011,11.845365494217,2.));
#8560 = CARTESIAN_POINT('',(53.429380323425,11.603428801561,2.));
#8561 = CARTESIAN_POINT('',(53.404362729548,11.396959305961,2.));
#8562 = PCURVE('',#8414,#8563);
#8563 = DEFINITIONAL_REPRESENTATION('',(#8564),#8568);
#8564 = LINE('',#8565,#8566);
#8565 = CARTESIAN_POINT('',(0.,-2.));
#8566 = VECTOR('',#8567,1.);
#8567 = DIRECTION('',(1.,0.));
#8568 = ( GEOMETRIC_REPRESENTATION_CONTEXT(2) 
PARAMETRIC_REPRESENTATION_CONTEXT() REPRESENTATION_CONTEXT('2D SPACE',''
  ) );
#8569 = PCURVE('',#8386,#8570);
#8570 = DEFINITIONAL_REPRESENTATION('',(#8571),#8623);
#8571 = B_SPLINE_CURVE_WITH_KNOTS('',8,(#8572,#8573,#8574,#8575,#8576,
    #8577,#8578,#8579,#8580,#8581,#8582,#8583,#8584,#8585,#8586,#8587,
    #8588,#8589,#8590,#8591,#8592,#8593,#8594,#8595,#8596,#8597,#8598,
    #8599,#8600,#8601,#8602,#8603,#8604,#8605,#8606,#8607,#8608,#8609,
    #8610,#8611,#8612,#8613,#8614,#8615,#8616,#8617,#8618,#8619,#8620,
    #8621,#8622),.UNSPECIFIED.,.F.,.F.,(9,6,6,6,6,6,6,6,9),(0.,
    0.123452085747,0.248785393029,0.37411870031,0.507164534837,
    0.623578462266,0.746714169816,0.878680633086,1.),.UNSPECIFIED.);
#8572 = CARTESIAN_POINT('',(3.901414829811,-4.729343310519));
#8573 = CARTESIAN_POINT('',(4.0224439051,-4.75987720444));
#8574 = CARTESIAN_POINT('',(3.7849821049,-3.698620565243));
#8575 = CARTESIAN_POINT('',(4.108420517323,-4.894532608352));
#8576 = CARTESIAN_POINT('',(3.805675961495,-3.197502312956));
#8577 = CARTESIAN_POINT('',(3.993385899047,-3.961052455859));
#8578 = CARTESIAN_POINT('',(3.923709929882,-3.360618799309));
#8579 = CARTESIAN_POINT('',(3.945472540478,-3.044446469713));
#8580 = CARTESIAN_POINT('',(3.927991695862,-2.505265448509));
#8581 = CARTESIAN_POINT('',(3.94898784959,-2.400846385986));
#8582 = CARTESIAN_POINT('',(3.92151710854,-2.028682405274));
#8583 = CARTESIAN_POINT('',(3.943007426783,-1.921586131788));
#8584 = CARTESIAN_POINT('',(3.933420054755,-1.65128744831));
#8585 = CARTESIAN_POINT('',(3.937050701569,-1.223818803208));
#8586 = CARTESIAN_POINT('',(3.934026532133,-0.769153953074));
#8587 = CARTESIAN_POINT('',(3.937906797081,-0.554069639107));
#8588 = CARTESIAN_POINT('',(3.932539551922,-0.336215907199));
#8589 = CARTESIAN_POINT('',(3.936969216397,-9.686869155339E-02));
#8590 = CARTESIAN_POINT('',(3.934893071148,0.105203144339));
#8591 = CARTESIAN_POINT('',(3.935669762051,0.582241351791));
#8592 = CARTESIAN_POINT('',(3.935222492915,1.012664143636));
#8593 = CARTESIAN_POINT('',(3.928232036022,1.31854283435));
#8594 = CARTESIAN_POINT('',(3.966687133318,1.407633697026));
#8595 = CARTESIAN_POINT('',(3.895604503313,1.806296233579));
#8596 = CARTESIAN_POINT('',(3.897473314522,1.94045697132));
#8597 = CARTESIAN_POINT('',(3.793635714704,2.426638059863));
#8598 = CARTESIAN_POINT('',(3.665917721771,2.800069157543));
#8599 = CARTESIAN_POINT('',(3.555860790918,3.053770772581));
#8600 = CARTESIAN_POINT('',(3.50908962207,3.141661619389));
#8601 = CARTESIAN_POINT('',(3.348107317859,3.398885905916));
#8602 = CARTESIAN_POINT('',(3.247070748061,3.522408751895));
#8603 = CARTESIAN_POINT('',(2.942510437288,3.848973211787));
#8604 = CARTESIAN_POINT('',(2.608748976526,4.082773072645));
#8605 = CARTESIAN_POINT('',(2.39750203538,4.208169726468));
#8606 = CARTESIAN_POINT('',(2.228804859713,4.275402059169));
#8607 = CARTESIAN_POINT('',(1.988277487857,4.35981427299));
#8608 = CARTESIAN_POINT('',(1.794862202855,4.405460004864));
#8609 = CARTESIAN_POINT('',(1.336559116888,4.480456253706));
#8610 = CARTESIAN_POINT('',(0.898487119651,4.494508253716));
#8611 = CARTESIAN_POINT('',(0.635048362714,4.481565848383));
#8612 = CARTESIAN_POINT('',(0.457173629582,4.485752908619));
#8613 = CARTESIAN_POINT('',(0.16564114375,4.426136152412));
#8614 = CARTESIAN_POINT('',(-2.771051181109E-02,4.388901137669));
#8615 = CARTESIAN_POINT('',(-0.471596985322,4.210467255528));
#8616 = CARTESIAN_POINT('',(-0.802033410692,3.937964419896));
#8617 = CARTESIAN_POINT('',(-0.979215948167,3.731525311962));
#8618 = CARTESIAN_POINT('',(-1.030831649578,3.624733239681));
#8619 = CARTESIAN_POINT('',(-1.181105372144,3.325750380393));
#8620 = CARTESIAN_POINT('',(-1.200259429173,3.19165257697));
#8621 = CARTESIAN_POINT('',(-1.261025961759,2.949715884313));
#8622 = CARTESIAN_POINT('',(-1.286043555637,2.743246388713));
#8623 = ( GEOMETRIC_REPRESENTATION_CONTEXT(2) 
PARAMETRIC_REPRESENTATION_CONTEXT() REPRESENTATION_CONTEXT('2D SPACE',''
  ) );
#8624 = ORIENTED_EDGE('',*,*,#8625,.F.);
#8625 = EDGE_CURVE('',#8626,#8507,#8628,.T.);
#8626 = VERTEX_POINT('',#8627);
#8627 = CARTESIAN_POINT('',(53.404362729548,11.396959305961,0.));
#8628 = SURFACE_CURVE('',#8629,(#8633,#8640),.PCURVE_S1.);
#8629 = LINE('',#8630,#8631);
#8630 = CARTESIAN_POINT('',(53.404362729548,11.396959305961,0.));
#8631 = VECTOR('',#8632,1.);
#8632 = DIRECTION('',(0.,0.,1.));
#8633 = PCURVE('',#8414,#8634);
#8634 = DEFINITIONAL_REPRESENTATION('',(#8635),#8639);
#8635 = LINE('',#8636,#8637);
#8636 = CARTESIAN_POINT('',(1.,0.));
#8637 = VECTOR('',#8638,1.);
#8638 = DIRECTION('',(0.,-1.));
#8639 = ( GEOMETRIC_REPRESENTATION_CONTEXT(2) 
PARAMETRIC_REPRESENTATION_CONTEXT() REPRESENTATION_CONTEXT('2D SPACE',''
  ) );
#8640 = PCURVE('',#8641,#8646);
#8641 = PLANE('',#8642);
#8642 = AXIS2_PLACEMENT_3D('',#8643,#8644,#8645);
#8643 = CARTESIAN_POINT('',(53.404362729548,11.396959305961,0.));
#8644 = DIRECTION('',(0.748454280738,-0.663186391329,0.));
#8645 = DIRECTION('',(-0.663186391329,-0.748454280738,0.));
#8646 = DEFINITIONAL_REPRESENTATION('',(#8647),#8651);
#8647 = LINE('',#8648,#8649);
#8648 = CARTESIAN_POINT('',(0.,0.));
#8649 = VECTOR('',#8650,1.);
#8650 = DIRECTION('',(0.,-1.));
#8651 = ( GEOMETRIC_REPRESENTATION_CONTEXT(2) 
PARAMETRIC_REPRESENTATION_CONTEXT() REPRESENTATION_CONTEXT('2D SPACE',''
  ) );
#8652 = ORIENTED_EDGE('',*,*,#8653,.F.);
#8653 = EDGE_CURVE('',#8399,#8626,#8654,.T.);
#8654 = SURFACE_CURVE('',#8655,(#8707,#8714),.PCURVE_S1.);
#8655 = B_SPLINE_CURVE_WITH_KNOTS('',8,(#8656,#8657,#8658,#8659,#8660,
    #8661,#8662,#8663,#8664,#8665,#8666,#8667,#8668,#8669,#8670,#8671,
    #8672,#8673,#8674,#8675,#8676,#8677,#8678,#8679,#8680,#8681,#8682,
    #8683,#8684,#8685,#8686,#8687,#8688,#8689,#8690,#8691,#8692,#8693,
    #8694,#8695,#8696,#8697,#8698,#8699,#8700,#8701,#8702,#8703,#8704,
    #8705,#8706),.UNSPECIFIED.,.F.,.F.,(9,6,6,6,6,6,6,6,9),(0.,
    0.123452085747,0.248785393029,0.37411870031,0.507164534837,
    0.623578462266,0.746714169816,0.878680633086,1.),.UNSPECIFIED.);
#8656 = CARTESIAN_POINT('',(58.591821114996,3.924369606729,0.));
#8657 = CARTESIAN_POINT('',(58.712850190284,3.893835712807,0.));
#8658 = CARTESIAN_POINT('',(58.475388390084,4.955092352005,0.));
#8659 = CARTESIAN_POINT('',(58.798826802507,3.759180308896,0.));
#8660 = CARTESIAN_POINT('',(58.496082246679,5.456210604291,0.));
#8661 = CARTESIAN_POINT('',(58.683792184231,4.692660461389,0.));
#8662 = CARTESIAN_POINT('',(58.614116215066,5.293094117939,0.));
#8663 = CARTESIAN_POINT('',(58.635878825662,5.609266447535,0.));
#8664 = CARTESIAN_POINT('',(58.618397981047,6.148447468739,0.));
#8665 = CARTESIAN_POINT('',(58.639394134775,6.252866531262,0.));
#8666 = CARTESIAN_POINT('',(58.611923393724,6.625030511974,0.));
#8667 = CARTESIAN_POINT('',(58.633413711967,6.73212678546,0.));
#8668 = CARTESIAN_POINT('',(58.623826339939,7.002425468938,0.));
#8669 = CARTESIAN_POINT('',(58.627456986753,7.42989411404,0.));
#8670 = CARTESIAN_POINT('',(58.624432817317,7.884558964173,0.));
#8671 = CARTESIAN_POINT('',(58.628313082265,8.099643278141,0.));
#8672 = CARTESIAN_POINT('',(58.622945837106,8.317497010048,0.));
#8673 = CARTESIAN_POINT('',(58.627375501582,8.556844225694,0.));
#8674 = CARTESIAN_POINT('',(58.625299356332,8.758916061586,0.));
#8675 = CARTESIAN_POINT('',(58.626076047235,9.235954269038,0.));
#8676 = CARTESIAN_POINT('',(58.6256287781,9.666377060883,0.));
#8677 = CARTESIAN_POINT('',(58.618638321206,9.972255751598,0.));
#8678 = CARTESIAN_POINT('',(58.657093418502,10.061346614274,0.));
#8679 = CARTESIAN_POINT('',(58.586010788497,10.460009150826,0.));
#8680 = CARTESIAN_POINT('',(58.587879599707,10.594169888567,0.));
#8681 = CARTESIAN_POINT('',(58.484041999889,11.080350977111,0.));
#8682 = CARTESIAN_POINT('',(58.356324006955,11.453782074791,0.));
#8683 = CARTESIAN_POINT('',(58.246267076103,11.707483689829,0.));
#8684 = CARTESIAN_POINT('',(58.199495907254,11.795374536637,0.));
#8685 = CARTESIAN_POINT('',(58.038513603043,12.052598823164,0.));
#8686 = CARTESIAN_POINT('',(57.937477033246,12.176121669143,0.));
#8687 = CARTESIAN_POINT('',(57.632916722472,12.502686129034,0.));
#8688 = CARTESIAN_POINT('',(57.29915526171,12.736485989892,0.));
#8689 = CARTESIAN_POINT('',(57.087908320564,12.861882643715,0.));
#8690 = CARTESIAN_POINT('',(56.919211144897,12.929114976417,0.));
#8691 = CARTESIAN_POINT('',(56.678683773041,13.013527190238,0.));
#8692 = CARTESIAN_POINT('',(56.485268488039,13.059172922112,0.));
#8693 = CARTESIAN_POINT('',(56.026965402073,13.134169170954,0.));
#8694 = CARTESIAN_POINT('',(55.588893404835,13.148221170963,0.));
#8695 = CARTESIAN_POINT('',(55.325454647898,13.135278765631,0.));
#8696 = CARTESIAN_POINT('',(55.147579914766,13.139465825867,0.));
#8697 = CARTESIAN_POINT('',(54.856047428934,13.07984906966,0.));
#8698 = CARTESIAN_POINT('',(54.662695773373,13.042614054916,0.));
#8699 = CARTESIAN_POINT('',(54.218809299863,12.864180172775,0.));
#8700 = CARTESIAN_POINT('',(53.888372874492,12.591677337143,0.));
#8701 = CARTESIAN_POINT('',(53.711190337017,12.38523822921,0.));
#8702 = CARTESIAN_POINT('',(53.659574635606,12.278446156928,0.));
#8703 = CARTESIAN_POINT('',(53.50930091304,11.979463297641,0.));
#8704 = CARTESIAN_POINT('',(53.490146856011,11.845365494217,0.));
#8705 = CARTESIAN_POINT('',(53.429380323425,11.603428801561,0.));
#8706 = CARTESIAN_POINT('',(53.404362729548,11.396959305961,0.));
#8707 = PCURVE('',#8414,#8708);
#8708 = DEFINITIONAL_REPRESENTATION('',(#8709),#8713);
#8709 = LINE('',#8710,#8711);
#8710 = CARTESIAN_POINT('',(0.,0.));
#8711 = VECTOR('',#8712,1.);
#8712 = DIRECTION('',(1.,0.));
#8713 = ( GEOMETRIC_REPRESENTATION_CONTEXT(2) 
PARAMETRIC_REPRESENTATION_CONTEXT() REPRESENTATION_CONTEXT('2D SPACE',''
  ) );
#8714 = PCURVE('',#8490,#8715);
#8715 = DEFINITIONAL_REPRESENTATION('',(#8716),#8768);
#8716 = B_SPLINE_CURVE_WITH_KNOTS('',8,(#8717,#8718,#8719,#8720,#8721,
    #8722,#8723,#8724,#8725,#8726,#8727,#8728,#8729,#8730,#8731,#8732,
    #8733,#8734,#8735,#8736,#8737,#8738,#8739,#8740,#8741,#8742,#8743,
    #8744,#8745,#8746,#8747,#8748,#8749,#8750,#8751,#8752,#8753,#8754,
    #8755,#8756,#8757,#8758,#8759,#8760,#8761,#8762,#8763,#8764,#8765,
    #8766,#8767),.UNSPECIFIED.,.F.,.F.,(9,6,6,6,6,6,6,6,9),(0.,
    0.123452085747,0.248785393029,0.37411870031,0.507164534837,
    0.623578462266,0.746714169816,0.878680633086,1.),.UNSPECIFIED.);
#8717 = CARTESIAN_POINT('',(3.901414829811,-4.729343310519));
#8718 = CARTESIAN_POINT('',(4.0224439051,-4.75987720444));
#8719 = CARTESIAN_POINT('',(3.7849821049,-3.698620565243));
#8720 = CARTESIAN_POINT('',(4.108420517323,-4.894532608352));
#8721 = CARTESIAN_POINT('',(3.805675961495,-3.197502312956));
#8722 = CARTESIAN_POINT('',(3.993385899047,-3.961052455859));
#8723 = CARTESIAN_POINT('',(3.923709929882,-3.360618799309));
#8724 = CARTESIAN_POINT('',(3.945472540478,-3.044446469713));
#8725 = CARTESIAN_POINT('',(3.927991695862,-2.505265448509));
#8726 = CARTESIAN_POINT('',(3.94898784959,-2.400846385986));
#8727 = CARTESIAN_POINT('',(3.92151710854,-2.028682405274));
#8728 = CARTESIAN_POINT('',(3.943007426783,-1.921586131788));
#8729 = CARTESIAN_POINT('',(3.933420054755,-1.65128744831));
#8730 = CARTESIAN_POINT('',(3.937050701569,-1.223818803208));
#8731 = CARTESIAN_POINT('',(3.934026532133,-0.769153953074));
#8732 = CARTESIAN_POINT('',(3.937906797081,-0.554069639107));
#8733 = CARTESIAN_POINT('',(3.932539551922,-0.336215907199));
#8734 = CARTESIAN_POINT('',(3.936969216397,-9.686869155339E-02));
#8735 = CARTESIAN_POINT('',(3.934893071148,0.105203144339));
#8736 = CARTESIAN_POINT('',(3.935669762051,0.582241351791));
#8737 = CARTESIAN_POINT('',(3.935222492915,1.012664143636));
#8738 = CARTESIAN_POINT('',(3.928232036022,1.31854283435));
#8739 = CARTESIAN_POINT('',(3.966687133318,1.407633697026));
#8740 = CARTESIAN_POINT('',(3.895604503313,1.806296233579));
#8741 = CARTESIAN_POINT('',(3.897473314522,1.94045697132));
#8742 = CARTESIAN_POINT('',(3.793635714704,2.426638059863));
#8743 = CARTESIAN_POINT('',(3.665917721771,2.800069157543));
#8744 = CARTESIAN_POINT('',(3.555860790918,3.053770772581));
#8745 = CARTESIAN_POINT('',(3.50908962207,3.141661619389));
#8746 = CARTESIAN_POINT('',(3.348107317859,3.398885905916));
#8747 = CARTESIAN_POINT('',(3.247070748061,3.522408751895));
#8748 = CARTESIAN_POINT('',(2.942510437288,3.848973211787));
#8749 = CARTESIAN_POINT('',(2.608748976526,4.082773072645));
#8750 = CARTESIAN_POINT('',(2.39750203538,4.208169726468));
#8751 = CARTESIAN_POINT('',(2.228804859713,4.275402059169));
#8752 = CARTESIAN_POINT('',(1.988277487857,4.35981427299));
#8753 = CARTESIAN_POINT('',(1.794862202855,4.405460004864));
#8754 = CARTESIAN_POINT('',(1.336559116888,4.480456253706));
#8755 = CARTESIAN_POINT('',(0.898487119651,4.494508253716));
#8756 = CARTESIAN_POINT('',(0.635048362714,4.481565848383));
#8757 = CARTESIAN_POINT('',(0.457173629582,4.485752908619));
#8758 = CARTESIAN_POINT('',(0.16564114375,4.426136152412));
#8759 = CARTESIAN_POINT('',(-2.771051181109E-02,4.388901137669));
#8760 = CARTESIAN_POINT('',(-0.471596985322,4.210467255528));
#8761 = CARTESIAN_POINT('',(-0.802033410692,3.937964419896));
#8762 = CARTESIAN_POINT('',(-0.979215948167,3.731525311962));
#8763 = CARTESIAN_POINT('',(-1.030831649578,3.624733239681));
#8764 = CARTESIAN_POINT('',(-1.181105372144,3.325750380393));
#8765 = CARTESIAN_POINT('',(-1.200259429173,3.19165257697));
#8766 = CARTESIAN_POINT('',(-1.261025961759,2.949715884313));
#8767 = CARTESIAN_POINT('',(-1.286043555637,2.743246388713));
#8768 = ( GEOMETRIC_REPRESENTATION_CONTEXT(2) 
PARAMETRIC_REPRESENTATION_CONTEXT() REPRESENTATION_CONTEXT('2D SPACE',''
  ) );
#8769 = ADVANCED_FACE('',(#8770),#8641,.F.);
#8770 = FACE_BOUND('',#8771,.F.);
#8771 = EDGE_LOOP('',(#8772,#8773,#8796,#8824));
#8772 = ORIENTED_EDGE('',*,*,#8625,.T.);
#8773 = ORIENTED_EDGE('',*,*,#8774,.T.);
#8774 = EDGE_CURVE('',#8507,#8775,#8777,.T.);
#8775 = VERTEX_POINT('',#8776);
#8776 = CARTESIAN_POINT('',(53.344502176753,11.329402300009,2.));
#8777 = SURFACE_CURVE('',#8778,(#8782,#8789),.PCURVE_S1.);
#8778 = LINE('',#8779,#8780);
#8779 = CARTESIAN_POINT('',(53.404362729548,11.396959305961,2.));
#8780 = VECTOR('',#8781,1.);
#8781 = DIRECTION('',(-0.663186391329,-0.748454280738,0.));
#8782 = PCURVE('',#8641,#8783);
#8783 = DEFINITIONAL_REPRESENTATION('',(#8784),#8788);
#8784 = LINE('',#8785,#8786);
#8785 = CARTESIAN_POINT('',(0.,-2.));
#8786 = VECTOR('',#8787,1.);
#8787 = DIRECTION('',(1.,0.));
#8788 = ( GEOMETRIC_REPRESENTATION_CONTEXT(2) 
PARAMETRIC_REPRESENTATION_CONTEXT() REPRESENTATION_CONTEXT('2D SPACE',''
  ) );
#8789 = PCURVE('',#8386,#8790);
#8790 = DEFINITIONAL_REPRESENTATION('',(#8791),#8795);
#8791 = LINE('',#8792,#8793);
#8792 = CARTESIAN_POINT('',(-1.286043555637,2.743246388713));
#8793 = VECTOR('',#8794,1.);
#8794 = DIRECTION('',(-0.663186391329,-0.748454280738));
#8795 = ( GEOMETRIC_REPRESENTATION_CONTEXT(2) 
PARAMETRIC_REPRESENTATION_CONTEXT() REPRESENTATION_CONTEXT('2D SPACE',''
  ) );
#8796 = ORIENTED_EDGE('',*,*,#8797,.F.);
#8797 = EDGE_CURVE('',#8798,#8775,#8800,.T.);
#8798 = VERTEX_POINT('',#8799);
#8799 = CARTESIAN_POINT('',(53.344502176753,11.329402300009,0.));
#8800 = SURFACE_CURVE('',#8801,(#8805,#8812),.PCURVE_S1.);
#8801 = LINE('',#8802,#8803);
#8802 = CARTESIAN_POINT('',(53.344502176753,11.329402300009,0.));
#8803 = VECTOR('',#8804,1.);
#8804 = DIRECTION('',(0.,0.,1.));
#8805 = PCURVE('',#8641,#8806);
#8806 = DEFINITIONAL_REPRESENTATION('',(#8807),#8811);
#8807 = LINE('',#8808,#8809);
#8808 = CARTESIAN_POINT('',(9.026203428928E-02,0.));
#8809 = VECTOR('',#8810,1.);
#8810 = DIRECTION('',(0.,-1.));
#8811 = ( GEOMETRIC_REPRESENTATION_CONTEXT(2) 
PARAMETRIC_REPRESENTATION_CONTEXT() REPRESENTATION_CONTEXT('2D SPACE',''
  ) );
#8812 = PCURVE('',#8813,#8818);
#8813 = PLANE('',#8814);
#8814 = AXIS2_PLACEMENT_3D('',#8815,#8816,#8817);
#8815 = CARTESIAN_POINT('',(53.344502176753,11.329402300009,0.));
#8816 = DIRECTION('',(0.,-1.,0.));
#8817 = DIRECTION('',(-1.,0.,0.));
#8818 = DEFINITIONAL_REPRESENTATION('',(#8819),#8823);
#8819 = LINE('',#8820,#8821);
#8820 = CARTESIAN_POINT('',(0.,-0.));
#8821 = VECTOR('',#8822,1.);
#8822 = DIRECTION('',(0.,-1.));
#8823 = ( GEOMETRIC_REPRESENTATION_CONTEXT(2) 
PARAMETRIC_REPRESENTATION_CONTEXT() REPRESENTATION_CONTEXT('2D SPACE',''
  ) );
#8824 = ORIENTED_EDGE('',*,*,#8825,.F.);
#8825 = EDGE_CURVE('',#8626,#8798,#8826,.T.);
#8826 = SURFACE_CURVE('',#8827,(#8831,#8838),.PCURVE_S1.);
#8827 = LINE('',#8828,#8829);
#8828 = CARTESIAN_POINT('',(53.404362729548,11.396959305961,0.));
#8829 = VECTOR('',#8830,1.);
#8830 = DIRECTION('',(-0.663186391329,-0.748454280738,0.));
#8831 = PCURVE('',#8641,#8832);
#8832 = DEFINITIONAL_REPRESENTATION('',(#8833),#8837);
#8833 = LINE('',#8834,#8835);
#8834 = CARTESIAN_POINT('',(0.,0.));
#8835 = VECTOR('',#8836,1.);
#8836 = DIRECTION('',(1.,0.));
#8837 = ( GEOMETRIC_REPRESENTATION_CONTEXT(2) 
PARAMETRIC_REPRESENTATION_CONTEXT() REPRESENTATION_CONTEXT('2D SPACE',''
  ) );
#8838 = PCURVE('',#8490,#8839);
#8839 = DEFINITIONAL_REPRESENTATION('',(#8840),#8844);
#8840 = LINE('',#8841,#8842);
#8841 = CARTESIAN_POINT('',(-1.286043555637,2.743246388713));
#8842 = VECTOR('',#8843,1.);
#8843 = DIRECTION('',(-0.663186391329,-0.748454280738));
#8844 = ( GEOMETRIC_REPRESENTATION_CONTEXT(2) 
PARAMETRIC_REPRESENTATION_CONTEXT() REPRESENTATION_CONTEXT('2D SPACE',''
  ) );
#8845 = ADVANCED_FACE('',(#8846),#8813,.F.);
#8846 = FACE_BOUND('',#8847,.F.);
#8847 = EDGE_LOOP('',(#8848,#8849,#8872,#8900));
#8848 = ORIENTED_EDGE('',*,*,#8797,.T.);
#8849 = ORIENTED_EDGE('',*,*,#8850,.T.);
#8850 = EDGE_CURVE('',#8775,#8851,#8853,.T.);
#8851 = VERTEX_POINT('',#8852);
#8852 = CARTESIAN_POINT('',(53.160912153321,11.329402300009,2.));
#8853 = SURFACE_CURVE('',#8854,(#8858,#8865),.PCURVE_S1.);
#8854 = LINE('',#8855,#8856);
#8855 = CARTESIAN_POINT('',(53.344502176753,11.329402300009,2.));
#8856 = VECTOR('',#8857,1.);
#8857 = DIRECTION('',(-1.,0.,0.));
#8858 = PCURVE('',#8813,#8859);
#8859 = DEFINITIONAL_REPRESENTATION('',(#8860),#8864);
#8860 = LINE('',#8861,#8862);
#8861 = CARTESIAN_POINT('',(0.,-2.));
#8862 = VECTOR('',#8863,1.);
#8863 = DIRECTION('',(1.,0.));
#8864 = ( GEOMETRIC_REPRESENTATION_CONTEXT(2) 
PARAMETRIC_REPRESENTATION_CONTEXT() REPRESENTATION_CONTEXT('2D SPACE',''
  ) );
#8865 = PCURVE('',#8386,#8866);
#8866 = DEFINITIONAL_REPRESENTATION('',(#8867),#8871);
#8867 = LINE('',#8868,#8869);
#8868 = CARTESIAN_POINT('',(-1.345904108431,2.675689382761));
#8869 = VECTOR('',#8870,1.);
#8870 = DIRECTION('',(-1.,0.));
#8871 = ( GEOMETRIC_REPRESENTATION_CONTEXT(2) 
PARAMETRIC_REPRESENTATION_CONTEXT() REPRESENTATION_CONTEXT('2D SPACE',''
  ) );
#8872 = ORIENTED_EDGE('',*,*,#8873,.F.);
#8873 = EDGE_CURVE('',#8874,#8851,#8876,.T.);
#8874 = VERTEX_POINT('',#8875);
#8875 = CARTESIAN_POINT('',(53.160912153321,11.329402300009,0.));
#8876 = SURFACE_CURVE('',#8877,(#8881,#8888),.PCURVE_S1.);
#8877 = LINE('',#8878,#8879);
#8878 = CARTESIAN_POINT('',(53.160912153321,11.329402300009,0.));
#8879 = VECTOR('',#8880,1.);
#8880 = DIRECTION('',(0.,0.,1.));
#8881 = PCURVE('',#8813,#8882);
#8882 = DEFINITIONAL_REPRESENTATION('',(#8883),#8887);
#8883 = LINE('',#8884,#8885);
#8884 = CARTESIAN_POINT('',(0.183590023432,0.));
#8885 = VECTOR('',#8886,1.);
#8886 = DIRECTION('',(0.,-1.));
#8887 = ( GEOMETRIC_REPRESENTATION_CONTEXT(2) 
PARAMETRIC_REPRESENTATION_CONTEXT() REPRESENTATION_CONTEXT('2D SPACE',''
  ) );
#8888 = PCURVE('',#8889,#8894);
#8889 = PLANE('',#8890);
#8890 = AXIS2_PLACEMENT_3D('',#8891,#8892,#8893);
#8891 = CARTESIAN_POINT('',(53.160912153321,11.329402300009,0.));
#8892 = DIRECTION('',(-0.993826302874,-0.110947193369,0.));
#8893 = DIRECTION('',(-0.110947193369,0.993826302874,0.));
#8894 = DEFINITIONAL_REPRESENTATION('',(#8895),#8899);
#8895 = LINE('',#8896,#8897);
#8896 = CARTESIAN_POINT('',(0.,0.));
#8897 = VECTOR('',#8898,1.);
#8898 = DIRECTION('',(0.,-1.));
#8899 = ( GEOMETRIC_REPRESENTATION_CONTEXT(2) 
PARAMETRIC_REPRESENTATION_CONTEXT() REPRESENTATION_CONTEXT('2D SPACE',''
  ) );
#8900 = ORIENTED_EDGE('',*,*,#8901,.F.);
#8901 = EDGE_CURVE('',#8798,#8874,#8902,.T.);
#8902 = SURFACE_CURVE('',#8903,(#8907,#8914),.PCURVE_S1.);
#8903 = LINE('',#8904,#8905);
#8904 = CARTESIAN_POINT('',(53.344502176753,11.329402300009,0.));
#8905 = VECTOR('',#8906,1.);
#8906 = DIRECTION('',(-1.,0.,0.));
#8907 = PCURVE('',#8813,#8908);
#8908 = DEFINITIONAL_REPRESENTATION('',(#8909),#8913);
#8909 = LINE('',#8910,#8911);
#8910 = CARTESIAN_POINT('',(0.,-0.));
#8911 = VECTOR('',#8912,1.);
#8912 = DIRECTION('',(1.,0.));
#8913 = ( GEOMETRIC_REPRESENTATION_CONTEXT(2) 
PARAMETRIC_REPRESENTATION_CONTEXT() REPRESENTATION_CONTEXT('2D SPACE',''
  ) );
#8914 = PCURVE('',#8490,#8915);
#8915 = DEFINITIONAL_REPRESENTATION('',(#8916),#8920);
#8916 = LINE('',#8917,#8918);
#8917 = CARTESIAN_POINT('',(-1.345904108431,2.675689382761));
#8918 = VECTOR('',#8919,1.);
#8919 = DIRECTION('',(-1.,0.));
#8920 = ( GEOMETRIC_REPRESENTATION_CONTEXT(2) 
PARAMETRIC_REPRESENTATION_CONTEXT() REPRESENTATION_CONTEXT('2D SPACE',''
  ) );
#8921 = ADVANCED_FACE('',(#8922),#8889,.F.);
#8922 = FACE_BOUND('',#8923,.F.);
#8923 = EDGE_LOOP('',(#8924,#8925,#8948,#8976));
#8924 = ORIENTED_EDGE('',*,*,#8873,.T.);
#8925 = ORIENTED_EDGE('',*,*,#8926,.T.);
#8926 = EDGE_CURVE('',#8851,#8927,#8929,.T.);
#8927 = VERTEX_POINT('',#8928);
#8928 = CARTESIAN_POINT('',(52.990558563787,12.855370401837,2.));
#8929 = SURFACE_CURVE('',#8930,(#8934,#8941),.PCURVE_S1.);
#8930 = LINE('',#8931,#8932);
#8931 = CARTESIAN_POINT('',(53.160912153321,11.329402300009,2.));
#8932 = VECTOR('',#8933,1.);
#8933 = DIRECTION('',(-0.110947193369,0.993826302874,0.));
#8934 = PCURVE('',#8889,#8935);
#8935 = DEFINITIONAL_REPRESENTATION('',(#8936),#8940);
#8936 = LINE('',#8937,#8938);
#8937 = CARTESIAN_POINT('',(0.,-2.));
#8938 = VECTOR('',#8939,1.);
#8939 = DIRECTION('',(1.,0.));
#8940 = ( GEOMETRIC_REPRESENTATION_CONTEXT(2) 
PARAMETRIC_REPRESENTATION_CONTEXT() REPRESENTATION_CONTEXT('2D SPACE',''
  ) );
#8941 = PCURVE('',#8386,#8942);
#8942 = DEFINITIONAL_REPRESENTATION('',(#8943),#8947);
#8943 = LINE('',#8944,#8945);
#8944 = CARTESIAN_POINT('',(-1.529494131863,2.675689382761));
#8945 = VECTOR('',#8946,1.);
#8946 = DIRECTION('',(-0.110947193369,0.993826302874));
#8947 = ( GEOMETRIC_REPRESENTATION_CONTEXT(2) 
PARAMETRIC_REPRESENTATION_CONTEXT() REPRESENTATION_CONTEXT('2D SPACE',''
  ) );
#8948 = ORIENTED_EDGE('',*,*,#8949,.F.);
#8949 = EDGE_CURVE('',#8950,#8927,#8952,.T.);
#8950 = VERTEX_POINT('',#8951);
#8951 = CARTESIAN_POINT('',(52.990558563787,12.855370401837,0.));
#8952 = SURFACE_CURVE('',#8953,(#8957,#8964),.PCURVE_S1.);
#8953 = LINE('',#8954,#8955);
#8954 = CARTESIAN_POINT('',(52.990558563787,12.855370401837,0.));
#8955 = VECTOR('',#8956,1.);
#8956 = DIRECTION('',(0.,0.,1.));
#8957 = PCURVE('',#8889,#8958);
#8958 = DEFINITIONAL_REPRESENTATION('',(#8959),#8963);
#8959 = LINE('',#8960,#8961);
#8960 = CARTESIAN_POINT('',(1.535447489582,0.));
#8961 = VECTOR('',#8962,1.);
#8962 = DIRECTION('',(0.,-1.));
#8963 = ( GEOMETRIC_REPRESENTATION_CONTEXT(2) 
PARAMETRIC_REPRESENTATION_CONTEXT() REPRESENTATION_CONTEXT('2D SPACE',''
  ) );
#8964 = PCURVE('',#8965,#8970);
#8965 = PLANE('',#8966);
#8966 = AXIS2_PLACEMENT_3D('',#8967,#8968,#8969);
#8967 = CARTESIAN_POINT('',(52.990558563787,12.855370401837,0.));
#8968 = DIRECTION('',(-0.799593645375,-0.600541424279,0.));
#8969 = DIRECTION('',(-0.600541424279,0.799593645375,0.));
#8970 = DEFINITIONAL_REPRESENTATION('',(#8971),#8975);
#8971 = LINE('',#8972,#8973);
#8972 = CARTESIAN_POINT('',(0.,0.));
#8973 = VECTOR('',#8974,1.);
#8974 = DIRECTION('',(0.,-1.));
#8975 = ( GEOMETRIC_REPRESENTATION_CONTEXT(2) 
PARAMETRIC_REPRESENTATION_CONTEXT() REPRESENTATION_CONTEXT('2D SPACE',''
  ) );
#8976 = ORIENTED_EDGE('',*,*,#8977,.F.);
#8977 = EDGE_CURVE('',#8874,#8950,#8978,.T.);
#8978 = SURFACE_CURVE('',#8979,(#8983,#8990),.PCURVE_S1.);
#8979 = LINE('',#8980,#8981);
#8980 = CARTESIAN_POINT('',(53.160912153321,11.329402300009,0.));
#8981 = VECTOR('',#8982,1.);
#8982 = DIRECTION('',(-0.110947193369,0.993826302874,0.));
#8983 = PCURVE('',#8889,#8984);
#8984 = DEFINITIONAL_REPRESENTATION('',(#8985),#8989);
#8985 = LINE('',#8986,#8987);
#8986 = CARTESIAN_POINT('',(0.,0.));
#8987 = VECTOR('',#8988,1.);
#8988 = DIRECTION('',(1.,0.));
#8989 = ( GEOMETRIC_REPRESENTATION_CONTEXT(2) 
PARAMETRIC_REPRESENTATION_CONTEXT() REPRESENTATION_CONTEXT('2D SPACE',''
  ) );
#8990 = PCURVE('',#8490,#8991);
#8991 = DEFINITIONAL_REPRESENTATION('',(#8992),#8996);
#8992 = LINE('',#8993,#8994);
#8993 = CARTESIAN_POINT('',(-1.529494131863,2.675689382761));
#8994 = VECTOR('',#8995,1.);
#8995 = DIRECTION('',(-0.110947193369,0.993826302874));
#8996 = ( GEOMETRIC_REPRESENTATION_CONTEXT(2) 
PARAMETRIC_REPRESENTATION_CONTEXT() REPRESENTATION_CONTEXT('2D SPACE',''
  ) );
#8997 = ADVANCED_FACE('',(#8998),#8965,.F.);
#8998 = FACE_BOUND('',#8999,.F.);
#8999 = EDGE_LOOP('',(#9000,#9001,#9024,#9057));
#9000 = ORIENTED_EDGE('',*,*,#8949,.T.);
#9001 = ORIENTED_EDGE('',*,*,#9002,.T.);
#9002 = EDGE_CURVE('',#8927,#9003,#9005,.T.);
#9003 = VERTEX_POINT('',#9004);
#9004 = CARTESIAN_POINT('',(52.906510296728,12.967276854128,2.));
#9005 = SURFACE_CURVE('',#9006,(#9010,#9017),.PCURVE_S1.);
#9006 = LINE('',#9007,#9008);
#9007 = CARTESIAN_POINT('',(52.990558563787,12.855370401837,2.));
#9008 = VECTOR('',#9009,1.);
#9009 = DIRECTION('',(-0.600541424279,0.799593645375,0.));
#9010 = PCURVE('',#8965,#9011);
#9011 = DEFINITIONAL_REPRESENTATION('',(#9012),#9016);
#9012 = LINE('',#9013,#9014);
#9013 = CARTESIAN_POINT('',(0.,-2.));
#9014 = VECTOR('',#9015,1.);
#9015 = DIRECTION('',(1.,0.));
#9016 = ( GEOMETRIC_REPRESENTATION_CONTEXT(2) 
PARAMETRIC_REPRESENTATION_CONTEXT() REPRESENTATION_CONTEXT('2D SPACE',''
  ) );
#9017 = PCURVE('',#8386,#9018);
#9018 = DEFINITIONAL_REPRESENTATION('',(#9019),#9023);
#9019 = LINE('',#9020,#9021);
#9020 = CARTESIAN_POINT('',(-1.699847721398,4.201657484589));
#9021 = VECTOR('',#9022,1.);
#9022 = DIRECTION('',(-0.600541424279,0.799593645375));
#9023 = ( GEOMETRIC_REPRESENTATION_CONTEXT(2) 
PARAMETRIC_REPRESENTATION_CONTEXT() REPRESENTATION_CONTEXT('2D SPACE',''
  ) );
#9024 = ORIENTED_EDGE('',*,*,#9025,.F.);
#9025 = EDGE_CURVE('',#9026,#9003,#9028,.T.);
#9026 = VERTEX_POINT('',#9027);
#9027 = CARTESIAN_POINT('',(52.906510296728,12.967276854128,0.));
#9028 = SURFACE_CURVE('',#9029,(#9033,#9040),.PCURVE_S1.);
#9029 = LINE('',#9030,#9031);
#9030 = CARTESIAN_POINT('',(52.906510296728,12.967276854128,0.));
#9031 = VECTOR('',#9032,1.);
#9032 = DIRECTION('',(0.,0.,1.));
#9033 = PCURVE('',#8965,#9034);
#9034 = DEFINITIONAL_REPRESENTATION('',(#9035),#9039);
#9035 = LINE('',#9036,#9037);
#9036 = CARTESIAN_POINT('',(0.139954154136,0.));
#9037 = VECTOR('',#9038,1.);
#9038 = DIRECTION('',(0.,-1.));
#9039 = ( GEOMETRIC_REPRESENTATION_CONTEXT(2) 
PARAMETRIC_REPRESENTATION_CONTEXT() REPRESENTATION_CONTEXT('2D SPACE',''
  ) );
#9040 = PCURVE('',#9041,#9051);
#9041 = SURFACE_OF_LINEAR_EXTRUSION('',#9042,#9049);
#9042 = B_SPLINE_CURVE_WITH_KNOTS('',5,(#9043,#9044,#9045,#9046,#9047,
    #9048),.UNSPECIFIED.,.F.,.F.,(6,6),(0.,1.),
  .PIECEWISE_BEZIER_KNOTS.);
#9043 = CARTESIAN_POINT('',(52.906510296728,12.967276854128,0.));
#9044 = CARTESIAN_POINT('',(52.581722816974,12.959621582995,0.));
#9045 = CARTESIAN_POINT('',(52.056365272409,12.993406235567,0.));
#9046 = CARTESIAN_POINT('',(51.974473957661,12.925741485805,0.));
#9047 = CARTESIAN_POINT('',(51.34703050825,13.004305642622,0.));
#9048 = CARTESIAN_POINT('',(51.084151365315,12.948065246759,0.));
#9049 = VECTOR('',#9050,1.);
#9050 = DIRECTION('',(-0.,-0.,-1.));
#9051 = DEFINITIONAL_REPRESENTATION('',(#9052),#9056);
#9052 = LINE('',#9053,#9054);
#9053 = CARTESIAN_POINT('',(0.,0.));
#9054 = VECTOR('',#9055,1.);
#9055 = DIRECTION('',(0.,-1.));
#9056 = ( GEOMETRIC_REPRESENTATION_CONTEXT(2) 
PARAMETRIC_REPRESENTATION_CONTEXT() REPRESENTATION_CONTEXT('2D SPACE',''
  ) );
#9057 = ORIENTED_EDGE('',*,*,#9058,.F.);
#9058 = EDGE_CURVE('',#8950,#9026,#9059,.T.);
#9059 = SURFACE_CURVE('',#9060,(#9064,#9071),.PCURVE_S1.);
#9060 = LINE('',#9061,#9062);
#9061 = CARTESIAN_POINT('',(52.990558563787,12.855370401837,0.));
#9062 = VECTOR('',#9063,1.);
#9063 = DIRECTION('',(-0.600541424279,0.799593645375,0.));
#9064 = PCURVE('',#8965,#9065);
#9065 = DEFINITIONAL_REPRESENTATION('',(#9066),#9070);
#9066 = LINE('',#9067,#9068);
#9067 = CARTESIAN_POINT('',(0.,0.));
#9068 = VECTOR('',#9069,1.);
#9069 = DIRECTION('',(1.,0.));
#9070 = ( GEOMETRIC_REPRESENTATION_CONTEXT(2) 
PARAMETRIC_REPRESENTATION_CONTEXT() REPRESENTATION_CONTEXT('2D SPACE',''
  ) );
#9071 = PCURVE('',#8490,#9072);
#9072 = DEFINITIONAL_REPRESENTATION('',(#9073),#9077);
#9073 = LINE('',#9074,#9075);
#9074 = CARTESIAN_POINT('',(-1.699847721398,4.201657484589));
#9075 = VECTOR('',#9076,1.);
#9076 = DIRECTION('',(-0.600541424279,0.799593645375));
#9077 = ( GEOMETRIC_REPRESENTATION_CONTEXT(2) 
PARAMETRIC_REPRESENTATION_CONTEXT() REPRESENTATION_CONTEXT('2D SPACE',''
  ) );
#9078 = ADVANCED_FACE('',(#9079),#9041,.F.);
#9079 = FACE_BOUND('',#9080,.F.);
#9080 = EDGE_LOOP('',(#9081,#9082,#9111,#9139));
#9081 = ORIENTED_EDGE('',*,*,#9025,.T.);
#9082 = ORIENTED_EDGE('',*,*,#9083,.T.);
#9083 = EDGE_CURVE('',#9003,#9084,#9086,.T.);
#9084 = VERTEX_POINT('',#9085);
#9085 = CARTESIAN_POINT('',(51.084151365315,12.948065246759,2.));
#9086 = SURFACE_CURVE('',#9087,(#9094,#9101),.PCURVE_S1.);
#9087 = B_SPLINE_CURVE_WITH_KNOTS('',5,(#9088,#9089,#9090,#9091,#9092,
    #9093),.UNSPECIFIED.,.F.,.F.,(6,6),(0.,1.),
  .PIECEWISE_BEZIER_KNOTS.);
#9088 = CARTESIAN_POINT('',(52.906510296728,12.967276854128,2.));
#9089 = CARTESIAN_POINT('',(52.581722816974,12.959621582995,2.));
#9090 = CARTESIAN_POINT('',(52.056365272409,12.993406235567,2.));
#9091 = CARTESIAN_POINT('',(51.974473957661,12.925741485805,2.));
#9092 = CARTESIAN_POINT('',(51.34703050825,13.004305642622,2.));
#9093 = CARTESIAN_POINT('',(51.084151365315,12.948065246759,2.));
#9094 = PCURVE('',#9041,#9095);
#9095 = DEFINITIONAL_REPRESENTATION('',(#9096),#9100);
#9096 = LINE('',#9097,#9098);
#9097 = CARTESIAN_POINT('',(0.,-2.));
#9098 = VECTOR('',#9099,1.);
#9099 = DIRECTION('',(1.,0.));
#9100 = ( GEOMETRIC_REPRESENTATION_CONTEXT(2) 
PARAMETRIC_REPRESENTATION_CONTEXT() REPRESENTATION_CONTEXT('2D SPACE',''
  ) );
#9101 = PCURVE('',#8386,#9102);
#9102 = DEFINITIONAL_REPRESENTATION('',(#9103),#9110);
#9103 = B_SPLINE_CURVE_WITH_KNOTS('',5,(#9104,#9105,#9106,#9107,#9108,
    #9109),.UNSPECIFIED.,.F.,.F.,(6,6),(0.,1.),
  .PIECEWISE_BEZIER_KNOTS.);
#9104 = CARTESIAN_POINT('',(-1.783895988457,4.31356393688));
#9105 = CARTESIAN_POINT('',(-2.10868346821,4.305908665747));
#9106 = CARTESIAN_POINT('',(-2.634041012776,4.339693318319));
#9107 = CARTESIAN_POINT('',(-2.715932327524,4.272028568557));
#9108 = CARTESIAN_POINT('',(-3.343375776934,4.350592725375));
#9109 = CARTESIAN_POINT('',(-3.606254919869,4.294352329511));
#9110 = ( GEOMETRIC_REPRESENTATION_CONTEXT(2) 
PARAMETRIC_REPRESENTATION_CONTEXT() REPRESENTATION_CONTEXT('2D SPACE',''
  ) );
#9111 = ORIENTED_EDGE('',*,*,#9112,.F.);
#9112 = EDGE_CURVE('',#9113,#9084,#9115,.T.);
#9113 = VERTEX_POINT('',#9114);
#9114 = CARTESIAN_POINT('',(51.084151365315,12.948065246759,0.));
#9115 = SURFACE_CURVE('',#9116,(#9120,#9127),.PCURVE_S1.);
#9116 = LINE('',#9117,#9118);
#9117 = CARTESIAN_POINT('',(51.084151365315,12.948065246759,0.));
#9118 = VECTOR('',#9119,1.);
#9119 = DIRECTION('',(0.,0.,1.));
#9120 = PCURVE('',#9041,#9121);
#9121 = DEFINITIONAL_REPRESENTATION('',(#9122),#9126);
#9122 = LINE('',#9123,#9124);
#9123 = CARTESIAN_POINT('',(1.,0.));
#9124 = VECTOR('',#9125,1.);
#9125 = DIRECTION('',(0.,-1.));
#9126 = ( GEOMETRIC_REPRESENTATION_CONTEXT(2) 
PARAMETRIC_REPRESENTATION_CONTEXT() REPRESENTATION_CONTEXT('2D SPACE',''
  ) );
#9127 = PCURVE('',#9128,#9133);
#9128 = PLANE('',#9129);
#9129 = AXIS2_PLACEMENT_3D('',#9130,#9131,#9132);
#9130 = CARTESIAN_POINT('',(51.084151365315,12.948065246759,0.));
#9131 = DIRECTION('',(1.,0.,-0.));
#9132 = DIRECTION('',(0.,-1.,0.));
#9133 = DEFINITIONAL_REPRESENTATION('',(#9134),#9138);
#9134 = LINE('',#9135,#9136);
#9135 = CARTESIAN_POINT('',(0.,0.));
#9136 = VECTOR('',#9137,1.);
#9137 = DIRECTION('',(0.,-1.));
#9138 = ( GEOMETRIC_REPRESENTATION_CONTEXT(2) 
PARAMETRIC_REPRESENTATION_CONTEXT() REPRESENTATION_CONTEXT('2D SPACE',''
  ) );
#9139 = ORIENTED_EDGE('',*,*,#9140,.F.);
#9140 = EDGE_CURVE('',#9026,#9113,#9141,.T.);
#9141 = SURFACE_CURVE('',#9142,(#9149,#9156),.PCURVE_S1.);
#9142 = B_SPLINE_CURVE_WITH_KNOTS('',5,(#9143,#9144,#9145,#9146,#9147,
    #9148),.UNSPECIFIED.,.F.,.F.,(6,6),(0.,1.),
  .PIECEWISE_BEZIER_KNOTS.);
#9143 = CARTESIAN_POINT('',(52.906510296728,12.967276854128,0.));
#9144 = CARTESIAN_POINT('',(52.581722816974,12.959621582995,0.));
#9145 = CARTESIAN_POINT('',(52.056365272409,12.993406235567,0.));
#9146 = CARTESIAN_POINT('',(51.974473957661,12.925741485805,0.));
#9147 = CARTESIAN_POINT('',(51.34703050825,13.004305642622,0.));
#9148 = CARTESIAN_POINT('',(51.084151365315,12.948065246759,0.));
#9149 = PCURVE('',#9041,#9150);
#9150 = DEFINITIONAL_REPRESENTATION('',(#9151),#9155);
#9151 = LINE('',#9152,#9153);
#9152 = CARTESIAN_POINT('',(0.,0.));
#9153 = VECTOR('',#9154,1.);
#9154 = DIRECTION('',(1.,0.));
#9155 = ( GEOMETRIC_REPRESENTATION_CONTEXT(2) 
PARAMETRIC_REPRESENTATION_CONTEXT() REPRESENTATION_CONTEXT('2D SPACE',''
  ) );
#9156 = PCURVE('',#8490,#9157);
#9157 = DEFINITIONAL_REPRESENTATION('',(#9158),#9165);
#9158 = B_SPLINE_CURVE_WITH_KNOTS('',5,(#9159,#9160,#9161,#9162,#9163,
    #9164),.UNSPECIFIED.,.F.,.F.,(6,6),(0.,1.),
  .PIECEWISE_BEZIER_KNOTS.);
#9159 = CARTESIAN_POINT('',(-1.783895988457,4.31356393688));
#9160 = CARTESIAN_POINT('',(-2.10868346821,4.305908665747));
#9161 = CARTESIAN_POINT('',(-2.634041012776,4.339693318319));
#9162 = CARTESIAN_POINT('',(-2.715932327524,4.272028568557));
#9163 = CARTESIAN_POINT('',(-3.343375776934,4.350592725375));
#9164 = CARTESIAN_POINT('',(-3.606254919869,4.294352329511));
#9165 = ( GEOMETRIC_REPRESENTATION_CONTEXT(2) 
PARAMETRIC_REPRESENTATION_CONTEXT() REPRESENTATION_CONTEXT('2D SPACE',''
  ) );
#9166 = ADVANCED_FACE('',(#9167),#9128,.F.);
#9167 = FACE_BOUND('',#9168,.F.);
#9168 = EDGE_LOOP('',(#9169,#9170,#9193,#9221));
#9169 = ORIENTED_EDGE('',*,*,#9112,.T.);
#9170 = ORIENTED_EDGE('',*,*,#9171,.T.);
#9171 = EDGE_CURVE('',#9084,#9172,#9174,.T.);
#9172 = VERTEX_POINT('',#9173);
#9173 = CARTESIAN_POINT('',(51.084151365315,3.924369606729,2.));
#9174 = SURFACE_CURVE('',#9175,(#9179,#9186),.PCURVE_S1.);
#9175 = LINE('',#9176,#9177);
#9176 = CARTESIAN_POINT('',(51.084151365315,12.948065246759,2.));
#9177 = VECTOR('',#9178,1.);
#9178 = DIRECTION('',(0.,-1.,0.));
#9179 = PCURVE('',#9128,#9180);
#9180 = DEFINITIONAL_REPRESENTATION('',(#9181),#9185);
#9181 = LINE('',#9182,#9183);
#9182 = CARTESIAN_POINT('',(0.,-2.));
#9183 = VECTOR('',#9184,1.);
#9184 = DIRECTION('',(1.,0.));
#9185 = ( GEOMETRIC_REPRESENTATION_CONTEXT(2) 
PARAMETRIC_REPRESENTATION_CONTEXT() REPRESENTATION_CONTEXT('2D SPACE',''
  ) );
#9186 = PCURVE('',#8386,#9187);
#9187 = DEFINITIONAL_REPRESENTATION('',(#9188),#9192);
#9188 = LINE('',#9189,#9190);
#9189 = CARTESIAN_POINT('',(-3.606254919869,4.294352329511));
#9190 = VECTOR('',#9191,1.);
#9191 = DIRECTION('',(0.,-1.));
#9192 = ( GEOMETRIC_REPRESENTATION_CONTEXT(2) 
PARAMETRIC_REPRESENTATION_CONTEXT() REPRESENTATION_CONTEXT('2D SPACE',''
  ) );
#9193 = ORIENTED_EDGE('',*,*,#9194,.F.);
#9194 = EDGE_CURVE('',#9195,#9172,#9197,.T.);
#9195 = VERTEX_POINT('',#9196);
#9196 = CARTESIAN_POINT('',(51.084151365315,3.924369606729,0.));
#9197 = SURFACE_CURVE('',#9198,(#9202,#9209),.PCURVE_S1.);
#9198 = LINE('',#9199,#9200);
#9199 = CARTESIAN_POINT('',(51.084151365315,3.924369606729,0.));
#9200 = VECTOR('',#9201,1.);
#9201 = DIRECTION('',(0.,0.,1.));
#9202 = PCURVE('',#9128,#9203);
#9203 = DEFINITIONAL_REPRESENTATION('',(#9204),#9208);
#9204 = LINE('',#9205,#9206);
#9205 = CARTESIAN_POINT('',(9.02369564003,0.));
#9206 = VECTOR('',#9207,1.);
#9207 = DIRECTION('',(0.,-1.));
#9208 = ( GEOMETRIC_REPRESENTATION_CONTEXT(2) 
PARAMETRIC_REPRESENTATION_CONTEXT() REPRESENTATION_CONTEXT('2D SPACE',''
  ) );
#9209 = PCURVE('',#9210,#9215);
#9210 = PLANE('',#9211);
#9211 = AXIS2_PLACEMENT_3D('',#9212,#9213,#9214);
#9212 = CARTESIAN_POINT('',(51.084151365315,3.924369606729,0.));
#9213 = DIRECTION('',(0.,1.,0.));
#9214 = DIRECTION('',(1.,0.,0.));
#9215 = DEFINITIONAL_REPRESENTATION('',(#9216),#9220);
#9216 = LINE('',#9217,#9218);
#9217 = CARTESIAN_POINT('',(0.,0.));
#9218 = VECTOR('',#9219,1.);
#9219 = DIRECTION('',(0.,-1.));
#9220 = ( GEOMETRIC_REPRESENTATION_CONTEXT(2) 
PARAMETRIC_REPRESENTATION_CONTEXT() REPRESENTATION_CONTEXT('2D SPACE',''
  ) );
#9221 = ORIENTED_EDGE('',*,*,#9222,.F.);
#9222 = EDGE_CURVE('',#9113,#9195,#9223,.T.);
#9223 = SURFACE_CURVE('',#9224,(#9228,#9235),.PCURVE_S1.);
#9224 = LINE('',#9225,#9226);
#9225 = CARTESIAN_POINT('',(51.084151365315,12.948065246759,0.));
#9226 = VECTOR('',#9227,1.);
#9227 = DIRECTION('',(0.,-1.,0.));
#9228 = PCURVE('',#9128,#9229);
#9229 = DEFINITIONAL_REPRESENTATION('',(#9230),#9234);
#9230 = LINE('',#9231,#9232);
#9231 = CARTESIAN_POINT('',(0.,0.));
#9232 = VECTOR('',#9233,1.);
#9233 = DIRECTION('',(1.,0.));
#9234 = ( GEOMETRIC_REPRESENTATION_CONTEXT(2) 
PARAMETRIC_REPRESENTATION_CONTEXT() REPRESENTATION_CONTEXT('2D SPACE',''
  ) );
#9235 = PCURVE('',#8490,#9236);
#9236 = DEFINITIONAL_REPRESENTATION('',(#9237),#9241);
#9237 = LINE('',#9238,#9239);
#9238 = CARTESIAN_POINT('',(-3.606254919869,4.294352329511));
#9239 = VECTOR('',#9240,1.);
#9240 = DIRECTION('',(0.,-1.));
#9241 = ( GEOMETRIC_REPRESENTATION_CONTEXT(2) 
PARAMETRIC_REPRESENTATION_CONTEXT() REPRESENTATION_CONTEXT('2D SPACE',''
  ) );
#9242 = ADVANCED_FACE('',(#9243),#9210,.F.);
#9243 = FACE_BOUND('',#9244,.F.);
#9244 = EDGE_LOOP('',(#9245,#9246,#9269,#9297));
#9245 = ORIENTED_EDGE('',*,*,#9194,.T.);
#9246 = ORIENTED_EDGE('',*,*,#9247,.T.);
#9247 = EDGE_CURVE('',#9172,#9248,#9250,.T.);
#9248 = VERTEX_POINT('',#9249);
#9249 = CARTESIAN_POINT('',(53.109878957975,3.924369606729,2.));
#9250 = SURFACE_CURVE('',#9251,(#9255,#9262),.PCURVE_S1.);
#9251 = LINE('',#9252,#9253);
#9252 = CARTESIAN_POINT('',(51.084151365315,3.924369606729,2.));
#9253 = VECTOR('',#9254,1.);
#9254 = DIRECTION('',(1.,0.,0.));
#9255 = PCURVE('',#9210,#9256);
#9256 = DEFINITIONAL_REPRESENTATION('',(#9257),#9261);
#9257 = LINE('',#9258,#9259);
#9258 = CARTESIAN_POINT('',(0.,-2.));
#9259 = VECTOR('',#9260,1.);
#9260 = DIRECTION('',(1.,0.));
#9261 = ( GEOMETRIC_REPRESENTATION_CONTEXT(2) 
PARAMETRIC_REPRESENTATION_CONTEXT() REPRESENTATION_CONTEXT('2D SPACE',''
  ) );
#9262 = PCURVE('',#8386,#9263);
#9263 = DEFINITIONAL_REPRESENTATION('',(#9264),#9268);
#9264 = LINE('',#9265,#9266);
#9265 = CARTESIAN_POINT('',(-3.606254919869,-4.729343310519));
#9266 = VECTOR('',#9267,1.);
#9267 = DIRECTION('',(1.,0.));
#9268 = ( GEOMETRIC_REPRESENTATION_CONTEXT(2) 
PARAMETRIC_REPRESENTATION_CONTEXT() REPRESENTATION_CONTEXT('2D SPACE',''
  ) );
#9269 = ORIENTED_EDGE('',*,*,#9270,.F.);
#9270 = EDGE_CURVE('',#9271,#9248,#9273,.T.);
#9271 = VERTEX_POINT('',#9272);
#9272 = CARTESIAN_POINT('',(53.109878957975,3.924369606729,0.));
#9273 = SURFACE_CURVE('',#9274,(#9278,#9285),.PCURVE_S1.);
#9274 = LINE('',#9275,#9276);
#9275 = CARTESIAN_POINT('',(53.109878957975,3.924369606729,0.));
#9276 = VECTOR('',#9277,1.);
#9277 = DIRECTION('',(0.,0.,1.));
#9278 = PCURVE('',#9210,#9279);
#9279 = DEFINITIONAL_REPRESENTATION('',(#9280),#9284);
#9280 = LINE('',#9281,#9282);
#9281 = CARTESIAN_POINT('',(2.02572759266,0.));
#9282 = VECTOR('',#9283,1.);
#9283 = DIRECTION('',(0.,-1.));
#9284 = ( GEOMETRIC_REPRESENTATION_CONTEXT(2) 
PARAMETRIC_REPRESENTATION_CONTEXT() REPRESENTATION_CONTEXT('2D SPACE',''
  ) );
#9285 = PCURVE('',#9286,#9291);
#9286 = PLANE('',#9287);
#9287 = AXIS2_PLACEMENT_3D('',#9288,#9289,#9290);
#9288 = CARTESIAN_POINT('',(53.109878957975,3.924369606729,0.));
#9289 = DIRECTION('',(-0.783064706072,0.621940243194,0.));
#9290 = DIRECTION('',(0.621940243194,0.783064706072,0.));
#9291 = DEFINITIONAL_REPRESENTATION('',(#9292),#9296);
#9292 = LINE('',#9293,#9294);
#9293 = CARTESIAN_POINT('',(0.,0.));
#9294 = VECTOR('',#9295,1.);
#9295 = DIRECTION('',(0.,-1.));
#9296 = ( GEOMETRIC_REPRESENTATION_CONTEXT(2) 
PARAMETRIC_REPRESENTATION_CONTEXT() REPRESENTATION_CONTEXT('2D SPACE',''
  ) );
#9297 = ORIENTED_EDGE('',*,*,#9298,.F.);
#9298 = EDGE_CURVE('',#9195,#9271,#9299,.T.);
#9299 = SURFACE_CURVE('',#9300,(#9304,#9311),.PCURVE_S1.);
#9300 = LINE('',#9301,#9302);
#9301 = CARTESIAN_POINT('',(51.084151365315,3.924369606729,0.));
#9302 = VECTOR('',#9303,1.);
#9303 = DIRECTION('',(1.,0.,0.));
#9304 = PCURVE('',#9210,#9305);
#9305 = DEFINITIONAL_REPRESENTATION('',(#9306),#9310);
#9306 = LINE('',#9307,#9308);
#9307 = CARTESIAN_POINT('',(0.,0.));
#9308 = VECTOR('',#9309,1.);
#9309 = DIRECTION('',(1.,0.));
#9310 = ( GEOMETRIC_REPRESENTATION_CONTEXT(2) 
PARAMETRIC_REPRESENTATION_CONTEXT() REPRESENTATION_CONTEXT('2D SPACE',''
  ) );
#9311 = PCURVE('',#8490,#9312);
#9312 = DEFINITIONAL_REPRESENTATION('',(#9313),#9317);
#9313 = LINE('',#9314,#9315);
#9314 = CARTESIAN_POINT('',(-3.606254919869,-4.729343310519));
#9315 = VECTOR('',#9316,1.);
#9316 = DIRECTION('',(1.,0.));
#9317 = ( GEOMETRIC_REPRESENTATION_CONTEXT(2) 
PARAMETRIC_REPRESENTATION_CONTEXT() REPRESENTATION_CONTEXT('2D SPACE',''
  ) );
#9318 = ADVANCED_FACE('',(#9319),#9286,.F.);
#9319 = FACE_BOUND('',#9320,.F.);
#9320 = EDGE_LOOP('',(#9321,#9322,#9345,#9368));
#9321 = ORIENTED_EDGE('',*,*,#9270,.T.);
#9322 = ORIENTED_EDGE('',*,*,#9323,.T.);
#9323 = EDGE_CURVE('',#9248,#9324,#9326,.T.);
#9324 = VERTEX_POINT('',#9325);
#9325 = CARTESIAN_POINT('',(53.191398018057,4.027007600525,2.));
#9326 = SURFACE_CURVE('',#9327,(#9331,#9338),.PCURVE_S1.);
#9327 = LINE('',#9328,#9329);
#9328 = CARTESIAN_POINT('',(53.109878957975,3.924369606729,2.));
#9329 = VECTOR('',#9330,1.);
#9330 = DIRECTION('',(0.621940243194,0.783064706072,0.));
#9331 = PCURVE('',#9286,#9332);
#9332 = DEFINITIONAL_REPRESENTATION('',(#9333),#9337);
#9333 = LINE('',#9334,#9335);
#9334 = CARTESIAN_POINT('',(0.,-2.));
#9335 = VECTOR('',#9336,1.);
#9336 = DIRECTION('',(1.,0.));
#9337 = ( GEOMETRIC_REPRESENTATION_CONTEXT(2) 
PARAMETRIC_REPRESENTATION_CONTEXT() REPRESENTATION_CONTEXT('2D SPACE',''
  ) );
#9338 = PCURVE('',#8386,#9339);
#9339 = DEFINITIONAL_REPRESENTATION('',(#9340),#9344);
#9340 = LINE('',#9341,#9342);
#9341 = CARTESIAN_POINT('',(-1.580527327209,-4.729343310519));
#9342 = VECTOR('',#9343,1.);
#9343 = DIRECTION('',(0.621940243194,0.783064706072));
#9344 = ( GEOMETRIC_REPRESENTATION_CONTEXT(2) 
PARAMETRIC_REPRESENTATION_CONTEXT() REPRESENTATION_CONTEXT('2D SPACE',''
  ) );
#9345 = ORIENTED_EDGE('',*,*,#9346,.F.);
#9346 = EDGE_CURVE('',#9347,#9324,#9349,.T.);
#9347 = VERTEX_POINT('',#9348);
#9348 = CARTESIAN_POINT('',(53.191398018057,4.027007600525,0.));
#9349 = SURFACE_CURVE('',#9350,(#9354,#9361),.PCURVE_S1.);
#9350 = LINE('',#9351,#9352);
#9351 = CARTESIAN_POINT('',(53.191398018057,4.027007600525,0.));
#9352 = VECTOR('',#9353,1.);
#9353 = DIRECTION('',(0.,0.,1.));
#9354 = PCURVE('',#9286,#9355);
#9355 = DEFINITIONAL_REPRESENTATION('',(#9356),#9360);
#9356 = LINE('',#9357,#9358);
#9357 = CARTESIAN_POINT('',(0.131072174496,0.));
#9358 = VECTOR('',#9359,1.);
#9359 = DIRECTION('',(0.,-1.));
#9360 = ( GEOMETRIC_REPRESENTATION_CONTEXT(2) 
PARAMETRIC_REPRESENTATION_CONTEXT() REPRESENTATION_CONTEXT('2D SPACE',''
  ) );
#9361 = PCURVE('',#8332,#9362);
#9362 = DEFINITIONAL_REPRESENTATION('',(#9363),#9367);
#9363 = LINE('',#9364,#9365);
#9364 = CARTESIAN_POINT('',(0.,0.));
#9365 = VECTOR('',#9366,1.);
#9366 = DIRECTION('',(0.,-1.));
#9367 = ( GEOMETRIC_REPRESENTATION_CONTEXT(2) 
PARAMETRIC_REPRESENTATION_CONTEXT() REPRESENTATION_CONTEXT('2D SPACE',''
  ) );
#9368 = ORIENTED_EDGE('',*,*,#9369,.F.);
#9369 = EDGE_CURVE('',#9271,#9347,#9370,.T.);
#9370 = SURFACE_CURVE('',#9371,(#9375,#9382),.PCURVE_S1.);
#9371 = LINE('',#9372,#9373);
#9372 = CARTESIAN_POINT('',(53.109878957975,3.924369606729,0.));
#9373 = VECTOR('',#9374,1.);
#9374 = DIRECTION('',(0.621940243194,0.783064706072,0.));
#9375 = PCURVE('',#9286,#9376);
#9376 = DEFINITIONAL_REPRESENTATION('',(#9377),#9381);
#9377 = LINE('',#9378,#9379);
#9378 = CARTESIAN_POINT('',(0.,0.));
#9379 = VECTOR('',#9380,1.);
#9380 = DIRECTION('',(1.,0.));
#9381 = ( GEOMETRIC_REPRESENTATION_CONTEXT(2) 
PARAMETRIC_REPRESENTATION_CONTEXT() REPRESENTATION_CONTEXT('2D SPACE',''
  ) );
#9382 = PCURVE('',#8490,#9383);
#9383 = DEFINITIONAL_REPRESENTATION('',(#9384),#9388);
#9384 = LINE('',#9385,#9386);
#9385 = CARTESIAN_POINT('',(-1.580527327209,-4.729343310519));
#9386 = VECTOR('',#9387,1.);
#9387 = DIRECTION('',(0.621940243194,0.783064706072));
#9388 = ( GEOMETRIC_REPRESENTATION_CONTEXT(2) 
PARAMETRIC_REPRESENTATION_CONTEXT() REPRESENTATION_CONTEXT('2D SPACE',''
  ) );
#9389 = ADVANCED_FACE('',(#9390),#8332,.F.);
#9390 = FACE_BOUND('',#9391,.F.);
#9391 = EDGE_LOOP('',(#9392,#9393,#9462,#9463));
#9392 = ORIENTED_EDGE('',*,*,#9346,.T.);
#9393 = ORIENTED_EDGE('',*,*,#9394,.T.);
#9394 = EDGE_CURVE('',#9324,#8312,#9395,.T.);
#9395 = SURFACE_CURVE('',#9396,(#9424,#9431),.PCURVE_S1.);
#9396 = B_SPLINE_CURVE_WITH_KNOTS('',8,(#9397,#9398,#9399,#9400,#9401,
    #9402,#9403,#9404,#9405,#9406,#9407,#9408,#9409,#9410,#9411,#9412,
    #9413,#9414,#9415,#9416,#9417,#9418,#9419,#9420,#9421,#9422,#9423),
  .UNSPECIFIED.,.F.,.F.,(9,6,6,6,9),(0.,0.344493242718,0.555885890499,
    0.777441086045,1.),.UNSPECIFIED.);
#9397 = CARTESIAN_POINT('',(53.191398018057,4.027007600525,2.));
#9398 = CARTESIAN_POINT('',(53.199507968116,4.728330243308,2.));
#9399 = CARTESIAN_POINT('',(53.149126902678,5.434348915341,2.));
#9400 = CARTESIAN_POINT('',(53.297897433328,6.126098273125,2.));
#9401 = CARTESIAN_POINT('',(53.03519917412,6.84277446161,2.));
#9402 = CARTESIAN_POINT('',(53.321531775772,7.534603075531,2.));
#9403 = CARTESIAN_POINT('',(53.157765823726,8.234796097496,2.));
#9404 = CARTESIAN_POINT('',(53.118675082438,9.386448910858,2.));
#9405 = CARTESIAN_POINT('',(53.524339739702,10.473731548352,2.));
#9406 = CARTESIAN_POINT('',(53.716268939677,10.800740425807,2.));
#9407 = CARTESIAN_POINT('',(54.174225333489,11.312832020593,2.));
#9408 = CARTESIAN_POINT('',(54.650912869902,11.068348773845,2.));
#9409 = CARTESIAN_POINT('',(55.038739446916,11.29509237807,2.));
#9410 = CARTESIAN_POINT('',(56.028383237316,11.101959919141,2.));
#9411 = CARTESIAN_POINT('',(56.504274222339,10.310607739323,2.));
#9412 = CARTESIAN_POINT('',(56.688760841432,9.768341650453,2.));
#9413 = CARTESIAN_POINT('',(56.409754832565,9.381447795609,2.));
#9414 = CARTESIAN_POINT('',(56.545544453395,8.898940325035,2.));
#9415 = CARTESIAN_POINT('',(56.518089340733,8.457229386021,2.));
#9416 = CARTESIAN_POINT('',(56.517968057504,7.549330967531,2.));
#9417 = CARTESIAN_POINT('',(56.519281329434,6.646629550125,2.));
#9418 = CARTESIAN_POINT('',(56.515955976877,6.18999356955,2.));
#9419 = CARTESIAN_POINT('',(56.521930424968,5.741020517953,2.));
#9420 = CARTESIAN_POINT('',(56.515803379666,5.283226306394,2.));
#9421 = CARTESIAN_POINT('',(56.519658693452,4.832202871979,2.));
#9422 = CARTESIAN_POINT('',(56.518231547354,4.377762597471,2.));
#9423 = CARTESIAN_POINT('',(56.518478283187,3.924369606729,2.));
#9424 = PCURVE('',#8332,#9425);
#9425 = DEFINITIONAL_REPRESENTATION('',(#9426),#9430);
#9426 = LINE('',#9427,#9428);
#9427 = CARTESIAN_POINT('',(0.,-2.));
#9428 = VECTOR('',#9429,1.);
#9429 = DIRECTION('',(1.,0.));
#9430 = ( GEOMETRIC_REPRESENTATION_CONTEXT(2) 
PARAMETRIC_REPRESENTATION_CONTEXT() REPRESENTATION_CONTEXT('2D SPACE',''
  ) );
#9431 = PCURVE('',#8386,#9432);
#9432 = DEFINITIONAL_REPRESENTATION('',(#9433),#9461);
#9433 = B_SPLINE_CURVE_WITH_KNOTS('',8,(#9434,#9435,#9436,#9437,#9438,
    #9439,#9440,#9441,#9442,#9443,#9444,#9445,#9446,#9447,#9448,#9449,
    #9450,#9451,#9452,#9453,#9454,#9455,#9456,#9457,#9458,#9459,#9460),
  .UNSPECIFIED.,.F.,.F.,(9,6,6,6,9),(0.,0.344493242718,0.555885890499,
    0.777441086045,1.),.UNSPECIFIED.);
#9434 = CARTESIAN_POINT('',(-1.499008267127,-4.626705316723));
#9435 = CARTESIAN_POINT('',(-1.490898317068,-3.92538267394));
#9436 = CARTESIAN_POINT('',(-1.541279382507,-3.219364001906));
#9437 = CARTESIAN_POINT('',(-1.392508851857,-2.527614644123));
#9438 = CARTESIAN_POINT('',(-1.655207111064,-1.810938455637));
#9439 = CARTESIAN_POINT('',(-1.368874509412,-1.119109841717));
#9440 = CARTESIAN_POINT('',(-1.532640461458,-0.418916819752));
#9441 = CARTESIAN_POINT('',(-1.571731202747,0.73273599361));
#9442 = CARTESIAN_POINT('',(-1.166066545482,1.820018631104));
#9443 = CARTESIAN_POINT('',(-0.974137345507,2.14702750856));
#9444 = CARTESIAN_POINT('',(-0.516180951696,2.659119103345));
#9445 = CARTESIAN_POINT('',(-3.949341528189E-02,2.414635856598));
#9446 = CARTESIAN_POINT('',(0.348333161732,2.641379460822));
#9447 = CARTESIAN_POINT('',(1.337976952131,2.448247001893));
#9448 = CARTESIAN_POINT('',(1.813867937154,1.656894822075));
#9449 = CARTESIAN_POINT('',(1.998354556248,1.114628733206));
#9450 = CARTESIAN_POINT('',(1.71934854738,0.727734878361));
#9451 = CARTESIAN_POINT('',(1.855138168211,0.245227407788));
#9452 = CARTESIAN_POINT('',(1.827683055549,-0.196483531226));
#9453 = CARTESIAN_POINT('',(1.827561772319,-1.104381949717));
#9454 = CARTESIAN_POINT('',(1.82887504425,-2.007083367122));
#9455 = CARTESIAN_POINT('',(1.825549691693,-2.463719347698));
#9456 = CARTESIAN_POINT('',(1.831524139784,-2.912692399294));
#9457 = CARTESIAN_POINT('',(1.825397094481,-3.370486610854));
#9458 = CARTESIAN_POINT('',(1.829252408268,-3.821510045268));
#9459 = CARTESIAN_POINT('',(1.827825262169,-4.275950319777));
#9460 = CARTESIAN_POINT('',(1.828071998003,-4.729343310519));
#9461 = ( GEOMETRIC_REPRESENTATION_CONTEXT(2) 
PARAMETRIC_REPRESENTATION_CONTEXT() REPRESENTATION_CONTEXT('2D SPACE',''
  ) );
#9462 = ORIENTED_EDGE('',*,*,#8309,.F.);
#9463 = ORIENTED_EDGE('',*,*,#9464,.F.);
#9464 = EDGE_CURVE('',#9347,#8310,#9465,.T.);
#9465 = SURFACE_CURVE('',#9466,(#9494,#9501),.PCURVE_S1.);
#9466 = B_SPLINE_CURVE_WITH_KNOTS('',8,(#9467,#9468,#9469,#9470,#9471,
    #9472,#9473,#9474,#9475,#9476,#9477,#9478,#9479,#9480,#9481,#9482,
    #9483,#9484,#9485,#9486,#9487,#9488,#9489,#9490,#9491,#9492,#9493),
  .UNSPECIFIED.,.F.,.F.,(9,6,6,6,9),(0.,0.344493242718,0.555885890499,
    0.777441086045,1.),.UNSPECIFIED.);
#9467 = CARTESIAN_POINT('',(53.191398018057,4.027007600525,0.));
#9468 = CARTESIAN_POINT('',(53.199507968116,4.728330243308,0.));
#9469 = CARTESIAN_POINT('',(53.149126902678,5.434348915341,0.));
#9470 = CARTESIAN_POINT('',(53.297897433328,6.126098273125,0.));
#9471 = CARTESIAN_POINT('',(53.03519917412,6.84277446161,0.));
#9472 = CARTESIAN_POINT('',(53.321531775772,7.534603075531,0.));
#9473 = CARTESIAN_POINT('',(53.157765823726,8.234796097496,0.));
#9474 = CARTESIAN_POINT('',(53.118675082438,9.386448910858,0.));
#9475 = CARTESIAN_POINT('',(53.524339739702,10.473731548352,0.));
#9476 = CARTESIAN_POINT('',(53.716268939677,10.800740425807,0.));
#9477 = CARTESIAN_POINT('',(54.174225333489,11.312832020593,0.));
#9478 = CARTESIAN_POINT('',(54.650912869902,11.068348773845,0.));
#9479 = CARTESIAN_POINT('',(55.038739446916,11.29509237807,0.));
#9480 = CARTESIAN_POINT('',(56.028383237316,11.101959919141,0.));
#9481 = CARTESIAN_POINT('',(56.504274222339,10.310607739323,0.));
#9482 = CARTESIAN_POINT('',(56.688760841432,9.768341650453,0.));
#9483 = CARTESIAN_POINT('',(56.409754832565,9.381447795609,0.));
#9484 = CARTESIAN_POINT('',(56.545544453395,8.898940325035,0.));
#9485 = CARTESIAN_POINT('',(56.518089340733,8.457229386021,0.));
#9486 = CARTESIAN_POINT('',(56.517968057504,7.549330967531,0.));
#9487 = CARTESIAN_POINT('',(56.519281329434,6.646629550125,0.));
#9488 = CARTESIAN_POINT('',(56.515955976877,6.18999356955,0.));
#9489 = CARTESIAN_POINT('',(56.521930424968,5.741020517953,0.));
#9490 = CARTESIAN_POINT('',(56.515803379666,5.283226306394,0.));
#9491 = CARTESIAN_POINT('',(56.519658693452,4.832202871979,0.));
#9492 = CARTESIAN_POINT('',(56.518231547354,4.377762597471,0.));
#9493 = CARTESIAN_POINT('',(56.518478283187,3.924369606729,0.));
#9494 = PCURVE('',#8332,#9495);
#9495 = DEFINITIONAL_REPRESENTATION('',(#9496),#9500);
#9496 = LINE('',#9497,#9498);
#9497 = CARTESIAN_POINT('',(0.,0.));
#9498 = VECTOR('',#9499,1.);
#9499 = DIRECTION('',(1.,0.));
#9500 = ( GEOMETRIC_REPRESENTATION_CONTEXT(2) 
PARAMETRIC_REPRESENTATION_CONTEXT() REPRESENTATION_CONTEXT('2D SPACE',''
  ) );
#9501 = PCURVE('',#8490,#9502);
#9502 = DEFINITIONAL_REPRESENTATION('',(#9503),#9531);
#9503 = B_SPLINE_CURVE_WITH_KNOTS('',8,(#9504,#9505,#9506,#9507,#9508,
    #9509,#9510,#9511,#9512,#9513,#9514,#9515,#9516,#9517,#9518,#9519,
    #9520,#9521,#9522,#9523,#9524,#9525,#9526,#9527,#9528,#9529,#9530),
  .UNSPECIFIED.,.F.,.F.,(9,6,6,6,9),(0.,0.344493242718,0.555885890499,
    0.777441086045,1.),.UNSPECIFIED.);
#9504 = CARTESIAN_POINT('',(-1.499008267127,-4.626705316723));
#9505 = CARTESIAN_POINT('',(-1.490898317068,-3.92538267394));
#9506 = CARTESIAN_POINT('',(-1.541279382507,-3.219364001906));
#9507 = CARTESIAN_POINT('',(-1.392508851857,-2.527614644123));
#9508 = CARTESIAN_POINT('',(-1.655207111064,-1.810938455637));
#9509 = CARTESIAN_POINT('',(-1.368874509412,-1.119109841717));
#9510 = CARTESIAN_POINT('',(-1.532640461458,-0.418916819752));
#9511 = CARTESIAN_POINT('',(-1.571731202747,0.73273599361));
#9512 = CARTESIAN_POINT('',(-1.166066545482,1.820018631104));
#9513 = CARTESIAN_POINT('',(-0.974137345507,2.14702750856));
#9514 = CARTESIAN_POINT('',(-0.516180951696,2.659119103345));
#9515 = CARTESIAN_POINT('',(-3.949341528189E-02,2.414635856598));
#9516 = CARTESIAN_POINT('',(0.348333161732,2.641379460822));
#9517 = CARTESIAN_POINT('',(1.337976952131,2.448247001893));
#9518 = CARTESIAN_POINT('',(1.813867937154,1.656894822075));
#9519 = CARTESIAN_POINT('',(1.998354556248,1.114628733206));
#9520 = CARTESIAN_POINT('',(1.71934854738,0.727734878361));
#9521 = CARTESIAN_POINT('',(1.855138168211,0.245227407788));
#9522 = CARTESIAN_POINT('',(1.827683055549,-0.196483531226));
#9523 = CARTESIAN_POINT('',(1.827561772319,-1.104381949717));
#9524 = CARTESIAN_POINT('',(1.82887504425,-2.007083367122));
#9525 = CARTESIAN_POINT('',(1.825549691693,-2.463719347698));
#9526 = CARTESIAN_POINT('',(1.831524139784,-2.912692399294));
#9527 = CARTESIAN_POINT('',(1.825397094481,-3.370486610854));
#9528 = CARTESIAN_POINT('',(1.829252408268,-3.821510045268));
#9529 = CARTESIAN_POINT('',(1.827825262169,-4.275950319777));
#9530 = CARTESIAN_POINT('',(1.828071998003,-4.729343310519));
#9531 = ( GEOMETRIC_REPRESENTATION_CONTEXT(2) 
PARAMETRIC_REPRESENTATION_CONTEXT() REPRESENTATION_CONTEXT('2D SPACE',''
  ) );
#9532 = ADVANCED_FACE('',(#9533),#8490,.F.);
#9533 = FACE_BOUND('',#9534,.F.);
#9534 = EDGE_LOOP('',(#9535,#9536,#9537,#9538,#9539,#9540,#9541,#9542,
    #9543,#9544,#9545));
#9535 = ORIENTED_EDGE('',*,*,#8476,.T.);
#9536 = ORIENTED_EDGE('',*,*,#8653,.T.);
#9537 = ORIENTED_EDGE('',*,*,#8825,.T.);
#9538 = ORIENTED_EDGE('',*,*,#8901,.T.);
#9539 = ORIENTED_EDGE('',*,*,#8977,.T.);
#9540 = ORIENTED_EDGE('',*,*,#9058,.T.);
#9541 = ORIENTED_EDGE('',*,*,#9140,.T.);
#9542 = ORIENTED_EDGE('',*,*,#9222,.T.);
#9543 = ORIENTED_EDGE('',*,*,#9298,.T.);
#9544 = ORIENTED_EDGE('',*,*,#9369,.T.);
#9545 = ORIENTED_EDGE('',*,*,#9464,.T.);
#9546 = ADVANCED_FACE('',(#9547),#8386,.T.);
#9547 = FACE_BOUND('',#9548,.T.);
#9548 = EDGE_LOOP('',(#9549,#9550,#9551,#9552,#9553,#9554,#9555,#9556,
    #9557,#9558,#9559));
#9549 = ORIENTED_EDGE('',*,*,#8370,.T.);
#9550 = ORIENTED_EDGE('',*,*,#8506,.T.);
#9551 = ORIENTED_EDGE('',*,*,#8774,.T.);
#9552 = ORIENTED_EDGE('',*,*,#8850,.T.);
#9553 = ORIENTED_EDGE('',*,*,#8926,.T.);
#9554 = ORIENTED_EDGE('',*,*,#9002,.T.);
#9555 = ORIENTED_EDGE('',*,*,#9083,.T.);
#9556 = ORIENTED_EDGE('',*,*,#9171,.T.);
#9557 = ORIENTED_EDGE('',*,*,#9247,.T.);
#9558 = ORIENTED_EDGE('',*,*,#9323,.T.);
#9559 = ORIENTED_EDGE('',*,*,#9394,.T.);
#9560 = MANIFOLD_SOLID_BREP('',#9561);
#9561 = CLOSED_SHELL('',(#9562,#9723,#9814,#9881,#10020,#10111,#10170,
    #10181));
#9562 = ADVANCED_FACE('',(#9563),#9577,.F.);
#9563 = FACE_BOUND('',#9564,.F.);
#9564 = EDGE_LOOP('',(#9565,#9614,#9652,#9687));
#9565 = ORIENTED_EDGE('',*,*,#9566,.T.);
#9566 = EDGE_CURVE('',#9567,#9569,#9571,.T.);
#9567 = VERTEX_POINT('',#9568);
#9568 = CARTESIAN_POINT('',(45.422652070512,3.813014230284,0.));
#9569 = VERTEX_POINT('',#9570);
#9570 = CARTESIAN_POINT('',(45.422652070512,3.813014230284,2.));
#9571 = SURFACE_CURVE('',#9572,(#9576,#9595),.PCURVE_S1.);
#9572 = LINE('',#9573,#9574);
#9573 = CARTESIAN_POINT('',(45.422652070512,3.813014230284,0.));
#9574 = VECTOR('',#9575,1.);
#9575 = DIRECTION('',(0.,0.,1.));
#9576 = PCURVE('',#9577,#9589);
#9577 = SURFACE_OF_LINEAR_EXTRUSION('',#9578,#9587);
#9578 = B_SPLINE_CURVE_WITH_KNOTS('',7,(#9579,#9580,#9581,#9582,#9583,
    #9584,#9585,#9586),.UNSPECIFIED.,.F.,.F.,(8,8),(0.,1.),
  .PIECEWISE_BEZIER_KNOTS.);
#9579 = CARTESIAN_POINT('',(45.422652070512,3.813014230284,0.));
#9580 = CARTESIAN_POINT('',(46.752802640599,4.027254952765,0.));
#9581 = CARTESIAN_POINT('',(47.976250473424,4.60645913165,0.));
#9582 = CARTESIAN_POINT('',(49.044415207435,6.333709466639,0.));
#9583 = CARTESIAN_POINT('',(48.482447977233,7.555181428336,0.));
#9584 = CARTESIAN_POINT('',(48.937819263948,8.893497103105,0.));
#9585 = CARTESIAN_POINT('',(48.63890951299,10.338891657616,0.));
#9586 = CARTESIAN_POINT('',(47.930760118919,11.470972773101,0.));
#9587 = VECTOR('',#9588,1.);
#9588 = DIRECTION('',(-0.,-0.,-1.));
#9589 = DEFINITIONAL_REPRESENTATION('',(#9590),#9594);
#9590 = LINE('',#9591,#9592);
#9591 = CARTESIAN_POINT('',(0.,0.));
#9592 = VECTOR('',#9593,1.);
#9593 = DIRECTION('',(0.,-1.));
#9594 = ( GEOMETRIC_REPRESENTATION_CONTEXT(2) 
PARAMETRIC_REPRESENTATION_CONTEXT() REPRESENTATION_CONTEXT('2D SPACE',''
  ) );
#9595 = PCURVE('',#9596,#9608);
#9596 = SURFACE_OF_LINEAR_EXTRUSION('',#9597,#9606);
#9597 = B_SPLINE_CURVE_WITH_KNOTS('',7,(#9598,#9599,#9600,#9601,#9602,
    #9603,#9604,#9605),.UNSPECIFIED.,.F.,.F.,(8,8),(0.,1.),
  .PIECEWISE_BEZIER_KNOTS.);
#9598 = CARTESIAN_POINT('',(40.775490014038,10.207766236524,0.));
#9599 = CARTESIAN_POINT('',(40.424208029781,8.910281801462,0.));
#9600 = CARTESIAN_POINT('',(40.553612255103,7.27684406066,0.));
#9601 = CARTESIAN_POINT('',(40.549355939436,6.522665965838,0.));
#9602 = CARTESIAN_POINT('',(40.952747824522,4.116125182324,0.));
#9603 = CARTESIAN_POINT('',(42.761185619054,3.819010502785,0.));
#9604 = CARTESIAN_POINT('',(44.04666276651,3.615995163633,0.));
#9605 = CARTESIAN_POINT('',(45.422652070512,3.813014230284,0.));
#9606 = VECTOR('',#9607,1.);
#9607 = DIRECTION('',(-0.,-0.,-1.));
#9608 = DEFINITIONAL_REPRESENTATION('',(#9609),#9613);
#9609 = LINE('',#9610,#9611);
#9610 = CARTESIAN_POINT('',(1.,0.));
#9611 = VECTOR('',#9612,1.);
#9612 = DIRECTION('',(0.,-1.));
#9613 = ( GEOMETRIC_REPRESENTATION_CONTEXT(2) 
PARAMETRIC_REPRESENTATION_CONTEXT() REPRESENTATION_CONTEXT('2D SPACE',''
  ) );
#9614 = ORIENTED_EDGE('',*,*,#9615,.T.);
#9615 = EDGE_CURVE('',#9569,#9616,#9618,.T.);
#9616 = VERTEX_POINT('',#9617);
#9617 = CARTESIAN_POINT('',(47.930760118919,11.470972773101,2.));
#9618 = SURFACE_CURVE('',#9619,(#9628,#9635),.PCURVE_S1.);
#9619 = B_SPLINE_CURVE_WITH_KNOTS('',7,(#9620,#9621,#9622,#9623,#9624,
    #9625,#9626,#9627),.UNSPECIFIED.,.F.,.F.,(8,8),(0.,1.),
  .PIECEWISE_BEZIER_KNOTS.);
#9620 = CARTESIAN_POINT('',(45.422652070512,3.813014230284,2.));
#9621 = CARTESIAN_POINT('',(46.752802640599,4.027254952765,2.));
#9622 = CARTESIAN_POINT('',(47.976250473424,4.60645913165,2.));
#9623 = CARTESIAN_POINT('',(49.044415207435,6.333709466639,2.));
#9624 = CARTESIAN_POINT('',(48.482447977233,7.555181428336,2.));
#9625 = CARTESIAN_POINT('',(48.937819263948,8.893497103105,2.));
#9626 = CARTESIAN_POINT('',(48.63890951299,10.338891657616,2.));
#9627 = CARTESIAN_POINT('',(47.930760118919,11.470972773101,2.));
#9628 = PCURVE('',#9577,#9629);
#9629 = DEFINITIONAL_REPRESENTATION('',(#9630),#9634);
#9630 = LINE('',#9631,#9632);
#9631 = CARTESIAN_POINT('',(0.,-2.));
#9632 = VECTOR('',#9633,1.);
#9633 = DIRECTION('',(1.,0.));
#9634 = ( GEOMETRIC_REPRESENTATION_CONTEXT(2) 
PARAMETRIC_REPRESENTATION_CONTEXT() REPRESENTATION_CONTEXT('2D SPACE',''
  ) );
#9635 = PCURVE('',#9636,#9641);
#9636 = PLANE('',#9637);
#9637 = AXIS2_PLACEMENT_3D('',#9638,#9639,#9640);
#9638 = CARTESIAN_POINT('',(44.619058041432,8.447945879975,2.));
#9639 = DIRECTION('',(0.,0.,1.));
#9640 = DIRECTION('',(1.,0.,-0.));
#9641 = DEFINITIONAL_REPRESENTATION('',(#9642),#9651);
#9642 = B_SPLINE_CURVE_WITH_KNOTS('',7,(#9643,#9644,#9645,#9646,#9647,
    #9648,#9649,#9650),.UNSPECIFIED.,.F.,.F.,(8,8),(0.,1.),
  .PIECEWISE_BEZIER_KNOTS.);
#9643 = CARTESIAN_POINT('',(0.80359402908,-4.634931649692));
#9644 = CARTESIAN_POINT('',(2.133744599168,-4.42069092721));
#9645 = CARTESIAN_POINT('',(3.357192431992,-3.841486748326));
#9646 = CARTESIAN_POINT('',(4.425357166003,-2.114236413336));
#9647 = CARTESIAN_POINT('',(3.863389935801,-0.892764451639));
#9648 = CARTESIAN_POINT('',(4.318761222516,0.44555122313));
#9649 = CARTESIAN_POINT('',(4.019851471558,1.890945777641));
#9650 = CARTESIAN_POINT('',(3.311702077487,3.023026893126));
#9651 = ( GEOMETRIC_REPRESENTATION_CONTEXT(2) 
PARAMETRIC_REPRESENTATION_CONTEXT() REPRESENTATION_CONTEXT('2D SPACE',''
  ) );
#9652 = ORIENTED_EDGE('',*,*,#9653,.F.);
#9653 = EDGE_CURVE('',#9654,#9616,#9656,.T.);
#9654 = VERTEX_POINT('',#9655);
#9655 = CARTESIAN_POINT('',(47.930760118919,11.470972773101,0.));
#9656 = SURFACE_CURVE('',#9657,(#9661,#9668),.PCURVE_S1.);
#9657 = LINE('',#9658,#9659);
#9658 = CARTESIAN_POINT('',(47.930760118919,11.470972773101,0.));
#9659 = VECTOR('',#9660,1.);
#9660 = DIRECTION('',(0.,0.,1.));
#9661 = PCURVE('',#9577,#9662);
#9662 = DEFINITIONAL_REPRESENTATION('',(#9663),#9667);
#9663 = LINE('',#9664,#9665);
#9664 = CARTESIAN_POINT('',(1.,0.));
#9665 = VECTOR('',#9666,1.);
#9666 = DIRECTION('',(0.,-1.));
#9667 = ( GEOMETRIC_REPRESENTATION_CONTEXT(2) 
PARAMETRIC_REPRESENTATION_CONTEXT() REPRESENTATION_CONTEXT('2D SPACE',''
  ) );
#9668 = PCURVE('',#9669,#9681);
#9669 = SURFACE_OF_LINEAR_EXTRUSION('',#9670,#9679);
#9670 = B_SPLINE_CURVE_WITH_KNOTS('',7,(#9671,#9672,#9673,#9674,#9675,
    #9676,#9677,#9678),.UNSPECIFIED.,.F.,.F.,(8,8),(0.,1.),
  .PIECEWISE_BEZIER_KNOTS.);
#9671 = CARTESIAN_POINT('',(47.930760118919,11.470972773101,0.));
#9672 = CARTESIAN_POINT('',(47.291018855184,12.487511087912,0.));
#9673 = CARTESIAN_POINT('',(45.87727008477,13.82406502172,0.));
#9674 = CARTESIAN_POINT('',(44.795050503974,12.678498007373,0.));
#9675 = CARTESIAN_POINT('',(43.042961064353,13.959529402701,0.));
#9676 = CARTESIAN_POINT('',(41.80823077511,12.580132549266,0.));
#9677 = CARTESIAN_POINT('',(41.088834436596,11.468437714654,0.));
#9678 = CARTESIAN_POINT('',(40.775490014038,10.207766236524,0.));
#9679 = VECTOR('',#9680,1.);
#9680 = DIRECTION('',(-0.,-0.,-1.));
#9681 = DEFINITIONAL_REPRESENTATION('',(#9682),#9686);
#9682 = LINE('',#9683,#9684);
#9683 = CARTESIAN_POINT('',(0.,0.));
#9684 = VECTOR('',#9685,1.);
#9685 = DIRECTION('',(0.,-1.));
#9686 = ( GEOMETRIC_REPRESENTATION_CONTEXT(2) 
PARAMETRIC_REPRESENTATION_CONTEXT() REPRESENTATION_CONTEXT('2D SPACE',''
  ) );
#9687 = ORIENTED_EDGE('',*,*,#9688,.F.);
#9688 = EDGE_CURVE('',#9567,#9654,#9689,.T.);
#9689 = SURFACE_CURVE('',#9690,(#9699,#9706),.PCURVE_S1.);
#9690 = B_SPLINE_CURVE_WITH_KNOTS('',7,(#9691,#9692,#9693,#9694,#9695,
    #9696,#9697,#9698),.UNSPECIFIED.,.F.,.F.,(8,8),(0.,1.),
  .PIECEWISE_BEZIER_KNOTS.);
#9691 = CARTESIAN_POINT('',(45.422652070512,3.813014230284,0.));
#9692 = CARTESIAN_POINT('',(46.752802640599,4.027254952765,0.));
#9693 = CARTESIAN_POINT('',(47.976250473424,4.60645913165,0.));
#9694 = CARTESIAN_POINT('',(49.044415207435,6.333709466639,0.));
#9695 = CARTESIAN_POINT('',(48.482447977233,7.555181428336,0.));
#9696 = CARTESIAN_POINT('',(48.937819263948,8.893497103105,0.));
#9697 = CARTESIAN_POINT('',(48.63890951299,10.338891657616,0.));
#9698 = CARTESIAN_POINT('',(47.930760118919,11.470972773101,0.));
#9699 = PCURVE('',#9577,#9700);
#9700 = DEFINITIONAL_REPRESENTATION('',(#9701),#9705);
#9701 = LINE('',#9702,#9703);
#9702 = CARTESIAN_POINT('',(0.,0.));
#9703 = VECTOR('',#9704,1.);
#9704 = DIRECTION('',(1.,0.));
#9705 = ( GEOMETRIC_REPRESENTATION_CONTEXT(2) 
PARAMETRIC_REPRESENTATION_CONTEXT() REPRESENTATION_CONTEXT('2D SPACE',''
  ) );
#9706 = PCURVE('',#9707,#9712);
#9707 = PLANE('',#9708);
#9708 = AXIS2_PLACEMENT_3D('',#9709,#9710,#9711);
#9709 = CARTESIAN_POINT('',(44.619058041432,8.447945879975,0.));
#9710 = DIRECTION('',(0.,0.,1.));
#9711 = DIRECTION('',(1.,0.,-0.));
#9712 = DEFINITIONAL_REPRESENTATION('',(#9713),#9722);
#9713 = B_SPLINE_CURVE_WITH_KNOTS('',7,(#9714,#9715,#9716,#9717,#9718,
    #9719,#9720,#9721),.UNSPECIFIED.,.F.,.F.,(8,8),(0.,1.),
  .PIECEWISE_BEZIER_KNOTS.);
#9714 = CARTESIAN_POINT('',(0.80359402908,-4.634931649692));
#9715 = CARTESIAN_POINT('',(2.133744599168,-4.42069092721));
#9716 = CARTESIAN_POINT('',(3.357192431992,-3.841486748326));
#9717 = CARTESIAN_POINT('',(4.425357166003,-2.114236413336));
#9718 = CARTESIAN_POINT('',(3.863389935801,-0.892764451639));
#9719 = CARTESIAN_POINT('',(4.318761222516,0.44555122313));
#9720 = CARTESIAN_POINT('',(4.019851471558,1.890945777641));
#9721 = CARTESIAN_POINT('',(3.311702077487,3.023026893126));
#9722 = ( GEOMETRIC_REPRESENTATION_CONTEXT(2) 
PARAMETRIC_REPRESENTATION_CONTEXT() REPRESENTATION_CONTEXT('2D SPACE',''
  ) );
#9723 = ADVANCED_FACE('',(#9724),#9669,.F.);
#9724 = FACE_BOUND('',#9725,.F.);
#9725 = EDGE_LOOP('',(#9726,#9727,#9760,#9783));
#9726 = ORIENTED_EDGE('',*,*,#9653,.T.);
#9727 = ORIENTED_EDGE('',*,*,#9728,.T.);
#9728 = EDGE_CURVE('',#9616,#9729,#9731,.T.);
#9729 = VERTEX_POINT('',#9730);
#9730 = CARTESIAN_POINT('',(40.775490014038,10.207766236524,2.));
#9731 = SURFACE_CURVE('',#9732,(#9741,#9748),.PCURVE_S1.);
#9732 = B_SPLINE_CURVE_WITH_KNOTS('',7,(#9733,#9734,#9735,#9736,#9737,
    #9738,#9739,#9740),.UNSPECIFIED.,.F.,.F.,(8,8),(0.,1.),
  .PIECEWISE_BEZIER_KNOTS.);
#9733 = CARTESIAN_POINT('',(47.930760118919,11.470972773101,2.));
#9734 = CARTESIAN_POINT('',(47.291018855184,12.487511087912,2.));
#9735 = CARTESIAN_POINT('',(45.87727008477,13.82406502172,2.));
#9736 = CARTESIAN_POINT('',(44.795050503974,12.678498007373,2.));
#9737 = CARTESIAN_POINT('',(43.042961064353,13.959529402701,2.));
#9738 = CARTESIAN_POINT('',(41.80823077511,12.580132549266,2.));
#9739 = CARTESIAN_POINT('',(41.088834436596,11.468437714654,2.));
#9740 = CARTESIAN_POINT('',(40.775490014038,10.207766236524,2.));
#9741 = PCURVE('',#9669,#9742);
#9742 = DEFINITIONAL_REPRESENTATION('',(#9743),#9747);
#9743 = LINE('',#9744,#9745);
#9744 = CARTESIAN_POINT('',(0.,-2.));
#9745 = VECTOR('',#9746,1.);
#9746 = DIRECTION('',(1.,0.));
#9747 = ( GEOMETRIC_REPRESENTATION_CONTEXT(2) 
PARAMETRIC_REPRESENTATION_CONTEXT() REPRESENTATION_CONTEXT('2D SPACE',''
  ) );
#9748 = PCURVE('',#9636,#9749);
#9749 = DEFINITIONAL_REPRESENTATION('',(#9750),#9759);
#9750 = B_SPLINE_CURVE_WITH_KNOTS('',7,(#9751,#9752,#9753,#9754,#9755,
    #9756,#9757,#9758),.UNSPECIFIED.,.F.,.F.,(8,8),(0.,1.),
  .PIECEWISE_BEZIER_KNOTS.);
#9751 = CARTESIAN_POINT('',(3.311702077487,3.023026893126));
#9752 = CARTESIAN_POINT('',(2.671960813752,4.039565207937));
#9753 = CARTESIAN_POINT('',(1.258212043338,5.376119141745));
#9754 = CARTESIAN_POINT('',(0.175992462542,4.230552127397));
#9755 = CARTESIAN_POINT('',(-1.576096977078,5.511583522725));
#9756 = CARTESIAN_POINT('',(-2.810827266322,4.132186669291));
#9757 = CARTESIAN_POINT('',(-3.530223604836,3.020491834679));
#9758 = CARTESIAN_POINT('',(-3.843568027394,1.759820356548));
#9759 = ( GEOMETRIC_REPRESENTATION_CONTEXT(2) 
PARAMETRIC_REPRESENTATION_CONTEXT() REPRESENTATION_CONTEXT('2D SPACE',''
  ) );
#9760 = ORIENTED_EDGE('',*,*,#9761,.F.);
#9761 = EDGE_CURVE('',#9762,#9729,#9764,.T.);
#9762 = VERTEX_POINT('',#9763);
#9763 = CARTESIAN_POINT('',(40.775490014038,10.207766236524,0.));
#9764 = SURFACE_CURVE('',#9765,(#9769,#9776),.PCURVE_S1.);
#9765 = LINE('',#9766,#9767);
#9766 = CARTESIAN_POINT('',(40.775490014038,10.207766236524,0.));
#9767 = VECTOR('',#9768,1.);
#9768 = DIRECTION('',(0.,0.,1.));
#9769 = PCURVE('',#9669,#9770);
#9770 = DEFINITIONAL_REPRESENTATION('',(#9771),#9775);
#9771 = LINE('',#9772,#9773);
#9772 = CARTESIAN_POINT('',(1.,0.));
#9773 = VECTOR('',#9774,1.);
#9774 = DIRECTION('',(0.,-1.));
#9775 = ( GEOMETRIC_REPRESENTATION_CONTEXT(2) 
PARAMETRIC_REPRESENTATION_CONTEXT() REPRESENTATION_CONTEXT('2D SPACE',''
  ) );
#9776 = PCURVE('',#9596,#9777);
#9777 = DEFINITIONAL_REPRESENTATION('',(#9778),#9782);
#9778 = LINE('',#9779,#9780);
#9779 = CARTESIAN_POINT('',(0.,0.));
#9780 = VECTOR('',#9781,1.);
#9781 = DIRECTION('',(0.,-1.));
#9782 = ( GEOMETRIC_REPRESENTATION_CONTEXT(2) 
PARAMETRIC_REPRESENTATION_CONTEXT() REPRESENTATION_CONTEXT('2D SPACE',''
  ) );
#9783 = ORIENTED_EDGE('',*,*,#9784,.F.);
#9784 = EDGE_CURVE('',#9654,#9762,#9785,.T.);
#9785 = SURFACE_CURVE('',#9786,(#9795,#9802),.PCURVE_S1.);
#9786 = B_SPLINE_CURVE_WITH_KNOTS('',7,(#9787,#9788,#9789,#9790,#9791,
    #9792,#9793,#9794),.UNSPECIFIED.,.F.,.F.,(8,8),(0.,1.),
  .PIECEWISE_BEZIER_KNOTS.);
#9787 = CARTESIAN_POINT('',(47.930760118919,11.470972773101,0.));
#9788 = CARTESIAN_POINT('',(47.291018855184,12.487511087912,0.));
#9789 = CARTESIAN_POINT('',(45.87727008477,13.82406502172,0.));
#9790 = CARTESIAN_POINT('',(44.795050503974,12.678498007373,0.));
#9791 = CARTESIAN_POINT('',(43.042961064353,13.959529402701,0.));
#9792 = CARTESIAN_POINT('',(41.80823077511,12.580132549266,0.));
#9793 = CARTESIAN_POINT('',(41.088834436596,11.468437714654,0.));
#9794 = CARTESIAN_POINT('',(40.775490014038,10.207766236524,0.));
#9795 = PCURVE('',#9669,#9796);
#9796 = DEFINITIONAL_REPRESENTATION('',(#9797),#9801);
#9797 = LINE('',#9798,#9799);
#9798 = CARTESIAN_POINT('',(0.,0.));
#9799 = VECTOR('',#9800,1.);
#9800 = DIRECTION('',(1.,0.));
#9801 = ( GEOMETRIC_REPRESENTATION_CONTEXT(2) 
PARAMETRIC_REPRESENTATION_CONTEXT() REPRESENTATION_CONTEXT('2D SPACE',''
  ) );
#9802 = PCURVE('',#9707,#9803);
#9803 = DEFINITIONAL_REPRESENTATION('',(#9804),#9813);
#9804 = B_SPLINE_CURVE_WITH_KNOTS('',7,(#9805,#9806,#9807,#9808,#9809,
    #9810,#9811,#9812),.UNSPECIFIED.,.F.,.F.,(8,8),(0.,1.),
  .PIECEWISE_BEZIER_KNOTS.);
#9805 = CARTESIAN_POINT('',(3.311702077487,3.023026893126));
#9806 = CARTESIAN_POINT('',(2.671960813752,4.039565207937));
#9807 = CARTESIAN_POINT('',(1.258212043338,5.376119141745));
#9808 = CARTESIAN_POINT('',(0.175992462542,4.230552127397));
#9809 = CARTESIAN_POINT('',(-1.576096977078,5.511583522725));
#9810 = CARTESIAN_POINT('',(-2.810827266322,4.132186669291));
#9811 = CARTESIAN_POINT('',(-3.530223604836,3.020491834679));
#9812 = CARTESIAN_POINT('',(-3.843568027394,1.759820356548));
#9813 = ( GEOMETRIC_REPRESENTATION_CONTEXT(2) 
PARAMETRIC_REPRESENTATION_CONTEXT() REPRESENTATION_CONTEXT('2D SPACE',''
  ) );
#9814 = ADVANCED_FACE('',(#9815),#9596,.F.);
#9815 = FACE_BOUND('',#9816,.F.);
#9816 = EDGE_LOOP('',(#9817,#9818,#9849,#9850));
#9817 = ORIENTED_EDGE('',*,*,#9761,.T.);
#9818 = ORIENTED_EDGE('',*,*,#9819,.T.);
#9819 = EDGE_CURVE('',#9729,#9569,#9820,.T.);
#9820 = SURFACE_CURVE('',#9821,(#9830,#9837),.PCURVE_S1.);
#9821 = B_SPLINE_CURVE_WITH_KNOTS('',7,(#9822,#9823,#9824,#9825,#9826,
    #9827,#9828,#9829),.UNSPECIFIED.,.F.,.F.,(8,8),(0.,1.),
  .PIECEWISE_BEZIER_KNOTS.);
#9822 = CARTESIAN_POINT('',(40.775490014038,10.207766236524,2.));
#9823 = CARTESIAN_POINT('',(40.424208029781,8.910281801462,2.));
#9824 = CARTESIAN_POINT('',(40.553612255103,7.27684406066,2.));
#9825 = CARTESIAN_POINT('',(40.549355939436,6.522665965838,2.));
#9826 = CARTESIAN_POINT('',(40.952747824522,4.116125182324,2.));
#9827 = CARTESIAN_POINT('',(42.761185619054,3.819010502785,2.));
#9828 = CARTESIAN_POINT('',(44.04666276651,3.615995163633,2.));
#9829 = CARTESIAN_POINT('',(45.422652070512,3.813014230284,2.));
#9830 = PCURVE('',#9596,#9831);
#9831 = DEFINITIONAL_REPRESENTATION('',(#9832),#9836);
#9832 = LINE('',#9833,#9834);
#9833 = CARTESIAN_POINT('',(0.,-2.));
#9834 = VECTOR('',#9835,1.);
#9835 = DIRECTION('',(1.,0.));
#9836 = ( GEOMETRIC_REPRESENTATION_CONTEXT(2) 
PARAMETRIC_REPRESENTATION_CONTEXT() REPRESENTATION_CONTEXT('2D SPACE',''
  ) );
#9837 = PCURVE('',#9636,#9838);
#9838 = DEFINITIONAL_REPRESENTATION('',(#9839),#9848);
#9839 = B_SPLINE_CURVE_WITH_KNOTS('',7,(#9840,#9841,#9842,#9843,#9844,
    #9845,#9846,#9847),.UNSPECIFIED.,.F.,.F.,(8,8),(0.,1.),
  .PIECEWISE_BEZIER_KNOTS.);
#9840 = CARTESIAN_POINT('',(-3.843568027394,1.759820356548));
#9841 = CARTESIAN_POINT('',(-4.194850011651,0.462335921486));
#9842 = CARTESIAN_POINT('',(-4.065445786329,-1.171101819315));
#9843 = CARTESIAN_POINT('',(-4.069702101996,-1.925279914137));
#9844 = CARTESIAN_POINT('',(-3.66631021691,-4.331820697651));
#9845 = CARTESIAN_POINT('',(-1.857872422378,-4.628935377191));
#9846 = CARTESIAN_POINT('',(-0.572395274922,-4.831950716342));
#9847 = CARTESIAN_POINT('',(0.80359402908,-4.634931649692));
#9848 = ( GEOMETRIC_REPRESENTATION_CONTEXT(2) 
PARAMETRIC_REPRESENTATION_CONTEXT() REPRESENTATION_CONTEXT('2D SPACE',''
  ) );
#9849 = ORIENTED_EDGE('',*,*,#9566,.F.);
#9850 = ORIENTED_EDGE('',*,*,#9851,.F.);
#9851 = EDGE_CURVE('',#9762,#9567,#9852,.T.);
#9852 = SURFACE_CURVE('',#9853,(#9862,#9869),.PCURVE_S1.);
#9853 = B_SPLINE_CURVE_WITH_KNOTS('',7,(#9854,#9855,#9856,#9857,#9858,
    #9859,#9860,#9861),.UNSPECIFIED.,.F.,.F.,(8,8),(0.,1.),
  .PIECEWISE_BEZIER_KNOTS.);
#9854 = CARTESIAN_POINT('',(40.775490014038,10.207766236524,0.));
#9855 = CARTESIAN_POINT('',(40.424208029781,8.910281801462,0.));
#9856 = CARTESIAN_POINT('',(40.553612255103,7.27684406066,0.));
#9857 = CARTESIAN_POINT('',(40.549355939436,6.522665965838,0.));
#9858 = CARTESIAN_POINT('',(40.952747824522,4.116125182324,0.));
#9859 = CARTESIAN_POINT('',(42.761185619054,3.819010502785,0.));
#9860 = CARTESIAN_POINT('',(44.04666276651,3.615995163633,0.));
#9861 = CARTESIAN_POINT('',(45.422652070512,3.813014230284,0.));
#9862 = PCURVE('',#9596,#9863);
#9863 = DEFINITIONAL_REPRESENTATION('',(#9864),#9868);
#9864 = LINE('',#9865,#9866);
#9865 = CARTESIAN_POINT('',(0.,0.));
#9866 = VECTOR('',#9867,1.);
#9867 = DIRECTION('',(1.,0.));
#9868 = ( GEOMETRIC_REPRESENTATION_CONTEXT(2) 
PARAMETRIC_REPRESENTATION_CONTEXT() REPRESENTATION_CONTEXT('2D SPACE',''
  ) );
#9869 = PCURVE('',#9707,#9870);
#9870 = DEFINITIONAL_REPRESENTATION('',(#9871),#9880);
#9871 = B_SPLINE_CURVE_WITH_KNOTS('',7,(#9872,#9873,#9874,#9875,#9876,
    #9877,#9878,#9879),.UNSPECIFIED.,.F.,.F.,(8,8),(0.,1.),
  .PIECEWISE_BEZIER_KNOTS.);
#9872 = CARTESIAN_POINT('',(-3.843568027394,1.759820356548));
#9873 = CARTESIAN_POINT('',(-4.194850011651,0.462335921486));
#9874 = CARTESIAN_POINT('',(-4.065445786329,-1.171101819315));
#9875 = CARTESIAN_POINT('',(-4.069702101996,-1.925279914137));
#9876 = CARTESIAN_POINT('',(-3.66631021691,-4.331820697651));
#9877 = CARTESIAN_POINT('',(-1.857872422378,-4.628935377191));
#9878 = CARTESIAN_POINT('',(-0.572395274922,-4.831950716342));
#9879 = CARTESIAN_POINT('',(0.80359402908,-4.634931649692));
#9880 = ( GEOMETRIC_REPRESENTATION_CONTEXT(2) 
PARAMETRIC_REPRESENTATION_CONTEXT() REPRESENTATION_CONTEXT('2D SPACE',''
  ) );
#9881 = ADVANCED_FACE('',(#9882),#9896,.F.);
#9882 = FACE_BOUND('',#9883,.F.);
#9883 = EDGE_LOOP('',(#9884,#9929,#9958,#9993));
#9884 = ORIENTED_EDGE('',*,*,#9885,.T.);
#9885 = EDGE_CURVE('',#9886,#9888,#9890,.T.);
#9886 = VERTEX_POINT('',#9887);
#9887 = CARTESIAN_POINT('',(44.212391422203,5.756569226678,0.));
#9888 = VERTEX_POINT('',#9889);
#9889 = CARTESIAN_POINT('',(44.212391422203,5.756569226678,2.));
#9890 = SURFACE_CURVE('',#9891,(#9895,#9912),.PCURVE_S1.);
#9891 = LINE('',#9892,#9893);
#9892 = CARTESIAN_POINT('',(44.212391422203,5.756569226678,0.));
#9893 = VECTOR('',#9894,1.);
#9894 = DIRECTION('',(0.,0.,1.));
#9895 = PCURVE('',#9896,#9906);
#9896 = SURFACE_OF_LINEAR_EXTRUSION('',#9897,#9904);
#9897 = B_SPLINE_CURVE_WITH_KNOTS('',5,(#9898,#9899,#9900,#9901,#9902,
    #9903),.UNSPECIFIED.,.F.,.F.,(6,6),(0.,1.),
  .PIECEWISE_BEZIER_KNOTS.);
#9898 = CARTESIAN_POINT('',(44.212391422203,5.756569226678,0.));
#9899 = CARTESIAN_POINT('',(43.159529758747,5.969071079694,0.));
#9900 = CARTESIAN_POINT('',(42.558374352393,7.076653475125,0.));
#9901 = CARTESIAN_POINT('',(42.785950519919,8.223978401822,0.));
#9902 = CARTESIAN_POINT('',(42.596816463443,9.14448435509,0.));
#9903 = CARTESIAN_POINT('',(43.035383719124,10.118353712568,0.));
#9904 = VECTOR('',#9905,1.);
#9905 = DIRECTION('',(-0.,-0.,-1.));
#9906 = DEFINITIONAL_REPRESENTATION('',(#9907),#9911);
#9907 = LINE('',#9908,#9909);
#9908 = CARTESIAN_POINT('',(0.,0.));
#9909 = VECTOR('',#9910,1.);
#9910 = DIRECTION('',(0.,-1.));
#9911 = ( GEOMETRIC_REPRESENTATION_CONTEXT(2) 
PARAMETRIC_REPRESENTATION_CONTEXT() REPRESENTATION_CONTEXT('2D SPACE',''
  ) );
#9912 = PCURVE('',#9913,#9923);
#9913 = SURFACE_OF_LINEAR_EXTRUSION('',#9914,#9921);
#9914 = B_SPLINE_CURVE_WITH_KNOTS('',5,(#9915,#9916,#9917,#9918,#9919,
    #9920),.UNSPECIFIED.,.F.,.F.,(6,6),(0.,1.),
  .PIECEWISE_BEZIER_KNOTS.);
#9915 = CARTESIAN_POINT('',(46.4141156354,9.410441982593,0.));
#9916 = CARTESIAN_POINT('',(46.605092511815,8.28853983799,0.));
#9917 = CARTESIAN_POINT('',(46.428580341258,7.718789245186,0.));
#9918 = CARTESIAN_POINT('',(46.589223820501,5.848165612522,0.));
#9919 = CARTESIAN_POINT('',(45.196013385969,5.564867057696,0.));
#9920 = CARTESIAN_POINT('',(44.212391422203,5.756569226678,0.));
#9921 = VECTOR('',#9922,1.);
#9922 = DIRECTION('',(-0.,-0.,-1.));
#9923 = DEFINITIONAL_REPRESENTATION('',(#9924),#9928);
#9924 = LINE('',#9925,#9926);
#9925 = CARTESIAN_POINT('',(1.,0.));
#9926 = VECTOR('',#9927,1.);
#9927 = DIRECTION('',(0.,-1.));
#9928 = ( GEOMETRIC_REPRESENTATION_CONTEXT(2) 
PARAMETRIC_REPRESENTATION_CONTEXT() REPRESENTATION_CONTEXT('2D SPACE',''
  ) );
#9929 = ORIENTED_EDGE('',*,*,#9930,.T.);
#9930 = EDGE_CURVE('',#9888,#9931,#9933,.T.);
#9931 = VERTEX_POINT('',#9932);
#9932 = CARTESIAN_POINT('',(43.035383719124,10.118353712568,2.));
#9933 = SURFACE_CURVE('',#9934,(#9941,#9948),.PCURVE_S1.);
#9934 = B_SPLINE_CURVE_WITH_KNOTS('',5,(#9935,#9936,#9937,#9938,#9939,
    #9940),.UNSPECIFIED.,.F.,.F.,(6,6),(0.,1.),
  .PIECEWISE_BEZIER_KNOTS.);
#9935 = CARTESIAN_POINT('',(44.212391422203,5.756569226678,2.));
#9936 = CARTESIAN_POINT('',(43.159529758747,5.969071079694,2.));
#9937 = CARTESIAN_POINT('',(42.558374352393,7.076653475125,2.));
#9938 = CARTESIAN_POINT('',(42.785950519919,8.223978401822,2.));
#9939 = CARTESIAN_POINT('',(42.596816463443,9.14448435509,2.));
#9940 = CARTESIAN_POINT('',(43.035383719124,10.118353712568,2.));
#9941 = PCURVE('',#9896,#9942);
#9942 = DEFINITIONAL_REPRESENTATION('',(#9943),#9947);
#9943 = LINE('',#9944,#9945);
#9944 = CARTESIAN_POINT('',(0.,-2.));
#9945 = VECTOR('',#9946,1.);
#9946 = DIRECTION('',(1.,0.));
#9947 = ( GEOMETRIC_REPRESENTATION_CONTEXT(2) 
PARAMETRIC_REPRESENTATION_CONTEXT() REPRESENTATION_CONTEXT('2D SPACE',''
  ) );
#9948 = PCURVE('',#9636,#9949);
#9949 = DEFINITIONAL_REPRESENTATION('',(#9950),#9957);
#9950 = B_SPLINE_CURVE_WITH_KNOTS('',5,(#9951,#9952,#9953,#9954,#9955,
    #9956),.UNSPECIFIED.,.F.,.F.,(6,6),(0.,1.),
  .PIECEWISE_BEZIER_KNOTS.);
#9951 = CARTESIAN_POINT('',(-0.406666619229,-2.691376653297));
#9952 = CARTESIAN_POINT('',(-1.459528282685,-2.478874800282));
#9953 = CARTESIAN_POINT('',(-2.060683689039,-1.371292404851));
#9954 = CARTESIAN_POINT('',(-1.833107521513,-0.223967478153));
#9955 = CARTESIAN_POINT('',(-2.022241577989,0.696538475115));
#9956 = CARTESIAN_POINT('',(-1.583674322308,1.670407832593));
#9957 = ( GEOMETRIC_REPRESENTATION_CONTEXT(2) 
PARAMETRIC_REPRESENTATION_CONTEXT() REPRESENTATION_CONTEXT('2D SPACE',''
  ) );
#9958 = ORIENTED_EDGE('',*,*,#9959,.F.);
#9959 = EDGE_CURVE('',#9960,#9931,#9962,.T.);
#9960 = VERTEX_POINT('',#9961);
#9961 = CARTESIAN_POINT('',(43.035383719124,10.118353712568,0.));
#9962 = SURFACE_CURVE('',#9963,(#9967,#9974),.PCURVE_S1.);
#9963 = LINE('',#9964,#9965);
#9964 = CARTESIAN_POINT('',(43.035383719124,10.118353712568,0.));
#9965 = VECTOR('',#9966,1.);
#9966 = DIRECTION('',(0.,0.,1.));
#9967 = PCURVE('',#9896,#9968);
#9968 = DEFINITIONAL_REPRESENTATION('',(#9969),#9973);
#9969 = LINE('',#9970,#9971);
#9970 = CARTESIAN_POINT('',(1.,0.));
#9971 = VECTOR('',#9972,1.);
#9972 = DIRECTION('',(0.,-1.));
#9973 = ( GEOMETRIC_REPRESENTATION_CONTEXT(2) 
PARAMETRIC_REPRESENTATION_CONTEXT() REPRESENTATION_CONTEXT('2D SPACE',''
  ) );
#9974 = PCURVE('',#9975,#9987);
#9975 = SURFACE_OF_LINEAR_EXTRUSION('',#9976,#9985);
#9976 = B_SPLINE_CURVE_WITH_KNOTS('',7,(#9977,#9978,#9979,#9980,#9981,
    #9982,#9983,#9984),.UNSPECIFIED.,.F.,.F.,(8,8),(0.,1.),
  .PIECEWISE_BEZIER_KNOTS.);
#9977 = CARTESIAN_POINT('',(43.035383719124,10.118353712568,0.));
#9978 = CARTESIAN_POINT('',(43.300990840761,10.681839076035,0.));
#9979 = CARTESIAN_POINT('',(43.860543266489,11.568028870221,0.));
#9980 = CARTESIAN_POINT('',(44.505277790433,10.985058025654,0.));
#9981 = CARTESIAN_POINT('',(45.633441118688,11.758474275117,0.));
#9982 = CARTESIAN_POINT('',(46.00420083468,10.582044360368,0.));
#9983 = CARTESIAN_POINT('',(46.294854340377,10.106265402562,0.));
#9984 = CARTESIAN_POINT('',(46.4141156354,9.410441982593,0.));
#9985 = VECTOR('',#9986,1.);
#9986 = DIRECTION('',(-0.,-0.,-1.));
#9987 = DEFINITIONAL_REPRESENTATION('',(#9988),#9992);
#9988 = LINE('',#9989,#9990);
#9989 = CARTESIAN_POINT('',(0.,0.));
#9990 = VECTOR('',#9991,1.);
#9991 = DIRECTION('',(0.,-1.));
#9992 = ( GEOMETRIC_REPRESENTATION_CONTEXT(2) 
PARAMETRIC_REPRESENTATION_CONTEXT() REPRESENTATION_CONTEXT('2D SPACE',''
  ) );
#9993 = ORIENTED_EDGE('',*,*,#9994,.F.);
#9994 = EDGE_CURVE('',#9886,#9960,#9995,.T.);
#9995 = SURFACE_CURVE('',#9996,(#10003,#10010),.PCURVE_S1.);
#9996 = B_SPLINE_CURVE_WITH_KNOTS('',5,(#9997,#9998,#9999,#10000,#10001,
    #10002),.UNSPECIFIED.,.F.,.F.,(6,6),(0.,1.),
  .PIECEWISE_BEZIER_KNOTS.);
#9997 = CARTESIAN_POINT('',(44.212391422203,5.756569226678,0.));
#9998 = CARTESIAN_POINT('',(43.159529758747,5.969071079694,0.));
#9999 = CARTESIAN_POINT('',(42.558374352393,7.076653475125,0.));
#10000 = CARTESIAN_POINT('',(42.785950519919,8.223978401822,0.));
#10001 = CARTESIAN_POINT('',(42.596816463443,9.14448435509,0.));
#10002 = CARTESIAN_POINT('',(43.035383719124,10.118353712568,0.));
#10003 = PCURVE('',#9896,#10004);
#10004 = DEFINITIONAL_REPRESENTATION('',(#10005),#10009);
#10005 = LINE('',#10006,#10007);
#10006 = CARTESIAN_POINT('',(0.,0.));
#10007 = VECTOR('',#10008,1.);
#10008 = DIRECTION('',(1.,0.));
#10009 = ( GEOMETRIC_REPRESENTATION_CONTEXT(2) 
PARAMETRIC_REPRESENTATION_CONTEXT() REPRESENTATION_CONTEXT('2D SPACE',''
  ) );
#10010 = PCURVE('',#9707,#10011);
#10011 = DEFINITIONAL_REPRESENTATION('',(#10012),#10019);
#10012 = B_SPLINE_CURVE_WITH_KNOTS('',5,(#10013,#10014,#10015,#10016,
    #10017,#10018),.UNSPECIFIED.,.F.,.F.,(6,6),(0.,1.),
  .PIECEWISE_BEZIER_KNOTS.);
#10013 = CARTESIAN_POINT('',(-0.406666619229,-2.691376653297));
#10014 = CARTESIAN_POINT('',(-1.459528282685,-2.478874800282));
#10015 = CARTESIAN_POINT('',(-2.060683689039,-1.371292404851));
#10016 = CARTESIAN_POINT('',(-1.833107521513,-0.223967478153));
#10017 = CARTESIAN_POINT('',(-2.022241577989,0.696538475115));
#10018 = CARTESIAN_POINT('',(-1.583674322308,1.670407832593));
#10019 = ( GEOMETRIC_REPRESENTATION_CONTEXT(2) 
PARAMETRIC_REPRESENTATION_CONTEXT() REPRESENTATION_CONTEXT('2D SPACE',''
  ) );
#10020 = ADVANCED_FACE('',(#10021),#9975,.F.);
#10021 = FACE_BOUND('',#10022,.F.);
#10022 = EDGE_LOOP('',(#10023,#10024,#10057,#10080));
#10023 = ORIENTED_EDGE('',*,*,#9959,.T.);
#10024 = ORIENTED_EDGE('',*,*,#10025,.T.);
#10025 = EDGE_CURVE('',#9931,#10026,#10028,.T.);
#10026 = VERTEX_POINT('',#10027);
#10027 = CARTESIAN_POINT('',(46.4141156354,9.410441982593,2.));
#10028 = SURFACE_CURVE('',#10029,(#10038,#10045),.PCURVE_S1.);
#10029 = B_SPLINE_CURVE_WITH_KNOTS('',7,(#10030,#10031,#10032,#10033,
    #10034,#10035,#10036,#10037),.UNSPECIFIED.,.F.,.F.,(8,8),(0.,1.),
  .PIECEWISE_BEZIER_KNOTS.);
#10030 = CARTESIAN_POINT('',(43.035383719124,10.118353712568,2.));
#10031 = CARTESIAN_POINT('',(43.300990840761,10.681839076035,2.));
#10032 = CARTESIAN_POINT('',(43.860543266489,11.568028870221,2.));
#10033 = CARTESIAN_POINT('',(44.505277790433,10.985058025654,2.));
#10034 = CARTESIAN_POINT('',(45.633441118688,11.758474275117,2.));
#10035 = CARTESIAN_POINT('',(46.00420083468,10.582044360368,2.));
#10036 = CARTESIAN_POINT('',(46.294854340377,10.106265402562,2.));
#10037 = CARTESIAN_POINT('',(46.4141156354,9.410441982593,2.));
#10038 = PCURVE('',#9975,#10039);
#10039 = DEFINITIONAL_REPRESENTATION('',(#10040),#10044);
#10040 = LINE('',#10041,#10042);
#10041 = CARTESIAN_POINT('',(0.,-2.));
#10042 = VECTOR('',#10043,1.);
#10043 = DIRECTION('',(1.,0.));
#10044 = ( GEOMETRIC_REPRESENTATION_CONTEXT(2) 
PARAMETRIC_REPRESENTATION_CONTEXT() REPRESENTATION_CONTEXT('2D SPACE',''
  ) );
#10045 = PCURVE('',#9636,#10046);
#10046 = DEFINITIONAL_REPRESENTATION('',(#10047),#10056);
#10047 = B_SPLINE_CURVE_WITH_KNOTS('',7,(#10048,#10049,#10050,#10051,
    #10052,#10053,#10054,#10055),.UNSPECIFIED.,.F.,.F.,(8,8),(0.,1.),
  .PIECEWISE_BEZIER_KNOTS.);
#10048 = CARTESIAN_POINT('',(-1.583674322308,1.670407832593));
#10049 = CARTESIAN_POINT('',(-1.318067200671,2.233893196059));
#10050 = CARTESIAN_POINT('',(-0.758514774943,3.120082990245));
#10051 = CARTESIAN_POINT('',(-0.113780250998,2.537112145679));
#10052 = CARTESIAN_POINT('',(1.014383077257,3.310528395142));
#10053 = CARTESIAN_POINT('',(1.385142793248,2.134098480393));
#10054 = CARTESIAN_POINT('',(1.675796298945,1.658319522586));
#10055 = CARTESIAN_POINT('',(1.795057593968,0.962496102618));
#10056 = ( GEOMETRIC_REPRESENTATION_CONTEXT(2) 
PARAMETRIC_REPRESENTATION_CONTEXT() REPRESENTATION_CONTEXT('2D SPACE',''
  ) );
#10057 = ORIENTED_EDGE('',*,*,#10058,.F.);
#10058 = EDGE_CURVE('',#10059,#10026,#10061,.T.);
#10059 = VERTEX_POINT('',#10060);
#10060 = CARTESIAN_POINT('',(46.4141156354,9.410441982593,0.));
#10061 = SURFACE_CURVE('',#10062,(#10066,#10073),.PCURVE_S1.);
#10062 = LINE('',#10063,#10064);
#10063 = CARTESIAN_POINT('',(46.4141156354,9.410441982593,0.));
#10064 = VECTOR('',#10065,1.);
#10065 = DIRECTION('',(0.,0.,1.));
#10066 = PCURVE('',#9975,#10067);
#10067 = DEFINITIONAL_REPRESENTATION('',(#10068),#10072);
#10068 = LINE('',#10069,#10070);
#10069 = CARTESIAN_POINT('',(1.,0.));
#10070 = VECTOR('',#10071,1.);
#10071 = DIRECTION('',(0.,-1.));
#10072 = ( GEOMETRIC_REPRESENTATION_CONTEXT(2) 
PARAMETRIC_REPRESENTATION_CONTEXT() REPRESENTATION_CONTEXT('2D SPACE',''
  ) );
#10073 = PCURVE('',#9913,#10074);
#10074 = DEFINITIONAL_REPRESENTATION('',(#10075),#10079);
#10075 = LINE('',#10076,#10077);
#10076 = CARTESIAN_POINT('',(0.,0.));
#10077 = VECTOR('',#10078,1.);
#10078 = DIRECTION('',(0.,-1.));
#10079 = ( GEOMETRIC_REPRESENTATION_CONTEXT(2) 
PARAMETRIC_REPRESENTATION_CONTEXT() REPRESENTATION_CONTEXT('2D SPACE',''
  ) );
#10080 = ORIENTED_EDGE('',*,*,#10081,.F.);
#10081 = EDGE_CURVE('',#9960,#10059,#10082,.T.);
#10082 = SURFACE_CURVE('',#10083,(#10092,#10099),.PCURVE_S1.);
#10083 = B_SPLINE_CURVE_WITH_KNOTS('',7,(#10084,#10085,#10086,#10087,
    #10088,#10089,#10090,#10091),.UNSPECIFIED.,.F.,.F.,(8,8),(0.,1.),
  .PIECEWISE_BEZIER_KNOTS.);
#10084 = CARTESIAN_POINT('',(43.035383719124,10.118353712568,0.));
#10085 = CARTESIAN_POINT('',(43.300990840761,10.681839076035,0.));
#10086 = CARTESIAN_POINT('',(43.860543266489,11.568028870221,0.));
#10087 = CARTESIAN_POINT('',(44.505277790433,10.985058025654,0.));
#10088 = CARTESIAN_POINT('',(45.633441118688,11.758474275117,0.));
#10089 = CARTESIAN_POINT('',(46.00420083468,10.582044360368,0.));
#10090 = CARTESIAN_POINT('',(46.294854340377,10.106265402562,0.));
#10091 = CARTESIAN_POINT('',(46.4141156354,9.410441982593,0.));
#10092 = PCURVE('',#9975,#10093);
#10093 = DEFINITIONAL_REPRESENTATION('',(#10094),#10098);
#10094 = LINE('',#10095,#10096);
#10095 = CARTESIAN_POINT('',(0.,0.));
#10096 = VECTOR('',#10097,1.);
#10097 = DIRECTION('',(1.,0.));
#10098 = ( GEOMETRIC_REPRESENTATION_CONTEXT(2) 
PARAMETRIC_REPRESENTATION_CONTEXT() REPRESENTATION_CONTEXT('2D SPACE',''
  ) );
#10099 = PCURVE('',#9707,#10100);
#10100 = DEFINITIONAL_REPRESENTATION('',(#10101),#10110);
#10101 = B_SPLINE_CURVE_WITH_KNOTS('',7,(#10102,#10103,#10104,#10105,
    #10106,#10107,#10108,#10109),.UNSPECIFIED.,.F.,.F.,(8,8),(0.,1.),
  .PIECEWISE_BEZIER_KNOTS.);
#10102 = CARTESIAN_POINT('',(-1.583674322308,1.670407832593));
#10103 = CARTESIAN_POINT('',(-1.318067200671,2.233893196059));
#10104 = CARTESIAN_POINT('',(-0.758514774943,3.120082990245));
#10105 = CARTESIAN_POINT('',(-0.113780250998,2.537112145679));
#10106 = CARTESIAN_POINT('',(1.014383077257,3.310528395142));
#10107 = CARTESIAN_POINT('',(1.385142793248,2.134098480393));
#10108 = CARTESIAN_POINT('',(1.675796298945,1.658319522586));
#10109 = CARTESIAN_POINT('',(1.795057593968,0.962496102618));
#10110 = ( GEOMETRIC_REPRESENTATION_CONTEXT(2) 
PARAMETRIC_REPRESENTATION_CONTEXT() REPRESENTATION_CONTEXT('2D SPACE',''
  ) );
#10111 = ADVANCED_FACE('',(#10112),#9913,.F.);
#10112 = FACE_BOUND('',#10113,.F.);
#10113 = EDGE_LOOP('',(#10114,#10115,#10142,#10143));
#10114 = ORIENTED_EDGE('',*,*,#10058,.T.);
#10115 = ORIENTED_EDGE('',*,*,#10116,.T.);
#10116 = EDGE_CURVE('',#10026,#9888,#10117,.T.);
#10117 = SURFACE_CURVE('',#10118,(#10125,#10132),.PCURVE_S1.);
#10118 = B_SPLINE_CURVE_WITH_KNOTS('',5,(#10119,#10120,#10121,#10122,
    #10123,#10124),.UNSPECIFIED.,.F.,.F.,(6,6),(0.,1.),
  .PIECEWISE_BEZIER_KNOTS.);
#10119 = CARTESIAN_POINT('',(46.4141156354,9.410441982593,2.));
#10120 = CARTESIAN_POINT('',(46.605092511815,8.28853983799,2.));
#10121 = CARTESIAN_POINT('',(46.428580341258,7.718789245186,2.));
#10122 = CARTESIAN_POINT('',(46.589223820501,5.848165612522,2.));
#10123 = CARTESIAN_POINT('',(45.196013385969,5.564867057696,2.));
#10124 = CARTESIAN_POINT('',(44.212391422203,5.756569226678,2.));
#10125 = PCURVE('',#9913,#10126);
#10126 = DEFINITIONAL_REPRESENTATION('',(#10127),#10131);
#10127 = LINE('',#10128,#10129);
#10128 = CARTESIAN_POINT('',(0.,-2.));
#10129 = VECTOR('',#10130,1.);
#10130 = DIRECTION('',(1.,0.));
#10131 = ( GEOMETRIC_REPRESENTATION_CONTEXT(2) 
PARAMETRIC_REPRESENTATION_CONTEXT() REPRESENTATION_CONTEXT('2D SPACE',''
  ) );
#10132 = PCURVE('',#9636,#10133);
#10133 = DEFINITIONAL_REPRESENTATION('',(#10134),#10141);
#10134 = B_SPLINE_CURVE_WITH_KNOTS('',5,(#10135,#10136,#10137,#10138,
    #10139,#10140),.UNSPECIFIED.,.F.,.F.,(6,6),(0.,1.),
  .PIECEWISE_BEZIER_KNOTS.);
#10135 = CARTESIAN_POINT('',(1.795057593968,0.962496102618));
#10136 = CARTESIAN_POINT('',(1.986034470383,-0.159406041985));
#10137 = CARTESIAN_POINT('',(1.809522299826,-0.729156634789));
#10138 = CARTESIAN_POINT('',(1.970165779069,-2.599780267453));
#10139 = CARTESIAN_POINT('',(0.576955344537,-2.883078822279));
#10140 = CARTESIAN_POINT('',(-0.406666619229,-2.691376653297));
#10141 = ( GEOMETRIC_REPRESENTATION_CONTEXT(2) 
PARAMETRIC_REPRESENTATION_CONTEXT() REPRESENTATION_CONTEXT('2D SPACE',''
  ) );
#10142 = ORIENTED_EDGE('',*,*,#9885,.F.);
#10143 = ORIENTED_EDGE('',*,*,#10144,.F.);
#10144 = EDGE_CURVE('',#10059,#9886,#10145,.T.);
#10145 = SURFACE_CURVE('',#10146,(#10153,#10160),.PCURVE_S1.);
#10146 = B_SPLINE_CURVE_WITH_KNOTS('',5,(#10147,#10148,#10149,#10150,
    #10151,#10152),.UNSPECIFIED.,.F.,.F.,(6,6),(0.,1.),
  .PIECEWISE_BEZIER_KNOTS.);
#10147 = CARTESIAN_POINT('',(46.4141156354,9.410441982593,0.));
#10148 = CARTESIAN_POINT('',(46.605092511815,8.28853983799,0.));
#10149 = CARTESIAN_POINT('',(46.428580341258,7.718789245186,0.));
#10150 = CARTESIAN_POINT('',(46.589223820501,5.848165612522,0.));
#10151 = CARTESIAN_POINT('',(45.196013385969,5.564867057696,0.));
#10152 = CARTESIAN_POINT('',(44.212391422203,5.756569226678,0.));
#10153 = PCURVE('',#9913,#10154);
#10154 = DEFINITIONAL_REPRESENTATION('',(#10155),#10159);
#10155 = LINE('',#10156,#10157);
#10156 = CARTESIAN_POINT('',(0.,0.));
#10157 = VECTOR('',#10158,1.);
#10158 = DIRECTION('',(1.,0.));
#10159 = ( GEOMETRIC_REPRESENTATION_CONTEXT(2) 
PARAMETRIC_REPRESENTATION_CONTEXT() REPRESENTATION_CONTEXT('2D SPACE',''
  ) );
#10160 = PCURVE('',#9707,#10161);
#10161 = DEFINITIONAL_REPRESENTATION('',(#10162),#10169);
#10162 = B_SPLINE_CURVE_WITH_KNOTS('',5,(#10163,#10164,#10165,#10166,
    #10167,#10168),.UNSPECIFIED.,.F.,.F.,(6,6),(0.,1.),
  .PIECEWISE_BEZIER_KNOTS.);
#10163 = CARTESIAN_POINT('',(1.795057593968,0.962496102618));
#10164 = CARTESIAN_POINT('',(1.986034470383,-0.159406041985));
#10165 = CARTESIAN_POINT('',(1.809522299826,-0.729156634789));
#10166 = CARTESIAN_POINT('',(1.970165779069,-2.599780267453));
#10167 = CARTESIAN_POINT('',(0.576955344537,-2.883078822279));
#10168 = CARTESIAN_POINT('',(-0.406666619229,-2.691376653297));
#10169 = ( GEOMETRIC_REPRESENTATION_CONTEXT(2) 
PARAMETRIC_REPRESENTATION_CONTEXT() REPRESENTATION_CONTEXT('2D SPACE',''
  ) );
#10170 = ADVANCED_FACE('',(#10171,#10176),#9707,.F.);
#10171 = FACE_BOUND('',#10172,.F.);
#10172 = EDGE_LOOP('',(#10173,#10174,#10175));
#10173 = ORIENTED_EDGE('',*,*,#9688,.T.);
#10174 = ORIENTED_EDGE('',*,*,#9784,.T.);
#10175 = ORIENTED_EDGE('',*,*,#9851,.T.);
#10176 = FACE_BOUND('',#10177,.F.);
#10177 = EDGE_LOOP('',(#10178,#10179,#10180));
#10178 = ORIENTED_EDGE('',*,*,#9994,.T.);
#10179 = ORIENTED_EDGE('',*,*,#10081,.T.);
#10180 = ORIENTED_EDGE('',*,*,#10144,.T.);
#10181 = ADVANCED_FACE('',(#10182,#10187),#9636,.T.);
#10182 = FACE_BOUND('',#10183,.T.);
#10183 = EDGE_LOOP('',(#10184,#10185,#10186));
#10184 = ORIENTED_EDGE('',*,*,#9615,.T.);
#10185 = ORIENTED_EDGE('',*,*,#9728,.T.);
#10186 = ORIENTED_EDGE('',*,*,#9819,.T.);
#10187 = FACE_BOUND('',#10188,.T.);
#10188 = EDGE_LOOP('',(#10189,#10190,#10191));
#10189 = ORIENTED_EDGE('',*,*,#9930,.T.);
#10190 = ORIENTED_EDGE('',*,*,#10025,.T.);
#10191 = ORIENTED_EDGE('',*,*,#10116,.T.);
#10192 = MANIFOLD_SOLID_BREP('',#10193);
#10193 = CLOSED_SHELL('',(#10194,#10331,#10407,#10483,#10566,#10679,
    #10815,#10891,#10967,#11038,#11145,#11158));
#10194 = ADVANCED_FACE('',(#10195),#10209,.F.);
#10195 = FACE_BOUND('',#10196,.F.);
#10196 = EDGE_LOOP('',(#10197,#10249,#10277,#10305));
#10197 = ORIENTED_EDGE('',*,*,#10198,.T.);
#10198 = EDGE_CURVE('',#10199,#10201,#10203,.T.);
#10199 = VERTEX_POINT('',#10200);
#10200 = CARTESIAN_POINT('',(31.053091348927,12.920937652244,0.));
#10201 = VERTEX_POINT('',#10202);
#10202 = CARTESIAN_POINT('',(31.053091348927,12.920937652244,2.));
#10203 = SURFACE_CURVE('',#10204,(#10208,#10220),.PCURVE_S1.);
#10204 = LINE('',#10205,#10206);
#10205 = CARTESIAN_POINT('',(31.053091348927,12.920937652244,0.));
#10206 = VECTOR('',#10207,1.);
#10207 = DIRECTION('',(0.,0.,1.));
#10208 = PCURVE('',#10209,#10214);
#10209 = PLANE('',#10210);
#10210 = AXIS2_PLACEMENT_3D('',#10211,#10212,#10213);
#10211 = CARTESIAN_POINT('',(31.053091348927,12.920937652244,0.));
#10212 = DIRECTION('',(1.,0.,-0.));
#10213 = DIRECTION('',(0.,-1.,0.));
#10214 = DEFINITIONAL_REPRESENTATION('',(#10215),#10219);
#10215 = LINE('',#10216,#10217);
#10216 = CARTESIAN_POINT('',(0.,0.));
#10217 = VECTOR('',#10218,1.);
#10218 = DIRECTION('',(0.,-1.));
#10219 = ( GEOMETRIC_REPRESENTATION_CONTEXT(2) 
PARAMETRIC_REPRESENTATION_CONTEXT() REPRESENTATION_CONTEXT('2D SPACE',''
  ) );
#10220 = PCURVE('',#10221,#10243);
#10221 = SURFACE_OF_LINEAR_EXTRUSION('',#10222,#10241);
#10222 = B_SPLINE_CURVE_WITH_KNOTS('',7,(#10223,#10224,#10225,#10226,
    #10227,#10228,#10229,#10230,#10231,#10232,#10233,#10234,#10235,
    #10236,#10237,#10238,#10239,#10240),.UNSPECIFIED.,.F.,.F.,(8,5,5,8),
  (0.,0.335730735397,0.671461470794,1.),.UNSPECIFIED.);
#10223 = CARTESIAN_POINT('',(36.026875127161,12.967276854128,0.));
#10224 = CARTESIAN_POINT('',(35.789730588514,12.966876018475,0.));
#10225 = CARTESIAN_POINT('',(35.541245294245,12.968864244981,0.));
#10226 = CARTESIAN_POINT('',(35.323766440378,12.96430674762,0.));
#10227 = CARTESIAN_POINT('',(35.056059745886,12.970362484135,0.));
#10228 = CARTESIAN_POINT('',(34.839666044403,12.965578326727,0.));
#10229 = CARTESIAN_POINT('',(34.342507456173,12.969585983578,0.));
#10230 = CARTESIAN_POINT('',(33.887178597473,12.964807303448,0.));
#10231 = CARTESIAN_POINT('',(33.598054894652,12.975297809065,0.));
#10232 = CARTESIAN_POINT('',(33.450245581611,12.956168375662,0.));
#10233 = CARTESIAN_POINT('',(33.122142260083,12.974856852474,0.));
#10234 = CARTESIAN_POINT('',(32.738485091989,12.956105846249,0.));
#10235 = CARTESIAN_POINT('',(32.149397891758,12.98024981569,0.));
#10236 = CARTESIAN_POINT('',(32.253659739134,12.909052406228,0.));
#10237 = CARTESIAN_POINT('',(31.237692677041,13.081260672508,0.));
#10238 = CARTESIAN_POINT('',(32.021664134357,12.836481991769,0.));
#10239 = CARTESIAN_POINT('',(31.005854238085,13.062981197889,0.));
#10240 = CARTESIAN_POINT('',(31.053091348927,12.920937652244,0.));
#10241 = VECTOR('',#10242,1.);
#10242 = DIRECTION('',(-0.,-0.,-1.));
#10243 = DEFINITIONAL_REPRESENTATION('',(#10244),#10248);
#10244 = LINE('',#10245,#10246);
#10245 = CARTESIAN_POINT('',(1.,0.));
#10246 = VECTOR('',#10247,1.);
#10247 = DIRECTION('',(0.,-1.));
#10248 = ( GEOMETRIC_REPRESENTATION_CONTEXT(2) 
PARAMETRIC_REPRESENTATION_CONTEXT() REPRESENTATION_CONTEXT('2D SPACE',''
  ) );
#10249 = ORIENTED_EDGE('',*,*,#10250,.T.);
#10250 = EDGE_CURVE('',#10201,#10251,#10253,.T.);
#10251 = VERTEX_POINT('',#10252);
#10252 = CARTESIAN_POINT('',(31.053091348927,11.056320545342,2.));
#10253 = SURFACE_CURVE('',#10254,(#10258,#10265),.PCURVE_S1.);
#10254 = LINE('',#10255,#10256);
#10255 = CARTESIAN_POINT('',(31.053091348927,12.920937652244,2.));
#10256 = VECTOR('',#10257,1.);
#10257 = DIRECTION('',(0.,-1.,0.));
#10258 = PCURVE('',#10209,#10259);
#10259 = DEFINITIONAL_REPRESENTATION('',(#10260),#10264);
#10260 = LINE('',#10261,#10262);
#10261 = CARTESIAN_POINT('',(0.,-2.));
#10262 = VECTOR('',#10263,1.);
#10263 = DIRECTION('',(1.,0.));
#10264 = ( GEOMETRIC_REPRESENTATION_CONTEXT(2) 
PARAMETRIC_REPRESENTATION_CONTEXT() REPRESENTATION_CONTEXT('2D SPACE',''
  ) );
#10265 = PCURVE('',#10266,#10271);
#10266 = PLANE('',#10267);
#10267 = AXIS2_PLACEMENT_3D('',#10268,#10269,#10270);
#10268 = CARTESIAN_POINT('',(34.323037043982,7.869926000735,2.));
#10269 = DIRECTION('',(0.,0.,1.));
#10270 = DIRECTION('',(1.,0.,-0.));
#10271 = DEFINITIONAL_REPRESENTATION('',(#10272),#10276);
#10272 = LINE('',#10273,#10274);
#10273 = CARTESIAN_POINT('',(-3.269945695056,5.051011651509));
#10274 = VECTOR('',#10275,1.);
#10275 = DIRECTION('',(0.,-1.));
#10276 = ( GEOMETRIC_REPRESENTATION_CONTEXT(2) 
PARAMETRIC_REPRESENTATION_CONTEXT() REPRESENTATION_CONTEXT('2D SPACE',''
  ) );
#10277 = ORIENTED_EDGE('',*,*,#10278,.F.);
#10278 = EDGE_CURVE('',#10279,#10251,#10281,.T.);
#10279 = VERTEX_POINT('',#10280);
#10280 = CARTESIAN_POINT('',(31.053091348927,11.056320545342,0.));
#10281 = SURFACE_CURVE('',#10282,(#10286,#10293),.PCURVE_S1.);
#10282 = LINE('',#10283,#10284);
#10283 = CARTESIAN_POINT('',(31.053091348927,11.056320545342,0.));
#10284 = VECTOR('',#10285,1.);
#10285 = DIRECTION('',(0.,0.,1.));
#10286 = PCURVE('',#10209,#10287);
#10287 = DEFINITIONAL_REPRESENTATION('',(#10288),#10292);
#10288 = LINE('',#10289,#10290);
#10289 = CARTESIAN_POINT('',(1.864617106901,0.));
#10290 = VECTOR('',#10291,1.);
#10291 = DIRECTION('',(0.,-1.));
#10292 = ( GEOMETRIC_REPRESENTATION_CONTEXT(2) 
PARAMETRIC_REPRESENTATION_CONTEXT() REPRESENTATION_CONTEXT('2D SPACE',''
  ) );
#10293 = PCURVE('',#10294,#10299);
#10294 = PLANE('',#10295);
#10295 = AXIS2_PLACEMENT_3D('',#10296,#10297,#10298);
#10296 = CARTESIAN_POINT('',(31.053091348927,11.056320545342,0.));
#10297 = DIRECTION('',(0.,1.,0.));
#10298 = DIRECTION('',(1.,0.,0.));
#10299 = DEFINITIONAL_REPRESENTATION('',(#10300),#10304);
#10300 = LINE('',#10301,#10302);
#10301 = CARTESIAN_POINT('',(0.,0.));
#10302 = VECTOR('',#10303,1.);
#10303 = DIRECTION('',(0.,-1.));
#10304 = ( GEOMETRIC_REPRESENTATION_CONTEXT(2) 
PARAMETRIC_REPRESENTATION_CONTEXT() REPRESENTATION_CONTEXT('2D SPACE',''
  ) );
#10305 = ORIENTED_EDGE('',*,*,#10306,.F.);
#10306 = EDGE_CURVE('',#10199,#10279,#10307,.T.);
#10307 = SURFACE_CURVE('',#10308,(#10312,#10319),.PCURVE_S1.);
#10308 = LINE('',#10309,#10310);
#10309 = CARTESIAN_POINT('',(31.053091348927,12.920937652244,0.));
#10310 = VECTOR('',#10311,1.);
#10311 = DIRECTION('',(0.,-1.,0.));
#10312 = PCURVE('',#10209,#10313);
#10313 = DEFINITIONAL_REPRESENTATION('',(#10314),#10318);
#10314 = LINE('',#10315,#10316);
#10315 = CARTESIAN_POINT('',(0.,0.));
#10316 = VECTOR('',#10317,1.);
#10317 = DIRECTION('',(1.,0.));
#10318 = ( GEOMETRIC_REPRESENTATION_CONTEXT(2) 
PARAMETRIC_REPRESENTATION_CONTEXT() REPRESENTATION_CONTEXT('2D SPACE',''
  ) );
#10319 = PCURVE('',#10320,#10325);
#10320 = PLANE('',#10321);
#10321 = AXIS2_PLACEMENT_3D('',#10322,#10323,#10324);
#10322 = CARTESIAN_POINT('',(34.323037043982,7.869926000735,0.));
#10323 = DIRECTION('',(0.,0.,1.));
#10324 = DIRECTION('',(1.,0.,-0.));
#10325 = DEFINITIONAL_REPRESENTATION('',(#10326),#10330);
#10326 = LINE('',#10327,#10328);
#10327 = CARTESIAN_POINT('',(-3.269945695056,5.051011651509));
#10328 = VECTOR('',#10329,1.);
#10329 = DIRECTION('',(0.,-1.));
#10330 = ( GEOMETRIC_REPRESENTATION_CONTEXT(2) 
PARAMETRIC_REPRESENTATION_CONTEXT() REPRESENTATION_CONTEXT('2D SPACE',''
  ) );
#10331 = ADVANCED_FACE('',(#10332),#10294,.F.);
#10332 = FACE_BOUND('',#10333,.F.);
#10333 = EDGE_LOOP('',(#10334,#10335,#10358,#10386));
#10334 = ORIENTED_EDGE('',*,*,#10278,.T.);
#10335 = ORIENTED_EDGE('',*,*,#10336,.T.);
#10336 = EDGE_CURVE('',#10251,#10337,#10339,.T.);
#10337 = VERTEX_POINT('',#10338);
#10338 = CARTESIAN_POINT('',(33.928252108777,11.056320545342,2.));
#10339 = SURFACE_CURVE('',#10340,(#10344,#10351),.PCURVE_S1.);
#10340 = LINE('',#10341,#10342);
#10341 = CARTESIAN_POINT('',(31.053091348927,11.056320545342,2.));
#10342 = VECTOR('',#10343,1.);
#10343 = DIRECTION('',(1.,0.,0.));
#10344 = PCURVE('',#10294,#10345);
#10345 = DEFINITIONAL_REPRESENTATION('',(#10346),#10350);
#10346 = LINE('',#10347,#10348);
#10347 = CARTESIAN_POINT('',(0.,-2.));
#10348 = VECTOR('',#10349,1.);
#10349 = DIRECTION('',(1.,0.));
#10350 = ( GEOMETRIC_REPRESENTATION_CONTEXT(2) 
PARAMETRIC_REPRESENTATION_CONTEXT() REPRESENTATION_CONTEXT('2D SPACE',''
  ) );
#10351 = PCURVE('',#10266,#10352);
#10352 = DEFINITIONAL_REPRESENTATION('',(#10353),#10357);
#10353 = LINE('',#10354,#10355);
#10354 = CARTESIAN_POINT('',(-3.269945695056,3.186394544607));
#10355 = VECTOR('',#10356,1.);
#10356 = DIRECTION('',(1.,0.));
#10357 = ( GEOMETRIC_REPRESENTATION_CONTEXT(2) 
PARAMETRIC_REPRESENTATION_CONTEXT() REPRESENTATION_CONTEXT('2D SPACE',''
  ) );
#10358 = ORIENTED_EDGE('',*,*,#10359,.F.);
#10359 = EDGE_CURVE('',#10360,#10337,#10362,.T.);
#10360 = VERTEX_POINT('',#10361);
#10361 = CARTESIAN_POINT('',(33.928252108777,11.056320545342,0.));
#10362 = SURFACE_CURVE('',#10363,(#10367,#10374),.PCURVE_S1.);
#10363 = LINE('',#10364,#10365);
#10364 = CARTESIAN_POINT('',(33.928252108777,11.056320545342,0.));
#10365 = VECTOR('',#10366,1.);
#10366 = DIRECTION('',(0.,0.,1.));
#10367 = PCURVE('',#10294,#10368);
#10368 = DEFINITIONAL_REPRESENTATION('',(#10369),#10373);
#10369 = LINE('',#10370,#10371);
#10370 = CARTESIAN_POINT('',(2.87516075985,0.));
#10371 = VECTOR('',#10372,1.);
#10372 = DIRECTION('',(0.,-1.));
#10373 = ( GEOMETRIC_REPRESENTATION_CONTEXT(2) 
PARAMETRIC_REPRESENTATION_CONTEXT() REPRESENTATION_CONTEXT('2D SPACE',''
  ) );
#10374 = PCURVE('',#10375,#10380);
#10375 = PLANE('',#10376);
#10376 = AXIS2_PLACEMENT_3D('',#10377,#10378,#10379);
#10377 = CARTESIAN_POINT('',(33.928252108777,11.056320545342,0.));
#10378 = DIRECTION('',(1.,0.,-0.));
#10379 = DIRECTION('',(0.,-1.,0.));
#10380 = DEFINITIONAL_REPRESENTATION('',(#10381),#10385);
#10381 = LINE('',#10382,#10383);
#10382 = CARTESIAN_POINT('',(0.,0.));
#10383 = VECTOR('',#10384,1.);
#10384 = DIRECTION('',(0.,-1.));
#10385 = ( GEOMETRIC_REPRESENTATION_CONTEXT(2) 
PARAMETRIC_REPRESENTATION_CONTEXT() REPRESENTATION_CONTEXT('2D SPACE',''
  ) );
#10386 = ORIENTED_EDGE('',*,*,#10387,.F.);
#10387 = EDGE_CURVE('',#10279,#10360,#10388,.T.);
#10388 = SURFACE_CURVE('',#10389,(#10393,#10400),.PCURVE_S1.);
#10389 = LINE('',#10390,#10391);
#10390 = CARTESIAN_POINT('',(31.053091348927,11.056320545342,0.));
#10391 = VECTOR('',#10392,1.);
#10392 = DIRECTION('',(1.,0.,0.));
#10393 = PCURVE('',#10294,#10394);
#10394 = DEFINITIONAL_REPRESENTATION('',(#10395),#10399);
#10395 = LINE('',#10396,#10397);
#10396 = CARTESIAN_POINT('',(0.,0.));
#10397 = VECTOR('',#10398,1.);
#10398 = DIRECTION('',(1.,0.));
#10399 = ( GEOMETRIC_REPRESENTATION_CONTEXT(2) 
PARAMETRIC_REPRESENTATION_CONTEXT() REPRESENTATION_CONTEXT('2D SPACE',''
  ) );
#10400 = PCURVE('',#10320,#10401);
#10401 = DEFINITIONAL_REPRESENTATION('',(#10402),#10406);
#10402 = LINE('',#10403,#10404);
#10403 = CARTESIAN_POINT('',(-3.269945695056,3.186394544607));
#10404 = VECTOR('',#10405,1.);
#10405 = DIRECTION('',(1.,0.));
#10406 = ( GEOMETRIC_REPRESENTATION_CONTEXT(2) 
PARAMETRIC_REPRESENTATION_CONTEXT() REPRESENTATION_CONTEXT('2D SPACE',''
  ) );
#10407 = ADVANCED_FACE('',(#10408),#10375,.F.);
#10408 = FACE_BOUND('',#10409,.F.);
#10409 = EDGE_LOOP('',(#10410,#10411,#10434,#10462));
#10410 = ORIENTED_EDGE('',*,*,#10359,.T.);
#10411 = ORIENTED_EDGE('',*,*,#10412,.T.);
#10412 = EDGE_CURVE('',#10337,#10413,#10415,.T.);
#10413 = VERTEX_POINT('',#10414);
#10414 = CARTESIAN_POINT('',(33.928252108777,5.835325915515,2.));
#10415 = SURFACE_CURVE('',#10416,(#10420,#10427),.PCURVE_S1.);
#10416 = LINE('',#10417,#10418);
#10417 = CARTESIAN_POINT('',(33.928252108777,11.056320545342,2.));
#10418 = VECTOR('',#10419,1.);
#10419 = DIRECTION('',(0.,-1.,0.));
#10420 = PCURVE('',#10375,#10421);
#10421 = DEFINITIONAL_REPRESENTATION('',(#10422),#10426);
#10422 = LINE('',#10423,#10424);
#10423 = CARTESIAN_POINT('',(0.,-2.));
#10424 = VECTOR('',#10425,1.);
#10425 = DIRECTION('',(1.,0.));
#10426 = ( GEOMETRIC_REPRESENTATION_CONTEXT(2) 
PARAMETRIC_REPRESENTATION_CONTEXT() REPRESENTATION_CONTEXT('2D SPACE',''
  ) );
#10427 = PCURVE('',#10266,#10428);
#10428 = DEFINITIONAL_REPRESENTATION('',(#10429),#10433);
#10429 = LINE('',#10430,#10431);
#10430 = CARTESIAN_POINT('',(-0.394784935205,3.186394544607));
#10431 = VECTOR('',#10432,1.);
#10432 = DIRECTION('',(0.,-1.));
#10433 = ( GEOMETRIC_REPRESENTATION_CONTEXT(2) 
PARAMETRIC_REPRESENTATION_CONTEXT() REPRESENTATION_CONTEXT('2D SPACE',''
  ) );
#10434 = ORIENTED_EDGE('',*,*,#10435,.F.);
#10435 = EDGE_CURVE('',#10436,#10413,#10438,.T.);
#10436 = VERTEX_POINT('',#10437);
#10437 = CARTESIAN_POINT('',(33.928252108777,5.835325915515,0.));
#10438 = SURFACE_CURVE('',#10439,(#10443,#10450),.PCURVE_S1.);
#10439 = LINE('',#10440,#10441);
#10440 = CARTESIAN_POINT('',(33.928252108777,5.835325915515,0.));
#10441 = VECTOR('',#10442,1.);
#10442 = DIRECTION('',(0.,0.,1.));
#10443 = PCURVE('',#10375,#10444);
#10444 = DEFINITIONAL_REPRESENTATION('',(#10445),#10449);
#10445 = LINE('',#10446,#10447);
#10446 = CARTESIAN_POINT('',(5.220994629828,0.));
#10447 = VECTOR('',#10448,1.);
#10448 = DIRECTION('',(0.,-1.));
#10449 = ( GEOMETRIC_REPRESENTATION_CONTEXT(2) 
PARAMETRIC_REPRESENTATION_CONTEXT() REPRESENTATION_CONTEXT('2D SPACE',''
  ) );
#10450 = PCURVE('',#10451,#10456);
#10451 = PLANE('',#10452);
#10452 = AXIS2_PLACEMENT_3D('',#10453,#10454,#10455);
#10453 = CARTESIAN_POINT('',(33.928252108777,5.835325915515,0.));
#10454 = DIRECTION('',(0.,-1.,0.));
#10455 = DIRECTION('',(-1.,0.,0.));
#10456 = DEFINITIONAL_REPRESENTATION('',(#10457),#10461);
#10457 = LINE('',#10458,#10459);
#10458 = CARTESIAN_POINT('',(0.,-0.));
#10459 = VECTOR('',#10460,1.);
#10460 = DIRECTION('',(0.,-1.));
#10461 = ( GEOMETRIC_REPRESENTATION_CONTEXT(2) 
PARAMETRIC_REPRESENTATION_CONTEXT() REPRESENTATION_CONTEXT('2D SPACE',''
  ) );
#10462 = ORIENTED_EDGE('',*,*,#10463,.F.);
#10463 = EDGE_CURVE('',#10360,#10436,#10464,.T.);
#10464 = SURFACE_CURVE('',#10465,(#10469,#10476),.PCURVE_S1.);
#10465 = LINE('',#10466,#10467);
#10466 = CARTESIAN_POINT('',(33.928252108777,11.056320545342,0.));
#10467 = VECTOR('',#10468,1.);
#10468 = DIRECTION('',(0.,-1.,0.));
#10469 = PCURVE('',#10375,#10470);
#10470 = DEFINITIONAL_REPRESENTATION('',(#10471),#10475);
#10471 = LINE('',#10472,#10473);
#10472 = CARTESIAN_POINT('',(0.,0.));
#10473 = VECTOR('',#10474,1.);
#10474 = DIRECTION('',(1.,0.));
#10475 = ( GEOMETRIC_REPRESENTATION_CONTEXT(2) 
PARAMETRIC_REPRESENTATION_CONTEXT() REPRESENTATION_CONTEXT('2D SPACE',''
  ) );
#10476 = PCURVE('',#10320,#10477);
#10477 = DEFINITIONAL_REPRESENTATION('',(#10478),#10482);
#10478 = LINE('',#10479,#10480);
#10479 = CARTESIAN_POINT('',(-0.394784935205,3.186394544607));
#10480 = VECTOR('',#10481,1.);
#10481 = DIRECTION('',(0.,-1.));
#10482 = ( GEOMETRIC_REPRESENTATION_CONTEXT(2) 
PARAMETRIC_REPRESENTATION_CONTEXT() REPRESENTATION_CONTEXT('2D SPACE',''
  ) );
#10483 = ADVANCED_FACE('',(#10484),#10451,.F.);
#10484 = FACE_BOUND('',#10485,.F.);
#10485 = EDGE_LOOP('',(#10486,#10487,#10510,#10545));
#10486 = ORIENTED_EDGE('',*,*,#10435,.T.);
#10487 = ORIENTED_EDGE('',*,*,#10488,.T.);
#10488 = EDGE_CURVE('',#10413,#10489,#10491,.T.);
#10489 = VERTEX_POINT('',#10490);
#10490 = CARTESIAN_POINT('',(30.567062289892,5.835325915515,2.));
#10491 = SURFACE_CURVE('',#10492,(#10496,#10503),.PCURVE_S1.);
#10492 = LINE('',#10493,#10494);
#10493 = CARTESIAN_POINT('',(33.928252108777,5.835325915515,2.));
#10494 = VECTOR('',#10495,1.);
#10495 = DIRECTION('',(-1.,0.,0.));
#10496 = PCURVE('',#10451,#10497);
#10497 = DEFINITIONAL_REPRESENTATION('',(#10498),#10502);
#10498 = LINE('',#10499,#10500);
#10499 = CARTESIAN_POINT('',(0.,-2.));
#10500 = VECTOR('',#10501,1.);
#10501 = DIRECTION('',(1.,0.));
#10502 = ( GEOMETRIC_REPRESENTATION_CONTEXT(2) 
PARAMETRIC_REPRESENTATION_CONTEXT() REPRESENTATION_CONTEXT('2D SPACE',''
  ) );
#10503 = PCURVE('',#10266,#10504);
#10504 = DEFINITIONAL_REPRESENTATION('',(#10505),#10509);
#10505 = LINE('',#10506,#10507);
#10506 = CARTESIAN_POINT('',(-0.394784935205,-2.03460008522));
#10507 = VECTOR('',#10508,1.);
#10508 = DIRECTION('',(-1.,0.));
#10509 = ( GEOMETRIC_REPRESENTATION_CONTEXT(2) 
PARAMETRIC_REPRESENTATION_CONTEXT() REPRESENTATION_CONTEXT('2D SPACE',''
  ) );
#10510 = ORIENTED_EDGE('',*,*,#10511,.F.);
#10511 = EDGE_CURVE('',#10512,#10489,#10514,.T.);
#10512 = VERTEX_POINT('',#10513);
#10513 = CARTESIAN_POINT('',(30.567062289892,5.835325915515,0.));
#10514 = SURFACE_CURVE('',#10515,(#10519,#10526),.PCURVE_S1.);
#10515 = LINE('',#10516,#10517);
#10516 = CARTESIAN_POINT('',(30.567062289892,5.835325915515,0.));
#10517 = VECTOR('',#10518,1.);
#10518 = DIRECTION('',(0.,0.,1.));
#10519 = PCURVE('',#10451,#10520);
#10520 = DEFINITIONAL_REPRESENTATION('',(#10521),#10525);
#10521 = LINE('',#10522,#10523);
#10522 = CARTESIAN_POINT('',(3.361189818885,0.));
#10523 = VECTOR('',#10524,1.);
#10524 = DIRECTION('',(0.,-1.));
#10525 = ( GEOMETRIC_REPRESENTATION_CONTEXT(2) 
PARAMETRIC_REPRESENTATION_CONTEXT() REPRESENTATION_CONTEXT('2D SPACE',''
  ) );
#10526 = PCURVE('',#10527,#10539);
#10527 = SURFACE_OF_LINEAR_EXTRUSION('',#10528,#10537);
#10528 = B_SPLINE_CURVE_WITH_KNOTS('',7,(#10529,#10530,#10531,#10532,
    #10533,#10534,#10535,#10536),.UNSPECIFIED.,.F.,.F.,(8,8),(0.,1.),
  .PIECEWISE_BEZIER_KNOTS.);
#10529 = CARTESIAN_POINT('',(30.567062289892,5.835325915515,0.));
#10530 = CARTESIAN_POINT('',(30.477676109737,5.865560093482,0.));
#10531 = CARTESIAN_POINT('',(30.645286737281,4.5404337669,0.));
#10532 = CARTESIAN_POINT('',(30.428275917904,6.012386040792,0.));
#10533 = CARTESIAN_POINT('',(30.621011144382,3.954432383075,0.));
#10534 = CARTESIAN_POINT('',(30.506842531541,4.842287220209,0.));
#10535 = CARTESIAN_POINT('',(30.548559800011,4.112411048443,0.));
#10536 = CARTESIAN_POINT('',(30.541217052397,3.924369606729,0.));
#10537 = VECTOR('',#10538,1.);
#10538 = DIRECTION('',(-0.,-0.,-1.));
#10539 = DEFINITIONAL_REPRESENTATION('',(#10540),#10544);
#10540 = LINE('',#10541,#10542);
#10541 = CARTESIAN_POINT('',(0.,0.));
#10542 = VECTOR('',#10543,1.);
#10543 = DIRECTION('',(0.,-1.));
#10544 = ( GEOMETRIC_REPRESENTATION_CONTEXT(2) 
PARAMETRIC_REPRESENTATION_CONTEXT() REPRESENTATION_CONTEXT('2D SPACE',''
  ) );
#10545 = ORIENTED_EDGE('',*,*,#10546,.F.);
#10546 = EDGE_CURVE('',#10436,#10512,#10547,.T.);
#10547 = SURFACE_CURVE('',#10548,(#10552,#10559),.PCURVE_S1.);
#10548 = LINE('',#10549,#10550);
#10549 = CARTESIAN_POINT('',(33.928252108777,5.835325915515,0.));
#10550 = VECTOR('',#10551,1.);
#10551 = DIRECTION('',(-1.,0.,0.));
#10552 = PCURVE('',#10451,#10553);
#10553 = DEFINITIONAL_REPRESENTATION('',(#10554),#10558);
#10554 = LINE('',#10555,#10556);
#10555 = CARTESIAN_POINT('',(0.,-0.));
#10556 = VECTOR('',#10557,1.);
#10557 = DIRECTION('',(1.,0.));
#10558 = ( GEOMETRIC_REPRESENTATION_CONTEXT(2) 
PARAMETRIC_REPRESENTATION_CONTEXT() REPRESENTATION_CONTEXT('2D SPACE',''
  ) );
#10559 = PCURVE('',#10320,#10560);
#10560 = DEFINITIONAL_REPRESENTATION('',(#10561),#10565);
#10561 = LINE('',#10562,#10563);
#10562 = CARTESIAN_POINT('',(-0.394784935205,-2.03460008522));
#10563 = VECTOR('',#10564,1.);
#10564 = DIRECTION('',(-1.,0.));
#10565 = ( GEOMETRIC_REPRESENTATION_CONTEXT(2) 
PARAMETRIC_REPRESENTATION_CONTEXT() REPRESENTATION_CONTEXT('2D SPACE',''
  ) );
#10566 = ADVANCED_FACE('',(#10567),#10527,.F.);
#10567 = FACE_BOUND('',#10568,.F.);
#10568 = EDGE_LOOP('',(#10569,#10570,#10603,#10648));
#10569 = ORIENTED_EDGE('',*,*,#10511,.T.);
#10570 = ORIENTED_EDGE('',*,*,#10571,.T.);
#10571 = EDGE_CURVE('',#10489,#10572,#10574,.T.);
#10572 = VERTEX_POINT('',#10573);
#10573 = CARTESIAN_POINT('',(30.541217052397,3.924369606729,2.));
#10574 = SURFACE_CURVE('',#10575,(#10584,#10591),.PCURVE_S1.);
#10575 = B_SPLINE_CURVE_WITH_KNOTS('',7,(#10576,#10577,#10578,#10579,
    #10580,#10581,#10582,#10583),.UNSPECIFIED.,.F.,.F.,(8,8),(0.,1.),
  .PIECEWISE_BEZIER_KNOTS.);
#10576 = CARTESIAN_POINT('',(30.567062289892,5.835325915515,2.));
#10577 = CARTESIAN_POINT('',(30.477676109737,5.865560093482,2.));
#10578 = CARTESIAN_POINT('',(30.645286737281,4.5404337669,2.));
#10579 = CARTESIAN_POINT('',(30.428275917904,6.012386040792,2.));
#10580 = CARTESIAN_POINT('',(30.621011144382,3.954432383075,2.));
#10581 = CARTESIAN_POINT('',(30.506842531541,4.842287220209,2.));
#10582 = CARTESIAN_POINT('',(30.548559800011,4.112411048443,2.));
#10583 = CARTESIAN_POINT('',(30.541217052397,3.924369606729,2.));
#10584 = PCURVE('',#10527,#10585);
#10585 = DEFINITIONAL_REPRESENTATION('',(#10586),#10590);
#10586 = LINE('',#10587,#10588);
#10587 = CARTESIAN_POINT('',(0.,-2.));
#10588 = VECTOR('',#10589,1.);
#10589 = DIRECTION('',(1.,0.));
#10590 = ( GEOMETRIC_REPRESENTATION_CONTEXT(2) 
PARAMETRIC_REPRESENTATION_CONTEXT() REPRESENTATION_CONTEXT('2D SPACE',''
  ) );
#10591 = PCURVE('',#10266,#10592);
#10592 = DEFINITIONAL_REPRESENTATION('',(#10593),#10602);
#10593 = B_SPLINE_CURVE_WITH_KNOTS('',7,(#10594,#10595,#10596,#10597,
    #10598,#10599,#10600,#10601),.UNSPECIFIED.,.F.,.F.,(8,8),(0.,1.),
  .PIECEWISE_BEZIER_KNOTS.);
#10594 = CARTESIAN_POINT('',(-3.75597475409,-2.03460008522));
#10595 = CARTESIAN_POINT('',(-3.845360934245,-2.004365907252));
#10596 = CARTESIAN_POINT('',(-3.677750306701,-3.329492233835));
#10597 = CARTESIAN_POINT('',(-3.894761126078,-1.857539959942));
#10598 = CARTESIAN_POINT('',(-3.702025899601,-3.91549361766));
#10599 = CARTESIAN_POINT('',(-3.816194512441,-3.027638780526));
#10600 = CARTESIAN_POINT('',(-3.774477243971,-3.757514952292));
#10601 = CARTESIAN_POINT('',(-3.781819991585,-3.945556394006));
#10602 = ( GEOMETRIC_REPRESENTATION_CONTEXT(2) 
PARAMETRIC_REPRESENTATION_CONTEXT() REPRESENTATION_CONTEXT('2D SPACE',''
  ) );
#10603 = ORIENTED_EDGE('',*,*,#10604,.F.);
#10604 = EDGE_CURVE('',#10605,#10572,#10607,.T.);
#10605 = VERTEX_POINT('',#10606);
#10606 = CARTESIAN_POINT('',(30.541217052397,3.924369606729,0.));
#10607 = SURFACE_CURVE('',#10608,(#10612,#10619),.PCURVE_S1.);
#10608 = LINE('',#10609,#10610);
#10609 = CARTESIAN_POINT('',(30.541217052397,3.924369606729,0.));
#10610 = VECTOR('',#10611,1.);
#10611 = DIRECTION('',(0.,0.,1.));
#10612 = PCURVE('',#10527,#10613);
#10613 = DEFINITIONAL_REPRESENTATION('',(#10614),#10618);
#10614 = LINE('',#10615,#10616);
#10615 = CARTESIAN_POINT('',(1.,0.));
#10616 = VECTOR('',#10617,1.);
#10617 = DIRECTION('',(0.,-1.));
#10618 = ( GEOMETRIC_REPRESENTATION_CONTEXT(2) 
PARAMETRIC_REPRESENTATION_CONTEXT() REPRESENTATION_CONTEXT('2D SPACE',''
  ) );
#10619 = PCURVE('',#10620,#10642);
#10620 = SURFACE_OF_LINEAR_EXTRUSION('',#10621,#10640);
#10621 = B_SPLINE_CURVE_WITH_KNOTS('',7,(#10622,#10623,#10624,#10625,
    #10626,#10627,#10628,#10629,#10630,#10631,#10632,#10633,#10634,
    #10635,#10636,#10637,#10638,#10639),.UNSPECIFIED.,.F.,.F.,(8,5,5,8),
  (0.,0.328518057792,0.712598514059,1.),.UNSPECIFIED.);
#10622 = CARTESIAN_POINT('',(30.541217052397,3.924369606729,0.));
#10623 = CARTESIAN_POINT('',(30.924634143389,3.924509873822,0.));
#10624 = CARTESIAN_POINT('',(31.318986402836,3.92378488591,0.));
#10625 = CARTESIAN_POINT('',(31.682573400964,3.925494603734,0.));
#10626 = CARTESIAN_POINT('',(32.096896607414,3.923188833654,0.));
#10627 = CARTESIAN_POINT('',(32.459072469209,3.925010334623,0.));
#10628 = CARTESIAN_POINT('',(33.31489780032,3.923403964658,0.));
#10629 = CARTESIAN_POINT('',(34.123692635469,3.925520216959,0.));
#10630 = CARTESIAN_POINT('',(34.635843545224,3.920615318606,0.));
#10631 = CARTESIAN_POINT('',(34.9724266907,3.929671585261,0.));
#10632 = CARTESIAN_POINT('',(35.535097827206,3.920683389467,0.));
#10633 = CARTESIAN_POINT('',(36.220668786015,3.92889727675,0.));
#10634 = CARTESIAN_POINT('',(37.117355911563,3.919991822321,0.));
#10635 = CARTESIAN_POINT('',(37.167030999319,3.945109323275,0.));
#10636 = CARTESIAN_POINT('',(38.136785314528,3.885221617096,0.));
#10637 = CARTESIAN_POINT('',(37.721073058849,3.96561756736,0.));
#10638 = CARTESIAN_POINT('',(38.563262342176,3.898339602699,0.));
#10639 = CARTESIAN_POINT('',(38.748247740962,3.934156747309,0.));
#10640 = VECTOR('',#10641,1.);
#10641 = DIRECTION('',(-0.,-0.,-1.));
#10642 = DEFINITIONAL_REPRESENTATION('',(#10643),#10647);
#10643 = LINE('',#10644,#10645);
#10644 = CARTESIAN_POINT('',(0.,0.));
#10645 = VECTOR('',#10646,1.);
#10646 = DIRECTION('',(0.,-1.));
#10647 = ( GEOMETRIC_REPRESENTATION_CONTEXT(2) 
PARAMETRIC_REPRESENTATION_CONTEXT() REPRESENTATION_CONTEXT('2D SPACE',''
  ) );
#10648 = ORIENTED_EDGE('',*,*,#10649,.F.);
#10649 = EDGE_CURVE('',#10512,#10605,#10650,.T.);
#10650 = SURFACE_CURVE('',#10651,(#10660,#10667),.PCURVE_S1.);
#10651 = B_SPLINE_CURVE_WITH_KNOTS('',7,(#10652,#10653,#10654,#10655,
    #10656,#10657,#10658,#10659),.UNSPECIFIED.,.F.,.F.,(8,8),(0.,1.),
  .PIECEWISE_BEZIER_KNOTS.);
#10652 = CARTESIAN_POINT('',(30.567062289892,5.835325915515,0.));
#10653 = CARTESIAN_POINT('',(30.477676109737,5.865560093482,0.));
#10654 = CARTESIAN_POINT('',(30.645286737281,4.5404337669,0.));
#10655 = CARTESIAN_POINT('',(30.428275917904,6.012386040792,0.));
#10656 = CARTESIAN_POINT('',(30.621011144382,3.954432383075,0.));
#10657 = CARTESIAN_POINT('',(30.506842531541,4.842287220209,0.));
#10658 = CARTESIAN_POINT('',(30.548559800011,4.112411048443,0.));
#10659 = CARTESIAN_POINT('',(30.541217052397,3.924369606729,0.));
#10660 = PCURVE('',#10527,#10661);
#10661 = DEFINITIONAL_REPRESENTATION('',(#10662),#10666);
#10662 = LINE('',#10663,#10664);
#10663 = CARTESIAN_POINT('',(0.,0.));
#10664 = VECTOR('',#10665,1.);
#10665 = DIRECTION('',(1.,0.));
#10666 = ( GEOMETRIC_REPRESENTATION_CONTEXT(2) 
PARAMETRIC_REPRESENTATION_CONTEXT() REPRESENTATION_CONTEXT('2D SPACE',''
  ) );
#10667 = PCURVE('',#10320,#10668);
#10668 = DEFINITIONAL_REPRESENTATION('',(#10669),#10678);
#10669 = B_SPLINE_CURVE_WITH_KNOTS('',7,(#10670,#10671,#10672,#10673,
    #10674,#10675,#10676,#10677),.UNSPECIFIED.,.F.,.F.,(8,8),(0.,1.),
  .PIECEWISE_BEZIER_KNOTS.);
#10670 = CARTESIAN_POINT('',(-3.75597475409,-2.03460008522));
#10671 = CARTESIAN_POINT('',(-3.845360934245,-2.004365907252));
#10672 = CARTESIAN_POINT('',(-3.677750306701,-3.329492233835));
#10673 = CARTESIAN_POINT('',(-3.894761126078,-1.857539959942));
#10674 = CARTESIAN_POINT('',(-3.702025899601,-3.91549361766));
#10675 = CARTESIAN_POINT('',(-3.816194512441,-3.027638780526));
#10676 = CARTESIAN_POINT('',(-3.774477243971,-3.757514952292));
#10677 = CARTESIAN_POINT('',(-3.781819991585,-3.945556394006));
#10678 = ( GEOMETRIC_REPRESENTATION_CONTEXT(2) 
PARAMETRIC_REPRESENTATION_CONTEXT() REPRESENTATION_CONTEXT('2D SPACE',''
  ) );
#10679 = ADVANCED_FACE('',(#10680),#10620,.F.);
#10680 = FACE_BOUND('',#10681,.F.);
#10681 = EDGE_LOOP('',(#10682,#10683,#10736,#10764));
#10682 = ORIENTED_EDGE('',*,*,#10604,.T.);
#10683 = ORIENTED_EDGE('',*,*,#10684,.T.);
#10684 = EDGE_CURVE('',#10572,#10685,#10687,.T.);
#10685 = VERTEX_POINT('',#10686);
#10686 = CARTESIAN_POINT('',(38.748247740962,3.934156747309,2.));
#10687 = SURFACE_CURVE('',#10688,(#10707,#10714),.PCURVE_S1.);
#10688 = B_SPLINE_CURVE_WITH_KNOTS('',7,(#10689,#10690,#10691,#10692,
    #10693,#10694,#10695,#10696,#10697,#10698,#10699,#10700,#10701,
    #10702,#10703,#10704,#10705,#10706),.UNSPECIFIED.,.F.,.F.,(8,5,5,8),
  (0.,0.328518057792,0.712598514059,1.),.UNSPECIFIED.);
#10689 = CARTESIAN_POINT('',(30.541217052397,3.924369606729,2.));
#10690 = CARTESIAN_POINT('',(30.924634143389,3.924509873822,2.));
#10691 = CARTESIAN_POINT('',(31.318986402836,3.92378488591,2.));
#10692 = CARTESIAN_POINT('',(31.682573400964,3.925494603734,2.));
#10693 = CARTESIAN_POINT('',(32.096896607414,3.923188833654,2.));
#10694 = CARTESIAN_POINT('',(32.459072469209,3.925010334623,2.));
#10695 = CARTESIAN_POINT('',(33.31489780032,3.923403964658,2.));
#10696 = CARTESIAN_POINT('',(34.123692635469,3.925520216959,2.));
#10697 = CARTESIAN_POINT('',(34.635843545224,3.920615318606,2.));
#10698 = CARTESIAN_POINT('',(34.9724266907,3.929671585261,2.));
#10699 = CARTESIAN_POINT('',(35.535097827206,3.920683389467,2.));
#10700 = CARTESIAN_POINT('',(36.220668786015,3.92889727675,2.));
#10701 = CARTESIAN_POINT('',(37.117355911563,3.919991822321,2.));
#10702 = CARTESIAN_POINT('',(37.167030999319,3.945109323275,2.));
#10703 = CARTESIAN_POINT('',(38.136785314528,3.885221617096,2.));
#10704 = CARTESIAN_POINT('',(37.721073058849,3.96561756736,2.));
#10705 = CARTESIAN_POINT('',(38.563262342176,3.898339602699,2.));
#10706 = CARTESIAN_POINT('',(38.748247740962,3.934156747309,2.));
#10707 = PCURVE('',#10620,#10708);
#10708 = DEFINITIONAL_REPRESENTATION('',(#10709),#10713);
#10709 = LINE('',#10710,#10711);
#10710 = CARTESIAN_POINT('',(0.,-2.));
#10711 = VECTOR('',#10712,1.);
#10712 = DIRECTION('',(1.,0.));
#10713 = ( GEOMETRIC_REPRESENTATION_CONTEXT(2) 
PARAMETRIC_REPRESENTATION_CONTEXT() REPRESENTATION_CONTEXT('2D SPACE',''
  ) );
#10714 = PCURVE('',#10266,#10715);
#10715 = DEFINITIONAL_REPRESENTATION('',(#10716),#10735);
#10716 = B_SPLINE_CURVE_WITH_KNOTS('',7,(#10717,#10718,#10719,#10720,
    #10721,#10722,#10723,#10724,#10725,#10726,#10727,#10728,#10729,
    #10730,#10731,#10732,#10733,#10734),.UNSPECIFIED.,.F.,.F.,(8,5,5,8),
  (0.,0.328518057792,0.712598514059,1.),.UNSPECIFIED.);
#10717 = CARTESIAN_POINT('',(-3.781819991585,-3.945556394006));
#10718 = CARTESIAN_POINT('',(-3.398402900593,-3.945416126912));
#10719 = CARTESIAN_POINT('',(-3.004050641147,-3.946141114825));
#10720 = CARTESIAN_POINT('',(-2.640463643018,-3.944431397001));
#10721 = CARTESIAN_POINT('',(-2.226140436569,-3.946737167081));
#10722 = CARTESIAN_POINT('',(-1.863964574774,-3.944915666112));
#10723 = CARTESIAN_POINT('',(-1.008139243662,-3.946522036077));
#10724 = CARTESIAN_POINT('',(-0.199344408513,-3.944405783775));
#10725 = CARTESIAN_POINT('',(0.312806501242,-3.949310682129));
#10726 = CARTESIAN_POINT('',(0.649389646717,-3.940254415474));
#10727 = CARTESIAN_POINT('',(1.212060783224,-3.949242611268));
#10728 = CARTESIAN_POINT('',(1.897631742032,-3.941028723985));
#10729 = CARTESIAN_POINT('',(2.794318867581,-3.949934178413));
#10730 = CARTESIAN_POINT('',(2.843993955337,-3.92481667746));
#10731 = CARTESIAN_POINT('',(3.813748270545,-3.984704383639));
#10732 = CARTESIAN_POINT('',(3.398036014866,-3.904308433375));
#10733 = CARTESIAN_POINT('',(4.240225298194,-3.971586398036));
#10734 = CARTESIAN_POINT('',(4.42521069698,-3.935769253425));
#10735 = ( GEOMETRIC_REPRESENTATION_CONTEXT(2) 
PARAMETRIC_REPRESENTATION_CONTEXT() REPRESENTATION_CONTEXT('2D SPACE',''
  ) );
#10736 = ORIENTED_EDGE('',*,*,#10737,.F.);
#10737 = EDGE_CURVE('',#10738,#10685,#10740,.T.);
#10738 = VERTEX_POINT('',#10739);
#10739 = CARTESIAN_POINT('',(38.748247740962,3.934156747309,0.));
#10740 = SURFACE_CURVE('',#10741,(#10745,#10752),.PCURVE_S1.);
#10741 = LINE('',#10742,#10743);
#10742 = CARTESIAN_POINT('',(38.748247740962,3.934156747309,0.));
#10743 = VECTOR('',#10744,1.);
#10744 = DIRECTION('',(0.,0.,1.));
#10745 = PCURVE('',#10620,#10746);
#10746 = DEFINITIONAL_REPRESENTATION('',(#10747),#10751);
#10747 = LINE('',#10748,#10749);
#10748 = CARTESIAN_POINT('',(1.,0.));
#10749 = VECTOR('',#10750,1.);
#10750 = DIRECTION('',(0.,-1.));
#10751 = ( GEOMETRIC_REPRESENTATION_CONTEXT(2) 
PARAMETRIC_REPRESENTATION_CONTEXT() REPRESENTATION_CONTEXT('2D SPACE',''
  ) );
#10752 = PCURVE('',#10753,#10758);
#10753 = PLANE('',#10754);
#10754 = AXIS2_PLACEMENT_3D('',#10755,#10756,#10757);
#10755 = CARTESIAN_POINT('',(38.748247740962,3.934156747309,0.));
#10756 = DIRECTION('',(-1.,0.,0.));
#10757 = DIRECTION('',(0.,1.,0.));
#10758 = DEFINITIONAL_REPRESENTATION('',(#10759),#10763);
#10759 = LINE('',#10760,#10761);
#10760 = CARTESIAN_POINT('',(0.,0.));
#10761 = VECTOR('',#10762,1.);
#10762 = DIRECTION('',(0.,-1.));
#10763 = ( GEOMETRIC_REPRESENTATION_CONTEXT(2) 
PARAMETRIC_REPRESENTATION_CONTEXT() REPRESENTATION_CONTEXT('2D SPACE',''
  ) );
#10764 = ORIENTED_EDGE('',*,*,#10765,.F.);
#10765 = EDGE_CURVE('',#10605,#10738,#10766,.T.);
#10766 = SURFACE_CURVE('',#10767,(#10786,#10793),.PCURVE_S1.);
#10767 = B_SPLINE_CURVE_WITH_KNOTS('',7,(#10768,#10769,#10770,#10771,
    #10772,#10773,#10774,#10775,#10776,#10777,#10778,#10779,#10780,
    #10781,#10782,#10783,#10784,#10785),.UNSPECIFIED.,.F.,.F.,(8,5,5,8),
  (0.,0.328518057792,0.712598514059,1.),.UNSPECIFIED.);
#10768 = CARTESIAN_POINT('',(30.541217052397,3.924369606729,0.));
#10769 = CARTESIAN_POINT('',(30.924634143389,3.924509873822,0.));
#10770 = CARTESIAN_POINT('',(31.318986402836,3.92378488591,0.));
#10771 = CARTESIAN_POINT('',(31.682573400964,3.925494603734,0.));
#10772 = CARTESIAN_POINT('',(32.096896607414,3.923188833654,0.));
#10773 = CARTESIAN_POINT('',(32.459072469209,3.925010334623,0.));
#10774 = CARTESIAN_POINT('',(33.31489780032,3.923403964658,0.));
#10775 = CARTESIAN_POINT('',(34.123692635469,3.925520216959,0.));
#10776 = CARTESIAN_POINT('',(34.635843545224,3.920615318606,0.));
#10777 = CARTESIAN_POINT('',(34.9724266907,3.929671585261,0.));
#10778 = CARTESIAN_POINT('',(35.535097827206,3.920683389467,0.));
#10779 = CARTESIAN_POINT('',(36.220668786015,3.92889727675,0.));
#10780 = CARTESIAN_POINT('',(37.117355911563,3.919991822321,0.));
#10781 = CARTESIAN_POINT('',(37.167030999319,3.945109323275,0.));
#10782 = CARTESIAN_POINT('',(38.136785314528,3.885221617096,0.));
#10783 = CARTESIAN_POINT('',(37.721073058849,3.96561756736,0.));
#10784 = CARTESIAN_POINT('',(38.563262342176,3.898339602699,0.));
#10785 = CARTESIAN_POINT('',(38.748247740962,3.934156747309,0.));
#10786 = PCURVE('',#10620,#10787);
#10787 = DEFINITIONAL_REPRESENTATION('',(#10788),#10792);
#10788 = LINE('',#10789,#10790);
#10789 = CARTESIAN_POINT('',(0.,0.));
#10790 = VECTOR('',#10791,1.);
#10791 = DIRECTION('',(1.,0.));
#10792 = ( GEOMETRIC_REPRESENTATION_CONTEXT(2) 
PARAMETRIC_REPRESENTATION_CONTEXT() REPRESENTATION_CONTEXT('2D SPACE',''
  ) );
#10793 = PCURVE('',#10320,#10794);
#10794 = DEFINITIONAL_REPRESENTATION('',(#10795),#10814);
#10795 = B_SPLINE_CURVE_WITH_KNOTS('',7,(#10796,#10797,#10798,#10799,
    #10800,#10801,#10802,#10803,#10804,#10805,#10806,#10807,#10808,
    #10809,#10810,#10811,#10812,#10813),.UNSPECIFIED.,.F.,.F.,(8,5,5,8),
  (0.,0.328518057792,0.712598514059,1.),.UNSPECIFIED.);
#10796 = CARTESIAN_POINT('',(-3.781819991585,-3.945556394006));
#10797 = CARTESIAN_POINT('',(-3.398402900593,-3.945416126912));
#10798 = CARTESIAN_POINT('',(-3.004050641147,-3.946141114825));
#10799 = CARTESIAN_POINT('',(-2.640463643018,-3.944431397001));
#10800 = CARTESIAN_POINT('',(-2.226140436569,-3.946737167081));
#10801 = CARTESIAN_POINT('',(-1.863964574774,-3.944915666112));
#10802 = CARTESIAN_POINT('',(-1.008139243662,-3.946522036077));
#10803 = CARTESIAN_POINT('',(-0.199344408513,-3.944405783775));
#10804 = CARTESIAN_POINT('',(0.312806501242,-3.949310682129));
#10805 = CARTESIAN_POINT('',(0.649389646717,-3.940254415474));
#10806 = CARTESIAN_POINT('',(1.212060783224,-3.949242611268));
#10807 = CARTESIAN_POINT('',(1.897631742032,-3.941028723985));
#10808 = CARTESIAN_POINT('',(2.794318867581,-3.949934178413));
#10809 = CARTESIAN_POINT('',(2.843993955337,-3.92481667746));
#10810 = CARTESIAN_POINT('',(3.813748270545,-3.984704383639));
#10811 = CARTESIAN_POINT('',(3.398036014866,-3.904308433375));
#10812 = CARTESIAN_POINT('',(4.240225298194,-3.971586398036));
#10813 = CARTESIAN_POINT('',(4.42521069698,-3.935769253425));
#10814 = ( GEOMETRIC_REPRESENTATION_CONTEXT(2) 
PARAMETRIC_REPRESENTATION_CONTEXT() REPRESENTATION_CONTEXT('2D SPACE',''
  ) );
#10815 = ADVANCED_FACE('',(#10816),#10753,.F.);
#10816 = FACE_BOUND('',#10817,.F.);
#10817 = EDGE_LOOP('',(#10818,#10819,#10842,#10870));
#10818 = ORIENTED_EDGE('',*,*,#10737,.T.);
#10819 = ORIENTED_EDGE('',*,*,#10820,.T.);
#10820 = EDGE_CURVE('',#10685,#10821,#10823,.T.);
#10821 = VERTEX_POINT('',#10822);
#10822 = CARTESIAN_POINT('',(38.748247740962,5.835325915515,2.));
#10823 = SURFACE_CURVE('',#10824,(#10828,#10835),.PCURVE_S1.);
#10824 = LINE('',#10825,#10826);
#10825 = CARTESIAN_POINT('',(38.748247740962,3.934156747309,2.));
#10826 = VECTOR('',#10827,1.);
#10827 = DIRECTION('',(0.,1.,0.));
#10828 = PCURVE('',#10753,#10829);
#10829 = DEFINITIONAL_REPRESENTATION('',(#10830),#10834);
#10830 = LINE('',#10831,#10832);
#10831 = CARTESIAN_POINT('',(0.,-2.));
#10832 = VECTOR('',#10833,1.);
#10833 = DIRECTION('',(1.,0.));
#10834 = ( GEOMETRIC_REPRESENTATION_CONTEXT(2) 
PARAMETRIC_REPRESENTATION_CONTEXT() REPRESENTATION_CONTEXT('2D SPACE',''
  ) );
#10835 = PCURVE('',#10266,#10836);
#10836 = DEFINITIONAL_REPRESENTATION('',(#10837),#10841);
#10837 = LINE('',#10838,#10839);
#10838 = CARTESIAN_POINT('',(4.42521069698,-3.935769253425));
#10839 = VECTOR('',#10840,1.);
#10840 = DIRECTION('',(0.,1.));
#10841 = ( GEOMETRIC_REPRESENTATION_CONTEXT(2) 
PARAMETRIC_REPRESENTATION_CONTEXT() REPRESENTATION_CONTEXT('2D SPACE',''
  ) );
#10842 = ORIENTED_EDGE('',*,*,#10843,.F.);
#10843 = EDGE_CURVE('',#10844,#10821,#10846,.T.);
#10844 = VERTEX_POINT('',#10845);
#10845 = CARTESIAN_POINT('',(38.748247740962,5.835325915515,0.));
#10846 = SURFACE_CURVE('',#10847,(#10851,#10858),.PCURVE_S1.);
#10847 = LINE('',#10848,#10849);
#10848 = CARTESIAN_POINT('',(38.748247740962,5.835325915515,0.));
#10849 = VECTOR('',#10850,1.);
#10850 = DIRECTION('',(0.,0.,1.));
#10851 = PCURVE('',#10753,#10852);
#10852 = DEFINITIONAL_REPRESENTATION('',(#10853),#10857);
#10853 = LINE('',#10854,#10855);
#10854 = CARTESIAN_POINT('',(1.901169168205,0.));
#10855 = VECTOR('',#10856,1.);
#10856 = DIRECTION('',(0.,-1.));
#10857 = ( GEOMETRIC_REPRESENTATION_CONTEXT(2) 
PARAMETRIC_REPRESENTATION_CONTEXT() REPRESENTATION_CONTEXT('2D SPACE',''
  ) );
#10858 = PCURVE('',#10859,#10864);
#10859 = PLANE('',#10860);
#10860 = AXIS2_PLACEMENT_3D('',#10861,#10862,#10863);
#10861 = CARTESIAN_POINT('',(38.748247740962,5.835325915515,0.));
#10862 = DIRECTION('',(0.,-1.,0.));
#10863 = DIRECTION('',(-1.,0.,0.));
#10864 = DEFINITIONAL_REPRESENTATION('',(#10865),#10869);
#10865 = LINE('',#10866,#10867);
#10866 = CARTESIAN_POINT('',(0.,-0.));
#10867 = VECTOR('',#10868,1.);
#10868 = DIRECTION('',(0.,-1.));
#10869 = ( GEOMETRIC_REPRESENTATION_CONTEXT(2) 
PARAMETRIC_REPRESENTATION_CONTEXT() REPRESENTATION_CONTEXT('2D SPACE',''
  ) );
#10870 = ORIENTED_EDGE('',*,*,#10871,.F.);
#10871 = EDGE_CURVE('',#10738,#10844,#10872,.T.);
#10872 = SURFACE_CURVE('',#10873,(#10877,#10884),.PCURVE_S1.);
#10873 = LINE('',#10874,#10875);
#10874 = CARTESIAN_POINT('',(38.748247740962,3.934156747309,0.));
#10875 = VECTOR('',#10876,1.);
#10876 = DIRECTION('',(0.,1.,0.));
#10877 = PCURVE('',#10753,#10878);
#10878 = DEFINITIONAL_REPRESENTATION('',(#10879),#10883);
#10879 = LINE('',#10880,#10881);
#10880 = CARTESIAN_POINT('',(0.,0.));
#10881 = VECTOR('',#10882,1.);
#10882 = DIRECTION('',(1.,0.));
#10883 = ( GEOMETRIC_REPRESENTATION_CONTEXT(2) 
PARAMETRIC_REPRESENTATION_CONTEXT() REPRESENTATION_CONTEXT('2D SPACE',''
  ) );
#10884 = PCURVE('',#10320,#10885);
#10885 = DEFINITIONAL_REPRESENTATION('',(#10886),#10890);
#10886 = LINE('',#10887,#10888);
#10887 = CARTESIAN_POINT('',(4.42521069698,-3.935769253425));
#10888 = VECTOR('',#10889,1.);
#10889 = DIRECTION('',(0.,1.));
#10890 = ( GEOMETRIC_REPRESENTATION_CONTEXT(2) 
PARAMETRIC_REPRESENTATION_CONTEXT() REPRESENTATION_CONTEXT('2D SPACE',''
  ) );
#10891 = ADVANCED_FACE('',(#10892),#10859,.F.);
#10892 = FACE_BOUND('',#10893,.F.);
#10893 = EDGE_LOOP('',(#10894,#10895,#10918,#10946));
#10894 = ORIENTED_EDGE('',*,*,#10843,.T.);
#10895 = ORIENTED_EDGE('',*,*,#10896,.T.);
#10896 = EDGE_CURVE('',#10821,#10897,#10899,.T.);
#10897 = VERTEX_POINT('',#10898);
#10898 = CARTESIAN_POINT('',(36.026875127161,5.835325915515,2.));
#10899 = SURFACE_CURVE('',#10900,(#10904,#10911),.PCURVE_S1.);
#10900 = LINE('',#10901,#10902);
#10901 = CARTESIAN_POINT('',(38.748247740962,5.835325915515,2.));
#10902 = VECTOR('',#10903,1.);
#10903 = DIRECTION('',(-1.,0.,0.));
#10904 = PCURVE('',#10859,#10905);
#10905 = DEFINITIONAL_REPRESENTATION('',(#10906),#10910);
#10906 = LINE('',#10907,#10908);
#10907 = CARTESIAN_POINT('',(0.,-2.));
#10908 = VECTOR('',#10909,1.);
#10909 = DIRECTION('',(1.,0.));
#10910 = ( GEOMETRIC_REPRESENTATION_CONTEXT(2) 
PARAMETRIC_REPRESENTATION_CONTEXT() REPRESENTATION_CONTEXT('2D SPACE',''
  ) );
#10911 = PCURVE('',#10266,#10912);
#10912 = DEFINITIONAL_REPRESENTATION('',(#10913),#10917);
#10913 = LINE('',#10914,#10915);
#10914 = CARTESIAN_POINT('',(4.42521069698,-2.03460008522));
#10915 = VECTOR('',#10916,1.);
#10916 = DIRECTION('',(-1.,0.));
#10917 = ( GEOMETRIC_REPRESENTATION_CONTEXT(2) 
PARAMETRIC_REPRESENTATION_CONTEXT() REPRESENTATION_CONTEXT('2D SPACE',''
  ) );
#10918 = ORIENTED_EDGE('',*,*,#10919,.F.);
#10919 = EDGE_CURVE('',#10920,#10897,#10922,.T.);
#10920 = VERTEX_POINT('',#10921);
#10921 = CARTESIAN_POINT('',(36.026875127161,5.835325915515,0.));
#10922 = SURFACE_CURVE('',#10923,(#10927,#10934),.PCURVE_S1.);
#10923 = LINE('',#10924,#10925);
#10924 = CARTESIAN_POINT('',(36.026875127161,5.835325915515,0.));
#10925 = VECTOR('',#10926,1.);
#10926 = DIRECTION('',(0.,0.,1.));
#10927 = PCURVE('',#10859,#10928);
#10928 = DEFINITIONAL_REPRESENTATION('',(#10929),#10933);
#10929 = LINE('',#10930,#10931);
#10930 = CARTESIAN_POINT('',(2.721372613801,0.));
#10931 = VECTOR('',#10932,1.);
#10932 = DIRECTION('',(0.,-1.));
#10933 = ( GEOMETRIC_REPRESENTATION_CONTEXT(2) 
PARAMETRIC_REPRESENTATION_CONTEXT() REPRESENTATION_CONTEXT('2D SPACE',''
  ) );
#10934 = PCURVE('',#10935,#10940);
#10935 = PLANE('',#10936);
#10936 = AXIS2_PLACEMENT_3D('',#10937,#10938,#10939);
#10937 = CARTESIAN_POINT('',(36.026875127161,5.835325915515,0.));
#10938 = DIRECTION('',(-1.,0.,0.));
#10939 = DIRECTION('',(0.,1.,0.));
#10940 = DEFINITIONAL_REPRESENTATION('',(#10941),#10945);
#10941 = LINE('',#10942,#10943);
#10942 = CARTESIAN_POINT('',(0.,0.));
#10943 = VECTOR('',#10944,1.);
#10944 = DIRECTION('',(0.,-1.));
#10945 = ( GEOMETRIC_REPRESENTATION_CONTEXT(2) 
PARAMETRIC_REPRESENTATION_CONTEXT() REPRESENTATION_CONTEXT('2D SPACE',''
  ) );
#10946 = ORIENTED_EDGE('',*,*,#10947,.F.);
#10947 = EDGE_CURVE('',#10844,#10920,#10948,.T.);
#10948 = SURFACE_CURVE('',#10949,(#10953,#10960),.PCURVE_S1.);
#10949 = LINE('',#10950,#10951);
#10950 = CARTESIAN_POINT('',(38.748247740962,5.835325915515,0.));
#10951 = VECTOR('',#10952,1.);
#10952 = DIRECTION('',(-1.,0.,0.));
#10953 = PCURVE('',#10859,#10954);
#10954 = DEFINITIONAL_REPRESENTATION('',(#10955),#10959);
#10955 = LINE('',#10956,#10957);
#10956 = CARTESIAN_POINT('',(0.,-0.));
#10957 = VECTOR('',#10958,1.);
#10958 = DIRECTION('',(1.,0.));
#10959 = ( GEOMETRIC_REPRESENTATION_CONTEXT(2) 
PARAMETRIC_REPRESENTATION_CONTEXT() REPRESENTATION_CONTEXT('2D SPACE',''
  ) );
#10960 = PCURVE('',#10320,#10961);
#10961 = DEFINITIONAL_REPRESENTATION('',(#10962),#10966);
#10962 = LINE('',#10963,#10964);
#10963 = CARTESIAN_POINT('',(4.42521069698,-2.03460008522));
#10964 = VECTOR('',#10965,1.);
#10965 = DIRECTION('',(-1.,0.));
#10966 = ( GEOMETRIC_REPRESENTATION_CONTEXT(2) 
PARAMETRIC_REPRESENTATION_CONTEXT() REPRESENTATION_CONTEXT('2D SPACE',''
  ) );
#10967 = ADVANCED_FACE('',(#10968),#10935,.F.);
#10968 = FACE_BOUND('',#10969,.F.);
#10969 = EDGE_LOOP('',(#10970,#10971,#10994,#11017));
#10970 = ORIENTED_EDGE('',*,*,#10919,.T.);
#10971 = ORIENTED_EDGE('',*,*,#10972,.T.);
#10972 = EDGE_CURVE('',#10897,#10973,#10975,.T.);
#10973 = VERTEX_POINT('',#10974);
#10974 = CARTESIAN_POINT('',(36.026875127161,12.967276854128,2.));
#10975 = SURFACE_CURVE('',#10976,(#10980,#10987),.PCURVE_S1.);
#10976 = LINE('',#10977,#10978);
#10977 = CARTESIAN_POINT('',(36.026875127161,5.835325915515,2.));
#10978 = VECTOR('',#10979,1.);
#10979 = DIRECTION('',(0.,1.,0.));
#10980 = PCURVE('',#10935,#10981);
#10981 = DEFINITIONAL_REPRESENTATION('',(#10982),#10986);
#10982 = LINE('',#10983,#10984);
#10983 = CARTESIAN_POINT('',(0.,-2.));
#10984 = VECTOR('',#10985,1.);
#10985 = DIRECTION('',(1.,0.));
#10986 = ( GEOMETRIC_REPRESENTATION_CONTEXT(2) 
PARAMETRIC_REPRESENTATION_CONTEXT() REPRESENTATION_CONTEXT('2D SPACE',''
  ) );
#10987 = PCURVE('',#10266,#10988);
#10988 = DEFINITIONAL_REPRESENTATION('',(#10989),#10993);
#10989 = LINE('',#10990,#10991);
#10990 = CARTESIAN_POINT('',(1.703838083179,-2.03460008522));
#10991 = VECTOR('',#10992,1.);
#10992 = DIRECTION('',(0.,1.));
#10993 = ( GEOMETRIC_REPRESENTATION_CONTEXT(2) 
PARAMETRIC_REPRESENTATION_CONTEXT() REPRESENTATION_CONTEXT('2D SPACE',''
  ) );
#10994 = ORIENTED_EDGE('',*,*,#10995,.F.);
#10995 = EDGE_CURVE('',#10996,#10973,#10998,.T.);
#10996 = VERTEX_POINT('',#10997);
#10997 = CARTESIAN_POINT('',(36.026875127161,12.967276854128,0.));
#10998 = SURFACE_CURVE('',#10999,(#11003,#11010),.PCURVE_S1.);
#10999 = LINE('',#11000,#11001);
#11000 = CARTESIAN_POINT('',(36.026875127161,12.967276854128,0.));
#11001 = VECTOR('',#11002,1.);
#11002 = DIRECTION('',(0.,0.,1.));
#11003 = PCURVE('',#10935,#11004);
#11004 = DEFINITIONAL_REPRESENTATION('',(#11005),#11009);
#11005 = LINE('',#11006,#11007);
#11006 = CARTESIAN_POINT('',(7.131950938614,0.));
#11007 = VECTOR('',#11008,1.);
#11008 = DIRECTION('',(0.,-1.));
#11009 = ( GEOMETRIC_REPRESENTATION_CONTEXT(2) 
PARAMETRIC_REPRESENTATION_CONTEXT() REPRESENTATION_CONTEXT('2D SPACE',''
  ) );
#11010 = PCURVE('',#10221,#11011);
#11011 = DEFINITIONAL_REPRESENTATION('',(#11012),#11016);
#11012 = LINE('',#11013,#11014);
#11013 = CARTESIAN_POINT('',(0.,0.));
#11014 = VECTOR('',#11015,1.);
#11015 = DIRECTION('',(0.,-1.));
#11016 = ( GEOMETRIC_REPRESENTATION_CONTEXT(2) 
PARAMETRIC_REPRESENTATION_CONTEXT() REPRESENTATION_CONTEXT('2D SPACE',''
  ) );
#11017 = ORIENTED_EDGE('',*,*,#11018,.F.);
#11018 = EDGE_CURVE('',#10920,#10996,#11019,.T.);
#11019 = SURFACE_CURVE('',#11020,(#11024,#11031),.PCURVE_S1.);
#11020 = LINE('',#11021,#11022);
#11021 = CARTESIAN_POINT('',(36.026875127161,5.835325915515,0.));
#11022 = VECTOR('',#11023,1.);
#11023 = DIRECTION('',(0.,1.,0.));
#11024 = PCURVE('',#10935,#11025);
#11025 = DEFINITIONAL_REPRESENTATION('',(#11026),#11030);
#11026 = LINE('',#11027,#11028);
#11027 = CARTESIAN_POINT('',(0.,0.));
#11028 = VECTOR('',#11029,1.);
#11029 = DIRECTION('',(1.,0.));
#11030 = ( GEOMETRIC_REPRESENTATION_CONTEXT(2) 
PARAMETRIC_REPRESENTATION_CONTEXT() REPRESENTATION_CONTEXT('2D SPACE',''
  ) );
#11031 = PCURVE('',#10320,#11032);
#11032 = DEFINITIONAL_REPRESENTATION('',(#11033),#11037);
#11033 = LINE('',#11034,#11035);
#11034 = CARTESIAN_POINT('',(1.703838083179,-2.03460008522));
#11035 = VECTOR('',#11036,1.);
#11036 = DIRECTION('',(0.,1.));
#11037 = ( GEOMETRIC_REPRESENTATION_CONTEXT(2) 
PARAMETRIC_REPRESENTATION_CONTEXT() REPRESENTATION_CONTEXT('2D SPACE',''
  ) );
#11038 = ADVANCED_FACE('',(#11039),#10221,.F.);
#11039 = FACE_BOUND('',#11040,.F.);
#11040 = EDGE_LOOP('',(#11041,#11042,#11093,#11094));
#11041 = ORIENTED_EDGE('',*,*,#10995,.T.);
#11042 = ORIENTED_EDGE('',*,*,#11043,.T.);
#11043 = EDGE_CURVE('',#10973,#10201,#11044,.T.);
#11044 = SURFACE_CURVE('',#11045,(#11064,#11071),.PCURVE_S1.);
#11045 = B_SPLINE_CURVE_WITH_KNOTS('',7,(#11046,#11047,#11048,#11049,
    #11050,#11051,#11052,#11053,#11054,#11055,#11056,#11057,#11058,
    #11059,#11060,#11061,#11062,#11063),.UNSPECIFIED.,.F.,.F.,(8,5,5,8),
  (0.,0.335730735397,0.671461470794,1.),.UNSPECIFIED.);
#11046 = CARTESIAN_POINT('',(36.026875127161,12.967276854128,2.));
#11047 = CARTESIAN_POINT('',(35.789730588514,12.966876018475,2.));
#11048 = CARTESIAN_POINT('',(35.541245294245,12.968864244981,2.));
#11049 = CARTESIAN_POINT('',(35.323766440378,12.96430674762,2.));
#11050 = CARTESIAN_POINT('',(35.056059745886,12.970362484135,2.));
#11051 = CARTESIAN_POINT('',(34.839666044403,12.965578326727,2.));
#11052 = CARTESIAN_POINT('',(34.342507456173,12.969585983578,2.));
#11053 = CARTESIAN_POINT('',(33.887178597473,12.964807303448,2.));
#11054 = CARTESIAN_POINT('',(33.598054894652,12.975297809065,2.));
#11055 = CARTESIAN_POINT('',(33.450245581611,12.956168375662,2.));
#11056 = CARTESIAN_POINT('',(33.122142260083,12.974856852474,2.));
#11057 = CARTESIAN_POINT('',(32.738485091989,12.956105846249,2.));
#11058 = CARTESIAN_POINT('',(32.149397891758,12.98024981569,2.));
#11059 = CARTESIAN_POINT('',(32.253659739134,12.909052406228,2.));
#11060 = CARTESIAN_POINT('',(31.237692677041,13.081260672508,2.));
#11061 = CARTESIAN_POINT('',(32.021664134357,12.836481991769,2.));
#11062 = CARTESIAN_POINT('',(31.005854238085,13.062981197889,2.));
#11063 = CARTESIAN_POINT('',(31.053091348927,12.920937652244,2.));
#11064 = PCURVE('',#10221,#11065);
#11065 = DEFINITIONAL_REPRESENTATION('',(#11066),#11070);
#11066 = LINE('',#11067,#11068);
#11067 = CARTESIAN_POINT('',(0.,-2.));
#11068 = VECTOR('',#11069,1.);
#11069 = DIRECTION('',(1.,0.));
#11070 = ( GEOMETRIC_REPRESENTATION_CONTEXT(2) 
PARAMETRIC_REPRESENTATION_CONTEXT() REPRESENTATION_CONTEXT('2D SPACE',''
  ) );
#11071 = PCURVE('',#10266,#11072);
#11072 = DEFINITIONAL_REPRESENTATION('',(#11073),#11092);
#11073 = B_SPLINE_CURVE_WITH_KNOTS('',7,(#11074,#11075,#11076,#11077,
    #11078,#11079,#11080,#11081,#11082,#11083,#11084,#11085,#11086,
    #11087,#11088,#11089,#11090,#11091),.UNSPECIFIED.,.F.,.F.,(8,5,5,8),
  (0.,0.335730735397,0.671461470794,1.),.UNSPECIFIED.);
#11074 = CARTESIAN_POINT('',(1.703838083179,5.097350853393));
#11075 = CARTESIAN_POINT('',(1.466693544531,5.096950017741));
#11076 = CARTESIAN_POINT('',(1.218208250263,5.098938244246));
#11077 = CARTESIAN_POINT('',(1.000729396395,5.094380746885));
#11078 = CARTESIAN_POINT('',(0.733022701904,5.1004364834));
#11079 = CARTESIAN_POINT('',(0.516629000421,5.095652325992));
#11080 = CARTESIAN_POINT('',(1.947041219017E-02,5.099659982843));
#11081 = CARTESIAN_POINT('',(-0.435858446509,5.094881302713));
#11082 = CARTESIAN_POINT('',(-0.724982149331,5.105371808331));
#11083 = CARTESIAN_POINT('',(-0.872791462371,5.086242374927));
#11084 = CARTESIAN_POINT('',(-1.2008947839,5.104930851739));
#11085 = CARTESIAN_POINT('',(-1.584551951993,5.086179845514));
#11086 = CARTESIAN_POINT('',(-2.173639152224,5.110323814955));
#11087 = CARTESIAN_POINT('',(-2.069377304848,5.039126405493));
#11088 = CARTESIAN_POINT('',(-3.085344366942,5.211334671773));
#11089 = CARTESIAN_POINT('',(-2.301372909625,4.966555991034));
#11090 = CARTESIAN_POINT('',(-3.317182805897,5.193055197154));
#11091 = CARTESIAN_POINT('',(-3.269945695056,5.051011651509));
#11092 = ( GEOMETRIC_REPRESENTATION_CONTEXT(2) 
PARAMETRIC_REPRESENTATION_CONTEXT() REPRESENTATION_CONTEXT('2D SPACE',''
  ) );
#11093 = ORIENTED_EDGE('',*,*,#10198,.F.);
#11094 = ORIENTED_EDGE('',*,*,#11095,.F.);
#11095 = EDGE_CURVE('',#10996,#10199,#11096,.T.);
#11096 = SURFACE_CURVE('',#11097,(#11116,#11123),.PCURVE_S1.);
#11097 = B_SPLINE_CURVE_WITH_KNOTS('',7,(#11098,#11099,#11100,#11101,
    #11102,#11103,#11104,#11105,#11106,#11107,#11108,#11109,#11110,
    #11111,#11112,#11113,#11114,#11115),.UNSPECIFIED.,.F.,.F.,(8,5,5,8),
  (0.,0.335730735397,0.671461470794,1.),.UNSPECIFIED.);
#11098 = CARTESIAN_POINT('',(36.026875127161,12.967276854128,0.));
#11099 = CARTESIAN_POINT('',(35.789730588514,12.966876018475,0.));
#11100 = CARTESIAN_POINT('',(35.541245294245,12.968864244981,0.));
#11101 = CARTESIAN_POINT('',(35.323766440378,12.96430674762,0.));
#11102 = CARTESIAN_POINT('',(35.056059745886,12.970362484135,0.));
#11103 = CARTESIAN_POINT('',(34.839666044403,12.965578326727,0.));
#11104 = CARTESIAN_POINT('',(34.342507456173,12.969585983578,0.));
#11105 = CARTESIAN_POINT('',(33.887178597473,12.964807303448,0.));
#11106 = CARTESIAN_POINT('',(33.598054894652,12.975297809065,0.));
#11107 = CARTESIAN_POINT('',(33.450245581611,12.956168375662,0.));
#11108 = CARTESIAN_POINT('',(33.122142260083,12.974856852474,0.));
#11109 = CARTESIAN_POINT('',(32.738485091989,12.956105846249,0.));
#11110 = CARTESIAN_POINT('',(32.149397891758,12.98024981569,0.));
#11111 = CARTESIAN_POINT('',(32.253659739134,12.909052406228,0.));
#11112 = CARTESIAN_POINT('',(31.237692677041,13.081260672508,0.));
#11113 = CARTESIAN_POINT('',(32.021664134357,12.836481991769,0.));
#11114 = CARTESIAN_POINT('',(31.005854238085,13.062981197889,0.));
#11115 = CARTESIAN_POINT('',(31.053091348927,12.920937652244,0.));
#11116 = PCURVE('',#10221,#11117);
#11117 = DEFINITIONAL_REPRESENTATION('',(#11118),#11122);
#11118 = LINE('',#11119,#11120);
#11119 = CARTESIAN_POINT('',(0.,0.));
#11120 = VECTOR('',#11121,1.);
#11121 = DIRECTION('',(1.,0.));
#11122 = ( GEOMETRIC_REPRESENTATION_CONTEXT(2) 
PARAMETRIC_REPRESENTATION_CONTEXT() REPRESENTATION_CONTEXT('2D SPACE',''
  ) );
#11123 = PCURVE('',#10320,#11124);
#11124 = DEFINITIONAL_REPRESENTATION('',(#11125),#11144);
#11125 = B_SPLINE_CURVE_WITH_KNOTS('',7,(#11126,#11127,#11128,#11129,
    #11130,#11131,#11132,#11133,#11134,#11135,#11136,#11137,#11138,
    #11139,#11140,#11141,#11142,#11143),.UNSPECIFIED.,.F.,.F.,(8,5,5,8),
  (0.,0.335730735397,0.671461470794,1.),.UNSPECIFIED.);
#11126 = CARTESIAN_POINT('',(1.703838083179,5.097350853393));
#11127 = CARTESIAN_POINT('',(1.466693544531,5.096950017741));
#11128 = CARTESIAN_POINT('',(1.218208250263,5.098938244246));
#11129 = CARTESIAN_POINT('',(1.000729396395,5.094380746885));
#11130 = CARTESIAN_POINT('',(0.733022701904,5.1004364834));
#11131 = CARTESIAN_POINT('',(0.516629000421,5.095652325992));
#11132 = CARTESIAN_POINT('',(1.947041219017E-02,5.099659982843));
#11133 = CARTESIAN_POINT('',(-0.435858446509,5.094881302713));
#11134 = CARTESIAN_POINT('',(-0.724982149331,5.105371808331));
#11135 = CARTESIAN_POINT('',(-0.872791462371,5.086242374927));
#11136 = CARTESIAN_POINT('',(-1.2008947839,5.104930851739));
#11137 = CARTESIAN_POINT('',(-1.584551951993,5.086179845514));
#11138 = CARTESIAN_POINT('',(-2.173639152224,5.110323814955));
#11139 = CARTESIAN_POINT('',(-2.069377304848,5.039126405493));
#11140 = CARTESIAN_POINT('',(-3.085344366942,5.211334671773));
#11141 = CARTESIAN_POINT('',(-2.301372909625,4.966555991034));
#11142 = CARTESIAN_POINT('',(-3.317182805897,5.193055197154));
#11143 = CARTESIAN_POINT('',(-3.269945695056,5.051011651509));
#11144 = ( GEOMETRIC_REPRESENTATION_CONTEXT(2) 
PARAMETRIC_REPRESENTATION_CONTEXT() REPRESENTATION_CONTEXT('2D SPACE',''
  ) );
#11145 = ADVANCED_FACE('',(#11146),#10320,.F.);
#11146 = FACE_BOUND('',#11147,.F.);
#11147 = EDGE_LOOP('',(#11148,#11149,#11150,#11151,#11152,#11153,#11154,
    #11155,#11156,#11157));
#11148 = ORIENTED_EDGE('',*,*,#10306,.T.);
#11149 = ORIENTED_EDGE('',*,*,#10387,.T.);
#11150 = ORIENTED_EDGE('',*,*,#10463,.T.);
#11151 = ORIENTED_EDGE('',*,*,#10546,.T.);
#11152 = ORIENTED_EDGE('',*,*,#10649,.T.);
#11153 = ORIENTED_EDGE('',*,*,#10765,.T.);
#11154 = ORIENTED_EDGE('',*,*,#10871,.T.);
#11155 = ORIENTED_EDGE('',*,*,#10947,.T.);
#11156 = ORIENTED_EDGE('',*,*,#11018,.T.);
#11157 = ORIENTED_EDGE('',*,*,#11095,.T.);
#11158 = ADVANCED_FACE('',(#11159),#10266,.T.);
#11159 = FACE_BOUND('',#11160,.T.);
#11160 = EDGE_LOOP('',(#11161,#11162,#11163,#11164,#11165,#11166,#11167,
    #11168,#11169,#11170));
#11161 = ORIENTED_EDGE('',*,*,#10250,.T.);
#11162 = ORIENTED_EDGE('',*,*,#10336,.T.);
#11163 = ORIENTED_EDGE('',*,*,#10412,.T.);
#11164 = ORIENTED_EDGE('',*,*,#10488,.T.);
#11165 = ORIENTED_EDGE('',*,*,#10571,.T.);
#11166 = ORIENTED_EDGE('',*,*,#10684,.T.);
#11167 = ORIENTED_EDGE('',*,*,#10820,.T.);
#11168 = ORIENTED_EDGE('',*,*,#10896,.T.);
#11169 = ORIENTED_EDGE('',*,*,#10972,.T.);
#11170 = ORIENTED_EDGE('',*,*,#11043,.T.);
#11171 = MANIFOLD_SOLID_BREP('',#11172);
#11172 = CLOSED_SHELL('',(#11173,#11318,#11401,#11452,#11458));
#11173 = ADVANCED_FACE('',(#11174),#11188,.F.);
#11174 = FACE_BOUND('',#11175,.F.);
#11175 = EDGE_LOOP('',(#11176,#11219,#11253,#11286));
#11176 = ORIENTED_EDGE('',*,*,#11177,.T.);
#11177 = EDGE_CURVE('',#11178,#11180,#11182,.T.);
#11178 = VERTEX_POINT('',#11179);
#11179 = CARTESIAN_POINT('',(35.181764115769,14.297060440542,0.));
#11180 = VERTEX_POINT('',#11181);
#11181 = CARTESIAN_POINT('',(35.181764115769,14.297060440542,2.));
#11182 = SURFACE_CURVE('',#11183,(#11187,#11204),.PCURVE_S1.);
#11183 = LINE('',#11184,#11185);
#11184 = CARTESIAN_POINT('',(35.181764115769,14.297060440542,0.));
#11185 = VECTOR('',#11186,1.);
#11186 = DIRECTION('',(0.,0.,1.));
#11187 = PCURVE('',#11188,#11198);
#11188 = SURFACE_OF_LINEAR_EXTRUSION('',#11189,#11196);
#11189 = B_SPLINE_CURVE_WITH_KNOTS('',5,(#11190,#11191,#11192,#11193,
    #11194,#11195),.UNSPECIFIED.,.F.,.F.,(6,6),(0.,1.),
  .PIECEWISE_BEZIER_KNOTS.);
#11190 = CARTESIAN_POINT('',(35.181764115769,14.297060440542,0.));
#11191 = CARTESIAN_POINT('',(35.740705361502,14.392918130101,0.));
#11192 = CARTESIAN_POINT('',(36.344431628301,14.825884384685,0.));
#11193 = CARTESIAN_POINT('',(36.397136837727,15.505790471515,0.));
#11194 = CARTESIAN_POINT('',(36.355033962089,16.152117409883,0.));
#11195 = CARTESIAN_POINT('',(35.952939405154,16.594470014204,0.));
#11196 = VECTOR('',#11197,1.);
#11197 = DIRECTION('',(-0.,-0.,-1.));
#11198 = DEFINITIONAL_REPRESENTATION('',(#11199),#11203);
#11199 = LINE('',#11200,#11201);
#11200 = CARTESIAN_POINT('',(0.,0.));
#11201 = VECTOR('',#11202,1.);
#11202 = DIRECTION('',(0.,-1.));
#11203 = ( GEOMETRIC_REPRESENTATION_CONTEXT(2) 
PARAMETRIC_REPRESENTATION_CONTEXT() REPRESENTATION_CONTEXT('2D SPACE',''
  ) );
#11204 = PCURVE('',#11205,#11213);
#11205 = SURFACE_OF_LINEAR_EXTRUSION('',#11206,#11211);
#11206 = B_SPLINE_CURVE_WITH_KNOTS('',3,(#11207,#11208,#11209,#11210),
  .UNSPECIFIED.,.F.,.F.,(4,4),(0.,1.),.PIECEWISE_BEZIER_KNOTS.);
#11207 = CARTESIAN_POINT('',(33.569676006287,16.130806775257,0.));
#11208 = CARTESIAN_POINT('',(33.255819071691,15.035550389312,0.));
#11209 = CARTESIAN_POINT('',(34.043985502245,14.103035563215,0.));
#11210 = CARTESIAN_POINT('',(35.181764115769,14.297060440542,0.));
#11211 = VECTOR('',#11212,1.);
#11212 = DIRECTION('',(-0.,-0.,-1.));
#11213 = DEFINITIONAL_REPRESENTATION('',(#11214),#11218);
#11214 = LINE('',#11215,#11216);
#11215 = CARTESIAN_POINT('',(1.,0.));
#11216 = VECTOR('',#11217,1.);
#11217 = DIRECTION('',(0.,-1.));
#11218 = ( GEOMETRIC_REPRESENTATION_CONTEXT(2) 
PARAMETRIC_REPRESENTATION_CONTEXT() REPRESENTATION_CONTEXT('2D SPACE',''
  ) );
#11219 = ORIENTED_EDGE('',*,*,#11220,.T.);
#11220 = EDGE_CURVE('',#11180,#11221,#11223,.T.);
#11221 = VERTEX_POINT('',#11222);
#11222 = CARTESIAN_POINT('',(35.952939405154,16.594470014204,2.));
#11223 = SURFACE_CURVE('',#11224,(#11231,#11238),.PCURVE_S1.);
#11224 = B_SPLINE_CURVE_WITH_KNOTS('',5,(#11225,#11226,#11227,#11228,
    #11229,#11230),.UNSPECIFIED.,.F.,.F.,(6,6),(0.,1.),
  .PIECEWISE_BEZIER_KNOTS.);
#11225 = CARTESIAN_POINT('',(35.181764115769,14.297060440542,2.));
#11226 = CARTESIAN_POINT('',(35.740705361502,14.392918130101,2.));
#11227 = CARTESIAN_POINT('',(36.344431628301,14.825884384685,2.));
#11228 = CARTESIAN_POINT('',(36.397136837727,15.505790471515,2.));
#11229 = CARTESIAN_POINT('',(36.355033962089,16.152117409883,2.));
#11230 = CARTESIAN_POINT('',(35.952939405154,16.594470014204,2.));
#11231 = PCURVE('',#11188,#11232);
#11232 = DEFINITIONAL_REPRESENTATION('',(#11233),#11237);
#11233 = LINE('',#11234,#11235);
#11234 = CARTESIAN_POINT('',(0.,-2.));
#11235 = VECTOR('',#11236,1.);
#11236 = DIRECTION('',(1.,0.));
#11237 = ( GEOMETRIC_REPRESENTATION_CONTEXT(2) 
PARAMETRIC_REPRESENTATION_CONTEXT() REPRESENTATION_CONTEXT('2D SPACE',''
  ) );
#11238 = PCURVE('',#11239,#11244);
#11239 = PLANE('',#11240);
#11240 = AXIS2_PLACEMENT_3D('',#11241,#11242,#11243);
#11241 = CARTESIAN_POINT('',(34.902780142363,15.67292541291,2.));
#11242 = DIRECTION('',(0.,0.,1.));
#11243 = DIRECTION('',(1.,0.,-0.));
#11244 = DEFINITIONAL_REPRESENTATION('',(#11245),#11252);
#11245 = B_SPLINE_CURVE_WITH_KNOTS('',5,(#11246,#11247,#11248,#11249,
    #11250,#11251),.UNSPECIFIED.,.F.,.F.,(6,6),(0.,1.),
  .PIECEWISE_BEZIER_KNOTS.);
#11246 = CARTESIAN_POINT('',(0.278983973406,-1.375864972368));
#11247 = CARTESIAN_POINT('',(0.837925219138,-1.280007282809));
#11248 = CARTESIAN_POINT('',(1.441651485938,-0.847041028225));
#11249 = CARTESIAN_POINT('',(1.494356695364,-0.167134941395));
#11250 = CARTESIAN_POINT('',(1.452253819726,0.479191996973));
#11251 = CARTESIAN_POINT('',(1.05015926279,0.921544601294));
#11252 = ( GEOMETRIC_REPRESENTATION_CONTEXT(2) 
PARAMETRIC_REPRESENTATION_CONTEXT() REPRESENTATION_CONTEXT('2D SPACE',''
  ) );
#11253 = ORIENTED_EDGE('',*,*,#11254,.F.);
#11254 = EDGE_CURVE('',#11255,#11221,#11257,.T.);
#11255 = VERTEX_POINT('',#11256);
#11256 = CARTESIAN_POINT('',(35.952939405154,16.594470014204,0.));
#11257 = SURFACE_CURVE('',#11258,(#11262,#11269),.PCURVE_S1.);
#11258 = LINE('',#11259,#11260);
#11259 = CARTESIAN_POINT('',(35.952939405154,16.594470014204,0.));
#11260 = VECTOR('',#11261,1.);
#11261 = DIRECTION('',(0.,0.,1.));
#11262 = PCURVE('',#11188,#11263);
#11263 = DEFINITIONAL_REPRESENTATION('',(#11264),#11268);
#11264 = LINE('',#11265,#11266);
#11265 = CARTESIAN_POINT('',(1.,0.));
#11266 = VECTOR('',#11267,1.);
#11267 = DIRECTION('',(0.,-1.));
#11268 = ( GEOMETRIC_REPRESENTATION_CONTEXT(2) 
PARAMETRIC_REPRESENTATION_CONTEXT() REPRESENTATION_CONTEXT('2D SPACE',''
  ) );
#11269 = PCURVE('',#11270,#11280);
#11270 = SURFACE_OF_LINEAR_EXTRUSION('',#11271,#11278);
#11271 = B_SPLINE_CURVE_WITH_KNOTS('',5,(#11272,#11273,#11274,#11275,
    #11276,#11277),.UNSPECIFIED.,.F.,.F.,(6,6),(0.,1.),
  .PIECEWISE_BEZIER_KNOTS.);
#11272 = CARTESIAN_POINT('',(35.952939405154,16.594470014204,0.));
#11273 = CARTESIAN_POINT('',(35.552451038286,17.064514540914,0.));
#11274 = CARTESIAN_POINT('',(34.978335725894,17.18074364819,0.));
#11275 = CARTESIAN_POINT('',(34.213965245774,17.176945296167,0.));
#11276 = CARTESIAN_POINT('',(33.756018230214,16.685760659522,0.));
#11277 = CARTESIAN_POINT('',(33.569676006287,16.130806775257,0.));
#11278 = VECTOR('',#11279,1.);
#11279 = DIRECTION('',(-0.,-0.,-1.));
#11280 = DEFINITIONAL_REPRESENTATION('',(#11281),#11285);
#11281 = LINE('',#11282,#11283);
#11282 = CARTESIAN_POINT('',(0.,0.));
#11283 = VECTOR('',#11284,1.);
#11284 = DIRECTION('',(0.,-1.));
#11285 = ( GEOMETRIC_REPRESENTATION_CONTEXT(2) 
PARAMETRIC_REPRESENTATION_CONTEXT() REPRESENTATION_CONTEXT('2D SPACE',''
  ) );
#11286 = ORIENTED_EDGE('',*,*,#11287,.F.);
#11287 = EDGE_CURVE('',#11178,#11255,#11288,.T.);
#11288 = SURFACE_CURVE('',#11289,(#11296,#11303),.PCURVE_S1.);
#11289 = B_SPLINE_CURVE_WITH_KNOTS('',5,(#11290,#11291,#11292,#11293,
    #11294,#11295),.UNSPECIFIED.,.F.,.F.,(6,6),(0.,1.),
  .PIECEWISE_BEZIER_KNOTS.);
#11290 = CARTESIAN_POINT('',(35.181764115769,14.297060440542,0.));
#11291 = CARTESIAN_POINT('',(35.740705361502,14.392918130101,0.));
#11292 = CARTESIAN_POINT('',(36.344431628301,14.825884384685,0.));
#11293 = CARTESIAN_POINT('',(36.397136837727,15.505790471515,0.));
#11294 = CARTESIAN_POINT('',(36.355033962089,16.152117409883,0.));
#11295 = CARTESIAN_POINT('',(35.952939405154,16.594470014204,0.));
#11296 = PCURVE('',#11188,#11297);
#11297 = DEFINITIONAL_REPRESENTATION('',(#11298),#11302);
#11298 = LINE('',#11299,#11300);
#11299 = CARTESIAN_POINT('',(0.,0.));
#11300 = VECTOR('',#11301,1.);
#11301 = DIRECTION('',(1.,0.));
#11302 = ( GEOMETRIC_REPRESENTATION_CONTEXT(2) 
PARAMETRIC_REPRESENTATION_CONTEXT() REPRESENTATION_CONTEXT('2D SPACE',''
  ) );
#11303 = PCURVE('',#11304,#11309);
#11304 = PLANE('',#11305);
#11305 = AXIS2_PLACEMENT_3D('',#11306,#11307,#11308);
#11306 = CARTESIAN_POINT('',(34.902780142363,15.67292541291,0.));
#11307 = DIRECTION('',(0.,0.,1.));
#11308 = DIRECTION('',(1.,0.,-0.));
#11309 = DEFINITIONAL_REPRESENTATION('',(#11310),#11317);
#11310 = B_SPLINE_CURVE_WITH_KNOTS('',5,(#11311,#11312,#11313,#11314,
    #11315,#11316),.UNSPECIFIED.,.F.,.F.,(6,6),(0.,1.),
  .PIECEWISE_BEZIER_KNOTS.);
#11311 = CARTESIAN_POINT('',(0.278983973406,-1.375864972368));
#11312 = CARTESIAN_POINT('',(0.837925219138,-1.280007282809));
#11313 = CARTESIAN_POINT('',(1.441651485938,-0.847041028225));
#11314 = CARTESIAN_POINT('',(1.494356695364,-0.167134941395));
#11315 = CARTESIAN_POINT('',(1.452253819726,0.479191996973));
#11316 = CARTESIAN_POINT('',(1.05015926279,0.921544601294));
#11317 = ( GEOMETRIC_REPRESENTATION_CONTEXT(2) 
PARAMETRIC_REPRESENTATION_CONTEXT() REPRESENTATION_CONTEXT('2D SPACE',''
  ) );
#11318 = ADVANCED_FACE('',(#11319),#11270,.F.);
#11319 = FACE_BOUND('',#11320,.F.);
#11320 = EDGE_LOOP('',(#11321,#11322,#11351,#11374));
#11321 = ORIENTED_EDGE('',*,*,#11254,.T.);
#11322 = ORIENTED_EDGE('',*,*,#11323,.T.);
#11323 = EDGE_CURVE('',#11221,#11324,#11326,.T.);
#11324 = VERTEX_POINT('',#11325);
#11325 = CARTESIAN_POINT('',(33.569676006287,16.130806775257,2.));
#11326 = SURFACE_CURVE('',#11327,(#11334,#11341),.PCURVE_S1.);
#11327 = B_SPLINE_CURVE_WITH_KNOTS('',5,(#11328,#11329,#11330,#11331,
    #11332,#11333),.UNSPECIFIED.,.F.,.F.,(6,6),(0.,1.),
  .PIECEWISE_BEZIER_KNOTS.);
#11328 = CARTESIAN_POINT('',(35.952939405154,16.594470014204,2.));
#11329 = CARTESIAN_POINT('',(35.552451038286,17.064514540914,2.));
#11330 = CARTESIAN_POINT('',(34.978335725894,17.18074364819,2.));
#11331 = CARTESIAN_POINT('',(34.213965245774,17.176945296167,2.));
#11332 = CARTESIAN_POINT('',(33.756018230214,16.685760659522,2.));
#11333 = CARTESIAN_POINT('',(33.569676006287,16.130806775257,2.));
#11334 = PCURVE('',#11270,#11335);
#11335 = DEFINITIONAL_REPRESENTATION('',(#11336),#11340);
#11336 = LINE('',#11337,#11338);
#11337 = CARTESIAN_POINT('',(0.,-2.));
#11338 = VECTOR('',#11339,1.);
#11339 = DIRECTION('',(1.,0.));
#11340 = ( GEOMETRIC_REPRESENTATION_CONTEXT(2) 
PARAMETRIC_REPRESENTATION_CONTEXT() REPRESENTATION_CONTEXT('2D SPACE',''
  ) );
#11341 = PCURVE('',#11239,#11342);
#11342 = DEFINITIONAL_REPRESENTATION('',(#11343),#11350);
#11343 = B_SPLINE_CURVE_WITH_KNOTS('',5,(#11344,#11345,#11346,#11347,
    #11348,#11349),.UNSPECIFIED.,.F.,.F.,(6,6),(0.,1.),
  .PIECEWISE_BEZIER_KNOTS.);
#11344 = CARTESIAN_POINT('',(1.05015926279,0.921544601294));
#11345 = CARTESIAN_POINT('',(0.649670895923,1.391589128004));
#11346 = CARTESIAN_POINT('',(7.555558353078E-02,1.50781823528));
#11347 = CARTESIAN_POINT('',(-0.68881489659,1.504019883257));
#11348 = CARTESIAN_POINT('',(-1.146761912149,1.012835246612));
#11349 = CARTESIAN_POINT('',(-1.333104136076,0.457881362347));
#11350 = ( GEOMETRIC_REPRESENTATION_CONTEXT(2) 
PARAMETRIC_REPRESENTATION_CONTEXT() REPRESENTATION_CONTEXT('2D SPACE',''
  ) );
#11351 = ORIENTED_EDGE('',*,*,#11352,.F.);
#11352 = EDGE_CURVE('',#11353,#11324,#11355,.T.);
#11353 = VERTEX_POINT('',#11354);
#11354 = CARTESIAN_POINT('',(33.569676006287,16.130806775257,0.));
#11355 = SURFACE_CURVE('',#11356,(#11360,#11367),.PCURVE_S1.);
#11356 = LINE('',#11357,#11358);
#11357 = CARTESIAN_POINT('',(33.569676006287,16.130806775257,0.));
#11358 = VECTOR('',#11359,1.);
#11359 = DIRECTION('',(0.,0.,1.));
#11360 = PCURVE('',#11270,#11361);
#11361 = DEFINITIONAL_REPRESENTATION('',(#11362),#11366);
#11362 = LINE('',#11363,#11364);
#11363 = CARTESIAN_POINT('',(1.,0.));
#11364 = VECTOR('',#11365,1.);
#11365 = DIRECTION('',(0.,-1.));
#11366 = ( GEOMETRIC_REPRESENTATION_CONTEXT(2) 
PARAMETRIC_REPRESENTATION_CONTEXT() REPRESENTATION_CONTEXT('2D SPACE',''
  ) );
#11367 = PCURVE('',#11205,#11368);
#11368 = DEFINITIONAL_REPRESENTATION('',(#11369),#11373);
#11369 = LINE('',#11370,#11371);
#11370 = CARTESIAN_POINT('',(0.,0.));
#11371 = VECTOR('',#11372,1.);
#11372 = DIRECTION('',(0.,-1.));
#11373 = ( GEOMETRIC_REPRESENTATION_CONTEXT(2) 
PARAMETRIC_REPRESENTATION_CONTEXT() REPRESENTATION_CONTEXT('2D SPACE',''
  ) );
#11374 = ORIENTED_EDGE('',*,*,#11375,.F.);
#11375 = EDGE_CURVE('',#11255,#11353,#11376,.T.);
#11376 = SURFACE_CURVE('',#11377,(#11384,#11391),.PCURVE_S1.);
#11377 = B_SPLINE_CURVE_WITH_KNOTS('',5,(#11378,#11379,#11380,#11381,
    #11382,#11383),.UNSPECIFIED.,.F.,.F.,(6,6),(0.,1.),
  .PIECEWISE_BEZIER_KNOTS.);
#11378 = CARTESIAN_POINT('',(35.952939405154,16.594470014204,0.));
#11379 = CARTESIAN_POINT('',(35.552451038286,17.064514540914,0.));
#11380 = CARTESIAN_POINT('',(34.978335725894,17.18074364819,0.));
#11381 = CARTESIAN_POINT('',(34.213965245774,17.176945296167,0.));
#11382 = CARTESIAN_POINT('',(33.756018230214,16.685760659522,0.));
#11383 = CARTESIAN_POINT('',(33.569676006287,16.130806775257,0.));
#11384 = PCURVE('',#11270,#11385);
#11385 = DEFINITIONAL_REPRESENTATION('',(#11386),#11390);
#11386 = LINE('',#11387,#11388);
#11387 = CARTESIAN_POINT('',(0.,0.));
#11388 = VECTOR('',#11389,1.);
#11389 = DIRECTION('',(1.,0.));
#11390 = ( GEOMETRIC_REPRESENTATION_CONTEXT(2) 
PARAMETRIC_REPRESENTATION_CONTEXT() REPRESENTATION_CONTEXT('2D SPACE',''
  ) );
#11391 = PCURVE('',#11304,#11392);
#11392 = DEFINITIONAL_REPRESENTATION('',(#11393),#11400);
#11393 = B_SPLINE_CURVE_WITH_KNOTS('',5,(#11394,#11395,#11396,#11397,
    #11398,#11399),.UNSPECIFIED.,.F.,.F.,(6,6),(0.,1.),
  .PIECEWISE_BEZIER_KNOTS.);
#11394 = CARTESIAN_POINT('',(1.05015926279,0.921544601294));
#11395 = CARTESIAN_POINT('',(0.649670895923,1.391589128004));
#11396 = CARTESIAN_POINT('',(7.555558353078E-02,1.50781823528));
#11397 = CARTESIAN_POINT('',(-0.68881489659,1.504019883257));
#11398 = CARTESIAN_POINT('',(-1.146761912149,1.012835246612));
#11399 = CARTESIAN_POINT('',(-1.333104136076,0.457881362347));
#11400 = ( GEOMETRIC_REPRESENTATION_CONTEXT(2) 
PARAMETRIC_REPRESENTATION_CONTEXT() REPRESENTATION_CONTEXT('2D SPACE',''
  ) );
#11401 = ADVANCED_FACE('',(#11402),#11205,.F.);
#11402 = FACE_BOUND('',#11403,.F.);
#11403 = EDGE_LOOP('',(#11404,#11405,#11428,#11429));
#11404 = ORIENTED_EDGE('',*,*,#11352,.T.);
#11405 = ORIENTED_EDGE('',*,*,#11406,.T.);
#11406 = EDGE_CURVE('',#11324,#11180,#11407,.T.);
#11407 = SURFACE_CURVE('',#11408,(#11413,#11420),.PCURVE_S1.);
#11408 = B_SPLINE_CURVE_WITH_KNOTS('',3,(#11409,#11410,#11411,#11412),
  .UNSPECIFIED.,.F.,.F.,(4,4),(0.,1.),.PIECEWISE_BEZIER_KNOTS.);
#11409 = CARTESIAN_POINT('',(33.569676006287,16.130806775257,2.));
#11410 = CARTESIAN_POINT('',(33.255819071691,15.035550389312,2.));
#11411 = CARTESIAN_POINT('',(34.043985502245,14.103035563215,2.));
#11412 = CARTESIAN_POINT('',(35.181764115769,14.297060440542,2.));
#11413 = PCURVE('',#11205,#11414);
#11414 = DEFINITIONAL_REPRESENTATION('',(#11415),#11419);
#11415 = LINE('',#11416,#11417);
#11416 = CARTESIAN_POINT('',(0.,-2.));
#11417 = VECTOR('',#11418,1.);
#11418 = DIRECTION('',(1.,0.));
#11419 = ( GEOMETRIC_REPRESENTATION_CONTEXT(2) 
PARAMETRIC_REPRESENTATION_CONTEXT() REPRESENTATION_CONTEXT('2D SPACE',''
  ) );
#11420 = PCURVE('',#11239,#11421);
#11421 = DEFINITIONAL_REPRESENTATION('',(#11422),#11427);
#11422 = B_SPLINE_CURVE_WITH_KNOTS('',3,(#11423,#11424,#11425,#11426),
  .UNSPECIFIED.,.F.,.F.,(4,4),(0.,1.),.PIECEWISE_BEZIER_KNOTS.);
#11423 = CARTESIAN_POINT('',(-1.333104136076,0.457881362347));
#11424 = CARTESIAN_POINT('',(-1.646961070672,-0.637375023597));
#11425 = CARTESIAN_POINT('',(-0.858794640119,-1.569889849695));
#11426 = CARTESIAN_POINT('',(0.278983973406,-1.375864972368));
#11427 = ( GEOMETRIC_REPRESENTATION_CONTEXT(2) 
PARAMETRIC_REPRESENTATION_CONTEXT() REPRESENTATION_CONTEXT('2D SPACE',''
  ) );
#11428 = ORIENTED_EDGE('',*,*,#11177,.F.);
#11429 = ORIENTED_EDGE('',*,*,#11430,.F.);
#11430 = EDGE_CURVE('',#11353,#11178,#11431,.T.);
#11431 = SURFACE_CURVE('',#11432,(#11437,#11444),.PCURVE_S1.);
#11432 = B_SPLINE_CURVE_WITH_KNOTS('',3,(#11433,#11434,#11435,#11436),
  .UNSPECIFIED.,.F.,.F.,(4,4),(0.,1.),.PIECEWISE_BEZIER_KNOTS.);
#11433 = CARTESIAN_POINT('',(33.569676006287,16.130806775257,0.));
#11434 = CARTESIAN_POINT('',(33.255819071691,15.035550389312,0.));
#11435 = CARTESIAN_POINT('',(34.043985502245,14.103035563215,0.));
#11436 = CARTESIAN_POINT('',(35.181764115769,14.297060440542,0.));
#11437 = PCURVE('',#11205,#11438);
#11438 = DEFINITIONAL_REPRESENTATION('',(#11439),#11443);
#11439 = LINE('',#11440,#11441);
#11440 = CARTESIAN_POINT('',(0.,0.));
#11441 = VECTOR('',#11442,1.);
#11442 = DIRECTION('',(1.,0.));
#11443 = ( GEOMETRIC_REPRESENTATION_CONTEXT(2) 
PARAMETRIC_REPRESENTATION_CONTEXT() REPRESENTATION_CONTEXT('2D SPACE',''
  ) );
#11444 = PCURVE('',#11304,#11445);
#11445 = DEFINITIONAL_REPRESENTATION('',(#11446),#11451);
#11446 = B_SPLINE_CURVE_WITH_KNOTS('',3,(#11447,#11448,#11449,#11450),
  .UNSPECIFIED.,.F.,.F.,(4,4),(0.,1.),.PIECEWISE_BEZIER_KNOTS.);
#11447 = CARTESIAN_POINT('',(-1.333104136076,0.457881362347));
#11448 = CARTESIAN_POINT('',(-1.646961070672,-0.637375023597));
#11449 = CARTESIAN_POINT('',(-0.858794640119,-1.569889849695));
#11450 = CARTESIAN_POINT('',(0.278983973406,-1.375864972368));
#11451 = ( GEOMETRIC_REPRESENTATION_CONTEXT(2) 
PARAMETRIC_REPRESENTATION_CONTEXT() REPRESENTATION_CONTEXT('2D SPACE',''
  ) );
#11452 = ADVANCED_FACE('',(#11453),#11304,.F.);
#11453 = FACE_BOUND('',#11454,.F.);
#11454 = EDGE_LOOP('',(#11455,#11456,#11457));
#11455 = ORIENTED_EDGE('',*,*,#11287,.T.);
#11456 = ORIENTED_EDGE('',*,*,#11375,.T.);
#11457 = ORIENTED_EDGE('',*,*,#11430,.T.);
#11458 = ADVANCED_FACE('',(#11459),#11239,.T.);
#11459 = FACE_BOUND('',#11460,.T.);
#11460 = EDGE_LOOP('',(#11461,#11462,#11463));
#11461 = ORIENTED_EDGE('',*,*,#11220,.T.);
#11462 = ORIENTED_EDGE('',*,*,#11323,.T.);
#11463 = ORIENTED_EDGE('',*,*,#11406,.T.);
#11464 = MANIFOLD_SOLID_BREP('',#11465);
#11465 = CLOSED_SHELL('',(#11466,#11744,#12162,#12249,#12488,#12495));
#11466 = ADVANCED_FACE('',(#11467),#11481,.F.);
#11467 = FACE_BOUND('',#11468,.F.);
#11468 = EDGE_LOOP('',(#11469,#11560,#11596,#11710));
#11469 = ORIENTED_EDGE('',*,*,#11470,.T.);
#11470 = EDGE_CURVE('',#11471,#11473,#11475,.T.);
#11471 = VERTEX_POINT('',#11472);
#11472 = CARTESIAN_POINT('',(27.550555647566,11.05676525271,0.));
#11473 = VERTEX_POINT('',#11474);
#11474 = CARTESIAN_POINT('',(27.550555647566,11.05676525271,2.));
#11475 = SURFACE_CURVE('',#11476,(#11480,#11498),.PCURVE_S1.);
#11476 = LINE('',#11477,#11478);
#11477 = CARTESIAN_POINT('',(27.550555647566,11.05676525271,0.));
#11478 = VECTOR('',#11479,1.);
#11479 = DIRECTION('',(0.,0.,1.));
#11480 = PCURVE('',#11481,#11492);
#11481 = SURFACE_OF_LINEAR_EXTRUSION('',#11482,#11490);
#11482 = B_SPLINE_CURVE_WITH_KNOTS('',6,(#11483,#11484,#11485,#11486,
    #11487,#11488,#11489),.UNSPECIFIED.,.F.,.F.,(7,7),(0.,1.),
  .PIECEWISE_BEZIER_KNOTS.);
#11483 = CARTESIAN_POINT('',(27.550555647566,11.05676525271,0.));
#11484 = CARTESIAN_POINT('',(27.60540176233,11.369545689098,0.));
#11485 = CARTESIAN_POINT('',(27.60773295505,11.690713514773,0.));
#11486 = CARTESIAN_POINT('',(27.684713586037,11.99980641395,0.));
#11487 = CARTESIAN_POINT('',(27.691755327055,12.320298743834,0.));
#11488 = CARTESIAN_POINT('',(27.741210597241,12.633843622232,0.));
#11489 = CARTESIAN_POINT('',(27.77532506746,12.949909757696,0.));
#11490 = VECTOR('',#11491,1.);
#11491 = DIRECTION('',(-0.,-0.,-1.));
#11492 = DEFINITIONAL_REPRESENTATION('',(#11493),#11497);
#11493 = LINE('',#11494,#11495);
#11494 = CARTESIAN_POINT('',(0.,0.));
#11495 = VECTOR('',#11496,1.);
#11496 = DIRECTION('',(0.,-1.));
#11497 = ( GEOMETRIC_REPRESENTATION_CONTEXT(2) 
PARAMETRIC_REPRESENTATION_CONTEXT() REPRESENTATION_CONTEXT('2D SPACE',''
  ) );
#11498 = PCURVE('',#11499,#11554);
#11499 = SURFACE_OF_LINEAR_EXTRUSION('',#11500,#11552);
#11500 = B_SPLINE_CURVE_WITH_KNOTS('',8,(#11501,#11502,#11503,#11504,
    #11505,#11506,#11507,#11508,#11509,#11510,#11511,#11512,#11513,
    #11514,#11515,#11516,#11517,#11518,#11519,#11520,#11521,#11522,
    #11523,#11524,#11525,#11526,#11527,#11528,#11529,#11530,#11531,
    #11532,#11533,#11534,#11535,#11536,#11537,#11538,#11539,#11540,
    #11541,#11542,#11543,#11544,#11545,#11546,#11547,#11548,#11549,
    #11550,#11551),.UNSPECIFIED.,.F.,.F.,(9,6,6,6,6,6,6,6,9),(0.,
    0.122782678782,0.260919965044,0.372955407637,0.500274745235,
    0.625045276938,0.749337232856,0.869340723047,1.),.UNSPECIFIED.);
#11501 = CARTESIAN_POINT('',(20.274289407356,4.008643642348,0.));
#11502 = CARTESIAN_POINT('',(20.602577340762,3.939685041727,0.));
#11503 = CARTESIAN_POINT('',(20.934705314781,3.885175889785,0.));
#11504 = CARTESIAN_POINT('',(21.266856839779,3.846644459033,0.));
#11505 = CARTESIAN_POINT('',(21.602927650934,3.810936799877,0.));
#11506 = CARTESIAN_POINT('',(21.936044853017,3.789680138298,0.));
#11507 = CARTESIAN_POINT('',(22.272477379577,3.773661210534,0.));
#11508 = CARTESIAN_POINT('',(22.984540345295,3.751635059871,0.));
#11509 = CARTESIAN_POINT('',(23.69866109451,3.751503833716,0.));
#11510 = CARTESIAN_POINT('',(24.074104528391,3.748242778433,0.));
#11511 = CARTESIAN_POINT('',(24.455995070355,3.782847244277,0.));
#11512 = CARTESIAN_POINT('',(24.827669237769,3.804682849761,0.));
#11513 = CARTESIAN_POINT('',(25.205895667166,3.860645072205,0.));
#11514 = CARTESIAN_POINT('',(25.877097326701,3.990166765034,0.));
#11515 = CARTESIAN_POINT('',(26.52484433564,4.221101657396,0.));
#11516 = CARTESIAN_POINT('',(26.801311487878,4.345488299926,0.));
#11517 = CARTESIAN_POINT('',(27.078314759354,4.503216292934,0.));
#11518 = CARTESIAN_POINT('',(27.316100131712,4.694639586797,0.));
#11519 = CARTESIAN_POINT('',(27.531532588331,4.931628523342,0.));
#11520 = CARTESIAN_POINT('',(27.875796528152,5.493070394906,0.));
#11521 = CARTESIAN_POINT('',(28.030400350769,6.141584978046,0.));
#11522 = CARTESIAN_POINT('',(28.043151849552,6.495263822254,0.));
#11523 = CARTESIAN_POINT('',(28.039771601518,6.84018225096,0.));
#11524 = CARTESIAN_POINT('',(28.026722604446,7.19655504573,0.));
#11525 = CARTESIAN_POINT('',(27.896700330821,7.543533172991,0.));
#11526 = CARTESIAN_POINT('',(27.546456562015,8.146837648208,0.));
#11527 = CARTESIAN_POINT('',(26.960200229761,8.555836633941,0.));
#11528 = CARTESIAN_POINT('',(26.702234623612,8.725701006254,0.));
#11529 = CARTESIAN_POINT('',(26.281817172434,8.842535410255,0.));
#11530 = CARTESIAN_POINT('',(26.099796672328,8.98606142146,0.));
#11531 = CARTESIAN_POINT('',(25.657690535787,9.046298760841,0.));
#11532 = CARTESIAN_POINT('',(25.089236294647,9.224449537596,0.));
#11533 = CARTESIAN_POINT('',(24.324867866449,9.405774968556,0.));
#11534 = CARTESIAN_POINT('',(24.277972228253,9.477185008509,0.));
#11535 = CARTESIAN_POINT('',(23.33584387915,9.584874582136,0.));
#11536 = CARTESIAN_POINT('',(23.748851088497,9.711304431384,0.));
#11537 = CARTESIAN_POINT('',(22.938259228633,9.674073227615,0.));
#11538 = CARTESIAN_POINT('',(22.414101942386,10.014301710225,0.));
#11539 = CARTESIAN_POINT('',(22.60612516475,10.998849507756,0.));
#11540 = CARTESIAN_POINT('',(23.138774259434,10.867622981547,0.));
#11541 = CARTESIAN_POINT('',(23.429217096963,11.160757584311,0.));
#11542 = CARTESIAN_POINT('',(23.653294325152,11.050957551798,0.));
#11543 = CARTESIAN_POINT('',(24.066260218255,11.149948232018,0.));
#11544 = CARTESIAN_POINT('',(24.70167429282,11.165411463749,0.));
#11545 = CARTESIAN_POINT('',(25.432671253554,11.189811789597,0.));
#11546 = CARTESIAN_POINT('',(25.723908111299,11.160113270469,0.));
#11547 = CARTESIAN_POINT('',(26.180260868475,11.172907130188,0.));
#11548 = CARTESIAN_POINT('',(26.443381422638,11.139331591161,0.));
#11549 = CARTESIAN_POINT('',(26.855944854726,11.120654338284,0.));
#11550 = CARTESIAN_POINT('',(27.191470010454,11.089073121132,0.));
#11551 = CARTESIAN_POINT('',(27.550555647566,11.05676525271,0.));
#11552 = VECTOR('',#11553,1.);
#11553 = DIRECTION('',(-0.,-0.,-1.));
#11554 = DEFINITIONAL_REPRESENTATION('',(#11555),#11559);
#11555 = LINE('',#11556,#11557);
#11556 = CARTESIAN_POINT('',(1.,0.));
#11557 = VECTOR('',#11558,1.);
#11558 = DIRECTION('',(0.,-1.));
#11559 = ( GEOMETRIC_REPRESENTATION_CONTEXT(2) 
PARAMETRIC_REPRESENTATION_CONTEXT() REPRESENTATION_CONTEXT('2D SPACE',''
  ) );
#11560 = ORIENTED_EDGE('',*,*,#11561,.T.);
#11561 = EDGE_CURVE('',#11473,#11562,#11564,.T.);
#11562 = VERTEX_POINT('',#11563);
#11563 = CARTESIAN_POINT('',(27.77532506746,12.949909757696,2.));
#11564 = SURFACE_CURVE('',#11565,(#11573,#11580),.PCURVE_S1.);
#11565 = B_SPLINE_CURVE_WITH_KNOTS('',6,(#11566,#11567,#11568,#11569,
    #11570,#11571,#11572),.UNSPECIFIED.,.F.,.F.,(7,7),(0.,1.),
  .PIECEWISE_BEZIER_KNOTS.);
#11566 = CARTESIAN_POINT('',(27.550555647566,11.05676525271,2.));
#11567 = CARTESIAN_POINT('',(27.60540176233,11.369545689098,2.));
#11568 = CARTESIAN_POINT('',(27.60773295505,11.690713514773,2.));
#11569 = CARTESIAN_POINT('',(27.684713586037,11.99980641395,2.));
#11570 = CARTESIAN_POINT('',(27.691755327055,12.320298743834,2.));
#11571 = CARTESIAN_POINT('',(27.741210597241,12.633843622232,2.));
#11572 = CARTESIAN_POINT('',(27.77532506746,12.949909757696,2.));
#11573 = PCURVE('',#11481,#11574);
#11574 = DEFINITIONAL_REPRESENTATION('',(#11575),#11579);
#11575 = LINE('',#11576,#11577);
#11576 = CARTESIAN_POINT('',(0.,-2.));
#11577 = VECTOR('',#11578,1.);
#11578 = DIRECTION('',(1.,0.));
#11579 = ( GEOMETRIC_REPRESENTATION_CONTEXT(2) 
PARAMETRIC_REPRESENTATION_CONTEXT() REPRESENTATION_CONTEXT('2D SPACE',''
  ) );
#11580 = PCURVE('',#11581,#11586);
#11581 = PLANE('',#11582);
#11582 = AXIS2_PLACEMENT_3D('',#11583,#11584,#11585);
#11583 = CARTESIAN_POINT('',(24.138608721342,8.392865067737,2.));
#11584 = DIRECTION('',(0.,0.,1.));
#11585 = DIRECTION('',(1.,0.,-0.));
#11586 = DEFINITIONAL_REPRESENTATION('',(#11587),#11595);
#11587 = B_SPLINE_CURVE_WITH_KNOTS('',6,(#11588,#11589,#11590,#11591,
    #11592,#11593,#11594),.UNSPECIFIED.,.F.,.F.,(7,7),(0.,1.),
  .PIECEWISE_BEZIER_KNOTS.);
#11588 = CARTESIAN_POINT('',(3.411946926224,2.663900184972));
#11589 = CARTESIAN_POINT('',(3.466793040988,2.976680621361));
#11590 = CARTESIAN_POINT('',(3.469124233708,3.297848447036));
#11591 = CARTESIAN_POINT('',(3.546104864695,3.606941346213));
#11592 = CARTESIAN_POINT('',(3.553146605712,3.927433676097));
#11593 = CARTESIAN_POINT('',(3.602601875899,4.240978554495));
#11594 = CARTESIAN_POINT('',(3.636716346118,4.557044689959));
#11595 = ( GEOMETRIC_REPRESENTATION_CONTEXT(2) 
PARAMETRIC_REPRESENTATION_CONTEXT() REPRESENTATION_CONTEXT('2D SPACE',''
  ) );
#11596 = ORIENTED_EDGE('',*,*,#11597,.F.);
#11597 = EDGE_CURVE('',#11598,#11562,#11600,.T.);
#11598 = VERTEX_POINT('',#11599);
#11599 = CARTESIAN_POINT('',(27.77532506746,12.949909757696,0.));
#11600 = SURFACE_CURVE('',#11601,(#11605,#11612),.PCURVE_S1.);
#11601 = LINE('',#11602,#11603);
#11602 = CARTESIAN_POINT('',(27.77532506746,12.949909757696,0.));
#11603 = VECTOR('',#11604,1.);
#11604 = DIRECTION('',(0.,0.,1.));
#11605 = PCURVE('',#11481,#11606);
#11606 = DEFINITIONAL_REPRESENTATION('',(#11607),#11611);
#11607 = LINE('',#11608,#11609);
#11608 = CARTESIAN_POINT('',(1.,0.));
#11609 = VECTOR('',#11610,1.);
#11610 = DIRECTION('',(0.,-1.));
#11611 = ( GEOMETRIC_REPRESENTATION_CONTEXT(2) 
PARAMETRIC_REPRESENTATION_CONTEXT() REPRESENTATION_CONTEXT('2D SPACE',''
  ) );
#11612 = PCURVE('',#11613,#11704);
#11613 = SURFACE_OF_LINEAR_EXTRUSION('',#11614,#11702);
#11614 = B_SPLINE_CURVE_WITH_KNOTS('',8,(#11615,#11616,#11617,#11618,
    #11619,#11620,#11621,#11622,#11623,#11624,#11625,#11626,#11627,
    #11628,#11629,#11630,#11631,#11632,#11633,#11634,#11635,#11636,
    #11637,#11638,#11639,#11640,#11641,#11642,#11643,#11644,#11645,
    #11646,#11647,#11648,#11649,#11650,#11651,#11652,#11653,#11654,
    #11655,#11656,#11657,#11658,#11659,#11660,#11661,#11662,#11663,
    #11664,#11665,#11666,#11667,#11668,#11669,#11670,#11671,#11672,
    #11673,#11674,#11675,#11676,#11677,#11678,#11679,#11680,#11681,
    #11682,#11683,#11684,#11685,#11686,#11687,#11688,#11689,#11690,
    #11691,#11692,#11693,#11694,#11695,#11696,#11697,#11698,#11699,
    #11700,#11701),.UNSPECIFIED.,.F.,.F.,(9,6,6,6,6,6,6,6,6,6,6,6,6,6,9)
  ,(0.,7.077176733421E-02,0.149872005164,0.226832120539,0.286501054679,
    0.355518137127,0.430851958186,0.497368682999,0.571574291188,
    0.643106138267,0.715087966802,0.784438582505,0.855299110266,
    0.927915060597,1.),.UNSPECIFIED.);
#11615 = CARTESIAN_POINT('',(27.77532506746,12.949909757696,0.));
#11616 = CARTESIAN_POINT('',(27.714841583114,13.029452060944,0.));
#11617 = CARTESIAN_POINT('',(27.041778006574,12.956418332719,0.));
#11618 = CARTESIAN_POINT('',(27.746783806351,13.097849428152,0.));
#11619 = CARTESIAN_POINT('',(26.525597185762,13.013102275396,0.));
#11620 = CARTESIAN_POINT('',(27.079574068694,13.090987711331,0.));
#11621 = CARTESIAN_POINT('',(26.571641108127,13.085274136828,0.));
#11622 = CARTESIAN_POINT('',(26.284216217159,13.119639586818,0.));
#11623 = CARTESIAN_POINT('',(25.768787983395,13.129954651439,0.));
#11624 = CARTESIAN_POINT('',(25.701706111986,13.144085919047,0.));
#11625 = CARTESIAN_POINT('',(25.2771804295,13.133807586348,0.));
#11626 = CARTESIAN_POINT('',(25.238731999421,13.144626775033,0.));
#11627 = CARTESIAN_POINT('',(24.938028289549,13.135616395733,0.));
#11628 = CARTESIAN_POINT('',(24.549294581982,13.125178762403,0.));
#11629 = CARTESIAN_POINT('',(24.095475347613,13.094789353252,0.));
#11630 = CARTESIAN_POINT('',(23.927105589892,13.081110091076,0.));
#11631 = CARTESIAN_POINT('',(23.661019593324,13.052548418274,0.));
#11632 = CARTESIAN_POINT('',(23.502608314103,13.031935042994,0.));
#11633 = CARTESIAN_POINT('',(23.27112343686,12.996004103826,0.));
#11634 = CARTESIAN_POINT('',(22.915704742232,12.929096073031,0.));
#11635 = CARTESIAN_POINT('',(22.547858632685,12.836157096844,0.));
#11636 = CARTESIAN_POINT('',(22.401041642348,12.793368992851,0.));
#11637 = CARTESIAN_POINT('',(22.23311030228,12.739919836702,0.));
#11638 = CARTESIAN_POINT('',(22.09156584299,12.686660422737,0.));
#11639 = CARTESIAN_POINT('',(21.936516050185,12.622179699804,0.));
#11640 = CARTESIAN_POINT('',(21.622660712018,12.470571880005,0.));
#11641 = CARTESIAN_POINT('',(21.326784559611,12.278311129174,0.));
#11642 = CARTESIAN_POINT('',(21.179786290053,12.163616390268,0.));
#11643 = CARTESIAN_POINT('',(21.037209379352,12.035452878736,0.));
#11644 = CARTESIAN_POINT('',(20.913116178513,11.892947174508,0.));
#11645 = CARTESIAN_POINT('',(20.80133558087,11.740719442423,0.));
#11646 = CARTESIAN_POINT('',(20.604263694731,11.397426915713,0.));
#11647 = CARTESIAN_POINT('',(20.479494150312,11.024890353771,0.));
#11648 = CARTESIAN_POINT('',(20.435125015589,10.817633825717,0.));
#11649 = CARTESIAN_POINT('',(20.404565338637,10.624479978806,0.));
#11650 = CARTESIAN_POINT('',(20.400354678923,10.406094189318,0.));
#11651 = CARTESIAN_POINT('',(20.394851402051,10.209028759828,0.));
#11652 = CARTESIAN_POINT('',(20.423794511144,9.817142749285,0.));
#11653 = CARTESIAN_POINT('',(20.518253788061,9.446828962924,0.));
#11654 = CARTESIAN_POINT('',(20.581447996635,9.265970118468,0.));
#11655 = CARTESIAN_POINT('',(20.663366143321,9.119057887565,0.));
#11656 = CARTESIAN_POINT('',(20.762091164202,8.946259307792,0.));
#11657 = CARTESIAN_POINT('',(20.8915767,8.822861994816,0.));
#11658 = CARTESIAN_POINT('',(21.176750533797,8.565818868828,0.));
#11659 = CARTESIAN_POINT('',(21.507301116677,8.365881207419,0.));
#11660 = CARTESIAN_POINT('',(21.681170942184,8.274053439874,0.));
#11661 = CARTESIAN_POINT('',(21.877505864083,8.18821812522,0.));
#11662 = CARTESIAN_POINT('',(22.056669859897,8.122831744317,0.));
#11663 = CARTESIAN_POINT('',(22.251910578445,8.0517006867,0.));
#11664 = CARTESIAN_POINT('',(22.633930244442,7.949980262243,0.));
#11665 = CARTESIAN_POINT('',(23.014863619441,7.840233187503,0.));
#11666 = CARTESIAN_POINT('',(23.208266535658,7.791100976216,0.));
#11667 = CARTESIAN_POINT('',(23.379358925347,7.735813846754,0.));
#11668 = CARTESIAN_POINT('',(23.589860675848,7.68480861482,0.));
#11669 = CARTESIAN_POINT('',(23.758728969334,7.63290247793,0.));
#11670 = CARTESIAN_POINT('',(24.150764319168,7.526988911668,0.));
#11671 = CARTESIAN_POINT('',(24.506958898734,7.42380675528,0.));
#11672 = CARTESIAN_POINT('',(24.749910402788,7.364504152272,0.));
#11673 = CARTESIAN_POINT('',(24.819234866941,7.334098132782,0.));
#11674 = CARTESIAN_POINT('',(25.147617009242,7.235177379944,0.));
#11675 = CARTESIAN_POINT('',(25.25214977173,7.246592860479,0.));
#11676 = CARTESIAN_POINT('',(25.667775840426,7.067373409182,0.));
#11677 = CARTESIAN_POINT('',(25.860854340148,6.747344592353,0.));
#11678 = CARTESIAN_POINT('',(25.779977482478,6.474017815075,0.));
#11679 = CARTESIAN_POINT('',(25.942414671442,6.338463113668,0.));
#11680 = CARTESIAN_POINT('',(25.650971737623,6.106167369958,0.));
#11681 = CARTESIAN_POINT('',(25.530897207564,6.034993300406,0.));
#11682 = CARTESIAN_POINT('',(25.180204914068,5.872264089142,0.));
#11683 = CARTESIAN_POINT('',(24.798250191493,5.800359307129,0.));
#11684 = CARTESIAN_POINT('',(24.630238796537,5.771241892669,0.));
#11685 = CARTESIAN_POINT('',(24.389752479661,5.747927963462,0.));
#11686 = CARTESIAN_POINT('',(24.251131161467,5.739294611979,0.));
#11687 = CARTESIAN_POINT('',(24.025689459872,5.724368632238,0.));
#11688 = CARTESIAN_POINT('',(23.654405548972,5.716385360741,0.));
#11689 = CARTESIAN_POINT('',(23.245322902825,5.712133742726,0.));
#11690 = CARTESIAN_POINT('',(23.075807804592,5.726125708274,0.));
#11691 = CARTESIAN_POINT('',(22.841460190922,5.722062620797,0.));
#11692 = CARTESIAN_POINT('',(22.666218667963,5.756181840994,0.));
#11693 = CARTESIAN_POINT('',(22.469777505043,5.755124352745,0.));
#11694 = CARTESIAN_POINT('',(22.063290340986,5.807585345266,0.));
#11695 = CARTESIAN_POINT('',(21.696556943944,5.829926990547,0.));
#11696 = CARTESIAN_POINT('',(21.392940474586,5.920398502959,0.));
#11697 = CARTESIAN_POINT('',(21.515212454408,5.759835444318,0.));
#11698 = CARTESIAN_POINT('',(20.808702834752,6.076833060555,0.));
#11699 = CARTESIAN_POINT('',(21.12189701095,5.802378648336,0.));
#11700 = CARTESIAN_POINT('',(20.624114784294,6.030123052476,0.));
#11701 = CARTESIAN_POINT('',(20.514975815904,5.970565388392,0.));
#11702 = VECTOR('',#11703,1.);
#11703 = DIRECTION('',(-0.,-0.,-1.));
#11704 = DEFINITIONAL_REPRESENTATION('',(#11705),#11709);
#11705 = LINE('',#11706,#11707);
#11706 = CARTESIAN_POINT('',(0.,0.));
#11707 = VECTOR('',#11708,1.);
#11708 = DIRECTION('',(0.,-1.));
#11709 = ( GEOMETRIC_REPRESENTATION_CONTEXT(2) 
PARAMETRIC_REPRESENTATION_CONTEXT() REPRESENTATION_CONTEXT('2D SPACE',''
  ) );
#11710 = ORIENTED_EDGE('',*,*,#11711,.F.);
#11711 = EDGE_CURVE('',#11471,#11598,#11712,.T.);
#11712 = SURFACE_CURVE('',#11713,(#11721,#11728),.PCURVE_S1.);
#11713 = B_SPLINE_CURVE_WITH_KNOTS('',6,(#11714,#11715,#11716,#11717,
    #11718,#11719,#11720),.UNSPECIFIED.,.F.,.F.,(7,7),(0.,1.),
  .PIECEWISE_BEZIER_KNOTS.);
#11714 = CARTESIAN_POINT('',(27.550555647566,11.05676525271,0.));
#11715 = CARTESIAN_POINT('',(27.60540176233,11.369545689098,0.));
#11716 = CARTESIAN_POINT('',(27.60773295505,11.690713514773,0.));
#11717 = CARTESIAN_POINT('',(27.684713586037,11.99980641395,0.));
#11718 = CARTESIAN_POINT('',(27.691755327055,12.320298743834,0.));
#11719 = CARTESIAN_POINT('',(27.741210597241,12.633843622232,0.));
#11720 = CARTESIAN_POINT('',(27.77532506746,12.949909757696,0.));
#11721 = PCURVE('',#11481,#11722);
#11722 = DEFINITIONAL_REPRESENTATION('',(#11723),#11727);
#11723 = LINE('',#11724,#11725);
#11724 = CARTESIAN_POINT('',(0.,0.));
#11725 = VECTOR('',#11726,1.);
#11726 = DIRECTION('',(1.,0.));
#11727 = ( GEOMETRIC_REPRESENTATION_CONTEXT(2) 
PARAMETRIC_REPRESENTATION_CONTEXT() REPRESENTATION_CONTEXT('2D SPACE',''
  ) );
#11728 = PCURVE('',#11729,#11734);
#11729 = PLANE('',#11730);
#11730 = AXIS2_PLACEMENT_3D('',#11731,#11732,#11733);
#11731 = CARTESIAN_POINT('',(24.138608721342,8.392865067737,0.));
#11732 = DIRECTION('',(0.,0.,1.));
#11733 = DIRECTION('',(1.,0.,-0.));
#11734 = DEFINITIONAL_REPRESENTATION('',(#11735),#11743);
#11735 = B_SPLINE_CURVE_WITH_KNOTS('',6,(#11736,#11737,#11738,#11739,
    #11740,#11741,#11742),.UNSPECIFIED.,.F.,.F.,(7,7),(0.,1.),
  .PIECEWISE_BEZIER_KNOTS.);
#11736 = CARTESIAN_POINT('',(3.411946926224,2.663900184972));
#11737 = CARTESIAN_POINT('',(3.466793040988,2.976680621361));
#11738 = CARTESIAN_POINT('',(3.469124233708,3.297848447036));
#11739 = CARTESIAN_POINT('',(3.546104864695,3.606941346213));
#11740 = CARTESIAN_POINT('',(3.553146605712,3.927433676097));
#11741 = CARTESIAN_POINT('',(3.602601875899,4.240978554495));
#11742 = CARTESIAN_POINT('',(3.636716346118,4.557044689959));
#11743 = ( GEOMETRIC_REPRESENTATION_CONTEXT(2) 
PARAMETRIC_REPRESENTATION_CONTEXT() REPRESENTATION_CONTEXT('2D SPACE',''
  ) );
#11744 = ADVANCED_FACE('',(#11745),#11613,.F.);
#11745 = FACE_BOUND('',#11746,.F.);
#11746 = EDGE_LOOP('',(#11747,#11748,#11939,#11973));
#11747 = ORIENTED_EDGE('',*,*,#11597,.T.);
#11748 = ORIENTED_EDGE('',*,*,#11749,.T.);
#11749 = EDGE_CURVE('',#11562,#11750,#11752,.T.);
#11750 = VERTEX_POINT('',#11751);
#11751 = CARTESIAN_POINT('',(20.514975815904,5.970565388392,2.));
#11752 = SURFACE_CURVE('',#11753,(#11841,#11848),.PCURVE_S1.);
#11753 = B_SPLINE_CURVE_WITH_KNOTS('',8,(#11754,#11755,#11756,#11757,
    #11758,#11759,#11760,#11761,#11762,#11763,#11764,#11765,#11766,
    #11767,#11768,#11769,#11770,#11771,#11772,#11773,#11774,#11775,
    #11776,#11777,#11778,#11779,#11780,#11781,#11782,#11783,#11784,
    #11785,#11786,#11787,#11788,#11789,#11790,#11791,#11792,#11793,
    #11794,#11795,#11796,#11797,#11798,#11799,#11800,#11801,#11802,
    #11803,#11804,#11805,#11806,#11807,#11808,#11809,#11810,#11811,
    #11812,#11813,#11814,#11815,#11816,#11817,#11818,#11819,#11820,
    #11821,#11822,#11823,#11824,#11825,#11826,#11827,#11828,#11829,
    #11830,#11831,#11832,#11833,#11834,#11835,#11836,#11837,#11838,
    #11839,#11840),.UNSPECIFIED.,.F.,.F.,(9,6,6,6,6,6,6,6,6,6,6,6,6,6,9)
  ,(0.,7.077176733421E-02,0.149872005164,0.226832120539,0.286501054679,
    0.355518137127,0.430851958186,0.497368682999,0.571574291188,
    0.643106138267,0.715087966802,0.784438582505,0.855299110266,
    0.927915060597,1.),.UNSPECIFIED.);
#11754 = CARTESIAN_POINT('',(27.77532506746,12.949909757696,2.));
#11755 = CARTESIAN_POINT('',(27.714841583114,13.029452060944,2.));
#11756 = CARTESIAN_POINT('',(27.041778006574,12.956418332719,2.));
#11757 = CARTESIAN_POINT('',(27.746783806351,13.097849428152,2.));
#11758 = CARTESIAN_POINT('',(26.525597185762,13.013102275396,2.));
#11759 = CARTESIAN_POINT('',(27.079574068694,13.090987711331,2.));
#11760 = CARTESIAN_POINT('',(26.571641108127,13.085274136828,2.));
#11761 = CARTESIAN_POINT('',(26.284216217159,13.119639586818,2.));
#11762 = CARTESIAN_POINT('',(25.768787983395,13.129954651439,2.));
#11763 = CARTESIAN_POINT('',(25.701706111986,13.144085919047,2.));
#11764 = CARTESIAN_POINT('',(25.2771804295,13.133807586348,2.));
#11765 = CARTESIAN_POINT('',(25.238731999421,13.144626775033,2.));
#11766 = CARTESIAN_POINT('',(24.938028289549,13.135616395733,2.));
#11767 = CARTESIAN_POINT('',(24.549294581982,13.125178762403,2.));
#11768 = CARTESIAN_POINT('',(24.095475347613,13.094789353252,2.));
#11769 = CARTESIAN_POINT('',(23.927105589892,13.081110091076,2.));
#11770 = CARTESIAN_POINT('',(23.661019593324,13.052548418274,2.));
#11771 = CARTESIAN_POINT('',(23.502608314103,13.031935042994,2.));
#11772 = CARTESIAN_POINT('',(23.27112343686,12.996004103826,2.));
#11773 = CARTESIAN_POINT('',(22.915704742232,12.929096073031,2.));
#11774 = CARTESIAN_POINT('',(22.547858632685,12.836157096844,2.));
#11775 = CARTESIAN_POINT('',(22.401041642348,12.793368992851,2.));
#11776 = CARTESIAN_POINT('',(22.23311030228,12.739919836702,2.));
#11777 = CARTESIAN_POINT('',(22.09156584299,12.686660422737,2.));
#11778 = CARTESIAN_POINT('',(21.936516050185,12.622179699804,2.));
#11779 = CARTESIAN_POINT('',(21.622660712018,12.470571880005,2.));
#11780 = CARTESIAN_POINT('',(21.326784559611,12.278311129174,2.));
#11781 = CARTESIAN_POINT('',(21.179786290053,12.163616390268,2.));
#11782 = CARTESIAN_POINT('',(21.037209379352,12.035452878736,2.));
#11783 = CARTESIAN_POINT('',(20.913116178513,11.892947174508,2.));
#11784 = CARTESIAN_POINT('',(20.80133558087,11.740719442423,2.));
#11785 = CARTESIAN_POINT('',(20.604263694731,11.397426915713,2.));
#11786 = CARTESIAN_POINT('',(20.479494150312,11.024890353771,2.));
#11787 = CARTESIAN_POINT('',(20.435125015589,10.817633825717,2.));
#11788 = CARTESIAN_POINT('',(20.404565338637,10.624479978806,2.));
#11789 = CARTESIAN_POINT('',(20.400354678923,10.406094189318,2.));
#11790 = CARTESIAN_POINT('',(20.394851402051,10.209028759828,2.));
#11791 = CARTESIAN_POINT('',(20.423794511144,9.817142749285,2.));
#11792 = CARTESIAN_POINT('',(20.518253788061,9.446828962924,2.));
#11793 = CARTESIAN_POINT('',(20.581447996635,9.265970118468,2.));
#11794 = CARTESIAN_POINT('',(20.663366143321,9.119057887565,2.));
#11795 = CARTESIAN_POINT('',(20.762091164202,8.946259307792,2.));
#11796 = CARTESIAN_POINT('',(20.8915767,8.822861994816,2.));
#11797 = CARTESIAN_POINT('',(21.176750533797,8.565818868828,2.));
#11798 = CARTESIAN_POINT('',(21.507301116677,8.365881207419,2.));
#11799 = CARTESIAN_POINT('',(21.681170942184,8.274053439874,2.));
#11800 = CARTESIAN_POINT('',(21.877505864083,8.18821812522,2.));
#11801 = CARTESIAN_POINT('',(22.056669859897,8.122831744317,2.));
#11802 = CARTESIAN_POINT('',(22.251910578445,8.0517006867,2.));
#11803 = CARTESIAN_POINT('',(22.633930244442,7.949980262243,2.));
#11804 = CARTESIAN_POINT('',(23.014863619441,7.840233187503,2.));
#11805 = CARTESIAN_POINT('',(23.208266535658,7.791100976216,2.));
#11806 = CARTESIAN_POINT('',(23.379358925347,7.735813846754,2.));
#11807 = CARTESIAN_POINT('',(23.589860675848,7.68480861482,2.));
#11808 = CARTESIAN_POINT('',(23.758728969334,7.63290247793,2.));
#11809 = CARTESIAN_POINT('',(24.150764319168,7.526988911668,2.));
#11810 = CARTESIAN_POINT('',(24.506958898734,7.42380675528,2.));
#11811 = CARTESIAN_POINT('',(24.749910402788,7.364504152272,2.));
#11812 = CARTESIAN_POINT('',(24.819234866941,7.334098132782,2.));
#11813 = CARTESIAN_POINT('',(25.147617009242,7.235177379944,2.));
#11814 = CARTESIAN_POINT('',(25.25214977173,7.246592860479,2.));
#11815 = CARTESIAN_POINT('',(25.667775840426,7.067373409182,2.));
#11816 = CARTESIAN_POINT('',(25.860854340148,6.747344592353,2.));
#11817 = CARTESIAN_POINT('',(25.779977482478,6.474017815075,2.));
#11818 = CARTESIAN_POINT('',(25.942414671442,6.338463113668,2.));
#11819 = CARTESIAN_POINT('',(25.650971737623,6.106167369958,2.));
#11820 = CARTESIAN_POINT('',(25.530897207564,6.034993300406,2.));
#11821 = CARTESIAN_POINT('',(25.180204914068,5.872264089142,2.));
#11822 = CARTESIAN_POINT('',(24.798250191493,5.800359307129,2.));
#11823 = CARTESIAN_POINT('',(24.630238796537,5.771241892669,2.));
#11824 = CARTESIAN_POINT('',(24.389752479661,5.747927963462,2.));
#11825 = CARTESIAN_POINT('',(24.251131161467,5.739294611979,2.));
#11826 = CARTESIAN_POINT('',(24.025689459872,5.724368632238,2.));
#11827 = CARTESIAN_POINT('',(23.654405548972,5.716385360741,2.));
#11828 = CARTESIAN_POINT('',(23.245322902825,5.712133742726,2.));
#11829 = CARTESIAN_POINT('',(23.075807804592,5.726125708274,2.));
#11830 = CARTESIAN_POINT('',(22.841460190922,5.722062620797,2.));
#11831 = CARTESIAN_POINT('',(22.666218667963,5.756181840994,2.));
#11832 = CARTESIAN_POINT('',(22.469777505043,5.755124352745,2.));
#11833 = CARTESIAN_POINT('',(22.063290340986,5.807585345266,2.));
#11834 = CARTESIAN_POINT('',(21.696556943944,5.829926990547,2.));
#11835 = CARTESIAN_POINT('',(21.392940474586,5.920398502959,2.));
#11836 = CARTESIAN_POINT('',(21.515212454408,5.759835444318,2.));
#11837 = CARTESIAN_POINT('',(20.808702834752,6.076833060555,2.));
#11838 = CARTESIAN_POINT('',(21.12189701095,5.802378648336,2.));
#11839 = CARTESIAN_POINT('',(20.624114784294,6.030123052476,2.));
#11840 = CARTESIAN_POINT('',(20.514975815904,5.970565388392,2.));
#11841 = PCURVE('',#11613,#11842);
#11842 = DEFINITIONAL_REPRESENTATION('',(#11843),#11847);
#11843 = LINE('',#11844,#11845);
#11844 = CARTESIAN_POINT('',(0.,-2.));
#11845 = VECTOR('',#11846,1.);
#11846 = DIRECTION('',(1.,0.));
#11847 = ( GEOMETRIC_REPRESENTATION_CONTEXT(2) 
PARAMETRIC_REPRESENTATION_CONTEXT() REPRESENTATION_CONTEXT('2D SPACE',''
  ) );
#11848 = PCURVE('',#11581,#11849);
#11849 = DEFINITIONAL_REPRESENTATION('',(#11850),#11938);
#11850 = B_SPLINE_CURVE_WITH_KNOTS('',8,(#11851,#11852,#11853,#11854,
    #11855,#11856,#11857,#11858,#11859,#11860,#11861,#11862,#11863,
    #11864,#11865,#11866,#11867,#11868,#11869,#11870,#11871,#11872,
    #11873,#11874,#11875,#11876,#11877,#11878,#11879,#11880,#11881,
    #11882,#11883,#11884,#11885,#11886,#11887,#11888,#11889,#11890,
    #11891,#11892,#11893,#11894,#11895,#11896,#11897,#11898,#11899,
    #11900,#11901,#11902,#11903,#11904,#11905,#11906,#11907,#11908,
    #11909,#11910,#11911,#11912,#11913,#11914,#11915,#11916,#11917,
    #11918,#11919,#11920,#11921,#11922,#11923,#11924,#11925,#11926,
    #11927,#11928,#11929,#11930,#11931,#11932,#11933,#11934,#11935,
    #11936,#11937),.UNSPECIFIED.,.F.,.F.,(9,6,6,6,6,6,6,6,6,6,6,6,6,6,9)
  ,(0.,7.077176733421E-02,0.149872005164,0.226832120539,0.286501054679,
    0.355518137127,0.430851958186,0.497368682999,0.571574291188,
    0.643106138267,0.715087966802,0.784438582505,0.855299110266,
    0.927915060597,1.),.UNSPECIFIED.);
#11851 = CARTESIAN_POINT('',(3.636716346118,4.557044689959));
#11852 = CARTESIAN_POINT('',(3.576232861772,4.636586993207));
#11853 = CARTESIAN_POINT('',(2.903169285232,4.563553264982));
#11854 = CARTESIAN_POINT('',(3.608175085009,4.704984360415));
#11855 = CARTESIAN_POINT('',(2.386988464419,4.620237207659));
#11856 = CARTESIAN_POINT('',(2.940965347352,4.698122643594));
#11857 = CARTESIAN_POINT('',(2.433032386785,4.692409069091));
#11858 = CARTESIAN_POINT('',(2.145607495817,4.726774519081));
#11859 = CARTESIAN_POINT('',(1.630179262052,4.737089583702));
#11860 = CARTESIAN_POINT('',(1.563097390644,4.75122085131));
#11861 = CARTESIAN_POINT('',(1.138571708158,4.740942518611));
#11862 = CARTESIAN_POINT('',(1.100123278079,4.751761707296));
#11863 = CARTESIAN_POINT('',(0.799419568207,4.742751327995));
#11864 = CARTESIAN_POINT('',(0.41068586064,4.732313694666));
#11865 = CARTESIAN_POINT('',(-4.313337372925E-02,4.701924285515));
#11866 = CARTESIAN_POINT('',(-0.21150313145,4.688245023339));
#11867 = CARTESIAN_POINT('',(-0.477589128018,4.659683350537));
#11868 = CARTESIAN_POINT('',(-0.636000407239,4.639069975257));
#11869 = CARTESIAN_POINT('',(-0.867485284482,4.603139036089));
#11870 = CARTESIAN_POINT('',(-1.222903979111,4.536231005294));
#11871 = CARTESIAN_POINT('',(-1.590750088657,4.443292029107));
#11872 = CARTESIAN_POINT('',(-1.737567078994,4.400503925114));
#11873 = CARTESIAN_POINT('',(-1.905498419062,4.347054768965));
#11874 = CARTESIAN_POINT('',(-2.047042878352,4.293795355));
#11875 = CARTESIAN_POINT('',(-2.202092671157,4.229314632067));
#11876 = CARTESIAN_POINT('',(-2.515948009324,4.077706812268));
#11877 = CARTESIAN_POINT('',(-2.811824161731,3.885446061437));
#11878 = CARTESIAN_POINT('',(-2.958822431289,3.770751322531));
#11879 = CARTESIAN_POINT('',(-3.10139934199,3.642587810999));
#11880 = CARTESIAN_POINT('',(-3.225492542829,3.500082106771));
#11881 = CARTESIAN_POINT('',(-3.337273140472,3.347854374686));
#11882 = CARTESIAN_POINT('',(-3.534345026611,3.004561847976));
#11883 = CARTESIAN_POINT('',(-3.659114571031,2.632025286034));
#11884 = CARTESIAN_POINT('',(-3.703483705753,2.42476875798));
#11885 = CARTESIAN_POINT('',(-3.734043382705,2.231614911069));
#11886 = CARTESIAN_POINT('',(-3.738254042419,2.013229121581));
#11887 = CARTESIAN_POINT('',(-3.743757319291,1.816163692091));
#11888 = CARTESIAN_POINT('',(-3.714814210198,1.424277681547));
#11889 = CARTESIAN_POINT('',(-3.620354933282,1.053963895187));
#11890 = CARTESIAN_POINT('',(-3.557160724708,0.873105050731));
#11891 = CARTESIAN_POINT('',(-3.475242578021,0.726192819828));
#11892 = CARTESIAN_POINT('',(-3.37651755714,0.553394240055));
#11893 = CARTESIAN_POINT('',(-3.247032021342,0.429996927079));
#11894 = CARTESIAN_POINT('',(-2.961858187545,0.172953801091));
#11895 = CARTESIAN_POINT('',(-2.631307604665,-2.6983860318E-02));
#11896 = CARTESIAN_POINT('',(-2.457437779158,-0.118811627863));
#11897 = CARTESIAN_POINT('',(-2.261102857259,-0.204646942517));
#11898 = CARTESIAN_POINT('',(-2.081938861445,-0.27003332342));
#11899 = CARTESIAN_POINT('',(-1.886698142897,-0.341164381037));
#11900 = CARTESIAN_POINT('',(-1.5046784769,-0.442884805494));
#11901 = CARTESIAN_POINT('',(-1.123745101901,-0.552631880234));
#11902 = CARTESIAN_POINT('',(-0.930342185684,-0.601764091521));
#11903 = CARTESIAN_POINT('',(-0.759249795995,-0.657051220983));
#11904 = CARTESIAN_POINT('',(-0.548748045494,-0.708056452917));
#11905 = CARTESIAN_POINT('',(-0.379879752008,-0.759962589807));
#11906 = CARTESIAN_POINT('',(1.215559782547E-02,-0.865876156069));
#11907 = CARTESIAN_POINT('',(0.368350177392,-0.969058312457));
#11908 = CARTESIAN_POINT('',(0.611301681446,-1.028360915465));
#11909 = CARTESIAN_POINT('',(0.680626145598,-1.058766934955));
#11910 = CARTESIAN_POINT('',(1.0090082879,-1.157687687793));
#11911 = CARTESIAN_POINT('',(1.113541050387,-1.146272207258));
#11912 = CARTESIAN_POINT('',(1.529167119084,-1.325491658555));
#11913 = CARTESIAN_POINT('',(1.722245618806,-1.645520475384));
#11914 = CARTESIAN_POINT('',(1.641368761135,-1.918847252662));
#11915 = CARTESIAN_POINT('',(1.8038059501,-2.054401954069));
#11916 = CARTESIAN_POINT('',(1.51236301628,-2.286697697779));
#11917 = CARTESIAN_POINT('',(1.392288486221,-2.357871767331));
#11918 = CARTESIAN_POINT('',(1.041596192726,-2.520600978595));
#11919 = CARTESIAN_POINT('',(0.65964147015,-2.592505760608));
#11920 = CARTESIAN_POINT('',(0.491630075194,-2.621623175068));
#11921 = CARTESIAN_POINT('',(0.251143758319,-2.644937104275));
#11922 = CARTESIAN_POINT('',(0.112522440125,-2.653570455758));
#11923 = CARTESIAN_POINT('',(-0.112919261471,-2.668496435499));
#11924 = CARTESIAN_POINT('',(-0.48420317237,-2.676479706996));
#11925 = CARTESIAN_POINT('',(-0.893285818517,-2.680731325011));
#11926 = CARTESIAN_POINT('',(-1.062800916751,-2.666739359463));
#11927 = CARTESIAN_POINT('',(-1.29714853042,-2.67080244694));
#11928 = CARTESIAN_POINT('',(-1.472390053379,-2.636683226743));
#11929 = CARTESIAN_POINT('',(-1.668831216299,-2.637740714992));
#11930 = CARTESIAN_POINT('',(-2.075318380356,-2.585279722471));
#11931 = CARTESIAN_POINT('',(-2.442051777398,-2.56293807719));
#11932 = CARTESIAN_POINT('',(-2.745668246756,-2.472466564778));
#11933 = CARTESIAN_POINT('',(-2.623396266934,-2.633029623419));
#11934 = CARTESIAN_POINT('',(-3.329905886591,-2.316032007182));
#11935 = CARTESIAN_POINT('',(-3.016711710392,-2.590486419401));
#11936 = CARTESIAN_POINT('',(-3.514493937048,-2.362742015261));
#11937 = CARTESIAN_POINT('',(-3.623632905438,-2.422299679345));
#11938 = ( GEOMETRIC_REPRESENTATION_CONTEXT(2) 
PARAMETRIC_REPRESENTATION_CONTEXT() REPRESENTATION_CONTEXT('2D SPACE',''
  ) );
#11939 = ORIENTED_EDGE('',*,*,#11940,.F.);
#11940 = EDGE_CURVE('',#11941,#11750,#11943,.T.);
#11941 = VERTEX_POINT('',#11942);
#11942 = CARTESIAN_POINT('',(20.514975815904,5.970565388392,0.));
#11943 = SURFACE_CURVE('',#11944,(#11948,#11955),.PCURVE_S1.);
#11944 = LINE('',#11945,#11946);
#11945 = CARTESIAN_POINT('',(20.514975815904,5.970565388392,0.));
#11946 = VECTOR('',#11947,1.);
#11947 = DIRECTION('',(0.,0.,1.));
#11948 = PCURVE('',#11613,#11949);
#11949 = DEFINITIONAL_REPRESENTATION('',(#11950),#11954);
#11950 = LINE('',#11951,#11952);
#11951 = CARTESIAN_POINT('',(1.,0.));
#11952 = VECTOR('',#11953,1.);
#11953 = DIRECTION('',(0.,-1.));
#11954 = ( GEOMETRIC_REPRESENTATION_CONTEXT(2) 
PARAMETRIC_REPRESENTATION_CONTEXT() REPRESENTATION_CONTEXT('2D SPACE',''
  ) );
#11955 = PCURVE('',#11956,#11967);
#11956 = SURFACE_OF_LINEAR_EXTRUSION('',#11957,#11965);
#11957 = B_SPLINE_CURVE_WITH_KNOTS('',6,(#11958,#11959,#11960,#11961,
    #11962,#11963,#11964),.UNSPECIFIED.,.F.,.F.,(7,7),(0.,1.),
  .PIECEWISE_BEZIER_KNOTS.);
#11958 = CARTESIAN_POINT('',(20.514975815904,5.970565388392,0.));
#11959 = CARTESIAN_POINT('',(20.471689057205,5.64383989926,0.));
#11960 = CARTESIAN_POINT('',(20.442979473111,5.315944426013,0.));
#11961 = CARTESIAN_POINT('',(20.373995158975,4.991301495194,0.));
#11962 = CARTESIAN_POINT('',(20.371356456485,4.661251718397,0.));
#11963 = CARTESIAN_POINT('',(20.298007975905,4.337043679427,0.));
#11964 = CARTESIAN_POINT('',(20.274289407356,4.008643642348,0.));
#11965 = VECTOR('',#11966,1.);
#11966 = DIRECTION('',(-0.,-0.,-1.));
#11967 = DEFINITIONAL_REPRESENTATION('',(#11968),#11972);
#11968 = LINE('',#11969,#11970);
#11969 = CARTESIAN_POINT('',(0.,0.));
#11970 = VECTOR('',#11971,1.);
#11971 = DIRECTION('',(0.,-1.));
#11972 = ( GEOMETRIC_REPRESENTATION_CONTEXT(2) 
PARAMETRIC_REPRESENTATION_CONTEXT() REPRESENTATION_CONTEXT('2D SPACE',''
  ) );
#11973 = ORIENTED_EDGE('',*,*,#11974,.F.);
#11974 = EDGE_CURVE('',#11598,#11941,#11975,.T.);
#11975 = SURFACE_CURVE('',#11976,(#12064,#12071),.PCURVE_S1.);
#11976 = B_SPLINE_CURVE_WITH_KNOTS('',8,(#11977,#11978,#11979,#11980,
    #11981,#11982,#11983,#11984,#11985,#11986,#11987,#11988,#11989,
    #11990,#11991,#11992,#11993,#11994,#11995,#11996,#11997,#11998,
    #11999,#12000,#12001,#12002,#12003,#12004,#12005,#12006,#12007,
    #12008,#12009,#12010,#12011,#12012,#12013,#12014,#12015,#12016,
    #12017,#12018,#12019,#12020,#12021,#12022,#12023,#12024,#12025,
    #12026,#12027,#12028,#12029,#12030,#12031,#12032,#12033,#12034,
    #12035,#12036,#12037,#12038,#12039,#12040,#12041,#12042,#12043,
    #12044,#12045,#12046,#12047,#12048,#12049,#12050,#12051,#12052,
    #12053,#12054,#12055,#12056,#12057,#12058,#12059,#12060,#12061,
    #12062,#12063),.UNSPECIFIED.,.F.,.F.,(9,6,6,6,6,6,6,6,6,6,6,6,6,6,9)
  ,(0.,7.077176733421E-02,0.149872005164,0.226832120539,0.286501054679,
    0.355518137127,0.430851958186,0.497368682999,0.571574291188,
    0.643106138267,0.715087966802,0.784438582505,0.855299110266,
    0.927915060597,1.),.UNSPECIFIED.);
#11977 = CARTESIAN_POINT('',(27.77532506746,12.949909757696,0.));
#11978 = CARTESIAN_POINT('',(27.714841583114,13.029452060944,0.));
#11979 = CARTESIAN_POINT('',(27.041778006574,12.956418332719,0.));
#11980 = CARTESIAN_POINT('',(27.746783806351,13.097849428152,0.));
#11981 = CARTESIAN_POINT('',(26.525597185762,13.013102275396,0.));
#11982 = CARTESIAN_POINT('',(27.079574068694,13.090987711331,0.));
#11983 = CARTESIAN_POINT('',(26.571641108127,13.085274136828,0.));
#11984 = CARTESIAN_POINT('',(26.284216217159,13.119639586818,0.));
#11985 = CARTESIAN_POINT('',(25.768787983395,13.129954651439,0.));
#11986 = CARTESIAN_POINT('',(25.701706111986,13.144085919047,0.));
#11987 = CARTESIAN_POINT('',(25.2771804295,13.133807586348,0.));
#11988 = CARTESIAN_POINT('',(25.238731999421,13.144626775033,0.));
#11989 = CARTESIAN_POINT('',(24.938028289549,13.135616395733,0.));
#11990 = CARTESIAN_POINT('',(24.549294581982,13.125178762403,0.));
#11991 = CARTESIAN_POINT('',(24.095475347613,13.094789353252,0.));
#11992 = CARTESIAN_POINT('',(23.927105589892,13.081110091076,0.));
#11993 = CARTESIAN_POINT('',(23.661019593324,13.052548418274,0.));
#11994 = CARTESIAN_POINT('',(23.502608314103,13.031935042994,0.));
#11995 = CARTESIAN_POINT('',(23.27112343686,12.996004103826,0.));
#11996 = CARTESIAN_POINT('',(22.915704742232,12.929096073031,0.));
#11997 = CARTESIAN_POINT('',(22.547858632685,12.836157096844,0.));
#11998 = CARTESIAN_POINT('',(22.401041642348,12.793368992851,0.));
#11999 = CARTESIAN_POINT('',(22.23311030228,12.739919836702,0.));
#12000 = CARTESIAN_POINT('',(22.09156584299,12.686660422737,0.));
#12001 = CARTESIAN_POINT('',(21.936516050185,12.622179699804,0.));
#12002 = CARTESIAN_POINT('',(21.622660712018,12.470571880005,0.));
#12003 = CARTESIAN_POINT('',(21.326784559611,12.278311129174,0.));
#12004 = CARTESIAN_POINT('',(21.179786290053,12.163616390268,0.));
#12005 = CARTESIAN_POINT('',(21.037209379352,12.035452878736,0.));
#12006 = CARTESIAN_POINT('',(20.913116178513,11.892947174508,0.));
#12007 = CARTESIAN_POINT('',(20.80133558087,11.740719442423,0.));
#12008 = CARTESIAN_POINT('',(20.604263694731,11.397426915713,0.));
#12009 = CARTESIAN_POINT('',(20.479494150312,11.024890353771,0.));
#12010 = CARTESIAN_POINT('',(20.435125015589,10.817633825717,0.));
#12011 = CARTESIAN_POINT('',(20.404565338637,10.624479978806,0.));
#12012 = CARTESIAN_POINT('',(20.400354678923,10.406094189318,0.));
#12013 = CARTESIAN_POINT('',(20.394851402051,10.209028759828,0.));
#12014 = CARTESIAN_POINT('',(20.423794511144,9.817142749285,0.));
#12015 = CARTESIAN_POINT('',(20.518253788061,9.446828962924,0.));
#12016 = CARTESIAN_POINT('',(20.581447996635,9.265970118468,0.));
#12017 = CARTESIAN_POINT('',(20.663366143321,9.119057887565,0.));
#12018 = CARTESIAN_POINT('',(20.762091164202,8.946259307792,0.));
#12019 = CARTESIAN_POINT('',(20.8915767,8.822861994816,0.));
#12020 = CARTESIAN_POINT('',(21.176750533797,8.565818868828,0.));
#12021 = CARTESIAN_POINT('',(21.507301116677,8.365881207419,0.));
#12022 = CARTESIAN_POINT('',(21.681170942184,8.274053439874,0.));
#12023 = CARTESIAN_POINT('',(21.877505864083,8.18821812522,0.));
#12024 = CARTESIAN_POINT('',(22.056669859897,8.122831744317,0.));
#12025 = CARTESIAN_POINT('',(22.251910578445,8.0517006867,0.));
#12026 = CARTESIAN_POINT('',(22.633930244442,7.949980262243,0.));
#12027 = CARTESIAN_POINT('',(23.014863619441,7.840233187503,0.));
#12028 = CARTESIAN_POINT('',(23.208266535658,7.791100976216,0.));
#12029 = CARTESIAN_POINT('',(23.379358925347,7.735813846754,0.));
#12030 = CARTESIAN_POINT('',(23.589860675848,7.68480861482,0.));
#12031 = CARTESIAN_POINT('',(23.758728969334,7.63290247793,0.));
#12032 = CARTESIAN_POINT('',(24.150764319168,7.526988911668,0.));
#12033 = CARTESIAN_POINT('',(24.506958898734,7.42380675528,0.));
#12034 = CARTESIAN_POINT('',(24.749910402788,7.364504152272,0.));
#12035 = CARTESIAN_POINT('',(24.819234866941,7.334098132782,0.));
#12036 = CARTESIAN_POINT('',(25.147617009242,7.235177379944,0.));
#12037 = CARTESIAN_POINT('',(25.25214977173,7.246592860479,0.));
#12038 = CARTESIAN_POINT('',(25.667775840426,7.067373409182,0.));
#12039 = CARTESIAN_POINT('',(25.860854340148,6.747344592353,0.));
#12040 = CARTESIAN_POINT('',(25.779977482478,6.474017815075,0.));
#12041 = CARTESIAN_POINT('',(25.942414671442,6.338463113668,0.));
#12042 = CARTESIAN_POINT('',(25.650971737623,6.106167369958,0.));
#12043 = CARTESIAN_POINT('',(25.530897207564,6.034993300406,0.));
#12044 = CARTESIAN_POINT('',(25.180204914068,5.872264089142,0.));
#12045 = CARTESIAN_POINT('',(24.798250191493,5.800359307129,0.));
#12046 = CARTESIAN_POINT('',(24.630238796537,5.771241892669,0.));
#12047 = CARTESIAN_POINT('',(24.389752479661,5.747927963462,0.));
#12048 = CARTESIAN_POINT('',(24.251131161467,5.739294611979,0.));
#12049 = CARTESIAN_POINT('',(24.025689459872,5.724368632238,0.));
#12050 = CARTESIAN_POINT('',(23.654405548972,5.716385360741,0.));
#12051 = CARTESIAN_POINT('',(23.245322902825,5.712133742726,0.));
#12052 = CARTESIAN_POINT('',(23.075807804592,5.726125708274,0.));
#12053 = CARTESIAN_POINT('',(22.841460190922,5.722062620797,0.));
#12054 = CARTESIAN_POINT('',(22.666218667963,5.756181840994,0.));
#12055 = CARTESIAN_POINT('',(22.469777505043,5.755124352745,0.));
#12056 = CARTESIAN_POINT('',(22.063290340986,5.807585345266,0.));
#12057 = CARTESIAN_POINT('',(21.696556943944,5.829926990547,0.));
#12058 = CARTESIAN_POINT('',(21.392940474586,5.920398502959,0.));
#12059 = CARTESIAN_POINT('',(21.515212454408,5.759835444318,0.));
#12060 = CARTESIAN_POINT('',(20.808702834752,6.076833060555,0.));
#12061 = CARTESIAN_POINT('',(21.12189701095,5.802378648336,0.));
#12062 = CARTESIAN_POINT('',(20.624114784294,6.030123052476,0.));
#12063 = CARTESIAN_POINT('',(20.514975815904,5.970565388392,0.));
#12064 = PCURVE('',#11613,#12065);
#12065 = DEFINITIONAL_REPRESENTATION('',(#12066),#12070);
#12066 = LINE('',#12067,#12068);
#12067 = CARTESIAN_POINT('',(0.,0.));
#12068 = VECTOR('',#12069,1.);
#12069 = DIRECTION('',(1.,0.));
#12070 = ( GEOMETRIC_REPRESENTATION_CONTEXT(2) 
PARAMETRIC_REPRESENTATION_CONTEXT() REPRESENTATION_CONTEXT('2D SPACE',''
  ) );
#12071 = PCURVE('',#11729,#12072);
#12072 = DEFINITIONAL_REPRESENTATION('',(#12073),#12161);
#12073 = B_SPLINE_CURVE_WITH_KNOTS('',8,(#12074,#12075,#12076,#12077,
    #12078,#12079,#12080,#12081,#12082,#12083,#12084,#12085,#12086,
    #12087,#12088,#12089,#12090,#12091,#12092,#12093,#12094,#12095,
    #12096,#12097,#12098,#12099,#12100,#12101,#12102,#12103,#12104,
    #12105,#12106,#12107,#12108,#12109,#12110,#12111,#12112,#12113,
    #12114,#12115,#12116,#12117,#12118,#12119,#12120,#12121,#12122,
    #12123,#12124,#12125,#12126,#12127,#12128,#12129,#12130,#12131,
    #12132,#12133,#12134,#12135,#12136,#12137,#12138,#12139,#12140,
    #12141,#12142,#12143,#12144,#12145,#12146,#12147,#12148,#12149,
    #12150,#12151,#12152,#12153,#12154,#12155,#12156,#12157,#12158,
    #12159,#12160),.UNSPECIFIED.,.F.,.F.,(9,6,6,6,6,6,6,6,6,6,6,6,6,6,9)
  ,(0.,7.077176733421E-02,0.149872005164,0.226832120539,0.286501054679,
    0.355518137127,0.430851958186,0.497368682999,0.571574291188,
    0.643106138267,0.715087966802,0.784438582505,0.855299110266,
    0.927915060597,1.),.UNSPECIFIED.);
#12074 = CARTESIAN_POINT('',(3.636716346118,4.557044689959));
#12075 = CARTESIAN_POINT('',(3.576232861772,4.636586993207));
#12076 = CARTESIAN_POINT('',(2.903169285232,4.563553264982));
#12077 = CARTESIAN_POINT('',(3.608175085009,4.704984360415));
#12078 = CARTESIAN_POINT('',(2.386988464419,4.620237207659));
#12079 = CARTESIAN_POINT('',(2.940965347352,4.698122643594));
#12080 = CARTESIAN_POINT('',(2.433032386785,4.692409069091));
#12081 = CARTESIAN_POINT('',(2.145607495817,4.726774519081));
#12082 = CARTESIAN_POINT('',(1.630179262052,4.737089583702));
#12083 = CARTESIAN_POINT('',(1.563097390644,4.75122085131));
#12084 = CARTESIAN_POINT('',(1.138571708158,4.740942518611));
#12085 = CARTESIAN_POINT('',(1.100123278079,4.751761707296));
#12086 = CARTESIAN_POINT('',(0.799419568207,4.742751327995));
#12087 = CARTESIAN_POINT('',(0.41068586064,4.732313694666));
#12088 = CARTESIAN_POINT('',(-4.313337372925E-02,4.701924285515));
#12089 = CARTESIAN_POINT('',(-0.21150313145,4.688245023339));
#12090 = CARTESIAN_POINT('',(-0.477589128018,4.659683350537));
#12091 = CARTESIAN_POINT('',(-0.636000407239,4.639069975257));
#12092 = CARTESIAN_POINT('',(-0.867485284482,4.603139036089));
#12093 = CARTESIAN_POINT('',(-1.222903979111,4.536231005294));
#12094 = CARTESIAN_POINT('',(-1.590750088657,4.443292029107));
#12095 = CARTESIAN_POINT('',(-1.737567078994,4.400503925114));
#12096 = CARTESIAN_POINT('',(-1.905498419062,4.347054768965));
#12097 = CARTESIAN_POINT('',(-2.047042878352,4.293795355));
#12098 = CARTESIAN_POINT('',(-2.202092671157,4.229314632067));
#12099 = CARTESIAN_POINT('',(-2.515948009324,4.077706812268));
#12100 = CARTESIAN_POINT('',(-2.811824161731,3.885446061437));
#12101 = CARTESIAN_POINT('',(-2.958822431289,3.770751322531));
#12102 = CARTESIAN_POINT('',(-3.10139934199,3.642587810999));
#12103 = CARTESIAN_POINT('',(-3.225492542829,3.500082106771));
#12104 = CARTESIAN_POINT('',(-3.337273140472,3.347854374686));
#12105 = CARTESIAN_POINT('',(-3.534345026611,3.004561847976));
#12106 = CARTESIAN_POINT('',(-3.659114571031,2.632025286034));
#12107 = CARTESIAN_POINT('',(-3.703483705753,2.42476875798));
#12108 = CARTESIAN_POINT('',(-3.734043382705,2.231614911069));
#12109 = CARTESIAN_POINT('',(-3.738254042419,2.013229121581));
#12110 = CARTESIAN_POINT('',(-3.743757319291,1.816163692091));
#12111 = CARTESIAN_POINT('',(-3.714814210198,1.424277681547));
#12112 = CARTESIAN_POINT('',(-3.620354933282,1.053963895187));
#12113 = CARTESIAN_POINT('',(-3.557160724708,0.873105050731));
#12114 = CARTESIAN_POINT('',(-3.475242578021,0.726192819828));
#12115 = CARTESIAN_POINT('',(-3.37651755714,0.553394240055));
#12116 = CARTESIAN_POINT('',(-3.247032021342,0.429996927079));
#12117 = CARTESIAN_POINT('',(-2.961858187545,0.172953801091));
#12118 = CARTESIAN_POINT('',(-2.631307604665,-2.6983860318E-02));
#12119 = CARTESIAN_POINT('',(-2.457437779158,-0.118811627863));
#12120 = CARTESIAN_POINT('',(-2.261102857259,-0.204646942517));
#12121 = CARTESIAN_POINT('',(-2.081938861445,-0.27003332342));
#12122 = CARTESIAN_POINT('',(-1.886698142897,-0.341164381037));
#12123 = CARTESIAN_POINT('',(-1.5046784769,-0.442884805494));
#12124 = CARTESIAN_POINT('',(-1.123745101901,-0.552631880234));
#12125 = CARTESIAN_POINT('',(-0.930342185684,-0.601764091521));
#12126 = CARTESIAN_POINT('',(-0.759249795995,-0.657051220983));
#12127 = CARTESIAN_POINT('',(-0.548748045494,-0.708056452917));
#12128 = CARTESIAN_POINT('',(-0.379879752008,-0.759962589807));
#12129 = CARTESIAN_POINT('',(1.215559782547E-02,-0.865876156069));
#12130 = CARTESIAN_POINT('',(0.368350177392,-0.969058312457));
#12131 = CARTESIAN_POINT('',(0.611301681446,-1.028360915465));
#12132 = CARTESIAN_POINT('',(0.680626145598,-1.058766934955));
#12133 = CARTESIAN_POINT('',(1.0090082879,-1.157687687793));
#12134 = CARTESIAN_POINT('',(1.113541050387,-1.146272207258));
#12135 = CARTESIAN_POINT('',(1.529167119084,-1.325491658555));
#12136 = CARTESIAN_POINT('',(1.722245618806,-1.645520475384));
#12137 = CARTESIAN_POINT('',(1.641368761135,-1.918847252662));
#12138 = CARTESIAN_POINT('',(1.8038059501,-2.054401954069));
#12139 = CARTESIAN_POINT('',(1.51236301628,-2.286697697779));
#12140 = CARTESIAN_POINT('',(1.392288486221,-2.357871767331));
#12141 = CARTESIAN_POINT('',(1.041596192726,-2.520600978595));
#12142 = CARTESIAN_POINT('',(0.65964147015,-2.592505760608));
#12143 = CARTESIAN_POINT('',(0.491630075194,-2.621623175068));
#12144 = CARTESIAN_POINT('',(0.251143758319,-2.644937104275));
#12145 = CARTESIAN_POINT('',(0.112522440125,-2.653570455758));
#12146 = CARTESIAN_POINT('',(-0.112919261471,-2.668496435499));
#12147 = CARTESIAN_POINT('',(-0.48420317237,-2.676479706996));
#12148 = CARTESIAN_POINT('',(-0.893285818517,-2.680731325011));
#12149 = CARTESIAN_POINT('',(-1.062800916751,-2.666739359463));
#12150 = CARTESIAN_POINT('',(-1.29714853042,-2.67080244694));
#12151 = CARTESIAN_POINT('',(-1.472390053379,-2.636683226743));
#12152 = CARTESIAN_POINT('',(-1.668831216299,-2.637740714992));
#12153 = CARTESIAN_POINT('',(-2.075318380356,-2.585279722471));
#12154 = CARTESIAN_POINT('',(-2.442051777398,-2.56293807719));
#12155 = CARTESIAN_POINT('',(-2.745668246756,-2.472466564778));
#12156 = CARTESIAN_POINT('',(-2.623396266934,-2.633029623419));
#12157 = CARTESIAN_POINT('',(-3.329905886591,-2.316032007182));
#12158 = CARTESIAN_POINT('',(-3.016711710392,-2.590486419401));
#12159 = CARTESIAN_POINT('',(-3.514493937048,-2.362742015261));
#12160 = CARTESIAN_POINT('',(-3.623632905438,-2.422299679345));
#12161 = ( GEOMETRIC_REPRESENTATION_CONTEXT(2) 
PARAMETRIC_REPRESENTATION_CONTEXT() REPRESENTATION_CONTEXT('2D SPACE',''
  ) );
#12162 = ADVANCED_FACE('',(#12163),#11956,.F.);
#12163 = FACE_BOUND('',#12164,.F.);
#12164 = EDGE_LOOP('',(#12165,#12166,#12197,#12220));
#12165 = ORIENTED_EDGE('',*,*,#11940,.T.);
#12166 = ORIENTED_EDGE('',*,*,#12167,.T.);
#12167 = EDGE_CURVE('',#11750,#12168,#12170,.T.);
#12168 = VERTEX_POINT('',#12169);
#12169 = CARTESIAN_POINT('',(20.274289407356,4.008643642348,2.));
#12170 = SURFACE_CURVE('',#12171,(#12179,#12186),.PCURVE_S1.);
#12171 = B_SPLINE_CURVE_WITH_KNOTS('',6,(#12172,#12173,#12174,#12175,
    #12176,#12177,#12178),.UNSPECIFIED.,.F.,.F.,(7,7),(0.,1.),
  .PIECEWISE_BEZIER_KNOTS.);
#12172 = CARTESIAN_POINT('',(20.514975815904,5.970565388392,2.));
#12173 = CARTESIAN_POINT('',(20.471689057205,5.64383989926,2.));
#12174 = CARTESIAN_POINT('',(20.442979473111,5.315944426013,2.));
#12175 = CARTESIAN_POINT('',(20.373995158975,4.991301495194,2.));
#12176 = CARTESIAN_POINT('',(20.371356456485,4.661251718397,2.));
#12177 = CARTESIAN_POINT('',(20.298007975905,4.337043679427,2.));
#12178 = CARTESIAN_POINT('',(20.274289407356,4.008643642348,2.));
#12179 = PCURVE('',#11956,#12180);
#12180 = DEFINITIONAL_REPRESENTATION('',(#12181),#12185);
#12181 = LINE('',#12182,#12183);
#12182 = CARTESIAN_POINT('',(0.,-2.));
#12183 = VECTOR('',#12184,1.);
#12184 = DIRECTION('',(1.,0.));
#12185 = ( GEOMETRIC_REPRESENTATION_CONTEXT(2) 
PARAMETRIC_REPRESENTATION_CONTEXT() REPRESENTATION_CONTEXT('2D SPACE',''
  ) );
#12186 = PCURVE('',#11581,#12187);
#12187 = DEFINITIONAL_REPRESENTATION('',(#12188),#12196);
#12188 = B_SPLINE_CURVE_WITH_KNOTS('',6,(#12189,#12190,#12191,#12192,
    #12193,#12194,#12195),.UNSPECIFIED.,.F.,.F.,(7,7),(0.,1.),
  .PIECEWISE_BEZIER_KNOTS.);
#12189 = CARTESIAN_POINT('',(-3.623632905438,-2.422299679345));
#12190 = CARTESIAN_POINT('',(-3.666919664137,-2.749025168477));
#12191 = CARTESIAN_POINT('',(-3.695629248231,-3.076920641724));
#12192 = CARTESIAN_POINT('',(-3.764613562367,-3.401563572543));
#12193 = CARTESIAN_POINT('',(-3.767252264857,-3.73161334934));
#12194 = CARTESIAN_POINT('',(-3.840600745437,-4.05582138831));
#12195 = CARTESIAN_POINT('',(-3.864319313986,-4.384221425389));
#12196 = ( GEOMETRIC_REPRESENTATION_CONTEXT(2) 
PARAMETRIC_REPRESENTATION_CONTEXT() REPRESENTATION_CONTEXT('2D SPACE',''
  ) );
#12197 = ORIENTED_EDGE('',*,*,#12198,.F.);
#12198 = EDGE_CURVE('',#12199,#12168,#12201,.T.);
#12199 = VERTEX_POINT('',#12200);
#12200 = CARTESIAN_POINT('',(20.274289407356,4.008643642348,0.));
#12201 = SURFACE_CURVE('',#12202,(#12206,#12213),.PCURVE_S1.);
#12202 = LINE('',#12203,#12204);
#12203 = CARTESIAN_POINT('',(20.274289407356,4.008643642348,0.));
#12204 = VECTOR('',#12205,1.);
#12205 = DIRECTION('',(0.,0.,1.));
#12206 = PCURVE('',#11956,#12207);
#12207 = DEFINITIONAL_REPRESENTATION('',(#12208),#12212);
#12208 = LINE('',#12209,#12210);
#12209 = CARTESIAN_POINT('',(1.,0.));
#12210 = VECTOR('',#12211,1.);
#12211 = DIRECTION('',(0.,-1.));
#12212 = ( GEOMETRIC_REPRESENTATION_CONTEXT(2) 
PARAMETRIC_REPRESENTATION_CONTEXT() REPRESENTATION_CONTEXT('2D SPACE',''
  ) );
#12213 = PCURVE('',#11499,#12214);
#12214 = DEFINITIONAL_REPRESENTATION('',(#12215),#12219);
#12215 = LINE('',#12216,#12217);
#12216 = CARTESIAN_POINT('',(0.,0.));
#12217 = VECTOR('',#12218,1.);
#12218 = DIRECTION('',(0.,-1.));
#12219 = ( GEOMETRIC_REPRESENTATION_CONTEXT(2) 
PARAMETRIC_REPRESENTATION_CONTEXT() REPRESENTATION_CONTEXT('2D SPACE',''
  ) );
#12220 = ORIENTED_EDGE('',*,*,#12221,.F.);
#12221 = EDGE_CURVE('',#11941,#12199,#12222,.T.);
#12222 = SURFACE_CURVE('',#12223,(#12231,#12238),.PCURVE_S1.);
#12223 = B_SPLINE_CURVE_WITH_KNOTS('',6,(#12224,#12225,#12226,#12227,
    #12228,#12229,#12230),.UNSPECIFIED.,.F.,.F.,(7,7),(0.,1.),
  .PIECEWISE_BEZIER_KNOTS.);
#12224 = CARTESIAN_POINT('',(20.514975815904,5.970565388392,0.));
#12225 = CARTESIAN_POINT('',(20.471689057205,5.64383989926,0.));
#12226 = CARTESIAN_POINT('',(20.442979473111,5.315944426013,0.));
#12227 = CARTESIAN_POINT('',(20.373995158975,4.991301495194,0.));
#12228 = CARTESIAN_POINT('',(20.371356456485,4.661251718397,0.));
#12229 = CARTESIAN_POINT('',(20.298007975905,4.337043679427,0.));
#12230 = CARTESIAN_POINT('',(20.274289407356,4.008643642348,0.));
#12231 = PCURVE('',#11956,#12232);
#12232 = DEFINITIONAL_REPRESENTATION('',(#12233),#12237);
#12233 = LINE('',#12234,#12235);
#12234 = CARTESIAN_POINT('',(0.,0.));
#12235 = VECTOR('',#12236,1.);
#12236 = DIRECTION('',(1.,0.));
#12237 = ( GEOMETRIC_REPRESENTATION_CONTEXT(2) 
PARAMETRIC_REPRESENTATION_CONTEXT() REPRESENTATION_CONTEXT('2D SPACE',''
  ) );
#12238 = PCURVE('',#11729,#12239);
#12239 = DEFINITIONAL_REPRESENTATION('',(#12240),#12248);
#12240 = B_SPLINE_CURVE_WITH_KNOTS('',6,(#12241,#12242,#12243,#12244,
    #12245,#12246,#12247),.UNSPECIFIED.,.F.,.F.,(7,7),(0.,1.),
  .PIECEWISE_BEZIER_KNOTS.);
#12241 = CARTESIAN_POINT('',(-3.623632905438,-2.422299679345));
#12242 = CARTESIAN_POINT('',(-3.666919664137,-2.749025168477));
#12243 = CARTESIAN_POINT('',(-3.695629248231,-3.076920641724));
#12244 = CARTESIAN_POINT('',(-3.764613562367,-3.401563572543));
#12245 = CARTESIAN_POINT('',(-3.767252264857,-3.73161334934));
#12246 = CARTESIAN_POINT('',(-3.840600745437,-4.05582138831));
#12247 = CARTESIAN_POINT('',(-3.864319313986,-4.384221425389));
#12248 = ( GEOMETRIC_REPRESENTATION_CONTEXT(2) 
PARAMETRIC_REPRESENTATION_CONTEXT() REPRESENTATION_CONTEXT('2D SPACE',''
  ) );
#12249 = ADVANCED_FACE('',(#12250),#11499,.F.);
#12250 = FACE_BOUND('',#12251,.F.);
#12251 = EDGE_LOOP('',(#12252,#12253,#12370,#12371));
#12252 = ORIENTED_EDGE('',*,*,#12198,.T.);
#12253 = ORIENTED_EDGE('',*,*,#12254,.T.);
#12254 = EDGE_CURVE('',#12168,#11473,#12255,.T.);
#12255 = SURFACE_CURVE('',#12256,(#12308,#12315),.PCURVE_S1.);
#12256 = B_SPLINE_CURVE_WITH_KNOTS('',8,(#12257,#12258,#12259,#12260,
    #12261,#12262,#12263,#12264,#12265,#12266,#12267,#12268,#12269,
    #12270,#12271,#12272,#12273,#12274,#12275,#12276,#12277,#12278,
    #12279,#12280,#12281,#12282,#12283,#12284,#12285,#12286,#12287,
    #12288,#12289,#12290,#12291,#12292,#12293,#12294,#12295,#12296,
    #12297,#12298,#12299,#12300,#12301,#12302,#12303,#12304,#12305,
    #12306,#12307),.UNSPECIFIED.,.F.,.F.,(9,6,6,6,6,6,6,6,9),(0.,
    0.122782678782,0.260919965044,0.372955407637,0.500274745235,
    0.625045276938,0.749337232856,0.869340723047,1.),.UNSPECIFIED.);
#12257 = CARTESIAN_POINT('',(20.274289407356,4.008643642348,2.));
#12258 = CARTESIAN_POINT('',(20.602577340762,3.939685041727,2.));
#12259 = CARTESIAN_POINT('',(20.934705314781,3.885175889785,2.));
#12260 = CARTESIAN_POINT('',(21.266856839779,3.846644459033,2.));
#12261 = CARTESIAN_POINT('',(21.602927650934,3.810936799877,2.));
#12262 = CARTESIAN_POINT('',(21.936044853017,3.789680138298,2.));
#12263 = CARTESIAN_POINT('',(22.272477379577,3.773661210534,2.));
#12264 = CARTESIAN_POINT('',(22.984540345295,3.751635059871,2.));
#12265 = CARTESIAN_POINT('',(23.69866109451,3.751503833716,2.));
#12266 = CARTESIAN_POINT('',(24.074104528391,3.748242778433,2.));
#12267 = CARTESIAN_POINT('',(24.455995070355,3.782847244277,2.));
#12268 = CARTESIAN_POINT('',(24.827669237769,3.804682849761,2.));
#12269 = CARTESIAN_POINT('',(25.205895667166,3.860645072205,2.));
#12270 = CARTESIAN_POINT('',(25.877097326701,3.990166765034,2.));
#12271 = CARTESIAN_POINT('',(26.52484433564,4.221101657396,2.));
#12272 = CARTESIAN_POINT('',(26.801311487878,4.345488299926,2.));
#12273 = CARTESIAN_POINT('',(27.078314759354,4.503216292934,2.));
#12274 = CARTESIAN_POINT('',(27.316100131712,4.694639586797,2.));
#12275 = CARTESIAN_POINT('',(27.531532588331,4.931628523342,2.));
#12276 = CARTESIAN_POINT('',(27.875796528152,5.493070394906,2.));
#12277 = CARTESIAN_POINT('',(28.030400350769,6.141584978046,2.));
#12278 = CARTESIAN_POINT('',(28.043151849552,6.495263822254,2.));
#12279 = CARTESIAN_POINT('',(28.039771601518,6.84018225096,2.));
#12280 = CARTESIAN_POINT('',(28.026722604446,7.19655504573,2.));
#12281 = CARTESIAN_POINT('',(27.896700330821,7.543533172991,2.));
#12282 = CARTESIAN_POINT('',(27.546456562015,8.146837648208,2.));
#12283 = CARTESIAN_POINT('',(26.960200229761,8.555836633941,2.));
#12284 = CARTESIAN_POINT('',(26.702234623612,8.725701006254,2.));
#12285 = CARTESIAN_POINT('',(26.281817172434,8.842535410255,2.));
#12286 = CARTESIAN_POINT('',(26.099796672328,8.98606142146,2.));
#12287 = CARTESIAN_POINT('',(25.657690535787,9.046298760841,2.));
#12288 = CARTESIAN_POINT('',(25.089236294647,9.224449537596,2.));
#12289 = CARTESIAN_POINT('',(24.324867866449,9.405774968556,2.));
#12290 = CARTESIAN_POINT('',(24.277972228253,9.477185008509,2.));
#12291 = CARTESIAN_POINT('',(23.33584387915,9.584874582136,2.));
#12292 = CARTESIAN_POINT('',(23.748851088497,9.711304431384,2.));
#12293 = CARTESIAN_POINT('',(22.938259228633,9.674073227615,2.));
#12294 = CARTESIAN_POINT('',(22.414101942386,10.014301710225,2.));
#12295 = CARTESIAN_POINT('',(22.60612516475,10.998849507756,2.));
#12296 = CARTESIAN_POINT('',(23.138774259434,10.867622981547,2.));
#12297 = CARTESIAN_POINT('',(23.429217096963,11.160757584311,2.));
#12298 = CARTESIAN_POINT('',(23.653294325152,11.050957551798,2.));
#12299 = CARTESIAN_POINT('',(24.066260218255,11.149948232018,2.));
#12300 = CARTESIAN_POINT('',(24.70167429282,11.165411463749,2.));
#12301 = CARTESIAN_POINT('',(25.432671253554,11.189811789597,2.));
#12302 = CARTESIAN_POINT('',(25.723908111299,11.160113270469,2.));
#12303 = CARTESIAN_POINT('',(26.180260868475,11.172907130188,2.));
#12304 = CARTESIAN_POINT('',(26.443381422638,11.139331591161,2.));
#12305 = CARTESIAN_POINT('',(26.855944854726,11.120654338284,2.));
#12306 = CARTESIAN_POINT('',(27.191470010454,11.089073121132,2.));
#12307 = CARTESIAN_POINT('',(27.550555647566,11.05676525271,2.));
#12308 = PCURVE('',#11499,#12309);
#12309 = DEFINITIONAL_REPRESENTATION('',(#12310),#12314);
#12310 = LINE('',#12311,#12312);
#12311 = CARTESIAN_POINT('',(0.,-2.));
#12312 = VECTOR('',#12313,1.);
#12313 = DIRECTION('',(1.,0.));
#12314 = ( GEOMETRIC_REPRESENTATION_CONTEXT(2) 
PARAMETRIC_REPRESENTATION_CONTEXT() REPRESENTATION_CONTEXT('2D SPACE',''
  ) );
#12315 = PCURVE('',#11581,#12316);
#12316 = DEFINITIONAL_REPRESENTATION('',(#12317),#12369);
#12317 = B_SPLINE_CURVE_WITH_KNOTS('',8,(#12318,#12319,#12320,#12321,
    #12322,#12323,#12324,#12325,#12326,#12327,#12328,#12329,#12330,
    #12331,#12332,#12333,#12334,#12335,#12336,#12337,#12338,#12339,
    #12340,#12341,#12342,#12343,#12344,#12345,#12346,#12347,#12348,
    #12349,#12350,#12351,#12352,#12353,#12354,#12355,#12356,#12357,
    #12358,#12359,#12360,#12361,#12362,#12363,#12364,#12365,#12366,
    #12367,#12368),.UNSPECIFIED.,.F.,.F.,(9,6,6,6,6,6,6,6,9),(0.,
    0.122782678782,0.260919965044,0.372955407637,0.500274745235,
    0.625045276938,0.749337232856,0.869340723047,1.),.UNSPECIFIED.);
#12318 = CARTESIAN_POINT('',(-3.864319313986,-4.384221425389));
#12319 = CARTESIAN_POINT('',(-3.53603138058,-4.45318002601));
#12320 = CARTESIAN_POINT('',(-3.203903406561,-4.507689177952));
#12321 = CARTESIAN_POINT('',(-2.871751881563,-4.546220608704));
#12322 = CARTESIAN_POINT('',(-2.535681070408,-4.58192826786));
#12323 = CARTESIAN_POINT('',(-2.202563868325,-4.603184929439));
#12324 = CARTESIAN_POINT('',(-1.866131341766,-4.619203857203));
#12325 = CARTESIAN_POINT('',(-1.154068376047,-4.641230007867));
#12326 = CARTESIAN_POINT('',(-0.439947626832,-4.641361234022));
#12327 = CARTESIAN_POINT('',(-6.450419295119E-02,-4.644622289304));
#12328 = CARTESIAN_POINT('',(0.317386349013,-4.61001782346));
#12329 = CARTESIAN_POINT('',(0.689060516427,-4.588182217976));
#12330 = CARTESIAN_POINT('',(1.067286945824,-4.532219995532));
#12331 = CARTESIAN_POINT('',(1.738488605359,-4.402698302703));
#12332 = CARTESIAN_POINT('',(2.386235614298,-4.171763410341));
#12333 = CARTESIAN_POINT('',(2.662702766536,-4.047376767811));
#12334 = CARTESIAN_POINT('',(2.939706038012,-3.889648774803));
#12335 = CARTESIAN_POINT('',(3.17749141037,-3.698225480941));
#12336 = CARTESIAN_POINT('',(3.392923866989,-3.461236544395));
#12337 = CARTESIAN_POINT('',(3.73718780681,-2.899794672831));
#12338 = CARTESIAN_POINT('',(3.891791629427,-2.251280089691));
#12339 = CARTESIAN_POINT('',(3.90454312821,-1.897601245483));
#12340 = CARTESIAN_POINT('',(3.901162880176,-1.552682816777));
#12341 = CARTESIAN_POINT('',(3.888113883104,-1.196310022007));
#12342 = CARTESIAN_POINT('',(3.758091609479,-0.849331894746));
#12343 = CARTESIAN_POINT('',(3.407847840673,-0.246027419529));
#12344 = CARTESIAN_POINT('',(2.821591508419,0.162971566204));
#12345 = CARTESIAN_POINT('',(2.56362590227,0.332835938516));
#12346 = CARTESIAN_POINT('',(2.143208451092,0.449670342518));
#12347 = CARTESIAN_POINT('',(1.961187950986,0.593196353723));
#12348 = CARTESIAN_POINT('',(1.519081814444,0.653433693104));
#12349 = CARTESIAN_POINT('',(0.950627573305,0.831584469858));
#12350 = CARTESIAN_POINT('',(0.186259145107,1.012909900819));
#12351 = CARTESIAN_POINT('',(0.139363506911,1.084319940772));
#12352 = CARTESIAN_POINT('',(-0.802764842192,1.192009514399));
#12353 = CARTESIAN_POINT('',(-0.389757632845,1.318439363647));
#12354 = CARTESIAN_POINT('',(-1.200349492709,1.281208159878));
#12355 = CARTESIAN_POINT('',(-1.724506778956,1.621436642488));
#12356 = CARTESIAN_POINT('',(-1.532483556593,2.605984440019));
#12357 = CARTESIAN_POINT('',(-0.999834461908,2.47475791381));
#12358 = CARTESIAN_POINT('',(-0.709391624379,2.767892516574));
#12359 = CARTESIAN_POINT('',(-0.48531439619,2.658092484061));
#12360 = CARTESIAN_POINT('',(-7.234850308754E-02,2.757083164281));
#12361 = CARTESIAN_POINT('',(0.563065571478,2.772546396012));
#12362 = CARTESIAN_POINT('',(1.294062532212,2.79694672186));
#12363 = CARTESIAN_POINT('',(1.585299389956,2.767248202732));
#12364 = CARTESIAN_POINT('',(2.041652147133,2.78004206245));
#12365 = CARTESIAN_POINT('',(2.304772701295,2.746466523424));
#12366 = CARTESIAN_POINT('',(2.717336133384,2.727789270547));
#12367 = CARTESIAN_POINT('',(3.052861289111,2.696208053395));
#12368 = CARTESIAN_POINT('',(3.411946926224,2.663900184972));
#12369 = ( GEOMETRIC_REPRESENTATION_CONTEXT(2) 
PARAMETRIC_REPRESENTATION_CONTEXT() REPRESENTATION_CONTEXT('2D SPACE',''
  ) );
#12370 = ORIENTED_EDGE('',*,*,#11470,.F.);
#12371 = ORIENTED_EDGE('',*,*,#12372,.F.);
#12372 = EDGE_CURVE('',#12199,#11471,#12373,.T.);
#12373 = SURFACE_CURVE('',#12374,(#12426,#12433),.PCURVE_S1.);
#12374 = B_SPLINE_CURVE_WITH_KNOTS('',8,(#12375,#12376,#12377,#12378,
    #12379,#12380,#12381,#12382,#12383,#12384,#12385,#12386,#12387,
    #12388,#12389,#12390,#12391,#12392,#12393,#12394,#12395,#12396,
    #12397,#12398,#12399,#12400,#12401,#12402,#12403,#12404,#12405,
    #12406,#12407,#12408,#12409,#12410,#12411,#12412,#12413,#12414,
    #12415,#12416,#12417,#12418,#12419,#12420,#12421,#12422,#12423,
    #12424,#12425),.UNSPECIFIED.,.F.,.F.,(9,6,6,6,6,6,6,6,9),(0.,
    0.122782678782,0.260919965044,0.372955407637,0.500274745235,
    0.625045276938,0.749337232856,0.869340723047,1.),.UNSPECIFIED.);
#12375 = CARTESIAN_POINT('',(20.274289407356,4.008643642348,0.));
#12376 = CARTESIAN_POINT('',(20.602577340762,3.939685041727,0.));
#12377 = CARTESIAN_POINT('',(20.934705314781,3.885175889785,0.));
#12378 = CARTESIAN_POINT('',(21.266856839779,3.846644459033,0.));
#12379 = CARTESIAN_POINT('',(21.602927650934,3.810936799877,0.));
#12380 = CARTESIAN_POINT('',(21.936044853017,3.789680138298,0.));
#12381 = CARTESIAN_POINT('',(22.272477379577,3.773661210534,0.));
#12382 = CARTESIAN_POINT('',(22.984540345295,3.751635059871,0.));
#12383 = CARTESIAN_POINT('',(23.69866109451,3.751503833716,0.));
#12384 = CARTESIAN_POINT('',(24.074104528391,3.748242778433,0.));
#12385 = CARTESIAN_POINT('',(24.455995070355,3.782847244277,0.));
#12386 = CARTESIAN_POINT('',(24.827669237769,3.804682849761,0.));
#12387 = CARTESIAN_POINT('',(25.205895667166,3.860645072205,0.));
#12388 = CARTESIAN_POINT('',(25.877097326701,3.990166765034,0.));
#12389 = CARTESIAN_POINT('',(26.52484433564,4.221101657396,0.));
#12390 = CARTESIAN_POINT('',(26.801311487878,4.345488299926,0.));
#12391 = CARTESIAN_POINT('',(27.078314759354,4.503216292934,0.));
#12392 = CARTESIAN_POINT('',(27.316100131712,4.694639586797,0.));
#12393 = CARTESIAN_POINT('',(27.531532588331,4.931628523342,0.));
#12394 = CARTESIAN_POINT('',(27.875796528152,5.493070394906,0.));
#12395 = CARTESIAN_POINT('',(28.030400350769,6.141584978046,0.));
#12396 = CARTESIAN_POINT('',(28.043151849552,6.495263822254,0.));
#12397 = CARTESIAN_POINT('',(28.039771601518,6.84018225096,0.));
#12398 = CARTESIAN_POINT('',(28.026722604446,7.19655504573,0.));
#12399 = CARTESIAN_POINT('',(27.896700330821,7.543533172991,0.));
#12400 = CARTESIAN_POINT('',(27.546456562015,8.146837648208,0.));
#12401 = CARTESIAN_POINT('',(26.960200229761,8.555836633941,0.));
#12402 = CARTESIAN_POINT('',(26.702234623612,8.725701006254,0.));
#12403 = CARTESIAN_POINT('',(26.281817172434,8.842535410255,0.));
#12404 = CARTESIAN_POINT('',(26.099796672328,8.98606142146,0.));
#12405 = CARTESIAN_POINT('',(25.657690535787,9.046298760841,0.));
#12406 = CARTESIAN_POINT('',(25.089236294647,9.224449537596,0.));
#12407 = CARTESIAN_POINT('',(24.324867866449,9.405774968556,0.));
#12408 = CARTESIAN_POINT('',(24.277972228253,9.477185008509,0.));
#12409 = CARTESIAN_POINT('',(23.33584387915,9.584874582136,0.));
#12410 = CARTESIAN_POINT('',(23.748851088497,9.711304431384,0.));
#12411 = CARTESIAN_POINT('',(22.938259228633,9.674073227615,0.));
#12412 = CARTESIAN_POINT('',(22.414101942386,10.014301710225,0.));
#12413 = CARTESIAN_POINT('',(22.60612516475,10.998849507756,0.));
#12414 = CARTESIAN_POINT('',(23.138774259434,10.867622981547,0.));
#12415 = CARTESIAN_POINT('',(23.429217096963,11.160757584311,0.));
#12416 = CARTESIAN_POINT('',(23.653294325152,11.050957551798,0.));
#12417 = CARTESIAN_POINT('',(24.066260218255,11.149948232018,0.));
#12418 = CARTESIAN_POINT('',(24.70167429282,11.165411463749,0.));
#12419 = CARTESIAN_POINT('',(25.432671253554,11.189811789597,0.));
#12420 = CARTESIAN_POINT('',(25.723908111299,11.160113270469,0.));
#12421 = CARTESIAN_POINT('',(26.180260868475,11.172907130188,0.));
#12422 = CARTESIAN_POINT('',(26.443381422638,11.139331591161,0.));
#12423 = CARTESIAN_POINT('',(26.855944854726,11.120654338284,0.));
#12424 = CARTESIAN_POINT('',(27.191470010454,11.089073121132,0.));
#12425 = CARTESIAN_POINT('',(27.550555647566,11.05676525271,0.));
#12426 = PCURVE('',#11499,#12427);
#12427 = DEFINITIONAL_REPRESENTATION('',(#12428),#12432);
#12428 = LINE('',#12429,#12430);
#12429 = CARTESIAN_POINT('',(0.,0.));
#12430 = VECTOR('',#12431,1.);
#12431 = DIRECTION('',(1.,0.));
#12432 = ( GEOMETRIC_REPRESENTATION_CONTEXT(2) 
PARAMETRIC_REPRESENTATION_CONTEXT() REPRESENTATION_CONTEXT('2D SPACE',''
  ) );
#12433 = PCURVE('',#11729,#12434);
#12434 = DEFINITIONAL_REPRESENTATION('',(#12435),#12487);
#12435 = B_SPLINE_CURVE_WITH_KNOTS('',8,(#12436,#12437,#12438,#12439,
    #12440,#12441,#12442,#12443,#12444,#12445,#12446,#12447,#12448,
    #12449,#12450,#12451,#12452,#12453,#12454,#12455,#12456,#12457,
    #12458,#12459,#12460,#12461,#12462,#12463,#12464,#12465,#12466,
    #12467,#12468,#12469,#12470,#12471,#12472,#12473,#12474,#12475,
    #12476,#12477,#12478,#12479,#12480,#12481,#12482,#12483,#12484,
    #12485,#12486),.UNSPECIFIED.,.F.,.F.,(9,6,6,6,6,6,6,6,9),(0.,
    0.122782678782,0.260919965044,0.372955407637,0.500274745235,
    0.625045276938,0.749337232856,0.869340723047,1.),.UNSPECIFIED.);
#12436 = CARTESIAN_POINT('',(-3.864319313986,-4.384221425389));
#12437 = CARTESIAN_POINT('',(-3.53603138058,-4.45318002601));
#12438 = CARTESIAN_POINT('',(-3.203903406561,-4.507689177952));
#12439 = CARTESIAN_POINT('',(-2.871751881563,-4.546220608704));
#12440 = CARTESIAN_POINT('',(-2.535681070408,-4.58192826786));
#12441 = CARTESIAN_POINT('',(-2.202563868325,-4.603184929439));
#12442 = CARTESIAN_POINT('',(-1.866131341766,-4.619203857203));
#12443 = CARTESIAN_POINT('',(-1.154068376047,-4.641230007867));
#12444 = CARTESIAN_POINT('',(-0.439947626832,-4.641361234022));
#12445 = CARTESIAN_POINT('',(-6.450419295119E-02,-4.644622289304));
#12446 = CARTESIAN_POINT('',(0.317386349013,-4.61001782346));
#12447 = CARTESIAN_POINT('',(0.689060516427,-4.588182217976));
#12448 = CARTESIAN_POINT('',(1.067286945824,-4.532219995532));
#12449 = CARTESIAN_POINT('',(1.738488605359,-4.402698302703));
#12450 = CARTESIAN_POINT('',(2.386235614298,-4.171763410341));
#12451 = CARTESIAN_POINT('',(2.662702766536,-4.047376767811));
#12452 = CARTESIAN_POINT('',(2.939706038012,-3.889648774803));
#12453 = CARTESIAN_POINT('',(3.17749141037,-3.698225480941));
#12454 = CARTESIAN_POINT('',(3.392923866989,-3.461236544395));
#12455 = CARTESIAN_POINT('',(3.73718780681,-2.899794672831));
#12456 = CARTESIAN_POINT('',(3.891791629427,-2.251280089691));
#12457 = CARTESIAN_POINT('',(3.90454312821,-1.897601245483));
#12458 = CARTESIAN_POINT('',(3.901162880176,-1.552682816777));
#12459 = CARTESIAN_POINT('',(3.888113883104,-1.196310022007));
#12460 = CARTESIAN_POINT('',(3.758091609479,-0.849331894746));
#12461 = CARTESIAN_POINT('',(3.407847840673,-0.246027419529));
#12462 = CARTESIAN_POINT('',(2.821591508419,0.162971566204));
#12463 = CARTESIAN_POINT('',(2.56362590227,0.332835938516));
#12464 = CARTESIAN_POINT('',(2.143208451092,0.449670342518));
#12465 = CARTESIAN_POINT('',(1.961187950986,0.593196353723));
#12466 = CARTESIAN_POINT('',(1.519081814444,0.653433693104));
#12467 = CARTESIAN_POINT('',(0.950627573305,0.831584469858));
#12468 = CARTESIAN_POINT('',(0.186259145107,1.012909900819));
#12469 = CARTESIAN_POINT('',(0.139363506911,1.084319940772));
#12470 = CARTESIAN_POINT('',(-0.802764842192,1.192009514399));
#12471 = CARTESIAN_POINT('',(-0.389757632845,1.318439363647));
#12472 = CARTESIAN_POINT('',(-1.200349492709,1.281208159878));
#12473 = CARTESIAN_POINT('',(-1.724506778956,1.621436642488));
#12474 = CARTESIAN_POINT('',(-1.532483556593,2.605984440019));
#12475 = CARTESIAN_POINT('',(-0.999834461908,2.47475791381));
#12476 = CARTESIAN_POINT('',(-0.709391624379,2.767892516574));
#12477 = CARTESIAN_POINT('',(-0.48531439619,2.658092484061));
#12478 = CARTESIAN_POINT('',(-7.234850308754E-02,2.757083164281));
#12479 = CARTESIAN_POINT('',(0.563065571478,2.772546396012));
#12480 = CARTESIAN_POINT('',(1.294062532212,2.79694672186));
#12481 = CARTESIAN_POINT('',(1.585299389956,2.767248202732));
#12482 = CARTESIAN_POINT('',(2.041652147133,2.78004206245));
#12483 = CARTESIAN_POINT('',(2.304772701295,2.746466523424));
#12484 = CARTESIAN_POINT('',(2.717336133384,2.727789270547));
#12485 = CARTESIAN_POINT('',(3.052861289111,2.696208053395));
#12486 = CARTESIAN_POINT('',(3.411946926224,2.663900184972));
#12487 = ( GEOMETRIC_REPRESENTATION_CONTEXT(2) 
PARAMETRIC_REPRESENTATION_CONTEXT() REPRESENTATION_CONTEXT('2D SPACE',''
  ) );
#12488 = ADVANCED_FACE('',(#12489),#11729,.F.);
#12489 = FACE_BOUND('',#12490,.F.);
#12490 = EDGE_LOOP('',(#12491,#12492,#12493,#12494));
#12491 = ORIENTED_EDGE('',*,*,#11711,.T.);
#12492 = ORIENTED_EDGE('',*,*,#11974,.T.);
#12493 = ORIENTED_EDGE('',*,*,#12221,.T.);
#12494 = ORIENTED_EDGE('',*,*,#12372,.T.);
#12495 = ADVANCED_FACE('',(#12496),#11581,.T.);
#12496 = FACE_BOUND('',#12497,.T.);
#12497 = EDGE_LOOP('',(#12498,#12499,#12500,#12501));
#12498 = ORIENTED_EDGE('',*,*,#11561,.T.);
#12499 = ORIENTED_EDGE('',*,*,#11749,.T.);
#12500 = ORIENTED_EDGE('',*,*,#12167,.T.);
#12501 = ORIENTED_EDGE('',*,*,#12254,.T.);
#12502 = MANIFOLD_SOLID_BREP('',#12503);
#12503 = CLOSED_SHELL('',(#12504,#12698,#12877,#13023,#13291,#13367,
    #13450,#13554,#13654,#13725,#13868,#13881));
#12504 = ADVANCED_FACE('',(#12505),#12519,.F.);
#12505 = FACE_BOUND('',#12506,.F.);
#12506 = EDGE_LOOP('',(#12507,#12574,#12610,#12664));
#12507 = ORIENTED_EDGE('',*,*,#12508,.T.);
#12508 = EDGE_CURVE('',#12509,#12511,#12513,.T.);
#12509 = VERTEX_POINT('',#12510);
#12510 = CARTESIAN_POINT('',(17.369546014658,12.967276854128,0.));
#12511 = VERTEX_POINT('',#12512);
#12512 = CARTESIAN_POINT('',(17.369546014658,12.967276854128,2.));
#12513 = SURFACE_CURVE('',#12514,(#12518,#12536),.PCURVE_S1.);
#12514 = LINE('',#12515,#12516);
#12515 = CARTESIAN_POINT('',(17.369546014658,12.967276854128,0.));
#12516 = VECTOR('',#12517,1.);
#12517 = DIRECTION('',(0.,0.,1.));
#12518 = PCURVE('',#12519,#12530);
#12519 = SURFACE_OF_LINEAR_EXTRUSION('',#12520,#12528);
#12520 = B_SPLINE_CURVE_WITH_KNOTS('',6,(#12521,#12522,#12523,#12524,
    #12525,#12526,#12527),.UNSPECIFIED.,.F.,.F.,(7,7),(0.,1.),
  .PIECEWISE_BEZIER_KNOTS.);
#12521 = CARTESIAN_POINT('',(17.369546014658,12.967276854128,0.));
#12522 = CARTESIAN_POINT('',(16.941620336926,12.976453347618,0.));
#12523 = CARTESIAN_POINT('',(17.035797891767,12.929042212741,0.));
#12524 = CARTESIAN_POINT('',(15.674881865382,13.044371990728,0.));
#12525 = CARTESIAN_POINT('',(16.673514954832,12.87469810047,0.));
#12526 = CARTESIAN_POINT('',(15.304036046592,13.037780714668,0.));
#12527 = CARTESIAN_POINT('',(15.313316048733,12.932135620704,0.));
#12528 = VECTOR('',#12529,1.);
#12529 = DIRECTION('',(-0.,-0.,-1.));
#12530 = DEFINITIONAL_REPRESENTATION('',(#12531),#12535);
#12531 = LINE('',#12532,#12533);
#12532 = CARTESIAN_POINT('',(0.,0.));
#12533 = VECTOR('',#12534,1.);
#12534 = DIRECTION('',(0.,-1.));
#12535 = ( GEOMETRIC_REPRESENTATION_CONTEXT(2) 
PARAMETRIC_REPRESENTATION_CONTEXT() REPRESENTATION_CONTEXT('2D SPACE',''
  ) );
#12536 = PCURVE('',#12537,#12568);
#12537 = SURFACE_OF_LINEAR_EXTRUSION('',#12538,#12566);
#12538 = B_SPLINE_CURVE_WITH_KNOTS('',8,(#12539,#12540,#12541,#12542,
    #12543,#12544,#12545,#12546,#12547,#12548,#12549,#12550,#12551,
    #12552,#12553,#12554,#12555,#12556,#12557,#12558,#12559,#12560,
    #12561,#12562,#12563,#12564,#12565),.UNSPECIFIED.,.F.,.F.,(9,6,6,6,9
    ),(0.,0.160425667994,0.324118347611,0.664913859565,1.),
  .UNSPECIFIED.);
#12539 = CARTESIAN_POINT('',(17.422915866147,5.817929406225,0.));
#12540 = CARTESIAN_POINT('',(17.414577571226,5.961036471957,0.));
#12541 = CARTESIAN_POINT('',(17.43056957113,6.105404030096,0.));
#12542 = CARTESIAN_POINT('',(17.409489709893,6.249204993535,0.));
#12543 = CARTESIAN_POINT('',(17.42842670411,6.390449167215,0.));
#12544 = CARTESIAN_POINT('',(17.417337505416,6.537582506875,0.));
#12545 = CARTESIAN_POINT('',(17.421061855179,6.678381541219,0.));
#12546 = CARTESIAN_POINT('',(17.420225383849,6.970649614171,0.));
#12547 = CARTESIAN_POINT('',(17.420707900349,7.258103295966,0.));
#12548 = CARTESIAN_POINT('',(17.420914567652,7.411374491204,0.));
#12549 = CARTESIAN_POINT('',(17.419262542,7.542556627276,0.));
#12550 = CARTESIAN_POINT('',(17.422205566126,7.708666105889,0.));
#12551 = CARTESIAN_POINT('',(17.419707001614,7.84103557166,0.));
#12552 = CARTESIAN_POINT('',(17.422429232865,8.306260809604,0.));
#12553 = CARTESIAN_POINT('',(17.417352810351,8.732784901846,0.));
#12554 = CARTESIAN_POINT('',(17.430848830211,9.102189888152,0.));
#12555 = CARTESIAN_POINT('',(17.403722735391,9.279453697799,0.));
#12556 = CARTESIAN_POINT('',(17.436434458328,9.737373659867,0.));
#12557 = CARTESIAN_POINT('',(17.412293798532,9.929784967379,0.));
#12558 = CARTESIAN_POINT('',(17.431991463272,10.627147312463,0.));
#12559 = CARTESIAN_POINT('',(17.407405693782,11.114954815559,0.));
#12560 = CARTESIAN_POINT('',(17.488686952967,11.809334626243,0.));
#12561 = CARTESIAN_POINT('',(17.264067306406,11.029358916183,0.));
#12562 = CARTESIAN_POINT('',(17.636439892456,13.063067097682,0.));
#12563 = CARTESIAN_POINT('',(17.224997029094,11.579282425878,0.));
#12564 = CARTESIAN_POINT('',(17.540838504112,13.037861199446,0.));
#12565 = CARTESIAN_POINT('',(17.369546014658,12.967276854128,0.));
#12566 = VECTOR('',#12567,1.);
#12567 = DIRECTION('',(-0.,-0.,-1.));
#12568 = DEFINITIONAL_REPRESENTATION('',(#12569),#12573);
#12569 = LINE('',#12570,#12571);
#12570 = CARTESIAN_POINT('',(1.,0.));
#12571 = VECTOR('',#12572,1.);
#12572 = DIRECTION('',(0.,-1.));
#12573 = ( GEOMETRIC_REPRESENTATION_CONTEXT(2) 
PARAMETRIC_REPRESENTATION_CONTEXT() REPRESENTATION_CONTEXT('2D SPACE',''
  ) );
#12574 = ORIENTED_EDGE('',*,*,#12575,.T.);
#12575 = EDGE_CURVE('',#12511,#12576,#12578,.T.);
#12576 = VERTEX_POINT('',#12577);
#12577 = CARTESIAN_POINT('',(15.313316048733,12.932135620704,2.));
#12578 = SURFACE_CURVE('',#12579,(#12587,#12594),.PCURVE_S1.);
#12579 = B_SPLINE_CURVE_WITH_KNOTS('',6,(#12580,#12581,#12582,#12583,
    #12584,#12585,#12586),.UNSPECIFIED.,.F.,.F.,(7,7),(0.,1.),
  .PIECEWISE_BEZIER_KNOTS.);
#12580 = CARTESIAN_POINT('',(17.369546014658,12.967276854128,2.));
#12581 = CARTESIAN_POINT('',(16.941620336926,12.976453347618,2.));
#12582 = CARTESIAN_POINT('',(17.035797891767,12.929042212741,2.));
#12583 = CARTESIAN_POINT('',(15.674881865382,13.044371990728,2.));
#12584 = CARTESIAN_POINT('',(16.673514954832,12.87469810047,2.));
#12585 = CARTESIAN_POINT('',(15.304036046592,13.037780714668,2.));
#12586 = CARTESIAN_POINT('',(15.313316048733,12.932135620704,2.));
#12587 = PCURVE('',#12519,#12588);
#12588 = DEFINITIONAL_REPRESENTATION('',(#12589),#12593);
#12589 = LINE('',#12590,#12591);
#12590 = CARTESIAN_POINT('',(0.,-2.));
#12591 = VECTOR('',#12592,1.);
#12592 = DIRECTION('',(1.,0.));
#12593 = ( GEOMETRIC_REPRESENTATION_CONTEXT(2) 
PARAMETRIC_REPRESENTATION_CONTEXT() REPRESENTATION_CONTEXT('2D SPACE',''
  ) );
#12594 = PCURVE('',#12595,#12600);
#12595 = PLANE('',#12596);
#12596 = AXIS2_PLACEMENT_3D('',#12597,#12598,#12599);
#12597 = CARTESIAN_POINT('',(14.081540721435,8.062147763975,2.));
#12598 = DIRECTION('',(0.,0.,1.));
#12599 = DIRECTION('',(1.,0.,-0.));
#12600 = DEFINITIONAL_REPRESENTATION('',(#12601),#12609);
#12601 = B_SPLINE_CURVE_WITH_KNOTS('',6,(#12602,#12603,#12604,#12605,
    #12606,#12607,#12608),.UNSPECIFIED.,.F.,.F.,(7,7),(0.,1.),
  .PIECEWISE_BEZIER_KNOTS.);
#12602 = CARTESIAN_POINT('',(3.288005293222,4.905129090153));
#12603 = CARTESIAN_POINT('',(2.860079615491,4.914305583643));
#12604 = CARTESIAN_POINT('',(2.954257170332,4.866894448766));
#12605 = CARTESIAN_POINT('',(1.593341143947,4.982224226752));
#12606 = CARTESIAN_POINT('',(2.591974233397,4.812550336494));
#12607 = CARTESIAN_POINT('',(1.222495325156,4.975632950693));
#12608 = CARTESIAN_POINT('',(1.231775327297,4.869987856729));
#12609 = ( GEOMETRIC_REPRESENTATION_CONTEXT(2) 
PARAMETRIC_REPRESENTATION_CONTEXT() REPRESENTATION_CONTEXT('2D SPACE',''
  ) );
#12610 = ORIENTED_EDGE('',*,*,#12611,.F.);
#12611 = EDGE_CURVE('',#12612,#12576,#12614,.T.);
#12612 = VERTEX_POINT('',#12613);
#12613 = CARTESIAN_POINT('',(15.313316048733,12.932135620704,0.));
#12614 = SURFACE_CURVE('',#12615,(#12619,#12626),.PCURVE_S1.);
#12615 = LINE('',#12616,#12617);
#12616 = CARTESIAN_POINT('',(15.313316048733,12.932135620704,0.));
#12617 = VECTOR('',#12618,1.);
#12618 = DIRECTION('',(0.,0.,1.));
#12619 = PCURVE('',#12519,#12620);
#12620 = DEFINITIONAL_REPRESENTATION('',(#12621),#12625);
#12621 = LINE('',#12622,#12623);
#12622 = CARTESIAN_POINT('',(1.,0.));
#12623 = VECTOR('',#12624,1.);
#12624 = DIRECTION('',(0.,-1.));
#12625 = ( GEOMETRIC_REPRESENTATION_CONTEXT(2) 
PARAMETRIC_REPRESENTATION_CONTEXT() REPRESENTATION_CONTEXT('2D SPACE',''
  ) );
#12626 = PCURVE('',#12627,#12658);
#12627 = SURFACE_OF_LINEAR_EXTRUSION('',#12628,#12656);
#12628 = B_SPLINE_CURVE_WITH_KNOTS('',8,(#12629,#12630,#12631,#12632,
    #12633,#12634,#12635,#12636,#12637,#12638,#12639,#12640,#12641,
    #12642,#12643,#12644,#12645,#12646,#12647,#12648,#12649,#12650,
    #12651,#12652,#12653,#12654,#12655),.UNSPECIFIED.,.F.,.F.,(9,6,6,6,9
    ),(0.,0.346195031024,0.557822814952,0.778489406522,1.),
  .UNSPECIFIED.);
#12629 = CARTESIAN_POINT('',(15.313316048733,12.932135620704,0.));
#12630 = CARTESIAN_POINT('',(15.309354881985,12.226800462671,0.));
#12631 = CARTESIAN_POINT('',(15.335794635508,11.513894433777,0.));
#12632 = CARTESIAN_POINT('',(15.250637621584,10.825186080613,0.));
#12633 = CARTESIAN_POINT('',(15.417630488088,10.090277929909,0.));
#12634 = CARTESIAN_POINT('',(15.209552332007,9.411191173502,0.));
#12635 = CARTESIAN_POINT('',(15.356559827121,8.691940671219,0.));
#12636 = CARTESIAN_POINT('',(15.350800266932,7.548647171928,0.));
#12637 = CARTESIAN_POINT('',(15.013452084554,6.439155135604,0.));
#12638 = CARTESIAN_POINT('',(14.846016856844,6.098115594963,0.));
#12639 = CARTESIAN_POINT('',(14.386411777845,5.566933821276,0.));
#12640 = CARTESIAN_POINT('',(13.90232228236,5.790848667329,0.));
#12641 = CARTESIAN_POINT('',(13.507089453699,5.601328366859,0.));
#12642 = CARTESIAN_POINT('',(12.534016291983,5.817650320681,0.));
#12643 = CARTESIAN_POINT('',(12.048110139594,6.591452267653,0.));
#12644 = CARTESIAN_POINT('',(11.837627566789,7.14868894719,0.));
#12645 = CARTESIAN_POINT('',(12.24349997018,7.527318051254,0.));
#12646 = CARTESIAN_POINT('',(11.979303624957,8.00635355435,0.));
#12647 = CARTESIAN_POINT('',(12.065553850755,8.450098326706,0.));
#12648 = CARTESIAN_POINT('',(12.045842198743,9.353381138854,0.));
#12649 = CARTESIAN_POINT('',(12.059686118021,10.25497610942,0.));
#12650 = CARTESIAN_POINT('',(12.049349120552,10.707844954091,0.));
#12651 = CARTESIAN_POINT('',(12.051108769842,11.158516108123,0.));
#12652 = CARTESIAN_POINT('',(12.067467375849,11.611956960294,0.));
#12653 = CARTESIAN_POINT('',(12.03988090571,12.062894083009,0.));
#12654 = CARTESIAN_POINT('',(12.06294904268,12.515463947539,0.));
#12655 = CARTESIAN_POINT('',(12.051653614574,12.967276854128,0.));
#12656 = VECTOR('',#12657,1.);
#12657 = DIRECTION('',(-0.,-0.,-1.));
#12658 = DEFINITIONAL_REPRESENTATION('',(#12659),#12663);
#12659 = LINE('',#12660,#12661);
#12660 = CARTESIAN_POINT('',(0.,0.));
#12661 = VECTOR('',#12662,1.);
#12662 = DIRECTION('',(0.,-1.));
#12663 = ( GEOMETRIC_REPRESENTATION_CONTEXT(2) 
PARAMETRIC_REPRESENTATION_CONTEXT() REPRESENTATION_CONTEXT('2D SPACE',''
  ) );
#12664 = ORIENTED_EDGE('',*,*,#12665,.F.);
#12665 = EDGE_CURVE('',#12509,#12612,#12666,.T.);
#12666 = SURFACE_CURVE('',#12667,(#12675,#12682),.PCURVE_S1.);
#12667 = B_SPLINE_CURVE_WITH_KNOTS('',6,(#12668,#12669,#12670,#12671,
    #12672,#12673,#12674),.UNSPECIFIED.,.F.,.F.,(7,7),(0.,1.),
  .PIECEWISE_BEZIER_KNOTS.);
#12668 = CARTESIAN_POINT('',(17.369546014658,12.967276854128,0.));
#12669 = CARTESIAN_POINT('',(16.941620336926,12.976453347618,0.));
#12670 = CARTESIAN_POINT('',(17.035797891767,12.929042212741,0.));
#12671 = CARTESIAN_POINT('',(15.674881865382,13.044371990728,0.));
#12672 = CARTESIAN_POINT('',(16.673514954832,12.87469810047,0.));
#12673 = CARTESIAN_POINT('',(15.304036046592,13.037780714668,0.));
#12674 = CARTESIAN_POINT('',(15.313316048733,12.932135620704,0.));
#12675 = PCURVE('',#12519,#12676);
#12676 = DEFINITIONAL_REPRESENTATION('',(#12677),#12681);
#12677 = LINE('',#12678,#12679);
#12678 = CARTESIAN_POINT('',(0.,0.));
#12679 = VECTOR('',#12680,1.);
#12680 = DIRECTION('',(1.,0.));
#12681 = ( GEOMETRIC_REPRESENTATION_CONTEXT(2) 
PARAMETRIC_REPRESENTATION_CONTEXT() REPRESENTATION_CONTEXT('2D SPACE',''
  ) );
#12682 = PCURVE('',#12683,#12688);
#12683 = PLANE('',#12684);
#12684 = AXIS2_PLACEMENT_3D('',#12685,#12686,#12687);
#12685 = CARTESIAN_POINT('',(14.081540721435,8.062147763975,0.));
#12686 = DIRECTION('',(0.,0.,1.));
#12687 = DIRECTION('',(1.,0.,-0.));
#12688 = DEFINITIONAL_REPRESENTATION('',(#12689),#12697);
#12689 = B_SPLINE_CURVE_WITH_KNOTS('',6,(#12690,#12691,#12692,#12693,
    #12694,#12695,#12696),.UNSPECIFIED.,.F.,.F.,(7,7),(0.,1.),
  .PIECEWISE_BEZIER_KNOTS.);
#12690 = CARTESIAN_POINT('',(3.288005293222,4.905129090153));
#12691 = CARTESIAN_POINT('',(2.860079615491,4.914305583643));
#12692 = CARTESIAN_POINT('',(2.954257170332,4.866894448766));
#12693 = CARTESIAN_POINT('',(1.593341143947,4.982224226752));
#12694 = CARTESIAN_POINT('',(2.591974233397,4.812550336494));
#12695 = CARTESIAN_POINT('',(1.222495325156,4.975632950693));
#12696 = CARTESIAN_POINT('',(1.231775327297,4.869987856729));
#12697 = ( GEOMETRIC_REPRESENTATION_CONTEXT(2) 
PARAMETRIC_REPRESENTATION_CONTEXT() REPRESENTATION_CONTEXT('2D SPACE',''
  ) );
#12698 = ADVANCED_FACE('',(#12699),#12627,.F.);
#12699 = FACE_BOUND('',#12700,.F.);
#12700 = EDGE_LOOP('',(#12701,#12702,#12773,#12808));
#12701 = ORIENTED_EDGE('',*,*,#12611,.T.);
#12702 = ORIENTED_EDGE('',*,*,#12703,.T.);
#12703 = EDGE_CURVE('',#12576,#12704,#12706,.T.);
#12704 = VERTEX_POINT('',#12705);
#12705 = CARTESIAN_POINT('',(12.051653614574,12.967276854128,2.));
#12706 = SURFACE_CURVE('',#12707,(#12735,#12742),.PCURVE_S1.);
#12707 = B_SPLINE_CURVE_WITH_KNOTS('',8,(#12708,#12709,#12710,#12711,
    #12712,#12713,#12714,#12715,#12716,#12717,#12718,#12719,#12720,
    #12721,#12722,#12723,#12724,#12725,#12726,#12727,#12728,#12729,
    #12730,#12731,#12732,#12733,#12734),.UNSPECIFIED.,.F.,.F.,(9,6,6,6,9
    ),(0.,0.346195031024,0.557822814952,0.778489406522,1.),
  .UNSPECIFIED.);
#12708 = CARTESIAN_POINT('',(15.313316048733,12.932135620704,2.));
#12709 = CARTESIAN_POINT('',(15.309354881985,12.226800462671,2.));
#12710 = CARTESIAN_POINT('',(15.335794635508,11.513894433777,2.));
#12711 = CARTESIAN_POINT('',(15.250637621584,10.825186080613,2.));
#12712 = CARTESIAN_POINT('',(15.417630488088,10.090277929909,2.));
#12713 = CARTESIAN_POINT('',(15.209552332007,9.411191173502,2.));
#12714 = CARTESIAN_POINT('',(15.356559827121,8.691940671219,2.));
#12715 = CARTESIAN_POINT('',(15.350800266932,7.548647171928,2.));
#12716 = CARTESIAN_POINT('',(15.013452084554,6.439155135604,2.));
#12717 = CARTESIAN_POINT('',(14.846016856844,6.098115594963,2.));
#12718 = CARTESIAN_POINT('',(14.386411777845,5.566933821276,2.));
#12719 = CARTESIAN_POINT('',(13.90232228236,5.790848667329,2.));
#12720 = CARTESIAN_POINT('',(13.507089453699,5.601328366859,2.));
#12721 = CARTESIAN_POINT('',(12.534016291983,5.817650320681,2.));
#12722 = CARTESIAN_POINT('',(12.048110139594,6.591452267653,2.));
#12723 = CARTESIAN_POINT('',(11.837627566789,7.14868894719,2.));
#12724 = CARTESIAN_POINT('',(12.24349997018,7.527318051254,2.));
#12725 = CARTESIAN_POINT('',(11.979303624957,8.00635355435,2.));
#12726 = CARTESIAN_POINT('',(12.065553850755,8.450098326706,2.));
#12727 = CARTESIAN_POINT('',(12.045842198743,9.353381138854,2.));
#12728 = CARTESIAN_POINT('',(12.059686118021,10.25497610942,2.));
#12729 = CARTESIAN_POINT('',(12.049349120552,10.707844954091,2.));
#12730 = CARTESIAN_POINT('',(12.051108769842,11.158516108123,2.));
#12731 = CARTESIAN_POINT('',(12.067467375849,11.611956960294,2.));
#12732 = CARTESIAN_POINT('',(12.03988090571,12.062894083009,2.));
#12733 = CARTESIAN_POINT('',(12.06294904268,12.515463947539,2.));
#12734 = CARTESIAN_POINT('',(12.051653614574,12.967276854128,2.));
#12735 = PCURVE('',#12627,#12736);
#12736 = DEFINITIONAL_REPRESENTATION('',(#12737),#12741);
#12737 = LINE('',#12738,#12739);
#12738 = CARTESIAN_POINT('',(0.,-2.));
#12739 = VECTOR('',#12740,1.);
#12740 = DIRECTION('',(1.,0.));
#12741 = ( GEOMETRIC_REPRESENTATION_CONTEXT(2) 
PARAMETRIC_REPRESENTATION_CONTEXT() REPRESENTATION_CONTEXT('2D SPACE',''
  ) );
#12742 = PCURVE('',#12595,#12743);
#12743 = DEFINITIONAL_REPRESENTATION('',(#12744),#12772);
#12744 = B_SPLINE_CURVE_WITH_KNOTS('',8,(#12745,#12746,#12747,#12748,
    #12749,#12750,#12751,#12752,#12753,#12754,#12755,#12756,#12757,
    #12758,#12759,#12760,#12761,#12762,#12763,#12764,#12765,#12766,
    #12767,#12768,#12769,#12770,#12771),.UNSPECIFIED.,.F.,.F.,(9,6,6,6,9
    ),(0.,0.346195031024,0.557822814952,0.778489406522,1.),
  .UNSPECIFIED.);
#12745 = CARTESIAN_POINT('',(1.231775327297,4.869987856729));
#12746 = CARTESIAN_POINT('',(1.22781416055,4.164652698696));
#12747 = CARTESIAN_POINT('',(1.254253914073,3.451746669802));
#12748 = CARTESIAN_POINT('',(1.169096900148,2.763038316637));
#12749 = CARTESIAN_POINT('',(1.336089766652,2.028130165934));
#12750 = CARTESIAN_POINT('',(1.128011610571,1.349043409527));
#12751 = CARTESIAN_POINT('',(1.275019105685,0.629792907244));
#12752 = CARTESIAN_POINT('',(1.269259545496,-0.513500592047));
#12753 = CARTESIAN_POINT('',(0.931911363119,-1.622992628371));
#12754 = CARTESIAN_POINT('',(0.764476135409,-1.964032169012));
#12755 = CARTESIAN_POINT('',(0.30487105641,-2.495213942699));
#12756 = CARTESIAN_POINT('',(-0.179218439076,-2.271299096646));
#12757 = CARTESIAN_POINT('',(-0.574451267737,-2.460819397116));
#12758 = CARTESIAN_POINT('',(-1.547524429453,-2.244497443294));
#12759 = CARTESIAN_POINT('',(-2.033430581841,-1.470695496322));
#12760 = CARTESIAN_POINT('',(-2.243913154647,-0.913458816785));
#12761 = CARTESIAN_POINT('',(-1.838040751256,-0.534829712722));
#12762 = CARTESIAN_POINT('',(-2.102237096478,-5.579420962523E-02));
#12763 = CARTESIAN_POINT('',(-2.015986870681,0.387950562731));
#12764 = CARTESIAN_POINT('',(-2.035698522693,1.291233374879));
#12765 = CARTESIAN_POINT('',(-2.021854603414,2.192828345445));
#12766 = CARTESIAN_POINT('',(-2.032191600884,2.645697190116));
#12767 = CARTESIAN_POINT('',(-2.030431951594,3.096368344148));
#12768 = CARTESIAN_POINT('',(-2.014073345587,3.549809196318));
#12769 = CARTESIAN_POINT('',(-2.041659815726,4.000746319034));
#12770 = CARTESIAN_POINT('',(-2.018591678755,4.453316183564));
#12771 = CARTESIAN_POINT('',(-2.029887106862,4.905129090153));
#12772 = ( GEOMETRIC_REPRESENTATION_CONTEXT(2) 
PARAMETRIC_REPRESENTATION_CONTEXT() REPRESENTATION_CONTEXT('2D SPACE',''
  ) );
#12773 = ORIENTED_EDGE('',*,*,#12774,.F.);
#12774 = EDGE_CURVE('',#12775,#12704,#12777,.T.);
#12775 = VERTEX_POINT('',#12776);
#12776 = CARTESIAN_POINT('',(12.051653614574,12.967276854128,0.));
#12777 = SURFACE_CURVE('',#12778,(#12782,#12789),.PCURVE_S1.);
#12778 = LINE('',#12779,#12780);
#12779 = CARTESIAN_POINT('',(12.051653614574,12.967276854128,0.));
#12780 = VECTOR('',#12781,1.);
#12781 = DIRECTION('',(0.,0.,1.));
#12782 = PCURVE('',#12627,#12783);
#12783 = DEFINITIONAL_REPRESENTATION('',(#12784),#12788);
#12784 = LINE('',#12785,#12786);
#12785 = CARTESIAN_POINT('',(1.,0.));
#12786 = VECTOR('',#12787,1.);
#12787 = DIRECTION('',(0.,-1.));
#12788 = ( GEOMETRIC_REPRESENTATION_CONTEXT(2) 
PARAMETRIC_REPRESENTATION_CONTEXT() REPRESENTATION_CONTEXT('2D SPACE',''
  ) );
#12789 = PCURVE('',#12790,#12802);
#12790 = SURFACE_OF_LINEAR_EXTRUSION('',#12791,#12800);
#12791 = B_SPLINE_CURVE_WITH_KNOTS('',7,(#12792,#12793,#12794,#12795,
    #12796,#12797,#12798,#12799),.UNSPECIFIED.,.F.,.F.,(8,8),(0.,1.),
  .PIECEWISE_BEZIER_KNOTS.);
#12792 = CARTESIAN_POINT('',(12.051653614574,12.967276854128,0.));
#12793 = CARTESIAN_POINT('',(11.861202742593,12.961149227358,0.));
#12794 = CARTESIAN_POINT('',(10.960519623401,12.996299718802,0.));
#12795 = CARTESIAN_POINT('',(12.195649750796,12.899613919916,0.));
#12796 = CARTESIAN_POINT('',(9.538622265495,13.06296323485,0.));
#12797 = CARTESIAN_POINT('',(11.520299821656,12.879594537023,0.));
#12798 = CARTESIAN_POINT('',(9.86859530756,13.020221495611,0.));
#12799 = CARTESIAN_POINT('',(9.947156907214,12.946050816331,0.));
#12800 = VECTOR('',#12801,1.);
#12801 = DIRECTION('',(-0.,-0.,-1.));
#12802 = DEFINITIONAL_REPRESENTATION('',(#12803),#12807);
#12803 = LINE('',#12804,#12805);
#12804 = CARTESIAN_POINT('',(0.,0.));
#12805 = VECTOR('',#12806,1.);
#12806 = DIRECTION('',(0.,-1.));
#12807 = ( GEOMETRIC_REPRESENTATION_CONTEXT(2) 
PARAMETRIC_REPRESENTATION_CONTEXT() REPRESENTATION_CONTEXT('2D SPACE',''
  ) );
#12808 = ORIENTED_EDGE('',*,*,#12809,.F.);
#12809 = EDGE_CURVE('',#12612,#12775,#12810,.T.);
#12810 = SURFACE_CURVE('',#12811,(#12839,#12846),.PCURVE_S1.);
#12811 = B_SPLINE_CURVE_WITH_KNOTS('',8,(#12812,#12813,#12814,#12815,
    #12816,#12817,#12818,#12819,#12820,#12821,#12822,#12823,#12824,
    #12825,#12826,#12827,#12828,#12829,#12830,#12831,#12832,#12833,
    #12834,#12835,#12836,#12837,#12838),.UNSPECIFIED.,.F.,.F.,(9,6,6,6,9
    ),(0.,0.346195031024,0.557822814952,0.778489406522,1.),
  .UNSPECIFIED.);
#12812 = CARTESIAN_POINT('',(15.313316048733,12.932135620704,0.));
#12813 = CARTESIAN_POINT('',(15.309354881985,12.226800462671,0.));
#12814 = CARTESIAN_POINT('',(15.335794635508,11.513894433777,0.));
#12815 = CARTESIAN_POINT('',(15.250637621584,10.825186080613,0.));
#12816 = CARTESIAN_POINT('',(15.417630488088,10.090277929909,0.));
#12817 = CARTESIAN_POINT('',(15.209552332007,9.411191173502,0.));
#12818 = CARTESIAN_POINT('',(15.356559827121,8.691940671219,0.));
#12819 = CARTESIAN_POINT('',(15.350800266932,7.548647171928,0.));
#12820 = CARTESIAN_POINT('',(15.013452084554,6.439155135604,0.));
#12821 = CARTESIAN_POINT('',(14.846016856844,6.098115594963,0.));
#12822 = CARTESIAN_POINT('',(14.386411777845,5.566933821276,0.));
#12823 = CARTESIAN_POINT('',(13.90232228236,5.790848667329,0.));
#12824 = CARTESIAN_POINT('',(13.507089453699,5.601328366859,0.));
#12825 = CARTESIAN_POINT('',(12.534016291983,5.817650320681,0.));
#12826 = CARTESIAN_POINT('',(12.048110139594,6.591452267653,0.));
#12827 = CARTESIAN_POINT('',(11.837627566789,7.14868894719,0.));
#12828 = CARTESIAN_POINT('',(12.24349997018,7.527318051254,0.));
#12829 = CARTESIAN_POINT('',(11.979303624957,8.00635355435,0.));
#12830 = CARTESIAN_POINT('',(12.065553850755,8.450098326706,0.));
#12831 = CARTESIAN_POINT('',(12.045842198743,9.353381138854,0.));
#12832 = CARTESIAN_POINT('',(12.059686118021,10.25497610942,0.));
#12833 = CARTESIAN_POINT('',(12.049349120552,10.707844954091,0.));
#12834 = CARTESIAN_POINT('',(12.051108769842,11.158516108123,0.));
#12835 = CARTESIAN_POINT('',(12.067467375849,11.611956960294,0.));
#12836 = CARTESIAN_POINT('',(12.03988090571,12.062894083009,0.));
#12837 = CARTESIAN_POINT('',(12.06294904268,12.515463947539,0.));
#12838 = CARTESIAN_POINT('',(12.051653614574,12.967276854128,0.));
#12839 = PCURVE('',#12627,#12840);
#12840 = DEFINITIONAL_REPRESENTATION('',(#12841),#12845);
#12841 = LINE('',#12842,#12843);
#12842 = CARTESIAN_POINT('',(0.,0.));
#12843 = VECTOR('',#12844,1.);
#12844 = DIRECTION('',(1.,0.));
#12845 = ( GEOMETRIC_REPRESENTATION_CONTEXT(2) 
PARAMETRIC_REPRESENTATION_CONTEXT() REPRESENTATION_CONTEXT('2D SPACE',''
  ) );
#12846 = PCURVE('',#12683,#12847);
#12847 = DEFINITIONAL_REPRESENTATION('',(#12848),#12876);
#12848 = B_SPLINE_CURVE_WITH_KNOTS('',8,(#12849,#12850,#12851,#12852,
    #12853,#12854,#12855,#12856,#12857,#12858,#12859,#12860,#12861,
    #12862,#12863,#12864,#12865,#12866,#12867,#12868,#12869,#12870,
    #12871,#12872,#12873,#12874,#12875),.UNSPECIFIED.,.F.,.F.,(9,6,6,6,9
    ),(0.,0.346195031024,0.557822814952,0.778489406522,1.),
  .UNSPECIFIED.);
#12849 = CARTESIAN_POINT('',(1.231775327297,4.869987856729));
#12850 = CARTESIAN_POINT('',(1.22781416055,4.164652698696));
#12851 = CARTESIAN_POINT('',(1.254253914073,3.451746669802));
#12852 = CARTESIAN_POINT('',(1.169096900148,2.763038316637));
#12853 = CARTESIAN_POINT('',(1.336089766652,2.028130165934));
#12854 = CARTESIAN_POINT('',(1.128011610571,1.349043409527));
#12855 = CARTESIAN_POINT('',(1.275019105685,0.629792907244));
#12856 = CARTESIAN_POINT('',(1.269259545496,-0.513500592047));
#12857 = CARTESIAN_POINT('',(0.931911363119,-1.622992628371));
#12858 = CARTESIAN_POINT('',(0.764476135409,-1.964032169012));
#12859 = CARTESIAN_POINT('',(0.30487105641,-2.495213942699));
#12860 = CARTESIAN_POINT('',(-0.179218439076,-2.271299096646));
#12861 = CARTESIAN_POINT('',(-0.574451267737,-2.460819397116));
#12862 = CARTESIAN_POINT('',(-1.547524429453,-2.244497443294));
#12863 = CARTESIAN_POINT('',(-2.033430581841,-1.470695496322));
#12864 = CARTESIAN_POINT('',(-2.243913154647,-0.913458816785));
#12865 = CARTESIAN_POINT('',(-1.838040751256,-0.534829712722));
#12866 = CARTESIAN_POINT('',(-2.102237096478,-5.579420962523E-02));
#12867 = CARTESIAN_POINT('',(-2.015986870681,0.387950562731));
#12868 = CARTESIAN_POINT('',(-2.035698522693,1.291233374879));
#12869 = CARTESIAN_POINT('',(-2.021854603414,2.192828345445));
#12870 = CARTESIAN_POINT('',(-2.032191600884,2.645697190116));
#12871 = CARTESIAN_POINT('',(-2.030431951594,3.096368344148));
#12872 = CARTESIAN_POINT('',(-2.014073345587,3.549809196318));
#12873 = CARTESIAN_POINT('',(-2.041659815726,4.000746319034));
#12874 = CARTESIAN_POINT('',(-2.018591678755,4.453316183564));
#12875 = CARTESIAN_POINT('',(-2.029887106862,4.905129090153));
#12876 = ( GEOMETRIC_REPRESENTATION_CONTEXT(2) 
PARAMETRIC_REPRESENTATION_CONTEXT() REPRESENTATION_CONTEXT('2D SPACE',''
  ) );
#12877 = ADVANCED_FACE('',(#12878),#12790,.F.);
#12878 = FACE_BOUND('',#12879,.F.);
#12879 = EDGE_LOOP('',(#12880,#12881,#12914,#12992));
#12880 = ORIENTED_EDGE('',*,*,#12774,.T.);
#12881 = ORIENTED_EDGE('',*,*,#12882,.T.);
#12882 = EDGE_CURVE('',#12704,#12883,#12885,.T.);
#12883 = VERTEX_POINT('',#12884);
#12884 = CARTESIAN_POINT('',(9.947156907214,12.946050816331,2.));
#12885 = SURFACE_CURVE('',#12886,(#12895,#12902),.PCURVE_S1.);
#12886 = B_SPLINE_CURVE_WITH_KNOTS('',7,(#12887,#12888,#12889,#12890,
    #12891,#12892,#12893,#12894),.UNSPECIFIED.,.F.,.F.,(8,8),(0.,1.),
  .PIECEWISE_BEZIER_KNOTS.);
#12887 = CARTESIAN_POINT('',(12.051653614574,12.967276854128,2.));
#12888 = CARTESIAN_POINT('',(11.861202742593,12.961149227358,2.));
#12889 = CARTESIAN_POINT('',(10.960519623401,12.996299718802,2.));
#12890 = CARTESIAN_POINT('',(12.195649750796,12.899613919916,2.));
#12891 = CARTESIAN_POINT('',(9.538622265495,13.06296323485,2.));
#12892 = CARTESIAN_POINT('',(11.520299821656,12.879594537023,2.));
#12893 = CARTESIAN_POINT('',(9.86859530756,13.020221495611,2.));
#12894 = CARTESIAN_POINT('',(9.947156907214,12.946050816331,2.));
#12895 = PCURVE('',#12790,#12896);
#12896 = DEFINITIONAL_REPRESENTATION('',(#12897),#12901);
#12897 = LINE('',#12898,#12899);
#12898 = CARTESIAN_POINT('',(0.,-2.));
#12899 = VECTOR('',#12900,1.);
#12900 = DIRECTION('',(1.,0.));
#12901 = ( GEOMETRIC_REPRESENTATION_CONTEXT(2) 
PARAMETRIC_REPRESENTATION_CONTEXT() REPRESENTATION_CONTEXT('2D SPACE',''
  ) );
#12902 = PCURVE('',#12595,#12903);
#12903 = DEFINITIONAL_REPRESENTATION('',(#12904),#12913);
#12904 = B_SPLINE_CURVE_WITH_KNOTS('',7,(#12905,#12906,#12907,#12908,
    #12909,#12910,#12911,#12912),.UNSPECIFIED.,.F.,.F.,(8,8),(0.,1.),
  .PIECEWISE_BEZIER_KNOTS.);
#12905 = CARTESIAN_POINT('',(-2.029887106862,4.905129090153));
#12906 = CARTESIAN_POINT('',(-2.220337978843,4.899001463383));
#12907 = CARTESIAN_POINT('',(-3.121021098035,4.934151954827));
#12908 = CARTESIAN_POINT('',(-1.885890970639,4.83746615594));
#12909 = CARTESIAN_POINT('',(-4.54291845594,5.000815470875));
#12910 = CARTESIAN_POINT('',(-2.561240899779,4.817446773048));
#12911 = CARTESIAN_POINT('',(-4.212945413876,4.958073731636));
#12912 = CARTESIAN_POINT('',(-4.134383814222,4.883903052356));
#12913 = ( GEOMETRIC_REPRESENTATION_CONTEXT(2) 
PARAMETRIC_REPRESENTATION_CONTEXT() REPRESENTATION_CONTEXT('2D SPACE',''
  ) );
#12914 = ORIENTED_EDGE('',*,*,#12915,.F.);
#12915 = EDGE_CURVE('',#12916,#12883,#12918,.T.);
#12916 = VERTEX_POINT('',#12917);
#12917 = CARTESIAN_POINT('',(9.947156907214,12.946050816331,0.));
#12918 = SURFACE_CURVE('',#12919,(#12923,#12930),.PCURVE_S1.);
#12919 = LINE('',#12920,#12921);
#12920 = CARTESIAN_POINT('',(9.947156907214,12.946050816331,0.));
#12921 = VECTOR('',#12922,1.);
#12922 = DIRECTION('',(0.,0.,1.));
#12923 = PCURVE('',#12790,#12924);
#12924 = DEFINITIONAL_REPRESENTATION('',(#12925),#12929);
#12925 = LINE('',#12926,#12927);
#12926 = CARTESIAN_POINT('',(1.,0.));
#12927 = VECTOR('',#12928,1.);
#12928 = DIRECTION('',(0.,-1.));
#12929 = ( GEOMETRIC_REPRESENTATION_CONTEXT(2) 
PARAMETRIC_REPRESENTATION_CONTEXT() REPRESENTATION_CONTEXT('2D SPACE',''
  ) );
#12930 = PCURVE('',#12931,#12986);
#12931 = SURFACE_OF_LINEAR_EXTRUSION('',#12932,#12984);
#12932 = B_SPLINE_CURVE_WITH_KNOTS('',8,(#12933,#12934,#12935,#12936,
    #12937,#12938,#12939,#12940,#12941,#12942,#12943,#12944,#12945,
    #12946,#12947,#12948,#12949,#12950,#12951,#12952,#12953,#12954,
    #12955,#12956,#12957,#12958,#12959,#12960,#12961,#12962,#12963,
    #12964,#12965,#12966,#12967,#12968,#12969,#12970,#12971,#12972,
    #12973,#12974,#12975,#12976,#12977,#12978,#12979,#12980,#12981,
    #12982,#12983),.UNSPECIFIED.,.F.,.F.,(9,6,6,6,6,6,6,6,9),(0.,
    0.125174324314,0.250348648629,0.375522972943,0.508504943917,
    0.624710947792,0.749056103001,0.876346340865,1.),.UNSPECIFIED.);
#12933 = CARTESIAN_POINT('',(9.947156907214,12.946050816331,0.));
#12934 = CARTESIAN_POINT('',(9.947153695516,12.724607338856,0.));
#12935 = CARTESIAN_POINT('',(9.947172245889,12.503258893212,0.));
#12936 = CARTESIAN_POINT('',(9.947121320621,12.281607053077,0.));
#12937 = CARTESIAN_POINT('',(9.94720549664,12.060545200127,0.));
#12938 = CARTESIAN_POINT('',(9.947116741093,11.838728136102,0.));
#12939 = CARTESIAN_POINT('',(9.947175366541,11.617554725769,0.));
#12940 = CARTESIAN_POINT('',(9.947132735221,11.174509607831,0.));
#12941 = CARTESIAN_POINT('',(9.947182992152,10.731870251511,0.));
#12942 = CARTESIAN_POINT('',(9.947053579978,10.509875044795,0.));
#12943 = CARTESIAN_POINT('',(9.947339625939,10.289697133784,0.));
#12944 = CARTESIAN_POINT('',(9.946979212195,10.066688882664,0.));
#12945 = CARTESIAN_POINT('',(9.947249069358,9.846443929839,0.));
#12946 = CARTESIAN_POINT('',(9.947031834989,9.40262721694,0.));
#12947 = CARTESIAN_POINT('',(9.9472950998,8.960934601363,0.));
#12948 = CARTESIAN_POINT('',(9.946610974919,8.736386843832,0.));
#12949 = CARTESIAN_POINT('',(9.948089756073,8.521923800203,0.));
#12950 = CARTESIAN_POINT('',(9.946315196604,8.291700603075,0.));
#12951 = CARTESIAN_POINT('',(9.947516020664,8.076817382552,0.));
#12952 = CARTESIAN_POINT('',(9.946771594996,7.614828893952,0.));
#12953 = CARTESIAN_POINT('',(9.947370025323,7.164789813404,0.));
#12954 = CARTESIAN_POINT('',(9.953183292021,6.913025021888,0.));
#12955 = CARTESIAN_POINT('',(9.921257607441,6.711340234872,0.));
#12956 = CARTESIAN_POINT('',(9.974011834243,6.438473098426,0.));
#12957 = CARTESIAN_POINT('',(9.984346328721,6.227058910791,0.));
#12958 = CARTESIAN_POINT('',(10.073245360585,5.780867992941,0.));
#12959 = CARTESIAN_POINT('',(10.206714151883,5.37165583148,0.));
#12960 = CARTESIAN_POINT('',(10.29348470953,5.167463320882,0.));
#12961 = CARTESIAN_POINT('',(10.377944591041,5.00228503333,0.));
#12962 = CARTESIAN_POINT('',(10.494357699658,4.811605095536,0.));
#12963 = CARTESIAN_POINT('',(10.620756463009,4.654035259143,0.));
#12964 = CARTESIAN_POINT('',(10.908759777408,4.339354543499,0.));
#12965 = CARTESIAN_POINT('',(11.266449777225,4.095694237074,0.));
#12966 = CARTESIAN_POINT('',(11.439065435279,3.988955663977,0.));
#12967 = CARTESIAN_POINT('',(11.700698454265,3.907072755852,0.));
#12968 = CARTESIAN_POINT('',(11.840420612214,3.840822860423,0.));
#12969 = CARTESIAN_POINT('',(12.113276736401,3.802186987265,0.));
#12970 = CARTESIAN_POINT('',(12.510069974719,3.740853943565,0.));
#12971 = CARTESIAN_POINT('',(13.012153226086,3.755396513619,0.));
#12972 = CARTESIAN_POINT('',(13.101850117204,3.729317684387,0.));
#12973 = CARTESIAN_POINT('',(13.602247721523,3.875390726553,0.));
#12974 = CARTESIAN_POINT('',(13.505358427931,3.799670346605,0.));
#12975 = CARTESIAN_POINT('',(13.924991492853,3.996989518263,0.));
#12976 = CARTESIAN_POINT('',(14.169683255947,4.138233644223,0.));
#12977 = CARTESIAN_POINT('',(14.645882761439,4.544053442132,0.));
#12978 = CARTESIAN_POINT('',(14.45633467058,4.492896303831,0.));
#12979 = CARTESIAN_POINT('',(15.246509603577,5.102902043315,0.));
#12980 = CARTESIAN_POINT('',(14.52252292024,4.873222100772,0.));
#12981 = CARTESIAN_POINT('',(15.262769510769,5.290535273874,0.));
#12982 = CARTESIAN_POINT('',(14.966591936867,5.491604725177,0.));
#12983 = CARTESIAN_POINT('',(15.149912308328,5.664701150005,0.));
#12984 = VECTOR('',#12985,1.);
#12985 = DIRECTION('',(-0.,-0.,-1.));
#12986 = DEFINITIONAL_REPRESENTATION('',(#12987),#12991);
#12987 = LINE('',#12988,#12989);
#12988 = CARTESIAN_POINT('',(0.,0.));
#12989 = VECTOR('',#12990,1.);
#12990 = DIRECTION('',(0.,-1.));
#12991 = ( GEOMETRIC_REPRESENTATION_CONTEXT(2) 
PARAMETRIC_REPRESENTATION_CONTEXT() REPRESENTATION_CONTEXT('2D SPACE',''
  ) );
#12992 = ORIENTED_EDGE('',*,*,#12993,.F.);
#12993 = EDGE_CURVE('',#12775,#12916,#12994,.T.);
#12994 = SURFACE_CURVE('',#12995,(#13004,#13011),.PCURVE_S1.);
#12995 = B_SPLINE_CURVE_WITH_KNOTS('',7,(#12996,#12997,#12998,#12999,
    #13000,#13001,#13002,#13003),.UNSPECIFIED.,.F.,.F.,(8,8),(0.,1.),
  .PIECEWISE_BEZIER_KNOTS.);
#12996 = CARTESIAN_POINT('',(12.051653614574,12.967276854128,0.));
#12997 = CARTESIAN_POINT('',(11.861202742593,12.961149227358,0.));
#12998 = CARTESIAN_POINT('',(10.960519623401,12.996299718802,0.));
#12999 = CARTESIAN_POINT('',(12.195649750796,12.899613919916,0.));
#13000 = CARTESIAN_POINT('',(9.538622265495,13.06296323485,0.));
#13001 = CARTESIAN_POINT('',(11.520299821656,12.879594537023,0.));
#13002 = CARTESIAN_POINT('',(9.86859530756,13.020221495611,0.));
#13003 = CARTESIAN_POINT('',(9.947156907214,12.946050816331,0.));
#13004 = PCURVE('',#12790,#13005);
#13005 = DEFINITIONAL_REPRESENTATION('',(#13006),#13010);
#13006 = LINE('',#13007,#13008);
#13007 = CARTESIAN_POINT('',(0.,0.));
#13008 = VECTOR('',#13009,1.);
#13009 = DIRECTION('',(1.,0.));
#13010 = ( GEOMETRIC_REPRESENTATION_CONTEXT(2) 
PARAMETRIC_REPRESENTATION_CONTEXT() REPRESENTATION_CONTEXT('2D SPACE',''
  ) );
#13011 = PCURVE('',#12683,#13012);
#13012 = DEFINITIONAL_REPRESENTATION('',(#13013),#13022);
#13013 = B_SPLINE_CURVE_WITH_KNOTS('',7,(#13014,#13015,#13016,#13017,
    #13018,#13019,#13020,#13021),.UNSPECIFIED.,.F.,.F.,(8,8),(0.,1.),
  .PIECEWISE_BEZIER_KNOTS.);
#13014 = CARTESIAN_POINT('',(-2.029887106862,4.905129090153));
#13015 = CARTESIAN_POINT('',(-2.220337978843,4.899001463383));
#13016 = CARTESIAN_POINT('',(-3.121021098035,4.934151954827));
#13017 = CARTESIAN_POINT('',(-1.885890970639,4.83746615594));
#13018 = CARTESIAN_POINT('',(-4.54291845594,5.000815470875));
#13019 = CARTESIAN_POINT('',(-2.561240899779,4.817446773048));
#13020 = CARTESIAN_POINT('',(-4.212945413876,4.958073731636));
#13021 = CARTESIAN_POINT('',(-4.134383814222,4.883903052356));
#13022 = ( GEOMETRIC_REPRESENTATION_CONTEXT(2) 
PARAMETRIC_REPRESENTATION_CONTEXT() REPRESENTATION_CONTEXT('2D SPACE',''
  ) );
#13023 = ADVANCED_FACE('',(#13024),#12931,.F.);
#13024 = FACE_BOUND('',#13025,.F.);
#13025 = EDGE_LOOP('',(#13026,#13027,#13146,#13174));
#13026 = ORIENTED_EDGE('',*,*,#12915,.T.);
#13027 = ORIENTED_EDGE('',*,*,#13028,.T.);
#13028 = EDGE_CURVE('',#12883,#13029,#13031,.T.);
#13029 = VERTEX_POINT('',#13030);
#13030 = CARTESIAN_POINT('',(15.149912308328,5.664701150005,2.));
#13031 = SURFACE_CURVE('',#13032,(#13084,#13091),.PCURVE_S1.);
#13032 = B_SPLINE_CURVE_WITH_KNOTS('',8,(#13033,#13034,#13035,#13036,
    #13037,#13038,#13039,#13040,#13041,#13042,#13043,#13044,#13045,
    #13046,#13047,#13048,#13049,#13050,#13051,#13052,#13053,#13054,
    #13055,#13056,#13057,#13058,#13059,#13060,#13061,#13062,#13063,
    #13064,#13065,#13066,#13067,#13068,#13069,#13070,#13071,#13072,
    #13073,#13074,#13075,#13076,#13077,#13078,#13079,#13080,#13081,
    #13082,#13083),.UNSPECIFIED.,.F.,.F.,(9,6,6,6,6,6,6,6,9),(0.,
    0.125174324314,0.250348648629,0.375522972943,0.508504943917,
    0.624710947792,0.749056103001,0.876346340865,1.),.UNSPECIFIED.);
#13033 = CARTESIAN_POINT('',(9.947156907214,12.946050816331,2.));
#13034 = CARTESIAN_POINT('',(9.947153695516,12.724607338856,2.));
#13035 = CARTESIAN_POINT('',(9.947172245889,12.503258893212,2.));
#13036 = CARTESIAN_POINT('',(9.947121320621,12.281607053077,2.));
#13037 = CARTESIAN_POINT('',(9.94720549664,12.060545200127,2.));
#13038 = CARTESIAN_POINT('',(9.947116741093,11.838728136102,2.));
#13039 = CARTESIAN_POINT('',(9.947175366541,11.617554725769,2.));
#13040 = CARTESIAN_POINT('',(9.947132735221,11.174509607831,2.));
#13041 = CARTESIAN_POINT('',(9.947182992152,10.731870251511,2.));
#13042 = CARTESIAN_POINT('',(9.947053579978,10.509875044795,2.));
#13043 = CARTESIAN_POINT('',(9.947339625939,10.289697133784,2.));
#13044 = CARTESIAN_POINT('',(9.946979212195,10.066688882664,2.));
#13045 = CARTESIAN_POINT('',(9.947249069358,9.846443929839,2.));
#13046 = CARTESIAN_POINT('',(9.947031834989,9.40262721694,2.));
#13047 = CARTESIAN_POINT('',(9.9472950998,8.960934601363,2.));
#13048 = CARTESIAN_POINT('',(9.946610974919,8.736386843832,2.));
#13049 = CARTESIAN_POINT('',(9.948089756073,8.521923800203,2.));
#13050 = CARTESIAN_POINT('',(9.946315196604,8.291700603075,2.));
#13051 = CARTESIAN_POINT('',(9.947516020664,8.076817382552,2.));
#13052 = CARTESIAN_POINT('',(9.946771594996,7.614828893952,2.));
#13053 = CARTESIAN_POINT('',(9.947370025323,7.164789813404,2.));
#13054 = CARTESIAN_POINT('',(9.953183292021,6.913025021888,2.));
#13055 = CARTESIAN_POINT('',(9.921257607441,6.711340234872,2.));
#13056 = CARTESIAN_POINT('',(9.974011834243,6.438473098426,2.));
#13057 = CARTESIAN_POINT('',(9.984346328721,6.227058910791,2.));
#13058 = CARTESIAN_POINT('',(10.073245360585,5.780867992941,2.));
#13059 = CARTESIAN_POINT('',(10.206714151883,5.37165583148,2.));
#13060 = CARTESIAN_POINT('',(10.29348470953,5.167463320882,2.));
#13061 = CARTESIAN_POINT('',(10.377944591041,5.00228503333,2.));
#13062 = CARTESIAN_POINT('',(10.494357699658,4.811605095536,2.));
#13063 = CARTESIAN_POINT('',(10.620756463009,4.654035259143,2.));
#13064 = CARTESIAN_POINT('',(10.908759777408,4.339354543499,2.));
#13065 = CARTESIAN_POINT('',(11.266449777225,4.095694237074,2.));
#13066 = CARTESIAN_POINT('',(11.439065435279,3.988955663977,2.));
#13067 = CARTESIAN_POINT('',(11.700698454265,3.907072755852,2.));
#13068 = CARTESIAN_POINT('',(11.840420612214,3.840822860423,2.));
#13069 = CARTESIAN_POINT('',(12.113276736401,3.802186987265,2.));
#13070 = CARTESIAN_POINT('',(12.510069974719,3.740853943565,2.));
#13071 = CARTESIAN_POINT('',(13.012153226086,3.755396513619,2.));
#13072 = CARTESIAN_POINT('',(13.101850117204,3.729317684387,2.));
#13073 = CARTESIAN_POINT('',(13.602247721523,3.875390726553,2.));
#13074 = CARTESIAN_POINT('',(13.505358427931,3.799670346605,2.));
#13075 = CARTESIAN_POINT('',(13.924991492853,3.996989518263,2.));
#13076 = CARTESIAN_POINT('',(14.169683255947,4.138233644223,2.));
#13077 = CARTESIAN_POINT('',(14.645882761439,4.544053442132,2.));
#13078 = CARTESIAN_POINT('',(14.45633467058,4.492896303831,2.));
#13079 = CARTESIAN_POINT('',(15.246509603577,5.102902043315,2.));
#13080 = CARTESIAN_POINT('',(14.52252292024,4.873222100772,2.));
#13081 = CARTESIAN_POINT('',(15.262769510769,5.290535273874,2.));
#13082 = CARTESIAN_POINT('',(14.966591936867,5.491604725177,2.));
#13083 = CARTESIAN_POINT('',(15.149912308328,5.664701150005,2.));
#13084 = PCURVE('',#12931,#13085);
#13085 = DEFINITIONAL_REPRESENTATION('',(#13086),#13090);
#13086 = LINE('',#13087,#13088);
#13087 = CARTESIAN_POINT('',(0.,-2.));
#13088 = VECTOR('',#13089,1.);
#13089 = DIRECTION('',(1.,0.));
#13090 = ( GEOMETRIC_REPRESENTATION_CONTEXT(2) 
PARAMETRIC_REPRESENTATION_CONTEXT() REPRESENTATION_CONTEXT('2D SPACE',''
  ) );
#13091 = PCURVE('',#12595,#13092);
#13092 = DEFINITIONAL_REPRESENTATION('',(#13093),#13145);
#13093 = B_SPLINE_CURVE_WITH_KNOTS('',8,(#13094,#13095,#13096,#13097,
    #13098,#13099,#13100,#13101,#13102,#13103,#13104,#13105,#13106,
    #13107,#13108,#13109,#13110,#13111,#13112,#13113,#13114,#13115,
    #13116,#13117,#13118,#13119,#13120,#13121,#13122,#13123,#13124,
    #13125,#13126,#13127,#13128,#13129,#13130,#13131,#13132,#13133,
    #13134,#13135,#13136,#13137,#13138,#13139,#13140,#13141,#13142,
    #13143,#13144),.UNSPECIFIED.,.F.,.F.,(9,6,6,6,6,6,6,6,9),(0.,
    0.125174324314,0.250348648629,0.375522972943,0.508504943917,
    0.624710947792,0.749056103001,0.876346340865,1.),.UNSPECIFIED.);
#13094 = CARTESIAN_POINT('',(-4.134383814222,4.883903052356));
#13095 = CARTESIAN_POINT('',(-4.134387025919,4.662459574881));
#13096 = CARTESIAN_POINT('',(-4.134368475546,4.441111129237));
#13097 = CARTESIAN_POINT('',(-4.134419400815,4.219459289102));
#13098 = CARTESIAN_POINT('',(-4.134335224795,3.998397436152));
#13099 = CARTESIAN_POINT('',(-4.134423980342,3.776580372127));
#13100 = CARTESIAN_POINT('',(-4.134365354894,3.555406961794));
#13101 = CARTESIAN_POINT('',(-4.134407986214,3.112361843856));
#13102 = CARTESIAN_POINT('',(-4.134357729283,2.669722487536));
#13103 = CARTESIAN_POINT('',(-4.134487141458,2.44772728082));
#13104 = CARTESIAN_POINT('',(-4.134201095497,2.227549369809));
#13105 = CARTESIAN_POINT('',(-4.134561509241,2.004541118689));
#13106 = CARTESIAN_POINT('',(-4.134291652078,1.784296165864));
#13107 = CARTESIAN_POINT('',(-4.134508886446,1.340479452964));
#13108 = CARTESIAN_POINT('',(-4.134245621635,0.898786837388));
#13109 = CARTESIAN_POINT('',(-4.134929746517,0.674239079857));
#13110 = CARTESIAN_POINT('',(-4.133450965362,0.459776036228));
#13111 = CARTESIAN_POINT('',(-4.135225524831,0.2295528391));
#13112 = CARTESIAN_POINT('',(-4.134024700772,1.466961857701E-02));
#13113 = CARTESIAN_POINT('',(-4.134769126439,-0.447318870024));
#13114 = CARTESIAN_POINT('',(-4.134170696112,-0.897357950571));
#13115 = CARTESIAN_POINT('',(-4.128357429414,-1.149122742088));
#13116 = CARTESIAN_POINT('',(-4.160283113995,-1.350807529104));
#13117 = CARTESIAN_POINT('',(-4.107528887192,-1.623674665549));
#13118 = CARTESIAN_POINT('',(-4.097194392715,-1.835088853185));
#13119 = CARTESIAN_POINT('',(-4.008295360851,-2.281279771034));
#13120 = CARTESIAN_POINT('',(-3.874826569553,-2.690491932495));
#13121 = CARTESIAN_POINT('',(-3.788056011905,-2.894684443093));
#13122 = CARTESIAN_POINT('',(-3.703596130394,-3.059862730645));
#13123 = CARTESIAN_POINT('',(-3.587183021777,-3.250542668439));
#13124 = CARTESIAN_POINT('',(-3.460784258427,-3.408112504832));
#13125 = CARTESIAN_POINT('',(-3.172780944028,-3.722793220476));
#13126 = CARTESIAN_POINT('',(-2.81509094421,-3.966453526901));
#13127 = CARTESIAN_POINT('',(-2.642475286157,-4.073192099998));
#13128 = CARTESIAN_POINT('',(-2.38084226717,-4.155075008123));
#13129 = CARTESIAN_POINT('',(-2.241120109221,-4.221324903553));
#13130 = CARTESIAN_POINT('',(-1.968263985035,-4.25996077671));
#13131 = CARTESIAN_POINT('',(-1.571470746716,-4.32129382041));
#13132 = CARTESIAN_POINT('',(-1.06938749535,-4.306751250356));
#13133 = CARTESIAN_POINT('',(-0.979690604231,-4.332830079588));
#13134 = CARTESIAN_POINT('',(-0.479292999912,-4.186757037422));
#13135 = CARTESIAN_POINT('',(-0.576182293505,-4.262477417371));
#13136 = CARTESIAN_POINT('',(-0.156549228583,-4.065158245712));
#13137 = CARTESIAN_POINT('',(8.814253451176E-02,-3.923914119752));
#13138 = CARTESIAN_POINT('',(0.564342040003,-3.518094321843));
#13139 = CARTESIAN_POINT('',(0.374793949145,-3.569251460144));
#13140 = CARTESIAN_POINT('',(1.164968882141,-2.95924572066));
#13141 = CARTESIAN_POINT('',(0.440982198805,-3.188925663203));
#13142 = CARTESIAN_POINT('',(1.181228789334,-2.771612490101));
#13143 = CARTESIAN_POINT('',(0.885051215431,-2.570543038798));
#13144 = CARTESIAN_POINT('',(1.068371586892,-2.397446613971));
#13145 = ( GEOMETRIC_REPRESENTATION_CONTEXT(2) 
PARAMETRIC_REPRESENTATION_CONTEXT() REPRESENTATION_CONTEXT('2D SPACE',''
  ) );
#13146 = ORIENTED_EDGE('',*,*,#13147,.F.);
#13147 = EDGE_CURVE('',#13148,#13029,#13150,.T.);
#13148 = VERTEX_POINT('',#13149);
#13149 = CARTESIAN_POINT('',(15.149912308328,5.664701150005,0.));
#13150 = SURFACE_CURVE('',#13151,(#13155,#13162),.PCURVE_S1.);
#13151 = LINE('',#13152,#13153);
#13152 = CARTESIAN_POINT('',(15.149912308328,5.664701150005,0.));
#13153 = VECTOR('',#13154,1.);
#13154 = DIRECTION('',(0.,0.,1.));
#13155 = PCURVE('',#12931,#13156);
#13156 = DEFINITIONAL_REPRESENTATION('',(#13157),#13161);
#13157 = LINE('',#13158,#13159);
#13158 = CARTESIAN_POINT('',(1.,0.));
#13159 = VECTOR('',#13160,1.);
#13160 = DIRECTION('',(0.,-1.));
#13161 = ( GEOMETRIC_REPRESENTATION_CONTEXT(2) 
PARAMETRIC_REPRESENTATION_CONTEXT() REPRESENTATION_CONTEXT('2D SPACE',''
  ) );
#13162 = PCURVE('',#13163,#13168);
#13163 = PLANE('',#13164);
#13164 = AXIS2_PLACEMENT_3D('',#13165,#13166,#13167);
#13165 = CARTESIAN_POINT('',(15.149912308328,5.664701150005,0.));
#13166 = DIRECTION('',(0.,1.,0.));
#13167 = DIRECTION('',(1.,0.,0.));
#13168 = DEFINITIONAL_REPRESENTATION('',(#13169),#13173);
#13169 = LINE('',#13170,#13171);
#13170 = CARTESIAN_POINT('',(0.,0.));
#13171 = VECTOR('',#13172,1.);
#13172 = DIRECTION('',(0.,-1.));
#13173 = ( GEOMETRIC_REPRESENTATION_CONTEXT(2) 
PARAMETRIC_REPRESENTATION_CONTEXT() REPRESENTATION_CONTEXT('2D SPACE',''
  ) );
#13174 = ORIENTED_EDGE('',*,*,#13175,.F.);
#13175 = EDGE_CURVE('',#12916,#13148,#13176,.T.);
#13176 = SURFACE_CURVE('',#13177,(#13229,#13236),.PCURVE_S1.);
#13177 = B_SPLINE_CURVE_WITH_KNOTS('',8,(#13178,#13179,#13180,#13181,
    #13182,#13183,#13184,#13185,#13186,#13187,#13188,#13189,#13190,
    #13191,#13192,#13193,#13194,#13195,#13196,#13197,#13198,#13199,
    #13200,#13201,#13202,#13203,#13204,#13205,#13206,#13207,#13208,
    #13209,#13210,#13211,#13212,#13213,#13214,#13215,#13216,#13217,
    #13218,#13219,#13220,#13221,#13222,#13223,#13224,#13225,#13226,
    #13227,#13228),.UNSPECIFIED.,.F.,.F.,(9,6,6,6,6,6,6,6,9),(0.,
    0.125174324314,0.250348648629,0.375522972943,0.508504943917,
    0.624710947792,0.749056103001,0.876346340865,1.),.UNSPECIFIED.);
#13178 = CARTESIAN_POINT('',(9.947156907214,12.946050816331,0.));
#13179 = CARTESIAN_POINT('',(9.947153695516,12.724607338856,0.));
#13180 = CARTESIAN_POINT('',(9.947172245889,12.503258893212,0.));
#13181 = CARTESIAN_POINT('',(9.947121320621,12.281607053077,0.));
#13182 = CARTESIAN_POINT('',(9.94720549664,12.060545200127,0.));
#13183 = CARTESIAN_POINT('',(9.947116741093,11.838728136102,0.));
#13184 = CARTESIAN_POINT('',(9.947175366541,11.617554725769,0.));
#13185 = CARTESIAN_POINT('',(9.947132735221,11.174509607831,0.));
#13186 = CARTESIAN_POINT('',(9.947182992152,10.731870251511,0.));
#13187 = CARTESIAN_POINT('',(9.947053579978,10.509875044795,0.));
#13188 = CARTESIAN_POINT('',(9.947339625939,10.289697133784,0.));
#13189 = CARTESIAN_POINT('',(9.946979212195,10.066688882664,0.));
#13190 = CARTESIAN_POINT('',(9.947249069358,9.846443929839,0.));
#13191 = CARTESIAN_POINT('',(9.947031834989,9.40262721694,0.));
#13192 = CARTESIAN_POINT('',(9.9472950998,8.960934601363,0.));
#13193 = CARTESIAN_POINT('',(9.946610974919,8.736386843832,0.));
#13194 = CARTESIAN_POINT('',(9.948089756073,8.521923800203,0.));
#13195 = CARTESIAN_POINT('',(9.946315196604,8.291700603075,0.));
#13196 = CARTESIAN_POINT('',(9.947516020664,8.076817382552,0.));
#13197 = CARTESIAN_POINT('',(9.946771594996,7.614828893952,0.));
#13198 = CARTESIAN_POINT('',(9.947370025323,7.164789813404,0.));
#13199 = CARTESIAN_POINT('',(9.953183292021,6.913025021888,0.));
#13200 = CARTESIAN_POINT('',(9.921257607441,6.711340234872,0.));
#13201 = CARTESIAN_POINT('',(9.974011834243,6.438473098426,0.));
#13202 = CARTESIAN_POINT('',(9.984346328721,6.227058910791,0.));
#13203 = CARTESIAN_POINT('',(10.073245360585,5.780867992941,0.));
#13204 = CARTESIAN_POINT('',(10.206714151883,5.37165583148,0.));
#13205 = CARTESIAN_POINT('',(10.29348470953,5.167463320882,0.));
#13206 = CARTESIAN_POINT('',(10.377944591041,5.00228503333,0.));
#13207 = CARTESIAN_POINT('',(10.494357699658,4.811605095536,0.));
#13208 = CARTESIAN_POINT('',(10.620756463009,4.654035259143,0.));
#13209 = CARTESIAN_POINT('',(10.908759777408,4.339354543499,0.));
#13210 = CARTESIAN_POINT('',(11.266449777225,4.095694237074,0.));
#13211 = CARTESIAN_POINT('',(11.439065435279,3.988955663977,0.));
#13212 = CARTESIAN_POINT('',(11.700698454265,3.907072755852,0.));
#13213 = CARTESIAN_POINT('',(11.840420612214,3.840822860423,0.));
#13214 = CARTESIAN_POINT('',(12.113276736401,3.802186987265,0.));
#13215 = CARTESIAN_POINT('',(12.510069974719,3.740853943565,0.));
#13216 = CARTESIAN_POINT('',(13.012153226086,3.755396513619,0.));
#13217 = CARTESIAN_POINT('',(13.101850117204,3.729317684387,0.));
#13218 = CARTESIAN_POINT('',(13.602247721523,3.875390726553,0.));
#13219 = CARTESIAN_POINT('',(13.505358427931,3.799670346605,0.));
#13220 = CARTESIAN_POINT('',(13.924991492853,3.996989518263,0.));
#13221 = CARTESIAN_POINT('',(14.169683255947,4.138233644223,0.));
#13222 = CARTESIAN_POINT('',(14.645882761439,4.544053442132,0.));
#13223 = CARTESIAN_POINT('',(14.45633467058,4.492896303831,0.));
#13224 = CARTESIAN_POINT('',(15.246509603577,5.102902043315,0.));
#13225 = CARTESIAN_POINT('',(14.52252292024,4.873222100772,0.));
#13226 = CARTESIAN_POINT('',(15.262769510769,5.290535273874,0.));
#13227 = CARTESIAN_POINT('',(14.966591936867,5.491604725177,0.));
#13228 = CARTESIAN_POINT('',(15.149912308328,5.664701150005,0.));
#13229 = PCURVE('',#12931,#13230);
#13230 = DEFINITIONAL_REPRESENTATION('',(#13231),#13235);
#13231 = LINE('',#13232,#13233);
#13232 = CARTESIAN_POINT('',(0.,0.));
#13233 = VECTOR('',#13234,1.);
#13234 = DIRECTION('',(1.,0.));
#13235 = ( GEOMETRIC_REPRESENTATION_CONTEXT(2) 
PARAMETRIC_REPRESENTATION_CONTEXT() REPRESENTATION_CONTEXT('2D SPACE',''
  ) );
#13236 = PCURVE('',#12683,#13237);
#13237 = DEFINITIONAL_REPRESENTATION('',(#13238),#13290);
#13238 = B_SPLINE_CURVE_WITH_KNOTS('',8,(#13239,#13240,#13241,#13242,
    #13243,#13244,#13245,#13246,#13247,#13248,#13249,#13250,#13251,
    #13252,#13253,#13254,#13255,#13256,#13257,#13258,#13259,#13260,
    #13261,#13262,#13263,#13264,#13265,#13266,#13267,#13268,#13269,
    #13270,#13271,#13272,#13273,#13274,#13275,#13276,#13277,#13278,
    #13279,#13280,#13281,#13282,#13283,#13284,#13285,#13286,#13287,
    #13288,#13289),.UNSPECIFIED.,.F.,.F.,(9,6,6,6,6,6,6,6,9),(0.,
    0.125174324314,0.250348648629,0.375522972943,0.508504943917,
    0.624710947792,0.749056103001,0.876346340865,1.),.UNSPECIFIED.);
#13239 = CARTESIAN_POINT('',(-4.134383814222,4.883903052356));
#13240 = CARTESIAN_POINT('',(-4.134387025919,4.662459574881));
#13241 = CARTESIAN_POINT('',(-4.134368475546,4.441111129237));
#13242 = CARTESIAN_POINT('',(-4.134419400815,4.219459289102));
#13243 = CARTESIAN_POINT('',(-4.134335224795,3.998397436152));
#13244 = CARTESIAN_POINT('',(-4.134423980342,3.776580372127));
#13245 = CARTESIAN_POINT('',(-4.134365354894,3.555406961794));
#13246 = CARTESIAN_POINT('',(-4.134407986214,3.112361843856));
#13247 = CARTESIAN_POINT('',(-4.134357729283,2.669722487536));
#13248 = CARTESIAN_POINT('',(-4.134487141458,2.44772728082));
#13249 = CARTESIAN_POINT('',(-4.134201095497,2.227549369809));
#13250 = CARTESIAN_POINT('',(-4.134561509241,2.004541118689));
#13251 = CARTESIAN_POINT('',(-4.134291652078,1.784296165864));
#13252 = CARTESIAN_POINT('',(-4.134508886446,1.340479452964));
#13253 = CARTESIAN_POINT('',(-4.134245621635,0.898786837388));
#13254 = CARTESIAN_POINT('',(-4.134929746517,0.674239079857));
#13255 = CARTESIAN_POINT('',(-4.133450965362,0.459776036228));
#13256 = CARTESIAN_POINT('',(-4.135225524831,0.2295528391));
#13257 = CARTESIAN_POINT('',(-4.134024700772,1.466961857701E-02));
#13258 = CARTESIAN_POINT('',(-4.134769126439,-0.447318870024));
#13259 = CARTESIAN_POINT('',(-4.134170696112,-0.897357950571));
#13260 = CARTESIAN_POINT('',(-4.128357429414,-1.149122742088));
#13261 = CARTESIAN_POINT('',(-4.160283113995,-1.350807529104));
#13262 = CARTESIAN_POINT('',(-4.107528887192,-1.623674665549));
#13263 = CARTESIAN_POINT('',(-4.097194392715,-1.835088853185));
#13264 = CARTESIAN_POINT('',(-4.008295360851,-2.281279771034));
#13265 = CARTESIAN_POINT('',(-3.874826569553,-2.690491932495));
#13266 = CARTESIAN_POINT('',(-3.788056011905,-2.894684443093));
#13267 = CARTESIAN_POINT('',(-3.703596130394,-3.059862730645));
#13268 = CARTESIAN_POINT('',(-3.587183021777,-3.250542668439));
#13269 = CARTESIAN_POINT('',(-3.460784258427,-3.408112504832));
#13270 = CARTESIAN_POINT('',(-3.172780944028,-3.722793220476));
#13271 = CARTESIAN_POINT('',(-2.81509094421,-3.966453526901));
#13272 = CARTESIAN_POINT('',(-2.642475286157,-4.073192099998));
#13273 = CARTESIAN_POINT('',(-2.38084226717,-4.155075008123));
#13274 = CARTESIAN_POINT('',(-2.241120109221,-4.221324903553));
#13275 = CARTESIAN_POINT('',(-1.968263985035,-4.25996077671));
#13276 = CARTESIAN_POINT('',(-1.571470746716,-4.32129382041));
#13277 = CARTESIAN_POINT('',(-1.06938749535,-4.306751250356));
#13278 = CARTESIAN_POINT('',(-0.979690604231,-4.332830079588));
#13279 = CARTESIAN_POINT('',(-0.479292999912,-4.186757037422));
#13280 = CARTESIAN_POINT('',(-0.576182293505,-4.262477417371));
#13281 = CARTESIAN_POINT('',(-0.156549228583,-4.065158245712));
#13282 = CARTESIAN_POINT('',(8.814253451176E-02,-3.923914119752));
#13283 = CARTESIAN_POINT('',(0.564342040003,-3.518094321843));
#13284 = CARTESIAN_POINT('',(0.374793949145,-3.569251460144));
#13285 = CARTESIAN_POINT('',(1.164968882141,-2.95924572066));
#13286 = CARTESIAN_POINT('',(0.440982198805,-3.188925663203));
#13287 = CARTESIAN_POINT('',(1.181228789334,-2.771612490101));
#13288 = CARTESIAN_POINT('',(0.885051215431,-2.570543038798));
#13289 = CARTESIAN_POINT('',(1.068371586892,-2.397446613971));
#13290 = ( GEOMETRIC_REPRESENTATION_CONTEXT(2) 
PARAMETRIC_REPRESENTATION_CONTEXT() REPRESENTATION_CONTEXT('2D SPACE',''
  ) );
#13291 = ADVANCED_FACE('',(#13292),#13163,.F.);
#13292 = FACE_BOUND('',#13293,.F.);
#13293 = EDGE_LOOP('',(#13294,#13295,#13318,#13346));
#13294 = ORIENTED_EDGE('',*,*,#13147,.T.);
#13295 = ORIENTED_EDGE('',*,*,#13296,.T.);
#13296 = EDGE_CURVE('',#13029,#13297,#13299,.T.);
#13297 = VERTEX_POINT('',#13298);
#13298 = CARTESIAN_POINT('',(15.337503924143,5.664701150005,2.));
#13299 = SURFACE_CURVE('',#13300,(#13304,#13311),.PCURVE_S1.);
#13300 = LINE('',#13301,#13302);
#13301 = CARTESIAN_POINT('',(15.149912308328,5.664701150005,2.));
#13302 = VECTOR('',#13303,1.);
#13303 = DIRECTION('',(1.,0.,0.));
#13304 = PCURVE('',#13163,#13305);
#13305 = DEFINITIONAL_REPRESENTATION('',(#13306),#13310);
#13306 = LINE('',#13307,#13308);
#13307 = CARTESIAN_POINT('',(0.,-2.));
#13308 = VECTOR('',#13309,1.);
#13309 = DIRECTION('',(1.,0.));
#13310 = ( GEOMETRIC_REPRESENTATION_CONTEXT(2) 
PARAMETRIC_REPRESENTATION_CONTEXT() REPRESENTATION_CONTEXT('2D SPACE',''
  ) );
#13311 = PCURVE('',#12595,#13312);
#13312 = DEFINITIONAL_REPRESENTATION('',(#13313),#13317);
#13313 = LINE('',#13314,#13315);
#13314 = CARTESIAN_POINT('',(1.068371586892,-2.397446613971));
#13315 = VECTOR('',#13316,1.);
#13316 = DIRECTION('',(1.,0.));
#13317 = ( GEOMETRIC_REPRESENTATION_CONTEXT(2) 
PARAMETRIC_REPRESENTATION_CONTEXT() REPRESENTATION_CONTEXT('2D SPACE',''
  ) );
#13318 = ORIENTED_EDGE('',*,*,#13319,.F.);
#13319 = EDGE_CURVE('',#13320,#13297,#13322,.T.);
#13320 = VERTEX_POINT('',#13321);
#13321 = CARTESIAN_POINT('',(15.337503924143,5.664701150005,0.));
#13322 = SURFACE_CURVE('',#13323,(#13327,#13334),.PCURVE_S1.);
#13323 = LINE('',#13324,#13325);
#13324 = CARTESIAN_POINT('',(15.337503924143,5.664701150005,0.));
#13325 = VECTOR('',#13326,1.);
#13326 = DIRECTION('',(0.,0.,1.));
#13327 = PCURVE('',#13163,#13328);
#13328 = DEFINITIONAL_REPRESENTATION('',(#13329),#13333);
#13329 = LINE('',#13330,#13331);
#13330 = CARTESIAN_POINT('',(0.187591615815,0.));
#13331 = VECTOR('',#13332,1.);
#13332 = DIRECTION('',(0.,-1.));
#13333 = ( GEOMETRIC_REPRESENTATION_CONTEXT(2) 
PARAMETRIC_REPRESENTATION_CONTEXT() REPRESENTATION_CONTEXT('2D SPACE',''
  ) );
#13334 = PCURVE('',#13335,#13340);
#13335 = PLANE('',#13336);
#13336 = AXIS2_PLACEMENT_3D('',#13337,#13338,#13339);
#13337 = CARTESIAN_POINT('',(15.337503924143,5.664701150005,0.));
#13338 = DIRECTION('',(0.997497416067,7.070293444691E-02,-0.));
#13339 = DIRECTION('',(7.070293444691E-02,-0.997497416067,0.));
#13340 = DEFINITIONAL_REPRESENTATION('',(#13341),#13345);
#13341 = LINE('',#13342,#13343);
#13342 = CARTESIAN_POINT('',(0.,0.));
#13343 = VECTOR('',#13344,1.);
#13344 = DIRECTION('',(0.,-1.));
#13345 = ( GEOMETRIC_REPRESENTATION_CONTEXT(2) 
PARAMETRIC_REPRESENTATION_CONTEXT() REPRESENTATION_CONTEXT('2D SPACE',''
  ) );
#13346 = ORIENTED_EDGE('',*,*,#13347,.F.);
#13347 = EDGE_CURVE('',#13148,#13320,#13348,.T.);
#13348 = SURFACE_CURVE('',#13349,(#13353,#13360),.PCURVE_S1.);
#13349 = LINE('',#13350,#13351);
#13350 = CARTESIAN_POINT('',(15.149912308328,5.664701150005,0.));
#13351 = VECTOR('',#13352,1.);
#13352 = DIRECTION('',(1.,0.,0.));
#13353 = PCURVE('',#13163,#13354);
#13354 = DEFINITIONAL_REPRESENTATION('',(#13355),#13359);
#13355 = LINE('',#13356,#13357);
#13356 = CARTESIAN_POINT('',(0.,0.));
#13357 = VECTOR('',#13358,1.);
#13358 = DIRECTION('',(1.,0.));
#13359 = ( GEOMETRIC_REPRESENTATION_CONTEXT(2) 
PARAMETRIC_REPRESENTATION_CONTEXT() REPRESENTATION_CONTEXT('2D SPACE',''
  ) );
#13360 = PCURVE('',#12683,#13361);
#13361 = DEFINITIONAL_REPRESENTATION('',(#13362),#13366);
#13362 = LINE('',#13363,#13364);
#13363 = CARTESIAN_POINT('',(1.068371586892,-2.397446613971));
#13364 = VECTOR('',#13365,1.);
#13365 = DIRECTION('',(1.,0.));
#13366 = ( GEOMETRIC_REPRESENTATION_CONTEXT(2) 
PARAMETRIC_REPRESENTATION_CONTEXT() REPRESENTATION_CONTEXT('2D SPACE',''
  ) );
#13367 = ADVANCED_FACE('',(#13368),#13335,.F.);
#13368 = FACE_BOUND('',#13369,.F.);
#13369 = EDGE_LOOP('',(#13370,#13371,#13394,#13429));
#13370 = ORIENTED_EDGE('',*,*,#13319,.T.);
#13371 = ORIENTED_EDGE('',*,*,#13372,.T.);
#13372 = EDGE_CURVE('',#13297,#13373,#13375,.T.);
#13373 = VERTEX_POINT('',#13374);
#13374 = CARTESIAN_POINT('',(15.466898870155,3.839159886287,2.));
#13375 = SURFACE_CURVE('',#13376,(#13380,#13387),.PCURVE_S1.);
#13376 = LINE('',#13377,#13378);
#13377 = CARTESIAN_POINT('',(15.337503924143,5.664701150005,2.));
#13378 = VECTOR('',#13379,1.);
#13379 = DIRECTION('',(7.070293444691E-02,-0.997497416067,0.));
#13380 = PCURVE('',#13335,#13381);
#13381 = DEFINITIONAL_REPRESENTATION('',(#13382),#13386);
#13382 = LINE('',#13383,#13384);
#13383 = CARTESIAN_POINT('',(0.,-2.));
#13384 = VECTOR('',#13385,1.);
#13385 = DIRECTION('',(1.,0.));
#13386 = ( GEOMETRIC_REPRESENTATION_CONTEXT(2) 
PARAMETRIC_REPRESENTATION_CONTEXT() REPRESENTATION_CONTEXT('2D SPACE',''
  ) );
#13387 = PCURVE('',#12595,#13388);
#13388 = DEFINITIONAL_REPRESENTATION('',(#13389),#13393);
#13389 = LINE('',#13390,#13391);
#13390 = CARTESIAN_POINT('',(1.255963202708,-2.397446613971));
#13391 = VECTOR('',#13392,1.);
#13392 = DIRECTION('',(7.070293444691E-02,-0.997497416067));
#13393 = ( GEOMETRIC_REPRESENTATION_CONTEXT(2) 
PARAMETRIC_REPRESENTATION_CONTEXT() REPRESENTATION_CONTEXT('2D SPACE',''
  ) );
#13394 = ORIENTED_EDGE('',*,*,#13395,.F.);
#13395 = EDGE_CURVE('',#13396,#13373,#13398,.T.);
#13396 = VERTEX_POINT('',#13397);
#13397 = CARTESIAN_POINT('',(15.466898870155,3.839159886287,0.));
#13398 = SURFACE_CURVE('',#13399,(#13403,#13410),.PCURVE_S1.);
#13399 = LINE('',#13400,#13401);
#13400 = CARTESIAN_POINT('',(15.466898870155,3.839159886287,0.));
#13401 = VECTOR('',#13402,1.);
#13402 = DIRECTION('',(0.,0.,1.));
#13403 = PCURVE('',#13335,#13404);
#13404 = DEFINITIONAL_REPRESENTATION('',(#13405),#13409);
#13405 = LINE('',#13406,#13407);
#13406 = CARTESIAN_POINT('',(1.830121295867,0.));
#13407 = VECTOR('',#13408,1.);
#13408 = DIRECTION('',(0.,-1.));
#13409 = ( GEOMETRIC_REPRESENTATION_CONTEXT(2) 
PARAMETRIC_REPRESENTATION_CONTEXT() REPRESENTATION_CONTEXT('2D SPACE',''
  ) );
#13410 = PCURVE('',#13411,#13423);
#13411 = SURFACE_OF_LINEAR_EXTRUSION('',#13412,#13421);
#13412 = B_SPLINE_CURVE_WITH_KNOTS('',7,(#13413,#13414,#13415,#13416,
    #13417,#13418,#13419,#13420),.UNSPECIFIED.,.F.,.F.,(8,8),(0.,1.),
  .PIECEWISE_BEZIER_KNOTS.);
#13413 = CARTESIAN_POINT('',(15.466898870155,3.839159886287,0.));
#13414 = CARTESIAN_POINT('',(15.905221905004,3.853300469037,0.));
#13415 = CARTESIAN_POINT('',(16.46510338779,3.854189039675,0.));
#13416 = CARTESIAN_POINT('',(16.658402747369,3.897069947474,0.));
#13417 = CARTESIAN_POINT('',(17.516520866101,3.858520941119,0.));
#13418 = CARTESIAN_POINT('',(17.592281497954,3.925561564718,0.));
#13419 = CARTESIAN_POINT('',(18.267898025496,3.898053298757,0.));
#13420 = CARTESIAN_POINT('',(18.666061892309,3.92920837949,0.));
#13421 = VECTOR('',#13422,1.);
#13422 = DIRECTION('',(-0.,-0.,-1.));
#13423 = DEFINITIONAL_REPRESENTATION('',(#13424),#13428);
#13424 = LINE('',#13425,#13426);
#13425 = CARTESIAN_POINT('',(0.,0.));
#13426 = VECTOR('',#13427,1.);
#13427 = DIRECTION('',(0.,-1.));
#13428 = ( GEOMETRIC_REPRESENTATION_CONTEXT(2) 
PARAMETRIC_REPRESENTATION_CONTEXT() REPRESENTATION_CONTEXT('2D SPACE',''
  ) );
#13429 = ORIENTED_EDGE('',*,*,#13430,.F.);
#13430 = EDGE_CURVE('',#13320,#13396,#13431,.T.);
#13431 = SURFACE_CURVE('',#13432,(#13436,#13443),.PCURVE_S1.);
#13432 = LINE('',#13433,#13434);
#13433 = CARTESIAN_POINT('',(15.337503924143,5.664701150005,0.));
#13434 = VECTOR('',#13435,1.);
#13435 = DIRECTION('',(7.070293444691E-02,-0.997497416067,0.));
#13436 = PCURVE('',#13335,#13437);
#13437 = DEFINITIONAL_REPRESENTATION('',(#13438),#13442);
#13438 = LINE('',#13439,#13440);
#13439 = CARTESIAN_POINT('',(0.,0.));
#13440 = VECTOR('',#13441,1.);
#13441 = DIRECTION('',(1.,0.));
#13442 = ( GEOMETRIC_REPRESENTATION_CONTEXT(2) 
PARAMETRIC_REPRESENTATION_CONTEXT() REPRESENTATION_CONTEXT('2D SPACE',''
  ) );
#13443 = PCURVE('',#12683,#13444);
#13444 = DEFINITIONAL_REPRESENTATION('',(#13445),#13449);
#13445 = LINE('',#13446,#13447);
#13446 = CARTESIAN_POINT('',(1.255963202708,-2.397446613971));
#13447 = VECTOR('',#13448,1.);
#13448 = DIRECTION('',(7.070293444691E-02,-0.997497416067));
#13449 = ( GEOMETRIC_REPRESENTATION_CONTEXT(2) 
PARAMETRIC_REPRESENTATION_CONTEXT() REPRESENTATION_CONTEXT('2D SPACE',''
  ) );
#13450 = ADVANCED_FACE('',(#13451),#13411,.F.);
#13451 = FACE_BOUND('',#13452,.F.);
#13452 = EDGE_LOOP('',(#13453,#13454,#13487,#13523));
#13453 = ORIENTED_EDGE('',*,*,#13395,.T.);
#13454 = ORIENTED_EDGE('',*,*,#13455,.T.);
#13455 = EDGE_CURVE('',#13373,#13456,#13458,.T.);
#13456 = VERTEX_POINT('',#13457);
#13457 = CARTESIAN_POINT('',(18.666061892309,3.92920837949,2.));
#13458 = SURFACE_CURVE('',#13459,(#13468,#13475),.PCURVE_S1.);
#13459 = B_SPLINE_CURVE_WITH_KNOTS('',7,(#13460,#13461,#13462,#13463,
    #13464,#13465,#13466,#13467),.UNSPECIFIED.,.F.,.F.,(8,8),(0.,1.),
  .PIECEWISE_BEZIER_KNOTS.);
#13460 = CARTESIAN_POINT('',(15.466898870155,3.839159886287,2.));
#13461 = CARTESIAN_POINT('',(15.905221905004,3.853300469037,2.));
#13462 = CARTESIAN_POINT('',(16.46510338779,3.854189039675,2.));
#13463 = CARTESIAN_POINT('',(16.658402747369,3.897069947474,2.));
#13464 = CARTESIAN_POINT('',(17.516520866101,3.858520941119,2.));
#13465 = CARTESIAN_POINT('',(17.592281497954,3.925561564718,2.));
#13466 = CARTESIAN_POINT('',(18.267898025496,3.898053298757,2.));
#13467 = CARTESIAN_POINT('',(18.666061892309,3.92920837949,2.));
#13468 = PCURVE('',#13411,#13469);
#13469 = DEFINITIONAL_REPRESENTATION('',(#13470),#13474);
#13470 = LINE('',#13471,#13472);
#13471 = CARTESIAN_POINT('',(0.,-2.));
#13472 = VECTOR('',#13473,1.);
#13473 = DIRECTION('',(1.,0.));
#13474 = ( GEOMETRIC_REPRESENTATION_CONTEXT(2) 
PARAMETRIC_REPRESENTATION_CONTEXT() REPRESENTATION_CONTEXT('2D SPACE',''
  ) );
#13475 = PCURVE('',#12595,#13476);
#13476 = DEFINITIONAL_REPRESENTATION('',(#13477),#13486);
#13477 = B_SPLINE_CURVE_WITH_KNOTS('',7,(#13478,#13479,#13480,#13481,
    #13482,#13483,#13484,#13485),.UNSPECIFIED.,.F.,.F.,(8,8),(0.,1.),
  .PIECEWISE_BEZIER_KNOTS.);
#13478 = CARTESIAN_POINT('',(1.385358148719,-4.222987877688));
#13479 = CARTESIAN_POINT('',(1.823681183569,-4.208847294939));
#13480 = CARTESIAN_POINT('',(2.383562666354,-4.207958724301));
#13481 = CARTESIAN_POINT('',(2.576862025933,-4.165077816501));
#13482 = CARTESIAN_POINT('',(3.434980144666,-4.203626822856));
#13483 = CARTESIAN_POINT('',(3.510740776519,-4.136586199258));
#13484 = CARTESIAN_POINT('',(4.186357304061,-4.164094465218));
#13485 = CARTESIAN_POINT('',(4.584521170874,-4.132939384485));
#13486 = ( GEOMETRIC_REPRESENTATION_CONTEXT(2) 
PARAMETRIC_REPRESENTATION_CONTEXT() REPRESENTATION_CONTEXT('2D SPACE',''
  ) );
#13487 = ORIENTED_EDGE('',*,*,#13488,.F.);
#13488 = EDGE_CURVE('',#13489,#13456,#13491,.T.);
#13489 = VERTEX_POINT('',#13490);
#13490 = CARTESIAN_POINT('',(18.666061892309,3.92920837949,0.));
#13491 = SURFACE_CURVE('',#13492,(#13496,#13503),.PCURVE_S1.);
#13492 = LINE('',#13493,#13494);
#13493 = CARTESIAN_POINT('',(18.666061892309,3.92920837949,0.));
#13494 = VECTOR('',#13495,1.);
#13495 = DIRECTION('',(0.,0.,1.));
#13496 = PCURVE('',#13411,#13497);
#13497 = DEFINITIONAL_REPRESENTATION('',(#13498),#13502);
#13498 = LINE('',#13499,#13500);
#13499 = CARTESIAN_POINT('',(1.,0.));
#13500 = VECTOR('',#13501,1.);
#13501 = DIRECTION('',(0.,-1.));
#13502 = ( GEOMETRIC_REPRESENTATION_CONTEXT(2) 
PARAMETRIC_REPRESENTATION_CONTEXT() REPRESENTATION_CONTEXT('2D SPACE',''
  ) );
#13503 = PCURVE('',#13504,#13517);
#13504 = SURFACE_OF_LINEAR_EXTRUSION('',#13505,#13515);
#13505 = B_SPLINE_CURVE_WITH_KNOTS('',8,(#13506,#13507,#13508,#13509,
    #13510,#13511,#13512,#13513,#13514),.UNSPECIFIED.,.F.,.F.,(9,9),(0.,
    1.),.PIECEWISE_BEZIER_KNOTS.);
#13506 = CARTESIAN_POINT('',(18.666061892309,3.92920837949,0.));
#13507 = CARTESIAN_POINT('',(18.672429398226,4.191172970596,0.));
#13508 = CARTESIAN_POINT('',(18.631588215151,4.096204733675,0.));
#13509 = CARTESIAN_POINT('',(18.759271676557,5.251404217868,0.));
#13510 = CARTESIAN_POINT('',(18.509937660226,3.71111349494,0.));
#13511 = CARTESIAN_POINT('',(18.84016221838,6.07737821743,0.));
#13512 = CARTESIAN_POINT('',(18.533544423373,4.528259700925,0.));
#13513 = CARTESIAN_POINT('',(18.734870099861,5.660710892474,0.));
#13514 = CARTESIAN_POINT('',(18.641900839199,5.634257750213,0.));
#13515 = VECTOR('',#13516,1.);
#13516 = DIRECTION('',(-0.,-0.,-1.));
#13517 = DEFINITIONAL_REPRESENTATION('',(#13518),#13522);
#13518 = LINE('',#13519,#13520);
#13519 = CARTESIAN_POINT('',(0.,0.));
#13520 = VECTOR('',#13521,1.);
#13521 = DIRECTION('',(0.,-1.));
#13522 = ( GEOMETRIC_REPRESENTATION_CONTEXT(2) 
PARAMETRIC_REPRESENTATION_CONTEXT() REPRESENTATION_CONTEXT('2D SPACE',''
  ) );
#13523 = ORIENTED_EDGE('',*,*,#13524,.F.);
#13524 = EDGE_CURVE('',#13396,#13489,#13525,.T.);
#13525 = SURFACE_CURVE('',#13526,(#13535,#13542),.PCURVE_S1.);
#13526 = B_SPLINE_CURVE_WITH_KNOTS('',7,(#13527,#13528,#13529,#13530,
    #13531,#13532,#13533,#13534),.UNSPECIFIED.,.F.,.F.,(8,8),(0.,1.),
  .PIECEWISE_BEZIER_KNOTS.);
#13527 = CARTESIAN_POINT('',(15.466898870155,3.839159886287,0.));
#13528 = CARTESIAN_POINT('',(15.905221905004,3.853300469037,0.));
#13529 = CARTESIAN_POINT('',(16.46510338779,3.854189039675,0.));
#13530 = CARTESIAN_POINT('',(16.658402747369,3.897069947474,0.));
#13531 = CARTESIAN_POINT('',(17.516520866101,3.858520941119,0.));
#13532 = CARTESIAN_POINT('',(17.592281497954,3.925561564718,0.));
#13533 = CARTESIAN_POINT('',(18.267898025496,3.898053298757,0.));
#13534 = CARTESIAN_POINT('',(18.666061892309,3.92920837949,0.));
#13535 = PCURVE('',#13411,#13536);
#13536 = DEFINITIONAL_REPRESENTATION('',(#13537),#13541);
#13537 = LINE('',#13538,#13539);
#13538 = CARTESIAN_POINT('',(0.,0.));
#13539 = VECTOR('',#13540,1.);
#13540 = DIRECTION('',(1.,0.));
#13541 = ( GEOMETRIC_REPRESENTATION_CONTEXT(2) 
PARAMETRIC_REPRESENTATION_CONTEXT() REPRESENTATION_CONTEXT('2D SPACE',''
  ) );
#13542 = PCURVE('',#12683,#13543);
#13543 = DEFINITIONAL_REPRESENTATION('',(#13544),#13553);
#13544 = B_SPLINE_CURVE_WITH_KNOTS('',7,(#13545,#13546,#13547,#13548,
    #13549,#13550,#13551,#13552),.UNSPECIFIED.,.F.,.F.,(8,8),(0.,1.),
  .PIECEWISE_BEZIER_KNOTS.);
#13545 = CARTESIAN_POINT('',(1.385358148719,-4.222987877688));
#13546 = CARTESIAN_POINT('',(1.823681183569,-4.208847294939));
#13547 = CARTESIAN_POINT('',(2.383562666354,-4.207958724301));
#13548 = CARTESIAN_POINT('',(2.576862025933,-4.165077816501));
#13549 = CARTESIAN_POINT('',(3.434980144666,-4.203626822856));
#13550 = CARTESIAN_POINT('',(3.510740776519,-4.136586199258));
#13551 = CARTESIAN_POINT('',(4.186357304061,-4.164094465218));
#13552 = CARTESIAN_POINT('',(4.584521170874,-4.132939384485));
#13553 = ( GEOMETRIC_REPRESENTATION_CONTEXT(2) 
PARAMETRIC_REPRESENTATION_CONTEXT() REPRESENTATION_CONTEXT('2D SPACE',''
  ) );
#13554 = ADVANCED_FACE('',(#13555),#13504,.F.);
#13555 = FACE_BOUND('',#13556,.F.);
#13556 = EDGE_LOOP('',(#13557,#13558,#13593,#13621));
#13557 = ORIENTED_EDGE('',*,*,#13488,.T.);
#13558 = ORIENTED_EDGE('',*,*,#13559,.T.);
#13559 = EDGE_CURVE('',#13456,#13560,#13562,.T.);
#13560 = VERTEX_POINT('',#13561);
#13561 = CARTESIAN_POINT('',(18.641900839199,5.634257750213,2.));
#13562 = SURFACE_CURVE('',#13563,(#13573,#13580),.PCURVE_S1.);
#13563 = B_SPLINE_CURVE_WITH_KNOTS('',8,(#13564,#13565,#13566,#13567,
    #13568,#13569,#13570,#13571,#13572),.UNSPECIFIED.,.F.,.F.,(9,9),(0.,
    1.),.PIECEWISE_BEZIER_KNOTS.);
#13564 = CARTESIAN_POINT('',(18.666061892309,3.92920837949,2.));
#13565 = CARTESIAN_POINT('',(18.672429398226,4.191172970596,2.));
#13566 = CARTESIAN_POINT('',(18.631588215151,4.096204733675,2.));
#13567 = CARTESIAN_POINT('',(18.759271676557,5.251404217868,2.));
#13568 = CARTESIAN_POINT('',(18.509937660226,3.71111349494,2.));
#13569 = CARTESIAN_POINT('',(18.84016221838,6.07737821743,2.));
#13570 = CARTESIAN_POINT('',(18.533544423373,4.528259700925,2.));
#13571 = CARTESIAN_POINT('',(18.734870099861,5.660710892474,2.));
#13572 = CARTESIAN_POINT('',(18.641900839199,5.634257750213,2.));
#13573 = PCURVE('',#13504,#13574);
#13574 = DEFINITIONAL_REPRESENTATION('',(#13575),#13579);
#13575 = LINE('',#13576,#13577);
#13576 = CARTESIAN_POINT('',(0.,-2.));
#13577 = VECTOR('',#13578,1.);
#13578 = DIRECTION('',(1.,0.));
#13579 = ( GEOMETRIC_REPRESENTATION_CONTEXT(2) 
PARAMETRIC_REPRESENTATION_CONTEXT() REPRESENTATION_CONTEXT('2D SPACE',''
  ) );
#13580 = PCURVE('',#12595,#13581);
#13581 = DEFINITIONAL_REPRESENTATION('',(#13582),#13592);
#13582 = B_SPLINE_CURVE_WITH_KNOTS('',8,(#13583,#13584,#13585,#13586,
    #13587,#13588,#13589,#13590,#13591),.UNSPECIFIED.,.F.,.F.,(9,9),(0.,
    1.),.PIECEWISE_BEZIER_KNOTS.);
#13583 = CARTESIAN_POINT('',(4.584521170874,-4.132939384485));
#13584 = CARTESIAN_POINT('',(4.590888676791,-3.870974793379));
#13585 = CARTESIAN_POINT('',(4.550047493716,-3.9659430303));
#13586 = CARTESIAN_POINT('',(4.677730955122,-2.810743546107));
#13587 = CARTESIAN_POINT('',(4.42839693879,-4.351034269035));
#13588 = CARTESIAN_POINT('',(4.758621496944,-1.984769546545));
#13589 = CARTESIAN_POINT('',(4.452003701938,-3.533888063051));
#13590 = CARTESIAN_POINT('',(4.653329378425,-2.401436871502));
#13591 = CARTESIAN_POINT('',(4.560360117763,-2.427890013762));
#13592 = ( GEOMETRIC_REPRESENTATION_CONTEXT(2) 
PARAMETRIC_REPRESENTATION_CONTEXT() REPRESENTATION_CONTEXT('2D SPACE',''
  ) );
#13593 = ORIENTED_EDGE('',*,*,#13594,.F.);
#13594 = EDGE_CURVE('',#13595,#13560,#13597,.T.);
#13595 = VERTEX_POINT('',#13596);
#13596 = CARTESIAN_POINT('',(18.641900839199,5.634257750213,0.));
#13597 = SURFACE_CURVE('',#13598,(#13602,#13609),.PCURVE_S1.);
#13598 = LINE('',#13599,#13600);
#13599 = CARTESIAN_POINT('',(18.641900839199,5.634257750213,0.));
#13600 = VECTOR('',#13601,1.);
#13601 = DIRECTION('',(0.,0.,1.));
#13602 = PCURVE('',#13504,#13603);
#13603 = DEFINITIONAL_REPRESENTATION('',(#13604),#13608);
#13604 = LINE('',#13605,#13606);
#13605 = CARTESIAN_POINT('',(1.,0.));
#13606 = VECTOR('',#13607,1.);
#13607 = DIRECTION('',(0.,-1.));
#13608 = ( GEOMETRIC_REPRESENTATION_CONTEXT(2) 
PARAMETRIC_REPRESENTATION_CONTEXT() REPRESENTATION_CONTEXT('2D SPACE',''
  ) );
#13609 = PCURVE('',#13610,#13615);
#13610 = PLANE('',#13611);
#13611 = AXIS2_PLACEMENT_3D('',#13612,#13613,#13614);
#13612 = CARTESIAN_POINT('',(18.641900839199,5.634257750213,0.));
#13613 = DIRECTION('',(-0.148994067601,-0.98883808979,0.));
#13614 = DIRECTION('',(-0.98883808979,0.148994067601,0.));
#13615 = DEFINITIONAL_REPRESENTATION('',(#13616),#13620);
#13616 = LINE('',#13617,#13618);
#13617 = CARTESIAN_POINT('',(0.,0.));
#13618 = VECTOR('',#13619,1.);
#13619 = DIRECTION('',(0.,-1.));
#13620 = ( GEOMETRIC_REPRESENTATION_CONTEXT(2) 
PARAMETRIC_REPRESENTATION_CONTEXT() REPRESENTATION_CONTEXT('2D SPACE',''
  ) );
#13621 = ORIENTED_EDGE('',*,*,#13622,.F.);
#13622 = EDGE_CURVE('',#13489,#13595,#13623,.T.);
#13623 = SURFACE_CURVE('',#13624,(#13634,#13641),.PCURVE_S1.);
#13624 = B_SPLINE_CURVE_WITH_KNOTS('',8,(#13625,#13626,#13627,#13628,
    #13629,#13630,#13631,#13632,#13633),.UNSPECIFIED.,.F.,.F.,(9,9),(0.,
    1.),.PIECEWISE_BEZIER_KNOTS.);
#13625 = CARTESIAN_POINT('',(18.666061892309,3.92920837949,0.));
#13626 = CARTESIAN_POINT('',(18.672429398226,4.191172970596,0.));
#13627 = CARTESIAN_POINT('',(18.631588215151,4.096204733675,0.));
#13628 = CARTESIAN_POINT('',(18.759271676557,5.251404217868,0.));
#13629 = CARTESIAN_POINT('',(18.509937660226,3.71111349494,0.));
#13630 = CARTESIAN_POINT('',(18.84016221838,6.07737821743,0.));
#13631 = CARTESIAN_POINT('',(18.533544423373,4.528259700925,0.));
#13632 = CARTESIAN_POINT('',(18.734870099861,5.660710892474,0.));
#13633 = CARTESIAN_POINT('',(18.641900839199,5.634257750213,0.));
#13634 = PCURVE('',#13504,#13635);
#13635 = DEFINITIONAL_REPRESENTATION('',(#13636),#13640);
#13636 = LINE('',#13637,#13638);
#13637 = CARTESIAN_POINT('',(0.,0.));
#13638 = VECTOR('',#13639,1.);
#13639 = DIRECTION('',(1.,0.));
#13640 = ( GEOMETRIC_REPRESENTATION_CONTEXT(2) 
PARAMETRIC_REPRESENTATION_CONTEXT() REPRESENTATION_CONTEXT('2D SPACE',''
  ) );
#13641 = PCURVE('',#12683,#13642);
#13642 = DEFINITIONAL_REPRESENTATION('',(#13643),#13653);
#13643 = B_SPLINE_CURVE_WITH_KNOTS('',8,(#13644,#13645,#13646,#13647,
    #13648,#13649,#13650,#13651,#13652),.UNSPECIFIED.,.F.,.F.,(9,9),(0.,
    1.),.PIECEWISE_BEZIER_KNOTS.);
#13644 = CARTESIAN_POINT('',(4.584521170874,-4.132939384485));
#13645 = CARTESIAN_POINT('',(4.590888676791,-3.870974793379));
#13646 = CARTESIAN_POINT('',(4.550047493716,-3.9659430303));
#13647 = CARTESIAN_POINT('',(4.677730955122,-2.810743546107));
#13648 = CARTESIAN_POINT('',(4.42839693879,-4.351034269035));
#13649 = CARTESIAN_POINT('',(4.758621496944,-1.984769546545));
#13650 = CARTESIAN_POINT('',(4.452003701938,-3.533888063051));
#13651 = CARTESIAN_POINT('',(4.653329378425,-2.401436871502));
#13652 = CARTESIAN_POINT('',(4.560360117763,-2.427890013762));
#13653 = ( GEOMETRIC_REPRESENTATION_CONTEXT(2) 
PARAMETRIC_REPRESENTATION_CONTEXT() REPRESENTATION_CONTEXT('2D SPACE',''
  ) );
#13654 = ADVANCED_FACE('',(#13655),#13610,.F.);
#13655 = FACE_BOUND('',#13656,.F.);
#13656 = EDGE_LOOP('',(#13657,#13658,#13681,#13704));
#13657 = ORIENTED_EDGE('',*,*,#13594,.T.);
#13658 = ORIENTED_EDGE('',*,*,#13659,.T.);
#13659 = EDGE_CURVE('',#13560,#13660,#13662,.T.);
#13660 = VERTEX_POINT('',#13661);
#13661 = CARTESIAN_POINT('',(17.422915866147,5.817929406225,2.));
#13662 = SURFACE_CURVE('',#13663,(#13667,#13674),.PCURVE_S1.);
#13663 = LINE('',#13664,#13665);
#13664 = CARTESIAN_POINT('',(18.641900839199,5.634257750213,2.));
#13665 = VECTOR('',#13666,1.);
#13666 = DIRECTION('',(-0.98883808979,0.148994067601,0.));
#13667 = PCURVE('',#13610,#13668);
#13668 = DEFINITIONAL_REPRESENTATION('',(#13669),#13673);
#13669 = LINE('',#13670,#13671);
#13670 = CARTESIAN_POINT('',(0.,-2.));
#13671 = VECTOR('',#13672,1.);
#13672 = DIRECTION('',(1.,0.));
#13673 = ( GEOMETRIC_REPRESENTATION_CONTEXT(2) 
PARAMETRIC_REPRESENTATION_CONTEXT() REPRESENTATION_CONTEXT('2D SPACE',''
  ) );
#13674 = PCURVE('',#12595,#13675);
#13675 = DEFINITIONAL_REPRESENTATION('',(#13676),#13680);
#13676 = LINE('',#13677,#13678);
#13677 = CARTESIAN_POINT('',(4.560360117763,-2.427890013762));
#13678 = VECTOR('',#13679,1.);
#13679 = DIRECTION('',(-0.98883808979,0.148994067601));
#13680 = ( GEOMETRIC_REPRESENTATION_CONTEXT(2) 
PARAMETRIC_REPRESENTATION_CONTEXT() REPRESENTATION_CONTEXT('2D SPACE',''
  ) );
#13681 = ORIENTED_EDGE('',*,*,#13682,.F.);
#13682 = EDGE_CURVE('',#13683,#13660,#13685,.T.);
#13683 = VERTEX_POINT('',#13684);
#13684 = CARTESIAN_POINT('',(17.422915866147,5.817929406225,0.));
#13685 = SURFACE_CURVE('',#13686,(#13690,#13697),.PCURVE_S1.);
#13686 = LINE('',#13687,#13688);
#13687 = CARTESIAN_POINT('',(17.422915866147,5.817929406225,0.));
#13688 = VECTOR('',#13689,1.);
#13689 = DIRECTION('',(0.,0.,1.));
#13690 = PCURVE('',#13610,#13691);
#13691 = DEFINITIONAL_REPRESENTATION('',(#13692),#13696);
#13692 = LINE('',#13693,#13694);
#13693 = CARTESIAN_POINT('',(1.232744759368,0.));
#13694 = VECTOR('',#13695,1.);
#13695 = DIRECTION('',(0.,-1.));
#13696 = ( GEOMETRIC_REPRESENTATION_CONTEXT(2) 
PARAMETRIC_REPRESENTATION_CONTEXT() REPRESENTATION_CONTEXT('2D SPACE',''
  ) );
#13697 = PCURVE('',#12537,#13698);
#13698 = DEFINITIONAL_REPRESENTATION('',(#13699),#13703);
#13699 = LINE('',#13700,#13701);
#13700 = CARTESIAN_POINT('',(0.,0.));
#13701 = VECTOR('',#13702,1.);
#13702 = DIRECTION('',(0.,-1.));
#13703 = ( GEOMETRIC_REPRESENTATION_CONTEXT(2) 
PARAMETRIC_REPRESENTATION_CONTEXT() REPRESENTATION_CONTEXT('2D SPACE',''
  ) );
#13704 = ORIENTED_EDGE('',*,*,#13705,.F.);
#13705 = EDGE_CURVE('',#13595,#13683,#13706,.T.);
#13706 = SURFACE_CURVE('',#13707,(#13711,#13718),.PCURVE_S1.);
#13707 = LINE('',#13708,#13709);
#13708 = CARTESIAN_POINT('',(18.641900839199,5.634257750213,0.));
#13709 = VECTOR('',#13710,1.);
#13710 = DIRECTION('',(-0.98883808979,0.148994067601,0.));
#13711 = PCURVE('',#13610,#13712);
#13712 = DEFINITIONAL_REPRESENTATION('',(#13713),#13717);
#13713 = LINE('',#13714,#13715);
#13714 = CARTESIAN_POINT('',(0.,0.));
#13715 = VECTOR('',#13716,1.);
#13716 = DIRECTION('',(1.,0.));
#13717 = ( GEOMETRIC_REPRESENTATION_CONTEXT(2) 
PARAMETRIC_REPRESENTATION_CONTEXT() REPRESENTATION_CONTEXT('2D SPACE',''
  ) );
#13718 = PCURVE('',#12683,#13719);
#13719 = DEFINITIONAL_REPRESENTATION('',(#13720),#13724);
#13720 = LINE('',#13721,#13722);
#13721 = CARTESIAN_POINT('',(4.560360117763,-2.427890013762));
#13722 = VECTOR('',#13723,1.);
#13723 = DIRECTION('',(-0.98883808979,0.148994067601));
#13724 = ( GEOMETRIC_REPRESENTATION_CONTEXT(2) 
PARAMETRIC_REPRESENTATION_CONTEXT() REPRESENTATION_CONTEXT('2D SPACE',''
  ) );
#13725 = ADVANCED_FACE('',(#13726),#12537,.F.);
#13726 = FACE_BOUND('',#13727,.F.);
#13727 = EDGE_LOOP('',(#13728,#13729,#13798,#13799));
#13728 = ORIENTED_EDGE('',*,*,#13682,.T.);
#13729 = ORIENTED_EDGE('',*,*,#13730,.T.);
#13730 = EDGE_CURVE('',#13660,#12511,#13731,.T.);
#13731 = SURFACE_CURVE('',#13732,(#13760,#13767),.PCURVE_S1.);
#13732 = B_SPLINE_CURVE_WITH_KNOTS('',8,(#13733,#13734,#13735,#13736,
    #13737,#13738,#13739,#13740,#13741,#13742,#13743,#13744,#13745,
    #13746,#13747,#13748,#13749,#13750,#13751,#13752,#13753,#13754,
    #13755,#13756,#13757,#13758,#13759),.UNSPECIFIED.,.F.,.F.,(9,6,6,6,9
    ),(0.,0.160425667994,0.324118347611,0.664913859565,1.),
  .UNSPECIFIED.);
#13733 = CARTESIAN_POINT('',(17.422915866147,5.817929406225,2.));
#13734 = CARTESIAN_POINT('',(17.414577571226,5.961036471957,2.));
#13735 = CARTESIAN_POINT('',(17.43056957113,6.105404030096,2.));
#13736 = CARTESIAN_POINT('',(17.409489709893,6.249204993535,2.));
#13737 = CARTESIAN_POINT('',(17.42842670411,6.390449167215,2.));
#13738 = CARTESIAN_POINT('',(17.417337505416,6.537582506875,2.));
#13739 = CARTESIAN_POINT('',(17.421061855179,6.678381541219,2.));
#13740 = CARTESIAN_POINT('',(17.420225383849,6.970649614171,2.));
#13741 = CARTESIAN_POINT('',(17.420707900349,7.258103295966,2.));
#13742 = CARTESIAN_POINT('',(17.420914567652,7.411374491204,2.));
#13743 = CARTESIAN_POINT('',(17.419262542,7.542556627276,2.));
#13744 = CARTESIAN_POINT('',(17.422205566126,7.708666105889,2.));
#13745 = CARTESIAN_POINT('',(17.419707001614,7.84103557166,2.));
#13746 = CARTESIAN_POINT('',(17.422429232865,8.306260809604,2.));
#13747 = CARTESIAN_POINT('',(17.417352810351,8.732784901846,2.));
#13748 = CARTESIAN_POINT('',(17.430848830211,9.102189888152,2.));
#13749 = CARTESIAN_POINT('',(17.403722735391,9.279453697799,2.));
#13750 = CARTESIAN_POINT('',(17.436434458328,9.737373659867,2.));
#13751 = CARTESIAN_POINT('',(17.412293798532,9.929784967379,2.));
#13752 = CARTESIAN_POINT('',(17.431991463272,10.627147312463,2.));
#13753 = CARTESIAN_POINT('',(17.407405693782,11.114954815559,2.));
#13754 = CARTESIAN_POINT('',(17.488686952967,11.809334626243,2.));
#13755 = CARTESIAN_POINT('',(17.264067306406,11.029358916183,2.));
#13756 = CARTESIAN_POINT('',(17.636439892456,13.063067097682,2.));
#13757 = CARTESIAN_POINT('',(17.224997029094,11.579282425878,2.));
#13758 = CARTESIAN_POINT('',(17.540838504112,13.037861199446,2.));
#13759 = CARTESIAN_POINT('',(17.369546014658,12.967276854128,2.));
#13760 = PCURVE('',#12537,#13761);
#13761 = DEFINITIONAL_REPRESENTATION('',(#13762),#13766);
#13762 = LINE('',#13763,#13764);
#13763 = CARTESIAN_POINT('',(0.,-2.));
#13764 = VECTOR('',#13765,1.);
#13765 = DIRECTION('',(1.,0.));
#13766 = ( GEOMETRIC_REPRESENTATION_CONTEXT(2) 
PARAMETRIC_REPRESENTATION_CONTEXT() REPRESENTATION_CONTEXT('2D SPACE',''
  ) );
#13767 = PCURVE('',#12595,#13768);
#13768 = DEFINITIONAL_REPRESENTATION('',(#13769),#13797);
#13769 = B_SPLINE_CURVE_WITH_KNOTS('',8,(#13770,#13771,#13772,#13773,
    #13774,#13775,#13776,#13777,#13778,#13779,#13780,#13781,#13782,
    #13783,#13784,#13785,#13786,#13787,#13788,#13789,#13790,#13791,
    #13792,#13793,#13794,#13795,#13796),.UNSPECIFIED.,.F.,.F.,(9,6,6,6,9
    ),(0.,0.160425667994,0.324118347611,0.664913859565,1.),
  .UNSPECIFIED.);
#13770 = CARTESIAN_POINT('',(3.341375144711,-2.24421835775));
#13771 = CARTESIAN_POINT('',(3.33303684979,-2.101111292019));
#13772 = CARTESIAN_POINT('',(3.349028849694,-1.956743733879));
#13773 = CARTESIAN_POINT('',(3.327948988458,-1.81294277044));
#13774 = CARTESIAN_POINT('',(3.346885982674,-1.67169859676));
#13775 = CARTESIAN_POINT('',(3.33579678398,-1.524565257101));
#13776 = CARTESIAN_POINT('',(3.339521133744,-1.383766222756));
#13777 = CARTESIAN_POINT('',(3.338684662414,-1.091498149804));
#13778 = CARTESIAN_POINT('',(3.339167178914,-0.804044468009));
#13779 = CARTESIAN_POINT('',(3.339373846217,-0.650773272772));
#13780 = CARTESIAN_POINT('',(3.337721820565,-0.519591136699));
#13781 = CARTESIAN_POINT('',(3.34066484469,-0.353481658086));
#13782 = CARTESIAN_POINT('',(3.338166280179,-0.221112192315));
#13783 = CARTESIAN_POINT('',(3.340888511429,0.244113045629));
#13784 = CARTESIAN_POINT('',(3.335812088916,0.670637137871));
#13785 = CARTESIAN_POINT('',(3.349308108775,1.040042124177));
#13786 = CARTESIAN_POINT('',(3.322182013955,1.217305933824));
#13787 = CARTESIAN_POINT('',(3.354893736892,1.675225895892));
#13788 = CARTESIAN_POINT('',(3.330753077097,1.867637203404));
#13789 = CARTESIAN_POINT('',(3.350450741837,2.564999548487));
#13790 = CARTESIAN_POINT('',(3.325864972346,3.052807051584));
#13791 = CARTESIAN_POINT('',(3.407146231531,3.747186862267));
#13792 = CARTESIAN_POINT('',(3.18252658497,2.967211152208));
#13793 = CARTESIAN_POINT('',(3.55489917102,5.000919333707));
#13794 = CARTESIAN_POINT('',(3.143456307659,3.517134661903));
#13795 = CARTESIAN_POINT('',(3.459297782676,4.975713435471));
#13796 = CARTESIAN_POINT('',(3.288005293222,4.905129090153));
#13797 = ( GEOMETRIC_REPRESENTATION_CONTEXT(2) 
PARAMETRIC_REPRESENTATION_CONTEXT() REPRESENTATION_CONTEXT('2D SPACE',''
  ) );
#13798 = ORIENTED_EDGE('',*,*,#12508,.F.);
#13799 = ORIENTED_EDGE('',*,*,#13800,.F.);
#13800 = EDGE_CURVE('',#13683,#12509,#13801,.T.);
#13801 = SURFACE_CURVE('',#13802,(#13830,#13837),.PCURVE_S1.);
#13802 = B_SPLINE_CURVE_WITH_KNOTS('',8,(#13803,#13804,#13805,#13806,
    #13807,#13808,#13809,#13810,#13811,#13812,#13813,#13814,#13815,
    #13816,#13817,#13818,#13819,#13820,#13821,#13822,#13823,#13824,
    #13825,#13826,#13827,#13828,#13829),.UNSPECIFIED.,.F.,.F.,(9,6,6,6,9
    ),(0.,0.160425667994,0.324118347611,0.664913859565,1.),
  .UNSPECIFIED.);
#13803 = CARTESIAN_POINT('',(17.422915866147,5.817929406225,0.));
#13804 = CARTESIAN_POINT('',(17.414577571226,5.961036471957,0.));
#13805 = CARTESIAN_POINT('',(17.43056957113,6.105404030096,0.));
#13806 = CARTESIAN_POINT('',(17.409489709893,6.249204993535,0.));
#13807 = CARTESIAN_POINT('',(17.42842670411,6.390449167215,0.));
#13808 = CARTESIAN_POINT('',(17.417337505416,6.537582506875,0.));
#13809 = CARTESIAN_POINT('',(17.421061855179,6.678381541219,0.));
#13810 = CARTESIAN_POINT('',(17.420225383849,6.970649614171,0.));
#13811 = CARTESIAN_POINT('',(17.420707900349,7.258103295966,0.));
#13812 = CARTESIAN_POINT('',(17.420914567652,7.411374491204,0.));
#13813 = CARTESIAN_POINT('',(17.419262542,7.542556627276,0.));
#13814 = CARTESIAN_POINT('',(17.422205566126,7.708666105889,0.));
#13815 = CARTESIAN_POINT('',(17.419707001614,7.84103557166,0.));
#13816 = CARTESIAN_POINT('',(17.422429232865,8.306260809604,0.));
#13817 = CARTESIAN_POINT('',(17.417352810351,8.732784901846,0.));
#13818 = CARTESIAN_POINT('',(17.430848830211,9.102189888152,0.));
#13819 = CARTESIAN_POINT('',(17.403722735391,9.279453697799,0.));
#13820 = CARTESIAN_POINT('',(17.436434458328,9.737373659867,0.));
#13821 = CARTESIAN_POINT('',(17.412293798532,9.929784967379,0.));
#13822 = CARTESIAN_POINT('',(17.431991463272,10.627147312463,0.));
#13823 = CARTESIAN_POINT('',(17.407405693782,11.114954815559,0.));
#13824 = CARTESIAN_POINT('',(17.488686952967,11.809334626243,0.));
#13825 = CARTESIAN_POINT('',(17.264067306406,11.029358916183,0.));
#13826 = CARTESIAN_POINT('',(17.636439892456,13.063067097682,0.));
#13827 = CARTESIAN_POINT('',(17.224997029094,11.579282425878,0.));
#13828 = CARTESIAN_POINT('',(17.540838504112,13.037861199446,0.));
#13829 = CARTESIAN_POINT('',(17.369546014658,12.967276854128,0.));
#13830 = PCURVE('',#12537,#13831);
#13831 = DEFINITIONAL_REPRESENTATION('',(#13832),#13836);
#13832 = LINE('',#13833,#13834);
#13833 = CARTESIAN_POINT('',(0.,0.));
#13834 = VECTOR('',#13835,1.);
#13835 = DIRECTION('',(1.,0.));
#13836 = ( GEOMETRIC_REPRESENTATION_CONTEXT(2) 
PARAMETRIC_REPRESENTATION_CONTEXT() REPRESENTATION_CONTEXT('2D SPACE',''
  ) );
#13837 = PCURVE('',#12683,#13838);
#13838 = DEFINITIONAL_REPRESENTATION('',(#13839),#13867);
#13839 = B_SPLINE_CURVE_WITH_KNOTS('',8,(#13840,#13841,#13842,#13843,
    #13844,#13845,#13846,#13847,#13848,#13849,#13850,#13851,#13852,
    #13853,#13854,#13855,#13856,#13857,#13858,#13859,#13860,#13861,
    #13862,#13863,#13864,#13865,#13866),.UNSPECIFIED.,.F.,.F.,(9,6,6,6,9
    ),(0.,0.160425667994,0.324118347611,0.664913859565,1.),
  .UNSPECIFIED.);
#13840 = CARTESIAN_POINT('',(3.341375144711,-2.24421835775));
#13841 = CARTESIAN_POINT('',(3.33303684979,-2.101111292019));
#13842 = CARTESIAN_POINT('',(3.349028849694,-1.956743733879));
#13843 = CARTESIAN_POINT('',(3.327948988458,-1.81294277044));
#13844 = CARTESIAN_POINT('',(3.346885982674,-1.67169859676));
#13845 = CARTESIAN_POINT('',(3.33579678398,-1.524565257101));
#13846 = CARTESIAN_POINT('',(3.339521133744,-1.383766222756));
#13847 = CARTESIAN_POINT('',(3.338684662414,-1.091498149804));
#13848 = CARTESIAN_POINT('',(3.339167178914,-0.804044468009));
#13849 = CARTESIAN_POINT('',(3.339373846217,-0.650773272772));
#13850 = CARTESIAN_POINT('',(3.337721820565,-0.519591136699));
#13851 = CARTESIAN_POINT('',(3.34066484469,-0.353481658086));
#13852 = CARTESIAN_POINT('',(3.338166280179,-0.221112192315));
#13853 = CARTESIAN_POINT('',(3.340888511429,0.244113045629));
#13854 = CARTESIAN_POINT('',(3.335812088916,0.670637137871));
#13855 = CARTESIAN_POINT('',(3.349308108775,1.040042124177));
#13856 = CARTESIAN_POINT('',(3.322182013955,1.217305933824));
#13857 = CARTESIAN_POINT('',(3.354893736892,1.675225895892));
#13858 = CARTESIAN_POINT('',(3.330753077097,1.867637203404));
#13859 = CARTESIAN_POINT('',(3.350450741837,2.564999548487));
#13860 = CARTESIAN_POINT('',(3.325864972346,3.052807051584));
#13861 = CARTESIAN_POINT('',(3.407146231531,3.747186862267));
#13862 = CARTESIAN_POINT('',(3.18252658497,2.967211152208));
#13863 = CARTESIAN_POINT('',(3.55489917102,5.000919333707));
#13864 = CARTESIAN_POINT('',(3.143456307659,3.517134661903));
#13865 = CARTESIAN_POINT('',(3.459297782676,4.975713435471));
#13866 = CARTESIAN_POINT('',(3.288005293222,4.905129090153));
#13867 = ( GEOMETRIC_REPRESENTATION_CONTEXT(2) 
PARAMETRIC_REPRESENTATION_CONTEXT() REPRESENTATION_CONTEXT('2D SPACE',''
  ) );
#13868 = ADVANCED_FACE('',(#13869),#12683,.F.);
#13869 = FACE_BOUND('',#13870,.F.);
#13870 = EDGE_LOOP('',(#13871,#13872,#13873,#13874,#13875,#13876,#13877,
    #13878,#13879,#13880));
#13871 = ORIENTED_EDGE('',*,*,#12665,.T.);
#13872 = ORIENTED_EDGE('',*,*,#12809,.T.);
#13873 = ORIENTED_EDGE('',*,*,#12993,.T.);
#13874 = ORIENTED_EDGE('',*,*,#13175,.T.);
#13875 = ORIENTED_EDGE('',*,*,#13347,.T.);
#13876 = ORIENTED_EDGE('',*,*,#13430,.T.);
#13877 = ORIENTED_EDGE('',*,*,#13524,.T.);
#13878 = ORIENTED_EDGE('',*,*,#13622,.T.);
#13879 = ORIENTED_EDGE('',*,*,#13705,.T.);
#13880 = ORIENTED_EDGE('',*,*,#13800,.T.);
#13881 = ADVANCED_FACE('',(#13882),#12595,.T.);
#13882 = FACE_BOUND('',#13883,.T.);
#13883 = EDGE_LOOP('',(#13884,#13885,#13886,#13887,#13888,#13889,#13890,
    #13891,#13892,#13893));
#13884 = ORIENTED_EDGE('',*,*,#12575,.T.);
#13885 = ORIENTED_EDGE('',*,*,#12703,.T.);
#13886 = ORIENTED_EDGE('',*,*,#12882,.T.);
#13887 = ORIENTED_EDGE('',*,*,#13028,.T.);
#13888 = ORIENTED_EDGE('',*,*,#13296,.T.);
#13889 = ORIENTED_EDGE('',*,*,#13372,.T.);
#13890 = ORIENTED_EDGE('',*,*,#13455,.T.);
#13891 = ORIENTED_EDGE('',*,*,#13559,.T.);
#13892 = ORIENTED_EDGE('',*,*,#13659,.T.);
#13893 = ORIENTED_EDGE('',*,*,#13730,.T.);
#13894 = MANIFOLD_SOLID_BREP('',#13895);
#13895 = CLOSED_SHELL('',(#13896,#14028,#14104,#14186,#14278,#14354,
    #14435,#14523,#14604,#14687,#14734,#14747));
#13896 = ADVANCED_FACE('',(#13897),#13911,.F.);
#13897 = FACE_BOUND('',#13898,.F.);
#13898 = EDGE_LOOP('',(#13899,#13938,#13970,#13998));
#13899 = ORIENTED_EDGE('',*,*,#13900,.T.);
#13900 = EDGE_CURVE('',#13901,#13903,#13905,.T.);
#13901 = VERTEX_POINT('',#13902);
#13902 = CARTESIAN_POINT('',(0.,3.924369606729,0.));
#13903 = VERTEX_POINT('',#13904);
#13904 = CARTESIAN_POINT('',(0.,3.924369606729,2.));
#13905 = SURFACE_CURVE('',#13906,(#13910,#13926),.PCURVE_S1.);
#13906 = LINE('',#13907,#13908);
#13907 = CARTESIAN_POINT('',(0.,3.924369606729,0.));
#13908 = VECTOR('',#13909,1.);
#13909 = DIRECTION('',(0.,0.,1.));
#13910 = PCURVE('',#13911,#13920);
#13911 = SURFACE_OF_LINEAR_EXTRUSION('',#13912,#13918);
#13912 = B_SPLINE_CURVE_WITH_KNOTS('',4,(#13913,#13914,#13915,#13916,
    #13917),.UNSPECIFIED.,.F.,.F.,(5,5),(0.,1.),
  .PIECEWISE_BEZIER_KNOTS.);
#13913 = CARTESIAN_POINT('',(0.,3.924369606729,0.));
#13914 = CARTESIAN_POINT('',(0.514132716105,3.919670033992,0.));
#13915 = CARTESIAN_POINT('',(1.027764105871,3.93753080901,0.));
#13916 = CARTESIAN_POINT('',(1.542430407435,3.908039842792,0.));
#13917 = CARTESIAN_POINT('',(2.05591549585,3.934922437066,0.));
#13918 = VECTOR('',#13919,1.);
#13919 = DIRECTION('',(-0.,-0.,-1.));
#13920 = DEFINITIONAL_REPRESENTATION('',(#13921),#13925);
#13921 = LINE('',#13922,#13923);
#13922 = CARTESIAN_POINT('',(0.,0.));
#13923 = VECTOR('',#13924,1.);
#13924 = DIRECTION('',(0.,-1.));
#13925 = ( GEOMETRIC_REPRESENTATION_CONTEXT(2) 
PARAMETRIC_REPRESENTATION_CONTEXT() REPRESENTATION_CONTEXT('2D SPACE',''
  ) );
#13926 = PCURVE('',#13927,#13932);
#13927 = PLANE('',#13928);
#13928 = AXIS2_PLACEMENT_3D('',#13929,#13930,#13931);
#13929 = CARTESIAN_POINT('',(0.,16.035301603212,0.));
#13930 = DIRECTION('',(1.,0.,-0.));
#13931 = DIRECTION('',(0.,-1.,0.));
#13932 = DEFINITIONAL_REPRESENTATION('',(#13933),#13937);
#13933 = LINE('',#13934,#13935);
#13934 = CARTESIAN_POINT('',(12.110931996483,0.));
#13935 = VECTOR('',#13936,1.);
#13936 = DIRECTION('',(0.,-1.));
#13937 = ( GEOMETRIC_REPRESENTATION_CONTEXT(2) 
PARAMETRIC_REPRESENTATION_CONTEXT() REPRESENTATION_CONTEXT('2D SPACE',''
  ) );
#13938 = ORIENTED_EDGE('',*,*,#13939,.T.);
#13939 = EDGE_CURVE('',#13903,#13940,#13942,.T.);
#13940 = VERTEX_POINT('',#13941);
#13941 = CARTESIAN_POINT('',(2.05591549585,3.934922437066,2.));
#13942 = SURFACE_CURVE('',#13943,(#13949,#13956),.PCURVE_S1.);
#13943 = B_SPLINE_CURVE_WITH_KNOTS('',4,(#13944,#13945,#13946,#13947,
    #13948),.UNSPECIFIED.,.F.,.F.,(5,5),(0.,1.),
  .PIECEWISE_BEZIER_KNOTS.);
#13944 = CARTESIAN_POINT('',(0.,3.924369606729,2.));
#13945 = CARTESIAN_POINT('',(0.514132716105,3.919670033992,2.));
#13946 = CARTESIAN_POINT('',(1.027764105871,3.93753080901,2.));
#13947 = CARTESIAN_POINT('',(1.542430407435,3.908039842792,2.));
#13948 = CARTESIAN_POINT('',(2.05591549585,3.934922437066,2.));
#13949 = PCURVE('',#13911,#13950);
#13950 = DEFINITIONAL_REPRESENTATION('',(#13951),#13955);
#13951 = LINE('',#13952,#13953);
#13952 = CARTESIAN_POINT('',(0.,-2.));
#13953 = VECTOR('',#13954,1.);
#13954 = DIRECTION('',(1.,0.));
#13955 = ( GEOMETRIC_REPRESENTATION_CONTEXT(2) 
PARAMETRIC_REPRESENTATION_CONTEXT() REPRESENTATION_CONTEXT('2D SPACE',''
  ) );
#13956 = PCURVE('',#13957,#13962);
#13957 = PLANE('',#13958);
#13958 = AXIS2_PLACEMENT_3D('',#13959,#13960,#13961);
#13959 = CARTESIAN_POINT('',(3.04180779889,11.156688270156,2.));
#13960 = DIRECTION('',(0.,0.,1.));
#13961 = DIRECTION('',(1.,0.,-0.));
#13962 = DEFINITIONAL_REPRESENTATION('',(#13963),#13969);
#13963 = B_SPLINE_CURVE_WITH_KNOTS('',4,(#13964,#13965,#13966,#13967,
    #13968),.UNSPECIFIED.,.F.,.F.,(5,5),(0.,1.),
  .PIECEWISE_BEZIER_KNOTS.);
#13964 = CARTESIAN_POINT('',(-3.04180779889,-7.232318663427));
#13965 = CARTESIAN_POINT('',(-2.527675082784,-7.237018236164));
#13966 = CARTESIAN_POINT('',(-2.014043693019,-7.219157461145));
#13967 = CARTESIAN_POINT('',(-1.499377391455,-7.248648427364));
#13968 = CARTESIAN_POINT('',(-0.98589230304,-7.221765833089));
#13969 = ( GEOMETRIC_REPRESENTATION_CONTEXT(2) 
PARAMETRIC_REPRESENTATION_CONTEXT() REPRESENTATION_CONTEXT('2D SPACE',''
  ) );
#13970 = ORIENTED_EDGE('',*,*,#13971,.F.);
#13971 = EDGE_CURVE('',#13972,#13940,#13974,.T.);
#13972 = VERTEX_POINT('',#13973);
#13973 = CARTESIAN_POINT('',(2.05591549585,3.934922437066,0.));
#13974 = SURFACE_CURVE('',#13975,(#13979,#13986),.PCURVE_S1.);
#13975 = LINE('',#13976,#13977);
#13976 = CARTESIAN_POINT('',(2.05591549585,3.934922437066,0.));
#13977 = VECTOR('',#13978,1.);
#13978 = DIRECTION('',(0.,0.,1.));
#13979 = PCURVE('',#13911,#13980);
#13980 = DEFINITIONAL_REPRESENTATION('',(#13981),#13985);
#13981 = LINE('',#13982,#13983);
#13982 = CARTESIAN_POINT('',(1.,0.));
#13983 = VECTOR('',#13984,1.);
#13984 = DIRECTION('',(0.,-1.));
#13985 = ( GEOMETRIC_REPRESENTATION_CONTEXT(2) 
PARAMETRIC_REPRESENTATION_CONTEXT() REPRESENTATION_CONTEXT('2D SPACE',''
  ) );
#13986 = PCURVE('',#13987,#13992);
#13987 = PLANE('',#13988);
#13988 = AXIS2_PLACEMENT_3D('',#13989,#13990,#13991);
#13989 = CARTESIAN_POINT('',(2.05591549585,3.934922437066,0.));
#13990 = DIRECTION('',(-1.,0.,0.));
#13991 = DIRECTION('',(0.,1.,0.));
#13992 = DEFINITIONAL_REPRESENTATION('',(#13993),#13997);
#13993 = LINE('',#13994,#13995);
#13994 = CARTESIAN_POINT('',(0.,0.));
#13995 = VECTOR('',#13996,1.);
#13996 = DIRECTION('',(0.,-1.));
#13997 = ( GEOMETRIC_REPRESENTATION_CONTEXT(2) 
PARAMETRIC_REPRESENTATION_CONTEXT() REPRESENTATION_CONTEXT('2D SPACE',''
  ) );
#13998 = ORIENTED_EDGE('',*,*,#13999,.F.);
#13999 = EDGE_CURVE('',#13901,#13972,#14000,.T.);
#14000 = SURFACE_CURVE('',#14001,(#14007,#14014),.PCURVE_S1.);
#14001 = B_SPLINE_CURVE_WITH_KNOTS('',4,(#14002,#14003,#14004,#14005,
    #14006),.UNSPECIFIED.,.F.,.F.,(5,5),(0.,1.),
  .PIECEWISE_BEZIER_KNOTS.);
#14002 = CARTESIAN_POINT('',(0.,3.924369606729,0.));
#14003 = CARTESIAN_POINT('',(0.514132716105,3.919670033992,0.));
#14004 = CARTESIAN_POINT('',(1.027764105871,3.93753080901,0.));
#14005 = CARTESIAN_POINT('',(1.542430407435,3.908039842792,0.));
#14006 = CARTESIAN_POINT('',(2.05591549585,3.934922437066,0.));
#14007 = PCURVE('',#13911,#14008);
#14008 = DEFINITIONAL_REPRESENTATION('',(#14009),#14013);
#14009 = LINE('',#14010,#14011);
#14010 = CARTESIAN_POINT('',(0.,0.));
#14011 = VECTOR('',#14012,1.);
#14012 = DIRECTION('',(1.,0.));
#14013 = ( GEOMETRIC_REPRESENTATION_CONTEXT(2) 
PARAMETRIC_REPRESENTATION_CONTEXT() REPRESENTATION_CONTEXT('2D SPACE',''
  ) );
#14014 = PCURVE('',#14015,#14020);
#14015 = PLANE('',#14016);
#14016 = AXIS2_PLACEMENT_3D('',#14017,#14018,#14019);
#14017 = CARTESIAN_POINT('',(3.04180779889,11.156688270156,0.));
#14018 = DIRECTION('',(0.,0.,1.));
#14019 = DIRECTION('',(1.,0.,-0.));
#14020 = DEFINITIONAL_REPRESENTATION('',(#14021),#14027);
#14021 = B_SPLINE_CURVE_WITH_KNOTS('',4,(#14022,#14023,#14024,#14025,
    #14026),.UNSPECIFIED.,.F.,.F.,(5,5),(0.,1.),
  .PIECEWISE_BEZIER_KNOTS.);
#14022 = CARTESIAN_POINT('',(-3.04180779889,-7.232318663427));
#14023 = CARTESIAN_POINT('',(-2.527675082784,-7.237018236164));
#14024 = CARTESIAN_POINT('',(-2.014043693019,-7.219157461145));
#14025 = CARTESIAN_POINT('',(-1.499377391455,-7.248648427364));
#14026 = CARTESIAN_POINT('',(-0.98589230304,-7.221765833089));
#14027 = ( GEOMETRIC_REPRESENTATION_CONTEXT(2) 
PARAMETRIC_REPRESENTATION_CONTEXT() REPRESENTATION_CONTEXT('2D SPACE',''
  ) );
#14028 = ADVANCED_FACE('',(#14029),#13987,.F.);
#14029 = FACE_BOUND('',#14030,.F.);
#14030 = EDGE_LOOP('',(#14031,#14032,#14055,#14083));
#14031 = ORIENTED_EDGE('',*,*,#13971,.T.);
#14032 = ORIENTED_EDGE('',*,*,#14033,.T.);
#14033 = EDGE_CURVE('',#13940,#14034,#14036,.T.);
#14034 = VERTEX_POINT('',#14035);
#14035 = CARTESIAN_POINT('',(2.05591549585,8.531238275497,2.));
#14036 = SURFACE_CURVE('',#14037,(#14041,#14048),.PCURVE_S1.);
#14037 = LINE('',#14038,#14039);
#14038 = CARTESIAN_POINT('',(2.05591549585,3.934922437066,2.));
#14039 = VECTOR('',#14040,1.);
#14040 = DIRECTION('',(0.,1.,0.));
#14041 = PCURVE('',#13987,#14042);
#14042 = DEFINITIONAL_REPRESENTATION('',(#14043),#14047);
#14043 = LINE('',#14044,#14045);
#14044 = CARTESIAN_POINT('',(0.,-2.));
#14045 = VECTOR('',#14046,1.);
#14046 = DIRECTION('',(1.,0.));
#14047 = ( GEOMETRIC_REPRESENTATION_CONTEXT(2) 
PARAMETRIC_REPRESENTATION_CONTEXT() REPRESENTATION_CONTEXT('2D SPACE',''
  ) );
#14048 = PCURVE('',#13957,#14049);
#14049 = DEFINITIONAL_REPRESENTATION('',(#14050),#14054);
#14050 = LINE('',#14051,#14052);
#14051 = CARTESIAN_POINT('',(-0.98589230304,-7.221765833089));
#14052 = VECTOR('',#14053,1.);
#14053 = DIRECTION('',(0.,1.));
#14054 = ( GEOMETRIC_REPRESENTATION_CONTEXT(2) 
PARAMETRIC_REPRESENTATION_CONTEXT() REPRESENTATION_CONTEXT('2D SPACE',''
  ) );
#14055 = ORIENTED_EDGE('',*,*,#14056,.F.);
#14056 = EDGE_CURVE('',#14057,#14034,#14059,.T.);
#14057 = VERTEX_POINT('',#14058);
#14058 = CARTESIAN_POINT('',(2.05591549585,8.531238275497,0.));
#14059 = SURFACE_CURVE('',#14060,(#14064,#14071),.PCURVE_S1.);
#14060 = LINE('',#14061,#14062);
#14061 = CARTESIAN_POINT('',(2.05591549585,8.531238275497,0.));
#14062 = VECTOR('',#14063,1.);
#14063 = DIRECTION('',(0.,0.,1.));
#14064 = PCURVE('',#13987,#14065);
#14065 = DEFINITIONAL_REPRESENTATION('',(#14066),#14070);
#14066 = LINE('',#14067,#14068);
#14067 = CARTESIAN_POINT('',(4.596315838431,0.));
#14068 = VECTOR('',#14069,1.);
#14069 = DIRECTION('',(0.,-1.));
#14070 = ( GEOMETRIC_REPRESENTATION_CONTEXT(2) 
PARAMETRIC_REPRESENTATION_CONTEXT() REPRESENTATION_CONTEXT('2D SPACE',''
  ) );
#14071 = PCURVE('',#14072,#14077);
#14072 = PLANE('',#14073);
#14073 = AXIS2_PLACEMENT_3D('',#14074,#14075,#14076);
#14074 = CARTESIAN_POINT('',(2.05591549585,8.531238275497,0.));
#14075 = DIRECTION('',(0.,1.,0.));
#14076 = DIRECTION('',(1.,0.,0.));
#14077 = DEFINITIONAL_REPRESENTATION('',(#14078),#14082);
#14078 = LINE('',#14079,#14080);
#14079 = CARTESIAN_POINT('',(0.,0.));
#14080 = VECTOR('',#14081,1.);
#14081 = DIRECTION('',(0.,-1.));
#14082 = ( GEOMETRIC_REPRESENTATION_CONTEXT(2) 
PARAMETRIC_REPRESENTATION_CONTEXT() REPRESENTATION_CONTEXT('2D SPACE',''
  ) );
#14083 = ORIENTED_EDGE('',*,*,#14084,.F.);
#14084 = EDGE_CURVE('',#13972,#14057,#14085,.T.);
#14085 = SURFACE_CURVE('',#14086,(#14090,#14097),.PCURVE_S1.);
#14086 = LINE('',#14087,#14088);
#14087 = CARTESIAN_POINT('',(2.05591549585,3.934922437066,0.));
#14088 = VECTOR('',#14089,1.);
#14089 = DIRECTION('',(0.,1.,0.));
#14090 = PCURVE('',#13987,#14091);
#14091 = DEFINITIONAL_REPRESENTATION('',(#14092),#14096);
#14092 = LINE('',#14093,#14094);
#14093 = CARTESIAN_POINT('',(0.,0.));
#14094 = VECTOR('',#14095,1.);
#14095 = DIRECTION('',(1.,0.));
#14096 = ( GEOMETRIC_REPRESENTATION_CONTEXT(2) 
PARAMETRIC_REPRESENTATION_CONTEXT() REPRESENTATION_CONTEXT('2D SPACE',''
  ) );
#14097 = PCURVE('',#14015,#14098);
#14098 = DEFINITIONAL_REPRESENTATION('',(#14099),#14103);
#14099 = LINE('',#14100,#14101);
#14100 = CARTESIAN_POINT('',(-0.98589230304,-7.221765833089));
#14101 = VECTOR('',#14102,1.);
#14102 = DIRECTION('',(0.,1.));
#14103 = ( GEOMETRIC_REPRESENTATION_CONTEXT(2) 
PARAMETRIC_REPRESENTATION_CONTEXT() REPRESENTATION_CONTEXT('2D SPACE',''
  ) );
#14104 = ADVANCED_FACE('',(#14105),#14072,.F.);
#14105 = FACE_BOUND('',#14106,.F.);
#14106 = EDGE_LOOP('',(#14107,#14108,#14131,#14165));
#14107 = ORIENTED_EDGE('',*,*,#14056,.T.);
#14108 = ORIENTED_EDGE('',*,*,#14109,.T.);
#14109 = EDGE_CURVE('',#14034,#14110,#14112,.T.);
#14110 = VERTEX_POINT('',#14111);
#14111 = CARTESIAN_POINT('',(6.529947685774,8.531238275497,2.));
#14112 = SURFACE_CURVE('',#14113,(#14117,#14124),.PCURVE_S1.);
#14113 = LINE('',#14114,#14115);
#14114 = CARTESIAN_POINT('',(2.05591549585,8.531238275497,2.));
#14115 = VECTOR('',#14116,1.);
#14116 = DIRECTION('',(1.,0.,0.));
#14117 = PCURVE('',#14072,#14118);
#14118 = DEFINITIONAL_REPRESENTATION('',(#14119),#14123);
#14119 = LINE('',#14120,#14121);
#14120 = CARTESIAN_POINT('',(0.,-2.));
#14121 = VECTOR('',#14122,1.);
#14122 = DIRECTION('',(1.,0.));
#14123 = ( GEOMETRIC_REPRESENTATION_CONTEXT(2) 
PARAMETRIC_REPRESENTATION_CONTEXT() REPRESENTATION_CONTEXT('2D SPACE',''
  ) );
#14124 = PCURVE('',#13957,#14125);
#14125 = DEFINITIONAL_REPRESENTATION('',(#14126),#14130);
#14126 = LINE('',#14127,#14128);
#14127 = CARTESIAN_POINT('',(-0.98589230304,-2.625449994659));
#14128 = VECTOR('',#14129,1.);
#14129 = DIRECTION('',(1.,0.));
#14130 = ( GEOMETRIC_REPRESENTATION_CONTEXT(2) 
PARAMETRIC_REPRESENTATION_CONTEXT() REPRESENTATION_CONTEXT('2D SPACE',''
  ) );
#14131 = ORIENTED_EDGE('',*,*,#14132,.F.);
#14132 = EDGE_CURVE('',#14133,#14110,#14135,.T.);
#14133 = VERTEX_POINT('',#14134);
#14134 = CARTESIAN_POINT('',(6.529947685774,8.531238275497,0.));
#14135 = SURFACE_CURVE('',#14136,(#14140,#14147),.PCURVE_S1.);
#14136 = LINE('',#14137,#14138);
#14137 = CARTESIAN_POINT('',(6.529947685774,8.531238275497,0.));
#14138 = VECTOR('',#14139,1.);
#14139 = DIRECTION('',(0.,0.,1.));
#14140 = PCURVE('',#14072,#14141);
#14141 = DEFINITIONAL_REPRESENTATION('',(#14142),#14146);
#14142 = LINE('',#14143,#14144);
#14143 = CARTESIAN_POINT('',(4.474032189924,0.));
#14144 = VECTOR('',#14145,1.);
#14145 = DIRECTION('',(0.,-1.));
#14146 = ( GEOMETRIC_REPRESENTATION_CONTEXT(2) 
PARAMETRIC_REPRESENTATION_CONTEXT() REPRESENTATION_CONTEXT('2D SPACE',''
  ) );
#14147 = PCURVE('',#14148,#14159);
#14148 = SURFACE_OF_LINEAR_EXTRUSION('',#14149,#14157);
#14149 = B_SPLINE_CURVE_WITH_KNOTS('',6,(#14150,#14151,#14152,#14153,
    #14154,#14155,#14156),.UNSPECIFIED.,.F.,.F.,(7,7),(0.,1.),
  .PIECEWISE_BEZIER_KNOTS.);
#14150 = CARTESIAN_POINT('',(6.529947685774,8.531238275497,0.));
#14151 = CARTESIAN_POINT('',(6.645851472342,8.525845280283,0.));
#14152 = CARTESIAN_POINT('',(6.469024725269,9.75525233176,0.));
#14153 = CARTESIAN_POINT('',(6.651852579302,8.915065150997,0.));
#14154 = CARTESIAN_POINT('',(6.527753948268,10.089523039959,0.));
#14155 = CARTESIAN_POINT('',(6.57893048924,10.048526158554,0.));
#14156 = CARTESIAN_POINT('',(6.568950809819,10.433570949925,0.));
#14157 = VECTOR('',#14158,1.);
#14158 = DIRECTION('',(-0.,-0.,-1.));
#14159 = DEFINITIONAL_REPRESENTATION('',(#14160),#14164);
#14160 = LINE('',#14161,#14162);
#14161 = CARTESIAN_POINT('',(0.,0.));
#14162 = VECTOR('',#14163,1.);
#14163 = DIRECTION('',(0.,-1.));
#14164 = ( GEOMETRIC_REPRESENTATION_CONTEXT(2) 
PARAMETRIC_REPRESENTATION_CONTEXT() REPRESENTATION_CONTEXT('2D SPACE',''
  ) );
#14165 = ORIENTED_EDGE('',*,*,#14166,.F.);
#14166 = EDGE_CURVE('',#14057,#14133,#14167,.T.);
#14167 = SURFACE_CURVE('',#14168,(#14172,#14179),.PCURVE_S1.);
#14168 = LINE('',#14169,#14170);
#14169 = CARTESIAN_POINT('',(2.05591549585,8.531238275497,0.));
#14170 = VECTOR('',#14171,1.);
#14171 = DIRECTION('',(1.,0.,0.));
#14172 = PCURVE('',#14072,#14173);
#14173 = DEFINITIONAL_REPRESENTATION('',(#14174),#14178);
#14174 = LINE('',#14175,#14176);
#14175 = CARTESIAN_POINT('',(0.,0.));
#14176 = VECTOR('',#14177,1.);
#14177 = DIRECTION('',(1.,0.));
#14178 = ( GEOMETRIC_REPRESENTATION_CONTEXT(2) 
PARAMETRIC_REPRESENTATION_CONTEXT() REPRESENTATION_CONTEXT('2D SPACE',''
  ) );
#14179 = PCURVE('',#14015,#14180);
#14180 = DEFINITIONAL_REPRESENTATION('',(#14181),#14185);
#14181 = LINE('',#14182,#14183);
#14182 = CARTESIAN_POINT('',(-0.98589230304,-2.625449994659));
#14183 = VECTOR('',#14184,1.);
#14184 = DIRECTION('',(1.,0.));
#14185 = ( GEOMETRIC_REPRESENTATION_CONTEXT(2) 
PARAMETRIC_REPRESENTATION_CONTEXT() REPRESENTATION_CONTEXT('2D SPACE',''
  ) );
#14186 = ADVANCED_FACE('',(#14187),#14148,.F.);
#14187 = FACE_BOUND('',#14188,.F.);
#14188 = EDGE_LOOP('',(#14189,#14190,#14221,#14249));
#14189 = ORIENTED_EDGE('',*,*,#14132,.T.);
#14190 = ORIENTED_EDGE('',*,*,#14191,.T.);
#14191 = EDGE_CURVE('',#14110,#14192,#14194,.T.);
#14192 = VERTEX_POINT('',#14193);
#14193 = CARTESIAN_POINT('',(6.568950809819,10.433570949925,2.));
#14194 = SURFACE_CURVE('',#14195,(#14203,#14210),.PCURVE_S1.);
#14195 = B_SPLINE_CURVE_WITH_KNOTS('',6,(#14196,#14197,#14198,#14199,
    #14200,#14201,#14202),.UNSPECIFIED.,.F.,.F.,(7,7),(0.,1.),
  .PIECEWISE_BEZIER_KNOTS.);
#14196 = CARTESIAN_POINT('',(6.529947685774,8.531238275497,2.));
#14197 = CARTESIAN_POINT('',(6.645851472342,8.525845280283,2.));
#14198 = CARTESIAN_POINT('',(6.469024725269,9.75525233176,2.));
#14199 = CARTESIAN_POINT('',(6.651852579302,8.915065150997,2.));
#14200 = CARTESIAN_POINT('',(6.527753948268,10.089523039959,2.));
#14201 = CARTESIAN_POINT('',(6.57893048924,10.048526158554,2.));
#14202 = CARTESIAN_POINT('',(6.568950809819,10.433570949925,2.));
#14203 = PCURVE('',#14148,#14204);
#14204 = DEFINITIONAL_REPRESENTATION('',(#14205),#14209);
#14205 = LINE('',#14206,#14207);
#14206 = CARTESIAN_POINT('',(0.,-2.));
#14207 = VECTOR('',#14208,1.);
#14208 = DIRECTION('',(1.,0.));
#14209 = ( GEOMETRIC_REPRESENTATION_CONTEXT(2) 
PARAMETRIC_REPRESENTATION_CONTEXT() REPRESENTATION_CONTEXT('2D SPACE',''
  ) );
#14210 = PCURVE('',#13957,#14211);
#14211 = DEFINITIONAL_REPRESENTATION('',(#14212),#14220);
#14212 = B_SPLINE_CURVE_WITH_KNOTS('',6,(#14213,#14214,#14215,#14216,
    #14217,#14218,#14219),.UNSPECIFIED.,.F.,.F.,(7,7),(0.,1.),
  .PIECEWISE_BEZIER_KNOTS.);
#14213 = CARTESIAN_POINT('',(3.488139886884,-2.625449994659));
#14214 = CARTESIAN_POINT('',(3.604043673452,-2.630842989873));
#14215 = CARTESIAN_POINT('',(3.427216926379,-1.401435938396));
#14216 = CARTESIAN_POINT('',(3.610044780412,-2.241623119159));
#14217 = CARTESIAN_POINT('',(3.485946149378,-1.067165230196));
#14218 = CARTESIAN_POINT('',(3.537122690351,-1.108162111602));
#14219 = CARTESIAN_POINT('',(3.527143010929,-0.723117320231));
#14220 = ( GEOMETRIC_REPRESENTATION_CONTEXT(2) 
PARAMETRIC_REPRESENTATION_CONTEXT() REPRESENTATION_CONTEXT('2D SPACE',''
  ) );
#14221 = ORIENTED_EDGE('',*,*,#14222,.F.);
#14222 = EDGE_CURVE('',#14223,#14192,#14225,.T.);
#14223 = VERTEX_POINT('',#14224);
#14224 = CARTESIAN_POINT('',(6.568950809819,10.433570949925,0.));
#14225 = SURFACE_CURVE('',#14226,(#14230,#14237),.PCURVE_S1.);
#14226 = LINE('',#14227,#14228);
#14227 = CARTESIAN_POINT('',(6.568950809819,10.433570949925,0.));
#14228 = VECTOR('',#14229,1.);
#14229 = DIRECTION('',(0.,0.,1.));
#14230 = PCURVE('',#14148,#14231);
#14231 = DEFINITIONAL_REPRESENTATION('',(#14232),#14236);
#14232 = LINE('',#14233,#14234);
#14233 = CARTESIAN_POINT('',(1.,0.));
#14234 = VECTOR('',#14235,1.);
#14235 = DIRECTION('',(0.,-1.));
#14236 = ( GEOMETRIC_REPRESENTATION_CONTEXT(2) 
PARAMETRIC_REPRESENTATION_CONTEXT() REPRESENTATION_CONTEXT('2D SPACE',''
  ) );
#14237 = PCURVE('',#14238,#14243);
#14238 = PLANE('',#14239);
#14239 = AXIS2_PLACEMENT_3D('',#14240,#14241,#14242);
#14240 = CARTESIAN_POINT('',(6.568950809819,10.433570949925,0.));
#14241 = DIRECTION('',(0.,-1.,0.));
#14242 = DIRECTION('',(-1.,0.,0.));
#14243 = DEFINITIONAL_REPRESENTATION('',(#14244),#14248);
#14244 = LINE('',#14245,#14246);
#14245 = CARTESIAN_POINT('',(0.,-0.));
#14246 = VECTOR('',#14247,1.);
#14247 = DIRECTION('',(0.,-1.));
#14248 = ( GEOMETRIC_REPRESENTATION_CONTEXT(2) 
PARAMETRIC_REPRESENTATION_CONTEXT() REPRESENTATION_CONTEXT('2D SPACE',''
  ) );
#14249 = ORIENTED_EDGE('',*,*,#14250,.F.);
#14250 = EDGE_CURVE('',#14133,#14223,#14251,.T.);
#14251 = SURFACE_CURVE('',#14252,(#14260,#14267),.PCURVE_S1.);
#14252 = B_SPLINE_CURVE_WITH_KNOTS('',6,(#14253,#14254,#14255,#14256,
    #14257,#14258,#14259),.UNSPECIFIED.,.F.,.F.,(7,7),(0.,1.),
  .PIECEWISE_BEZIER_KNOTS.);
#14253 = CARTESIAN_POINT('',(6.529947685774,8.531238275497,0.));
#14254 = CARTESIAN_POINT('',(6.645851472342,8.525845280283,0.));
#14255 = CARTESIAN_POINT('',(6.469024725269,9.75525233176,0.));
#14256 = CARTESIAN_POINT('',(6.651852579302,8.915065150997,0.));
#14257 = CARTESIAN_POINT('',(6.527753948268,10.089523039959,0.));
#14258 = CARTESIAN_POINT('',(6.57893048924,10.048526158554,0.));
#14259 = CARTESIAN_POINT('',(6.568950809819,10.433570949925,0.));
#14260 = PCURVE('',#14148,#14261);
#14261 = DEFINITIONAL_REPRESENTATION('',(#14262),#14266);
#14262 = LINE('',#14263,#14264);
#14263 = CARTESIAN_POINT('',(0.,0.));
#14264 = VECTOR('',#14265,1.);
#14265 = DIRECTION('',(1.,0.));
#14266 = ( GEOMETRIC_REPRESENTATION_CONTEXT(2) 
PARAMETRIC_REPRESENTATION_CONTEXT() REPRESENTATION_CONTEXT('2D SPACE',''
  ) );
#14267 = PCURVE('',#14015,#14268);
#14268 = DEFINITIONAL_REPRESENTATION('',(#14269),#14277);
#14269 = B_SPLINE_CURVE_WITH_KNOTS('',6,(#14270,#14271,#14272,#14273,
    #14274,#14275,#14276),.UNSPECIFIED.,.F.,.F.,(7,7),(0.,1.),
  .PIECEWISE_BEZIER_KNOTS.);
#14270 = CARTESIAN_POINT('',(3.488139886884,-2.625449994659));
#14271 = CARTESIAN_POINT('',(3.604043673452,-2.630842989873));
#14272 = CARTESIAN_POINT('',(3.427216926379,-1.401435938396));
#14273 = CARTESIAN_POINT('',(3.610044780412,-2.241623119159));
#14274 = CARTESIAN_POINT('',(3.485946149378,-1.067165230196));
#14275 = CARTESIAN_POINT('',(3.537122690351,-1.108162111602));
#14276 = CARTESIAN_POINT('',(3.527143010929,-0.723117320231));
#14277 = ( GEOMETRIC_REPRESENTATION_CONTEXT(2) 
PARAMETRIC_REPRESENTATION_CONTEXT() REPRESENTATION_CONTEXT('2D SPACE',''
  ) );
#14278 = ADVANCED_FACE('',(#14279),#14238,.F.);
#14279 = FACE_BOUND('',#14280,.F.);
#14280 = EDGE_LOOP('',(#14281,#14282,#14305,#14333));
#14281 = ORIENTED_EDGE('',*,*,#14222,.T.);
#14282 = ORIENTED_EDGE('',*,*,#14283,.T.);
#14283 = EDGE_CURVE('',#14192,#14284,#14286,.T.);
#14284 = VERTEX_POINT('',#14285);
#14285 = CARTESIAN_POINT('',(2.05591549585,10.433570949925,2.));
#14286 = SURFACE_CURVE('',#14287,(#14291,#14298),.PCURVE_S1.);
#14287 = LINE('',#14288,#14289);
#14288 = CARTESIAN_POINT('',(6.568950809819,10.433570949925,2.));
#14289 = VECTOR('',#14290,1.);
#14290 = DIRECTION('',(-1.,0.,0.));
#14291 = PCURVE('',#14238,#14292);
#14292 = DEFINITIONAL_REPRESENTATION('',(#14293),#14297);
#14293 = LINE('',#14294,#14295);
#14294 = CARTESIAN_POINT('',(0.,-2.));
#14295 = VECTOR('',#14296,1.);
#14296 = DIRECTION('',(1.,0.));
#14297 = ( GEOMETRIC_REPRESENTATION_CONTEXT(2) 
PARAMETRIC_REPRESENTATION_CONTEXT() REPRESENTATION_CONTEXT('2D SPACE',''
  ) );
#14298 = PCURVE('',#13957,#14299);
#14299 = DEFINITIONAL_REPRESENTATION('',(#14300),#14304);
#14300 = LINE('',#14301,#14302);
#14301 = CARTESIAN_POINT('',(3.527143010929,-0.723117320231));
#14302 = VECTOR('',#14303,1.);
#14303 = DIRECTION('',(-1.,0.));
#14304 = ( GEOMETRIC_REPRESENTATION_CONTEXT(2) 
PARAMETRIC_REPRESENTATION_CONTEXT() REPRESENTATION_CONTEXT('2D SPACE',''
  ) );
#14305 = ORIENTED_EDGE('',*,*,#14306,.F.);
#14306 = EDGE_CURVE('',#14307,#14284,#14309,.T.);
#14307 = VERTEX_POINT('',#14308);
#14308 = CARTESIAN_POINT('',(2.05591549585,10.433570949925,0.));
#14309 = SURFACE_CURVE('',#14310,(#14314,#14321),.PCURVE_S1.);
#14310 = LINE('',#14311,#14312);
#14311 = CARTESIAN_POINT('',(2.05591549585,10.433570949925,0.));
#14312 = VECTOR('',#14313,1.);
#14313 = DIRECTION('',(0.,0.,1.));
#14314 = PCURVE('',#14238,#14315);
#14315 = DEFINITIONAL_REPRESENTATION('',(#14316),#14320);
#14316 = LINE('',#14317,#14318);
#14317 = CARTESIAN_POINT('',(4.513035313969,0.));
#14318 = VECTOR('',#14319,1.);
#14319 = DIRECTION('',(0.,-1.));
#14320 = ( GEOMETRIC_REPRESENTATION_CONTEXT(2) 
PARAMETRIC_REPRESENTATION_CONTEXT() REPRESENTATION_CONTEXT('2D SPACE',''
  ) );
#14321 = PCURVE('',#14322,#14327);
#14322 = PLANE('',#14323);
#14323 = AXIS2_PLACEMENT_3D('',#14324,#14325,#14326);
#14324 = CARTESIAN_POINT('',(2.05591549585,10.433570949925,0.));
#14325 = DIRECTION('',(-1.,0.,0.));
#14326 = DIRECTION('',(0.,1.,0.));
#14327 = DEFINITIONAL_REPRESENTATION('',(#14328),#14332);
#14328 = LINE('',#14329,#14330);
#14329 = CARTESIAN_POINT('',(0.,0.));
#14330 = VECTOR('',#14331,1.);
#14331 = DIRECTION('',(0.,-1.));
#14332 = ( GEOMETRIC_REPRESENTATION_CONTEXT(2) 
PARAMETRIC_REPRESENTATION_CONTEXT() REPRESENTATION_CONTEXT('2D SPACE',''
  ) );
#14333 = ORIENTED_EDGE('',*,*,#14334,.F.);
#14334 = EDGE_CURVE('',#14223,#14307,#14335,.T.);
#14335 = SURFACE_CURVE('',#14336,(#14340,#14347),.PCURVE_S1.);
#14336 = LINE('',#14337,#14338);
#14337 = CARTESIAN_POINT('',(6.568950809819,10.433570949925,0.));
#14338 = VECTOR('',#14339,1.);
#14339 = DIRECTION('',(-1.,0.,0.));
#14340 = PCURVE('',#14238,#14341);
#14341 = DEFINITIONAL_REPRESENTATION('',(#14342),#14346);
#14342 = LINE('',#14343,#14344);
#14343 = CARTESIAN_POINT('',(0.,-0.));
#14344 = VECTOR('',#14345,1.);
#14345 = DIRECTION('',(1.,0.));
#14346 = ( GEOMETRIC_REPRESENTATION_CONTEXT(2) 
PARAMETRIC_REPRESENTATION_CONTEXT() REPRESENTATION_CONTEXT('2D SPACE',''
  ) );
#14347 = PCURVE('',#14015,#14348);
#14348 = DEFINITIONAL_REPRESENTATION('',(#14349),#14353);
#14349 = LINE('',#14350,#14351);
#14350 = CARTESIAN_POINT('',(3.527143010929,-0.723117320231));
#14351 = VECTOR('',#14352,1.);
#14352 = DIRECTION('',(-1.,0.));
#14353 = ( GEOMETRIC_REPRESENTATION_CONTEXT(2) 
PARAMETRIC_REPRESENTATION_CONTEXT() REPRESENTATION_CONTEXT('2D SPACE',''
  ) );
#14354 = ADVANCED_FACE('',(#14355),#14322,.F.);
#14355 = FACE_BOUND('',#14356,.F.);
#14356 = EDGE_LOOP('',(#14357,#14358,#14381,#14414));
#14357 = ORIENTED_EDGE('',*,*,#14306,.T.);
#14358 = ORIENTED_EDGE('',*,*,#14359,.T.);
#14359 = EDGE_CURVE('',#14284,#14360,#14362,.T.);
#14360 = VERTEX_POINT('',#14361);
#14361 = CARTESIAN_POINT('',(2.05591549585,14.144608268609,2.));
#14362 = SURFACE_CURVE('',#14363,(#14367,#14374),.PCURVE_S1.);
#14363 = LINE('',#14364,#14365);
#14364 = CARTESIAN_POINT('',(2.05591549585,10.433570949925,2.));
#14365 = VECTOR('',#14366,1.);
#14366 = DIRECTION('',(0.,1.,0.));
#14367 = PCURVE('',#14322,#14368);
#14368 = DEFINITIONAL_REPRESENTATION('',(#14369),#14373);
#14369 = LINE('',#14370,#14371);
#14370 = CARTESIAN_POINT('',(0.,-2.));
#14371 = VECTOR('',#14372,1.);
#14372 = DIRECTION('',(1.,0.));
#14373 = ( GEOMETRIC_REPRESENTATION_CONTEXT(2) 
PARAMETRIC_REPRESENTATION_CONTEXT() REPRESENTATION_CONTEXT('2D SPACE',''
  ) );
#14374 = PCURVE('',#13957,#14375);
#14375 = DEFINITIONAL_REPRESENTATION('',(#14376),#14380);
#14376 = LINE('',#14377,#14378);
#14377 = CARTESIAN_POINT('',(-0.98589230304,-0.723117320231));
#14378 = VECTOR('',#14379,1.);
#14379 = DIRECTION('',(0.,1.));
#14380 = ( GEOMETRIC_REPRESENTATION_CONTEXT(2) 
PARAMETRIC_REPRESENTATION_CONTEXT() REPRESENTATION_CONTEXT('2D SPACE',''
  ) );
#14381 = ORIENTED_EDGE('',*,*,#14382,.F.);
#14382 = EDGE_CURVE('',#14383,#14360,#14385,.T.);
#14383 = VERTEX_POINT('',#14384);
#14384 = CARTESIAN_POINT('',(2.05591549585,14.144608268609,0.));
#14385 = SURFACE_CURVE('',#14386,(#14390,#14397),.PCURVE_S1.);
#14386 = LINE('',#14387,#14388);
#14387 = CARTESIAN_POINT('',(2.05591549585,14.144608268609,0.));
#14388 = VECTOR('',#14389,1.);
#14389 = DIRECTION('',(0.,0.,1.));
#14390 = PCURVE('',#14322,#14391);
#14391 = DEFINITIONAL_REPRESENTATION('',(#14392),#14396);
#14392 = LINE('',#14393,#14394);
#14393 = CARTESIAN_POINT('',(3.711037318684,0.));
#14394 = VECTOR('',#14395,1.);
#14395 = DIRECTION('',(0.,-1.));
#14396 = ( GEOMETRIC_REPRESENTATION_CONTEXT(2) 
PARAMETRIC_REPRESENTATION_CONTEXT() REPRESENTATION_CONTEXT('2D SPACE',''
  ) );
#14397 = PCURVE('',#14398,#14408);
#14398 = SURFACE_OF_LINEAR_EXTRUSION('',#14399,#14406);
#14399 = B_SPLINE_CURVE_WITH_KNOTS('',5,(#14400,#14401,#14402,#14403,
    #14404,#14405),.UNSPECIFIED.,.F.,.F.,(6,6),(0.,1.),
  .PIECEWISE_BEZIER_KNOTS.);
#14400 = CARTESIAN_POINT('',(2.05591549585,14.144608268609,0.));
#14401 = CARTESIAN_POINT('',(3.28267612469,14.146449297929,0.));
#14402 = CARTESIAN_POINT('',(4.50953180726,14.138445741609,0.));
#14403 = CARTESIAN_POINT('',(5.736164400556,14.153918141477,0.));
#14404 = CARTESIAN_POINT('',(6.963096779916,14.137067695777,0.));
#14405 = CARTESIAN_POINT('',(8.18978341985,14.147829298704,0.));
#14406 = VECTOR('',#14407,1.);
#14407 = DIRECTION('',(-0.,-0.,-1.));
#14408 = DEFINITIONAL_REPRESENTATION('',(#14409),#14413);
#14409 = LINE('',#14410,#14411);
#14410 = CARTESIAN_POINT('',(0.,0.));
#14411 = VECTOR('',#14412,1.);
#14412 = DIRECTION('',(0.,-1.));
#14413 = ( GEOMETRIC_REPRESENTATION_CONTEXT(2) 
PARAMETRIC_REPRESENTATION_CONTEXT() REPRESENTATION_CONTEXT('2D SPACE',''
  ) );
#14414 = ORIENTED_EDGE('',*,*,#14415,.F.);
#14415 = EDGE_CURVE('',#14307,#14383,#14416,.T.);
#14416 = SURFACE_CURVE('',#14417,(#14421,#14428),.PCURVE_S1.);
#14417 = LINE('',#14418,#14419);
#14418 = CARTESIAN_POINT('',(2.05591549585,10.433570949925,0.));
#14419 = VECTOR('',#14420,1.);
#14420 = DIRECTION('',(0.,1.,0.));
#14421 = PCURVE('',#14322,#14422);
#14422 = DEFINITIONAL_REPRESENTATION('',(#14423),#14427);
#14423 = LINE('',#14424,#14425);
#14424 = CARTESIAN_POINT('',(0.,0.));
#14425 = VECTOR('',#14426,1.);
#14426 = DIRECTION('',(1.,0.));
#14427 = ( GEOMETRIC_REPRESENTATION_CONTEXT(2) 
PARAMETRIC_REPRESENTATION_CONTEXT() REPRESENTATION_CONTEXT('2D SPACE',''
  ) );
#14428 = PCURVE('',#14015,#14429);
#14429 = DEFINITIONAL_REPRESENTATION('',(#14430),#14434);
#14430 = LINE('',#14431,#14432);
#14431 = CARTESIAN_POINT('',(-0.98589230304,-0.723117320231));
#14432 = VECTOR('',#14433,1.);
#14433 = DIRECTION('',(0.,1.));
#14434 = ( GEOMETRIC_REPRESENTATION_CONTEXT(2) 
PARAMETRIC_REPRESENTATION_CONTEXT() REPRESENTATION_CONTEXT('2D SPACE',''
  ) );
#14435 = ADVANCED_FACE('',(#14436),#14398,.F.);
#14436 = FACE_BOUND('',#14437,.F.);
#14437 = EDGE_LOOP('',(#14438,#14439,#14468,#14496));
#14438 = ORIENTED_EDGE('',*,*,#14382,.T.);
#14439 = ORIENTED_EDGE('',*,*,#14440,.T.);
#14440 = EDGE_CURVE('',#14360,#14441,#14443,.T.);
#14441 = VERTEX_POINT('',#14442);
#14442 = CARTESIAN_POINT('',(8.18978341985,14.147829298704,2.));
#14443 = SURFACE_CURVE('',#14444,(#14451,#14458),.PCURVE_S1.);
#14444 = B_SPLINE_CURVE_WITH_KNOTS('',5,(#14445,#14446,#14447,#14448,
    #14449,#14450),.UNSPECIFIED.,.F.,.F.,(6,6),(0.,1.),
  .PIECEWISE_BEZIER_KNOTS.);
#14445 = CARTESIAN_POINT('',(2.05591549585,14.144608268609,2.));
#14446 = CARTESIAN_POINT('',(3.28267612469,14.146449297929,2.));
#14447 = CARTESIAN_POINT('',(4.50953180726,14.138445741609,2.));
#14448 = CARTESIAN_POINT('',(5.736164400556,14.153918141477,2.));
#14449 = CARTESIAN_POINT('',(6.963096779916,14.137067695777,2.));
#14450 = CARTESIAN_POINT('',(8.18978341985,14.147829298704,2.));
#14451 = PCURVE('',#14398,#14452);
#14452 = DEFINITIONAL_REPRESENTATION('',(#14453),#14457);
#14453 = LINE('',#14454,#14455);
#14454 = CARTESIAN_POINT('',(0.,-2.));
#14455 = VECTOR('',#14456,1.);
#14456 = DIRECTION('',(1.,0.));
#14457 = ( GEOMETRIC_REPRESENTATION_CONTEXT(2) 
PARAMETRIC_REPRESENTATION_CONTEXT() REPRESENTATION_CONTEXT('2D SPACE',''
  ) );
#14458 = PCURVE('',#13957,#14459);
#14459 = DEFINITIONAL_REPRESENTATION('',(#14460),#14467);
#14460 = B_SPLINE_CURVE_WITH_KNOTS('',5,(#14461,#14462,#14463,#14464,
    #14465,#14466),.UNSPECIFIED.,.F.,.F.,(6,6),(0.,1.),
  .PIECEWISE_BEZIER_KNOTS.);
#14461 = CARTESIAN_POINT('',(-0.98589230304,2.987919998454));
#14462 = CARTESIAN_POINT('',(0.2408683258,2.989761027773));
#14463 = CARTESIAN_POINT('',(1.46772400837,2.981757471453));
#14464 = CARTESIAN_POINT('',(2.694356601667,2.997229871321));
#14465 = CARTESIAN_POINT('',(3.921288981026,2.980379425621));
#14466 = CARTESIAN_POINT('',(5.14797562096,2.991141028549));
#14467 = ( GEOMETRIC_REPRESENTATION_CONTEXT(2) 
PARAMETRIC_REPRESENTATION_CONTEXT() REPRESENTATION_CONTEXT('2D SPACE',''
  ) );
#14468 = ORIENTED_EDGE('',*,*,#14469,.F.);
#14469 = EDGE_CURVE('',#14470,#14441,#14472,.T.);
#14470 = VERTEX_POINT('',#14471);
#14471 = CARTESIAN_POINT('',(8.18978341985,14.147829298704,0.));
#14472 = SURFACE_CURVE('',#14473,(#14477,#14484),.PCURVE_S1.);
#14473 = LINE('',#14474,#14475);
#14474 = CARTESIAN_POINT('',(8.18978341985,14.147829298704,0.));
#14475 = VECTOR('',#14476,1.);
#14476 = DIRECTION('',(0.,0.,1.));
#14477 = PCURVE('',#14398,#14478);
#14478 = DEFINITIONAL_REPRESENTATION('',(#14479),#14483);
#14479 = LINE('',#14480,#14481);
#14480 = CARTESIAN_POINT('',(1.,0.));
#14481 = VECTOR('',#14482,1.);
#14482 = DIRECTION('',(0.,-1.));
#14483 = ( GEOMETRIC_REPRESENTATION_CONTEXT(2) 
PARAMETRIC_REPRESENTATION_CONTEXT() REPRESENTATION_CONTEXT('2D SPACE',''
  ) );
#14484 = PCURVE('',#14485,#14490);
#14485 = PLANE('',#14486);
#14486 = AXIS2_PLACEMENT_3D('',#14487,#14488,#14489);
#14487 = CARTESIAN_POINT('',(8.18978341985,14.147829298704,0.));
#14488 = DIRECTION('',(-1.,0.,0.));
#14489 = DIRECTION('',(0.,1.,0.));
#14490 = DEFINITIONAL_REPRESENTATION('',(#14491),#14495);
#14491 = LINE('',#14492,#14493);
#14492 = CARTESIAN_POINT('',(0.,0.));
#14493 = VECTOR('',#14494,1.);
#14494 = DIRECTION('',(0.,-1.));
#14495 = ( GEOMETRIC_REPRESENTATION_CONTEXT(2) 
PARAMETRIC_REPRESENTATION_CONTEXT() REPRESENTATION_CONTEXT('2D SPACE',''
  ) );
#14496 = ORIENTED_EDGE('',*,*,#14497,.F.);
#14497 = EDGE_CURVE('',#14383,#14470,#14498,.T.);
#14498 = SURFACE_CURVE('',#14499,(#14506,#14513),.PCURVE_S1.);
#14499 = B_SPLINE_CURVE_WITH_KNOTS('',5,(#14500,#14501,#14502,#14503,
    #14504,#14505),.UNSPECIFIED.,.F.,.F.,(6,6),(0.,1.),
  .PIECEWISE_BEZIER_KNOTS.);
#14500 = CARTESIAN_POINT('',(2.05591549585,14.144608268609,0.));
#14501 = CARTESIAN_POINT('',(3.28267612469,14.146449297929,0.));
#14502 = CARTESIAN_POINT('',(4.50953180726,14.138445741609,0.));
#14503 = CARTESIAN_POINT('',(5.736164400556,14.153918141477,0.));
#14504 = CARTESIAN_POINT('',(6.963096779916,14.137067695777,0.));
#14505 = CARTESIAN_POINT('',(8.18978341985,14.147829298704,0.));
#14506 = PCURVE('',#14398,#14507);
#14507 = DEFINITIONAL_REPRESENTATION('',(#14508),#14512);
#14508 = LINE('',#14509,#14510);
#14509 = CARTESIAN_POINT('',(0.,0.));
#14510 = VECTOR('',#14511,1.);
#14511 = DIRECTION('',(1.,0.));
#14512 = ( GEOMETRIC_REPRESENTATION_CONTEXT(2) 
PARAMETRIC_REPRESENTATION_CONTEXT() REPRESENTATION_CONTEXT('2D SPACE',''
  ) );
#14513 = PCURVE('',#14015,#14514);
#14514 = DEFINITIONAL_REPRESENTATION('',(#14515),#14522);
#14515 = B_SPLINE_CURVE_WITH_KNOTS('',5,(#14516,#14517,#14518,#14519,
    #14520,#14521),.UNSPECIFIED.,.F.,.F.,(6,6),(0.,1.),
  .PIECEWISE_BEZIER_KNOTS.);
#14516 = CARTESIAN_POINT('',(-0.98589230304,2.987919998454));
#14517 = CARTESIAN_POINT('',(0.2408683258,2.989761027773));
#14518 = CARTESIAN_POINT('',(1.46772400837,2.981757471453));
#14519 = CARTESIAN_POINT('',(2.694356601667,2.997229871321));
#14520 = CARTESIAN_POINT('',(3.921288981026,2.980379425621));
#14521 = CARTESIAN_POINT('',(5.14797562096,2.991141028549));
#14522 = ( GEOMETRIC_REPRESENTATION_CONTEXT(2) 
PARAMETRIC_REPRESENTATION_CONTEXT() REPRESENTATION_CONTEXT('2D SPACE',''
  ) );
#14523 = ADVANCED_FACE('',(#14524),#14485,.F.);
#14524 = FACE_BOUND('',#14525,.F.);
#14525 = EDGE_LOOP('',(#14526,#14527,#14550,#14583));
#14526 = ORIENTED_EDGE('',*,*,#14469,.T.);
#14527 = ORIENTED_EDGE('',*,*,#14528,.T.);
#14528 = EDGE_CURVE('',#14441,#14529,#14531,.T.);
#14529 = VERTEX_POINT('',#14530);
#14530 = CARTESIAN_POINT('',(8.18978341985,16.038522633307,2.));
#14531 = SURFACE_CURVE('',#14532,(#14536,#14543),.PCURVE_S1.);
#14532 = LINE('',#14533,#14534);
#14533 = CARTESIAN_POINT('',(8.18978341985,14.147829298704,2.));
#14534 = VECTOR('',#14535,1.);
#14535 = DIRECTION('',(0.,1.,0.));
#14536 = PCURVE('',#14485,#14537);
#14537 = DEFINITIONAL_REPRESENTATION('',(#14538),#14542);
#14538 = LINE('',#14539,#14540);
#14539 = CARTESIAN_POINT('',(0.,-2.));
#14540 = VECTOR('',#14541,1.);
#14541 = DIRECTION('',(1.,0.));
#14542 = ( GEOMETRIC_REPRESENTATION_CONTEXT(2) 
PARAMETRIC_REPRESENTATION_CONTEXT() REPRESENTATION_CONTEXT('2D SPACE',''
  ) );
#14543 = PCURVE('',#13957,#14544);
#14544 = DEFINITIONAL_REPRESENTATION('',(#14545),#14549);
#14545 = LINE('',#14546,#14547);
#14546 = CARTESIAN_POINT('',(5.14797562096,2.991141028549));
#14547 = VECTOR('',#14548,1.);
#14548 = DIRECTION('',(0.,1.));
#14549 = ( GEOMETRIC_REPRESENTATION_CONTEXT(2) 
PARAMETRIC_REPRESENTATION_CONTEXT() REPRESENTATION_CONTEXT('2D SPACE',''
  ) );
#14550 = ORIENTED_EDGE('',*,*,#14551,.F.);
#14551 = EDGE_CURVE('',#14552,#14529,#14554,.T.);
#14552 = VERTEX_POINT('',#14553);
#14553 = CARTESIAN_POINT('',(8.18978341985,16.038522633307,0.));
#14554 = SURFACE_CURVE('',#14555,(#14559,#14566),.PCURVE_S1.);
#14555 = LINE('',#14556,#14557);
#14556 = CARTESIAN_POINT('',(8.18978341985,16.038522633307,0.));
#14557 = VECTOR('',#14558,1.);
#14558 = DIRECTION('',(0.,0.,1.));
#14559 = PCURVE('',#14485,#14560);
#14560 = DEFINITIONAL_REPRESENTATION('',(#14561),#14565);
#14561 = LINE('',#14562,#14563);
#14562 = CARTESIAN_POINT('',(1.890693334603,0.));
#14563 = VECTOR('',#14564,1.);
#14564 = DIRECTION('',(0.,-1.));
#14565 = ( GEOMETRIC_REPRESENTATION_CONTEXT(2) 
PARAMETRIC_REPRESENTATION_CONTEXT() REPRESENTATION_CONTEXT('2D SPACE',''
  ) );
#14566 = PCURVE('',#14567,#14577);
#14567 = SURFACE_OF_LINEAR_EXTRUSION('',#14568,#14575);
#14568 = B_SPLINE_CURVE_WITH_KNOTS('',5,(#14569,#14570,#14571,#14572,
    #14573,#14574),.UNSPECIFIED.,.F.,.F.,(6,6),(0.,1.),
  .PIECEWISE_BEZIER_KNOTS.);
#14569 = CARTESIAN_POINT('',(8.18978341985,16.038522633307,0.));
#14570 = CARTESIAN_POINT('',(6.551843565065,16.03619719659,0.));
#14571 = CARTESIAN_POINT('',(4.913790255695,16.046057539434,0.));
#14572 = CARTESIAN_POINT('',(3.275996134024,16.027713028971,0.));
#14573 = CARTESIAN_POINT('',(1.637866790286,16.04659001215,0.));
#14574 = CARTESIAN_POINT('',(0.,16.035301603212,0.));
#14575 = VECTOR('',#14576,1.);
#14576 = DIRECTION('',(-0.,-0.,-1.));
#14577 = DEFINITIONAL_REPRESENTATION('',(#14578),#14582);
#14578 = LINE('',#14579,#14580);
#14579 = CARTESIAN_POINT('',(0.,0.));
#14580 = VECTOR('',#14581,1.);
#14581 = DIRECTION('',(0.,-1.));
#14582 = ( GEOMETRIC_REPRESENTATION_CONTEXT(2) 
PARAMETRIC_REPRESENTATION_CONTEXT() REPRESENTATION_CONTEXT('2D SPACE',''
  ) );
#14583 = ORIENTED_EDGE('',*,*,#14584,.F.);
#14584 = EDGE_CURVE('',#14470,#14552,#14585,.T.);
#14585 = SURFACE_CURVE('',#14586,(#14590,#14597),.PCURVE_S1.);
#14586 = LINE('',#14587,#14588);
#14587 = CARTESIAN_POINT('',(8.18978341985,14.147829298704,0.));
#14588 = VECTOR('',#14589,1.);
#14589 = DIRECTION('',(0.,1.,0.));
#14590 = PCURVE('',#14485,#14591);
#14591 = DEFINITIONAL_REPRESENTATION('',(#14592),#14596);
#14592 = LINE('',#14593,#14594);
#14593 = CARTESIAN_POINT('',(0.,0.));
#14594 = VECTOR('',#14595,1.);
#14595 = DIRECTION('',(1.,0.));
#14596 = ( GEOMETRIC_REPRESENTATION_CONTEXT(2) 
PARAMETRIC_REPRESENTATION_CONTEXT() REPRESENTATION_CONTEXT('2D SPACE',''
  ) );
#14597 = PCURVE('',#14015,#14598);
#14598 = DEFINITIONAL_REPRESENTATION('',(#14599),#14603);
#14599 = LINE('',#14600,#14601);
#14600 = CARTESIAN_POINT('',(5.14797562096,2.991141028549));
#14601 = VECTOR('',#14602,1.);
#14602 = DIRECTION('',(0.,1.));
#14603 = ( GEOMETRIC_REPRESENTATION_CONTEXT(2) 
PARAMETRIC_REPRESENTATION_CONTEXT() REPRESENTATION_CONTEXT('2D SPACE',''
  ) );
#14604 = ADVANCED_FACE('',(#14605),#14567,.F.);
#14605 = FACE_BOUND('',#14606,.F.);
#14606 = EDGE_LOOP('',(#14607,#14608,#14637,#14660));
#14607 = ORIENTED_EDGE('',*,*,#14551,.T.);
#14608 = ORIENTED_EDGE('',*,*,#14609,.T.);
#14609 = EDGE_CURVE('',#14529,#14610,#14612,.T.);
#14610 = VERTEX_POINT('',#14611);
#14611 = CARTESIAN_POINT('',(0.,16.035301603212,2.));
#14612 = SURFACE_CURVE('',#14613,(#14620,#14627),.PCURVE_S1.);
#14613 = B_SPLINE_CURVE_WITH_KNOTS('',5,(#14614,#14615,#14616,#14617,
    #14618,#14619),.UNSPECIFIED.,.F.,.F.,(6,6),(0.,1.),
  .PIECEWISE_BEZIER_KNOTS.);
#14614 = CARTESIAN_POINT('',(8.18978341985,16.038522633307,2.));
#14615 = CARTESIAN_POINT('',(6.551843565065,16.03619719659,2.));
#14616 = CARTESIAN_POINT('',(4.913790255695,16.046057539434,2.));
#14617 = CARTESIAN_POINT('',(3.275996134024,16.027713028971,2.));
#14618 = CARTESIAN_POINT('',(1.637866790286,16.04659001215,2.));
#14619 = CARTESIAN_POINT('',(0.,16.035301603212,2.));
#14620 = PCURVE('',#14567,#14621);
#14621 = DEFINITIONAL_REPRESENTATION('',(#14622),#14626);
#14622 = LINE('',#14623,#14624);
#14623 = CARTESIAN_POINT('',(0.,-2.));
#14624 = VECTOR('',#14625,1.);
#14625 = DIRECTION('',(1.,0.));
#14626 = ( GEOMETRIC_REPRESENTATION_CONTEXT(2) 
PARAMETRIC_REPRESENTATION_CONTEXT() REPRESENTATION_CONTEXT('2D SPACE',''
  ) );
#14627 = PCURVE('',#13957,#14628);
#14628 = DEFINITIONAL_REPRESENTATION('',(#14629),#14636);
#14629 = B_SPLINE_CURVE_WITH_KNOTS('',5,(#14630,#14631,#14632,#14633,
    #14634,#14635),.UNSPECIFIED.,.F.,.F.,(6,6),(0.,1.),
  .PIECEWISE_BEZIER_KNOTS.);
#14630 = CARTESIAN_POINT('',(5.14797562096,4.881834363151));
#14631 = CARTESIAN_POINT('',(3.510035766176,4.879508926434));
#14632 = CARTESIAN_POINT('',(1.871982456805,4.889369269278));
#14633 = CARTESIAN_POINT('',(0.234188335134,4.871024758815));
#14634 = CARTESIAN_POINT('',(-1.403941008604,4.889901741994));
#14635 = CARTESIAN_POINT('',(-3.04180779889,4.878613333056));
#14636 = ( GEOMETRIC_REPRESENTATION_CONTEXT(2) 
PARAMETRIC_REPRESENTATION_CONTEXT() REPRESENTATION_CONTEXT('2D SPACE',''
  ) );
#14637 = ORIENTED_EDGE('',*,*,#14638,.F.);
#14638 = EDGE_CURVE('',#14639,#14610,#14641,.T.);
#14639 = VERTEX_POINT('',#14640);
#14640 = CARTESIAN_POINT('',(0.,16.035301603212,0.));
#14641 = SURFACE_CURVE('',#14642,(#14646,#14653),.PCURVE_S1.);
#14642 = LINE('',#14643,#14644);
#14643 = CARTESIAN_POINT('',(0.,16.035301603212,0.));
#14644 = VECTOR('',#14645,1.);
#14645 = DIRECTION('',(0.,0.,1.));
#14646 = PCURVE('',#14567,#14647);
#14647 = DEFINITIONAL_REPRESENTATION('',(#14648),#14652);
#14648 = LINE('',#14649,#14650);
#14649 = CARTESIAN_POINT('',(1.,0.));
#14650 = VECTOR('',#14651,1.);
#14651 = DIRECTION('',(0.,-1.));
#14652 = ( GEOMETRIC_REPRESENTATION_CONTEXT(2) 
PARAMETRIC_REPRESENTATION_CONTEXT() REPRESENTATION_CONTEXT('2D SPACE',''
  ) );
#14653 = PCURVE('',#13927,#14654);
#14654 = DEFINITIONAL_REPRESENTATION('',(#14655),#14659);
#14655 = LINE('',#14656,#14657);
#14656 = CARTESIAN_POINT('',(0.,0.));
#14657 = VECTOR('',#14658,1.);
#14658 = DIRECTION('',(0.,-1.));
#14659 = ( GEOMETRIC_REPRESENTATION_CONTEXT(2) 
PARAMETRIC_REPRESENTATION_CONTEXT() REPRESENTATION_CONTEXT('2D SPACE',''
  ) );
#14660 = ORIENTED_EDGE('',*,*,#14661,.F.);
#14661 = EDGE_CURVE('',#14552,#14639,#14662,.T.);
#14662 = SURFACE_CURVE('',#14663,(#14670,#14677),.PCURVE_S1.);
#14663 = B_SPLINE_CURVE_WITH_KNOTS('',5,(#14664,#14665,#14666,#14667,
    #14668,#14669),.UNSPECIFIED.,.F.,.F.,(6,6),(0.,1.),
  .PIECEWISE_BEZIER_KNOTS.);
#14664 = CARTESIAN_POINT('',(8.18978341985,16.038522633307,0.));
#14665 = CARTESIAN_POINT('',(6.551843565065,16.03619719659,0.));
#14666 = CARTESIAN_POINT('',(4.913790255695,16.046057539434,0.));
#14667 = CARTESIAN_POINT('',(3.275996134024,16.027713028971,0.));
#14668 = CARTESIAN_POINT('',(1.637866790286,16.04659001215,0.));
#14669 = CARTESIAN_POINT('',(0.,16.035301603212,0.));
#14670 = PCURVE('',#14567,#14671);
#14671 = DEFINITIONAL_REPRESENTATION('',(#14672),#14676);
#14672 = LINE('',#14673,#14674);
#14673 = CARTESIAN_POINT('',(0.,0.));
#14674 = VECTOR('',#14675,1.);
#14675 = DIRECTION('',(1.,0.));
#14676 = ( GEOMETRIC_REPRESENTATION_CONTEXT(2) 
PARAMETRIC_REPRESENTATION_CONTEXT() REPRESENTATION_CONTEXT('2D SPACE',''
  ) );
#14677 = PCURVE('',#14015,#14678);
#14678 = DEFINITIONAL_REPRESENTATION('',(#14679),#14686);
#14679 = B_SPLINE_CURVE_WITH_KNOTS('',5,(#14680,#14681,#14682,#14683,
    #14684,#14685),.UNSPECIFIED.,.F.,.F.,(6,6),(0.,1.),
  .PIECEWISE_BEZIER_KNOTS.);
#14680 = CARTESIAN_POINT('',(5.14797562096,4.881834363151));
#14681 = CARTESIAN_POINT('',(3.510035766176,4.879508926434));
#14682 = CARTESIAN_POINT('',(1.871982456805,4.889369269278));
#14683 = CARTESIAN_POINT('',(0.234188335134,4.871024758815));
#14684 = CARTESIAN_POINT('',(-1.403941008604,4.889901741994));
#14685 = CARTESIAN_POINT('',(-3.04180779889,4.878613333056));
#14686 = ( GEOMETRIC_REPRESENTATION_CONTEXT(2) 
PARAMETRIC_REPRESENTATION_CONTEXT() REPRESENTATION_CONTEXT('2D SPACE',''
  ) );
#14687 = ADVANCED_FACE('',(#14688),#13927,.F.);
#14688 = FACE_BOUND('',#14689,.F.);
#14689 = EDGE_LOOP('',(#14690,#14691,#14712,#14713));
#14690 = ORIENTED_EDGE('',*,*,#14638,.T.);
#14691 = ORIENTED_EDGE('',*,*,#14692,.T.);
#14692 = EDGE_CURVE('',#14610,#13903,#14693,.T.);
#14693 = SURFACE_CURVE('',#14694,(#14698,#14705),.PCURVE_S1.);
#14694 = LINE('',#14695,#14696);
#14695 = CARTESIAN_POINT('',(0.,16.035301603212,2.));
#14696 = VECTOR('',#14697,1.);
#14697 = DIRECTION('',(0.,-1.,0.));
#14698 = PCURVE('',#13927,#14699);
#14699 = DEFINITIONAL_REPRESENTATION('',(#14700),#14704);
#14700 = LINE('',#14701,#14702);
#14701 = CARTESIAN_POINT('',(0.,-2.));
#14702 = VECTOR('',#14703,1.);
#14703 = DIRECTION('',(1.,0.));
#14704 = ( GEOMETRIC_REPRESENTATION_CONTEXT(2) 
PARAMETRIC_REPRESENTATION_CONTEXT() REPRESENTATION_CONTEXT('2D SPACE',''
  ) );
#14705 = PCURVE('',#13957,#14706);
#14706 = DEFINITIONAL_REPRESENTATION('',(#14707),#14711);
#14707 = LINE('',#14708,#14709);
#14708 = CARTESIAN_POINT('',(-3.04180779889,4.878613333056));
#14709 = VECTOR('',#14710,1.);
#14710 = DIRECTION('',(0.,-1.));
#14711 = ( GEOMETRIC_REPRESENTATION_CONTEXT(2) 
PARAMETRIC_REPRESENTATION_CONTEXT() REPRESENTATION_CONTEXT('2D SPACE',''
  ) );
#14712 = ORIENTED_EDGE('',*,*,#13900,.F.);
#14713 = ORIENTED_EDGE('',*,*,#14714,.F.);
#14714 = EDGE_CURVE('',#14639,#13901,#14715,.T.);
#14715 = SURFACE_CURVE('',#14716,(#14720,#14727),.PCURVE_S1.);
#14716 = LINE('',#14717,#14718);
#14717 = CARTESIAN_POINT('',(0.,16.035301603212,0.));
#14718 = VECTOR('',#14719,1.);
#14719 = DIRECTION('',(0.,-1.,0.));
#14720 = PCURVE('',#13927,#14721);
#14721 = DEFINITIONAL_REPRESENTATION('',(#14722),#14726);
#14722 = LINE('',#14723,#14724);
#14723 = CARTESIAN_POINT('',(0.,0.));
#14724 = VECTOR('',#14725,1.);
#14725 = DIRECTION('',(1.,0.));
#14726 = ( GEOMETRIC_REPRESENTATION_CONTEXT(2) 
PARAMETRIC_REPRESENTATION_CONTEXT() REPRESENTATION_CONTEXT('2D SPACE',''
  ) );
#14727 = PCURVE('',#14015,#14728);
#14728 = DEFINITIONAL_REPRESENTATION('',(#14729),#14733);
#14729 = LINE('',#14730,#14731);
#14730 = CARTESIAN_POINT('',(-3.04180779889,4.878613333056));
#14731 = VECTOR('',#14732,1.);
#14732 = DIRECTION('',(0.,-1.));
#14733 = ( GEOMETRIC_REPRESENTATION_CONTEXT(2) 
PARAMETRIC_REPRESENTATION_CONTEXT() REPRESENTATION_CONTEXT('2D SPACE',''
  ) );
#14734 = ADVANCED_FACE('',(#14735),#14015,.F.);
#14735 = FACE_BOUND('',#14736,.F.);
#14736 = EDGE_LOOP('',(#14737,#14738,#14739,#14740,#14741,#14742,#14743,
    #14744,#14745,#14746));
#14737 = ORIENTED_EDGE('',*,*,#13999,.T.);
#14738 = ORIENTED_EDGE('',*,*,#14084,.T.);
#14739 = ORIENTED_EDGE('',*,*,#14166,.T.);
#14740 = ORIENTED_EDGE('',*,*,#14250,.T.);
#14741 = ORIENTED_EDGE('',*,*,#14334,.T.);
#14742 = ORIENTED_EDGE('',*,*,#14415,.T.);
#14743 = ORIENTED_EDGE('',*,*,#14497,.T.);
#14744 = ORIENTED_EDGE('',*,*,#14584,.T.);
#14745 = ORIENTED_EDGE('',*,*,#14661,.T.);
#14746 = ORIENTED_EDGE('',*,*,#14714,.T.);
#14747 = ADVANCED_FACE('',(#14748),#13957,.T.);
#14748 = FACE_BOUND('',#14749,.T.);
#14749 = EDGE_LOOP('',(#14750,#14751,#14752,#14753,#14754,#14755,#14756,
    #14757,#14758,#14759));
#14750 = ORIENTED_EDGE('',*,*,#13939,.T.);
#14751 = ORIENTED_EDGE('',*,*,#14033,.T.);
#14752 = ORIENTED_EDGE('',*,*,#14109,.T.);
#14753 = ORIENTED_EDGE('',*,*,#14191,.T.);
#14754 = ORIENTED_EDGE('',*,*,#14283,.T.);
#14755 = ORIENTED_EDGE('',*,*,#14359,.T.);
#14756 = ORIENTED_EDGE('',*,*,#14440,.T.);
#14757 = ORIENTED_EDGE('',*,*,#14528,.T.);
#14758 = ORIENTED_EDGE('',*,*,#14609,.T.);
#14759 = ORIENTED_EDGE('',*,*,#14692,.T.);
#14760 = ( GEOMETRIC_REPRESENTATION_CONTEXT(3) 
GLOBAL_UNCERTAINTY_ASSIGNED_CONTEXT((#14764)) 
GLOBAL_UNIT_ASSIGNED_CONTEXT((#14761,#14762,#14763)) 
REPRESENTATION_CONTEXT('Context #1',
  '3D Context with UNIT and UNCERTAINTY') );
#14761 = ( LENGTH_UNIT() NAMED_UNIT(*) SI_UNIT(.MILLI.,.METRE.) );
#14762 = ( NAMED_UNIT(*) PLANE_ANGLE_UNIT() SI_UNIT($,.RADIAN.) );
#14763 = ( NAMED_UNIT(*) SI_UNIT($,.STERADIAN.) SOLID_ANGLE_UNIT() );
#14764 = UNCERTAINTY_MEASURE_WITH_UNIT(LENGTH_MEASURE(1.E-07),#14761,
  'distance_accuracy_value','confusion accuracy');
#14765 = PRODUCT_RELATED_PRODUCT_CATEGORY('part',$,(#2427));
#14766 = MECHANICAL_DESIGN_GEOMETRIC_PRESENTATION_REPRESENTATION('',(
    #14767,#14775),#1563);
#14767 = STYLED_ITEM('color',(#14768),#15);
#14768 = PRESENTATION_STYLE_ASSIGNMENT((#14769));
#14769 = SURFACE_STYLE_USAGE(.BOTH.,#14770);
#14770 = SURFACE_SIDE_STYLE('',(#14771));
#14771 = SURFACE_STYLE_FILL_AREA(#14772);
#14772 = FILL_AREA_STYLE('',(#14773));
#14773 = FILL_AREA_STYLE_COLOUR('',#14774);
#14774 = COLOUR_RGB('',0.462745104622,0.552941175644,0.960784305148);
#14775 = STYLED_ITEM('color',(#14776),#1119);
#14776 = PRESENTATION_STYLE_ASSIGNMENT((#14777));
#14777 = SURFACE_STYLE_USAGE(.BOTH.,#14778);
#14778 = SURFACE_SIDE_STYLE('',(#14779));
#14779 = SURFACE_STYLE_FILL_AREA(#14780);
#14780 = FILL_AREA_STYLE('',(#14781));
#14781 = FILL_AREA_STYLE_COLOUR('',#14774);
#14782 = MECHANICAL_DESIGN_GEOMETRIC_PRESENTATION_REPRESENTATION('',(
    #14783,#14791),#2417);
#14783 = STYLED_ITEM('color',(#14784),#1577);
#14784 = PRESENTATION_STYLE_ASSIGNMENT((#14785));
#14785 = SURFACE_STYLE_USAGE(.BOTH.,#14786);
#14786 = SURFACE_SIDE_STYLE('',(#14787));
#14787 = SURFACE_STYLE_FILL_AREA(#14788);
#14788 = FILL_AREA_STYLE('',(#14789));
#14789 = FILL_AREA_STYLE_COLOUR('',#14790);
#14790 = COLOUR_RGB('',0.854901964685,0.486274506065,0.188235296286);
#14791 = STYLED_ITEM('color',(#14792),#1987);
#14792 = PRESENTATION_STYLE_ASSIGNMENT((#14793));
#14793 = SURFACE_STYLE_USAGE(.BOTH.,#14794);
#14794 = SURFACE_SIDE_STYLE('',(#14795));
#14795 = SURFACE_STYLE_FILL_AREA(#14796);
#14796 = FILL_AREA_STYLE('',(#14797));
#14797 = FILL_AREA_STYLE_COLOUR('',#14790);
#14798 = MECHANICAL_DESIGN_GEOMETRIC_PRESENTATION_REPRESENTATION('',(
    #14799,#14807,#14814,#14821,#14828,#14835,#14842,#14849,#14856,
    #14863,#14870,#14877),#14760);
#14799 = STYLED_ITEM('color',(#14800),#2431);
#14800 = PRESENTATION_STYLE_ASSIGNMENT((#14801));
#14801 = SURFACE_STYLE_USAGE(.BOTH.,#14802);
#14802 = SURFACE_SIDE_STYLE('',(#14803));
#14803 = SURFACE_STYLE_FILL_AREA(#14804);
#14804 = FILL_AREA_STYLE('',(#14805));
#14805 = FILL_AREA_STYLE_COLOUR('',#14806);
#14806 = DRAUGHTING_PRE_DEFINED_COLOUR('white');
#14807 = STYLED_ITEM('color',(#14808),#3420);
#14808 = PRESENTATION_STYLE_ASSIGNMENT((#14809));
#14809 = SURFACE_STYLE_USAGE(.BOTH.,#14810);
#14810 = SURFACE_SIDE_STYLE('',(#14811));
#14811 = SURFACE_STYLE_FILL_AREA(#14812);
#14812 = FILL_AREA_STYLE('',(#14813));
#14813 = FILL_AREA_STYLE_COLOUR('',#14806);
#14814 = STYLED_ITEM('color',(#14815),#4376);
#14815 = PRESENTATION_STYLE_ASSIGNMENT((#14816));
#14816 = SURFACE_STYLE_USAGE(.BOTH.,#14817);
#14817 = SURFACE_SIDE_STYLE('',(#14818));
#14818 = SURFACE_STYLE_FILL_AREA(#14819);
#14819 = FILL_AREA_STYLE('',(#14820));
#14820 = FILL_AREA_STYLE_COLOUR('',#14806);
#14821 = STYLED_ITEM('color',(#14822),#5645);
#14822 = PRESENTATION_STYLE_ASSIGNMENT((#14823));
#14823 = SURFACE_STYLE_USAGE(.BOTH.,#14824);
#14824 = SURFACE_SIDE_STYLE('',(#14825));
#14825 = SURFACE_STYLE_FILL_AREA(#14826);
#14826 = FILL_AREA_STYLE('',(#14827));
#14827 = FILL_AREA_STYLE_COLOUR('',#14806);
#14828 = STYLED_ITEM('color',(#14829),#7081);
#14829 = PRESENTATION_STYLE_ASSIGNMENT((#14830));
#14830 = SURFACE_STYLE_USAGE(.BOTH.,#14831);
#14831 = SURFACE_SIDE_STYLE('',(#14832));
#14832 = SURFACE_STYLE_FILL_AREA(#14833);
#14833 = FILL_AREA_STYLE('',(#14834));
#14834 = FILL_AREA_STYLE_COLOUR('',#14806);
#14835 = STYLED_ITEM('color',(#14836),#8303);
#14836 = PRESENTATION_STYLE_ASSIGNMENT((#14837));
#14837 = SURFACE_STYLE_USAGE(.BOTH.,#14838);
#14838 = SURFACE_SIDE_STYLE('',(#14839));
#14839 = SURFACE_STYLE_FILL_AREA(#14840);
#14840 = FILL_AREA_STYLE('',(#14841));
#14841 = FILL_AREA_STYLE_COLOUR('',#14806);
#14842 = STYLED_ITEM('color',(#14843),#9560);
#14843 = PRESENTATION_STYLE_ASSIGNMENT((#14844));
#14844 = SURFACE_STYLE_USAGE(.BOTH.,#14845);
#14845 = SURFACE_SIDE_STYLE('',(#14846));
#14846 = SURFACE_STYLE_FILL_AREA(#14847);
#14847 = FILL_AREA_STYLE('',(#14848));
#14848 = FILL_AREA_STYLE_COLOUR('',#14806);
#14849 = STYLED_ITEM('color',(#14850),#10192);
#14850 = PRESENTATION_STYLE_ASSIGNMENT((#14851));
#14851 = SURFACE_STYLE_USAGE(.BOTH.,#14852);
#14852 = SURFACE_SIDE_STYLE('',(#14853));
#14853 = SURFACE_STYLE_FILL_AREA(#14854);
#14854 = FILL_AREA_STYLE('',(#14855));
#14855 = FILL_AREA_STYLE_COLOUR('',#14806);
#14856 = STYLED_ITEM('color',(#14857),#11171);
#14857 = PRESENTATION_STYLE_ASSIGNMENT((#14858));
#14858 = SURFACE_STYLE_USAGE(.BOTH.,#14859);
#14859 = SURFACE_SIDE_STYLE('',(#14860));
#14860 = SURFACE_STYLE_FILL_AREA(#14861);
#14861 = FILL_AREA_STYLE('',(#14862));
#14862 = FILL_AREA_STYLE_COLOUR('',#14806);
#14863 = STYLED_ITEM('color',(#14864),#11464);
#14864 = PRESENTATION_STYLE_ASSIGNMENT((#14865));
#14865 = SURFACE_STYLE_USAGE(.BOTH.,#14866);
#14866 = SURFACE_SIDE_STYLE('',(#14867));
#14867 = SURFACE_STYLE_FILL_AREA(#14868);
#14868 = FILL_AREA_STYLE('',(#14869));
#14869 = FILL_AREA_STYLE_COLOUR('',#14806);
#14870 = STYLED_ITEM('color',(#14871),#12502);
#14871 = PRESENTATION_STYLE_ASSIGNMENT((#14872));
#14872 = SURFACE_STYLE_USAGE(.BOTH.,#14873);
#14873 = SURFACE_SIDE_STYLE('',(#14874));
#14874 = SURFACE_STYLE_FILL_AREA(#14875);
#14875 = FILL_AREA_STYLE('',(#14876));
#14876 = FILL_AREA_STYLE_COLOUR('',#14806);
#14877 = STYLED_ITEM('color',(#14878),#13894);
#14878 = PRESENTATION_STYLE_ASSIGNMENT((#14879));
#14879 = SURFACE_STYLE_USAGE(.BOTH.,#14880);
#14880 = SURFACE_SIDE_STYLE('',(#14881));
#14881 = SURFACE_STYLE_FILL_AREA(#14882);
#14882 = FILL_AREA_STYLE('',(#14883));
#14883 = FILL_AREA_STYLE_COLOUR('',#14806);
ENDSEC;
END-ISO-10303-21;
