ISO-10303-21;
HEADER;
FILE_DESCRIPTION(('FusionSpace fusion-space-fincan-badge-54mm'),'2;1');
FILE_NAME('fusion-space-fincan-badge-54mm.step','2026-10-01T00:00:00',('Author'),(
    'Open CASCADE'),'Open CASCADE STEP processor 7.9','Open CASCADE 7.9'
  ,'Unknown');
FILE_SCHEMA(('AUTOMOTIVE_DESIGN { 1 0 10303 214 1 1 1 1 }'));
ENDSEC;
DATA;
#1 = APPLICATION_PROTOCOL_DEFINITION('international standard',
  'automotive_design',2000,#2);
#2 = APPLICATION_CONTEXT(
  'core data for automotive mechanical design processes');
#3 = SHAPE_DEFINITION_REPRESENTATION(#4,#10);
#4 = PRODUCT_DEFINITION_SHAPE('','',#5);
#5 = PRODUCT_DEFINITION('design','',#6,#9);
#6 = PRODUCT_DEFINITION_FORMATION('','',#7);
#7 = PRODUCT('base','base','',(#8));
#8 = PRODUCT_CONTEXT('',#2,'mechanical');
#9 = PRODUCT_DEFINITION_CONTEXT('part definition',#2,'design');
#10 = ADVANCED_BREP_SHAPE_REPRESENTATION('',(#11,#15),#693);
#11 = AXIS2_PLACEMENT_3D('',#12,#13,#14);
#12 = CARTESIAN_POINT('',(0.,0.,0.));
#13 = DIRECTION('',(0.,0.,1.));
#14 = DIRECTION('',(1.,0.,-0.));
#15 = MANIFOLD_SOLID_BREP('',#16);
#16 = CLOSED_SHELL('',(#17,#267,#347,#394,#447,#501,#554,#601,#654,#682)
  );
#17 = ADVANCED_FACE('',(#18),#33,.T.);
#18 = FACE_BOUND('',#19,.T.);
#19 = EDGE_LOOP('',(#20,#59,#88,#120,#146,#178,#211,#243));
#20 = ORIENTED_EDGE('',*,*,#21,.T.);
#21 = EDGE_CURVE('',#22,#24,#26,.T.);
#22 = VERTEX_POINT('',#23);
#23 = CARTESIAN_POINT('',(-13.5,-25.21329014627,5.9));
#24 = VERTEX_POINT('',#25);
#25 = CARTESIAN_POINT('',(-7.6,-27.57172464681,0.));
#26 = SURFACE_CURVE('',#27,(#32,#47),.PCURVE_S1.);
#27 = ELLIPSE('',#28,40.446507883871,28.6);
#28 = AXIS2_PLACEMENT_3D('',#29,#30,#31);
#29 = CARTESIAN_POINT('',(0.,0.,-7.6));
#30 = DIRECTION('',(0.707106781187,0.,0.707106781187));
#31 = DIRECTION('',(-0.707106781187,0.,0.707106781187));
#32 = PCURVE('',#33,#38);
#33 = CYLINDRICAL_SURFACE('',#34,28.6);
#34 = AXIS2_PLACEMENT_3D('',#35,#36,#37);
#35 = CARTESIAN_POINT('',(0.,0.,-1.));
#36 = DIRECTION('',(0.,0.,1.));
#37 = DIRECTION('',(1.,0.,-0.));
#38 = DEFINITIONAL_REPRESENTATION('',(#39),#46);
#39 = B_SPLINE_CURVE_WITH_KNOTS('',5,(#40,#41,#42,#43,#44,#45),
  .UNSPECIFIED.,.F.,.F.,(6,6),(1.055655571279,1.323168440303),
  .PIECEWISE_BEZIER_KNOTS.);
#40 = CARTESIAN_POINT('',(4.197248224869,7.49));
#41 = CARTESIAN_POINT('',(4.250750798674,6.158407138186));
#42 = CARTESIAN_POINT('',(4.304253372479,4.776398170645));
#43 = CARTESIAN_POINT('',(4.357755946284,3.351913355625));
#44 = CARTESIAN_POINT('',(4.411258520088,1.89349806021));
#45 = CARTESIAN_POINT('',(4.464761093893,0.41));
#46 = ( GEOMETRIC_REPRESENTATION_CONTEXT(2) 
PARAMETRIC_REPRESENTATION_CONTEXT() REPRESENTATION_CONTEXT('2D SPACE',''
  ) );
#47 = PCURVE('',#48,#53);
#48 = PLANE('',#49);
#49 = AXIS2_PLACEMENT_3D('',#50,#51,#52);
#50 = CARTESIAN_POINT('',(-13.5,-31.4,5.9));
#51 = DIRECTION('',(0.707106781187,-0.,0.707106781187));
#52 = DIRECTION('',(-0.707106781187,0.,0.707106781187));
#53 = DEFINITIONAL_REPRESENTATION('',(#54),#58);
#54 = ELLIPSE('',#55,40.446507883871,28.6);
#55 = AXIS2_PLACEMENT_2D('',#56,#57);
#56 = CARTESIAN_POINT('',(-19.09188309203,-31.4));
#57 = DIRECTION('',(1.,-0.));
#58 = ( GEOMETRIC_REPRESENTATION_CONTEXT(2) 
PARAMETRIC_REPRESENTATION_CONTEXT() REPRESENTATION_CONTEXT('2D SPACE',''
  ) );
#59 = ORIENTED_EDGE('',*,*,#60,.T.);
#60 = EDGE_CURVE('',#24,#61,#63,.T.);
#61 = VERTEX_POINT('',#62);
#62 = CARTESIAN_POINT('',(7.6,-27.57172464681,0.));
#63 = SURFACE_CURVE('',#64,(#69,#76),.PCURVE_S1.);
#64 = CIRCLE('',#65,28.6);
#65 = AXIS2_PLACEMENT_3D('',#66,#67,#68);
#66 = CARTESIAN_POINT('',(0.,0.,0.));
#67 = DIRECTION('',(0.,0.,1.));
#68 = DIRECTION('',(1.,0.,-0.));
#69 = PCURVE('',#33,#70);
#70 = DEFINITIONAL_REPRESENTATION('',(#71),#75);
#71 = LINE('',#72,#73);
#72 = CARTESIAN_POINT('',(0.,1.));
#73 = VECTOR('',#74,1.);
#74 = DIRECTION('',(1.,0.));
#75 = ( GEOMETRIC_REPRESENTATION_CONTEXT(2) 
PARAMETRIC_REPRESENTATION_CONTEXT() REPRESENTATION_CONTEXT('2D SPACE',''
  ) );
#76 = PCURVE('',#77,#82);
#77 = PLANE('',#78);
#78 = AXIS2_PLACEMENT_3D('',#79,#80,#81);
#79 = CARTESIAN_POINT('',(-7.6,-31.4,0.));
#80 = DIRECTION('',(-0.,-0.,1.));
#81 = DIRECTION('',(-1.,0.,0.));
#82 = DEFINITIONAL_REPRESENTATION('',(#83),#87);
#83 = CIRCLE('',#84,28.6);
#84 = AXIS2_PLACEMENT_2D('',#85,#86);
#85 = CARTESIAN_POINT('',(-7.6,-31.4));
#86 = DIRECTION('',(-1.,0.));
#87 = ( GEOMETRIC_REPRESENTATION_CONTEXT(2) 
PARAMETRIC_REPRESENTATION_CONTEXT() REPRESENTATION_CONTEXT('2D SPACE',''
  ) );
#88 = ORIENTED_EDGE('',*,*,#89,.T.);
#89 = EDGE_CURVE('',#61,#90,#92,.T.);
#90 = VERTEX_POINT('',#91);
#91 = CARTESIAN_POINT('',(13.5,-25.21329014627,5.9));
#92 = SURFACE_CURVE('',#93,(#98,#108),.PCURVE_S1.);
#93 = ELLIPSE('',#94,40.446507883871,28.6);
#94 = AXIS2_PLACEMENT_3D('',#95,#96,#97);
#95 = CARTESIAN_POINT('',(0.,0.,-7.6));
#96 = DIRECTION('',(-0.707106781187,-0.,0.707106781187));
#97 = DIRECTION('',(0.707106781187,0.,0.707106781187));
#98 = PCURVE('',#33,#99);
#99 = DEFINITIONAL_REPRESENTATION('',(#100),#107);
#100 = B_SPLINE_CURVE_WITH_KNOTS('',5,(#101,#102,#103,#104,#105,#106),
  .UNSPECIFIED.,.F.,.F.,(6,6),(4.960016866876,5.2275297359),
  .PIECEWISE_BEZIER_KNOTS.);
#101 = CARTESIAN_POINT('',(4.960016866876,0.41));
#102 = CARTESIAN_POINT('',(5.013519440681,1.89349806021));
#103 = CARTESIAN_POINT('',(5.067022014486,3.351913355625));
#104 = CARTESIAN_POINT('',(5.120524588291,4.776398170645));
#105 = CARTESIAN_POINT('',(5.174027162095,6.158407138186));
#106 = CARTESIAN_POINT('',(5.2275297359,7.49));
#107 = ( GEOMETRIC_REPRESENTATION_CONTEXT(2) 
PARAMETRIC_REPRESENTATION_CONTEXT() REPRESENTATION_CONTEXT('2D SPACE',''
  ) );
#108 = PCURVE('',#109,#114);
#109 = PLANE('',#110);
#110 = AXIS2_PLACEMENT_3D('',#111,#112,#113);
#111 = CARTESIAN_POINT('',(7.6,-31.4,0.));
#112 = DIRECTION('',(-0.707106781187,-0.,0.707106781187));
#113 = DIRECTION('',(-0.707106781187,0.,-0.707106781187));
#114 = DEFINITIONAL_REPRESENTATION('',(#115),#119);
#115 = ELLIPSE('',#116,40.446507883871,28.6);
#116 = AXIS2_PLACEMENT_2D('',#117,#118);
#117 = CARTESIAN_POINT('',(10.748023074036,-31.4));
#118 = DIRECTION('',(-1.,-0.));
#119 = ( GEOMETRIC_REPRESENTATION_CONTEXT(2) 
PARAMETRIC_REPRESENTATION_CONTEXT() REPRESENTATION_CONTEXT('2D SPACE',''
  ) );
#120 = ORIENTED_EDGE('',*,*,#121,.T.);
#121 = EDGE_CURVE('',#90,#122,#124,.T.);
#122 = VERTEX_POINT('',#123);
#123 = CARTESIAN_POINT('',(13.5,-25.21329014627,21.1));
#124 = SURFACE_CURVE('',#125,(#129,#135),.PCURVE_S1.);
#125 = LINE('',#126,#127);
#126 = CARTESIAN_POINT('',(13.5,-25.21329014627,-1.));
#127 = VECTOR('',#128,1.);
#128 = DIRECTION('',(0.,0.,1.));
#129 = PCURVE('',#33,#130);
#130 = DEFINITIONAL_REPRESENTATION('',(#131),#134);
#131 = B_SPLINE_CURVE_WITH_KNOTS('',1,(#132,#133),.UNSPECIFIED.,.F.,.F.,
  (2,2),(5.38,23.62),.PIECEWISE_BEZIER_KNOTS.);
#132 = CARTESIAN_POINT('',(5.203978719601,5.38));
#133 = CARTESIAN_POINT('',(5.203978719601,23.62));
#134 = ( GEOMETRIC_REPRESENTATION_CONTEXT(2) 
PARAMETRIC_REPRESENTATION_CONTEXT() REPRESENTATION_CONTEXT('2D SPACE',''
  ) );
#135 = PCURVE('',#136,#141);
#136 = PLANE('',#137);
#137 = AXIS2_PLACEMENT_3D('',#138,#139,#140);
#138 = CARTESIAN_POINT('',(13.5,-31.4,5.9));
#139 = DIRECTION('',(-1.,-0.,-0.));
#140 = DIRECTION('',(0.,0.,-1.));
#141 = DEFINITIONAL_REPRESENTATION('',(#142),#145);
#142 = B_SPLINE_CURVE_WITH_KNOTS('',1,(#143,#144),.UNSPECIFIED.,.F.,.F.,
  (2,2),(5.38,23.62),.PIECEWISE_BEZIER_KNOTS.);
#143 = CARTESIAN_POINT('',(1.52,-6.18670985373));
#144 = CARTESIAN_POINT('',(-16.72,-6.18670985373));
#145 = ( GEOMETRIC_REPRESENTATION_CONTEXT(2) 
PARAMETRIC_REPRESENTATION_CONTEXT() REPRESENTATION_CONTEXT('2D SPACE',''
  ) );
#146 = ORIENTED_EDGE('',*,*,#147,.T.);
#147 = EDGE_CURVE('',#122,#148,#150,.T.);
#148 = VERTEX_POINT('',#149);
#149 = CARTESIAN_POINT('',(7.6,-27.57172464681,27.));
#150 = SURFACE_CURVE('',#151,(#156,#166),.PCURVE_S1.);
#151 = ELLIPSE('',#152,40.446507883871,28.6);
#152 = AXIS2_PLACEMENT_3D('',#153,#154,#155);
#153 = CARTESIAN_POINT('',(0.,0.,34.6));
#154 = DIRECTION('',(-0.707106781187,0.,-0.707106781187));
#155 = DIRECTION('',(-0.707106781187,0.,0.707106781187));
#156 = PCURVE('',#33,#157);
#157 = DEFINITIONAL_REPRESENTATION('',(#158),#165);
#158 = B_SPLINE_CURVE_WITH_KNOTS('',5,(#159,#160,#161,#162,#163,#164),
  .UNSPECIFIED.,.F.,.F.,(6,6),(4.197248224869,4.464761093893),
  .PIECEWISE_BEZIER_KNOTS.);
#159 = CARTESIAN_POINT('',(5.2275297359,21.51));
#160 = CARTESIAN_POINT('',(5.174027162095,22.841592861814));
#161 = CARTESIAN_POINT('',(5.120524588291,24.223601829355));
#162 = CARTESIAN_POINT('',(5.067022014486,25.648086644375));
#163 = CARTESIAN_POINT('',(5.013519440681,27.10650193979));
#164 = CARTESIAN_POINT('',(4.960016866876,28.59));
#165 = ( GEOMETRIC_REPRESENTATION_CONTEXT(2) 
PARAMETRIC_REPRESENTATION_CONTEXT() REPRESENTATION_CONTEXT('2D SPACE',''
  ) );
#166 = PCURVE('',#167,#172);
#167 = PLANE('',#168);
#168 = AXIS2_PLACEMENT_3D('',#169,#170,#171);
#169 = CARTESIAN_POINT('',(13.5,-31.4,21.1));
#170 = DIRECTION('',(-0.707106781187,0.,-0.707106781187));
#171 = DIRECTION('',(0.707106781187,0.,-0.707106781187));
#172 = DEFINITIONAL_REPRESENTATION('',(#173),#177);
#173 = ELLIPSE('',#174,40.446507883871,28.6);
#174 = AXIS2_PLACEMENT_2D('',#175,#176);
#175 = CARTESIAN_POINT('',(-19.09188309203,-31.4));
#176 = DIRECTION('',(-1.,0.));
#177 = ( GEOMETRIC_REPRESENTATION_CONTEXT(2) 
PARAMETRIC_REPRESENTATION_CONTEXT() REPRESENTATION_CONTEXT('2D SPACE',''
  ) );
#178 = ORIENTED_EDGE('',*,*,#179,.F.);
#179 = EDGE_CURVE('',#180,#148,#182,.T.);
#180 = VERTEX_POINT('',#181);
#181 = CARTESIAN_POINT('',(-7.6,-27.57172464681,27.));
#182 = SURFACE_CURVE('',#183,(#188,#195),.PCURVE_S1.);
#183 = CIRCLE('',#184,28.6);
#184 = AXIS2_PLACEMENT_3D('',#185,#186,#187);
#185 = CARTESIAN_POINT('',(0.,0.,27.));
#186 = DIRECTION('',(0.,0.,1.));
#187 = DIRECTION('',(1.,0.,-0.));
#188 = PCURVE('',#33,#189);
#189 = DEFINITIONAL_REPRESENTATION('',(#190),#194);
#190 = LINE('',#191,#192);
#191 = CARTESIAN_POINT('',(0.,28.));
#192 = VECTOR('',#193,1.);
#193 = DIRECTION('',(1.,0.));
#194 = ( GEOMETRIC_REPRESENTATION_CONTEXT(2) 
PARAMETRIC_REPRESENTATION_CONTEXT() REPRESENTATION_CONTEXT('2D SPACE',''
  ) );
#195 = PCURVE('',#196,#201);
#196 = PLANE('',#197);
#197 = AXIS2_PLACEMENT_3D('',#198,#199,#200);
#198 = CARTESIAN_POINT('',(7.6,-31.4,27.));
#199 = DIRECTION('',(0.,-0.,-1.));
#200 = DIRECTION('',(1.,0.,0.));
#201 = DEFINITIONAL_REPRESENTATION('',(#202),#210);
#202 = ( BOUNDED_CURVE() B_SPLINE_CURVE(2,(#203,#204,#205,#206,#207,#208
,#209),.UNSPECIFIED.,.T.,.F.) B_SPLINE_CURVE_WITH_KNOTS((1,2,2,2,2,1),(
    -2.094395102393,0.,2.094395102393,4.188790204786,6.28318530718,
8.377580409573),.UNSPECIFIED.) CURVE() GEOMETRIC_REPRESENTATION_ITEM() 
RATIONAL_B_SPLINE_CURVE((1.,0.5,1.,0.5,1.,0.5,1.)) REPRESENTATION_ITEM(
  '') );
#203 = CARTESIAN_POINT('',(21.,-31.4));
#204 = CARTESIAN_POINT('',(21.,-80.93665309647));
#205 = CARTESIAN_POINT('',(-21.9,-56.16832654823));
#206 = CARTESIAN_POINT('',(-64.8,-31.4));
#207 = CARTESIAN_POINT('',(-21.9,-6.631673451765));
#208 = CARTESIAN_POINT('',(21.,18.13665309647));
#209 = CARTESIAN_POINT('',(21.,-31.4));
#210 = ( GEOMETRIC_REPRESENTATION_CONTEXT(2) 
PARAMETRIC_REPRESENTATION_CONTEXT() REPRESENTATION_CONTEXT('2D SPACE',''
  ) );
#211 = ORIENTED_EDGE('',*,*,#212,.T.);
#212 = EDGE_CURVE('',#180,#213,#215,.T.);
#213 = VERTEX_POINT('',#214);
#214 = CARTESIAN_POINT('',(-13.5,-25.21329014627,21.1));
#215 = SURFACE_CURVE('',#216,(#221,#231),.PCURVE_S1.);
#216 = ELLIPSE('',#217,40.446507883871,28.6);
#217 = AXIS2_PLACEMENT_3D('',#218,#219,#220);
#218 = CARTESIAN_POINT('',(0.,0.,34.6));
#219 = DIRECTION('',(0.707106781187,0.,-0.707106781187));
#220 = DIRECTION('',(0.707106781187,0.,0.707106781187));
#221 = PCURVE('',#33,#222);
#222 = DEFINITIONAL_REPRESENTATION('',(#223),#230);
#223 = B_SPLINE_CURVE_WITH_KNOTS('',5,(#224,#225,#226,#227,#228,#229),
  .UNSPECIFIED.,.F.,.F.,(6,6),(1.818424213287,2.08593708231),
  .PIECEWISE_BEZIER_KNOTS.);
#224 = CARTESIAN_POINT('',(4.464761093893,28.59));
#225 = CARTESIAN_POINT('',(4.411258520088,27.10650193979));
#226 = CARTESIAN_POINT('',(4.357755946284,25.648086644375));
#227 = CARTESIAN_POINT('',(4.304253372479,24.223601829355));
#228 = CARTESIAN_POINT('',(4.250750798674,22.841592861814));
#229 = CARTESIAN_POINT('',(4.197248224869,21.51));
#230 = ( GEOMETRIC_REPRESENTATION_CONTEXT(2) 
PARAMETRIC_REPRESENTATION_CONTEXT() REPRESENTATION_CONTEXT('2D SPACE',''
  ) );
#231 = PCURVE('',#232,#237);
#232 = PLANE('',#233);
#233 = AXIS2_PLACEMENT_3D('',#234,#235,#236);
#234 = CARTESIAN_POINT('',(-7.6,-31.4,27.));
#235 = DIRECTION('',(0.707106781187,-0.,-0.707106781187));
#236 = DIRECTION('',(0.707106781187,-0.,0.707106781187));
#237 = DEFINITIONAL_REPRESENTATION('',(#238),#242);
#238 = ELLIPSE('',#239,40.446507883871,28.6);
#239 = AXIS2_PLACEMENT_2D('',#240,#241);
#240 = CARTESIAN_POINT('',(10.748023074036,-31.4));
#241 = DIRECTION('',(1.,-0.));
#242 = ( GEOMETRIC_REPRESENTATION_CONTEXT(2) 
PARAMETRIC_REPRESENTATION_CONTEXT() REPRESENTATION_CONTEXT('2D SPACE',''
  ) );
#243 = ORIENTED_EDGE('',*,*,#244,.F.);
#244 = EDGE_CURVE('',#22,#213,#245,.T.);
#245 = SURFACE_CURVE('',#246,(#250,#256),.PCURVE_S1.);
#246 = LINE('',#247,#248);
#247 = CARTESIAN_POINT('',(-13.5,-25.21329014627,-1.));
#248 = VECTOR('',#249,1.);
#249 = DIRECTION('',(0.,0.,1.));
#250 = PCURVE('',#33,#251);
#251 = DEFINITIONAL_REPRESENTATION('',(#252),#255);
#252 = B_SPLINE_CURVE_WITH_KNOTS('',1,(#253,#254),.UNSPECIFIED.,.F.,.F.,
  (2,2),(5.38,23.62),.PIECEWISE_BEZIER_KNOTS.);
#253 = CARTESIAN_POINT('',(4.220799241169,5.38));
#254 = CARTESIAN_POINT('',(4.220799241169,23.62));
#255 = ( GEOMETRIC_REPRESENTATION_CONTEXT(2) 
PARAMETRIC_REPRESENTATION_CONTEXT() REPRESENTATION_CONTEXT('2D SPACE',''
  ) );
#256 = PCURVE('',#257,#262);
#257 = PLANE('',#258);
#258 = AXIS2_PLACEMENT_3D('',#259,#260,#261);
#259 = CARTESIAN_POINT('',(-13.5,-31.4,21.1));
#260 = DIRECTION('',(1.,-0.,-0.));
#261 = DIRECTION('',(-0.,0.,1.));
#262 = DEFINITIONAL_REPRESENTATION('',(#263),#266);
#263 = B_SPLINE_CURVE_WITH_KNOTS('',1,(#264,#265),.UNSPECIFIED.,.F.,.F.,
  (2,2),(5.38,23.62),.PIECEWISE_BEZIER_KNOTS.);
#264 = CARTESIAN_POINT('',(-16.72,-6.18670985373));
#265 = CARTESIAN_POINT('',(1.52,-6.18670985373));
#266 = ( GEOMETRIC_REPRESENTATION_CONTEXT(2) 
PARAMETRIC_REPRESENTATION_CONTEXT() REPRESENTATION_CONTEXT('2D SPACE',''
  ) );
#267 = ADVANCED_FACE('',(#268),#48,.F.);
#268 = FACE_BOUND('',#269,.T.);
#269 = EDGE_LOOP('',(#270,#271,#294,#326));
#270 = ORIENTED_EDGE('',*,*,#21,.F.);
#271 = ORIENTED_EDGE('',*,*,#272,.T.);
#272 = EDGE_CURVE('',#22,#273,#275,.T.);
#273 = VERTEX_POINT('',#274);
#274 = CARTESIAN_POINT('',(-13.5,-23.38268590218,5.9));
#275 = SURFACE_CURVE('',#276,(#280,#287),.PCURVE_S1.);
#276 = LINE('',#277,#278);
#277 = CARTESIAN_POINT('',(-13.5,-31.4,5.9));
#278 = VECTOR('',#279,1.);
#279 = DIRECTION('',(-0.,1.,-0.));
#280 = PCURVE('',#48,#281);
#281 = DEFINITIONAL_REPRESENTATION('',(#282),#286);
#282 = LINE('',#283,#284);
#283 = CARTESIAN_POINT('',(-0.,-0.));
#284 = VECTOR('',#285,1.);
#285 = DIRECTION('',(-0.,-1.));
#286 = ( GEOMETRIC_REPRESENTATION_CONTEXT(2) 
PARAMETRIC_REPRESENTATION_CONTEXT() REPRESENTATION_CONTEXT('2D SPACE',''
  ) );
#287 = PCURVE('',#257,#288);
#288 = DEFINITIONAL_REPRESENTATION('',(#289),#293);
#289 = LINE('',#290,#291);
#290 = CARTESIAN_POINT('',(-15.2,0.));
#291 = VECTOR('',#292,1.);
#292 = DIRECTION('',(-0.,-1.));
#293 = ( GEOMETRIC_REPRESENTATION_CONTEXT(2) 
PARAMETRIC_REPRESENTATION_CONTEXT() REPRESENTATION_CONTEXT('2D SPACE',''
  ) );
#294 = ORIENTED_EDGE('',*,*,#295,.T.);
#295 = EDGE_CURVE('',#273,#296,#298,.T.);
#296 = VERTEX_POINT('',#297);
#297 = CARTESIAN_POINT('',(-7.6,-25.90829982843,0.));
#298 = SURFACE_CURVE('',#299,(#304,#311),.PCURVE_S1.);
#299 = ELLIPSE('',#300,38.183766184074,27.);
#300 = AXIS2_PLACEMENT_3D('',#301,#302,#303);
#301 = CARTESIAN_POINT('',(0.,0.,-7.6));
#302 = DIRECTION('',(0.707106781187,0.,0.707106781187));
#303 = DIRECTION('',(-0.707106781187,0.,0.707106781187));
#304 = PCURVE('',#48,#305);
#305 = DEFINITIONAL_REPRESENTATION('',(#306),#310);
#306 = ELLIPSE('',#307,38.183766184074,27.);
#307 = AXIS2_PLACEMENT_2D('',#308,#309);
#308 = CARTESIAN_POINT('',(-19.09188309203,-31.4));
#309 = DIRECTION('',(1.,-0.));
#310 = ( GEOMETRIC_REPRESENTATION_CONTEXT(2) 
PARAMETRIC_REPRESENTATION_CONTEXT() REPRESENTATION_CONTEXT('2D SPACE',''
  ) );
#311 = PCURVE('',#312,#317);
#312 = CYLINDRICAL_SURFACE('',#313,27.);
#313 = AXIS2_PLACEMENT_3D('',#314,#315,#316);
#314 = CARTESIAN_POINT('',(0.,0.,-2.));
#315 = DIRECTION('',(0.,0.,1.));
#316 = DIRECTION('',(1.,0.,-0.));
#317 = DEFINITIONAL_REPRESENTATION('',(#318),#325);
#318 = B_SPLINE_CURVE_WITH_KNOTS('',5,(#319,#320,#321,#322,#323,#324),
  .UNSPECIFIED.,.F.,.F.,(6,6),(1.021775919059,1.308157665675),
  .PIECEWISE_BEZIER_KNOTS.);
#319 = CARTESIAN_POINT('',(4.163368572649,8.49));
#320 = CARTESIAN_POINT('',(4.220644921972,7.170812519979));
#321 = CARTESIAN_POINT('',(4.277921271295,5.793846006603));
#322 = CARTESIAN_POINT('',(4.335197620618,4.368115263931));
#323 = CARTESIAN_POINT('',(4.392473969942,2.903430587987));
#324 = CARTESIAN_POINT('',(4.449750319265,1.41));
#325 = ( GEOMETRIC_REPRESENTATION_CONTEXT(2) 
PARAMETRIC_REPRESENTATION_CONTEXT() REPRESENTATION_CONTEXT('2D SPACE',''
  ) );
#326 = ORIENTED_EDGE('',*,*,#327,.F.);
#327 = EDGE_CURVE('',#24,#296,#328,.T.);
#328 = SURFACE_CURVE('',#329,(#333,#340),.PCURVE_S1.);
#329 = LINE('',#330,#331);
#330 = CARTESIAN_POINT('',(-7.6,-31.4,0.));
#331 = VECTOR('',#332,1.);
#332 = DIRECTION('',(-0.,1.,-0.));
#333 = PCURVE('',#48,#334);
#334 = DEFINITIONAL_REPRESENTATION('',(#335),#339);
#335 = LINE('',#336,#337);
#336 = CARTESIAN_POINT('',(-8.343860018001,0.));
#337 = VECTOR('',#338,1.);
#338 = DIRECTION('',(-0.,-1.));
#339 = ( GEOMETRIC_REPRESENTATION_CONTEXT(2) 
PARAMETRIC_REPRESENTATION_CONTEXT() REPRESENTATION_CONTEXT('2D SPACE',''
  ) );
#340 = PCURVE('',#77,#341);
#341 = DEFINITIONAL_REPRESENTATION('',(#342),#346);
#342 = LINE('',#343,#344);
#343 = CARTESIAN_POINT('',(-0.,-0.));
#344 = VECTOR('',#345,1.);
#345 = DIRECTION('',(-0.,-1.));
#346 = ( GEOMETRIC_REPRESENTATION_CONTEXT(2) 
PARAMETRIC_REPRESENTATION_CONTEXT() REPRESENTATION_CONTEXT('2D SPACE',''
  ) );
#347 = ADVANCED_FACE('',(#348),#257,.F.);
#348 = FACE_BOUND('',#349,.T.);
#349 = EDGE_LOOP('',(#350,#351,#374,#393));
#350 = ORIENTED_EDGE('',*,*,#244,.T.);
#351 = ORIENTED_EDGE('',*,*,#352,.T.);
#352 = EDGE_CURVE('',#213,#353,#355,.T.);
#353 = VERTEX_POINT('',#354);
#354 = CARTESIAN_POINT('',(-13.5,-23.38268590218,21.1));
#355 = SURFACE_CURVE('',#356,(#360,#367),.PCURVE_S1.);
#356 = LINE('',#357,#358);
#357 = CARTESIAN_POINT('',(-13.5,-31.4,21.1));
#358 = VECTOR('',#359,1.);
#359 = DIRECTION('',(-0.,1.,-0.));
#360 = PCURVE('',#257,#361);
#361 = DEFINITIONAL_REPRESENTATION('',(#362),#366);
#362 = LINE('',#363,#364);
#363 = CARTESIAN_POINT('',(-0.,-0.));
#364 = VECTOR('',#365,1.);
#365 = DIRECTION('',(-0.,-1.));
#366 = ( GEOMETRIC_REPRESENTATION_CONTEXT(2) 
PARAMETRIC_REPRESENTATION_CONTEXT() REPRESENTATION_CONTEXT('2D SPACE',''
  ) );
#367 = PCURVE('',#232,#368);
#368 = DEFINITIONAL_REPRESENTATION('',(#369),#373);
#369 = LINE('',#370,#371);
#370 = CARTESIAN_POINT('',(-8.343860018001,0.));
#371 = VECTOR('',#372,1.);
#372 = DIRECTION('',(-0.,-1.));
#373 = ( GEOMETRIC_REPRESENTATION_CONTEXT(2) 
PARAMETRIC_REPRESENTATION_CONTEXT() REPRESENTATION_CONTEXT('2D SPACE',''
  ) );
#374 = ORIENTED_EDGE('',*,*,#375,.F.);
#375 = EDGE_CURVE('',#273,#353,#376,.T.);
#376 = SURFACE_CURVE('',#377,(#381,#387),.PCURVE_S1.);
#377 = LINE('',#378,#379);
#378 = CARTESIAN_POINT('',(-13.5,-23.38268590218,-2.));
#379 = VECTOR('',#380,1.);
#380 = DIRECTION('',(0.,0.,1.));
#381 = PCURVE('',#257,#382);
#382 = DEFINITIONAL_REPRESENTATION('',(#383),#386);
#383 = B_SPLINE_CURVE_WITH_KNOTS('',1,(#384,#385),.UNSPECIFIED.,.F.,.F.,
  (2,2),(6.38,24.62),.PIECEWISE_BEZIER_KNOTS.);
#384 = CARTESIAN_POINT('',(-16.72,-8.01731409782));
#385 = CARTESIAN_POINT('',(1.52,-8.01731409782));
#386 = ( GEOMETRIC_REPRESENTATION_CONTEXT(2) 
PARAMETRIC_REPRESENTATION_CONTEXT() REPRESENTATION_CONTEXT('2D SPACE',''
  ) );
#387 = PCURVE('',#312,#388);
#388 = DEFINITIONAL_REPRESENTATION('',(#389),#392);
#389 = B_SPLINE_CURVE_WITH_KNOTS('',1,(#390,#391),.UNSPECIFIED.,.F.,.F.,
  (2,2),(6.38,24.62),.PIECEWISE_BEZIER_KNOTS.);
#390 = CARTESIAN_POINT('',(4.188790204786,6.38));
#391 = CARTESIAN_POINT('',(4.188790204786,24.62));
#392 = ( GEOMETRIC_REPRESENTATION_CONTEXT(2) 
PARAMETRIC_REPRESENTATION_CONTEXT() REPRESENTATION_CONTEXT('2D SPACE',''
  ) );
#393 = ORIENTED_EDGE('',*,*,#272,.F.);
#394 = ADVANCED_FACE('',(#395),#232,.F.);
#395 = FACE_BOUND('',#396,.T.);
#396 = EDGE_LOOP('',(#397,#398,#421,#446));
#397 = ORIENTED_EDGE('',*,*,#212,.F.);
#398 = ORIENTED_EDGE('',*,*,#399,.T.);
#399 = EDGE_CURVE('',#180,#400,#402,.T.);
#400 = VERTEX_POINT('',#401);
#401 = CARTESIAN_POINT('',(-7.6,-25.90829982843,27.));
#402 = SURFACE_CURVE('',#403,(#407,#414),.PCURVE_S1.);
#403 = LINE('',#404,#405);
#404 = CARTESIAN_POINT('',(-7.6,-31.4,27.));
#405 = VECTOR('',#406,1.);
#406 = DIRECTION('',(-0.,1.,-0.));
#407 = PCURVE('',#232,#408);
#408 = DEFINITIONAL_REPRESENTATION('',(#409),#413);
#409 = LINE('',#410,#411);
#410 = CARTESIAN_POINT('',(-0.,-0.));
#411 = VECTOR('',#412,1.);
#412 = DIRECTION('',(-0.,-1.));
#413 = ( GEOMETRIC_REPRESENTATION_CONTEXT(2) 
PARAMETRIC_REPRESENTATION_CONTEXT() REPRESENTATION_CONTEXT('2D SPACE',''
  ) );
#414 = PCURVE('',#196,#415);
#415 = DEFINITIONAL_REPRESENTATION('',(#416),#420);
#416 = LINE('',#417,#418);
#417 = CARTESIAN_POINT('',(-15.2,0.));
#418 = VECTOR('',#419,1.);
#419 = DIRECTION('',(-0.,-1.));
#420 = ( GEOMETRIC_REPRESENTATION_CONTEXT(2) 
PARAMETRIC_REPRESENTATION_CONTEXT() REPRESENTATION_CONTEXT('2D SPACE',''
  ) );
#421 = ORIENTED_EDGE('',*,*,#422,.T.);
#422 = EDGE_CURVE('',#400,#353,#423,.T.);
#423 = SURFACE_CURVE('',#424,(#429,#436),.PCURVE_S1.);
#424 = ELLIPSE('',#425,38.183766184074,27.);
#425 = AXIS2_PLACEMENT_3D('',#426,#427,#428);
#426 = CARTESIAN_POINT('',(0.,0.,34.6));
#427 = DIRECTION('',(0.707106781187,0.,-0.707106781187));
#428 = DIRECTION('',(0.707106781187,0.,0.707106781187));
#429 = PCURVE('',#232,#430);
#430 = DEFINITIONAL_REPRESENTATION('',(#431),#435);
#431 = ELLIPSE('',#432,38.183766184074,27.);
#432 = AXIS2_PLACEMENT_2D('',#433,#434);
#433 = CARTESIAN_POINT('',(10.748023074036,-31.4));
#434 = DIRECTION('',(1.,-0.));
#435 = ( GEOMETRIC_REPRESENTATION_CONTEXT(2) 
PARAMETRIC_REPRESENTATION_CONTEXT() REPRESENTATION_CONTEXT('2D SPACE',''
  ) );
#436 = PCURVE('',#312,#437);
#437 = DEFINITIONAL_REPRESENTATION('',(#438),#445);
#438 = B_SPLINE_CURVE_WITH_KNOTS('',5,(#439,#440,#441,#442,#443,#444),
  .UNSPECIFIED.,.F.,.F.,(6,6),(1.833434987915,2.119816734531),
  .PIECEWISE_BEZIER_KNOTS.);
#439 = CARTESIAN_POINT('',(4.449750319265,29.59));
#440 = CARTESIAN_POINT('',(4.392473969942,28.096569412013));
#441 = CARTESIAN_POINT('',(4.335197620618,26.631884736069));
#442 = CARTESIAN_POINT('',(4.277921271295,25.206153993398));
#443 = CARTESIAN_POINT('',(4.220644921972,23.829187480021));
#444 = CARTESIAN_POINT('',(4.163368572649,22.51));
#445 = ( GEOMETRIC_REPRESENTATION_CONTEXT(2) 
PARAMETRIC_REPRESENTATION_CONTEXT() REPRESENTATION_CONTEXT('2D SPACE',''
  ) );
#446 = ORIENTED_EDGE('',*,*,#352,.F.);
#447 = ADVANCED_FACE('',(#448),#196,.F.);
#448 = FACE_BOUND('',#449,.T.);
#449 = EDGE_LOOP('',(#450,#451,#474,#500));
#450 = ORIENTED_EDGE('',*,*,#179,.T.);
#451 = ORIENTED_EDGE('',*,*,#452,.T.);
#452 = EDGE_CURVE('',#148,#453,#455,.T.);
#453 = VERTEX_POINT('',#454);
#454 = CARTESIAN_POINT('',(7.6,-25.90829982843,27.));
#455 = SURFACE_CURVE('',#456,(#460,#467),.PCURVE_S1.);
#456 = LINE('',#457,#458);
#457 = CARTESIAN_POINT('',(7.6,-31.4,27.));
#458 = VECTOR('',#459,1.);
#459 = DIRECTION('',(-0.,1.,-0.));
#460 = PCURVE('',#196,#461);
#461 = DEFINITIONAL_REPRESENTATION('',(#462),#466);
#462 = LINE('',#463,#464);
#463 = CARTESIAN_POINT('',(-0.,-0.));
#464 = VECTOR('',#465,1.);
#465 = DIRECTION('',(-0.,-1.));
#466 = ( GEOMETRIC_REPRESENTATION_CONTEXT(2) 
PARAMETRIC_REPRESENTATION_CONTEXT() REPRESENTATION_CONTEXT('2D SPACE',''
  ) );
#467 = PCURVE('',#167,#468);
#468 = DEFINITIONAL_REPRESENTATION('',(#469),#473);
#469 = LINE('',#470,#471);
#470 = CARTESIAN_POINT('',(-8.343860018001,0.));
#471 = VECTOR('',#472,1.);
#472 = DIRECTION('',(-0.,-1.));
#473 = ( GEOMETRIC_REPRESENTATION_CONTEXT(2) 
PARAMETRIC_REPRESENTATION_CONTEXT() REPRESENTATION_CONTEXT('2D SPACE',''
  ) );
#474 = ORIENTED_EDGE('',*,*,#475,.F.);
#475 = EDGE_CURVE('',#400,#453,#476,.T.);
#476 = SURFACE_CURVE('',#477,(#482,#493),.PCURVE_S1.);
#477 = CIRCLE('',#478,27.);
#478 = AXIS2_PLACEMENT_3D('',#479,#480,#481);
#479 = CARTESIAN_POINT('',(0.,0.,27.));
#480 = DIRECTION('',(0.,0.,1.));
#481 = DIRECTION('',(1.,0.,-0.));
#482 = PCURVE('',#196,#483);
#483 = DEFINITIONAL_REPRESENTATION('',(#484),#492);
#484 = ( BOUNDED_CURVE() B_SPLINE_CURVE(2,(#485,#486,#487,#488,#489,#490
,#491),.UNSPECIFIED.,.T.,.F.) B_SPLINE_CURVE_WITH_KNOTS((1,2,2,2,2,1),(
    -2.094395102393,0.,2.094395102393,4.188790204786,6.28318530718,
8.377580409573),.UNSPECIFIED.) CURVE() GEOMETRIC_REPRESENTATION_ITEM() 
RATIONAL_B_SPLINE_CURVE((1.,0.5,1.,0.5,1.,0.5,1.)) REPRESENTATION_ITEM(
  '') );
#485 = CARTESIAN_POINT('',(19.4,-31.4));
#486 = CARTESIAN_POINT('',(19.4,-78.16537180436));
#487 = CARTESIAN_POINT('',(-21.1,-54.78268590218));
#488 = CARTESIAN_POINT('',(-61.6,-31.4));
#489 = CARTESIAN_POINT('',(-21.1,-8.01731409782));
#490 = CARTESIAN_POINT('',(19.4,15.36537180436));
#491 = CARTESIAN_POINT('',(19.4,-31.4));
#492 = ( GEOMETRIC_REPRESENTATION_CONTEXT(2) 
PARAMETRIC_REPRESENTATION_CONTEXT() REPRESENTATION_CONTEXT('2D SPACE',''
  ) );
#493 = PCURVE('',#312,#494);
#494 = DEFINITIONAL_REPRESENTATION('',(#495),#499);
#495 = LINE('',#496,#497);
#496 = CARTESIAN_POINT('',(0.,29.));
#497 = VECTOR('',#498,1.);
#498 = DIRECTION('',(1.,0.));
#499 = ( GEOMETRIC_REPRESENTATION_CONTEXT(2) 
PARAMETRIC_REPRESENTATION_CONTEXT() REPRESENTATION_CONTEXT('2D SPACE',''
  ) );
#500 = ORIENTED_EDGE('',*,*,#399,.F.);
#501 = ADVANCED_FACE('',(#502),#167,.F.);
#502 = FACE_BOUND('',#503,.T.);
#503 = EDGE_LOOP('',(#504,#505,#528,#553));
#504 = ORIENTED_EDGE('',*,*,#147,.F.);
#505 = ORIENTED_EDGE('',*,*,#506,.T.);
#506 = EDGE_CURVE('',#122,#507,#509,.T.);
#507 = VERTEX_POINT('',#508);
#508 = CARTESIAN_POINT('',(13.5,-23.38268590218,21.1));
#509 = SURFACE_CURVE('',#510,(#514,#521),.PCURVE_S1.);
#510 = LINE('',#511,#512);
#511 = CARTESIAN_POINT('',(13.5,-31.4,21.1));
#512 = VECTOR('',#513,1.);
#513 = DIRECTION('',(-0.,1.,-0.));
#514 = PCURVE('',#167,#515);
#515 = DEFINITIONAL_REPRESENTATION('',(#516),#520);
#516 = LINE('',#517,#518);
#517 = CARTESIAN_POINT('',(-0.,0.));
#518 = VECTOR('',#519,1.);
#519 = DIRECTION('',(-0.,-1.));
#520 = ( GEOMETRIC_REPRESENTATION_CONTEXT(2) 
PARAMETRIC_REPRESENTATION_CONTEXT() REPRESENTATION_CONTEXT('2D SPACE',''
  ) );
#521 = PCURVE('',#136,#522);
#522 = DEFINITIONAL_REPRESENTATION('',(#523),#527);
#523 = LINE('',#524,#525);
#524 = CARTESIAN_POINT('',(-15.2,-0.));
#525 = VECTOR('',#526,1.);
#526 = DIRECTION('',(-0.,-1.));
#527 = ( GEOMETRIC_REPRESENTATION_CONTEXT(2) 
PARAMETRIC_REPRESENTATION_CONTEXT() REPRESENTATION_CONTEXT('2D SPACE',''
  ) );
#528 = ORIENTED_EDGE('',*,*,#529,.T.);
#529 = EDGE_CURVE('',#507,#453,#530,.T.);
#530 = SURFACE_CURVE('',#531,(#536,#543),.PCURVE_S1.);
#531 = ELLIPSE('',#532,38.183766184074,27.);
#532 = AXIS2_PLACEMENT_3D('',#533,#534,#535);
#533 = CARTESIAN_POINT('',(0.,0.,34.6));
#534 = DIRECTION('',(-0.707106781187,0.,-0.707106781187));
#535 = DIRECTION('',(-0.707106781187,0.,0.707106781187));
#536 = PCURVE('',#167,#537);
#537 = DEFINITIONAL_REPRESENTATION('',(#538),#542);
#538 = ELLIPSE('',#539,38.183766184074,27.);
#539 = AXIS2_PLACEMENT_2D('',#540,#541);
#540 = CARTESIAN_POINT('',(-19.09188309203,-31.4));
#541 = DIRECTION('',(-1.,0.));
#542 = ( GEOMETRIC_REPRESENTATION_CONTEXT(2) 
PARAMETRIC_REPRESENTATION_CONTEXT() REPRESENTATION_CONTEXT('2D SPACE',''
  ) );
#543 = PCURVE('',#312,#544);
#544 = DEFINITIONAL_REPRESENTATION('',(#545),#552);
#545 = B_SPLINE_CURVE_WITH_KNOTS('',5,(#546,#547,#548,#549,#550,#551),
  .UNSPECIFIED.,.F.,.F.,(6,6),(4.163368572649,4.449750319265),
  .PIECEWISE_BEZIER_KNOTS.);
#546 = CARTESIAN_POINT('',(5.261409388121,22.51));
#547 = CARTESIAN_POINT('',(5.204133038797,23.829187480021));
#548 = CARTESIAN_POINT('',(5.146856689474,25.206153993397));
#549 = CARTESIAN_POINT('',(5.089580340151,26.631884736069));
#550 = CARTESIAN_POINT('',(5.032303990828,28.096569412013));
#551 = CARTESIAN_POINT('',(4.975027641504,29.59));
#552 = ( GEOMETRIC_REPRESENTATION_CONTEXT(2) 
PARAMETRIC_REPRESENTATION_CONTEXT() REPRESENTATION_CONTEXT('2D SPACE',''
  ) );
#553 = ORIENTED_EDGE('',*,*,#452,.F.);
#554 = ADVANCED_FACE('',(#555),#136,.F.);
#555 = FACE_BOUND('',#556,.T.);
#556 = EDGE_LOOP('',(#557,#558,#581,#600));
#557 = ORIENTED_EDGE('',*,*,#121,.F.);
#558 = ORIENTED_EDGE('',*,*,#559,.T.);
#559 = EDGE_CURVE('',#90,#560,#562,.T.);
#560 = VERTEX_POINT('',#561);
#561 = CARTESIAN_POINT('',(13.5,-23.38268590218,5.9));
#562 = SURFACE_CURVE('',#563,(#567,#574),.PCURVE_S1.);
#563 = LINE('',#564,#565);
#564 = CARTESIAN_POINT('',(13.5,-31.4,5.9));
#565 = VECTOR('',#566,1.);
#566 = DIRECTION('',(-0.,1.,-0.));
#567 = PCURVE('',#136,#568);
#568 = DEFINITIONAL_REPRESENTATION('',(#569),#573);
#569 = LINE('',#570,#571);
#570 = CARTESIAN_POINT('',(-0.,-0.));
#571 = VECTOR('',#572,1.);
#572 = DIRECTION('',(-0.,-1.));
#573 = ( GEOMETRIC_REPRESENTATION_CONTEXT(2) 
PARAMETRIC_REPRESENTATION_CONTEXT() REPRESENTATION_CONTEXT('2D SPACE',''
  ) );
#574 = PCURVE('',#109,#575);
#575 = DEFINITIONAL_REPRESENTATION('',(#576),#580);
#576 = LINE('',#577,#578);
#577 = CARTESIAN_POINT('',(-8.343860018001,-0.));
#578 = VECTOR('',#579,1.);
#579 = DIRECTION('',(-0.,-1.));
#580 = ( GEOMETRIC_REPRESENTATION_CONTEXT(2) 
PARAMETRIC_REPRESENTATION_CONTEXT() REPRESENTATION_CONTEXT('2D SPACE',''
  ) );
#581 = ORIENTED_EDGE('',*,*,#582,.T.);
#582 = EDGE_CURVE('',#560,#507,#583,.T.);
#583 = SURFACE_CURVE('',#584,(#588,#594),.PCURVE_S1.);
#584 = LINE('',#585,#586);
#585 = CARTESIAN_POINT('',(13.5,-23.38268590218,-2.));
#586 = VECTOR('',#587,1.);
#587 = DIRECTION('',(0.,0.,1.));
#588 = PCURVE('',#136,#589);
#589 = DEFINITIONAL_REPRESENTATION('',(#590),#593);
#590 = B_SPLINE_CURVE_WITH_KNOTS('',1,(#591,#592),.UNSPECIFIED.,.F.,.F.,
  (2,2),(6.38,24.62),.PIECEWISE_BEZIER_KNOTS.);
#591 = CARTESIAN_POINT('',(1.52,-8.01731409782));
#592 = CARTESIAN_POINT('',(-16.72,-8.01731409782));
#593 = ( GEOMETRIC_REPRESENTATION_CONTEXT(2) 
PARAMETRIC_REPRESENTATION_CONTEXT() REPRESENTATION_CONTEXT('2D SPACE',''
  ) );
#594 = PCURVE('',#312,#595);
#595 = DEFINITIONAL_REPRESENTATION('',(#596),#599);
#596 = B_SPLINE_CURVE_WITH_KNOTS('',1,(#597,#598),.UNSPECIFIED.,.F.,.F.,
  (2,2),(6.38,24.62),.PIECEWISE_BEZIER_KNOTS.);
#597 = CARTESIAN_POINT('',(5.235987755983,6.38));
#598 = CARTESIAN_POINT('',(5.235987755983,24.62));
#599 = ( GEOMETRIC_REPRESENTATION_CONTEXT(2) 
PARAMETRIC_REPRESENTATION_CONTEXT() REPRESENTATION_CONTEXT('2D SPACE',''
  ) );
#600 = ORIENTED_EDGE('',*,*,#506,.F.);
#601 = ADVANCED_FACE('',(#602),#109,.F.);
#602 = FACE_BOUND('',#603,.T.);
#603 = EDGE_LOOP('',(#604,#605,#628,#653));
#604 = ORIENTED_EDGE('',*,*,#89,.F.);
#605 = ORIENTED_EDGE('',*,*,#606,.T.);
#606 = EDGE_CURVE('',#61,#607,#609,.T.);
#607 = VERTEX_POINT('',#608);
#608 = CARTESIAN_POINT('',(7.6,-25.90829982843,0.));
#609 = SURFACE_CURVE('',#610,(#614,#621),.PCURVE_S1.);
#610 = LINE('',#611,#612);
#611 = CARTESIAN_POINT('',(7.6,-31.4,0.));
#612 = VECTOR('',#613,1.);
#613 = DIRECTION('',(-0.,1.,-0.));
#614 = PCURVE('',#109,#615);
#615 = DEFINITIONAL_REPRESENTATION('',(#616),#620);
#616 = LINE('',#617,#618);
#617 = CARTESIAN_POINT('',(-0.,-0.));
#618 = VECTOR('',#619,1.);
#619 = DIRECTION('',(-0.,-1.));
#620 = ( GEOMETRIC_REPRESENTATION_CONTEXT(2) 
PARAMETRIC_REPRESENTATION_CONTEXT() REPRESENTATION_CONTEXT('2D SPACE',''
  ) );
#621 = PCURVE('',#77,#622);
#622 = DEFINITIONAL_REPRESENTATION('',(#623),#627);
#623 = LINE('',#624,#625);
#624 = CARTESIAN_POINT('',(-15.2,-0.));
#625 = VECTOR('',#626,1.);
#626 = DIRECTION('',(-0.,-1.));
#627 = ( GEOMETRIC_REPRESENTATION_CONTEXT(2) 
PARAMETRIC_REPRESENTATION_CONTEXT() REPRESENTATION_CONTEXT('2D SPACE',''
  ) );
#628 = ORIENTED_EDGE('',*,*,#629,.T.);
#629 = EDGE_CURVE('',#607,#560,#630,.T.);
#630 = SURFACE_CURVE('',#631,(#636,#643),.PCURVE_S1.);
#631 = ELLIPSE('',#632,38.183766184074,27.);
#632 = AXIS2_PLACEMENT_3D('',#633,#634,#635);
#633 = CARTESIAN_POINT('',(0.,0.,-7.6));
#634 = DIRECTION('',(-0.707106781187,-0.,0.707106781187));
#635 = DIRECTION('',(0.707106781187,0.,0.707106781187));
#636 = PCURVE('',#109,#637);
#637 = DEFINITIONAL_REPRESENTATION('',(#638),#642);
#638 = ELLIPSE('',#639,38.183766184074,27.);
#639 = AXIS2_PLACEMENT_2D('',#640,#641);
#640 = CARTESIAN_POINT('',(10.748023074036,-31.4));
#641 = DIRECTION('',(-1.,-0.));
#642 = ( GEOMETRIC_REPRESENTATION_CONTEXT(2) 
PARAMETRIC_REPRESENTATION_CONTEXT() REPRESENTATION_CONTEXT('2D SPACE',''
  ) );
#643 = PCURVE('',#312,#644);
#644 = DEFINITIONAL_REPRESENTATION('',(#645),#652);
#645 = B_SPLINE_CURVE_WITH_KNOTS('',5,(#646,#647,#648,#649,#650,#651),
  .UNSPECIFIED.,.F.,.F.,(6,6),(4.975027641504,5.261409388121),
  .PIECEWISE_BEZIER_KNOTS.);
#646 = CARTESIAN_POINT('',(4.975027641504,1.41));
#647 = CARTESIAN_POINT('',(5.032303990828,2.903430587987));
#648 = CARTESIAN_POINT('',(5.089580340151,4.368115263931));
#649 = CARTESIAN_POINT('',(5.146856689474,5.793846006603));
#650 = CARTESIAN_POINT('',(5.204133038797,7.170812519979));
#651 = CARTESIAN_POINT('',(5.261409388121,8.49));
#652 = ( GEOMETRIC_REPRESENTATION_CONTEXT(2) 
PARAMETRIC_REPRESENTATION_CONTEXT() REPRESENTATION_CONTEXT('2D SPACE',''
  ) );
#653 = ORIENTED_EDGE('',*,*,#559,.F.);
#654 = ADVANCED_FACE('',(#655),#77,.F.);
#655 = FACE_BOUND('',#656,.T.);
#656 = EDGE_LOOP('',(#657,#658,#659,#681));
#657 = ORIENTED_EDGE('',*,*,#60,.F.);
#658 = ORIENTED_EDGE('',*,*,#327,.T.);
#659 = ORIENTED_EDGE('',*,*,#660,.T.);
#660 = EDGE_CURVE('',#296,#607,#661,.T.);
#661 = SURFACE_CURVE('',#662,(#667,#674),.PCURVE_S1.);
#662 = CIRCLE('',#663,27.);
#663 = AXIS2_PLACEMENT_3D('',#664,#665,#666);
#664 = CARTESIAN_POINT('',(0.,0.,0.));
#665 = DIRECTION('',(0.,0.,1.));
#666 = DIRECTION('',(1.,0.,-0.));
#667 = PCURVE('',#77,#668);
#668 = DEFINITIONAL_REPRESENTATION('',(#669),#673);
#669 = CIRCLE('',#670,27.);
#670 = AXIS2_PLACEMENT_2D('',#671,#672);
#671 = CARTESIAN_POINT('',(-7.6,-31.4));
#672 = DIRECTION('',(-1.,0.));
#673 = ( GEOMETRIC_REPRESENTATION_CONTEXT(2) 
PARAMETRIC_REPRESENTATION_CONTEXT() REPRESENTATION_CONTEXT('2D SPACE',''
  ) );
#674 = PCURVE('',#312,#675);
#675 = DEFINITIONAL_REPRESENTATION('',(#676),#680);
#676 = LINE('',#677,#678);
#677 = CARTESIAN_POINT('',(0.,2.));
#678 = VECTOR('',#679,1.);
#679 = DIRECTION('',(1.,0.));
#680 = ( GEOMETRIC_REPRESENTATION_CONTEXT(2) 
PARAMETRIC_REPRESENTATION_CONTEXT() REPRESENTATION_CONTEXT('2D SPACE',''
  ) );
#681 = ORIENTED_EDGE('',*,*,#606,.F.);
#682 = ADVANCED_FACE('',(#683),#312,.F.);
#683 = FACE_BOUND('',#684,.F.);
#684 = EDGE_LOOP('',(#685,#686,#687,#688,#689,#690,#691,#692));
#685 = ORIENTED_EDGE('',*,*,#295,.T.);
#686 = ORIENTED_EDGE('',*,*,#660,.T.);
#687 = ORIENTED_EDGE('',*,*,#629,.T.);
#688 = ORIENTED_EDGE('',*,*,#582,.T.);
#689 = ORIENTED_EDGE('',*,*,#529,.T.);
#690 = ORIENTED_EDGE('',*,*,#475,.F.);
#691 = ORIENTED_EDGE('',*,*,#422,.T.);
#692 = ORIENTED_EDGE('',*,*,#375,.F.);
#693 = ( GEOMETRIC_REPRESENTATION_CONTEXT(3) 
GLOBAL_UNCERTAINTY_ASSIGNED_CONTEXT((#697)) GLOBAL_UNIT_ASSIGNED_CONTEXT
((#694,#695,#696)) REPRESENTATION_CONTEXT('Context #1',
  '3D Context with UNIT and UNCERTAINTY') );
#694 = ( LENGTH_UNIT() NAMED_UNIT(*) SI_UNIT(.MILLI.,.METRE.) );
#695 = ( NAMED_UNIT(*) PLANE_ANGLE_UNIT() SI_UNIT($,.RADIAN.) );
#696 = ( NAMED_UNIT(*) SI_UNIT($,.STERADIAN.) SOLID_ANGLE_UNIT() );
#697 = UNCERTAINTY_MEASURE_WITH_UNIT(LENGTH_MEASURE(1.E-07),#694,
  'distance_accuracy_value','confusion accuracy');
#698 = PRODUCT_RELATED_PRODUCT_CATEGORY('part',$,(#7));
#699 = SHAPE_DEFINITION_REPRESENTATION(#700,#706);
#700 = PRODUCT_DEFINITION_SHAPE('','',#701);
#701 = PRODUCT_DEFINITION('design','',#702,#705);
#702 = PRODUCT_DEFINITION_FORMATION('','',#703);
#703 = PRODUCT('cones, M orange','cones, M orange','',(#704));
#704 = PRODUCT_CONTEXT('',#2,'mechanical');
#705 = PRODUCT_DEFINITION_CONTEXT('part definition',#2,'design');
#706 = SHAPE_REPRESENTATION('',(#11,#707,#1353),#1847);
#707 = MANIFOLD_SOLID_BREP('',#708);
#708 = CLOSED_SHELL('',(#709,#976,#1056,#1162,#1215,#1291,#1345));
#709 = ADVANCED_FACE('',(#710),#725,.T.);
#710 = FACE_BOUND('',#711,.T.);
#711 = EDGE_LOOP('',(#712,#751,#806,#861,#893));
#712 = ORIENTED_EDGE('',*,*,#713,.F.);
#713 = EDGE_CURVE('',#714,#716,#718,.T.);
#714 = VERTEX_POINT('',#715);
#715 = CARTESIAN_POINT('',(-5.389066286934,-28.90186783851,
    4.374957180353));
#716 = VERTEX_POINT('',#717);
#717 = CARTESIAN_POINT('',(-5.813330355646,-28.81952793118,
    4.799221249065));
#718 = SURFACE_CURVE('',#719,(#724,#739),.PCURVE_S1.);
#719 = ELLIPSE('',#720,41.577878733769,29.4);
#720 = AXIS2_PLACEMENT_3D('',#721,#722,#723);
#721 = CARTESIAN_POINT('',(0.,0.,-1.014109106581));
#722 = DIRECTION('',(-0.707106781187,0.,-0.707106781187));
#723 = DIRECTION('',(-0.707106781187,0.,0.707106781187));
#724 = PCURVE('',#725,#730);
#725 = CYLINDRICAL_SURFACE('',#726,29.4);
#726 = AXIS2_PLACEMENT_3D('',#727,#728,#729);
#727 = CARTESIAN_POINT('',(0.,0.,-1.));
#728 = DIRECTION('',(0.,0.,1.));
#729 = DIRECTION('',(1.,0.,-0.));
#730 = DEFINITIONAL_REPRESENTATION('',(#731),#738);
#731 = B_SPLINE_CURVE_WITH_KNOTS('',5,(#732,#733,#734,#735,#736,#737),
  .UNSPECIFIED.,.F.,.F.,(6,6),(4.895265118433,4.91290536959),
  .PIECEWISE_BEZIER_KNOTS.);
#732 = CARTESIAN_POINT('',(4.529512842336,5.332530773482));
#733 = CARTESIAN_POINT('',(4.525984792105,5.434525811269));
#734 = CARTESIAN_POINT('',(4.522456741874,5.536437661098));
#735 = CARTESIAN_POINT('',(4.518928691642,5.638263678081));
#736 = CARTESIAN_POINT('',(4.515400641411,5.740001221643));
#737 = CARTESIAN_POINT('',(4.511872591179,5.841647655936));
#738 = ( GEOMETRIC_REPRESENTATION_CONTEXT(2) 
PARAMETRIC_REPRESENTATION_CONTEXT() REPRESENTATION_CONTEXT('2D SPACE',''
  ) );
#739 = PCURVE('',#740,#745);
#740 = PLANE('',#741);
#741 = AXIS2_PLACEMENT_3D('',#742,#743,#744);
#742 = CARTESIAN_POINT('',(-5.389066286934,-31.4,4.374957180353));
#743 = DIRECTION('',(-0.707106781187,0.,-0.707106781187));
#744 = DIRECTION('',(0.707106781187,0.,-0.707106781187));
#745 = DEFINITIONAL_REPRESENTATION('',(#746),#750);
#746 = ELLIPSE('',#747,41.577878733769,29.4);
#747 = AXIS2_PLACEMENT_2D('',#748,#749);
#748 = CARTESIAN_POINT('',(7.62129063151,-31.4));
#749 = DIRECTION('',(-1.,0.));
#750 = ( GEOMETRIC_REPRESENTATION_CONTEXT(2) 
PARAMETRIC_REPRESENTATION_CONTEXT() REPRESENTATION_CONTEXT('2D SPACE',''
  ) );
#751 = ORIENTED_EDGE('',*,*,#752,.T.);
#752 = EDGE_CURVE('',#714,#753,#755,.T.);
#753 = VERTEX_POINT('',#754);
#754 = CARTESIAN_POINT('',(-1.793458550395,-29.34524674334,
    11.691733455587));
#755 = SURFACE_CURVE('',#756,(#769,#785),.PCURVE_S1.);
#756 = B_SPLINE_CURVE_WITH_KNOTS('',6,(#757,#758,#759,#760,#761,#762,
    #763,#764,#765,#766,#767,#768),.UNSPECIFIED.,.F.,.F.,(7,5,7),(0.,
    0.380139273812,1.),.UNSPECIFIED.);
#757 = CARTESIAN_POINT('',(-5.389066286934,-28.90186783851,
    4.374957180353));
#758 = CARTESIAN_POINT('',(-5.042422726218,-28.96650328481,
    4.799505743904));
#759 = CARTESIAN_POINT('',(-4.714397876664,-29.0225046025,5.232851024179
    ));
#760 = CARTESIAN_POINT('',(-4.404909903988,-29.07097841837,
    5.674020883115));
#761 = CARTESIAN_POINT('',(-4.113835537851,-29.1129034285,6.122102093083
    ));
#762 = CARTESIAN_POINT('',(-3.841017302193,-29.14914170437,
    6.576241672049));
#763 = CARTESIAN_POINT('',(-3.170877239917,-29.23150176739,
    7.784763333311));
#764 = CARTESIAN_POINT('',(-2.803469423583,-29.26945304628,
    8.548000617681));
#765 = CARTESIAN_POINT('',(-2.482966629889,-29.29761340705,9.32249675671
    ));
#766 = CARTESIAN_POINT('',(-2.20834072425,-29.31848210541,
    10.105887901208));
#767 = CARTESIAN_POINT('',(-1.978719869018,-29.33392434763,
    10.896199557971));
#768 = CARTESIAN_POINT('',(-1.793458550395,-29.34524674334,
    11.691733455587));
#769 = PCURVE('',#725,#770);
#770 = DEFINITIONAL_REPRESENTATION('',(#771),#784);
#771 = B_SPLINE_CURVE_WITH_KNOTS('',6,(#772,#773,#774,#775,#776,#777,
    #778,#779,#780,#781,#782,#783),.UNSPECIFIED.,.F.,.F.,(7,5,7),(0.,
    0.380139273812,1.),.UNSPECIFIED.);
#772 = CARTESIAN_POINT('',(4.528045095769,5.374957180353));
#773 = CARTESIAN_POINT('',(4.540038907471,5.799505743904));
#774 = CARTESIAN_POINT('',(4.551356332836,6.232851024179));
#775 = CARTESIAN_POINT('',(4.562010090147,6.674020883115));
#776 = CARTESIAN_POINT('',(4.572011804194,7.122102093083));
#777 = CARTESIAN_POINT('',(4.581372389105,7.576241672049));
#778 = CARTESIAN_POINT('',(4.604337767031,8.784763333311));
#779 = CARTESIAN_POINT('',(4.616898773309,9.548000617681));
#780 = CARTESIAN_POINT('',(4.627840836651,10.32249675671));
#781 = CARTESIAN_POINT('',(4.637208196985,11.105887901208));
#782 = CARTESIAN_POINT('',(4.645035928757,11.896199557971));
#783 = CARTESIAN_POINT('',(4.651349091507,12.691733455587));
#784 = ( GEOMETRIC_REPRESENTATION_CONTEXT(2) 
PARAMETRIC_REPRESENTATION_CONTEXT() REPRESENTATION_CONTEXT('2D SPACE',''
  ) );
#785 = PCURVE('',#786,#791);
#786 = CYLINDRICAL_SURFACE('',#787,18.037214107362);
#787 = AXIS2_PLACEMENT_3D('',#788,#789,#790);
#788 = CARTESIAN_POINT('',(-19.36061435905,-31.4,15.782714945275));
#789 = DIRECTION('',(-0.,-1.,-0.));
#790 = DIRECTION('',(0.973939528804,-0.,-0.226807835475));
#791 = DEFINITIONAL_REPRESENTATION('',(#792),#805);
#792 = B_SPLINE_CURVE_WITH_KNOTS('',6,(#793,#794,#795,#796,#797,#798,
    #799,#800,#801,#802,#803,#804),.UNSPECIFIED.,.F.,.F.,(7,5,7),(0.,
    0.380139273812,1.),.UNSPECIFIED.);
#793 = CARTESIAN_POINT('',(-0.455921926534,-2.498132161484));
#794 = CARTESIAN_POINT('',(-0.425535274936,-2.433496715185));
#795 = CARTESIAN_POINT('',(-0.395423700149,-2.377495397493));
#796 = CARTESIAN_POINT('',(-0.365575580532,-2.329021581629));
#797 = CARTESIAN_POINT('',(-0.335979871206,-2.287096571499));
#798 = CARTESIAN_POINT('',(-0.306625716251,-2.250858295626));
#799 = CARTESIAN_POINT('',(-0.230012597451,-2.168498232609));
#800 = CARTESIAN_POINT('',(-0.183128545892,-2.130546953719));
#801 = CARTESIAN_POINT('',(-0.136766915499,-2.102386592941));
#802 = CARTESIAN_POINT('',(-9.084641514147E-02,-2.081517894589));
#803 = CARTESIAN_POINT('',(-4.528529867215E-02,-2.066075652365));
#804 = CARTESIAN_POINT('',(0.,-2.054753256651));
#805 = ( GEOMETRIC_REPRESENTATION_CONTEXT(2) 
PARAMETRIC_REPRESENTATION_CONTEXT() REPRESENTATION_CONTEXT('2D SPACE',''
  ) );
#806 = ORIENTED_EDGE('',*,*,#807,.F.);
#807 = EDGE_CURVE('',#808,#753,#810,.T.);
#808 = VERTEX_POINT('',#809);
#809 = CARTESIAN_POINT('',(-9.110234825629,-27.95288216663,
    8.096125719048));
#810 = SURFACE_CURVE('',#811,(#824,#840),.PCURVE_S1.);
#811 = B_SPLINE_CURVE_WITH_KNOTS('',6,(#812,#813,#814,#815,#816,#817,
    #818,#819,#820,#821,#822,#823),.UNSPECIFIED.,.F.,.F.,(7,5,7),(0.,
    0.569183335253,1.),.UNSPECIFIED.);
#812 = CARTESIAN_POINT('',(-9.110234825629,-27.95288216663,
    8.096125719048));
#813 = CARTESIAN_POINT('',(-8.560523008444,-28.13204092783,
    8.544964975699));
#814 = CARTESIAN_POINT('',(-7.97912419899,-28.30717644067,8.976419515945
    ));
#815 = CARTESIAN_POINT('',(-7.365132279889,-28.47589594923,
    9.388132692612));
#816 = CARTESIAN_POINT('',(-6.717725874461,-28.63548529011,
    9.777295383905));
#817 = CARTESIAN_POINT('',(-6.036263248229,-28.78286586146,
    10.140596230279));
#818 = CARTESIAN_POINT('',(-4.778524595499,-29.0142938908,
    10.726625482179));
#819 = CARTESIAN_POINT('',(-4.216592537253,-29.1050937034,
    10.962223124766));
#820 = CARTESIAN_POINT('',(-3.635749953144,-29.18521986801,
    11.178582972265));
#821 = CARTESIAN_POINT('',(-3.037301461289,-29.25297763051,
    11.373559156296));
#822 = CARTESIAN_POINT('',(-2.422683543272,-29.30679114767,
    11.54520160793));
#823 = CARTESIAN_POINT('',(-1.793458550395,-29.34524674334,
    11.691733455587));
#824 = PCURVE('',#725,#825);
#825 = DEFINITIONAL_REPRESENTATION('',(#826),#839);
#826 = B_SPLINE_CURVE_WITH_KNOTS('',6,(#827,#828,#829,#830,#831,#832,
    #833,#834,#835,#836,#837,#838),.UNSPECIFIED.,.F.,.F.,(7,5,7),(0.,
    0.569183335253,1.),.UNSPECIFIED.);
#827 = CARTESIAN_POINT('',(4.39733064808,9.096125719048));
#828 = CARTESIAN_POINT('',(4.416996305951,9.544964975699));
#829 = CARTESIAN_POINT('',(4.437644297537,9.976419515945));
#830 = CARTESIAN_POINT('',(4.459292397086,10.388132692612));
#831 = CARTESIAN_POINT('',(4.48195908699,10.777295383905));
#832 = CARTESIAN_POINT('',(4.505662559489,11.140596230279));
#833 = CARTESIAN_POINT('',(4.54916096691,11.726625482179));
#834 = CARTESIAN_POINT('',(4.568517640093,11.962223124766));
#835 = CARTESIAN_POINT('',(4.588453014683,12.178582972265));
#836 = CARTESIAN_POINT('',(4.608928864128,12.373559156296));
#837 = CARTESIAN_POINT('',(4.629906947967,12.54520160793));
#838 = CARTESIAN_POINT('',(4.651349091507,12.691733455587));
#839 = ( GEOMETRIC_REPRESENTATION_CONTEXT(2) 
PARAMETRIC_REPRESENTATION_CONTEXT() REPRESENTATION_CONTEXT('2D SPACE',''
  ) );
#840 = PCURVE('',#841,#846);
#841 = CYLINDRICAL_SURFACE('',#842,18.037214107362);
#842 = AXIS2_PLACEMENT_3D('',#843,#844,#845);
#843 = CARTESIAN_POINT('',(2.297522939294,-31.4,-5.875422353077));
#844 = DIRECTION('',(-0.,-1.,-0.));
#845 = DIRECTION('',(-0.632456747313,-0.,0.774595676969));
#846 = DEFINITIONAL_REPRESENTATION('',(#847),#860);
#847 = B_SPLINE_CURVE_WITH_KNOTS('',6,(#848,#849,#850,#851,#852,#853,
    #854,#855,#856,#857,#858,#859),.UNSPECIFIED.,.F.,.F.,(7,5,7),(0.,
    0.569183335253,1.),.UNSPECIFIED.);
#848 = CARTESIAN_POINT('',(0.,-3.447117833363));
#849 = CARTESIAN_POINT('',(-3.93450900607E-02,-3.267959072162));
#850 = CARTESIAN_POINT('',(-7.944138324116E-02,-3.092823559328));
#851 = CARTESIAN_POINT('',(-0.120354760369,-2.924104050767));
#852 = CARTESIAN_POINT('',(-0.162152667982,-2.76451470989));
#853 = CARTESIAN_POINT('',(-0.204905390249,-2.617134138533));
#854 = CARTESIAN_POINT('',(-0.28183329354,-2.385706109193));
#855 = CARTESIAN_POINT('',(-0.315588965145,-2.294906296593));
#856 = CARTESIAN_POINT('',(-0.34991007631,-2.214780131985));
#857 = CARTESIAN_POINT('',(-0.384758359928,-2.147022369488));
#858 = CARTESIAN_POINT('',(-0.420103664334,-2.093208852321));
#859 = CARTESIAN_POINT('',(-0.455921926534,-2.054753256651));
#860 = ( GEOMETRIC_REPRESENTATION_CONTEXT(2) 
PARAMETRIC_REPRESENTATION_CONTEXT() REPRESENTATION_CONTEXT('2D SPACE',''
  ) );
#861 = ORIENTED_EDGE('',*,*,#862,.F.);
#862 = EDGE_CURVE('',#863,#808,#865,.T.);
#863 = VERTEX_POINT('',#864);
#864 = CARTESIAN_POINT('',(-8.685970756917,-28.08761136177,
    7.671861650336));
#865 = SURFACE_CURVE('',#866,(#871,#881),.PCURVE_S1.);
#866 = ELLIPSE('',#867,41.577878733769,29.4);
#867 = AXIS2_PLACEMENT_3D('',#868,#869,#870);
#868 = CARTESIAN_POINT('',(0.,0.,-1.014109106581));
#869 = DIRECTION('',(-0.707106781187,0.,-0.707106781187));
#870 = DIRECTION('',(-0.707106781187,0.,0.707106781187));
#871 = PCURVE('',#725,#872);
#872 = DEFINITIONAL_REPRESENTATION('',(#873),#880);
#873 = B_SPLINE_CURVE_WITH_KNOTS('',5,(#874,#875,#876,#877,#878,#879),
  .UNSPECIFIED.,.F.,.F.,(6,6),(5.010796112033,5.028965471768),
  .PIECEWISE_BEZIER_KNOTS.);
#874 = CARTESIAN_POINT('',(4.413981848737,8.629435243465));
#875 = CARTESIAN_POINT('',(4.41034797679,8.731549575994));
#876 = CARTESIAN_POINT('',(4.406714104843,8.833521235747));
#877 = CARTESIAN_POINT('',(4.403080232896,8.935347413508));
#878 = CARTESIAN_POINT('',(4.399446360948,9.037025307916));
#879 = CARTESIAN_POINT('',(4.395812489001,9.138552125919));
#880 = ( GEOMETRIC_REPRESENTATION_CONTEXT(2) 
PARAMETRIC_REPRESENTATION_CONTEXT() REPRESENTATION_CONTEXT('2D SPACE',''
  ) );
#881 = PCURVE('',#882,#887);
#882 = PLANE('',#883);
#883 = AXIS2_PLACEMENT_3D('',#884,#885,#886);
#884 = CARTESIAN_POINT('',(-8.685970756917,-31.4,7.671861650336));
#885 = DIRECTION('',(-0.707106781187,0.,-0.707106781187));
#886 = DIRECTION('',(0.707106781187,0.,-0.707106781187));
#887 = DEFINITIONAL_REPRESENTATION('',(#888),#892);
#888 = ELLIPSE('',#889,41.577878733769,29.4);
#889 = AXIS2_PLACEMENT_2D('',#890,#891);
#890 = CARTESIAN_POINT('',(12.283817646808,-31.4));
#891 = DIRECTION('',(-1.,0.));
#892 = ( GEOMETRIC_REPRESENTATION_CONTEXT(2) 
PARAMETRIC_REPRESENTATION_CONTEXT() REPRESENTATION_CONTEXT('2D SPACE',''
  ) );
#893 = ORIENTED_EDGE('',*,*,#894,.F.);
#894 = EDGE_CURVE('',#716,#863,#895,.T.);
#895 = SURFACE_CURVE('',#896,(#919,#945),.PCURVE_S1.);
#896 = B_SPLINE_CURVE_WITH_KNOTS('',6,(#897,#898,#899,#900,#901,#902,
    #903,#904,#905,#906,#907,#908,#909,#910,#911,#912,#913,#914,#915,
    #916,#917,#918),.UNSPECIFIED.,.F.,.F.,(7,5,5,5,7),(0.,
    3.743671026966E-02,0.453925994952,0.727558922383,1.),.UNSPECIFIED.);
#897 = CARTESIAN_POINT('',(-5.813330355646,-28.81952793118,
    4.799221249065));
#898 = CARTESIAN_POINT('',(-5.811887636897,-28.81981894915,
    4.824616224369));
#899 = CARTESIAN_POINT('',(-5.81073001591,-28.82005236846,4.850020435782
    ));
#900 = CARTESIAN_POINT('',(-5.809857330175,-28.82022828868,4.87543159457
    ));
#901 = CARTESIAN_POINT('',(-5.809269470639,-28.8203467766,4.900847418269
    ));
#902 = CARTESIAN_POINT('',(-5.808966381705,-28.82040786624,4.92626563069
    ));
#903 = CARTESIAN_POINT('',(-5.808744243164,-28.82045263976,5.23446689112
    ));
#904 = CARTESIAN_POINT('',(-5.843785586435,-28.81339005399,
    5.517244937082));
#905 = CARTESIAN_POINT('',(-5.914063760245,-28.79922504676,
    5.797008746005));
#906 = CARTESIAN_POINT('',(-6.020469673165,-28.77744830115,
    6.070490837303));
#907 = CARTESIAN_POINT('',(-6.164511468536,-28.74707013349,6.3334630603)
  );
#908 = CARTESIAN_POINT('',(-6.46824413089,-28.67990638703,6.741379813911
    ));
#909 = CARTESIAN_POINT('',(-6.605921181787,-28.64882624724,
    6.896271812169));
#910 = CARTESIAN_POINT('',(-6.760920049596,-28.61293563257,
    7.041736865174));
#911 = CARTESIAN_POINT('',(-6.932946930677,-28.5718674629,7.17510674219)
  );
#912 = CARTESIAN_POINT('',(-7.121312584608,-28.52527123067,
    7.293595948588));
#913 = CARTESIAN_POINT('',(-7.527604208316,-28.42074915383,
    7.494468004605));
#914 = CARTESIAN_POINT('',(-7.745605102757,-28.3628199661,7.57710855021)
  );
#915 = CARTESIAN_POINT('',(-7.975265140512,-28.29950892513,7.63789932825
    ));
#916 = CARTESIAN_POINT('',(-8.211923630043,-28.23161307745,
    7.674234705317));
#917 = CARTESIAN_POINT('',(-8.450495737368,-28.16043097991,
    7.685239266246));
#918 = CARTESIAN_POINT('',(-8.685970756917,-28.08761136177,
    7.671861650336));
#919 = PCURVE('',#725,#920);
#920 = DEFINITIONAL_REPRESENTATION('',(#921),#944);
#921 = B_SPLINE_CURVE_WITH_KNOTS('',6,(#922,#923,#924,#925,#926,#927,
    #928,#929,#930,#931,#932,#933,#934,#935,#936,#937,#938,#939,#940,
    #941,#942,#943),.UNSPECIFIED.,.F.,.F.,(7,5,5,5,7),(0.,
    3.743671026966E-02,0.453925994952,0.727558922383,1.),.UNSPECIFIED.);
#922 = CARTESIAN_POINT('',(4.513344951292,5.799221249065));
#923 = CARTESIAN_POINT('',(4.51339501175,5.824616224369));
#924 = CARTESIAN_POINT('',(4.51343517908,5.850020435782));
#925 = CARTESIAN_POINT('',(4.513465459372,5.87543159457));
#926 = CARTESIAN_POINT('',(4.513485856711,5.900847418269));
#927 = CARTESIAN_POINT('',(4.51349637318,5.92626563069));
#928 = CARTESIAN_POINT('',(4.513504080861,6.23446689112));
#929 = CARTESIAN_POINT('',(4.512288229331,6.517244937082));
#930 = CARTESIAN_POINT('',(4.509849750438,6.797008746005));
#931 = CARTESIAN_POINT('',(4.506155483041,7.070490837303));
#932 = CARTESIAN_POINT('',(4.501148567326,7.3334630603));
#933 = CARTESIAN_POINT('',(4.490567957589,7.741379813911));
#934 = CARTESIAN_POINT('',(4.485767270509,7.896271812169));
#935 = CARTESIAN_POINT('',(4.480355839605,8.041736865174));
#936 = CARTESIAN_POINT('',(4.474340412369,8.17510674219));
#937 = CARTESIAN_POINT('',(4.46774058347,8.293595948588));
#938 = CARTESIAN_POINT('',(4.453471166623,8.494468004605));
#939 = CARTESIAN_POINT('',(4.445799080815,8.57710855021));
#940 = CARTESIAN_POINT('',(4.437696684499,8.63789932825));
#941 = CARTESIAN_POINT('',(4.429323065577,8.674234705317));
#942 = CARTESIAN_POINT('',(4.420855288364,8.685239266246));
#943 = CARTESIAN_POINT('',(4.4124716983,8.671861650336));
#944 = ( GEOMETRIC_REPRESENTATION_CONTEXT(2) 
PARAMETRIC_REPRESENTATION_CONTEXT() REPRESENTATION_CONTEXT('2D SPACE',''
  ) );
#945 = PCURVE('',#946,#951);
#946 = CYLINDRICAL_SURFACE('',#947,2.722598355828);
#947 = AXIS2_PLACEMENT_3D('',#948,#949,#950);
#948 = CARTESIAN_POINT('',(-8.531545709883,-31.4,4.953646296099));
#949 = DIRECTION('',(-0.,-1.,-0.));
#950 = DIRECTION('',(0.998390140219,-0.,-5.671973124634E-02));
#951 = DEFINITIONAL_REPRESENTATION('',(#952),#975);
#952 = B_SPLINE_CURVE_WITH_KNOTS('',6,(#953,#954,#955,#956,#957,#958,
    #959,#960,#961,#962,#963,#964,#965,#966,#967,#968,#969,#970,#971,
    #972,#973,#974),.UNSPECIFIED.,.F.,.F.,(7,5,5,5,7),(0.,
    3.743671026966E-02,0.453925994952,0.727558922383,1.),.UNSPECIFIED.);
#953 = CARTESIAN_POINT('',(0.,-2.580472068819));
#954 = CARTESIAN_POINT('',(9.34251779008E-03,-2.580181050843));
#955 = CARTESIAN_POINT('',(1.86824836087E-02,-2.579947631532));
#956 = CARTESIAN_POINT('',(2.802052779188E-02,-2.579771711317));
#957 = CARTESIAN_POINT('',(3.735728040759E-02,-2.579653223399));
#958 = CARTESIAN_POINT('',(4.669337125567E-02,-2.579592133758));
#959 = CARTESIAN_POINT('',(0.159894549029,-2.579547360239));
#960 = CARTESIAN_POINT('',(0.263749545043,-2.586609946008));
#961 = CARTESIAN_POINT('',(0.368499216593,-2.600774953238));
#962 = CARTESIAN_POINT('',(0.474980946943,-2.622551698843));
#963 = CARTESIAN_POINT('',(0.584050169168,-2.652929866509));
#964 = CARTESIAN_POINT('',(0.770848217502,-2.720093612968));
#965 = CARTESIAN_POINT('',(0.846679881696,-2.751173752753));
#966 = CARTESIAN_POINT('',(0.924264865729,-2.787064367428));
#967 = CARTESIAN_POINT('',(1.003660226573,-2.828132537091));
#968 = CARTESIAN_POINT('',(1.084968496921,-2.874728769327));
#969 = CARTESIAN_POINT('',(1.251440188164,-2.979250846168));
#970 = CARTESIAN_POINT('',(1.336670128401,-3.0371800339));
#971 = CARTESIAN_POINT('',(1.423214245591,-3.10049107487));
#972 = CARTESIAN_POINT('',(1.510411995351,-3.168386922543));
#973 = CARTESIAN_POINT('',(1.597668165331,-3.239569020089));
#974 = CARTESIAN_POINT('',(1.68429670239,-3.312388638227));
#975 = ( GEOMETRIC_REPRESENTATION_CONTEXT(2) 
PARAMETRIC_REPRESENTATION_CONTEXT() REPRESENTATION_CONTEXT('2D SPACE',''
  ) );
#976 = ADVANCED_FACE('',(#977),#740,.T.);
#977 = FACE_BOUND('',#978,.F.);
#978 = EDGE_LOOP('',(#979,#980,#1003,#1035));
#979 = ORIENTED_EDGE('',*,*,#713,.F.);
#980 = ORIENTED_EDGE('',*,*,#981,.T.);
#981 = EDGE_CURVE('',#714,#982,#984,.T.);
#982 = VERTEX_POINT('',#983);
#983 = CARTESIAN_POINT('',(-5.389066286934,-28.08666526227,
    4.374957180353));
#984 = SURFACE_CURVE('',#985,(#989,#996),.PCURVE_S1.);
#985 = LINE('',#986,#987);
#986 = CARTESIAN_POINT('',(-5.389066286934,-31.4,4.374957180353));
#987 = VECTOR('',#988,1.);
#988 = DIRECTION('',(-0.,1.,-0.));
#989 = PCURVE('',#740,#990);
#990 = DEFINITIONAL_REPRESENTATION('',(#991),#995);
#991 = LINE('',#992,#993);
#992 = CARTESIAN_POINT('',(-0.,0.));
#993 = VECTOR('',#994,1.);
#994 = DIRECTION('',(-0.,-1.));
#995 = ( GEOMETRIC_REPRESENTATION_CONTEXT(2) 
PARAMETRIC_REPRESENTATION_CONTEXT() REPRESENTATION_CONTEXT('2D SPACE',''
  ) );
#996 = PCURVE('',#786,#997);
#997 = DEFINITIONAL_REPRESENTATION('',(#998),#1002);
#998 = LINE('',#999,#1000);
#999 = CARTESIAN_POINT('',(-0.455921926534,0.));
#1000 = VECTOR('',#1001,1.);
#1001 = DIRECTION('',(-0.,-1.));
#1002 = ( GEOMETRIC_REPRESENTATION_CONTEXT(2) 
PARAMETRIC_REPRESENTATION_CONTEXT() REPRESENTATION_CONTEXT('2D SPACE',''
  ) );
#1003 = ORIENTED_EDGE('',*,*,#1004,.T.);
#1004 = EDGE_CURVE('',#982,#1005,#1007,.T.);
#1005 = VERTEX_POINT('',#1006);
#1006 = CARTESIAN_POINT('',(-5.813330355646,-28.00192834745,
    4.799221249065));
#1007 = SURFACE_CURVE('',#1008,(#1013,#1020),.PCURVE_S1.);
#1008 = ELLIPSE('',#1009,40.445093670308,28.599);
#1009 = AXIS2_PLACEMENT_3D('',#1010,#1011,#1012);
#1010 = CARTESIAN_POINT('',(0.,0.,-1.014109106581));
#1011 = DIRECTION('',(-0.707106781187,0.,-0.707106781187));
#1012 = DIRECTION('',(-0.707106781187,0.,0.707106781187));
#1013 = PCURVE('',#740,#1014);
#1014 = DEFINITIONAL_REPRESENTATION('',(#1015),#1019);
#1015 = ELLIPSE('',#1016,40.445093670308,28.599);
#1016 = AXIS2_PLACEMENT_2D('',#1017,#1018);
#1017 = CARTESIAN_POINT('',(7.62129063151,-31.4));
#1018 = DIRECTION('',(-1.,0.));
#1019 = ( GEOMETRIC_REPRESENTATION_CONTEXT(2) 
PARAMETRIC_REPRESENTATION_CONTEXT() REPRESENTATION_CONTEXT('2D SPACE',''
  ) );
#1020 = PCURVE('',#1021,#1026);
#1021 = CYLINDRICAL_SURFACE('',#1022,28.599);
#1022 = AXIS2_PLACEMENT_3D('',#1023,#1024,#1025);
#1023 = CARTESIAN_POINT('',(0.,0.,-2.));
#1024 = DIRECTION('',(0.,0.,1.));
#1025 = DIRECTION('',(1.,0.,-0.));
#1026 = DEFINITIONAL_REPRESENTATION('',(#1027),#1034);
#1027 = B_SPLINE_CURVE_WITH_KNOTS('',5,(#1028,#1029,#1030,#1031,#1032,
    #1033),.UNSPECIFIED.,.F.,.F.,(6,6),(4.900447488658,4.91860125333),
  .PIECEWISE_BEZIER_KNOTS.);
#1028 = CARTESIAN_POINT('',(4.524330472112,6.332530773482));
#1029 = CARTESIAN_POINT('',(4.520699719177,6.434535951253));
#1030 = CARTESIAN_POINT('',(4.517068966243,6.536453027313));
#1031 = CARTESIAN_POINT('',(4.513438213308,6.638279200268));
#1032 = CARTESIAN_POINT('',(4.509807460374,6.740011673561));
#1033 = CARTESIAN_POINT('',(4.50617670744,6.841647655936));
#1034 = ( GEOMETRIC_REPRESENTATION_CONTEXT(2) 
PARAMETRIC_REPRESENTATION_CONTEXT() REPRESENTATION_CONTEXT('2D SPACE',''
  ) );
#1035 = ORIENTED_EDGE('',*,*,#1036,.F.);
#1036 = EDGE_CURVE('',#716,#1005,#1037,.T.);
#1037 = SURFACE_CURVE('',#1038,(#1042,#1049),.PCURVE_S1.);
#1038 = LINE('',#1039,#1040);
#1039 = CARTESIAN_POINT('',(-5.813330355646,-31.4,4.799221249065));
#1040 = VECTOR('',#1041,1.);
#1041 = DIRECTION('',(-0.,1.,-0.));
#1042 = PCURVE('',#740,#1043);
#1043 = DEFINITIONAL_REPRESENTATION('',(#1044),#1048);
#1044 = LINE('',#1045,#1046);
#1045 = CARTESIAN_POINT('',(-0.6,0.));
#1046 = VECTOR('',#1047,1.);
#1047 = DIRECTION('',(-0.,-1.));
#1048 = ( GEOMETRIC_REPRESENTATION_CONTEXT(2) 
PARAMETRIC_REPRESENTATION_CONTEXT() REPRESENTATION_CONTEXT('2D SPACE',''
  ) );
#1049 = PCURVE('',#946,#1050);
#1050 = DEFINITIONAL_REPRESENTATION('',(#1051),#1055);
#1051 = LINE('',#1052,#1053);
#1052 = CARTESIAN_POINT('',(0.,0.));
#1053 = VECTOR('',#1054,1.);
#1054 = DIRECTION('',(0.,-1.));
#1055 = ( GEOMETRIC_REPRESENTATION_CONTEXT(2) 
PARAMETRIC_REPRESENTATION_CONTEXT() REPRESENTATION_CONTEXT('2D SPACE',''
  ) );
#1056 = ADVANCED_FACE('',(#1057),#946,.F.);
#1057 = FACE_BOUND('',#1058,.F.);
#1058 = EDGE_LOOP('',(#1059,#1060,#1061,#1141));
#1059 = ORIENTED_EDGE('',*,*,#894,.F.);
#1060 = ORIENTED_EDGE('',*,*,#1036,.T.);
#1061 = ORIENTED_EDGE('',*,*,#1062,.T.);
#1062 = EDGE_CURVE('',#1005,#1063,#1065,.T.);
#1063 = VERTEX_POINT('',#1064);
#1064 = CARTESIAN_POINT('',(-8.685970756917,-27.24805888517,
    7.671861650336));
#1065 = SURFACE_CURVE('',#1066,(#1089,#1115),.PCURVE_S1.);
#1066 = B_SPLINE_CURVE_WITH_KNOTS('',6,(#1067,#1068,#1069,#1070,#1071,
    #1072,#1073,#1074,#1075,#1076,#1077,#1078,#1079,#1080,#1081,#1082,
    #1083,#1084,#1085,#1086,#1087,#1088),.UNSPECIFIED.,.F.,.F.,(7,5,5,5,
    7),(0.,3.738704456469E-02,0.443006756318,0.717770239573,1.),
  .UNSPECIFIED.);
#1067 = CARTESIAN_POINT('',(-5.813330355646,-28.00192834745,
    4.799221249065));
#1068 = CARTESIAN_POINT('',(-5.811887640426,-28.00222786183,
    4.824616162243));
#1069 = CARTESIAN_POINT('',(-5.810730019468,-28.00246809629,
    4.850020348593));
#1070 = CARTESIAN_POINT('',(-5.809857332343,-28.00264915304,
    4.875431510208));
#1071 = CARTESIAN_POINT('',(-5.809269471391,-28.00277110064,
    4.900847355471));
#1072 = CARTESIAN_POINT('',(-5.808966381728,-28.00283397401,
    4.926265599053));
#1073 = CARTESIAN_POINT('',(-5.808749298489,-28.00287900606,
    5.227452991993));
#1074 = CARTESIAN_POINT('',(-5.842069060596,-27.99596729819,
    5.503225371121));
#1075 = CARTESIAN_POINT('',(-5.908902774063,-27.98210340385,
    5.77618442375));
#1076 = CARTESIAN_POINT('',(-6.010040822641,-27.96081513224,
    6.043291234641));
#1077 = CARTESIAN_POINT('',(-6.146827517495,-27.93118527476,
    6.300663300791));
#1078 = CARTESIAN_POINT('',(-6.438544917304,-27.86507727146,
    6.70653916628));
#1079 = CARTESIAN_POINT('',(-6.573669592727,-27.83382803244,
    6.863772207228));
#1080 = CARTESIAN_POINT('',(-6.726216406262,-27.79765405827,
    7.011798655026));
#1081 = CARTESIAN_POINT('',(-6.895937574876,-27.75617041312,
    7.147985025034));
#1082 = CARTESIAN_POINT('',(-7.082203090322,-27.70900094414,
    7.269564378741));
#1083 = CARTESIAN_POINT('',(-7.491215245766,-27.60127580571,
    7.480427173106));
#1084 = CARTESIAN_POINT('',(-7.715132001221,-27.54030756767,
    7.568906649136));
#1085 = CARTESIAN_POINT('',(-7.951828237302,-27.47336378469,
    7.634235003028));
#1086 = CARTESIAN_POINT('',(-8.196229233249,-27.40130651738,
    7.673488483887));
#1087 = CARTESIAN_POINT('',(-8.442770656786,-27.32558473634,
    7.685678137261));
#1088 = CARTESIAN_POINT('',(-8.685970756917,-27.24805888517,
    7.671861650336));
#1089 = PCURVE('',#946,#1090);
#1090 = DEFINITIONAL_REPRESENTATION('',(#1091),#1114);
#1091 = B_SPLINE_CURVE_WITH_KNOTS('',6,(#1092,#1093,#1094,#1095,#1096,
    #1097,#1098,#1099,#1100,#1101,#1102,#1103,#1104,#1105,#1106,#1107,
    #1108,#1109,#1110,#1111,#1112,#1113),.UNSPECIFIED.,.F.,.F.,(7,5,5,5,
    7),(0.,3.738704456469E-02,0.443006756318,0.717770239573,1.),
  .UNSPECIFIED.);
#1092 = CARTESIAN_POINT('',(0.,-3.398071652543));
#1093 = CARTESIAN_POINT('',(9.342494934694E-03,-3.397772138164));
#1094 = CARTESIAN_POINT('',(1.868245155817E-02,-3.397531903703));
#1095 = CARTESIAN_POINT('',(2.802049679999E-02,-3.397350846955));
#1096 = CARTESIAN_POINT('',(3.735725734549E-02,-3.397228899357));
#1097 = CARTESIAN_POINT('',(4.669335963581E-02,-3.397166025984));
#1098 = CARTESIAN_POINT('',(0.157318369942,-3.397120993931));
#1099 = CARTESIAN_POINT('',(0.2586004864,-3.404032701808));
#1100 = CARTESIAN_POINT('',(0.360706183558,-3.417896596147));
#1101 = CARTESIAN_POINT('',(0.464407054871,-3.439184867752));
#1102 = CARTESIAN_POINT('',(0.570491951995,-3.46881472524));
#1103 = CARTESIAN_POINT('',(0.754079160512,-3.53492272854));
#1104 = CARTESIAN_POINT('',(0.829940282927,-3.566171967556));
#1105 = CARTESIAN_POINT('',(0.907523213285,-3.602345941726));
#1106 = CARTESIAN_POINT('',(0.986895139824,-3.643829586877));
#1107 = CARTESIAN_POINT('',(1.068166981614,-3.690999055856));
#1108 = CARTESIAN_POINT('',(1.237184723997,-3.798724194285));
#1109 = CARTESIAN_POINT('',(1.325177171384,-3.85969243233));
#1110 = CARTESIAN_POINT('',(1.414577014873,-3.926636215304));
#1111 = CARTESIAN_POINT('',(1.504672364455,-3.998693482611));
#1112 = CARTESIAN_POINT('',(1.594826197505,-4.074415263654));
#1113 = CARTESIAN_POINT('',(1.68429670239,-4.151941114825));
#1114 = ( GEOMETRIC_REPRESENTATION_CONTEXT(2) 
PARAMETRIC_REPRESENTATION_CONTEXT() REPRESENTATION_CONTEXT('2D SPACE',''
  ) );
#1115 = PCURVE('',#1021,#1116);
#1116 = DEFINITIONAL_REPRESENTATION('',(#1117),#1140);
#1117 = B_SPLINE_CURVE_WITH_KNOTS('',6,(#1118,#1119,#1120,#1121,#1122,
    #1123,#1124,#1125,#1126,#1127,#1128,#1129,#1130,#1131,#1132,#1133,
    #1134,#1135,#1136,#1137,#1138,#1139),.UNSPECIFIED.,.F.,.F.,(7,5,5,5,
    7),(0.,3.738704456469E-02,0.443006756318,0.717770239573,1.),
  .UNSPECIFIED.);
#1118 = CARTESIAN_POINT('',(4.507692070854,6.799221249065));
#1119 = CARTESIAN_POINT('',(4.50774359285,6.824616162243));
#1120 = CARTESIAN_POINT('',(4.507784932947,6.850020348593));
#1121 = CARTESIAN_POINT('',(4.507816097366,6.875431510208));
#1122 = CARTESIAN_POINT('',(4.507837090278,6.900847355471));
#1123 = CARTESIAN_POINT('',(4.507847913812,6.926265599053));
#1124 = CARTESIAN_POINT('',(4.507855666,7.227452991993));
#1125 = CARTESIAN_POINT('',(4.506665795102,7.503225371121));
#1126 = CARTESIAN_POINT('',(4.504279126217,7.77618442375));
#1127 = CARTESIAN_POINT('',(4.500665216026,8.043291234641));
#1128 = CARTESIAN_POINT('',(4.495771593546,8.300663300791));
#1129 = CARTESIAN_POINT('',(4.485312689107,8.70653916628));
#1130 = CARTESIAN_POINT('',(4.480463231683,8.863772207228));
#1131 = CARTESIAN_POINT('',(4.474981455277,9.011798655026));
#1132 = CARTESIAN_POINT('',(4.468872509074,9.147985025034));
#1133 = CARTESIAN_POINT('',(4.462154212512,9.269564378741));
#1134 = CARTESIAN_POINT('',(4.447364864077,9.480427173106));
#1135 = CARTESIAN_POINT('',(4.439250570735,9.568906649136));
#1136 = CARTESIAN_POINT('',(4.430650203326,9.634235003028));
#1137 = CARTESIAN_POINT('',(4.421741594322,9.673488483887));
#1138 = CARTESIAN_POINT('',(4.412724025923,9.685678137261));
#1139 = CARTESIAN_POINT('',(4.403798615817,9.671861650336));
#1140 = ( GEOMETRIC_REPRESENTATION_CONTEXT(2) 
PARAMETRIC_REPRESENTATION_CONTEXT() REPRESENTATION_CONTEXT('2D SPACE',''
  ) );
#1141 = ORIENTED_EDGE('',*,*,#1142,.F.);
#1142 = EDGE_CURVE('',#863,#1063,#1143,.T.);
#1143 = SURFACE_CURVE('',#1144,(#1148,#1155),.PCURVE_S1.);
#1144 = LINE('',#1145,#1146);
#1145 = CARTESIAN_POINT('',(-8.685970756917,-31.4,7.671861650336));
#1146 = VECTOR('',#1147,1.);
#1147 = DIRECTION('',(-0.,1.,-0.));
#1148 = PCURVE('',#946,#1149);
#1149 = DEFINITIONAL_REPRESENTATION('',(#1150),#1154);
#1150 = LINE('',#1151,#1152);
#1151 = CARTESIAN_POINT('',(1.68429670239,0.));
#1152 = VECTOR('',#1153,1.);
#1153 = DIRECTION('',(0.,-1.));
#1154 = ( GEOMETRIC_REPRESENTATION_CONTEXT(2) 
PARAMETRIC_REPRESENTATION_CONTEXT() REPRESENTATION_CONTEXT('2D SPACE',''
  ) );
#1155 = PCURVE('',#882,#1156);
#1156 = DEFINITIONAL_REPRESENTATION('',(#1157),#1161);
#1157 = LINE('',#1158,#1159);
#1158 = CARTESIAN_POINT('',(6.280369834735E-16,-0.));
#1159 = VECTOR('',#1160,1.);
#1160 = DIRECTION('',(-0.,-1.));
#1161 = ( GEOMETRIC_REPRESENTATION_CONTEXT(2) 
PARAMETRIC_REPRESENTATION_CONTEXT() REPRESENTATION_CONTEXT('2D SPACE',''
  ) );
#1162 = ADVANCED_FACE('',(#1163),#882,.T.);
#1163 = FACE_BOUND('',#1164,.F.);
#1164 = EDGE_LOOP('',(#1165,#1166,#1167,#1194));
#1165 = ORIENTED_EDGE('',*,*,#862,.F.);
#1166 = ORIENTED_EDGE('',*,*,#1142,.T.);
#1167 = ORIENTED_EDGE('',*,*,#1168,.T.);
#1168 = EDGE_CURVE('',#1063,#1169,#1171,.T.);
#1169 = VERTEX_POINT('',#1170);
#1170 = CARTESIAN_POINT('',(-9.110234825629,-27.10915753803,
    8.096125719048));
#1171 = SURFACE_CURVE('',#1172,(#1177,#1184),.PCURVE_S1.);
#1172 = ELLIPSE('',#1173,40.445093670308,28.599);
#1173 = AXIS2_PLACEMENT_3D('',#1174,#1175,#1176);
#1174 = CARTESIAN_POINT('',(0.,0.,-1.014109106581));
#1175 = DIRECTION('',(-0.707106781187,0.,-0.707106781187));
#1176 = DIRECTION('',(-0.707106781187,0.,0.707106781187));
#1177 = PCURVE('',#882,#1178);
#1178 = DEFINITIONAL_REPRESENTATION('',(#1179),#1183);
#1179 = ELLIPSE('',#1180,40.445093670308,28.599);
#1180 = AXIS2_PLACEMENT_2D('',#1181,#1182);
#1181 = CARTESIAN_POINT('',(12.283817646808,-31.4));
#1182 = DIRECTION('',(-1.,0.));
#1183 = ( GEOMETRIC_REPRESENTATION_CONTEXT(2) 
PARAMETRIC_REPRESENTATION_CONTEXT() REPRESENTATION_CONTEXT('2D SPACE',''
  ) );
#1184 = PCURVE('',#1021,#1185);
#1185 = DEFINITIONAL_REPRESENTATION('',(#1186),#1193);
#1186 = B_SPLINE_CURVE_WITH_KNOTS('',5,(#1187,#1188,#1189,#1190,#1191,
    #1192),.UNSPECIFIED.,.F.,.F.,(6,6),(5.019422687271,5.038154682164),
  .PIECEWISE_BEZIER_KNOTS.);
#1187 = CARTESIAN_POINT('',(4.405355273498,9.629435243465));
#1188 = CARTESIAN_POINT('',(4.40160887452,9.73156787511));
#1189 = CARTESIAN_POINT('',(4.397862475541,9.833548861115));
#1190 = CARTESIAN_POINT('',(4.394116076562,9.935375215056));
#1191 = CARTESIAN_POINT('',(4.390369677584,10.037043959378));
#1192 = CARTESIAN_POINT('',(4.386623278605,10.138552125919));
#1193 = ( GEOMETRIC_REPRESENTATION_CONTEXT(2) 
PARAMETRIC_REPRESENTATION_CONTEXT() REPRESENTATION_CONTEXT('2D SPACE',''
  ) );
#1194 = ORIENTED_EDGE('',*,*,#1195,.F.);
#1195 = EDGE_CURVE('',#808,#1169,#1196,.T.);
#1196 = SURFACE_CURVE('',#1197,(#1201,#1208),.PCURVE_S1.);
#1197 = LINE('',#1198,#1199);
#1198 = CARTESIAN_POINT('',(-9.110234825629,-31.4,8.096125719048));
#1199 = VECTOR('',#1200,1.);
#1200 = DIRECTION('',(-0.,1.,-0.));
#1201 = PCURVE('',#882,#1202);
#1202 = DEFINITIONAL_REPRESENTATION('',(#1203),#1207);
#1203 = LINE('',#1204,#1205);
#1204 = CARTESIAN_POINT('',(-0.6,0.));
#1205 = VECTOR('',#1206,1.);
#1206 = DIRECTION('',(-0.,-1.));
#1207 = ( GEOMETRIC_REPRESENTATION_CONTEXT(2) 
PARAMETRIC_REPRESENTATION_CONTEXT() REPRESENTATION_CONTEXT('2D SPACE',''
  ) );
#1208 = PCURVE('',#841,#1209);
#1209 = DEFINITIONAL_REPRESENTATION('',(#1210),#1214);
#1210 = LINE('',#1211,#1212);
#1211 = CARTESIAN_POINT('',(-0.,0.));
#1212 = VECTOR('',#1213,1.);
#1213 = DIRECTION('',(-0.,-1.));
#1214 = ( GEOMETRIC_REPRESENTATION_CONTEXT(2) 
PARAMETRIC_REPRESENTATION_CONTEXT() REPRESENTATION_CONTEXT('2D SPACE',''
  ) );
#1215 = ADVANCED_FACE('',(#1216),#841,.T.);
#1216 = FACE_BOUND('',#1217,.F.);
#1217 = EDGE_LOOP('',(#1218,#1219,#1220,#1270));
#1218 = ORIENTED_EDGE('',*,*,#807,.F.);
#1219 = ORIENTED_EDGE('',*,*,#1195,.T.);
#1220 = ORIENTED_EDGE('',*,*,#1221,.T.);
#1221 = EDGE_CURVE('',#1169,#1222,#1224,.T.);
#1222 = VERTEX_POINT('',#1223);
#1223 = CARTESIAN_POINT('',(-1.793458550395,-28.5427102327,
    11.691733455587));
#1224 = SURFACE_CURVE('',#1225,(#1238,#1254),.PCURVE_S1.);
#1225 = B_SPLINE_CURVE_WITH_KNOTS('',6,(#1226,#1227,#1228,#1229,#1230,
    #1231,#1232,#1233,#1234,#1235,#1236,#1237),.UNSPECIFIED.,.F.,.F.,(7,
    5,7),(0.,0.569984768704,1.),.UNSPECIFIED.);
#1226 = CARTESIAN_POINT('',(-9.110234825629,-27.10915753803,
    8.096125719048));
#1227 = CARTESIAN_POINT('',(-8.560380178611,-27.29394029814,
    8.545081596143));
#1228 = CARTESIAN_POINT('',(-7.978738479944,-27.47451066119,
    8.97671197219));
#1229 = CARTESIAN_POINT('',(-7.364344484869,-27.64842096572,
    9.388681398886));
#1230 = CARTESIAN_POINT('',(-6.716313291521,-27.81288867151,
    9.778179221133));
#1231 = CARTESIAN_POINT('',(-6.03394000085,-27.96474687549,
    10.141869220355));
#1232 = CARTESIAN_POINT('',(-4.77576870061,-28.20280180916,
    10.727765006054));
#1233 = CARTESIAN_POINT('',(-4.214575809974,-28.29603599682,
    10.962956311691));
#1234 = CARTESIAN_POINT('',(-3.634383936886,-28.3783196441,
    11.17901502586));
#1235 = CARTESIAN_POINT('',(-3.036492120346,-28.44791280313,
    11.373779552305));
#1236 = CARTESIAN_POINT('',(-2.422331347853,-28.50319550945,
    11.545283626042));
#1237 = CARTESIAN_POINT('',(-1.793458550395,-28.5427102327,
    11.691733455587));
#1238 = PCURVE('',#841,#1239);
#1239 = DEFINITIONAL_REPRESENTATION('',(#1240),#1253);
#1240 = B_SPLINE_CURVE_WITH_KNOTS('',6,(#1241,#1242,#1243,#1244,#1245,
    #1246,#1247,#1248,#1249,#1250,#1251,#1252),.UNSPECIFIED.,.F.,.F.,(7,
    5,7),(0.,0.569984768704,1.),.UNSPECIFIED.);
#1241 = CARTESIAN_POINT('',(0.,-4.290842461967));
#1242 = CARTESIAN_POINT('',(-3.935531296741E-02,-4.106059701851));
#1243 = CARTESIAN_POINT('',(-7.946820255699E-02,-3.925489338809));
#1244 = CARTESIAN_POINT('',(-0.120407916252,-3.751579034276));
#1245 = CARTESIAN_POINT('',(-0.162244853403,-3.587111328491));
#1246 = CARTESIAN_POINT('',(-0.205051948078,-3.435253124508));
#1247 = CARTESIAN_POINT('',(-0.281998470199,-3.197198190839));
#1248 = CARTESIAN_POINT('',(-0.315707769704,-3.103964003176));
#1249 = CARTESIAN_POINT('',(-0.349989407738,-3.021680355891));
#1250 = CARTESIAN_POINT('',(-0.384804832485,-2.952087196868));
#1251 = CARTESIAN_POINT('',(-0.42012371285,-2.89680449055));
#1252 = CARTESIAN_POINT('',(-0.455921926534,-2.857289767298));
#1253 = ( GEOMETRIC_REPRESENTATION_CONTEXT(2) 
PARAMETRIC_REPRESENTATION_CONTEXT() REPRESENTATION_CONTEXT('2D SPACE',''
  ) );
#1254 = PCURVE('',#1021,#1255);
#1255 = DEFINITIONAL_REPRESENTATION('',(#1256),#1269);
#1256 = B_SPLINE_CURVE_WITH_KNOTS('',6,(#1257,#1258,#1259,#1260,#1261,
    #1262,#1263,#1264,#1265,#1266,#1267,#1268),.UNSPECIFIED.,.F.,.F.,(7,
    5,7),(0.,0.569984768704,1.),.UNSPECIFIED.);
#1257 = CARTESIAN_POINT('',(4.388188712235,10.096125719048));
#1258 = CARTESIAN_POINT('',(4.408471697653,10.545081596143));
#1259 = CARTESIAN_POINT('',(4.429761336043,10.97671197219));
#1260 = CARTESIAN_POINT('',(4.452077376603,11.388681398886));
#1261 = CARTESIAN_POINT('',(4.475440630504,11.778179221133));
#1262 = CARTESIAN_POINT('',(4.499871878218,12.141869220355));
#1263 = CARTESIAN_POINT('',(4.544645965162,12.727765006054));
#1264 = CARTESIAN_POINT('',(4.564532778846,12.962956311691));
#1265 = CARTESIAN_POINT('',(4.585013955473,13.17901502586));
#1266 = CARTESIAN_POINT('',(4.606050732301,13.373779552305));
#1267 = CARTESIAN_POINT('',(4.627604577294,13.545283626042));
#1268 = CARTESIAN_POINT('',(4.649637271187,13.691733455587));
#1269 = ( GEOMETRIC_REPRESENTATION_CONTEXT(2) 
PARAMETRIC_REPRESENTATION_CONTEXT() REPRESENTATION_CONTEXT('2D SPACE',''
  ) );
#1270 = ORIENTED_EDGE('',*,*,#1271,.F.);
#1271 = EDGE_CURVE('',#753,#1222,#1272,.T.);
#1272 = SURFACE_CURVE('',#1273,(#1277,#1284),.PCURVE_S1.);
#1273 = LINE('',#1274,#1275);
#1274 = CARTESIAN_POINT('',(-1.793458550395,-31.4,11.691733455587));
#1275 = VECTOR('',#1276,1.);
#1276 = DIRECTION('',(-0.,1.,-0.));
#1277 = PCURVE('',#841,#1278);
#1278 = DEFINITIONAL_REPRESENTATION('',(#1279),#1283);
#1279 = LINE('',#1280,#1281);
#1280 = CARTESIAN_POINT('',(-0.455921926534,0.));
#1281 = VECTOR('',#1282,1.);
#1282 = DIRECTION('',(-0.,-1.));
#1283 = ( GEOMETRIC_REPRESENTATION_CONTEXT(2) 
PARAMETRIC_REPRESENTATION_CONTEXT() REPRESENTATION_CONTEXT('2D SPACE',''
  ) );
#1284 = PCURVE('',#786,#1285);
#1285 = DEFINITIONAL_REPRESENTATION('',(#1286),#1290);
#1286 = LINE('',#1287,#1288);
#1287 = CARTESIAN_POINT('',(-0.,0.));
#1288 = VECTOR('',#1289,1.);
#1289 = DIRECTION('',(-0.,-1.));
#1290 = ( GEOMETRIC_REPRESENTATION_CONTEXT(2) 
PARAMETRIC_REPRESENTATION_CONTEXT() REPRESENTATION_CONTEXT('2D SPACE',''
  ) );
#1291 = ADVANCED_FACE('',(#1292),#786,.T.);
#1292 = FACE_BOUND('',#1293,.F.);
#1293 = EDGE_LOOP('',(#1294,#1295,#1296,#1344));
#1294 = ORIENTED_EDGE('',*,*,#752,.T.);
#1295 = ORIENTED_EDGE('',*,*,#1271,.T.);
#1296 = ORIENTED_EDGE('',*,*,#1297,.F.);
#1297 = EDGE_CURVE('',#982,#1222,#1298,.T.);
#1298 = SURFACE_CURVE('',#1299,(#1312,#1328),.PCURVE_S1.);
#1299 = B_SPLINE_CURVE_WITH_KNOTS('',6,(#1300,#1301,#1302,#1303,#1304,
    #1305,#1306,#1307,#1308,#1309,#1310,#1311),.UNSPECIFIED.,.F.,.F.,(7,
    5,7),(0.,0.379737011909,1.),.UNSPECIFIED.);
#1300 = CARTESIAN_POINT('',(-5.389066286934,-28.08666526227,
    4.374957180353));
#1301 = CARTESIAN_POINT('',(-5.042917499057,-28.15308178932,
    4.798899775348));
#1302 = CARTESIAN_POINT('',(-4.715291180068,-28.21063672705,
    5.231666837047));
#1303 = CARTESIAN_POINT('',(-4.406122917305,-28.26046353841,
    5.67228410485));
#1304 = CARTESIAN_POINT('',(-4.115303855337,-28.30356520814,
    6.119833705042));
#1305 = CARTESIAN_POINT('',(-3.842688210945,-28.3408256694,6.57345555346
    ));
#1306 = CARTESIAN_POINT('',(-3.172257320952,-28.42560950631,
    7.781905586831));
#1307 = CARTESIAN_POINT('',(-2.804444873484,-28.46469310646,
    8.545649673373));
#1308 = CARTESIAN_POINT('',(-2.48359729702,-28.49368696666,
    9.320699814744));
#1309 = CARTESIAN_POINT('',(-2.208692774432,-28.51516840053,
    10.104676041595));
#1310 = CARTESIAN_POINT('',(-1.97886176447,-28.53106056885,
    10.895590242209));
#1311 = CARTESIAN_POINT('',(-1.793458550395,-28.5427102327,
    11.691733455587));
#1312 = PCURVE('',#786,#1313);
#1313 = DEFINITIONAL_REPRESENTATION('',(#1314),#1327);
#1314 = B_SPLINE_CURVE_WITH_KNOTS('',6,(#1315,#1316,#1317,#1318,#1319,
    #1320,#1321,#1322,#1323,#1324,#1325,#1326),.UNSPECIFIED.,.F.,.F.,(7,
    5,7),(0.,0.379737011909,1.),.UNSPECIFIED.);
#1315 = CARTESIAN_POINT('',(-0.455921926534,-3.313334737726));
#1316 = CARTESIAN_POINT('',(-0.425578646548,-3.24691821068));
#1317 = CARTESIAN_POINT('',(-0.395505877266,-3.189363272941));
#1318 = CARTESIAN_POINT('',(-0.36569291381,-3.139536461584));
#1319 = CARTESIAN_POINT('',(-0.336129546247,-3.096434791853));
#1320 = CARTESIAN_POINT('',(-0.306805727173,-3.059174330597));
#1321 = CARTESIAN_POINT('',(-0.230188260468,-2.974390493683));
#1322 = CARTESIAN_POINT('',(-0.18326932349,-2.935306893535));
#1323 = CARTESIAN_POINT('',(-0.136872258769,-2.906313033333));
#1324 = CARTESIAN_POINT('',(-9.091627749263E-02,-2.884831599468));
#1325 = CARTESIAN_POINT('',(-4.531998361313E-02,-2.868939431147));
#1326 = CARTESIAN_POINT('',(0.,-2.857289767298));
#1327 = ( GEOMETRIC_REPRESENTATION_CONTEXT(2) 
PARAMETRIC_REPRESENTATION_CONTEXT() REPRESENTATION_CONTEXT('2D SPACE',''
  ) );
#1328 = PCURVE('',#1021,#1329);
#1329 = DEFINITIONAL_REPRESENTATION('',(#1330),#1343);
#1330 = B_SPLINE_CURVE_WITH_KNOTS('',6,(#1331,#1332,#1333,#1334,#1335,
    #1336,#1337,#1338,#1339,#1340,#1341,#1342),.UNSPECIFIED.,.F.,.F.,(7,
    5,7),(0.,0.379737011909,1.),.UNSPECIFIED.);
#1331 = CARTESIAN_POINT('',(4.522820137009,6.374957180353));
#1332 = CARTESIAN_POINT('',(4.535144447661,6.798899775348));
#1333 = CARTESIAN_POINT('',(4.546774316554,7.231666837047));
#1334 = CARTESIAN_POINT('',(4.557722768307,7.67228410485));
#1335 = CARTESIAN_POINT('',(4.568001671021,8.119833705042));
#1336 = CARTESIAN_POINT('',(4.577622153649,8.57345555346));
#1337 = CARTESIAN_POINT('',(4.601251321814,9.781905586831));
#1338 = CARTESIAN_POINT('',(4.614182184483,10.545649673373));
#1339 = CARTESIAN_POINT('',(4.625445221649,11.320699814744));
#1340 = CARTESIAN_POINT('',(4.635086265943,12.104676041595));
#1341 = CARTESIAN_POINT('',(4.643141629654,12.895590242209));
#1342 = CARTESIAN_POINT('',(4.649637271187,13.691733455587));
#1343 = ( GEOMETRIC_REPRESENTATION_CONTEXT(2) 
PARAMETRIC_REPRESENTATION_CONTEXT() REPRESENTATION_CONTEXT('2D SPACE',''
  ) );
#1344 = ORIENTED_EDGE('',*,*,#981,.F.);
#1345 = ADVANCED_FACE('',(#1346),#1021,.F.);
#1346 = FACE_BOUND('',#1347,.F.);
#1347 = EDGE_LOOP('',(#1348,#1349,#1350,#1351,#1352));
#1348 = ORIENTED_EDGE('',*,*,#1004,.F.);
#1349 = ORIENTED_EDGE('',*,*,#1297,.T.);
#1350 = ORIENTED_EDGE('',*,*,#1221,.F.);
#1351 = ORIENTED_EDGE('',*,*,#1168,.F.);
#1352 = ORIENTED_EDGE('',*,*,#1062,.F.);
#1353 = MANIFOLD_SOLID_BREP('',#1354);
#1354 = CLOSED_SHELL('',(#1355,#1546,#1626,#1679,#1755,#1808,#1839));
#1355 = ADVANCED_FACE('',(#1356),#1371,.T.);
#1356 = FACE_BOUND('',#1357,.T.);
#1357 = EDGE_LOOP('',(#1358,#1397,#1429,#1461,#1516));
#1358 = ORIENTED_EDGE('',*,*,#1359,.F.);
#1359 = EDGE_CURVE('',#1360,#1362,#1364,.T.);
#1360 = VERTEX_POINT('',#1361);
#1361 = CARTESIAN_POINT('',(-5.82911601811,-28.81633922703,
    19.108411581453));
#1362 = VERTEX_POINT('',#1363);
#1363 = CARTESIAN_POINT('',(-8.710055970404,-28.08015179788,
    13.922719667324));
#1364 = SURFACE_CURVE('',#1365,(#1370,#1385),.PCURVE_S1.);
#1365 = ELLIPSE('',#1366,60.538305229004,29.4);
#1366 = AXIS2_PLACEMENT_3D('',#1367,#1368,#1369);
#1367 = CARTESIAN_POINT('',(0.,0.,29.60082041405));
#1368 = DIRECTION('',(0.874157276122,0.,-0.485642931179));
#1369 = DIRECTION('',(0.485642931179,0.,0.874157276122));
#1370 = PCURVE('',#1371,#1376);
#1371 = CYLINDRICAL_SURFACE('',#1372,29.4);
#1372 = AXIS2_PLACEMENT_3D('',#1373,#1374,#1375);
#1373 = CARTESIAN_POINT('',(0.,0.,-1.));
#1374 = DIRECTION('',(0.,0.,1.));
#1375 = DIRECTION('',(1.,0.,-0.));
#1376 = DEFINITIONAL_REPRESENTATION('',(#1377),#1384);
#1377 = B_SPLINE_CURVE_WITH_KNOTS('',5,(#1378,#1379,#1380,#1381,#1382,
    #1383),.UNSPECIFIED.,.F.,.F.,(6,6),(1.760400459504,1.881847486754),
  .PIECEWISE_BEZIER_KNOTS.);
#1378 = CARTESIAN_POINT('',(4.522784847675,20.626980772866));
#1379 = CARTESIAN_POINT('',(4.498495442225,19.364621107527));
#1380 = CARTESIAN_POINT('',(4.474206036775,18.109616838703));
#1381 = CARTESIAN_POINT('',(4.449916631325,16.863519559702));
#1382 = CARTESIAN_POINT('',(4.425627225875,15.627862747298));
#1383 = CARTESIAN_POINT('',(4.401337820425,14.404150475911));
#1384 = ( GEOMETRIC_REPRESENTATION_CONTEXT(2) 
PARAMETRIC_REPRESENTATION_CONTEXT() REPRESENTATION_CONTEXT('2D SPACE',''
  ) );
#1385 = PCURVE('',#1386,#1391);
#1386 = PLANE('',#1387);
#1387 = AXIS2_PLACEMENT_3D('',#1388,#1389,#1390);
#1388 = CARTESIAN_POINT('',(-5.82911601811,-31.4,19.108411581453));
#1389 = DIRECTION('',(0.874157276122,-0.,-0.485642931179));
#1390 = DIRECTION('',(0.485642931179,-0.,0.874157276122));
#1391 = DEFINITIONAL_REPRESENTATION('',(#1392),#1396);
#1392 = ELLIPSE('',#1393,60.538305229004,29.4);
#1393 = AXIS2_PLACEMENT_2D('',#1394,#1395);
#1394 = CARTESIAN_POINT('',(12.002884514272,-31.4));
#1395 = DIRECTION('',(1.,-0.));
#1396 = ( GEOMETRIC_REPRESENTATION_CONTEXT(2) 
PARAMETRIC_REPRESENTATION_CONTEXT() REPRESENTATION_CONTEXT('2D SPACE',''
  ) );
#1397 = ORIENTED_EDGE('',*,*,#1398,.F.);
#1398 = EDGE_CURVE('',#1399,#1360,#1401,.T.);
#1399 = VERTEX_POINT('',#1400);
#1400 = CARTESIAN_POINT('',(-11.01480793223,-27.25865011727,
    16.227471629159));
#1401 = SURFACE_CURVE('',#1402,(#1407,#1417),.PCURVE_S1.);
#1402 = ELLIPSE('',#1403,33.632391793891,29.4);
#1403 = AXIS2_PLACEMENT_3D('',#1404,#1405,#1406);
#1404 = CARTESIAN_POINT('',(0.,0.,22.346809369292));
#1405 = DIRECTION('',(-0.485642931179,-0.,0.874157276122));
#1406 = DIRECTION('',(0.874157276122,0.,0.485642931179));
#1407 = PCURVE('',#1371,#1408);
#1408 = DEFINITIONAL_REPRESENTATION('',(#1409),#1416);
#1409 = B_SPLINE_CURVE_WITH_KNOTS('',5,(#1410,#1411,#1412,#1413,#1414,
    #1415),.UNSPECIFIED.,.F.,.F.,(6,6),(4.309267255818,4.530761172094),
  .PIECEWISE_BEZIER_KNOTS.);
#1410 = CARTESIAN_POINT('',(4.309267255818,16.93937763393));
#1411 = CARTESIAN_POINT('',(4.353566039073,17.604925532063));
#1412 = CARTESIAN_POINT('',(4.397864822329,18.286190700073));
#1413 = CARTESIAN_POINT('',(4.442163605584,18.980452298753));
#1414 = CARTESIAN_POINT('',(4.486462388839,19.684860431038));
#1415 = CARTESIAN_POINT('',(4.530761172094,20.396505576682));
#1416 = ( GEOMETRIC_REPRESENTATION_CONTEXT(2) 
PARAMETRIC_REPRESENTATION_CONTEXT() REPRESENTATION_CONTEXT('2D SPACE',''
  ) );
#1417 = PCURVE('',#1418,#1423);
#1418 = PLANE('',#1419);
#1419 = AXIS2_PLACEMENT_3D('',#1420,#1421,#1422);
#1420 = CARTESIAN_POINT('',(-11.01480793223,-31.4,16.227471629159));
#1421 = DIRECTION('',(-0.485642931179,-0.,0.874157276122));
#1422 = DIRECTION('',(-0.874157276122,0.,-0.485642931179));
#1423 = DEFINITIONAL_REPRESENTATION('',(#1424),#1428);
#1424 = ELLIPSE('',#1425,33.632391793891,29.4);
#1425 = AXIS2_PLACEMENT_2D('',#1426,#1427);
#1426 = CARTESIAN_POINT('',(-12.60048761603,-31.4));
#1427 = DIRECTION('',(-1.,-0.));
#1428 = ( GEOMETRIC_REPRESENTATION_CONTEXT(2) 
PARAMETRIC_REPRESENTATION_CONTEXT() REPRESENTATION_CONTEXT('2D SPACE',''
  ) );
#1429 = ORIENTED_EDGE('',*,*,#1430,.F.);
#1430 = EDGE_CURVE('',#1431,#1399,#1433,.T.);
#1431 = VERTEX_POINT('',#1432);
#1432 = CARTESIAN_POINT('',(-10.59054386352,-27.42627172392,
    15.803207560447));
#1433 = SURFACE_CURVE('',#1434,(#1439,#1449),.PCURVE_S1.);
#1434 = ELLIPSE('',#1435,41.577878733769,29.4);
#1435 = AXIS2_PLACEMENT_3D('',#1436,#1437,#1438);
#1436 = CARTESIAN_POINT('',(0.,0.,5.21266369692));
#1437 = DIRECTION('',(-0.707106781187,0.,-0.707106781187));
#1438 = DIRECTION('',(-0.707106781187,0.,0.707106781187));
#1439 = PCURVE('',#1371,#1440);
#1440 = DEFINITIONAL_REPRESENTATION('',(#1441),#1448);
#1441 = B_SPLINE_CURVE_WITH_KNOTS('',5,(#1442,#1443,#1444,#1445,#1446,
    #1447),.UNSPECIFIED.,.F.,.F.,(6,6),(5.07934899654,5.097968753154),
  .PIECEWISE_BEZIER_KNOTS.);
#1442 = CARTESIAN_POINT('',(4.345428964229,16.760781153576));
#1443 = CARTESIAN_POINT('',(4.341705012906,16.862976122798));
#1444 = CARTESIAN_POINT('',(4.337981061583,16.964988242865));
#1445 = CARTESIAN_POINT('',(4.334257110261,17.066814561231));
#1446 = CARTESIAN_POINT('',(4.330533158938,17.16845213592));
#1447 = CARTESIAN_POINT('',(4.326809207615,17.26989803603));
#1448 = ( GEOMETRIC_REPRESENTATION_CONTEXT(2) 
PARAMETRIC_REPRESENTATION_CONTEXT() REPRESENTATION_CONTEXT('2D SPACE',''
  ) );
#1449 = PCURVE('',#1450,#1455);
#1450 = PLANE('',#1451);
#1451 = AXIS2_PLACEMENT_3D('',#1452,#1453,#1454);
#1452 = CARTESIAN_POINT('',(-10.59054386352,-31.4,15.803207560447));
#1453 = DIRECTION('',(-0.707106781187,0.,-0.707106781187));
#1454 = DIRECTION('',(0.707106781187,0.,-0.707106781187));
#1455 = DEFINITIONAL_REPRESENTATION('',(#1456),#1460);
#1456 = ELLIPSE('',#1457,41.577878733769,29.4);
#1457 = AXIS2_PLACEMENT_2D('',#1458,#1459);
#1458 = CARTESIAN_POINT('',(14.977290764707,-31.4));
#1459 = DIRECTION('',(-1.,0.));
#1460 = ( GEOMETRIC_REPRESENTATION_CONTEXT(2) 
PARAMETRIC_REPRESENTATION_CONTEXT() REPRESENTATION_CONTEXT('2D SPACE',''
  ) );
#1461 = ORIENTED_EDGE('',*,*,#1462,.F.);
#1462 = EDGE_CURVE('',#1463,#1431,#1465,.T.);
#1463 = VERTEX_POINT('',#1464);
#1464 = CARTESIAN_POINT('',(-9.134320039116,-27.94502097732,
    14.346983736036));
#1465 = SURFACE_CURVE('',#1466,(#1479,#1495),.PCURVE_S1.);
#1466 = B_SPLINE_CURVE_WITH_KNOTS('',6,(#1467,#1468,#1469,#1470,#1471,
    #1472,#1473,#1474,#1475,#1476,#1477,#1478),.UNSPECIFIED.,.F.,.F.,(7,
    5,7),(0.,0.562074804521,1.),.UNSPECIFIED.);
#1467 = CARTESIAN_POINT('',(-9.134320039116,-27.94502097732,
    14.346983736036));
#1468 = CARTESIAN_POINT('',(-9.187928053965,-27.92749825781,
    14.524693612168));
#1469 = CARTESIAN_POINT('',(-9.260343162013,-27.90369155865,
    14.699019742676));
#1470 = CARTESIAN_POINT('',(-9.351819737014,-27.87333737709,
    14.867902479387));
#1471 = CARTESIAN_POINT('',(-9.462521102728,-27.83609243603,
    15.029075982202));
#1472 = CARTESIAN_POINT('',(-9.592438706172,-27.7915457077,
    15.179963083361));
#1473 = CARTESIAN_POINT('',(-9.857284776729,-27.69853872993,
    15.424723572691));
#1474 = CARTESIAN_POINT('',(-9.9849297305,-27.65305942092,
    15.523977487191));
#1475 = CARTESIAN_POINT('',(-10.12344515359,-27.60285850517,
    15.613154464167));
#1476 = CARTESIAN_POINT('',(-10.27161746585,-27.54809402185,
    15.690393529358));
#1477 = CARTESIAN_POINT('',(-10.42790701435,-27.48907328523,
    15.754146479457));
#1478 = CARTESIAN_POINT('',(-10.59054386352,-27.42627172392,
    15.803207560447));
#1479 = PCURVE('',#1371,#1480);
#1480 = DEFINITIONAL_REPRESENTATION('',(#1481),#1494);
#1481 = B_SPLINE_CURVE_WITH_KNOTS('',6,(#1482,#1483,#1484,#1485,#1486,
    #1487,#1488,#1489,#1490,#1491,#1492,#1493),.UNSPECIFIED.,.F.,.F.,(7,
    5,7),(0.,0.562074804521,1.),.UNSPECIFIED.);
#1482 = CARTESIAN_POINT('',(4.396468890818,15.346983736036));
#1483 = CARTESIAN_POINT('',(4.394550552131,15.524693612168));
#1484 = CARTESIAN_POINT('',(4.391957767124,15.699019742676));
#1485 = CARTESIAN_POINT('',(4.388679513935,15.867902479387));
#1486 = CARTESIAN_POINT('',(4.384706828841,16.029075982202));
#1487 = CARTESIAN_POINT('',(4.380035439169,16.179963083361));
#1488 = CARTESIAN_POINT('',(4.370487744448,16.424723572691));
#1489 = CARTESIAN_POINT('',(4.365878775957,16.523977487191));
#1490 = CARTESIAN_POINT('',(4.360867616842,16.613154464167));
#1491 = CARTESIAN_POINT('',(4.35549470236,16.690393529358));
#1492 = CARTESIAN_POINT('',(4.349812465222,16.754146479457));
#1493 = CARTESIAN_POINT('',(4.343882499574,16.803207560447));
#1494 = ( GEOMETRIC_REPRESENTATION_CONTEXT(2) 
PARAMETRIC_REPRESENTATION_CONTEXT() REPRESENTATION_CONTEXT('2D SPACE',''
  ) );
#1495 = PCURVE('',#1496,#1501);
#1496 = CYLINDRICAL_SURFACE('',#1497,2.178078684663);
#1497 = AXIS2_PLACEMENT_3D('',#1498,#1499,#1500);
#1498 = CARTESIAN_POINT('',(-11.21958574569,-31.4,13.717941853863));
#1499 = DIRECTION('',(-0.,-1.,-0.));
#1500 = DIRECTION('',(0.957387683589,-0.,0.288805857475));
#1501 = DEFINITIONAL_REPRESENTATION('',(#1502),#1515);
#1502 = B_SPLINE_CURVE_WITH_KNOTS('',6,(#1503,#1504,#1505,#1506,#1507,
    #1508,#1509,#1510,#1511,#1512,#1513,#1514),.UNSPECIFIED.,.F.,.F.,(7,
    5,7),(0.,0.562074804521,1.),.UNSPECIFIED.);
#1503 = CARTESIAN_POINT('',(0.,-3.454979022677));
#1504 = CARTESIAN_POINT('',(8.522169408475E-02,-3.472501742187));
#1505 = CARTESIAN_POINT('',(0.171450007181,-3.496308441345));
#1506 = CARTESIAN_POINT('',(0.258926083402,-3.526662622908));
#1507 = CARTESIAN_POINT('',(0.347925479621,-3.563907563968));
#1508 = CARTESIAN_POINT('',(0.438749236478,-3.608454292295));
#1509 = CARTESIAN_POINT('',(0.604319947524,-3.701461270065));
#1510 = CARTESIAN_POINT('',(0.678287343497,-3.746940579077));
#1511 = CARTESIAN_POINT('',(0.753468060641,-3.797141494824));
#1512 = CARTESIAN_POINT('',(0.829692456152,-3.851905978141));
#1513 = CARTESIAN_POINT('',(0.906844360803,-3.910926714768));
#1514 = CARTESIAN_POINT('',(0.984837706525,-3.973728276072));
#1515 = ( GEOMETRIC_REPRESENTATION_CONTEXT(2) 
PARAMETRIC_REPRESENTATION_CONTEXT() REPRESENTATION_CONTEXT('2D SPACE',''
  ) );
#1516 = ORIENTED_EDGE('',*,*,#1517,.F.);
#1517 = EDGE_CURVE('',#1362,#1463,#1518,.T.);
#1518 = SURFACE_CURVE('',#1519,(#1524,#1534),.PCURVE_S1.);
#1519 = ELLIPSE('',#1520,41.577878733769,29.4);
#1520 = AXIS2_PLACEMENT_3D('',#1521,#1522,#1523);
#1521 = CARTESIAN_POINT('',(0.,0.,5.21266369692));
#1522 = DIRECTION('',(-0.707106781187,0.,-0.707106781187));
#1523 = DIRECTION('',(-0.707106781187,0.,0.707106781187));
#1524 = PCURVE('',#1371,#1525);
#1525 = DEFINITIONAL_REPRESENTATION('',(#1526),#1533);
#1526 = B_SPLINE_CURVE_WITH_KNOTS('',5,(#1527,#1528,#1529,#1530,#1531,
    #1532),.UNSPECIFIED.,.F.,.F.,(6,6),(5.011653328942,5.029827657309),
  .PIECEWISE_BEZIER_KNOTS.);
#1527 = CARTESIAN_POINT('',(4.413124631827,14.880293260452));
#1528 = CARTESIAN_POINT('',(4.409489766154,14.982408547711));
#1529 = CARTESIAN_POINT('',(4.405854900481,15.084380686375));
#1530 = CARTESIAN_POINT('',(4.402220034807,15.186206865669));
#1531 = CARTESIAN_POINT('',(4.398585169134,15.287884282697));
#1532 = CARTESIAN_POINT('',(4.394950303461,15.389410142907));
#1533 = ( GEOMETRIC_REPRESENTATION_CONTEXT(2) 
PARAMETRIC_REPRESENTATION_CONTEXT() REPRESENTATION_CONTEXT('2D SPACE',''
  ) );
#1534 = PCURVE('',#1535,#1540);
#1535 = PLANE('',#1536);
#1536 = AXIS2_PLACEMENT_3D('',#1537,#1538,#1539);
#1537 = CARTESIAN_POINT('',(-8.710055970404,-31.4,13.922719667324));
#1538 = DIRECTION('',(-0.707106781187,0.,-0.707106781187));
#1539 = DIRECTION('',(0.707106781187,0.,-0.707106781187));
#1540 = DEFINITIONAL_REPRESENTATION('',(#1541),#1545);
#1541 = ELLIPSE('',#1542,41.577878733769,29.4);
#1542 = AXIS2_PLACEMENT_2D('',#1543,#1544);
#1543 = CARTESIAN_POINT('',(12.317879282374,-31.4));
#1544 = DIRECTION('',(-1.,0.));
#1545 = ( GEOMETRIC_REPRESENTATION_CONTEXT(2) 
PARAMETRIC_REPRESENTATION_CONTEXT() REPRESENTATION_CONTEXT('2D SPACE',''
  ) );
#1546 = ADVANCED_FACE('',(#1547),#1386,.T.);
#1547 = FACE_BOUND('',#1548,.F.);
#1548 = EDGE_LOOP('',(#1549,#1550,#1573,#1605));
#1549 = ORIENTED_EDGE('',*,*,#1359,.F.);
#1550 = ORIENTED_EDGE('',*,*,#1551,.T.);
#1551 = EDGE_CURVE('',#1360,#1552,#1554,.T.);
#1552 = VERTEX_POINT('',#1553);
#1553 = CARTESIAN_POINT('',(-5.82911601811,-27.99864652884,
    19.108411581453));
#1554 = SURFACE_CURVE('',#1555,(#1559,#1566),.PCURVE_S1.);
#1555 = LINE('',#1556,#1557);
#1556 = CARTESIAN_POINT('',(-5.82911601811,-31.4,19.108411581453));
#1557 = VECTOR('',#1558,1.);
#1558 = DIRECTION('',(-0.,1.,-0.));
#1559 = PCURVE('',#1386,#1560);
#1560 = DEFINITIONAL_REPRESENTATION('',(#1561),#1565);
#1561 = LINE('',#1562,#1563);
#1562 = CARTESIAN_POINT('',(-0.,-0.));
#1563 = VECTOR('',#1564,1.);
#1564 = DIRECTION('',(-0.,-1.));
#1565 = ( GEOMETRIC_REPRESENTATION_CONTEXT(2) 
PARAMETRIC_REPRESENTATION_CONTEXT() REPRESENTATION_CONTEXT('2D SPACE',''
  ) );
#1566 = PCURVE('',#1418,#1567);
#1567 = DEFINITIONAL_REPRESENTATION('',(#1568),#1572);
#1568 = LINE('',#1569,#1570);
#1569 = CARTESIAN_POINT('',(-5.932218441443,-0.));
#1570 = VECTOR('',#1571,1.);
#1571 = DIRECTION('',(-0.,-1.));
#1572 = ( GEOMETRIC_REPRESENTATION_CONTEXT(2) 
PARAMETRIC_REPRESENTATION_CONTEXT() REPRESENTATION_CONTEXT('2D SPACE',''
  ) );
#1573 = ORIENTED_EDGE('',*,*,#1574,.T.);
#1574 = EDGE_CURVE('',#1552,#1575,#1577,.T.);
#1575 = VERTEX_POINT('',#1576);
#1576 = CARTESIAN_POINT('',(-8.710055970404,-27.24036941732,
    13.922719667324));
#1577 = SURFACE_CURVE('',#1578,(#1583,#1590),.PCURVE_S1.);
#1578 = ELLIPSE('',#1579,58.888945280417,28.599);
#1579 = AXIS2_PLACEMENT_3D('',#1580,#1581,#1582);
#1580 = CARTESIAN_POINT('',(0.,0.,29.60082041405));
#1581 = DIRECTION('',(0.874157276122,0.,-0.485642931179));
#1582 = DIRECTION('',(0.485642931179,0.,0.874157276122));
#1583 = PCURVE('',#1386,#1584);
#1584 = DEFINITIONAL_REPRESENTATION('',(#1585),#1589);
#1585 = ELLIPSE('',#1586,58.888945280417,28.599);
#1586 = AXIS2_PLACEMENT_2D('',#1587,#1588);
#1587 = CARTESIAN_POINT('',(12.002884514272,-31.4));
#1588 = DIRECTION('',(1.,-0.));
#1589 = ( GEOMETRIC_REPRESENTATION_CONTEXT(2) 
PARAMETRIC_REPRESENTATION_CONTEXT() REPRESENTATION_CONTEXT('2D SPACE',''
  ) );
#1590 = PCURVE('',#1591,#1596);
#1591 = CYLINDRICAL_SURFACE('',#1592,28.599);
#1592 = AXIS2_PLACEMENT_3D('',#1593,#1594,#1595);
#1593 = CARTESIAN_POINT('',(0.,0.,-2.));
#1594 = DIRECTION('',(0.,0.,1.));
#1595 = DIRECTION('',(1.,0.,-0.));
#1596 = DEFINITIONAL_REPRESENTATION('',(#1597),#1604);
#1597 = B_SPLINE_CURVE_WITH_KNOTS('',5,(#1598,#1599,#1600,#1601,#1602,
    #1603),.UNSPECIFIED.,.F.,.F.,(6,6),(1.76577825252,1.890864876068),
  .PIECEWISE_BEZIER_KNOTS.);
#1598 = CARTESIAN_POINT('',(4.517407054659,21.626980772866));
#1599 = CARTESIAN_POINT('',(4.49238972995,20.363537116898));
#1600 = CARTESIAN_POINT('',(4.46737240524,19.107896325024));
#1601 = CARTESIAN_POINT('',(4.442355080531,17.861705796669));
#1602 = CARTESIAN_POINT('',(4.417337755821,16.626592541009));
#1603 = CARTESIAN_POINT('',(4.392320431112,15.404150475911));
#1604 = ( GEOMETRIC_REPRESENTATION_CONTEXT(2) 
PARAMETRIC_REPRESENTATION_CONTEXT() REPRESENTATION_CONTEXT('2D SPACE',''
  ) );
#1605 = ORIENTED_EDGE('',*,*,#1606,.F.);
#1606 = EDGE_CURVE('',#1362,#1575,#1607,.T.);
#1607 = SURFACE_CURVE('',#1608,(#1612,#1619),.PCURVE_S1.);
#1608 = LINE('',#1609,#1610);
#1609 = CARTESIAN_POINT('',(-8.710055970404,-31.4,13.922719667324));
#1610 = VECTOR('',#1611,1.);
#1611 = DIRECTION('',(-0.,1.,-0.));
#1612 = PCURVE('',#1386,#1613);
#1613 = DEFINITIONAL_REPRESENTATION('',(#1614),#1618);
#1614 = LINE('',#1615,#1616);
#1615 = CARTESIAN_POINT('',(-5.932218441443,0.));
#1616 = VECTOR('',#1617,1.);
#1617 = DIRECTION('',(-0.,-1.));
#1618 = ( GEOMETRIC_REPRESENTATION_CONTEXT(2) 
PARAMETRIC_REPRESENTATION_CONTEXT() REPRESENTATION_CONTEXT('2D SPACE',''
  ) );
#1619 = PCURVE('',#1535,#1620);
#1620 = DEFINITIONAL_REPRESENTATION('',(#1621),#1625);
#1621 = LINE('',#1622,#1623);
#1622 = CARTESIAN_POINT('',(-0.,0.));
#1623 = VECTOR('',#1624,1.);
#1624 = DIRECTION('',(-0.,-1.));
#1625 = ( GEOMETRIC_REPRESENTATION_CONTEXT(2) 
PARAMETRIC_REPRESENTATION_CONTEXT() REPRESENTATION_CONTEXT('2D SPACE',''
  ) );
#1626 = ADVANCED_FACE('',(#1627),#1535,.T.);
#1627 = FACE_BOUND('',#1628,.F.);
#1628 = EDGE_LOOP('',(#1629,#1630,#1631,#1658));
#1629 = ORIENTED_EDGE('',*,*,#1517,.F.);
#1630 = ORIENTED_EDGE('',*,*,#1606,.T.);
#1631 = ORIENTED_EDGE('',*,*,#1632,.T.);
#1632 = EDGE_CURVE('',#1575,#1633,#1635,.T.);
#1633 = VERTEX_POINT('',#1634);
#1634 = CARTESIAN_POINT('',(-9.134320039116,-27.10105161101,
    14.346983736036));
#1635 = SURFACE_CURVE('',#1636,(#1641,#1648),.PCURVE_S1.);
#1636 = ELLIPSE('',#1637,40.445093670308,28.599);
#1637 = AXIS2_PLACEMENT_3D('',#1638,#1639,#1640);
#1638 = CARTESIAN_POINT('',(0.,0.,5.21266369692));
#1639 = DIRECTION('',(-0.707106781187,0.,-0.707106781187));
#1640 = DIRECTION('',(-0.707106781187,0.,0.707106781187));
#1641 = PCURVE('',#1535,#1642);
#1642 = DEFINITIONAL_REPRESENTATION('',(#1643),#1647);
#1643 = ELLIPSE('',#1644,40.445093670308,28.599);
#1644 = AXIS2_PLACEMENT_2D('',#1645,#1646);
#1645 = CARTESIAN_POINT('',(12.317879282374,-31.4));
#1646 = DIRECTION('',(-1.,0.));
#1647 = ( GEOMETRIC_REPRESENTATION_CONTEXT(2) 
PARAMETRIC_REPRESENTATION_CONTEXT() REPRESENTATION_CONTEXT('2D SPACE',''
  ) );
#1648 = PCURVE('',#1591,#1649);
#1649 = DEFINITIONAL_REPRESENTATION('',(#1650),#1657);
#1650 = B_SPLINE_CURVE_WITH_KNOTS('',5,(#1651,#1652,#1653,#1654,#1655,
    #1656),.UNSPECIFIED.,.F.,.F.,(6,6),(5.020306297837,5.039043737555),
  .PIECEWISE_BEZIER_KNOTS.);
#1651 = CARTESIAN_POINT('',(4.404471662933,15.880293260452));
#1652 = CARTESIAN_POINT('',(4.400724174989,15.982426917548));
#1653 = CARTESIAN_POINT('',(4.396976687045,16.084408418027));
#1654 = CARTESIAN_POINT('',(4.393229199102,16.186234773699));
#1655 = CARTESIAN_POINT('',(4.389481711158,16.287903005278));
#1656 = CARTESIAN_POINT('',(4.385734223215,16.389410142907));
#1657 = ( GEOMETRIC_REPRESENTATION_CONTEXT(2) 
PARAMETRIC_REPRESENTATION_CONTEXT() REPRESENTATION_CONTEXT('2D SPACE',''
  ) );
#1658 = ORIENTED_EDGE('',*,*,#1659,.F.);
#1659 = EDGE_CURVE('',#1463,#1633,#1660,.T.);
#1660 = SURFACE_CURVE('',#1661,(#1665,#1672),.PCURVE_S1.);
#1661 = LINE('',#1662,#1663);
#1662 = CARTESIAN_POINT('',(-9.134320039116,-31.4,14.346983736036));
#1663 = VECTOR('',#1664,1.);
#1664 = DIRECTION('',(-0.,1.,-0.));
#1665 = PCURVE('',#1535,#1666);
#1666 = DEFINITIONAL_REPRESENTATION('',(#1667),#1671);
#1667 = LINE('',#1668,#1669);
#1668 = CARTESIAN_POINT('',(-0.6,0.));
#1669 = VECTOR('',#1670,1.);
#1670 = DIRECTION('',(-0.,-1.));
#1671 = ( GEOMETRIC_REPRESENTATION_CONTEXT(2) 
PARAMETRIC_REPRESENTATION_CONTEXT() REPRESENTATION_CONTEXT('2D SPACE',''
  ) );
#1672 = PCURVE('',#1496,#1673);
#1673 = DEFINITIONAL_REPRESENTATION('',(#1674),#1678);
#1674 = LINE('',#1675,#1676);
#1675 = CARTESIAN_POINT('',(0.,0.));
#1676 = VECTOR('',#1677,1.);
#1677 = DIRECTION('',(0.,-1.));
#1678 = ( GEOMETRIC_REPRESENTATION_CONTEXT(2) 
PARAMETRIC_REPRESENTATION_CONTEXT() REPRESENTATION_CONTEXT('2D SPACE',''
  ) );
#1679 = ADVANCED_FACE('',(#1680),#1496,.F.);
#1680 = FACE_BOUND('',#1681,.F.);
#1681 = EDGE_LOOP('',(#1682,#1683,#1684,#1734));
#1682 = ORIENTED_EDGE('',*,*,#1462,.F.);
#1683 = ORIENTED_EDGE('',*,*,#1659,.T.);
#1684 = ORIENTED_EDGE('',*,*,#1685,.T.);
#1685 = EDGE_CURVE('',#1633,#1686,#1688,.T.);
#1686 = VERTEX_POINT('',#1687);
#1687 = CARTESIAN_POINT('',(-10.59054386352,-26.565827329,
    15.803207560447));
#1688 = SURFACE_CURVE('',#1689,(#1702,#1718),.PCURVE_S1.);
#1689 = B_SPLINE_CURVE_WITH_KNOTS('',6,(#1690,#1691,#1692,#1693,#1694,
    #1695,#1696,#1697,#1698,#1699,#1700,#1701),.UNSPECIFIED.,.F.,.F.,(7,
    5,7),(0.,0.561363063795,1.),.UNSPECIFIED.);
#1690 = CARTESIAN_POINT('',(-9.134320039116,-27.10105161101,
    14.346983736036));
#1691 = CARTESIAN_POINT('',(-9.187971505461,-27.08296856128,
    14.524837653317));
#1692 = CARTESIAN_POINT('',(-9.260454156206,-27.05839662537,
    14.699281112406));
#1693 = CARTESIAN_POINT('',(-9.352004944166,-27.02706844251,
    14.868218989196));
#1694 = CARTESIAN_POINT('',(-9.462748499131,-26.98864068027,
    15.029362572763));
#1695 = CARTESIAN_POINT('',(-9.592623445207,-26.94270556223,
    15.180133812029));
#1696 = CARTESIAN_POINT('',(-9.857476218555,-26.84675457885,
    15.424900495817));
#1697 = CARTESIAN_POINT('',(-9.985277836101,-26.79977313897,
    15.524237366931));
#1698 = CARTESIAN_POINT('',(-10.12388376445,-26.74793584903,
    15.613411783486));
#1699 = CARTESIAN_POINT('',(-10.27204736877,-26.69141722286,
    15.690582690109));
#1700 = CARTESIAN_POINT('',(-10.42819855765,-26.63054675451,
    15.754234426497));
#1701 = CARTESIAN_POINT('',(-10.59054386352,-26.565827329,
    15.803207560447));
#1702 = PCURVE('',#1496,#1703);
#1703 = DEFINITIONAL_REPRESENTATION('',(#1704),#1717);
#1704 = B_SPLINE_CURVE_WITH_KNOTS('',6,(#1705,#1706,#1707,#1708,#1709,
    #1710,#1711,#1712,#1713,#1714,#1715,#1716),.UNSPECIFIED.,.F.,.F.,(7,
    5,7),(0.,0.561363063795,1.),.UNSPECIFIED.);
#1705 = CARTESIAN_POINT('',(0.,-4.298948388983));
#1706 = CARTESIAN_POINT('',(8.529076976601E-02,-4.317031438718));
#1707 = CARTESIAN_POINT('',(0.171579601475,-4.341603374622));
#1708 = CARTESIAN_POINT('',(0.259092511917,-4.372931557489));
#1709 = CARTESIAN_POINT('',(0.348091467519,-4.411359319729));
#1710 = CARTESIAN_POINT('',(0.438864727613,-4.457294437768));
#1711 = CARTESIAN_POINT('',(0.604439628964,-4.553245421143));
#1712 = CARTESIAN_POINT('',(0.678485706764,-4.600226861021));
#1713 = CARTESIAN_POINT('',(0.753699530607,-4.652064150969));
#1714 = CARTESIAN_POINT('',(0.829906516524,-4.708582777136));
#1715 = CARTESIAN_POINT('',(0.906984171906,-4.769453245482));
#1716 = CARTESIAN_POINT('',(0.984837706525,-4.834172670991));
#1717 = ( GEOMETRIC_REPRESENTATION_CONTEXT(2) 
PARAMETRIC_REPRESENTATION_CONTEXT() REPRESENTATION_CONTEXT('2D SPACE',''
  ) );
#1718 = PCURVE('',#1591,#1719);
#1719 = DEFINITIONAL_REPRESENTATION('',(#1720),#1733);
#1720 = B_SPLINE_CURVE_WITH_KNOTS('',6,(#1721,#1722,#1723,#1724,#1725,
    #1726,#1727,#1728,#1729,#1730,#1731,#1732),.UNSPECIFIED.,.F.,.F.,(7,
    5,7),(0.,0.561363063795,1.),.UNSPECIFIED.);
#1721 = CARTESIAN_POINT('',(4.387300126403,16.346983736036));
#1722 = CARTESIAN_POINT('',(4.385320444319,16.524837653317));
#1723 = CARTESIAN_POINT('',(4.382644326946,16.699281112406));
#1724 = CARTESIAN_POINT('',(4.379260922342,16.868218989196));
#1725 = CARTESIAN_POINT('',(4.375162205659,17.029362572763));
#1726 = CARTESIAN_POINT('',(4.370345429529,17.180133812029));
#1727 = CARTESIAN_POINT('',(4.360495515905,17.424900495817));
#1728 = CARTESIAN_POINT('',(4.355734435883,17.524237366931));
#1729 = CARTESIAN_POINT('',(4.350560193985,17.613411783486));
#1730 = CARTESIAN_POINT('',(4.345015529918,17.690582690109));
#1731 = CARTESIAN_POINT('',(4.339155501191,17.754234426497));
#1732 = CARTESIAN_POINT('',(4.333044443407,17.803207560447));
#1733 = ( GEOMETRIC_REPRESENTATION_CONTEXT(2) 
PARAMETRIC_REPRESENTATION_CONTEXT() REPRESENTATION_CONTEXT('2D SPACE',''
  ) );
#1734 = ORIENTED_EDGE('',*,*,#1735,.F.);
#1735 = EDGE_CURVE('',#1431,#1686,#1736,.T.);
#1736 = SURFACE_CURVE('',#1737,(#1741,#1748),.PCURVE_S1.);
#1737 = LINE('',#1738,#1739);
#1738 = CARTESIAN_POINT('',(-10.59054386352,-31.4,15.803207560447));
#1739 = VECTOR('',#1740,1.);
#1740 = DIRECTION('',(-0.,1.,-0.));
#1741 = PCURVE('',#1496,#1742);
#1742 = DEFINITIONAL_REPRESENTATION('',(#1743),#1747);
#1743 = LINE('',#1744,#1745);
#1744 = CARTESIAN_POINT('',(0.984837706525,0.));
#1745 = VECTOR('',#1746,1.);
#1746 = DIRECTION('',(0.,-1.));
#1747 = ( GEOMETRIC_REPRESENTATION_CONTEXT(2) 
PARAMETRIC_REPRESENTATION_CONTEXT() REPRESENTATION_CONTEXT('2D SPACE',''
  ) );
#1748 = PCURVE('',#1450,#1749);
#1749 = DEFINITIONAL_REPRESENTATION('',(#1750),#1754);
#1750 = LINE('',#1751,#1752);
#1751 = CARTESIAN_POINT('',(-0.,0.));
#1752 = VECTOR('',#1753,1.);
#1753 = DIRECTION('',(-0.,-1.));
#1754 = ( GEOMETRIC_REPRESENTATION_CONTEXT(2) 
PARAMETRIC_REPRESENTATION_CONTEXT() REPRESENTATION_CONTEXT('2D SPACE',''
  ) );
#1755 = ADVANCED_FACE('',(#1756),#1450,.T.);
#1756 = FACE_BOUND('',#1757,.F.);
#1757 = EDGE_LOOP('',(#1758,#1759,#1760,#1787));
#1758 = ORIENTED_EDGE('',*,*,#1430,.F.);
#1759 = ORIENTED_EDGE('',*,*,#1735,.T.);
#1760 = ORIENTED_EDGE('',*,*,#1761,.T.);
#1761 = EDGE_CURVE('',#1686,#1762,#1764,.T.);
#1762 = VERTEX_POINT('',#1763);
#1763 = CARTESIAN_POINT('',(-11.01480793223,-26.39274156308,
    16.227471629159));
#1764 = SURFACE_CURVE('',#1765,(#1770,#1777),.PCURVE_S1.);
#1765 = ELLIPSE('',#1766,40.445093670308,28.599);
#1766 = AXIS2_PLACEMENT_3D('',#1767,#1768,#1769);
#1767 = CARTESIAN_POINT('',(0.,0.,5.21266369692));
#1768 = DIRECTION('',(-0.707106781187,0.,-0.707106781187));
#1769 = DIRECTION('',(-0.707106781187,0.,0.707106781187));
#1770 = PCURVE('',#1450,#1771);
#1771 = DEFINITIONAL_REPRESENTATION('',(#1772),#1776);
#1772 = ELLIPSE('',#1773,40.445093670308,28.599);
#1773 = AXIS2_PLACEMENT_2D('',#1774,#1775);
#1774 = CARTESIAN_POINT('',(14.977290764707,-31.4));
#1775 = DIRECTION('',(-1.,0.));
#1776 = ( GEOMETRIC_REPRESENTATION_CONTEXT(2) 
PARAMETRIC_REPRESENTATION_CONTEXT() REPRESENTATION_CONTEXT('2D SPACE',''
  ) );
#1777 = PCURVE('',#1591,#1778);
#1778 = DEFINITIONAL_REPRESENTATION('',(#1779),#1786);
#1779 = B_SPLINE_CURVE_WITH_KNOTS('',5,(#1780,#1781,#1782,#1783,#1784,
    #1785),.UNSPECIFIED.,.F.,.F.,(6,6),(5.090136995359,5.109363707652),
  .PIECEWISE_BEZIER_KNOTS.);
#1780 = CARTESIAN_POINT('',(4.334640965411,17.760781153576));
#1781 = CARTESIAN_POINT('',(4.330795622952,17.863000744328));
#1782 = CARTESIAN_POINT('',(4.326950280493,17.965025370814));
#1783 = CARTESIAN_POINT('',(4.323104938034,18.066851884107));
#1784 = CARTESIAN_POINT('',(4.319259595576,18.168477147287));
#1785 = CARTESIAN_POINT('',(4.315414253117,18.26989803603));
#1786 = ( GEOMETRIC_REPRESENTATION_CONTEXT(2) 
PARAMETRIC_REPRESENTATION_CONTEXT() REPRESENTATION_CONTEXT('2D SPACE',''
  ) );
#1787 = ORIENTED_EDGE('',*,*,#1788,.F.);
#1788 = EDGE_CURVE('',#1399,#1762,#1789,.T.);
#1789 = SURFACE_CURVE('',#1790,(#1794,#1801),.PCURVE_S1.);
#1790 = LINE('',#1791,#1792);
#1791 = CARTESIAN_POINT('',(-11.01480793223,-31.4,16.227471629159));
#1792 = VECTOR('',#1793,1.);
#1793 = DIRECTION('',(-0.,1.,-0.));
#1794 = PCURVE('',#1450,#1795);
#1795 = DEFINITIONAL_REPRESENTATION('',(#1796),#1800);
#1796 = LINE('',#1797,#1798);
#1797 = CARTESIAN_POINT('',(-0.6,0.));
#1798 = VECTOR('',#1799,1.);
#1799 = DIRECTION('',(-0.,-1.));
#1800 = ( GEOMETRIC_REPRESENTATION_CONTEXT(2) 
PARAMETRIC_REPRESENTATION_CONTEXT() REPRESENTATION_CONTEXT('2D SPACE',''
  ) );
#1801 = PCURVE('',#1418,#1802);
#1802 = DEFINITIONAL_REPRESENTATION('',(#1803),#1807);
#1803 = LINE('',#1804,#1805);
#1804 = CARTESIAN_POINT('',(-0.,-0.));
#1805 = VECTOR('',#1806,1.);
#1806 = DIRECTION('',(-0.,-1.));
#1807 = ( GEOMETRIC_REPRESENTATION_CONTEXT(2) 
PARAMETRIC_REPRESENTATION_CONTEXT() REPRESENTATION_CONTEXT('2D SPACE',''
  ) );
#1808 = ADVANCED_FACE('',(#1809),#1418,.T.);
#1809 = FACE_BOUND('',#1810,.F.);
#1810 = EDGE_LOOP('',(#1811,#1812,#1813,#1838));
#1811 = ORIENTED_EDGE('',*,*,#1398,.F.);
#1812 = ORIENTED_EDGE('',*,*,#1788,.T.);
#1813 = ORIENTED_EDGE('',*,*,#1814,.T.);
#1814 = EDGE_CURVE('',#1762,#1552,#1815,.T.);
#1815 = SURFACE_CURVE('',#1816,(#1821,#1828),.PCURVE_S1.);
#1816 = ELLIPSE('',#1817,32.716080711343,28.599);
#1817 = AXIS2_PLACEMENT_3D('',#1818,#1819,#1820);
#1818 = CARTESIAN_POINT('',(0.,0.,22.346809369292));
#1819 = DIRECTION('',(-0.485642931179,-0.,0.874157276122));
#1820 = DIRECTION('',(0.874157276122,0.,0.485642931179));
#1821 = PCURVE('',#1418,#1822);
#1822 = DEFINITIONAL_REPRESENTATION('',(#1823),#1827);
#1823 = ELLIPSE('',#1824,32.716080711343,28.599);
#1824 = AXIS2_PLACEMENT_2D('',#1825,#1826);
#1825 = CARTESIAN_POINT('',(-12.60048761603,-31.4));
#1826 = DIRECTION('',(-1.,-0.));
#1827 = ( GEOMETRIC_REPRESENTATION_CONTEXT(2) 
PARAMETRIC_REPRESENTATION_CONTEXT() REPRESENTATION_CONTEXT('2D SPACE',''
  ) );
#1828 = PCURVE('',#1591,#1829);
#1829 = DEFINITIONAL_REPRESENTATION('',(#1830),#1837);
#1830 = B_SPLINE_CURVE_WITH_KNOTS('',5,(#1831,#1832,#1833,#1834,#1835,
    #1836),.UNSPECIFIED.,.F.,.F.,(6,6),(4.297291608517,4.525615004749),
  .PIECEWISE_BEZIER_KNOTS.);
#1831 = CARTESIAN_POINT('',(4.297291608517,17.93937763393));
#1832 = CARTESIAN_POINT('',(4.342956287764,18.603298656949));
#1833 = CARTESIAN_POINT('',(4.38862096701,19.283921133707));
#1834 = CARTESIAN_POINT('',(4.434285646257,19.978360934931));
#1835 = CARTESIAN_POINT('',(4.479950325503,20.683588166065));
#1836 = CARTESIAN_POINT('',(4.525615004749,21.396505576682));
#1837 = ( GEOMETRIC_REPRESENTATION_CONTEXT(2) 
PARAMETRIC_REPRESENTATION_CONTEXT() REPRESENTATION_CONTEXT('2D SPACE',''
  ) );
#1838 = ORIENTED_EDGE('',*,*,#1551,.F.);
#1839 = ADVANCED_FACE('',(#1840),#1591,.F.);
#1840 = FACE_BOUND('',#1841,.F.);
#1841 = EDGE_LOOP('',(#1842,#1843,#1844,#1845,#1846));
#1842 = ORIENTED_EDGE('',*,*,#1574,.F.);
#1843 = ORIENTED_EDGE('',*,*,#1814,.F.);
#1844 = ORIENTED_EDGE('',*,*,#1761,.F.);
#1845 = ORIENTED_EDGE('',*,*,#1685,.F.);
#1846 = ORIENTED_EDGE('',*,*,#1632,.F.);
#1847 = ( GEOMETRIC_REPRESENTATION_CONTEXT(3) 
GLOBAL_UNCERTAINTY_ASSIGNED_CONTEXT((#1851)) 
GLOBAL_UNIT_ASSIGNED_CONTEXT((#1848,#1849,#1850)) REPRESENTATION_CONTEXT
('Context #1','3D Context with UNIT and UNCERTAINTY') );
#1848 = ( LENGTH_UNIT() NAMED_UNIT(*) SI_UNIT(.MILLI.,.METRE.) );
#1849 = ( NAMED_UNIT(*) PLANE_ANGLE_UNIT() SI_UNIT($,.RADIAN.) );
#1850 = ( NAMED_UNIT(*) SI_UNIT($,.STERADIAN.) SOLID_ANGLE_UNIT() );
#1851 = UNCERTAINTY_MEASURE_WITH_UNIT(LENGTH_MEASURE(1.E-07),#1848,
  'distance_accuracy_value','confusion accuracy');
#1852 = PRODUCT_RELATED_PRODUCT_CATEGORY('part',$,(#703));
#1853 = SHAPE_DEFINITION_REPRESENTATION(#1854,#1860);
#1854 = PRODUCT_DEFINITION_SHAPE('','',#1855);
#1855 = PRODUCT_DEFINITION('design','',#1856,#1859);
#1856 = PRODUCT_DEFINITION_FORMATION('','',#1857);
#1857 = PRODUCT('cones, O blue','cones, O blue','',(#1858));
#1858 = PRODUCT_CONTEXT('',#2,'mechanical');
#1859 = PRODUCT_DEFINITION_CONTEXT('part definition',#2,'design');
#1860 = SHAPE_REPRESENTATION('',(#11,#1861,#2933),#5004);
#1861 = MANIFOLD_SOLID_BREP('',#1862);
#1862 = CLOSED_SHELL('',(#1863,#2346,#2587,#2759,#2812,#2894,#2925));
#1863 = ADVANCED_FACE('',(#1864),#1933,.T.);
#1864 = FACE_BOUND('',#1865,.T.);
#1865 = EDGE_LOOP('',(#1866,#2069,#2101,#2162,#2194));
#1866 = ORIENTED_EDGE('',*,*,#1867,.F.);
#1867 = EDGE_CURVE('',#1868,#1870,#1872,.T.);
#1868 = VERTEX_POINT('',#1869);
#1869 = CARTESIAN_POINT('',(0.560336925737,-29.3946597621,4.749810552748
    ));
#1870 = VERTEX_POINT('',#1871);
#1871 = CARTESIAN_POINT('',(4.809748453057,-29.00390180334,
    6.749411548621));
#1872 = SURFACE_CURVE('',#1873,(#1932,#1999),.PCURVE_S1.);
#1873 = B_SPLINE_CURVE_WITH_KNOTS('',8,(#1874,#1875,#1876,#1877,#1878,
    #1879,#1880,#1881,#1882,#1883,#1884,#1885,#1886,#1887,#1888,#1889,
    #1890,#1891,#1892,#1893,#1894,#1895,#1896,#1897,#1898,#1899,#1900,
    #1901,#1902,#1903,#1904,#1905,#1906,#1907,#1908,#1909,#1910,#1911,
    #1912,#1913,#1914,#1915,#1916,#1917,#1918,#1919,#1920,#1921,#1922,
    #1923,#1924,#1925,#1926,#1927,#1928,#1929,#1930,#1931),
  .UNSPECIFIED.,.F.,.F.,(9,7,7,7,7,7,7,7,9),(0.,0.320926038149,
    0.590918125316,0.797262279809,0.889076829269,0.91765759936,
    0.933000251446,0.963603482204,1.),.UNSPECIFIED.);
#1874 = CARTESIAN_POINT('',(0.560336925737,-29.3946597621,4.749810552748
    ));
#1875 = CARTESIAN_POINT('',(0.703278207433,-29.39193493796,4.87489012953
    ));
#1876 = CARTESIAN_POINT('',(0.848196546443,-29.38837770256,
    4.998754703493));
#1877 = CARTESIAN_POINT('',(0.99515032731,-29.38394833818,5.121334066015
    ));
#1878 = CARTESIAN_POINT('',(1.144208931556,-29.37860377748,
    5.242534404296));
#1879 = CARTESIAN_POINT('',(1.295452284489,-29.37229774159,
    5.362238716468));
#1880 = CARTESIAN_POINT('',(1.448977770382,-29.3649795538,5.48030153133)
  );
#1881 = CARTESIAN_POINT('',(1.604914516025,-29.35659162894,
    5.596537932706));
#1882 = CARTESIAN_POINT('',(1.896815298333,-29.33905151117,
    5.806756167639));
#1883 = CARTESIAN_POINT('',(2.031984169802,-29.33023412867,
    5.901315455981));
#1884 = CARTESIAN_POINT('',(2.16909018529,-29.32057145165,5.994262189238
    ));
#1885 = CARTESIAN_POINT('',(2.308266487608,-29.31001744065,
    6.085423928368));
#1886 = CARTESIAN_POINT('',(2.449659049582,-29.29851945945,
    6.174558096915));
#1887 = CARTESIAN_POINT('',(2.593428980136,-29.2860187561,6.261349945089
    ));
#1888 = CARTESIAN_POINT('',(2.739783184969,-29.27244599052,
    6.345381944128));
#1889 = CARTESIAN_POINT('',(3.003177431441,-29.24643689441,
    6.487662228136));
#1890 = CARTESIAN_POINT('',(3.118766842199,-29.23450940284,
    6.547194887205));
#1891 = CARTESIAN_POINT('',(3.236195999204,-29.22186262658,
    6.604473483295));
#1892 = CARTESIAN_POINT('',(3.35571647292,-29.20843750413,6.659143946996
    ));
#1893 = CARTESIAN_POINT('',(3.477465145814,-29.19418227512,6.71069987108
    ));
#1894 = CARTESIAN_POINT('',(3.601546087088,-29.17904203322,
    6.758299667323));
#1895 = CARTESIAN_POINT('',(3.72795841302,-29.16297772507,6.80092133065)
  );
#1896 = CARTESIAN_POINT('',(3.914420220165,-29.1383024384,6.852481111588
    ));
#1897 = CARTESIAN_POINT('',(3.972260743336,-29.13051660998,
    6.866956841172));
#1898 = CARTESIAN_POINT('',(4.030580509857,-29.12253231394,
    6.879875730805));
#1899 = CARTESIAN_POINT('',(4.089362010217,-29.11434754068,
    6.891016769847));
#1900 = CARTESIAN_POINT('',(4.148512521595,-29.10597094922,
    6.900095394057));
#1901 = CARTESIAN_POINT('',(4.207863821182,-29.09742348102,
    6.906763390558));
#1902 = CARTESIAN_POINT('',(4.267171823897,-29.08874002001,
    6.910606577712));
#1903 = CARTESIAN_POINT('',(4.344464805819,-29.07724143854,
    6.911306388796));
#1904 = CARTESIAN_POINT('',(4.362770942088,-29.07450458084,
    6.911151729737));
#1905 = CARTESIAN_POINT('',(4.381021739896,-29.07176253498,
    6.910662125587));
#1906 = CARTESIAN_POINT('',(4.399202126981,-29.0690177015,6.909822983485
    ));
#1907 = CARTESIAN_POINT('',(4.417294876197,-29.06627286797,
    6.908619666423));
#1908 = CARTESIAN_POINT('',(4.435280709506,-29.06353120476,
    6.907037884824));
#1909 = CARTESIAN_POINT('',(4.453138401974,-29.06079626084,
    6.905064088108));
#1910 = CARTESIAN_POINT('',(4.480350032744,-29.05660950748,
    6.901409180246));
#1911 = CARTESIAN_POINT('',(4.489811549508,-29.05515013101,
    6.900016000867));
#1912 = CARTESIAN_POINT('',(4.499225767278,-29.05369445188,
    6.898504366003));
#1913 = CARTESIAN_POINT('',(4.508588891775,-29.05224311913,
    6.896872488121));
#1914 = CARTESIAN_POINT('',(4.517897003227,-29.05079680907,
    6.895118744284));
#1915 = CARTESIAN_POINT('',(4.527146056363,-29.04935622529,6.89324167615
    ));
#1916 = CARTESIAN_POINT('',(4.536331880415,-29.04792209866,6.89123998997
    ));
#1917 = CARTESIAN_POINT('',(4.563637999436,-29.0436489978,6.884869070248
    ));
#1918 = CARTESIAN_POINT('',(4.581558968998,-29.04083123443,
    6.880124983341));
#1919 = CARTESIAN_POINT('',(4.599176996538,-29.03804822063,
    6.874872151143));
#1920 = CARTESIAN_POINT('',(4.616456609524,-29.03530632498,
    6.869105813894));
#1921 = CARTESIAN_POINT('',(4.63336339891,-29.03261186941,6.86282518725)
  );
#1922 = CARTESIAN_POINT('',(4.649864463885,-29.02997103742,
    6.856034052733));
#1923 = CARTESIAN_POINT('',(4.665928856635,-29.02738978222,
    6.848741348174));
#1924 = CARTESIAN_POINT('',(4.700080169164,-29.02188139214,
    6.831709467502));
#1925 = CARTESIAN_POINT('',(4.717978411532,-29.0189806067,6.821766420484
    ));
#1926 = CARTESIAN_POINT('',(4.735173347822,-29.01618108202,
    6.811157339981));
#1927 = CARTESIAN_POINT('',(4.751629447781,-29.0134903633,6.799914094148
    ));
#1928 = CARTESIAN_POINT('',(4.767323412802,-29.01091403199,
    6.788074350768));
#1929 = CARTESIAN_POINT('',(4.782242531458,-29.0084559002,6.775680231586
    ));
#1930 = CARTESIAN_POINT('',(4.796383035034,-29.00611820509,
    6.762776966645));
#1931 = CARTESIAN_POINT('',(4.809748453057,-29.00390180334,
    6.749411548621));
#1932 = PCURVE('',#1933,#1938);
#1933 = CYLINDRICAL_SURFACE('',#1934,29.4);
#1934 = AXIS2_PLACEMENT_3D('',#1935,#1936,#1937);
#1935 = CARTESIAN_POINT('',(0.,0.,-1.));
#1936 = DIRECTION('',(0.,0.,1.));
#1937 = DIRECTION('',(1.,0.,-0.));
#1938 = DEFINITIONAL_REPRESENTATION('',(#1939),#1998);
#1939 = B_SPLINE_CURVE_WITH_KNOTS('',8,(#1940,#1941,#1942,#1943,#1944,
    #1945,#1946,#1947,#1948,#1949,#1950,#1951,#1952,#1953,#1954,#1955,
    #1956,#1957,#1958,#1959,#1960,#1961,#1962,#1963,#1964,#1965,#1966,
    #1967,#1968,#1969,#1970,#1971,#1972,#1973,#1974,#1975,#1976,#1977,
    #1978,#1979,#1980,#1981,#1982,#1983,#1984,#1985,#1986,#1987,#1988,
    #1989,#1990,#1991,#1992,#1993,#1994,#1995,#1996,#1997),
  .UNSPECIFIED.,.F.,.F.,(9,7,7,7,7,7,7,7,9),(0.,0.320926038149,
    0.590918125316,0.797262279809,0.889076829269,0.91765759936,
    0.933000251446,0.963603482204,1.),.UNSPECIFIED.);
#1940 = CARTESIAN_POINT('',(4.731449213544,5.749810552748));
#1941 = CARTESIAN_POINT('',(4.736312045189,5.87489012953));
#1942 = CARTESIAN_POINT('',(4.741242651188,5.998754703493));
#1943 = CARTESIAN_POINT('',(4.746243217605,6.121334066015));
#1944 = CARTESIAN_POINT('',(4.751316328216,6.242534404296));
#1945 = CARTESIAN_POINT('',(4.756464950077,6.362238716468));
#1946 = CARTESIAN_POINT('',(4.761692673694,6.48030153133));
#1947 = CARTESIAN_POINT('',(4.767004207792,6.596537932706));
#1948 = CARTESIAN_POINT('',(4.7769507144,6.806756167639));
#1949 = CARTESIAN_POINT('',(4.781558006122,6.901315455981));
#1950 = CARTESIAN_POINT('',(4.786232936264,6.994262189238));
#1951 = CARTESIAN_POINT('',(4.790980278185,7.085423928368));
#1952 = CARTESIAN_POINT('',(4.795805276694,7.174558096915));
#1953 = CARTESIAN_POINT('',(4.800713727371,7.261349945089));
#1954 = CARTESIAN_POINT('',(4.805713034107,7.345381944128));
#1955 = CARTESIAN_POINT('',(4.814715594543,7.487662228136));
#1956 = CARTESIAN_POINT('',(4.818668045156,7.547194887205));
#1957 = CARTESIAN_POINT('',(4.822685263676,7.604473483295));
#1958 = CARTESIAN_POINT('',(4.826776064272,7.659143946996));
#1959 = CARTESIAN_POINT('',(4.830945368953,7.71069987108));
#1960 = CARTESIAN_POINT('',(4.835197024502,7.758299667323));
#1961 = CARTESIAN_POINT('',(4.839531284761,7.80092133065));
#1962 = CARTESIAN_POINT('',(4.845928815848,7.852481111588));
#1963 = CARTESIAN_POINT('',(4.847913919401,7.866956841172));
#1964 = CARTESIAN_POINT('',(4.849916080135,7.879875730805));
#1965 = CARTESIAN_POINT('',(4.851934728985,7.891016769847));
#1966 = CARTESIAN_POINT('',(4.853966714173,7.900095394057));
#1967 = CARTESIAN_POINT('',(4.856006283783,7.906763390558));
#1968 = CARTESIAN_POINT('',(4.858045064689,7.910606577712));
#1969 = CARTESIAN_POINT('',(4.860703010313,7.911306388796));
#1970 = CARTESIAN_POINT('',(4.861332588126,7.911151729737));
#1971 = CARTESIAN_POINT('',(4.861960330516,7.910662125587));
#1972 = CARTESIAN_POINT('',(4.862585718763,7.909822983485));
#1973 = CARTESIAN_POINT('',(4.863208159701,7.908619666423));
#1974 = CARTESIAN_POINT('',(4.863826989226,7.907037884824));
#1975 = CARTESIAN_POINT('',(4.864441475808,7.905064088108));
#1976 = CARTESIAN_POINT('',(4.865377932666,7.901409180246));
#1977 = CARTESIAN_POINT('',(4.865703558656,7.900016000867));
#1978 = CARTESIAN_POINT('',(4.866027575477,7.898504366003));
#1979 = CARTESIAN_POINT('',(4.866349852266,7.896872488121));
#1980 = CARTESIAN_POINT('',(4.8666702538,7.895118744284));
#1981 = CARTESIAN_POINT('',(4.866988640491,7.89324167615));
#1982 = CARTESIAN_POINT('',(4.867304868388,7.89123998997));
#1983 = CARTESIAN_POINT('',(4.86824495148,7.884869070248));
#1984 = CARTESIAN_POINT('',(4.868861996876,7.880124983341));
#1985 = CARTESIAN_POINT('',(4.869468679655,7.874872151143));
#1986 = CARTESIAN_POINT('',(4.870063774612,7.869105813894));
#1987 = CARTESIAN_POINT('',(4.870646092466,7.86282518725));
#1988 = CARTESIAN_POINT('',(4.871214495284,7.856034052733));
#1989 = CARTESIAN_POINT('',(4.871767911905,7.848741348174));
#1990 = CARTESIAN_POINT('',(4.872944534165,7.831709467502));
#1991 = CARTESIAN_POINT('',(4.873561261375,7.821766420484));
#1992 = CARTESIAN_POINT('',(4.874153823797,7.811157339981));
#1993 = CARTESIAN_POINT('',(4.874720987744,7.799914094148));
#1994 = CARTESIAN_POINT('',(4.875261940788,7.788074350768));
#1995 = CARTESIAN_POINT('',(4.875776235497,7.775680231586));
#1996 = CARTESIAN_POINT('',(4.876263733188,7.762776966645));
#1997 = CARTESIAN_POINT('',(4.876724547672,7.749411548621));
#1998 = ( GEOMETRIC_REPRESENTATION_CONTEXT(2) 
PARAMETRIC_REPRESENTATION_CONTEXT() REPRESENTATION_CONTEXT('2D SPACE',''
  ) );
#1999 = PCURVE('',#2000,#2008);
#2000 = SURFACE_OF_LINEAR_EXTRUSION('',#2001,#2006);
#2001 = ELLIPSE('',#2002,5.717456547239,1.633559013497);
#2002 = AXIS2_PLACEMENT_3D('',#2003,#2004,#2005);
#2003 = CARTESIAN_POINT('',(0.766896157365,-31.4,2.706559252929));
#2004 = DIRECTION('',(-0.,-1.,0.));
#2005 = DIRECTION('',(-0.707106781187,0.,-0.707106781187));
#2006 = VECTOR('',#2007,1.);
#2007 = DIRECTION('',(-0.,-1.,-0.));
#2008 = DEFINITIONAL_REPRESENTATION('',(#2009),#2068);
#2009 = B_SPLINE_CURVE_WITH_KNOTS('',8,(#2010,#2011,#2012,#2013,#2014,
    #2015,#2016,#2017,#2018,#2019,#2020,#2021,#2022,#2023,#2024,#2025,
    #2026,#2027,#2028,#2029,#2030,#2031,#2032,#2033,#2034,#2035,#2036,
    #2037,#2038,#2039,#2040,#2041,#2042,#2043,#2044,#2045,#2046,#2047,
    #2048,#2049,#2050,#2051,#2052,#2053,#2054,#2055,#2056,#2057,#2058,
    #2059,#2060,#2061,#2062,#2063,#2064,#2065,#2066,#2067),
  .UNSPECIFIED.,.F.,.F.,(9,7,7,7,7,7,7,7,9),(0.,0.320926038149,
    0.590918125316,0.797262279809,0.889076829269,0.91765759936,
    0.933000251446,0.963603482204,1.),.UNSPECIFIED.);
#2010 = CARTESIAN_POINT('',(4.483235718329,-2.005340237899));
#2011 = CARTESIAN_POINT('',(4.449198457384,-2.008065062034));
#2012 = CARTESIAN_POINT('',(4.41475543651,-2.011622297432));
#2013 = CARTESIAN_POINT('',(4.379835846319,-2.016051661812));
#2014 = CARTESIAN_POINT('',(4.344359719653,-2.021396222511));
#2015 = CARTESIAN_POINT('',(4.308237505361,-2.027702258404));
#2016 = CARTESIAN_POINT('',(4.271364423064,-2.035020446194));
#2017 = CARTESIAN_POINT('',(4.233609598905,-2.043408371055));
#2018 = CARTESIAN_POINT('',(4.162149813258,-2.060948488826));
#2019 = CARTESIAN_POINT('',(4.128762224474,-2.069765871327));
#2020 = CARTESIAN_POINT('',(4.094526038309,-2.07942854835));
#2021 = CARTESIAN_POINT('',(4.059318191724,-2.08998255935));
#2022 = CARTESIAN_POINT('',(4.022986484154,-2.101480540542));
#2023 = CARTESIAN_POINT('',(3.985346798489,-2.113981243894));
#2024 = CARTESIAN_POINT('',(3.94615653835,-2.127554009475));
#2025 = CARTESIAN_POINT('',(3.873591618338,-2.153563105584));
#2026 = CARTESIAN_POINT('',(3.841086314738,-2.165490597157));
#2027 = CARTESIAN_POINT('',(3.807289590654,-2.178137373418));
#2028 = CARTESIAN_POINT('',(3.771956887757,-2.191562495863));
#2029 = CARTESIAN_POINT('',(3.734842408441,-2.205817724876));
#2030 = CARTESIAN_POINT('',(3.695581817455,-2.22095796678));
#2031 = CARTESIAN_POINT('',(3.653783955167,-2.237022274926));
#2032 = CARTESIAN_POINT('',(3.588389593853,-2.261697561591));
#2033 = CARTESIAN_POINT('',(3.567601946238,-2.269483390015));
#2034 = CARTESIAN_POINT('',(3.546074890211,-2.27746768606));
#2035 = CARTESIAN_POINT('',(3.523727145483,-2.285652459313));
#2036 = CARTESIAN_POINT('',(3.500484778235,-2.294029050775));
#2037 = CARTESIAN_POINT('',(3.476279334736,-2.302576518978));
#2038 = CARTESIAN_POINT('',(3.451044685343,-2.311259979981));
#2039 = CARTESIAN_POINT('',(3.416515709377,-2.322758561455));
#2040 = CARTESIAN_POINT('',(3.408215736109,-2.325495419157));
#2041 = CARTESIAN_POINT('',(3.399812197836,-2.328237465019));
#2042 = CARTESIAN_POINT('',(3.391305387591,-2.330982298494));
#2043 = CARTESIAN_POINT('',(3.382696457696,-2.333727132022));
#2044 = CARTESIAN_POINT('',(3.373987524769,-2.336468795232));
#2045 = CARTESIAN_POINT('',(3.365181774738,-2.339203739157));
#2046 = CARTESIAN_POINT('',(3.351506856376,-2.343390492511));
#2047 = CARTESIAN_POINT('',(3.346703544951,-2.344849868988));
#2048 = CARTESIAN_POINT('',(3.341874340343,-2.346305548116));
#2049 = CARTESIAN_POINT('',(3.337020064327,-2.347756880866));
#2050 = CARTESIAN_POINT('',(3.33214165369,-2.349203190928));
#2051 = CARTESIAN_POINT('',(3.327240160229,-2.35064377471));
#2052 = CARTESIAN_POINT('',(3.322316750754,-2.352077901334));
#2053 = CARTESIAN_POINT('',(3.307511067225,-2.356351002195));
#2054 = CARTESIAN_POINT('',(3.297566400434,-2.359168765566));
#2055 = CARTESIAN_POINT('',(3.28755012165,-2.361951779363));
#2056 = CARTESIAN_POINT('',(3.277474618811,-2.364693675014));
#2057 = CARTESIAN_POINT('',(3.267353343187,-2.367388130581));
#2058 = CARTESIAN_POINT('',(3.257200899726,-2.370028962576));
#2059 = CARTESIAN_POINT('',(3.247033137389,-2.372610217771));
#2060 = CARTESIAN_POINT('',(3.224776905416,-2.378118607859));
#2061 = CARTESIAN_POINT('',(3.212686518654,-2.381019393299));
#2062 = CARTESIAN_POINT('',(3.200625591245,-2.383818917976));
#2063 = CARTESIAN_POINT('',(3.188620536588,-2.386509636693));
#2064 = CARTESIAN_POINT('',(3.176694915737,-2.389085968002));
#2065 = CARTESIAN_POINT('',(3.164869683696,-2.391544099799));
#2066 = CARTESIAN_POINT('',(3.153163435716,-2.393881794903));
#2067 = CARTESIAN_POINT('',(3.14159265359,-2.396098196651));
#2068 = ( GEOMETRIC_REPRESENTATION_CONTEXT(2) 
PARAMETRIC_REPRESENTATION_CONTEXT() REPRESENTATION_CONTEXT('2D SPACE',''
  ) );
#2069 = ORIENTED_EDGE('',*,*,#2070,.F.);
#2070 = EDGE_CURVE('',#2071,#1868,#2073,.T.);
#2071 = VERTEX_POINT('',#2072);
#2072 = CARTESIAN_POINT('',(0.984600994449,-29.38350831472,
    4.325546484036));
#2073 = SURFACE_CURVE('',#2074,(#2079,#2089),.PCURVE_S1.);
#2074 = ELLIPSE('',#2075,41.577878733769,29.4);
#2075 = AXIS2_PLACEMENT_3D('',#2076,#2077,#2078);
#2076 = CARTESIAN_POINT('',(0.,0.,5.310147478485));
#2077 = DIRECTION('',(-0.707106781187,0.,-0.707106781187));
#2078 = DIRECTION('',(-0.707106781187,0.,0.707106781187));
#2079 = PCURVE('',#1933,#2080);
#2080 = DEFINITIONAL_REPRESENTATION('',(#2081),#2088);
#2081 = B_SPLINE_CURVE_WITH_KNOTS('',5,(#2082,#2083,#2084,#2085,#2086,
    #2087),.UNSPECIFIED.,.F.,.F.,(6,6),(4.677448966857,4.694772065104),
  .PIECEWISE_BEZIER_KNOTS.);
#2082 = CARTESIAN_POINT('',(4.747328993912,5.283120077165));
#2083 = CARTESIAN_POINT('',(4.743864374263,5.384917725717));
#2084 = CARTESIAN_POINT('',(4.740399754613,5.486730784288));
#2085 = CARTESIAN_POINT('',(4.736935134964,5.588556707176));
#2086 = CARTESIAN_POINT('',(4.733470515315,5.690392947907));
#2087 = CARTESIAN_POINT('',(4.730005895665,5.792236959619));
#2088 = ( GEOMETRIC_REPRESENTATION_CONTEXT(2) 
PARAMETRIC_REPRESENTATION_CONTEXT() REPRESENTATION_CONTEXT('2D SPACE',''
  ) );
#2089 = PCURVE('',#2090,#2095);
#2090 = PLANE('',#2091);
#2091 = AXIS2_PLACEMENT_3D('',#2092,#2093,#2094);
#2092 = CARTESIAN_POINT('',(0.984600994449,-31.4,4.325546484036));
#2093 = DIRECTION('',(-0.707106781187,0.,-0.707106781187));
#2094 = DIRECTION('',(0.707106781187,0.,-0.707106781187));
#2095 = DEFINITIONAL_REPRESENTATION('',(#2096),#2100);
#2096 = ELLIPSE('',#2097,41.577878733769,29.4);
#2097 = AXIS2_PLACEMENT_2D('',#2098,#2099);
#2098 = CARTESIAN_POINT('',(-1.392436079875,-31.4));
#2099 = DIRECTION('',(-1.,0.));
#2100 = ( GEOMETRIC_REPRESENTATION_CONTEXT(2) 
PARAMETRIC_REPRESENTATION_CONTEXT() REPRESENTATION_CONTEXT('2D SPACE',''
  ) );
#2101 = ORIENTED_EDGE('',*,*,#2102,.F.);
#2102 = EDGE_CURVE('',#2103,#2071,#2105,.T.);
#2103 = VERTEX_POINT('',#2104);
#2104 = CARTESIAN_POINT('',(2.385883388472,-29.30302988526,
    2.924264090012));
#2105 = SURFACE_CURVE('',#2106,(#2121,#2139),.PCURVE_S1.);
#2106 = B_SPLINE_CURVE_WITH_KNOTS('',7,(#2107,#2108,#2109,#2110,#2111,
    #2112,#2113,#2114,#2115,#2116,#2117,#2118,#2119,#2120),
  .UNSPECIFIED.,.F.,.F.,(8,6,8),(0.,0.656680060588,1.),.UNSPECIFIED.);
#2107 = CARTESIAN_POINT('',(2.385883388472,-29.30302988526,
    2.924264090012));
#2108 = CARTESIAN_POINT('',(2.362251237562,-29.30495403974,
    3.100007316853));
#2109 = CARTESIAN_POINT('',(2.316188959613,-29.30868204205,
    3.274051656996));
#2110 = CARTESIAN_POINT('',(2.247356840455,-29.31416547216,
    3.444427781976));
#2111 = CARTESIAN_POINT('',(2.154986035194,-29.32127830851,
    3.608713473171));
#2112 = CARTESIAN_POINT('',(2.038119000186,-29.32979089184,
    3.763756941729));
#2113 = CARTESIAN_POINT('',(1.895861999292,-29.33929101856,
    3.905336575171));
#2114 = CARTESIAN_POINT('',(1.640172606664,-29.35434493279,
    4.091365464585));
#2115 = CARTESIAN_POINT('',(1.545104834155,-29.35963482446,
    4.150124146314));
#2116 = CARTESIAN_POINT('',(1.44324931099,-29.36492520138,4.202417076375
    ));
#2117 = CARTESIAN_POINT('',(1.335314193046,-29.37008198335,
    4.247046102717));
#2118 = CARTESIAN_POINT('',(1.222186520484,-29.37497206451,
    4.282981233811));
#2119 = CARTESIAN_POINT('',(1.104899701231,-29.37947727033,
    4.309369944865));
#2120 = CARTESIAN_POINT('',(0.984600994449,-29.38350831472,
    4.325546484036));
#2121 = PCURVE('',#1933,#2122);
#2122 = DEFINITIONAL_REPRESENTATION('',(#2123),#2138);
#2123 = B_SPLINE_CURVE_WITH_KNOTS('',7,(#2124,#2125,#2126,#2127,#2128,
    #2129,#2130,#2131,#2132,#2133,#2134,#2135,#2136,#2137),
  .UNSPECIFIED.,.F.,.F.,(8,6,8),(0.,0.656680060588,1.),.UNSPECIFIED.);
#2124 = CARTESIAN_POINT('',(4.793630816317,3.924264090012));
#2125 = CARTESIAN_POINT('',(4.792824341662,4.100007316853));
#2126 = CARTESIAN_POINT('',(4.791252474589,4.274051656996));
#2127 = CARTESIAN_POINT('',(4.788903832201,4.444427781976));
#2128 = CARTESIAN_POINT('',(4.785752685683,4.608713473171));
#2129 = CARTESIAN_POINT('',(4.781767163515,4.763756941729));
#2130 = CARTESIAN_POINT('',(4.776917862895,4.905336575171));
#2131 = CARTESIAN_POINT('',(4.768205884501,5.091365464585));
#2132 = CARTESIAN_POINT('',(4.764967299971,5.150124146314));
#2133 = CARTESIAN_POINT('',(4.761498198449,5.202417076375));
#2134 = CARTESIAN_POINT('',(4.757822809994,5.247046102717));
#2135 = CARTESIAN_POINT('',(4.753971402775,5.282981233811));
#2136 = CARTESIAN_POINT('',(4.749979162773,5.309369944865));
#2137 = CARTESIAN_POINT('',(4.74588507348,5.325546484036));
#2138 = ( GEOMETRIC_REPRESENTATION_CONTEXT(2) 
PARAMETRIC_REPRESENTATION_CONTEXT() REPRESENTATION_CONTEXT('2D SPACE',''
  ) );
#2139 = PCURVE('',#2140,#2145);
#2140 = CYLINDRICAL_SURFACE('',#2141,1.633559013497);
#2141 = AXIS2_PLACEMENT_3D('',#2142,#2143,#2144);
#2142 = CARTESIAN_POINT('',(0.766896157365,-31.4,2.706559252929));
#2143 = DIRECTION('',(-0.,-1.,-0.));
#2144 = DIRECTION('',(0.991079733105,-0.,0.13327026161));
#2145 = DEFINITIONAL_REPRESENTATION('',(#2146),#2161);
#2146 = B_SPLINE_CURVE_WITH_KNOTS('',7,(#2147,#2148,#2149,#2150,#2151,
    #2152,#2153,#2154,#2155,#2156,#2157,#2158,#2159,#2160),
  .UNSPECIFIED.,.F.,.F.,(8,6,8),(0.,0.656680060588,1.),.UNSPECIFIED.);
#2147 = CARTESIAN_POINT('',(0.,-2.096970114737));
#2148 = CARTESIAN_POINT('',(0.108551335961,-2.095045960255));
#2149 = CARTESIAN_POINT('',(0.217901441929,-2.091317957943));
#2150 = CARTESIAN_POINT('',(0.32897532525,-2.085834527834));
#2151 = CARTESIAN_POINT('',(0.442584961354,-2.078721691481));
#2152 = CARTESIAN_POINT('',(0.559625803833,-2.070209108154));
#2153 = CARTESIAN_POINT('',(0.681034256007,-2.060708981437));
#2154 = CARTESIAN_POINT('',(0.874600676803,-2.045655067202));
#2155 = CARTESIAN_POINT('',(0.942821364114,-2.040365175533));
#2156 = CARTESIAN_POINT('',(1.01255425,-2.035074798613));
#2157 = CARTESIAN_POINT('',(1.083608883602,-2.029918016642));
#2158 = CARTESIAN_POINT('',(1.155844272218,-2.025027935489));
#2159 = CARTESIAN_POINT('',(1.229155513447,-2.020522729661));
#2160 = CARTESIAN_POINT('',(1.303460427328,-2.016491685271));
#2161 = ( GEOMETRIC_REPRESENTATION_CONTEXT(2) 
PARAMETRIC_REPRESENTATION_CONTEXT() REPRESENTATION_CONTEXT('2D SPACE',''
  ) );
#2162 = ORIENTED_EDGE('',*,*,#2163,.F.);
#2163 = EDGE_CURVE('',#2164,#2103,#2166,.T.);
#2164 = VERTEX_POINT('',#2165);
#2165 = CARTESIAN_POINT('',(2.810147457184,-29.26539033173,
    2.500000021301));
#2166 = SURFACE_CURVE('',#2167,(#2172,#2182),.PCURVE_S1.);
#2167 = ELLIPSE('',#2168,41.577878733769,29.4);
#2168 = AXIS2_PLACEMENT_3D('',#2169,#2170,#2171);
#2169 = CARTESIAN_POINT('',(0.,0.,5.310147478485));
#2170 = DIRECTION('',(-0.707106781187,0.,-0.707106781187));
#2171 = DIRECTION('',(-0.707106781187,0.,0.707106781187));
#2172 = PCURVE('',#1933,#2173);
#2173 = DEFINITIONAL_REPRESENTATION('',(#2174),#2181);
#2174 = B_SPLINE_CURVE_WITH_KNOTS('',5,(#2175,#2176,#2177,#2178,#2179,
    #2180),.UNSPECIFIED.,.F.,.F.,(6,6),(4.615209773884,4.632594910142),
  .PIECEWISE_BEZIER_KNOTS.);
#2175 = CARTESIAN_POINT('',(4.809568186885,3.457573614429));
#2176 = CARTESIAN_POINT('',(4.806091159634,3.559315901125));
#2177 = CARTESIAN_POINT('',(4.802614132382,3.66110129634));
#2178 = CARTESIAN_POINT('',(4.799137105131,3.762927237499));
#2179 = CARTESIAN_POINT('',(4.795660077879,3.864791159857));
#2180 = CARTESIAN_POINT('',(4.792183050628,3.966690496884));
#2181 = ( GEOMETRIC_REPRESENTATION_CONTEXT(2) 
PARAMETRIC_REPRESENTATION_CONTEXT() REPRESENTATION_CONTEXT('2D SPACE',''
  ) );
#2182 = PCURVE('',#2183,#2188);
#2183 = PLANE('',#2184);
#2184 = AXIS2_PLACEMENT_3D('',#2185,#2186,#2187);
#2185 = CARTESIAN_POINT('',(2.810147457184,-31.4,2.500000021301));
#2186 = DIRECTION('',(-0.707106781187,0.,-0.707106781187));
#2187 = DIRECTION('',(0.707106781187,0.,-0.707106781187));
#2188 = DEFINITIONAL_REPRESENTATION('',(#2189),#2193);
#2189 = ELLIPSE('',#2190,41.577878733769,29.4);
#2190 = AXIS2_PLACEMENT_2D('',#2191,#2192);
#2191 = CARTESIAN_POINT('',(-3.974148646218,-31.4));
#2192 = DIRECTION('',(-1.,0.));
#2193 = ( GEOMETRIC_REPRESENTATION_CONTEXT(2) 
PARAMETRIC_REPRESENTATION_CONTEXT() REPRESENTATION_CONTEXT('2D SPACE',''
  ) );
#2194 = ORIENTED_EDGE('',*,*,#2195,.F.);
#2195 = EDGE_CURVE('',#1870,#2164,#2196,.T.);
#2196 = SURFACE_CURVE('',#2197,(#2242,#2290),.PCURVE_S1.);
#2197 = B_SPLINE_CURVE_WITH_KNOTS('',8,(#2198,#2199,#2200,#2201,#2202,
    #2203,#2204,#2205,#2206,#2207,#2208,#2209,#2210,#2211,#2212,#2213,
    #2214,#2215,#2216,#2217,#2218,#2219,#2220,#2221,#2222,#2223,#2224,
    #2225,#2226,#2227,#2228,#2229,#2230,#2231,#2232,#2233,#2234,#2235,
    #2236,#2237,#2238,#2239,#2240,#2241),.UNSPECIFIED.,.F.,.F.,(9,7,7,7,
    7,7,9),(0.,6.423389461159E-02,0.130629609943,0.320089762808,
    0.591145856128,0.911969541638,1.),.UNSPECIFIED.);
#2198 = CARTESIAN_POINT('',(4.809748453057,-29.00390180334,
    6.749411548621));
#2199 = CARTESIAN_POINT('',(4.837274764524,-28.9993370853,6.721885237155
    ));
#2200 = CARTESIAN_POINT('',(4.861493316252,-28.99529021494,
    6.692418913992));
#2201 = CARTESIAN_POINT('',(4.882501898751,-28.99175788828,6.66137176441
    ));
#2202 = CARTESIAN_POINT('',(4.900516146249,-28.98871438206,
    6.629087195502));
#2203 = CARTESIAN_POINT('',(4.915790534734,-28.98612416562,
    6.595860899858));
#2204 = CARTESIAN_POINT('',(4.928582789993,-28.98394857767,
    6.561927100895));
#2205 = CARTESIAN_POINT('',(4.939139043348,-28.98214934288,
    6.527453160551));
#2206 = CARTESIAN_POINT('',(4.956502453449,-28.97918500555,
    6.456437036632));
#2207 = CARTESIAN_POINT('',(4.96316533089,-28.97804434071,6.419890260673
    ));
#2208 = CARTESIAN_POINT('',(4.967908081136,-28.97723101986,6.38301089628
    ));
#2209 = CARTESIAN_POINT('',(4.970932585969,-28.97671190933,
    6.345894461775));
#2210 = CARTESIAN_POINT('',(4.972410137933,-28.97645826314,
    6.308615135018));
#2211 = CARTESIAN_POINT('',(4.972487931347,-28.97644497636,
    6.271226822995));
#2212 = CARTESIAN_POINT('',(4.971292139314,-28.9766502588,6.233763665643
    ));
#2213 = CARTESIAN_POINT('',(4.962180298132,-28.97821273911,
    6.089166131278));
#2214 = CARTESIAN_POINT('',(4.945932625967,-28.98099702548,
    5.981829145916));
#2215 = CARTESIAN_POINT('',(4.922693662562,-28.9849690793,5.874586208553
    ));
#2216 = CARTESIAN_POINT('',(4.89371976309,-28.98989092175,5.767714403994
    ));
#2217 = CARTESIAN_POINT('',(4.860066617417,-28.99556258285,
    5.661379136001));
#2218 = CARTESIAN_POINT('',(4.822397013542,-29.00185134851,
    5.555634587666));
#2219 = CARTESIAN_POINT('',(4.781226470486,-29.00865205114,
    5.450425343752));
#2220 = CARTESIAN_POINT('',(4.673398134876,-29.02625510236,
    5.195587159208));
#2221 = CARTESIAN_POINT('',(4.603550729839,-29.03749485536,5.04669322009
    ));
#2222 = CARTESIAN_POINT('',(4.528477072241,-29.04936784448,
    4.898833853772));
#2223 = CARTESIAN_POINT('',(4.448901293685,-29.06170749607,
    4.751990574629));
#2224 = CARTESIAN_POINT('',(4.365361743969,-29.07438370089,
    4.606144797676));
#2225 = CARTESIAN_POINT('',(4.27827717559,-29.08729027141,4.461263856393
    ));
#2226 = CARTESIAN_POINT('',(4.187946819301,-29.10034343624,
    4.317300654215));
#2227 = CARTESIAN_POINT('',(3.984106305286,-29.12901210981,
    4.004794151421));
#2228 = CARTESIAN_POINT('',(3.86942313781,-29.14465272585,3.836649336185
    ));
#2229 = CARTESIAN_POINT('',(3.750955776859,-29.16027305263,
    3.669692839834));
#2230 = CARTESIAN_POINT('',(3.629005424484,-29.17577368151,
    3.503890168993));
#2231 = CARTESIAN_POINT('',(3.50380080973,-29.1910699769,3.339219929068)
  );
#2232 = CARTESIAN_POINT('',(3.375521036354,-29.20608710564,
    3.175666720371));
#2233 = CARTESIAN_POINT('',(3.244306094524,-29.22075719483,
    3.013217846716));
#2234 = CARTESIAN_POINT('',(3.073472914083,-29.2389317945,2.807590087));
#2235 = CARTESIAN_POINT('',(3.036477773737,-29.24281414446,
    2.763399333929));
#2236 = CARTESIAN_POINT('',(2.999271841707,-29.246664379,2.71929155776)
  );
#2237 = CARTESIAN_POINT('',(2.961857190404,-29.25048123232,
    2.675266787178));
#2238 = CARTESIAN_POINT('',(2.924235738425,-29.25426346188,
    2.631325099065));
#2239 = CARTESIAN_POINT('',(2.886409250554,-29.25800984841,2.5874666185)
  );
#2240 = CARTESIAN_POINT('',(2.848379337756,-29.26171919594,
    2.543691518756));
#2241 = CARTESIAN_POINT('',(2.810147457184,-29.26539033173,
    2.500000021301));
#2242 = PCURVE('',#1933,#2243);
#2243 = DEFINITIONAL_REPRESENTATION('',(#2244),#2289);
#2244 = B_SPLINE_CURVE_WITH_KNOTS('',8,(#2245,#2246,#2247,#2248,#2249,
    #2250,#2251,#2252,#2253,#2254,#2255,#2256,#2257,#2258,#2259,#2260,
    #2261,#2262,#2263,#2264,#2265,#2266,#2267,#2268,#2269,#2270,#2271,
    #2272,#2273,#2274,#2275,#2276,#2277,#2278,#2279,#2280,#2281,#2282,
    #2283,#2284,#2285,#2286,#2287,#2288),.UNSPECIFIED.,.F.,.F.,(9,7,7,7,
    7,7,9),(0.,6.423389461159E-02,0.130629609943,0.320089762808,
    0.591145856128,0.911969541638,1.),.UNSPECIFIED.);
#2245 = CARTESIAN_POINT('',(4.876724547672,7.749411548621));
#2246 = CARTESIAN_POINT('',(4.877673603135,7.721885237155));
#2247 = CARTESIAN_POINT('',(4.87850878399,7.692418913992));
#2248 = CARTESIAN_POINT('',(4.879233391327,7.66137176441));
#2249 = CARTESIAN_POINT('',(4.879854803926,7.629087195502));
#2250 = CARTESIAN_POINT('',(4.880381758057,7.595860899858));
#2251 = CARTESIAN_POINT('',(4.880823116451,7.561927100895));
#2252 = CARTESIAN_POINT('',(4.881187350749,7.527453160551));
#2253 = CARTESIAN_POINT('',(4.881786487936,7.456437036632));
#2254 = CARTESIAN_POINT('',(4.882016413476,7.419890260673));
#2255 = CARTESIAN_POINT('',(4.882180086326,7.38301089628));
#2256 = CARTESIAN_POINT('',(4.88228446491,7.345894461775));
#2257 = CARTESIAN_POINT('',(4.882335456923,7.308615135018));
#2258 = CARTESIAN_POINT('',(4.882338141269,7.271226822995));
#2259 = CARTESIAN_POINT('',(4.882296873089,7.233763665643));
#2260 = CARTESIAN_POINT('',(4.881982422881,7.089166131278));
#2261 = CARTESIAN_POINT('',(4.881421725236,6.981829145916));
#2262 = CARTESIAN_POINT('',(4.880619821381,6.874586208553));
#2263 = CARTESIAN_POINT('',(4.879620197646,6.767714403994));
#2264 = CARTESIAN_POINT('',(4.87845939277,6.661379136001));
#2265 = CARTESIAN_POINT('',(4.877160384285,6.555634587666));
#2266 = CARTESIAN_POINT('',(4.875741051915,6.450425343752));
#2267 = CARTESIAN_POINT('',(4.872024870181,6.195587159208));
#2268 = CARTESIAN_POINT('',(4.869618550937,6.04669322009));
#2269 = CARTESIAN_POINT('',(4.867033304258,5.898833853772));
#2270 = CARTESIAN_POINT('',(4.864294322132,5.751990574629));
#2271 = CARTESIAN_POINT('',(4.861420347174,5.606144797676));
#2272 = CARTESIAN_POINT('',(4.858425964291,5.461263856393));
#2273 = CARTESIAN_POINT('',(4.855321612183,5.317300654215));
#2274 = CARTESIAN_POINT('',(4.848320025062,5.004794151421));
#2275 = CARTESIAN_POINT('',(4.844383161658,4.836649336185));
#2276 = CARTESIAN_POINT('',(4.840318851434,4.669692839834));
#2277 = CARTESIAN_POINT('',(4.836137601014,4.503890168993));
#2278 = CARTESIAN_POINT('',(4.831847382148,4.339219929068));
#2279 = CARTESIAN_POINT('',(4.827454425879,4.175666720371));
#2280 = CARTESIAN_POINT('',(4.822963589921,4.013217846716));
#2281 = CARTESIAN_POINT('',(4.81712014639,3.807590087));
#2282 = CARTESIAN_POINT('',(4.815854899599,3.763399333929));
#2283 = CARTESIAN_POINT('',(4.814582635785,3.71929155776));
#2284 = CARTESIAN_POINT('',(4.813303426419,3.675266787178));
#2285 = CARTESIAN_POINT('',(4.812017337541,3.631325099065));
#2286 = CARTESIAN_POINT('',(4.810724429762,3.5874666185));
#2287 = CARTESIAN_POINT('',(4.809424758264,3.543691518756));
#2288 = CARTESIAN_POINT('',(4.808118372799,3.500000021301));
#2289 = ( GEOMETRIC_REPRESENTATION_CONTEXT(2) 
PARAMETRIC_REPRESENTATION_CONTEXT() REPRESENTATION_CONTEXT('2D SPACE',''
  ) );
#2290 = PCURVE('',#2291,#2299);
#2291 = SURFACE_OF_LINEAR_EXTRUSION('',#2292,#2297);
#2292 = ELLIPSE('',#2293,5.717456547239,1.633559013497);
#2293 = AXIS2_PLACEMENT_3D('',#2294,#2295,#2296);
#2294 = CARTESIAN_POINT('',(0.766896157365,-31.4,2.706559252929));
#2295 = DIRECTION('',(-0.,-1.,0.));
#2296 = DIRECTION('',(-0.707106781187,0.,-0.707106781187));
#2297 = VECTOR('',#2298,1.);
#2298 = DIRECTION('',(-0.,-1.,-0.));
#2299 = DEFINITIONAL_REPRESENTATION('',(#2300),#2345);
#2300 = B_SPLINE_CURVE_WITH_KNOTS('',8,(#2301,#2302,#2303,#2304,#2305,
    #2306,#2307,#2308,#2309,#2310,#2311,#2312,#2313,#2314,#2315,#2316,
    #2317,#2318,#2319,#2320,#2321,#2322,#2323,#2324,#2325,#2326,#2327,
    #2328,#2329,#2330,#2331,#2332,#2333,#2334,#2335,#2336,#2337,#2338,
    #2339,#2340,#2341,#2342,#2343,#2344),.UNSPECIFIED.,.F.,.F.,(9,7,7,7,
    7,7,9),(0.,6.423389461159E-02,0.130629609943,0.320089762808,
    0.591145856128,0.911969541638,1.),.UNSPECIFIED.);
#2301 = CARTESIAN_POINT('',(3.14159265359,-2.396098196651));
#2302 = CARTESIAN_POINT('',(3.117762426046,-2.400662914698));
#2303 = CARTESIAN_POINT('',(3.094524250676,-2.404709785052));
#2304 = CARTESIAN_POINT('',(3.071970621803,-2.408242111719));
#2305 = CARTESIAN_POINT('',(3.050140625004,-2.411285617935));
#2306 = CARTESIAN_POINT('',(3.02904116597,-2.413875834375));
#2307 = CARTESIAN_POINT('',(3.008655325934,-2.416051422327));
#2308 = CARTESIAN_POINT('',(2.988944658103,-2.417850657118));
#2309 = CARTESIAN_POINT('',(2.950117256901,-2.420814994441));
#2310 = CARTESIAN_POINT('',(2.931056939133,-2.421955659287));
#2311 = CARTESIAN_POINT('',(2.912614400739,-2.422768980131));
#2312 = CARTESIAN_POINT('',(2.894742148456,-2.423288090666));
#2313 = CARTESIAN_POINT('',(2.877397828057,-2.423541736855));
#2314 = CARTESIAN_POINT('',(2.86054132428,-2.423555023639));
#2315 = CARTESIAN_POINT('',(2.844133213824,-2.423349741194));
#2316 = CARTESIAN_POINT('',(2.782482450316,-2.421787260887));
#2317 = CARTESIAN_POINT('',(2.740261552587,-2.419002974514));
#2318 = CARTESIAN_POINT('',(2.700550723989,-2.415030920692));
#2319 = CARTESIAN_POINT('',(2.662948962412,-2.410109078247));
#2320 = CARTESIAN_POINT('',(2.627093351651,-2.404437417148));
#2321 = CARTESIAN_POINT('',(2.592739993624,-2.398148651481));
#2322 = CARTESIAN_POINT('',(2.559652741235,-2.391347948859));
#2323 = CARTESIAN_POINT('',(2.481799047684,-2.373744897631));
#2324 = CARTESIAN_POINT('',(2.438246055404,-2.362505144636));
#2325 = CARTESIAN_POINT('',(2.396463514915,-2.350632155511));
#2326 = CARTESIAN_POINT('',(2.356151103237,-2.338292503927));
#2327 = CARTESIAN_POINT('',(2.317083203839,-2.325616299101));
#2328 = CARTESIAN_POINT('',(2.279073827716,-2.312709728587));
#2329 = CARTESIAN_POINT('',(2.241975209695,-2.299656563752));
#2330 = CARTESIAN_POINT('',(2.162662375294,-2.270987890186));
#2331 = CARTESIAN_POINT('',(2.120774475147,-2.255347274143));
#2332 = CARTESIAN_POINT('',(2.079784037208,-2.239726947363));
#2333 = CARTESIAN_POINT('',(2.039535204719,-2.224226318484));
#2334 = CARTESIAN_POINT('',(1.999902300528,-2.208930023092));
#2335 = CARTESIAN_POINT('',(1.960776599022,-2.193912894357));
#2336 = CARTESIAN_POINT('',(1.922059356849,-2.179242805167));
#2337 = CARTESIAN_POINT('',(1.873125047614,-2.161068205492));
#2338 = CARTESIAN_POINT('',(1.862613125113,-2.157185855538));
#2339 = CARTESIAN_POINT('',(1.85212352438,-2.153335620997));
#2340 = CARTESIAN_POINT('',(1.841654472168,-2.149518767679));
#2341 = CARTESIAN_POINT('',(1.83120423252,-2.145736538119));
#2342 = CARTESIAN_POINT('',(1.820771106778,-2.141990151582));
#2343 = CARTESIAN_POINT('',(1.810353433578,-2.138280804058));
#2344 = CARTESIAN_POINT('',(1.79994958885,-2.134609668264));
#2345 = ( GEOMETRIC_REPRESENTATION_CONTEXT(2) 
PARAMETRIC_REPRESENTATION_CONTEXT() REPRESENTATION_CONTEXT('2D SPACE',''
  ) );
#2346 = ADVANCED_FACE('',(#2347),#2000,.T.);
#2347 = FACE_BOUND('',#2348,.T.);
#2348 = EDGE_LOOP('',(#2349,#2350,#2373,#2566));
#2349 = ORIENTED_EDGE('',*,*,#1867,.T.);
#2350 = ORIENTED_EDGE('',*,*,#2351,.T.);
#2351 = EDGE_CURVE('',#1870,#2352,#2354,.T.);
#2352 = VERTEX_POINT('',#2353);
#2353 = CARTESIAN_POINT('',(4.809748453057,-28.19164984207,
    6.749411548621));
#2354 = SURFACE_CURVE('',#2355,(#2359,#2366),.PCURVE_S1.);
#2355 = LINE('',#2356,#2357);
#2356 = CARTESIAN_POINT('',(4.809748453057,-31.4,6.749411548621));
#2357 = VECTOR('',#2358,1.);
#2358 = DIRECTION('',(-0.,1.,-0.));
#2359 = PCURVE('',#2000,#2360);
#2360 = DEFINITIONAL_REPRESENTATION('',(#2361),#2365);
#2361 = LINE('',#2362,#2363);
#2362 = CARTESIAN_POINT('',(3.14159265359,0.));
#2363 = VECTOR('',#2364,1.);
#2364 = DIRECTION('',(0.,-1.));
#2365 = ( GEOMETRIC_REPRESENTATION_CONTEXT(2) 
PARAMETRIC_REPRESENTATION_CONTEXT() REPRESENTATION_CONTEXT('2D SPACE',''
  ) );
#2366 = PCURVE('',#2291,#2367);
#2367 = DEFINITIONAL_REPRESENTATION('',(#2368),#2372);
#2368 = LINE('',#2369,#2370);
#2369 = CARTESIAN_POINT('',(3.14159265359,0.));
#2370 = VECTOR('',#2371,1.);
#2371 = DIRECTION('',(0.,-1.));
#2372 = ( GEOMETRIC_REPRESENTATION_CONTEXT(2) 
PARAMETRIC_REPRESENTATION_CONTEXT() REPRESENTATION_CONTEXT('2D SPACE',''
  ) );
#2373 = ORIENTED_EDGE('',*,*,#2374,.F.);
#2374 = EDGE_CURVE('',#2375,#2352,#2377,.T.);
#2375 = VERTEX_POINT('',#2376);
#2376 = CARTESIAN_POINT('',(0.560336925737,-28.59351016454,
    4.749810552748));
#2377 = SURFACE_CURVE('',#2378,(#2437,#2499),.PCURVE_S1.);
#2378 = B_SPLINE_CURVE_WITH_KNOTS('',8,(#2379,#2380,#2381,#2382,#2383,
    #2384,#2385,#2386,#2387,#2388,#2389,#2390,#2391,#2392,#2393,#2394,
    #2395,#2396,#2397,#2398,#2399,#2400,#2401,#2402,#2403,#2404,#2405,
    #2406,#2407,#2408,#2409,#2410,#2411,#2412,#2413,#2414,#2415,#2416,
    #2417,#2418,#2419,#2420,#2421,#2422,#2423,#2424,#2425,#2426,#2427,
    #2428,#2429,#2430,#2431,#2432,#2433,#2434,#2435,#2436),
  .UNSPECIFIED.,.F.,.F.,(9,7,7,7,7,7,7,7,9),(0.,0.322209716612,
    0.591872974081,0.797918105298,0.889605805287,0.917621877573,
    0.932974768152,0.963594544468,1.),.UNSPECIFIED.);
#2379 = CARTESIAN_POINT('',(0.560336925737,-28.59351016454,
    4.749810552748));
#2380 = CARTESIAN_POINT('',(0.703900385856,-28.59069680208,
    4.875434561571));
#2381 = CARTESIAN_POINT('',(0.849457252329,-28.58702023939,
    4.999832171815));
#2382 = CARTESIAN_POINT('',(0.997066464093,-28.58243911772,5.12293216559
    ));
#2383 = CARTESIAN_POINT('',(1.146798054298,-28.57690856774,
    5.244639187695));
#2384 = CARTESIAN_POINT('',(1.298732629195,-28.57038036828,
    5.364834218227));
#2385 = CARTESIAN_POINT('',(1.452968423512,-28.56280170436,5.48336917752
    ));
#2386 = CARTESIAN_POINT('',(1.609635932343,-28.55411252437,5.60005566343
    ));
#2387 = CARTESIAN_POINT('',(1.902227995034,-28.53598025112,
    5.810552112106));
#2388 = CARTESIAN_POINT('',(2.037331163538,-28.52689352439,
    5.904962538896));
#2389 = CARTESIAN_POINT('',(2.174368077333,-28.5169380967,5.997756034836
    ));
#2390 = CARTESIAN_POINT('',(2.313471533309,-28.50606664985,
    6.088759406835));
#2391 = CARTESIAN_POINT('',(2.454786907982,-28.49422509929,
    6.177728977092));
#2392 = CARTESIAN_POINT('',(2.598474425462,-28.48135310566,
    6.264348588881));
#2393 = CARTESIAN_POINT('',(2.744739829853,-28.46737948247,
    6.348198899299));
#2394 = CARTESIAN_POINT('',(3.00793750318,-28.44060905377,6.4901228805)
  );
#2395 = CARTESIAN_POINT('',(3.12342023406,-28.42833560915,6.549486431885
    ));
#2396 = CARTESIAN_POINT('',(3.240736606329,-28.41532350522,
    6.606588775463));
#2397 = CARTESIAN_POINT('',(3.360137479763,-28.40151209371,
    6.661074476549));
#2398 = CARTESIAN_POINT('',(3.481757960761,-28.38684838263,6.7124351522)
  );
#2399 = CARTESIAN_POINT('',(3.605698864917,-28.37127639226,
    6.759826132171));
#2400 = CARTESIAN_POINT('',(3.73195480504,-28.35475671268,6.802222026925
    ));
#2401 = CARTESIAN_POINT('',(3.918160245587,-28.32938704757,
    6.853423993022));
#2402 = CARTESIAN_POINT('',(3.975919767512,-28.32138248948,
    6.867785744754));
#2403 = CARTESIAN_POINT('',(4.034152874688,-28.31317475847,
    6.880585467492));
#2404 = CARTESIAN_POINT('',(4.092840769691,-28.30476200969,
    6.891601587847));
#2405 = CARTESIAN_POINT('',(4.151889077657,-28.29615345179,
    6.900549011993));
#2406 = CARTESIAN_POINT('',(4.211127555269,-28.28737101516,
    6.907079224108));
#2407 = CARTESIAN_POINT('',(4.270309712992,-28.27845106778,
    6.910778415172));
#2408 = CARTESIAN_POINT('',(4.347080070832,-28.26669464701,
    6.911281351948));
#2409 = CARTESIAN_POINT('',(4.365005344332,-28.26393625828,
    6.911089575219));
#2410 = CARTESIAN_POINT('',(4.382875963486,-28.26117298591,
    6.910574978912));
#2411 = CARTESIAN_POINT('',(4.400677642128,-28.25840717441,
    6.909723848868));
#2412 = CARTESIAN_POINT('',(4.418394110429,-28.25564153542,
    6.908522445197));
#2413 = CARTESIAN_POINT('',(4.436007209808,-28.25287914361,
    6.906957357711));
#2414 = CARTESIAN_POINT('',(4.453496987855,-28.25012343261,
    6.905015861353));
#2415 = CARTESIAN_POINT('',(4.480346797969,-28.24587379031,
    6.901409649559));
#2416 = CARTESIAN_POINT('',(4.489808216673,-28.24437254167,
    6.900016522707));
#2417 = CARTESIAN_POINT('',(4.499222388834,-28.24287508323,
    6.898504936151));
#2418 = CARTESIAN_POINT('',(4.508585528112,-28.24138208136,
    6.896873098781));
#2419 = CARTESIAN_POINT('',(4.517893722347,-28.23989423054,
    6.895119383296));
#2420 = CARTESIAN_POINT('',(4.527142933564,-28.23841225337,
    6.893242326203));
#2421 = CARTESIAN_POINT('',(4.53632899797,-28.23693690056,6.891240627821
    ));
#2422 = CARTESIAN_POINT('',(4.563633800587,-28.23254127496,
    6.884870119026));
#2423 = CARTESIAN_POINT('',(4.581553537003,-28.22964275861,
    6.880126494319));
#2424 = CARTESIAN_POINT('',(4.599170820488,-28.22677989408,
    6.874874081747));
#2425 = CARTESIAN_POINT('',(4.616450229997,-28.22395922403,
    6.869108055456));
#2426 = CARTESIAN_POINT('',(4.633357384337,-28.2211872471,6.86282755422)
  );
#2427 = CARTESIAN_POINT('',(4.649859388352,-28.21847032331,
    6.856036275525));
#2428 = CARTESIAN_POINT('',(4.665925279104,-28.21581457957,
    6.848743069637));
#2429 = CARTESIAN_POINT('',(4.700075547356,-28.21014789736,
    6.831711847042));
#2430 = CARTESIAN_POINT('',(4.717971852328,-28.20716396718,
    6.821770183144));
#2431 = CARTESIAN_POINT('',(4.735165935389,-28.20428401333,
    6.811162109922));
#2432 = CARTESIAN_POINT('',(4.751622165925,-28.20151581448,
    6.799919350176));
#2433 = CARTESIAN_POINT('',(4.767317105158,-28.19886513661,
    6.788079446329));
#2434 = CARTESIAN_POINT('',(4.782237877017,-28.19633593032,
    6.775684425184));
#2435 = CARTESIAN_POINT('',(4.796380539004,-28.19393052817,
    6.762779462675));
#2436 = CARTESIAN_POINT('',(4.809748453057,-28.19164984207,
    6.749411548621));
#2437 = PCURVE('',#2000,#2438);
#2438 = DEFINITIONAL_REPRESENTATION('',(#2439),#2498);
#2439 = B_SPLINE_CURVE_WITH_KNOTS('',8,(#2440,#2441,#2442,#2443,#2444,
    #2445,#2446,#2447,#2448,#2449,#2450,#2451,#2452,#2453,#2454,#2455,
    #2456,#2457,#2458,#2459,#2460,#2461,#2462,#2463,#2464,#2465,#2466,
    #2467,#2468,#2469,#2470,#2471,#2472,#2473,#2474,#2475,#2476,#2477,
    #2478,#2479,#2480,#2481,#2482,#2483,#2484,#2485,#2486,#2487,#2488,
    #2489,#2490,#2491,#2492,#2493,#2494,#2495,#2496,#2497),
  .UNSPECIFIED.,.F.,.F.,(9,7,7,7,7,7,7,7,9),(0.,0.322209716612,
    0.591872974081,0.797918105298,0.889605805287,0.917621877573,
    0.932974768152,0.963594544468,1.),.UNSPECIFIED.);
#2440 = CARTESIAN_POINT('',(4.483235718329,-2.80648983546));
#2441 = CARTESIAN_POINT('',(4.449050303897,-2.809303197913));
#2442 = CARTESIAN_POINT('',(4.414455801029,-2.812979760604));
#2443 = CARTESIAN_POINT('',(4.379380530262,-2.817560882271));
#2444 = CARTESIAN_POINT('',(4.343743500333,-2.823091432256));
#2445 = CARTESIAN_POINT('',(4.307454011201,-2.829619631719));
#2446 = CARTESIAN_POINT('',(4.27040588555,-2.83719829564));
#2447 = CARTESIAN_POINT('',(4.232466328774,-2.845887475623));
#2448 = CARTESIAN_POINT('',(4.160813813567,-2.864019748872));
#2449 = CARTESIAN_POINT('',(4.127429812479,-2.873106475609));
#2450 = CARTESIAN_POINT('',(4.093196097261,-2.883061903291));
#2451 = CARTESIAN_POINT('',(4.057989494289,-2.893933350144));
#2452 = CARTESIAN_POINT('',(4.021657662642,-2.905774900704));
#2453 = CARTESIAN_POINT('',(3.98401633887,-2.918646894337));
#2454 = CARTESIAN_POINT('',(3.944822714266,-2.932620517522));
#2455 = CARTESIAN_POINT('',(3.872255053335,-2.959390946229));
#2456 = CARTESIAN_POINT('',(3.839752267325,-2.971664390843));
#2457 = CARTESIAN_POINT('',(3.805957190522,-2.984676494774));
#2458 = CARTESIAN_POINT('',(3.770624991212,-2.99848790629));
#2459 = CARTESIAN_POINT('',(3.733509823615,-3.01315161737));
#2460 = CARTESIAN_POINT('',(3.694247444801,-3.028723607739));
#2461 = CARTESIAN_POINT('',(3.652447137473,-3.045243287312));
#2462 = CARTESIAN_POINT('',(3.587047698113,-3.070612952425));
#2463 = CARTESIAN_POINT('',(3.566257520618,-3.078617510513));
#2464 = CARTESIAN_POINT('',(3.5447280202,-3.086825241526));
#2465 = CARTESIAN_POINT('',(3.522378212471,-3.095237990308));
#2466 = CARTESIAN_POINT('',(3.499134606303,-3.103846548207));
#2467 = CARTESIAN_POINT('',(3.474929412935,-3.11262898484));
#2468 = CARTESIAN_POINT('',(3.449697581445,-3.121548932211));
#2469 = CARTESIAN_POINT('',(3.41532882387,-3.133305352983));
#2470 = CARTESIAN_POINT('',(3.407186055876,-3.136063741716));
#2471 = CARTESIAN_POINT('',(3.398943978062,-3.13882701409));
#2472 = CARTESIAN_POINT('',(3.390602913287,-3.14159282559));
#2473 = CARTESIAN_POINT('',(3.382163981006,-3.14435846458));
#2474 = CARTESIAN_POINT('',(3.373629192475,-3.147120856386));
#2475 = CARTESIAN_POINT('',(3.365001545964,-3.149876567388));
#2476 = CARTESIAN_POINT('',(3.351508495793,-3.154126209688));
#2477 = CARTESIAN_POINT('',(3.346705249292,-3.155627458327));
#2478 = CARTESIAN_POINT('',(3.341876084423,-3.157124916765));
#2479 = CARTESIAN_POINT('',(3.337021817982,-3.158617918636));
#2480 = CARTESIAN_POINT('',(3.332143381594,-3.160105769455));
#2481 = CARTESIAN_POINT('',(3.327241821714,-3.161587746626));
#2482 = CARTESIAN_POINT('',(3.322318299623,-3.163063099436));
#2483 = CARTESIAN_POINT('',(3.307513371853,-3.167458725039));
#2484 = CARTESIAN_POINT('',(3.297569444418,-3.170357241383));
#2485 = CARTESIAN_POINT('',(3.287553669342,-3.173220105917));
#2486 = CARTESIAN_POINT('',(3.27747838494,-3.176040775965));
#2487 = CARTESIAN_POINT('',(3.26735699868,-3.178812752898));
#2488 = CARTESIAN_POINT('',(3.25720407824,-3.181529676682));
#2489 = CARTESIAN_POINT('',(3.24703544256,-3.184185420429));
#2490 = CARTESIAN_POINT('',(3.224779948675,-3.18985210264));
#2491 = CARTESIAN_POINT('',(3.212690999342,-3.192836032812));
#2492 = CARTESIAN_POINT('',(3.200630873599,-3.19571598667));
#2493 = CARTESIAN_POINT('',(3.188625968396,-3.198484185517));
#2494 = CARTESIAN_POINT('',(3.17669985309,-3.201134863382));
#2495 = CARTESIAN_POINT('',(3.164873513605,-3.203664069674));
#2496 = CARTESIAN_POINT('',(3.153165596592,-3.206069471822));
#2497 = CARTESIAN_POINT('',(3.14159265359,-3.208350157922));
#2498 = ( GEOMETRIC_REPRESENTATION_CONTEXT(2) 
PARAMETRIC_REPRESENTATION_CONTEXT() REPRESENTATION_CONTEXT('2D SPACE',''
  ) );
#2499 = PCURVE('',#2500,#2505);
#2500 = CYLINDRICAL_SURFACE('',#2501,28.599);
#2501 = AXIS2_PLACEMENT_3D('',#2502,#2503,#2504);
#2502 = CARTESIAN_POINT('',(0.,0.,-2.));
#2503 = DIRECTION('',(0.,0.,1.));
#2504 = DIRECTION('',(1.,0.,-0.));
#2505 = DEFINITIONAL_REPRESENTATION('',(#2506),#2565);
#2506 = B_SPLINE_CURVE_WITH_KNOTS('',8,(#2507,#2508,#2509,#2510,#2511,
    #2512,#2513,#2514,#2515,#2516,#2517,#2518,#2519,#2520,#2521,#2522,
    #2523,#2524,#2525,#2526,#2527,#2528,#2529,#2530,#2531,#2532,#2533,
    #2534,#2535,#2536,#2537,#2538,#2539,#2540,#2541,#2542,#2543,#2544,
    #2545,#2546,#2547,#2548,#2549,#2550,#2551,#2552,#2553,#2554,#2555,
    #2556,#2557,#2558,#2559,#2560,#2561,#2562,#2563,#2564),
  .UNSPECIFIED.,.F.,.F.,(9,7,7,7,7,7,7,7,9),(0.,0.322209716612,
    0.591872974081,0.797918105298,0.889605805287,0.917621877573,
    0.932974768152,0.963594544468,1.),.UNSPECIFIED.);
#2507 = CARTESIAN_POINT('',(4.731983119424,6.749810552748));
#2508 = CARTESIAN_POINT('',(4.737003960143,6.875434561571));
#2509 = CARTESIAN_POINT('',(4.742095080918,6.999832171815));
#2510 = CARTESIAN_POINT('',(4.747258762963,7.12293216559));
#2511 = CARTESIAN_POINT('',(4.752497701595,7.244639187695));
#2512 = CARTESIAN_POINT('',(4.757814989083,7.364834218227));
#2513 = CARTESIAN_POINT('',(4.763214366853,7.48336917752));
#2514 = CARTESIAN_POINT('',(4.768700747054,7.60005566343));
#2515 = CARTESIAN_POINT('',(4.778951223064,7.810552112106));
#2516 = CARTESIAN_POINT('',(4.783685882386,7.904962538896));
#2517 = CARTESIAN_POINT('',(4.788490062329,7.997756034836));
#2518 = CARTESIAN_POINT('',(4.793368672212,8.088759406835));
#2519 = CARTESIAN_POINT('',(4.798327099312,8.177728977092));
#2520 = CARTESIAN_POINT('',(4.803371289072,8.264348588881));
#2521 = CARTESIAN_POINT('',(4.8085088335,8.348198899299));
#2522 = CARTESIAN_POINT('',(4.817759353119,8.4901228805));
#2523 = CARTESIAN_POINT('',(4.821820051833,8.549486431885));
#2524 = CARTESIAN_POINT('',(4.825947248406,8.606588775463));
#2525 = CARTESIAN_POINT('',(4.83014999393,8.661074476549));
#2526 = CARTESIAN_POINT('',(4.834433301255,8.7124351522));
#2527 = CARTESIAN_POINT('',(4.838801027949,8.759826132172));
#2528 = CARTESIAN_POINT('',(4.843253292043,8.802222026925));
#2529 = CARTESIAN_POINT('',(4.849824352079,8.853423993022));
#2530 = CARTESIAN_POINT('',(4.851863282921,8.867785744754));
#2531 = CARTESIAN_POINT('',(4.853919593366,8.880585467492));
#2532 = CARTESIAN_POINT('',(4.855992654277,8.891601587847));
#2533 = CARTESIAN_POINT('',(4.858079167008,8.900549011993));
#2534 = CARTESIAN_POINT('',(4.860173144833,8.907079224108));
#2535 = CARTESIAN_POINT('',(4.862265890173,8.910778415172));
#2536 = CARTESIAN_POINT('',(4.864981555607,8.911281351948));
#2537 = CARTESIAN_POINT('',(4.865615712782,8.911089575219));
#2538 = CARTESIAN_POINT('',(4.86624800716,8.910574978912));
#2539 = CARTESIAN_POINT('',(4.866877932938,8.909723848868));
#2540 = CARTESIAN_POINT('',(4.867504913797,8.908522445197));
#2541 = CARTESIAN_POINT('',(4.868128306191,8.906957357711));
#2542 = CARTESIAN_POINT('',(4.868747402643,8.905015861353));
#2543 = CARTESIAN_POINT('',(4.869697926615,8.901409649559));
#2544 = CARTESIAN_POINT('',(4.870032895656,8.900016522707));
#2545 = CARTESIAN_POINT('',(4.870366212315,8.898504936151));
#2546 = CARTESIAN_POINT('',(4.870697742238,8.896873098781));
#2547 = CARTESIAN_POINT('',(4.871027346569,8.895119383296));
#2548 = CARTESIAN_POINT('',(4.871354881953,8.893242326203));
#2549 = CARTESIAN_POINT('',(4.87168020053,8.891240627821));
#2550 = CARTESIAN_POINT('',(4.872647239634,8.884870119026));
#2551 = CARTESIAN_POINT('',(4.873281969353,8.880126494319));
#2552 = CARTESIAN_POINT('',(4.873906060131,8.874874081747));
#2553 = CARTESIAN_POINT('',(4.874518253166,8.869108055456));
#2554 = CARTESIAN_POINT('',(4.875117325733,8.86282755422));
#2555 = CARTESIAN_POINT('',(4.87570210711,8.856036275525));
#2556 = CARTESIAN_POINT('',(4.876271494498,8.848743069637));
#2557 = CARTESIAN_POINT('',(4.877481929223,8.831711847042));
#2558 = CARTESIAN_POINT('',(4.878116334484,8.821770183144));
#2559 = CARTESIAN_POINT('',(4.878725922182,8.811162109922));
#2560 = CARTESIAN_POINT('',(4.879309419026,8.799919350176));
#2561 = CARTESIAN_POINT('',(4.879865983675,8.788079446329));
#2562 = CARTESIAN_POINT('',(4.880395149429,8.775684425184));
#2563 = CARTESIAN_POINT('',(4.880896766926,8.762779462675));
#2564 = CARTESIAN_POINT('',(4.881370946839,8.749411548621));
#2565 = ( GEOMETRIC_REPRESENTATION_CONTEXT(2) 
PARAMETRIC_REPRESENTATION_CONTEXT() REPRESENTATION_CONTEXT('2D SPACE',''
  ) );
#2566 = ORIENTED_EDGE('',*,*,#2567,.F.);
#2567 = EDGE_CURVE('',#1868,#2375,#2568,.T.);
#2568 = SURFACE_CURVE('',#2569,(#2573,#2580),.PCURVE_S1.);
#2569 = LINE('',#2570,#2571);
#2570 = CARTESIAN_POINT('',(0.560336925737,-31.4,4.749810552748));
#2571 = VECTOR('',#2572,1.);
#2572 = DIRECTION('',(-0.,1.,-0.));
#2573 = PCURVE('',#2000,#2574);
#2574 = DEFINITIONAL_REPRESENTATION('',(#2575),#2579);
#2575 = LINE('',#2576,#2577);
#2576 = CARTESIAN_POINT('',(4.483235718329,0.));
#2577 = VECTOR('',#2578,1.);
#2578 = DIRECTION('',(0.,-1.));
#2579 = ( GEOMETRIC_REPRESENTATION_CONTEXT(2) 
PARAMETRIC_REPRESENTATION_CONTEXT() REPRESENTATION_CONTEXT('2D SPACE',''
  ) );
#2580 = PCURVE('',#2090,#2581);
#2581 = DEFINITIONAL_REPRESENTATION('',(#2582),#2586);
#2582 = LINE('',#2583,#2584);
#2583 = CARTESIAN_POINT('',(-0.6,-3.552713678801E-15));
#2584 = VECTOR('',#2585,1.);
#2585 = DIRECTION('',(-0.,-1.));
#2586 = ( GEOMETRIC_REPRESENTATION_CONTEXT(2) 
PARAMETRIC_REPRESENTATION_CONTEXT() REPRESENTATION_CONTEXT('2D SPACE',''
  ) );
#2587 = ADVANCED_FACE('',(#2588),#2291,.T.);
#2588 = FACE_BOUND('',#2589,.T.);
#2589 = EDGE_LOOP('',(#2590,#2591,#2614,#2758));
#2590 = ORIENTED_EDGE('',*,*,#2195,.T.);
#2591 = ORIENTED_EDGE('',*,*,#2592,.T.);
#2592 = EDGE_CURVE('',#2164,#2593,#2595,.T.);
#2593 = VERTEX_POINT('',#2594);
#2594 = CARTESIAN_POINT('',(2.810147457184,-28.46060210657,
    2.500000021301));
#2595 = SURFACE_CURVE('',#2596,(#2600,#2607),.PCURVE_S1.);
#2596 = LINE('',#2597,#2598);
#2597 = CARTESIAN_POINT('',(2.810147457184,-31.4,2.500000021301));
#2598 = VECTOR('',#2599,1.);
#2599 = DIRECTION('',(-0.,1.,-0.));
#2600 = PCURVE('',#2291,#2601);
#2601 = DEFINITIONAL_REPRESENTATION('',(#2602),#2606);
#2602 = LINE('',#2603,#2604);
#2603 = CARTESIAN_POINT('',(1.79994958885,0.));
#2604 = VECTOR('',#2605,1.);
#2605 = DIRECTION('',(0.,-1.));
#2606 = ( GEOMETRIC_REPRESENTATION_CONTEXT(2) 
PARAMETRIC_REPRESENTATION_CONTEXT() REPRESENTATION_CONTEXT('2D SPACE',''
  ) );
#2607 = PCURVE('',#2183,#2608);
#2608 = DEFINITIONAL_REPRESENTATION('',(#2609),#2613);
#2609 = LINE('',#2610,#2611);
#2610 = CARTESIAN_POINT('',(6.280369834735E-16,-0.));
#2611 = VECTOR('',#2612,1.);
#2612 = DIRECTION('',(-0.,-1.));
#2613 = ( GEOMETRIC_REPRESENTATION_CONTEXT(2) 
PARAMETRIC_REPRESENTATION_CONTEXT() REPRESENTATION_CONTEXT('2D SPACE',''
  ) );
#2614 = ORIENTED_EDGE('',*,*,#2615,.F.);
#2615 = EDGE_CURVE('',#2352,#2593,#2616,.T.);
#2616 = SURFACE_CURVE('',#2617,(#2662,#2710),.PCURVE_S1.);
#2617 = B_SPLINE_CURVE_WITH_KNOTS('',8,(#2618,#2619,#2620,#2621,#2622,
    #2623,#2624,#2625,#2626,#2627,#2628,#2629,#2630,#2631,#2632,#2633,
    #2634,#2635,#2636,#2637,#2638,#2639,#2640,#2641,#2642,#2643,#2644,
    #2645,#2646,#2647,#2648,#2649,#2650,#2651,#2652,#2653,#2654,#2655,
    #2656,#2657,#2658,#2659,#2660,#2661),.UNSPECIFIED.,.F.,.F.,(9,7,7,7,
    7,7,9),(0.,6.423674491895E-02,0.130632167333,0.320079765696,
    0.591144780555,0.911984221685,1.),.UNSPECIFIED.);
#2618 = CARTESIAN_POINT('',(4.809748453057,-28.19164984207,
    6.749411548621));
#2619 = CARTESIAN_POINT('',(4.837268242481,-28.18695471904,
    6.721891759198));
#2620 = CARTESIAN_POINT('',(4.86148462121,-28.18279158742,6.692430095886
    ));
#2621 = CARTESIAN_POINT('',(4.882493552842,-28.17915735871,
    6.661385388415));
#2622 = CARTESIAN_POINT('',(4.90050941945,-28.17602579552,6.629101038213
    ));
#2623 = CARTESIAN_POINT('',(4.915785881609,-28.17336049638,
    6.595872965414));
#2624 = CARTESIAN_POINT('',(4.928580159604,-28.17112178247,
    6.561935769539));
#2625 = CARTESIAN_POINT('',(4.939138092411,-28.16927033262,
    6.527457280162));
#2626 = CARTESIAN_POINT('',(4.956503530953,-28.16622008813,
    6.456432391619));
#2627 = CARTESIAN_POINT('',(4.963166985528,-28.16504639627,
    6.419881195682));
#2628 = CARTESIAN_POINT('',(4.967909925271,-28.16420956287,
    6.382996847091));
#2629 = CARTESIAN_POINT('',(4.9709342056,-28.16367550537,6.345875094584)
  );
#2630 = CARTESIAN_POINT('',(4.972411151768,-28.1634146435,6.308590302224
    ));
#2631 = CARTESIAN_POINT('',(4.972488009639,-28.16340113858,
    6.271196513969));
#2632 = CARTESIAN_POINT('',(4.971291002272,-28.163612562,6.233727955189)
  );
#2633 = CARTESIAN_POINT('',(4.962174001264,-28.16522105675,
    6.089116650598));
#2634 = CARTESIAN_POINT('',(4.945921948067,-28.16808648476,
    5.981772778415));
#2635 = CARTESIAN_POINT('',(4.922678698284,-28.17217392379,5.87452485626
    ));
#2636 = CARTESIAN_POINT('',(4.893701068404,-28.17723840036,
    5.767650344029));
#2637 = CARTESIAN_POINT('',(4.860045189793,-28.18307406505,
    5.661314734667));
#2638 = CARTESIAN_POINT('',(4.822374021612,-28.1895443205,5.555572067024
    ));
#2639 = CARTESIAN_POINT('',(4.78120307838,-28.19654094969,5.450366488571
    ));
#2640 = CARTESIAN_POINT('',(4.673369628764,-28.21465150781,
    5.195524900421));
#2641 = CARTESIAN_POINT('',(4.603517615499,-28.22621525094,
    5.046626245531));
#2642 = CARTESIAN_POINT('',(4.528440572814,-28.23842989486,
    4.898764671782));
#2643 = CARTESIAN_POINT('',(4.448862573942,-28.25112404256,
    4.751921128699));
#2644 = CARTESIAN_POINT('',(4.365321845696,-28.26416384255,
    4.606076561046));
#2645 = CARTESIAN_POINT('',(4.278236976252,-28.27744007391,
    4.461197861457));
#2646 = CARTESIAN_POINT('',(4.187906951668,-28.29086659853,
    4.317237521183));
#2647 = CARTESIAN_POINT('',(3.984066128287,-28.32035455025,
    4.004734938995));
#2648 = CARTESIAN_POINT('',(3.869382419311,-28.33644161037,
    3.836591447735));
#2649 = CARTESIAN_POINT('',(3.750914614398,-28.35250720286,
    3.669636176448));
#2650 = CARTESIAN_POINT('',(3.628963577886,-28.36844913782,3.5038342158)
  );
#2651 = CARTESIAN_POINT('',(3.503757722549,-28.38418042697,
    3.339163851736));
#2652 = CARTESIAN_POINT('',(3.375475862375,-28.39962416553,
    3.175609433331));
#2653 = CARTESIAN_POINT('',(3.244257723374,-28.4147106059,3.013158066467
    ));
#2654 = CARTESIAN_POINT('',(3.073426680775,-28.43339969221,
    2.807534864629));
#2655 = CARTESIAN_POINT('',(3.036438221585,-28.43739124649,
    2.763352449387));
#2656 = CARTESIAN_POINT('',(2.999238954768,-28.44134976242,
    2.719252865272));
#2657 = CARTESIAN_POINT('',(2.961830946727,-28.44527394008,
    2.675236138397));
#2658 = CARTESIAN_POINT('',(2.924216110344,-28.44916250348,
    2.631302343325));
#2659 = CARTESIAN_POINT('',(2.886396204984,-28.45301420052,
    2.587451603068));
#2660 = CARTESIAN_POINT('',(2.848372836489,-28.45682780299,2.54368408909
    ));
#2661 = CARTESIAN_POINT('',(2.810147457184,-28.46060210657,
    2.500000021301));
#2662 = PCURVE('',#2291,#2663);
#2663 = DEFINITIONAL_REPRESENTATION('',(#2664),#2709);
#2664 = B_SPLINE_CURVE_WITH_KNOTS('',8,(#2665,#2666,#2667,#2668,#2669,
    #2670,#2671,#2672,#2673,#2674,#2675,#2676,#2677,#2678,#2679,#2680,
    #2681,#2682,#2683,#2684,#2685,#2686,#2687,#2688,#2689,#2690,#2691,
    #2692,#2693,#2694,#2695,#2696,#2697,#2698,#2699,#2700,#2701,#2702,
    #2703,#2704,#2705,#2706,#2707,#2708),.UNSPECIFIED.,.F.,.F.,(9,7,7,7,
    7,7,9),(0.,6.423674491895E-02,0.130632167333,0.320079765696,
    0.591144780555,0.911984221685,1.),.UNSPECIFIED.);
#2665 = CARTESIAN_POINT('',(3.14159265359,-3.208350157922));
#2666 = CARTESIAN_POINT('',(3.117768072345,-3.213045280959));
#2667 = CARTESIAN_POINT('',(3.094532854655,-3.217208412571));
#2668 = CARTESIAN_POINT('',(3.071980146438,-3.220842641284));
#2669 = CARTESIAN_POINT('',(3.050149565762,-3.223974204475));
#2670 = CARTESIAN_POINT('',(3.029048457018,-3.226639503619));
#2671 = CARTESIAN_POINT('',(3.008660272287,-3.22887821753));
#2672 = CARTESIAN_POINT('',(2.988946887637,-3.230729667376));
#2673 = CARTESIAN_POINT('',(2.950114740876,-3.23377991187));
#2674 = CARTESIAN_POINT('',(2.931052210423,-3.234953603723));
#2675 = CARTESIAN_POINT('',(2.912607360093,-3.23579043713));
#2676 = CARTESIAN_POINT('',(2.894732806673,-3.236324494624));
#2677 = CARTESIAN_POINT('',(2.877386263257,-3.236585356499));
#2678 = CARTESIAN_POINT('',(2.860527653664,-3.236598861411));
#2679 = CARTESIAN_POINT('',(2.844117572326,-3.236387437991));
#2680 = CARTESIAN_POINT('',(2.782462541397,-3.234778943248));
#2681 = CARTESIAN_POINT('',(2.740240140469,-3.231913515231));
#2682 = CARTESIAN_POINT('',(2.700528575527,-3.227826076203));
#2683 = CARTESIAN_POINT('',(2.662926855777,-3.222761599631));
#2684 = CARTESIAN_POINT('',(2.627071962314,-3.216925934947));
#2685 = CARTESIAN_POINT('',(2.592719895867,-3.210455679493));
#2686 = CARTESIAN_POINT('',(2.5596343339,-3.203459050307));
#2687 = CARTESIAN_POINT('',(2.481780638601,-3.18534849219));
#2688 = CARTESIAN_POINT('',(2.438226904067,-3.173784749057));
#2689 = CARTESIAN_POINT('',(2.396444292073,-3.161570105137));
#2690 = CARTESIAN_POINT('',(2.356132274009,-3.148875957435));
#2691 = CARTESIAN_POINT('',(2.31706508522,-3.135836157445));
#2692 = CARTESIAN_POINT('',(2.2790566078,-3.122559926086));
#2693 = CARTESIAN_POINT('',(2.241958980554,-3.109133401467));
#2694 = CARTESIAN_POINT('',(2.162647591639,-3.07964544975));
#2695 = CARTESIAN_POINT('',(2.120760215981,-3.063558389629));
#2696 = CARTESIAN_POINT('',(2.079770227012,-3.047492797136));
#2697 = CARTESIAN_POINT('',(2.039521678562,-3.031550862176));
#2698 = CARTESIAN_POINT('',(1.999888829624,-3.015819573022));
#2699 = CARTESIAN_POINT('',(1.960762903101,-3.000375834468));
#2700 = CARTESIAN_POINT('',(1.922045110511,-2.985289394094));
#2701 = CARTESIAN_POINT('',(1.873111911584,-2.96660030779));
#2702 = CARTESIAN_POINT('',(1.862601975183,-2.962608753501));
#2703 = CARTESIAN_POINT('',(1.852114323341,-2.95865023758));
#2704 = CARTESIAN_POINT('',(1.841647183229,-2.954726059919));
#2705 = CARTESIAN_POINT('',(1.831198819315,-2.950837496516));
#2706 = CARTESIAN_POINT('',(1.82076753336,-2.946985799474));
#2707 = CARTESIAN_POINT('',(1.810351664422,-2.943172197004));
#2708 = CARTESIAN_POINT('',(1.79994958885,-2.939397893423));
#2709 = ( GEOMETRIC_REPRESENTATION_CONTEXT(2) 
PARAMETRIC_REPRESENTATION_CONTEXT() REPRESENTATION_CONTEXT('2D SPACE',''
  ) );
#2710 = PCURVE('',#2500,#2711);
#2711 = DEFINITIONAL_REPRESENTATION('',(#2712),#2757);
#2712 = B_SPLINE_CURVE_WITH_KNOTS('',8,(#2713,#2714,#2715,#2716,#2717,
    #2718,#2719,#2720,#2721,#2722,#2723,#2724,#2725,#2726,#2727,#2728,
    #2729,#2730,#2731,#2732,#2733,#2734,#2735,#2736,#2737,#2738,#2739,
    #2740,#2741,#2742,#2743,#2744,#2745,#2746,#2747,#2748,#2749,#2750,
    #2751,#2752,#2753,#2754,#2755,#2756),.UNSPECIFIED.,.F.,.F.,(9,7,7,7,
    7,7,9),(0.,6.423674491895E-02,0.130632167333,0.320079765696,
    0.591144780555,0.911984221685,1.),.UNSPECIFIED.);
#2713 = CARTESIAN_POINT('',(4.881370946839,8.749411548621));
#2714 = CARTESIAN_POINT('',(4.882347114944,8.721891759198));
#2715 = CARTESIAN_POINT('',(4.883206291956,8.692430095887));
#2716 = CARTESIAN_POINT('',(4.883951805157,8.661385388415));
#2717 = CARTESIAN_POINT('',(4.884591198163,8.629101038213));
#2718 = CARTESIAN_POINT('',(4.885133427751,8.595872965414));
#2719 = CARTESIAN_POINT('',(4.885587592658,8.561935769539));
#2720 = CARTESIAN_POINT('',(4.885962397347,8.527457280162));
#2721 = CARTESIAN_POINT('',(4.886578897634,8.456432391619));
#2722 = CARTESIAN_POINT('',(4.886815480402,8.419881195682));
#2723 = CARTESIAN_POINT('',(4.88698388483,8.382996847091));
#2724 = CARTESIAN_POINT('',(4.887091268762,8.345875094584));
#2725 = CARTESIAN_POINT('',(4.887143711376,8.308590302224));
#2726 = CARTESIAN_POINT('',(4.887146439975,8.271196513969));
#2727 = CARTESIAN_POINT('',(4.88710393725,8.233727955189));
#2728 = CARTESIAN_POINT('',(4.886780226439,8.089116650598));
#2729 = CARTESIAN_POINT('',(4.886203187935,7.981772778415));
#2730 = CARTESIAN_POINT('',(4.885377987444,7.87452485626));
#2731 = CARTESIAN_POINT('',(4.884349390844,7.767650344029));
#2732 = CARTESIAN_POINT('',(4.883155013744,7.661314734667));
#2733 = CARTESIAN_POINT('',(4.881818509304,7.555572067024));
#2734 = CARTESIAN_POINT('',(4.880358278512,7.450366488571));
#2735 = CARTESIAN_POINT('',(4.876534938464,7.195524900421));
#2736 = CARTESIAN_POINT('',(4.874059239393,7.046626245531));
#2737 = CARTESIAN_POINT('',(4.871399577028,6.898764671782));
#2738 = CARTESIAN_POINT('',(4.868581880423,6.751921128699));
#2739 = CARTESIAN_POINT('',(4.865625438465,6.606076561046));
#2740 = CARTESIAN_POINT('',(4.862545258997,6.461197861457));
#2741 = CARTESIAN_POINT('',(4.859352079835,6.317237521183));
#2742 = CARTESIAN_POINT('',(4.852150336141,6.004734938995));
#2743 = CARTESIAN_POINT('',(4.848101053512,5.836591447735));
#2744 = CARTESIAN_POINT('',(4.843920835161,5.669636176448));
#2745 = CARTESIAN_POINT('',(4.839620485352,5.5038342158));
#2746 = CARTESIAN_POINT('',(4.835208199071,5.339163851736));
#2747 = CARTESIAN_POINT('',(4.830690379655,5.175609433331));
#2748 = CARTESIAN_POINT('',(4.82607201703,5.013158066467));
#2749 = CARTESIAN_POINT('',(4.82006305503,4.807534864629));
#2750 = CARTESIAN_POINT('',(4.818762199514,4.763352449387));
#2751 = CARTESIAN_POINT('',(4.817454138898,4.719252865272));
#2752 = CARTESIAN_POINT('',(4.816138946498,4.675236138397));
#2753 = CARTESIAN_POINT('',(4.814816690044,4.631302343325));
#2754 = CARTESIAN_POINT('',(4.813487431686,4.587451603068));
#2755 = CARTESIAN_POINT('',(4.812151227989,4.54368408909));
#2756 = CARTESIAN_POINT('',(4.810808129935,4.500000021301));
#2757 = ( GEOMETRIC_REPRESENTATION_CONTEXT(2) 
PARAMETRIC_REPRESENTATION_CONTEXT() REPRESENTATION_CONTEXT('2D SPACE',''
  ) );
#2758 = ORIENTED_EDGE('',*,*,#2351,.F.);
#2759 = ADVANCED_FACE('',(#2760),#2183,.T.);
#2760 = FACE_BOUND('',#2761,.F.);
#2761 = EDGE_LOOP('',(#2762,#2763,#2764,#2791));
#2762 = ORIENTED_EDGE('',*,*,#2163,.F.);
#2763 = ORIENTED_EDGE('',*,*,#2592,.T.);
#2764 = ORIENTED_EDGE('',*,*,#2765,.T.);
#2765 = EDGE_CURVE('',#2593,#2766,#2768,.T.);
#2766 = VERTEX_POINT('',#2767);
#2767 = CARTESIAN_POINT('',(2.385883388472,-28.49930457847,
    2.924264090012));
#2768 = SURFACE_CURVE('',#2769,(#2774,#2781),.PCURVE_S1.);
#2769 = ELLIPSE('',#2770,40.445093670308,28.599);
#2770 = AXIS2_PLACEMENT_3D('',#2771,#2772,#2773);
#2771 = CARTESIAN_POINT('',(0.,0.,5.310147478485));
#2772 = DIRECTION('',(-0.707106781187,0.,-0.707106781187));
#2773 = DIRECTION('',(-0.707106781187,0.,0.707106781187));
#2774 = PCURVE('',#2183,#2775);
#2775 = DEFINITIONAL_REPRESENTATION('',(#2776),#2780);
#2776 = ELLIPSE('',#2777,40.445093670308,28.599);
#2777 = AXIS2_PLACEMENT_2D('',#2778,#2779);
#2778 = CARTESIAN_POINT('',(-3.974148646218,-31.4));
#2779 = DIRECTION('',(-1.,0.));
#2780 = ( GEOMETRIC_REPRESENTATION_CONTEXT(2) 
PARAMETRIC_REPRESENTATION_CONTEXT() REPRESENTATION_CONTEXT('2D SPACE',''
  ) );
#2781 = PCURVE('',#2500,#2782);
#2782 = DEFINITIONAL_REPRESENTATION('',(#2783),#2790);
#2783 = B_SPLINE_CURVE_WITH_KNOTS('',5,(#2784,#2785,#2786,#2787,#2788,
    #2789),.UNSPECIFIED.,.F.,.F.,(6,6),(4.612479013976,4.630355082256),
  .PIECEWISE_BEZIER_KNOTS.);
#2784 = CARTESIAN_POINT('',(4.812298946793,4.457573614429));
#2785 = CARTESIAN_POINT('',(4.808723733137,4.559311256616));
#2786 = CARTESIAN_POINT('',(4.805148519481,4.661094476347));
#2787 = CARTESIAN_POINT('',(4.801573305825,4.762920564399));
#2788 = CARTESIAN_POINT('',(4.797998092169,4.864786809126));
#2789 = CARTESIAN_POINT('',(4.794422878513,4.966690496884));
#2790 = ( GEOMETRIC_REPRESENTATION_CONTEXT(2) 
PARAMETRIC_REPRESENTATION_CONTEXT() REPRESENTATION_CONTEXT('2D SPACE',''
  ) );
#2791 = ORIENTED_EDGE('',*,*,#2792,.F.);
#2792 = EDGE_CURVE('',#2103,#2766,#2793,.T.);
#2793 = SURFACE_CURVE('',#2794,(#2798,#2805),.PCURVE_S1.);
#2794 = LINE('',#2795,#2796);
#2795 = CARTESIAN_POINT('',(2.385883388472,-31.4,2.924264090012));
#2796 = VECTOR('',#2797,1.);
#2797 = DIRECTION('',(-0.,1.,-0.));
#2798 = PCURVE('',#2183,#2799);
#2799 = DEFINITIONAL_REPRESENTATION('',(#2800),#2804);
#2800 = LINE('',#2801,#2802);
#2801 = CARTESIAN_POINT('',(-0.6,0.));
#2802 = VECTOR('',#2803,1.);
#2803 = DIRECTION('',(-0.,-1.));
#2804 = ( GEOMETRIC_REPRESENTATION_CONTEXT(2) 
PARAMETRIC_REPRESENTATION_CONTEXT() REPRESENTATION_CONTEXT('2D SPACE',''
  ) );
#2805 = PCURVE('',#2140,#2806);
#2806 = DEFINITIONAL_REPRESENTATION('',(#2807),#2811);
#2807 = LINE('',#2808,#2809);
#2808 = CARTESIAN_POINT('',(0.,0.));
#2809 = VECTOR('',#2810,1.);
#2810 = DIRECTION('',(0.,-1.));
#2811 = ( GEOMETRIC_REPRESENTATION_CONTEXT(2) 
PARAMETRIC_REPRESENTATION_CONTEXT() REPRESENTATION_CONTEXT('2D SPACE',''
  ) );
#2812 = ADVANCED_FACE('',(#2813),#2140,.F.);
#2813 = FACE_BOUND('',#2814,.F.);
#2814 = EDGE_LOOP('',(#2815,#2816,#2817,#2873));
#2815 = ORIENTED_EDGE('',*,*,#2102,.F.);
#2816 = ORIENTED_EDGE('',*,*,#2792,.T.);
#2817 = ORIENTED_EDGE('',*,*,#2818,.T.);
#2818 = EDGE_CURVE('',#2766,#2819,#2821,.T.);
#2819 = VERTEX_POINT('',#2820);
#2820 = CARTESIAN_POINT('',(0.984600994449,-28.58204614581,
    4.325546484036));
#2821 = SURFACE_CURVE('',#2822,(#2837,#2855),.PCURVE_S1.);
#2822 = B_SPLINE_CURVE_WITH_KNOTS('',7,(#2823,#2824,#2825,#2826,#2827,
    #2828,#2829,#2830,#2831,#2832,#2833,#2834,#2835,#2836),
  .UNSPECIFIED.,.F.,.F.,(8,6,8),(0.,0.656669549658,1.),.UNSPECIFIED.);
#2823 = CARTESIAN_POINT('',(2.385883388472,-28.49930457847,
    2.924264090012));
#2824 = CARTESIAN_POINT('',(2.362250269999,-28.50128307814,
    3.100014512244));
#2825 = CARTESIAN_POINT('',(2.31618537261,-28.50511642483,3.274064525878
    ));
#2826 = CARTESIAN_POINT('',(2.247349722812,-28.510754732,3.444443572593)
  );
#2827 = CARTESIAN_POINT('',(2.15497586549,-28.51806821988,3.608728806613
    ));
#2828 = CARTESIAN_POINT('',(2.038107980971,-28.52682049571,
    3.763768616738));
#2829 = CARTESIAN_POINT('',(1.895853931123,-28.53658760111,
    3.905342445233));
#2830 = CARTESIAN_POINT('',(1.640172732321,-28.5520641727,4.091365373162
    ));
#2831 = CARTESIAN_POINT('',(1.545105775583,-28.55750252454,
    4.150123598072));
#2832 = CARTESIAN_POINT('',(1.443250845528,-28.56294167873,
    4.202416177964));
#2833 = CARTESIAN_POINT('',(1.335316570845,-28.56824318987,
    4.247045097124));
#2834 = CARTESIAN_POINT('',(1.222189553559,-28.57327024255,
    4.282980439499));
#2835 = CARTESIAN_POINT('',(1.104901885523,-28.57790199265,
    4.309369651144));
#2836 = CARTESIAN_POINT('',(0.984600994449,-28.58204614581,
    4.325546484036));
#2837 = PCURVE('',#2140,#2838);
#2838 = DEFINITIONAL_REPRESENTATION('',(#2839),#2854);
#2839 = B_SPLINE_CURVE_WITH_KNOTS('',7,(#2840,#2841,#2842,#2843,#2844,
    #2845,#2846,#2847,#2848,#2849,#2850,#2851,#2852,#2853),
  .UNSPECIFIED.,.F.,.F.,(8,6,8),(0.,0.656669549658,1.),.UNSPECIFIED.);
#2840 = CARTESIAN_POINT('',(0.,-2.900695421526));
#2841 = CARTESIAN_POINT('',(0.108555780339,-2.898716921854));
#2842 = CARTESIAN_POINT('',(0.217909542725,-2.894883575167));
#2843 = CARTESIAN_POINT('',(0.328985740414,-2.889245267992));
#2844 = CARTESIAN_POINT('',(0.442595999137,-2.881931780113));
#2845 = CARTESIAN_POINT('',(0.559635463551,-2.873179504284));
#2846 = CARTESIAN_POINT('',(0.681040363913,-2.863412398886));
#2847 = CARTESIAN_POINT('',(0.874600581676,-2.847935827297));
#2848 = CARTESIAN_POINT('',(0.942821207605,-2.842497475451));
#2849 = CARTESIAN_POINT('',(1.012552744728,-2.837058321266));
#2850 = CARTESIAN_POINT('',(1.083606886875,-2.831756810126));
#2851 = CARTESIAN_POINT('',(1.155842878604,-2.826729757444));
#2852 = CARTESIAN_POINT('',(1.229154164275,-2.822098007345));
#2853 = CARTESIAN_POINT('',(1.303460427328,-2.817953854181));
#2854 = ( GEOMETRIC_REPRESENTATION_CONTEXT(2) 
PARAMETRIC_REPRESENTATION_CONTEXT() REPRESENTATION_CONTEXT('2D SPACE',''
  ) );
#2855 = PCURVE('',#2500,#2856);
#2856 = DEFINITIONAL_REPRESENTATION('',(#2857),#2872);
#2857 = B_SPLINE_CURVE_WITH_KNOTS('',7,(#2858,#2859,#2860,#2861,#2862,
    #2863,#2864,#2865,#2866,#2867,#2868,#2869,#2870,#2871),
  .UNSPECIFIED.,.F.,.F.,(8,6,8),(0.,0.656669549658,1.),.UNSPECIFIED.);
#2858 = CARTESIAN_POINT('',(4.795911468488,4.924264090012));
#2859 = CARTESIAN_POINT('',(4.795082216027,5.100014512244));
#2860 = CARTESIAN_POINT('',(4.793465931551,5.274064525878));
#2861 = CARTESIAN_POINT('',(4.791050949529,5.444443572593));
#2862 = CARTESIAN_POINT('',(4.78781089429,5.608728806613));
#2863 = CARTESIAN_POINT('',(4.783713103346,5.763768616738));
#2864 = CARTESIAN_POINT('',(4.778727464663,5.905342445233));
#2865 = CARTESIAN_POINT('',(4.769770886647,6.091365373162));
#2866 = CARTESIAN_POINT('',(4.766441334639,6.150123598072));
#2867 = CARTESIAN_POINT('',(4.7628748169,6.202416177964));
#2868 = CARTESIAN_POINT('',(4.759096276427,6.247045097124));
#2869 = CARTESIAN_POINT('',(4.755136819464,6.282980439499));
#2870 = CARTESIAN_POINT('',(4.75103256412,6.309369651144));
#2871 = CARTESIAN_POINT('',(4.746823597048,6.325546484036));
#2872 = ( GEOMETRIC_REPRESENTATION_CONTEXT(2) 
PARAMETRIC_REPRESENTATION_CONTEXT() REPRESENTATION_CONTEXT('2D SPACE',''
  ) );
#2873 = ORIENTED_EDGE('',*,*,#2874,.F.);
#2874 = EDGE_CURVE('',#2071,#2819,#2875,.T.);
#2875 = SURFACE_CURVE('',#2876,(#2880,#2887),.PCURVE_S1.);
#2876 = LINE('',#2877,#2878);
#2877 = CARTESIAN_POINT('',(0.984600994449,-31.4,4.325546484036));
#2878 = VECTOR('',#2879,1.);
#2879 = DIRECTION('',(-0.,1.,-0.));
#2880 = PCURVE('',#2140,#2881);
#2881 = DEFINITIONAL_REPRESENTATION('',(#2882),#2886);
#2882 = LINE('',#2883,#2884);
#2883 = CARTESIAN_POINT('',(1.303460427328,0.));
#2884 = VECTOR('',#2885,1.);
#2885 = DIRECTION('',(0.,-1.));
#2886 = ( GEOMETRIC_REPRESENTATION_CONTEXT(2) 
PARAMETRIC_REPRESENTATION_CONTEXT() REPRESENTATION_CONTEXT('2D SPACE',''
  ) );
#2887 = PCURVE('',#2090,#2888);
#2888 = DEFINITIONAL_REPRESENTATION('',(#2889),#2893);
#2889 = LINE('',#2890,#2891);
#2890 = CARTESIAN_POINT('',(-7.850462293419E-17,0.));
#2891 = VECTOR('',#2892,1.);
#2892 = DIRECTION('',(-0.,-1.));
#2893 = ( GEOMETRIC_REPRESENTATION_CONTEXT(2) 
PARAMETRIC_REPRESENTATION_CONTEXT() REPRESENTATION_CONTEXT('2D SPACE',''
  ) );
#2894 = ADVANCED_FACE('',(#2895),#2090,.T.);
#2895 = FACE_BOUND('',#2896,.F.);
#2896 = EDGE_LOOP('',(#2897,#2898,#2899,#2924));
#2897 = ORIENTED_EDGE('',*,*,#2070,.F.);
#2898 = ORIENTED_EDGE('',*,*,#2874,.T.);
#2899 = ORIENTED_EDGE('',*,*,#2900,.T.);
#2900 = EDGE_CURVE('',#2819,#2375,#2901,.T.);
#2901 = SURFACE_CURVE('',#2902,(#2907,#2914),.PCURVE_S1.);
#2902 = ELLIPSE('',#2903,40.445093670308,28.599);
#2903 = AXIS2_PLACEMENT_3D('',#2904,#2905,#2906);
#2904 = CARTESIAN_POINT('',(0.,0.,5.310147478485));
#2905 = DIRECTION('',(-0.707106781187,0.,-0.707106781187));
#2906 = DIRECTION('',(-0.707106781187,0.,0.707106781187));
#2907 = PCURVE('',#2090,#2908);
#2908 = DEFINITIONAL_REPRESENTATION('',(#2909),#2913);
#2909 = ELLIPSE('',#2910,40.445093670308,28.599);
#2910 = AXIS2_PLACEMENT_2D('',#2911,#2912);
#2911 = CARTESIAN_POINT('',(-1.392436079875,-31.4));
#2912 = DIRECTION('',(-1.,0.));
#2913 = ( GEOMETRIC_REPRESENTATION_CONTEXT(2) 
PARAMETRIC_REPRESENTATION_CONTEXT() REPRESENTATION_CONTEXT('2D SPACE',''
  ) );
#2914 = PCURVE('',#2500,#2915);
#2915 = DEFINITIONAL_REPRESENTATION('',(#2916),#2923);
#2916 = B_SPLINE_CURVE_WITH_KNOTS('',5,(#2917,#2918,#2919,#2920,#2921,
    #2922),.UNSPECIFIED.,.F.,.F.,(6,6),(4.676469952598,4.694278597813),
  .PIECEWISE_BEZIER_KNOTS.);
#2917 = CARTESIAN_POINT('',(4.748308008172,6.283120077165));
#2918 = CARTESIAN_POINT('',(4.744746279129,6.384916263219));
#2919 = CARTESIAN_POINT('',(4.741184550086,6.486728735249));
#2920 = CARTESIAN_POINT('',(4.737622821043,6.588554802885));
#2921 = CARTESIAN_POINT('',(4.734061092,6.690391774897));
#2922 = CARTESIAN_POINT('',(4.730499362957,6.792236959619));
#2923 = ( GEOMETRIC_REPRESENTATION_CONTEXT(2) 
PARAMETRIC_REPRESENTATION_CONTEXT() REPRESENTATION_CONTEXT('2D SPACE',''
  ) );
#2924 = ORIENTED_EDGE('',*,*,#2567,.F.);
#2925 = ADVANCED_FACE('',(#2926),#2500,.F.);
#2926 = FACE_BOUND('',#2927,.F.);
#2927 = EDGE_LOOP('',(#2928,#2929,#2930,#2931,#2932));
#2928 = ORIENTED_EDGE('',*,*,#2374,.F.);
#2929 = ORIENTED_EDGE('',*,*,#2900,.F.);
#2930 = ORIENTED_EDGE('',*,*,#2818,.F.);
#2931 = ORIENTED_EDGE('',*,*,#2765,.F.);
#2932 = ORIENTED_EDGE('',*,*,#2615,.F.);
#2933 = MANIFOLD_SOLID_BREP('',#2934);
#2934 = CLOSED_SHELL('',(#2935,#3849,#3967,#4049,#4125,#4225,#4278,#4408
    ,#4461,#4561,#4655,#4731,#4825,#4916,#4988));
#2935 = ADVANCED_FACE('',(#2936),#2969,.T.);
#2936 = FACE_BOUND('',#2937,.T.);
#2937 = EDGE_LOOP('',(#2938,#3033,#3109,#3182,#3258,#3316,#3392,#3474,
    #3506,#3615,#3647,#3729,#3787));
#2938 = ORIENTED_EDGE('',*,*,#2939,.T.);
#2939 = EDGE_CURVE('',#2940,#2942,#2944,.T.);
#2940 = VERTEX_POINT('',#2941);
#2941 = CARTESIAN_POINT('',(10.943278482472,-27.28744502614,
    23.708491077542));
#2942 = VERTEX_POINT('',#2943);
#2943 = CARTESIAN_POINT('',(11.013414973039,-27.2592129496,
    24.339115651563));
#2944 = SURFACE_CURVE('',#2945,(#2968,#2999),.PCURVE_S1.);
#2945 = B_SPLINE_CURVE_WITH_KNOTS('',6,(#2946,#2947,#2948,#2949,#2950,
    #2951,#2952,#2953,#2954,#2955,#2956,#2957,#2958,#2959,#2960,#2961,
    #2962,#2963,#2964,#2965,#2966,#2967),.UNSPECIFIED.,.F.,.F.,(7,5,5,5,
    7),(0.,0.355705215521,0.792857535605,0.903998177882,1.),
  .UNSPECIFIED.);
#2946 = CARTESIAN_POINT('',(10.943278482472,-27.28744502614,
    23.708491077542));
#2947 = CARTESIAN_POINT('',(10.950613742148,-27.2845033147,
    23.744784133675));
#2948 = CARTESIAN_POINT('',(10.957799498535,-27.28161881225,
    23.781826667045));
#2949 = CARTESIAN_POINT('',(10.964756441377,-27.27882353683,
    23.819413285012));
#2950 = CARTESIAN_POINT('',(10.971413928352,-27.27614621205,
    23.857382161193));
#2951 = CARTESIAN_POINT('',(10.977702064803,-27.27361540092,
    23.895597320513));
#2952 = CARTESIAN_POINT('',(10.990723101503,-27.26837115798,
    23.981041911343));
#2953 = CARTESIAN_POINT('',(10.997226606883,-27.26574922405,
    24.028322282832));
#2954 = CARTESIAN_POINT('',(11.002913039482,-27.26345466658,
    24.075541545104));
#2955 = CARTESIAN_POINT('',(11.007617331418,-27.26155507583,
    24.122460140222));
#2956 = CARTESIAN_POINT('',(11.011139826271,-27.26013214643,
    24.168801412382));
#2957 = CARTESIAN_POINT('',(11.013717848296,-27.25909058416,
    24.225736931372));
#2958 = CARTESIAN_POINT('',(11.01414555969,-27.2589177677,
    24.237216309068));
#2959 = CARTESIAN_POINT('',(11.014473747989,-27.25878515611,
    24.248627821325));
#2960 = CARTESIAN_POINT('',(11.014697329875,-27.25869481024,
    24.259964577072));
#2961 = CARTESIAN_POINT('',(11.014810800341,-27.25864895831,
    24.271219035354));
#2962 = CARTESIAN_POINT('',(11.014806014776,-27.25865089209,
    24.292026295478));
#2963 = CARTESIAN_POINT('',(11.01471720185,-27.25868677987,
    24.301602020558));
#2964 = CARTESIAN_POINT('',(11.014537969481,-27.25875920509,
    24.311104901681));
#2965 = CARTESIAN_POINT('',(11.014264190681,-27.25886983264,
    24.320529123899));
#2966 = CARTESIAN_POINT('',(11.013891435903,-27.25902044649,
    24.329868336212));
#2967 = CARTESIAN_POINT('',(11.013414973039,-27.2592129496,
    24.339115651563));
#2968 = PCURVE('',#2969,#2974);
#2969 = CYLINDRICAL_SURFACE('',#2970,29.4);
#2970 = AXIS2_PLACEMENT_3D('',#2971,#2972,#2973);
#2971 = CARTESIAN_POINT('',(0.,0.,-1.));
#2972 = DIRECTION('',(0.,0.,1.));
#2973 = DIRECTION('',(1.,0.,-0.));
#2974 = DEFINITIONAL_REPRESENTATION('',(#2975),#2998);
#2975 = B_SPLINE_CURVE_WITH_KNOTS('',6,(#2976,#2977,#2978,#2979,#2980,
    #2981,#2982,#2983,#2984,#2985,#2986,#2987,#2988,#2989,#2990,#2991,
    #2992,#2993,#2994,#2995,#2996,#2997),.UNSPECIFIED.,.F.,.F.,(7,5,5,5,
    7),(0.,0.355705215521,0.792857535605,0.903998177882,1.),
  .UNSPECIFIED.);
#2976 = CARTESIAN_POINT('',(5.09378911029,24.708491077542));
#2977 = CARTESIAN_POINT('',(5.094057924745,24.744784133675));
#2978 = CARTESIAN_POINT('',(5.094321295153,24.781826667045));
#2979 = CARTESIAN_POINT('',(5.094576312395,24.819413285012));
#2980 = CARTESIAN_POINT('',(5.094820382695,24.857382161193));
#2981 = CARTESIAN_POINT('',(5.095050937899,24.895597320513));
#2982 = CARTESIAN_POINT('',(5.095528401552,24.981041911343));
#2983 = CARTESIAN_POINT('',(5.095766909731,25.028322282832));
#2984 = CARTESIAN_POINT('',(5.095975478612,25.075541545104));
#2985 = CARTESIAN_POINT('',(5.096148041292,25.122460140222));
#2986 = CARTESIAN_POINT('',(5.096277260308,25.168801412382));
#2987 = CARTESIAN_POINT('',(5.096371834339,25.225736931372));
#2988 = CARTESIAN_POINT('',(5.096387524995,25.237216309068));
#2989 = CARTESIAN_POINT('',(5.096399564725,25.248627821325));
#2990 = CARTESIAN_POINT('',(5.096407766958,25.259964577072));
#2991 = CARTESIAN_POINT('',(5.096411929694,25.271219035354));
#2992 = CARTESIAN_POINT('',(5.096411754132,25.292026295478));
#2993 = CARTESIAN_POINT('',(5.096408495979,25.301602020558));
#2994 = CARTESIAN_POINT('',(5.09640192073,25.311104901681));
#2995 = CARTESIAN_POINT('',(5.096391877019,25.320529123899));
#2996 = CARTESIAN_POINT('',(5.096378202422,25.329868336212));
#2997 = CARTESIAN_POINT('',(5.096360723456,25.339115651563));
#2998 = ( GEOMETRIC_REPRESENTATION_CONTEXT(2) 
PARAMETRIC_REPRESENTATION_CONTEXT() REPRESENTATION_CONTEXT('2D SPACE',''
  ) );
#2999 = PCURVE('',#3000,#3008);
#3000 = SURFACE_OF_LINEAR_EXTRUSION('',#3001,#3006);
#3001 = B_SPLINE_CURVE_WITH_KNOTS('',3,(#3002,#3003,#3004,#3005),
  .UNSPECIFIED.,.F.,.F.,(4,4),(0.,1.),.PIECEWISE_BEZIER_KNOTS.);
#3002 = CARTESIAN_POINT('',(11.013414973039,-31.4,24.339115651563));
#3003 = CARTESIAN_POINT('',(11.022726421433,-31.4,24.158396636282));
#3004 = CARTESIAN_POINT('',(10.983802165988,-31.4,23.908992271179));
#3005 = CARTESIAN_POINT('',(10.943278482472,-31.4,23.708491077542));
#3006 = VECTOR('',#3007,1.);
#3007 = DIRECTION('',(-0.,-1.,-0.));
#3008 = DEFINITIONAL_REPRESENTATION('',(#3009),#3032);
#3009 = B_SPLINE_CURVE_WITH_KNOTS('',6,(#3010,#3011,#3012,#3013,#3014,
    #3015,#3016,#3017,#3018,#3019,#3020,#3021,#3022,#3023,#3024,#3025,
    #3026,#3027,#3028,#3029,#3030,#3031),.UNSPECIFIED.,.F.,.F.,(7,5,5,5,
    7),(0.,0.355705215521,0.792857535605,0.903998177882,1.),
  .UNSPECIFIED.);
#3010 = CARTESIAN_POINT('',(1.,-4.112554973852));
#3011 = CARTESIAN_POINT('',(0.939662776276,-4.115496685298));
#3012 = CARTESIAN_POINT('',(0.880209820868,-4.118381187745));
#3013 = CARTESIAN_POINT('',(0.821405820966,-4.121176463167));
#3014 = CARTESIAN_POINT('',(0.763056023135,-4.123853787942));
#3015 = CARTESIAN_POINT('',(0.704982400171,-4.126384599075));
#3016 = CARTESIAN_POINT('',(0.575740755009,-4.13162884202));
#3017 = CARTESIAN_POINT('',(0.504634081436,-4.13425077595));
#3018 = CARTESIAN_POINT('',(0.433332226184,-4.13654533342));
#3019 = CARTESIAN_POINT('',(0.361520244754,-4.138444924166));
#3020 = CARTESIAN_POINT('',(0.288877201161,-4.13986785357));
#3021 = CARTESIAN_POINT('',(0.196216919447,-4.140909415834));
#3022 = CARTESIAN_POINT('',(0.177355224956,-4.141082232297));
#3023 = CARTESIAN_POINT('',(0.158408108103,-4.141214843889));
#3024 = CARTESIAN_POINT('',(0.139369177339,-4.141305189753));
#3025 = CARTESIAN_POINT('',(0.120231896878,-4.141351041684));
#3026 = CARTESIAN_POINT('',(8.436833274624E-02,-4.141349107909));
#3027 = CARTESIAN_POINT('',(6.766873844793E-02,-4.141313220125));
#3028 = CARTESIAN_POINT('',(5.088648311948E-02,-4.141240794909));
#3029 = CARTESIAN_POINT('',(3.40172098037E-02,-4.141130167352));
#3030 = CARTESIAN_POINT('',(1.705652526711E-02,-4.140979553509));
#3031 = CARTESIAN_POINT('',(0.,-4.1407870504));
#3032 = ( GEOMETRIC_REPRESENTATION_CONTEXT(2) 
PARAMETRIC_REPRESENTATION_CONTEXT() REPRESENTATION_CONTEXT('2D SPACE',''
  ) );
#3033 = ORIENTED_EDGE('',*,*,#3034,.T.);
#3034 = EDGE_CURVE('',#2942,#3035,#3037,.T.);
#3035 = VERTEX_POINT('',#3036);
#3036 = CARTESIAN_POINT('',(10.987574006586,-27.26963911477,
    24.472766012567));
#3037 = SURFACE_CURVE('',#3038,(#3057,#3079),.PCURVE_S1.);
#3038 = B_SPLINE_CURVE_WITH_KNOTS('',5,(#3039,#3040,#3041,#3042,#3043,
    #3044,#3045,#3046,#3047,#3048,#3049,#3050,#3051,#3052,#3053,#3054,
    #3055,#3056),.UNSPECIFIED.,.F.,.F.,(6,4,4,4,6),(0.,0.218548198375,
    0.442157440842,0.879798357812,1.),.UNSPECIFIED.);
#3039 = CARTESIAN_POINT('',(11.013414973039,-27.2592129496,
    24.339115651563));
#3040 = CARTESIAN_POINT('',(11.013060889688,-27.25935600827,
    24.345987793436));
#3041 = CARTESIAN_POINT('',(11.012605918598,-27.25953982154,
    24.353062865083));
#3042 = CARTESIAN_POINT('',(11.01205435778,-27.25976264499,
    24.360271641723));
#3043 = CARTESIAN_POINT('',(11.011410073091,-27.26002290586,
    24.367546255513));
#3044 = CARTESIAN_POINT('',(11.009925935568,-27.26062236172,
    24.38226258231));
#3045 = CARTESIAN_POINT('',(11.009081921361,-27.2609632363,
    24.389703943928));
#3046 = CARTESIAN_POINT('',(11.008148108376,-27.2613403362,
    24.397073069394));
#3047 = CARTESIAN_POINT('',(11.007127861486,-27.26175228515,
    24.404297305106));
#3048 = CARTESIAN_POINT('',(11.003864319277,-27.26306981006,
    24.425013007476));
#3049 = CARTESIAN_POINT('',(11.001385494887,-27.26407028755,
    24.437881372843));
#3050 = CARTESIAN_POINT('',(10.998610413514,-27.2651899721,
    24.449358023797));
#3051 = CARTESIAN_POINT('',(10.995561369266,-27.26641969108,
    24.458821372923));
#3052 = CARTESIAN_POINT('',(10.991365691307,-27.26811106751,
    24.467470056888));
#3053 = CARTESIAN_POINT('',(10.990443363273,-27.26848283607,
    24.469131582252));
#3054 = CARTESIAN_POINT('',(10.989503451118,-27.26886164612,
    24.470577251231));
#3055 = CARTESIAN_POINT('',(10.988546716532,-27.26924718723,
    24.471793302621));
#3056 = CARTESIAN_POINT('',(10.987574006586,-27.26963911477,
    24.472766012567));
#3057 = PCURVE('',#2969,#3058);
#3058 = DEFINITIONAL_REPRESENTATION('',(#3059),#3078);
#3059 = B_SPLINE_CURVE_WITH_KNOTS('',5,(#3060,#3061,#3062,#3063,#3064,
    #3065,#3066,#3067,#3068,#3069,#3070,#3071,#3072,#3073,#3074,#3075,
    #3076,#3077),.UNSPECIFIED.,.F.,.F.,(6,4,4,4,6),(0.,0.218548198375,
    0.442157440842,0.879798357812,1.),.UNSPECIFIED.);
#3060 = CARTESIAN_POINT('',(5.096360723456,25.339115651563));
#3061 = CARTESIAN_POINT('',(5.096347733963,25.345987793436));
#3062 = CARTESIAN_POINT('',(5.096331043504,25.353062865083));
#3063 = CARTESIAN_POINT('',(5.09631080985,25.360271641723));
#3064 = CARTESIAN_POINT('',(5.096287174959,25.367546255513));
#3065 = CARTESIAN_POINT('',(5.096232731813,25.38226258231));
#3066 = CARTESIAN_POINT('',(5.096201770922,25.389703943928));
#3067 = CARTESIAN_POINT('',(5.096167516485,25.397073069394));
#3068 = CARTESIAN_POINT('',(5.096130092156,25.404297305106));
#3069 = CARTESIAN_POINT('',(5.096010382724,25.425013007476));
#3070 = CARTESIAN_POINT('',(5.095919460562,25.437881372843));
#3071 = CARTESIAN_POINT('',(5.095817676475,25.449358023797));
#3072 = CARTESIAN_POINT('',(5.09570585042,25.458821372923));
#3073 = CARTESIAN_POINT('',(5.095551980794,25.467470056888));
#3074 = CARTESIAN_POINT('',(5.095518156476,25.469131582252));
#3075 = CARTESIAN_POINT('',(5.095483687888,25.470577251231));
#3076 = CARTESIAN_POINT('',(5.095448603007,25.471793302621));
#3077 = CARTESIAN_POINT('',(5.095412932936,25.472766012567));
#3078 = ( GEOMETRIC_REPRESENTATION_CONTEXT(2) 
PARAMETRIC_REPRESENTATION_CONTEXT() REPRESENTATION_CONTEXT('2D SPACE',''
  ) );
#3079 = PCURVE('',#3080,#3088);
#3080 = SURFACE_OF_LINEAR_EXTRUSION('',#3081,#3086);
#3081 = B_SPLINE_CURVE_WITH_KNOTS('',3,(#3082,#3083,#3084,#3085),
  .UNSPECIFIED.,.F.,.F.,(4,4),(0.,1.),.PIECEWISE_BEZIER_KNOTS.);
#3082 = CARTESIAN_POINT('',(10.987574006586,-31.4,24.472766012567));
#3083 = CARTESIAN_POINT('',(11.000837267223,-31.4,24.45950275193));
#3084 = CARTESIAN_POINT('',(11.010701064032,-31.4,24.391787904312));
#3085 = CARTESIAN_POINT('',(11.013414973039,-31.4,24.339115651563));
#3086 = VECTOR('',#3087,1.);
#3087 = DIRECTION('',(-0.,-1.,-0.));
#3088 = DEFINITIONAL_REPRESENTATION('',(#3089),#3108);
#3089 = B_SPLINE_CURVE_WITH_KNOTS('',5,(#3090,#3091,#3092,#3093,#3094,
    #3095,#3096,#3097,#3098,#3099,#3100,#3101,#3102,#3103,#3104,#3105,
    #3106,#3107),.UNSPECIFIED.,.F.,.F.,(6,4,4,4,6),(0.,0.218548198375,
    0.442157440842,0.879798357812,1.),.UNSPECIFIED.);
#3090 = CARTESIAN_POINT('',(1.,-4.1407870504));
#3091 = CARTESIAN_POINT('',(0.956510043938,-4.140643991725));
#3092 = CARTESIAN_POINT('',(0.913085616277,-4.140460178458));
#3093 = CARTESIAN_POINT('',(0.86970697184,-4.140237355008));
#3094 = CARTESIAN_POINT('',(0.826352756862,-4.139977094137));
#3095 = CARTESIAN_POINT('',(0.738643317041,-4.139377638275));
#3096 = CARTESIAN_POINT('',(0.694288733626,-4.1390367637));
#3097 = CARTESIAN_POINT('',(0.649911623799,-4.138659663795));
#3098 = CARTESIAN_POINT('',(0.605489100069,-4.138247714841));
#3099 = CARTESIAN_POINT('',(0.473927410664,-4.136930189932));
#3100 = CARTESIAN_POINT('',(0.386613819767,-4.13592971245));
#3101 = CARTESIAN_POINT('',(0.298871296564,-4.134810027895));
#3102 = CARTESIAN_POINT('',(0.210641686658,-4.13358030892));
#3103 = CARTESIAN_POINT('',(9.765390683402E-02,-4.131888932489));
#3104 = CARTESIAN_POINT('',(7.327774091987E-02,-4.131517163923));
#3105 = CARTESIAN_POINT('',(4.88739051553E-02,-4.131138353879));
#3106 = CARTESIAN_POINT('',(2.444622463346E-02,-4.130752812768));
#3107 = CARTESIAN_POINT('',(0.,-4.13036088523));
#3108 = ( GEOMETRIC_REPRESENTATION_CONTEXT(2) 
PARAMETRIC_REPRESENTATION_CONTEXT() REPRESENTATION_CONTEXT('2D SPACE',''
  ) );
#3109 = ORIENTED_EDGE('',*,*,#3110,.T.);
#3110 = EDGE_CURVE('',#3035,#3111,#3113,.T.);
#3111 = VERTEX_POINT('',#3112);
#3112 = CARTESIAN_POINT('',(10.853923645581,-27.32311002605,
    24.498606979021));
#3113 = SURFACE_CURVE('',#3114,(#3132,#3153),.PCURVE_S1.);
#3114 = B_SPLINE_CURVE_WITH_KNOTS('',6,(#3115,#3116,#3117,#3118,#3119,
    #3120,#3121,#3122,#3123,#3124,#3125,#3126,#3127,#3128,#3129,#3130,
    #3131),.UNSPECIFIED.,.F.,.F.,(7,5,5,7),(0.,0.525907386926,
    0.772997527614,1.),.UNSPECIFIED.);
#3115 = CARTESIAN_POINT('',(10.987574006586,-27.26963911477,
    24.472766012567));
#3116 = CARTESIAN_POINT('',(10.984048905493,-27.27105946026,
    24.47629111366));
#3117 = CARTESIAN_POINT('',(10.977453071702,-27.27371644056,
    24.4796177107));
#3118 = CARTESIAN_POINT('',(10.968334069122,-27.27738735054,
    24.482714343497));
#3119 = CARTESIAN_POINT('',(10.957252885801,-27.28184172644,
    24.485554918541));
#3120 = CARTESIAN_POINT('',(10.944729171117,-27.28686706247,
    24.488117426642));
#3121 = CARTESIAN_POINT('',(10.924922655698,-27.29480008135,
    24.491442731333));
#3122 = CARTESIAN_POINT('',(10.918381973989,-27.29741774969,
    24.492439325039));
#3123 = CARTESIAN_POINT('',(10.911682912142,-27.30009655032,
    24.493367259857));
#3124 = CARTESIAN_POINT('',(10.904876035624,-27.3028160807,
    24.494224134817));
#3125 = CARTESIAN_POINT('',(10.898011364402,-27.30555626704,
    24.495007460554));
#3126 = CARTESIAN_POINT('',(10.884824134544,-27.31081561893,
    24.496364364989));
#3127 = CARTESIAN_POINT('',(10.878503052365,-27.31333457157,
    24.49694980529));
#3128 = CARTESIAN_POINT('',(10.872213520683,-27.31583890421,
    24.497468968018));
#3129 = CARTESIAN_POINT('',(10.865994298722,-27.31831323375,
    24.497919728324));
#3130 = CARTESIAN_POINT('',(10.85988451065,-27.32074211207,
    24.498299848709));
#3131 = CARTESIAN_POINT('',(10.853923645581,-27.32311002605,
    24.498606979021));
#3132 = PCURVE('',#2969,#3133);
#3133 = DEFINITIONAL_REPRESENTATION('',(#3134),#3152);
#3134 = B_SPLINE_CURVE_WITH_KNOTS('',6,(#3135,#3136,#3137,#3138,#3139,
    #3140,#3141,#3142,#3143,#3144,#3145,#3146,#3147,#3148,#3149,#3150,
    #3151),.UNSPECIFIED.,.F.,.F.,(7,5,5,7),(0.,0.525907386926,
    0.772997527614,1.),.UNSPECIFIED.);
#3135 = CARTESIAN_POINT('',(5.095412932936,25.472766012567));
#3136 = CARTESIAN_POINT('',(5.095283664592,25.47629111366));
#3137 = CARTESIAN_POINT('',(5.095041798038,25.4796177107));
#3138 = CARTESIAN_POINT('',(5.09470743931,25.482714343497));
#3139 = CARTESIAN_POINT('',(5.094301216574,25.485554918541));
#3140 = CARTESIAN_POINT('',(5.093842225234,25.488117426642));
#3141 = CARTESIAN_POINT('',(5.093116506209,25.491442731333));
#3142 = CARTESIAN_POINT('',(5.092876878728,25.492439325039));
#3143 = CARTESIAN_POINT('',(5.092631477232,25.493367259857));
#3144 = CARTESIAN_POINT('',(5.09238215633,25.494224134817));
#3145 = CARTESIAN_POINT('',(5.092130749241,25.495007460554));
#3146 = CARTESIAN_POINT('',(5.091647847298,25.496364364989));
#3147 = CARTESIAN_POINT('',(5.091416401775,25.49694980529));
#3148 = CARTESIAN_POINT('',(5.091186137238,25.497468968018));
#3149 = CARTESIAN_POINT('',(5.090958472045,25.497919728324));
#3150 = CARTESIAN_POINT('',(5.090734836903,25.498299848709));
#3151 = CARTESIAN_POINT('',(5.090516674876,25.498606979021));
#3152 = ( GEOMETRIC_REPRESENTATION_CONTEXT(2) 
PARAMETRIC_REPRESENTATION_CONTEXT() REPRESENTATION_CONTEXT('2D SPACE',''
  ) );
#3153 = PCURVE('',#3154,#3162);
#3154 = SURFACE_OF_LINEAR_EXTRUSION('',#3155,#3160);
#3155 = B_SPLINE_CURVE_WITH_KNOTS('',3,(#3156,#3157,#3158,#3159),
  .UNSPECIFIED.,.F.,.F.,(4,4),(0.,1.),.PIECEWISE_BEZIER_KNOTS.);
#3156 = CARTESIAN_POINT('',(10.853923645581,-31.4,24.498606979021));
#3157 = CARTESIAN_POINT('',(10.906595898331,-31.4,24.495893070014));
#3158 = CARTESIAN_POINT('',(10.974310745948,-31.4,24.486029273205));
#3159 = CARTESIAN_POINT('',(10.987574006586,-31.4,24.472766012567));
#3160 = VECTOR('',#3161,1.);
#3161 = DIRECTION('',(-0.,-1.,-0.));
#3162 = DEFINITIONAL_REPRESENTATION('',(#3163),#3181);
#3163 = B_SPLINE_CURVE_WITH_KNOTS('',6,(#3164,#3165,#3166,#3167,#3168,
    #3169,#3170,#3171,#3172,#3173,#3174,#3175,#3176,#3177,#3178,#3179,
    #3180),.UNSPECIFIED.,.F.,.F.,(7,5,5,7),(0.,0.525907386926,
    0.772997527614,1.),.UNSPECIFIED.);
#3164 = CARTESIAN_POINT('',(1.,-4.13036088523));
#3165 = CARTESIAN_POINT('',(0.911406875763,-4.128940539732));
#3166 = CARTESIAN_POINT('',(0.822974521801,-4.126283559434));
#3167 = CARTESIAN_POINT('',(0.734818636685,-4.122612649454));
#3168 = CARTESIAN_POINT('',(0.64697477884,-4.118158273558));
#3169 = CARTESIAN_POINT('',(0.559406104676,-4.113132937525));
#3170 = CARTESIAN_POINT('',(0.430934785156,-4.105199918642));
#3171 = CARTESIAN_POINT('',(0.389907968792,-4.10258225031));
#3172 = CARTESIAN_POINT('',(0.348911348512,-4.099903449676));
#3173 = CARTESIAN_POINT('',(0.307935119988,-4.097183919299));
#3174 = CARTESIAN_POINT('',(0.266968765531,-4.094443732951));
#3175 = CARTESIAN_POINT('',(0.18836389158,-4.089184381069));
#3176 = CARTESIAN_POINT('',(0.150725922192,-4.086665428425));
#3177 = CARTESIAN_POINT('',(0.113078489592,-4.084161095783));
#3178 = CARTESIAN_POINT('',(7.541341416545E-02,-4.081686766248));
#3179 = CARTESIAN_POINT('',(3.772299302172E-02,-4.079257887929));
#3180 = CARTESIAN_POINT('',(0.,-4.076889973945));
#3181 = ( GEOMETRIC_REPRESENTATION_CONTEXT(2) 
PARAMETRIC_REPRESENTATION_CONTEXT() REPRESENTATION_CONTEXT('2D SPACE',''
  ) );
#3182 = ORIENTED_EDGE('',*,*,#3183,.T.);
#3183 = EDGE_CURVE('',#3111,#3184,#3186,.T.);
#3184 = VERTEX_POINT('',#3185);
#3185 = CARTESIAN_POINT('',(10.223299071561,-27.56527083294,
    24.428470488454));
#3186 = SURFACE_CURVE('',#3187,(#3206,#3228),.PCURVE_S1.);
#3187 = B_SPLINE_CURVE_WITH_KNOTS('',5,(#3188,#3189,#3190,#3191,#3192,
    #3193,#3194,#3195,#3196,#3197,#3198,#3199,#3200,#3201,#3202,#3203,
    #3204,#3205),.UNSPECIFIED.,.F.,.F.,(6,4,4,4,6),(0.,0.240581758979,
    0.488056346838,0.68031611732,1.),.UNSPECIFIED.);
#3188 = CARTESIAN_POINT('',(10.853923645581,-27.32311002605,
    24.498606979021));
#3189 = CARTESIAN_POINT('',(10.826541306025,-27.33398747823,
    24.500017839086));
#3190 = CARTESIAN_POINT('',(10.79818572764,-27.34521182936,
    24.500488322236));
#3191 = CARTESIAN_POINT('',(10.769072798093,-27.35669174291,
    24.500141402867));
#3192 = CARTESIAN_POINT('',(10.739371125547,-27.36835684597,
    24.499077726178));
#3193 = CARTESIAN_POINT('',(10.678191746979,-27.39228596856,
    24.495636078885));
#3194 = CARTESIAN_POINT('',(10.646689672812,-27.40455673476,
    24.493221454631));
#3195 = CARTESIAN_POINT('',(10.614853649079,-27.41690444276,
    24.490228768647));
#3196 = CARTESIAN_POINT('',(10.582804598974,-27.42928058644,
    24.486732108532));
#3197 = CARTESIAN_POINT('',(10.52567153232,-27.45124687536,
    24.479738340079));
#3198 = CARTESIAN_POINT('',(10.500629578249,-27.46084227821,
    24.476415535712));
#3199 = CARTESIAN_POINT('',(10.475576071612,-27.47040923278,
    24.47285772037));
#3200 = CARTESIAN_POINT('',(10.450561139498,-27.4799287225,
    24.469092592525));
#3201 = CARTESIAN_POINT('',(10.384186522924,-27.50510198621,
    24.458582542834));
#3202 = CARTESIAN_POINT('',(10.342984739234,-27.52063883167,
    24.451517193885));
#3203 = CARTESIAN_POINT('',(10.302256778444,-27.53590903185,
    24.44406759742));
#3204 = CARTESIAN_POINT('',(10.262252515394,-27.55082393312,
    24.436343444226));
#3205 = CARTESIAN_POINT('',(10.223299071561,-27.56527083294,
    24.428470488454));
#3206 = PCURVE('',#2969,#3207);
#3207 = DEFINITIONAL_REPRESENTATION('',(#3208),#3227);
#3208 = B_SPLINE_CURVE_WITH_KNOTS('',5,(#3209,#3210,#3211,#3212,#3213,
    #3214,#3215,#3216,#3217,#3218,#3219,#3220,#3221,#3222,#3223,#3224,
    #3225,#3226),.UNSPECIFIED.,.F.,.F.,(6,4,4,4,6),(0.,0.240581758979,
    0.488056346838,0.68031611732,1.),.UNSPECIFIED.);
#3209 = CARTESIAN_POINT('',(5.090516674876,25.498606979021));
#3210 = CARTESIAN_POINT('',(5.089514507131,25.500017839086));
#3211 = CARTESIAN_POINT('',(5.088477218458,25.500488322236));
#3212 = CARTESIAN_POINT('',(5.087412778067,25.500141402867));
#3213 = CARTESIAN_POINT('',(5.086327396511,25.499077726178));
#3214 = CARTESIAN_POINT('',(5.084092953927,25.495636078885));
#3215 = CARTESIAN_POINT('',(5.082943037403,25.493221454631));
#3216 = CARTESIAN_POINT('',(5.081781586104,25.490228768647));
#3217 = CARTESIAN_POINT('',(5.08061302791,25.486732108532));
#3218 = CARTESIAN_POINT('',(5.078531043714,25.479738340079));
#3219 = CARTESIAN_POINT('',(5.077618888941,25.476415535712));
#3220 = CARTESIAN_POINT('',(5.076706713048,25.47285772037));
#3221 = CARTESIAN_POINT('',(5.075796338034,25.469092592525));
#3222 = CARTESIAN_POINT('',(5.073381783377,25.458582542834));
#3223 = CARTESIAN_POINT('',(5.071884035839,25.451517193885));
#3224 = CARTESIAN_POINT('',(5.070404566429,25.44406759742));
#3225 = CARTESIAN_POINT('',(5.068952384652,25.436343444226));
#3226 = CARTESIAN_POINT('',(5.067539249839,25.428470488454));
#3227 = ( GEOMETRIC_REPRESENTATION_CONTEXT(2) 
PARAMETRIC_REPRESENTATION_CONTEXT() REPRESENTATION_CONTEXT('2D SPACE',''
  ) );
#3228 = PCURVE('',#3229,#3237);
#3229 = SURFACE_OF_LINEAR_EXTRUSION('',#3230,#3235);
#3230 = B_SPLINE_CURVE_WITH_KNOTS('',3,(#3231,#3232,#3233,#3234),
  .UNSPECIFIED.,.F.,.F.,(4,4),(0.,1.),.PIECEWISE_BEZIER_KNOTS.);
#3231 = CARTESIAN_POINT('',(10.223299071561,-31.4,24.428470488454));
#3232 = CARTESIAN_POINT('',(10.423800265197,-31.4,24.46899417197));
#3233 = CARTESIAN_POINT('',(10.6732046303,-31.4,24.507918427415));
#3234 = CARTESIAN_POINT('',(10.853923645581,-31.4,24.498606979021));
#3235 = VECTOR('',#3236,1.);
#3236 = DIRECTION('',(-0.,-1.,-0.));
#3237 = DEFINITIONAL_REPRESENTATION('',(#3238),#3257);
#3238 = B_SPLINE_CURVE_WITH_KNOTS('',5,(#3239,#3240,#3241,#3242,#3243,
    #3244,#3245,#3246,#3247,#3248,#3249,#3250,#3251,#3252,#3253,#3254,
    #3255,#3256),.UNSPECIFIED.,.F.,.F.,(6,4,4,4,6),(0.,0.240581758979,
    0.488056346838,0.68031611732,1.),.UNSPECIFIED.);
#3239 = CARTESIAN_POINT('',(1.,-4.076889973945));
#3240 = CARTESIAN_POINT('',(0.949493712631,-4.066012521763));
#3241 = CARTESIAN_POINT('',(0.899616048907,-4.054788170636));
#3242 = CARTESIAN_POINT('',(0.850295400235,-4.043308257081));
#3243 = CARTESIAN_POINT('',(0.801454868168,-4.031643154024));
#3244 = CARTESIAN_POINT('',(0.703163078279,-4.007714031431));
#3245 = CARTESIAN_POINT('',(0.653737817955,-3.995443265232));
#3246 = CARTESIAN_POINT('',(0.604630931831,-3.98309555724));
#3247 = CARTESIAN_POINT('',(0.555751994909,-3.970719413556));
#3248 = CARTESIAN_POINT('',(0.469132765478,-3.948753124635));
#3249 = CARTESIAN_POINT('',(0.431341096024,-3.939157721785));
#3250 = CARTESIAN_POINT('',(0.393585378571,-3.92959076722));
#3251 = CARTESIAN_POINT('',(0.355821245277,-3.920071277493));
#3252 = CARTESIAN_POINT('',(0.25512213003,-3.894898013782));
#3253 = CARTESIAN_POINT('',(0.192095967384,-3.879361168322));
#3254 = CARTESIAN_POINT('',(0.12871032129,-3.864090968148));
#3255 = CARTESIAN_POINT('',(6.476011959006E-02,-3.849176066876));
#3256 = CARTESIAN_POINT('',(0.,-3.834729167058));
#3257 = ( GEOMETRIC_REPRESENTATION_CONTEXT(2) 
PARAMETRIC_REPRESENTATION_CONTEXT() REPRESENTATION_CONTEXT('2D SPACE',''
  ) );
#3258 = ORIENTED_EDGE('',*,*,#3259,.T.);
#3259 = EDGE_CURVE('',#3184,#3260,#3262,.T.);
#3260 = VERTEX_POINT('',#3261);
#3261 = CARTESIAN_POINT('',(8.366592009636,-28.18439529499,
    23.859466172963));
#3262 = SURFACE_CURVE('',#3263,(#3276,#3292),.PCURVE_S1.);
#3263 = B_SPLINE_CURVE_WITH_KNOTS('',6,(#3264,#3265,#3266,#3267,#3268,
    #3269,#3270,#3271,#3272,#3273,#3274,#3275),.UNSPECIFIED.,.F.,.F.,(7,
    5,7),(0.,0.376009644483,1.),.UNSPECIFIED.);
#3264 = CARTESIAN_POINT('',(10.223299071561,-27.56527083294,
    24.428470488454));
#3265 = CARTESIAN_POINT('',(10.106447920031,-27.60860812776,
    24.404853476519));
#3266 = CARTESIAN_POINT('',(9.989539254696,-27.65129058834,
    24.378520415911));
#3267 = CARTESIAN_POINT('',(9.872650450893,-27.69329303396,
    24.349836678136));
#3268 = CARTESIAN_POINT('',(9.75583637116,-27.73460151621,
    24.319093279496));
#3269 = CARTESIAN_POINT('',(9.639126901332,-27.77521237041,
    24.286524812207));
#3270 = CARTESIAN_POINT('',(9.329022050541,-27.88137692547,
    24.195576515606));
#3271 = CARTESIAN_POINT('',(9.135846366737,-27.94570602589,
    24.13434829346));
#3272 = CARTESIAN_POINT('',(8.943021027633,-28.00814120586,
    24.069536944968));
#3273 = CARTESIAN_POINT('',(8.750561725184,-28.06870792826,
    24.001783065831));
#3274 = CARTESIAN_POINT('',(8.558442890215,-28.1274439917,
    23.931613200258));
#3275 = CARTESIAN_POINT('',(8.366592009636,-28.18439529499,
    23.859466172963));
#3276 = PCURVE('',#2969,#3277);
#3277 = DEFINITIONAL_REPRESENTATION('',(#3278),#3291);
#3278 = B_SPLINE_CURVE_WITH_KNOTS('',6,(#3279,#3280,#3281,#3282,#3283,
    #3284,#3285,#3286,#3287,#3288,#3289,#3290),.UNSPECIFIED.,.F.,.F.,(7,
    5,7),(0.,0.376009644483,1.),.UNSPECIFIED.);
#3279 = CARTESIAN_POINT('',(5.067539249839,25.428470488454));
#3280 = CARTESIAN_POINT('',(5.063300178428,25.404853476519));
#3281 = CARTESIAN_POINT('',(5.059067018029,25.378520415911));
#3282 = CARTESIAN_POINT('',(5.054842396598,25.349836678136));
#3283 = CARTESIAN_POINT('',(5.050628094168,25.319093279496));
#3284 = CARTESIAN_POINT('',(5.046424976098,25.286524812207));
#3285 = CARTESIAN_POINT('',(5.035276193523,25.195576515606));
#3286 = CARTESIAN_POINT('',(5.028351090037,25.13434829346));
#3287 = CARTESIAN_POINT('',(5.021457519766,25.069536944968));
#3288 = CARTESIAN_POINT('',(5.014595128247,25.001783065831));
#3289 = CARTESIAN_POINT('',(5.007762125922,24.931613200258));
#3290 = CARTESIAN_POINT('',(5.000955136503,24.859466172963));
#3291 = ( GEOMETRIC_REPRESENTATION_CONTEXT(2) 
PARAMETRIC_REPRESENTATION_CONTEXT() REPRESENTATION_CONTEXT('2D SPACE',''
  ) );
#3292 = PCURVE('',#3293,#3301);
#3293 = SURFACE_OF_LINEAR_EXTRUSION('',#3294,#3299);
#3294 = B_SPLINE_CURVE_WITH_KNOTS('',3,(#3295,#3296,#3297,#3298),
  .UNSPECIFIED.,.F.,.F.,(4,4),(0.,1.),.PIECEWISE_BEZIER_KNOTS.);
#3295 = CARTESIAN_POINT('',(8.366592009636,-31.4,23.859466172963));
#3296 = CARTESIAN_POINT('',(9.008511829567,-31.4,24.100865152367));
#3297 = CARTESIAN_POINT('',(9.647546661771,-31.4,24.312104056841));
#3298 = CARTESIAN_POINT('',(10.223299071561,-31.4,24.428470488454));
#3299 = VECTOR('',#3300,1.);
#3300 = DIRECTION('',(-0.,-1.,-0.));
#3301 = DEFINITIONAL_REPRESENTATION('',(#3302),#3315);
#3302 = B_SPLINE_CURVE_WITH_KNOTS('',6,(#3303,#3304,#3305,#3306,#3307,
    #3308,#3309,#3310,#3311,#3312,#3313,#3314),.UNSPECIFIED.,.F.,.F.,(7,
    5,7),(0.,0.376009644483,1.),.UNSPECIFIED.);
#3303 = CARTESIAN_POINT('',(1.,-3.834729167058));
#3304 = CARTESIAN_POINT('',(0.932348726326,-3.791391872236));
#3305 = CARTESIAN_POINT('',(0.865871251375,-3.748709411658));
#3306 = CARTESIAN_POINT('',(0.800417838963,-3.706706966038));
#3307 = CARTESIAN_POINT('',(0.735863140906,-3.665398483786));
#3308 = CARTESIAN_POINT('',(0.672094158981,-3.624787629589));
#3309 = CARTESIAN_POINT('',(0.504290079994,-3.518623074522));
#3310 = CARTESIAN_POINT('',(0.401453024611,-3.454293974106));
#3311 = CARTESIAN_POINT('',(0.299982098381,-3.391858794139));
#3312 = CARTESIAN_POINT('',(0.199493320221,-3.331292071737));
#3313 = CARTESIAN_POINT('',(9.962349119093E-02,-3.272556008299));
#3314 = CARTESIAN_POINT('',(0.,-3.215604705009));
#3315 = ( GEOMETRIC_REPRESENTATION_CONTEXT(2) 
PARAMETRIC_REPRESENTATION_CONTEXT() REPRESENTATION_CONTEXT('2D SPACE',''
  ) );
#3316 = ORIENTED_EDGE('',*,*,#3317,.T.);
#3317 = EDGE_CURVE('',#3260,#3318,#3320,.T.);
#3318 = VERTEX_POINT('',#3319);
#3319 = CARTESIAN_POINT('',(4.120512387832,-29.10981583008,
    21.906505608039));
#3320 = SURFACE_CURVE('',#3321,(#3340,#3362),.PCURVE_S1.);
#3321 = B_SPLINE_CURVE_WITH_KNOTS('',5,(#3322,#3323,#3324,#3325,#3326,
    #3327,#3328,#3329,#3330,#3331,#3332,#3333,#3334,#3335,#3336,#3337,
    #3338,#3339),.UNSPECIFIED.,.F.,.F.,(6,4,4,4,6),(0.,0.234509369452,
    0.479374056317,0.735103960917,1.),.UNSPECIFIED.);
#3322 = CARTESIAN_POINT('',(8.366592009636,-28.18439529499,
    23.859466172963));
#3323 = CARTESIAN_POINT('',(8.163712466943,-28.24462047786,
    23.783171730842));
#3324 = CARTESIAN_POINT('',(7.961244563661,-28.30273712177,
    23.704438385063));
#3325 = CARTESIAN_POINT('',(7.759203743516,-28.35877796273,
    23.62346771232));
#3326 = CARTESIAN_POINT('',(7.55760130141,-28.41277584518,
    23.540431159709));
#3327 = CARTESIAN_POINT('',(7.146395846773,-28.51904787441,
    23.366771164059));
#3328 = CARTESIAN_POINT('',(6.936833714595,-28.57114032343,
    23.275975409872));
#3329 = CARTESIAN_POINT('',(6.727758250328,-28.62107889563,
    23.183257258547));
#3330 = CARTESIAN_POINT('',(6.519170855953,-28.66889968943,
    23.088762991199));
#3331 = CARTESIAN_POINT('',(6.093734489183,-28.76240456302,
    22.892205789588));
#3332 = CARTESIAN_POINT('',(5.876930179227,-28.80789954496,
    22.789994000571));
#3333 = CARTESIAN_POINT('',(5.660654978982,-28.85116167488,
    22.686124891711));
#3334 = CARTESIAN_POINT('',(5.44490570955,-28.89222799489,22.58072398707
    ));
#3335 = CARTESIAN_POINT('',(5.006735358578,-28.97143297155,
    22.36324623518));
#3336 = CARTESIAN_POINT('',(4.784352676743,-29.00941388913,
    22.251066230934));
#3337 = CARTESIAN_POINT('',(4.562524822488,-29.04511452919,
    22.137480301473));
#3338 = CARTESIAN_POINT('',(4.341246578596,-29.07857076922,
    22.022595584556));
#3339 = CARTESIAN_POINT('',(4.120512387832,-29.10981583008,
    21.906505608039));
#3340 = PCURVE('',#2969,#3341);
#3341 = DEFINITIONAL_REPRESENTATION('',(#3342),#3361);
#3342 = B_SPLINE_CURVE_WITH_KNOTS('',5,(#3343,#3344,#3345,#3346,#3347,
    #3348,#3349,#3350,#3351,#3352,#3353,#3354,#3355,#3356,#3357,#3358,
    #3359,#3360),.UNSPECIFIED.,.F.,.F.,(6,4,4,4,6),(0.,0.234509369452,
    0.479374056317,0.735103960917,1.),.UNSPECIFIED.);
#3343 = CARTESIAN_POINT('',(5.000955136503,24.859466172963));
#3344 = CARTESIAN_POINT('',(4.993756843242,24.783171730842));
#3345 = CARTESIAN_POINT('',(4.98659238207,24.704438385063));
#3346 = CARTESIAN_POINT('',(4.979461162573,24.62346771232));
#3347 = CARTESIAN_POINT('',(4.972362502142,24.540431159709));
#3348 = CARTESIAN_POINT('',(4.957916380115,24.366771164059));
#3349 = CARTESIAN_POINT('',(4.950571810738,24.275975409872));
#3350 = CARTESIAN_POINT('',(4.943260763651,24.183257258547));
#3351 = CARTESIAN_POINT('',(4.935982185149,24.088762991199));
#3352 = CARTESIAN_POINT('',(4.921166174725,23.892205789588));
#3353 = CARTESIAN_POINT('',(4.913631606286,23.789994000571));
#3354 = CARTESIAN_POINT('',(4.906130016466,23.686124891711));
#3355 = CARTESIAN_POINT('',(4.898660171824,23.58072398707));
#3356 = CARTESIAN_POINT('',(4.883514883622,23.36324623518));
#3357 = CARTESIAN_POINT('',(4.875841678691,23.251066230934));
#3358 = CARTESIAN_POINT('',(4.86819988923,23.137480301473));
#3359 = CARTESIAN_POINT('',(4.860588215575,23.022595584556));
#3360 = CARTESIAN_POINT('',(4.853005405981,22.906505608039));
#3361 = ( GEOMETRIC_REPRESENTATION_CONTEXT(2) 
PARAMETRIC_REPRESENTATION_CONTEXT() REPRESENTATION_CONTEXT('2D SPACE',''
  ) );
#3362 = PCURVE('',#3363,#3371);
#3363 = SURFACE_OF_LINEAR_EXTRUSION('',#3364,#3369);
#3364 = B_SPLINE_CURVE_WITH_KNOTS('',3,(#3365,#3366,#3367,#3368),
  .UNSPECIFIED.,.F.,.F.,(4,4),(0.,1.),.PIECEWISE_BEZIER_KNOTS.);
#3365 = CARTESIAN_POINT('',(4.120512387832,-31.4,21.906505608039));
#3366 = CARTESIAN_POINT('',(5.626326013987,-31.4,22.698453008187));
#3367 = CARTESIAN_POINT('',(7.052834506053,-31.4,23.365417367018));
#3368 = CARTESIAN_POINT('',(8.366592009636,-31.4,23.859466172963));
#3369 = VECTOR('',#3370,1.);
#3370 = DIRECTION('',(-0.,-1.,-0.));
#3371 = DEFINITIONAL_REPRESENTATION('',(#3372),#3391);
#3372 = B_SPLINE_CURVE_WITH_KNOTS('',5,(#3373,#3374,#3375,#3376,#3377,
    #3378,#3379,#3380,#3381,#3382,#3383,#3384,#3385,#3386,#3387,#3388,
    #3389,#3390),.UNSPECIFIED.,.F.,.F.,(6,4,4,4,6),(0.,0.234509369452,
    0.479374056317,0.735103960917,1.),.UNSPECIFIED.);
#3373 = CARTESIAN_POINT('',(1.,-3.215604705009));
#3374 = CARTESIAN_POINT('',(0.948524355487,-3.155379522136));
#3375 = CARTESIAN_POINT('',(0.897721673143,-3.097262878222));
#3376 = CARTESIAN_POINT('',(0.847551705434,-3.041222037263));
#3377 = CARTESIAN_POINT('',(0.797979607866,-2.987224154818));
#3378 = CARTESIAN_POINT('',(0.697802169449,-2.880952125582));
#3379 = CARTESIAN_POINT('',(0.647248043841,-2.828859676568));
#3380 = CARTESIAN_POINT('',(0.597274287199,-2.778921104369));
#3381 = CARTESIAN_POINT('',(0.547848379765,-2.731100310561));
#3382 = CARTESIAN_POINT('',(0.447864529359,-2.637595436976));
#3383 = CARTESIAN_POINT('',(0.397353648595,-2.59210045504));
#3384 = CARTESIAN_POINT('',(0.347376075958,-2.548838325117));
#3385 = CARTESIAN_POINT('',(0.297902411126,-2.507772005104));
#3386 = CARTESIAN_POINT('',(0.198154723695,-2.428567028449));
#3387 = CARTESIAN_POINT('',(0.1479155337,-2.390586110862));
#3388 = CARTESIAN_POINT('',(9.816016787095E-02,-2.35488547081));
#3389 = CARTESIAN_POINT('',(4.886266288875E-02,-2.321429230778));
#3390 = CARTESIAN_POINT('',(0.,-2.290184169911));
#3391 = ( GEOMETRIC_REPRESENTATION_CONTEXT(2) 
PARAMETRIC_REPRESENTATION_CONTEXT() REPRESENTATION_CONTEXT('2D SPACE',''
  ) );
#3392 = ORIENTED_EDGE('',*,*,#3393,.T.);
#3393 = EDGE_CURVE('',#3318,#3394,#3396,.T.);
#3394 = VERTEX_POINT('',#3395);
#3395 = CARTESIAN_POINT('',(-4.062350048159,-29.11798949251,
    16.743341077443));
#3396 = SURFACE_CURVE('',#3397,(#3418,#3442),.PCURVE_S1.);
#3397 = B_SPLINE_CURVE_WITH_KNOTS('',7,(#3398,#3399,#3400,#3401,#3402,
    #3403,#3404,#3405,#3406,#3407,#3408,#3409,#3410,#3411,#3412,#3413,
    #3414,#3415,#3416,#3417),.UNSPECIFIED.,.F.,.F.,(8,6,6,8),(0.,
    0.447670730316,0.861504839762,1.),.UNSPECIFIED.);
#3398 = CARTESIAN_POINT('',(4.120512387832,-29.10981583008,
    21.906505608039));
#3399 = CARTESIAN_POINT('',(3.561925218289,-29.18888418851,
    21.612729772177));
#3400 = CARTESIAN_POINT('',(3.007596677637,-29.25459413492,
    21.311313477063));
#3401 = CARTESIAN_POINT('',(2.457733258537,-29.30741138665,
    21.003148600582));
#3402 = CARTESIAN_POINT('',(1.912580482326,-29.34777473637,
    20.688967732057));
#3403 = CARTESIAN_POINT('',(1.372390231887,-29.37611066786,
    20.369376739078));
#3404 = CARTESIAN_POINT('',(0.837413411069,-29.39284156048,
    20.044864559035));
#3405 = CARTESIAN_POINT('',(-0.181556309575,-29.40351422231,
    19.411588535984));
#3406 = CARTESIAN_POINT('',(-0.666320410007,-29.3990826751,
    19.103504719215));
#3407 = CARTESIAN_POINT('',(-1.146155010953,-29.3854272588,
    18.791827100472));
#3408 = CARTESIAN_POINT('',(-1.620793022946,-29.36288113141,
    18.476777952526));
#3409 = CARTESIAN_POINT('',(-2.089891775752,-29.3317938543,
    18.158496012196));
#3410 = CARTESIAN_POINT('',(-2.553037206751,-29.29253519544,
    17.837039023099));
#3411 = CARTESIAN_POINT('',(-3.162337243041,-29.22983428291,
    17.40356747252));
#3412 = CARTESIAN_POINT('',(-3.314374462687,-29.21324763953,
    17.294504315053));
#3413 = CARTESIAN_POINT('',(-3.465642545814,-29.19581352323,
    17.185064419697));
#3414 = CARTESIAN_POINT('',(-3.616112195916,-29.17754997047,
    17.075240490755));
#3415 = CARTESIAN_POINT('',(-3.765748983741,-29.15847655091,
    16.965022307593));
#3416 = CARTESIAN_POINT('',(-3.914511590014,-29.13861494015,
    16.85439562565));
#3417 = CARTESIAN_POINT('',(-4.062350048159,-29.11798949251,
    16.743341077443));
#3418 = PCURVE('',#2969,#3419);
#3419 = DEFINITIONAL_REPRESENTATION('',(#3420),#3441);
#3420 = B_SPLINE_CURVE_WITH_KNOTS('',7,(#3421,#3422,#3423,#3424,#3425,
    #3426,#3427,#3428,#3429,#3430,#3431,#3432,#3433,#3434,#3435,#3436,
    #3437,#3438,#3439,#3440),.UNSPECIFIED.,.F.,.F.,(8,6,6,8),(0.,
    0.447670730316,0.861504839762,1.),.UNSPECIFIED.);
#3421 = CARTESIAN_POINT('',(4.853005405981,22.906505608039));
#3422 = CARTESIAN_POINT('',(4.833816443302,22.612729772177));
#3423 = CARTESIAN_POINT('',(4.814834583209,22.311313477063));
#3424 = CARTESIAN_POINT('',(4.79605302076,22.003148600582));
#3425 = CARTESIAN_POINT('',(4.777467508329,21.688967732057));
#3426 = CARTESIAN_POINT('',(4.759075062282,21.369376739078));
#3427 = CARTESIAN_POINT('',(4.740873609086,21.044864559035));
#3428 = CARTESIAN_POINT('',(4.706212873995,20.411588535984));
#3429 = CARTESIAN_POINT('',(4.689726781934,20.103504719215));
#3430 = CARTESIAN_POINT('',(4.673404099559,19.791827100472));
#3431 = CARTESIAN_POINT('',(4.657246914048,19.476777952526));
#3432 = CARTESIAN_POINT('',(4.641260538461,19.158496012196));
#3433 = CARTESIAN_POINT('',(4.625453355283,18.837039023099));
#3434 = CARTESIAN_POINT('',(4.604619419746,18.40356747252));
#3435 = CARTESIAN_POINT('',(4.599417499749,18.294504315053));
#3436 = CARTESIAN_POINT('',(4.594238419949,18.185064419697));
#3437 = CARTESIAN_POINT('',(4.589083010197,18.075240490755));
#3438 = CARTESIAN_POINT('',(4.583952289005,17.965022307593));
#3439 = CARTESIAN_POINT('',(4.578847526191,17.85439562565));
#3440 = CARTESIAN_POINT('',(4.57377030552,17.743341077443));
#3441 = ( GEOMETRIC_REPRESENTATION_CONTEXT(2) 
PARAMETRIC_REPRESENTATION_CONTEXT() REPRESENTATION_CONTEXT('2D SPACE',''
  ) );
#3442 = PCURVE('',#3443,#3451);
#3443 = SURFACE_OF_LINEAR_EXTRUSION('',#3444,#3449);
#3444 = B_SPLINE_CURVE_WITH_KNOTS('',3,(#3445,#3446,#3447,#3448),
  .UNSPECIFIED.,.F.,.F.,(4,4),(0.,1.),.PIECEWISE_BEZIER_KNOTS.);
#3445 = CARTESIAN_POINT('',(-4.062350048159,-31.4,16.743341077443));
#3446 = CARTESIAN_POINT('',(-1.982588176542,-31.4,18.305634258316));
#3447 = CARTESIAN_POINT('',(1.02115547516,-31.4,20.276471448108));
#3448 = CARTESIAN_POINT('',(4.120512387832,-31.4,21.906505608039));
#3449 = VECTOR('',#3450,1.);
#3450 = DIRECTION('',(-0.,-1.,-0.));
#3451 = DEFINITIONAL_REPRESENTATION('',(#3452),#3473);
#3452 = B_SPLINE_CURVE_WITH_KNOTS('',7,(#3453,#3454,#3455,#3456,#3457,
    #3458,#3459,#3460,#3461,#3462,#3463,#3464,#3465,#3466,#3467,#3468,
    #3469,#3470,#3471,#3472),.UNSPECIFIED.,.F.,.F.,(8,6,6,8),(0.,
    0.447670730316,0.861504839762,1.),.UNSPECIFIED.);
#3453 = CARTESIAN_POINT('',(1.,-2.290184169911));
#3454 = CARTESIAN_POINT('',(0.939924400956,-2.211115811484));
#3455 = CARTESIAN_POINT('',(0.880046899706,-2.145405865075));
#3456 = CARTESIAN_POINT('',(0.820204167804,-2.092588613344));
#3457 = CARTESIAN_POINT('',(0.760236223305,-2.05222526363));
#3458 = CARTESIAN_POINT('',(0.699975685404,-2.023889332133));
#3459 = CARTESIAN_POINT('',(0.639229217776,-2.007158439511));
#3460 = CARTESIAN_POINT('',(0.520919843997,-1.996485777687));
#3461 = CARTESIAN_POINT('',(0.463466438668,-2.000917324897));
#3462 = CARTESIAN_POINT('',(0.405195980928,-2.014572741192));
#3463 = CARTESIAN_POINT('',(0.345883228417,-2.037118868585));
#3464 = CARTESIAN_POINT('',(0.285230694761,-2.068206145696));
#3465 = CARTESIAN_POINT('',(0.222868325789,-2.107464804552));
#3466 = CARTESIAN_POINT('',(0.136490493744,-2.170165717081));
#3467 = CARTESIAN_POINT('',(0.114567773201,-2.186752360465));
#3468 = CARTESIAN_POINT('',(9.235681068725E-02,-2.204186476766));
#3469 = CARTESIAN_POINT('',(6.983019133227E-02,-2.222450029521));
#3470 = CARTESIAN_POINT('',(4.695576343653E-02,-2.241523449083));
#3471 = CARTESIAN_POINT('',(2.369477329159E-02,-2.261385059848));
#3472 = CARTESIAN_POINT('',(0.,-2.282010507485));
#3473 = ( GEOMETRIC_REPRESENTATION_CONTEXT(2) 
PARAMETRIC_REPRESENTATION_CONTEXT() REPRESENTATION_CONTEXT('2D SPACE',''
  ) );
#3474 = ORIENTED_EDGE('',*,*,#3475,.F.);
#3475 = EDGE_CURVE('',#3476,#3394,#3478,.T.);
#3476 = VERTEX_POINT('',#3477);
#3477 = CARTESIAN_POINT('',(-3.638085979447,-29.17403520951,
    16.319077008731));
#3478 = SURFACE_CURVE('',#3479,(#3484,#3494),.PCURVE_S1.);
#3479 = ELLIPSE('',#3480,41.577878733769,29.4);
#3480 = AXIS2_PLACEMENT_3D('',#3481,#3482,#3483);
#3481 = CARTESIAN_POINT('',(0.,0.,12.680991029284));
#3482 = DIRECTION('',(-0.707106781187,0.,-0.707106781187));
#3483 = DIRECTION('',(-0.707106781187,0.,0.707106781187));
#3484 = PCURVE('',#2969,#3485);
#3485 = DEFINITIONAL_REPRESENTATION('',(#3486),#3493);
#3486 = B_SPLINE_CURVE_WITH_KNOTS('',5,(#3487,#3488,#3489,#3490,#3491,
    #3492),.UNSPECIFIED.,.F.,.F.,(6,6),(4.834997286534,4.852464855272),
  .PIECEWISE_BEZIER_KNOTS.);
#3487 = CARTESIAN_POINT('',(4.589780674236,17.27665060186));
#3488 = CARTESIAN_POINT('',(4.586287160488,17.378588868626));
#3489 = CARTESIAN_POINT('',(4.58279364674,17.480472280736));
#3490 = CARTESIAN_POINT('',(4.579300132993,17.582298246274));
#3491 = CARTESIAN_POINT('',(4.575806619245,17.684064176114));
#3492 = CARTESIAN_POINT('',(4.572313105497,17.785767484314));
#3493 = ( GEOMETRIC_REPRESENTATION_CONTEXT(2) 
PARAMETRIC_REPRESENTATION_CONTEXT() REPRESENTATION_CONTEXT('2D SPACE',''
  ) );
#3494 = PCURVE('',#3495,#3500);
#3495 = PLANE('',#3496);
#3496 = AXIS2_PLACEMENT_3D('',#3497,#3498,#3499);
#3497 = CARTESIAN_POINT('',(-3.638085979447,-31.4,16.319077008731));
#3498 = DIRECTION('',(-0.707106781187,0.,-0.707106781187));
#3499 = DIRECTION('',(0.707106781187,0.,-0.707106781187));
#3500 = DEFINITIONAL_REPRESENTATION('',(#3501),#3505);
#3501 = ELLIPSE('',#3502,41.577878733769,29.4);
#3502 = AXIS2_PLACEMENT_2D('',#3503,#3504);
#3503 = CARTESIAN_POINT('',(5.145030533214,-31.4));
#3504 = DIRECTION('',(-1.,0.));
#3505 = ( GEOMETRIC_REPRESENTATION_CONTEXT(2) 
PARAMETRIC_REPRESENTATION_CONTEXT() REPRESENTATION_CONTEXT('2D SPACE',''
  ) );
#3506 = ORIENTED_EDGE('',*,*,#3507,.F.);
#3507 = EDGE_CURVE('',#3508,#3476,#3510,.T.);
#3508 = VERTEX_POINT('',#3509);
#3509 = CARTESIAN_POINT('',(2.833885002749,-29.26310126748,
    9.847106026534));
#3510 = SURFACE_CURVE('',#3511,(#3542,#3576),.PCURVE_S1.);
#3511 = B_SPLINE_CURVE_WITH_KNOTS('',8,(#3512,#3513,#3514,#3515,#3516,
    #3517,#3518,#3519,#3520,#3521,#3522,#3523,#3524,#3525,#3526,#3527,
    #3528,#3529,#3530,#3531,#3532,#3533,#3534,#3535,#3536,#3537,#3538,
    #3539,#3540,#3541),.UNSPECIFIED.,.F.,.F.,(9,7,7,7,9),(0.,
    0.121825292366,0.420460689727,0.655940874373,1.),.UNSPECIFIED.);
#3512 = CARTESIAN_POINT('',(2.833885002749,-29.26310126748,
    9.847106026534));
#3513 = CARTESIAN_POINT('',(2.864193994315,-29.26016609681,
    9.987446325808));
#3514 = CARTESIAN_POINT('',(2.890181108562,-29.25761326374,
    10.128269689527));
#3515 = CARTESIAN_POINT('',(2.911875331545,-29.25545797749,
    10.269491763644));
#3516 = CARTESIAN_POINT('',(2.929299922684,-29.25371229152,
    10.411030420149));
#3517 = CARTESIAN_POINT('',(2.942472424705,-29.2523851869,
    10.552805722444));
#3518 = CARTESIAN_POINT('',(2.951404673567,-29.25148265569,
    10.694739890722));
#3519 = CARTESIAN_POINT('',(2.956102808397,-29.25100778441,
    10.836757267332));
#3520 = CARTESIAN_POINT('',(2.957705863448,-29.25084575418,
    11.32694100058));
#3521 = CARTESIAN_POINT('',(2.933403288564,-29.25330217711,
    11.675017327114));
#3522 = CARTESIAN_POINT('',(2.883697178683,-29.25832998179,
    12.02199149684));
#3523 = CARTESIAN_POINT('',(2.80838056704,-29.26582946621,
    12.366803510245));
#3524 = CARTESIAN_POINT('',(2.70702247482,-29.27559846078,
    12.708283814699));
#3525 = CARTESIAN_POINT('',(2.578990498813,-29.28731787423,13.0450688375
    ));
#3526 = CARTESIAN_POINT('',(2.423475410072,-29.30052567544,
    13.375503370481));
#3527 = CARTESIAN_POINT('',(2.094463356324,-29.32566089334,
    13.951454308153));
#3528 = CARTESIAN_POINT('',(1.931633838021,-29.33727547359,
    14.200308299423));
#3529 = CARTESIAN_POINT('',(1.750532940768,-29.34910773223,
    14.443053016817));
#3530 = CARTESIAN_POINT('',(1.550623233673,-29.36077175391,
    14.678457519204));
#3531 = CARTESIAN_POINT('',(1.331364858371,-29.371794885,14.905060687518
    ));
#3532 = CARTESIAN_POINT('',(1.092255672527,-29.38160687541,
    15.121131622101));
#3533 = CARTESIAN_POINT('',(0.832872801329,-29.38953430498,
    15.324628437398));
#3534 = CARTESIAN_POINT('',(0.14387128149,-29.40249440958,
    15.788611499599));
#3535 = CARTESIAN_POINT('',(-0.32042229506,-29.40472030663,
    16.039737410629));
#3536 = CARTESIAN_POINT('',(-0.83213624102,-29.39826056983,
    16.247172319199));
#3537 = CARTESIAN_POINT('',(-1.379984151733,-29.37995136685,
    16.396853502215));
#3538 = CARTESIAN_POINT('',(-1.949887381523,-29.3475565586,
    16.479906576887));
#3539 = CARTESIAN_POINT('',(-2.52638895093,-29.30088658825,
    16.492618748075));
#3540 = CARTESIAN_POINT('',(-3.093919560506,-29.24189432482,
    16.436599455865));
#3541 = CARTESIAN_POINT('',(-3.638085979447,-29.17403520951,
    16.319077008731));
#3542 = PCURVE('',#2969,#3543);
#3543 = DEFINITIONAL_REPRESENTATION('',(#3544),#3575);
#3544 = B_SPLINE_CURVE_WITH_KNOTS('',8,(#3545,#3546,#3547,#3548,#3549,
    #3550,#3551,#3552,#3553,#3554,#3555,#3556,#3557,#3558,#3559,#3560,
    #3561,#3562,#3563,#3564,#3565,#3566,#3567,#3568,#3569,#3570,#3571,
    #3572,#3573,#3574),.UNSPECIFIED.,.F.,.F.,(9,7,7,7,9),(0.,
    0.121825292366,0.420460689727,0.655940874373,1.),.UNSPECIFIED.);
#3545 = CARTESIAN_POINT('',(4.808929517717,10.847106026534));
#3546 = CARTESIAN_POINT('',(4.809965258642,10.987446325808));
#3547 = CARTESIAN_POINT('',(4.810853428016,11.128269689527));
#3548 = CARTESIAN_POINT('',(4.811594958671,11.269491763644));
#3549 = CARTESIAN_POINT('',(4.81219059846,11.411030420149));
#3550 = CARTESIAN_POINT('',(4.812640910932,11.552805722444));
#3551 = CARTESIAN_POINT('',(4.812946276004,11.694739890722));
#3552 = CARTESIAN_POINT('',(4.813106890646,11.836757267332));
#3553 = CARTESIAN_POINT('',(4.813161694146,12.32694100058));
#3554 = CARTESIAN_POINT('',(4.812330862359,12.675017327114));
#3555 = CARTESIAN_POINT('',(4.810631555529,13.02199149684));
#3556 = CARTESIAN_POINT('',(4.808057098845,13.366803510245));
#3557 = CARTESIAN_POINT('',(4.804593603394,13.708283814699));
#3558 = CARTESIAN_POINT('',(4.80022069202,14.0450688375));
#3559 = CARTESIAN_POINT('',(4.794912209,14.375503370481));
#3560 = CARTESIAN_POINT('',(4.783688713337,14.951454308153));
#3561 = CARTESIAN_POINT('',(4.77813629326,15.200308299423));
#3562 = CARTESIAN_POINT('',(4.771963454637,15.443053016817));
#3563 = CARTESIAN_POINT('',(4.76515259629,15.678457519204));
#3564 = CARTESIAN_POINT('',(4.757685958105,15.905060687518));
#3565 = CARTESIAN_POINT('',(4.749546837737,16.121131622101));
#3566 = CARTESIAN_POINT('',(4.740720780459,16.324628437398));
#3567 = CARTESIAN_POINT('',(4.717281209074,16.788611499599));
#3568 = CARTESIAN_POINT('',(4.701490283484,17.039737410629));
#3569 = CARTESIAN_POINT('',(4.684088130409,17.247172319199));
#3570 = CARTESIAN_POINT('',(4.665451947121,17.396853502215));
#3571 = CARTESIAN_POINT('',(4.646047200454,17.479906576887));
#3572 = CARTESIAN_POINT('',(4.626382664833,17.492618748074));
#3573 = CARTESIAN_POINT('',(4.60697897539,17.436599455865));
#3574 = CARTESIAN_POINT('',(4.588326553295,17.319077008731));
#3575 = ( GEOMETRIC_REPRESENTATION_CONTEXT(2) 
PARAMETRIC_REPRESENTATION_CONTEXT() REPRESENTATION_CONTEXT('2D SPACE',''
  ) );
#3576 = PCURVE('',#3577,#3582);
#3577 = CYLINDRICAL_SURFACE('',#3578,5.445196711657);
#3578 = AXIS2_PLACEMENT_3D('',#3579,#3580,#3581);
#3579 = CARTESIAN_POINT('',(-2.488600312389,-31.4,10.996591693593));
#3580 = DIRECTION('',(-0.,-1.,-0.));
#3581 = DIRECTION('',(0.977464285862,-0.,-0.211100852353));
#3582 = DEFINITIONAL_REPRESENTATION('',(#3583),#3614);
#3583 = B_SPLINE_CURVE_WITH_KNOTS('',8,(#3584,#3585,#3586,#3587,#3588,
    #3589,#3590,#3591,#3592,#3593,#3594,#3595,#3596,#3597,#3598,#3599,
    #3600,#3601,#3602,#3603,#3604,#3605,#3606,#3607,#3608,#3609,#3610,
    #3611,#3612,#3613),.UNSPECIFIED.,.F.,.F.,(9,7,7,7,9),(0.,
    0.121825292366,0.420460689727,0.655940874373,1.),.UNSPECIFIED.);
#3584 = CARTESIAN_POINT('',(0.,-2.136898732513));
#3585 = CARTESIAN_POINT('',(2.636743757184E-02,-2.139833903186));
#3586 = CARTESIAN_POINT('',(5.265403902016E-02,-2.14238673626));
#3587 = CARTESIAN_POINT('',(7.887371540684E-02,-2.144542022504));
#3588 = CARTESIAN_POINT('',(0.105039848031,-2.146287708472));
#3589 = CARTESIAN_POINT('',(0.131165515709,-2.147614813099));
#3590 = CARTESIAN_POINT('',(0.157263722054,-2.148517344303));
#3591 = CARTESIAN_POINT('',(0.183347622758,-2.148992215581));
#3592 = CARTESIAN_POINT('',(0.273369412686,-2.149154245818));
#3593 = CARTESIAN_POINT('',(0.337278212493,-2.146697822885));
#3594 = CARTESIAN_POINT('',(0.401367009701,-2.141670018205));
#3595 = CARTESIAN_POINT('',(0.4658391299,-2.134170533785));
#3596 = CARTESIAN_POINT('',(0.530896319394,-2.124401539218));
#3597 = CARTESIAN_POINT('',(0.596745003783,-2.112682125767));
#3598 = CARTESIAN_POINT('',(0.663603852584,-2.09947432456));
#3599 = CARTESIAN_POINT('',(0.785417844624,-2.074339106653));
#3600 = CARTESIAN_POINT('',(0.839933785218,-2.062724526407));
#3601 = CARTESIAN_POINT('',(0.89537559479,-2.05089226777));
#3602 = CARTESIAN_POINT('',(0.951862607293,-2.039228246082));
#3603 = CARTESIAN_POINT('',(1.009517222195,-2.028205114996));
#3604 = CARTESIAN_POINT('',(1.068467533573,-2.01839312459));
#3605 = CARTESIAN_POINT('',(1.128853733654,-2.010465695018));
#3606 = CARTESIAN_POINT('',(1.281403671259,-1.997505590413));
#3607 = CARTESIAN_POINT('',(1.377889408983,-1.995279693363));
#3608 = CARTESIAN_POINT('',(1.47824789058,-2.001739430164));
#3609 = CARTESIAN_POINT('',(1.581074906829,-2.020048633148));
#3610 = CARTESIAN_POINT('',(1.685287931041,-2.052443441398));
#3611 = CARTESIAN_POINT('',(1.789910256137,-2.099113411745));
#3612 = CARTESIAN_POINT('',(1.893959280198,-2.158105675176));
#3613 = CARTESIAN_POINT('',(1.996198438547,-2.225964790483));
#3614 = ( GEOMETRIC_REPRESENTATION_CONTEXT(2) 
PARAMETRIC_REPRESENTATION_CONTEXT() REPRESENTATION_CONTEXT('2D SPACE',''
  ) );
#3615 = ORIENTED_EDGE('',*,*,#3616,.F.);
#3616 = EDGE_CURVE('',#3617,#3508,#3619,.T.);
#3617 = VERTEX_POINT('',#3618);
#3618 = CARTESIAN_POINT('',(3.258149071461,-29.21890594509,
    9.422841957823));
#3619 = SURFACE_CURVE('',#3620,(#3625,#3635),.PCURVE_S1.);
#3620 = ELLIPSE('',#3621,41.577878733769,29.4);
#3621 = AXIS2_PLACEMENT_3D('',#3622,#3623,#3624);
#3622 = CARTESIAN_POINT('',(0.,0.,12.680991029284));
#3623 = DIRECTION('',(-0.707106781187,0.,-0.707106781187));
#3624 = DIRECTION('',(-0.707106781187,0.,0.707106781187));
#3625 = PCURVE('',#2969,#3626);
#3626 = DEFINITIONAL_REPRESENTATION('',(#3627),#3634);
#3627 = B_SPLINE_CURVE_WITH_KNOTS('',5,(#3628,#3629,#3630,#3631,#3632,
    #3633),.UNSPECIFIED.,.F.,.F.,(6,6),(4.599887343421,4.617298167856),
  .PIECEWISE_BEZIER_KNOTS.);
#3628 = CARTESIAN_POINT('',(4.824890617348,10.380415550951));
#3629 = CARTESIAN_POINT('',(4.821408452461,10.482144016907));
#3630 = CARTESIAN_POINT('',(4.817926287574,10.583922509159));
#3631 = CARTESIAN_POINT('',(4.814444122687,10.685748457903));
#3632 = CARTESIAN_POINT('',(4.8109619578,10.787619290808));
#3633 = CARTESIAN_POINT('',(4.807479792913,10.889532433406));
#3634 = ( GEOMETRIC_REPRESENTATION_CONTEXT(2) 
PARAMETRIC_REPRESENTATION_CONTEXT() REPRESENTATION_CONTEXT('2D SPACE',''
  ) );
#3635 = PCURVE('',#3636,#3641);
#3636 = PLANE('',#3637);
#3637 = AXIS2_PLACEMENT_3D('',#3638,#3639,#3640);
#3638 = CARTESIAN_POINT('',(3.258149071461,-31.4,9.422841957823));
#3639 = DIRECTION('',(-0.707106781187,0.,-0.707106781187));
#3640 = DIRECTION('',(0.707106781187,0.,-0.707106781187));
#3641 = DEFINITIONAL_REPRESENTATION('',(#3642),#3646);
#3642 = ELLIPSE('',#3643,41.577878733769,29.4);
#3643 = AXIS2_PLACEMENT_2D('',#3644,#3645);
#3644 = CARTESIAN_POINT('',(-4.607718605094,-31.4));
#3645 = DIRECTION('',(-1.,0.));
#3646 = ( GEOMETRIC_REPRESENTATION_CONTEXT(2) 
PARAMETRIC_REPRESENTATION_CONTEXT() REPRESENTATION_CONTEXT('2D SPACE',''
  ) );
#3647 = ORIENTED_EDGE('',*,*,#3648,.T.);
#3648 = EDGE_CURVE('',#3617,#3649,#3651,.T.);
#3649 = VERTEX_POINT('',#3650);
#3650 = CARTESIAN_POINT('',(8.421313602057,-28.16809324778,
    17.605704393814));
#3651 = SURFACE_CURVE('',#3652,(#3673,#3697),.PCURVE_S1.);
#3652 = B_SPLINE_CURVE_WITH_KNOTS('',7,(#3653,#3654,#3655,#3656,#3657,
    #3658,#3659,#3660,#3661,#3662,#3663,#3664,#3665,#3666,#3667,#3668,
    #3669,#3670,#3671,#3672),.UNSPECIFIED.,.F.,.F.,(8,6,6,8),(0.,
    0.345635840806,0.748243738115,1.),.UNSPECIFIED.);
#3653 = CARTESIAN_POINT('',(3.258149071461,-29.21890594509,
    9.422841957823));
#3654 = CARTESIAN_POINT('',(3.552568460047,-29.18607575427,
    9.814780056344));
#3655 = CARTESIAN_POINT('',(3.840866734205,-29.15042406265,
    10.209067958171));
#3656 = CARTESIAN_POINT('',(4.124010756621,-29.11208808386,
    10.605180618162));
#3657 = CARTESIAN_POINT('',(4.402397306811,-29.07119511045,
    11.002863979139));
#3658 = CARTESIAN_POINT('',(4.676341846013,-29.02786873435,
    11.401922657973));
#3659 = CARTESIAN_POINT('',(4.946020531179,-28.98223043393,
    11.802246790949));
#3660 = CARTESIAN_POINT('',(5.520874126804,-28.87868983337,
    12.671478292512));
#3661 = CARTESIAN_POINT('',(5.824557558723,-28.82000870433,
    13.140791431287));
#3662 = CARTESIAN_POINT('',(6.122793635205,-28.75855423554,
    13.611585340929));
#3663 = CARTESIAN_POINT('',(6.415629476254,-28.69452801092,
    14.083791178241));
#3664 = CARTESIAN_POINT('',(6.703030822495,-28.62814267843,
    14.557376497979));
#3665 = CARTESIAN_POINT('',(6.984902640195,-28.55962819199,
    15.032337869858));
#3666 = CARTESIAN_POINT('',(7.433774003172,-28.44522394661,
    15.806584564898));
#3667 = CARTESIAN_POINT('',(7.604241754245,-28.4004760136,
    16.105011602322));
#3668 = CARTESIAN_POINT('',(7.772439788303,-28.35505789416,
    16.403992896946));
#3669 = CARTESIAN_POINT('',(7.938316131007,-28.30903600863,
    16.703537914076));
#3670 = CARTESIAN_POINT('',(8.101807110268,-28.26248176196,
    17.00365958965));
#3671 = CARTESIAN_POINT('',(8.262836323032,-28.21547263032,
    17.304374727036));
#3672 = CARTESIAN_POINT('',(8.421313602057,-28.16809324778,
    17.605704393814));
#3673 = PCURVE('',#2969,#3674);
#3674 = DEFINITIONAL_REPRESENTATION('',(#3675),#3696);
#3675 = B_SPLINE_CURVE_WITH_KNOTS('',7,(#3676,#3677,#3678,#3679,#3680,
    #3681,#3682,#3683,#3684,#3685,#3686,#3687,#3688,#3689,#3690,#3691,
    #3692,#3693,#3694,#3695),.UNSPECIFIED.,.F.,.F.,(8,6,6,8),(0.,
    0.345635840806,0.748243738115,1.),.UNSPECIFIED.);
#3676 = CARTESIAN_POINT('',(4.82343848026,10.422841957823));
#3677 = CARTESIAN_POINT('',(4.833514811972,10.814780056344));
#3678 = CARTESIAN_POINT('',(4.84339486061,11.209067958171));
#3679 = CARTESIAN_POINT('',(4.853112462427,11.605180618162));
#3680 = CARTESIAN_POINT('',(4.862681934581,12.002863979139));
#3681 = CARTESIAN_POINT('',(4.872114708172,12.401922657973));
#3682 = CARTESIAN_POINT('',(4.881417357591,12.802246790949));
#3683 = CARTESIAN_POINT('',(4.901284835622,13.671478292512));
#3684 = CARTESIAN_POINT('',(4.911804432841,14.140791431287));
#3685 = CARTESIAN_POINT('',(4.922160395935,14.611585340929));
#3686 = CARTESIAN_POINT('',(4.932354799359,15.083791178241));
#3687 = CARTESIAN_POINT('',(4.94238668413,15.557376497979));
#3688 = CARTESIAN_POINT('',(4.952252715578,16.032337869858));
#3689 = CARTESIAN_POINT('',(4.968008536936,16.806584564898));
#3690 = CARTESIAN_POINT('',(4.974003047148,17.105011602322));
#3691 = CARTESIAN_POINT('',(4.979928741094,17.403992896946));
#3692 = CARTESIAN_POINT('',(4.985783675705,17.703537914076));
#3693 = CARTESIAN_POINT('',(4.991565443294,18.00365958965));
#3694 = CARTESIAN_POINT('',(4.997271126615,18.304374727036));
#3695 = CARTESIAN_POINT('',(5.002897253936,18.605704393814));
#3696 = ( GEOMETRIC_REPRESENTATION_CONTEXT(2) 
PARAMETRIC_REPRESENTATION_CONTEXT() REPRESENTATION_CONTEXT('2D SPACE',''
  ) );
#3697 = PCURVE('',#3698,#3706);
#3698 = SURFACE_OF_LINEAR_EXTRUSION('',#3699,#3704);
#3699 = B_SPLINE_CURVE_WITH_KNOTS('',3,(#3700,#3701,#3702,#3703),
  .UNSPECIFIED.,.F.,.F.,(4,4),(0.,1.),.PIECEWISE_BEZIER_KNOTS.);
#3700 = CARTESIAN_POINT('',(8.421313602057,-31.4,17.605704393814));
#3701 = CARTESIAN_POINT('',(6.791279442126,-31.4,14.506347481142));
#3702 = CARTESIAN_POINT('',(4.820442252334,-31.4,11.50260382944));
#3703 = CARTESIAN_POINT('',(3.258149071461,-31.4,9.422841957823));
#3704 = VECTOR('',#3705,1.);
#3705 = DIRECTION('',(-0.,-1.,-0.));
#3706 = DEFINITIONAL_REPRESENTATION('',(#3707),#3728);
#3707 = B_SPLINE_CURVE_WITH_KNOTS('',7,(#3708,#3709,#3710,#3711,#3712,
    #3713,#3714,#3715,#3716,#3717,#3718,#3719,#3720,#3721,#3722,#3723,
    #3724,#3725,#3726,#3727),.UNSPECIFIED.,.F.,.F.,(8,6,6,8),(0.,
    0.345635840806,0.748243738115,1.),.UNSPECIFIED.);
#3708 = CARTESIAN_POINT('',(1.,-2.181094054908));
#3709 = CARTESIAN_POINT('',(0.937182215607,-2.213924245721));
#3710 = CARTESIAN_POINT('',(0.878077525557,-2.249575937347));
#3711 = CARTESIAN_POINT('',(0.821584449728,-2.287911916131));
#3712 = CARTESIAN_POINT('',(0.767200285954,-2.32880488955));
#3713 = CARTESIAN_POINT('',(0.714503263366,-2.372131265647));
#3714 = CARTESIAN_POINT('',(0.663215525268,-2.417769566063));
#3715 = CARTESIAN_POINT('',(0.554727192258,-2.521310166628));
#3716 = CARTESIAN_POINT('',(0.497948715354,-2.579991295667));
#3717 = CARTESIAN_POINT('',(0.44240547336,-2.641445764452));
#3718 = CARTESIAN_POINT('',(0.387845567094,-2.705471989071));
#3719 = CARTESIAN_POINT('',(0.334070080695,-2.771857321568));
#3720 = CARTESIAN_POINT('',(0.280904256986,-2.840371808005));
#3721 = CARTESIAN_POINT('',(0.195236195958,-2.95477605339));
#3722 = CARTESIAN_POINT('',(0.16245562128,-2.999523986399));
#3723 = CARTESIAN_POINT('',(0.129816433642,-3.044942105837));
#3724 = CARTESIAN_POINT('',(9.72838828373E-02,-3.090963991361));
#3725 = CARTESIAN_POINT('',(6.482501719535E-02,-3.137518238033));
#3726 = CARTESIAN_POINT('',(3.240776234858E-02,-3.184527369675));
#3727 = CARTESIAN_POINT('',(0.,-3.231906752217));
#3728 = ( GEOMETRIC_REPRESENTATION_CONTEXT(2) 
PARAMETRIC_REPRESENTATION_CONTEXT() REPRESENTATION_CONTEXT('2D SPACE',''
  ) );
#3729 = ORIENTED_EDGE('',*,*,#3730,.T.);
#3730 = EDGE_CURVE('',#3649,#3731,#3733,.T.);
#3731 = VERTEX_POINT('',#3732);
#3732 = CARTESIAN_POINT('',(10.374274166981,-27.50880650824,
    21.851784015618));
#3733 = SURFACE_CURVE('',#3734,(#3747,#3763),.PCURVE_S1.);
#3734 = B_SPLINE_CURVE_WITH_KNOTS('',6,(#3735,#3736,#3737,#3738,#3739,
    #3740,#3741,#3742,#3743,#3744,#3745,#3746),.UNSPECIFIED.,.F.,.F.,(7,
    5,7),(0.,0.664042322357,1.),.UNSPECIFIED.);
#3735 = CARTESIAN_POINT('',(8.421313602057,-28.16809324778,
    17.605704393814));
#3736 = CARTESIAN_POINT('',(8.66542406295,-28.09511242062,
    18.069857515891));
#3737 = CARTESIAN_POINT('',(8.90381122355,-28.0210771704,18.535164022774
    ));
#3738 = CARTESIAN_POINT('',(9.135845297617,-27.94638654689,
    19.001797782113));
#3739 = CARTESIAN_POINT('',(9.360744510257,-27.87152861422,
    19.469936452056));
#3740 = CARTESIAN_POINT('',(9.577541109738,-27.79710531942,
    19.939772550192));
#3741 = CARTESIAN_POINT('',(9.889821690383,-27.68688867974,
    20.650253248466));
#3742 = CARTESIAN_POINT('',(9.992319753268,-27.65017714112,
    20.889441085373));
#3743 = CARTESIAN_POINT('',(10.092230079509,-27.61388619823,
    21.129157730702));
#3744 = CARTESIAN_POINT('',(10.18935476765,-27.57813342507,
    21.369433356965));
#3745 = CARTESIAN_POINT('',(10.283461480003,-27.54305429403,
    21.610298058152));
#3746 = CARTESIAN_POINT('',(10.374274166981,-27.50880650824,
    21.851784015618));
#3747 = PCURVE('',#2969,#3748);
#3748 = DEFINITIONAL_REPRESENTATION('',(#3749),#3762);
#3749 = B_SPLINE_CURVE_WITH_KNOTS('',6,(#3750,#3751,#3752,#3753,#3754,
    #3755,#3756,#3757,#3758,#3759,#3760,#3761),.UNSPECIFIED.,.F.,.F.,(7,
    5,7),(0.,0.664042322357,1.),.UNSPECIFIED.);
#3750 = CARTESIAN_POINT('',(5.002897253936,18.605704393814));
#3751 = CARTESIAN_POINT('',(5.011563458594,19.069857515891));
#3752 = CARTESIAN_POINT('',(5.020053423221,19.535164022774));
#3753 = CARTESIAN_POINT('',(5.028343907803,20.001797782113));
#3754 = CARTESIAN_POINT('',(5.036405613634,20.469936452056));
#3755 = CARTESIAN_POINT('',(5.044201758814,20.939772550192));
#3756 = CARTESIAN_POINT('',(5.055465700443,21.650253248466));
#3757 = CARTESIAN_POINT('',(5.059168864425,21.889441085373));
#3758 = CARTESIAN_POINT('',(5.062784364267,22.129157730702));
#3759 = CARTESIAN_POINT('',(5.066304598065,22.369433356965));
#3760 = CARTESIAN_POINT('',(5.069720632897,22.610298058152));
#3761 = CARTESIAN_POINT('',(5.073021855251,22.851784015618));
#3762 = ( GEOMETRIC_REPRESENTATION_CONTEXT(2) 
PARAMETRIC_REPRESENTATION_CONTEXT() REPRESENTATION_CONTEXT('2D SPACE',''
  ) );
#3763 = PCURVE('',#3764,#3772);
#3764 = SURFACE_OF_LINEAR_EXTRUSION('',#3765,#3770);
#3765 = B_SPLINE_CURVE_WITH_KNOTS('',3,(#3766,#3767,#3768,#3769),
  .UNSPECIFIED.,.F.,.F.,(4,4),(0.,1.),.PIECEWISE_BEZIER_KNOTS.);
#3766 = CARTESIAN_POINT('',(10.374274166981,-31.4,21.851784015618));
#3767 = CARTESIAN_POINT('',(9.880225361036,-31.4,20.538026512034));
#3768 = CARTESIAN_POINT('',(9.213261002205,-31.4,19.111518019968));
#3769 = CARTESIAN_POINT('',(8.421313602057,-31.4,17.605704393814));
#3770 = VECTOR('',#3771,1.);
#3771 = DIRECTION('',(-0.,-1.,-0.));
#3772 = DEFINITIONAL_REPRESENTATION('',(#3773),#3786);
#3773 = B_SPLINE_CURVE_WITH_KNOTS('',6,(#3774,#3775,#3776,#3777,#3778,
    #3779,#3780,#3781,#3782,#3783,#3784,#3785),.UNSPECIFIED.,.F.,.F.,(7,
    5,7),(0.,0.664042322357,1.),.UNSPECIFIED.);
#3774 = CARTESIAN_POINT('',(1.,-3.231906752217));
#3775 = CARTESIAN_POINT('',(0.897253083203,-3.304887579376));
#3776 = CARTESIAN_POINT('',(0.792916420412,-3.378922829599));
#3777 = CARTESIAN_POINT('',(0.686787701604,-3.453613453106));
#3778 = CARTESIAN_POINT('',(0.578629403187,-3.528471385776));
#3779 = CARTESIAN_POINT('',(0.468157310872,-3.60289468058));
#3780 = CARTESIAN_POINT('',(0.297728308854,-3.713111320258));
#3781 = CARTESIAN_POINT('',(0.239781145569,-3.749822858877));
#3782 = CARTESIAN_POINT('',(0.181093758882,-3.78611380177));
#3783 = CARTESIAN_POINT('',(0.121611265761,-3.821866574925));
#3784 = CARTESIAN_POINT('',(6.127106329427E-02,-3.856945705963));
#3785 = CARTESIAN_POINT('',(0.,-3.891193491751));
#3786 = ( GEOMETRIC_REPRESENTATION_CONTEXT(2) 
PARAMETRIC_REPRESENTATION_CONTEXT() REPRESENTATION_CONTEXT('2D SPACE',''
  ) );
#3787 = ORIENTED_EDGE('',*,*,#3788,.T.);
#3788 = EDGE_CURVE('',#3731,#2940,#3789,.T.);
#3789 = SURFACE_CURVE('',#3790,(#3805,#3823),.PCURVE_S1.);
#3790 = B_SPLINE_CURVE_WITH_KNOTS('',7,(#3791,#3792,#3793,#3794,#3795,
    #3796,#3797,#3798,#3799,#3800,#3801,#3802,#3803,#3804),
  .UNSPECIFIED.,.F.,.F.,(8,6,8),(0.,0.753980082012,1.),.UNSPECIFIED.);
#3791 = CARTESIAN_POINT('',(10.374274166981,-27.50880650824,
    21.851784015618));
#3792 = CARTESIAN_POINT('',(10.448935686309,-27.48064974067,
    22.050321346474));
#3793 = CARTESIAN_POINT('',(10.521566404614,-27.45298880476,
    22.24921054107));
#3794 = CARTESIAN_POINT('',(10.591707854668,-27.42602188578,
    22.448492677041));
#3795 = CARTESIAN_POINT('',(10.658837520742,-27.39998042267,
    22.648181891019));
#3796 = CARTESIAN_POINT('',(10.722319135906,-27.37514913724,
    22.84826637755));
#3797 = CARTESIAN_POINT('',(10.781373015194,-27.35187948,23.04870993447)
  );
#3798 = CARTESIAN_POINT('',(10.852362918093,-27.32373642194,
    23.31496626236));
#3799 = CARTESIAN_POINT('',(10.869238601498,-27.31703120246,
    23.380501181798));
#3800 = CARTESIAN_POINT('',(10.885486496984,-27.31056160656,
    23.446064021159));
#3801 = CARTESIAN_POINT('',(10.901064291613,-27.30434633731,
    23.51165069496));
#3802 = CARTESIAN_POINT('',(10.915925001555,-27.29840605885,
    23.577255666945));
#3803 = CARTESIAN_POINT('',(10.930016072901,-27.29276374474,
    23.642871945249));
#3804 = CARTESIAN_POINT('',(10.943278482472,-27.28744502614,
    23.708491077542));
#3805 = PCURVE('',#2969,#3806);
#3806 = DEFINITIONAL_REPRESENTATION('',(#3807),#3822);
#3807 = B_SPLINE_CURVE_WITH_KNOTS('',7,(#3808,#3809,#3810,#3811,#3812,
    #3813,#3814,#3815,#3816,#3817,#3818,#3819,#3820,#3821),
  .UNSPECIFIED.,.F.,.F.,(8,6,8),(0.,0.753980082012,1.),.UNSPECIFIED.);
#3808 = CARTESIAN_POINT('',(5.073021855251,22.851784015618));
#3809 = CARTESIAN_POINT('',(5.075735950438,23.050321346474));
#3810 = CARTESIAN_POINT('',(5.078379462987,23.24921054107));
#3811 = CARTESIAN_POINT('',(5.080935455891,23.448492677041));
#3812 = CARTESIAN_POINT('',(5.083384546907,23.648181891019));
#3813 = CARTESIAN_POINT('',(5.085703082573,23.84826637755));
#3814 = CARTESIAN_POINT('',(5.087862027771,24.04870993447));
#3815 = CARTESIAN_POINT('',(5.090459473367,24.31496626236));
#3816 = CARTESIAN_POINT('',(5.091077125661,24.380501181798));
#3817 = CARTESIAN_POINT('',(5.09167197444,24.446064021159));
#3818 = CARTESIAN_POINT('',(5.092242447639,24.51165069496));
#3819 = CARTESIAN_POINT('',(5.092786800788,24.577255666945));
#3820 = CARTESIAN_POINT('',(5.093303084223,24.642871945249));
#3821 = CARTESIAN_POINT('',(5.09378911029,24.708491077542));
#3822 = ( GEOMETRIC_REPRESENTATION_CONTEXT(2) 
PARAMETRIC_REPRESENTATION_CONTEXT() REPRESENTATION_CONTEXT('2D SPACE',''
  ) );
#3823 = PCURVE('',#3824,#3832);
#3824 = SURFACE_OF_LINEAR_EXTRUSION('',#3825,#3830);
#3825 = B_SPLINE_CURVE_WITH_KNOTS('',3,(#3826,#3827,#3828,#3829),
  .UNSPECIFIED.,.F.,.F.,(4,4),(0.,1.),.PIECEWISE_BEZIER_KNOTS.);
#3826 = CARTESIAN_POINT('',(10.943278482472,-31.4,23.708491077542));
#3827 = CARTESIAN_POINT('',(10.826912050859,-31.4,23.132738667753));
#3828 = CARTESIAN_POINT('',(10.615673146386,-31.4,22.493703835549));
#3829 = CARTESIAN_POINT('',(10.374274166981,-31.4,21.851784015618));
#3830 = VECTOR('',#3831,1.);
#3831 = DIRECTION('',(-0.,-1.,-0.));
#3832 = DEFINITIONAL_REPRESENTATION('',(#3833),#3848);
#3833 = B_SPLINE_CURVE_WITH_KNOTS('',7,(#3834,#3835,#3836,#3837,#3838,
    #3839,#3840,#3841,#3842,#3843,#3844,#3845,#3846,#3847),
  .UNSPECIFIED.,.F.,.F.,(8,6,8),(0.,0.753980082012,1.),.UNSPECIFIED.);
#3834 = CARTESIAN_POINT('',(1.,-3.891193491751));
#3835 = CARTESIAN_POINT('',(0.896904397978,-3.91935025933));
#3836 = CARTESIAN_POINT('',(0.793514670369,-3.947011195234));
#3837 = CARTESIAN_POINT('',(0.689471203166,-3.973978114216));
#3838 = CARTESIAN_POINT('',(0.584418901707,-4.000019577326));
#3839 = CARTESIAN_POINT('',(0.477971880943,-4.024850862755));
#3840 = CARTESIAN_POINT('',(0.369693273623,-4.048120519992));
#3841 = CARTESIAN_POINT('',(0.222869456861,-4.076263578051));
#3842 = CARTESIAN_POINT('',(0.186491096814,-4.082968797535));
#3843 = CARTESIAN_POINT('',(0.149835841172,-4.089438393434));
#3844 = CARTESIAN_POINT('',(0.112882626501,-4.09565366269));
#3845 = CARTESIAN_POINT('',(7.560894836189E-02,-4.101593941141));
#3846 = CARTESIAN_POINT('',(3.799036482682E-02,-4.107236255256));
#3847 = CARTESIAN_POINT('',(0.,-4.112554973852));
#3848 = ( GEOMETRIC_REPRESENTATION_CONTEXT(2) 
PARAMETRIC_REPRESENTATION_CONTEXT() REPRESENTATION_CONTEXT('2D SPACE',''
  ) );
#3849 = ADVANCED_FACE('',(#3850),#3000,.F.);
#3850 = FACE_BOUND('',#3851,.F.);
#3851 = EDGE_LOOP('',(#3852,#3853,#3876,#3946));
#3852 = ORIENTED_EDGE('',*,*,#2939,.T.);
#3853 = ORIENTED_EDGE('',*,*,#3854,.T.);
#3854 = EDGE_CURVE('',#2942,#3855,#3857,.T.);
#3855 = VERTEX_POINT('',#3856);
#3856 = CARTESIAN_POINT('',(11.013414973039,-26.39332286074,
    24.339115651563));
#3857 = SURFACE_CURVE('',#3858,(#3862,#3869),.PCURVE_S1.);
#3858 = LINE('',#3859,#3860);
#3859 = CARTESIAN_POINT('',(11.013414973039,-31.4,24.339115651563));
#3860 = VECTOR('',#3861,1.);
#3861 = DIRECTION('',(-0.,1.,-0.));
#3862 = PCURVE('',#3000,#3863);
#3863 = DEFINITIONAL_REPRESENTATION('',(#3864),#3868);
#3864 = LINE('',#3865,#3866);
#3865 = CARTESIAN_POINT('',(0.,0.));
#3866 = VECTOR('',#3867,1.);
#3867 = DIRECTION('',(0.,-1.));
#3868 = ( GEOMETRIC_REPRESENTATION_CONTEXT(2) 
PARAMETRIC_REPRESENTATION_CONTEXT() REPRESENTATION_CONTEXT('2D SPACE',''
  ) );
#3869 = PCURVE('',#3080,#3870);
#3870 = DEFINITIONAL_REPRESENTATION('',(#3871),#3875);
#3871 = LINE('',#3872,#3873);
#3872 = CARTESIAN_POINT('',(1.,0.));
#3873 = VECTOR('',#3874,1.);
#3874 = DIRECTION('',(0.,-1.));
#3875 = ( GEOMETRIC_REPRESENTATION_CONTEXT(2) 
PARAMETRIC_REPRESENTATION_CONTEXT() REPRESENTATION_CONTEXT('2D SPACE',''
  ) );
#3876 = ORIENTED_EDGE('',*,*,#3877,.F.);
#3877 = EDGE_CURVE('',#3878,#3855,#3880,.T.);
#3878 = VERTEX_POINT('',#3879);
#3879 = CARTESIAN_POINT('',(10.943278482472,-26.42248014579,
    23.708491077542));
#3880 = SURFACE_CURVE('',#3881,(#3899,#3920),.PCURVE_S1.);
#3881 = B_SPLINE_CURVE_WITH_KNOTS('',6,(#3882,#3883,#3884,#3885,#3886,
    #3887,#3888,#3889,#3890,#3891,#3892,#3893,#3894,#3895,#3896,#3897,
    #3898),.UNSPECIFIED.,.F.,.F.,(7,5,5,7),(0.,0.354694727923,
    0.794836606931,1.),.UNSPECIFIED.);
#3882 = CARTESIAN_POINT('',(10.943278482472,-26.42248014579,
    23.708491077542));
#3883 = CARTESIAN_POINT('',(10.950592553603,-26.4194509102,
    23.744679297979));
#3884 = CARTESIAN_POINT('',(10.957758012066,-26.41648037791,
    23.781612812911));
#3885 = CARTESIAN_POINT('',(10.964696240376,-26.4136013281,
    23.819088057432));
#3886 = CARTESIAN_POINT('',(10.971337186112,-26.41084317993,
    23.856944546069));
#3887 = CARTESIAN_POINT('',(10.97761155115,-26.40823518376,
    23.895047392817));
#3888 = CARTESIAN_POINT('',(10.99067922168,-26.40279971269,
    23.980700183279));
#3889 = CARTESIAN_POINT('',(10.997231808786,-26.40007138489,
    24.028304883032));
#3890 = CARTESIAN_POINT('',(11.002956744889,-26.39768551935,
    24.07584894433));
#3891 = CARTESIAN_POINT('',(11.007685550578,-26.39571337493,
    24.12308799345));
#3892 = CARTESIAN_POINT('',(11.011214262965,-26.39424115831,
    24.169739364789));
#3893 = CARTESIAN_POINT('',(11.014199596021,-26.39299545934,
    24.236719483652));
#3894 = CARTESIAN_POINT('',(11.014824351796,-26.392734718,24.25780275512
    ));
#3895 = CARTESIAN_POINT('',(11.015095043162,-26.39262172994,
    24.278635157619));
#3896 = CARTESIAN_POINT('',(11.014977814596,-26.39267066287,
    24.299170326568));
#3897 = CARTESIAN_POINT('',(11.014433248627,-26.39289795435,
    24.319352693772));
#3898 = CARTESIAN_POINT('',(11.013414973039,-26.39332286074,
    24.339115651563));
#3899 = PCURVE('',#3000,#3900);
#3900 = DEFINITIONAL_REPRESENTATION('',(#3901),#3919);
#3901 = B_SPLINE_CURVE_WITH_KNOTS('',6,(#3902,#3903,#3904,#3905,#3906,
    #3907,#3908,#3909,#3910,#3911,#3912,#3913,#3914,#3915,#3916,#3917,
    #3918),.UNSPECIFIED.,.F.,.F.,(7,5,5,7),(0.,0.354694727923,
    0.794836606931,1.),.UNSPECIFIED.);
#3902 = CARTESIAN_POINT('',(1.,-4.977519854203));
#3903 = CARTESIAN_POINT('',(0.939837065672,-4.980549089792));
#3904 = CARTESIAN_POINT('',(0.880553071483,-4.98351962209));
#3905 = CARTESIAN_POINT('',(0.821914654119,-4.986398671898));
#3906 = CARTESIAN_POINT('',(0.763728567904,-4.989156820063));
#3907 = CARTESIAN_POINT('',(0.705818153536,-4.991764816235));
#3908 = CARTESIAN_POINT('',(0.576252826237,-4.997200287303));
#3909 = CARTESIAN_POINT('',(0.50466293337,-4.99992861511));
#3910 = CARTESIAN_POINT('',(0.432874880841,-5.002314480644));
#3911 = CARTESIAN_POINT('',(0.360567353397,-5.004286625068));
#3912 = CARTESIAN_POINT('',(0.287413121301,-5.005758841689));
#3913 = CARTESIAN_POINT('',(0.178312922852,-5.00700454066));
#3914 = CARTESIAN_POINT('',(0.143355844926,-5.007265282));
#3915 = CARTESIAN_POINT('',(0.108087122098,-5.007378270053));
#3916 = CARTESIAN_POINT('',(7.246651080422E-02,-5.007329337129));
#3917 = CARTESIAN_POINT('',(3.645245956434E-02,-5.007102045645));
#3918 = CARTESIAN_POINT('',(0.,-5.006677139253));
#3919 = ( GEOMETRIC_REPRESENTATION_CONTEXT(2) 
PARAMETRIC_REPRESENTATION_CONTEXT() REPRESENTATION_CONTEXT('2D SPACE',''
  ) );
#3920 = PCURVE('',#3921,#3926);
#3921 = CYLINDRICAL_SURFACE('',#3922,28.599);
#3922 = AXIS2_PLACEMENT_3D('',#3923,#3924,#3925);
#3923 = CARTESIAN_POINT('',(0.,0.,-2.));
#3924 = DIRECTION('',(0.,0.,1.));
#3925 = DIRECTION('',(1.,0.,-0.));
#3926 = DEFINITIONAL_REPRESENTATION('',(#3927),#3945);
#3927 = B_SPLINE_CURVE_WITH_KNOTS('',6,(#3928,#3929,#3930,#3931,#3932,
    #3933,#3934,#3935,#3936,#3937,#3938,#3939,#3940,#3941,#3942,#3943,
    #3944),.UNSPECIFIED.,.F.,.F.,(7,5,5,7),(0.,0.354694727923,
    0.794836606931,1.),.UNSPECIFIED.);
#3928 = CARTESIAN_POINT('',(5.105046998226,25.708491077542));
#3929 = CARTESIAN_POINT('',(5.105323810663,25.744679297979));
#3930 = CARTESIAN_POINT('',(5.105595036713,25.781612812911));
#3931 = CARTESIAN_POINT('',(5.105857698089,25.819088057432));
#3932 = CARTESIAN_POINT('',(5.106109138147,25.856944546069));
#3933 = CARTESIAN_POINT('',(5.10634672685,25.895047392817));
#3934 = CARTESIAN_POINT('',(5.106841605467,25.980700183279));
#3935 = CARTESIAN_POINT('',(5.107089792415,26.028304883032));
#3936 = CARTESIAN_POINT('',(5.10730666002,26.07584894433));
#3937 = CARTESIAN_POINT('',(5.107485812042,26.12308799345));
#3938 = CARTESIAN_POINT('',(5.107619505897,26.169739364789));
#3939 = CARTESIAN_POINT('',(5.107732615008,26.236719483652));
#3940 = CARTESIAN_POINT('',(5.107756286566,26.25780275512));
#3941 = CARTESIAN_POINT('',(5.107766543077,26.278635157619));
#3942 = CARTESIAN_POINT('',(5.107762101265,26.299170326568));
#3943 = CARTESIAN_POINT('',(5.10774146781,26.319352693772));
#3944 = CARTESIAN_POINT('',(5.107702887007,26.339115651563));
#3945 = ( GEOMETRIC_REPRESENTATION_CONTEXT(2) 
PARAMETRIC_REPRESENTATION_CONTEXT() REPRESENTATION_CONTEXT('2D SPACE',''
  ) );
#3946 = ORIENTED_EDGE('',*,*,#3947,.F.);
#3947 = EDGE_CURVE('',#2940,#3878,#3948,.T.);
#3948 = SURFACE_CURVE('',#3949,(#3953,#3960),.PCURVE_S1.);
#3949 = LINE('',#3950,#3951);
#3950 = CARTESIAN_POINT('',(10.943278482472,-31.4,23.708491077542));
#3951 = VECTOR('',#3952,1.);
#3952 = DIRECTION('',(-0.,1.,-0.));
#3953 = PCURVE('',#3000,#3954);
#3954 = DEFINITIONAL_REPRESENTATION('',(#3955),#3959);
#3955 = LINE('',#3956,#3957);
#3956 = CARTESIAN_POINT('',(1.,0.));
#3957 = VECTOR('',#3958,1.);
#3958 = DIRECTION('',(0.,-1.));
#3959 = ( GEOMETRIC_REPRESENTATION_CONTEXT(2) 
PARAMETRIC_REPRESENTATION_CONTEXT() REPRESENTATION_CONTEXT('2D SPACE',''
  ) );
#3960 = PCURVE('',#3824,#3961);
#3961 = DEFINITIONAL_REPRESENTATION('',(#3962),#3966);
#3962 = LINE('',#3963,#3964);
#3963 = CARTESIAN_POINT('',(0.,0.));
#3964 = VECTOR('',#3965,1.);
#3965 = DIRECTION('',(0.,-1.));
#3966 = ( GEOMETRIC_REPRESENTATION_CONTEXT(2) 
PARAMETRIC_REPRESENTATION_CONTEXT() REPRESENTATION_CONTEXT('2D SPACE',''
  ) );
#3967 = ADVANCED_FACE('',(#3968),#3824,.F.);
#3968 = FACE_BOUND('',#3969,.F.);
#3969 = EDGE_LOOP('',(#3970,#3971,#3972,#4028));
#3970 = ORIENTED_EDGE('',*,*,#3788,.T.);
#3971 = ORIENTED_EDGE('',*,*,#3947,.T.);
#3972 = ORIENTED_EDGE('',*,*,#3973,.F.);
#3973 = EDGE_CURVE('',#3974,#3878,#3976,.T.);
#3974 = VERTEX_POINT('',#3975);
#3975 = CARTESIAN_POINT('',(10.374274166981,-26.65102693158,
    21.851784015618));
#3976 = SURFACE_CURVE('',#3977,(#3992,#4010),.PCURVE_S1.);
#3977 = B_SPLINE_CURVE_WITH_KNOTS('',7,(#3978,#3979,#3980,#3981,#3982,
    #3983,#3984,#3985,#3986,#3987,#3988,#3989,#3990,#3991),
  .UNSPECIFIED.,.F.,.F.,(8,6,8),(0.,0.753044228049,1.),.UNSPECIFIED.);
#3978 = CARTESIAN_POINT('',(10.374274166981,-26.65102693158,
    21.851784015618));
#3979 = CARTESIAN_POINT('',(10.448832503784,-26.62200408645,
    22.050046967071));
#3980 = CARTESIAN_POINT('',(10.521366836959,-26.59348889179,
    22.248663969487));
#3981 = CARTESIAN_POINT('',(10.591421202786,-26.56568494598,
    22.447677873191));
#3982 = CARTESIAN_POINT('',(10.658475664038,-26.53883017035,
    22.647104483757));
#3983 = CARTESIAN_POINT('',(10.721896871746,-26.51321740673,
    22.84693373698));
#3984 = CARTESIAN_POINT('',(10.780908585215,-26.48920824956,
    23.047131357924));
#3985 = CARTESIAN_POINT('',(10.851961410632,-26.46012271379,
    23.31340777419));
#3986 = CARTESIAN_POINT('',(10.868915582362,-26.45316666372,
    23.379198402649));
#3987 = CARTESIAN_POINT('',(10.88523806392,-26.44645525719,
    23.445018574942));
#3988 = CARTESIAN_POINT('',(10.900886064059,-26.44000804179,
    23.510864223629));
#3989 = CARTESIAN_POINT('',(10.915812039667,-26.43384662684,
    23.576729797434));
#3990 = CARTESIAN_POINT('',(10.929962778591,-26.42799505033,
    23.642608258148));
#3991 = CARTESIAN_POINT('',(10.943278482472,-26.42248014579,
    23.708491077542));
#3992 = PCURVE('',#3824,#3993);
#3993 = DEFINITIONAL_REPRESENTATION('',(#3994),#4009);
#3994 = B_SPLINE_CURVE_WITH_KNOTS('',7,(#3995,#3996,#3997,#3998,#3999,
    #4000,#4001,#4002,#4003,#4004,#4005,#4006,#4007,#4008),
  .UNSPECIFIED.,.F.,.F.,(8,6,8),(0.,0.753044228049,1.),.UNSPECIFIED.);
#3995 = CARTESIAN_POINT('',(1.,-4.748973068411));
#3996 = CARTESIAN_POINT('',(0.897046876522,-4.777995913549));
#3997 = CARTESIAN_POINT('',(0.793798799453,-4.80651110821));
#3998 = CARTESIAN_POINT('',(0.689896627853,-4.834315054013));
#3999 = CARTESIAN_POINT('',(0.584985795765,-4.861169829645));
#4000 = CARTESIAN_POINT('',(0.478681047259,-4.886782593266));
#4001 = CARTESIAN_POINT('',(0.370546275879,-4.910791750436));
#4002 = CARTESIAN_POINT('',(0.223734495679,-4.939877286202));
#4003 = CARTESIAN_POINT('',(0.187219394302,-4.946833336275));
#4004 = CARTESIAN_POINT('',(0.150424819167,-4.953544742801));
#4005 = CARTESIAN_POINT('',(0.113329428822,-4.959991958208));
#4006 = CARTESIAN_POINT('',(7.591042146403E-02,-4.966153373157));
#4007 = CARTESIAN_POINT('',(3.814302714963E-02,-4.972004949661));
#4008 = CARTESIAN_POINT('',(0.,-4.977519854203));
#4009 = ( GEOMETRIC_REPRESENTATION_CONTEXT(2) 
PARAMETRIC_REPRESENTATION_CONTEXT() REPRESENTATION_CONTEXT('2D SPACE',''
  ) );
#4010 = PCURVE('',#3921,#4011);
#4011 = DEFINITIONAL_REPRESENTATION('',(#4012),#4027);
#4012 = B_SPLINE_CURVE_WITH_KNOTS('',7,(#4013,#4014,#4015,#4016,#4017,
    #4018,#4019,#4020,#4021,#4022,#4023,#4024,#4025,#4026),
  .UNSPECIFIED.,.F.,.F.,(8,6,8),(0.,0.753044228049,1.),.UNSPECIFIED.);
#4013 = CARTESIAN_POINT('',(5.083605697371,23.851784015618));
#4014 = CARTESIAN_POINT('',(5.086403275753,24.050046967071));
#4015 = CARTESIAN_POINT('',(5.08912846377,24.248663969487));
#4016 = CARTESIAN_POINT('',(5.091763857373,24.447677873191));
#4017 = CARTESIAN_POINT('',(5.094289524186,24.647104483757));
#4018 = CARTESIAN_POINT('',(5.096681127202,24.84693373698));
#4019 = CARTESIAN_POINT('',(5.098908783364,25.047131357924));
#4020 = CARTESIAN_POINT('',(5.10159333413,25.31340777419));
#4021 = CARTESIAN_POINT('',(5.102234114394,25.379198402649));
#4022 = CARTESIAN_POINT('',(5.102851212975,25.445018574942));
#4023 = CARTESIAN_POINT('',(5.103442986539,25.510864223629));
#4024 = CARTESIAN_POINT('',(5.10400761053,25.576729797434));
#4025 = CARTESIAN_POINT('',(5.10454304463,25.642608258148));
#4026 = CARTESIAN_POINT('',(5.105046998226,25.708491077542));
#4027 = ( GEOMETRIC_REPRESENTATION_CONTEXT(2) 
PARAMETRIC_REPRESENTATION_CONTEXT() REPRESENTATION_CONTEXT('2D SPACE',''
  ) );
#4028 = ORIENTED_EDGE('',*,*,#4029,.F.);
#4029 = EDGE_CURVE('',#3731,#3974,#4030,.T.);
#4030 = SURFACE_CURVE('',#4031,(#4035,#4042),.PCURVE_S1.);
#4031 = LINE('',#4032,#4033);
#4032 = CARTESIAN_POINT('',(10.374274166981,-31.4,21.851784015618));
#4033 = VECTOR('',#4034,1.);
#4034 = DIRECTION('',(-0.,1.,-0.));
#4035 = PCURVE('',#3824,#4036);
#4036 = DEFINITIONAL_REPRESENTATION('',(#4037),#4041);
#4037 = LINE('',#4038,#4039);
#4038 = CARTESIAN_POINT('',(1.,0.));
#4039 = VECTOR('',#4040,1.);
#4040 = DIRECTION('',(0.,-1.));
#4041 = ( GEOMETRIC_REPRESENTATION_CONTEXT(2) 
PARAMETRIC_REPRESENTATION_CONTEXT() REPRESENTATION_CONTEXT('2D SPACE',''
  ) );
#4042 = PCURVE('',#3764,#4043);
#4043 = DEFINITIONAL_REPRESENTATION('',(#4044),#4048);
#4044 = LINE('',#4045,#4046);
#4045 = CARTESIAN_POINT('',(0.,0.));
#4046 = VECTOR('',#4047,1.);
#4047 = DIRECTION('',(0.,-1.));
#4048 = ( GEOMETRIC_REPRESENTATION_CONTEXT(2) 
PARAMETRIC_REPRESENTATION_CONTEXT() REPRESENTATION_CONTEXT('2D SPACE',''
  ) );
#4049 = ADVANCED_FACE('',(#4050),#3764,.F.);
#4050 = FACE_BOUND('',#4051,.F.);
#4051 = EDGE_LOOP('',(#4052,#4053,#4054,#4104));
#4052 = ORIENTED_EDGE('',*,*,#3730,.T.);
#4053 = ORIENTED_EDGE('',*,*,#4029,.T.);
#4054 = ORIENTED_EDGE('',*,*,#4055,.F.);
#4055 = EDGE_CURVE('',#4056,#3974,#4058,.T.);
#4056 = VERTEX_POINT('',#4057);
#4057 = CARTESIAN_POINT('',(8.421313602057,-27.33101312091,
    17.605704393814));
#4058 = SURFACE_CURVE('',#4059,(#4072,#4088),.PCURVE_S1.);
#4059 = B_SPLINE_CURVE_WITH_KNOTS('',6,(#4060,#4061,#4062,#4063,#4064,
    #4065,#4066,#4067,#4068,#4069,#4070,#4071),.UNSPECIFIED.,.F.,.F.,(7,
    5,7),(0.,0.662095712438,1.),.UNSPECIFIED.);
#4060 = CARTESIAN_POINT('',(8.421313602057,-27.33101312091,
    17.605704393814));
#4061 = CARTESIAN_POINT('',(8.664712276421,-27.25601639254,
    18.068504120634));
#4062 = CARTESIAN_POINT('',(8.902415443947,-27.17992652108,
    18.532439991927));
#4063 = CARTESIAN_POINT('',(9.133800850374,-27.10314984418,
    18.997687217246));
#4064 = CARTESIAN_POINT('',(9.358096423575,-27.02618356451,
    19.464425738036));
#4065 = CARTESIAN_POINT('',(9.574346758611,-26.94964121391,
    19.932851410283));
#4066 = CARTESIAN_POINT('',(9.886833361534,-26.83590791062,
    20.643282183594));
#4067 = CARTESIAN_POINT('',(9.989985954238,-26.797800473,20.883843427407
    ));
#4068 = CARTESIAN_POINT('',(10.090525600363,-26.76012545517,
    21.124942268869));
#4069 = CARTESIAN_POINT('',(10.188251623533,-26.72300609916,
    21.366610424272));
#4070 = CARTESIAN_POINT('',(10.282928075945,-26.68658463804,
    21.608879648524));
#4071 = CARTESIAN_POINT('',(10.374274166981,-26.65102693158,
    21.851784015618));
#4072 = PCURVE('',#3764,#4073);
#4073 = DEFINITIONAL_REPRESENTATION('',(#4074),#4087);
#4074 = B_SPLINE_CURVE_WITH_KNOTS('',6,(#4075,#4076,#4077,#4078,#4079,
    #4080,#4081,#4082,#4083,#4084,#4085,#4086),.UNSPECIFIED.,.F.,.F.,(7,
    5,7),(0.,0.662095712438,1.),.UNSPECIFIED.);
#4075 = CARTESIAN_POINT('',(1.,-4.068986879082));
#4076 = CARTESIAN_POINT('',(0.897552676555,-4.143983607453));
#4077 = CARTESIAN_POINT('',(0.793527194237,-4.220073478917));
#4078 = CARTESIAN_POINT('',(0.687722487717,-4.296850155817));
#4079 = CARTESIAN_POINT('',(0.579902447849,-4.373816435484));
#4080 = CARTESIAN_POINT('',(0.469784514831,-4.450358786089));
#4081 = CARTESIAN_POINT('',(0.299416934879,-4.564092089371));
#4082 = CARTESIAN_POINT('',(0.241151393477,-4.602199526995));
#4083 = CARTESIAN_POINT('',(0.182137227546,-4.639874544822));
#4084 = CARTESIAN_POINT('',(0.122318405631,-4.676993900833));
#4085 = CARTESIAN_POINT('',(6.163094950458E-02,-4.713415361951));
#4086 = CARTESIAN_POINT('',(0.,-4.748973068411));
#4087 = ( GEOMETRIC_REPRESENTATION_CONTEXT(2) 
PARAMETRIC_REPRESENTATION_CONTEXT() REPRESENTATION_CONTEXT('2D SPACE',''
  ) );
#4088 = PCURVE('',#3921,#4089);
#4089 = DEFINITIONAL_REPRESENTATION('',(#4090),#4103);
#4090 = B_SPLINE_CURVE_WITH_KNOTS('',6,(#4091,#4092,#4093,#4094,#4095,
    #4096,#4097,#4098,#4099,#4100,#4101,#4102),.UNSPECIFIED.,.F.,.F.,(7,
    5,7),(0.,0.662095712438,1.),.UNSPECIFIED.);
#4091 = CARTESIAN_POINT('',(5.01128130243,19.605704393814));
#4092 = CARTESIAN_POINT('',(5.020186887938,20.068504120634));
#4093 = CARTESIAN_POINT('',(5.028913407821,20.532439991927));
#4094 = CARTESIAN_POINT('',(5.037437156482,20.997687217246));
#4095 = CARTESIAN_POINT('',(5.045728230636,21.464425738036));
#4096 = CARTESIAN_POINT('',(5.053749066503,21.932851410283));
#4097 = CARTESIAN_POINT('',(5.065376761023,22.643282183594));
#4098 = CARTESIAN_POINT('',(5.069221833847,22.883843427407));
#4099 = CARTESIAN_POINT('',(5.072975989361,23.124942268869));
#4100 = CARTESIAN_POINT('',(5.076631245847,23.366610424272));
#4101 = CARTESIAN_POINT('',(5.080178208769,23.608879648524));
#4102 = CARTESIAN_POINT('',(5.083605697371,23.851784015618));
#4103 = ( GEOMETRIC_REPRESENTATION_CONTEXT(2) 
PARAMETRIC_REPRESENTATION_CONTEXT() REPRESENTATION_CONTEXT('2D SPACE',''
  ) );
#4104 = ORIENTED_EDGE('',*,*,#4105,.F.);
#4105 = EDGE_CURVE('',#3649,#4056,#4106,.T.);
#4106 = SURFACE_CURVE('',#4107,(#4111,#4118),.PCURVE_S1.);
#4107 = LINE('',#4108,#4109);
#4108 = CARTESIAN_POINT('',(8.421313602057,-31.4,17.605704393814));
#4109 = VECTOR('',#4110,1.);
#4110 = DIRECTION('',(-0.,1.,-0.));
#4111 = PCURVE('',#3764,#4112);
#4112 = DEFINITIONAL_REPRESENTATION('',(#4113),#4117);
#4113 = LINE('',#4114,#4115);
#4114 = CARTESIAN_POINT('',(1.,0.));
#4115 = VECTOR('',#4116,1.);
#4116 = DIRECTION('',(0.,-1.));
#4117 = ( GEOMETRIC_REPRESENTATION_CONTEXT(2) 
PARAMETRIC_REPRESENTATION_CONTEXT() REPRESENTATION_CONTEXT('2D SPACE',''
  ) );
#4118 = PCURVE('',#3698,#4119);
#4119 = DEFINITIONAL_REPRESENTATION('',(#4120),#4124);
#4120 = LINE('',#4121,#4122);
#4121 = CARTESIAN_POINT('',(0.,0.));
#4122 = VECTOR('',#4123,1.);
#4123 = DIRECTION('',(0.,-1.));
#4124 = ( GEOMETRIC_REPRESENTATION_CONTEXT(2) 
PARAMETRIC_REPRESENTATION_CONTEXT() REPRESENTATION_CONTEXT('2D SPACE',''
  ) );
#4125 = ADVANCED_FACE('',(#4126),#3698,.F.);
#4126 = FACE_BOUND('',#4127,.F.);
#4127 = EDGE_LOOP('',(#4128,#4129,#4130,#4204));
#4128 = ORIENTED_EDGE('',*,*,#3648,.T.);
#4129 = ORIENTED_EDGE('',*,*,#4105,.T.);
#4130 = ORIENTED_EDGE('',*,*,#4131,.F.);
#4131 = EDGE_CURVE('',#4132,#4056,#4134,.T.);
#4132 = VERTEX_POINT('',#4133);
#4133 = CARTESIAN_POINT('',(3.258149071461,-28.41280108732,
    9.422841957823));
#4134 = SURFACE_CURVE('',#4135,(#4156,#4180),.PCURVE_S1.);
#4135 = B_SPLINE_CURVE_WITH_KNOTS('',7,(#4136,#4137,#4138,#4139,#4140,
    #4141,#4142,#4143,#4144,#4145,#4146,#4147,#4148,#4149,#4150,#4151,
    #4152,#4153,#4154,#4155),.UNSPECIFIED.,.F.,.F.,(8,6,6,8),(0.,
    0.349515052539,0.758015100336,1.),.UNSPECIFIED.);
#4136 = CARTESIAN_POINT('',(3.258149071461,-28.41280108732,
    9.422841957823));
#4137 = CARTESIAN_POINT('',(3.555950463493,-28.3786516444,9.819282259839
    ));
#4138 = CARTESIAN_POINT('',(3.847481120963,-28.34153194584,
    10.218115690972));
#4139 = CARTESIAN_POINT('',(4.133741721514,-28.30158751243,
    10.618798436524));
#4140 = CARTESIAN_POINT('',(4.415136855409,-28.25895313046,
    11.021069882505));
#4141 = CARTESIAN_POINT('',(4.691990023852,-28.21375964134,
    11.424729008159));
#4142 = CARTESIAN_POINT('',(4.964479699705,-28.16613563476,
    11.829663938285));
#4143 = CARTESIAN_POINT('',(5.546265011244,-28.05785897727,
    12.710494046463));
#4144 = CARTESIAN_POINT('',(5.853995275093,-27.99636688099,
    13.186808341115));
#4145 = CARTESIAN_POINT('',(6.156111612674,-27.93194317847,
    13.664623226729));
#4146 = CARTESIAN_POINT('',(6.452658618798,-27.86480387778,
    14.143869236161));
#4147 = CARTESIAN_POINT('',(6.743596069483,-27.79517725977,
    14.624515091959));
#4148 = CARTESIAN_POINT('',(7.028820047434,-27.72331087994,
    15.106560228774));
#4149 = CARTESIAN_POINT('',(7.473618357643,-27.60574436812,
    15.876440802989));
#4150 = CARTESIAN_POINT('',(7.637017385529,-27.56131968807,
    16.163343268865));
#4151 = CARTESIAN_POINT('',(7.798309519276,-27.51626333323,
    16.450753706397));
#4152 = CARTESIAN_POINT('',(7.95744775229,-27.47063627687,
    16.738681202605));
#4153 = CARTESIAN_POINT('',(8.114375069695,-27.42450395088,
    17.02713787193));
#4154 = CARTESIAN_POINT('',(8.269023572547,-27.37793718082,
    17.316139201073));
#4155 = CARTESIAN_POINT('',(8.421313602057,-27.33101312091,
    17.605704393814));
#4156 = PCURVE('',#3698,#4157);
#4157 = DEFINITIONAL_REPRESENTATION('',(#4158),#4179);
#4158 = B_SPLINE_CURVE_WITH_KNOTS('',7,(#4159,#4160,#4161,#4162,#4163,
    #4164,#4165,#4166,#4167,#4168,#4169,#4170,#4171,#4172,#4173,#4174,
    #4175,#4176,#4177,#4178),.UNSPECIFIED.,.F.,.F.,(8,6,6,8),(0.,
    0.349515052539,0.758015100336,1.),.UNSPECIFIED.);
#4159 = CARTESIAN_POINT('',(1.,-2.987198912671));
#4160 = CARTESIAN_POINT('',(0.936460626025,-3.021348355591));
#4161 = CARTESIAN_POINT('',(0.876721852778,-3.058468054159));
#4162 = CARTESIAN_POINT('',(0.819643755136,-3.09841248757));
#4163 = CARTESIAN_POINT('',(0.76471241919,-3.141046869539));
#4164 = CARTESIAN_POINT('',(0.711494402242,-3.186240358654));
#4165 = CARTESIAN_POINT('',(0.659706101041,-3.233864365239));
#4166 = CARTESIAN_POINT('',(0.549967735016,-3.342141022721));
#4167 = CARTESIAN_POINT('',(0.49245622619,-3.403633119003));
#4168 = CARTESIAN_POINT('',(0.43619971853,-3.468056821524));
#4169 = CARTESIAN_POINT('',(0.380938873611,-3.53519612222));
#4170 = CARTESIAN_POINT('',(0.326468969039,-3.604822740227));
#4171 = CARTESIAN_POINT('',(0.272609790298,-3.676689120051));
#4172 = CARTESIAN_POINT('',(0.187567439384,-3.79425563188));
#4173 = CARTESIAN_POINT('',(0.156090197955,-3.838680311928));
#4174 = CARTESIAN_POINT('',(0.124739131254,-3.883736666767));
#4175 = CARTESIAN_POINT('',(9.348353220974E-02,-3.929363723126));
#4176 = CARTESIAN_POINT('',(6.229416264796E-02,-3.975496049111));
#4177 = CARTESIAN_POINT('',(3.114250266526E-02,-4.022062819176));
#4178 = CARTESIAN_POINT('',(0.,-4.068986879082));
#4179 = ( GEOMETRIC_REPRESENTATION_CONTEXT(2) 
PARAMETRIC_REPRESENTATION_CONTEXT() REPRESENTATION_CONTEXT('2D SPACE',''
  ) );
#4180 = PCURVE('',#3921,#4181);
#4181 = DEFINITIONAL_REPRESENTATION('',(#4182),#4203);
#4182 = B_SPLINE_CURVE_WITH_KNOTS('',7,(#4183,#4184,#4185,#4186,#4187,
    #4188,#4189,#4190,#4191,#4192,#4193,#4194,#4195,#4196,#4197,#4198,
    #4199,#4200,#4201,#4202),.UNSPECIFIED.,.F.,.F.,(8,6,6,8),(0.,
    0.349515052539,0.758015100336,1.),.UNSPECIFIED.);
#4183 = CARTESIAN_POINT('',(4.82656214933,11.422841957823));
#4184 = CARTESIAN_POINT('',(4.837043389497,11.819282259839));
#4185 = CARTESIAN_POINT('',(4.847318625451,12.218115690972));
#4186 = CARTESIAN_POINT('',(4.857423918604,12.618798436524));
#4187 = CARTESIAN_POINT('',(4.867374342113,13.021069882505));
#4188 = CARTESIAN_POINT('',(4.877181998085,13.424729008159));
#4189 = CARTESIAN_POINT('',(4.886853783697,13.829663938285));
#4190 = CARTESIAN_POINT('',(4.907545950593,14.710494046463));
#4191 = CARTESIAN_POINT('',(4.918517891132,15.186808341115));
#4192 = CARTESIAN_POINT('',(4.929317866684,15.664623226729));
#4193 = CARTESIAN_POINT('',(4.939947969679,16.143869236161));
#4194 = CARTESIAN_POINT('',(4.950407021001,16.624515091959));
#4195 = CARTESIAN_POINT('',(4.960691256818,17.106560228774));
#4196 = CARTESIAN_POINT('',(4.976778297567,17.876440802989));
#4197 = CARTESIAN_POINT('',(4.982699001651,18.163343268865));
#4198 = CARTESIAN_POINT('',(4.98855447544,18.450753706397));
#4199 = CARTESIAN_POINT('',(4.994342901973,18.738681202605));
#4200 = CARTESIAN_POINT('',(5.000062051717,19.02713787193));
#4201 = CARTESIAN_POINT('',(5.005709242996,19.316139201073));
#4202 = CARTESIAN_POINT('',(5.01128130243,19.605704393814));
#4203 = ( GEOMETRIC_REPRESENTATION_CONTEXT(2) 
PARAMETRIC_REPRESENTATION_CONTEXT() REPRESENTATION_CONTEXT('2D SPACE',''
  ) );
#4204 = ORIENTED_EDGE('',*,*,#4205,.F.);
#4205 = EDGE_CURVE('',#3617,#4132,#4206,.T.);
#4206 = SURFACE_CURVE('',#4207,(#4211,#4218),.PCURVE_S1.);
#4207 = LINE('',#4208,#4209);
#4208 = CARTESIAN_POINT('',(3.258149071461,-31.4,9.422841957823));
#4209 = VECTOR('',#4210,1.);
#4210 = DIRECTION('',(-0.,1.,-0.));
#4211 = PCURVE('',#3698,#4212);
#4212 = DEFINITIONAL_REPRESENTATION('',(#4213),#4217);
#4213 = LINE('',#4214,#4215);
#4214 = CARTESIAN_POINT('',(1.,0.));
#4215 = VECTOR('',#4216,1.);
#4216 = DIRECTION('',(0.,-1.));
#4217 = ( GEOMETRIC_REPRESENTATION_CONTEXT(2) 
PARAMETRIC_REPRESENTATION_CONTEXT() REPRESENTATION_CONTEXT('2D SPACE',''
  ) );
#4218 = PCURVE('',#3636,#4219);
#4219 = DEFINITIONAL_REPRESENTATION('',(#4220),#4224);
#4220 = LINE('',#4221,#4222);
#4221 = CARTESIAN_POINT('',(-0.,0.));
#4222 = VECTOR('',#4223,1.);
#4223 = DIRECTION('',(-0.,-1.));
#4224 = ( GEOMETRIC_REPRESENTATION_CONTEXT(2) 
PARAMETRIC_REPRESENTATION_CONTEXT() REPRESENTATION_CONTEXT('2D SPACE',''
  ) );
#4225 = ADVANCED_FACE('',(#4226),#3636,.T.);
#4226 = FACE_BOUND('',#4227,.F.);
#4227 = EDGE_LOOP('',(#4228,#4229,#4230,#4257));
#4228 = ORIENTED_EDGE('',*,*,#3616,.F.);
#4229 = ORIENTED_EDGE('',*,*,#4205,.T.);
#4230 = ORIENTED_EDGE('',*,*,#4231,.T.);
#4231 = EDGE_CURVE('',#4132,#4232,#4234,.T.);
#4232 = VERTEX_POINT('',#4233);
#4233 = CARTESIAN_POINT('',(2.833885002749,-28.45824830855,
    9.847106026534));
#4234 = SURFACE_CURVE('',#4235,(#4240,#4247),.PCURVE_S1.);
#4235 = ELLIPSE('',#4236,40.445093670308,28.599);
#4236 = AXIS2_PLACEMENT_3D('',#4237,#4238,#4239);
#4237 = CARTESIAN_POINT('',(0.,0.,12.680991029284));
#4238 = DIRECTION('',(-0.707106781187,0.,-0.707106781187));
#4239 = DIRECTION('',(-0.707106781187,0.,0.707106781187));
#4240 = PCURVE('',#3636,#4241);
#4241 = DEFINITIONAL_REPRESENTATION('',(#4242),#4246);
#4242 = ELLIPSE('',#4243,40.445093670308,28.599);
#4243 = AXIS2_PLACEMENT_2D('',#4244,#4245);
#4244 = CARTESIAN_POINT('',(-4.607718605094,-31.4));
#4245 = DIRECTION('',(-1.,0.));
#4246 = ( GEOMETRIC_REPRESENTATION_CONTEXT(2) 
PARAMETRIC_REPRESENTATION_CONTEXT() REPRESENTATION_CONTEXT('2D SPACE',''
  ) );
#4247 = PCURVE('',#3921,#4248);
#4248 = DEFINITIONAL_REPRESENTATION('',(#4249),#4256);
#4249 = B_SPLINE_CURVE_WITH_KNOTS('',5,(#4250,#4251,#4252,#4253,#4254,
    #4255),.UNSPECIFIED.,.F.,.F.,(6,6),(4.596722468511,4.614626466866),
  .PIECEWISE_BEZIER_KNOTS.);
#4250 = CARTESIAN_POINT('',(4.828055492259,11.380415550951));
#4251 = CARTESIAN_POINT('',(4.824474692588,11.482138563798));
#4252 = CARTESIAN_POINT('',(4.820893892917,11.583914477139));
#4253 = CARTESIAN_POINT('',(4.817313093245,11.685740573671));
#4254 = CARTESIAN_POINT('',(4.813732293574,11.787614133267));
#4255 = CARTESIAN_POINT('',(4.810151493903,11.889532433406));
#4256 = ( GEOMETRIC_REPRESENTATION_CONTEXT(2) 
PARAMETRIC_REPRESENTATION_CONTEXT() REPRESENTATION_CONTEXT('2D SPACE',''
  ) );
#4257 = ORIENTED_EDGE('',*,*,#4258,.F.);
#4258 = EDGE_CURVE('',#3508,#4232,#4259,.T.);
#4259 = SURFACE_CURVE('',#4260,(#4264,#4271),.PCURVE_S1.);
#4260 = LINE('',#4261,#4262);
#4261 = CARTESIAN_POINT('',(2.833885002749,-31.4,9.847106026534));
#4262 = VECTOR('',#4263,1.);
#4263 = DIRECTION('',(-0.,1.,-0.));
#4264 = PCURVE('',#3636,#4265);
#4265 = DEFINITIONAL_REPRESENTATION('',(#4266),#4270);
#4266 = LINE('',#4267,#4268);
#4267 = CARTESIAN_POINT('',(-0.6,0.));
#4268 = VECTOR('',#4269,1.);
#4269 = DIRECTION('',(-0.,-1.));
#4270 = ( GEOMETRIC_REPRESENTATION_CONTEXT(2) 
PARAMETRIC_REPRESENTATION_CONTEXT() REPRESENTATION_CONTEXT('2D SPACE',''
  ) );
#4271 = PCURVE('',#3577,#4272);
#4272 = DEFINITIONAL_REPRESENTATION('',(#4273),#4277);
#4273 = LINE('',#4274,#4275);
#4274 = CARTESIAN_POINT('',(0.,0.));
#4275 = VECTOR('',#4276,1.);
#4276 = DIRECTION('',(0.,-1.));
#4277 = ( GEOMETRIC_REPRESENTATION_CONTEXT(2) 
PARAMETRIC_REPRESENTATION_CONTEXT() REPRESENTATION_CONTEXT('2D SPACE',''
  ) );
#4278 = ADVANCED_FACE('',(#4279),#3577,.F.);
#4279 = FACE_BOUND('',#4280,.F.);
#4280 = EDGE_LOOP('',(#4281,#4282,#4283,#4387));
#4281 = ORIENTED_EDGE('',*,*,#3507,.F.);
#4282 = ORIENTED_EDGE('',*,*,#4258,.T.);
#4283 = ORIENTED_EDGE('',*,*,#4284,.T.);
#4284 = EDGE_CURVE('',#4232,#4285,#4287,.T.);
#4285 = VERTEX_POINT('',#4286);
#4286 = CARTESIAN_POINT('',(-3.638085979447,-28.36665527351,
    16.319077008731));
#4287 = SURFACE_CURVE('',#4288,(#4319,#4353),.PCURVE_S1.);
#4288 = B_SPLINE_CURVE_WITH_KNOTS('',8,(#4289,#4290,#4291,#4292,#4293,
    #4294,#4295,#4296,#4297,#4298,#4299,#4300,#4301,#4302,#4303,#4304,
    #4305,#4306,#4307,#4308,#4309,#4310,#4311,#4312,#4313,#4314,#4315,
    #4316,#4317,#4318),.UNSPECIFIED.,.F.,.F.,(9,7,7,7,9),(0.,
    0.121814241834,0.420427594722,0.655897669533,1.),.UNSPECIFIED.);
#4289 = CARTESIAN_POINT('',(2.833885002749,-28.45824830855,
    9.847106026534));
#4290 = CARTESIAN_POINT('',(2.864193739959,-28.45523015104,
    9.987445148058));
#4291 = CARTESIAN_POINT('',(2.890180776617,-28.45260510746,
    10.128267809161));
#4292 = CARTESIAN_POINT('',(2.911875031539,-28.45038883224,
    10.269489594985));
#4293 = CARTESIAN_POINT('',(2.92929970841,-28.44859373292,10.41102830987
    ));
#4294 = CARTESIAN_POINT('',(2.942472306532,-28.44722905537,
    10.552803942768));
#4295 = CARTESIAN_POINT('',(2.951404631576,-28.44630096895,
    10.694738632671));
#4296 = CARTESIAN_POINT('',(2.956102806326,-28.44581265171,
    10.836756634028));
#4297 = CARTESIAN_POINT('',(2.957705887758,-28.44564603224,
    11.326948434189));
#4298 = CARTESIAN_POINT('',(2.933402248727,-28.44817209702,
    11.675031759598));
#4299 = CARTESIAN_POINT('',(2.883694097895,-28.4533424381,
    12.022011339814));
#4300 = CARTESIAN_POINT('',(2.808374999537,-28.46105438529,
    12.36682613668));
#4301 = CARTESIAN_POINT('',(2.70701486803,-28.47109978881,
    12.708305865953));
#4302 = CARTESIAN_POINT('',(2.578982422466,-28.48315023168,
    13.045086668954));
#4303 = CARTESIAN_POINT('',(2.423469576531,-28.49673039596,
    13.375513582366));
#4304 = CARTESIAN_POINT('',(2.094463476071,-28.52257341673,
    13.951454098531));
#4305 = CARTESIAN_POINT('',(1.931635255383,-28.53451489431,
    14.200305878395));
#4306 = CARTESIAN_POINT('',(1.750536568919,-28.54667981424,
    14.443047851226));
#4307 = CARTESIAN_POINT('',(1.5506293875,-28.55867144384,14.678450205364
    ));
#4308 = CARTESIAN_POINT('',(1.331373000805,-28.57000394471,
    14.90505260592));
#4309 = CARTESIAN_POINT('',(1.092264232232,-28.58009119104,
    15.121124570574));
#4310 = CARTESIAN_POINT('',(0.832879053213,-28.58824097994,
    15.324624227294));
#4311 = CARTESIAN_POINT('',(0.14379321567,-28.60156583512,
    15.788664070192));
#4312 = CARTESIAN_POINT('',(-0.320639707573,-28.60385409677,
    16.039860340434));
#4313 = CARTESIAN_POINT('',(-0.832511837174,-28.5972073233,
    16.247325477098));
#4314 = CARTESIAN_POINT('',(-1.380490712976,-28.57837082048,
    16.396979195969));
#4315 = CARTESIAN_POINT('',(-1.950453281908,-28.5450495226,
    16.479960294161));
#4316 = CARTESIAN_POINT('',(-2.526907291616,-28.49705495199,
    16.492589131964));
#4317 = CARTESIAN_POINT('',(-3.094256268311,-28.43640263104,
    16.436526737807));
#4318 = CARTESIAN_POINT('',(-3.638085979447,-28.36665527351,
    16.319077008731));
#4319 = PCURVE('',#3577,#4320);
#4320 = DEFINITIONAL_REPRESENTATION('',(#4321),#4352);
#4321 = B_SPLINE_CURVE_WITH_KNOTS('',8,(#4322,#4323,#4324,#4325,#4326,
    #4327,#4328,#4329,#4330,#4331,#4332,#4333,#4334,#4335,#4336,#4337,
    #4338,#4339,#4340,#4341,#4342,#4343,#4344,#4345,#4346,#4347,#4348,
    #4349,#4350,#4351),.UNSPECIFIED.,.F.,.F.,(9,7,7,7,9),(0.,
    0.121814241834,0.420427594722,0.655897669533,1.),.UNSPECIFIED.);
#4322 = CARTESIAN_POINT('',(0.,-2.941751691448));
#4323 = CARTESIAN_POINT('',(2.636721629365E-02,-2.944769848957));
#4324 = CARTESIAN_POINT('',(5.26536886135E-02,-2.947394892536));
#4325 = CARTESIAN_POINT('',(7.887331377955E-02,-2.949611167758));
#4326 = CARTESIAN_POINT('',(0.10503945892,-2.951406267075));
#4327 = CARTESIAN_POINT('',(0.131165188441,-2.952770944624));
#4328 = CARTESIAN_POINT('',(0.157263490995,-2.953699031043));
#4329 = CARTESIAN_POINT('',(0.183347506453,-2.954187348284));
#4330 = CARTESIAN_POINT('',(0.273370777861,-2.954353967752));
#4331 = CARTESIAN_POINT('',(0.337280862635,-2.951827902978));
#4332 = CARTESIAN_POINT('',(0.401370677071,-2.9466575619));
#4333 = CARTESIAN_POINT('',(0.465843379491,-2.938945614702));
#4334 = CARTESIAN_POINT('',(0.530900574967,-2.928900211188));
#4335 = CARTESIAN_POINT('',(0.59674858269,-2.916849768314));
#4336 = CARTESIAN_POINT('',(0.663606012405,-2.903269604039));
#4337 = CARTESIAN_POINT('',(0.785417800289,-2.877426583262));
#4338 = CARTESIAN_POINT('',(0.839933270227,-2.865485105681));
#4339 = CARTESIAN_POINT('',(0.895374439694,-2.853320185752));
#4340 = CARTESIAN_POINT('',(0.951860862279,-2.84132855616));
#4341 = CARTESIAN_POINT('',(1.009515128889,-2.829996055281));
#4342 = CARTESIAN_POINT('',(1.06846550614,-2.81990880896));
#4343 = CARTESIAN_POINT('',(1.128852349441,-2.811759020059));
#4344 = CARTESIAN_POINT('',(1.281420955598,-2.798434164873));
#4345 = CARTESIAN_POINT('',(1.377935139405,-2.796145903221));
#4346 = CARTESIAN_POINT('',(1.478321452372,-2.802792676692));
#4347 = CARTESIAN_POINT('',(1.581169000644,-2.821629179512));
#4348 = CARTESIAN_POINT('',(1.685390465331,-2.854950477393));
#4349 = CARTESIAN_POINT('',(1.790004449004,-2.902945048003));
#4350 = CARTESIAN_POINT('',(1.894022541585,-2.96359736896));
#4351 = CARTESIAN_POINT('',(1.996198438547,-3.03334472649));
#4352 = ( GEOMETRIC_REPRESENTATION_CONTEXT(2) 
PARAMETRIC_REPRESENTATION_CONTEXT() REPRESENTATION_CONTEXT('2D SPACE',''
  ) );
#4353 = PCURVE('',#3921,#4354);
#4354 = DEFINITIONAL_REPRESENTATION('',(#4355),#4386);
#4355 = B_SPLINE_CURVE_WITH_KNOTS('',8,(#4356,#4357,#4358,#4359,#4360,
    #4361,#4362,#4363,#4364,#4365,#4366,#4367,#4368,#4369,#4370,#4371,
    #4372,#4373,#4374,#4375,#4376,#4377,#4378,#4379,#4380,#4381,#4382,
    #4383,#4384,#4385),.UNSPECIFIED.,.F.,.F.,(9,7,7,7,9),(0.,
    0.121814241834,0.420427594722,0.655897669533,1.),.UNSPECIFIED.);
#4356 = CARTESIAN_POINT('',(4.811642213688,11.847106026534));
#4357 = CARTESIAN_POINT('',(4.812707238383,11.987445148058));
#4358 = CARTESIAN_POINT('',(4.813620531141,12.128267809161));
#4359 = CARTESIAN_POINT('',(4.814383045416,12.269489594985));
#4360 = CARTESIAN_POINT('',(4.814995545482,12.41102830987));
#4361 = CARTESIAN_POINT('',(4.815458607179,12.552803942768));
#4362 = CARTESIAN_POINT('',(4.815772618654,12.694738632671));
#4363 = CARTESIAN_POINT('',(4.815937781111,12.836756634028));
#4364 = CARTESIAN_POINT('',(4.815994136828,13.326948434189));
#4365 = CARTESIAN_POINT('',(4.815139749701,13.675031759598));
#4366 = CARTESIAN_POINT('',(4.813392269373,14.022011339814));
#4367 = CARTESIAN_POINT('',(4.810744874552,14.36682613668));
#4368 = CARTESIAN_POINT('',(4.80718336451,14.708305865953));
#4369 = CARTESIAN_POINT('',(4.802686897844,15.045086668954));
#4370 = CARTESIAN_POINT('',(4.797228706954,15.375513582366));
#4371 = CARTESIAN_POINT('',(4.785689159827,15.951454098531));
#4372 = CARTESIAN_POINT('',(4.779980452481,16.200305878395));
#4373 = CARTESIAN_POINT('',(4.773634044474,16.443047851226));
#4374 = CARTESIAN_POINT('',(4.766631860263,16.678450205364));
#4375 = CARTESIAN_POINT('',(4.758955647488,16.90505260592));
#4376 = CARTESIAN_POINT('',(4.750588221653,17.121124570574));
#4377 = CARTESIAN_POINT('',(4.741514678515,17.324624227294));
#4378 = CARTESIAN_POINT('',(4.717415421307,17.788664070192));
#4379 = CARTESIAN_POINT('',(4.701177432549,18.039860340434));
#4380 = CARTESIAN_POINT('',(4.683282531911,18.247325477098));
#4381 = CARTESIAN_POINT('',(4.664119692186,18.396979195969));
#4382 = CARTESIAN_POINT('',(4.644168170353,18.479960294161));
#4383 = CARTESIAN_POINT('',(4.623951235659,18.492589131964));
#4384 = CARTESIAN_POINT('',(4.604004553533,18.436526737807));
#4385 = CARTESIAN_POINT('',(4.584833110658,18.319077008731));
#4386 = ( GEOMETRIC_REPRESENTATION_CONTEXT(2) 
PARAMETRIC_REPRESENTATION_CONTEXT() REPRESENTATION_CONTEXT('2D SPACE',''
  ) );
#4387 = ORIENTED_EDGE('',*,*,#4388,.F.);
#4388 = EDGE_CURVE('',#3476,#4285,#4389,.T.);
#4389 = SURFACE_CURVE('',#4390,(#4394,#4401),.PCURVE_S1.);
#4390 = LINE('',#4391,#4392);
#4391 = CARTESIAN_POINT('',(-3.638085979447,-31.4,16.319077008731));
#4392 = VECTOR('',#4393,1.);
#4393 = DIRECTION('',(-0.,1.,-0.));
#4394 = PCURVE('',#3577,#4395);
#4395 = DEFINITIONAL_REPRESENTATION('',(#4396),#4400);
#4396 = LINE('',#4397,#4398);
#4397 = CARTESIAN_POINT('',(1.996198438547,0.));
#4398 = VECTOR('',#4399,1.);
#4399 = DIRECTION('',(0.,-1.));
#4400 = ( GEOMETRIC_REPRESENTATION_CONTEXT(2) 
PARAMETRIC_REPRESENTATION_CONTEXT() REPRESENTATION_CONTEXT('2D SPACE',''
  ) );
#4401 = PCURVE('',#3495,#4402);
#4402 = DEFINITIONAL_REPRESENTATION('',(#4403),#4407);
#4403 = LINE('',#4404,#4405);
#4404 = CARTESIAN_POINT('',(-0.,0.));
#4405 = VECTOR('',#4406,1.);
#4406 = DIRECTION('',(-0.,-1.));
#4407 = ( GEOMETRIC_REPRESENTATION_CONTEXT(2) 
PARAMETRIC_REPRESENTATION_CONTEXT() REPRESENTATION_CONTEXT('2D SPACE',''
  ) );
#4408 = ADVANCED_FACE('',(#4409),#3495,.T.);
#4409 = FACE_BOUND('',#4410,.F.);
#4410 = EDGE_LOOP('',(#4411,#4412,#4413,#4440));
#4411 = ORIENTED_EDGE('',*,*,#3475,.F.);
#4412 = ORIENTED_EDGE('',*,*,#4388,.T.);
#4413 = ORIENTED_EDGE('',*,*,#4414,.T.);
#4414 = EDGE_CURVE('',#4285,#4415,#4417,.T.);
#4415 = VERTEX_POINT('',#4416);
#4416 = CARTESIAN_POINT('',(-4.062350048159,-28.30901116404,
    16.743341077443));
#4417 = SURFACE_CURVE('',#4418,(#4423,#4430),.PCURVE_S1.);
#4418 = ELLIPSE('',#4419,40.445093670308,28.599);
#4419 = AXIS2_PLACEMENT_3D('',#4420,#4421,#4422);
#4420 = CARTESIAN_POINT('',(0.,0.,12.680991029284));
#4421 = DIRECTION('',(-0.707106781187,0.,-0.707106781187));
#4422 = DIRECTION('',(-0.707106781187,0.,0.707106781187));
#4423 = PCURVE('',#3495,#4424);
#4424 = DEFINITIONAL_REPRESENTATION('',(#4425),#4429);
#4425 = ELLIPSE('',#4426,40.445093670308,28.599);
#4426 = AXIS2_PLACEMENT_2D('',#4427,#4428);
#4427 = CARTESIAN_POINT('',(5.145030533214,-31.4));
#4428 = DIRECTION('',(-1.,0.));
#4429 = ( GEOMETRIC_REPRESENTATION_CONTEXT(2) 
PARAMETRIC_REPRESENTATION_CONTEXT() REPRESENTATION_CONTEXT('2D SPACE',''
  ) );
#4430 = PCURVE('',#3921,#4431);
#4431 = DEFINITIONAL_REPRESENTATION('',(#4432),#4439);
#4432 = B_SPLINE_CURVE_WITH_KNOTS('',5,(#4433,#4434,#4435,#4436,#4437,
    #4438),.UNSPECIFIED.,.F.,.F.,(6,6),(4.838449349357,4.856415069494),
  .PIECEWISE_BEZIER_KNOTS.);
#4433 = CARTESIAN_POINT('',(4.586328611412,18.27665060186));
#4434 = CARTESIAN_POINT('',(4.582735467385,18.378595515279));
#4435 = CARTESIAN_POINT('',(4.579142323358,18.480482400668));
#4436 = CARTESIAN_POINT('',(4.57554917933,18.582308515988));
#4437 = CARTESIAN_POINT('',(4.571956035303,18.684071122321));
#4438 = CARTESIAN_POINT('',(4.568362891276,18.785767484314));
#4439 = ( GEOMETRIC_REPRESENTATION_CONTEXT(2) 
PARAMETRIC_REPRESENTATION_CONTEXT() REPRESENTATION_CONTEXT('2D SPACE',''
  ) );
#4440 = ORIENTED_EDGE('',*,*,#4441,.F.);
#4441 = EDGE_CURVE('',#3394,#4415,#4442,.T.);
#4442 = SURFACE_CURVE('',#4443,(#4447,#4454),.PCURVE_S1.);
#4443 = LINE('',#4444,#4445);
#4444 = CARTESIAN_POINT('',(-4.062350048159,-31.4,16.743341077443));
#4445 = VECTOR('',#4446,1.);
#4446 = DIRECTION('',(-0.,1.,-0.));
#4447 = PCURVE('',#3495,#4448);
#4448 = DEFINITIONAL_REPRESENTATION('',(#4449),#4453);
#4449 = LINE('',#4450,#4451);
#4450 = CARTESIAN_POINT('',(-0.6,0.));
#4451 = VECTOR('',#4452,1.);
#4452 = DIRECTION('',(-0.,-1.));
#4453 = ( GEOMETRIC_REPRESENTATION_CONTEXT(2) 
PARAMETRIC_REPRESENTATION_CONTEXT() REPRESENTATION_CONTEXT('2D SPACE',''
  ) );
#4454 = PCURVE('',#3443,#4455);
#4455 = DEFINITIONAL_REPRESENTATION('',(#4456),#4460);
#4456 = LINE('',#4457,#4458);
#4457 = CARTESIAN_POINT('',(0.,0.));
#4458 = VECTOR('',#4459,1.);
#4459 = DIRECTION('',(0.,-1.));
#4460 = ( GEOMETRIC_REPRESENTATION_CONTEXT(2) 
PARAMETRIC_REPRESENTATION_CONTEXT() REPRESENTATION_CONTEXT('2D SPACE',''
  ) );
#4461 = ADVANCED_FACE('',(#4462),#3443,.F.);
#4462 = FACE_BOUND('',#4463,.F.);
#4463 = EDGE_LOOP('',(#4464,#4465,#4466,#4540));
#4464 = ORIENTED_EDGE('',*,*,#3393,.T.);
#4465 = ORIENTED_EDGE('',*,*,#4441,.T.);
#4466 = ORIENTED_EDGE('',*,*,#4467,.F.);
#4467 = EDGE_CURVE('',#4468,#4415,#4470,.T.);
#4468 = VERTEX_POINT('',#4469);
#4469 = CARTESIAN_POINT('',(4.120512387832,-28.30060385683,
    21.906505608039));
#4470 = SURFACE_CURVE('',#4471,(#4492,#4516),.PCURVE_S1.);
#4471 = B_SPLINE_CURVE_WITH_KNOTS('',7,(#4472,#4473,#4474,#4475,#4476,
    #4477,#4478,#4479,#4480,#4481,#4482,#4483,#4484,#4485,#4486,#4487,
    #4488,#4489,#4490,#4491),.UNSPECIFIED.,.F.,.F.,(8,6,6,8),(0.,
    0.452898023285,0.871513328996,1.),.UNSPECIFIED.);
#4472 = CARTESIAN_POINT('',(4.120512387832,-28.30060385683,
    21.906505608039));
#4473 = CARTESIAN_POINT('',(3.555696894727,-28.3828398843,21.60945413131
    ));
#4474 = CARTESIAN_POINT('',(2.995093746381,-28.45103277606,
    21.304516284662));
#4475 = CARTESIAN_POINT('',(2.438955660547,-28.50566949667,
    20.992625678655));
#4476 = CARTESIAN_POINT('',(1.887569748567,-28.54721198881,
    20.67455144952));
#4477 = CARTESIAN_POINT('',(1.341224655332,-28.57611147533,
    20.350931030691));
#4478 = CARTESIAN_POINT('',(0.800204035237,-28.59281640108,
    20.022279329477));
#4479 = CARTESIAN_POINT('',(-0.230063668965,-28.60235635495,
    19.380899254577));
#4480 = CARTESIAN_POINT('',(-0.720102249766,-28.59690232279,
    19.068866104532));
#4481 = CARTESIAN_POINT('',(-1.205065687192,-28.58176797305,
    18.753177998597));
#4482 = CARTESIAN_POINT('',(-1.684662509525,-28.55730878748,
    18.434068928998));
#4483 = CARTESIAN_POINT('',(-2.158521072074,-28.52389933708,
    18.111683245758));
#4484 = CARTESIAN_POINT('',(-2.626196865768,-28.48193632724,
    17.786080163556));
#4485 = CARTESIAN_POINT('',(-3.228384024912,-28.41655457543,
    17.356115828472));
#4486 = CARTESIAN_POINT('',(-3.36915526222,-28.40044012432,
    17.254820805638));
#4487 = CARTESIAN_POINT('',(-3.509252653639,-28.38358039136,
    17.153202984078));
#4488 = CARTESIAN_POINT('',(-3.648651839318,-28.36599046539,
    17.051256166162));
#4489 = CARTESIAN_POINT('',(-3.787324526366,-28.34768665077,
    16.948971890326));
#4490 = CARTESIAN_POINT('',(-3.925237235575,-28.32868688629,
    16.846338644152));
#4491 = CARTESIAN_POINT('',(-4.062350048159,-28.30901116404,
    16.743341077443));
#4492 = PCURVE('',#3443,#4493);
#4493 = DEFINITIONAL_REPRESENTATION('',(#4494),#4515);
#4494 = B_SPLINE_CURVE_WITH_KNOTS('',7,(#4495,#4496,#4497,#4498,#4499,
    #4500,#4501,#4502,#4503,#4504,#4505,#4506,#4507,#4508,#4509,#4510,
    #4511,#4512,#4513,#4514),.UNSPECIFIED.,.F.,.F.,(8,6,6,8),(0.,
    0.452898023285,0.871513328996,1.),.UNSPECIFIED.);
#4495 = CARTESIAN_POINT('',(1.,-3.099396143161));
#4496 = CARTESIAN_POINT('',(0.939254549786,-3.017160115692));
#4497 = CARTESIAN_POINT('',(0.878696383172,-2.948967223934));
#4498 = CARTESIAN_POINT('',(0.818160661288,-2.89433050333));
#4499 = CARTESIAN_POINT('',(0.75748493896,-2.852788011188));
#4500 = CARTESIAN_POINT('',(0.696498386547,-2.823888524665));
#4501 = CARTESIAN_POINT('',(0.635002272526,-2.807183598915));
#4502 = CARTESIAN_POINT('',(0.515194037346,-2.797643645047));
#4503 = CARTESIAN_POINT('',(0.45699655412,-2.803097677204));
#4504 = CARTESIAN_POINT('',(0.397946823007,-2.818232026942));
#4505 = CARTESIAN_POINT('',(0.337810395267,-2.842691212519));
#4506 = CARTESIAN_POINT('',(0.276273771847,-2.876100662916));
#4507 = CARTESIAN_POINT('',(0.212947467571,-2.918063672754));
#4508 = CARTESIAN_POINT('',(0.12693532566,-2.983445424561));
#4509 = CARTESIAN_POINT('',(0.106501392211,-2.999559875674));
#4510 = CARTESIAN_POINT('',(8.58131007304E-02,-3.016419608631));
#4511 = CARTESIAN_POINT('',(6.484778042776E-02,-3.034009534608));
#4512 = CARTESIAN_POINT('',(4.357909755965E-02,-3.05231334923));
#4513 = CARTESIAN_POINT('',(2.197572303118E-02,-3.071313113703));
#4514 = CARTESIAN_POINT('',(0.,-3.090988835952));
#4515 = ( GEOMETRIC_REPRESENTATION_CONTEXT(2) 
PARAMETRIC_REPRESENTATION_CONTEXT() REPRESENTATION_CONTEXT('2D SPACE',''
  ) );
#4516 = PCURVE('',#3921,#4517);
#4517 = DEFINITIONAL_REPRESENTATION('',(#4518),#4539);
#4518 = B_SPLINE_CURVE_WITH_KNOTS('',7,(#4519,#4520,#4521,#4522,#4523,
    #4524,#4525,#4526,#4527,#4528,#4529,#4530,#4531,#4532,#4533,#4534,
    #4535,#4536,#4537,#4538),.UNSPECIFIED.,.F.,.F.,(8,6,6,8),(0.,
    0.452898023285,0.871513328996,1.),.UNSPECIFIED.);
#4519 = CARTESIAN_POINT('',(4.856971075181,23.906505608039));
#4520 = CARTESIAN_POINT('',(4.8370133564,23.60945413131));
#4521 = CARTESIAN_POINT('',(4.817272138428,23.304516284662));
#4522 = CARTESIAN_POINT('',(4.797740729987,22.992625678655));
#4523 = CARTESIAN_POINT('',(4.778415016975,22.67455144952));
#4524 = CARTESIAN_POINT('',(4.759292120062,22.350931030691));
#4525 = CARTESIAN_POINT('',(4.740370055656,22.022279329477));
#4526 = CARTESIAN_POINT('',(4.704343905381,21.380899254577));
#4527 = CARTESIAN_POINT('',(4.687211590171,21.068866104532));
#4528 = CARTESIAN_POINT('',(4.670251398725,20.753177998597));
#4529 = CARTESIAN_POINT('',(4.653465693575,20.434068928998));
#4530 = CARTESIAN_POINT('',(4.636860390271,20.111683245758));
#4531 = CARTESIAN_POINT('',(4.620444681932,19.786080163556));
#4532 = CARTESIAN_POINT('',(4.599264705956,19.356115828472));
#4533 = CARTESIAN_POINT('',(4.594310401149,19.254820805638));
#4534 = CARTESIAN_POINT('',(4.589376506767,19.153202984078));
#4535 = CARTESIAN_POINT('',(4.584463732594,19.051256166162));
#4536 = CARTESIAN_POINT('',(4.579572937529,18.948971890326));
#4537 = CARTESIAN_POINT('',(4.574705175626,18.846338644152));
#4538 = CARTESIAN_POINT('',(4.569861742142,18.743341077443));
#4539 = ( GEOMETRIC_REPRESENTATION_CONTEXT(2) 
PARAMETRIC_REPRESENTATION_CONTEXT() REPRESENTATION_CONTEXT('2D SPACE',''
  ) );
#4540 = ORIENTED_EDGE('',*,*,#4541,.F.);
#4541 = EDGE_CURVE('',#3318,#4468,#4542,.T.);
#4542 = SURFACE_CURVE('',#4543,(#4547,#4554),.PCURVE_S1.);
#4543 = LINE('',#4544,#4545);
#4544 = CARTESIAN_POINT('',(4.120512387832,-31.4,21.906505608039));
#4545 = VECTOR('',#4546,1.);
#4546 = DIRECTION('',(-0.,1.,-0.));
#4547 = PCURVE('',#3443,#4548);
#4548 = DEFINITIONAL_REPRESENTATION('',(#4549),#4553);
#4549 = LINE('',#4550,#4551);
#4550 = CARTESIAN_POINT('',(1.,0.));
#4551 = VECTOR('',#4552,1.);
#4552 = DIRECTION('',(0.,-1.));
#4553 = ( GEOMETRIC_REPRESENTATION_CONTEXT(2) 
PARAMETRIC_REPRESENTATION_CONTEXT() REPRESENTATION_CONTEXT('2D SPACE',''
  ) );
#4554 = PCURVE('',#3363,#4555);
#4555 = DEFINITIONAL_REPRESENTATION('',(#4556),#4560);
#4556 = LINE('',#4557,#4558);
#4557 = CARTESIAN_POINT('',(0.,0.));
#4558 = VECTOR('',#4559,1.);
#4559 = DIRECTION('',(0.,-1.));
#4560 = ( GEOMETRIC_REPRESENTATION_CONTEXT(2) 
PARAMETRIC_REPRESENTATION_CONTEXT() REPRESENTATION_CONTEXT('2D SPACE',''
  ) );
#4561 = ADVANCED_FACE('',(#4562),#3363,.F.);
#4562 = FACE_BOUND('',#4563,.F.);
#4563 = EDGE_LOOP('',(#4564,#4565,#4566,#4634));
#4564 = ORIENTED_EDGE('',*,*,#3317,.T.);
#4565 = ORIENTED_EDGE('',*,*,#4541,.T.);
#4566 = ORIENTED_EDGE('',*,*,#4567,.F.);
#4567 = EDGE_CURVE('',#4568,#4468,#4570,.T.);
#4568 = VERTEX_POINT('',#4569);
#4569 = CARTESIAN_POINT('',(8.366592009636,-27.3478141566,
    23.859466172963));
#4570 = SURFACE_CURVE('',#4571,(#4590,#4612),.PCURVE_S1.);
#4571 = B_SPLINE_CURVE_WITH_KNOTS('',5,(#4572,#4573,#4574,#4575,#4576,
    #4577,#4578,#4579,#4580,#4581,#4582,#4583,#4584,#4585,#4586,#4587,
    #4588,#4589),.UNSPECIFIED.,.F.,.F.,(6,4,4,4,6),(0.,0.234789085211,
    0.479731139489,0.735360409551,1.),.UNSPECIFIED.);
#4572 = CARTESIAN_POINT('',(8.366592009636,-27.3478141566,
    23.859466172963));
#4573 = CARTESIAN_POINT('',(8.163813447235,-27.40985075997,
    23.783209705272));
#4574 = CARTESIAN_POINT('',(7.961391341445,-27.46972295491,
    23.704496161954));
#4575 = CARTESIAN_POINT('',(7.759345670187,-27.52746237165,
    23.623525741853));
#4576 = CARTESIAN_POINT('',(7.557691805466,-27.58310115277,
    23.540469411957));
#4577 = CARTESIAN_POINT('',(7.146477900321,-27.69255966073,
    23.366805784891));
#4578 = CARTESIAN_POINT('',(6.936954099484,-27.74619638458,
    23.276028041093));
#4579 = CARTESIAN_POINT('',(6.727873844798,-27.79761925145,
    23.183309365435));
#4580 = CARTESIAN_POINT('',(6.519242403383,-27.84686404915,
    23.088796106819));
#4581 = CARTESIAN_POINT('',(6.093797031757,-27.94312185277,
    22.892234622704));
#4582 = CARTESIAN_POINT('',(5.877023821306,-27.98994358913,
    22.790038461704));
#4583 = CARTESIAN_POINT('',(5.660743922991,-28.03446979961,
    22.686168197787));
#4584 = CARTESIAN_POINT('',(5.444957702799,-28.07673755383,
    22.580749880835));
#4585 = CARTESIAN_POINT('',(5.006781084121,-28.15823750536,
    22.363268839227));
#4586 = CARTESIAN_POINT('',(4.784426361901,-28.19731013957,
    22.251103583177));
#4587 = CARTESIAN_POINT('',(4.562598155177,-28.23403839482,
    22.137518232046));
#4588 = CARTESIAN_POINT('',(4.341294409654,-28.26845842769,
    22.02262074018));
#4589 = CARTESIAN_POINT('',(4.120512387832,-28.30060385683,
    21.906505608039));
#4590 = PCURVE('',#3363,#4591);
#4591 = DEFINITIONAL_REPRESENTATION('',(#4592),#4611);
#4592 = B_SPLINE_CURVE_WITH_KNOTS('',5,(#4593,#4594,#4595,#4596,#4597,
    #4598,#4599,#4600,#4601,#4602,#4603,#4604,#4605,#4606,#4607,#4608,
    #4609,#4610),.UNSPECIFIED.,.F.,.F.,(6,4,4,4,6),(0.,0.234789085211,
    0.479731139489,0.735360409551,1.),.UNSPECIFIED.);
#4593 = CARTESIAN_POINT('',(1.,-4.052185843393));
#4594 = CARTESIAN_POINT('',(0.948549976728,-3.990149240022));
#4595 = CARTESIAN_POINT('',(0.897758348862,-3.93027704509));
#4596 = CARTESIAN_POINT('',(0.847586696894,-3.872537628342));
#4597 = CARTESIAN_POINT('',(0.798001649701,-3.816898847228));
#4598 = CARTESIAN_POINT('',(0.697822166205,-3.707440339264));
#4599 = CARTESIAN_POINT('',(0.647276982337,-3.653803615414));
#4600 = CARTESIAN_POINT('',(0.597301733799,-3.602380748547));
#4601 = CARTESIAN_POINT('',(0.547865181575,-3.553135950847));
#4602 = CARTESIAN_POINT('',(0.44787924125,-3.456878147228));
#4603 = CARTESIAN_POINT('',(0.397375397599,-3.410056410861));
#4604 = CARTESIAN_POINT('',(0.347396502812,-3.365530200381));
#4605 = CARTESIAN_POINT('',(0.297914228412,-3.323262446166));
#4606 = CARTESIAN_POINT('',(0.198165152355,-3.241762494632));
#4607 = CARTESIAN_POINT('',(0.147932141305,-3.202689860424));
#4608 = CARTESIAN_POINT('',(9.817653529591E-02,-3.165961605174));
#4609 = CARTESIAN_POINT('',(4.88732509759E-02,-3.131541572302));
#4610 = CARTESIAN_POINT('',(0.,-3.099396143161));
#4611 = ( GEOMETRIC_REPRESENTATION_CONTEXT(2) 
PARAMETRIC_REPRESENTATION_CONTEXT() REPRESENTATION_CONTEXT('2D SPACE',''
  ) );
#4612 = PCURVE('',#3921,#4613);
#4613 = DEFINITIONAL_REPRESENTATION('',(#4614),#4633);
#4614 = B_SPLINE_CURVE_WITH_KNOTS('',5,(#4615,#4616,#4617,#4618,#4619,
    #4620,#4621,#4622,#4623,#4624,#4625,#4626,#4627,#4628,#4629,#4630,
    #4631,#4632),.UNSPECIFIED.,.F.,.F.,(6,4,4,4,6),(0.,0.234789085211,
    0.479731139489,0.735360409551,1.),.UNSPECIFIED.);
#4615 = CARTESIAN_POINT('',(5.009279738868,25.859466172963));
#4616 = CARTESIAN_POINT('',(5.001864939234,25.783209705272));
#4617 = CARTESIAN_POINT('',(4.994484198712,25.704496161954));
#4618 = CARTESIAN_POINT('',(4.987137012357,25.623525741853));
#4619 = CARTESIAN_POINT('',(4.979822763167,25.540469411957));
#4620 = CARTESIAN_POINT('',(4.96494347874,25.366805784891));
#4621 = CARTESIAN_POINT('',(4.957381313554,25.276028041093));
#4622 = CARTESIAN_POINT('',(4.949853135498,25.183309365435));
#4623 = CARTESIAN_POINT('',(4.942357934985,25.088796106819));
#4624 = CARTESIAN_POINT('',(4.927105697966,24.892234622704));
#4625 = CARTESIAN_POINT('',(4.919351525098,24.790038461704));
#4626 = CARTESIAN_POINT('',(4.911630906019,24.686168197787));
#4627 = CARTESIAN_POINT('',(4.903942632273,24.580749880835));
#4628 = CARTESIAN_POINT('',(4.888358465428,24.363268839227));
#4629 = CARTESIAN_POINT('',(4.880464817933,24.251103583177));
#4630 = CARTESIAN_POINT('',(4.872603224167,24.137518232046));
#4631 = CARTESIAN_POINT('',(4.864772393589,24.02262074018));
#4632 = CARTESIAN_POINT('',(4.856971075181,23.906505608039));
#4633 = ( GEOMETRIC_REPRESENTATION_CONTEXT(2) 
PARAMETRIC_REPRESENTATION_CONTEXT() REPRESENTATION_CONTEXT('2D SPACE',''
  ) );
#4634 = ORIENTED_EDGE('',*,*,#4635,.F.);
#4635 = EDGE_CURVE('',#3260,#4568,#4636,.T.);
#4636 = SURFACE_CURVE('',#4637,(#4641,#4648),.PCURVE_S1.);
#4637 = LINE('',#4638,#4639);
#4638 = CARTESIAN_POINT('',(8.366592009636,-31.4,23.859466172963));
#4639 = VECTOR('',#4640,1.);
#4640 = DIRECTION('',(-0.,1.,-0.));
#4641 = PCURVE('',#3363,#4642);
#4642 = DEFINITIONAL_REPRESENTATION('',(#4643),#4647);
#4643 = LINE('',#4644,#4645);
#4644 = CARTESIAN_POINT('',(1.,0.));
#4645 = VECTOR('',#4646,1.);
#4646 = DIRECTION('',(0.,-1.));
#4647 = ( GEOMETRIC_REPRESENTATION_CONTEXT(2) 
PARAMETRIC_REPRESENTATION_CONTEXT() REPRESENTATION_CONTEXT('2D SPACE',''
  ) );
#4648 = PCURVE('',#3293,#4649);
#4649 = DEFINITIONAL_REPRESENTATION('',(#4650),#4654);
#4650 = LINE('',#4651,#4652);
#4651 = CARTESIAN_POINT('',(0.,0.));
#4652 = VECTOR('',#4653,1.);
#4653 = DIRECTION('',(0.,-1.));
#4654 = ( GEOMETRIC_REPRESENTATION_CONTEXT(2) 
PARAMETRIC_REPRESENTATION_CONTEXT() REPRESENTATION_CONTEXT('2D SPACE',''
  ) );
#4655 = ADVANCED_FACE('',(#4656),#3293,.F.);
#4656 = FACE_BOUND('',#4657,.F.);
#4657 = EDGE_LOOP('',(#4658,#4659,#4660,#4710));
#4658 = ORIENTED_EDGE('',*,*,#3259,.T.);
#4659 = ORIENTED_EDGE('',*,*,#4635,.T.);
#4660 = ORIENTED_EDGE('',*,*,#4661,.F.);
#4661 = EDGE_CURVE('',#4662,#4568,#4664,.T.);
#4662 = VERTEX_POINT('',#4663);
#4663 = CARTESIAN_POINT('',(10.223299071561,-26.70930469131,
    24.428470488454));
#4664 = SURFACE_CURVE('',#4665,(#4678,#4694),.PCURVE_S1.);
#4665 = B_SPLINE_CURVE_WITH_KNOTS('',6,(#4666,#4667,#4668,#4669,#4670,
    #4671,#4672,#4673,#4674,#4675,#4676,#4677),.UNSPECIFIED.,.F.,.F.,(7,
    5,7),(0.,0.377256300795,1.),.UNSPECIFIED.);
#4666 = CARTESIAN_POINT('',(10.223299071561,-26.70930469131,
    24.428470488454));
#4667 = CARTESIAN_POINT('',(10.106191411615,-26.7541290192,
    24.404801633108));
#4668 = CARTESIAN_POINT('',(9.989004917163,-26.79827710156,
    24.378400533395));
#4669 = CARTESIAN_POINT('',(9.871817360261,-26.84172270118,
    24.34963312121));
#4670 = CARTESIAN_POINT('',(9.754684177637,-26.88445114246,
    24.318790990875));
#4671 = CARTESIAN_POINT('',(9.637635972137,-26.92645833535,
    24.286109367818));
#4672 = CARTESIAN_POINT('',(9.327608127057,-27.03591035453,
    24.195125359097));
#4673 = CARTESIAN_POINT('',(9.134811911707,-27.10210961976,
    24.133998136409));
#4674 = CARTESIAN_POINT('',(8.942314468832,-27.16636903161,
    24.069286806846));
#4675 = CARTESIAN_POINT('',(8.75013447492,-27.228713287,24.00162658179)
  );
#4676 = CARTESIAN_POINT('',(8.55824984625,-27.28917974746,
    23.931540604562));
#4677 = CARTESIAN_POINT('',(8.366592009636,-27.3478141566,
    23.859466172963));
#4678 = PCURVE('',#3293,#4679);
#4679 = DEFINITIONAL_REPRESENTATION('',(#4680),#4693);
#4680 = B_SPLINE_CURVE_WITH_KNOTS('',6,(#4681,#4682,#4683,#4684,#4685,
    #4686,#4687,#4688,#4689,#4690,#4691,#4692),.UNSPECIFIED.,.F.,.F.,(7,
    5,7),(0.,0.377256300795,1.),.UNSPECIFIED.);
#4681 = CARTESIAN_POINT('',(1.,-4.690695308686));
#4682 = CARTESIAN_POINT('',(0.932200220121,-4.645870980797));
#4683 = CARTESIAN_POINT('',(0.865567200815,-4.601722898432));
#4684 = CARTESIAN_POINT('',(0.799950966962,-4.558277298813));
#4685 = CARTESIAN_POINT('',(0.735226030567,-4.515548857533));
#4686 = CARTESIAN_POINT('',(0.671279305963,-4.47354166465));
#4687 = CARTESIAN_POINT('',(0.503538486736,-4.364089645466));
#4688 = CARTESIAN_POINT('',(0.400909379059,-4.297890380238));
#4689 = CARTESIAN_POINT('',(0.299613469778,-4.233630968382));
#4690 = CARTESIAN_POINT('',(0.199271240245,-4.171286712999));
#4691 = CARTESIAN_POINT('',(9.952324816052E-02,-4.110820252536));
#4692 = CARTESIAN_POINT('',(0.,-4.052185843393));
#4693 = ( GEOMETRIC_REPRESENTATION_CONTEXT(2) 
PARAMETRIC_REPRESENTATION_CONTEXT() REPRESENTATION_CONTEXT('2D SPACE',''
  ) );
#4694 = PCURVE('',#3921,#4695);
#4695 = DEFINITIONAL_REPRESENTATION('',(#4696),#4709);
#4696 = B_SPLINE_CURVE_WITH_KNOTS('',6,(#4697,#4698,#4699,#4700,#4701,
    #4702,#4703,#4704,#4705,#4706,#4707,#4708),.UNSPECIFIED.,.F.,.F.,(7,
    5,7),(0.,0.377256300795,1.),.UNSPECIFIED.);
#4697 = CARTESIAN_POINT('',(5.077947010929,26.428470488454));
#4698 = CARTESIAN_POINT('',(5.073562484214,26.404801633108));
#4699 = CARTESIAN_POINT('',(5.069183835835,26.378400533395));
#4700 = CARTESIAN_POINT('',(5.064813781373,26.34963312121));
#4701 = CARTESIAN_POINT('',(5.060454165613,26.318790990875));
#4702 = CARTESIAN_POINT('',(5.05610589385,26.286109367818));
#4703 = CARTESIAN_POINT('',(5.044609649359,26.195125359097));
#4704 = CARTESIAN_POINT('',(5.037482223141,26.133998136409));
#4705 = CARTESIAN_POINT('',(5.030386568182,26.069286806846));
#4706 = CARTESIAN_POINT('',(5.023322381164,26.00162658179));
#4707 = CARTESIAN_POINT('',(5.016287898113,25.931540604562));
#4708 = CARTESIAN_POINT('',(5.009279738868,25.859466172963));
#4709 = ( GEOMETRIC_REPRESENTATION_CONTEXT(2) 
PARAMETRIC_REPRESENTATION_CONTEXT() REPRESENTATION_CONTEXT('2D SPACE',''
  ) );
#4710 = ORIENTED_EDGE('',*,*,#4711,.F.);
#4711 = EDGE_CURVE('',#3184,#4662,#4712,.T.);
#4712 = SURFACE_CURVE('',#4713,(#4717,#4724),.PCURVE_S1.);
#4713 = LINE('',#4714,#4715);
#4714 = CARTESIAN_POINT('',(10.223299071561,-31.4,24.428470488454));
#4715 = VECTOR('',#4716,1.);
#4716 = DIRECTION('',(-0.,1.,-0.));
#4717 = PCURVE('',#3293,#4718);
#4718 = DEFINITIONAL_REPRESENTATION('',(#4719),#4723);
#4719 = LINE('',#4720,#4721);
#4720 = CARTESIAN_POINT('',(1.,0.));
#4721 = VECTOR('',#4722,1.);
#4722 = DIRECTION('',(0.,-1.));
#4723 = ( GEOMETRIC_REPRESENTATION_CONTEXT(2) 
PARAMETRIC_REPRESENTATION_CONTEXT() REPRESENTATION_CONTEXT('2D SPACE',''
  ) );
#4724 = PCURVE('',#3229,#4725);
#4725 = DEFINITIONAL_REPRESENTATION('',(#4726),#4730);
#4726 = LINE('',#4727,#4728);
#4727 = CARTESIAN_POINT('',(0.,0.));
#4728 = VECTOR('',#4729,1.);
#4729 = DIRECTION('',(0.,-1.));
#4730 = ( GEOMETRIC_REPRESENTATION_CONTEXT(2) 
PARAMETRIC_REPRESENTATION_CONTEXT() REPRESENTATION_CONTEXT('2D SPACE',''
  ) );
#4731 = ADVANCED_FACE('',(#4732),#3229,.F.);
#4732 = FACE_BOUND('',#4733,.F.);
#4733 = EDGE_LOOP('',(#4734,#4735,#4736,#4804));
#4734 = ORIENTED_EDGE('',*,*,#3183,.T.);
#4735 = ORIENTED_EDGE('',*,*,#4711,.T.);
#4736 = ORIENTED_EDGE('',*,*,#4737,.F.);
#4737 = EDGE_CURVE('',#4738,#4662,#4740,.T.);
#4738 = VERTEX_POINT('',#4739);
#4739 = CARTESIAN_POINT('',(10.853923645581,-26.45931107372,
    24.498606979021));
#4740 = SURFACE_CURVE('',#4741,(#4760,#4782),.PCURVE_S1.);
#4741 = B_SPLINE_CURVE_WITH_KNOTS('',5,(#4742,#4743,#4744,#4745,#4746,
    #4747,#4748,#4749,#4750,#4751,#4752,#4753,#4754,#4755,#4756,#4757,
    #4758,#4759),.UNSPECIFIED.,.F.,.F.,(6,4,4,4,6),(0.,0.240560389946,
    0.487053418997,0.679335456854,1.),.UNSPECIFIED.);
#4742 = CARTESIAN_POINT('',(10.853923645581,-26.45931107372,
    24.498606979021));
#4743 = CARTESIAN_POINT('',(10.826535365557,-26.47054607146,
    24.500018145165));
#4744 = CARTESIAN_POINT('',(10.798177254148,-26.48213750642,
    24.50048833052));
#4745 = CARTESIAN_POINT('',(10.769064939823,-26.49399113974,
    24.500141154118));
#4746 = CARTESIAN_POINT('',(10.739366370855,-26.50603456618,
    24.499077456816));
#4747 = CARTESIAN_POINT('',(10.678317152841,-26.53068891031,
    24.495643135528));
#4748 = CARTESIAN_POINT('',(10.646945950921,-26.54330563725,
    24.493241054603));
#4749 = CARTESIAN_POINT('',(10.615243945296,-26.55600053321,
    24.490265402719));
#4750 = CARTESIAN_POINT('',(10.583329995662,-26.56872435714,
    24.486789373594));
#4751 = CARTESIAN_POINT('',(10.526333668049,-26.59134864324,
    24.479824764767));
#4752 = CARTESIAN_POINT('',(10.501293133529,-26.60125434415,
    24.476507218665));
#4753 = CARTESIAN_POINT('',(10.476239798745,-26.61113088861,
    24.472954168378));
#4754 = CARTESIAN_POINT('',(10.451223539018,-26.62095874132,
    24.469193279197));
#4755 = CARTESIAN_POINT('',(10.384718392989,-26.64699642252,
    24.458673620502));
#4756 = CARTESIAN_POINT('',(10.343385779314,-26.66308513494,
    24.451590429123));
#4757 = CARTESIAN_POINT('',(10.302524480796,-26.67889825839,
    24.444119231163));
#4758 = CARTESIAN_POINT('',(10.262385608184,-26.69434386181,
    24.436370343867));
#4759 = CARTESIAN_POINT('',(10.223299071561,-26.70930469131,
    24.428470488454));
#4760 = PCURVE('',#3229,#4761);
#4761 = DEFINITIONAL_REPRESENTATION('',(#4762),#4781);
#4762 = B_SPLINE_CURVE_WITH_KNOTS('',5,(#4763,#4764,#4765,#4766,#4767,
    #4768,#4769,#4770,#4771,#4772,#4773,#4774,#4775,#4776,#4777,#4778,
    #4779,#4780),.UNSPECIFIED.,.F.,.F.,(6,4,4,4,6),(0.,0.240560389946,
    0.487053418997,0.679335456854,1.),.UNSPECIFIED.);
#4763 = CARTESIAN_POINT('',(1.,-4.94068892628));
#4764 = CARTESIAN_POINT('',(0.949482755533,-4.929453928538));
#4765 = CARTESIAN_POINT('',(0.899601466696,-4.917862493577));
#4766 = CARTESIAN_POINT('',(0.850282416776,-4.906008860256));
#4767 = CARTESIAN_POINT('',(0.801447232687,-4.893965433819));
#4768 = CARTESIAN_POINT('',(0.703364553817,-4.869311089689));
#4769 = CARTESIAN_POINT('',(0.654139986637,-4.856694362749));
#4770 = CARTESIAN_POINT('',(0.60523303217,-4.843999466784));
#4771 = CARTESIAN_POINT('',(0.556553354918,-4.831275642854));
#4772 = CARTESIAN_POINT('',(0.470132963481,-4.808651356751));
#4773 = CARTESIAN_POINT('',(0.432341658418,-4.798745655846));
#4774 = CARTESIAN_POINT('',(0.394586320825,-4.788869111386));
#4775 = CARTESIAN_POINT('',(0.356822198305,-4.77904125868));
#4776 = CARTESIAN_POINT('',(0.25593557079,-4.753003577472));
#4777 = CARTESIAN_POINT('',(0.192719764718,-4.736914865056));
#4778 = CARTESIAN_POINT('',(0.129137886083,-4.721101741609));
#4779 = CARTESIAN_POINT('',(6.498138641829E-02,-4.705656138187));
#4780 = CARTESIAN_POINT('',(0.,-4.690695308686));
#4781 = ( GEOMETRIC_REPRESENTATION_CONTEXT(2) 
PARAMETRIC_REPRESENTATION_CONTEXT() REPRESENTATION_CONTEXT('2D SPACE',''
  ) );
#4782 = PCURVE('',#3921,#4783);
#4783 = DEFINITIONAL_REPRESENTATION('',(#4784),#4803);
#4784 = B_SPLINE_CURVE_WITH_KNOTS('',5,(#4785,#4786,#4787,#4788,#4789,
    #4790,#4791,#4792,#4793,#4794,#4795,#4796,#4797,#4798,#4799,#4800,
    #4801,#4802),.UNSPECIFIED.,.F.,.F.,(6,4,4,4,6),(0.,0.240560389946,
    0.487053418997,0.679335456854,1.),.UNSPECIFIED.);
#4785 = CARTESIAN_POINT('',(5.101667583505,26.498606979021));
#4786 = CARTESIAN_POINT('',(5.100632474165,26.500018145165));
#4787 = CARTESIAN_POINT('',(5.09956126052,26.50048833052));
#4788 = CARTESIAN_POINT('',(5.098462166468,26.500141154118));
#4789 = CARTESIAN_POINT('',(5.097341582749,26.499077456816));
#4790 = CARTESIAN_POINT('',(5.095039420787,26.495643135528));
#4791 = CARTESIAN_POINT('',(5.093857100111,26.493241054603));
#4792 = CARTESIAN_POINT('',(5.092663027244,26.490265402719));
#4793 = CARTESIAN_POINT('',(5.091461696754,26.486789373594));
#4794 = CARTESIAN_POINT('',(5.089317481083,26.479824764767));
#4795 = CARTESIAN_POINT('',(5.088375888219,26.476507218665));
#4796 = CARTESIAN_POINT('',(5.087434253726,26.472954168378));
#4797 = CARTESIAN_POINT('',(5.086494448831,26.469193279197));
#4798 = CARTESIAN_POINT('',(5.083997139404,26.458673620502));
#4799 = CARTESIAN_POINT('',(5.082446267019,26.451590429123));
#4800 = CARTESIAN_POINT('',(5.080914245725,26.444119231163));
#4801 = CARTESIAN_POINT('',(5.079410416176,26.436370343867));
#4802 = CARTESIAN_POINT('',(5.077947010929,26.428470488454));
#4803 = ( GEOMETRIC_REPRESENTATION_CONTEXT(2) 
PARAMETRIC_REPRESENTATION_CONTEXT() REPRESENTATION_CONTEXT('2D SPACE',''
  ) );
#4804 = ORIENTED_EDGE('',*,*,#4805,.F.);
#4805 = EDGE_CURVE('',#3111,#4738,#4806,.T.);
#4806 = SURFACE_CURVE('',#4807,(#4811,#4818),.PCURVE_S1.);
#4807 = LINE('',#4808,#4809);
#4808 = CARTESIAN_POINT('',(10.853923645581,-31.4,24.498606979021));
#4809 = VECTOR('',#4810,1.);
#4810 = DIRECTION('',(-0.,1.,-0.));
#4811 = PCURVE('',#3229,#4812);
#4812 = DEFINITIONAL_REPRESENTATION('',(#4813),#4817);
#4813 = LINE('',#4814,#4815);
#4814 = CARTESIAN_POINT('',(1.,0.));
#4815 = VECTOR('',#4816,1.);
#4816 = DIRECTION('',(0.,-1.));
#4817 = ( GEOMETRIC_REPRESENTATION_CONTEXT(2) 
PARAMETRIC_REPRESENTATION_CONTEXT() REPRESENTATION_CONTEXT('2D SPACE',''
  ) );
#4818 = PCURVE('',#3154,#4819);
#4819 = DEFINITIONAL_REPRESENTATION('',(#4820),#4824);
#4820 = LINE('',#4821,#4822);
#4821 = CARTESIAN_POINT('',(0.,0.));
#4822 = VECTOR('',#4823,1.);
#4823 = DIRECTION('',(0.,-1.));
#4824 = ( GEOMETRIC_REPRESENTATION_CONTEXT(2) 
PARAMETRIC_REPRESENTATION_CONTEXT() REPRESENTATION_CONTEXT('2D SPACE',''
  ) );
#4825 = ADVANCED_FACE('',(#4826),#3154,.F.);
#4826 = FACE_BOUND('',#4827,.F.);
#4827 = EDGE_LOOP('',(#4828,#4829,#4830,#4895));
#4828 = ORIENTED_EDGE('',*,*,#3110,.T.);
#4829 = ORIENTED_EDGE('',*,*,#4805,.T.);
#4830 = ORIENTED_EDGE('',*,*,#4831,.F.);
#4831 = EDGE_CURVE('',#4832,#4738,#4834,.T.);
#4832 = VERTEX_POINT('',#4833);
#4833 = CARTESIAN_POINT('',(10.987574006586,-26.40409094155,
    24.472766012567));
#4834 = SURFACE_CURVE('',#4835,(#4853,#4874),.PCURVE_S1.);
#4835 = B_SPLINE_CURVE_WITH_KNOTS('',6,(#4836,#4837,#4838,#4839,#4840,
    #4841,#4842,#4843,#4844,#4845,#4846,#4847,#4848,#4849,#4850,#4851,
    #4852),.UNSPECIFIED.,.F.,.F.,(7,5,5,7),(0.,0.527877795249,
    0.773985548158,1.),.UNSPECIFIED.);
#4836 = CARTESIAN_POINT('',(10.987574006586,-26.40409094155,
    24.472766012567));
#4837 = CARTESIAN_POINT('',(10.984035048385,-26.40556361354,
    24.476304970769));
#4838 = CARTESIAN_POINT('',(10.977401290394,-26.40832346204,
    24.479643737878));
#4839 = CARTESIAN_POINT('',(10.96822725471,-26.41213754022,
    24.482750442955));
#4840 = CARTESIAN_POINT('',(10.957081209211,-26.41676469466,
    24.485598747657));
#4841 = CARTESIAN_POINT('',(10.9444885853,-26.42198299534,
    24.488166511434));
#4842 = CARTESIAN_POINT('',(10.924631137675,-26.43019640856,
    24.491487474271));
#4843 = CARTESIAN_POINT('',(10.918110919915,-26.43289117527,
    24.492477550213));
#4844 = CARTESIAN_POINT('',(10.911435107848,-26.43564791521,
    24.493399442388));
#4845 = CARTESIAN_POINT('',(10.904653621962,-26.43844582781,
    24.494250783865));
#4846 = CARTESIAN_POINT('',(10.897815843944,-26.44126444851,
    24.495029118621));
#4847 = CARTESIAN_POINT('',(10.884684263372,-26.44667267744,
    24.496377306232));
#4848 = CARTESIAN_POINT('',(10.878391805141,-26.44926212217,
    24.496958979334));
#4849 = CARTESIAN_POINT('',(10.87213110404,-26.45183638467,
    24.497474936353));
#4850 = CARTESIAN_POINT('',(10.865940387559,-26.45437979849,
    24.49792308033));
#4851 = CARTESIAN_POINT('',(10.859858248619,-26.45687662907,
    24.498301201846));
#4852 = CARTESIAN_POINT('',(10.853923645581,-26.45931107372,
    24.498606979021));
#4853 = PCURVE('',#3154,#4854);
#4854 = DEFINITIONAL_REPRESENTATION('',(#4855),#4873);
#4855 = B_SPLINE_CURVE_WITH_KNOTS('',6,(#4856,#4857,#4858,#4859,#4860,
    #4861,#4862,#4863,#4864,#4865,#4866,#4867,#4868,#4869,#4870,#4871,
    #4872),.UNSPECIFIED.,.F.,.F.,(7,5,5,7),(0.,0.527877795249,
    0.773985548158,1.),.UNSPECIFIED.);
#4856 = CARTESIAN_POINT('',(1.,-4.995909058447));
#4857 = CARTESIAN_POINT('',(0.911058617787,-4.994436386457));
#4858 = CARTESIAN_POINT('',(0.822282371857,-4.991676537955));
#4859 = CARTESIAN_POINT('',(0.733789929877,-4.987862459771));
#4860 = CARTESIAN_POINT('',(0.64561734085,-4.983235305336));
#4861 = CARTESIAN_POINT('',(0.557726186376,-4.978017004652));
#4862 = CARTESIAN_POINT('',(0.42910159644,-4.969803591438));
#4863 = CARTESIAN_POINT('',(0.388241579693,-4.967108824726));
#4864 = CARTESIAN_POINT('',(0.347411737875,-4.964352084783));
#4865 = CARTESIAN_POINT('',(0.306602207731,-4.961554172188));
#4866 = CARTESIAN_POINT('',(0.265802424907,-4.958735551481));
#4867 = CARTESIAN_POINT('',(0.187531017627,-4.953327322553));
#4868 = CARTESIAN_POINT('',(0.150059966647,-4.950737877827));
#4869 = CARTESIAN_POINT('',(0.112579297477,-4.948163615325));
#4870 = CARTESIAN_POINT('',(7.508081354967E-02,-4.945620201503));
#4871 = CARTESIAN_POINT('',(3.755679526657E-02,-4.943123370928));
#4872 = CARTESIAN_POINT('',(0.,-4.94068892628));
#4873 = ( GEOMETRIC_REPRESENTATION_CONTEXT(2) 
PARAMETRIC_REPRESENTATION_CONTEXT() REPRESENTATION_CONTEXT('2D SPACE',''
  ) );
#4874 = PCURVE('',#3921,#4875);
#4875 = DEFINITIONAL_REPRESENTATION('',(#4876),#4894);
#4876 = B_SPLINE_CURVE_WITH_KNOTS('',6,(#4877,#4878,#4879,#4880,#4881,
    #4882,#4883,#4884,#4885,#4886,#4887,#4888,#4889,#4890,#4891,#4892,
    #4893),.UNSPECIFIED.,.F.,.F.,(7,5,5,7),(0.,0.527877795249,
    0.773985548158,1.),.UNSPECIFIED.);
#4877 = CARTESIAN_POINT('',(5.106724014652,26.472766012567));
#4878 = CARTESIAN_POINT('',(5.106589983975,26.476304970769));
#4879 = CARTESIAN_POINT('',(5.106338753158,26.479643737878));
#4880 = CARTESIAN_POINT('',(5.105991353021,26.482750442955));
#4881 = CARTESIAN_POINT('',(5.105569368366,26.485598747657));
#4882 = CARTESIAN_POINT('',(5.105092742543,26.488166511434));
#4883 = CARTESIAN_POINT('',(5.104341351608,26.491487474271));
#4884 = CARTESIAN_POINT('',(5.10409465976,26.492477550213));
#4885 = CARTESIAN_POINT('',(5.103842112167,26.493399442388));
#4886 = CARTESIAN_POINT('',(5.103585599791,26.494250783865));
#4887 = CARTESIAN_POINT('',(5.103326991692,26.495029118621));
#4888 = CARTESIAN_POINT('',(5.102830412543,26.496377306232));
#4889 = CARTESIAN_POINT('',(5.102592487135,26.496958979334));
#4890 = CARTESIAN_POINT('',(5.102355790621,26.497474936353));
#4891 = CARTESIAN_POINT('',(5.102121767545,26.49792308033));
#4892 = CARTESIAN_POINT('',(5.101891875174,26.498301201846));
#4893 = CARTESIAN_POINT('',(5.101667583505,26.498606979021));
#4894 = ( GEOMETRIC_REPRESENTATION_CONTEXT(2) 
PARAMETRIC_REPRESENTATION_CONTEXT() REPRESENTATION_CONTEXT('2D SPACE',''
  ) );
#4895 = ORIENTED_EDGE('',*,*,#4896,.F.);
#4896 = EDGE_CURVE('',#3035,#4832,#4897,.T.);
#4897 = SURFACE_CURVE('',#4898,(#4902,#4909),.PCURVE_S1.);
#4898 = LINE('',#4899,#4900);
#4899 = CARTESIAN_POINT('',(10.987574006586,-31.4,24.472766012567));
#4900 = VECTOR('',#4901,1.);
#4901 = DIRECTION('',(-0.,1.,-0.));
#4902 = PCURVE('',#3154,#4903);
#4903 = DEFINITIONAL_REPRESENTATION('',(#4904),#4908);
#4904 = LINE('',#4905,#4906);
#4905 = CARTESIAN_POINT('',(1.,0.));
#4906 = VECTOR('',#4907,1.);
#4907 = DIRECTION('',(0.,-1.));
#4908 = ( GEOMETRIC_REPRESENTATION_CONTEXT(2) 
PARAMETRIC_REPRESENTATION_CONTEXT() REPRESENTATION_CONTEXT('2D SPACE',''
  ) );
#4909 = PCURVE('',#3080,#4910);
#4910 = DEFINITIONAL_REPRESENTATION('',(#4911),#4915);
#4911 = LINE('',#4912,#4913);
#4912 = CARTESIAN_POINT('',(0.,0.));
#4913 = VECTOR('',#4914,1.);
#4914 = DIRECTION('',(0.,-1.));
#4915 = ( GEOMETRIC_REPRESENTATION_CONTEXT(2) 
PARAMETRIC_REPRESENTATION_CONTEXT() REPRESENTATION_CONTEXT('2D SPACE',''
  ) );
#4916 = ADVANCED_FACE('',(#4917),#3080,.F.);
#4917 = FACE_BOUND('',#4918,.F.);
#4918 = EDGE_LOOP('',(#4919,#4920,#4921,#4987));
#4919 = ORIENTED_EDGE('',*,*,#3034,.T.);
#4920 = ORIENTED_EDGE('',*,*,#4896,.T.);
#4921 = ORIENTED_EDGE('',*,*,#4922,.F.);
#4922 = EDGE_CURVE('',#3855,#4832,#4923,.T.);
#4923 = SURFACE_CURVE('',#4924,(#4943,#4965),.PCURVE_S1.);
#4924 = B_SPLINE_CURVE_WITH_KNOTS('',5,(#4925,#4926,#4927,#4928,#4929,
    #4930,#4931,#4932,#4933,#4934,#4935,#4936,#4937,#4938,#4939,#4940,
    #4941,#4942),.UNSPECIFIED.,.F.,.F.,(6,4,4,4,6),(0.,0.218546877569,
    0.442155413264,0.878809900534,1.),.UNSPECIFIED.);
#4925 = CARTESIAN_POINT('',(11.013414973039,-26.39332286074,
    24.339115651563));
#4926 = CARTESIAN_POINT('',(11.013060889326,-26.39347061292,
    24.345987800472));
#4927 = CARTESIAN_POINT('',(11.012605917803,-26.39366045669,
    24.353062876886));
#4928 = CARTESIAN_POINT('',(11.012054356712,-26.39389059026,
    24.360271654501));
#4929 = CARTESIAN_POINT('',(11.011410072186,-26.39415938903,
    24.367546264476));
#4930 = CARTESIAN_POINT('',(11.009925934351,-26.3947785098,
    24.38226259439));
#4931 = CARTESIAN_POINT('',(11.009081919161,-26.39513056667,
    24.389703962721));
#4932 = CARTESIAN_POINT('',(11.008148105809,-26.39552003652,
    24.397073088329));
#4933 = CARTESIAN_POINT('',(11.007127859539,-26.39594549762,
    24.404297317443));
#4934 = CARTESIAN_POINT('',(11.003869184814,-26.39730420734,
    24.424982122973));
#4935 = CARTESIAN_POINT('',(11.001396662547,-26.3983348712,
    24.43782338821));
#4936 = CARTESIAN_POINT('',(10.998629174678,-26.39948811201,
    24.449280369138));
#4937 = CARTESIAN_POINT('',(10.99558886854,-26.4007545171,
    24.458735928974));
#4938 = CARTESIAN_POINT('',(10.99139599103,-26.40250018732,
    24.467415374306));
#4939 = CARTESIAN_POINT('',(10.99046652248,-26.40288711786,
    24.469095909751));
#4940 = CARTESIAN_POINT('',(10.989519167578,-26.40328144536,
    24.47055725681));
#4941 = CARTESIAN_POINT('',(10.98855470627,-26.40368284152,
    24.471785312883));
#4942 = CARTESIAN_POINT('',(10.987574006586,-26.40409094155,
    24.472766012567));
#4943 = PCURVE('',#3080,#4944);
#4944 = DEFINITIONAL_REPRESENTATION('',(#4945),#4964);
#4945 = B_SPLINE_CURVE_WITH_KNOTS('',5,(#4946,#4947,#4948,#4949,#4950,
    #4951,#4952,#4953,#4954,#4955,#4956,#4957,#4958,#4959,#4960,#4961,
    #4962,#4963),.UNSPECIFIED.,.F.,.F.,(6,4,4,4,6),(0.,0.218546877569,
    0.442155413264,0.878809900534,1.),.UNSPECIFIED.);
#4946 = CARTESIAN_POINT('',(1.,-5.006677139253));
#4947 = CARTESIAN_POINT('',(0.956509999413,-5.006529387077));
#4948 = CARTESIAN_POINT('',(0.913085544504,-5.006339543302));
#4949 = CARTESIAN_POINT('',(0.869706895558,-5.006109409736));
#4950 = CARTESIAN_POINT('',(0.826352703438,-5.005840610962));
#4951 = CARTESIAN_POINT('',(0.738643245042,-5.005221490198));
#4952 = CARTESIAN_POINT('',(0.694288621718,-5.004869433328));
#4953 = CARTESIAN_POINT('',(0.649911508607,-5.004479963471));
#4954 = CARTESIAN_POINT('',(0.605489021679,-5.004054502378));
#4955 = CARTESIAN_POINT('',(0.474123552648,-5.002695792652));
#4956 = CARTESIAN_POINT('',(0.387007263217,-5.001665128798));
#4957 = CARTESIAN_POINT('',(0.299464660319,-5.000511887988));
#4958 = CARTESIAN_POINT('',(0.211437683721,-4.999245482892));
#4959 = CARTESIAN_POINT('',(9.84548726918E-02,-4.997499812671));
#4960 = CARTESIAN_POINT('',(7.387912874686E-02,-4.997112882135));
#4961 = CARTESIAN_POINT('',(4.927520976847E-02,-4.996718554635));
#4962 = CARTESIAN_POINT('',(2.464702336733E-02,-4.996317158479));
#4963 = CARTESIAN_POINT('',(0.,-4.995909058447));
#4964 = ( GEOMETRIC_REPRESENTATION_CONTEXT(2) 
PARAMETRIC_REPRESENTATION_CONTEXT() REPRESENTATION_CONTEXT('2D SPACE',''
  ) );
#4965 = PCURVE('',#3921,#4966);
#4966 = DEFINITIONAL_REPRESENTATION('',(#4967),#4986);
#4967 = B_SPLINE_CURVE_WITH_KNOTS('',5,(#4968,#4969,#4970,#4971,#4972,
    #4973,#4974,#4975,#4976,#4977,#4978,#4979,#4980,#4981,#4982,#4983,
    #4984,#4985),.UNSPECIFIED.,.F.,.F.,(6,4,4,4,6),(0.,0.218546877569,
    0.442155413264,0.878809900534,1.),.UNSPECIFIED.);
#4968 = CARTESIAN_POINT('',(5.107702887007,26.339115651563));
#4969 = CARTESIAN_POINT('',(5.107689471352,26.345987800472));
#4970 = CARTESIAN_POINT('',(5.107672233315,26.353062876886));
#4971 = CARTESIAN_POINT('',(5.107651335861,26.360271654501));
#4972 = CARTESIAN_POINT('',(5.107626925623,26.367546264476));
#4973 = CARTESIAN_POINT('',(5.107570696493,26.38226259439));
#4974 = CARTESIAN_POINT('',(5.107538719938,26.389703962721));
#4975 = CARTESIAN_POINT('',(5.107503341857,26.397073088329));
#4976 = CARTESIAN_POINT('',(5.107464689991,26.404297317443));
#4977 = CARTESIAN_POINT('',(5.107341238535,26.424982122973));
#4978 = CARTESIAN_POINT('',(5.107247573111,26.43782338821));
#4979 = CARTESIAN_POINT('',(5.107142738736,26.449280369138));
#4980 = CARTESIAN_POINT('',(5.107027576832,26.458735928974));
#4981 = CARTESIAN_POINT('',(5.106868768472,26.467415374306));
#4982 = CARTESIAN_POINT('',(5.106833564778,26.469095909751));
#4983 = CARTESIAN_POINT('',(5.106797684295,26.47055725681));
#4984 = CARTESIAN_POINT('',(5.106761156612,26.471785312883));
#4985 = CARTESIAN_POINT('',(5.106724014652,26.472766012567));
#4986 = ( GEOMETRIC_REPRESENTATION_CONTEXT(2) 
PARAMETRIC_REPRESENTATION_CONTEXT() REPRESENTATION_CONTEXT('2D SPACE',''
  ) );
#4987 = ORIENTED_EDGE('',*,*,#3854,.F.);
#4988 = ADVANCED_FACE('',(#4989),#3921,.F.);
#4989 = FACE_BOUND('',#4990,.F.);
#4990 = EDGE_LOOP('',(#4991,#4992,#4993,#4994,#4995,#4996,#4997,#4998,
    #4999,#5000,#5001,#5002,#5003));
#4991 = ORIENTED_EDGE('',*,*,#3877,.T.);
#4992 = ORIENTED_EDGE('',*,*,#4922,.T.);
#4993 = ORIENTED_EDGE('',*,*,#4831,.T.);
#4994 = ORIENTED_EDGE('',*,*,#4737,.T.);
#4995 = ORIENTED_EDGE('',*,*,#4661,.T.);
#4996 = ORIENTED_EDGE('',*,*,#4567,.T.);
#4997 = ORIENTED_EDGE('',*,*,#4467,.T.);
#4998 = ORIENTED_EDGE('',*,*,#4414,.F.);
#4999 = ORIENTED_EDGE('',*,*,#4284,.F.);
#5000 = ORIENTED_EDGE('',*,*,#4231,.F.);
#5001 = ORIENTED_EDGE('',*,*,#4131,.T.);
#5002 = ORIENTED_EDGE('',*,*,#4055,.T.);
#5003 = ORIENTED_EDGE('',*,*,#3973,.T.);
#5004 = ( GEOMETRIC_REPRESENTATION_CONTEXT(3) 
GLOBAL_UNCERTAINTY_ASSIGNED_CONTEXT((#5008)) 
GLOBAL_UNIT_ASSIGNED_CONTEXT((#5005,#5006,#5007)) REPRESENTATION_CONTEXT
('Context #1','3D Context with UNIT and UNCERTAINTY') );
#5005 = ( LENGTH_UNIT() NAMED_UNIT(*) SI_UNIT(.MILLI.,.METRE.) );
#5006 = ( NAMED_UNIT(*) PLANE_ANGLE_UNIT() SI_UNIT($,.RADIAN.) );
#5007 = ( NAMED_UNIT(*) SI_UNIT($,.STERADIAN.) SOLID_ANGLE_UNIT() );
#5008 = UNCERTAINTY_MEASURE_WITH_UNIT(LENGTH_MEASURE(2.E-06),#5005,
  'distance_accuracy_value','confusion accuracy');
#5009 = PRODUCT_RELATED_PRODUCT_CATEGORY('part',$,(#1857));
#5010 = MECHANICAL_DESIGN_GEOMETRIC_PRESENTATION_REPRESENTATION('',(
    #5011),#693);
#5011 = STYLED_ITEM('color',(#5012),#15);
#5012 = PRESENTATION_STYLE_ASSIGNMENT((#5013));
#5013 = SURFACE_STYLE_USAGE(.BOTH.,#5014);
#5014 = SURFACE_SIDE_STYLE('',(#5015));
#5015 = SURFACE_STYLE_FILL_AREA(#5016);
#5016 = FILL_AREA_STYLE('',(#5017));
#5017 = FILL_AREA_STYLE_COLOUR('',#5018);
#5018 = COLOUR_RGB('',4.313725586683E-02,5.882352716007E-02,
  0.109803919806);
#5019 = MECHANICAL_DESIGN_GEOMETRIC_PRESENTATION_REPRESENTATION('',(
    #5020,#5028),#1847);
#5020 = STYLED_ITEM('color',(#5021),#707);
#5021 = PRESENTATION_STYLE_ASSIGNMENT((#5022));
#5022 = SURFACE_STYLE_USAGE(.BOTH.,#5023);
#5023 = SURFACE_SIDE_STYLE('',(#5024));
#5024 = SURFACE_STYLE_FILL_AREA(#5025);
#5025 = FILL_AREA_STYLE('',(#5026));
#5026 = FILL_AREA_STYLE_COLOUR('',#5027);
#5027 = COLOUR_RGB('',0.854901964685,0.486274506065,0.188235296286);
#5028 = STYLED_ITEM('color',(#5029),#1353);
#5029 = PRESENTATION_STYLE_ASSIGNMENT((#5030));
#5030 = SURFACE_STYLE_USAGE(.BOTH.,#5031);
#5031 = SURFACE_SIDE_STYLE('',(#5032));
#5032 = SURFACE_STYLE_FILL_AREA(#5033);
#5033 = FILL_AREA_STYLE('',(#5034));
#5034 = FILL_AREA_STYLE_COLOUR('',#5027);
#5035 = MECHANICAL_DESIGN_GEOMETRIC_PRESENTATION_REPRESENTATION('',(
    #5036,#5044),#5004);
#5036 = STYLED_ITEM('color',(#5037),#1861);
#5037 = PRESENTATION_STYLE_ASSIGNMENT((#5038));
#5038 = SURFACE_STYLE_USAGE(.BOTH.,#5039);
#5039 = SURFACE_SIDE_STYLE('',(#5040));
#5040 = SURFACE_STYLE_FILL_AREA(#5041);
#5041 = FILL_AREA_STYLE('',(#5042));
#5042 = FILL_AREA_STYLE_COLOUR('',#5043);
#5043 = COLOUR_RGB('',0.462745104622,0.552941175644,0.960784305148);
#5044 = STYLED_ITEM('color',(#5045),#2933);
#5045 = PRESENTATION_STYLE_ASSIGNMENT((#5046));
#5046 = SURFACE_STYLE_USAGE(.BOTH.,#5047);
#5047 = SURFACE_SIDE_STYLE('',(#5048));
#5048 = SURFACE_STYLE_FILL_AREA(#5049);
#5049 = FILL_AREA_STYLE('',(#5050));
#5050 = FILL_AREA_STYLE_COLOUR('',#5043);
ENDSEC;
END-ISO-10303-21;
